household_id,individual_id,RELATE,SEX,AGE,MARST,RACE,CITIZEN,SPEAKENG,SCHOOL,EDUC,GRADEATT,SCHLTYPE,EMPSTAT,CLASSWKR,INCTOT,DISABWRK
0,267349,0,0,38,5,0,0,2,1,6,0,1,1,2,9,1
0,267350,3,1,75,4,0,0,2,1,6,0,1,3,0,5,1
1,229360,0,0,24,0,0,0,2,1,7,0,1,1,2,9,1
1,229361,1,1,27,0,0,0,2,2,7,6,2,1,2,9,1
1,229362,2,1,6,5,0,0,2,2,1,3,2,0,0,0,0
1,229363,2,0,5,5,0,0,2,2,1,2,2,0,0,0,0
2,267349,0,0,38,5,0,0,2,1,6,0,1,1,1,9,1
2,267350,3,1,75,4,0,0,2,1,6,0,1,3,0,2,1
3,265349,0,0,38,5,0,0,2,1,6,0,1,1,1,9,1
3,265350,3,1,76,4,0,0,2,1,6,0,1,3,0,4,1
4,205349,0,0,38,0,0,0,2,1,6,0,1,1,1,17,1
4,205350,1,1,36,0,0,0,2,1,6,0,1,1,2,0,1
5,265743,0,0,38,5,0,0,2,1,9,0,1,1,1,11,1
6,229344,0,0,38,5,0,0,2,1,9,0,1,1,1,17,1
7,265743,0,1,55,4,0,0,2,1,7,0,1,1,1,9,1
8,207349,0,0,38,5,0,0,2,1,6,0,1,1,2,9,1
8,207350,3,1,75,4,0,0,2,1,6,0,1,3,0,5,1
9,229344,0,0,38,5,0,0,2,1,9,0,1,1,1,9,1
9,229345,7,0,36,5,0,0,2,1,6,0,1,1,2,8,1
10,229340,0,0,38,0,0,0,2,1,6,0,1,1,1,99,1
10,229341,1,1,36,0,0,0,2,1,6,0,1,1,2,15,1
10,229342,2,0,4,5,0,0,0,1,0,0,1,0,0,0,0
10,229343,2,1,4,5,0,0,0,1,0,0,1,0,0,0,0
11,267349,0,0,38,0,0,0,2,1,6,0,1,1,1,99,1
11,267350,1,1,35,0,0,0,2,1,6,0,1,3,2,0,1
11,267351,2,0,4,5,0,0,0,1,0,0,1,0,0,0,0
11,267352,3,1,75,4,0,0,2,1,0,0,1,3,0,3,1
12,229354,0,1,81,0,0,0,2,1,6,0,1,3,0,5,1
12,229355,1,0,76,0,0,0,2,1,6,0,1,3,0,5,1
13,265743,0,0,38,5,0,0,2,1,9,0,1,1,1,9,1
14,229344,0,0,38,5,0,0,2,1,6,0,1,1,1,17,1
15,207349,0,0,38,0,0,0,2,1,6,0,1,1,2,7,1
15,207350,1,1,36,0,0,0,2,1,6,0,1,1,2,0,1
16,267349,0,0,38,5,0,0,2,1,6,0,1,1,1,99,1
16,267350,3,1,75,4,0,0,2,1,6,0,1,3,0,4,1
17,267349,0,0,38,0,0,0,2,1,6,0,1,1,1,99,1
17,267350,1,1,35,0,0,0,2,1,6,0,1,3,2,0,1
17,267351,2,0,4,5,0,0,0,1,0,0,1,0,0,0,0
17,267352,3,1,77,4,0,0,2,1,0,0,1,3,2,9,1
18,267349,0,0,38,0,0,0,2,1,6,0,1,1,1,9,1
18,267350,1,1,35,0,0,0,2,1,6,0,1,3,2,0,1
18,267351,2,0,4,5,0,0,0,1,0,0,1,0,0,0,0
18,267352,3,1,75,4,0,0,2,1,0,0,1,3,0,5,1
19,267349,0,0,38,0,0,0,2,1,6,0,1,1,1,9,1
19,267350,1,1,35,0,0,0,2,1,6,0,1,3,2,0,1
19,267351,2,0,4,5,0,0,0,1,0,0,1,0,0,0,0
19,267352,3,1,75,4,0,0,2,1,0,0,1,3,0,5,2
20,267349,0,0,38,5,0,0,2,1,6,0,1,1,1,9,1
20,267350,3,1,75,4,0,0,2,1,6,0,1,3,0,5,1
21,265749,0,0,38,5,0,0,2,1,6,0,1,1,1,5,1
21,265750,3,1,41,0,0,0,2,1,6,0,1,1,2,5,1
21,265751,2,0,31,5,0,0,2,1,6,0,1,2,2,5,1
22,207349,0,0,38,0,0,0,2,1,6,0,1,1,2,99,1
22,207350,1,1,35,0,0,0,2,1,6,0,1,3,0,0,1
22,207351,2,0,4,5,0,0,0,1,0,0,1,0,0,0,0
22,207352,2,0,5,5,0,0,2,2,1,2,2,0,0,0,0
23,67327,0,0,62,0,0,0,2,1,7,0,1,1,2,9,1
23,67328,1,1,62,0,0,0,2,1,7,0,1,3,2,0,1
24,267349,0,0,38,5,0,0,2,1,6,0,1,1,2,9,1
24,267350,3,1,75,4,0,0,2,1,6,0,1,3,0,0,1
25,229354,0,0,31,5,0,0,2,1,6,0,1,1,1,7,1
25,229355,3,1,76,4,0,0,2,1,6,0,1,3,2,15,1
26,229340,0,0,38,5,0,0,2,1,9,0,1,1,1,9,1
27,229344,0,0,38,5,0,0,2,1,6,0,1,1,1,9,1
28,207349,0,0,38,5,0,0,2,1,6,0,1,1,2,9,1
28,207350,7,0,35,5,0,0,2,2,7,6,2,1,2,6,1
29,201349,0,0,27,5,0,0,2,1,6,0,1,1,2,5,1
29,201350,7,0,35,5,0,0,2,2,7,6,2,1,2,3,1
30,229360,0,0,24,0,0,0,2,1,7,0,1,1,2,9,1
30,229361,1,1,22,0,0,0,2,2,7,6,2,1,2,3,1
31,27049,0,0,37,5,0,0,2,1,6,0,1,1,2,17,1
31,27050,2,0,11,5,0,0,2,2,2,4,2,0,0,0,0
32,229354,0,0,37,0,0,0,2,1,6,0,1,1,1,5,1
32,229355,1,1,35,0,0,0,2,2,7,6,2,1,2,0,1
32,229356,2,0,11,5,0,0,2,2,2,4,2,0,0,0,0
33,267349,0,0,38,5,0,0,2,1,6,0,1,1,1,99,1
33,267350,3,1,75,4,0,0,2,1,6,0,1,3,0,5,1
34,207423,0,0,44,0,0,0,2,1,7,0,1,1,2,99,1
34,207424,1,1,37,0,0,0,2,1,7,0,1,1,2,5,1
34,207425,2,0,4,5,0,0,0,1,0,0,1,0,0,0,0
34,207426,2,0,7,5,0,0,2,2,1,3,2,0,0,0,0
35,267349,0,0,38,5,0,0,2,1,6,0,1,1,1,9,1
35,267350,1,1,35,0,7,0,2,1,6,0,1,1,2,3,1
35,267351,2,0,4,5,7,0,0,1,0,0,1,0,0,0,0
35,267352,3,1,75,4,0,0,2,1,0,0,1,3,0,9,2
36,256344,0,0,37,5,0,0,2,1,4,0,1,1,1,9,2
37,267349,0,0,38,0,0,0,2,1,6,0,1,1,1,99,1
37,267350,1,1,35,0,0,0,2,1,6,0,1,3,2,0,1
37,267351,2,0,4,5,0,0,0,1,0,0,1,0,0,0,0
37,267352,2,0,5,5,0,0,2,2,1,2,2,0,0,0,0
38,207349,0,0,38,5,0,0,2,1,6,0,1,1,2,99,1
38,207350,3,1,75,4,0,0,2,1,6,0,1,3,0,4,1
39,267349,0,0,38,5,0,0,2,1,6,0,1,1,1,9,1
39,267350,3,1,75,4,0,0,2,1,6,0,1,3,0,5,1
40,229354,0,1,81,0,0,0,2,1,6,0,1,3,0,5,1
40,229355,1,0,76,0,0,0,2,1,6,0,1,3,0,19,1
41,229354,0,1,81,0,0,0,2,1,6,0,1,3,0,5,1
41,229355,1,0,76,0,0,0,2,1,6,0,1,3,0,19,1
42,229340,0,0,38,0,0,0,2,1,2,0,1,1,1,99,1
42,229341,1,1,36,0,0,0,2,1,6,0,1,1,1,0,1
42,229342,2,0,4,5,0,0,0,1,0,0,1,0,0,0,0
42,229343,2,1,5,5,0,0,2,2,1,2,2,0,0,0,0
43,229354,0,1,81,0,0,0,2,1,6,0,1,3,0,5,1
43,229355,1,0,76,0,0,0,2,1,6,0,1,3,0,0,1
44,229334,0,0,37,5,0,0,2,1,9,0,1,1,1,9,1
44,229335,3,1,70,3,0,0,2,1,6,0,1,3,2,8,1
45,229354,0,1,85,0,0,0,2,1,6,0,1,3,0,5,1
45,229355,1,0,76,0,0,0,2,1,6,0,1,3,0,19,1
46,207349,0,0,38,5,0,0,2,1,6,0,1,1,2,5,1
46,207350,3,1,76,3,0,0,2,1,6,0,1,3,0,0,1
47,64157,0,0,50,0,0,0,2,1,9,0,1,1,1,9,1
47,64158,1,1,39,0,0,0,2,1,7,0,1,3,2,3,1
47,64159,2,0,13,5,0,0,2,2,2,4,2,0,0,0,0
47,64160,2,0,12,5,0,0,2,2,2,4,2,0,0,0,0
48,207422,0,0,54,4,0,0,2,1,7,0,1,1,2,7,1
48,207423,3,1,85,0,0,0,2,1,7,0,1,3,0,5,1
49,265349,0,0,38,0,0,0,2,1,6,0,1,1,1,9,1
49,265350,1,1,35,0,0,0,2,1,6,0,1,3,2,0,1
49,265351,2,0,4,5,0,0,0,1,0,0,1,0,0,0,0
49,265352,3,1,85,4,0,0,2,1,0,0,1,3,0,3,1
50,267349,0,0,38,0,0,0,2,1,6,0,1,1,1,99,1
50,267350,1,1,35,0,0,0,2,1,6,0,1,3,2,0,1
50,267351,2,0,4,5,0,0,0,1,0,0,1,0,0,0,0
50,267352,3,1,85,4,0,0,2,1,0,0,1,3,0,5,2
51,229354,0,1,81,0,0,0,2,1,6,0,1,3,0,5,1
51,229355,1,0,76,0,0,0,2,1,6,0,1,3,0,19,1
52,229340,0,0,24,5,0,0,2,1,7,0,1,1,2,9,1
53,207349,0,0,38,5,0,0,2,1,6,0,1,1,2,9,1
53,207350,3,1,75,3,0,0,2,1,6,0,1,3,0,5,1
54,207349,0,0,38,0,0,0,2,1,6,0,1,1,2,5,1
54,207350,1,1,35,0,0,0,2,1,6,0,1,1,2,15,1
55,229354,0,1,81,0,0,0,2,1,6,0,1,3,0,5,1
55,229355,1,0,76,0,0,0,2,1,6,0,1,3,0,5,1
56,229360,0,0,31,5,0,0,2,1,9,0,1,1,1,7,1
57,207349,0,0,38,0,0,0,2,1,6,0,1,1,2,7,1
57,207350,1,1,35,0,0,0,2,1,6,0,1,1,2,2,1
58,229344,0,0,38,5,0,0,2,1,9,0,1,1,1,9,1
59,287344,0,0,38,0,7,0,2,1,6,0,1,1,1,99,2
59,287345,1,1,35,0,7,0,2,1,6,0,1,3,2,0,1
59,287346,2,0,4,5,7,0,0,1,0,0,1,0,0,0,0
59,287347,2,1,7,5,7,0,2,2,1,3,2,0,0,0,0
60,229344,0,0,38,5,0,0,2,1,6,0,1,1,1,9,1
61,28180,0,0,41,5,0,0,2,1,7,0,1,1,1,9,1
61,28181,7,1,35,5,0,0,2,1,6,0,1,1,1,7,1
61,28182,7,1,42,5,0,0,2,1,6,0,1,3,2,0,1
62,229360,0,0,31,5,0,0,2,1,6,0,1,1,1,7,1
63,229354,0,0,31,5,0,0,2,1,6,0,1,1,1,7,1
63,229355,3,1,76,3,0,0,2,1,6,0,1,3,2,10,1
64,229360,0,0,31,5,0,0,2,1,6,0,1,1,1,7,1
65,269344,0,0,38,5,0,0,2,1,9,0,1,1,1,9,1
65,269345,7,0,35,5,0,0,2,1,7,0,1,1,2,8,1
66,229354,0,1,85,0,0,0,2,1,6,0,1,3,0,5,1
66,229355,1,0,76,0,0,0,2,1,6,0,1,3,0,8,1
67,267349,0,0,38,0,0,0,2,1,6,0,1,1,1,9,1
67,267350,1,1,35,0,0,0,2,1,6,0,1,3,2,0,1
67,267351,2,0,4,5,0,0,0,1,0,0,1,0,0,0,0
67,267352,2,0,5,5,0,0,2,2,1,2,2,0,0,0,0
68,229344,0,0,38,5,0,0,2,1,9,0,1,1,1,17,1
69,207349,0,0,38,5,0,0,2,1,6,0,1,1,2,5,1
69,207350,3,1,72,0,0,0,2,1,6,0,1,3,0,0,1
70,235949,0,0,38,0,0,0,2,1,6,0,1,1,1,19,1
70,235950,1,1,39,0,7,0,2,1,7,0,1,1,2,9,1
70,235951,2,0,4,5,7,0,0,1,1,0,1,0,0,0,0
70,235952,2,0,5,5,7,0,2,2,1,2,2,0,0,0,0
71,229340,0,0,38,0,0,0,2,1,2,0,1,1,1,99,1
71,229341,1,1,36,0,0,0,2,1,6,0,1,1,2,7,1
71,229342,2,0,4,5,0,0,0,1,0,0,1,0,0,0,0
71,229343,2,1,5,5,0,0,2,2,1,2,2,0,0,0,0
72,207349,0,0,38,5,0,0,2,1,6,0,1,1,2,6,1
72,207350,4,1,35,5,0,0,2,1,7,0,1,1,2,1,1
73,229340,0,0,38,0,0,0,2,1,9,0,1,1,1,99,1
73,229341,1,1,36,0,0,0,2,1,6,0,1,1,1,0,1
73,229342,2,0,4,5,0,0,0,1,0,0,1,0,0,0,0
73,229343,2,1,5,5,0,0,2,2,1,1,2,0,0,0,0
74,229340,0,0,38,5,0,0,2,1,6,0,1,1,1,99,1
75,229340,0,0,38,5,0,0,2,1,9,0,1,1,1,99,1
76,229360,0,0,24,0,0,0,2,1,7,0,1,1,2,3,1
76,229361,1,1,28,0,0,0,2,2,7,6,2,1,2,9,1
77,235949,0,0,38,0,0,0,2,1,6,0,1,1,1,15,1
77,235950,1,1,39,0,0,0,2,1,7,0,1,1,1,9,2
77,235951,2,0,4,5,0,0,0,1,0,0,1,0,0,0,0
77,235952,2,0,5,5,0,0,2,2,1,2,2,0,0,0,0
78,265743,0,1,55,4,0,0,2,1,7,0,1,1,1,15,1
79,229354,0,1,81,0,0,0,2,1,6,0,1,3,0,5,1
79,229355,1,0,76,0,0,0,2,1,6,0,1,3,0,19,1
80,229354,0,1,81,0,0,0,2,1,6,0,1,3,0,5,1
80,229355,1,0,76,0,0,0,2,1,6,0,1,3,0,4,1
81,227944,0,0,38,0,0,0,2,1,6,0,1,1,1,99,2
81,227945,1,1,34,0,0,0,2,1,6,0,1,3,2,0,1
81,227946,2,0,4,5,0,0,0,1,0,0,1,0,0,0,0
82,215349,0,0,38,5,0,0,2,1,6,0,1,1,1,9,1
82,215350,2,0,9,5,0,0,2,2,1,3,2,0,0,0,0
83,235911,0,0,41,0,5,2,4,1,6,0,1,1,2,9,1
83,235912,1,1,34,0,5,2,3,1,6,0,1,3,2,0,1
83,235913,2,1,15,5,5,0,2,2,3,5,2,0,0,0,0
83,235914,2,0,13,5,5,0,2,2,2,4,2,0,0,0,0
83,235915,3,1,71,5,5,3,1,1,0,0,1,3,2,3,1
84,229380,0,0,24,5,0,0,2,1,7,0,1,1,2,7,1
84,229381,7,0,25,5,0,0,2,2,7,6,2,1,2,9,1
85,267349,0,0,38,0,0,0,2,1,6,0,1,1,1,9,1
85,267350,1,1,35,0,0,0,2,1,6,0,1,3,0,0,1
85,267351,2,0,4,5,0,0,0,1,0,0,1,0,0,0,0
85,267352,3,1,75,4,0,0,2,1,0,0,1,3,0,9,2
86,229360,0,0,24,0,0,0,2,1,7,0,1,1,2,9,1
86,229361,1,1,25,0,0,0,2,2,7,6,2,1,2,3,1
87,229354,0,1,81,0,0,0,2,1,6,0,1,3,0,5,1
87,229355,1,0,76,0,0,0,2,1,6,0,1,3,0,19,1
88,229344,0,0,38,5,0,0,2,1,9,0,1,1,1,17,1
89,229354,0,1,81,0,0,0,2,1,6,0,1,3,0,5,1
89,229355,1,0,76,0,0,0,2,1,6,0,1,3,0,5,1
90,207349,0,0,38,5,0,0,2,1,6,0,1,1,2,5,1
90,207350,3,1,72,0,0,0,2,1,6,0,1,3,0,5,1
91,229344,0,0,38,5,0,0,2,1,6,0,1,1,1,9,1
92,229354,0,1,81,0,0,0,2,1,6,0,1,3,0,5,1
92,229355,1,0,76,0,0,0,2,1,6,0,1,3,0,19,1
93,229354,0,1,81,0,0,0,2,1,6,0,1,3,0,5,1
93,229355,1,0,76,0,0,0,2,1,6,0,1,3,0,19,1
94,229360,0,0,34,0,0,0,2,1,6,0,1,1,1,99,1
94,229361,1,1,37,0,0,0,2,1,6,0,1,1,2,9,1
94,229362,2,0,14,5,0,0,2,2,2,4,2,0,0,0,0
94,229363,2,1,5,5,0,0,2,2,1,2,2,0,0,0,0
95,235949,0,0,38,0,0,0,2,1,6,0,1,1,1,15,1
95,235950,1,1,36,0,0,0,2,1,6,0,1,1,2,9,2
95,235951,2,0,4,5,0,0,0,1,1,0,1,0,0,0,0
95,235952,2,0,5,5,0,0,2,2,1,2,2,0,0,0,0
96,229354,0,0,31,5,0,0,2,1,6,0,1,1,1,7,1
96,229355,3,1,76,3,0,0,2,1,6,0,1,3,2,10,1
97,207349,0,0,38,0,0,0,2,1,6,0,1,1,2,9,1
97,207350,1,1,35,0,0,0,2,1,6,0,1,3,0,0,1
97,207351,2,0,4,5,0,0,0,1,0,0,1,0,0,0,0
97,207352,2,0,5,5,0,0,2,2,1,2,2,0,0,0,0
98,227944,0,0,38,0,0,0,2,1,6,0,1,1,1,99,1
98,227945,1,1,34,0,0,0,2,1,6,0,1,3,2,0,1
98,227946,2,0,4,5,0,0,0,1,0,0,1,0,0,0,0
98,227947,2,0,5,5,0,0,2,2,1,2,2,0,0,0,0
99,235911,0,0,41,0,5,2,4,1,6,0,1,1,1,9,1
99,235912,1,1,39,0,5,2,3,1,6,0,1,3,2,0,1
99,235913,2,1,14,5,5,3,3,2,2,4,2,0,0,0,0
99,235914,2,0,15,5,5,0,2,2,4,5,2,0,0,0,0
99,235915,2,1,5,5,5,0,2,2,1,2,2,0,0,0,0
99,235916,2,1,4,5,5,0,0,1,0,0,1,0,0,0,0
99,235917,3,1,55,5,5,3,1,1,0,0,1,3,0,0,1
100,283344,0,0,37,5,0,0,2,1,6,0,1,1,1,5,2
100,283345,3,1,76,0,0,0,2,1,6,0,1,1,2,8,1
101,207349,0,0,38,0,0,0,2,1,6,0,1,1,2,5,1
101,207350,1,1,35,0,0,0,2,1,6,0,1,1,2,1,1
102,229344,0,0,37,5,0,0,2,1,9,0,1,1,1,9,1
102,229345,7,0,36,5,0,0,2,1,6,0,1,1,2,9,1
103,235944,0,0,38,0,0,0,2,1,4,0,1,1,1,19,1
103,235945,1,1,39,0,0,0,2,1,7,0,1,1,1,3,1
103,235946,2,0,4,5,0,0,0,1,1,0,1,0,0,0,0
103,235947,2,0,7,5,0,0,2,2,1,3,2,0,0,0,0
104,267349,0,0,38,5,0,0,2,1,6,0,1,1,1,99,1
104,267350,3,1,75,4,0,0,2,1,6,0,1,3,0,4,1
105,267349,0,0,38,5,0,0,2,1,6,0,1,1,1,9,1
105,267350,3,1,75,4,0,0,2,1,6,0,1,3,0,6,1
106,265349,0,0,38,0,0,0,2,1,6,0,1,1,1,9,1
106,265350,1,1,37,0,7,0,2,1,6,0,1,1,2,7,1
106,265351,2,0,4,5,7,0,0,1,0,0,1,0,0,0,0
106,265352,3,1,75,4,0,0,2,1,0,0,1,3,0,4,1
107,229354,0,0,31,5,0,0,2,1,6,0,1,1,1,7,1
107,229355,3,1,76,3,0,0,2,1,6,0,1,3,2,5,1
108,235949,0,0,38,0,0,0,2,1,6,0,1,1,1,19,1
108,235950,1,1,39,0,0,0,2,1,6,0,1,1,2,5,2
108,235951,2,0,4,5,0,0,0,1,1,0,1,0,0,0,0
108,235952,2,0,5,5,0,0,2,2,1,2,2,0,0,0,0
109,229360,0,0,31,5,0,0,2,1,6,0,1,1,1,7,1
110,267349,0,0,38,0,0,0,2,1,6,0,1,1,1,9,1
110,267350,1,1,35,0,0,0,2,1,6,0,1,3,0,0,1
110,267351,2,0,4,5,0,0,0,1,0,0,1,0,0,0,0
110,267352,3,1,75,4,0,0,2,1,0,0,1,3,0,9,2
111,265743,0,1,38,5,0,0,2,1,7,0,1,1,1,15,1
112,227944,0,0,38,0,0,0,2,1,6,0,1,1,1,99,1
112,227945,1,1,34,0,0,0,2,1,6,0,1,3,2,0,1
112,227946,2,0,4,5,0,0,0,1,0,0,1,0,0,0,0
113,265349,0,0,38,0,0,0,2,1,6,0,1,1,1,9,1
113,265350,1,1,35,0,0,0,2,1,6,0,1,3,2,0,1
113,265351,2,0,4,5,0,0,0,1,1,0,1,0,0,0,0
113,265352,3,1,76,4,0,0,2,1,0,0,1,3,0,9,2
114,235911,0,0,41,0,5,2,4,1,6,0,1,1,2,17,1
114,235912,1,1,34,0,5,2,3,1,6,0,1,3,2,1,1
114,235913,2,1,15,5,5,3,3,2,3,5,2,0,0,0,0
114,235914,2,0,16,5,5,0,3,2,4,5,2,3,0,9,2
114,235915,3,1,76,0,5,3,1,1,0,0,1,3,2,0,1
115,267349,0,0,38,0,0,0,2,1,6,0,1,1,1,7,1
115,267350,1,1,35,0,0,0,2,1,6,0,1,1,2,3,1
115,267351,2,0,4,5,0,0,0,1,0,0,1,0,0,0,0
115,267352,2,0,5,5,0,0,2,2,1,2,2,0,0,0,0
116,229344,0,0,38,5,0,0,2,1,9,0,1,1,1,9,1
117,207349,0,0,38,5,0,0,2,1,6,0,1,1,2,9,1
117,207350,3,1,72,4,0,0,2,1,6,0,1,3,0,0,1
118,265743,0,1,55,4,0,0,2,1,7,0,1,1,1,15,1
119,229360,0,0,24,0,0,0,2,1,7,0,1,1,2,9,1
119,229361,1,1,28,0,0,0,2,2,7,6,2,1,2,9,1
119,229362,2,1,4,5,0,0,0,2,1,1,3,0,0,0,0
119,229363,2,0,5,5,0,0,2,2,1,2,2,0,0,0,0
120,267349,0,0,38,0,0,0,2,1,6,0,1,1,1,99,1
120,267350,1,1,35,0,0,0,2,1,6,0,1,3,2,0,1
120,267351,2,0,4,5,0,0,0,1,0,0,1,0,0,0,0
120,267352,3,1,75,4,0,0,2,1,0,0,1,3,0,9,2
121,65789,0,0,53,0,0,0,2,1,6,0,1,1,1,7,1
121,65790,1,1,55,0,0,0,2,1,7,0,1,3,0,0,1
121,65791,2,0,39,5,0,0,2,1,7,0,1,2,2,5,1
121,65792,3,1,85,4,0,0,2,1,6,0,1,3,0,5,2
122,267349,0,0,38,0,5,0,2,1,6,0,1,1,1,99,1
122,267350,1,1,35,0,5,0,2,1,6,0,1,3,2,0,1
122,267351,2,0,4,5,5,0,0,1,0,0,1,0,0,0,0
122,267352,3,1,75,4,5,0,2,1,0,0,1,3,0,9,1
123,229380,0,0,31,5,0,0,2,1,6,0,1,1,1,7,1
124,265743,0,1,55,4,0,0,2,1,7,0,1,1,1,15,1
125,229344,0,0,38,5,0,0,2,1,9,0,1,1,1,9,1
126,207349,0,0,38,0,0,0,2,1,6,0,1,1,2,9,1
126,207350,1,1,35,0,0,0,2,1,6,0,1,3,0,0,1
126,207351,2,0,4,5,0,0,0,1,0,0,1,0,0,0,0
126,207352,3,1,77,0,0,0,2,1,0,0,1,3,0,5,1
127,251347,0,0,57,0,0,0,2,1,6,0,1,1,2,9,1
127,251348,1,1,53,0,0,0,2,1,6,0,1,3,2,5,1
128,229340,0,0,24,5,0,0,2,1,7,0,1,1,2,9,1
129,229344,0,0,38,5,0,0,2,1,9,0,1,1,1,9,1
130,229344,0,0,38,5,0,0,2,1,9,0,1,1,1,9,1
130,229345,7,0,36,5,0,0,2,1,6,0,1,1,2,8,1
131,229344,0,0,38,5,0,0,2,1,9,0,1,1,1,9,1
131,229345,4,1,36,5,0,0,2,1,6,0,1,1,2,0,1
131,229346,2,0,14,5,0,0,2,2,2,4,2,0,0,0,0
132,267349,0,0,38,0,0,0,2,1,6,0,1,1,1,99,1
132,267350,1,1,35,0,0,0,2,1,6,0,1,3,2,0,1
132,267351,2,0,4,5,0,0,0,1,0,0,1,0,0,0,0
132,267352,2,0,5,5,0,0,2,2,1,2,2,0,0,0,0
133,265743,0,1,55,4,0,0,2,1,7,0,1,1,1,15,1
134,209354,0,1,81,0,0,0,2,1,6,0,1,3,0,5,1
134,209355,1,0,76,0,0,0,2,1,6,0,1,3,0,5,1
135,229340,0,0,24,0,0,0,2,1,7,0,1,1,2,9,1
135,229341,1,1,22,0,0,0,2,1,7,0,1,1,2,3,1
136,267349,0,0,38,5,0,0,2,1,6,0,1,1,1,99,1
136,267350,3,1,76,3,0,0,2,1,6,0,1,3,0,5,1
137,209354,0,1,81,0,0,0,2,1,6,0,1,3,0,5,1
137,209355,1,0,76,0,0,0,2,1,6,0,1,3,0,5,1
138,207949,0,0,38,0,0,0,2,1,6,0,1,1,2,19,1
138,207950,1,1,35,0,0,0,2,1,6,0,1,3,0,0,1
138,207951,2,0,4,5,0,0,0,1,0,0,1,0,0,0,0
138,207952,2,0,5,5,0,0,2,2,1,2,2,0,0,0,0
139,229354,0,1,81,0,0,0,2,1,6,0,1,3,0,5,1
139,229355,1,0,76,0,0,0,2,1,6,0,1,3,0,5,1
140,207349,0,0,38,5,0,0,2,1,6,0,1,1,2,9,1
140,207350,3,1,72,4,0,0,2,1,6,0,1,3,0,0,1
141,229360,0,0,31,5,0,0,2,1,9,0,1,1,2,7,1
142,227944,0,0,38,0,0,0,2,1,6,0,1,1,1,99,2
142,227945,1,1,34,0,0,0,2,1,6,0,1,3,2,0,1
142,227946,2,0,4,5,0,0,0,1,0,0,1,0,0,0,0
142,227947,2,0,7,5,0,0,2,2,1,3,2,0,0,0,0
143,215349,0,0,37,5,0,0,2,1,6,0,1,1,2,9,1
143,215350,3,1,76,4,0,0,2,1,6,0,1,3,0,1,1
144,251344,0,0,74,0,0,0,2,1,6,0,1,3,0,9,1
144,251345,1,1,67,0,0,0,2,1,6,0,1,3,2,8,1
145,215349,0,0,38,5,0,0,2,1,6,0,1,1,1,99,1
145,215350,2,0,9,5,0,0,2,2,1,2,2,0,0,0,0
146,265349,0,0,38,0,7,0,2,1,6,0,1,1,1,9,1
146,265350,1,1,39,0,7,0,2,1,6,0,1,1,2,0,2
146,265351,2,0,7,5,7,0,2,2,1,3,2,0,0,0,0
146,265352,3,1,75,4,4,0,2,1,0,0,1,3,0,7,1
147,229354,0,0,31,5,0,0,2,1,6,0,1,1,1,7,1
147,229355,3,1,76,3,0,0,2,1,6,0,1,3,2,10,1
148,229360,0,0,31,5,0,0,2,1,6,0,1,1,1,7,1
149,229354,0,0,31,5,0,0,2,1,6,0,1,1,1,7,1
149,229355,3,1,76,3,0,0,2,1,6,0,1,3,2,5,1
150,229344,0,0,38,5,0,0,2,1,9,0,1,1,1,9,1
150,229345,7,0,31,5,0,0,2,2,7,6,2,1,2,0,1
151,229354,0,1,85,0,0,0,2,1,6,0,1,3,0,5,1
151,229355,1,0,76,0,0,0,2,1,6,0,1,3,0,5,1
152,67327,0,0,31,0,0,0,2,1,7,0,1,1,2,19,1
152,67328,1,1,35,0,0,0,2,1,7,0,1,3,2,0,1
152,67329,2,0,4,5,0,0,0,1,0,0,1,0,0,0,0
152,67330,2,0,2,5,0,0,0,0,0,0,0,0,0,0,0
153,229344,0,0,37,5,0,0,2,1,9,0,1,1,1,9,1
154,267349,0,0,38,0,0,0,2,1,6,0,1,1,1,99,1
154,267350,1,1,35,0,0,0,2,1,6,0,1,3,2,0,1
154,267351,2,0,4,5,0,0,0,1,0,0,1,0,0,0,0
154,267352,3,1,85,4,0,0,2,1,0,0,1,3,0,3,1
155,229360,0,0,34,0,0,0,2,1,6,0,1,1,1,7,1
155,229361,1,1,37,0,0,0,2,1,6,0,1,1,2,9,1
155,229362,2,1,14,5,0,0,2,2,2,4,2,0,0,0,0
155,229363,2,0,5,5,0,0,2,2,1,2,2,0,0,0,0
156,267349,0,0,38,5,0,0,2,1,6,0,1,1,1,9,1
156,267350,3,1,75,4,0,0,2,1,6,0,1,3,0,0,1
157,267349,0,0,38,0,0,0,2,1,6,0,1,1,1,99,1
157,267350,1,1,35,0,0,0,2,1,6,0,1,3,0,0,1
157,267351,2,0,4,5,0,0,0,1,0,0,1,0,0,0,0
157,267352,3,1,75,4,0,0,2,1,0,0,1,3,0,9,2
158,267349,0,0,38,0,0,0,2,1,6,0,1,1,1,9,1
158,267350,1,1,35,0,0,0,2,1,6,0,1,3,0,0,1
158,267351,2,0,4,5,0,0,0,1,0,0,1,0,0,0,0
158,267352,3,1,75,4,0,0,2,1,0,0,1,3,0,9,1
159,67220,0,0,62,0,0,0,2,1,7,0,1,1,2,2,1
159,67221,1,1,51,0,0,0,2,1,7,0,1,3,2,0,1
160,201349,0,0,38,5,0,0,2,1,6,0,1,1,1,99,1
160,201350,3,1,72,4,0,0,2,1,6,0,1,3,0,0,1
161,229360,0,0,31,5,0,0,2,1,6,0,1,1,1,7,1
162,207423,0,0,44,0,0,0,2,1,7,0,1,1,2,99,1
162,207424,1,1,37,0,0,0,2,1,7,0,1,1,2,5,1
162,207425,2,0,12,5,0,0,2,2,2,4,2,0,0,0,0
162,207426,2,0,11,5,0,0,2,2,2,4,2,0,0,0,0
163,207349,0,0,38,5,0,0,2,1,6,0,1,1,2,9,1
163,207350,3,1,75,3,0,0,2,1,6,0,1,3,0,4,1
164,229354,0,1,85,0,0,0,2,1,6,0,1,3,0,5,1
164,229355,1,0,76,0,0,0,2,1,6,0,1,3,0,5,1
165,229340,0,0,38,0,0,0,2,1,9,0,1,1,1,99,1
165,229341,1,1,36,0,0,0,2,1,6,0,1,1,2,0,1
165,229342,2,0,4,5,0,0,0,1,0,0,1,0,0,0,0
165,229343,2,1,4,5,0,0,0,1,0,0,1,0,0,0,0
166,37929,0,0,38,0,0,0,2,1,7,0,1,1,1,99,1
166,37930,1,1,35,0,0,0,2,1,7,0,1,3,2,0,1
166,37931,2,0,14,5,0,0,2,2,2,4,2,0,0,0,0
166,37932,2,0,5,5,0,0,2,2,1,2,2,0,0,0,0
166,37933,6,0,1,5,0,0,2,2,1,2,2,0,0,0,0
167,237944,0,0,38,0,6,0,3,1,0,0,1,1,1,35,1
167,237945,1,1,38,0,6,2,3,1,7,0,1,1,2,3,1
167,237946,2,0,4,5,6,0,0,1,0,0,1,0,0,0,0
167,237947,3,1,73,2,6,0,2,1,0,0,1,3,0,3,1
167,237948,2,1,5,5,6,0,2,2,0,1,2,0,0,0,0
168,229344,0,0,37,5,0,0,2,1,6,0,1,1,1,9,1
169,205349,0,0,38,0,0,0,2,1,6,0,1,1,1,17,1
169,205350,1,1,36,0,0,0,2,1,6,0,1,1,2,25,1
170,227944,0,0,38,0,0,0,2,1,6,0,1,1,1,99,1
170,227945,1,1,34,0,0,0,2,1,6,0,1,3,2,0,1
170,227946,2,0,4,5,0,0,0,1,0,0,1,0,0,0,0
170,227947,2,0,7,5,0,0,2,2,1,3,2,0,0,0,0
171,267349,0,0,38,0,0,0,2,1,6,0,1,1,1,9,1
171,267350,1,1,35,0,0,0,2,1,6,0,1,3,2,0,1
171,267351,2,0,4,5,0,0,0,1,0,0,1,0,0,0,0
171,267352,3,1,85,4,0,0,2,1,0,0,1,3,0,5,1
172,229340,0,0,38,0,0,0,2,1,6,0,1,1,1,99,1
172,229341,1,1,36,0,0,0,2,1,6,0,1,1,1,0,1
172,229342,2,0,14,5,0,0,2,2,2,4,2,0,0,0,0
172,229343,2,1,5,5,0,0,2,2,1,2,2,0,0,0,0
173,235911,0,0,41,0,5,2,4,1,6,0,1,1,2,9,1
173,235912,1,1,34,0,5,2,3,1,6,0,1,3,2,0,1
173,235913,2,1,15,5,5,0,2,2,3,5,2,0,0,0,0
173,235914,2,1,13,5,5,0,2,2,2,4,2,0,0,0,0
173,235915,2,1,5,5,5,0,2,2,1,2,2,0,0,0,0
174,267349,0,0,38,5,0,0,2,1,6,0,1,1,2,9,1
174,267350,3,1,75,4,0,0,2,1,6,0,1,3,0,0,1
175,235949,0,0,38,0,0,0,2,1,6,0,1,1,1,19,1
175,235950,1,1,39,0,0,0,2,1,7,0,1,1,2,9,2
175,235951,2,0,4,5,0,0,0,1,1,0,1,0,0,0,0
175,235952,2,0,5,5,0,0,2,2,1,2,2,0,0,0,0
176,207349,0,0,38,5,0,0,2,1,6,0,1,1,2,9,1
176,207350,3,1,75,4,0,0,2,1,6,0,1,3,0,0,1
177,207349,0,0,38,0,0,0,2,1,6,0,1,1,2,19,1
177,207350,1,1,35,0,0,0,2,1,6,0,1,3,0,0,1
177,207351,2,0,4,5,0,0,0,1,0,0,1,0,0,0,0
177,207352,2,0,7,5,0,0,2,2,1,3,2,0,0,0,0
178,229360,0,0,31,5,0,0,2,1,6,0,1,1,1,7,1
179,37829,0,0,62,0,0,0,2,1,7,0,1,1,2,6,1
179,37830,1,1,62,0,0,0,2,1,7,0,1,3,2,3,1
180,265743,0,1,55,4,0,0,2,1,7,0,1,1,1,15,1
181,229360,0,0,31,5,0,0,2,1,9,0,1,1,1,7,1
182,267349,0,0,38,5,0,0,2,1,6,0,1,1,1,9,1
182,267350,3,1,75,4,0,0,2,1,6,0,1,3,0,5,1
183,229340,0,0,24,5,0,0,2,1,7,0,1,1,2,9,1
184,227944,0,0,38,0,0,0,2,1,6,0,1,1,1,99,2
184,227945,1,1,36,0,0,0,2,1,6,0,1,3,2,0,1
184,227946,2,0,4,5,0,0,0,1,0,0,1,0,0,0,0
185,207422,0,0,44,0,0,0,2,1,7,0,1,1,2,87,1
185,207423,1,1,37,0,0,0,2,1,7,0,1,1,2,52,1
186,267349,0,0,38,5,0,0,2,1,6,0,1,1,1,99,1
186,267350,3,1,75,4,0,0,2,1,6,0,1,3,0,5,1
187,229344,0,0,38,5,0,0,2,1,9,0,1,1,1,9,1
187,229345,7,0,36,5,0,0,2,1,6,0,1,1,2,0,1
188,229354,0,1,81,0,0,0,2,1,6,0,1,3,0,5,1
188,229355,1,0,76,0,0,0,2,1,6,0,1,3,0,65,1
189,229360,0,0,31,5,0,0,2,1,9,0,1,1,1,7,1
190,227944,0,0,38,0,0,0,2,1,6,0,1,1,1,99,2
190,227945,1,1,34,0,0,0,2,1,6,0,1,3,2,0,1
190,227946,2,0,4,5,0,0,0,1,0,0,1,0,0,0,0
191,265743,0,1,38,5,0,0,2,1,9,0,1,1,1,35,1
192,235911,0,0,41,0,5,2,4,1,6,0,1,1,2,19,1
192,235912,1,1,36,0,5,2,3,1,6,0,1,3,2,1,1
192,235913,2,1,15,5,5,0,2,2,3,5,2,0,0,0,0
192,235914,2,0,13,5,5,0,2,2,2,4,2,0,0,0,0
192,235915,3,1,52,5,5,3,1,1,0,0,1,3,2,0,1
193,207349,0,0,38,0,0,0,2,1,6,0,1,1,2,7,1
193,207350,1,1,36,0,0,0,2,1,6,0,1,1,2,25,1
194,229344,0,0,37,5,0,0,2,1,9,0,1,1,1,9,1
194,229345,7,0,31,5,0,0,2,2,7,6,2,1,2,5,1
195,229374,0,0,37,5,0,0,2,1,9,0,1,1,1,0,1
196,207349,0,0,38,5,0,0,2,1,6,0,1,1,2,5,1
196,207350,3,1,75,3,0,0,2,1,6,0,1,3,0,5,1
197,229344,0,0,37,5,0,0,2,1,6,0,1,1,1,17,1
198,229344,0,0,38,5,0,0,2,1,9,0,1,1,1,17,1
199,207349,0,0,38,5,0,0,2,1,6,0,1,1,2,9,1
199,207350,3,1,72,3,0,0,2,1,6,0,1,3,0,0,1
200,226344,0,0,37,5,0,0,2,1,6,0,1,1,1,9,2
200,226345,2,1,4,5,0,0,0,1,1,0,1,0,0,0,0
201,229340,0,0,38,0,0,0,2,1,6,0,1,1,1,99,1
201,229341,1,1,36,0,0,0,2,1,6,0,1,1,1,0,1
201,229342,2,0,14,5,0,0,2,2,2,4,2,0,0,0,0
201,229343,2,1,5,5,0,0,2,2,1,2,2,0,0,0,0
202,235911,0,0,41,0,5,2,4,1,6,0,1,1,2,19,1
202,235912,1,1,34,0,5,2,3,1,6,0,1,3,2,1,1
202,235913,2,1,15,5,5,0,2,2,3,5,2,0,0,0,0
202,235914,2,0,13,5,5,0,2,2,2,4,2,0,0,0,0
202,235915,3,1,74,5,5,3,1,1,0,0,1,3,2,5,1
203,229340,0,0,38,5,0,0,2,1,0,0,1,1,1,99,1
204,229344,0,0,38,5,0,0,2,1,9,0,1,1,1,17,1
205,229354,0,0,31,5,0,0,2,1,6,0,1,1,1,0,1
206,226344,0,0,37,5,0,0,2,1,6,0,1,1,1,9,1
206,226345,2,1,4,5,0,0,0,0,1,0,0,0,0,0,0
207,223340,0,0,51,5,0,0,2,1,6,0,1,1,1,9,1
208,229340,0,0,38,0,0,0,2,1,2,0,1,1,1,99,1
208,229341,1,1,36,0,0,0,2,1,6,0,1,1,2,9,2
208,229342,2,1,14,5,0,0,2,2,2,4,2,0,0,0,0
208,229343,2,0,5,5,0,0,2,2,1,2,2,0,0,0,0
209,205349,0,0,38,0,0,0,2,1,6,0,1,1,1,17,1
209,205350,1,1,37,0,0,0,2,1,6,0,1,1,2,0,1
210,265743,0,1,38,5,0,0,2,1,7,0,1,1,1,15,1
211,207349,0,0,38,5,0,0,2,1,6,0,1,1,2,9,1
211,207350,3,1,75,4,0,0,2,1,6,0,1,3,0,5,1
212,229344,0,0,37,5,0,0,2,1,6,0,1,1,1,9,1
213,229344,0,0,38,5,0,0,2,1,6,0,1,1,1,17,1
214,209354,0,1,81,0,0,0,2,1,6,0,1,3,0,5,1
214,209355,1,0,76,0,0,0,2,1,6,0,1,3,0,19,1
215,607023,0,0,30,5,0,0,2,1,7,0,1,1,2,9,1
215,607024,7,1,21,5,0,0,2,2,7,6,2,1,2,0,1
216,237944,0,0,38,0,0,0,2,1,6,0,1,1,1,99,1
216,237945,1,1,35,0,0,0,2,1,7,0,1,3,2,0,1
216,237946,2,0,4,5,0,0,0,1,0,0,1,0,0,0,0
216,237947,2,0,2,5,0,0,0,0,0,0,0,0,0,0,0
217,229354,0,0,31,5,0,0,2,1,6,0,1,1,1,7,1
217,229355,3,1,76,0,0,0,2,1,6,0,1,3,2,10,1
218,229354,0,1,81,0,0,0,2,1,6,0,1,3,0,5,1
218,229355,1,0,76,0,0,0,2,1,6,0,1,3,0,76,1
219,229344,0,0,37,5,0,0,2,1,9,0,1,1,1,9,1
219,229345,7,0,31,5,0,0,2,2,7,6,2,1,2,0,1
220,267349,0,0,38,5,0,0,2,1,6,0,1,1,2,9,1
220,267350,3,1,75,4,0,0,2,1,6,0,1,3,0,4,1
221,235919,0,0,48,0,5,2,4,1,6,0,1,1,1,32,1
221,235920,1,1,36,0,5,2,4,1,6,0,1,1,2,0,1
221,235921,2,1,16,5,5,0,2,2,2,5,2,3,0,0,1
221,235922,2,0,11,5,5,0,2,2,2,4,2,0,0,0,0
221,235923,3,1,51,5,5,3,1,1,0,0,1,3,2,0,1
222,256344,0,0,37,5,0,0,2,1,4,0,1,1,1,5,1
222,256345,4,1,31,5,0,0,2,1,6,0,1,1,2,9,1
222,256346,2,1,6,5,0,0,2,2,1,5,2,0,0,0,0
222,256347,2,0,5,5,0,0,2,2,1,2,2,0,0,0,0
223,229360,0,0,22,5,0,0,2,1,7,0,1,1,2,3,1
223,229361,7,0,27,5,0,0,2,2,7,6,2,1,2,9,1
224,229344,0,0,37,5,0,0,2,1,9,0,1,1,1,9,1
224,229345,7,0,36,5,0,0,2,1,6,0,1,1,2,8,1
225,229340,0,0,38,0,0,0,2,1,6,0,1,1,1,99,1
225,229341,1,1,36,0,0,0,2,1,6,0,1,1,2,9,1
225,229342,2,0,4,5,0,0,0,1,0,0,1,0,0,0,0
225,229343,2,1,5,5,0,0,2,2,1,2,2,0,0,0,0
226,267349,0,0,38,5,0,0,2,1,6,0,1,1,1,99,1
226,267350,3,1,75,4,0,0,2,1,6,0,1,3,0,5,1
227,267349,0,0,38,0,0,0,2,1,6,0,1,1,1,9,1
227,267350,1,1,35,0,0,0,2,1,6,0,1,3,2,0,1
227,267351,2,0,4,5,0,0,0,1,0,0,1,0,0,0,0
227,267352,3,1,75,4,0,0,2,1,0,0,1,3,0,9,1
228,229344,0,0,38,5,0,0,2,1,6,0,1,1,1,17,1
229,229340,0,0,38,0,0,0,2,1,6,0,1,1,1,99,1
229,229341,1,1,36,0,0,0,2,1,6,0,1,1,2,15,1
229,229342,2,0,4,5,0,0,0,1,0,0,1,0,0,0,0
229,229343,2,1,4,5,0,0,0,1,0,0,1,0,0,0,0
230,229360,0,0,31,5,0,0,2,1,6,0,1,1,1,7,1
231,269342,0,0,38,5,0,0,2,1,6,0,1,1,1,17,1
232,205349,0,0,38,5,0,0,2,1,6,0,1,1,1,17,1
232,205350,3,1,76,3,0,0,2,1,6,0,1,3,0,0,1
233,235911,0,0,41,0,5,2,4,1,6,0,1,1,2,9,1
233,235912,1,1,36,0,5,2,3,1,6,0,1,3,2,0,1
233,235913,2,1,16,1,5,3,3,2,6,5,2,2,0,0,1
233,235914,2,0,16,5,5,3,3,2,4,5,2,3,0,9,2
233,235915,3,1,75,4,5,3,3,1,3,0,1,3,2,0,1
233,235916,3,1,35,5,5,3,3,2,2,4,2,0,0,0,0
233,235917,3,1,56,3,5,3,1,1,0,0,1,3,0,0,1
233,235918,3,1,71,5,5,1,2,1,0,0,1,3,0,0,1
233,235919,6,0,4,5,5,2,3,2,1,2,2,0,0,0,0
233,235920,2,0,4,5,5,2,0,1,1,0,1,3,0,0,0
234,229340,0,0,38,0,0,0,2,1,6,0,1,1,1,99,1
234,229341,1,1,35,0,0,0,2,1,6,0,1,1,2,7,1
234,229342,2,0,4,5,0,0,0,1,0,0,1,0,0,0,0
234,229343,2,1,5,5,0,0,2,2,1,2,2,0,0,0,0
235,265349,0,0,38,0,0,0,2,1,6,0,1,1,1,9,1
235,265350,1,1,39,0,0,0,2,1,6,0,1,1,2,7,1
235,265351,2,0,4,5,0,0,0,1,1,0,1,0,0,0,0
235,265352,3,1,76,1,0,0,2,1,0,0,1,3,0,9,2
236,207349,0,0,38,5,0,0,2,1,6,0,1,1,2,19,1
236,207350,3,1,75,4,0,0,2,1,6,0,1,3,0,4,1
237,207349,0,0,38,5,0,0,2,1,6,0,1,1,2,9,1
237,207350,3,1,75,3,0,0,2,1,6,0,1,3,0,5,1
238,229344,0,0,38,5,0,0,2,1,9,0,1,1,1,9,1
238,229345,7,0,36,5,0,0,2,1,6,0,1,1,2,0,1
239,201349,0,0,38,5,0,0,2,1,6,0,1,1,1,5,1
239,201350,3,1,72,4,0,0,2,1,6,0,1,3,0,0,1
240,229344,0,0,38,5,0,0,2,1,9,0,1,1,1,9,1
241,229354,0,1,85,0,0,0,2,1,6,0,1,3,0,5,1
241,229355,1,0,76,0,0,0,2,1,6,0,1,3,0,5,1
242,229360,0,0,34,0,0,0,2,1,0,0,1,1,1,7,1
242,229361,1,1,36,0,0,0,2,1,6,0,1,1,1,9,2
242,229362,2,0,14,5,0,0,2,2,2,4,2,0,0,0,0
242,229363,2,1,5,5,0,0,2,2,1,2,2,0,0,0,0
243,229360,0,0,31,5,0,0,2,1,6,0,1,1,1,7,1
244,267349,0,0,38,5,0,0,2,1,6,0,1,1,1,99,1
244,267350,3,1,75,4,0,0,2,1,6,0,1,3,0,5,1
245,229360,0,0,31,5,0,0,2,1,9,0,1,1,1,7,1
246,267349,0,0,38,5,0,0,2,1,6,0,1,1,2,9,1
246,267350,3,1,75,4,0,0,2,1,6,0,1,3,0,4,2
247,229354,0,1,85,0,0,0,2,1,6,0,1,3,0,5,1
247,229355,1,0,76,0,0,0,2,1,6,0,1,3,0,5,1
248,229340,0,0,38,0,0,0,2,1,0,0,1,1,1,9,1
248,229341,1,1,35,0,0,0,2,1,9,0,1,1,2,7,1
248,229342,2,0,4,5,0,0,0,1,0,0,1,0,0,0,0
248,229343,2,1,7,5,0,0,2,2,1,3,2,0,0,0,0
249,265743,0,1,55,4,0,0,2,1,7,0,1,1,1,15,1
250,527921,0,0,47,0,6,3,5,1,0,0,1,1,2,9,2
250,527922,1,1,46,0,6,3,5,1,0,0,1,3,1,0,1
250,527923,2,0,23,5,6,0,3,2,2,4,2,0,0,0,0
250,527924,2,1,7,5,6,0,3,2,1,3,2,0,0,0,0
250,527925,2,0,7,5,6,0,5,2,1,3,2,0,0,0,0
250,527926,2,1,11,5,6,0,4,2,2,4,2,0,0,0,0
250,527927,2,1,5,5,0,0,4,2,1,3,2,0,0,0,0
251,265349,0,0,38,0,0,0,2,1,6,0,1,1,1,9,1
251,265350,1,1,35,0,0,0,2,1,6,0,1,3,2,0,1
251,265351,2,0,4,5,0,0,0,1,1,0,1,0,0,0,0
251,265352,3,1,85,4,0,0,2,1,0,0,1,3,0,5,1
252,229354,0,1,81,0,0,0,2,1,6,0,1,3,0,5,1
252,229355,1,0,76,0,0,0,2,1,6,0,1,3,0,5,1
253,229354,0,1,81,0,0,0,2,1,6,0,1,3,0,5,1
253,229355,1,0,76,0,0,0,2,1,6,0,1,3,0,26,1
254,235911,0,0,41,0,5,2,4,1,6,0,1,1,1,9,1
254,235912,1,1,34,0,5,2,3,1,6,0,1,3,2,1,1
254,235913,2,1,15,5,5,0,2,2,3,5,2,0,0,0,0
254,235914,2,0,12,5,5,0,2,2,2,4,2,0,0,0,0
254,235915,3,1,52,5,5,3,1,1,0,0,1,3,2,3,1
255,265349,0,0,38,5,0,0,2,1,6,0,1,1,1,9,1
255,265350,3,1,76,4,0,0,2,1,6,0,1,3,0,0,1
256,229344,0,0,37,5,0,0,2,1,6,0,1,1,1,9,1
257,267349,0,0,38,5,0,0,2,1,6,0,1,1,2,9,1
257,267350,3,1,75,4,0,0,2,1,6,0,1,3,0,5,1
258,237944,0,0,38,0,0,0,2,1,6,0,1,1,1,99,1
258,237945,1,1,35,0,0,0,2,1,7,0,1,3,2,0,1
258,237946,2,0,4,5,0,0,0,1,0,0,1,0,0,0,0
258,237947,2,0,5,5,0,0,2,2,1,2,2,0,0,0,0
259,256344,0,0,31,0,0,0,2,1,6,0,1,1,1,9,2
259,256345,1,1,37,0,0,0,2,1,6,0,1,3,2,5,2
259,256346,2,1,4,5,0,0,0,1,0,0,1,0,0,0,0
260,256374,0,0,31,0,0,0,2,1,6,0,1,1,2,6,1
260,256375,1,1,34,0,0,0,2,1,6,0,1,3,2,0,1
260,256376,2,0,5,5,0,0,2,2,1,2,2,0,0,0,0
260,256377,3,1,77,2,0,0,2,1,0,0,1,3,2,6,1
261,227944,0,0,38,0,0,0,2,1,6,0,1,1,1,99,1
261,227945,1,1,34,0,0,0,2,1,6,0,1,3,2,0,1
261,227946,2,0,4,5,0,0,0,1,0,0,1,0,0,0,0
261,227947,2,0,7,5,0,0,2,2,1,3,2,0,0,0,0
262,256344,0,0,37,5,0,0,2,1,4,0,1,3,1,5,1
262,256345,4,1,37,5,0,0,2,1,6,0,1,1,2,9,1
262,256346,2,1,16,5,0,0,2,2,6,5,2,1,2,6,1
262,256347,2,0,11,5,0,0,2,2,2,4,2,0,0,0,0
263,227944,0,0,38,0,0,0,2,1,6,0,1,1,1,99,1
263,227945,1,1,34,0,0,0,2,1,6,0,1,3,2,0,1
263,227946,2,0,4,5,0,0,0,1,0,0,1,0,0,0,0
263,227947,2,0,5,5,0,0,2,2,1,2,2,0,0,0,0
264,207349,0,0,38,0,0,0,2,1,6,0,1,1,2,5,1
264,207350,1,1,35,0,0,0,2,1,7,0,1,1,2,0,1
265,267349,0,0,38,0,0,0,2,1,6,0,1,1,1,9,1
265,267350,1,1,35,0,0,0,2,1,6,0,1,3,0,0,1
265,267351,2,0,4,5,0,0,0,1,0,0,1,0,0,0,0
265,267352,3,1,85,4,0,0,2,1,0,0,1,3,0,5,2
266,227944,0,0,38,0,0,0,2,1,6,0,1,1,1,99,2
266,227945,1,1,35,0,0,0,2,1,6,0,1,3,2,0,1
266,227946,2,0,4,5,0,0,0,1,0,0,1,0,0,0,0
266,227947,2,0,5,5,0,0,2,2,1,2,2,0,0,0,0
267,229344,0,0,37,5,0,0,2,1,6,0,1,1,1,9,1
268,267349,0,0,38,0,0,0,2,1,6,0,1,1,1,99,1
268,267350,1,1,35,0,0,0,2,1,6,0,1,3,2,0,1
268,267351,2,0,4,5,0,0,0,1,0,0,1,0,0,0,0
268,267352,2,0,7,5,0,0,2,2,1,3,2,0,0,0,0
269,267349,0,0,38,0,0,0,2,1,6,0,1,1,1,3,1
269,267350,1,1,35,0,0,0,2,1,6,0,1,3,0,0,1
270,229344,0,0,38,5,0,0,2,1,9,0,1,1,1,9,1
271,229344,0,0,38,5,0,0,2,1,6,0,1,1,1,17,1
272,229340,0,0,24,5,0,0,2,1,7,0,1,1,2,9,1
273,229340,0,0,38,0,0,0,2,1,2,0,1,1,1,99,1
273,229341,1,1,36,0,0,0,2,1,6,0,1,1,2,0,1
273,229342,2,0,4,5,0,0,0,1,0,0,1,0,0,0,0
273,229343,2,1,7,5,0,0,2,2,1,3,2,0,0,0,0
274,267349,0,0,38,5,0,0,2,1,6,0,1,1,1,9,1
274,267350,3,1,75,4,0,0,2,1,6,0,1,3,0,5,1
275,237947,0,0,38,0,0,0,2,1,6,0,1,1,1,15,1
275,237948,1,1,35,0,0,0,2,1,6,0,1,3,2,0,1
275,237949,2,0,4,5,0,0,0,1,0,0,1,0,0,0,0
275,237950,2,0,1,5,0,0,0,0,0,0,0,0,0,0,0
276,267349,0,0,38,5,0,0,2,1,6,0,1,1,1,15,1
276,267350,3,1,75,3,0,0,2,1,6,0,1,3,0,0,1
277,229340,0,0,38,0,0,0,2,1,6,0,1,1,1,99,1
277,229341,1,1,36,0,0,0,2,1,6,0,1,1,2,0,1
277,229342,2,0,4,5,0,0,0,1,0,0,1,0,0,0,0
277,229343,2,1,5,5,0,0,2,2,1,2,2,0,0,0,0
278,207423,0,0,44,0,0,0,2,1,7,0,1,1,2,99,1
278,207424,1,1,37,0,0,0,2,1,7,0,1,3,0,0,1
278,207425,2,0,4,5,0,0,0,1,0,0,1,0,0,0,0
278,207426,2,0,7,5,0,0,2,2,1,3,2,0,0,0,0
279,229354,0,1,81,0,0,0,2,1,6,0,1,3,0,5,1
279,229355,1,0,76,0,0,0,2,1,6,0,1,3,0,19,1
280,267349,0,0,38,0,0,0,2,1,6,0,1,1,1,99,1
280,267350,1,1,35,0,0,0,2,1,6,0,1,3,2,0,1
280,267351,2,0,4,5,0,0,0,1,0,0,1,0,0,0,0
280,267352,3,1,76,0,0,0,2,1,0,0,1,3,0,3,1
281,229360,0,0,24,0,0,0,2,1,7,0,1,1,2,3,1
281,229361,1,1,25,0,0,0,2,2,7,6,2,1,2,9,1
282,267349,0,0,38,5,0,0,2,1,6,0,1,1,1,9,1
282,267350,3,1,46,0,0,0,2,1,6,0,1,1,2,5,1
283,235349,0,0,38,0,0,0,2,1,6,0,1,1,1,9,1
283,235350,1,1,36,0,7,0,2,1,6,0,1,1,2,9,2
283,235351,2,0,7,5,7,0,2,2,1,3,2,0,0,0,0
283,235352,2,0,5,5,7,0,2,2,1,2,2,0,0,0,0
284,229344,0,0,37,5,0,0,2,1,9,0,1,1,1,9,1
285,67229,0,0,62,0,0,0,2,1,7,0,1,1,2,5,1
285,67230,1,1,51,0,0,0,2,1,7,0,1,1,2,3,1
286,207349,0,0,38,0,0,0,2,1,6,0,1,1,2,17,1
286,207350,1,1,35,0,0,0,2,1,7,0,1,1,2,25,1
287,229360,0,0,31,5,0,0,2,1,6,0,1,1,1,99,1
288,267349,0,0,38,0,0,0,2,1,6,0,1,1,1,99,1
288,267350,1,1,35,0,0,0,2,1,6,0,1,3,2,0,1
288,267351,2,0,4,5,0,0,0,1,0,0,1,0,0,0,0
288,267352,2,0,5,5,0,0,2,2,1,2,2,0,0,0,0
289,229344,0,0,38,5,0,0,2,1,9,0,1,1,1,9,1
290,267349,0,0,38,5,0,0,2,1,6,0,1,1,1,99,1
290,267350,3,1,75,4,0,0,2,1,6,0,1,3,0,5,1
291,227944,0,0,38,0,0,0,2,1,5,0,1,1,1,99,2
291,227945,1,1,36,0,0,0,2,1,6,0,1,3,2,0,1
291,227946,2,0,4,5,0,0,0,1,0,0,1,0,0,0,0
291,227947,2,0,5,5,0,0,2,2,1,2,2,0,0,0,0
292,265349,0,0,38,5,0,0,2,1,6,0,1,1,1,9,1
292,265350,3,1,76,0,0,0,2,1,6,0,1,3,0,0,1
293,229340,0,0,38,5,0,0,2,1,9,0,1,1,1,99,1
294,267349,0,0,38,5,0,0,2,1,6,0,1,1,1,99,1
294,267350,3,1,75,3,0,0,2,1,6,0,1,3,0,0,1
295,256344,0,0,37,5,0,0,2,1,4,0,1,1,1,5,2
296,229344,0,0,37,5,0,0,2,1,6,0,1,1,1,9,1
297,235911,0,0,41,0,5,2,4,1,6,0,1,1,2,9,1
297,235912,1,1,34,0,5,2,3,1,6,0,1,3,2,1,1
297,235913,2,1,15,5,5,0,2,2,3,5,2,0,0,0,0
297,235914,2,0,13,5,5,0,2,2,2,4,2,0,0,0,0
297,235915,3,1,72,5,5,3,1,1,0,0,1,3,2,4,1
298,235911,0,0,41,0,5,2,4,1,6,0,1,1,1,9,1
298,235912,1,1,34,0,5,2,3,1,6,0,1,3,2,1,1
298,235913,2,1,14,5,5,0,2,2,2,4,2,0,0,0,0
298,235914,2,0,12,5,5,0,2,2,2,4,2,0,0,0,0
298,235915,3,1,52,5,5,3,1,1,0,0,1,3,2,0,1
299,227944,0,0,38,0,0,0,2,1,6,0,1,1,1,99,1
299,227945,1,1,34,0,0,0,2,1,6,0,1,3,2,0,1
299,227946,2,0,4,5,0,0,0,1,0,0,1,0,0,0,0
299,227947,2,0,5,5,0,0,2,2,1,2,2,0,0,0,0
300,67229,0,0,37,0,0,0,2,1,7,0,1,1,1,99,1
300,67230,1,1,35,0,0,0,2,1,7,0,1,3,2,0,1
300,67231,2,0,4,5,0,0,2,2,1,2,2,0,0,0,0
300,67232,2,0,5,5,0,0,2,2,1,2,2,0,0,0,0
300,67233,2,0,2,5,0,0,0,0,0,0,0,0,0,0,0
301,229344,0,0,37,5,0,0,2,1,6,0,1,1,1,17,1
302,229360,0,0,31,5,0,0,2,1,5,0,1,1,1,7,1
302,229361,2,1,15,5,0,0,2,2,6,6,2,1,2,3,1
303,229340,0,0,38,0,0,0,2,1,9,0,1,1,1,99,1
303,229341,1,1,36,0,0,0,2,1,6,0,1,1,1,0,1
303,229342,2,0,4,5,0,0,0,1,0,0,1,0,0,0,0
303,229343,2,1,4,5,0,0,0,1,1,0,1,0,0,0,0
304,229344,0,0,37,5,0,0,2,1,6,0,1,1,1,17,1
305,229344,0,0,38,5,0,0,2,1,9,0,1,1,1,99,1
306,287344,0,0,38,0,7,0,2,1,6,0,1,1,1,99,2
306,287345,1,1,35,0,7,0,2,1,6,0,1,3,2,0,1
306,287346,2,0,4,5,7,0,0,1,0,0,1,0,0,0,0
306,287347,2,0,7,5,7,0,2,2,1,3,2,0,0,0,0
307,265349,0,0,38,5,0,0,2,1,6,0,1,1,1,15,1
307,265350,3,1,76,4,0,0,2,1,6,0,1,3,0,5,1
308,229344,0,0,37,5,0,0,2,1,6,0,1,1,1,9,1
309,267349,0,0,38,5,0,0,2,1,6,0,1,1,2,9,1
309,267350,3,1,75,4,0,0,2,1,6,0,1,3,0,0,1
310,225755,0,0,31,5,0,0,2,1,7,0,1,2,2,5,1
311,207349,0,0,38,5,0,0,2,1,6,0,1,1,2,6,1
311,207350,3,1,72,4,0,0,2,1,6,0,1,3,0,0,1
312,277349,0,0,38,0,0,0,2,1,6,0,1,1,2,5,1
312,277350,1,1,35,0,0,0,2,1,6,0,1,1,2,1,1
312,277351,2,0,4,5,0,0,0,1,0,0,1,0,0,0,0
313,267349,0,0,38,5,0,0,2,1,6,0,1,1,2,9,1
313,267350,3,1,75,4,0,0,2,1,6,0,1,3,0,4,1
314,229354,0,1,81,0,0,0,2,1,6,0,1,3,0,5,1
314,229355,1,0,76,0,0,0,2,1,6,0,1,3,0,19,1
315,217344,0,0,38,5,0,0,2,1,5,0,1,1,2,9,1
315,217345,3,1,71,0,0,0,2,1,6,0,1,3,0,0,1
316,227940,0,0,38,0,0,0,2,1,6,0,1,1,1,99,1
316,227941,1,1,35,0,0,0,2,1,6,0,1,3,1,0,1
316,227942,2,0,4,5,0,0,0,1,0,0,1,0,0,0,0
316,227943,2,0,7,5,0,0,2,2,1,3,2,0,0,0,0
317,267349,0,0,38,5,0,0,2,1,6,0,1,1,1,99,1
317,267350,3,1,75,4,0,0,2,1,6,0,1,3,0,5,1
318,267349,0,0,38,0,0,0,2,1,6,0,1,1,1,9,1
318,267350,1,1,35,0,0,0,2,1,6,0,1,3,0,0,1
318,267351,2,0,4,5,0,0,0,1,0,0,1,0,0,0,0
318,267352,2,0,5,5,0,0,2,2,1,2,2,0,0,0,0
319,265349,0,0,38,5,0,0,2,1,6,0,1,1,1,9,1
319,265350,3,1,76,4,0,0,2,1,6,0,1,3,0,0,1
320,229344,0,0,38,5,0,0,2,1,9,0,1,1,1,17,1
321,267349,0,0,38,5,0,0,2,1,6,0,1,1,2,9,1
321,267350,3,1,75,4,0,0,2,1,6,0,1,3,0,5,1
322,287349,0,0,38,0,7,0,2,1,6,0,1,1,1,99,2
322,287350,1,1,35,0,7,0,2,1,6,0,1,1,2,5,1
322,287351,2,0,4,5,7,0,0,1,0,0,1,0,0,0,0
322,287352,2,0,5,5,7,0,2,2,1,1,2,0,0,0,0
323,256344,0,0,37,5,0,0,2,1,4,0,1,1,1,9,2
324,227944,0,0,38,0,0,0,2,1,6,0,1,1,1,99,2
324,227945,1,1,34,0,0,0,2,1,6,0,1,3,2,0,1
324,227946,2,0,4,5,0,0,0,1,0,0,1,0,0,0,0
325,265349,0,0,38,0,0,0,2,1,6,0,1,1,1,9,1
325,265350,1,1,35,0,0,0,2,1,6,0,1,3,2,0,1
325,265351,2,0,4,5,0,0,0,1,1,0,1,0,0,0,0
325,265352,3,1,85,4,0,0,2,1,0,0,1,3,0,7,1
326,267349,0,0,38,5,0,0,2,1,6,0,1,1,1,9,1
326,267350,1,1,35,0,0,0,2,1,6,0,1,1,2,3,1
326,267351,2,0,4,5,0,0,0,1,0,0,1,0,0,0,0
326,267352,3,1,75,5,0,0,2,1,0,0,1,3,0,9,1
327,229344,0,0,38,5,0,0,2,1,9,0,1,1,1,9,1
328,267349,0,0,38,0,0,0,2,1,6,0,1,1,1,9,1
328,267350,1,1,35,0,0,0,2,1,6,0,1,3,2,0,1
328,267351,2,0,4,5,0,0,0,1,0,0,1,0,0,0,0
328,267352,3,1,72,5,0,0,0,0,0,0,0,0,0,0,0
329,267349,0,0,38,0,0,0,2,1,6,0,1,1,1,15,1
329,267350,1,1,35,0,0,0,2,1,6,0,1,1,2,1,1
329,267351,2,0,4,5,0,0,0,1,0,0,1,0,0,0,0
329,267352,3,1,75,4,0,0,2,1,0,0,1,3,0,0,1
330,265349,0,0,38,5,0,0,2,1,6,0,1,1,1,9,1
330,265350,3,1,76,4,0,0,2,1,6,0,1,3,0,0,1
331,229330,0,0,24,5,0,0,2,1,7,0,1,1,2,9,1
331,229331,3,1,76,3,0,0,2,1,6,0,1,3,2,6,1
332,205349,0,0,38,0,0,0,2,1,6,0,1,1,2,9,1
332,205350,1,1,36,0,0,0,2,1,6,0,1,1,2,0,1
332,205351,2,0,4,5,0,0,0,1,0,0,1,0,0,0,0
332,205352,3,1,76,5,0,0,2,1,0,0,1,3,0,5,1
333,267349,0,0,38,5,0,0,2,1,6,0,1,1,1,9,1
333,267350,3,1,70,3,0,0,2,1,6,0,1,3,0,0,1
334,269349,0,0,38,5,0,0,2,1,6,0,1,1,1,5,1
335,227944,0,0,38,0,0,0,2,1,6,0,1,1,1,99,2
335,227945,1,1,35,0,0,0,2,1,6,0,1,3,2,0,1
335,227946,2,0,4,5,0,0,0,1,0,0,1,0,0,0,0
335,227947,2,0,5,5,0,0,2,2,1,2,2,0,0,0,0
336,207349,0,0,38,0,0,0,2,1,6,0,1,1,2,9,1
336,207350,1,1,35,0,0,0,2,1,6,0,1,3,0,0,1
336,207351,2,0,4,5,0,0,0,1,0,0,1,0,0,0,0
336,207352,2,0,1,5,0,0,0,0,0,0,0,0,0,0,0
337,267349,0,0,38,0,0,0,2,1,6,0,1,1,1,99,1
337,267350,1,1,35,0,0,0,2,1,6,0,1,3,2,0,1
337,267351,2,0,4,5,0,0,0,1,0,0,1,0,0,0,0
337,267352,3,1,75,4,0,0,2,1,0,0,1,3,0,5,1
338,229360,0,0,31,5,0,0,2,1,6,0,1,1,1,7,1
339,207349,0,0,38,0,0,0,2,1,6,0,1,1,2,9,1
339,207350,1,1,35,0,0,0,2,2,7,6,2,1,2,0,1
340,267349,0,0,38,0,0,0,2,1,6,0,1,1,1,99,1
340,267350,1,1,35,0,0,0,2,1,6,0,1,3,0,0,1
340,267351,2,0,4,5,0,0,0,1,0,0,1,0,0,0,0
340,267352,3,1,75,4,0,0,2,1,0,0,1,3,0,3,1
341,229344,0,0,38,5,0,0,2,1,9,0,1,1,1,9,1
341,229345,7,0,35,5,0,0,2,1,7,0,1,1,2,8,1
342,160022,0,1,54,5,0,0,2,1,7,0,1,1,2,7,1
342,160023,4,1,21,5,0,0,2,1,7,0,1,1,2,5,1
342,160024,7,0,22,5,0,0,2,1,7,0,1,1,2,6,1
343,229354,0,0,31,5,0,0,2,1,6,0,1,1,1,7,1
344,227944,0,0,38,0,0,0,2,1,6,0,1,1,1,99,1
344,227945,1,1,34,0,0,0,2,1,6,0,1,3,2,0,1
344,227946,2,0,4,5,0,0,0,1,0,0,1,0,0,0,0
344,227947,2,0,5,5,0,0,2,2,1,2,2,0,0,0,0
345,227944,0,0,38,0,0,0,2,1,6,0,1,1,1,99,1
345,227945,1,1,34,0,0,0,2,1,6,0,1,3,2,0,1
345,227946,2,0,4,5,0,0,0,1,0,0,1,0,0,0,0
346,287349,0,0,38,0,7,0,2,1,6,0,1,1,1,99,2
346,287350,1,1,35,0,7,0,2,1,6,0,1,1,2,5,2
346,287351,2,0,4,5,7,0,0,1,0,0,1,0,0,0,0
346,287352,2,0,5,5,7,0,2,2,1,2,2,0,0,0,0
347,267349,0,0,38,0,0,0,2,1,6,0,1,1,1,99,1
347,267350,1,1,35,0,0,0,2,1,6,0,1,3,2,0,1
347,267351,2,0,4,5,0,0,0,1,0,0,1,0,0,0,0
347,267352,3,1,85,4,0,0,2,1,0,0,1,3,0,3,1
348,205349,0,0,38,0,0,0,2,1,6,0,1,1,2,9,1
348,205350,1,1,36,0,0,0,2,1,6,0,1,1,2,0,1
348,205351,2,0,7,5,0,0,2,2,1,2,2,0,0,0,0
348,205352,3,1,75,4,0,0,2,1,0,0,1,3,0,9,1
349,226344,0,0,37,5,0,0,2,1,6,0,1,1,1,9,1
349,226345,3,1,76,4,0,0,2,1,6,0,1,3,2,6,1
350,27047,0,0,37,3,0,0,2,1,6,0,1,1,2,19,1
350,27048,2,0,12,5,0,0,2,2,2,4,2,0,0,0,0
351,267349,0,0,38,5,0,0,2,1,6,0,1,1,1,99,1
351,267350,3,1,75,4,0,0,2,1,6,0,1,3,0,5,1
352,205349,0,0,38,0,0,0,2,1,6,0,1,1,2,9,1
352,205350,1,1,36,0,0,0,2,1,6,0,1,1,2,0,1
352,205351,2,0,7,5,0,0,2,2,1,3,2,0,0,0,0
352,205352,3,1,76,4,0,0,2,1,0,0,1,3,0,9,1
353,235911,0,0,41,0,5,2,4,1,6,0,1,1,2,9,1
353,235912,1,1,36,0,5,2,3,1,6,0,1,1,2,0,1
353,235913,2,1,15,5,5,0,2,2,3,5,2,0,0,0,0
353,235914,2,0,13,5,5,0,2,2,2,4,2,0,0,0,0
353,235915,3,1,52,5,5,3,1,1,0,0,1,3,2,3,1
354,237944,0,0,38,0,0,0,2,1,6,0,1,1,1,99,1
354,237945,1,1,35,0,0,0,2,1,7,0,1,3,2,0,1
354,237946,2,0,4,5,0,0,0,1,0,0,1,0,0,0,0
354,237947,2,0,5,5,0,0,2,2,1,2,2,0,0,0,0
355,229360,0,0,24,5,0,0,2,1,7,0,1,1,2,7,1
355,229361,4,1,25,5,0,0,2,2,7,6,2,1,2,0,1
356,207349,0,0,38,5,0,0,2,1,6,0,1,1,2,9,1
356,207350,3,1,75,4,0,0,2,1,7,0,1,3,0,0,1
357,229360,0,0,31,5,0,0,2,1,6,0,1,1,1,7,1
358,267349,0,0,38,0,0,0,2,1,6,0,1,1,1,99,1
358,267350,1,1,35,0,0,0,2,1,6,0,1,3,2,0,1
358,267351,2,0,4,5,0,0,0,1,0,0,1,0,0,0,0
358,267352,3,1,75,4,0,0,2,1,0,0,1,3,0,5,1
359,229344,0,0,38,5,0,0,2,1,9,0,1,1,1,9,1
360,287344,0,0,38,0,7,0,2,1,6,0,1,1,1,99,2
360,287345,1,1,35,0,7,0,2,1,6,0,1,3,2,0,1
360,287346,2,0,4,5,7,0,0,1,0,0,1,0,0,0,0
360,287347,2,1,7,5,7,0,2,2,1,3,2,0,0,0,0
361,235949,0,0,38,0,0,0,2,1,6,0,1,1,1,19,1
361,235950,1,1,39,0,7,0,2,1,7,0,1,1,2,9,2
361,235951,2,0,4,5,7,0,0,1,1,0,1,0,0,0,0
361,235952,2,0,5,5,7,0,2,2,1,2,2,0,0,0,0
362,207349,0,0,38,5,0,0,2,1,6,0,1,1,2,9,1
362,207350,3,1,75,3,0,0,2,1,6,0,1,3,0,5,1
363,229360,0,0,31,5,0,0,2,1,6,0,1,1,1,99,1
364,267349,0,0,38,5,0,0,2,1,6,0,1,1,1,9,1
364,267350,3,1,75,3,0,0,2,1,6,0,1,3,0,0,1
365,205349,0,0,38,0,0,0,2,1,6,0,1,1,2,9,1
365,205350,1,1,36,0,0,0,2,1,6,0,1,1,2,0,1
365,205351,2,0,7,5,0,0,2,2,1,3,2,0,0,0,0
365,205352,2,1,5,5,0,0,2,2,1,2,2,0,0,0,0
366,229354,0,0,31,5,0,0,2,1,6,0,1,1,1,7,1
366,229355,3,1,76,3,0,0,2,1,6,0,1,3,2,15,1
367,287344,0,0,38,5,0,0,2,1,6,0,1,1,1,99,2
367,287345,3,1,70,4,0,0,2,1,6,0,1,3,0,5,1
368,237944,0,0,38,0,6,0,3,1,6,0,1,1,1,99,1
368,237945,1,1,35,0,7,0,2,1,7,0,1,3,2,0,1
368,237946,2,0,4,5,6,0,0,1,0,0,1,0,0,0,0
368,237947,2,0,8,5,6,0,2,2,1,3,2,0,0,0,0
369,207349,0,0,38,5,0,0,2,1,6,0,1,1,2,99,1
369,207350,3,1,72,4,0,0,2,1,6,0,1,3,0,0,1
370,265349,0,0,38,0,5,0,2,1,6,0,1,1,1,9,1
370,265350,1,1,36,0,5,2,2,1,6,0,1,1,2,0,1
370,265351,2,0,7,5,5,0,2,2,1,3,2,0,0,0,0
370,265352,3,1,75,4,5,0,2,1,0,0,1,3,0,7,1
371,229354,0,1,81,0,0,0,2,1,6,0,1,3,0,5,1
371,229355,1,0,76,0,0,0,2,1,6,0,1,3,0,5,1
372,229354,0,1,81,0,0,0,2,1,6,0,1,3,0,5,1
372,229355,1,0,76,0,0,0,2,1,6,0,1,3,0,19,1
373,256344,0,0,37,5,0,0,2,1,6,0,1,1,1,9,2
373,256345,3,1,72,4,0,0,2,1,6,0,1,3,2,8,1
374,227944,0,0,38,0,0,0,2,1,6,0,1,1,1,99,1
374,227945,1,1,35,0,0,0,2,1,6,0,1,3,2,0,1
374,227946,2,0,4,5,0,0,0,1,0,0,1,0,0,0,0
374,227947,2,0,5,5,0,0,2,2,1,2,2,0,0,0,0
375,207349,0,0,38,5,0,0,2,1,6,0,1,1,2,9,1
375,207350,7,0,35,2,0,0,2,1,6,0,1,1,2,0,1
376,229344,0,0,37,5,0,0,2,1,6,0,1,1,1,17,1
377,207349,0,0,38,0,0,0,2,1,6,0,1,1,2,9,1
377,207350,1,1,35,0,0,0,2,1,6,0,1,3,0,0,1
377,207351,2,0,4,5,0,0,0,1,0,0,1,0,0,0,0
377,207352,2,0,5,5,0,0,2,2,1,2,2,0,0,0,0
378,207423,0,0,44,0,0,0,2,1,7,0,1,1,2,99,1
378,207424,1,1,37,0,0,0,2,1,7,0,1,3,0,0,1
378,207425,2,0,4,5,0,0,0,1,0,0,1,0,0,0,0
378,207426,2,0,7,5,0,0,2,2,1,3,2,0,0,0,0
379,235949,0,0,38,0,0,0,2,1,6,0,1,1,1,15,1
379,235950,1,1,39,0,0,0,2,1,7,0,1,1,2,9,2
379,235951,2,0,4,5,0,0,0,1,1,0,1,0,0,0,0
380,235944,0,0,38,0,0,0,2,1,6,0,1,1,1,19,1
380,235945,1,1,36,0,0,0,2,1,6,0,1,3,2,0,1
380,235946,2,0,4,5,0,0,0,1,1,0,1,0,0,0,0
381,227942,0,0,38,0,0,0,2,1,6,0,1,1,2,17,1
381,227943,1,1,35,0,0,0,2,1,6,0,1,3,2,0,1
381,227944,2,0,4,5,0,0,0,1,0,0,1,0,0,0,0
381,227945,2,0,5,5,0,0,2,2,1,2,2,0,0,0,0
382,256344,0,0,37,5,0,0,2,1,6,0,1,1,1,9,2
383,267349,0,0,38,5,0,0,2,1,6,0,1,1,1,9,1
383,267350,3,1,46,0,0,0,2,1,6,0,1,1,2,5,1
384,267349,0,0,38,5,0,0,2,1,6,0,1,1,2,15,1
384,267350,3,1,71,3,0,0,2,1,6,0,1,3,0,0,1
385,227944,0,0,38,0,0,0,2,1,6,0,1,1,1,99,1
385,227945,1,1,39,0,0,0,2,1,6,0,1,3,2,0,1
385,227946,2,0,4,5,0,0,0,1,0,0,1,0,0,0,0
385,227947,2,0,5,5,0,0,2,2,1,2,2,0,0,0,0
386,207349,0,0,38,5,0,0,2,1,6,0,1,1,2,9,1
386,207350,7,0,35,5,0,0,2,1,6,0,1,1,2,0,1
387,267349,0,0,38,0,0,0,2,1,6,0,1,1,1,99,1
387,267350,1,1,35,0,0,0,2,1,6,0,1,3,2,0,1
387,267351,2,0,4,5,0,0,0,1,0,0,1,0,0,0,0
387,267352,3,1,75,4,0,0,2,1,0,0,1,3,0,1,1
388,256344,0,0,37,5,0,0,2,1,4,0,1,1,1,9,2
389,235944,0,0,38,0,7,0,2,1,6,0,1,1,1,19,2
389,235945,1,1,37,0,7,0,2,1,6,0,1,3,2,5,2
389,235946,2,0,4,5,7,0,0,1,0,0,1,0,0,0,0
389,235947,2,0,2,5,7,0,0,0,0,0,0,0,0,0,0
390,229344,0,0,37,5,0,0,2,1,9,0,1,1,1,9,1
390,229345,7,0,31,5,0,0,2,2,7,6,2,1,2,0,1
391,229344,0,0,38,5,0,0,2,1,9,0,1,1,1,9,1
391,229345,7,0,34,5,0,0,2,2,7,6,2,1,2,0,1
392,267349,0,0,38,0,0,0,2,1,6,0,1,1,1,99,1
392,267350,1,1,35,0,0,0,2,1,6,0,1,3,2,0,1
392,267351,2,0,4,5,0,0,0,1,0,0,1,0,0,0,0
392,267352,3,1,75,4,0,0,2,1,0,0,1,3,0,5,1
393,229354,0,0,31,5,0,0,2,1,6,0,1,1,1,7,1
393,229355,3,1,76,0,0,0,2,1,6,0,1,3,2,15,1
394,227944,0,0,38,0,0,0,2,1,6,0,1,1,1,99,1
394,227945,1,1,35,0,0,0,2,1,6,0,1,3,2,0,1
394,227946,2,0,4,5,0,0,0,1,0,0,1,0,0,0,0
395,267349,0,0,38,5,0,0,2,1,6,0,1,1,1,99,1
395,267350,3,1,75,3,0,0,2,1,6,0,1,3,0,0,1
396,229354,0,1,81,0,0,0,2,1,6,0,1,3,0,5,1
396,229355,1,0,76,0,0,0,2,1,6,0,1,3,0,19,1
397,207349,0,0,38,5,0,0,2,1,6,0,1,1,2,9,1
397,207350,3,1,70,4,0,0,2,1,6,0,1,3,0,5,1
398,207349,0,0,38,0,0,0,2,1,6,0,1,1,2,5,1
398,207350,1,1,36,0,0,0,2,1,6,0,1,1,2,9,1
399,229360,0,0,22,5,0,0,2,1,7,0,1,1,2,7,1
399,229361,7,1,27,5,0,0,2,2,7,6,2,1,2,9,1
400,207349,0,0,38,5,0,0,2,1,6,0,1,1,2,9,1
400,207350,3,1,75,3,0,0,2,1,6,0,1,3,0,4,1
401,235919,0,0,48,0,5,2,4,1,6,0,1,1,1,15,1
401,235920,1,1,36,0,5,2,4,1,6,0,1,1,2,0,1
401,235921,2,1,15,5,5,0,2,2,3,5,2,0,0,0,0
401,235922,2,0,11,5,5,0,2,2,2,4,2,0,0,0,0
402,265349,0,0,38,0,0,0,2,1,6,0,1,1,1,9,1
402,265350,1,1,37,0,0,0,2,1,6,0,1,1,2,9,1
402,265351,2,0,4,5,0,0,0,1,1,0,1,0,0,0,0
403,265349,0,0,38,5,0,0,2,1,6,0,1,1,1,9,1
403,265350,3,1,76,4,0,0,2,1,6,0,1,3,0,0,1
404,229344,0,0,37,5,0,0,2,1,6,0,1,1,1,9,1
405,265349,0,0,38,0,0,0,2,1,6,0,1,1,1,9,1
405,265350,1,1,36,0,0,0,2,1,6,0,1,1,2,0,1
405,265351,2,0,5,5,0,0,2,2,1,2,2,0,0,0,0
405,265352,3,1,75,4,0,0,2,1,0,0,1,3,0,9,1
406,235911,0,0,41,0,5,2,4,1,6,0,1,1,2,9,1
406,235912,1,1,34,0,5,2,3,1,6,0,1,3,2,1,1
406,235913,2,1,16,1,5,3,3,2,5,5,2,2,0,0,1
406,235914,2,1,16,5,5,3,3,2,4,5,2,3,0,9,2
406,235915,3,1,52,5,5,3,3,1,0,0,1,3,2,0,1
406,235916,3,0,67,5,5,3,3,2,2,4,2,0,0,0,0
406,235917,3,1,55,3,5,3,1,1,1,0,1,3,0,0,1
406,235918,3,1,5,5,5,1,2,1,0,0,1,3,0,0,1
406,235919,3,1,5,5,5,2,3,2,1,3,2,0,0,0,0
406,235920,2,0,4,5,5,2,0,1,1,0,1,0,0,0,0
407,235944,0,0,38,0,0,0,2,1,6,0,1,1,1,15,1
407,235945,1,1,31,0,0,0,2,1,7,0,1,3,2,0,1
407,235946,2,0,4,5,0,0,0,1,0,0,1,0,0,0,0
407,235947,2,0,2,5,0,0,0,0,0,0,0,0,0,0,0
408,267349,0,0,38,0,0,0,2,1,6,0,1,1,1,9,1
408,267350,1,1,35,0,0,0,2,1,6,0,1,3,2,0,1
408,267351,2,0,4,5,0,0,0,1,0,0,1,0,0,0,0
408,267352,3,1,75,4,0,0,2,1,0,0,1,3,0,6,1
409,235979,0,0,38,0,0,0,2,1,6,0,1,1,1,99,1
409,235980,1,1,39,0,0,0,2,1,6,0,1,3,2,0,1
409,235981,2,1,4,5,0,0,0,1,0,0,1,0,0,0,0
409,235982,2,0,5,5,0,0,2,2,1,2,2,0,0,0,0
410,267349,0,0,38,0,0,0,2,1,6,0,1,1,1,9,1
410,267350,1,1,35,0,0,0,2,1,6,0,1,3,2,0,1
410,267351,2,0,4,5,0,0,0,1,0,0,1,0,0,0,0
410,267352,3,1,85,4,0,0,2,1,0,0,1,3,0,5,1
411,229354,0,1,81,0,0,0,2,1,6,0,1,3,0,5,1
411,229355,1,0,76,0,0,0,2,1,6,0,1,3,0,19,1
412,229354,0,0,31,5,0,0,2,1,6,0,1,1,1,7,1
412,229355,3,1,76,3,0,0,2,1,6,0,1,3,2,15,1
413,229360,0,0,31,5,0,0,2,1,6,0,1,1,1,9,1
414,267349,0,0,38,0,0,0,2,1,6,0,1,1,1,99,1
414,267350,1,1,35,0,0,0,2,1,6,0,1,3,2,0,1
414,267351,2,0,4,5,0,0,0,1,0,0,1,0,0,0,0
414,267352,2,0,5,5,0,0,2,2,1,2,2,0,0,0,0
415,256344,0,0,71,0,0,0,2,1,6,0,1,3,0,9,1
415,256345,1,1,66,0,0,0,2,1,6,0,1,3,2,5,1
416,267349,0,0,38,5,0,0,2,1,6,0,1,1,2,15,1
416,267350,3,1,76,3,0,0,2,1,6,0,1,3,0,0,1
417,207349,0,0,38,5,0,0,2,1,6,0,1,1,2,7,1
417,207350,3,1,75,3,0,0,2,1,6,0,1,3,0,5,1
418,207349,0,0,38,0,0,0,2,1,6,0,1,1,2,7,1
418,207350,1,1,36,0,0,0,2,1,6,0,1,1,2,0,1
419,269349,0,0,38,5,0,0,2,1,6,0,1,1,1,9,1
420,267349,0,0,38,5,0,0,2,1,6,0,1,1,1,99,1
420,267350,3,1,75,4,0,0,2,1,6,0,1,3,0,5,1
421,265743,0,1,55,4,0,0,2,1,7,0,1,1,1,15,1
422,207422,0,0,41,0,0,0,2,1,7,0,1,1,2,67,1
422,207423,1,1,37,0,0,0,2,1,7,0,1,1,2,99,1
422,207424,2,0,14,5,0,0,2,2,2,4,2,0,0,0,0
422,207425,2,0,13,5,0,0,2,2,2,4,2,0,0,0,0
422,207426,2,1,7,5,0,0,2,2,1,3,2,0,0,0,0
422,207427,2,1,7,5,0,0,0,1,0,0,1,0,0,0,0
423,229344,0,0,37,5,0,0,2,1,9,0,1,1,1,9,1
423,229345,7,0,35,5,0,0,2,1,6,0,1,1,2,7,1
424,229360,0,0,31,5,0,0,2,1,6,0,1,1,1,7,1
425,229354,0,0,31,5,0,0,2,1,6,0,1,1,1,7,1
426,207349,0,0,38,0,0,0,2,1,6,0,1,1,2,5,1
426,207350,1,1,35,0,0,0,2,1,6,0,1,1,2,3,1
427,229344,0,0,37,5,0,0,2,1,9,0,1,1,1,9,1
428,229344,0,0,38,5,0,0,2,1,9,0,1,1,1,17,1
429,229344,0,0,37,5,0,0,2,1,9,0,1,1,1,9,1
430,235919,0,0,48,0,5,2,4,1,6,0,1,1,1,32,1
430,235920,1,1,36,0,5,2,4,1,6,0,1,1,2,0,1
430,235921,2,1,16,5,5,0,2,2,2,4,2,0,0,0,0
430,235922,3,1,85,4,5,3,1,1,0,0,1,3,0,9,2
431,201349,0,0,38,5,0,0,2,1,6,0,1,1,1,5,1
431,201350,7,0,35,5,0,0,2,1,6,0,1,1,2,4,1
432,207349,0,0,38,0,0,0,2,1,6,0,1,1,2,5,1
432,207350,1,1,35,0,0,0,2,1,6,0,1,1,2,1,1
433,229344,0,0,37,5,0,0,2,1,9,0,1,1,1,9,1
434,267349,0,0,38,0,0,0,2,1,6,0,1,1,1,99,1
434,267350,1,1,35,0,0,0,2,1,6,0,1,3,2,0,1
434,267351,2,0,4,5,0,0,0,1,0,0,1,0,0,0,0
434,267352,3,1,85,4,0,0,2,1,0,0,1,3,0,9,2
435,267349,0,0,38,0,0,0,2,1,6,0,1,1,1,99,1
435,267350,1,1,35,0,0,0,2,1,6,0,1,3,2,0,1
435,267351,2,0,4,5,0,0,0,1,0,0,1,0,0,0,0
435,267352,3,1,75,4,0,0,2,1,0,0,1,3,0,9,1
436,227944,0,0,38,0,0,0,2,1,6,0,1,1,1,99,1
436,227945,1,1,34,0,0,0,2,1,6,0,1,3,2,0,1
436,227946,2,0,4,5,0,0,0,1,0,0,1,0,0,0,0
436,227947,2,0,5,5,0,0,2,2,1,2,2,0,0,0,0
437,267349,0,0,38,5,0,0,2,1,6,0,1,1,1,99,1
437,267350,3,1,75,4,0,0,2,1,6,0,1,3,0,5,1
438,207422,0,0,54,0,0,0,2,1,7,0,1,1,2,7,1
438,207423,1,1,55,0,0,0,2,1,7,0,1,3,0,0,1
439,229344,0,0,38,5,0,0,2,1,9,0,1,1,1,9,1
440,201349,0,0,38,5,0,0,2,1,6,0,1,1,1,5,1
440,201350,7,0,35,5,0,0,2,1,6,0,1,1,2,3,1
441,229344,0,0,38,5,0,0,2,1,6,0,1,1,1,17,1
442,267349,0,0,38,5,0,0,2,1,6,0,1,1,2,9,1
442,267350,3,1,75,4,0,0,2,1,6,0,1,3,0,8,1
443,269344,0,0,38,5,0,0,2,1,9,0,1,1,1,9,1
443,269345,7,0,31,5,0,0,2,1,6,0,1,1,2,5,1
444,229344,0,0,37,5,0,0,2,1,9,0,1,1,1,9,1
445,229340,0,0,38,5,0,0,2,1,6,0,1,1,1,99,1
446,229340,0,0,38,0,0,0,2,1,2,0,1,1,1,99,1
446,229341,1,1,36,0,0,0,2,1,6,0,1,1,2,0,1
446,229342,2,0,14,5,0,0,2,2,2,4,2,0,0,0,0
446,229343,2,0,5,5,0,0,2,2,1,2,2,0,0,0,0
447,227944,0,0,38,0,0,0,2,1,6,0,1,1,1,99,1
447,227945,1,1,35,0,0,0,2,1,6,0,1,3,2,0,1
447,227946,2,0,4,5,0,0,0,1,0,0,1,0,0,0,0
447,227947,2,0,5,5,0,0,2,2,1,2,2,0,0,0,0
448,267349,0,0,38,0,0,0,2,1,6,0,1,1,1,99,1
448,267350,1,1,35,0,0,0,2,1,6,0,1,3,2,0,1
448,267351,2,0,4,5,0,0,0,1,0,0,1,0,0,0,0
448,267352,3,1,75,4,0,0,2,1,0,0,1,3,0,9,1
449,267349,0,0,38,5,0,0,2,1,6,0,1,1,1,99,1
449,267350,3,1,75,4,0,0,2,1,6,0,1,3,0,0,1
450,267349,0,0,38,0,5,0,2,1,6,0,1,1,1,99,1
450,267350,1,1,35,0,5,2,2,1,6,0,1,3,2,0,1
450,267351,2,0,4,5,5,0,0,1,0,0,1,0,0,0,0
450,267352,3,1,75,4,5,0,2,1,0,0,1,3,0,9,2
451,229344,0,0,37,5,0,0,2,1,6,0,1,1,1,9,1
452,227944,0,0,38,0,0,0,2,1,6,0,1,1,1,99,1
452,227945,1,1,35,0,0,0,2,1,6,0,1,3,2,0,1
452,227946,2,0,4,5,0,0,0,1,0,0,1,0,0,0,0
452,227947,2,0,5,5,0,0,2,2,1,2,2,0,0,0,0
453,207349,0,0,38,0,0,0,2,1,6,0,1,1,2,99,1
453,207350,1,1,35,0,0,0,2,1,6,0,1,3,2,0,1
453,207351,2,0,4,5,0,0,0,1,0,0,1,0,0,0,0
453,207352,3,1,72,5,0,0,2,1,0,0,1,3,2,5,1
454,207349,0,0,38,5,0,0,2,1,6,0,1,1,2,5,1
454,207350,3,1,75,3,0,0,2,1,6,0,1,3,0,0,1
455,267349,0,0,38,0,0,0,2,1,6,0,1,1,1,99,1
455,267350,1,1,35,0,0,0,2,1,6,0,1,3,2,0,1
455,267351,2,0,4,5,0,0,0,1,0,0,1,0,0,0,0
455,267352,3,1,75,4,0,0,2,1,0,0,1,3,0,4,2
456,229360,0,0,24,0,0,0,2,1,7,0,1,1,2,9,1
456,229361,1,1,25,0,0,0,2,2,7,6,2,1,2,3,1
457,267349,0,0,38,0,0,0,2,1,6,0,1,1,1,99,1
457,267350,1,1,35,0,0,0,2,1,6,0,1,3,2,0,1
457,267351,2,0,4,5,0,0,0,1,0,0,1,0,0,0,0
457,267352,2,0,5,5,0,0,2,2,1,2,2,0,0,0,0
458,209354,0,1,81,0,0,0,2,1,6,0,1,3,0,5,1
458,209355,1,0,76,0,0,0,2,1,6,0,1,3,0,19,1
459,267349,0,0,38,5,0,0,2,1,6,0,1,1,2,9,1
459,267350,3,1,75,3,0,0,2,1,6,0,1,3,0,5,1
460,229360,0,0,31,5,0,0,2,1,6,0,1,1,1,7,1
461,267349,0,0,38,0,0,0,2,1,6,0,1,1,1,99,1
461,267350,1,1,35,0,0,0,2,1,6,0,1,3,2,0,1
461,267351,2,0,4,5,0,0,0,1,0,0,1,0,0,0,0
461,267352,2,0,5,5,0,0,2,2,1,2,2,0,0,0,0
462,229344,0,0,38,5,0,0,2,1,9,0,1,1,1,17,1
463,269344,0,0,38,5,0,0,2,1,9,0,1,1,1,9,1
463,269345,7,0,31,5,0,0,2,1,6,0,1,1,2,7,1
464,207349,0,0,38,0,0,0,2,1,6,0,1,1,2,9,1
464,207350,1,1,35,0,0,0,2,1,6,0,1,3,0,0,1
464,207351,2,0,4,5,0,0,0,1,0,0,1,0,0,0,0
464,207352,3,1,75,1,0,0,2,1,0,0,1,3,0,5,1
465,226344,0,0,37,5,0,0,2,1,9,0,1,1,1,9,1
465,226345,3,1,70,3,0,0,2,1,6,0,1,3,2,0,1
466,229344,0,0,38,5,0,0,2,1,9,0,1,1,1,9,1
467,207349,0,0,38,5,0,0,2,1,6,0,1,1,2,6,1
467,207350,3,1,72,3,0,0,2,1,6,0,1,3,0,0,1
468,267349,0,0,38,5,0,0,2,1,6,0,1,1,1,99,1
468,267350,3,1,75,3,0,0,2,1,6,0,1,3,0,5,1
469,267349,0,0,38,0,0,0,2,1,6,0,1,1,1,9,1
469,267350,1,1,35,0,0,0,2,1,6,0,1,3,2,0,1
469,267351,2,0,4,5,0,0,0,1,0,0,1,0,0,0,0
469,267352,3,1,75,4,0,0,2,1,0,0,1,3,0,3,1
470,27097,0,1,39,3,0,0,2,2,7,6,2,1,2,10,1
470,27098,2,0,15,5,0,0,2,2,3,5,2,0,0,0,0
470,27099,2,0,12,5,0,0,2,2,2,4,2,0,0,0,0
471,229340,0,0,38,0,0,0,2,1,2,0,1,1,1,99,1
471,229341,1,1,36,0,0,0,2,1,6,0,1,1,2,9,2
471,229342,2,0,4,5,0,0,0,1,0,0,1,0,0,0,0
471,229343,2,1,5,5,0,0,2,2,1,2,2,0,0,0,0
472,267349,0,0,38,0,0,0,2,1,6,0,1,1,1,9,1
472,267350,1,1,35,0,0,0,2,1,6,0,1,3,0,0,1
472,267351,2,0,4,5,0,0,0,1,0,0,1,0,0,0,0
472,267352,3,1,85,4,0,0,2,1,0,0,1,3,0,5,2
473,229344,0,0,38,5,0,0,2,1,9,0,1,1,1,9,1
473,229345,7,0,36,3,0,0,2,1,6,0,1,1,2,9,1
474,27049,0,0,37,5,0,0,2,1,6,0,1,1,2,17,1
474,27050,2,0,11,5,0,0,2,2,2,4,2,0,0,0,0
474,27051,6,0,9,5,0,0,2,2,1,3,2,0,0,0,0
475,267349,0,0,38,5,0,0,2,1,6,0,1,1,1,9,1
475,267350,3,1,75,3,0,0,2,1,6,0,1,3,0,4,1
476,265349,0,0,38,0,0,0,2,1,6,0,1,1,1,99,1
476,265350,1,1,35,0,7,0,2,1,6,0,1,3,2,0,1
476,265351,2,0,4,5,7,0,0,1,0,0,1,0,0,0,0
476,265352,2,0,5,5,7,0,2,2,1,2,2,0,0,0,0
477,207349,0,0,38,0,0,0,2,1,6,0,1,1,2,5,1
477,207350,1,1,35,0,0,0,2,1,6,0,1,3,0,0,1
478,229354,0,1,81,0,0,0,2,1,6,0,1,3,0,5,1
478,229355,1,0,76,0,0,0,2,1,6,0,1,3,0,19,1
479,287342,0,0,38,0,7,0,2,1,6,0,1,1,1,15,1
479,287343,1,1,35,0,7,0,2,1,6,0,1,1,2,3,1
479,287344,2,0,4,5,7,0,0,1,0,0,1,0,0,0,0
479,287345,2,1,7,5,7,0,2,2,1,3,2,0,0,0,0
480,229334,0,0,27,5,0,0,2,1,9,0,1,1,2,9,1
480,229335,7,1,25,5,0,0,2,2,7,6,2,1,2,0,1
481,269347,0,0,38,5,0,0,2,1,9,0,1,1,1,11,1
482,207349,0,0,38,5,0,0,2,1,6,0,1,1,2,5,1
482,207350,3,1,72,3,0,0,2,1,6,0,1,1,2,2,1
483,227944,0,0,38,0,0,0,2,1,6,0,1,1,1,99,2
483,227945,1,1,35,0,0,0,2,1,6,0,1,3,2,0,1
483,227946,2,0,4,5,0,0,0,1,0,0,1,0,0,0,0
484,265743,0,1,55,4,0,0,2,1,7,0,1,1,1,15,1
485,205349,0,0,38,5,0,0,2,1,6,0,1,1,2,9,1
485,205350,4,1,37,5,0,0,2,1,6,0,1,1,2,0,1
486,229360,0,0,24,0,0,0,2,1,7,0,1,1,2,9,1
486,229361,1,1,25,0,0,0,2,2,7,6,2,1,2,9,1
486,229362,2,1,4,5,0,0,0,1,0,0,1,0,0,0,0
486,229363,2,0,5,5,0,0,2,2,1,2,2,0,0,0,0
487,229330,0,0,24,5,0,0,2,1,7,0,1,1,2,9,1
487,229331,7,1,25,5,0,0,2,2,7,6,2,1,2,0,1
488,229360,0,0,31,5,0,0,2,1,6,0,1,1,1,7,1
489,227944,0,0,38,0,0,0,2,1,6,0,1,1,1,99,1
489,227945,1,1,35,0,0,0,2,1,6,0,1,3,2,0,1
489,227946,2,0,4,5,0,0,0,1,0,0,1,0,0,0,0
490,229360,0,0,31,5,0,0,2,1,5,0,1,1,1,7,1
490,229361,2,1,15,5,0,0,2,2,6,6,2,1,2,1,1
490,229362,2,0,13,5,0,0,2,2,2,4,2,0,0,0,0
491,229344,0,0,38,5,0,0,2,1,6,0,1,1,1,17,1
492,207349,0,0,38,5,0,0,2,1,6,0,1,1,2,9,1
492,207350,3,1,79,4,0,0,2,1,7,0,1,3,0,5,1
493,265349,0,0,38,0,0,0,2,1,6,0,1,1,1,9,1
493,265350,1,1,36,0,0,0,2,1,6,0,1,1,2,0,1
493,265351,2,0,4,5,0,0,0,1,0,0,1,0,0,0,0
493,265352,3,1,85,4,0,0,2,1,0,0,1,3,0,9,1
494,229344,0,0,37,5,0,0,2,1,6,0,1,1,1,17,1
495,207349,0,0,38,5,0,0,2,1,6,0,1,1,2,9,1
495,207350,3,1,75,3,0,0,2,1,6,0,1,3,0,0,1
496,267349,0,0,38,5,0,0,2,1,6,0,1,1,1,99,1
496,267350,3,1,75,3,0,0,2,1,6,0,1,3,0,5,1
497,237947,0,0,38,0,0,0,2,1,6,0,1,1,1,19,1
497,237948,1,1,35,0,0,0,2,1,6,0,1,3,2,0,1
497,237949,2,0,4,5,0,0,0,1,0,0,1,0,0,0,0
497,237950,2,0,5,5,0,0,2,2,1,2,2,0,0,0,0
498,267349,0,0,38,0,0,0,2,1,6,0,1,1,1,99,1
498,267350,1,1,35,0,0,0,2,1,6,0,1,3,2,0,1
498,267351,2,0,4,5,0,0,0,1,0,0,1,0,0,0,0
498,267352,3,1,75,4,0,0,2,1,0,0,1,3,0,9,1
499,229354,0,0,31,5,0,0,2,1,6,0,1,1,1,7,1
500,267349,0,0,38,5,0,0,2,1,6,0,1,1,2,9,1
500,267350,3,1,75,4,0,0,2,1,6,0,1,3,0,5,1
501,207423,0,0,44,0,0,0,2,1,7,0,1,1,2,99,1
501,207424,1,1,37,0,0,0,2,1,7,0,1,3,0,0,1
501,207425,2,0,4,5,0,0,0,1,0,0,1,0,0,0,0
501,207426,2,0,7,5,0,0,2,2,1,3,2,0,0,0,0
502,207349,0,0,38,5,0,0,2,1,6,0,1,1,2,9,1
502,207350,3,1,75,3,0,0,2,1,6,0,1,3,0,0,1
503,267349,0,0,38,0,0,0,2,1,6,0,1,1,1,99,1
503,267350,1,1,35,0,0,0,2,1,6,0,1,3,2,0,1
503,267351,2,0,4,5,0,0,0,1,0,0,1,0,0,0,0
503,267352,3,1,75,4,0,0,2,1,0,0,1,3,0,9,1
504,267349,0,0,38,0,0,0,2,1,6,0,1,1,1,99,1
504,267350,1,1,35,0,0,0,2,1,6,0,1,3,2,0,1
504,267351,2,0,4,5,0,0,0,1,0,0,1,0,0,0,0
504,267352,2,0,5,5,0,0,2,2,1,2,2,0,0,0,0
505,207349,0,0,38,5,0,0,2,1,6,0,1,1,2,5,1
505,207350,3,1,75,4,0,0,2,1,6,0,1,3,0,5,1
506,267349,0,0,38,0,0,0,2,1,6,0,1,1,1,99,1
506,267350,1,1,35,0,0,0,2,1,6,0,1,3,2,0,1
506,267351,2,0,4,5,0,0,0,1,0,0,1,0,0,0,0
506,267352,2,0,5,5,0,0,2,2,1,2,2,0,0,0,0
507,201349,0,0,38,5,0,0,2,1,6,0,1,1,1,99,1
507,201350,2,1,12,5,0,0,2,2,2,4,2,0,0,0,0
508,229354,0,1,81,0,0,0,2,1,6,0,1,3,0,5,1
508,229355,1,0,76,0,0,0,2,1,6,0,1,3,0,5,1
509,229360,0,0,21,5,0,0,2,1,6,0,1,1,1,3,1
510,229344,0,0,37,5,0,0,2,1,9,0,1,1,1,9,2
511,229354,0,1,81,0,0,0,2,1,6,0,1,3,0,5,1
511,229355,1,0,76,0,0,0,2,1,6,0,1,3,0,19,1
512,235949,0,0,38,0,0,0,2,1,6,0,1,1,1,19,1
512,235950,1,1,39,0,0,0,2,1,7,0,1,1,1,0,1
512,235951,2,0,15,5,0,0,2,2,3,5,2,0,0,0,0
512,235952,2,0,11,5,0,0,2,2,2,4,2,0,0,0,0
513,267349,0,0,38,0,0,0,2,1,6,0,1,1,1,99,1
513,267350,1,1,35,0,0,0,2,1,6,0,1,3,2,0,1
513,267351,2,0,4,5,0,0,0,1,0,0,1,0,0,0,0
513,267352,3,1,85,4,0,0,2,1,0,0,1,3,0,4,2
514,227944,0,0,38,0,0,0,2,1,6,0,1,1,2,17,1
514,227945,1,1,38,0,0,0,2,1,6,0,1,1,2,12,1
514,227946,2,0,4,5,0,0,0,1,0,0,1,0,0,0,0
515,229360,0,0,31,5,0,0,2,1,6,0,1,1,1,7,1
516,229344,0,0,37,5,0,0,2,1,9,0,1,1,1,9,1
517,229344,0,0,37,5,0,0,2,1,9,0,1,1,1,9,1
517,229345,7,0,31,5,0,0,2,1,6,0,1,1,2,8,1
518,229344,0,0,37,5,0,0,2,1,6,0,1,1,1,9,1
519,207349,0,0,38,5,0,0,2,1,6,0,1,1,2,9,1
519,207350,3,1,75,3,0,0,2,1,6,0,1,3,0,4,1
520,229348,0,0,57,0,7,0,2,1,6,0,1,1,1,15,1
520,229349,1,1,56,0,7,0,2,1,6,0,1,1,1,0,1
521,267349,0,0,38,0,0,0,2,1,6,0,1,1,1,9,1
521,267350,1,1,35,0,0,0,2,1,6,0,1,1,2,3,1
521,267351,2,0,4,5,0,0,0,1,0,0,1,0,0,0,0
521,267352,3,1,75,4,0,0,2,1,0,0,1,3,0,5,1
522,229344,0,0,37,5,0,0,2,1,6,0,1,1,1,17,1
523,762247,0,1,48,0,0,0,2,1,9,0,1,1,2,9,1
523,762248,1,0,41,0,0,0,2,1,7,0,1,3,1,32,1
523,762249,2,0,18,5,0,0,2,2,6,5,2,3,0,0,1
523,762250,3,1,85,4,0,0,2,1,0,0,1,3,0,5,2
524,227944,0,0,38,0,0,0,2,1,6,0,1,1,1,99,2
524,227945,1,1,35,0,0,0,2,1,6,0,1,3,2,0,1
524,227946,2,0,4,5,0,0,0,1,0,0,1,0,0,0,0
525,226344,0,0,37,5,0,0,2,1,6,0,1,1,1,9,1
525,226345,2,1,4,5,0,0,0,1,1,0,1,0,0,0,0
526,207349,0,0,38,5,0,0,2,1,6,0,1,1,2,9,1
526,207350,3,1,72,4,0,0,2,1,6,0,1,3,0,0,1
527,229354,0,0,31,5,0,0,2,1,6,0,1,1,1,7,1
527,229355,3,1,76,3,0,0,2,1,6,0,1,3,2,15,1
528,267349,0,0,38,5,0,0,2,1,6,0,1,1,1,99,1
528,267350,3,1,75,1,0,0,2,1,6,0,1,3,0,4,1
529,267349,0,0,38,5,0,0,2,1,6,0,1,1,1,99,1
529,267350,3,1,75,3,0,0,2,1,6,0,1,3,0,5,1
530,229360,0,0,22,5,0,0,2,1,7,0,1,1,2,9,1
530,229361,7,1,25,5,0,0,2,2,7,6,2,1,2,3,1
531,229354,0,0,31,5,0,0,2,1,6,0,1,1,1,7,1
532,27097,0,1,39,3,0,0,2,2,7,6,2,1,2,10,1
532,27098,2,0,15,5,0,0,2,2,3,5,2,0,0,0,0
532,27099,2,0,12,5,0,0,2,2,2,4,2,0,0,0,0
533,229340,0,0,38,5,0,0,2,1,9,0,1,1,1,99,1
534,205349,0,0,38,0,0,0,2,1,6,0,1,1,1,17,1
534,205350,1,1,37,0,0,0,2,1,6,0,1,1,2,25,1
535,207349,0,0,38,5,0,0,2,1,6,0,1,1,2,9,1
535,207350,3,1,72,4,0,0,2,1,6,0,1,3,0,0,1
536,267349,0,0,38,5,0,0,2,1,6,0,1,1,2,5,1
536,267350,3,1,75,4,0,0,2,1,6,0,1,3,0,0,1
537,229354,0,1,81,0,0,0,2,1,6,0,1,3,0,5,1
537,229355,1,0,76,0,0,0,2,1,6,0,1,3,0,19,1
538,201349,0,0,38,5,0,0,2,1,6,0,1,1,1,99,1
538,201350,3,1,76,4,0,0,2,1,6,0,1,3,0,4,1
539,207349,0,0,38,0,0,0,2,1,6,0,1,1,2,19,1
539,207350,1,1,35,0,0,0,2,1,6,0,1,3,0,0,1
539,207351,2,0,4,5,0,0,0,1,0,0,1,0,0,0,0
539,207352,2,0,5,5,0,0,2,2,1,2,2,0,0,0,0
540,207349,0,0,38,5,0,0,2,1,6,0,1,1,2,9,1
540,207350,3,1,75,3,0,0,2,1,6,0,1,3,0,5,1
541,267349,0,0,38,0,0,0,2,1,6,0,1,1,1,9,1
541,267350,1,1,35,0,0,0,2,1,6,0,1,3,2,0,1
541,267351,2,0,4,5,0,0,0,1,0,0,1,0,0,0,0
541,267352,3,1,75,4,0,0,2,1,0,0,1,3,0,9,1
542,229360,0,0,22,5,0,0,2,1,7,0,1,1,2,7,1
542,229361,4,1,27,5,0,0,2,2,7,6,2,1,2,3,1
543,223344,0,0,37,5,0,0,2,1,6,0,1,1,1,17,1
543,223345,2,0,11,5,0,0,2,2,2,4,2,0,0,0,0
544,229340,0,0,38,0,0,0,2,1,5,0,1,1,1,99,1
544,229341,1,1,36,0,0,0,2,1,6,0,1,1,1,0,2
544,229342,2,0,14,5,0,0,2,2,2,4,2,0,0,0,0
544,229343,2,1,5,5,0,0,2,2,1,2,2,0,0,0,0
545,267349,0,0,38,0,0,0,2,1,6,0,1,1,2,99,1
545,267350,1,1,35,0,0,0,2,1,6,0,1,3,2,0,1
545,267351,2,0,4,5,0,0,0,1,0,0,1,0,0,0,0
545,267352,3,1,75,4,0,0,2,1,0,0,1,3,0,5,1
546,267349,0,0,38,0,0,0,2,1,6,0,1,1,1,5,1
546,267350,1,1,35,0,0,0,2,1,6,0,1,1,2,3,1
546,267351,2,0,4,5,0,0,0,1,0,0,1,0,0,0,0
546,267352,3,1,85,4,0,0,2,1,0,0,1,3,0,1,1
547,229354,0,1,81,0,0,0,2,1,6,0,1,3,0,5,1
547,229355,1,0,76,0,0,0,2,1,6,0,1,3,0,5,1
548,229354,0,1,81,0,0,0,2,1,6,0,1,3,0,5,1
548,229355,1,0,76,0,0,0,2,1,6,0,1,3,0,8,1
549,267349,0,0,38,5,0,0,2,1,6,0,1,1,2,9,1
549,267350,3,1,75,4,0,0,2,1,6,0,1,3,0,4,1
550,229360,0,0,31,5,0,0,2,1,9,0,1,1,1,7,1
551,229340,0,0,38,0,0,0,2,1,6,0,1,1,1,99,1
551,229341,1,1,36,0,0,0,2,1,6,0,1,1,1,0,1
551,229342,2,0,14,5,0,0,2,2,2,4,2,0,0,0,0
551,229343,2,1,5,5,0,0,2,2,1,2,2,0,0,0,0
552,267349,0,0,38,5,0,0,2,1,6,0,1,1,1,9,1
552,267350,3,1,75,3,0,0,2,1,6,0,1,3,0,5,1
553,207349,0,0,38,5,0,0,2,1,6,0,1,1,2,9,1
553,207350,3,1,76,3,0,0,2,1,6,0,1,3,0,0,1
554,229344,0,0,37,5,0,0,2,1,6,0,1,1,1,9,1
555,229340,0,0,24,5,0,0,2,1,7,0,1,1,2,9,1
556,265743,0,1,55,4,0,0,2,1,7,0,1,1,1,15,1
557,235911,0,0,41,0,5,2,4,1,6,0,1,1,2,17,1
557,235912,1,1,34,0,5,2,3,1,6,0,1,3,2,1,1
557,235913,2,1,15,5,5,0,2,2,3,5,2,0,0,0,0
557,235914,2,0,12,5,5,0,2,2,2,4,2,0,0,0,0
557,235915,3,1,72,5,5,2,3,1,0,0,1,3,2,0,1
558,229354,0,1,85,0,0,0,2,1,6,0,1,3,0,5,1
558,229355,1,0,76,0,0,0,2,1,6,0,1,3,0,75,1
559,269349,0,0,38,5,0,0,2,1,6,0,1,1,1,5,1
560,229354,0,0,31,5,0,0,2,1,6,0,1,1,1,7,1
560,229355,3,1,76,3,0,0,2,1,6,0,1,3,2,10,1
561,267349,0,0,38,5,0,0,2,1,6,0,1,1,2,9,1
561,267350,3,1,75,3,0,0,2,1,6,0,1,3,0,5,1
562,265349,0,0,38,0,0,0,2,1,6,0,1,1,1,9,1
562,265350,1,1,35,0,7,0,2,1,6,0,1,3,2,0,1
562,265351,2,0,4,5,7,0,0,1,0,0,1,0,0,0,0
562,265352,3,1,75,4,0,0,2,1,0,0,1,3,0,9,2
563,225742,0,0,38,0,0,0,2,1,6,0,1,1,1,17,1
563,225743,1,1,39,0,0,0,2,1,7,0,1,1,1,77,1
563,225744,2,0,4,5,0,0,0,1,0,0,1,0,0,0,0
564,229344,0,0,38,5,0,0,2,1,9,0,1,1,1,17,1
565,229340,0,0,38,0,0,0,2,1,9,0,1,1,1,99,1
565,229341,1,1,35,0,0,0,2,1,6,0,1,1,2,15,1
565,229342,2,0,4,5,0,0,0,1,0,0,1,0,0,0,0
565,229343,2,1,5,5,0,0,2,2,1,2,2,0,0,0,0
566,27097,0,1,39,3,0,0,2,2,7,6,2,1,2,19,1
566,27098,2,0,15,5,0,0,2,2,3,5,2,0,0,0,0
566,27099,2,0,12,5,0,0,2,2,2,4,2,0,0,0,0
567,67229,0,0,62,0,0,0,2,1,7,0,1,1,2,6,1
567,67230,1,1,55,0,0,0,2,1,7,0,1,3,0,3,1
568,267349,0,0,38,0,0,0,2,1,6,0,1,1,1,99,1
568,267350,1,1,35,0,0,0,2,1,6,0,1,3,2,0,2
568,267351,2,0,4,5,0,0,0,1,0,0,1,0,0,0,0
568,267352,3,1,71,4,0,0,2,1,0,0,1,3,0,5,1
569,229360,0,0,31,5,0,0,2,1,5,0,1,1,1,7,1
569,229361,2,0,11,5,0,0,2,2,6,6,2,3,2,0,1
570,267349,0,0,38,5,0,0,2,1,6,0,1,1,1,9,1
570,267350,3,1,75,3,0,0,2,1,6,0,1,3,0,5,1
571,207349,0,0,38,0,0,0,2,1,6,0,1,1,2,99,1
571,207350,1,1,35,0,0,0,2,1,6,0,1,3,0,0,1
571,207351,2,0,4,5,0,0,0,1,0,0,1,0,0,0,0
571,207352,2,0,5,5,0,0,2,2,1,2,2,0,0,0,0
572,229334,0,0,37,5,0,0,2,1,6,0,1,1,1,17,1
573,229354,0,1,81,0,0,0,2,1,6,0,1,3,0,5,1
573,229355,1,0,76,0,0,0,2,1,6,0,1,3,0,26,1
574,267349,0,0,38,0,0,0,2,1,6,0,1,1,1,99,1
574,267350,1,1,35,0,0,0,2,1,6,0,1,3,2,0,1
574,267351,2,0,4,5,0,0,0,1,0,0,1,0,0,0,0
574,267352,3,1,72,4,0,0,2,1,6,0,1,3,0,1,1
575,229354,0,1,81,0,0,0,2,1,6,0,1,3,0,5,1
575,229355,1,0,76,0,0,0,2,1,6,0,1,3,0,19,1
576,229360,0,0,31,5,0,0,2,1,9,0,1,1,1,7,1
577,265349,0,0,38,0,0,0,2,1,2,0,1,1,1,9,1
577,265350,1,1,36,0,0,0,2,1,6,0,1,1,2,0,1
577,265351,2,0,7,5,0,0,2,2,1,3,2,0,0,0,0
577,265352,3,1,85,4,0,0,2,1,0,0,1,3,0,9,1
578,226344,0,0,37,5,0,0,2,1,6,0,1,1,1,0,1
578,226345,2,1,4,5,0,0,0,1,1,0,1,0,0,0,0
579,229354,0,1,85,4,0,0,2,1,6,0,1,3,0,5,1
580,207349,0,0,38,0,0,0,2,1,6,0,1,1,2,7,1
580,207350,1,1,35,0,0,0,2,1,7,0,1,1,2,25,1
581,265743,0,1,55,4,0,0,2,1,7,0,1,1,1,15,1
582,229344,0,0,38,5,0,0,2,1,9,0,1,1,1,9,1
583,229360,0,0,24,0,0,0,2,1,7,0,1,1,2,3,1
583,229361,1,1,27,0,0,0,2,2,7,6,2,1,2,9,1
584,227944,0,0,38,0,0,0,2,1,6,0,1,1,1,99,1
584,227945,1,1,34,0,0,0,2,1,6,0,1,3,2,0,1
584,227946,2,0,4,5,0,0,0,1,0,0,1,0,0,0,0
584,227947,2,0,7,5,0,0,2,2,1,3,2,0,0,0,0
585,229340,0,0,58,3,0,0,2,1,2,0,1,1,1,99,1
586,265743,0,1,38,0,0,0,2,1,7,0,1,1,1,15,1
586,265744,1,0,37,0,0,0,2,1,6,0,1,1,2,9,2
586,265745,2,0,4,5,0,0,0,1,0,0,1,0,0,0,0
587,229344,0,0,37,5,0,0,2,1,6,0,1,1,1,9,1
588,227944,0,0,38,0,0,0,2,1,6,0,1,1,1,99,2
588,227945,1,1,35,0,0,0,2,1,6,0,1,3,2,0,1
588,227946,2,0,4,5,0,0,0,1,0,0,1,0,0,0,0
589,265743,0,1,55,4,0,0,2,1,7,0,1,1,1,15,1
590,251687,0,0,84,0,0,0,2,1,6,0,1,3,0,1,1
590,251688,1,1,76,0,0,0,2,1,6,0,1,3,0,15,1
591,265349,0,0,38,0,0,0,2,1,6,0,1,1,1,9,1
591,265350,1,1,36,0,0,0,2,1,6,0,1,1,2,0,1
591,265351,2,0,4,5,0,0,0,1,0,0,1,0,0,0,0
591,265352,3,1,81,4,0,0,2,1,0,0,1,3,0,5,1
592,268344,0,0,38,5,0,0,2,1,9,0,1,1,1,9,1
592,268345,3,1,76,4,0,0,2,1,6,0,1,3,0,5,1
593,217344,0,0,38,5,0,0,2,1,5,0,1,1,2,9,1
593,217345,4,1,36,5,0,0,2,1,6,0,1,1,2,0,1
593,217346,2,0,4,5,0,0,0,1,0,0,1,0,0,0,0
594,215349,0,0,38,5,0,0,2,1,6,0,1,1,1,9,1
594,215350,2,0,12,5,0,0,2,2,2,4,2,0,0,0,0
594,215351,2,0,9,5,0,0,2,2,1,3,2,0,0,0,0
595,227944,0,0,38,0,0,0,2,1,6,0,1,1,2,17,1
595,227945,1,1,34,0,0,0,2,1,6,0,1,1,2,2,1
595,227946,2,0,4,5,0,0,0,1,0,0,1,0,0,0,0
596,235911,0,0,41,0,5,2,4,1,6,0,1,1,2,19,1
596,235912,1,1,36,0,5,2,3,1,6,0,1,3,2,5,2
596,235913,2,1,15,5,5,0,2,2,3,5,2,0,0,0,0
596,235914,2,0,11,5,5,0,2,2,2,4,2,0,0,0,0
596,235915,2,1,5,5,5,0,2,2,1,2,2,0,0,0,0
597,229360,0,0,31,5,0,0,2,1,6,0,1,1,1,7,1
598,229354,0,0,31,5,0,0,2,1,7,0,1,1,1,7,1
598,229355,3,1,76,3,0,0,2,1,6,0,1,3,2,17,1
599,207349,0,0,38,5,0,0,2,1,6,0,1,1,2,9,1
599,207350,3,1,76,3,0,0,2,1,6,0,1,3,0,0,1
600,269347,0,0,38,5,0,0,2,1,9,0,1,1,1,11,1
601,229360,0,0,24,0,0,0,2,1,7,0,1,1,2,9,1
601,229361,1,1,27,0,0,0,2,2,7,6,2,1,2,9,1
601,229362,2,1,6,5,0,0,2,2,1,4,2,0,0,0,0
601,229363,2,0,5,5,0,0,2,2,1,2,2,0,0,0,0
602,229340,0,0,24,5,0,0,2,1,7,0,1,1,2,9,1
603,229344,0,0,37,5,0,0,2,1,6,0,1,1,1,9,1
604,229344,0,0,37,5,0,0,2,1,6,0,1,1,1,17,1
605,237944,0,0,38,0,0,0,2,1,6,0,1,1,1,99,1
605,237945,1,1,35,0,0,0,2,1,7,0,1,3,2,0,1
605,237946,2,0,4,5,0,0,0,1,0,0,1,0,0,0,0
605,237947,2,0,5,5,0,0,2,2,1,2,2,0,0,0,0
606,229354,0,1,81,0,0,0,2,1,6,0,1,3,0,5,1
606,229355,1,0,76,0,0,0,2,1,6,0,1,3,0,19,1
607,229354,0,0,31,5,0,0,2,1,6,0,1,1,1,7,1
607,229355,3,1,76,3,0,0,2,1,6,0,1,3,2,15,1
608,207422,0,0,54,0,0,0,2,1,7,0,1,1,2,7,1
608,207423,1,1,55,0,0,0,2,1,7,0,1,3,0,0,1
609,267349,0,0,38,5,0,0,2,1,6,0,1,1,2,9,1
609,267350,3,1,75,4,0,0,2,1,6,0,1,3,0,5,1
610,265743,0,1,55,4,0,0,2,1,7,0,1,1,1,15,1
611,235919,0,0,48,0,5,2,4,1,6,0,1,1,1,15,1
611,235920,1,1,36,0,5,3,4,1,6,0,1,1,2,1,1
611,235921,2,1,16,5,5,3,3,2,5,5,2,3,0,0,1
611,235922,2,0,16,5,5,0,2,2,4,5,2,3,0,9,2
611,235923,3,1,52,5,5,3,3,1,0,0,1,3,2,0,1
611,235924,2,0,14,5,5,3,3,2,2,4,2,0,0,0,0
611,235925,3,1,55,5,5,3,1,1,1,0,1,3,0,0,1
612,229360,0,0,24,0,0,0,2,1,7,0,1,1,2,9,1
612,229361,1,1,25,0,0,0,2,2,7,6,2,1,2,9,1
612,229362,2,1,4,5,0,0,0,2,1,1,3,0,0,0,0
612,229363,2,0,5,5,0,0,2,2,1,2,2,0,0,0,0
613,267349,0,0,38,5,0,0,2,1,6,0,1,1,1,5,1
613,267350,3,1,76,3,0,0,2,1,6,0,1,3,0,0,2
614,207349,0,0,38,5,0,0,2,1,6,0,1,1,2,5,1
614,207350,3,1,71,0,0,0,2,1,6,0,1,3,0,0,1
615,229344,0,0,38,5,0,0,2,1,6,0,1,1,1,17,1
616,267349,0,0,38,0,0,0,2,1,6,0,1,1,1,99,1
616,267350,1,1,35,0,0,0,2,1,6,0,1,3,2,0,1
616,267351,2,0,4,5,0,0,0,1,0,0,1,0,0,0,0
616,267352,3,1,75,4,0,0,2,1,0,0,1,3,0,3,1
617,229360,0,0,54,0,0,0,2,1,7,0,1,1,1,7,1
617,229361,1,1,52,0,0,0,2,1,7,0,1,1,2,8,1
618,229354,0,1,81,0,0,0,2,1,6,0,1,3,0,5,1
618,229355,1,0,76,0,0,0,2,1,6,0,1,3,0,4,1
619,229340,0,0,38,0,0,0,2,1,9,0,1,1,1,99,1
619,229341,1,1,36,0,0,0,2,1,6,0,1,1,2,0,1
619,229342,2,0,4,5,0,0,0,1,0,0,1,0,0,0,0
619,229343,2,1,5,5,0,0,2,2,1,2,2,0,0,0,0
620,207349,0,0,38,5,0,0,2,1,6,0,1,1,2,9,1
620,207350,3,1,75,4,0,0,2,1,6,0,1,3,0,5,1
621,267349,0,0,38,0,0,0,2,1,6,0,1,1,1,9,1
621,267350,1,1,35,0,0,0,2,1,6,0,1,3,2,0,1
621,267351,2,0,4,5,0,0,0,1,0,0,1,0,0,0,0
621,267352,3,1,76,0,0,0,2,1,6,0,1,3,0,3,1
622,229344,0,0,38,5,0,0,2,1,9,0,1,1,1,9,1
623,265743,0,1,55,4,0,0,2,1,7,0,1,1,1,9,1
624,267349,0,0,38,5,0,0,2,1,6,0,1,1,1,99,1
624,267350,3,1,75,3,0,0,2,1,6,0,1,3,0,0,1
625,207349,0,0,38,5,0,0,2,1,6,0,1,1,2,99,1
625,207350,3,1,75,3,0,0,2,1,6,0,1,3,0,0,1
626,229344,0,0,38,5,0,0,2,1,9,0,1,1,1,9,1
627,267349,0,0,38,0,0,0,2,1,6,0,1,1,1,99,1
627,267350,1,1,35,0,0,0,2,1,6,0,1,3,2,0,1
627,267351,2,0,4,5,0,0,0,1,0,0,1,0,0,0,0
627,267352,3,1,75,4,0,0,2,1,0,0,1,3,0,4,1
628,229340,0,0,38,5,0,0,2,1,9,0,1,1,1,99,1
629,265349,0,0,38,0,0,0,2,1,6,0,1,1,1,99,1
629,265350,1,1,37,0,0,0,2,1,6,0,1,1,2,5,1
629,265351,2,0,6,5,0,0,2,2,1,2,2,0,0,0,0
629,265352,3,1,75,4,0,0,2,1,0,0,1,3,0,4,1
630,235949,0,0,38,0,0,0,2,1,6,0,1,1,1,19,1
630,235950,1,1,39,0,0,0,2,1,7,0,1,1,2,9,1
630,235951,2,0,4,5,0,0,0,1,1,0,1,0,0,0,0
630,235952,2,0,5,5,0,0,2,2,1,2,2,0,0,0,0
631,227944,0,0,38,0,0,0,2,1,6,0,1,1,1,99,1
631,227945,1,1,35,0,0,0,2,1,6,0,1,3,2,0,1
631,227946,2,0,4,5,0,0,0,1,0,0,1,0,0,0,0
632,229340,0,0,24,5,0,0,2,1,6,0,1,1,2,9,1
633,267349,0,0,38,5,0,0,2,1,6,0,1,1,2,9,1
633,267350,3,1,75,3,0,0,2,1,6,0,1,3,0,0,1
634,207349,0,0,38,0,0,0,2,1,6,0,1,1,2,7,1
634,207350,1,1,35,0,0,0,2,1,7,0,1,1,2,25,1
635,229354,0,0,32,5,0,0,2,1,6,0,1,1,1,7,1
636,267349,0,0,38,0,0,0,2,1,6,0,1,1,1,99,1
636,267350,1,1,35,0,0,0,2,1,6,0,1,3,2,0,1
636,267351,2,0,4,5,0,0,0,1,0,0,1,0,0,0,0
636,267352,2,0,5,5,0,0,2,2,1,2,2,0,0,0,0
637,229340,0,0,58,0,0,0,2,1,2,0,1,1,1,97,1
637,229341,1,1,57,0,0,0,2,1,6,0,1,1,2,8,1
638,229354,0,0,37,5,0,0,2,1,6,0,1,1,1,7,1
639,229340,0,0,24,5,0,0,2,1,7,0,1,1,2,9,1
640,229344,0,0,37,5,0,0,2,1,9,0,1,1,1,9,1
640,229345,7,0,36,5,0,0,2,1,6,0,1,1,2,9,1
641,265349,0,0,38,0,0,0,2,1,6,0,1,1,1,15,1
641,265350,1,1,37,0,0,0,2,1,6,0,1,1,2,1,1
641,265351,2,0,4,5,0,0,0,1,1,0,1,0,0,0,0
642,265349,0,0,38,0,4,0,2,1,6,0,1,1,1,9,1
642,265350,1,1,37,0,7,0,2,1,6,0,1,1,2,0,1
642,265351,2,0,4,5,7,0,0,1,0,0,1,0,0,0,0
642,265352,3,1,75,4,0,0,2,1,0,0,1,3,0,9,2
643,215357,0,0,31,5,0,0,2,1,6,0,1,1,2,7,1
643,215358,3,1,37,3,0,0,2,1,6,0,1,3,2,5,1
644,229360,0,0,24,0,0,0,2,1,7,0,1,1,2,9,1
644,229361,1,1,27,0,0,0,2,2,7,6,2,1,2,9,1
644,229362,2,1,6,5,0,0,2,2,1,3,2,0,0,0,0
644,229363,2,0,5,5,0,0,2,2,1,2,2,0,0,0,0
645,207349,0,0,38,5,0,0,2,1,6,0,1,1,2,5,1
645,207350,3,1,75,3,0,0,2,1,6,0,1,3,0,0,1
646,207349,0,0,38,0,0,0,2,1,6,0,1,1,2,9,1
646,207350,1,1,35,0,0,0,2,1,6,0,1,3,0,0,1
646,207351,2,0,4,5,0,0,0,1,0,0,1,0,0,0,0
646,207352,2,0,8,5,0,0,2,2,1,3,2,0,0,0,0
647,67327,0,0,30,0,0,0,2,1,7,0,1,1,2,19,1
647,67328,1,1,35,0,0,0,2,1,7,0,1,3,2,0,1
647,67329,2,0,4,5,0,0,0,2,1,1,3,0,0,0,0
647,67330,2,0,7,5,0,0,2,2,1,3,2,0,0,0,0
648,267349,0,0,38,5,0,0,2,1,6,0,1,1,2,9,1
648,267350,3,1,75,4,0,0,2,1,6,0,1,3,0,1,1
649,229344,0,0,37,5,0,0,2,1,9,0,1,1,1,9,1
650,229340,0,0,38,5,0,0,2,1,9,0,1,1,1,9,1
651,207349,0,0,38,0,0,0,2,1,6,0,1,1,2,9,1
651,207350,1,1,35,0,0,0,2,1,6,0,1,3,0,0,1
651,207351,2,0,2,5,0,0,0,1,0,0,1,0,0,0,0
651,207352,3,1,76,4,0,0,2,1,0,0,1,3,0,5,2
652,229354,0,1,81,0,0,0,2,1,6,0,1,3,0,5,1
652,229355,1,0,76,0,0,0,2,1,6,0,1,3,0,19,1
653,267349,0,0,38,5,0,0,2,1,6,0,1,1,1,9,1
653,267350,3,1,75,3,0,0,2,1,6,0,1,3,0,5,1
654,227944,0,0,38,0,0,0,2,1,6,0,1,1,1,99,2
654,227945,1,1,34,0,0,0,2,1,6,0,1,3,2,0,1
654,227946,2,0,4,5,0,0,0,1,0,0,1,0,0,0,0
655,229344,0,0,37,5,0,0,2,1,6,0,1,1,1,9,1
656,267349,0,0,38,5,0,0,2,1,6,0,1,1,2,15,1
656,267350,3,1,75,4,0,0,2,1,6,0,1,3,0,0,1
657,229354,0,1,85,0,0,0,2,1,6,0,1,3,0,5,1
657,229355,1,0,76,0,0,0,2,1,6,0,1,3,0,5,1
658,267349,0,0,38,0,0,0,2,1,6,0,1,1,1,99,1
658,267350,1,1,35,0,0,0,2,1,6,0,1,3,2,0,1
658,267351,2,0,4,5,0,0,0,1,0,0,1,0,0,0,0
658,267352,3,1,75,4,0,0,2,1,0,0,1,3,0,9,2
659,207422,0,0,34,5,0,0,2,1,7,0,1,1,2,7,1
659,207423,3,1,71,0,0,0,2,1,7,0,1,3,0,0,1
660,265349,0,0,38,5,0,0,2,1,6,0,1,1,1,9,1
660,265350,3,1,76,4,0,0,2,1,6,0,1,3,0,0,1
661,27097,0,1,39,3,0,0,2,2,7,6,2,1,2,10,1
661,27098,2,0,15,5,0,0,2,2,3,5,2,0,0,0,0
661,27099,2,0,12,5,0,0,2,2,2,4,2,0,0,0,0
662,229344,0,0,37,5,0,0,2,1,6,0,1,1,1,17,1
663,267349,0,0,38,5,0,0,2,1,6,0,1,1,1,99,1
663,267350,3,1,75,3,0,0,2,1,6,0,1,3,0,4,1
664,227944,0,0,38,0,0,0,2,1,6,0,1,1,2,17,1
664,227945,1,1,34,0,0,0,2,1,6,0,1,1,2,2,1
664,227946,2,0,4,5,0,0,0,1,0,0,1,0,0,0,0
665,229360,0,0,31,5,0,0,2,1,6,0,1,1,1,7,1
666,229354,0,1,81,0,0,0,2,1,6,0,1,3,0,5,1
666,229355,1,0,76,0,0,0,2,1,6,0,1,3,0,5,1
667,265743,0,1,55,4,0,0,2,1,7,0,1,1,1,9,1
668,65789,0,0,27,5,0,0,2,1,9,0,1,1,2,5,1
668,65790,7,0,25,5,0,0,2,1,7,0,1,1,2,9,1
669,227944,0,0,38,0,0,0,2,1,6,0,1,1,1,99,1
669,227945,1,1,34,0,0,0,2,1,6,0,1,3,2,0,1
669,227946,2,0,4,5,0,0,0,1,0,0,1,0,0,0,0
670,265349,0,0,38,0,0,0,2,1,6,0,1,1,1,15,1
670,265350,1,1,37,0,0,0,2,1,6,0,1,1,2,7,1
670,265351,2,0,4,5,0,0,0,1,0,0,1,0,0,0,0
670,265352,3,1,85,4,0,0,2,1,0,0,1,3,0,3,1
671,207349,0,0,38,5,0,0,2,1,6,0,1,1,2,9,1
671,207350,3,1,72,4,0,0,2,1,6,0,1,3,0,0,1
672,207349,0,0,38,0,0,0,2,1,6,0,1,1,2,5,1
672,207350,1,1,35,0,0,0,2,1,6,0,1,1,2,3,1
673,229344,0,0,37,5,0,0,2,1,9,0,1,1,1,0,1
673,229345,7,0,31,5,0,0,2,1,6,0,1,1,2,7,1
674,267349,0,0,38,0,0,0,2,1,6,0,1,1,1,99,1
674,267350,1,1,35,0,0,0,2,1,6,0,1,3,2,0,1
674,267351,2,0,4,5,0,0,0,1,0,0,1,0,0,0,0
674,267352,3,1,75,4,0,0,2,1,0,0,1,3,0,3,1
675,229344,0,0,38,5,0,0,2,1,9,0,1,1,1,11,1
676,229344,0,0,38,5,0,0,2,1,9,0,1,1,1,9,1
677,267349,0,0,38,0,7,0,2,1,6,0,1,1,2,99,1
677,267350,1,1,35,0,7,0,2,1,6,0,1,3,2,0,2
677,267351,2,0,4,5,7,0,0,1,0,0,1,0,0,0,0
677,267352,2,0,5,5,7,0,2,2,1,2,2,0,0,0,0
678,67229,0,0,62,0,0,0,2,1,7,0,1,1,2,3,1
678,67230,1,1,51,0,0,0,2,1,7,0,1,1,2,3,1
679,267349,0,0,38,5,0,0,2,1,6,0,1,1,1,99,1
679,267350,3,1,75,4,0,0,2,1,6,0,1,3,0,5,1
680,267349,0,0,38,0,0,0,2,1,6,0,1,1,1,99,1
680,267350,1,1,35,0,0,0,2,1,6,0,1,3,2,0,1
680,267351,2,0,4,5,0,0,0,1,0,0,1,0,0,0,0
680,267352,3,1,75,4,0,0,2,1,0,0,1,3,0,9,2
681,229360,0,0,34,0,0,0,2,1,6,0,1,1,1,7,1
681,229361,1,1,37,0,0,0,2,1,6,0,1,1,2,9,1
681,229362,2,0,14,5,0,0,2,2,2,4,2,0,0,0,0
681,229363,2,1,5,5,0,0,2,2,1,2,2,0,0,0,0
682,229344,0,0,37,5,0,0,2,1,6,0,1,1,1,9,1
683,267349,0,0,38,5,0,0,2,1,6,0,1,1,2,9,1
683,267350,3,1,70,1,0,0,2,1,6,0,1,3,0,5,1
684,209354,0,1,81,0,0,0,2,1,6,0,1,3,0,5,1
684,209355,1,0,76,0,0,0,2,1,6,0,1,3,0,19,1
685,267349,0,0,38,5,0,0,2,1,6,0,1,1,1,9,1
685,267350,3,1,75,4,0,0,2,1,6,0,1,3,0,5,1
686,267949,0,0,38,0,0,0,2,1,6,0,1,1,1,99,1
686,267950,1,1,35,0,0,0,2,1,6,0,1,3,2,0,1
686,267951,2,0,4,5,0,0,0,1,0,0,1,0,0,0,0
686,267952,2,0,5,5,0,0,2,2,1,2,2,0,0,0,0
687,267349,0,0,38,0,0,0,2,1,6,0,1,1,1,99,1
687,267350,1,1,35,0,0,0,2,1,6,0,1,3,2,0,1
687,267351,2,0,4,5,0,0,0,1,0,0,1,0,0,0,0
687,267352,3,1,81,0,0,0,2,1,0,0,1,3,0,9,1
688,235911,0,0,41,0,5,2,4,1,6,0,1,1,2,19,1
688,235912,1,1,36,0,5,2,3,1,6,0,1,3,2,0,1
688,235913,2,1,15,5,5,0,2,2,3,5,2,0,0,0,0
688,235914,2,0,12,5,5,0,2,2,2,4,2,0,0,0,0
688,235915,3,1,52,5,5,3,3,1,0,0,1,3,2,3,1
689,229340,0,0,38,0,0,0,2,1,0,0,1,1,1,9,1
689,229341,1,1,36,0,0,0,2,1,6,0,1,1,1,0,1
689,229342,2,0,14,5,0,0,2,2,2,4,2,0,0,0,0
689,229343,2,1,7,5,0,0,2,2,1,3,2,0,0,0,0
690,267349,0,0,38,0,0,0,2,1,6,0,1,1,1,9,1
690,267350,1,1,35,0,0,0,2,1,6,0,1,3,2,0,1
690,267351,2,0,4,5,0,0,0,1,0,0,1,0,0,0,0
690,267352,3,1,75,4,0,0,2,1,0,0,1,3,2,3,1
691,207349,0,0,38,5,0,0,2,1,6,0,1,1,2,9,1
691,207350,3,1,75,3,0,0,2,1,6,0,1,3,0,2,1
692,229344,0,0,37,5,0,0,2,1,6,0,1,1,1,9,1
693,229340,0,0,24,5,0,0,2,1,6,0,1,1,2,9,1
694,237944,0,0,38,0,0,0,2,1,6,0,1,1,1,99,2
694,237945,1,1,35,0,0,0,2,1,7,0,1,3,2,0,1
694,237946,2,0,4,5,0,0,0,1,0,0,1,0,0,0,0
694,237947,2,0,7,5,0,0,2,2,1,3,2,0,0,0,0
695,207349,0,0,38,5,0,0,2,1,6,0,1,1,2,5,1
695,207350,3,1,75,3,0,0,2,1,6,0,1,3,0,0,1
696,229360,0,0,22,5,0,0,2,1,7,0,1,1,2,9,1
696,229361,4,1,25,5,0,0,2,2,7,6,2,1,2,9,1
696,229362,7,0,27,5,0,0,2,2,7,6,2,1,2,6,1
697,235949,0,0,38,0,0,0,2,1,6,0,1,1,1,9,1
697,235950,1,1,39,0,0,0,2,1,7,0,1,1,2,9,1
697,235951,2,0,4,5,0,0,0,1,1,0,1,0,0,0,0
697,235952,2,0,5,5,0,0,2,2,1,2,2,0,0,0,0
698,229334,0,0,37,5,0,0,2,1,9,0,1,1,1,7,1
698,229335,7,1,36,5,0,0,2,2,6,6,2,1,2,0,1
699,229344,0,0,37,5,0,0,2,1,9,0,1,1,1,9,1
699,229345,7,0,35,5,0,0,2,1,7,0,1,1,2,8,1
700,267349,0,0,38,0,0,0,2,1,6,0,1,1,1,99,1
700,267350,1,1,35,0,0,0,2,1,6,0,1,3,2,0,1
700,267351,2,0,4,5,0,0,0,1,0,0,1,0,0,0,0
700,267352,2,0,5,5,0,0,2,2,1,2,2,0,0,0,0
701,229354,0,1,81,0,0,0,2,1,6,0,1,3,0,5,1
701,229355,1,0,76,0,0,0,2,1,6,0,1,3,0,19,1
702,229344,0,0,37,5,0,0,2,1,6,0,1,1,1,9,1
703,229354,0,0,31,5,0,0,2,1,6,0,1,1,1,7,1
703,229355,3,1,76,3,0,0,2,1,6,0,1,3,2,10,1
704,229354,0,0,31,5,0,0,2,1,6,0,1,1,1,7,1
704,229355,3,1,76,3,0,0,2,1,6,0,1,3,2,10,1
705,207349,0,0,38,5,0,0,2,1,6,0,1,1,2,9,1
705,207350,7,0,35,5,0,0,2,1,6,0,1,1,2,2,1
706,229339,0,0,36,5,0,0,2,1,6,0,1,1,1,7,1
707,235949,0,0,38,0,0,0,2,1,6,0,1,1,1,99,1
707,235950,1,1,39,0,7,0,2,1,7,0,1,1,2,9,2
707,235951,2,0,4,5,7,0,0,1,1,0,1,0,0,0,0
707,235952,2,0,7,5,7,0,2,2,1,3,2,0,0,0,0
708,805149,0,1,37,5,0,0,2,1,6,0,1,1,1,11,1
708,805150,2,1,9,5,0,0,2,2,1,3,2,0,0,0,0
708,805151,2,1,9,5,0,0,2,2,1,3,2,0,0,0,0
708,805152,2,0,31,5,0,0,2,1,9,0,1,1,1,21,1
709,227944,0,0,38,0,0,0,2,1,6,0,1,1,1,99,1
709,227945,1,1,34,0,0,0,2,1,6,0,1,3,2,0,1
709,227946,2,0,4,5,0,0,0,1,0,0,1,0,0,0,0
710,229340,0,0,38,5,0,0,2,1,9,0,1,1,1,99,1
711,209354,0,1,81,0,0,0,2,1,6,0,1,3,0,5,1
711,209355,1,0,76,0,0,0,2,1,6,0,1,3,0,19,1
712,229354,0,1,81,0,0,0,2,1,6,0,1,3,0,5,1
712,229355,1,0,76,0,0,0,2,1,6,0,1,3,0,19,1
713,229344,0,0,38,5,0,0,2,1,9,0,1,1,1,9,1
714,267349,0,0,38,5,0,0,2,1,6,0,1,1,1,99,1
714,267350,3,1,75,4,0,0,2,1,6,0,1,3,0,5,1
715,267349,0,0,38,5,0,0,2,1,6,0,1,1,2,9,1
715,267350,3,1,77,3,0,0,2,1,6,0,1,3,0,5,1
716,207349,0,0,38,5,0,0,2,1,6,0,1,1,2,5,1
716,207350,3,1,75,3,0,0,2,1,6,0,1,3,0,0,1
717,229344,0,0,37,5,0,0,2,1,6,0,1,1,1,17,1
718,267349,0,0,38,5,0,0,2,1,6,0,1,1,2,9,1
718,267350,3,1,75,4,0,0,2,1,6,0,1,3,0,4,1
719,229360,0,0,31,5,0,0,2,1,9,0,1,1,1,9,1
720,229360,0,0,31,5,0,0,2,1,6,0,1,1,1,7,1
721,64127,0,0,50,0,0,0,2,1,7,0,1,1,1,15,1
721,64128,1,1,39,0,0,0,2,1,7,0,1,1,1,1,1
721,64129,2,0,13,5,0,0,2,2,2,4,2,0,0,0,0
721,64130,2,0,13,5,0,0,2,2,2,4,2,0,0,0,0
722,267349,0,0,38,5,0,0,2,1,6,0,1,1,1,99,1
722,267350,1,1,35,0,0,0,2,1,6,0,1,3,2,0,1
722,267351,2,0,4,5,0,0,0,1,0,0,1,0,0,0,0
722,267352,3,1,71,2,0,0,2,1,0,0,1,3,2,3,1
723,229360,0,0,22,5,0,0,2,1,7,0,1,1,2,7,1
723,229361,4,1,27,5,0,0,2,2,7,6,2,1,2,9,1
724,229340,0,0,38,0,0,0,2,1,9,0,1,1,1,99,1
724,229341,1,1,36,0,0,0,2,1,6,0,1,1,1,0,1
724,229342,2,0,4,5,0,0,0,1,0,0,1,0,0,0,0
724,229343,2,1,5,5,0,0,2,2,1,2,2,0,0,0,0
725,65394,0,0,34,5,0,0,2,1,7,0,1,1,1,15,1
725,65395,3,1,72,4,0,0,2,1,7,0,1,3,0,0,1
726,267349,0,0,38,0,0,0,2,1,6,0,1,1,1,99,1
726,267350,1,1,35,0,7,0,2,1,6,0,1,3,2,0,1
726,267351,2,0,4,5,7,0,0,1,0,0,1,0,0,0,0
726,267352,3,1,85,4,0,0,2,1,0,0,1,3,0,1,2
727,267349,0,0,38,0,0,0,2,1,6,0,1,1,1,99,1
727,267350,1,1,35,0,0,0,2,1,6,0,1,3,0,0,1
727,267351,2,0,4,5,0,0,0,1,0,0,1,0,0,0,0
727,267352,3,1,75,4,0,0,2,1,0,0,1,3,0,9,2
728,207349,0,0,38,5,0,0,2,1,6,0,1,1,2,17,1
728,207350,3,1,76,3,0,0,2,1,6,0,1,3,0,5,1
729,267349,0,0,38,5,0,0,2,1,6,0,1,1,1,99,1
729,267350,3,1,75,4,0,0,2,1,6,0,1,3,0,0,1
730,229360,0,0,24,0,0,0,2,1,7,0,1,1,2,9,1
730,229361,1,1,25,0,0,0,2,2,7,6,2,1,2,9,1
730,229362,2,1,6,5,0,0,2,2,1,3,2,0,0,0,0
730,229363,2,0,5,5,0,0,2,2,1,2,2,0,0,0,0
731,267349,0,0,38,5,0,0,2,1,6,0,1,1,1,99,1
731,267350,3,1,46,0,0,0,2,1,6,0,1,1,2,5,1
732,267349,0,0,38,0,0,0,2,1,6,0,1,1,1,99,1
732,267350,1,1,35,0,0,0,2,1,6,0,1,3,2,0,1
732,267351,2,0,4,5,0,0,0,1,0,0,1,0,0,0,0
732,267352,3,1,75,4,0,0,2,1,0,0,1,3,0,5,1
733,229360,0,0,31,5,0,0,2,1,6,0,1,1,1,7,1
734,237944,0,0,38,0,6,0,3,1,5,0,1,1,1,35,1
734,237945,1,1,38,0,0,0,2,1,6,0,1,1,2,3,1
734,237946,2,0,4,5,0,0,0,1,0,0,1,0,0,0,0
734,237947,2,0,5,5,0,0,2,2,1,2,2,0,0,0,0
735,229340,0,0,38,5,0,0,2,1,9,0,1,1,1,9,1
736,207349,0,0,38,5,0,0,2,1,6,0,1,1,2,9,1
736,207350,3,1,75,4,0,0,2,1,6,0,1,3,0,0,1
737,207349,0,0,38,0,0,0,2,1,6,0,1,1,2,5,1
737,207350,1,1,36,0,0,0,2,1,6,0,1,1,2,0,1
738,207349,0,0,38,5,0,0,2,1,6,0,1,1,2,5,1
738,207350,3,1,76,3,0,0,2,1,6,0,1,3,0,5,1
739,229344,0,0,38,5,0,0,2,1,9,0,1,1,1,9,1
739,229345,7,0,35,5,0,0,2,1,9,0,1,1,2,8,1
740,27044,0,0,37,5,0,0,2,1,6,0,1,1,1,17,1
741,267349,0,0,38,5,0,0,2,1,6,0,1,1,1,9,1
741,267350,3,1,75,4,0,0,2,1,6,0,1,3,0,5,1
742,237944,0,0,38,0,0,0,2,1,6,0,1,1,1,99,1
742,237945,1,1,35,0,0,0,2,1,7,0,1,3,2,0,1
742,237946,2,0,4,5,0,0,0,1,0,0,1,0,0,0,0
742,237947,2,0,7,5,0,0,2,2,1,3,2,0,0,0,0
743,265349,0,0,38,5,0,0,2,1,6,0,1,1,1,9,1
743,265350,3,1,76,4,0,0,2,1,6,0,1,3,0,4,1
744,229340,0,0,38,0,0,0,2,1,2,0,1,1,1,99,1
744,229341,1,1,36,0,0,0,2,1,6,0,1,1,1,74,1
744,229342,2,1,14,5,0,0,2,2,2,4,2,0,0,0,0
744,229343,2,0,9,5,0,0,2,2,1,3,2,0,0,0,0
745,269349,0,0,38,5,0,0,2,1,6,0,1,1,1,5,1
746,267349,0,0,38,0,0,0,2,1,6,0,1,1,1,99,1
746,267350,1,1,35,0,0,0,2,1,6,0,1,3,2,0,1
746,267351,2,0,4,5,0,0,0,1,0,0,1,0,0,0,0
746,267352,3,1,76,5,0,0,2,1,0,0,1,3,0,9,2
747,265349,0,0,38,0,0,0,2,1,6,0,1,1,1,9,1
747,265350,1,1,35,0,0,0,2,1,6,0,1,3,2,0,1
747,265351,2,0,4,5,0,0,0,1,1,0,1,0,0,0,0
747,265352,3,1,77,4,0,0,2,1,0,0,1,3,0,9,1
748,267349,0,0,38,0,0,0,2,1,6,0,1,1,1,9,1
748,267350,1,1,35,0,0,0,2,1,6,0,1,3,0,0,1
748,267351,2,0,4,5,0,0,0,1,0,0,1,0,0,0,0
748,267352,3,1,85,4,0,0,2,1,0,0,1,3,0,3,1
749,207349,0,0,38,5,0,0,2,1,6,0,1,1,2,5,1
749,207350,3,1,75,4,0,0,2,1,6,0,1,3,0,0,1
750,229344,0,0,37,5,0,0,2,1,6,0,1,1,1,17,1
751,267349,0,0,38,0,0,0,2,1,6,0,1,1,1,99,1
751,267350,1,1,35,0,0,0,2,1,6,0,1,3,2,0,1
751,267351,2,0,4,5,0,0,0,1,0,0,1,0,0,0,0
751,267352,3,1,75,0,0,0,2,1,0,0,1,3,0,3,1
752,229360,0,0,24,0,0,0,2,1,7,0,1,1,2,3,1
752,229361,1,1,25,0,0,0,2,2,7,6,2,1,2,9,1
753,229354,0,1,81,0,0,0,2,1,6,0,1,3,0,5,1
753,229355,1,0,76,0,0,0,2,1,6,0,1,3,0,19,1
754,235911,0,0,41,0,5,2,4,1,6,0,1,1,1,9,1
754,235912,1,1,34,0,5,2,3,1,6,0,1,3,2,0,1
754,235913,2,1,15,5,5,0,2,2,3,5,2,0,0,0,0
754,235914,2,0,13,5,5,0,2,2,2,4,2,0,0,0,0
754,235915,2,1,5,5,5,0,2,2,1,2,2,0,0,0,0
755,265743,0,1,55,4,0,0,2,1,7,0,1,1,1,15,1
756,207349,0,0,38,0,0,0,2,1,6,0,1,1,2,5,1
756,207350,1,1,35,0,0,0,2,1,6,0,1,1,2,1,1
757,265743,0,0,38,0,0,0,2,1,7,0,1,1,1,15,1
757,265744,1,1,37,0,0,0,2,1,6,0,1,1,1,35,1
757,265745,2,0,4,5,0,0,0,1,0,0,1,0,0,0,0
758,265349,0,0,38,5,0,0,2,1,6,0,1,1,1,15,1
758,265350,3,1,76,4,0,0,2,1,6,0,1,3,0,8,1
759,287344,0,0,38,0,7,0,2,1,6,0,1,1,1,99,2
759,287345,1,1,35,0,7,0,2,1,6,0,1,3,2,0,1
759,287346,2,0,4,5,7,0,0,1,0,0,1,0,0,0,0
759,287347,2,1,7,5,7,0,2,2,1,3,2,0,0,0,0
760,235911,0,0,41,0,5,2,4,1,6,0,1,1,1,9,1
760,235912,1,1,34,0,5,2,3,1,6,0,1,3,2,1,1
760,235913,2,1,15,5,5,0,2,2,3,5,2,0,0,0,0
760,235914,2,0,13,5,5,0,2,2,2,4,2,0,0,0,0
760,235915,3,1,52,5,5,3,1,1,0,0,1,3,2,5,1
761,229344,0,0,38,5,0,0,2,1,9,0,1,1,1,9,1
762,229360,0,0,31,5,0,0,2,1,6,0,1,1,1,7,1
763,229354,0,1,81,0,0,0,2,1,6,0,1,3,0,5,1
763,229355,1,0,76,0,0,0,2,1,6,0,1,3,0,19,1
764,207349,0,0,38,0,0,0,2,1,6,0,1,1,2,5,1
764,207350,1,1,35,0,0,0,2,1,7,0,1,1,2,0,1
764,207351,2,0,4,5,0,0,0,1,0,0,1,0,0,0,0
764,207352,2,0,7,5,0,0,2,2,1,3,2,0,0,0,0
765,229354,0,0,31,5,0,0,2,1,6,0,1,1,1,7,1
765,229355,3,1,76,4,0,0,2,1,6,0,1,3,2,15,1
766,229344,0,0,37,5,0,0,2,1,6,0,1,1,1,17,1
767,229354,0,0,31,5,0,0,2,1,6,0,1,1,1,7,1
768,235949,0,0,38,0,0,0,2,1,6,0,1,1,1,19,1
768,235950,1,1,39,0,0,0,2,1,6,0,1,1,1,5,2
768,235951,2,0,4,5,0,0,0,1,1,0,1,0,0,0,0
768,235952,2,0,7,5,0,0,2,2,1,3,2,0,0,0,0
769,326522,0,1,37,5,0,0,2,1,9,0,1,1,1,77,1
769,326523,2,1,11,5,0,0,2,2,2,4,2,0,0,0,0
769,326524,2,1,4,5,0,0,0,1,0,0,1,0,0,0,0
770,207949,0,0,38,0,0,0,2,1,6,0,1,1,2,19,1
770,207950,1,1,35,0,0,0,2,1,6,0,1,3,0,0,1
770,207951,2,0,4,5,0,0,0,1,0,0,1,0,0,0,0
770,207952,2,0,1,5,0,0,0,0,0,0,0,0,0,0,0
771,265743,0,1,55,4,0,0,2,1,7,0,1,1,1,15,1
772,229340,0,0,24,5,0,0,2,1,6,0,1,1,2,9,1
773,207349,0,0,38,0,0,0,2,1,6,0,1,1,2,5,1
773,207350,1,1,37,0,0,0,2,1,6,0,1,1,2,3,1
774,229354,0,1,81,0,0,0,2,1,6,0,1,3,0,5,1
774,229355,1,0,76,0,0,0,2,1,6,0,1,3,0,19,1
775,229340,0,0,38,0,0,0,2,1,9,0,1,1,1,99,1
775,229341,1,1,36,0,0,0,2,1,6,0,1,1,2,5,1
775,229342,2,0,4,5,0,0,0,1,0,0,1,0,0,0,0
775,229343,2,1,7,5,0,0,2,2,1,3,2,0,0,0,0
776,229360,0,0,31,5,0,0,2,1,9,0,1,1,1,77,1
777,227940,0,0,38,0,0,0,2,1,6,0,1,1,2,9,1
777,227941,1,1,35,0,0,0,2,1,6,0,1,3,2,0,1
777,227942,2,0,4,5,0,0,0,1,0,0,1,0,0,0,0
777,227943,2,0,7,5,0,0,2,2,1,3,2,0,0,0,0
778,265743,0,0,38,5,0,0,2,1,9,0,1,1,1,9,1
779,265743,0,1,55,4,0,0,2,1,7,0,1,1,1,15,1
780,229344,0,0,37,5,0,0,2,1,6,0,1,1,1,9,1
781,285342,0,0,38,0,7,0,2,1,6,0,1,1,1,13,1
781,285343,1,1,37,0,7,0,2,1,6,0,1,1,2,5,1
781,285344,2,0,4,5,7,0,0,1,0,0,1,0,0,0,0
781,285345,2,1,7,5,7,0,2,2,1,3,2,0,0,0,0
782,229344,0,0,38,5,0,0,2,1,6,0,1,1,1,99,1
783,229344,0,0,37,5,0,0,2,1,6,0,1,1,1,9,1
784,229360,0,0,24,5,0,0,2,1,6,0,1,1,2,9,1
785,235949,0,0,38,0,0,0,2,1,6,0,1,1,1,19,1
785,235950,1,1,39,0,0,0,2,1,7,0,1,1,2,9,2
785,235951,2,0,4,5,0,0,0,1,1,0,1,0,0,0,0
785,235952,2,0,7,5,0,0,2,2,1,3,2,0,0,0,0
786,201349,0,0,38,5,0,0,2,1,6,0,1,1,1,9,1
786,201350,4,1,35,5,0,0,2,1,6,0,1,1,2,5,1
787,267349,0,0,38,5,0,0,2,1,6,0,1,1,1,9,1
787,267350,3,1,75,4,0,0,2,1,6,0,1,3,0,5,1
788,226344,0,0,37,5,0,0,2,1,9,0,1,1,1,9,2
789,627047,0,0,37,0,0,0,2,1,6,0,1,1,1,99,1
789,627048,1,1,39,0,0,0,2,1,6,0,1,3,1,72,2
789,627049,2,0,4,5,0,0,0,1,0,0,1,0,0,0,0
789,627050,2,0,7,5,0,0,2,2,1,3,2,0,0,0,0
790,229344,0,0,37,5,0,0,2,1,9,0,1,1,1,9,1
791,229354,0,1,81,0,0,0,2,1,6,0,1,3,0,5,1
791,229355,1,0,76,0,0,0,2,1,6,0,1,3,0,0,1
792,229344,0,0,38,5,0,0,2,1,6,0,1,1,1,17,1
793,267349,0,0,38,0,0,0,2,1,6,0,1,1,1,99,1
793,267350,1,1,35,0,0,0,2,1,6,0,1,3,2,0,1
793,267351,2,0,4,5,0,0,0,1,0,0,1,0,0,0,0
793,267352,2,0,5,5,0,0,2,2,1,2,2,0,0,0,0
794,229344,0,0,37,5,0,0,2,1,9,0,1,1,1,9,1
795,235911,0,0,41,0,5,2,4,1,6,0,1,1,1,9,1
795,235912,1,1,34,0,5,2,3,1,6,0,1,3,2,1,1
795,235913,2,1,16,5,5,0,2,2,5,5,2,2,0,0,1
795,235914,2,0,16,5,5,0,2,2,4,5,2,3,0,9,2
795,235915,3,1,52,5,5,3,1,1,0,0,1,3,2,0,1
796,229354,0,1,81,0,0,0,2,1,6,0,1,3,0,5,1
796,229355,1,0,76,0,0,0,2,1,6,0,1,3,0,19,1
797,227922,0,0,45,0,0,0,2,1,6,0,1,1,2,7,1
797,227923,1,1,34,0,0,0,2,1,6,0,1,3,2,0,1
797,227924,2,0,15,5,0,0,2,2,3,5,2,0,0,0,0
797,227925,2,0,11,5,0,0,2,2,2,4,2,0,0,0,0
798,229360,0,0,31,5,0,0,2,1,6,0,1,1,1,7,1
799,229360,0,0,31,5,0,0,2,1,9,0,1,1,1,7,1
800,207349,0,0,38,0,0,0,2,1,6,0,1,1,2,17,1
800,207350,1,1,35,0,0,0,2,1,6,0,1,3,0,0,1
801,235944,0,0,38,0,7,0,2,1,6,0,1,1,1,19,1
801,235945,1,1,37,0,7,0,2,1,6,0,1,3,2,5,2
801,235946,2,0,4,5,7,0,0,1,0,0,1,0,0,0,0
801,235947,2,0,5,5,7,0,2,2,1,2,2,0,0,0,0
802,229360,0,0,31,5,0,0,2,1,6,0,1,1,1,7,1
803,267349,0,0,38,0,0,0,2,1,6,0,1,1,1,99,1
803,267350,1,1,35,0,0,0,2,1,6,0,1,3,2,0,1
803,267351,2,0,4,5,0,0,0,1,0,0,1,0,0,0,0
803,267352,3,1,75,4,0,0,2,1,0,0,1,3,0,5,1
804,229344,0,0,38,5,0,0,2,1,9,0,1,1,1,9,1
805,207349,0,0,38,0,0,0,2,1,6,0,1,1,2,5,1
805,207350,1,1,35,0,0,0,2,1,6,0,1,3,0,0,1
806,229344,0,0,38,5,0,0,2,1,9,0,1,1,1,9,1
807,229360,0,0,31,5,0,0,2,1,6,0,1,1,1,7,1
808,207349,0,0,38,5,0,0,2,1,6,0,1,1,2,9,1
808,207350,3,1,75,4,0,0,2,1,6,0,1,3,0,5,1
809,207349,0,0,38,0,0,0,2,1,6,0,1,1,2,9,1
809,207350,1,1,35,0,0,0,2,1,7,0,1,3,0,0,1
809,207351,2,0,4,5,0,0,0,1,0,0,1,0,0,0,0
809,207352,2,0,5,5,0,0,2,2,1,2,2,0,0,0,0
810,267349,0,0,38,5,0,0,2,1,6,0,1,1,1,99,1
810,267350,3,1,70,3,0,0,2,1,6,0,1,3,0,0,1
811,229344,0,0,38,5,0,0,2,1,9,0,1,1,1,9,1
812,229344,0,0,37,5,0,0,2,1,9,0,1,1,1,9,1
813,207349,0,0,38,0,0,0,2,1,6,0,1,1,2,17,1
813,207350,1,1,35,0,0,0,2,1,7,0,1,1,2,25,1
814,229344,0,0,37,5,0,0,2,1,6,0,1,1,1,9,1
815,229344,0,0,37,5,0,0,2,1,6,0,1,1,1,0,1
816,229340,0,0,38,5,0,0,2,1,9,0,1,1,1,99,1
817,229344,0,0,37,5,0,0,2,1,6,0,1,1,1,17,1
818,229344,0,0,38,5,0,0,2,1,6,0,1,1,1,17,1
819,227944,0,0,38,0,0,0,2,1,6,0,1,1,1,99,2
819,227945,1,1,35,0,0,0,2,1,6,0,1,3,2,0,1
819,227946,2,0,4,5,0,0,0,1,0,0,1,0,0,0,0
820,207349,0,0,38,0,0,0,2,1,6,0,1,1,2,7,1
820,207350,1,1,36,0,0,0,2,1,6,0,1,1,2,25,1
821,235949,0,0,38,0,0,0,2,1,6,0,1,1,1,89,1
821,235950,1,1,39,0,0,0,2,1,7,0,1,1,2,0,1
821,235951,2,0,4,5,0,0,0,1,1,0,1,0,0,0,0
821,235952,2,0,8,5,0,0,2,2,1,3,2,0,0,0,0
822,229344,0,0,38,5,0,0,2,1,9,0,1,1,1,9,1
822,229345,7,0,35,5,0,0,2,1,6,0,1,1,2,8,1
823,27044,0,0,37,5,0,0,2,1,9,0,1,1,1,9,1
824,267349,0,0,38,5,0,0,2,1,6,0,1,1,2,9,1
824,267350,3,1,75,4,0,0,2,1,6,0,1,3,0,5,1
825,235911,0,0,41,0,5,2,4,1,6,0,1,1,2,19,1
825,235912,1,1,34,0,5,2,3,1,6,0,1,3,2,1,1
825,235913,2,1,14,5,5,0,2,2,2,4,2,0,0,0,0
825,235914,2,0,13,5,5,0,2,2,2,4,2,0,0,0,0
825,235915,3,1,52,5,5,3,1,1,0,0,1,3,2,3,1
826,229354,0,1,81,0,0,0,2,1,6,0,1,3,0,5,1
826,229355,1,0,76,0,0,0,2,1,6,0,1,3,0,4,1
827,267349,0,0,38,5,0,0,2,1,6,0,1,1,2,9,1
827,267350,2,0,11,5,0,0,2,2,2,4,2,0,0,0,0
827,267351,3,1,81,2,0,0,2,1,6,0,1,1,2,9,1
828,229344,0,0,37,5,0,0,2,1,1,0,1,1,1,9,1
829,267349,0,0,38,5,0,0,2,1,6,0,1,1,1,9,1
829,267350,3,1,75,4,0,0,2,1,6,0,1,3,0,4,1
830,207349,0,0,38,5,0,0,2,1,6,0,1,1,2,5,1
830,207350,3,1,75,3,0,0,2,1,6,0,1,3,0,0,1
831,207349,0,0,38,5,0,0,2,1,6,0,1,1,2,9,1
831,207350,3,1,75,4,0,0,2,1,6,0,1,3,0,0,1
832,267349,0,0,38,0,0,0,2,1,6,0,1,1,1,99,1
832,267350,1,1,35,0,0,0,2,1,6,0,1,3,2,0,1
832,267351,2,0,4,5,0,0,0,1,0,0,1,0,0,0,0
832,267352,3,1,75,4,0,0,2,1,0,0,1,3,0,9,2
833,229360,0,0,31,5,0,0,2,1,9,0,1,1,1,7,1
834,229344,0,0,37,5,0,0,2,1,6,0,1,1,1,9,1
835,229340,0,0,38,0,0,0,2,1,9,0,1,1,1,99,1
835,229341,1,1,36,0,0,0,2,1,6,0,1,1,2,0,1
835,229342,2,0,14,5,0,0,2,2,2,4,2,0,0,0,0
835,229343,2,1,7,5,0,0,2,2,1,3,2,0,0,0,0
836,229344,0,0,37,5,0,0,2,1,6,0,1,1,1,9,1
837,229354,0,0,31,5,0,0,2,1,6,0,1,1,1,9,1
837,229355,3,1,76,3,0,0,2,1,6,0,1,3,2,5,1
838,235949,0,0,38,0,0,0,2,1,6,0,1,1,1,99,1
838,235950,1,1,36,0,7,0,2,1,6,0,1,1,2,9,1
838,235951,2,0,4,5,7,0,0,1,1,0,1,0,0,0,0
838,235952,2,0,2,5,7,0,0,0,0,0,0,0,0,0,0
839,227944,0,0,74,0,0,0,2,1,6,0,1,1,2,17,1
839,227945,1,1,62,0,0,0,2,1,6,0,1,3,2,2,1
840,267349,0,0,38,0,0,0,2,1,6,0,1,1,1,99,1
840,267350,1,1,35,0,0,0,2,1,6,0,1,3,2,0,1
840,267351,2,0,4,5,0,0,0,1,0,0,1,0,0,0,0
840,267352,3,1,81,0,0,0,2,1,0,0,1,3,0,3,1
841,267349,0,0,38,0,0,0,2,1,6,0,1,1,1,99,1
841,267350,1,1,35,0,0,0,2,1,6,0,1,3,2,0,1
841,267351,2,0,4,5,0,0,0,1,0,0,1,0,0,0,0
841,267352,3,1,75,1,0,0,2,1,0,0,1,3,2,9,1
842,229360,0,0,24,0,0,0,2,1,7,0,1,1,2,9,1
842,229361,1,1,25,0,0,0,2,2,7,6,2,1,2,9,1
842,229362,2,1,6,5,0,0,2,2,1,4,2,0,0,0,0
842,229363,2,0,5,5,0,0,2,2,1,2,2,0,0,0,0
843,229354,0,0,31,5,0,0,2,1,6,0,1,1,1,7,1
843,229355,3,1,76,4,0,0,2,1,6,0,1,3,2,15,1
844,229344,0,0,38,5,0,0,2,1,9,0,1,1,1,9,1
845,229360,0,0,22,5,0,0,2,1,7,0,1,1,2,7,1
845,229361,4,1,27,5,0,0,2,2,7,6,2,1,2,3,1
846,267349,0,0,38,0,0,0,2,1,6,0,1,1,1,99,1
846,267350,1,1,35,0,0,0,2,1,6,0,1,3,2,0,1
846,267351,2,0,4,5,0,0,0,1,0,0,1,0,0,0,0
846,267352,2,0,7,5,0,0,2,2,1,3,2,0,0,0,0
847,265743,0,1,55,4,0,0,2,1,7,0,1,1,1,15,1
848,207349,0,0,38,5,0,0,2,1,6,0,1,1,2,5,1
848,207350,3,1,70,1,0,0,2,1,6,0,1,3,0,0,1
849,265349,0,0,38,0,0,0,2,1,6,0,1,1,1,9,1
849,265350,1,1,35,0,7,0,2,1,6,0,1,3,2,0,1
849,265351,2,0,4,5,0,0,0,1,1,0,1,0,0,0,0
849,265352,3,1,85,4,0,0,2,1,0,0,1,3,0,5,1
850,267349,0,0,38,0,0,0,2,1,6,0,1,1,1,99,1
850,267350,1,1,35,0,0,0,2,1,6,0,1,3,2,0,1
850,267351,2,0,4,5,0,0,0,1,0,0,1,0,0,0,0
850,267352,2,0,5,5,0,0,2,2,1,2,2,0,0,0,0
851,285349,0,0,38,0,7,0,2,1,6,0,1,1,1,17,1
851,285350,1,1,36,0,7,0,2,1,6,0,1,1,2,5,1
851,285351,2,1,6,5,7,0,2,2,1,5,2,0,0,0,0
851,285352,2,0,5,5,7,0,2,2,1,2,2,0,0,0,0
852,229360,0,0,24,0,0,0,2,1,7,0,1,1,2,9,1
852,229361,1,1,25,0,0,0,2,2,7,6,2,1,2,0,1
853,229360,0,0,24,0,0,0,2,1,7,0,1,1,2,9,1
853,229361,1,1,25,0,0,0,2,2,7,6,2,1,2,9,1
853,229362,2,1,4,5,0,0,0,2,1,1,3,0,0,0,0
853,229363,2,0,5,5,0,0,2,2,1,2,2,0,0,0,0
854,207349,0,0,38,5,0,0,2,1,6,0,1,1,2,9,1
854,207350,3,1,72,0,0,0,2,1,6,0,1,3,0,0,1
855,229354,0,1,81,0,0,0,2,1,6,0,1,3,0,5,1
855,229355,1,0,76,0,0,0,2,1,6,0,1,3,0,19,1
856,265349,0,0,38,0,0,0,2,1,6,0,1,1,1,15,1
856,265350,1,1,37,0,0,0,2,1,6,0,1,1,2,9,1
856,265351,2,0,4,5,0,0,0,1,1,0,1,0,0,0,0
856,265352,3,1,85,4,0,0,2,1,0,0,1,3,0,5,1
857,229344,0,0,38,5,0,0,2,1,6,0,1,1,1,17,1
858,256344,0,0,37,5,0,0,2,1,6,0,1,1,1,9,2
859,227947,0,0,38,0,0,0,2,1,6,0,1,1,2,17,1
859,227948,1,1,36,0,0,0,2,1,6,0,1,1,2,5,1
859,227949,2,0,14,5,0,0,2,2,2,5,2,0,0,0,0
859,227950,2,0,11,5,0,0,2,2,2,4,2,0,0,0,0
860,235919,0,0,48,0,5,2,4,1,6,0,1,1,1,15,1
860,235920,1,1,36,0,5,2,4,1,6,0,1,1,2,0,1
860,235921,2,1,16,5,5,0,2,2,4,5,2,3,0,0,1
860,235922,2,0,11,5,5,0,2,2,2,4,2,0,0,0,0
860,235923,3,1,51,5,5,2,3,1,6,0,1,3,2,0,1
861,207349,0,0,38,5,0,0,2,1,6,0,1,1,2,9,1
861,207350,3,1,76,3,0,0,2,1,6,0,1,3,0,0,1
862,207349,0,0,38,5,0,0,2,1,6,0,1,1,2,5,1
862,207350,3,1,75,3,0,0,2,1,6,0,1,3,0,4,1
863,229344,0,0,37,5,0,0,2,1,6,0,1,1,1,9,1
864,229344,0,0,38,5,0,0,2,1,9,0,1,1,1,17,1
865,267349,0,0,38,0,0,0,2,1,6,0,1,1,1,99,1
865,267350,1,1,35,0,0,0,2,1,6,0,1,3,2,0,1
865,267351,2,0,4,5,0,0,0,1,0,0,1,0,0,0,0
865,267352,3,1,75,4,0,0,2,1,0,0,1,3,0,3,1
866,267349,0,0,38,5,0,0,2,1,6,0,1,1,2,9,1
866,267350,3,1,46,3,0,0,2,1,6,0,1,1,2,5,1
867,256374,0,0,31,0,0,0,2,1,6,0,1,2,1,7,1
867,256375,1,1,37,0,0,0,2,1,6,0,1,3,2,3,1
867,256376,2,1,4,5,0,0,0,1,0,0,1,0,0,0,0
868,267349,0,0,38,0,0,0,2,1,6,0,1,1,1,99,1
868,267350,1,1,35,0,0,0,2,1,6,0,1,3,2,0,1
868,267351,2,0,4,5,0,0,0,1,0,0,1,0,0,0,0
868,267352,3,1,85,4,0,0,2,1,0,0,1,3,0,3,1
869,229360,0,0,31,5,0,0,2,1,9,0,1,1,1,7,1
869,229361,7,1,37,5,0,0,2,1,7,0,1,1,2,9,1
870,265349,0,0,38,5,0,0,2,1,6,0,1,1,1,9,1
871,207349,0,0,38,5,0,0,2,1,6,0,1,1,2,9,1
871,207350,3,1,75,4,0,0,2,1,6,0,1,3,0,0,1
872,229340,0,0,38,0,0,0,2,1,2,0,1,1,1,99,1
872,229341,1,1,35,0,0,0,2,1,6,0,1,3,1,0,1
872,229342,2,1,14,5,0,0,2,2,2,4,2,0,0,0,0
872,229343,2,0,5,5,0,0,2,2,1,2,2,0,0,0,0
873,207349,0,0,38,5,0,0,2,1,6,0,1,1,2,9,1
873,207350,7,0,35,5,0,0,2,1,7,0,1,1,2,3,1
874,265349,0,0,38,0,0,0,2,1,6,0,1,1,1,9,1
874,265350,1,1,36,0,7,0,2,1,6,0,1,1,2,25,1
874,265351,2,0,7,5,7,0,2,2,1,3,2,0,0,0,0
874,265352,3,1,76,4,0,0,2,1,0,0,1,3,0,9,1
875,229344,0,0,37,5,0,0,2,1,9,0,1,1,1,9,1
875,229345,7,0,31,5,0,0,2,1,6,0,1,1,2,9,1
876,229344,0,0,38,5,0,0,2,1,9,0,1,1,1,9,1
877,760287,0,1,55,4,0,0,2,1,6,0,1,3,0,1,1
877,760288,2,0,29,5,0,0,2,1,6,0,1,3,2,0,1
878,229340,0,0,24,5,0,0,2,1,7,0,1,1,2,9,1
878,229341,7,0,35,5,0,0,2,1,6,0,1,1,2,17,1
879,227940,0,0,38,0,0,0,2,1,6,0,1,1,2,19,1
879,227941,1,1,35,0,0,0,2,1,6,0,1,3,2,0,1
879,227942,2,0,4,5,0,0,0,1,0,0,1,0,0,0,0
879,227943,2,0,5,5,0,0,2,2,1,2,2,0,0,0,0
880,285344,0,0,38,0,7,0,2,1,6,0,1,1,1,19,2
880,285345,1,1,37,0,7,0,2,1,6,0,1,3,2,0,1
880,285346,2,0,4,5,7,0,0,1,0,0,1,0,0,0,0
880,285347,2,1,7,5,7,0,2,2,1,3,2,0,0,0,0
881,235919,0,0,38,0,5,1,2,1,6,0,1,1,2,9,1
881,235920,1,1,39,0,5,3,3,1,7,0,1,1,2,0,1
881,235921,2,0,9,5,5,0,2,2,1,4,2,0,0,0,0
881,235922,2,0,4,5,5,0,0,2,1,2,2,0,0,0,0
882,229354,0,1,81,0,0,0,2,1,6,0,1,3,0,5,1
882,229355,1,0,76,0,0,0,2,1,6,0,1,3,0,19,1
883,229354,0,1,81,0,0,0,2,1,6,0,1,3,0,5,1
883,229355,1,0,76,0,0,0,2,1,6,0,1,3,0,19,1
884,229344,0,0,37,5,0,0,2,1,6,0,1,1,1,17,1
885,229360,0,0,31,5,0,0,2,1,6,0,1,1,1,7,1
886,235911,0,0,41,0,5,2,4,1,6,0,1,1,2,9,1
886,235912,1,1,34,0,5,2,3,1,6,0,1,3,2,1,1
886,235913,2,1,15,5,5,0,2,2,3,5,2,0,0,0,0
886,235914,2,0,13,5,5,0,2,2,2,4,2,0,0,0,0
886,235915,2,1,5,5,5,0,2,2,1,2,2,0,0,0,0
887,229354,0,0,31,5,0,0,2,1,6,0,1,1,2,7,1
887,229355,1,1,35,0,0,0,2,2,7,6,2,1,2,0,1
888,229344,0,0,37,5,0,0,2,1,6,0,1,1,1,17,1
889,227944,0,0,38,0,0,0,2,1,6,0,1,1,1,99,1
889,227945,1,1,34,0,0,0,2,1,6,0,1,3,2,0,1
889,227946,2,0,4,5,0,0,0,1,0,0,1,0,0,0,0
890,287349,0,0,38,0,7,0,2,1,6,0,1,1,1,99,2
890,287350,1,1,35,0,7,0,2,1,6,0,1,1,2,0,1
890,287351,2,0,4,5,7,0,0,1,0,0,1,0,0,0,0
890,287352,2,0,5,5,7,0,2,2,1,3,2,0,0,0,0
891,229360,0,0,31,5,0,0,2,1,6,0,1,1,1,7,1
892,229354,0,1,81,0,0,0,2,1,6,0,1,3,0,5,1
892,229355,1,0,76,0,0,0,2,1,6,0,1,3,0,15,1
893,227944,0,0,38,0,0,0,2,1,6,0,1,1,1,99,1
893,227945,1,1,35,0,0,0,2,1,6,0,1,3,2,0,1
893,227946,2,0,4,5,0,0,0,1,0,0,1,0,0,0,0
894,265349,0,0,38,0,0,0,2,1,6,0,1,1,1,9,1
894,265350,1,1,35,0,0,0,2,1,6,0,1,3,2,0,1
894,265351,2,0,4,5,0,0,0,1,1,0,1,0,0,0,0
894,265352,3,1,85,4,0,0,2,1,0,0,1,3,0,1,1
895,265743,0,1,55,4,0,0,2,1,7,0,1,1,1,35,1
896,256344,0,0,37,5,0,0,2,1,6,0,1,1,1,9,2
897,265743,0,1,38,5,0,0,2,1,7,0,1,1,1,15,1
898,27097,0,1,39,3,0,0,2,2,7,6,2,1,2,10,1
898,27098,2,0,15,5,0,0,2,2,3,5,2,0,0,0,0
898,27099,2,0,12,5,0,0,2,2,2,4,2,0,0,0,0
899,267349,0,0,38,5,0,0,2,1,6,0,1,1,1,99,1
899,267350,3,1,75,4,0,0,2,1,6,0,1,3,0,5,1
900,229360,0,0,24,0,0,0,2,1,7,0,1,1,2,9,1
900,229361,1,1,25,0,0,0,2,2,7,6,2,1,2,0,1
900,229362,2,1,6,5,0,0,2,2,1,3,2,0,0,0,0
900,229363,2,0,5,5,0,0,2,2,1,2,2,0,0,0,0
901,229344,0,0,37,5,0,0,2,1,6,0,1,1,1,17,1
902,287344,0,0,38,0,7,0,2,1,6,0,1,1,1,99,2
902,287345,1,1,35,0,7,0,2,1,6,0,1,3,2,0,1
902,287346,2,0,4,5,7,0,0,1,0,0,1,0,0,0,0
902,287347,2,1,7,5,7,0,2,2,1,3,2,0,0,0,0
903,229354,0,1,85,0,0,0,2,1,6,0,1,3,0,5,1
903,229355,1,0,76,0,0,0,2,1,6,0,1,3,0,5,1
904,207349,0,0,38,0,0,0,2,1,6,0,1,1,2,7,1
904,207350,1,1,35,0,0,0,2,1,7,0,1,1,2,25,1
905,229344,0,0,38,5,0,0,2,1,6,0,1,1,1,17,1
906,287344,0,0,38,0,7,0,2,1,6,0,1,1,1,99,2
906,287345,1,1,36,0,7,0,2,1,6,0,1,3,2,0,1
906,287346,2,0,4,5,7,0,0,1,0,0,1,0,0,0,0
906,287347,2,0,7,5,7,0,2,2,1,3,2,0,0,0,0
907,207349,0,0,38,5,0,0,2,1,6,0,1,1,2,9,1
907,207350,3,1,75,3,0,0,2,1,6,0,1,3,0,0,1
908,267349,0,0,38,5,0,0,2,1,6,0,1,1,1,9,1
908,267350,3,1,75,4,0,0,2,1,6,0,1,3,0,5,1
909,267349,0,0,38,5,0,0,2,1,6,0,1,1,1,65,1
909,267350,3,1,75,3,0,0,2,1,6,0,1,3,0,0,2
910,229354,0,0,31,5,0,0,2,1,6,0,1,1,1,7,1
911,702249,0,0,37,0,0,0,2,1,6,0,1,1,2,13,1
911,702250,1,1,31,0,0,0,2,1,6,0,1,1,2,27,1
912,267349,0,0,38,5,0,0,2,1,6,0,1,1,2,99,1
912,267350,3,1,75,3,0,0,2,1,6,0,1,3,0,5,1
913,229354,0,0,31,5,0,0,2,1,6,0,1,1,1,7,1
913,229355,3,1,76,0,0,0,2,1,6,0,1,3,2,10,1
914,227942,0,0,38,0,0,0,2,1,6,0,1,1,2,17,1
914,227943,1,1,34,0,0,0,2,1,6,0,1,3,2,0,1
914,227944,2,0,4,5,0,0,0,1,0,0,1,0,0,0,0
914,227945,2,0,5,5,0,0,2,2,1,2,2,0,0,0,0
915,67229,0,0,62,0,0,0,2,1,7,0,1,1,2,7,1
915,67230,1,1,51,0,0,0,2,1,7,0,1,1,2,3,1
916,207349,0,0,38,5,0,0,2,1,6,0,1,1,2,9,1
916,207350,3,1,75,4,0,0,2,1,6,0,1,3,0,5,1
917,67327,0,0,30,5,0,0,2,1,7,0,1,1,1,99,1
917,67328,7,1,35,5,0,0,2,1,7,0,1,1,2,0,1
918,267349,0,0,38,5,0,0,2,1,6,0,1,1,1,9,1
918,267350,3,1,46,0,0,0,2,1,6,0,1,1,2,5,1
919,267349,0,0,38,5,0,0,2,1,6,0,1,1,1,99,1
919,267350,3,1,75,3,0,0,2,1,6,0,1,3,0,4,1
920,207422,0,0,34,5,0,0,2,1,7,0,1,1,2,7,1
920,207423,3,1,71,0,0,0,2,1,7,0,1,3,0,0,1
921,207423,0,0,44,0,0,0,2,1,7,0,1,1,2,99,1
921,207424,1,1,37,0,0,0,2,1,7,0,1,1,2,5,1
921,207425,2,0,4,5,0,0,0,1,0,0,1,0,0,0,0
922,267349,0,0,38,5,0,0,2,1,6,0,1,1,2,9,1
922,267350,3,1,75,4,0,0,2,1,6,0,1,3,0,5,1
923,207349,0,0,38,5,0,0,2,1,6,0,1,1,2,9,1
923,207350,7,0,35,5,0,0,2,1,7,0,1,1,2,26,1
924,249354,0,1,81,0,0,0,2,1,6,0,1,3,0,5,1
924,249355,1,0,76,0,0,0,2,1,6,0,1,3,0,15,1
925,227944,0,0,38,0,0,0,2,1,6,0,1,1,1,99,1
925,227945,1,1,34,0,0,0,2,1,7,0,1,3,2,0,1
925,227946,2,0,4,5,0,0,0,1,0,0,1,0,0,0,0
925,227947,2,0,5,5,0,0,2,2,1,2,2,0,0,0,0
926,229344,0,0,37,5,0,0,2,1,9,0,1,1,1,9,1
926,229345,7,0,34,5,0,0,2,1,7,0,1,1,2,9,1
927,229344,0,0,37,5,0,0,2,1,6,0,1,1,1,9,1
928,229354,0,1,81,0,0,0,2,1,6,0,1,3,0,5,1
928,229355,1,0,76,0,0,0,2,1,6,0,1,3,0,5,1
929,229340,0,0,38,0,0,0,2,1,6,0,1,1,1,99,1
929,229341,1,1,36,0,0,0,2,1,6,0,1,1,2,15,1
929,229342,2,0,4,5,0,0,0,1,0,0,1,0,0,0,0
929,229343,2,1,5,5,0,0,2,2,1,2,2,0,0,0,0
930,207349,0,0,38,5,0,0,2,1,6,0,1,1,2,5,1
930,207350,3,1,75,3,0,0,2,1,6,0,1,3,0,0,1
931,229380,0,0,38,5,0,0,2,1,5,0,1,1,1,99,1
931,229381,2,1,11,5,0,0,2,2,2,4,2,0,0,0,0
931,229382,2,1,10,5,0,0,2,2,1,3,2,0,0,0,0
932,265349,0,0,38,0,0,0,2,1,6,0,1,1,1,9,1
932,265350,1,1,37,0,0,0,2,1,6,0,1,1,2,5,1
932,265351,2,0,4,5,0,0,0,1,1,0,1,0,0,0,0
933,229354,0,0,31,5,0,0,2,1,6,0,1,1,1,7,1
933,229355,3,1,76,4,0,0,2,1,6,0,1,3,2,10,1
934,229360,0,0,24,0,0,0,2,1,7,0,1,1,2,9,1
934,229361,1,1,25,0,0,0,2,2,7,6,2,1,2,9,1
934,229362,2,1,4,5,0,0,0,1,0,0,1,0,0,0,0
934,229363,2,0,5,5,0,0,2,2,1,2,2,0,0,0,0
935,67229,0,0,62,0,0,0,2,1,7,0,1,1,2,6,1
935,67230,1,1,51,0,0,0,2,1,7,0,1,1,2,3,1
936,229354,0,1,81,0,0,0,2,1,6,0,1,3,0,5,1
936,229355,1,0,76,0,0,0,2,1,6,0,1,3,0,3,1
937,235949,0,0,38,0,0,0,2,1,6,0,1,1,1,9,1
937,235950,1,1,39,0,7,0,2,1,7,0,1,1,2,9,1
937,235951,2,0,4,5,7,0,0,1,1,0,1,0,0,0,0
937,235952,2,0,5,5,7,0,2,2,1,2,2,0,0,0,0
938,229360,0,0,31,5,0,0,2,1,6,0,1,1,1,7,1
939,229340,0,0,38,0,0,0,2,1,6,0,1,1,1,99,1
939,229341,1,1,36,0,0,0,2,1,6,0,1,1,1,0,1
939,229342,2,0,14,5,0,0,2,2,2,4,2,0,0,0,0
939,229343,2,1,5,5,0,0,2,2,1,2,2,0,0,0,0
940,207349,0,0,38,5,0,0,2,1,6,0,1,1,2,9,1
940,207350,3,1,72,0,0,0,2,1,6,0,1,3,0,0,1
941,267349,0,0,38,5,0,0,2,1,6,0,1,1,1,99,1
941,267350,3,1,72,4,0,0,2,1,6,0,1,3,0,0,1
942,229344,0,0,37,5,0,0,2,1,9,0,1,1,1,9,1
942,229345,7,0,36,5,0,0,2,1,6,0,1,1,2,8,1
943,229340,0,0,38,0,0,0,2,1,6,0,1,1,1,99,1
943,229341,1,1,36,0,0,0,2,1,6,0,1,1,2,9,1
943,229342,2,0,4,5,0,0,0,1,0,0,1,0,0,0,0
943,229343,2,1,5,5,0,0,2,2,1,2,2,0,0,0,0
944,229354,0,1,85,0,0,0,2,1,6,0,1,3,0,5,1
944,229355,1,0,76,0,0,0,2,1,6,0,1,3,0,19,1
945,229344,0,0,37,5,0,0,2,1,9,0,1,1,1,9,1
945,229345,3,1,76,3,0,0,2,1,6,0,1,3,2,8,1
946,229360,0,0,38,0,0,0,2,1,5,0,1,1,1,99,1
946,229361,1,1,37,0,0,0,2,1,6,0,1,1,2,9,2
946,229362,2,0,14,5,0,0,2,2,2,4,2,0,0,0,0
946,229363,2,1,5,5,0,0,2,2,1,2,2,0,0,0,0
947,229360,0,0,31,5,0,0,2,1,5,0,1,1,1,7,1
947,229361,2,1,18,5,0,0,2,2,6,6,2,1,2,3,1
948,207349,0,0,38,5,0,0,2,1,6,0,1,1,2,5,1
948,207350,3,1,75,4,0,0,2,1,6,0,1,3,0,0,1
949,229354,0,1,81,0,0,0,2,1,6,0,1,3,0,5,1
949,229355,1,0,76,0,0,0,2,1,6,0,1,3,0,5,1
950,229360,0,0,31,5,0,0,2,1,6,0,1,1,1,7,1
951,287644,0,0,38,0,7,0,2,1,6,0,1,1,1,99,2
951,287645,1,1,36,0,7,0,2,1,6,0,1,1,2,5,1
951,287646,2,0,4,5,7,0,0,1,0,0,1,0,0,0,0
951,287647,2,0,4,5,7,0,0,1,0,0,1,0,0,0,0
952,237944,0,0,38,0,6,0,3,1,4,0,1,1,1,99,1
952,237945,1,1,37,0,6,2,3,1,6,0,1,3,2,0,1
952,237946,2,0,4,5,6,0,0,1,0,0,1,0,0,0,0
952,237947,2,0,8,5,6,0,2,2,1,3,2,0,0,0,0
953,227946,0,0,38,0,0,0,2,1,6,0,1,1,1,99,1
953,227947,1,1,39,0,0,0,2,1,7,0,1,3,2,0,1
953,227948,2,0,4,5,0,0,2,2,1,4,2,0,0,0,0
953,227949,2,0,7,5,0,0,2,2,1,3,2,0,0,0,0
954,207423,0,0,44,0,0,0,2,1,7,0,1,1,2,99,1
954,207424,1,1,37,0,0,0,2,1,7,0,1,3,0,0,1
954,207425,2,0,4,5,0,0,0,1,0,0,1,0,0,0,0
954,207426,2,0,7,5,0,0,2,2,1,3,2,0,0,0,0
955,265743,0,1,55,4,0,0,2,1,7,0,1,1,1,15,1
956,267349,0,0,38,5,0,0,2,1,6,0,1,1,1,99,1
956,267350,3,1,75,4,0,0,2,1,6,0,1,3,0,0,1
957,237944,0,0,38,0,6,0,3,1,6,0,1,1,1,99,1
957,237945,1,1,35,0,7,0,2,1,7,0,1,3,2,0,1
957,237946,2,0,4,5,6,0,0,1,0,0,1,0,0,0,0
957,237947,2,0,6,5,6,0,2,2,1,3,2,0,0,0,0
958,229340,0,0,38,0,0,0,2,1,0,0,1,1,1,99,1
958,229341,1,1,36,0,0,0,2,1,6,0,1,1,1,0,1
958,229342,2,0,4,5,0,0,0,1,0,0,1,0,0,0,0
958,229343,2,1,5,5,0,0,2,2,1,2,2,0,0,0,0
959,267349,0,0,38,5,0,0,2,1,6,0,1,1,1,99,1
959,267350,3,1,75,3,0,0,2,1,6,0,1,3,0,4,1
960,229360,0,0,71,0,0,0,2,1,6,0,1,1,1,7,1
960,229361,1,1,62,0,0,0,2,1,6,0,1,1,2,8,1
961,229344,0,0,74,0,7,0,2,1,6,0,1,1,2,17,1
961,229345,1,1,62,0,7,0,2,1,6,0,1,3,2,8,1
962,65789,0,0,53,0,0,0,2,1,6,0,1,1,1,7,1
962,65790,1,1,59,0,0,0,2,1,7,0,1,1,2,0,1
963,229360,0,0,34,0,0,0,2,1,0,0,1,2,2,7,1
963,229361,1,1,37,0,0,0,2,1,7,0,1,1,2,9,1
963,229362,2,0,14,5,0,0,2,2,2,4,2,0,0,0,0
963,229363,2,0,5,5,0,0,2,2,1,2,2,0,0,0,0
964,229340,0,0,24,5,0,0,2,1,7,0,1,1,2,9,1
965,207349,0,0,38,0,0,0,2,1,6,0,1,1,2,99,1
965,207350,1,1,35,0,0,0,2,1,7,0,1,3,0,0,1
965,207351,2,0,4,5,0,0,0,1,0,0,1,0,0,0,0
965,207352,2,0,5,5,0,0,2,2,1,2,2,0,0,0,0
966,237944,0,0,38,0,0,0,2,1,6,0,1,1,1,99,1
966,237945,1,1,35,0,0,0,2,1,7,0,1,3,2,0,1
966,237946,2,0,4,5,0,0,0,1,0,0,1,0,0,0,0
966,237947,2,0,7,5,0,0,2,2,1,3,2,0,0,0,0
967,207349,0,0,38,0,0,0,2,1,6,0,1,1,2,7,1
967,207350,1,1,36,0,0,0,2,1,6,0,1,1,2,25,1
968,235949,0,0,38,0,0,0,2,1,6,0,1,1,1,99,1
968,235950,1,1,39,0,0,0,2,1,7,0,1,1,2,5,2
968,235951,2,0,4,5,0,0,0,1,1,0,1,0,0,0,0
968,235952,2,0,5,5,0,0,2,2,1,2,2,0,0,0,0
969,227944,0,0,38,0,0,0,2,1,6,0,1,1,1,99,1
969,227945,1,1,34,0,0,0,2,1,6,0,1,3,2,0,1
969,227946,2,0,4,5,0,0,0,1,0,0,1,0,0,0,0
970,267349,0,0,38,5,0,0,2,1,6,0,1,1,1,9,1
970,267350,3,1,75,3,0,0,2,1,6,0,1,3,0,5,1
971,267349,0,0,38,0,0,0,2,1,6,0,1,1,1,99,1
971,267350,1,1,35,0,0,0,2,1,6,0,1,3,2,0,1
971,267351,2,0,4,5,0,0,0,1,0,0,1,0,0,0,0
971,267352,3,1,75,4,0,0,2,1,0,0,1,3,0,5,1
972,229344,0,0,37,5,0,0,2,1,6,0,1,1,1,9,1
973,229354,0,1,81,0,0,0,2,1,6,0,1,3,0,5,1
973,229355,1,0,76,0,0,0,2,1,6,0,1,3,0,5,1
974,207349,0,0,38,5,0,0,2,1,6,0,1,1,2,5,1
974,207350,3,1,75,3,0,0,2,1,6,0,1,3,0,0,1
975,229344,0,0,38,5,0,0,2,1,9,0,1,1,1,9,1
976,229344,0,0,38,5,0,0,2,1,9,0,1,1,1,9,1
977,267349,0,0,38,0,0,0,2,1,6,0,1,1,1,99,1
977,267350,1,1,35,0,0,0,2,1,6,0,1,3,2,0,1
977,267351,2,0,4,5,0,0,0,1,0,0,1,0,0,0,0
977,267352,3,1,75,0,0,0,2,1,0,0,1,3,0,9,2
978,229340,0,0,38,5,0,0,2,1,9,0,1,1,1,99,1
979,207349,0,0,38,5,0,0,2,1,6,0,1,1,2,5,1
979,207350,3,1,75,4,0,0,2,1,6,0,1,3,0,0,1
980,229360,0,0,24,0,0,0,2,1,7,0,1,1,2,9,1
980,229361,1,1,25,0,0,0,2,2,7,6,2,1,2,3,1
981,269349,0,0,38,5,0,0,2,1,6,0,1,1,1,5,1
982,265349,0,0,38,0,0,0,2,1,6,0,1,1,1,99,1
982,265350,1,1,35,0,0,0,2,1,6,0,1,3,2,0,1
982,265351,2,0,4,5,0,0,0,1,0,0,1,0,0,0,0
982,265352,3,1,70,5,0,0,2,1,0,0,1,3,2,9,1
983,205349,0,0,38,5,0,0,2,1,6,0,1,1,1,17,1
983,205350,3,1,76,3,0,0,2,1,6,0,1,3,0,0,1
984,229344,0,0,38,5,0,0,2,1,9,0,1,1,1,9,1
985,267349,0,0,38,5,0,0,2,1,6,0,1,1,1,9,1
985,267350,3,1,79,4,0,0,2,1,6,0,1,3,0,5,1
986,267349,0,0,38,5,0,0,2,1,6,0,1,1,1,9,1
986,267350,3,1,75,4,0,0,2,1,6,0,1,3,0,5,1
987,207349,0,0,38,5,0,0,2,1,6,0,1,1,2,9,1
987,207350,3,1,75,4,0,0,2,1,6,0,1,3,0,5,1
988,267349,0,0,38,0,0,0,2,1,6,0,1,1,1,99,1
988,267350,1,1,35,0,0,0,2,1,6,0,1,3,2,0,1
988,267351,2,0,4,5,0,0,0,1,0,0,1,0,0,0,0
988,267352,2,0,5,5,0,0,2,2,1,2,2,0,0,0,0
989,267349,0,0,38,0,0,0,2,1,6,0,1,1,1,99,1
989,267350,1,1,35,0,0,0,2,1,6,0,1,3,2,0,1
989,267351,2,0,4,5,0,0,0,1,0,0,1,0,0,0,0
989,267352,3,1,75,4,0,0,2,1,0,0,1,3,0,9,2
990,267349,0,0,38,5,0,0,2,1,6,0,1,1,1,9,1
990,267350,3,1,75,3,0,0,2,1,6,0,1,3,0,5,1
991,229360,0,0,24,0,0,0,2,1,7,0,1,1,2,3,1
991,229361,1,1,25,0,0,0,2,2,7,6,2,1,2,9,1
992,229344,0,0,38,5,0,0,2,1,9,0,1,1,1,17,1
993,235911,0,0,41,0,5,2,4,1,6,0,1,1,2,9,1
993,235912,1,1,34,0,5,2,3,1,6,0,1,3,2,1,1
993,235913,2,1,15,5,5,0,2,2,3,5,2,0,0,0,0
993,235914,2,0,13,5,5,0,2,2,2,4,2,0,0,0,0
993,235915,2,1,5,5,5,0,2,2,1,2,2,0,0,0,0
994,229344,0,0,38,5,0,0,2,1,6,0,1,1,1,17,1
995,229344,0,0,37,5,0,0,2,1,6,0,1,1,1,17,1
996,229344,0,0,37,5,0,0,2,1,6,0,1,1,1,9,1
997,227944,0,0,38,0,0,0,2,1,6,0,1,1,1,99,1
997,227945,1,1,34,0,0,0,2,1,6,0,1,3,2,0,1
997,227946,2,0,4,5,0,0,0,1,0,0,1,0,0,0,0
998,229340,0,0,38,0,0,0,2,1,6,0,1,1,1,99,1
998,229341,1,1,37,0,0,0,2,1,6,0,1,1,2,5,1
998,229342,2,0,14,5,0,0,2,2,2,4,2,0,0,0,0
998,229343,2,1,5,5,0,0,2,2,1,2,2,0,0,0,0
999,229344,0,0,37,5,0,0,2,1,6,0,1,1,1,9,1
