user_id,session_id,action,action_type,action_detail,device_type,secs_elapsed
0,24247,165.0,3.0,78.0,6.0,15.0
0,24248,118.0,3.0,101.0,6.0,165.0
0,24249,49.0,2.0,19.0,6.0,58825.0
0,24250,165.0,3.0,78.0,6.0,133.0
0,24251,23.0,2.0,17.0,6.0,1299.0
0,24252,158.0,7.0,57.0,6.0,18730.0
0,24253,23.0,2.0,17.0,6.0,793.0
0,24254,165.0,3.0,78.0,6.0,158.0
0,24255,158.0,7.0,92.0,6.0,48993.0
0,24256,81.0,7.0,99.0,6.0,1098.0
1,24291,118.0,3.0,101.0,8.0,136.0
1,24292,118.0,3.0,101.0,8.0,1082.0
1,24293,158.0,7.0,57.0,8.0,268.0
1,24294,165.0,3.0,78.0,8.0,637.0
1,24295,118.0,3.0,101.0,8.0,899.0
1,24296,158.0,7.0,57.0,8.0,10268.0
1,24297,23.0,2.0,17.0,8.0,797.0
1,24298,158.0,7.0,57.0,8.0,3695.0
1,24299,118.0,3.0,101.0,8.0,997.0
1,24300,118.0,3.0,101.0,8.0,37.0
2,24263,60.0,7.0,28.0,6.0,40.0
2,24264,158.0,7.0,57.0,6.0,1054.0
2,24265,127.0,0.0,0.0,6.0,145.0
2,24266,81.0,7.0,99.0,6.0,1632.0
2,24267,23.0,2.0,17.0,6.0,655.0
2,24268,107.0,0.0,0.0,6.0,5.0
2,24269,154.0,2.0,99.0,6.0,967.0
2,24270,158.0,7.0,57.0,6.0,165.0
2,24271,154.0,2.0,99.0,6.0,8994.0
2,24272,81.0,0.0,0.0,6.0,1213.0
3,24263,95.0,2.0,51.0,2.0,0.0
3,24264,158.0,7.0,57.0,2.0,1015.0
3,24265,81.0,7.0,99.0,2.0,6558.0
3,24266,158.0,7.0,57.0,2.0,637.0
3,24267,23.0,2.0,17.0,2.0,631.0
3,24268,23.0,2.0,17.0,2.0,65.0
3,24269,118.0,3.0,101.0,2.0,967.0
3,24270,158.0,7.0,57.0,2.0,348.0
3,24271,154.0,2.0,99.0,8.0,8107.0
3,24272,154.0,2.0,99.0,2.0,3736.0
4,24247,165.0,3.0,78.0,8.0,15.0
4,24248,118.0,3.0,101.0,8.0,165.0
4,24249,49.0,2.0,19.0,3.0,54425.0
4,24250,165.0,3.0,78.0,8.0,133.0
4,24251,23.0,2.0,17.0,8.0,1299.0
4,24252,158.0,7.0,57.0,8.0,18730.0
4,24253,23.0,2.0,17.0,8.0,798.0
4,24254,165.0,3.0,78.0,8.0,157.0
4,24255,158.0,7.0,92.0,8.0,48993.0
4,24256,81.0,7.0,99.0,8.0,798.0
5,24263,95.0,2.0,51.0,2.0,0.0
5,24264,158.0,7.0,57.0,6.0,1012.0
5,24265,23.0,2.0,17.0,6.0,635.0
5,24266,165.0,3.0,78.0,6.0,22.0
5,24267,23.0,2.0,17.0,6.0,689.0
5,24268,158.0,7.0,57.0,6.0,65.0
5,24269,23.0,2.0,17.0,6.0,471.0
5,24270,158.0,7.0,57.0,2.0,998.0
5,24271,158.0,7.0,57.0,6.0,8994.0
5,24272,158.0,7.0,57.0,6.0,733.0
6,24297,118.0,3.0,101.0,8.0,86.0
6,24298,118.0,3.0,101.0,8.0,137.0
6,24299,154.0,2.0,99.0,8.0,3865.0
6,24200,165.0,3.0,78.0,8.0,25.0
6,24201,23.0,2.0,17.0,8.0,889.0
6,24202,158.0,7.0,57.0,8.0,268.0
6,24203,23.0,2.0,17.0,8.0,497.0
6,24204,158.0,7.0,57.0,8.0,365.0
6,24205,118.0,3.0,101.0,8.0,993.0
6,24206,23.0,2.0,17.0,8.0,1024.0
7,24247,165.0,3.0,78.0,6.0,15.0
7,24248,118.0,3.0,101.0,6.0,165.0
7,24249,49.0,2.0,19.0,6.0,58825.0
7,24250,165.0,3.0,78.0,6.0,133.0
7,24251,23.0,2.0,17.0,6.0,1299.0
7,24252,158.0,7.0,57.0,6.0,18730.0
7,24253,23.0,2.0,17.0,6.0,793.0
7,24254,165.0,3.0,78.0,6.0,158.0
7,24255,158.0,7.0,57.0,6.0,8993.0
7,24256,81.0,7.0,99.0,6.0,1369.0
8,24267,56.0,7.0,26.0,2.0,461.0
8,24268,158.0,7.0,57.0,2.0,1024.0
8,24269,147.0,7.0,60.0,3.0,1631.0
8,24270,158.0,7.0,57.0,2.0,8137.0
8,24271,23.0,2.0,17.0,2.0,465.0
8,24272,103.0,6.0,53.0,2.0,7265.0
8,24273,23.0,2.0,17.0,2.0,171.0
8,24274,158.0,7.0,57.0,2.0,365.0
8,24275,118.0,3.0,101.0,8.0,757.0
8,24276,81.0,0.0,0.0,2.0,1013.0
9,24247,165.0,3.0,78.0,2.0,15.0
9,24248,118.0,3.0,101.0,8.0,165.0
9,24249,49.0,2.0,19.0,2.0,58865.0
9,24250,165.0,3.0,78.0,8.0,133.0
9,24251,23.0,2.0,17.0,8.0,1299.0
9,24252,158.0,7.0,57.0,8.0,18730.0
9,24253,23.0,2.0,17.0,8.0,798.0
9,24254,165.0,3.0,78.0,8.0,157.0
9,24255,158.0,7.0,92.0,8.0,8993.0
9,24256,158.0,7.0,57.0,8.0,798.0
10,24263,95.0,2.0,51.0,2.0,0.0
10,24264,158.0,7.0,57.0,6.0,2913.0
10,24265,23.0,2.0,17.0,6.0,631.0
10,24266,158.0,7.0,57.0,6.0,655.0
10,24267,23.0,2.0,17.0,6.0,684.0
10,24268,107.0,0.0,0.0,2.0,1065.0
10,24269,23.0,2.0,17.0,6.0,967.0
10,24270,158.0,7.0,57.0,6.0,165.0
10,24271,165.0,3.0,78.0,6.0,57.0
10,24272,158.0,7.0,57.0,6.0,736.0
11,24263,95.0,2.0,51.0,2.0,0.0
11,24264,158.0,7.0,57.0,6.0,2913.0
11,24265,23.0,2.0,17.0,6.0,645.0
11,24266,165.0,3.0,78.0,6.0,22.0
11,24267,23.0,2.0,17.0,6.0,889.0
11,24268,158.0,7.0,57.0,6.0,14065.0
11,24269,23.0,2.0,17.0,6.0,867.0
11,24270,158.0,7.0,57.0,6.0,758.0
11,24271,158.0,7.0,57.0,6.0,8997.0
11,24272,81.0,0.0,0.0,6.0,1213.0
12,24247,165.0,3.0,78.0,8.0,15.0
12,24248,118.0,3.0,101.0,8.0,165.0
12,24249,49.0,2.0,19.0,3.0,54425.0
12,24250,165.0,3.0,78.0,8.0,133.0
12,24251,23.0,2.0,17.0,8.0,1299.0
12,24252,158.0,7.0,57.0,8.0,14929.0
12,24253,23.0,2.0,17.0,8.0,793.0
12,24254,165.0,3.0,78.0,8.0,158.0
12,24255,158.0,7.0,92.0,8.0,48993.0
12,24256,81.0,0.0,0.0,8.0,169.0
13,24247,165.0,3.0,78.0,8.0,45.0
13,24248,118.0,3.0,101.0,8.0,165.0
13,24249,49.0,2.0,19.0,3.0,57145.0
13,24250,165.0,3.0,78.0,8.0,133.0
13,24251,23.0,2.0,17.0,8.0,1299.0
13,24252,158.0,7.0,57.0,8.0,18833.0
13,24253,23.0,2.0,17.0,8.0,798.0
13,24254,165.0,3.0,78.0,8.0,158.0
13,24255,158.0,7.0,92.0,8.0,48993.0
13,24256,81.0,7.0,99.0,8.0,798.0
14,24247,165.0,3.0,78.0,8.0,45.0
14,24248,118.0,3.0,101.0,8.0,165.0
14,24249,49.0,2.0,19.0,3.0,58865.0
14,24250,165.0,3.0,78.0,8.0,133.0
14,24251,23.0,2.0,17.0,8.0,1299.0
14,24252,158.0,7.0,57.0,8.0,18830.0
14,24253,23.0,2.0,17.0,8.0,798.0
14,24254,165.0,3.0,78.0,8.0,157.0
14,24255,158.0,7.0,92.0,8.0,48993.0
14,24256,81.0,0.0,0.0,8.0,12.0
15,24291,118.0,3.0,101.0,5.0,1086.0
15,24292,118.0,3.0,101.0,5.0,1085.0
15,24293,154.0,2.0,99.0,5.0,6877.0
15,24294,165.0,3.0,78.0,5.0,137.0
15,24295,118.0,3.0,101.0,5.0,819.0
15,24296,158.0,7.0,57.0,5.0,268.0
15,24297,23.0,2.0,17.0,5.0,797.0
15,24298,158.0,7.0,57.0,5.0,3695.0
15,24299,154.0,2.0,99.0,5.0,514.0
15,24300,118.0,3.0,101.0,5.0,37.0
16,3799,118.0,3.0,101.0,8.0,7.0
16,3700,158.0,7.0,57.0,8.0,268.0
16,3701,154.0,2.0,99.0,8.0,3697.0
16,3702,158.0,7.0,57.0,8.0,397.0
16,3703,165.0,3.0,78.0,8.0,56.0
16,3704,158.0,7.0,57.0,8.0,261.0
16,3705,165.0,3.0,78.0,8.0,47.0
16,3706,118.0,3.0,101.0,8.0,1665.0
16,3707,158.0,7.0,57.0,8.0,710.0
16,3708,158.0,7.0,57.0,8.0,1695.0
17,24263,95.0,2.0,51.0,0.0,18.0
17,24264,158.0,7.0,57.0,0.0,1015.0
17,24265,81.0,7.0,99.0,5.0,6555.0
17,24266,158.0,7.0,57.0,6.0,637.0
17,24267,23.0,2.0,17.0,2.0,652.0
17,24268,107.0,0.0,0.0,0.0,65.0
17,24269,154.0,2.0,99.0,6.0,967.0
17,24270,158.0,7.0,57.0,6.0,133.0
17,24271,154.0,2.0,99.0,6.0,8145.0
17,24272,154.0,2.0,99.0,2.0,1634.0
18,24247,165.0,3.0,78.0,8.0,15.0
18,24248,118.0,3.0,101.0,8.0,165.0
18,24249,49.0,2.0,19.0,3.0,54145.0
18,24250,165.0,3.0,78.0,8.0,137.0
18,24251,23.0,2.0,17.0,8.0,1299.0
18,24252,158.0,7.0,57.0,8.0,11265.0
18,24253,23.0,2.0,17.0,8.0,793.0
18,24254,165.0,3.0,78.0,8.0,158.0
18,24255,158.0,7.0,92.0,8.0,8993.0
18,24256,158.0,7.0,57.0,8.0,798.0
19,24297,118.0,3.0,101.0,8.0,86.0
19,24298,118.0,3.0,101.0,8.0,136.0
19,24299,49.0,2.0,19.0,8.0,39865.0
19,24200,165.0,3.0,78.0,8.0,77.0
19,24201,23.0,2.0,17.0,8.0,499.0
19,24202,158.0,7.0,57.0,8.0,268.0
19,24203,23.0,2.0,17.0,8.0,797.0
19,24204,158.0,7.0,57.0,8.0,998.0
19,24205,118.0,3.0,101.0,8.0,793.0
19,24206,81.0,0.0,0.0,8.0,1013.0
20,24263,95.0,2.0,51.0,2.0,0.0
20,24264,158.0,7.0,57.0,6.0,2953.0
20,24265,81.0,7.0,99.0,6.0,6868.0
20,24266,158.0,7.0,57.0,6.0,637.0
20,24267,23.0,2.0,17.0,6.0,631.0
20,24268,81.0,7.0,99.0,6.0,1032.0
20,24269,23.0,2.0,17.0,6.0,471.0
20,24270,158.0,7.0,57.0,6.0,318.0
20,24271,118.0,3.0,101.0,6.0,757.0
20,24272,154.0,2.0,99.0,6.0,1213.0
21,24297,118.0,3.0,101.0,8.0,86.0
21,24298,118.0,3.0,101.0,8.0,1085.0
21,24299,154.0,2.0,99.0,5.0,3877.0
21,24200,165.0,3.0,78.0,8.0,77.0
21,24201,23.0,2.0,17.0,8.0,889.0
21,24202,158.0,7.0,57.0,8.0,14030.0
21,24203,23.0,2.0,17.0,8.0,477.0
21,24204,158.0,7.0,57.0,8.0,395.0
21,24205,118.0,3.0,101.0,8.0,993.0
21,24206,23.0,2.0,17.0,8.0,1013.0
22,24247,165.0,3.0,78.0,8.0,15.0
22,24248,118.0,3.0,101.0,8.0,165.0
22,24249,49.0,2.0,19.0,3.0,54425.0
22,24250,165.0,3.0,78.0,8.0,133.0
22,24251,23.0,2.0,17.0,8.0,1299.0
22,24252,158.0,7.0,57.0,8.0,18833.0
22,24253,23.0,2.0,17.0,8.0,798.0
22,24254,165.0,3.0,78.0,8.0,150.0
22,24255,158.0,7.0,92.0,8.0,48993.0
22,24256,81.0,0.0,0.0,8.0,798.0
23,24247,165.0,3.0,78.0,8.0,15.0
23,24248,118.0,3.0,101.0,8.0,165.0
23,24249,49.0,2.0,19.0,2.0,54425.0
23,24250,165.0,3.0,78.0,8.0,133.0
23,24251,23.0,2.0,17.0,8.0,1299.0
23,24252,158.0,7.0,57.0,8.0,11030.0
23,24253,23.0,2.0,17.0,8.0,798.0
23,24254,165.0,3.0,78.0,8.0,158.0
23,24255,158.0,7.0,92.0,8.0,8993.0
23,24256,81.0,0.0,0.0,8.0,169.0
24,24247,165.0,3.0,78.0,8.0,15.0
24,24248,118.0,3.0,101.0,8.0,165.0
24,24249,49.0,2.0,19.0,2.0,54425.0
24,24250,165.0,3.0,78.0,8.0,133.0
24,24251,23.0,2.0,17.0,8.0,1299.0
24,24252,158.0,7.0,57.0,8.0,18830.0
24,24253,23.0,2.0,17.0,8.0,793.0
24,24254,165.0,3.0,78.0,8.0,150.0
24,24255,158.0,7.0,92.0,8.0,48993.0
24,24256,81.0,0.0,0.0,8.0,12.0
25,24247,165.0,3.0,78.0,8.0,15.0
25,24248,118.0,3.0,101.0,8.0,165.0
25,24249,49.0,2.0,19.0,2.0,54425.0
25,24250,165.0,3.0,78.0,8.0,133.0
25,24251,23.0,2.0,17.0,8.0,1299.0
25,24252,158.0,7.0,57.0,8.0,18830.0
25,24253,23.0,2.0,17.0,8.0,793.0
25,24254,165.0,3.0,78.0,8.0,157.0
25,24255,158.0,7.0,92.0,8.0,48993.0
25,24256,81.0,0.0,0.0,8.0,169.0
26,24247,165.0,3.0,78.0,6.0,15.0
26,24248,118.0,3.0,101.0,6.0,165.0
26,24249,49.0,2.0,19.0,6.0,58865.0
26,24250,158.0,7.0,57.0,6.0,133.0
26,24251,23.0,2.0,17.0,6.0,599.0
26,24252,158.0,7.0,57.0,6.0,18730.0
26,24253,23.0,2.0,17.0,6.0,798.0
26,24254,165.0,3.0,78.0,6.0,158.0
26,24255,158.0,7.0,92.0,6.0,8993.0
26,24256,81.0,7.0,99.0,6.0,188.0
27,24247,165.0,3.0,78.0,8.0,15.0
27,24248,118.0,3.0,101.0,8.0,165.0
27,24249,49.0,2.0,19.0,3.0,54425.0
27,24250,165.0,3.0,78.0,8.0,133.0
27,24251,23.0,2.0,17.0,8.0,1299.0
27,24252,158.0,7.0,57.0,8.0,18730.0
27,24253,23.0,2.0,17.0,8.0,798.0
27,24254,165.0,3.0,78.0,8.0,157.0
27,24255,158.0,7.0,92.0,8.0,48993.0
27,24256,81.0,0.0,0.0,8.0,98.0
28,24297,118.0,3.0,101.0,8.0,86.0
28,24298,118.0,3.0,101.0,8.0,1085.0
28,24299,154.0,2.0,99.0,8.0,3865.0
28,24200,165.0,3.0,78.0,8.0,137.0
28,24201,23.0,2.0,17.0,8.0,473.0
28,24202,158.0,7.0,57.0,8.0,268.0
28,24203,23.0,2.0,17.0,8.0,797.0
28,24204,158.0,7.0,57.0,8.0,795.0
28,24205,118.0,3.0,101.0,8.0,993.0
28,24206,23.0,2.0,17.0,8.0,1013.0
29,24247,165.0,3.0,78.0,8.0,45.0
29,24248,118.0,3.0,101.0,8.0,165.0
29,24249,49.0,2.0,19.0,3.0,54925.0
29,24250,165.0,3.0,78.0,8.0,133.0
29,24251,23.0,2.0,17.0,8.0,1299.0
29,24252,158.0,7.0,57.0,8.0,18830.0
29,24253,23.0,2.0,17.0,8.0,798.0
29,24254,165.0,3.0,78.0,8.0,150.0
29,24255,158.0,7.0,92.0,8.0,48993.0
29,24256,81.0,0.0,0.0,8.0,798.0
30,24247,165.0,3.0,78.0,8.0,15.0
30,24248,118.0,3.0,101.0,8.0,165.0
30,24249,49.0,2.0,19.0,2.0,54425.0
30,24250,165.0,3.0,78.0,8.0,133.0
30,24251,23.0,2.0,17.0,8.0,1299.0
30,24252,158.0,7.0,57.0,8.0,10265.0
30,24253,23.0,2.0,17.0,8.0,798.0
30,24254,165.0,3.0,78.0,8.0,158.0
30,24255,158.0,7.0,92.0,8.0,48993.0
30,24256,81.0,0.0,0.0,8.0,169.0
31,24247,165.0,3.0,78.0,8.0,15.0
31,24248,118.0,3.0,101.0,8.0,165.0
31,24249,49.0,2.0,19.0,2.0,54425.0
31,24250,165.0,3.0,78.0,8.0,133.0
31,24251,23.0,2.0,17.0,8.0,1299.0
31,24252,158.0,7.0,57.0,8.0,18929.0
31,24253,23.0,2.0,17.0,8.0,798.0
31,24254,165.0,3.0,78.0,8.0,157.0
31,24255,158.0,7.0,92.0,8.0,48993.0
31,24256,81.0,0.0,0.0,8.0,2.0
32,24247,165.0,3.0,78.0,8.0,15.0
32,24248,118.0,3.0,101.0,8.0,165.0
32,24249,49.0,2.0,19.0,3.0,54425.0
32,24250,165.0,3.0,78.0,8.0,133.0
32,24251,23.0,2.0,17.0,8.0,1299.0
32,24252,158.0,7.0,57.0,8.0,18830.0
32,24253,23.0,2.0,17.0,8.0,798.0
32,24254,165.0,3.0,78.0,8.0,155.0
32,24255,158.0,7.0,92.0,8.0,48993.0
32,24256,81.0,0.0,0.0,8.0,188.0
33,24263,60.0,7.0,28.0,2.0,40.0
33,24264,158.0,7.0,57.0,6.0,1015.0
33,24265,127.0,0.0,0.0,8.0,145.0
33,24266,56.0,7.0,26.0,6.0,73.0
33,24267,23.0,2.0,17.0,6.0,637.0
33,24268,158.0,7.0,57.0,6.0,265.0
33,24269,118.0,3.0,101.0,6.0,967.0
33,24270,158.0,7.0,57.0,2.0,365.0
33,24271,96.0,2.0,52.0,6.0,100657.0
33,24272,81.0,0.0,0.0,8.0,1036.0
34,24263,95.0,2.0,51.0,2.0,0.0
34,24264,158.0,7.0,57.0,6.0,2913.0
34,24265,23.0,2.0,17.0,6.0,645.0
34,24266,165.0,3.0,78.0,6.0,55.0
34,24267,23.0,2.0,17.0,6.0,689.0
34,24268,158.0,7.0,57.0,6.0,65.0
34,24269,118.0,3.0,101.0,6.0,967.0
34,24270,158.0,7.0,57.0,6.0,325.0
34,24271,154.0,2.0,99.0,6.0,8990.0
34,24272,154.0,2.0,99.0,6.0,5736.0
35,24247,165.0,3.0,78.0,8.0,15.0
35,24248,118.0,3.0,101.0,8.0,165.0
35,24249,49.0,2.0,19.0,3.0,58865.0
35,24250,165.0,3.0,78.0,8.0,133.0
35,24251,23.0,2.0,17.0,8.0,1299.0
35,24252,158.0,7.0,57.0,8.0,18833.0
35,24253,23.0,2.0,17.0,8.0,798.0
35,24254,165.0,3.0,78.0,8.0,158.0
35,24255,158.0,7.0,92.0,8.0,48993.0
35,24256,81.0,0.0,0.0,8.0,188.0
36,24247,165.0,3.0,78.0,8.0,15.0
36,24248,118.0,3.0,101.0,8.0,165.0
36,24249,49.0,2.0,19.0,2.0,54425.0
36,24250,165.0,3.0,78.0,8.0,133.0
36,24251,23.0,2.0,17.0,8.0,1299.0
36,24252,158.0,7.0,57.0,8.0,18833.0
36,24253,23.0,2.0,17.0,8.0,798.0
36,24254,165.0,3.0,78.0,8.0,158.0
36,24255,158.0,7.0,92.0,8.0,8993.0
36,24256,81.0,0.0,0.0,8.0,2.0
37,24247,165.0,3.0,78.0,2.0,45.0
37,24248,118.0,3.0,101.0,8.0,165.0
37,24249,49.0,2.0,19.0,2.0,58865.0
37,24250,165.0,3.0,78.0,8.0,133.0
37,24251,23.0,2.0,17.0,8.0,599.0
37,24252,158.0,7.0,57.0,8.0,18130.0
37,24253,23.0,2.0,17.0,8.0,798.0
37,24254,165.0,3.0,78.0,8.0,150.0
37,24255,158.0,7.0,92.0,8.0,8993.0
37,24256,81.0,0.0,0.0,8.0,13.0
38,24263,60.0,7.0,28.0,6.0,41.0
38,24264,158.0,7.0,57.0,6.0,1054.0
38,24265,127.0,0.0,0.0,6.0,145.0
38,24266,81.0,7.0,99.0,6.0,4137.0
38,24267,23.0,2.0,17.0,6.0,495.0
38,24268,103.0,6.0,53.0,6.0,5.0
38,24269,118.0,3.0,101.0,6.0,967.0
38,24270,158.0,7.0,57.0,6.0,365.0
38,24271,154.0,2.0,99.0,6.0,8994.0
38,24272,81.0,7.0,99.0,6.0,1213.0
39,24263,60.0,7.0,28.0,6.0,100.0
39,24264,158.0,7.0,57.0,6.0,7053.0
39,24265,127.0,0.0,0.0,6.0,142.0
39,24266,56.0,7.0,26.0,6.0,681.0
39,24267,23.0,2.0,17.0,6.0,495.0
39,24268,158.0,7.0,57.0,6.0,265.0
39,24269,118.0,3.0,101.0,6.0,967.0
39,24270,158.0,7.0,57.0,6.0,365.0
39,24271,154.0,2.0,99.0,6.0,8994.0
39,24272,154.0,2.0,99.0,6.0,1213.0
40,24293,118.0,3.0,101.0,8.0,86.0
40,24294,118.0,3.0,101.0,8.0,1082.0
40,24295,154.0,2.0,99.0,8.0,6565.0
40,24296,165.0,3.0,78.0,8.0,77.0
40,24297,23.0,2.0,17.0,8.0,819.0
40,24298,158.0,7.0,57.0,8.0,265.0
40,24299,23.0,2.0,17.0,8.0,797.0
40,24300,158.0,7.0,57.0,8.0,3157.0
40,24301,118.0,3.0,101.0,8.0,704.0
40,24302,118.0,3.0,101.0,8.0,1003.0
41,24247,165.0,3.0,78.0,8.0,15.0
41,24248,118.0,3.0,101.0,8.0,165.0
41,24249,49.0,2.0,19.0,3.0,58865.0
41,24250,165.0,3.0,78.0,8.0,133.0
41,24251,23.0,2.0,17.0,8.0,1299.0
41,24252,158.0,7.0,57.0,8.0,18925.0
41,24253,23.0,2.0,17.0,8.0,793.0
41,24254,165.0,3.0,78.0,8.0,158.0
41,24255,158.0,7.0,92.0,8.0,8993.0
41,24256,81.0,0.0,0.0,8.0,798.0
42,24247,165.0,3.0,78.0,8.0,15.0
42,24248,118.0,3.0,101.0,8.0,165.0
42,24249,49.0,2.0,19.0,3.0,54425.0
42,24250,165.0,3.0,78.0,8.0,133.0
42,24251,23.0,2.0,17.0,8.0,1299.0
42,24252,158.0,7.0,57.0,8.0,18730.0
42,24253,23.0,2.0,17.0,8.0,793.0
42,24254,165.0,3.0,78.0,8.0,157.0
42,24255,158.0,7.0,92.0,8.0,48993.0
42,24256,81.0,0.0,0.0,8.0,18.0
43,24247,165.0,3.0,78.0,8.0,15.0
43,24248,118.0,3.0,101.0,8.0,165.0
43,24249,49.0,2.0,19.0,3.0,58825.0
43,24250,165.0,3.0,78.0,8.0,137.0
43,24251,23.0,2.0,17.0,8.0,1299.0
43,24252,158.0,7.0,57.0,8.0,18733.0
43,24253,23.0,2.0,17.0,8.0,796.0
43,24254,165.0,3.0,78.0,8.0,158.0
43,24255,158.0,7.0,92.0,8.0,8993.0
43,24256,81.0,0.0,0.0,8.0,169.0
44,24247,165.0,3.0,78.0,2.0,15.0
44,24248,118.0,3.0,101.0,8.0,165.0
44,24249,49.0,2.0,19.0,3.0,54425.0
44,24250,165.0,3.0,78.0,8.0,133.0
44,24251,23.0,2.0,17.0,8.0,599.0
44,24252,158.0,7.0,57.0,8.0,18830.0
44,24253,23.0,2.0,17.0,8.0,798.0
44,24254,165.0,3.0,78.0,8.0,158.0
44,24255,158.0,7.0,92.0,8.0,48993.0
44,24256,81.0,0.0,0.0,8.0,13.0
45,24247,165.0,3.0,78.0,6.0,45.0
45,24248,118.0,3.0,101.0,6.0,165.0
45,24249,49.0,2.0,19.0,6.0,58825.0
45,24250,165.0,3.0,78.0,6.0,133.0
45,24251,23.0,2.0,17.0,6.0,1299.0
45,24252,158.0,7.0,57.0,6.0,18730.0
45,24253,23.0,2.0,17.0,6.0,796.0
45,24254,165.0,3.0,78.0,6.0,158.0
45,24255,158.0,7.0,92.0,6.0,48993.0
45,24256,81.0,7.0,99.0,6.0,1298.0
46,4223,118.0,3.0,101.0,8.0,18.0
46,4224,158.0,7.0,57.0,8.0,8313.0
46,4225,154.0,2.0,99.0,8.0,1378.0
46,4226,165.0,3.0,78.0,8.0,77.0
46,4227,23.0,2.0,17.0,8.0,513.0
46,4228,158.0,7.0,57.0,8.0,215.0
46,4229,81.0,7.0,99.0,8.0,713.0
46,4230,154.0,2.0,99.0,8.0,1645.0
46,4231,118.0,3.0,101.0,8.0,706.0
46,4232,154.0,2.0,99.0,8.0,4597.0
47,24247,165.0,3.0,78.0,2.0,15.0
47,24248,118.0,3.0,101.0,8.0,165.0
47,24249,49.0,2.0,19.0,2.0,54425.0
47,24250,165.0,3.0,78.0,8.0,133.0
47,24251,23.0,2.0,17.0,8.0,1299.0
47,24252,158.0,7.0,57.0,8.0,18830.0
47,24253,23.0,2.0,17.0,8.0,798.0
47,24254,165.0,3.0,78.0,8.0,158.0
47,24255,158.0,7.0,57.0,8.0,48993.0
47,24256,158.0,7.0,57.0,8.0,798.0
48,24263,60.0,7.0,28.0,6.0,100.0
48,24264,158.0,7.0,57.0,6.0,7053.0
48,24265,127.0,0.0,0.0,6.0,145.0
48,24266,81.0,7.0,99.0,6.0,1637.0
48,24267,23.0,2.0,17.0,6.0,499.0
48,24268,158.0,7.0,57.0,6.0,14739.0
48,24269,118.0,3.0,101.0,6.0,967.0
48,24270,154.0,2.0,99.0,6.0,358.0
48,24271,154.0,2.0,99.0,6.0,8994.0
48,24272,154.0,2.0,99.0,6.0,1694.0
49,24247,165.0,3.0,78.0,8.0,45.0
49,24248,118.0,3.0,101.0,8.0,165.0
49,24249,49.0,2.0,19.0,3.0,54425.0
49,24250,165.0,3.0,78.0,8.0,133.0
49,24251,23.0,2.0,17.0,8.0,1299.0
49,24252,158.0,7.0,57.0,8.0,18929.0
49,24253,23.0,2.0,17.0,8.0,798.0
49,24254,165.0,3.0,78.0,8.0,158.0
49,24255,158.0,7.0,92.0,8.0,8993.0
49,24256,81.0,0.0,0.0,8.0,798.0
50,24247,165.0,3.0,78.0,2.0,43.0
50,24248,118.0,3.0,101.0,8.0,165.0
50,24249,49.0,2.0,19.0,2.0,54145.0
50,24250,165.0,3.0,78.0,8.0,133.0
50,24251,23.0,2.0,17.0,8.0,1299.0
50,24252,158.0,7.0,57.0,8.0,18130.0
50,24253,23.0,2.0,17.0,8.0,798.0
50,24254,165.0,3.0,78.0,8.0,158.0
50,24255,158.0,7.0,92.0,8.0,8993.0
50,24256,81.0,0.0,0.0,8.0,798.0
51,24247,165.0,3.0,78.0,8.0,45.0
51,24248,118.0,3.0,101.0,8.0,165.0
51,24249,49.0,2.0,19.0,3.0,54425.0
51,24250,165.0,3.0,78.0,8.0,133.0
51,24251,23.0,2.0,17.0,8.0,1299.0
51,24252,158.0,7.0,57.0,8.0,18730.0
51,24253,23.0,2.0,17.0,8.0,798.0
51,24254,165.0,3.0,78.0,8.0,157.0
51,24255,158.0,7.0,92.0,8.0,48993.0
51,24256,81.0,0.0,0.0,8.0,18.0
52,3224,158.0,7.0,57.0,2.0,318.0
52,3225,118.0,3.0,101.0,8.0,1682.0
52,3226,158.0,7.0,57.0,8.0,1647.0
52,3227,165.0,3.0,78.0,8.0,5.0
52,3228,23.0,2.0,17.0,8.0,516.0
52,3229,9.0,2.0,14.0,8.0,905.0
52,3230,23.0,2.0,17.0,8.0,7167.0
52,3231,158.0,7.0,57.0,8.0,2955.0
52,3232,165.0,3.0,78.0,8.0,106.0
52,3233,158.0,7.0,57.0,8.0,765.0
53,24221,118.0,3.0,101.0,8.0,195.0
53,24222,158.0,7.0,57.0,8.0,8025.0
53,24223,118.0,3.0,101.0,8.0,1377.0
53,24224,165.0,3.0,78.0,8.0,137.0
53,24225,158.0,7.0,57.0,8.0,17265.0
53,24226,158.0,7.0,57.0,8.0,265.0
53,24227,81.0,7.0,99.0,8.0,743.0
53,24228,154.0,2.0,99.0,8.0,3195.0
53,24229,118.0,3.0,101.0,8.0,997.0
53,24230,154.0,2.0,99.0,8.0,1632.0
54,24263,10.0,0.0,0.0,8.0,45.0
54,24264,81.0,7.0,99.0,8.0,1012.0
54,24265,23.0,2.0,17.0,8.0,631.0
54,24266,158.0,7.0,57.0,8.0,53.0
54,24267,23.0,2.0,17.0,8.0,484.0
54,24268,9.0,2.0,14.0,8.0,165.0
54,24269,23.0,2.0,17.0,8.0,167.0
54,24270,158.0,7.0,57.0,8.0,998.0
54,24271,158.0,7.0,57.0,8.0,8997.0
54,24272,81.0,0.0,0.0,8.0,736.0
55,24263,95.0,2.0,51.0,2.0,0.0
55,24264,158.0,7.0,57.0,6.0,1012.0
55,24265,23.0,2.0,17.0,2.0,631.0
55,24266,165.0,3.0,78.0,6.0,22.0
55,24267,23.0,2.0,17.0,2.0,699.0
55,24268,158.0,7.0,57.0,6.0,65.0
55,24269,23.0,2.0,17.0,6.0,798.0
55,24270,158.0,7.0,57.0,2.0,357.0
55,24271,107.0,0.0,0.0,6.0,57.0
55,24272,154.0,2.0,99.0,2.0,3731.0
56,24263,60.0,7.0,28.0,6.0,41.0
56,24264,158.0,7.0,57.0,6.0,1053.0
56,24265,127.0,0.0,0.0,6.0,145.0
56,24266,96.0,2.0,52.0,6.0,1053.0
56,24267,23.0,2.0,17.0,6.0,487.0
56,24268,158.0,7.0,57.0,6.0,265.0
56,24269,116.0,1.0,62.0,6.0,24.0
56,24270,158.0,7.0,92.0,6.0,55.0
56,24271,118.0,3.0,101.0,6.0,756.0
56,24272,81.0,0.0,0.0,6.0,1013.0
57,24247,165.0,3.0,78.0,6.0,15.0
57,24248,118.0,3.0,101.0,6.0,165.0
57,24249,49.0,2.0,19.0,6.0,58825.0
57,24250,165.0,3.0,78.0,6.0,133.0
57,24251,23.0,2.0,17.0,6.0,1299.0
57,24252,158.0,7.0,57.0,6.0,18730.0
57,24253,23.0,2.0,17.0,6.0,793.0
57,24254,158.0,7.0,57.0,6.0,48998.0
57,24255,118.0,3.0,101.0,6.0,993.0
57,24256,81.0,7.0,99.0,6.0,1398.0
58,24291,118.0,3.0,101.0,8.0,7986.0
58,24292,118.0,3.0,101.0,8.0,115.0
58,24293,158.0,7.0,57.0,8.0,13877.0
58,24294,165.0,3.0,78.0,8.0,137.0
58,24295,23.0,2.0,17.0,8.0,499.0
58,24296,158.0,7.0,57.0,8.0,10268.0
58,24297,23.0,2.0,17.0,8.0,797.0
58,24298,158.0,7.0,57.0,8.0,3698.0
58,24299,118.0,3.0,101.0,8.0,994.0
58,24300,118.0,3.0,101.0,8.0,37.0
59,24263,60.0,7.0,28.0,6.0,43.0
59,24264,158.0,7.0,57.0,6.0,1015.0
59,24265,147.0,7.0,60.0,6.0,665.0
59,24266,116.0,1.0,62.0,6.0,1055.0
59,24267,23.0,2.0,17.0,6.0,657.0
59,24268,23.0,2.0,17.0,6.0,5.0
59,24269,118.0,3.0,101.0,6.0,967.0
59,24270,147.0,7.0,60.0,6.0,645.0
59,24271,154.0,2.0,99.0,6.0,557.0
59,24272,154.0,2.0,99.0,6.0,1294.0
60,24247,165.0,3.0,78.0,5.0,15.0
60,24248,118.0,3.0,101.0,5.0,165.0
60,24249,49.0,2.0,19.0,5.0,54145.0
60,24250,165.0,3.0,78.0,5.0,133.0
60,24251,23.0,2.0,17.0,5.0,1299.0
60,24252,158.0,7.0,57.0,5.0,18929.0
60,24253,23.0,2.0,17.0,5.0,798.0
60,24254,165.0,3.0,78.0,5.0,158.0
60,24255,158.0,7.0,92.0,5.0,48993.0
60,24256,81.0,7.0,99.0,5.0,1269.0
61,24297,118.0,3.0,101.0,8.0,86.0
61,24298,118.0,3.0,101.0,8.0,137.0
61,24299,154.0,2.0,99.0,8.0,3865.0
61,24200,165.0,3.0,78.0,8.0,137.0
61,24201,23.0,2.0,17.0,8.0,489.0
61,24202,158.0,7.0,57.0,8.0,268.0
61,24203,23.0,2.0,17.0,8.0,797.0
61,24304,158.0,7.0,57.0,8.0,355.0
61,24305,118.0,3.0,101.0,8.0,756.0
61,24306,23.0,2.0,17.0,8.0,1636.0
62,24297,118.0,3.0,101.0,8.0,86.0
62,24298,118.0,3.0,101.0,8.0,135.0
62,24299,158.0,7.0,57.0,3.0,268.0
62,24200,165.0,3.0,78.0,8.0,25.0
62,24201,23.0,2.0,17.0,8.0,553.0
62,24202,158.0,7.0,57.0,8.0,268.0
62,24203,23.0,2.0,17.0,8.0,797.0
62,24204,158.0,7.0,57.0,8.0,355.0
62,24205,118.0,3.0,101.0,8.0,704.0
62,24206,23.0,2.0,17.0,8.0,24.0
63,24263,95.0,2.0,51.0,2.0,0.0
63,24264,158.0,7.0,57.0,6.0,2813.0
63,24265,23.0,2.0,17.0,6.0,631.0
63,24266,165.0,3.0,78.0,6.0,55.0
63,24267,23.0,2.0,17.0,6.0,489.0
63,24268,158.0,7.0,57.0,6.0,11065.0
63,24269,23.0,2.0,17.0,6.0,471.0
63,24270,158.0,7.0,57.0,2.0,365.0
63,24271,158.0,7.0,57.0,6.0,8994.0
63,24272,154.0,2.0,99.0,6.0,5736.0
64,24263,95.0,2.0,51.0,2.0,0.0
64,24264,158.0,7.0,57.0,6.0,1015.0
64,24265,81.0,7.0,99.0,6.0,6868.0
64,24266,154.0,2.0,99.0,6.0,8637.0
64,24267,23.0,2.0,17.0,6.0,655.0
64,24268,158.0,7.0,57.0,6.0,265.0
64,24269,118.0,3.0,101.0,6.0,971.0
64,24270,154.0,2.0,99.0,6.0,365.0
64,24271,154.0,2.0,99.0,6.0,8165.0
64,24272,81.0,7.0,99.0,6.0,1694.0
65,24297,118.0,3.0,101.0,8.0,86.0
65,24298,118.0,3.0,101.0,8.0,137.0
65,24299,49.0,2.0,19.0,8.0,56147.0
65,24200,165.0,3.0,78.0,8.0,7.0
65,24201,23.0,2.0,17.0,8.0,499.0
65,24202,158.0,7.0,57.0,8.0,268.0
65,24203,23.0,2.0,17.0,8.0,797.0
65,24204,158.0,7.0,57.0,8.0,998.0
65,24205,118.0,3.0,101.0,8.0,793.0
65,24206,81.0,0.0,0.0,8.0,1024.0
66,24291,118.0,3.0,101.0,8.0,1086.0
66,24292,118.0,3.0,101.0,8.0,137.0
66,24293,158.0,7.0,57.0,8.0,268.0
66,24294,165.0,3.0,78.0,8.0,77.0
66,24295,23.0,2.0,17.0,8.0,889.0
66,24296,158.0,7.0,57.0,8.0,10268.0
66,24297,23.0,2.0,17.0,8.0,797.0
66,24298,158.0,7.0,57.0,8.0,3695.0
66,24299,118.0,3.0,101.0,8.0,997.0
66,24300,118.0,3.0,101.0,8.0,3.0
67,24297,118.0,3.0,101.0,5.0,996.0
67,24298,118.0,3.0,101.0,5.0,136.0
67,24299,154.0,2.0,99.0,5.0,3277.0
67,24200,165.0,3.0,78.0,5.0,137.0
67,24201,118.0,3.0,101.0,5.0,1299.0
67,24202,158.0,7.0,57.0,5.0,268.0
67,24203,23.0,2.0,17.0,5.0,797.0
67,24204,158.0,7.0,57.0,5.0,995.0
67,24205,118.0,3.0,101.0,5.0,993.0
67,24206,23.0,2.0,17.0,5.0,1024.0
68,24247,165.0,3.0,78.0,8.0,15.0
68,24248,118.0,3.0,101.0,8.0,165.0
68,24249,49.0,2.0,19.0,3.0,54425.0
68,24250,165.0,3.0,78.0,8.0,133.0
68,24251,23.0,2.0,17.0,8.0,1299.0
68,24252,158.0,7.0,57.0,8.0,18830.0
68,24253,23.0,2.0,17.0,8.0,798.0
68,24254,165.0,3.0,78.0,8.0,157.0
68,24255,158.0,7.0,92.0,8.0,48993.0
68,24256,81.0,0.0,0.0,8.0,798.0
69,24263,10.0,0.0,0.0,8.0,143.0
69,24264,158.0,7.0,57.0,8.0,5913.0
69,24265,23.0,2.0,17.0,8.0,645.0
69,24266,81.0,7.0,99.0,8.0,8923.0
69,24267,23.0,2.0,17.0,8.0,652.0
69,24268,158.0,7.0,57.0,8.0,16032.0
69,24269,23.0,2.0,17.0,8.0,477.0
69,24270,158.0,7.0,57.0,8.0,757.0
69,24271,107.0,0.0,0.0,8.0,57.0
69,24272,81.0,0.0,0.0,8.0,13.0
70,24247,165.0,3.0,78.0,8.0,15.0
70,24248,118.0,3.0,101.0,8.0,165.0
70,24249,49.0,2.0,19.0,3.0,54425.0
70,24250,165.0,3.0,78.0,8.0,133.0
70,24251,23.0,2.0,17.0,8.0,1299.0
70,24252,158.0,7.0,57.0,8.0,18929.0
70,24253,23.0,2.0,17.0,8.0,793.0
70,24254,165.0,3.0,78.0,8.0,157.0
70,24255,158.0,7.0,92.0,8.0,48993.0
70,24256,81.0,0.0,0.0,8.0,98.0
71,24291,118.0,3.0,101.0,8.0,1086.0
71,24292,118.0,3.0,101.0,8.0,137.0
71,24293,158.0,7.0,57.0,8.0,268.0
71,24294,165.0,3.0,78.0,8.0,77.0
71,24295,23.0,2.0,17.0,8.0,889.0
71,24296,158.0,7.0,57.0,8.0,10265.0
71,24297,23.0,2.0,17.0,8.0,797.0
71,24298,165.0,3.0,78.0,8.0,55.0
71,24299,158.0,7.0,57.0,8.0,704.0
71,24300,154.0,2.0,99.0,8.0,3737.0
72,24263,95.0,2.0,51.0,2.0,0.0
72,24264,158.0,7.0,57.0,6.0,1015.0
72,24265,81.0,7.0,99.0,6.0,6868.0
72,24266,158.0,7.0,57.0,6.0,637.0
72,24267,23.0,2.0,17.0,6.0,495.0
72,24268,158.0,7.0,57.0,6.0,265.0
72,24269,118.0,3.0,101.0,6.0,967.0
72,24270,154.0,2.0,99.0,6.0,358.0
72,24271,154.0,2.0,99.0,6.0,8194.0
72,24272,81.0,7.0,99.0,6.0,1513.0
73,24247,165.0,3.0,78.0,8.0,15.0
73,24248,118.0,3.0,101.0,8.0,165.0
73,24249,49.0,2.0,19.0,2.0,54425.0
73,24250,165.0,3.0,78.0,8.0,133.0
73,24251,23.0,2.0,17.0,8.0,1299.0
73,24252,158.0,7.0,57.0,8.0,18730.0
73,24253,23.0,2.0,17.0,8.0,791.0
73,24254,165.0,3.0,78.0,8.0,157.0
73,24255,158.0,7.0,92.0,8.0,48993.0
73,24256,81.0,0.0,0.0,8.0,188.0
74,24247,165.0,3.0,78.0,8.0,45.0
74,24248,118.0,3.0,101.0,8.0,165.0
74,24249,49.0,2.0,19.0,3.0,34425.0
74,24250,165.0,3.0,78.0,8.0,133.0
74,24251,23.0,2.0,17.0,8.0,1299.0
74,24252,158.0,7.0,57.0,8.0,18733.0
74,24253,23.0,2.0,17.0,8.0,798.0
74,24254,165.0,3.0,78.0,8.0,157.0
74,24255,158.0,7.0,92.0,8.0,8993.0
74,24256,158.0,7.0,57.0,8.0,798.0
75,24263,10.0,0.0,0.0,8.0,13.0
75,24264,81.0,7.0,99.0,8.0,1012.0
75,24265,23.0,2.0,17.0,8.0,665.0
75,24266,158.0,7.0,57.0,8.0,8932.0
75,24267,23.0,2.0,17.0,8.0,484.0
75,24268,9.0,2.0,14.0,8.0,65.0
75,24269,23.0,2.0,17.0,8.0,167.0
75,24270,158.0,7.0,57.0,8.0,998.0
75,24271,118.0,3.0,101.0,8.0,704.0
75,24272,154.0,2.0,99.0,8.0,5736.0
76,24211,154.0,2.0,99.0,2.0,7180.0
76,24212,165.0,3.0,78.0,8.0,125.0
76,24213,118.0,3.0,101.0,8.0,1377.0
76,24214,154.0,2.0,99.0,8.0,8137.0
76,24215,165.0,3.0,78.0,8.0,593.0
76,24216,81.0,7.0,99.0,8.0,1037.0
76,24217,81.0,7.0,99.0,8.0,865.0
76,24218,153.0,2.0,99.0,8.0,6193.0
76,24219,154.0,2.0,99.0,8.0,8993.0
76,24220,154.0,2.0,99.0,8.0,1684.0
77,24263,95.0,2.0,51.0,2.0,0.0
77,24264,158.0,7.0,57.0,6.0,1015.0
77,24265,23.0,2.0,17.0,6.0,635.0
77,24266,165.0,3.0,78.0,6.0,22.0
77,24267,23.0,2.0,17.0,6.0,518.0
77,24268,158.0,7.0,57.0,6.0,265.0
77,24269,23.0,2.0,17.0,6.0,471.0
77,24270,158.0,7.0,57.0,6.0,998.0
77,24271,158.0,7.0,57.0,6.0,8994.0
77,24272,154.0,2.0,99.0,6.0,5736.0
78,24263,10.0,0.0,0.0,8.0,3.0
78,24264,158.0,7.0,57.0,8.0,5813.0
78,24265,23.0,2.0,17.0,8.0,645.0
78,24266,81.0,7.0,99.0,8.0,8102.0
78,24267,23.0,2.0,17.0,8.0,499.0
78,24268,158.0,7.0,57.0,8.0,16065.0
78,24269,118.0,3.0,101.0,8.0,967.0
78,24270,154.0,2.0,99.0,8.0,365.0
78,24271,154.0,2.0,99.0,8.0,8997.0
78,24272,81.0,7.0,99.0,8.0,1213.0
79,24263,95.0,2.0,51.0,2.0,0.0
79,24264,158.0,7.0,57.0,6.0,1015.0
79,24265,23.0,2.0,17.0,8.0,645.0
79,24266,165.0,3.0,78.0,6.0,22.0
79,24267,23.0,2.0,17.0,6.0,699.0
79,24268,158.0,7.0,57.0,6.0,11065.0
79,24269,23.0,2.0,17.0,6.0,471.0
79,24270,158.0,7.0,57.0,2.0,798.0
79,24271,158.0,7.0,57.0,6.0,8994.0
79,24272,158.0,7.0,57.0,2.0,736.0
80,24227,154.0,2.0,99.0,8.0,8735.0
80,24228,154.0,2.0,99.0,8.0,13873.0
80,24229,154.0,2.0,99.0,8.0,3177.0
80,24230,154.0,2.0,99.0,8.0,8915.0
80,24231,118.0,3.0,101.0,8.0,1829.0
80,24232,81.0,7.0,99.0,8.0,1033.0
80,24233,81.0,7.0,99.0,8.0,861.0
80,24234,154.0,2.0,99.0,8.0,1617.0
80,24235,158.0,7.0,57.0,8.0,17313.0
80,24236,154.0,2.0,99.0,8.0,1698.0
81,24263,10.0,0.0,0.0,8.0,43.0
81,24264,158.0,7.0,57.0,8.0,1013.0
81,24265,23.0,2.0,17.0,8.0,645.0
81,24266,165.0,3.0,78.0,8.0,23.0
81,24267,23.0,2.0,17.0,8.0,518.0
81,24268,158.0,7.0,57.0,8.0,65.0
81,24269,23.0,2.0,17.0,8.0,867.0
81,24270,158.0,7.0,57.0,8.0,708.0
81,24271,118.0,3.0,101.0,8.0,707.0
81,24272,158.0,7.0,57.0,8.0,736.0
82,24297,118.0,3.0,101.0,8.0,86.0
82,24298,118.0,3.0,101.0,8.0,135.0
82,24299,49.0,2.0,19.0,8.0,56147.0
82,24200,165.0,3.0,78.0,8.0,137.0
82,24201,23.0,2.0,17.0,8.0,499.0
82,24202,158.0,7.0,57.0,8.0,18030.0
82,24203,23.0,2.0,17.0,8.0,797.0
82,24204,158.0,7.0,57.0,8.0,998.0
82,24205,118.0,3.0,101.0,8.0,993.0
82,24206,81.0,0.0,0.0,8.0,1013.0
83,24247,165.0,3.0,78.0,2.0,15.0
83,24248,118.0,3.0,101.0,6.0,165.0
83,24249,49.0,2.0,19.0,3.0,58825.0
83,24250,165.0,3.0,78.0,6.0,133.0
83,24251,23.0,2.0,17.0,6.0,1299.0
83,24252,158.0,7.0,57.0,6.0,18730.0
83,24253,23.0,2.0,17.0,6.0,473.0
83,24254,165.0,3.0,78.0,2.0,158.0
83,24255,158.0,7.0,92.0,6.0,8993.0
83,24256,81.0,0.0,0.0,6.0,2.0
84,24263,95.0,2.0,51.0,2.0,0.0
84,24264,158.0,7.0,57.0,6.0,1012.0
84,24265,23.0,2.0,17.0,6.0,631.0
84,24266,165.0,3.0,78.0,6.0,95.0
84,24267,23.0,2.0,17.0,6.0,513.0
84,24268,158.0,7.0,57.0,6.0,65.0
84,24269,23.0,2.0,17.0,6.0,791.0
84,24270,158.0,7.0,57.0,2.0,998.0
84,24271,158.0,7.0,57.0,6.0,8994.0
84,24272,158.0,7.0,57.0,6.0,731.0
85,24247,165.0,3.0,78.0,2.0,15.0
85,24248,118.0,3.0,101.0,8.0,165.0
85,24249,49.0,2.0,19.0,3.0,54425.0
85,24250,165.0,3.0,78.0,8.0,133.0
85,24251,23.0,2.0,17.0,8.0,1299.0
85,24252,158.0,7.0,57.0,8.0,18830.0
85,24253,23.0,2.0,17.0,8.0,798.0
85,24254,165.0,3.0,78.0,8.0,158.0
85,24255,158.0,7.0,92.0,8.0,48993.0
85,24256,81.0,0.0,0.0,8.0,188.0
86,24247,165.0,3.0,78.0,8.0,15.0
86,24248,118.0,3.0,101.0,8.0,165.0
86,24249,49.0,2.0,19.0,3.0,54425.0
86,24250,165.0,3.0,78.0,8.0,132.0
86,24251,23.0,2.0,17.0,8.0,599.0
86,24252,158.0,7.0,57.0,8.0,18730.0
86,24253,23.0,2.0,17.0,8.0,793.0
86,24254,165.0,3.0,78.0,8.0,158.0
86,24255,158.0,7.0,92.0,8.0,8993.0
86,24256,81.0,0.0,0.0,8.0,169.0
87,24227,154.0,2.0,99.0,8.0,8735.0
87,24228,154.0,2.0,99.0,8.0,13173.0
87,24229,154.0,2.0,99.0,8.0,3177.0
87,24230,154.0,2.0,99.0,8.0,3995.0
87,24231,154.0,2.0,99.0,8.0,19865.0
87,24232,81.0,7.0,99.0,8.0,1007.0
87,24233,23.0,2.0,17.0,8.0,341.0
87,24234,81.0,7.0,99.0,8.0,1645.0
87,24235,158.0,7.0,57.0,8.0,10557.0
87,24236,154.0,2.0,99.0,8.0,1698.0
88,24297,118.0,3.0,101.0,8.0,86.0
88,24298,118.0,3.0,101.0,8.0,135.0
88,24299,49.0,2.0,19.0,8.0,56147.0
88,24200,165.0,3.0,78.0,8.0,137.0
88,24201,23.0,2.0,17.0,8.0,499.0
88,24202,158.0,7.0,57.0,8.0,14030.0
88,24203,23.0,2.0,17.0,8.0,797.0
88,24204,158.0,7.0,57.0,8.0,998.0
88,24205,118.0,3.0,101.0,8.0,704.0
88,24206,81.0,0.0,0.0,8.0,1024.0
89,24257,154.0,2.0,99.0,2.0,8995.0
89,24258,165.0,3.0,78.0,8.0,115.0
89,24259,158.0,7.0,57.0,8.0,1379.0
89,24260,165.0,3.0,78.0,8.0,137.0
89,24261,23.0,2.0,17.0,8.0,547.0
89,24262,118.0,3.0,101.0,8.0,1030.0
89,24263,23.0,2.0,17.0,8.0,876.0
89,24264,158.0,7.0,57.0,8.0,328.0
89,24265,158.0,7.0,92.0,8.0,8993.0
89,24266,81.0,7.0,99.0,8.0,1318.0
90,24263,95.0,2.0,51.0,2.0,0.0
90,24264,158.0,7.0,57.0,6.0,1013.0
90,24265,23.0,2.0,17.0,6.0,635.0
90,24266,165.0,3.0,78.0,6.0,95.0
90,24267,23.0,2.0,17.0,6.0,889.0
90,24268,158.0,7.0,57.0,6.0,11032.0
90,24269,81.0,7.0,99.0,6.0,791.0
90,24270,158.0,7.0,57.0,2.0,365.0
90,24271,154.0,2.0,99.0,6.0,8994.0
90,24272,154.0,2.0,99.0,6.0,5736.0
91,24247,165.0,3.0,78.0,8.0,15.0
91,24248,118.0,3.0,101.0,8.0,165.0
91,24249,49.0,2.0,19.0,3.0,54145.0
91,24250,165.0,3.0,78.0,8.0,133.0
91,24251,23.0,2.0,17.0,8.0,1299.0
91,24252,158.0,7.0,57.0,8.0,18833.0
91,24253,23.0,2.0,17.0,8.0,798.0
91,24254,165.0,3.0,78.0,8.0,158.0
91,24255,158.0,7.0,92.0,8.0,8993.0
91,24256,81.0,0.0,0.0,8.0,7.0
92,24247,49.0,2.0,19.0,2.0,230849.0
92,24248,156.0,6.0,23.0,2.0,25.0
92,24249,183.0,6.0,85.0,8.0,12248.0
92,24250,74.0,3.0,34.0,8.0,601.0
92,24251,165.0,3.0,78.0,8.0,9.0
92,24252,158.0,7.0,57.0,8.0,212.0
92,24253,23.0,2.0,17.0,8.0,793.0
92,24254,158.0,7.0,57.0,8.0,325.0
92,24255,158.0,7.0,92.0,8.0,8993.0
92,24256,81.0,0.0,0.0,8.0,168.0
93,3226,158.0,7.0,57.0,2.0,318.0
93,3227,118.0,3.0,101.0,8.0,64.0
93,3228,158.0,7.0,57.0,8.0,1168.0
93,3229,81.0,7.0,99.0,8.0,1865.0
93,3230,154.0,2.0,99.0,8.0,12136.0
93,3231,158.0,7.0,57.0,8.0,82.0
93,3232,118.0,3.0,101.0,8.0,28.0
93,3233,81.0,7.0,99.0,8.0,6645.0
93,3234,165.0,3.0,78.0,8.0,107.0
93,3235,158.0,7.0,57.0,8.0,343.0
94,24263,60.0,7.0,28.0,6.0,41.0
94,24264,158.0,7.0,57.0,6.0,1053.0
94,24265,127.0,0.0,0.0,6.0,145.0
94,24266,56.0,7.0,26.0,6.0,633.0
94,24267,23.0,2.0,17.0,6.0,495.0
94,24268,103.0,6.0,53.0,6.0,65.0
94,24269,118.0,3.0,101.0,6.0,967.0
94,24270,158.0,7.0,57.0,6.0,357.0
94,24271,96.0,2.0,52.0,6.0,100657.0
94,24272,81.0,0.0,0.0,6.0,1013.0
95,24263,60.0,7.0,28.0,8.0,40.0
95,24264,158.0,7.0,57.0,8.0,2803.0
95,24265,154.0,2.0,99.0,8.0,1377.0
95,24266,154.0,2.0,99.0,8.0,8137.0
95,24267,23.0,2.0,17.0,8.0,635.0
95,24268,154.0,2.0,99.0,8.0,1032.0
95,24269,118.0,3.0,101.0,8.0,967.0
95,24270,154.0,2.0,99.0,8.0,1998.0
95,24271,154.0,2.0,99.0,8.0,8184.0
95,24272,81.0,7.0,99.0,8.0,1313.0
96,24247,165.0,3.0,78.0,8.0,15.0
96,24248,118.0,3.0,101.0,8.0,165.0
96,24249,49.0,2.0,19.0,3.0,54425.0
96,24250,165.0,3.0,78.0,8.0,133.0
96,24251,23.0,2.0,17.0,8.0,1299.0
96,24252,158.0,7.0,57.0,8.0,18730.0
96,24253,23.0,2.0,17.0,8.0,798.0
96,24254,165.0,3.0,78.0,8.0,157.0
96,24255,158.0,7.0,92.0,8.0,8993.0
96,24256,81.0,0.0,0.0,8.0,798.0
97,24263,95.0,2.0,51.0,2.0,0.0
97,24264,158.0,7.0,57.0,6.0,2913.0
97,24265,23.0,2.0,17.0,6.0,645.0
97,24266,165.0,3.0,78.0,6.0,95.0
97,24267,23.0,2.0,17.0,6.0,689.0
97,24268,158.0,7.0,57.0,6.0,265.0
97,24269,23.0,2.0,17.0,6.0,471.0
97,24270,158.0,7.0,57.0,6.0,758.0
97,24271,158.0,7.0,92.0,6.0,8997.0
97,24272,158.0,7.0,57.0,6.0,733.0
98,24247,165.0,3.0,78.0,8.0,39.0
98,24248,118.0,3.0,101.0,8.0,165.0
98,24249,49.0,2.0,19.0,3.0,54425.0
98,24250,165.0,3.0,78.0,8.0,133.0
98,24251,23.0,2.0,17.0,8.0,1299.0
98,24252,158.0,7.0,57.0,8.0,18733.0
98,24253,23.0,2.0,17.0,8.0,791.0
98,24254,165.0,3.0,78.0,8.0,158.0
98,24255,158.0,7.0,92.0,8.0,48993.0
98,24256,81.0,0.0,0.0,8.0,2.0
99,24263,60.0,7.0,28.0,6.0,41.0
99,24264,158.0,7.0,57.0,6.0,1054.0
99,24265,127.0,0.0,0.0,6.0,145.0
99,24266,56.0,7.0,26.0,6.0,53.0
99,24267,23.0,2.0,17.0,6.0,637.0
99,24268,103.0,6.0,53.0,6.0,65.0
99,24269,118.0,3.0,101.0,6.0,967.0
99,24270,158.0,7.0,57.0,6.0,365.0
99,24271,154.0,2.0,99.0,6.0,8994.0
99,24272,81.0,0.0,0.0,6.0,1213.0
100,24291,118.0,3.0,101.0,8.0,145.0
100,24292,118.0,3.0,101.0,8.0,115.0
100,24293,118.0,3.0,101.0,8.0,868.0
100,24294,165.0,3.0,78.0,8.0,137.0
100,24295,118.0,3.0,101.0,8.0,899.0
100,24296,158.0,7.0,57.0,8.0,268.0
100,24297,23.0,2.0,17.0,8.0,797.0
100,24298,158.0,7.0,57.0,8.0,3693.0
100,24299,118.0,3.0,101.0,8.0,997.0
100,24300,154.0,2.0,99.0,8.0,513.0
101,24257,158.0,7.0,57.0,2.0,45.0
101,24258,118.0,3.0,101.0,6.0,145.0
101,24259,81.0,7.0,99.0,6.0,268.0
101,24260,165.0,3.0,78.0,6.0,25.0
101,24261,165.0,3.0,78.0,6.0,519.0
101,24262,183.0,6.0,85.0,6.0,9065.0
101,24263,81.0,7.0,99.0,6.0,873.0
101,24264,158.0,7.0,57.0,6.0,325.0
101,24265,154.0,2.0,99.0,6.0,8993.0
101,24266,81.0,7.0,99.0,6.0,1324.0
102,24263,10.0,0.0,0.0,2.0,0.0
102,24264,158.0,7.0,57.0,8.0,5013.0
102,24265,23.0,2.0,17.0,8.0,645.0
102,24266,165.0,3.0,78.0,8.0,95.0
102,24267,23.0,2.0,17.0,8.0,689.0
102,24268,158.0,7.0,57.0,8.0,17265.0
102,24269,23.0,2.0,17.0,8.0,867.0
102,24270,158.0,7.0,57.0,8.0,798.0
102,24271,158.0,7.0,57.0,8.0,8993.0
102,24272,158.0,7.0,57.0,8.0,733.0
103,24247,165.0,3.0,78.0,8.0,15.0
103,24248,118.0,3.0,101.0,8.0,165.0
103,24249,49.0,2.0,19.0,2.0,54425.0
103,24250,165.0,3.0,78.0,8.0,133.0
103,24251,23.0,2.0,17.0,8.0,1299.0
103,24252,158.0,7.0,57.0,8.0,18833.0
103,24253,23.0,2.0,17.0,8.0,798.0
103,24254,165.0,3.0,78.0,8.0,158.0
103,24255,158.0,7.0,92.0,8.0,48993.0
103,24256,81.0,0.0,0.0,8.0,798.0
104,24263,95.0,2.0,51.0,2.0,0.0
104,24264,158.0,7.0,57.0,6.0,8733.0
104,24265,23.0,2.0,17.0,6.0,645.0
104,24266,165.0,3.0,78.0,6.0,29.0
104,24267,23.0,2.0,17.0,6.0,499.0
104,24268,158.0,7.0,57.0,6.0,65.0
104,24269,23.0,2.0,17.0,6.0,471.0
104,24270,158.0,7.0,57.0,6.0,365.0
104,24271,158.0,7.0,57.0,6.0,8994.0
104,24272,154.0,2.0,99.0,6.0,5736.0
105,24263,95.0,2.0,51.0,2.0,0.0
105,24264,158.0,7.0,57.0,6.0,1015.0
105,24265,23.0,2.0,17.0,6.0,631.0
105,24266,165.0,3.0,78.0,6.0,29.0
105,24267,23.0,2.0,17.0,6.0,489.0
105,24268,158.0,7.0,57.0,6.0,965.0
105,24269,23.0,2.0,17.0,6.0,471.0
105,24270,158.0,7.0,57.0,2.0,365.0
105,24271,158.0,7.0,57.0,6.0,8994.0
105,24272,158.0,7.0,57.0,6.0,733.0
106,24263,95.0,2.0,51.0,2.0,0.0
106,24264,158.0,7.0,57.0,6.0,2953.0
106,24265,23.0,2.0,17.0,6.0,631.0
106,24266,165.0,3.0,78.0,6.0,55.0
106,24267,23.0,2.0,17.0,6.0,689.0
106,24268,158.0,7.0,57.0,6.0,17265.0
106,24269,23.0,2.0,17.0,6.0,791.0
106,24270,158.0,7.0,57.0,6.0,658.0
106,24271,158.0,7.0,57.0,6.0,8993.0
106,24272,154.0,2.0,99.0,6.0,5733.0
107,24263,60.0,7.0,28.0,6.0,41.0
107,24264,158.0,7.0,57.0,6.0,1053.0
107,24265,147.0,7.0,60.0,6.0,665.0
107,24266,116.0,1.0,62.0,6.0,1055.0
107,24267,23.0,2.0,17.0,6.0,655.0
107,24268,23.0,2.0,17.0,6.0,5.0
107,24269,116.0,1.0,62.0,6.0,71.0
107,24270,147.0,7.0,60.0,6.0,645.0
107,24271,147.0,7.0,60.0,6.0,757.0
107,24272,60.0,7.0,28.0,6.0,5736.0
108,3793,118.0,3.0,101.0,8.0,67.0
108,3794,158.0,7.0,57.0,8.0,68.0
108,3795,165.0,3.0,78.0,8.0,139.0
108,3796,165.0,3.0,78.0,8.0,50.0
108,3797,23.0,2.0,17.0,8.0,516.0
108,3798,158.0,7.0,57.0,8.0,263.0
108,3799,81.0,7.0,99.0,8.0,707.0
108,3800,118.0,3.0,101.0,8.0,1882.0
108,3801,154.0,2.0,99.0,8.0,304.0
108,3802,158.0,7.0,57.0,8.0,65.0
109,20227,154.0,2.0,99.0,2.0,138035.0
109,20228,81.0,7.0,99.0,2.0,12173.0
109,20229,81.0,7.0,99.0,8.0,1178.0
109,20230,118.0,3.0,101.0,8.0,45.0
109,20231,154.0,2.0,99.0,2.0,19155.0
109,20232,154.0,2.0,99.0,8.0,1043.0
109,20233,154.0,2.0,99.0,8.0,1371.0
109,20234,81.0,7.0,99.0,8.0,1617.0
109,20235,158.0,7.0,57.0,2.0,9774.0
109,20236,154.0,2.0,99.0,8.0,1643.0
110,24247,165.0,3.0,78.0,8.0,39.0
110,24248,118.0,3.0,101.0,8.0,1965.0
110,24249,49.0,2.0,19.0,2.0,54425.0
110,24250,165.0,3.0,78.0,8.0,137.0
110,24251,23.0,2.0,17.0,8.0,1299.0
110,24252,158.0,7.0,57.0,8.0,18130.0
110,24253,23.0,2.0,17.0,8.0,798.0
110,24254,165.0,3.0,78.0,8.0,158.0
110,24255,158.0,7.0,92.0,8.0,48993.0
110,24256,81.0,7.0,99.0,8.0,798.0
111,24297,118.0,3.0,101.0,8.0,86.0
111,24298,118.0,3.0,101.0,8.0,137.0
111,24299,49.0,2.0,19.0,8.0,39147.0
111,24200,165.0,3.0,78.0,8.0,137.0
111,24201,23.0,2.0,17.0,8.0,499.0
111,24202,158.0,7.0,57.0,8.0,268.0
111,24203,23.0,2.0,17.0,8.0,797.0
111,24204,158.0,7.0,57.0,8.0,998.0
111,24205,118.0,3.0,101.0,8.0,993.0
111,24206,23.0,2.0,17.0,8.0,14.0
112,24263,95.0,2.0,51.0,2.0,0.0
112,24264,158.0,7.0,57.0,6.0,1013.0
112,24265,23.0,2.0,17.0,6.0,631.0
112,24266,165.0,3.0,78.0,6.0,95.0
112,24267,23.0,2.0,17.0,6.0,489.0
112,24268,158.0,7.0,57.0,6.0,11065.0
112,24269,81.0,7.0,99.0,6.0,791.0
112,24270,158.0,7.0,57.0,6.0,358.0
112,24271,154.0,2.0,99.0,6.0,8997.0
112,24272,154.0,2.0,99.0,6.0,3736.0
113,24247,165.0,3.0,78.0,8.0,45.0
113,24248,118.0,3.0,101.0,8.0,165.0
113,24249,49.0,2.0,19.0,3.0,54425.0
113,24250,165.0,3.0,78.0,8.0,133.0
113,24251,23.0,2.0,17.0,8.0,1299.0
113,24252,158.0,7.0,57.0,8.0,18929.0
113,24253,23.0,2.0,17.0,8.0,798.0
113,24254,165.0,3.0,78.0,8.0,157.0
113,24255,158.0,7.0,92.0,8.0,8993.0
113,24256,81.0,0.0,0.0,8.0,18.0
114,24263,10.0,0.0,0.0,8.0,13.0
114,24264,47.0,0.0,0.0,8.0,1015.0
114,24265,47.0,0.0,0.0,8.0,4605.0
114,24266,65.0,0.0,0.0,0.0,1013.0
114,24267,10.0,0.0,0.0,8.0,3653.0
114,24268,50.0,6.0,54.0,8.0,18133.0
114,24269,173.0,0.0,0.0,8.0,667.0
114,24270,158.0,7.0,92.0,8.0,117.0
114,24271,81.0,0.0,0.0,8.0,7113.0
114,24272,19.0,0.0,0.0,8.0,684.0
115,24263,10.0,0.0,0.0,8.0,13.0
115,24264,81.0,7.0,99.0,8.0,1012.0
115,24265,23.0,2.0,17.0,8.0,665.0
115,24266,158.0,7.0,57.0,8.0,53.0
115,24267,23.0,2.0,17.0,8.0,481.0
115,24268,23.0,2.0,17.0,8.0,65.0
115,24269,118.0,3.0,101.0,8.0,967.0
115,24270,158.0,7.0,57.0,8.0,365.0
115,24271,154.0,2.0,99.0,8.0,8997.0
115,24272,81.0,0.0,0.0,8.0,1213.0
116,24263,95.0,2.0,51.0,2.0,0.0
116,24264,158.0,7.0,57.0,0.0,1012.0
116,24265,23.0,2.0,17.0,8.0,631.0
116,24266,165.0,3.0,78.0,8.0,29.0
116,24267,23.0,2.0,17.0,8.0,599.0
116,24268,158.0,7.0,57.0,8.0,265.0
116,24269,118.0,3.0,101.0,8.0,967.0
116,24270,158.0,7.0,57.0,8.0,758.0
116,24271,154.0,2.0,99.0,8.0,8995.0
116,24272,154.0,2.0,99.0,8.0,5739.0
117,24263,95.0,2.0,51.0,2.0,0.0
117,24264,158.0,7.0,57.0,6.0,1015.0
117,24265,81.0,7.0,99.0,6.0,6868.0
117,24266,158.0,7.0,57.0,6.0,755.0
117,24267,23.0,2.0,17.0,6.0,665.0
117,24268,154.0,2.0,99.0,6.0,1065.0
117,24269,118.0,3.0,101.0,6.0,967.0
117,24270,154.0,2.0,99.0,6.0,558.0
117,24271,154.0,2.0,99.0,6.0,8124.0
117,24272,81.0,7.0,99.0,6.0,1313.0
118,24291,118.0,3.0,101.0,8.0,1086.0
118,24292,118.0,3.0,101.0,8.0,145.0
118,24293,158.0,7.0,57.0,8.0,265.0
118,24294,165.0,3.0,78.0,8.0,77.0
118,24295,23.0,2.0,17.0,8.0,819.0
118,24296,158.0,7.0,57.0,8.0,268.0
118,24297,23.0,2.0,17.0,8.0,797.0
118,24298,158.0,7.0,57.0,8.0,3695.0
118,24299,118.0,3.0,101.0,8.0,997.0
118,24300,118.0,3.0,101.0,8.0,37.0
119,24247,165.0,3.0,78.0,2.0,15.0
119,24248,118.0,3.0,101.0,8.0,165.0
119,24249,49.0,2.0,19.0,3.0,54425.0
119,24250,165.0,3.0,78.0,8.0,133.0
119,24251,23.0,2.0,17.0,8.0,1299.0
119,24252,158.0,7.0,57.0,8.0,18830.0
119,24253,23.0,2.0,17.0,8.0,798.0
119,24254,165.0,3.0,78.0,8.0,158.0
119,24255,158.0,7.0,92.0,8.0,48993.0
119,24256,81.0,0.0,0.0,8.0,798.0
120,24227,154.0,2.0,99.0,8.0,8735.0
120,24228,154.0,2.0,99.0,8.0,13873.0
120,24229,154.0,2.0,99.0,8.0,3177.0
120,24230,154.0,2.0,99.0,8.0,3683.0
120,24231,154.0,2.0,99.0,8.0,19865.0
120,24232,81.0,7.0,99.0,8.0,1037.0
120,24233,81.0,7.0,99.0,8.0,261.0
120,24234,81.0,7.0,99.0,8.0,6555.0
120,24235,158.0,7.0,57.0,8.0,19993.0
120,24236,154.0,2.0,99.0,8.0,1645.0
121,24297,118.0,3.0,101.0,8.0,86.0
121,24298,118.0,3.0,101.0,8.0,1085.0
121,24299,154.0,2.0,99.0,3.0,16165.0
121,24200,165.0,3.0,78.0,8.0,137.0
121,24201,23.0,2.0,17.0,8.0,552.0
121,24202,158.0,7.0,57.0,8.0,268.0
121,24203,23.0,2.0,17.0,8.0,797.0
121,24204,158.0,7.0,57.0,8.0,365.0
121,24205,118.0,3.0,101.0,8.0,993.0
121,24206,81.0,7.0,99.0,8.0,1013.0
122,24247,165.0,3.0,78.0,8.0,15.0
122,24248,118.0,3.0,101.0,8.0,165.0
122,24249,49.0,2.0,19.0,2.0,54425.0
122,24250,165.0,3.0,78.0,8.0,133.0
122,24251,23.0,2.0,17.0,8.0,1299.0
122,24252,158.0,7.0,57.0,8.0,18929.0
122,24253,23.0,2.0,17.0,8.0,793.0
122,24254,165.0,3.0,78.0,8.0,158.0
122,24255,158.0,7.0,92.0,8.0,8993.0
122,24256,81.0,0.0,0.0,8.0,184.0
123,24291,118.0,3.0,101.0,8.0,186.0
123,24292,118.0,3.0,101.0,8.0,1085.0
123,24293,158.0,7.0,57.0,8.0,268.0
123,24294,165.0,3.0,78.0,8.0,77.0
123,24295,118.0,3.0,101.0,8.0,1047.0
123,24296,158.0,7.0,57.0,8.0,268.0
123,24297,23.0,2.0,17.0,8.0,797.0
123,24298,158.0,7.0,57.0,8.0,3867.0
123,24299,118.0,3.0,101.0,8.0,997.0
123,24300,118.0,3.0,101.0,8.0,3.0
124,24247,165.0,3.0,78.0,8.0,15.0
124,24248,118.0,3.0,101.0,8.0,165.0
124,24249,49.0,2.0,19.0,2.0,54425.0
124,24250,165.0,3.0,78.0,8.0,133.0
124,24251,23.0,2.0,17.0,8.0,1299.0
124,24252,158.0,7.0,57.0,8.0,18833.0
124,24253,23.0,2.0,17.0,8.0,798.0
124,24254,165.0,3.0,78.0,8.0,158.0
124,24255,158.0,7.0,92.0,8.0,8993.0
124,24256,81.0,0.0,0.0,8.0,7.0
125,24263,60.0,7.0,28.0,6.0,100.0
125,24264,158.0,7.0,57.0,6.0,7053.0
125,24265,127.0,0.0,0.0,6.0,145.0
125,24266,60.0,7.0,28.0,6.0,4137.0
125,24267,23.0,2.0,17.0,6.0,655.0
125,24268,103.0,7.0,1.0,6.0,5.0
125,24269,118.0,3.0,101.0,6.0,971.0
125,24270,158.0,7.0,57.0,6.0,565.0
125,24271,96.0,2.0,52.0,6.0,100684.0
125,24272,81.0,0.0,0.0,6.0,1014.0
126,24221,118.0,3.0,101.0,8.0,86.0
126,24222,158.0,7.0,57.0,8.0,353.0
126,24223,118.0,3.0,101.0,8.0,1145.0
126,24224,165.0,3.0,78.0,8.0,137.0
126,24225,154.0,2.0,99.0,8.0,6519.0
126,24226,154.0,2.0,99.0,8.0,1065.0
126,24227,81.0,7.0,99.0,8.0,791.0
126,24228,154.0,2.0,99.0,8.0,5873.0
126,24229,158.0,7.0,57.0,8.0,8197.0
126,24230,154.0,2.0,99.0,8.0,1688.0
127,24263,15.0,0.0,0.0,0.0,140.0
127,24264,158.0,7.0,57.0,0.0,1053.0
127,24265,23.0,2.0,17.0,8.0,632.0
127,24266,165.0,3.0,78.0,0.0,95.0
127,24267,23.0,2.0,17.0,2.0,518.0
127,24268,158.0,7.0,57.0,2.0,32.0
127,24269,23.0,2.0,17.0,8.0,967.0
127,24270,158.0,7.0,57.0,8.0,757.0
127,24271,107.0,0.0,0.0,8.0,57.0
127,24272,153.0,2.0,99.0,2.0,1213.0
128,24263,10.0,0.0,0.0,8.0,43.0
128,24264,158.0,7.0,57.0,8.0,1013.0
128,24265,23.0,2.0,17.0,8.0,645.0
128,24266,165.0,3.0,78.0,8.0,22.0
128,24267,23.0,2.0,17.0,8.0,519.0
128,24268,158.0,7.0,57.0,8.0,65.0
128,24269,23.0,2.0,17.0,8.0,471.0
128,24270,158.0,7.0,57.0,8.0,708.0
128,24271,118.0,3.0,101.0,8.0,707.0
128,24272,154.0,2.0,99.0,8.0,5736.0
129,24263,10.0,0.0,0.0,8.0,13.0
129,24264,81.0,7.0,99.0,8.0,1012.0
129,24265,23.0,2.0,17.0,8.0,632.0
129,24266,158.0,7.0,57.0,8.0,8995.0
129,24267,23.0,2.0,17.0,8.0,699.0
129,24268,9.0,2.0,14.0,8.0,165.0
129,24269,118.0,3.0,101.0,8.0,967.0
129,24270,158.0,7.0,57.0,8.0,757.0
129,24271,154.0,2.0,99.0,8.0,8997.0
129,24272,81.0,0.0,0.0,8.0,1036.0
130,24247,165.0,3.0,78.0,6.0,45.0
130,24248,118.0,3.0,101.0,6.0,165.0
130,24249,49.0,2.0,19.0,6.0,54425.0
130,24250,165.0,3.0,78.0,6.0,133.0
130,24251,23.0,2.0,17.0,6.0,1299.0
130,24252,158.0,7.0,57.0,6.0,18730.0
130,24253,23.0,2.0,17.0,6.0,798.0
130,24254,165.0,3.0,78.0,6.0,158.0
130,24255,158.0,7.0,57.0,6.0,48993.0
130,24256,81.0,7.0,99.0,6.0,1398.0
131,3226,158.0,7.0,57.0,2.0,318.0
131,3227,118.0,3.0,101.0,8.0,81.0
131,3228,158.0,7.0,57.0,8.0,1827.0
131,3229,81.0,7.0,99.0,8.0,4702.0
131,3230,158.0,7.0,92.0,2.0,1247.0
131,3231,158.0,7.0,57.0,8.0,7.0
131,3232,118.0,3.0,101.0,8.0,261.0
131,3233,33.0,6.0,43.0,8.0,665.0
131,3234,165.0,3.0,78.0,8.0,110.0
131,3235,81.0,7.0,99.0,8.0,68.0
132,24263,15.0,0.0,0.0,0.0,100146.0
132,24264,158.0,7.0,57.0,0.0,1053.0
132,24265,23.0,2.0,17.0,8.0,632.0
132,24266,165.0,3.0,78.0,0.0,50.0
132,24267,23.0,2.0,17.0,8.0,519.0
132,24268,158.0,7.0,57.0,8.0,65.0
132,24269,23.0,2.0,17.0,8.0,477.0
132,24270,158.0,7.0,57.0,8.0,798.0
132,24271,118.0,3.0,101.0,8.0,707.0
132,24272,154.0,2.0,99.0,8.0,5736.0
133,24291,118.0,3.0,101.0,8.0,1086.0
133,24292,118.0,3.0,101.0,8.0,1085.0
133,24293,158.0,7.0,57.0,8.0,277.0
133,24294,165.0,3.0,78.0,8.0,137.0
133,24295,23.0,2.0,17.0,8.0,889.0
133,24296,158.0,7.0,57.0,8.0,268.0
133,24297,23.0,2.0,17.0,8.0,797.0
133,24298,158.0,7.0,57.0,8.0,3195.0
133,24299,118.0,3.0,101.0,8.0,997.0
133,24300,118.0,3.0,101.0,8.0,4.0
134,24263,60.0,7.0,28.0,6.0,41.0
134,24264,158.0,7.0,57.0,6.0,1055.0
134,24265,127.0,0.0,0.0,6.0,145.0
134,24266,56.0,7.0,26.0,6.0,637.0
134,24267,23.0,2.0,17.0,6.0,495.0
134,24268,158.0,7.0,57.0,6.0,265.0
134,24269,118.0,3.0,101.0,6.0,967.0
134,24270,118.0,3.0,101.0,6.0,645.0
134,24271,165.0,3.0,78.0,6.0,757.0
134,24272,154.0,2.0,99.0,6.0,5736.0
135,24263,10.0,0.0,0.0,8.0,13.0
135,24264,74.0,3.0,34.0,8.0,1211.0
135,24265,23.0,2.0,17.0,8.0,645.0
135,24266,56.0,7.0,26.0,8.0,681.0
135,24267,23.0,2.0,17.0,8.0,657.0
135,24268,56.0,7.0,26.0,8.0,65.0
135,24269,49.0,2.0,19.0,8.0,677.0
135,24270,158.0,7.0,57.0,8.0,565.0
136,24297,118.0,3.0,101.0,8.0,86.0
136,24298,118.0,3.0,101.0,8.0,135.0
136,24299,158.0,7.0,57.0,3.0,477.0
136,24200,165.0,3.0,78.0,8.0,137.0
136,24201,23.0,2.0,17.0,8.0,479.0
136,24202,158.0,7.0,57.0,8.0,268.0
136,24203,23.0,2.0,17.0,8.0,797.0
136,24204,158.0,7.0,57.0,8.0,365.0
136,24205,118.0,3.0,101.0,8.0,703.0
136,24206,23.0,2.0,17.0,8.0,1024.0
137,24247,165.0,3.0,78.0,8.0,45.0
137,24248,118.0,3.0,101.0,8.0,165.0
137,24249,49.0,2.0,19.0,3.0,58865.0
137,24250,165.0,3.0,78.0,8.0,133.0
137,24251,23.0,2.0,17.0,8.0,1299.0
137,24252,158.0,7.0,57.0,8.0,18929.0
137,24253,23.0,2.0,17.0,8.0,793.0
137,24254,165.0,3.0,78.0,8.0,158.0
137,24255,158.0,7.0,57.0,8.0,48993.0
137,24256,81.0,7.0,99.0,8.0,1373.0
138,24247,165.0,3.0,78.0,6.0,45.0
138,24248,118.0,3.0,101.0,6.0,165.0
138,24249,49.0,2.0,19.0,6.0,54425.0
138,24250,165.0,3.0,78.0,6.0,133.0
138,24251,23.0,2.0,17.0,6.0,1299.0
138,24252,158.0,7.0,57.0,6.0,18730.0
138,24253,23.0,2.0,17.0,6.0,798.0
138,24254,158.0,7.0,57.0,6.0,48998.0
138,24255,158.0,7.0,92.0,6.0,8993.0
138,24256,81.0,0.0,0.0,6.0,14.0
139,24247,165.0,3.0,78.0,8.0,15.0
139,24248,118.0,3.0,101.0,8.0,165.0
139,24249,49.0,2.0,19.0,3.0,54425.0
139,24250,165.0,3.0,78.0,8.0,133.0
139,24251,23.0,2.0,17.0,8.0,1299.0
139,24252,158.0,7.0,57.0,8.0,18130.0
139,24253,23.0,2.0,17.0,8.0,798.0
139,24254,165.0,3.0,78.0,8.0,158.0
139,24255,158.0,7.0,92.0,8.0,48993.0
139,24256,81.0,0.0,0.0,8.0,169.0
140,24263,10.0,0.0,0.0,8.0,143.0
140,24264,158.0,7.0,57.0,8.0,5953.0
140,24265,23.0,2.0,17.0,8.0,645.0
140,24266,165.0,3.0,78.0,8.0,22.0
140,24267,23.0,2.0,17.0,8.0,518.0
140,24268,158.0,7.0,57.0,8.0,65.0
140,24269,23.0,2.0,17.0,8.0,471.0
140,24270,158.0,7.0,57.0,8.0,798.0
140,24271,107.0,0.0,0.0,8.0,57.0
140,24272,158.0,7.0,57.0,8.0,731.0
141,24247,165.0,3.0,78.0,8.0,15.0
141,24248,118.0,3.0,101.0,8.0,165.0
141,24249,49.0,2.0,19.0,2.0,58865.0
141,24250,165.0,3.0,78.0,8.0,133.0
141,24251,23.0,2.0,17.0,8.0,1299.0
141,24252,158.0,7.0,57.0,8.0,18730.0
141,24253,23.0,2.0,17.0,8.0,798.0
141,24254,165.0,3.0,78.0,8.0,155.0
141,24255,158.0,7.0,92.0,8.0,48993.0
141,24256,81.0,0.0,0.0,8.0,798.0
142,24241,165.0,3.0,78.0,8.0,15.0
142,24242,118.0,3.0,101.0,8.0,107.0
142,24243,158.0,7.0,57.0,8.0,13473.0
142,24244,165.0,3.0,78.0,8.0,137.0
142,24245,118.0,3.0,101.0,8.0,1269.0
142,24246,23.0,2.0,17.0,8.0,525.0
142,24247,23.0,2.0,17.0,8.0,861.0
142,24248,158.0,7.0,57.0,8.0,7995.0
142,24249,81.0,7.0,99.0,8.0,8993.0
142,24250,118.0,3.0,101.0,8.0,13.0
143,24247,165.0,3.0,78.0,8.0,45.0
143,24248,118.0,3.0,101.0,8.0,165.0
143,24249,49.0,2.0,19.0,3.0,54425.0
143,24250,165.0,3.0,78.0,8.0,133.0
143,24251,23.0,2.0,17.0,8.0,1299.0
143,24252,158.0,7.0,57.0,8.0,18830.0
143,24253,23.0,2.0,17.0,8.0,798.0
143,24254,165.0,3.0,78.0,8.0,158.0
143,24255,158.0,7.0,92.0,8.0,8993.0
143,24256,81.0,0.0,0.0,8.0,798.0
144,24297,118.0,3.0,101.0,5.0,86.0
144,24298,118.0,3.0,101.0,5.0,135.0
144,24299,154.0,2.0,99.0,5.0,3877.0
144,24200,165.0,3.0,78.0,5.0,137.0
144,24201,118.0,3.0,101.0,5.0,1299.0
144,24202,158.0,7.0,57.0,5.0,268.0
144,24203,23.0,2.0,17.0,5.0,797.0
144,24204,158.0,7.0,57.0,5.0,368.0
144,24205,118.0,3.0,101.0,5.0,993.0
144,24206,23.0,2.0,17.0,5.0,1024.0
145,24263,95.0,2.0,51.0,2.0,0.0
145,24264,158.0,7.0,57.0,6.0,1015.0
145,24265,23.0,2.0,17.0,6.0,631.0
145,24266,165.0,3.0,78.0,6.0,24.0
145,24267,23.0,2.0,17.0,6.0,489.0
145,24268,158.0,7.0,57.0,6.0,65.0
145,24269,23.0,2.0,17.0,6.0,791.0
145,24270,158.0,7.0,57.0,6.0,328.0
145,24271,158.0,7.0,57.0,6.0,8997.0
145,24272,158.0,7.0,57.0,6.0,736.0
146,24297,118.0,3.0,101.0,8.0,86.0
146,24298,118.0,3.0,101.0,8.0,135.0
146,24299,158.0,7.0,57.0,3.0,268.0
146,24200,165.0,3.0,78.0,8.0,56.0
146,24201,23.0,2.0,17.0,8.0,499.0
146,24202,158.0,7.0,57.0,8.0,268.0
146,24203,23.0,2.0,17.0,8.0,797.0
146,24204,158.0,7.0,57.0,8.0,355.0
146,24205,118.0,3.0,101.0,8.0,993.0
146,24206,23.0,2.0,17.0,8.0,1013.0
147,24247,165.0,3.0,78.0,8.0,15.0
147,24248,118.0,3.0,101.0,8.0,165.0
147,24249,49.0,2.0,19.0,3.0,58145.0
147,24250,165.0,3.0,78.0,8.0,133.0
147,24251,23.0,2.0,17.0,8.0,1299.0
147,24252,158.0,7.0,57.0,8.0,18925.0
147,24253,23.0,2.0,17.0,8.0,798.0
147,24254,165.0,3.0,78.0,8.0,158.0
147,24255,158.0,7.0,92.0,8.0,48993.0
147,24256,81.0,7.0,99.0,8.0,798.0
148,24267,56.0,7.0,26.0,2.0,361.0
148,24268,158.0,7.0,57.0,2.0,1363.0
148,24269,147.0,7.0,60.0,8.0,1558.0
148,24270,116.0,1.0,62.0,8.0,1000.0
148,24271,23.0,2.0,17.0,8.0,599.0
148,24272,158.0,7.0,57.0,8.0,265.0
148,24273,23.0,2.0,17.0,8.0,798.0
148,24274,158.0,7.0,57.0,8.0,45.0
148,24275,118.0,3.0,101.0,8.0,757.0
148,24276,81.0,0.0,0.0,8.0,1313.0
149,24263,10.0,0.0,0.0,8.0,3.0
149,24264,158.0,7.0,57.0,8.0,5813.0
149,24265,23.0,2.0,17.0,8.0,645.0
149,24266,165.0,3.0,78.0,8.0,29.0
149,24267,23.0,2.0,17.0,8.0,518.0
149,24268,158.0,7.0,57.0,8.0,32.0
149,24269,23.0,2.0,17.0,8.0,867.0
149,24270,158.0,7.0,57.0,8.0,708.0
149,24271,118.0,3.0,101.0,8.0,707.0
149,24272,154.0,2.0,99.0,8.0,5737.0
150,24247,165.0,3.0,78.0,2.0,15.0
150,24248,118.0,3.0,101.0,8.0,165.0
150,24249,49.0,2.0,19.0,2.0,54425.0
150,24250,165.0,3.0,78.0,8.0,133.0
150,24251,23.0,2.0,17.0,8.0,1299.0
150,24252,158.0,7.0,57.0,8.0,18929.0
150,24253,23.0,2.0,17.0,8.0,798.0
150,24254,165.0,3.0,78.0,8.0,158.0
150,24255,158.0,7.0,92.0,8.0,48993.0
150,24256,81.0,7.0,99.0,8.0,798.0
151,24297,118.0,3.0,101.0,8.0,86.0
151,24298,118.0,3.0,101.0,8.0,135.0
151,24299,49.0,2.0,19.0,3.0,56568.0
151,24200,165.0,3.0,78.0,8.0,137.0
151,24201,23.0,2.0,17.0,8.0,499.0
151,24202,158.0,7.0,57.0,8.0,14030.0
151,24203,23.0,2.0,17.0,8.0,797.0
151,24204,158.0,7.0,57.0,8.0,998.0
151,24205,118.0,3.0,101.0,8.0,993.0
151,24206,81.0,0.0,0.0,8.0,1013.0
152,24263,95.0,2.0,51.0,2.0,0.0
152,24264,158.0,7.0,57.0,6.0,1015.0
152,24265,23.0,2.0,17.0,6.0,631.0
152,24266,165.0,3.0,78.0,6.0,29.0
152,24267,23.0,2.0,17.0,6.0,518.0
152,24268,158.0,7.0,57.0,6.0,11065.0
152,24269,23.0,2.0,17.0,6.0,967.0
152,24270,158.0,7.0,57.0,6.0,758.0
152,24271,158.0,7.0,57.0,6.0,8994.0
152,24272,154.0,2.0,99.0,6.0,5736.0
153,24247,165.0,3.0,78.0,8.0,15.0
153,24248,118.0,3.0,101.0,8.0,165.0
153,24249,49.0,2.0,19.0,3.0,54425.0
153,24250,165.0,3.0,78.0,8.0,133.0
153,24251,23.0,2.0,17.0,8.0,1299.0
153,24252,158.0,7.0,57.0,8.0,18929.0
153,24253,23.0,2.0,17.0,8.0,798.0
153,24254,165.0,3.0,78.0,8.0,157.0
153,24255,158.0,7.0,92.0,8.0,48993.0
153,24256,81.0,0.0,0.0,8.0,798.0
154,26552,56.0,7.0,26.0,2.0,687.0
154,26553,161.0,7.0,76.0,8.0,700.0
154,26554,165.0,3.0,78.0,8.0,342.0
154,26555,154.0,2.0,99.0,8.0,8865.0
154,26556,23.0,2.0,17.0,8.0,83.0
154,26557,154.0,2.0,99.0,8.0,4183.0
154,26558,165.0,3.0,78.0,8.0,18.0
154,26559,118.0,3.0,101.0,8.0,52.0
154,26560,56.0,7.0,26.0,8.0,410.0
154,26561,154.0,2.0,99.0,8.0,2363.0
155,24237,154.0,2.0,99.0,2.0,1035.0
155,24238,154.0,2.0,99.0,8.0,36988.0
155,24239,154.0,2.0,99.0,8.0,1378.0
155,24240,154.0,2.0,99.0,8.0,3137.0
155,24241,118.0,3.0,101.0,8.0,799.0
155,24242,81.0,7.0,99.0,8.0,265.0
155,24243,23.0,2.0,17.0,8.0,137.0
155,24244,81.0,7.0,99.0,8.0,397.0
155,24245,165.0,3.0,78.0,8.0,7.0
155,24246,158.0,7.0,57.0,8.0,398.0
156,24247,49.0,2.0,19.0,2.0,238745.0
156,24248,158.0,7.0,57.0,6.0,13925.0
156,24249,81.0,7.0,99.0,6.0,178.0
156,24250,118.0,3.0,101.0,6.0,637.0
156,24251,165.0,3.0,78.0,6.0,41.0
156,24252,158.0,7.0,57.0,6.0,18030.0
156,24253,23.0,2.0,17.0,6.0,498.0
156,24254,158.0,7.0,57.0,6.0,398.0
156,24255,81.0,7.0,99.0,6.0,8993.0
156,24256,81.0,7.0,99.0,6.0,1098.0
157,24211,154.0,2.0,99.0,2.0,7180.0
157,24212,165.0,3.0,78.0,8.0,195.0
157,24213,118.0,3.0,101.0,8.0,1377.0
157,24214,154.0,2.0,99.0,8.0,36195.0
157,24215,165.0,3.0,78.0,8.0,593.0
157,24216,81.0,7.0,99.0,8.0,1037.0
157,24217,81.0,7.0,99.0,8.0,865.0
157,24218,153.0,2.0,99.0,8.0,6193.0
157,24219,154.0,2.0,99.0,8.0,8993.0
157,24220,153.0,2.0,99.0,8.0,1684.0
158,24291,118.0,3.0,101.0,8.0,1086.0
158,24292,118.0,3.0,101.0,8.0,137.0
158,24293,158.0,7.0,57.0,8.0,268.0
158,24294,165.0,3.0,78.0,8.0,137.0
158,24295,23.0,2.0,17.0,8.0,889.0
158,24296,158.0,7.0,57.0,8.0,265.0
158,24297,23.0,2.0,17.0,8.0,797.0
158,24298,165.0,3.0,78.0,8.0,57.0
158,24299,158.0,7.0,57.0,8.0,704.0
158,24300,154.0,2.0,99.0,8.0,3637.0
159,24247,165.0,3.0,78.0,8.0,15.0
159,24248,118.0,3.0,101.0,8.0,165.0
159,24249,49.0,2.0,19.0,3.0,54425.0
159,24250,165.0,3.0,78.0,8.0,133.0
159,24251,23.0,2.0,17.0,8.0,1299.0
159,24252,158.0,7.0,57.0,8.0,18730.0
159,24253,23.0,2.0,17.0,8.0,793.0
159,24254,165.0,3.0,78.0,8.0,158.0
159,24255,158.0,7.0,92.0,8.0,48993.0
159,24256,81.0,7.0,99.0,8.0,798.0
160,26552,56.0,7.0,26.0,2.0,3687.0
160,26553,161.0,7.0,76.0,8.0,700.0
160,26554,165.0,3.0,78.0,8.0,373.0
160,26555,154.0,2.0,99.0,8.0,8865.0
160,26556,23.0,2.0,17.0,8.0,54.0
160,26557,81.0,7.0,99.0,8.0,287.0
160,26558,154.0,2.0,99.0,8.0,8366.0
160,26559,118.0,3.0,101.0,8.0,2.0
160,26560,81.0,7.0,99.0,8.0,793.0
160,26561,154.0,2.0,99.0,8.0,2363.0
161,24247,165.0,3.0,78.0,6.0,43.0
161,24248,118.0,3.0,101.0,6.0,145.0
161,24249,49.0,2.0,19.0,6.0,58800.0
161,24250,165.0,3.0,78.0,6.0,133.0
161,24251,23.0,2.0,17.0,6.0,1299.0
161,24252,158.0,7.0,57.0,6.0,18730.0
161,24253,23.0,2.0,17.0,6.0,476.0
161,24254,165.0,3.0,78.0,6.0,158.0
161,24255,158.0,7.0,92.0,6.0,48993.0
161,24256,81.0,7.0,99.0,6.0,1398.0
162,24247,165.0,3.0,78.0,6.0,45.0
162,24248,118.0,3.0,101.0,6.0,165.0
162,24249,49.0,2.0,19.0,6.0,58145.0
162,24250,165.0,3.0,78.0,6.0,133.0
162,24251,23.0,2.0,17.0,6.0,1299.0
162,24252,158.0,7.0,57.0,6.0,18730.0
162,24253,23.0,2.0,17.0,6.0,798.0
162,24254,165.0,3.0,78.0,6.0,158.0
162,24255,158.0,7.0,92.0,6.0,48993.0
162,24256,81.0,0.0,0.0,6.0,2.0
163,24247,165.0,3.0,78.0,8.0,45.0
163,24248,118.0,3.0,101.0,8.0,165.0
163,24249,49.0,2.0,19.0,3.0,54425.0
163,24250,165.0,3.0,78.0,8.0,133.0
163,24251,23.0,2.0,17.0,8.0,1299.0
163,24252,158.0,7.0,57.0,8.0,18730.0
163,24253,23.0,2.0,17.0,8.0,798.0
163,24254,165.0,3.0,78.0,8.0,158.0
163,24255,158.0,7.0,92.0,8.0,48993.0
163,24256,81.0,0.0,0.0,8.0,798.0
164,24263,23.0,2.0,17.0,8.0,740.0
164,24264,158.0,7.0,57.0,8.0,8923.0
164,24265,23.0,2.0,17.0,8.0,665.0
164,24266,165.0,3.0,78.0,8.0,22.0
164,24267,9.0,2.0,14.0,2.0,518.0
164,24268,158.0,7.0,57.0,8.0,16033.0
164,24269,23.0,2.0,17.0,8.0,798.0
164,24270,158.0,7.0,57.0,8.0,365.0
164,24271,158.0,7.0,92.0,8.0,8993.0
164,24272,158.0,7.0,57.0,8.0,733.0
165,24263,95.0,2.0,51.0,2.0,0.0
165,24264,158.0,7.0,57.0,6.0,2913.0
165,24265,23.0,2.0,17.0,6.0,631.0
165,24266,165.0,3.0,78.0,6.0,29.0
165,24267,23.0,2.0,17.0,6.0,489.0
165,24268,158.0,7.0,57.0,6.0,1065.0
165,24269,118.0,3.0,101.0,6.0,967.0
165,24270,158.0,7.0,57.0,6.0,365.0
165,24271,154.0,2.0,99.0,6.0,8994.0
165,24272,154.0,2.0,99.0,6.0,5736.0
166,24247,165.0,3.0,78.0,8.0,15.0
166,24248,118.0,3.0,101.0,8.0,165.0
166,24249,49.0,2.0,19.0,3.0,54425.0
166,24250,165.0,3.0,78.0,8.0,133.0
166,24251,23.0,2.0,17.0,8.0,1299.0
166,24252,158.0,7.0,57.0,8.0,18830.0
166,24253,23.0,2.0,17.0,8.0,793.0
166,24254,165.0,3.0,78.0,8.0,150.0
166,24255,158.0,7.0,92.0,8.0,8993.0
166,24256,81.0,0.0,0.0,8.0,188.0
167,24247,165.0,3.0,78.0,6.0,15.0
167,24248,118.0,3.0,101.0,6.0,165.0
167,24249,49.0,2.0,19.0,6.0,58845.0
167,24250,165.0,3.0,78.0,6.0,133.0
167,24251,23.0,2.0,17.0,6.0,1299.0
167,24252,158.0,7.0,57.0,6.0,11030.0
167,24253,23.0,2.0,17.0,6.0,473.0
167,24254,165.0,3.0,78.0,6.0,158.0
167,24255,158.0,7.0,92.0,6.0,48993.0
167,24256,81.0,7.0,99.0,6.0,1373.0
168,24297,118.0,3.0,101.0,8.0,86.0
168,24298,118.0,3.0,101.0,8.0,1085.0
168,24299,154.0,2.0,99.0,8.0,3865.0
168,24200,165.0,3.0,78.0,8.0,137.0
168,24201,23.0,2.0,17.0,8.0,1256.0
168,24202,158.0,7.0,57.0,8.0,268.0
168,24203,23.0,2.0,17.0,8.0,797.0
168,24204,158.0,7.0,57.0,8.0,998.0
168,24205,118.0,3.0,101.0,8.0,719.0
168,24206,23.0,2.0,17.0,8.0,1015.0
169,24290,118.0,3.0,101.0,8.0,145.0
169,24291,118.0,3.0,101.0,8.0,1085.0
169,24292,118.0,3.0,101.0,8.0,1377.0
169,24293,165.0,3.0,78.0,8.0,77.0
169,24294,23.0,2.0,17.0,8.0,819.0
169,24295,158.0,7.0,57.0,8.0,268.0
169,24296,23.0,2.0,17.0,8.0,797.0
169,24297,46.0,0.0,0.0,8.0,3695.0
169,24298,158.0,7.0,57.0,8.0,793.0
169,24299,81.0,0.0,0.0,8.0,737.0
170,24247,165.0,3.0,78.0,8.0,15.0
170,24248,118.0,3.0,101.0,8.0,165.0
170,24249,49.0,2.0,19.0,3.0,54425.0
170,24250,165.0,3.0,78.0,8.0,133.0
170,24251,23.0,2.0,17.0,8.0,1299.0
170,24252,158.0,7.0,57.0,8.0,18929.0
170,24253,23.0,2.0,17.0,8.0,798.0
170,24254,165.0,3.0,78.0,8.0,157.0
170,24255,158.0,7.0,92.0,8.0,48993.0
170,24256,81.0,0.0,0.0,8.0,2.0
171,24247,165.0,3.0,78.0,8.0,45.0
171,24248,118.0,3.0,101.0,8.0,165.0
171,24249,49.0,2.0,19.0,3.0,58865.0
171,24250,165.0,3.0,78.0,8.0,133.0
171,24251,23.0,2.0,17.0,8.0,1299.0
171,24252,158.0,7.0,57.0,8.0,18833.0
171,24253,23.0,2.0,17.0,8.0,798.0
171,24254,165.0,3.0,78.0,8.0,158.0
171,24255,158.0,7.0,57.0,8.0,48993.0
171,24256,81.0,7.0,99.0,8.0,1269.0
172,24247,165.0,3.0,78.0,8.0,15.0
172,24248,118.0,3.0,101.0,8.0,165.0
172,24249,49.0,2.0,19.0,3.0,54145.0
172,24250,165.0,3.0,78.0,8.0,137.0
172,24251,23.0,2.0,17.0,8.0,1299.0
172,24252,158.0,7.0,57.0,8.0,18733.0
172,24253,23.0,2.0,17.0,8.0,798.0
172,24254,165.0,3.0,78.0,8.0,158.0
172,24255,158.0,7.0,92.0,8.0,48993.0
172,24256,81.0,7.0,99.0,8.0,798.0
173,24297,118.0,3.0,101.0,8.0,86.0
173,24298,118.0,3.0,101.0,8.0,137.0
173,24299,158.0,7.0,57.0,8.0,265.0
173,24200,165.0,3.0,78.0,8.0,137.0
173,24201,23.0,2.0,17.0,8.0,479.0
173,24202,158.0,7.0,57.0,8.0,268.0
173,24203,23.0,2.0,17.0,8.0,797.0
173,24204,49.0,2.0,19.0,8.0,7645.0
173,24205,118.0,3.0,101.0,8.0,793.0
173,24306,23.0,2.0,17.0,8.0,1637.0
174,24247,165.0,3.0,78.0,6.0,15.0
174,24248,118.0,3.0,101.0,6.0,165.0
174,24249,49.0,2.0,19.0,6.0,58865.0
174,24250,165.0,3.0,78.0,6.0,133.0
174,24251,23.0,2.0,17.0,6.0,1299.0
174,24252,158.0,7.0,57.0,6.0,18730.0
174,24253,23.0,2.0,17.0,6.0,493.0
174,24254,165.0,3.0,78.0,6.0,158.0
174,24255,158.0,7.0,57.0,6.0,48993.0
174,24256,81.0,7.0,99.0,6.0,1398.0
175,24263,60.0,7.0,28.0,6.0,100.0
175,24264,158.0,7.0,57.0,6.0,7053.0
175,24265,127.0,0.0,0.0,6.0,145.0
175,24266,96.0,2.0,52.0,6.0,1132.0
175,24267,23.0,2.0,17.0,6.0,484.0
175,24268,158.0,7.0,57.0,6.0,5.0
175,24269,116.0,1.0,62.0,6.0,71.0
175,24270,147.0,7.0,60.0,6.0,655.0
175,24271,118.0,3.0,101.0,6.0,757.0
175,24272,81.0,0.0,0.0,6.0,1013.0
176,24263,60.0,7.0,28.0,6.0,100.0
176,24264,158.0,7.0,57.0,6.0,5803.0
176,24265,127.0,0.0,0.0,6.0,145.0
176,24266,81.0,7.0,99.0,6.0,6637.0
176,24267,23.0,2.0,17.0,6.0,499.0
176,24268,158.0,7.0,57.0,6.0,265.0
176,24269,118.0,3.0,101.0,6.0,967.0
176,24270,154.0,2.0,99.0,6.0,998.0
176,24271,154.0,2.0,99.0,6.0,8994.0
176,24272,81.0,7.0,99.0,6.0,1214.0
177,24263,10.0,0.0,0.0,8.0,143.0
177,24264,158.0,7.0,57.0,8.0,6753.0
177,24265,23.0,2.0,17.0,8.0,645.0
177,24266,81.0,7.0,99.0,8.0,8991.0
177,24267,23.0,2.0,17.0,8.0,499.0
177,24268,158.0,7.0,57.0,8.0,16032.0
177,24269,23.0,2.0,17.0,8.0,477.0
177,24270,158.0,7.0,57.0,8.0,757.0
177,24271,118.0,3.0,101.0,8.0,707.0
177,24272,154.0,2.0,99.0,8.0,5736.0
178,24247,165.0,3.0,78.0,2.0,15.0
178,24248,118.0,3.0,101.0,8.0,165.0
178,24249,49.0,2.0,19.0,8.0,58865.0
178,24250,165.0,3.0,78.0,8.0,133.0
178,24251,23.0,2.0,17.0,8.0,1299.0
178,24252,158.0,7.0,57.0,8.0,18929.0
178,24253,23.0,2.0,17.0,8.0,793.0
178,24254,165.0,3.0,78.0,8.0,158.0
178,24255,158.0,7.0,92.0,8.0,48993.0
178,24256,81.0,0.0,0.0,8.0,188.0
179,24263,10.0,0.0,0.0,8.0,10.0
179,24264,81.0,7.0,99.0,8.0,2923.0
179,24265,56.0,7.0,26.0,8.0,555.0
179,24266,81.0,7.0,99.0,8.0,4865.0
179,24267,23.0,2.0,17.0,8.0,655.0
179,24268,158.0,7.0,57.0,8.0,34.0
179,24269,118.0,3.0,101.0,8.0,967.0
179,24270,158.0,7.0,57.0,8.0,757.0
179,24271,81.0,7.0,99.0,8.0,8107.0
179,24272,81.0,0.0,0.0,8.0,736.0
180,24221,118.0,3.0,101.0,8.0,15.0
180,24222,158.0,7.0,57.0,8.0,8125.0
180,24223,118.0,3.0,101.0,8.0,1377.0
180,24224,165.0,3.0,78.0,8.0,25.0
180,24225,158.0,7.0,57.0,8.0,17265.0
180,24226,158.0,7.0,57.0,8.0,17261.0
180,24227,81.0,7.0,99.0,8.0,791.0
180,24228,154.0,2.0,99.0,8.0,3193.0
180,24229,118.0,3.0,101.0,8.0,997.0
180,24230,154.0,2.0,99.0,8.0,545.0
181,24247,165.0,3.0,78.0,2.0,15.0
181,24248,118.0,3.0,101.0,8.0,165.0
181,24249,49.0,2.0,19.0,3.0,58865.0
181,24250,165.0,3.0,78.0,8.0,133.0
181,24251,23.0,2.0,17.0,8.0,1299.0
181,24252,158.0,7.0,57.0,8.0,18730.0
181,24253,23.0,2.0,17.0,8.0,798.0
181,24254,165.0,3.0,78.0,8.0,158.0
181,24255,158.0,7.0,92.0,8.0,8993.0
181,24256,81.0,0.0,0.0,8.0,2.0
182,24247,165.0,3.0,78.0,8.0,15.0
182,24248,118.0,3.0,101.0,8.0,165.0
182,24249,49.0,2.0,19.0,2.0,54425.0
182,24250,165.0,3.0,78.0,8.0,133.0
182,24251,23.0,2.0,17.0,8.0,1299.0
182,24252,158.0,7.0,57.0,8.0,11030.0
182,24253,23.0,2.0,17.0,8.0,798.0
182,24254,165.0,3.0,78.0,8.0,158.0
182,24255,158.0,7.0,92.0,8.0,48993.0
182,24256,81.0,0.0,0.0,8.0,798.0
183,24291,118.0,3.0,101.0,8.0,1086.0
183,24292,118.0,3.0,101.0,8.0,145.0
183,24293,158.0,7.0,57.0,8.0,268.0
183,24294,165.0,3.0,78.0,8.0,137.0
183,24295,23.0,2.0,17.0,8.0,889.0
183,24296,158.0,7.0,57.0,8.0,268.0
183,24297,23.0,2.0,17.0,8.0,997.0
183,24298,158.0,7.0,57.0,8.0,3695.0
183,24299,118.0,3.0,101.0,8.0,997.0
183,24300,118.0,3.0,101.0,8.0,36.0
184,24247,165.0,3.0,78.0,8.0,15.0
184,24248,118.0,3.0,101.0,8.0,165.0
184,24249,49.0,2.0,19.0,2.0,54425.0
184,24250,165.0,3.0,78.0,8.0,133.0
184,24251,23.0,2.0,17.0,8.0,1299.0
184,24252,158.0,7.0,57.0,8.0,18733.0
184,24253,23.0,2.0,17.0,8.0,793.0
184,24254,165.0,3.0,78.0,8.0,157.0
184,24255,158.0,7.0,92.0,8.0,48993.0
184,24256,81.0,0.0,0.0,8.0,18.0
185,24297,118.0,3.0,101.0,8.0,86.0
185,24298,118.0,3.0,101.0,8.0,1085.0
185,24299,154.0,2.0,99.0,8.0,3865.0
185,24200,165.0,3.0,78.0,8.0,137.0
185,24201,23.0,2.0,17.0,8.0,599.0
185,24202,158.0,7.0,57.0,8.0,268.0
185,24203,23.0,2.0,17.0,8.0,797.0
185,24204,158.0,7.0,57.0,8.0,365.0
185,24205,118.0,3.0,101.0,8.0,993.0
185,24206,81.0,0.0,0.0,8.0,1024.0
186,24297,118.0,3.0,101.0,8.0,86.0
186,24298,118.0,3.0,101.0,8.0,1085.0
186,24299,154.0,2.0,99.0,8.0,13877.0
186,24200,165.0,3.0,78.0,8.0,137.0
186,24201,23.0,2.0,17.0,8.0,499.0
186,24202,158.0,7.0,57.0,8.0,268.0
186,24203,23.0,2.0,17.0,8.0,797.0
186,24204,158.0,7.0,57.0,8.0,795.0
186,24205,118.0,3.0,101.0,8.0,993.0
186,24206,23.0,2.0,17.0,8.0,1013.0
187,24247,165.0,3.0,78.0,8.0,15.0
187,24248,118.0,3.0,101.0,8.0,165.0
187,24249,49.0,2.0,19.0,3.0,54425.0
187,24250,165.0,3.0,78.0,8.0,133.0
187,24251,23.0,2.0,17.0,8.0,1299.0
187,24252,158.0,7.0,57.0,8.0,18830.0
187,24253,23.0,2.0,17.0,8.0,798.0
187,24254,165.0,3.0,78.0,8.0,155.0
187,24255,158.0,7.0,92.0,8.0,8993.0
187,24256,81.0,7.0,99.0,8.0,798.0
188,24291,118.0,3.0,101.0,8.0,1086.0
188,24292,118.0,3.0,101.0,8.0,145.0
188,24293,158.0,7.0,57.0,8.0,13377.0
188,24294,165.0,3.0,78.0,8.0,137.0
188,24295,23.0,2.0,17.0,8.0,819.0
188,24296,158.0,7.0,57.0,8.0,14925.0
188,24297,23.0,2.0,17.0,8.0,797.0
188,24298,158.0,7.0,57.0,8.0,3195.0
188,24299,118.0,3.0,101.0,8.0,997.0
188,24300,118.0,3.0,101.0,8.0,37.0
189,24247,49.0,2.0,19.0,2.0,230149.0
189,24248,156.0,6.0,23.0,8.0,25.0
189,24249,118.0,3.0,101.0,8.0,1148.0
189,24250,165.0,3.0,78.0,8.0,32.0
189,24251,23.0,2.0,17.0,8.0,1652.0
189,24252,158.0,7.0,57.0,8.0,18832.0
189,24253,23.0,2.0,17.0,8.0,798.0
189,24254,158.0,7.0,57.0,8.0,465.0
189,24255,118.0,3.0,101.0,8.0,719.0
189,24256,81.0,0.0,0.0,8.0,69.0
190,24247,165.0,3.0,78.0,8.0,15.0
190,24248,118.0,3.0,101.0,8.0,165.0
190,24249,49.0,2.0,19.0,3.0,54425.0
190,24250,165.0,3.0,78.0,8.0,133.0
190,24251,23.0,2.0,17.0,8.0,1299.0
190,24252,158.0,7.0,57.0,8.0,18929.0
190,24253,23.0,2.0,17.0,8.0,798.0
190,24254,165.0,3.0,78.0,8.0,158.0
190,24255,158.0,7.0,92.0,8.0,48993.0
190,24256,81.0,7.0,99.0,8.0,798.0
191,24247,165.0,3.0,78.0,8.0,15.0
191,24248,118.0,3.0,101.0,8.0,165.0
191,24249,49.0,2.0,19.0,3.0,54425.0
191,24250,165.0,3.0,78.0,8.0,133.0
191,24251,23.0,2.0,17.0,8.0,1299.0
191,24252,158.0,7.0,57.0,8.0,18929.0
191,24253,23.0,2.0,17.0,8.0,793.0
191,24254,165.0,3.0,78.0,8.0,150.0
191,24255,158.0,7.0,92.0,8.0,48993.0
191,24256,81.0,0.0,0.0,8.0,798.0
192,24247,165.0,3.0,78.0,8.0,15.0
192,24248,118.0,3.0,101.0,8.0,165.0
192,24249,49.0,2.0,19.0,3.0,54145.0
192,24250,165.0,3.0,78.0,8.0,133.0
192,24251,23.0,2.0,17.0,8.0,1299.0
192,24252,158.0,7.0,57.0,8.0,18830.0
192,24253,23.0,2.0,17.0,8.0,798.0
192,24254,165.0,3.0,78.0,8.0,158.0
192,24255,158.0,7.0,92.0,8.0,48993.0
192,24256,81.0,0.0,0.0,8.0,798.0
193,24263,95.0,2.0,51.0,2.0,0.0
193,24264,158.0,7.0,57.0,6.0,1012.0
193,24265,23.0,2.0,17.0,6.0,631.0
193,24266,158.0,7.0,57.0,6.0,655.0
193,24267,23.0,2.0,17.0,6.0,684.0
193,24268,116.0,1.0,62.0,6.0,1007.0
193,24269,23.0,2.0,17.0,6.0,471.0
193,24270,158.0,7.0,57.0,6.0,755.0
193,24271,107.0,0.0,0.0,6.0,57.0
193,24272,158.0,7.0,57.0,6.0,731.0
194,24263,95.0,2.0,51.0,2.0,0.0
194,24264,158.0,7.0,57.0,2.0,2813.0
194,24265,23.0,2.0,17.0,2.0,645.0
194,24266,165.0,3.0,78.0,2.0,22.0
194,24267,23.0,2.0,17.0,2.0,699.0
194,24268,158.0,7.0,57.0,2.0,65.0
194,24269,23.0,2.0,17.0,8.0,471.0
194,24270,158.0,7.0,57.0,2.0,165.0
194,24271,118.0,3.0,101.0,2.0,757.0
194,24272,154.0,2.0,99.0,2.0,1318.0
195,24227,154.0,2.0,99.0,8.0,35.0
195,24228,154.0,2.0,99.0,8.0,12873.0
195,24229,154.0,2.0,99.0,8.0,3177.0
195,24230,154.0,2.0,99.0,8.0,3683.0
195,24231,154.0,2.0,99.0,8.0,19865.0
195,24232,81.0,7.0,99.0,8.0,1037.0
195,24233,81.0,7.0,99.0,8.0,861.0
195,24234,81.0,7.0,99.0,8.0,6517.0
195,24235,158.0,7.0,57.0,8.0,10797.0
195,24236,154.0,2.0,99.0,8.0,1698.0
196,24263,60.0,7.0,28.0,6.0,13.0
196,24264,81.0,7.0,99.0,6.0,1017.0
196,24265,154.0,2.0,99.0,6.0,6577.0
196,24266,158.0,7.0,57.0,6.0,8877.0
196,24267,118.0,3.0,101.0,6.0,695.0
196,24268,23.0,2.0,17.0,6.0,37.0
196,24269,118.0,3.0,101.0,6.0,996.0
196,24270,154.0,2.0,99.0,6.0,558.0
196,24271,154.0,2.0,99.0,6.0,8145.0
196,24272,154.0,2.0,99.0,6.0,1394.0
197,24247,165.0,3.0,78.0,6.0,15.0
197,24248,118.0,3.0,101.0,6.0,165.0
197,24249,49.0,2.0,19.0,6.0,58865.0
197,24250,165.0,3.0,78.0,6.0,133.0
197,24251,23.0,2.0,17.0,6.0,1299.0
197,24252,158.0,7.0,57.0,6.0,18730.0
197,24253,23.0,2.0,17.0,6.0,473.0
197,24254,165.0,3.0,78.0,6.0,158.0
197,24255,158.0,7.0,57.0,6.0,48993.0
197,24256,81.0,7.0,99.0,6.0,1373.0
198,24263,10.0,0.0,0.0,8.0,145.0
198,24264,81.0,7.0,99.0,8.0,1012.0
198,24265,23.0,2.0,17.0,8.0,632.0
198,24266,158.0,7.0,57.0,8.0,8995.0
198,24267,23.0,2.0,17.0,8.0,484.0
198,24268,9.0,2.0,14.0,8.0,165.0
198,24269,118.0,3.0,101.0,8.0,967.0
198,24270,158.0,7.0,57.0,8.0,998.0
198,24271,154.0,2.0,99.0,8.0,8994.0
198,24272,81.0,0.0,0.0,8.0,1218.0
199,24247,165.0,3.0,78.0,2.0,15.0
199,24248,118.0,3.0,101.0,6.0,165.0
199,24249,49.0,2.0,19.0,2.0,54425.0
199,24250,165.0,3.0,78.0,6.0,133.0
199,24251,23.0,2.0,17.0,6.0,1299.0
199,24252,158.0,7.0,57.0,6.0,18730.0
199,24253,23.0,2.0,17.0,6.0,791.0
199,24254,165.0,3.0,78.0,2.0,158.0
199,24255,158.0,7.0,92.0,6.0,48993.0
199,24256,81.0,7.0,99.0,6.0,1398.0
200,24263,10.0,0.0,0.0,8.0,0.0
200,24264,158.0,7.0,57.0,8.0,1013.0
200,24265,23.0,2.0,17.0,8.0,665.0
200,24266,165.0,3.0,78.0,8.0,22.0
200,24267,23.0,2.0,17.0,8.0,599.0
200,24268,158.0,7.0,57.0,8.0,65.0
200,24269,118.0,3.0,101.0,8.0,967.0
200,24270,158.0,7.0,57.0,8.0,757.0
200,24271,96.0,2.0,52.0,8.0,707.0
200,24272,118.0,3.0,101.0,8.0,36.0
201,24247,165.0,3.0,78.0,8.0,15.0
201,24248,118.0,3.0,101.0,8.0,165.0
201,24249,49.0,2.0,19.0,2.0,54425.0
201,24250,165.0,3.0,78.0,8.0,133.0
201,24251,23.0,2.0,17.0,8.0,1299.0
201,24252,158.0,7.0,57.0,8.0,18130.0
201,24253,23.0,2.0,17.0,8.0,793.0
201,24254,165.0,3.0,78.0,8.0,158.0
201,24255,158.0,7.0,57.0,8.0,8993.0
201,24256,81.0,0.0,0.0,8.0,798.0
202,24247,165.0,3.0,78.0,8.0,15.0
202,24248,118.0,3.0,101.0,8.0,165.0
202,24249,49.0,2.0,19.0,2.0,54425.0
202,24250,165.0,3.0,78.0,8.0,133.0
202,24251,23.0,2.0,17.0,8.0,1299.0
202,24252,158.0,7.0,57.0,8.0,18929.0
202,24253,23.0,2.0,17.0,8.0,793.0
202,24254,165.0,3.0,78.0,8.0,157.0
202,24255,158.0,7.0,92.0,8.0,8993.0
202,24256,81.0,0.0,0.0,8.0,12.0
203,24247,165.0,3.0,78.0,8.0,45.0
203,24248,118.0,3.0,101.0,8.0,165.0
203,24249,49.0,2.0,19.0,2.0,54425.0
203,24250,165.0,3.0,78.0,8.0,133.0
203,24251,23.0,2.0,17.0,8.0,1299.0
203,24252,158.0,7.0,57.0,8.0,18929.0
203,24253,23.0,2.0,17.0,8.0,181.0
203,24254,165.0,3.0,78.0,8.0,155.0
203,24255,158.0,7.0,92.0,8.0,48993.0
203,24256,81.0,0.0,0.0,8.0,18.0
204,24207,49.0,2.0,19.0,2.0,61845.0
204,24208,116.0,1.0,62.0,6.0,0.0
204,24209,147.0,7.0,60.0,6.0,1112.0
204,24210,56.0,7.0,26.0,6.0,665.0
204,24211,30.0,6.0,7.0,2.0,9665.0
204,24212,49.0,2.0,19.0,2.0,624.0
204,24213,74.0,3.0,34.0,6.0,693.0
204,24214,147.0,7.0,60.0,6.0,625.0
204,24215,56.0,7.0,26.0,6.0,553.0
204,24216,56.0,7.0,26.0,2.0,694.0
205,24247,165.0,3.0,78.0,8.0,15.0
205,24248,118.0,3.0,101.0,8.0,165.0
205,24249,49.0,2.0,19.0,2.0,58865.0
205,24250,165.0,3.0,78.0,8.0,133.0
205,24251,23.0,2.0,17.0,8.0,1299.0
205,24252,158.0,7.0,57.0,8.0,18929.0
205,24253,23.0,2.0,17.0,8.0,796.0
205,24254,165.0,3.0,78.0,8.0,158.0
205,24255,158.0,7.0,92.0,8.0,8993.0
205,24256,81.0,0.0,0.0,8.0,18.0
206,24291,118.0,3.0,101.0,8.0,1086.0
206,24292,118.0,3.0,101.0,8.0,1085.0
206,24293,154.0,2.0,99.0,8.0,6136.0
206,24294,165.0,3.0,78.0,8.0,137.0
206,24295,23.0,2.0,17.0,8.0,889.0
206,24296,158.0,7.0,57.0,8.0,10268.0
206,24297,23.0,2.0,17.0,8.0,797.0
206,24298,158.0,7.0,57.0,8.0,3695.0
206,24299,118.0,3.0,101.0,8.0,997.0
206,24300,154.0,2.0,99.0,8.0,3737.0
207,24263,10.0,0.0,0.0,2.0,13.0
207,24264,81.0,7.0,99.0,8.0,1012.0
207,24265,23.0,2.0,17.0,8.0,665.0
207,24266,158.0,7.0,57.0,8.0,8991.0
207,24267,23.0,2.0,17.0,8.0,699.0
207,24268,9.0,2.0,14.0,8.0,165.0
207,24269,118.0,3.0,101.0,8.0,967.0
207,24270,158.0,7.0,57.0,8.0,757.0
207,24271,154.0,2.0,99.0,8.0,8104.0
207,24272,81.0,7.0,99.0,8.0,1213.0
208,24237,118.0,3.0,101.0,2.0,45.0
208,24238,158.0,7.0,57.0,6.0,8988.0
208,24239,165.0,3.0,78.0,7.0,145.0
208,24240,165.0,3.0,78.0,6.0,137.0
208,24241,23.0,2.0,17.0,6.0,555.0
208,24242,183.0,6.0,85.0,2.0,265.0
208,24243,81.0,7.0,99.0,6.0,865.0
208,24244,158.0,7.0,57.0,2.0,398.0
208,24245,81.0,7.0,99.0,2.0,7793.0
208,24246,81.0,7.0,99.0,6.0,1588.0
209,24297,118.0,3.0,101.0,8.0,86.0
209,24298,118.0,3.0,101.0,8.0,1082.0
209,24299,49.0,2.0,19.0,8.0,33865.0
209,24200,165.0,3.0,78.0,8.0,0.0
209,24201,23.0,2.0,17.0,8.0,889.0
209,24202,158.0,7.0,57.0,8.0,18925.0
209,24203,23.0,2.0,17.0,8.0,797.0
209,24204,158.0,7.0,57.0,8.0,398.0
209,24205,118.0,3.0,101.0,8.0,793.0
209,24206,81.0,0.0,0.0,8.0,1013.0
210,24247,165.0,3.0,78.0,8.0,45.0
210,24248,118.0,3.0,101.0,8.0,165.0
210,24249,49.0,2.0,19.0,2.0,54425.0
210,24250,165.0,3.0,78.0,8.0,133.0
210,24251,23.0,2.0,17.0,8.0,1299.0
210,24252,158.0,7.0,57.0,8.0,18130.0
210,24253,23.0,2.0,17.0,8.0,798.0
210,24254,165.0,3.0,78.0,8.0,150.0
210,24255,158.0,7.0,92.0,8.0,8993.0
210,24256,81.0,0.0,0.0,8.0,798.0
211,24263,60.0,7.0,28.0,6.0,80.0
211,24264,158.0,7.0,57.0,6.0,1053.0
211,24265,154.0,2.0,99.0,6.0,1377.0
211,24266,154.0,2.0,99.0,6.0,8137.0
211,24267,23.0,2.0,17.0,6.0,635.0
211,24268,118.0,3.0,101.0,6.0,1065.0
211,24269,118.0,3.0,101.0,6.0,991.0
211,24270,154.0,2.0,99.0,6.0,1998.0
211,24271,154.0,2.0,99.0,6.0,8104.0
211,24272,81.0,7.0,99.0,6.0,1313.0
212,24263,10.0,0.0,0.0,8.0,3.0
212,24264,158.0,7.0,57.0,8.0,5813.0
212,24265,23.0,2.0,17.0,8.0,645.0
212,24266,81.0,7.0,99.0,8.0,8632.0
212,24267,23.0,2.0,17.0,8.0,499.0
212,24268,158.0,7.0,57.0,8.0,16065.0
212,24269,81.0,7.0,99.0,8.0,791.0
212,24270,158.0,7.0,57.0,8.0,757.0
212,24271,118.0,3.0,101.0,8.0,757.0
212,24272,81.0,0.0,0.0,8.0,1013.0
213,24297,118.0,3.0,101.0,8.0,86.0
213,24298,118.0,3.0,101.0,8.0,1085.0
213,24299,154.0,2.0,99.0,8.0,3865.0
213,24200,165.0,3.0,78.0,8.0,137.0
213,24201,23.0,2.0,17.0,8.0,599.0
213,24202,158.0,7.0,57.0,8.0,268.0
213,24203,23.0,2.0,17.0,8.0,797.0
213,24204,158.0,7.0,57.0,8.0,795.0
213,24205,118.0,3.0,101.0,8.0,713.0
213,24206,23.0,2.0,17.0,8.0,1013.0
214,24263,60.0,7.0,28.0,6.0,100.0
214,24264,158.0,7.0,57.0,6.0,7013.0
214,24265,147.0,7.0,60.0,6.0,665.0
214,24266,116.0,1.0,62.0,6.0,1051.0
214,24267,23.0,2.0,17.0,6.0,499.0
214,24268,23.0,2.0,17.0,6.0,5.0
214,24269,147.0,7.0,60.0,6.0,791.0
214,24270,147.0,7.0,60.0,6.0,645.0
214,24271,118.0,3.0,101.0,6.0,757.0
214,24272,81.0,0.0,0.0,6.0,1014.0
215,24263,10.0,0.0,0.0,2.0,13.0
215,24264,81.0,7.0,99.0,8.0,1012.0
215,24265,23.0,2.0,17.0,8.0,655.0
215,24266,158.0,7.0,57.0,8.0,8995.0
215,24267,23.0,2.0,17.0,8.0,484.0
215,24268,158.0,7.0,57.0,8.0,16032.0
215,24269,118.0,3.0,101.0,8.0,967.0
215,24270,154.0,2.0,99.0,8.0,557.0
215,24271,154.0,2.0,99.0,8.0,8107.0
215,24272,81.0,7.0,99.0,8.0,1377.0
216,24247,165.0,3.0,78.0,8.0,15.0
216,24248,118.0,3.0,101.0,8.0,165.0
216,24249,49.0,2.0,19.0,8.0,58865.0
216,24250,165.0,3.0,78.0,8.0,133.0
216,24251,23.0,2.0,17.0,8.0,1299.0
216,24252,158.0,7.0,57.0,8.0,11230.0
216,24253,23.0,2.0,17.0,8.0,793.0
216,24254,165.0,3.0,78.0,8.0,158.0
216,24255,158.0,7.0,92.0,8.0,8993.0
216,24256,81.0,0.0,0.0,8.0,798.0
217,24247,165.0,3.0,78.0,6.0,15.0
217,24248,118.0,3.0,101.0,6.0,165.0
217,24249,49.0,2.0,19.0,6.0,58877.0
217,24250,165.0,3.0,78.0,6.0,133.0
217,24251,23.0,2.0,17.0,6.0,1299.0
217,24252,158.0,7.0,57.0,6.0,18730.0
217,24253,23.0,2.0,17.0,6.0,473.0
217,24254,165.0,3.0,78.0,6.0,158.0
217,24255,158.0,7.0,57.0,6.0,48993.0
217,24256,158.0,7.0,57.0,6.0,798.0
218,24247,165.0,3.0,78.0,8.0,45.0
218,24248,118.0,3.0,101.0,8.0,165.0
218,24249,49.0,2.0,19.0,2.0,54425.0
218,24250,165.0,3.0,78.0,8.0,133.0
218,24251,23.0,2.0,17.0,8.0,1299.0
218,24252,158.0,7.0,57.0,8.0,18733.0
218,24253,23.0,2.0,17.0,8.0,798.0
218,24254,165.0,3.0,78.0,8.0,158.0
218,24255,158.0,7.0,92.0,8.0,48993.0
218,24256,81.0,7.0,99.0,8.0,798.0
219,24263,60.0,7.0,28.0,6.0,100.0
219,24264,158.0,7.0,57.0,6.0,1053.0
219,24265,127.0,0.0,0.0,6.0,145.0
219,24266,81.0,7.0,99.0,6.0,8137.0
219,24267,23.0,2.0,17.0,6.0,495.0
219,24268,158.0,7.0,57.0,6.0,265.0
219,24269,118.0,3.0,101.0,6.0,967.0
219,24270,158.0,7.0,57.0,6.0,365.0
219,24271,154.0,2.0,99.0,6.0,8997.0
219,24272,81.0,7.0,99.0,6.0,1013.0
220,24247,165.0,3.0,78.0,8.0,45.0
220,24248,118.0,3.0,101.0,8.0,165.0
220,24249,49.0,2.0,19.0,3.0,54145.0
220,24250,165.0,3.0,78.0,8.0,133.0
220,24251,23.0,2.0,17.0,8.0,1299.0
220,24252,158.0,7.0,57.0,8.0,18130.0
220,24253,23.0,2.0,17.0,8.0,798.0
220,24254,165.0,3.0,78.0,8.0,158.0
220,24255,158.0,7.0,92.0,8.0,48993.0
220,24256,81.0,7.0,99.0,8.0,798.0
221,24247,165.0,3.0,78.0,6.0,15.0
221,24248,118.0,3.0,101.0,6.0,165.0
221,24249,49.0,2.0,19.0,6.0,54425.0
221,24250,165.0,3.0,78.0,6.0,133.0
221,24251,23.0,2.0,17.0,6.0,1299.0
221,24252,158.0,7.0,57.0,6.0,18730.0
221,24253,23.0,2.0,17.0,6.0,793.0
221,24254,165.0,3.0,78.0,6.0,158.0
221,24255,158.0,7.0,92.0,6.0,48993.0
221,24256,81.0,7.0,99.0,6.0,1369.0
222,24263,95.0,2.0,51.0,2.0,0.0
222,24264,158.0,7.0,57.0,6.0,1015.0
222,24265,23.0,2.0,17.0,6.0,632.0
222,24266,165.0,3.0,78.0,6.0,22.0
222,24267,23.0,2.0,17.0,6.0,518.0
222,24268,158.0,7.0,57.0,6.0,65.0
222,24269,23.0,2.0,17.0,6.0,471.0
222,24270,158.0,7.0,57.0,6.0,357.0
222,24271,158.0,7.0,57.0,6.0,8997.0
222,24272,154.0,2.0,99.0,6.0,1213.0
223,24263,60.0,7.0,28.0,6.0,0.0
223,24264,158.0,7.0,57.0,6.0,53.0
223,24265,127.0,0.0,0.0,6.0,145.0
223,24266,81.0,7.0,99.0,6.0,1632.0
223,24267,23.0,2.0,17.0,6.0,495.0
223,24268,158.0,7.0,57.0,6.0,65.0
223,24269,23.0,2.0,17.0,6.0,471.0
223,24270,158.0,7.0,57.0,6.0,318.0
223,24271,118.0,3.0,101.0,6.0,757.0
223,24272,118.0,3.0,101.0,6.0,13.0
224,24247,165.0,3.0,78.0,6.0,15.0
224,24248,118.0,3.0,101.0,6.0,125.0
224,24249,49.0,2.0,19.0,6.0,58865.0
224,24250,165.0,3.0,78.0,6.0,133.0
224,24251,23.0,2.0,17.0,6.0,1299.0
224,24252,158.0,7.0,57.0,6.0,18730.0
224,24253,23.0,2.0,17.0,6.0,796.0
224,24254,165.0,3.0,78.0,6.0,158.0
224,24255,158.0,7.0,57.0,6.0,8993.0
224,24256,81.0,7.0,99.0,6.0,1398.0
225,24247,165.0,3.0,78.0,8.0,15.0
225,24248,118.0,3.0,101.0,8.0,165.0
225,24249,49.0,2.0,19.0,3.0,54425.0
225,24250,165.0,3.0,78.0,8.0,133.0
225,24251,23.0,2.0,17.0,8.0,1299.0
225,24252,158.0,7.0,57.0,8.0,18730.0
225,24253,23.0,2.0,17.0,8.0,793.0
225,24254,165.0,3.0,78.0,8.0,158.0
225,24255,158.0,7.0,92.0,8.0,48993.0
225,24256,81.0,0.0,0.0,8.0,798.0
226,20227,154.0,2.0,99.0,8.0,138995.0
226,20228,81.0,7.0,99.0,8.0,12173.0
226,20229,81.0,7.0,99.0,8.0,1132.0
226,20230,118.0,3.0,101.0,8.0,45.0
226,20231,154.0,2.0,99.0,8.0,19153.0
226,20232,154.0,2.0,99.0,8.0,1043.0
226,20233,23.0,2.0,17.0,8.0,341.0
226,20234,81.0,7.0,99.0,8.0,1625.0
226,20235,118.0,3.0,101.0,8.0,706.0
226,20236,154.0,2.0,99.0,8.0,1694.0
227,24263,10.0,0.0,0.0,7.0,106.0
227,24264,158.0,7.0,57.0,0.0,5813.0
227,24265,23.0,2.0,17.0,7.0,645.0
227,24266,81.0,7.0,99.0,7.0,8632.0
227,24267,23.0,2.0,17.0,2.0,495.0
227,24268,158.0,7.0,57.0,6.0,16032.0
227,24269,23.0,2.0,17.0,8.0,471.0
227,24270,158.0,7.0,57.0,2.0,757.0
227,24271,118.0,3.0,101.0,8.0,757.0
227,24272,154.0,2.0,99.0,2.0,1213.0
228,24247,165.0,3.0,78.0,2.0,15.0
228,24248,118.0,3.0,101.0,8.0,165.0
228,24249,49.0,2.0,19.0,2.0,54425.0
228,24250,165.0,3.0,78.0,8.0,133.0
228,24251,23.0,2.0,17.0,8.0,1299.0
228,24252,158.0,7.0,57.0,8.0,18833.0
228,24253,23.0,2.0,17.0,8.0,798.0
228,24254,158.0,7.0,57.0,8.0,43157.0
228,24255,158.0,7.0,92.0,8.0,8993.0
228,24256,81.0,0.0,0.0,8.0,169.0
229,24291,118.0,3.0,101.0,8.0,1086.0
229,24292,118.0,3.0,101.0,8.0,1085.0
229,24293,158.0,7.0,57.0,8.0,268.0
229,24294,165.0,3.0,78.0,8.0,137.0
229,24295,23.0,2.0,17.0,8.0,889.0
229,24296,158.0,7.0,57.0,8.0,10268.0
229,24297,23.0,2.0,17.0,8.0,797.0
229,24298,158.0,7.0,57.0,8.0,365.0
229,24299,118.0,3.0,101.0,8.0,997.0
229,24300,118.0,3.0,101.0,8.0,4.0
230,24297,118.0,3.0,101.0,8.0,86.0
230,24298,118.0,3.0,101.0,8.0,135.0
230,24299,154.0,2.0,99.0,8.0,3868.0
230,24200,165.0,3.0,78.0,8.0,137.0
230,24201,23.0,2.0,17.0,8.0,499.0
230,24202,158.0,7.0,57.0,8.0,265.0
230,24203,23.0,2.0,17.0,8.0,797.0
230,24204,158.0,7.0,57.0,8.0,995.0
230,24205,118.0,3.0,101.0,8.0,784.0
230,24206,81.0,7.0,99.0,8.0,1013.0
231,24261,118.0,3.0,101.0,8.0,1031.0
231,24262,158.0,7.0,57.0,8.0,8925.0
231,24263,81.0,7.0,99.0,8.0,268.0
231,24264,165.0,3.0,78.0,8.0,637.0
231,24265,23.0,2.0,17.0,8.0,499.0
231,24266,158.0,7.0,57.0,8.0,16265.0
231,24267,23.0,2.0,17.0,8.0,967.0
231,24268,158.0,7.0,57.0,8.0,998.0
231,24269,154.0,2.0,99.0,8.0,8124.0
231,24270,154.0,2.0,99.0,8.0,5736.0
232,24267,56.0,7.0,26.0,2.0,361.0
232,24268,158.0,7.0,57.0,2.0,1054.0
232,24269,147.0,7.0,60.0,8.0,1158.0
232,24270,118.0,3.0,101.0,8.0,1037.0
232,24271,23.0,2.0,17.0,8.0,465.0
232,24272,183.0,6.0,85.0,8.0,7929.0
232,24273,23.0,2.0,17.0,8.0,142.0
232,24274,158.0,7.0,57.0,8.0,198.0
232,24275,165.0,3.0,78.0,8.0,57.0
232,24276,81.0,0.0,0.0,8.0,173.0
233,24247,165.0,3.0,78.0,8.0,15.0
233,24248,118.0,3.0,101.0,8.0,165.0
233,24249,49.0,2.0,19.0,3.0,58400.0
233,24250,165.0,3.0,78.0,8.0,133.0
233,24251,23.0,2.0,17.0,8.0,1299.0
233,24252,158.0,7.0,57.0,8.0,18929.0
233,24253,23.0,2.0,17.0,8.0,793.0
233,24254,165.0,3.0,78.0,8.0,157.0
233,24255,158.0,7.0,92.0,8.0,48993.0
233,24256,81.0,0.0,0.0,8.0,188.0
234,24297,118.0,3.0,101.0,8.0,86.0
234,24298,118.0,3.0,101.0,8.0,1082.0
234,24299,154.0,2.0,99.0,8.0,3877.0
234,24200,165.0,3.0,78.0,8.0,137.0
234,24201,23.0,2.0,17.0,8.0,499.0
234,24202,158.0,7.0,57.0,8.0,268.0
234,24203,23.0,2.0,17.0,8.0,797.0
234,24204,158.0,7.0,57.0,8.0,365.0
234,24205,118.0,3.0,101.0,8.0,993.0
234,24206,23.0,2.0,17.0,8.0,1013.0
235,3220,74.0,3.0,34.0,2.0,649.0
235,3221,56.0,7.0,26.0,2.0,870.0
235,3222,31.0,6.0,20.0,2.0,868.0
235,3223,49.0,2.0,19.0,2.0,27741.0
235,3224,147.0,7.0,60.0,2.0,304.0
235,3225,158.0,7.0,57.0,8.0,327.0
235,3226,158.0,7.0,57.0,8.0,747.0
235,3227,147.0,7.0,60.0,2.0,665.0
235,3228,118.0,3.0,101.0,8.0,706.0
235,3229,56.0,7.0,26.0,8.0,868.0
236,24263,60.0,7.0,28.0,6.0,41.0
236,24264,158.0,7.0,57.0,6.0,1013.0
236,24265,147.0,7.0,60.0,6.0,665.0
236,24266,116.0,1.0,62.0,6.0,1071.0
236,24267,23.0,2.0,17.0,6.0,699.0
236,24268,158.0,7.0,57.0,6.0,265.0
236,24269,116.0,1.0,62.0,6.0,71.0
236,24270,147.0,7.0,60.0,6.0,655.0
236,24271,118.0,3.0,101.0,6.0,757.0
236,24272,147.0,7.0,60.0,6.0,697.0
237,24263,10.0,0.0,0.0,8.0,0.0
237,24264,158.0,7.0,57.0,8.0,5903.0
237,24265,23.0,2.0,17.0,8.0,645.0
237,24266,165.0,3.0,78.0,8.0,22.0
237,24267,23.0,2.0,17.0,8.0,689.0
237,24268,158.0,7.0,57.0,8.0,11032.0
237,24269,81.0,7.0,99.0,8.0,791.0
237,24270,158.0,7.0,57.0,8.0,757.0
237,24271,154.0,2.0,99.0,8.0,8995.0
237,24272,154.0,2.0,99.0,8.0,5734.0
238,24247,165.0,3.0,78.0,8.0,45.0
238,24248,118.0,3.0,101.0,8.0,165.0
238,24249,49.0,2.0,19.0,3.0,58865.0
238,24250,165.0,3.0,78.0,8.0,133.0
238,24251,23.0,2.0,17.0,8.0,1299.0
238,24252,158.0,7.0,57.0,8.0,18929.0
238,24253,23.0,2.0,17.0,8.0,798.0
238,24254,165.0,3.0,78.0,8.0,158.0
238,24255,158.0,7.0,92.0,8.0,8993.0
238,24256,81.0,7.0,99.0,8.0,798.0
239,24247,165.0,3.0,78.0,6.0,45.0
239,24248,118.0,3.0,101.0,6.0,165.0
239,24249,49.0,2.0,19.0,6.0,58865.0
239,24250,165.0,3.0,78.0,6.0,133.0
239,24251,23.0,2.0,17.0,6.0,3655.0
239,24252,158.0,7.0,57.0,6.0,18730.0
239,24253,23.0,2.0,17.0,6.0,798.0
239,24254,165.0,3.0,78.0,6.0,158.0
239,24255,158.0,7.0,92.0,6.0,8993.0
239,24256,81.0,7.0,99.0,6.0,1298.0
240,24297,118.0,3.0,101.0,8.0,86.0
240,24298,118.0,3.0,101.0,8.0,1085.0
240,24299,154.0,2.0,99.0,8.0,3865.0
240,24200,165.0,3.0,78.0,8.0,137.0
240,24201,23.0,2.0,17.0,8.0,499.0
240,24202,158.0,7.0,57.0,8.0,268.0
240,24203,23.0,2.0,17.0,8.0,797.0
240,24204,158.0,7.0,57.0,8.0,365.0
240,24205,118.0,3.0,101.0,8.0,993.0
240,24206,23.0,2.0,17.0,8.0,1024.0
241,24263,10.0,0.0,0.0,8.0,43.0
241,24264,158.0,7.0,57.0,8.0,1013.0
241,24265,23.0,2.0,17.0,8.0,645.0
241,24266,165.0,3.0,78.0,8.0,22.0
241,24267,23.0,2.0,17.0,8.0,519.0
241,24268,158.0,7.0,57.0,8.0,65.0
241,24269,118.0,3.0,101.0,8.0,967.0
241,24270,158.0,7.0,57.0,8.0,757.0
241,24271,154.0,2.0,99.0,8.0,8994.0
241,24272,154.0,2.0,99.0,8.0,5736.0
242,24247,165.0,3.0,78.0,6.0,45.0
242,24248,118.0,3.0,101.0,6.0,165.0
242,24249,49.0,2.0,19.0,6.0,58865.0
242,24250,158.0,7.0,57.0,6.0,133.0
242,24251,23.0,2.0,17.0,6.0,1299.0
242,24252,158.0,7.0,57.0,6.0,18730.0
242,24253,23.0,2.0,17.0,6.0,798.0
242,24254,165.0,3.0,78.0,6.0,158.0
242,24255,158.0,7.0,57.0,6.0,8993.0
242,24256,81.0,7.0,99.0,6.0,1169.0
243,24263,95.0,2.0,51.0,0.0,145.0
243,24264,158.0,7.0,57.0,6.0,1013.0
243,24265,23.0,2.0,17.0,6.0,631.0
243,24266,165.0,3.0,78.0,6.0,55.0
243,24267,23.0,2.0,17.0,6.0,513.0
243,24268,158.0,7.0,57.0,6.0,265.0
243,24269,23.0,2.0,17.0,6.0,867.0
243,24270,158.0,7.0,57.0,6.0,755.0
243,24271,107.0,0.0,0.0,6.0,57.0
243,24272,154.0,2.0,99.0,6.0,5731.0
244,24247,165.0,3.0,78.0,8.0,15.0
244,24248,118.0,3.0,101.0,8.0,165.0
244,24249,49.0,2.0,19.0,3.0,54425.0
244,24250,165.0,3.0,78.0,8.0,133.0
244,24251,23.0,2.0,17.0,8.0,1299.0
244,24252,158.0,7.0,57.0,8.0,11030.0
244,24253,23.0,2.0,17.0,8.0,793.0
244,24254,165.0,3.0,78.0,8.0,158.0
244,24255,158.0,7.0,92.0,8.0,48993.0
244,24256,81.0,0.0,0.0,8.0,798.0
245,24291,118.0,3.0,101.0,8.0,1086.0
245,24292,118.0,3.0,101.0,8.0,137.0
245,24293,158.0,7.0,57.0,8.0,268.0
245,24294,165.0,3.0,78.0,8.0,137.0
245,24295,23.0,2.0,17.0,8.0,519.0
245,24296,158.0,7.0,57.0,8.0,10265.0
245,24297,23.0,2.0,17.0,8.0,797.0
245,24298,165.0,3.0,78.0,8.0,58.0
245,24299,158.0,7.0,57.0,8.0,704.0
245,24300,154.0,2.0,99.0,8.0,3737.0
246,24247,165.0,3.0,78.0,6.0,39.0
246,24248,118.0,3.0,101.0,6.0,165.0
246,24249,49.0,2.0,19.0,6.0,54425.0
246,24250,165.0,3.0,78.0,6.0,132.0
246,24251,23.0,2.0,17.0,6.0,1299.0
246,24252,158.0,7.0,57.0,6.0,10265.0
246,24253,23.0,2.0,17.0,6.0,796.0
246,24254,165.0,3.0,78.0,6.0,153.0
246,24255,158.0,7.0,92.0,6.0,48993.0
246,24256,81.0,7.0,99.0,6.0,1298.0
247,24263,10.0,0.0,0.0,2.0,0.0
247,24264,158.0,7.0,57.0,8.0,5813.0
247,24265,23.0,2.0,17.0,8.0,645.0
247,24266,81.0,7.0,99.0,8.0,8932.0
247,24267,23.0,2.0,17.0,8.0,881.0
247,24268,158.0,7.0,57.0,8.0,16065.0
247,24269,81.0,7.0,99.0,8.0,791.0
247,24270,158.0,7.0,57.0,8.0,798.0
247,24271,154.0,2.0,99.0,8.0,8997.0
247,24272,81.0,0.0,0.0,8.0,1036.0
248,24263,95.0,2.0,51.0,2.0,0.0
248,24264,158.0,7.0,57.0,6.0,2903.0
248,24265,23.0,2.0,17.0,5.0,645.0
248,24266,165.0,3.0,78.0,6.0,22.0
248,24267,23.0,2.0,17.0,6.0,699.0
248,24268,158.0,7.0,57.0,6.0,11065.0
248,24269,23.0,2.0,17.0,6.0,471.0
248,24270,158.0,7.0,57.0,2.0,758.0
248,24271,118.0,3.0,101.0,6.0,757.0
248,24272,154.0,2.0,99.0,6.0,5736.0
249,24247,49.0,2.0,19.0,2.0,238745.0
249,24248,178.0,7.0,104.0,6.0,845.0
249,24249,116.0,1.0,62.0,6.0,1000.0
249,24250,56.0,7.0,26.0,6.0,669.0
249,24251,165.0,3.0,78.0,6.0,0.0
249,24252,147.0,7.0,60.0,6.0,629.0
249,24253,56.0,7.0,26.0,6.0,496.0
249,24254,147.0,7.0,60.0,6.0,682.0
249,24255,74.0,3.0,34.0,6.0,553.0
249,24256,56.0,7.0,26.0,6.0,687.0
250,24247,165.0,3.0,78.0,8.0,15.0
250,24248,118.0,3.0,101.0,8.0,165.0
250,24249,49.0,2.0,19.0,2.0,54425.0
250,24250,165.0,3.0,78.0,8.0,133.0
250,24251,23.0,2.0,17.0,8.0,1299.0
250,24252,158.0,7.0,57.0,8.0,18929.0
250,24253,23.0,2.0,17.0,8.0,793.0
250,24254,165.0,3.0,78.0,8.0,158.0
250,24255,158.0,7.0,92.0,8.0,8993.0
250,24256,81.0,7.0,99.0,8.0,798.0
251,24263,10.0,0.0,0.0,8.0,43.0
251,24264,158.0,7.0,57.0,8.0,1013.0
251,24265,23.0,2.0,17.0,8.0,645.0
251,24266,165.0,3.0,78.0,8.0,22.0
251,24267,23.0,2.0,17.0,8.0,518.0
251,24268,158.0,7.0,57.0,8.0,65.0
251,24269,23.0,2.0,17.0,8.0,791.0
251,24270,158.0,7.0,57.0,8.0,998.0
251,24271,158.0,7.0,57.0,8.0,8997.0
251,24272,158.0,7.0,57.0,8.0,733.0
252,24247,165.0,3.0,78.0,8.0,15.0
252,24248,118.0,3.0,101.0,8.0,165.0
252,24249,49.0,2.0,19.0,2.0,54425.0
252,24250,165.0,3.0,78.0,8.0,133.0
252,24251,23.0,2.0,17.0,8.0,1299.0
252,24252,158.0,7.0,57.0,8.0,18830.0
252,24253,23.0,2.0,17.0,8.0,793.0
252,24254,165.0,3.0,78.0,8.0,158.0
252,24255,158.0,7.0,92.0,8.0,48993.0
252,24256,81.0,0.0,0.0,8.0,188.0
253,24263,60.0,7.0,28.0,6.0,41.0
253,24264,158.0,7.0,57.0,6.0,1054.0
253,24265,127.0,0.0,0.0,6.0,145.0
253,24266,56.0,7.0,26.0,6.0,637.0
253,24267,23.0,2.0,17.0,6.0,637.0
253,24268,103.0,7.0,1.0,6.0,5.0
253,24269,118.0,3.0,101.0,6.0,967.0
253,24270,158.0,7.0,57.0,6.0,998.0
253,24271,96.0,2.0,52.0,6.0,657.0
253,24272,118.0,3.0,101.0,6.0,13.0
254,24263,95.0,2.0,51.0,2.0,0.0
254,24264,158.0,7.0,57.0,6.0,2913.0
254,24265,23.0,2.0,17.0,6.0,631.0
254,24266,158.0,7.0,57.0,6.0,695.0
254,24267,23.0,2.0,17.0,6.0,489.0
254,24268,165.0,3.0,78.0,6.0,32.0
254,24269,81.0,7.0,99.0,6.0,961.0
254,24270,158.0,7.0,57.0,6.0,318.0
254,24271,154.0,2.0,99.0,6.0,8997.0
254,24272,154.0,2.0,99.0,6.0,1698.0
255,24247,165.0,3.0,78.0,8.0,79.0
255,24248,118.0,3.0,101.0,8.0,165.0
255,24249,49.0,2.0,19.0,3.0,58825.0
255,24250,165.0,3.0,78.0,8.0,133.0
255,24251,23.0,2.0,17.0,8.0,1299.0
255,24252,158.0,7.0,57.0,8.0,18929.0
255,24253,23.0,2.0,17.0,8.0,798.0
255,24254,165.0,3.0,78.0,8.0,158.0
255,24255,158.0,7.0,92.0,8.0,48993.0
255,24256,81.0,0.0,0.0,8.0,169.0
256,4293,118.0,3.0,101.0,8.0,89.0
256,4294,118.0,3.0,101.0,8.0,1082.0
256,4295,154.0,2.0,99.0,8.0,6790.0
256,4296,165.0,3.0,78.0,8.0,77.0
256,4297,23.0,2.0,17.0,8.0,819.0
256,4298,158.0,7.0,57.0,8.0,14035.0
256,4299,23.0,2.0,17.0,8.0,997.0
256,4300,158.0,7.0,57.0,8.0,998.0
256,4301,118.0,3.0,101.0,8.0,704.0
256,4302,158.0,7.0,57.0,8.0,737.0
257,24261,154.0,2.0,99.0,2.0,7138.0
257,24262,165.0,3.0,78.0,8.0,115.0
257,24263,154.0,2.0,99.0,8.0,875.0
257,24264,154.0,2.0,99.0,8.0,8637.0
257,24265,118.0,3.0,101.0,8.0,899.0
257,24266,81.0,7.0,99.0,8.0,2033.0
257,24267,23.0,2.0,17.0,8.0,867.0
257,24268,154.0,2.0,99.0,8.0,998.0
257,24269,154.0,2.0,99.0,8.0,8165.0
257,24270,154.0,2.0,99.0,8.0,1324.0
258,24291,118.0,3.0,101.0,5.0,7985.0
258,24292,118.0,3.0,101.0,5.0,115.0
258,24293,158.0,7.0,57.0,5.0,273.0
258,24294,165.0,3.0,78.0,5.0,77.0
258,24295,118.0,3.0,101.0,5.0,819.0
258,24296,158.0,7.0,57.0,5.0,18031.0
258,24297,23.0,2.0,17.0,5.0,797.0
258,24298,158.0,7.0,57.0,5.0,3698.0
258,24299,118.0,3.0,101.0,5.0,997.0
258,24300,118.0,3.0,101.0,5.0,1037.0
259,24247,165.0,3.0,78.0,2.0,15.0
259,24248,118.0,3.0,101.0,8.0,165.0
259,24249,49.0,2.0,19.0,3.0,54425.0
259,24250,165.0,3.0,78.0,8.0,133.0
259,24251,23.0,2.0,17.0,8.0,1299.0
259,24252,158.0,7.0,57.0,8.0,18130.0
259,24253,23.0,2.0,17.0,8.0,793.0
259,24254,165.0,3.0,78.0,8.0,158.0
259,24255,158.0,7.0,92.0,8.0,48993.0
259,24256,81.0,0.0,0.0,8.0,798.0
260,24247,165.0,3.0,78.0,8.0,15.0
260,24248,118.0,3.0,101.0,8.0,165.0
260,24249,49.0,2.0,19.0,3.0,54425.0
260,24250,165.0,3.0,78.0,8.0,133.0
260,24251,23.0,2.0,17.0,8.0,1299.0
260,24252,158.0,7.0,57.0,8.0,18730.0
260,24253,23.0,2.0,17.0,8.0,798.0
260,24254,165.0,3.0,78.0,8.0,158.0
260,24255,158.0,7.0,92.0,8.0,8993.0
260,24256,81.0,7.0,99.0,8.0,1398.0
261,24263,60.0,7.0,28.0,8.0,40.0
261,24264,158.0,7.0,57.0,8.0,1013.0
261,24265,147.0,7.0,60.0,8.0,1865.0
261,24266,116.0,1.0,62.0,8.0,1037.0
261,24267,23.0,2.0,17.0,8.0,665.0
261,24268,23.0,2.0,17.0,8.0,5.0
261,24269,118.0,3.0,101.0,8.0,967.0
261,24270,158.0,7.0,57.0,8.0,755.0
261,24271,154.0,2.0,99.0,8.0,8107.0
261,24272,154.0,2.0,99.0,8.0,1214.0
262,24267,56.0,7.0,26.0,2.0,861.0
262,24268,158.0,7.0,57.0,2.0,1024.0
262,24269,147.0,7.0,60.0,8.0,1158.0
262,24270,116.0,1.0,62.0,8.0,1637.0
262,24271,23.0,2.0,17.0,8.0,65.0
262,24272,183.0,6.0,85.0,8.0,7929.0
262,24273,23.0,2.0,17.0,8.0,142.0
262,24274,158.0,7.0,57.0,8.0,215.0
262,24275,165.0,3.0,78.0,8.0,13.0
262,24276,81.0,0.0,0.0,8.0,736.0
263,24291,118.0,3.0,101.0,8.0,7986.0
263,24292,118.0,3.0,101.0,8.0,115.0
263,24293,158.0,7.0,57.0,8.0,277.0
263,24294,165.0,3.0,78.0,8.0,79.0
263,24295,23.0,2.0,17.0,8.0,889.0
263,24296,158.0,7.0,57.0,8.0,10268.0
263,24297,81.0,7.0,99.0,8.0,797.0
263,24298,165.0,3.0,78.0,8.0,55.0
263,24299,154.0,2.0,99.0,8.0,517.0
263,24300,154.0,2.0,99.0,8.0,3637.0
264,24247,165.0,3.0,78.0,8.0,15.0
264,24248,118.0,3.0,101.0,8.0,165.0
264,24249,49.0,2.0,19.0,2.0,54425.0
264,24250,165.0,3.0,78.0,8.0,133.0
264,24251,23.0,2.0,17.0,8.0,1299.0
264,24252,158.0,7.0,57.0,8.0,10265.0
264,24253,23.0,2.0,17.0,8.0,798.0
264,24254,165.0,3.0,78.0,8.0,158.0
264,24255,158.0,7.0,92.0,8.0,48993.0
264,24256,81.0,0.0,0.0,8.0,169.0
265,24217,154.0,2.0,99.0,2.0,8935.0
265,24218,165.0,3.0,78.0,8.0,125.0
265,24219,154.0,2.0,99.0,8.0,1273.0
265,24220,154.0,2.0,99.0,8.0,3633.0
265,24221,118.0,3.0,101.0,8.0,1693.0
265,24222,81.0,7.0,99.0,8.0,1031.0
265,24223,23.0,2.0,17.0,8.0,467.0
265,24224,158.0,7.0,57.0,8.0,393.0
265,24225,118.0,3.0,101.0,8.0,995.0
265,24226,154.0,2.0,99.0,8.0,593.0
266,20897,9.0,2.0,14.0,2.0,10081.0
266,20898,158.0,7.0,57.0,2.0,474.0
266,20899,81.0,7.0,99.0,2.0,278.0
266,20900,118.0,3.0,101.0,2.0,45.0
266,20901,23.0,2.0,17.0,2.0,59.0
266,20902,158.0,7.0,57.0,2.0,247.0
266,20903,23.0,2.0,17.0,8.0,759.0
266,20904,118.0,3.0,101.0,2.0,1368.0
266,20905,81.0,7.0,99.0,2.0,804.0
266,20906,118.0,3.0,101.0,8.0,1116.0
267,24263,60.0,7.0,28.0,6.0,41.0
267,24264,158.0,7.0,57.0,6.0,1053.0
267,24265,127.0,0.0,0.0,6.0,145.0
267,24266,60.0,7.0,28.0,6.0,4137.0
267,24267,23.0,2.0,17.0,6.0,637.0
267,24268,103.0,7.0,1.0,6.0,5.0
267,24269,118.0,3.0,101.0,6.0,967.0
267,24270,158.0,7.0,57.0,6.0,165.0
267,24271,96.0,2.0,52.0,6.0,657.0
267,24272,118.0,3.0,101.0,6.0,14.0
268,24247,165.0,3.0,78.0,8.0,15.0
268,24248,118.0,3.0,101.0,8.0,165.0
268,24249,49.0,2.0,19.0,2.0,58865.0
268,24250,165.0,3.0,78.0,8.0,133.0
268,24251,23.0,2.0,17.0,8.0,1299.0
268,24252,158.0,7.0,57.0,8.0,18730.0
268,24253,23.0,2.0,17.0,8.0,798.0
268,24254,165.0,3.0,78.0,8.0,157.0
268,24255,158.0,7.0,57.0,8.0,48993.0
268,24256,81.0,0.0,0.0,8.0,5.0
269,24257,154.0,2.0,99.0,2.0,8995.0
269,24258,165.0,3.0,78.0,8.0,115.0
269,24259,158.0,7.0,57.0,8.0,1377.0
269,24260,154.0,2.0,99.0,8.0,8995.0
269,24261,118.0,3.0,101.0,8.0,1665.0
269,24262,81.0,7.0,99.0,8.0,1037.0
269,24263,23.0,2.0,17.0,8.0,476.0
269,24264,158.0,7.0,57.0,8.0,365.0
269,24265,154.0,2.0,99.0,8.0,8997.0
269,24266,81.0,7.0,99.0,8.0,1324.0
270,24247,165.0,3.0,78.0,8.0,15.0
270,24248,118.0,3.0,101.0,8.0,165.0
270,24249,49.0,2.0,19.0,2.0,54425.0
270,24250,165.0,3.0,78.0,8.0,133.0
270,24251,23.0,2.0,17.0,8.0,1299.0
270,24252,158.0,7.0,57.0,8.0,18833.0
270,24253,23.0,2.0,17.0,8.0,793.0
270,24254,165.0,3.0,78.0,8.0,157.0
270,24255,158.0,7.0,92.0,8.0,8993.0
270,24256,81.0,0.0,0.0,8.0,798.0
271,24247,165.0,3.0,78.0,8.0,15.0
271,24248,118.0,3.0,101.0,8.0,165.0
271,24249,49.0,2.0,19.0,2.0,54925.0
271,24250,165.0,3.0,78.0,8.0,133.0
271,24251,23.0,2.0,17.0,8.0,1299.0
271,24252,158.0,7.0,57.0,8.0,18265.0
271,24253,23.0,2.0,17.0,8.0,793.0
271,24254,165.0,3.0,78.0,8.0,150.0
271,24255,158.0,7.0,92.0,8.0,8993.0
271,24256,81.0,7.0,99.0,8.0,798.0
272,24263,10.0,0.0,0.0,8.0,10.0
272,24264,81.0,7.0,99.0,8.0,1012.0
272,24265,23.0,2.0,17.0,8.0,632.0
272,24266,158.0,7.0,57.0,8.0,8991.0
272,24267,23.0,2.0,17.0,8.0,655.0
272,24268,9.0,2.0,14.0,8.0,165.0
272,24269,118.0,3.0,101.0,8.0,967.0
272,24270,158.0,7.0,57.0,8.0,108.0
272,24271,154.0,2.0,99.0,8.0,8104.0
272,24272,81.0,7.0,99.0,8.0,1036.0
273,24247,165.0,3.0,78.0,8.0,15.0
273,24248,118.0,3.0,101.0,8.0,165.0
273,24249,49.0,2.0,19.0,2.0,54425.0
273,24250,165.0,3.0,78.0,8.0,133.0
273,24251,23.0,2.0,17.0,8.0,1299.0
273,24252,158.0,7.0,57.0,8.0,18929.0
273,24253,23.0,2.0,17.0,8.0,793.0
273,24254,165.0,3.0,78.0,8.0,158.0
273,24255,158.0,7.0,92.0,8.0,48993.0
273,24256,81.0,0.0,0.0,8.0,798.0
274,24247,165.0,3.0,78.0,8.0,15.0
274,24248,118.0,3.0,101.0,8.0,165.0
274,24249,49.0,2.0,19.0,3.0,54425.0
274,24250,165.0,3.0,78.0,8.0,133.0
274,24251,23.0,2.0,17.0,8.0,1299.0
274,24252,158.0,7.0,57.0,8.0,18733.0
274,24253,23.0,2.0,17.0,8.0,798.0
274,24254,158.0,7.0,57.0,8.0,998.0
274,24255,158.0,7.0,92.0,8.0,8993.0
274,24256,81.0,0.0,0.0,8.0,188.0
275,24247,165.0,3.0,78.0,8.0,15.0
275,24248,118.0,3.0,101.0,8.0,165.0
275,24249,49.0,2.0,19.0,2.0,58865.0
275,24250,165.0,3.0,78.0,8.0,133.0
275,24251,23.0,2.0,17.0,8.0,599.0
275,24252,158.0,7.0,57.0,8.0,18830.0
275,24253,23.0,2.0,17.0,8.0,798.0
275,24254,165.0,3.0,78.0,8.0,158.0
275,24255,158.0,7.0,92.0,8.0,8993.0
275,24256,81.0,0.0,0.0,8.0,165.0
276,24293,118.0,3.0,101.0,8.0,86.0
276,24294,118.0,3.0,101.0,8.0,1085.0
276,24295,154.0,2.0,99.0,8.0,6877.0
276,24296,165.0,3.0,78.0,8.0,77.0
276,24297,23.0,2.0,17.0,8.0,889.0
276,24298,158.0,7.0,57.0,8.0,11039.0
276,24299,23.0,2.0,17.0,8.0,797.0
276,24300,158.0,7.0,57.0,8.0,3645.0
276,24301,118.0,3.0,101.0,8.0,704.0
276,24302,118.0,3.0,101.0,8.0,1013.0
277,24297,118.0,3.0,101.0,8.0,86.0
277,24298,118.0,3.0,101.0,8.0,135.0
277,24299,154.0,2.0,99.0,8.0,3877.0
277,24200,165.0,3.0,78.0,8.0,137.0
277,24201,23.0,2.0,17.0,8.0,599.0
277,24202,158.0,7.0,57.0,8.0,268.0
277,24203,23.0,2.0,17.0,8.0,797.0
277,24204,158.0,7.0,57.0,8.0,365.0
277,24205,118.0,3.0,101.0,8.0,993.0
277,24206,23.0,2.0,17.0,8.0,1024.0
278,24257,158.0,7.0,57.0,2.0,45.0
278,24258,118.0,3.0,101.0,6.0,117.0
278,24259,49.0,2.0,19.0,6.0,38145.0
278,24260,165.0,3.0,78.0,6.0,25.0
278,24261,118.0,3.0,101.0,6.0,499.0
278,24262,158.0,7.0,57.0,6.0,14033.0
278,24263,23.0,2.0,17.0,6.0,798.0
278,24264,158.0,7.0,57.0,2.0,328.0
278,24265,158.0,7.0,57.0,6.0,8993.0
278,24266,81.0,0.0,0.0,6.0,1073.0
279,24297,118.0,3.0,101.0,8.0,86.0
279,24298,118.0,3.0,101.0,8.0,1085.0
279,24299,154.0,2.0,99.0,8.0,3865.0
279,24200,165.0,3.0,78.0,8.0,137.0
279,24201,23.0,2.0,17.0,8.0,852.0
279,24202,158.0,7.0,57.0,8.0,268.0
279,24203,23.0,2.0,17.0,8.0,797.0
279,24304,158.0,7.0,57.0,8.0,795.0
279,24305,118.0,3.0,101.0,8.0,993.0
279,24306,23.0,2.0,17.0,8.0,1013.0
280,24297,118.0,3.0,101.0,8.0,86.0
280,24298,118.0,3.0,101.0,8.0,137.0
280,24299,158.0,7.0,57.0,3.0,265.0
280,24200,165.0,3.0,78.0,8.0,25.0
280,24201,23.0,2.0,17.0,8.0,889.0
280,24202,158.0,7.0,57.0,8.0,268.0
280,24203,23.0,2.0,17.0,8.0,797.0
280,24304,158.0,7.0,57.0,8.0,365.0
280,24305,118.0,3.0,101.0,8.0,793.0
280,24306,23.0,2.0,17.0,8.0,684.0
281,24297,118.0,3.0,101.0,8.0,86.0
281,24298,118.0,3.0,101.0,8.0,1085.0
281,24299,118.0,3.0,101.0,8.0,868.0
281,24200,165.0,3.0,78.0,8.0,137.0
281,24201,23.0,2.0,17.0,8.0,889.0
281,24202,158.0,7.0,57.0,8.0,268.0
281,24203,23.0,2.0,17.0,8.0,797.0
281,24204,49.0,2.0,19.0,8.0,93998.0
281,24205,118.0,3.0,101.0,8.0,793.0
281,24206,23.0,2.0,17.0,8.0,1013.0
282,24263,95.0,2.0,51.0,2.0,0.0
282,24264,158.0,7.0,57.0,6.0,1013.0
282,24265,23.0,2.0,17.0,6.0,635.0
282,24266,165.0,3.0,78.0,6.0,29.0
282,24267,23.0,2.0,17.0,6.0,889.0
282,24268,158.0,7.0,57.0,6.0,65.0
282,24269,23.0,2.0,17.0,6.0,867.0
282,24270,158.0,7.0,57.0,6.0,758.0
282,24271,158.0,7.0,57.0,6.0,8997.0
282,24272,81.0,0.0,0.0,6.0,1013.0
283,20227,154.0,2.0,99.0,8.0,138995.0
283,20228,81.0,7.0,99.0,8.0,12173.0
283,20229,81.0,7.0,99.0,8.0,1168.0
283,20230,118.0,3.0,101.0,8.0,45.0
283,20231,158.0,7.0,57.0,2.0,19153.0
283,20232,118.0,3.0,101.0,8.0,43.0
283,20233,118.0,3.0,101.0,8.0,1643.0
283,20234,158.0,7.0,57.0,8.0,992.0
283,20235,118.0,3.0,101.0,8.0,1351.0
283,20236,81.0,7.0,99.0,8.0,1356.0
284,24247,165.0,3.0,78.0,6.0,15.0
284,24248,118.0,3.0,101.0,6.0,165.0
284,24249,49.0,2.0,19.0,6.0,54425.0
284,24250,165.0,3.0,78.0,6.0,133.0
284,24251,23.0,2.0,17.0,6.0,1299.0
284,24252,158.0,7.0,57.0,6.0,18730.0
284,24253,23.0,2.0,17.0,6.0,796.0
284,24254,165.0,3.0,78.0,6.0,158.0
284,24255,158.0,7.0,92.0,6.0,8993.0
284,24256,81.0,7.0,99.0,6.0,1398.0
285,20227,154.0,2.0,99.0,2.0,138995.0
285,20228,81.0,7.0,99.0,8.0,12587.0
285,20229,81.0,7.0,99.0,8.0,1137.0
285,20230,118.0,3.0,101.0,8.0,45.0
285,20231,154.0,2.0,99.0,8.0,19153.0
285,20232,154.0,2.0,99.0,8.0,1043.0
285,20233,81.0,7.0,99.0,8.0,1642.0
285,20234,56.0,7.0,26.0,8.0,407.0
285,20235,118.0,3.0,101.0,8.0,706.0
285,20236,154.0,2.0,99.0,8.0,1694.0
286,24247,165.0,3.0,78.0,8.0,15.0
286,24248,118.0,3.0,101.0,8.0,165.0
286,24249,49.0,2.0,19.0,3.0,54425.0
286,24250,165.0,3.0,78.0,8.0,133.0
286,24251,23.0,2.0,17.0,8.0,1299.0
286,24252,158.0,7.0,57.0,8.0,18833.0
286,24253,23.0,2.0,17.0,8.0,798.0
286,24254,165.0,3.0,78.0,8.0,158.0
286,24255,158.0,7.0,92.0,8.0,8993.0
286,24256,81.0,0.0,0.0,8.0,188.0
287,24247,165.0,3.0,78.0,2.0,15.0
287,24248,118.0,3.0,101.0,8.0,165.0
287,24249,49.0,2.0,19.0,3.0,54425.0
287,24250,165.0,3.0,78.0,8.0,133.0
287,24251,23.0,2.0,17.0,8.0,1299.0
287,24252,158.0,7.0,57.0,8.0,10265.0
287,24253,23.0,2.0,17.0,8.0,793.0
287,24254,165.0,3.0,78.0,8.0,158.0
287,24255,158.0,7.0,92.0,8.0,48993.0
287,24256,81.0,0.0,0.0,8.0,169.0
288,24247,165.0,3.0,78.0,2.0,15.0
288,24248,118.0,3.0,101.0,8.0,165.0
288,24249,49.0,2.0,19.0,3.0,54265.0
288,24250,165.0,3.0,78.0,8.0,133.0
288,24251,23.0,2.0,17.0,8.0,1299.0
288,24252,158.0,7.0,57.0,8.0,18833.0
288,24253,23.0,2.0,17.0,8.0,798.0
288,24254,165.0,3.0,78.0,8.0,158.0
288,24255,158.0,7.0,92.0,8.0,48993.0
288,24256,81.0,0.0,0.0,8.0,7.0
289,24263,60.0,7.0,28.0,6.0,41.0
289,24264,158.0,7.0,57.0,6.0,1053.0
289,24265,127.0,0.0,0.0,6.0,145.0
289,24266,56.0,7.0,26.0,6.0,637.0
289,24267,23.0,2.0,17.0,6.0,95.0
289,24268,103.0,7.0,1.0,6.0,5.0
289,24269,118.0,3.0,101.0,6.0,971.0
289,24270,158.0,7.0,57.0,6.0,998.0
289,24271,96.0,2.0,52.0,6.0,100657.0
289,24272,81.0,0.0,0.0,6.0,1036.0
290,24291,118.0,3.0,101.0,8.0,1086.0
290,24292,118.0,3.0,101.0,8.0,1085.0
290,24293,154.0,2.0,99.0,8.0,6790.0
290,24294,165.0,3.0,78.0,8.0,137.0
290,24295,23.0,2.0,17.0,8.0,899.0
290,24296,158.0,7.0,57.0,8.0,268.0
290,24297,23.0,2.0,17.0,8.0,797.0
290,24298,158.0,7.0,57.0,8.0,3555.0
290,24299,118.0,3.0,101.0,8.0,997.0
290,24300,118.0,3.0,101.0,8.0,37.0
291,24247,165.0,3.0,78.0,6.0,45.0
291,24248,118.0,3.0,101.0,6.0,165.0
291,24249,49.0,2.0,19.0,6.0,54400.0
291,24250,165.0,3.0,78.0,6.0,133.0
291,24251,23.0,2.0,17.0,6.0,1299.0
291,24252,158.0,7.0,57.0,6.0,18730.0
291,24253,23.0,2.0,17.0,6.0,798.0
291,24254,165.0,3.0,78.0,6.0,158.0
291,24255,158.0,7.0,57.0,6.0,8993.0
291,24256,81.0,7.0,99.0,6.0,1398.0
292,24247,165.0,3.0,78.0,8.0,15.0
292,24248,118.0,3.0,101.0,8.0,165.0
292,24249,49.0,2.0,19.0,3.0,54425.0
292,24250,165.0,3.0,78.0,8.0,133.0
292,24251,23.0,2.0,17.0,8.0,1299.0
292,24252,158.0,7.0,57.0,8.0,18830.0
292,24253,23.0,2.0,17.0,8.0,473.0
292,24254,165.0,3.0,78.0,8.0,158.0
292,24255,158.0,7.0,57.0,8.0,8993.0
292,24256,81.0,0.0,0.0,8.0,169.0
293,24221,118.0,3.0,101.0,8.0,15.0
293,24222,158.0,7.0,57.0,8.0,8013.0
293,24223,118.0,3.0,101.0,8.0,1377.0
293,24224,165.0,3.0,78.0,8.0,77.0
293,24225,158.0,7.0,57.0,8.0,599.0
293,24226,158.0,7.0,57.0,8.0,265.0
293,24227,81.0,7.0,99.0,8.0,743.0
293,24228,154.0,2.0,99.0,8.0,3693.0
293,24229,118.0,3.0,101.0,8.0,995.0
293,24230,154.0,2.0,99.0,8.0,732.0
294,24247,165.0,3.0,78.0,8.0,45.0
294,24248,118.0,3.0,101.0,8.0,165.0
294,24249,49.0,2.0,19.0,3.0,54425.0
294,24250,165.0,3.0,78.0,8.0,133.0
294,24251,23.0,2.0,17.0,8.0,1299.0
294,24252,158.0,7.0,57.0,8.0,18929.0
294,24253,23.0,2.0,17.0,8.0,798.0
294,24254,165.0,3.0,78.0,8.0,158.0
294,24255,158.0,7.0,92.0,8.0,48993.0
294,24256,81.0,0.0,0.0,8.0,98.0
295,24291,118.0,3.0,101.0,8.0,1086.0
295,24292,118.0,3.0,101.0,8.0,1085.0
295,24293,154.0,2.0,99.0,8.0,6790.0
295,24294,165.0,3.0,78.0,8.0,137.0
295,24295,23.0,2.0,17.0,8.0,819.0
295,24296,158.0,7.0,57.0,8.0,268.0
295,24297,23.0,2.0,17.0,8.0,797.0
295,24298,158.0,7.0,57.0,8.0,3695.0
295,24299,118.0,3.0,101.0,8.0,997.0
295,24300,154.0,2.0,99.0,8.0,3737.0
296,24263,95.0,2.0,51.0,2.0,0.0
296,24264,158.0,7.0,57.0,6.0,2913.0
296,24265,23.0,2.0,17.0,6.0,631.0
296,24266,165.0,3.0,78.0,6.0,29.0
296,24267,23.0,2.0,17.0,6.0,689.0
296,24268,158.0,7.0,57.0,6.0,65.0
296,24269,23.0,2.0,17.0,6.0,867.0
296,24270,158.0,7.0,57.0,2.0,358.0
296,24271,158.0,7.0,57.0,6.0,8994.0
296,24272,154.0,2.0,99.0,6.0,5736.0
297,24247,165.0,3.0,78.0,8.0,15.0
297,24248,118.0,3.0,101.0,8.0,165.0
297,24249,49.0,2.0,19.0,2.0,54425.0
297,24250,165.0,3.0,78.0,8.0,133.0
297,24251,23.0,2.0,17.0,8.0,1299.0
297,24252,158.0,7.0,57.0,8.0,18815.0
297,24253,23.0,2.0,17.0,8.0,798.0
297,24254,165.0,3.0,78.0,8.0,150.0
297,24255,158.0,7.0,92.0,8.0,48993.0
297,24256,81.0,0.0,0.0,8.0,187.0
298,24247,165.0,3.0,78.0,8.0,15.0
298,24248,118.0,3.0,101.0,8.0,165.0
298,24249,49.0,2.0,19.0,2.0,54425.0
298,24250,165.0,3.0,78.0,8.0,133.0
298,24251,23.0,2.0,17.0,8.0,1299.0
298,24252,158.0,7.0,57.0,8.0,18833.0
298,24253,23.0,2.0,17.0,8.0,798.0
298,24254,165.0,3.0,78.0,8.0,157.0
298,24255,158.0,7.0,92.0,8.0,48993.0
298,24256,81.0,0.0,0.0,8.0,5.0
299,24297,118.0,3.0,101.0,8.0,86.0
299,24298,118.0,3.0,101.0,8.0,135.0
299,24299,154.0,2.0,99.0,8.0,3868.0
299,24200,165.0,3.0,78.0,8.0,25.0
299,24201,23.0,2.0,17.0,8.0,553.0
299,24202,158.0,7.0,57.0,8.0,268.0
299,24203,23.0,2.0,17.0,8.0,797.0
299,24204,158.0,7.0,57.0,8.0,295.0
299,24205,118.0,3.0,101.0,8.0,993.0
299,24206,23.0,2.0,17.0,8.0,1013.0
300,24263,60.0,7.0,28.0,6.0,41.0
300,24264,158.0,7.0,57.0,6.0,1054.0
300,24265,127.0,0.0,0.0,6.0,145.0
300,24266,81.0,7.0,99.0,6.0,1053.0
300,24267,23.0,2.0,17.0,6.0,495.0
300,24268,158.0,7.0,57.0,6.0,265.0
300,24269,118.0,3.0,101.0,6.0,967.0
300,24270,158.0,7.0,57.0,6.0,365.0
300,24271,118.0,3.0,101.0,6.0,757.0
300,24272,23.0,2.0,17.0,6.0,18.0
301,24263,15.0,0.0,0.0,2.0,100003.0
301,24264,158.0,7.0,57.0,8.0,5013.0
301,24265,23.0,2.0,17.0,8.0,645.0
301,24266,165.0,3.0,78.0,8.0,22.0
301,24267,23.0,2.0,17.0,8.0,518.0
301,24268,158.0,7.0,57.0,8.0,65.0
301,24269,23.0,2.0,17.0,8.0,791.0
301,24270,158.0,7.0,57.0,8.0,757.0
301,24271,118.0,3.0,101.0,8.0,707.0
301,24272,154.0,2.0,99.0,8.0,5736.0
302,24263,95.0,2.0,51.0,2.0,0.0
302,24264,158.0,7.0,57.0,6.0,8873.0
302,24265,23.0,2.0,17.0,6.0,645.0
302,24266,165.0,3.0,78.0,6.0,55.0
302,24267,23.0,2.0,17.0,6.0,889.0
302,24268,107.0,0.0,0.0,6.0,25.0
302,24269,23.0,2.0,17.0,6.0,491.0
302,24270,158.0,7.0,57.0,6.0,998.0
302,24271,158.0,7.0,57.0,6.0,8994.0
302,24272,81.0,0.0,0.0,6.0,1213.0
303,24237,154.0,2.0,99.0,2.0,2985.0
303,24238,154.0,2.0,99.0,8.0,36173.0
303,24239,154.0,2.0,99.0,8.0,1275.0
303,24240,154.0,2.0,99.0,8.0,3637.0
303,24241,118.0,3.0,101.0,8.0,899.0
303,24242,81.0,7.0,99.0,8.0,237.0
303,24243,23.0,2.0,17.0,8.0,378.0
303,24244,81.0,7.0,99.0,8.0,395.0
303,24245,158.0,7.0,57.0,8.0,18997.0
303,24246,81.0,7.0,99.0,8.0,1398.0
304,24247,165.0,3.0,78.0,2.0,15.0
304,24248,118.0,3.0,101.0,8.0,165.0
304,24249,49.0,2.0,19.0,3.0,54425.0
304,24250,165.0,3.0,78.0,8.0,137.0
304,24251,23.0,2.0,17.0,8.0,1299.0
304,24252,158.0,7.0,57.0,8.0,18733.0
304,24253,23.0,2.0,17.0,8.0,793.0
304,24254,165.0,3.0,78.0,8.0,158.0
304,24255,158.0,7.0,92.0,8.0,48993.0
304,24256,81.0,0.0,0.0,8.0,18.0
305,24247,165.0,3.0,78.0,8.0,45.0
305,24248,118.0,3.0,101.0,8.0,165.0
305,24249,49.0,2.0,19.0,3.0,54425.0
305,24250,165.0,3.0,78.0,8.0,133.0
305,24251,23.0,2.0,17.0,8.0,1299.0
305,24252,158.0,7.0,57.0,8.0,18730.0
305,24253,23.0,2.0,17.0,8.0,798.0
305,24254,165.0,3.0,78.0,8.0,158.0
305,24255,158.0,7.0,92.0,8.0,48993.0
305,24256,81.0,0.0,0.0,8.0,798.0
306,24247,165.0,3.0,78.0,8.0,15.0
306,24248,118.0,3.0,101.0,8.0,165.0
306,24249,49.0,2.0,19.0,2.0,54425.0
306,24250,165.0,3.0,78.0,8.0,133.0
306,24251,23.0,2.0,17.0,8.0,1299.0
306,24252,158.0,7.0,57.0,8.0,18730.0
306,24253,23.0,2.0,17.0,8.0,793.0
306,24254,165.0,3.0,78.0,8.0,158.0
306,24255,158.0,7.0,92.0,8.0,48993.0
306,24256,81.0,0.0,0.0,8.0,169.0
307,24263,60.0,7.0,28.0,6.0,40.0
307,24264,158.0,7.0,57.0,6.0,1054.0
307,24265,127.0,0.0,0.0,6.0,145.0
307,24266,56.0,7.0,26.0,6.0,637.0
307,24267,23.0,2.0,17.0,6.0,655.0
307,24268,103.0,7.0,1.0,6.0,5.0
307,24269,118.0,3.0,101.0,6.0,971.0
307,24270,158.0,7.0,57.0,6.0,998.0
307,24271,96.0,2.0,52.0,6.0,657.0
307,24272,118.0,3.0,101.0,6.0,13.0
308,24263,95.0,2.0,51.0,2.0,0.0
308,24264,158.0,7.0,57.0,6.0,2923.0
308,24265,23.0,2.0,17.0,6.0,631.0
308,24266,165.0,3.0,78.0,6.0,55.0
308,24267,23.0,2.0,17.0,6.0,689.0
308,24268,158.0,7.0,57.0,6.0,65.0
308,24269,23.0,2.0,17.0,6.0,791.0
308,24270,158.0,7.0,57.0,6.0,365.0
308,24271,118.0,3.0,101.0,6.0,757.0
308,24272,154.0,2.0,99.0,6.0,1218.0
309,20227,154.0,2.0,99.0,2.0,138995.0
309,20228,81.0,7.0,99.0,8.0,12117.0
309,20229,81.0,7.0,99.0,8.0,1172.0
309,20230,118.0,3.0,101.0,8.0,1645.0
309,20231,154.0,2.0,99.0,8.0,19155.0
309,20232,118.0,3.0,101.0,8.0,61.0
309,20233,154.0,2.0,99.0,8.0,1361.0
309,20234,81.0,7.0,99.0,8.0,1642.0
309,20235,154.0,2.0,99.0,8.0,9794.0
309,20236,154.0,2.0,99.0,8.0,1698.0
310,24263,95.0,2.0,51.0,2.0,0.0
310,24264,158.0,7.0,57.0,6.0,1013.0
310,24265,81.0,7.0,99.0,6.0,6868.0
310,24266,158.0,7.0,57.0,6.0,637.0
310,24267,23.0,2.0,17.0,6.0,655.0
310,24268,158.0,7.0,57.0,6.0,265.0
310,24269,81.0,7.0,99.0,6.0,791.0
310,24270,158.0,7.0,57.0,6.0,365.0
310,24271,154.0,2.0,99.0,6.0,8997.0
310,24272,118.0,3.0,101.0,6.0,698.0
311,24247,165.0,3.0,78.0,2.0,15.0
311,24248,118.0,3.0,101.0,8.0,165.0
311,24249,49.0,2.0,19.0,3.0,54425.0
311,24250,165.0,3.0,78.0,8.0,133.0
311,24251,23.0,2.0,17.0,8.0,1299.0
311,24252,158.0,7.0,57.0,8.0,18730.0
311,24253,23.0,2.0,17.0,8.0,798.0
311,24254,165.0,3.0,78.0,8.0,158.0
311,24255,158.0,7.0,92.0,8.0,8993.0
311,24256,81.0,7.0,99.0,8.0,798.0
312,24247,165.0,3.0,78.0,2.0,15.0
312,24248,118.0,3.0,101.0,8.0,165.0
312,24249,49.0,2.0,19.0,8.0,54425.0
312,24250,165.0,3.0,78.0,8.0,133.0
312,24251,23.0,2.0,17.0,8.0,1299.0
312,24252,158.0,7.0,57.0,8.0,18929.0
312,24253,23.0,2.0,17.0,8.0,793.0
312,24254,165.0,3.0,78.0,8.0,158.0
312,24255,158.0,7.0,92.0,8.0,48993.0
312,24256,81.0,0.0,0.0,8.0,798.0
313,24263,95.0,2.0,51.0,0.0,146.0
313,24264,158.0,7.0,57.0,0.0,1324.0
313,24265,81.0,7.0,99.0,2.0,6555.0
313,24266,158.0,7.0,57.0,6.0,637.0
313,24267,23.0,2.0,17.0,2.0,484.0
313,24268,81.0,7.0,99.0,2.0,1035.0
313,24269,118.0,3.0,101.0,2.0,871.0
313,24270,153.0,2.0,99.0,2.0,798.0
313,24271,154.0,2.0,99.0,2.0,8997.0
313,24272,154.0,2.0,99.0,2.0,1694.0
314,24263,95.0,2.0,51.0,2.0,0.0
314,24264,158.0,7.0,57.0,6.0,1345.0
314,24265,23.0,2.0,17.0,6.0,635.0
314,24266,165.0,3.0,78.0,6.0,95.0
314,24267,23.0,2.0,17.0,6.0,689.0
314,24268,158.0,7.0,57.0,6.0,965.0
314,24269,23.0,2.0,17.0,6.0,867.0
314,24270,158.0,7.0,57.0,6.0,998.0
314,24271,158.0,7.0,57.0,6.0,8997.0
314,24272,81.0,7.0,99.0,6.0,1024.0
315,24247,49.0,2.0,19.0,6.0,238699.0
315,24248,158.0,7.0,57.0,6.0,13925.0
315,24249,81.0,7.0,99.0,6.0,178.0
315,24250,118.0,3.0,101.0,6.0,655.0
315,24251,118.0,3.0,101.0,6.0,825.0
315,24252,154.0,2.0,99.0,6.0,3025.0
315,24253,23.0,2.0,17.0,6.0,142.0
315,24254,158.0,7.0,57.0,6.0,13698.0
315,24255,81.0,7.0,99.0,6.0,8993.0
315,24256,81.0,7.0,99.0,6.0,1168.0
316,24247,165.0,3.0,78.0,6.0,45.0
316,24248,118.0,3.0,101.0,6.0,165.0
316,24249,49.0,2.0,19.0,6.0,58145.0
316,24250,165.0,3.0,78.0,6.0,133.0
316,24251,23.0,2.0,17.0,6.0,1299.0
316,24252,158.0,7.0,57.0,6.0,18730.0
316,24253,23.0,2.0,17.0,6.0,473.0
316,24254,165.0,3.0,78.0,6.0,158.0
316,24255,158.0,7.0,57.0,6.0,48993.0
316,24256,81.0,7.0,99.0,6.0,1398.0
317,24297,118.0,3.0,101.0,8.0,86.0
317,24298,118.0,3.0,101.0,8.0,1085.0
317,24299,154.0,2.0,99.0,8.0,3877.0
317,24200,165.0,3.0,78.0,8.0,137.0
317,24201,23.0,2.0,17.0,8.0,889.0
317,24202,158.0,7.0,57.0,8.0,268.0
317,24203,23.0,2.0,17.0,8.0,142.0
317,24204,158.0,7.0,57.0,8.0,365.0
317,24205,118.0,3.0,101.0,8.0,993.0
317,24206,23.0,2.0,17.0,8.0,1013.0
318,24263,60.0,7.0,28.0,6.0,41.0
318,24264,158.0,7.0,57.0,6.0,1054.0
318,24265,127.0,0.0,0.0,6.0,145.0
318,24266,56.0,7.0,26.0,6.0,637.0
318,24267,23.0,2.0,17.0,6.0,495.0
318,24268,103.0,6.0,53.0,6.0,65.0
318,24269,118.0,3.0,101.0,6.0,967.0
318,24270,158.0,7.0,57.0,6.0,365.0
318,24271,154.0,2.0,99.0,6.0,8104.0
318,24272,154.0,2.0,99.0,6.0,1214.0
319,24263,60.0,7.0,28.0,6.0,41.0
319,24264,158.0,7.0,57.0,6.0,1054.0
319,24265,127.0,0.0,0.0,6.0,145.0
319,24266,81.0,7.0,99.0,6.0,1055.0
319,24267,23.0,2.0,17.0,6.0,495.0
319,24268,158.0,7.0,57.0,6.0,65.0
319,24269,116.0,1.0,62.0,6.0,24.0
319,24270,158.0,7.0,92.0,6.0,58.0
319,24271,118.0,3.0,101.0,6.0,757.0
319,24272,154.0,2.0,99.0,6.0,1214.0
320,24247,165.0,3.0,78.0,2.0,15.0
320,24248,118.0,3.0,101.0,8.0,165.0
320,24249,49.0,2.0,19.0,3.0,54145.0
320,24250,165.0,3.0,78.0,8.0,133.0
320,24251,23.0,2.0,17.0,8.0,1299.0
320,24252,158.0,7.0,57.0,8.0,18733.0
320,24253,23.0,2.0,17.0,8.0,473.0
320,24254,165.0,3.0,78.0,8.0,150.0
320,24255,158.0,7.0,92.0,8.0,8993.0
320,24256,81.0,0.0,0.0,8.0,98.0
321,24263,95.0,2.0,51.0,2.0,0.0
321,24264,158.0,7.0,57.0,6.0,2913.0
321,24265,23.0,2.0,17.0,6.0,631.0
321,24266,158.0,7.0,57.0,6.0,655.0
321,24267,23.0,2.0,17.0,6.0,484.0
321,24268,165.0,3.0,78.0,6.0,39.0
321,24269,81.0,7.0,99.0,6.0,165.0
321,24270,158.0,7.0,57.0,2.0,318.0
321,24271,154.0,2.0,99.0,6.0,8997.0
321,24272,154.0,2.0,99.0,6.0,1213.0
322,24247,165.0,3.0,78.0,8.0,15.0
322,24248,118.0,3.0,101.0,8.0,165.0
322,24249,49.0,2.0,19.0,3.0,54425.0
322,24250,165.0,3.0,78.0,8.0,137.0
322,24251,23.0,2.0,17.0,8.0,1299.0
322,24252,158.0,7.0,57.0,8.0,18130.0
322,24253,23.0,2.0,17.0,8.0,798.0
322,24254,165.0,3.0,78.0,8.0,157.0
322,24255,158.0,7.0,92.0,8.0,8993.0
322,24256,81.0,7.0,99.0,8.0,798.0
323,24247,165.0,3.0,78.0,8.0,15.0
323,24248,118.0,3.0,101.0,8.0,165.0
323,24249,49.0,2.0,19.0,3.0,54425.0
323,24250,165.0,3.0,78.0,8.0,133.0
323,24251,23.0,2.0,17.0,8.0,1293.0
323,24252,158.0,7.0,57.0,8.0,18830.0
323,24253,23.0,2.0,17.0,8.0,798.0
323,24254,165.0,3.0,78.0,8.0,157.0
323,24255,158.0,7.0,92.0,8.0,48993.0
323,24256,81.0,0.0,0.0,8.0,798.0
324,24297,118.0,3.0,101.0,8.0,86.0
324,24298,118.0,3.0,101.0,8.0,135.0
324,24299,49.0,2.0,19.0,8.0,52865.0
324,24200,165.0,3.0,78.0,8.0,25.0
324,24201,23.0,2.0,17.0,8.0,499.0
324,24202,158.0,7.0,57.0,8.0,230.0
324,24203,23.0,2.0,17.0,8.0,797.0
324,24204,158.0,7.0,57.0,8.0,998.0
324,24205,118.0,3.0,101.0,8.0,793.0
324,24206,23.0,2.0,17.0,8.0,1013.0
325,24221,118.0,3.0,101.0,8.0,82.0
325,24222,158.0,7.0,57.0,8.0,45.0
325,24223,118.0,3.0,101.0,8.0,1377.0
325,24224,165.0,3.0,78.0,8.0,137.0
325,24225,154.0,2.0,99.0,8.0,6599.0
325,24226,154.0,2.0,99.0,8.0,1065.0
325,24227,81.0,7.0,99.0,8.0,10798.0
325,24228,154.0,2.0,99.0,8.0,6993.0
325,24229,158.0,7.0,57.0,8.0,8195.0
325,24230,154.0,2.0,99.0,8.0,1684.0
326,24297,118.0,3.0,101.0,8.0,86.0
326,24298,118.0,3.0,101.0,8.0,1085.0
326,24299,154.0,2.0,99.0,5.0,3877.0
326,24200,165.0,3.0,78.0,8.0,77.0
326,24201,23.0,2.0,17.0,8.0,889.0
326,24202,158.0,7.0,57.0,8.0,268.0
326,24203,23.0,2.0,17.0,8.0,797.0
326,24204,158.0,7.0,57.0,8.0,365.0
326,24205,118.0,3.0,101.0,8.0,793.0
326,24206,23.0,2.0,17.0,8.0,1024.0
327,20586,154.0,2.0,99.0,7.0,35.0
327,20587,158.0,7.0,57.0,5.0,8323.0
327,20588,165.0,3.0,78.0,5.0,198.0
327,20589,9.0,2.0,14.0,5.0,77.0
327,20590,56.0,7.0,26.0,2.0,589.0
327,20591,56.0,7.0,26.0,5.0,107.0
327,20592,158.0,7.0,57.0,5.0,776.0
327,20593,118.0,3.0,101.0,5.0,53.0
327,20594,118.0,3.0,101.0,5.0,706.0
327,20595,154.0,2.0,99.0,5.0,1036.0
328,24263,60.0,7.0,28.0,6.0,141.0
328,24264,158.0,7.0,57.0,6.0,1054.0
328,24265,127.0,0.0,0.0,6.0,145.0
328,24266,81.0,7.0,99.0,6.0,1637.0
328,24267,23.0,2.0,17.0,6.0,495.0
328,24268,158.0,7.0,57.0,6.0,265.0
328,24269,118.0,3.0,101.0,6.0,967.0
328,24270,154.0,2.0,99.0,6.0,998.0
328,24271,154.0,2.0,99.0,6.0,8104.0
328,24272,81.0,7.0,99.0,6.0,1213.0
329,24247,165.0,3.0,78.0,6.0,39.0
329,24248,118.0,3.0,101.0,6.0,165.0
329,24249,49.0,2.0,19.0,6.0,52245.0
329,24250,165.0,3.0,78.0,6.0,133.0
329,24251,23.0,2.0,17.0,6.0,1299.0
329,24252,158.0,7.0,57.0,6.0,18730.0
329,24253,23.0,2.0,17.0,6.0,798.0
329,24254,165.0,3.0,78.0,6.0,158.0
329,24255,158.0,7.0,57.0,6.0,8993.0
329,24256,81.0,7.0,99.0,6.0,1398.0
330,24263,60.0,7.0,28.0,6.0,41.0
330,24264,158.0,7.0,57.0,6.0,1054.0
330,24265,127.0,0.0,0.0,6.0,145.0
330,24266,96.0,2.0,52.0,6.0,1053.0
330,24267,23.0,2.0,17.0,6.0,499.0
330,24268,81.0,7.0,99.0,6.0,1004.0
330,24269,154.0,2.0,99.0,6.0,862.0
330,24270,158.0,7.0,57.0,6.0,318.0
330,24271,154.0,2.0,99.0,6.0,8994.0
330,24272,81.0,7.0,99.0,6.0,1324.0
331,24297,118.0,3.0,101.0,8.0,86.0
331,24298,118.0,3.0,101.0,8.0,137.0
331,24299,154.0,2.0,99.0,8.0,3865.0
331,24200,165.0,3.0,78.0,8.0,137.0
331,24201,23.0,2.0,17.0,8.0,599.0
331,24202,158.0,7.0,57.0,8.0,268.0
331,24203,23.0,2.0,17.0,8.0,277.0
331,24204,158.0,7.0,57.0,8.0,365.0
331,24205,118.0,3.0,101.0,8.0,993.0
331,24206,23.0,2.0,17.0,8.0,1024.0
332,24247,165.0,3.0,78.0,8.0,15.0
332,24248,118.0,3.0,101.0,8.0,165.0
332,24249,49.0,2.0,19.0,2.0,54425.0
332,24250,165.0,3.0,78.0,8.0,133.0
332,24251,23.0,2.0,17.0,8.0,1299.0
332,24252,158.0,7.0,57.0,8.0,11265.0
332,24253,23.0,2.0,17.0,8.0,798.0
332,24254,165.0,3.0,78.0,8.0,158.0
332,24255,158.0,7.0,92.0,8.0,48993.0
332,24256,81.0,7.0,99.0,8.0,798.0
333,24247,49.0,2.0,19.0,2.0,230149.0
333,24248,156.0,6.0,23.0,2.0,25.0
333,24249,147.0,7.0,60.0,2.0,665.0
333,24250,147.0,7.0,60.0,2.0,601.0
333,24251,166.0,3.0,95.0,2.0,0.0
333,24252,183.0,6.0,85.0,2.0,7000.0
333,24253,49.0,2.0,19.0,2.0,873.0
333,24254,147.0,7.0,60.0,2.0,645.0
333,24255,118.0,3.0,101.0,2.0,993.0
333,24256,81.0,0.0,0.0,2.0,998.0
334,24263,60.0,7.0,28.0,6.0,0.0
334,24264,158.0,7.0,57.0,6.0,1053.0
334,24265,127.0,0.0,0.0,6.0,145.0
334,24266,96.0,2.0,52.0,6.0,1053.0
334,24267,23.0,2.0,17.0,6.0,487.0
334,24268,81.0,7.0,99.0,6.0,1005.0
334,24269,154.0,2.0,99.0,6.0,371.0
334,24270,158.0,7.0,57.0,6.0,318.0
334,24271,154.0,2.0,99.0,6.0,8104.0
334,24272,154.0,2.0,99.0,6.0,1294.0
335,24263,95.0,2.0,51.0,2.0,0.0
335,24264,158.0,7.0,57.0,6.0,1013.0
335,24265,23.0,2.0,17.0,6.0,631.0
335,24266,158.0,7.0,57.0,6.0,632.0
335,24267,23.0,2.0,17.0,6.0,684.0
335,24268,107.0,0.0,0.0,6.0,65.0
335,24269,147.0,7.0,60.0,6.0,967.0
335,24270,158.0,7.0,57.0,2.0,998.0
335,24271,118.0,3.0,101.0,6.0,757.0
335,24272,154.0,2.0,99.0,6.0,1036.0
336,24247,165.0,3.0,78.0,8.0,15.0
336,24248,118.0,3.0,101.0,8.0,165.0
336,24249,49.0,2.0,19.0,3.0,54425.0
336,24250,165.0,3.0,78.0,8.0,133.0
336,24251,23.0,2.0,17.0,8.0,1299.0
336,24252,158.0,7.0,57.0,8.0,18830.0
336,24253,23.0,2.0,17.0,8.0,173.0
336,24254,165.0,3.0,78.0,8.0,158.0
336,24255,158.0,7.0,92.0,8.0,48993.0
336,24256,81.0,0.0,0.0,8.0,798.0
337,24247,165.0,3.0,78.0,8.0,15.0
337,24248,118.0,3.0,101.0,8.0,165.0
337,24249,49.0,2.0,19.0,3.0,54425.0
337,24250,165.0,3.0,78.0,8.0,133.0
337,24251,23.0,2.0,17.0,8.0,1299.0
337,24252,158.0,7.0,57.0,8.0,18833.0
337,24253,23.0,2.0,17.0,8.0,798.0
337,24254,165.0,3.0,78.0,8.0,157.0
337,24255,158.0,7.0,57.0,8.0,8993.0
337,24256,81.0,7.0,99.0,8.0,1398.0
338,24247,165.0,3.0,78.0,8.0,45.0
338,24248,118.0,3.0,101.0,8.0,165.0
338,24249,49.0,2.0,19.0,3.0,54425.0
338,24250,165.0,3.0,78.0,8.0,133.0
338,24251,23.0,2.0,17.0,8.0,1299.0
338,24252,158.0,7.0,57.0,8.0,18830.0
338,24253,23.0,2.0,17.0,8.0,791.0
338,24254,165.0,3.0,78.0,8.0,158.0
338,24255,158.0,7.0,57.0,8.0,48993.0
338,24256,81.0,7.0,99.0,8.0,798.0
339,24247,165.0,3.0,78.0,6.0,15.0
339,24248,118.0,3.0,101.0,6.0,165.0
339,24249,49.0,2.0,19.0,6.0,58825.0
339,24250,165.0,3.0,78.0,6.0,133.0
339,24251,23.0,2.0,17.0,6.0,1299.0
339,24252,158.0,7.0,57.0,6.0,18730.0
339,24253,23.0,2.0,17.0,6.0,106.0
339,24254,165.0,3.0,78.0,6.0,158.0
339,24255,158.0,7.0,57.0,6.0,48993.0
339,24256,81.0,7.0,99.0,6.0,1398.0
340,24291,118.0,3.0,101.0,5.0,1086.0
340,24292,118.0,3.0,101.0,5.0,1085.0
340,24293,154.0,2.0,99.0,5.0,6873.0
340,24294,165.0,3.0,78.0,5.0,137.0
340,24295,118.0,3.0,101.0,5.0,1268.0
340,24296,158.0,7.0,57.0,5.0,10268.0
340,24297,23.0,2.0,17.0,5.0,797.0
340,24298,158.0,7.0,57.0,5.0,3693.0
340,24299,154.0,2.0,99.0,5.0,8997.0
340,24300,154.0,2.0,99.0,5.0,3737.0
341,24263,10.0,0.0,0.0,2.0,3.0
341,24264,158.0,7.0,92.0,6.0,5013.0
341,24265,49.0,2.0,19.0,5.0,54245.0
341,24266,50.0,6.0,54.0,6.0,4102.0
341,24267,23.0,2.0,17.0,6.0,655.0
341,24268,158.0,7.0,57.0,6.0,16732.0
341,24269,118.0,3.0,101.0,6.0,967.0
341,24270,158.0,7.0,57.0,2.0,317.0
341,24271,154.0,2.0,99.0,6.0,8984.0
341,24272,154.0,2.0,99.0,2.0,1213.0
342,26211,165.0,3.0,78.0,8.0,38.0
342,26212,158.0,7.0,57.0,8.0,8663.0
342,26213,118.0,3.0,101.0,8.0,1365.0
342,26214,165.0,3.0,78.0,8.0,211.0
342,26215,23.0,2.0,17.0,8.0,23.0
342,26216,158.0,7.0,57.0,8.0,5.0
342,26217,23.0,2.0,17.0,8.0,167.0
342,26218,158.0,7.0,57.0,8.0,193.0
342,26219,81.0,7.0,99.0,8.0,8173.0
342,26220,158.0,7.0,57.0,8.0,737.0
343,24247,165.0,3.0,78.0,8.0,15.0
343,24248,118.0,3.0,101.0,8.0,165.0
343,24249,49.0,2.0,19.0,3.0,54425.0
343,24250,165.0,3.0,78.0,8.0,133.0
343,24251,23.0,2.0,17.0,8.0,1299.0
343,24252,158.0,7.0,57.0,8.0,18833.0
343,24253,23.0,2.0,17.0,8.0,798.0
343,24254,165.0,3.0,78.0,8.0,158.0
343,24255,158.0,7.0,92.0,8.0,8993.0
343,24256,81.0,0.0,0.0,8.0,18.0
344,24263,60.0,7.0,28.0,6.0,100.0
344,24264,158.0,7.0,57.0,6.0,7053.0
344,24265,127.0,0.0,0.0,6.0,145.0
344,24266,81.0,7.0,99.0,6.0,4133.0
344,24267,23.0,2.0,17.0,6.0,487.0
344,24268,158.0,7.0,57.0,6.0,65.0
344,24269,118.0,3.0,101.0,6.0,967.0
344,24270,158.0,7.0,57.0,6.0,358.0
344,24271,96.0,2.0,52.0,6.0,100953.0
344,24272,81.0,0.0,0.0,6.0,1013.0
345,24263,60.0,7.0,28.0,6.0,0.0
345,24264,158.0,7.0,57.0,6.0,1054.0
345,24265,127.0,0.0,0.0,6.0,145.0
345,24266,10.0,0.0,0.0,6.0,4132.0
345,24267,23.0,2.0,17.0,6.0,487.0
345,24268,158.0,7.0,57.0,6.0,265.0
345,24269,118.0,3.0,101.0,6.0,967.0
345,24270,158.0,7.0,57.0,6.0,355.0
345,24271,96.0,2.0,52.0,6.0,653.0
345,24272,81.0,0.0,0.0,6.0,1013.0
346,24211,154.0,2.0,99.0,2.0,7180.0
346,24212,165.0,3.0,78.0,8.0,195.0
346,24213,118.0,3.0,101.0,8.0,1375.0
346,24214,154.0,2.0,99.0,8.0,38137.0
346,24215,165.0,3.0,78.0,8.0,593.0
346,24216,81.0,7.0,99.0,8.0,1033.0
346,24217,81.0,7.0,99.0,8.0,865.0
346,24218,153.0,2.0,99.0,8.0,6193.0
346,24219,154.0,2.0,99.0,8.0,8993.0
346,24220,154.0,2.0,99.0,8.0,1684.0
347,24263,23.0,2.0,17.0,8.0,40.0
347,24264,158.0,7.0,57.0,8.0,315.0
347,24265,23.0,2.0,17.0,8.0,145.0
347,24266,165.0,3.0,78.0,8.0,681.0
347,24267,23.0,2.0,17.0,8.0,518.0
347,24268,158.0,7.0,57.0,8.0,265.0
347,24269,23.0,2.0,17.0,8.0,471.0
347,24270,158.0,7.0,57.0,8.0,998.0
347,24271,165.0,3.0,78.0,8.0,19.0
347,24272,158.0,7.0,57.0,8.0,736.0
348,24211,154.0,2.0,99.0,2.0,7180.0
348,24212,165.0,3.0,78.0,8.0,125.0
348,24213,118.0,3.0,101.0,8.0,1375.0
348,24214,154.0,2.0,99.0,8.0,38137.0
348,24215,165.0,3.0,78.0,8.0,593.0
348,24216,81.0,7.0,99.0,8.0,1037.0
348,24217,81.0,7.0,99.0,8.0,865.0
348,24218,153.0,2.0,99.0,8.0,6193.0
348,24219,154.0,2.0,99.0,8.0,8993.0
348,24220,154.0,2.0,99.0,8.0,1684.0
349,24263,60.0,7.0,28.0,6.0,41.0
349,24264,158.0,7.0,57.0,6.0,1054.0
349,24265,127.0,0.0,0.0,6.0,145.0
349,24266,118.0,3.0,101.0,6.0,1037.0
349,24267,23.0,2.0,17.0,6.0,499.0
349,24268,158.0,7.0,57.0,6.0,265.0
349,24269,118.0,3.0,101.0,6.0,967.0
349,24270,158.0,7.0,57.0,6.0,358.0
349,24271,118.0,3.0,101.0,6.0,756.0
349,24272,154.0,2.0,99.0,6.0,1294.0
350,24263,95.0,2.0,51.0,2.0,0.0
350,24264,158.0,7.0,57.0,6.0,1015.0
350,24265,23.0,2.0,17.0,6.0,631.0
350,24266,165.0,3.0,78.0,6.0,55.0
350,24267,23.0,2.0,17.0,6.0,689.0
350,24268,158.0,7.0,57.0,6.0,65.0
350,24269,23.0,2.0,17.0,6.0,871.0
350,24270,158.0,7.0,57.0,6.0,365.0
350,24271,158.0,7.0,57.0,6.0,8997.0
350,24272,154.0,2.0,99.0,6.0,5736.0
351,24263,60.0,7.0,28.0,2.0,0.0
351,24264,158.0,7.0,57.0,6.0,1053.0
351,24265,127.0,0.0,0.0,8.0,145.0
351,24266,56.0,7.0,26.0,6.0,632.0
351,24267,23.0,2.0,17.0,6.0,655.0
351,24268,9.0,2.0,14.0,2.0,5.0
351,24269,118.0,3.0,101.0,8.0,967.0
351,24270,158.0,7.0,57.0,2.0,365.0
351,24271,154.0,2.0,99.0,6.0,8994.0
351,24272,154.0,2.0,99.0,8.0,5694.0
352,24263,60.0,7.0,28.0,6.0,0.0
352,24264,158.0,7.0,57.0,6.0,1053.0
352,24265,154.0,2.0,99.0,6.0,1379.0
352,24266,154.0,2.0,99.0,6.0,8137.0
352,24267,23.0,2.0,17.0,6.0,695.0
352,24268,81.0,7.0,99.0,6.0,1032.0
352,24269,118.0,3.0,101.0,6.0,971.0
352,24270,154.0,2.0,99.0,6.0,1998.0
352,24271,154.0,2.0,99.0,6.0,8113.0
352,24272,154.0,2.0,99.0,6.0,1294.0
353,24291,118.0,3.0,101.0,7.0,1086.0
353,24292,118.0,3.0,101.0,4.0,137.0
353,24293,154.0,2.0,99.0,7.0,3477.0
353,24294,165.0,3.0,78.0,7.0,137.0
353,24295,118.0,3.0,101.0,5.0,1269.0
353,24296,158.0,7.0,57.0,5.0,11031.0
353,24297,23.0,2.0,17.0,5.0,797.0
353,24298,158.0,7.0,57.0,7.0,3695.0
353,24299,118.0,3.0,101.0,5.0,994.0
353,24300,154.0,2.0,99.0,5.0,3637.0
354,24247,165.0,3.0,78.0,6.0,45.0
354,24248,118.0,3.0,101.0,6.0,165.0
354,24249,49.0,2.0,19.0,6.0,58825.0
354,24250,165.0,3.0,78.0,6.0,133.0
354,24251,23.0,2.0,17.0,6.0,1299.0
354,24252,158.0,7.0,57.0,6.0,18730.0
354,24253,23.0,2.0,17.0,6.0,793.0
354,24254,158.0,7.0,57.0,6.0,48998.0
354,24255,118.0,3.0,101.0,6.0,993.0
354,24256,81.0,7.0,99.0,6.0,1394.0
355,24247,165.0,3.0,78.0,8.0,15.0
355,24248,118.0,3.0,101.0,8.0,165.0
355,24249,49.0,2.0,19.0,3.0,58865.0
355,24250,165.0,3.0,78.0,8.0,133.0
355,24251,23.0,2.0,17.0,8.0,1299.0
355,24252,158.0,7.0,57.0,8.0,18730.0
355,24253,23.0,2.0,17.0,8.0,798.0
355,24254,165.0,3.0,78.0,8.0,158.0
355,24255,158.0,7.0,92.0,8.0,8993.0
355,24256,81.0,0.0,0.0,8.0,188.0
356,24247,165.0,3.0,78.0,8.0,15.0
356,24248,118.0,3.0,101.0,8.0,165.0
356,24249,49.0,2.0,19.0,3.0,58865.0
356,24250,165.0,3.0,78.0,8.0,133.0
356,24251,23.0,2.0,17.0,8.0,1299.0
356,24252,158.0,7.0,57.0,8.0,18833.0
356,24253,23.0,2.0,17.0,8.0,798.0
356,24254,165.0,3.0,78.0,8.0,158.0
356,24255,158.0,7.0,92.0,8.0,48993.0
356,24256,81.0,0.0,0.0,8.0,18.0
357,24263,60.0,7.0,28.0,6.0,131.0
357,24264,158.0,7.0,57.0,6.0,5853.0
357,24265,127.0,0.0,0.0,6.0,145.0
357,24266,118.0,3.0,101.0,6.0,1055.0
357,24267,23.0,2.0,17.0,6.0,485.0
357,24268,103.0,6.0,53.0,6.0,65.0
357,24269,23.0,2.0,17.0,6.0,477.0
357,24270,158.0,7.0,57.0,6.0,998.0
357,24271,165.0,3.0,78.0,6.0,107.0
357,24272,158.0,7.0,57.0,6.0,736.0
358,24247,165.0,3.0,78.0,8.0,15.0
358,24248,118.0,3.0,101.0,8.0,165.0
358,24249,49.0,2.0,19.0,2.0,58865.0
358,24250,165.0,3.0,78.0,8.0,133.0
358,24251,23.0,2.0,17.0,8.0,1299.0
358,24252,158.0,7.0,57.0,8.0,18130.0
358,24253,23.0,2.0,17.0,8.0,798.0
358,24254,165.0,3.0,78.0,8.0,150.0
358,24255,158.0,7.0,92.0,8.0,48993.0
358,24256,81.0,7.0,99.0,8.0,798.0
359,29273,118.0,3.0,101.0,8.0,37.0
359,29274,158.0,7.0,57.0,8.0,6533.0
359,29275,81.0,7.0,99.0,8.0,277.0
359,29276,154.0,2.0,99.0,8.0,8681.0
359,29277,23.0,2.0,17.0,8.0,343.0
359,29278,158.0,7.0,57.0,8.0,15023.0
359,29279,23.0,2.0,17.0,8.0,402.0
359,29280,158.0,7.0,57.0,8.0,795.0
359,29281,118.0,3.0,101.0,8.0,753.0
359,29282,154.0,2.0,99.0,8.0,1316.0
360,24263,95.0,2.0,51.0,2.0,0.0
360,24264,158.0,7.0,57.0,6.0,1015.0
360,24265,23.0,2.0,17.0,6.0,631.0
360,24266,165.0,3.0,78.0,6.0,22.0
360,24267,23.0,2.0,17.0,6.0,599.0
360,24268,158.0,7.0,57.0,6.0,65.0
360,24269,23.0,2.0,17.0,6.0,867.0
360,24270,158.0,7.0,57.0,6.0,358.0
360,24271,118.0,3.0,101.0,6.0,757.0
360,24272,154.0,2.0,99.0,6.0,1213.0
361,24247,165.0,3.0,78.0,8.0,15.0
361,24248,118.0,3.0,101.0,8.0,165.0
361,24249,49.0,2.0,19.0,3.0,58865.0
361,24250,165.0,3.0,78.0,8.0,133.0
361,24251,23.0,2.0,17.0,8.0,1299.0
361,24252,158.0,7.0,57.0,8.0,18929.0
361,24253,23.0,2.0,17.0,8.0,793.0
361,24254,158.0,7.0,57.0,8.0,48998.0
361,24255,158.0,7.0,92.0,8.0,8993.0
361,24256,81.0,0.0,0.0,8.0,798.0
362,24247,165.0,3.0,78.0,8.0,15.0
362,24248,118.0,3.0,101.0,8.0,165.0
362,24249,49.0,2.0,19.0,3.0,54425.0
362,24250,165.0,3.0,78.0,8.0,133.0
362,24251,23.0,2.0,17.0,8.0,1299.0
362,24252,158.0,7.0,57.0,8.0,18133.0
362,24253,23.0,2.0,17.0,8.0,798.0
362,24254,165.0,3.0,78.0,8.0,157.0
362,24255,158.0,7.0,92.0,8.0,48993.0
362,24256,81.0,0.0,0.0,8.0,184.0
363,24247,165.0,3.0,78.0,8.0,15.0
363,24248,118.0,3.0,101.0,8.0,165.0
363,24249,49.0,2.0,19.0,3.0,54425.0
363,24250,165.0,3.0,78.0,8.0,133.0
363,24251,23.0,2.0,17.0,8.0,1299.0
363,24252,158.0,7.0,57.0,8.0,18833.0
363,24253,23.0,2.0,17.0,8.0,798.0
363,24254,165.0,3.0,78.0,8.0,158.0
363,24255,158.0,7.0,92.0,8.0,48993.0
363,24256,81.0,0.0,0.0,8.0,169.0
364,24263,95.0,2.0,51.0,2.0,0.0
364,24264,158.0,7.0,57.0,6.0,1012.0
364,24265,23.0,2.0,17.0,6.0,631.0
364,24266,165.0,3.0,78.0,6.0,22.0
364,24267,23.0,2.0,17.0,6.0,689.0
364,24268,158.0,7.0,57.0,6.0,65.0
364,24269,23.0,2.0,17.0,6.0,471.0
364,24270,158.0,7.0,57.0,2.0,758.0
364,24271,158.0,7.0,57.0,6.0,8993.0
364,24272,158.0,7.0,57.0,6.0,736.0
365,24263,60.0,7.0,28.0,6.0,100.0
365,24264,158.0,7.0,57.0,6.0,1053.0
365,24265,127.0,0.0,0.0,6.0,145.0
365,24266,81.0,7.0,99.0,6.0,1637.0
365,24267,23.0,2.0,17.0,6.0,495.0
365,24268,158.0,7.0,57.0,6.0,65.0
365,24269,118.0,3.0,101.0,6.0,967.0
365,24270,158.0,7.0,57.0,6.0,365.0
365,24271,118.0,3.0,101.0,6.0,757.0
365,24272,81.0,0.0,0.0,6.0,1036.0
366,24247,165.0,3.0,78.0,2.0,15.0
366,24248,118.0,3.0,101.0,8.0,165.0
366,24249,49.0,2.0,19.0,2.0,54425.0
366,24250,165.0,3.0,78.0,8.0,133.0
366,24251,23.0,2.0,17.0,8.0,1299.0
366,24252,158.0,7.0,57.0,8.0,11230.0
366,24253,23.0,2.0,17.0,8.0,798.0
366,24254,165.0,3.0,78.0,8.0,158.0
366,24255,158.0,7.0,92.0,8.0,48993.0
366,24256,81.0,0.0,0.0,8.0,2.0
367,24247,165.0,3.0,78.0,8.0,15.0
367,24248,118.0,3.0,101.0,8.0,165.0
367,24249,49.0,2.0,19.0,8.0,54425.0
367,24250,165.0,3.0,78.0,8.0,137.0
367,24251,23.0,2.0,17.0,8.0,1299.0
367,24252,158.0,7.0,57.0,8.0,18929.0
367,24253,23.0,2.0,17.0,8.0,798.0
367,24254,165.0,3.0,78.0,8.0,157.0
367,24255,158.0,7.0,92.0,8.0,48993.0
367,24256,81.0,0.0,0.0,8.0,798.0
368,3226,158.0,7.0,57.0,2.0,318.0
368,3227,118.0,3.0,101.0,8.0,68.0
368,3228,158.0,7.0,57.0,8.0,1368.0
368,3229,165.0,3.0,78.0,8.0,5.0
368,3230,158.0,7.0,92.0,2.0,1996.0
368,3231,158.0,7.0,57.0,8.0,61.0
368,3232,118.0,3.0,101.0,8.0,761.0
368,3233,165.0,3.0,78.0,8.0,57.0
368,3234,158.0,7.0,57.0,8.0,510.0
368,3235,158.0,7.0,57.0,8.0,365.0
369,24263,10.0,0.0,0.0,8.0,143.0
369,24264,158.0,7.0,57.0,8.0,5813.0
369,24265,23.0,2.0,17.0,8.0,645.0
369,24266,165.0,3.0,78.0,8.0,23.0
369,24267,23.0,2.0,17.0,8.0,499.0
369,24268,158.0,7.0,57.0,8.0,65.0
369,24269,23.0,2.0,17.0,8.0,798.0
369,24270,158.0,7.0,57.0,8.0,965.0
369,24271,118.0,3.0,101.0,8.0,707.0
369,24272,81.0,0.0,0.0,8.0,1218.0
370,24263,95.0,2.0,51.0,2.0,0.0
370,24264,158.0,7.0,57.0,2.0,2813.0
370,24265,23.0,2.0,17.0,2.0,645.0
370,24266,165.0,3.0,78.0,8.0,95.0
370,24267,23.0,2.0,17.0,2.0,889.0
370,24268,158.0,7.0,57.0,2.0,65.0
370,24269,23.0,2.0,17.0,8.0,471.0
370,24270,158.0,7.0,57.0,2.0,365.0
370,24271,107.0,0.0,0.0,2.0,57.0
370,24272,153.0,2.0,99.0,2.0,1213.0
371,24291,118.0,3.0,101.0,8.0,1086.0
371,24292,118.0,3.0,101.0,8.0,1085.0
371,24293,154.0,2.0,99.0,8.0,6877.0
371,24294,165.0,3.0,78.0,8.0,137.0
371,24295,23.0,2.0,17.0,8.0,899.0
371,24296,158.0,7.0,57.0,8.0,268.0
371,24297,23.0,2.0,17.0,8.0,797.0
371,24298,158.0,7.0,57.0,8.0,3695.0
371,24299,118.0,3.0,101.0,8.0,997.0
371,24300,118.0,3.0,101.0,8.0,3.0
372,24247,165.0,3.0,78.0,8.0,15.0
372,24248,118.0,3.0,101.0,8.0,165.0
372,24249,49.0,2.0,19.0,2.0,54425.0
372,24250,165.0,3.0,78.0,8.0,133.0
372,24251,23.0,2.0,17.0,8.0,1299.0
372,24252,158.0,7.0,57.0,8.0,18830.0
372,24253,23.0,2.0,17.0,8.0,798.0
372,24254,165.0,3.0,78.0,8.0,158.0
372,24255,158.0,7.0,92.0,8.0,48993.0
372,24256,81.0,0.0,0.0,8.0,169.0
373,24297,118.0,3.0,101.0,8.0,86.0
373,24298,118.0,3.0,101.0,8.0,136.0
373,24299,158.0,7.0,57.0,8.0,277.0
373,24200,165.0,3.0,78.0,8.0,53.0
373,24201,23.0,2.0,17.0,8.0,889.0
373,24302,158.0,7.0,57.0,8.0,14030.0
373,24303,23.0,2.0,17.0,8.0,797.0
373,24304,49.0,2.0,19.0,8.0,5998.0
373,24305,118.0,3.0,101.0,8.0,704.0
373,24306,23.0,2.0,17.0,8.0,1684.0
374,24263,95.0,2.0,51.0,2.0,0.0
374,24264,158.0,7.0,57.0,6.0,1015.0
374,24265,23.0,2.0,17.0,6.0,631.0
374,24266,158.0,7.0,57.0,6.0,637.0
374,24267,23.0,2.0,17.0,6.0,684.0
374,24268,107.0,0.0,0.0,0.0,1025.0
374,24269,23.0,2.0,17.0,6.0,967.0
374,24270,158.0,7.0,57.0,2.0,998.0
374,24271,118.0,3.0,101.0,6.0,757.0
374,24272,118.0,3.0,101.0,6.0,13.0
375,24263,95.0,2.0,51.0,2.0,0.0
375,24264,158.0,7.0,57.0,6.0,2913.0
375,24265,23.0,2.0,17.0,6.0,631.0
375,24266,165.0,3.0,78.0,6.0,55.0
375,24267,23.0,2.0,17.0,6.0,689.0
375,24268,158.0,7.0,57.0,6.0,265.0
375,24269,23.0,2.0,17.0,6.0,467.0
375,24270,158.0,7.0,57.0,2.0,365.0
375,24271,158.0,7.0,57.0,6.0,8994.0
375,24272,158.0,7.0,57.0,6.0,736.0
376,24247,165.0,3.0,78.0,2.0,15.0
376,24248,118.0,3.0,101.0,8.0,165.0
376,24249,49.0,2.0,19.0,3.0,58865.0
376,24250,165.0,3.0,78.0,8.0,133.0
376,24251,23.0,2.0,17.0,8.0,1299.0
376,24252,158.0,7.0,57.0,8.0,18830.0
376,24253,23.0,2.0,17.0,8.0,798.0
376,24254,165.0,3.0,78.0,8.0,157.0
376,24255,158.0,7.0,92.0,8.0,8993.0
376,24256,81.0,0.0,0.0,8.0,188.0
377,24263,10.0,0.0,0.0,8.0,13.0
377,24264,81.0,7.0,99.0,8.0,1013.0
377,24265,23.0,2.0,17.0,8.0,645.0
377,24266,158.0,7.0,57.0,8.0,632.0
377,24267,23.0,2.0,17.0,8.0,499.0
377,24268,118.0,3.0,101.0,8.0,65.0
377,24269,154.0,2.0,99.0,8.0,967.0
377,24270,158.0,7.0,57.0,8.0,365.0
377,24271,154.0,2.0,99.0,8.0,8165.0
377,24272,81.0,7.0,99.0,8.0,1213.0
378,24247,165.0,3.0,78.0,8.0,15.0
378,24248,118.0,3.0,101.0,8.0,165.0
378,24249,49.0,2.0,19.0,3.0,54425.0
378,24250,165.0,3.0,78.0,8.0,133.0
378,24251,23.0,2.0,17.0,8.0,1299.0
378,24252,158.0,7.0,57.0,8.0,18130.0
378,24253,23.0,2.0,17.0,8.0,798.0
378,24254,165.0,3.0,78.0,8.0,158.0
378,24255,158.0,7.0,92.0,8.0,48993.0
378,24256,81.0,0.0,0.0,8.0,798.0
379,24263,95.0,2.0,51.0,2.0,0.0
379,24264,158.0,7.0,57.0,6.0,9613.0
379,24265,23.0,2.0,17.0,6.0,631.0
379,24266,165.0,3.0,78.0,6.0,55.0
379,24267,23.0,2.0,17.0,6.0,699.0
379,24268,158.0,7.0,57.0,6.0,11065.0
379,24269,23.0,2.0,17.0,6.0,791.0
379,24270,158.0,7.0,57.0,2.0,758.0
379,24271,158.0,7.0,57.0,6.0,8994.0
379,24272,154.0,2.0,99.0,6.0,5736.0
380,24297,118.0,3.0,101.0,8.0,86.0
380,24298,118.0,3.0,101.0,8.0,135.0
380,24299,154.0,2.0,99.0,8.0,3877.0
380,24200,165.0,3.0,78.0,8.0,25.0
380,24201,23.0,2.0,17.0,8.0,499.0
380,24202,158.0,7.0,57.0,8.0,268.0
380,24203,23.0,2.0,17.0,8.0,797.0
380,24204,158.0,7.0,57.0,8.0,395.0
380,24205,118.0,3.0,101.0,8.0,753.0
380,24206,23.0,2.0,17.0,8.0,1013.0
381,24247,165.0,3.0,78.0,8.0,15.0
381,24248,118.0,3.0,101.0,8.0,165.0
381,24249,49.0,2.0,19.0,3.0,52425.0
381,24250,165.0,3.0,78.0,8.0,133.0
381,24251,23.0,2.0,17.0,8.0,1299.0
381,24252,158.0,7.0,57.0,8.0,18833.0
381,24253,23.0,2.0,17.0,8.0,798.0
381,24254,165.0,3.0,78.0,8.0,158.0
381,24255,158.0,7.0,92.0,8.0,8993.0
381,24256,81.0,0.0,0.0,8.0,187.0
382,24263,60.0,7.0,28.0,2.0,0.0
382,24264,158.0,7.0,57.0,6.0,1053.0
382,24265,127.0,0.0,0.0,6.0,145.0
382,24266,56.0,7.0,26.0,6.0,632.0
382,24267,23.0,2.0,17.0,6.0,655.0
382,24268,158.0,7.0,57.0,6.0,265.0
382,24269,118.0,3.0,101.0,6.0,967.0
382,24270,158.0,7.0,57.0,2.0,325.0
382,24271,96.0,2.0,52.0,6.0,757.0
382,24272,118.0,3.0,101.0,8.0,13.0
383,24237,154.0,2.0,99.0,2.0,8735.0
383,24238,154.0,2.0,99.0,2.0,37173.0
383,24239,154.0,2.0,99.0,5.0,1279.0
383,24240,154.0,2.0,99.0,5.0,3237.0
383,24241,118.0,3.0,101.0,5.0,899.0
383,24242,81.0,7.0,99.0,5.0,7037.0
383,24243,23.0,2.0,17.0,5.0,498.0
383,24244,81.0,7.0,99.0,5.0,557.0
383,24245,158.0,7.0,57.0,5.0,17793.0
383,24246,81.0,7.0,99.0,5.0,1684.0
384,4293,118.0,3.0,101.0,8.0,89.0
384,4294,118.0,3.0,101.0,8.0,1082.0
384,4295,154.0,2.0,99.0,8.0,6565.0
384,4296,165.0,3.0,78.0,8.0,77.0
384,4297,23.0,2.0,17.0,8.0,819.0
384,4298,158.0,7.0,57.0,8.0,14068.0
384,4299,81.0,7.0,99.0,8.0,797.0
384,4300,165.0,3.0,78.0,8.0,53.0
384,4301,154.0,2.0,99.0,8.0,704.0
384,4302,158.0,7.0,57.0,8.0,237.0
385,24247,165.0,3.0,78.0,2.0,15.0
385,24248,118.0,3.0,101.0,8.0,165.0
385,24249,49.0,2.0,19.0,3.0,54425.0
385,24250,165.0,3.0,78.0,8.0,133.0
385,24251,23.0,2.0,17.0,8.0,1299.0
385,24252,158.0,7.0,57.0,8.0,18730.0
385,24253,23.0,2.0,17.0,8.0,793.0
385,24254,165.0,3.0,78.0,8.0,157.0
385,24255,158.0,7.0,92.0,8.0,8993.0
385,24256,81.0,0.0,0.0,8.0,169.0
386,24263,15.0,0.0,0.0,8.0,100146.0
386,24264,158.0,7.0,57.0,8.0,7863.0
386,24265,23.0,2.0,17.0,8.0,632.0
386,24266,165.0,3.0,78.0,8.0,57.0
386,24267,23.0,2.0,17.0,8.0,518.0
386,24268,158.0,7.0,57.0,8.0,965.0
386,24269,23.0,2.0,17.0,8.0,791.0
386,24270,158.0,7.0,57.0,8.0,757.0
386,24271,118.0,3.0,101.0,8.0,707.0
386,24272,154.0,2.0,99.0,8.0,5736.0
387,24247,49.0,2.0,19.0,2.0,238745.0
387,24248,158.0,7.0,57.0,6.0,13925.0
387,24249,81.0,7.0,99.0,6.0,248.0
387,24250,118.0,3.0,101.0,6.0,637.0
387,24251,165.0,3.0,78.0,6.0,3.0
387,24252,158.0,7.0,57.0,6.0,14029.0
387,24253,23.0,2.0,17.0,6.0,498.0
387,24254,158.0,7.0,57.0,6.0,398.0
387,24255,81.0,7.0,99.0,6.0,8993.0
387,24256,81.0,7.0,99.0,6.0,1298.0
388,26211,163.0,0.0,0.0,0.0,2686.0
388,26212,6.0,0.0,0.0,0.0,900134.0
388,26213,165.0,3.0,78.0,0.0,137.0
388,26214,158.0,7.0,57.0,0.0,25.0
388,26215,23.0,2.0,17.0,2.0,43.0
388,26216,81.0,7.0,99.0,2.0,7105.0
388,26217,23.0,2.0,17.0,2.0,407.0
388,26218,158.0,7.0,57.0,2.0,107.0
388,26219,81.0,7.0,99.0,2.0,1707.0
388,26220,158.0,7.0,57.0,2.0,737.0
389,20227,154.0,2.0,99.0,2.0,138995.0
389,20228,81.0,7.0,99.0,8.0,12137.0
389,20229,81.0,7.0,99.0,7.0,1132.0
389,20230,118.0,3.0,101.0,7.0,45.0
389,20231,154.0,2.0,99.0,2.0,19155.0
389,20232,154.0,2.0,99.0,8.0,1043.0
389,20233,158.0,7.0,57.0,7.0,343.0
389,20234,81.0,7.0,99.0,8.0,1625.0
389,20235,154.0,2.0,99.0,2.0,7774.0
389,20236,154.0,2.0,99.0,2.0,1694.0
390,26552,56.0,7.0,26.0,8.0,3687.0
390,26553,161.0,7.0,76.0,8.0,700.0
390,26554,165.0,3.0,78.0,8.0,376.0
390,26555,154.0,2.0,99.0,8.0,8863.0
390,26556,23.0,2.0,17.0,8.0,54.0
390,26557,81.0,7.0,99.0,8.0,7893.0
390,26558,154.0,2.0,99.0,8.0,8626.0
390,26559,167.0,0.0,0.0,8.0,52.0
390,26560,56.0,7.0,26.0,8.0,483.0
390,26561,154.0,2.0,99.0,8.0,2313.0
391,24247,165.0,3.0,78.0,2.0,15.0
391,24248,118.0,3.0,101.0,8.0,165.0
391,24249,49.0,2.0,19.0,3.0,54425.0
391,24250,165.0,3.0,78.0,8.0,133.0
391,24251,23.0,2.0,17.0,8.0,1299.0
391,24252,158.0,7.0,57.0,8.0,11030.0
391,24253,23.0,2.0,17.0,8.0,793.0
391,24254,165.0,3.0,78.0,8.0,158.0
391,24255,158.0,7.0,92.0,8.0,48993.0
391,24256,81.0,0.0,0.0,8.0,188.0
392,24247,165.0,3.0,78.0,8.0,15.0
392,24248,118.0,3.0,101.0,8.0,165.0
392,24249,49.0,2.0,19.0,2.0,54425.0
392,24250,165.0,3.0,78.0,8.0,133.0
392,24251,23.0,2.0,17.0,8.0,1299.0
392,24252,158.0,7.0,57.0,8.0,18929.0
392,24253,23.0,2.0,17.0,8.0,798.0
392,24254,165.0,3.0,78.0,8.0,150.0
392,24255,158.0,7.0,57.0,8.0,8993.0
392,24256,81.0,7.0,99.0,8.0,798.0
393,24263,95.0,2.0,51.0,2.0,0.0
393,24264,158.0,7.0,57.0,6.0,2874.0
393,24265,81.0,7.0,99.0,6.0,6868.0
393,24266,158.0,7.0,57.0,6.0,637.0
393,24267,23.0,2.0,17.0,6.0,652.0
393,24268,158.0,7.0,57.0,6.0,265.0
393,24269,118.0,3.0,101.0,6.0,967.0
393,24270,154.0,2.0,99.0,6.0,324.0
393,24271,154.0,2.0,99.0,6.0,8994.0
393,24272,81.0,7.0,99.0,6.0,1013.0
394,24297,118.0,3.0,101.0,8.0,86.0
394,24298,118.0,3.0,101.0,8.0,136.0
394,24299,49.0,2.0,19.0,2.0,39265.0
394,24200,165.0,3.0,78.0,8.0,77.0
394,24201,23.0,2.0,17.0,8.0,499.0
394,24202,158.0,7.0,57.0,8.0,18030.0
394,24203,23.0,2.0,17.0,8.0,797.0
394,24204,158.0,7.0,57.0,8.0,998.0
394,24205,118.0,3.0,101.0,8.0,793.0
394,24206,81.0,0.0,0.0,8.0,1013.0
395,24263,60.0,7.0,28.0,6.0,41.0
395,24264,158.0,7.0,57.0,6.0,1054.0
395,24265,127.0,0.0,0.0,6.0,145.0
395,24266,81.0,7.0,99.0,6.0,1632.0
395,24267,23.0,2.0,17.0,6.0,495.0
395,24268,158.0,7.0,57.0,6.0,265.0
395,24269,118.0,3.0,101.0,6.0,967.0
395,24270,158.0,7.0,57.0,6.0,365.0
395,24271,118.0,3.0,101.0,6.0,757.0
395,24272,81.0,0.0,0.0,6.0,1036.0
396,24263,15.0,0.0,0.0,2.0,100106.0
396,24264,158.0,7.0,57.0,8.0,5813.0
396,24265,23.0,2.0,17.0,5.0,645.0
396,24266,165.0,3.0,78.0,6.0,22.0
396,24267,23.0,2.0,17.0,8.0,499.0
396,24268,158.0,7.0,57.0,8.0,65.0
396,24269,23.0,2.0,17.0,8.0,867.0
396,24270,158.0,7.0,57.0,8.0,798.0
396,24271,107.0,0.0,0.0,8.0,57.0
396,24272,158.0,7.0,57.0,8.0,731.0
397,24247,165.0,3.0,78.0,6.0,15.0
397,24248,118.0,3.0,101.0,6.0,165.0
397,24249,49.0,2.0,19.0,6.0,58825.0
397,24250,165.0,3.0,78.0,6.0,133.0
397,24251,23.0,2.0,17.0,6.0,1299.0
397,24252,158.0,7.0,57.0,6.0,18730.0
397,24253,23.0,2.0,17.0,6.0,473.0
397,24254,165.0,3.0,78.0,6.0,158.0
397,24255,158.0,7.0,57.0,6.0,48993.0
397,24256,81.0,7.0,99.0,6.0,1394.0
398,24297,118.0,3.0,101.0,8.0,86.0
398,24298,118.0,3.0,101.0,8.0,135.0
398,24299,49.0,2.0,19.0,8.0,56147.0
398,24200,165.0,3.0,78.0,8.0,137.0
398,24201,23.0,2.0,17.0,8.0,499.0
398,24202,158.0,7.0,57.0,8.0,14030.0
398,24203,23.0,2.0,17.0,8.0,797.0
398,24204,158.0,7.0,57.0,8.0,998.0
398,24205,118.0,3.0,101.0,8.0,704.0
398,24206,81.0,0.0,0.0,8.0,1013.0
399,24247,165.0,3.0,78.0,8.0,39.0
399,24248,118.0,3.0,101.0,8.0,1295.0
399,24249,49.0,2.0,19.0,3.0,58100.0
399,24250,165.0,3.0,78.0,8.0,133.0
399,24251,23.0,2.0,17.0,8.0,1299.0
399,24252,158.0,7.0,57.0,8.0,18130.0
399,24253,23.0,2.0,17.0,8.0,798.0
399,24254,165.0,3.0,78.0,8.0,158.0
399,24255,158.0,7.0,92.0,8.0,48993.0
399,24256,81.0,0.0,0.0,8.0,12.0
400,24247,165.0,3.0,78.0,8.0,15.0
400,24248,118.0,3.0,101.0,8.0,165.0
400,24249,49.0,2.0,19.0,3.0,54425.0
400,24250,165.0,3.0,78.0,8.0,133.0
400,24251,23.0,2.0,17.0,8.0,1299.0
400,24252,158.0,7.0,57.0,8.0,11030.0
400,24253,23.0,2.0,17.0,8.0,798.0
400,24254,165.0,3.0,78.0,8.0,158.0
400,24255,158.0,7.0,92.0,8.0,48993.0
400,24256,81.0,0.0,0.0,8.0,4.0
401,24263,60.0,7.0,28.0,6.0,41.0
401,24264,158.0,7.0,57.0,6.0,1013.0
401,24265,154.0,2.0,99.0,6.0,6577.0
401,24266,154.0,2.0,99.0,6.0,8137.0
401,24267,23.0,2.0,17.0,6.0,695.0
401,24268,154.0,2.0,99.0,6.0,1065.0
401,24269,118.0,3.0,101.0,6.0,976.0
401,24270,154.0,2.0,99.0,6.0,1998.0
401,24271,154.0,2.0,99.0,6.0,8145.0
401,24272,81.0,7.0,99.0,6.0,1324.0
402,24247,165.0,3.0,78.0,8.0,15.0
402,24248,118.0,3.0,101.0,8.0,165.0
402,24249,49.0,2.0,19.0,3.0,54425.0
402,24250,165.0,3.0,78.0,8.0,133.0
402,24251,23.0,2.0,17.0,8.0,1299.0
402,24252,158.0,7.0,57.0,8.0,18929.0
402,24253,23.0,2.0,17.0,8.0,793.0
402,24254,165.0,3.0,78.0,8.0,157.0
402,24255,158.0,7.0,92.0,8.0,48993.0
402,24256,81.0,0.0,0.0,8.0,187.0
403,24263,95.0,2.0,51.0,2.0,0.0
403,24264,158.0,7.0,57.0,2.0,1012.0
403,24265,23.0,2.0,17.0,2.0,645.0
403,24266,165.0,3.0,78.0,2.0,22.0
403,24267,23.0,2.0,17.0,2.0,699.0
403,24268,158.0,7.0,57.0,2.0,65.0
403,24269,23.0,2.0,17.0,8.0,791.0
403,24270,158.0,7.0,57.0,2.0,357.0
403,24271,158.0,7.0,92.0,8.0,8997.0
403,24272,158.0,7.0,57.0,2.0,731.0
404,24247,165.0,3.0,78.0,8.0,15.0
404,24248,118.0,3.0,101.0,8.0,165.0
404,24249,49.0,2.0,19.0,3.0,54425.0
404,24250,165.0,3.0,78.0,8.0,137.0
404,24251,23.0,2.0,17.0,8.0,1299.0
404,24252,158.0,7.0,57.0,8.0,18929.0
404,24253,23.0,2.0,17.0,8.0,798.0
404,24254,165.0,3.0,78.0,8.0,157.0
404,24255,158.0,7.0,92.0,8.0,48993.0
404,24256,81.0,0.0,0.0,8.0,188.0
405,3226,158.0,7.0,57.0,2.0,318.0
405,3227,118.0,3.0,101.0,8.0,81.0
405,3228,158.0,7.0,57.0,8.0,1878.0
405,3229,81.0,7.0,99.0,8.0,702.0
405,3230,158.0,7.0,92.0,2.0,365.0
405,3231,158.0,7.0,57.0,8.0,11007.0
405,3232,118.0,3.0,101.0,8.0,961.0
405,3233,165.0,3.0,78.0,8.0,55.0
405,3234,165.0,3.0,78.0,8.0,190.0
405,3235,158.0,7.0,57.0,8.0,65.0
406,24263,60.0,7.0,28.0,6.0,41.0
406,24264,158.0,7.0,57.0,6.0,1054.0
406,24265,127.0,0.0,0.0,6.0,145.0
406,24266,56.0,7.0,26.0,6.0,637.0
406,24267,23.0,2.0,17.0,6.0,487.0
406,24268,103.0,7.0,1.0,6.0,65.0
406,24269,118.0,3.0,101.0,6.0,967.0
406,24270,158.0,7.0,57.0,6.0,58.0
406,24271,154.0,2.0,99.0,6.0,8104.0
406,24272,154.0,2.0,99.0,6.0,1213.0
407,24247,165.0,3.0,78.0,8.0,45.0
407,24248,118.0,3.0,101.0,8.0,165.0
407,24249,49.0,2.0,19.0,3.0,54425.0
407,24250,165.0,3.0,78.0,8.0,133.0
407,24251,23.0,2.0,17.0,8.0,1299.0
407,24252,158.0,7.0,57.0,8.0,18833.0
407,24253,23.0,2.0,17.0,8.0,793.0
407,24254,165.0,3.0,78.0,8.0,158.0
407,24255,158.0,7.0,92.0,8.0,793.0
407,24256,81.0,0.0,0.0,8.0,169.0
408,24263,10.0,0.0,0.0,8.0,3.0
408,24264,158.0,7.0,57.0,8.0,5813.0
408,24265,23.0,2.0,17.0,8.0,645.0
408,24266,165.0,3.0,78.0,8.0,22.0
408,24267,23.0,2.0,17.0,8.0,518.0
408,24268,158.0,7.0,57.0,8.0,65.0
408,24269,23.0,2.0,17.0,8.0,791.0
408,24270,158.0,7.0,57.0,8.0,757.0
408,24271,118.0,3.0,101.0,8.0,707.0
408,24272,154.0,2.0,99.0,8.0,5737.0
409,24263,10.0,0.0,0.0,0.0,143.0
409,24264,158.0,7.0,57.0,0.0,1013.0
409,24265,23.0,2.0,17.0,8.0,645.0
409,24266,81.0,7.0,99.0,8.0,8991.0
409,24267,23.0,2.0,17.0,8.0,499.0
409,24268,158.0,7.0,57.0,2.0,32.0
409,24269,118.0,3.0,101.0,8.0,967.0
409,24270,154.0,2.0,99.0,8.0,798.0
409,24271,154.0,2.0,99.0,8.0,8165.0
409,24272,81.0,7.0,99.0,8.0,1736.0
410,24247,165.0,3.0,78.0,8.0,15.0
410,24248,118.0,3.0,101.0,8.0,165.0
410,24249,49.0,2.0,19.0,3.0,54425.0
410,24250,165.0,3.0,78.0,8.0,133.0
410,24251,23.0,2.0,17.0,8.0,1299.0
410,24252,158.0,7.0,57.0,8.0,18730.0
410,24253,23.0,2.0,17.0,8.0,798.0
410,24254,165.0,3.0,78.0,8.0,150.0
410,24255,158.0,7.0,92.0,8.0,48993.0
410,24256,81.0,0.0,0.0,8.0,7.0
411,24247,165.0,3.0,78.0,2.0,45.0
411,24248,118.0,3.0,101.0,8.0,165.0
411,24249,49.0,2.0,19.0,3.0,58825.0
411,24250,165.0,3.0,78.0,8.0,133.0
411,24251,23.0,2.0,17.0,8.0,1299.0
411,24252,158.0,7.0,57.0,8.0,18733.0
411,24253,23.0,2.0,17.0,8.0,791.0
411,24254,165.0,3.0,78.0,8.0,150.0
411,24255,158.0,7.0,57.0,8.0,48993.0
411,24256,81.0,0.0,0.0,8.0,169.0
412,24247,165.0,3.0,78.0,6.0,15.0
412,24248,118.0,3.0,101.0,6.0,165.0
412,24249,49.0,2.0,19.0,6.0,54145.0
412,24250,165.0,3.0,78.0,6.0,133.0
412,24251,23.0,2.0,17.0,6.0,1299.0
412,24252,158.0,7.0,57.0,6.0,18730.0
412,24253,23.0,2.0,17.0,6.0,798.0
412,24254,165.0,3.0,78.0,6.0,158.0
412,24255,158.0,7.0,57.0,6.0,48993.0
412,24256,81.0,7.0,99.0,6.0,1398.0
413,24247,165.0,3.0,78.0,6.0,15.0
413,24248,118.0,3.0,101.0,6.0,165.0
413,24249,49.0,2.0,19.0,6.0,58825.0
413,24250,165.0,3.0,78.0,6.0,133.0
413,24251,23.0,2.0,17.0,6.0,1299.0
413,24252,158.0,7.0,57.0,6.0,18730.0
413,24253,23.0,2.0,17.0,6.0,793.0
413,24254,158.0,7.0,57.0,6.0,48998.0
413,24255,158.0,7.0,57.0,6.0,8993.0
413,24256,81.0,7.0,99.0,6.0,1398.0
414,24247,165.0,3.0,78.0,8.0,15.0
414,24248,118.0,3.0,101.0,8.0,165.0
414,24249,49.0,2.0,19.0,2.0,54425.0
414,24250,165.0,3.0,78.0,8.0,133.0
414,24251,23.0,2.0,17.0,8.0,1299.0
414,24252,158.0,7.0,57.0,8.0,18929.0
414,24253,23.0,2.0,17.0,8.0,793.0
414,24254,165.0,3.0,78.0,8.0,158.0
414,24255,158.0,7.0,92.0,8.0,48993.0
414,24256,81.0,0.0,0.0,8.0,798.0
415,20586,158.0,7.0,57.0,2.0,139.0
415,20587,158.0,7.0,57.0,5.0,7884.0
415,20588,165.0,3.0,78.0,5.0,112.0
415,20589,31.0,6.0,20.0,5.0,587.0
415,20590,56.0,7.0,26.0,5.0,581.0
415,20591,158.0,7.0,57.0,2.0,47.0
415,20592,118.0,3.0,101.0,5.0,1066.0
415,20593,118.0,3.0,101.0,5.0,1025.0
415,20594,118.0,3.0,101.0,5.0,686.0
415,20595,154.0,2.0,99.0,8.0,36.0
416,24247,165.0,3.0,78.0,8.0,45.0
416,24248,118.0,3.0,101.0,8.0,165.0
416,24249,49.0,2.0,19.0,3.0,54425.0
416,24250,165.0,3.0,78.0,8.0,133.0
416,24251,23.0,2.0,17.0,8.0,1299.0
416,24252,158.0,7.0,57.0,8.0,18730.0
416,24253,23.0,2.0,17.0,8.0,791.0
416,24254,165.0,3.0,78.0,8.0,158.0
416,24255,158.0,7.0,92.0,8.0,48993.0
416,24256,81.0,0.0,0.0,8.0,798.0
417,24297,118.0,3.0,101.0,8.0,86.0
417,24298,118.0,3.0,101.0,8.0,135.0
417,24299,49.0,2.0,19.0,8.0,56665.0
417,24200,165.0,3.0,78.0,8.0,137.0
417,24201,23.0,2.0,17.0,8.0,1299.0
417,24202,158.0,7.0,57.0,8.0,18030.0
417,24203,23.0,2.0,17.0,8.0,797.0
417,24204,158.0,7.0,57.0,8.0,998.0
417,24205,118.0,3.0,101.0,8.0,793.0
417,24206,23.0,2.0,17.0,8.0,1013.0
418,24263,95.0,2.0,51.0,2.0,0.0
418,24264,158.0,7.0,57.0,6.0,8813.0
418,24265,23.0,2.0,17.0,6.0,645.0
418,24266,165.0,3.0,78.0,6.0,29.0
418,24267,23.0,2.0,17.0,6.0,489.0
418,24268,158.0,7.0,57.0,6.0,11065.0
418,24269,23.0,2.0,17.0,6.0,967.0
418,24270,158.0,7.0,57.0,6.0,357.0
418,24271,158.0,7.0,57.0,6.0,8993.0
418,24272,154.0,2.0,99.0,6.0,5736.0
419,24247,165.0,3.0,78.0,2.0,15.0
419,24248,118.0,3.0,101.0,8.0,165.0
419,24249,49.0,2.0,19.0,2.0,54425.0
419,24250,165.0,3.0,78.0,8.0,133.0
419,24251,23.0,2.0,17.0,8.0,1299.0
419,24252,158.0,7.0,57.0,8.0,11030.0
419,24253,23.0,2.0,17.0,8.0,798.0
419,24254,165.0,3.0,78.0,8.0,158.0
419,24255,158.0,7.0,92.0,8.0,8993.0
419,24256,81.0,0.0,0.0,8.0,798.0
420,24263,10.0,0.0,0.0,2.0,3.0
420,24264,158.0,7.0,57.0,8.0,1013.0
420,24265,23.0,2.0,17.0,8.0,645.0
420,24266,165.0,3.0,78.0,8.0,22.0
420,24267,23.0,2.0,17.0,8.0,518.0
420,24268,158.0,7.0,57.0,8.0,65.0
420,24269,23.0,2.0,17.0,8.0,471.0
420,24270,158.0,7.0,57.0,8.0,365.0
420,24271,107.0,0.0,0.0,8.0,57.0
420,24272,153.0,2.0,99.0,8.0,8734.0
421,24257,158.0,7.0,57.0,2.0,45.0
421,24258,118.0,3.0,101.0,6.0,115.0
421,24259,81.0,7.0,99.0,6.0,265.0
421,24260,165.0,3.0,78.0,6.0,57.0
421,24261,118.0,3.0,101.0,6.0,893.0
421,24262,158.0,7.0,57.0,6.0,17033.0
421,24263,23.0,2.0,17.0,6.0,498.0
421,24264,158.0,7.0,57.0,6.0,365.0
421,24265,158.0,7.0,92.0,6.0,8993.0
421,24266,81.0,0.0,0.0,6.0,1024.0
422,24247,165.0,3.0,78.0,2.0,15.0
422,24248,118.0,3.0,101.0,8.0,165.0
422,24249,49.0,2.0,19.0,3.0,58865.0
422,24250,165.0,3.0,78.0,8.0,133.0
422,24251,23.0,2.0,17.0,8.0,1299.0
422,24252,158.0,7.0,57.0,8.0,18730.0
422,24253,23.0,2.0,17.0,8.0,798.0
422,24254,165.0,3.0,78.0,8.0,158.0
422,24255,158.0,7.0,92.0,8.0,48993.0
422,24256,81.0,0.0,0.0,8.0,187.0
423,24247,165.0,3.0,78.0,8.0,15.0
423,24248,118.0,3.0,101.0,8.0,165.0
423,24249,49.0,2.0,19.0,3.0,54425.0
423,24250,165.0,3.0,78.0,8.0,133.0
423,24251,23.0,2.0,17.0,8.0,1299.0
423,24252,158.0,7.0,57.0,8.0,18929.0
423,24253,23.0,2.0,17.0,8.0,793.0
423,24254,165.0,3.0,78.0,8.0,158.0
423,24255,158.0,7.0,92.0,8.0,48993.0
423,24256,81.0,0.0,0.0,8.0,2.0
424,24297,118.0,3.0,101.0,8.0,86.0
424,24298,118.0,3.0,101.0,8.0,135.0
424,24299,49.0,2.0,19.0,8.0,56147.0
424,24200,165.0,3.0,78.0,8.0,137.0
424,24201,23.0,2.0,17.0,8.0,499.0
424,24202,158.0,7.0,57.0,8.0,18030.0
424,24203,23.0,2.0,17.0,8.0,797.0
424,24204,158.0,7.0,57.0,8.0,998.0
424,24205,118.0,3.0,101.0,8.0,753.0
424,24206,81.0,0.0,0.0,8.0,1013.0
425,24263,95.0,2.0,51.0,2.0,0.0
425,24264,158.0,7.0,57.0,6.0,1013.0
425,24265,23.0,2.0,17.0,6.0,645.0
425,24266,165.0,3.0,78.0,6.0,95.0
425,24267,23.0,2.0,17.0,6.0,489.0
425,24268,158.0,7.0,57.0,6.0,11032.0
425,24269,23.0,2.0,17.0,6.0,471.0
425,24270,158.0,7.0,57.0,6.0,365.0
425,24271,158.0,7.0,57.0,6.0,8994.0
425,24272,154.0,2.0,99.0,6.0,5736.0
426,24263,10.0,0.0,0.0,8.0,43.0
426,24264,158.0,7.0,57.0,8.0,1013.0
426,24265,23.0,2.0,17.0,8.0,645.0
426,24266,165.0,3.0,78.0,8.0,29.0
426,24267,23.0,2.0,17.0,8.0,518.0
426,24268,158.0,7.0,57.0,8.0,65.0
426,24269,23.0,2.0,17.0,8.0,791.0
426,24270,158.0,7.0,57.0,8.0,798.0
426,24271,158.0,7.0,57.0,8.0,8997.0
426,24272,118.0,3.0,101.0,8.0,36.0
427,24247,165.0,3.0,78.0,8.0,45.0
427,24248,118.0,3.0,101.0,8.0,165.0
427,24249,49.0,2.0,19.0,3.0,54425.0
427,24250,165.0,3.0,78.0,8.0,133.0
427,24251,23.0,2.0,17.0,8.0,1299.0
427,24252,158.0,7.0,57.0,8.0,18830.0
427,24253,23.0,2.0,17.0,8.0,798.0
427,24254,165.0,3.0,78.0,8.0,157.0
427,24255,158.0,7.0,92.0,8.0,48993.0
427,24256,81.0,0.0,0.0,8.0,169.0
428,24247,165.0,3.0,78.0,6.0,45.0
428,24248,118.0,3.0,101.0,6.0,165.0
428,24249,49.0,2.0,19.0,6.0,58825.0
428,24250,165.0,3.0,78.0,6.0,133.0
428,24251,23.0,2.0,17.0,6.0,3652.0
428,24252,158.0,7.0,57.0,6.0,18730.0
428,24253,23.0,2.0,17.0,6.0,798.0
428,24254,165.0,3.0,78.0,6.0,158.0
428,24255,158.0,7.0,57.0,6.0,48993.0
428,24256,81.0,7.0,99.0,6.0,1188.0
429,24241,165.0,3.0,78.0,9.0,15.0
429,24242,118.0,3.0,101.0,8.0,145.0
429,24243,158.0,7.0,57.0,8.0,13465.0
429,24244,165.0,3.0,78.0,8.0,137.0
429,24245,118.0,3.0,101.0,8.0,1699.0
429,24246,81.0,7.0,99.0,8.0,265.0
429,24247,23.0,2.0,17.0,8.0,861.0
429,24248,158.0,7.0,57.0,8.0,992.0
429,24249,158.0,7.0,57.0,8.0,8903.0
429,24250,154.0,2.0,99.0,8.0,794.0
430,26211,163.0,0.0,0.0,0.0,2686.0
430,26212,6.0,0.0,0.0,0.0,900143.0
430,26213,133.0,7.0,50.0,8.0,145.0
430,26214,158.0,7.0,92.0,0.0,25.0
430,26215,23.0,2.0,17.0,2.0,43.0
430,26216,81.0,7.0,99.0,2.0,7802.0
430,26217,81.0,7.0,99.0,2.0,742.0
430,26218,158.0,7.0,57.0,2.0,893.0
430,26219,118.0,3.0,101.0,2.0,706.0
430,26220,165.0,3.0,78.0,2.0,25.0
431,24247,165.0,3.0,78.0,8.0,15.0
431,24248,118.0,3.0,101.0,8.0,165.0
431,24249,49.0,2.0,19.0,3.0,54425.0
431,24250,165.0,3.0,78.0,8.0,133.0
431,24251,23.0,2.0,17.0,8.0,1299.0
431,24252,158.0,7.0,57.0,8.0,18933.0
431,24253,23.0,2.0,17.0,8.0,793.0
431,24254,165.0,3.0,78.0,8.0,158.0
431,24255,158.0,7.0,92.0,8.0,48993.0
431,24256,81.0,0.0,0.0,8.0,169.0
432,24247,165.0,3.0,78.0,8.0,15.0
432,24248,118.0,3.0,101.0,8.0,165.0
432,24249,49.0,2.0,19.0,3.0,54425.0
432,24250,165.0,3.0,78.0,8.0,133.0
432,24251,23.0,2.0,17.0,8.0,1299.0
432,24252,158.0,7.0,57.0,8.0,18133.0
432,24253,23.0,2.0,17.0,8.0,798.0
432,24254,165.0,3.0,78.0,8.0,158.0
432,24255,158.0,7.0,92.0,8.0,48993.0
432,24256,81.0,0.0,0.0,8.0,798.0
433,24297,118.0,3.0,101.0,5.0,86.0
433,24298,118.0,3.0,101.0,5.0,137.0
433,24299,154.0,2.0,99.0,5.0,3877.0
433,24200,165.0,3.0,78.0,5.0,137.0
433,24201,118.0,3.0,101.0,5.0,1268.0
433,24202,158.0,7.0,57.0,5.0,268.0
433,24203,23.0,2.0,17.0,5.0,797.0
433,24204,158.0,7.0,57.0,5.0,365.0
433,24205,118.0,3.0,101.0,5.0,993.0
433,24206,23.0,2.0,17.0,5.0,1024.0
434,24263,60.0,7.0,28.0,6.0,41.0
434,24264,158.0,7.0,57.0,6.0,1053.0
434,24265,127.0,0.0,0.0,6.0,145.0
434,24266,93.0,7.0,44.0,6.0,1053.0
434,24267,23.0,2.0,17.0,6.0,484.0
434,24268,9.0,2.0,14.0,6.0,925.0
434,24269,116.0,1.0,62.0,6.0,77.0
434,24270,158.0,7.0,92.0,6.0,55.0
434,24271,158.0,7.0,57.0,6.0,8107.0
434,24272,147.0,7.0,60.0,6.0,1737.0
435,24263,95.0,2.0,51.0,2.0,0.0
435,24264,158.0,7.0,57.0,6.0,1012.0
435,24265,23.0,2.0,17.0,6.0,632.0
435,24266,158.0,7.0,57.0,6.0,655.0
435,24267,23.0,2.0,17.0,6.0,484.0
435,24268,165.0,3.0,78.0,6.0,65.0
435,24269,81.0,7.0,99.0,6.0,862.0
435,24270,158.0,7.0,57.0,2.0,365.0
435,24271,154.0,2.0,99.0,6.0,8997.0
435,24272,158.0,7.0,57.0,6.0,736.0
436,24263,95.0,2.0,51.0,2.0,0.0
436,24264,158.0,7.0,57.0,6.0,2953.0
436,24265,23.0,2.0,17.0,6.0,631.0
436,24266,165.0,3.0,78.0,6.0,95.0
436,24267,23.0,2.0,17.0,6.0,889.0
436,24268,158.0,7.0,57.0,6.0,65.0
436,24269,23.0,2.0,17.0,6.0,471.0
436,24270,158.0,7.0,57.0,2.0,318.0
436,24271,158.0,7.0,57.0,6.0,8994.0
436,24272,154.0,2.0,99.0,6.0,5736.0
437,24263,15.0,0.0,0.0,0.0,100146.0
437,24264,158.0,7.0,57.0,0.0,7743.0
437,24265,23.0,2.0,17.0,8.0,632.0
437,24266,165.0,3.0,78.0,0.0,53.0
437,24267,23.0,2.0,17.0,8.0,518.0
437,24268,158.0,7.0,57.0,2.0,65.0
437,24269,23.0,2.0,17.0,8.0,477.0
437,24270,158.0,7.0,57.0,8.0,757.0
437,24271,158.0,7.0,57.0,8.0,8994.0
437,24272,158.0,7.0,57.0,8.0,733.0
438,24263,10.0,0.0,0.0,8.0,43.0
438,24264,158.0,7.0,57.0,8.0,1013.0
438,24265,23.0,2.0,17.0,8.0,645.0
438,24266,165.0,3.0,78.0,8.0,22.0
438,24267,23.0,2.0,17.0,8.0,518.0
438,24268,158.0,7.0,57.0,8.0,65.0
438,24269,23.0,2.0,17.0,8.0,477.0
438,24270,158.0,7.0,57.0,8.0,757.0
438,24271,158.0,7.0,57.0,8.0,8997.0
438,24272,158.0,7.0,57.0,8.0,739.0
439,24257,158.0,7.0,57.0,2.0,45.0
439,24258,118.0,3.0,101.0,6.0,115.0
439,24259,81.0,7.0,99.0,6.0,265.0
439,24260,165.0,3.0,78.0,6.0,25.0
439,24261,165.0,3.0,78.0,6.0,513.0
439,24262,158.0,7.0,57.0,6.0,265.0
439,24263,81.0,7.0,99.0,6.0,993.0
439,24264,158.0,7.0,57.0,6.0,365.0
439,24265,154.0,2.0,99.0,6.0,8993.0
439,24266,81.0,7.0,99.0,6.0,1324.0
440,24247,165.0,3.0,78.0,8.0,45.0
440,24248,118.0,3.0,101.0,8.0,165.0
440,24249,49.0,2.0,19.0,3.0,54425.0
440,24250,165.0,3.0,78.0,8.0,133.0
440,24251,23.0,2.0,17.0,8.0,1299.0
440,24252,158.0,7.0,57.0,8.0,18929.0
440,24253,23.0,2.0,17.0,8.0,798.0
440,24254,165.0,3.0,78.0,8.0,155.0
440,24255,158.0,7.0,92.0,8.0,48993.0
440,24256,81.0,0.0,0.0,8.0,798.0
441,24291,118.0,3.0,101.0,8.0,1086.0
441,24292,118.0,3.0,101.0,8.0,1085.0
441,24293,154.0,2.0,99.0,8.0,6477.0
441,24294,165.0,3.0,78.0,8.0,137.0
441,24295,23.0,2.0,17.0,8.0,819.0
441,24296,158.0,7.0,57.0,8.0,268.0
441,24297,23.0,2.0,17.0,8.0,797.0
441,24298,158.0,7.0,57.0,8.0,3695.0
441,24299,118.0,3.0,101.0,8.0,997.0
441,24300,154.0,2.0,99.0,8.0,3637.0
442,24247,165.0,3.0,78.0,8.0,39.0
442,24248,118.0,3.0,101.0,8.0,165.0
442,24249,49.0,2.0,19.0,3.0,54425.0
442,24250,165.0,3.0,78.0,8.0,133.0
442,24251,23.0,2.0,17.0,8.0,1299.0
442,24252,158.0,7.0,57.0,8.0,11030.0
442,24253,23.0,2.0,17.0,8.0,798.0
442,24254,165.0,3.0,78.0,8.0,150.0
442,24255,158.0,7.0,92.0,8.0,48993.0
442,24256,81.0,0.0,0.0,8.0,2.0
443,24263,95.0,2.0,51.0,2.0,0.0
443,24264,158.0,7.0,57.0,6.0,2913.0
443,24265,81.0,7.0,99.0,5.0,6558.0
443,24266,158.0,7.0,57.0,6.0,637.0
443,24267,23.0,2.0,17.0,6.0,495.0
443,24268,81.0,7.0,99.0,6.0,1032.0
443,24269,118.0,3.0,101.0,6.0,967.0
443,24270,158.0,7.0,57.0,6.0,328.0
443,24271,154.0,2.0,99.0,6.0,8994.0
443,24272,81.0,7.0,99.0,6.0,1024.0
444,24297,118.0,3.0,101.0,8.0,86.0
444,24298,118.0,3.0,101.0,8.0,135.0
444,24299,81.0,7.0,99.0,8.0,3868.0
444,24200,154.0,2.0,99.0,8.0,8105.0
444,24201,118.0,3.0,101.0,8.0,1049.0
444,24202,23.0,2.0,17.0,8.0,68.0
444,24203,23.0,2.0,17.0,8.0,867.0
444,24204,158.0,7.0,57.0,8.0,395.0
444,24205,118.0,3.0,101.0,8.0,993.0
444,24206,23.0,2.0,17.0,8.0,1018.0
445,24263,10.0,0.0,0.0,8.0,3.0
445,24264,158.0,7.0,57.0,8.0,5813.0
445,24265,23.0,2.0,17.0,8.0,645.0
445,24266,165.0,3.0,78.0,8.0,50.0
445,24267,23.0,2.0,17.0,8.0,487.0
445,24268,158.0,7.0,57.0,8.0,65.0
445,24269,23.0,2.0,17.0,8.0,791.0
445,24270,158.0,7.0,57.0,8.0,798.0
445,24271,118.0,3.0,101.0,8.0,707.0
445,24272,154.0,2.0,99.0,8.0,1218.0
446,24247,165.0,3.0,78.0,8.0,15.0
446,24248,118.0,3.0,101.0,8.0,165.0
446,24249,49.0,2.0,19.0,2.0,54425.0
446,24250,165.0,3.0,78.0,8.0,133.0
446,24251,23.0,2.0,17.0,8.0,1299.0
446,24252,158.0,7.0,57.0,8.0,18830.0
446,24253,23.0,2.0,17.0,8.0,796.0
446,24254,165.0,3.0,78.0,8.0,158.0
446,24255,158.0,7.0,92.0,8.0,48993.0
446,24256,81.0,7.0,99.0,8.0,798.0
447,24297,118.0,3.0,101.0,8.0,86.0
447,24298,118.0,3.0,101.0,8.0,135.0
447,24299,49.0,2.0,19.0,8.0,56147.0
447,24200,165.0,3.0,78.0,8.0,137.0
447,24201,23.0,2.0,17.0,8.0,499.0
447,24202,158.0,7.0,57.0,8.0,14030.0
447,24203,23.0,2.0,17.0,8.0,797.0
447,24204,158.0,7.0,57.0,8.0,365.0
447,24205,118.0,3.0,101.0,8.0,793.0
447,24206,23.0,2.0,17.0,8.0,1013.0
448,24263,74.0,3.0,34.0,2.0,345.0
448,24264,154.0,2.0,99.0,8.0,6324.0
448,24265,154.0,2.0,99.0,8.0,8875.0
448,24266,56.0,7.0,26.0,8.0,665.0
448,24267,23.0,2.0,17.0,8.0,665.0
448,24268,23.0,2.0,17.0,8.0,37.0
448,24269,118.0,3.0,101.0,8.0,924.0
448,24270,158.0,7.0,57.0,8.0,798.0
448,24271,154.0,2.0,99.0,8.0,8994.0
448,24272,154.0,2.0,99.0,8.0,8736.0
449,24247,165.0,3.0,78.0,8.0,15.0
449,24248,118.0,3.0,101.0,8.0,165.0
449,24249,49.0,2.0,19.0,3.0,54425.0
449,24250,165.0,3.0,78.0,8.0,133.0
449,24251,23.0,2.0,17.0,8.0,1299.0
449,24252,158.0,7.0,57.0,8.0,18730.0
449,24253,23.0,2.0,17.0,8.0,798.0
449,24254,165.0,3.0,78.0,8.0,158.0
449,24255,158.0,7.0,92.0,8.0,8993.0
449,24256,81.0,0.0,0.0,8.0,798.0
450,24263,60.0,7.0,28.0,6.0,80.0
450,24264,158.0,7.0,57.0,6.0,1053.0
450,24265,127.0,0.0,0.0,6.0,145.0
450,24266,81.0,7.0,99.0,6.0,1632.0
450,24267,23.0,2.0,17.0,6.0,495.0
450,24268,154.0,2.0,99.0,6.0,1065.0
450,24269,118.0,3.0,101.0,6.0,967.0
450,24270,153.0,2.0,99.0,6.0,1645.0
450,24271,154.0,2.0,99.0,6.0,8104.0
450,24272,81.0,0.0,0.0,6.0,1294.0
451,24257,158.0,7.0,57.0,2.0,45.0
451,24258,118.0,3.0,101.0,6.0,145.0
451,24259,81.0,7.0,99.0,6.0,268.0
451,24260,154.0,2.0,99.0,6.0,8637.0
451,24261,165.0,3.0,78.0,6.0,41.0
451,24262,158.0,7.0,57.0,6.0,265.0
451,24263,81.0,7.0,99.0,6.0,3491.0
451,24264,154.0,2.0,99.0,6.0,6633.0
451,24265,154.0,2.0,99.0,6.0,8997.0
451,24266,81.0,7.0,99.0,6.0,1324.0
452,24257,158.0,7.0,57.0,2.0,45.0
452,24258,118.0,3.0,101.0,6.0,117.0
452,24259,81.0,7.0,99.0,5.0,265.0
452,24260,118.0,3.0,101.0,6.0,7.0
452,24261,165.0,3.0,78.0,5.0,899.0
452,24262,158.0,7.0,57.0,6.0,265.0
452,24263,81.0,7.0,99.0,5.0,273.0
452,24264,158.0,7.0,57.0,5.0,398.0
452,24265,154.0,2.0,99.0,6.0,8997.0
452,24266,81.0,7.0,99.0,3.0,1396.0
453,24291,118.0,3.0,101.0,8.0,1086.0
453,24292,118.0,3.0,101.0,8.0,137.0
453,24293,158.0,7.0,57.0,8.0,268.0
453,24294,165.0,3.0,78.0,8.0,77.0
453,24295,23.0,2.0,17.0,8.0,819.0
453,24296,158.0,7.0,57.0,8.0,265.0
453,24297,23.0,2.0,17.0,8.0,797.0
453,24298,158.0,7.0,57.0,8.0,3695.0
453,24299,118.0,3.0,101.0,8.0,997.0
453,24300,118.0,3.0,101.0,8.0,3.0
454,24263,95.0,2.0,51.0,2.0,0.0
454,24264,158.0,7.0,57.0,6.0,2913.0
454,24265,81.0,7.0,99.0,6.0,6868.0
454,24266,158.0,7.0,57.0,6.0,637.0
454,24267,23.0,2.0,17.0,6.0,652.0
454,24268,118.0,3.0,101.0,6.0,65.0
454,24269,23.0,2.0,17.0,6.0,867.0
454,24270,158.0,7.0,57.0,6.0,365.0
454,24271,118.0,3.0,101.0,6.0,757.0
454,24272,154.0,2.0,99.0,6.0,1213.0
455,24263,95.0,2.0,51.0,2.0,0.0
455,24264,158.0,7.0,57.0,6.0,1015.0
455,24265,23.0,2.0,17.0,6.0,631.0
455,24266,165.0,3.0,78.0,6.0,22.0
455,24267,23.0,2.0,17.0,6.0,689.0
455,24268,158.0,7.0,57.0,6.0,65.0
455,24269,23.0,2.0,17.0,6.0,471.0
455,24270,158.0,7.0,57.0,6.0,318.0
455,24271,107.0,0.0,0.0,6.0,57.0
455,24272,158.0,7.0,57.0,2.0,731.0
456,24211,154.0,2.0,99.0,8.0,7180.0
456,24212,165.0,3.0,78.0,8.0,195.0
456,24213,118.0,3.0,101.0,8.0,1375.0
456,24214,154.0,2.0,99.0,8.0,8137.0
456,24215,165.0,3.0,78.0,8.0,593.0
456,24216,81.0,7.0,99.0,8.0,2033.0
456,24217,81.0,7.0,99.0,8.0,865.0
456,24218,153.0,2.0,99.0,8.0,6193.0
456,24219,154.0,2.0,99.0,8.0,8993.0
456,24220,154.0,2.0,99.0,8.0,1684.0
457,24247,165.0,3.0,78.0,8.0,15.0
457,24248,118.0,3.0,101.0,8.0,165.0
457,24249,49.0,2.0,19.0,3.0,54425.0
457,24250,165.0,3.0,78.0,8.0,133.0
457,24251,23.0,2.0,17.0,8.0,1299.0
457,24252,158.0,7.0,57.0,8.0,18830.0
457,24253,23.0,2.0,17.0,8.0,798.0
457,24254,165.0,3.0,78.0,8.0,158.0
457,24255,158.0,7.0,92.0,8.0,48993.0
457,24256,81.0,7.0,99.0,8.0,798.0
458,24247,165.0,3.0,78.0,8.0,15.0
458,24248,118.0,3.0,101.0,8.0,165.0
458,24249,49.0,2.0,19.0,8.0,54425.0
458,24250,165.0,3.0,78.0,8.0,133.0
458,24251,23.0,2.0,17.0,8.0,1299.0
458,24252,158.0,7.0,57.0,8.0,18929.0
458,24253,23.0,2.0,17.0,8.0,798.0
458,24254,165.0,3.0,78.0,8.0,158.0
458,24255,158.0,7.0,92.0,8.0,48993.0
458,24256,81.0,7.0,99.0,8.0,798.0
459,24247,165.0,3.0,78.0,8.0,15.0
459,24248,118.0,3.0,101.0,8.0,165.0
459,24249,49.0,2.0,19.0,3.0,54425.0
459,24250,165.0,3.0,78.0,8.0,133.0
459,24251,23.0,2.0,17.0,8.0,1299.0
459,24252,158.0,7.0,57.0,8.0,18833.0
459,24253,23.0,2.0,17.0,8.0,798.0
459,24254,165.0,3.0,78.0,8.0,158.0
459,24255,158.0,7.0,92.0,8.0,48993.0
459,24256,81.0,0.0,0.0,8.0,7.0
460,24247,165.0,3.0,78.0,8.0,45.0
460,24248,118.0,3.0,101.0,8.0,165.0
460,24249,49.0,2.0,19.0,3.0,54425.0
460,24250,165.0,3.0,78.0,8.0,133.0
460,24251,23.0,2.0,17.0,8.0,1299.0
460,24252,158.0,7.0,57.0,8.0,18833.0
460,24253,23.0,2.0,17.0,8.0,798.0
460,24254,165.0,3.0,78.0,8.0,157.0
460,24255,158.0,7.0,92.0,8.0,48993.0
460,24256,81.0,0.0,0.0,8.0,188.0
461,24263,60.0,7.0,28.0,6.0,100.0
461,24264,158.0,7.0,57.0,6.0,7053.0
461,24265,127.0,0.0,0.0,6.0,145.0
461,24266,56.0,7.0,26.0,6.0,681.0
461,24267,23.0,2.0,17.0,6.0,497.0
461,24268,158.0,7.0,57.0,6.0,265.0
461,24269,118.0,3.0,101.0,6.0,967.0
461,24270,158.0,7.0,57.0,6.0,357.0
461,24271,118.0,3.0,101.0,6.0,757.0
461,24272,154.0,2.0,99.0,6.0,1036.0
462,24291,118.0,3.0,101.0,8.0,1086.0
462,24292,118.0,3.0,101.0,8.0,137.0
462,24293,158.0,7.0,57.0,8.0,277.0
462,24294,165.0,3.0,78.0,8.0,137.0
462,24295,23.0,2.0,17.0,8.0,499.0
462,24296,158.0,7.0,57.0,8.0,10268.0
462,24297,23.0,2.0,17.0,8.0,797.0
462,24298,158.0,7.0,57.0,8.0,3695.0
462,24299,118.0,3.0,101.0,8.0,704.0
462,24300,118.0,3.0,101.0,8.0,37.0
463,24247,165.0,3.0,78.0,2.0,43.0
463,24248,118.0,3.0,101.0,8.0,165.0
463,24249,49.0,2.0,19.0,3.0,54425.0
463,24250,165.0,3.0,78.0,8.0,133.0
463,24251,23.0,2.0,17.0,8.0,1299.0
463,24252,158.0,7.0,57.0,8.0,18929.0
463,24253,23.0,2.0,17.0,8.0,798.0
463,24254,165.0,3.0,78.0,8.0,158.0
463,24255,158.0,7.0,92.0,8.0,48993.0
463,24256,81.0,7.0,99.0,8.0,798.0
464,24247,165.0,3.0,78.0,8.0,15.0
464,24248,118.0,3.0,101.0,8.0,165.0
464,24249,49.0,2.0,19.0,3.0,54425.0
464,24250,165.0,3.0,78.0,8.0,133.0
464,24251,23.0,2.0,17.0,8.0,1299.0
464,24252,158.0,7.0,57.0,8.0,18929.0
464,24253,23.0,2.0,17.0,8.0,793.0
464,24254,165.0,3.0,78.0,8.0,157.0
464,24255,158.0,7.0,92.0,8.0,48993.0
464,24256,81.0,0.0,0.0,8.0,798.0
465,24247,165.0,3.0,78.0,8.0,15.0
465,24248,118.0,3.0,101.0,8.0,165.0
465,24249,49.0,2.0,19.0,3.0,54425.0
465,24250,165.0,3.0,78.0,8.0,133.0
465,24251,23.0,2.0,17.0,8.0,1299.0
465,24252,158.0,7.0,57.0,8.0,18929.0
465,24253,23.0,2.0,17.0,8.0,793.0
465,24254,165.0,3.0,78.0,8.0,158.0
465,24255,158.0,7.0,92.0,8.0,48993.0
465,24256,81.0,0.0,0.0,8.0,12.0
466,24257,154.0,2.0,99.0,2.0,35.0
466,24258,165.0,3.0,78.0,8.0,115.0
466,24259,158.0,7.0,57.0,8.0,1341.0
466,24260,154.0,2.0,99.0,8.0,8877.0
466,24261,23.0,2.0,17.0,8.0,599.0
466,24262,81.0,7.0,99.0,8.0,1037.0
466,24263,23.0,2.0,17.0,8.0,471.0
466,24264,158.0,7.0,57.0,8.0,325.0
466,24265,158.0,7.0,57.0,8.0,8993.0
466,24266,81.0,7.0,99.0,8.0,1398.0
467,24263,95.0,2.0,51.0,2.0,0.0
467,24264,158.0,7.0,57.0,6.0,1015.0
467,24265,23.0,2.0,17.0,6.0,635.0
467,24266,165.0,3.0,78.0,6.0,95.0
467,24267,23.0,2.0,17.0,6.0,889.0
467,24268,158.0,7.0,57.0,6.0,11065.0
467,24269,23.0,2.0,17.0,6.0,867.0
467,24270,158.0,7.0,57.0,2.0,758.0
467,24271,118.0,3.0,101.0,6.0,757.0
467,24272,154.0,2.0,99.0,6.0,1374.0
468,24263,95.0,2.0,51.0,2.0,0.0
468,24264,158.0,7.0,57.0,6.0,1015.0
468,24265,23.0,2.0,17.0,6.0,631.0
468,24266,165.0,3.0,78.0,6.0,95.0
468,24267,23.0,2.0,17.0,6.0,689.0
468,24268,158.0,7.0,57.0,6.0,65.0
468,24269,23.0,2.0,17.0,6.0,471.0
468,24270,158.0,7.0,57.0,6.0,358.0
468,24271,118.0,3.0,101.0,6.0,757.0
468,24272,154.0,2.0,99.0,6.0,3736.0
469,24263,60.0,7.0,28.0,6.0,80.0
469,24264,158.0,7.0,57.0,6.0,1053.0
469,24265,127.0,0.0,0.0,6.0,145.0
469,24266,23.0,2.0,17.0,6.0,55.0
469,24267,23.0,2.0,17.0,6.0,484.0
469,24268,158.0,7.0,57.0,6.0,65.0
469,24269,118.0,3.0,101.0,6.0,967.0
469,24270,158.0,7.0,57.0,6.0,358.0
469,24271,154.0,2.0,99.0,6.0,8997.0
469,24272,81.0,0.0,0.0,6.0,1213.0
470,24247,165.0,3.0,78.0,8.0,15.0
470,24248,118.0,3.0,101.0,8.0,165.0
470,24249,49.0,2.0,19.0,3.0,54425.0
470,24250,165.0,3.0,78.0,8.0,133.0
470,24251,23.0,2.0,17.0,8.0,1299.0
470,24252,158.0,7.0,57.0,8.0,18929.0
470,24253,23.0,2.0,17.0,8.0,798.0
470,24254,165.0,3.0,78.0,8.0,158.0
470,24255,158.0,7.0,92.0,8.0,48993.0
470,24256,81.0,0.0,0.0,8.0,18.0
471,24263,95.0,2.0,51.0,2.0,0.0
471,24264,158.0,7.0,57.0,2.0,2813.0
471,24265,23.0,2.0,17.0,2.0,645.0
471,24266,165.0,3.0,78.0,8.0,95.0
471,24267,23.0,2.0,17.0,2.0,489.0
471,24268,158.0,7.0,57.0,2.0,65.0
471,24269,23.0,2.0,17.0,8.0,791.0
471,24270,158.0,7.0,57.0,2.0,757.0
471,24271,158.0,7.0,92.0,2.0,8997.0
471,24272,158.0,7.0,57.0,2.0,731.0
472,24263,23.0,2.0,17.0,8.0,748.0
472,24264,158.0,7.0,57.0,8.0,8723.0
472,24265,23.0,2.0,17.0,8.0,645.0
472,24266,165.0,3.0,78.0,8.0,95.0
472,24267,23.0,2.0,17.0,8.0,513.0
472,24268,158.0,7.0,57.0,8.0,11032.0
472,24269,23.0,2.0,17.0,8.0,477.0
472,24270,158.0,7.0,57.0,8.0,757.0
472,24271,107.0,0.0,0.0,8.0,57.0
472,24272,158.0,7.0,57.0,8.0,731.0
473,24297,118.0,3.0,101.0,8.0,86.0
473,24298,118.0,3.0,101.0,8.0,137.0
473,24299,158.0,7.0,57.0,8.0,265.0
473,24200,165.0,3.0,78.0,8.0,137.0
473,24201,23.0,2.0,17.0,8.0,489.0
473,24202,158.0,7.0,57.0,8.0,268.0
473,24203,23.0,2.0,17.0,8.0,797.0
473,24204,49.0,2.0,19.0,8.0,7645.0
473,24205,118.0,3.0,101.0,8.0,704.0
473,24206,81.0,0.0,0.0,8.0,1137.0
474,24263,95.0,2.0,51.0,2.0,0.0
474,24264,158.0,7.0,57.0,6.0,2873.0
474,24265,23.0,2.0,17.0,6.0,645.0
474,24266,165.0,3.0,78.0,6.0,95.0
474,24267,23.0,2.0,17.0,6.0,699.0
474,24268,158.0,7.0,57.0,6.0,65.0
474,24269,23.0,2.0,17.0,6.0,791.0
474,24270,158.0,7.0,57.0,2.0,998.0
474,24271,158.0,7.0,57.0,6.0,8997.0
474,24272,158.0,7.0,57.0,6.0,733.0
475,24263,60.0,7.0,28.0,6.0,41.0
475,24264,158.0,7.0,57.0,6.0,1054.0
475,24265,127.0,0.0,0.0,6.0,145.0
475,24266,81.0,0.0,0.0,6.0,1132.0
475,24267,23.0,2.0,17.0,6.0,495.0
475,24268,158.0,7.0,57.0,6.0,14065.0
475,24269,116.0,1.0,62.0,6.0,24.0
475,24270,158.0,7.0,92.0,6.0,55.0
475,24271,96.0,2.0,52.0,6.0,100653.0
475,24272,81.0,0.0,0.0,6.0,14.0
476,24237,155.0,0.0,0.0,0.0,345.0
476,24238,153.0,2.0,99.0,0.0,3924.0
476,24239,158.0,7.0,57.0,2.0,131.0
476,24240,165.0,3.0,78.0,0.0,137.0
476,24241,23.0,2.0,17.0,2.0,557.0
476,24242,81.0,7.0,99.0,2.0,265.0
476,24243,23.0,2.0,17.0,8.0,471.0
476,24244,81.0,7.0,99.0,8.0,798.0
476,24245,118.0,3.0,101.0,2.0,719.0
476,24246,81.0,7.0,99.0,8.0,1898.0
477,24247,165.0,3.0,78.0,8.0,15.0
477,24248,118.0,3.0,101.0,8.0,165.0
477,24249,49.0,2.0,19.0,3.0,54425.0
477,24250,165.0,3.0,78.0,8.0,133.0
477,24251,23.0,2.0,17.0,8.0,1299.0
477,24252,158.0,7.0,57.0,8.0,18815.0
477,24253,23.0,2.0,17.0,8.0,798.0
477,24254,165.0,3.0,78.0,8.0,157.0
477,24255,158.0,7.0,92.0,8.0,48993.0
477,24256,81.0,0.0,0.0,8.0,188.0
478,24263,10.0,0.0,0.0,8.0,3.0
478,24264,158.0,7.0,57.0,8.0,5884.0
478,24265,23.0,2.0,17.0,8.0,631.0
478,24266,165.0,3.0,78.0,8.0,22.0
478,24267,23.0,2.0,17.0,8.0,518.0
478,24268,158.0,7.0,57.0,8.0,65.0
478,24269,23.0,2.0,17.0,8.0,867.0
478,24270,158.0,7.0,57.0,8.0,757.0
478,24271,118.0,3.0,101.0,8.0,707.0
478,24272,154.0,2.0,99.0,8.0,5736.0
479,24267,56.0,7.0,26.0,2.0,461.0
479,24268,158.0,7.0,57.0,8.0,1623.0
479,24269,147.0,7.0,60.0,8.0,1158.0
479,24270,116.0,1.0,62.0,8.0,1005.0
479,24271,23.0,2.0,17.0,8.0,557.0
479,24272,158.0,7.0,57.0,8.0,265.0
479,24273,23.0,2.0,17.0,8.0,798.0
479,24274,147.0,7.0,60.0,8.0,645.0
479,24275,118.0,3.0,101.0,8.0,757.0
479,24276,158.0,7.0,57.0,8.0,736.0
480,24263,60.0,7.0,28.0,6.0,41.0
480,24264,158.0,7.0,57.0,6.0,1054.0
480,24265,127.0,0.0,0.0,6.0,145.0
480,24266,60.0,7.0,28.0,6.0,4137.0
480,24267,23.0,2.0,17.0,6.0,495.0
480,24268,158.0,7.0,57.0,6.0,265.0
480,24269,23.0,2.0,17.0,6.0,471.0
480,24270,158.0,7.0,57.0,6.0,998.0
480,24271,165.0,3.0,78.0,6.0,53.0
480,24272,158.0,7.0,57.0,6.0,736.0
481,24297,118.0,3.0,101.0,8.0,86.0
481,24298,118.0,3.0,101.0,8.0,135.0
481,24299,158.0,7.0,57.0,5.0,265.0
481,24200,165.0,3.0,78.0,8.0,45.0
481,24201,23.0,2.0,17.0,8.0,889.0
481,24202,158.0,7.0,57.0,8.0,268.0
481,24203,23.0,2.0,17.0,8.0,797.0
481,24204,158.0,7.0,57.0,8.0,365.0
481,24205,118.0,3.0,101.0,8.0,713.0
481,24206,23.0,2.0,17.0,8.0,1024.0
482,24211,154.0,2.0,99.0,2.0,7180.0
482,24212,165.0,3.0,78.0,8.0,195.0
482,24213,118.0,3.0,101.0,8.0,1377.0
482,24214,154.0,2.0,99.0,8.0,38195.0
482,24215,165.0,3.0,78.0,8.0,29.0
482,24216,81.0,7.0,99.0,8.0,1037.0
482,24217,81.0,7.0,99.0,8.0,865.0
482,24218,153.0,2.0,99.0,8.0,6193.0
482,24219,154.0,2.0,99.0,8.0,8993.0
482,24220,154.0,2.0,99.0,8.0,1693.0
483,24263,95.0,2.0,51.0,2.0,0.0
483,24264,158.0,7.0,57.0,2.0,2873.0
483,24265,23.0,2.0,17.0,2.0,645.0
483,24266,165.0,3.0,78.0,8.0,95.0
483,24267,23.0,2.0,17.0,2.0,889.0
483,24268,158.0,7.0,57.0,2.0,11065.0
483,24269,81.0,7.0,99.0,2.0,10791.0
483,24270,158.0,7.0,57.0,2.0,365.0
483,24271,154.0,2.0,99.0,2.0,8997.0
483,24272,154.0,2.0,99.0,2.0,1213.0
484,24263,95.0,2.0,51.0,2.0,0.0
484,24264,158.0,7.0,57.0,6.0,1015.0
484,24265,81.0,7.0,99.0,5.0,6868.0
484,24266,154.0,2.0,99.0,6.0,8637.0
484,24267,23.0,2.0,17.0,6.0,652.0
484,24268,118.0,3.0,101.0,6.0,1065.0
484,24269,118.0,3.0,101.0,6.0,967.0
484,24270,154.0,2.0,99.0,2.0,558.0
484,24271,154.0,2.0,99.0,6.0,8165.0
484,24272,81.0,7.0,99.0,6.0,1394.0
485,24263,95.0,2.0,51.0,2.0,48140.0
485,24264,158.0,7.0,57.0,6.0,1013.0
485,24265,81.0,7.0,99.0,6.0,6558.0
485,24266,158.0,7.0,57.0,6.0,637.0
485,24267,23.0,2.0,17.0,6.0,495.0
485,24268,116.0,1.0,62.0,6.0,1004.0
485,24269,118.0,3.0,101.0,6.0,967.0
485,24270,158.0,7.0,57.0,6.0,52.0
485,24271,118.0,3.0,101.0,6.0,757.0
485,24272,154.0,2.0,99.0,6.0,1394.0
486,24297,118.0,3.0,101.0,8.0,86.0
486,24298,118.0,3.0,101.0,8.0,135.0
486,24299,154.0,2.0,99.0,8.0,6165.0
486,24200,165.0,3.0,78.0,8.0,137.0
486,24201,23.0,2.0,17.0,8.0,499.0
486,24202,158.0,7.0,57.0,8.0,14032.0
486,24203,23.0,2.0,17.0,8.0,797.0
486,24204,158.0,7.0,57.0,8.0,795.0
486,24205,118.0,3.0,101.0,8.0,793.0
486,24206,23.0,2.0,17.0,8.0,1013.0
487,24263,95.0,2.0,51.0,2.0,0.0
487,24264,158.0,7.0,57.0,6.0,1015.0
487,24265,23.0,2.0,17.0,6.0,631.0
487,24266,165.0,3.0,78.0,6.0,95.0
487,24267,23.0,2.0,17.0,6.0,599.0
487,24268,158.0,7.0,57.0,6.0,17265.0
487,24269,23.0,2.0,17.0,6.0,791.0
487,24270,158.0,7.0,57.0,6.0,998.0
487,24271,158.0,7.0,57.0,6.0,8994.0
487,24272,158.0,7.0,57.0,6.0,731.0
488,26552,56.0,7.0,26.0,2.0,687.0
488,26553,161.0,7.0,76.0,8.0,760.0
488,26554,165.0,3.0,78.0,8.0,360.0
488,26555,154.0,2.0,99.0,8.0,8865.0
488,26556,23.0,2.0,17.0,8.0,53.0
488,26557,81.0,7.0,99.0,8.0,223.0
488,26558,165.0,3.0,78.0,8.0,12.0
488,26559,118.0,3.0,101.0,8.0,7.0
488,26560,56.0,7.0,26.0,8.0,682.0
488,26561,154.0,2.0,99.0,8.0,2313.0
489,24263,74.0,3.0,34.0,2.0,633.0
489,24264,158.0,7.0,57.0,6.0,1011.0
489,24265,154.0,2.0,99.0,6.0,8145.0
489,24266,154.0,2.0,99.0,6.0,8637.0
489,24267,23.0,2.0,17.0,6.0,695.0
489,24268,81.0,7.0,99.0,6.0,2035.0
489,24269,154.0,2.0,99.0,6.0,867.0
489,24270,154.0,2.0,99.0,6.0,6998.0
489,24271,154.0,2.0,99.0,6.0,8165.0
489,24272,154.0,2.0,99.0,8.0,1736.0
490,24263,60.0,7.0,28.0,6.0,7081.0
490,24264,158.0,7.0,57.0,6.0,1053.0
490,24265,154.0,2.0,99.0,6.0,1379.0
490,24266,153.0,2.0,99.0,6.0,8137.0
490,24267,23.0,2.0,17.0,6.0,695.0
490,24268,9.0,2.0,14.0,6.0,165.0
490,24269,118.0,3.0,101.0,6.0,977.0
490,24270,158.0,7.0,57.0,6.0,318.0
490,24271,154.0,2.0,99.0,6.0,8104.0
490,24272,81.0,7.0,99.0,6.0,1394.0
491,24291,118.0,3.0,101.0,8.0,1086.0
491,24292,118.0,3.0,101.0,8.0,145.0
491,24293,158.0,7.0,57.0,8.0,268.0
491,24294,165.0,3.0,78.0,8.0,77.0
491,24295,118.0,3.0,101.0,8.0,1049.0
491,24296,158.0,7.0,57.0,8.0,268.0
491,24297,23.0,2.0,17.0,8.0,797.0
491,24298,158.0,7.0,57.0,8.0,3813.0
491,24299,118.0,3.0,101.0,8.0,997.0
491,24300,118.0,3.0,101.0,8.0,36.0
492,24247,165.0,3.0,78.0,8.0,15.0
492,24248,118.0,3.0,101.0,8.0,165.0
492,24249,49.0,2.0,19.0,3.0,54425.0
492,24250,165.0,3.0,78.0,8.0,133.0
492,24251,23.0,2.0,17.0,8.0,1299.0
492,24252,158.0,7.0,57.0,8.0,18730.0
492,24253,23.0,2.0,17.0,8.0,798.0
492,24254,165.0,3.0,78.0,8.0,158.0
492,24255,158.0,7.0,92.0,8.0,48993.0
492,24256,81.0,0.0,0.0,8.0,2.0
493,24263,10.0,0.0,0.0,8.0,13.0
493,24264,81.0,7.0,99.0,8.0,1012.0
493,24265,23.0,2.0,17.0,8.0,665.0
493,24266,158.0,7.0,57.0,8.0,8932.0
493,24267,23.0,2.0,17.0,8.0,484.0
493,24268,9.0,2.0,14.0,8.0,165.0
493,24269,23.0,2.0,17.0,8.0,167.0
493,24270,158.0,7.0,57.0,8.0,757.0
493,24271,118.0,3.0,101.0,8.0,707.0
493,24272,154.0,2.0,99.0,8.0,8736.0
494,24247,165.0,3.0,78.0,8.0,15.0
494,24248,118.0,3.0,101.0,8.0,165.0
494,24249,49.0,2.0,19.0,3.0,54425.0
494,24250,165.0,3.0,78.0,8.0,133.0
494,24251,23.0,2.0,17.0,8.0,1299.0
494,24252,158.0,7.0,57.0,8.0,18130.0
494,24253,23.0,2.0,17.0,8.0,798.0
494,24254,165.0,3.0,78.0,8.0,158.0
494,24255,158.0,7.0,57.0,8.0,48993.0
494,24256,81.0,7.0,99.0,8.0,798.0
495,24211,153.0,2.0,99.0,2.0,7186.0
495,24212,165.0,3.0,78.0,8.0,125.0
495,24213,118.0,3.0,101.0,8.0,1377.0
495,24214,154.0,2.0,99.0,8.0,8137.0
495,24215,165.0,3.0,78.0,8.0,593.0
495,24216,81.0,7.0,99.0,8.0,1033.0
495,24217,81.0,7.0,99.0,8.0,865.0
495,24218,153.0,2.0,99.0,8.0,6193.0
495,24219,154.0,2.0,99.0,8.0,8993.0
495,24220,154.0,2.0,99.0,8.0,1693.0
496,24263,95.0,2.0,51.0,2.0,0.0
496,24264,158.0,7.0,57.0,6.0,2913.0
496,24265,23.0,2.0,17.0,6.0,645.0
496,24266,165.0,3.0,78.0,6.0,55.0
496,24267,23.0,2.0,17.0,6.0,489.0
496,24268,158.0,7.0,57.0,6.0,65.0
496,24269,23.0,2.0,17.0,6.0,798.0
496,24270,158.0,7.0,57.0,6.0,758.0
496,24271,158.0,7.0,57.0,6.0,8997.0
496,24272,158.0,7.0,57.0,6.0,731.0
497,24211,154.0,2.0,99.0,2.0,7180.0
497,24212,165.0,3.0,78.0,8.0,195.0
497,24213,118.0,3.0,101.0,8.0,1377.0
497,24214,154.0,2.0,99.0,8.0,8137.0
497,24215,165.0,3.0,78.0,8.0,345.0
497,24216,81.0,7.0,99.0,8.0,1033.0
497,24217,81.0,7.0,99.0,8.0,865.0
497,24218,153.0,2.0,99.0,8.0,6193.0
497,24219,154.0,2.0,99.0,2.0,8993.0
497,24220,154.0,2.0,99.0,8.0,1684.0
498,24247,165.0,3.0,78.0,2.0,15.0
498,24248,118.0,3.0,101.0,8.0,165.0
498,24249,49.0,2.0,19.0,3.0,58865.0
498,24250,165.0,3.0,78.0,8.0,133.0
498,24251,23.0,2.0,17.0,8.0,1299.0
498,24252,158.0,7.0,57.0,8.0,11230.0
498,24253,23.0,2.0,17.0,8.0,798.0
498,24254,165.0,3.0,78.0,8.0,158.0
498,24255,158.0,7.0,92.0,8.0,48993.0
498,24256,81.0,7.0,99.0,8.0,798.0
499,24227,154.0,2.0,99.0,8.0,8735.0
499,24228,154.0,2.0,99.0,8.0,13173.0
499,24229,154.0,2.0,99.0,8.0,3177.0
499,24230,154.0,2.0,99.0,8.0,8980.0
499,24231,154.0,2.0,99.0,8.0,19865.0
499,24232,81.0,7.0,99.0,8.0,1037.0
499,24233,81.0,7.0,99.0,8.0,861.0
499,24234,81.0,7.0,99.0,8.0,6517.0
499,24235,158.0,7.0,57.0,8.0,19994.0
499,24236,81.0,7.0,99.0,8.0,1168.0
500,24290,118.0,3.0,101.0,8.0,145.0
500,24291,118.0,3.0,101.0,8.0,1084.0
500,24292,118.0,3.0,101.0,8.0,1377.0
500,24293,165.0,3.0,78.0,8.0,137.0
500,24294,23.0,2.0,17.0,8.0,819.0
500,24295,158.0,7.0,57.0,8.0,10268.0
500,24296,23.0,2.0,17.0,8.0,797.0
500,24297,49.0,2.0,19.0,8.0,33698.0
500,24298,118.0,3.0,101.0,8.0,793.0
500,24299,81.0,7.0,99.0,8.0,1037.0
501,24247,165.0,3.0,78.0,8.0,15.0
501,24248,118.0,3.0,101.0,8.0,165.0
501,24249,49.0,2.0,19.0,3.0,54425.0
501,24250,165.0,3.0,78.0,8.0,133.0
501,24251,23.0,2.0,17.0,8.0,1299.0
501,24252,158.0,7.0,57.0,8.0,18133.0
501,24253,23.0,2.0,17.0,8.0,473.0
501,24254,165.0,3.0,78.0,8.0,150.0
501,24255,158.0,7.0,92.0,8.0,48993.0
501,24256,81.0,0.0,0.0,8.0,169.0
502,24247,165.0,3.0,78.0,2.0,45.0
502,24248,118.0,3.0,101.0,8.0,165.0
502,24249,49.0,2.0,19.0,2.0,54145.0
502,24250,165.0,3.0,78.0,8.0,133.0
502,24251,23.0,2.0,17.0,8.0,1299.0
502,24252,158.0,7.0,57.0,8.0,18130.0
502,24253,23.0,2.0,17.0,8.0,798.0
502,24254,165.0,3.0,78.0,8.0,158.0
502,24255,158.0,7.0,57.0,8.0,8993.0
502,24256,81.0,0.0,0.0,8.0,4.0
503,24263,60.0,7.0,28.0,6.0,43.0
503,24264,158.0,7.0,57.0,6.0,1013.0
503,24265,147.0,7.0,60.0,6.0,631.0
503,24266,158.0,7.0,57.0,6.0,637.0
503,24267,23.0,2.0,17.0,6.0,496.0
503,24268,107.0,0.0,0.0,0.0,5.0
503,24269,154.0,2.0,99.0,6.0,967.0
503,24270,147.0,7.0,60.0,6.0,635.0
503,24271,118.0,3.0,101.0,6.0,757.0
503,24272,154.0,2.0,99.0,6.0,5736.0
504,24247,165.0,3.0,78.0,8.0,45.0
504,24248,118.0,3.0,101.0,8.0,165.0
504,24249,49.0,2.0,19.0,3.0,54425.0
504,24250,165.0,3.0,78.0,8.0,133.0
504,24251,23.0,2.0,17.0,8.0,1299.0
504,24252,158.0,7.0,57.0,8.0,18830.0
504,24253,23.0,2.0,17.0,8.0,798.0
504,24254,165.0,3.0,78.0,8.0,158.0
504,24255,158.0,7.0,92.0,8.0,8993.0
504,24256,81.0,0.0,0.0,8.0,169.0
505,24263,60.0,7.0,28.0,6.0,41.0
505,24264,158.0,7.0,57.0,6.0,1054.0
505,24265,127.0,0.0,0.0,6.0,145.0
505,24266,81.0,7.0,99.0,6.0,1637.0
505,24267,23.0,2.0,17.0,6.0,495.0
505,24268,158.0,7.0,57.0,6.0,265.0
505,24269,116.0,1.0,62.0,6.0,24.0
505,24270,158.0,7.0,57.0,6.0,55.0
505,24271,118.0,3.0,101.0,6.0,757.0
505,24272,154.0,2.0,99.0,6.0,1736.0
506,24247,165.0,3.0,78.0,8.0,45.0
506,24248,118.0,3.0,101.0,8.0,165.0
506,24249,49.0,2.0,19.0,3.0,54425.0
506,24250,165.0,3.0,78.0,8.0,133.0
506,24251,23.0,2.0,17.0,8.0,1299.0
506,24252,158.0,7.0,57.0,8.0,18929.0
506,24253,23.0,2.0,17.0,8.0,793.0
506,24254,165.0,3.0,78.0,8.0,157.0
506,24255,158.0,7.0,92.0,8.0,48993.0
506,24256,81.0,7.0,99.0,8.0,798.0
507,24247,165.0,3.0,78.0,8.0,15.0
507,24248,118.0,3.0,101.0,8.0,165.0
507,24249,49.0,2.0,19.0,8.0,54425.0
507,24250,165.0,3.0,78.0,8.0,133.0
507,24251,23.0,2.0,17.0,8.0,1299.0
507,24252,158.0,7.0,57.0,8.0,18830.0
507,24253,23.0,2.0,17.0,8.0,793.0
507,24254,165.0,3.0,78.0,8.0,157.0
507,24255,158.0,7.0,92.0,8.0,8993.0
507,24256,81.0,7.0,99.0,8.0,1269.0
508,24263,10.0,0.0,0.0,8.0,3.0
508,24264,158.0,7.0,57.0,8.0,8013.0
508,24265,23.0,2.0,17.0,8.0,645.0
508,24266,165.0,3.0,78.0,8.0,23.0
508,24267,23.0,2.0,17.0,8.0,518.0
508,24268,158.0,7.0,57.0,8.0,16065.0
508,24269,23.0,2.0,17.0,8.0,867.0
508,24270,158.0,7.0,57.0,8.0,998.0
508,24271,158.0,7.0,57.0,8.0,8994.0
508,24272,154.0,2.0,99.0,8.0,5739.0
509,24247,165.0,3.0,78.0,8.0,15.0
509,24248,118.0,3.0,101.0,8.0,165.0
509,24249,49.0,2.0,19.0,3.0,54425.0
509,24250,165.0,3.0,78.0,8.0,133.0
509,24251,23.0,2.0,17.0,8.0,1299.0
509,24252,158.0,7.0,57.0,8.0,18730.0
509,24253,23.0,2.0,17.0,8.0,798.0
509,24254,165.0,3.0,78.0,8.0,150.0
509,24255,158.0,7.0,92.0,8.0,48993.0
509,24256,81.0,0.0,0.0,8.0,188.0
510,24263,60.0,7.0,28.0,6.0,41.0
510,24264,158.0,7.0,57.0,6.0,1015.0
510,24265,127.0,0.0,0.0,6.0,145.0
510,24266,60.0,7.0,28.0,6.0,4137.0
510,24267,23.0,2.0,17.0,6.0,487.0
510,24268,183.0,6.0,85.0,6.0,7265.0
510,24269,116.0,1.0,62.0,6.0,24.0
510,24270,147.0,7.0,60.0,6.0,688.0
510,24271,118.0,3.0,101.0,6.0,757.0
510,24272,81.0,0.0,0.0,6.0,1014.0
511,24247,165.0,3.0,78.0,2.0,15.0
511,24248,118.0,3.0,101.0,8.0,165.0
511,24249,49.0,2.0,19.0,3.0,54425.0
511,24250,165.0,3.0,78.0,8.0,133.0
511,24251,23.0,2.0,17.0,8.0,1299.0
511,24252,158.0,7.0,57.0,8.0,18130.0
511,24253,23.0,2.0,17.0,8.0,473.0
511,24254,165.0,3.0,78.0,8.0,158.0
511,24255,158.0,7.0,92.0,8.0,48993.0
511,24256,81.0,0.0,0.0,8.0,4.0
512,24297,118.0,3.0,101.0,8.0,86.0
512,24298,118.0,3.0,101.0,8.0,135.0
512,24299,158.0,7.0,57.0,8.0,265.0
512,24200,165.0,3.0,78.0,8.0,137.0
512,24201,23.0,2.0,17.0,8.0,556.0
512,24202,158.0,7.0,57.0,8.0,268.0
512,24203,23.0,2.0,17.0,8.0,797.0
512,24204,158.0,7.0,57.0,8.0,365.0
512,24205,118.0,3.0,101.0,8.0,993.0
512,24206,23.0,2.0,17.0,8.0,1024.0
513,24263,95.0,2.0,51.0,2.0,0.0
513,24264,158.0,7.0,57.0,6.0,2813.0
513,24265,23.0,2.0,17.0,6.0,631.0
513,24266,165.0,3.0,78.0,6.0,55.0
513,24267,23.0,2.0,17.0,6.0,489.0
513,24268,158.0,7.0,57.0,6.0,929.0
513,24269,81.0,7.0,99.0,6.0,791.0
513,24270,158.0,7.0,57.0,6.0,365.0
513,24271,154.0,2.0,99.0,6.0,8997.0
513,24272,154.0,2.0,99.0,6.0,3736.0
514,24247,165.0,3.0,78.0,8.0,15.0
514,24248,118.0,3.0,101.0,8.0,165.0
514,24249,49.0,2.0,19.0,2.0,54425.0
514,24250,165.0,3.0,78.0,8.0,133.0
514,24251,23.0,2.0,17.0,8.0,1299.0
514,24252,158.0,7.0,57.0,8.0,18830.0
514,24253,23.0,2.0,17.0,8.0,798.0
514,24254,165.0,3.0,78.0,8.0,150.0
514,24255,158.0,7.0,92.0,8.0,48993.0
514,24256,81.0,0.0,0.0,8.0,169.0
515,24297,118.0,3.0,101.0,8.0,86.0
515,24298,118.0,3.0,101.0,8.0,135.0
515,24299,49.0,2.0,19.0,8.0,56147.0
515,24200,165.0,3.0,78.0,8.0,132.0
515,24201,23.0,2.0,17.0,8.0,499.0
515,24202,158.0,7.0,57.0,8.0,265.0
515,24203,23.0,2.0,17.0,8.0,797.0
515,24204,158.0,7.0,57.0,8.0,998.0
515,24205,118.0,3.0,101.0,8.0,793.0
515,24206,81.0,0.0,0.0,8.0,1018.0
516,3226,158.0,7.0,57.0,2.0,318.0
516,3227,118.0,3.0,101.0,6.0,67.0
516,3228,158.0,7.0,57.0,6.0,1878.0
516,3229,81.0,7.0,99.0,6.0,757.0
516,3230,154.0,2.0,99.0,6.0,12145.0
516,3231,158.0,7.0,57.0,2.0,243.0
516,3232,118.0,3.0,101.0,6.0,261.0
516,3233,81.0,7.0,99.0,7.0,6645.0
516,3234,165.0,3.0,78.0,6.0,110.0
516,3235,154.0,2.0,99.0,2.0,145.0
517,24247,165.0,3.0,78.0,8.0,45.0
517,24248,118.0,3.0,101.0,8.0,165.0
517,24249,49.0,2.0,19.0,2.0,58877.0
517,24250,165.0,3.0,78.0,8.0,133.0
517,24251,23.0,2.0,17.0,8.0,1299.0
517,24252,158.0,7.0,57.0,8.0,18730.0
517,24253,23.0,2.0,17.0,8.0,798.0
517,24254,165.0,3.0,78.0,8.0,150.0
517,24255,158.0,7.0,92.0,8.0,48993.0
517,24256,81.0,0.0,0.0,8.0,169.0
518,24263,10.0,0.0,0.0,8.0,13.0
518,24264,50.0,6.0,54.0,8.0,5603.0
518,24265,23.0,2.0,17.0,8.0,277.0
518,24266,81.0,7.0,99.0,8.0,8953.0
518,24267,23.0,2.0,17.0,8.0,518.0
518,24268,158.0,7.0,57.0,8.0,65.0
518,24269,118.0,3.0,101.0,8.0,967.0
518,24270,158.0,7.0,57.0,8.0,365.0
518,24271,96.0,2.0,52.0,8.0,707.0
518,24272,81.0,0.0,0.0,8.0,13.0
519,24247,165.0,3.0,78.0,8.0,15.0
519,24248,118.0,3.0,101.0,8.0,165.0
519,24249,49.0,2.0,19.0,3.0,54925.0
519,24250,165.0,3.0,78.0,8.0,133.0
519,24251,23.0,2.0,17.0,8.0,1299.0
519,24252,158.0,7.0,57.0,8.0,18830.0
519,24253,23.0,2.0,17.0,8.0,798.0
519,24254,165.0,3.0,78.0,8.0,158.0
519,24255,158.0,7.0,92.0,8.0,48993.0
519,24256,81.0,0.0,0.0,8.0,798.0
520,24263,10.0,0.0,0.0,2.0,3.0
520,24264,158.0,7.0,57.0,6.0,1013.0
520,24265,23.0,2.0,17.0,6.0,645.0
520,24266,81.0,7.0,99.0,6.0,8632.0
520,24267,23.0,2.0,17.0,6.0,499.0
520,24268,158.0,7.0,57.0,6.0,16065.0
520,24269,118.0,3.0,101.0,6.0,967.0
520,24270,154.0,2.0,99.0,2.0,557.0
520,24271,154.0,2.0,99.0,6.0,8997.0
520,24272,81.0,7.0,99.0,6.0,1213.0
521,24227,154.0,2.0,99.0,8.0,8735.0
521,24228,154.0,2.0,99.0,8.0,13873.0
521,24229,154.0,2.0,99.0,8.0,3177.0
521,24230,154.0,2.0,99.0,8.0,8953.0
521,24231,154.0,2.0,99.0,8.0,19165.0
521,24232,81.0,7.0,99.0,8.0,1037.0
521,24233,23.0,2.0,17.0,8.0,341.0
521,24234,81.0,7.0,99.0,8.0,6517.0
521,24235,165.0,3.0,78.0,8.0,24.0
521,24236,158.0,7.0,57.0,8.0,798.0
522,24221,118.0,3.0,101.0,8.0,7.0
522,24222,158.0,7.0,57.0,8.0,273.0
522,24223,118.0,3.0,101.0,8.0,1378.0
522,24224,165.0,3.0,78.0,8.0,137.0
522,24225,158.0,7.0,57.0,8.0,599.0
522,24226,158.0,7.0,57.0,8.0,265.0
522,24227,81.0,7.0,99.0,8.0,3161.0
522,24228,154.0,2.0,99.0,8.0,3693.0
522,24229,118.0,3.0,101.0,8.0,995.0
522,24230,154.0,2.0,99.0,8.0,1698.0
523,24263,10.0,0.0,0.0,2.0,3.0
523,24264,158.0,7.0,57.0,6.0,1013.0
523,24265,23.0,2.0,17.0,6.0,645.0
523,24266,165.0,3.0,78.0,6.0,32.0
523,24267,23.0,2.0,17.0,6.0,599.0
523,24268,158.0,7.0,57.0,6.0,14732.0
523,24269,23.0,2.0,17.0,6.0,867.0
523,24270,158.0,7.0,57.0,6.0,798.0
523,24271,118.0,3.0,101.0,6.0,700.0
523,24272,81.0,0.0,0.0,8.0,1213.0
524,24291,118.0,3.0,101.0,6.0,936.0
524,24292,118.0,3.0,101.0,6.0,145.0
524,24293,158.0,7.0,57.0,6.0,13873.0
524,24294,165.0,3.0,78.0,6.0,77.0
524,24295,118.0,3.0,101.0,6.0,1041.0
524,24296,158.0,7.0,57.0,6.0,10268.0
524,24297,23.0,2.0,17.0,6.0,997.0
524,24298,147.0,7.0,60.0,6.0,3693.0
524,24299,154.0,2.0,99.0,6.0,8994.0
524,24300,154.0,2.0,99.0,6.0,3513.0
525,24221,118.0,3.0,101.0,5.0,7995.0
525,24222,158.0,7.0,57.0,5.0,8213.0
525,24223,118.0,3.0,101.0,5.0,877.0
525,24224,154.0,2.0,99.0,5.0,8137.0
525,24225,154.0,2.0,99.0,5.0,17265.0
525,24226,81.0,7.0,99.0,5.0,2068.0
525,24227,81.0,7.0,99.0,5.0,10861.0
525,24228,154.0,2.0,99.0,5.0,1645.0
525,24229,154.0,2.0,99.0,5.0,8169.0
525,24230,154.0,2.0,99.0,5.0,1684.0
526,24247,165.0,3.0,78.0,8.0,15.0
526,24248,118.0,3.0,101.0,8.0,165.0
526,24249,49.0,2.0,19.0,3.0,54425.0
526,24250,165.0,3.0,78.0,8.0,133.0
526,24251,23.0,2.0,17.0,8.0,1299.0
526,24252,158.0,7.0,57.0,8.0,11033.0
526,24253,23.0,2.0,17.0,8.0,798.0
526,24254,165.0,3.0,78.0,8.0,157.0
526,24255,158.0,7.0,92.0,8.0,48993.0
526,24256,81.0,7.0,99.0,8.0,798.0
527,24263,95.0,2.0,51.0,2.0,0.0
527,24264,158.0,7.0,57.0,6.0,1013.0
527,24265,23.0,2.0,17.0,6.0,635.0
527,24266,165.0,3.0,78.0,6.0,95.0
527,24267,23.0,2.0,17.0,6.0,518.0
527,24268,158.0,7.0,57.0,6.0,11065.0
527,24269,23.0,2.0,17.0,6.0,867.0
527,24270,158.0,7.0,57.0,6.0,758.0
527,24271,118.0,3.0,101.0,6.0,756.0
527,24272,154.0,2.0,99.0,6.0,5736.0
528,24247,165.0,3.0,78.0,6.0,15.0
528,24248,118.0,3.0,101.0,6.0,165.0
528,24249,49.0,2.0,19.0,6.0,58845.0
528,24250,165.0,3.0,78.0,6.0,133.0
528,24251,23.0,2.0,17.0,6.0,1299.0
528,24252,158.0,7.0,57.0,6.0,18730.0
528,24253,23.0,2.0,17.0,6.0,798.0
528,24254,165.0,3.0,78.0,6.0,158.0
528,24255,158.0,7.0,57.0,6.0,48993.0
528,24256,81.0,7.0,99.0,6.0,1373.0
529,24263,60.0,7.0,28.0,6.0,41.0
529,24264,158.0,7.0,57.0,6.0,1054.0
529,24265,127.0,0.0,0.0,6.0,145.0
529,24266,81.0,7.0,99.0,6.0,1632.0
529,24267,23.0,2.0,17.0,6.0,495.0
529,24268,158.0,7.0,57.0,6.0,65.0
529,24269,118.0,3.0,101.0,6.0,967.0
529,24270,158.0,7.0,57.0,6.0,365.0
529,24271,154.0,2.0,99.0,6.0,8994.0
529,24272,81.0,0.0,0.0,6.0,1036.0
530,24221,116.0,1.0,62.0,8.0,0.0
530,24222,147.0,7.0,60.0,8.0,2061.0
530,24223,147.0,7.0,60.0,8.0,665.0
530,24224,147.0,7.0,60.0,8.0,636.0
530,24225,147.0,7.0,60.0,8.0,665.0
530,24226,127.0,0.0,0.0,8.0,37000.0
530,24227,54.0,6.0,24.0,8.0,300667.0
530,24228,147.0,7.0,60.0,8.0,669.0
530,24229,116.0,1.0,62.0,8.0,104984.0
530,24230,147.0,7.0,60.0,8.0,688.0
531,24247,165.0,3.0,78.0,8.0,15.0
531,24248,118.0,3.0,101.0,8.0,165.0
531,24249,49.0,2.0,19.0,2.0,54425.0
531,24250,165.0,3.0,78.0,8.0,133.0
531,24251,23.0,2.0,17.0,8.0,1299.0
531,24252,158.0,7.0,57.0,8.0,18733.0
531,24253,23.0,2.0,17.0,8.0,798.0
531,24254,165.0,3.0,78.0,8.0,158.0
531,24255,158.0,7.0,92.0,8.0,48993.0
531,24256,81.0,0.0,0.0,8.0,798.0
532,24291,118.0,3.0,101.0,5.0,1086.0
532,24292,118.0,3.0,101.0,5.0,1085.0
532,24293,154.0,2.0,99.0,5.0,6877.0
532,24294,165.0,3.0,78.0,5.0,137.0
532,24295,118.0,3.0,101.0,5.0,1247.0
532,24296,158.0,7.0,57.0,5.0,268.0
532,24297,23.0,2.0,17.0,5.0,797.0
532,24298,158.0,7.0,57.0,5.0,3695.0
532,24299,118.0,3.0,101.0,5.0,997.0
532,24300,154.0,2.0,99.0,5.0,3637.0
533,24263,60.0,7.0,28.0,6.0,100.0
533,24264,158.0,7.0,57.0,6.0,7013.0
533,24265,127.0,0.0,0.0,6.0,145.0
533,24266,56.0,7.0,26.0,6.0,653.0
533,24267,23.0,2.0,17.0,6.0,487.0
533,24268,158.0,7.0,57.0,6.0,265.0
533,24269,118.0,3.0,101.0,6.0,967.0
533,24270,158.0,7.0,57.0,6.0,365.0
533,24271,96.0,2.0,52.0,6.0,100757.0
533,24272,81.0,0.0,0.0,6.0,1036.0
534,24247,165.0,3.0,78.0,8.0,15.0
534,24248,118.0,3.0,101.0,8.0,165.0
534,24249,49.0,2.0,19.0,3.0,58865.0
534,24250,165.0,3.0,78.0,8.0,133.0
534,24251,23.0,2.0,17.0,8.0,1299.0
534,24252,158.0,7.0,57.0,8.0,18929.0
534,24253,23.0,2.0,17.0,8.0,793.0
534,24254,165.0,3.0,78.0,8.0,158.0
534,24255,158.0,7.0,92.0,8.0,48993.0
534,24256,81.0,0.0,0.0,8.0,169.0
535,24221,118.0,3.0,101.0,8.0,145.0
535,24222,158.0,7.0,57.0,8.0,8925.0
535,24223,118.0,3.0,101.0,8.0,1377.0
535,24224,165.0,3.0,78.0,8.0,137.0
535,24225,158.0,7.0,92.0,8.0,599.0
535,24226,158.0,7.0,57.0,8.0,215.0
535,24227,81.0,7.0,99.0,8.0,791.0
535,24228,158.0,7.0,57.0,8.0,493.0
535,24229,81.0,7.0,99.0,8.0,8997.0
535,24230,118.0,3.0,101.0,8.0,4.0
536,24263,60.0,7.0,28.0,6.0,100.0
536,24264,158.0,7.0,57.0,6.0,6953.0
536,24265,127.0,0.0,0.0,6.0,142.0
536,24266,81.0,7.0,99.0,6.0,8137.0
536,24267,23.0,2.0,17.0,6.0,484.0
536,24268,165.0,3.0,78.0,6.0,65.0
536,24269,118.0,3.0,101.0,6.0,967.0
536,24270,158.0,7.0,57.0,6.0,998.0
536,24271,154.0,2.0,99.0,6.0,8994.0
536,24272,154.0,2.0,99.0,6.0,1324.0
537,24263,60.0,7.0,28.0,6.0,41.0
537,24264,158.0,7.0,57.0,6.0,1053.0
537,24265,127.0,0.0,0.0,6.0,145.0
537,24266,56.0,7.0,26.0,6.0,637.0
537,24267,23.0,2.0,17.0,6.0,655.0
537,24268,165.0,3.0,78.0,6.0,65.0
537,24269,118.0,3.0,101.0,6.0,967.0
537,24270,158.0,7.0,57.0,6.0,365.0
537,24271,96.0,2.0,52.0,6.0,684.0
537,24272,118.0,3.0,101.0,6.0,13.0
538,24297,118.0,3.0,101.0,8.0,86.0
538,24298,118.0,3.0,101.0,8.0,135.0
538,24299,158.0,7.0,57.0,8.0,268.0
538,24200,165.0,3.0,78.0,8.0,137.0
538,24201,23.0,2.0,17.0,8.0,473.0
538,24202,158.0,7.0,57.0,8.0,265.0
538,24203,23.0,2.0,17.0,8.0,277.0
538,24204,158.0,7.0,57.0,8.0,995.0
538,24205,118.0,3.0,101.0,8.0,793.0
538,24206,23.0,2.0,17.0,8.0,15.0
539,24221,118.0,3.0,101.0,5.0,7395.0
539,24222,154.0,2.0,99.0,5.0,3194.0
539,24223,118.0,3.0,101.0,5.0,1375.0
539,24224,154.0,2.0,99.0,5.0,8137.0
539,24225,154.0,2.0,99.0,5.0,17392.0
539,24226,81.0,7.0,99.0,5.0,1065.0
539,24227,81.0,7.0,99.0,5.0,3866.0
539,24228,154.0,2.0,99.0,5.0,6993.0
539,24229,154.0,2.0,99.0,5.0,8165.0
539,24230,154.0,2.0,99.0,5.0,1684.0
540,24263,15.0,0.0,0.0,0.0,100146.0
540,24264,158.0,7.0,57.0,0.0,1053.0
540,24265,23.0,2.0,17.0,8.0,632.0
540,24266,165.0,3.0,78.0,0.0,22.0
540,24267,23.0,2.0,17.0,8.0,519.0
540,24268,158.0,7.0,57.0,2.0,65.0
540,24269,118.0,3.0,101.0,8.0,967.0
540,24270,158.0,7.0,57.0,8.0,757.0
540,24271,154.0,2.0,99.0,8.0,8995.0
540,24272,81.0,0.0,0.0,8.0,1736.0
541,24247,165.0,3.0,78.0,8.0,15.0
541,24248,118.0,3.0,101.0,8.0,165.0
541,24249,49.0,2.0,19.0,3.0,54425.0
541,24250,165.0,3.0,78.0,8.0,133.0
541,24251,23.0,2.0,17.0,8.0,1299.0
541,24252,158.0,7.0,57.0,8.0,18733.0
541,24253,23.0,2.0,17.0,8.0,798.0
541,24254,165.0,3.0,78.0,8.0,150.0
541,24255,158.0,7.0,92.0,8.0,48993.0
541,24256,81.0,0.0,0.0,8.0,998.0
542,24263,95.0,2.0,51.0,0.0,140.0
542,24264,158.0,7.0,57.0,0.0,5924.0
542,24265,81.0,7.0,99.0,2.0,6555.0
542,24266,158.0,7.0,57.0,2.0,637.0
542,24267,23.0,2.0,17.0,2.0,631.0
542,24268,81.0,7.0,99.0,2.0,1037.0
542,24269,118.0,3.0,101.0,2.0,967.0
542,24270,153.0,2.0,99.0,2.0,998.0
542,24271,154.0,2.0,99.0,2.0,8994.0
542,24272,154.0,2.0,99.0,2.0,1694.0
543,24291,118.0,3.0,101.0,8.0,186.0
543,24292,118.0,3.0,101.0,8.0,1085.0
543,24293,158.0,7.0,57.0,8.0,268.0
543,24294,165.0,3.0,78.0,8.0,137.0
543,24295,23.0,2.0,17.0,8.0,889.0
543,24296,158.0,7.0,57.0,8.0,268.0
543,24297,23.0,2.0,17.0,8.0,797.0
543,24298,158.0,7.0,57.0,8.0,395.0
543,24299,118.0,3.0,101.0,8.0,997.0
543,24300,118.0,3.0,101.0,8.0,37.0
544,24263,60.0,7.0,28.0,6.0,0.0
544,24264,158.0,7.0,57.0,6.0,1053.0
544,24265,127.0,0.0,0.0,6.0,145.0
544,24266,56.0,7.0,26.0,6.0,653.0
544,24267,23.0,2.0,17.0,6.0,655.0
544,24268,158.0,7.0,57.0,6.0,265.0
544,24269,118.0,3.0,101.0,6.0,967.0
544,24270,158.0,7.0,57.0,6.0,57.0
544,24271,118.0,3.0,101.0,6.0,757.0
544,24272,154.0,2.0,99.0,6.0,1213.0
545,24247,165.0,3.0,78.0,2.0,36.0
545,24248,118.0,3.0,101.0,8.0,165.0
545,24249,49.0,2.0,19.0,3.0,54425.0
545,24250,165.0,3.0,78.0,8.0,133.0
545,24251,23.0,2.0,17.0,8.0,1299.0
545,24252,158.0,7.0,57.0,8.0,18130.0
545,24253,23.0,2.0,17.0,8.0,798.0
545,24254,165.0,3.0,78.0,8.0,158.0
545,24255,158.0,7.0,92.0,8.0,48993.0
545,24256,81.0,0.0,0.0,8.0,188.0
546,24247,165.0,3.0,78.0,8.0,45.0
546,24248,118.0,3.0,101.0,8.0,165.0
546,24249,49.0,2.0,19.0,3.0,54425.0
546,24250,165.0,3.0,78.0,8.0,133.0
546,24251,23.0,2.0,17.0,8.0,1299.0
546,24252,158.0,7.0,57.0,8.0,18130.0
546,24253,23.0,2.0,17.0,8.0,798.0
546,24254,165.0,3.0,78.0,8.0,158.0
546,24255,158.0,7.0,92.0,8.0,48993.0
546,24256,81.0,0.0,0.0,8.0,798.0
547,24247,165.0,3.0,78.0,6.0,15.0
547,24248,118.0,3.0,101.0,6.0,165.0
547,24249,49.0,2.0,19.0,6.0,58825.0
547,24250,165.0,3.0,78.0,6.0,133.0
547,24251,23.0,2.0,17.0,6.0,1299.0
547,24252,158.0,7.0,57.0,6.0,18730.0
547,24253,23.0,2.0,17.0,6.0,498.0
547,24254,165.0,3.0,78.0,6.0,158.0
547,24255,158.0,7.0,57.0,6.0,48993.0
547,24256,81.0,0.0,0.0,6.0,98.0
548,24263,10.0,0.0,0.0,2.0,0.0
548,24264,158.0,7.0,57.0,6.0,1013.0
548,24265,23.0,2.0,17.0,8.0,645.0
548,24266,165.0,3.0,78.0,6.0,22.0
548,24267,23.0,2.0,17.0,6.0,599.0
548,24268,158.0,7.0,57.0,6.0,16732.0
548,24269,118.0,3.0,101.0,6.0,967.0
548,24270,158.0,7.0,57.0,2.0,365.0
548,24271,154.0,2.0,99.0,6.0,8994.0
548,24272,154.0,2.0,99.0,8.0,5736.0
549,24291,118.0,3.0,101.0,8.0,1086.0
549,24292,118.0,3.0,101.0,8.0,185.0
549,24293,158.0,7.0,57.0,8.0,268.0
549,24294,165.0,3.0,78.0,8.0,137.0
549,24295,118.0,3.0,101.0,8.0,1268.0
549,24296,158.0,7.0,57.0,8.0,268.0
549,24297,23.0,2.0,17.0,8.0,797.0
549,24298,165.0,3.0,78.0,8.0,195.0
549,24299,158.0,7.0,57.0,8.0,704.0
549,24300,154.0,2.0,99.0,8.0,3637.0
550,24263,10.0,0.0,0.0,8.0,43.0
550,24264,158.0,7.0,57.0,8.0,1013.0
550,24265,23.0,2.0,17.0,8.0,645.0
550,24266,165.0,3.0,78.0,8.0,22.0
550,24267,23.0,2.0,17.0,8.0,599.0
550,24268,158.0,7.0,57.0,8.0,65.0
550,24269,23.0,2.0,17.0,8.0,791.0
550,24270,158.0,7.0,57.0,8.0,757.0
550,24271,118.0,3.0,101.0,8.0,707.0
550,24272,154.0,2.0,99.0,8.0,5736.0
551,24247,165.0,3.0,78.0,8.0,15.0
551,24248,118.0,3.0,101.0,8.0,165.0
551,24249,49.0,2.0,19.0,2.0,54425.0
551,24250,165.0,3.0,78.0,8.0,133.0
551,24251,23.0,2.0,17.0,8.0,1299.0
551,24252,158.0,7.0,57.0,8.0,18833.0
551,24253,23.0,2.0,17.0,8.0,798.0
551,24254,165.0,3.0,78.0,8.0,158.0
551,24255,158.0,7.0,92.0,8.0,48993.0
551,24256,81.0,0.0,0.0,8.0,798.0
552,20227,154.0,2.0,99.0,2.0,138035.0
552,20228,81.0,7.0,99.0,8.0,12117.0
552,20229,81.0,7.0,99.0,8.0,1162.0
552,20230,118.0,3.0,101.0,8.0,7045.0
552,20231,154.0,2.0,99.0,8.0,17153.0
552,20232,118.0,3.0,101.0,8.0,43.0
552,20233,154.0,2.0,99.0,8.0,1341.0
552,20234,81.0,7.0,99.0,8.0,1617.0
552,20235,154.0,2.0,99.0,8.0,9774.0
552,20236,154.0,2.0,99.0,8.0,1697.0
553,24263,60.0,7.0,28.0,6.0,43.0
553,24264,158.0,7.0,57.0,6.0,1015.0
553,24265,127.0,0.0,0.0,6.0,146.0
553,24266,10.0,0.0,0.0,6.0,4132.0
553,24267,23.0,2.0,17.0,6.0,499.0
553,24268,158.0,7.0,57.0,6.0,265.0
553,24269,116.0,1.0,62.0,6.0,24.0
553,24270,158.0,7.0,92.0,6.0,55.0
553,24271,10.0,0.0,0.0,6.0,107753.0
553,24272,81.0,0.0,0.0,6.0,1014.0
554,24247,165.0,3.0,78.0,8.0,15.0
554,24248,118.0,3.0,101.0,8.0,165.0
554,24249,49.0,2.0,19.0,3.0,54425.0
554,24250,165.0,3.0,78.0,8.0,133.0
554,24251,23.0,2.0,17.0,8.0,1299.0
554,24252,158.0,7.0,57.0,8.0,18830.0
554,24253,23.0,2.0,17.0,8.0,798.0
554,24254,165.0,3.0,78.0,8.0,158.0
554,24255,158.0,7.0,92.0,8.0,48993.0
554,24256,81.0,0.0,0.0,8.0,798.0
555,24263,60.0,7.0,28.0,6.0,41.0
555,24264,158.0,7.0,57.0,6.0,1053.0
555,24265,127.0,0.0,0.0,6.0,145.0
555,24266,60.0,7.0,28.0,6.0,4132.0
555,24267,23.0,2.0,17.0,6.0,495.0
555,24268,158.0,7.0,57.0,6.0,265.0
555,24269,118.0,3.0,101.0,6.0,967.0
555,24270,158.0,7.0,57.0,6.0,365.0
555,24271,96.0,2.0,52.0,6.0,100653.0
555,24272,81.0,0.0,0.0,6.0,1013.0
556,24297,118.0,3.0,101.0,8.0,86.0
556,24298,118.0,3.0,101.0,8.0,1085.0
556,24299,154.0,2.0,99.0,8.0,3865.0
556,24200,165.0,3.0,78.0,8.0,137.0
556,24201,23.0,2.0,17.0,8.0,599.0
556,24202,158.0,7.0,57.0,8.0,268.0
556,24203,23.0,2.0,17.0,8.0,477.0
556,24304,158.0,7.0,57.0,8.0,365.0
556,24305,118.0,3.0,101.0,8.0,993.0
556,24306,81.0,7.0,99.0,8.0,1013.0
557,24297,118.0,3.0,101.0,8.0,86.0
557,24298,118.0,3.0,101.0,8.0,137.0
557,24299,158.0,7.0,57.0,5.0,268.0
557,24200,165.0,3.0,78.0,8.0,7.0
557,24201,23.0,2.0,17.0,8.0,889.0
557,24202,158.0,7.0,57.0,8.0,14030.0
557,24203,23.0,2.0,17.0,8.0,797.0
557,24204,158.0,7.0,57.0,8.0,365.0
557,24205,118.0,3.0,101.0,8.0,993.0
557,24206,23.0,2.0,17.0,8.0,1024.0
558,24263,10.0,0.0,0.0,8.0,49.0
558,24264,157.0,0.0,0.0,8.0,1013.0
558,24265,47.0,0.0,0.0,8.0,4665.0
558,24266,60.0,7.0,28.0,8.0,4132.0
558,24267,23.0,2.0,17.0,8.0,665.0
558,24268,158.0,7.0,57.0,8.0,203.0
558,24269,116.0,1.0,62.0,8.0,24.0
558,24270,158.0,7.0,92.0,8.0,7.0
558,24271,10.0,0.0,0.0,8.0,100753.0
558,24272,81.0,0.0,0.0,8.0,737.0
559,24263,95.0,2.0,51.0,2.0,0.0
559,24264,158.0,7.0,57.0,6.0,1015.0
559,24265,23.0,2.0,17.0,6.0,631.0
559,24266,165.0,3.0,78.0,6.0,22.0
559,24267,23.0,2.0,17.0,6.0,699.0
559,24268,158.0,7.0,57.0,6.0,65.0
559,24269,23.0,2.0,17.0,6.0,471.0
559,24270,158.0,7.0,57.0,6.0,318.0
559,24271,158.0,7.0,57.0,6.0,8997.0
559,24272,154.0,2.0,99.0,6.0,5736.0
560,24263,95.0,2.0,51.0,2.0,0.0
560,24264,158.0,7.0,57.0,6.0,2313.0
560,24265,23.0,2.0,17.0,6.0,631.0
560,24266,165.0,3.0,78.0,6.0,55.0
560,24267,23.0,2.0,17.0,6.0,595.0
560,24268,158.0,7.0,57.0,6.0,932.0
560,24269,23.0,2.0,17.0,6.0,791.0
560,24270,158.0,7.0,57.0,6.0,365.0
560,24271,118.0,3.0,101.0,6.0,757.0
560,24272,154.0,2.0,99.0,6.0,5736.0
561,24247,165.0,3.0,78.0,6.0,39.0
561,24248,118.0,3.0,101.0,6.0,165.0
561,24249,49.0,2.0,19.0,6.0,58825.0
561,24250,158.0,7.0,57.0,6.0,733.0
561,24251,23.0,2.0,17.0,6.0,499.0
561,24252,158.0,7.0,57.0,6.0,18730.0
561,24253,23.0,2.0,17.0,6.0,798.0
561,24254,165.0,3.0,78.0,6.0,158.0
561,24255,158.0,7.0,57.0,6.0,8993.0
561,24256,81.0,7.0,99.0,6.0,1168.0
562,24263,95.0,2.0,51.0,2.0,0.0
562,24264,158.0,7.0,57.0,6.0,2813.0
562,24265,81.0,7.0,99.0,6.0,6878.0
562,24266,158.0,7.0,57.0,6.0,755.0
562,24267,23.0,2.0,17.0,6.0,631.0
562,24268,118.0,3.0,101.0,6.0,1065.0
562,24269,23.0,2.0,17.0,6.0,491.0
562,24270,158.0,7.0,57.0,6.0,798.0
562,24271,118.0,3.0,101.0,6.0,757.0
562,24272,154.0,2.0,99.0,6.0,1298.0
563,24247,165.0,3.0,78.0,8.0,45.0
563,24248,118.0,3.0,101.0,8.0,165.0
563,24249,49.0,2.0,19.0,3.0,58877.0
563,24250,165.0,3.0,78.0,8.0,133.0
563,24251,23.0,2.0,17.0,8.0,1299.0
563,24252,158.0,7.0,57.0,8.0,11033.0
563,24253,23.0,2.0,17.0,8.0,798.0
563,24254,165.0,3.0,78.0,8.0,155.0
563,24255,158.0,7.0,92.0,8.0,48993.0
563,24256,81.0,0.0,0.0,8.0,169.0
564,24263,95.0,2.0,51.0,2.0,0.0
564,24264,158.0,7.0,57.0,6.0,1013.0
564,24265,81.0,7.0,99.0,6.0,6868.0
564,24266,154.0,2.0,99.0,6.0,8637.0
564,24267,23.0,2.0,17.0,6.0,655.0
564,24268,118.0,3.0,101.0,6.0,65.0
564,24269,118.0,3.0,101.0,6.0,967.0
564,24270,154.0,2.0,99.0,6.0,558.0
564,24271,154.0,2.0,99.0,6.0,8145.0
564,24272,81.0,7.0,99.0,6.0,1212.0
565,26552,56.0,7.0,26.0,2.0,3687.0
565,26553,161.0,7.0,76.0,8.0,700.0
565,26554,165.0,3.0,78.0,8.0,342.0
565,26555,154.0,2.0,99.0,8.0,8865.0
565,26556,23.0,2.0,17.0,8.0,54.0
565,26557,81.0,7.0,99.0,8.0,243.0
565,26558,154.0,2.0,99.0,8.0,8366.0
565,26559,165.0,3.0,78.0,8.0,50.0
565,26560,56.0,7.0,26.0,8.0,682.0
565,26561,154.0,2.0,99.0,8.0,2213.0
566,24247,165.0,3.0,78.0,8.0,15.0
566,24248,118.0,3.0,101.0,8.0,165.0
566,24249,49.0,2.0,19.0,3.0,54425.0
566,24250,165.0,3.0,78.0,8.0,133.0
566,24251,23.0,2.0,17.0,8.0,1299.0
566,24252,158.0,7.0,57.0,8.0,18733.0
566,24253,23.0,2.0,17.0,8.0,793.0
566,24254,165.0,3.0,78.0,8.0,158.0
566,24255,158.0,7.0,92.0,8.0,48993.0
566,24256,81.0,0.0,0.0,8.0,98.0
567,24263,95.0,2.0,51.0,2.0,0.0
567,24264,158.0,7.0,57.0,2.0,1012.0
567,24265,23.0,2.0,17.0,5.0,645.0
567,24266,165.0,3.0,78.0,8.0,95.0
567,24267,23.0,2.0,17.0,8.0,599.0
567,24268,158.0,7.0,57.0,0.0,265.0
567,24269,23.0,2.0,17.0,8.0,471.0
567,24270,158.0,7.0,57.0,2.0,998.0
567,24271,158.0,7.0,57.0,8.0,8994.0
567,24272,158.0,7.0,57.0,2.0,733.0
568,24247,165.0,3.0,78.0,8.0,45.0
568,24248,118.0,3.0,101.0,8.0,165.0
568,24249,49.0,2.0,19.0,3.0,54145.0
568,24250,165.0,3.0,78.0,8.0,133.0
568,24251,23.0,2.0,17.0,8.0,1299.0
568,24252,158.0,7.0,57.0,8.0,18130.0
568,24253,23.0,2.0,17.0,8.0,798.0
568,24254,165.0,3.0,78.0,8.0,158.0
568,24255,158.0,7.0,92.0,8.0,48993.0
568,24256,81.0,7.0,99.0,8.0,798.0
569,24263,60.0,7.0,28.0,6.0,41.0
569,24264,158.0,7.0,57.0,6.0,1053.0
569,24265,127.0,0.0,0.0,6.0,145.0
569,24266,96.0,2.0,52.0,6.0,1055.0
569,24267,23.0,2.0,17.0,6.0,631.0
569,24268,158.0,7.0,57.0,6.0,4.0
569,24269,116.0,1.0,62.0,6.0,77.0
569,24270,158.0,7.0,92.0,6.0,55.0
569,24271,118.0,3.0,101.0,6.0,757.0
569,24272,81.0,0.0,0.0,6.0,1037.0
570,24247,165.0,3.0,78.0,8.0,15.0
570,24248,118.0,3.0,101.0,8.0,165.0
570,24249,49.0,2.0,19.0,2.0,54425.0
570,24250,165.0,3.0,78.0,8.0,133.0
570,24251,23.0,2.0,17.0,8.0,1299.0
570,24252,158.0,7.0,57.0,8.0,18730.0
570,24253,23.0,2.0,17.0,8.0,798.0
570,24254,165.0,3.0,78.0,8.0,158.0
570,24255,158.0,7.0,92.0,8.0,8993.0
570,24256,81.0,7.0,99.0,8.0,798.0
571,24247,165.0,3.0,78.0,8.0,15.0
571,24248,118.0,3.0,101.0,8.0,165.0
571,24249,49.0,2.0,19.0,3.0,54425.0
571,24250,165.0,3.0,78.0,8.0,133.0
571,24251,23.0,2.0,17.0,8.0,1299.0
571,24252,158.0,7.0,57.0,8.0,18833.0
571,24253,23.0,2.0,17.0,8.0,798.0
571,24254,165.0,3.0,78.0,8.0,158.0
571,24255,158.0,7.0,92.0,8.0,8993.0
571,24256,81.0,0.0,0.0,8.0,2.0
572,24263,10.0,0.0,0.0,8.0,13.0
572,24264,47.0,0.0,0.0,8.0,1015.0
572,24265,47.0,0.0,0.0,8.0,4606.0
572,24266,60.0,7.0,28.0,8.0,4102.0
572,24267,23.0,2.0,17.0,8.0,652.0
572,24268,158.0,7.0,57.0,8.0,203.0
572,24269,118.0,3.0,101.0,8.0,967.0
572,24270,158.0,7.0,92.0,8.0,55.0
572,24271,96.0,2.0,52.0,8.0,407.0
572,24272,81.0,0.0,0.0,8.0,797.0
573,24247,165.0,3.0,78.0,8.0,45.0
573,24248,118.0,3.0,101.0,8.0,165.0
573,24249,49.0,2.0,19.0,3.0,54425.0
573,24250,165.0,3.0,78.0,8.0,133.0
573,24251,23.0,2.0,17.0,8.0,1299.0
573,24252,158.0,7.0,57.0,8.0,18929.0
573,24253,23.0,2.0,17.0,8.0,793.0
573,24254,165.0,3.0,78.0,8.0,158.0
573,24255,158.0,7.0,92.0,8.0,48993.0
573,24256,81.0,7.0,99.0,8.0,798.0
574,24263,15.0,0.0,0.0,0.0,146.0
574,24264,158.0,7.0,57.0,8.0,5843.0
574,24265,23.0,2.0,17.0,8.0,645.0
574,24266,165.0,3.0,78.0,8.0,22.0
574,24267,23.0,2.0,17.0,8.0,499.0
574,24268,158.0,7.0,57.0,8.0,65.0
574,24269,23.0,2.0,17.0,8.0,477.0
574,24270,158.0,7.0,57.0,8.0,798.0
574,24271,158.0,7.0,57.0,8.0,8997.0
574,24272,158.0,7.0,57.0,8.0,733.0
575,24247,165.0,3.0,78.0,6.0,15.0
575,24248,118.0,3.0,101.0,6.0,165.0
575,24249,49.0,2.0,19.0,6.0,58825.0
575,24250,165.0,3.0,78.0,6.0,132.0
575,24251,23.0,2.0,17.0,6.0,1299.0
575,24252,158.0,7.0,57.0,6.0,18730.0
575,24253,23.0,2.0,17.0,6.0,793.0
575,24254,158.0,7.0,57.0,6.0,48698.0
575,24255,158.0,7.0,57.0,6.0,48993.0
575,24256,81.0,0.0,0.0,6.0,2.0
576,24297,118.0,3.0,101.0,8.0,86.0
576,24298,118.0,3.0,101.0,8.0,137.0
576,24299,49.0,2.0,19.0,8.0,51147.0
576,24200,165.0,3.0,78.0,8.0,0.0
576,24201,23.0,2.0,17.0,8.0,552.0
576,24202,158.0,7.0,57.0,8.0,14030.0
576,24203,23.0,2.0,17.0,8.0,797.0
576,24204,158.0,7.0,57.0,8.0,998.0
576,24205,118.0,3.0,101.0,8.0,793.0
576,24206,81.0,0.0,0.0,8.0,1013.0
577,24247,165.0,3.0,78.0,8.0,15.0
577,24248,118.0,3.0,101.0,8.0,165.0
577,24249,49.0,2.0,19.0,2.0,54425.0
577,24250,165.0,3.0,78.0,8.0,132.0
577,24251,23.0,2.0,17.0,8.0,1299.0
577,24252,158.0,7.0,57.0,8.0,11030.0
577,24253,23.0,2.0,17.0,8.0,798.0
577,24254,165.0,3.0,78.0,8.0,158.0
577,24255,158.0,7.0,92.0,8.0,48993.0
577,24256,81.0,0.0,0.0,8.0,798.0
578,24263,95.0,2.0,51.0,2.0,0.0
578,24264,158.0,7.0,57.0,2.0,1013.0
578,24265,23.0,2.0,17.0,2.0,645.0
578,24266,165.0,3.0,78.0,2.0,95.0
578,24267,23.0,2.0,17.0,2.0,639.0
578,24268,158.0,7.0,57.0,2.0,65.0
578,24269,81.0,7.0,99.0,2.0,791.0
578,24270,158.0,7.0,57.0,2.0,357.0
578,24271,154.0,2.0,99.0,2.0,8997.0
578,24272,154.0,2.0,99.0,2.0,5736.0
579,24237,154.0,2.0,99.0,2.0,1035.0
579,24238,154.0,2.0,99.0,2.0,36984.0
579,24239,158.0,7.0,57.0,5.0,131.0
579,24240,154.0,2.0,99.0,2.0,3635.0
579,24241,165.0,3.0,78.0,5.0,99.0
579,24242,81.0,7.0,99.0,2.0,273.0
579,24243,23.0,2.0,17.0,5.0,445.0
579,24244,158.0,7.0,57.0,5.0,398.0
579,24245,118.0,3.0,101.0,2.0,753.0
579,24246,81.0,7.0,99.0,2.0,1398.0
580,24247,165.0,3.0,78.0,8.0,15.0
580,24248,118.0,3.0,101.0,8.0,165.0
580,24249,49.0,2.0,19.0,3.0,54425.0
580,24250,165.0,3.0,78.0,8.0,133.0
580,24251,23.0,2.0,17.0,8.0,1299.0
580,24252,158.0,7.0,57.0,8.0,18929.0
580,24253,23.0,2.0,17.0,8.0,793.0
580,24254,165.0,3.0,78.0,8.0,158.0
580,24255,158.0,7.0,92.0,8.0,8993.0
580,24256,81.0,0.0,0.0,8.0,169.0
581,24247,165.0,3.0,78.0,8.0,15.0
581,24248,118.0,3.0,101.0,8.0,165.0
581,24249,49.0,2.0,19.0,2.0,54425.0
581,24250,165.0,3.0,78.0,8.0,133.0
581,24251,23.0,2.0,17.0,8.0,1299.0
581,24252,158.0,7.0,57.0,8.0,18730.0
581,24253,23.0,2.0,17.0,8.0,793.0
581,24254,158.0,7.0,57.0,8.0,998.0
581,24255,118.0,3.0,101.0,8.0,719.0
581,24256,81.0,0.0,0.0,8.0,169.0
582,24267,56.0,7.0,26.0,2.0,361.0
582,24268,158.0,7.0,57.0,2.0,1324.0
582,24269,147.0,7.0,60.0,2.0,1631.0
582,24270,116.0,1.0,62.0,2.0,55.0
582,24271,165.0,3.0,78.0,2.0,265.0
582,24272,183.0,6.0,85.0,2.0,7265.0
582,24273,49.0,2.0,19.0,2.0,7491.0
582,24274,147.0,7.0,60.0,2.0,645.0
582,24275,147.0,7.0,60.0,2.0,403.0
582,24276,60.0,7.0,28.0,2.0,4013.0
583,24211,154.0,2.0,99.0,2.0,7180.0
583,24212,165.0,3.0,78.0,8.0,195.0
583,24213,118.0,3.0,101.0,8.0,1377.0
583,24214,154.0,2.0,99.0,8.0,8137.0
583,24215,165.0,3.0,78.0,8.0,593.0
583,24216,81.0,7.0,99.0,8.0,1033.0
583,24217,81.0,7.0,99.0,8.0,865.0
583,24218,158.0,7.0,57.0,8.0,193.0
583,24219,154.0,2.0,99.0,8.0,8993.0
583,24220,154.0,2.0,99.0,8.0,1693.0
584,24297,118.0,3.0,101.0,8.0,86.0
584,24298,118.0,3.0,101.0,8.0,1085.0
584,24299,49.0,2.0,19.0,8.0,56565.0
584,24200,165.0,3.0,78.0,8.0,81.0
584,24201,23.0,2.0,17.0,8.0,889.0
584,24202,158.0,7.0,57.0,8.0,18730.0
584,24203,23.0,2.0,17.0,8.0,797.0
584,24204,158.0,7.0,57.0,8.0,298.0
584,24205,118.0,3.0,101.0,8.0,704.0
584,24206,23.0,2.0,17.0,8.0,1013.0
585,24297,118.0,3.0,101.0,8.0,86.0
585,24298,118.0,3.0,101.0,8.0,1085.0
585,24299,154.0,2.0,99.0,8.0,3877.0
585,24200,165.0,3.0,78.0,8.0,137.0
585,24201,23.0,2.0,17.0,8.0,889.0
585,24202,158.0,7.0,57.0,8.0,268.0
585,24203,23.0,2.0,17.0,8.0,797.0
585,24204,23.0,2.0,17.0,8.0,555.0
585,24205,158.0,7.0,57.0,8.0,784.0
585,24206,81.0,7.0,99.0,8.0,1013.0
586,24263,60.0,7.0,28.0,6.0,100.0
586,24264,158.0,7.0,57.0,6.0,7053.0
586,24265,127.0,0.0,0.0,6.0,145.0
586,24266,81.0,7.0,99.0,6.0,4132.0
586,24267,23.0,2.0,17.0,6.0,495.0
586,24268,158.0,7.0,57.0,6.0,65.0
586,24269,118.0,3.0,101.0,6.0,967.0
586,24270,158.0,7.0,57.0,6.0,365.0
586,24271,118.0,3.0,101.0,6.0,757.0
586,24272,81.0,0.0,0.0,6.0,1036.0
587,24247,165.0,3.0,78.0,8.0,15.0
587,24248,118.0,3.0,101.0,8.0,165.0
587,24249,49.0,2.0,19.0,3.0,54425.0
587,24250,165.0,3.0,78.0,8.0,133.0
587,24251,23.0,2.0,17.0,8.0,1299.0
587,24252,158.0,7.0,57.0,8.0,18130.0
587,24253,23.0,2.0,17.0,8.0,798.0
587,24254,165.0,3.0,78.0,8.0,158.0
587,24255,158.0,7.0,92.0,8.0,48993.0
587,24256,81.0,0.0,0.0,8.0,5.0
588,24247,165.0,3.0,78.0,8.0,45.0
588,24248,118.0,3.0,101.0,8.0,165.0
588,24249,49.0,2.0,19.0,3.0,54425.0
588,24250,165.0,3.0,78.0,8.0,133.0
588,24251,23.0,2.0,17.0,8.0,1299.0
588,24252,158.0,7.0,57.0,8.0,18733.0
588,24253,23.0,2.0,17.0,8.0,798.0
588,24254,165.0,3.0,78.0,8.0,158.0
588,24255,158.0,7.0,92.0,8.0,48993.0
588,24256,81.0,0.0,0.0,8.0,798.0
589,24247,49.0,2.0,19.0,2.0,230849.0
589,24248,156.0,6.0,23.0,8.0,25.0
589,24249,183.0,6.0,85.0,8.0,12265.0
589,24250,74.0,3.0,34.0,8.0,682.0
589,24251,165.0,3.0,78.0,8.0,41.0
589,24252,158.0,7.0,57.0,8.0,433.0
589,24253,23.0,2.0,17.0,8.0,793.0
589,24254,147.0,7.0,60.0,8.0,665.0
589,24255,118.0,3.0,101.0,8.0,993.0
589,24256,81.0,0.0,0.0,8.0,7.0
590,24290,118.0,3.0,101.0,8.0,119.0
590,24291,118.0,3.0,101.0,8.0,1085.0
590,24292,158.0,7.0,57.0,8.0,268.0
590,24293,165.0,3.0,78.0,8.0,137.0
590,24294,23.0,2.0,17.0,8.0,889.0
590,24295,158.0,7.0,57.0,8.0,10268.0
590,24296,81.0,7.0,99.0,8.0,797.0
590,24297,49.0,2.0,19.0,8.0,62993.0
590,24298,118.0,3.0,101.0,8.0,793.0
590,24299,154.0,2.0,99.0,8.0,737.0
591,24263,95.0,2.0,51.0,2.0,0.0
591,24264,158.0,7.0,57.0,6.0,2874.0
591,24265,81.0,7.0,99.0,6.0,6868.0
591,24266,158.0,7.0,57.0,6.0,755.0
591,24267,23.0,2.0,17.0,6.0,631.0
591,24268,158.0,7.0,57.0,6.0,265.0
591,24269,118.0,3.0,101.0,6.0,967.0
591,24270,154.0,2.0,99.0,6.0,328.0
591,24271,154.0,2.0,99.0,6.0,8997.0
591,24272,81.0,7.0,99.0,6.0,1212.0
592,24297,118.0,3.0,101.0,5.0,186.0
592,24298,118.0,3.0,101.0,5.0,136.0
592,24299,154.0,2.0,99.0,5.0,3277.0
592,24200,165.0,3.0,78.0,5.0,137.0
592,24201,118.0,3.0,101.0,5.0,1268.0
592,24202,158.0,7.0,57.0,5.0,268.0
592,24203,23.0,2.0,17.0,5.0,797.0
592,24204,158.0,7.0,57.0,5.0,795.0
592,24205,118.0,3.0,101.0,5.0,993.0
592,24206,23.0,2.0,17.0,5.0,1013.0
593,24247,165.0,3.0,78.0,8.0,45.0
593,24248,118.0,3.0,101.0,8.0,165.0
593,24249,49.0,2.0,19.0,3.0,54425.0
593,24250,165.0,3.0,78.0,8.0,133.0
593,24251,23.0,2.0,17.0,8.0,1299.0
593,24252,158.0,7.0,57.0,8.0,18130.0
593,24253,23.0,2.0,17.0,8.0,793.0
593,24254,165.0,3.0,78.0,8.0,158.0
593,24255,158.0,7.0,92.0,8.0,719.0
593,24256,81.0,0.0,0.0,8.0,798.0
594,24291,118.0,3.0,101.0,8.0,186.0
594,24292,118.0,3.0,101.0,8.0,1085.0
594,24293,158.0,7.0,57.0,8.0,268.0
594,24294,165.0,3.0,78.0,8.0,137.0
594,24295,118.0,3.0,101.0,8.0,1046.0
594,24296,158.0,7.0,57.0,8.0,268.0
594,24297,23.0,2.0,17.0,8.0,997.0
594,24298,165.0,3.0,78.0,8.0,195.0
594,24299,158.0,7.0,57.0,8.0,704.0
594,24300,154.0,2.0,99.0,8.0,3637.0
595,24263,95.0,2.0,51.0,2.0,0.0
595,24264,158.0,7.0,57.0,6.0,2913.0
595,24265,81.0,7.0,99.0,6.0,6868.0
595,24266,158.0,7.0,57.0,6.0,755.0
595,24267,23.0,2.0,17.0,6.0,652.0
595,24268,118.0,3.0,101.0,6.0,1065.0
595,24269,118.0,3.0,101.0,6.0,967.0
595,24270,154.0,2.0,99.0,6.0,998.0
595,24271,154.0,2.0,99.0,6.0,8119.0
595,24272,81.0,7.0,99.0,6.0,1324.0
596,24247,165.0,3.0,78.0,8.0,15.0
596,24248,118.0,3.0,101.0,8.0,165.0
596,24249,49.0,2.0,19.0,3.0,54425.0
596,24250,165.0,3.0,78.0,8.0,133.0
596,24251,23.0,2.0,17.0,8.0,1299.0
596,24252,158.0,7.0,57.0,8.0,10265.0
596,24253,23.0,2.0,17.0,8.0,798.0
596,24254,165.0,3.0,78.0,8.0,150.0
596,24255,158.0,7.0,92.0,8.0,48993.0
596,24256,81.0,0.0,0.0,8.0,798.0
597,24263,95.0,2.0,51.0,2.0,0.0
597,24264,158.0,7.0,57.0,6.0,2953.0
597,24265,23.0,2.0,17.0,6.0,631.0
597,24266,158.0,7.0,57.0,6.0,655.0
597,24267,23.0,2.0,17.0,6.0,699.0
597,24268,165.0,3.0,78.0,6.0,32.0
597,24269,81.0,7.0,99.0,6.0,965.0
597,24270,158.0,7.0,57.0,2.0,365.0
597,24271,154.0,2.0,99.0,6.0,8994.0
597,24272,154.0,2.0,99.0,6.0,5736.0
598,24263,60.0,7.0,28.0,6.0,81.0
598,24264,158.0,7.0,57.0,6.0,6054.0
598,24265,154.0,2.0,99.0,6.0,1377.0
598,24266,154.0,2.0,99.0,6.0,8995.0
598,24267,23.0,2.0,17.0,6.0,655.0
598,24268,9.0,2.0,14.0,6.0,132.0
598,24269,118.0,3.0,101.0,6.0,967.0
598,24270,158.0,7.0,57.0,6.0,308.0
598,24271,154.0,2.0,99.0,6.0,8104.0
598,24272,81.0,7.0,99.0,6.0,1013.0
599,24247,165.0,3.0,78.0,8.0,45.0
599,24248,118.0,3.0,101.0,8.0,165.0
599,24249,49.0,2.0,19.0,3.0,58425.0
599,24250,165.0,3.0,78.0,8.0,133.0
599,24251,23.0,2.0,17.0,8.0,1299.0
599,24252,158.0,7.0,57.0,8.0,18733.0
599,24253,23.0,2.0,17.0,8.0,798.0
599,24254,165.0,3.0,78.0,8.0,158.0
599,24255,158.0,7.0,92.0,8.0,48993.0
599,24256,81.0,0.0,0.0,8.0,798.0
600,24247,165.0,3.0,78.0,8.0,15.0
600,24248,118.0,3.0,101.0,8.0,165.0
600,24249,49.0,2.0,19.0,2.0,54425.0
600,24250,165.0,3.0,78.0,8.0,133.0
600,24251,23.0,2.0,17.0,8.0,1299.0
600,24252,158.0,7.0,57.0,8.0,18929.0
600,24253,23.0,2.0,17.0,8.0,791.0
600,24254,165.0,3.0,78.0,8.0,158.0
600,24255,158.0,7.0,92.0,8.0,48993.0
600,24256,81.0,0.0,0.0,8.0,12.0
601,24247,165.0,3.0,78.0,8.0,15.0
601,24248,118.0,3.0,101.0,8.0,165.0
601,24249,49.0,2.0,19.0,2.0,58865.0
601,24250,165.0,3.0,78.0,8.0,133.0
601,24251,23.0,2.0,17.0,8.0,1299.0
601,24252,158.0,7.0,57.0,8.0,11033.0
601,24253,23.0,2.0,17.0,8.0,798.0
601,24254,165.0,3.0,78.0,8.0,158.0
601,24255,158.0,7.0,92.0,8.0,8993.0
601,24256,81.0,7.0,99.0,8.0,1373.0
602,24263,60.0,7.0,28.0,2.0,0.0
602,24264,158.0,7.0,57.0,6.0,1017.0
602,24265,147.0,7.0,60.0,6.0,658.0
602,24266,116.0,1.0,62.0,6.0,1055.0
602,24267,23.0,2.0,17.0,6.0,657.0
602,24268,23.0,2.0,17.0,6.0,5.0
602,24269,118.0,3.0,101.0,6.0,967.0
602,24270,158.0,7.0,57.0,6.0,8.0
602,24271,154.0,2.0,99.0,6.0,8997.0
602,24272,154.0,2.0,99.0,6.0,1314.0
603,24247,165.0,3.0,78.0,8.0,45.0
603,24248,118.0,3.0,101.0,8.0,165.0
603,24249,49.0,2.0,19.0,3.0,54425.0
603,24250,165.0,3.0,78.0,8.0,133.0
603,24251,23.0,2.0,17.0,8.0,1299.0
603,24252,158.0,7.0,57.0,8.0,18730.0
603,24253,23.0,2.0,17.0,8.0,793.0
603,24254,165.0,3.0,78.0,8.0,157.0
603,24255,158.0,7.0,57.0,8.0,48993.0
603,24256,81.0,7.0,99.0,8.0,798.0
604,24247,165.0,3.0,78.0,6.0,45.0
604,24248,118.0,3.0,101.0,6.0,165.0
604,24249,49.0,2.0,19.0,6.0,58825.0
604,24250,165.0,3.0,78.0,6.0,133.0
604,24251,23.0,2.0,17.0,6.0,1299.0
604,24252,158.0,7.0,57.0,6.0,18730.0
604,24253,23.0,2.0,17.0,6.0,796.0
604,24254,165.0,3.0,78.0,6.0,158.0
604,24255,158.0,7.0,57.0,6.0,8993.0
604,24256,81.0,7.0,99.0,6.0,1188.0
605,24263,95.0,2.0,51.0,2.0,0.0
605,24264,158.0,7.0,57.0,6.0,2913.0
605,24265,23.0,2.0,17.0,6.0,631.0
605,24266,158.0,7.0,57.0,6.0,655.0
605,24267,23.0,2.0,17.0,6.0,684.0
605,24268,81.0,7.0,99.0,6.0,1065.0
605,24269,81.0,7.0,99.0,6.0,967.0
605,24270,158.0,7.0,57.0,6.0,328.0
605,24271,154.0,2.0,99.0,6.0,8997.0
605,24272,81.0,7.0,99.0,6.0,1298.0
606,24263,60.0,7.0,28.0,6.0,41.0
606,24264,158.0,7.0,57.0,6.0,1053.0
606,24265,127.0,0.0,0.0,6.0,145.0
606,24266,118.0,3.0,101.0,6.0,1055.0
606,24267,23.0,2.0,17.0,6.0,499.0
606,24268,158.0,7.0,57.0,6.0,265.0
606,24269,118.0,3.0,101.0,6.0,967.0
606,24270,158.0,7.0,57.0,6.0,365.0
606,24271,96.0,2.0,52.0,6.0,100656.0
606,24272,118.0,3.0,101.0,6.0,36.0
607,24247,165.0,3.0,78.0,8.0,15.0
607,24248,118.0,3.0,101.0,8.0,165.0
607,24249,49.0,2.0,19.0,3.0,54425.0
607,24250,165.0,3.0,78.0,8.0,133.0
607,24251,23.0,2.0,17.0,8.0,1299.0
607,24252,158.0,7.0,57.0,8.0,18833.0
607,24253,23.0,2.0,17.0,8.0,798.0
607,24254,165.0,3.0,78.0,8.0,158.0
607,24255,158.0,7.0,57.0,8.0,48993.0
607,24256,81.0,7.0,99.0,8.0,798.0
608,24263,60.0,7.0,28.0,6.0,41.0
608,24264,158.0,7.0,57.0,6.0,1053.0
608,24265,154.0,2.0,99.0,6.0,8555.0
608,24266,154.0,2.0,99.0,6.0,8637.0
608,24267,23.0,2.0,17.0,6.0,495.0
608,24268,154.0,2.0,99.0,6.0,1032.0
608,24269,118.0,3.0,101.0,6.0,977.0
608,24270,154.0,2.0,99.0,6.0,1998.0
608,24271,154.0,2.0,99.0,6.0,8145.0
608,24272,81.0,7.0,99.0,6.0,1236.0
609,24247,165.0,3.0,78.0,8.0,45.0
609,24248,118.0,3.0,101.0,8.0,145.0
609,24249,49.0,2.0,19.0,2.0,54425.0
609,24250,165.0,3.0,78.0,8.0,133.0
609,24251,23.0,2.0,17.0,8.0,1299.0
609,24252,158.0,7.0,57.0,8.0,18830.0
609,24253,23.0,2.0,17.0,8.0,798.0
609,24254,165.0,3.0,78.0,8.0,150.0
609,24255,158.0,7.0,57.0,8.0,8993.0
609,24256,81.0,7.0,99.0,8.0,798.0
610,24247,165.0,3.0,78.0,8.0,15.0
610,24248,118.0,3.0,101.0,8.0,165.0
610,24249,49.0,2.0,19.0,3.0,54425.0
610,24250,165.0,3.0,78.0,8.0,133.0
610,24251,23.0,2.0,17.0,8.0,1299.0
610,24252,158.0,7.0,57.0,8.0,18830.0
610,24253,23.0,2.0,17.0,8.0,798.0
610,24254,165.0,3.0,78.0,8.0,158.0
610,24255,158.0,7.0,92.0,8.0,48993.0
610,24256,81.0,0.0,0.0,8.0,2.0
611,24297,118.0,3.0,101.0,8.0,86.0
611,24298,118.0,3.0,101.0,8.0,137.0
611,24299,49.0,2.0,19.0,3.0,39147.0
611,24200,165.0,3.0,78.0,8.0,137.0
611,24201,23.0,2.0,17.0,8.0,499.0
611,24202,158.0,7.0,57.0,8.0,268.0
611,24203,23.0,2.0,17.0,8.0,797.0
611,24204,158.0,7.0,57.0,8.0,998.0
611,24205,118.0,3.0,101.0,8.0,753.0
611,24206,81.0,0.0,0.0,8.0,1013.0
612,24247,165.0,3.0,78.0,6.0,45.0
612,24248,118.0,3.0,101.0,6.0,165.0
612,24249,49.0,2.0,19.0,6.0,58865.0
612,24250,165.0,3.0,78.0,6.0,133.0
612,24251,23.0,2.0,17.0,6.0,1299.0
612,24252,158.0,7.0,57.0,6.0,18730.0
612,24253,23.0,2.0,17.0,6.0,798.0
612,24254,165.0,3.0,78.0,6.0,158.0
612,24255,158.0,7.0,57.0,6.0,8993.0
612,24256,81.0,7.0,99.0,6.0,1398.0
613,24297,118.0,3.0,101.0,8.0,86.0
613,24298,118.0,3.0,101.0,8.0,1085.0
613,24299,49.0,2.0,19.0,8.0,16147.0
613,24200,165.0,3.0,78.0,8.0,137.0
613,24201,23.0,2.0,17.0,8.0,499.0
613,24202,158.0,7.0,57.0,8.0,18925.0
613,24203,23.0,2.0,17.0,8.0,277.0
613,24204,49.0,2.0,19.0,8.0,498.0
613,24205,118.0,3.0,101.0,8.0,793.0
613,24206,81.0,7.0,99.0,8.0,1013.0
614,24247,165.0,3.0,78.0,8.0,45.0
614,24248,118.0,3.0,101.0,8.0,165.0
614,24249,49.0,2.0,19.0,3.0,58865.0
614,24250,165.0,3.0,78.0,8.0,133.0
614,24251,23.0,2.0,17.0,8.0,1299.0
614,24252,158.0,7.0,57.0,8.0,18929.0
614,24253,23.0,2.0,17.0,8.0,798.0
614,24254,165.0,3.0,78.0,8.0,158.0
614,24255,158.0,7.0,92.0,8.0,8993.0
614,24256,81.0,0.0,0.0,8.0,798.0
615,24247,165.0,3.0,78.0,8.0,45.0
615,24248,118.0,3.0,101.0,8.0,165.0
615,24249,49.0,2.0,19.0,3.0,54425.0
615,24250,165.0,3.0,78.0,8.0,133.0
615,24251,23.0,2.0,17.0,8.0,1299.0
615,24252,158.0,7.0,57.0,8.0,18929.0
615,24253,23.0,2.0,17.0,8.0,793.0
615,24254,165.0,3.0,78.0,8.0,157.0
615,24255,158.0,7.0,92.0,8.0,8993.0
615,24256,81.0,0.0,0.0,8.0,4.0
616,24247,165.0,3.0,78.0,8.0,15.0
616,24248,118.0,3.0,101.0,8.0,165.0
616,24249,49.0,2.0,19.0,3.0,54425.0
616,24250,165.0,3.0,78.0,8.0,133.0
616,24251,23.0,2.0,17.0,8.0,1299.0
616,24252,158.0,7.0,57.0,8.0,18830.0
616,24253,23.0,2.0,17.0,8.0,798.0
616,24254,165.0,3.0,78.0,8.0,157.0
616,24255,158.0,7.0,92.0,8.0,8993.0
616,24256,81.0,0.0,0.0,8.0,798.0
617,24263,60.0,7.0,28.0,6.0,80.0
617,24264,158.0,7.0,57.0,6.0,1053.0
617,24265,154.0,2.0,99.0,6.0,1377.0
617,24266,154.0,2.0,99.0,6.0,8637.0
617,24267,23.0,2.0,17.0,6.0,695.0
617,24268,118.0,3.0,101.0,6.0,1065.0
617,24269,154.0,2.0,99.0,6.0,867.0
617,24270,154.0,2.0,99.0,6.0,1998.0
617,24271,154.0,2.0,99.0,6.0,8165.0
617,24272,81.0,7.0,99.0,6.0,1341.0
618,24247,165.0,3.0,78.0,8.0,15.0
618,24248,118.0,3.0,101.0,8.0,165.0
618,24249,49.0,2.0,19.0,2.0,54425.0
618,24250,165.0,3.0,78.0,8.0,133.0
618,24251,23.0,2.0,17.0,8.0,1299.0
618,24252,158.0,7.0,57.0,8.0,18130.0
618,24253,23.0,2.0,17.0,8.0,793.0
618,24254,165.0,3.0,78.0,8.0,158.0
618,24255,158.0,7.0,92.0,8.0,48993.0
618,24256,81.0,0.0,0.0,8.0,28.0
619,24263,95.0,2.0,51.0,2.0,0.0
619,24264,158.0,7.0,57.0,6.0,1015.0
619,24265,23.0,2.0,17.0,6.0,635.0
619,24266,165.0,3.0,78.0,6.0,55.0
619,24267,23.0,2.0,17.0,6.0,599.0
619,24268,158.0,7.0,57.0,6.0,17265.0
619,24269,23.0,2.0,17.0,6.0,471.0
619,24270,158.0,7.0,57.0,6.0,758.0
619,24271,158.0,7.0,57.0,6.0,8994.0
619,24272,81.0,7.0,99.0,6.0,1218.0
620,24247,165.0,3.0,78.0,8.0,15.0
620,24248,118.0,3.0,101.0,8.0,165.0
620,24249,49.0,2.0,19.0,3.0,58865.0
620,24250,165.0,3.0,78.0,8.0,133.0
620,24251,23.0,2.0,17.0,8.0,1299.0
620,24252,158.0,7.0,57.0,8.0,18929.0
620,24253,23.0,2.0,17.0,8.0,798.0
620,24254,165.0,3.0,78.0,8.0,158.0
620,24255,158.0,7.0,92.0,8.0,8993.0
620,24256,81.0,0.0,0.0,8.0,798.0
621,24247,165.0,3.0,78.0,8.0,95.0
621,24248,118.0,3.0,101.0,8.0,165.0
621,24249,49.0,2.0,19.0,3.0,54425.0
621,24250,165.0,3.0,78.0,8.0,133.0
621,24251,23.0,2.0,17.0,8.0,1299.0
621,24252,158.0,7.0,57.0,8.0,18833.0
621,24253,23.0,2.0,17.0,8.0,798.0
621,24254,165.0,3.0,78.0,8.0,158.0
621,24255,158.0,7.0,92.0,8.0,8993.0
621,24256,81.0,0.0,0.0,8.0,798.0
622,24247,165.0,3.0,78.0,8.0,95.0
622,24248,118.0,3.0,101.0,8.0,165.0
622,24249,49.0,2.0,19.0,3.0,54425.0
622,24250,165.0,3.0,78.0,8.0,133.0
622,24251,23.0,2.0,17.0,8.0,599.0
622,24252,158.0,7.0,57.0,8.0,18730.0
622,24253,23.0,2.0,17.0,8.0,798.0
622,24254,165.0,3.0,78.0,8.0,158.0
622,24255,158.0,7.0,57.0,8.0,8993.0
622,24256,81.0,7.0,99.0,8.0,798.0
623,24263,95.0,2.0,51.0,2.0,0.0
623,24264,158.0,7.0,57.0,6.0,2913.0
623,24265,23.0,2.0,17.0,6.0,631.0
623,24266,165.0,3.0,78.0,6.0,29.0
623,24267,23.0,2.0,17.0,6.0,518.0
623,24268,158.0,7.0,57.0,6.0,965.0
623,24269,23.0,2.0,17.0,6.0,471.0
623,24270,158.0,7.0,57.0,2.0,358.0
623,24271,158.0,7.0,57.0,6.0,8997.0
623,24272,154.0,2.0,99.0,6.0,5736.0
624,24293,118.0,3.0,101.0,8.0,86.0
624,24294,118.0,3.0,101.0,8.0,1085.0
624,24295,154.0,2.0,99.0,8.0,6877.0
624,24296,165.0,3.0,78.0,8.0,77.0
624,24297,23.0,2.0,17.0,8.0,819.0
624,24298,158.0,7.0,57.0,8.0,10265.0
624,24299,23.0,2.0,17.0,8.0,967.0
624,24300,158.0,7.0,57.0,8.0,3695.0
624,24301,118.0,3.0,101.0,8.0,704.0
624,24302,118.0,3.0,101.0,8.0,1036.0
625,24291,118.0,3.0,101.0,8.0,1086.0
625,24292,118.0,3.0,101.0,8.0,1085.0
625,24293,154.0,2.0,99.0,8.0,6877.0
625,24294,165.0,3.0,78.0,8.0,137.0
625,24295,23.0,2.0,17.0,8.0,819.0
625,24296,158.0,7.0,57.0,8.0,10268.0
625,24297,23.0,2.0,17.0,8.0,797.0
625,24298,158.0,7.0,57.0,8.0,795.0
625,24299,118.0,3.0,101.0,8.0,997.0
625,24300,118.0,3.0,101.0,8.0,37.0
626,24263,95.0,2.0,51.0,2.0,0.0
626,24264,158.0,7.0,57.0,6.0,5815.0
626,24265,23.0,2.0,17.0,6.0,645.0
626,24266,165.0,3.0,78.0,6.0,95.0
626,24267,23.0,2.0,17.0,6.0,518.0
626,24268,158.0,7.0,57.0,6.0,65.0
626,24269,23.0,2.0,17.0,6.0,796.0
626,24270,158.0,7.0,57.0,6.0,757.0
626,24271,118.0,3.0,101.0,6.0,757.0
626,24272,154.0,2.0,99.0,6.0,5736.0
627,24263,60.0,7.0,28.0,6.0,100.0
627,24264,158.0,7.0,57.0,6.0,7053.0
627,24265,127.0,0.0,0.0,6.0,145.0
627,24266,81.0,7.0,99.0,6.0,1637.0
627,24267,23.0,2.0,17.0,6.0,499.0
627,24268,158.0,7.0,57.0,6.0,65.0
627,24269,118.0,3.0,101.0,6.0,967.0
627,24270,154.0,2.0,99.0,6.0,998.0
627,24271,154.0,2.0,99.0,6.0,8994.0
627,24272,81.0,0.0,0.0,6.0,1213.0
628,24247,165.0,3.0,78.0,8.0,15.0
628,24248,118.0,3.0,101.0,8.0,165.0
628,24249,49.0,2.0,19.0,3.0,54425.0
628,24250,165.0,3.0,78.0,8.0,133.0
628,24251,23.0,2.0,17.0,8.0,1299.0
628,24252,158.0,7.0,57.0,8.0,18733.0
628,24253,23.0,2.0,17.0,8.0,791.0
628,24254,165.0,3.0,78.0,8.0,158.0
628,24255,158.0,7.0,92.0,8.0,8993.0
628,24256,81.0,7.0,99.0,8.0,798.0
629,24247,165.0,3.0,78.0,8.0,45.0
629,24248,118.0,3.0,101.0,8.0,165.0
629,24249,49.0,2.0,19.0,3.0,58645.0
629,24250,165.0,3.0,78.0,8.0,133.0
629,24251,23.0,2.0,17.0,8.0,1299.0
629,24252,158.0,7.0,57.0,8.0,18733.0
629,24253,23.0,2.0,17.0,8.0,798.0
629,24254,165.0,3.0,78.0,8.0,150.0
629,24255,158.0,7.0,92.0,8.0,48993.0
629,24256,81.0,0.0,0.0,8.0,5.0
630,24247,165.0,3.0,78.0,5.0,15.0
630,24248,118.0,3.0,101.0,5.0,165.0
630,24249,49.0,2.0,19.0,5.0,54145.0
630,24250,158.0,7.0,57.0,5.0,133.0
630,24251,23.0,2.0,17.0,5.0,1299.0
630,24252,158.0,7.0,57.0,5.0,18030.0
630,24253,23.0,2.0,17.0,5.0,798.0
630,24254,165.0,3.0,78.0,5.0,158.0
630,24255,158.0,7.0,92.0,5.0,8993.0
630,24256,81.0,0.0,0.0,5.0,184.0
631,24263,60.0,7.0,28.0,6.0,41.0
631,24264,158.0,7.0,57.0,6.0,1054.0
631,24265,127.0,0.0,0.0,6.0,145.0
631,24266,81.0,7.0,99.0,6.0,1637.0
631,24267,23.0,2.0,17.0,6.0,631.0
631,24268,158.0,7.0,57.0,6.0,65.0
631,24269,118.0,3.0,101.0,6.0,967.0
631,24270,158.0,7.0,57.0,6.0,358.0
631,24271,154.0,2.0,99.0,6.0,8994.0
631,24272,81.0,0.0,0.0,6.0,1513.0
632,24247,165.0,3.0,78.0,8.0,15.0
632,24248,118.0,3.0,101.0,8.0,165.0
632,24249,49.0,2.0,19.0,3.0,54425.0
632,24250,165.0,3.0,78.0,8.0,133.0
632,24251,23.0,2.0,17.0,8.0,1299.0
632,24252,158.0,7.0,57.0,8.0,18833.0
632,24253,23.0,2.0,17.0,8.0,798.0
632,24254,165.0,3.0,78.0,8.0,150.0
632,24255,158.0,7.0,92.0,8.0,48993.0
632,24256,81.0,0.0,0.0,8.0,187.0
633,24247,165.0,3.0,78.0,6.0,15.0
633,24248,118.0,3.0,101.0,6.0,165.0
633,24249,49.0,2.0,19.0,6.0,58865.0
633,24250,165.0,3.0,78.0,6.0,133.0
633,24251,23.0,2.0,17.0,6.0,1299.0
633,24252,158.0,7.0,57.0,6.0,10299.0
633,24253,23.0,2.0,17.0,6.0,796.0
633,24254,165.0,3.0,78.0,6.0,158.0
633,24255,158.0,7.0,57.0,6.0,8993.0
633,24256,81.0,7.0,99.0,6.0,1398.0
634,24247,165.0,3.0,78.0,8.0,15.0
634,24248,118.0,3.0,101.0,8.0,165.0
634,24249,49.0,2.0,19.0,3.0,54425.0
634,24250,165.0,3.0,78.0,8.0,133.0
634,24251,23.0,2.0,17.0,8.0,1299.0
634,24252,158.0,7.0,57.0,8.0,18830.0
634,24253,23.0,2.0,17.0,8.0,793.0
634,24254,165.0,3.0,78.0,8.0,157.0
634,24255,158.0,7.0,92.0,8.0,48993.0
634,24256,81.0,0.0,0.0,8.0,188.0
635,24263,15.0,0.0,0.0,0.0,100140.0
635,24264,158.0,7.0,57.0,0.0,1054.0
635,24265,23.0,2.0,17.0,8.0,631.0
635,24266,165.0,3.0,78.0,0.0,22.0
635,24267,23.0,2.0,17.0,2.0,518.0
635,24268,158.0,7.0,57.0,2.0,32.0
635,24269,23.0,2.0,17.0,8.0,477.0
635,24270,158.0,7.0,57.0,2.0,757.0
635,24271,158.0,7.0,57.0,8.0,8994.0
635,24272,154.0,2.0,99.0,2.0,5733.0
636,24247,165.0,3.0,78.0,8.0,15.0
636,24248,118.0,3.0,101.0,8.0,165.0
636,24249,49.0,2.0,19.0,3.0,58865.0
636,24250,165.0,3.0,78.0,8.0,133.0
636,24251,23.0,2.0,17.0,8.0,1299.0
636,24252,158.0,7.0,57.0,8.0,18833.0
636,24253,23.0,2.0,17.0,8.0,793.0
636,24254,165.0,3.0,78.0,8.0,158.0
636,24255,158.0,7.0,57.0,8.0,793.0
636,24256,81.0,0.0,0.0,8.0,169.0
637,24247,165.0,3.0,78.0,8.0,15.0
637,24248,118.0,3.0,101.0,8.0,165.0
637,24249,49.0,2.0,19.0,3.0,54425.0
637,24250,165.0,3.0,78.0,8.0,133.0
637,24251,23.0,2.0,17.0,8.0,1299.0
637,24252,158.0,7.0,57.0,8.0,18830.0
637,24253,23.0,2.0,17.0,8.0,793.0
637,24254,165.0,3.0,78.0,8.0,158.0
637,24255,158.0,7.0,92.0,8.0,8993.0
637,24256,81.0,0.0,0.0,8.0,4.0
638,24297,118.0,3.0,101.0,5.0,86.0
638,24298,118.0,3.0,101.0,5.0,137.0
638,24299,154.0,2.0,99.0,5.0,3877.0
638,24200,165.0,3.0,78.0,5.0,137.0
638,24201,118.0,3.0,101.0,5.0,1299.0
638,24202,158.0,7.0,57.0,5.0,268.0
638,24203,23.0,2.0,17.0,5.0,797.0
638,24204,158.0,7.0,57.0,5.0,365.0
638,24205,118.0,3.0,101.0,5.0,993.0
638,24206,23.0,2.0,17.0,5.0,1024.0
639,24247,165.0,3.0,78.0,6.0,45.0
639,24248,118.0,3.0,101.0,6.0,165.0
639,24249,49.0,2.0,19.0,6.0,58825.0
639,24250,165.0,3.0,78.0,6.0,133.0
639,24251,23.0,2.0,17.0,6.0,1299.0
639,24252,158.0,7.0,57.0,6.0,18730.0
639,24253,23.0,2.0,17.0,6.0,796.0
639,24254,158.0,7.0,57.0,6.0,48998.0
639,24255,158.0,7.0,57.0,6.0,8993.0
639,24256,81.0,7.0,99.0,6.0,1298.0
640,24247,165.0,3.0,78.0,8.0,15.0
640,24248,118.0,3.0,101.0,8.0,165.0
640,24249,49.0,2.0,19.0,3.0,54425.0
640,24250,165.0,3.0,78.0,8.0,133.0
640,24251,23.0,2.0,17.0,8.0,1299.0
640,24252,158.0,7.0,57.0,8.0,18830.0
640,24253,23.0,2.0,17.0,8.0,793.0
640,24254,165.0,3.0,78.0,8.0,158.0
640,24255,158.0,7.0,92.0,8.0,48993.0
640,24256,81.0,0.0,0.0,8.0,798.0
641,24257,154.0,2.0,99.0,2.0,8995.0
641,24258,165.0,3.0,78.0,8.0,115.0
641,24259,158.0,7.0,57.0,8.0,1341.0
641,24260,165.0,3.0,78.0,8.0,137.0
641,24261,23.0,2.0,17.0,8.0,549.0
641,24262,118.0,3.0,101.0,8.0,65.0
641,24263,23.0,2.0,17.0,8.0,476.0
641,24264,158.0,7.0,57.0,8.0,358.0
641,24265,158.0,7.0,57.0,8.0,8993.0
641,24266,81.0,7.0,99.0,8.0,1318.0
642,24297,118.0,3.0,101.0,8.0,86.0
642,24298,118.0,3.0,101.0,8.0,135.0
642,24299,49.0,2.0,19.0,8.0,39265.0
642,24200,165.0,3.0,78.0,8.0,137.0
642,24201,23.0,2.0,17.0,8.0,499.0
642,24202,158.0,7.0,57.0,8.0,265.0
642,24203,23.0,2.0,17.0,8.0,797.0
642,24204,158.0,7.0,57.0,8.0,998.0
642,24205,118.0,3.0,101.0,8.0,793.0
642,24206,81.0,0.0,0.0,8.0,1013.0
643,24263,60.0,7.0,28.0,6.0,41.0
643,24264,158.0,7.0,57.0,6.0,1054.0
643,24265,127.0,0.0,0.0,6.0,145.0
643,24266,118.0,3.0,101.0,6.0,1032.0
643,24267,23.0,2.0,17.0,6.0,495.0
643,24268,158.0,7.0,57.0,6.0,265.0
643,24269,118.0,3.0,101.0,6.0,967.0
643,24270,158.0,7.0,57.0,6.0,358.0
643,24271,96.0,2.0,52.0,6.0,100684.0
643,24272,118.0,3.0,101.0,6.0,13.0
644,20227,154.0,2.0,99.0,2.0,138035.0
644,20228,81.0,7.0,99.0,8.0,12117.0
644,20229,81.0,7.0,99.0,8.0,1178.0
644,20230,118.0,3.0,101.0,8.0,45.0
644,20231,154.0,2.0,99.0,8.0,19155.0
644,20232,154.0,2.0,99.0,8.0,1043.0
644,20233,23.0,2.0,17.0,8.0,342.0
644,20234,81.0,7.0,99.0,8.0,1617.0
644,20235,118.0,3.0,101.0,8.0,706.0
644,20236,154.0,2.0,99.0,8.0,1698.0
645,24291,118.0,3.0,101.0,5.0,1086.0
645,24292,118.0,3.0,101.0,5.0,1085.0
645,24293,154.0,2.0,99.0,5.0,6877.0
645,24294,165.0,3.0,78.0,5.0,137.0
645,24295,118.0,3.0,101.0,5.0,1269.0
645,24296,158.0,7.0,57.0,5.0,10268.0
645,24297,23.0,2.0,17.0,5.0,797.0
645,24298,158.0,7.0,57.0,5.0,3695.0
645,24299,154.0,2.0,99.0,5.0,514.0
645,24300,154.0,2.0,99.0,5.0,3637.0
646,24263,60.0,7.0,28.0,6.0,41.0
646,24264,158.0,7.0,57.0,6.0,1054.0
646,24265,127.0,0.0,0.0,6.0,145.0
646,24266,60.0,7.0,28.0,6.0,4132.0
646,24267,23.0,2.0,17.0,6.0,687.0
646,24268,158.0,7.0,57.0,6.0,265.0
646,24269,118.0,3.0,101.0,6.0,967.0
646,24270,158.0,7.0,57.0,6.0,365.0
646,24271,96.0,2.0,52.0,6.0,100657.0
646,24272,118.0,3.0,101.0,6.0,13.0
647,24263,60.0,7.0,28.0,6.0,7341.0
647,24264,158.0,7.0,57.0,6.0,1054.0
647,24265,127.0,0.0,0.0,6.0,145.0
647,24266,81.0,7.0,99.0,6.0,4137.0
647,24267,23.0,2.0,17.0,6.0,495.0
647,24268,103.0,6.0,53.0,6.0,65.0
647,24269,118.0,3.0,101.0,6.0,991.0
647,24270,158.0,7.0,57.0,6.0,998.0
647,24271,154.0,2.0,99.0,6.0,8993.0
647,24272,81.0,0.0,0.0,6.0,1013.0
648,24263,60.0,7.0,28.0,6.0,131.0
648,24264,158.0,7.0,57.0,6.0,6324.0
648,24265,154.0,2.0,99.0,6.0,1377.0
648,24266,154.0,2.0,99.0,6.0,8137.0
648,24267,23.0,2.0,17.0,6.0,695.0
648,24268,118.0,3.0,101.0,6.0,65.0
648,24269,118.0,3.0,101.0,6.0,997.0
648,24270,154.0,2.0,99.0,6.0,1998.0
648,24271,154.0,2.0,99.0,6.0,8145.0
648,24272,81.0,7.0,99.0,6.0,1394.0
649,24247,165.0,3.0,78.0,8.0,15.0
649,24248,118.0,3.0,101.0,8.0,165.0
649,24249,49.0,2.0,19.0,2.0,54425.0
649,24250,165.0,3.0,78.0,8.0,133.0
649,24251,23.0,2.0,17.0,8.0,1299.0
649,24252,158.0,7.0,57.0,8.0,18133.0
649,24253,23.0,2.0,17.0,8.0,473.0
649,24254,165.0,3.0,78.0,8.0,158.0
649,24255,158.0,7.0,92.0,8.0,48993.0
649,24256,81.0,0.0,0.0,8.0,2.0
650,24263,95.0,2.0,51.0,2.0,0.0
650,24264,158.0,7.0,57.0,6.0,2913.0
650,24265,81.0,7.0,99.0,6.0,6558.0
650,24266,158.0,7.0,57.0,6.0,637.0
650,24267,23.0,2.0,17.0,6.0,652.0
650,24268,118.0,3.0,101.0,6.0,65.0
650,24269,118.0,3.0,101.0,6.0,967.0
650,24270,158.0,7.0,57.0,6.0,365.0
650,24271,154.0,2.0,99.0,6.0,8994.0
650,24272,81.0,7.0,99.0,6.0,1218.0
651,24247,165.0,3.0,78.0,8.0,45.0
651,24248,118.0,3.0,101.0,8.0,165.0
651,24249,49.0,2.0,19.0,3.0,54425.0
651,24250,165.0,3.0,78.0,8.0,133.0
651,24251,23.0,2.0,17.0,8.0,1299.0
651,24252,158.0,7.0,57.0,8.0,18929.0
651,24253,23.0,2.0,17.0,8.0,798.0
651,24254,165.0,3.0,78.0,8.0,150.0
651,24255,158.0,7.0,92.0,8.0,8993.0
651,24256,81.0,0.0,0.0,8.0,169.0
652,24263,60.0,7.0,28.0,6.0,100.0
652,24264,158.0,7.0,57.0,6.0,7053.0
652,24265,127.0,0.0,0.0,6.0,145.0
652,24266,81.0,7.0,99.0,6.0,1637.0
652,24267,23.0,2.0,17.0,6.0,495.0
652,24268,165.0,3.0,78.0,6.0,65.0
652,24269,118.0,3.0,101.0,6.0,967.0
652,24270,158.0,7.0,57.0,6.0,165.0
652,24271,154.0,2.0,99.0,6.0,8994.0
652,24272,154.0,2.0,99.0,6.0,1313.0
653,24263,10.0,0.0,0.0,8.0,3.0
653,24264,158.0,7.0,57.0,8.0,1013.0
653,24265,23.0,2.0,17.0,8.0,645.0
653,24266,165.0,3.0,78.0,8.0,22.0
653,24267,23.0,2.0,17.0,8.0,518.0
653,24268,158.0,7.0,57.0,8.0,65.0
653,24269,23.0,2.0,17.0,8.0,867.0
653,24270,158.0,7.0,57.0,8.0,755.0
653,24271,118.0,3.0,101.0,8.0,707.0
653,24272,154.0,2.0,99.0,8.0,5736.0
654,24263,95.0,2.0,51.0,2.0,0.0
654,24264,158.0,7.0,57.0,6.0,1015.0
654,24265,23.0,2.0,17.0,2.0,631.0
654,24266,158.0,7.0,57.0,6.0,637.0
654,24267,23.0,2.0,17.0,6.0,484.0
654,24268,158.0,7.0,57.0,6.0,265.0
654,24269,23.0,2.0,17.0,6.0,867.0
654,24270,158.0,7.0,57.0,2.0,318.0
654,24271,118.0,3.0,101.0,6.0,757.0
654,24272,154.0,2.0,99.0,6.0,1213.0
655,24247,165.0,3.0,78.0,8.0,15.0
655,24248,118.0,3.0,101.0,8.0,165.0
655,24249,49.0,2.0,19.0,3.0,54425.0
655,24250,165.0,3.0,78.0,8.0,133.0
655,24251,23.0,2.0,17.0,8.0,1299.0
655,24252,158.0,7.0,57.0,8.0,11230.0
655,24253,23.0,2.0,17.0,8.0,798.0
655,24254,165.0,3.0,78.0,8.0,157.0
655,24255,158.0,7.0,92.0,8.0,48993.0
655,24256,81.0,0.0,0.0,8.0,169.0
656,20987,158.0,0.0,0.0,0.0,184.0
656,20988,158.0,7.0,57.0,0.0,27884.0
656,20989,81.0,7.0,99.0,2.0,182.0
656,20990,103.0,6.0,53.0,2.0,81.0
656,20991,166.0,3.0,95.0,0.0,553.0
656,20992,158.0,7.0,57.0,2.0,9707.0
656,20993,81.0,7.0,99.0,2.0,1367.0
656,20994,118.0,3.0,101.0,2.0,1365.0
656,20995,118.0,3.0,101.0,6.0,706.0
656,20996,118.0,3.0,101.0,8.0,36.0
657,24291,118.0,3.0,101.0,8.0,1086.0
657,24292,118.0,3.0,101.0,8.0,1085.0
657,24293,154.0,2.0,99.0,8.0,6790.0
657,24294,165.0,3.0,78.0,8.0,137.0
657,24295,23.0,2.0,17.0,8.0,819.0
657,24296,158.0,7.0,57.0,8.0,10268.0
657,24297,23.0,2.0,17.0,8.0,797.0
657,24298,158.0,7.0,57.0,8.0,367.0
657,24299,118.0,3.0,101.0,8.0,997.0
657,24300,154.0,2.0,99.0,8.0,3637.0
658,24247,165.0,3.0,78.0,6.0,45.0
658,24248,118.0,3.0,101.0,6.0,165.0
658,24249,49.0,2.0,19.0,6.0,58145.0
658,24250,165.0,3.0,78.0,6.0,133.0
658,24251,23.0,2.0,17.0,6.0,3655.0
658,24252,158.0,7.0,57.0,6.0,18730.0
658,24253,23.0,2.0,17.0,6.0,798.0
658,24254,165.0,3.0,78.0,6.0,158.0
658,24255,158.0,7.0,57.0,6.0,8993.0
658,24256,81.0,7.0,99.0,6.0,1398.0
659,24263,60.0,7.0,28.0,6.0,131.0
659,24264,158.0,7.0,57.0,6.0,1055.0
659,24265,127.0,0.0,0.0,6.0,142.0
659,24266,118.0,3.0,101.0,6.0,1055.0
659,24267,23.0,2.0,17.0,6.0,499.0
659,24268,158.0,7.0,57.0,6.0,265.0
659,24269,118.0,3.0,101.0,6.0,971.0
659,24270,158.0,7.0,57.0,6.0,358.0
659,24271,96.0,2.0,52.0,6.0,684.0
659,24272,118.0,3.0,101.0,6.0,36.0
660,24291,118.0,3.0,101.0,5.0,1086.0
660,24292,118.0,3.0,101.0,5.0,1085.0
660,24293,154.0,2.0,99.0,5.0,6877.0
660,24294,165.0,3.0,78.0,5.0,137.0
660,24295,118.0,3.0,101.0,5.0,1268.0
660,24296,158.0,7.0,57.0,5.0,10268.0
660,24297,23.0,2.0,17.0,5.0,797.0
660,24298,158.0,7.0,57.0,5.0,3695.0
660,24299,118.0,3.0,101.0,5.0,997.0
660,24300,154.0,2.0,99.0,5.0,3637.0
661,24247,165.0,3.0,78.0,8.0,45.0
661,24248,118.0,3.0,101.0,8.0,165.0
661,24249,49.0,2.0,19.0,3.0,58145.0
661,24250,165.0,3.0,78.0,8.0,133.0
661,24251,23.0,2.0,17.0,8.0,1299.0
661,24252,158.0,7.0,57.0,8.0,18929.0
661,24253,23.0,2.0,17.0,8.0,798.0
661,24254,165.0,3.0,78.0,8.0,158.0
661,24255,158.0,7.0,92.0,8.0,8993.0
661,24256,81.0,0.0,0.0,8.0,12.0
662,24221,118.0,3.0,101.0,8.0,86.0
662,24222,158.0,7.0,57.0,8.0,8025.0
662,24223,118.0,3.0,101.0,8.0,877.0
662,24224,165.0,3.0,78.0,8.0,37.0
662,24225,165.0,3.0,78.0,8.0,519.0
662,24226,158.0,7.0,57.0,8.0,215.0
662,24227,81.0,7.0,99.0,8.0,798.0
662,24228,154.0,2.0,99.0,8.0,3693.0
662,24229,81.0,7.0,99.0,8.0,7997.0
662,24230,153.0,2.0,99.0,8.0,732.0
663,26211,163.0,0.0,0.0,0.0,3686.0
663,26212,6.0,0.0,0.0,0.0,128664.0
663,26213,133.0,7.0,50.0,8.0,145.0
663,26214,158.0,7.0,57.0,2.0,25.0
663,26215,23.0,2.0,17.0,2.0,43.0
663,26216,81.0,7.0,99.0,2.0,7805.0
663,26217,81.0,7.0,99.0,8.0,742.0
663,26218,158.0,7.0,57.0,2.0,400.0
663,26219,81.0,7.0,99.0,2.0,702.0
663,26220,165.0,3.0,78.0,2.0,733.0
664,24247,49.0,2.0,19.0,2.0,238745.0
664,24248,158.0,7.0,57.0,6.0,13925.0
664,24249,81.0,7.0,99.0,6.0,178.0
664,24250,118.0,3.0,101.0,6.0,604.0
664,24251,165.0,3.0,78.0,6.0,0.0
664,24252,158.0,7.0,57.0,6.0,14000.0
664,24253,23.0,2.0,17.0,6.0,493.0
664,24254,158.0,7.0,57.0,2.0,365.0
664,24255,81.0,7.0,99.0,6.0,8993.0
664,24256,81.0,7.0,99.0,6.0,1188.0
665,24247,165.0,3.0,78.0,8.0,15.0
665,24248,118.0,3.0,101.0,8.0,165.0
665,24249,49.0,2.0,19.0,3.0,54425.0
665,24250,165.0,3.0,78.0,8.0,133.0
665,24251,23.0,2.0,17.0,8.0,1299.0
665,24252,158.0,7.0,57.0,8.0,18929.0
665,24253,23.0,2.0,17.0,8.0,793.0
665,24254,165.0,3.0,78.0,8.0,158.0
665,24255,158.0,7.0,92.0,8.0,48993.0
665,24256,81.0,7.0,99.0,8.0,798.0
666,24263,60.0,7.0,28.0,6.0,43.0
666,24264,158.0,7.0,57.0,6.0,1015.0
666,24265,127.0,0.0,0.0,6.0,146.0
666,24266,56.0,7.0,26.0,6.0,665.0
666,24267,23.0,2.0,17.0,6.0,655.0
666,24268,81.0,7.0,99.0,6.0,1035.0
666,24269,118.0,3.0,101.0,6.0,967.0
666,24270,158.0,7.0,57.0,6.0,555.0
666,24271,154.0,2.0,99.0,6.0,8104.0
666,24272,81.0,0.0,0.0,6.0,1513.0
667,24263,10.0,0.0,0.0,8.0,43.0
667,24264,158.0,7.0,57.0,8.0,8913.0
667,24265,23.0,2.0,17.0,8.0,665.0
667,24266,165.0,3.0,78.0,8.0,22.0
667,24267,23.0,2.0,17.0,8.0,519.0
667,24268,158.0,7.0,57.0,8.0,265.0
667,24269,23.0,2.0,17.0,8.0,791.0
667,24270,158.0,7.0,57.0,8.0,757.0
667,24271,118.0,3.0,101.0,8.0,707.0
667,24272,154.0,2.0,99.0,8.0,5736.0
668,24227,154.0,2.0,99.0,2.0,35.0
668,24228,154.0,2.0,99.0,8.0,12873.0
668,24229,154.0,2.0,99.0,8.0,3177.0
668,24230,154.0,2.0,99.0,8.0,8995.0
668,24231,154.0,2.0,99.0,8.0,19165.0
668,24232,23.0,2.0,17.0,8.0,1025.0
668,24233,81.0,7.0,99.0,8.0,341.0
668,24234,81.0,7.0,99.0,8.0,1617.0
668,24235,158.0,7.0,57.0,8.0,17183.0
668,24236,154.0,2.0,99.0,8.0,1698.0
669,24247,165.0,3.0,78.0,8.0,15.0
669,24248,118.0,3.0,101.0,8.0,165.0
669,24249,49.0,2.0,19.0,3.0,54400.0
669,24250,165.0,3.0,78.0,8.0,137.0
669,24251,23.0,2.0,17.0,8.0,1299.0
669,24252,158.0,7.0,57.0,8.0,18130.0
669,24253,23.0,2.0,17.0,8.0,798.0
669,24254,165.0,3.0,78.0,8.0,158.0
669,24255,158.0,7.0,92.0,8.0,48993.0
669,24256,81.0,0.0,0.0,8.0,188.0
670,3226,158.0,7.0,57.0,2.0,318.0
670,3227,118.0,3.0,101.0,2.0,67.0
670,3228,158.0,7.0,57.0,8.0,1878.0
670,3229,81.0,7.0,99.0,8.0,702.0
670,3230,158.0,7.0,92.0,2.0,347.0
670,3231,158.0,7.0,57.0,8.0,7.0
670,3232,118.0,3.0,101.0,8.0,21.0
670,3233,165.0,3.0,78.0,8.0,55.0
670,3234,165.0,3.0,78.0,8.0,190.0
670,3235,158.0,7.0,57.0,8.0,65.0
671,26552,56.0,7.0,26.0,2.0,3687.0
671,26553,161.0,7.0,76.0,8.0,700.0
671,26554,165.0,3.0,78.0,8.0,373.0
671,26555,154.0,2.0,99.0,8.0,8865.0
671,26556,23.0,2.0,17.0,8.0,98.0
671,26557,81.0,7.0,99.0,8.0,117.0
671,26558,165.0,3.0,78.0,8.0,24.0
671,26559,118.0,3.0,101.0,8.0,7.0
671,26560,56.0,7.0,26.0,8.0,410.0
671,26561,154.0,2.0,99.0,8.0,2363.0
672,24263,95.0,2.0,51.0,2.0,0.0
672,24264,158.0,7.0,57.0,6.0,1013.0
672,24265,23.0,2.0,17.0,8.0,635.0
672,24266,165.0,3.0,78.0,6.0,95.0
672,24267,23.0,2.0,17.0,6.0,589.0
672,24268,158.0,7.0,57.0,6.0,965.0
672,24269,23.0,2.0,17.0,6.0,867.0
672,24270,158.0,7.0,57.0,2.0,758.0
672,24271,118.0,3.0,101.0,6.0,757.0
672,24272,154.0,2.0,99.0,6.0,1213.0
673,24247,165.0,3.0,78.0,8.0,95.0
673,24248,118.0,3.0,101.0,8.0,165.0
673,24249,49.0,2.0,19.0,2.0,54145.0
673,24250,165.0,3.0,78.0,8.0,133.0
673,24251,23.0,2.0,17.0,8.0,1299.0
673,24252,158.0,7.0,57.0,8.0,18130.0
673,24253,23.0,2.0,17.0,8.0,798.0
673,24254,165.0,3.0,78.0,8.0,158.0
673,24255,158.0,7.0,92.0,8.0,48993.0
673,24256,81.0,0.0,0.0,8.0,798.0
674,24263,60.0,7.0,28.0,8.0,41.0
674,24264,158.0,7.0,57.0,8.0,9633.0
674,24265,127.0,0.0,0.0,8.0,1865.0
674,24266,118.0,3.0,101.0,8.0,1057.0
674,24267,23.0,2.0,17.0,8.0,499.0
674,24268,158.0,7.0,57.0,8.0,265.0
674,24269,118.0,3.0,101.0,8.0,967.0
674,24270,158.0,7.0,57.0,8.0,758.0
674,24271,96.0,2.0,52.0,8.0,407.0
674,24272,118.0,3.0,101.0,8.0,36.0
675,24297,118.0,3.0,101.0,8.0,86.0
675,24298,118.0,3.0,101.0,8.0,1085.0
675,24299,154.0,2.0,99.0,3.0,3865.0
675,24200,165.0,3.0,78.0,8.0,137.0
675,24201,23.0,2.0,17.0,8.0,499.0
675,24202,158.0,7.0,57.0,8.0,268.0
675,24203,23.0,2.0,17.0,8.0,797.0
675,24204,158.0,7.0,57.0,8.0,995.0
675,24205,118.0,3.0,101.0,8.0,993.0
675,24206,23.0,2.0,17.0,8.0,1013.0
676,24247,165.0,3.0,78.0,6.0,45.0
676,24248,118.0,3.0,101.0,6.0,165.0
676,24249,49.0,2.0,19.0,6.0,58825.0
676,24250,165.0,3.0,78.0,6.0,133.0
676,24251,23.0,2.0,17.0,6.0,1299.0
676,24252,158.0,7.0,57.0,6.0,18730.0
676,24253,23.0,2.0,17.0,6.0,798.0
676,24254,165.0,3.0,78.0,6.0,158.0
676,24255,158.0,7.0,57.0,6.0,8993.0
676,24256,81.0,7.0,99.0,6.0,1398.0
677,24247,49.0,2.0,19.0,6.0,230149.0
677,24248,158.0,7.0,57.0,6.0,13925.0
677,24249,81.0,7.0,99.0,6.0,178.0
677,24250,118.0,3.0,101.0,6.0,687.0
677,24251,165.0,3.0,78.0,6.0,41.0
677,24252,158.0,7.0,57.0,6.0,18029.0
677,24253,23.0,2.0,17.0,6.0,496.0
677,24254,158.0,7.0,57.0,6.0,398.0
677,24255,81.0,7.0,99.0,6.0,8993.0
677,24256,81.0,7.0,99.0,6.0,1169.0
678,24247,165.0,3.0,78.0,6.0,45.0
678,24248,118.0,3.0,101.0,6.0,165.0
678,24249,49.0,2.0,19.0,6.0,58877.0
678,24250,165.0,3.0,78.0,6.0,133.0
678,24251,23.0,2.0,17.0,6.0,1299.0
678,24252,158.0,7.0,57.0,6.0,18730.0
678,24253,23.0,2.0,17.0,6.0,796.0
678,24254,165.0,3.0,78.0,6.0,158.0
678,24255,158.0,7.0,57.0,6.0,48993.0
678,24256,81.0,7.0,99.0,6.0,1373.0
679,24247,165.0,3.0,78.0,8.0,15.0
679,24248,118.0,3.0,101.0,8.0,165.0
679,24249,49.0,2.0,19.0,2.0,54425.0
679,24250,165.0,3.0,78.0,8.0,133.0
679,24251,23.0,2.0,17.0,8.0,1299.0
679,24252,158.0,7.0,57.0,8.0,18830.0
679,24253,23.0,2.0,17.0,8.0,798.0
679,24254,165.0,3.0,78.0,8.0,158.0
679,24255,158.0,7.0,92.0,8.0,48993.0
679,24256,81.0,0.0,0.0,8.0,73.0
680,24263,10.0,0.0,0.0,2.0,10.0
680,24264,81.0,7.0,99.0,8.0,1012.0
680,24265,23.0,2.0,17.0,8.0,665.0
680,24266,158.0,7.0,57.0,8.0,8991.0
680,24267,23.0,2.0,17.0,8.0,653.0
680,24268,118.0,3.0,101.0,8.0,65.0
680,24269,118.0,3.0,101.0,8.0,967.0
680,24270,158.0,7.0,57.0,8.0,798.0
680,24271,154.0,2.0,99.0,8.0,8997.0
680,24272,81.0,0.0,0.0,8.0,1036.0
681,24247,165.0,3.0,78.0,2.0,15.0
681,24248,118.0,3.0,101.0,8.0,165.0
681,24249,49.0,2.0,19.0,8.0,54145.0
681,24250,165.0,3.0,78.0,8.0,133.0
681,24251,23.0,2.0,17.0,8.0,1299.0
681,24252,158.0,7.0,57.0,8.0,18929.0
681,24253,23.0,2.0,17.0,8.0,798.0
681,24254,165.0,3.0,78.0,8.0,157.0
681,24255,158.0,7.0,92.0,8.0,8993.0
681,24256,81.0,7.0,99.0,8.0,798.0
682,24263,95.0,2.0,51.0,2.0,0.0
682,24264,158.0,7.0,57.0,6.0,5953.0
682,24265,23.0,2.0,17.0,6.0,645.0
682,24266,165.0,3.0,78.0,6.0,95.0
682,24267,23.0,2.0,17.0,6.0,699.0
682,24268,158.0,7.0,57.0,6.0,65.0
682,24269,23.0,2.0,17.0,6.0,865.0
682,24270,158.0,7.0,57.0,2.0,758.0
682,24271,107.0,0.0,0.0,6.0,57.0
682,24272,158.0,7.0,57.0,6.0,731.0
683,24263,95.0,2.0,51.0,2.0,0.0
683,24264,158.0,7.0,57.0,6.0,1013.0
683,24265,81.0,7.0,99.0,6.0,6558.0
683,24266,154.0,2.0,99.0,6.0,8637.0
683,24267,165.0,3.0,78.0,6.0,695.0
683,24268,23.0,2.0,17.0,6.0,65.0
683,24269,118.0,3.0,101.0,6.0,991.0
683,24270,158.0,7.0,57.0,6.0,328.0
683,24271,154.0,2.0,99.0,6.0,8994.0
683,24272,154.0,2.0,99.0,6.0,1294.0
684,24263,60.0,7.0,28.0,6.0,41.0
684,24264,158.0,7.0,57.0,6.0,1053.0
684,24265,127.0,0.0,0.0,6.0,145.0
684,24266,96.0,2.0,52.0,6.0,1053.0
684,24267,23.0,2.0,17.0,6.0,484.0
684,24268,81.0,7.0,99.0,6.0,1005.0
684,24269,116.0,1.0,62.0,6.0,77.0
684,24270,158.0,7.0,57.0,6.0,55.0
684,24271,118.0,3.0,101.0,6.0,757.0
684,24272,81.0,0.0,0.0,6.0,1013.0
685,24247,165.0,3.0,78.0,8.0,45.0
685,24248,118.0,3.0,101.0,8.0,165.0
685,24249,49.0,2.0,19.0,2.0,54425.0
685,24250,165.0,3.0,78.0,8.0,133.0
685,24251,23.0,2.0,17.0,8.0,1299.0
685,24252,158.0,7.0,57.0,8.0,18730.0
685,24253,23.0,2.0,17.0,8.0,798.0
685,24254,165.0,3.0,78.0,8.0,158.0
685,24255,158.0,7.0,92.0,8.0,48993.0
685,24256,81.0,0.0,0.0,8.0,2.0
686,24247,165.0,3.0,78.0,8.0,15.0
686,24248,118.0,3.0,101.0,8.0,165.0
686,24249,49.0,2.0,19.0,3.0,54425.0
686,24250,165.0,3.0,78.0,8.0,133.0
686,24251,23.0,2.0,17.0,8.0,1299.0
686,24252,158.0,7.0,57.0,8.0,18929.0
686,24253,23.0,2.0,17.0,8.0,107.0
686,24254,165.0,3.0,78.0,8.0,150.0
686,24255,158.0,7.0,92.0,8.0,48993.0
686,24256,81.0,7.0,99.0,8.0,798.0
687,24297,118.0,3.0,101.0,8.0,86.0
687,24298,118.0,3.0,101.0,8.0,1085.0
687,24299,154.0,2.0,99.0,5.0,3865.0
687,24200,165.0,3.0,78.0,8.0,137.0
687,24201,23.0,2.0,17.0,8.0,599.0
687,24202,158.0,7.0,57.0,8.0,268.0
687,24203,23.0,2.0,17.0,8.0,797.0
687,24204,158.0,7.0,57.0,8.0,395.0
687,24205,118.0,3.0,101.0,8.0,713.0
687,24306,23.0,2.0,17.0,8.0,1013.0
688,26211,163.0,0.0,0.0,0.0,2615.0
688,26212,6.0,0.0,0.0,0.0,941124.0
688,26213,165.0,3.0,78.0,0.0,137.0
688,26214,158.0,7.0,57.0,0.0,25.0
688,26215,23.0,2.0,17.0,2.0,43.0
688,26216,81.0,7.0,99.0,2.0,7105.0
688,26217,81.0,7.0,99.0,2.0,167.0
688,26218,153.0,2.0,99.0,2.0,1493.0
688,26219,118.0,3.0,101.0,2.0,707.0
688,26220,158.0,7.0,57.0,2.0,737.0
689,24263,95.0,2.0,51.0,2.0,0.0
689,24264,158.0,7.0,57.0,6.0,1013.0
689,24265,23.0,2.0,17.0,6.0,631.0
689,24266,165.0,3.0,78.0,6.0,0.0
689,24267,23.0,2.0,17.0,6.0,489.0
689,24268,158.0,7.0,57.0,6.0,11065.0
689,24269,23.0,2.0,17.0,6.0,471.0
689,24270,158.0,7.0,57.0,2.0,798.0
689,24271,158.0,7.0,57.0,6.0,8994.0
689,24272,158.0,7.0,57.0,6.0,731.0
690,24247,165.0,3.0,78.0,8.0,15.0
690,24248,118.0,3.0,101.0,8.0,165.0
690,24249,49.0,2.0,19.0,3.0,54425.0
690,24250,165.0,3.0,78.0,8.0,133.0
690,24251,23.0,2.0,17.0,8.0,1299.0
690,24252,158.0,7.0,57.0,8.0,18929.0
690,24253,23.0,2.0,17.0,8.0,798.0
690,24254,165.0,3.0,78.0,8.0,158.0
690,24255,158.0,7.0,92.0,8.0,8993.0
690,24256,81.0,0.0,0.0,8.0,169.0
691,24247,165.0,3.0,78.0,8.0,15.0
691,24248,118.0,3.0,101.0,8.0,165.0
691,24249,49.0,2.0,19.0,3.0,54425.0
691,24250,165.0,3.0,78.0,8.0,133.0
691,24251,23.0,2.0,17.0,8.0,1299.0
691,24252,158.0,7.0,57.0,8.0,10230.0
691,24253,23.0,2.0,17.0,8.0,791.0
691,24254,165.0,3.0,78.0,8.0,158.0
691,24255,158.0,7.0,92.0,8.0,48993.0
691,24256,81.0,0.0,0.0,8.0,13.0
692,24221,118.0,3.0,101.0,8.0,88.0
692,24222,158.0,7.0,57.0,8.0,8145.0
692,24223,118.0,3.0,101.0,8.0,668.0
692,24224,165.0,3.0,78.0,8.0,137.0
692,24225,158.0,7.0,57.0,8.0,596.0
692,24226,158.0,7.0,57.0,8.0,215.0
692,24227,81.0,7.0,99.0,8.0,791.0
692,24228,154.0,2.0,99.0,8.0,3698.0
692,24229,118.0,3.0,101.0,8.0,995.0
692,24230,154.0,2.0,99.0,8.0,732.0
693,24247,165.0,3.0,78.0,8.0,15.0
693,24248,118.0,3.0,101.0,8.0,165.0
693,24249,49.0,2.0,19.0,3.0,54425.0
693,24250,165.0,3.0,78.0,8.0,133.0
693,24251,23.0,2.0,17.0,8.0,1299.0
693,24252,158.0,7.0,57.0,8.0,18929.0
693,24253,23.0,2.0,17.0,8.0,793.0
693,24254,158.0,7.0,57.0,8.0,998.0
693,24255,118.0,3.0,101.0,8.0,993.0
693,24256,81.0,0.0,0.0,8.0,169.0
694,24263,60.0,7.0,28.0,6.0,81.0
694,24264,158.0,7.0,57.0,6.0,1053.0
694,24265,127.0,0.0,0.0,6.0,145.0
694,24266,81.0,0.0,0.0,6.0,1132.0
694,24267,23.0,2.0,17.0,6.0,495.0
694,24268,158.0,7.0,57.0,6.0,265.0
694,24269,118.0,3.0,101.0,6.0,967.0
694,24270,157.0,0.0,0.0,6.0,165.0
694,24271,96.0,2.0,52.0,6.0,100657.0
694,24272,81.0,0.0,0.0,6.0,513.0
695,24211,154.0,2.0,99.0,2.0,7180.0
695,24212,165.0,3.0,78.0,8.0,195.0
695,24213,118.0,3.0,101.0,8.0,1377.0
695,24214,154.0,2.0,99.0,8.0,36137.0
695,24215,165.0,3.0,78.0,8.0,593.0
695,24216,81.0,7.0,99.0,8.0,1038.0
695,24217,81.0,7.0,99.0,8.0,793.0
695,24218,154.0,2.0,99.0,8.0,6193.0
695,24219,154.0,2.0,99.0,8.0,8993.0
695,24220,154.0,2.0,99.0,8.0,1693.0
696,24263,60.0,7.0,28.0,2.0,100.0
696,24264,158.0,7.0,57.0,6.0,5803.0
696,24265,127.0,0.0,0.0,8.0,1055.0
696,24266,81.0,0.0,0.0,6.0,1032.0
696,24267,23.0,2.0,17.0,6.0,655.0
696,24268,158.0,7.0,57.0,6.0,265.0
696,24269,118.0,3.0,101.0,6.0,967.0
696,24270,158.0,7.0,92.0,2.0,798.0
696,24271,96.0,2.0,52.0,6.0,100657.0
696,24272,118.0,3.0,101.0,8.0,13.0
697,24247,165.0,3.0,78.0,8.0,15.0
697,24248,118.0,3.0,101.0,8.0,165.0
697,24249,49.0,2.0,19.0,2.0,54425.0
697,24250,165.0,3.0,78.0,8.0,133.0
697,24251,23.0,2.0,17.0,8.0,1299.0
697,24252,158.0,7.0,57.0,8.0,18830.0
697,24253,23.0,2.0,17.0,8.0,793.0
697,24254,165.0,3.0,78.0,8.0,158.0
697,24255,158.0,7.0,92.0,8.0,48993.0
697,24256,81.0,0.0,0.0,8.0,798.0
698,24263,95.0,2.0,51.0,2.0,0.0
698,24264,158.0,7.0,57.0,6.0,1015.0
698,24265,23.0,2.0,17.0,2.0,635.0
698,24266,158.0,7.0,57.0,6.0,637.0
698,24267,23.0,2.0,17.0,6.0,481.0
698,24268,81.0,7.0,99.0,6.0,1065.0
698,24269,23.0,2.0,17.0,6.0,471.0
698,24270,158.0,7.0,57.0,2.0,318.0
698,24271,158.0,7.0,57.0,6.0,8997.0
698,24272,154.0,2.0,99.0,6.0,1213.0
699,24297,118.0,3.0,101.0,8.0,86.0
699,24298,118.0,3.0,101.0,8.0,1085.0
699,24299,154.0,2.0,99.0,3.0,3877.0
699,24200,165.0,3.0,78.0,8.0,137.0
699,24201,23.0,2.0,17.0,8.0,599.0
699,24202,158.0,7.0,57.0,8.0,268.0
699,24203,23.0,2.0,17.0,8.0,797.0
699,24204,158.0,7.0,57.0,8.0,365.0
699,24205,118.0,3.0,101.0,8.0,713.0
699,24206,23.0,2.0,17.0,8.0,636.0
700,24297,118.0,3.0,101.0,8.0,86.0
700,24298,118.0,3.0,101.0,8.0,137.0
700,24299,49.0,2.0,19.0,3.0,56647.0
700,24200,165.0,3.0,78.0,8.0,25.0
700,24201,23.0,2.0,17.0,8.0,499.0
700,24202,158.0,7.0,57.0,8.0,18030.0
700,24203,23.0,2.0,17.0,8.0,797.0
700,24204,158.0,7.0,57.0,8.0,798.0
700,24205,118.0,3.0,101.0,8.0,759.0
700,24206,81.0,0.0,0.0,8.0,1013.0
701,24263,10.0,0.0,0.0,8.0,3.0
701,24264,158.0,7.0,57.0,8.0,7813.0
701,24265,23.0,2.0,17.0,8.0,645.0
701,24266,165.0,3.0,78.0,8.0,23.0
701,24267,23.0,2.0,17.0,8.0,519.0
701,24268,158.0,7.0,57.0,8.0,65.0
701,24269,23.0,2.0,17.0,8.0,791.0
701,24270,158.0,7.0,57.0,8.0,757.0
701,24271,118.0,3.0,101.0,8.0,707.0
701,24272,154.0,2.0,99.0,8.0,5736.0
702,24297,118.0,3.0,101.0,8.0,86.0
702,24298,118.0,3.0,101.0,8.0,137.0
702,24299,49.0,2.0,19.0,8.0,39147.0
702,24200,165.0,3.0,78.0,8.0,25.0
702,24201,23.0,2.0,17.0,8.0,499.0
702,24202,158.0,7.0,57.0,8.0,14030.0
702,24203,23.0,2.0,17.0,8.0,797.0
702,24204,158.0,7.0,57.0,8.0,998.0
702,24205,118.0,3.0,101.0,8.0,704.0
702,24206,81.0,0.0,0.0,8.0,1013.0
703,24263,10.0,0.0,0.0,2.0,0.0
703,24264,158.0,7.0,57.0,8.0,5813.0
703,24265,23.0,2.0,17.0,8.0,645.0
703,24266,81.0,7.0,99.0,8.0,8991.0
703,24267,23.0,2.0,17.0,8.0,699.0
703,24268,158.0,7.0,57.0,8.0,16032.0
703,24269,118.0,3.0,101.0,8.0,967.0
703,24270,154.0,2.0,99.0,8.0,557.0
703,24271,154.0,2.0,99.0,8.0,8107.0
703,24272,81.0,7.0,99.0,8.0,1213.0
704,24291,118.0,3.0,101.0,8.0,1086.0
704,24292,118.0,3.0,101.0,8.0,1085.0
704,24293,158.0,7.0,57.0,8.0,268.0
704,24294,165.0,3.0,78.0,8.0,137.0
704,24295,23.0,2.0,17.0,8.0,819.0
704,24296,158.0,7.0,57.0,8.0,10268.0
704,24297,23.0,2.0,17.0,8.0,797.0
704,24298,158.0,7.0,57.0,8.0,3695.0
704,24299,118.0,3.0,101.0,8.0,997.0
704,24300,118.0,3.0,101.0,8.0,3.0
705,24247,165.0,3.0,78.0,8.0,15.0
705,24248,118.0,3.0,101.0,8.0,165.0
705,24249,49.0,2.0,19.0,3.0,58865.0
705,24250,165.0,3.0,78.0,8.0,133.0
705,24251,23.0,2.0,17.0,8.0,1299.0
705,24252,158.0,7.0,57.0,8.0,18130.0
705,24253,23.0,2.0,17.0,8.0,798.0
705,24254,165.0,3.0,78.0,8.0,158.0
705,24255,158.0,7.0,92.0,8.0,8993.0
705,24256,81.0,7.0,99.0,8.0,798.0
706,24263,60.0,7.0,28.0,2.0,80.0
706,24264,158.0,7.0,57.0,6.0,1053.0
706,24265,127.0,0.0,0.0,8.0,145.0
706,24266,81.0,0.0,0.0,6.0,1055.0
706,24267,81.0,7.0,99.0,6.0,6637.0
706,24268,163.0,6.0,77.0,8.0,4133.0
706,24269,118.0,3.0,101.0,8.0,967.0
706,24270,158.0,7.0,92.0,8.0,165.0
706,24271,96.0,2.0,52.0,2.0,637.0
706,24272,81.0,0.0,0.0,8.0,736.0
707,24291,118.0,3.0,101.0,8.0,1086.0
707,24292,118.0,3.0,101.0,8.0,137.0
707,24293,158.0,7.0,57.0,8.0,268.0
707,24294,165.0,3.0,78.0,8.0,137.0
707,24295,23.0,2.0,17.0,8.0,819.0
707,24296,158.0,7.0,57.0,8.0,10265.0
707,24297,81.0,7.0,99.0,8.0,797.0
707,24298,158.0,7.0,57.0,8.0,3695.0
707,24299,118.0,3.0,101.0,8.0,997.0
707,24300,118.0,3.0,101.0,8.0,37.0
708,24247,165.0,3.0,78.0,8.0,15.0
708,24248,118.0,3.0,101.0,8.0,165.0
708,24249,49.0,2.0,19.0,3.0,58865.0
708,24250,165.0,3.0,78.0,8.0,133.0
708,24251,23.0,2.0,17.0,8.0,1299.0
708,24252,158.0,7.0,57.0,8.0,18130.0
708,24253,23.0,2.0,17.0,8.0,798.0
708,24254,165.0,3.0,78.0,8.0,158.0
708,24255,158.0,7.0,92.0,8.0,48993.0
708,24256,81.0,0.0,0.0,8.0,12.0
709,24247,165.0,3.0,78.0,8.0,15.0
709,24248,118.0,3.0,101.0,8.0,165.0
709,24249,49.0,2.0,19.0,3.0,58865.0
709,24250,165.0,3.0,78.0,8.0,133.0
709,24251,23.0,2.0,17.0,8.0,1299.0
709,24252,158.0,7.0,57.0,8.0,11265.0
709,24253,23.0,2.0,17.0,8.0,793.0
709,24254,165.0,3.0,78.0,8.0,158.0
709,24255,158.0,7.0,92.0,8.0,8993.0
709,24256,81.0,0.0,0.0,8.0,798.0
710,24247,165.0,3.0,78.0,8.0,15.0
710,24248,118.0,3.0,101.0,8.0,165.0
710,24249,49.0,2.0,19.0,3.0,54425.0
710,24250,165.0,3.0,78.0,8.0,133.0
710,24251,23.0,2.0,17.0,8.0,1299.0
710,24252,158.0,7.0,57.0,8.0,18730.0
710,24253,23.0,2.0,17.0,8.0,791.0
710,24254,165.0,3.0,78.0,8.0,158.0
710,24255,158.0,7.0,92.0,8.0,48993.0
710,24256,81.0,0.0,0.0,8.0,798.0
711,24247,165.0,3.0,78.0,8.0,15.0
711,24248,118.0,3.0,101.0,8.0,165.0
711,24249,49.0,2.0,19.0,3.0,54425.0
711,24250,165.0,3.0,78.0,8.0,132.0
711,24251,23.0,2.0,17.0,8.0,1299.0
711,24252,158.0,7.0,57.0,8.0,11033.0
711,24253,23.0,2.0,17.0,8.0,798.0
711,24254,165.0,3.0,78.0,8.0,158.0
711,24255,158.0,7.0,92.0,8.0,48993.0
711,24256,81.0,0.0,0.0,8.0,169.0
712,24247,165.0,3.0,78.0,8.0,15.0
712,24248,118.0,3.0,101.0,8.0,165.0
712,24249,49.0,2.0,19.0,3.0,58865.0
712,24250,165.0,3.0,78.0,8.0,133.0
712,24251,23.0,2.0,17.0,8.0,1299.0
712,24252,158.0,7.0,57.0,8.0,10233.0
712,24253,23.0,2.0,17.0,8.0,798.0
712,24254,165.0,3.0,78.0,8.0,150.0
712,24255,158.0,7.0,92.0,8.0,48993.0
712,24256,81.0,0.0,0.0,8.0,798.0
713,26211,163.0,0.0,0.0,0.0,2615.0
713,26212,6.0,0.0,0.0,0.0,945117.0
713,26213,165.0,3.0,78.0,0.0,137.0
713,26214,158.0,7.0,57.0,0.0,25.0
713,26215,23.0,2.0,17.0,2.0,23.0
713,26216,81.0,7.0,99.0,0.0,7105.0
713,26217,81.0,7.0,99.0,2.0,742.0
713,26218,153.0,2.0,99.0,2.0,1493.0
713,26219,81.0,7.0,99.0,2.0,8713.0
713,26220,153.0,2.0,99.0,2.0,2024.0
714,24247,49.0,2.0,19.0,2.0,230849.0
714,24248,156.0,6.0,23.0,2.0,25.0
714,24249,183.0,6.0,85.0,8.0,12247.0
714,24250,74.0,3.0,34.0,6.0,601.0
714,24251,165.0,3.0,78.0,2.0,9.0
714,24252,158.0,7.0,57.0,8.0,412.0
714,24253,23.0,2.0,17.0,8.0,793.0
714,24254,147.0,7.0,60.0,2.0,645.0
714,24255,56.0,7.0,26.0,2.0,493.0
714,24256,81.0,0.0,0.0,8.0,2.0
715,24263,95.0,2.0,51.0,2.0,0.0
715,24264,158.0,7.0,57.0,2.0,1012.0
715,24265,23.0,2.0,17.0,2.0,645.0
715,24266,165.0,3.0,78.0,8.0,95.0
715,24267,23.0,2.0,17.0,2.0,489.0
715,24268,158.0,7.0,57.0,2.0,65.0
715,24269,23.0,2.0,17.0,8.0,867.0
715,24270,158.0,7.0,57.0,2.0,998.0
715,24271,158.0,7.0,92.0,2.0,8993.0
715,24272,158.0,7.0,57.0,2.0,733.0
716,24263,60.0,7.0,28.0,6.0,41.0
716,24264,158.0,7.0,57.0,6.0,1053.0
716,24265,127.0,0.0,0.0,6.0,145.0
716,24266,81.0,7.0,99.0,6.0,1632.0
716,24267,23.0,2.0,17.0,6.0,495.0
716,24268,158.0,7.0,57.0,6.0,265.0
716,24269,118.0,3.0,101.0,6.0,967.0
716,24270,154.0,2.0,99.0,6.0,998.0
716,24271,154.0,2.0,99.0,6.0,8104.0
716,24272,81.0,7.0,99.0,6.0,1213.0
717,24247,165.0,3.0,78.0,6.0,15.0
717,24248,118.0,3.0,101.0,6.0,165.0
717,24249,49.0,2.0,19.0,6.0,54425.0
717,24250,165.0,3.0,78.0,6.0,133.0
717,24251,23.0,2.0,17.0,6.0,1299.0
717,24252,158.0,7.0,57.0,6.0,18730.0
717,24253,23.0,2.0,17.0,6.0,793.0
717,24254,158.0,7.0,57.0,6.0,48998.0
717,24255,158.0,7.0,57.0,6.0,8993.0
717,24256,81.0,0.0,0.0,6.0,169.0
718,24263,60.0,7.0,28.0,6.0,41.0
718,24264,158.0,7.0,57.0,6.0,1054.0
718,24265,127.0,0.0,0.0,6.0,145.0
718,24266,81.0,7.0,99.0,6.0,1637.0
718,24267,23.0,2.0,17.0,6.0,495.0
718,24268,158.0,7.0,57.0,6.0,65.0
718,24269,118.0,3.0,101.0,6.0,967.0
718,24270,154.0,2.0,99.0,6.0,358.0
718,24271,154.0,2.0,99.0,6.0,8994.0
718,24272,81.0,7.0,99.0,6.0,1313.0
719,24247,165.0,3.0,78.0,2.0,15.0
719,24248,118.0,3.0,101.0,8.0,165.0
719,24249,49.0,2.0,19.0,3.0,54425.0
719,24250,165.0,3.0,78.0,8.0,133.0
719,24251,23.0,2.0,17.0,8.0,1299.0
719,24252,158.0,7.0,57.0,8.0,18730.0
719,24253,23.0,2.0,17.0,8.0,798.0
719,24254,165.0,3.0,78.0,8.0,157.0
719,24255,158.0,7.0,92.0,8.0,48993.0
719,24256,81.0,0.0,0.0,8.0,798.0
720,24297,118.0,3.0,101.0,8.0,86.0
720,24298,118.0,3.0,101.0,8.0,136.0
720,24299,158.0,7.0,57.0,5.0,265.0
720,24200,165.0,3.0,78.0,8.0,25.0
720,24201,23.0,2.0,17.0,8.0,889.0
720,24202,158.0,7.0,57.0,8.0,268.0
720,24203,23.0,2.0,17.0,8.0,797.0
720,24204,158.0,7.0,57.0,8.0,365.0
720,24205,118.0,3.0,101.0,8.0,713.0
720,24206,23.0,2.0,17.0,8.0,1013.0
721,24247,165.0,3.0,78.0,8.0,15.0
721,24248,118.0,3.0,101.0,8.0,165.0
721,24249,49.0,2.0,19.0,3.0,54425.0
721,24250,165.0,3.0,78.0,8.0,133.0
721,24251,23.0,2.0,17.0,8.0,1299.0
721,24252,158.0,7.0,57.0,8.0,18830.0
721,24253,23.0,2.0,17.0,8.0,798.0
721,24254,165.0,3.0,78.0,8.0,158.0
721,24255,158.0,7.0,92.0,8.0,48993.0
721,24256,81.0,7.0,99.0,8.0,798.0
722,24221,118.0,3.0,101.0,8.0,7.0
722,24222,158.0,7.0,57.0,8.0,8025.0
722,24223,118.0,3.0,101.0,8.0,1377.0
722,24224,165.0,3.0,78.0,8.0,37.0
722,24225,118.0,3.0,101.0,8.0,1699.0
722,24226,158.0,7.0,57.0,8.0,265.0
722,24227,23.0,2.0,17.0,8.0,791.0
722,24228,154.0,2.0,99.0,8.0,1695.0
722,24229,118.0,3.0,101.0,8.0,995.0
722,24230,154.0,2.0,99.0,8.0,732.0
723,24247,165.0,3.0,78.0,8.0,15.0
723,24248,118.0,3.0,101.0,8.0,165.0
723,24249,49.0,2.0,19.0,3.0,54425.0
723,24250,165.0,3.0,78.0,8.0,133.0
723,24251,23.0,2.0,17.0,8.0,1299.0
723,24252,158.0,7.0,57.0,8.0,18833.0
723,24253,23.0,2.0,17.0,8.0,798.0
723,24254,165.0,3.0,78.0,8.0,158.0
723,24255,158.0,7.0,92.0,8.0,48993.0
723,24256,81.0,0.0,0.0,8.0,798.0
724,24263,10.0,0.0,0.0,2.0,143.0
724,24264,158.0,7.0,57.0,8.0,1013.0
724,24265,23.0,2.0,17.0,8.0,645.0
724,24266,81.0,7.0,99.0,8.0,8865.0
724,24267,23.0,2.0,17.0,8.0,499.0
724,24268,158.0,7.0,57.0,8.0,16032.0
724,24269,118.0,3.0,101.0,8.0,967.0
724,24270,154.0,2.0,99.0,8.0,798.0
724,24271,154.0,2.0,99.0,8.0,8107.0
724,24272,81.0,7.0,99.0,8.0,1213.0
725,24291,118.0,3.0,101.0,5.0,1086.0
725,24292,118.0,3.0,101.0,5.0,145.0
725,24293,154.0,2.0,99.0,5.0,53477.0
725,24294,165.0,3.0,78.0,5.0,137.0
725,24295,118.0,3.0,101.0,5.0,1099.0
725,24296,158.0,7.0,57.0,5.0,18268.0
725,24297,23.0,2.0,17.0,5.0,797.0
725,24298,158.0,7.0,57.0,5.0,3695.0
725,24299,154.0,2.0,99.0,5.0,3997.0
725,24300,154.0,2.0,99.0,5.0,3737.0
726,24247,165.0,3.0,78.0,8.0,15.0
726,24248,118.0,3.0,101.0,8.0,165.0
726,24249,49.0,2.0,19.0,3.0,58865.0
726,24250,165.0,3.0,78.0,8.0,133.0
726,24251,23.0,2.0,17.0,8.0,1299.0
726,24252,158.0,7.0,57.0,8.0,18730.0
726,24253,23.0,2.0,17.0,8.0,798.0
726,24254,165.0,3.0,78.0,8.0,158.0
726,24255,158.0,7.0,92.0,8.0,8993.0
726,24256,81.0,0.0,0.0,8.0,798.0
727,3226,158.0,7.0,57.0,2.0,318.0
727,3227,118.0,3.0,101.0,8.0,61.0
727,3228,158.0,7.0,57.0,8.0,1878.0
727,3229,81.0,7.0,99.0,8.0,707.0
727,3230,158.0,7.0,92.0,2.0,47.0
727,3231,158.0,7.0,57.0,8.0,67.0
727,3232,118.0,3.0,101.0,8.0,768.0
727,3233,81.0,7.0,99.0,8.0,455.0
727,3234,165.0,3.0,78.0,8.0,210.0
727,3235,158.0,7.0,57.0,8.0,65.0
728,24247,49.0,2.0,19.0,2.0,230149.0
728,24248,156.0,6.0,23.0,2.0,25.0
728,24249,183.0,6.0,85.0,8.0,12248.0
728,24250,74.0,3.0,34.0,2.0,653.0
728,24251,165.0,3.0,78.0,2.0,9.0
728,24252,158.0,7.0,57.0,8.0,424.0
728,24253,23.0,2.0,17.0,8.0,793.0
728,24254,107.0,0.0,0.0,2.0,7.0
728,24255,158.0,7.0,92.0,8.0,8993.0
728,24256,81.0,0.0,0.0,8.0,188.0
729,24257,158.0,7.0,57.0,2.0,45.0
729,24258,118.0,3.0,101.0,6.0,117.0
729,24259,49.0,2.0,19.0,2.0,38145.0
729,24260,165.0,3.0,78.0,6.0,25.0
729,24261,118.0,3.0,101.0,6.0,899.0
729,24262,158.0,7.0,57.0,6.0,16633.0
729,24263,23.0,2.0,17.0,6.0,798.0
729,24264,158.0,7.0,57.0,2.0,365.0
729,24265,158.0,7.0,57.0,6.0,48993.0
729,24266,81.0,0.0,0.0,6.0,1024.0
730,24247,165.0,3.0,78.0,8.0,15.0
730,24248,118.0,3.0,101.0,8.0,165.0
730,24249,49.0,2.0,19.0,3.0,54425.0
730,24250,165.0,3.0,78.0,8.0,133.0
730,24251,23.0,2.0,17.0,8.0,1299.0
730,24252,158.0,7.0,57.0,8.0,18929.0
730,24253,23.0,2.0,17.0,8.0,793.0
730,24254,165.0,3.0,78.0,8.0,150.0
730,24255,158.0,7.0,92.0,8.0,8993.0
730,24256,81.0,7.0,99.0,8.0,798.0
731,24263,10.0,0.0,0.0,8.0,13.0
731,24264,81.0,7.0,99.0,8.0,1012.0
731,24265,23.0,2.0,17.0,8.0,665.0
731,24266,158.0,7.0,57.0,8.0,632.0
731,24267,23.0,2.0,17.0,8.0,655.0
731,24268,9.0,2.0,14.0,8.0,125.0
731,24269,118.0,3.0,101.0,8.0,967.0
731,24270,158.0,7.0,57.0,8.0,798.0
731,24271,154.0,2.0,99.0,8.0,8994.0
731,24272,81.0,7.0,99.0,8.0,1213.0
732,24227,154.0,2.0,99.0,8.0,8735.0
732,24228,154.0,2.0,99.0,8.0,13173.0
732,24229,154.0,2.0,99.0,8.0,3177.0
732,24230,154.0,2.0,99.0,8.0,3981.0
732,24231,154.0,2.0,99.0,8.0,19865.0
732,24232,81.0,7.0,99.0,8.0,1037.0
732,24233,23.0,2.0,17.0,8.0,341.0
732,24234,81.0,7.0,99.0,8.0,1635.0
732,24235,158.0,7.0,57.0,8.0,17183.0
732,24236,154.0,2.0,99.0,8.0,1698.0
733,24247,165.0,3.0,78.0,8.0,15.0
733,24248,118.0,3.0,101.0,8.0,165.0
733,24249,49.0,2.0,19.0,2.0,54425.0
733,24250,165.0,3.0,78.0,8.0,133.0
733,24251,23.0,2.0,17.0,8.0,1299.0
733,24252,158.0,7.0,57.0,8.0,10265.0
733,24253,23.0,2.0,17.0,8.0,793.0
733,24254,165.0,3.0,78.0,8.0,157.0
733,24255,158.0,7.0,92.0,8.0,48993.0
733,24256,81.0,0.0,0.0,8.0,169.0
734,24247,165.0,3.0,78.0,8.0,15.0
734,24248,118.0,3.0,101.0,8.0,165.0
734,24249,49.0,2.0,19.0,3.0,54425.0
734,24250,165.0,3.0,78.0,8.0,133.0
734,24251,23.0,2.0,17.0,8.0,1299.0
734,24252,158.0,7.0,57.0,8.0,18830.0
734,24253,23.0,2.0,17.0,8.0,798.0
734,24254,165.0,3.0,78.0,8.0,158.0
734,24255,158.0,7.0,92.0,8.0,8993.0
734,24256,81.0,0.0,0.0,8.0,798.0
735,24297,118.0,3.0,101.0,8.0,86.0
735,24298,118.0,3.0,101.0,8.0,135.0
735,24299,158.0,7.0,57.0,5.0,268.0
735,24200,165.0,3.0,78.0,8.0,137.0
735,24201,23.0,2.0,17.0,8.0,599.0
735,24202,158.0,7.0,57.0,8.0,268.0
735,24203,23.0,2.0,17.0,8.0,797.0
735,24304,158.0,7.0,57.0,8.0,355.0
735,24305,118.0,3.0,101.0,8.0,993.0
735,24306,23.0,2.0,17.0,8.0,1013.0
736,24291,118.0,3.0,101.0,8.0,1086.0
736,24292,118.0,3.0,101.0,8.0,1085.0
736,24293,158.0,7.0,57.0,8.0,268.0
736,24294,165.0,3.0,78.0,8.0,137.0
736,24295,23.0,2.0,17.0,8.0,819.0
736,24296,158.0,7.0,57.0,8.0,268.0
736,24297,23.0,2.0,17.0,8.0,797.0
736,24298,158.0,7.0,57.0,8.0,3695.0
736,24299,118.0,3.0,101.0,8.0,997.0
736,24300,118.0,3.0,101.0,8.0,37.0
737,24263,60.0,7.0,28.0,6.0,41.0
737,24264,158.0,7.0,57.0,6.0,1054.0
737,24265,127.0,0.0,0.0,6.0,145.0
737,24266,118.0,3.0,101.0,6.0,1037.0
737,24267,23.0,2.0,17.0,6.0,484.0
737,24268,158.0,7.0,57.0,6.0,265.0
737,24269,23.0,2.0,17.0,6.0,477.0
737,24270,158.0,7.0,57.0,6.0,358.0
737,24271,118.0,3.0,101.0,6.0,757.0
737,24272,118.0,3.0,101.0,6.0,36.0
738,24247,165.0,3.0,78.0,2.0,15.0
738,24248,118.0,3.0,101.0,8.0,165.0
738,24249,49.0,2.0,19.0,3.0,54425.0
738,24250,165.0,3.0,78.0,8.0,133.0
738,24251,23.0,2.0,17.0,8.0,1299.0
738,24252,158.0,7.0,57.0,8.0,11265.0
738,24253,23.0,2.0,17.0,8.0,798.0
738,24254,165.0,3.0,78.0,8.0,157.0
738,24255,158.0,7.0,92.0,8.0,8993.0
738,24256,81.0,0.0,0.0,8.0,188.0
739,24263,95.0,2.0,51.0,2.0,0.0
739,24264,158.0,7.0,57.0,6.0,2813.0
739,24265,23.0,2.0,17.0,6.0,631.0
739,24266,165.0,3.0,78.0,6.0,77.0
739,24267,23.0,2.0,17.0,6.0,589.0
739,24268,158.0,7.0,57.0,6.0,14065.0
739,24269,23.0,2.0,17.0,6.0,867.0
739,24270,158.0,7.0,57.0,6.0,318.0
739,24271,158.0,7.0,57.0,6.0,8994.0
739,24272,154.0,2.0,99.0,6.0,5736.0
740,24263,10.0,0.0,0.0,8.0,10.0
740,24264,81.0,7.0,99.0,8.0,1012.0
740,24265,23.0,2.0,17.0,8.0,632.0
740,24266,158.0,7.0,57.0,8.0,632.0
740,24267,23.0,2.0,17.0,8.0,655.0
740,24268,81.0,7.0,99.0,8.0,37.0
740,24269,118.0,3.0,101.0,8.0,967.0
740,24270,158.0,7.0,57.0,8.0,798.0
740,24271,154.0,2.0,99.0,8.0,8997.0
740,24272,154.0,2.0,99.0,8.0,1213.0
741,24297,118.0,3.0,101.0,8.0,86.0
741,24298,118.0,3.0,101.0,8.0,135.0
741,24299,81.0,7.0,99.0,3.0,3868.0
741,24200,154.0,2.0,99.0,8.0,8105.0
741,24201,118.0,3.0,101.0,8.0,1043.0
741,24202,23.0,2.0,17.0,8.0,515.0
741,24203,23.0,2.0,17.0,8.0,867.0
741,24204,158.0,7.0,57.0,8.0,798.0
741,24205,81.0,7.0,99.0,8.0,8993.0
741,24206,81.0,7.0,99.0,8.0,1024.0
742,24247,165.0,3.0,78.0,8.0,45.0
742,24248,118.0,3.0,101.0,8.0,165.0
742,24249,49.0,2.0,19.0,3.0,58145.0
742,24250,165.0,3.0,78.0,8.0,133.0
742,24251,23.0,2.0,17.0,8.0,1299.0
742,24252,158.0,7.0,57.0,8.0,18929.0
742,24253,23.0,2.0,17.0,8.0,798.0
742,24254,165.0,3.0,78.0,8.0,158.0
742,24255,158.0,7.0,92.0,8.0,48993.0
742,24256,81.0,0.0,0.0,8.0,798.0
743,24263,10.0,0.0,0.0,8.0,46.0
743,24264,158.0,7.0,57.0,8.0,1013.0
743,24265,23.0,2.0,17.0,8.0,665.0
743,24266,165.0,3.0,78.0,8.0,22.0
743,24267,23.0,2.0,17.0,8.0,519.0
743,24268,158.0,7.0,57.0,8.0,65.0
743,24269,118.0,3.0,101.0,8.0,967.0
743,24270,158.0,7.0,57.0,8.0,757.0
743,24271,96.0,2.0,52.0,8.0,687.0
743,24272,154.0,2.0,99.0,8.0,5736.0
744,24247,165.0,3.0,78.0,8.0,45.0
744,24248,118.0,3.0,101.0,8.0,165.0
744,24249,49.0,2.0,19.0,2.0,58145.0
744,24250,165.0,3.0,78.0,8.0,133.0
744,24251,23.0,2.0,17.0,8.0,1299.0
744,24252,158.0,7.0,57.0,8.0,18730.0
744,24253,23.0,2.0,17.0,8.0,798.0
744,24254,165.0,3.0,78.0,8.0,157.0
744,24255,158.0,7.0,92.0,8.0,8993.0
744,24256,81.0,0.0,0.0,8.0,169.0
745,24291,118.0,3.0,101.0,8.0,1086.0
745,24292,118.0,3.0,101.0,8.0,137.0
745,24293,158.0,7.0,57.0,8.0,268.0
745,24294,165.0,3.0,78.0,8.0,137.0
745,24295,23.0,2.0,17.0,8.0,889.0
745,24296,158.0,7.0,57.0,8.0,268.0
745,24297,23.0,2.0,17.0,8.0,797.0
745,24298,165.0,3.0,78.0,8.0,57.0
745,24299,158.0,7.0,57.0,8.0,704.0
745,24300,154.0,2.0,99.0,8.0,3637.0
746,24263,10.0,0.0,0.0,8.0,13.0
746,24264,50.0,6.0,54.0,8.0,5603.0
746,24265,23.0,2.0,17.0,8.0,1865.0
746,24266,158.0,7.0,92.0,8.0,53.0
746,24267,23.0,2.0,17.0,8.0,518.0
746,24268,23.0,2.0,17.0,8.0,65.0
746,24269,81.0,7.0,99.0,8.0,742.0
746,24270,158.0,7.0,57.0,8.0,757.0
746,24271,81.0,7.0,99.0,8.0,8997.0
746,24272,81.0,0.0,0.0,8.0,1218.0
747,24263,60.0,7.0,28.0,6.0,41.0
747,24264,158.0,7.0,57.0,6.0,1053.0
747,24265,127.0,0.0,0.0,6.0,145.0
747,24266,96.0,2.0,52.0,6.0,1053.0
747,24267,23.0,2.0,17.0,6.0,495.0
747,24268,81.0,7.0,99.0,6.0,1005.0
747,24269,158.0,7.0,57.0,6.0,967.0
747,24270,158.0,7.0,57.0,6.0,165.0
747,24271,118.0,3.0,101.0,6.0,756.0
747,24272,81.0,0.0,0.0,6.0,1013.0
748,24297,118.0,3.0,101.0,8.0,86.0
748,24298,118.0,3.0,101.0,8.0,1085.0
748,24299,49.0,2.0,19.0,3.0,56565.0
748,24200,165.0,3.0,78.0,8.0,77.0
748,24201,23.0,2.0,17.0,8.0,889.0
748,24202,158.0,7.0,57.0,8.0,14030.0
748,24203,23.0,2.0,17.0,8.0,797.0
748,24204,158.0,7.0,57.0,8.0,998.0
748,24205,118.0,3.0,101.0,8.0,793.0
748,24206,23.0,2.0,17.0,8.0,1013.0
749,24247,165.0,3.0,78.0,8.0,45.0
749,24248,118.0,3.0,101.0,8.0,165.0
749,24249,49.0,2.0,19.0,3.0,54425.0
749,24250,165.0,3.0,78.0,8.0,133.0
749,24251,23.0,2.0,17.0,8.0,1299.0
749,24252,158.0,7.0,57.0,8.0,18730.0
749,24253,23.0,2.0,17.0,8.0,793.0
749,24254,165.0,3.0,78.0,8.0,158.0
749,24255,158.0,7.0,92.0,8.0,8993.0
749,24256,81.0,7.0,99.0,8.0,798.0
750,24263,60.0,7.0,28.0,6.0,80.0
750,24264,158.0,7.0,57.0,6.0,1053.0
750,24265,127.0,0.0,0.0,6.0,145.0
750,24266,81.0,0.0,0.0,6.0,1032.0
750,24267,23.0,2.0,17.0,6.0,655.0
750,24268,158.0,7.0,57.0,6.0,65.0
750,24269,118.0,3.0,101.0,6.0,971.0
750,24270,158.0,7.0,57.0,6.0,365.0
750,24271,96.0,2.0,52.0,6.0,100653.0
750,24272,81.0,0.0,0.0,6.0,1036.0
751,24237,118.0,3.0,101.0,8.0,45.0
751,24238,158.0,7.0,57.0,8.0,8988.0
751,24239,165.0,3.0,78.0,8.0,145.0
751,24240,165.0,3.0,78.0,8.0,137.0
751,24241,23.0,2.0,17.0,8.0,557.0
751,24242,118.0,3.0,101.0,8.0,65.0
751,24243,23.0,2.0,17.0,8.0,793.0
751,24244,23.0,2.0,17.0,8.0,555.0
751,24245,158.0,7.0,57.0,8.0,757.0
751,24246,81.0,7.0,99.0,8.0,1377.0
752,24263,10.0,0.0,0.0,8.0,13.0
752,24264,81.0,7.0,99.0,8.0,1012.0
752,24265,23.0,2.0,17.0,8.0,632.0
752,24266,158.0,7.0,57.0,8.0,53.0
752,24267,23.0,2.0,17.0,8.0,499.0
752,24268,158.0,7.0,57.0,8.0,16032.0
752,24269,118.0,3.0,101.0,8.0,967.0
752,24270,154.0,2.0,99.0,8.0,557.0
752,24271,154.0,2.0,99.0,8.0,8104.0
752,24272,154.0,2.0,99.0,8.0,5734.0
753,24263,95.0,2.0,51.0,2.0,0.0
753,24264,158.0,7.0,57.0,6.0,1011.0
753,24265,23.0,2.0,17.0,6.0,631.0
753,24266,165.0,3.0,78.0,6.0,22.0
753,24267,23.0,2.0,17.0,6.0,515.0
753,24268,158.0,7.0,57.0,6.0,265.0
753,24269,23.0,2.0,17.0,6.0,867.0
753,24270,158.0,7.0,57.0,2.0,998.0
753,24271,107.0,0.0,0.0,6.0,57.0
753,24272,158.0,7.0,57.0,6.0,731.0
754,24263,60.0,7.0,28.0,6.0,131.0
754,24264,158.0,7.0,57.0,6.0,6453.0
754,24265,147.0,7.0,60.0,6.0,665.0
754,24266,116.0,1.0,62.0,6.0,1055.0
754,24267,23.0,2.0,17.0,6.0,55.0
754,24268,158.0,7.0,57.0,6.0,265.0
754,24269,116.0,1.0,62.0,6.0,71.0
754,24270,147.0,7.0,60.0,6.0,688.0
754,24271,118.0,3.0,101.0,6.0,757.0
754,24272,147.0,7.0,60.0,6.0,1697.0
755,24263,60.0,7.0,28.0,6.0,141.0
755,24264,158.0,7.0,57.0,6.0,1054.0
755,24265,127.0,0.0,0.0,6.0,145.0
755,24266,81.0,7.0,99.0,6.0,6637.0
755,24267,23.0,2.0,17.0,6.0,495.0
755,24268,165.0,3.0,78.0,6.0,65.0
755,24269,118.0,3.0,101.0,6.0,967.0
755,24270,158.0,7.0,57.0,6.0,358.0
755,24271,154.0,2.0,99.0,6.0,8994.0
755,24272,154.0,2.0,99.0,6.0,3736.0
756,24297,118.0,3.0,101.0,8.0,86.0
756,24298,118.0,3.0,101.0,8.0,135.0
756,24299,81.0,7.0,99.0,8.0,3868.0
756,24200,154.0,2.0,99.0,8.0,8137.0
756,24201,165.0,3.0,78.0,8.0,513.0
756,24202,158.0,7.0,57.0,8.0,268.0
756,24203,23.0,2.0,17.0,8.0,797.0
756,24204,158.0,7.0,57.0,8.0,395.0
756,24205,118.0,3.0,101.0,8.0,793.0
756,24206,23.0,2.0,17.0,8.0,1013.0
757,3226,158.0,7.0,57.0,2.0,318.0
757,3227,118.0,3.0,101.0,8.0,17.0
757,3228,158.0,7.0,57.0,8.0,1645.0
757,3229,81.0,7.0,99.0,8.0,756.0
757,3230,158.0,7.0,92.0,2.0,3643.0
757,3231,158.0,7.0,57.0,8.0,7.0
757,3232,118.0,3.0,101.0,8.0,21.0
757,3233,165.0,3.0,78.0,8.0,55.0
757,3234,158.0,7.0,57.0,8.0,506.0
757,3235,158.0,7.0,57.0,8.0,365.0
758,24247,165.0,3.0,78.0,8.0,15.0
758,24248,118.0,3.0,101.0,8.0,165.0
758,24249,49.0,2.0,19.0,2.0,54425.0
758,24250,165.0,3.0,78.0,8.0,133.0
758,24251,23.0,2.0,17.0,8.0,1299.0
758,24252,158.0,7.0,57.0,8.0,18733.0
758,24253,23.0,2.0,17.0,8.0,798.0
758,24254,165.0,3.0,78.0,8.0,158.0
758,24255,158.0,7.0,92.0,8.0,48993.0
758,24256,81.0,0.0,0.0,8.0,188.0
759,24237,118.0,3.0,101.0,8.0,45.0
759,24238,81.0,7.0,99.0,8.0,2135.0
759,24239,158.0,7.0,57.0,8.0,468.0
759,24240,165.0,3.0,78.0,8.0,25.0
759,24241,23.0,2.0,17.0,8.0,99.0
759,24242,158.0,7.0,57.0,8.0,14030.0
759,24243,23.0,2.0,17.0,8.0,798.0
759,24244,81.0,7.0,99.0,8.0,295.0
759,24245,118.0,3.0,101.0,8.0,757.0
759,24246,81.0,7.0,99.0,8.0,1698.0
760,24247,165.0,3.0,78.0,8.0,15.0
760,24248,118.0,3.0,101.0,8.0,165.0
760,24249,49.0,2.0,19.0,3.0,54425.0
760,24250,165.0,3.0,78.0,8.0,133.0
760,24251,23.0,2.0,17.0,8.0,1299.0
760,24252,158.0,7.0,57.0,8.0,18929.0
760,24253,23.0,2.0,17.0,8.0,798.0
760,24254,165.0,3.0,78.0,8.0,158.0
760,24255,158.0,7.0,57.0,8.0,48993.0
760,24256,81.0,7.0,99.0,8.0,1369.0
761,24247,165.0,3.0,78.0,8.0,15.0
761,24248,118.0,3.0,101.0,8.0,165.0
761,24249,49.0,2.0,19.0,3.0,54425.0
761,24250,165.0,3.0,78.0,8.0,133.0
761,24251,23.0,2.0,17.0,8.0,1299.0
761,24252,158.0,7.0,57.0,8.0,18730.0
761,24253,23.0,2.0,17.0,8.0,798.0
761,24254,165.0,3.0,78.0,8.0,158.0
761,24255,158.0,7.0,92.0,8.0,8993.0
761,24256,81.0,7.0,99.0,8.0,798.0
762,24247,165.0,3.0,78.0,8.0,15.0
762,24248,118.0,3.0,101.0,8.0,165.0
762,24249,49.0,2.0,19.0,3.0,54425.0
762,24250,165.0,3.0,78.0,8.0,132.0
762,24251,23.0,2.0,17.0,8.0,1299.0
762,24252,158.0,7.0,57.0,8.0,18830.0
762,24253,23.0,2.0,17.0,8.0,798.0
762,24254,165.0,3.0,78.0,8.0,158.0
762,24255,158.0,7.0,92.0,8.0,8993.0
762,24256,81.0,0.0,0.0,8.0,7.0
763,24247,165.0,3.0,78.0,8.0,15.0
763,24248,118.0,3.0,101.0,8.0,165.0
763,24249,49.0,2.0,19.0,3.0,54425.0
763,24250,165.0,3.0,78.0,8.0,133.0
763,24251,23.0,2.0,17.0,8.0,599.0
763,24252,158.0,7.0,57.0,8.0,10265.0
763,24253,23.0,2.0,17.0,8.0,798.0
763,24254,165.0,3.0,78.0,8.0,158.0
763,24255,158.0,7.0,92.0,8.0,48993.0
763,24256,81.0,0.0,0.0,8.0,3.0
764,24247,165.0,3.0,78.0,2.0,45.0
764,24248,118.0,3.0,101.0,8.0,165.0
764,24249,49.0,2.0,19.0,3.0,54425.0
764,24250,165.0,3.0,78.0,8.0,133.0
764,24251,23.0,2.0,17.0,8.0,1299.0
764,24252,158.0,7.0,57.0,8.0,11033.0
764,24253,23.0,2.0,17.0,8.0,793.0
764,24254,158.0,7.0,57.0,8.0,998.0
764,24255,118.0,3.0,101.0,8.0,993.0
764,24256,81.0,0.0,0.0,8.0,169.0
765,24263,10.0,0.0,0.0,8.0,10.0
765,24264,81.0,7.0,99.0,8.0,1012.0
765,24265,23.0,2.0,17.0,8.0,632.0
765,24266,158.0,7.0,57.0,8.0,665.0
765,24267,23.0,2.0,17.0,8.0,655.0
765,24268,9.0,2.0,14.0,8.0,165.0
765,24269,118.0,3.0,101.0,8.0,967.0
765,24270,158.0,7.0,57.0,8.0,798.0
765,24271,96.0,2.0,52.0,8.0,657.0
765,24272,81.0,0.0,0.0,8.0,13.0
766,24263,10.0,0.0,0.0,8.0,13.0
766,24264,50.0,6.0,54.0,8.0,5603.0
766,24265,47.0,0.0,0.0,8.0,4666.0
766,24266,81.0,0.0,0.0,8.0,8112.0
766,24267,23.0,2.0,17.0,8.0,653.0
766,24268,158.0,7.0,57.0,8.0,63.0
766,24269,118.0,3.0,101.0,8.0,967.0
766,24270,158.0,7.0,92.0,8.0,57.0
766,24271,10.0,0.0,0.0,8.0,100707.0
766,24272,81.0,0.0,0.0,8.0,510.0
767,24297,118.0,3.0,101.0,8.0,86.0
767,24298,118.0,3.0,101.0,8.0,137.0
767,24299,49.0,2.0,19.0,8.0,35865.0
767,24200,165.0,3.0,78.0,8.0,137.0
767,24201,23.0,2.0,17.0,8.0,889.0
767,24202,158.0,7.0,57.0,8.0,18030.0
767,24203,23.0,2.0,17.0,8.0,797.0
767,24204,158.0,7.0,57.0,8.0,998.0
767,24205,118.0,3.0,101.0,8.0,704.0
767,24306,81.0,7.0,99.0,8.0,1013.0
768,24247,165.0,3.0,78.0,8.0,15.0
768,24248,118.0,3.0,101.0,8.0,165.0
768,24249,49.0,2.0,19.0,3.0,54425.0
768,24250,165.0,3.0,78.0,8.0,133.0
768,24251,23.0,2.0,17.0,8.0,1299.0
768,24252,158.0,7.0,57.0,8.0,18929.0
768,24253,23.0,2.0,17.0,8.0,798.0
768,24254,165.0,3.0,78.0,8.0,158.0
768,24255,158.0,7.0,92.0,8.0,8993.0
768,24256,81.0,0.0,0.0,8.0,98.0
769,24297,118.0,3.0,101.0,8.0,86.0
769,24298,118.0,3.0,101.0,8.0,1085.0
769,24299,154.0,2.0,99.0,8.0,3865.0
769,24200,165.0,3.0,78.0,8.0,137.0
769,24201,23.0,2.0,17.0,8.0,889.0
769,24202,158.0,7.0,57.0,8.0,268.0
769,24203,23.0,2.0,17.0,8.0,797.0
769,24204,158.0,7.0,57.0,8.0,365.0
769,24205,118.0,3.0,101.0,8.0,993.0
769,24206,23.0,2.0,17.0,8.0,1013.0
770,24263,10.0,0.0,0.0,8.0,13.0
770,24264,81.0,7.0,99.0,8.0,1012.0
770,24265,23.0,2.0,17.0,8.0,665.0
770,24266,158.0,7.0,57.0,8.0,8991.0
770,24267,23.0,2.0,17.0,8.0,653.0
770,24268,9.0,2.0,14.0,8.0,165.0
770,24269,118.0,3.0,101.0,8.0,967.0
770,24270,158.0,7.0,57.0,8.0,757.0
770,24271,154.0,2.0,99.0,8.0,8994.0
770,24272,81.0,7.0,99.0,8.0,1313.0
771,24247,165.0,3.0,78.0,8.0,15.0
771,24248,118.0,3.0,101.0,8.0,165.0
771,24249,49.0,2.0,19.0,3.0,54425.0
771,24250,165.0,3.0,78.0,8.0,133.0
771,24251,23.0,2.0,17.0,8.0,1299.0
771,24252,158.0,7.0,57.0,8.0,18830.0
771,24253,23.0,2.0,17.0,8.0,798.0
771,24254,165.0,3.0,78.0,8.0,158.0
771,24255,158.0,7.0,92.0,8.0,48993.0
771,24256,81.0,0.0,0.0,8.0,4.0
772,24247,165.0,3.0,78.0,2.0,15.0
772,24248,118.0,3.0,101.0,8.0,165.0
772,24249,49.0,2.0,19.0,3.0,54425.0
772,24250,165.0,3.0,78.0,8.0,133.0
772,24251,23.0,2.0,17.0,8.0,1299.0
772,24252,158.0,7.0,57.0,8.0,18929.0
772,24253,23.0,2.0,17.0,8.0,793.0
772,24254,165.0,3.0,78.0,8.0,158.0
772,24255,158.0,7.0,92.0,8.0,8993.0
772,24256,81.0,0.0,0.0,8.0,98.0
773,24247,165.0,3.0,78.0,8.0,15.0
773,24248,118.0,3.0,101.0,8.0,165.0
773,24249,49.0,2.0,19.0,3.0,54425.0
773,24250,165.0,3.0,78.0,8.0,133.0
773,24251,23.0,2.0,17.0,8.0,1299.0
773,24252,158.0,7.0,57.0,8.0,10265.0
773,24253,23.0,2.0,17.0,8.0,793.0
773,24254,165.0,3.0,78.0,8.0,157.0
773,24255,158.0,7.0,92.0,8.0,48993.0
773,24256,81.0,0.0,0.0,8.0,4.0
774,24263,95.0,2.0,51.0,2.0,0.0
774,24264,158.0,7.0,57.0,6.0,2913.0
774,24265,81.0,7.0,99.0,6.0,6868.0
774,24266,158.0,7.0,57.0,6.0,755.0
774,24267,23.0,2.0,17.0,6.0,631.0
774,24268,158.0,7.0,57.0,6.0,265.0
774,24269,118.0,3.0,101.0,6.0,967.0
774,24270,154.0,2.0,99.0,6.0,357.0
774,24271,154.0,2.0,99.0,6.0,8145.0
774,24272,81.0,7.0,99.0,6.0,1036.0
775,24263,60.0,7.0,28.0,8.0,43.0
775,24264,158.0,7.0,57.0,8.0,15.0
775,24265,154.0,2.0,99.0,8.0,1377.0
775,24266,154.0,2.0,99.0,8.0,8137.0
775,24267,23.0,2.0,17.0,8.0,499.0
775,24268,9.0,2.0,14.0,2.0,132.0
775,24269,118.0,3.0,101.0,8.0,967.0
775,24270,158.0,7.0,57.0,8.0,357.0
775,24271,154.0,2.0,99.0,8.0,8104.0
775,24272,154.0,2.0,99.0,8.0,5734.0
776,24263,95.0,2.0,51.0,2.0,0.0
776,24264,158.0,7.0,57.0,6.0,1012.0
776,24265,23.0,2.0,17.0,6.0,635.0
776,24266,165.0,3.0,78.0,6.0,95.0
776,24267,23.0,2.0,17.0,6.0,518.0
776,24268,158.0,7.0,57.0,6.0,265.0
776,24269,23.0,2.0,17.0,6.0,471.0
776,24270,158.0,7.0,57.0,2.0,357.0
776,24271,158.0,7.0,57.0,6.0,8994.0
776,24272,158.0,7.0,57.0,6.0,736.0
777,24263,10.0,0.0,0.0,2.0,113.0
777,24264,81.0,7.0,99.0,8.0,1012.0
777,24265,23.0,2.0,17.0,8.0,655.0
777,24266,158.0,7.0,57.0,8.0,8991.0
777,24267,23.0,2.0,17.0,8.0,484.0
777,24268,9.0,2.0,14.0,8.0,165.0
777,24269,23.0,2.0,17.0,8.0,867.0
777,24270,158.0,7.0,57.0,8.0,757.0
777,24271,107.0,0.0,0.0,8.0,57.0
777,24272,81.0,0.0,0.0,8.0,165.0
778,24263,60.0,7.0,28.0,6.0,41.0
778,24264,158.0,7.0,57.0,6.0,1054.0
778,24265,127.0,0.0,0.0,6.0,145.0
778,24266,118.0,3.0,101.0,6.0,1055.0
778,24267,23.0,2.0,17.0,6.0,495.0
778,24268,158.0,7.0,57.0,6.0,265.0
778,24269,118.0,3.0,101.0,6.0,967.0
778,24270,158.0,7.0,57.0,6.0,998.0
778,24271,118.0,3.0,101.0,6.0,745.0
778,24272,23.0,2.0,17.0,6.0,36.0
779,24247,165.0,3.0,78.0,8.0,15.0
779,24248,118.0,3.0,101.0,8.0,165.0
779,24249,49.0,2.0,19.0,3.0,54425.0
779,24250,165.0,3.0,78.0,8.0,133.0
779,24251,23.0,2.0,17.0,8.0,1299.0
779,24252,158.0,7.0,57.0,8.0,18830.0
779,24253,23.0,2.0,17.0,8.0,798.0
779,24254,165.0,3.0,78.0,8.0,158.0
779,24255,158.0,7.0,92.0,8.0,48993.0
779,24256,81.0,7.0,99.0,8.0,798.0
780,24247,165.0,3.0,78.0,6.0,45.0
780,24248,118.0,3.0,101.0,6.0,165.0
780,24249,49.0,2.0,19.0,6.0,58865.0
780,24250,165.0,3.0,78.0,6.0,133.0
780,24251,23.0,2.0,17.0,6.0,1299.0
780,24252,158.0,7.0,57.0,6.0,18730.0
780,24253,23.0,2.0,17.0,6.0,796.0
780,24254,165.0,3.0,78.0,6.0,158.0
780,24255,158.0,7.0,57.0,6.0,8993.0
780,24256,81.0,7.0,99.0,6.0,1398.0
781,24263,60.0,7.0,28.0,6.0,41.0
781,24264,158.0,7.0,57.0,6.0,1053.0
781,24265,154.0,2.0,99.0,6.0,1377.0
781,24266,154.0,2.0,99.0,6.0,8995.0
781,24267,23.0,2.0,17.0,6.0,695.0
781,24268,118.0,3.0,101.0,6.0,1065.0
781,24269,118.0,3.0,101.0,6.0,977.0
781,24270,154.0,2.0,99.0,6.0,1998.0
781,24271,154.0,2.0,99.0,6.0,8145.0
781,24272,81.0,7.0,99.0,6.0,1313.0
782,24247,165.0,3.0,78.0,2.0,15.0
782,24248,118.0,3.0,101.0,8.0,165.0
782,24249,49.0,2.0,19.0,2.0,54425.0
782,24250,165.0,3.0,78.0,8.0,133.0
782,24251,23.0,2.0,17.0,8.0,1299.0
782,24252,158.0,7.0,57.0,8.0,18929.0
782,24253,23.0,2.0,17.0,8.0,798.0
782,24254,165.0,3.0,78.0,8.0,150.0
782,24255,158.0,7.0,92.0,8.0,48993.0
782,24256,81.0,0.0,0.0,8.0,2.0
783,24247,165.0,3.0,78.0,6.0,45.0
783,24248,118.0,3.0,101.0,6.0,165.0
783,24249,49.0,2.0,19.0,6.0,58145.0
783,24250,165.0,3.0,78.0,6.0,133.0
783,24251,23.0,2.0,17.0,6.0,1299.0
783,24252,158.0,7.0,57.0,6.0,18730.0
783,24253,23.0,2.0,17.0,6.0,793.0
783,24254,165.0,3.0,78.0,6.0,158.0
783,24255,158.0,7.0,57.0,6.0,8993.0
783,24256,81.0,7.0,99.0,6.0,1398.0
784,24263,95.0,2.0,51.0,2.0,0.0
784,24264,158.0,7.0,57.0,6.0,2913.0
784,24265,81.0,7.0,99.0,6.0,6555.0
784,24266,158.0,7.0,57.0,6.0,637.0
784,24267,23.0,2.0,17.0,6.0,631.0
784,24268,183.0,6.0,85.0,6.0,7265.0
784,24269,23.0,2.0,17.0,6.0,867.0
784,24270,158.0,7.0,57.0,6.0,324.0
784,24271,165.0,3.0,78.0,6.0,57.0
784,24272,118.0,3.0,101.0,6.0,18.0
785,24247,165.0,3.0,78.0,6.0,15.0
785,24248,118.0,3.0,101.0,6.0,165.0
785,24249,49.0,2.0,19.0,6.0,54425.0
785,24250,165.0,3.0,78.0,6.0,133.0
785,24251,23.0,2.0,17.0,6.0,1299.0
785,24252,158.0,7.0,57.0,6.0,18730.0
785,24253,23.0,2.0,17.0,6.0,796.0
785,24254,165.0,3.0,78.0,6.0,158.0
785,24255,158.0,7.0,57.0,6.0,8993.0
785,24256,81.0,7.0,99.0,6.0,1398.0
786,24247,49.0,2.0,19.0,2.0,238745.0
786,24248,158.0,7.0,57.0,6.0,13925.0
786,24249,81.0,7.0,99.0,6.0,13178.0
786,24250,118.0,3.0,101.0,6.0,601.0
786,24251,165.0,3.0,78.0,6.0,3.0
786,24252,158.0,7.0,57.0,6.0,18029.0
786,24253,81.0,7.0,99.0,6.0,493.0
786,24254,158.0,7.0,57.0,6.0,398.0
786,24255,81.0,7.0,99.0,6.0,8993.0
786,24256,81.0,7.0,99.0,6.0,1298.0
787,24263,10.0,0.0,0.0,2.0,143.0
787,24264,81.0,7.0,99.0,8.0,1012.0
787,24265,23.0,2.0,17.0,8.0,665.0
787,24266,158.0,7.0,57.0,8.0,632.0
787,24267,23.0,2.0,17.0,8.0,496.0
787,24268,81.0,7.0,99.0,8.0,32.0
787,24269,118.0,3.0,101.0,8.0,967.0
787,24270,154.0,2.0,99.0,8.0,1617.0
787,24271,154.0,2.0,99.0,8.0,8997.0
787,24272,81.0,7.0,99.0,8.0,1212.0
788,24247,49.0,2.0,19.0,6.0,230149.0
788,24248,156.0,6.0,23.0,6.0,25.0
788,24249,118.0,3.0,101.0,6.0,145.0
788,24250,165.0,3.0,78.0,6.0,29.0
788,24251,118.0,3.0,101.0,6.0,1652.0
788,24252,158.0,7.0,57.0,6.0,18133.0
788,24253,23.0,2.0,17.0,6.0,796.0
788,24254,158.0,7.0,57.0,6.0,308.0
788,24255,81.0,7.0,99.0,6.0,8993.0
788,24256,81.0,7.0,99.0,6.0,1373.0
789,24257,158.0,7.0,57.0,2.0,45.0
789,24258,118.0,3.0,101.0,6.0,145.0
789,24259,81.0,7.0,99.0,5.0,265.0
789,24260,165.0,3.0,78.0,6.0,25.0
789,24261,118.0,3.0,101.0,6.0,893.0
789,24262,158.0,7.0,57.0,6.0,265.0
789,24263,23.0,2.0,17.0,6.0,471.0
789,24264,158.0,7.0,57.0,8.0,365.0
789,24265,154.0,2.0,99.0,6.0,8997.0
789,24266,81.0,7.0,99.0,6.0,1397.0
790,3226,158.0,7.0,57.0,2.0,318.0
790,3227,118.0,3.0,101.0,6.0,67.0
790,3228,158.0,7.0,57.0,6.0,1878.0
790,3229,81.0,7.0,99.0,6.0,707.0
790,3230,154.0,2.0,99.0,6.0,3646.0
790,3231,154.0,2.0,99.0,6.0,67.0
790,3232,118.0,3.0,101.0,6.0,267.0
790,3233,81.0,7.0,99.0,5.0,6645.0
790,3234,165.0,3.0,78.0,6.0,109.0
790,3235,154.0,2.0,99.0,5.0,147.0
791,24247,165.0,3.0,78.0,8.0,15.0
791,24248,118.0,3.0,101.0,8.0,165.0
791,24249,49.0,2.0,19.0,2.0,54425.0
791,24250,165.0,3.0,78.0,8.0,133.0
791,24251,23.0,2.0,17.0,8.0,1299.0
791,24252,158.0,7.0,57.0,8.0,18830.0
791,24253,23.0,2.0,17.0,8.0,798.0
791,24254,165.0,3.0,78.0,8.0,157.0
791,24255,158.0,7.0,92.0,8.0,48993.0
791,24256,81.0,0.0,0.0,8.0,169.0
792,24297,118.0,3.0,101.0,8.0,86.0
792,24298,118.0,3.0,101.0,8.0,135.0
792,24299,158.0,7.0,57.0,8.0,265.0
792,24200,165.0,3.0,78.0,8.0,7.0
792,24201,23.0,2.0,17.0,8.0,889.0
792,24202,158.0,7.0,57.0,8.0,268.0
792,24203,23.0,2.0,17.0,8.0,797.0
792,24204,158.0,7.0,57.0,8.0,998.0
792,24205,118.0,3.0,101.0,8.0,993.0
792,24206,23.0,2.0,17.0,8.0,13.0
793,26211,163.0,0.0,0.0,0.0,2611.0
793,26212,60.0,7.0,28.0,8.0,7123.0
793,26213,165.0,3.0,78.0,8.0,27.0
793,26214,165.0,3.0,78.0,0.0,211.0
793,26215,23.0,2.0,17.0,8.0,45.0
793,26216,158.0,7.0,57.0,8.0,0.0
793,26217,81.0,7.0,99.0,8.0,796.0
793,26218,158.0,7.0,57.0,8.0,193.0
793,26219,81.0,7.0,99.0,2.0,702.0
793,26220,158.0,7.0,57.0,8.0,763.0
794,24247,165.0,3.0,78.0,2.0,15.0
794,24248,118.0,3.0,101.0,8.0,165.0
794,24249,49.0,2.0,19.0,8.0,54425.0
794,24250,165.0,3.0,78.0,8.0,133.0
794,24251,23.0,2.0,17.0,8.0,1299.0
794,24252,158.0,7.0,57.0,8.0,11030.0
794,24253,23.0,2.0,17.0,8.0,791.0
794,24254,165.0,3.0,78.0,8.0,150.0
794,24255,158.0,7.0,92.0,8.0,48993.0
794,24256,81.0,0.0,0.0,8.0,169.0
795,24291,118.0,3.0,101.0,8.0,1086.0
795,24292,118.0,3.0,101.0,8.0,145.0
795,24293,158.0,7.0,57.0,8.0,278.0
795,24294,165.0,3.0,78.0,8.0,77.0
795,24295,23.0,2.0,17.0,8.0,819.0
795,24296,158.0,7.0,57.0,8.0,268.0
795,24297,23.0,2.0,17.0,8.0,867.0
795,24298,165.0,3.0,78.0,8.0,57.0
795,24299,158.0,7.0,57.0,8.0,704.0
795,24300,154.0,2.0,99.0,8.0,3737.0
796,24247,165.0,3.0,78.0,8.0,15.0
796,24248,118.0,3.0,101.0,8.0,165.0
796,24249,49.0,2.0,19.0,3.0,54425.0
796,24250,165.0,3.0,78.0,8.0,133.0
796,24251,23.0,2.0,17.0,8.0,1299.0
796,24252,158.0,7.0,57.0,8.0,18133.0
796,24253,23.0,2.0,17.0,8.0,798.0
796,24254,165.0,3.0,78.0,8.0,158.0
796,24255,158.0,7.0,92.0,8.0,8993.0
796,24256,81.0,0.0,0.0,8.0,12.0
797,24263,74.0,3.0,34.0,2.0,313.0
797,24264,158.0,7.0,57.0,6.0,1325.0
797,24265,154.0,2.0,99.0,6.0,8141.0
797,24266,56.0,7.0,26.0,6.0,632.0
797,24267,23.0,2.0,17.0,6.0,695.0
797,24268,23.0,2.0,17.0,6.0,65.0
797,24269,23.0,2.0,17.0,6.0,467.0
797,24270,158.0,7.0,57.0,6.0,998.0
797,24271,158.0,7.0,57.0,6.0,8997.0
797,24272,154.0,2.0,99.0,6.0,1736.0
798,24263,10.0,0.0,0.0,8.0,33.0
798,24264,81.0,7.0,99.0,8.0,6012.0
798,24265,23.0,2.0,17.0,8.0,665.0
798,24266,158.0,7.0,57.0,8.0,95.0
798,24267,23.0,2.0,17.0,8.0,499.0
798,24268,158.0,7.0,57.0,8.0,16032.0
798,24269,118.0,3.0,101.0,8.0,967.0
798,24270,154.0,2.0,99.0,8.0,798.0
798,24271,96.0,2.0,52.0,8.0,413.0
798,24272,118.0,3.0,101.0,8.0,36.0
799,24247,165.0,3.0,78.0,8.0,15.0
799,24248,118.0,3.0,101.0,8.0,165.0
799,24249,49.0,2.0,19.0,2.0,54425.0
799,24250,165.0,3.0,78.0,8.0,133.0
799,24251,23.0,2.0,17.0,8.0,1299.0
799,24252,158.0,7.0,57.0,8.0,18730.0
799,24253,23.0,2.0,17.0,8.0,798.0
799,24254,158.0,7.0,57.0,8.0,998.0
799,24255,118.0,3.0,101.0,8.0,793.0
799,24256,81.0,0.0,0.0,8.0,188.0
800,24263,60.0,7.0,28.0,6.0,41.0
800,24264,158.0,7.0,57.0,6.0,1054.0
800,24265,127.0,0.0,0.0,6.0,145.0
800,24266,81.0,7.0,99.0,6.0,1637.0
800,24267,23.0,2.0,17.0,6.0,495.0
800,24268,107.0,0.0,0.0,0.0,5.0
800,24269,154.0,2.0,99.0,6.0,967.0
800,24270,158.0,7.0,57.0,6.0,165.0
800,24271,118.0,3.0,101.0,6.0,757.0
800,24272,81.0,0.0,0.0,6.0,1036.0
801,24291,118.0,3.0,101.0,8.0,1086.0
801,24292,118.0,3.0,101.0,8.0,137.0
801,24293,158.0,7.0,57.0,8.0,268.0
801,24294,165.0,3.0,78.0,8.0,137.0
801,24295,23.0,2.0,17.0,8.0,519.0
801,24296,158.0,7.0,57.0,8.0,10265.0
801,24297,23.0,2.0,17.0,8.0,797.0
801,24298,158.0,7.0,57.0,8.0,3695.0
801,24299,118.0,3.0,101.0,8.0,997.0
801,24300,118.0,3.0,101.0,8.0,37.0
802,24291,118.0,3.0,101.0,8.0,1086.0
802,24292,118.0,3.0,101.0,8.0,137.0
802,24293,158.0,7.0,57.0,8.0,3477.0
802,24294,165.0,3.0,78.0,8.0,137.0
802,24295,23.0,2.0,17.0,8.0,889.0
802,24296,158.0,7.0,57.0,8.0,10265.0
802,24297,81.0,7.0,99.0,8.0,3868.0
802,24298,165.0,3.0,78.0,8.0,25.0
802,24299,154.0,2.0,99.0,8.0,517.0
802,24300,154.0,2.0,99.0,8.0,3637.0
803,24247,165.0,3.0,78.0,8.0,15.0
803,24248,118.0,3.0,101.0,8.0,165.0
803,24249,49.0,2.0,19.0,3.0,54425.0
803,24250,165.0,3.0,78.0,8.0,133.0
803,24251,23.0,2.0,17.0,8.0,1299.0
803,24252,158.0,7.0,57.0,8.0,18833.0
803,24253,23.0,2.0,17.0,8.0,791.0
803,24254,165.0,3.0,78.0,8.0,158.0
803,24255,158.0,7.0,92.0,8.0,48993.0
803,24256,81.0,7.0,99.0,8.0,798.0
804,24247,165.0,3.0,78.0,8.0,15.0
804,24248,118.0,3.0,101.0,8.0,165.0
804,24249,49.0,2.0,19.0,3.0,54425.0
804,24250,165.0,3.0,78.0,8.0,133.0
804,24251,23.0,2.0,17.0,8.0,1299.0
804,24252,158.0,7.0,57.0,8.0,18833.0
804,24253,23.0,2.0,17.0,8.0,791.0
804,24254,165.0,3.0,78.0,8.0,150.0
804,24255,158.0,7.0,92.0,8.0,8993.0
804,24256,81.0,7.0,99.0,8.0,798.0
805,24247,165.0,3.0,78.0,8.0,45.0
805,24248,118.0,3.0,101.0,8.0,165.0
805,24249,49.0,2.0,19.0,8.0,58865.0
805,24250,165.0,3.0,78.0,8.0,133.0
805,24251,23.0,2.0,17.0,8.0,1299.0
805,24252,158.0,7.0,57.0,8.0,18133.0
805,24253,23.0,2.0,17.0,8.0,798.0
805,24254,165.0,3.0,78.0,8.0,158.0
805,24255,158.0,7.0,92.0,8.0,48993.0
805,24256,81.0,0.0,0.0,8.0,798.0
806,24247,165.0,3.0,78.0,8.0,15.0
806,24248,118.0,3.0,101.0,8.0,165.0
806,24249,49.0,2.0,19.0,3.0,54425.0
806,24250,165.0,3.0,78.0,8.0,133.0
806,24251,23.0,2.0,17.0,8.0,1299.0
806,24252,158.0,7.0,57.0,8.0,18133.0
806,24253,23.0,2.0,17.0,8.0,798.0
806,24254,165.0,3.0,78.0,8.0,158.0
806,24255,158.0,7.0,57.0,8.0,8993.0
806,24256,81.0,0.0,0.0,8.0,798.0
807,24247,165.0,3.0,78.0,8.0,15.0
807,24248,118.0,3.0,101.0,8.0,165.0
807,24249,49.0,2.0,19.0,3.0,54425.0
807,24250,165.0,3.0,78.0,8.0,133.0
807,24251,23.0,2.0,17.0,8.0,1299.0
807,24252,158.0,7.0,57.0,8.0,18830.0
807,24253,23.0,2.0,17.0,8.0,798.0
807,24254,165.0,3.0,78.0,8.0,158.0
807,24255,158.0,7.0,92.0,8.0,48993.0
807,24256,81.0,0.0,0.0,8.0,18.0
808,24263,95.0,2.0,51.0,2.0,0.0
808,24264,158.0,7.0,57.0,6.0,1012.0
808,24265,23.0,2.0,17.0,6.0,631.0
808,24266,165.0,3.0,78.0,6.0,637.0
808,24267,23.0,2.0,17.0,6.0,689.0
808,24268,158.0,7.0,57.0,6.0,65.0
808,24269,23.0,2.0,17.0,6.0,471.0
808,24270,158.0,7.0,57.0,6.0,365.0
808,24271,118.0,3.0,101.0,6.0,757.0
808,24272,154.0,2.0,99.0,6.0,5736.0
809,24247,165.0,3.0,78.0,8.0,15.0
809,24248,118.0,3.0,101.0,8.0,165.0
809,24249,49.0,2.0,19.0,3.0,54425.0
809,24250,165.0,3.0,78.0,8.0,133.0
809,24251,23.0,2.0,17.0,8.0,1299.0
809,24252,158.0,7.0,57.0,8.0,18730.0
809,24253,23.0,2.0,17.0,8.0,791.0
809,24254,165.0,3.0,78.0,8.0,150.0
809,24255,158.0,7.0,92.0,8.0,48993.0
809,24256,81.0,0.0,0.0,8.0,169.0
810,20867,56.0,7.0,26.0,2.0,861.0
810,20868,147.0,7.0,60.0,8.0,1361.0
810,20869,147.0,7.0,60.0,8.0,1621.0
810,20870,187.0,0.0,0.0,8.0,14143.0
810,20871,49.0,2.0,19.0,8.0,11137.0
810,20872,147.0,7.0,60.0,8.0,1853.0
810,20873,54.0,6.0,24.0,8.0,862.0
810,20874,147.0,6.0,65.0,8.0,12041.0
810,20875,116.0,1.0,62.0,8.0,104500.0
810,20876,89.0,0.0,0.0,8.0,7713.0
811,24227,154.0,2.0,99.0,8.0,35.0
811,24228,118.0,3.0,101.0,8.0,195.0
811,24229,154.0,2.0,99.0,8.0,3165.0
811,24230,154.0,2.0,99.0,8.0,3683.0
811,24231,154.0,2.0,99.0,8.0,19829.0
811,24232,81.0,7.0,99.0,8.0,1065.0
811,24233,81.0,7.0,99.0,8.0,861.0
811,24234,81.0,7.0,99.0,8.0,6553.0
811,24235,158.0,7.0,57.0,8.0,17357.0
811,24236,154.0,2.0,99.0,8.0,1698.0
812,24247,165.0,3.0,78.0,8.0,15.0
812,24248,118.0,3.0,101.0,8.0,165.0
812,24249,49.0,2.0,19.0,3.0,54425.0
812,24250,165.0,3.0,78.0,8.0,133.0
812,24251,23.0,2.0,17.0,8.0,1299.0
812,24252,158.0,7.0,57.0,8.0,18830.0
812,24253,23.0,2.0,17.0,8.0,798.0
812,24254,165.0,3.0,78.0,8.0,158.0
812,24255,158.0,7.0,92.0,8.0,8993.0
812,24256,81.0,0.0,0.0,8.0,169.0
813,24247,165.0,3.0,78.0,8.0,15.0
813,24248,118.0,3.0,101.0,8.0,165.0
813,24249,49.0,2.0,19.0,2.0,54425.0
813,24250,165.0,3.0,78.0,8.0,133.0
813,24251,23.0,2.0,17.0,8.0,1299.0
813,24252,158.0,7.0,57.0,8.0,18833.0
813,24253,23.0,2.0,17.0,8.0,798.0
813,24254,165.0,3.0,78.0,8.0,150.0
813,24255,158.0,7.0,92.0,8.0,8993.0
813,24256,81.0,0.0,0.0,8.0,2.0
814,24247,165.0,3.0,78.0,6.0,15.0
814,24248,118.0,3.0,101.0,6.0,165.0
814,24249,49.0,2.0,19.0,6.0,54425.0
814,24250,165.0,3.0,78.0,6.0,133.0
814,24251,23.0,2.0,17.0,6.0,599.0
814,24252,158.0,7.0,57.0,6.0,18730.0
814,24253,23.0,2.0,17.0,6.0,473.0
814,24254,165.0,3.0,78.0,6.0,158.0
814,24255,158.0,7.0,92.0,6.0,48993.0
814,24256,81.0,7.0,99.0,6.0,1398.0
815,24263,95.0,2.0,51.0,2.0,0.0
815,24264,158.0,7.0,57.0,2.0,2813.0
815,24265,23.0,2.0,17.0,2.0,645.0
815,24266,165.0,3.0,78.0,2.0,22.0
815,24267,23.0,2.0,17.0,2.0,499.0
815,24268,158.0,7.0,57.0,6.0,265.0
815,24269,23.0,2.0,17.0,8.0,867.0
815,24270,158.0,7.0,57.0,2.0,757.0
815,24271,158.0,7.0,57.0,8.0,8993.0
815,24272,158.0,7.0,57.0,2.0,733.0
816,24267,56.0,7.0,26.0,2.0,361.0
816,24268,158.0,7.0,57.0,6.0,1323.0
816,24269,147.0,7.0,60.0,6.0,1631.0
816,24270,154.0,2.0,99.0,6.0,8137.0
816,24271,165.0,3.0,78.0,6.0,41.0
816,24272,183.0,6.0,85.0,6.0,7265.0
816,24273,49.0,2.0,19.0,6.0,862.0
816,24274,158.0,7.0,57.0,6.0,365.0
816,24275,158.0,7.0,57.0,6.0,8993.0
816,24276,23.0,2.0,17.0,6.0,736.0
817,24263,10.0,0.0,0.0,2.0,6.0
817,24264,158.0,7.0,57.0,8.0,5013.0
817,24265,23.0,2.0,17.0,8.0,645.0
817,24266,165.0,3.0,78.0,8.0,22.0
817,24267,23.0,2.0,17.0,8.0,689.0
817,24268,158.0,7.0,57.0,8.0,65.0
817,24269,23.0,2.0,17.0,8.0,798.0
817,24270,158.0,7.0,57.0,8.0,357.0
817,24271,158.0,7.0,57.0,8.0,8997.0
817,24272,154.0,2.0,99.0,8.0,5733.0
818,24247,165.0,3.0,78.0,8.0,45.0
818,24248,118.0,3.0,101.0,8.0,165.0
818,24249,49.0,2.0,19.0,3.0,54145.0
818,24250,165.0,3.0,78.0,8.0,133.0
818,24251,23.0,2.0,17.0,8.0,1299.0
818,24252,158.0,7.0,57.0,8.0,18929.0
818,24253,23.0,2.0,17.0,8.0,798.0
818,24254,158.0,7.0,57.0,8.0,43358.0
818,24255,158.0,7.0,57.0,8.0,8993.0
818,24256,81.0,7.0,99.0,8.0,798.0
819,24247,165.0,3.0,78.0,8.0,15.0
819,24248,118.0,3.0,101.0,8.0,165.0
819,24249,49.0,2.0,19.0,3.0,54425.0
819,24250,165.0,3.0,78.0,8.0,133.0
819,24251,23.0,2.0,17.0,8.0,1299.0
819,24252,158.0,7.0,57.0,8.0,18830.0
819,24253,23.0,2.0,17.0,8.0,798.0
819,24254,165.0,3.0,78.0,8.0,157.0
819,24255,158.0,7.0,92.0,8.0,8993.0
819,24256,81.0,7.0,99.0,8.0,798.0
820,24263,60.0,7.0,28.0,2.0,43.0
820,24264,158.0,7.0,57.0,6.0,1017.0
820,24265,154.0,2.0,99.0,6.0,1377.0
820,24266,154.0,2.0,99.0,6.0,8135.0
820,24267,23.0,2.0,17.0,6.0,95.0
820,24268,154.0,2.0,99.0,6.0,1035.0
820,24269,118.0,3.0,101.0,6.0,996.0
820,24270,154.0,2.0,99.0,6.0,1998.0
820,24271,154.0,2.0,99.0,6.0,8184.0
820,24272,81.0,7.0,99.0,6.0,1394.0
821,24263,10.0,0.0,0.0,8.0,3.0
821,24264,158.0,7.0,57.0,8.0,5913.0
821,24265,23.0,2.0,17.0,8.0,645.0
821,24266,165.0,3.0,78.0,8.0,22.0
821,24267,23.0,2.0,17.0,8.0,484.0
821,24268,158.0,7.0,57.0,8.0,65.0
821,24269,23.0,2.0,17.0,8.0,791.0
821,24270,158.0,7.0,57.0,8.0,757.0
821,24271,158.0,7.0,57.0,8.0,8997.0
821,24272,158.0,7.0,57.0,8.0,733.0
822,24291,118.0,3.0,101.0,5.0,1086.0
822,24292,118.0,3.0,101.0,5.0,1088.0
822,24293,154.0,2.0,99.0,5.0,6877.0
822,24294,165.0,3.0,78.0,5.0,137.0
822,24295,118.0,3.0,101.0,5.0,1269.0
822,24296,158.0,7.0,57.0,5.0,14731.0
822,24297,23.0,2.0,17.0,5.0,797.0
822,24298,158.0,7.0,57.0,5.0,3695.0
822,24299,154.0,2.0,99.0,5.0,797.0
822,24300,154.0,2.0,99.0,5.0,3637.0
823,24247,165.0,3.0,78.0,8.0,43.0
823,24248,118.0,3.0,101.0,8.0,165.0
823,24249,49.0,2.0,19.0,2.0,58865.0
823,24250,165.0,3.0,78.0,8.0,133.0
823,24251,23.0,2.0,17.0,8.0,1299.0
823,24252,158.0,7.0,57.0,8.0,18929.0
823,24253,23.0,2.0,17.0,8.0,473.0
823,24254,165.0,3.0,78.0,8.0,150.0
823,24255,158.0,7.0,92.0,8.0,48993.0
823,24256,81.0,0.0,0.0,8.0,169.0
824,24247,165.0,3.0,78.0,8.0,45.0
824,24248,118.0,3.0,101.0,8.0,165.0
824,24249,49.0,2.0,19.0,2.0,54425.0
824,24250,165.0,3.0,78.0,8.0,133.0
824,24251,23.0,2.0,17.0,8.0,1299.0
824,24252,158.0,7.0,57.0,8.0,18929.0
824,24253,23.0,2.0,17.0,8.0,473.0
824,24254,158.0,7.0,57.0,8.0,48998.0
824,24255,158.0,7.0,57.0,8.0,8993.0
824,24256,81.0,0.0,0.0,8.0,188.0
825,24263,95.0,2.0,51.0,2.0,0.0
825,24264,158.0,7.0,57.0,6.0,6015.0
825,24265,23.0,2.0,17.0,6.0,631.0
825,24266,165.0,3.0,78.0,6.0,95.0
825,24267,23.0,2.0,17.0,6.0,489.0
825,24268,158.0,7.0,57.0,6.0,65.0
825,24269,118.0,3.0,101.0,6.0,967.0
825,24270,158.0,7.0,57.0,6.0,358.0
825,24271,154.0,2.0,99.0,6.0,8157.0
825,24272,154.0,2.0,99.0,6.0,5736.0
826,24247,165.0,3.0,78.0,2.0,15.0
826,24248,118.0,3.0,101.0,8.0,165.0
826,24249,49.0,2.0,19.0,3.0,54425.0
826,24250,165.0,3.0,78.0,8.0,133.0
826,24251,23.0,2.0,17.0,8.0,1299.0
826,24252,158.0,7.0,57.0,8.0,18733.0
826,24253,23.0,2.0,17.0,8.0,798.0
826,24254,165.0,3.0,78.0,8.0,157.0
826,24255,158.0,7.0,92.0,8.0,48993.0
826,24256,81.0,0.0,0.0,8.0,169.0
827,24263,95.0,2.0,51.0,2.0,0.0
827,24264,158.0,7.0,57.0,6.0,1015.0
827,24265,23.0,2.0,17.0,6.0,631.0
827,24266,165.0,3.0,78.0,6.0,637.0
827,24267,23.0,2.0,17.0,6.0,489.0
827,24268,158.0,7.0,57.0,6.0,11065.0
827,24269,23.0,2.0,17.0,6.0,471.0
827,24270,158.0,7.0,57.0,6.0,798.0
827,24271,118.0,3.0,101.0,6.0,757.0
827,24272,154.0,2.0,99.0,6.0,1213.0
828,24247,165.0,3.0,78.0,2.0,15.0
828,24248,118.0,3.0,101.0,8.0,165.0
828,24249,49.0,2.0,19.0,3.0,54265.0
828,24250,165.0,3.0,78.0,8.0,133.0
828,24251,23.0,2.0,17.0,8.0,1299.0
828,24252,158.0,7.0,57.0,8.0,11033.0
828,24253,23.0,2.0,17.0,8.0,798.0
828,24254,165.0,3.0,78.0,8.0,158.0
828,24255,158.0,7.0,92.0,8.0,48993.0
828,24256,81.0,0.0,0.0,8.0,18.0
829,24297,118.0,3.0,101.0,8.0,86.0
829,24298,118.0,3.0,101.0,8.0,1082.0
829,24299,154.0,2.0,99.0,8.0,3865.0
829,24200,165.0,3.0,78.0,8.0,137.0
829,24201,23.0,2.0,17.0,8.0,599.0
829,24202,158.0,7.0,57.0,8.0,268.0
829,24203,23.0,2.0,17.0,8.0,797.0
829,24204,49.0,2.0,19.0,8.0,5995.0
829,24205,118.0,3.0,101.0,8.0,793.0
829,24206,81.0,7.0,99.0,8.0,1024.0
830,24263,95.0,2.0,51.0,0.0,145.0
830,24264,158.0,7.0,57.0,0.0,1012.0
830,24265,23.0,2.0,17.0,8.0,635.0
830,24266,165.0,3.0,78.0,6.0,95.0
830,24267,23.0,2.0,17.0,0.0,518.0
830,24268,118.0,3.0,101.0,8.0,1065.0
830,24269,23.0,2.0,17.0,8.0,867.0
830,24270,158.0,7.0,57.0,8.0,998.0
830,24271,158.0,7.0,57.0,8.0,8995.0
830,24272,158.0,7.0,57.0,8.0,736.0
831,24247,165.0,3.0,78.0,8.0,45.0
831,24248,118.0,3.0,101.0,8.0,165.0
831,24249,49.0,2.0,19.0,2.0,58145.0
831,24250,165.0,3.0,78.0,8.0,133.0
831,24251,23.0,2.0,17.0,8.0,1299.0
831,24252,158.0,7.0,57.0,8.0,18929.0
831,24253,23.0,2.0,17.0,8.0,798.0
831,24254,165.0,3.0,78.0,8.0,158.0
831,24255,158.0,7.0,92.0,8.0,48993.0
831,24256,81.0,0.0,0.0,8.0,4.0
832,24247,165.0,3.0,78.0,8.0,15.0
832,24248,118.0,3.0,101.0,8.0,165.0
832,24249,49.0,2.0,19.0,3.0,54425.0
832,24250,165.0,3.0,78.0,8.0,133.0
832,24251,23.0,2.0,17.0,8.0,1299.0
832,24252,158.0,7.0,57.0,8.0,18929.0
832,24253,23.0,2.0,17.0,8.0,798.0
832,24254,165.0,3.0,78.0,8.0,157.0
832,24255,158.0,7.0,92.0,8.0,8993.0
832,24256,81.0,0.0,0.0,8.0,24.0
833,24247,165.0,3.0,78.0,8.0,45.0
833,24248,118.0,3.0,101.0,8.0,165.0
833,24249,49.0,2.0,19.0,2.0,54425.0
833,24250,165.0,3.0,78.0,8.0,133.0
833,24251,23.0,2.0,17.0,8.0,1299.0
833,24252,158.0,7.0,57.0,8.0,18130.0
833,24253,23.0,2.0,17.0,8.0,798.0
833,24254,165.0,3.0,78.0,8.0,158.0
833,24255,158.0,7.0,92.0,8.0,8993.0
833,24256,81.0,0.0,0.0,8.0,7.0
834,24263,60.0,7.0,28.0,6.0,41.0
834,24264,158.0,7.0,57.0,6.0,1054.0
834,24265,127.0,0.0,0.0,6.0,145.0
834,24266,81.0,7.0,99.0,6.0,1632.0
834,24267,23.0,2.0,17.0,6.0,631.0
834,24268,158.0,7.0,57.0,6.0,65.0
834,24269,118.0,3.0,101.0,6.0,967.0
834,24270,158.0,7.0,57.0,6.0,465.0
834,24271,118.0,3.0,101.0,6.0,753.0
834,24272,118.0,3.0,101.0,6.0,13.0
835,24263,95.0,2.0,51.0,2.0,0.0
835,24264,158.0,7.0,57.0,6.0,2913.0
835,24265,23.0,2.0,17.0,6.0,645.0
835,24266,165.0,3.0,78.0,6.0,57.0
835,24267,23.0,2.0,17.0,6.0,689.0
835,24268,158.0,7.0,57.0,6.0,265.0
835,24269,23.0,2.0,17.0,6.0,471.0
835,24270,158.0,7.0,57.0,6.0,757.0
835,24271,158.0,7.0,57.0,6.0,8997.0
835,24272,158.0,7.0,57.0,6.0,731.0
836,24263,15.0,0.0,0.0,0.0,146.0
836,24264,158.0,7.0,57.0,8.0,1053.0
836,24265,23.0,2.0,17.0,8.0,665.0
836,24266,165.0,3.0,78.0,0.0,95.0
836,24267,23.0,2.0,17.0,8.0,518.0
836,24268,158.0,7.0,57.0,8.0,65.0
836,24269,23.0,2.0,17.0,8.0,791.0
836,24270,158.0,7.0,57.0,8.0,757.0
836,24271,118.0,3.0,101.0,8.0,704.0
836,24272,154.0,2.0,99.0,8.0,5736.0
837,24247,165.0,3.0,78.0,8.0,45.0
837,24248,118.0,3.0,101.0,8.0,165.0
837,24249,49.0,2.0,19.0,3.0,54425.0
837,24250,165.0,3.0,78.0,8.0,133.0
837,24251,23.0,2.0,17.0,8.0,599.0
837,24252,158.0,7.0,57.0,8.0,18929.0
837,24253,23.0,2.0,17.0,8.0,793.0
837,24254,165.0,3.0,78.0,8.0,158.0
837,24255,158.0,7.0,92.0,8.0,8993.0
837,24256,81.0,0.0,0.0,8.0,18.0
838,24263,60.0,7.0,28.0,6.0,41.0
838,24264,158.0,7.0,57.0,6.0,1053.0
838,24265,127.0,0.0,0.0,6.0,145.0
838,24266,56.0,7.0,26.0,6.0,632.0
838,24267,23.0,2.0,17.0,6.0,637.0
838,24268,103.0,6.0,53.0,6.0,65.0
838,24269,118.0,3.0,101.0,6.0,967.0
838,24270,158.0,7.0,57.0,6.0,998.0
838,24271,96.0,2.0,52.0,6.0,100657.0
838,24272,118.0,3.0,101.0,6.0,13.0
839,24247,165.0,3.0,78.0,6.0,95.0
839,24248,118.0,3.0,101.0,6.0,145.0
839,24249,49.0,2.0,19.0,6.0,54245.0
839,24250,165.0,3.0,78.0,6.0,133.0
839,24251,23.0,2.0,17.0,6.0,1299.0
839,24252,158.0,7.0,57.0,6.0,18730.0
839,24253,23.0,2.0,17.0,6.0,798.0
839,24254,158.0,7.0,57.0,6.0,48998.0
839,24255,158.0,7.0,92.0,6.0,8993.0
839,24256,81.0,0.0,0.0,6.0,798.0
840,24263,10.0,0.0,0.0,8.0,13.0
840,24264,81.0,7.0,99.0,8.0,1012.0
840,24265,23.0,2.0,17.0,8.0,632.0
840,24266,158.0,7.0,57.0,8.0,8991.0
840,24267,23.0,2.0,17.0,8.0,484.0
840,24268,118.0,3.0,101.0,8.0,65.0
840,24269,118.0,3.0,101.0,8.0,967.0
840,24270,158.0,7.0,57.0,8.0,798.0
840,24271,118.0,3.0,101.0,8.0,707.0
840,24272,154.0,2.0,99.0,8.0,1313.0
841,24297,118.0,3.0,101.0,8.0,86.0
841,24298,118.0,3.0,101.0,8.0,135.0
841,24299,49.0,2.0,19.0,2.0,39265.0
841,24200,165.0,3.0,78.0,8.0,132.0
841,24201,23.0,2.0,17.0,8.0,889.0
841,24202,158.0,7.0,57.0,8.0,14030.0
841,24203,23.0,2.0,17.0,8.0,797.0
841,24204,158.0,7.0,57.0,8.0,998.0
841,24205,118.0,3.0,101.0,8.0,724.0
841,24206,81.0,0.0,0.0,8.0,1024.0
842,24263,60.0,7.0,28.0,2.0,100.0
842,24264,158.0,7.0,57.0,6.0,5813.0
842,24265,147.0,7.0,60.0,6.0,665.0
842,24266,116.0,1.0,62.0,6.0,1055.0
842,24267,23.0,2.0,17.0,6.0,55.0
842,24268,81.0,7.0,99.0,6.0,7265.0
842,24269,154.0,2.0,99.0,6.0,867.0
842,24270,147.0,7.0,60.0,6.0,635.0
842,24271,147.0,7.0,60.0,6.0,557.0
842,24272,147.0,7.0,60.0,6.0,697.0
843,24291,118.0,3.0,101.0,8.0,1086.0
843,24292,118.0,3.0,101.0,8.0,145.0
843,24293,158.0,7.0,57.0,8.0,268.0
843,24294,165.0,3.0,78.0,8.0,137.0
843,24295,23.0,2.0,17.0,8.0,819.0
843,24296,158.0,7.0,57.0,8.0,10268.0
843,24297,23.0,2.0,17.0,8.0,797.0
843,24298,158.0,7.0,57.0,8.0,3695.0
843,24299,118.0,3.0,101.0,8.0,997.0
843,24300,118.0,3.0,101.0,8.0,4.0
844,24263,95.0,2.0,51.0,2.0,0.0
844,24264,158.0,7.0,57.0,6.0,1015.0
844,24265,81.0,7.0,99.0,6.0,6877.0
844,24266,158.0,7.0,57.0,6.0,755.0
844,24267,23.0,2.0,17.0,6.0,631.0
844,24268,118.0,3.0,101.0,6.0,1065.0
844,24269,118.0,3.0,101.0,6.0,967.0
844,24270,154.0,2.0,99.0,2.0,557.0
844,24271,154.0,2.0,99.0,6.0,8104.0
844,24272,154.0,2.0,99.0,8.0,1294.0
845,24263,95.0,2.0,51.0,0.0,140.0
845,24264,158.0,7.0,57.0,6.0,1013.0
845,24265,23.0,2.0,17.0,6.0,631.0
845,24266,165.0,3.0,78.0,6.0,29.0
845,24267,23.0,2.0,17.0,6.0,518.0
845,24268,158.0,7.0,57.0,6.0,11065.0
845,24269,23.0,2.0,17.0,6.0,471.0
845,24270,158.0,7.0,57.0,6.0,998.0
845,24271,158.0,7.0,57.0,6.0,8993.0
845,24272,154.0,2.0,99.0,6.0,5736.0
846,24247,165.0,3.0,78.0,8.0,15.0
846,24248,118.0,3.0,101.0,8.0,165.0
846,24249,49.0,2.0,19.0,2.0,54425.0
846,24250,165.0,3.0,78.0,8.0,133.0
846,24251,23.0,2.0,17.0,8.0,1299.0
846,24252,158.0,7.0,57.0,8.0,11265.0
846,24253,23.0,2.0,17.0,8.0,793.0
846,24254,165.0,3.0,78.0,8.0,157.0
846,24255,158.0,7.0,92.0,8.0,48993.0
846,24256,81.0,0.0,0.0,8.0,169.0
847,24263,95.0,2.0,51.0,2.0,0.0
847,24264,158.0,7.0,57.0,6.0,2953.0
847,24265,23.0,2.0,17.0,6.0,645.0
847,24266,165.0,3.0,78.0,6.0,55.0
847,24267,23.0,2.0,17.0,6.0,889.0
847,24268,158.0,7.0,57.0,6.0,265.0
847,24269,23.0,2.0,17.0,6.0,867.0
847,24270,158.0,7.0,57.0,6.0,757.0
847,24271,107.0,0.0,0.0,6.0,57.0
847,24272,158.0,7.0,57.0,6.0,731.0
848,24247,165.0,3.0,78.0,8.0,15.0
848,24248,118.0,3.0,101.0,8.0,165.0
848,24249,49.0,2.0,19.0,2.0,54425.0
848,24250,165.0,3.0,78.0,8.0,133.0
848,24251,23.0,2.0,17.0,8.0,599.0
848,24252,158.0,7.0,57.0,8.0,18833.0
848,24253,23.0,2.0,17.0,8.0,798.0
848,24254,165.0,3.0,78.0,8.0,158.0
848,24255,158.0,7.0,92.0,8.0,8993.0
848,24256,81.0,0.0,0.0,8.0,188.0
849,24261,118.0,3.0,101.0,8.0,18.0
849,24262,49.0,2.0,19.0,8.0,31115.0
849,24263,74.0,3.0,34.0,8.0,608.0
849,24264,56.0,7.0,26.0,8.0,681.0
849,24265,23.0,2.0,17.0,8.0,99.0
849,24266,23.0,2.0,17.0,8.0,565.0
849,24267,23.0,2.0,17.0,8.0,791.0
849,24268,158.0,7.0,57.0,8.0,907.0
849,24269,158.0,7.0,57.0,8.0,8997.0
849,24270,154.0,2.0,99.0,8.0,8736.0
850,24231,118.0,3.0,101.0,8.0,1087.0
850,24232,158.0,7.0,57.0,8.0,8925.0
850,24233,81.0,7.0,99.0,8.0,6478.0
850,24234,165.0,3.0,78.0,8.0,637.0
850,24235,23.0,2.0,17.0,8.0,519.0
850,24236,158.0,7.0,57.0,8.0,18865.0
850,24237,23.0,2.0,17.0,8.0,471.0
850,24238,158.0,7.0,57.0,8.0,565.0
850,24239,118.0,3.0,101.0,8.0,693.0
850,24240,154.0,2.0,99.0,8.0,1688.0
851,24247,165.0,3.0,78.0,8.0,15.0
851,24248,118.0,3.0,101.0,8.0,165.0
851,24249,49.0,2.0,19.0,3.0,58865.0
851,24250,165.0,3.0,78.0,8.0,133.0
851,24251,23.0,2.0,17.0,8.0,1299.0
851,24252,158.0,7.0,57.0,8.0,18929.0
851,24253,23.0,2.0,17.0,8.0,793.0
851,24254,165.0,3.0,78.0,8.0,157.0
851,24255,158.0,7.0,92.0,8.0,48993.0
851,24256,81.0,0.0,0.0,8.0,798.0
852,24247,165.0,3.0,78.0,8.0,15.0
852,24248,118.0,3.0,101.0,8.0,165.0
852,24249,49.0,2.0,19.0,2.0,54425.0
852,24250,165.0,3.0,78.0,8.0,133.0
852,24251,23.0,2.0,17.0,8.0,1299.0
852,24252,158.0,7.0,57.0,8.0,11030.0
852,24253,23.0,2.0,17.0,8.0,798.0
852,24254,165.0,3.0,78.0,8.0,158.0
852,24255,158.0,7.0,92.0,8.0,48993.0
852,24256,81.0,0.0,0.0,8.0,188.0
853,24263,10.0,0.0,0.0,8.0,43.0
853,24264,158.0,7.0,57.0,8.0,1013.0
853,24265,23.0,2.0,17.0,8.0,645.0
853,24266,165.0,3.0,78.0,8.0,22.0
853,24267,23.0,2.0,17.0,8.0,518.0
853,24268,158.0,7.0,57.0,8.0,65.0
853,24269,23.0,2.0,17.0,8.0,967.0
853,24270,158.0,7.0,57.0,8.0,757.0
853,24271,165.0,3.0,78.0,8.0,19.0
853,24272,158.0,7.0,57.0,8.0,736.0
854,24263,60.0,7.0,28.0,6.0,41.0
854,24264,158.0,7.0,57.0,6.0,2874.0
854,24265,147.0,7.0,60.0,6.0,631.0
854,24266,116.0,1.0,62.0,6.0,1055.0
854,24267,23.0,2.0,17.0,6.0,657.0
854,24268,23.0,2.0,17.0,6.0,5.0
854,24269,118.0,3.0,101.0,6.0,991.0
854,24270,147.0,7.0,60.0,6.0,645.0
854,24271,154.0,2.0,99.0,6.0,8997.0
854,24272,81.0,0.0,0.0,6.0,1214.0
855,24247,165.0,3.0,78.0,8.0,15.0
855,24248,118.0,3.0,101.0,8.0,165.0
855,24249,49.0,2.0,19.0,3.0,54425.0
855,24250,165.0,3.0,78.0,8.0,133.0
855,24251,23.0,2.0,17.0,8.0,599.0
855,24252,158.0,7.0,57.0,8.0,18929.0
855,24253,23.0,2.0,17.0,8.0,793.0
855,24254,165.0,3.0,78.0,8.0,158.0
855,24255,158.0,7.0,57.0,8.0,48993.0
855,24256,158.0,7.0,57.0,8.0,798.0
856,24247,165.0,3.0,78.0,8.0,15.0
856,24248,118.0,3.0,101.0,8.0,165.0
856,24249,49.0,2.0,19.0,3.0,54425.0
856,24250,165.0,3.0,78.0,8.0,133.0
856,24251,23.0,2.0,17.0,8.0,1299.0
856,24252,158.0,7.0,57.0,8.0,18130.0
856,24253,23.0,2.0,17.0,8.0,798.0
856,24254,165.0,3.0,78.0,8.0,150.0
856,24255,158.0,7.0,92.0,8.0,48993.0
856,24256,81.0,0.0,0.0,8.0,798.0
857,24247,165.0,3.0,78.0,8.0,15.0
857,24248,118.0,3.0,101.0,8.0,165.0
857,24249,49.0,2.0,19.0,3.0,54425.0
857,24250,165.0,3.0,78.0,8.0,133.0
857,24251,23.0,2.0,17.0,8.0,1299.0
857,24252,158.0,7.0,57.0,8.0,18830.0
857,24253,23.0,2.0,17.0,8.0,798.0
857,24254,165.0,3.0,78.0,8.0,157.0
857,24255,158.0,7.0,92.0,8.0,48993.0
857,24256,81.0,7.0,99.0,8.0,798.0
858,24263,10.0,0.0,0.0,8.0,3.0
858,24264,158.0,7.0,57.0,8.0,1013.0
858,24265,23.0,2.0,17.0,8.0,645.0
858,24266,165.0,3.0,78.0,8.0,22.0
858,24267,23.0,2.0,17.0,8.0,518.0
858,24268,158.0,7.0,57.0,8.0,65.0
858,24269,118.0,3.0,101.0,8.0,967.0
858,24270,158.0,7.0,57.0,8.0,798.0
858,24271,154.0,2.0,99.0,8.0,8994.0
858,24272,154.0,2.0,99.0,8.0,1236.0
859,24263,95.0,2.0,51.0,0.0,146.0
859,24264,158.0,7.0,57.0,6.0,1012.0
859,24265,23.0,2.0,17.0,6.0,635.0
859,24266,165.0,3.0,78.0,6.0,95.0
859,24267,23.0,2.0,17.0,6.0,518.0
859,24268,158.0,7.0,57.0,6.0,11065.0
859,24269,23.0,2.0,17.0,6.0,477.0
859,24270,158.0,7.0,57.0,6.0,798.0
859,24271,118.0,3.0,101.0,6.0,707.0
859,24272,154.0,2.0,99.0,6.0,5736.0
860,24247,165.0,3.0,78.0,2.0,15.0
860,24248,118.0,3.0,101.0,8.0,165.0
860,24249,49.0,2.0,19.0,3.0,58865.0
860,24250,165.0,3.0,78.0,8.0,133.0
860,24251,23.0,2.0,17.0,8.0,1299.0
860,24252,158.0,7.0,57.0,8.0,10265.0
860,24253,23.0,2.0,17.0,8.0,798.0
860,24254,165.0,3.0,78.0,8.0,150.0
860,24255,158.0,7.0,92.0,8.0,8993.0
860,24256,81.0,0.0,0.0,8.0,169.0
861,24247,165.0,3.0,78.0,8.0,15.0
861,24248,118.0,3.0,101.0,8.0,165.0
861,24249,49.0,2.0,19.0,3.0,54425.0
861,24250,165.0,3.0,78.0,8.0,133.0
861,24251,23.0,2.0,17.0,8.0,1299.0
861,24252,158.0,7.0,57.0,8.0,18929.0
861,24253,23.0,2.0,17.0,8.0,798.0
861,24254,165.0,3.0,78.0,8.0,158.0
861,24255,158.0,7.0,92.0,8.0,48993.0
861,24256,81.0,0.0,0.0,8.0,188.0
862,24297,118.0,3.0,101.0,8.0,86.0
862,24298,118.0,3.0,101.0,8.0,137.0
862,24299,49.0,2.0,19.0,8.0,39265.0
862,24200,165.0,3.0,78.0,8.0,25.0
862,24201,23.0,2.0,17.0,8.0,889.0
862,24202,158.0,7.0,57.0,8.0,230.0
862,24203,23.0,2.0,17.0,8.0,797.0
862,24204,158.0,7.0,57.0,8.0,365.0
862,24205,118.0,3.0,101.0,8.0,713.0
862,24206,81.0,0.0,0.0,8.0,1024.0
863,24297,118.0,3.0,101.0,8.0,86.0
863,24298,118.0,3.0,101.0,8.0,135.0
863,24299,158.0,7.0,57.0,8.0,268.0
863,24200,165.0,3.0,78.0,8.0,137.0
863,24201,23.0,2.0,17.0,8.0,499.0
863,24202,158.0,7.0,57.0,8.0,268.0
863,24203,23.0,2.0,17.0,8.0,797.0
863,24204,165.0,3.0,78.0,8.0,55.0
863,24205,158.0,7.0,57.0,8.0,793.0
863,24206,81.0,7.0,99.0,8.0,1013.0
864,24247,165.0,3.0,78.0,8.0,15.0
864,24248,118.0,3.0,101.0,8.0,165.0
864,24249,49.0,2.0,19.0,3.0,54425.0
864,24250,165.0,3.0,78.0,8.0,133.0
864,24251,23.0,2.0,17.0,8.0,1299.0
864,24252,158.0,7.0,57.0,8.0,18830.0
864,24253,23.0,2.0,17.0,8.0,798.0
864,24254,158.0,7.0,57.0,8.0,998.0
864,24255,118.0,3.0,101.0,8.0,993.0
864,24256,81.0,0.0,0.0,8.0,798.0
865,24247,165.0,3.0,78.0,8.0,45.0
865,24248,118.0,3.0,101.0,8.0,165.0
865,24249,49.0,2.0,19.0,2.0,54425.0
865,24250,165.0,3.0,78.0,8.0,133.0
865,24251,23.0,2.0,17.0,8.0,1299.0
865,24252,158.0,7.0,57.0,8.0,11030.0
865,24253,23.0,2.0,17.0,8.0,798.0
865,24254,165.0,3.0,78.0,8.0,158.0
865,24255,158.0,7.0,92.0,8.0,8993.0
865,24256,81.0,0.0,0.0,8.0,169.0
866,24263,10.0,0.0,0.0,8.0,43.0
866,24264,158.0,7.0,57.0,8.0,1013.0
866,24265,23.0,2.0,17.0,8.0,645.0
866,24266,165.0,3.0,78.0,8.0,22.0
866,24267,23.0,2.0,17.0,8.0,519.0
866,24268,158.0,7.0,57.0,8.0,11065.0
866,24269,23.0,2.0,17.0,8.0,791.0
866,24270,158.0,7.0,57.0,8.0,757.0
866,24271,118.0,3.0,101.0,8.0,707.0
866,24272,154.0,2.0,99.0,8.0,5736.0
867,24291,118.0,3.0,101.0,8.0,86.0
867,24292,118.0,3.0,101.0,8.0,145.0
867,24293,158.0,7.0,57.0,8.0,13473.0
867,24294,165.0,3.0,78.0,8.0,77.0
867,24295,118.0,3.0,101.0,8.0,1041.0
867,24296,158.0,7.0,57.0,8.0,268.0
867,24297,23.0,2.0,17.0,8.0,997.0
867,24298,165.0,3.0,78.0,8.0,55.0
867,24299,158.0,7.0,57.0,8.0,704.0
867,24300,154.0,2.0,99.0,8.0,3737.0
868,24247,165.0,3.0,78.0,8.0,15.0
868,24248,118.0,3.0,101.0,8.0,165.0
868,24249,49.0,2.0,19.0,3.0,54425.0
868,24250,165.0,3.0,78.0,8.0,133.0
868,24251,23.0,2.0,17.0,8.0,1299.0
868,24252,158.0,7.0,57.0,8.0,18833.0
868,24253,23.0,2.0,17.0,8.0,798.0
868,24254,165.0,3.0,78.0,8.0,158.0
868,24255,158.0,7.0,92.0,8.0,8993.0
868,24256,81.0,0.0,0.0,8.0,5.0
869,24263,95.0,2.0,51.0,2.0,0.0
869,24264,158.0,7.0,57.0,0.0,2915.0
869,24265,23.0,2.0,17.0,8.0,631.0
869,24266,165.0,3.0,78.0,8.0,29.0
869,24267,23.0,2.0,17.0,8.0,599.0
869,24268,118.0,3.0,101.0,8.0,1065.0
869,24269,23.0,2.0,17.0,8.0,796.0
869,24270,158.0,7.0,57.0,8.0,998.0
869,24271,158.0,7.0,57.0,8.0,8997.0
869,24272,154.0,2.0,99.0,8.0,5737.0
870,24263,60.0,7.0,28.0,6.0,41.0
870,24264,158.0,7.0,57.0,6.0,1053.0
870,24265,127.0,0.0,0.0,6.0,145.0
870,24266,56.0,7.0,26.0,6.0,55.0
870,24267,23.0,2.0,17.0,6.0,637.0
870,24268,103.0,6.0,53.0,6.0,5.0
870,24269,118.0,3.0,101.0,6.0,967.0
870,24270,158.0,7.0,57.0,6.0,165.0
870,24271,154.0,2.0,99.0,6.0,8994.0
870,24272,154.0,2.0,99.0,6.0,1218.0
871,24247,165.0,3.0,78.0,8.0,45.0
871,24248,118.0,3.0,101.0,8.0,165.0
871,24249,49.0,2.0,19.0,3.0,58145.0
871,24250,165.0,3.0,78.0,8.0,133.0
871,24251,23.0,2.0,17.0,8.0,1299.0
871,24252,158.0,7.0,57.0,8.0,18925.0
871,24253,23.0,2.0,17.0,8.0,798.0
871,24254,165.0,3.0,78.0,8.0,158.0
871,24255,158.0,7.0,92.0,8.0,8993.0
871,24256,81.0,7.0,99.0,8.0,798.0
872,24247,165.0,3.0,78.0,8.0,15.0
872,24248,118.0,3.0,101.0,8.0,165.0
872,24249,49.0,2.0,19.0,3.0,54425.0
872,24250,165.0,3.0,78.0,8.0,133.0
872,24251,23.0,2.0,17.0,8.0,1299.0
872,24252,158.0,7.0,57.0,8.0,18833.0
872,24253,23.0,2.0,17.0,8.0,793.0
872,24254,165.0,3.0,78.0,8.0,158.0
872,24255,158.0,7.0,92.0,8.0,48993.0
872,24256,81.0,7.0,99.0,8.0,798.0
873,24247,165.0,3.0,78.0,6.0,43.0
873,24248,118.0,3.0,101.0,6.0,145.0
873,24249,49.0,2.0,19.0,6.0,58825.0
873,24250,165.0,3.0,78.0,6.0,133.0
873,24251,23.0,2.0,17.0,6.0,3652.0
873,24252,158.0,7.0,57.0,6.0,18730.0
873,24253,23.0,2.0,17.0,6.0,798.0
873,24254,158.0,7.0,57.0,6.0,48998.0
873,24255,158.0,7.0,57.0,6.0,8993.0
873,24256,81.0,7.0,99.0,6.0,798.0
874,24263,10.0,0.0,0.0,8.0,45.0
874,24264,158.0,7.0,57.0,8.0,1013.0
874,24265,23.0,2.0,17.0,8.0,645.0
874,24266,165.0,3.0,78.0,8.0,22.0
874,24267,23.0,2.0,17.0,8.0,518.0
874,24268,158.0,7.0,57.0,8.0,65.0
874,24269,23.0,2.0,17.0,8.0,791.0
874,24270,158.0,7.0,57.0,8.0,998.0
874,24271,118.0,3.0,101.0,8.0,707.0
874,24272,154.0,2.0,99.0,8.0,5736.0
875,24247,165.0,3.0,78.0,2.0,15.0
875,24248,118.0,3.0,101.0,8.0,165.0
875,24249,49.0,2.0,19.0,2.0,54425.0
875,24250,165.0,3.0,78.0,8.0,133.0
875,24251,23.0,2.0,17.0,8.0,1299.0
875,24252,158.0,7.0,57.0,8.0,18730.0
875,24253,23.0,2.0,17.0,8.0,798.0
875,24254,165.0,3.0,78.0,8.0,157.0
875,24255,158.0,7.0,57.0,8.0,48993.0
875,24256,158.0,7.0,57.0,8.0,798.0
876,24263,95.0,2.0,51.0,2.0,0.0
876,24264,158.0,7.0,57.0,2.0,1015.0
876,24265,23.0,2.0,17.0,2.0,632.0
876,24266,158.0,7.0,57.0,2.0,681.0
876,24267,23.0,2.0,17.0,2.0,518.0
876,24268,118.0,3.0,101.0,2.0,1065.0
876,24269,23.0,2.0,17.0,8.0,867.0
876,24270,158.0,7.0,57.0,2.0,798.0
876,24271,158.0,7.0,57.0,2.0,8997.0
876,24272,154.0,2.0,99.0,2.0,3736.0
877,24247,165.0,3.0,78.0,8.0,15.0
877,24248,118.0,3.0,101.0,8.0,165.0
877,24249,49.0,2.0,19.0,3.0,54425.0
877,24250,165.0,3.0,78.0,8.0,133.0
877,24251,23.0,2.0,17.0,8.0,1299.0
877,24252,158.0,7.0,57.0,8.0,18929.0
877,24253,23.0,2.0,17.0,8.0,798.0
877,24254,165.0,3.0,78.0,8.0,158.0
877,24255,158.0,7.0,92.0,8.0,48993.0
877,24256,81.0,0.0,0.0,8.0,798.0
878,24263,95.0,2.0,51.0,2.0,0.0
878,24264,158.0,7.0,57.0,6.0,2913.0
878,24265,23.0,2.0,17.0,6.0,645.0
878,24266,158.0,7.0,57.0,6.0,637.0
878,24267,23.0,2.0,17.0,6.0,484.0
878,24268,107.0,0.0,0.0,0.0,65.0
878,24269,23.0,2.0,17.0,6.0,967.0
878,24270,158.0,7.0,57.0,2.0,998.0
878,24271,118.0,3.0,101.0,6.0,757.0
878,24272,118.0,3.0,101.0,6.0,13.0
879,24297,118.0,3.0,101.0,8.0,86.0
879,24298,118.0,3.0,101.0,8.0,136.0
879,24299,158.0,7.0,57.0,8.0,265.0
879,24200,165.0,3.0,78.0,8.0,137.0
879,24201,23.0,2.0,17.0,8.0,553.0
879,24202,158.0,7.0,57.0,8.0,268.0
879,24203,23.0,2.0,17.0,8.0,277.0
879,24204,9.0,2.0,14.0,8.0,55.0
879,24205,118.0,3.0,101.0,8.0,713.0
879,24306,23.0,2.0,17.0,8.0,684.0
880,24263,74.0,3.0,34.0,2.0,303.0
880,24264,158.0,7.0,57.0,6.0,1324.0
880,24265,154.0,2.0,99.0,6.0,8875.0
880,24266,56.0,7.0,26.0,6.0,637.0
880,24267,23.0,2.0,17.0,6.0,695.0
880,24268,158.0,7.0,57.0,6.0,7265.0
880,24269,23.0,2.0,17.0,6.0,867.0
880,24270,158.0,7.0,57.0,6.0,324.0
880,24271,154.0,2.0,99.0,6.0,8994.0
880,24272,154.0,2.0,99.0,6.0,5736.0
881,24247,165.0,3.0,78.0,6.0,15.0
881,24248,118.0,3.0,101.0,6.0,165.0
881,24249,49.0,2.0,19.0,6.0,58865.0
881,24250,165.0,3.0,78.0,6.0,137.0
881,24251,23.0,2.0,17.0,6.0,1299.0
881,24252,158.0,7.0,57.0,6.0,18730.0
881,24253,23.0,2.0,17.0,6.0,796.0
881,24254,165.0,3.0,78.0,6.0,158.0
881,24255,158.0,7.0,92.0,6.0,48993.0
881,24256,81.0,7.0,99.0,6.0,1373.0
882,24263,95.0,2.0,51.0,2.0,0.0
882,24264,158.0,7.0,57.0,6.0,1012.0
882,24265,23.0,2.0,17.0,6.0,631.0
882,24266,165.0,3.0,78.0,6.0,95.0
882,24267,23.0,2.0,17.0,6.0,689.0
882,24268,158.0,7.0,57.0,6.0,65.0
882,24269,23.0,2.0,17.0,6.0,862.0
882,24270,158.0,7.0,57.0,2.0,308.0
882,24271,158.0,7.0,57.0,6.0,8997.0
882,24272,158.0,7.0,57.0,6.0,733.0
883,24247,165.0,3.0,78.0,8.0,45.0
883,24248,118.0,3.0,101.0,8.0,165.0
883,24249,49.0,2.0,19.0,3.0,54425.0
883,24250,165.0,3.0,78.0,8.0,133.0
883,24251,23.0,2.0,17.0,8.0,1299.0
883,24252,158.0,7.0,57.0,8.0,18929.0
883,24253,23.0,2.0,17.0,8.0,798.0
883,24254,165.0,3.0,78.0,8.0,158.0
883,24255,158.0,7.0,92.0,8.0,48993.0
883,24256,81.0,0.0,0.0,8.0,798.0
884,24247,165.0,3.0,78.0,8.0,15.0
884,24248,118.0,3.0,101.0,8.0,165.0
884,24249,49.0,2.0,19.0,3.0,54425.0
884,24250,165.0,3.0,78.0,8.0,133.0
884,24251,23.0,2.0,17.0,8.0,1299.0
884,24252,158.0,7.0,57.0,8.0,18730.0
884,24253,23.0,2.0,17.0,8.0,791.0
884,24254,165.0,3.0,78.0,8.0,158.0
884,24255,158.0,7.0,92.0,8.0,8993.0
884,24256,81.0,0.0,0.0,8.0,188.0
885,24263,95.0,2.0,51.0,2.0,0.0
885,24264,158.0,7.0,57.0,6.0,1012.0
885,24265,23.0,2.0,17.0,6.0,631.0
885,24266,165.0,3.0,78.0,6.0,22.0
885,24267,23.0,2.0,17.0,6.0,689.0
885,24268,107.0,0.0,0.0,6.0,65.0
885,24269,23.0,2.0,17.0,6.0,867.0
885,24270,158.0,7.0,57.0,2.0,108.0
885,24271,118.0,3.0,101.0,6.0,757.0
885,24272,154.0,2.0,99.0,6.0,8736.0
886,3226,158.0,7.0,57.0,2.0,318.0
886,3227,118.0,3.0,101.0,8.0,64.0
886,3228,158.0,7.0,57.0,8.0,1647.0
886,3229,81.0,7.0,99.0,8.0,705.0
886,3230,158.0,7.0,92.0,2.0,1156.0
886,3231,158.0,7.0,57.0,8.0,7.0
886,3232,118.0,3.0,101.0,8.0,761.0
886,3233,165.0,3.0,78.0,8.0,55.0
886,3234,158.0,7.0,57.0,8.0,571.0
886,3235,81.0,7.0,99.0,8.0,765.0
887,24263,95.0,2.0,51.0,2.0,0.0
887,24264,158.0,7.0,57.0,6.0,1015.0
887,24265,23.0,2.0,17.0,6.0,635.0
887,24266,165.0,3.0,78.0,6.0,95.0
887,24267,23.0,2.0,17.0,6.0,689.0
887,24268,158.0,7.0,57.0,6.0,65.0
887,24269,23.0,2.0,17.0,6.0,471.0
887,24270,158.0,7.0,57.0,6.0,318.0
887,24271,158.0,7.0,57.0,6.0,8993.0
887,24272,158.0,7.0,57.0,6.0,736.0
888,24263,10.0,0.0,0.0,8.0,13.0
888,24264,81.0,7.0,99.0,8.0,1012.0
888,24265,23.0,2.0,17.0,8.0,632.0
888,24266,158.0,7.0,57.0,8.0,55.0
888,24267,23.0,2.0,17.0,8.0,484.0
888,24268,118.0,3.0,101.0,8.0,65.0
888,24269,118.0,3.0,101.0,8.0,967.0
888,24270,158.0,7.0,57.0,8.0,798.0
888,24271,154.0,2.0,99.0,8.0,8997.0
888,24272,81.0,7.0,99.0,8.0,1218.0
889,24221,118.0,3.0,101.0,8.0,86.0
889,24222,158.0,7.0,57.0,8.0,25.0
889,24223,118.0,3.0,101.0,8.0,1377.0
889,24224,165.0,3.0,78.0,8.0,37.0
889,24225,118.0,3.0,101.0,8.0,896.0
889,24226,158.0,7.0,57.0,8.0,265.0
889,24227,23.0,2.0,17.0,8.0,991.0
889,24228,158.0,7.0,57.0,8.0,355.0
889,24229,118.0,3.0,101.0,8.0,997.0
889,24230,154.0,2.0,99.0,8.0,732.0
890,24263,95.0,2.0,51.0,2.0,0.0
890,24264,158.0,7.0,57.0,6.0,1015.0
890,24265,23.0,2.0,17.0,6.0,631.0
890,24266,158.0,7.0,57.0,6.0,637.0
890,24267,23.0,2.0,17.0,6.0,484.0
890,24268,183.0,6.0,85.0,6.0,7265.0
890,24269,23.0,2.0,17.0,6.0,867.0
890,24270,158.0,7.0,57.0,6.0,355.0
890,24271,165.0,3.0,78.0,6.0,57.0
890,24272,118.0,3.0,101.0,6.0,13.0
891,24247,165.0,3.0,78.0,8.0,15.0
891,24248,118.0,3.0,101.0,8.0,165.0
891,24249,49.0,2.0,19.0,2.0,58865.0
891,24250,165.0,3.0,78.0,8.0,133.0
891,24251,23.0,2.0,17.0,8.0,1299.0
891,24252,158.0,7.0,57.0,8.0,18730.0
891,24253,23.0,2.0,17.0,8.0,793.0
891,24254,158.0,7.0,57.0,8.0,998.0
891,24255,158.0,7.0,92.0,8.0,48993.0
891,24256,81.0,0.0,0.0,8.0,169.0
892,24890,81.0,7.0,99.0,8.0,6553.0
892,24891,158.0,7.0,57.0,8.0,8045.0
892,24892,107.0,0.0,0.0,8.0,276.0
892,24893,81.0,7.0,99.0,8.0,48737.0
892,24894,23.0,2.0,17.0,8.0,94.0
892,24895,158.0,7.0,57.0,8.0,272.0
892,24896,81.0,7.0,99.0,8.0,776.0
892,24897,81.0,7.0,99.0,8.0,1267.0
892,24898,118.0,3.0,101.0,8.0,793.0
892,24899,118.0,3.0,101.0,8.0,13.0
893,24263,10.0,0.0,0.0,8.0,43.0
893,24264,158.0,7.0,57.0,8.0,1013.0
893,24265,23.0,2.0,17.0,8.0,645.0
893,24266,165.0,3.0,78.0,8.0,22.0
893,24267,23.0,2.0,17.0,8.0,518.0
893,24268,158.0,7.0,57.0,8.0,17265.0
893,24269,23.0,2.0,17.0,8.0,867.0
893,24270,158.0,7.0,57.0,8.0,798.0
893,24271,118.0,3.0,101.0,8.0,707.0
893,24272,154.0,2.0,99.0,8.0,5736.0
894,24263,95.0,2.0,51.0,2.0,0.0
894,24264,158.0,7.0,57.0,6.0,2873.0
894,24265,81.0,7.0,99.0,6.0,6865.0
894,24266,158.0,7.0,57.0,6.0,637.0
894,24267,23.0,2.0,17.0,6.0,495.0
894,24268,158.0,7.0,57.0,6.0,265.0
894,24269,118.0,3.0,101.0,6.0,967.0
894,24270,154.0,2.0,99.0,2.0,325.0
894,24271,154.0,2.0,99.0,6.0,8145.0
894,24272,81.0,7.0,99.0,6.0,1324.0
895,24247,165.0,3.0,78.0,6.0,15.0
895,24248,118.0,3.0,101.0,6.0,165.0
895,24249,49.0,2.0,19.0,6.0,58865.0
895,24250,165.0,3.0,78.0,6.0,133.0
895,24251,23.0,2.0,17.0,6.0,1299.0
895,24252,158.0,7.0,57.0,6.0,10230.0
895,24253,23.0,2.0,17.0,6.0,798.0
895,24254,165.0,3.0,78.0,6.0,158.0
895,24255,158.0,7.0,92.0,6.0,8993.0
895,24256,81.0,7.0,99.0,6.0,1398.0
896,24263,10.0,0.0,0.0,4.0,33.0
896,24264,81.0,7.0,99.0,8.0,1012.0
896,24265,23.0,2.0,17.0,8.0,645.0
896,24266,158.0,7.0,57.0,8.0,53.0
896,24267,23.0,2.0,17.0,8.0,499.0
896,24268,118.0,3.0,101.0,8.0,65.0
896,24269,118.0,3.0,101.0,8.0,967.0
896,24270,158.0,7.0,57.0,8.0,998.0
896,24271,154.0,2.0,99.0,8.0,8997.0
896,24272,154.0,2.0,99.0,8.0,1214.0
897,24291,118.0,3.0,101.0,8.0,1086.0
897,24292,118.0,3.0,101.0,8.0,1085.0
897,24293,154.0,2.0,99.0,8.0,6790.0
897,24294,165.0,3.0,78.0,8.0,77.0
897,24295,23.0,2.0,17.0,8.0,889.0
897,24296,158.0,7.0,57.0,8.0,268.0
897,24297,23.0,2.0,17.0,8.0,797.0
897,24298,158.0,7.0,57.0,8.0,395.0
897,24299,118.0,3.0,101.0,8.0,997.0
897,24300,154.0,2.0,99.0,8.0,3737.0
898,24257,158.0,7.0,57.0,2.0,45.0
898,24258,118.0,3.0,101.0,6.0,113.0
898,24259,49.0,2.0,19.0,6.0,38145.0
898,24260,165.0,3.0,78.0,6.0,25.0
898,24261,118.0,3.0,101.0,6.0,689.0
898,24262,158.0,7.0,57.0,6.0,18033.0
898,24263,23.0,2.0,17.0,6.0,476.0
898,24264,158.0,7.0,57.0,6.0,365.0
898,24265,158.0,7.0,57.0,6.0,577713.0
898,24266,81.0,0.0,0.0,6.0,1024.0
899,24297,118.0,3.0,101.0,8.0,86.0
899,24298,118.0,3.0,101.0,8.0,135.0
899,24299,154.0,2.0,99.0,8.0,3865.0
899,24200,165.0,3.0,78.0,8.0,137.0
899,24201,23.0,2.0,17.0,8.0,499.0
899,24302,158.0,7.0,57.0,8.0,268.0
899,24303,23.0,2.0,17.0,8.0,797.0
899,24304,49.0,2.0,19.0,8.0,3998.0
899,24305,118.0,3.0,101.0,8.0,719.0
899,24306,81.0,7.0,99.0,8.0,1028.0
900,24247,165.0,3.0,78.0,8.0,15.0
900,24248,118.0,3.0,101.0,8.0,165.0
900,24249,49.0,2.0,19.0,3.0,58865.0
900,24250,165.0,3.0,78.0,8.0,133.0
900,24251,23.0,2.0,17.0,8.0,1299.0
900,24252,158.0,7.0,57.0,8.0,11030.0
900,24253,23.0,2.0,17.0,8.0,798.0
900,24254,165.0,3.0,78.0,8.0,158.0
900,24255,158.0,7.0,92.0,8.0,48993.0
900,24256,81.0,0.0,0.0,8.0,798.0
901,24247,165.0,3.0,78.0,8.0,15.0
901,24248,118.0,3.0,101.0,8.0,165.0
901,24249,49.0,2.0,19.0,3.0,58865.0
901,24250,165.0,3.0,78.0,8.0,133.0
901,24251,23.0,2.0,17.0,8.0,1299.0
901,24252,158.0,7.0,57.0,8.0,18730.0
901,24253,23.0,2.0,17.0,8.0,798.0
901,24254,165.0,3.0,78.0,8.0,158.0
901,24255,158.0,7.0,92.0,8.0,8993.0
901,24256,81.0,0.0,0.0,8.0,169.0
902,24291,118.0,3.0,101.0,8.0,1086.0
902,24292,118.0,3.0,101.0,8.0,1085.0
902,24293,158.0,7.0,57.0,8.0,265.0
902,24294,165.0,3.0,78.0,8.0,137.0
902,24295,23.0,2.0,17.0,8.0,889.0
902,24296,158.0,7.0,57.0,8.0,10268.0
902,24297,23.0,2.0,17.0,8.0,797.0
902,24298,165.0,3.0,78.0,8.0,193.0
902,24299,158.0,7.0,57.0,8.0,704.0
902,24300,154.0,2.0,99.0,8.0,3737.0
903,24247,165.0,3.0,78.0,8.0,15.0
903,24248,118.0,3.0,101.0,8.0,165.0
903,24249,49.0,2.0,19.0,3.0,54425.0
903,24250,165.0,3.0,78.0,8.0,133.0
903,24251,23.0,2.0,17.0,8.0,1299.0
903,24252,158.0,7.0,57.0,8.0,18730.0
903,24253,23.0,2.0,17.0,8.0,798.0
903,24254,165.0,3.0,78.0,8.0,150.0
903,24255,158.0,7.0,92.0,8.0,8993.0
903,24256,81.0,0.0,0.0,8.0,13.0
904,24237,158.0,7.0,57.0,2.0,45.0
904,24238,118.0,3.0,101.0,6.0,115.0
904,24239,81.0,7.0,99.0,5.0,268.0
904,24240,165.0,3.0,78.0,6.0,687.0
904,24241,165.0,3.0,78.0,5.0,99.0
904,24242,158.0,7.0,57.0,6.0,10265.0
904,24243,81.0,7.0,99.0,5.0,265.0
904,24244,158.0,7.0,57.0,5.0,398.0
904,24245,81.0,7.0,99.0,5.0,7793.0
904,24246,81.0,7.0,99.0,5.0,1013.0
905,24263,95.0,2.0,51.0,2.0,0.0
905,24264,158.0,7.0,57.0,6.0,1015.0
905,24265,23.0,2.0,17.0,6.0,631.0
905,24266,165.0,3.0,78.0,6.0,29.0
905,24267,23.0,2.0,17.0,6.0,889.0
905,24268,158.0,7.0,57.0,6.0,65.0
905,24269,23.0,2.0,17.0,6.0,871.0
905,24270,158.0,7.0,57.0,6.0,358.0
905,24271,158.0,7.0,57.0,6.0,8994.0
905,24272,154.0,2.0,99.0,6.0,5736.0
906,24263,60.0,7.0,28.0,6.0,100.0
906,24264,158.0,7.0,57.0,6.0,7013.0
906,24265,147.0,7.0,60.0,6.0,665.0
906,24266,116.0,1.0,62.0,6.0,1055.0
906,24267,23.0,2.0,17.0,6.0,637.0
906,24268,23.0,2.0,17.0,6.0,5.0
906,24269,147.0,7.0,60.0,6.0,791.0
906,24270,147.0,7.0,60.0,6.0,645.0
906,24271,118.0,3.0,101.0,6.0,757.0
906,24272,147.0,7.0,60.0,6.0,1697.0
907,24247,165.0,3.0,78.0,8.0,45.0
907,24248,118.0,3.0,101.0,8.0,165.0
907,24249,49.0,2.0,19.0,3.0,54425.0
907,24250,165.0,3.0,78.0,8.0,132.0
907,24251,23.0,2.0,17.0,8.0,1299.0
907,24252,158.0,7.0,57.0,8.0,18929.0
907,24253,23.0,2.0,17.0,8.0,793.0
907,24254,165.0,3.0,78.0,8.0,158.0
907,24255,158.0,7.0,92.0,8.0,48993.0
907,24256,158.0,7.0,57.0,8.0,798.0
908,24247,165.0,3.0,78.0,8.0,15.0
908,24248,118.0,3.0,101.0,8.0,165.0
908,24249,49.0,2.0,19.0,3.0,58865.0
908,24250,165.0,3.0,78.0,8.0,133.0
908,24251,23.0,2.0,17.0,8.0,1299.0
908,24252,158.0,7.0,57.0,8.0,18733.0
908,24253,23.0,2.0,17.0,8.0,798.0
908,24254,165.0,3.0,78.0,8.0,158.0
908,24255,158.0,7.0,92.0,8.0,8993.0
908,24256,81.0,0.0,0.0,8.0,798.0
909,24291,118.0,3.0,101.0,8.0,1086.0
909,24292,118.0,3.0,101.0,8.0,1085.0
909,24293,154.0,2.0,99.0,8.0,6877.0
909,24294,165.0,3.0,78.0,8.0,137.0
909,24295,23.0,2.0,17.0,8.0,819.0
909,24296,158.0,7.0,57.0,8.0,10268.0
909,24297,23.0,2.0,17.0,8.0,797.0
909,24298,158.0,7.0,57.0,8.0,995.0
909,24299,118.0,3.0,101.0,8.0,997.0
909,24300,118.0,3.0,101.0,8.0,3.0
910,24297,118.0,3.0,101.0,8.0,86.0
910,24298,118.0,3.0,101.0,8.0,135.0
910,24299,49.0,2.0,19.0,3.0,39147.0
910,24200,165.0,3.0,78.0,8.0,137.0
910,24201,23.0,2.0,17.0,8.0,799.0
910,24202,158.0,7.0,57.0,8.0,14030.0
910,24203,23.0,2.0,17.0,8.0,797.0
910,24204,158.0,7.0,57.0,8.0,998.0
910,24205,118.0,3.0,101.0,8.0,753.0
910,24206,23.0,2.0,17.0,8.0,1024.0
911,24247,165.0,3.0,78.0,8.0,95.0
911,24248,118.0,3.0,101.0,8.0,165.0
911,24249,49.0,2.0,19.0,3.0,54425.0
911,24250,165.0,3.0,78.0,8.0,133.0
911,24251,23.0,2.0,17.0,8.0,1299.0
911,24252,158.0,7.0,57.0,8.0,18929.0
911,24253,23.0,2.0,17.0,8.0,793.0
911,24254,165.0,3.0,78.0,8.0,155.0
911,24255,158.0,7.0,92.0,8.0,48993.0
911,24256,81.0,0.0,0.0,8.0,794.0
912,24263,60.0,7.0,28.0,6.0,41.0
912,24264,158.0,7.0,57.0,6.0,1054.0
912,24265,127.0,0.0,0.0,6.0,145.0
912,24266,96.0,2.0,52.0,6.0,1053.0
912,24267,23.0,2.0,17.0,6.0,484.0
912,24268,9.0,2.0,14.0,6.0,965.0
912,24269,116.0,1.0,62.0,6.0,77.0
912,24270,158.0,7.0,92.0,6.0,55.0
912,24271,158.0,7.0,92.0,6.0,757.0
912,24272,81.0,0.0,0.0,6.0,1214.0
913,24247,165.0,3.0,78.0,8.0,15.0
913,24248,118.0,3.0,101.0,8.0,165.0
913,24249,49.0,2.0,19.0,3.0,54425.0
913,24250,165.0,3.0,78.0,8.0,133.0
913,24251,23.0,2.0,17.0,8.0,1299.0
913,24252,158.0,7.0,57.0,8.0,18730.0
913,24253,23.0,2.0,17.0,8.0,798.0
913,24254,165.0,3.0,78.0,8.0,158.0
913,24255,158.0,7.0,92.0,8.0,48993.0
913,24256,81.0,7.0,99.0,8.0,798.0
914,24247,165.0,3.0,78.0,8.0,15.0
914,24248,118.0,3.0,101.0,8.0,165.0
914,24249,49.0,2.0,19.0,3.0,54425.0
914,24250,165.0,3.0,78.0,8.0,133.0
914,24251,23.0,2.0,17.0,8.0,1299.0
914,24252,158.0,7.0,57.0,8.0,18833.0
914,24253,23.0,2.0,17.0,8.0,798.0
914,24254,49.0,2.0,19.0,8.0,498.0
914,24255,118.0,3.0,101.0,8.0,706.0
914,24256,81.0,0.0,0.0,8.0,7.0
915,24297,118.0,3.0,101.0,8.0,86.0
915,24298,118.0,3.0,101.0,8.0,1085.0
915,24299,154.0,2.0,99.0,8.0,3877.0
915,24200,165.0,3.0,78.0,8.0,137.0
915,24201,23.0,2.0,17.0,8.0,499.0
915,24202,158.0,7.0,57.0,8.0,268.0
915,24203,23.0,2.0,17.0,8.0,742.0
915,24204,158.0,7.0,57.0,8.0,795.0
915,24205,118.0,3.0,101.0,8.0,993.0
915,24206,23.0,2.0,17.0,8.0,1024.0
916,3226,158.0,7.0,57.0,2.0,318.0
916,3227,118.0,3.0,101.0,6.0,64.0
916,3228,158.0,7.0,57.0,6.0,1647.0
916,3229,81.0,7.0,99.0,6.0,702.0
916,3230,154.0,2.0,99.0,6.0,17136.0
916,3231,158.0,7.0,57.0,2.0,82.0
916,3232,118.0,3.0,101.0,6.0,21.0
916,3233,81.0,7.0,99.0,8.0,6617.0
916,3234,165.0,3.0,78.0,6.0,106.0
916,3235,154.0,2.0,99.0,8.0,24.0
917,24247,165.0,3.0,78.0,8.0,15.0
917,24248,118.0,3.0,101.0,8.0,165.0
917,24249,49.0,2.0,19.0,3.0,54425.0
917,24250,165.0,3.0,78.0,8.0,133.0
917,24251,23.0,2.0,17.0,8.0,1299.0
917,24252,158.0,7.0,57.0,8.0,18929.0
917,24253,23.0,2.0,17.0,8.0,793.0
917,24254,165.0,3.0,78.0,8.0,158.0
917,24255,158.0,7.0,92.0,8.0,48993.0
917,24256,81.0,0.0,0.0,8.0,18.0
918,20227,154.0,2.0,99.0,2.0,138035.0
918,20228,81.0,7.0,99.0,2.0,12117.0
918,20229,81.0,7.0,99.0,5.0,1132.0
918,20230,118.0,3.0,101.0,5.0,45.0
918,20231,154.0,2.0,99.0,5.0,19155.0
918,20232,118.0,3.0,101.0,5.0,43.0
918,20233,154.0,2.0,99.0,5.0,1643.0
918,20234,81.0,7.0,99.0,5.0,1647.0
918,20235,154.0,2.0,99.0,5.0,7794.0
918,20236,154.0,2.0,99.0,5.0,1694.0
919,24247,165.0,3.0,78.0,8.0,45.0
919,24248,118.0,3.0,101.0,8.0,165.0
919,24249,49.0,2.0,19.0,2.0,54425.0
919,24250,165.0,3.0,78.0,8.0,133.0
919,24251,23.0,2.0,17.0,8.0,1299.0
919,24252,158.0,7.0,57.0,8.0,18130.0
919,24253,23.0,2.0,17.0,8.0,798.0
919,24254,165.0,3.0,78.0,8.0,158.0
919,24255,158.0,7.0,92.0,8.0,48993.0
919,24256,81.0,0.0,0.0,8.0,798.0
920,24263,10.0,0.0,0.0,8.0,3.0
920,24264,158.0,7.0,57.0,8.0,5813.0
920,24265,23.0,2.0,17.0,8.0,645.0
920,24266,81.0,7.0,99.0,8.0,8102.0
920,24267,23.0,2.0,17.0,8.0,484.0
920,24268,158.0,7.0,57.0,8.0,16032.0
920,24269,23.0,2.0,17.0,8.0,867.0
920,24270,158.0,7.0,57.0,8.0,757.0
920,24271,107.0,0.0,0.0,8.0,57.0
920,24272,153.0,2.0,99.0,8.0,8731.0
921,24247,165.0,3.0,78.0,8.0,15.0
921,24248,118.0,3.0,101.0,8.0,165.0
921,24249,49.0,2.0,19.0,3.0,54425.0
921,24250,165.0,3.0,78.0,8.0,133.0
921,24251,23.0,2.0,17.0,8.0,1299.0
921,24252,158.0,7.0,57.0,8.0,18730.0
921,24253,23.0,2.0,17.0,8.0,798.0
921,24254,165.0,3.0,78.0,8.0,158.0
921,24255,158.0,7.0,92.0,8.0,48993.0
921,24256,81.0,0.0,0.0,8.0,798.0
922,24247,165.0,3.0,78.0,7.0,45.0
922,24248,118.0,3.0,101.0,7.0,115.0
922,24249,49.0,2.0,19.0,7.0,54425.0
922,24250,165.0,3.0,78.0,7.0,132.0
922,24251,23.0,2.0,17.0,2.0,1299.0
922,24252,158.0,7.0,57.0,2.0,18730.0
922,24253,23.0,2.0,17.0,7.0,793.0
922,24254,165.0,3.0,78.0,7.0,157.0
922,24255,158.0,7.0,92.0,2.0,48993.0
922,24256,81.0,0.0,0.0,2.0,2.0
923,24247,165.0,3.0,78.0,8.0,15.0
923,24248,118.0,3.0,101.0,8.0,165.0
923,24249,49.0,2.0,19.0,3.0,54425.0
923,24250,165.0,3.0,78.0,8.0,133.0
923,24251,23.0,2.0,17.0,8.0,1299.0
923,24252,158.0,7.0,57.0,8.0,10265.0
923,24253,23.0,2.0,17.0,8.0,798.0
923,24254,165.0,3.0,78.0,8.0,157.0
923,24255,158.0,7.0,92.0,8.0,8993.0
923,24256,81.0,0.0,0.0,8.0,2.0
924,24263,60.0,7.0,28.0,6.0,41.0
924,24264,158.0,7.0,57.0,6.0,1054.0
924,24265,127.0,0.0,0.0,6.0,145.0
924,24266,56.0,7.0,26.0,6.0,55.0
924,24267,23.0,2.0,17.0,6.0,637.0
924,24268,103.0,6.0,53.0,6.0,65.0
924,24269,118.0,3.0,101.0,6.0,977.0
924,24270,158.0,7.0,57.0,6.0,365.0
924,24271,154.0,2.0,99.0,6.0,8104.0
924,24272,154.0,2.0,99.0,6.0,1213.0
925,24263,95.0,2.0,51.0,2.0,0.0
925,24264,158.0,7.0,57.0,8.0,1015.0
925,24265,23.0,2.0,17.0,8.0,631.0
925,24266,165.0,3.0,78.0,8.0,95.0
925,24267,23.0,2.0,17.0,8.0,689.0
925,24268,158.0,7.0,57.0,8.0,65.0
925,24269,23.0,2.0,17.0,8.0,867.0
925,24270,158.0,7.0,57.0,8.0,998.0
925,24271,107.0,0.0,0.0,8.0,57.0
925,24272,158.0,7.0,57.0,8.0,731.0
926,24247,165.0,3.0,78.0,8.0,15.0
926,24248,118.0,3.0,101.0,8.0,165.0
926,24249,49.0,2.0,19.0,3.0,54425.0
926,24250,165.0,3.0,78.0,8.0,133.0
926,24251,23.0,2.0,17.0,8.0,1299.0
926,24252,158.0,7.0,57.0,8.0,18929.0
926,24253,23.0,2.0,17.0,8.0,793.0
926,24254,165.0,3.0,78.0,8.0,157.0
926,24255,158.0,7.0,92.0,8.0,48993.0
926,24256,81.0,0.0,0.0,8.0,5.0
927,24247,165.0,3.0,78.0,6.0,39.0
927,24248,118.0,3.0,101.0,6.0,165.0
927,24249,49.0,2.0,19.0,6.0,58825.0
927,24250,165.0,3.0,78.0,6.0,133.0
927,24251,23.0,2.0,17.0,6.0,1299.0
927,24252,158.0,7.0,57.0,6.0,18730.0
927,24253,23.0,2.0,17.0,6.0,798.0
927,24254,165.0,3.0,78.0,6.0,158.0
927,24255,158.0,7.0,57.0,6.0,8993.0
927,24256,81.0,7.0,99.0,6.0,1394.0
928,24263,95.0,2.0,51.0,2.0,0.0
928,24264,158.0,7.0,57.0,6.0,2913.0
928,24265,23.0,2.0,17.0,6.0,631.0
928,24266,158.0,7.0,57.0,6.0,632.0
928,24267,23.0,2.0,17.0,6.0,631.0
928,24268,158.0,7.0,57.0,6.0,14065.0
928,24269,118.0,3.0,101.0,6.0,967.0
928,24270,158.0,7.0,57.0,6.0,357.0
928,24271,154.0,2.0,99.0,6.0,8994.0
928,24272,154.0,2.0,99.0,6.0,1218.0
929,24263,10.0,0.0,0.0,2.0,3.0
929,24264,158.0,7.0,57.0,8.0,1013.0
929,24265,23.0,2.0,17.0,8.0,645.0
929,24266,165.0,3.0,78.0,8.0,22.0
929,24267,23.0,2.0,17.0,8.0,519.0
929,24268,158.0,7.0,57.0,8.0,65.0
929,24269,118.0,3.0,101.0,8.0,967.0
929,24270,158.0,7.0,57.0,8.0,798.0
929,24271,154.0,2.0,99.0,8.0,8997.0
929,24272,154.0,2.0,99.0,8.0,5736.0
930,24263,95.0,2.0,51.0,2.0,0.0
930,24264,158.0,7.0,57.0,6.0,1013.0
930,24265,23.0,2.0,17.0,6.0,631.0
930,24266,165.0,3.0,78.0,6.0,55.0
930,24267,23.0,2.0,17.0,6.0,689.0
930,24268,158.0,7.0,57.0,6.0,11065.0
930,24269,23.0,2.0,17.0,6.0,471.0
930,24270,158.0,7.0,57.0,6.0,757.0
930,24271,118.0,3.0,101.0,6.0,757.0
930,24272,158.0,7.0,57.0,6.0,736.0
931,24297,118.0,3.0,101.0,8.0,86.0
931,24298,118.0,3.0,101.0,8.0,1085.0
931,24299,118.0,3.0,101.0,8.0,168.0
931,24200,165.0,3.0,78.0,8.0,137.0
931,24201,23.0,2.0,17.0,8.0,499.0
931,24202,158.0,7.0,57.0,8.0,268.0
931,24203,23.0,2.0,17.0,8.0,797.0
931,24304,158.0,7.0,57.0,8.0,295.0
931,24305,118.0,3.0,101.0,8.0,993.0
931,24306,23.0,2.0,17.0,8.0,1028.0
932,24247,165.0,3.0,78.0,8.0,15.0
932,24248,118.0,3.0,101.0,8.0,165.0
932,24249,49.0,2.0,19.0,3.0,54425.0
932,24250,165.0,3.0,78.0,8.0,133.0
932,24251,23.0,2.0,17.0,8.0,1299.0
932,24252,158.0,7.0,57.0,8.0,18833.0
932,24253,23.0,2.0,17.0,8.0,798.0
932,24254,165.0,3.0,78.0,8.0,157.0
932,24255,158.0,7.0,92.0,8.0,8993.0
932,24256,81.0,0.0,0.0,8.0,798.0
933,24263,10.0,0.0,0.0,2.0,3.0
933,24264,158.0,7.0,57.0,6.0,1015.0
933,24265,23.0,2.0,17.0,6.0,645.0
933,24266,165.0,3.0,78.0,6.0,22.0
933,24267,23.0,2.0,17.0,6.0,699.0
933,24268,158.0,7.0,57.0,6.0,11065.0
933,24269,23.0,2.0,17.0,6.0,471.0
933,24270,158.0,7.0,57.0,6.0,798.0
933,24271,118.0,3.0,101.0,6.0,757.0
933,24272,154.0,2.0,99.0,6.0,5736.0
934,24263,95.0,2.0,51.0,2.0,0.0
934,24264,158.0,7.0,57.0,6.0,2874.0
934,24265,81.0,7.0,99.0,6.0,6865.0
934,24266,154.0,2.0,99.0,6.0,8637.0
934,24267,23.0,2.0,17.0,6.0,652.0
934,24268,158.0,7.0,57.0,6.0,265.0
934,24269,118.0,3.0,101.0,6.0,967.0
934,24270,154.0,2.0,99.0,6.0,557.0
934,24271,154.0,2.0,99.0,6.0,8124.0
934,24272,154.0,2.0,99.0,6.0,5736.0
935,24247,165.0,3.0,78.0,2.0,15.0
935,24248,118.0,3.0,101.0,8.0,165.0
935,24249,49.0,2.0,19.0,2.0,54425.0
935,24250,165.0,3.0,78.0,8.0,133.0
935,24251,23.0,2.0,17.0,8.0,1299.0
935,24252,158.0,7.0,57.0,8.0,11030.0
935,24253,23.0,2.0,17.0,8.0,798.0
935,24254,165.0,3.0,78.0,8.0,158.0
935,24255,158.0,7.0,57.0,8.0,8993.0
935,24256,158.0,7.0,57.0,8.0,798.0
936,24247,165.0,3.0,78.0,8.0,15.0
936,24248,118.0,3.0,101.0,8.0,165.0
936,24249,49.0,2.0,19.0,3.0,54425.0
936,24250,165.0,3.0,78.0,8.0,133.0
936,24251,23.0,2.0,17.0,8.0,1299.0
936,24252,158.0,7.0,57.0,8.0,11030.0
936,24253,23.0,2.0,17.0,8.0,793.0
936,24254,165.0,3.0,78.0,8.0,158.0
936,24255,158.0,7.0,92.0,8.0,48993.0
936,24256,81.0,0.0,0.0,8.0,798.0
937,24221,154.0,2.0,99.0,8.0,7186.0
937,24222,118.0,3.0,101.0,8.0,194.0
937,24223,118.0,3.0,101.0,8.0,1377.0
937,24224,154.0,2.0,99.0,8.0,8137.0
937,24225,154.0,2.0,99.0,8.0,13699.0
937,24226,81.0,7.0,99.0,8.0,1065.0
937,24227,81.0,7.0,99.0,8.0,10861.0
937,24228,154.0,2.0,99.0,8.0,6993.0
937,24229,158.0,7.0,57.0,8.0,17997.0
937,24230,154.0,2.0,99.0,8.0,1613.0
938,24247,165.0,3.0,78.0,8.0,15.0
938,24248,118.0,3.0,101.0,8.0,165.0
938,24249,49.0,2.0,19.0,3.0,54425.0
938,24250,165.0,3.0,78.0,8.0,133.0
938,24251,23.0,2.0,17.0,8.0,1299.0
938,24252,158.0,7.0,57.0,8.0,11030.0
938,24253,23.0,2.0,17.0,8.0,793.0
938,24254,165.0,3.0,78.0,8.0,157.0
938,24255,158.0,7.0,92.0,8.0,8993.0
938,24256,81.0,0.0,0.0,8.0,169.0
939,24247,165.0,3.0,78.0,8.0,15.0
939,24248,118.0,3.0,101.0,8.0,165.0
939,24249,49.0,2.0,19.0,3.0,54425.0
939,24250,165.0,3.0,78.0,8.0,133.0
939,24251,23.0,2.0,17.0,8.0,1299.0
939,24252,158.0,7.0,57.0,8.0,18830.0
939,24253,23.0,2.0,17.0,8.0,793.0
939,24254,165.0,3.0,78.0,8.0,158.0
939,24255,158.0,7.0,92.0,8.0,8993.0
939,24256,81.0,7.0,99.0,8.0,798.0
940,24247,165.0,3.0,78.0,8.0,15.0
940,24248,118.0,3.0,101.0,8.0,165.0
940,24249,49.0,2.0,19.0,3.0,54425.0
940,24250,165.0,3.0,78.0,8.0,133.0
940,24251,23.0,2.0,17.0,8.0,1299.0
940,24252,158.0,7.0,57.0,8.0,18130.0
940,24253,23.0,2.0,17.0,8.0,798.0
940,24254,165.0,3.0,78.0,8.0,158.0
940,24255,158.0,7.0,92.0,8.0,8993.0
940,24256,81.0,7.0,99.0,8.0,798.0
941,24263,60.0,7.0,28.0,6.0,41.0
941,24264,158.0,7.0,57.0,6.0,1013.0
941,24265,127.0,0.0,0.0,6.0,145.0
941,24266,81.0,0.0,0.0,6.0,1053.0
941,24267,23.0,2.0,17.0,6.0,499.0
941,24268,158.0,7.0,57.0,6.0,265.0
941,24269,118.0,3.0,101.0,6.0,967.0
941,24270,158.0,7.0,57.0,6.0,358.0
941,24271,96.0,2.0,52.0,6.0,100957.0
941,24272,81.0,0.0,0.0,6.0,1013.0
942,24263,60.0,7.0,28.0,6.0,141.0
942,24264,158.0,7.0,57.0,6.0,1054.0
942,24265,127.0,0.0,0.0,6.0,145.0
942,24266,60.0,7.0,28.0,6.0,4137.0
942,24267,23.0,2.0,17.0,6.0,489.0
942,24268,103.0,7.0,1.0,6.0,5.0
942,24269,118.0,3.0,101.0,6.0,967.0
942,24270,158.0,7.0,57.0,6.0,165.0
942,24271,154.0,2.0,99.0,6.0,8994.0
942,24272,81.0,0.0,0.0,6.0,1036.0
943,24291,118.0,3.0,101.0,8.0,1086.0
943,24292,118.0,3.0,101.0,8.0,137.0
943,24293,158.0,7.0,57.0,8.0,277.0
943,24294,165.0,3.0,78.0,8.0,77.0
943,24295,118.0,3.0,101.0,8.0,899.0
943,24296,158.0,7.0,57.0,8.0,268.0
943,24297,23.0,2.0,17.0,8.0,797.0
943,24298,158.0,7.0,57.0,8.0,3695.0
943,24299,118.0,3.0,101.0,8.0,997.0
943,24300,118.0,3.0,101.0,8.0,37.0
944,24263,95.0,2.0,51.0,2.0,0.0
944,24264,158.0,7.0,57.0,6.0,2813.0
944,24265,81.0,7.0,99.0,6.0,6868.0
944,24266,158.0,7.0,57.0,6.0,637.0
944,24267,23.0,2.0,17.0,6.0,695.0
944,24268,81.0,7.0,99.0,6.0,1032.0
944,24269,118.0,3.0,101.0,6.0,967.0
944,24270,158.0,7.0,57.0,2.0,328.0
944,24271,154.0,2.0,99.0,6.0,8994.0
944,24272,81.0,7.0,99.0,6.0,1213.0
945,24297,118.0,3.0,101.0,8.0,86.0
945,24298,118.0,3.0,101.0,8.0,1082.0
945,24299,154.0,2.0,99.0,8.0,3865.0
945,24200,165.0,3.0,78.0,8.0,137.0
945,24201,23.0,2.0,17.0,8.0,599.0
945,24202,158.0,7.0,57.0,8.0,268.0
945,24203,23.0,2.0,17.0,8.0,797.0
945,24204,23.0,2.0,17.0,8.0,555.0
945,24205,158.0,7.0,57.0,8.0,713.0
945,24206,23.0,2.0,17.0,8.0,13.0
946,24291,118.0,3.0,101.0,8.0,1086.0
946,24292,118.0,3.0,101.0,8.0,145.0
946,24293,158.0,7.0,57.0,8.0,268.0
946,24294,165.0,3.0,78.0,8.0,137.0
946,24295,23.0,2.0,17.0,8.0,889.0
946,24296,158.0,7.0,57.0,8.0,10268.0
946,24297,23.0,2.0,17.0,8.0,797.0
946,24298,158.0,7.0,57.0,8.0,3695.0
946,24299,118.0,3.0,101.0,8.0,997.0
946,24300,118.0,3.0,101.0,8.0,37.0
947,24247,165.0,3.0,78.0,8.0,15.0
947,24248,118.0,3.0,101.0,8.0,165.0
947,24249,49.0,2.0,19.0,3.0,58865.0
947,24250,165.0,3.0,78.0,8.0,133.0
947,24251,23.0,2.0,17.0,8.0,1299.0
947,24252,158.0,7.0,57.0,8.0,18730.0
947,24253,23.0,2.0,17.0,8.0,798.0
947,24254,165.0,3.0,78.0,8.0,158.0
947,24255,158.0,7.0,92.0,8.0,48993.0
947,24256,81.0,0.0,0.0,8.0,12.0
948,24247,165.0,3.0,78.0,8.0,15.0
948,24248,118.0,3.0,101.0,8.0,165.0
948,24249,49.0,2.0,19.0,3.0,54425.0
948,24250,165.0,3.0,78.0,8.0,133.0
948,24251,23.0,2.0,17.0,8.0,1299.0
948,24252,158.0,7.0,57.0,8.0,18730.0
948,24253,23.0,2.0,17.0,8.0,798.0
948,24254,165.0,3.0,78.0,8.0,157.0
948,24255,158.0,7.0,92.0,8.0,48993.0
948,24256,81.0,0.0,0.0,8.0,14.0
949,24263,95.0,2.0,51.0,2.0,0.0
949,24264,158.0,7.0,57.0,6.0,8915.0
949,24265,23.0,2.0,17.0,6.0,631.0
949,24266,165.0,3.0,78.0,6.0,55.0
949,24267,23.0,2.0,17.0,6.0,489.0
949,24268,158.0,7.0,57.0,6.0,65.0
949,24269,23.0,2.0,17.0,6.0,471.0
949,24270,158.0,7.0,57.0,6.0,358.0
949,24271,118.0,3.0,101.0,6.0,707.0
949,24272,154.0,2.0,99.0,6.0,1218.0
950,24263,60.0,7.0,28.0,2.0,100.0
950,24264,158.0,7.0,57.0,6.0,6363.0
950,24265,127.0,0.0,0.0,6.0,142.0
950,24266,158.0,7.0,92.0,6.0,55.0
950,24267,23.0,2.0,17.0,6.0,495.0
950,24268,9.0,2.0,14.0,6.0,165.0
950,24269,23.0,2.0,17.0,6.0,471.0
950,24270,158.0,7.0,57.0,2.0,998.0
950,24271,118.0,3.0,101.0,6.0,757.0
950,24272,154.0,2.0,99.0,6.0,8736.0
951,24247,165.0,3.0,78.0,8.0,15.0
951,24248,118.0,3.0,101.0,8.0,165.0
951,24249,49.0,2.0,19.0,2.0,54425.0
951,24250,165.0,3.0,78.0,8.0,133.0
951,24251,23.0,2.0,17.0,8.0,1299.0
951,24252,158.0,7.0,57.0,8.0,18133.0
951,24253,23.0,2.0,17.0,8.0,798.0
951,24254,165.0,3.0,78.0,8.0,158.0
951,24255,158.0,7.0,92.0,8.0,48993.0
951,24256,81.0,0.0,0.0,8.0,798.0
952,24263,95.0,2.0,51.0,2.0,0.0
952,24264,158.0,7.0,57.0,6.0,1015.0
952,24265,23.0,2.0,17.0,6.0,631.0
952,24266,165.0,3.0,78.0,6.0,95.0
952,24267,23.0,2.0,17.0,6.0,689.0
952,24268,158.0,7.0,57.0,6.0,65.0
952,24269,23.0,2.0,17.0,6.0,867.0
952,24270,158.0,7.0,57.0,2.0,358.0
952,24271,118.0,3.0,101.0,6.0,757.0
952,24272,154.0,2.0,99.0,6.0,5736.0
953,24297,118.0,3.0,101.0,8.0,86.0
953,24298,118.0,3.0,101.0,8.0,135.0
953,24299,154.0,2.0,99.0,8.0,3865.0
953,24200,165.0,3.0,78.0,8.0,25.0
953,24201,23.0,2.0,17.0,8.0,552.0
953,24202,158.0,7.0,57.0,8.0,268.0
953,24203,23.0,2.0,17.0,8.0,797.0
953,24204,158.0,7.0,57.0,8.0,795.0
953,24205,118.0,3.0,101.0,8.0,993.0
953,24206,81.0,0.0,0.0,8.0,1013.0
954,24247,165.0,3.0,78.0,6.0,43.0
954,24248,118.0,3.0,101.0,6.0,165.0
954,24249,49.0,2.0,19.0,6.0,54145.0
954,24250,165.0,3.0,78.0,6.0,133.0
954,24251,23.0,2.0,17.0,6.0,1299.0
954,24252,158.0,7.0,57.0,6.0,18730.0
954,24253,23.0,2.0,17.0,6.0,793.0
954,24254,158.0,7.0,57.0,6.0,48998.0
954,24255,158.0,7.0,92.0,6.0,8993.0
954,24256,81.0,0.0,0.0,6.0,798.0
955,24247,165.0,3.0,78.0,8.0,45.0
955,24248,118.0,3.0,101.0,8.0,165.0
955,24249,49.0,2.0,19.0,2.0,54425.0
955,24250,165.0,3.0,78.0,8.0,133.0
955,24251,23.0,2.0,17.0,8.0,1299.0
955,24252,158.0,7.0,57.0,8.0,18929.0
955,24253,23.0,2.0,17.0,8.0,798.0
955,24254,158.0,7.0,57.0,8.0,358.0
955,24255,158.0,7.0,92.0,8.0,8993.0
955,24256,81.0,0.0,0.0,8.0,169.0
956,24263,10.0,0.0,0.0,8.0,13.0
956,24264,81.0,7.0,99.0,8.0,1012.0
956,24265,23.0,2.0,17.0,8.0,632.0
956,24266,158.0,7.0,57.0,8.0,53.0
956,24267,23.0,2.0,17.0,8.0,665.0
956,24268,9.0,2.0,14.0,8.0,165.0
956,24269,118.0,3.0,101.0,8.0,967.0
956,24270,158.0,7.0,57.0,8.0,998.0
956,24271,154.0,2.0,99.0,8.0,8994.0
956,24272,81.0,0.0,0.0,8.0,165.0
957,24247,165.0,3.0,78.0,8.0,15.0
957,24248,118.0,3.0,101.0,8.0,165.0
957,24249,49.0,2.0,19.0,2.0,54425.0
957,24250,165.0,3.0,78.0,8.0,133.0
957,24251,23.0,2.0,17.0,8.0,1299.0
957,24252,158.0,7.0,57.0,8.0,18929.0
957,24253,23.0,2.0,17.0,8.0,793.0
957,24254,165.0,3.0,78.0,8.0,157.0
957,24255,158.0,7.0,92.0,8.0,48993.0
957,24256,81.0,7.0,99.0,8.0,798.0
958,24247,165.0,3.0,78.0,8.0,15.0
958,24248,118.0,3.0,101.0,8.0,165.0
958,24249,49.0,2.0,19.0,3.0,54425.0
958,24250,165.0,3.0,78.0,8.0,133.0
958,24251,23.0,2.0,17.0,8.0,1299.0
958,24252,158.0,7.0,57.0,8.0,18833.0
958,24253,23.0,2.0,17.0,8.0,798.0
958,24254,165.0,3.0,78.0,8.0,150.0
958,24255,158.0,7.0,92.0,8.0,48993.0
958,24256,81.0,0.0,0.0,8.0,12.0
959,26552,56.0,7.0,26.0,2.0,3687.0
959,26553,161.0,7.0,76.0,8.0,700.0
959,26554,165.0,3.0,78.0,8.0,373.0
959,26555,147.0,7.0,60.0,8.0,863.0
959,26556,23.0,2.0,17.0,8.0,83.0
959,26557,81.0,7.0,99.0,8.0,287.0
959,26558,165.0,3.0,78.0,8.0,12.0
959,26559,147.0,6.0,65.0,8.0,652.0
959,26560,56.0,7.0,26.0,8.0,402.0
959,26561,118.0,3.0,101.0,8.0,88.0
960,24297,118.0,3.0,101.0,8.0,86.0
960,24298,118.0,3.0,101.0,8.0,1085.0
960,24299,81.0,7.0,99.0,8.0,6868.0
960,24200,165.0,3.0,78.0,8.0,7.0
960,24201,118.0,3.0,101.0,8.0,1049.0
960,24202,158.0,7.0,57.0,8.0,268.0
960,24203,23.0,2.0,17.0,8.0,797.0
960,24204,158.0,7.0,57.0,8.0,995.0
960,24205,118.0,3.0,101.0,8.0,993.0
960,24206,23.0,2.0,17.0,8.0,1013.0
961,24263,10.0,0.0,0.0,2.0,43.0
961,24264,158.0,7.0,57.0,6.0,1013.0
961,24265,23.0,2.0,17.0,6.0,645.0
961,24266,165.0,3.0,78.0,6.0,53.0
961,24267,23.0,2.0,17.0,6.0,884.0
961,24268,158.0,7.0,57.0,6.0,11065.0
961,24269,23.0,2.0,17.0,6.0,471.0
961,24270,158.0,7.0,57.0,2.0,998.0
961,24271,165.0,3.0,78.0,6.0,109.0
961,24272,81.0,7.0,99.0,6.0,1213.0
962,24247,165.0,3.0,78.0,8.0,15.0
962,24248,118.0,3.0,101.0,8.0,165.0
962,24249,49.0,2.0,19.0,3.0,54425.0
962,24250,165.0,3.0,78.0,8.0,133.0
962,24251,23.0,2.0,17.0,8.0,1299.0
962,24252,158.0,7.0,57.0,8.0,18133.0
962,24253,23.0,2.0,17.0,8.0,793.0
962,24254,165.0,3.0,78.0,8.0,158.0
962,24255,158.0,7.0,92.0,8.0,48993.0
962,24256,81.0,0.0,0.0,8.0,12.0
963,24267,150.0,3.0,41.0,2.0,31.0
963,24268,158.0,7.0,57.0,2.0,12953.0
963,24269,118.0,3.0,101.0,3.0,1631.0
963,24270,154.0,2.0,99.0,2.0,8137.0
963,24271,23.0,2.0,17.0,2.0,495.0
963,24272,81.0,7.0,99.0,2.0,2035.0
963,24273,23.0,2.0,17.0,8.0,171.0
963,24274,158.0,7.0,57.0,2.0,358.0
963,24275,118.0,3.0,101.0,8.0,757.0
963,24276,81.0,7.0,99.0,8.0,1312.0
964,24247,165.0,3.0,78.0,8.0,15.0
964,24248,118.0,3.0,101.0,8.0,165.0
964,24249,49.0,2.0,19.0,3.0,54425.0
964,24250,165.0,3.0,78.0,8.0,133.0
964,24251,23.0,2.0,17.0,8.0,1299.0
964,24252,158.0,7.0,57.0,8.0,18830.0
964,24253,23.0,2.0,17.0,8.0,798.0
964,24254,158.0,7.0,57.0,8.0,48998.0
964,24255,158.0,7.0,92.0,8.0,8993.0
964,24256,81.0,0.0,0.0,8.0,798.0
965,24295,158.0,0.0,0.0,0.0,196.0
965,24296,81.0,7.0,99.0,8.0,67025.0
965,24297,158.0,7.0,57.0,8.0,468.0
965,24298,165.0,3.0,78.0,8.0,57.0
965,24299,23.0,2.0,17.0,8.0,887.0
965,24300,158.0,7.0,57.0,8.0,7.0
965,24301,81.0,7.0,97.0,8.0,268.0
965,24302,158.0,7.0,57.0,8.0,3637.0
965,24303,81.0,7.0,99.0,8.0,3997.0
965,24304,118.0,3.0,101.0,8.0,1013.0
966,24257,154.0,2.0,99.0,2.0,8035.0
966,24258,118.0,3.0,101.0,8.0,115.0
966,24259,154.0,2.0,99.0,8.0,8145.0
966,24260,154.0,2.0,99.0,8.0,8995.0
966,24261,118.0,3.0,101.0,8.0,899.0
966,24262,81.0,7.0,99.0,8.0,2133.0
966,24263,81.0,7.0,99.0,8.0,873.0
966,24264,154.0,2.0,99.0,8.0,6998.0
966,24265,154.0,2.0,99.0,8.0,8997.0
966,24266,81.0,7.0,99.0,8.0,1394.0
967,24263,10.0,0.0,0.0,0.0,143.0
967,24264,158.0,7.0,57.0,0.0,5924.0
967,24265,23.0,2.0,17.0,8.0,665.0
967,24266,165.0,3.0,78.0,6.0,22.0
967,24267,23.0,2.0,17.0,8.0,599.0
967,24268,158.0,7.0,57.0,8.0,11065.0
967,24269,23.0,2.0,17.0,8.0,796.0
967,24270,158.0,7.0,57.0,8.0,757.0
967,24271,118.0,3.0,101.0,8.0,707.0
967,24272,154.0,2.0,99.0,8.0,5736.0
968,24297,118.0,3.0,101.0,8.0,86.0
968,24298,118.0,3.0,101.0,8.0,135.0
968,24299,118.0,3.0,101.0,8.0,147.0
968,24200,165.0,3.0,78.0,8.0,137.0
968,24201,23.0,2.0,17.0,8.0,889.0
968,24302,158.0,7.0,57.0,8.0,268.0
968,24303,23.0,2.0,17.0,8.0,797.0
968,24304,49.0,2.0,19.0,8.0,3998.0
968,24305,118.0,3.0,101.0,8.0,719.0
968,24306,23.0,2.0,17.0,8.0,1688.0
969,24263,10.0,0.0,0.0,8.0,3.0
969,24264,158.0,7.0,57.0,8.0,5013.0
969,24265,23.0,2.0,17.0,8.0,645.0
969,24266,165.0,3.0,78.0,8.0,22.0
969,24267,23.0,2.0,17.0,8.0,657.0
969,24268,158.0,7.0,57.0,8.0,32.0
969,24269,23.0,2.0,17.0,8.0,867.0
969,24270,158.0,7.0,57.0,8.0,757.0
969,24271,118.0,3.0,101.0,8.0,707.0
969,24272,154.0,2.0,99.0,8.0,5736.0
970,24247,165.0,3.0,78.0,2.0,45.0
970,24248,118.0,3.0,101.0,8.0,165.0
970,24249,49.0,2.0,19.0,2.0,54425.0
970,24250,165.0,3.0,78.0,8.0,133.0
970,24251,23.0,2.0,17.0,8.0,1299.0
970,24252,158.0,7.0,57.0,8.0,18833.0
970,24253,23.0,2.0,17.0,8.0,798.0
970,24254,158.0,7.0,57.0,8.0,43998.0
970,24255,158.0,7.0,92.0,8.0,8993.0
970,24256,81.0,0.0,0.0,8.0,798.0
971,24247,165.0,3.0,78.0,8.0,15.0
971,24248,118.0,3.0,101.0,8.0,165.0
971,24249,49.0,2.0,19.0,2.0,54425.0
971,24250,165.0,3.0,78.0,8.0,133.0
971,24251,23.0,2.0,17.0,8.0,1299.0
971,24252,158.0,7.0,57.0,8.0,18929.0
971,24253,23.0,2.0,17.0,8.0,798.0
971,24254,165.0,3.0,78.0,8.0,158.0
971,24255,158.0,7.0,92.0,8.0,48993.0
971,24256,81.0,0.0,0.0,8.0,798.0
972,24247,165.0,3.0,78.0,8.0,45.0
972,24248,118.0,3.0,101.0,8.0,165.0
972,24249,49.0,2.0,19.0,3.0,54425.0
972,24250,165.0,3.0,78.0,8.0,133.0
972,24251,23.0,2.0,17.0,8.0,1299.0
972,24252,158.0,7.0,57.0,8.0,18730.0
972,24253,23.0,2.0,17.0,8.0,793.0
972,24254,165.0,3.0,78.0,8.0,158.0
972,24255,158.0,7.0,92.0,8.0,48993.0
972,24256,81.0,0.0,0.0,8.0,98.0
973,24247,165.0,3.0,78.0,6.0,15.0
973,24248,118.0,3.0,101.0,6.0,165.0
973,24249,49.0,2.0,19.0,6.0,58825.0
973,24250,158.0,7.0,57.0,6.0,133.0
973,24251,23.0,2.0,17.0,6.0,599.0
973,24252,158.0,7.0,57.0,6.0,18730.0
973,24253,23.0,2.0,17.0,6.0,798.0
973,24254,165.0,3.0,78.0,6.0,158.0
973,24255,158.0,7.0,57.0,6.0,48993.0
973,24256,81.0,7.0,99.0,6.0,1373.0
974,24263,95.0,2.0,51.0,2.0,0.0
974,24264,158.0,7.0,57.0,6.0,1013.0
974,24265,23.0,2.0,17.0,6.0,645.0
974,24266,165.0,3.0,78.0,6.0,22.0
974,24267,23.0,2.0,17.0,6.0,599.0
974,24268,158.0,7.0,57.0,6.0,65.0
974,24269,23.0,2.0,17.0,6.0,471.0
974,24270,158.0,7.0,57.0,6.0,998.0
974,24271,118.0,3.0,101.0,6.0,757.0
974,24272,154.0,2.0,99.0,6.0,1213.0
975,24247,165.0,3.0,78.0,8.0,15.0
975,24248,118.0,3.0,101.0,8.0,165.0
975,24249,49.0,2.0,19.0,3.0,54425.0
975,24250,165.0,3.0,78.0,8.0,133.0
975,24251,23.0,2.0,17.0,8.0,8799.0
975,24252,158.0,7.0,57.0,8.0,11030.0
975,24253,23.0,2.0,17.0,8.0,798.0
975,24254,165.0,3.0,78.0,8.0,150.0
975,24255,158.0,7.0,92.0,8.0,48993.0
975,24256,81.0,0.0,0.0,8.0,188.0
976,24247,165.0,3.0,78.0,6.0,15.0
976,24248,118.0,3.0,101.0,6.0,165.0
976,24249,49.0,2.0,19.0,6.0,54245.0
976,24250,165.0,3.0,78.0,6.0,133.0
976,24251,23.0,2.0,17.0,6.0,1299.0
976,24252,158.0,7.0,57.0,6.0,18730.0
976,24253,23.0,2.0,17.0,6.0,496.0
976,24254,165.0,3.0,78.0,6.0,158.0
976,24255,158.0,7.0,57.0,6.0,48993.0
976,24256,81.0,7.0,99.0,6.0,1373.0
977,24247,165.0,3.0,78.0,8.0,15.0
977,24248,118.0,3.0,101.0,8.0,165.0
977,24249,49.0,2.0,19.0,3.0,58145.0
977,24250,165.0,3.0,78.0,8.0,133.0
977,24251,23.0,2.0,17.0,8.0,1299.0
977,24252,158.0,7.0,57.0,8.0,18929.0
977,24253,23.0,2.0,17.0,8.0,798.0
977,24254,165.0,3.0,78.0,8.0,157.0
977,24255,158.0,7.0,92.0,8.0,48993.0
977,24256,81.0,7.0,99.0,8.0,798.0
978,24247,165.0,3.0,78.0,8.0,15.0
978,24248,118.0,3.0,101.0,8.0,165.0
978,24249,49.0,2.0,19.0,2.0,58145.0
978,24250,165.0,3.0,78.0,8.0,133.0
978,24251,23.0,2.0,17.0,8.0,1299.0
978,24252,158.0,7.0,57.0,8.0,18730.0
978,24253,23.0,2.0,17.0,8.0,798.0
978,24254,165.0,3.0,78.0,8.0,158.0
978,24255,158.0,7.0,92.0,8.0,48993.0
978,24256,81.0,7.0,99.0,8.0,798.0
979,20227,154.0,2.0,99.0,2.0,138995.0
979,20228,81.0,7.0,99.0,8.0,12173.0
979,20229,154.0,2.0,99.0,8.0,1177.0
979,20230,118.0,3.0,101.0,8.0,7045.0
979,20231,154.0,2.0,99.0,8.0,19155.0
979,20232,154.0,2.0,99.0,8.0,1043.0
979,20233,81.0,7.0,99.0,8.0,1641.0
979,20234,81.0,7.0,99.0,8.0,1617.0
979,20235,158.0,7.0,57.0,8.0,19774.0
979,20236,154.0,2.0,99.0,8.0,1643.0
980,24263,10.0,0.0,0.0,0.0,43.0
980,24264,158.0,7.0,57.0,0.0,5013.0
980,24265,23.0,2.0,17.0,8.0,645.0
980,24266,81.0,7.0,99.0,6.0,8102.0
980,24267,23.0,2.0,17.0,2.0,496.0
980,24268,158.0,7.0,57.0,2.0,16032.0
980,24269,23.0,2.0,17.0,8.0,798.0
980,24270,158.0,7.0,57.0,8.0,798.0
980,24271,118.0,3.0,101.0,8.0,757.0
980,24272,154.0,2.0,99.0,8.0,1213.0
981,24247,165.0,3.0,78.0,8.0,45.0
981,24248,118.0,3.0,101.0,8.0,165.0
981,24249,49.0,2.0,19.0,2.0,54425.0
981,24250,165.0,3.0,78.0,8.0,133.0
981,24251,23.0,2.0,17.0,8.0,1299.0
981,24252,158.0,7.0,57.0,8.0,18929.0
981,24253,23.0,2.0,17.0,8.0,798.0
981,24254,158.0,7.0,57.0,8.0,998.0
981,24255,158.0,7.0,92.0,8.0,8993.0
981,24256,81.0,0.0,0.0,8.0,169.0
982,24247,165.0,3.0,78.0,8.0,15.0
982,24248,118.0,3.0,101.0,8.0,165.0
982,24249,49.0,2.0,19.0,3.0,54425.0
982,24250,165.0,3.0,78.0,8.0,133.0
982,24251,23.0,2.0,17.0,8.0,1299.0
982,24252,158.0,7.0,57.0,8.0,11030.0
982,24253,23.0,2.0,17.0,8.0,793.0
982,24254,165.0,3.0,78.0,8.0,158.0
982,24255,158.0,7.0,92.0,8.0,48993.0
982,24256,81.0,0.0,0.0,8.0,169.0
983,24247,165.0,3.0,78.0,8.0,45.0
983,24248,118.0,3.0,101.0,8.0,165.0
983,24249,49.0,2.0,19.0,2.0,54425.0
983,24250,165.0,3.0,78.0,8.0,133.0
983,24251,23.0,2.0,17.0,8.0,1299.0
983,24252,158.0,7.0,57.0,8.0,18730.0
983,24253,23.0,2.0,17.0,8.0,798.0
983,24254,165.0,3.0,78.0,8.0,150.0
983,24255,158.0,7.0,92.0,8.0,8993.0
983,24256,81.0,0.0,0.0,8.0,188.0
984,24297,118.0,3.0,101.0,8.0,86.0
984,24298,118.0,3.0,101.0,8.0,135.0
984,24299,154.0,2.0,99.0,8.0,3865.0
984,24200,165.0,3.0,78.0,8.0,77.0
984,24201,23.0,2.0,17.0,8.0,599.0
984,24202,158.0,7.0,57.0,8.0,268.0
984,24203,23.0,2.0,17.0,8.0,797.0
984,24204,158.0,7.0,57.0,8.0,795.0
984,24205,118.0,3.0,101.0,8.0,993.0
984,24206,23.0,2.0,17.0,8.0,684.0
985,24247,165.0,3.0,78.0,8.0,45.0
985,24248,118.0,3.0,101.0,8.0,165.0
985,24249,49.0,2.0,19.0,3.0,54425.0
985,24250,165.0,3.0,78.0,8.0,133.0
985,24251,23.0,2.0,17.0,8.0,1299.0
985,24252,158.0,7.0,57.0,8.0,18929.0
985,24253,23.0,2.0,17.0,8.0,798.0
985,24254,165.0,3.0,78.0,8.0,150.0
985,24255,158.0,7.0,92.0,8.0,48993.0
985,24256,158.0,7.0,57.0,8.0,798.0
986,24247,49.0,2.0,19.0,2.0,231835.0
986,24248,158.0,7.0,57.0,6.0,13953.0
986,24249,81.0,7.0,99.0,5.0,178.0
986,24250,118.0,3.0,101.0,6.0,605.0
986,24251,165.0,3.0,78.0,6.0,3.0
986,24252,158.0,7.0,57.0,6.0,14008.0
986,24253,23.0,2.0,17.0,6.0,493.0
986,24254,158.0,7.0,57.0,2.0,398.0
986,24255,81.0,7.0,99.0,6.0,8993.0
986,24256,81.0,7.0,99.0,6.0,1098.0
987,24247,165.0,3.0,78.0,8.0,45.0
987,24248,118.0,3.0,101.0,8.0,165.0
987,24249,49.0,2.0,19.0,2.0,54425.0
987,24250,165.0,3.0,78.0,8.0,133.0
987,24251,23.0,2.0,17.0,8.0,1299.0
987,24252,158.0,7.0,57.0,8.0,18730.0
987,24253,23.0,2.0,17.0,8.0,798.0
987,24254,165.0,3.0,78.0,8.0,158.0
987,24255,158.0,7.0,92.0,8.0,8993.0
987,24256,81.0,7.0,99.0,8.0,798.0
988,24247,165.0,3.0,78.0,8.0,15.0
988,24248,118.0,3.0,101.0,8.0,165.0
988,24249,49.0,2.0,19.0,3.0,54425.0
988,24250,165.0,3.0,78.0,8.0,133.0
988,24251,23.0,2.0,17.0,8.0,1299.0
988,24252,158.0,7.0,57.0,8.0,18730.0
988,24253,23.0,2.0,17.0,8.0,798.0
988,24254,165.0,3.0,78.0,8.0,158.0
988,24255,158.0,7.0,92.0,8.0,8993.0
988,24256,81.0,0.0,0.0,8.0,165.0
989,24263,10.0,0.0,0.0,4.0,13.0
989,24264,47.0,0.0,0.0,8.0,1015.0
989,24265,47.0,0.0,0.0,8.0,4124.0
989,24266,60.0,7.0,28.0,8.0,4132.0
989,24267,23.0,2.0,17.0,8.0,1655.0
989,24268,50.0,6.0,54.0,8.0,34703.0
989,24269,147.0,7.0,60.0,8.0,167.0
989,24270,158.0,7.0,92.0,8.0,117.0
989,24271,81.0,7.0,99.0,8.0,7757.0
989,24272,19.0,0.0,0.0,8.0,748.0
990,24247,165.0,3.0,78.0,8.0,45.0
990,24248,118.0,3.0,101.0,8.0,165.0
990,24249,49.0,2.0,19.0,3.0,58865.0
990,24250,165.0,3.0,78.0,8.0,133.0
990,24251,23.0,2.0,17.0,8.0,1299.0
990,24252,158.0,7.0,57.0,8.0,18130.0
990,24253,23.0,2.0,17.0,8.0,798.0
990,24254,165.0,3.0,78.0,8.0,158.0
990,24255,158.0,7.0,92.0,8.0,8993.0
990,24256,81.0,7.0,99.0,8.0,793.0
991,24247,165.0,3.0,78.0,8.0,15.0
991,24248,118.0,3.0,101.0,8.0,165.0
991,24249,49.0,2.0,19.0,3.0,54425.0
991,24250,165.0,3.0,78.0,8.0,133.0
991,24251,23.0,2.0,17.0,8.0,1299.0
991,24252,158.0,7.0,57.0,8.0,18730.0
991,24253,23.0,2.0,17.0,8.0,798.0
991,24254,165.0,3.0,78.0,8.0,158.0
991,24255,158.0,7.0,92.0,8.0,48993.0
991,24256,81.0,0.0,0.0,8.0,12.0
992,24247,165.0,3.0,78.0,8.0,15.0
992,24248,118.0,3.0,101.0,8.0,165.0
992,24249,49.0,2.0,19.0,3.0,54425.0
992,24250,165.0,3.0,78.0,8.0,133.0
992,24251,23.0,2.0,17.0,8.0,1299.0
992,24252,158.0,7.0,57.0,8.0,11030.0
992,24253,23.0,2.0,17.0,8.0,793.0
992,24254,165.0,3.0,78.0,8.0,157.0
992,24255,158.0,7.0,92.0,8.0,48993.0
992,24256,81.0,7.0,99.0,8.0,798.0
993,24297,118.0,3.0,101.0,8.0,86.0
993,24298,118.0,3.0,101.0,8.0,136.0
993,24299,158.0,7.0,57.0,8.0,265.0
993,24200,165.0,3.0,78.0,8.0,137.0
993,24201,23.0,2.0,17.0,8.0,489.0
993,24202,158.0,7.0,57.0,8.0,268.0
993,24203,23.0,2.0,17.0,8.0,797.0
993,24204,158.0,7.0,57.0,8.0,365.0
993,24205,118.0,3.0,101.0,8.0,993.0
993,24206,81.0,0.0,0.0,8.0,1024.0
994,24291,118.0,3.0,101.0,8.0,86.0
994,24292,118.0,3.0,101.0,8.0,137.0
994,24293,158.0,7.0,57.0,8.0,268.0
994,24294,165.0,3.0,78.0,8.0,77.0
994,24295,118.0,3.0,101.0,8.0,1049.0
994,24296,158.0,7.0,57.0,8.0,268.0
994,24297,23.0,2.0,17.0,8.0,997.0
994,24298,165.0,3.0,78.0,8.0,895.0
994,24299,158.0,7.0,57.0,8.0,704.0
994,24300,154.0,2.0,99.0,8.0,3513.0
995,24263,95.0,2.0,51.0,2.0,0.0
995,24264,158.0,7.0,57.0,6.0,2873.0
995,24265,81.0,7.0,99.0,6.0,6865.0
995,24266,154.0,2.0,99.0,6.0,8637.0
995,24267,23.0,2.0,17.0,6.0,495.0
995,24268,81.0,7.0,99.0,6.0,1032.0
995,24269,118.0,3.0,101.0,6.0,967.0
995,24270,158.0,7.0,57.0,6.0,365.0
995,24271,154.0,2.0,99.0,6.0,8994.0
995,24272,154.0,2.0,99.0,6.0,1324.0
996,24247,165.0,3.0,78.0,8.0,99.0
996,24248,118.0,3.0,101.0,8.0,165.0
996,24249,49.0,2.0,19.0,3.0,54425.0
996,24250,165.0,3.0,78.0,8.0,133.0
996,24251,23.0,2.0,17.0,8.0,599.0
996,24252,158.0,7.0,57.0,8.0,18130.0
996,24253,23.0,2.0,17.0,8.0,798.0
996,24254,165.0,3.0,78.0,8.0,150.0
996,24255,158.0,7.0,92.0,8.0,48993.0
996,24256,81.0,7.0,99.0,8.0,1298.0
997,24291,118.0,3.0,101.0,8.0,1086.0
997,24292,118.0,3.0,101.0,8.0,1082.0
997,24293,154.0,2.0,99.0,8.0,13477.0
997,24294,165.0,3.0,78.0,8.0,137.0
997,24295,23.0,2.0,17.0,8.0,819.0
997,24296,158.0,7.0,57.0,8.0,10268.0
997,24297,23.0,2.0,17.0,8.0,797.0
997,24298,158.0,7.0,57.0,8.0,395.0
997,24299,118.0,3.0,101.0,8.0,997.0
997,24300,154.0,2.0,99.0,8.0,737.0
998,24263,74.0,3.0,34.0,2.0,633.0
998,24264,158.0,7.0,57.0,6.0,1325.0
998,24265,154.0,2.0,99.0,6.0,8558.0
998,24266,154.0,2.0,99.0,6.0,8637.0
998,24267,23.0,2.0,17.0,6.0,695.0
998,24268,9.0,2.0,14.0,6.0,132.0
998,24269,118.0,3.0,101.0,6.0,976.0
998,24270,158.0,7.0,57.0,6.0,328.0
998,24271,154.0,2.0,99.0,6.0,8994.0
998,24272,154.0,2.0,99.0,2.0,5736.0
999,24263,60.0,7.0,28.0,6.0,41.0
999,24264,158.0,7.0,57.0,6.0,1053.0
999,24265,127.0,0.0,0.0,6.0,145.0
999,24266,56.0,7.0,26.0,6.0,632.0
999,24267,23.0,2.0,17.0,6.0,695.0
999,24268,103.0,6.0,53.0,6.0,65.0
999,24269,118.0,3.0,101.0,6.0,967.0
999,24270,158.0,7.0,57.0,6.0,998.0
999,24271,154.0,2.0,99.0,6.0,8104.0
999,24272,154.0,2.0,99.0,6.0,1513.0
