loyalty_history_id,activity_id,year,month,total_flights,distance,points_accumulated,points_redeemed,dollar_cost_points_redeemed
0,392917,2018,6,16,12864,15396.0,785,136
0,392298,2018,12,8,16288,25932.0,0,0
0,392299,2018,9,8,12324,25826.0,0,0
0,390290,2018,9,4,3524,25736.0,0,0
0,390603,2018,4,4,8600,10538.0,0,0
0,392902,2018,9,2,2600,6500.0,0,0
0,392903,2018,2,1,0,0.0,0,0
0,390907,2018,3,0,0,0.0,0,0
0,390903,2018,9,0,0,0.0,0,0
0,390906,2018,11,0,0,0.0,0,0
0,392907,2018,12,0,0,0.0,0,0
1,392816,2018,5,20,12860,25390.0,0,0
1,392297,2018,6,16,16128,25162.0,0,0
1,390299,2018,12,8,12524,28906.0,0,0
1,392298,2018,9,8,15324,20006.0,0,0
1,390299,2018,4,0,600,10000.0,0,0
1,392802,2018,7,0,0,0.0,0,0
1,390297,2018,9,0,0,0.0,0,0
1,390602,2018,3,0,0,0.0,0,0
1,390637,2018,9,0,0,0.0,0,0
1,390906,2018,11,0,0,0.0,0,0
1,390907,2018,12,0,0,0.0,0,0
2,392297,2018,6,20,27840,41960.0,0,0
2,392298,2018,12,9,14618,25162.0,0,0
2,390299,2018,9,8,12992,25708.0,0,0
2,390800,2018,8,8,15524,25936.0,0,0
2,390605,2018,4,4,8800,12638.0,0,0
2,392890,2018,3,2,2384,6900.0,0,0
2,392802,2018,2,1,0,0.0,0,0
2,390617,2018,3,0,0,0.0,0,0
2,390533,2018,9,0,0,0.0,0,0
2,390905,2018,11,0,0,0.0,0,0
2,392807,2018,12,0,0,0.0,0,0
3,392297,2018,6,12,10140,15960.0,0,0
3,392868,2018,10,8,12688,25432.0,0,0
3,392909,2018,9,6,12212,24798.0,0,0
3,392290,2018,9,8,13636,29534.0,0,0
3,392801,2018,2,4,8800,12528.0,0,0
3,390662,2018,3,2,2500,3452.0,0,0
3,390633,2018,2,0,0,0.0,0,0
3,392903,2018,3,0,0,0.0,0,0
3,392903,2018,9,0,0,0.0,0,0
3,390606,2018,11,0,0,0.0,0,0
3,392907,2018,12,0,0,0.0,0,0
4,392297,2018,6,12,26880,40220.0,0,0
4,392298,2018,12,9,18313,25434.0,0,0
4,390299,2018,9,8,12324,29328.0,0,0
4,390600,2018,9,4,8384,20006.0,0,0
4,390601,2018,4,6,8600,12518.0,0,0
4,390890,2018,8,2,2100,6900.0,0,0
4,390303,2018,2,1,0,0.0,0,0
4,392898,2018,3,0,0,0.0,0,0
4,390905,2018,9,0,0,0.0,0,0
4,390298,2018,11,0,0,0.0,0,0
4,392307,2018,12,0,0,0.0,0,0
5,392297,2018,6,20,27880,41260.0,0,0
5,392298,2018,12,9,14688,25462.0,0,0
5,392299,2018,6,8,12992,25908.0,0,0
5,392900,2018,9,8,11892,25538.0,0,0
5,390201,2018,2,4,8600,10000.0,0,0
5,390297,2018,3,2,2800,6900.0,0,0
5,390903,2018,2,1,0,0.0,0,0
5,390908,2018,3,0,0,0.0,0,0
5,390903,2018,9,0,0,0.0,0,0
5,392906,2018,11,0,0,0.0,0,0
5,390907,2018,12,0,0,0.0,0,0
6,392297,2018,6,20,28840,42260.0,0,0
6,390298,2018,12,8,16688,25432.0,0,0
6,390299,2018,9,8,11224,25528.0,0,0
6,390900,2018,9,8,16384,25936.0,0,0
6,390901,2018,4,4,8600,12538.0,0,0
6,390602,2018,7,2,2800,6800.0,0,0
6,390633,2018,2,1,0,0.0,0,0
6,392302,2018,3,0,0,0.0,0,0
6,390633,2018,9,0,0,0.0,0,0
6,390606,2018,11,0,0,0.0,0,0
6,390907,2018,12,0,0,0.0,0,0
7,392297,2018,6,12,26864,40296.0,0,0
7,392298,2018,12,9,16688,25432.0,0,0
7,392299,2018,9,8,19324,26906.0,0,0
7,390299,2018,9,8,11824,28236.0,0,0
7,390662,2018,4,4,8600,12514.0,0,0
7,390602,2018,9,2,2800,6900.0,0,0
7,390903,2018,2,1,2100,5800.0,0,0
7,390907,2018,3,0,0,0.0,0,0
7,390668,2018,9,0,0,0.0,0,0
7,390906,2018,11,0,0,0.0,0,0
7,390907,2018,12,0,0,0.0,0,0
8,392297,2018,6,12,22864,45796.0,0,0
8,390618,2018,12,9,18388,25432.0,0,0
8,390299,2018,9,8,15324,24726.0,0,0
8,392600,2018,9,4,8324,5936.0,0,0
8,392301,2018,4,8,18600,12911.0,0,0
8,390619,2018,3,2,2800,6900.0,0,0
8,392897,2018,2,1,0,0.0,0,0
8,392067,2018,3,0,0,0.0,0,0
8,390903,2018,9,0,0,0.0,0,0
8,390658,2018,11,0,0,0.0,0,0
8,392907,2018,12,0,0,0.0,0,0
9,392297,2018,6,20,26840,40260.0,0,0
9,390618,2018,10,8,11328,22532.0,0,0
9,392909,2018,9,8,12800,25936.0,0,0
9,390200,2018,9,4,5524,12536.0,0,0
9,390600,2018,2,4,8600,10000.0,0,0
9,390602,2018,3,2,2321,6900.0,0,0
9,390299,2018,2,0,0,0.0,0,0
9,390617,2018,2,0,0,0.0,0,0
9,390905,2018,9,0,0,0.0,0,0
9,390906,2018,11,0,0,0.0,0,0
9,390699,2018,12,0,0,0.0,0,0
10,392297,2018,6,20,22860,43160.0,0,0
10,390298,2018,10,8,16288,22532.0,0,0
10,390299,2018,9,8,12884,24736.0,0,0
10,390660,2018,9,4,5524,5536.0,0,0
10,392299,2018,3,4,8382,12538.0,0,0
10,390602,2018,3,2,2800,6936.0,0,0
10,390903,2018,2,1,0,0.5,0,0
10,390638,2018,5,0,0,0.0,0,0
10,392299,2018,9,0,0,0.0,0,0
10,390636,2018,11,0,0,0.0,0,0
10,390907,2018,12,0,0,0.0,0,0
11,392297,2018,6,20,22860,40290.0,0,0
11,392298,2018,12,9,12688,22532.0,0,0
11,390299,2018,9,8,11604,24776.0,0,0
11,390290,2018,9,4,8824,24536.0,0,0
11,390662,2018,4,4,8600,10000.0,0,0
11,390686,2018,3,2,2632,6900.0,0,0
11,392297,2018,2,1,0,0.0,0,0
11,390639,2018,5,0,0,0.0,0,0
11,390637,2018,9,0,0,0.0,0,0
11,390906,2018,11,0,0,0.0,0,0
11,390607,2018,12,0,0,0.0,0,0
12,392297,2018,6,12,27840,41260.0,0,0
12,390908,2018,12,9,18378,25432.0,0,0
12,390299,2018,9,8,12604,20521.0,0,0
12,390299,2018,9,4,8524,5336.0,0,0
12,390905,2018,2,4,8600,12738.0,0,0
12,390667,2018,3,2,2800,3800.0,0,0
12,390603,2018,2,1,0,0.0,0,0
12,390668,2018,3,0,0,0.0,0,0
12,392903,2018,9,0,0,0.0,0,0
12,390969,2018,11,0,0,0.0,0,0
12,392007,2018,12,0,0,0.0,0,0
13,392247,2018,6,12,27884,41726.0,0,0
13,392298,2018,10,8,18688,25532.0,0,0
13,390299,2018,11,6,8321,12528.0,0,0
13,390613,2018,4,2,9520,5530.0,0,0
13,392300,2018,4,4,9642,12512.0,0,0
13,390602,2018,9,2,2600,6900.0,0,0
13,390667,2018,2,1,0,0.5,0,0
13,390603,2018,3,0,0,0.0,0,0
13,392837,2018,9,0,0,0.0,0,0
13,390906,2018,11,0,0,0.0,0,0
13,392047,2018,12,0,0,0.0,0,0
14,392297,2018,6,12,27880,41260.0,0,0
14,392808,2018,12,8,16688,25432.0,0,0
14,390299,2018,5,8,19824,20526.0,0,0
14,390900,2018,9,4,8324,25536.0,0,0
14,390901,2018,4,4,8600,10000.0,0,0
14,390602,2018,3,2,2800,6900.0,0,0
14,390897,2018,2,1,5356,3700.0,0,0
14,390609,2018,3,0,0,0.0,0,0
14,392903,2018,9,0,0,0.0,0,0
14,390906,2018,11,0,0,0.0,0,0
14,390627,2018,12,0,0,0.0,0,0
15,392297,2018,6,24,17880,25260.0,0,0
15,392298,2018,12,9,15688,25432.0,0,0
15,392299,2018,4,8,12992,23808.0,0,0
15,390660,2018,9,8,16324,25936.0,0,0
15,390999,2018,4,4,8600,12918.0,0,0
15,390662,2018,9,2,9888,6338.0,0,0
15,390633,2018,2,0,0,0.0,0,0
15,390898,2018,3,0,0,0.0,0,0
15,392305,2018,9,0,0,0.0,0,0
15,390906,2018,11,0,0,0.0,0,0
15,390907,2018,12,0,0,0.0,0,0
16,392297,2018,6,12,27840,41260.0,0,0
16,390298,2018,12,8,16688,25432.0,0,0
16,390299,2018,9,8,19829,28906.0,0,0
16,390299,2018,9,9,18384,25936.0,0,0
16,390299,2018,4,4,8692,12938.0,0,0
16,390902,2018,3,2,2800,6900.0,0,0
16,390610,2018,2,1,2315,3827.0,0,0
16,390904,2018,3,0,0,0.0,0,0
16,392899,2018,4,0,0,0.0,0,0
16,390647,2018,9,0,0,0.0,0,0
16,390907,2018,12,0,0,0.0,0,0
17,390297,2018,6,20,26840,40260.0,0,0
17,390298,2018,10,8,18376,22554.0,0,0
17,390299,2018,9,8,19884,22996.0,0,0
17,390660,2018,5,4,3600,5900.0,0,0
17,390600,2018,2,4,8600,12418.0,0,0
17,390602,2018,3,2,2388,6900.0,0,0
17,390603,2018,2,1,1801,3100.0,0,0
17,392908,2018,0,0,0,0.0,0,0
17,390667,2018,9,0,0,0.0,0,0
17,390906,2018,11,0,0,0.0,0,0
17,390605,2018,12,0,0,0.0,0,0
18,392297,2018,6,20,22840,44260.0,0,0
18,392208,2018,12,9,12688,25432.0,0,0
18,390607,2018,9,8,13100,25325.0,0,0
18,390899,2018,9,4,5524,5936.0,0,0
18,392299,2018,3,4,8600,0.0,0,0
18,392902,2018,3,2,2322,6948.0,0,0
18,390903,2018,2,1,0,0.0,0,0
18,390663,2018,3,0,0,0.0,0,0
18,390637,2018,9,0,0,0.0,0,0
18,392906,2018,11,0,0,0.0,0,0
18,390907,2018,12,0,0,0.0,0,0
19,392207,2018,6,16,28144,42266.0,0,0
19,392808,2018,10,8,18688,28932.0,0,0
19,392299,2018,9,6,12312,20828.0,0,0
19,390669,2018,9,4,8324,25516.0,0,0
19,390903,2018,4,4,8600,14438.0,0,0
19,390642,2018,3,2,2312,6900.0,0,0
19,390633,2018,2,1,2388,6828.0,0,0
19,390638,2018,3,0,0,0.0,0,0
19,390636,2018,4,0,0,0.0,0,0
19,390569,2018,9,0,0,0.0,0,0
19,390697,2018,12,0,0,0.0,0,0
20,390297,2018,6,20,26840,40260.0,0,0
20,390298,2018,12,9,18668,24732.0,0,0
20,392279,2018,9,8,15344,25336.0,0,0
20,390290,2018,9,4,9824,5936.0,0,0
20,390609,2018,4,4,8600,10400.0,0,0
20,390302,2018,8,2,2634,4700.0,0,0
20,390663,2018,2,1,0,0.0,0,0
20,390668,2018,3,0,0,0.0,0,0
20,390603,2018,9,0,0,0.0,0,0
20,390906,2018,11,0,0,0.0,0,0
20,390907,2018,12,0,0,0.0,0,0
21,392297,2018,6,12,27840,41260.0,0,0
21,392298,2018,10,8,18618,25432.0,0,0
21,390299,2018,9,8,11224,25936.0,0,0
21,392299,2018,9,4,8324,20336.0,0,0
21,390601,2018,2,4,8600,12538.0,0,0
21,390670,2018,3,2,2324,6900.0,0,0
21,390667,2018,2,1,0,0.0,0,0
21,390638,2018,3,0,0,0.0,0,0
21,390899,2018,9,0,0,0.0,0,0
21,390606,2018,11,0,0,0.0,0,0
21,390907,2018,12,0,0,0.0,0,0
22,392015,2018,6,12,17864,25596.0,0,0
22,392296,2018,7,8,16688,25932.0,0,0
22,392297,2018,9,6,12300,23725.0,0,0
22,390718,2018,9,2,7384,5536.0,0,0
22,390919,2018,4,6,8600,10000.0,0,0
22,390602,2018,3,2,2292,6900.0,0,0
22,392897,2018,2,1,0,0.0,0,0
22,390498,2018,3,0,0,0.0,0,0
22,390909,2018,9,0,0,0.0,0,0
22,390905,2018,11,0,0,0.0,0,0
22,392307,2018,12,0,0,0.0,0,0
23,390297,2018,6,20,26896,40264.0,0,0
23,392298,2018,10,8,15688,22532.0,0,0
23,390299,2018,9,8,12324,22528.0,0,0
23,392898,2018,9,8,18600,25530.0,0,0
23,390659,2018,0,4,8800,12338.0,0,0
23,390602,2018,3,4,2800,6900.0,0,0
23,390297,2018,2,1,2281,5800.0,0,0
23,390909,2018,3,0,0,0.0,0,0
23,390603,2018,9,0,0,0.0,0,0
23,390632,2018,11,0,0,0.0,0,0
23,392907,2018,12,0,0,0.0,0,0
24,392915,2018,6,16,17884,25966.0,0,0
24,392916,2018,7,12,16288,25532.0,0,0
24,390297,2018,9,8,18344,20826.0,386,0
24,390300,2018,9,2,8328,25332.0,0,0
24,392899,2018,2,4,8800,6928.0,0,0
24,392802,2018,3,4,2800,6538.0,0,0
24,390667,2018,2,1,1800,5800.0,0,0
24,390668,2018,3,0,0,0.0,0,0
24,392903,2018,4,0,0,0.0,0,0
24,390606,2018,11,0,0,0.0,0,0
24,390606,2018,12,0,0,0.0,0,0
25,392297,2018,6,20,27840,41260.0,0,0
25,392288,2018,10,8,16688,25432.0,0,0
25,392299,2018,9,8,12992,25328.0,0,0
25,392290,2018,9,4,7229,5834.0,0,0
25,390641,2018,4,4,8800,12518.0,0,0
25,390621,2018,3,2,0,0.0,0,0
25,390903,2018,2,0,0,0.0,0,0
25,390903,2018,3,0,0,0.0,0,0
25,390605,2018,9,0,0,0.0,0,0
25,390906,2018,11,0,0,0.0,0,0
25,390907,2018,12,0,0,0.0,0,0
26,392297,2018,6,12,18144,25406.0,0,0
26,390298,2018,6,8,12688,28932.0,0,0
26,390299,2018,7,8,16374,20006.0,0,0
26,390298,2018,9,4,8820,20030.0,0,0
26,390641,2018,4,4,8812,18944.0,0,0
26,390290,2018,8,2,2337,3738.0,0,0
26,390903,2018,2,1,2381,2700.0,0,0
26,390902,2018,2,0,0,0.0,0,0
26,390633,2018,9,0,0,0.0,0,0
26,390909,2018,11,0,0,0.0,0,0
26,390906,2018,12,0,0,0.0,0,0
27,392297,2018,6,20,27840,46260.0,0,0
27,390298,2018,10,8,16688,25532.0,0,0
27,390299,2018,9,6,15600,25900.0,0,0
27,390600,2018,9,4,5524,5906.0,0,0
27,390665,2018,4,4,8600,10000.0,0,0
27,390602,2018,3,2,2814,5732.0,0,0
27,390903,2018,2,1,0,0.0,0,0
27,390298,2018,3,0,0,0.0,0,0
27,390297,2018,9,0,0,0.0,0,0
27,390906,2018,11,0,0,0.0,0,0
27,390907,2018,12,0,0,0.0,0,0
28,392297,2018,6,20,27840,41260.0,0,0
28,390618,2018,12,12,16128,25522.0,0,0
28,392299,2018,9,8,16604,25406.0,0,0
28,390298,2018,9,8,11224,25536.0,0,0
28,392200,2018,2,0,600,10000.0,0,0
28,390662,2018,3,0,0,0.0,0,0
28,390697,2018,0,0,0,0.0,0,0
28,392897,2018,3,0,0,0.0,0,0
28,390669,2018,9,0,0,0.0,0,0
28,390906,2018,11,0,0,0.0,0,0
28,390907,2018,12,0,0,0.0,0,0
29,392297,2018,6,12,22844,46266.0,0,0
29,390638,2018,10,8,16688,25432.0,0,0
29,390299,2018,9,8,19808,20822.0,0,0
29,390298,2018,9,4,5324,18236.0,0,0
29,392899,2018,4,4,8600,10000.0,0,0
29,390902,2018,3,2,4232,6900.0,0,0
29,392897,2018,2,1,8343,5800.0,0,0
29,390638,2018,2,0,0,0.0,0,0
29,392299,2018,9,0,0,0.0,0,0
29,390927,2018,11,0,0,0.0,0,0
29,390637,2018,12,0,0,0.0,0,0
30,392297,2018,6,12,27864,41796.0,0,0
30,390298,2018,10,8,18688,25432.0,0,0
30,392299,2018,9,8,18352,22328.0,0,0
30,390200,2018,9,2,5584,6536.0,0,0
30,390601,2018,4,4,8600,10000.0,0,0
30,390662,2018,4,2,2437,6900.0,0,0
30,390903,2018,2,1,0,0.0,0,0
30,390667,2018,3,0,0,0.0,0,0
30,390637,2018,9,0,0,0.0,0,0
30,390906,2018,11,0,0,0.0,0,0
30,390907,2018,12,0,0,0.0,0,0
31,392297,2018,6,12,27884,41946.0,0,0
31,392298,2018,10,8,16688,25432.0,0,0
31,390299,2018,9,8,12224,25926.0,0,0
31,390298,2018,9,4,5520,5530.0,0,0
31,390101,2018,2,4,8892,10000.0,0,0
31,390602,2018,3,2,2800,6900.0,0,0
31,390603,2018,2,1,2321,3100.0,0,0
31,390904,2018,3,0,0,0.0,0,0
31,392905,2018,9,0,0,0.0,0,0
31,392906,2018,11,0,0,0.0,0,0
31,390907,2018,12,0,0,0.0,0,0
32,390297,2018,6,20,20840,40260.0,0,0
32,390298,2018,12,9,16628,25432.0,0,0
32,390299,2018,9,8,12921,23528.0,0,0
32,390600,2018,9,4,8324,5506.0,379,128
32,390601,2018,4,4,8600,10000.0,0,0
32,390902,2018,3,2,2600,3800.0,0,0
32,390617,2018,2,1,2321,0.0,0,0
32,390668,2018,3,0,0,0.0,0,0
32,392899,2018,9,0,0,0.0,0,0
32,390906,2018,11,0,0,0.0,0,0
32,390907,2018,12,0,0,0.0,0,0
33,392297,2018,6,20,26840,40260.0,0,0
33,390648,2018,12,9,16388,22512.0,0,0
33,390299,2018,9,8,11808,25702.0,0,0
33,390600,2018,8,4,8384,29576.0,0,0
33,390633,2018,4,4,8600,12638.0,0,0
33,390662,2018,3,2,2324,6900.0,0,0
33,390697,2018,2,1,0,0.0,0,0
33,390638,2018,3,0,0,0.0,0,0
33,390857,2018,9,0,0,0.0,0,0
33,392826,2018,11,0,0,0.0,0,0
33,390607,2018,12,0,0,0.0,0,0
34,392207,2018,6,12,17884,25566.0,0,0
34,392298,2018,7,8,18688,22522.0,0,0
34,392909,2018,12,6,12384,20821.0,0,0
34,392298,2018,9,4,5520,5732.0,0,0
34,390299,2018,4,0,0,0.0,0,0
34,390647,2018,3,0,0,0.0,0,0
34,390903,2018,2,0,0,0.0,0,0
34,392904,2018,5,0,0,0.0,0,0
34,392905,2018,9,0,0,0.0,0,0
34,390906,2018,11,0,0,0.0,0,0
34,390907,2018,12,0,0,0.0,0,0
35,392297,2018,6,12,26864,40296.0,0,0
35,392068,2018,10,8,16688,25412.0,0,0
35,390299,2018,9,8,12392,25738.0,0,0
35,390299,2018,9,8,15524,20036.0,0,0
35,390601,2018,2,4,8888,14904.0,0,0
35,390666,2018,3,2,2324,6900.0,0,0
35,390903,2018,2,1,5381,3801.0,0,0
35,390602,2018,3,0,0,0.0,0,0
35,390637,2018,9,0,0,0.0,0,0
35,390906,2018,11,0,0,0.0,0,0
35,392307,2018,12,0,0,0.0,0,0
36,392297,2018,6,20,27860,41290.0,0,0
36,392898,2018,10,8,12588,25432.0,0,0
36,390299,2018,9,6,12324,24736.0,0,0
36,390619,2018,9,4,8384,5536.0,0,0
36,390291,2018,4,4,8600,12460.0,0,0
36,390802,2018,3,2,2321,14936.0,0,0
36,390603,2018,2,1,0,0.0,0,0
36,390638,2018,3,0,0,0.0,0,0
36,390669,2018,9,0,0,0.0,0,0
36,390606,2018,11,0,0,0.0,0,0
36,390907,2018,12,0,0,0.0,0,0
37,392816,2018,7,24,12668,25392.0,0,0
37,392297,2018,6,8,18888,25432.0,0,0
37,392299,2018,9,6,12952,25738.0,0,0
37,390299,2018,9,4,0,5530.0,0,0
37,390617,2018,4,6,9600,12438.0,0,0
37,392302,2018,3,2,2200,0.0,0,0
37,392903,2018,2,1,0,0.0,0,0
37,392903,2018,3,0,0,0.0,0,0
37,392899,2018,9,0,0,0.0,0,0
37,390906,2018,11,0,0,0.0,0,0
37,392299,2018,12,0,0,0.0,0,0
38,392297,2018,6,12,16864,25406.0,0,0
38,390618,2018,8,12,18376,22534.0,0,0
38,392299,2018,9,8,19884,29296.0,0,0
38,390683,2018,9,8,17604,25536.0,0,0
38,390639,2018,2,4,8600,20000.0,0,0
38,390290,2018,9,2,2321,6900.0,0,0
38,390297,2018,2,1,0,0.5,366,0
38,390207,2018,4,0,0,0.0,0,0
38,390668,2018,9,0,0,0.0,0,0
38,390906,2018,11,0,0,0.0,0,0
38,392907,2018,12,0,0,0.0,0,0
39,392297,2018,6,12,11864,16596.0,0,0
39,392298,2018,10,8,18376,26934.0,0,0
39,390299,2018,9,8,12508,29222.0,0,0
39,390660,2018,9,4,8384,29236.0,0,0
39,392899,2018,4,4,8600,10000.0,0,0
39,390619,2018,3,2,2800,6900.0,0,0
39,390905,2018,2,1,1883,5400.0,0,0
39,390903,2018,3,0,0,0.0,0,0
39,390667,2018,9,0,0,0.0,0,0
39,392827,2018,11,0,0,0.0,0,0
39,390607,2018,12,0,0,0.0,0,0
40,390297,2018,6,20,28840,42200.0,0,0
40,390298,2018,12,9,16688,25732.0,0,0
40,392299,2018,5,8,12992,22736.0,0,0
40,390298,2018,9,2,5524,5536.0,0,0
40,390619,2018,4,4,8600,10000.0,0,0
40,390602,2018,3,3,2600,6900.0,0,0
40,390603,2018,2,1,0,0.0,0,0
40,392908,2018,3,0,0,0.0,0,0
40,390669,2018,9,0,0,0.0,0,0
40,390906,2018,11,0,0,0.0,0,0
40,392897,2018,10,0,0,0.0,0,0
41,390297,2018,6,20,26840,40260.0,0,0
41,390298,2018,12,8,16218,22532.0,0,0
41,390299,2018,9,8,12892,22908.0,0,0
41,390660,2018,9,4,7324,6216.0,0,0
41,392899,2018,0,4,8601,12638.0,0,0
41,390602,2018,3,2,2800,6900.0,0,0
41,390617,2018,2,1,2381,2744.0,0,0
41,390604,2018,3,0,0,0.0,0,0
41,392903,2018,9,0,0,0.0,0,0
41,390606,2018,11,0,0,0.0,0,0
41,390907,2018,12,0,0,0.0,0,0
42,392295,2018,6,12,15796,25504.0,0,0
42,392896,2018,7,8,18388,25412.0,0,0
42,392297,2018,4,8,12324,24726.0,0,0
42,390900,2018,9,4,5524,5936.0,0,0
42,390299,2018,2,4,8600,14400.0,0,0
42,392309,2018,11,2,2832,6576.0,0,0
42,392903,2018,2,1,0,0.0,0,0
42,390906,2018,4,0,0,0.0,0,0
42,392805,2018,9,0,0,0.0,0,0
42,390638,2018,11,0,0,0.0,0,0
42,392907,2018,12,0,0,0.0,0,0
43,392297,2018,6,20,20840,40260.0,0,0
43,392288,2018,12,12,26688,35492.0,0,0
43,392907,2018,9,8,14124,22528.0,0,0
43,392900,2018,9,8,19524,25536.0,0,0
43,392801,2018,4,4,8892,12538.0,0,0
43,390602,2018,3,2,2800,6900.0,0,0
43,390277,2018,2,1,0,0.0,0,0
43,392302,2018,3,0,0,0.0,0,0
43,390639,2018,9,0,0,0.0,0,0
43,392306,2018,11,0,0,0.0,0,0
43,390997,2018,12,0,0,0.0,0,0
44,392297,2018,6,12,22864,45296.0,0,0
44,392298,2018,10,8,18688,26932.0,0,0
44,390299,2018,9,6,12952,20828.0,0,0
44,392299,2018,9,4,0,25530.0,0,0
44,392899,2018,2,4,8600,10000.0,0,0
44,390662,2018,3,2,2535,3900.0,0,0
44,392903,2018,2,1,0,0.0,0,0
44,390908,2018,6,0,0,0.0,0,0
44,392823,2018,9,0,0,0.0,0,0
44,390906,2018,11,0,0,0.0,0,0
44,390907,2018,12,0,0,0.0,0,0
45,390297,2018,6,20,26890,40200.0,0,0
45,390298,2018,12,9,16688,22532.0,0,0
45,390299,2018,9,8,16604,20336.0,0,0
45,390600,2018,8,4,5524,5536.0,0,0
45,390901,2018,4,4,8600,10000.0,0,0
45,390201,2018,3,2,2321,3336.0,0,0
45,390296,2018,2,1,2381,3400.0,0,0
45,390667,2018,3,0,0,0.0,0,0
45,390638,2018,9,0,0,0.0,0,0
45,390606,2018,11,0,0,0.0,0,0
45,390099,2018,12,0,0,0.0,0,0
46,392297,2018,6,20,28680,32210.0,0,0
46,392298,2018,10,8,18688,24432.0,0,0
46,390909,2018,4,8,12324,24736.0,0,0
46,390299,2018,9,4,8892,25938.0,0,0
46,390601,2018,4,4,8600,10000.0,0,0
46,390617,2018,3,2,2600,5500.0,0,0
46,392897,2018,2,1,0,0.0,0,0
46,390603,2018,3,0,0,0.0,0,0
46,392897,2018,9,0,0,0.0,0,0
46,390308,2018,11,0,0,0.0,0,0
46,390497,2018,12,0,0,0.0,0,0
47,392297,2018,6,12,27812,25268.0,0,0
47,392298,2018,10,8,18328,25432.0,0,0
47,390299,2018,9,8,18384,20828.0,0,0
47,390298,2018,8,4,8320,20000.0,0,0
47,390909,2018,4,4,8600,0.0,0,0
47,390617,2018,3,2,2800,5900.0,0,0
47,390603,2018,2,0,0,0.0,0,0
47,390603,2018,3,0,0,0.0,0,0
47,390903,2018,9,0,0,0.0,0,0
47,390906,2018,11,0,0,0.0,0,0
47,390907,2018,12,0,0,0.0,0,0
48,392297,2018,6,12,27864,41796.0,0,0
48,392298,2018,10,8,18688,22532.0,0,0
48,390619,2018,9,6,14800,20825.0,9,0
48,390632,2018,9,4,3792,15938.0,0,0
48,390689,2018,4,4,8600,12828.0,0,0
48,390299,2018,1,2,2800,6900.0,0,0
48,390617,2018,2,1,0,0.0,0,0
48,390638,2018,3,0,0,0.0,0,0
48,392299,2018,9,0,0,0.0,0,0
48,390902,2018,11,0,0,0.0,0,0
48,390607,2018,12,0,0,0.0,0,0
49,392037,2018,6,12,27892,41708.0,0,0
49,392818,2018,12,8,18388,25432.0,0,0
49,390900,2018,9,8,12328,25722.0,0,0
49,392299,2018,9,4,3636,15532.0,0,0
49,390619,2018,2,4,8300,10000.0,0,0
49,390690,2018,8,2,9800,6900.0,0,0
49,390903,2018,2,1,0,0.0,0,0
49,392308,2018,3,0,0,0.0,0,0
49,392828,2018,9,0,0,0.0,0,0
49,390619,2018,11,0,0,0.0,0,0
49,392297,2018,12,0,0,0.0,0,0
50,389560,2018,8,20,12840,25260.0,0,0
50,389561,2018,7,16,19868,28732.0,0,0
50,390542,2018,12,8,12124,25326.0,0,0
50,390663,2018,9,8,12384,20006.0,0,0
50,390299,2018,2,6,15600,20000.0,0,0
50,390662,2018,3,2,2324,6900.0,0,0
50,390303,2018,2,2,0,0.0,0,0
50,390668,2018,3,0,0,0.0,0,0
50,390828,2018,9,0,0,0.0,0,0
50,390299,2018,11,0,0,0.0,0,0
50,390647,2018,12,0,0,0.0,0,0
51,392297,2018,6,12,15844,25266.0,0,0
51,392208,2018,10,8,18388,28922.0,0,0
51,392909,2018,9,6,12324,25906.0,0,0
51,390299,2018,9,8,15592,20008.0,0,0
51,390661,2018,3,4,8892,12518.0,0,0
51,390602,2018,3,2,2321,14900.0,0,0
51,390647,2018,2,1,0,0.0,0,0
51,392306,2018,3,0,0,0.0,0,0
51,392905,2018,9,0,0,0.0,0,0
51,392909,2018,11,0,0,0.0,0,0
51,392299,2018,12,0,0,0.0,0,0
52,390297,2018,6,20,26830,40260.0,0,0
52,392298,2018,12,12,16370,22535.0,0,0
52,390509,2018,9,8,18324,25726.0,0,0
52,390619,2018,9,8,13324,25536.0,0,0
52,390900,2018,4,4,8600,20738.0,0,0
52,392899,2018,3,2,2632,0.0,0,0
52,390617,2018,2,1,0,0.0,0,0
52,390617,2018,3,0,0,0.0,0,0
52,392803,2018,9,0,0,0.0,0,0
52,390662,2018,11,0,0,0.0,0,0
52,390637,2018,12,0,0,0.0,0,0
53,132296,2018,7,28,12680,25980.0,0,0
53,390617,2018,6,12,26688,35432.0,0,0
53,390299,2018,9,8,11324,25326.0,0,0
53,390299,2018,9,8,19624,25336.0,0,0
53,390639,2018,10,8,16600,10000.0,0,0
53,390662,2018,3,4,9800,6900.0,0,0
53,390617,2018,2,1,9811,6800.0,0,0
53,390668,2018,4,0,0,0.0,0,0
53,392903,2018,9,0,0,0.0,0,0
53,390909,2018,11,0,0,0.0,0,0
53,390907,2018,12,0,0,0.0,0,0
54,392297,2018,6,20,26840,40260.0,0,0
54,392298,2018,12,12,14128,22412.0,0,0
54,390299,2018,9,8,12384,25796.0,0,0
54,390943,2018,9,8,15524,25736.0,0,0
54,390639,2018,0,6,13648,12838.0,0,0
54,390909,2018,3,4,2800,6522.0,0,0
54,390603,2018,2,1,0,0.0,0,0
54,390668,2018,3,0,0,0.0,0,0
54,390899,2018,9,0,0,0.0,0,0
54,390969,2018,11,0,0,0.0,0,0
54,390907,2018,12,0,0,0.0,0,0
55,392806,2018,7,12,11864,25396.0,0,0
55,392917,2018,8,12,28388,34732.0,0,0
55,392299,2018,4,8,12804,20828.0,0,0
55,392298,2018,9,8,17624,23536.0,0,0
55,390600,2018,2,8,12892,10000.0,0,0
55,392900,2018,3,4,4800,6800.0,0,0
55,390617,2018,2,1,0,0.0,0,0
55,390907,2018,3,0,0,0.0,0,0
55,392299,2018,9,0,0,0.0,0,0
55,392824,2018,11,0,0,0.0,0,0
55,392807,2018,12,0,0,0.0,0,0
56,392017,2018,6,20,27860,41250.0,0,0
56,390618,2018,12,12,18688,25522.0,0,0
56,392299,2018,9,8,12324,25526.0,0,0
56,390298,2018,9,8,18384,20006.0,0,0
56,390661,2018,4,6,13692,10738.0,0,0
56,390602,2018,3,4,2328,7900.0,0,0
56,392897,2018,2,1,1800,6800.0,0,0
56,390638,2018,3,0,0,0.0,0,0
56,392803,2018,9,0,0,0.0,0,0
56,392806,2018,11,0,0,0.0,0,0
56,390307,2018,12,0,0,0.0,0,0
57,392297,2018,6,12,17864,25926.0,0,0
57,390618,2018,12,8,16688,25532.0,0,0
57,390299,2018,9,4,8352,10728.0,0,0
57,390690,2018,9,8,19824,24536.0,0,0
57,390499,2018,4,4,8600,6938.0,0,0
57,390662,2018,3,2,2600,3800.0,0,0
57,390602,2018,2,0,0,0.0,0,0
57,390898,2018,3,0,0,0.0,0,0
57,390903,2018,9,0,0,0.0,0,0
57,390906,2018,11,0,0,0.0,0,0
57,390507,2018,12,0,0,0.0,0,0
58,392297,2018,6,20,27840,46260.0,0,0
58,392908,2018,12,9,16688,25432.0,0,0
58,392299,2018,9,8,12324,25728.0,0,0
58,390299,2018,9,4,3794,25536.0,0,0
58,390601,2018,4,4,8600,14438.0,0,0
58,392302,2018,3,2,2321,3328.0,0,0
58,390297,2018,2,1,2381,5800.0,0,0
58,390603,2018,3,0,0,0.0,0,0
58,390493,2018,9,0,0,0.0,0,0
58,390658,2018,11,0,0,0.0,0,0
58,392307,2018,12,0,0,0.0,0,0
59,390297,2018,6,20,26840,40260.0,0,0
59,390298,2018,12,9,16892,22538.0,0,0
59,392299,2018,9,8,12324,20506.0,0,0
59,390632,2018,9,4,8324,23436.0,0,0
59,390903,2018,4,4,8800,12638.0,0,0
59,390902,2018,3,2,2324,6948.0,0,0
59,390303,2018,2,1,0,0.0,0,0
59,392908,2018,3,0,0,0.0,0,0
59,392905,2018,4,0,0,0.0,0,0
59,390206,2018,9,0,0,0.0,0,0
59,390607,2018,12,0,0,0.0,0,0
60,392297,2018,6,20,27830,41720.0,0,0
60,390298,2018,12,9,16128,25432.0,0,0
60,392299,2018,9,8,15324,24796.0,0,0
60,390632,2018,9,4,5384,5536.0,367,0
60,390601,2018,0,4,8600,10000.0,0,0
60,390905,2018,3,2,2600,3332.0,0,0
60,390297,2018,2,1,0,0.0,0,0
60,390638,2018,5,0,0,0.0,0,0
60,390633,2018,9,0,0,0.0,0,0
60,390906,2018,11,0,0,0.0,0,0
60,392299,2018,12,0,0,0.0,0,0
61,392297,2018,6,12,22880,42260.0,0,0
61,390698,2018,10,8,16688,25432.0,0,0
61,390299,2018,9,8,12304,25906.0,0,0
61,390600,2018,9,2,8324,5536.0,0,0
61,390600,2018,4,4,8600,12468.0,0,0
61,390502,2018,3,2,2800,3700.0,0,0
61,390893,2018,2,1,1811,2700.0,0,0
61,390908,2018,3,0,0,0.0,0,0
61,390299,2018,9,0,0,0.0,0,0
61,390909,2018,11,0,0,0.0,0,0
61,390607,2018,12,0,0,0.0,0,0
62,392297,2018,6,20,27840,41260.0,0,0
62,392298,2018,12,12,18373,25432.0,0,0
62,390909,2018,9,8,15392,25908.0,0,0
62,390600,2018,9,8,18824,25536.0,0,0
62,392801,2018,2,8,11892,12528.0,0,0
62,390302,2018,3,2,2600,3762.0,0,0
62,390903,2018,2,1,0,0.0,0,0
62,390907,2018,3,0,0,0.0,0,0
62,390903,2018,9,0,0,0.0,0,0
62,390906,2018,11,0,0,0.0,0,0
62,392897,2018,12,0,0,0.0,0,0
63,392297,2018,6,20,26840,40260.0,0,0
63,392298,2018,12,8,18128,22732.0,0,0
63,390299,2018,9,8,16324,29326.0,0,0
63,390660,2018,9,6,13884,20516.0,0,0
63,390901,2018,2,4,8600,10538.0,0,0
63,392299,2018,3,2,2536,14700.0,0,0
63,390665,2018,2,0,0,0.0,0,0
63,390902,2018,3,0,0,0.0,0,0
63,392899,2018,9,0,0,0.0,0,0
63,390906,2018,11,0,0,0.0,0,0
63,392907,2018,12,0,0,0.0,0,0
64,392297,2018,6,20,26840,40260.0,0,0
64,392298,2018,12,9,19815,25992.0,0,0
64,390609,2018,9,8,18324,22406.0,0,0
64,390600,2018,9,4,5524,5736.0,0,0
64,390299,2018,2,4,8600,12338.0,0,0
64,390202,2018,3,2,2321,6900.0,0,0
64,390603,2018,2,1,2321,6800.0,0,0
64,390667,2018,3,0,0,0.0,0,0
64,390699,2018,9,0,0,0.0,0,0
64,390909,2018,11,0,0,0.0,0,0
64,390607,2018,12,0,0,0.0,0,0
65,392297,2018,6,20,26840,40260.0,0,0
65,390618,2018,12,9,18688,25532.0,0,0
65,392299,2018,9,8,17364,24728.0,0,0
65,390299,2018,9,4,8324,6906.0,0,0
65,390903,2018,4,4,8600,12518.0,0,0
65,390902,2018,3,2,2600,6900.0,0,0
65,390603,2018,2,1,2321,6800.5,0,0
65,390902,2018,3,0,0,0.0,0,0
65,390669,2018,9,0,0,0.0,0,0
65,392806,2018,11,0,0,0.0,0,0
65,390607,2018,12,0,0,0.0,0,0
66,392297,2018,6,12,12880,25560.0,0,0
66,392298,2018,6,8,16138,25432.0,0,0
66,392299,2018,10,8,12592,25328.0,0,0
66,390900,2018,9,4,8823,25536.0,0,0
66,392901,2018,2,6,13600,2.0,0,0
66,390896,2018,3,2,2312,6900.0,0,0
66,392303,2018,2,0,0,0.0,0,0
66,390603,2018,5,0,0,0.0,0,0
66,392903,2018,9,0,0,0.0,0,0
66,392906,2018,11,0,0,0.0,0,0
66,392297,2018,12,0,0,0.0,0,0
67,392296,2018,7,28,12896,25364.0,0,0
67,390637,2018,6,16,18368,22732.0,0,0
67,390499,2018,11,6,18324,23826.0,0,0
67,390638,2018,9,8,19792,26938.0,0,0
67,392800,2018,4,4,8100,10468.0,0,0
67,390302,2018,3,2,2500,3700.0,0,0
67,390297,2018,2,1,1811,5800.0,0,0
67,390638,2018,4,0,0,0.0,0,0
67,390668,2018,9,0,0,0.0,0,0
67,390820,2018,9,0,0,0.0,0,0
67,392907,2018,12,0,0,0.0,0,0
68,392297,2018,6,20,26860,45290.0,0,0
68,390298,2018,12,9,18288,25432.0,0,0
68,390299,2018,9,8,12604,23322.0,0,0
68,392299,2018,9,4,5524,20006.0,0,0
68,390619,2018,3,4,8100,10000.0,0,0
68,390602,2018,3,2,2388,6912.0,0,0
68,390293,2018,2,1,0,0.0,0,0
68,392903,2018,3,0,0,0.0,0,0
68,390603,2018,9,0,0,0.0,0,0
68,390662,2018,11,0,0,0.0,0,0
68,390907,2018,12,0,0,0.0,0,0
69,392297,2018,6,20,27840,41260.0,0,0
69,392298,2018,12,8,18388,25472.0,0,0
69,392299,2018,11,8,12124,25766.0,0,0
69,390600,2018,9,2,3792,12538.0,0,0
69,390101,2018,4,4,8600,20000.0,0,0
69,390642,2018,3,2,2312,6900.0,0,0
69,390603,2018,2,1,0,0.0,0,0
69,390633,2018,3,0,0,0.0,0,0
69,392903,2018,9,0,0,0.0,0,0
69,390906,2018,11,0,0,0.0,0,0
69,390607,2018,12,0,0,0.0,0,0
70,390297,2018,6,20,28840,40260.0,0,0
70,392298,2018,10,8,18618,22472.0,0,0
70,390909,2018,9,6,12812,25728.0,0,0
70,390663,2018,9,4,5524,25906.0,0,0
70,390601,2018,2,4,8600,11412.0,0,0
70,390617,2018,3,2,2600,6900.0,0,0
70,392897,2018,2,0,0,0.0,0,0
70,390507,2018,4,0,0,0.0,0,0
70,390297,2018,9,0,0,0.0,0,0
70,390906,2018,11,0,0,0.0,0,0
70,390607,2018,12,0,0,0.0,0,0
71,392297,2018,6,12,22864,41996.0,0,0
71,392268,2018,10,8,16612,25438.0,0,0
71,390299,2018,9,6,12500,25946.0,0,0
71,390299,2018,9,4,8324,12536.0,0,0
71,390900,2018,4,4,8600,10000.0,0,0
71,390602,2018,3,2,2800,6338.0,0,0
71,390617,2018,2,1,0,0.0,0,0
71,390904,2018,3,0,0,0.0,0,0
71,390907,2018,4,0,0,0.0,0,0
71,390906,2018,9,0,0,0.0,0,0
71,390907,2018,12,0,0,0.0,0,0
72,392297,2018,6,12,16864,15106.0,0,0
72,392868,2018,10,8,18128,28932.0,0,0
72,392299,2018,9,8,12344,20328.0,0,0
72,392900,2018,9,4,5524,29536.0,0,0
72,390600,2018,2,4,8800,12538.0,0,0
72,390902,2018,3,2,2912,2700.0,0,0
72,390623,2018,2,1,2811,8805.0,0,0
72,392897,2018,3,0,0,0.0,0,0
72,390905,2018,4,0,0,0.0,0,0
72,390636,2018,9,0,0,0.0,0,0
72,390407,2018,12,0,0,0.0,0,0
73,388297,2018,8,20,27894,41206.0,0,0
73,392098,2018,12,9,16688,25432.0,0,0
73,390809,2018,9,8,12800,20725.0,0,0
73,390290,2018,9,8,11224,25536.0,0,0
73,390201,2018,4,4,8800,10000.0,0,0
73,390899,2018,3,2,2868,6900.0,0,0
73,390633,2018,2,1,0,0.0,0,0
73,390617,2018,6,0,0,0.0,0,0
73,390299,2018,9,0,0,0.0,0,0
73,392066,2018,11,0,0,0.0,0,0
73,390699,2018,12,0,0,0.0,0,0
74,392297,2018,6,20,26840,40260.0,0,0
74,390298,2018,10,8,16618,25412.0,0,0
74,390299,2018,9,8,12992,25838.0,0,0
74,390610,2018,9,4,8324,28936.0,0,0
74,390299,2018,4,6,10600,12638.0,0,0
74,390602,2018,3,2,2600,6900.0,0,0
74,390903,2018,2,1,0,0.0,0,0
74,392802,2018,3,0,0,0.0,0,0
74,390635,2018,9,0,0,0.0,0,0
74,390906,2018,11,0,0,0.0,0,0
74,392307,2018,12,0,0,0.0,0,0
75,392297,2018,6,20,27870,41900.0,0,0
75,390298,2018,10,8,16688,25932.0,0,0
75,390299,2018,9,8,12192,20328.0,0,0
75,390290,2018,9,4,3624,25536.0,0,0
75,390601,2018,4,4,8600,10218.0,0,0
75,390902,2018,8,2,2632,6900.0,0,0
75,390903,2018,2,1,2800,5800.0,0,0
75,390667,2018,3,0,0,0.0,0,0
75,392805,2018,9,0,0,0.0,0,0
75,390906,2018,11,0,0,0.0,0,0
75,392299,2018,12,0,0,0.0,0,0
76,392295,2018,7,12,12624,25566.0,0,0
76,392296,2018,8,12,18388,25432.0,0,0
76,390897,2018,9,8,12808,25902.0,0,0
76,390298,2018,9,8,19824,25936.0,0,0
76,390299,2018,2,8,12800,10000.0,0,0
76,392820,2018,8,4,2324,6900.0,0,0
76,390297,2018,2,0,0,0.0,0,0
76,390608,2018,3,0,0,0.0,0,0
76,390668,2018,9,0,0,0.0,0,0
76,390906,2018,11,0,0,0.0,0,0
76,392907,2018,12,0,0,0.0,0,0
77,392297,2018,6,20,26840,40260.0,0,0
77,392298,2018,12,9,18388,22532.0,0,0
77,392299,2018,9,8,11608,24702.0,0,0
77,392299,2018,9,4,2792,15338.0,0,0
77,392299,2018,4,4,8600,12512.0,0,0
77,390291,2018,8,2,2636,12700.0,0,0
77,390666,2018,2,1,0,0.0,0,0
77,392003,2018,3,0,0,0.0,0,0
77,392897,2018,9,0,0,0.0,0,0
77,392906,2018,11,0,0,0.0,0,0
77,392307,2018,12,0,0,0.0,0,0
78,392297,2018,6,20,22840,43260.0,0,0
78,390618,2018,12,15,16815,25932.5,0,0
78,390299,2018,9,8,16222,25708.0,0,0
78,390663,2018,9,8,18624,23516.0,0,0
78,392045,2018,4,4,8600,10000.0,0,0
78,390696,2018,3,2,2800,8900.0,0,0
78,390903,2018,9,1,3611,5700.0,0,0
78,390668,2018,4,0,0,0.0,0,0
78,390303,2018,9,0,0,0.0,0,0
78,390299,2018,11,0,0,0.0,0,0
78,390297,2018,12,0,0,0.0,0,0
79,392297,2018,6,20,26860,44930.0,0,0
79,390298,2018,12,8,19128,22432.0,0,0
79,390609,2018,9,8,12192,25328.0,0,0
79,390619,2018,9,4,1294,6536.0,0,0
79,390661,2018,4,4,8600,12518.0,0,0
79,390617,2018,3,2,2321,5900.0,0,0
79,390617,2018,2,0,0,0.0,0,0
79,390602,2018,4,0,0,0.0,0,0
79,390637,2018,9,0,0,0.0,0,0
79,392828,2018,11,0,0,0.0,0,0
79,390907,2018,12,0,0,0.0,0,0
80,392816,2018,7,8,12656,15984.0,0,0
80,392917,2018,10,8,14688,25432.0,0,0
80,390018,2018,9,8,12312,23828.0,0,0
80,390299,2018,9,4,5524,25736.0,0,0
80,392900,2018,2,4,8600,10418.0,0,0
80,392898,2018,3,2,2800,6900.0,0,0
80,390903,2018,2,0,0,0.0,0,0
80,390668,2018,3,0,0,0.0,0,0
80,390823,2018,9,0,0,0.0,0,0
80,392306,2018,11,0,0,0.0,0,0
80,390907,2018,12,0,0,0.0,0,0
81,390297,2018,6,20,27840,41260.0,0,0
81,390298,2018,12,9,16688,22552.0,0,0
81,390909,2018,9,8,12324,25906.0,0,0
81,392299,2018,9,2,5324,5736.0,0,0
81,390639,2018,4,6,8892,10718.0,0,0
81,390602,2018,3,2,9600,6900.0,0,0
81,390662,2018,2,1,1,0.0,0,0
81,390668,2018,3,0,0,0.0,0,0
81,392803,2018,9,0,0,0.0,0,0
81,390909,2018,11,0,0,0.0,0,0
81,392907,2018,12,0,0,0.0,0,0
82,392297,2018,6,12,12868,25392.0,0,0
82,390298,2018,5,8,16618,27932.0,0,0
82,390299,2018,9,8,12340,20825.0,0,0
82,390600,2018,9,4,884,5936.0,0,0
82,390600,2018,4,4,8600,12918.0,0,0
82,392299,2018,3,2,2532,0.0,0,0
82,390903,2018,2,1,0,0.0,0,0
82,392898,2018,3,0,0,0.0,0,0
82,390637,2018,9,0,0,0.0,0,0
82,390909,2018,11,0,0,0.0,0,0
82,390607,2018,12,0,0,0.0,0,0
83,392297,2018,6,12,17880,25260.0,0,0
83,392018,2018,12,9,18628,28932.0,0,0
83,392299,2018,9,8,12374,24822.0,0,0
83,390299,2018,9,2,5524,27906.0,0,0
83,390601,2018,4,4,8892,13718.0,0,0
83,392802,2018,3,2,2812,3338.0,0,0
83,390903,2018,2,1,1831,5700.0,0,0
83,390603,2018,3,0,0,0.0,0,0
83,390633,2018,9,0,0,0.0,0,0
83,390658,2018,11,0,0,0.0,0,0
83,392907,2018,12,0,0,0.0,0,0
84,390297,2018,6,20,26840,40260.0,0,0
84,390698,2018,12,12,18328,25432.0,0,0
84,390299,2018,9,8,14604,26906.0,0,0
84,390900,2018,9,8,19924,25536.0,376,0
84,390601,2018,2,8,16600,12938.0,0,0
84,390602,2018,3,2,2600,6932.0,0,0
84,390603,2018,2,1,2501,3100.0,0,0
84,390297,2018,3,0,0,0.0,0,0
84,392905,2018,9,0,0,0.0,0,0
84,390906,2018,11,0,0,0.0,0,0
84,390907,2018,12,0,0,0.0,0,0
85,392297,2018,6,12,26880,40260.0,0,0
85,392898,2018,10,8,18688,28932.0,0,0
85,390299,2018,9,8,16124,24216.0,0,0
85,390499,2018,8,8,19824,25536.0,0,0
85,390900,2018,4,4,8600,12538.0,0,0
85,390602,2018,3,2,2800,6900.0,0,0
85,390903,2018,2,1,0,0.0,0,0
85,390903,2018,3,0,0,0.0,0,0
85,390605,2018,9,0,0,0.0,0,0
85,390602,2018,11,0,0,0.0,0,0
85,390907,2018,12,0,0,0.0,0,0
86,390297,2018,6,20,28840,40260.0,0,0
86,392298,2018,10,8,18378,22552.0,0,0
86,390909,2018,9,8,12424,22906.0,0,0
86,390900,2018,9,8,19824,20006.0,0,0
86,390635,2018,4,6,13600,20000.0,0,0
86,390602,2018,3,2,2800,6900.0,0,0
86,390603,2018,2,1,7600,2700.0,0,0
86,390668,2018,3,0,0,0.0,0,0
86,390635,2018,9,0,0,0.0,0,0
86,390604,2018,11,0,0,0.0,0,0
86,390907,2018,12,0,0,0.0,0,0
87,392297,2018,6,20,27840,41260.0,0,0
87,392298,2018,12,12,14688,22532.0,0,0
87,390299,2018,9,8,16224,25906.0,0,0
87,390290,2018,9,8,11524,29536.0,0,0
87,390699,2018,4,6,19600,20712.0,0,0
87,390902,2018,3,2,2321,10000.0,0,0
87,392899,2018,2,1,2381,5800.5,0,0
87,390638,2018,6,0,0,0.0,0,0
87,392803,2018,4,0,0,0.0,0,0
87,390906,2018,9,0,0,0.0,0,0
87,392307,2018,12,0,0,0.0,0,0
88,390297,2018,6,20,26840,40260.0,0,0
88,390298,2018,12,9,16128,24732.0,0,0
88,390609,2018,9,8,16124,25906.0,0,0
88,390900,2018,8,4,8324,5536.0,0,0
88,390901,2018,6,4,8600,16618.0,0,0
88,390602,2018,3,2,2600,6900.0,0,0
88,392303,2018,2,1,4600,8800.0,0,0
88,390668,2018,4,0,0,0.0,0,0
88,390637,2018,9,0,0,0.0,0,0
88,390669,2018,11,0,0,0.0,0,0
88,390907,2018,12,0,0,0.0,0,0
89,392297,2018,6,20,28840,42260.0,0,0
89,392918,2018,12,12,12130,22555.0,0,0
89,392299,2018,9,8,12324,26906.0,0,0
89,390902,2018,5,8,12792,25576.0,0,0
89,390299,2018,4,4,8800,10000.0,0,0
89,390662,2018,3,2,2600,6576.0,0,0
89,390803,2018,2,1,0,0.0,0,0
89,392898,2018,3,0,0,0.0,0,0
89,390299,2018,9,0,0,0.0,0,0
89,390906,2018,11,0,0,0.0,0,0
89,390907,2018,12,0,0,0.0,0,0
90,392297,2018,6,20,26840,40210.0,0,0
90,392298,2018,12,12,15628,28932.0,0,0
90,392009,2018,9,8,12934,26906.0,0,0
90,390103,2018,9,8,15796,26534.0,0,0
90,390299,2018,4,4,8700,20000.0,0,0
90,390689,2018,3,2,2216,6200.0,0,0
90,390297,2018,2,1,0,0.0,0,0
90,392907,2018,3,0,0,0.0,0,0
90,392805,2018,9,0,0,0.0,0,0
90,390906,2018,11,0,0,0.0,0,0
90,390907,2018,12,0,0,0.0,0,0
91,392816,2018,6,16,12864,25996.0,0,0
91,392017,2018,7,8,18388,25432.0,0,0
91,392299,2018,11,8,12954,25906.0,0,0
91,392299,2018,4,4,5524,5536.0,0,0
91,392899,2018,2,4,8600,10000.0,0,0
91,390662,2018,3,2,2200,9337.0,0,0
91,392303,2018,2,0,0,0.0,0,0
91,392049,2018,3,0,0,0.0,0,0
91,390897,2018,9,0,0,0.0,0,0
91,390906,2018,11,0,0,0.0,0,0
91,392807,2018,12,0,0,0.0,0,0
92,392297,2018,6,12,12684,25566.0,0,0
92,392818,2018,7,8,15688,25432.0,0,0
92,392299,2018,10,6,16224,25336.0,0,0
92,390290,2018,9,4,5524,26576.0,0,0
92,390299,2018,4,0,600,0.0,0,0
92,392802,2018,3,0,0,400.0,0,0
92,390617,2018,2,0,0,0.0,0,0
92,390636,2018,3,0,0,0.0,0,0
92,390903,2018,9,0,0,0.0,0,0
92,390906,2018,11,0,0,0.0,0,0
92,390907,2018,12,0,0,0.0,0,0
93,392297,2018,6,12,27876,41764.0,0,0
93,392898,2018,10,8,18688,25412.0,0,0
93,390209,2018,9,8,18392,20828.0,0,0
93,392299,2018,9,2,8384,5336.0,0,0
93,390299,2018,4,4,8608,12512.0,0,0
93,390290,2018,9,2,8800,6900.0,0,0
93,390297,2018,2,1,0,0.0,0,64
93,390603,2018,3,0,0,0.0,0,0
93,390823,2018,9,0,0,0.0,0,0
93,390647,2018,11,0,0,0.0,0,0
93,392907,2018,12,0,0,0.0,0,0
94,390617,2018,6,20,27840,41260.0,0,0
94,390298,2018,12,12,16812,22728.0,0,0
94,390909,2018,9,8,19108,20402.0,0,0
94,390662,2018,9,8,19822,25536.0,0,0
94,390001,2018,4,8,16600,20338.0,0,0
94,390602,2018,3,2,2324,6900.0,0,0
94,390617,2018,2,4,0,0.0,0,0
94,390667,2018,3,0,0,0.0,0,0
94,390903,2018,4,0,0,0.0,0,0
94,392906,2018,9,0,0,0.0,0,0
94,390901,2018,12,0,0,0.0,0,0
95,392297,2018,6,20,26680,40000.0,0,0
95,390298,2018,12,9,12618,25462.0,0,0
95,390509,2018,9,8,12392,25336.0,0,0
95,390290,2018,9,2,8324,5536.0,0,0
95,390601,2018,2,4,8600,12518.0,0,0
95,390666,2018,3,2,2600,0.0,0,0
95,390903,2018,2,0,0,0.0,0,0
95,390907,2018,3,0,0,0.0,0,0
95,390637,2018,9,0,0,0.0,0,0
95,390906,2018,11,0,0,0.0,0,0
95,390907,2018,12,0,0,0.0,0,0
96,390297,2018,6,20,26840,40260.0,0,0
96,390698,2018,10,8,16619,72532.0,0,0
96,390299,2018,8,8,12992,25828.0,0,0
96,390900,2018,8,4,7693,5516.0,0,0
96,390502,2018,4,6,12800,20000.0,0,0
96,390602,2018,9,4,2800,6900.0,0,0
96,390297,2018,2,1,0,0.0,0,0
96,390639,2018,3,0,0,0.0,0,0
96,390903,2018,9,0,0,0.0,0,0
96,390906,2018,11,0,0,0.0,0,0
96,392907,2018,12,0,0,0.0,0,0
97,392816,2018,7,16,12864,25396.0,0,0
97,390617,2018,7,12,18688,25862.0,0,0
97,392298,2018,9,8,15524,20736.0,0,0
97,392200,2018,9,8,13604,20836.0,0,0
97,390903,2018,4,4,8800,20000.0,0,0
97,392902,2018,3,2,2800,5900.0,0,0
97,390617,2018,2,1,0,0.0,0,0
97,390667,2018,3,0,0,0.0,0,0
97,390823,2018,9,0,0,0.0,0,0
97,390606,2018,11,0,0,0.0,0,0
97,392907,2018,12,0,0,0.0,0,0
98,392297,2018,6,12,27816,41924.0,0,0
98,392298,2018,10,8,16688,25432.0,0,0
98,392299,2018,9,6,12124,22526.0,0,0
98,390290,2018,9,2,3604,5336.0,0,0
98,390601,2018,4,8,18600,10004.0,0,0
98,390602,2018,3,2,2800,6636.0,0,0
98,390906,2018,2,1,0,0.0,0,0
98,392902,2018,3,0,0,0.0,0,0
98,390663,2018,9,0,0,0.0,0,0
98,390639,2018,11,0,0,0.0,0,0
98,390607,2018,12,0,0,0.0,0,0
99,392806,2018,6,12,12868,25792.0,0,0
99,392297,2018,6,8,18388,25532.0,0,0
99,390299,2018,11,6,12812,20828.0,0,0
99,390299,2018,9,8,19804,25536.0,0,0
99,390900,2018,4,4,8892,12912.0,0,0
99,390617,2018,3,2,2536,14700.0,0,0
99,390667,2018,2,1,0,0.0,0,0
99,392298,2018,3,0,0,0.0,0,0
99,390905,2018,9,0,0,0.0,0,0
99,390909,2018,11,0,0,0.0,0,0
99,392907,2018,12,0,0,0.0,0,0
100,392297,2018,6,12,27884,41266.0,0,0
100,392298,2018,10,8,16688,25932.0,0,0
100,390299,2018,9,8,12884,20736.0,0,0
100,390290,2018,9,9,19820,20000.0,0,0
100,390602,2018,9,4,8600,10000.0,0,0
100,390602,2018,8,2,0,0.0,0,0
100,390303,2018,2,1,0,0.0,0,0
100,392898,2018,3,0,0,0.0,0,0
100,392803,2018,9,0,0,0.0,0,0
100,390958,2018,11,0,0,0.0,0,0
100,390907,2018,12,0,0,0.0,0,0
101,392919,2018,6,16,12864,25296.0,0,0
101,392290,2018,9,8,12608,28912.0,0,0
101,390601,2018,11,2,12344,25326.0,0,0
101,390662,2018,5,2,7324,25536.0,0,0
101,392801,2018,4,4,8600,6938.0,0,0
101,390662,2018,3,2,4600,6500.0,0,0
101,390603,2018,2,1,0,0.0,0,0
101,390607,2018,3,0,0,0.0,0,0
101,392899,2018,9,0,0,0.0,0,0
101,392299,2018,11,0,0,0.0,0,0
101,390607,2018,12,0,0,0.0,0,0
102,392249,2018,5,20,15860,25390.0,0,0
102,392290,2018,6,12,18128,25462.0,0,0
102,390611,2018,11,8,12524,20826.0,0,0
102,392800,2018,9,8,13656,20004.0,0,0
102,392301,2018,4,6,12892,12638.0,0,0
102,390602,2018,3,6,12200,3700.0,0,0
102,390603,2018,2,1,0,0.0,0,0
102,392298,2018,8,0,0,0.0,0,0
102,392928,2018,9,0,0,0.0,0,0
102,392306,2018,11,0,0,0.0,0,0
102,392899,2018,12,0,0,0.0,0,0
103,392297,2018,6,12,27844,41266.0,0,0
103,390908,2018,10,8,18370,22530.0,0,0
103,392299,2018,9,6,12300,20000.0,0,0
103,390299,2018,9,4,8384,5936.0,0,0
103,390901,2018,4,4,8600,11400.0,0,0
103,390299,2018,9,2,2812,6900.0,0,0
103,390903,2018,2,1,0,0.0,0,0
103,390902,2018,6,0,0,0.0,0,0
103,390669,2018,9,0,0,0.0,0,0
103,390906,2018,11,0,0,0.0,0,0
103,392907,2018,12,0,0,0.0,0,0
104,392297,2018,6,20,22840,44900.0,0,0
104,392298,2018,12,9,15618,22472.0,0,0
104,390619,2018,9,8,12804,28906.0,0,0
104,390200,2018,9,8,13792,24538.0,0,0
104,390601,2018,4,4,8800,10000.0,0,0
104,390602,2018,3,2,2600,6900.0,0,0
104,392803,2018,2,0,0,0.0,0,0
104,390607,2018,6,0,0,0.0,0,0
104,392297,2018,9,0,0,0.0,0,0
104,390906,2018,11,0,0,0.0,0,0
104,392907,2018,12,0,0,0.0,0,0
105,392295,2018,7,12,12884,25406.0,0,0
105,392296,2018,8,12,14432,27938.0,0,0
105,392299,2018,10,8,18324,25836.0,0,0
105,390200,2018,9,8,15524,25936.0,0,0
105,390299,2018,4,6,12892,12638.0,0,0
105,390490,2018,3,2,2388,6568.0,0,0
105,390903,2018,2,0,0,0.0,0,0
105,390602,2018,3,0,0,0.0,0,0
105,390633,2018,9,0,0,0.0,0,0
105,390906,2018,11,0,0,0.0,0,0
105,390907,2018,12,0,0,0.0,0,0
106,390297,2018,6,20,24840,42260.0,0,0
106,392298,2018,10,8,16688,25432.0,0,0
106,390299,2018,9,8,12884,20526.0,0,0
106,390919,2018,9,4,3600,5530.0,0,0
106,390299,2018,4,4,8600,12400.0,0,0
106,390297,2018,3,2,2600,6900.0,0,0
106,390617,2018,2,1,5313,0.0,0,0
106,390668,2018,5,0,0,0.0,0,0
106,390638,2018,9,0,0,0.0,0,0
106,390906,2018,11,0,0,0.0,0,0
106,390907,2018,12,0,0,0.0,0,0
107,390297,2018,6,20,26840,40260.0,0,0
107,390648,2018,12,9,18618,22552.0,0,0
107,390299,2018,9,8,11892,20218.0,0,0
107,392290,2018,9,8,11792,29536.0,0,0
107,390601,2018,4,4,8800,20004.0,0,0
107,390602,2018,3,2,2600,6500.0,0,0
107,390647,2018,2,1,2356,5400.0,0,0
107,390904,2018,3,0,0,0.0,0,0
107,390667,2018,9,0,0,0.0,0,0
107,390606,2018,11,0,0,0.0,0,0
107,390607,2018,12,0,0,0.0,0,0
108,392297,2018,6,12,27844,41266.0,0,0
108,390608,2018,10,8,18108,24732.0,0,0
108,392809,2018,9,6,12384,20806.0,0,0
108,390200,2018,7,8,12324,25836.0,0,0
108,390900,2018,4,4,8600,20000.0,0,0
108,390299,2018,9,2,2535,6900.0,0,0
108,390603,2018,2,0,0,0.0,0,0
108,392047,2018,6,0,0,0.0,0,0
108,390635,2018,9,0,0,0.0,0,0
108,390906,2018,11,0,0,0.0,0,0
108,390907,2018,12,0,0,0.0,0,0
109,392297,2018,6,12,10880,25320.0,0,0
109,392298,2018,6,8,18128,22532.0,0,0
109,392299,2018,10,8,12812,25908.0,0,0
109,392298,2018,9,4,5524,5536.0,0,0
109,390600,2018,2,2,8600,10512.0,0,0
109,390802,2018,3,2,2632,3300.0,0,0
109,390943,2018,2,1,2381,8800.0,0,0
109,390638,2018,3,0,0,0.0,0,0
109,392903,2018,4,0,0,0.0,0,0
109,392908,2018,9,0,0,0.0,0,0
109,390607,2018,12,0,0,0.0,0,0
110,392297,2018,6,20,27840,41260.0,0,0
110,390608,2018,10,8,18378,25432.0,0,0
110,390649,2018,9,8,19808,26902.0,0,0
110,390662,2018,9,2,8894,5516.0,0,0
110,392899,2018,2,4,8600,10000.0,0,0
110,390902,2018,3,2,2600,3300.0,0,0
110,390697,2018,2,1,0,0.0,0,0
110,390638,2018,3,0,0,0.0,0,0
110,390668,2018,9,0,0,0.0,0,0
110,390906,2018,11,0,0,0.0,0,0
110,390907,2018,12,0,0,0.0,0,0
111,392297,2018,6,20,28140,42260.0,0,0
111,392298,2018,10,8,16688,28932.0,0,0
111,390909,2018,7,6,12524,25906.0,0,0
111,392800,2018,9,4,5324,5536.0,0,0
111,390601,2018,4,4,8600,14468.0,0,0
111,390662,2018,3,2,2600,6900.0,0,0
111,390299,2018,2,1,0,0.0,0,0
111,390602,2018,5,0,0,0.0,0,0
111,390903,2018,9,0,0,0.0,0,0
111,390906,2018,11,0,0,0.0,0,0
111,392907,2018,12,0,0,0.0,0,0
112,392297,2018,6,12,27864,41796.0,0,0
112,392898,2018,10,8,18128,25432.0,0,0
112,392209,2018,8,8,12992,27908.0,0,0
112,390600,2018,9,4,8320,24930.0,0,0
112,390901,2018,4,4,8800,10000.0,0,0
112,390619,2018,3,2,2388,6900.0,0,0
112,390617,2018,2,1,0,0.5,366,0
112,390298,2018,3,0,0,0.0,0,0
112,390618,2018,9,0,0,0.0,0,0
112,390906,2018,11,0,0,0.0,0,0
112,390607,2018,12,0,0,0.0,0,0
113,390297,2018,6,12,27844,41266.0,0,0
113,392908,2018,10,8,16128,25532.0,0,0
113,390909,2018,9,6,16373,29762.0,0,0
113,390600,2018,9,4,3792,12576.0,0,0
113,390101,2018,4,4,8600,10000.0,0,0
113,390902,2018,3,2,2312,6732.0,0,0
113,390903,2018,2,2,2316,2751.0,0,0
113,390662,2018,4,0,0,0.0,0,0
113,390803,2018,9,0,0,0.0,0,0
113,390606,2018,11,0,0,0.0,0,0
113,390907,2018,12,0,0,0.0,0,0
114,392297,2018,6,12,22864,43566.0,0,0
114,392298,2018,10,8,16637,25432.0,0,0
114,390619,2018,9,8,15324,23126.0,0,0
114,390900,2018,9,4,3794,5536.0,0,0
114,390601,2018,2,0,800,0.0,0,0
114,390662,2018,3,0,0,0.0,0,0
114,390693,2018,3,0,0,0.0,0,0
114,390530,2018,5,0,0,0.0,0,0
114,392299,2018,9,0,0,0.0,0,0
114,390902,2018,11,0,0,0.0,0,0
114,390607,2018,12,0,0,0.0,0,0
115,392297,2018,6,12,21880,31960.0,0,0
115,392298,2018,10,8,14688,25432.0,0,0
115,390909,2018,2,8,12382,26908.0,0,0
115,390299,2018,9,4,8824,5936.0,0,0
115,390299,2018,4,3,8340,10000.0,0,0
115,390662,2018,3,2,2800,3700.0,0,0
115,390603,2018,2,1,9810,2700.0,0,0
115,390668,2018,3,0,0,0.0,0,0
115,392903,2018,9,0,0,0.0,0,0
115,390906,2018,11,0,0,0.0,0,0
115,390907,2018,12,0,0,0.0,0,0
116,392297,2018,6,12,25880,48900.0,0,0
116,390298,2018,10,8,16688,25532.0,0,0
116,392909,2018,9,8,10192,20478.0,0,0
116,392298,2018,8,4,5524,25936.0,0,0
116,390601,2018,4,4,5600,12538.0,0,0
116,390700,2018,3,2,2321,6900.0,0,0
116,390297,2018,2,1,0,0.0,0,0
116,390903,2018,3,0,0,0.0,0,0
116,392899,2018,9,0,0,0.0,0,0
116,390906,2018,11,0,0,0.0,0,0
116,390907,2018,12,0,0,0.0,0,0
117,392297,2018,6,12,27864,41296.0,0,0
117,390618,2018,12,8,18376,22564.0,0,0
117,390299,2018,9,8,16808,25332.0,0,0
117,390298,2018,9,4,5524,5936.0,0,0
117,392899,2018,4,4,8600,12512.0,0,0
117,390666,2018,3,2,2800,6900.0,0,0
117,390617,2018,2,1,2330,1741.0,0,0
117,390667,2018,4,0,0,0.0,0,0
117,390899,2018,9,0,0,0.0,0,0
117,390906,2018,11,0,0,0.0,0,0
117,390907,2018,12,0,0,0.0,0,0
118,392816,2018,6,16,12684,15326.0,0,0
118,390617,2018,10,8,18328,25432.0,0,0
118,390609,2018,9,6,15594,20826.0,0,0
118,390600,2018,9,4,7384,5936.0,0,0
118,392901,2018,2,4,5292,10004.0,0,0
118,392899,2018,3,2,2800,3832.0,0,0
118,392897,2018,2,1,0,0.0,0,0
118,390623,2018,3,0,0,0.0,0,0
118,392805,2018,9,0,0,0.0,0,0
118,390906,2018,11,0,0,0.0,0,0
118,390607,2018,12,0,0,0.0,0,0
119,392297,2018,6,12,27880,41260.0,0,0
119,392298,2018,10,8,16288,25432.0,0,0
119,392299,2018,9,8,12392,22528.0,0,0
119,390900,2018,0,4,5324,5546.0,0,0
119,390902,2018,4,4,8600,13338.0,0,0
119,392902,2018,3,2,2324,6300.0,0,0
119,390297,2018,2,1,0,0.0,0,0
119,392898,2018,3,0,0,0.0,0,0
119,390605,2018,9,0,0,0.0,0,0
119,390906,2018,11,0,0,0.0,0,0
119,392937,2018,12,0,0,0.0,0,0
120,390297,2018,6,20,26840,40260.0,0,0
120,390588,2018,12,9,10613,22532.0,0,0
120,390919,2018,9,8,12124,25736.0,0,0
120,390300,2018,0,4,3894,8936.0,0,0
120,390499,2018,4,4,8600,14468.0,0,0
120,390602,2018,9,2,2637,6900.0,0,0
120,390897,2018,2,1,0,0.0,0,0
120,390637,2018,3,0,0,0.0,0,0
120,390668,2018,4,0,0,0.0,0,0
120,390909,2018,9,0,0,0.0,0,0
120,392907,2018,12,0,0,0.0,0,0
121,392297,2018,6,12,27880,41230.0,0,0
121,390298,2018,12,9,18378,25432.0,0,0
121,390299,2018,9,8,16804,22526.0,0,0
121,390900,2018,9,4,5528,25512.0,0,0
121,390901,2018,4,0,0,0.0,0,0
121,392900,2018,3,0,0,0.0,0,0
121,390299,2018,2,0,0,0.0,0,0
121,390908,2018,8,0,0,0.0,0,0
121,390668,2018,9,0,0,0.0,0,0
121,392299,2018,11,0,0,0.0,0,0
121,390297,2018,12,0,0,0.0,0,0
122,392297,2018,6,12,27880,41900.0,0,0
122,392298,2018,10,8,14688,25432.0,0,0
122,390299,2018,9,8,12324,26906.0,0,0
122,390299,2018,9,4,8328,5332.0,0,0
122,390299,2018,4,6,8600,12538.0,0,0
122,390600,2018,9,2,2800,6900.0,0,0
122,390617,2018,2,0,0,0.0,0,0
122,390498,2018,3,0,0,0.0,0,0
122,390631,2018,9,0,0,0.0,0,0
122,390636,2018,11,0,0,0.0,0,0
122,390907,2018,12,0,0,0.0,0,0
123,392297,2018,6,12,27880,41920.0,0,0
123,392298,2018,12,9,16688,25432.0,0,0
123,392909,2018,9,8,15368,25522.0,0,0
123,390900,2018,9,8,19884,25436.0,0,0
123,390901,2018,2,9,11892,13328.0,0,0
123,392899,2018,3,2,2600,3700.0,0,0
123,390603,2018,2,1,2384,2800.0,0,0
123,390638,2018,3,0,0,0.0,0,0
123,390903,2018,9,0,0,0.0,0,0
123,390669,2018,11,0,0,0.0,0,0
123,390907,2018,12,0,0,0.0,0,0
124,392297,2018,6,20,22860,44290.0,0,0
124,392298,2018,12,9,18328,22432.0,0,0
124,392299,2018,9,8,12392,25508.0,0,0
124,390900,2018,9,8,13624,25536.0,0,0
124,392299,2018,4,4,8292,14512.0,0,0
124,390802,2018,3,2,2585,6936.0,0,0
124,390617,2018,2,1,2384,8900.0,0,0
124,392803,2018,3,0,0,0.0,0,0
124,392828,2018,9,0,0,0.0,0,0
124,390906,2018,11,0,0,0.0,0,0
124,392907,2018,12,0,0,0.0,0,0
125,392297,2018,6,12,18844,15336.0,0,0
125,392298,2018,10,8,18388,25152.0,0,0
125,390299,2018,9,6,12592,25728.0,0,0
125,390900,2018,9,4,3796,15534.0,0,0
125,390602,2018,3,4,8600,10000.0,0,0
125,392802,2018,3,2,2600,3812.0,0,0
125,390617,2018,2,1,0,0.0,0,0
125,392898,2018,3,0,0,0.0,0,0
125,390637,2018,4,0,0,0.0,0,0
125,390636,2018,9,0,0,0.0,0,0
125,392807,2018,12,0,0,0.0,0,0
126,392297,2018,6,20,27840,41260.0,0,0
126,392298,2018,10,8,16688,22532.0,0,0
126,392299,2018,11,8,12324,25906.0,0,0
126,392800,2018,9,4,5524,5536.0,0,0
126,390600,2018,4,4,8600,12400.0,0,0
126,390662,2018,3,2,2600,0.0,0,0
126,392903,2018,2,1,0,0.0,0,0
126,392828,2018,6,0,0,0.0,0,0
126,392803,2018,9,0,0,0.0,0,0
126,390666,2018,11,0,0,0.0,0,0
126,390297,2018,12,0,0,0.0,0,0
127,392297,2018,6,20,26880,40260.0,0,0
127,392898,2018,12,9,18688,24732.0,0,0
127,390299,2018,4,8,12324,25526.0,0,0
127,392299,2018,9,8,15524,24536.0,0,0
127,390909,2018,2,4,8600,10918.0,0,0
127,390602,2018,3,0,0,0.0,0,0
127,392897,2018,2,0,0,0.0,0,0
127,390602,2018,3,0,0,0.0,0,0
127,392299,2018,9,0,0,0.0,0,0
127,390206,2018,11,0,0,0.0,0,0
127,392907,2018,12,0,0,0.0,0,0
128,390297,2018,6,20,26840,40260.0,0,0
128,390298,2018,12,8,18328,22532.0,0,0
128,390609,2018,9,8,12392,25488.0,0,0
128,390290,2018,9,4,5524,25536.0,0,0
128,392801,2018,4,4,8600,12518.0,0,0
128,390896,2018,3,2,2600,3521.0,0,0
128,390619,2018,2,1,4321,5400.5,0,0
128,390308,2018,3,0,0,0.0,0,0
128,392899,2018,9,0,0,0.0,0,0
128,390905,2018,11,0,0,0.0,0,0
128,390607,2018,12,0,0,0.0,0,0
129,392915,2018,6,16,13864,25596.0,0,0
129,392806,2018,8,12,18388,25532.0,0,0
129,392297,2018,9,8,12500,22525.0,0,0
129,390619,2018,9,8,13724,25936.0,0,0
129,392662,2018,4,8,18600,14212.0,0,0
129,390602,2018,11,2,2300,6932.0,0,0
129,392903,2018,2,1,0,0.0,0,0
129,392828,2018,3,0,0,0.0,0,0
129,392828,2018,4,0,0,0.0,0,0
129,390906,2018,9,0,0,0.0,0,0
129,392907,2018,12,0,0,0.0,0,0
130,392297,2018,6,12,27824,41536.0,0,0
130,392918,2018,10,8,16688,22532.0,0,0
130,390299,2018,9,8,12324,22526.0,0,0
130,392299,2018,9,2,8824,5536.0,0,0
130,390299,2018,4,4,8604,14238.0,0,0
130,392802,2018,3,2,2992,6700.0,0,0
130,390617,2018,2,1,0,0.0,0,0
130,390298,2018,3,0,0,0.0,0,0
130,390637,2018,9,0,0,0.0,0,0
130,392906,2018,11,0,0,0.0,0,0
130,392907,2018,12,0,0,0.0,0,0
131,392297,2018,6,20,28840,42260.0,0,0
131,392298,2018,12,9,18388,25432.0,0,0
131,392299,2018,9,8,12124,24136.0,0,0
131,390900,2018,9,4,0,5530.0,0,0
131,390639,2018,1,4,8800,0.0,0,0
131,390902,2018,3,2,4600,0.0,0,0
131,390297,2018,5,1,0,0.5,0,0
131,392902,2018,3,0,0,0.0,0,0
131,392899,2018,9,0,0,0.0,0,0
131,390669,2018,11,0,0,0.0,0,0
131,390667,2018,12,0,0,0.0,0,0
132,390297,2018,6,20,26840,40260.0,0,0
132,390298,2018,10,8,16608,24712.0,0,0
132,390299,2018,9,8,12324,22426.0,0,0
132,390290,2018,9,4,7692,12536.0,0,0
132,390661,2018,4,4,8600,10000.0,0,0
132,390602,2018,3,2,2817,3376.0,0,0
132,390907,2018,2,1,2384,1.0,0,0
132,390907,2018,3,0,0,0.0,0,0
132,390605,2018,9,0,0,0.0,0,0
132,390902,2018,11,0,0,0.0,0,0
132,390907,2018,12,0,0,0.0,0,0
133,390297,2018,6,20,26840,40260.0,0,0
133,390298,2018,12,9,16688,25522.0,0,0
133,390299,2018,9,8,12324,25336.0,0,0
133,390669,2018,9,4,5524,5536.0,0,0
133,390661,2018,3,4,8600,14738.0,0,0
133,392290,2018,3,2,2600,8900.0,0,0
133,390299,2018,2,1,0,0.0,0,0
133,390604,2018,4,0,0,0.0,0,0
133,390668,2018,9,0,0,0.0,0,0
133,390906,2018,11,0,0,0.0,0,0
133,392007,2018,12,0,0,0.0,0,0
134,392297,2018,6,20,25840,40260.0,0,0
134,392818,2018,10,8,18328,22712.0,0,0
134,392299,2018,9,8,15892,23798.0,0,0
134,390299,2018,9,4,13684,20836.0,0,0
134,392905,2018,2,7,13842,10528.0,0,0
134,390500,2018,3,2,2324,6332.0,0,0
134,390903,2018,2,1,2388,0.0,0,0
134,390902,2018,4,0,0,0.0,0,0
134,392828,2018,9,0,0,0.0,0,0
134,390907,2018,11,0,0,0.0,0,0
134,392907,2018,12,0,0,0.0,0,0
135,392297,2018,6,20,26840,40260.0,0,0
135,392298,2018,12,12,18115,25902.5,0,0
135,390209,2018,9,8,15312,25908.0,0,0
135,390290,2018,9,8,15524,25536.0,0,0
135,390299,2018,4,4,8800,10000.0,0,0
135,390670,2018,3,2,2812,0.0,0,0
135,390297,2018,2,1,0,0.0,0,0
135,390903,2018,4,0,0,0.0,0,0
135,390633,2018,9,0,0,0.0,0,0
135,390906,2018,11,0,0,0.0,0,0
135,390907,2018,12,0,0,0.0,0,0
136,392297,2018,6,12,27834,41296.0,0,0
136,390908,2018,10,8,16612,25938.0,0,0
136,390299,2018,9,8,12892,20328.0,0,0
136,390600,2018,9,4,8324,5936.0,0,0
136,392901,2018,4,4,8600,12738.0,0,0
136,390902,2018,3,2,2800,6800.0,0,0
136,390903,2018,2,1,1800,2700.0,0,0
136,390303,2018,3,0,0,0.0,0,0
136,390603,2018,5,0,0,0.0,0,0
136,392647,2018,11,0,0,0.0,0,0
136,390607,2018,12,0,0,0.0,0,0
137,392297,2018,6,12,27880,41920.0,0,0
137,392898,2018,10,8,18288,25432.0,0,0
137,390619,2018,9,8,12508,25902.0,0,0
137,390610,2018,9,4,9800,5930.0,0,0
137,390601,2018,4,4,8100,10000.0,0,0
137,390602,2018,3,2,2292,3700.0,0,0
137,392903,2018,2,1,0,0.0,0,0
137,390602,2018,3,0,0,0.0,0,0
137,390599,2018,9,0,0,0.0,0,0
137,392906,2018,11,0,0,0.0,0,0
137,390607,2018,12,0,0,0.0,0,0
138,392297,2018,6,12,22864,41296.0,0,0
138,392908,2018,12,8,18218,25432.0,0,0
138,392299,2018,7,8,12304,25326.0,0,0
138,390299,2018,9,4,5524,20536.0,0,0
138,390901,2018,4,8,11800,12532.0,0,0
138,390902,2018,3,4,2600,6900.0,0,0
138,390903,2018,2,1,0,0.0,0,0
138,390607,2018,3,0,0,0.0,357,0
138,392899,2018,9,0,0,0.0,0,0
138,392658,2018,11,0,0,0.0,0,0
138,390607,2018,12,0,0,0.0,0,0
139,392297,2018,6,12,27884,41726.0,0,0
139,390618,2018,10,8,16688,25422.0,0,0
139,390299,2018,9,6,16324,28906.0,0,0
139,390290,2018,9,2,2527,5516.0,0,0
139,390639,2018,0,4,8800,12938.0,0,0
139,390669,2018,3,2,9832,3838.0,0,0
139,390297,2018,2,1,0,0.5,0,0
139,390904,2018,3,0,0,0.0,0,0
139,390297,2018,9,0,0,0.0,0,0
139,390299,2018,11,0,0,700.0,0,0
139,392807,2018,12,0,0,0.0,0,0
140,392297,2018,6,12,10840,20260.0,0,0
140,392098,2018,10,8,12688,25432.0,0,0
140,390669,2018,11,8,12284,20828.0,0,0
140,390298,2018,9,4,5524,25736.0,0,66
140,390907,2018,2,4,8608,12912.0,0,0
140,390617,2018,3,2,2318,2300.0,0,0
140,390603,2018,2,1,1,0.0,0,0
140,390608,2018,4,0,0,0.0,0,0
140,392907,2018,9,0,0,0.0,0,0
140,390902,2018,9,0,0,0.0,0,0
140,390636,2018,12,0,0,0.0,0,0
141,392297,2018,6,20,27880,41260.0,0,0
141,392298,2018,12,8,16608,25432.0,0,0
141,390299,2018,9,8,12324,25726.0,0,0
141,390900,2018,9,4,8524,5516.0,0,0
141,390901,2018,2,2,13600,10000.0,0,0
141,390602,2018,3,2,2521,14578.0,0,0
141,392829,2018,2,1,0,0.0,0,0
141,390668,2018,3,0,0,0.0,0,0
141,390697,2018,4,0,0,0.0,0,0
141,390906,2018,6,0,0,0.0,0,0
141,390907,2018,12,0,0,0.0,0,0
142,392297,2018,6,20,27880,41260.0,0,0
142,392298,2018,12,9,18328,22542.0,0,0
142,390909,2018,9,8,18344,24526.0,0,0
142,392299,2018,9,8,17688,28332.0,0,0
142,390899,2018,4,4,8800,14438.0,0,0
142,390302,2018,3,2,8388,0.0,0,0
142,390617,2018,2,1,0,0.0,0,0
142,392867,2018,3,0,0,0.0,0,0
142,392803,2018,9,0,0,0.0,0,0
142,390906,2018,11,0,0,0.0,0,0
142,392299,2018,12,0,0,0.0,0,0
143,392297,2018,6,20,27840,41260.0,0,0
143,390618,2018,10,8,16128,25522.0,0,0
143,390609,2018,9,6,12508,20802.0,0,0
143,390299,2018,9,8,19892,25538.0,0,0
143,390601,2018,4,4,8100,14912.0,0,0
143,390602,2018,3,2,2800,6500.0,0,0
143,390619,2018,2,1,2381,5800.0,0,0
143,390667,2018,4,0,0,0.0,0,0
143,392828,2018,9,0,0,0.0,0,0
143,390938,2018,11,0,0,0.0,0,0
143,392907,2018,12,0,0,0.0,0,0
144,392297,2018,6,20,27840,41260.0,0,0
144,390298,2018,12,9,16128,25932.0,0,0
144,390299,2018,4,8,12892,25908.0,0,0
144,390290,2018,9,4,8324,5336.0,0,0
144,390633,2018,4,4,8600,12528.0,0,0
144,392802,2018,3,2,2636,6900.0,0,0
144,390903,2018,2,1,2300,0.0,0,0
144,390608,2018,3,0,0,0.0,0,0
144,390633,2018,9,0,0,0.0,0,0
144,390606,2018,11,0,0,0.0,0,0
144,392307,2018,12,0,0,0.0,0,0
145,392297,2018,6,12,10844,15766.0,0,0
145,392298,2018,10,8,14688,25862.0,0,0
145,390909,2018,9,8,11804,20826.0,0,0
145,390690,2018,9,4,3524,5936.0,0,0
145,390299,2018,4,3,8600,12538.0,0,0
145,390902,2018,3,2,2800,6500.0,0,0
145,390903,2018,2,1,0,0.0,0,0
145,390638,2018,3,0,0,0.0,0,0
145,392299,2018,9,0,0,0.0,0,0
145,390906,2018,11,0,0,0.0,0,0
145,390907,2018,12,0,0,0.0,0,0
146,392297,2018,6,12,27880,41930.0,0,0
146,392808,2018,12,12,18288,25432.0,0,0
146,390299,2018,9,8,12884,24736.0,0,0
146,390632,2018,9,8,19824,20036.0,0,0
146,390601,2018,2,4,8600,14714.0,0,0
146,392899,2018,3,2,2532,6900.0,0,0
146,390906,2018,2,1,2600,3700.0,0,0
146,390668,2018,3,0,0,0.0,0,0
146,390637,2018,9,0,0,0.0,0,0
146,390638,2018,11,0,0,0.0,0,0
146,390607,2018,12,0,0,0.0,0,0
147,392297,2018,6,20,27840,41260.0,0,0
147,390618,2018,12,12,16128,24732.0,0,0
147,390619,2018,9,8,12992,25908.0,0,0
147,390299,2018,9,2,5524,5936.0,0,0
147,390901,2018,4,4,8600,10000.0,0,0
147,392902,2018,3,2,2600,3400.0,0,0
147,390662,2018,2,1,2616,6800.0,0,0
147,392808,2018,2,0,0,0.0,0,0
147,390633,2018,9,0,0,0.0,0,0
147,390638,2018,11,0,0,0.0,0,0
147,390907,2018,12,0,0,0.0,0,0
148,392297,2018,6,12,25680,41900.0,0,0
148,390298,2018,10,8,18328,25402.0,0,0
148,390299,2018,9,6,17804,24716.0,0,0
148,390200,2018,9,2,3868,5506.0,0,0
148,390601,2018,4,4,8600,10000.0,0,0
148,390602,2018,3,2,2324,6936.0,0,0
148,390297,2018,2,1,0,0.0,0,0
148,392802,2018,3,0,0,0.0,0,0
148,392905,2018,9,0,0,0.0,0,0
148,390906,2018,11,0,0,0.0,0,0
148,390907,2018,12,0,0,0.0,0,0
149,392297,2018,6,12,12680,25900.0,0,0
149,392298,2018,10,8,12688,25412.0,0,0
149,390299,2018,9,8,11884,25906.0,0,0
149,390298,2018,9,2,8329,5836.0,0,0
149,390639,2018,2,0,800,10000.0,0,0
149,390632,2018,3,0,0,0.0,0,0
149,390903,2018,5,0,0,0.0,0,0
149,392098,2018,5,0,0,0.0,0,0
149,390967,2018,9,0,0,0.0,0,0
149,392907,2018,11,0,0,0.0,0,0
149,390907,2018,12,0,0,0.0,0,0
150,390297,2018,6,20,26840,40260.0,0,0
150,390298,2018,10,8,18378,22552.0,0,0
150,390299,2018,9,6,12992,25908.0,0,0
150,390800,2018,9,2,5521,12536.0,0,0
150,390902,2018,4,4,8600,12468.0,0,0
150,390502,2018,9,2,2200,6900.0,0,0
150,390903,2018,2,1,2381,3100.0,0,0
150,390668,2018,3,0,0,0.0,0,0
150,392899,2018,9,0,0,0.0,0,0
150,392909,2018,11,0,0,0.0,0,0
150,392907,2018,12,0,0,0.0,0,0
151,392297,2018,6,12,27884,41766.0,0,0
151,390618,2018,10,8,18888,25432.0,0,0
151,390299,2018,4,6,8392,12408.0,0,0
151,390290,2018,9,2,5526,12534.0,0,0
151,390601,2018,4,4,8600,10004.0,0,0
151,390299,2018,3,2,2800,3732.0,0,0
151,390603,2018,2,1,0,0.0,0,0
151,390669,2018,8,0,0,0.0,0,0
151,390638,2018,9,0,0,0.0,0,0
151,390306,2018,11,0,0,0.0,0,0
151,392307,2018,12,0,0,0.0,0,0
152,392297,2018,6,12,22864,48996.0,0,0
152,392298,2018,10,8,18388,25432.0,0,0
152,392299,2018,9,8,11882,22518.0,0,0
152,390900,2018,9,4,8824,6536.0,0,0
152,390639,2018,4,4,8600,10000.0,0,0
152,390609,2018,3,2,2817,3962.0,0,0
152,390303,2018,2,1,0,0.0,0,0
152,392902,2018,3,0,0,0.0,0,0
152,392903,2018,9,0,0,0.0,0,0
152,390636,2018,11,0,0,0.0,0,0
152,392299,2018,12,0,0,0.0,0,0
153,392007,2018,6,12,28144,42216.0,0,0
153,392298,2018,10,8,18378,25432.0,0,0
153,392299,2018,9,6,12992,25908.0,0,0
153,390900,2018,9,4,5384,15936.0,0,0
153,390619,2018,4,4,8600,13338.0,0,0
153,392802,2018,3,2,2536,6900.0,0,0
153,390903,2018,2,1,1,0.0,0,0
153,392803,2018,2,0,0,0.0,0,0
153,392807,2018,9,0,0,0.0,0,0
153,390906,2018,11,0,0,0.0,0,0
153,390907,2018,12,0,0,0.0,0,0
154,392297,2018,6,12,12864,15996.0,0,0
154,392098,2018,10,8,18688,25432.0,0,0
154,390499,2018,9,8,12384,20006.0,0,0
154,390299,2018,9,4,5520,5536.0,0,0
154,392299,2018,4,6,8600,10000.0,0,0
154,390902,2018,3,2,2800,6900.0,0,0
154,390297,2018,2,0,0,0.0,0,0
154,390602,2018,3,0,0,0.0,0,0
154,390633,2018,9,0,0,0.0,0,0
154,390906,2018,11,0,0,0.0,0,0
154,390907,2018,12,0,0,0.0,0,0
155,392297,2018,6,20,26840,40260.0,0,0
155,392298,2018,12,9,16688,25832.0,0,0
155,390299,2018,9,8,18872,20728.0,0,0
155,390047,2018,9,9,13624,25536.0,0,0
155,390905,2018,4,4,8600,10000.0,0,0
155,390602,2018,3,2,2321,6900.0,0,0
155,390303,2018,2,0,0,0.0,0,0
155,390298,2018,4,0,0,0.0,0,0
155,390603,2018,9,0,0,0.0,0,0
155,390906,2018,11,0,0,0.0,0,0
155,390907,2018,12,0,0,0.0,0,0
156,390897,2018,6,20,29840,42260.0,0,0
156,390618,2018,12,12,16128,25412.0,0,0
156,390299,2018,9,8,12524,20826.0,0,0
156,390290,2018,9,8,19624,25516.0,0,0
156,390901,2018,4,4,8348,12738.0,0,0
156,390662,2018,9,2,2600,0.0,0,0
156,390667,2018,2,1,2381,3800.0,0,0
156,390498,2018,3,0,0,0.0,0,0
156,390905,2018,9,0,0,0.0,0,0
156,390906,2018,11,0,0,0.0,0,0
156,390607,2018,12,0,0,0.0,0,0
157,392296,2018,7,28,12868,25392.0,0,0
157,392297,2018,8,12,16888,24472.0,0,0
157,390619,2018,11,6,12912,25906.0,0,0
157,390903,2018,9,8,13600,20000.0,0,0
157,390601,2018,4,4,8600,12512.0,0,0
157,390662,2018,3,2,2800,3800.0,0,0
157,390297,2018,2,1,0,0.0,0,0
157,390638,2018,3,0,0,0.0,0,0
157,390899,2018,4,0,0,0.0,0,0
157,390298,2018,9,0,0,0.0,0,0
157,392307,2018,12,0,0,0.0,0,0
158,392297,2018,6,20,22840,40260.0,0,0
158,390298,2018,10,8,16688,22732.0,0,0
158,392299,2018,9,8,19804,25906.0,0,0
158,390200,2018,6,4,1824,5576.0,0,0
158,392901,2018,4,4,8100,12512.0,0,0
158,390299,2018,3,2,2984,6500.0,0,0
158,390903,2018,2,1,0,0.0,0,0
158,390903,2018,3,0,0,0.0,0,0
158,390637,2018,4,0,0,0.0,0,0
158,390907,2018,11,0,0,0.0,0,0
158,392807,2018,12,0,0,0.0,0,0
159,390297,2018,6,20,28840,42260.0,0,0
159,390298,2018,12,9,16688,25152.0,0,0
159,390299,2018,9,8,12324,25906.0,366,0
159,390800,2018,9,4,8384,5936.0,0,0
159,392803,2018,3,4,8600,12718.0,0,0
159,390296,2018,3,2,2815,5700.0,0,0
159,392903,2018,2,1,0,0.0,0,0
159,390667,2018,3,0,0,0.0,0,0
159,390299,2018,4,0,0,0.0,0,0
159,392806,2018,9,0,0,0.0,0,0
159,392727,2018,12,0,0,0.0,0,0
160,392297,2018,6,20,27840,41260.0,0,0
160,392298,2018,12,8,18328,25962.0,0,0
160,390919,2018,9,8,13608,20722.0,0,0
160,390290,2018,9,8,19524,29546.0,0,0
160,390909,2018,4,4,8600,12938.0,0,0
160,390802,2018,3,2,2320,6900.0,0,0
160,390603,2018,2,0,0,0.0,0,0
160,390604,2018,3,0,0,0.0,0,0
160,390903,2018,9,0,0,0.0,0,0
160,390606,2018,11,0,0,0.0,0,0
160,390907,2018,12,0,0,0.0,0,0
161,392297,2018,6,12,27884,41266.0,0,0
161,392898,2018,10,8,18688,25532.0,0,0
161,392299,2018,9,8,12324,25906.0,0,0
161,392800,2018,9,4,5324,26536.0,0,0
161,390499,2018,4,4,8600,10008.0,0,0
161,390302,2018,3,2,2311,6900.0,0,0
161,390903,2018,2,1,0,0.0,0,0
161,390666,2018,3,0,0,0.0,0,0
161,390619,2018,9,0,0,0.0,0,0
161,390908,2018,11,0,0,0.0,0,0
161,390907,2018,12,0,0,0.0,0,0
162,390297,2018,6,20,29870,45360.0,0,0
162,390658,2018,10,8,16128,24732.0,0,0
162,390609,2018,9,8,12992,20528.0,0,0
162,390290,2018,9,8,16324,29936.0,0,0
162,390619,2018,4,4,9600,12418.0,0,0
162,390642,2018,3,2,2600,6732.0,0,0
162,390903,2018,2,0,0,0.0,0,0
162,390667,2018,3,0,0,0.0,0,0
162,390635,2018,9,0,0,0.0,0,0
162,390906,2018,11,0,0,0.0,0,0
162,390907,2018,12,0,0,0.0,0,0
163,392297,2018,6,12,27880,41900.0,0,0
163,392298,2018,10,8,16688,25432.0,0,0
163,390299,2018,9,8,12324,24722.0,0,0
163,390298,2018,9,4,8324,5536.0,0,0
163,390619,2018,4,4,8892,12538.0,0,0
163,390660,2018,3,2,2600,0.0,0,0
163,390503,2018,2,1,0,0.0,0,0
163,392302,2018,3,0,0,0.0,0,0
163,392905,2018,9,0,0,0.0,0,0
163,390906,2018,11,0,0,0.0,0,0
163,392697,2018,12,0,0,0.0,0,0
164,392297,2018,6,12,12680,25560.0,0,0
164,392918,2018,6,16,16688,25432.0,0,0
164,392209,2018,11,8,15524,25906.0,0,0
164,390298,2018,9,8,19824,24536.0,0,0
164,390899,2018,4,4,8600,10400.0,0,0
164,390662,2018,8,2,2600,6900.0,0,0
164,390903,2018,2,1,0,0.0,0,0
164,390608,2018,3,0,0,0.0,0,0
164,390299,2018,5,0,0,0.0,0,0
164,392299,2018,11,0,0,0.0,0,0
164,390297,2018,12,0,0,0.0,0,0
165,392017,2018,6,20,27800,41200.0,0,0
165,392298,2018,12,8,16628,28962.0,0,0
165,392299,2018,8,8,12952,24218.0,0,0
165,390899,2018,9,4,8870,5530.0,0,0
165,392299,2018,4,0,800,20000.0,0,0
165,390647,2018,3,0,0,0.0,0,0
165,390293,2018,2,0,0,0.0,0,0
165,392307,2018,6,0,0,0.0,0,0
165,392299,2018,4,0,0,0.0,0,0
165,392069,2018,9,0,0,0.0,0,0
165,392299,2018,12,0,0,0.0,0,0
166,392295,2018,7,28,12864,15396.0,0,0
166,392296,2018,10,6,18356,20434.0,0,0
166,392297,2018,9,8,11884,27826.0,0,0
166,390638,2018,9,4,7324,25936.0,0,0
166,392299,2018,0,4,8800,10004.0,0,0
166,390617,2018,3,2,2600,4900.0,0,0
166,390203,2018,2,1,0,0.0,0,0
166,392902,2018,3,0,0,0.0,0,0
166,390803,2018,9,0,0,0.0,0,0
166,390906,2018,11,0,0,0.0,0,0
166,392307,2018,12,0,0,0.0,0,0
167,392297,2018,6,12,22864,42296.0,0,0
167,390658,2018,12,9,18328,28932.0,0,0
167,392299,2018,9,8,19804,25326.0,0,0
167,390902,2018,9,2,8384,5536.0,0,0
167,390909,2018,2,4,8600,11438.0,0,0
167,390619,2018,3,2,2600,6800.0,0,0
167,392903,2018,2,1,0,0.0,0,0
167,390903,2018,3,0,0,0.0,0,0
167,392905,2018,9,0,0,0.0,0,0
167,390906,2018,11,0,0,0.0,0,0
167,390907,2018,12,0,0,0.0,0,0
168,392297,2018,6,20,26880,40220.0,0,0
168,392298,2018,10,8,15688,25432.0,0,0
168,390299,2018,4,8,12804,24726.0,0,0
168,390290,2018,9,4,8324,5936.0,0,0
168,392801,2018,2,0,800,10000.0,0,0
168,390602,2018,3,0,0,0.0,0,0
168,390903,2018,5,0,0,0.0,0,0
168,390619,2018,5,0,0,0.0,0,0
168,390628,2018,9,0,0,0.0,0,0
168,390906,2018,11,0,0,0.0,0,0
168,390907,2018,12,0,0,0.0,0,0
169,392017,2018,6,12,27864,41796.0,0,0
169,392908,2018,10,8,18388,28932.0,0,0
169,390299,2018,9,6,12364,20822.0,0,0
169,392013,2018,9,4,8324,5536.0,0,0
169,392809,2018,4,6,8808,10000.0,0,0
169,390600,2018,3,2,2323,6900.0,0,0
169,390973,2018,2,0,0,0.0,0,0
169,390668,2018,3,0,0,0.0,0,0
169,392903,2018,9,0,0,0.0,0,0
169,392299,2018,11,0,0,0.0,0,0
169,390907,2018,12,0,0,0.0,0,0
170,392297,2018,6,20,28340,42210.0,0,0
170,392298,2018,10,8,16618,22532.0,0,0
170,390699,2018,9,8,17608,20002.0,0,0
170,390290,2018,9,8,19924,29736.0,0,0
170,390631,2018,3,6,8348,10008.0,0,0
170,390802,2018,3,2,2600,6900.0,0,0
170,390997,2018,2,1,0,0.0,0,0
170,392898,2018,3,0,0,0.0,0,0
170,390903,2018,9,0,0,0.0,0,0
170,392806,2018,11,0,0,0.0,0,0
170,390007,2018,12,0,0,0.0,0,0
171,392297,2018,6,20,26840,40260.0,0,0
171,390618,2018,12,12,18378,22532.0,0,0
171,392209,2018,9,8,12124,25336.0,0,0
171,392299,2018,9,4,3384,25516.0,0,0
171,390901,2018,2,4,8600,12938.0,0,0
171,390602,2018,3,2,2500,6522.0,0,0
171,390617,2018,5,1,5381,0.0,0,0
171,390668,2018,3,0,0,0.0,0,0
171,390668,2018,9,0,0,0.0,0,0
171,390906,2018,11,0,0,0.0,0,0
171,390297,2018,12,0,0,0.0,0,0
172,392017,2018,6,12,27864,41296.0,0,0
172,390298,2018,10,8,18378,25532.0,0,0
172,390299,2018,4,6,18324,20826.0,0,0
172,390600,2018,9,4,3798,25532.0,0,0
172,390299,2018,4,6,12600,12738.0,0,0
172,390617,2018,3,2,2312,3500.0,0,0
172,390903,2018,2,1,0,0.0,0,0
172,390638,2018,3,0,0,0.0,0,0
172,392803,2018,9,0,0,0.0,0,0
172,392306,2018,11,0,0,0.0,0,0
172,392907,2018,12,0,0,0.0,0,0
173,392287,2018,6,12,27876,41904.0,0,0
173,392818,2018,10,8,13618,25412.0,0,0
173,390299,2018,9,6,12324,25716.0,0,0
173,390600,2018,9,4,8324,5536.0,0,0
173,390903,2018,4,4,8600,12522.0,0,0
173,390662,2018,3,2,0,0.0,0,0
173,390903,2018,2,1,0,0.0,0,0
173,390667,2018,3,0,0,0.0,0,0
173,390668,2018,9,0,0,0.0,0,0
173,390649,2018,11,0,0,0.0,0,0
173,392297,2018,12,0,0,0.0,0,0
174,390297,2018,6,20,28840,42260.0,0,0
174,390618,2018,12,12,16628,25152.0,0,0
174,390299,2018,8,8,12808,20822.0,0,0
174,390290,2018,9,8,19924,29236.0,0,0
174,390601,2018,4,9,19600,20713.0,0,0
174,390662,2018,8,4,2212,6900.0,0,0
174,392803,2018,2,1,4600,5800.0,0,0
174,390668,2018,3,0,0,0.0,0,0
174,390668,2018,9,0,0,0.0,0,0
174,390906,2018,11,0,0,0.0,0,0
174,390637,2018,12,0,0,0.0,0,0
175,392295,2018,6,12,16864,25596.0,0,0
175,392296,2018,8,8,18888,25432.0,0,0
175,390297,2018,9,8,16224,25926.0,0,0
175,390900,2018,9,4,8321,15536.0,0,0
175,392299,2018,2,4,8400,10000.0,0,0
175,390602,2018,3,2,2600,6900.0,0,0
175,390617,2018,2,1,0,0.0,0,0
175,390638,2018,4,0,0,0.0,0,0
175,392297,2018,9,0,0,0.0,0,0
175,392308,2018,11,0,0,0.0,0,0
175,392907,2018,12,0,0,0.0,0,0
176,392297,2018,6,20,25680,40260.0,0,0
176,390298,2018,10,8,14688,25432.0,0,0
176,392299,2018,4,8,14124,24826.0,0,0
176,392800,2018,9,8,15524,25536.0,0,0
176,390902,2018,6,4,8600,10000.0,0,0
176,390602,2018,8,2,2600,5900.0,0,0
176,390803,2018,2,1,1884,5900.0,0,0
176,390663,2018,3,0,0,0.0,0,0
176,390633,2018,9,0,0,0.0,0,0
176,392306,2018,11,0,0,0.0,0,0
176,390907,2018,12,0,0,0.0,0,0
177,390297,2018,6,12,29876,43404.0,0,0
177,392298,2018,10,8,16638,25432.0,0,0
177,390299,2018,9,8,18392,22908.0,0,0
177,390298,2018,9,4,8824,20006.0,0,0
177,390901,2018,4,4,8892,12518.0,0,0
177,390902,2018,3,2,2384,6900.0,0,0
177,390903,2018,2,0,0,0.0,0,0
177,390668,2018,3,0,0,0.0,0,0
177,392299,2018,4,0,0,0.0,0,0
177,390906,2018,9,0,0,0.0,0,0
177,390637,2018,12,0,0,0.0,0,0
178,392297,2018,6,20,26840,40260.0,0,0
178,392298,2018,12,12,14128,22532.0,0,0
178,390299,2018,9,8,12324,26906.0,0,0
178,392290,2018,9,8,19324,25536.0,0,0
178,390600,2018,4,4,8600,12538.0,0,0
178,390679,2018,3,2,2324,6948.0,0,0
178,390697,2018,2,1,0,0.0,0,0
178,390608,2018,3,0,0,0.0,0,0
178,392803,2018,9,0,0,0.0,0,0
178,392306,2018,11,0,0,0.0,0,0
178,392907,2018,12,0,0,0.0,0,0
179,390297,2018,6,12,17892,25588.0,0,0
179,390298,2018,8,12,18328,25432.0,0,0
179,390299,2018,9,8,12324,25736.0,0,0
179,390900,2018,9,2,5524,5536.0,0,0
179,390901,2018,2,4,8600,12528.0,0,0
179,390602,2018,3,4,2313,6900.0,0,0
179,390297,2018,2,1,2388,5400.0,0,0
179,390904,2018,3,0,0,0.0,0,0
179,392899,2018,9,0,0,0.0,0,0
179,392306,2018,11,0,0,0.0,0,0
179,390907,2018,12,0,0,0.0,0,0
180,390297,2018,6,20,26810,40960.0,0,0
180,392298,2018,10,8,18128,25412.0,0,0
180,390299,2018,9,8,12324,25336.0,0,0
180,390290,2018,9,8,15824,24536.0,0,0
180,390901,2018,4,4,8892,12918.0,0,0
180,390602,2018,8,2,4636,6900.0,0,0
180,390547,2018,2,1,2383,6801.0,0,0
180,390647,2018,3,0,0,0.0,0,0
180,390669,2018,9,0,0,0.0,0,0
180,390906,2018,11,0,0,0.0,0,0
180,392907,2018,12,0,0,0.0,0,0
181,392915,2018,6,16,12864,25396.0,0,0
181,392296,2018,7,12,18128,25432.0,0,0
181,392817,2018,9,8,16224,20326.0,0,0
181,390299,2018,9,4,9824,29336.0,0,0
181,390801,2018,2,4,8842,10000.0,0,0
181,390619,2018,3,2,2812,4700.0,0,0
181,390903,2018,2,1,2581,3100.0,0,0
181,390662,2018,3,0,0,0.0,0,0
181,392899,2018,0,0,0,0.0,0,0
181,392822,2018,9,0,0,0.0,0,0
181,390907,2018,12,0,0,0.0,0,0
182,392297,2018,6,20,28680,42260.0,0,0
182,392298,2018,10,8,18378,25432.0,0,0
182,392299,2018,9,6,11524,24736.0,0,0
182,390616,2018,9,4,7224,5536.0,0,0
182,390947,2018,0,4,8600,12710.0,0,0
182,390619,2018,3,2,2388,3900.0,0,0
182,390903,2018,2,1,0,0.0,0,0
182,390608,2018,6,0,0,0.0,0,0
182,390619,2018,9,0,0,0.0,0,0
182,390906,2018,11,0,0,0.0,0,0
182,390907,2018,12,0,0,0.0,0,0
183,392297,2018,6,20,26840,40260.0,0,0
183,392298,2018,12,9,18328,24792.0,0,0
183,390299,2018,9,8,16324,26336.0,0,0
183,390641,2018,9,4,5524,5516.0,0,0
183,392901,2018,2,0,600,10000.0,0,0
183,390902,2018,3,0,0,0.0,0,0
183,392903,2018,4,0,0,0.0,0,0
183,390647,2018,8,0,0,0.0,0,0
183,392899,2018,9,0,0,0.0,0,0
183,390906,2018,11,0,0,0.0,0,0
183,390607,2018,12,0,0,0.0,0,0
184,392297,2018,6,20,26840,40260.0,0,0
184,392818,2018,12,9,15928,25432.0,0,0
184,390299,2018,9,8,12992,22528.0,0,0
184,390290,2018,9,8,12792,25532.0,0,0
184,390631,2018,2,4,8600,10000.0,0,0
184,390897,2018,8,2,2800,6900.0,0,0
184,390303,2018,2,1,0,0.0,0,0
184,390668,2018,5,0,0,0.0,0,0
184,390638,2018,9,0,0,0.0,0,0
184,390906,2018,11,0,0,0.0,0,0
184,390299,2018,12,0,0,0.0,0,0
185,390297,2018,6,20,27890,40260.0,0,0
185,390298,2018,12,9,18328,22552.0,0,0
185,390909,2018,9,8,12364,25476.0,0,0
185,390499,2018,9,2,8524,5936.0,0,0
185,390901,2018,3,4,8600,10000.0,0,0
185,390202,2018,3,2,2321,14700.0,0,0
185,390603,2018,2,1,2321,2738.0,0,0
185,390667,2018,3,0,0,0.0,0,0
185,392803,2018,9,0,0,0.0,0,0
185,390658,2018,11,0,0,0.0,0,0
185,390907,2018,12,0,0,0.0,0,0
186,392207,2018,6,16,28144,42266.0,0,0
186,390608,2018,10,8,18688,24732.0,0,0
186,390609,2018,9,8,11804,23826.0,0,0
186,390890,2018,9,4,8224,5336.0,0,0
186,390299,2018,2,4,9600,12528.0,0,0
186,390902,2018,3,2,2312,6900.0,0,0
186,390297,2018,2,1,2383,5400.0,0,0
186,390904,2018,3,0,0,0.0,0,0
186,390635,2018,9,0,0,0.0,0,0
186,390906,2018,11,0,0,0.0,0,0
186,390607,2018,12,0,0,0.0,0,0
187,392297,2018,6,12,12884,25996.0,0,0
187,392298,2018,10,8,12688,25432.0,0,0
187,390299,2018,9,4,8600,10405.0,0,0
187,390298,2018,9,8,11824,25936.0,0,0
187,390299,2018,4,4,8600,10000.0,0,0
187,390892,2018,3,2,2800,6900.0,0,0
187,390617,2018,2,1,2388,6800.5,0,0
187,390668,2018,3,0,0,0.0,0,0
187,390635,2018,9,0,0,0.0,0,0
187,390906,2018,11,0,0,0.0,0,0
187,390907,2018,12,0,0,0.0,0,0
188,392297,2018,6,12,27864,41796.0,0,0
188,392018,2018,10,8,16688,24732.0,0,0
188,392909,2018,11,8,12804,23326.0,0,0
188,390632,2018,9,4,8324,5936.0,0,0
188,390619,2018,2,4,8640,20000.0,0,0
188,390617,2018,8,2,2800,6900.0,0,0
188,390633,2018,2,0,0,0.0,0,0
188,390617,2018,3,0,0,0.0,0,0
188,390299,2018,9,0,0,0.0,0,0
188,390902,2018,9,0,0,0.0,0,0
188,390607,2018,12,0,0,0.0,0,0
189,390297,2018,6,20,26840,40260.0,0,0
189,390298,2018,12,9,18378,22512.0,0,0
189,390909,2018,9,8,16124,25906.0,0,0
189,390600,2018,9,8,15324,25536.0,0,0
189,390601,2018,2,4,8600,12918.0,0,0
189,390802,2018,3,2,2632,3712.0,0,0
189,390617,2018,2,1,0,0.0,0,0
189,390607,2018,3,0,0,0.0,0,0
189,390633,2018,9,0,0,0.0,0,0
189,390906,2018,11,0,0,0.0,0,0
189,390607,2018,12,0,0,0.0,0,0
190,392297,2018,6,12,27864,41296.0,0,0
190,390298,2018,10,8,18379,25432.0,0,0
190,390299,2018,9,8,14124,22526.0,0,0
190,390639,2018,9,8,11797,5936.0,0,0
190,390661,2018,4,4,8892,12918.0,0,0
190,390662,2018,3,2,2800,6900.0,0,0
190,390947,2018,2,1,0,0.0,0,0
190,392902,2018,4,0,0,0.0,0,0
190,390633,2018,4,0,0,0.0,0,0
190,390906,2018,9,0,0,0.0,0,0
190,390607,2018,12,0,0,0.0,0,0
191,392295,2018,7,12,12876,25364.0,0,0
191,392296,2018,8,12,18388,25432.0,0,0
191,392297,2018,11,8,12992,24738.0,0,0
191,390298,2018,9,4,5524,5536.0,0,0
191,390689,2018,0,4,8600,10000.0,0,0
191,390602,2018,3,2,2321,6900.0,0,0
191,390667,2018,2,1,2100,3100.0,0,0
191,390619,2018,3,0,0,0.0,0,0
191,392899,2018,9,0,0,0.0,0,0
191,390906,2018,11,0,0,0.0,0,0
191,392299,2018,12,0,0,0.0,0,0
192,392297,2018,6,12,27812,41708.0,0,0
192,390298,2018,10,8,16618,25432.0,0,0
192,390299,2018,9,6,12924,22526.0,0,0
192,390600,2018,9,8,12794,25536.0,0,0
192,390900,2018,3,4,8892,10438.0,0,0
192,390299,2018,3,4,2381,6900.0,0,0
192,390633,2018,2,1,1881,5800.0,0,0
192,390908,2018,3,0,0,0.0,0,0
192,392903,2018,9,0,0,0.0,0,0
192,390906,2018,11,0,0,0.0,0,0
192,390907,2018,12,0,0,0.0,0,0
193,392297,2018,6,20,27140,41260.0,0,0
193,392298,2018,12,8,12688,24732.0,0,0
193,392299,2018,12,8,18324,25321.0,0,0
193,390900,2018,9,4,3600,20000.0,0,0
193,390639,2018,4,0,800,0.0,0,0
193,392899,2018,3,0,0,0.0,0,0
193,390686,2018,2,0,0,0.0,0,0
193,390903,2018,6,0,0,0.0,0,0
193,390657,2018,9,0,0,0.0,0,0
193,390906,2018,11,0,0,0.0,0,0
193,390607,2018,12,0,0,0.0,0,0
194,390297,2018,6,20,28870,42260.0,0,0
194,390918,2018,12,8,16688,22552.0,0,0
194,390299,2018,9,8,12992,20728.0,0,0
194,390299,2018,9,4,3793,5538.0,0,0
194,392301,2018,4,4,8892,12438.0,0,0
194,392902,2018,3,2,2812,6900.0,0,0
194,390647,2018,2,0,0,0.0,0,0
194,390667,2018,6,0,0,0.0,0,0
194,390968,2018,9,0,0,0.0,0,0
194,390666,2018,11,0,0,0.0,0,0
194,392807,2018,12,0,0,0.0,0,0
195,392297,2018,6,12,22816,40264.0,0,0
195,392298,2018,12,9,16288,25472.0,0,0
195,390299,2018,9,8,12292,20738.0,0,0
195,390298,2018,8,4,5524,5936.0,0,0
195,390501,2018,4,4,8600,10000.0,0,0
195,390602,2018,2,2,2324,6900.0,0,0
195,390903,2018,2,0,0,0.0,0,0
195,392902,2018,3,0,0,0.0,0,0
195,390297,2018,9,0,0,0.0,0,0
195,390906,2018,11,0,0,0.0,0,0
195,390607,2018,12,0,0,0.0,0,0
196,390207,2018,6,12,28876,42964.0,0,0
196,392298,2018,10,8,16688,25432.0,0,0
196,390899,2018,9,8,12992,25738.0,0,0
196,390900,2018,9,4,5324,5736.0,0,0
196,390605,2018,3,4,8800,10000.0,0,0
196,390669,2018,8,2,2537,6800.0,0,0
196,390907,2018,2,1,2888,3151.0,0,0
196,390947,2018,3,0,0,0.0,0,0
196,392298,2018,9,0,0,0.0,0,0
196,390969,2018,11,0,0,0.0,0,0
196,390907,2018,12,0,0,0.0,0,0
197,392297,2018,6,20,28140,42260.0,0,0
197,392908,2018,10,8,19888,27862.0,0,0
197,392299,2018,9,6,12392,29908.0,0,0
197,390909,2018,9,4,3696,5734.0,0,0
197,390901,2018,4,4,8600,12418.0,0,0
197,392896,2018,3,2,2100,6900.0,0,0
197,390903,2018,2,0,0,0.0,0,0
197,390904,2018,6,0,0,0.0,0,0
197,390637,2018,9,0,0,0.0,0,0
197,390669,2018,11,0,0,0.0,0,0
197,392305,2018,12,0,0,0.0,0,0
198,392297,2018,6,20,28190,42200.0,0,0
198,390618,2018,10,8,16614,24736.0,0,0
198,390299,2018,9,8,12108,25902.0,0,0
198,390290,2018,9,8,18324,25936.0,0,0
198,390601,2018,4,4,8600,10000.0,0,0
198,390600,2018,3,2,2700,6900.0,0,0
198,390603,2018,2,1,0,0.0,0,0
198,390603,2018,3,0,0,0.0,0,0
198,392299,2018,9,0,0,0.0,0,0
198,390606,2018,11,0,0,0.0,0,0
198,392907,2018,12,0,0,0.0,0,0
199,392817,2018,6,16,17864,25456.0,0,0
199,392298,2018,7,8,18348,25432.0,0,0
199,390299,2018,9,6,15324,20826.0,0,0
199,390630,2018,9,4,5324,5336.0,0,0
199,390601,2018,4,4,8800,14438.0,0,0
199,390602,2018,3,2,2600,6500.0,0,0
199,390897,2018,2,1,0,0.0,0,0
199,390904,2018,3,0,0,0.0,0,0
199,392297,2018,9,0,0,0.0,0,0
199,390908,2018,11,0,0,0.0,0,0
199,390607,2018,12,0,0,0.0,0,0
200,390297,2018,6,20,26840,40260.0,0,0
200,390298,2018,12,9,18128,24792.0,0,0
200,390299,2018,4,8,12192,24728.0,0,0
200,390900,2018,9,4,8324,20006.0,0,0
200,390901,2018,4,4,8300,10000.0,0,0
200,390619,2018,3,2,2800,6900.0,0,0
200,392877,2018,2,1,0,0.0,0,0
200,392307,2018,3,0,0,0.0,0,0
200,392821,2018,9,0,0,0.0,0,0
200,390936,2018,11,0,0,0.0,0,0
200,390907,2018,12,0,0,0.0,0,0
201,392915,2018,6,16,12864,25396.0,0,0
201,392816,2018,7,12,16808,23432.0,0,0
201,390297,2018,7,8,15804,25726.0,0,0
201,390498,2018,9,8,19800,25730.0,0,0
201,390605,2018,2,6,8600,10000.0,0,0
201,390549,2018,5,2,2800,4700.0,0,0
201,390291,2018,2,1,0,0.0,0,0
201,390902,2018,6,0,0,0.0,0,0
201,392903,2018,9,0,0,0.0,0,0
201,390906,2018,11,0,0,0.0,0,0
201,390907,2018,12,0,0,0.0,0,0
202,392297,2018,6,20,27880,41260.0,0,0
202,390298,2018,12,9,18618,25432.0,0,0
202,390619,2018,9,8,12564,21326.0,0,0
202,390800,2018,9,4,5524,5536.0,0,0
202,390293,2018,4,4,8600,10000.0,0,0
202,390647,2018,3,2,2776,14700.0,0,0
202,390299,2018,2,1,0,0.0,0,0
202,390667,2018,3,0,0,0.0,0,0
202,390637,2018,4,0,0,0.0,0,0
202,390906,2018,11,0,0,0.0,0,0
202,390607,2018,12,0,0,0.0,0,0
203,392297,2018,6,12,27880,41970.0,0,0
203,392298,2018,12,8,18378,22562.0,0,0
203,392299,2018,9,8,12892,22728.0,0,0
203,392200,2018,9,8,11524,20006.0,0,0
203,392301,2018,4,4,8600,10000.0,0,0
203,390299,2018,3,2,2400,6700.0,0,0
203,390293,2018,2,1,0,0.0,0,0
203,390008,2018,8,0,0,0.0,0,0
203,390903,2018,9,0,0,0.0,0,0
203,390905,2018,11,0,0,0.0,0,0
203,390607,2018,12,0,0,0.0,0,0
204,392297,2018,6,20,27840,41260.0,0,0
204,390298,2018,12,9,14688,25162.0,0,0
204,390299,2018,5,8,16192,25828.0,0,0
204,390900,2018,9,4,8324,5536.0,0,0
204,390619,2018,2,4,8892,12400.0,0,0
204,390902,2018,3,2,2631,6900.0,0,0
204,390497,2018,2,1,0,0.0,0,0
204,390668,2018,3,0,0,0.0,0,0
204,390637,2018,9,0,0,0.0,0,0
204,390932,2018,11,0,0,0.0,0,0
204,392307,2018,12,0,0,0.0,0,0
205,392297,2018,6,12,27880,41960.0,0,0
205,390618,2018,10,8,16688,25432.0,0,0
205,392809,2018,9,8,15824,20826.0,0,0
205,390619,2018,9,2,5524,20036.0,0,0
205,390601,2018,4,4,8608,10005.0,0,0
205,390602,2018,3,2,2600,3800.0,0,0
205,390903,2018,2,1,0,0.0,0,0
205,392818,2018,3,0,0,0.0,0,0
205,390637,2018,9,0,0,0.0,0,0
205,392306,2018,11,0,0,0.0,0,0
205,390907,2018,12,0,0,0.0,0,0
206,392297,2018,6,12,27884,41266.0,0,0
206,392018,2018,10,8,14688,25422.0,0,0
206,392299,2018,9,8,12324,25736.0,0,0
206,392298,2018,9,4,5524,5536.0,0,0
206,390661,2018,2,0,640,10000.0,0,0
206,390632,2018,3,0,0,0.0,0,0
206,390297,2018,2,0,0,0.0,0,0
206,390604,2018,6,0,0,0.0,0,0
206,392899,2018,9,0,0,0.0,0,0
206,390906,2018,11,0,0,0.0,0,0
206,392907,2018,12,0,0,0.0,0,0
207,392297,2018,6,20,29860,40290.0,0,0
207,392908,2018,10,8,16688,26932.0,0,0
207,392299,2018,9,8,12124,20825.0,0,0
207,390900,2018,3,4,8384,24536.0,0,0
207,392800,2018,4,4,8348,12528.0,0,0
207,390902,2018,9,2,2800,0.0,0,0
207,390903,2018,2,0,0,0.0,0,0
207,392898,2018,3,0,0,0.0,0,0
207,390635,2018,4,0,0,0.0,0,0
207,392306,2018,11,0,0,0.0,0,0
207,392907,2018,12,0,0,0.0,0,0
208,392035,2018,6,12,27864,41796.0,0,0
208,392296,2018,12,12,19888,25932.0,0,0
208,390907,2018,4,8,19804,25222.0,0,0
208,392299,2018,9,8,13792,29338.0,0,0
208,390600,2018,2,4,8600,14738.0,0,0
208,390665,2018,3,2,2800,6900.0,0,0
208,390903,2018,2,1,0,0.0,0,0
208,390638,2018,3,0,0,0.0,0,0
208,390905,2018,9,0,0,0.0,0,0
208,390606,2018,11,0,0,0.0,0,0
208,392807,2018,12,0,0,0.0,0,0
209,392297,2018,6,20,26840,40260.0,0,0
209,392298,2018,12,8,18388,22532.0,0,0
209,390299,2018,9,8,12592,24728.0,0,0
209,390200,2018,0,8,15600,25510.0,0,0
209,390609,2018,2,8,13600,12400.0,0,0
209,390662,2018,5,2,2600,6900.0,0,0
209,390897,2018,2,1,0,0.0,0,0
209,390667,2018,6,0,0,0.0,0,0
209,390299,2018,9,0,0,0.0,0,0
209,390498,2018,11,0,0,0.0,0,0
209,390607,2018,12,0,0,0.0,0,0
210,392816,2018,7,8,12656,25864.0,0,0
210,392297,2018,6,8,16588,25432.0,0,0
210,392298,2018,11,6,6804,6906.0,0,0
210,390299,2018,8,4,5568,5532.0,0,0
210,392800,2018,4,2,8600,0.0,0,0
210,392817,2018,3,2,2600,0.0,0,0
210,390297,2018,2,0,0,0.0,0,0
210,390617,2018,6,0,0,0.0,0,0
210,392299,2018,9,0,0,0.0,0,0
210,390906,2018,11,0,0,0.0,0,0
210,392807,2018,12,0,0,0.0,0,0
211,392297,2018,6,20,22840,40260.0,0,0
211,392298,2018,12,12,14688,22532.0,0,0
211,390909,2018,9,8,12124,25906.0,0,0
211,392013,2018,9,4,8324,25536.0,0,0
211,390639,2018,4,6,12600,20438.0,0,0
211,390616,2018,3,2,2800,6900.0,0,0
211,390617,2018,2,1,0,0.0,0,0
211,390638,2018,3,0,0,0.0,0,0
211,390607,2018,9,0,0,0.0,0,0
211,392306,2018,11,0,0,0.0,0,0
211,392977,2018,12,0,0,0.0,0,0
212,392297,2018,6,20,26860,40290.0,0,0
212,392298,2018,10,8,16618,28932.0,0,0
212,392299,2018,11,8,14224,24726.0,0,0
212,390600,2018,9,4,7324,5516.0,0,0
212,392901,2018,2,4,8600,6332.0,0,0
212,390642,2018,3,2,2323,6900.0,0,0
212,390603,2018,2,1,2321,5800.0,0,0
212,390303,2018,3,0,0,0.0,0,0
212,392824,2018,9,0,0,0.0,0,0
212,390906,2018,11,0,0,0.0,0,0
212,390907,2018,12,0,0,0.0,0,0
213,392207,2018,6,12,27884,41756.0,0,0
213,390298,2018,10,8,16688,20412.0,0,0
213,390499,2018,10,8,12224,20828.0,0,0
213,390900,2018,9,4,8820,5532.0,0,0
213,390669,2018,4,4,8600,10438.0,0,0
213,392802,2018,9,2,2600,3100.0,0,0
213,390297,2018,2,0,0,0.0,0,0
213,390608,2018,3,0,0,0.0,0,0
213,390903,2018,9,0,0,0.0,0,0
213,390906,2018,9,0,0,0.0,0,0
213,392907,2018,12,0,0,0.0,0,0
214,392297,2018,6,12,11880,25560.0,0,0
214,390018,2018,9,8,16608,25492.0,0,0
214,392299,2018,11,8,12804,25906.0,0,0
214,390619,2018,9,4,5520,25930.0,0,0
214,392299,2018,4,4,8600,12912.0,0,0
214,390662,2018,3,2,2800,6900.0,0,0
214,390617,2018,2,1,0,0.0,0,0
214,390298,2018,3,0,0,0.0,0,0
214,390903,2018,9,0,0,0.0,0,0
214,392906,2018,11,0,0,0.0,0,0
214,390607,2018,12,0,0,0.0,0,0
215,392297,2018,6,20,27840,41260.0,0,0
215,390298,2018,12,9,18613,22762.0,0,0
215,392299,2018,9,8,18324,25906.0,0,0
215,392800,2018,9,4,5524,5736.0,0,0
215,390615,2018,2,4,8600,12338.0,0,0
215,390662,2018,3,2,2321,3800.0,0,0
215,390603,2018,2,1,0,0.0,0,0
215,392903,2018,4,0,0,0.0,0,0
215,390637,2018,9,0,0,0.0,0,0
215,392906,2018,11,0,0,0.0,0,0
215,392907,2018,12,0,0,0.0,0,0
216,392295,2018,6,12,22864,43296.0,0,0
216,390296,2018,10,8,18324,25436.0,0,0
216,392297,2018,9,8,14324,25926.0,0,0
216,390619,2018,9,4,7294,5536.0,0,0
216,392299,2018,4,4,8600,10000.0,0,0
216,392802,2018,3,2,2800,6900.0,0,0
216,390099,2018,2,1,1800,2700.0,0,0
216,390908,2018,3,0,0,0.0,0,0
216,392905,2018,4,0,0,0.0,0,0
216,390906,2018,9,0,0,0.0,0,0
216,392907,2018,12,0,0,0.0,0,0
217,392297,2018,6,12,22824,40266.0,0,0
217,392298,2018,10,8,18688,22532.0,0,0
217,390299,2018,9,8,17324,20825.0,0,0
217,392298,2018,9,4,5524,28936.0,0,0
217,390600,2018,4,4,8600,10000.0,0,0
217,390666,2018,3,2,2600,6900.0,0,0
217,390697,2018,2,1,0,0.0,0,0
217,390298,2018,4,0,0,0.0,0,0
217,390638,2018,9,0,0,0.0,0,0
217,392306,2018,11,0,0,0.0,0,0
217,390907,2018,12,0,0,0.0,0,0
218,392297,2018,6,12,12844,25706.0,0,0
218,392298,2018,9,8,16688,25472.0,0,0
218,390209,2018,11,8,12324,24736.0,0,0
218,390600,2018,9,4,5524,5936.0,0,0
218,390602,2018,4,6,8600,10001.0,0,0
218,390292,2018,3,2,2600,6900.0,0,0
218,390297,2018,2,1,0,0.0,0,0
218,390602,2018,3,0,0,0.0,0,0
218,390299,2018,9,0,0,0.0,0,0
218,390900,2018,11,0,0,0.0,0,0
218,390297,2018,12,0,0,0.0,0,0
219,392816,2018,6,16,12864,25596.0,0,0
219,392917,2018,7,12,18388,25432.0,0,0
219,390299,2018,9,8,11804,20826.0,0,0
219,392298,2018,9,2,7524,11336.0,0,0
219,390639,2018,4,4,8600,10008.0,0,0
219,390290,2018,5,2,2600,4900.0,0,0
219,390637,2018,2,0,0,0.0,0,0
219,390902,2018,3,0,0,0.0,0,0
219,390637,2018,9,0,0,0.0,0,0
219,390006,2018,11,0,0,0.0,0,0
219,390907,2018,12,0,0,0.0,0,0
220,392816,2018,7,16,12624,25336.0,0,0
220,392297,2018,8,12,18124,25536.0,0,0
220,392299,2018,11,8,12834,22736.0,0,0
220,392890,2018,9,8,13600,25510.0,0,0
220,392899,2018,2,4,8600,10000.0,0,0
220,390616,2018,3,2,2535,6332.0,0,0
220,390897,2018,2,1,5381,5448.0,0,0
220,392898,2018,3,0,0,0.0,0,0
220,392903,2018,4,0,0,0.0,0,0
220,392906,2018,11,0,0,0.0,0,0
220,392297,2018,12,0,0,0.0,0,0
221,392207,2018,6,12,22880,40260.0,0,0
221,392298,2018,10,8,18128,25432.0,0,0
221,392299,2018,4,8,12604,20825.0,0,0
221,390299,2018,9,4,5524,5536.0,0,0
221,390601,2018,4,6,11892,12512.0,0,0
221,390647,2018,3,2,2388,6900.0,0,0
221,390903,2018,2,1,2373,2705.0,0,0
221,390308,2018,6,0,0,0.0,0,0
221,390603,2018,2,0,0,0.0,0,0
221,390908,2018,9,0,0,0.0,0,0
221,390907,2018,12,0,0,0.0,0,0
222,392297,2018,6,12,10844,20266.0,0,0
222,392018,2018,10,8,16688,25132.0,0,0
222,390299,2018,9,8,12204,22522.0,0,0
222,390660,2018,9,4,8323,5532.0,0,0
222,390919,2018,2,4,8800,13518.0,0,0
222,390902,2018,3,2,2812,3888.0,0,0
222,390603,2018,2,1,0,0.0,0,0
222,392303,2018,3,0,0,0.0,0,0
222,392808,2018,4,0,0,0.0,0,0
222,390906,2018,11,0,0,0.0,0,0
222,392907,2018,12,0,0,0.0,0,0
223,392915,2018,6,16,12864,25796.0,0,0
223,392296,2018,7,12,18388,25432.0,0,0
223,392297,2018,5,8,12800,24716.0,0,0
223,390600,2018,9,8,18384,25536.0,0,0
223,390299,2018,4,4,8600,10000.0,0,0
223,390602,2018,9,4,4600,4732.0,0,0
223,390617,2018,2,1,2800,0.0,0,0
223,390667,2018,3,0,0,0.0,0,0
223,390668,2018,9,0,0,0.0,0,0
223,390609,2018,11,0,0,0.0,0,0
223,392307,2018,12,0,0,0.0,0,0
224,392297,2018,6,12,27864,41796.0,0,0
224,392298,2018,10,8,18378,22512.0,0,0
224,392299,2018,9,2,12800,20822.0,0,0
224,390290,2018,9,4,3792,15738.0,0,0
224,390639,2018,2,6,15600,12738.0,0,0
224,390600,2018,3,2,2321,3336.0,0,0
224,390643,2018,2,0,0,0.0,0,0
224,390668,2018,6,0,0,0.0,0,0
224,392899,2018,4,0,0,0.0,0,0
224,390606,2018,11,0,0,0.0,0,0
224,390807,2018,12,0,0,0.0,0,0
225,390297,2018,6,20,27840,41260.0,0,0
225,392298,2018,12,8,16618,25432.0,0,0
225,390909,2018,9,8,12912,24728.0,0,0
225,390900,2018,9,2,16294,20006.0,0,0
225,390903,2018,4,4,8348,14918.0,0,0
225,390669,2018,3,0,0,0.0,0,0
225,390503,2018,2,0,0,0.0,0,0
225,390667,2018,5,0,0,0.0,0,0
225,390637,2018,9,0,0,0.0,0,0
225,390606,2018,11,0,0,0.0,0,0
225,390907,2018,12,0,0,0.0,0,0
226,392297,2018,6,20,27840,41260.0,0,0
226,392298,2018,12,12,16688,27942.0,0,0
226,392299,2018,9,8,12924,20826.0,0,0
226,390600,2018,9,4,5524,25936.0,0,0
226,392299,2018,2,0,892,13338.0,0,0
226,390602,2018,3,0,0,0.0,0,0
226,390903,2018,2,0,0,0.0,0,0
226,390664,2018,8,0,0,0.0,0,0
226,392905,2018,9,0,0,0.0,0,0
226,390906,2018,11,0,0,0.0,0,0
226,392307,2018,12,0,0,0.0,0,0
227,392017,2018,6,12,27884,41706.0,0,0
227,392298,2018,10,8,18688,25432.0,0,0
227,390299,2018,9,6,15392,20428.0,0,0
227,390640,2018,9,4,8384,5536.0,0,0
227,390299,2018,4,4,8600,10000.0,0,0
227,390666,2018,3,2,2800,6900.0,0,0
227,390297,2018,2,1,0,0.0,0,0
227,390047,2018,3,0,0,0.0,0,0
227,390667,2018,9,0,0,0.0,0,0
227,390047,2018,11,0,0,0.0,0,0
227,390907,2018,12,0,0,0.0,0,0
228,390297,2018,6,20,26840,40260.0,0,0
228,390298,2018,10,8,16608,22532.0,0,0
228,392299,2018,9,8,12324,20827.0,0,0
228,390633,2018,9,3,8324,26936.0,0,0
228,390601,2018,4,6,11792,12468.0,0,0
228,390662,2018,3,4,2892,3700.0,0,0
228,390667,2018,2,1,0,0.0,0,0
228,390608,2018,3,0,0,0.0,0,0
228,390907,2018,9,0,0,0.0,0,0
228,390902,2018,11,0,0,0.0,0,0
228,392907,2018,12,0,0,0.0,0,0
229,392297,2018,6,12,22840,42260.0,0,0
229,392298,2018,12,9,18388,25432.0,0,0
229,390659,2018,4,8,11892,25738.0,0,0
229,390800,2018,2,0,0,0.0,0,0
229,390001,2018,3,0,100,0.0,0,0
229,390666,2018,5,0,0,0.0,0,0
229,390667,2018,9,0,0,0.0,0,0
229,390709,2018,3,0,0,0.0,0,0
229,390619,2018,9,0,0,0.0,0,0
229,390699,2018,11,0,0,0.0,0,0
229,390907,2018,12,0,0,0.0,0,0
230,392297,2018,6,12,27884,41966.0,0,0
230,392298,2018,10,8,18688,28932.0,0,0
230,390299,2018,9,6,18592,24728.0,0,0
230,390819,2018,9,4,8824,5536.0,0,0
230,390605,2018,4,4,8600,12528.0,0,0
230,390602,2018,3,2,2321,6900.0,0,0
230,390633,2018,2,1,0,0.0,0,0
230,390638,2018,3,0,0,0.0,0,0
230,390637,2018,9,0,0,0.0,0,0
230,390906,2018,11,0,0,0.0,0,0
230,392907,2018,12,0,0,0.0,0,0
231,392297,2018,6,20,27840,41260.0,0,0
231,392298,2018,12,12,16128,25532.0,0,0
231,390299,2018,5,8,12392,25528.0,0,0
231,392299,2018,9,8,19524,25536.0,0,0
231,392301,2018,2,4,8600,10000.0,0,0
231,390902,2018,3,4,2800,6900.0,0,0
231,390619,2018,2,1,2384,3400.0,0,0
231,392802,2018,2,0,0,0.0,0,0
231,392823,2018,9,0,0,0.0,0,0
231,390966,2018,9,0,0,0.0,0,0
231,390907,2018,12,0,0,0.0,0,0
232,392297,2018,6,12,27840,41260.0,0,0
232,390298,2018,12,8,18378,22532.0,0,0
232,390299,2018,9,8,12912,22408.0,0,0
232,390900,2018,9,4,5524,5536.0,0,0
232,390901,2018,4,4,8800,12512.0,0,0
232,390642,2018,3,2,2800,6348.0,0,0
232,390903,2018,2,1,0,0.0,0,0
232,390903,2018,0,0,0,0.0,0,0
232,390665,2018,4,0,0,0.0,0,0
232,390906,2018,11,0,0,0.0,0,0
232,390907,2018,12,0,0,0.0,0,0
233,392297,2018,6,20,27840,41260.0,0,0
233,390298,2018,12,8,18378,25472.0,0,0
233,390299,2018,9,8,12364,29336.0,0,0
233,390299,2018,9,2,5924,20006.0,0,0
233,390633,2018,2,0,600,17938.0,0,0
233,392302,2018,3,0,0,0.0,0,0
233,390603,2018,2,0,0,0.0,0,0
233,390904,2018,7,0,0,0.0,0,0
233,392827,2018,9,0,0,0.0,0,0
233,392299,2018,11,0,0,0.0,0,0
233,390907,2018,12,0,0,0.0,0,0
234,392297,2018,6,20,22840,45260.0,0,0
234,390298,2018,12,9,16688,22532.0,0,0
234,390299,2018,9,8,12324,24726.0,0,0
234,390900,2018,9,4,0,5930.0,0,0
234,390899,2018,4,0,800,12538.0,0,0
234,390662,2018,3,0,0,0.0,0,0
234,390903,2018,2,0,0,0.0,0,0
234,390907,2018,3,0,0,0.0,0,0
234,390667,2018,9,0,0,0.0,0,0
234,390906,2018,11,0,0,0.0,0,0
234,392307,2018,12,0,0,0.0,0,0
235,132296,2018,7,28,12680,25320.0,0,0
235,392297,2018,6,8,16618,25432.0,0,0
235,392299,2018,7,8,14992,25908.0,0,0
235,392200,2018,9,4,3824,5936.0,0,0
235,390631,2018,4,6,11808,12518.0,0,0
235,390602,2018,3,2,2800,6900.0,0,0
235,390616,2018,2,1,0,0.0,0,0
235,390667,2018,6,0,0,0.0,0,0
235,392903,2018,9,0,0,0.0,0,0
235,390498,2018,11,0,0,0.0,0,0
235,390907,2018,12,0,0,0.0,0,0
236,392816,2018,7,8,12668,20392.0,0,0
236,392297,2018,6,8,16288,25532.0,0,0
236,392299,2018,11,6,5864,13336.0,0,0
236,392899,2018,9,4,3824,5936.0,0,0
236,390619,2018,2,0,600,0.0,0,0
236,392902,2018,3,0,0,0.0,0,0
236,390616,2018,2,0,0,0.0,0,0
236,392299,2018,3,0,0,0.0,0,0
236,390637,2018,9,0,0,0.0,0,0
236,390906,2018,11,0,0,0.0,0,0
236,392907,2018,12,0,0,0.0,0,0
237,392297,2018,6,12,22840,44260.0,0,0
237,392298,2018,10,8,16618,25432.0,0,0
237,390619,2018,9,6,12952,20868.0,0,0
237,390490,2018,9,4,3323,5532.0,0,0
237,390631,2018,4,4,8600,13338.0,0,0
237,390899,2018,2,2,2200,6322.0,0,0
237,390659,2018,2,1,0,0.0,0,0
237,390903,2018,3,0,0,0.0,0,0
237,390607,2018,9,0,0,0.0,0,0
237,392906,2018,11,0,0,0.0,0,0
237,392907,2018,12,0,0,0.0,0,0
238,392017,2018,6,20,27860,41290.0,0,0
238,392298,2018,12,9,16688,22532.0,0,0
238,392049,2018,9,8,12368,25732.0,0,0
238,390099,2018,9,4,5524,5836.0,0,0
238,390600,2018,4,4,8600,0.0,0,0
238,390662,2018,3,2,2321,6900.0,0,0
238,390617,2018,2,1,0,0.0,0,0
238,390667,2018,3,0,0,0.0,0,0
238,392823,2018,9,0,0,0.0,0,0
238,390647,2018,11,0,0,0.0,0,0
238,390907,2018,10,0,0,0.0,0,0
239,390297,2018,6,20,26840,40260.0,0,0
239,392908,2018,12,12,18128,22562.0,0,0
239,390299,2018,9,8,12992,20738.0,0,0
239,390669,2018,9,8,18324,29236.0,0,0
239,390600,2018,2,4,8600,12538.0,0,0
239,390602,2018,3,2,2632,6900.0,0,0
239,390903,2018,2,1,2384,4106.0,0,0
239,392307,2018,3,0,0,0.0,0,0
239,392868,2018,9,0,0,0.0,0,0
239,390906,2018,11,0,0,0.0,0,0
239,392307,2018,12,0,0,0.0,0,0
240,392297,2018,6,20,26840,40260.0,0,0
240,390618,2018,12,8,18124,25436.0,0,0
240,392299,2018,9,6,12324,29906.0,0,0
240,390670,2018,9,8,18324,20036.0,0,0
240,390633,2018,4,4,8692,14468.0,0,0
240,390299,2018,3,2,2600,6900.0,0,0
240,390497,2018,2,0,0,0.0,0,0
240,390667,2018,4,0,0,0.0,0,0
240,390299,2018,9,0,0,0.0,0,0
240,390906,2018,11,0,0,0.0,0,0
240,390907,2018,12,0,0,0.0,0,0
241,392297,2018,6,12,27840,41260.0,0,0
241,392298,2018,12,8,18613,22532.0,0,0
241,392009,2018,9,8,12952,25908.0,0,0
241,390290,2018,9,8,17324,26966.0,0,0
241,392300,2018,4,4,8800,12400.0,0,0
241,390662,2018,3,2,2312,6900.0,0,0
241,390297,2018,2,1,0,0.0,0,0
241,390648,2018,0,0,0,0.0,0,0
241,390668,2018,9,0,0,0.0,0,0
241,390906,2018,11,0,0,0.0,0,0
241,392907,2018,12,0,0,0.0,0,0
242,392295,2018,6,12,11844,25566.0,0,0
242,390616,2018,7,8,16688,25432.0,0,0
242,390297,2018,9,8,15352,23728.0,0,0
242,390600,2018,9,4,5524,5536.0,0,0
242,390901,2018,4,4,8100,10003.0,0,0
242,390897,2018,3,2,2500,6900.0,0,0
242,390903,2018,2,1,2341,3100.0,0,0
242,392902,2018,2,0,0,0.0,0,0
242,390633,2018,9,0,0,0.0,0,0
242,390906,2018,11,0,0,0.0,0,0
242,392899,2018,12,0,0,0.0,0,0
243,392297,2018,6,20,22840,40260.0,0,0
243,390808,2018,12,9,16688,22532.0,0,0
243,390299,2018,9,8,16604,24716.0,0,0
243,390290,2018,9,4,8324,12536.0,0,0
243,390631,2018,4,4,8600,12538.0,0,0
243,392802,2018,11,2,2800,3400.0,0,0
243,390903,2018,2,1,0,0.0,0,0
243,390668,2018,3,0,0,0.0,0,0
243,390669,2018,9,0,0,0.0,0,0
243,392299,2018,9,0,0,0.0,0,0
243,392807,2018,12,0,0,0.0,0,0
244,392297,2018,6,20,27880,41260.0,0,0
244,390298,2018,12,9,19218,25462.0,0,0
244,390609,2018,9,8,11608,24732.0,0,0
244,390200,2018,9,8,19600,20000.0,0,0
244,392299,2018,4,4,8892,12618.0,0,0
244,390602,2018,3,2,2112,3338.0,0,0
244,390903,2018,2,1,1,0.0,0,0
244,390647,2018,7,0,0,0.0,0,0
244,390637,2018,9,0,0,0.0,0,0
244,390632,2018,11,0,0,0.0,0,0
244,390907,2018,12,0,0,0.0,0,0
245,392266,2018,6,16,27840,41260.0,0,0
245,392297,2018,12,8,16288,28932.0,0,0
245,390018,2018,4,8,12124,25906.0,0,0
245,392290,2018,9,8,15524,25536.0,0,0
245,390601,2018,4,4,8600,10000.0,0,0
245,392802,2018,3,2,2636,4732.0,0,0
245,390903,2018,2,0,0,0.0,0,0
245,390619,2018,3,0,0,0.0,0,0
245,392899,2018,9,0,0,0.0,0,0
245,390900,2018,11,0,0,0.0,0,0
245,390299,2018,12,0,0,0.0,0,0
246,392297,2018,6,12,27816,41704.0,0,0
246,392918,2018,10,8,18688,25432.0,0,0
246,390209,2018,9,6,12324,22528.0,0,0
246,390299,2018,9,4,8323,5538.0,0,0
246,390901,2018,2,0,800,0.0,0,0
246,390665,2018,3,0,0,0.0,0,0
246,390303,2018,4,0,0,0.0,0,0
246,390603,2018,3,0,0,0.0,0,0
246,390857,2018,9,0,0,0.0,0,0
246,390906,2018,11,0,0,0.0,0,0
246,390607,2018,12,0,0,0.0,0,0
247,390507,2018,6,12,28144,40266.0,0,0
247,390298,2018,7,8,16688,24732.0,0,0
247,390909,2018,9,6,12808,25338.0,0,0
247,390900,2018,9,4,8324,26536.0,0,0
247,390601,2018,4,4,8992,10468.0,0,0
247,390662,2018,3,2,2800,6900.0,0,0
247,390617,2018,2,2,1812,6800.0,0,0
247,392308,2018,4,0,0,0.0,0,0
247,390638,2018,4,0,0,0.0,0,0
247,390099,2018,11,0,0,0.0,0,0
247,390607,2018,12,0,0,0.0,0,0
248,392297,2018,6,12,22880,40260.0,0,0
248,392298,2018,10,8,16688,25432.0,0,0
248,390299,2018,9,6,12309,25906.0,0,0
248,392900,2018,9,4,5324,5536.0,0,0
248,390601,2018,2,4,8392,12918.0,0,0
248,390666,2018,8,2,2600,6900.0,0,0
248,390603,2018,2,1,0,0.0,0,0
248,390204,2018,3,0,0,0.0,0,0
248,390803,2018,9,0,0,0.0,0,0
248,390909,2018,11,0,0,0.0,0,0
248,390659,2018,12,0,0,0.0,0,0
249,392297,2018,6,12,11868,25592.0,0,0
249,392298,2018,8,12,18288,22932.0,0,0
249,392299,2018,11,8,15352,24408.0,0,0
249,390900,2018,9,4,2384,5536.0,0,0
249,390299,2018,2,6,11800,10000.0,0,0
249,390662,2018,3,2,2800,8900.0,0,0
249,390905,2018,2,1,0,0.0,0,0
249,390667,2018,3,0,0,0.0,0,0
249,390903,2018,9,0,0,0.0,0,0
249,390606,2018,11,0,0,0.0,0,0
249,392907,2018,12,0,0,0.0,0,0
250,392297,2018,6,20,27860,41990.0,0,0
250,392298,2018,12,8,14688,22532.0,0,0
250,390299,2018,9,8,15424,22406.0,0,0
250,390890,2018,9,4,5524,25906.0,0,0
250,390600,2018,4,2,8600,10004.0,0,0
250,390602,2018,3,1,2321,6900.0,0,0
250,390897,2018,2,0,0,0.0,0,0
250,390667,2018,3,0,0,0.0,0,0
250,392899,2018,9,0,0,0.0,0,0
250,390900,2018,11,0,0,0.0,0,0
250,390907,2018,12,0,0,0.0,0,0
251,390297,2018,6,20,26840,40260.0,0,0
251,392288,2018,12,9,12618,22512.0,0,0
251,390299,2018,7,8,12108,22722.0,0,0
251,390900,2018,9,4,8324,29536.0,0,0
251,390661,2018,4,6,8600,14438.0,0,0
251,392902,2018,3,2,2800,0.0,0,0
251,390903,2018,2,1,0,0.0,0,0
251,390664,2018,3,0,0,0.0,0,0
251,390637,2018,9,0,0,0.0,0,0
251,390906,2018,11,0,0,0.0,0,0
251,392299,2018,12,0,0,0.0,0,0
252,392207,2018,6,16,28144,42266.0,0,0
252,392948,2018,10,8,16288,25432.0,0,0
252,390619,2018,4,8,18324,20826.0,0,0
252,392290,2018,9,4,3524,25536.0,0,0
252,392900,2018,4,4,8600,10000.0,0,0
252,390619,2018,3,2,2600,3576.0,0,0
252,390903,2018,2,0,0,0.0,0,0
252,392908,2018,3,0,0,0.0,0,0
252,392803,2018,9,0,0,0.0,0,0
252,390619,2018,9,0,0,0.0,0,0
252,390907,2018,12,0,0,0.0,0,0
253,392297,2018,6,12,27892,41708.0,0,0
253,392298,2018,10,8,16688,25432.0,0,0
253,390919,2018,9,8,12324,24736.0,0,0
253,390299,2018,5,4,3724,5336.0,0,0
253,392299,2018,2,4,8600,14462.0,0,0
253,390297,2018,3,2,2812,3738.0,0,0
253,390903,2018,2,1,0,0.0,0,0
253,390638,2018,3,0,0,0.0,0,0
253,390663,2018,9,0,0,0.0,0,0
253,390906,2018,11,0,0,0.0,0,0
253,390907,2018,12,0,0,0.0,0,0
254,392297,2018,6,12,27864,41796.0,0,0
254,390908,2018,10,8,16608,25532.0,0,0
254,390299,2018,9,8,12324,25906.0,0,0
254,390299,2018,9,4,8388,20006.0,0,0
254,390619,2018,4,4,8800,12488.0,0,0
254,390602,2018,3,2,2800,6322.0,0,0
254,390616,2018,2,1,2381,6800.0,0,0
254,390638,2018,3,0,0,0.0,0,0
254,390639,2018,9,0,0,0.0,0,0
254,390906,2018,11,0,0,0.0,0,0
254,390907,2018,12,0,0,0.0,0,0
255,392297,2018,6,20,27840,41260.0,0,0
255,392098,2018,10,8,16128,25532.0,0,0
255,390299,2018,4,8,12994,20322.0,0,0
255,392299,2018,9,4,8884,3536.0,0,0
255,390619,2018,2,4,8600,12638.0,0,0
255,392890,2018,3,2,2800,6500.0,0,0
255,390603,2018,2,1,0,0.0,0,0
255,392498,2018,3,0,0,0.0,0,0
255,392897,2018,4,0,0,0.0,0,0
255,392306,2018,9,0,0,0.0,0,0
255,392907,2018,12,0,0,0.0,0,0
256,392297,2018,6,12,22840,40260.0,0,0
256,392298,2018,10,8,14692,22438.0,0,0
256,392299,2018,9,8,19884,23828.0,0,0
256,390900,2018,9,8,19824,20036.0,376,0
256,390615,2018,4,4,8892,10008.0,0,0
256,390652,2018,3,2,2800,3900.0,0,0
256,390299,2018,2,1,2311,5800.0,0,0
256,390298,2018,6,0,0,0.0,0,0
256,390905,2018,9,0,0,0.0,0,0
256,390606,2018,11,0,0,0.0,0,0
256,392907,2018,12,0,0,0.0,0,0
257,392297,2018,6,12,27824,41736.0,0,0
257,390298,2018,12,9,18388,22532.0,0,0
257,390299,2018,9,8,18392,22328.0,0,0
257,390900,2018,9,4,5524,5536.0,0,0
257,390901,2018,3,4,8600,13338.0,0,0
257,390902,2018,3,2,2300,6200.0,0,0
257,390817,2018,2,1,0,0.0,0,0
257,390638,2018,3,0,0,0.0,0,0
257,392305,2018,9,0,0,0.0,0,0
257,390906,2018,9,0,0,0.0,0,0
257,390907,2018,12,0,0,0.0,0,0
258,390297,2018,6,20,26880,40200.0,0,0
258,390298,2018,12,9,16128,22532.0,0,0
258,390609,2018,9,8,15392,24728.0,0,0
258,390900,2018,9,4,8324,25516.0,0,0
258,390499,2018,2,4,8832,12938.0,0,0
258,390647,2018,3,2,2600,6900.0,0,0
258,392297,2018,2,1,0,0.0,0,0
258,390602,2018,0,0,0,0.0,0,0
258,390905,2018,9,0,0,0.0,0,0
258,390106,2018,11,0,0,0.0,0,0
258,390907,2018,12,0,0,0.0,0,0
259,392297,2018,6,12,27864,41296.0,0,0
259,390618,2018,10,8,18618,25932.0,0,0
259,392909,2018,9,8,12324,24906.0,0,0
259,390660,2018,9,4,5524,5336.0,0,0
259,390619,2018,2,4,8600,13467.0,0,0
259,390662,2018,3,2,2637,3700.0,0,0
259,390903,2018,2,0,0,0.0,0,0
259,390904,2018,3,0,0,0.0,0,0
259,390905,2018,9,0,0,0.0,0,0
259,390906,2018,11,0,0,0.0,0,0
259,390907,2018,12,0,0,0.0,0,0
260,392017,2018,6,12,27864,41596.0,0,0
260,390298,2018,10,8,16688,25932.0,0,0
260,392299,2018,9,8,15524,25336.0,386,0
260,390619,2018,9,4,8328,5932.0,0,0
260,390661,2018,4,4,8800,12528.0,0,0
260,390802,2018,3,2,2384,0.0,0,0
260,392903,2018,2,1,0,0.0,0,0
260,390669,2018,5,0,0,0.0,0,0
260,390903,2018,9,0,0,0.0,0,0
260,390906,2018,11,0,0,0.0,0,0
260,390607,2018,12,0,0,0.0,0,0
261,392297,2018,6,12,27868,41902.0,0,0
261,390902,2018,10,8,16608,24432.0,0,0
261,390299,2018,9,8,12392,20728.0,0,0
261,390299,2018,9,4,8324,25536.0,0,0
261,390901,2018,2,4,8800,12738.0,0,0
261,390902,2018,3,2,2384,6900.0,0,0
261,390297,2018,2,1,2381,3705.5,0,0
261,392908,2018,3,0,0,0.0,0,0
261,392903,2018,9,0,0,0.0,0,0
261,390906,2018,11,0,0,0.0,0,0
261,390907,2018,12,0,0,0.0,0,0
262,392297,2018,6,12,25880,41400.0,0,0
262,390618,2018,10,8,19888,25432.0,0,0
262,390299,2018,9,8,16224,25906.0,0,0
262,390299,2018,9,2,3528,5532.0,0,0
262,390665,2018,4,4,8600,10000.0,0,0
262,390617,2018,3,2,2600,3100.0,0,0
262,390297,2018,2,1,2381,1700.0,0,0
262,390668,2018,3,0,0,0.0,0,0
262,390903,2018,9,0,0,0.0,0,0
262,390606,2018,11,0,0,0.0,0,0
262,392297,2018,12,0,0,0.0,0,0
263,390297,2018,6,20,26840,40260.0,0,0
263,390908,2018,10,8,18374,22536.0,0,0
263,390299,2018,9,8,18324,24726.0,0,0
263,390660,2018,9,4,5524,25536.0,0,0
263,390919,2018,4,4,8800,12338.0,0,0
263,390842,2018,3,2,2600,3855.0,0,0
263,390617,2018,2,0,0,0.0,0,0
263,390638,2018,3,0,0,0.0,0,0
263,392297,2018,9,0,0,0.0,0,0
263,390669,2018,11,0,0,0.0,0,0
263,390607,2018,12,0,0,0.0,0,0
264,390297,2018,6,20,27890,41200.0,0,0
264,392298,2018,12,8,16688,25432.0,0,0
264,390299,2018,9,6,14124,25736.0,0,0
264,390900,2018,9,4,8324,5536.0,0,0
264,390902,2018,2,4,8600,10000.0,0,0
264,390662,2018,3,2,2813,6900.0,0,0
264,390623,2018,2,1,0,0.0,0,0
264,390667,2018,3,0,0,0.0,0,0
264,392903,2018,9,0,0,0.0,0,0
264,390639,2018,11,0,0,0.0,0,0
264,390907,2018,12,0,0,0.0,0,0
265,390649,2018,5,12,27804,41706.0,0,0
265,390610,2018,10,8,16298,25432.0,0,0
265,390291,2018,9,6,17224,20736.0,0,0
265,390600,2018,9,2,5524,5936.0,0,0
265,390601,2018,2,0,800,10000.0,0,0
265,390602,2018,3,0,0,0.0,0,0
265,390297,2018,2,0,0,0.0,0,0
265,390617,2018,3,0,0,0.0,0,0
265,390637,2018,9,0,0,0.0,0,0
265,390606,2018,11,0,0,0.0,0,0
265,390907,2018,12,0,0,0.0,0,0
266,392267,2018,6,12,17864,25796.0,0,0
266,392208,2018,10,8,18378,25932.0,0,0
266,390299,2018,9,8,12392,29258.0,0,0
266,390660,2018,9,4,5524,5936.0,0,0
266,392299,2018,2,4,8600,15938.0,0,0
266,390642,2018,3,2,2800,3332.0,0,0
266,390597,2018,2,1,0,0.0,0,0
266,390648,2018,3,0,0,0.0,0,0
266,392299,2018,9,0,0,0.0,0,0
266,390498,2018,11,0,0,0.0,0,0
266,392007,2018,12,0,0,0.0,0,0
267,392297,2018,6,12,27884,41266.0,0,0
267,390298,2018,10,8,16618,25432.0,0,0
267,392299,2018,9,6,12352,25728.0,0,0
267,390299,2018,9,8,12793,5536.0,0,0
267,390601,2018,2,5,19600,20000.0,0,0
267,390902,2018,3,2,2600,6932.0,0,0
267,392903,2018,2,1,0,0.0,0,0
267,390300,2018,3,0,0,0.0,0,0
267,390303,2018,9,0,0,0.0,0,0
267,390299,2018,11,0,0,0.0,0,0
267,392899,2018,12,0,0,0.0,0,0
268,392297,2018,6,20,26840,40260.0,0,0
268,390298,2018,12,9,18608,22562.0,0,0
268,390299,2018,9,8,18884,22356.0,0,0
268,390900,2018,9,8,18324,25536.0,0,0
268,390601,2018,0,4,9800,12918.0,0,0
268,390602,2018,3,4,2600,3700.0,0,0
268,392303,2018,2,0,0,0.0,0,0
268,390503,2018,3,0,0,0.0,0,0
268,392899,2018,9,0,0,0.0,0,0
268,392298,2018,11,0,0,0.0,0,0
268,392307,2018,12,0,0,0.0,0,0
269,392297,2018,6,20,28840,42260.0,0,0
269,390068,2018,10,8,18128,28932.0,0,0
269,392209,2018,4,6,12992,25868.0,0,0
269,390600,2018,9,2,3324,25936.0,0,0
269,390619,2018,2,4,8600,12338.0,0,0
269,390662,2018,3,2,2500,0.0,0,0
269,390897,2018,2,0,0,0.0,0,0
269,390602,2018,3,0,0,0.0,0,0
269,390297,2018,9,0,0,0.0,0,0
269,392829,2018,11,0,0,0.0,0,0
269,392907,2018,12,0,0,0.0,0,0
270,390297,2018,6,20,28840,40260.0,0,0
270,390298,2018,12,9,18388,22532.0,0,0
270,392299,2018,9,8,12304,25736.0,0,0
270,390299,2018,9,8,19924,20042.0,0,0
270,390665,2018,4,4,8800,12538.0,0,0
270,390602,2018,3,4,2100,6900.0,0,0
270,390903,2018,2,1,0,0.0,0,0
270,390908,2018,3,0,0,0.0,0,0
270,390623,2018,9,0,0,0.0,0,0
270,392906,2018,11,0,0,0.0,0,0
270,390647,2018,12,0,0,0.0,0,0
271,392297,2018,6,12,27876,41964.0,0,0
271,392818,2018,10,8,18688,25432.0,0,0
271,392299,2018,9,8,18604,22326.0,0,0
271,390640,2018,9,2,5524,25536.0,0,0
271,390299,2018,4,4,8800,10000.0,0,0
271,390647,2018,3,2,2800,6932.0,0,0
271,390297,2018,2,1,0,0.0,0,0
271,390049,2018,7,0,0,0.0,0,0
271,390903,2018,9,0,0,0.0,0,0
271,390906,2018,11,0,0,0.0,0,0
271,390907,2018,12,0,0,0.0,0,0
272,392297,2018,6,20,27870,41400.0,0,0
272,392818,2018,10,8,16638,22532.0,0,0
272,392099,2018,11,8,12152,22908.0,0,0
272,392299,2018,9,4,5524,26546.0,676,0
272,390299,2018,4,4,8600,13338.0,0,0
272,390619,2018,3,2,2800,6312.0,0,0
272,390903,2018,2,1,0,0.0,0,0
272,390604,2018,3,0,0,0.0,0,0
272,390305,2018,9,0,0,0.0,0,0
272,390907,2018,11,0,0,0.0,0,0
272,390907,2018,12,0,0,0.0,0,0
273,392297,2018,6,20,22840,42260.0,0,0
273,390298,2018,12,9,16608,25432.0,0,0
273,390299,2018,9,8,12324,22406.0,0,0
273,390600,2018,9,2,5524,24536.0,0,0
273,390619,2018,2,4,8800,12912.0,0,0
273,390899,2018,3,2,2812,4576.0,0,0
273,390897,2018,2,1,0,0.0,0,0
273,390908,2018,3,0,0,0.0,0,0
273,390633,2018,9,0,0,0.0,0,0
273,390632,2018,11,0,0,0.0,0,0
273,392297,2018,12,0,0,0.0,0,0
274,392297,2018,6,20,27840,41260.0,0,0
274,390298,2018,12,9,16768,25432.0,0,0
274,390299,2018,9,8,12984,23736.0,0,0
274,390299,2018,9,9,11724,25906.0,0,0
274,390901,2018,4,4,9601,11404.0,0,0
274,390636,2018,3,2,2800,6500.0,0,0
274,390633,2018,2,1,0,0.0,0,0
274,390908,2018,3,0,0,0.0,0,0
274,392905,2018,9,0,0,0.0,0,0
274,392300,2018,11,0,0,0.0,0,0
274,390907,2018,12,0,0,0.0,0,0
275,392297,2018,6,12,11864,17596.0,0,0
275,392018,2018,10,8,18388,25932.0,0,0
275,392299,2018,4,8,12804,26826.0,0,0
275,390900,2018,9,4,8384,5736.0,0,0
275,390299,2018,2,4,8800,12938.0,0,0
275,390602,2018,3,3,2324,6900.0,0,0
275,390299,2018,2,1,0,0.0,0,0
275,390902,2018,3,0,0,0.0,0,0
275,390631,2018,9,0,0,0.0,0,0
275,390306,2018,11,0,0,0.0,0,0
275,392907,2018,12,0,0,0.0,0,0
276,392297,2018,6,12,11844,15766.0,0,0
276,390618,2018,10,8,16688,25472.0,0,0
276,392299,2018,9,6,12992,20828.0,0,0
276,392290,2018,9,2,8384,5536.0,0,0
276,390631,2018,4,4,8342,10008.0,0,0
276,390294,2018,3,2,2600,6900.0,0,0
276,390603,2018,2,1,0,0.0,0,0
276,392302,2018,3,0,0,0.0,0,0
276,390637,2018,9,0,0,0.0,0,0
276,390906,2018,11,0,0,0.0,0,0
276,392907,2018,12,0,0,0.0,0,0
277,392945,2018,6,12,27892,11708.0,0,0
277,392292,2018,10,8,14688,25432.0,0,0
277,390299,2018,9,8,18300,20825.0,0,0
277,390290,2018,9,2,5524,25538.0,0,0
277,390689,2018,4,8,13600,12518.0,0,0
277,390902,2018,3,2,2321,6500.0,0,0
277,390633,2018,2,1,0,0.0,0,0
277,390608,2018,3,0,0,0.0,0,0
277,390668,2018,9,0,0,0.0,0,0
277,390906,2018,11,0,0,0.0,0,0
277,390907,2018,12,0,0,0.0,0,0
278,392817,2018,6,16,12864,25596.0,0,0
278,390618,2018,7,12,26688,35932.0,0,0
278,392299,2018,9,8,12324,24726.0,0,0
278,390500,2018,9,8,19824,24536.0,0,0
278,390900,2018,2,6,15600,10000.0,0,0
278,392902,2018,3,4,2600,6500.0,0,0
278,390607,2018,2,1,0,0.0,0,0
278,392902,2018,3,0,0,0.0,0,0
278,390908,2018,9,0,0,0.0,0,0
278,390647,2018,11,0,0,0.0,0,0
278,390907,2018,12,0,0,0.0,0,0
279,389538,2018,6,20,28140,42260.0,0,0
279,390619,2018,12,15,18128,28902.0,0,0
279,392299,2018,9,8,12812,24408.0,0,0
279,390900,2018,9,2,19824,28936.0,0,0
279,390665,2018,2,4,8600,12518.0,0,0
279,390602,2018,3,2,2200,6800.0,0,0
279,390903,2018,2,0,0,0.0,0,0
279,390667,2018,3,0,0,0.0,0,0
279,392828,2018,9,0,0,0.0,0,0
279,390669,2018,11,0,0,0.0,0,0
279,390907,2018,12,0,0,0.0,0,0
280,392295,2018,6,12,12884,25216.0,0,0
280,392896,2018,8,8,18608,22532.0,0,0
280,392297,2018,11,8,15124,23826.0,0,0
280,392298,2018,9,8,11792,25538.0,0,0
280,390299,2018,4,4,8892,12918.0,0,0
280,392800,2018,11,2,9800,6900.0,0,0
280,390897,2018,2,1,0,0.0,0,0
280,390309,2018,3,0,0,0.0,0,0
280,392937,2018,9,0,0,0.0,0,0
280,392829,2018,11,0,0,0.0,0,0
280,390907,2018,12,0,0,0.0,0,0
281,392297,2018,6,20,28840,42260.0,0,0
281,392298,2018,12,8,18128,28942.0,0,0
281,392299,2018,9,8,12124,26906.0,0,0
281,390900,2018,9,4,5524,24536.0,0,0
281,390001,2018,4,4,8600,10000.0,0,0
281,390602,2018,3,2,2800,6800.0,0,0
281,390603,2018,2,1,0,0.0,0,0
281,390637,2018,8,0,0,0.0,0,0
281,392903,2018,9,0,0,0.0,0,0
281,390906,2018,9,0,0,0.0,0,0
281,390907,2018,12,0,0,0.0,0,0
282,392007,2018,6,12,27812,41908.0,0,0
282,392018,2018,10,8,16688,25932.0,0,0
282,390299,2018,2,8,12952,25408.0,0,0
282,390290,2018,9,4,5524,5516.0,0,0
282,390601,2018,4,4,8342,10000.0,0,0
282,390602,2018,3,2,2324,6932.0,0,0
282,392303,2018,2,1,0,0.0,0,0
282,390638,2018,3,0,0,0.0,0,0
282,392299,2018,9,0,0,0.0,0,0
282,390906,2018,11,0,0,0.0,0,0
282,390607,2018,12,0,0,0.0,0,0
283,392297,2018,6,12,27840,41260.0,0,0
283,390298,2018,10,8,12328,25432.0,0,0
283,390609,2018,9,8,12992,25908.0,0,0
283,392299,2018,9,4,8824,5516.0,0,0
283,390801,2018,4,4,8600,12918.0,0,0
283,390617,2018,3,2,4639,6900.0,0,0
283,390297,2018,2,1,0,0.0,0,0
283,390602,2018,3,0,0,0.0,0,0
283,392305,2018,7,0,0,0.0,0,0
283,390906,2018,9,0,0,0.0,0,0
283,392907,2018,12,0,0,0.0,0,0
284,392297,2018,6,12,27864,41946.0,0,0
284,390618,2018,10,8,18108,22562.0,0,0
284,392209,2018,9,8,18352,25828.0,0,0
284,390900,2018,9,4,5524,6936.0,0,0
284,390299,2018,4,4,8800,12538.0,0,0
284,390662,2018,3,2,2600,6948.0,0,0
284,390297,2018,2,1,2381,3151.0,0,0
284,390902,2018,3,0,0,0.0,0,0
284,392303,2018,9,0,0,0.0,0,0
284,390299,2018,11,0,0,0.0,0,0
284,390907,2018,12,0,0,0.0,0,0
285,392295,2018,6,12,12680,25520.0,0,0
285,392296,2018,7,8,16288,25932.0,0,0
285,392297,2018,10,6,12324,24722.0,386,0
285,392298,2018,9,4,8384,10036.0,0,0
285,392919,2018,4,4,8800,12522.0,0,0
285,390617,2018,3,2,2800,4700.0,0,0
285,390617,2018,2,0,0,0.0,0,0
285,390902,2018,3,0,0,0.0,0,0
285,392297,2018,4,0,0,0.0,0,0
285,390298,2018,11,0,0,0.0,0,0
285,392299,2018,12,0,0,0.0,0,0
286,392297,2018,6,20,26840,40260.0,0,0
286,390298,2018,12,9,12652,22528.0,0,0
286,390299,2018,4,8,15692,25908.0,0,0
286,390600,2018,9,8,11792,28938.0,0,0
286,390899,2018,4,4,8600,12512.0,0,0
286,390665,2018,3,2,2324,6900.0,0,0
286,390647,2018,2,1,2384,3800.0,0,0
286,390903,2018,3,0,0,0.0,0,0
286,392821,2018,9,0,0,0.0,0,0
286,390906,2018,11,0,0,0.0,0,0
286,390299,2018,12,0,0,0.0,0,0
287,392207,2018,6,16,11844,25966.0,0,0
287,390298,2018,10,8,18684,21936.0,0,0
287,392299,2018,9,6,14224,20826.0,0,0
287,390290,2018,9,8,19524,20036.0,0,0
287,390601,2018,4,4,8192,10918.0,0,0
287,392302,2018,3,2,2800,6338.0,0,0
287,390603,2018,2,1,1800,5804.0,0,0
287,390904,2018,2,0,0,0.0,0,0
287,390905,2018,4,0,0,0.0,0,0
287,390906,2018,9,0,0,0.0,0,0
287,390907,2018,12,0,0,0.0,0,0
288,390297,2018,6,12,28376,42564.0,0,0
288,390618,2018,7,16,18688,25432.0,0,0
288,390299,2018,9,8,12324,29236.0,0,0
288,390900,2018,9,8,19824,25736.0,0,0
288,390949,2018,4,4,9892,12438.0,0,0
288,390490,2018,3,2,2800,6900.0,0,0
288,390603,2018,2,1,0,0.0,0,0
288,390903,2018,3,0,0,0.0,0,0
288,390637,2018,9,0,0,0.0,0,0
288,390906,2018,11,0,0,0.0,0,0
288,392907,2018,12,0,0,0.0,0,0
289,392297,2018,6,12,26868,35292.0,0,0
289,392298,2018,12,8,18370,25930.0,0,0
289,390299,2018,9,8,18324,29228.0,0,0
289,390900,2018,9,8,18684,25836.0,0,0
289,392905,2018,4,4,8892,10738.0,0,0
289,392902,2018,3,2,2600,6900.0,0,0
289,390303,2018,2,1,2321,5962.0,0,0
289,390903,2018,3,0,0,0.0,0,0
289,392903,2018,9,0,0,0.0,0,0
289,392906,2018,11,0,0,0.0,0,0
289,392307,2018,12,0,0,0.0,0,0
290,392297,2018,6,20,22860,45290.0,0,0
290,390298,2018,12,8,16618,25532.0,0,0
290,392299,2018,9,8,12992,22408.0,0,0
290,390613,2018,9,4,9794,5536.0,0,0
290,390601,2018,4,6,13600,12538.0,0,0
290,390602,2018,3,2,2800,6900.0,0,0
290,390633,2018,2,1,0,0.0,0,0
290,390698,2018,3,0,0,0.0,0,0
290,390665,2018,9,0,0,0.0,0,0
290,390606,2018,11,0,0,0.0,0,0
290,390907,2018,12,0,0,0.0,0,0
291,392297,2018,6,12,27816,41764.0,0,0
291,392298,2018,12,9,18345,22472.0,0,0
291,390299,2018,9,8,14604,20006.0,0,0
291,390619,2018,9,9,19824,29536.0,0,0
291,390642,2018,4,4,8342,12518.0,0,0
291,390666,2018,8,2,2600,6332.0,0,0
291,390907,2018,2,1,0,0.0,0,0
291,390908,2018,3,0,0,0.0,0,0
291,390637,2018,9,0,0,0.0,0,0
291,390908,2018,11,0,0,0.0,0,0
291,390907,2018,12,0,0,0.0,0,0
292,392297,2018,6,20,27840,41260.0,0,0
292,390298,2018,12,9,18388,25532.0,0,0
292,392299,2018,9,8,12992,25828.0,0,0
292,390299,2018,9,4,8884,5536.0,0,0
292,390665,2018,4,4,8892,12538.0,0,0
292,392802,2018,3,2,2800,6900.0,0,0
292,390633,2018,2,0,0,0.0,0,0
292,390638,2018,3,0,0,0.0,0,0
292,390661,2018,4,0,0,0.0,0,0
292,390900,2018,9,0,0,0.0,0,0
292,392827,2018,12,0,0,0.0,0,0
293,390897,2018,6,20,26840,40260.0,0,0
293,390618,2018,12,8,18378,22742.0,0,0
293,390299,2018,9,8,12224,20406.0,0,0
293,390600,2018,5,4,792,15008.0,0,0
293,390661,2018,2,6,13600,10000.0,0,0
293,390617,2018,3,2,2812,0.0,0,0
293,390663,2018,2,1,0,0.0,0,0
293,390604,2018,5,0,0,0.0,0,0
293,390305,2018,9,0,0,0.0,0,0
293,390649,2018,11,0,0,0.0,0,0
293,392307,2018,12,0,0,0.0,0,0
294,392017,2018,6,16,12864,25996.0,0,0
294,392298,2018,10,8,18618,25432.0,0,0
294,390299,2018,8,8,11392,20828.0,0,0
294,390299,2018,9,2,9884,5936.0,0,0
294,392899,2018,2,0,800,13338.0,0,0
294,392899,2018,3,0,0,0.0,0,0
294,390297,2018,2,0,0,0.0,0,0
294,392909,2018,7,0,0,0.0,0,0
294,392498,2018,9,0,0,0.0,0,0
294,390909,2018,11,0,0,0.0,0,0
294,390607,2018,12,0,0,0.0,0,0
295,390297,2018,6,20,26840,40260.0,0,0
295,390298,2018,10,8,16628,22532.0,0,0
295,390299,2018,9,8,16608,24712.0,0,0
295,390290,2018,9,4,324,24536.0,0,0
295,390601,2018,4,4,8600,12518.0,0,0
295,390602,2018,3,2,2800,6900.0,0,0
295,390297,2018,2,1,0,0.5,0,0
295,390903,2018,3,0,0,0.0,0,0
295,390633,2018,9,0,0,0.0,0,0
295,390662,2018,11,0,0,0.0,0,0
295,390607,2018,12,0,0,0.0,0,0
296,392297,2018,6,20,27840,41210.0,0,0
296,392918,2018,12,12,18373,25432.0,0,0
296,392099,2018,4,8,12952,29728.0,0,0
296,392290,2018,9,8,18324,25536.0,0,0
296,390641,2018,4,4,8600,12518.0,0,0
296,390602,2018,3,2,2600,6900.0,0,0
296,390633,2018,2,1,0,0.0,0,0
296,390609,2018,3,0,0,0.0,0,0
296,392899,2018,9,0,0,0.0,0,0
296,390906,2018,11,0,0,0.0,0,0
296,390907,2018,12,0,0,0.0,0,0
297,392297,2018,6,20,28840,48910.0,0,0
297,392908,2018,10,8,16928,25432.0,0,0
297,392299,2018,9,8,15324,25907.0,0,0
297,390900,2018,9,4,8324,25936.0,0,0
297,392801,2018,2,4,8600,10000.0,0,0
297,392902,2018,3,2,2321,6500.0,0,0
297,390297,2018,2,1,0,0.5,366,0
297,392098,2018,3,0,0,0.0,0,0
297,392899,2018,9,0,0,0.0,0,0
297,392806,2018,11,0,0,0.0,0,0
297,390907,2018,12,0,0,0.0,0,0
298,389568,2018,8,24,12840,25360.0,0,0
298,389539,2018,7,12,16818,22732.0,0,0
298,389562,2018,8,12,12124,25796.0,0,0
298,389543,2018,9,8,13384,25516.0,0,0
298,388701,2018,2,6,12892,14718.0,0,0
298,389543,2018,3,2,2600,5500.0,0,0
298,390659,2018,2,1,2894,5806.0,0,0
298,390668,2018,3,0,0,0.0,0,0
298,390637,2018,9,0,0,0.0,0,0
298,390906,2018,11,0,0,0.0,0,0
298,392907,2018,12,0,0,0.0,0,0
299,389567,2018,6,16,28144,45216.0,0,0
299,390618,2018,10,8,19818,24712.0,0,0
299,390949,2018,9,6,12324,20826.0,0,0
299,390669,2018,9,2,8324,6516.0,0,0
299,390901,2018,4,4,8800,12918.0,0,0
299,390616,2018,3,2,2800,6900.0,0,0
299,390603,2018,2,1,0,0.0,0,0
299,390638,2018,3,0,0,0.0,0,0
299,392903,2018,9,0,0,0.0,0,0
299,390906,2018,11,0,0,0.0,0,0
299,390907,2018,12,0,0,0.0,0,0
300,392816,2018,6,16,12864,25596.0,0,0
300,392297,2018,7,8,18388,25532.0,0,0
300,392299,2018,9,6,12804,20826.0,0,0
300,392298,2018,9,4,5500,26530.0,0,0
300,392899,2018,4,4,8600,10000.0,0,0
300,392899,2018,3,2,2600,0.0,0,0
300,390903,2018,2,0,0,0.0,0,0
300,392902,2018,3,0,0,0.0,0,0
300,392903,2018,9,0,0,0.0,0,0
300,390906,2018,11,0,0,0.0,0,0
300,392897,2018,12,0,0,0.0,0,0
301,392297,2018,6,12,22864,42566.0,0,0
301,392298,2018,10,8,16688,25432.0,0,0
301,392299,2018,9,8,12804,25906.0,0,0
301,392299,2018,9,4,3600,5930.0,0,0
301,390639,2018,3,4,8600,15912.0,0,0
301,390902,2018,3,2,2600,6900.0,0,0
301,390297,2018,2,0,0,0.0,0,0
301,390299,2018,3,0,0,0.0,0,0
301,392905,2018,9,0,0,0.0,0,0
301,390906,2018,11,0,0,0.0,0,0
301,390699,2018,12,0,0,0.0,0,0
302,392297,2018,6,20,26840,40260.0,0,0
302,392298,2018,12,9,16688,25432.0,0,0
302,390299,2018,9,8,10804,20828.0,0,0
302,390299,2018,9,4,8324,5506.0,0,0
302,390633,2018,4,4,8600,12612.0,0,0
302,390602,2018,3,2,2600,6900.0,0,0
302,390503,2018,2,1,2381,0.0,0,0
302,390298,2018,3,0,0,0.0,0,0
302,390903,2018,9,0,0,0.0,0,0
302,390906,2018,11,0,0,0.0,0,0
302,390907,2018,12,0,0,0.0,0,0
303,392297,2018,6,20,26840,40260.0,0,0
303,392298,2018,12,9,12128,25432.0,0,0
303,390299,2018,9,8,12604,22406.0,0,0
303,390290,2018,9,4,7684,25536.0,0,0
303,392299,2018,2,4,8800,14938.0,0,0
303,390902,2018,3,2,2800,6900.0,0,0
303,390619,2018,2,1,0,0.0,0,0
303,390909,2018,3,0,0,0.0,0,0
303,390637,2018,9,0,0,0.0,0,0
303,390666,2018,11,0,0,0.0,0,0
303,390907,2018,12,0,0,0.0,0,0
304,390649,2018,5,20,26800,30200.0,0,0
304,390290,2018,12,8,18618,22442.0,0,0
304,390601,2018,9,8,12308,23402.0,0,0
304,390600,2018,9,8,11624,20006.0,0,0
304,390601,2018,0,4,8640,12338.0,0,0
304,392290,2018,3,2,2600,6900.0,0,0
304,390666,2018,2,1,0,0.0,0,0
304,390604,2018,3,0,0,0.0,0,0
304,390639,2018,4,0,0,0.0,0,0
304,390606,2018,9,0,0,0.0,0,0
304,390607,2018,12,0,0,0.0,0,0
305,392297,2018,6,12,12864,25596.0,0,0
305,392068,2018,8,12,18328,25432.0,0,0
305,392299,2018,10,8,19804,25716.0,0,0
305,392890,2018,9,8,19884,25736.0,0,0
305,390801,2018,4,2,8600,12518.0,0,0
305,390899,2018,3,2,2636,6900.0,0,0
305,390297,2018,2,1,0,0.5,0,0
305,390299,2018,3,0,0,0.0,0,0
305,390603,2018,9,0,0,0.0,0,0
305,390958,2018,11,0,0,0.0,0,0
305,390907,2018,12,0,0,0.0,0,0
306,392297,2018,6,12,22868,34992.0,0,0
306,392298,2018,10,8,12688,22562.0,0,0
306,392299,2018,9,8,12952,22728.0,0,0
306,390290,2018,9,2,19700,29530.0,0,0
306,390631,2018,4,4,8600,10000.0,0,0
306,392890,2018,3,2,2800,5700.0,0,0
306,390903,2018,2,1,0,0.0,0,0
306,390908,2018,6,0,0,0.0,0,0
306,392299,2018,9,0,0,0.0,0,0
306,390906,2018,11,0,0,0.0,0,0
306,390907,2018,12,0,0,0.0,0,0
307,392297,2018,6,20,22840,42260.0,0,0
307,390298,2018,12,8,11688,22522.0,0,0
307,390899,2018,9,8,11323,25906.0,0,0
307,390662,2018,9,8,15524,20036.0,0,0
307,390641,2018,4,6,11600,20438.0,0,0
307,390672,2018,3,2,2600,6900.0,0,0
307,392297,2018,2,1,0,0.0,0,0
307,390908,2018,3,0,0,0.0,0,0
307,390299,2018,9,0,0,0.0,0,0
307,390906,2018,11,0,0,0.0,0,0
307,390907,2018,12,0,0,0.0,0,0
308,392297,2018,6,20,26840,40260.0,0,0
308,392298,2018,12,9,18688,22532.0,0,0
308,390299,2018,9,8,12992,26908.0,0,0
308,390299,2018,9,2,5520,5530.0,0,0
308,392801,2018,2,4,8600,12518.0,0,0
308,390619,2018,3,2,2800,6900.0,0,0
308,390603,2018,2,1,0,0.0,0,0
308,392807,2018,5,0,0,0.0,0,0
308,392903,2018,9,0,0,0.0,0,0
308,392306,2018,11,0,0,0.0,0,0
308,390907,2018,12,0,0,0.0,0,0
309,390697,2018,6,20,26840,40260.0,0,0
309,390698,2018,10,8,16128,22732.0,0,0
309,390909,2018,8,8,16884,29336.0,0,0
309,390200,2018,9,8,13892,25538.0,0,0
309,390601,2018,4,6,16600,13468.0,0,0
309,390662,2018,3,6,2388,6900.0,0,0
309,390601,2018,2,1,1,0.0,0,0
309,390604,2018,3,0,0,0.0,0,0
309,390635,2018,9,0,0,0.0,0,0
309,390906,2018,11,0,0,0.0,0,0
309,390659,2018,12,0,0,0.0,0,0
310,390297,2018,6,20,26840,40260.0,0,0
310,392298,2018,10,8,16618,22532.0,0,0
310,390909,2018,9,8,12952,26518.0,0,0
310,390638,2018,9,4,5384,5536.0,0,0
310,390639,2018,4,4,8600,10000.0,0,0
310,392899,2018,8,2,9800,6500.0,0,0
310,390903,2018,2,1,0,0.0,0,0
310,390638,2018,3,0,0,0.0,0,0
310,390635,2018,9,0,0,0.0,0,0
310,390906,2018,11,0,0,0.0,0,0
310,390907,2018,12,0,0,0.0,0,0
311,390297,2018,6,12,27844,41266.0,0,0
311,390208,2018,10,8,18388,22532.0,0,0
311,390299,2018,9,8,18392,26108.0,0,0
311,390699,2018,9,8,12324,24736.0,0,0
311,390301,2018,2,4,8340,10000.0,0,0
311,390662,2018,9,2,2324,3338.0,0,0
311,390617,2018,2,1,2388,2700.0,0,0
311,390667,2018,2,0,0,0.0,0,0
311,390897,2018,9,0,0,0.0,0,0
311,390906,2018,11,0,0,0.0,0,0
311,392299,2018,12,0,0,0.0,0,0
312,390297,2018,6,20,25840,40260.0,0,0
312,390298,2018,12,9,16618,22532.0,0,0
312,390299,2018,9,8,12344,24726.0,0,0
312,390290,2018,9,4,1794,25536.0,0,0
312,390201,2018,3,4,8600,12652.0,0,0
312,390666,2018,3,2,2321,3832.0,0,0
312,390633,2018,2,1,2321,5700.0,0,0
312,390898,2018,6,0,0,0.0,0,0
312,390969,2018,0,0,0,0.0,0,0
312,390906,2018,9,0,0,0.0,0,0
312,392897,2018,12,0,0,0.0,0,0
313,392297,2018,6,20,26860,40290.0,0,0
313,392298,2018,12,12,16124,25736.0,0,0
313,392299,2018,9,8,12684,29226.0,0,0
313,390649,2018,9,8,15524,25536.0,0,0
313,390602,2018,4,4,8600,12938.0,0,0
313,390666,2018,3,2,2800,6900.0,0,0
313,390621,2018,2,1,0,0.0,0,0
313,392867,2018,3,0,0,0.0,0,0
313,390605,2018,9,0,0,0.0,0,0
313,390906,2018,11,0,0,0.0,0,0
313,390907,2018,12,0,0,0.0,0,0
314,392297,2018,6,12,28140,48260.0,0,0
314,392008,2018,10,8,16688,25432.0,0,0
314,390299,2018,9,6,12992,25728.0,0,0
314,390900,2018,8,8,18884,29536.0,0,0
314,390901,2018,2,4,8600,14738.0,0,0
314,390662,2018,3,2,2382,6900.0,0,0
314,390903,2018,2,1,2381,0.0,0,0
314,390628,2018,3,0,0,0.0,0,0
314,390637,2018,4,0,0,0.0,0,0
314,390906,2018,9,0,0,0.0,0,0
314,390497,2018,12,0,0,0.0,0,0
315,392297,2018,6,12,27840,41260.0,0,0
315,392298,2018,10,8,12688,25432.0,0,0
315,390299,2018,9,8,12152,25528.0,0,0
315,390900,2018,9,9,18324,20006.0,0,0
315,390642,2018,2,4,8892,10478.0,0,0
315,390662,2018,3,2,2584,6900.0,0,0
315,390903,2018,2,1,0,0.0,0,0
315,390603,2018,3,0,0,0.0,0,0
315,392823,2018,4,0,0,0.0,0,0
315,390906,2018,11,0,0,0.0,0,0
315,390907,2018,12,0,0,0.0,0,0
316,390607,2018,6,12,28144,42266.0,0,0
316,390618,2018,10,8,16618,25902.0,0,0
316,390609,2018,9,8,12992,22408.0,0,0
316,390619,2018,9,8,19700,20000.0,0,0
316,390299,2018,4,4,8800,10000.0,0,0
316,390602,2018,3,4,2816,6900.0,0,0
316,390903,2018,2,1,0,0.0,0,0
316,390603,2018,3,0,0,0.0,0,0
316,390605,2018,9,0,0,0.0,0,0
316,390606,2018,11,0,0,0.0,0,0
316,390607,2018,12,0,0,0.0,0,0
317,390649,2018,5,20,27800,31200.0,0,0
317,390610,2018,12,9,16128,25432.0,0,0
317,390201,2018,9,8,15378,23522.0,0,0
317,390299,2018,9,2,5524,8936.0,0,0
317,390901,2018,0,4,8600,10000.0,0,0
317,390643,2018,3,2,2812,3700.0,0,0
317,390617,2018,2,1,0,0.0,0,0
317,392898,2018,3,0,0,0.0,0,0
317,390633,2018,9,0,0,0.0,0,0
317,390906,2018,11,0,0,0.0,0,0
317,392307,2018,12,0,0,0.0,0,0
318,392297,2018,6,20,22860,40290.0,0,0
318,392298,2018,12,12,16688,25432.0,0,0
318,390299,2018,8,8,12324,25906.0,0,0
318,390630,2018,9,8,11524,25936.0,0,0
318,392299,2018,2,4,8600,10000.0,0,0
318,390297,2018,3,2,2382,6900.0,0,0
318,390662,2018,2,1,0,0.0,0,0
318,392897,2018,3,0,0,0.0,0,0
318,392899,2018,9,0,0,0.0,0,0
318,390938,2018,11,0,0,0.0,0,0
318,390907,2018,12,0,0,0.0,0,0
319,392297,2018,6,12,27880,41260.0,0,0
319,390618,2018,12,9,18128,25732.0,0,0
319,390909,2018,9,8,12884,25736.0,0,0
319,390293,2018,9,4,5524,5436.0,0,0
319,390299,2018,4,6,12600,10000.0,0,0
319,390662,2018,3,2,2800,6900.0,0,0
319,390603,2018,2,1,0,0.0,0,0
319,390667,2018,3,0,0,0.0,0,0
319,390669,2018,9,0,0,0.0,0,0
319,390906,2018,11,0,0,0.0,0,0
319,390907,2018,12,0,0,0.0,0,0
320,392816,2018,6,16,15742,25568.0,0,0
320,392297,2018,7,12,28388,34432.0,0,0
320,390299,2018,9,8,18392,22528.0,0,0
320,390500,2018,9,4,8824,5536.0,0,0
320,390619,2018,2,4,8340,12918.0,0,0
320,390902,2018,11,2,2384,6900.0,0,0
320,390633,2018,2,1,0,0.0,0,0
320,390908,2018,1,0,0,0.0,0,0
320,390603,2018,4,0,0,0.0,0,0
320,390906,2018,9,0,0,0.0,0,0
320,392307,2018,12,0,0,0.0,0,0
321,392290,2018,6,12,12864,15996.0,0,0
321,392801,2018,6,28,16688,25432.0,0,0
321,390299,2018,8,8,12992,25728.0,0,0
321,390900,2018,9,8,18284,24536.0,0,0
321,390900,2018,4,4,8600,10000.0,0,0
321,390297,2018,3,2,2800,6900.0,0,0
321,390903,2018,2,1,2394,5806.0,0,0
321,390498,2018,3,0,0,0.0,0,0
321,392905,2018,9,0,0,0.0,0,0
321,390606,2018,11,0,0,0.0,0,0
321,390907,2018,12,0,0,0.0,0,0
322,392297,2018,6,12,27864,41796.0,0,0
322,392918,2018,10,8,16588,25932.0,0,0
322,392299,2018,10,8,12343,20821.0,0,0
322,390600,2018,9,4,8324,12536.0,0,0
322,390615,2018,2,2,8600,10005.0,0,0
322,390617,2018,3,2,2812,6700.0,0,0
322,390903,2018,2,1,2881,5400.0,0,0
322,390667,2018,3,0,0,0.0,0,0
322,390638,2018,4,0,0,0.0,0,0
322,390906,2018,9,0,0,0.0,0,0
322,390907,2018,12,0,0,0.0,0,0
323,392297,2018,6,20,22860,40290.0,0,0
323,392298,2018,12,9,12688,25432.0,0,0
323,390299,2018,9,8,10524,25726.0,0,0
323,390290,2018,9,4,5524,5936.0,0,0
323,390631,2018,4,4,8600,12528.0,0,0
323,390669,2018,3,2,0,0.0,0,0
323,390603,2018,2,0,0,0.0,0,0
323,390297,2018,3,0,0,0.0,0,0
323,390638,2018,9,0,0,0.0,0,0
323,390532,2018,11,0,0,0.0,0,0
323,390907,2018,12,0,0,0.0,0,0
324,390297,2018,6,20,26840,40260.0,0,0
324,390298,2018,12,9,16994,22736.0,0,0
324,390299,2018,9,8,12252,23738.0,0,0
324,390600,2018,9,8,19824,29516.0,376,0
324,390299,2018,4,4,8600,20000.0,0,0
324,390902,2018,3,2,2813,6900.0,0,0
324,390617,2018,2,1,2341,8900.5,0,0
324,390908,2018,4,0,0,0.0,0,0
324,390638,2018,9,0,0,0.0,0,0
324,390606,2018,11,0,0,0.0,0,0
324,392307,2018,12,0,0,0.0,0,0
325,392297,2018,6,20,27840,41260.0,0,0
325,392298,2018,12,3,8378,12532.0,0,0
325,390909,2018,9,8,11584,22906.0,0,0
325,392200,2018,9,4,9824,5936.0,0,0
325,392299,2018,2,0,600,10000.0,0,0
325,392302,2018,3,0,0,0.0,0,0
325,392893,2018,3,0,0,0.0,0,0
325,390668,2018,3,0,0,0.0,0,0
325,392903,2018,9,0,0,0.0,0,0
325,390906,2018,11,0,0,0.0,0,0
325,392907,2018,12,0,0,0.0,0,0
326,392297,2018,6,12,27844,41766.0,0,0
326,392908,2018,10,8,18328,25592.0,0,0
326,392299,2018,9,8,12324,25726.0,0,0
326,392299,2018,9,4,8524,5536.0,0,0
326,390903,2018,4,4,8600,10004.0,0,0
326,392862,2018,3,2,2800,6900.0,0,0
326,390617,2018,2,0,0,0.0,0,0
326,390904,2018,3,0,0,0.0,0,0
326,390638,2018,9,0,0,0.0,0,0
326,390636,2018,11,0,0,0.0,0,0
326,390907,2018,12,0,0,0.0,0,0
327,390649,2018,5,20,26800,30200.0,0,0
327,390690,2018,12,8,16128,22752.0,0,0
327,390291,2018,9,8,17104,20526.0,0,0
327,390600,2018,9,4,5524,6936.0,0,0
327,390601,2018,4,6,13600,20000.0,0,0
327,390662,2018,3,2,2321,4700.0,0,0
327,390617,2018,2,0,0,0.0,0,0
327,390608,2018,3,0,0,0.0,0,0
327,390633,2018,9,0,0,0.0,0,0
327,390906,2018,11,0,0,0.0,0,0
327,390607,2018,12,0,0,0.0,0,0
328,392297,2018,6,12,17884,25516.0,0,0
328,390298,2018,5,8,18378,27912.0,0,0
328,392299,2018,9,8,12292,25228.0,0,0
328,390299,2018,9,4,5524,5536.0,0,0
328,390900,2018,4,6,11600,12521.0,0,0
328,390290,2018,3,2,2100,6800.0,0,0
328,390617,2018,2,1,0,0.5,0,0
328,390608,2018,3,0,0,0.0,0,0
328,390905,2018,9,0,0,0.0,0,0
328,390639,2018,11,0,0,0.0,0,0
328,392299,2018,12,0,0,0.0,0,0
329,390297,2018,6,20,22840,40260.0,0,0
329,392298,2018,12,9,16618,24742.0,0,0
329,390299,2018,9,1,9892,22328.0,0,0
329,390900,2018,9,4,3700,6330.0,0,0
329,392299,2018,4,0,800,0.0,0,0
329,390909,2018,3,0,0,0.0,0,0
329,390617,2018,5,0,0,0.0,0,0
329,390609,2018,3,0,0,0.0,0,0
329,390667,2018,9,0,0,0.0,0,0
329,390666,2018,11,0,0,0.0,0,0
329,390907,2018,12,0,0,0.0,0,0
330,392297,2018,6,20,27800,41700.0,0,0
330,392298,2018,12,9,18688,22432.0,0,0
330,392619,2018,4,8,15324,25476.0,0,0
330,390660,2018,9,4,3724,5336.0,0,0
330,390600,2018,4,4,8600,12638.0,0,0
330,390299,2018,3,2,2800,6500.0,0,0
330,390603,2018,2,0,0,0.0,0,0
330,392898,2018,3,0,0,0.0,0,0
330,390633,2018,9,0,0,0.0,0,0
330,390632,2018,11,0,0,0.0,0,0
330,390907,2018,12,0,0,0.0,0,0
331,392297,2018,6,12,17884,21276.0,0,0
331,390298,2018,10,8,18376,25164.0,0,0
331,390299,2018,7,8,12992,29828.0,0,0
331,390600,2018,9,4,5520,24530.0,0,0
331,390949,2018,4,4,8600,12338.0,0,0
331,390619,2018,3,2,2800,6968.0,0,0
331,390297,2018,2,1,0,0.0,0,0
331,390887,2018,6,0,0,0.0,0,0
331,390299,2018,9,0,0,0.0,0,0
331,390906,2018,11,0,0,0.0,0,0
331,390907,2018,12,0,0,0.0,0,0
332,392297,2018,6,20,26840,40260.0,0,0
332,392298,2018,12,8,18378,25552.0,0,0
332,392299,2018,9,8,12992,22408.0,0,0
332,390299,2018,9,8,19824,20006.0,0,0
332,390601,2018,4,4,8892,12528.0,0,0
332,390290,2018,3,2,2327,6900.0,0,0
332,390633,2018,2,1,0,0.0,0,0
332,390668,2018,6,0,0,0.0,0,0
332,390638,2018,9,0,0,0.0,0,0
332,390906,2018,11,0,0,0.0,0,0
332,392097,2018,12,0,0,0.0,0,0
333,392297,2018,6,12,27884,41746.0,0,0
333,390298,2018,10,8,18388,24732.0,0,0
333,390209,2018,9,6,18392,24738.0,0,0
333,392200,2018,9,4,8324,15736.0,0,0
333,390661,2018,4,4,8342,10014.0,0,0
333,392299,2018,3,2,2568,6938.0,0,0
333,390297,2018,2,1,0,0.0,0,0
333,390667,2018,3,0,0,0.0,0,0
333,392903,2018,9,0,0,0.0,0,0
333,390906,2018,11,0,0,0.0,0,0
333,390607,2018,12,0,0,0.0,0,0
334,392297,2018,6,20,26840,30260.0,0,0
334,390298,2018,12,9,12373,22532.0,0,0
334,392299,2018,8,8,12124,25436.0,0,0
334,392299,2018,9,3,7324,6536.0,0,0
334,390900,2018,4,6,8600,12518.0,0,0
334,392902,2018,3,2,9800,3700.0,0,0
334,390603,2018,2,7,0,0.0,0,0
334,390630,2018,5,0,0,0.0,0,0
334,392898,2018,9,0,0,0.0,0,0
334,390906,2018,11,0,0,0.0,0,0
334,392907,2018,12,0,0,0.0,0,0
335,390297,2018,6,20,26840,40260.0,0,0
335,390908,2018,12,9,18128,22512.0,0,0
335,390909,2018,9,8,12324,25516.0,0,0
335,390700,2018,9,4,1792,12538.0,0,0
335,390601,2018,4,4,8340,12538.0,0,0
335,390662,2018,3,2,2532,6932.0,0,0
335,390617,2018,2,1,0,0.0,0,0
335,390667,2018,3,0,0,0.0,0,0
335,390638,2018,9,0,0,0.0,0,0
335,390306,2018,11,0,0,0.0,0,0
335,390907,2018,12,0,0,0.0,0,0
336,392297,2018,6,20,22840,40260.0,0,0
336,390298,2018,10,8,18128,25792.0,0,0
336,392299,2018,9,8,12392,29218.0,0,0
336,390900,2018,9,4,5520,8930.0,0,0
336,390639,2018,4,4,8892,12518.0,0,0
336,390666,2018,3,2,2600,6900.0,0,0
336,390903,2018,2,1,0,0.0,0,0
336,390668,2018,3,0,0,0.0,0,0
336,390605,2018,9,0,0,0.0,0,0
336,390006,2018,11,0,0,0.0,0,0
336,390907,2018,12,0,0,0.0,0,0
337,392297,2018,6,12,22844,42266.0,0,0
337,390298,2018,10,8,19868,25732.0,0,0
337,392299,2018,4,8,19884,24736.0,0,0
337,390900,2018,9,4,8324,24936.0,0,0
337,390601,2018,4,4,8600,11438.0,0,0
337,392902,2018,3,2,2800,6900.0,0,0
337,390616,2018,2,1,0,0.0,0,0
337,390603,2018,3,0,0,0.0,0,0
337,390905,2018,9,0,0,0.0,0,0
337,390658,2018,11,0,0,0.0,0,0
337,390607,2018,12,0,0,0.0,0,0
338,392297,2018,6,12,27884,41906.0,0,0
338,390298,2018,10,8,16688,22532.0,0,0
338,392299,2018,9,6,18352,29728.0,0,0
338,390299,2018,9,4,8388,20076.0,0,0
338,390900,2018,4,4,8600,12518.0,0,0
338,390299,2018,3,2,2388,6900.0,0,0
338,390903,2018,2,1,0,0.0,0,0
338,390608,2018,3,0,0,0.0,0,0
338,390619,2018,9,0,0,0.0,0,0
338,390906,2018,11,0,0,0.0,0,0
338,392297,2018,12,0,0,0.0,0,0
339,390297,2018,6,20,26840,40260.0,0,0
339,390912,2018,12,9,16618,25432.0,0,0
339,390299,2018,9,8,18324,20826.0,0,0
339,390948,2018,9,8,16324,20006.0,0,0
339,390902,2018,4,4,8600,13468.0,0,0
339,392202,2018,9,2,2600,6900.0,0,0
339,390903,2018,2,1,1811,5411.0,0,0
339,390668,2018,3,0,0,0.0,0,0
339,392803,2018,9,0,0,0.0,0,0
339,390639,2018,11,0,0,0.0,0,0
339,390907,2018,12,0,0,0.0,0,0
340,392915,2018,6,16,17864,25596.0,0,0
340,392016,2018,7,12,16630,21435.0,0,0
340,392297,2018,9,8,15292,25908.0,0,0
340,392200,2018,9,4,5524,5936.0,676,0
340,392299,2018,4,6,11804,12338.0,0,0
340,390662,2018,3,4,2800,6700.0,0,0
340,390297,2018,5,1,1868,6800.0,0,0
340,392308,2018,3,0,0,0.0,0,0
340,392903,2018,9,0,0,0.0,0,0
340,390906,2018,11,0,0,0.0,0,0
340,392607,2018,12,0,0,0.0,0,0
341,392800,2018,6,12,22864,42296.0,0,0
341,392901,2018,6,8,18688,22522.0,0,0
341,390612,2018,10,8,16192,25728.0,0,0
341,390900,2018,9,4,5524,29536.0,0,0
341,392899,2018,2,4,8340,12538.0,0,0
341,392802,2018,3,2,2800,3732.0,0,0
341,390903,2018,5,1,2384,2700.0,0,0
341,390667,2018,3,0,0,0.0,0,0
341,390633,2018,9,0,0,0.0,0,0
341,392905,2018,11,0,0,0.0,0,0
341,392907,2018,12,0,0,0.0,0,0
342,392297,2018,6,20,27860,41290.0,0,0
342,392298,2018,10,8,16688,25732.0,0,0
342,390299,2018,11,8,12324,24736.0,0,0
342,392890,2018,9,4,8323,5944.0,0,0
342,390601,2018,4,4,8100,10000.0,0,0
342,392802,2018,3,2,2800,7900.0,0,0
342,390603,2018,2,1,2384,5800.5,346,0
342,390902,2018,3,0,0,0.0,0,0
342,390637,2018,4,0,0,0.0,0,0
342,390906,2018,9,0,0,0.0,0,0
342,390607,2018,12,0,0,0.0,0,0
343,392297,2018,6,12,27884,41266.0,0,0
343,390298,2018,10,8,18376,25474.0,0,0
343,390299,2018,9,8,16304,20526.0,0,0
343,390290,2018,9,4,8824,20076.0,0,0
343,390601,2018,4,4,8600,12912.0,0,0
343,390602,2018,9,2,2381,6900.0,0,0
343,390613,2018,2,9,12321,8811.0,0,0
343,390898,2018,3,0,0,0.0,0,0
343,390905,2018,4,0,0,0.0,0,0
343,390906,2018,9,0,0,0.0,0,0
343,390907,2018,12,0,0,0.0,0,0
344,392297,2018,6,20,28140,34900.0,0,0
344,392298,2018,12,8,12628,28962.0,0,0
344,392299,2018,9,8,11884,25826.0,0,0
344,390600,2018,9,4,3708,5932.0,0,0
344,390649,2018,4,0,0,10000.0,0,0
344,392002,2018,3,0,0,0.0,0,0
344,390616,2018,2,0,0,0.0,0,0
344,390602,2018,3,0,0,0.0,0,0
344,392305,2018,9,0,0,0.0,0,0
344,390906,2018,11,0,0,0.0,0,0
344,392859,2018,12,0,0,0.0,0,0
345,392297,2018,6,20,26840,40260.0,0,0
345,390298,2018,12,8,16608,22532.0,0,0
345,390299,2018,9,8,14324,24726.0,0,0
345,390632,2018,9,4,5324,6516.0,0,0
345,390299,2018,4,4,8600,10000.0,0,0
345,390602,2018,8,2,2600,6932.0,0,0
345,390903,2018,2,1,0,0.0,0,0
345,390668,2018,3,0,0,0.0,0,0
345,390633,2018,9,0,0,0.0,0,0
345,390669,2018,11,0,0,0.0,0,0
345,390907,2018,12,0,0,0.0,0,0
346,392297,2018,6,20,22860,45260.0,0,0
346,392298,2018,12,8,18328,22732.0,0,0
346,392009,2018,9,8,12324,25716.0,0,0
346,392290,2018,9,8,18883,25536.0,0,0
346,390902,2018,2,2,8609,10004.0,0,0
346,390902,2018,3,4,2384,3738.0,0,0
346,392897,2018,2,9,12381,5901.0,0,0
346,392908,2018,3,0,0,0.0,0,0
346,390637,2018,9,0,0,0.0,0,0
346,390909,2018,11,0,0,0.0,0,0
346,390907,2018,12,0,0,0.0,0,0
347,389560,2018,8,20,12840,25260.0,0,0
347,388901,2018,6,12,28328,22512.0,0,0
347,392292,2018,12,12,16184,20716.0,0,0
347,390299,2018,9,8,19824,29536.0,0,0
347,390602,2018,2,8,12800,20468.0,0,0
347,390602,2018,3,4,4600,6900.0,0,0
347,390207,2018,2,8,11881,5700.0,0,0
347,390898,2018,3,0,0,0.0,0,0
347,392807,2018,9,0,0,0.0,0,0
347,390906,2018,11,0,0,0.0,0,0
347,390299,2018,10,0,0,0.0,0,0
348,390297,2018,6,20,26840,40260.0,0,0
348,390688,2018,10,8,15688,25432.0,0,0
348,390619,2018,9,8,15384,22406.0,0,0
348,390200,2018,9,4,5524,5936.0,0,0
348,390200,2018,4,4,9600,10000.0,0,0
348,390619,2018,3,2,0,0.0,0,0
348,390616,2018,2,1,0,0.0,0,0
348,390698,2018,3,0,0,0.0,0,0
348,392897,2018,9,0,0,0.0,0,0
348,390906,2018,11,0,0,0.0,0,0
348,390907,2018,12,0,0,0.0,0,0
349,392297,2018,6,20,26840,40260.0,0,0
349,392298,2018,12,9,18378,22532.0,0,0
349,390209,2018,9,8,12952,24728.0,0,0
349,392800,2018,9,8,15596,25736.0,0,0
349,390661,2018,2,4,8842,12912.0,0,0
349,390902,2018,3,2,2321,6500.0,0,0
349,392897,2018,2,1,5600,6800.0,0,0
349,392898,2018,3,0,0,0.0,0,0
349,392903,2018,9,0,0,0.0,0,0
349,390306,2018,11,0,0,0.0,0,0
349,392897,2018,12,0,0,0.0,0,0
350,392297,2018,6,12,22864,34796.0,0,0
350,392298,2018,10,8,18628,22532.0,0,0
350,390299,2018,9,6,11800,24700.0,0,0
350,390660,2018,9,2,8324,5966.0,0,0
350,390299,2018,4,4,8600,12538.0,0,0
350,392899,2018,9,2,2600,6900.0,0,0
350,390637,2018,2,1,0,0.0,0,0
350,390902,2018,6,0,0,0.0,0,0
350,392823,2018,9,0,0,0.0,0,0
350,390506,2018,11,0,0,0.0,0,0
350,390907,2018,12,0,0,0.0,0,0
351,392915,2018,6,16,12864,25296.0,0,0
351,392296,2018,8,12,28435,38932.0,0,0
351,390297,2018,9,8,12324,25906.0,0,0
351,392298,2018,9,8,15624,25536.0,0,0
351,390909,2018,4,4,8600,10000.0,0,0
351,390666,2018,3,2,2800,4700.0,0,0
351,390617,2018,2,1,1884,6800.0,0,0
351,390638,2018,3,0,0,0.0,0,0
351,392905,2018,9,0,0,0.0,0,0
351,390909,2018,11,0,0,0.0,0,0
351,390907,2018,12,0,0,0.0,0,0
352,392815,2018,6,16,12864,25596.0,0,0
352,392296,2018,4,8,18684,25536.0,0,0
352,392097,2018,9,8,15604,24256.0,0,0
352,392298,2018,9,4,3624,20006.0,0,0
352,390639,2018,4,4,8349,12938.0,0,0
352,392802,2018,3,2,2318,3838.0,0,0
352,390293,2018,2,1,0,0.0,0,0
352,390608,2018,3,0,0,0.0,0,0
352,390633,2018,9,0,0,0.0,0,0
352,390909,2018,11,0,0,0.0,0,0
352,390907,2018,12,0,0,0.0,0,0
353,392816,2018,7,16,12844,25336.0,0,0
353,392897,2018,9,8,18378,22532.0,0,0
353,390605,2018,10,6,16324,25336.0,0,0
353,390669,2018,9,4,8324,29516.0,0,0
353,392899,2018,0,4,8600,12638.0,0,0
353,392822,2018,3,2,2800,6900.0,0,0
353,390297,2018,2,1,1881,6800.0,0,0
353,392907,2018,3,0,0,0.0,0,0
353,390099,2018,9,0,0,0.0,0,0
353,390906,2018,11,0,0,0.0,0,0
353,390607,2018,10,0,0,0.0,0,0
354,389297,2018,6,20,27840,41260.0,0,0
354,390298,2018,12,9,16688,25432.0,0,0
354,390299,2018,9,8,12912,24728.0,0,0
354,390600,2018,9,4,8527,5518.0,0,0
354,390600,2018,3,4,8600,12518.0,0,0
354,390662,2018,3,2,2800,0.0,0,0
354,390903,2018,2,1,0,0.0,0,0
354,390658,2018,4,0,0,0.0,0,0
354,392903,2018,9,0,0,0.0,0,0
354,390909,2018,11,0,0,0.0,0,0
354,390907,2018,12,0,0,0.0,0,0
355,392297,2018,6,20,26840,40260.0,0,0
355,390618,2018,12,12,16128,25432.0,0,0
355,390209,2018,9,8,12992,21328.0,0,0
355,390290,2018,9,8,11768,20002.0,0,0
355,390901,2018,4,6,13600,10000.0,0,0
355,390602,2018,3,2,2600,6900.0,0,0
355,390299,2018,2,1,0,0.0,0,0
355,390607,2018,6,0,0,0.0,0,0
355,390907,2018,9,0,0,0.0,0,0
355,390662,2018,11,0,0,0.0,0,0
355,390907,2018,12,0,0,0.0,0,0
356,390297,2018,6,12,28844,42266.0,0,0
356,390618,2018,10,8,16128,25532.0,0,0
356,390299,2018,9,6,12324,23906.0,0,0
356,390600,2018,9,4,8324,20916.0,0,0
356,392299,2018,4,6,12600,12638.0,0,0
356,390602,2018,3,2,2800,3732.0,0,0
356,390903,2018,2,1,0,0.0,0,0
356,390908,2018,3,0,0,0.0,0,0
356,390299,2018,9,0,0,0.0,0,0
356,390606,2018,11,0,0,0.0,0,0
356,390907,2018,12,0,0,0.0,0,0
357,392297,2018,6,12,12844,25266.0,0,0
357,392298,2018,12,8,16688,24732.0,0,0
357,392299,2018,9,8,16324,20836.0,0,0
357,390600,2018,9,4,8800,5730.0,0,0
357,390901,2018,2,4,8600,10000.0,0,0
357,392899,2018,3,2,0,0.0,0,0
357,390297,2018,2,0,0,0.0,0,0
357,390603,2018,3,0,0,0.0,0,0
357,390903,2018,9,0,0,0.0,0,0
357,390906,2018,11,0,0,0.0,0,0
357,390907,2018,12,0,0,0.0,0,0
358,392207,2018,6,12,27676,41904.0,0,0
358,390618,2018,10,8,11888,25432.0,0,0
358,390299,2018,9,8,16808,24722.0,0,0
358,390299,2018,9,4,8324,5576.0,0,0
358,390915,2018,3,4,8600,12518.0,0,0
358,390617,2018,3,2,2800,3332.0,0,0
358,390297,2018,2,1,0,0.0,0,0
358,390668,2018,8,0,0,0.0,0,0
358,390637,2018,9,0,0,0.0,0,0
358,390906,2018,11,0,0,0.0,0,0
358,392537,2018,12,0,0,0.0,0,0
359,392297,2018,6,20,27840,41960.0,0,0
359,390298,2018,12,8,16688,25532.0,0,0
359,390649,2018,9,8,12324,25336.0,0,0
359,390200,2018,9,4,5524,5516.0,0,0
359,390901,2018,2,0,0,0.0,0,0
359,390619,2018,3,0,0,0.0,0,0
359,390617,2018,4,0,0,0.0,0,0
359,390638,2018,3,0,0,0.0,0,0
359,392299,2018,9,0,0,0.0,0,0
359,392306,2018,11,0,0,0.0,0,0
359,392297,2018,12,0,0,0.0,0,0
360,392277,2018,6,12,27844,41266.0,0,0
360,390298,2018,10,8,12688,25432.0,0,0
360,390299,2018,9,8,12992,20828.0,0,0
360,390600,2018,9,4,8324,23336.0,0,0
360,390639,2018,4,4,8600,6652.0,0,0
360,390902,2018,3,2,2324,6900.0,0,0
360,390293,2018,2,1,2321,3100.0,0,0
360,390903,2018,2,0,0,0.0,0,0
360,390605,2018,9,0,0,0.0,0,0
360,390906,2018,11,0,0,0.0,0,0
360,390907,2018,12,0,0,0.0,0,0
361,392849,2018,5,12,22864,43796.0,0,0
361,392290,2018,6,8,16688,25432.0,0,0
361,390611,2018,9,6,18824,20326.0,0,0
361,392298,2018,9,2,3600,5516.0,0,0
361,390639,2018,3,4,8842,10000.0,0,0
361,392802,2018,3,2,2329,7932.0,0,0
361,390617,2018,2,0,0,0.0,0,0
361,390068,2018,3,0,0,0.0,0,0
361,392903,2018,9,0,0,0.0,0,0
361,390906,2018,11,0,0,0.0,0,0
361,392307,2018,12,0,0,0.0,0,0
362,392035,2018,6,12,27864,41796.0,0,0
362,392916,2018,10,8,16288,25532.0,0,0
362,392297,2018,11,6,18374,20866.0,0,0
362,390900,2018,9,4,8524,25736.0,0,0
362,390903,2018,2,4,8600,12512.0,0,0
362,390802,2018,3,2,2992,3800.0,0,0
362,392003,2018,2,1,2349,3100.0,0,0
362,392302,2018,3,0,0,0.0,0,0
362,392903,2018,9,0,0,0.0,0,0
362,392947,2018,9,0,0,0.0,0,0
362,392299,2018,12,0,0,0.0,0,0
363,392247,2018,6,12,27884,41726.0,0,0
363,390618,2018,10,8,16688,25432.0,0,0
363,392099,2018,9,8,12121,20728.0,0,0
363,390699,2018,9,2,5524,5516.0,0,0
363,390601,2018,4,2,6600,10000.0,0,0
363,390899,2018,9,2,2368,3892.0,0,0
363,390617,2018,2,1,0,0.0,0,0
363,390698,2018,3,0,0,0.0,0,0
363,390633,2018,9,0,0,0.0,0,0
363,390906,2018,11,0,0,0.0,0,0
363,390607,2018,12,0,0,0.0,0,0
364,392297,2018,6,20,26840,40260.0,0,0
364,392098,2018,10,8,16688,25332.0,0,0
364,390299,2018,9,6,12324,25986.0,0,0
364,392800,2018,9,4,3792,15538.0,0,0
364,390600,2018,2,0,800,10738.0,0,0
364,390602,2018,3,0,0,0.0,0,0
364,390669,2018,2,0,0,0.0,0,0
364,390804,2018,6,0,0,0.0,0,0
364,392903,2018,9,0,0,0.0,0,0
364,390658,2018,11,0,0,0.0,0,0
364,392907,2018,12,0,0,0.0,0,0
365,390297,2018,6,12,28864,48296.0,0,0
365,390298,2018,10,8,16688,25432.0,0,0
365,390689,2018,8,8,12324,28906.0,0,0
365,390200,2018,9,4,8600,5530.0,0,0
365,390609,2018,4,4,9800,12714.0,0,0
365,390602,2018,3,2,2812,6900.0,0,0
365,390603,2018,2,1,0,0.5,0,0
365,390667,2018,6,0,0,0.0,0,0
365,392293,2018,9,0,0,0.0,0,0
365,390638,2018,11,0,0,0.0,0,0
365,392307,2018,12,0,0,0.0,0,0
366,392297,2018,6,20,27870,41940.0,0,0
366,392898,2018,12,12,16288,25522.0,0,0
366,392249,2018,9,8,12524,25826.0,0,0
366,390669,2018,9,2,5524,5936.0,0,0
366,390900,2018,10,4,8600,12538.0,0,0
366,390662,2018,3,2,2600,0.0,0,0
366,390497,2018,2,1,0,0.0,0,0
366,392898,2018,3,0,0,0.0,0,0
366,392823,2018,9,0,0,0.0,0,0
366,390298,2018,11,0,0,0.0,0,0
366,390907,2018,12,0,0,0.0,0,0
367,390297,2018,6,20,28840,40260.0,0,0
367,390298,2018,10,8,16628,25412.0,0,0
367,390099,2018,9,8,11252,25908.0,0,0
367,390669,2018,9,4,8324,15536.0,0,0
367,390601,2018,2,4,8600,12438.0,0,0
367,390602,2018,3,2,2324,6948.0,0,0
367,390903,2018,2,1,2381,6800.5,376,0
367,390603,2018,3,0,0,0.0,0,0
367,390631,2018,9,0,0,0.0,0,0
367,390609,2018,11,0,0,0.0,0,0
367,390607,2018,12,0,0,0.0,0,0
368,392297,2018,6,20,27840,41960.0,0,0
368,392278,2018,12,9,18388,25482.0,0,0
368,390299,2018,9,8,19292,29258.0,0,0
368,390600,2018,9,4,5524,5536.0,0,0
368,392899,2018,2,4,8600,12538.0,0,0
368,392300,2018,3,2,2324,0.0,0,0
368,392803,2018,2,0,0,0.0,0,0
368,390638,2018,6,0,0,0.0,0,0
368,392899,2018,9,0,0,0.0,0,0
368,390669,2018,11,0,0,0.0,0,0
368,390607,2018,12,0,0,0.0,0,0
369,392297,2018,6,20,28840,42260.0,0,0
369,390298,2018,12,8,15688,28932.0,0,0
369,390299,2018,9,8,12604,22526.0,0,0
369,392299,2018,9,8,11792,25538.0,0,0
369,390299,2018,4,4,8600,12512.0,0,0
369,390899,2018,3,2,2600,5500.0,0,0
369,390297,2018,2,1,0,0.0,0,0
369,390902,2018,5,0,0,0.0,0,0
369,392301,2018,9,0,0,0.0,0,0
369,390539,2018,9,0,0,0.0,0,0
369,392827,2018,12,0,0,0.0,0,0
370,392816,2018,7,16,12656,25364.0,0,0
370,392907,2018,6,16,18388,22532.0,0,0
370,392299,2018,12,8,11224,25406.0,0,0
370,390299,2018,9,8,18812,20006.0,0,0
370,392899,2018,4,4,8800,10000.0,0,0
370,390602,2018,3,4,2800,6900.0,0,0
370,390903,2018,2,1,1800,2900.0,0,0
370,390898,2018,3,0,0,0.0,0,0
370,390657,2018,9,0,0,0.0,0,0
370,390306,2018,11,0,0,0.0,0,0
370,390907,2018,12,0,0,0.0,0,0
371,390297,2018,6,20,26840,40260.0,0,0
371,390298,2018,12,8,16228,24732.0,0,0
371,390299,2018,8,8,16324,24906.0,0,0
371,390290,2018,9,4,8824,5536.0,0,0
371,392901,2018,4,4,8892,12918.0,0,0
371,390642,2018,3,2,4600,6800.0,0,0
371,390499,2018,2,1,0,0.0,0,0
371,390608,2018,3,0,0,0.0,0,0
371,390299,2018,4,0,0,0.0,0,0
371,390606,2018,9,0,0,0.0,0,0
371,390907,2018,12,0,0,0.0,0,0
372,390297,2018,6,20,26840,40260.0,0,0
372,390298,2018,10,8,18128,25432.0,0,0
372,390299,2018,9,8,12324,27906.0,0,0
372,390800,2018,9,4,8324,25936.0,0,0
372,390299,2018,4,4,8600,12938.0,0,0
372,390662,2018,3,2,2600,6800.0,0,0
372,390903,2018,2,1,0,0.0,0,0
372,390668,2018,3,0,0,0.0,0,0
372,392899,2018,9,0,0,0.0,0,0
372,390606,2018,11,0,0,0.0,0,0
372,392907,2018,10,0,0,0.0,0,0
373,392297,2018,6,20,26860,40290.0,0,0
373,392298,2018,12,9,16688,25962.0,0,0
373,392299,2018,9,8,12324,24726.0,0,0
373,392292,2018,8,2,2324,5536.0,0,0
373,395901,2018,4,4,8892,14918.0,0,0
373,390602,2018,3,2,2600,4700.0,0,0
373,390619,2018,2,1,0,2.0,0,0
373,390904,2018,3,0,0,0.0,0,0
373,390633,2018,9,0,0,0.0,0,0
373,390298,2018,11,0,0,0.0,0,0
373,390907,2018,12,0,0,0.0,0,0
374,392207,2018,6,12,12880,15700.0,0,0
374,390298,2018,12,9,12688,25532.0,0,0
374,390299,2018,9,8,15324,25736.0,0,0
374,390669,2018,9,8,19924,24736.0,0,0
374,390633,2018,6,4,5600,12638.0,0,0
374,390666,2018,3,2,2618,3700.0,0,0
374,390603,2018,2,1,5811,3100.0,0,0
374,392808,2018,3,0,0,0.0,0,0
374,390937,2018,9,0,0,0.0,0,0
374,390906,2018,9,0,0,0.0,0,0
374,392899,2018,12,0,0,0.0,0,0
375,392206,2018,6,12,22864,42296.0,0,0
375,390297,2018,10,8,18628,25432.0,0,0
375,392299,2018,9,8,12592,24792.0,0,0
375,390298,2018,9,4,8323,5936.0,0,0
375,390631,2018,4,6,8600,10000.0,0,0
375,390662,2018,9,2,2321,6900.0,0,0
375,390907,2018,2,1,2381,3162.5,366,0
375,390608,2018,3,0,0,0.0,0,0
375,392933,2018,4,0,0,0.0,0,0
375,392906,2018,9,0,0,0.0,0,0
375,390907,2018,12,0,0,0.0,0,0
376,392817,2018,6,16,12680,15360.0,0,0
376,392298,2018,10,8,15688,22532.0,0,0
376,390499,2018,9,8,12994,25826.0,0,0
376,390619,2018,9,8,15524,25536.0,0,0
376,390299,2018,2,4,8600,12700.0,0,0
376,390616,2018,3,2,2324,6636.0,0,0
376,390823,2018,2,0,0,0.0,0,0
376,392898,2018,3,0,0,0.0,0,0
376,390637,2018,9,0,0,0.0,0,0
376,390906,2018,11,0,0,0.0,0,0
376,390907,2018,12,0,0,0.0,0,0
377,392206,2018,6,12,12864,25596.0,0,0
377,392807,2018,8,12,28128,35432.0,0,0
377,392299,2018,10,8,12544,23826.0,0,0
377,390298,2018,9,8,12794,25336.0,0,0
377,390601,2018,4,6,16600,12528.0,0,0
377,390602,2018,3,2,2381,14700.0,0,0
377,390603,2018,2,1,0,0.0,0,0
377,390902,2018,3,0,0,0.0,0,0
377,392299,2018,9,0,0,0.0,0,0
377,390909,2018,11,0,0,0.0,0,0
377,392607,2018,12,0,0,0.0,0,0
378,392297,2018,6,20,27840,41260.0,0,0
378,392808,2018,12,8,18637,22512.0,0,0
378,390299,2018,10,8,12292,25908.0,0,0
378,390299,2018,9,4,5524,5936.0,0,0
378,390661,2018,2,0,600,10000.0,0,0
378,390662,2018,3,0,0,0.0,0,0
378,390497,2018,2,0,0,0.0,0,0
378,390858,2018,3,0,0,0.0,0,0
378,392824,2018,9,0,0,0.0,0,0
378,390906,2018,11,0,0,0.0,0,0
378,392899,2018,12,0,0,0.0,0,0
379,392297,2018,6,12,22864,45996.0,0,0
379,390618,2018,10,8,18376,25214.0,0,0
379,390019,2018,9,8,17804,25436.0,0,0
379,390298,2018,9,4,5524,18936.0,0,0
379,390901,2018,4,4,8608,12918.0,0,0
379,390617,2018,3,2,2352,6900.0,0,0
379,390903,2018,2,1,0,0.0,0,0
379,390668,2018,3,0,0,0.0,0,0
379,392299,2018,9,0,0,0.0,0,0
379,392906,2018,11,0,0,0.0,0,0
379,392907,2018,12,0,0,0.0,0,0
380,392297,2018,6,20,26860,40290.0,0,0
380,390668,2018,12,9,16218,25532.0,0,0
380,392299,2018,6,8,12324,25806.0,0,0
380,392299,2018,9,4,8824,8236.0,0,0
380,392800,2018,4,4,8600,12538.0,0,0
380,390662,2018,5,2,2212,6900.0,0,0
380,392803,2018,2,0,0,0.0,0,0
380,390908,2018,3,0,0,0.0,0,0
380,390637,2018,9,0,0,0.0,0,0
380,392906,2018,11,0,0,0.0,0,0
380,390907,2018,12,0,0,0.0,0,0
381,392297,2018,6,20,27860,41290.0,0,0
381,392298,2018,12,8,16288,28332.0,0,0
381,390299,2018,9,8,12992,23828.0,0,0
381,390900,2018,9,8,15324,25836.0,0,0
381,392299,2018,2,4,8600,12538.0,0,0
381,390902,2018,5,2,2800,6500.0,0,0
381,390667,2018,2,0,0,0.0,0,0
381,390607,2018,3,0,0,0.0,0,0
381,392299,2018,9,0,0,0.0,0,0
381,390906,2018,11,0,0,0.0,0,0
381,390907,2018,12,0,0,0.0,0,0
382,392297,2018,6,20,26860,40290.0,0,0
382,390298,2018,10,8,12688,25432.0,0,0
382,390299,2018,9,6,18312,22408.0,0,0
382,390290,2018,9,2,11292,25938.0,0,0
382,390299,2018,4,4,9892,17938.0,0,0
382,390602,2018,3,2,2600,6900.0,0,0
382,390907,2018,2,1,1,0.0,0,0
382,390668,2018,4,0,0,0.0,0,0
382,390903,2018,9,0,0,0.0,0,0
382,390906,2018,11,0,0,0.0,0,0
382,392299,2018,12,0,0,0.0,0,0
383,392207,2018,6,12,11884,25906.0,0,0
383,392908,2018,10,8,12688,25522.0,0,0
383,392299,2018,9,8,12804,20336.0,0,0
383,390298,2018,9,4,5520,5530.0,0,0
383,390919,2018,4,6,19800,12538.0,0,0
383,390902,2018,3,4,2327,6900.0,0,0
383,390297,2018,2,0,0,0.0,0,0
383,390817,2018,3,0,0,0.0,0,0
383,392299,2018,9,0,0,0.0,0,0
383,390906,2018,11,0,0,0.0,0,0
383,390907,2018,12,0,0,0.0,0,0
384,392297,2018,6,12,14844,25266.0,0,0
384,392298,2018,8,8,18288,22592.0,0,0
384,390909,2018,12,8,11804,20828.0,0,0
384,390299,2018,9,8,19794,25936.0,0,0
384,390600,2018,4,6,11892,12912.0,0,0
384,390602,2018,3,4,2384,6900.0,0,0
384,390603,2018,2,1,0,0.0,0,0
384,390902,2018,3,0,0,0.0,0,0
384,390903,2018,4,0,0,0.0,0,0
384,390606,2018,9,0,0,0.0,0,0
384,390607,2018,12,0,0,0.0,0,0
385,392017,2018,6,20,27840,41260.0,0,0
385,392298,2018,12,12,16138,25462.0,0,0
385,392299,2018,9,8,12324,25906.0,0,0
385,390000,2018,9,8,19824,24536.0,0,0
385,390899,2018,2,4,12892,12518.0,0,0
385,390617,2018,3,2,2218,3900.0,0,0
385,390697,2018,2,0,0,0.0,0,0
385,390647,2018,3,0,0,0.0,0,0
385,392803,2018,9,0,0,0.0,0,0
385,390908,2018,11,0,0,0.0,0,0
385,390907,2018,12,0,0,0.0,0,0
386,392297,2018,6,12,27884,41726.0,0,0
386,390818,2018,10,8,16688,25432.0,0,0
386,390299,2018,9,8,12392,25738.0,0,0
386,390600,2018,9,4,8324,12536.0,0,0
386,390901,2018,2,4,5600,10000.0,0,0
386,390902,2018,3,2,2324,6900.0,0,0
386,390293,2018,2,1,0,0.0,0,0
386,392899,2018,3,0,0,0.0,0,0
386,390905,2018,9,0,0,0.0,0,0
386,390677,2018,11,0,0,0.0,0,0
386,390637,2018,12,0,0,0.0,0,0
387,390297,2018,6,20,26840,40260.0,0,0
387,390668,2018,12,9,16628,25132.0,0,0
387,390669,2018,9,8,12124,25736.0,0,0
387,390299,2018,9,9,19600,24536.0,0,0
387,390299,2018,4,0,600,10000.0,0,0
387,390899,2018,3,0,0,0.0,0,0
387,390903,2018,5,0,0,0.0,0,0
387,390638,2018,3,0,0,0.0,0,0
387,390299,2018,9,0,0,0.0,0,0
387,390669,2018,11,0,0,0.0,0,0
387,390607,2018,12,0,0,0.0,0,0
388,392297,2018,6,20,28680,42260.0,0,0
388,392688,2018,12,9,18328,24732.0,0,0
388,390299,2018,9,6,12812,13708.0,0,0
388,392290,2018,9,4,3600,5530.0,0,0
388,390639,2018,4,3,8600,20738.0,0,0
388,390617,2018,3,2,2800,3700.0,0,0
388,390647,2018,2,1,0,0.0,0,0
388,392302,2018,5,0,0,0.0,0,0
388,392299,2018,9,0,0,0.0,0,0
388,390298,2018,11,0,0,0.0,0,0
388,390299,2018,12,0,0,0.0,0,0
389,390297,2018,6,20,26840,40260.0,0,0
389,390918,2018,10,8,16688,25532.0,0,0
389,390299,2018,9,8,12324,22906.0,0,0
389,390900,2018,9,8,19894,25536.0,0,0
389,390299,2018,3,4,8600,10000.0,0,0
389,390602,2018,3,2,2600,6900.0,0,0
389,390903,2018,2,3,2321,8900.0,0,0
389,390662,2018,5,0,0,0.0,0,0
389,390633,2018,9,0,0,0.0,0,0
389,390908,2018,11,0,0,0.0,0,0
389,392907,2018,12,0,0,0.0,0,0
390,392297,2018,6,12,25844,42266.0,0,0
390,390908,2018,10,8,18888,25532.0,0,0
390,390299,2018,9,6,14192,20828.0,0,0
390,390900,2018,9,4,8324,5536.0,0,0
390,390902,2018,4,4,8300,14918.0,0,0
390,390902,2018,3,2,2368,6512.0,0,0
390,390697,2018,2,1,0,0.0,0,0
390,390638,2018,4,0,0,0.0,0,0
390,392905,2018,9,0,0,0.0,0,0
390,390669,2018,11,0,0,0.0,0,0
390,390907,2018,10,0,0,0.0,0,0
391,392297,2018,6,12,12864,15596.0,0,0
391,392918,2018,10,8,18388,25452.0,0,0
391,390299,2018,9,6,8324,12926.0,0,0
391,392299,2018,9,4,5524,5936.0,0,0
391,390631,2018,2,2,8600,10000.0,0,0
391,390662,2018,3,2,2600,6900.0,0,0
391,390603,2018,2,1,0,0.0,0,0
391,390298,2018,3,0,0,0.0,0,0
391,390638,2018,9,0,0,0.0,0,0
391,390906,2018,11,0,0,0.0,0,0
391,392897,2018,12,0,0,0.0,0,0
392,392297,2018,6,20,26840,40260.0,0,0
392,392298,2018,12,9,11688,25532.0,0,0
392,392299,2018,4,8,12324,25906.0,0,0
392,392290,2018,9,4,8324,5536.0,0,0
392,390299,2018,0,4,8600,12618.0,0,0
392,392802,2018,3,2,2324,4700.0,0,0
392,390617,2018,2,1,1800,6800.0,0,0
392,390638,2018,3,0,0,0.0,0,0
392,390633,2018,4,0,0,0.0,0,0
392,390636,2018,9,0,0,0.0,0,0
392,390907,2018,12,0,0,0.0,0,0
393,390297,2018,6,20,26840,40260.0,0,0
393,392298,2018,12,9,16688,25412.0,0,0
393,390299,2018,4,8,12324,25721.0,0,0
393,390299,2018,0,4,8224,5516.0,0,0
393,390611,2018,4,7,18600,6938.0,0,0
393,392902,2018,3,2,2324,6900.0,0,0
393,390667,2018,2,1,0,0.5,346,0
393,390667,2018,3,0,0,0.0,0,0
393,390903,2018,9,0,0,0.0,0,0
393,392906,2018,11,0,0,0.0,0,0
393,390907,2018,12,0,0,0.0,0,0
394,392267,2018,6,16,10880,10900.0,0,0
394,390298,2018,12,8,18328,25432.0,0,0
394,390299,2018,9,8,12124,29336.0,0,0
394,390298,2018,9,4,3724,12536.0,0,0
394,390600,2018,4,4,8326,10004.0,0,0
394,390602,2018,3,2,2800,6900.0,0,0
394,390903,2018,2,1,0,0.0,0,0
394,390698,2018,3,0,0,0.0,0,0
394,390903,2018,9,0,0,0.0,0,0
394,390906,2018,11,0,0,0.0,0,0
394,390907,2018,12,0,0,0.0,0,0
395,390297,2018,6,20,28140,40260.0,0,0
395,390298,2018,10,8,16628,26932.0,0,0
395,390299,2018,9,8,12392,20738.0,0,0
395,390200,2018,9,8,19824,20006.0,0,0
395,390659,2018,4,4,8600,10828.0,0,0
395,390290,2018,8,2,2600,6900.0,0,0
395,392803,2018,2,1,0,0.0,0,0
395,390667,2018,4,0,0,0.0,0,0
395,390605,2018,9,0,0,0.0,0,0
395,390299,2018,11,0,0,0.0,0,0
395,390907,2018,10,0,0,0.0,0,0
396,392819,2018,6,12,22684,42536.0,0,0
396,392290,2018,8,12,18128,22432.0,0,0
396,392291,2018,11,8,15324,22326.0,0,0
396,390898,2018,9,8,19824,25936.0,0,0
396,390639,2018,2,4,8600,10000.0,0,0
396,392802,2018,3,2,2321,4700.0,0,0
396,390617,2018,2,1,2300,3400.0,0,0
396,390304,2018,3,0,0,0.0,0,0
396,392897,2018,4,0,0,0.0,0,0
396,392909,2018,9,0,0,0.0,0,0
396,392907,2018,12,0,0,0.0,0,0
397,392297,2018,6,12,27844,41266.0,0,0
397,392298,2018,10,8,18328,25532.0,0,0
397,392299,2018,9,6,12884,24906.0,0,0
397,390299,2018,9,8,19824,25536.0,0,0
397,390619,2018,4,6,8600,12518.0,0,0
397,390600,2018,3,2,2312,6500.0,0,0
397,390903,2018,2,1,0,0.0,0,0
397,390699,2018,3,0,0,0.0,0,0
397,392905,2018,9,0,0,0.0,0,0
397,390906,2018,11,0,0,0.0,0,0
397,392807,2018,12,0,0,0.0,0,0
398,392205,2018,6,12,27676,41214.0,0,0
398,392296,2018,7,8,18378,25432.0,0,0
398,392299,2018,9,8,12324,24906.0,0,0
398,390600,2018,9,4,9824,5936.0,0,0
398,390603,2018,4,4,8892,12938.0,0,0
398,390299,2018,5,2,2818,3800.0,0,0
398,390617,2018,2,1,2368,8906.0,0,0
398,390638,2018,3,0,0,0.0,0,0
398,390903,2018,9,0,0,0.0,0,0
398,390669,2018,11,0,0,0.0,0,0
398,390907,2018,12,0,0,0.0,0,0
399,389500,2018,8,20,28140,34900.0,0,0
399,388901,2018,6,16,15128,28992.0,0,0
399,390299,2018,4,8,12604,20336.0,0,0
399,392290,2018,9,8,19592,25512.0,0,0
399,390601,2018,4,4,8600,10438.0,0,0
399,390862,2018,3,2,2800,6900.0,0,0
399,390903,2018,2,1,5813,6800.0,0,0
399,390047,2018,3,0,0,0.0,0,0
399,392905,2018,4,0,0,0.0,0,0
399,390906,2018,11,0,0,0.0,0,0
399,390659,2018,12,0,0,0.0,0,0
400,392297,2018,6,20,26840,40260.0,0,0
400,392918,2018,10,8,16638,22522.0,0,0
400,392909,2018,9,8,12992,25908.0,0,0
400,390619,2018,9,4,8294,5936.0,0,0
400,390541,2018,0,4,8600,12534.0,0,0
400,392899,2018,3,2,2812,6900.0,0,0
400,390631,2018,2,1,1800,6800.5,0,0
400,390902,2018,3,0,0,0.0,0,0
400,392893,2018,9,0,0,0.0,0,0
400,390906,2018,11,0,0,0.0,0,0
400,392907,2018,12,0,0,0.0,0,0
401,390297,2018,6,20,24840,42260.0,0,0
401,390298,2018,12,9,18618,25432.0,0,0
401,392899,2018,9,8,15124,29226.0,0,0
401,390600,2018,9,4,5324,5536.0,0,0
401,390601,2018,4,4,8600,12412.0,0,0
401,390662,2018,3,2,2600,6500.0,0,0
401,390603,2018,2,1,0,0.5,0,0
401,390669,2018,3,0,0,0.0,0,0
401,390697,2018,9,0,0,0.0,0,0
401,390906,2018,11,0,0,0.0,0,0
401,390607,2018,12,0,0,0.0,0,0
402,392297,2018,6,20,22880,42260.0,0,0
402,390298,2018,12,9,15618,22732.0,0,0
402,392299,2018,9,8,12324,20806.0,0,0
402,390298,2018,9,8,15524,25536.0,376,0
402,390900,2018,4,4,8340,10000.0,0,0
402,390602,2018,8,2,2800,6900.0,0,0
402,390617,2018,2,1,0,0.0,0,0
402,390637,2018,6,0,0,0.0,0,0
402,390905,2018,9,0,0,0.0,0,0
402,390906,2018,11,0,0,0.0,0,0
402,390607,2018,12,0,0,0.0,0,0
403,390297,2018,6,20,26840,40260.0,0,0
403,392898,2018,10,8,16128,22532.0,0,0
403,390299,2018,9,6,17604,29216.0,0,0
403,390649,2018,9,4,8324,24536.0,0,0
403,390601,2018,3,4,8600,12938.0,0,0
403,390602,2018,3,2,2800,3736.0,0,0
403,390617,2018,2,7,0,0.0,0,0
403,390668,2018,3,0,0,0.0,0,0
403,390633,2018,9,0,0,0.0,0,0
403,390899,2018,11,0,0,0.0,0,0
403,390905,2018,12,0,0,0.0,0,0
404,392297,2018,6,20,27860,41290.0,0,0
404,392298,2018,12,8,18388,28932.0,0,0
404,390299,2018,9,8,15324,24906.0,0,0
404,392800,2018,9,4,8324,25236.0,0,0
404,390499,2018,0,4,8600,12538.0,0,0
404,390902,2018,3,2,2800,3400.0,0,0
404,390617,2018,2,1,0,0.0,0,0
404,390668,2018,3,0,0,0.0,0,0
404,392903,2018,9,0,0,0.0,0,0
404,390906,2018,11,0,0,0.0,0,0
404,390907,2018,12,0,0,0.0,0,0
405,390297,2018,6,20,28840,42260.0,0,0
405,392298,2018,12,9,12929,22537.0,0,0
405,392299,2018,9,8,12992,25908.0,0,0
405,390299,2018,9,8,13793,5536.0,0,0
405,390299,2018,6,4,8300,10438.0,0,0
405,390662,2018,3,1,2600,0.0,0,0
405,392899,2018,2,1,2384,0.5,0,0
405,390898,2018,4,0,0,0.0,0,0
405,390635,2018,9,0,0,0.0,0,0
405,392906,2018,11,0,0,0.0,0,0
405,390907,2018,10,0,0,0.0,0,0
406,392297,2018,6,12,27880,41260.0,0,0
406,392908,2018,10,8,18138,25432.0,0,0
406,392209,2018,9,8,12952,25738.0,0,0
406,390900,2018,9,4,7700,5530.0,0,0
406,390943,2018,4,4,8600,12528.0,0,0
406,390662,2018,3,2,2800,3832.0,0,0
406,390613,2018,2,1,1811,2700.0,0,0
406,390508,2018,4,0,0,0.0,0,0
406,390637,2018,9,0,0,0.0,0,0
406,390909,2018,11,0,0,0.0,0,0
406,390907,2018,12,0,0,0.0,0,0
407,392207,2018,6,12,27840,41260.0,0,0
407,392298,2018,10,8,16288,26862.0,0,0
407,392299,2018,11,8,12152,24718.0,0,0
407,390299,2018,9,4,9822,15538.0,0,0
407,390600,2018,4,4,8800,12328.0,0,0
407,390902,2018,3,2,2321,3700.0,0,0
407,390303,2018,2,1,0,0.0,0,0
407,390909,2018,3,0,0,0.0,0,0
407,392669,2018,9,0,0,0.0,0,0
407,390958,2018,11,0,0,0.0,0,0
407,392907,2018,12,0,0,0.0,0,0
408,392297,2018,6,12,12864,15796.0,0,0
408,392298,2018,10,8,18388,25432.0,0,0
408,392299,2018,9,8,12324,25906.0,676,0
408,392299,2018,9,4,9824,20006.0,0,0
408,390299,2018,4,4,8300,12912.0,0,0
408,390602,2018,3,2,2382,6900.0,0,0
408,390667,2018,2,1,0,0.0,0,0
408,390668,2018,3,0,0,0.0,0,0
408,392899,2018,9,0,0,0.0,0,0
408,390909,2018,11,0,0,0.0,0,0
408,390659,2018,12,0,0,0.0,0,0
409,390297,2018,6,20,26840,40260.0,0,0
409,390298,2018,12,9,16688,25412.0,0,0
409,390299,2018,9,8,12912,20328.0,0,0
409,390900,2018,9,4,8324,29536.0,0,0
409,390611,2018,4,4,8600,20000.0,0,0
409,390802,2018,3,2,2600,6900.0,0,0
409,392297,2018,2,1,0,0.0,0,0
409,390668,2018,5,0,0,0.0,0,0
409,392899,2018,9,0,0,0.0,0,0
409,390906,2018,11,0,0,0.0,0,0
409,390907,2018,12,0,0,0.0,0,0
410,392297,2018,6,20,25840,40260.0,0,0
410,392298,2018,12,8,16628,22592.0,0,0
410,392299,2018,19,8,14524,29216.0,0,0
410,392800,2018,9,4,8324,25336.0,0,0
410,396901,2018,2,0,800,0.0,0,0
410,392802,2018,3,0,0,0.0,0,0
410,392823,2018,5,0,0,0.0,0,0
410,392802,2018,3,0,0,0.0,0,0
410,392828,2018,9,0,0,0.0,0,0
410,392907,2018,11,0,0,0.0,0,0
410,392907,2018,12,0,0,0.0,0,0
411,392297,2018,6,12,23880,35920.0,0,0
411,392298,2018,12,9,18388,22522.0,0,0
411,392299,2018,9,8,12884,25946.0,0,0
411,390299,2018,9,4,3524,5536.0,0,0
411,390900,2018,2,8,13600,10000.0,0,0
411,392902,2018,3,2,2324,3800.0,0,0
411,390903,2018,2,0,0,0.0,0,0
411,392017,2018,5,0,0,0.0,0,0
411,390669,2018,9,0,0,0.0,0,0
411,390299,2018,11,0,0,0.0,0,0
411,392307,2018,12,0,0,0.0,0,0
412,390297,2018,6,12,27876,41464.0,0,0
412,390298,2018,10,8,16388,25432.0,0,0
412,390299,2018,9,6,18325,24736.0,0,0
412,390900,2018,9,4,5324,5536.0,0,0
412,390909,2018,4,3,8349,10918.0,0,0
412,390547,2018,3,2,2812,8922.0,0,0
412,390603,2018,2,1,0,0.0,0,0
412,390603,2018,3,0,0,0.0,0,0
412,390631,2018,9,0,0,0.0,0,0
412,390906,2018,11,0,0,0.0,0,0
412,390907,2018,12,0,0,0.0,0,0
413,392297,2018,6,12,27840,41260.0,0,0
413,392298,2018,12,9,16688,25472.0,0,0
413,390299,2018,9,8,12324,25936.0,0,0
413,390663,2018,6,9,19692,20038.0,0,0
413,390641,2018,4,4,8600,72638.0,0,0
413,390697,2018,3,2,2800,6500.0,0,0
413,392897,2018,2,1,0,0.0,0,0
413,390668,2018,3,0,0,0.0,0,0
413,390637,2018,9,0,0,0.0,0,0
413,390906,2018,11,0,0,0.0,0,0
413,390607,2018,12,0,0,0.0,0,0
414,392297,2018,6,20,27840,41260.0,0,0
414,392808,2018,12,12,16688,72732.0,0,0
414,392299,2018,9,8,16392,29338.0,0,0
414,390632,2018,5,8,18524,24536.0,0,0
414,392899,2018,4,4,8600,10000.0,0,0
414,390666,2018,3,2,2812,3900.0,0,0
414,392303,2018,2,1,0,0.0,0,0
414,390698,2018,3,0,0,0.0,0,0
414,390907,2018,9,0,0,0.0,0,0
414,390662,2018,11,0,0,0.0,0,0
414,392307,2018,12,0,0,0.0,0,0
415,392297,2018,6,12,12844,15736.0,0,0
415,390808,2018,10,8,18388,22522.0,0,0
415,390299,2018,9,6,15592,20328.0,0,0
415,390298,2018,9,8,19892,25536.0,0,0
415,390801,2018,4,4,8600,10000.0,0,0
415,390602,2018,3,2,2321,14700.0,0,0
415,390903,2018,2,1,1800,5900.5,0,0
415,390907,2018,5,0,0,0.0,0,0
415,390303,2018,9,0,0,0.0,0,0
415,390536,2018,11,0,0,0.0,0,0
415,392907,2018,12,0,0,0.0,0,0
416,390617,2018,6,20,28140,42260.0,0,0
416,390668,2018,12,12,16613,28932.0,0,0
416,390649,2018,9,8,15808,25902.0,0,0
416,390662,2018,9,8,17624,20006.0,0,0
416,390633,2018,4,4,8800,12438.0,0,0
416,390602,2018,3,2,1600,6900.0,0,0
416,390666,2018,2,1,0,0.0,0,0
416,390608,2018,3,0,0,0.0,0,0
416,390637,2018,9,0,0,0.0,0,0
416,390906,2018,11,0,0,0.0,0,0
416,392907,2018,12,0,0,0.0,0,0
417,392297,2018,6,20,27840,41260.0,0,0
417,392298,2018,10,8,16688,25932.0,0,0
417,390299,2018,9,8,11824,25726.0,0,0
417,392960,2018,9,4,3794,5736.0,0,0
417,390601,2018,4,4,8600,10418.0,0,0
417,390602,2018,3,2,2800,6900.0,0,0
417,390697,2018,2,1,0,0.0,0,0
417,390638,2018,3,0,0,0.0,0,0
417,390605,2018,9,0,0,0.0,0,0
417,392906,2018,11,0,0,0.0,0,0
417,390907,2018,12,0,0,0.0,0,0
418,392297,2018,6,20,26860,40290.0,0,0
418,392298,2018,12,9,16688,24432.0,0,0
418,392299,2018,9,8,18321,15906.0,0,0
418,392299,2018,9,8,15584,25736.0,0,0
418,390299,2018,4,4,8892,12918.0,0,0
418,390899,2018,8,2,2800,4732.0,0,0
418,390667,2018,2,1,0,0.0,0,0
418,392908,2018,7,0,0,0.0,0,0
418,390619,2018,9,0,0,0.0,0,0
418,390626,2018,11,0,0,0.0,0,0
418,392907,2018,12,0,0,0.0,0,0
419,392297,2018,6,12,27884,41966.0,0,0
419,392098,2018,10,8,18373,25436.0,0,0
419,390299,2018,9,8,18392,25338.0,0,0
419,390633,2018,9,4,5524,5536.0,0,0
419,390602,2018,2,4,8600,12538.0,0,0
419,392900,2018,3,2,2292,6500.0,0,0
419,390503,2018,2,0,0,0.0,0,0
419,390608,2018,3,0,0,0.0,0,0
419,390665,2018,9,0,0,0.0,0,0
419,390906,2018,11,0,0,0.0,0,0
419,392907,2018,12,0,0,0.0,0,0
420,392207,2018,6,12,28144,40266.0,0,0
420,390298,2018,10,8,16688,25552.0,0,0
420,390909,2018,4,6,8392,12518.0,0,0
420,390600,2018,9,4,5524,5936.0,0,0
420,392802,2018,4,4,8600,0.0,0,0
420,390602,2018,3,2,2600,6932.0,0,0
420,390903,2018,2,0,0,0.0,0,0
420,390687,2018,3,0,0,0.0,0,0
420,390635,2018,4,0,0,0.0,0,0
420,392906,2018,9,0,0,0.0,0,0
420,392807,2018,12,0,0,0.0,0,0
421,390297,2018,6,20,27840,41260.0,0,0
421,392298,2018,12,9,16688,25112.0,0,0
421,390909,2018,9,8,12812,25928.0,0,0
421,390660,2018,6,8,19824,25536.0,0,0
421,390902,2018,0,4,8600,12518.0,0,0
421,392899,2018,3,2,2600,3800.0,0,0
421,390603,2018,2,7,11881,5800.0,0,0
421,392898,2018,3,0,0,0.0,0,0
421,390638,2018,9,0,0,0.0,0,0
421,390669,2018,11,0,0,0.0,0,0
421,390907,2018,12,0,0,0.0,0,0
422,392915,2018,6,16,12864,25996.0,0,0
422,390616,2018,7,12,28356,35434.0,0,0
422,392299,2018,9,8,12924,25836.0,0,0
422,390299,2018,9,8,15524,22536.0,0,0
422,390600,2018,2,6,8600,10000.0,0,0
422,390699,2018,3,2,4637,6800.0,0,0
422,390617,2018,2,0,0,0.0,0,0
422,392301,2018,6,0,0,0.0,0,0
422,392903,2018,9,0,0,0.0,0,0
422,392306,2018,11,0,0,0.0,0,0
422,392307,2018,12,0,0,0.0,0,0
423,392297,2018,6,12,27884,41266.0,0,0
423,390908,2018,10,8,14688,27532.0,0,0
423,390299,2018,9,8,12124,25726.0,0,0
423,390900,2018,9,4,8824,25336.0,0,0
423,392901,2018,2,4,8600,10000.0,0,0
423,390602,2018,8,2,2292,6900.0,0,0
423,390617,2018,2,1,1888,8900.0,0,0
423,390607,2018,3,0,0,0.0,0,0
423,390908,2018,9,0,0,0.0,0,0
423,392309,2018,11,0,0,0.0,0,0
423,390907,2018,12,0,0,0.0,0,0
424,392297,2018,6,12,12841,17264.0,0,0
424,392298,2018,10,8,16688,25432.0,0,0
424,392909,2018,9,8,15392,29218.0,0,0
424,392299,2018,8,4,5520,5736.0,0,0
424,392299,2018,4,4,8892,12512.0,0,0
424,390660,2018,3,2,2600,6700.0,0,0
424,390603,2018,2,0,0,0.0,0,0
424,392298,2018,3,0,0,0.0,0,0
424,392821,2018,9,0,0,0.0,0,0
424,390906,2018,11,0,0,0.0,0,0
424,392007,2018,12,0,0,0.0,0,0
425,392860,2018,6,12,27892,31708.0,0,0
425,392811,2018,4,8,18688,25532.0,0,0
425,390612,2018,9,8,16604,20736.0,0,0
425,390603,2018,9,4,5384,5536.0,0,0
425,390619,2018,2,4,8640,10000.0,0,0
425,390616,2018,3,2,2800,4732.0,0,0
425,390917,2018,2,0,0,0.0,0,0
425,390668,2018,3,0,0,0.0,0,0
425,392903,2018,9,0,0,0.0,0,0
425,390906,2018,11,0,0,0.0,0,0
425,390907,2018,12,0,0,0.0,0,0
426,392816,2018,6,16,12640,25560.0,0,0
426,392297,2018,6,8,18324,28236.0,0,0
426,390299,2018,12,8,12124,22906.0,0,0
426,390299,2018,9,4,8884,5506.0,0,0
426,390900,2018,4,4,8600,10000.0,0,0
426,390617,2018,3,2,2800,3336.0,0,0
426,390617,2018,2,1,1811,0.0,0,0
426,392808,2018,3,0,0,0.0,0,0
426,392305,2018,4,0,0,0.0,0,0
426,390906,2018,9,0,0,0.0,0,0
426,390607,2018,10,0,0,0.0,0,0
427,392297,2018,6,12,22840,44260.0,0,0
427,390298,2018,10,8,16688,25432.0,0,0
427,390299,2018,9,6,12324,20866.0,0,0
427,390290,2018,9,4,8324,25936.0,0,0
427,390619,2018,4,4,8600,12918.0,0,0
427,390647,2018,3,2,2600,6900.0,0,0
427,390697,2018,2,1,0,0.0,0,0
427,392907,2018,3,0,0,0.0,0,0
427,392905,2018,9,0,0,0.0,0,0
427,392306,2018,11,0,0,0.0,0,0
427,390907,2018,12,0,0,0.0,0,0
428,392297,2018,6,12,27880,41720.0,0,0
428,390908,2018,12,12,18388,25932.0,0,0
428,390299,2018,9,8,11824,25766.0,0,0
428,390800,2018,9,9,19800,25536.0,0,0
428,390903,2018,4,4,8340,14438.0,0,0
428,390602,2018,3,2,2323,6900.0,0,0
428,390903,2018,2,1,0,0.0,0,0
428,392303,2018,3,0,0,0.0,0,0
428,390899,2018,9,0,0,0.0,0,0
428,390634,2018,11,0,0,0.0,0,0
428,390907,2018,12,0,0,0.0,0,0
429,392297,2018,6,12,27840,41260.0,0,0
429,390618,2018,12,9,18376,22534.0,0,0
429,390299,2018,9,8,12324,29336.0,0,0
429,392298,2018,9,3,8324,25536.0,0,0
429,390619,2018,2,4,9600,12538.0,0,0
429,390632,2018,3,2,2800,3338.0,0,0
429,390619,2018,2,1,0,0.0,0,0
429,390899,2018,3,0,0,0.0,0,0
429,392823,2018,9,0,0,0.0,0,0
429,390606,2018,11,0,0,0.0,0,0
429,392807,2018,12,0,0,0.0,0,0
430,390297,2018,6,20,28840,43260.0,0,0
430,390298,2018,10,8,18618,25432.0,0,0
430,390909,2018,4,8,12392,29328.0,386,0
430,390600,2018,9,8,15324,25536.0,0,0
430,390299,2018,2,4,8600,12468.0,0,0
430,390602,2018,3,4,2800,6900.0,0,0
430,390617,2018,2,1,0,0.0,0,0
430,390667,2018,8,0,0,0.0,0,0
430,390637,2018,9,0,0,0.0,0,0
430,390638,2018,11,0,0,0.0,0,0
430,390907,2018,12,0,0,0.0,0,0
431,392287,2018,6,16,12680,15400.0,0,0
431,390298,2018,10,8,18288,25562.0,0,0
431,390619,2018,9,6,16608,22402.0,0,0
431,390633,2018,9,4,8324,5536.0,0,0
431,390299,2018,4,4,8800,12314.0,0,0
431,390619,2018,3,2,2324,3332.0,0,0
431,390297,2018,2,1,0,0.0,0,0
431,390604,2018,3,0,0,0.0,0,0
431,390637,2018,9,0,0,0.0,0,0
431,390906,2018,11,0,0,0.0,0,0
431,390307,2018,12,0,0,0.0,0,0
432,392297,2018,6,12,22840,15260.0,0,0
432,390618,2018,12,9,18128,22532.0,0,0
432,390299,2018,9,8,15324,24528.0,0,0
432,390290,2018,9,8,19824,25736.0,0,0
432,390901,2018,4,6,8608,10004.0,0,0
432,390642,2018,3,2,2800,6900.0,0,0
432,390503,2018,2,0,0,0.0,0,0
432,392809,2018,3,0,0,0.0,0,0
432,390903,2018,9,0,0,0.0,0,0
432,392906,2018,11,0,0,0.0,0,0
432,392307,2018,12,0,0,0.0,0,0
433,392297,2018,6,20,26840,40260.0,0,0
433,390298,2018,10,8,18628,22432.0,0,0
433,390909,2018,9,8,12884,22906.0,0,0
433,390900,2018,9,2,3600,29836.0,0,0
433,390661,2018,4,4,8600,12638.0,0,0
433,390662,2018,3,2,2324,4700.0,0,0
433,390049,2018,2,1,0,0.0,0,0
433,390698,2018,3,0,0,0.0,0,0
433,392299,2018,9,0,0,0.0,0,0
433,392906,2018,11,0,0,0.0,0,0
433,390907,2018,12,0,0,0.0,0,0
434,392297,2018,6,12,12864,25396.0,0,0
434,392298,2018,7,8,16688,25432.0,0,0
434,390299,2018,9,6,18192,20518.0,0,0
434,390290,2018,9,8,19824,25536.0,0,0
434,390902,2018,4,4,8600,12738.0,0,0
434,390602,2018,3,2,2800,6900.0,0,0
434,390903,2018,2,1,1819,2500.0,0,0
434,392047,2018,3,0,0,0.0,0,0
434,390299,2018,4,0,0,0.0,0,0
434,390606,2018,11,0,0,0.0,0,0
434,390907,2018,12,0,0,0.0,0,0
435,392207,2018,6,16,12864,25596.0,0,0
435,392298,2018,9,8,16688,25932.0,0,0
435,392299,2018,10,6,12884,25326.0,0,0
435,390900,2018,9,4,5524,20006.0,0,0
435,390601,2018,4,4,8692,10004.0,0,0
435,392899,2018,3,2,2600,6900.0,0,0
435,392297,2018,2,1,2381,6800.0,0,0
435,392902,2018,3,0,0,0.0,0,0
435,390903,2018,9,0,0,0.0,0,0
435,390906,2018,11,0,0,0.0,0,0
435,392907,2018,12,0,0,0.0,0,0
436,392297,2018,6,20,26840,40960.0,0,0
436,390298,2018,12,9,16688,24452.0,0,0
436,390299,2018,9,8,12324,25906.0,0,0
436,390299,2018,9,4,5524,25516.0,0,0
436,392801,2018,4,4,8692,12918.0,0,0
436,390689,2018,3,2,2384,3338.0,0,0
436,390297,2018,2,1,0,0.0,0,0
436,390297,2018,3,0,0,0.0,0,0
436,392805,2018,9,0,0,0.0,0,0
436,390906,2018,11,0,0,0.0,0,0
436,390907,2018,12,0,0,0.0,0,0
437,392297,2018,6,20,27840,41260.0,0,0
437,392298,2018,10,8,16688,22732.0,0,0
437,392299,2018,9,8,12192,24728.0,0,0
437,392290,2018,9,4,5524,5516.0,0,0
437,390671,2018,2,4,8600,10000.0,0,0
437,390602,2018,3,2,2600,6900.0,0,0
437,390297,2018,2,1,0,0.0,0,0
437,392303,2018,6,0,0,0.0,0,0
437,390665,2018,9,0,0,0.0,0,0
437,390666,2018,11,0,0,0.0,0,0
437,390907,2018,12,0,0,0.0,0,0
438,392297,2018,6,12,27884,41266.0,0,0
438,390298,2018,10,8,16688,25432.0,0,0
438,390299,2018,9,6,12992,20808.0,0,0
438,390890,2018,9,2,8324,12536.0,744,0
438,392299,2018,2,4,8600,14918.0,0,0
438,390502,2018,3,2,2435,6900.0,0,0
438,390697,2018,2,0,0,0.0,0,0
438,392907,2018,5,0,0,0.0,0,0
438,390663,2018,9,0,0,0.0,0,0
438,390906,2018,11,0,0,0.0,0,0
438,390907,2018,12,0,0,0.0,0,0
439,392816,2018,5,20,12860,25390.0,0,0
439,392297,2018,6,16,16288,22532.0,0,0
439,392299,2018,11,8,12804,29326.0,0,0
439,392290,2018,9,8,19884,28506.0,0,0
439,392800,2018,0,4,8600,10000.0,0,0
439,392899,2018,3,2,2324,6900.0,0,0
439,392862,2018,2,1,0,0.0,0,0
439,392902,2018,3,0,0,0.0,0,0
439,392897,2018,4,0,0,0.0,0,0
439,390606,2018,9,0,0,0.0,0,0
439,392907,2018,12,0,0,0.0,0,0
440,392297,2018,6,12,27816,41724.0,0,0
440,390298,2018,10,8,12808,25152.0,0,0
440,390299,2018,9,8,12992,22408.0,0,0
440,390200,2018,9,8,15524,25536.0,0,0
440,390601,2018,2,4,8692,12738.0,0,0
440,390602,2018,3,2,2324,5936.0,0,0
440,390297,2018,2,1,0,0.0,0,0
440,390603,2018,3,0,0,0.0,0,0
440,390905,2018,9,0,0,0.0,0,0
440,390906,2018,11,0,0,0.0,0,0
440,390607,2018,10,0,0,0.0,0,0
441,392297,2018,6,20,27880,41260.0,0,0
441,390618,2018,12,9,15128,22592.0,0,0
441,390299,2018,9,8,12324,22406.0,0,0
441,390900,2018,9,4,5521,15536.0,0,0
441,390601,2018,2,4,8600,20000.0,0,0
441,390302,2018,4,2,2324,6900.0,0,0
441,390613,2018,2,1,2320,6812.0,0,0
441,390604,2018,3,0,0,0.0,0,0
441,390603,2018,4,0,0,0.0,0,0
441,390906,2018,9,0,0,0.0,0,0
441,390907,2018,12,0,0,0.0,0,0
442,392277,2018,6,16,10884,25726.0,0,0
442,390298,2018,8,12,16688,25932.0,0,0
442,390299,2018,9,8,12324,20866.0,364,0
442,392200,2018,9,4,8524,25536.0,0,0
442,390619,2018,4,4,8600,10000.0,0,0
442,392802,2018,3,2,2737,6900.0,0,0
442,392297,2018,2,1,0,0.0,0,0
442,390667,2018,3,0,0,0.0,0,0
442,390617,2018,9,0,0,0.0,0,0
442,392906,2018,11,0,0,0.0,0,0
442,390907,2018,12,0,0,0.0,0,0
443,392297,2018,6,20,22840,40260.0,0,0
443,390298,2018,12,9,11888,22532.0,0,0
443,392299,2018,9,8,12992,23528.0,0,0
443,390900,2018,9,4,5524,5536.0,0,0
443,390602,2018,4,4,8192,12738.0,0,0
443,390602,2018,3,2,2600,6900.0,0,0
443,390603,2018,2,0,0,0.0,0,0
443,392903,2018,3,0,0,0.0,0,0
443,390619,2018,9,0,0,0.0,0,0
443,390639,2018,11,0,0,0.0,0,0
443,392907,2018,12,0,0,0.0,0,0
444,392297,2018,6,20,26880,40270.0,0,0
444,390298,2018,12,12,16128,22732.0,0,0
444,390299,2018,9,8,12384,25906.0,0,0
444,390600,2018,9,8,15524,25536.0,0,0
444,390299,2018,0,4,8892,12538.0,0,0
444,390662,2018,3,2,2324,3300.0,0,0
444,390633,2018,2,1,0,0.0,0,0
444,390607,2018,3,0,0,0.0,0,0
444,392903,2018,9,0,0,0.0,0,0
444,390906,2018,11,0,0,0.0,0,0
444,392907,2018,12,0,0,0.0,0,0
445,390297,2018,6,12,28844,42266.0,0,0
445,390608,2018,10,8,16688,27832.0,0,0
445,390299,2018,9,6,18504,25336.0,0,0
445,390298,2018,9,4,9756,12534.0,0,0
445,390299,2018,4,2,9892,12538.0,0,0
445,390600,2018,4,2,9800,6900.0,0,0
445,392299,2018,2,1,2363,6800.0,0,0
445,390608,2018,3,0,0,0.0,0,0
445,390633,2018,9,0,0,0.0,0,0
445,390666,2018,11,0,0,0.0,0,0
445,390007,2018,12,0,0,0.0,0,0
446,392297,2018,6,12,17684,25566.0,0,0
446,390298,2018,8,12,18388,25432.0,0,0
446,390619,2018,4,8,12324,20826.0,0,0
446,390299,2018,9,4,5524,8936.0,0,0
446,390601,2018,2,4,8600,7938.0,0,0
446,390616,2018,3,2,2200,6900.0,0,0
446,390297,2018,2,0,0,0.0,0,0
446,390298,2018,3,0,0,0.0,0,0
446,392603,2018,9,0,0,0.0,0,0
446,390906,2018,11,0,0,0.0,0,0
446,390297,2018,12,0,0,0.0,0,0
447,392297,2018,6,12,22864,45596.0,0,0
447,390618,2018,10,8,19888,25432.0,0,0
447,392299,2018,9,6,18324,25906.0,0,0
447,392240,2018,9,4,5524,5536.0,0,0
447,390619,2018,4,4,8600,12538.0,0,0
447,390602,2018,3,2,2200,6900.0,0,0
447,390616,2018,2,1,0,0.0,0,0
447,390638,2018,3,0,0,0.0,0,0
447,390635,2018,9,0,0,0.0,0,0
447,390699,2018,11,0,0,0.0,0,0
447,390609,2018,12,0,0,0.0,0,0
448,392297,2018,6,20,22840,40260.0,0,0
448,390298,2018,10,8,16688,25432.0,0,0
448,390299,2018,9,8,12892,23738.0,0,0
448,390600,2018,9,4,5324,5536.0,0,0
448,392801,2018,4,0,0,0.0,0,0
448,392892,2018,9,0,0,0.0,0,0
448,390903,2018,5,0,0,0.0,0,0
448,390298,2018,6,0,0,0.0,0,0
448,392899,2018,9,0,0,0.0,0,0
448,392906,2018,11,0,0,0.0,0,0
448,392907,2018,12,0,0,0.0,0,0
449,390297,2018,6,20,26840,40260.0,0,0
449,392818,2018,12,9,16688,24772.0,0,0
449,390299,2018,9,8,18324,22936.0,0,0
449,390200,2018,9,8,15524,24536.0,0,0
449,390542,2018,4,4,8600,10000.0,0,0
449,390902,2018,3,2,4636,6500.0,0,0
449,390657,2018,2,1,0,0.0,0,0
449,390667,2018,4,0,0,0.0,0,0
449,390299,2018,9,0,0,0.0,0,0
449,390906,2018,11,0,0,0.0,0,0
449,390297,2018,12,0,0,0.0,0,0
450,392297,2018,6,20,27840,41260.0,0,0
450,390908,2018,12,8,16618,25432.0,0,0
450,392299,2018,9,8,12324,25726.0,0,0
450,390600,2018,9,4,8324,5536.0,0,0
450,390299,2018,4,4,8600,12438.0,0,0
450,390662,2018,3,2,2600,6900.0,0,0
450,390903,2018,2,1,2381,2816.0,0,0
450,390604,2018,3,0,0,0.0,0,0
450,390803,2018,9,0,0,0.0,0,0
450,390606,2018,11,0,0,0.0,0,0
450,390907,2018,12,0,0,0.0,0,0
451,392297,2018,6,20,27840,41260.0,0,0
451,392298,2018,12,9,16288,25932.0,0,0
451,390299,2018,9,8,12324,25906.0,0,0
451,390600,2018,9,4,8324,25542.0,0,0
451,390299,2018,4,4,8347,12912.0,0,0
451,390602,2018,3,2,2800,3800.0,0,0
451,390933,2018,2,1,0,0.0,0,0
451,392303,2018,3,0,0,0.0,0,0
451,392903,2018,9,0,0,0.0,0,0
451,390606,2018,11,0,0,0.0,0,0
451,392607,2018,12,0,0,0.0,0,0
452,392295,2018,7,12,12864,25396.0,0,0
452,392946,2018,8,12,28388,35432.0,0,0
452,390297,2018,10,8,15324,20736.0,0,0
452,390600,2018,9,0,0,0.0,0,0
452,390299,2018,4,0,800,10000.0,0,0
452,390622,2018,3,0,0,0.0,0,0
452,390903,2018,2,0,0,0.0,0,0
452,390667,2018,3,0,0,0.0,0,0
452,390903,2018,9,0,0,0.0,0,0
452,392298,2018,11,0,0,0.0,0,0
452,390299,2018,12,0,0,0.0,0,0
453,392297,2018,6,20,22840,34260.0,0,0
453,392298,2018,12,9,18392,22408.0,0,0
453,392299,2018,9,8,15604,20826.0,0,0
453,390299,2018,9,8,11884,25936.0,0,0
453,392201,2018,2,2,8348,12658.0,0,0
453,390899,2018,3,2,2800,6932.0,0,0
453,392866,2018,2,0,0,0.0,0,0
453,390619,2018,3,0,0,0.0,0,0
453,392905,2018,9,0,0,0.0,0,0
453,392809,2018,11,0,0,0.0,0,0
453,392300,2018,12,0,0,0.0,0,0
454,390297,2018,6,20,26840,30260.0,0,0
454,390298,2018,12,9,16636,25434.0,0,0
454,390299,2018,9,8,12992,24488.0,0,0
454,390600,2018,9,4,8324,25536.0,0,0
454,390899,2018,4,2,8600,6938.0,0,0
454,392299,2018,3,2,2800,0.0,0,0
454,390497,2018,2,0,0,0.0,0,0
454,390608,2018,3,0,0,0.0,0,0
454,390637,2018,9,0,0,0.0,0,0
454,390906,2018,11,0,0,0.0,0,0
454,392307,2018,12,0,0,0.0,0,0
455,392297,2018,6,20,27840,41260.0,0,0
455,390298,2018,12,9,14668,22562.0,0,0
455,390299,2018,9,8,12992,20828.0,0,0
455,390298,2018,9,8,15524,29536.0,0,0
455,390601,2018,3,4,8600,18915.0,0,0
455,390639,2018,3,2,2812,3100.0,0,0
455,390663,2018,2,1,0,0.0,0,0
455,390617,2018,0,0,0,0.0,0,0
455,390299,2018,9,0,0,0.0,0,0
455,390906,2018,11,0,0,0.0,0,0
455,392907,2018,12,0,0,0.0,0,0
456,390297,2018,6,20,28840,42260.0,0,0
456,390298,2018,12,9,18378,22752.0,0,0
456,392299,2018,9,8,12364,20006.0,0,0
456,390900,2018,9,4,8384,5516.0,0,0
456,392899,2018,4,4,8100,17938.0,0,0
456,390602,2018,3,2,2384,3700.0,0,0
456,390903,2018,2,1,0,0.0,0,0
456,390638,2018,3,0,0,0.0,0,0
456,390633,2018,4,0,0,0.0,0,0
456,390902,2018,11,0,0,0.0,0,0
456,392907,2018,12,0,0,0.0,0,0
457,389560,2018,8,20,27840,41260.0,0,0
457,389531,2018,7,16,16828,25732.0,0,0
457,389542,2018,12,8,18504,25906.0,0,0
457,390299,2018,9,8,11704,25536.0,0,0
457,392303,2018,4,4,8600,10000.0,0,0
457,390602,2018,3,2,2808,6900.0,0,0
457,390617,2018,2,1,0,0.0,0,0
457,390668,2018,4,0,0,0.0,0,0
457,390299,2018,9,0,0,0.0,0,0
457,392306,2018,11,0,0,0.0,0,0
457,392907,2018,12,0,0,0.0,0,0
458,390207,2018,6,12,27876,41104.0,0,0
458,392018,2018,10,8,16688,25532.0,0,0
458,390909,2018,4,6,12324,20726.0,0,0
458,392299,2018,9,4,3792,15738.0,0,0
458,392800,2018,2,4,8600,10004.0,0,0
458,390666,2018,3,2,2700,6900.0,0,0
458,390903,2018,2,0,0,700.0,0,0
458,390508,2018,3,0,0,0.0,0,0
458,392828,2018,9,0,0,0.0,0,0
458,392906,2018,11,0,0,0.0,0,0
458,390907,2018,12,0,0,0.0,0,0
459,392297,2018,6,12,26840,40260.0,0,0
459,392298,2018,12,9,19988,25522.0,0,0
459,390299,2018,10,8,15324,23836.0,0,0
459,390900,2018,9,6,11892,24536.0,0,0
459,390901,2018,3,4,8600,12538.0,0,0
459,390662,2018,3,2,2323,6900.0,0,0
459,390643,2018,2,1,2816,5900.0,0,0
459,392303,2018,3,0,0,0.0,0,0
459,390905,2018,4,0,0,0.0,0,0
459,390906,2018,9,0,0,0.0,0,0
459,392907,2018,12,0,0,0.0,0,0
460,390297,2018,6,20,28840,42260.0,0,0
460,392298,2018,12,8,16618,22532.0,0,0
460,392809,2018,4,8,12992,25908.0,0,0
460,390200,2018,9,4,9324,24544.0,0,0
460,390900,2018,4,4,8600,12518.0,0,0
460,390509,2018,3,2,2812,6900.0,0,0
460,390903,2018,2,0,0,0.0,0,0
460,390637,2018,3,0,0,0.0,0,0
460,390903,2018,9,0,0,0.0,0,0
460,392306,2018,11,0,0,0.0,0,0
460,392907,2018,12,0,0,0.0,0,0
461,392017,2018,6,16,17684,25536.0,0,0
461,390298,2018,10,8,18888,28932.0,0,0
461,390299,2018,9,6,15324,20826.0,0,0
461,390900,2018,9,4,8384,15336.0,0,0
461,392299,2018,2,4,8600,12552.0,0,0
461,390902,2018,3,2,2500,5900.0,0,0
461,390617,2018,2,1,2388,0.0,0,0
461,392302,2018,3,0,0,0.0,0,0
461,390635,2018,9,0,0,0.0,0,0
461,390909,2018,11,0,0,0.0,0,0
461,390905,2018,12,0,0,0.0,0,0
462,392017,2018,6,20,27840,41260.0,0,0
462,390298,2018,12,9,18688,25432.0,0,0
462,390299,2018,9,8,16604,25826.0,0,0
462,390600,2018,9,4,8324,5736.0,0,0
462,390901,2018,4,4,8348,12512.0,0,0
462,390602,2018,3,2,2600,6900.0,0,0
462,390903,2018,2,0,0,0.0,0,0
462,390668,2018,3,0,0,0.0,0,0
462,390635,2018,9,0,0,0.0,0,0
462,390906,2018,11,0,0,0.0,0,0
462,392007,2018,12,0,0,0.0,0,0
463,390297,2018,6,12,25840,40200.0,0,0
463,390298,2018,10,8,16638,25532.0,0,0
463,390299,2018,9,8,12104,22906.0,0,0
463,390600,2018,9,2,8324,24936.0,0,0
463,390601,2018,3,4,8600,10000.0,0,0
463,390802,2018,3,2,2800,3700.0,0,0
463,390297,2018,2,1,2311,3100.0,0,0
463,390668,2018,4,0,0,0.0,0,0
463,390605,2018,9,0,0,0.0,0,0
463,390632,2018,8,0,0,0.0,0,0
463,390907,2018,12,0,0,0.0,0,0
464,390297,2018,6,20,26840,40260.0,0,0
464,390298,2018,12,12,18128,25732.0,0,0
464,390299,2018,9,8,12824,24736.0,0,0
464,390299,2018,9,4,3600,12530.0,0,0
464,390919,2018,4,6,12892,12538.0,0,0
464,390299,2018,3,2,2800,3332.0,0,0
464,390297,2018,2,1,0,0.0,0,0
464,390668,2018,4,0,0,0.0,0,0
464,390907,2018,9,0,0,0.0,0,0
464,390906,2018,11,0,0,0.0,0,0
464,390609,2018,12,0,0,0.0,0,0
465,392297,2018,6,12,28884,42216.0,0,0
465,390298,2018,10,8,16618,20822.0,0,0
465,390299,2018,9,8,15324,20536.0,0,0
465,390299,2018,9,4,5520,5730.0,0,0
465,390619,2018,4,4,8600,12652.0,0,0
465,390632,2018,3,2,2800,6900.0,0,0
465,390657,2018,2,1,2381,1800.0,0,0
465,392904,2018,6,0,0,0.0,0,0
465,392803,2018,9,0,0,0.0,0,0
465,390906,2018,11,0,0,0.0,0,0
465,392307,2018,12,0,0,0.0,0,0
466,390297,2018,6,12,13844,25266.0,0,0
466,390298,2018,10,8,18638,28992.0,0,0
466,390299,2018,9,6,15392,20528.0,0,0
466,390688,2018,9,4,5524,26336.0,0,0
466,390903,2018,4,4,8600,12912.0,0,0
466,390909,2018,3,2,2300,6332.0,0,0
466,390097,2018,2,1,2321,3100.0,0,0
466,390638,2018,4,0,0,0.0,0,0
466,390637,2018,9,0,0,0.0,0,0
466,390906,2018,11,0,0,0.0,0,0
466,390907,2018,12,0,0,0.0,0,0
467,390297,2018,6,20,28840,40260.0,0,0
467,392298,2018,9,8,16888,22532.0,0,0
467,390609,2018,9,8,16192,25338.0,0,0
467,390660,2018,9,8,12792,20008.0,0,0
467,390299,2018,4,4,8600,20438.0,0,0
467,390602,2018,3,2,2600,6900.0,0,0
467,390903,2018,2,1,2281,5702.5,0,0
467,390634,2018,3,0,0,0.0,0,0
467,390905,2018,10,0,0,0.0,0,0
467,390906,2018,11,0,0,0.0,0,0
467,392307,2018,12,0,0,0.0,0,0
468,392205,2018,6,12,12864,25596.0,0,0
468,392296,2018,7,12,15408,22532.0,0,0
468,392897,2018,9,8,18312,20808.0,0,0
468,390600,2018,8,8,18384,24536.0,0,0
468,390299,2018,4,4,8800,10000.0,0,0
468,390617,2018,3,2,9800,6900.0,0,0
468,390622,2018,2,1,0,0.0,0,0
468,390638,2018,6,0,0,0.0,0,0
468,390668,2018,9,0,0,0.0,0,0
468,390906,2018,11,0,0,0.0,0,0
468,390907,2018,12,0,0,0.0,0,0
469,392297,2018,6,20,28840,42260.0,0,0
469,390298,2018,12,9,14688,25432.0,0,0
469,392299,2018,9,8,12992,28908.0,0,0
469,390600,2018,9,4,8384,25736.0,0,0
469,390900,2018,3,4,8300,12912.0,0,0
469,390299,2018,3,2,2324,6900.0,0,0
469,390297,2018,2,1,0,0.0,0,0
469,390908,2018,3,0,0,0.0,0,0
469,390637,2018,9,0,0,0.0,0,0
469,392306,2018,11,0,0,0.0,0,0
469,390907,2018,12,0,0,0.0,0,0
470,392247,2018,6,12,27884,41966.0,0,0
470,392298,2018,10,8,18378,20452.0,0,0
470,390299,2018,9,6,16984,24826.0,0,0
470,390299,2018,9,2,8384,5536.0,0,0
470,390601,2018,4,4,8600,10000.0,0,0
470,390647,2018,3,2,2384,6832.0,0,0
470,390299,2018,2,0,0,0.0,0,0
470,390668,2018,3,0,0,0.0,0,0
470,390637,2018,9,0,0,0.0,0,0
470,390906,2018,11,0,0,0.0,0,0
470,390907,2018,12,0,0,0.0,0,0
471,392297,2018,6,20,26840,40260.0,0,0
471,392898,2018,12,8,18374,22536.0,0,0
471,392299,2018,9,8,16892,24718.0,0,0
471,390299,2018,9,2,5500,5430.0,0,0
471,390601,2018,4,4,8600,14468.0,0,0
471,390802,2018,3,2,2600,5700.0,0,0
471,390903,2018,2,0,0,0.0,0,0
471,390667,2018,3,0,0,0.0,0,0
471,390633,2018,9,0,0,0.0,0,0
471,390906,2018,11,0,0,0.0,0,0
471,390907,2018,12,0,0,0.0,0,0
472,392297,2018,6,12,27840,41260.0,0,0
472,390298,2018,12,8,16615,25532.0,0,0
472,390209,2018,9,8,11800,25725.0,0,0
472,390299,2018,5,4,5524,5906.0,0,0
472,390630,2018,4,4,8600,16914.0,0,0
472,390666,2018,3,2,2600,6900.0,0,0
472,390897,2018,2,1,2321,2500.0,0,0
472,390908,2018,3,0,0,0.0,0,0
472,390669,2018,4,0,0,0.0,0,0
472,390606,2018,9,0,0,0.0,0,0
472,390699,2018,12,0,0,0.0,0,0
473,392297,2018,6,12,27840,41260.0,0,0
473,392818,2018,12,8,16628,25432.0,0,0
473,390299,2018,9,8,12324,28828.0,0,0
473,390299,2018,9,4,8384,5516.0,0,0
473,390299,2018,4,4,8600,16918.0,0,0
473,390632,2018,3,2,2812,6638.0,0,0
473,390619,2018,2,1,0,0.0,0,0
473,390608,2018,3,0,0,0.0,0,0
473,390635,2018,9,0,0,0.0,0,0
473,390906,2018,11,0,0,0.0,0,0
473,390907,2018,12,0,0,0.0,0,0
474,390297,2018,6,20,26840,40260.0,0,0
474,390298,2018,10,8,18618,22512.0,0,0
474,390299,2018,9,8,12992,24728.0,0,0
474,390290,2018,9,2,3636,5514.0,0,0
474,390901,2018,4,4,8600,12918.0,0,0
474,390662,2018,3,2,2321,6900.0,0,0
474,390663,2018,2,1,2384,2738.0,0,0
474,390668,2018,0,0,0,0.0,0,0
474,392903,2018,9,0,0,0.0,0,0
474,390907,2018,11,0,0,0.0,0,0
474,390907,2018,12,0,0,0.0,0,0
475,390297,2018,6,20,28140,42260.0,0,0
475,390298,2018,12,8,16608,25432.0,0,0
475,390299,2018,3,8,15224,22906.0,0,0
475,390600,2018,5,2,5524,8936.0,0,0
475,390601,2018,4,4,8800,12612.0,0,0
475,390649,2018,10,2,2321,6900.0,0,0
475,390647,2018,2,1,0,0.0,0,0
475,390602,2018,3,0,0,0.0,0,0
475,390905,2018,9,0,0,0.0,0,0
475,392728,2018,11,0,0,0.0,0,0
475,390907,2018,12,0,0,0.0,0,0
476,390297,2018,6,20,28840,42260.0,0,0
476,390298,2018,10,8,16688,25532.0,0,0
476,390299,2018,9,8,18324,29336.0,0,0
476,390299,2018,9,4,5524,5536.0,0,0
476,390301,2018,4,4,8600,10000.0,0,0
476,390302,2018,3,2,2368,6900.0,0,0
476,390897,2018,2,1,0,0.0,0,0
476,390667,2018,8,0,0,0.0,0,0
476,392903,2018,9,0,0,0.0,0,0
476,392859,2018,11,0,0,0.0,0,0
476,392899,2018,12,0,0,0.0,0,0
477,392297,2018,6,12,11840,17960.0,0,0
477,392298,2018,10,8,16688,25432.0,0,0
477,390299,2018,4,8,16192,20528.0,0,0
477,390200,2018,9,4,5524,25536.0,0,0
477,390299,2018,2,4,8800,12512.0,0,0
477,390662,2018,3,2,2800,6900.0,0,0
477,390897,2018,2,1,0,0.0,0,0
477,390298,2018,3,0,0,0.0,0,0
477,392903,2018,9,0,0,0.0,0,0
477,392809,2018,11,0,0,0.0,0,0
477,392907,2018,12,0,0,0.0,0,0
478,392297,2018,6,20,22880,47900.0,0,0
478,392298,2018,10,8,18128,25432.0,0,0
478,390299,2018,9,6,12384,25736.0,0,0
478,392800,2018,9,8,17623,25536.0,0,0
478,392801,2018,4,4,8892,12938.0,0,0
478,392297,2018,3,2,2812,3338.0,0,0
478,392903,2018,2,1,0,0.0,0,0
478,390607,2018,3,0,0,0.0,0,0
478,392828,2018,9,0,0,0.0,0,0
478,390909,2018,11,0,0,0.0,0,0
478,392905,2018,12,0,0,0.0,0,0
479,392297,2018,6,20,22840,43260.0,0,0
479,390298,2018,12,9,19888,25532.0,0,0
479,390299,2018,9,8,12324,29906.0,0,0
479,390600,2018,9,4,9892,29538.0,0,0
479,390901,2018,2,4,8600,0.0,0,0
479,390298,2018,3,2,2800,0.0,0,0
479,390903,2018,2,0,0,0.0,0,0
479,392838,2018,3,0,0,0.0,0,0
479,390657,2018,9,0,0,0.0,0,0
479,392299,2018,11,0,0,0.0,0,0
479,390907,2018,12,0,0,0.0,0,0
480,392297,2018,6,20,26840,40260.0,0,0
480,390668,2018,10,8,16688,27932.0,0,0
480,390299,2018,9,8,14352,29808.0,0,0
480,390290,2018,9,8,17524,25936.0,0,0
480,392801,2018,4,6,8600,12538.0,0,0
480,390662,2018,8,2,2321,14700.0,0,0
480,390603,2018,2,1,0,0.5,0,0
480,390608,2018,3,0,0,0.0,0,0
480,390505,2018,9,0,0,0.0,0,0
480,390298,2018,11,0,0,0.0,0,0
480,390907,2018,12,0,0,0.0,0,0
481,392297,2018,6,12,27880,41260.0,0,0
481,390298,2018,12,8,16128,25432.0,0,0
481,390909,2018,9,8,12952,20828.0,0,0
481,390600,2018,9,4,7524,24536.0,0,0
481,390602,2018,4,6,11892,12638.0,0,0
481,392802,2018,8,2,2324,6903.0,0,0
481,390297,2018,2,1,1,1.0,0,0
481,390902,2018,3,0,0,0.0,0,0
481,390897,2018,4,0,0,0.0,0,0
481,390606,2018,9,0,0,0.0,0,0
481,390907,2018,12,0,0,0.0,0,0
482,392297,2018,6,20,27840,41210.0,0,0
482,392898,2018,12,12,18388,25432.0,0,0
482,390509,2018,9,8,12924,25736.0,0,0
482,390299,2018,9,8,19924,25336.0,0,0
482,390647,2018,4,4,8600,20715.0,0,0
482,390600,2018,3,2,2108,6900.0,0,0
482,390297,2018,2,1,0,0.0,0,0
482,390908,2018,3,0,0,0.0,0,0
482,392897,2018,9,0,0,0.0,0,0
482,390658,2018,11,0,0,0.0,0,0
482,392307,2018,12,0,0,0.0,0,0
483,392297,2018,6,20,27860,41290.0,0,0
483,390618,2018,12,12,16688,25532.0,0,0
483,390299,2018,9,8,11608,25712.0,0,0
483,390299,2018,9,4,9824,8536.0,0,0
483,390601,2018,4,8,19600,14438.0,0,0
483,390666,2018,3,2,2321,3332.0,0,0
483,390903,2018,2,1,0,0.0,0,0
483,390667,2018,3,0,0,0.0,0,0
483,390633,2018,9,0,0,0.0,0,0
483,390606,2018,11,0,0,0.0,0,0
483,392907,2018,12,0,0,0.0,0,0
484,392296,2018,7,28,12656,25904.0,0,0
484,390617,2018,8,12,16888,25432.0,0,0
484,390299,2018,9,8,15324,25726.0,0,0
484,390298,2018,9,8,11824,25936.0,0,0
484,390600,2018,4,4,8600,12512.0,0,0
484,392802,2018,3,2,4812,6900.0,0,0
484,390203,2018,2,1,1,0.0,0,0
484,392298,2018,2,0,0,0.0,0,0
484,392805,2018,9,0,0,0.0,0,0
484,392306,2018,11,0,0,0.0,0,0
484,390907,2018,12,0,0,0.0,0,0
485,392267,2018,6,16,12844,25566.0,0,0
485,392298,2018,10,8,18373,26536.0,0,0
485,392299,2018,9,6,12884,20826.0,0,0
485,390667,2018,9,4,3600,29510.0,0,0
485,390600,2018,4,4,8600,12512.0,0,0
485,392802,2018,3,2,2800,6900.0,0,0
485,390297,2018,2,1,0,0.0,0,0
485,390904,2018,3,0,0,0.0,0,0
485,392903,2018,9,0,0,0.0,0,0
485,390669,2018,11,0,0,0.0,0,0
485,392907,2018,12,0,0,0.0,0,0
486,390297,2018,6,20,27870,41990.0,0,0
486,390298,2018,10,8,16618,22522.0,0,0
486,392299,2018,9,8,12324,25206.0,0,0
486,390600,2018,9,4,9824,6936.0,0,0
486,390901,2018,3,4,8692,13318.0,0,0
486,390602,2018,8,2,2812,6900.0,0,0
486,392303,2018,2,1,0,0.0,0,0
486,390603,2018,3,0,0,0.0,0,0
486,390633,2018,4,0,0,0.0,0,0
486,390906,2018,11,0,0,0.0,0,0
486,390607,2018,12,0,0,0.0,0,0
487,392297,2018,6,12,27880,41260.0,0,0
487,392298,2018,12,9,12928,22532.0,0,0
487,392299,2018,9,8,18323,25768.0,0,0
487,390299,2018,9,8,13684,25536.0,0,0
487,390499,2018,4,4,2800,10000.0,0,0
487,392898,2018,3,2,2800,6900.0,0,0
487,392303,2018,2,1,0,0.0,0,0
487,390668,2018,3,0,0,0.0,0,0
487,390823,2018,9,0,0,0.0,0,0
487,390606,2018,11,0,0,0.0,0,0
487,390497,2018,12,0,0,0.0,0,0
488,392297,2018,6,20,26840,40260.0,0,0
488,390298,2018,12,9,18328,22592.0,0,0
488,390299,2018,9,8,12324,22526.0,0,0
488,392800,2018,9,8,19324,25536.0,0,0
488,390903,2018,4,4,9600,20000.0,0,0
488,390900,2018,3,2,2800,0.0,0,0
488,390903,2018,2,1,0,0.0,0,0
488,390668,2018,3,0,0,0.0,0,0
488,390633,2018,9,0,0,0.0,0,0
488,390902,2018,11,0,0,0.0,0,0
488,392297,2018,12,0,0,0.0,0,0
489,392297,2018,6,12,12844,25216.0,0,0
489,392298,2018,7,12,18388,25522.0,0,0
489,392299,2018,10,8,12224,25906.0,0,0
489,390633,2018,9,8,13624,20006.0,0,0
489,390639,2018,4,4,8600,10462.0,0,0
489,390602,2018,3,2,2800,4700.0,0,0
489,390902,2018,2,1,0,0.0,0,0
489,390602,2018,3,0,0,0.0,0,0
489,390637,2018,9,0,0,0.0,0,0
489,392806,2018,11,0,0,0.0,0,0
489,390297,2018,12,0,0,0.0,0,0
490,392297,2018,6,12,27840,41710.0,0,0
490,390298,2018,12,8,16688,25962.0,0,0
490,392299,2018,9,8,12592,25908.0,0,0
490,390600,2018,9,4,5324,5536.0,0,0
490,390299,2018,2,4,8800,12437.0,0,0
490,390602,2018,3,2,2384,6500.0,0,0
490,390299,2018,2,0,0,0.0,0,0
490,392868,2018,3,0,0,0.0,0,0
490,390665,2018,9,0,0,0.0,0,0
490,390906,2018,11,0,0,0.0,0,0
490,390907,2018,12,0,0,0.0,0,0
491,392297,2018,6,12,12864,15396.0,0,0
491,392298,2018,10,8,18688,25432.0,0,0
491,390609,2018,9,8,15604,20826.0,0,0
491,392800,2018,9,4,8824,25936.0,0,0
491,390901,2018,4,4,8600,12511.0,0,0
491,390902,2018,3,2,2800,6932.0,0,0
491,390613,2018,2,0,0,0.0,0,0
491,392297,2018,3,0,0,0.0,0,0
491,392903,2018,9,0,0,0.0,0,0
491,390906,2018,11,0,0,0.0,0,0
491,390907,2018,12,0,0,0.0,0,0
492,392915,2018,6,16,15864,25596.0,0,0
492,392806,2018,3,8,18376,24964.0,0,0
492,392017,2018,4,8,15884,25906.0,0,0
492,390618,2018,9,4,5524,5516.0,0,0
492,390619,2018,2,4,8600,11418.0,0,0
492,390299,2018,3,2,2600,0.0,0,0
492,390297,2018,2,1,0,0.0,0,0
492,390608,2018,3,0,0,0.0,0,0
492,392899,2018,9,0,0,0.0,0,0
492,390632,2018,11,0,0,0.0,0,0
492,390607,2018,12,0,0,0.0,0,0
493,392287,2018,6,12,27884,41266.0,0,0
493,390918,2018,10,8,18388,25532.0,0,0
493,390299,2018,9,6,12992,25908.0,0,0
493,390293,2018,9,4,3792,20008.0,0,0
493,392901,2018,4,4,8892,10008.0,0,0
493,390499,2018,3,2,2800,6900.0,0,0
493,390617,2018,2,1,0,0.0,0,0
493,390668,2018,3,0,0,0.0,0,0
493,390638,2018,9,0,0,0.0,0,0
493,390658,2018,11,0,0,0.0,0,0
493,390907,2018,12,0,0,0.0,0,0
494,392017,2018,6,16,17684,25566.0,764,136
494,390618,2018,10,8,16688,25432.0,0,0
494,390299,2018,9,8,12804,20806.0,0,0
494,390290,2018,9,4,5524,5536.0,0,0
494,392901,2018,2,0,600,12538.0,0,0
494,390299,2018,3,0,0,0.0,0,0
494,390613,2018,2,0,0,0.0,0,0
494,392299,2018,5,0,0,0.0,0,0
494,392299,2018,9,0,0,0.0,0,0
494,390638,2018,11,0,0,0.0,0,0
494,390299,2018,12,0,0,0.0,0,0
495,392297,2018,6,20,27840,41260.0,0,0
495,390298,2018,12,9,18376,22534.0,0,0
495,390299,2018,8,8,12952,22328.0,0,0
495,392810,2018,9,8,16292,26538.0,0,0
495,390639,2018,4,4,8600,10400.0,0,0
495,390602,2018,8,2,2600,6900.0,0,0
495,390493,2018,2,1,2600,0.0,0,0
495,390658,2018,3,0,0,0.0,0,0
495,392897,2018,9,0,0,0.0,0,0
495,390908,2018,11,0,0,0.0,0,0
495,392077,2018,12,0,0,0.0,0,0
496,392915,2018,6,16,15864,25596.0,0,0
496,392806,2018,7,12,18388,25482.0,0,0
496,392297,2018,10,8,12934,20836.0,386,0
496,390619,2018,9,8,19824,25536.0,0,0
496,390900,2018,4,6,19608,10004.0,0,0
496,392902,2018,3,4,2800,3700.0,0,0
496,390297,2018,2,1,0,0.0,0,0
496,390668,2018,3,0,0,0.0,0,0
496,392908,2018,9,0,0,0.0,0,0
496,392906,2018,11,0,0,0.0,0,0
496,392907,2018,12,0,0,0.0,0,0
497,392297,2018,6,12,10844,25906.0,0,0
497,392298,2018,10,8,16618,25432.0,0,0
497,390299,2018,9,6,14824,25436.0,0,0
497,390299,2018,9,4,2792,15516.0,0,0
497,390299,2018,2,4,8600,10000.0,0,0
497,390602,2018,3,2,2600,6900.0,0,0
497,390903,2018,2,1,0,0.0,0,0
497,390602,2018,3,0,0,0.0,0,0
497,392968,2018,9,0,0,0.0,0,0
497,390958,2018,11,0,0,0.0,0,0
497,390607,2018,12,0,0,0.0,0,0
498,392800,2018,6,12,28144,42266.0,0,0
498,390801,2018,6,12,25138,35432.0,0,0
498,390299,2018,9,8,12992,27906.0,0,0
498,390290,2018,5,8,13624,24576.0,0,0
498,390619,2018,0,6,11800,10000.0,0,0
498,390290,2018,3,4,2800,6900.0,0,0
498,390603,2018,0,2,2384,5400.0,0,0
498,390007,2018,8,0,0,0.0,0,0
498,390637,2018,9,0,0,0.0,0,0
498,390909,2018,11,0,0,0.0,0,0
498,390907,2018,12,0,0,0.0,0,0
499,392297,2018,6,20,26840,40260.0,0,0
499,392298,2018,12,9,18328,22532.0,0,0
499,392299,2018,9,8,12324,24726.0,0,0
499,390900,2018,9,4,9824,5506.0,0,0
499,390902,2018,2,4,8600,10738.0,0,0
499,390602,2018,3,2,2800,6338.0,0,0
499,392903,2018,2,0,0,0.0,0,0
499,390667,2018,4,0,0,0.0,0,0
499,390905,2018,5,0,0,0.0,0,0
499,392207,2018,9,0,0,0.0,0,0
499,390900,2018,12,0,0,0.0,0,0
500,392297,2018,6,12,27844,41266.0,0,0
500,390618,2018,10,8,16808,25432.0,0,0
500,390299,2018,9,6,12324,20826.0,0,0
500,390290,2018,9,4,8824,12536.0,0,0
500,390800,2018,4,4,8800,11438.0,0,0
500,390616,2018,3,2,2324,6936.0,0,0
500,390897,2018,2,1,1881,5151.0,0,0
500,390602,2018,6,0,0,0.0,0,0
500,390633,2018,4,0,0,0.0,0,0
500,390905,2018,9,0,0,0.0,0,0
500,392899,2018,12,0,0,0.0,0,0
501,392297,2018,6,12,12880,25720.0,0,0
501,392298,2018,8,12,16128,25432.0,0,0
501,392299,2018,9,8,16292,25738.0,0,0
501,390299,2018,9,8,19824,25536.0,376,0
501,390639,2018,9,6,8692,12438.0,0,0
501,390902,2018,3,2,2800,6900.0,0,0
501,390903,2018,2,1,0,0.0,0,0
501,390902,2018,3,0,0,0.0,0,0
501,392823,2018,9,0,0,0.0,0,0
501,390639,2018,11,0,0,0.0,0,0
501,390907,2018,12,0,0,0.0,0,0
502,392296,2018,7,28,12656,25394.0,0,0
502,392297,2018,9,8,16128,25432.0,0,0
502,390299,2018,12,6,43604,20826.0,0,0
502,390298,2018,9,2,1824,5536.0,0,0
502,392899,2018,4,4,8340,10000.0,0,0
502,390809,2018,3,2,2384,6900.0,0,0
502,390603,2018,2,1,0,0.0,0,0
502,390667,2018,3,0,0,0.0,0,0
502,390905,2018,9,0,0,0.0,0,0
502,390906,2018,11,0,0,0.0,0,0
502,390907,2018,12,0,0,0.0,0,0
503,392295,2018,6,12,12884,25996.0,0,0
503,392296,2018,7,8,16688,25432.0,0,0
503,390297,2018,11,6,8324,18906.0,0,0
503,390290,2018,9,2,3692,15938.0,0,0
503,390601,2018,2,4,8600,10000.0,0,0
503,392902,2018,3,2,2600,6900.0,0,0
503,390602,2018,2,1,1800,7826.0,0,0
503,392908,2018,3,0,0,0.0,0,0
503,390633,2018,9,0,0,0.0,0,0
503,390909,2018,11,0,0,0.0,0,0
503,390907,2018,12,0,0,0.0,0,0
504,392297,2018,6,20,27840,41260.0,0,0
504,392298,2018,12,9,18128,22552.0,0,0
504,392299,2018,9,8,12992,23748.0,0,0
504,392292,2018,9,8,19824,26516.0,0,0
504,392800,2018,2,4,8600,12538.0,0,0
504,390902,2018,3,2,2388,3732.0,0,0
504,392803,2018,2,0,0,0.0,0,0
504,390668,2018,4,0,0,0.0,0,0
504,392899,2018,4,0,0,0.0,0,0
504,390908,2018,9,0,0,0.0,0,0
504,390907,2018,12,0,0,0.0,0,0
505,392297,2018,6,12,27876,41704.0,0,0
505,392618,2018,10,8,16608,25552.0,0,0
505,390909,2018,9,8,15392,12908.0,0,0
505,390299,2018,9,4,3324,5536.0,0,0
505,390600,2018,4,4,8348,14438.0,0,0
505,392899,2018,3,2,2384,4578.0,0,0
505,390903,2018,2,0,0,0.0,0,0
505,392899,2018,3,0,0,0.0,0,0
505,392903,2018,4,0,0,0.0,0,0
505,390632,2018,11,0,0,0.0,0,0
505,392907,2018,12,0,0,0.0,0,0
506,390297,2018,6,20,27840,41260.0,0,0
506,390618,2018,12,9,16128,24732.0,0,0
506,390909,2018,9,8,12952,25908.0,0,0
506,390661,2018,9,4,8524,25536.0,0,0
506,390601,2018,4,4,8600,13718.0,0,0
506,392299,2018,3,2,2384,6900.0,0,0
506,390903,2018,2,1,0,0.0,0,0
506,390667,2018,3,0,0,0.0,0,0
506,390905,2018,9,0,0,0.0,0,0
506,390647,2018,11,0,0,0.0,0,0
506,392907,2018,12,0,0,0.0,0,0
507,392297,2018,6,12,27884,41736.0,0,0
507,392908,2018,10,8,16608,25432.0,0,0
507,392909,2018,9,8,15804,20328.0,0,0
507,390299,2018,9,4,2800,5512.0,0,0
507,392901,2018,2,6,11892,10008.0,0,0
507,390649,2018,3,2,4800,6336.0,0,0
507,390603,2018,2,1,0,0.0,0,0
507,390947,2018,5,0,0,0.0,0,0
507,392903,2018,9,0,0,0.0,0,0
507,390806,2018,11,0,0,0.0,0,0
507,392807,2018,12,0,0,0.0,0,0
508,392297,2018,6,20,27840,41260.0,0,0
508,390298,2018,10,8,18128,22512.0,0,0
508,390299,2018,9,8,15304,24736.0,0,0
508,390299,2018,9,4,5524,5936.0,0,0
508,390619,2018,4,4,8840,12918.0,0,0
508,390802,2018,3,2,2600,3700.0,0,0
508,392303,2018,2,1,0,0.0,0,0
508,390667,2018,3,0,0,0.0,0,0
508,390805,2018,9,0,0,0.0,0,0
508,390909,2018,11,0,0,0.0,0,0
508,392807,2018,12,0,0,0.0,0,0
509,392860,2018,6,12,12864,25566.0,0,0
509,392911,2018,7,16,18376,27934.0,0,0
509,392292,2018,9,8,15354,20826.0,0,0
509,390603,2018,10,2,5524,5536.0,0,0
509,392895,2018,4,4,8600,14400.0,0,0
509,390617,2018,3,2,2292,3806.0,0,0
509,390903,2018,2,1,1888,5400.0,0,0
509,392907,2018,3,0,0,0.0,0,0
509,390907,2018,9,0,0,0.0,0,0
509,392906,2018,3,0,0,0.0,0,0
509,392297,2018,12,0,0,0.0,0,0
510,392297,2018,6,20,27680,41900.0,0,0
510,392918,2018,12,12,18370,25730.0,0,0
510,390699,2018,8,8,16124,25906.0,0,0
510,390900,2018,9,8,19568,25532.0,679,122
510,392801,2018,0,4,8600,10000.0,0,0
510,392809,2018,3,2,2800,6912.0,0,0
510,392903,2018,2,1,0,0.5,0,0
510,390668,2018,3,0,0,0.0,0,0
510,390638,2018,9,0,0,0.0,0,0
510,392906,2018,11,0,0,0.0,0,0
510,392007,2018,12,0,0,0.0,0,0
511,392297,2018,6,12,22844,40266.0,0,0
511,390618,2018,10,8,18378,24732.0,0,0
511,392809,2018,4,6,12364,20828.0,0,0
511,392299,2018,9,4,8324,25936.0,0,0
511,392305,2018,2,4,8600,12438.0,0,0
511,390602,2018,3,2,2800,6500.0,0,0
511,390903,2018,2,0,0,0.0,0,0
511,390667,2018,3,0,0,0.0,0,0
511,392828,2018,9,0,0,0.0,0,0
511,390636,2018,11,0,0,0.0,0,0
511,392307,2018,12,0,0,0.0,0,0
512,392297,2018,6,12,12864,25006.0,0,0
512,392298,2018,7,8,16111,22532.0,0,0
512,390919,2018,9,6,12954,20826.0,0,0
512,390600,2018,9,8,19608,20332.0,0,0
512,390299,2018,4,4,8600,10000.0,0,0
512,390661,2018,3,2,1800,6900.0,0,0
512,390617,2018,2,0,0,0.0,0,0
512,390066,2018,3,0,0,0.0,0,0
512,392819,2018,9,0,0,0.0,0,0
512,390669,2018,11,0,0,0.0,0,0
512,390607,2018,12,0,0,0.0,0,0
513,392297,2018,6,12,27880,41260.0,0,0
513,392298,2018,12,9,19688,25152.0,0,0
513,390299,2018,9,8,14324,27906.0,0,0
513,392900,2018,9,8,19824,25536.0,0,0
513,390635,2018,4,4,8609,12738.0,0,0
513,390902,2018,3,2,2800,6936.0,0,0
513,390297,2018,2,1,0,0.0,0,0
513,390968,2018,3,0,0,0.0,0,0
513,390905,2018,9,0,0,0.0,0,0
513,390906,2018,11,0,0,0.0,0,0
513,390907,2018,12,0,0,0.0,0,0
514,392297,2018,6,12,22880,34460.0,0,0
514,392898,2018,12,9,14688,25432.0,0,0
514,390299,2018,9,8,12804,20826.0,0,0
514,390290,2018,9,4,5622,29536.0,0,0
514,390605,2018,4,4,8893,6912.0,0,0
514,390299,2018,3,2,2600,3300.0,0,0
514,390802,2018,2,1,0,0.0,0,0
514,390638,2018,3,0,0,0.0,0,0
514,390665,2018,9,0,0,0.0,0,0
514,390606,2018,11,0,0,0.0,0,0
514,392829,2018,12,0,0,0.0,0,0
515,392207,2018,6,16,11294,25566.0,0,0
515,392818,2018,8,12,18388,22552.0,0,0
515,392299,2018,8,8,16600,20725.0,0,0
515,390290,2018,9,8,19824,25336.0,0,0
515,390662,2018,4,4,8600,12738.0,0,0
515,390617,2018,3,2,2292,6900.0,0,0
515,392803,2018,2,1,0,0.0,0,0
515,392308,2018,3,0,0,0.0,0,0
515,392905,2018,9,0,0,0.0,0,0
515,392906,2018,11,0,0,0.0,0,0
515,390907,2018,12,0,0,0.0,0,0
516,392017,2018,6,20,27880,41260.0,0,0
516,392298,2018,12,8,16618,22522.0,0,0
516,392299,2018,11,8,12952,23808.0,0,0
516,390600,2018,9,4,8324,24536.0,0,0
516,392301,2018,4,4,8600,12938.0,0,0
516,392299,2018,3,2,2600,6900.0,0,0
516,390299,2018,2,1,0,0.0,0,0
516,390297,2018,3,0,0,0.0,0,0
516,392828,2018,9,0,0,0.0,0,0
516,392826,2018,11,0,0,0.0,0,0
516,390907,2018,12,0,0,0.0,0,0
517,392297,2018,6,20,28140,40260.0,0,0
517,392298,2018,12,8,16288,22532.0,0,0
517,390909,2018,9,8,12324,25906.0,0,0
517,392000,2018,9,4,5524,5836.0,0,0
517,390601,2018,4,2,8800,12418.0,0,0
517,390662,2018,3,2,2321,6528.0,0,0
517,390617,2018,2,1,0,0.0,0,0
517,390668,2018,3,0,0,0.0,0,0
517,390637,2018,9,0,0,0.0,0,0
517,390906,2018,11,0,0,0.0,0,0
517,392907,2018,12,0,0,0.0,0,0
518,392297,2018,6,12,27840,41260.0,0,0
518,392298,2018,10,8,18128,25432.0,0,0
518,392299,2018,11,8,12192,22228.0,0,0
518,390290,2018,9,4,5524,20006.0,0,0
518,390901,2018,4,4,8600,10512.0,0,0
518,390902,2018,3,2,2800,3700.0,0,0
518,390617,2018,2,1,0,0.0,0,0
518,390607,2018,3,0,0,0.0,0,0
518,390633,2018,9,0,0,0.0,0,0
518,390606,2018,11,0,0,0.0,0,0
518,392907,2018,12,0,0,0.0,0,0
519,392297,2018,6,12,11841,25562.0,0,0
519,392298,2018,8,12,18128,22532.0,0,0
519,392299,2018,5,8,12804,25906.0,0,0
519,392299,2018,9,4,5524,26536.0,0,0
519,390909,2018,2,4,8340,12538.0,0,0
519,392800,2018,3,2,2800,6700.0,0,0
519,390867,2018,2,0,0,0.0,0,0
519,390667,2018,4,0,0,0.0,0,0
519,390905,2018,9,0,0,0.0,0,0
519,390906,2018,11,0,0,0.0,0,0
519,390907,2018,12,0,0,0.0,0,0
520,392017,2018,6,12,27892,41768.0,0,0
520,392298,2018,10,8,18128,25532.0,0,0
520,390909,2018,9,8,12884,20828.0,0,0
520,390290,2018,9,8,15524,29276.0,376,0
520,390299,2018,2,4,8800,20000.0,0,0
520,390666,2018,3,2,2600,6900.0,0,0
520,390617,2018,2,1,0,0.0,0,0
520,390802,2018,3,0,0,0.0,0,0
520,392828,2018,9,0,0,0.0,0,0
520,390906,2018,11,0,0,0.0,0,0
520,392907,2018,12,0,0,0.0,0,0
521,390297,2018,6,12,27880,41920.0,0,0
521,390298,2018,12,8,16618,25432.0,0,0
521,390299,2018,4,8,12324,20321.0,0,0
521,390900,2018,9,9,19820,25930.0,0,0
521,390800,2018,2,4,8800,10000.0,0,0
521,392802,2018,2,2,2800,6532.0,0,0
521,390617,2018,2,1,0,0.0,0,0
521,390668,2018,5,0,0,0.0,0,0
521,390299,2018,9,0,0,0.0,0,0
521,390909,2018,11,0,0,0.0,0,0
521,392307,2018,12,0,0,0.0,0,0
522,392297,2018,6,20,27840,41260.0,0,0
522,392298,2018,12,12,16688,25432.0,0,0
522,390299,2018,11,8,15324,25526.0,0,0
522,390900,2018,9,4,0,0.0,0,0
522,390601,2018,4,4,8600,11400.0,0,0
522,392802,2018,3,2,2600,0.0,0,0
522,390903,2018,2,0,0,0.0,0,0
522,390938,2018,3,0,0,0.0,0,0
522,392903,2018,9,0,0,0.0,0,0
522,392906,2018,11,0,0,0.0,0,0
522,392297,2018,12,0,0,0.0,0,0
523,392297,2018,6,12,22864,45296.0,0,0
523,392298,2018,10,8,14688,25432.0,0,0
523,390299,2018,9,6,11224,25906.0,0,0
523,392899,2018,9,2,7324,5536.0,0,0
523,392299,2018,4,4,8600,12618.0,0,0
523,390902,2018,8,2,2212,6932.0,0,0
523,390923,2018,2,1,1,6.0,0,0
523,390668,2018,3,0,0,0.0,0,0
523,390299,2018,9,0,0,0.0,0,0
523,390906,2018,11,0,0,0.0,0,0
523,390907,2018,12,0,0,0.0,0,0
524,392297,2018,6,20,27840,41260.0,0,0
524,392298,2018,10,8,18688,22712.0,0,0
524,390499,2018,9,8,12392,24728.0,0,0
524,392800,2018,9,4,5524,6536.0,0,0
524,390901,2018,4,4,8600,12918.0,0,0
524,392302,2018,3,2,2600,3900.0,0,0
524,392066,2018,2,1,0,0.0,0,0
524,390867,2018,3,0,0,0.0,0,0
524,390603,2018,4,0,0,0.0,0,0
524,392906,2018,9,0,0,0.0,0,0
524,392907,2018,12,0,0,0.0,0,0
525,392915,2018,6,16,17884,25486.0,0,0
525,392816,2018,7,12,16288,25432.0,0,0
525,392297,2018,11,8,12952,29328.0,0,0
525,392298,2018,9,4,8324,5536.0,0,0
525,390299,2018,2,4,5800,10000.0,0,0
525,390900,2018,3,8,12800,4900.0,0,0
525,390941,2018,2,0,0,0.0,0,0
525,390298,2018,2,0,0,0.0,0,0
525,392858,2018,9,0,0,0.0,0,0
525,392902,2018,11,0,0,0.0,0,0
525,392007,2018,12,0,0,0.0,0,0
526,392297,2018,6,20,26840,40260.0,0,0
526,392898,2018,12,9,18828,22562.0,0,0
526,392299,2018,9,8,14224,25826.0,0,0
526,392299,2018,9,8,15584,25536.0,0,0
526,390662,2018,0,4,8292,12408.0,0,0
526,392802,2018,3,2,2388,6900.0,0,0
526,390866,2018,2,1,0,0.0,0,0
526,392307,2018,3,0,0,0.0,0,0
526,392828,2018,9,0,0,0.0,0,0
526,390906,2018,11,0,0,0.0,0,0
526,390907,2018,10,0,0,0.0,0,0
527,392297,2018,6,20,26890,40260.0,0,0
527,390298,2018,12,9,18138,22532.0,0,0
527,390609,2018,9,8,16224,22336.0,0,0
527,390500,2018,9,8,19792,25516.0,0,0
527,390901,2018,0,8,13600,12512.0,0,0
527,392899,2018,3,4,9800,6900.0,0,0
527,390603,2018,2,0,0,0.0,0,0
527,390898,2018,4,0,0,0.0,0,0
527,390907,2018,9,0,0,0.0,0,0
527,390906,2018,12,0,0,0.0,0,0
527,392807,2018,12,0,0,0.0,0,0
528,392297,2018,6,12,12844,15566.0,0,0
528,392298,2018,10,8,16288,25412.0,0,0
528,390902,2018,9,8,12324,25736.0,0,0
528,392900,2018,9,4,7794,5936.0,0,0
528,390902,2018,2,5,15692,12528.0,0,0
528,392899,2018,3,2,2800,6900.0,0,0
528,390617,2018,2,1,0,0.0,0,0
528,390669,2018,3,0,0,0.0,0,0
528,390901,2018,9,0,0,0.0,0,0
528,390906,2018,11,0,0,0.0,0,0
528,390907,2018,12,0,0,0.0,0,0
529,392297,2018,6,12,26880,40210.0,0,0
529,390298,2018,12,9,12370,25436.0,0,0
529,390299,2018,9,8,12324,28906.0,0,0
529,390600,2018,9,8,19881,12506.0,0,0
529,390901,2018,4,4,8892,13338.0,0,0
529,390899,2018,3,2,2600,6900.0,0,0
529,390297,2018,2,1,0,0.0,0,0
529,390668,2018,6,0,0,0.0,0,0
529,392303,2018,9,0,0,0.0,0,0
529,390906,2018,11,0,0,0.0,0,0
529,392907,2018,12,0,0,0.0,0,0
530,392297,2018,6,20,27880,41720.0,0,0
530,392298,2018,12,8,16128,25432.0,0,0
530,392299,2018,9,8,16124,25526.0,0,0
530,390298,2018,9,8,15584,25536.0,0,0
530,390299,2018,4,6,8800,20000.0,0,0
530,390602,2018,3,2,2321,3800.0,0,0
530,390667,2018,2,1,0,0.0,0,0
530,390667,2018,3,0,0,0.0,0,0
530,390637,2018,9,0,0,0.0,0,0
530,390606,2018,11,0,0,0.0,0,0
530,390907,2018,12,0,0,0.0,0,0
531,392297,2018,6,20,26840,40260.0,0,0
531,392298,2018,12,9,18370,25445.0,0,0
531,392299,2018,7,8,12392,24408.0,0,0
531,392800,2018,9,4,5324,25536.0,0,0
531,392899,2018,4,4,8600,13438.0,0,0
531,390662,2018,3,2,2600,2700.0,0,0
531,390299,2018,2,1,0,0.5,0,0
531,390603,2018,3,0,0,0.0,0,0
531,390638,2018,9,0,0,0.0,0,0
531,390906,2018,11,0,0,0.0,0,0
531,392807,2018,12,0,0,0.0,0,0
532,392297,2018,6,20,26840,40260.0,0,0
532,390298,2018,12,12,18376,22534.0,0,0
532,392299,2018,9,8,11292,22448.0,0,0
532,390292,2018,9,8,11794,20536.0,0,0
532,390900,2018,2,0,600,12338.0,0,0
532,390602,2018,3,0,0,0.0,0,0
532,390903,2018,9,0,0,0.0,0,0
532,390208,2018,3,0,0,0.0,0,0
532,390631,2018,9,0,0,0.0,0,0
532,390605,2018,11,0,0,0.0,0,0
532,392299,2018,12,0,0,0.0,0,0
533,392205,2018,6,12,17864,25596.0,0,0
533,392296,2018,7,12,28128,34732.0,0,0
533,392007,2018,11,8,12334,23828.0,0,0
533,390800,2018,9,8,15524,25736.0,0,0
533,390901,2018,4,6,13600,10000.0,0,0
533,392899,2018,3,4,2852,6900.0,0,0
533,390901,2018,2,1,0,0.0,0,0
533,390902,2018,3,0,0,0.0,0,0
533,392297,2018,9,0,0,0.0,0,0
533,390658,2018,11,0,0,0.0,0,0
533,392907,2018,12,0,0,0.0,0,0
534,392915,2018,6,16,17844,25266.0,0,0
534,392896,2018,7,12,18408,22532.0,0,0
534,392297,2018,11,8,12608,23712.0,0,0
534,392298,2018,9,4,8824,29336.0,0,0
534,390299,2018,4,4,8340,10000.0,0,0
534,390902,2018,3,2,2312,6573.0,0,0
534,390297,2018,2,1,0,0.0,0,0
534,392019,2018,3,0,0,0.0,0,0
534,392297,2018,4,0,0,0.0,0,0
534,390669,2018,9,0,0,0.0,0,0
534,392897,2018,12,0,0,0.0,0,0
535,392297,2018,6,20,26840,40260.0,0,0
535,390298,2018,10,8,18378,24762.0,0,0
535,390699,2018,7,8,12892,25788.0,0,0
535,390299,2018,9,4,8324,20506.0,0,0
535,390601,2018,2,4,8600,12536.0,0,0
535,390662,2018,3,2,2600,6900.0,0,0
535,390303,2018,2,1,0,0.0,0,0
535,390903,2018,3,0,0,0.0,0,0
535,390633,2018,9,0,0,0.0,0,0
535,390906,2018,11,0,0,0.0,0,0
535,390907,2018,12,0,0,0.0,0,0
536,390297,2018,6,20,27840,41260.0,0,0
536,392298,2018,12,9,16868,25432.0,0,0
536,390609,2018,9,8,12324,28326.0,0,0
536,390300,2018,9,4,9620,25936.0,0,0
536,390019,2018,4,2,8600,10000.0,0,0
536,390602,2018,8,0,0,0.0,0,0
536,390699,2018,2,0,0,0.0,0,0
536,390603,2018,3,0,0,0.0,0,0
536,390663,2018,9,0,0,0.0,0,0
536,390906,2018,11,0,0,0.0,0,0
536,392897,2018,12,0,0,0.0,0,0
537,392297,2018,6,12,22864,40296.0,0,0
537,392308,2018,12,8,18378,28932.0,0,0
537,390909,2018,9,8,12892,24792.0,0,0
537,390900,2018,9,4,5584,29516.0,0,0
537,390901,2018,4,4,8347,6438.0,0,0
537,390902,2018,3,2,2812,6900.0,0,0
537,390903,2018,2,1,0,0.0,0,0
537,390667,2018,3,0,0,0.0,0,0
537,390637,2018,9,0,0,0.0,0,0
537,390638,2018,11,0,0,0.0,0,0
537,390607,2018,12,0,0,0.0,0,0
538,392297,2018,6,20,26840,40260.0,0,0
538,390298,2018,12,3,8376,12534.0,0,0
538,390299,2018,9,8,12324,24736.0,0,0
538,390299,2018,9,8,19824,25336.0,0,0
538,390299,2018,4,6,8892,10478.0,0,0
538,390699,2018,9,2,2212,6900.0,0,0
538,390667,2018,2,1,0,0.0,0,0
538,390908,2018,3,0,0,0.0,0,0
538,390605,2018,9,0,0,0.0,0,0
538,392906,2018,11,0,0,0.0,0,0
538,390907,2018,12,0,0,0.0,0,0
539,390297,2018,6,20,26840,40260.0,0,0
539,390298,2018,12,9,16624,22536.0,0,0
539,390669,2018,9,8,18604,25906.0,0,0
539,390200,2018,9,2,5524,6536.0,0,0
539,390901,2018,4,8,13600,12518.0,0,0
539,392802,2018,3,2,2600,6352.0,0,0
539,392291,2018,2,1,0,0.5,0,0
539,390668,2018,3,0,0,0.0,0,0
539,390903,2018,9,0,0,0.0,0,0
539,390606,2018,11,0,0,0.0,0,0
539,390637,2018,12,0,0,0.0,0,0
540,390297,2018,6,20,28876,42264.0,0,0
540,390618,2018,7,16,18376,25434.0,0,0
540,390299,2018,9,8,16604,20866.0,0,0
540,392290,2018,9,4,9824,25516.0,0,0
540,390299,2018,4,4,8600,10000.0,0,0
540,390662,2018,3,2,2324,3338.0,0,0
540,390903,2018,2,1,2321,6805.0,0,0
540,392902,2018,3,0,0,0.0,0,0
540,390633,2018,9,0,0,0.0,0,0
540,390908,2018,11,0,0,0.0,0,0
540,390907,2018,12,0,0,0.0,0,0
541,392297,2018,6,12,12844,15766.0,0,0
541,390618,2018,10,8,16628,25432.0,0,0
541,390299,2018,9,6,12872,28328.0,0,0
541,390800,2018,9,4,8384,20036.0,0,0
541,390901,2018,4,4,8892,12518.0,0,0
541,390602,2018,3,2,2324,6906.0,0,0
541,390497,2018,2,1,2381,5700.0,0,0
541,390908,2018,3,0,0,0.0,0,0
541,390299,2018,4,0,0,0.0,0,0
541,390806,2018,9,0,0,0.0,0,0
541,390907,2018,12,0,0,0.0,0,0
542,392017,2018,6,12,27884,41906.0,0,0
542,390298,2018,10,8,16688,25432.0,0,0
542,390909,2018,9,6,12812,20728.0,0,0
542,390299,2018,9,4,8324,20006.0,0,0
542,390299,2018,4,4,8800,10000.0,0,0
542,390609,2018,3,4,2321,14732.0,0,0
542,390903,2018,2,1,5393,8900.0,0,0
542,392304,2018,3,0,0,0.0,0,0
542,392807,2018,9,0,0,0.0,0,0
542,390909,2018,11,0,0,0.0,0,0
542,390907,2018,12,0,0,0.0,0,0
543,390660,2018,6,12,17812,21788.0,0,0
543,392911,2018,7,12,16608,25432.0,0,0
543,392297,2018,8,8,12324,25726.0,0,0
543,390800,2018,9,8,13884,24536.0,0,0
543,390919,2018,2,4,8600,10528.0,0,0
543,392902,2018,3,4,2321,6552.0,0,0
543,390903,2018,2,1,0,0.0,0,0
543,390602,2018,3,0,0,0.0,0,0
543,390669,2018,4,0,0,0.0,0,0
543,390606,2018,11,0,0,0.0,0,0
543,390907,2018,12,0,0,0.0,0,0
544,392297,2018,6,12,12684,25926.0,0,0
544,392298,2018,10,8,18615,22532.0,0,0
544,390299,2018,12,6,12324,23826.0,0,0
544,390600,2018,9,4,5296,5534.0,379,0
544,390901,2018,2,4,8600,12412.0,0,0
544,390899,2018,3,2,2295,6572.0,0,0
544,390603,2018,2,1,0,0.0,0,0
544,390668,2018,3,0,0,0.0,0,0
544,390905,2018,9,0,0,0.0,0,0
544,392906,2018,11,0,0,0.0,0,0
544,390299,2018,12,0,0,0.0,0,0
545,392297,2018,6,20,22840,43260.0,0,0
545,390298,2018,12,9,16618,25932.0,0,0
545,392299,2018,9,8,18392,22408.0,0,0
545,390900,2018,9,2,5524,8936.0,0,0
545,390299,2018,4,2,8600,12468.0,0,0
545,390662,2018,3,2,2600,0.0,0,0
545,390803,2018,9,0,0,0.0,0,0
545,390902,2018,3,0,0,0.0,0,0
545,390633,2018,9,0,0,0.0,0,0
545,390969,2018,11,0,0,0.0,0,0
545,392307,2018,12,0,0,0.0,0,0
546,392205,2018,6,12,12864,25596.0,0,0
546,392296,2018,7,12,18328,25432.0,0,0
546,392297,2018,8,8,12284,25328.0,0,0
546,392298,2018,9,8,11824,24536.0,0,0
546,392899,2018,4,4,8600,14518.0,0,0
546,392302,2018,3,2,2584,6900.0,0,0
546,390603,2018,2,1,0,0.0,0,0
546,392898,2018,3,0,0,0.0,0,0
546,390638,2018,9,0,0,0.0,0,0
546,390906,2018,11,0,0,0.0,0,0
546,390607,2018,12,0,0,0.0,0,0
547,392296,2018,7,28,12680,25320.0,0,0
547,392297,2018,6,16,18888,25162.0,0,0
547,390619,2018,12,12,15364,25906.0,0,0
547,390500,2018,9,8,19868,25532.0,0,0
547,390619,2018,4,8,15292,10438.0,0,0
547,392290,2018,3,2,2600,6900.0,0,0
547,390297,2018,2,1,9881,0.0,0,0
547,392097,2018,2,0,0,0.0,0,0
547,390638,2018,9,0,0,0.0,0,0
547,390298,2018,11,0,0,0.0,0,0
547,390907,2018,12,0,0,0.0,0,0
548,390297,2018,6,20,27870,41200.0,0,0
548,392898,2018,10,8,16613,22732.0,0,0
548,390299,2018,9,8,12324,20906.0,0,0
548,390900,2018,9,4,5624,5536.0,0,0
548,390299,2018,4,4,8600,12518.0,0,0
548,390602,2018,3,2,2321,14736.0,0,0
548,390297,2018,2,1,0,0.0,0,0
548,390667,2018,3,0,0,0.0,0,0
548,390667,2018,9,0,0,0.0,0,0
548,392806,2018,11,0,0,0.0,0,0
548,390907,2018,12,0,0,0.0,0,0
549,392205,2018,6,12,11864,25566.0,0,0
549,392296,2018,7,12,28373,5936.0,0,0
549,390297,2018,9,8,12984,20806.0,0,0
549,390298,2018,9,8,12384,20936.0,0,0
549,390639,2018,4,4,8892,10228.0,0,0
549,392802,2018,3,2,2800,6900.0,0,0
549,390902,2018,2,1,1816,8300.0,0,0
549,390808,2018,3,0,0,0.0,0,0
549,390633,2018,9,0,0,0.0,0,0
549,392906,2018,11,0,0,0.0,0,0
549,392099,2018,12,0,0,0.0,0,0
550,392297,2018,6,12,27880,41960.0,0,0
550,392298,2018,12,8,16688,25432.0,0,0
550,390299,2018,4,8,11224,25736.0,0,0
550,390899,2018,9,4,8892,12538.0,0,0
550,390601,2018,4,4,8600,12518.0,0,0
550,390662,2018,3,2,2800,1652.0,0,0
550,392903,2018,2,1,1,0.0,0,0
550,390668,2018,4,0,0,0.0,0,0
550,390299,2018,9,0,0,0.0,0,0
550,390906,2018,11,0,0,0.0,0,0
550,390907,2018,12,0,0,0.0,0,0
551,392297,2018,6,20,27860,41900.0,0,0
551,390618,2018,12,12,16688,25462.0,0,0
551,390299,2018,4,8,16812,25908.0,0,0
551,392290,2018,9,8,19324,25936.0,0,0
551,390901,2018,4,4,8600,10000.0,0,0
551,390299,2018,3,0,0,0.0,0,0
551,390617,2018,2,0,0,0.0,0,0
551,390902,2018,3,0,0,0.0,0,0
551,390635,2018,9,0,0,0.0,0,0
551,390638,2018,11,0,0,0.0,0,0
551,390637,2018,12,0,0,0.0,0,0
552,392297,2018,6,20,27840,41260.0,0,0
552,390698,2018,12,8,18388,22532.0,0,0
552,392299,2018,4,8,12804,26821.0,0,0
552,390600,2018,9,8,17324,25736.0,376,0
552,392605,2018,4,4,8600,12438.0,0,0
552,390302,2018,3,2,2324,5900.0,0,0
552,390903,2018,2,1,0,0.0,0,0
552,390638,2018,5,0,0,0.0,0,0
552,392303,2018,9,0,0,0.0,0,0
552,390906,2018,11,0,0,0.0,0,0
552,392307,2018,12,0,0,0.0,0,0
553,392915,2018,6,16,12864,25396.0,0,0
553,392296,2018,7,8,18388,25432.0,0,0
553,392297,2018,9,6,11864,24726.0,0,0
553,392299,2018,8,4,1824,5596.0,0,0
553,390299,2018,4,0,600,10000.0,0,0
553,390666,2018,5,0,0,0.0,0,0
553,390617,2018,7,0,0,0.0,0,0
553,390907,2018,4,0,0,0.0,0,0
553,390637,2018,9,0,0,0.0,0,0
553,390639,2018,11,0,0,0.0,0,0
553,392907,2018,12,0,0,0.0,0,0
554,392297,2018,6,20,27840,41960.0,0,0
554,392298,2018,10,8,18328,25532.0,0,0
554,390299,2018,9,8,12952,25908.0,0,0
554,390663,2018,0,2,8324,5936.0,0,0
554,392809,2018,2,0,600,0.0,0,0
554,390297,2018,3,0,0,0.0,0,0
554,392297,2018,2,0,0,0.0,0,0
554,390638,2018,6,0,0,0.0,0,0
554,392299,2018,9,0,0,0.0,0,0
554,390299,2018,11,0,0,0.0,0,0
554,392907,2018,12,0,0,0.0,0,0
555,390297,2018,6,20,26840,40260.0,0,0
555,390298,2018,10,8,18378,28942.0,0,0
555,390619,2018,9,8,14104,20736.0,0,0
555,390299,2018,9,4,5384,20006.0,0,0
555,390299,2018,4,4,8600,10000.0,0,0
555,390902,2018,3,2,2800,4700.0,0,0
555,390503,2018,2,1,0,0.0,0,0
555,390668,2018,6,0,0,0.0,0,0
555,390905,2018,9,0,0,0.0,0,0
555,390906,2018,11,0,0,0.0,0,0
555,390607,2018,12,0,0,0.0,0,0
556,392816,2018,7,24,12656,25324.0,0,0
556,390297,2018,6,16,16688,25432.0,0,0
556,392299,2018,9,8,12952,25728.0,0,0
556,390689,2018,9,2,19824,25936.0,376,0
556,390639,2018,4,6,13600,12652.0,0,0
556,390902,2018,3,2,2800,6900.0,0,0
556,390617,2018,2,1,5384,6800.0,0,0
556,390298,2018,3,0,0,0.0,0,0
556,392907,2018,9,0,0,0.0,0,0
556,390909,2018,11,0,0,0.0,0,0
556,392907,2018,12,0,0,0.0,0,0
557,392297,2018,6,12,27884,41726.0,0,0
557,390618,2018,10,8,18378,25432.0,0,0
557,390639,2018,9,8,12324,25926.0,0,0
557,390600,2018,9,4,8320,15936.0,0,0
557,390901,2018,4,4,8800,10000.0,0,0
557,390628,2018,3,2,2800,3332.0,0,0
557,392303,2018,2,1,1881,6900.0,0,0
557,390502,2018,3,0,0,0.0,0,0
557,390637,2018,9,0,0,0.0,0,0
557,390969,2018,11,0,0,0.0,0,0
557,392899,2018,12,0,0,0.0,0,0
558,392297,2018,6,20,27860,41900.0,0,0
558,392298,2018,12,9,16684,25436.0,0,0
558,392299,2018,9,8,12124,20726.0,0,0
558,392299,2018,9,8,12324,25536.0,0,0
558,390899,2018,2,4,8600,10000.0,0,0
558,390662,2018,3,2,2600,0.0,0,0
558,390903,2018,2,1,0,0.0,0,0
558,390603,2018,3,0,0,0.0,0,0
558,390637,2018,9,0,0,0.0,0,0
558,390906,2018,11,0,0,0.0,0,0
558,390907,2018,12,0,0,0.0,0,0
559,390207,2018,6,12,28624,42236.0,0,0
559,392298,2018,10,8,18388,25512.0,0,0
559,392099,2018,5,8,15324,25716.0,0,0
559,392299,2018,9,4,5524,5936.0,0,0
559,390661,2018,4,4,8600,10000.0,0,0
559,390602,2018,3,2,2800,6900.0,0,0
559,390903,2018,2,0,0,0.0,0,0
559,392047,2018,3,0,0,0.0,0,0
559,390635,2018,9,0,0,0.0,0,0
559,390906,2018,11,0,0,0.0,0,0
559,392907,2018,12,0,0,0.0,0,0
560,392297,2018,6,12,27884,41996.0,0,0
560,392018,2018,10,8,16688,25432.0,0,0
560,390299,2018,9,8,18324,25716.0,0,0
560,390299,2018,9,4,5524,5936.0,0,0
560,390299,2018,4,4,8836,10004.0,0,0
560,390668,2018,8,2,2382,6900.0,0,0
560,390297,2018,2,1,1,0.0,0,0
560,390902,2018,2,0,0,0.0,0,0
560,390568,2018,4,0,0,0.0,0,0
560,390906,2018,9,0,0,0.0,0,0
560,390607,2018,12,0,0,0.0,0,0
561,390297,2018,6,20,26840,40260.0,0,0
561,390608,2018,10,8,18128,25432.0,0,0
561,390619,2018,9,8,12952,24738.0,0,0
561,390290,2018,9,4,5329,5514.0,0,0
561,390619,2018,4,4,8600,12400.0,0,0
561,390602,2018,3,2,2800,6900.0,0,0
561,390603,2018,2,1,1800,6900.0,0,0
561,390638,2018,3,0,0,0.0,0,0
561,390637,2018,9,0,0,0.0,0,0
561,390909,2018,11,0,0,0.0,0,0
561,390907,2018,12,0,0,0.0,0,0
562,392297,2018,6,20,27840,41260.0,0,0
562,392298,2018,10,8,16618,22532.0,0,0
562,392299,2018,9,8,18384,25336.0,0,0
562,390900,2018,9,4,8384,25516.0,0,0
562,390901,2018,2,4,8600,10000.0,0,0
562,390602,2018,3,2,2636,6900.0,0,0
562,392893,2018,2,0,0,0.0,0,0
562,390904,2018,4,0,0,0.0,0,0
562,390637,2018,9,0,0,0.0,0,0
562,390606,2018,11,0,0,0.0,0,0
562,390907,2018,12,0,0,0.0,0,0
563,392297,2018,6,20,27880,41900.0,0,0
563,392298,2018,10,8,18608,22452.0,0,0
563,390909,2018,9,6,12992,25738.0,0,0
563,390299,2018,9,4,7600,12530.0,0,0
563,390641,2018,4,6,8600,12518.0,0,0
563,390666,2018,3,2,2292,6900.0,0,0
563,390619,2018,2,1,0,0.0,0,0
563,390667,2018,3,0,0,0.0,0,0
563,390905,2018,9,0,0,0.0,0,0
563,390906,2018,11,0,0,0.0,0,0
563,392907,2018,12,0,0,0.0,0,0
564,392297,2018,6,20,22840,42260.0,0,0
564,392298,2018,12,9,19328,24732.0,0,0
564,392669,2018,9,8,11808,25762.0,0,0
564,392290,2018,9,4,9824,25236.0,0,0
564,390601,2018,4,4,8600,10738.0,0,0
564,390602,2018,3,2,2324,6332.0,0,0
564,392203,2018,2,1,2381,5700.0,0,0
564,390667,2018,3,0,0,0.0,0,0
564,392867,2018,9,0,0,0.0,0,0
564,390606,2018,11,0,0,0.0,0,0
564,392907,2018,12,0,0,0.0,0,0
565,392297,2018,6,12,27840,41260.0,0,0
565,392908,2018,12,8,18378,22532.0,0,0
565,392909,2018,9,8,16824,25906.0,0,0
565,392200,2018,9,4,9924,21536.0,0,0
565,390301,2018,4,4,8600,12467.0,0,0
565,390902,2018,3,2,2892,6900.0,0,0
565,390903,2018,2,1,0,0.0,0,0
565,390637,2018,6,0,0,0.0,0,0
565,392305,2018,3,0,0,0.0,0,0
565,390906,2018,11,0,0,0.0,0,0
565,390607,2018,12,0,0,0.0,0,0
566,392297,2018,6,20,27840,41260.0,0,0
566,390898,2018,12,12,14288,22592.0,0,0
566,392299,2018,4,8,12324,25906.0,0,0
566,392298,2018,9,8,19794,29836.0,0,0
566,390900,2018,4,4,8600,12538.0,0,0
566,390202,2018,3,2,2323,6900.0,0,0
566,392897,2018,2,1,0,0.0,0,0
566,390608,2018,3,0,0,0.0,0,0
566,390605,2018,9,0,0,0.0,0,0
566,390906,2018,11,0,0,0.0,0,0
566,392607,2018,12,0,0,0.0,0,0
567,392297,2018,6,12,10864,25596.0,0,0
567,392808,2018,9,8,18388,25432.0,0,0
567,392019,2018,11,6,12344,23722.0,0,0
567,390903,2018,9,8,19824,29536.0,0,0
567,390900,2018,2,4,8600,14418.0,0,0
567,392896,2018,3,2,2600,0.0,0,0
567,390997,2018,4,1,0,0.0,0,0
567,390608,2018,3,0,0,0.0,0,0
567,390639,2018,9,0,0,0.0,0,0
567,392909,2018,11,0,0,0.0,0,0
567,390607,2018,12,0,0,0.0,0,0
568,390297,2018,6,20,26840,40260.0,0,0
568,390298,2018,12,9,18376,22554.0,0,0
568,392899,2018,9,8,12992,22508.0,0,0
568,390299,2018,9,8,12794,29836.0,0,0
568,390601,2018,3,4,8600,14712.0,0,0
568,390499,2018,3,2,2600,3338.0,0,0
568,390603,2018,2,1,0,0.0,0,0
568,392307,2018,3,0,0,0.0,0,0
568,390605,2018,9,0,0,0.0,0,0
568,390906,2018,11,0,0,0.0,0,0
568,390907,2018,12,0,0,0.0,0,0
569,392849,2018,5,12,27864,41796.0,0,0
569,392290,2018,10,8,18128,22532.0,0,0
569,390291,2018,9,6,16324,20906.0,0,0
569,390299,2018,9,4,5522,13436.0,0,0
569,392899,2018,4,4,8600,10000.0,0,0
569,390662,2018,3,2,2600,6932.0,0,0
569,390299,2018,2,0,0,0.0,0,0
569,390638,2018,6,0,0,0.0,0,0
569,392297,2018,9,0,0,0.0,0,0
569,390909,2018,11,0,0,0.0,0,0
569,390907,2018,12,0,0,0.0,0,0
570,392249,2018,5,12,27804,41706.0,0,0
570,392290,2018,10,8,18376,22554.0,0,0
570,390001,2018,9,8,16884,23866.0,0,0
570,390900,2018,9,4,5524,8936.0,0,0
570,390619,2018,2,4,8342,12938.0,0,0
570,390616,2018,3,2,2381,6332.0,0,0
570,392903,2018,2,1,5381,6851.0,0,0
570,392307,2018,3,0,0,0.0,0,0
570,392903,2018,9,0,0,0.0,0,0
570,390906,2018,11,0,0,0.0,0,0
570,392907,2018,12,0,0,0.0,0,0
571,392915,2018,6,16,17124,25496.0,0,0
571,390296,2018,7,12,28388,34712.0,0,0
571,392297,2018,11,8,12804,25526.0,0,0
571,390299,2018,9,8,19524,20006.0,0,0
571,390299,2018,9,4,8892,12538.0,0,0
571,392899,2018,12,2,2800,2738.0,0,0
571,390297,2018,2,1,2321,5900.0,0,0
571,390902,2018,3,0,0,0.0,0,0
571,390907,2018,9,0,0,0.0,0,0
571,392909,2018,9,0,0,0.0,0,0
571,390907,2018,12,0,0,0.0,0,0
572,392297,2018,6,12,27844,41266.0,0,0
572,392298,2018,10,8,18688,25932.0,0,0
572,392009,2018,4,8,15324,25906.0,0,0
572,392800,2018,9,4,520,0.0,0,0
572,390642,2018,3,4,8800,10000.0,0,0
572,392047,2018,3,2,2984,6900.0,0,0
572,390297,2018,2,0,0,0.0,0,0
572,390902,2018,3,0,0,0.0,0,0
572,392805,2018,9,0,0,0.0,0,0
572,390906,2018,11,0,0,0.0,0,0
572,390907,2018,12,0,0,0.0,0,0
573,392287,2018,6,12,12894,25796.0,0,0
573,392298,2018,5,8,16688,22522.0,0,0
573,390299,2018,9,8,12992,24768.0,0,0
573,390900,2018,9,4,5524,5516.0,0,0
573,390647,2018,2,4,8349,13338.0,0,0
573,390909,2018,3,2,2381,6900.0,0,0
573,390297,2018,2,0,0,0.0,0,0
573,390298,2018,5,0,0,0.0,0,0
573,392005,2018,9,0,0,0.0,0,0
573,390969,2018,11,0,0,0.0,0,0
573,390297,2018,12,0,0,0.0,0,0
574,392297,2018,6,20,26840,40260.0,0,0
574,390618,2018,12,12,16188,25532.0,0,0
574,392299,2018,8,8,19884,25906.0,0,0
574,390900,2018,9,2,17624,29336.0,0,0
574,390602,2018,4,4,8600,10000.0,0,0
574,390648,2018,3,2,2636,6500.0,0,0
574,390903,2018,2,1,0,6.0,0,0
574,390662,2018,4,0,0,0.0,0,0
574,390835,2018,9,0,0,0.0,0,0
574,392307,2018,11,0,0,0.0,0,0
574,390907,2018,12,0,0,0.0,0,0
575,392017,2018,6,20,27860,41290.0,0,0
575,392298,2018,12,12,16688,25432.0,0,0
575,392099,2018,10,8,12912,20828.0,0,0
575,392819,2018,9,8,19884,24536.0,0,0
575,390900,2018,4,4,8600,12638.0,0,0
575,390902,2018,3,2,2600,6500.0,0,0
575,390643,2018,2,1,5601,0.5,0,0
575,390667,2018,3,0,0,0.0,0,0
575,392831,2018,9,0,0,0.0,0,0
575,390906,2018,11,0,0,0.0,0,0
575,390607,2018,12,0,0,0.0,0,0
576,392915,2018,6,16,12684,25366.0,0,0
576,392816,2018,7,12,18718,25532.0,0,0
576,392297,2018,4,8,15104,29726.0,0,0
576,390298,2018,9,8,19800,20000.0,0,0
576,390689,2018,4,4,8892,10008.0,0,0
576,390602,2018,3,2,2324,6900.0,0,0
576,390297,2018,2,0,0,0.0,0,0
576,390638,2018,3,0,0,0.0,0,0
576,392823,2018,9,0,0,0.0,0,0
576,390906,2018,11,0,0,0.0,0,0
576,390907,2018,12,0,0,0.0,0,0
577,392297,2018,6,20,26840,40260.0,0,0
577,392808,2018,12,9,16613,32412.0,0,0
577,390669,2018,9,8,15364,29906.0,0,0
577,390600,2018,8,8,12524,22536.0,0,0
577,392862,2018,4,4,8600,12918.0,0,0
577,390666,2018,3,2,2218,6938.0,0,0
577,392903,2018,2,0,0,0.0,0,0
577,390667,2018,3,0,0,0.0,0,0
577,390901,2018,9,0,0,0.0,0,0
577,390906,2018,11,0,0,0.0,0,0
577,392907,2018,12,0,0,0.0,0,0
578,392297,2018,6,12,27844,41266.0,0,0
578,392818,2018,10,8,18808,28932.0,0,0
578,390299,2018,9,8,12908,20002.0,0,0
578,390299,2018,9,4,5520,5330.0,0,0
578,390901,2018,2,4,8600,10000.0,0,0
578,390902,2018,3,2,4600,6500.0,0,0
578,390903,2018,2,1,0,0.0,0,0
578,390903,2018,3,0,0,0.0,0,0
578,390903,2018,9,0,0,0.0,0,0
578,390906,2018,11,0,0,0.0,0,0
578,390299,2018,12,0,0,0.0,0,0
579,392297,2018,6,20,27840,41260.0,0,0
579,392618,2018,12,12,16218,25962.0,0,0
579,392299,2018,9,8,19864,20836.0,0,0
579,392800,2018,9,8,12794,25516.0,0,0
579,390299,2018,3,4,8600,10000.0,0,0
579,390202,2018,3,2,2321,14700.0,0,0
579,390617,2018,2,0,0,0.0,0,0
579,390638,2018,3,0,0,0.0,0,0
579,392833,2018,9,0,0,0.0,0,0
579,390908,2018,11,0,0,0.0,0,0
579,390667,2018,12,0,0,0.0,0,0
580,392297,2018,6,12,27864,41266.0,0,0
580,392818,2018,10,8,18373,22532.0,0,0
580,390909,2018,9,8,19800,22525.0,0,0
580,390642,2018,9,6,15524,25736.0,0,0
580,390901,2018,4,4,8600,10000.0,0,0
580,390649,2018,3,2,2800,6900.0,0,0
580,390903,2018,2,0,0,0.0,0,0
580,390668,2018,4,0,0,0.0,0,0
580,390299,2018,9,0,0,0.0,0,0
580,390906,2018,11,0,0,0.0,0,0
580,392907,2018,12,0,0,0.0,0,0
581,392915,2018,6,16,11064,25596.0,0,0
581,390296,2018,7,12,15388,22532.0,0,0
581,392297,2018,9,8,12324,25906.0,0,0
581,390688,2018,5,8,19584,25906.0,0,0
581,392801,2018,4,4,8600,12712.0,0,0
581,390602,2018,3,2,2800,6900.0,0,0
581,392297,2018,2,1,0,0.0,0,0
581,390617,2018,3,0,600,0.0,0,0
581,392803,2018,9,0,0,0.0,0,0
581,392829,2018,11,0,0,0.0,0,0
581,390907,2018,12,0,0,0.0,0,0
582,389507,2018,6,16,28144,42266.0,0,0
582,390908,2018,10,8,18128,28912.0,0,0
582,390299,2018,9,6,12992,20338.0,0,0
582,390298,2018,9,2,8381,15336.0,0,0
582,390601,2018,2,4,9800,10000.0,0,0
582,390602,2018,3,2,2800,6900.0,0,0
582,390903,2018,2,1,0,0.0,0,0
582,390667,2018,3,0,0,0.0,0,0
582,390668,2018,9,0,0,0.0,0,0
582,390906,2018,11,0,0,0.0,0,0
582,392907,2018,12,0,0,0.0,0,0
583,390297,2018,6,20,26840,40260.0,0,0
583,390298,2018,10,8,16688,25432.0,0,0
583,390299,2018,9,4,8604,12522.0,0,0
583,390619,2018,9,4,5524,5536.0,0,0
583,390601,2018,4,4,2892,17938.0,0,0
583,390902,2018,9,2,2812,3700.0,0,0
583,390903,2018,2,1,2394,3801.5,0,0
583,390658,2018,3,0,0,0.0,0,0
583,390633,2018,9,0,0,0.0,0,0
583,390906,2018,11,0,0,0.0,0,0
583,392907,2018,12,0,0,0.0,0,0
584,392297,2018,6,20,22840,40260.0,0,0
584,392298,2018,12,9,18388,22522.0,0,0
584,392299,2018,9,8,15392,22908.0,0,0
584,390299,2018,9,4,8824,5536.0,0,0
584,390601,2018,4,4,8600,12468.0,0,0
584,390602,2018,8,2,2381,6900.0,0,0
584,392919,2018,2,0,0,0.0,0,0
584,390668,2018,3,0,0,0.0,0,0
584,390609,2018,9,0,0,0.0,0,0
584,390906,2018,11,0,0,0.0,0,0
584,390299,2018,12,0,0,0.0,0,0
585,392297,2018,6,20,26840,40260.0,0,0
585,392298,2018,12,9,14688,28932.0,0,0
585,392299,2018,9,8,12324,25906.0,0,0
585,390000,2018,9,4,15524,25516.0,0,0
585,390603,2018,4,6,8600,10000.0,0,0
585,390600,2018,3,2,2322,6900.0,0,0
585,392903,2018,2,1,2334,3100.0,0,0
585,390667,2018,3,0,0,0.0,0,0
585,392899,2018,4,0,0,0.0,0,0
585,390869,2018,11,0,0,0.0,0,0
585,392897,2018,12,0,0,0.0,0,0
586,390297,2018,6,20,26840,40260.0,0,0
586,392298,2018,12,9,14688,28512.0,0,0
586,390609,2018,9,8,12884,25736.0,0,0
586,390600,2018,9,4,9824,5936.0,376,0
586,390601,2018,4,4,8600,14218.0,0,0
586,392890,2018,3,2,2324,6900.0,0,0
586,390633,2018,2,1,0,0.0,0,0
586,390297,2018,3,0,0,0.0,0,0
586,390637,2018,9,0,0,0.0,0,0
586,390647,2018,11,0,0,0.0,0,0
586,390907,2018,12,0,0,0.0,0,0
587,390297,2018,6,20,26840,40260.0,0,0
587,390298,2018,12,8,18376,22554.0,0,0
587,390909,2018,9,8,14212,29338.0,0,0
587,390900,2018,9,8,13324,24546.0,0,0
587,390299,2018,4,4,8600,13514.0,0,0
587,390902,2018,3,2,2632,6938.0,0,0
587,390297,2018,2,1,0,0.0,0,0
587,390902,2018,3,0,0,0.0,0,0
587,390609,2018,9,0,0,0.0,0,0
587,390906,2018,11,0,0,0.0,0,0
587,390907,2018,12,0,0,0.0,0,0
588,392297,2018,6,20,22860,42290.0,0,0
588,392818,2018,12,12,18328,22532.0,0,0
588,392299,2018,9,8,15324,24736.0,0,0
588,390299,2018,9,4,8324,6936.0,0,0
588,390000,2018,4,4,8600,10000.0,0,0
588,390299,2018,3,2,2600,6332.0,0,0
588,392823,2018,2,3,0,0.0,0,0
588,390909,2018,2,0,0,0.0,0,0
588,392903,2018,9,0,0,0.0,0,0
588,390909,2018,11,0,0,0.0,0,0
588,392907,2018,10,0,0,0.0,0,0
589,392297,2018,6,12,26844,40266.0,0,0
589,392298,2018,12,8,16370,25430.0,0,0
589,392299,2018,9,8,12124,25736.0,0,0
589,392800,2018,9,4,3324,5936.0,0,0
589,390661,2018,2,4,8600,12467.0,0,0
589,390902,2018,3,2,2312,6800.0,0,0
589,392903,2018,2,1,0,0.5,0,0
589,390907,2018,3,0,0,0.0,0,0
589,392805,2018,9,0,0,0.0,0,0
589,390906,2018,11,0,0,0.0,0,0
589,390907,2018,12,0,0,0.0,0,0
590,392297,2018,6,20,27840,41260.0,0,0
590,392298,2018,12,8,18388,25432.0,0,0
590,390299,2018,9,8,18324,22336.0,0,0
590,390290,2018,9,2,2794,15936.0,0,0
590,390901,2018,4,4,8348,10004.0,0,0
590,390640,2018,3,2,2381,16500.0,0,0
590,392299,2018,2,1,2988,5100.0,0,0
590,390642,2018,0,0,0,0.0,0,0
590,392903,2018,9,0,0,0.0,0,0
590,392809,2018,11,0,0,0.0,0,0
590,392297,2018,12,0,0,0.0,0,0
591,392297,2018,6,12,27884,41946.0,0,0
591,390808,2018,10,8,18328,25532.0,0,0
591,390659,2018,9,6,18324,20806.0,0,0
591,390900,2018,9,4,5800,20000.0,0,0
591,390601,2018,4,8,19600,10736.0,0,0
591,390602,2018,3,2,2321,6900.0,0,0
591,390617,2018,2,1,2381,3151.0,0,0
591,390898,2018,3,0,0,0.0,0,0
591,392869,2018,4,0,0,0.0,0,0
591,390906,2018,9,0,0,0.0,0,0
591,392907,2018,12,0,0,0.0,0,0
592,390297,2018,6,20,27840,41260.0,0,0
592,390068,2018,12,9,18128,22592.0,0,0
592,390299,2018,9,8,16192,22518.0,0,0
592,390800,2018,9,4,5520,5536.0,0,0
592,390945,2018,4,4,8600,10000.0,0,0
592,390662,2018,3,2,2800,6900.0,0,0
592,390303,2018,2,1,0,0.0,0,0
592,390667,2018,3,0,0,0.0,0,0
592,390657,2018,9,0,0,0.0,0,0
592,390638,2018,11,0,0,0.0,0,0
592,390907,2018,12,0,0,0.0,0,0
593,390297,2018,6,12,12892,25568.0,0,0
593,390298,2018,10,8,16808,25452.0,0,0
593,390299,2018,7,8,12844,20826.0,0,0
593,390630,2018,9,2,8324,24536.0,0,0
593,390601,2018,4,4,8800,12618.0,0,0
593,390616,2018,3,2,2600,6500.0,0,0
593,390903,2018,2,1,0,0.0,0,0
593,390608,2018,9,0,600,0.0,0,0
593,390905,2018,9,0,0,0.0,0,0
593,390906,2018,11,0,0,0.0,0,0
593,392807,2018,12,0,0,0.0,0,0
594,392297,2018,6,12,12884,25266.0,0,0
594,390298,2018,7,8,18388,25532.0,0,0
594,390299,2018,4,6,12880,20000.0,0,0
594,390890,2018,9,8,15524,25936.0,0,0
594,390601,2018,2,4,8600,10000.0,0,0
594,390645,2018,3,2,2321,6900.0,0,0
594,390297,2018,2,1,0,0.0,0,0
594,390034,2018,3,0,0,0.0,0,0
594,390637,2018,9,0,0,0.0,0,0
594,390906,2018,11,0,0,0.0,0,0
594,392307,2018,12,0,0,0.0,0,0
595,392297,2018,6,20,27840,41980.0,0,0
595,392818,2018,12,9,18373,25432.0,0,0
595,390299,2018,9,8,11292,24828.0,0,0
595,390299,2018,9,4,5324,25936.0,0,0
595,390665,2018,4,4,8600,10000.0,0,0
595,390619,2018,3,2,2321,6900.0,0,0
595,390603,2018,2,0,0,0.0,0,0
595,392903,2018,4,0,0,0.0,0,0
595,392898,2018,9,0,0,0.0,0,0
595,390906,2018,11,0,0,0.0,0,0
595,390907,2018,12,0,0,0.0,0,0
596,392296,2018,7,28,12680,25320.0,0,0
596,390297,2018,6,12,26688,34432.0,0,0
596,390299,2018,12,8,19808,24712.0,0,0
596,390290,2018,9,8,19924,24536.0,0,0
596,390601,2018,4,4,8600,12992.0,0,0
596,390666,2018,3,2,2324,4700.0,0,0
596,390603,2018,2,1,0,0.0,0,0
596,390298,2018,3,0,0,0.0,0,0
596,390633,2018,9,0,0,0.0,0,0
596,390669,2018,11,0,0,0.0,0,0
596,392307,2018,12,0,0,0.0,0,0
597,390649,2018,5,20,27800,31200.0,0,0
597,390800,2018,10,8,15618,22532.0,0,0
597,390299,2018,9,6,12192,22478.0,0,0
597,390600,2018,6,2,5524,5506.0,0,0
597,390643,2018,4,4,8600,11406.0,0,0
597,390602,2018,3,2,2600,6900.0,0,0
597,390667,2018,2,1,0,0.0,0,0
597,390297,2018,3,0,0,0.0,0,0
597,390638,2018,9,0,0,0.0,0,0
597,390906,2018,11,0,0,0.0,0,0
597,390607,2018,12,0,0,0.0,0,0
598,392295,2018,7,12,12684,25326.0,0,0
598,392296,2018,8,12,36888,25432.0,0,0
598,392297,2018,11,8,15804,20826.0,0,0
598,390298,2018,9,2,5524,25536.0,0,0
598,390601,2018,4,4,8600,10000.0,0,0
598,390669,2018,4,2,2324,6933.0,0,0
598,392297,2018,2,0,0,0.0,0,0
598,390898,2018,3,0,0,0.0,0,0
598,390903,2018,9,0,0,0.0,0,0
598,390909,2018,11,0,0,0.0,0,0
598,390607,2018,12,0,0,0.0,0,0
599,392297,2018,6,20,27880,41910.0,0,0
599,390298,2018,12,8,12128,25442.0,0,0
599,392299,2018,9,8,12592,24738.0,0,0
599,390600,2018,9,4,8384,25336.0,0,0
599,390602,2018,2,0,600,10000.0,0,0
599,390616,2018,3,0,0,0.0,0,0
599,390613,2018,2,0,0,0.0,0,0
599,392303,2018,3,0,0,0.0,0,0
599,390663,2018,9,0,0,0.0,0,0
599,390906,2018,11,0,0,0.0,0,0
599,390907,2018,12,0,0,0.0,0,0
600,390297,2018,6,20,22840,43260.0,0,0
600,390298,2018,12,12,16988,25412.0,0,0
600,390669,2018,9,8,14324,22426.0,0,0
600,390600,2018,9,8,15524,20006.0,0,0
600,390949,2018,4,6,13600,10738.0,0,0
600,390602,2018,3,2,2736,6500.0,0,0
600,390903,2018,2,1,1881,2501.5,600,0
600,390308,2018,3,0,0,0.0,0,0
600,390669,2018,9,0,0,0.0,0,0
600,392907,2018,11,0,0,0.0,0,0
600,390907,2018,12,0,0,0.0,0,0
601,392207,2018,6,12,27884,41276.0,0,0
601,392298,2018,10,8,18128,25932.0,0,0
601,392909,2018,8,8,12804,23822.0,0,0
601,390299,2018,9,4,8324,29536.0,0,0
601,390299,2018,4,4,8600,10000.0,0,0
601,390662,2018,3,2,2600,6900.0,0,0
601,392803,2018,2,1,0,0.5,0,0
601,390637,2018,3,0,0,0.0,0,0
601,390668,2018,9,0,0,0.0,0,0
601,390658,2018,11,0,0,0.0,0,0
601,390907,2018,12,0,0,0.0,0,0
602,392007,2018,6,12,27864,41796.0,0,0
602,390298,2018,10,8,12688,25432.0,0,0
602,392299,2018,9,8,18324,25906.0,0,0
602,390600,2018,9,4,5524,25336.0,0,0
602,390907,2018,2,9,10600,10000.0,0,0
602,390600,2018,3,2,0,0.0,0,0
602,390619,2018,2,0,0,0.0,0,0
602,390902,2018,3,0,0,0.0,0,0
602,392903,2018,9,0,0,0.0,0,0
602,392298,2018,11,0,0,0.0,0,0
602,390907,2018,12,0,0,0.0,0,0
603,392005,2018,6,12,27894,41706.0,0,0
603,392296,2018,10,8,18128,25992.0,0,0
603,390607,2018,10,8,18324,26906.0,0,0
603,390298,2018,9,4,8384,5336.0,0,0
603,390601,2018,2,4,8600,12538.0,0,0
603,390602,2018,3,2,2384,6900.0,0,0
603,390617,2018,2,1,2800,3100.0,0,0
603,390607,2018,3,0,0,0.0,0,0
603,390669,2018,9,0,0,0.0,0,0
603,390699,2018,11,0,0,0.0,0,0
603,390607,2018,12,0,0,0.0,0,0
604,392297,2018,6,12,12840,25560.0,0,0
604,390298,2018,10,8,18328,25432.0,0,0
604,390619,2018,9,8,17324,29906.0,0,0
604,390800,2018,9,4,9824,5936.0,0,0
604,390299,2018,4,4,8600,10000.0,0,0
604,392802,2018,3,2,2200,8900.0,0,0
604,390697,2018,2,1,2384,8151.0,0,0
604,390202,2018,3,0,0,0.0,0,0
604,390603,2018,2,0,0,0.0,0,0
604,390906,2018,11,0,0,0.0,0,0
604,390607,2018,12,0,0,0.0,0,0
605,390297,2018,6,20,26840,40260.0,0,0
605,392298,2018,12,9,18378,22562.0,0,0
605,392299,2018,9,8,12992,21328.0,0,0
605,390600,2018,9,4,5528,5732.0,0,0
605,390601,2018,3,4,8600,3328.0,0,0
605,390639,2018,3,2,2684,4700.0,0,0
605,390903,2018,2,1,0,0.0,0,0
605,390668,2018,3,0,0,0.0,0,0
605,390633,2018,9,0,0,0.0,0,0
605,390906,2018,11,0,0,0.0,0,0
605,392307,2018,12,0,0,0.0,0,0
606,392297,2018,6,12,27864,41566.0,0,0
606,390298,2018,10,8,18888,25932.0,0,0
606,390299,2018,9,6,12324,25406.0,0,0
606,390299,2018,9,4,5324,6536.0,0,0
606,390600,2018,4,4,8600,10000.0,0,0
606,390602,2018,3,2,2600,3800.0,0,0
606,390617,2018,2,1,0,0.0,0,0
606,390638,2018,4,0,0,0.0,0,0
606,390633,2018,9,0,0,0.0,0,0
606,390909,2018,11,0,0,0.0,0,0
606,390907,2018,12,0,0,0.0,0,0
607,392297,2018,6,12,27844,41266.0,0,0
607,390298,2018,10,8,16688,24732.0,0,0
607,392299,2018,9,8,12324,25906.0,0,0
607,390299,2018,9,4,9821,10036.0,0,0
607,390901,2018,4,4,8800,10000.0,0,0
607,390802,2018,3,2,2631,12573.0,0,0
607,392903,2018,2,1,0,0.0,0,0
607,390002,2018,3,0,0,0.0,0,0
607,390903,2018,9,0,0,0.0,0,0
607,390906,2018,11,0,0,0.0,0,0
607,390607,2018,12,0,0,0.0,0,0
608,392297,2018,6,12,27884,41726.0,0,0
608,392298,2018,12,9,16688,25432.0,0,0
608,390299,2018,9,6,12822,20838.0,0,0
608,390900,2018,9,4,5524,5336.0,0,0
608,392899,2018,2,4,8600,12528.0,0,0
608,390899,2018,8,2,2800,6900.0,0,0
608,390297,2018,2,1,0,0.0,0,0
608,390668,2018,5,0,0,0.0,0,0
608,390905,2018,9,0,0,0.0,0,0
608,392906,2018,11,0,0,0.0,0,0
608,390299,2018,12,0,0,0.0,0,0
609,390297,2018,6,20,26840,40260.0,0,0
609,392298,2018,12,8,18128,28992.0,0,0
609,392299,2018,9,8,14304,22522.0,0,0
609,390299,2018,9,8,15524,25536.0,0,0
609,390641,2018,3,4,8892,12538.0,0,0
609,390802,2018,3,2,2800,6938.0,0,0
609,390299,2018,0,1,2341,5700.0,0,0
609,390298,2018,3,0,0,0.0,0,0
609,390665,2018,4,0,0,0.0,0,0
609,390906,2018,9,0,0,0.0,0,0
609,392007,2018,12,0,0,0.0,0,0
610,390297,2018,6,20,26870,40260.0,0,0
610,390508,2018,10,8,18328,22762.0,0,0
610,392299,2018,9,8,15324,22522.0,0,0
610,390290,2018,9,4,5500,25930.0,0,0
610,390633,2018,4,4,19600,10018.0,0,0
610,390666,2018,3,2,2800,2500.0,0,0
610,390603,2018,2,1,0,0.0,0,0
610,390667,2018,4,0,0,0.0,0,0
610,390668,2018,9,0,0,0.0,0,0
610,392906,2018,11,0,0,0.0,0,0
610,390907,2018,12,0,0,0.0,0,0
611,392297,2018,6,12,27876,41904.0,0,0
611,390298,2018,10,8,18388,25422.0,0,0
611,392299,2018,9,8,12324,25736.0,0,0
611,390298,2018,9,4,8324,5536.0,0,0
611,390619,2018,2,4,8637,12438.0,0,0
611,392902,2018,3,2,2736,6900.0,0,0
611,390897,2018,2,1,2381,5801.5,0,0
611,390602,2018,3,0,0,0.0,0,0
611,392631,2018,4,0,0,0.0,0,0
611,390605,2018,9,0,0,0.0,0,0
611,392307,2018,12,0,0,0.0,0,0
612,392297,2018,6,12,27884,41296.0,0,0
612,390298,2018,10,8,18328,25432.0,0,0
612,390299,2018,9,8,12892,25728.0,0,0
612,390600,2018,9,2,13624,25736.0,0,0
612,390601,2018,2,4,8600,10938.0,0,0
612,390602,2018,3,2,2818,6900.0,0,0
612,390497,2018,2,1,0,0.0,0,0
612,390902,2018,3,0,0,0.0,0,0
612,390663,2018,9,0,0,0.0,0,0
612,390906,2018,11,0,0,0.0,0,0
612,390297,2018,12,0,0,0.0,0,0
613,387657,2018,6,20,27840,46260.0,0,0
613,390298,2018,12,12,16614,22536.0,0,0
613,392299,2018,9,8,12324,22526.0,0,0
613,390800,2018,9,4,5526,15536.0,0,0
613,390601,2018,4,4,8600,12938.0,0,0
613,392802,2018,3,2,2632,6900.0,0,0
613,390603,2018,2,1,0,0.0,0,0
613,390668,2018,3,0,0,0.0,0,0
613,392905,2018,9,0,0,0.0,0,0
613,392906,2018,11,0,0,0.0,0,0
613,390907,2018,12,0,0,0.0,0,0
614,392297,2018,6,20,26840,40260.0,0,0
614,392298,2018,12,9,14688,25432.0,0,0
614,390299,2018,4,8,12324,20006.0,0,0
614,390669,2018,9,4,5792,29938.0,0,0
614,390600,2018,4,4,8892,12518.0,0,0
614,390802,2018,9,2,2600,6900.0,0,0
614,390616,2018,2,0,0,0.0,0,0
614,392803,2018,5,0,0,0.0,0,0
614,392305,2018,9,0,0,0.0,0,0
614,392909,2018,11,0,0,0.0,0,0
614,390607,2018,12,0,0,0.0,0,0
615,392816,2018,6,16,12864,25796.0,766,136
615,392917,2018,5,12,28888,32532.0,0,0
615,392299,2018,9,8,12992,25338.0,0,0
615,390298,2018,9,8,19800,29330.0,0,0
615,390601,2018,4,6,15892,10538.0,0,0
615,392800,2018,3,4,2632,6900.0,0,0
615,390903,2018,2,1,0,0.0,0,0
615,390668,2018,3,0,0,0.0,0,0
615,392921,2018,9,0,0,0.0,0,0
615,390906,2018,11,0,0,0.0,0,0
615,392297,2018,12,0,0,0.0,0,0
616,392297,2018,6,20,27840,41260.0,0,0
616,392298,2018,12,8,18128,25432.0,0,0
616,390299,2018,9,6,12324,25526.0,0,0
616,390900,2018,9,4,5524,25536.0,0,0
616,390635,2018,3,4,8600,12918.0,0,0
616,392902,2018,3,2,2252,6900.0,0,0
616,390667,2018,2,1,2381,6841.0,0,0
616,390667,2018,3,0,0,0.0,0,0
616,390903,2018,9,0,0,0.0,0,0
616,392906,2018,11,0,0,0.0,0,0
616,392907,2018,12,0,0,0.0,0,0
617,392297,2018,6,12,27864,41796.0,0,0
617,392298,2018,10,8,16608,25532.0,0,0
617,390619,2018,9,6,12954,20826.0,0,0
617,390298,2018,9,2,8324,5536.0,0,0
617,390601,2018,2,4,9892,12538.0,0,0
617,390602,2018,3,2,2324,6900.0,0,0
617,390617,2018,2,1,2381,3100.0,0,0
617,390908,2018,3,0,0,0.0,0,0
617,390633,2018,4,0,0,0.0,0,0
617,392306,2018,9,0,0,0.0,0,0
617,390907,2018,12,0,0,0.0,0,0
618,392297,2018,6,12,11864,20596.0,0,0
618,392098,2018,8,12,22688,35122.0,0,0
618,390609,2018,9,8,12324,25906.0,0,0
618,390299,2018,9,8,19824,25936.0,0,0
618,390865,2018,2,8,16600,10000.0,0,0
618,392299,2018,3,2,2600,6900.0,0,0
618,392903,2018,2,1,0,0.0,0,0
618,390902,2018,3,0,0,0.0,0,0
618,390603,2018,4,0,0,0.0,0,0
618,390909,2018,11,0,0,0.0,0,0
618,390907,2018,12,0,0,0.0,0,0
619,392297,2018,6,12,27844,41266.0,0,0
619,392298,2018,10,8,14688,23432.0,0,0
619,390909,2018,4,8,18324,20826.0,0,0
619,390619,2018,9,4,8324,5336.0,0,0
619,390902,2018,2,4,8600,12938.0,0,0
619,390902,2018,3,2,2312,6576.0,0,0
619,390903,2018,2,0,0,0.0,0,0
619,390908,2018,4,0,0,0.0,0,0
619,390903,2018,9,0,0,0.0,0,0
619,390606,2018,11,0,0,0.0,0,0
619,390609,2018,12,0,0,0.0,0,0
620,392860,2018,5,12,12692,25568.0,0,0
620,390641,2018,6,12,25124,32536.0,0,0
620,392299,2018,9,8,15324,25896.0,0,0
620,390633,2018,10,8,13684,26506.0,518,0
620,392899,2018,4,4,8800,12658.0,0,0
620,392896,2018,8,2,2600,6900.0,0,0
620,390647,2018,2,1,0,0.0,0,0
620,390902,2018,6,0,0,0.0,0,0
620,390667,2018,9,0,0,0.0,0,0
620,390606,2018,11,0,0,0.0,0,0
620,390907,2018,12,0,0,0.0,0,0
621,392207,2018,6,16,28144,42266.0,0,0
621,392298,2018,10,8,18328,22532.0,0,0
621,390669,2018,9,6,12504,25906.0,0,0
621,390298,2018,9,8,18324,25936.0,0,0
621,390909,2018,2,4,8600,17918.0,0,0
621,390619,2018,3,2,2324,6900.0,0,0
621,390297,2018,2,0,0,0.0,0,0
621,390638,2018,3,0,0,0.0,0,0
621,390635,2018,9,0,0,0.0,0,0
621,392906,2018,11,0,0,0.0,0,0
621,390907,2018,12,0,0,0.0,0,0
622,392805,2018,6,12,11764,25596.0,0,0
622,392296,2018,7,12,18688,25432.0,0,0
622,392297,2018,11,8,15352,20328.0,0,0
622,390299,2018,9,8,12524,24736.0,0,0
622,392919,2018,4,4,8892,10938.0,0,0
622,390900,2018,3,4,2500,6900.0,0,0
622,390606,2018,2,1,0,0.0,0,0
622,390602,2018,3,0,0,0.0,0,0
622,392903,2018,9,0,0,0.0,0,0
622,390906,2018,11,0,0,0.0,0,0
622,390907,2018,12,0,0,0.0,0,0
623,392915,2018,6,16,12864,25396.0,0,0
623,392916,2018,7,12,28388,32532.0,0,0
623,392297,2018,10,8,12324,25906.0,0,0
623,390298,2018,9,8,12592,25537.0,0,0
623,390660,2018,4,6,15600,10008.0,0,0
623,392802,2018,3,2,2800,6500.0,0,0
623,390617,2018,2,1,0,0.0,0,0
623,392908,2018,3,0,0,0.0,0,0
623,392307,2018,9,0,0,0.0,0,0
623,390906,2018,11,0,0,0.0,0,0
623,392907,2018,12,0,0,0.0,0,0
624,390297,2018,6,20,26840,40260.0,0,0
624,390618,2018,10,8,18128,25862.0,0,0
624,390299,2018,9,8,12324,22406.0,0,0
624,390299,2018,9,4,5528,25932.0,0,0
624,390605,2018,2,7,11800,12638.0,0,0
624,390647,2018,3,2,2324,3700.0,0,0
624,390613,2018,2,1,0,0.0,0,0
624,390638,2018,3,0,0,0.0,0,0
624,392828,2018,9,0,0,0.0,0,0
624,390906,2018,11,0,0,0.0,0,0
624,390907,2018,12,0,0,0.0,0,0
625,390297,2018,6,20,26840,40260.0,0,0
625,390298,2018,12,9,18108,25412.0,0,0
625,390299,2018,9,8,12992,20408.0,0,0
625,390900,2018,5,4,8324,24736.0,0,0
625,390299,2018,4,4,9600,12538.0,0,0
625,390802,2018,3,2,2600,6900.0,0,0
625,390667,2018,2,1,0,0.0,0,0
625,390668,2018,3,0,0,0.0,0,0
625,390667,2018,9,0,0,0.0,0,0
625,390547,2018,11,0,0,0.0,0,0
625,390907,2018,12,0,0,0.0,0,0
626,392297,2018,6,20,27840,41260.0,0,0
626,392918,2018,12,9,16128,26432.0,0,0
626,390909,2018,4,8,14192,25528.0,0,0
626,390299,2018,9,8,11824,24516.0,0,0
626,390601,2018,4,4,8892,12468.0,0,0
626,390662,2018,3,2,2812,6900.0,0,0
626,390903,2018,2,1,2363,5748.0,0,0
626,390903,2018,3,0,0,0.0,0,0
626,390633,2018,4,0,0,0.0,0,0
626,390906,2018,9,0,0,0.0,0,0
626,390967,2018,12,0,0,0.0,0,0
627,392297,2018,6,20,26840,40260.0,0,0
627,392298,2018,12,9,18378,22532.0,0,0
627,390299,2018,9,8,12224,25336.0,0,0
627,390290,2018,9,8,19824,29836.0,0,0
627,390901,2018,4,4,8600,12538.0,0,0
627,390602,2018,3,2,2800,6900.0,0,0
627,390617,2018,2,1,2384,5800.0,0,0
627,390638,2018,3,0,0,0.0,0,0
627,390905,2018,9,0,0,0.0,0,0
627,392306,2018,11,0,0,0.0,0,0
627,390907,2018,12,0,0,0.0,0,0
628,392297,2018,6,20,22840,40260.0,0,0
628,392868,2018,12,9,16688,22932.0,0,0
628,390609,2018,9,8,12992,26518.0,0,0
628,392298,2018,9,4,5524,5536.0,0,0
628,392299,2018,2,0,800,10438.0,0,0
628,390899,2018,8,0,0,0.0,0,0
628,392303,2018,2,0,0,0.0,0,0
628,390908,2018,6,0,0,0.0,0,0
628,390907,2018,9,0,0,0.0,0,0
628,390906,2018,11,0,0,0.0,0,0
628,390907,2018,12,0,0,0.0,0,0
629,390297,2018,6,20,26840,40260.0,0,0
629,390698,2018,12,12,16116,25454.0,0,0
629,390299,2018,9,8,12992,29228.0,0,0
629,390900,2018,9,8,18824,24536.0,346,0
629,390299,2018,4,4,8340,10418.0,0,0
629,390642,2018,4,2,2600,3100.0,0,0
629,390603,2018,2,0,0,0.0,0,0
629,390608,2018,3,0,0,0.0,0,0
629,390633,2018,9,0,0,0.0,0,0
629,390906,2018,11,0,0,0.0,0,0
629,392299,2018,12,0,0,0.0,0,0
630,392297,2018,6,20,26840,40260.0,0,0
630,392298,2018,12,12,16618,22532.0,0,0
630,390909,2018,9,8,15324,25736.0,0,0
630,390299,2018,9,4,5292,15538.0,0,0
630,390617,2018,2,8,13600,12500.0,0,0
630,390902,2018,3,2,2600,5700.0,0,0
630,390303,2018,2,1,0,0.0,0,0
630,390638,2018,3,0,0,0.0,0,0
630,390669,2018,9,0,0,0.0,0,0
630,392906,2018,11,0,0,0.0,0,0
630,390907,2018,12,0,0,0.0,0,0
631,392297,2018,6,12,25840,40260.0,0,0
631,390668,2018,10,8,18688,25432.0,0,0
631,392299,2018,9,8,12992,24728.0,0,0
631,390290,2018,9,4,8624,5536.0,0,0
631,390642,2018,4,6,8600,10004.0,0,0
631,392899,2018,4,2,2112,6338.0,0,0
631,390293,2018,2,1,0,0.0,0,0
631,390297,2018,3,0,0,0.0,0,0
631,390669,2018,9,0,0,0.0,0,0
631,392299,2018,11,0,0,0.0,0,0
631,392307,2018,12,0,0,0.0,0,0
632,392297,2018,6,12,27880,41260.0,0,0
632,392298,2018,12,8,18388,28922.0,0,0
632,390299,2018,9,8,16608,22472.0,0,0
632,392219,2018,9,4,7324,5536.0,0,0
632,390600,2018,2,9,11800,10000.0,0,0
632,390689,2018,3,0,0,0.0,0,0
632,392863,2018,5,0,0,0.0,0,0
632,390668,2018,3,0,0,0.0,0,0
632,390299,2018,9,0,0,0.0,0,0
632,390958,2018,11,0,0,0.0,0,0
632,390699,2018,12,0,0,0.0,0,0
633,392297,2018,6,20,26840,40260.0,0,0
633,392298,2018,12,9,18128,25512.0,0,0
633,390899,2018,9,8,12992,22908.0,0,0
633,390299,2018,9,2,3684,5536.0,0,0
633,390902,2018,4,4,8600,12338.0,0,0
633,390602,2018,3,2,2388,6900.0,0,0
633,392897,2018,2,0,0,0.0,0,0
633,390668,2018,3,0,0,0.0,0,0
633,392909,2018,3,0,0,0.0,0,0
633,390909,2018,11,0,0,0.0,0,0
633,390907,2018,12,0,0,0.0,0,0
634,392297,2018,6,20,26840,40260.0,0,0
634,392298,2018,12,9,18388,25432.0,0,0
634,392299,2018,5,8,12824,25716.0,0,0
634,390900,2018,9,2,3636,12534.0,0,0
634,390600,2018,4,4,8600,12938.0,0,0
634,392602,2018,3,2,2321,4700.0,0,0
634,390617,2018,2,1,0,0.0,0,0
634,390903,2018,3,0,0,0.0,0,0
634,390668,2018,9,0,0,0.0,0,0
634,392909,2018,11,0,0,0.0,0,0
634,390907,2018,12,0,0,0.0,0,0
635,392297,2018,6,12,27884,41726.0,0,0
635,390298,2018,12,8,18376,25434.0,0,0
635,390619,2018,9,8,14124,25526.0,0,0
635,390299,2018,9,8,19524,25536.0,0,0
635,390901,2018,4,4,8608,10008.0,0,0
635,390602,2018,11,2,2800,3738.0,0,0
635,390617,2018,2,1,2381,2800.0,0,0
635,390603,2018,4,0,0,0.0,0,0
635,390603,2018,4,0,0,0.0,0,0
635,390906,2018,9,0,0,0.0,0,0
635,390907,2018,12,0,0,0.0,0,0
636,390297,2018,6,20,28840,42260.0,0,0
636,390298,2018,12,9,18378,26872.0,0,0
636,390299,2018,9,8,15324,24406.0,0,0
636,390600,2018,9,8,12524,25936.0,0,0
636,390201,2018,4,4,8600,12400.0,0,0
636,390902,2018,3,2,2600,3800.0,0,0
636,390603,2018,2,0,0,0.0,0,0
636,390298,2018,3,0,0,0.0,0,0
636,392903,2018,9,0,0,0.0,0,0
636,390906,2018,11,0,0,0.0,0,0
636,390907,2018,12,0,0,0.0,0,0
637,390297,2018,6,20,22840,40260.0,0,0
637,392298,2018,12,9,18128,25432.0,0,0
637,390299,2018,9,8,12352,24738.0,0,0
637,390290,2018,9,8,19792,25938.0,0,0
637,392301,2018,4,4,8600,13338.0,0,0
637,390632,2018,9,2,2384,7900.0,0,0
637,392303,2018,2,1,2321,0.0,0,0
637,390003,2018,3,0,0,0.0,0,0
637,392633,2018,9,0,0,0.0,0,0
637,390969,2018,11,0,0,0.0,0,0
637,390907,2018,12,0,0,0.0,0,0
638,392297,2018,6,12,12864,25406.0,0,0
638,390298,2018,7,8,18688,25432.0,0,0
638,390299,2018,9,6,12324,22326.0,0,0
638,390292,2018,9,6,18324,25536.0,0,0
638,390299,2018,2,6,19600,10000.0,0,0
638,390662,2018,8,2,2532,3900.0,0,0
638,390667,2018,2,9,2881,1.0,0,0
638,392908,2018,3,0,0,0.0,0,0
638,390669,2018,9,0,0,0.0,0,0
638,390906,2018,11,0,0,0.0,0,0
638,390907,2018,12,0,0,0.0,0,0
639,392297,2018,6,12,11880,25520.0,0,0
639,392068,2018,6,12,28328,25432.0,0,0
639,390909,2018,8,8,19804,25726.0,0,0
639,390290,2018,9,8,15524,25536.0,0,0
639,396900,2018,2,4,8600,10738.0,0,0
639,392899,2018,3,2,2600,6900.0,0,0
639,390297,2018,2,1,5800,6800.0,0,0
639,390603,2018,3,0,0,0.0,0,0
639,390668,2018,9,0,0,0.0,0,0
639,390906,2018,11,0,0,0.0,0,0
639,390907,2018,12,0,0,0.0,0,0
640,392297,2018,6,12,12884,15526.0,0,0
640,390298,2018,10,8,18288,25532.0,0,0
640,390299,2018,4,8,12813,27928.0,0,0
640,390298,2018,9,8,19724,25936.0,0,0
640,390901,2018,2,4,8800,10000.0,0,0
640,390645,2018,3,2,2800,6636.0,0,0
640,390297,2018,2,1,2381,0.0,0,0
640,390608,2018,3,0,0,0.0,0,0
640,390638,2018,9,0,0,0.0,0,0
640,392906,2018,11,0,0,0.0,0,0
640,390607,2018,12,0,0,0.0,0,0
641,392297,2018,6,20,26840,40260.0,0,0
641,392298,2018,12,9,18288,25932.0,0,0
641,390299,2018,9,8,12124,22436.0,0,0
641,390662,2018,9,4,8324,25516.0,0,0
641,390633,2018,4,4,8600,12938.0,0,0
641,390690,2018,3,2,2600,6512.0,0,0
641,390633,2018,2,1,0,0.0,0,0
641,390667,2018,5,0,0,0.0,0,0
641,390905,2018,4,0,0,0.0,0,0
641,390906,2018,11,0,0,0.0,0,0
641,390907,2018,12,0,0,0.0,0,0
642,392297,2018,6,20,28840,43260.0,0,0
642,392908,2018,12,12,14688,25432.0,0,0
642,390019,2018,9,8,14608,25722.0,0,0
642,392900,2018,9,8,19884,27936.0,0,0
642,390619,2018,4,4,8600,12538.0,0,0
642,392802,2018,3,4,2800,6900.0,0,0
642,390686,2018,2,1,0,0.0,0,0
642,390908,2018,3,0,0,0.0,0,0
642,390663,2018,9,0,0,0.0,0,0
642,390507,2018,11,0,0,0.0,0,0
642,390907,2018,12,0,0,0.0,0,0
643,392297,2018,6,12,27880,41260.0,0,0
643,392298,2018,12,8,14688,25432.0,0,0
643,392299,2018,9,8,12884,20726.0,0,0
643,390632,2018,9,4,9896,20034.0,0,0
643,390901,2018,4,4,8600,12400.0,0,0
643,390662,2018,3,2,2812,6900.0,0,0
643,390603,2018,2,1,0,0.5,0,0
643,390638,2018,6,0,0,0.0,0,0
643,390668,2018,9,0,0,0.0,0,0
643,390666,2018,11,0,0,0.0,0,0
643,390907,2018,12,0,0,0.0,0,0
644,392297,2018,6,12,27880,41260.0,0,0
644,392298,2018,10,8,16618,25192.0,0,0
644,392099,2018,10,8,12884,20826.0,0,0
644,390600,2018,9,2,5524,5936.0,0,0
644,390942,2018,4,4,8892,12638.0,0,0
644,390602,2018,3,2,2600,6900.0,0,0
644,390297,2018,2,1,0,0.5,0,0
644,390608,2018,6,0,0,0.0,0,0
644,390637,2018,4,0,0,0.0,0,0
644,390606,2018,9,0,0,0.0,0,0
644,390907,2018,12,0,0,0.0,0,0
645,392295,2018,7,12,12884,25566.0,0,0
645,392206,2018,7,8,12688,25432.0,0,0
645,392297,2018,11,6,19884,25921.0,0,0
645,392900,2018,9,4,8324,25736.0,0,0
645,390639,2018,4,4,8300,10058.0,0,0
645,390662,2018,3,2,2581,6900.0,0,0
645,390902,2018,2,1,2381,6800.5,0,0
645,390668,2018,3,0,0,0.0,0,0
645,392903,2018,9,0,0,0.0,0,0
645,390602,2018,9,0,0,0.0,0,0
645,390907,2018,12,0,0,0.0,0,0
646,392015,2018,6,12,11864,25396.0,0,0
646,392896,2018,6,12,28376,22534.0,0,0
646,392897,2018,9,8,12984,25936.0,364,0
646,392298,2018,9,4,8884,6936.0,0,0
646,392899,2018,2,0,600,10000.0,0,0
646,392896,2018,3,0,0,0.0,0,0
646,390903,2018,4,0,0,0.0,0,0
646,392903,2018,5,0,0,0.0,0,0
646,390903,2018,9,0,0,0.0,0,0
646,390906,2018,11,0,0,0.0,0,0
646,390605,2018,12,0,0,0.0,0,0
647,390297,2018,6,20,26840,40260.0,0,0
647,392298,2018,12,9,18328,22532.0,0,0
647,390619,2018,9,8,12952,25908.0,0,0
647,390800,2018,9,8,11700,25536.0,0,0
647,390601,2018,4,4,8600,12918.0,0,0
647,390602,2018,3,2,2384,6900.0,0,0
647,390897,2018,2,1,0,0.0,0,0
647,390638,2018,3,0,0,0.0,0,0
647,390668,2018,9,0,0,0.0,0,0
647,390906,2018,11,0,0,0.0,0,0
647,390807,2018,12,0,0,0.0,0,0
648,392296,2018,7,22,12624,25336.0,0,0
648,392297,2018,8,12,15428,25932.0,0,0
648,390297,2018,11,8,12124,20796.0,0,0
648,392299,2018,9,2,3624,25936.0,0,0
648,392299,2018,2,6,11812,10008.0,0,0
648,390619,2018,3,2,2600,6900.0,0,0
648,390617,2018,2,1,0,0.0,0,0
648,390908,2018,3,0,0,0.0,0,0
648,390603,2018,9,0,0,0.0,0,0
648,390606,2018,11,0,0,0.0,0,0
648,392907,2018,12,0,0,0.0,0,0
649,392297,2018,6,20,27840,41260.0,0,0
649,392298,2018,12,9,16613,25432.0,0,0
649,390909,2018,9,6,12884,20726.0,0,0
649,390299,2018,9,3,8324,18236.0,376,0
649,390900,2018,4,4,8892,12652.0,0,0
649,392897,2018,3,2,2321,0.0,0,0
649,390623,2018,2,1,2600,6800.0,0,0
649,390902,2018,3,0,0,0.0,0,0
649,390633,2018,4,0,0,0.0,0,0
649,390906,2018,9,0,0,0.0,0,0
649,390907,2018,12,0,0,0.0,0,0
650,392287,2018,6,12,11884,25566.0,0,0
650,390618,2018,7,12,18388,25432.0,0,0
650,390299,2018,9,8,12392,24728.0,600,0
650,390299,2018,9,2,5524,5336.0,0,0
650,390900,2018,4,4,9800,10000.0,0,0
650,390902,2018,3,2,2324,6938.0,0,0
650,390903,2018,2,0,0,0.0,0,0
650,390298,2018,8,0,0,0.0,0,0
650,390605,2018,9,0,0,0.0,0,0
650,392906,2018,11,0,0,0.0,0,0
650,390907,2018,12,0,0,0.0,0,0
651,392035,2018,6,12,17864,25596.0,0,0
651,392096,2018,7,12,28388,34732.0,0,0
651,392297,2018,11,8,18324,25906.0,0,0
651,390662,2018,9,4,5500,5930.0,0,0
651,392900,2018,4,2,8600,10000.0,0,0
651,390802,2018,3,2,2600,3800.0,0,0
651,392293,2018,2,0,0,0.0,0,0
651,390668,2018,3,0,0,0.0,0,0
651,392903,2018,9,0,0,0.0,0,0
651,392903,2018,11,0,0,0.0,0,0
651,392297,2018,12,0,0,0.0,0,0
652,392297,2018,6,20,26880,40260.0,0,0
652,390298,2018,12,9,16608,22552.0,0,0
652,392299,2018,9,8,12324,25806.0,0,0
652,390290,2018,9,4,5524,25536.0,0,0
652,390661,2018,4,4,8600,12538.0,0,0
652,390290,2018,3,2,2600,3332.0,0,0
652,390667,2018,2,1,0,0.0,0,0
652,390647,2018,5,0,0,0.0,0,0
652,390603,2018,9,0,0,0.0,0,0
652,390906,2018,11,0,0,0.0,0,0
652,390907,2018,10,0,0,0.0,0,0
653,390297,2018,6,12,22880,11820.0,0,0
653,390298,2018,12,8,18328,25432.0,0,0
653,390299,2018,9,6,12952,24728.0,0,0
653,390290,2018,9,8,12794,20006.0,0,0
653,390601,2018,4,4,8600,12538.0,0,0
653,390662,2018,3,2,2600,6900.0,0,0
653,390897,2018,2,1,0,0.0,0,0
653,390608,2018,3,0,0,0.0,0,0
653,390637,2018,9,0,0,0.0,0,0
653,390906,2018,11,0,0,0.0,0,0
653,390907,2018,12,0,0,0.0,0,0
654,390297,2018,6,20,26870,40260.0,0,0
654,392808,2018,12,9,16688,25432.0,0,0
654,390619,2018,9,8,14992,25938.0,0,0
654,390619,2018,9,4,5524,20006.0,0,0
654,390602,2018,2,4,8600,12438.0,0,0
654,390643,2018,3,2,2800,6900.0,0,0
654,390693,2018,2,1,0,0.0,0,0
654,390903,2018,3,0,0,0.0,0,0
654,390669,2018,9,0,0,0.0,0,0
654,390909,2018,11,0,0,0.0,0,0
654,392307,2018,12,0,0,0.0,0,0
655,390297,2018,6,20,28340,42260.0,0,0
655,392298,2018,10,8,16128,28932.0,0,0
655,392299,2018,9,8,12104,24406.0,0,0
655,390600,2018,9,2,8324,8236.0,0,0
655,390941,2018,2,4,8372,10738.0,0,0
655,390662,2018,3,2,2600,6528.0,0,0
655,390603,2018,2,0,0,0.0,0,0
655,390907,2018,3,0,0,0.0,0,0
655,390905,2018,9,0,0,0.0,0,0
655,390932,2018,11,0,0,0.0,0,0
655,390607,2018,12,0,0,0.0,0,0
656,392297,2018,6,12,22864,44406.0,0,0
656,390298,2018,10,8,18688,25432.0,0,0
656,390299,2018,9,8,14608,25902.0,0,0
656,390900,2018,9,4,5524,8936.0,0,0
656,390601,2018,4,4,8600,10000.0,0,0
656,390902,2018,3,2,2800,4700.0,0,0
656,390503,2018,2,0,0,0.0,0,0
656,390904,2018,6,0,0,0.0,0,0
656,390299,2018,9,0,0,0.0,0,0
656,392906,2018,11,0,0,0.0,0,0
656,390597,2018,12,0,0,0.0,0,0
657,392297,2018,6,12,27864,41796.0,0,0
657,390668,2018,10,8,18618,22532.0,0,0
657,390299,2018,9,6,12324,25906.0,0,0
657,390619,2018,9,2,5524,5536.0,0,0
657,390619,2018,4,4,8600,10000.0,0,0
657,390662,2018,3,2,2800,6900.0,0,0
657,390941,2018,2,1,0,0.0,0,0
657,390297,2018,8,0,0,0.0,0,0
657,392299,2018,9,0,0,0.0,0,0
657,392906,2018,9,0,0,0.0,0,0
657,392299,2018,12,0,0,0.0,0,0
658,392297,2018,6,20,27860,41990.0,0,0
658,392918,2018,12,12,16688,25432.0,0,0
658,392009,2018,8,8,12184,25316.0,0,0
658,390299,2018,9,8,19894,25336.0,0,0
658,390649,2018,0,4,8600,12918.0,0,0
658,390299,2018,3,2,2800,6538.0,0,0
658,390903,2018,2,1,0,0.0,0,0
658,392898,2018,3,0,0,0.0,0,0
658,392298,2018,9,0,0,0.0,0,0
658,390906,2018,11,0,0,0.0,0,0
658,390907,2018,12,0,0,0.0,0,0
659,392297,2018,6,12,28144,42266.0,0,0
659,390298,2018,12,8,16688,22532.0,0,0
659,390299,2018,9,8,12804,24726.0,0,0
659,390299,2018,9,4,5520,5930.0,0,0
659,390601,2018,4,4,8343,6338.0,0,0
659,390296,2018,3,2,2325,6900.0,0,0
659,390603,2018,2,1,0,0.0,0,0
659,390908,2018,6,0,0,0.0,0,0
659,390905,2018,9,0,0,0.0,0,0
659,392906,2018,11,0,0,0.0,0,0
659,390907,2018,12,0,0,0.0,0,0
660,392915,2018,6,16,12864,25596.0,0,0
660,392296,2018,7,12,26288,25532.0,0,0
660,392297,2018,10,2,12524,25828.0,0,0
660,390298,2018,9,8,12524,25736.0,0,0
660,392299,2018,4,4,8600,12752.0,0,0
660,390290,2018,8,2,2200,0.0,0,0
660,390607,2018,2,1,5381,0.0,0,0
660,390638,2018,3,0,0,0.0,0,0
660,392903,2018,9,0,0,0.0,0,0
660,390639,2018,11,0,0,0.0,0,0
660,390907,2018,12,0,0,0.0,0,0
661,392297,2018,6,20,26840,40260.0,0,0
661,390618,2018,12,12,16168,25432.0,0,0
661,392699,2018,9,8,12384,25476.0,0,0
661,390600,2018,0,8,11792,24738.0,0,0
661,390601,2018,4,4,9600,10000.0,0,0
661,390662,2018,3,2,2384,6900.0,0,0
661,390903,2018,2,1,4600,5400.0,0,0
661,390607,2018,3,0,0,0.0,0,0
661,390633,2018,9,0,0,0.0,0,0
661,390606,2018,11,0,0,0.0,0,0
661,392307,2018,12,0,0,0.0,0,0
662,392297,2018,6,20,27860,41290.0,0,0
662,390298,2018,12,9,16688,25932.0,0,0
662,390299,2018,4,8,12992,20408.0,0,0
662,390290,2018,9,4,3624,5536.0,0,0
662,390299,2018,0,4,8600,11438.0,0,0
662,390299,2018,3,2,2800,6962.0,0,0
662,390903,2018,2,1,0,0.0,0,0
662,390668,2018,3,0,0,0.0,0,0
662,390637,2018,9,0,0,0.0,0,0
662,390906,2018,11,0,0,0.0,0,0
662,390297,2018,12,0,0,0.0,0,0
663,392297,2018,6,20,28190,40260.0,0,0
663,392298,2018,12,9,16628,25532.0,0,0
663,392299,2018,5,8,12604,25906.0,0,0
663,390600,2018,9,4,5524,6536.0,0,0
663,390601,2018,3,4,8600,12638.0,0,0
663,390602,2018,3,4,2800,6900.0,0,0
663,390903,2018,2,0,0,0.0,0,0
663,390903,2018,3,0,0,0.0,0,0
663,390633,2018,9,0,0,0.0,0,0
663,390902,2018,11,0,0,0.0,0,0
663,390907,2018,12,0,0,0.0,0,0
664,392297,2018,6,20,22840,40260.0,0,0
664,392298,2018,12,12,18388,25432.0,0,0
664,392299,2018,9,8,14104,26528.0,0,0
664,392900,2018,9,8,13608,25532.0,0,0
664,392299,2018,2,4,8600,0.0,0,0
664,390662,2018,4,2,2384,6500.0,0,0
664,392897,2018,2,1,0,0.0,0,0
664,390903,2018,3,0,0,0.0,0,0
664,392899,2018,9,0,0,0.0,0,0
664,390906,2018,9,0,0,0.0,0,0
664,392297,2018,12,0,0,0.0,0,0
665,392035,2018,6,12,27876,41964.0,0,0
665,392016,2018,12,12,16688,25432.0,0,0
665,392907,2018,9,8,15524,20722.0,369,0
665,392298,2018,9,8,15524,25536.0,0,0
665,390649,2018,4,4,8800,12938.0,0,0
665,392899,2018,3,2,2600,6500.0,0,0
665,390903,2018,2,1,0,0.0,0,0
665,392297,2018,3,0,0,0.0,0,0
665,392905,2018,9,0,0,0.0,0,0
665,390606,2018,11,0,0,0.0,0,0
665,390907,2018,10,0,0,0.0,0,0
666,392297,2018,6,12,12880,15260.0,0,0
666,392298,2018,10,8,18328,24532.0,0,0
666,390299,2018,9,6,11524,25926.0,0,0
666,390299,2018,9,4,5524,5736.0,0,0
666,390600,2018,4,6,13892,12538.0,0,0
666,392302,2018,3,4,2312,6800.0,0,0
666,390299,2018,2,1,2381,5100.0,0,0
666,390608,2018,3,0,0,0.0,0,0
666,390605,2018,9,0,0,0.0,0,0
666,390906,2018,11,0,0,0.0,0,0
666,390007,2018,12,0,0,0.0,0,0
667,390297,2018,6,20,28840,41260.0,0,0
667,390618,2018,12,12,15328,22532.0,0,0
667,390909,2018,9,8,12324,23836.0,0,0
667,390600,2018,9,8,11792,29538.0,0,0
667,390601,2018,2,4,8692,12518.0,0,0
667,390662,2018,3,2,4600,6900.0,0,0
667,390603,2018,2,1,0,0.0,0,0
667,390667,2018,3,0,0,0.0,0,0
667,390665,2018,9,0,0,0.0,0,0
667,392306,2018,11,0,0,0.0,0,0
667,390907,2018,12,0,0,0.0,0,0
668,392297,2018,6,12,27880,41760.0,0,0
668,392298,2018,12,8,16688,25562.0,0,0
668,392299,2018,9,8,14324,20836.0,0,0
668,390290,2018,9,4,8824,5536.0,0,0
668,390900,2018,0,4,5200,14438.0,0,0
668,390602,2018,3,2,2100,4700.0,0,0
668,392297,2018,2,0,0,0.0,0,0
668,390638,2018,3,0,0,0.0,0,0
668,390639,2018,9,0,0,0.0,0,0
668,390606,2018,11,0,0,0.0,0,0
668,390907,2018,12,0,0,0.0,0,0
669,390297,2018,6,20,26840,40260.0,0,0
669,390298,2018,12,9,18370,25530.0,0,0
669,390299,2018,9,8,12104,24706.0,0,0
669,390290,2018,9,4,8324,5536.0,0,0
669,390299,2018,2,4,8100,12515.0,0,0
669,390662,2018,3,2,2800,6900.0,0,0
669,390603,2018,2,1,0,0.0,0,0
669,390899,2018,3,0,0,0.0,0,0
669,390299,2018,5,0,0,0.0,0,0
669,390299,2018,11,0,0,0.0,0,0
669,390907,2018,12,0,0,0.0,0,0
670,392297,2018,6,20,26840,40260.0,0,0
670,392898,2018,12,9,18128,22532.0,0,0
670,390299,2018,8,8,12392,22908.0,0,0
670,392800,2018,9,8,15524,25516.0,0,0
670,390900,2018,3,4,8600,14400.0,0,0
670,392802,2018,3,2,2600,6900.0,0,0
670,392897,2018,2,1,0,0.0,0,0
670,390902,2018,6,0,0,0.0,0,0
670,390603,2018,9,0,0,0.0,0,0
670,390669,2018,11,0,0,0.0,0,0
670,390907,2018,12,0,0,0.0,0,0
671,392297,2018,6,20,27880,41260.0,0,0
671,392298,2018,10,8,16128,25532.0,0,0
671,390299,2018,12,6,11884,22406.0,0,0
671,390400,2018,9,4,8334,5536.0,0,0
671,390601,2018,3,4,8343,6912.0,0,0
671,390202,2018,3,2,2600,6937.0,0,0
671,390903,2018,5,1,2361,6800.0,0,0
671,390687,2018,2,0,0,0.0,0,0
671,390803,2018,4,0,0,0.0,0,0
671,390906,2018,9,0,0,0.0,0,0
671,390907,2018,12,0,0,0.0,0,0
672,392297,2018,6,12,12864,25296.0,0,0
672,390298,2018,12,8,18388,25442.0,0,0
672,390299,2018,9,8,16819,25328.0,0,0
672,390600,2018,5,4,3824,15336.0,0,0
672,390639,2018,2,3,8100,10000.0,0,0
672,390602,2018,3,2,2321,6900.0,0,0
672,390603,2018,2,1,0,0.0,0,0
672,390902,2018,3,0,0,0.0,0,0
672,390638,2018,4,0,0,0.0,0,0
672,392299,2018,9,0,0,0.0,0,0
672,390637,2018,12,0,0,0.0,0,0
673,392297,2018,6,20,27840,41260.0,0,0
673,392898,2018,12,9,18376,25434.0,0,0
673,390299,2018,9,8,12564,22336.0,0,0
673,390600,2018,9,8,12708,24532.0,0,0
673,392899,2018,2,4,8600,10000.0,0,0
673,392302,2018,3,2,2632,6900.0,0,0
673,390903,2018,2,1,0,0.0,0,0
673,390668,2018,4,0,0,0.0,0,0
673,392297,2018,9,0,0,0.0,0,0
673,392858,2018,11,0,0,0.0,0,0
673,392907,2018,12,0,0,0.0,0,0
674,132297,2018,6,20,27840,41260.0,0,0
674,390298,2018,12,12,16288,22432.0,0,0
674,392299,2018,4,8,12812,23828.0,0,0
674,390660,2018,8,8,12724,25536.0,0,0
674,390600,2018,4,4,9608,14738.0,0,0
674,390662,2018,3,2,2324,6900.0,0,0
674,390667,2018,2,1,2881,2711.0,0,0
674,392898,2018,3,0,0,0.0,0,0
674,390637,2018,9,0,0,0.0,0,0
674,390636,2018,9,0,0,0.0,0,0
674,390977,2018,12,0,0,0.0,0,0
675,392067,2018,6,12,27884,41826.0,0,0
675,390618,2018,12,9,18352,22528.0,0,0
675,390919,2018,8,8,16804,25806.0,0,0
675,390903,2018,9,8,13792,24338.0,0,0
675,390900,2018,4,4,8800,12538.0,0,0
675,390662,2018,3,2,2800,6500.0,0,0
675,392303,2018,2,1,2368,6800.0,0,0
675,392302,2018,4,0,0,0.0,0,0
675,390905,2018,9,0,0,0.0,0,0
675,390906,2018,11,0,0,0.0,0,0
675,392907,2018,12,0,0,0.0,0,0
676,392207,2018,6,12,27844,41766.0,0,0
676,390618,2018,10,8,18378,25432.0,0,0
676,390699,2018,9,6,12912,22808.0,0,0
676,392298,2018,9,2,3600,5730.0,0,0
676,390600,2018,4,2,8600,10000.0,0,0
676,390296,2018,3,2,2324,4700.0,0,0
676,392903,2018,2,1,0,0.0,0,0
676,390903,2018,3,0,0,0.0,0,0
676,390633,2018,9,0,0,0.0,0,0
676,390909,2018,11,0,0,0.0,0,0
676,390907,2018,12,0,0,0.0,0,0
677,392297,2018,6,12,27812,41708.0,0,0
677,390298,2018,12,9,16588,25432.0,0,0
677,390299,2018,9,8,12804,24726.0,0,0
677,392299,2018,9,2,3636,15934.0,300,0
677,392901,2018,2,4,8600,13318.0,0,0
677,390302,2018,0,2,2321,14572.0,0,0
677,390297,2018,2,0,0,0.0,0,0
677,392202,2018,3,0,0,0.0,0,0
677,392299,2018,4,0,0,0.0,0,0
677,392858,2018,11,0,0,0.0,0,0
677,390907,2018,12,0,0,0.0,0,0
678,392297,2018,6,12,12864,15396.0,0,0
678,392298,2018,10,8,18328,25532.0,0,0
678,390299,2018,9,8,12124,23896.0,0,0
678,390299,2018,9,2,5524,5736.0,0,0
678,390616,2018,4,4,8600,10002.0,0,0
678,390299,2018,3,2,2800,6900.0,0,0
678,390297,2018,2,1,2300,0.0,0,0
678,390298,2018,3,0,0,0.0,0,0
678,390297,2018,9,0,0,0.0,0,0
678,390908,2018,11,0,0,0.0,0,0
678,390907,2018,12,0,0,0.0,0,0
679,392297,2018,6,12,12864,25596.0,0,0
679,392898,2018,8,12,28288,25992.0,0,0
679,390299,2018,9,8,16124,25406.0,0,0
679,390298,2018,9,4,5584,5536.0,0,0
679,390639,2018,2,6,18600,10000.0,0,0
679,390602,2018,3,2,2632,6900.0,0,0
679,392003,2018,2,1,0,0.0,0,0
679,392897,2018,3,0,0,0.0,0,0
679,390298,2018,4,0,0,0.0,0,0
679,390638,2018,9,0,0,0.0,0,0
679,390907,2018,12,0,0,0.0,0,0
680,392297,2018,6,12,10864,15596.0,0,0
680,392298,2018,10,8,12688,25432.0,0,0
680,390619,2018,9,6,18344,20828.0,0,0
680,390018,2018,9,4,5524,5736.0,0,0
680,390901,2018,2,4,8600,12438.0,0,0
680,390602,2018,3,2,2600,6900.0,0,0
680,390903,2018,2,0,0,0.0,0,0
680,390603,2018,5,0,0,0.0,0,0
680,390665,2018,9,0,0,0.0,0,0
680,390906,2018,11,0,0,0.0,0,0
680,390907,2018,12,0,0,0.0,0,0
681,392297,2018,6,20,28130,42260.0,0,0
681,392098,2018,10,8,16668,25432.0,0,0
681,392299,2018,9,8,12952,25528.0,0,0
681,390299,2018,9,4,8324,5536.0,0,0
681,390299,2018,2,0,600,10000.0,0,0
681,390616,2018,3,0,0,0.0,0,0
681,392907,2018,2,0,0,0.0,0,0
681,390668,2018,3,0,0,0.0,0,0
681,390605,2018,9,0,0,0.0,0,0
681,390906,2018,11,0,0,0.0,0,0
681,392807,2018,12,0,0,0.0,0,0
682,392297,2018,6,12,27884,41966.0,0,0
682,390298,2018,10,8,18378,22532.0,0,0
682,390299,2018,9,8,11804,20736.0,0,0
682,392900,2018,9,4,8820,25530.0,0,0
682,390661,2018,4,4,9600,10000.0,0,0
682,390290,2018,3,2,4600,6842.0,0,0
682,390297,2018,2,0,0,0.0,0,0
682,390668,2018,5,0,0,0.0,0,0
682,390668,2018,9,0,0,0.0,0,0
682,390632,2018,11,0,0,0.0,0,0
682,390907,2018,12,0,0,0.0,0,0
683,392297,2018,6,12,22876,43464.0,0,0
683,392298,2018,10,8,16688,25432.0,0,0
683,390669,2018,9,8,12994,29286.0,0,0
683,390290,2018,9,4,8384,20006.0,300,0
683,390639,2018,4,4,8692,10000.0,0,0
683,390688,2018,3,2,4800,6900.0,0,0
683,390903,2018,2,1,2381,2701.0,0,0
683,390667,2018,3,0,0,0.0,0,0
683,390637,2018,4,0,0,0.0,0,0
683,390636,2018,11,0,0,0.0,0,0
683,390907,2018,12,0,0,0.0,0,0
684,392297,2018,6,12,27680,41730.0,0,0
684,392298,2018,10,8,16688,25432.0,0,0
684,390299,2018,9,8,12324,20406.0,0,0
684,390290,2018,9,4,8892,15538.0,0,0
684,390901,2018,2,4,8600,10000.0,0,0
684,390662,2018,3,2,4600,6900.0,0,0
684,390297,2018,2,1,0,0.0,0,0
684,390634,2018,3,0,0,0.0,0,0
684,390605,2018,9,0,0,0.0,0,0
684,392906,2018,11,0,0,0.0,0,0
684,390907,2018,12,0,0,0.0,0,0
685,392207,2018,6,12,17884,21726.0,0,0
685,390298,2018,7,8,15288,25532.0,0,0
685,390299,2018,9,8,12324,20826.0,0,0
685,392298,2018,9,4,9888,25532.0,0,0
685,390645,2018,4,0,600,10000.0,0,0
685,392800,2018,3,0,0,0.0,0,0
685,392303,2018,7,0,0,0.0,0,0
685,390298,2018,8,0,0,0.0,0,0
685,392297,2018,9,0,0,0.0,0,0
685,390906,2018,11,0,0,0.0,0,0
685,392907,2018,12,0,0,0.0,0,0
686,392297,2018,6,20,27860,41990.0,0,0
686,392298,2018,12,8,16688,25432.0,0,0
686,392299,2018,9,8,12992,25908.0,0,0
686,390800,2018,9,4,3792,25938.0,0,0
686,390900,2018,4,8,13600,6928.0,0,0
686,390602,2018,3,2,2324,6900.0,0,0
686,390293,2018,2,0,0,0.0,0,0
686,390298,2018,3,0,0,0.0,0,0
686,390298,2018,9,0,0,0.0,0,0
686,390806,2018,11,0,0,0.0,0,0
686,392907,2018,12,0,0,0.0,0,0
687,390860,2018,6,12,12812,25508.0,0,0
687,392811,2018,8,12,18340,25440.0,0,0
687,390299,2018,9,8,16224,25336.0,0,0
687,390892,2018,0,8,15524,20006.0,486,0
687,390899,2018,2,4,8600,14638.0,0,0
687,390896,2018,11,2,7600,6900.0,0,0
687,390297,2018,2,1,0,0.0,0,0
687,392902,2018,3,0,0,0.0,0,0
687,392899,2018,9,0,0,0.0,0,0
687,390606,2018,11,0,0,0.0,0,0
687,390607,2018,12,0,0,0.0,0,0
688,392297,2018,6,12,12864,25596.0,0,0
688,390298,2018,7,12,23688,34432.0,0,0
688,390299,2018,9,8,15324,20836.0,0,0
688,390299,2018,9,8,18524,20016.0,0,0
688,392300,2018,4,4,8600,10000.0,0,0
688,390662,2018,8,2,2581,14700.0,0,0
688,390297,2018,2,1,2381,6800.5,315,0
688,390602,2018,3,0,0,0.0,0,0
688,390663,2018,9,0,0,0.0,0,0
688,390906,2018,11,0,0,0.0,0,0
688,392907,2018,12,0,0,0.0,0,0
689,390297,2018,6,20,28140,42260.0,0,0
689,390298,2018,10,8,16688,25432.0,0,0
689,390619,2018,9,8,12324,25926.0,0,0
689,390900,2018,9,2,5524,15536.0,747,0
689,390665,2018,2,6,19600,12408.0,0,0
689,390662,2018,3,4,2800,6900.0,0,0
689,390697,2018,2,1,0,0.0,0,0
689,390667,2018,3,0,0,0.0,0,0
689,390699,2018,9,0,0,0.0,0,0
689,390906,2018,11,0,0,0.0,0,0
689,390907,2018,12,0,0,0.0,0,0
690,392297,2018,6,12,15876,25404.0,0,0
690,392298,2018,9,8,18688,24732.0,0,0
690,390299,2018,12,8,12804,21326.0,0,0
690,390290,2018,9,4,5524,5536.0,0,0
690,392019,2018,4,4,8800,14438.0,0,0
690,392802,2018,3,2,2292,3700.0,0,0
690,392303,2018,2,1,0,0.0,0,0
690,390667,2018,3,0,0,0.0,0,0
690,392638,2018,9,0,0,0.0,0,0
690,390676,2018,11,0,0,0.0,0,0
690,390907,2018,12,0,0,0.0,0,0
691,392297,2018,6,20,22860,40290.0,0,0
691,392298,2018,12,9,18328,25532.0,0,0
691,392299,2018,9,8,12804,24906.0,0,0
691,392800,2018,6,8,11756,24536.0,0,0
691,392899,2018,4,4,8692,12518.0,0,0
691,390299,2018,3,2,2819,6900.0,0,0
691,390897,2018,2,1,0,0.0,0,0
691,392304,2018,3,0,0,0.0,0,0
691,390903,2018,9,0,0,0.0,0,0
691,390909,2018,11,0,0,0.0,0,0
691,392907,2018,12,0,0,0.0,0,0
692,392295,2018,6,22,12868,25592.0,0,0
692,392896,2018,8,12,28124,34536.0,0,0
692,392297,2018,11,8,12104,24726.0,0,0
692,390609,2018,9,8,19324,20006.0,0,0
692,390600,2018,4,4,8600,12938.0,0,0
692,390602,2018,3,2,2600,0.0,0,0
692,390297,2018,2,1,0,0.0,0,0
692,392903,2018,3,0,0,0.0,0,0
692,392903,2018,4,0,0,0.0,0,0
692,392906,2018,9,0,0,0.0,0,0
692,390907,2018,12,0,0,0.0,0,0
693,392297,2018,6,12,27844,41266.0,0,0
693,390298,2018,10,8,18688,25932.0,0,0
693,392299,2018,9,6,12324,20826.0,0,0
693,390900,2018,9,2,0,5530.0,0,0
693,390631,2018,4,4,8600,0.0,0,0
693,390292,2018,3,2,2392,3700.0,0,0
693,390603,2018,2,1,0,0.0,0,0
693,390903,2018,3,0,0,0.0,0,0
693,390621,2018,9,0,0,0.0,0,0
693,390906,2018,11,0,0,0.0,0,0
693,392307,2018,12,0,0,0.0,0,0
694,392297,2018,6,12,27896,41944.0,0,0
694,392298,2018,12,9,16688,25432.0,0,0
694,390299,2018,9,8,12324,25736.0,0,0
694,390298,2018,9,8,13624,25536.0,0,0
694,390899,2018,4,4,8608,12438.0,0,0
694,390662,2018,3,2,2800,6900.0,0,0
694,390903,2018,2,1,1811,2900.0,0,0
694,390903,2018,3,0,0,0.0,0,0
694,392899,2018,9,0,0,0.0,0,0
694,390906,2018,11,0,0,0.0,0,0
694,390907,2018,12,0,0,0.0,0,0
695,392013,2018,6,12,26864,40296.0,0,0
695,390688,2018,10,8,16608,20432.0,0,0
695,390299,2018,9,8,15800,22525.0,0,0
695,390290,2018,0,4,8636,12504.0,0,0
695,390647,2018,4,4,8600,12628.0,0,0
695,390661,2018,3,2,2923,3832.0,0,0
695,390903,2018,2,4,0,0.0,0,0
695,390903,2018,3,0,0,0.0,0,0
695,392823,2018,4,0,0,0.0,0,0
695,390666,2018,9,0,0,0.0,0,0
695,390907,2018,12,0,0,0.0,0,0
696,392945,2018,6,16,18124,25566.0,0,0
696,390606,2018,7,12,18388,28932.0,0,0
696,392897,2018,11,8,15352,20828.0,0,0
696,390298,2018,9,8,13824,20036.0,0,0
696,390601,2018,4,4,8600,10000.0,0,0
696,390802,2018,3,2,2800,4400.0,0,0
696,390297,2018,2,1,0,0.0,0,0
696,390650,2018,3,0,0,0.0,0,0
696,392903,2018,9,0,0,0.0,0,0
696,390906,2018,11,0,0,0.0,0,0
696,392307,2018,12,0,0,0.0,0,0
697,392067,2018,6,12,27864,41296.0,0,0
697,392018,2018,12,12,18378,25432.0,0,0
697,392019,2018,9,8,18344,20766.0,0,0
697,390299,2018,9,2,5524,5736.0,376,0
697,390601,2018,2,6,18600,10000.0,0,0
697,390662,2018,3,2,2800,6900.0,0,0
697,390297,2018,2,0,0,0.0,0,0
697,392019,2018,3,0,0,0.0,0,0
697,390905,2018,9,0,0,0.0,0,0
697,390958,2018,11,0,0,0.0,0,0
697,392299,2018,12,0,0,0.0,0,0
698,392297,2018,6,12,22680,40000.0,0,0
698,392298,2018,12,9,18328,22532.0,0,0
698,392299,2018,9,8,12324,25321.0,0,0
698,390298,2018,9,8,19824,25736.0,0,0
698,390639,2018,4,6,8800,13738.0,0,0
698,390666,2018,3,2,2800,6900.0,0,0
698,390903,2018,2,1,5600,6800.0,0,0
698,392802,2018,3,0,0,0.0,0,0
698,392803,2018,9,0,0,0.0,0,0
698,390906,2018,11,0,0,0.0,0,0
698,392907,2018,12,0,0,0.0,0,0
699,390297,2018,6,20,26840,40260.0,0,0
699,392298,2018,10,8,16628,25932.0,0,0
699,390299,2018,9,4,8384,12906.0,0,0
699,390290,2018,9,2,5684,5936.0,0,0
699,390907,2018,4,4,8800,11438.0,0,0
699,390909,2018,3,2,2632,6900.0,0,0
699,390687,2018,2,1,2381,0.0,0,0
699,390904,2018,8,0,0,0.0,0,0
699,390639,2018,9,0,0,0.0,0,0
699,392209,2018,11,0,0,0.0,0,0
699,390907,2018,12,0,0,0.0,0,0
700,392617,2018,6,20,27820,41260.0,0,0
700,390618,2018,12,15,16288,25962.0,0,0
700,390099,2018,7,8,12324,20821.0,0,0
700,390619,2018,9,4,5324,8936.0,0,0
700,392899,2018,2,0,800,0.0,0,0
700,390662,2018,3,0,0,0.0,0,0
700,390666,2018,5,0,0,0.0,0,0
700,392907,2018,3,0,0,0.0,0,0
700,390668,2018,9,0,0,0.0,0,0
700,390906,2018,11,0,0,0.0,0,0
700,390907,2018,12,0,0,0.0,0,0
701,392297,2018,6,12,12880,15400.0,0,0
701,392298,2018,10,8,18688,25432.0,0,0
701,390299,2018,9,8,11504,25736.0,0,0
701,392299,2018,9,4,8792,20008.0,0,0
701,390902,2018,2,0,600,11488.0,0,0
701,390666,2018,3,0,0,0.0,0,0
701,390903,2018,2,0,0,0.0,0,0
701,390638,2018,6,0,0,0.0,0,0
701,392905,2018,9,0,0,0.0,0,0
701,392006,2018,11,0,0,0.0,0,0
701,392897,2018,12,0,0,0.0,0,0
702,392297,2018,6,12,27876,41764.0,0,0
702,392298,2018,12,9,18388,25472.0,0,0
702,390299,2018,9,8,12992,20528.0,0,0
702,390600,2018,9,4,5524,5536.0,0,0
702,390600,2018,2,4,8348,12612.0,0,0
702,390902,2018,3,2,2324,6900.0,0,0
702,390203,2018,2,1,0,0.0,0,0
702,390903,2018,3,0,0,0.0,0,0
702,390638,2018,9,0,0,0.0,0,0
702,390902,2018,11,0,0,0.0,0,0
702,390607,2018,12,0,0,0.0,0,0
703,392297,2018,6,20,26840,40260.0,0,0
703,392208,2018,12,12,16888,25532.0,0,0
703,390099,2018,9,8,12324,24736.0,0,0
703,390290,2018,9,8,15524,24536.0,0,0
703,390299,2018,4,4,8600,10000.0,0,0
703,390615,2018,3,2,2321,14700.0,0,0
703,390617,2018,2,1,0,0.0,0,0
703,392809,2018,3,0,0,0.0,0,0
703,390637,2018,9,0,0,0.0,0,0
703,390906,2018,11,0,0,0.0,0,0
703,390907,2018,12,0,0,0.0,0,0
704,392297,2018,6,12,22880,44220.0,0,0
704,390908,2018,10,8,18328,25432.0,0,0
704,390299,2018,9,9,12324,20828.0,0,0
704,390619,2018,9,4,8324,25936.0,0,0
704,390661,2018,2,2,8608,14938.0,0,0
704,390696,2018,3,2,2600,0.0,0,0
704,390297,2018,2,1,0,0.0,0,0
704,390604,2018,3,0,0,0.0,0,0
704,390605,2018,9,0,0,0.0,0,0
704,390900,2018,11,0,0,0.0,0,0
704,390907,2018,12,0,0,0.0,0,0
705,392297,2018,6,12,12884,25906.0,0,0
705,390618,2018,7,12,18376,25534.0,0,0
705,392299,2018,9,8,12352,24728.0,0,0
705,392290,2018,9,8,19824,25736.0,0,0
705,390670,2018,2,6,18600,12400.0,0,0
705,390296,2018,3,2,2794,6900.0,0,0
705,390903,2018,2,1,0,0.0,0,0
705,390607,2018,3,0,0,0.0,0,0
705,390633,2018,9,0,0,0.0,0,0
705,390906,2018,11,0,0,0.0,0,0
705,390907,2018,12,0,0,0.0,0,0
706,392297,2018,6,12,21844,47966.0,0,0
706,390298,2018,10,8,16292,22438.0,0,0
706,390299,2018,9,8,17324,25726.0,0,0
706,390900,2018,9,4,5556,13234.0,0,0
706,390901,2018,4,4,8600,10000.0,0,0
706,390602,2018,4,2,4600,6900.0,0,0
706,390903,2018,9,1,1812,6801.0,0,0
706,390636,2018,3,0,0,0.0,0,0
706,390603,2018,9,0,0,0.0,0,0
706,390206,2018,11,0,0,0.0,0,0
706,390907,2018,12,0,0,0.0,0,0
707,392297,2018,6,12,27880,41940.0,0,0
707,390298,2018,12,9,16628,25432.0,0,0
707,390299,2018,4,8,12324,25906.0,0,0
707,390290,2018,9,2,19824,25936.0,0,0
707,392801,2018,2,4,8800,12512.0,0,0
707,390602,2018,3,2,2600,6900.0,0,0
707,390617,2018,2,0,0,0.0,0,0
707,390638,2018,3,0,0,0.0,0,0
707,392903,2018,9,0,0,0.0,0,0
707,390906,2018,11,0,0,0.0,0,0
707,390909,2018,12,0,0,0.0,0,0
708,392017,2018,6,16,12864,18996.0,0,0
708,392818,2018,10,8,18608,24732.0,0,0
708,390299,2018,9,6,12592,20328.0,0,0
708,390662,2018,9,4,8384,20006.0,0,0
708,390601,2018,3,4,8348,10408.0,0,0
708,392299,2018,3,2,2800,6932.0,0,0
708,390617,2018,2,0,0,0.0,0,0
708,390600,2018,8,0,0,0.0,0,0
708,390669,2018,9,0,0,0.0,0,0
708,390638,2018,11,0,0,0.0,0,0
708,392807,2018,12,0,0,0.0,0,0
709,376913,2018,6,16,28144,42266.0,0,0
709,390298,2018,10,8,18618,28922.0,0,0
709,390299,2018,9,8,12952,22528.0,0,0
709,390600,2018,9,4,7324,5536.0,0,0
709,390901,2018,4,4,8600,10000.0,0,0
709,390628,2018,3,2,2600,6932.0,0,0
709,390603,2018,2,1,2384,5800.0,0,0
709,390904,2018,4,0,0,0.0,0,0
709,390907,2018,9,0,0,0.0,0,0
709,392906,2018,11,0,0,0.0,0,0
709,390607,2018,12,0,0,0.0,0,0
710,392297,2018,6,20,27840,41260.0,0,0
710,392298,2018,12,9,13600,25460.0,0,0
710,390909,2018,9,8,12328,25902.0,0,0
710,390299,2018,9,2,8324,5536.0,0,0
710,390301,2018,2,4,8600,12912.0,0,0
710,390901,2018,3,2,2636,3338.0,0,0
710,390697,2018,2,1,2321,5700.0,0,0
710,390667,2018,3,0,0,0.0,0,0
710,390803,2018,9,0,0,0.0,0,0
710,390909,2018,11,0,0,0.0,0,0
710,390905,2018,12,0,0,0.0,0,0
711,390297,2018,6,20,28860,43260.0,0,0
711,390298,2018,12,9,16615,22792.0,0,0
711,390299,2018,7,8,11804,25436.0,0,0
711,390019,2018,9,8,19824,24536.0,0,0
711,390600,2018,4,4,8892,12738.0,0,0
711,390666,2018,9,2,4600,6900.0,0,0
711,390659,2018,2,1,2321,3111.0,0,0
711,392904,2018,3,0,0,0.0,0,0
711,390905,2018,9,0,0,0.0,0,0
711,390908,2018,11,0,0,0.0,0,0
711,392007,2018,12,0,0,0.0,0,0
712,390297,2018,6,20,26840,40260.0,0,0
712,390298,2018,10,8,16218,28262.0,0,0
712,390609,2018,12,8,14324,22906.0,0,0
712,390900,2018,9,4,8324,5536.0,0,0
712,390601,2018,4,6,8600,12518.0,0,0
712,390299,2018,3,2,2292,6900.0,0,0
712,390003,2018,2,0,0,0.0,0,0
712,390668,2018,3,0,0,0.0,0,0
712,392803,2018,9,0,0,0.0,0,0
712,390294,2018,11,0,0,0.0,0,0
712,390907,2018,12,0,0,0.0,0,0
713,392297,2018,6,12,22880,45900.0,0,0
713,390298,2018,12,9,18328,25152.0,0,0
713,390299,2018,9,8,16884,22936.0,0,0
713,390600,2018,9,8,18324,28936.0,0,0
713,390901,2018,2,4,8600,10000.0,0,0
713,390600,2018,3,2,2808,6932.0,0,0
713,390903,2018,2,1,2600,3700.0,0,0
713,390908,2018,3,0,0,0.0,0,0
713,390903,2018,9,0,0,0.0,0,0
713,390906,2018,11,0,0,0.0,0,0
713,390907,2018,12,0,0,0.0,0,0
714,392915,2018,6,16,11864,16596.0,764,122
714,392296,2018,7,12,18388,25432.0,0,0
714,390907,2018,9,8,12324,25906.0,0,0
714,390619,2018,9,4,7324,5536.0,0,0
714,390017,2018,4,4,8600,12638.0,0,0
714,392299,2018,3,2,2600,6900.0,0,0
714,390633,2018,2,1,0,0.0,0,0
714,392808,2018,3,0,0,0.0,0,0
714,390637,2018,9,0,0,0.0,0,0
714,392909,2018,11,0,0,0.0,0,0
714,390907,2018,12,0,0,0.0,0,0
715,390297,2018,6,20,27870,41260.0,0,0
715,390298,2018,12,9,18378,22162.0,0,0
715,390299,2018,9,8,16324,25736.0,0,0
715,390300,2018,9,4,5524,6936.0,0,0
715,390601,2018,2,4,8600,10438.0,0,0
715,390602,2018,3,2,2800,4700.0,0,0
715,390503,2018,2,1,0,0.0,0,0
715,390904,2018,3,0,0,0.0,0,0
715,390665,2018,9,0,0,0.0,0,0
715,390906,2018,11,0,0,0.0,0,0
715,390907,2018,12,0,0,0.0,0,0
716,392267,2018,6,12,10844,25266.0,0,0
716,392018,2018,0,8,18388,25562.0,0,0
716,392299,2018,9,6,12992,25908.0,0,0
716,390900,2018,9,4,5524,5536.0,0,0
716,392901,2018,2,4,8600,12518.0,0,0
716,390662,2018,3,2,2388,6900.0,0,0
716,392307,2018,2,1,0,0.0,0,0
716,390668,2018,3,0,0,0.0,0,0
716,392905,2018,9,0,0,0.0,0,0
716,392906,2018,11,0,0,0.0,0,0
716,390608,2018,12,0,0,0.0,0,0
717,392297,2018,6,20,27840,41260.0,0,0
717,392298,2018,12,9,18128,27152.0,0,0
717,390299,2018,9,8,12392,25792.0,0,0
717,390290,2018,9,2,3600,5530.0,0,0
717,390659,2018,3,4,8600,10000.0,0,0
717,390666,2018,3,2,2212,6900.0,0,0
717,390617,2018,2,0,0,0.0,0,0
717,390638,2018,3,0,0,0.0,0,0
717,390299,2018,9,0,0,0.0,0,0
717,390906,2018,11,0,0,0.0,0,0
717,390907,2018,12,0,0,0.0,0,0
718,392297,2018,6,12,27880,41720.0,0,0
718,392298,2018,10,8,14688,25432.0,0,0
718,390299,2018,11,8,12124,25906.0,0,0
718,390600,2018,9,8,15524,24536.0,0,0
718,390699,2018,2,3,8300,10000.0,0,0
718,390616,2018,3,2,2384,5536.0,0,0
718,390303,2018,2,1,0,0.0,0,0
718,390602,2018,3,0,0,0.0,0,0
718,390903,2018,4,0,0,0.0,0,0
718,390658,2018,9,0,0,0.0,0,0
718,390907,2018,12,0,0,0.0,0,0
719,390297,2018,6,20,26840,40260.0,0,0
719,390298,2018,12,9,18378,22522.0,0,0
719,390299,2018,9,8,12992,24728.0,0,0
719,392800,2018,9,8,19824,29536.0,0,0
719,390900,2018,2,4,8600,12518.0,0,0
719,390662,2018,3,2,2600,6900.0,0,0
719,390303,2018,2,1,0,0.0,0,0
719,392803,2018,4,0,0,0.0,0,0
719,390603,2018,9,0,0,0.0,0,0
719,390906,2018,9,0,0,0.0,0,0
719,390007,2018,12,0,0,0.0,0,0
720,392297,2018,6,20,27840,41260.0,0,0
720,392298,2018,12,9,18378,25412.0,0,0
720,390299,2018,9,8,16324,25736.0,0,0
720,390298,2018,9,8,12796,20036.0,0,0
720,392899,2018,0,4,8600,11438.0,0,0
720,390602,2018,3,2,4600,6800.0,0,0
720,390677,2018,2,1,1881,8800.0,0,0
720,390902,2018,3,0,0,0.0,0,0
720,390669,2018,5,0,0,0.0,0,0
720,390906,2018,9,0,0,0.0,0,0
720,390637,2018,12,0,0,0.0,0,0
721,390297,2018,6,20,26840,40260.0,0,0
721,390298,2018,10,8,16688,25432.0,0,0
721,392299,2018,9,8,15324,22516.0,0,0
721,390900,2018,9,8,19624,28936.0,0,0
721,390601,2018,4,6,15600,10000.0,0,0
721,390602,2018,3,4,2800,6900.0,0,0
721,390903,2018,2,1,2384,8900.0,0,0
721,390603,2018,3,0,0,0.0,0,0
721,390605,2018,9,0,0,0.0,0,0
721,390906,2018,11,0,0,0.0,0,0
721,390907,2018,12,0,0,0.0,0,0
722,392816,2018,7,16,12656,25364.0,0,0
722,392297,2018,6,12,26888,34732.0,0,0
722,390299,2018,9,8,16124,25906.0,0,0
722,390290,2018,8,8,19824,29336.0,0,0
722,390639,2018,2,4,8600,10338.0,0,0
722,390662,2018,3,2,4608,6968.0,0,0
722,390617,2018,2,1,0,0.0,0,0
722,390668,2018,3,0,0,0.0,0,0
722,392899,2018,9,0,0,0.0,0,0
722,390906,2018,11,0,0,0.0,0,0
722,392307,2018,12,0,0,0.0,0,0
723,392297,2018,6,12,27880,41260.0,0,0
723,390918,2018,10,8,16618,24732.0,0,0
723,390299,2018,9,8,12992,20792.0,0,0
723,390900,2018,9,4,5524,5936.0,0,0
723,390601,2018,4,4,8292,12528.0,0,0
723,390617,2018,3,2,2384,6900.0,0,0
723,390603,2018,2,7,12388,6800.0,0,0
723,392898,2018,3,0,0,0.0,0,0
723,390639,2018,9,0,0,0.0,0,0
723,390906,2018,11,0,0,0.0,0,0
723,390607,2018,12,0,0,0.0,0,0
724,390297,2018,6,20,26840,40260.0,0,0
724,390698,2018,10,8,16688,24732.0,0,0
724,392909,2018,9,8,12324,29216.0,0,0
724,390200,2018,9,4,5524,5236.0,0,0
724,390901,2018,4,4,8600,10000.0,0,0
724,390902,2018,3,2,2324,6900.0,0,0
724,390603,2018,2,1,0,0.0,0,0
724,390908,2018,5,0,0,0.0,0,0
724,390633,2018,9,0,0,0.0,0,0
724,390909,2018,11,0,0,0.0,0,0
724,390307,2018,12,0,0,0.0,0,0
725,390297,2018,6,12,27816,41404.0,0,0
725,390918,2018,10,8,18668,25552.0,0,0
725,390299,2018,9,8,12824,27906.0,0,0
725,390900,2018,9,2,5520,24530.0,0,0
725,390639,2018,4,2,8648,12528.0,0,0
725,390899,2018,3,2,2384,6900.0,0,0
725,390903,2018,2,1,0,0.5,0,0
725,390908,2018,3,0,0,0.0,0,0
725,392903,2018,9,0,0,0.0,0,0
725,392866,2018,11,0,0,0.0,0,0
725,392047,2018,12,0,0,0.0,0,0
726,390297,2018,6,20,26840,40260.0,0,0
726,390298,2018,12,9,18328,22732.0,0,0
726,390609,2018,9,8,12892,22908.0,0,0
726,392299,2018,7,8,19824,29516.0,0,0
726,390901,2018,3,8,12600,12638.0,0,0
726,390618,2018,3,2,2636,6576.0,0,0
726,390899,2018,2,0,0,0.0,0,0
726,390668,2018,3,0,0,0.0,0,0
726,390633,2018,9,0,0,0.0,0,0
726,390669,2018,11,0,0,0.0,0,0
726,392905,2018,12,0,0,0.0,0,0
727,390297,2018,6,20,26840,40260.0,0,0
727,390298,2018,12,9,15378,22552.0,0,0
727,390909,2018,9,8,12928,25322.0,0,0
727,390299,2018,9,4,5524,5536.0,0,0
727,390901,2018,4,8,13600,12638.0,0,0
727,390902,2018,3,2,2636,6900.0,0,0
727,390203,2018,2,1,0,0.0,0,0
727,390902,2018,3,0,0,0.0,0,0
727,390645,2018,9,0,0,0.0,0,0
727,390906,2018,11,0,0,0.0,0,0
727,390907,2018,12,0,0,0.0,0,0
728,392297,2018,6,12,27844,41766.0,0,0
728,390298,2018,10,8,18128,25962.0,0,0
728,390299,2018,9,8,18324,25906.0,0,0
728,390600,2018,9,2,9888,12532.0,0,0
728,392901,2018,4,4,8600,10738.0,0,0
728,390602,2018,3,2,2800,6700.0,0,0
728,390633,2018,2,1,0,0.0,0,0
728,390408,2018,3,0,0,0.0,0,0
728,390903,2018,9,0,0,0.0,0,0
728,390906,2018,11,0,0,0.0,0,0
728,390907,2018,12,0,0,0.0,0,0
729,392297,2018,6,12,12880,25520.0,0,0
729,392298,2018,6,8,16688,25432.0,0,0
729,390299,2018,11,8,12124,20826.0,0,0
729,392299,2018,9,4,5384,5736.0,0,0
729,390631,2018,2,6,19600,10000.0,0,0
729,390602,2018,3,4,2800,6900.0,0,0
729,390603,2018,2,1,0,0.0,0,0
729,390409,2018,8,0,0,0.0,0,0
729,390639,2018,9,0,0,0.0,0,0
729,390906,2018,11,0,0,0.0,0,0
729,390907,2018,12,0,0,0.0,0,0
730,392297,2018,6,12,11876,25904.0,0,0
730,390298,2018,6,8,16688,25432.0,0,0
730,390299,2018,9,8,15324,25906.0,0,0
730,390600,2018,9,4,5524,5936.0,0,0
730,390903,2018,4,4,8600,10000.0,0,0
730,390616,2018,3,2,2324,6536.0,0,0
730,390603,2018,2,1,2381,3800.0,0,0
730,390607,2018,3,0,0,0.0,0,0
730,390637,2018,9,0,0,0.0,0,0
730,390498,2018,11,0,0,0.0,0,0
730,390907,2018,12,0,0,0.0,0,0
731,390297,2018,6,20,26840,40260.0,0,0
731,390298,2018,12,9,18328,22532.0,0,0
731,390299,2018,9,8,12804,22736.0,0,0
731,390299,2018,9,4,3724,25936.0,0,0
731,390901,2018,2,1,8600,10000.0,0,0
731,390662,2018,8,2,2800,3338.0,0,0
731,390903,2018,2,1,0,0.0,0,0
731,390636,2018,5,0,0,0.0,0,0
731,392899,2018,9,0,0,0.0,0,0
731,390906,2018,11,0,0,0.0,0,0
731,392899,2018,12,0,0,0.0,0,0
732,392297,2018,6,12,27880,41900.0,0,0
732,392298,2018,12,8,18328,25472.0,0,0
732,390909,2018,9,8,12324,24736.0,0,0
732,390900,2018,9,4,8824,5536.0,0,0
732,390649,2018,3,4,8608,12938.0,0,0
732,390902,2018,3,2,2200,5500.0,0,0
732,390633,2018,2,1,0,0.0,0,0
732,390903,2018,3,0,0,0.0,0,0
732,390637,2018,9,0,0,0.0,0,0
732,390906,2018,11,0,0,0.0,0,0
732,390907,2018,12,0,0,0.0,0,0
733,392297,2018,6,20,27840,41260.0,0,0
733,390618,2018,12,9,16688,25412.0,0,0
733,390669,2018,7,8,12384,25946.0,0,0
733,390290,2018,9,8,15524,25536.0,0,0
733,390601,2018,4,4,8600,12712.0,0,0
733,390290,2018,3,4,2816,6900.0,0,0
733,390603,2018,2,1,0,0.0,0,0
733,390602,2018,3,0,0,0.0,0,0
733,390699,2018,9,0,0,0.0,0,0
733,390668,2018,11,0,0,0.0,0,0
733,392299,2018,12,0,0,0.0,0,0
734,390297,2018,6,20,26840,40260.0,0,0
734,390298,2018,10,8,18378,22512.0,0,0
734,390299,2018,9,8,12324,20836.0,0,0
734,392000,2018,9,4,5324,5516.0,0,0
734,390299,2018,2,0,892,10000.0,0,0
734,390699,2018,3,0,0,0.0,0,0
734,392299,2018,2,0,0,0.0,0,0
734,390902,2018,6,0,0,0.0,0,0
734,392899,2018,9,0,0,0.0,0,0
734,390906,2018,11,0,0,0.0,0,0
734,392907,2018,12,0,0,0.0,0,0
735,392297,2018,6,20,22880,42260.0,0,0
735,390298,2018,12,0,8328,15432.0,0,0
735,392299,2018,9,8,12952,22528.0,0,0
735,390298,2018,9,4,0,29536.0,0,0
735,390299,2018,4,8,19800,14400.0,0,0
735,392902,2018,3,2,2600,0.0,0,0
735,390903,2018,2,0,0,0.0,0,0
735,392307,2018,3,0,0,0.0,0,0
735,392303,2018,9,0,0,0.0,0,0
735,390906,2018,11,0,0,0.0,0,0
735,392907,2018,12,0,0,0.0,0,0
736,392296,2018,7,28,12868,25392.0,0,0
736,390017,2018,8,12,23824,25436.0,0,0
736,392298,2018,11,8,18324,20816.0,0,0
736,390900,2018,9,8,11524,25336.0,0,0
736,390299,2018,4,4,8100,10000.0,0,0
736,390602,2018,3,2,2316,6900.0,0,0
736,390617,2018,2,1,0,0.0,0,0
736,390298,2018,3,0,0,0.0,0,0
736,390637,2018,9,0,0,0.0,0,0
736,390906,2018,11,0,0,0.0,0,0
736,392907,2018,12,0,0,0.0,0,0
737,392297,2018,6,20,26860,40290.0,0,0
737,390298,2018,12,9,11328,26902.0,0,0
737,390299,2018,9,8,19824,24728.0,0,0
737,392290,2018,9,4,8824,25936.0,0,0
737,392299,2018,2,6,13600,14412.0,0,0
737,390202,2018,3,4,2636,14700.0,0,0
737,392903,2018,2,0,0,0.0,0,0
737,390902,2018,3,0,0,0.0,0,0
737,392823,2018,4,0,0,0.0,0,0
737,392906,2018,9,0,0,0.0,0,0
737,390905,2018,12,0,0,0.0,0,0
738,132297,2018,6,20,22840,44260.0,0,0
738,390618,2018,12,9,16688,22512.0,0,0
738,392299,2018,9,8,12324,22326.0,0,0
738,390900,2018,9,4,8324,5536.0,0,0
738,390601,2018,4,4,8600,438.0,0,0
738,390616,2018,3,2,2224,6900.0,0,0
738,390609,2018,2,1,0,0.0,0,0
738,390607,2018,3,0,0,0.0,0,0
738,390621,2018,9,0,0,0.0,0,0
738,392909,2018,10,0,0,0.0,0,0
738,390607,2018,12,0,0,0.0,0,0
739,392297,2018,6,20,27840,41260.0,0,0
739,390298,2018,12,8,16618,25932.0,0,0
739,390619,2018,9,6,19953,25762.0,0,0
739,390299,2018,5,8,19924,25736.0,0,0
739,390903,2018,4,4,8600,20918.0,0,0
739,390602,2018,3,2,2800,6700.0,0,0
739,390897,2018,2,1,0,0.0,0,0
739,390908,2018,4,0,0,0.0,0,0
739,390899,2018,9,0,0,0.0,0,0
739,390906,2018,11,0,0,0.0,0,0
739,390907,2018,12,0,0,0.0,0,0
740,392207,2018,6,16,11844,25566.0,0,0
740,392278,2018,10,8,18370,22536.0,0,0
740,390299,2018,9,8,12952,21328.0,0,0
740,392290,2018,9,4,7600,5530.0,0,0
740,390901,2018,4,4,9600,10000.0,0,0
740,390662,2018,3,2,2600,6900.0,0,0
740,390617,2018,2,1,0,0.0,0,0
740,390298,2018,3,0,0,0.0,0,0
740,392903,2018,5,0,0,0.0,0,0
740,392906,2018,11,0,0,0.0,0,0
740,390907,2018,12,0,0,0.0,0,0
741,392297,2018,6,12,22864,48996.0,0,0
741,392808,2018,10,8,18610,25430.0,0,0
741,390299,2018,9,8,12324,25526.0,0,0
741,390600,2018,9,4,5524,25536.0,0,0
741,390601,2018,2,4,8892,10000.0,0,0
741,392902,2018,3,2,2100,6900.0,0,0
741,392873,2018,2,1,0,0.0,0,0
741,390607,2018,4,0,0,0.0,0,0
741,390619,2018,9,0,0,0.0,0,0
741,392806,2018,11,0,0,0.0,0,0
741,390907,2018,12,0,0,0.0,0,0
742,392297,2018,6,20,26840,40260.0,0,0
742,392298,2018,12,9,14688,25532.0,0,0
742,390299,2018,8,8,12884,26828.0,0,0
742,392803,2018,9,8,15824,25536.0,0,0
742,392619,2018,4,4,8892,12512.0,0,0
742,390902,2018,3,2,6600,6900.0,0,0
742,390603,2018,2,1,0,0.0,0,0
742,390903,2018,5,0,0,30000.0,0,0
742,390667,2018,9,0,0,0.0,0,0
742,390906,2018,11,0,0,0.0,0,0
742,392907,2018,12,0,0,0.0,0,0
743,392297,2018,6,20,27880,41210.0,0,0
743,392298,2018,10,8,16688,22522.0,0,0
743,390499,2018,12,8,12952,25908.0,0,0
743,390940,2018,9,4,5524,5936.0,0,0
743,392801,2018,2,4,8600,10000.0,0,0
743,390662,2018,3,2,2800,3800.0,0,0
743,390297,2018,2,0,0,0.0,0,0
743,390667,2018,3,0,0,0.0,0,0
743,390633,2018,9,0,0,0.0,0,0
743,390906,2018,11,0,0,0.0,0,0
743,390907,2018,12,0,0,0.0,0,0
744,392297,2018,6,12,11884,25526.0,0,0
744,390668,2018,6,8,19888,20822.0,0,0
744,390209,2018,9,8,12300,25322.0,0,0
744,392200,2018,9,4,7600,24500.0,0,0
744,390900,2018,4,4,8600,10000.0,0,0
744,390902,2018,3,2,2892,6900.0,0,0
744,390297,2018,2,1,0,0.0,0,0
744,392903,2018,3,0,0,0.0,0,0
744,390637,2018,9,0,0,0.0,0,0
744,390658,2018,11,0,0,0.0,0,0
744,392807,2018,12,0,0,0.0,0,0
745,389538,2018,8,24,12868,25392.0,0,0
745,389508,2018,7,12,28124,35536.0,0,0
745,390299,2018,8,12,12804,25721.0,0,0
745,390663,2018,9,8,19524,25336.0,0,0
745,390665,2018,2,6,8600,10438.0,0,0
745,390609,2018,3,2,4800,6900.0,0,0
745,390617,2018,2,1,2633,6800.0,0,0
745,390638,2018,3,0,0,0.0,0,0
745,390307,2018,4,0,0,0.0,0,0
745,390606,2018,11,0,0,0.0,0,0
745,392297,2018,12,0,0,0.0,0,0
746,392297,2018,6,20,26840,40260.0,0,0
746,392298,2018,12,9,18388,22432.0,0,0
746,392299,2018,9,8,15324,25906.0,0,0
746,390293,2018,9,2,3624,25536.0,0,0
746,390900,2018,4,4,8600,14918.0,0,0
746,390662,2018,3,2,2635,6900.0,0,0
746,390903,2018,2,1,0,0.0,0,0
746,392308,2018,3,0,0,0.0,0,0
746,392908,2018,9,0,0,0.0,0,0
746,390606,2018,11,0,0,0.0,0,0
746,390907,2018,12,0,0,0.0,0,0
747,392297,2018,6,20,26840,40260.0,0,0
747,390298,2018,12,9,18328,25432.0,0,0
747,392299,2018,9,8,11104,23836.0,0,0
747,390900,2018,9,4,3700,5930.0,0,0
747,390901,2018,4,4,8600,12914.0,0,0
747,392802,2018,8,2,2327,6500.0,0,0
747,390043,2018,2,1,0,0.0,0,0
747,390898,2018,3,0,0,0.0,0,0
747,392899,2018,9,0,0,0.0,0,0
747,390606,2018,11,0,0,0.0,0,0
747,392907,2018,12,0,0,0.0,0,0
748,392297,2018,6,12,27844,41766.0,0,0
748,392808,2018,10,8,18388,25532.0,0,0
748,392299,2018,9,8,12324,20826.0,0,0
748,390900,2018,9,4,5524,5536.0,0,0
748,392302,2018,4,4,8600,11438.0,0,0
748,390802,2018,3,2,2384,6526.0,0,0
748,390617,2018,2,1,2381,5801.0,0,0
748,390668,2018,3,0,0,0.0,0,0
748,392824,2018,9,0,0,0.0,0,0
748,390669,2018,11,0,0,0.0,0,0
748,390907,2018,12,0,0,0.0,0,0
749,392297,2018,6,20,26840,45260.0,0,0
749,390618,2018,10,8,16688,24792.0,0,0
749,390299,2018,9,8,16324,28336.0,0,0
749,392298,2018,9,4,7624,26536.0,0,0
749,390601,2018,4,4,8600,12517.0,0,0
749,390602,2018,8,2,2200,6900.0,0,0
749,390493,2018,2,1,2800,5800.0,0,0
749,390602,2018,3,0,0,0.0,0,0
749,390065,2018,9,0,0,0.0,0,0
749,392306,2018,11,0,0,0.0,0,0
749,392907,2018,12,0,0,0.0,0,0
750,390297,2018,6,20,28830,42200.0,0,0
750,390298,2018,12,9,16688,27932.0,0,0
750,392809,2018,9,8,15880,22900.0,0,0
750,390619,2018,9,8,15523,5536.0,0,0
750,390665,2018,4,4,8600,11468.0,0,0
750,390899,2018,3,9,12800,5900.0,0,0
750,390667,2018,2,1,0,0.0,0,0
750,390908,2018,3,0,0,0.0,0,0
750,390637,2018,9,0,0,0.0,0,0
750,390606,2018,11,0,0,0.0,0,0
750,390607,2018,12,0,0,0.0,0,0
751,392297,2018,6,20,26860,40290.0,0,0
751,390298,2018,12,9,16688,26932.0,0,0
751,392299,2018,11,8,12324,25796.0,0,0
751,392899,2018,9,4,9792,15516.0,0,0
751,390619,2018,6,4,8600,10000.0,0,0
751,390902,2018,3,2,2600,6900.0,0,0
751,390633,2018,2,1,0,0.0,0,0
751,390608,2018,6,0,0,0.0,0,0
751,390667,2018,9,0,0,0.0,0,0
751,390606,2018,11,0,0,0.0,0,0
751,390907,2018,12,0,0,0.0,0,0
752,392915,2018,6,16,19684,25536.0,0,0
752,392296,2018,0,8,16888,22532.0,0,0
752,390617,2018,8,12,12984,20826.0,0,0
752,392299,2018,9,8,18324,25336.0,0,0
752,390669,2018,4,4,8600,20000.0,0,0
752,390666,2018,8,2,4600,6900.0,0,0
752,390903,2018,2,1,2811,5800.0,0,0
752,390638,2018,3,0,0,0.0,356,0
752,392299,2018,4,0,0,0.0,0,0
752,390906,2018,9,0,0,0.0,0,0
752,390907,2018,12,0,0,0.0,0,0
753,392297,2018,6,12,17844,25266.0,0,0
753,392298,2018,3,8,18388,25432.0,0,0
753,390619,2018,11,8,14292,20828.0,0,0
753,390299,2018,9,8,17320,25536.0,0,0
753,390633,2018,2,4,8600,14738.0,0,0
753,390602,2018,3,2,2600,6900.0,0,0
753,390897,2018,2,0,0,0.0,0,0
753,390617,2018,3,0,0,0.0,0,0
753,390637,2018,4,0,0,0.0,0,0
753,390669,2018,11,0,0,0.0,0,0
753,390907,2018,12,0,0,0.0,0,0
754,392297,2018,6,12,22840,43160.0,0,0
754,390298,2018,12,8,16688,24732.0,0,0
754,392909,2018,9,8,16124,25906.0,0,0
754,390293,2018,9,4,5524,25536.0,0,0
754,390635,2018,4,4,8600,14938.0,0,0
754,390662,2018,3,2,2688,3336.0,0,0
754,390297,2018,2,1,0,0.0,0,0
754,390668,2018,3,0,0,0.0,0,0
754,390637,2018,9,0,0,0.0,0,0
754,390607,2018,11,0,0,0.0,0,0
754,390297,2018,12,0,0,0.0,0,0
755,392297,2018,6,12,12824,25596.0,0,0
755,392298,2018,8,8,18388,25432.0,0,0
755,390299,2018,9,8,12804,24216.0,0,0
755,390900,2018,10,4,7224,15936.0,376,0
755,390661,2018,4,4,8343,6512.0,0,0
755,392822,2018,3,2,2800,6700.0,0,0
755,390297,2018,2,1,0,0.0,0,0
755,390602,2018,3,0,0,0.0,0,0
755,392823,2018,9,0,0,0.0,0,0
755,390906,2018,11,0,0,0.0,0,0
755,392907,2018,12,0,0,0.0,0,0
756,392915,2018,6,16,12864,25596.0,0,0
756,392816,2018,7,12,28436,32434.0,0,0
756,390297,2018,8,8,16604,25726.0,0,0
756,390600,2018,9,8,15508,20006.0,0,0
756,390299,2018,4,6,11892,10738.0,0,0
756,390902,2018,3,4,2600,3300.0,0,0
756,392303,2018,2,1,0,0.0,0,0
756,390908,2018,3,0,0,0.0,0,0
756,390627,2018,9,0,0,0.0,0,0
756,390906,2018,11,0,0,0.0,0,0
756,392897,2018,12,0,0,0.0,0,0
757,392297,2018,6,20,22840,40260.0,0,0
757,392098,2018,12,12,18128,25932.0,0,0
757,390299,2018,9,8,12392,25908.0,0,0
757,392299,2018,9,8,19824,24518.0,0,0
757,392899,2018,4,4,8892,13338.0,0,0
757,390662,2018,3,2,2800,4700.0,0,0
757,390903,2018,2,1,0,0.0,0,0
757,390668,2018,3,0,0,0.0,0,0
757,390553,2018,4,0,0,0.0,0,0
757,390306,2018,11,0,0,0.0,0,0
757,392907,2018,12,0,0,0.0,0,0
758,392297,2018,6,12,26896,40264.0,0,0
758,392298,2018,10,8,18688,22152.0,0,0
758,390809,2018,9,6,12808,20822.0,0,0
758,390619,2018,9,8,15524,20006.0,0,0
758,390299,2018,4,4,8600,12512.0,0,0
758,390602,2018,3,2,2800,6936.0,0,0
758,390903,2018,2,1,0,0.0,0,0
758,392898,2018,3,0,0,0.0,0,0
758,390823,2018,9,0,0,0.0,0,0
758,392906,2018,11,0,0,0.0,0,0
758,390907,2018,12,0,0,0.0,0,0
759,392297,2018,6,20,27840,41260.0,0,0
759,390298,2018,12,9,18328,25862.0,0,0
759,392299,2018,9,8,16104,24716.0,0,0
759,390290,2018,9,2,5524,5516.0,0,0
759,390601,2018,2,4,8600,24438.0,0,0
759,390602,2018,3,2,2800,6900.0,0,0
759,390297,2018,2,1,0,0.0,0,0
759,390903,2018,6,0,0,0.0,0,0
759,390633,2018,9,0,0,0.0,0,0
759,390906,2018,11,0,0,0.0,0,0
759,392907,2018,12,0,0,0.0,0,0
760,392915,2018,6,16,12864,25396.0,0,0
760,390616,2018,7,20,15428,25932.0,0,0
760,392297,2018,9,8,16804,20826.0,0,0
760,392298,2018,9,4,5524,5536.0,0,0
760,390619,2018,2,4,8600,0.0,0,0
760,390647,2018,3,0,0,0.0,0,0
760,392297,2018,2,0,0,0.0,0,0
760,390298,2018,5,0,0,0.0,0,0
760,392907,2018,9,0,0,0.0,0,0
760,390906,2018,11,0,0,0.0,0,0
760,390907,2018,12,0,0,0.0,0,0
761,392297,2018,6,20,27840,41960.0,0,0
761,390298,2018,12,9,16618,22562.0,0,0
761,392299,2018,9,8,12124,25728.0,0,0
761,390299,2018,9,8,15524,29536.0,0,0
761,390901,2018,0,4,8600,6518.0,0,0
761,390902,2018,3,2,2600,6800.0,0,0
761,390047,2018,2,1,0,0.0,0,0
761,390668,2018,3,0,0,0.0,0,0
761,392299,2018,9,0,0,0.0,0,0
761,390906,2018,11,0,0,0.0,0,0
761,390607,2018,12,0,0,0.0,0,0
762,392297,2018,6,12,27884,41266.0,0,0
762,390908,2018,10,8,18328,25932.0,0,0
762,390909,2018,9,6,9800,10825.0,0,0
762,390299,2018,9,4,8324,15536.0,0,0
762,390661,2018,4,4,8600,11400.0,0,0
762,390602,2018,3,2,2324,3700.0,0,0
762,390903,2018,2,1,0,0.0,0,0
762,390638,2018,3,0,0,0.0,0,0
762,390631,2018,9,0,0,0.0,0,0
762,390666,2018,11,0,0,0.0,0,0
762,390907,2018,12,0,0,0.0,0,0
763,392297,2018,6,12,27880,41420.0,0,0
763,392298,2018,12,8,16688,25432.0,0,0
763,390299,2018,9,8,12321,12522.0,0,0
763,390299,2018,5,2,8824,25536.0,0,0
763,390601,2018,4,4,8600,10000.0,0,0
763,390602,2018,3,2,2800,6900.0,0,0
763,390603,2018,2,0,0,0.0,0,0
763,390619,2018,3,0,0,0.0,0,0
763,390903,2018,9,0,0,0.0,0,0
763,390906,2018,11,0,0,0.0,0,0
763,390907,2018,12,0,0,0.0,0,0
764,392297,2018,6,12,22880,43260.0,0,0
764,392298,2018,12,9,18718,25432.0,0,0
764,390909,2018,9,8,12324,22522.0,0,0
764,390299,2018,9,4,9824,6536.0,0,0
764,390633,2018,4,6,15600,10000.0,0,0
764,390662,2018,8,2,0,0.0,0,0
764,390903,2018,2,1,1,0.0,0,0
764,390667,2018,5,0,0,0.0,0,0
764,392899,2018,9,0,0,0.0,0,0
764,392906,2018,11,0,0,0.0,0,0
764,390907,2018,12,0,0,0.0,0,0
765,392297,2018,6,20,27840,41260.0,0,0
765,390298,2018,12,9,16688,25932.0,0,0
765,390902,2018,8,8,18324,24526.0,0,0
765,390662,2018,9,4,7324,5536.0,0,0
765,390601,2018,0,4,8392,12938.0,0,0
765,390899,2018,3,2,2632,6900.0,0,0
765,390903,2018,2,1,0,0.5,0,0
765,390638,2018,6,0,0,0.0,0,0
765,390903,2018,9,0,0,0.0,0,0
765,390906,2018,11,0,0,0.0,0,0
765,390907,2018,12,0,0,0.0,0,0
766,392297,2018,6,20,27880,41260.0,0,0
766,392298,2018,12,9,16688,25152.0,0,0
766,392299,2018,9,8,12324,25516.0,0,0
766,392299,2018,9,4,5324,15536.0,0,0
766,390601,2018,0,4,8800,12511.0,0,0
766,392802,2018,8,2,2636,6900.0,0,0
766,390603,2018,2,1,0,0.0,0,0
766,392903,2018,3,0,0,0.0,0,0
766,392303,2018,9,0,0,0.0,0,0
766,392306,2018,11,0,0,0.0,0,0
766,390607,2018,12,0,0,0.0,0,0
767,390297,2018,6,20,26840,40260.0,0,0
767,392298,2018,12,9,18618,22942.0,0,0
767,390299,2018,9,8,14284,25406.0,0,0
767,390290,2018,9,8,18320,29930.0,0,0
767,392801,2018,4,4,8600,12500.0,0,0
767,390642,2018,3,2,2800,6900.0,0,0
767,390603,2018,2,1,2368,5900.0,0,0
767,390903,2018,3,0,0,0.0,0,0
767,392299,2018,9,0,0,0.0,0,0
767,390906,2018,11,0,0,0.0,0,0
767,390499,2018,12,0,0,0.0,0,0
768,392816,2018,7,16,12684,25326.0,0,0
768,392297,2018,6,8,18348,29862.0,0,0
768,390299,2018,11,8,16604,22536.0,0,0
768,390600,2018,9,8,18320,25530.0,0,0
768,392801,2018,4,6,13600,10000.0,0,0
768,390902,2018,3,2,2324,6900.0,0,0
768,392303,2018,2,2,0,0.0,0,0
768,390667,2018,3,0,0,0.0,0,0
768,392299,2018,9,0,0,0.0,0,0
768,390669,2018,11,0,0,0.0,0,0
768,390297,2018,12,0,0,0.0,0,0
769,392297,2018,6,20,27840,41260.0,0,0
769,392918,2018,12,9,15128,25152.0,0,0
769,392809,2018,9,8,15504,25728.0,0,0
769,392900,2018,9,4,5527,5536.0,0,0
769,390669,2018,3,4,8600,12512.0,0,0
769,390902,2018,3,2,2800,6500.0,0,0
769,390903,2018,2,1,2356,6800.0,0,0
769,390667,2018,3,0,0,0.0,0,0
769,392821,2018,9,0,0,0.0,0,0
769,390606,2018,11,0,0,0.0,0,0
769,392907,2018,12,0,0,0.0,0,0
770,392297,2018,6,20,26880,40260.0,0,0
770,392898,2018,12,8,16688,25912.0,0,0
770,392299,2018,9,8,18324,24736.0,0,0
770,390298,2018,9,4,8324,5936.0,0,0
770,390631,2018,3,4,8600,10000.0,0,0
770,390902,2018,3,2,2600,6900.0,0,0
770,132303,2018,2,1,0,0.0,0,0
770,390607,2018,4,0,0,0.0,0,0
770,390903,2018,9,0,0,0.0,0,0
770,390906,2018,11,0,0,0.0,0,0
770,390907,2018,12,0,0,0.0,0,0
771,392297,2018,6,20,22680,42900.0,0,0
771,390298,2018,12,12,16688,22432.0,0,0
771,390299,2018,9,8,12124,25906.0,0,0
771,390919,2018,9,2,8324,25936.0,0,0
771,390299,2018,4,4,8800,12538.0,0,0
771,390862,2018,3,2,2292,6900.0,0,0
771,390603,2018,2,0,0,0.0,0,0
771,390602,2018,3,0,0,0.0,0,0
771,390633,2018,9,0,0,0.0,0,0
771,390906,2018,11,0,0,0.0,0,0
771,390907,2018,12,0,0,0.0,0,0
772,392485,2018,12,12,13664,15396.0,0,0
772,392296,2018,7,8,15688,25432.0,0,0
772,390297,2018,9,6,18324,20736.0,0,0
772,390600,2018,9,8,18324,20036.0,0,0
772,390301,2018,2,4,8300,12938.0,0,0
772,390662,2018,8,0,0,0.0,0,0
772,390297,2018,2,0,0,0.0,0,0
772,390908,2018,3,0,0,0.0,0,0
772,390803,2018,9,0,0,0.0,0,0
772,390906,2018,11,0,0,0.0,0,0
772,390907,2018,12,0,0,0.0,0,0
773,392297,2018,6,12,22840,43260.0,0,0
773,390298,2018,12,9,18388,22532.0,0,0
773,390299,2018,9,8,12992,24738.0,0,0
773,390669,2018,9,8,12724,20006.0,0,0
773,390601,2018,1,4,8600,12431.0,0,0
773,390612,2018,9,2,2632,6900.0,0,0
773,390903,2018,2,1,2323,6800.0,0,0
773,390208,2018,4,0,0,0.0,0,0
773,390905,2018,9,0,0,0.0,0,0
773,390669,2018,11,0,0,0.0,0,0
773,390907,2018,12,0,0,0.0,0,0
774,392297,2018,6,20,27860,41290.0,0,0
774,390298,2018,12,9,16688,22762.0,0,0
774,390299,2018,9,8,12324,25828.0,0,0
774,390900,2018,9,4,5320,25510.0,0,0
774,390299,2018,4,4,8600,12538.0,0,0
774,390621,2018,3,2,4600,6900.0,0,0
774,392903,2018,2,0,0,0.0,0,0
774,390667,2018,4,0,0,0.0,0,0
774,390905,2018,9,0,0,0.0,0,0
774,392906,2018,11,0,0,0.0,0,0
774,390908,2018,12,0,0,0.0,0,0
775,392017,2018,6,12,27864,41796.0,0,0
775,390208,2018,10,8,18388,25432.0,0,0
775,390299,2018,9,8,18324,25526.0,0,0
775,390299,2018,9,2,9888,25332.0,0,0
775,390600,2018,4,4,8600,10000.0,0,0
775,390297,2018,3,2,2536,6900.0,0,0
775,390903,2018,2,1,5368,3300.0,0,0
775,390603,2018,2,0,0,0.0,0,0
775,390637,2018,4,0,0,0.0,0,0
775,390906,2018,11,0,0,0.0,0,0
775,390507,2018,12,0,0,0.0,0,0
776,392297,2018,6,12,21864,41796.0,0,0
776,392298,2018,12,9,18376,22574.0,0,0
776,392299,2018,9,8,12992,20808.0,0,0
776,390619,2018,9,2,8600,5530.0,0,0
776,390665,2018,4,4,8600,12912.0,0,0
776,390621,2018,3,2,2800,0.0,0,0
776,390303,2018,2,0,0,0.0,0,0
776,390667,2018,6,0,0,0.0,0,0
776,390299,2018,9,0,0,0.0,0,0
776,392309,2018,11,0,0,0.0,0,0
776,390907,2018,12,0,0,0.0,0,0
777,392295,2018,6,12,12880,15260.0,0,0
777,392296,2018,7,8,18128,25932.0,0,0
777,390297,2018,11,8,12324,25906.0,0,0
777,390298,2018,9,4,5524,5536.0,0,0
777,392299,2018,6,4,8600,0.0,0,0
777,390602,2018,3,2,8816,3338.0,0,0
777,392897,2018,2,1,0,0.5,0,0
777,392904,2018,3,0,0,0.0,0,0
777,392905,2018,9,0,0,0.0,0,0
777,390902,2018,11,0,0,0.0,0,0
777,392807,2018,12,0,0,0.0,0,0
778,392816,2018,7,28,12656,25364.0,0,0
778,392297,2018,6,8,16688,25432.0,0,0
778,392298,2018,11,6,12224,25406.0,0,0
778,392943,2018,8,4,3324,5736.0,0,0
778,390641,2018,4,4,8600,6938.0,0,0
778,390602,2018,3,2,2324,3338.0,0,0
778,390903,2018,2,1,2310,5400.0,0,0
778,390603,2018,3,0,0,0.0,0,0
778,392299,2018,4,0,0,0.0,0,0
778,392906,2018,9,0,0,0.0,0,0
778,392897,2018,12,0,0,0.0,0,0
779,392297,2018,6,12,21880,43260.0,0,0
779,392298,2018,10,8,16688,25432.0,0,0
779,390099,2018,9,8,14604,20736.0,0,0
779,392900,2018,9,8,19324,25536.0,0,0
779,390601,2018,4,4,8892,12938.0,0,0
779,390902,2018,3,2,9800,6900.0,0,0
779,390617,2018,2,1,0,0.0,0,0
779,390638,2018,8,0,0,0.0,0,0
779,390903,2018,9,0,0,0.0,0,0
779,390906,2018,11,0,0,0.0,0,0
779,392307,2018,12,0,0,0.0,0,0
780,392297,2018,6,20,26840,40260.0,0,0
780,390908,2018,12,9,11288,22562.0,0,0
780,390299,2018,9,8,12524,22326.0,0,0
780,390900,2018,9,2,19794,28216.0,0,0
780,390941,2018,4,4,8600,20000.0,0,0
780,390499,2018,3,2,2324,6900.0,0,0
780,390297,2018,2,1,2321,5151.0,0,0
780,392308,2018,6,0,0,0.0,0,0
780,390905,2018,9,0,0,0.0,0,0
780,390647,2018,11,0,0,0.0,0,0
780,390607,2018,12,0,0,0.0,0,0
781,132297,2018,6,20,27840,41260.0,0,0
781,132298,2018,12,12,16613,25432.0,0,0
781,132299,2018,10,8,16212,25908.0,0,0
781,390299,2018,9,4,8324,24736.0,0,0
781,390299,2018,4,4,8600,10000.0,0,0
781,390602,2018,3,2,2800,6900.0,0,0
781,390617,2018,0,1,0,0.0,0,0
781,390668,2018,3,0,0,0.0,0,0
781,392903,2018,9,0,0,0.0,0,0
781,390636,2018,11,0,0,0.0,0,0
781,390907,2018,12,0,0,0.0,0,0
782,392297,2018,6,12,27880,41720.0,0,0
782,390298,2018,12,8,16618,25762.0,0,0
782,390299,2018,7,8,11524,24906.0,0,0
782,390900,2018,9,4,5524,24536.0,0,0
782,390601,2018,2,0,600,13338.0,0,0
782,390667,2018,3,0,0,0.0,0,0
782,390903,2018,2,0,0,0.0,0,0
782,390668,2018,3,0,0,0.0,0,0
782,390905,2018,9,0,0,0.0,0,0
782,390959,2018,11,0,0,0.0,0,0
782,390907,2018,12,0,0,0.0,0,0
783,392297,2018,6,20,26840,40260.0,0,0
783,390298,2018,12,9,16688,25532.0,0,0
783,390609,2018,9,8,12824,22906.0,0,0
783,392800,2018,9,4,5524,5936.0,0,0
783,392899,2018,4,6,11800,14418.0,0,0
783,390602,2018,3,2,2600,4700.0,0,0
783,390617,2018,2,0,0,0.0,0,0
783,392303,2018,3,0,0,0.0,0,0
783,390305,2018,9,0,0,0.0,0,0
783,390969,2018,11,0,0,0.0,0,0
783,392907,2018,12,0,0,0.0,0,0
784,392915,2018,6,16,17896,25564.0,0,0
784,392916,2018,7,12,15428,25432.0,0,0
784,390947,2018,9,8,16800,20225.0,0,0
784,392299,2018,9,4,8324,5936.0,0,0
784,392900,2018,4,4,8600,12512.0,0,0
784,392299,2018,3,2,2347,3700.0,0,0
784,392897,2018,2,1,0,0.0,0,0
784,390907,2018,3,0,0,0.0,0,0
784,392823,2018,9,0,0,0.0,0,0
784,390906,2018,11,0,0,0.0,0,0
784,392899,2018,12,0,0,0.0,0,0
785,392297,2018,6,20,26840,40260.0,0,0
785,390298,2018,10,8,16128,22732.0,0,0
785,390299,2018,9,8,12992,24728.0,0,0
785,390299,2018,9,4,8894,29336.0,0,0
785,392299,2018,2,4,8600,14400.0,0,0
785,390602,2018,3,2,2321,6900.0,0,0
785,390903,2018,2,1,2321,6800.0,0,0
785,390903,2018,7,0,0,0.0,0,0
785,390905,2018,9,0,0,0.0,0,0
785,390609,2018,11,0,0,0.0,0,0
785,390907,2018,12,0,0,0.0,0,0
786,392297,2018,6,12,27880,41720.0,0,0
786,390298,2018,12,9,18124,25936.0,0,0
786,390299,2018,9,8,15608,24722.0,0,0
786,390299,2018,9,8,19824,29836.0,0,0
786,390299,2018,4,4,8800,14212.0,0,0
786,390899,2018,3,2,2516,10000.0,0,0
786,390619,2018,5,2,5400,2700.0,0,0
786,390598,2018,3,0,0,0.0,0,0
786,390905,2018,9,0,0,0.0,0,0
786,390900,2018,11,0,0,0.0,0,0
786,390299,2018,12,0,0,0.0,0,0
787,392649,2018,5,12,22868,34792.0,0,0
787,390610,2018,6,12,28124,34736.0,0,0
787,392291,2018,11,8,16601,22327.0,0,0
787,392899,2018,9,8,13624,25736.0,0,0
787,390609,2018,2,4,8100,10000.0,0,0
787,390610,2018,3,2,2324,6900.0,0,0
787,390897,2018,2,0,0,0.0,0,0
787,390638,2018,4,0,0,0.0,0,0
787,392857,2018,9,0,0,0.0,0,0
787,390906,2018,11,0,0,0.0,0,0
787,392907,2018,12,0,0,0.0,0,0
788,390297,2018,6,20,26840,40260.0,0,0
788,390298,2018,12,8,12638,24732.0,0,0
788,390909,2018,9,8,12324,26906.0,0,0
788,390200,2018,9,4,8324,28216.0,0,0
788,390601,2018,4,6,8600,12518.0,0,0
788,390902,2018,3,2,2800,3948.0,0,0
788,390903,2018,2,1,0,0.0,0,0
788,390902,2018,2,0,0,0.0,0,0
788,390669,2018,9,0,0,0.0,0,0
788,390906,2018,11,0,0,0.0,0,0
788,390607,2018,12,0,0,0.0,0,0
789,392297,2018,6,20,27840,41260.0,0,0
789,392298,2018,10,8,16808,25412.0,0,0
789,390909,2018,9,8,15324,25826.0,0,0
789,390600,2018,9,8,12324,25576.0,0,0
789,390901,2018,4,4,8600,12400.0,0,0
789,390602,2018,3,2,2321,6932.0,0,0
789,390303,2018,2,1,2391,5901.0,0,0
789,392903,2018,3,0,0,0.0,0,0
789,390605,2018,9,0,0,0.0,0,0
789,392902,2018,11,0,0,0.0,0,0
789,392907,2018,12,0,0,0.0,0,0
790,392017,2018,6,16,27884,41726.0,0,0
790,390298,2018,12,8,18688,25432.0,0,0
790,390299,2018,9,8,16374,29526.0,0,0
790,390200,2018,9,4,8320,20000.0,0,0
790,390601,2018,4,4,8800,10518.0,0,0
790,390299,2018,7,2,2800,3332.0,0,0
790,390903,2018,2,0,0,0.0,0,0
790,390617,2018,3,0,0,0.0,0,0
790,390903,2018,9,0,0,0.0,0,0
790,390906,2018,11,0,0,0.0,0,0
790,390907,2018,12,0,0,0.0,0,0
791,390297,2018,6,20,26840,40260.0,0,0
791,392298,2018,12,9,16688,25532.0,0,0
791,390299,2018,9,8,12324,25426.0,0,0
791,390290,2018,9,4,5700,25930.0,0,0
791,390602,2018,4,6,13600,12938.0,0,0
791,390662,2018,3,2,2600,700.0,0,0
791,390617,2018,2,0,0,0.0,0,0
791,392608,2018,3,0,0,0.0,0,0
791,390633,2018,9,0,0,0.0,0,0
791,390606,2018,11,0,0,0.0,0,0
791,390607,2018,12,0,0,0.0,0,0
792,392297,2018,6,12,27892,41768.0,0,0
792,392298,2018,12,8,16688,25432.0,0,0
792,390299,2018,9,8,12324,22406.0,0,0
792,390299,2018,9,4,8320,25500.0,0,0
792,390631,2018,2,6,8800,12538.0,0,0
792,390899,2018,3,2,2800,5738.0,0,0
792,390613,2018,5,1,0,0.0,0,0
792,390903,2018,3,0,0,0.0,0,0
792,390618,2018,9,0,0,0.0,0,0
792,390699,2018,11,0,0,0.0,0,0
792,392907,2018,12,0,0,0.0,0,0
793,390297,2018,6,20,26860,40290.0,0,0
793,390908,2018,12,12,16888,25532.0,0,0
793,390909,2018,9,8,12324,25906.0,0,0
793,390299,2018,9,8,18324,25536.0,0,0
793,390902,2018,6,4,8342,12918.0,0,0
793,390669,2018,8,2,2800,6500.0,0,0
793,390047,2018,2,1,0,0.0,0,0
793,390897,2018,9,0,0,0.0,0,0
793,390628,2018,4,0,0,0.0,0,0
793,390658,2018,11,0,0,0.0,0,0
793,390907,2018,12,0,0,0.0,0,0
794,392297,2018,6,12,12880,15400.0,0,0
794,390618,2018,12,8,12688,25962.0,0,0
794,390909,2018,4,8,12812,25408.0,0,0
794,392290,2018,8,4,5524,25236.0,0,0
794,390601,2018,9,4,9600,12638.0,0,0
794,392802,2018,3,2,2800,6938.0,0,0
794,390633,2018,2,1,0,0.0,0,0
794,390908,2018,3,0,0,0.0,0,0
794,392899,2018,9,0,0,0.0,0,0
794,392909,2018,11,0,0,0.0,0,0
794,390907,2018,12,0,0,0.0,0,0
795,392297,2018,6,12,22680,45900.0,0,0
795,390298,2018,12,8,14688,25432.0,0,0
795,390299,2018,4,8,10804,25906.0,0,0
795,390290,2018,9,4,8524,25336.0,0,0
795,390601,2018,4,4,8600,10000.0,0,0
795,390299,2018,3,2,2384,5562.0,0,0
795,390903,2018,2,1,0,0.0,0,0
795,390607,2018,3,0,0,0.0,0,0
795,390805,2018,9,0,0,0.0,0,0
795,390606,2018,11,0,0,0.0,0,0
795,392907,2018,12,0,0,0.0,0,0
796,389560,2018,8,20,12860,17590.0,0,0
796,388631,2018,6,16,16288,25412.0,0,0
796,382299,2018,12,12,12224,25736.0,0,0
796,392298,2018,9,4,8324,20006.0,0,0
796,390619,2018,4,6,13600,14738.0,0,0
796,390666,2018,3,2,6600,6900.0,0,0
796,390903,2018,2,1,0,0.0,0,0
796,390302,2018,6,0,0,0.0,0,0
796,390637,2018,9,0,0,0.0,0,0
796,390906,2018,11,0,0,0.0,0,0
796,392899,2018,12,0,0,0.0,0,0
797,392017,2018,6,20,28840,42260.0,0,0
797,392298,2018,12,12,18888,28932.0,0,0
797,392299,2018,11,8,14104,20736.0,0,0
797,392290,2018,9,4,7636,15736.0,0,0
797,390903,2018,2,8,12600,10438.0,0,0
797,390602,2018,3,2,2600,6900.0,0,0
797,390619,2018,2,1,0,0.0,0,0
797,392297,2018,3,0,0,0.0,0,0
797,390638,2018,9,0,0,0.0,0,0
797,392906,2018,11,0,0,0.0,0,0
797,390907,2018,12,0,0,0.0,0,0
798,392297,2018,6,12,27876,41964.0,0,0
798,390298,2018,10,8,16688,25732.0,0,0
798,390299,2018,4,8,11804,20726.0,0,0
798,390290,2018,3,2,5324,5536.0,0,0
798,390900,2018,2,4,8600,12428.0,0,0
798,390617,2018,3,2,4600,6900.0,0,0
798,390617,2018,2,1,1813,6800.0,0,0
798,390908,2018,3,0,0,0.0,0,0
798,390669,2018,9,0,0,0.0,0,0
798,392809,2018,11,0,0,0.0,0,0
798,392907,2018,12,0,0,0.0,0,0
799,390297,2018,6,12,27876,41744.0,0,0
799,390618,2018,12,8,16988,22522.0,0,0
799,392299,2018,7,8,12804,24526.0,0,0
799,392299,2018,9,4,5524,25536.0,0,0
799,390901,2018,4,4,8300,12658.0,0,0
799,390662,2018,3,2,2813,3700.0,0,0
799,390663,2018,2,0,0,0.0,0,0
799,390504,2018,3,0,0,0.0,0,0
799,392899,2018,9,0,0,0.0,0,0
799,390606,2018,11,0,0,0.0,0,0
799,392907,2018,12,0,0,0.0,0,0
800,392297,2018,6,12,27844,41716.0,0,0
800,392918,2018,10,8,18378,25432.0,0,0
800,392299,2018,8,6,16211,25908.0,0,0
800,390299,2018,9,4,3600,5530.0,0,0
800,392801,2018,4,4,8800,14468.0,0,0
800,392296,2018,3,2,2312,4700.0,0,0
800,390903,2018,2,1,0,0.5,0,0
800,392904,2018,3,0,0,0.0,0,0
800,392905,2018,9,0,0,0.0,0,0
800,390906,2018,11,0,0,0.0,0,0
800,392097,2018,12,0,0,0.0,0,0
801,392297,2018,6,20,27870,41900.0,0,0
801,390908,2018,12,8,16618,25902.0,0,0
801,390299,2018,9,8,12884,23128.0,0,0
801,390900,2018,9,4,8324,29536.0,0,0
801,390901,2018,2,4,8348,17918.0,0,0
801,390602,2018,3,2,2324,6506.0,0,0
801,392299,2018,2,1,0,0.0,0,0
801,390908,2018,6,0,0,0.0,0,0
801,390905,2018,9,0,0,0.0,0,0
801,390906,2018,11,0,0,0.0,0,0
801,392907,2018,12,0,0,0.0,0,0
802,392297,2018,6,12,22844,42266.0,0,0
802,392298,2018,10,8,18376,22534.0,0,0
802,390609,2018,9,8,15604,25756.0,0,0
802,390299,2018,9,8,15584,20036.0,0,0
802,390901,2018,2,4,8348,12422.0,0,0
802,392302,2018,3,2,2600,6932.0,0,0
802,392867,2018,2,1,0,0.0,0,0
802,392308,2018,4,0,0,0.0,0,0
802,390603,2018,9,0,0,0.0,0,0
802,390636,2018,11,0,0,0.0,0,0
802,392907,2018,12,0,0,0.0,0,0
803,392297,2018,6,20,27840,41900.0,0,0
803,390298,2018,12,9,14615,28962.5,0,0
803,390299,2018,9,8,19124,22536.0,0,0
803,390600,2018,9,4,5520,5536.0,0,0
803,390901,2018,4,4,8600,12638.0,0,0
803,390698,2018,3,2,2812,6900.0,0,0
803,390907,2018,2,1,0,0.0,0,0
803,390903,2018,3,0,0,0.0,0,0
803,390633,2018,9,0,0,0.0,0,0
803,390906,2018,11,0,0,0.0,0,0
803,392297,2018,12,0,0,0.0,0,0
804,392297,2018,6,20,28840,40260.0,0,0
804,392298,2018,12,8,18288,25432.0,0,0
804,390299,2018,11,8,12804,24796.0,0,0
804,390900,2018,2,4,8384,5536.0,0,0
804,392801,2018,2,9,11800,10000.0,0,0
804,390632,2018,3,0,0,0.0,0,0
804,390903,2018,2,0,0,0.0,0,0
804,390667,2018,3,0,0,0.0,0,0
804,392823,2018,9,0,0,0.0,0,0
804,390906,2018,11,0,0,0.0,0,0
804,392897,2018,12,0,0,0.0,0,0
805,390297,2018,6,20,29840,45260.0,0,0
805,390698,2018,12,8,18128,22512.0,0,0
805,390639,2018,9,8,12992,22908.0,0,0
805,390290,2018,9,8,19824,29336.0,0,0
805,390600,2018,4,4,8600,12638.0,0,0
805,390641,2018,3,4,2312,6800.0,0,29
805,390602,2018,2,1,0,0.5,0,0
805,390898,2018,6,0,0,0.0,0,0
805,392905,2018,9,0,0,0.0,0,0
805,390906,2018,11,0,0,0.0,0,0
805,390907,2018,10,0,0,0.0,0,0
806,392297,2018,6,20,26840,40260.0,0,0
806,390298,2018,12,12,16228,22562.0,0,0
806,390299,2018,4,8,18324,25906.0,0,0
806,390600,2018,9,8,11792,24538.0,0,0
806,390601,2018,4,4,8600,14538.0,0,0
806,390602,2018,3,2,2324,6900.0,0,0
806,390613,2018,2,1,2381,6800.0,0,0
806,390649,2018,3,0,0,0.0,0,0
806,390633,2018,9,0,0,0.0,0,0
806,390906,2018,11,0,0,0.0,0,0
806,392907,2018,12,0,0,0.0,0,0
807,392297,2018,6,20,28840,42260.0,0,0
807,392298,2018,10,8,16688,28992.0,0,0
807,390299,2018,9,8,12324,20822.0,0,0
807,390641,2018,9,4,8324,5536.0,0,0
807,390631,2018,2,4,7600,10838.0,0,0
807,390662,2018,3,2,2200,0.0,0,0
807,390603,2018,2,1,1800,0.0,0,0
807,390604,2018,3,0,0,0.0,0,0
807,390633,2018,9,0,0,0.0,0,0
807,390906,2018,11,0,0,0.0,0,0
807,390907,2018,12,0,0,0.0,0,0
808,392297,2018,6,20,27870,41260.0,0,0
808,392298,2018,12,9,16688,25432.0,0,0
808,390607,2018,9,8,19324,25906.0,0,0
808,390900,2018,9,8,15524,25736.0,0,0
808,390499,2018,3,4,8600,10000.0,0,0
808,390602,2018,3,2,2600,3700.0,0,0
808,390603,2018,2,1,0,0.0,0,0
808,390637,2018,4,0,0,0.0,0,0
808,392899,2018,9,0,0,0.0,0,0
808,390602,2018,11,0,0,0.0,0,0
808,392907,2018,12,0,0,0.0,0,0
809,392297,2018,6,12,27840,41760.0,0,0
809,392898,2018,10,8,18168,25492.0,0,0
809,390209,2018,9,8,12394,20328.0,0,0
809,390200,2018,9,4,8820,25530.0,0,0
809,390633,2018,3,6,8600,10400.0,0,0
809,390616,2018,3,2,2324,3700.0,0,0
809,390633,2018,2,1,2368,6800.0,0,0
809,392903,2018,3,0,0,0.0,0,0
809,390635,2018,9,0,0,0.0,0,0
809,390047,2018,11,0,0,0.0,0,0
809,390907,2018,12,0,0,0.0,0,0
810,392297,2018,6,20,22840,40260.0,0,0
810,390298,2018,12,12,18128,22332.0,0,0
810,390299,2018,9,8,16224,22526.0,0,0
810,390900,2018,9,8,19524,25536.0,0,0
810,390631,2018,4,4,7600,10000.0,0,0
810,390662,2018,3,4,2324,3500.0,0,0
810,390616,2018,2,1,1813,6800.0,0,0
810,390898,2018,3,0,0,0.0,0,0
810,390637,2018,4,0,0,0.0,0,0
810,390609,2018,9,0,0,0.0,0,0
810,392907,2018,12,0,0,0.0,0,0
811,392297,2018,6,20,27840,41260.0,0,0
811,392038,2018,12,9,16688,25432.0,0,0
811,392299,2018,11,8,18324,25906.0,0,0
811,390290,2018,9,4,5525,25932.0,0,0
811,392899,2018,2,4,8600,10338.0,0,0
811,392296,2018,3,2,2812,3700.0,0,0
811,390617,2018,2,1,1893,3100.0,0,0
811,390662,2018,3,0,0,800.0,0,0
811,390637,2018,9,0,0,0.0,0,0
811,390906,2018,9,0,0,0.0,0,0
811,390507,2018,12,0,0,0.0,0,0
812,392297,2018,6,12,27880,41720.0,0,0
812,392298,2018,10,8,18688,25432.0,0,0
812,390299,2018,4,8,11392,25328.0,0,0
812,390663,2018,5,4,5324,15536.0,0,0
812,390631,2018,4,6,13600,12612.0,0,0
812,390662,2018,3,2,2800,3800.0,0,0
812,390616,2018,2,1,2321,0.0,0,0
812,390617,2018,3,0,0,0.0,0,0
812,390908,2018,9,0,0,0.0,0,0
812,390299,2018,11,0,0,0.0,0,0
812,390607,2018,12,0,0,0.0,0,0
813,392297,2018,6,20,22860,47900.0,0,0
813,392298,2018,10,8,16618,25732.0,0,0
813,392299,2018,9,8,12924,25736.0,0,0
813,390641,2018,9,4,8324,5536.0,0,0
813,390639,2018,4,4,8832,12408.0,0,0
813,390602,2018,3,2,2324,6900.0,0,0
813,390903,2018,2,2,3601,3806.0,0,0
813,390668,2018,3,0,0,0.0,0,0
813,390633,2018,9,0,0,0.0,0,0
813,390905,2018,11,0,0,0.0,0,0
813,392899,2018,12,0,0,0.0,0,0
814,392017,2018,6,12,27864,41756.0,0,0
814,392298,2018,10,8,16688,24432.0,0,0
814,392299,2018,11,6,15392,20008.0,0,0
814,390299,2018,9,4,8800,5530.0,0,0
814,390901,2018,2,4,8600,12338.0,0,0
814,390629,2018,8,2,2800,6900.0,0,0
814,390903,2018,2,0,0,0.0,0,0
814,390304,2018,3,0,0,0.0,0,0
814,392299,2018,9,0,0,0.0,0,0
814,390906,2018,9,0,0,0.0,0,0
814,390607,2018,12,0,0,0.0,0,0
815,392297,2018,6,12,27894,41266.0,0,0
815,390298,2018,10,8,19688,24732.0,0,0
815,390299,2018,9,8,18324,20826.0,0,0
815,390683,2018,9,8,19824,25536.0,0,0
815,390901,2018,3,4,8600,10000.0,0,0
815,390602,2018,8,2,2800,6900.0,0,0
815,390903,2018,2,1,2321,3100.0,0,0
815,390298,2018,3,0,0,0.0,0,0
815,390637,2018,9,0,0,0.0,0,0
815,390906,2018,11,0,0,0.0,0,0
815,390607,2018,12,0,0,0.0,0,0
816,390297,2018,6,20,27840,41960.0,0,0
816,390298,2018,12,9,16128,25452.0,0,0
816,390299,2018,9,8,12192,25738.0,0,0
816,390200,2018,9,4,3792,25938.0,0,0
816,390601,2018,4,6,11892,12538.0,0,0
816,390942,2018,3,2,2384,3732.0,0,0
816,392803,2018,2,1,0,0.0,0,0
816,392903,2018,3,0,0,0.0,0,0
816,392905,2018,9,0,0,0.0,0,0
816,390906,2018,11,0,0,0.0,0,0
816,390907,2018,12,0,0,0.0,0,0
817,392295,2018,7,24,12896,25364.0,0,0
817,392296,2018,6,12,29888,25432.0,0,0
817,390297,2018,11,8,12324,25806.0,0,0
817,392298,2018,9,8,15524,28336.0,0,0
817,392901,2018,4,4,8600,10538.0,0,0
817,390602,2018,3,2,2381,6700.0,0,0
817,390603,2018,2,1,3600,0.0,0,0
817,390907,2018,3,0,0,0.0,0,0
817,392899,2018,4,0,0,0.0,0,0
817,390906,2018,9,0,0,0.0,0,0
817,390907,2018,12,0,0,0.0,0,0
818,390297,2018,6,20,26840,40260.0,0,0
818,390698,2018,10,8,16688,22532.0,0,0
818,390619,2018,9,8,12392,22528.0,0,0
818,390660,2018,8,8,13324,25936.0,0,0
818,390600,2018,4,6,11600,20918.0,0,0
818,392899,2018,5,4,2837,6900.0,0,0
818,390903,2018,2,1,0,0.0,0,0
818,390909,2018,3,0,0,0.0,0,0
818,390669,2018,9,0,0,0.0,0,0
818,390906,2018,11,0,0,0.0,0,0
818,390607,2018,12,0,0,0.0,0,0
819,392915,2018,6,16,15864,25596.0,747,136
819,390917,2018,7,12,18388,22532.0,0,0
819,392299,2018,8,12,12800,29225.0,0,0
819,392298,2018,9,8,19824,24536.0,0,0
819,390949,2018,4,4,9600,12528.0,0,0
819,392899,2018,3,2,2584,6500.0,0,0
819,392297,2018,2,1,0,0.0,0,0
819,390668,2018,3,0,0,0.0,0,0
819,390638,2018,9,0,0,0.0,0,0
819,390299,2018,11,0,0,0.0,0,0
819,392807,2018,12,0,0,0.0,0,0
820,392297,2018,6,20,25840,42260.0,0,0
820,392298,2018,12,9,16128,25432.0,0,0
820,392299,2018,9,8,12324,24736.0,0,0
820,390900,2018,9,4,5524,5516.0,0,0
820,392901,2018,2,3,8800,12518.0,0,0
820,390602,2018,3,2,2800,0.0,0,0
820,390617,2018,2,0,0,0.0,0,0
820,390603,2018,3,0,0,0.0,0,0
820,390603,2018,9,0,0,0.0,0,0
820,390906,2018,11,0,0,0.0,0,0
820,392907,2018,12,0,0,0.0,0,0
821,392816,2018,6,16,12684,25536.0,0,0
821,392017,2018,6,8,18288,25412.0,0,0
821,392299,2018,4,6,15324,20726.0,0,0
821,392900,2018,9,4,3636,15836.0,0,0
821,390619,2018,4,4,8600,12938.0,0,0
821,390619,2018,3,2,2568,5900.0,0,0
821,392949,2018,2,0,0,0.0,0,0
821,392898,2018,3,0,0,0.0,0,0
821,392299,2018,9,0,0,0.0,0,0
821,392047,2018,11,0,0,0.0,0,0
821,392907,2018,12,0,0,0.0,0,0
822,392297,2018,6,12,22848,34962.0,0,0
822,392898,2018,10,8,18613,25476.0,0,0
822,390299,2018,9,8,12892,25738.0,0,0
822,390900,2018,9,4,9824,25936.0,0,0
822,390601,2018,4,4,8600,10000.0,0,0
822,390662,2018,3,2,2600,6900.0,0,0
822,390697,2018,2,1,0,0.0,0,0
822,390638,2018,3,0,0,0.0,0,0
822,390907,2018,9,0,0,0.0,0,0
822,390906,2018,11,0,0,0.0,0,0
822,390907,2018,12,0,0,0.0,0,0
823,390297,2018,6,20,27840,41260.0,0,0
823,390298,2018,12,9,18328,28862.0,0,0
823,390909,2018,9,8,12324,25906.0,0,0
823,390660,2018,9,4,5524,5836.0,0,0
823,390299,2018,4,0,800,10000.0,0,0
823,390602,2018,3,0,0,0.0,0,0
823,390297,2018,0,0,0,0.0,0,0
823,390602,2018,6,0,0,0.0,0,0
823,390905,2018,9,0,0,0.0,0,0
823,392308,2018,11,0,0,0.0,0,0
823,390907,2018,12,0,0,0.0,0,0
824,390297,2018,6,20,26840,40260.0,0,0
824,390298,2018,10,8,16288,22732.0,0,0
824,390299,2018,9,8,12324,22916.0,0,0
824,390200,2018,9,4,3792,24538.0,0,0
824,390900,2018,4,4,8609,10008.0,0,0
824,390602,2018,3,2,2812,3800.0,0,0
824,390617,2018,2,1,0,0.0,0,0
824,390604,2018,5,0,0,0.0,0,0
824,392905,2018,9,0,0,0.0,0,0
824,390906,2018,11,0,0,0.0,0,0
824,390907,2018,12,0,0,0.0,0,0
825,392817,2018,6,16,17864,25296.0,0,0
825,392298,2018,10,8,18288,25532.0,0,0
825,392299,2018,9,8,16124,20828.0,0,0
825,392293,2018,9,4,5584,5936.0,0,0
825,390601,2018,4,4,8600,10000.0,0,0
825,390602,2018,3,2,2637,0.0,0,0
825,392903,2018,2,1,0,0.0,0,0
825,392898,2018,3,0,0,0.0,0,0
825,390638,2018,9,0,0,0.0,0,0
825,392906,2018,11,0,0,0.0,0,0
825,392307,2018,12,0,0,0.0,0,0
826,392297,2018,6,12,12844,25366.0,0,0
826,390298,2018,8,12,18376,25434.0,0,0
826,390299,2018,4,8,12324,24726.0,0,0
826,390619,2018,9,8,15524,20536.0,0,0
826,390299,2018,2,4,8600,10000.0,0,0
826,392299,2018,3,2,2324,3500.0,0,0
826,390297,2018,2,0,0,0.0,0,0
826,390638,2018,3,0,0,0.0,0,0
826,390605,2018,9,0,0,0.0,0,0
826,390909,2018,11,0,0,0.0,0,0
826,390907,2018,12,0,0,0.0,0,0
827,392297,2018,6,20,27840,41260.0,0,0
827,390298,2018,12,8,16128,22492.0,0,0
827,390299,2018,11,8,12324,25906.0,0,0
827,390900,2018,9,4,8324,24506.0,0,0
827,390903,2018,2,4,8600,12538.0,0,0
827,390602,2018,8,2,2324,6900.0,0,1
827,390903,2018,2,1,5381,3801.0,0,0
827,390608,2018,3,0,0,0.0,0,0
827,390903,2018,9,0,0,0.0,0,0
827,390047,2018,9,0,0,0.0,0,0
827,390907,2018,12,0,0,0.0,0,0
828,392297,2018,6,12,27884,41726.0,0,0
828,392298,2018,12,9,18378,22532.0,0,0
828,392299,2018,9,8,12804,22536.0,0,0
828,390900,2018,9,8,13600,20000.0,0,0
828,390619,2018,4,4,8600,10000.0,0,0
828,392302,2018,3,2,2637,3400.0,0,0
828,390903,2018,2,1,0,0.0,0,0
828,390298,2018,4,0,0,0.0,0,0
828,390905,2018,9,0,0,0.0,0,0
828,390906,2018,11,0,0,0.0,0,0
828,390907,2018,12,0,0,0.0,0,0
829,392205,2018,6,12,12864,15496.0,767,138
829,392516,2018,7,8,18128,25412.0,0,0
829,392807,2018,9,6,16284,20826.0,0,0
829,392800,2018,9,2,3600,5900.0,0,0
829,390601,2018,4,4,8800,0.0,0,0
829,390617,2018,3,2,2800,6332.0,0,0
829,390817,2018,4,1,2311,5800.0,0,0
829,392298,2018,3,0,0,0.0,0,0
829,390637,2018,9,0,0,0.0,0,0
829,390619,2018,11,0,0,0.0,0,0
829,390907,2018,12,0,0,0.0,0,0
830,392207,2018,6,12,28144,42266.0,0,0
830,392298,2018,10,8,18388,22512.0,0,0
830,390299,2018,9,8,15324,20886.0,0,0
830,390800,2018,9,4,5524,5536.0,0,0
830,390299,2018,2,4,8800,12918.0,0,0
830,390902,2018,3,2,2321,6900.0,0,0
830,390503,2018,2,1,0,0.0,0,0
830,390617,2018,3,0,0,0.0,0,0
830,390605,2018,9,0,0,0.0,0,0
830,390906,2018,11,0,0,0.0,0,0
830,392899,2018,12,0,0,0.0,0,0
831,392297,2018,6,12,22840,42260.0,0,0
831,392298,2018,12,8,18128,22532.0,0,0
831,392299,2018,9,8,12324,29336.0,0,0
831,392290,2018,9,8,16384,25536.0,0,0
831,392801,2018,4,4,8600,11918.0,0,0
831,390666,2018,3,2,2600,6700.0,0,0
831,390499,2018,2,0,0,0.0,0,0
831,390633,2018,3,0,0,0.0,0,0
831,390668,2018,9,0,0,0.0,0,0
831,390906,2018,9,0,0,0.0,0,0
831,392297,2018,12,0,0,0.0,0,0
832,389560,2018,8,20,22800,42200.0,0,0
832,389561,2018,6,16,16188,28992.0,0,0
832,390662,2018,12,12,12592,25792.0,0,0
832,390900,2018,9,8,19794,25536.0,0,0
832,392801,2018,4,4,9600,14538.0,0,0
832,390290,2018,3,2,2384,6500.0,0,0
832,390617,2018,2,1,2383,5700.0,0,0
832,390668,2018,5,0,0,0.0,0,0
832,390903,2018,9,0,0,0.0,0,0
832,390606,2018,11,0,0,0.0,0,0
832,390607,2018,12,0,0,0.0,0,0
833,392297,2018,6,12,27844,41766.0,0,0
833,392298,2018,10,8,18375,22532.0,0,0
833,392809,2018,9,8,12124,20826.0,0,0
833,392903,2018,9,8,15524,25536.0,0,0
833,390905,2018,2,2,8600,10615.0,0,0
833,390666,2018,2,2,2388,6932.0,0,0
833,390603,2018,2,0,0,0.0,0,0
833,390608,2018,3,0,0,0.0,0,0
833,392907,2018,9,0,0,0.0,0,0
833,390906,2018,11,0,0,0.0,0,0
833,390907,2018,12,0,0,0.0,0,0
834,392297,2018,6,20,22860,40290.0,0,0
834,392908,2018,12,8,18688,22532.0,0,0
834,392299,2018,9,8,12592,22528.0,0,0
834,390619,2018,9,8,15524,20006.0,0,0
834,392800,2018,4,4,8600,20000.0,0,0
834,390299,2018,3,2,2600,6900.0,0,0
834,390619,2018,2,1,1800,5800.0,0,0
834,390668,2018,3,0,0,0.0,0,0
834,392899,2018,9,0,0,0.0,0,0
834,390638,2018,11,0,0,0.0,0,0
834,392307,2018,12,0,0,0.0,0,0
835,390297,2018,6,20,26840,40260.0,0,0
835,392908,2018,10,8,15128,25412.0,0,0
835,390669,2018,9,8,16194,20826.0,0,0
835,390299,2018,9,4,3624,24536.0,0,0
835,390619,2018,4,4,8340,10000.0,0,0
835,390602,2018,9,2,2324,6512.0,0,0
835,390297,2018,2,1,0,0.0,0,0
835,390667,2018,3,0,0,0.0,0,0
835,390633,2018,9,0,0,0.0,0,0
835,390906,2018,11,0,0,0.0,0,0
835,390907,2018,12,0,0,0.0,0,0
836,392915,2018,6,16,12864,25596.0,666,136
836,392296,2018,7,12,28384,42536.0,0,0
836,390297,2018,9,8,17324,25726.0,0,0
836,390900,2018,9,8,15532,28938.0,0,0
836,392940,2018,4,4,8600,12918.0,0,0
836,392302,2018,3,2,2600,7900.0,0,0
836,390297,2018,2,1,3,0.0,0,0
836,392909,2018,3,0,0,0.0,0,0
836,390299,2018,9,0,0,0.0,0,0
836,392906,2018,11,0,0,0.0,0,0
836,392897,2018,12,0,0,0.0,0,0
837,390807,2018,6,12,28144,42266.0,0,0
837,390298,2018,10,8,16608,28232.0,0,0
837,390299,2018,9,8,12324,20726.0,0,0
837,390299,2018,9,4,8324,6536.0,0,0
837,390902,2018,4,4,8600,10518.0,0,0
837,390602,2018,3,2,2600,6800.0,0,0
837,390917,2018,2,0,0,0.0,0,0
837,390639,2018,3,0,0,0.0,0,0
837,390905,2018,9,0,0,0.0,0,0
837,390547,2018,11,0,0,0.0,0,64
837,390907,2018,12,0,0,0.0,0,0
838,392816,2018,7,8,12668,25992.0,0,0
838,392297,2018,6,12,28388,34432.0,0,0
838,390299,2018,9,8,11884,25906.0,0,0
838,390900,2018,9,4,8812,15938.0,0,0
838,392900,2018,4,4,8600,12938.0,0,0
838,390802,2018,3,4,2800,3332.0,0,0
838,392097,2018,2,1,2381,3400.0,0,0
838,390908,2018,3,0,0,0.0,0,0
838,392299,2018,4,0,0,0.0,0,0
838,390909,2018,11,0,0,0.0,0,0
838,390299,2018,12,0,0,0.0,0,0
839,392297,2018,6,12,27876,41764.0,0,0
839,390298,2018,10,8,15688,28992.0,0,0
839,392299,2018,9,8,12324,20826.0,0,0
839,390900,2018,9,2,8324,5536.0,0,0
839,390903,2018,4,4,8642,14468.0,0,0
839,390662,2018,3,2,2600,6900.0,0,0
839,390903,2018,2,1,2381,0.0,0,0
839,390303,2018,2,0,0,0.0,0,0
839,390899,2018,9,0,0,0.0,0,0
839,390906,2018,11,0,0,0.0,0,0
839,390907,2018,12,0,0,0.0,0,0
840,392297,2018,6,20,27840,41760.0,0,0
840,390898,2018,12,12,16128,25432.0,0,0
840,390299,2018,9,8,15392,25908.0,0,0
840,390900,2018,9,8,15624,24536.0,376,0
840,390601,2018,2,4,8192,10004.0,0,0
840,390902,2018,3,2,2384,6900.0,0,0
840,390299,2018,2,1,2321,6.0,0,0
840,390668,2018,3,0,0,0.0,0,0
840,392903,2018,9,0,0,0.0,0,0
840,390906,2018,11,0,0,0.0,0,0
840,390607,2018,12,0,0,0.0,0,0
841,132297,2018,6,20,27876,41464.0,0,0
841,392298,2018,12,9,18388,22532.0,0,0
841,390619,2018,9,8,12324,26906.0,0,0
841,390299,2018,9,8,11884,25536.0,386,0
841,392801,2018,3,4,8600,13322.0,0,0
841,392801,2018,3,2,2382,3736.0,0,0
841,392303,2018,2,1,0,0.0,0,0
841,390667,2018,3,0,0,0.0,0,0
841,392823,2018,9,0,0,0.0,0,0
841,390299,2018,9,0,0,0.0,0,0
841,390907,2018,12,0,0,0.0,0,0
842,392207,2018,6,12,27884,41936.0,0,0
842,392298,2018,10,8,18128,25432.0,0,0
842,392299,2018,9,8,18304,20006.0,0,0
842,390660,2018,9,2,9927,8836.0,0,0
842,390901,2018,4,4,8600,12512.0,0,0
842,390602,2018,3,2,2100,6900.0,0,0
842,390903,2018,2,1,0,0.0,0,0
842,392302,2018,3,0,0,0.0,0,0
842,390299,2018,9,0,0,0.0,0,0
842,390906,2018,11,0,0,0.0,0,0
842,390907,2018,12,0,0,0.0,0,0
843,392297,2018,6,12,27880,41720.0,0,0
843,392298,2018,12,8,18328,22932.0,0,0
843,132299,2018,9,8,10104,25826.0,0,0
843,390900,2018,9,8,15524,25536.0,0,0
843,390602,2018,4,4,8600,18918.0,0,0
843,392801,2018,3,2,2321,4712.0,0,0
843,390903,2018,2,1,1881,5732.0,0,0
843,390667,2018,3,0,0,0.0,0,0
843,390647,2018,4,0,0,0.0,0,0
843,392906,2018,11,0,0,0.0,0,0
843,390907,2018,12,0,0,0.0,0,0
844,392297,2018,6,20,20840,40260.0,0,0
844,390298,2018,10,8,12792,22558.0,0,0
844,390299,2018,6,8,12324,25486.0,0,0
844,392299,2018,9,4,3700,5510.0,0,0
844,392899,2018,4,4,8800,12438.0,0,0
844,392802,2018,3,2,2600,3800.0,0,0
844,390897,2018,2,0,0,0.0,0,0
844,392903,2018,6,0,0,0.0,0,0
844,390631,2018,9,0,0,0.0,0,0
844,390906,2018,11,0,0,0.0,0,0
844,390907,2018,12,0,0,0.0,0,0
845,392017,2018,6,12,17876,25564.0,0,0
845,392808,2018,10,8,18688,25422.0,0,0
845,390299,2018,9,6,12324,24736.0,0,0
845,390900,2018,9,4,8324,29336.0,0,0
845,390299,2018,2,4,8600,10000.0,0,0
845,392302,2018,3,2,2600,5900.0,0,0
845,390297,2018,2,0,0,0.0,0,0
845,390908,2018,4,0,0,0.0,0,0
845,392897,2018,9,0,0,0.0,0,0
845,390636,2018,11,0,0,0.0,0,0
845,390907,2018,12,0,0,0.0,0,0
846,389560,2018,8,20,22840,34260.0,0,0
846,389531,2018,6,16,16613,28828.0,0,0
846,390612,2018,9,8,12824,25906.0,0,0
846,390299,2018,8,2,13724,25536.0,0,0
846,390601,2018,2,4,8100,20008.0,0,0
846,390616,2018,3,2,2600,5700.0,0,0
846,390603,2018,2,1,2381,5400.5,333,0
846,390638,2018,3,0,0,0.0,0,0
846,390669,2018,4,0,0,0.0,0,0
846,390902,2018,11,0,0,0.0,0,0
846,390607,2018,12,0,0,0.0,0,0
847,392297,2018,6,12,10844,25906.0,0,0
847,392298,2018,8,8,18128,25562.0,0,0
847,390299,2018,11,6,9384,12926.0,0,0
847,390299,2018,9,4,5520,5900.0,0,0
847,390901,2018,4,4,8600,10000.0,0,0
847,390662,2018,9,2,2600,6900.0,0,0
847,390903,2018,2,0,0,0.0,0,0
847,390602,2018,3,0,0,0.0,0,0
847,392905,2018,9,0,0,0.0,0,0
847,390906,2018,11,0,0,0.0,0,0
847,390907,2018,12,0,0,0.0,0,0
848,392297,2018,6,20,22880,40920.0,0,0
848,390298,2018,10,8,16688,25432.0,0,0
848,392299,2018,9,6,12379,25902.0,0,0
848,392290,2018,8,2,5524,5536.0,0,0
848,390901,2018,4,6,8600,10000.0,0,0
848,390602,2018,4,2,2800,3800.0,0,0
848,390903,2018,2,0,0,0.0,0,0
848,390604,2018,5,0,0,0.0,0,0
848,390669,2018,9,0,0,0.0,0,0
848,390909,2018,10,0,0,0.0,0,0
848,390667,2018,12,0,0,0.0,0,0
849,390297,2018,6,20,27840,41260.0,0,0
849,392918,2018,12,8,16128,25532.0,0,0
849,390299,2018,4,2,16344,24736.0,0,0
849,390613,2018,9,2,9820,5545.0,0,0
849,390601,2018,4,2,8600,12518.0,0,0
849,390602,2018,3,2,2816,6512.0,0,0
849,390603,2018,2,1,0,0.0,0,0
849,390666,2018,3,0,0,0.0,0,0
849,390668,2018,9,0,0,0.0,0,0
849,390906,2018,11,0,0,0.0,0,0
849,390607,2018,12,0,0,0.0,0,0
850,392297,2018,6,12,27864,45796.0,0,0
850,392298,2018,12,8,14288,25932.0,0,0
850,392299,2018,9,6,11800,20825.0,0,0
850,392600,2018,9,8,19824,25536.0,0,0
850,390900,2018,2,4,8600,12400.0,0,0
850,390541,2018,3,4,2384,6900.0,0,0
850,390903,2018,2,1,2313,5151.0,0,0
850,390668,2018,3,0,0,0.0,0,0
850,390668,2018,9,0,0,0.0,0,0
850,390047,2018,11,0,0,0.0,0,0
850,392607,2018,12,0,0,0.0,0,0
851,392297,2018,6,20,26840,40260.0,0,0
851,392298,2018,12,9,18388,25472.0,0,0
851,390299,2018,9,8,12392,24728.0,0,0
851,392298,2018,9,8,17624,29536.0,0,0
851,390609,2018,0,4,8600,10000.0,0,0
851,390622,2018,3,2,2800,6900.0,0,0
851,390903,2018,2,1,0,0.0,0,0
851,390638,2018,3,0,0,0.0,0,0
851,390499,2018,9,0,0,0.0,0,0
851,392309,2018,11,0,0,0.0,0,0
851,390907,2018,12,0,0,0.0,0,0
852,390297,2018,6,20,26840,40260.0,0,0
852,390618,2018,12,9,16768,22532.0,0,0
852,392299,2018,9,8,15324,24762.0,0,0
852,390299,2018,9,4,5524,5536.0,0,0
852,390901,2018,4,4,8340,10000.0,0,0
852,390662,2018,3,2,2324,8900.0,0,0
852,390103,2018,2,1,0,0.0,0,0
852,390668,2018,3,0,0,0.0,0,0
852,390667,2018,9,0,0,0.0,0,0
852,390906,2018,11,0,0,0.0,0,0
852,392307,2018,12,0,0,0.0,0,0
853,390297,2018,6,12,27844,44266.0,0,0
853,390608,2018,10,8,18124,25436.0,0,0
853,390909,2018,9,6,12324,26526.0,0,0
853,390299,2018,9,4,8320,29510.0,0,0
853,392801,2018,4,4,8600,13118.0,0,0
853,390899,2018,3,2,2568,6900.0,0,0
853,392821,2018,2,1,1831,6801.5,366,0
853,390667,2018,2,0,0,0.0,0,0
853,390903,2018,9,0,0,0.0,0,0
853,390902,2018,9,0,0,0.0,0,0
853,390907,2018,12,0,0,0.0,0,0
854,392297,2018,6,12,22844,48266.0,0,0
854,392818,2018,12,8,14688,25432.0,0,0
854,390299,2018,9,8,16224,26936.0,0,0
854,390630,2018,9,4,3792,10008.0,0,0
854,390299,2018,4,8,15600,11418.0,0,0
854,390802,2018,3,2,4800,6900.0,0,0
854,390903,2018,2,1,1,0.0,0,0
854,390668,2018,3,0,0,0.0,0,0
854,390897,2018,9,0,0,0.0,0,0
854,390906,2018,11,0,0,0.0,0,0
854,392907,2018,12,0,0,0.0,0,0
855,392915,2018,6,16,15864,25596.0,0,0
855,392916,2018,7,12,28888,38932.0,0,0
855,392297,2018,9,8,15324,20826.0,0,0
855,390299,2018,9,2,5524,20006.0,0,0
855,392299,2018,4,4,8892,10008.0,0,0
855,390619,2018,3,2,2800,6900.0,0,0
855,390903,2018,2,1,0,0.0,0,0
855,390638,2018,3,0,0,0.0,0,0
855,392803,2018,9,0,0,0.0,0,0
855,390906,2018,11,0,0,0.0,0,0
855,392297,2018,12,0,0,0.0,0,0
856,390297,2018,6,20,26890,40260.0,0,0
856,390618,2018,12,12,18128,24752.0,0,0
856,390299,2018,9,8,12384,25716.0,0,0
856,390600,2018,9,4,5324,5536.0,0,0
856,390901,2018,4,0,600,14400.0,0,0
856,390662,2018,3,0,0,0.0,0,0
856,390299,2018,2,0,0,0.0,0,0
856,390668,2018,8,0,0,0.0,0,0
856,390299,2018,9,0,0,0.0,0,0
856,390298,2018,11,0,0,0.0,0,0
856,392897,2018,12,0,0,0.0,0,0
857,392297,2018,6,12,27884,41936.0,0,0
857,392018,2018,10,8,16688,25432.0,0,0
857,390299,2018,9,6,12324,24336.0,0,0
857,390290,2018,9,4,3600,5530.0,0,0
857,390901,2018,4,4,8800,12728.0,0,0
857,390662,2018,3,2,2800,6938.0,0,0
857,390907,2018,2,1,2383,5800.0,0,0
857,390668,2018,2,0,0,0.0,0,0
857,392905,2018,9,0,0,0.0,0,0
857,390632,2018,11,0,0,0.0,0,0
857,390637,2018,12,0,0,0.0,0,0
858,390917,2018,6,16,18144,25366.0,0,0
858,390298,2018,7,12,16688,24732.0,0,0
858,390299,2018,9,8,12392,20828.0,0,0
858,390298,2018,9,8,19924,25536.0,0,0
858,390602,2018,4,4,8602,10008.0,0,0
858,390602,2018,3,2,12800,6900.0,0,0
858,390603,2018,2,1,2811,3700.0,0,0
858,390617,2018,3,0,0,0.0,0,0
858,390633,2018,9,0,0,0.0,0,0
858,390906,2018,11,0,0,0.0,0,0
858,390907,2018,12,0,0,0.0,0,0
859,392297,2018,6,12,28680,45400.0,0,0
859,392298,2018,12,8,18328,25432.0,0,0
859,390299,2018,5,8,16224,22706.0,0,0
859,390663,2018,9,2,5524,5536.0,0,0
859,390901,2018,4,4,8600,12938.0,0,0
859,390666,2018,2,2,2600,6932.0,0,0
859,390903,2018,2,1,0,0.0,0,0
859,390667,2018,3,0,0,0.0,0,0
859,390637,2018,9,0,0,0.0,0,0
859,390969,2018,11,0,0,0.0,0,0
859,390907,2018,12,0,0,0.0,0,0
860,392297,2018,6,12,27844,41266.0,0,0
860,390618,2018,10,8,18378,22532.0,0,0
860,390299,2018,9,6,12392,22528.0,0,0
860,390200,2018,9,8,19792,20008.0,0,0
860,390901,2018,4,6,11800,20000.0,0,0
860,390619,2018,3,2,2500,6800.0,0,0
860,390293,2018,2,0,0,0.0,0,0
860,390908,2018,3,0,0,0.0,0,0
860,390669,2018,9,0,0,0.0,0,0
860,390666,2018,11,0,0,0.0,0,0
860,390607,2018,12,0,0,0.0,0,0
861,392296,2018,7,20,12860,25390.0,0,0
861,392277,2018,6,8,15328,25432.0,0,0
861,392299,2018,11,6,11324,25796.0,0,0
861,392819,2018,9,4,5524,5336.0,0,0
861,390909,2018,4,4,8600,0.0,0,0
861,390602,2018,3,2,2327,6900.0,0,0
861,390297,2018,2,1,2381,8900.5,0,0
861,392897,2018,3,0,0,0.0,0,0
861,392823,2018,9,0,0,0.0,0,0
861,390958,2018,11,0,0,0.0,0,0
861,392297,2018,12,0,0,0.0,0,0
862,392297,2018,6,12,27844,44966.0,0,0
862,390298,2018,10,8,16688,25492.0,0,0
862,392909,2018,9,8,15324,20866.0,0,0
862,390600,2018,9,4,5524,5536.0,0,0
862,390901,2018,4,4,8600,10000.0,0,0
862,390902,2018,9,2,2800,5700.0,0,0
862,390617,2018,2,0,0,0.0,0,0
862,390903,2018,3,0,0,0.0,0,0
862,392903,2018,9,0,0,0.0,0,0
862,390906,2018,11,0,0,0.0,0,0
862,392907,2018,12,0,0,0.0,0,0
863,392297,2018,6,12,22680,35900.0,0,0
863,390618,2018,10,8,18618,22532.0,0,0
863,390699,2018,9,8,12124,26906.0,0,0
863,392290,2018,9,8,19824,25536.0,0,0
863,390601,2018,4,6,13600,10536.0,0,0
863,390602,2018,3,2,2632,3500.0,0,0
863,390297,2018,2,1,0,0.0,0,0
863,392897,2018,7,0,0,0.0,0,0
863,390637,2018,9,0,0,0.0,0,0
863,390909,2018,11,0,0,0.0,0,0
863,392307,2018,12,0,0,0.0,0,0
864,390297,2018,6,20,27840,41260.0,0,0
864,390298,2018,10,8,16618,25512.0,0,0
864,390299,2018,9,8,12324,20726.0,0,0
864,390299,2018,9,2,5324,5536.0,0,0
864,390639,2018,3,4,8600,14912.0,0,0
864,390662,2018,3,2,2384,6500.0,0,0
864,390903,2018,2,0,0,0.0,0,0
864,390667,2018,3,0,0,0.0,0,0
864,390905,2018,9,0,0,0.0,0,0
864,390606,2018,11,0,0,0.0,0,0
864,392297,2018,12,0,0,0.0,0,0
865,392207,2018,6,12,28144,42266.0,0,0
865,390298,2018,10,8,18288,25432.0,0,0
865,390299,2018,4,8,16100,20725.0,0,0
865,390632,2018,9,4,7324,25536.0,0,0
865,390639,2018,2,4,8600,10000.0,0,0
865,390902,2018,3,2,2324,6900.0,0,0
865,390903,2018,2,0,0,0.0,0,0
865,390904,2018,3,0,0,0.0,0,0
865,390638,2018,9,0,0,0.0,0,0
865,392906,2018,11,0,0,0.0,0,0
865,390637,2018,12,0,0,0.0,0,0
866,392297,2018,6,12,26880,40260.0,0,0
866,390668,2018,10,8,16618,25432.0,0,0
866,392299,2018,9,8,18324,25486.0,0,0
866,390900,2018,9,4,5524,5536.0,0,0
866,390901,2018,2,4,8600,12418.0,0,0
866,390602,2018,3,2,2600,6500.0,0,0
866,390603,2018,2,1,2388,5800.5,366,0
866,390638,2018,3,0,0,0.0,0,0
866,390905,2018,9,0,0,0.0,0,0
866,390906,2018,11,0,0,0.0,0,0
866,392307,2018,12,0,0,0.0,0,0
867,392816,2018,7,24,12656,25384.0,0,0
867,392297,2018,6,12,26688,34432.0,0,0
867,392299,2018,11,8,12992,24748.0,0,0
867,392299,2018,8,8,15524,25516.0,0,0
867,390299,2018,4,6,8600,12712.0,0,0
867,390900,2018,3,4,2800,6982.0,0,0
867,390617,2018,2,1,0,0.0,0,0
867,392904,2018,3,0,0,0.0,0,0
867,390631,2018,9,0,0,0.0,0,0
867,390906,2018,11,0,0,0.0,0,0
867,392307,2018,12,0,0,0.0,0,0
868,390297,2018,6,20,28840,42260.0,0,0
868,390618,2018,10,8,18378,22712.0,0,0
868,390299,2018,0,8,12804,20736.0,0,0
868,390299,2018,9,2,3600,5900.0,0,0
868,390545,2018,4,0,800,12918.0,0,0
868,390602,2018,3,0,0,0.0,0,0
868,390603,2018,2,0,0,0.0,0,0
868,390638,2018,6,0,0,0.0,0,0
868,390650,2018,9,0,0,0.0,0,0
868,390668,2018,11,0,0,0.0,0,0
868,390907,2018,12,0,0,0.0,0,0
869,392297,2018,6,12,11864,25536.0,0,0
869,392808,2018,5,8,18128,22532.0,0,0
869,390299,2018,11,8,12992,29228.0,0,0
869,390290,2018,9,2,3600,5330.0,0,0
869,390619,2018,4,6,15600,14438.0,0,0
869,392302,2018,9,4,4600,6900.0,0,0
869,390616,2018,2,1,0,0.0,0,0
869,390908,2018,4,0,0,0.0,0,0
869,390823,2018,9,0,0,0.0,0,0
869,390906,2018,11,0,0,0.0,0,0
869,390607,2018,12,0,0,0.0,0,0
870,392297,2018,6,12,27840,41260.0,0,0
870,390298,2018,12,8,16688,25532.0,0,0
870,390909,2018,9,8,17892,22738.0,0,0
870,390299,2018,9,8,19824,24536.0,0,0
870,390601,2018,2,2,8600,12538.0,0,0
870,390299,2018,3,2,1800,6900.0,0,0
870,390903,2018,2,0,0,0.0,0,0
870,390298,2018,3,0,0,0.0,0,0
870,390507,2018,9,0,0,0.0,0,0
870,390906,2018,11,0,0,0.0,0,0
870,390627,2018,12,0,0,0.0,0,0
871,392297,2018,6,20,24840,42260.0,0,0
871,392298,2018,12,9,18324,25436.0,0,0
871,390619,2018,4,8,15324,29336.0,0,0
871,390900,2018,9,8,15521,29336.0,0,0
871,390901,2018,4,4,8600,13328.0,0,0
871,390666,2018,3,2,2200,3338.0,0,0
871,392296,2018,2,1,2381,5800.0,0,0
871,390641,2018,3,0,0,0.0,0,0
871,390631,2018,9,0,0,0.0,0,0
871,392906,2018,11,0,0,0.0,0,0
871,390607,2018,12,0,0,0.0,0,0
872,392297,2018,6,12,12844,25766.0,0,0
872,392808,2018,7,8,18688,25432.0,0,0
872,392299,2018,9,8,12804,29326.0,0,0
872,390630,2018,9,4,3794,25536.0,0,0
872,390909,2018,4,4,7100,10006.0,0,0
872,392902,2018,3,2,2800,6900.0,0,0
872,390903,2018,2,1,0,0.0,0,0
872,390667,2018,6,0,0,0.0,0,0
872,390667,2018,9,0,0,0.0,0,0
872,392906,2018,11,0,0,0.0,0,0
872,390667,2018,12,0,0,0.0,0,0
873,392297,2018,6,20,26840,40260.0,0,0
873,392298,2018,12,9,18388,25432.0,0,0
873,390899,2018,7,8,15324,25521.0,0,0
873,392899,2018,9,2,5524,5936.0,0,0
873,390800,2018,4,4,8892,14738.0,0,0
873,390669,2018,3,2,2600,6900.0,0,0
873,390903,2018,2,1,0,0.0,0,0
873,392308,2018,6,0,0,0.0,0,0
873,392899,2018,9,0,0,0.0,0,0
873,390906,2018,11,0,0,0.0,0,0
873,390907,2018,12,0,0,0.0,0,0
874,392860,2018,6,12,11712,25568.0,764,136
874,392291,2018,5,12,22984,35416.0,0,0
874,390942,2018,9,8,12324,29296.0,0,0
874,392298,2018,10,4,5524,5536.0,0,0
874,390639,2018,4,4,8600,10000.0,0,0
874,390602,2018,8,2,9812,6576.0,0,0
874,390647,2018,2,1,0,0.0,0,0
874,390909,2018,3,0,0,0.0,0,0
874,390299,2018,9,0,0,0.0,0,0
874,390906,2018,11,0,0,0.0,0,0
874,390907,2018,12,0,0,0.0,0,0
875,392297,2018,6,20,26800,40200.0,0,0
875,392298,2018,10,8,16618,25432.0,0,0
875,390299,2018,9,8,12668,25902.0,0,0
875,390299,2018,9,2,3600,5936.0,0,0
875,390299,2018,0,2,8600,10000.0,0,0
875,390602,2018,9,2,2321,3362.0,0,0
875,390617,2018,2,1,1,0.0,0,0
875,390298,2018,3,0,0,0.0,0,0
875,392905,2018,9,0,0,0.0,0,0
875,390906,2018,11,0,0,0.0,0,0
875,390297,2018,12,0,0,0.0,0,0
876,132299,2018,7,28,12636,25364.0,0,0
876,392290,2018,8,8,16618,25412.0,0,0
876,390291,2018,9,6,12324,24728.0,0,0
876,390800,2018,9,4,5524,5536.0,0,0
876,390619,2018,0,4,8800,12638.0,0,0
876,392899,2018,3,2,2236,12700.0,0,0
876,390616,2018,2,1,0,0.0,0,0
876,390298,2018,3,0,0,0.0,0,0
876,392828,2018,4,0,0,0.0,0,0
876,390299,2018,11,0,0,0.0,0,0
876,390297,2018,12,0,0,0.0,0,0
877,392297,2018,6,12,27880,41260.0,0,0
877,390698,2018,12,12,16688,25432.0,0,0
877,390299,2018,9,8,14324,20826.0,0,0
877,390619,2018,9,8,19524,25906.0,0,0
877,390900,2018,2,6,10600,10000.0,0,0
877,390662,2018,3,4,2800,6900.0,0,0
877,390602,2018,2,1,0,0.0,0,0
877,390668,2018,3,0,0,0.0,0,0
877,390605,2018,9,0,0,0.0,0,0
877,390906,2018,11,0,0,0.0,0,0
877,390607,2018,12,0,0,0.0,0,0
878,392297,2018,6,12,17844,25266.0,0,0
878,390638,2018,12,8,18376,22534.0,0,0
878,390299,2018,9,8,18604,20826.0,0,0
878,390298,2018,9,4,8324,5536.0,0,0
878,390901,2018,2,4,8600,13338.0,0,0
878,390902,2018,9,2,2388,3800.0,0,0
878,392897,2018,2,1,2601,2700.0,0,0
878,390638,2018,3,0,0,0.0,0,0
878,390905,2018,9,0,0,0.0,0,0
878,390638,2018,11,0,0,0.0,0,0
878,390907,2018,12,0,0,0.0,0,0
879,390297,2018,6,20,26840,40260.0,0,0
879,390298,2018,12,9,16818,22552.0,0,0
879,390909,2018,9,8,19804,24776.0,0,0
879,390600,2018,9,7,15524,24536.0,0,0
879,390631,2018,4,4,8600,12918.0,0,0
879,390902,2018,3,2,2600,3900.0,0,0
879,392299,2018,2,1,1811,3100.0,0,0
879,390698,2018,0,0,0,0.0,0,0
879,390638,2018,4,0,0,0.0,0,0
879,390906,2018,11,0,0,0.0,0,0
879,390606,2018,12,0,0,0.0,0,0
880,390687,2018,6,20,28896,42904.0,0,0
880,390618,2018,7,12,16688,25412.0,0,0
880,390901,2018,9,8,11804,25906.0,0,0
880,390663,2018,9,8,18324,20036.0,0,0
880,390603,2018,4,6,19600,17918.0,0,0
880,390679,2018,11,2,2324,6900.0,0,0
880,390603,2018,2,1,8381,6802.0,0,0
880,390567,2018,3,0,0,0.0,0,0
880,392828,2018,4,0,0,0.0,0,0
880,390906,2018,9,0,0,0.0,0,0
880,390907,2018,12,0,0,0.0,0,0
881,390649,2018,5,20,28100,34900.0,0,0
881,392290,2018,6,8,16828,22712.0,0,0
881,390291,2018,9,6,12604,25906.0,0,0
881,390298,2018,9,4,5293,5938.0,0,0
881,392801,2018,0,4,8600,12532.0,0,0
881,390602,2018,3,2,2300,6900.0,0,0
881,390903,2018,2,0,0,0.0,0,0
881,390667,2018,3,0,0,0.0,0,0
881,392299,2018,9,0,0,0.0,0,0
881,390606,2018,11,0,0,0.0,0,0
881,390907,2018,12,0,0,0.0,0,0
882,392297,2018,6,20,27840,41260.0,0,0
882,390298,2018,12,8,16688,25432.0,0,0
882,390299,2018,9,8,12324,25906.0,0,0
882,390290,2018,9,4,8324,24536.0,0,0
882,392299,2018,4,4,8600,12438.0,0,0
882,390665,2018,8,2,2600,6900.0,0,0
882,390641,2018,9,2,0,0.0,0,0
882,392300,2018,4,0,0,0.0,0,0
882,390633,2018,9,0,0,0.0,0,0
882,390906,2018,11,0,0,0.0,0,0
882,390907,2018,12,0,0,0.0,0,0
883,392217,2018,6,16,10881,15706.0,0,0
883,392018,2018,10,8,16688,25432.0,0,0
883,392299,2018,9,6,12804,20866.0,0,0
883,392298,2018,9,4,5521,15936.0,0,0
883,390549,2018,4,4,8600,12522.0,0,0
883,392299,2018,3,2,2800,6700.0,0,0
883,390621,2018,2,1,1,0.0,0,0
883,390698,2018,3,0,0,0.0,0,0
883,390657,2018,4,0,0,0.0,0,0
883,390902,2018,11,0,0,0.0,0,0
883,390907,2018,12,0,0,0.0,0,0
884,390297,2018,6,20,26880,40260.0,0,0
884,390618,2018,12,12,16128,25432.0,0,0
884,390299,2018,9,8,16524,24922.0,0,0
884,390299,2018,9,4,8600,24536.0,0,0
884,390600,2018,4,4,8600,12400.0,0,0
884,390602,2018,8,2,2984,6900.0,0,0
884,390903,2018,2,1,0,0.0,0,0
884,390667,2018,3,0,0,0.0,0,0
884,390905,2018,9,0,0,0.0,0,0
884,390666,2018,11,0,0,0.0,0,0
884,390907,2018,12,0,0,0.0,0,0
885,392297,2018,6,12,26884,40236.0,0,0
885,392908,2018,12,8,18138,27992.0,0,0
885,390609,2018,9,8,18592,22338.0,0,0
885,390600,2018,9,4,8384,25536.0,0,0
885,392899,2018,4,4,8300,12518.0,0,0
885,390662,2018,3,2,2324,3338.0,0,0
885,390297,2018,2,1,0,0.0,0,0
885,390902,2018,4,0,0,0.0,0,0
885,392907,2018,9,0,0,0.0,0,0
885,392828,2018,11,0,0,0.0,0,0
885,390907,2018,12,0,0,0.0,0,0
886,392297,2018,6,12,26816,40264.0,0,0
886,392298,2018,12,8,16688,25532.0,0,0
886,392299,2018,9,8,16324,24736.0,0,0
886,390900,2018,9,2,3700,5530.0,0,0
886,392949,2018,4,4,8600,12538.0,0,0
886,390617,2018,3,2,2600,3700.0,0,0
886,390897,2018,2,0,0,0.0,0,0
886,390689,2018,3,0,0,0.0,0,0
886,392803,2018,9,0,0,0.0,0,0
886,390906,2018,11,0,0,0.0,0,0
886,390907,2018,12,0,0,0.0,0,0
887,392297,2018,6,12,22884,45966.0,0,0
887,390298,2018,10,8,16688,25432.0,0,0
887,390299,2018,9,6,12800,20826.0,0,0
887,390900,2018,9,4,8324,20006.0,0,0
887,390641,2018,6,4,8600,10000.0,0,0
887,390660,2018,3,2,2582,0.0,0,0
887,390297,2018,2,1,0,0.0,0,0
887,390638,2018,3,0,0,0.0,0,0
887,390638,2018,9,0,0,0.0,0,0
887,390906,2018,11,0,0,0.0,0,0
887,390907,2018,12,0,0,0.0,0,0
888,392297,2018,6,20,27840,41260.0,0,0
888,392298,2018,12,9,16288,23432.0,0,0
888,390209,2018,9,8,11324,25936.0,0,0
888,390600,2018,9,4,8324,25516.0,0,0
888,390299,2018,2,8,11892,19338.0,0,0
888,390666,2018,8,2,2800,6938.0,0,0
888,390603,2018,2,1,2381,5536.0,0,0
888,390668,2018,2,0,0,0.0,0,0
888,390299,2018,4,0,0,0.0,0,0
888,390606,2018,9,0,0,0.0,0,0
888,392307,2018,12,0,0,0.0,0,0
889,392297,2018,6,12,27880,41260.0,0,0
889,390298,2018,12,9,16688,25432.0,0,0
889,392299,2018,9,8,12324,25736.0,0,0
889,392299,2018,9,8,12729,20036.0,0,0
889,392901,2018,4,6,19600,11938.0,0,0
889,390602,2018,3,2,2800,6900.0,0,0
889,390903,2018,2,1,2100,5800.0,0,0
889,390638,2018,5,0,0,0.0,0,0
889,390635,2018,4,0,0,0.0,0,0
889,390909,2018,11,0,0,0.0,0,0
889,390607,2018,12,0,0,0.0,0,0
890,392297,2018,6,12,27836,41864.0,0,0
890,392898,2018,10,8,18128,22552.0,0,0
890,390609,2018,9,8,16324,25736.0,0,0
890,390900,2018,9,4,5524,29536.0,0,0
890,390600,2018,4,4,9692,12538.0,0,0
890,390602,2018,11,2,2536,6900.0,0,0
890,390617,2018,2,1,1,0.5,0,0
890,390598,2018,3,0,0,0.0,0,0
890,390904,2018,9,0,0,0.0,0,0
890,392906,2018,9,0,0,0.0,0,0
890,390907,2018,12,0,0,0.0,0,0
891,392297,2018,6,12,27864,41796.0,0,0
891,390298,2018,10,8,16688,25932.0,0,0
891,390299,2018,9,6,18327,18322.0,0,0
891,390290,2018,9,4,3795,18936.0,0,0
891,390201,2018,2,2,8340,11484.0,0,0
891,390902,2018,3,2,2800,4700.0,0,0
891,392897,2018,2,0,0,0.0,0,0
891,390668,2018,3,0,0,0.0,0,0
891,392303,2018,9,0,0,0.0,0,0
891,390909,2018,11,0,0,0.0,0,0
891,390907,2018,12,0,0,0.0,0,0
892,392816,2018,7,8,12684,18966.0,0,0
892,392297,2018,10,8,19888,24722.0,0,0
892,392299,2018,9,4,2324,6836.0,0,0
892,390688,2018,9,4,3824,5536.0,0,0
892,390299,2018,4,4,8800,10000.0,0,0
892,390621,2018,3,2,8321,8900.0,0,0
892,390903,2018,2,1,5881,5800.5,0,0
892,392897,2018,3,0,0,0.0,0,0
892,390633,2018,9,0,0,0.0,0,0
892,390634,2018,11,0,0,0.0,0,0
892,390299,2018,12,0,0,0.0,0,0
893,392297,2018,6,12,27884,41766.0,0,0
893,390618,2018,10,8,18374,25436.0,0,0
893,390299,2018,9,8,12804,20826.0,0,0
893,390299,2018,9,4,8324,5536.0,0,0
893,390601,2018,4,6,13600,12714.0,0,0
893,390666,2018,3,2,2388,6900.0,0,0
893,390667,2018,2,1,2388,3100.0,0,0
893,390902,2018,3,0,0,0.0,0,0
893,390908,2018,9,0,0,0.0,0,0
893,390969,2018,11,0,0,0.0,0,0
893,392307,2018,12,0,0,0.0,0,0
894,390297,2018,6,20,28840,42260.0,0,0
894,390698,2018,12,8,16128,25732.0,0,0
894,390949,2018,9,8,12392,25528.0,0,0
894,390600,2018,9,8,15524,25936.0,0,0
894,390600,2018,3,4,8600,14518.0,0,0
894,390616,2018,3,2,2600,6900.0,0,0
894,390903,2018,2,1,1811,2700.0,0,0
894,390632,2018,3,0,0,0.0,0,0
894,390605,2018,9,0,0,0.0,0,0
894,390906,2018,11,0,0,0.0,0,0
894,392807,2018,12,0,0,0.0,0,0
895,392297,2018,6,12,27880,41260.0,0,0
895,390298,2018,12,12,11708,25452.0,0,0
895,390299,2018,9,8,14604,25726.0,0,0
895,390610,2018,9,4,8324,5516.0,0,0
895,390633,2018,2,4,8600,12638.0,0,0
895,390699,2018,3,2,2800,6900.0,0,0
895,390667,2018,2,1,2600,0.0,0,0
895,390638,2018,3,0,0,0.0,0,0
895,392299,2018,9,0,0,0.0,0,0
895,390668,2018,11,0,0,0.0,0,0
895,392899,2018,10,0,0,0.0,0,0
896,392297,2018,6,12,27812,41908.0,0,0
896,392298,2018,10,8,18378,25432.0,0,0
896,390299,2018,9,8,12604,20822.0,0,0
896,390900,2018,9,2,8320,5930.0,0,0
896,390905,2018,4,4,8692,12914.0,0,0
896,390902,2018,3,2,2800,6900.0,0,0
896,390903,2018,2,1,0,0.0,0,0
896,390908,2018,3,0,0,0.0,0,0
896,390903,2018,9,0,0,0.0,0,0
896,390906,2018,11,0,0,0.0,0,0
896,390907,2018,12,0,0,0.0,0,0
897,392297,2018,6,20,26840,40260.0,0,0
897,390298,2018,12,9,16688,22532.0,0,0
897,392299,2018,9,8,15224,24796.0,0,0
897,390200,2018,9,2,5524,5506.0,0,0
897,390601,2018,4,4,8600,13338.0,0,0
897,390672,2018,3,2,2800,3332.0,0,0
897,390603,2018,2,1,2881,3488.0,0,0
897,390608,2018,5,0,0,0.0,0,0
897,390643,2018,9,0,0,6.0,0,0
897,390909,2018,11,0,0,0.0,0,0
897,390607,2018,12,0,0,0.0,0,0
898,392297,2018,6,12,27884,41946.0,0,0
898,390818,2018,10,8,12628,25437.0,0,0
898,392299,2018,9,8,18324,22426.0,0,0
898,390200,2018,9,4,5523,5536.0,0,0
898,390601,2018,2,4,8600,10000.0,0,0
898,390669,2018,3,2,2800,6900.0,0,0
898,390903,2018,0,2,0,0.0,0,0
898,390603,2018,3,0,0,0.0,0,0
898,390903,2018,9,0,0,0.0,0,0
898,390906,2018,11,0,0,0.0,0,0
898,392907,2018,12,0,0,0.0,0,0
899,392297,2018,6,12,27844,41266.0,0,0
899,390298,2018,10,8,18378,22532.0,0,0
899,390909,2018,11,6,12324,25406.0,0,0
899,390600,2018,9,4,8884,25536.0,0,0
899,390901,2018,2,8,11892,10008.0,0,0
899,390662,2018,3,2,2322,6900.0,0,0
899,390617,2018,2,1,2300,5400.5,0,0
899,392302,2018,3,0,0,0.0,0,0
899,392823,2018,4,0,0,0.0,0,0
899,390906,2018,9,0,0,0.0,0,0
899,390907,2018,12,0,0,0.0,0,0
900,392297,2018,6,20,26840,40260.0,0,0
900,390298,2018,10,8,18688,22532.0,0,0
900,390299,2018,4,2,12392,23408.0,0,0
900,390299,2018,9,8,15524,25536.0,0,0
900,390601,2018,2,4,8600,12518.0,0,0
900,390299,2018,3,2,2337,6900.0,0,0
900,390633,2018,2,1,0,0.0,0,0
900,390668,2018,4,0,0,0.0,0,0
900,390669,2018,9,0,0,0.0,0,0
900,390632,2018,11,0,0,0.0,0,0
900,390907,2018,12,0,0,0.0,0,0
901,392297,2018,6,12,27864,41966.0,0,0
901,392298,2018,10,8,16688,25562.0,0,0
901,392209,2018,9,6,12992,25908.0,0,0
901,390900,2018,9,4,8324,5536.0,0,0
901,390601,2018,2,4,8600,10000.0,0,0
901,390602,2018,3,2,4636,6528.0,0,0
901,390617,2018,4,1,2381,5901.0,0,0
901,390638,2018,2,0,0,0.0,0,0
901,390637,2018,9,0,0,0.0,0,0
901,390906,2018,11,0,0,0.0,0,0
901,392307,2018,12,0,0,0.0,0,0
902,392915,2018,6,16,12864,25596.0,0,0
902,392006,2018,7,12,16288,25932.0,0,0
902,392297,2018,9,8,12808,27902.0,0,0
902,390660,2018,9,4,7324,25536.0,0,0
902,390619,2018,4,0,692,12538.0,0,0
902,390602,2018,3,0,0,0.0,0,0
902,390297,2018,2,0,0,0.0,0,0
902,392898,2018,3,0,0,0.0,0,0
902,392828,2018,9,0,0,0.0,0,0
902,390902,2018,11,0,0,0.0,0,0
902,390607,2018,12,0,0,0.0,0,0
903,392297,2018,6,12,27840,41700.0,0,0
903,392298,2018,10,8,14688,25562.0,0,0
903,390809,2018,9,8,12392,20838.0,0,0
903,390900,2018,9,4,3724,25936.0,0,0
903,390900,2018,2,4,8600,10000.0,0,0
903,390602,2018,3,2,2816,6552.0,0,0
903,390902,2018,2,0,0,0.0,0,0
903,392907,2018,3,0,0,0.0,0,0
903,392905,2018,9,0,0,0.0,0,0
903,392899,2018,11,0,0,0.0,0,0
903,397607,2018,12,0,0,0.0,0,0
904,392297,2018,6,12,27844,41266.0,0,0
904,390698,2018,10,8,18618,22732.0,0,0
904,390299,2018,9,8,16342,20828.0,0,0
904,390290,2018,9,4,9524,24536.0,0,0
904,392801,2018,2,4,8600,10000.0,0,0
904,390602,2018,3,2,2800,6900.0,0,0
904,390203,2018,2,1,5400,8700.0,0,0
904,390608,2018,3,0,0,0.0,0,0
904,390605,2018,9,0,0,0.0,0,0
904,390906,2018,11,0,0,0.0,0,0
904,390907,2018,12,0,0,0.0,0,0
905,392297,2018,6,12,26845,40862.0,0,0
905,390908,2018,10,8,16608,22532.0,0,0
905,390299,2018,9,6,11884,24726.0,0,0
905,392299,2018,9,8,13794,26576.0,0,0
905,390901,2018,4,4,8640,10008.0,0,0
905,390662,2018,3,2,2800,6932.0,0,0
905,390666,2018,2,1,0,0.0,0,0
905,390903,2018,3,0,0,0.0,0,0
905,390668,2018,9,0,0,0.0,0,0
905,390906,2018,11,0,0,0.0,0,0
905,390907,2018,12,0,0,0.0,0,0
906,390297,2018,6,12,28104,42206.0,0,0
906,390298,2018,10,8,18608,25432.0,0,0
906,390299,2018,9,8,12992,24728.0,0,0
906,390298,2018,3,4,8324,24536.0,0,0
906,390801,2018,4,4,8292,12528.0,0,0
906,390602,2018,3,2,2800,6900.0,0,0
906,390903,2018,2,1,0,0.0,0,0
906,390667,2018,3,0,0,0.0,0,0
906,390637,2018,4,0,0,0.0,0,0
906,390909,2018,9,0,0,0.0,0,0
906,390907,2018,12,0,0,0.0,0,0
907,392017,2018,6,16,12864,15996.0,0,0
907,392018,2018,10,8,16688,22562.0,0,0
907,390619,2018,9,6,15600,20328.0,0,0
907,392298,2018,9,7,11824,25336.0,0,0
907,390601,2018,4,4,8300,10000.0,0,0
907,390617,2018,7,2,2636,6900.0,0,0
907,390617,2018,2,5,12321,5900.5,0,0
907,392898,2018,3,0,0,0.0,0,0
907,390303,2018,9,0,0,0.0,0,0
907,390669,2018,11,0,0,0.0,0,0
907,390907,2018,12,0,0,0.0,0,0
908,392297,2018,6,12,27880,41930.0,0,0
908,390918,2018,10,8,18328,28962.0,0,0
908,392299,2018,9,6,12392,22518.0,0,0
908,390900,2018,9,4,8324,13236.0,0,0
908,390899,2018,2,8,12892,12538.0,0,0
908,392890,2018,3,2,2800,2700.0,0,0
908,390297,2018,2,1,0,0.0,0,0
908,390667,2018,3,0,0,0.0,0,0
908,390903,2018,4,0,0,0.0,0,0
908,392906,2018,11,0,0,0.0,0,0
908,390907,2018,12,0,0,0.0,0,0
909,392297,2018,6,20,22840,15260.0,0,0
909,392898,2018,10,8,16688,24732.0,0,0
909,390299,2018,9,8,12324,20736.0,0,0
909,390299,2018,9,4,5524,5536.0,0,0
909,390662,2018,4,4,8892,12338.0,0,0
909,390662,2018,3,2,4632,6900.0,0,0
909,390897,2018,2,1,1800,6800.0,0,0
909,392909,2018,3,0,0,0.0,0,0
909,390667,2018,9,0,0,0.0,0,0
909,390906,2018,11,0,0,0.0,0,0
909,390907,2018,12,0,0,0.0,0,0
910,392297,2018,6,20,26840,40260.0,0,0
910,392918,2018,12,9,15128,25532.0,0,0
910,392299,2018,9,8,12324,25736.0,0,0
910,392299,2018,9,8,19894,26536.0,0,0
910,390600,2018,4,4,8892,10738.0,0,0
910,390662,2018,3,2,2600,6832.0,0,0
910,390903,2018,2,1,0,0.0,0,0
910,390634,2018,3,0,0,0.0,0,0
910,390633,2018,4,0,0,0.0,0,0
910,392906,2018,11,0,0,0.0,0,0
910,390909,2018,12,0,0,0.0,0,0
911,392205,2018,6,12,12864,25496.0,0,0
911,390296,2018,7,8,12992,26538.0,0,0
911,392297,2018,11,8,17104,25826.0,0,0
911,390298,2018,9,8,19684,20006.0,0,0
911,392299,2018,4,4,8600,10468.0,0,0
911,390290,2018,8,2,2800,6900.0,0,0
911,390297,2018,2,1,0,0.0,0,0
911,390908,2018,3,0,0,0.0,0,0
911,390299,2018,9,0,0,0.0,0,0
911,390908,2018,11,0,0,0.0,0,0
911,390607,2018,12,0,0,0.0,0,0
912,392297,2018,6,20,26840,40260.0,0,0
912,390298,2018,12,12,18378,22552.0,0,0
912,390299,2018,9,8,12324,22906.0,0,0
912,390600,2018,9,2,5524,5136.0,0,0
912,392299,2018,2,4,8600,10438.0,0,0
912,390602,2018,3,2,2600,0.0,0,0
912,390903,2018,2,0,0,0.0,0,0
912,390903,2018,3,0,0,0.0,0,0
912,390637,2018,9,0,0,0.0,0,0
912,390906,2018,11,0,0,0.0,0,0
912,392205,2018,12,0,0,0.0,0,0
913,390297,2018,6,20,26800,40200.0,0,0
913,392298,2018,12,9,18328,24452.0,0,0
913,390299,2018,9,8,12384,25306.0,0,0
913,390200,2018,9,4,5920,8945.0,0,0
913,390901,2018,4,4,8600,18918.0,0,0
913,390299,2018,3,2,2321,6900.0,0,0
913,390647,2018,2,1,2383,5800.0,0,0
913,390602,2018,3,0,0,0.0,0,0
913,390803,2018,9,0,0,0.0,0,0
913,390906,2018,11,0,0,0.0,0,0
913,392299,2018,12,0,0,0.0,0,0
914,390297,2018,6,12,26892,40268.0,0,0
914,390298,2018,10,8,14688,22732.0,0,0
914,392299,2018,9,8,12124,22906.0,0,0
914,390800,2018,9,4,8384,5536.0,0,0
914,390633,2018,0,4,8600,14438.0,0,0
914,390896,2018,3,2,2800,6576.0,0,0
914,390617,2018,0,2,2391,3800.0,0,0
914,390908,2018,2,0,0,0.0,0,0
914,390637,2018,9,0,0,0.0,0,0
914,390906,2018,11,0,0,0.0,0,0
914,390907,2018,12,0,0,0.0,0,0
915,392297,2018,6,12,27884,41266.0,0,0
915,390298,2018,10,8,18618,25432.0,0,0
915,390299,2018,9,8,12992,24728.0,0,0
915,390600,2018,9,4,8326,13834.0,0,0
915,390615,2018,4,4,8600,10738.0,0,0
915,390602,2018,3,2,2388,6900.0,0,0
915,390903,2018,2,1,0,0.0,0,0
915,390669,2018,4,0,0,0.0,0,0
915,390637,2018,4,0,0,0.0,0,0
915,390906,2018,11,0,0,0.0,0,0
915,392907,2018,12,0,0,0.0,0,0
916,392297,2018,6,12,22844,47966.0,0,0
916,390918,2018,10,8,16684,24736.0,0,0
916,390299,2018,9,8,12992,25968.0,0,66
916,392299,2018,9,4,8884,5936.0,0,0
916,390601,2018,4,4,8600,12438.0,0,0
916,390902,2018,3,2,2600,6900.0,0,0
916,390617,2018,2,1,0,0.0,0,0
916,390638,2018,3,0,0,0.0,0,0
916,390637,2018,9,0,0,0.0,0,0
916,390636,2018,11,0,0,0.0,0,0
916,392907,2018,12,0,0,0.0,0,0
917,390297,2018,6,20,28840,42760.0,0,0
917,392298,2018,12,8,19808,22552.0,0,0
917,390299,2018,9,8,12992,24718.0,0,0
917,390600,2018,9,4,5524,29536.0,0,0
917,390601,2018,2,4,8600,12518.0,0,0
917,390602,2018,3,2,2600,3700.0,0,0
917,390617,2018,2,1,0,0.0,0,0
917,392898,2018,3,0,0,0.0,0,0
917,390633,2018,4,0,0,0.0,0,0
917,390606,2018,9,0,0,0.0,0,0
917,392907,2018,12,0,0,0.0,0,0
918,392297,2018,6,20,22890,42260.0,0,0
918,392898,2018,10,8,18371,28932.0,0,0
918,390299,2018,9,8,16292,20828.0,0,0
918,392200,2018,9,4,7794,5536.0,0,0
918,390601,2018,2,6,12800,0.0,0,0
918,390602,2018,3,2,2600,6900.0,0,0
918,390903,2018,2,1,2381,8811.0,0,0
918,390908,2018,3,0,0,0.0,0,0
918,390899,2018,9,0,0,0.0,0,0
918,392858,2018,11,0,0,0.0,0,0
918,390607,2018,12,0,0,0.0,0,0
919,392297,2018,6,20,22980,15900.0,0,0
919,392298,2018,10,8,12958,27432.0,0,0
919,392299,2018,9,8,11814,24906.0,0,0
919,392800,2018,9,4,5524,5576.0,0,0
919,390633,2018,4,4,8600,10000.0,0,0
919,390617,2018,3,2,2384,6900.0,0,0
919,390297,2018,2,1,0,0.0,0,0
919,390909,2018,3,0,0,0.0,0,0
919,390600,2018,9,0,0,0.0,0,0
919,392206,2018,11,0,0,0.0,0,0
919,392807,2018,12,0,0,0.0,0,0
920,392297,2018,6,12,12864,25196.0,0,0
920,392298,2018,5,8,18388,25432.0,0,0
920,392299,2018,12,2,11864,25736.0,0,0
920,390633,2018,9,8,12524,25736.0,0,0
920,390201,2018,4,4,8600,10000.0,0,0
920,390602,2018,3,2,2584,6900.0,0,0
920,392303,2018,2,1,0,0.0,0,0
920,392298,2018,3,0,0,0.0,0,0
920,392905,2018,4,0,0,0.0,0,0
920,390906,2018,11,0,0,0.0,0,0
920,392907,2018,12,0,0,0.0,0,0
921,392017,2018,6,12,27884,41936.0,0,0
921,392918,2018,10,8,18656,22534.0,0,0
921,390919,2018,9,8,12992,22328.0,0,0
921,390000,2018,9,4,7604,5736.0,0,0
921,392301,2018,4,4,8348,10004.0,0,0
921,392899,2018,3,2,2800,6576.0,0,0
921,390297,2018,10,2,0,0.0,0,0
921,390607,2018,3,0,0,0.0,0,0
921,390619,2018,9,0,0,0.0,0,0
921,390906,2018,11,0,0,0.0,0,0
921,390307,2018,12,0,0,0.0,0,0
922,392297,2018,6,12,27880,41260.0,0,0
922,392918,2018,10,8,16618,26532.0,0,0
922,390299,2018,9,8,12324,24736.0,0,0
922,392299,2018,9,4,5600,5736.0,0,0
922,392300,2018,4,4,8600,6512.0,0,0
922,392299,2018,3,2,2800,3338.0,0,0
922,392897,2018,2,0,0,0.0,0,0
922,390907,2018,2,0,0,0.0,0,0
922,390637,2018,9,0,0,0.0,0,0
922,390606,2018,11,0,0,0.0,0,0
922,390607,2018,10,0,0,0.0,0,0
923,392297,2018,6,12,27844,41936.0,0,0
923,390298,2018,10,8,18618,22522.0,0,0
923,392299,2018,9,6,18324,25821.0,0,0
923,390299,2018,9,4,8824,5936.0,0,0
923,390903,2018,4,4,8600,12468.0,0,0
923,390899,2018,3,2,2200,6900.0,0,0
923,390903,2018,2,1,0,0.0,0,0
923,392828,2018,3,0,0,0.0,0,0
923,390909,2018,9,0,0,0.0,0,0
923,390906,2018,11,0,0,0.0,0,0
923,390297,2018,12,0,0,0.0,0,0
924,392297,2018,6,20,26840,40260.0,0,0
924,392298,2018,12,8,16288,22532.0,0,0
924,390299,2018,9,8,12324,22006.0,0,0
924,390630,2018,9,8,19324,25736.0,0,0
924,390900,2018,2,4,3600,12512.0,0,0
924,390649,2018,3,2,2800,6900.0,0,0
924,390297,2018,2,0,0,0.0,0,0
924,392307,2018,3,0,0,0.0,0,0
924,390637,2018,9,0,0,0.0,0,0
924,390609,2018,11,0,0,0.0,0,0
924,390907,2018,12,0,0,0.0,0,0
925,392297,2018,6,20,27810,41260.0,0,0
925,392298,2018,12,9,16618,24732.0,0,0
925,392069,2018,9,8,12324,23821.0,0,0
925,392019,2018,9,4,5524,25536.0,0,0
925,392900,2018,4,4,8600,10000.0,0,0
925,392802,2018,3,2,2384,3800.0,0,0
925,390617,2018,2,1,0,0.0,0,0
925,390638,2018,3,0,0,0.0,0,0
925,392903,2018,9,0,0,0.0,0,0
925,390906,2018,11,0,0,0.0,0,0
925,392899,2018,12,0,0,0.0,0,0
926,390297,2018,6,20,26800,40200.0,0,0
926,390908,2018,12,9,16688,22792.0,0,0
926,390299,2018,7,8,15324,25906.0,0,0
926,390900,2018,9,4,5520,5530.0,0,0
926,390299,2018,4,6,12800,10000.0,0,0
926,390666,2018,3,2,2800,6938.0,0,0
926,390603,2018,2,1,0,0.0,0,0
926,390907,2018,3,0,0,0.0,0,0
926,390633,2018,9,0,0,0.0,0,0
926,392906,2018,11,0,0,0.0,0,0
926,390907,2018,10,0,0,0.0,0,0
927,390297,2018,6,20,26840,40260.0,0,0
927,390618,2018,10,8,16218,22732.0,0,0
927,390299,2018,9,8,15324,25336.0,0,0
927,390600,2018,9,4,8324,20006.0,0,0
927,390901,2018,4,4,8600,12518.0,0,0
927,390890,2018,3,2,2600,6900.0,0,0
927,390638,2018,2,1,0,0.0,0,0
927,390298,2018,3,0,0,0.0,0,0
927,392303,2018,9,0,0,0.0,0,0
927,390639,2018,11,0,0,0.0,0,0
927,390297,2018,12,0,0,0.0,0,0
928,392297,2018,6,20,26840,40260.0,0,0
928,392298,2018,12,9,16628,22532.0,0,0
928,392299,2018,9,8,16224,25906.0,0,0
928,390299,2018,9,4,8324,29536.0,0,0
928,390660,2018,4,4,8600,12538.0,0,0
928,390299,2018,3,2,2324,6900.0,0,0
928,390666,2018,2,1,0,0.0,0,0
928,390908,2018,2,0,0,0.0,0,0
928,392899,2018,9,0,0,0.0,0,0
928,390906,2018,11,0,0,0.0,0,0
928,390907,2018,12,0,0,0.0,0,0
929,392297,2018,6,12,27880,41720.0,0,0
929,392298,2018,10,8,18392,25438.0,0,0
929,390299,2018,5,8,12324,25926.0,0,0
929,390619,2018,9,4,8324,28936.0,0,0
929,390619,2018,2,4,8600,12932.0,0,0
929,390662,2018,9,2,2300,6900.0,0,0
929,390303,2018,2,1,1881,6900.0,0,0
929,392898,2018,3,0,0,0.0,0,0
929,392303,2018,9,0,0,0.0,0,0
929,390906,2018,11,0,0,0.0,0,0
929,390607,2018,12,0,0,0.0,0,0
930,392816,2018,7,28,15864,25596.0,0,0
930,390617,2018,8,12,25888,32532.0,0,0
930,390618,2018,11,8,15324,23826.0,0,0
930,390299,2018,9,8,19804,25936.0,0,0
930,390665,2018,4,6,8600,10000.0,0,0
930,390662,2018,3,2,2800,0.0,0,0
930,390903,2018,2,1,0,0.0,0,0
930,390638,2018,3,0,0,0.0,0,0
930,392899,2018,9,0,0,0.0,0,0
930,390906,2018,11,0,0,0.0,0,0
930,390637,2018,12,0,0,0.0,0,0
931,388955,2018,6,16,21876,42264.0,0,0
931,392896,2018,9,8,16618,25432.0,0,0
931,390297,2018,9,8,16224,20826.0,0,0
931,390662,2018,9,4,8324,12536.0,0,0
931,390600,2018,4,4,8600,10432.0,0,0
931,390602,2018,3,2,2800,6832.0,0,0
931,390617,2018,2,1,2381,5400.0,0,0
931,390608,2018,3,0,0,0.0,0,0
931,390607,2018,9,0,0,0.0,0,0
931,390606,2018,11,0,0,0.0,0,0
931,390907,2018,12,0,0,0.0,0,0
932,390297,2018,6,12,27844,42266.0,0,0
932,390298,2018,12,8,18618,25432.0,0,0
932,390902,2018,9,8,12808,22322.0,0,0
932,390900,2018,9,4,5524,5536.0,0,0
932,390299,2018,4,4,8600,10000.0,0,0
932,392802,2018,3,2,2327,6900.0,0,0
932,390903,2018,2,1,0,0.0,0,0
932,390299,2018,8,0,0,0.0,0,0
932,390633,2018,9,0,0,0.0,0,0
932,390909,2018,11,0,0,0.0,0,0
932,390907,2018,12,0,0,0.0,0,0
933,390297,2018,6,12,26840,40260.0,0,0
933,390298,2018,10,8,18376,22534.0,0,0
933,390299,2018,9,8,18392,24728.0,0,0
933,390500,2018,9,4,8384,29536.0,0,0
933,390631,2018,2,0,600,12638.0,0,0
933,390802,2018,9,2,0,0.0,0,0
933,390297,2018,2,0,0,0.0,0,0
933,392903,2018,3,0,0,0.0,0,0
933,390637,2018,9,0,0,0.0,0,0
933,390669,2018,11,0,0,0.0,0,0
933,390907,2018,12,0,0,0.0,0,0
934,392297,2018,6,12,17884,25536.0,0,0
934,392918,2018,6,8,18378,22532.0,0,0
934,392299,2018,11,6,12800,20825.0,0,0
934,392299,2018,9,4,3600,25530.0,0,0
934,392299,2018,4,4,8600,10000.0,0,0
934,390649,2018,3,2,2600,0.0,0,0
934,392303,2018,2,1,0,0.0,0,0
934,392307,2018,6,0,0,0.0,0,0
934,390635,2018,9,0,0,0.0,0,0
934,390669,2018,11,0,0,0.0,0,0
934,390907,2018,12,0,0,0.0,0,0
935,390297,2018,6,20,27892,46908.0,0,0
935,390298,2018,10,8,14608,25412.0,0,0
935,390299,2018,9,8,18308,25722.0,0,0
935,390299,2018,9,4,8324,5536.0,0,0
935,390901,2018,2,4,8600,12618.0,0,0
935,390666,2018,3,2,2600,6900.0,0,0
935,390303,2018,2,0,0,0.0,0,0
935,390908,2018,3,0,0,0.0,0,0
935,390633,2018,9,0,0,0.0,0,0
935,390966,2018,11,0,0,0.0,0,0
935,392297,2018,12,0,0,0.0,0,0
936,390297,2018,6,12,27876,41904.0,0,0
936,392298,2018,10,8,18128,25532.0,0,0
936,392299,2018,9,8,12324,25736.0,0,0
936,390900,2018,9,2,5524,5536.0,0,0
936,390299,2018,4,6,11600,11438.0,0,0
936,390602,2018,3,4,2384,6900.0,0,0
936,390303,2018,2,0,0,0.0,0,0
936,392907,2018,3,0,0,0.0,0,0
936,390905,2018,9,0,0,0.0,0,0
936,390906,2018,11,0,0,0.0,0,0
936,390907,2018,12,0,0,0.0,0,0
937,390297,2018,6,20,26810,40260.0,0,0
937,392298,2018,12,9,12128,22552.0,0,0
937,392299,2018,9,8,12392,22408.0,0,0
937,390200,2018,9,8,19892,25338.0,0,0
937,390202,2018,4,4,8600,10000.0,0,0
937,390662,2018,3,2,2600,6900.0,0,0
937,390297,2018,2,1,2300,0.0,0,0
937,390669,2018,3,0,0,0.0,0,0
937,392899,2018,4,0,0,0.0,0,0
937,390906,2018,11,0,0,0.0,0,0
937,390907,2018,12,0,0,0.0,0,0
938,392017,2018,6,12,27864,41796.0,0,0
938,392918,2018,12,8,18356,25434.0,0,0
938,392299,2018,9,8,14392,26908.0,0,0
938,390900,2018,9,8,11509,25536.0,0,0
938,390665,2018,4,4,8600,17938.0,0,0
938,390662,2018,3,2,2813,6900.0,0,0
938,390907,2018,2,1,0,0.0,0,0
938,392668,2018,3,0,0,0.0,0,0
938,392827,2018,9,0,0,0.0,0,0
938,390906,2018,11,0,0,0.0,0,0
938,390907,2018,12,0,0,0.0,0,0
939,392899,2018,7,12,12864,25396.0,0,0
939,390290,2018,8,12,18388,25432.0,0,0
939,390291,2018,9,8,16392,20738.0,0,0
939,390619,2018,9,8,12324,23876.0,0,64
939,390660,2018,4,6,19892,13738.0,0,0
939,390602,2018,3,2,2800,4700.0,0,0
939,390903,2018,2,3,0,0.0,0,0
939,390602,2018,3,0,0,0.0,0,0
939,390605,2018,9,0,0,0.0,0,0
939,392298,2018,11,0,0,0.0,0,0
939,390607,2018,12,0,0,0.0,0,0
940,390297,2018,6,12,22840,42260.0,0,0
940,390298,2018,12,9,16888,22532.0,0,0
940,390299,2018,9,8,12992,29338.0,0,0
940,390290,2018,9,8,19824,25936.0,0,0
940,390643,2018,4,4,8800,10000.0,0,0
940,390602,2018,3,2,2321,12700.0,0,0
940,390616,2018,2,1,0,0.0,0,0
940,390639,2018,3,0,0,0.0,0,0
940,390299,2018,9,0,0,0.0,0,0
940,390906,2018,11,0,0,0.0,0,0
940,390907,2018,12,0,0,0.0,0,0
941,392007,2018,6,12,28884,42236.0,0,0
941,392298,2018,10,8,12688,22532.0,0,0
941,390299,2018,9,8,12500,20000.0,0,0
941,392800,2018,9,4,8324,15936.0,0,0
941,390901,2018,4,4,8600,11468.0,0,0
941,390662,2018,3,2,2384,6976.0,0,0
941,390203,2018,2,1,0,0.0,0,0
941,390604,2018,3,0,0,0.0,0,0
941,390638,2018,9,0,0,0.0,0,0
941,392306,2018,11,0,0,0.0,0,0
941,390907,2018,12,0,0,0.0,0,0
942,392205,2018,6,12,12864,18196.0,0,0
942,392016,2018,10,8,18388,25932.0,0,0
942,392297,2018,9,8,12884,25316.0,0,0
942,392298,2018,9,2,5524,5936.0,0,0
942,390600,2018,4,4,3600,10000.0,0,0
942,392899,2018,3,2,2800,6900.0,0,0
942,392903,2018,2,0,0,0.0,0,0
942,390668,2018,3,0,0,0.0,0,0
942,390659,2018,9,0,0,0.0,0,0
942,390906,2018,11,0,0,0.0,0,0
942,390907,2018,12,0,0,0.0,0,0
943,390297,2018,6,20,27870,41260.0,0,0
943,390698,2018,12,9,16628,25432.0,0,0
943,390299,2018,4,8,11604,22536.0,0,0
943,390600,2018,9,4,5524,8336.0,0,0
943,390891,2018,2,0,600,14468.0,0,0
943,390602,2018,3,0,0,0.0,0,0
943,390697,2018,2,0,0,0.0,0,0
943,390604,2018,5,0,0,0.0,0,0
943,390607,2018,9,0,0,0.0,0,0
943,392306,2018,11,0,0,0.0,0,0
943,390607,2018,12,0,0,0.0,0,0
944,392297,2018,6,12,12880,25320.0,0,0
944,392898,2018,8,12,16688,25432.0,0,0
944,392299,2018,11,8,12324,25736.0,0,0
944,390947,2018,9,2,7324,5536.0,0,0
944,390299,2018,4,4,8800,10000.0,0,0
944,390802,2018,3,2,2600,4738.0,0,0
944,390299,2018,2,0,0,0.0,0,0
944,392902,2018,3,0,0,0.0,0,0
944,392299,2018,9,0,0,0.0,0,0
944,390906,2018,11,0,0,0.0,0,0
944,392307,2018,12,0,0,0.0,0,0
945,392297,2018,6,20,27840,41260.0,0,0
945,392298,2018,10,8,16628,25512.0,0,0
945,390299,2018,9,8,12392,29218.0,0,0
945,390290,2018,9,4,5524,5436.0,0,0
945,390639,2018,2,0,600,12558.0,0,0
945,390547,2018,3,0,0,0.0,0,0
945,390663,2018,2,0,0,0.0,0,0
945,390204,2018,3,0,0,0.0,0,0
945,392805,2018,9,0,0,0.0,0,0
945,390906,2018,11,0,0,0.0,0,0
945,390907,2018,12,0,0,0.0,0,0
946,392297,2018,6,20,27880,41940.0,0,0
946,390918,2018,12,9,16688,22532.0,0,0
946,390299,2018,9,8,12992,25838.0,0,0
946,390290,2018,9,8,12524,20006.0,0,0
946,390610,2018,4,4,8600,17938.0,0,0
946,390899,2018,3,2,0,0.0,0,0
946,390903,2018,2,0,0,0.0,0,0
946,390602,2018,6,0,0,0.0,0,0
946,390297,2018,9,0,0,0.0,0,0
946,390906,2018,11,0,0,0.0,0,0
946,390907,2018,12,0,0,0.0,0,0
947,392297,2018,6,12,27880,41900.0,0,0
947,390298,2018,12,8,16688,25432.0,0,0
947,390809,2018,4,8,11824,25906.0,0,0
947,390299,2018,9,4,5524,25536.0,0,0
947,390631,2018,4,4,8600,17938.0,0,0
947,390689,2018,3,2,2321,4700.0,0,0
947,390803,2018,2,0,0,0.0,0,0
947,392302,2018,3,0,0,0.0,0,0
947,390643,2018,9,0,0,0.0,0,0
947,390906,2018,11,0,0,0.0,0,0
947,390907,2018,12,0,0,0.0,0,0
948,392915,2018,6,16,17864,25796.0,0,0
948,392296,2018,7,12,18888,25432.0,0,0
948,392297,2018,8,8,15864,20906.0,0,0
948,392298,2018,9,4,7800,20030.0,0,0
948,392801,2018,4,4,8600,10400.0,0,0
948,390902,2018,3,2,2337,8942.0,0,0
948,392299,2018,2,1,0,0.0,0,0
948,390667,2018,3,0,0,0.0,0,0
948,390903,2018,9,0,0,0.0,0,0
948,390909,2018,11,0,0,0.0,0,0
948,390299,2018,12,0,0,0.0,0,0
949,392067,2018,6,12,27844,41266.0,0,0
949,392818,2018,12,8,18288,22532.0,0,0
949,392299,2018,9,8,12324,25256.0,0,0
949,390560,2018,9,4,5524,28336.0,0,0
949,392801,2018,4,4,8800,10000.0,0,0
949,390902,2018,3,2,2384,6900.0,0,0
949,390903,2018,2,1,0,0.0,0,0
949,390907,2018,3,0,0,0.0,0,0
949,390907,2018,9,0,0,0.0,0,0
949,390906,2018,11,0,0,0.0,0,0
949,390907,2018,12,0,0,0.0,0,0
950,392817,2018,6,16,28192,25568.0,0,0
950,390618,2018,7,12,18376,22534.0,0,0
950,392909,2018,6,8,12800,29336.0,0,0
950,392299,2018,9,8,13692,25808.0,0,0
950,390800,2018,4,4,8600,12536.0,0,0
950,390290,2018,3,2,2800,4700.0,0,0
950,390297,2018,2,0,0,0.0,0,0
950,392047,2018,4,0,0,0.0,0,0
950,390635,2018,9,0,0,0.0,0,0
950,390669,2018,11,0,0,0.0,0,0
950,390907,2018,12,0,0,0.0,0,0
951,392297,2018,6,20,26840,40260.0,0,0
951,390298,2018,12,9,16688,25462.0,0,0
951,390299,2018,9,2,15324,25522.0,0,0
951,390630,2018,9,2,3792,25538.0,0,0
951,390601,2018,4,4,8600,10000.0,0,0
951,390619,2018,3,2,2800,3100.0,0,0
951,390613,2018,2,1,2381,5800.0,0,0
951,390638,2018,3,0,0,0.0,0,0
951,390907,2018,9,0,0,0.0,0,0
951,390906,2018,11,0,0,0.0,0,0
951,390907,2018,12,0,0,0.0,0,0
952,392217,2018,6,16,28144,42266.0,0,0
952,392298,2018,10,8,12688,25452.0,0,0
952,390099,2018,9,8,12324,25936.0,0,0
952,390800,2018,9,4,3600,5336.0,0,0
952,390619,2018,4,4,8388,10738.0,0,0
952,390662,2018,3,2,2600,6900.0,0,0
952,390616,2018,2,0,0,0.0,0,0
952,390498,2018,3,0,0,0.0,0,0
952,392299,2018,9,0,0,0.0,0,0
952,392958,2018,11,0,0,0.0,0,0
952,392047,2018,12,0,0,0.0,0,0
953,390297,2018,6,12,26844,45266.0,0,0
953,392098,2018,10,8,16688,22522.0,0,0
953,390609,2018,9,8,14352,20828.0,0,0
953,390903,2018,9,8,19894,26936.0,0,0
953,390601,2018,2,4,8600,10518.0,0,0
953,390802,2018,3,2,2800,6900.0,0,0
953,390497,2018,2,1,2331,8100.0,0,0
953,390667,2018,3,0,0,0.0,0,0
953,390299,2018,9,0,0,0.0,0,0
953,390906,2018,11,0,0,0.0,0,0
953,390907,2018,12,0,0,0.0,0,0
954,392297,2018,6,20,27840,41260.0,0,0
954,392298,2018,10,8,18688,25512.0,0,0
954,390299,2018,9,8,12824,23322.0,0,0
954,390290,2018,9,2,8324,15536.0,0,0
954,390601,2018,4,4,8600,13438.0,0,0
954,390602,2018,3,2,2324,6900.0,0,0
954,390603,2018,2,1,0,0.0,0,0
954,390903,2018,4,0,0,0.0,0,0
954,392899,2018,9,0,0,0.0,0,0
954,392899,2018,9,0,0,0.0,0,0
954,390906,2018,12,0,0,0.0,0,0
955,392297,2018,6,12,22880,42260.0,0,0
955,390918,2018,10,8,16688,25432.0,0,0
955,390299,2018,9,6,19884,25396.0,0,0
955,390298,2018,9,4,9892,10034.0,0,0
955,390900,2018,2,4,8600,12518.0,0,0
955,390298,2018,3,2,2324,6936.0,0,0
955,390497,2018,2,1,0,0.0,0,0
955,390607,2018,3,0,0,0.0,0,0
955,392299,2018,9,0,0,0.0,0,0
955,390906,2018,11,0,0,0.0,0,0
955,390907,2018,12,0,0,0.0,0,0
956,392800,2018,6,12,16684,25566.0,0,0
956,390611,2018,7,12,22888,35432.0,0,0
956,390299,2018,9,8,12504,29336.0,0,0
956,392299,2018,9,8,15524,25536.0,0,0
956,390619,2018,2,4,8600,10006.0,0,0
956,390902,2018,11,2,2800,3322.0,0,0
956,390637,2018,2,1,0,0.0,0,0
956,390632,2018,3,0,0,0.0,0,0
956,390299,2018,9,0,0,0.0,0,0
956,390900,2018,11,0,0,0.0,0,0
956,390907,2018,12,0,0,0.0,0,0
957,392816,2018,6,16,28144,42266.0,0,0
957,390297,2018,10,8,18688,25432.0,0,0
957,390299,2018,4,8,15348,20822.0,600,0
957,390600,2018,9,2,3624,5516.0,0,0
957,390601,2018,4,6,8600,10000.0,0,0
957,392902,2018,9,2,2587,3500.0,0,0
957,390643,2018,2,0,0,0.0,0,0
957,390898,2018,3,0,0,0.0,0,0
957,390603,2018,9,0,0,0.0,0,0
957,390906,2018,11,0,0,0.0,0,0
957,390907,2018,12,0,0,0.0,0,0
958,392297,2018,6,20,27840,41260.0,0,0
958,392018,2018,12,12,18328,22552.0,0,0
958,390299,2018,4,8,14192,25428.0,0,0
958,392290,2018,9,8,12792,25538.0,0,0
958,390671,2018,2,4,8600,10000.0,0,0
958,392802,2018,3,3,2312,3338.0,0,0
958,390643,2018,2,1,1,0.0,0,0
958,392909,2018,7,0,0,0.0,0,0
958,390893,2018,9,0,0,0.0,0,0
958,390638,2018,11,0,0,0.0,0,0
958,392307,2018,10,0,0,0.0,0,0
959,390297,2018,6,22,27876,41904.0,0,0
959,390298,2018,10,8,16608,25432.0,0,0
959,390609,2018,9,6,12992,20828.0,0,0
959,390900,2018,9,2,3624,5536.0,0,0
959,390901,2018,4,4,8392,12938.0,0,0
959,390666,2018,3,2,2600,6900.0,0,0
959,390617,2018,2,7,1881,6800.0,0,0
959,390909,2018,4,0,0,0.0,0,0
959,390907,2018,4,0,0,0.0,0,0
959,390606,2018,11,0,0,0.0,0,0
959,390907,2018,12,0,0,0.0,0,0
960,392816,2018,7,16,12656,25784.0,0,0
960,392817,2018,6,12,21888,35432.0,0,0
960,390618,2018,12,8,16324,20828.0,0,0
960,392298,2018,9,4,5524,5536.0,0,0
960,392299,2018,4,4,8600,12512.0,0,0
960,390002,2018,3,2,2321,6500.0,0,0
960,392303,2018,2,1,1,0.0,0,0
960,390638,2018,3,0,0,0.0,0,0
960,390669,2018,4,0,0,0.0,0,0
960,390669,2018,9,0,0,0.0,0,0
960,392907,2018,12,0,0,0.0,0,0
961,390297,2018,6,12,13844,25266.0,0,0
961,390208,2018,10,8,18288,25152.0,0,0
961,390609,2018,9,6,15324,24726.0,0,0
961,390900,2018,9,4,8892,12538.0,0,0
961,390901,2018,2,4,8100,12512.0,0,0
961,390602,2018,3,2,2324,3338.0,0,0
961,390637,2018,2,1,0,0.5,366,0
961,390619,2018,3,0,0,0.0,0,0
961,390297,2018,9,0,0,0.0,0,0
961,390669,2018,11,0,0,0.0,0,0
961,390607,2018,12,0,0,0.0,0,0
962,392817,2018,6,16,28684,42216.0,0,0
962,390618,2018,10,8,18128,28932.0,0,0
962,390299,2018,9,6,6224,24726.0,0,0
962,392299,2018,9,2,3824,5536.0,376,0
962,390639,2018,4,4,7600,12515.0,0,0
962,390696,2018,3,2,2812,6900.0,0,0
962,390617,2018,2,1,0,0.5,366,0
962,390903,2018,3,0,0,0.0,0,0
962,390637,2018,9,0,0,0.0,0,0
962,390906,2018,11,0,0,0.0,0,0
962,390607,2018,12,0,0,0.0,0,0
963,392207,2018,6,12,11884,25526.0,0,0
963,392908,2018,9,8,18688,25432.0,0,0
963,392909,2018,10,6,16324,25736.0,0,0
963,390200,2018,9,4,3700,25516.0,0,0
963,390619,2018,4,4,8600,10000.0,0,0
963,390602,2018,3,2,2600,3338.0,0,0
963,390902,2018,2,1,0,0.5,315,0
963,390667,2018,3,0,0,0.0,0,0
963,390633,2018,9,0,0,0.0,0,0
963,390906,2018,11,0,0,0.0,0,0
963,390907,2018,12,0,0,0.0,0,0
964,392816,2018,7,12,12864,25396.0,765,136
964,392857,2018,8,12,28388,32432.0,0,0
964,392299,2018,11,8,18324,25736.0,0,0
964,392299,2018,9,8,11884,25536.0,0,0
964,390639,2018,4,6,12292,12528.0,0,0
964,392900,2018,11,2,2818,6900.0,0,0
964,390603,2018,2,1,0,0.0,0,0
964,390638,2018,3,0,0,0.0,0,0
964,390668,2018,9,0,0,0.0,0,0
964,390669,2018,9,0,0,0.0,0,0
964,392307,2018,12,0,0,0.0,0,0
965,392816,2018,7,16,12692,25568.0,0,0
965,392897,2018,6,8,15428,24732.0,0,0
965,390649,2018,8,8,15324,24736.0,0,0
965,390619,2018,9,8,19824,25536.0,0,0
965,392800,2018,2,4,8800,12918.0,0,0
965,390602,2018,3,2,4600,6900.0,0,0
965,390617,2018,2,1,0,0.0,0,0
965,392908,2018,3,0,0,0.0,0,0
965,390633,2018,9,0,0,0.0,0,0
965,392900,2018,11,0,0,0.0,0,0
965,392907,2018,12,0,0,0.0,0,0
966,392297,2018,6,20,26840,40260.0,0,0
966,390298,2018,12,9,16818,22452.0,0,0
966,390299,2018,9,8,18324,20816.0,0,0
966,390900,2018,9,4,5824,25906.0,0,0
966,390902,2018,4,4,8600,20000.0,0,0
966,390302,2018,3,2,2800,3500.0,0,0
966,392903,2018,2,0,0,0.0,0,0
966,392908,2018,6,0,0,0.0,0,0
966,390605,2018,9,0,0,0.0,0,0
966,390047,2018,11,0,0,0.0,0,0
966,390607,2018,12,0,0,0.0,0,0
967,392295,2018,6,12,12864,25596.0,0,0
967,392296,2018,8,12,28388,34732.0,0,0
967,392097,2018,9,8,15324,25228.0,0,0
967,392299,2018,9,8,19892,26938.0,0,0
967,390900,2018,4,6,10600,20000.0,0,0
967,392299,2018,3,4,2800,5900.0,0,0
967,390297,2018,2,1,0,0.0,0,0
967,390638,2018,3,0,0,0.0,0,0
967,392899,2018,9,0,0,0.0,0,0
967,390909,2018,11,0,0,0.0,0,0
967,390907,2018,12,0,0,0.0,0,0
968,392297,2018,6,12,22884,45566.0,0,0
968,390298,2018,10,8,16688,25432.0,0,0
968,390299,2018,9,8,12324,25906.0,0,0
968,390299,2018,9,4,8324,29536.0,0,0
968,390901,2018,2,4,8892,12652.0,0,0
968,390902,2018,3,2,2800,6500.0,0,0
968,390903,2018,2,0,0,0.0,0,0
968,390902,2018,3,0,0,0.0,0,0
968,390297,2018,9,0,0,0.0,0,0
968,390906,2018,11,0,0,0.0,0,0
968,390907,2018,12,0,0,0.0,0,0
969,392297,2018,6,20,26810,40260.0,0,0
969,390908,2018,12,12,15128,22532.0,0,0
969,390299,2018,9,8,15324,25516.0,0,0
969,390660,2018,9,8,19824,24536.0,0,0
969,390601,2018,4,4,8600,12518.0,0,0
969,390699,2018,8,2,2800,6900.0,0,0
969,390297,2018,2,1,0,0.0,0,0
969,392898,2018,8,0,0,0.0,0,0
969,390631,2018,9,0,0,0.0,0,0
969,390906,2018,11,0,0,0.0,0,0
969,390907,2018,12,0,0,0.0,0,0
970,392297,2018,6,20,29896,44904.0,0,0
970,392918,2018,10,8,14688,25432.0,0,0
970,392809,2018,9,8,12252,25728.0,0,0
970,390802,2018,9,2,7324,5536.0,0,0
970,390901,2018,6,4,8600,12918.0,0,0
970,390902,2018,3,2,2800,3338.0,0,0
970,390662,2018,2,0,0,0.0,0,0
970,390668,2018,3,0,0,0.0,0,0
970,390667,2018,9,0,0,0.0,0,0
970,390638,2018,11,0,0,0.0,0,0
970,392907,2018,12,0,0,0.0,0,0
971,392297,2018,6,12,27884,41266.0,0,0
971,392298,2018,12,8,18378,25412.0,0,0
971,390619,2018,4,8,12224,25906.0,0,0
971,392900,2018,9,2,5524,5236.0,0,0
971,392901,2018,4,4,8600,10000.0,0,0
971,392902,2018,3,2,2324,0.0,0,0
971,390903,2018,2,1,0,0.0,0,0
971,390603,2018,3,0,0,0.0,0,0
971,390635,2018,9,0,0,0.0,0,0
971,392906,2018,11,0,0,0.0,0,0
971,392907,2018,12,0,0,0.0,0,0
972,392297,2018,6,12,27840,41260.0,0,0
972,392098,2018,12,8,18388,22562.0,0,0
972,390909,2018,9,8,12324,25426.0,0,0
972,390600,2018,6,2,3600,5530.0,0,0
972,392299,2018,4,4,9992,12512.0,0,0
972,390602,2018,3,2,2800,6900.0,0,0
972,390903,2018,2,1,0,0.0,0,0
972,390908,2018,2,0,0,0.0,0,0
972,390299,2018,9,0,0,0.0,0,0
972,390306,2018,11,0,0,0.0,0,0
972,390297,2018,12,0,0,0.0,0,0
973,392816,2018,7,24,12656,25334.0,0,0
973,392297,2018,6,12,26168,34732.0,0,0
973,390298,2018,11,8,16224,25936.0,0,0
973,390900,2018,9,8,13794,25336.0,0,0
973,390600,2018,0,8,11892,10338.0,0,0
973,390902,2018,3,4,2324,6942.0,0,0
973,390603,2018,2,2,4501,5006.0,0,0
973,390667,2018,3,0,0,0.0,0,0
973,392903,2018,9,0,0,0.0,0,0
973,390669,2018,11,0,0,0.0,0,0
973,392297,2018,12,0,0,0.0,0,0
974,392015,2018,6,12,17864,25596.0,0,0
974,392296,2018,6,12,28378,31932.0,0,0
974,390297,2018,7,12,16104,25526.0,0,0
974,392800,2018,9,8,18384,29336.0,0,0
974,390639,2018,4,4,8602,10008.0,0,0
974,390698,2018,11,2,2800,6900.0,0,0
974,390617,2018,2,1,0,0.0,0,0
974,392298,2018,3,0,0,0.0,0,0
974,390637,2018,9,0,0,0.0,0,0
974,390909,2018,11,0,0,0.0,0,0
974,390907,2018,12,0,0,0.0,0,0
975,392297,2018,6,12,27864,41796.0,0,0
975,392808,2018,12,8,18378,25792.0,0,0
975,390299,2018,9,8,12892,22338.0,0,0
975,390298,2018,9,4,8329,20036.0,0,0
975,390601,2018,4,4,8800,10000.0,0,0
975,390602,2018,3,4,2316,18900.0,0,0
975,390303,2018,2,1,2291,5400.0,0,0
975,392904,2018,3,0,0,0.0,0,0
975,392821,2018,9,0,0,0.0,0,0
975,390906,2018,11,0,0,0.0,0,0
975,390907,2018,12,0,0,0.0,0,0
976,392816,2018,6,16,12864,25596.0,0,0
976,390297,2018,7,12,28288,35432.0,0,0
976,392299,2018,9,8,15324,24796.0,0,0
976,392299,2018,9,4,8824,5936.0,0,0
976,390619,2018,2,4,8800,12918.0,0,0
976,392802,2018,3,2,4632,6900.0,0,0
976,392827,2018,2,1,0,0.0,0,0
976,390637,2018,3,0,0,0.0,0,0
976,390638,2018,9,0,0,0.0,0,0
976,392906,2018,11,0,0,0.0,0,0
976,390907,2018,12,0,0,0.0,0,0
977,392297,2018,6,20,26880,40260.0,0,0
977,397618,2018,12,12,18288,22462.0,0,0
977,390299,2018,9,8,15324,25336.0,0,0
977,390668,2018,9,8,15524,25936.0,0,0
977,390901,2018,4,4,8600,10000.0,0,0
977,390902,2018,3,2,2600,6500.0,0,0
977,390903,2018,2,1,0,0.0,0,0
977,390687,2018,3,0,0,0.0,0,0
977,392803,2018,9,0,0,0.0,0,0
977,390906,2018,11,0,0,0.0,0,0
977,390907,2018,12,0,0,0.0,0,0
978,392297,2018,6,12,22864,40296.0,0,0
978,392298,2018,10,8,18378,25432.0,0,0
978,392809,2018,9,6,8392,12528.0,0,0
978,390290,2018,9,8,13324,25536.0,0,0
978,390901,2018,2,4,8600,12618.0,0,0
978,390902,2018,3,2,2800,7900.0,0,0
978,390297,2018,2,1,2381,0.0,0,0
978,390298,2018,3,0,0,0.0,0,0
978,390569,2018,9,0,0,0.0,0,0
978,390906,2018,11,0,0,0.0,0,0
978,390627,2018,12,0,0,0.0,0,0
979,392297,2018,6,12,27812,41568.0,0,0
979,392018,2018,12,8,19348,25432.0,0,0
979,390909,2018,9,8,15292,22518.0,0,0
979,390900,2018,9,4,8324,5936.0,0,0
979,390901,2018,4,4,8800,12518.0,0,0
979,390662,2018,3,2,2592,6900.0,0,0
979,390643,2018,2,1,2381,0.0,0,0
979,390967,2018,3,0,0,0.0,0,0
979,392825,2018,9,0,0,0.0,0,0
979,390906,2018,11,0,0,0.0,0,0
979,390499,2018,12,0,0,0.0,0,0
980,392297,2018,6,12,12864,16596.0,0,0
980,390618,2018,10,8,12688,25432.0,0,0
980,392299,2018,9,6,12324,20336.0,0,0
980,390299,2018,9,4,5524,5536.0,0,0
980,390299,2018,4,4,8600,12522.0,0,0
980,392302,2018,3,2,2800,4700.0,0,0
980,390303,2018,2,1,2368,5400.0,0,0
980,390668,2018,3,0,0,0.0,0,0
980,392857,2018,9,0,0,0.0,0,0
980,390606,2018,11,0,0,0.0,0,0
980,390907,2018,12,0,0,0.0,0,0
981,392297,2018,6,12,17880,25900.0,0,0
981,392808,2018,10,8,15388,22532.0,0,0
981,390299,2018,9,8,12952,25728.0,0,0
981,390298,2018,9,2,5524,5936.0,386,0
981,390901,2018,2,0,812,10000.0,0,0
981,390902,2018,3,0,0,0.0,0,0
981,390503,2018,2,0,0,0.0,0,0
981,390608,2018,3,0,0,0.0,0,0
981,392903,2018,9,0,0,0.0,0,0
981,392906,2018,11,0,0,0.0,0,0
981,392807,2018,12,0,0,0.0,0,0
982,392297,2018,6,20,12860,25560.0,0,0
982,392298,2018,6,12,28328,34432.0,0,0
982,392209,2018,11,8,10804,25906.0,0,0
982,390298,2018,9,2,5600,5536.0,0,0
982,390299,2018,4,4,8600,10000.0,0,0
982,390662,2018,3,2,2600,0.0,0,0
982,392303,2018,2,0,0,0.0,0,0
982,390203,2018,3,0,0,0.0,0,0
982,392905,2018,9,0,0,0.0,0,0
982,390906,2018,11,0,0,0.0,0,0
982,392907,2018,12,0,0,0.0,0,0
983,392217,2018,6,16,29880,47560.0,0,0
983,390298,2018,10,8,18378,22732.0,0,0
983,390299,2018,9,8,12324,29216.0,0,0
983,390299,2018,9,4,8388,5732.0,0,0
983,390049,2018,4,4,8600,12512.0,0,0
983,390666,2018,3,2,2600,6900.0,0,0
983,390297,2018,2,1,0,0.0,0,0
983,390902,2018,4,0,0,0.0,0,0
983,390635,2018,9,0,0,0.0,0,0
983,390666,2018,11,0,0,0.0,0,0
983,390607,2018,12,0,0,0.0,0,0
984,392297,2018,6,20,27880,41900.0,0,0
984,392298,2018,12,12,18388,25432.0,0,0
984,392299,2018,9,8,12324,25722.0,0,0
984,390600,2018,0,2,8884,25536.0,0,0
984,390601,2018,2,4,8608,10004.0,0,0
984,390899,2018,3,2,2636,4700.0,0,0
984,390903,2018,2,1,0,0.0,0,0
984,390607,2018,3,0,0,0.0,0,0
984,392899,2018,9,0,0,0.0,0,0
984,390606,2018,11,0,0,0.0,0,0
984,392307,2018,12,0,0,0.0,0,0
985,392297,2018,6,20,22860,45290.0,0,0
985,390298,2018,12,12,16128,25932.0,0,0
985,392299,2018,9,8,16224,25906.0,0,0
985,390630,2018,9,8,19824,25536.0,0,0
985,392299,2018,4,4,8600,10918.0,0,0
985,390639,2018,3,2,2324,6.0,0,0
985,390661,2018,2,1,5384,0.0,0,0
985,390600,2018,3,0,0,0.0,0,0
985,392298,2018,9,0,0,0.0,0,0
985,390632,2018,11,0,0,0.0,0,0
985,390907,2018,12,0,0,0.0,0,0
986,392949,2018,5,12,27894,41766.0,0,0
986,392297,2018,8,12,16628,23432.0,0,0
986,392299,2018,11,8,12392,25528.0,0,0
986,390600,2018,9,4,8324,20036.0,0,0
986,390901,2018,2,4,8600,12538.0,0,0
986,390602,2018,3,2,2800,6300.0,0,0
986,390297,2018,2,1,0,0.0,0,0
986,390668,2018,3,0,0,0.0,0,0
986,390633,2018,9,0,0,0.0,0,0
986,390619,2018,11,0,0,0.0,0,0
986,390907,2018,12,0,0,0.0,0,0
987,392297,2018,6,20,27840,41260.0,0,0
987,392298,2018,12,9,18688,25462.0,0,0
987,390619,2018,9,8,12344,25706.0,0,0
987,390290,2018,9,4,5523,5936.0,0,0
987,390801,2018,2,4,8600,10005.0,0,0
987,392802,2018,3,2,2800,6900.0,0,0
987,390617,2018,2,1,0,0.0,0,0
987,390668,2018,6,0,0,0.0,0,0
987,390667,2018,9,0,0,0.0,0,0
987,390906,2018,11,0,0,0.0,0,0
987,392907,2018,12,0,0,0.0,0,0
988,392297,2018,6,20,27840,41260.0,0,0
988,390298,2018,12,8,15128,28932.0,0,0
988,390299,2018,9,8,12324,23826.0,0,0
988,390299,2018,9,4,8324,5516.0,0,0
988,390619,2018,2,3,8800,10000.0,0,0
988,392802,2018,3,2,2324,2730.0,0,0
988,390903,2018,2,1,0,0.0,0,0
988,390667,2018,2,0,0,0.0,0,0
988,390637,2018,9,0,0,0.0,0,0
988,390666,2018,9,0,0,0.0,0,0
988,390907,2018,12,0,0,0.0,0,0
989,392017,2018,6,12,27864,41296.0,0,0
989,392018,2018,10,8,16688,25532.0,0,0
989,390299,2018,9,6,12524,25936.0,0,0
989,390290,2018,9,4,7328,5932.0,0,0
989,392899,2018,2,0,800,10000.0,0,0
989,390902,2018,3,0,0,0.0,0,0
989,392203,2018,2,0,0,0.0,0,0
989,392897,2018,8,0,0,0.0,0,0
989,390638,2018,9,0,0,0.0,0,0
989,390902,2018,11,0,0,0.0,0,0
989,390907,2018,12,0,0,0.0,0,0
990,392297,2018,6,20,27860,41290.0,0,0
990,392298,2018,10,8,18528,22732.0,0,0
990,390299,2018,9,8,18324,28336.0,0,0
990,392290,2018,6,2,8324,24536.0,0,0
990,392901,2018,2,4,8800,12518.0,0,0
990,390662,2018,3,2,2600,3700.0,0,0
990,392303,2018,2,1,0,0.0,0,0
990,390603,2018,3,0,0,0.0,0,0
990,390688,2018,9,0,0,0.0,0,0
990,390958,2018,11,0,0,0.0,0,0
990,392807,2018,12,0,0,0.0,0,0
991,392297,2018,6,12,28684,42986.0,0,0
991,392298,2018,10,8,18688,25432.0,0,0
991,390299,2018,4,6,14324,20825.0,0,0
991,390900,2018,0,4,7388,29532.0,0,0
991,390901,2018,2,0,800,0.0,0,0
991,390619,2018,3,0,0,0.0,0,0
991,392297,2018,2,0,0,0.0,0,0
991,392003,2018,6,0,0,0.0,0,0
991,390637,2018,9,0,0,0.0,0,0
991,390632,2018,11,0,0,0.0,0,0
991,390607,2018,12,0,0,0.0,0,0
992,392295,2018,6,12,17884,25526.0,0,0
992,390296,2018,6,8,16688,25432.0,0,0
992,392297,2018,6,8,16884,24726.0,0,0
992,390298,2018,9,8,16327,18936.0,0,0
992,392800,2018,4,4,8832,10408.0,0,0
992,390602,2018,3,2,2800,3318.0,0,0
992,392303,2018,2,1,0,0.0,0,0
992,390908,2018,3,0,0,0.0,0,0
992,390903,2018,9,0,0,0.0,0,0
992,390969,2018,11,0,0,0.0,0,0
992,392307,2018,12,0,0,0.0,0,0
993,392297,2018,6,12,12844,25566.0,0,0
993,392298,2018,7,8,18618,25432.0,0,0
993,392299,2018,9,6,12604,25726.0,0,0
993,390662,2018,9,4,8384,25736.0,0,0
993,392299,2018,2,4,8600,12911.0,0,0
993,390896,2018,3,2,2800,6900.0,0,0
993,390617,2018,2,1,0,0.0,0,0
993,392898,2018,3,0,0,0.0,0,0
993,392898,2018,9,0,0,0.0,0,0
993,392906,2018,11,0,0,0.0,0,0
993,390667,2018,12,0,0,0.0,0,0
994,392017,2018,6,12,27884,41726.0,0,0
994,392918,2018,10,8,16688,25932.0,0,0
994,390209,2018,9,8,12952,25908.0,0,0
994,390600,2018,9,4,5583,5514.0,0,0
994,390901,2018,0,4,8800,14718.0,0,0
994,390602,2018,3,2,2321,6532.0,0,0
994,390293,2018,2,1,0,0.0,0,0
994,390904,2018,3,0,0,0.0,0,0
994,392899,2018,9,0,0,0.0,0,0
994,390909,2018,11,0,0,0.0,0,0
994,390907,2018,12,0,0,0.0,0,0
995,392297,2018,6,12,12884,25726.0,0,0
995,392298,2018,7,8,18128,25432.0,0,0
995,392099,2018,11,6,15324,22526.0,0,0
995,392299,2018,8,8,15524,25536.0,0,0
995,392299,2018,4,4,8600,14436.0,0,0
995,390602,2018,3,2,2800,3700.0,0,0
995,390903,2018,2,1,0,0.0,0,0
995,390808,2018,3,0,0,0.0,0,0
995,390905,2018,9,0,0,0.0,0,0
995,392906,2018,11,0,0,0.0,0,0
995,390907,2018,12,0,0,0.0,0,0
996,392297,2018,6,20,26840,40260.0,0,0
996,392298,2018,12,8,18388,22552.0,0,0
996,392299,2018,9,8,16392,25908.0,0,0
996,390299,2018,9,8,19824,28336.0,0,0
996,390633,2018,4,4,9600,12538.0,0,0
996,390640,2018,3,2,8325,6800.0,0,0
996,392306,2018,2,1,2381,5711.0,0,0
996,390903,2018,0,0,0,0.0,0,0
996,392829,2018,9,0,0,0.0,0,0
996,390299,2018,11,0,0,0.0,0,0
996,392807,2018,12,0,0,0.0,0,0
997,390297,2018,6,20,26840,40260.0,0,0
997,390298,2018,12,9,18370,22430.0,0,0
997,392299,2018,9,8,12124,22906.0,0,0
997,390809,2018,9,8,19524,29536.0,0,0
997,390600,2018,4,4,8892,10536.0,0,0
997,392902,2018,3,2,2321,6312.0,0,0
997,390616,2018,2,1,2381,3400.0,0,0
997,392902,2018,3,0,0,0.0,0,0
997,390661,2018,9,0,0,0.0,0,0
997,390906,2018,11,0,0,0.0,0,0
997,392907,2018,12,0,0,0.0,0,0
998,392297,2018,6,12,22864,43296.0,0,0
998,390298,2018,12,9,14608,28932.0,0,0
998,392299,2018,9,8,12524,24726.0,0,0
998,390600,2018,9,4,7600,5510.0,0,0
998,392809,2018,4,4,8600,0.0,0,0
998,390602,2018,3,2,2321,6900.0,0,0
998,390903,2018,2,3,0,0.0,0,0
998,392299,2018,3,0,0,0.0,0,0
998,392805,2018,9,0,0,0.0,0,0
998,392906,2018,11,0,0,0.0,0,0
998,390907,2018,12,0,0,0.0,0,0
999,392915,2018,6,16,12864,25596.0,0,0
999,392816,2018,4,8,15688,25532.0,0,0
999,392297,2018,9,6,12324,23006.0,0,0
999,390668,2018,9,4,524,6836.0,0,0
999,392299,2018,2,0,600,10000.0,0,0
999,390619,2018,3,0,0,0.0,0,0
999,390619,2018,4,0,0,0.0,0,0
999,390617,2018,6,0,0,0.0,0,0
999,392297,2018,9,0,0,0.0,0,0
999,392906,2018,11,0,0,0.0,0,0
999,390607,2018,12,0,0,0.0,0,0
