individual_id,RELATE,SEX,AGE,MARST,RACE,CITIZEN,SPEAKENG,SCHOOL,EDUC,GRADEATT,SCHLTYPE,EMPSTAT,CLASSWKR,INCTOT,DISABWRK,household_id
496,0,1,83,4,0,2,2,1,3,0,1,3,0,4,1,2408438
1328,0,0,72,3,0,0,2,1,6,0,1,3,0,5,1,2408873
2107,0,0,41,0,6,3,4,1,2,0,1,1,2,9,2,2409280
2108,1,1,32,0,6,2,3,2,7,6,3,1,2,4,1,2409280
2109,2,0,12,5,6,0,3,2,2,4,2,0,0,0,0,2409280
2110,2,1,10,5,6,0,3,2,2,4,2,0,0,0,0,2409280
2254,0,0,43,5,0,0,2,1,6,0,1,2,1,1,1,2409346
2255,2,1,7,5,0,0,2,2,1,3,2,0,0,0,0,2409346
2256,7,1,40,3,0,0,2,1,6,0,1,1,2,12,1,2409346
2538,0,0,57,3,0,0,2,1,7,0,1,3,0,5,1,2409484
2850,0,0,33,0,0,0,2,1,9,0,1,1,1,30,1,2409633
2851,1,1,32,0,0,0,2,1,9,0,1,1,2,10,1,2409633
2852,2,1,10,5,0,0,2,2,1,3,2,0,0,0,0,2409633
2853,2,0,4,5,0,0,0,2,1,1,2,0,0,0,0,2409633
2944,0,0,51,0,0,0,5,1,7,0,1,1,2,14,1,2409680
2945,1,1,48,0,0,0,2,1,7,0,1,1,2,6,2,2409680
3136,0,0,49,3,0,0,2,1,6,0,1,3,0,14,2,2409778
3279,0,0,35,0,0,3,5,1,1,0,1,1,2,10,1,2409851
3280,1,1,34,0,0,3,1,1,2,0,1,3,2,7,1,2409851
3281,2,0,9,5,0,0,4,2,1,3,2,0,0,0,0,2409851
3282,2,1,5,5,0,0,5,2,1,3,2,0,0,0,0,2409851
3283,2,0,0,5,0,0,0,0,0,0,0,0,0,0,0,2409851
5006,0,0,42,3,0,0,3,1,6,0,1,1,1,24,1,2410781
5007,2,0,12,5,0,0,2,2,2,4,2,0,0,0,0,2410781
5008,7,1,40,3,0,0,2,1,6,0,1,1,2,7,1,2410781
6123,0,1,73,4,0,0,2,1,7,0,1,3,0,28,2,2411354
9049,7,0,32,1,0,0,2,1,6,0,1,3,0,0,2,2412853
11507,0,0,49,3,0,0,2,1,7,0,1,1,2,25,1,2414002
12916,0,1,29,0,0,0,2,1,6,0,1,1,1,6,1,2414642
12917,1,0,26,0,0,0,2,1,6,0,1,1,2,15,1,2414642
12918,2,0,4,5,0,0,0,2,1,1,2,0,0,0,0,2414642
12919,2,1,2,5,0,0,0,0,0,0,0,0,0,0,0,2414642
14327,0,0,62,0,0,0,2,1,7,0,1,3,2,19,1,2415307
14328,1,1,62,0,0,0,2,1,8,0,1,3,2,5,1,2415307
16750,0,1,85,3,0,0,2,1,9,0,1,3,0,17,1,2416407
18663,0,1,22,5,2,0,2,2,7,6,2,3,2,3,1,2417291
18896,0,0,58,0,0,0,2,1,9,0,1,3,2,4,1,2417396
18897,1,1,56,0,0,0,2,1,6,0,1,3,0,3,2,2417396
18898,5,1,14,5,0,0,2,2,2,5,2,0,0,0,0,2417396
18899,5,1,11,5,0,0,2,2,2,4,2,0,0,0,0,2417396
20060,7,0,20,5,0,0,2,2,6,6,2,3,2,0,1,2417931
20496,0,0,72,0,0,0,2,1,6,0,1,3,0,18,1,2418133
20497,1,1,74,0,0,0,2,1,6,0,1,3,0,15,1,2418133
21994,0,0,36,0,0,0,2,1,6,0,1,1,2,17,1,2418767
21995,1,1,38,0,7,0,2,1,6,0,1,3,0,0,1,2418767
21996,2,1,14,5,7,0,2,2,2,5,2,0,0,0,0,2418767
21997,2,0,11,5,7,0,2,2,2,4,2,0,0,0,0,2418767
22519,0,1,34,0,0,0,2,1,7,0,1,1,2,6,1,2418984
22520,1,0,26,0,0,0,2,1,6,0,1,3,0,0,1,2418984
22521,2,1,11,5,0,0,2,2,1,3,2,0,0,0,0,2418984
22522,2,0,10,5,0,0,2,2,1,3,2,0,0,0,0,2418984
22523,2,1,8,5,0,0,2,2,1,3,2,0,0,0,0,2418984
22524,2,0,7,5,0,0,2,2,0,2,2,0,0,0,0,2418984
22525,2,0,11,5,0,0,2,2,1,3,2,0,0,0,0,2418984
22526,2,0,3,5,0,0,0,2,0,1,2,0,0,0,0,2418984
22527,2,1,10,5,0,0,2,2,0,3,2,0,0,0,0,2418984
22528,2,1,2,5,0,0,0,0,0,0,0,0,0,0,0,2418984
22529,2,0,7,5,0,0,2,2,1,3,2,0,0,0,0,2418984
22530,2,1,2,5,0,0,0,0,0,0,0,0,0,0,0,2418984
23764,0,0,81,0,0,0,2,1,7,0,1,3,1,0,1,2419552
23765,1,1,76,0,0,0,2,1,9,0,1,3,0,13,1,2419552
24215,0,0,51,3,0,0,2,1,6,0,1,3,1,3,1,2419738
24755,0,1,43,3,0,0,2,1,9,0,1,1,2,21,1,2419972
24756,2,0,8,5,0,0,2,2,1,3,2,0,0,0,0,2419972
24757,2,0,8,5,0,0,2,2,1,3,2,0,0,0,0,2419972
25053,0,0,56,3,0,0,2,1,4,0,1,3,0,5,2,2420119
27030,0,0,70,1,0,0,2,1,2,0,1,3,0,4,2,2421031
27031,4,1,68,3,0,0,2,1,6,0,1,3,0,6,1,2421031
30353,0,0,49,5,0,0,2,1,6,0,1,3,0,4,2,2422652
30354,2,0,16,5,0,0,2,2,3,5,2,3,0,0,1,2422652
30357,0,1,71,4,2,0,2,1,6,0,1,3,0,4,1,2422656
34156,0,1,78,3,0,2,3,1,6,0,1,3,0,4,2,2424564
35506,0,1,45,1,0,0,2,1,6,0,1,1,2,10,2,2425225
35507,2,1,14,5,0,0,2,2,2,5,2,0,0,0,0,2425225
35508,2,1,9,5,0,0,2,2,1,3,2,0,0,0,0,2425225
35849,0,1,83,4,0,0,2,1,9,0,1,3,0,23,2,2425386
36695,0,0,81,0,0,0,2,1,2,0,1,3,0,8,2,2425769
36696,1,1,76,0,0,0,2,1,3,0,1,3,0,2,1,2425769
37710,0,0,30,0,0,0,2,1,7,0,1,1,2,11,1,2426234
37711,1,1,25,0,0,0,2,1,8,0,1,3,2,0,1,2426234
38016,7,0,42,2,0,0,5,1,6,0,1,1,1,3,1,2426375
39023,0,0,25,0,0,0,2,1,8,0,1,1,2,25,1,2426875
39024,1,1,23,0,0,0,2,1,6,0,1,1,1,0,1,2426875
39025,2,0,4,5,0,0,0,2,1,1,3,0,0,0,0,2426875
39026,2,1,2,5,0,0,0,0,0,0,0,0,0,0,0,2426875
39945,0,0,78,0,0,0,2,1,2,0,1,3,0,7,1,2427286
39946,1,1,66,0,0,0,2,1,6,0,1,3,2,2,1,2427286
47856,0,0,68,0,0,0,2,1,2,0,1,3,0,19,1,2430870
47857,1,1,62,0,0,0,2,1,7,0,1,1,2,11,1,2430870
48268,0,0,28,5,2,3,4,1,1,0,1,1,2,7,1,2431053
48269,7,1,34,3,2,0,3,1,2,0,1,1,2,1,1,2431053
48270,7,0,80,3,0,0,2,1,6,0,1,3,0,4,2,2431053
49249,0,0,65,3,0,0,2,1,6,0,1,3,0,7,1,2431504
49365,0,0,40,0,0,0,2,1,5,0,1,1,2,7,1,2431559
49366,1,1,44,0,0,0,2,1,3,0,1,3,1,2,1,2431559
49367,2,0,15,5,0,0,2,2,3,5,2,0,0,0,0,2431559
49368,2,1,15,5,0,0,2,2,3,5,2,0,0,0,0,2431559
51605,0,0,22,5,0,0,2,2,6,6,2,1,2,7,1,2432507
51606,7,0,25,5,6,0,2,1,6,0,1,1,2,14,1,2432507
51607,7,0,18,5,6,0,2,1,6,0,1,3,0,0,1,2432507
51810,0,1,46,0,0,0,2,1,9,0,1,1,2,24,1,2432604
51811,1,0,55,0,0,0,2,1,9,0,1,1,2,17,2,2432604
51812,2,0,17,5,0,0,2,2,5,5,2,3,0,0,1,2432604
51813,2,0,15,5,0,0,2,2,3,5,2,0,0,0,0,2432604
51996,0,1,65,4,4,0,5,1,6,0,1,3,0,0,1,2432687
55771,0,0,43,5,0,0,2,1,3,0,1,1,1,0,1,2434351
56012,0,0,52,0,0,0,2,1,8,0,1,1,2,14,1,2434475
56013,1,1,56,0,0,0,2,1,6,0,1,3,0,0,2,2434475
58305,0,0,50,0,0,0,2,1,9,0,1,1,2,22,1,2435703
58306,1,1,39,0,0,0,2,2,6,6,2,1,2,23,1,2435703
58307,2,1,17,5,0,0,2,2,5,5,2,2,0,0,1,2435703
58308,2,0,15,5,0,0,2,2,3,5,2,0,0,0,0,2435703
58932,0,0,70,0,0,0,2,1,6,0,1,3,0,7,1,2436033
58933,1,1,67,0,0,0,2,1,6,0,1,1,2,11,1,2436033
59514,0,0,48,5,0,0,2,1,6,0,1,1,2,8,2,2436334
60348,0,1,52,3,0,0,2,1,10,0,1,1,2,25,1,2436797
60349,2,0,11,5,0,0,2,2,2,4,2,0,0,0,0,2436797
61269,0,0,35,0,0,0,2,1,9,0,1,1,1,50,1,2437264
61270,1,1,41,0,0,0,2,1,10,0,1,1,2,17,1,2437264
63004,0,1,85,4,0,0,2,1,8,0,1,3,0,7,1,2438000
65223,0,0,63,0,0,0,2,1,6,0,1,1,2,18,1,2438885
65224,1,1,69,0,0,0,2,1,6,0,1,3,2,3,1,2438885
67748,0,1,44,0,7,2,2,1,6,0,1,1,2,25,1,2439886
67749,1,0,64,0,1,3,2,1,6,0,1,2,2,32,1,2439886
67750,2,0,13,5,1,0,2,2,2,4,2,0,0,0,0,2439886
67832,0,0,60,0,5,2,5,1,0,0,1,3,0,4,1,2439916
67833,1,1,57,0,5,2,5,1,0,0,1,3,2,99,1,2439916
67834,2,1,10,5,5,0,3,2,1,3,2,0,0,0,0,2439916
67835,2,0,13,5,5,0,4,2,2,4,2,0,0,0,0,2439916
67836,2,0,12,5,5,0,4,2,2,4,2,0,0,0,0,2439916
67837,2,1,8,5,5,0,4,2,1,3,2,0,0,0,0,2439916
70981,0,1,69,0,0,0,2,1,10,0,1,3,1,4,1,2441146
70982,1,0,66,0,0,0,2,1,10,0,1,1,2,75,1,2441146
72645,0,1,39,5,1,0,2,1,7,0,1,3,0,7,2,2441783
72646,2,0,12,5,1,0,2,2,2,4,2,0,0,0,0,2441783
72647,2,1,11,5,1,0,2,2,1,4,2,0,0,0,0,2441783
72648,2,0,8,5,1,0,2,2,1,3,2,0,0,0,0,2441783
72649,2,0,6,5,1,0,2,2,1,3,2,0,0,0,0,2441783
72650,2,1,18,5,1,0,2,2,7,6,2,3,0,0,1,2441783
72888,0,0,44,3,0,0,2,1,6,0,1,1,1,9,1,2441878
74445,0,0,64,3,0,0,2,1,9,0,1,3,2,28,1,2442516
76055,0,0,31,0,0,3,3,2,10,7,3,3,0,0,1,2443190
76056,1,1,24,0,0,3,4,1,9,0,1,3,0,0,1,2443190
76057,2,0,0,5,0,0,0,0,0,0,0,0,0,0,0,2443190
80322,0,1,48,0,0,0,2,1,10,0,1,1,1,14,1,2445123
80323,1,0,46,0,0,0,2,2,7,6,2,1,2,5,1,2445123
80324,2,1,15,5,0,0,2,2,3,5,2,0,0,0,0,2445123
81041,0,0,55,0,0,0,2,1,7,0,1,1,1,17,2,2445490
81042,1,1,50,0,0,0,2,1,10,0,1,1,1,18,2,2445490
81043,2,0,16,5,0,0,2,2,4,5,2,3,1,0,2,2445490
81044,2,0,15,5,0,0,2,2,2,5,2,0,0,0,0,2445490
81045,2,0,10,5,0,0,2,2,2,4,2,0,0,0,0,2445490
81647,7,1,85,4,7,0,2,1,10,0,1,3,0,5,2,2445792
82931,0,0,57,0,0,0,2,1,7,0,1,1,1,29,1,2446431
82932,1,1,53,0,0,0,2,1,6,0,1,1,1,29,1,2446431
83601,7,1,48,5,0,0,2,1,0,0,1,3,0,2,2,2446737
83819,0,0,40,0,0,0,2,1,9,0,1,1,2,15,1,2446831
83820,1,1,37,0,0,0,2,1,6,0,1,3,2,0,1,2446831
83821,2,0,16,5,0,0,2,2,4,5,2,3,0,0,1,2446831
83822,2,0,13,5,0,0,2,2,2,4,2,0,0,0,0,2446831
83853,0,1,85,4,0,0,2,1,2,0,1,3,0,0,2,2446849
83854,7,1,50,3,0,0,2,1,5,0,1,3,0,0,1,2446849
84277,0,0,62,0,2,0,2,1,9,0,1,1,2,18,1,2447047
84278,1,1,45,0,0,0,5,1,9,0,1,1,2,30,1,2447047
84279,2,0,10,5,0,0,2,2,2,4,2,0,0,0,0,2447047
84280,2,0,10,5,0,0,2,2,2,4,2,0,0,0,0,2447047
87243,0,0,41,0,0,0,2,1,10,0,1,1,2,27,1,2448444
87244,1,1,39,0,2,0,2,2,7,6,2,1,2,17,1,2448444
89477,0,1,45,3,0,0,2,1,6,0,1,1,1,29,1,2449375
89478,2,1,22,1,0,0,2,1,6,0,1,3,2,0,1,2449375
89479,7,0,25,5,0,0,2,1,6,0,1,1,1,15,1,2449375
91400,0,0,50,3,0,0,2,1,7,0,1,1,2,39,1,2450152
91606,0,1,68,4,0,0,2,1,6,0,1,3,0,10,1,2450232
91607,4,0,68,5,0,0,2,1,6,0,1,3,0,4,1,2450232
91608,2,0,44,3,0,0,2,1,6,0,1,3,1,0,1,2450232
91609,4,1,64,3,0,0,2,1,6,0,1,3,0,6,1,2450232
91610,6,1,46,3,0,0,2,1,6,0,1,3,2,11,1,2450232
91611,7,1,44,3,0,0,2,1,6,0,1,3,1,4,1,2450232
93168,0,1,52,3,0,0,2,2,8,6,2,3,2,31,1,2450824
94389,0,0,35,5,0,0,2,1,6,0,1,1,2,19,2,2451323
94390,2,0,1,5,0,0,0,0,0,0,0,0,0,0,0,2451323
94391,7,1,40,3,0,0,2,1,6,0,1,3,0,0,1,2451323
96743,0,0,34,3,2,0,2,1,7,0,1,1,2,15,1,2452304
96744,7,0,55,3,0,0,2,2,9,7,2,1,2,36,1,2452304
97187,0,0,75,0,0,0,2,1,7,0,1,1,2,18,1,2452496
97188,1,1,71,0,0,0,2,1,6,0,1,3,2,4,1,2452496
99168,0,0,68,3,7,2,3,1,6,0,1,3,0,20,1,2453305
99169,2,1,39,3,0,0,3,1,6,0,1,1,2,28,1,2453305
99170,5,1,10,5,0,0,3,2,1,4,2,0,0,0,0,2453305
99490,0,1,65,3,0,0,3,1,8,0,1,1,2,12,1,2453427
100331,0,0,48,0,3,2,3,1,10,0,1,1,1,26,1,2453761
100332,1,1,48,0,3,2,3,1,6,0,1,3,2,0,1,2453761
102566,0,1,42,0,0,0,2,1,6,0,1,1,2,10,1,2454714
102567,1,0,47,0,7,0,2,1,9,0,1,1,2,19,1,2454714
102568,2,0,11,5,0,0,2,2,2,4,3,0,0,0,0,2454714
102569,2,0,10,5,0,0,2,2,1,3,3,0,0,0,0,2454714
107150,0,1,57,0,0,0,2,1,8,0,1,1,2,12,1,2456822
107151,1,0,63,0,0,0,2,1,9,0,1,1,2,83,1,2456822
107725,0,1,75,3,0,0,2,1,9,0,1,3,0,71,1,2457100
108618,0,1,33,0,0,0,2,1,10,0,1,3,2,20,1,2457550
108619,1,0,35,0,0,0,2,1,9,0,1,1,2,41,1,2457550
108620,2,0,0,5,0,0,0,0,0,0,0,0,0,0,0,2457550
109187,0,1,53,3,0,0,2,1,10,0,1,1,1,18,1,2457816
109389,0,0,51,0,0,0,2,1,10,0,1,1,2,5,1,2457905
109390,1,1,49,0,0,0,3,1,9,0,1,1,2,15,1,2457905
109391,2,1,15,5,0,0,2,2,3,5,2,0,0,0,0,2457905
109392,2,0,12,5,0,0,2,2,2,4,2,0,0,0,0,2457905
110719,7,0,41,1,1,0,2,1,6,0,1,3,2,2,1,2458534
113736,0,0,45,5,0,0,2,1,9,0,1,1,2,40,1,2460058
113737,7,1,39,3,0,0,2,1,10,0,1,1,2,27,1,2460058
116303,0,1,50,4,0,0,2,1,9,0,1,1,2,20,1,2461248
118150,7,0,85,4,0,0,2,1,6,0,1,3,0,4,2,2462040
118646,0,0,61,0,0,0,2,1,6,0,1,1,2,19,1,2462266
118647,1,1,63,0,0,0,2,1,6,0,1,1,2,3,1,2462266
120065,0,0,81,0,0,0,2,1,9,0,1,3,0,26,2,2462905
120066,1,1,68,0,0,2,2,1,9,0,1,3,0,2,1,2462905
122974,0,0,53,0,0,0,2,1,10,0,1,1,2,33,1,2464025
122975,1,1,47,0,0,0,2,1,9,0,1,1,2,15,1,2464025
122976,2,1,6,5,0,0,2,2,1,2,2,0,0,0,0,2464025
124705,0,1,33,0,0,0,2,2,8,6,2,1,2,15,1,2464688
124706,1,0,46,0,0,0,2,1,8,0,1,1,2,9,1,2464688
124707,2,0,7,5,0,0,2,2,1,3,2,0,0,0,0,2464688
125584,0,0,67,0,0,0,2,1,5,0,1,3,0,99,1,2465032
125585,1,1,60,0,0,0,2,1,6,0,1,1,2,10,1,2465032
125960,0,0,47,3,0,0,2,1,7,0,1,1,2,18,1,2465147
127386,0,0,42,5,5,2,3,2,8,6,3,3,2,35,1,2465663
127387,3,1,66,0,5,3,3,2,6,5,2,1,2,18,1,2465663
127388,3,0,70,0,5,2,3,2,6,5,2,3,0,0,1,2465663
127389,4,0,31,5,5,2,3,2,9,6,2,3,2,2,1,2465663
127390,7,0,35,5,5,2,3,2,6,6,3,3,2,2,1,2465663
129575,0,0,33,5,5,0,2,1,6,0,1,3,2,13,1,2466472
129576,7,0,34,5,0,0,2,1,9,0,1,1,2,19,1,2466472
129577,7,0,24,3,0,0,2,1,7,0,1,1,2,10,1,2466472
130411,0,0,37,0,1,0,2,1,7,0,1,3,2,15,1,2466771
130412,1,1,40,0,1,0,2,1,7,0,1,2,2,0,1,2466771
130413,2,0,6,5,1,0,2,2,1,3,2,0,0,0,0,2466771
130414,2,1,7,5,1,1,2,2,1,3,2,0,0,0,0,2466771
130415,2,0,14,5,1,0,2,2,2,5,2,0,0,0,0,2466771
133420,0,1,70,4,0,2,3,1,2,0,1,3,0,6,1,2467831
134031,0,0,50,0,0,0,2,1,7,0,1,3,0,36,2,2468056
134032,1,1,50,0,0,0,2,1,6,0,1,3,0,0,1,2468056
134033,2,1,25,5,0,0,2,1,6,0,1,3,0,0,2,2468056
134034,5,0,2,5,0,0,0,0,0,0,0,0,0,0,0,2468056
135034,0,0,31,5,0,2,4,1,2,0,1,3,2,3,2,2468459
135035,4,0,33,5,0,3,4,1,3,0,1,3,2,9,2,2468459
135036,6,0,21,5,0,3,1,1,4,0,1,3,2,3,2,2468459
135037,7,0,62,1,0,3,1,1,0,0,1,3,2,5,2,2468459
136914,0,0,58,0,1,0,2,2,7,6,2,1,2,20,1,2469174
136915,1,1,57,0,1,0,2,1,8,0,1,1,2,9,1,2469174
136916,2,0,19,5,1,0,2,2,7,6,2,1,2,3,1,2469174
136917,2,1,17,5,1,0,2,2,5,5,2,1,2,0,1,2469174
142020,0,0,51,0,0,0,2,1,10,0,1,1,2,24,1,2471370
142021,1,1,49,0,0,2,3,1,10,0,1,1,2,22,1,2471370
143954,0,0,43,0,5,3,1,1,0,0,1,3,0,0,1,2472220
143955,1,1,44,0,5,3,1,1,0,0,1,3,0,0,1,2472220
143956,2,0,19,1,5,3,5,1,0,0,1,1,2,10,1,2472220
143957,2,1,17,5,5,3,5,2,5,5,2,2,0,0,1,2472220
143958,2,1,15,5,5,3,5,2,3,5,2,0,0,0,0,2472220
143959,2,0,10,5,5,3,5,2,1,3,2,0,0,0,0,2472220
143960,4,0,23,1,5,3,5,2,7,6,3,3,2,2,1,2472220
143961,2,1,3,5,5,3,0,1,0,0,1,0,0,0,0,2472220
143962,2,0,6,5,5,3,3,2,1,3,2,0,0,0,0,2472220
143963,2,0,17,5,5,3,5,2,5,5,2,1,2,0,1,2472220
143964,7,0,18,5,5,3,2,2,6,6,2,2,2,0,1,2472220
143965,7,0,46,2,5,2,2,1,0,0,1,1,2,13,1,2472220
145490,0,1,33,3,0,0,2,1,9,0,1,3,2,11,1,2472921
145491,2,0,1,5,0,0,0,0,0,0,0,0,0,0,0,2472921
146731,0,1,67,0,0,0,2,1,6,0,1,3,0,68,1,2473480
146732,1,0,73,0,0,0,2,1,10,0,1,3,2,84,1,2473480
147507,0,1,47,3,1,0,2,1,6,0,1,1,2,7,2,2473832
148311,0,0,50,0,0,0,2,1,8,0,1,1,2,16,1,2474192
148312,1,1,47,0,0,0,2,1,7,0,1,1,2,2,1,2474192
148872,0,1,33,5,0,0,3,1,10,0,1,1,2,15,1,2474430
148873,7,1,41,5,0,0,2,1,9,0,1,1,2,14,1,2474430
149240,0,0,73,4,0,0,2,1,6,0,1,3,0,4,1,2474596
149896,0,1,43,3,1,0,2,1,6,0,1,1,2,1,1,2474861
149897,2,0,16,5,1,0,2,2,4,5,2,2,2,0,1,2474861
149898,4,0,45,5,1,0,2,1,6,0,1,1,2,6,1,2474861
152088,0,1,53,2,6,0,2,1,6,0,1,1,2,15,1,2475789
152089,2,1,17,5,6,0,2,2,5,5,3,3,0,0,1,2475789
157481,0,0,45,0,3,2,4,1,8,0,1,1,2,24,1,2477904
157482,1,1,44,0,3,2,4,1,8,0,1,1,2,6,1,2477904
157483,2,1,17,5,3,0,3,2,5,5,2,3,0,0,1,2477904
157757,0,0,64,0,3,2,4,1,6,0,1,1,2,16,2,2478018
157758,1,1,60,0,3,2,5,1,2,0,1,2,2,3,2,2478018
158453,0,0,51,0,3,0,2,1,10,0,1,1,2,10,1,2478271
158454,1,1,48,0,0,0,2,1,8,0,1,1,2,20,1,2478271
158455,2,1,19,5,7,0,2,2,6,6,2,1,2,3,1,2478271
158456,2,0,16,5,7,0,2,2,4,5,2,3,0,0,1,2478271
161663,0,0,44,0,0,3,5,1,6,0,1,1,1,29,2,2479449
161664,1,1,41,0,0,3,5,1,6,0,1,1,2,18,1,2479449
161665,2,0,7,5,0,0,2,2,1,3,2,0,0,0,0,2479449
161666,2,1,6,5,0,0,1,2,1,3,2,0,0,0,0,2479449
161667,3,1,60,3,0,2,3,1,4,0,1,3,0,3,1,2479449
161668,2,0,15,5,0,0,2,2,2,5,2,0,0,0,0,2479449
161669,2,0,16,5,0,0,4,2,3,5,2,1,2,0,1,2479449
161670,2,1,17,5,0,0,2,2,2,5,2,3,0,0,1,2479449
161671,2,1,18,5,0,0,4,1,6,0,1,1,2,6,1,2479449
163974,0,0,32,0,6,3,3,1,6,0,1,1,2,7,2,2480303
163975,1,1,29,0,6,3,3,1,9,0,1,3,0,0,1,2480303
163976,4,1,31,5,6,3,3,1,3,0,1,3,0,0,1,2480303
163977,2,0,5,5,6,0,3,2,1,2,2,0,0,0,0,2480303
163978,2,1,3,5,6,0,0,1,0,0,1,0,0,0,0,2480303
164903,0,0,71,3,0,0,3,1,10,0,1,3,0,8,2,2480632
171254,0,0,47,0,6,0,2,1,6,0,1,1,2,29,1,2483261
171255,1,1,42,0,0,0,2,1,7,0,1,1,1,6,1,2483261
171474,0,0,26,0,0,2,3,1,3,0,1,1,2,10,1,2483359
171475,1,1,22,0,0,2,3,2,7,6,2,1,2,8,1,2483359
173346,7,1,73,1,0,0,2,1,9,0,1,3,0,15,2,2484203
174445,0,1,50,0,0,0,2,1,7,0,1,1,2,16,1,2484686
174446,1,0,52,0,0,0,2,1,8,0,1,1,2,32,1,2484686
177399,0,0,70,0,1,0,2,1,8,0,1,3,0,15,1,2486062
177400,1,1,67,0,1,0,2,1,10,0,1,3,0,9,1,2486062
178631,0,1,70,3,0,0,2,1,10,0,1,3,2,91,1,2486646
178632,4,1,58,5,0,0,2,1,10,0,1,1,1,9,1,2486646
179449,0,0,55,0,5,3,4,2,7,6,2,1,1,6,1,2487030
179450,1,1,51,0,5,3,5,2,6,6,2,3,1,4,1,2487030
184305,0,1,42,3,0,0,2,1,6,0,1,3,0,7,1,2489163
184306,2,0,22,5,0,0,2,1,6,0,1,1,2,6,1,2489163
184307,7,1,17,5,0,0,2,2,5,5,2,1,2,0,1,2489163
184665,0,0,31,0,0,0,2,1,9,0,1,1,2,39,1,2489315
184666,1,1,30,0,0,0,2,1,9,0,1,3,2,10,1,2489315
184667,2,0,0,5,0,0,0,0,0,0,0,0,0,0,0,2489315
187637,0,1,72,4,0,0,2,1,6,0,1,3,2,9,1,2490454
190256,0,0,73,4,0,0,2,1,6,0,1,3,0,15,1,2491354
190257,7,0,78,4,0,0,2,1,8,0,1,3,0,11,1,2491354
192923,0,0,50,0,0,0,2,1,8,0,1,1,1,41,1,2492258
192924,1,1,53,0,0,0,2,1,6,0,1,3,0,4,2,2492258
193059,0,0,64,0,0,0,2,1,6,0,1,3,1,3,1,2492302
193060,1,1,65,0,0,0,2,1,6,0,1,3,0,1,1,2492302
195297,0,1,82,4,0,0,2,1,10,0,1,3,0,4,2,2493127
197941,0,1,65,3,0,0,2,1,8,0,1,1,2,16,1,2494196
199679,0,0,32,0,0,0,2,1,7,0,1,1,2,23,1,2494965
199680,1,1,31,0,0,0,2,1,7,0,1,3,2,6,1,2494965
199681,2,0,12,5,0,0,2,2,2,4,2,0,0,0,0,2494965
199682,2,1,7,5,0,0,2,2,1,3,2,0,0,0,0,2494965
199940,7,0,41,5,7,0,3,2,7,6,2,3,1,1,1,2495098
200417,0,0,45,0,0,0,2,1,9,0,1,1,2,19,1,2495330
200418,1,1,42,0,0,0,2,1,9,0,1,3,2,0,1,2495330
200419,2,1,3,5,0,0,0,1,0,0,1,0,0,0,0,2495330
200420,2,1,0,5,0,0,0,0,0,0,0,0,0,0,0,2495330
202446,0,0,64,0,0,0,2,1,7,0,1,1,2,17,1,2496252
202447,1,1,61,0,0,0,2,1,6,0,1,3,0,0,2,2496252
203776,0,1,67,4,0,0,2,1,8,0,1,3,0,18,1,2496885
204896,0,1,45,0,5,2,3,1,9,0,1,3,2,1,1,2497430
204897,1,0,43,0,0,0,2,1,7,0,1,3,0,20,2,2497430
204898,2,0,9,5,5,0,4,2,1,3,2,0,0,0,0,2497430
204899,2,1,16,5,5,0,3,2,3,5,2,3,0,3,1,2497430
206800,0,0,60,0,0,0,2,1,9,0,1,3,2,14,1,2498305
206801,1,1,58,0,0,0,2,1,9,0,1,3,2,13,1,2498305
206942,7,1,82,1,0,0,2,1,8,0,1,3,0,8,1,2498358
207103,0,0,24,5,6,3,3,1,4,0,1,1,2,9,1,2498420
207104,2,1,0,5,6,0,0,0,0,0,0,0,0,0,0,2498420
207105,7,1,28,5,6,3,5,1,6,0,1,3,2,2,1,2498420
210979,0,1,71,4,3,0,3,1,6,0,1,3,0,12,1,2500037
211732,0,0,50,0,0,0,2,1,6,0,1,1,2,19,1,2500385
211733,1,1,53,0,0,0,2,1,6,0,1,1,2,10,1,2500385
212213,0,1,48,3,0,0,2,2,9,7,2,1,2,23,1,2500618
212214,2,0,17,5,0,0,2,2,4,5,2,3,2,0,1,2500618
213881,0,0,47,0,0,0,2,1,9,0,1,1,2,36,1,2501412
213882,1,1,38,0,0,0,2,1,7,0,1,1,2,45,1,2501412
215619,0,0,53,0,0,0,2,1,7,0,1,1,2,10,1,2502271
215620,1,1,53,0,0,0,2,1,7,0,1,1,2,18,1,2502271
217258,0,0,66,0,0,0,2,1,6,0,1,3,2,11,1,2503063
217259,1,1,64,0,0,0,2,1,6,0,1,3,0,0,1,2503063
219084,0,0,43,0,0,0,2,1,6,0,1,1,2,20,1,2503961
219085,1,1,43,0,0,0,2,1,6,0,1,1,2,2,1,2503961
219086,2,1,17,5,0,0,2,2,5,5,2,3,0,0,1,2503961
220854,0,0,63,0,0,0,2,1,7,0,1,3,2,19,1,2505033
220855,1,1,52,0,0,0,2,1,6,0,1,3,0,0,1,2505033
221398,0,0,27,0,0,0,2,1,7,0,1,1,2,20,1,2505350
221399,1,1,27,0,0,0,2,1,9,0,1,3,2,4,1,2505350
221400,2,1,4,5,0,0,0,1,0,0,1,0,0,0,0,2505350
221401,2,1,1,5,0,0,0,0,0,0,0,0,0,0,0,2505350
222110,0,1,45,3,0,0,2,1,9,0,1,1,2,14,1,2505761
224914,0,1,56,5,0,0,2,1,9,0,1,3,2,11,2,2507500
226737,0,0,43,3,0,0,2,1,6,0,1,1,2,26,1,2508565
229744,0,0,24,0,5,3,3,1,7,0,1,2,2,7,1,2510076
229745,1,1,23,0,5,3,3,1,7,0,1,2,2,7,1,2510076
229746,2,0,5,5,5,0,5,2,0,1,2,0,0,0,0,2510076
229747,2,0,2,5,5,0,0,0,0,0,0,0,0,0,0,2510076
230675,0,0,64,0,0,0,2,1,4,0,1,3,0,6,2,2510385
230676,1,1,62,0,0,0,2,1,2,0,1,3,0,4,1,2510385
231466,0,0,33,0,6,0,2,1,7,0,1,3,2,25,1,2510657
231467,1,1,36,0,0,0,2,1,7,0,1,1,2,15,1,2510657
231468,2,0,5,5,6,0,2,2,1,2,3,0,0,0,0,2510657
231469,2,0,1,5,6,0,0,0,0,0,0,0,0,0,0,2510657
235318,0,0,49,0,7,0,2,1,7,0,1,1,1,50,1,2511958
235319,1,1,38,0,7,0,2,1,6,0,1,2,2,3,1,2511958
235320,2,0,20,5,7,0,2,1,6,0,1,1,2,8,1,2511958
235321,5,1,1,5,7,0,0,0,0,0,0,0,0,0,0,2511958
235322,7,1,19,5,0,0,2,1,6,0,1,3,0,0,1,2511958
235577,0,0,36,0,0,3,5,1,2,0,1,1,2,17,2,2512048
235578,1,1,35,0,0,2,5,1,4,0,1,3,2,0,2,2512048
235579,2,1,13,5,0,0,3,2,2,4,2,0,0,0,0,2512048
235580,2,0,9,5,0,0,4,2,1,3,2,0,0,0,0,2512048
235581,2,1,1,5,0,0,0,0,0,0,0,0,0,0,0,2512048
236329,0,1,60,4,0,0,2,1,3,0,1,3,0,4,1,2512295
237704,0,0,71,0,0,0,2,1,10,0,1,3,2,15,1,2512757
237705,1,1,70,0,0,0,2,1,9,0,1,1,2,31,1,2512757
240837,0,0,49,0,0,0,2,1,6,0,1,1,2,30,2,2513896
240838,1,1,40,0,0,0,2,2,6,6,3,1,2,20,1,2513896
240839,2,1,17,5,0,0,2,2,6,5,2,3,0,0,1,2513896
240840,2,1,15,5,0,0,2,2,3,5,2,0,0,0,0,2513896
244657,0,1,44,0,0,0,2,1,9,0,1,1,2,4,1,2515466
244658,1,0,46,0,0,0,2,1,7,0,1,2,2,14,1,2515466
244659,2,1,17,5,0,0,2,2,4,5,2,3,0,0,1,2515466
244660,2,0,12,5,0,0,2,2,2,4,2,0,0,0,0,2515466
244661,2,1,7,5,0,0,2,2,0,3,2,0,0,0,0,2515466
245298,0,0,45,0,0,0,2,1,6,0,1,1,2,19,1,2515727
245299,1,1,40,0,0,0,2,1,6,0,1,1,2,9,1,2515727
245300,2,1,18,5,0,0,2,2,6,6,2,3,0,0,1,2515727
245301,2,1,12,5,0,0,2,2,2,4,2,0,0,0,0,2515727
248723,0,0,52,0,0,0,2,1,7,0,1,1,2,19,1,2516988
248724,1,1,53,0,0,0,2,1,7,0,1,1,2,18,1,2516988
253679,0,1,24,5,0,0,2,1,6,0,1,1,2,6,1,2518768
253680,2,1,5,5,7,0,2,2,1,2,2,0,0,0,0,2518768
253681,7,0,26,5,6,0,2,1,6,0,1,2,2,18,1,2518768
254167,0,0,63,0,0,0,2,1,6,0,1,3,2,17,1,2518941
254168,1,1,61,0,0,0,2,1,7,0,1,1,2,12,1,2518941
254467,0,0,64,0,1,0,2,1,6,0,1,3,0,9,2,2519042
254468,1,1,62,0,1,0,2,1,6,0,1,1,2,32,1,2519042
255713,0,0,62,0,5,2,3,1,9,0,1,1,2,6,2,2519509
255714,1,1,55,0,5,2,3,1,9,0,1,1,2,15,2,2519509
255715,3,1,80,4,5,3,5,1,2,0,1,3,0,0,1,2519509
255716,2,1,18,5,5,0,3,2,6,6,2,1,2,0,2,2519509
259018,0,0,53,0,0,0,2,1,6,0,1,1,2,19,1,2520715
259019,1,1,45,0,0,0,2,1,6,0,1,3,0,5,2,2520715
259020,2,0,16,5,0,0,2,2,4,5,2,2,0,2,1,2520715
260323,0,0,26,0,0,0,2,1,7,0,1,1,2,25,1,2521177
260324,1,1,23,0,5,0,2,1,6,0,1,1,2,10,1,2521177
261753,0,0,59,0,0,0,2,1,6,0,1,1,2,32,1,2521678
261754,1,1,59,0,0,0,2,1,6,0,1,3,2,25,1,2521678
262478,0,0,34,0,0,0,2,1,4,0,1,1,2,9,1,2521931
262479,1,1,47,0,0,0,2,1,6,0,1,3,0,0,1,2521931
263759,0,1,51,3,7,0,2,1,6,0,1,3,2,10,1,2522390
263760,2,1,19,5,7,0,2,2,6,6,2,3,0,0,2,2522390
263761,2,0,27,5,7,0,2,1,6,0,1,1,2,0,1,2522390
263762,2,0,11,5,7,0,2,2,1,4,2,0,0,0,0,2522390
265636,0,0,38,0,0,0,3,1,6,0,1,1,2,23,1,2523035
265637,1,1,37,0,0,0,3,1,6,0,1,1,2,4,1,2523035
265638,2,0,13,5,0,0,2,2,2,4,2,0,0,0,0,2523035
265639,2,1,9,5,0,0,2,2,1,3,2,0,0,0,0,2523035
266000,0,1,27,5,0,0,2,1,6,0,1,1,2,13,1,2523161
268151,7,0,24,4,0,0,2,2,6,6,2,3,2,0,1,2524020
268881,0,0,41,3,0,0,2,1,6,0,1,1,2,15,1,2524335
268882,2,1,18,5,0,0,2,2,4,5,2,3,0,0,1,2524335
268883,2,1,12,5,0,0,2,2,2,4,2,0,0,0,0,2524335
268884,7,1,47,3,0,0,2,1,8,0,1,1,2,8,1,2524335
269205,0,0,35,0,0,0,2,1,6,0,1,3,0,4,2,2524455
269206,1,1,34,0,0,0,2,1,7,0,1,1,2,0,2,2524455
269207,2,1,15,5,0,0,2,2,3,5,2,0,0,0,0,2524455
269208,2,0,13,5,0,0,2,2,2,4,2,0,0,0,0,2524455
269583,0,0,46,0,0,0,2,1,7,0,1,1,2,16,1,2524607
269584,1,1,45,0,0,0,2,1,6,0,1,3,2,0,1,2524607
269585,2,0,18,5,0,0,2,2,6,6,3,1,2,3,1,2524607
269586,2,1,21,5,0,0,2,2,8,6,2,1,2,3,1,2524607
272537,0,0,52,0,0,0,2,1,6,0,1,3,1,14,1,2525743
272538,1,1,49,0,0,0,2,1,3,0,1,1,2,0,1,2525743
272539,2,0,20,5,0,0,2,2,7,6,2,1,2,15,1,2525743
272540,2,0,15,5,0,0,2,2,3,5,2,0,0,0,0,2525743
272812,0,0,80,0,0,0,3,1,6,0,1,3,0,4,1,2525852
272813,1,1,78,0,0,0,3,1,5,0,1,3,0,0,1,2525852
273061,0,1,70,4,0,0,2,1,8,0,1,3,0,3,1,2525948
275685,0,0,72,0,0,0,2,1,3,0,1,1,2,65,1,2526931
275686,1,1,70,0,0,0,2,1,6,0,1,1,2,16,1,2526931
279584,0,0,47,0,0,0,2,1,6,0,1,1,1,45,1,2528452
279585,1,1,47,0,0,0,2,1,8,0,1,3,2,3,1,2528452
279586,2,0,13,5,0,2,2,2,2,4,2,0,0,0,0,2528452
279587,2,0,12,5,0,2,2,2,2,4,2,0,0,0,0,2528452
279588,2,1,10,5,7,0,2,2,1,4,2,0,0,0,0,2528452
279589,2,0,9,5,7,0,2,2,1,3,2,0,0,0,0,2528452
279590,2,1,8,5,8,0,2,2,1,3,2,0,0,0,0,2528452
280589,0,0,35,5,0,0,2,1,7,0,1,1,2,12,1,2528813
280894,7,0,49,1,0,0,3,1,6,0,1,3,2,0,1,2528919
282391,0,0,83,0,0,0,2,1,10,0,1,3,0,19,1,2529499
282392,1,1,85,0,0,0,2,1,6,0,1,3,0,2,1,2529499
285074,0,1,85,4,0,0,2,1,6,0,1,3,0,12,1,2530429
285075,2,1,48,5,0,0,2,1,6,0,1,1,2,1,1,2530429
288350,0,0,69,5,6,2,4,1,0,0,1,1,2,8,1,2531556
288351,4,1,47,5,6,2,4,2,6,5,2,1,2,7,1,2531556
288352,3,1,85,4,6,3,1,1,0,0,1,3,0,3,1,2531556
288353,4,0,75,5,6,3,1,1,2,0,1,2,2,2,1,2531556
288354,2,1,24,5,6,0,3,1,6,0,1,1,2,6,1,2531556
290607,0,0,42,0,7,0,2,1,4,0,1,1,2,24,1,2532322
290608,1,1,38,0,7,0,2,1,6,0,1,1,2,14,1,2532322
290609,2,1,18,5,6,0,2,1,6,0,1,1,2,1,1,2532322
290610,2,1,16,5,7,0,2,2,3,5,2,3,0,0,1,2532322
292959,0,0,25,0,7,3,3,1,6,0,1,1,2,15,1,2533118
292960,1,1,30,0,7,2,3,1,8,0,1,2,2,26,1,2533118
292961,2,0,3,5,7,0,0,1,0,0,1,0,0,0,0,2533118
292962,2,0,2,5,7,0,0,0,0,0,0,0,0,0,0,2533118
295960,0,0,72,3,0,0,2,1,5,0,1,3,0,7,1,2534132
296143,0,0,34,0,0,3,5,1,2,0,1,1,2,8,2,2534193
296144,1,1,33,0,0,3,1,1,2,0,1,3,0,0,1,2534193
296145,2,0,4,5,0,0,0,1,0,0,1,0,0,0,0,2534193
297035,0,1,37,3,0,0,2,1,6,0,1,1,1,7,1,2534513
299163,0,0,46,0,5,2,5,1,0,0,1,1,2,10,2,2535295
299164,1,1,45,0,5,2,5,1,0,0,1,1,2,7,2,2535295
299165,2,0,21,5,5,2,3,2,7,6,2,1,2,4,1,2535295
299166,3,1,74,4,5,3,1,1,0,0,1,3,0,0,1,2535295
299167,2,0,16,5,5,2,4,2,4,5,2,3,0,0,1,2535295
299168,2,1,13,5,5,2,3,2,2,4,2,0,0,0,0,2535295
299701,0,1,27,5,8,0,2,1,6,0,1,1,2,25,1,2535508
299702,4,1,21,5,8,0,2,1,7,0,1,1,2,17,1,2535508
301212,0,0,43,0,1,0,2,1,7,0,1,1,2,9,2,2536081
301213,1,1,20,0,1,0,2,1,6,0,1,3,2,0,1,2536081
301214,2,0,0,5,1,0,0,0,0,0,0,0,0,0,0,2536081
301725,0,1,49,3,1,0,2,1,6,0,1,1,2,15,2,2536271
301726,2,1,30,5,1,0,2,1,6,0,1,1,2,10,1,2536271
301727,5,1,12,5,1,0,2,2,2,4,2,0,0,0,0,2536271
301728,5,1,6,5,1,0,2,2,1,3,2,0,0,0,0,2536271
301729,5,0,2,5,1,0,0,0,0,0,0,0,0,0,0,2536271
301730,5,1,5,5,1,0,2,2,1,2,2,0,0,0,0,2536271
307498,0,1,53,4,0,0,2,1,7,0,1,1,2,27,1,2538521
314042,0,0,36,0,5,2,4,1,8,0,1,1,2,34,1,2541274
314043,1,1,32,0,5,2,4,1,6,0,1,3,0,0,1,2541274
314044,2,1,9,5,5,0,4,2,1,3,2,0,0,0,0,2541274
314045,2,0,6,5,5,0,4,2,1,3,2,0,0,0,0,2541274
314046,2,1,2,5,5,0,0,0,0,0,0,0,0,0,0,2541274
314047,3,0,80,4,5,2,5,1,6,0,1,3,0,3,1,2541274
315315,0,0,50,0,0,0,2,2,10,7,2,1,2,42,1,2541826
315316,1,1,50,0,0,3,4,1,9,0,1,1,2,7,1,2541826
315317,2,0,17,5,0,0,5,2,4,5,2,1,2,1,1,2541826
317058,0,0,39,5,0,0,2,1,9,0,1,1,2,40,1,2542625
318376,0,1,45,0,0,1,2,1,9,0,1,3,0,0,1,2543226
318377,1,0,40,0,0,0,2,1,9,0,1,1,2,99,1,2543226
318378,2,1,14,5,0,0,2,2,2,4,2,0,0,0,0,2543226
318379,2,1,12,5,0,0,2,2,2,4,2,0,0,0,0,2543226
318380,2,1,12,5,0,0,2,2,2,4,2,0,0,0,0,2543226
320694,7,1,22,5,0,0,2,2,7,6,3,2,2,1,1,2544265
320707,0,1,39,3,0,0,2,2,10,7,3,1,2,73,1,2544271
321797,0,0,74,0,0,2,3,1,9,0,1,3,0,26,1,2544752
321798,1,1,66,0,0,2,2,1,6,0,1,1,2,4,1,2544752
322828,0,0,42,0,0,0,2,1,10,0,1,1,2,76,1,2545186
322829,1,1,30,0,0,0,2,1,9,0,1,3,2,8,1,2545186
322830,2,0,1,5,0,0,0,0,0,0,0,0,0,0,0,2545186
325962,0,0,57,0,0,0,2,1,6,0,1,1,2,21,1,2546385
325963,1,1,62,0,0,0,2,1,6,0,1,1,2,6,1,2546385
327941,0,0,56,0,0,0,2,1,9,0,1,3,2,19,1,2547144
327942,1,1,54,0,0,0,2,1,8,0,1,1,2,31,1,2547144
327943,2,0,20,5,0,0,2,1,6,0,1,1,2,7,1,2547144
327944,2,0,19,5,0,0,2,1,6,0,1,1,2,0,1,2547144
332584,0,1,53,3,0,0,2,1,6,0,1,1,2,14,1,2548910
332585,2,0,25,5,7,0,2,2,8,6,2,3,2,1,1,2548910
334620,0,0,66,0,0,0,2,1,6,0,1,3,0,10,1,2549646
334621,1,1,63,0,0,0,2,1,6,0,1,3,0,6,2,2549646
334871,0,0,31,0,6,2,3,1,7,0,1,1,2,13,1,2549736
334872,1,1,21,0,6,0,3,1,6,0,1,1,2,10,1,2549736
334873,3,0,75,1,6,3,4,1,0,0,1,3,0,0,1,2549736
334874,6,0,72,1,6,3,4,1,1,0,1,3,0,0,1,2549736
335029,0,1,43,3,5,1,2,2,8,6,2,1,2,12,1,2549791
335030,7,0,47,4,0,0,2,1,6,0,1,2,2,9,1,2549791
337046,0,0,73,0,0,0,2,1,9,0,1,1,2,14,1,2550478
337047,1,1,71,0,0,0,2,1,8,0,1,3,0,3,2,2550478
338129,0,0,56,0,0,0,2,1,9,0,1,1,2,88,1,2550864
338130,1,1,54,0,0,0,2,1,8,0,1,1,2,24,1,2550864
338956,0,0,52,0,0,0,2,2,8,6,2,1,2,26,1,2551140
338957,1,1,53,0,0,0,2,2,7,6,2,1,2,16,1,2551140
338958,2,1,18,5,0,0,2,2,5,5,2,1,2,3,1,2551140
339821,0,0,59,0,0,0,2,1,8,0,1,3,2,2,2,2551449
339822,1,1,58,0,0,0,2,1,6,0,1,3,2,7,1,2551449
339823,2,0,25,5,0,0,2,1,4,0,1,2,2,0,2,2551449
339824,7,1,19,5,0,0,2,1,7,0,1,1,1,8,1,2551449
339829,0,0,41,0,0,0,2,1,6,0,1,1,2,17,2,2551455
339830,1,1,33,0,0,0,3,1,6,0,1,1,2,9,2,2551455
339831,2,0,7,5,0,0,2,2,1,3,2,0,0,0,0,2551455
339832,2,0,3,5,0,0,0,1,0,0,1,0,0,0,0,2551455
345956,0,0,46,0,0,0,2,1,10,0,1,1,2,75,1,2553966
345957,1,1,46,0,0,0,2,1,8,0,1,1,2,32,1,2553966
347365,0,0,50,0,0,0,2,1,8,0,1,1,2,19,1,2554680
347366,1,1,46,0,5,2,3,1,7,0,1,1,2,17,1,2554680
348165,0,0,85,0,3,2,5,1,1,0,1,3,0,0,1,2555073
348166,1,1,66,0,3,2,1,1,1,0,1,3,0,3,1,2555073
348167,2,1,50,5,3,2,3,1,8,0,1,1,2,11,2,2555073
348168,2,1,47,5,3,0,3,1,8,0,1,1,2,13,2,2555073
348169,2,1,44,5,3,0,5,1,1,0,1,3,0,6,1,2555073
348170,2,1,40,5,3,0,3,1,8,0,1,1,2,18,2,2555073
348171,2,1,35,5,3,0,3,1,7,0,1,3,2,10,2,2555073
348172,2,0,28,5,3,0,3,1,8,0,1,1,2,19,2,2555073
349804,0,1,21,5,5,0,2,2,7,6,3,1,2,5,1,2555923
349805,7,1,21,5,0,0,2,2,7,6,3,1,2,5,1,2555923
349806,7,1,21,5,0,0,4,2,7,6,3,1,2,3,1,2555923
349849,0,0,50,0,5,3,5,1,2,0,1,1,2,8,2,2555947
349850,1,1,61,0,4,2,4,1,3,0,1,1,2,12,1,2555947
353122,0,1,30,5,0,0,2,1,9,0,1,1,2,20,1,2557961
353928,0,0,73,0,3,0,3,1,6,0,1,1,2,23,1,2558469
353929,1,1,68,0,3,0,3,1,6,0,1,3,0,13,1,2558469
355948,0,0,44,5,0,0,2,1,8,0,1,3,2,16,1,2559625
357682,0,0,35,0,0,3,4,1,9,0,1,1,1,5,1,2560575
357683,1,1,35,0,0,3,4,1,9,0,1,1,2,5,1,2560575
357684,2,1,8,5,0,3,3,2,1,3,2,0,0,0,0,2560575
358916,0,1,51,0,6,0,2,1,6,0,1,3,0,1,1,2561233
358917,1,0,47,0,5,0,2,1,6,0,1,1,2,6,1,2561233
358918,2,0,15,5,7,0,2,2,4,5,2,0,0,0,0,2561233
359311,0,1,30,0,0,0,2,1,9,0,1,1,2,20,1,2561439
359312,1,0,32,0,0,1,2,1,7,0,1,1,2,14,1,2561439
359327,0,1,36,0,0,0,2,1,10,0,1,1,2,27,1,2561448
359328,1,0,35,0,0,3,3,1,8,0,1,1,2,49,1,2561448
360200,0,0,28,5,0,0,3,1,9,0,1,1,2,99,1,2561885
362646,0,0,29,5,3,2,3,1,10,0,1,1,2,50,1,2563132
365294,0,0,69,5,0,0,2,1,6,0,1,2,2,9,1,2564322
372350,0,0,85,4,0,2,4,1,6,0,1,3,0,16,2,2567147
374875,0,0,54,0,0,2,4,1,6,0,1,1,2,10,1,2568050
374876,1,1,53,0,0,2,4,1,6,0,1,3,0,0,1,2568050
376172,0,1,32,3,3,0,3,1,7,0,1,1,2,19,1,2568423
381410,0,0,79,0,3,2,5,1,3,0,1,3,0,2,2,2570044
381411,1,1,77,0,3,3,1,1,2,0,1,3,0,2,1,2570044
381412,2,0,56,0,3,2,4,2,6,5,2,1,2,18,1,2570044
381413,2,1,52,0,3,2,3,1,6,0,1,1,2,8,1,2570044
381414,5,0,22,5,3,0,3,1,9,0,1,1,2,1,1,2570044
381415,2,1,85,4,3,2,5,1,2,0,1,3,0,11,2,2570044
383740,0,0,31,0,5,2,4,1,7,0,1,1,2,20,1,2570816
383741,1,1,29,0,5,2,4,1,7,0,1,1,2,10,1,2570816
383742,2,1,4,5,5,0,0,2,1,1,2,0,0,0,0,2570816
385318,0,0,55,0,0,3,3,1,7,0,1,1,2,30,1,2571357
385319,1,1,40,0,0,2,5,1,3,0,1,3,0,0,1,2571357
385320,2,1,18,5,0,3,3,2,5,5,2,1,2,0,1,2571357
385321,2,0,12,5,0,0,3,2,2,4,2,0,0,0,0,2571357
387167,0,0,45,0,0,0,2,1,6,0,1,1,2,27,1,2572003
387168,1,1,43,0,7,0,2,1,7,0,1,1,2,43,1,2572003
387169,2,1,18,5,0,0,2,2,6,6,2,1,2,1,1,2572003
387170,2,0,14,5,0,0,2,2,2,4,2,0,0,0,0,2572003
387230,0,0,67,0,0,0,2,1,7,0,1,3,1,0,1,2572029
387231,1,1,68,0,0,0,2,1,6,0,1,3,2,1,1,2572029
388780,7,1,83,4,7,2,3,1,4,0,1,3,0,9,2,2572590
389509,7,1,45,1,0,0,3,1,9,0,1,1,2,7,1,2572846
392968,0,1,64,0,0,2,2,1,9,0,1,3,0,86,1,2574202
392969,1,0,65,0,0,0,2,1,9,0,1,1,1,79,1,2574202
395572,0,1,28,5,0,0,2,1,2,0,1,1,2,0,2,2575305
397405,0,0,39,0,3,3,5,1,9,0,1,1,2,17,1,2576081
397406,1,1,34,0,3,3,5,1,9,0,1,3,2,0,1,2576081
397407,2,1,0,5,3,0,0,0,0,0,0,0,0,0,0,2576081
397547,0,0,56,3,0,0,2,1,9,0,1,2,1,42,1,2576140
399343,0,0,44,0,0,2,3,1,9,0,1,1,2,46,1,2576900
399344,1,1,44,0,0,0,3,1,8,0,1,1,2,3,1,2576900
399345,2,1,11,5,0,0,2,2,1,4,2,0,0,0,0,2576900
399983,0,0,42,0,5,2,3,1,9,0,1,1,2,30,2,2577164
399984,1,1,40,0,5,3,3,1,6,0,1,1,2,9,1,2577164
400752,0,0,56,0,0,0,2,1,7,0,1,1,2,35,1,2577489
400753,1,1,56,0,0,0,2,1,6,0,1,1,1,99,1,2577489
404714,0,0,33,0,6,0,2,1,2,0,1,3,0,0,1,2579132
404715,1,1,31,0,6,0,2,1,6,0,1,1,2,0,1,2579132
404716,2,1,9,5,6,0,3,2,1,3,2,0,0,0,0,2579132
404717,2,1,1,5,6,0,0,0,0,0,0,0,0,0,0,2579132
407362,0,1,85,4,0,0,2,1,6,0,1,3,0,5,2,2580280
408638,0,0,71,0,0,2,3,1,6,0,1,1,1,21,1,2580831
408639,1,1,62,0,7,2,3,1,1,0,1,3,0,10,1,2580831
408640,2,1,31,5,7,0,3,2,8,6,2,1,2,12,1,2580831
409709,0,1,24,5,0,3,4,1,6,0,1,1,2,4,1,2581213
409710,3,1,49,1,0,3,5,1,6,0,1,2,2,3,1,2581213
409711,3,0,53,3,0,2,5,1,9,0,1,1,2,5,1,2581213
409712,4,0,26,0,0,2,3,1,1,0,1,2,2,7,1,2581213
409713,4,0,24,0,0,2,5,1,4,0,1,1,2,7,1,2581213
409714,4,0,18,5,0,2,4,2,5,5,2,3,0,0,1,2581213
409715,4,1,17,5,0,2,5,2,6,5,2,2,0,0,1,2581213
410101,0,0,43,0,0,0,2,1,10,0,1,1,1,65,1,2581353
410102,1,1,41,0,0,0,2,1,9,0,1,3,0,13,2,2581353
411124,7,0,44,1,6,0,3,1,6,0,1,2,2,3,1,2581709
412014,0,1,21,5,5,3,3,1,7,0,1,1,2,5,1,2582000
412015,7,0,23,5,5,3,3,1,6,0,1,1,2,13,1,2582000
412547,0,0,25,5,1,0,3,1,7,0,1,1,2,16,1,2582202
412548,2,0,4,5,1,0,0,1,0,0,1,0,0,0,0,2582202
412549,2,1,0,5,1,0,0,0,0,0,0,0,0,0,0,2582202
412550,7,1,24,5,1,0,2,1,7,0,1,2,2,11,1,2582202
412551,7,1,6,5,1,0,2,2,1,3,2,0,0,0,0,2582202
412779,0,1,84,3,0,0,3,1,8,0,1,3,1,4,1,2582282
414759,0,0,29,0,7,3,4,1,6,0,1,3,2,9,1,2582994
414760,1,1,26,0,6,3,3,1,7,0,1,3,2,10,1,2582994
414761,2,1,6,5,0,0,4,2,1,2,2,0,0,0,0,2582994
415411,0,0,62,5,0,2,3,1,9,0,1,3,2,2,1,2583318
417204,0,1,82,4,1,0,2,1,6,0,1,2,2,14,1,2584198
417205,2,0,52,2,1,0,2,1,6,0,1,3,0,4,1,2584198
418560,0,0,42,5,0,0,2,1,9,0,1,1,1,22,1,2584881
418627,0,1,54,3,0,0,2,1,10,0,1,1,2,45,1,2584911
418628,7,1,51,5,0,0,2,1,10,0,1,1,2,25,1,2584911
421775,7,0,46,5,0,0,2,1,7,0,1,3,2,3,1,2586500
424738,0,0,55,0,3,3,5,1,6,0,1,1,1,2,1,2587851
424739,1,1,45,0,3,2,5,1,6,0,1,1,2,20,1,2587851
424740,2,0,22,5,3,0,3,2,6,6,2,3,0,0,1,2587851
424741,2,0,20,5,3,0,3,2,6,6,2,3,0,0,1,2587851
424742,2,0,17,5,3,0,3,2,3,5,2,3,0,0,1,2587851
424743,2,0,9,5,3,0,2,2,1,3,2,0,0,0,0,2587851
424744,3,1,85,4,3,3,1,1,0,0,1,3,0,10,1,2587851
424745,4,0,63,0,3,3,5,1,6,0,1,3,0,0,1,2587851
424746,4,1,59,0,3,3,1,1,6,0,1,3,0,0,1,2587851
424775,0,1,62,0,1,0,2,1,7,0,1,3,0,0,1,2587865
424776,1,0,68,0,1,0,2,1,3,0,1,1,2,14,1,2587865
424777,2,1,14,5,1,0,2,2,2,4,2,0,0,0,0,2587865
424778,5,0,5,5,1,0,2,2,0,1,2,0,0,0,0,2587865
425538,0,1,35,5,7,0,2,1,8,0,1,1,2,16,1,2588190
425539,2,1,3,5,1,0,0,2,0,1,2,0,0,0,0,2588190
428834,0,0,44,0,5,2,3,1,9,0,1,1,2,15,1,2589589
428835,1,1,47,0,5,2,3,1,7,0,1,1,2,10,1,2589589
428836,2,0,14,5,5,0,2,2,3,5,2,0,0,0,0,2589589
431834,0,0,55,0,1,0,2,1,9,0,1,1,2,14,1,2590942
431835,1,1,39,0,1,0,2,1,8,0,1,1,1,16,1,2590942
433063,0,0,76,3,0,0,2,1,9,0,1,3,0,6,2,2591525
435394,0,0,30,0,5,3,5,2,9,6,2,3,0,0,1,2592597
435395,1,1,30,0,5,3,5,2,2,4,2,3,0,0,1,2592597
435396,2,0,9,5,5,3,3,2,1,3,2,0,0,0,0,2592597
435397,2,1,7,5,5,3,4,2,1,3,2,0,0,0,0,2592597
435398,2,1,4,5,5,0,0,2,0,1,2,0,0,0,0,2592597
435399,2,1,7,5,5,3,4,2,1,3,2,0,0,0,0,2592597
436548,0,1,74,3,1,0,2,2,8,6,2,3,0,4,1,2592951
436579,0,0,54,0,1,0,2,1,10,0,1,1,1,18,1,2592964
436580,1,1,55,0,1,0,2,1,9,0,1,3,0,6,2,2592964
436581,2,1,22,5,1,0,2,2,7,6,2,1,2,4,1,2592964
443498,0,0,61,3,0,0,3,1,9,0,1,3,0,6,1,2595366
444247,0,0,38,0,0,0,2,1,9,0,1,1,2,99,1,2595676
444248,1,1,40,0,0,0,2,1,7,0,1,1,2,50,1,2595676
444249,2,0,2,5,0,0,0,0,0,0,0,0,0,0,0,2595676
445625,0,0,45,0,2,0,2,2,7,6,2,1,2,32,1,2596260
445626,1,1,44,0,0,1,2,1,9,0,1,1,2,16,1,2596260
445627,2,1,20,5,0,0,2,2,6,6,2,3,2,0,1,2596260
445628,2,0,18,5,0,0,2,2,5,5,3,3,0,0,1,2596260
445629,2,0,10,5,0,0,2,2,1,4,3,0,0,0,0,2596260
445630,5,0,0,5,0,0,0,0,0,0,0,0,0,0,0,2596260
445860,0,1,38,2,0,0,2,1,7,0,1,1,2,2,1,2596352
445861,2,1,11,5,0,0,2,2,2,4,3,0,0,0,0,2596352
445862,2,0,10,5,0,0,2,2,2,4,3,0,0,0,0,2596352
445863,2,1,9,5,0,0,2,2,1,3,3,0,0,0,0,2596352
445864,2,1,6,5,0,0,2,2,1,2,3,0,0,0,0,2596352
446118,0,0,80,1,0,0,2,1,1,0,1,3,0,8,1,2596469
446119,2,0,52,5,0,0,2,1,6,0,1,1,2,3,1,2596469
446120,2,0,52,5,7,0,2,1,6,0,1,3,0,0,2,2596469
446447,0,0,28,0,0,0,2,1,9,0,1,1,2,38,1,2596598
446448,1,1,28,0,6,0,2,1,7,0,1,1,2,6,1,2596598
449919,7,1,75,1,0,0,2,1,4,0,1,3,0,5,2,2598029
451320,0,1,37,3,0,0,2,1,6,0,1,1,2,34,2,2598574
451321,2,1,6,5,7,0,2,2,1,2,2,0,0,0,0,2598574
455668,0,0,50,0,4,0,2,1,9,0,1,1,2,25,1,2600262
455669,1,1,48,0,4,0,2,1,9,0,1,3,2,0,1,2600262
455670,2,0,17,5,4,0,2,2,4,5,2,3,0,0,1,2600262
455671,2,1,15,5,4,0,2,2,2,5,2,0,0,0,0,2600262
456238,0,0,44,0,5,3,4,2,9,7,3,3,2,17,1,2600471
456239,1,1,46,0,5,2,4,1,9,0,1,3,2,16,1,2600471
459560,0,0,55,0,7,0,2,1,7,0,1,1,2,30,1,2601603
459561,1,1,54,0,0,0,2,1,6,0,1,3,0,0,1,2601603
459562,2,0,29,0,0,0,2,1,10,0,1,1,2,26,1,2601603
459563,2,1,29,0,6,0,2,2,10,7,2,1,2,19,1,2601603
460279,0,0,34,0,5,3,3,1,9,0,1,3,2,15,1,2601840
460280,1,1,36,0,5,2,3,1,8,0,1,1,2,18,1,2601840
460281,2,0,0,5,5,0,0,0,0,0,0,0,0,0,0,2601840
460691,0,1,85,4,0,0,2,1,2,0,1,3,0,21,2,2601987
460692,7,0,43,0,7,3,4,1,6,0,1,3,2,2,1,2601987
460693,7,1,42,0,5,3,4,1,6,0,1,2,2,0,1,2601987
460694,7,0,8,5,5,3,4,2,1,3,2,0,0,0,0,2601987
460695,7,1,16,5,5,3,3,2,5,5,2,3,0,0,1,2601987
460696,7,1,1,5,5,3,0,0,0,0,0,0,0,0,0,2601987
460840,0,1,73,4,0,0,2,1,6,0,1,3,0,6,1,2602041
461313,0,1,28,5,1,0,2,1,6,0,1,1,2,10,1,2602215
461314,2,0,7,5,1,0,2,2,1,3,2,0,0,0,0,2602215
463883,0,0,61,5,0,0,2,2,6,5,3,1,2,13,1,2603035
465649,0,0,32,0,0,0,2,1,7,0,1,1,2,22,1,2603578
465650,1,1,35,0,0,0,2,1,6,0,1,1,2,24,1,2603578
468533,0,0,47,0,0,0,2,1,8,0,1,1,2,16,1,2604467
468534,1,1,45,0,0,0,2,1,6,0,1,1,2,21,1,2604467
469184,0,1,57,3,0,0,2,1,6,0,1,3,0,0,1,2604662
469185,2,0,36,3,0,0,2,1,6,0,1,3,0,0,1,2604662
470654,0,0,40,0,1,3,3,1,10,0,1,1,2,34,1,2605200
470655,1,1,34,0,1,3,3,2,9,7,2,1,2,25,1,2605200
470656,2,0,5,5,1,0,2,2,1,2,2,0,0,0,0,2605200
470657,6,1,26,5,1,0,3,1,10,0,1,1,2,1,1,2605200
475800,7,1,83,3,0,0,2,1,8,0,1,3,0,0,2,2607028
476118,0,0,43,0,0,2,4,1,6,0,1,1,1,50,1,2607147
476119,1,1,46,0,0,3,3,1,6,0,1,1,2,7,1,2607147
476120,2,0,19,5,0,0,2,2,6,6,2,1,2,5,1,2607147
476121,2,0,15,5,0,0,2,2,2,5,3,0,0,0,0,2607147
476122,2,1,8,5,0,0,2,2,1,3,3,0,0,0,0,2607147
477215,0,0,29,0,5,3,3,1,10,0,1,1,2,15,1,2607572
477216,1,1,26,0,5,3,2,1,10,0,1,1,2,27,1,2607572
477326,0,0,42,0,3,3,4,1,8,0,1,1,2,35,1,2607608
477327,1,1,37,0,3,3,4,1,6,0,1,1,2,9,1,2607608
477328,2,0,4,5,3,3,0,1,0,0,1,0,0,0,0,2607608
477921,0,0,61,0,0,0,2,1,7,0,1,1,2,20,2,2607831
477922,1,1,60,0,0,0,2,1,7,0,1,1,2,76,2,2607831
479400,7,1,85,4,0,0,2,1,6,0,1,3,0,9,2,2608405
480778,0,1,48,3,0,0,2,1,8,0,1,1,2,30,1,2608920
480779,2,0,13,5,0,0,2,2,2,4,2,0,0,0,0,2608920
485267,0,0,23,0,6,3,3,1,6,0,1,1,2,17,1,2610697
485268,1,1,35,0,6,3,5,1,6,0,1,1,1,5,1,2610697
485269,4,0,12,5,6,3,4,2,2,4,2,0,0,0,0,2610697
485270,6,0,26,5,6,3,5,1,6,0,1,1,2,24,1,2610697
485271,7,0,30,1,6,3,5,1,6,0,1,1,2,19,1,2610697
486091,0,1,61,5,0,0,2,1,9,0,1,3,2,9,1,2611057
486092,7,0,70,3,0,0,2,1,9,0,1,1,2,45,1,2611057
486729,0,0,67,0,0,0,2,1,10,0,1,1,2,99,1,2611353
486730,1,1,70,0,0,0,2,1,10,0,1,1,2,5,1,2611353
486731,2,1,42,3,0,0,2,1,10,0,1,1,2,12,1,2611353
487864,0,0,46,0,0,0,2,1,8,0,1,1,2,22,1,2611878
487865,1,1,41,0,0,0,2,1,9,0,1,1,2,50,1,2611878
488365,0,0,48,3,0,0,2,1,10,0,1,1,2,49,1,2612114
488366,2,0,17,5,0,0,2,2,4,5,2,3,0,0,1,2612114
490160,0,1,62,5,0,0,2,1,7,0,1,3,1,29,1,2612936
491249,0,0,48,0,0,3,2,1,10,0,1,1,2,59,1,2613472
491250,1,1,45,0,0,3,2,1,10,0,1,1,2,46,1,2613472
498581,7,1,85,1,0,0,2,1,9,0,1,3,2,4,2,2616713
499309,0,0,69,3,0,2,4,1,8,0,1,1,2,37,1,2617025
500553,0,1,33,5,6,0,2,1,8,0,1,1,2,17,1,2617537
503133,0,0,39,0,0,0,2,1,9,0,1,1,2,54,1,2618580
503134,1,1,42,0,0,0,2,1,9,0,1,1,2,99,1,2618580
504297,0,1,31,5,0,0,2,1,7,0,1,1,2,9,1,2619078
504298,2,1,3,5,0,0,0,1,0,0,1,0,0,0,0,2619078
504757,0,1,47,5,0,0,2,1,10,0,1,1,2,35,1,2619281
504929,0,1,24,0,0,3,5,1,2,0,1,3,0,0,1,2619353
504930,1,0,20,0,0,3,1,2,3,5,2,3,2,0,1,2619353
504931,7,0,26,0,0,3,1,1,3,0,1,1,2,0,1,2619353
504932,7,1,23,0,0,3,1,1,6,0,1,1,2,0,1,2619353
505109,0,0,38,0,0,0,2,1,6,0,1,1,1,35,1,2619426
505110,1,1,37,0,0,0,2,1,6,0,1,1,2,4,1,2619426
505111,2,1,11,5,0,0,2,2,2,4,3,0,0,0,0,2619426
505112,2,0,10,5,0,0,2,2,1,3,2,0,0,0,0,2619426
506214,0,0,53,0,0,0,2,1,9,0,1,1,2,47,1,2619910
506215,1,1,55,0,0,0,2,2,10,7,3,3,0,0,1,2619910
506916,0,1,67,5,0,0,2,1,9,0,1,3,0,13,1,2620188
509164,0,0,41,0,5,2,4,1,8,0,1,1,2,24,1,2620946
509165,1,1,37,0,5,2,4,1,9,0,1,1,2,20,1,2620946
509166,2,1,8,5,5,0,4,2,0,3,3,0,0,0,0,2620946
509167,2,0,4,5,5,0,0,1,0,0,1,0,0,0,0,2620946
509168,4,1,49,5,5,3,5,1,8,0,1,1,2,10,1,2620946
509169,3,1,66,4,5,2,1,1,2,0,1,3,0,4,1,2620946
510506,0,1,45,3,0,0,2,1,9,0,1,1,2,34,1,2621361
510507,2,0,14,5,0,0,2,2,3,5,2,0,0,0,0,2621361
510508,2,0,16,5,0,0,2,2,5,5,2,3,2,1,1,2621361
512370,0,0,57,0,5,2,4,1,9,0,1,1,2,75,1,2621940
512371,1,1,46,0,5,2,4,1,7,0,1,1,2,17,1,2621940
512372,3,1,85,4,5,2,1,1,2,0,1,3,0,4,2,2621940
512373,4,1,61,5,5,2,4,1,2,0,1,1,2,9,1,2621940
512453,0,1,50,5,5,3,4,1,10,0,1,1,2,12,1,2621964
517897,0,0,53,0,5,2,4,1,6,0,1,3,1,25,1,2623496
517898,1,1,52,0,5,2,5,1,2,0,1,3,0,0,1,2623496
517899,2,1,24,5,5,2,5,1,10,0,1,3,2,3,1,2623496
517900,6,0,15,5,5,3,4,2,2,5,2,0,0,0,0,2623496
517901,2,1,22,5,5,2,3,2,6,6,2,1,2,6,1,2623496
517902,2,0,20,5,5,0,3,2,6,5,2,3,2,3,1,2623496
526587,0,0,47,0,3,2,5,1,6,0,1,2,2,39,1,2625743
526588,1,1,45,0,5,2,4,1,8,0,1,1,2,37,1,2625743
526589,2,0,30,5,3,2,3,1,8,0,1,1,2,22,1,2625743
526590,2,0,24,5,3,2,3,2,7,6,3,1,2,14,1,2625743
526591,2,0,21,5,3,0,3,2,6,6,2,1,2,15,1,2625743
526592,2,1,20,5,3,0,3,2,6,6,2,1,2,9,1,2625743
529623,0,0,34,5,0,0,2,1,9,0,1,1,1,16,1,2626636
532490,0,0,77,0,6,0,3,1,2,0,1,3,0,8,1,2627609
532491,1,1,76,0,6,2,3,1,1,0,1,3,0,3,1,2627609
532492,2,1,36,5,6,0,3,1,8,0,1,3,2,7,1,2627609
533657,0,0,44,1,0,1,2,1,10,0,1,1,2,54,1,2628050
538686,0,0,49,0,0,0,2,1,8,0,1,1,1,25,1,2630029
538687,1,1,52,0,0,0,2,1,6,0,1,1,1,25,1,2630029
538688,2,0,12,5,0,0,2,2,2,4,3,0,0,0,0,2630029
540264,0,0,37,0,0,0,3,1,10,0,1,1,2,30,1,2630684
540265,1,1,51,0,0,0,5,1,9,0,1,1,2,16,1,2630684
540631,0,0,33,5,0,0,2,1,5,0,1,1,1,10,1,2630825
540657,0,1,83,0,0,0,3,1,6,0,1,3,2,20,1,2630836
540658,1,0,85,0,0,0,3,2,6,5,2,3,0,21,2,2630836
540903,0,0,39,5,0,0,2,1,8,0,1,1,1,16,1,2630936
540904,4,0,33,5,0,0,2,1,8,0,1,1,2,16,1,2630936
541124,0,0,41,0,0,3,3,1,9,0,1,1,2,31,1,2631035
541125,1,1,36,0,0,3,3,1,9,0,1,3,2,0,1,2631035
541126,2,0,14,5,0,3,3,2,2,5,3,0,0,0,0,2631035
541127,2,0,3,5,0,0,0,2,0,1,3,0,0,0,0,2631035
542365,0,0,36,5,5,0,2,1,9,0,1,1,2,80,2,2631519
548487,0,0,34,0,0,0,2,1,6,0,1,1,2,12,1,2633958
548488,1,1,27,0,0,0,2,1,7,0,1,3,2,0,1,2633958
548489,2,1,8,5,0,0,2,2,1,3,2,0,0,0,0,2633958
549407,0,0,39,0,6,2,4,1,6,0,1,1,2,20,1,2634316
549408,1,1,30,0,6,2,4,1,3,0,1,3,2,0,1,2634316
549409,2,1,9,5,6,0,4,2,1,3,2,0,0,0,0,2634316
549410,2,0,5,5,6,0,5,2,0,2,2,0,0,0,0,2634316
549411,2,1,1,5,6,0,0,0,0,0,0,0,0,0,0,2634316
549666,0,1,85,4,0,0,2,1,7,0,1,3,0,22,2,2634406
549667,2,0,46,0,0,0,2,1,7,0,1,1,2,14,1,2634406
549668,2,1,45,0,8,2,2,1,9,0,1,1,2,18,1,2634406
549669,5,0,18,5,0,0,2,1,6,0,1,3,0,0,1,2634406
553170,0,1,85,4,0,0,2,1,6,0,1,3,0,6,2,2635688
554368,0,1,84,4,0,0,2,1,9,0,1,3,2,19,2,2636126
554877,0,0,21,5,6,3,2,1,5,0,1,1,2,3,1,2636294
554878,7,1,18,5,7,0,2,1,6,0,1,1,2,3,1,2636294
554879,7,0,19,5,0,0,2,1,0,0,1,1,2,3,1,2636294
555794,0,0,61,3,0,0,2,1,9,0,1,3,2,35,1,2636638
555795,2,1,35,3,0,0,2,1,9,0,1,1,2,23,1,2636638
556496,0,1,28,0,0,0,2,1,6,0,1,1,2,7,1,2636902
556497,1,0,28,0,0,0,2,1,6,0,1,1,2,39,1,2636902
556498,2,0,2,5,0,0,0,0,0,0,0,0,0,0,0,2636902
558088,0,0,30,0,0,0,2,1,10,0,1,1,2,20,1,2637456
558089,1,1,30,0,0,0,2,1,6,0,1,1,1,3,1,2637456
559122,0,0,32,0,5,2,4,1,9,0,1,3,2,23,1,2637858
559123,1,1,33,0,5,2,4,1,9,0,1,3,2,2,1,2637858
559124,2,0,6,5,5,0,4,2,0,3,2,0,0,0,0,2637858
559125,2,0,3,5,5,0,0,1,0,0,1,0,0,0,0,2637858
568909,7,0,44,5,0,3,3,1,6,0,1,3,0,0,2,2641328
571161,0,1,36,5,0,0,2,1,9,0,1,1,2,18,1,2642403
572398,0,1,85,4,0,0,2,1,6,0,1,3,0,4,2,2643017
572400,0,1,39,3,0,0,2,1,7,0,1,3,0,0,2,2643019
572401,7,0,38,5,0,0,3,1,10,0,1,1,2,22,1,2643019
572402,7,0,37,5,0,0,3,1,9,0,1,3,1,10,1,2643019
572616,0,0,46,0,1,0,3,1,7,0,1,1,2,29,1,2643126
572617,1,1,49,0,7,2,3,1,6,0,1,1,2,3,1,2643126
572618,2,1,17,5,1,0,2,2,4,5,2,3,0,0,1,2643126
572619,2,1,16,5,1,0,2,2,3,5,2,3,0,0,1,2643126
572969,0,0,77,0,0,0,2,1,6,0,1,3,0,13,1,2643288
572970,1,1,80,0,0,0,2,1,6,0,1,3,0,0,1,2643288
572971,2,1,42,5,0,0,2,1,6,0,1,1,2,9,1,2643288
574911,0,1,24,5,0,3,3,1,9,0,1,1,2,10,1,2644192
574912,7,0,30,2,0,0,2,1,6,0,1,1,2,15,1,2644192
574937,0,0,41,1,6,3,5,1,1,0,1,1,2,9,2,2644201
574938,6,1,33,1,6,3,5,1,1,0,1,1,2,5,2,2644201
574939,6,0,16,5,6,0,5,1,6,0,1,1,2,7,1,2644201
574940,6,0,14,5,6,0,4,2,2,4,2,0,0,0,0,2644201
574941,6,1,10,5,6,0,3,2,2,4,2,0,0,0,0,2644201
574942,6,1,7,5,6,0,4,2,1,3,2,0,0,0,0,2644201
574943,2,0,16,5,6,0,5,1,0,0,1,1,2,6,1,2644201
574944,7,1,4,5,6,0,0,1,0,0,1,0,0,0,0,2644201
578835,0,0,48,0,0,0,2,1,6,0,1,1,2,28,1,2645664
578836,1,1,47,0,0,0,2,1,6,0,1,1,2,0,2,2645664
581099,0,0,46,5,0,0,2,1,9,0,1,1,2,29,1,2646518
581298,0,1,37,5,0,0,2,1,9,0,1,1,2,4,2,2646590
585992,0,1,48,5,0,0,4,1,0,0,1,1,2,6,1,2648102
585993,2,0,25,5,0,0,3,1,4,0,1,1,2,3,1,2648102
586106,0,0,35,3,0,0,2,1,8,0,1,1,2,25,1,2648133
586897,0,0,23,0,0,3,1,1,3,0,1,1,2,10,1,2648391
586898,1,1,21,0,0,3,1,1,2,0,1,3,0,0,1,2648391
586899,2,0,1,5,0,0,0,0,0,0,0,0,0,0,0,2648391
586900,7,0,31,0,0,3,1,1,0,0,1,1,2,6,2,2648391
586901,7,0,44,0,0,3,5,1,2,0,1,1,2,6,2,2648391
586902,7,0,29,5,0,3,1,2,7,6,2,2,2,4,2,2648391
587667,0,1,26,3,6,0,3,1,8,0,1,1,2,26,1,2648613
587668,2,1,7,5,6,0,4,2,1,3,2,0,0,0,0,2648613
587669,4,1,14,5,6,0,3,2,3,5,2,0,0,0,0,2648613
588069,0,0,34,5,6,0,2,1,6,0,1,1,2,15,1,2648742
588151,0,1,32,2,0,0,5,1,2,0,1,2,2,3,1,2648771
588152,2,1,5,5,0,0,5,2,0,2,2,0,0,0,0,2648771
588153,2,0,13,5,0,1,5,2,2,4,2,0,0,0,0,2648771
588154,7,0,37,2,0,3,1,1,2,0,1,1,2,4,1,2648771
589116,0,0,73,4,0,0,2,1,9,0,1,3,0,17,2,2649136
589549,0,0,28,0,0,0,2,1,6,0,1,1,2,16,1,2649355
589550,1,1,33,0,5,2,3,1,9,0,1,3,2,4,1,2649355
589551,2,0,6,5,0,0,2,2,0,2,2,0,0,0,0,2649355
589552,2,0,0,5,0,0,0,0,0,0,0,0,0,0,0,2649355
592901,0,0,52,0,0,0,2,1,7,0,1,1,2,22,1,2651105
592902,1,1,47,0,0,0,2,2,7,6,2,1,2,30,1,2651105
592903,2,1,18,5,0,0,2,2,5,5,2,3,2,0,1,2651105
593424,0,1,55,3,0,2,3,1,8,0,1,1,2,21,1,2651362
594349,0,1,78,4,0,0,2,1,9,0,1,3,0,24,1,2651809
596522,0,0,56,4,0,0,3,1,9,0,1,1,2,24,2,2652815
596523,2,0,17,5,0,0,2,2,4,5,2,3,0,2,1,2652815
596524,2,1,15,5,0,0,2,2,2,5,2,0,0,2,0,2652815
596875,0,0,42,0,0,0,2,1,8,0,1,1,1,0,1,2652925
596876,1,1,37,0,0,0,2,1,9,0,1,1,1,35,1,2652925
596877,2,0,7,5,0,0,2,2,0,3,2,0,0,0,0,2652925
596878,2,1,4,5,0,0,0,2,0,1,2,0,0,0,0,2652925
596879,2,0,0,5,0,0,0,0,0,0,0,0,0,0,0,2652925
599030,0,0,77,0,0,0,2,1,6,0,1,3,0,4,1,2653612
599031,1,1,70,0,0,0,2,1,6,0,1,3,0,2,1,2653612
599698,0,1,73,4,0,0,2,1,4,0,1,3,0,3,1,2653828
605792,0,1,40,3,0,0,2,1,7,0,1,1,2,19,1,2655816
605793,2,1,13,5,0,0,2,2,2,4,2,0,0,0,0,2655816
606064,0,0,20,5,0,0,2,1,7,0,1,1,2,15,2,2655904
606065,2,1,0,5,0,0,0,0,0,0,0,0,0,0,0,2655904
606066,7,1,20,5,0,0,2,1,0,0,1,3,0,1,1,2655904
606885,0,0,60,0,0,0,2,1,6,0,1,1,2,14,1,2656179
606886,1,1,55,0,0,0,4,1,7,0,1,1,2,11,1,2656179
606975,0,0,55,3,1,0,2,1,6,0,1,1,2,7,1,2656204
610194,0,1,46,3,0,0,3,1,3,0,1,3,2,1,2,2657313
610195,2,0,19,5,0,0,3,1,6,0,1,1,2,0,1,2657313
610196,2,1,18,5,0,0,3,2,6,6,2,1,2,3,1,2657313
611351,7,0,15,5,0,0,2,2,3,5,2,0,0,0,0,2657712
611491,0,0,38,2,6,0,3,1,6,0,1,1,2,11,1,2657770
611540,7,0,38,1,1,0,2,1,6,0,1,2,2,0,1,2657787
611779,0,0,70,0,5,2,5,1,2,0,1,3,0,3,1,2657862
611780,1,1,59,0,5,2,5,1,0,0,1,3,0,0,1,2657862
611781,2,0,26,5,5,2,4,2,8,6,2,2,2,10,1,2657862
611782,2,0,24,5,5,3,4,1,0,0,1,1,2,3,2,2657862
611783,2,1,18,5,5,0,3,2,6,5,2,2,2,0,1,2657862
615013,0,0,22,5,0,0,2,1,4,0,1,1,2,13,1,2658978
615014,2,1,1,5,0,0,0,0,0,0,0,0,0,0,0,2658978
615015,2,0,0,5,0,0,0,0,0,0,0,0,0,0,0,2658978
615016,7,1,21,5,0,0,2,1,7,0,1,3,1,2,1,2658978
615708,0,1,73,5,0,0,2,1,9,0,1,3,0,12,1,2659207
617220,0,1,53,0,0,0,2,1,7,0,1,1,2,6,2,2659742
617221,1,0,48,0,0,0,2,1,6,0,1,3,0,0,1,2659742
617632,7,0,82,1,0,0,2,1,0,0,1,2,0,7,1,2659890
619265,0,1,48,3,0,0,2,1,6,0,1,1,2,6,1,2660464
625062,0,0,71,5,0,0,2,1,10,0,1,3,0,30,1,2662759
625825,0,0,60,0,0,0,2,1,10,0,1,1,2,21,1,2663083
625826,1,1,56,0,0,0,2,1,10,0,1,1,2,24,1,2663083
625827,2,1,27,5,0,0,2,2,9,7,2,1,2,0,1,2663083
629592,0,1,85,4,0,0,2,1,5,0,1,3,0,7,1,2664269
629593,2,1,58,3,0,0,2,1,6,0,1,1,2,5,1,2664269
629974,0,0,42,0,6,0,2,1,3,0,1,3,0,5,1,2664384
629975,1,1,42,0,6,2,3,1,6,0,1,1,2,16,1,2664384
629976,2,0,21,5,6,0,2,1,6,0,1,1,2,4,1,2664384
633410,7,0,46,1,1,0,2,1,6,0,1,3,2,2,1,2665480
635760,0,0,72,0,0,0,2,1,6,0,1,3,0,12,1,2666260
635761,1,1,62,0,0,0,2,1,6,0,1,3,2,23,1,2666260
636774,0,0,53,0,0,0,2,1,6,0,1,1,2,15,1,2666611
636775,1,1,47,0,0,3,2,1,6,0,1,1,2,14,1,2666611
637432,0,0,77,5,0,0,2,1,6,0,1,3,0,8,1,2666856
641792,0,0,65,0,0,0,4,1,1,0,1,1,2,5,1,2668421
641793,1,1,68,0,0,0,3,1,7,0,1,2,2,8,1,2668421
642978,0,1,61,4,0,0,2,1,6,0,1,3,2,74,1,2668869
644183,0,1,35,0,0,0,2,1,7,0,1,1,2,9,1,2669313
644184,1,0,36,0,0,0,2,1,6,0,1,1,2,10,1,2669313
644185,2,1,4,5,0,0,0,1,0,0,1,0,0,0,0,2669313
644546,0,0,28,0,6,3,1,1,2,0,1,1,2,0,1,2669441
644547,1,1,30,0,6,3,1,1,0,0,1,1,2,0,1,2669441
644548,2,0,8,5,6,3,1,2,1,3,2,0,0,0,0,2669441
644549,2,0,7,5,6,3,1,2,1,3,2,0,0,0,0,2669441
644550,2,0,3,5,6,3,0,1,0,0,1,0,0,0,0,2669441
645318,0,0,75,5,0,0,2,1,9,0,1,1,1,15,1,2669728
645319,4,1,74,5,0,0,2,1,7,0,1,3,0,17,1,2669728
646903,0,0,32,3,0,0,2,1,8,0,1,1,2,23,1,2670308
649576,0,0,27,0,0,0,2,1,6,0,1,1,2,12,1,2671318
649577,1,1,23,0,0,0,2,1,9,0,1,1,2,21,1,2671318
649650,0,1,52,3,0,0,2,1,10,0,1,1,2,29,1,2671346
649651,2,1,20,5,0,0,2,2,6,6,2,1,2,1,1,2671346
652058,0,0,63,0,0,0,2,1,5,0,1,3,2,54,2,2672214
652059,1,1,59,0,0,0,2,1,6,0,1,1,2,7,1,2672214
652910,0,0,60,0,0,0,2,1,6,0,1,1,2,13,1,2672526
652911,1,1,57,0,0,0,2,1,6,0,1,1,2,15,1,2672526
654181,0,0,72,0,0,0,2,1,9,0,1,3,0,8,2,2672950
654182,1,1,82,0,0,0,2,1,6,0,1,3,0,8,1,2672950
656248,0,1,33,5,0,0,2,1,8,0,1,1,2,3,1,2673665
656249,7,1,32,3,0,0,2,1,4,0,1,1,2,2,1,2673665
656250,7,0,14,5,6,0,2,2,2,5,2,0,0,0,0,2673665
656251,7,1,3,5,6,0,0,1,0,0,1,0,0,0,0,2673665
656252,7,0,1,5,6,0,0,0,0,0,0,0,0,0,0,2673665
658150,0,0,39,0,6,3,5,1,2,0,1,1,2,10,1,2674297
658151,1,1,40,0,6,3,5,1,2,0,1,3,0,0,1,2674297
658152,2,0,20,5,6,3,3,2,7,6,2,1,2,3,2,2674297
658153,2,1,18,5,6,0,3,2,5,5,2,3,0,3,1,2674297
658154,2,0,16,5,6,0,3,2,3,5,2,3,0,0,1,2674297
658155,5,1,1,5,6,0,0,0,0,0,0,0,0,0,0,2674297
659318,0,1,47,0,6,2,4,1,6,0,1,3,0,4,2,2674672
659319,1,0,47,0,6,2,4,1,5,0,1,2,2,5,1,2674672
659320,2,1,11,5,6,0,4,2,2,4,2,0,0,0,0,2674672
659321,4,0,29,5,6,3,5,1,4,0,1,2,2,4,1,2674672
661072,0,0,53,0,0,0,2,1,6,0,1,1,2,13,1,2675255
661073,1,1,48,0,0,0,2,1,6,0,1,1,2,13,1,2675255
661907,0,0,30,5,0,3,1,1,1,0,1,1,2,6,2,2675536
661908,2,0,4,5,0,0,0,2,1,1,2,0,0,0,0,2675536
661909,2,1,0,5,0,0,0,0,0,0,0,0,0,0,0,2675536
661910,7,1,32,5,0,3,3,1,6,0,1,3,2,3,2,2675536
663269,0,0,20,1,6,3,1,1,2,0,1,2,2,0,1,2675973
663270,4,0,13,5,6,3,1,1,2,0,1,0,0,0,0,2675973
663271,4,0,17,5,6,3,1,1,2,0,1,1,2,3,1,2675973
665231,0,0,19,5,0,3,1,1,1,0,1,1,2,5,2,2676579
665232,7,1,16,5,0,0,3,2,4,5,2,3,0,0,1,2676579
665763,7,0,21,5,5,3,4,1,6,0,1,2,2,1,1,2676756
666818,0,0,68,0,6,3,1,1,3,0,1,1,2,3,1,2677069
666819,1,1,40,0,0,3,1,1,2,0,1,1,2,3,2,2677069
666820,2,0,23,0,0,3,1,1,6,0,1,1,2,3,2,2677069
666821,2,0,21,0,0,3,1,1,2,0,1,1,2,2,2,2677069
666822,2,0,16,5,0,3,1,2,3,5,2,3,0,0,1,2677069
666823,2,1,13,5,0,3,5,2,2,4,2,0,0,0,0,2677069
666824,5,1,15,5,0,3,1,2,2,5,2,0,0,0,0,2677069
666825,7,0,62,5,6,0,2,1,3,0,1,2,2,2,2,2677069
666826,7,0,70,1,6,3,1,1,0,0,1,1,2,13,1,2677069
668541,0,0,45,0,6,3,1,1,3,0,1,1,2,7,1,2677631
668542,1,1,44,0,6,2,1,1,2,0,1,3,2,8,1,2677631
668543,2,1,16,5,6,0,4,2,5,5,2,3,0,0,1,2677631
668544,2,1,17,5,6,0,1,1,0,0,1,3,0,0,1,2677631
668545,6,0,20,5,6,3,1,1,2,0,1,1,2,5,1,2677631
668546,6,1,18,5,6,0,3,2,6,6,2,3,2,1,1,2677631
668547,6,1,2,5,0,0,0,0,0,0,0,0,0,0,0,2677631
668548,6,1,34,5,0,3,1,1,2,0,1,3,2,1,1,2677631
668549,6,0,16,5,0,3,1,1,2,0,1,1,2,0,1,2677631
668550,6,0,16,1,0,2,4,1,2,0,1,1,2,2,1,2677631
668551,6,0,1,5,0,3,0,0,0,0,0,0,0,0,0,2677631
668552,7,1,2,5,0,0,0,0,0,0,0,0,0,0,0,2677631
668553,7,0,1,5,0,0,0,0,0,0,0,0,0,0,0,2677631
669732,0,0,42,0,7,3,5,1,2,0,1,1,2,13,1,2678043
669733,1,1,38,0,7,2,5,1,2,0,1,3,0,0,1,2678043
669734,2,1,17,5,7,0,2,2,6,5,2,3,0,0,1,2678043
669735,2,1,14,5,7,0,2,2,3,5,2,0,0,0,0,2678043
669736,2,1,13,5,7,0,2,2,2,4,2,0,0,0,0,2678043
670893,0,1,81,4,1,0,2,1,3,0,1,3,0,0,1,2678459
672975,7,0,43,1,1,0,3,1,6,0,1,3,1,0,1,2679236
675059,0,0,29,0,0,0,2,1,6,0,1,1,2,26,1,2680022
675060,1,1,28,0,0,0,2,1,6,0,1,1,2,11,1,2680022
675061,2,0,8,5,7,0,2,2,1,3,2,0,0,0,0,2680022
675062,2,0,5,5,7,0,2,2,1,1,3,0,0,0,0,2680022
677119,0,0,64,0,0,0,2,1,6,0,1,3,2,8,1,2680760
677120,1,1,64,0,0,0,2,1,6,0,1,3,2,26,1,2680760
677121,2,0,33,5,0,0,2,1,7,0,1,1,2,14,1,2680760
681779,0,0,63,0,0,0,2,1,9,0,1,1,2,46,1,2682146
681780,1,1,58,0,0,0,2,1,7,0,1,1,1,0,1,2682146
683733,0,0,27,5,0,0,2,1,7,0,1,1,2,13,1,2682729
683734,3,0,51,1,0,0,2,1,8,0,1,2,2,2,1,2682729
683735,3,1,51,4,0,0,3,1,7,0,1,1,1,8,1,2682729
683736,6,1,21,5,0,0,2,1,6,0,1,2,2,1,1,2682729
685507,0,1,46,3,0,0,2,1,7,0,1,1,2,6,2,2683372
685508,6,1,12,5,0,0,2,2,2,4,2,0,0,0,0,2683372
685509,7,0,45,5,0,0,2,1,7,0,1,1,2,44,1,2683372
685965,0,0,38,5,0,0,2,1,9,0,1,1,2,25,1,2683550
687144,7,0,58,1,6,0,3,1,6,0,1,3,2,27,1,2684005
692952,0,0,80,4,0,0,2,1,9,0,1,3,0,40,2,2685862
692953,7,0,26,5,0,2,2,1,6,0,1,1,2,14,1,2685862
697189,0,0,36,0,0,0,2,1,10,0,1,1,2,25,1,2687229
697190,1,1,37,0,0,0,2,1,10,0,1,1,1,3,1,2687229
697191,2,0,4,5,0,0,0,2,0,1,2,0,0,0,0,2687229
697192,2,0,0,5,0,0,0,0,0,0,0,0,0,0,0,2687229
701706,0,0,55,0,6,0,3,1,6,0,1,1,2,15,1,2688817
701707,1,1,54,0,6,0,3,1,6,0,1,1,2,11,1,2688817
701708,2,0,32,5,6,0,3,1,7,0,1,1,2,12,1,2688817
704895,0,0,28,0,6,3,4,1,2,0,1,1,2,23,1,2689943
704896,1,1,20,0,6,2,4,2,6,5,2,1,2,6,1,2689943
704897,2,0,2,5,6,0,0,0,0,0,0,0,0,0,0,2689943
704898,7,0,27,0,6,2,5,1,2,0,1,1,2,6,1,2689943
704899,7,1,22,0,6,3,5,1,6,0,1,3,2,4,1,2689943
704900,7,1,0,5,6,0,0,0,0,0,0,0,0,0,0,2689943
706192,0,1,54,3,0,0,2,1,10,0,1,1,2,33,1,2690420
709164,0,0,40,0,0,0,2,1,6,0,1,1,2,20,1,2691549
709165,1,1,37,0,0,0,2,1,6,0,1,1,2,20,1,2691549
709166,2,1,15,5,0,0,2,2,2,5,2,0,0,0,0,2691549
709360,0,0,85,0,0,2,2,1,6,0,1,1,2,18,1,2691623
709361,1,1,85,0,0,0,2,1,10,0,1,3,0,13,1,2691623
709362,2,0,53,3,0,0,2,1,9,0,1,1,2,9,1,2691623
712981,0,0,30,0,6,3,3,1,6,0,1,1,2,12,1,2693046
712982,1,1,27,0,6,0,3,1,6,0,1,1,2,7,1,2693046
712983,2,1,8,5,6,1,3,2,1,3,2,0,0,0,0,2693046
712984,2,0,7,5,6,1,3,2,1,3,2,0,0,0,0,2693046
712985,2,0,4,5,6,1,0,2,1,1,2,0,0,0,0,2693046
714645,0,0,34,0,0,0,2,1,6,0,1,1,2,30,1,2693703
714646,1,1,35,0,0,0,2,2,7,6,2,1,2,25,1,2693703
714647,2,0,9,5,0,0,2,2,1,3,3,0,0,0,0,2693703
714648,2,0,8,5,0,0,2,2,1,3,3,0,0,0,0,2693703
714649,2,1,5,5,0,0,2,2,1,2,3,0,0,0,0,2693703
718075,0,1,51,5,0,0,2,1,9,0,1,1,2,32,1,2694862
718076,2,0,9,5,6,2,2,2,1,3,3,0,0,0,0,2694862
719199,0,1,27,5,0,2,2,2,9,7,2,3,2,16,2,2695185
719895,0,0,55,0,6,2,4,1,2,0,1,1,2,36,2,2695399
719896,1,1,46,0,6,3,5,1,0,0,1,3,0,0,1,2695399
719897,2,1,19,5,6,0,3,2,6,6,2,1,2,7,2,2695399
719898,2,0,15,5,6,0,3,2,4,5,2,0,0,0,0,2695399
719957,0,0,58,3,6,0,2,1,9,0,1,3,1,5,1,2695415
724540,0,0,30,0,0,0,2,1,6,0,1,1,2,15,1,2696825
724541,1,1,29,0,0,0,2,1,6,0,1,3,0,0,1,2696825
724542,2,1,10,5,0,1,2,2,1,3,2,0,0,0,0,2696825
724543,2,0,6,5,0,1,2,2,1,3,2,0,0,0,0,2696825
726278,0,0,20,5,1,0,2,1,6,0,1,1,2,10,1,2697482
726279,7,1,18,5,1,0,2,1,6,0,1,1,2,0,1,2697482
726303,0,1,40,4,6,0,2,1,6,0,1,1,2,5,1,2697491
726304,2,0,13,5,6,0,2,2,2,4,2,0,0,0,0,2697491
726305,2,0,12,5,6,0,2,2,2,4,2,0,0,0,0,2697491
726306,2,0,9,5,6,0,2,2,1,3,2,0,0,0,0,2697491
726357,0,0,31,0,1,0,2,1,7,0,1,1,2,25,1,2697512
726358,1,1,28,0,1,0,2,1,6,0,1,1,1,0,1,2697512
726359,2,1,8,5,1,0,2,2,1,3,3,0,0,0,0,2697512
726360,2,0,6,5,1,0,2,2,1,3,3,0,0,0,0,2697512
726361,2,1,5,5,1,0,2,2,1,2,3,0,0,0,0,2697512
729386,0,0,46,0,0,1,2,1,9,0,1,1,2,29,1,2698751
729387,1,1,39,0,0,0,2,1,9,0,1,1,2,23,1,2698751
729388,2,0,7,5,0,0,2,2,1,3,2,0,0,0,0,2698751
731645,0,0,27,3,7,0,2,1,6,0,1,1,2,15,1,2699661
731646,2,0,0,5,7,0,0,0,0,0,0,0,0,0,0,2699661
731647,7,1,21,5,0,0,2,1,6,0,1,3,2,2,1,2699661
731648,7,1,5,5,0,0,2,2,1,2,2,0,0,0,0,2699661
731649,7,0,4,5,0,0,0,1,0,0,1,0,0,0,0,2699661
732562,7,1,71,1,0,0,2,1,7,0,1,3,0,3,2,2700032
733931,0,0,72,1,3,2,3,1,9,0,1,1,2,39,1,2700636
737694,0,0,46,0,0,0,2,1,7,0,1,3,2,0,2,2702988
737695,1,1,37,0,0,0,2,1,8,0,1,3,0,0,1,2702988
737696,2,0,3,5,0,0,0,1,0,0,1,0,0,0,0,2702988
737697,2,0,0,5,0,0,0,0,0,0,0,0,0,0,0,2702988
738422,7,0,43,1,1,0,2,1,7,0,1,3,2,20,1,2703453
741315,0,1,57,4,7,2,4,1,10,0,1,3,0,3,1,2705337
741316,2,1,21,5,7,0,3,2,7,6,2,1,2,11,2,2705337
741317,2,0,23,5,7,0,3,2,10,7,2,3,0,0,1,2705337
741679,0,0,37,0,6,0,3,1,6,0,1,3,2,6,1,2705590
741680,1,1,34,0,6,0,3,1,4,0,1,1,2,6,1,2705590
741681,2,0,16,5,6,0,3,2,4,5,2,3,0,0,1,2705590
741682,2,0,16,5,6,0,2,2,4,5,2,1,2,1,2,2705590
741683,2,1,12,5,6,0,2,2,2,4,2,0,0,0,0,2705590
741890,0,0,54,0,0,0,2,1,6,0,1,1,2,32,1,2705720
741891,1,1,58,0,0,0,2,1,6,0,1,3,0,0,1,2705720
742943,0,1,45,0,0,0,2,1,6,0,1,3,0,0,1,2706244
742944,1,0,47,0,0,0,2,1,9,0,1,1,2,30,2,2706244
742945,2,1,16,5,0,0,2,2,4,5,2,3,0,0,1,2706244
746356,0,1,67,4,0,0,2,1,5,0,1,3,0,4,1,2707653
747315,0,0,53,0,0,0,2,1,6,0,1,1,2,25,1,2708054
747316,1,1,55,0,0,0,2,1,6,0,1,1,2,20,1,2708054
747450,0,0,48,0,0,0,2,1,9,0,1,1,2,75,1,2708113
747451,1,1,47,0,0,0,2,1,8,0,1,1,2,18,1,2708113
747452,2,0,21,5,0,0,2,1,6,0,1,1,2,14,1,2708113
749228,0,0,78,4,0,0,2,1,7,0,1,3,0,3,1,2708855
749229,2,0,53,0,0,0,3,1,6,0,1,3,0,0,1,2708855
749230,2,1,49,0,0,0,3,2,7,6,2,2,0,0,1,2708855
749231,5,1,17,5,0,0,3,2,6,5,2,3,0,0,1,2708855
753079,0,0,48,0,0,0,2,1,7,0,1,1,2,31,1,2710283
753080,1,1,45,0,0,0,2,2,8,6,2,1,2,14,1,2710283
753081,2,1,23,5,0,0,2,2,7,5,2,1,2,3,2,2710283
753082,7,0,28,5,0,0,2,2,7,6,2,1,2,10,2,2710283
753181,7,0,15,5,0,0,2,1,0,0,1,0,0,4,0,2710317
753790,0,1,58,3,2,0,2,1,9,0,1,1,2,31,1,2710548
755681,0,0,35,0,6,3,4,1,7,0,1,1,2,22,1,2711250
755682,1,1,44,0,6,3,4,1,6,0,1,3,2,0,1,2711250
755683,2,0,18,5,6,3,4,2,6,6,2,2,2,1,1,2711250
755684,2,1,15,5,6,3,4,2,4,5,2,0,0,0,0,2711250
755685,7,1,17,5,6,3,4,2,6,5,2,3,0,0,1,2711250
755686,7,0,16,5,6,3,4,2,5,5,2,3,0,0,1,2711250
756221,0,1,43,2,0,0,3,1,4,0,1,1,2,2,1,2711435
756222,2,0,14,5,0,0,2,2,3,5,2,0,0,0,0,2711435
757494,0,1,20,5,7,0,2,1,6,0,1,1,2,10,2,2711917
761747,0,0,45,0,0,0,2,2,6,6,2,1,2,24,1,2713479
761748,1,1,46,0,0,0,2,1,6,0,1,1,2,7,1,2713479
764169,0,0,23,0,6,0,4,2,6,6,2,3,2,10,1,2714365
764170,1,1,24,0,6,3,4,1,6,0,1,3,2,0,1,2714365
764171,2,1,0,5,6,0,0,0,0,0,0,0,0,0,0,2714365
766971,0,0,34,5,6,3,3,1,6,0,1,1,2,7,1,2715373
766972,2,0,14,5,6,3,3,2,2,5,2,0,0,0,0,2715373
766973,4,1,27,5,6,3,3,1,4,0,1,3,2,4,1,2715373
766974,7,1,32,5,6,3,4,1,2,0,1,3,0,0,1,2715373
770210,0,0,79,0,5,3,1,1,0,0,1,1,2,8,1,2716511
770211,1,1,52,0,5,2,4,1,0,0,1,1,2,5,1,2716511
772058,0,0,35,0,0,0,2,1,6,0,1,1,2,24,1,2717141
772059,1,1,32,0,0,0,2,1,6,0,1,1,2,2,1,2717141
772060,2,1,12,5,0,0,2,2,2,4,2,0,0,0,0,2717141
772061,2,0,10,5,0,0,2,2,1,3,2,0,0,0,0,2717141
772398,0,0,72,4,0,0,2,1,7,0,1,3,1,6,1,2717262
773181,0,0,41,0,0,0,2,1,6,0,1,3,2,7,1,2717588
773182,1,1,29,0,0,0,2,2,5,5,2,3,0,0,1,2717588
773183,2,0,10,5,0,0,2,2,1,4,2,0,0,0,0,2717588
773184,2,1,7,5,0,0,2,2,1,3,3,0,0,0,0,2717588
775306,0,0,30,0,6,2,2,1,6,0,1,1,2,13,1,2718415
775307,1,1,30,0,6,3,4,1,6,0,1,1,2,2,1,2718415
775308,2,1,3,5,6,0,0,1,0,0,1,0,0,0,0,2718415
775309,2,0,7,5,6,0,4,2,1,3,2,0,0,0,0,2718415
778461,7,0,23,1,6,0,3,1,6,0,1,3,2,0,2,2719719
778721,0,1,30,4,5,3,4,1,5,0,1,3,0,3,1,2719827
778722,2,1,10,5,5,0,2,2,1,4,2,0,0,0,0,2719827
778723,2,0,6,5,5,0,2,2,1,2,2,0,0,0,0,2719827
778724,2,1,2,5,7,0,0,0,0,0,0,0,0,0,0,2719827
778725,2,1,0,5,7,0,0,0,0,0,0,0,0,0,0,2719827
780462,0,0,49,0,0,0,2,1,9,0,1,1,2,42,1,2720471
780463,1,1,47,0,0,0,2,1,10,0,1,1,2,34,1,2720471
780464,2,0,18,5,0,0,2,2,6,6,2,3,2,1,1,2720471
780465,2,0,13,5,0,0,2,2,2,4,2,0,0,0,0,2720471
781695,0,0,40,0,0,0,2,1,10,0,1,3,2,0,1,2720916
781696,1,1,31,0,6,0,3,1,9,0,1,1,2,18,1,2720916
787865,0,0,36,5,0,0,2,1,6,0,1,3,1,45,1,2723315
787866,7,1,37,5,0,0,2,1,7,0,1,3,1,2,1,2723315
789325,0,0,50,5,0,0,2,1,8,0,1,1,2,14,1,2723961
789326,3,1,73,4,0,0,2,1,2,0,1,1,2,5,1,2723961
792322,7,1,19,5,0,0,2,2,6,6,2,3,2,0,1,2725366
793835,0,1,54,4,6,2,1,1,0,0,1,3,0,2,1,2726101
793836,2,0,26,5,6,3,3,1,6,0,1,2,2,9,1,2726101
793837,5,1,20,5,6,3,3,1,5,0,1,1,2,4,1,2726101
793838,2,1,36,0,6,2,4,1,7,0,1,2,2,0,1,2726101
793839,2,0,35,0,6,3,5,1,6,0,1,2,1,2,1,2726101
793860,7,0,39,1,0,0,2,1,3,0,1,3,0,4,1,2726111
795035,0,0,52,0,0,0,2,1,7,0,1,1,2,55,1,2726681
795036,1,1,44,0,0,0,2,1,6,0,1,1,2,18,1,2726681
799149,7,0,24,5,0,0,2,1,5,0,1,3,0,0,1,2728515
800225,0,1,85,4,0,0,2,1,6,0,1,3,0,13,2,2728919
806190,0,0,50,0,0,0,2,1,7,0,1,1,2,24,1,2731038
806191,1,1,49,0,0,0,2,1,6,0,1,1,2,16,1,2731038
807234,0,0,37,0,6,3,2,1,6,0,1,1,1,29,1,2731386
807235,1,1,26,0,0,0,3,1,6,0,1,1,2,5,1,2731386
807236,2,1,8,5,6,0,4,2,1,3,2,0,0,0,0,2731386
807237,2,0,4,5,0,0,0,2,0,1,2,0,0,0,0,2731386
809691,0,0,50,0,0,0,2,1,6,0,1,1,2,16,1,2732336
809692,1,1,47,0,0,0,2,1,6,0,1,1,2,18,1,2732336
810247,0,0,69,3,0,0,2,1,6,0,1,3,0,0,1,2732589
810619,0,0,38,5,0,0,2,2,8,6,2,1,2,25,1,2732750
812455,0,0,39,0,0,0,2,1,8,0,1,1,2,22,1,2733504
812456,1,1,38,0,0,0,2,1,9,0,1,3,0,0,1,2733504
812457,2,0,13,5,0,0,2,2,2,4,2,0,0,0,0,2733504
812458,2,1,9,5,0,0,2,2,1,3,2,0,0,0,0,2733504
815476,0,0,40,0,0,0,2,1,6,0,1,1,1,35,1,2734801
815477,1,1,38,0,0,0,2,1,6,0,1,3,0,0,1,2734801
815478,2,0,8,5,0,0,2,2,1,3,2,0,0,0,0,2734801
815479,2,0,6,5,0,0,2,2,1,2,2,0,0,0,0,2734801
817194,0,0,50,0,0,0,2,1,10,0,1,1,2,48,1,2735525
817195,1,1,38,0,0,0,3,1,7,0,1,1,2,20,1,2735525
820652,0,0,43,5,0,0,2,1,9,0,1,1,2,14,1,2736820
823999,0,0,54,3,0,0,2,1,6,0,1,1,1,17,1,2737728
824258,0,0,44,0,5,3,3,1,9,0,1,1,2,12,1,2737802
824259,1,1,44,0,5,3,3,1,9,0,1,1,2,16,1,2737802
824260,2,1,15,5,5,0,3,2,2,5,2,0,0,0,0,2737802
824886,0,0,42,0,1,0,2,1,7,0,1,1,2,19,1,2737963
824887,1,1,38,0,1,0,2,1,6,0,1,1,2,20,1,2737963
824888,2,0,21,5,1,0,2,2,8,6,2,3,0,0,1,2737963
824889,2,1,16,5,1,0,2,2,3,5,2,3,2,1,1,2737963
824890,2,1,12,5,1,0,2,2,2,4,2,0,0,0,0,2737963
828139,0,0,70,0,0,0,2,1,3,0,1,3,0,30,1,2738873
828140,1,1,72,0,4,2,3,1,7,0,1,3,0,3,1,2738873
828311,0,1,51,5,0,0,2,1,8,0,1,1,2,6,1,2738926
828312,2,0,10,5,7,0,2,2,1,3,2,0,0,0,0,2738926
828313,7,0,57,3,1,0,2,1,10,0,1,3,0,0,1,2738926
829229,0,0,27,0,0,0,2,1,6,0,1,1,2,10,1,2739288
829230,1,1,21,0,0,0,2,1,7,0,1,1,2,4,1,2739288
829390,0,1,37,5,2,0,2,1,7,0,1,3,2,1,2,2739360
829391,2,0,10,5,2,0,2,2,1,4,2,0,0,0,0,2739360
830882,0,1,85,4,0,0,2,1,7,0,1,3,2,7,1,2739971
831510,0,0,35,0,6,2,5,1,5,0,1,1,2,18,1,2740235
831511,1,1,34,0,6,2,4,1,7,0,1,1,2,11,2,2740235
831512,2,0,10,5,6,0,4,2,2,4,2,0,0,0,0,2740235
831513,2,0,5,5,6,0,3,2,1,2,2,0,0,0,0,2740235
831514,2,1,0,5,6,0,0,0,0,0,0,0,0,0,0,2740235
831821,0,0,59,0,0,0,2,1,9,0,1,1,1,12,1,2740352
831822,1,1,57,0,0,0,2,1,10,0,1,1,2,37,1,2740352
834978,0,0,72,0,0,0,2,1,10,0,1,1,1,15,1,2741596
834979,1,1,82,0,0,2,2,1,7,0,1,3,0,8,1,2741596
835668,0,0,50,0,7,1,2,2,9,7,2,1,2,17,2,2741834
835669,1,1,48,0,0,0,2,2,6,5,2,1,2,10,2,2741834
840403,0,1,62,3,0,2,3,1,7,0,1,1,2,17,1,2743483
841066,0,0,60,0,0,0,2,1,6,0,1,1,2,22,1,2743741
841067,1,1,60,0,0,0,2,1,6,0,1,1,2,25,1,2743741
843098,0,0,73,0,0,2,4,1,7,0,1,1,2,20,1,2744518
843099,1,1,61,0,0,2,4,1,7,0,1,3,2,0,1,2744518
843100,2,0,38,5,0,2,3,1,6,0,1,1,2,17,1,2744518
843101,2,0,36,5,0,2,2,1,6,0,1,1,2,2,1,2744518
843171,0,1,49,5,0,0,2,1,10,0,1,1,2,45,1,2744551
846154,7,0,36,5,5,2,3,1,9,0,1,1,2,8,1,2745623
846374,0,0,26,0,0,0,2,2,8,6,2,3,2,0,1,2745707
846375,1,1,24,0,0,0,2,1,6,0,1,3,2,2,1,2745707
846376,2,1,3,5,0,0,0,1,0,0,1,0,0,0,0,2745707
846377,2,0,1,5,0,0,0,0,0,0,0,0,0,0,0,2745707
846601,0,1,78,4,0,0,2,1,6,0,1,3,0,12,1,2745790
848276,0,1,27,0,1,0,2,1,8,0,1,1,2,12,1,2746413
848277,1,0,29,0,1,0,2,1,7,0,1,1,2,8,1,2746413
848278,2,1,8,5,1,0,2,2,1,3,2,0,0,0,0,2746413
852509,0,0,29,0,0,0,2,1,7,0,1,1,2,14,1,2747960
852510,1,1,26,0,0,0,2,1,8,0,1,1,2,12,1,2747960
853480,0,0,44,0,0,0,2,1,10,0,1,1,2,57,1,2748311
853481,1,1,43,0,0,0,2,1,8,0,1,1,2,15,1,2748311
853482,2,0,12,5,0,0,2,2,2,4,2,0,0,0,0,2748311
854012,0,1,85,4,0,0,2,1,6,0,1,3,0,8,1,2748496
855665,0,0,38,0,0,0,2,1,6,0,1,1,2,30,1,2749095
855666,1,1,37,0,0,0,2,1,6,0,1,1,2,2,1,2749095
855667,2,0,6,5,0,0,2,2,0,3,2,0,0,0,0,2749095
855668,2,1,1,5,0,0,0,0,0,0,0,0,0,0,0,2749095
856098,0,0,32,0,6,3,1,1,2,0,1,1,2,12,1,2749248
856099,1,1,29,0,6,3,1,1,2,0,1,3,0,0,1,2749248
856100,2,0,7,5,6,0,5,2,0,3,2,0,0,0,0,2749248
856101,7,0,24,5,6,3,1,1,2,0,1,1,2,2,1,2749248
856478,0,0,39,0,0,2,3,1,9,0,1,1,2,99,1,2749379
856479,1,1,35,0,0,0,3,2,9,7,2,1,2,5,1,2749379
856480,2,0,9,5,0,0,3,2,1,3,2,0,0,0,0,2749379
856481,2,1,6,5,0,0,3,2,1,2,2,0,0,0,0,2749379
856482,2,0,3,5,0,0,0,2,1,1,3,0,0,0,0,2749379
856483,2,1,0,5,0,0,0,0,0,0,0,0,0,0,0,2749379
859107,0,0,41,5,1,0,2,1,7,0,1,1,2,22,1,2750365
860844,0,1,59,5,0,2,2,1,8,0,1,1,2,19,1,2751028
860978,0,0,38,0,0,0,2,2,4,6,2,1,1,7,1,2751084
860979,1,1,37,0,0,0,2,1,6,0,1,1,2,4,1,2751084
860980,2,0,1,5,0,0,0,0,0,0,0,0,0,0,0,2751084
861512,0,1,47,0,5,3,5,1,6,0,1,1,2,0,1,2751288
861513,1,0,45,0,5,3,4,2,6,5,3,3,2,0,1,2751288
861514,2,0,17,5,5,3,3,2,4,5,2,3,0,0,1,2751288
861515,2,0,15,5,5,3,3,2,3,5,2,0,0,0,0,2751288
861516,6,0,36,1,5,3,1,1,9,0,1,1,2,0,1,2751288
861517,7,1,32,1,5,3,1,1,4,0,1,3,0,0,1,2751288
862804,0,0,67,0,0,0,2,1,6,0,1,3,1,20,1,2751772
862805,1,1,58,0,0,0,2,1,6,0,1,3,2,2,1,2751772
865052,0,1,84,4,0,0,2,1,9,0,1,3,0,10,1,2752641
867534,0,1,45,4,6,0,3,1,6,0,1,1,2,12,1,2753517
867535,3,1,74,4,6,3,1,1,0,0,1,3,0,2,1,2753517
867536,6,0,8,5,6,0,2,1,1,0,1,0,0,0,0,2753517
867888,0,0,54,0,0,2,3,1,6,0,1,3,1,12,1,2753642
867889,1,1,50,0,0,2,4,1,6,0,1,3,0,0,1,2753642
867890,2,0,20,5,0,2,3,2,8,6,2,3,2,16,1,2753642
867891,2,0,19,5,0,2,3,2,7,6,2,3,2,2,1,2753642
867892,2,0,9,5,0,0,3,2,1,3,2,0,0,0,0,2753642
868271,0,0,71,0,0,0,2,1,6,0,1,3,0,11,1,2753787
868272,1,1,69,0,0,0,2,1,3,0,1,3,0,3,1,2753787
870479,0,0,32,0,0,0,2,1,6,0,1,1,2,8,1,2754530
870480,1,1,32,0,0,0,2,2,6,6,2,1,2,10,1,2754530
870481,2,0,4,5,0,0,0,2,1,1,2,0,0,0,0,2754530
870482,2,1,3,5,0,0,0,1,0,0,1,0,0,0,0,2754530
870483,6,0,15,5,0,0,2,2,2,5,2,0,0,0,0,2754530
871894,0,0,39,0,6,2,4,2,10,7,2,1,2,15,1,2755003
871895,1,1,33,0,6,3,5,1,2,0,1,3,0,0,1,2755003
871896,4,0,25,5,6,3,5,1,2,0,1,1,2,5,1,2755003
871897,7,0,53,5,6,3,5,1,2,0,1,1,2,7,1,2755003
871898,7,0,21,5,6,3,1,1,2,0,1,1,2,0,1,2755003
871899,7,1,57,5,6,3,4,1,2,0,1,1,2,7,1,2755003
874051,0,0,40,0,5,3,3,1,8,0,1,1,2,42,2,2755575
874052,1,1,30,0,1,0,2,1,9,0,1,3,0,0,1,2755575
874053,2,0,2,5,5,0,0,0,0,0,0,0,0,0,0,2755575
876053,0,0,49,0,6,2,3,2,7,6,2,3,2,24,2,2756062
876054,1,1,43,0,6,0,3,1,6,0,1,3,0,0,1,2756062
876055,2,1,23,5,6,0,3,2,6,6,2,3,2,4,2,2756062
876056,2,1,20,5,6,0,4,2,6,6,2,3,2,0,1,2756062
876057,2,0,19,5,6,0,4,2,6,6,2,3,2,0,2,2756062
876058,5,1,2,5,6,0,0,0,0,0,0,0,0,0,0,2756062
877077,0,0,48,3,6,2,3,1,7,0,1,3,2,20,2,2756321
877078,2,0,22,5,6,2,3,2,7,6,2,3,2,0,1,2756321
877079,2,1,12,5,6,0,3,2,2,4,2,0,0,0,0,2756321
878833,0,0,32,0,0,3,4,1,4,0,1,3,2,13,1,2756773
878834,1,1,26,0,7,3,4,1,2,0,1,3,2,2,1,2756773
878835,4,1,18,2,0,3,5,1,2,0,1,2,0,0,1,2756773
878836,2,1,7,5,0,0,3,2,1,3,2,0,0,0,0,2756773
878837,2,1,2,5,0,0,0,0,0,0,0,0,0,0,0,2756773
878838,6,1,0,5,0,0,0,0,0,0,0,0,0,0,0,2756773
878886,0,0,25,0,6,3,1,1,2,0,1,2,2,7,2,2756789
878887,1,1,22,0,6,3,1,2,2,4,2,3,0,0,1,2756789
878888,2,1,5,5,6,0,5,2,0,2,2,0,0,0,0,2756789
878889,2,1,0,5,6,0,0,0,0,0,0,0,0,0,0,2756789
879812,0,1,56,3,7,2,3,1,7,0,1,2,2,4,1,2757057
879813,3,1,85,2,0,3,5,1,6,0,1,3,0,0,1,2757057
886171,0,0,38,5,0,0,2,1,7,0,1,1,2,28,1,2758932
891180,0,0,31,0,0,0,2,1,7,0,1,1,2,11,1,2760619
891181,1,1,30,0,0,0,2,1,9,0,1,1,2,21,1,2760619
891182,2,0,0,5,0,0,0,0,0,0,0,0,0,0,0,2760619
892421,0,0,36,3,0,0,2,1,6,0,1,1,2,47,1,2761053
892840,0,0,21,5,0,3,3,1,6,0,1,1,2,6,1,2761219
892841,7,0,22,5,0,0,2,2,8,6,3,3,2,10,1,2761219
894738,0,1,36,5,0,3,2,2,7,6,3,1,2,12,1,2761971
903884,0,0,63,3,0,0,2,1,6,0,1,1,2,15,1,2765531
905474,0,1,85,4,0,0,2,1,6,0,1,3,0,4,2,2766125
906783,0,0,36,0,0,3,4,1,9,0,1,1,2,10,1,2766646
906784,1,1,28,0,0,2,3,1,10,0,1,3,2,0,1,2766646
906785,3,1,51,0,0,2,5,1,10,0,1,1,1,29,1,2766646
906786,3,0,59,0,0,2,4,1,10,0,1,1,2,10,1,2766646
906787,2,0,4,5,0,0,0,1,0,0,1,0,0,0,0,2766646
907770,0,1,85,4,0,3,3,1,5,0,1,3,0,3,2,2767025
908785,0,0,36,0,0,0,3,1,7,0,1,1,2,13,1,2767416
908786,1,1,35,0,6,0,2,1,5,0,1,1,2,4,1,2767416
908787,4,1,24,5,6,0,3,2,7,6,2,1,2,6,1,2767416
908788,2,0,12,5,0,0,2,2,2,4,2,0,0,0,0,2767416
908789,2,1,10,5,0,0,2,2,2,4,2,0,0,0,0,2767416
908790,6,0,3,5,6,0,0,2,1,1,2,0,0,0,0,2767416
911479,0,1,75,4,0,0,2,1,7,0,1,3,0,9,2,2768511
912037,0,0,65,0,0,3,3,1,6,0,1,1,1,15,1,2768723
912038,1,1,54,0,0,3,3,1,6,0,1,3,0,0,1,2768723
912039,2,0,21,5,0,0,3,2,7,6,2,3,0,0,1,2768723
917751,0,0,70,0,0,0,2,1,9,0,1,3,2,63,1,2770892
917752,1,1,67,0,0,0,2,1,6,0,1,3,2,3,1,2770892
919401,0,0,25,5,0,0,2,2,7,6,2,1,2,13,2,2771540
919402,7,1,25,1,0,0,2,1,6,0,1,1,2,17,2,2771540
919403,7,1,55,3,0,0,2,1,6,0,1,3,0,0,1,2771540
921681,0,0,35,0,0,2,3,1,6,0,1,1,1,8,1,2772469
921682,1,1,27,0,0,3,4,1,7,0,1,1,1,3,1,2772469
921683,7,0,35,5,0,0,2,1,9,0,1,2,2,18,1,2772469
924535,0,0,46,0,0,0,2,1,10,0,1,1,1,99,1,2773909
924536,1,1,45,0,0,0,2,1,6,0,1,3,2,0,1,2773909
924537,2,1,12,5,0,0,2,2,2,4,3,0,0,0,0,2773909
924538,2,0,9,5,0,0,2,2,1,3,3,0,0,0,0,2773909
924539,2,0,6,5,0,0,2,2,1,3,3,0,0,0,0,2773909
924540,3,1,77,4,0,2,4,1,1,0,1,3,0,3,2,2773909
925822,0,0,47,0,0,0,2,1,10,0,1,1,2,23,1,2774573
925823,1,1,41,0,0,2,2,1,7,0,1,3,1,30,1,2774573
925824,3,0,83,4,0,0,2,1,7,0,1,3,0,8,2,2774573
926414,0,0,79,0,0,2,3,1,9,0,1,1,1,47,1,2774870
926415,1,1,78,0,0,0,2,1,8,0,1,3,0,10,1,2774870
926873,0,0,32,5,6,0,3,1,8,0,1,1,2,9,1,2775084
928475,0,0,44,0,0,0,2,1,9,0,1,1,2,99,1,2775913
928476,1,1,45,0,0,0,2,1,9,0,1,1,2,1,1,2775913
928477,2,0,14,5,0,0,2,2,2,5,3,0,0,0,0,2775913
928478,2,0,11,5,0,0,2,2,2,4,3,0,0,0,0,2775913
928482,0,0,35,0,0,0,2,1,7,0,1,2,1,99,1,2775915
928483,1,1,38,0,0,0,3,1,6,0,1,3,0,0,1,2775915
928484,2,0,10,5,0,0,2,2,1,4,2,0,0,0,0,2775915
928485,2,1,9,5,0,0,2,2,1,3,2,0,0,0,0,2775915
928486,2,1,7,5,0,0,2,2,1,3,2,0,0,0,0,2775915
928811,0,0,39,0,5,0,2,1,10,0,1,1,2,40,1,2776095
928812,1,1,35,0,5,0,3,1,9,0,1,1,2,16,1,2776095
928813,2,1,6,5,5,0,3,2,1,3,2,0,0,0,0,2776095
928814,2,1,4,5,5,0,0,2,0,1,3,0,0,0,0,2776095
928815,2,1,0,5,5,0,0,0,0,0,0,0,0,0,0,2776095
928873,0,0,25,5,6,3,3,1,10,0,1,1,2,44,1,2776133
929007,0,0,45,5,0,0,2,1,7,0,1,2,2,4,1,2776213
929713,0,0,27,5,0,0,2,1,10,0,1,1,2,22,1,2776603
929763,0,0,54,0,0,0,2,1,9,0,1,1,2,50,1,2776631
929764,1,1,53,0,0,0,2,1,10,0,1,1,1,25,1,2776631
931268,0,1,27,0,7,0,3,2,7,6,2,1,1,3,1,2777471
931269,1,0,26,0,0,0,2,2,9,7,2,3,2,7,1,2777471
933398,0,0,59,0,0,0,2,1,10,0,1,1,1,99,1,2778652
933399,1,1,52,0,0,0,2,1,9,0,1,1,1,29,1,2778652
933962,7,0,19,1,0,0,2,2,7,6,2,1,1,0,1,2778964
936412,0,1,21,5,5,2,2,2,7,6,2,1,2,2,2,2780309
936413,7,1,21,5,5,0,3,2,7,6,2,1,2,1,2,2780309
936957,0,1,52,3,0,0,3,1,9,0,1,1,2,21,1,2780597
936958,2,1,39,3,0,0,2,1,9,0,1,3,2,0,1,2780597
936959,7,0,30,3,7,2,3,1,9,0,1,1,2,20,1,2780597
938381,0,0,35,0,6,3,3,1,3,0,1,1,2,8,2,2781348
938382,1,1,32,0,0,3,5,1,2,0,1,1,2,2,2,2781348
938383,2,1,12,5,6,3,3,2,2,4,2,0,0,0,0,2781348
938384,2,1,13,5,6,3,3,2,2,4,2,0,0,0,0,2781348
938385,2,0,10,5,0,0,3,2,1,3,2,0,0,0,0,2781348
938386,2,0,7,5,0,0,4,2,1,3,2,0,0,0,0,2781348
938930,0,0,32,0,7,0,2,1,9,0,1,1,2,8,1,2781602
938931,1,1,30,0,5,3,3,2,8,6,2,1,2,15,1,2781602
939185,0,0,46,0,0,3,5,1,2,0,1,3,2,0,1,2781724
939186,1,1,34,0,0,3,5,1,3,0,1,1,2,8,1,2781724
939187,2,1,12,5,0,0,3,2,2,4,2,0,0,0,0,2781724
939188,2,0,9,5,0,0,3,2,0,3,2,0,0,0,0,2781724
940347,0,1,72,4,0,0,4,1,6,0,1,3,0,11,1,2782280
940493,0,0,36,0,0,3,4,1,7,0,1,1,2,33,1,2782343
940494,1,1,29,0,0,3,4,1,7,0,1,1,2,1,1,2782343
940495,2,1,5,5,0,0,3,2,0,2,3,0,0,0,0,2782343
940496,2,0,3,5,0,0,0,2,0,1,3,0,0,0,0,2782343
940497,2,1,2,5,0,0,0,0,0,0,0,0,0,0,0,2782343
941091,0,1,24,5,0,0,2,1,9,0,1,3,2,11,1,2782639
941092,7,0,30,5,0,0,2,1,6,0,1,1,2,22,1,2782639
941671,0,1,53,3,1,0,2,1,6,0,1,1,2,13,1,2782908
942095,0,0,78,3,1,0,2,2,7,6,3,1,1,9,1,2783116
942603,0,1,51,5,0,0,2,1,7,0,1,1,1,11,1,2783338
943039,0,1,44,3,1,0,2,1,7,0,1,2,2,0,1,2783553
943040,2,1,17,5,1,0,2,2,5,5,2,2,0,0,1,2783553
943041,2,0,19,5,1,0,2,1,6,0,1,2,0,0,1,2783553
943233,0,1,30,5,0,0,2,1,6,0,1,3,2,0,2,2783645
944256,0,1,52,4,1,0,2,1,6,0,1,1,2,3,1,2784121
944257,2,0,27,5,1,0,2,2,9,7,3,3,2,11,2,2784121
944342,0,1,33,5,7,0,2,1,9,0,1,1,2,25,1,2784161
944343,7,0,31,5,0,0,2,1,9,0,1,1,2,44,1,2784161
944345,0,0,35,3,6,0,2,1,9,0,1,1,1,25,1,2784163
944725,0,1,46,4,1,0,3,1,10,0,1,1,2,25,2,2784332
945974,7,1,85,1,0,0,2,1,6,0,1,3,0,3,2,2784913
949554,0,0,35,0,0,0,2,1,9,0,1,1,2,44,1,2786586
949555,1,1,46,0,0,0,2,1,10,0,1,1,2,14,1,2786586
949556,2,0,1,5,0,0,0,0,0,0,0,0,0,0,0,2786586
949653,0,0,66,3,1,3,3,1,10,0,1,1,2,6,1,2786635
949739,0,0,32,1,0,3,1,1,4,0,1,3,2,0,1,2786671
949740,3,1,65,4,0,3,1,1,2,0,1,3,0,0,1,2786671
951132,0,1,35,0,6,3,5,1,2,0,1,3,0,0,1,2787310
951133,1,0,33,0,6,3,5,1,6,0,1,3,2,11,1,2787310
951134,2,1,9,5,6,0,3,2,1,3,2,0,0,0,0,2787310
951300,0,0,38,0,0,3,4,1,10,0,1,1,2,2,2,2787378
951301,1,1,37,0,0,3,4,1,10,0,1,3,2,0,2,2787378
951302,2,0,16,5,0,3,5,1,2,0,1,3,0,0,1,2787378
951303,2,0,2,5,0,3,0,0,0,0,0,0,0,0,0,2787378
951583,0,0,28,0,6,3,4,1,6,0,1,1,2,6,2,2787508
951584,1,1,26,0,6,3,4,1,9,0,1,1,2,6,2,2787508
951585,2,1,5,5,6,3,5,2,1,2,2,0,0,0,0,2787508
952312,0,1,55,2,0,0,2,1,6,0,1,1,2,11,2,2787862
952313,2,1,28,5,0,0,2,1,7,0,1,2,2,0,1,2787862
952930,0,0,39,0,6,3,5,1,2,0,1,1,2,11,1,2788169
952931,1,1,40,0,6,3,1,1,3,0,1,3,0,0,1,2788169
952932,2,0,14,5,6,3,3,2,2,4,2,0,0,0,0,2788169
952933,2,0,10,5,6,0,3,2,1,4,2,0,0,0,0,2788169
952934,2,0,9,5,6,0,3,2,1,3,2,0,0,0,0,2788169
953044,0,1,33,5,6,2,4,1,6,0,1,1,2,10,2,2788222
953045,2,1,4,5,6,0,0,2,0,1,2,0,0,0,0,2788222
953421,7,1,12,5,1,0,2,2,0,3,2,0,0,0,0,2788410
953592,0,0,57,5,0,0,2,1,10,0,1,1,2,98,1,2788495
955835,0,0,33,5,5,3,2,1,7,0,1,3,1,28,1,2789614
956020,0,1,28,0,6,3,4,1,2,0,1,3,2,10,2,2789699
956021,1,0,32,0,6,3,5,1,2,0,1,3,2,0,1,2789699
956022,3,0,64,0,6,2,1,1,0,0,1,3,2,4,1,2789699
956023,3,1,59,0,6,3,1,1,0,0,1,3,0,0,1,2789699
956024,4,0,26,1,6,2,5,1,2,0,1,1,2,1,1,2789699
956025,2,1,5,5,6,0,5,2,0,1,2,0,0,0,0,2789699
956026,2,1,1,5,6,0,0,0,0,0,0,0,0,0,0,2789699
956027,7,1,30,1,6,3,4,1,0,0,1,3,0,0,2,2789699
956612,0,0,46,0,0,0,2,1,9,0,1,1,1,20,1,2789974
956613,1,1,49,0,0,0,2,1,9,0,1,1,1,3,1,2789974
956614,2,0,13,5,0,0,2,2,2,4,3,0,0,0,0,2789974
957651,0,0,36,5,0,0,2,2,9,6,2,2,2,24,1,2790437
963129,0,0,33,0,6,3,4,1,6,0,1,1,2,4,2,2792552
963130,1,1,28,0,6,3,5,1,6,0,1,1,2,4,2,2792552
963131,2,1,4,5,6,0,0,2,0,1,2,0,0,0,0,2792552
963132,2,0,2,5,6,0,0,0,0,0,0,0,0,0,0,2792552
964873,0,0,55,2,6,2,4,1,6,0,1,1,2,9,2,2793212
965592,0,1,28,0,0,3,5,1,3,0,1,3,2,1,1,2793469
965593,1,0,25,0,0,3,5,1,2,0,1,1,2,10,1,2793469
965594,2,0,2,5,0,0,0,0,0,0,0,0,0,0,0,2793469
965595,2,0,1,5,0,0,0,0,0,0,0,0,0,0,0,2793469
966049,0,0,55,0,5,2,5,1,6,0,1,1,2,4,1,2793642
966050,1,1,37,0,5,2,5,1,2,0,1,3,0,4,1,2793642
966051,2,1,16,5,5,2,4,2,4,5,2,3,0,0,1,2793642
966052,2,0,15,5,5,2,4,2,3,5,2,0,0,0,0,2793642
966053,2,1,12,5,5,2,4,2,2,4,2,0,0,0,0,2793642
966054,2,1,4,5,5,0,0,1,0,0,1,0,0,0,0,2793642
968330,7,0,58,1,0,0,2,1,10,0,1,3,2,3,2,2794473
969826,0,1,27,5,0,0,4,1,7,0,1,1,2,14,1,2794977
969827,2,0,8,5,6,0,5,2,1,3,2,0,0,0,0,2794977
969828,2,1,0,5,6,0,0,0,0,0,0,0,0,0,0,2794977
971054,0,1,39,2,6,3,4,2,6,6,2,1,2,8,1,2795382
971055,2,1,13,5,6,0,3,2,2,4,2,0,0,0,0,2795382
971056,2,0,22,5,6,3,3,1,6,0,1,1,2,19,1,2795382
972783,0,0,40,3,0,0,2,1,7,0,1,1,2,20,1,2795960
972784,2,0,17,5,2,0,2,2,4,5,2,3,0,0,1,2795960
972785,2,1,8,5,0,0,2,2,2,4,2,0,0,0,0,2795960
979121,0,1,29,0,0,0,3,1,10,0,1,1,2,31,1,2798036
979122,1,0,44,0,0,0,3,1,7,0,1,1,1,25,1,2798036
988243,0,0,24,5,6,3,3,1,6,0,1,1,2,0,2,2801388
988244,4,0,23,0,6,0,3,1,6,0,1,1,2,4,2,2801388
988245,4,1,34,0,6,3,3,1,6,0,1,3,0,0,1,2801388
988246,4,1,29,5,6,3,3,1,6,0,1,2,0,0,1,2801388
988247,6,1,3,5,6,0,0,1,0,0,1,0,0,0,0,2801388
990049,0,0,54,0,5,3,3,1,10,0,1,1,2,3,1,2802067
990050,1,1,50,0,5,3,3,1,9,0,1,3,0,0,1,2802067
990051,2,0,23,5,5,3,3,1,9,0,1,1,2,6,1,2802067
990052,2,1,14,5,5,3,3,2,2,4,2,0,0,0,0,2802067
990576,0,0,43,0,5,2,5,1,7,0,1,3,2,6,2,2802257
990577,1,1,36,0,5,2,5,2,6,6,2,3,0,0,1,2802257
990578,2,1,7,5,5,0,4,2,1,3,2,0,0,0,0,2802257
991921,0,0,52,0,7,0,2,1,9,0,1,3,2,15,2,2802746
991922,1,1,47,0,6,3,4,1,9,0,1,1,2,9,2,2802746
991923,2,1,7,5,7,0,3,2,0,3,2,0,0,0,0,2802746
994832,0,0,41,0,6,3,5,1,3,0,1,1,2,6,1,2803844
994833,1,1,46,0,6,3,5,1,1,0,1,3,2,0,1,2803844
994889,0,0,70,0,6,2,5,1,4,0,1,3,1,2,1,2803869
994890,1,1,66,0,6,3,5,1,2,0,1,1,2,5,1,2803869
994891,3,1,85,5,6,3,1,1,0,0,1,3,0,4,2,2803869
995180,0,0,39,1,0,3,5,1,6,0,1,1,2,8,2,2803985
995181,3,1,62,4,0,3,1,1,1,0,1,3,2,7,1,2803985
995182,2,1,3,5,0,0,0,1,0,0,1,0,0,0,0,2803985
995183,4,1,19,5,0,3,3,2,8,6,2,3,0,0,1,2803985
995184,7,0,27,5,0,3,1,1,3,0,1,1,2,8,2,2803985
996116,0,1,21,5,0,0,3,2,9,6,3,3,0,0,1,2804354
996462,0,0,41,0,1,2,3,1,6,0,1,1,2,15,1,2804479
996463,1,1,37,0,0,3,3,1,2,0,1,1,2,2,1,2804479
996464,4,0,51,1,0,3,3,1,2,0,1,1,2,4,1,2804479
996465,2,0,14,5,0,0,3,2,2,4,2,0,0,0,0,2804479
996466,2,1,11,5,0,0,3,2,1,4,2,0,0,0,0,2804479
998759,0,0,65,0,1,0,2,1,6,0,1,3,2,1,1,2805328
998760,1,1,58,0,1,0,2,1,3,0,1,1,2,7,1,2805328
999968,0,0,46,0,1,0,2,1,6,0,1,1,2,21,1,2805783
999969,1,1,43,0,1,0,2,1,6,0,1,1,2,20,1,2805783
999970,2,0,21,5,1,0,2,1,6,0,1,1,2,6,1,2805783
999971,2,1,10,5,1,0,2,2,1,3,2,0,0,0,0,2805783
999972,2,0,4,5,1,0,0,2,0,1,2,0,0,0,0,2805783
1000305,0,1,57,5,6,3,5,1,1,0,1,1,2,6,2,2805912
1004140,0,0,64,3,1,3,2,1,6,0,1,3,1,6,1,2807391
1004534,0,1,35,5,0,3,4,1,6,0,1,1,2,7,1,2807525
1004535,2,0,3,5,0,0,0,1,0,0,1,0,0,0,0,2807525
1004536,7,1,31,5,0,3,4,1,6,0,1,3,2,6,2,2807525
1004537,7,0,37,5,0,3,5,1,6,0,1,3,2,10,2,2807525
1007476,0,0,53,0,0,0,2,1,6,0,1,1,1,13,1,2808870
1007477,1,1,52,0,5,0,2,1,8,0,1,1,2,14,1,2808870
1007478,2,1,29,5,7,0,2,1,7,0,1,1,2,15,1,2808870
1007541,0,0,30,5,0,0,2,1,10,0,1,1,2,36,1,2808899
1007870,0,0,49,0,5,2,5,1,7,0,1,3,1,9,1,2809067
1007871,1,1,46,0,5,3,5,1,7,0,1,1,2,7,2,2809067
1007872,3,1,73,4,5,3,1,1,0,0,1,3,0,3,2,2809067
1007873,2,0,17,5,5,0,3,2,6,5,2,3,0,0,1,2809067
1007874,2,0,15,5,5,0,3,2,4,5,2,0,0,0,0,2809067
1007875,2,1,14,5,5,0,3,2,3,5,2,0,0,0,0,2809067
1007876,2,1,14,5,5,0,1,2,2,5,2,0,0,0,0,2809067
1009848,0,1,25,0,1,0,2,1,9,0,1,1,2,19,1,2810016
1009849,1,0,28,0,1,0,2,1,7,0,1,1,2,22,1,2810016
1010401,0,1,79,4,0,0,2,1,10,0,1,3,0,45,2,2810296
1010402,2,0,45,3,7,0,2,1,6,0,1,3,0,4,2,2810296
1011161,0,0,43,0,6,3,1,1,1,0,1,1,2,7,1,2810622
1011162,1,1,41,0,6,3,1,1,1,0,1,1,2,7,1,2810622
1011163,2,1,19,5,6,3,3,2,7,6,2,1,2,5,1,2810622
1011164,2,1,16,5,6,3,3,2,3,5,2,3,0,0,1,2810622
1013040,0,0,43,3,1,0,2,1,7,0,1,1,2,12,1,2811222
1013323,0,1,30,2,1,0,2,1,6,0,1,1,2,9,1,2811308
1013324,2,0,12,5,1,0,2,2,2,4,2,0,0,0,0,2811308
1013325,2,1,8,5,1,0,2,2,0,3,2,0,0,0,0,2811308
1013326,2,1,10,5,1,0,2,2,1,4,2,0,0,0,0,2811308
1013327,2,0,2,5,1,0,0,0,0,0,0,0,0,0,0,2811308
1013328,7,0,32,3,1,0,2,1,5,0,1,2,2,1,2,2811308
1017178,0,0,25,5,6,3,3,1,3,0,1,1,2,6,2,2812550
1017179,2,1,8,5,6,0,3,2,1,3,2,0,0,0,0,2812550
1017180,2,1,2,5,6,0,0,0,0,0,0,0,0,0,0,2812550
1017181,4,0,25,1,6,3,5,1,2,0,1,3,2,0,1,2812550
1017182,2,0,5,5,6,0,3,2,1,2,2,0,0,0,0,2812550
1017183,4,0,24,5,6,3,3,1,5,0,1,1,2,1,1,2812550
1017184,2,1,3,5,6,0,0,1,0,0,1,0,0,0,0,2812550
1017185,7,1,28,2,6,0,3,1,5,0,1,1,2,6,2,2812550
1017186,7,1,27,1,6,3,3,1,5,0,1,1,2,8,1,2812550
1017991,0,1,81,3,1,0,2,1,7,0,1,3,0,2,1,2812826
1019993,0,0,31,5,6,3,1,1,3,0,1,1,2,12,1,2813380
1020232,0,1,33,5,1,0,2,1,6,0,1,1,2,5,1,2813432
1020233,2,1,12,5,1,0,2,2,2,4,2,0,0,0,0,2813432
1020234,7,0,32,5,1,0,2,1,6,0,1,2,2,11,1,2813432
1029872,7,0,64,1,1,0,2,1,5,0,1,2,0,2,1,2815953
1030241,0,0,28,0,6,3,1,1,6,0,1,2,2,2,2,2816051
1030242,1,1,26,0,6,3,1,1,2,0,1,1,2,6,1,2816051
1030243,7,0,24,5,6,3,1,1,2,0,1,1,2,6,1,2816051
1030244,7,0,54,5,6,3,1,1,2,0,1,1,2,6,2,2816051
1036004,0,0,54,0,6,3,4,1,6,0,1,1,2,37,2,2818011
1036005,1,1,54,0,7,2,4,1,2,0,1,1,2,10,2,2818011
1038806,0,1,71,4,5,0,3,1,1,0,1,3,0,3,1,2819028
1038807,2,0,49,5,5,0,2,1,0,0,1,3,0,2,2,2819028
1038808,5,1,18,5,7,0,2,2,6,6,2,1,2,1,1,2819028
1039302,0,0,32,0,0,3,4,1,2,0,1,1,2,9,1,2819201
1039303,1,1,32,0,0,3,1,1,6,0,1,3,0,0,1,2819201
1039304,6,0,19,5,0,3,4,1,6,0,1,3,0,0,1,2819201
1042244,0,1,81,4,0,0,2,1,7,0,1,3,0,4,2,2820351
1047739,0,1,70,4,1,0,2,1,2,0,1,3,0,11,1,2822397
1047740,2,1,41,3,1,0,2,1,6,0,1,3,0,0,1,2822397
1047741,5,1,1,5,1,0,0,0,0,0,0,0,0,0,0,2822397
1047742,5,0,0,5,1,0,0,0,0,0,0,0,0,0,0,2822397
1047743,5,0,8,5,1,0,2,2,1,3,2,0,0,0,0,2822397
1047744,5,0,15,5,1,0,2,2,2,4,2,0,0,0,0,2822397
1047745,5,1,13,5,1,0,2,2,2,4,2,0,0,0,0,2822397
1047746,5,1,13,5,1,0,2,2,2,4,2,0,0,0,0,2822397
1047747,5,0,9,5,1,0,2,2,1,3,2,0,0,0,0,2822397
1047748,5,0,8,5,1,0,2,2,0,3,2,0,0,0,0,2822397
1047749,5,0,7,5,1,0,2,2,0,3,2,0,0,0,0,2822397
1047750,5,0,9,5,1,0,2,2,1,3,2,0,0,0,0,2822397
1048177,0,0,40,0,0,0,2,1,6,0,1,1,2,48,2,2822539
1048178,1,1,36,0,0,0,2,1,8,0,1,1,2,8,1,2822539
1051425,0,0,29,5,0,0,2,1,5,0,1,1,1,25,1,2823641
1051426,2,0,5,5,7,0,2,2,0,3,3,0,0,0,0,2823641
1051427,2,0,9,5,7,0,2,2,1,4,2,0,0,0,0,2823641
1051428,7,1,39,2,6,0,3,1,0,0,1,3,2,10,2,2823641
1052234,0,1,79,4,0,0,2,1,7,0,1,3,0,0,1,2823922
1053192,0,0,36,0,0,2,3,1,7,0,1,1,2,99,1,2824297
1053193,1,1,35,0,6,3,4,1,6,0,1,3,2,2,1,2824297
1053194,2,0,5,5,0,0,2,2,0,2,3,0,0,0,0,2824297
1053195,2,1,4,5,0,0,0,2,0,1,3,0,0,0,0,2824297
1053196,2,0,3,5,0,0,0,2,0,1,3,0,0,0,0,2824297
1053907,0,0,44,0,1,0,2,1,9,0,1,1,2,45,1,2824560
1053908,1,1,43,0,1,0,2,1,9,0,1,3,0,0,1,2824560
1054505,0,0,45,3,0,0,2,1,10,0,1,1,2,42,1,2824771
1056049,0,0,64,0,7,0,2,1,2,0,1,1,2,17,1,2825314
1056050,1,1,39,0,1,0,4,1,7,0,1,3,2,4,1,2825314
1056051,2,1,20,5,1,0,2,1,3,0,1,1,2,0,1,2825314
1056052,2,1,17,5,1,0,4,2,5,5,2,1,2,2,1,2825314
1056053,5,0,3,5,1,0,0,1,0,0,1,0,0,0,0,2825314
1056054,5,1,2,5,1,0,0,0,0,0,0,0,0,0,0,2825314
1058395,0,1,64,3,0,0,2,1,6,0,1,3,2,10,1,2826182
1062431,7,0,32,1,0,0,4,1,7,0,1,3,2,24,2,2828003
1066387,0,1,54,3,0,0,2,1,9,0,1,1,2,21,1,2829444
1066388,2,1,25,5,7,0,2,1,9,0,1,2,2,5,1,2829444
1066389,2,1,23,5,8,0,2,2,8,6,2,1,2,1,1,2829444
1066390,2,1,26,5,8,0,2,1,9,0,1,1,2,1,1,2829444
1067377,0,0,56,0,1,0,2,1,7,0,1,1,2,29,1,2829723
1067378,1,1,65,0,1,0,2,1,8,0,1,1,2,3,1,2829723
1068481,0,0,37,0,0,0,3,1,9,0,1,1,2,34,1,2830057
1068482,1,1,35,0,0,2,2,1,7,0,1,1,1,5,1,2830057
1068483,2,1,5,5,0,0,2,2,1,2,3,0,0,0,0,2830057
1068484,2,1,3,5,0,0,0,2,1,1,2,0,0,0,0,2830057
1068485,2,0,1,5,0,0,0,0,0,0,0,0,0,0,0,2830057
1070092,0,0,40,0,0,2,4,1,3,0,1,1,2,15,1,2830534
1070093,1,1,40,0,0,2,5,1,2,0,1,1,2,6,1,2830534
1070094,2,0,20,5,0,0,3,1,8,0,1,1,2,2,2,2830534
1070095,2,1,14,5,0,0,3,2,3,5,2,0,0,0,0,2830534
1070096,2,0,9,5,0,0,3,2,1,3,2,0,0,0,0,2830534
1070097,2,1,2,5,0,0,0,0,0,0,0,0,0,0,0,2830534
1074351,0,0,48,0,6,3,1,1,0,0,1,3,0,0,2,2831781
1074352,1,1,49,0,6,3,1,1,0,0,1,3,0,0,1,2831781
1074353,2,1,23,5,6,3,1,1,3,0,1,3,0,0,1,2831781
1074354,2,0,16,5,6,3,1,2,2,4,2,3,0,0,1,2831781
1074355,2,0,16,5,6,3,1,2,2,4,2,3,0,0,1,2831781
1074356,2,1,9,5,6,3,1,2,1,3,2,0,0,0,0,2831781
1074357,5,0,0,5,6,3,0,0,0,0,0,0,0,0,0,2831781
1075442,0,0,45,0,0,3,2,1,9,0,1,1,2,12,1,2832094
1075443,1,1,42,0,0,3,2,1,6,0,1,1,2,11,1,2832094
1075444,2,0,16,5,0,3,2,2,4,5,2,3,0,0,1,2832094
1075445,2,0,11,5,0,3,2,2,2,4,2,0,0,0,0,2832094
1076877,0,0,35,0,0,2,3,1,7,0,1,3,2,29,1,2832522
1076878,1,1,33,0,0,0,4,1,7,0,1,1,2,24,1,2832522
1076879,2,1,13,5,0,0,3,2,2,4,2,0,0,0,0,2832522
1076880,2,0,6,5,0,0,2,2,1,3,2,0,0,0,0,2832522
1076881,2,0,3,5,0,0,0,2,0,1,2,0,0,0,0,2832522
1078353,0,0,46,0,0,3,4,1,6,0,1,1,2,24,1,2832971
1078354,1,1,31,0,0,3,4,1,7,0,1,3,2,0,1,2832971
1078355,2,1,3,5,0,0,0,1,0,0,1,0,0,0,0,2832971
1078356,2,0,1,5,0,0,0,0,0,0,0,0,0,0,0,2832971
1078609,7,0,20,5,6,0,3,2,6,6,3,1,2,1,1,2833050
1080612,0,1,82,4,0,0,2,1,9,0,1,3,2,19,1,2833816
1082391,0,0,38,3,0,0,2,1,7,0,1,1,2,39,1,2834557
1082392,2,0,15,5,0,0,2,2,2,5,2,0,0,0,0,2834557
1082393,2,1,10,5,0,0,2,2,2,4,2,0,0,0,0,2834557
1083466,7,1,85,1,0,0,5,1,9,0,1,3,0,0,2,2835033
1085341,7,0,21,1,0,0,2,2,7,6,3,1,2,1,1,2835792
1096950,0,0,24,5,0,0,2,1,6,0,1,3,2,3,2,2839253
1096951,4,0,17,5,0,0,2,2,5,5,2,2,2,1,1,2839253
1096952,3,1,42,3,0,0,2,1,7,0,1,1,2,5,1,2839253
1097665,0,0,62,0,0,0,2,1,6,0,1,1,1,11,1,2839476
1097666,1,1,68,0,6,0,2,1,6,0,1,1,2,8,1,2839476
1097667,2,1,34,5,0,0,2,1,6,0,1,3,2,6,1,2839476
1097668,5,1,11,5,1,0,2,2,2,4,2,0,0,0,0,2839476
1097669,5,0,3,5,1,0,0,1,0,0,1,0,0,0,0,2839476
1100778,0,0,40,0,6,3,5,1,6,0,1,1,2,22,2,2840457
1100779,1,1,44,0,6,3,5,1,3,0,1,3,1,0,1,2840457
1100780,2,0,10,5,6,0,5,2,1,4,2,0,0,0,0,2840457
1100781,2,0,10,5,6,0,3,2,1,4,2,0,0,0,0,2840457
1100834,0,1,79,4,0,2,1,1,1,0,1,3,0,3,1,2840471
1100835,2,1,44,5,0,2,2,1,1,0,1,3,0,3,1,2840471
1100836,7,1,56,5,0,3,5,1,1,0,1,1,2,5,2,2840471
1101012,0,0,54,0,0,0,2,1,7,0,1,1,2,20,1,2840527
1101013,1,1,52,0,0,0,2,1,6,0,1,1,2,32,1,2840527
1101090,0,0,53,0,0,0,2,1,9,0,1,1,2,37,1,2840550
1101091,1,1,50,0,0,0,2,1,6,0,1,1,2,8,1,2840550
1101092,2,1,22,5,0,0,2,2,7,6,2,1,2,3,1,2840550
1101093,2,0,20,5,0,0,2,2,6,6,2,1,2,5,1,2840550
1101739,0,0,34,0,0,0,2,1,9,0,1,1,1,76,1,2840733
1101740,1,1,33,0,0,0,2,1,7,0,1,3,2,0,1,2840733
1101741,2,0,2,5,0,0,0,0,0,0,0,0,0,0,0,2840733
1101742,2,1,0,5,0,0,0,0,0,0,0,0,0,0,0,2840733
1102958,0,0,72,0,0,0,2,1,10,0,1,1,2,28,1,2841117
1102959,1,1,68,0,0,0,2,1,9,0,1,1,2,21,1,2841117
1113700,0,0,28,5,5,2,3,1,8,0,1,1,2,0,1,2844102
1113701,7,1,27,5,5,3,3,1,6,0,1,1,2,6,1,2844102
1114305,0,0,69,0,0,0,2,1,7,0,1,1,2,30,1,2844247
1114306,1,1,68,0,4,2,4,1,7,0,1,3,0,7,1,2844247
1116413,0,1,73,4,0,0,2,1,6,0,1,3,0,18,1,2844897
1116414,5,0,21,5,0,0,2,1,6,0,1,1,2,13,1,2844897
1117495,0,1,37,3,0,0,2,1,6,0,1,3,2,30,1,2845314
1117496,2,0,0,5,0,0,0,0,0,0,0,0,0,0,0,2845314
1117497,7,0,34,5,0,0,2,1,7,0,1,1,2,76,2,2845314
1123331,0,0,47,0,3,0,2,1,9,0,1,1,2,35,1,2847504
1123332,1,1,47,0,3,0,2,1,9,0,1,1,2,11,1,2847504
1123333,2,0,14,5,3,0,2,2,2,5,2,0,0,0,0,2847504
1123334,2,0,11,5,3,0,2,2,1,4,2,0,0,0,0,2847504
1126266,0,0,26,0,6,3,5,1,5,0,1,1,1,10,1,2848659
1126267,1,1,30,0,6,0,3,1,10,0,1,1,2,28,1,2848659
1126268,4,0,21,5,6,3,4,1,6,0,1,1,2,4,1,2848659
1126376,0,1,56,3,0,0,3,1,8,0,1,1,2,18,1,2848702
1128760,0,1,24,5,3,3,4,1,2,0,1,3,0,0,1,2849634
1128837,0,1,58,4,3,2,5,1,7,0,1,3,0,68,1,2849667
1129242,0,0,45,0,3,3,4,1,10,0,1,1,2,13,1,2849810
1129243,1,1,49,0,3,3,4,1,10,0,1,3,0,0,1,2849810
1129244,2,1,18,5,3,3,3,2,6,5,3,3,0,0,1,2849810
1129245,2,1,17,5,3,3,3,2,5,5,2,3,0,0,1,2849810
1129246,2,0,15,5,3,3,3,2,4,5,2,0,0,0,0,2849810
1129484,0,0,44,0,5,3,3,1,10,0,1,1,2,65,1,2849889
1129485,1,1,37,0,5,3,3,1,10,0,1,1,2,32,1,2849889
1129486,2,1,8,5,5,0,2,2,1,3,2,0,0,0,0,2849889
1130399,0,0,32,5,3,2,4,1,9,0,1,1,2,23,1,2850220
1130400,4,0,30,5,3,2,4,1,7,0,1,1,2,22,1,2850220
1130401,3,1,64,2,3,2,1,1,2,0,1,3,0,0,1,2850220
1130402,2,1,10,5,3,2,4,1,0,0,1,0,0,0,0,2850220
1130403,4,1,24,5,3,2,3,2,9,7,3,3,2,3,1,2850220
1130501,0,0,39,0,3,2,3,1,10,0,1,1,2,50,1,2850259
1130502,1,1,33,0,3,2,2,1,10,0,1,1,2,37,1,2850259
1130503,2,1,2,5,3,0,0,0,0,0,0,0,0,0,0,2850259
1130548,0,1,47,3,0,0,2,1,9,0,1,3,2,0,1,2850277
1130549,2,1,15,5,0,0,2,2,4,5,3,0,0,0,0,2850277
1130550,2,0,8,5,0,0,2,2,1,3,2,0,0,0,0,2850277
1132492,0,0,44,0,4,3,5,1,10,0,1,1,2,28,1,2850960
1132493,1,1,34,0,4,3,5,1,9,0,1,3,0,0,1,2850960
1132494,2,1,11,5,4,0,4,2,2,4,2,0,0,0,0,2850960
1132495,2,1,7,5,4,0,4,2,1,3,2,0,0,0,0,2850960
1132617,0,0,50,0,1,0,2,1,10,0,1,1,2,47,1,2851007
1132618,1,1,45,0,1,0,2,1,10,0,1,1,2,27,1,2851007
1132619,2,0,15,5,1,0,2,2,3,5,3,0,0,0,0,2851007
1132620,2,1,12,5,1,0,2,2,2,4,3,0,0,0,0,2851007
1133449,0,0,55,3,0,0,2,1,7,0,1,1,2,45,1,2851314
1133758,0,1,44,1,3,3,5,1,9,0,1,1,1,10,1,2851416
1133759,2,1,27,5,3,3,5,1,9,0,1,3,2,0,1,2851416
1133760,2,0,21,5,3,3,4,2,7,6,2,3,0,0,1,2851416
1133761,2,0,20,5,3,3,4,2,7,6,2,3,0,0,1,2851416
1140745,7,0,32,5,0,0,3,1,6,0,1,3,0,0,1,2854229
1140894,0,0,29,0,3,3,4,1,10,0,1,1,2,24,1,2854290
1140895,1,1,31,0,3,3,4,1,10,0,1,1,2,24,1,2854290
1140896,4,1,27,0,3,2,4,1,2,0,1,3,2,15,1,2854290
1140897,4,0,29,0,3,3,4,1,9,0,1,1,2,18,1,2854290
1141385,0,0,64,0,0,0,3,1,8,0,1,1,2,50,1,2854513
1141386,1,1,64,0,0,0,2,1,6,0,1,3,0,5,1,2854513
1141387,2,1,19,5,0,0,2,2,6,6,2,1,2,1,1,2854513
1142851,0,0,45,0,5,2,4,1,9,0,1,1,2,45,1,2855125
1142852,1,1,36,0,5,3,4,1,8,0,1,1,1,12,1,2855125
1142853,2,1,4,5,5,0,0,2,1,1,2,0,0,0,0,2855125
1142854,2,0,2,5,5,0,0,0,0,0,0,0,0,0,0,2855125
1143634,0,0,51,0,0,2,4,1,10,0,1,1,2,28,1,2855454
1143635,1,1,48,0,0,2,4,1,6,0,1,1,2,1,1,2855454
1143636,2,0,12,5,0,3,3,2,2,4,2,0,0,0,0,2855454
1143637,3,1,72,4,0,2,5,1,2,0,1,3,0,4,2,2855454
1144079,0,0,32,0,0,0,2,1,7,0,1,1,2,26,1,2855631
1144080,1,1,27,0,0,0,2,1,4,0,1,1,2,5,1,2855631
1144081,2,0,4,5,0,0,0,2,1,1,3,0,0,0,0,2855631
1144082,2,1,2,5,0,0,0,0,0,0,0,0,0,0,0,2855631
1144123,0,0,31,0,0,0,2,1,7,0,1,1,2,2,1,2855646
1144124,1,1,29,0,0,0,2,2,7,6,2,1,2,22,1,2855646
1151034,0,0,30,5,5,3,3,1,9,0,1,1,2,30,1,2858381
1152549,0,1,59,3,0,0,2,1,7,0,1,1,2,11,1,2859015
1153877,7,1,22,5,0,0,4,1,7,0,1,3,2,10,1,2859590
1160703,0,0,51,0,6,2,4,1,0,0,1,1,2,8,1,2862130
1160704,1,1,51,0,6,3,5,1,0,0,1,1,2,5,1,2862130
1163314,0,0,85,0,6,2,2,1,0,0,1,3,0,5,1,2862834
1163315,1,1,82,0,6,2,2,1,0,0,1,3,0,2,1,2862834
1164021,0,1,44,5,0,0,3,1,8,0,1,1,2,78,1,2863004
1164022,2,0,25,5,0,0,4,2,7,6,2,2,2,6,1,2863004
1164023,2,0,21,5,0,0,4,2,6,6,2,1,2,6,1,2863004
1164024,2,1,14,5,0,0,3,2,2,5,3,0,0,0,0,2863004
1167107,0,0,65,0,0,0,2,1,9,0,1,1,2,52,1,2863930
1167108,1,1,50,0,0,0,2,1,6,0,1,1,2,19,1,2863930
1167502,0,0,36,0,0,3,2,2,6,5,2,1,2,12,1,2864067
1167503,1,1,26,0,0,3,2,1,10,0,1,3,0,0,1,2864067
1167504,4,0,13,5,0,3,2,1,2,0,1,0,0,0,0,2864067
1167505,3,1,51,4,0,3,2,1,6,0,1,3,0,0,1,2864067
1167506,2,1,0,5,0,0,0,0,0,0,0,0,0,0,0,2864067
1169923,0,1,64,4,0,0,2,1,7,0,1,2,2,4,1,2864914
1169924,2,1,39,5,7,0,4,2,8,6,2,1,2,1,1,2864914
1170188,0,0,38,0,6,3,3,1,7,0,1,1,2,11,1,2865003
1170189,1,1,40,0,6,3,3,1,6,0,1,3,0,0,1,2865003
1170190,2,0,18,5,6,3,3,2,6,5,2,1,2,6,1,2865003
1170191,2,0,14,5,6,0,3,2,3,5,2,0,0,0,0,2865003
1170192,2,1,9,5,6,0,3,2,2,4,2,0,0,0,0,2865003
1170193,2,1,8,5,6,0,3,2,1,3,2,0,0,0,0,2865003
1174876,0,0,34,5,0,0,2,1,6,0,1,3,2,12,2,2866560
1175730,0,0,32,0,0,3,3,1,9,0,1,3,2,33,1,2866814
1175731,1,1,34,0,0,0,3,1,7,0,1,3,2,6,1,2866814
1175732,2,1,10,5,0,0,3,2,1,4,2,0,0,0,0,2866814
1175733,2,0,5,5,0,0,3,2,0,2,2,0,0,0,0,2866814
1179034,0,0,50,0,6,2,4,1,2,0,1,3,2,16,2,2867798
1179035,1,1,50,0,6,2,3,1,6,0,1,3,2,27,1,2867798
1179036,2,0,24,5,6,0,3,1,9,0,1,3,2,37,1,2867798
1179037,2,0,22,5,6,0,3,1,7,0,1,1,2,15,1,2867798
1179038,2,1,17,5,6,0,4,2,4,5,2,3,0,0,1,2867798
1179039,6,1,31,1,6,3,2,1,6,0,1,3,0,0,1,2867798
1179179,0,0,57,0,0,0,3,1,7,0,1,1,2,20,1,2867838
1179180,1,1,57,0,0,3,5,1,2,0,1,3,0,0,1,2867838
1179181,2,0,28,5,0,0,3,2,6,6,2,1,2,11,1,2867838
1179182,2,0,23,5,0,0,3,2,9,6,2,1,2,6,1,2867838
1179183,2,0,22,5,0,0,3,2,8,6,2,1,2,0,1,2867838
1180148,0,0,62,0,0,0,2,1,10,0,1,1,2,30,1,2868125
1180149,1,1,51,0,0,0,2,1,6,0,1,1,2,10,1,2868125
1180150,2,1,21,5,0,0,2,2,7,6,2,1,2,2,1,2868125
1180151,2,1,14,5,0,0,2,2,2,5,2,0,0,0,0,2868125
1182119,7,0,47,1,0,0,2,1,6,0,1,2,0,4,1,2868754
1182559,0,1,80,4,0,0,2,1,7,0,1,3,0,7,1,2868885
1183828,0,0,50,0,5,2,3,1,8,0,1,1,1,21,1,2869293
1183829,1,1,49,0,5,2,3,1,8,0,1,1,1,3,1,2869293
1183830,2,0,19,5,5,0,3,2,6,6,2,3,0,0,1,2869293
1183831,2,0,10,5,5,0,3,2,0,3,2,0,0,0,0,2869293
1183832,3,1,79,4,5,3,1,1,0,0,1,3,0,0,1,2869293
1187590,0,1,84,4,0,0,2,1,6,0,1,3,0,24,1,2870518
1192396,0,0,28,0,1,0,2,1,6,0,1,1,2,18,1,2872108
1192397,1,1,28,0,1,0,2,1,9,0,1,1,2,32,1,2872108
1192398,2,1,7,5,1,0,2,2,1,3,2,0,0,0,0,2872108
1192837,0,0,34,0,6,0,2,1,7,0,1,1,2,31,1,2872237
1192838,1,1,35,0,6,0,2,1,8,0,1,3,2,0,1,2872237
1192839,2,1,6,5,6,0,2,2,1,3,2,0,0,0,0,2872237
1192840,2,0,2,5,6,0,0,0,0,0,0,0,0,0,0,2872237
1192841,4,1,48,5,6,0,2,1,7,0,1,1,2,27,1,2872237
1194675,0,1,57,4,5,2,3,1,9,0,1,1,2,10,1,2872758
1194676,2,1,26,5,5,3,3,1,7,0,1,1,2,11,1,2872758
1194677,5,1,12,5,5,3,3,2,2,4,2,0,0,0,0,2872758
1194678,7,1,44,5,5,3,3,1,7,0,1,1,2,13,2,2872758
1196039,0,0,50,0,6,2,3,1,2,0,1,1,2,37,1,2873140
1196040,1,1,44,0,6,2,3,1,6,0,1,1,2,20,1,2873140
1196041,2,0,22,5,6,0,3,2,9,7,2,3,2,3,1,2873140
1196042,2,1,18,5,6,0,4,2,6,6,2,1,2,2,1,2873140
1196043,2,1,15,5,6,0,3,2,3,5,2,0,0,0,0,2873140
1196044,3,1,79,4,6,3,5,1,6,0,1,3,0,0,1,2873140
1197155,0,0,50,2,0,0,2,1,6,0,1,1,2,20,1,2873451
1197156,2,1,30,5,0,0,2,1,9,0,1,1,2,20,1,2873451
1197157,5,1,11,5,0,0,2,2,2,4,2,0,0,0,0,2873451
1197158,5,1,11,5,0,0,2,2,2,4,2,0,0,0,0,2873451
1198914,0,1,53,3,0,2,3,1,7,0,1,1,2,20,1,2874027
1198915,2,0,22,5,0,0,3,1,6,0,1,3,2,1,1,2874027
1200678,0,0,29,1,6,3,3,1,6,0,1,3,2,0,1,2874577
1200679,2,0,1,5,6,0,0,0,0,0,0,0,0,0,0,2874577
1200680,7,1,22,5,6,3,5,1,6,0,1,3,0,0,1,2874577
1201055,0,1,62,3,0,1,3,1,8,0,1,1,2,10,2,2874688
1201056,7,1,48,2,0,0,5,2,2,4,2,1,2,0,1,2874688
1201286,0,0,65,0,5,2,4,1,9,0,1,3,0,3,1,2874765
1201287,1,1,60,0,5,2,5,1,6,0,1,3,0,1,1,2874765
1201799,0,0,66,3,0,0,2,1,6,0,1,3,0,13,1,2874946
1201800,7,0,65,2,7,0,2,1,7,0,1,1,2,2,1,2874946
1201801,7,1,16,5,1,0,2,2,5,5,2,1,2,0,1,2874946
1201802,7,1,1,5,1,0,0,0,0,0,0,0,0,0,0,2874946
1201803,7,0,28,5,1,0,2,2,5,5,2,1,2,3,1,2874946
1204219,0,0,73,0,0,0,2,1,9,0,1,3,0,18,1,2875693
1204220,1,1,66,0,0,0,2,1,7,0,1,3,0,4,1,2875693
1204221,3,1,85,4,0,0,2,1,6,0,1,3,0,9,2,2875693
1206357,0,0,51,0,6,2,2,1,5,0,1,1,2,17,1,2876395
1206358,1,1,46,0,6,0,2,1,5,0,1,2,2,5,1,2876395
1206359,2,0,12,5,6,0,2,2,2,4,2,0,0,0,0,2876395
1206360,2,1,9,5,6,0,2,2,0,3,2,0,0,0,0,2876395
1206361,4,1,47,5,6,0,2,1,6,0,1,3,0,3,2,2876395
1207621,0,0,75,0,0,0,2,1,6,0,1,3,0,12,1,2876786
1207622,1,1,71,0,0,0,2,1,6,0,1,3,0,2,1,2876786
1209064,7,1,85,4,0,0,2,1,7,0,1,3,0,0,1,2877256
1211341,0,1,27,5,1,0,2,1,6,0,1,1,2,3,1,2877995
1211342,2,1,11,5,1,0,2,2,2,4,2,0,0,0,0,2877995
1211343,2,1,4,5,1,0,0,1,0,0,1,0,0,0,0,2877995
1211344,2,1,3,5,1,0,0,1,0,0,1,0,0,0,0,2877995
1214510,0,0,67,0,4,2,2,1,6,0,1,1,2,22,1,2879046
1214511,1,1,68,0,4,0,2,1,6,0,1,3,0,2,1,2879046
1214512,2,1,37,5,4,0,2,1,6,0,1,1,2,5,1,2879046
1215400,0,0,33,0,0,0,2,1,9,0,1,1,2,12,2,2879355
1215401,1,1,34,0,0,0,2,1,8,0,1,1,2,21,2,2879355
1215402,2,0,4,5,0,0,0,2,0,1,2,0,0,0,0,2879355
1221505,0,0,36,0,6,2,4,1,7,0,1,1,2,9,1,2881137
1221506,1,1,38,0,7,0,3,2,7,6,2,3,2,12,1,2881137
1221507,2,1,10,5,7,0,2,2,1,3,3,0,0,0,0,2881137
1221731,0,0,59,0,0,0,3,1,6,0,1,1,2,8,1,2881194
1221732,1,1,58,0,0,0,3,1,7,0,1,1,2,8,1,2881194
1221733,2,0,32,5,0,0,2,1,6,0,1,2,2,8,1,2881194
1225358,0,0,32,5,0,3,4,1,7,0,1,1,2,21,1,2882108
1225359,2,0,9,5,0,0,4,2,1,3,2,0,0,0,0,2882108
1225360,2,0,7,5,0,0,4,2,1,3,2,0,0,0,0,2882108
1225361,2,0,4,5,0,0,0,2,1,1,2,0,0,0,0,2882108
1225362,2,0,0,5,0,0,0,0,0,0,0,0,0,0,0,2882108
1225363,7,1,32,5,0,2,3,1,5,0,1,3,0,0,1,2882108
1228337,0,0,28,0,0,3,4,1,2,0,1,1,2,11,2,2882822
1228338,1,1,26,0,0,3,5,1,2,0,1,1,2,8,2,2882822
1228339,2,0,7,5,7,0,5,2,0,3,2,0,0,0,0,2882822
1228340,2,1,1,5,7,0,0,0,0,0,0,0,0,0,0,2882822
1232220,0,0,41,0,1,3,1,1,2,0,1,1,2,6,2,2883762
1232221,1,1,35,0,6,3,1,1,2,0,1,3,1,4,2,2883762
1232222,2,0,13,5,6,0,3,2,2,4,2,0,0,0,0,2883762
1232223,4,1,31,3,6,3,1,1,2,0,1,1,2,1,2,2883762
1233145,0,1,40,5,6,3,4,1,6,0,1,3,0,3,1,2883994
1233146,2,1,14,5,0,0,3,2,2,5,2,0,0,0,0,2883994
1233147,2,1,12,5,0,0,3,2,2,4,2,0,0,0,0,2883994
1233148,2,0,9,5,0,0,3,2,1,3,2,0,0,0,0,2883994
1234016,0,0,44,0,6,2,4,1,0,0,1,1,2,17,1,2884218
1234017,1,1,46,0,6,3,2,1,2,0,1,1,2,3,1,2884218
1234018,2,1,20,5,6,0,3,1,8,0,1,1,2,3,1,2884218
1234019,2,0,19,5,6,0,3,1,6,0,1,3,2,8,1,2884218
1234020,2,1,12,5,6,0,4,2,2,4,2,0,0,0,0,2884218
1234021,2,0,8,5,6,0,4,2,1,3,2,0,0,0,0,2884218
1234022,7,0,24,5,0,0,4,1,2,0,1,2,2,0,1,2884218
1234023,7,1,8,5,0,0,5,2,1,3,2,0,0,0,0,2884218
1234024,7,1,8,5,0,0,5,2,1,3,2,0,0,0,0,2884218
1235867,7,0,22,1,6,3,2,1,6,0,1,3,2,0,1,2884696
1236511,0,0,61,0,6,3,1,1,2,0,1,3,2,7,2,2884862
1236512,1,1,53,0,6,2,5,1,2,0,1,3,2,3,2,2884862
1236513,6,0,34,1,6,2,4,2,6,6,2,1,2,16,1,2884862
1236514,7,1,25,5,6,3,5,2,7,6,2,3,2,14,1,2884862
1237139,0,0,22,0,0,0,3,2,6,6,2,1,2,15,1,2885007
1237140,1,1,20,0,0,0,3,2,6,6,2,3,2,0,1,2885007
1237141,6,1,63,4,0,2,4,1,0,0,1,3,0,0,1,2885007
1237142,2,0,2,5,0,0,0,0,0,0,0,0,0,0,0,2885007
1237143,2,1,1,5,0,0,0,0,0,0,0,0,0,0,0,2885007
1239688,7,0,36,1,1,0,2,1,9,0,1,3,1,45,1,2885662
1242722,0,1,70,4,1,0,2,1,6,0,1,3,0,3,2,2886419
1242723,2,0,43,5,1,0,2,1,7,0,1,3,0,1,2,2886419
1244752,0,1,34,0,1,2,4,1,6,0,1,3,2,15,1,2886940
1244753,1,0,30,0,1,3,4,1,6,0,1,3,2,10,2,2886940
1244754,2,0,2,5,7,0,0,0,0,0,0,0,0,0,0,2886940
1244755,3,1,53,1,1,3,1,1,0,0,1,3,0,0,2,2886940
1244756,7,0,54,1,1,3,5,2,6,5,2,3,2,5,1,2886940
1248259,0,0,65,4,1,0,2,1,6,0,1,3,0,18,1,2887882
1249694,0,0,39,0,0,0,2,1,6,0,1,1,2,33,1,2888261
1249695,1,1,37,0,0,0,2,1,7,0,1,3,2,0,1,2888261
1251454,0,1,85,4,0,0,2,1,8,0,1,3,0,62,1,2888826
1251455,2,0,51,5,0,0,2,1,8,0,1,1,2,16,1,2888826
1252275,0,0,47,5,1,0,2,1,6,0,1,1,2,15,1,2889115
1252276,2,0,24,5,1,0,2,2,7,6,2,3,0,0,1,2889115
1252947,0,0,51,0,6,3,4,1,4,0,1,3,1,43,1,2889354
1252948,1,1,53,0,6,0,3,1,6,0,1,1,2,48,1,2889354
1252949,2,0,15,5,6,0,2,2,2,5,2,0,0,0,0,2889354
1252950,2,0,23,5,6,0,2,1,6,0,1,1,2,3,1,2889354
1254501,0,1,39,0,0,0,2,1,9,0,1,1,1,6,1,2889879
1254502,1,0,40,0,0,0,2,1,10,0,1,1,2,55,1,2889879
1254503,2,0,2,5,0,0,0,0,0,0,0,0,0,0,0,2889879
1254527,0,0,61,0,0,0,2,1,9,0,1,1,2,61,1,2889892
1254528,1,1,56,0,0,0,2,1,9,0,1,2,2,0,1,2889892
1254529,2,1,18,5,0,0,2,2,5,5,2,3,0,0,1,2889892
1256199,0,1,33,5,0,0,2,1,6,0,1,1,2,10,1,2890445
1256200,7,0,30,5,0,0,2,1,6,0,1,1,2,12,1,2890445
1259257,7,1,83,4,0,0,2,1,6,0,1,3,0,0,2,2891546
1261255,7,1,75,4,0,0,2,1,6,0,1,3,0,3,2,2892292
1262498,0,0,52,3,0,0,2,1,9,0,1,1,2,13,1,2892776
1265676,0,0,31,5,0,0,2,2,7,6,2,1,2,17,1,2893970
1265677,7,0,34,5,0,0,2,1,6,0,1,1,2,35,1,2893970
1265678,7,0,33,5,0,0,2,1,9,0,1,1,2,25,1,2893970
1265679,7,0,26,5,0,0,2,2,9,7,2,1,2,3,1,2893970
1266014,0,0,50,5,0,0,2,1,9,0,1,1,2,18,1,2894134
1266015,7,0,43,5,6,0,3,1,9,0,1,3,2,0,1,2894134
1266351,0,0,24,5,0,0,2,2,7,6,2,1,2,18,1,2894302
1267668,0,1,76,4,0,0,2,1,6,0,1,3,0,16,2,2894942
1267669,2,0,53,5,0,0,2,1,8,0,1,1,2,7,1,2894942
1269836,0,0,39,0,0,0,2,1,5,0,1,1,2,16,1,2895996
1269837,1,1,37,0,0,0,2,1,8,0,1,1,2,16,1,2895996
1272343,0,0,35,0,0,0,2,1,9,0,1,1,2,25,1,2897112
1272344,1,1,36,0,0,0,2,1,6,0,1,1,2,13,1,2897112
1275969,0,1,30,5,0,0,3,1,6,0,1,1,2,15,1,2898570
1275970,3,1,54,2,7,3,3,1,6,0,1,1,2,17,1,2898570
1275971,2,1,6,5,0,0,2,2,1,2,2,0,0,0,0,2898570
1276059,0,1,56,3,7,0,2,1,6,0,1,1,2,27,2,2898611
1276060,2,1,19,5,7,0,2,1,6,0,1,1,2,0,2,2898611
1279723,0,0,60,0,0,2,3,1,7,0,1,1,1,10,2,2899965
1279724,1,1,63,0,0,0,3,1,6,0,1,3,0,2,1,2899965
1280266,0,0,41,5,0,0,2,1,6,0,1,1,2,2,1,2900148
1280267,7,0,36,2,1,3,4,1,10,0,1,1,2,8,1,2900148
1282847,0,0,51,0,3,2,5,1,6,0,1,2,2,10,1,2900984
1282848,1,1,44,0,3,3,5,1,4,0,1,3,2,0,1,2900984
1282849,2,0,9,5,3,2,3,2,1,3,2,0,0,0,0,2900984
1283025,0,0,32,0,6,3,3,1,8,0,1,1,2,19,2,2901036
1283026,1,1,32,0,6,0,3,1,8,0,1,1,2,6,2,2901036
1283027,2,1,14,5,6,0,3,2,2,5,2,0,0,0,0,2901036
1283028,2,0,2,5,6,0,0,0,0,0,0,0,0,0,0,2901036
1283342,0,0,51,0,0,2,4,1,10,0,1,1,2,99,1,2901141
1283343,1,1,50,0,0,2,4,1,10,0,1,1,2,12,1,2901141
1283344,2,0,16,5,0,3,3,2,5,5,3,3,0,0,1,2901141
1283501,0,0,45,0,0,0,2,1,9,0,1,1,2,30,1,2901213
1283502,1,1,37,0,0,0,2,1,7,0,1,1,1,15,1,2901213
1283503,2,0,3,5,0,0,0,2,0,1,2,0,0,0,0,2901213
1284749,0,0,47,0,0,2,3,1,8,0,1,1,1,28,1,2901713
1284750,1,1,46,0,0,0,2,1,6,0,1,1,2,10,2,2901713
1284751,2,0,17,5,0,0,2,2,5,5,2,3,0,0,1,2901713
1284752,2,0,16,5,0,0,2,2,4,5,2,3,0,0,1,2901713
1284753,2,0,9,5,0,0,2,2,1,3,2,0,0,0,0,2901713
1286514,0,0,63,0,5,2,4,1,9,0,1,3,1,99,1,2902426
1286515,1,1,63,0,5,2,4,1,9,0,1,3,0,0,1,2902426
1286797,0,0,81,4,0,2,2,1,8,0,1,1,2,8,1,2902543
1287979,0,1,33,3,5,3,5,1,5,0,1,3,2,7,1,2903049
1287980,2,0,15,5,5,0,3,2,3,5,2,0,0,0,0,2903049
1290213,0,0,37,5,0,0,2,1,9,0,1,1,2,66,1,2904052
1290214,7,1,37,5,0,0,2,1,8,0,1,1,2,20,1,2904052
1292628,0,0,55,0,0,0,2,1,6,0,1,1,2,49,1,2905185
1292629,1,1,52,0,0,0,2,1,8,0,1,1,2,15,1,2905185
1292630,2,0,19,5,0,0,2,2,6,5,2,3,0,4,2,2905185
1292631,2,0,9,5,0,0,2,2,1,3,2,0,0,0,0,2905185
1294698,0,0,48,5,0,0,2,1,9,0,1,1,1,20,1,2906168
1295927,0,1,57,0,1,0,2,1,6,0,1,1,2,2,1,2906667
1295928,1,0,65,0,1,0,2,1,10,0,1,1,1,21,1,2906667
1296874,0,1,33,3,1,0,2,1,6,0,1,1,2,15,1,2906989
1296875,2,0,7,5,1,0,2,1,1,0,1,0,0,0,0,2906989
1296876,7,0,33,3,1,0,2,1,6,0,1,1,2,6,1,2906989
1298920,0,1,29,5,6,3,3,1,7,0,1,1,2,9,1,2907683
1298921,2,0,3,5,7,0,0,2,1,1,3,0,0,0,0,2907683
1299581,0,1,60,2,1,0,3,1,10,0,1,3,0,3,2,2907921
1300352,0,0,39,0,1,0,2,1,6,0,1,1,2,26,2,2908204
1300353,1,1,41,0,1,0,2,1,9,0,1,1,2,10,2,2908204
1300354,2,0,18,5,1,0,2,2,5,5,2,1,2,30,2,2908204
1300355,2,1,3,5,1,0,0,2,0,1,3,0,0,0,0,2908204
1300356,2,0,0,5,1,0,0,0,0,0,0,0,0,0,0,2908204
1301623,0,0,45,0,4,0,3,1,6,0,1,1,2,30,1,2908645
1301624,1,1,40,0,4,0,3,1,8,0,1,1,2,7,1,2908645
1301885,0,0,33,5,0,0,3,1,6,0,1,1,2,10,1,2908737
1301923,0,0,36,2,6,2,4,2,7,6,2,1,2,14,2,2908753
1304273,0,1,72,4,4,0,2,1,6,0,1,1,1,12,1,2909572
1305405,0,1,25,0,0,2,3,2,6,6,2,2,2,0,1,2909952
1305406,1,0,32,0,0,2,4,1,6,0,1,1,2,7,1,2909952
1305407,4,1,20,5,0,0,3,2,6,5,2,1,2,5,1,2909952
1305408,2,1,9,5,0,0,3,2,1,3,2,0,0,0,0,2909952
1305409,2,0,7,5,0,0,3,2,1,3,2,0,0,0,0,2909952
1305410,2,0,5,5,0,0,3,2,1,1,2,0,0,0,0,2909952
1306750,0,1,30,2,1,2,3,1,10,0,1,1,2,12,1,2910431
1306751,2,0,7,5,1,0,2,2,1,3,2,0,0,0,0,2910431
1308888,0,0,26,5,1,0,2,1,7,0,1,1,2,19,1,2911128
1313892,0,0,49,0,7,0,2,1,6,0,1,3,2,55,2,2912887
1313893,1,1,49,0,5,0,2,1,5,0,1,3,2,0,2,2912887
1313894,2,1,23,5,7,0,2,1,6,0,1,2,2,1,1,2912887
1313895,5,1,4,5,7,0,0,2,0,1,3,0,0,0,0,2912887
1313896,5,0,3,5,8,0,0,1,0,0,1,0,0,0,0,2912887
1316941,0,1,85,4,0,0,2,1,9,0,1,3,0,35,2,2914566
1320113,0,0,27,5,0,0,2,2,9,7,2,1,1,17,1,2916370
1320114,7,0,28,5,7,0,2,1,9,0,1,2,2,28,1,2916370
1320270,0,1,70,5,4,0,3,1,6,0,1,3,0,4,2,2916456
1320271,3,1,85,4,4,3,5,1,6,0,1,3,0,2,1,2916456
1323552,0,0,47,5,0,0,3,1,6,0,1,1,2,18,1,2918287
1323553,7,1,33,5,0,0,3,1,8,0,1,1,2,20,1,2918287
1324288,0,0,38,0,0,0,3,1,7,0,1,1,2,22,1,2918570
1324289,1,1,38,0,0,3,3,1,8,0,1,1,2,17,1,2918570
1324290,2,1,11,5,0,0,2,2,2,4,2,0,0,0,0,2918570
1324291,2,0,9,5,0,0,2,2,1,3,2,0,0,0,0,2918570
1324292,2,0,3,5,0,0,0,1,0,0,1,0,0,0,0,2918570
1324293,3,0,66,2,0,3,1,1,5,0,1,3,0,3,1,2918570
1324294,2,0,11,5,0,0,3,2,2,4,2,0,0,0,0,2918570
1328483,0,0,54,0,1,0,2,1,9,0,1,1,2,18,1,2920126
1328484,1,1,46,0,0,0,2,1,7,0,1,3,0,0,1,2920126
1328485,2,0,12,5,7,0,2,2,2,4,3,0,0,0,0,2920126
1328486,2,0,10,5,7,0,2,2,1,4,2,0,0,0,0,2920126
1328855,0,1,46,3,0,0,2,1,8,0,1,1,2,17,1,2920277
1332268,0,0,39,0,5,2,4,1,9,0,1,1,1,26,2,2921580
1332269,1,1,35,0,5,3,5,1,10,0,1,1,2,12,2,2921580
1332270,2,1,6,5,5,0,4,2,0,3,2,0,0,0,0,2921580
1332271,2,1,4,5,5,0,0,2,0,1,2,0,0,0,0,2921580
1334486,0,1,20,5,0,3,2,2,6,6,3,1,2,4,1,2922383
1334487,7,0,20,5,0,0,2,2,6,6,2,1,2,8,1,2922383
1334645,0,1,82,4,0,0,2,1,6,0,1,3,0,6,1,2922449
1338246,0,0,49,0,0,0,2,1,7,0,1,1,2,24,1,2923689
1338247,1,1,45,0,0,0,3,1,9,0,1,1,2,30,1,2923689
1338248,2,0,2,5,0,0,0,0,0,0,0,0,0,0,0,2923689
1339770,0,0,36,0,0,2,2,1,9,0,1,1,2,99,1,2924217
1339771,1,1,36,0,4,0,2,1,9,0,1,3,2,0,1,2924217
1339772,2,0,4,5,7,0,0,2,1,1,3,0,0,0,0,2924217
1339773,2,1,2,5,7,0,0,0,0,0,0,0,0,0,0,2924217
1344617,0,1,78,4,0,0,2,1,10,0,1,3,2,31,1,2925892
1346538,0,0,66,0,0,0,2,1,6,0,1,3,1,29,1,2926580
1346539,1,1,56,0,0,2,3,1,0,0,1,1,2,11,1,2926580
1349215,0,0,30,5,6,0,3,2,7,6,2,1,2,24,1,2927595
1349216,2,0,5,5,0,0,2,2,0,2,2,0,0,0,0,2927595
1349217,2,0,1,5,0,0,0,0,0,0,0,0,0,0,0,2927595
1349218,7,1,27,5,0,0,2,1,7,0,1,1,2,9,1,2927595
1352532,0,1,82,4,0,2,3,1,6,0,1,1,2,11,1,2928843
1352533,2,0,44,5,0,1,2,1,6,0,1,3,0,0,1,2928843
1353099,0,0,44,0,0,0,3,1,7,0,1,1,1,27,1,2929063
1353100,1,1,40,0,0,0,2,1,6,0,1,1,2,35,1,2929063
1353101,2,1,18,5,0,0,2,2,6,6,2,1,2,1,1,2929063
1353102,2,0,13,5,0,0,2,2,2,4,2,0,0,0,0,2929063
1353103,2,1,11,5,0,0,4,2,2,4,2,0,0,0,0,2929063
1353104,2,1,19,5,0,0,2,2,7,6,2,1,2,7,1,2929063
1353827,0,0,36,0,0,0,2,1,9,0,1,1,1,14,1,2929334
1353828,1,1,26,0,0,0,2,1,6,0,1,1,1,2,1,2929334
1353829,2,0,11,5,0,0,2,2,2,4,2,0,0,0,0,2929334
1353830,2,0,8,5,0,0,2,2,1,3,2,0,0,0,0,2929334
1353831,2,0,6,5,0,0,2,2,1,2,2,0,0,0,0,2929334
1353832,2,1,0,5,0,0,0,0,0,0,0,0,0,0,0,2929334
1362370,0,0,34,0,7,0,3,1,6,0,1,1,2,6,1,2932117
1362371,1,1,31,0,7,0,3,1,7,0,1,1,2,7,1,2932117
1362372,2,1,5,5,1,0,3,2,1,1,2,0,0,0,0,2932117
1362373,2,1,1,5,1,0,0,0,0,0,0,0,0,0,0,2932117
1362963,0,0,58,0,5,2,4,1,9,0,1,3,2,6,2,2932301
1362964,1,1,57,0,5,3,5,1,3,0,1,3,0,0,1,2932301
1362965,2,0,33,1,5,3,4,1,6,0,1,3,2,11,2,2932301
1366628,0,0,60,3,2,0,3,2,9,6,3,1,2,31,1,2933457
1369187,0,0,79,0,5,2,5,1,6,0,1,3,0,4,1,2934254
1369188,1,1,69,0,5,2,5,1,6,0,1,3,0,1,1,2934254
1373311,0,0,36,0,5,0,2,1,7,0,1,1,2,12,2,2935574
1373312,1,1,41,0,0,0,2,1,6,0,1,1,2,10,1,2935574
1373313,2,1,13,5,0,0,2,2,2,4,2,0,0,0,0,2935574
1373314,2,0,9,5,0,0,2,2,1,3,2,0,0,0,0,2935574
1373881,0,1,40,0,0,0,2,1,9,0,1,3,0,0,1,2935781
1373882,1,0,43,0,0,0,2,1,6,0,1,1,2,50,2,2935781
1373883,2,1,14,5,0,0,2,2,2,5,2,0,0,0,0,2935781
1373884,2,0,12,5,0,0,2,2,2,4,2,0,0,0,0,2935781
1373885,2,0,8,5,0,0,2,2,1,3,2,0,0,0,0,2935781
1373886,2,1,6,5,0,0,2,2,1,3,2,0,0,0,0,2935781
1374652,0,1,41,0,0,0,2,1,9,0,1,1,2,24,2,2936065
1374653,1,0,41,0,0,0,2,1,9,0,1,1,2,40,2,2936065
1374654,2,1,15,5,0,0,2,2,2,5,2,0,0,0,0,2936065
1374655,2,0,11,5,0,0,2,2,1,4,2,0,0,0,0,2936065
1374961,0,0,54,0,3,2,4,1,7,0,1,1,2,50,1,2936183
1374962,1,1,54,0,3,3,5,1,9,0,1,3,0,0,1,2936183
1374963,2,0,17,5,3,3,3,2,5,5,2,3,0,0,1,2936183
1374964,2,0,23,5,3,3,3,2,7,6,2,1,2,6,1,2936183
1376991,0,0,53,0,0,0,2,1,8,0,1,1,2,99,1,2936918
1376992,1,1,53,0,0,0,2,1,10,0,1,1,2,99,1,2936918
1376993,2,1,15,5,0,0,2,2,3,5,2,0,0,0,0,2936918
1384450,0,0,39,0,0,0,2,2,7,6,2,3,2,3,2,2939326
1384451,1,1,46,0,0,0,2,1,6,0,1,3,2,4,1,2939326
1384452,2,0,15,5,0,0,2,2,2,5,2,0,0,0,0,2939326
1384453,2,0,4,5,0,0,0,1,0,0,1,0,0,0,0,2939326
1384637,0,0,44,0,0,0,2,1,9,0,1,1,2,99,1,2939387
1384638,1,1,46,0,0,0,2,1,8,0,1,3,2,3,2,2939387
1384639,2,1,12,5,0,0,2,2,2,4,2,0,0,0,0,2939387
1386872,0,1,76,4,5,3,1,1,2,0,1,3,0,4,1,2940053
1386873,2,0,41,0,5,2,4,1,6,0,1,1,2,13,1,2940053
1386874,2,1,40,5,5,3,5,1,6,0,1,1,2,9,1,2940053
1386875,2,1,34,0,5,3,5,1,6,0,1,1,2,9,1,2940053
1386876,5,0,0,5,5,0,0,0,0,0,0,0,0,0,0,2940053
1387280,0,0,57,0,0,0,2,1,6,0,1,1,2,26,1,2940183
1387281,1,1,51,0,0,0,2,1,4,0,1,1,2,28,1,2940183
1387797,0,1,59,3,0,0,2,1,6,0,1,1,2,9,1,2940351
1388878,0,0,57,0,0,0,2,1,7,0,1,3,2,9,2,2940668
1388879,1,1,51,0,0,0,2,1,6,0,1,3,2,14,1,2940668
1388880,2,1,30,5,0,0,2,1,8,0,1,2,2,7,1,2940668
1388881,2,1,27,5,0,0,2,1,6,0,1,1,2,7,1,2940668
1388882,2,0,11,5,0,0,2,2,1,4,2,0,0,0,0,2940668
1390735,7,1,18,5,0,0,2,2,6,6,2,3,2,0,1,2941443
1392300,0,0,56,0,0,0,2,1,10,0,1,1,2,65,1,2942132
1392301,1,1,56,0,0,0,2,1,9,0,1,3,2,2,1,2942132
1393747,0,1,37,0,0,0,2,1,9,0,1,3,1,60,2,2942767
1393748,1,0,35,0,0,0,2,1,9,0,1,1,2,60,2,2942767
1393749,2,0,3,5,0,0,0,1,0,0,1,0,0,0,0,2942767
1393750,2,1,0,5,0,0,0,0,0,0,0,0,0,0,0,2942767
1395241,0,0,60,3,0,0,2,1,8,0,1,3,2,1,2,2943419
1395242,7,0,46,3,0,0,2,2,8,6,2,3,2,0,1,2943419
1397351,0,1,79,4,0,0,2,1,6,0,1,3,0,6,1,2944016
1403653,0,0,62,0,5,2,4,1,6,0,1,3,2,9,1,2945425
1403654,1,1,55,0,5,2,5,1,6,0,1,3,2,7,2,2945425
1403655,2,0,30,5,5,2,4,1,6,0,1,1,2,8,1,2945425
1403656,2,0,29,1,5,3,4,1,6,0,1,1,2,8,1,2945425
1404922,0,0,47,0,0,0,2,1,7,0,1,1,2,12,1,2945716
1404923,1,1,45,0,0,0,2,1,6,0,1,1,2,11,1,2945716
1405632,0,0,65,0,0,2,4,1,1,0,1,3,2,14,1,2945888
1405633,1,1,50,0,6,2,3,1,7,0,1,3,2,20,1,2945888
1405634,2,0,27,5,0,0,3,2,4,5,2,1,2,15,1,2945888
1405635,2,0,23,5,6,0,3,2,9,7,2,1,2,5,1,2945888
1405636,2,0,20,5,7,0,3,2,6,6,2,1,2,4,2,2945888
1411073,0,1,49,0,6,3,3,1,0,0,1,1,2,8,1,2947237
1411074,1,0,52,0,0,2,2,1,0,0,1,1,2,31,1,2947237
1411075,2,1,25,2,0,3,2,1,2,0,1,1,2,6,1,2947237
1411076,2,0,16,5,0,2,3,2,6,6,2,3,0,0,1,2947237
1411077,6,0,25,0,0,3,3,2,5,5,2,1,2,10,1,2947237
1411078,2,1,24,0,6,3,4,2,6,6,2,3,0,0,1,2947237
1411079,2,1,15,5,6,2,4,2,3,5,2,0,0,0,0,2947237
1411080,2,1,28,2,0,2,3,1,0,0,1,1,2,6,1,2947237
1411081,2,1,5,5,0,2,1,2,0,2,2,0,0,0,0,2947237
1411082,2,0,20,5,6,2,5,2,6,5,2,3,0,0,1,2947237
1411461,0,0,71,4,0,3,2,1,6,0,1,3,0,10,1,2947325
1413123,0,0,38,0,0,3,2,1,9,0,1,1,2,8,1,2947752
1413124,1,1,51,0,0,0,2,1,9,0,1,3,0,0,1,2947752
1413125,2,1,16,5,0,0,2,2,5,5,2,3,2,0,1,2947752
1417643,7,1,85,5,0,1,2,1,6,0,1,3,0,3,2,2949423
1420395,0,0,47,0,3,2,3,1,9,0,1,1,2,55,1,2950507
1420396,1,1,42,0,3,1,2,1,9,0,1,1,2,28,1,2950507
1420397,2,0,12,5,3,0,2,2,2,4,2,0,0,0,0,2950507
1420398,2,0,9,5,3,0,2,2,1,3,2,0,0,0,0,2950507
1423572,0,0,19,5,0,0,2,1,6,0,1,1,2,37,1,2951758
1423820,0,0,45,1,0,0,2,1,9,0,1,1,1,0,1,2951864
1423821,2,0,19,5,0,0,2,2,6,6,3,3,2,0,1,2951864
1423822,2,1,12,5,0,0,2,2,2,4,3,0,0,0,0,2951864
1423823,2,0,16,5,0,0,2,2,4,5,2,1,2,2,1,2951864
1425134,0,0,43,0,0,0,2,1,9,0,1,1,2,33,1,2952384
1425135,1,1,39,0,0,0,2,1,10,0,1,1,2,25,1,2952384
1425136,2,0,7,5,0,0,2,2,1,3,2,0,0,0,0,2952384
1425137,2,1,5,5,0,0,2,2,1,1,3,0,0,0,0,2952384
1426463,0,0,34,0,0,0,2,1,9,0,1,1,2,47,1,2952924
1426464,1,1,31,0,0,0,2,1,10,0,1,2,2,29,1,2952924
1426465,2,0,0,5,0,0,0,0,0,0,0,0,0,0,0,2952924
1428646,0,0,53,2,2,0,2,1,9,0,1,1,2,99,1,2953789
1431383,0,0,74,3,0,0,2,1,7,0,1,1,2,11,1,2954769
1431994,0,0,58,3,7,0,2,1,8,0,1,1,1,14,1,2954952
1433716,0,0,49,5,0,0,2,1,9,0,1,2,2,4,1,2955508
1434023,0,0,46,3,0,0,2,2,8,6,2,3,1,5,2,2955610
1434990,0,0,40,0,7,2,3,1,10,0,1,1,2,5,1,2955918
1434991,1,1,41,0,7,0,3,1,7,0,1,1,2,35,1,2955918
1434992,2,1,9,5,7,0,3,2,1,3,2,0,0,0,0,2955918
1434993,2,1,9,5,7,0,3,2,1,3,2,0,0,0,0,2955918
1434994,2,0,7,5,7,0,3,2,1,3,2,0,0,0,0,2955918
1443096,0,0,79,0,0,0,2,1,8,0,1,1,1,28,1,2958665
1443097,1,1,69,0,0,0,2,1,6,0,1,3,0,0,1,2958665
1446047,0,0,43,0,0,0,2,1,8,0,1,1,2,3,1,2959897
1446048,1,1,44,0,0,2,2,1,7,0,1,3,2,8,2,2959897
1446049,2,0,13,5,0,0,2,2,2,4,2,0,0,0,0,2959897
1446050,2,0,9,5,0,0,2,2,1,3,2,0,0,0,0,2959897
1449696,0,0,76,0,0,0,2,1,10,0,1,3,0,75,1,2961349
1449697,1,1,56,0,6,0,2,1,6,0,1,3,0,0,1,2961349
1450823,0,0,45,0,7,2,3,1,9,0,1,1,2,36,1,2961747
1450824,1,1,43,0,5,2,3,1,9,0,1,1,2,22,1,2961747
1450825,2,0,9,5,5,0,3,2,1,3,2,0,0,0,0,2961747
1450826,2,0,6,5,5,0,3,2,1,2,2,0,0,0,0,2961747
1451183,0,0,40,3,0,0,2,1,10,0,1,1,1,99,1,2961864
1452561,0,0,40,0,0,0,2,1,6,0,1,3,2,17,1,2962348
1452562,1,1,38,0,0,2,2,1,6,0,1,1,2,30,1,2962348
1452563,2,1,12,5,0,0,2,2,2,4,2,0,0,0,0,2962348
1452564,2,1,8,5,0,0,2,2,1,3,2,0,0,0,0,2962348
1454257,0,0,48,5,0,0,2,1,9,0,1,1,2,63,1,2962957
1457015,0,0,33,0,1,0,2,1,7,0,1,1,2,42,1,2963922
1457016,1,1,36,0,7,3,3,1,7,0,1,1,2,42,1,2963922
1457017,2,1,5,5,7,0,2,2,1,2,3,0,0,0,0,2963922
1457018,2,1,0,5,7,0,0,0,0,0,0,0,0,0,0,2963922
1457611,0,0,53,0,0,0,2,1,8,0,1,1,2,44,1,2964163
1457612,1,1,46,0,0,0,2,1,8,0,1,1,2,24,1,2964163
1461961,0,1,81,4,0,3,2,1,3,0,1,3,0,8,1,2965725
1462205,0,1,53,3,0,0,2,1,6,0,1,1,2,9,1,2965819
1462206,2,0,27,5,0,0,2,1,6,0,1,1,2,5,1,2965819
1462269,0,0,44,0,0,0,2,1,7,0,1,1,2,27,2,2965842
1462270,1,1,42,0,0,0,2,1,6,0,1,1,2,15,1,2965842
1462271,2,1,17,5,0,0,2,2,4,5,2,3,0,0,1,2965842
1462272,2,0,12,5,0,0,2,2,2,4,2,0,0,0,0,2965842
1467077,0,1,85,3,0,0,2,1,9,0,1,3,0,12,2,2967797
1470609,0,1,53,5,0,0,2,1,9,0,1,1,2,25,1,2969578
1470610,2,0,16,5,0,0,2,2,3,5,2,2,2,0,1,2969578
1470613,0,1,48,1,0,0,2,1,10,0,1,1,2,31,1,2969581
1470614,2,1,14,5,0,0,2,2,3,5,2,0,0,0,0,2969581
1470615,2,0,11,5,0,0,2,2,2,4,2,0,0,0,0,2969581
1473493,0,1,61,5,0,3,2,1,10,0,1,1,2,35,1,2971045
1473494,7,0,82,3,0,0,2,1,10,0,1,3,0,0,1,2971045
1473705,0,1,73,4,0,0,2,1,6,0,1,3,0,15,1,2971165
1473870,0,1,41,3,0,0,2,1,10,0,1,1,1,58,1,2971243
1475259,7,1,40,3,2,0,2,1,7,0,1,2,2,0,1,2971851
1478308,0,0,40,0,0,0,2,2,9,7,2,1,2,43,1,2972804
1478309,1,1,37,0,0,0,2,1,7,0,1,3,2,0,1,2972804
1478310,2,0,6,5,0,0,2,2,0,3,2,0,0,0,0,2972804
1478311,2,1,5,5,0,0,2,2,0,1,2,0,0,0,0,2972804
1478312,2,1,2,5,0,0,0,0,0,0,0,0,0,0,0,2972804
1479290,0,1,36,5,2,0,2,1,5,0,1,1,2,10,1,2973112
1479291,2,0,17,5,2,0,2,2,5,5,2,1,2,4,1,2973112
1479292,2,1,13,5,2,0,2,2,2,4,2,0,0,0,0,2973112
1481524,0,0,51,0,0,0,2,1,7,0,1,1,2,15,1,2973851
1481525,1,1,44,0,0,0,2,1,6,0,1,1,2,10,1,2973851
1481526,2,1,21,5,0,0,2,2,7,6,2,1,2,2,1,2973851
1481527,2,1,18,5,0,0,2,2,6,6,2,1,2,0,1,2973851
1481528,3,1,73,3,0,0,2,1,2,0,1,3,0,2,1,2973851
1481529,7,0,24,5,0,0,2,1,6,0,1,1,2,85,1,2973851
1486102,0,0,61,0,5,2,3,1,8,0,1,3,2,26,2,2975345
1486103,1,1,51,0,5,2,3,1,7,0,1,3,2,13,2,2975345
1486104,2,1,9,5,5,0,2,2,1,3,3,0,0,0,0,2975345
1490879,0,0,33,0,0,0,2,1,6,0,1,1,2,17,1,2976909
1490880,1,1,30,0,0,0,2,1,6,0,1,1,2,11,1,2976909
1490881,2,0,8,5,0,0,2,2,1,3,2,0,0,0,0,2976909
1490882,2,1,4,5,0,0,0,1,0,0,1,0,0,0,0,2976909
1491501,0,0,51,3,0,0,2,1,6,0,1,1,2,22,1,2977139
1491502,2,1,21,5,0,0,2,2,7,6,2,1,2,7,1,2977139
1491503,2,0,27,5,0,0,2,1,6,0,1,1,2,9,1,2977139
1493491,0,0,30,0,0,0,2,1,6,0,1,1,2,18,1,2977780
1493492,1,1,23,0,0,0,2,1,5,0,1,1,1,0,1,2977780
1493493,2,1,10,5,0,0,2,2,1,4,2,0,0,0,0,2977780
1493494,2,1,7,5,0,0,2,2,1,3,2,0,0,0,0,2977780
1493495,2,1,6,5,0,0,2,2,1,2,2,0,0,0,0,2977780
1493496,2,0,8,5,0,0,2,2,1,3,2,0,0,0,0,2977780
1493497,2,0,4,5,0,0,0,2,0,1,2,0,0,0,0,2977780
1494565,7,1,18,5,0,0,2,2,6,6,3,3,2,0,1,2978158
1496497,7,1,52,3,0,0,2,1,6,0,1,3,0,4,2,2978815
1496549,0,0,49,0,0,0,2,1,7,0,1,1,2,27,1,2978830
1496550,1,1,46,0,0,0,4,1,6,0,1,1,2,22,1,2978830
1498201,0,1,50,3,0,0,2,1,6,0,1,1,2,9,1,2979378
1498202,2,1,18,5,0,0,2,1,6,0,1,1,2,1,1,2979378
1498203,2,1,29,5,0,0,2,1,6,0,1,1,2,7,1,2979378
1498746,0,0,48,0,0,0,2,1,9,0,1,3,2,3,2,2979570
1498747,1,1,39,0,0,0,2,1,8,0,1,1,2,15,1,2979570
1498748,2,0,4,5,0,0,0,2,0,1,3,0,0,0,0,2979570
1498795,0,0,50,3,0,0,5,1,6,0,1,1,2,21,2,2979588
1498796,7,1,50,3,0,0,3,1,6,0,1,1,2,7,1,2979588
1498797,7,0,22,5,0,0,2,2,7,6,2,1,2,2,1,2979588
1499416,0,0,30,5,1,0,2,1,6,0,1,1,2,12,1,2979835
1499692,0,0,62,0,0,0,4,1,2,0,1,1,2,5,1,2979946
1499693,1,1,53,0,0,3,3,2,6,5,2,3,0,0,1,2979946
1499694,2,1,13,5,0,0,5,1,0,0,1,0,0,0,0,2979946
1499695,2,1,14,5,0,0,5,2,3,5,2,0,0,0,0,2979946
1500235,0,1,19,5,3,2,3,2,7,6,2,3,0,0,1,2980164
1500236,7,1,20,5,1,0,2,2,7,6,2,3,0,0,1,2980164
1501321,0,1,31,0,0,2,2,1,8,0,1,3,2,8,1,2980598
1501322,1,0,33,0,0,0,2,1,6,0,1,1,2,30,1,2980598
1501323,2,0,2,5,0,0,0,0,0,0,0,0,0,0,0,2980598
1501324,2,1,0,5,0,0,0,0,0,0,0,0,0,0,0,2980598
1502137,0,0,35,0,0,0,2,1,7,0,1,1,2,33,1,2980923
1502138,1,1,33,0,0,0,2,1,7,0,1,1,2,5,1,2980923
1502139,2,0,6,5,0,0,2,2,1,2,2,0,0,0,0,2980923
1502140,2,0,6,5,0,0,2,2,1,2,2,0,0,0,0,2980923
1502433,0,1,63,3,0,0,2,1,6,0,1,3,2,17,1,2981044
1502434,2,0,34,2,0,0,2,1,6,0,1,3,2,6,2,2981044
1502435,7,0,51,3,0,0,2,1,8,0,1,3,0,0,1,2981044
1502686,0,1,50,3,0,0,2,1,9,0,1,1,2,25,1,2981149
1502687,7,0,50,3,0,0,2,1,6,0,1,1,2,28,1,2981149
1502711,0,0,73,0,0,0,2,1,7,0,1,1,2,99,1,2981157
1502712,1,1,79,0,0,0,2,1,8,0,1,3,0,74,1,2981157
1504260,0,0,43,0,0,0,2,1,7,0,1,1,2,25,2,2981760
1504261,1,1,50,0,0,0,2,1,6,0,1,1,2,13,2,2981760
1504957,0,0,37,0,0,3,5,1,2,0,1,1,2,18,1,2982052
1504958,1,1,34,0,0,3,3,1,4,0,1,1,2,9,2,2982052
1504959,2,1,17,5,0,3,3,2,6,5,2,3,0,0,1,2982052
1504960,2,0,16,5,0,3,4,2,5,5,2,3,0,3,1,2982052
1504961,2,1,15,5,0,3,4,2,4,5,2,0,0,0,0,2982052
1512397,0,0,45,0,0,0,2,1,6,0,1,1,2,15,2,2984434
1512398,1,1,45,0,0,0,2,1,6,0,1,3,1,0,1,2984434
1512620,0,0,66,0,0,2,2,1,10,0,1,3,1,6,1,2984551
1512621,1,1,36,0,5,3,2,1,6,0,1,3,2,4,1,2984551
1512649,0,0,44,0,0,0,2,1,6,0,1,1,2,7,1,2984565
1512650,1,1,40,0,0,0,2,1,6,0,1,3,1,0,1,2984565
1512651,2,1,15,5,0,0,2,2,3,5,2,0,0,0,0,2984565
1512652,2,0,18,5,0,0,2,2,5,5,2,3,0,0,1,2984565
1512653,7,0,16,5,0,0,2,2,4,5,2,3,2,0,1,2984565
1512759,0,0,30,0,6,0,3,1,6,0,1,1,2,9,1,2984611
1512760,1,1,27,0,6,0,2,2,8,6,2,1,2,3,1,2984611
1512761,2,1,7,5,6,0,2,2,0,3,3,0,0,0,0,2984611
1512762,2,1,4,5,6,0,0,2,0,1,3,0,0,0,0,2984611
1512763,6,1,41,2,6,0,3,2,6,6,2,1,2,9,1,2984611
1518270,0,0,43,0,0,2,4,1,6,0,1,1,2,11,1,2987075
1518271,1,1,43,0,0,3,5,1,2,0,1,1,2,7,1,2987075
1518272,2,0,17,5,0,0,3,2,6,5,2,3,0,0,1,2987075
1518273,2,1,6,5,0,0,3,2,1,3,2,0,0,0,0,2987075
1518274,2,0,4,5,0,0,0,1,0,0,1,0,0,0,0,2987075
1518403,0,0,58,0,0,0,2,1,6,0,1,1,1,21,1,2987140
1518404,1,1,47,0,0,0,2,1,3,0,1,3,0,0,2,2987140
1518405,2,0,27,0,0,0,2,1,6,0,1,1,1,20,2,2987140
1518406,2,1,28,0,0,0,2,1,5,0,1,1,2,0,1,2987140
1518407,5,0,4,5,0,0,0,1,0,0,1,0,0,0,0,2987140
1518408,5,1,3,5,0,0,0,1,0,0,1,0,0,0,0,2987140
1520403,0,1,64,3,0,0,2,1,7,0,1,1,2,16,1,2988040
1521143,0,0,38,0,0,0,2,1,7,0,1,1,2,29,1,2988304
1521144,1,1,36,0,0,0,2,1,6,0,1,1,2,4,1,2988304
1521145,2,0,15,5,0,0,2,2,3,5,2,0,0,0,0,2988304
1521146,2,1,13,5,0,0,2,2,2,4,2,0,0,0,0,2988304
1521147,2,0,10,5,0,0,2,2,1,3,2,0,0,0,0,2988304
1522780,0,1,54,0,0,0,2,1,6,0,1,1,2,8,1,2988938
1522781,1,0,57,0,0,0,2,1,6,0,1,1,2,4,1,2988938
1522998,0,0,46,0,6,3,3,1,6,0,1,1,2,14,1,2989019
1522999,1,1,44,0,6,2,4,1,6,0,1,3,0,0,1,2989019
1523000,2,0,22,5,6,0,3,1,6,0,1,1,2,7,1,2989019
1523001,2,1,20,5,6,0,3,2,7,6,3,2,2,0,1,2989019
1523002,2,0,17,5,6,0,3,2,6,6,2,3,2,0,1,2989019
1525529,0,1,66,3,0,0,2,1,6,0,1,3,0,8,1,2989929
1528092,0,0,77,0,0,0,2,2,6,5,2,3,2,16,1,2990885
1528093,1,1,70,0,0,0,2,1,6,0,1,3,0,2,1,2990885
1530040,0,0,30,5,0,0,2,1,9,0,1,1,2,13,1,2992023
1531083,0,0,51,0,0,0,2,1,9,0,1,1,2,28,1,2992746
1531084,1,1,41,0,0,0,2,1,7,0,1,1,2,27,1,2992746
1531569,0,1,49,3,5,3,4,1,6,0,1,1,2,8,1,2993085
1531944,0,1,22,5,6,0,2,1,6,0,1,1,2,7,2,2993358
1531945,2,1,5,5,6,0,2,2,0,1,3,0,0,0,0,2993358
1532231,0,0,62,0,0,3,2,1,6,0,1,1,2,14,1,2993557
1532232,1,1,59,0,0,1,2,1,6,0,1,1,2,34,1,2993557
1533475,0,0,78,0,0,0,2,1,9,0,1,3,2,14,1,2994464
1533476,1,1,71,0,0,0,2,1,7,0,1,3,0,2,1,2994464
1534673,0,0,67,3,0,0,2,1,6,0,1,3,1,5,1,2995299
1534674,7,1,46,3,0,0,2,1,6,0,1,1,2,17,1,2995299
1537155,0,0,67,1,0,0,2,1,7,0,1,1,2,14,1,2996993
1540581,0,0,57,0,0,2,3,1,7,0,1,1,2,23,1,2999243
1540582,1,1,55,0,0,0,3,1,7,0,1,3,0,4,2,2999243
1540583,2,1,30,2,0,0,2,2,8,6,3,1,2,2,1,2999243
1540584,5,0,5,5,0,0,2,2,1,2,2,0,0,0,0,2999243
1546538,0,1,70,4,0,0,3,1,2,0,1,3,0,2,1,3001718
1546539,5,0,18,5,0,0,2,1,6,0,1,3,0,0,1,3001718
1546817,0,0,32,0,6,3,1,1,6,0,1,1,2,1,1,3001835
1546818,1,1,28,0,6,3,1,1,4,0,1,1,2,2,1,3001835
1546819,2,0,11,5,6,3,4,2,2,4,2,0,0,0,0,3001835
1546820,2,0,8,5,6,3,4,2,1,3,2,0,0,0,0,3001835
1546821,2,0,0,5,6,0,0,0,0,0,0,0,0,0,0,3001835
1546904,7,0,19,5,6,0,3,1,7,0,1,3,0,0,1,3001871
1548263,0,1,73,3,6,2,5,1,1,0,1,3,0,4,1,3002327
1548264,2,0,30,5,6,0,4,1,6,0,1,3,2,9,2,3002327
1549801,0,0,81,0,0,0,2,1,1,0,1,3,0,7,1,3002847
1549802,1,1,73,0,0,0,2,1,6,0,1,3,2,13,1,3002847
1550906,0,0,79,0,6,2,1,1,0,0,1,3,0,4,1,3003230
1550907,1,1,72,0,6,2,1,1,0,0,1,3,2,4,2,3003230
1550908,2,1,47,3,6,2,5,2,3,6,2,3,0,3,1,3003230
1550909,2,0,35,5,6,3,5,1,2,0,1,2,2,1,1,3003230
1553249,0,1,28,5,6,2,3,2,7,6,2,1,2,6,1,3004017
1553250,3,0,76,2,6,2,3,1,6,0,1,3,0,7,1,3004017
1553251,2,0,7,5,6,0,3,2,1,3,2,0,0,0,0,3004017
1554261,0,0,79,0,0,0,2,1,6,0,1,3,0,20,1,3004364
1554262,1,1,76,0,0,0,2,1,6,0,1,3,0,3,2,3004364
1554905,7,0,27,1,1,0,3,1,4,0,1,3,2,7,1,3004585
1556195,0,1,53,5,0,0,2,1,10,0,1,1,2,31,1,3005116
1557483,0,1,32,3,0,0,2,1,7,0,1,3,1,43,1,3005827
1557484,2,1,0,5,0,0,0,0,0,0,0,0,0,0,0,3005827
1557485,7,0,37,3,0,0,2,1,6,0,1,1,2,9,1,3005827
1557839,0,1,53,2,0,0,2,1,10,0,1,1,2,19,1,3006028
1557967,0,0,85,0,0,2,4,1,2,0,1,3,0,11,2,3006095
1557968,1,1,85,0,0,0,2,1,2,0,1,3,0,6,1,3006095
1558011,0,0,30,0,0,3,2,1,9,0,1,1,2,72,1,3006121
1558012,1,1,30,0,0,0,2,1,10,0,1,1,2,99,1,3006121
1558207,7,0,21,5,0,0,2,1,6,0,1,1,2,0,1,3006233
1559268,0,1,25,5,0,0,2,1,7,0,1,1,2,2,1,3006807
1560666,0,1,30,0,0,0,2,1,9,0,1,1,2,1,1,3007586
1560667,1,0,31,0,0,3,2,1,9,0,1,3,2,16,1,3007586
1560770,0,1,35,0,0,0,2,2,6,6,2,1,2,15,1,3007646
1560771,1,0,27,0,0,0,3,1,10,0,1,1,2,11,1,3007646
1563145,0,0,30,0,0,3,2,2,9,6,2,1,2,32,1,3009040
1563146,1,1,32,0,0,3,2,1,6,0,1,1,2,1,1,3009040
1563147,2,0,0,5,0,0,0,0,0,0,0,0,0,0,0,3009040
1567893,0,0,41,5,0,0,2,2,7,6,2,2,2,40,1,3011718
1567894,7,0,47,3,0,0,2,1,9,0,1,1,2,21,1,3011718
1568287,0,1,57,3,0,0,2,1,10,0,1,1,2,30,1,3011905
1568655,0,1,43,5,1,0,2,1,6,0,1,1,2,12,1,3012036
1568656,7,0,32,1,6,0,4,1,6,0,1,1,2,18,1,3012036
1571187,0,0,33,0,0,0,2,1,8,0,1,1,2,12,1,3013002
1571188,1,1,29,0,0,0,2,1,7,0,1,1,2,10,1,3013002
1571189,2,1,10,5,0,0,2,2,1,3,2,0,0,0,0,3013002
1571190,2,1,4,5,7,0,0,2,1,1,2,0,0,0,0,3013002
1571191,2,0,6,5,0,0,2,2,1,3,2,0,0,0,0,3013002
1574132,0,0,19,5,0,3,5,1,6,0,1,3,2,5,2,3014170
1574133,6,0,18,5,0,3,5,1,0,0,1,3,2,3,1,3014170
1574134,6,0,19,5,0,3,5,1,6,0,1,3,2,1,2,3014170
1574135,7,0,26,2,0,3,5,1,6,0,1,1,1,5,2,3014170
1574636,0,1,34,2,6,3,1,1,2,0,1,3,2,3,1,3014346
1574637,2,1,14,5,6,0,4,2,2,5,2,0,0,0,0,3014346
1574638,2,1,12,5,6,0,4,2,2,4,2,0,0,0,0,3014346
1574639,2,0,9,5,6,0,5,2,1,3,2,0,0,0,0,3014346
1574640,6,0,13,5,6,0,5,2,2,4,2,0,0,0,0,3014346
1574641,6,0,7,5,6,0,1,2,1,3,2,0,0,0,0,3014346
1574642,6,1,10,5,6,0,1,2,1,3,2,0,0,0,0,3014346
1577957,7,0,48,1,6,0,2,1,6,0,1,3,2,20,2,3015516
1581079,0,0,39,0,6,2,5,1,6,0,1,1,2,8,1,3016493
1581080,1,1,40,0,6,3,3,2,7,6,2,3,0,0,1,3016493
1581081,2,1,18,5,6,0,3,2,5,5,2,3,0,0,1,3016493
1581082,3,1,58,5,6,0,3,1,1,0,1,3,0,0,1,3016493
1581135,0,0,50,0,1,3,4,1,2,0,1,1,2,2,1,3016509
1581136,1,1,42,0,0,1,5,1,2,0,1,1,1,2,1,3016509
1581137,2,1,18,5,0,3,4,1,3,0,1,1,1,0,1,3016509
1581138,2,1,16,5,0,3,4,1,2,0,1,3,0,0,1,3016509
1581139,2,1,14,5,0,0,4,2,2,4,2,0,0,0,0,3016509
1582114,0,0,45,0,1,0,2,1,9,0,1,1,2,31,1,3016818
1582115,1,1,45,0,1,0,2,1,7,0,1,3,0,0,1,3016818
1582116,2,1,18,5,1,0,2,2,7,6,2,1,2,5,1,3016818
1582117,2,0,13,5,1,0,2,2,2,4,2,0,0,0,0,3016818
1582118,2,0,11,5,1,0,2,2,2,4,2,0,0,0,0,3016818
1582460,0,1,50,3,0,2,2,1,7,0,1,3,2,17,1,3016920
1582461,2,1,22,5,0,0,2,2,6,6,2,1,2,9,1,3016920
1582462,2,0,18,5,0,0,2,2,5,5,2,3,0,2,1,3016920
1582463,7,0,21,5,1,0,2,2,6,6,2,1,2,9,1,3016920
1583934,0,0,46,0,0,1,3,1,9,0,1,1,2,27,1,3017437
1583935,1,1,47,0,0,0,2,1,7,0,1,1,2,15,1,3017437
1583936,2,0,13,5,0,0,2,2,2,4,2,0,0,0,0,3017437
1583937,2,1,9,5,0,0,2,2,1,3,2,0,0,0,0,3017437
1585647,0,0,48,3,0,0,2,1,8,0,1,1,2,30,1,3018058
1586010,0,0,47,0,5,2,3,1,9,0,1,1,2,31,1,3018178
1586011,1,1,48,0,5,3,3,1,9,0,1,1,2,16,1,3018178
1586012,2,0,25,5,5,3,3,2,9,6,2,3,0,0,1,3018178
1586013,2,0,16,5,5,0,2,2,3,5,2,3,0,0,1,3018178
1586014,2,0,11,5,5,0,2,2,2,4,2,0,0,0,0,3018178
1589970,0,0,38,0,0,0,3,1,10,0,1,1,1,61,1,3019551
1589971,1,1,34,0,0,3,4,1,10,0,1,3,2,0,1,3019551
1589972,2,1,8,5,0,0,4,2,1,3,3,0,0,0,0,3019551
1589973,2,1,5,5,0,0,1,2,1,2,3,0,0,0,0,3019551
1593360,0,1,44,0,1,0,2,1,9,0,1,1,2,27,1,3020636
1593361,1,0,43,0,1,0,2,1,6,0,1,1,2,17,1,3020636
1593362,2,1,22,5,1,0,2,1,9,0,1,1,2,1,1,3020636
1593363,2,1,13,5,1,0,2,2,2,4,2,0,0,0,0,3020636
1594163,0,0,43,0,5,2,5,1,6,0,1,3,2,7,1,3020882
1594164,1,1,41,0,5,3,3,1,9,0,1,1,2,1,1,3020882
1594165,2,1,5,5,5,0,3,2,0,2,2,0,0,0,0,3020882
1594166,7,1,76,4,5,3,5,1,10,0,1,3,2,4,1,3020882
1595398,0,0,80,4,1,0,2,1,3,0,1,3,0,12,2,3021271
1596107,0,0,58,0,1,0,2,1,9,0,1,1,2,32,1,3021485
1596108,1,1,57,0,1,0,2,1,8,0,1,1,2,8,1,3021485
1596417,0,1,39,5,1,0,2,1,8,0,1,1,2,16,2,3021584
1596418,2,0,17,5,1,0,2,2,4,5,2,1,2,1,2,3021584
1596419,2,0,12,5,1,0,2,2,2,4,2,0,0,0,0,3021584
1597877,0,0,62,0,1,0,2,1,6,0,1,3,0,5,1,3022056
1597878,1,1,61,0,1,0,2,1,9,0,1,1,2,10,1,3022056
1600576,0,1,23,1,6,0,3,1,7,0,1,3,2,1,1,3022887
1600577,2,1,4,5,6,0,0,2,0,1,2,0,0,0,0,3022887
1600578,2,0,2,5,6,0,0,0,0,0,0,0,0,0,0,3022887
1600579,4,0,12,5,6,0,3,2,2,4,2,0,0,0,0,3022887
1603701,0,0,48,3,0,0,2,1,9,0,1,3,2,0,1,3024111
1604536,0,0,40,0,5,0,4,1,7,0,1,1,2,43,2,3024452
1604537,1,1,40,0,5,0,2,1,6,0,1,1,2,25,2,3024452
1604538,2,1,16,5,5,0,2,2,4,5,2,3,0,0,1,3024452
1604539,2,1,14,5,5,0,2,2,2,5,2,0,0,0,0,3024452
1606260,0,0,68,4,0,0,2,1,3,0,1,3,0,8,1,3025151
1606261,7,1,55,4,0,0,2,1,6,0,1,3,0,17,1,3025151
1612118,0,1,53,3,0,0,2,1,6,0,1,1,2,19,1,3027310
1613466,0,1,34,0,0,0,2,1,7,0,1,1,2,1,1,3027825
1613467,1,0,31,0,0,0,3,1,6,0,1,3,2,13,1,3027825
1615094,0,0,43,0,0,0,2,1,7,0,1,1,2,21,1,3028501
1615095,1,1,39,0,0,2,2,1,6,0,1,1,2,4,1,3028501
1615096,2,0,10,5,0,0,2,2,1,3,2,0,0,0,0,3028501
1615097,2,1,8,5,0,0,2,2,1,3,2,0,0,0,0,3028501
1615098,2,0,7,5,0,0,2,2,1,3,2,0,0,0,0,3028501
1615543,0,0,52,0,0,0,2,1,9,0,1,1,1,11,1,3028679
1615544,1,1,46,0,0,0,2,1,9,0,1,1,2,8,1,3028679
1615545,2,1,12,5,0,0,2,2,2,4,3,0,0,0,0,3028679
1616569,0,0,51,5,0,0,3,2,8,6,3,1,2,20,1,3029101
1616570,3,1,78,3,0,2,3,1,6,0,1,3,0,6,2,3029101
1617683,0,1,68,3,0,0,2,1,7,0,1,3,2,8,1,3029550
1618774,0,1,48,3,0,0,2,1,7,0,1,1,2,19,1,3030005
1618775,2,0,25,5,0,0,2,2,6,6,2,1,2,7,1,3030005
1619102,0,1,33,3,0,0,2,1,6,0,1,3,2,0,1,3030146
1619103,2,1,10,5,0,0,2,2,1,4,3,0,0,0,0,3030146
1619104,7,0,39,3,0,0,2,1,5,0,1,1,2,35,1,3030146
1619926,0,1,72,4,6,2,4,1,3,0,1,3,0,4,2,3030482
1619927,2,0,38,0,0,0,2,1,6,0,1,1,1,0,1,3030482
1619928,2,1,35,0,0,0,3,1,4,0,1,1,2,42,1,3030482
1622040,0,0,38,0,0,3,3,1,6,0,1,1,2,13,2,3031375
1622041,1,1,38,0,0,3,4,1,3,0,1,3,2,14,1,3031375
1622042,2,1,16,5,0,3,3,2,4,5,2,3,0,0,1,3031375
1622043,2,0,12,5,0,0,4,2,2,4,2,0,0,0,0,3031375
1626711,0,0,75,0,0,0,2,1,10,0,1,3,2,17,1,3033326
1626712,1,1,66,0,0,0,2,1,8,0,1,3,0,14,1,3033326
1629614,0,0,53,0,0,0,2,1,7,0,1,1,2,0,1,3034551
1629615,1,1,52,0,0,0,2,1,6,0,1,1,2,22,1,3034551
1631233,0,0,64,0,6,0,3,1,6,0,1,3,2,1,1,3035237
1631234,1,1,64,0,2,0,3,1,6,0,1,1,2,7,1,3035237
1632772,0,0,49,0,7,0,2,1,9,0,1,1,1,99,1,3035903
1632773,1,1,42,0,0,0,2,1,9,0,1,1,2,6,1,3035903
1632774,2,0,11,5,7,0,2,2,1,4,2,0,0,0,0,3035903
1634950,0,0,37,5,0,0,2,1,10,0,1,1,2,99,1,3036857
1638296,7,0,28,5,0,0,3,2,9,7,2,1,2,5,1,3038612
1638758,0,0,27,5,0,0,2,1,6,0,1,1,2,0,1,3038866
1639517,0,0,35,0,0,0,3,2,7,6,3,1,2,12,1,3039287
1639518,1,1,34,0,0,0,3,2,8,6,2,1,2,12,1,3039287
1639519,2,0,14,5,0,0,3,2,2,4,2,0,0,0,0,3039287
1639520,2,0,9,5,0,0,2,2,1,3,2,0,0,0,0,3039287
1641255,0,0,79,0,0,0,2,1,9,0,1,3,0,36,1,3040268
1641256,1,1,85,0,0,0,2,1,9,0,1,3,0,70,2,3040268
1642058,7,1,85,1,0,0,2,2,4,5,2,3,0,0,1,3040604
1643384,0,0,48,0,7,0,2,1,8,0,1,1,2,17,1,3041090
1643385,1,1,46,0,7,0,2,1,6,0,1,1,2,18,1,3041090
1644435,0,0,32,0,0,0,2,1,10,0,1,1,2,52,1,3041513
1644436,1,1,39,0,5,2,4,1,7,0,1,1,2,7,1,3041513
1644437,2,1,2,5,7,0,0,0,0,0,0,0,0,0,0,3041513
1649902,0,0,47,0,0,0,2,1,6,0,1,1,2,32,1,3043669
1649903,1,1,48,0,0,0,2,1,9,0,1,1,2,7,1,3043669
1649904,2,0,18,5,0,0,2,2,6,6,2,1,2,1,1,3043669
1651042,0,0,42,0,0,0,2,1,6,0,1,1,2,23,1,3044127
1651043,1,1,35,0,0,0,2,1,7,0,1,1,2,51,1,3044127
1653035,0,1,67,0,0,0,2,1,6,0,1,1,1,1,1,3044879
1653036,1,0,64,0,0,0,2,1,7,0,1,3,2,14,1,3044879
1654900,0,0,29,0,0,0,2,1,9,0,1,1,2,16,1,3045597
1654901,1,1,25,0,7,0,2,1,9,0,1,1,2,20,1,3045597
1656256,0,0,64,0,0,0,2,2,6,5,2,1,1,53,1,3046149
1656257,1,1,62,0,0,0,2,1,6,0,1,3,2,4,1,3046149
1656258,3,1,84,4,0,2,4,1,2,0,1,3,0,0,1,3046149
1658145,0,1,49,0,0,3,2,1,6,0,1,3,1,0,1,3046965
1658146,1,0,49,0,0,3,2,1,7,0,1,1,2,47,1,3046965
1659182,0,0,45,0,0,0,2,2,10,7,3,1,1,18,1,3047423
1659183,1,1,45,0,0,0,2,2,8,6,2,3,0,0,1,3047423
1659184,2,0,14,5,0,0,5,2,2,4,3,0,0,0,0,3047423
1662083,0,1,45,1,0,0,2,2,7,6,2,1,1,15,1,3048717
1662084,3,1,80,4,0,0,2,1,9,0,1,3,0,0,1,3048717
1662336,0,0,29,5,7,0,2,1,9,0,1,1,2,16,1,3048817
1662337,7,1,24,5,5,0,2,1,9,0,1,1,2,20,1,3048817
1662826,0,0,79,0,0,2,3,1,6,0,1,3,0,10,1,3049036
1662827,1,1,80,0,0,2,3,1,6,0,1,3,0,8,1,3049036
1664082,0,0,23,0,1,0,2,1,7,0,1,1,2,5,1,3049556
1664083,1,1,21,0,1,0,2,1,6,0,1,3,2,0,1,3049556
1664084,2,1,4,5,1,0,0,1,0,0,1,0,0,0,0,3049556
1664085,2,1,2,5,1,0,0,0,0,0,0,0,0,0,0,3049556
1664086,2,1,0,5,1,0,0,0,0,0,0,0,0,0,0,3049556
1668197,0,0,30,0,6,0,2,1,6,0,1,1,2,22,1,3051017
1668198,1,1,33,0,6,0,2,2,7,6,2,1,2,8,1,3051017
1668199,2,0,15,5,6,0,2,2,2,5,3,0,0,0,0,3051017
1668200,2,0,13,5,6,0,2,2,2,4,3,0,0,0,0,3051017
1668201,2,0,9,5,6,0,2,2,1,3,3,0,0,0,0,3051017
1671231,0,0,71,0,0,0,2,1,8,0,1,3,0,86,1,3052065
1671232,1,1,71,0,0,0,2,1,8,0,1,3,0,0,1,3052065
1671367,0,1,67,3,2,0,3,1,6,0,1,3,2,2,1,3052111
1671368,2,0,37,5,2,0,2,1,6,0,1,3,0,1,2,3052111
1671506,0,1,63,4,0,0,2,1,6,0,1,3,0,5,2,3052161
1671507,5,1,15,5,0,0,2,2,2,5,2,0,0,0,0,3052161
1671508,5,0,8,5,0,0,2,2,1,3,2,0,0,0,0,3052161
1671509,7,0,32,5,0,0,2,1,6,0,1,1,2,17,1,3052161
1672838,0,0,74,0,0,2,2,1,6,0,1,3,0,9,1,3052648
1672839,1,1,80,0,0,2,2,1,6,0,1,3,1,7,2,3052648
1674904,0,0,47,0,0,0,2,1,6,0,1,1,1,40,1,3053384
1674905,1,1,46,0,0,0,2,1,6,0,1,1,2,26,1,3053384
1676434,0,0,38,0,6,3,5,1,1,0,1,1,2,5,1,3053937
1676435,1,1,38,0,6,3,5,1,2,0,1,1,1,3,1,3053937
1676436,2,0,16,5,6,0,4,2,5,5,2,3,0,0,1,3053937
1676437,2,0,12,5,6,0,3,2,2,4,2,0,0,0,0,3053937
1676438,2,0,7,5,6,0,4,2,1,3,2,0,0,0,0,3053937
1676439,2,1,2,5,6,0,0,0,0,0,0,0,0,0,0,3053937
1676993,0,0,41,0,6,0,2,2,10,7,2,3,2,0,1,3054133
1676994,1,1,38,0,6,2,2,1,9,0,1,1,2,12,1,3054133
1676995,2,1,14,5,6,0,2,2,2,4,2,0,0,0,0,3054133
1676996,2,1,8,5,6,0,2,2,1,3,2,0,0,0,0,3054133
1679164,0,0,38,0,0,0,2,1,7,0,1,1,2,45,1,3054931
1679165,1,1,40,0,0,0,2,1,6,0,1,3,0,0,1,3054931
1679166,2,1,13,5,0,0,2,2,2,4,3,0,0,0,0,3054931
1679167,2,0,9,5,0,0,2,2,1,3,3,0,0,0,0,3054931
1679869,0,0,29,5,6,3,5,1,2,0,1,1,2,8,1,3055189
1679870,2,0,4,5,6,0,0,2,0,1,2,0,0,0,0,3055189
1679871,2,1,0,5,6,0,0,0,0,0,0,0,0,0,0,3055189
1679872,4,0,23,5,6,3,5,1,2,0,1,1,2,4,1,3055189
1679873,7,1,29,5,6,3,5,1,6,0,1,3,2,0,1,3055189
1680599,0,1,85,4,0,0,2,1,7,0,1,3,0,14,1,3055469
1681143,0,0,23,5,0,0,2,2,7,6,2,1,2,11,1,3055669
1681576,0,0,57,0,1,0,2,1,9,0,1,1,2,14,2,3055827
1681577,1,1,43,0,0,0,2,1,9,0,1,1,1,2,2,3055827
1681578,2,1,8,5,0,0,2,2,1,3,3,0,0,0,0,3055827
1685618,0,0,27,5,0,0,2,1,6,0,1,1,2,14,1,3057647
1685619,2,0,5,5,0,0,2,2,1,1,3,0,0,0,0,3057647
1686591,0,0,42,0,0,0,2,1,10,0,1,1,1,21,1,3058088
1686592,1,1,35,0,0,0,2,1,8,0,1,3,2,15,1,3058088
1686593,2,1,7,5,0,0,3,2,1,3,2,0,0,0,0,3058088
1688916,0,0,25,0,0,0,2,1,6,0,1,1,2,10,1,3059156
1688917,1,1,23,0,0,0,2,1,7,0,1,3,2,0,1,3059156
1688918,2,0,1,5,0,0,0,0,0,0,0,0,0,0,0,3059156
1689993,0,0,21,0,0,0,2,1,6,0,1,1,2,7,2,3059637
1689994,1,1,21,0,0,0,2,1,6,0,1,1,2,0,2,3059637
1690017,0,0,28,0,0,0,2,1,6,0,1,1,2,18,2,3059645
1690018,1,1,23,0,5,3,3,1,6,0,1,1,2,7,2,3059645
