RELATE,SEX,AGE,MARST,RACE,CITIZEN,SPEAKENG,SCHOOL,EDUC,GRADEATT,SCHLTYPE,EMPSTAT,CLASSWKR,INCTOT,DISABWRK,household_id,individual_id
0,0,32,5,0,0,2,1,6,0,1,1,1,10,2,0,0
0,0,60,0,6,2,5,1,10,0,1,1,2,5,1,1,1
0,0,60,0,6,2,5,1,10,0,1,1,2,5,1,1,2
7,0,35,5,0,0,2,1,6,0,1,1,1,15,1,2,3
0,0,31,5,0,0,3,1,6,0,1,1,2,20,1,2,4
0,1,50,2,0,0,2,1,8,0,1,3,0,0,1,3,5
1,1,29,0,0,3,5,1,0,0,1,1,2,5,2,4,6
2,1,3,5,0,0,0,1,0,0,1,0,0,0,0,4,7
2,1,6,5,0,0,4,2,0,3,2,0,0,0,0,4,8
2,1,2,5,0,0,0,0,0,0,0,0,0,0,0,4,9
1,1,30,0,0,3,5,1,0,0,1,3,0,5,2,4,10
0,0,72,0,7,0,2,1,9,0,1,3,2,33,1,5,11
1,1,66,0,8,0,2,1,9,0,1,3,2,26,1,5,12
0,1,32,5,0,3,3,1,6,0,1,1,2,6,1,6,13
7,0,24,1,6,0,2,1,6,0,1,3,2,4,1,7,14
0,0,32,5,0,0,2,1,7,0,1,1,2,8,1,8,15
7,0,36,1,0,0,5,1,2,0,1,1,2,10,2,9,16
0,0,72,0,0,0,2,1,6,0,1,3,0,21,1,10,17
1,1,70,0,0,0,2,1,6,0,1,3,0,7,1,10,18
0,0,31,5,0,0,2,1,6,0,1,1,1,11,2,11,19
7,1,85,4,0,0,2,1,6,0,1,3,0,0,2,12,20
1,1,23,0,6,0,3,1,6,0,1,1,2,9,1,13,21
0,0,24,0,6,3,3,1,6,0,1,1,2,3,1,13,22
2,0,5,5,5,0,5,2,1,2,2,0,0,0,0,14,23
0,1,27,5,5,2,4,1,6,0,1,3,0,0,1,14,24
2,0,1,5,5,0,0,0,0,0,0,0,0,0,0,14,25
0,1,78,4,0,0,2,1,7,0,1,1,1,6,1,15,26
2,0,13,5,0,0,2,2,2,4,2,0,0,0,0,16,27
0,0,48,0,0,0,2,1,10,0,1,1,1,99,1,16,28
1,1,49,0,0,0,2,1,9,0,1,3,1,4,1,16,29
1,1,47,0,0,0,2,1,5,0,1,2,2,9,1,17,30
1,0,38,0,0,0,3,2,6,6,2,1,2,7,1,17,31
7,1,38,2,6,0,3,1,6,0,1,3,2,12,1,18,32
2,1,12,5,6,0,3,2,2,4,2,0,0,0,0,18,33
0,1,32,5,0,0,2,1,6,0,1,1,2,17,1,18,34
0,1,54,0,0,0,3,1,9,0,1,3,2,30,1,19,35
1,1,57,0,0,2,3,1,7,0,1,1,2,12,2,19,36
2,0,13,5,6,3,4,2,2,4,2,0,0,0,0,20,37
2,0,13,5,6,3,4,2,2,4,2,0,0,0,0,20,38
0,0,38,0,6,3,4,1,4,0,1,1,2,26,2,20,39
1,1,38,0,6,3,4,1,6,0,1,1,2,5,2,20,40
0,0,74,4,3,2,1,1,2,0,1,3,0,0,1,21,41
5,1,0,5,5,0,0,0,0,0,0,0,0,0,0,21,42
2,1,28,0,5,3,5,1,3,0,1,1,2,2,1,21,43
1,1,30,0,5,3,4,1,0,0,1,1,2,3,1,21,44
1,1,73,0,0,0,2,1,7,0,1,3,0,5,1,22,45
1,0,76,0,0,2,2,1,10,0,1,3,0,12,1,22,46
0,1,42,0,0,2,3,1,9,0,1,1,2,14,1,23,47
2,0,15,5,0,0,3,2,3,4,2,3,0,0,1,23,48
1,1,44,0,0,0,4,1,4,0,1,3,0,0,1,23,49
2,0,17,5,0,0,3,2,4,5,2,3,0,0,1,23,50
0,1,60,4,0,2,4,1,0,0,1,3,0,9,1,24,51
2,1,6,5,0,0,2,1,0,0,1,0,0,0,0,25,52
0,0,49,0,0,0,2,1,10,0,1,1,1,99,1,25,53
1,1,50,0,0,0,2,1,10,0,1,3,2,0,1,25,54
0,0,47,0,0,0,2,1,6,0,1,1,2,17,1,26,55
1,1,55,0,0,0,2,1,6,0,1,1,1,13,1,26,56
0,0,78,0,0,0,2,1,9,0,1,3,0,22,1,27,57
1,1,77,0,0,0,2,1,8,0,1,3,0,4,1,27,58
1,1,69,0,0,0,2,1,7,0,1,1,2,10,1,28,59
0,0,70,0,0,0,2,1,7,0,1,3,0,8,1,28,60
1,1,58,0,0,0,2,1,6,0,1,1,1,13,1,29,61
1,0,62,0,0,0,2,1,8,0,1,1,2,14,1,29,62
0,0,43,0,0,0,2,1,7,0,1,1,2,19,2,30,63
1,1,38,0,5,2,2,1,8,0,1,1,2,9,2,30,64
1,1,59,0,0,2,2,1,4,0,1,1,2,7,1,31,65
0,0,58,0,7,0,2,1,6,0,1,3,2,99,2,31,66
7,1,39,3,0,3,3,1,6,0,1,3,0,0,1,32,67
0,0,40,5,0,0,2,1,6,0,1,3,2,0,1,32,68
7,0,19,5,0,0,3,1,6,0,1,1,2,5,1,33,69
0,1,34,5,0,3,4,1,6,0,1,1,2,9,1,34,70
0,0,40,0,7,3,5,1,6,0,1,1,2,6,1,34,71
1,0,57,0,1,0,2,1,6,0,1,3,0,11,1,35,72
6,0,53,3,1,0,2,1,8,0,1,1,2,34,1,35,73
0,1,59,0,1,0,2,1,6,0,1,3,0,5,2,35,74
6,0,53,3,1,0,2,1,8,0,1,1,2,35,1,35,75
2,1,12,5,6,0,2,2,2,4,3,0,0,0,0,36,76
0,0,40,0,0,0,2,1,6,0,1,1,1,14,1,36,77
1,1,42,0,6,0,2,1,6,0,1,1,2,13,1,36,78
7,0,22,5,0,0,2,1,6,0,1,3,2,10,1,37,79
0,1,54,0,0,0,2,1,10,0,1,3,2,20,2,38,80
1,0,53,0,0,0,2,1,7,0,1,1,2,30,1,38,81
0,1,40,3,0,0,2,1,9,0,1,1,2,20,1,39,82
2,0,35,5,0,0,2,1,6,0,1,1,2,6,1,39,83
0,0,36,5,0,0,2,1,6,0,1,1,2,7,1,39,84
7,0,24,5,0,0,2,1,2,0,1,3,0,0,1,39,85
2,1,2,5,0,0,0,0,0,0,0,0,0,0,0,39,86
0,0,53,5,0,0,2,1,10,0,1,1,2,4,1,40,87
1,1,47,0,8,0,2,1,6,0,1,1,2,13,1,41,88
7,0,36,5,7,0,2,1,6,0,1,1,2,12,1,41,89
0,1,50,0,7,0,2,1,9,0,1,3,2,6,2,41,90
0,0,66,0,7,2,3,1,6,0,1,1,2,14,1,42,91
1,1,63,0,7,2,4,1,6,0,1,3,2,12,1,42,92
7,1,21,5,0,0,2,2,6,6,3,3,2,2,1,43,93
5,1,15,5,1,0,2,2,3,5,2,0,0,0,0,44,94
2,1,23,1,1,0,2,1,6,0,1,1,2,8,1,44,95
2,0,9,5,0,0,2,2,0,3,2,0,0,0,0,44,96
5,0,0,5,1,0,0,0,0,0,0,0,0,0,0,44,97
0,1,57,4,1,0,2,1,10,0,1,1,2,19,1,44,98
2,0,23,5,1,0,2,1,5,0,1,1,2,6,1,44,99
0,0,31,5,0,0,2,1,9,0,1,1,2,49,1,45,100
2,1,11,5,6,0,3,2,2,4,2,0,0,0,0,46,101
0,0,39,5,6,3,4,1,6,0,1,1,2,7,1,46,102
1,0,40,0,6,3,5,1,6,0,1,1,2,5,1,46,103
2,1,11,5,6,0,3,2,2,4,2,0,0,0,0,46,104
5,0,14,5,0,0,2,2,3,5,2,0,0,0,0,47,105
0,0,49,3,0,0,2,1,6,0,1,1,2,25,1,47,106
0,1,47,3,0,0,2,1,3,0,1,1,2,12,1,47,107
5,1,2,5,0,0,0,0,0,0,0,0,0,0,0,47,108
7,1,36,5,0,2,3,1,1,0,1,1,2,11,1,47,109
0,0,30,0,0,0,2,1,9,0,1,1,2,70,1,48,110
1,1,30,0,0,0,2,1,9,0,1,1,2,42,1,48,111
0,1,30,3,7,0,2,2,8,6,2,1,2,12,1,49,112
2,1,3,5,7,0,0,0,0,0,1,0,2,0,0,49,113
2,1,13,5,0,0,3,2,2,4,2,0,0,0,0,50,114
2,0,29,0,0,3,3,1,6,6,2,1,2,5,2,50,115
0,0,47,0,0,2,4,1,2,5,1,3,2,21,2,50,116
1,1,41,0,0,3,3,1,6,0,1,3,2,12,2,50,117
2,1,13,5,0,0,3,2,2,4,2,0,0,0,0,50,118
1,1,52,0,0,2,2,1,7,0,1,3,2,17,1,51,119
0,0,51,0,0,0,2,1,7,0,1,1,1,43,1,51,120
1,1,62,0,0,0,2,1,6,0,1,1,2,2,1,52,121
0,0,63,0,0,0,2,1,6,0,1,1,2,25,1,52,122
2,1,39,5,0,0,2,1,6,0,1,1,2,20,1,53,123
1,0,50,0,0,0,2,1,7,0,1,3,2,14,1,53,124
2,1,28,5,0,0,2,2,6,6,2,1,2,3,1,53,125
1,1,52,0,0,0,3,2,7,6,2,3,2,7,1,54,126
0,0,54,0,0,2,2,1,0,0,1,2,2,7,1,54,127
2,1,1,5,6,0,0,0,0,0,0,0,0,0,0,55,128
1,1,41,0,6,3,5,1,2,0,1,3,2,0,1,55,129
0,0,45,0,6,3,5,1,2,0,1,3,2,9,1,55,130
1,1,39,5,6,3,4,1,2,0,1,3,2,0,1,55,131
2,0,22,5,1,0,2,1,6,0,1,2,2,0,1,56,132
2,0,12,5,8,0,2,2,2,4,3,0,0,0,0,56,133
1,1,50,0,1,0,2,1,6,0,1,1,2,15,1,56,134
2,1,21,5,1,0,2,1,6,0,1,1,2,13,2,56,135
2,1,21,5,1,0,2,1,6,0,1,1,2,12,2,56,136
0,1,41,5,0,0,2,1,9,0,1,3,2,33,1,57,137
0,1,77,4,0,0,2,1,7,0,1,3,0,41,1,58,138
2,0,9,5,1,0,2,2,1,4,2,0,0,0,0,59,139
2,1,2,5,1,0,0,0,0,0,0,0,0,0,0,59,140
2,0,7,5,1,0,2,2,1,3,2,0,0,0,0,59,141
0,1,28,2,1,0,2,2,6,6,2,3,2,10,1,59,142
2,1,51,5,5,0,3,2,6,6,2,2,2,4,1,60,143
0,1,50,3,0,0,2,1,8,0,1,1,2,13,1,61,144
0,0,28,5,7,0,2,1,9,0,1,1,2,35,2,62,145
0,1,85,4,0,0,2,1,6,0,1,3,0,20,2,63,146
1,0,41,0,7,2,1,1,1,0,1,3,1,3,1,64,147
2,0,4,5,6,0,0,2,1,1,2,0,0,0,0,64,148
0,1,35,0,6,3,3,1,0,0,1,3,2,7,2,64,149
7,1,37,5,0,3,3,1,6,0,1,1,2,12,1,65,150
0,0,55,3,0,0,2,1,8,0,1,3,2,13,1,65,151
7,0,29,5,0,0,3,1,7,0,1,1,2,27,1,65,152
0,0,41,0,5,2,3,1,10,0,1,1,2,25,1,66,153
2,1,6,5,5,0,2,2,1,3,2,0,0,0,0,66,154
1,1,39,0,5,2,3,2,7,7,3,1,2,17,1,66,155
2,1,2,5,5,0,0,0,0,0,0,0,0,0,0,66,156
2,1,2,5,5,0,0,0,0,0,0,0,0,0,0,66,157
2,1,22,5,1,0,2,1,6,0,1,3,2,6,1,67,158
2,1,1,5,1,0,0,0,0,0,0,0,0,0,0,67,159
2,1,22,5,1,0,2,1,0,0,1,1,2,6,1,67,160
7,0,28,5,0,0,2,1,9,0,1,1,2,16,1,68,161
7,0,23,5,0,0,2,1,7,0,1,1,2,6,1,68,162
0,0,37,5,0,0,2,1,9,0,1,1,2,7,1,68,163
1,1,40,0,0,3,5,1,3,0,1,1,2,3,1,69,164
2,1,19,5,0,0,3,2,6,6,2,2,0,0,1,69,165
2,1,25,1,0,0,3,1,5,0,1,3,0,0,1,69,166
2,1,25,1,0,0,3,1,5,0,1,3,0,0,1,69,167
2,1,18,5,0,0,3,2,6,5,2,2,0,0,1,69,168
5,0,6,5,0,0,3,1,1,3,2,0,0,0,0,69,169
1,1,50,0,0,3,1,1,2,0,1,1,2,6,1,69,170
2,0,30,1,0,3,5,1,4,0,1,1,1,1,1,69,171
1,1,50,0,0,3,1,1,2,0,1,1,0,6,1,69,172
7,1,47,5,0,0,2,1,4,0,1,1,2,19,1,70,173
2,1,9,5,0,0,2,2,1,3,2,0,0,0,0,70,174
7,0,43,5,2,0,2,2,0,0,1,3,0,1,2,71,175
2,1,6,5,0,0,3,2,0,2,3,0,0,0,0,72,176
0,0,43,0,0,3,3,1,9,0,1,1,2,61,1,72,177
2,1,6,5,0,0,3,1,0,2,3,0,0,0,0,72,178
2,0,3,5,0,0,0,0,0,1,3,0,0,0,0,72,179
2,1,1,5,6,0,0,0,0,0,0,0,0,0,0,73,180
0,0,37,0,6,2,3,1,6,0,1,1,2,21,1,73,181
2,0,6,5,0,0,4,2,1,2,2,0,0,0,0,73,182
0,1,32,5,6,0,3,1,6,0,1,3,2,4,1,73,183
2,0,8,5,0,0,3,2,1,3,3,0,0,0,0,73,184
7,0,47,5,0,0,2,1,6,0,1,3,2,1,1,74,185
2,1,18,5,0,0,4,2,4,5,3,3,0,0,1,75,186
1,1,53,0,0,0,2,1,6,0,1,3,2,8,1,75,187
0,0,50,0,0,0,2,1,6,0,1,1,2,8,1,75,188
2,1,14,5,0,0,2,2,2,5,2,0,0,0,0,76,189
2,1,9,5,0,0,2,2,1,3,2,0,0,0,0,76,190
2,0,4,5,0,0,0,1,0,0,1,0,0,0,0,76,191
2,0,14,5,0,0,2,2,2,5,2,0,0,0,0,76,192
0,0,44,0,0,0,2,1,8,0,1,1,2,28,1,76,193
1,1,40,0,0,3,2,1,1,0,1,3,0,0,1,76,194
2,1,8,5,7,0,2,2,1,3,2,0,0,0,0,77,195
2,1,11,5,7,0,2,2,2,4,2,0,0,0,0,77,196
2,0,1,5,8,0,0,0,0,0,0,0,0,0,0,77,197
7,0,33,5,7,2,3,1,9,0,1,1,2,12,1,77,198
1,1,32,0,7,0,2,1,6,0,1,3,2,3,1,77,199
2,0,5,5,6,0,0,2,2,1,2,0,0,0,0,78,200
1,1,37,0,6,0,5,1,2,0,1,1,2,7,2,78,201
2,0,11,5,6,0,2,2,2,4,2,0,0,0,0,78,202
0,0,41,0,6,2,5,1,2,0,1,1,2,8,1,78,203
0,1,38,0,0,0,2,1,6,0,1,3,2,0,1,79,204
2,1,12,5,0,0,3,2,2,4,2,0,0,0,0,79,205
1,0,37,0,0,0,3,1,5,0,1,1,2,51,1,79,206
1,1,37,0,0,3,5,1,2,0,1,3,0,0,2,80,207
2,1,3,5,0,0,0,1,0,0,1,0,0,0,0,80,208
2,0,11,5,0,0,3,2,2,4,2,0,0,0,0,80,209
2,1,3,5,0,0,0,2,0,1,2,0,0,0,0,80,210
0,0,37,0,0,3,4,1,2,0,1,3,0,0,2,80,211
0,1,39,0,5,2,3,1,9,0,1,2,2,3,1,81,212
2,0,13,5,7,0,3,2,2,4,2,0,0,0,0,81,213
1,0,40,0,5,2,3,1,10,0,1,1,2,99,1,81,214
0,1,68,4,0,0,4,1,6,0,1,3,0,13,1,82,215
0,0,65,3,0,0,3,1,6,0,1,1,2,13,2,83,216
7,1,80,4,0,0,3,1,6,0,1,3,0,6,2,84,217
0,0,62,0,0,0,2,1,4,0,1,3,2,13,1,85,218
1,1,61,0,0,0,2,1,6,0,1,1,2,8,2,85,219
0,0,30,5,0,0,2,1,6,0,1,1,2,8,2,86,220
7,1,20,5,0,0,2,2,7,6,2,1,2,3,1,87,221
2,1,11,5,1,0,2,2,2,4,2,0,0,0,0,88,222
0,1,40,2,1,0,2,2,7,6,3,1,2,15,1,88,223
2,0,14,5,1,0,2,2,4,4,2,0,0,0,0,88,224
1,1,38,0,0,0,2,1,8,0,1,1,2,20,1,89,225
2,1,4,5,0,0,0,2,1,1,3,0,0,0,0,89,226
0,0,38,0,0,0,2,1,9,0,1,1,2,44,1,89,227
2,1,2,5,0,0,0,0,0,0,0,0,0,0,0,89,228
2,1,3,5,0,0,0,1,0,0,1,0,0,0,0,90,229
0,1,50,0,0,2,5,1,2,0,1,1,2,5,2,90,230
2,0,21,5,0,3,3,1,6,0,1,3,2,10,1,90,231
2,0,22,5,0,3,3,1,6,0,1,1,2,10,1,90,232
2,1,14,5,0,0,3,2,3,5,2,0,0,0,0,90,233
2,1,12,5,0,0,3,2,2,4,2,0,0,0,0,90,234
0,0,44,0,0,0,2,1,7,0,1,1,2,20,1,91,235
1,1,34,0,0,0,2,2,7,6,2,1,2,10,1,91,236
0,1,57,3,0,0,2,1,8,0,1,1,2,21,2,92,237
2,1,16,5,7,0,2,2,5,5,2,3,2,3,1,93,238
2,1,11,5,0,1,2,2,2,4,2,0,0,0,0,93,239
0,1,41,0,0,0,2,1,5,0,1,1,2,17,1,93,240
1,0,46,0,0,0,2,1,6,0,1,1,2,20,1,93,241
2,1,15,5,0,0,2,2,3,5,2,0,0,0,0,93,242
2,0,15,5,0,0,2,2,3,5,2,0,0,0,0,93,243
0,0,44,0,0,0,2,1,4,0,1,1,2,9,1,93,244
5,1,9,5,1,0,2,2,0,4,2,0,0,0,0,94,245
5,0,3,5,0,0,0,2,0,1,2,0,0,0,0,94,246
7,1,28,1,1,0,2,1,6,0,1,3,0,2,1,94,247
3,0,40,0,0,3,5,1,6,0,1,3,0,1,2,94,248
7,0,24,5,0,0,2,1,3,0,1,3,0,0,1,94,249
5,1,2,5,1,0,0,1,0,0,1,0,0,0,0,94,250
0,1,52,4,1,0,2,1,6,0,1,3,0,5,1,94,251
2,0,23,5,1,0,5,2,6,0,2,3,2,2,1,94,252
1,1,48,0,0,0,2,1,8,0,1,1,2,13,1,95,253
2,0,14,5,0,0,2,2,2,4,3,3,0,0,0,95,254
0,0,46,0,0,0,2,1,7,0,1,1,2,38,1,95,255
0,0,41,0,0,0,2,1,6,0,1,1,2,18,1,96,256
1,1,38,0,0,0,2,1,6,0,1,1,2,6,1,96,257
2,0,14,5,0,0,2,2,2,5,2,0,0,0,0,96,258
0,0,41,0,7,2,3,1,6,0,1,1,2,15,1,96,259
0,0,37,0,6,2,4,1,5,0,1,1,2,8,1,97,260
2,1,9,5,6,0,3,2,1,3,2,0,0,0,0,97,261
2,1,1,5,6,0,0,0,0,0,1,0,0,0,0,97,262
2,1,11,5,6,0,3,2,2,4,2,0,0,0,0,97,263
1,0,49,0,0,0,2,1,10,0,1,3,2,31,1,98,264
0,1,47,0,0,0,3,1,9,0,1,1,2,36,1,98,265
2,0,12,5,0,0,2,2,2,4,3,0,0,0,0,98,266
2,0,10,5,0,0,2,2,1,4,2,0,0,0,0,99,267
0,1,44,0,0,0,2,1,7,0,1,1,2,12,1,99,268
2,1,45,0,0,0,2,1,6,0,1,1,1,13,1,99,269
1,1,46,0,0,0,2,1,9,0,1,1,2,26,1,100,270
2,1,18,5,7,0,2,2,7,6,3,3,2,0,1,100,271
2,0,23,5,7,0,2,2,6,6,2,3,0,0,1,100,272
2,0,24,5,7,0,2,2,6,6,2,1,1,0,1,100,273
1,1,30,0,1,0,2,1,8,0,1,1,2,6,1,101,274
7,1,24,5,1,0,2,1,6,6,2,1,2,3,1,101,275
0,1,64,4,0,0,3,1,6,0,1,1,2,29,1,102,276
0,0,60,0,0,0,2,1,7,0,1,1,2,10,2,103,277
1,1,57,0,0,0,2,1,6,0,1,1,2,13,1,103,278
0,1,24,0,0,3,5,1,3,0,1,1,2,12,2,104,279
1,1,26,0,0,3,5,1,3,0,1,1,2,11,2,104,280
2,0,2,5,0,0,0,0,0,0,0,0,0,0,0,104,281
0,1,76,4,0,0,2,1,7,0,1,3,1,27,1,105,282
0,1,34,3,1,0,2,1,7,0,1,3,2,13,1,106,283
2,0,7,5,1,0,2,2,1,3,2,0,0,0,0,106,284
2,1,1,5,1,0,0,0,0,0,0,0,0,0,0,106,285
1,1,52,0,7,2,4,1,6,0,1,1,2,6,1,107,286
0,0,52,0,3,1,4,1,6,0,1,1,2,23,1,107,287
0,1,80,0,2,0,4,1,6,0,1,3,0,2,1,108,288
1,0,85,0,2,0,3,1,0,0,1,3,1,6,1,108,289
0,1,31,5,6,0,3,1,10,0,1,1,2,22,1,109,290
2,1,23,5,6,2,4,1,3,0,1,3,0,0,1,110,291
0,1,38,3,6,3,5,1,3,0,1,1,2,7,1,110,292
5,0,7,5,6,0,2,2,1,3,2,0,0,0,0,110,293
2,0,5,5,6,0,3,2,1,2,2,0,0,0,0,110,294
2,1,25,4,6,3,3,1,6,0,1,1,2,6,1,110,295
2,1,42,5,0,0,2,2,6,6,2,1,2,8,1,111,296
0,0,50,0,0,0,2,1,7,0,1,1,2,16,1,111,297
0,0,53,0,0,0,3,1,6,0,1,3,2,32,1,112,298
1,1,47,0,0,0,3,2,7,6,2,3,0,0,1,112,299
0,0,29,0,6,3,3,1,6,0,1,1,2,6,1,113,300
1,1,50,0,7,3,4,1,6,0,1,1,2,10,1,113,301
0,1,37,1,6,3,5,1,6,0,1,1,2,13,1,114,302
2,1,12,5,6,0,3,2,3,5,2,0,0,0,0,114,303
2,1,14,5,6,0,3,2,0,5,2,0,0,0,0,114,304
0,0,23,5,7,0,2,1,6,0,1,1,2,6,1,115,305
7,0,20,5,7,0,2,2,6,6,2,1,2,3,1,115,306
0,0,85,4,0,0,2,1,6,0,1,3,0,15,1,116,307
0,0,52,0,0,0,2,1,7,0,1,1,2,17,1,117,308
1,1,49,0,0,0,3,2,6,6,2,3,2,6,1,117,309
1,1,33,5,6,3,5,2,6,5,2,3,0,3,1,118,310
0,0,32,5,6,0,5,1,3,0,1,1,2,7,1,118,311
2,1,12,5,6,0,3,2,2,4,2,0,0,0,0,118,312
2,1,11,5,6,0,3,2,2,4,2,0,0,0,0,118,313
1,1,54,0,0,0,3,1,6,0,1,1,2,10,1,119,314
0,0,60,0,0,0,2,1,6,0,1,1,2,36,1,119,315
2,0,4,5,5,3,0,1,0,0,1,0,0,0,0,120,316
2,1,6,5,5,3,3,2,1,3,2,0,0,0,0,120,317
2,0,3,5,5,3,0,1,0,0,0,0,0,0,0,120,318
1,1,29,0,5,2,4,1,6,0,1,3,0,0,1,120,319
1,1,57,0,0,0,2,1,8,0,1,3,0,3,2,121,320
0,0,60,0,0,0,3,1,6,0,1,3,2,5,1,121,321
7,1,37,5,1,0,2,1,6,0,1,3,2,6,1,122,322
7,1,44,0,1,0,2,1,6,0,1,1,2,7,1,122,323
6,0,53,5,1,0,2,1,8,0,1,1,2,35,1,122,324
1,0,58,0,1,0,2,1,6,0,1,3,0,12,2,122,325
2,0,11,5,6,0,3,2,1,4,2,0,0,0,0,123,326
2,1,9,5,6,0,3,2,1,3,2,0,0,0,0,123,327
1,1,37,0,6,3,5,1,6,0,1,1,2,2,1,123,328
0,0,44,0,0,2,4,1,2,0,1,1,2,9,1,123,329
4,0,37,3,0,0,2,1,7,0,1,1,2,23,1,124,330
0,0,33,2,0,2,4,1,6,0,1,1,2,19,1,124,331
1,1,27,0,0,0,2,2,7,5,2,3,2,3,2,124,332
2,1,1,5,0,0,0,0,0,0,0,0,0,0,0,124,333
0,0,58,0,0,0,2,1,6,0,1,3,1,1,1,125,334
1,1,55,0,0,0,2,1,9,0,1,3,2,0,2,125,335
0,1,74,0,0,0,2,1,6,0,1,3,2,5,1,126,336
1,1,69,0,0,0,2,1,6,0,1,3,0,10,1,126,337
0,1,29,5,0,0,2,1,9,0,1,1,2,13,1,127,338
1,1,41,0,3,3,0,1,8,0,1,1,2,13,2,128,339
1,1,53,0,3,0,5,1,6,0,1,3,2,0,1,128,340
0,1,52,2,0,3,1,1,2,0,1,1,2,4,1,129,341
1,1,37,0,0,0,2,1,6,0,1,1,2,5,1,130,342
2,0,12,5,0,0,2,2,2,4,2,0,0,0,0,130,343
2,0,21,5,0,0,2,1,6,0,1,1,2,7,1,130,344
2,0,12,5,0,0,2,2,2,4,2,0,0,0,0,130,345
2,1,18,5,0,0,2,2,4,6,2,1,2,0,1,130,346
0,1,46,3,0,0,2,1,9,0,1,1,2,26,1,131,347
1,1,54,0,0,0,2,1,7,0,1,1,2,28,1,132,348
0,1,52,0,0,0,2,1,7,0,1,1,2,31,2,132,349
2,0,4,5,6,0,0,2,1,1,2,0,0,0,0,133,350
0,0,36,0,6,0,2,1,9,0,1,1,2,27,1,133,351
1,1,36,0,0,0,2,1,6,0,1,3,2,4,1,133,352
2,1,4,5,7,0,0,2,0,1,2,0,0,0,0,133,353
0,0,69,0,0,0,2,1,9,0,1,3,0,49,1,134,354
1,1,74,0,0,0,2,1,6,0,1,3,0,2,1,134,355
0,0,49,5,0,0,2,1,7,0,1,3,2,15,1,135,356
0,0,31,5,5,0,2,1,9,0,1,2,2,25,2,136,357
0,0,51,0,6,2,3,1,2,0,1,1,0,5,1,137,358
2,0,20,5,6,0,3,2,6,6,2,1,2,5,1,137,359
0,0,52,0,6,2,5,1,2,0,1,1,1,5,1,137,360
2,0,25,5,6,0,3,1,8,0,1,1,2,8,1,137,361
2,1,15,5,6,0,3,2,4,5,2,3,0,0,1,138,362
0,1,46,2,6,2,4,1,2,0,1,1,2,3,1,138,363
0,1,61,4,0,2,4,1,6,0,1,3,0,10,1,139,364
7,1,16,1,6,3,3,2,5,5,2,1,2,0,1,140,365
4,0,20,5,6,0,3,1,5,0,1,1,2,8,1,140,366
7,0,33,5,6,3,4,1,6,0,1,1,2,9,1,140,367
2,1,18,5,6,2,3,2,3,5,2,3,0,0,1,140,368
6,0,16,5,6,0,3,2,3,5,2,3,2,7,1,140,369
2,1,16,5,6,0,3,2,5,5,2,1,2,2,1,140,370
2,0,19,1,0,0,3,1,5,0,1,1,2,8,1,140,371
0,0,46,1,6,2,5,1,6,0,1,1,2,9,1,140,372
0,0,47,1,6,2,5,1,0,0,1,3,2,9,1,140,373
7,0,33,5,6,3,4,1,6,0,1,1,2,9,1,140,374
0,0,47,0,0,0,2,1,7,0,1,1,2,21,1,141,375
1,1,38,5,0,0,2,2,7,6,2,3,0,10,1,141,376
1,1,46,0,0,0,2,1,9,0,1,1,2,24,1,142,377
2,1,2,5,0,0,0,0,0,0,0,0,0,0,0,142,378
0,0,48,0,0,0,2,1,8,0,1,1,2,20,1,142,379
0,0,33,5,0,0,2,1,7,0,1,1,2,11,1,143,380
1,1,50,0,0,0,2,1,9,0,1,1,2,21,1,144,381
0,0,53,0,0,0,2,1,10,0,1,1,2,39,1,144,382
0,0,68,0,0,0,2,1,4,0,1,3,0,3,1,145,383
1,1,51,0,0,0,2,1,6,0,1,1,2,35,1,145,384
0,0,62,4,0,0,2,1,6,0,1,3,0,10,1,146,385
0,0,48,5,0,0,2,1,6,0,1,1,1,30,2,147,386
0,1,66,4,0,0,2,1,6,0,1,3,2,20,1,148,387
7,0,20,1,0,0,5,1,6,0,1,2,2,12,2,149,388
0,1,62,4,0,2,5,1,6,0,1,1,2,16,1,150,389
7,0,28,3,7,0,2,1,6,0,1,3,2,12,1,151,390
0,1,80,4,1,0,2,1,0,0,1,3,0,1,2,152,391
0,1,35,5,0,0,2,1,9,0,1,3,2,2,1,153,392
2,1,28,0,0,0,2,1,9,0,1,1,0,4,1,153,393
0,0,38,0,0,0,2,1,7,0,1,2,2,10,1,153,394
7,1,59,1,0,2,2,1,10,0,1,2,2,4,2,154,395
2,1,11,5,6,0,3,2,2,4,2,0,0,0,0,155,396
2,0,2,5,6,0,0,0,0,0,0,0,0,0,0,155,397
0,1,31,0,6,0,3,1,2,0,1,3,0,0,2,155,398
0,1,37,0,6,3,5,1,2,0,1,1,2,6,1,155,399
0,1,37,0,6,3,5,1,2,0,1,1,2,5,1,155,400
2,0,21,5,6,0,3,1,5,0,1,1,2,3,1,155,401
2,1,11,5,6,0,3,2,2,4,2,0,0,0,0,155,402
7,0,47,5,0,0,2,1,6,0,1,3,2,1,2,156,403
2,0,22,5,1,0,2,2,6,0,2,3,2,3,1,157,404
0,0,23,5,1,0,2,2,7,6,2,3,2,5,1,157,405
0,0,28,0,5,3,3,1,8,0,1,1,2,7,1,158,406
1,1,28,0,5,3,3,1,9,0,1,1,2,25,1,158,407
0,1,77,4,0,0,2,1,5,0,1,3,0,3,1,159,408
1,1,85,0,1,0,2,1,1,0,1,3,0,4,2,160,409
0,0,85,0,1,0,2,1,1,0,1,3,0,7,2,160,410
0,1,57,3,0,0,2,1,8,0,1,3,0,4,2,161,411
0,1,42,3,0,0,2,1,9,0,1,1,2,16,1,162,412
3,1,71,3,0,0,2,1,6,0,1,3,0,10,1,162,413
0,0,38,0,7,0,2,1,6,0,1,1,2,13,1,163,414
1,1,42,0,3,2,4,1,2,0,1,1,2,5,1,163,415
2,0,9,5,8,0,2,2,1,3,2,0,0,0,0,163,416
0,0,44,0,5,2,4,1,7,0,1,1,2,17,1,164,417
1,1,47,0,5,2,4,1,8,0,1,1,2,16,1,164,418
7,1,49,0,0,3,4,1,9,0,1,3,0,0,1,164,419
4,0,29,1,5,0,4,1,6,0,1,1,2,19,1,164,420
7,1,67,4,0,0,2,1,6,0,1,3,0,9,1,165,421
0,0,67,3,0,0,2,1,3,0,1,3,0,10,1,165,422
7,1,30,0,0,2,4,1,7,6,1,1,2,0,1,166,423
1,1,33,0,0,0,5,1,6,0,1,1,2,13,1,166,424
2,0,7,5,0,0,2,2,1,3,2,0,0,0,0,166,425
2,0,2,5,7,0,0,0,0,0,0,0,0,0,0,166,426
1,1,61,0,0,0,2,1,9,0,1,1,1,6,1,167,427
0,0,60,0,0,0,2,1,7,0,1,1,1,14,1,167,428
0,0,51,0,0,0,2,1,10,0,1,1,2,99,1,168,429
0,0,51,0,0,0,2,1,10,0,1,1,2,99,1,168,430
2,1,24,4,0,0,2,2,7,5,2,3,1,0,1,168,431
2,1,18,5,0,0,2,2,5,5,2,3,0,1,1,168,432
0,1,83,4,0,0,4,1,2,0,1,3,0,14,1,169,433
0,0,80,0,4,3,5,1,9,0,1,3,1,5,1,170,434
1,1,75,0,4,3,1,1,6,0,1,3,0,0,1,170,435
6,0,63,4,0,0,2,1,7,0,1,3,1,4,1,171,436
1,1,41,0,0,0,2,2,7,6,2,1,2,17,1,171,437
0,0,43,0,0,0,2,2,7,6,2,1,1,7,1,171,438
2,1,33,5,6,0,3,1,6,0,1,1,1,4,1,171,439
2,0,22,5,0,0,3,1,6,0,1,1,2,4,1,171,440
0,1,82,4,0,2,3,1,7,0,1,3,0,18,1,172,441
7,1,30,5,6,3,5,1,3,0,1,1,2,7,1,173,442
6,0,6,5,6,0,2,2,1,3,2,0,0,0,0,173,443
0,1,31,5,6,3,5,2,6,6,2,1,2,6,1,173,444
0,0,32,1,6,3,4,1,2,0,1,1,2,7,1,173,445
1,0,44,0,0,3,3,1,6,0,1,1,2,7,1,174,446
2,0,11,5,0,0,3,2,2,4,2,0,0,0,0,174,447
2,1,8,5,0,0,3,2,1,3,2,0,0,0,0,174,448
2,1,3,5,0,0,0,1,0,0,1,0,0,0,0,174,449
0,0,47,0,0,2,5,1,2,0,1,1,2,7,2,174,450
2,0,19,5,0,3,3,1,6,0,1,0,0,10,0,174,451
2,1,0,5,0,0,0,0,0,0,0,0,0,0,0,175,452
1,1,21,0,0,0,2,1,6,0,1,3,2,11,1,175,453
0,0,24,0,0,0,2,2,7,6,2,1,2,15,1,175,454
1,1,50,0,5,3,4,1,9,0,1,3,2,0,1,176,455
2,1,22,5,5,0,2,1,8,0,1,1,2,0,1,176,456
0,0,54,0,5,3,4,1,9,0,1,1,1,15,1,176,457
4,0,26,5,5,3,4,1,8,0,1,1,2,4,1,176,458
0,1,50,0,0,0,2,1,6,0,1,1,2,65,1,177,459
1,1,44,0,0,0,2,1,9,0,1,1,2,66,1,177,460
0,0,52,0,7,0,2,1,10,0,1,1,2,27,1,178,461
2,1,30,5,7,0,2,1,6,0,1,2,2,5,1,178,462
1,1,50,0,5,2,5,1,2,0,1,3,2,7,1,178,463
0,0,47,5,0,0,2,1,6,0,1,2,2,6,1,179,464
1,1,35,0,6,0,2,1,6,0,1,1,2,15,1,180,465
0,0,50,0,0,0,2,1,8,0,1,1,2,26,1,180,466
1,0,69,0,8,0,2,1,9,0,1,3,2,26,1,181,467
0,1,73,0,0,0,2,1,10,0,1,3,0,25,1,181,468
2,0,19,5,0,0,2,2,7,6,2,1,2,0,1,182,469
0,0,48,0,0,3,2,1,10,0,1,1,1,15,1,182,470
2,0,18,5,0,0,2,2,7,6,2,1,2,0,1,182,471
2,0,12,5,0,0,2,2,2,4,2,0,0,0,0,182,472
1,1,46,0,0,3,2,1,9,0,1,1,1,6,1,182,473
0,0,57,0,0,0,2,1,10,0,1,1,2,39,1,183,474
1,1,43,0,0,0,2,1,9,0,1,1,2,14,1,183,475
2,1,8,5,0,0,2,2,1,4,3,0,0,0,0,184,476
0,0,41,3,0,0,2,1,8,0,1,1,2,54,1,184,477
2,1,42,0,0,2,3,1,8,0,1,1,2,12,1,185,478
0,1,46,0,0,2,2,1,6,0,1,3,1,8,1,185,479
2,1,12,5,0,0,3,2,2,4,2,0,0,0,0,185,480
0,1,66,4,0,0,2,1,6,0,1,3,0,11,1,186,481
0,0,53,0,0,0,2,1,0,0,1,3,2,4,2,187,482
1,0,57,0,0,0,2,1,6,0,1,1,2,16,2,187,483
0,0,40,0,5,2,4,1,0,0,1,1,1,6,1,188,484
2,1,18,5,5,0,3,2,6,5,2,1,2,0,1,188,485
2,1,17,5,5,0,3,2,4,5,2,3,0,0,1,188,486
2,1,11,5,5,0,4,2,2,4,2,0,0,0,0,188,487
2,1,5,5,5,0,4,2,0,2,2,0,0,0,0,188,488
0,1,71,4,0,0,2,1,4,0,1,3,0,6,1,189,489
0,0,63,4,0,0,2,1,8,0,1,3,0,16,1,189,490
7,1,25,2,2,0,3,2,8,6,2,1,2,15,1,190,491
7,0,54,5,2,0,2,1,1,0,1,1,2,11,1,190,492
7,1,9,5,2,2,3,2,1,5,2,0,0,0,0,190,493
7,0,54,5,2,0,2,1,1,0,1,1,2,12,1,190,494
0,0,44,1,0,0,2,1,9,0,1,1,2,34,1,191,495
0,1,64,4,0,0,2,1,5,0,1,3,0,5,1,192,496
2,0,41,5,0,0,2,1,6,0,1,1,2,10,1,192,497
2,0,32,3,0,0,2,1,6,0,1,1,2,8,1,192,498
4,1,51,4,0,0,2,1,8,0,1,0,2,4,2,193,499
0,1,46,3,0,0,2,2,8,6,2,3,0,6,2,193,500
0,1,45,5,0,0,2,1,9,0,1,2,1,7,1,194,501
0,0,41,5,6,3,1,1,1,0,1,3,2,0,1,194,502
7,1,37,5,6,3,5,1,7,0,1,1,1,3,1,194,503
7,0,22,5,0,0,2,1,6,0,1,1,2,16,1,195,504
0,0,50,3,6,0,3,1,1,0,1,3,0,5,1,196,505
0,0,43,5,0,0,2,1,9,0,1,1,2,14,1,197,506
0,1,49,5,0,0,2,1,6,0,1,3,1,17,1,198,507
2,0,4,5,1,0,2,2,0,1,2,0,0,0,0,199,508
0,1,40,3,0,0,2,1,7,0,1,1,2,15,1,199,509
2,0,9,5,0,0,3,2,1,3,2,0,0,0,0,200,510
1,1,39,0,0,3,3,1,5,0,1,3,2,13,2,200,511
2,0,9,5,0,0,3,2,1,3,2,0,0,0,0,200,512
0,0,46,0,0,2,2,1,2,0,1,3,2,18,2,200,513
2,1,12,5,0,0,3,2,2,4,2,0,0,0,0,200,514
2,0,12,5,6,0,4,2,2,4,2,0,0,0,0,201,515
0,1,31,0,6,3,1,1,0,0,1,3,2,8,1,201,516
2,0,6,5,6,3,5,2,1,3,2,0,0,0,0,201,517
2,0,6,5,6,0,5,2,1,3,2,0,0,0,0,201,518
2,0,12,5,6,0,4,2,2,4,2,0,0,0,0,201,519
0,0,53,0,3,3,4,2,6,5,2,1,2,5,1,202,520
1,1,30,0,5,3,4,2,9,7,2,1,2,4,1,202,521
2,1,14,5,0,0,2,2,3,5,2,0,0,0,0,203,522
0,0,50,0,0,0,2,2,7,6,2,2,2,34,1,203,523
0,0,51,0,0,0,2,2,6,6,2,2,2,37,1,203,524
1,1,41,0,0,0,2,1,9,0,1,1,2,19,1,203,525
7,0,19,5,0,3,3,2,7,6,2,1,1,1,1,204,526
7,0,21,5,0,0,2,2,7,6,2,3,2,1,2,204,527
7,0,20,5,0,0,2,2,7,6,2,3,2,1,1,204,528
7,0,19,5,0,0,2,2,7,6,2,3,2,0,1,204,529
7,1,31,5,0,0,2,1,8,0,1,1,1,16,1,205,530
0,0,29,5,7,0,2,1,6,0,1,1,1,23,1,205,531
0,1,49,0,7,2,3,1,8,0,1,3,2,20,1,206,532
1,1,49,0,0,2,3,1,10,0,1,1,2,61,2,206,533
2,0,9,5,0,0,2,2,1,3,2,0,0,0,0,207,534
2,0,5,5,0,0,0,2,1,2,2,0,0,0,0,207,535
2,1,9,5,0,0,2,2,1,3,2,0,0,0,0,207,536
0,0,31,0,0,0,2,1,5,0,1,1,2,10,1,207,537
0,0,50,3,1,0,2,1,6,0,1,3,2,4,1,208,538
0,0,35,1,0,0,2,1,9,0,1,1,2,26,1,209,539
6,0,12,5,0,0,2,2,2,4,2,0,0,0,0,209,540
2,1,2,5,0,0,0,0,0,0,0,0,0,0,0,209,541
2,0,14,5,0,0,2,2,3,5,2,0,0,0,0,209,542
2,1,21,1,0,0,2,1,7,0,1,3,2,10,1,209,543
0,1,83,4,0,0,2,1,7,0,1,3,0,19,1,210,544
2,1,1,5,0,0,0,0,0,0,0,0,0,0,0,211,545
7,1,21,5,0,2,4,1,6,0,1,1,2,0,1,211,546
0,0,28,5,0,3,5,1,6,0,1,1,1,18,2,211,547
0,1,26,5,0,0,2,1,10,0,1,1,2,26,1,212,548
0,0,62,0,5,2,5,1,9,0,1,3,1,0,1,213,549
1,1,61,0,5,2,5,1,4,0,1,1,2,6,1,213,550
0,0,59,2,0,0,2,1,10,0,1,1,2,65,1,214,551
0,1,49,3,0,0,2,1,7,0,1,1,1,15,1,215,552
0,0,37,5,7,0,2,2,8,6,2,1,2,13,1,216,553
0,1,65,3,0,0,3,1,4,0,1,3,2,1,1,217,554
0,1,67,4,0,0,2,1,6,0,1,3,0,12,1,218,555
0,0,47,1,0,0,3,1,8,0,1,1,2,23,1,219,556
0,0,66,0,0,0,2,1,7,0,1,1,0,10,1,220,557
1,1,53,0,0,0,2,1,6,0,1,3,2,18,1,220,558
0,0,53,0,0,0,2,1,7,0,1,1,2,31,1,221,559
1,1,55,0,0,0,3,1,6,0,1,1,2,10,1,221,560
0,0,78,5,0,0,2,1,6,0,1,3,0,45,1,222,561
0,0,52,0,0,0,2,1,7,0,1,1,2,17,1,223,562
1,1,32,0,0,0,2,2,9,7,1,1,2,22,1,223,563
1,1,77,0,0,0,3,1,4,0,1,3,2,71,1,224,564
0,0,75,0,0,2,4,1,2,0,1,3,0,5,1,224,565
2,0,41,5,0,0,3,1,7,0,1,1,2,8,1,224,566
0,0,76,0,0,2,4,1,2,0,1,3,0,5,1,224,567
2,0,41,5,0,0,3,1,7,0,1,1,2,8,1,224,568
1,0,58,0,0,0,2,1,9,0,1,1,2,33,1,225,569
0,0,51,0,0,0,2,1,8,0,1,1,2,28,1,225,570
2,1,22,5,5,2,3,2,7,6,2,3,0,0,1,226,571
0,0,52,0,7,0,3,1,9,0,1,1,2,35,1,226,572
2,1,19,5,5,2,3,2,7,5,2,3,0,0,1,226,573
1,1,41,0,5,2,3,1,0,0,1,3,0,0,1,226,574
2,0,21,5,5,2,3,2,7,6,2,3,0,0,1,226,575
2,0,21,5,5,2,3,2,7,6,2,3,0,0,1,226,576
0,0,41,0,0,0,2,1,7,0,1,2,2,12,1,227,577
1,1,38,0,0,0,2,1,7,0,1,1,2,16,1,227,578
0,0,49,3,0,0,2,1,7,0,1,1,1,10,1,228,579
5,1,21,5,0,0,2,2,7,5,2,1,0,3,1,229,580
0,1,37,5,0,2,2,2,7,6,2,1,2,12,1,229,581
0,1,56,3,1,0,2,1,6,0,1,1,2,17,1,230,582
7,0,58,5,1,0,2,1,7,0,1,2,0,2,2,231,583
1,1,54,0,0,0,2,1,9,0,1,3,1,13,1,232,584
0,0,52,0,0,0,2,1,9,0,1,3,1,11,1,232,585
2,1,12,5,0,0,3,2,2,4,2,0,0,0,0,232,586
4,0,23,5,0,0,2,2,7,6,2,1,2,13,1,233,587
7,0,20,5,0,0,2,1,6,0,1,1,2,5,1,233,588
7,0,20,5,0,0,2,1,6,0,1,1,2,5,1,233,589
1,0,55,0,5,2,5,1,6,0,1,1,2,11,1,234,590
0,1,50,0,5,2,3,2,8,0,2,1,2,8,1,234,591
1,1,58,0,0,0,2,1,6,0,1,1,1,32,1,235,592
0,0,62,0,0,0,2,1,6,0,1,3,2,36,1,235,593
0,0,72,0,8,0,2,1,9,0,1,3,2,21,2,236,594
1,1,70,0,7,0,2,1,9,0,1,3,2,28,1,236,595
0,0,47,0,0,0,2,1,6,0,1,1,2,20,1,237,596
0,0,40,0,7,0,2,2,4,5,1,3,2,5,1,237,597
0,0,27,0,0,0,2,1,6,0,1,2,2,1,1,238,598
2,0,36,0,0,0,5,1,2,0,1,1,2,4,1,238,599
0,0,34,0,0,0,2,1,6,0,1,2,2,2,1,238,600
1,1,50,0,5,2,4,1,7,0,1,2,2,0,1,239,601
2,0,12,5,5,0,3,2,2,4,2,0,0,0,0,239,602
1,0,45,0,0,2,4,1,9,0,1,1,2,22,1,239,603
0,0,55,0,5,2,3,1,9,0,1,3,2,13,2,239,604
0,0,39,0,6,0,2,1,8,0,1,1,2,26,1,240,605
2,0,20,5,6,0,3,2,6,6,2,3,2,2,1,240,606
2,1,15,5,6,0,2,2,3,5,2,0,0,0,0,240,607
1,1,39,0,6,2,3,1,7,0,1,1,2,17,1,240,608
2,0,1,5,6,0,0,0,0,0,0,0,0,0,0,240,609
7,1,40,0,5,2,3,2,9,0,3,3,2,5,1,241,610
2,1,12,5,5,2,2,2,2,4,2,0,0,0,0,241,611
0,0,47,0,5,3,3,1,6,0,1,1,1,13,1,241,612
3,0,71,0,5,3,1,1,0,0,1,3,0,3,1,241,613
1,1,46,0,5,2,4,1,6,0,1,3,0,0,1,241,614
0,0,64,0,0,0,2,1,6,0,1,1,2,32,1,242,615
1,1,43,0,0,0,2,1,6,0,1,1,2,12,1,242,616
5,0,33,1,0,0,2,1,6,0,1,1,2,19,1,242,617
0,1,49,0,7,2,3,1,8,0,1,3,2,18,1,243,618
1,1,53,0,7,2,3,1,8,0,1,1,2,13,1,243,619
7,1,34,3,7,0,2,1,9,0,1,1,2,33,1,244,620
0,1,37,3,0,0,2,1,7,0,1,1,2,15,1,244,621
2,0,31,2,0,0,2,2,6,6,2,2,2,2,1,245,622
1,1,72,0,0,0,2,1,6,0,1,3,0,18,1,245,623
0,0,81,0,0,0,2,1,6,0,1,3,0,15,1,245,624
0,1,53,2,6,2,5,1,2,0,1,1,2,10,1,246,625
1,1,47,0,0,0,2,1,6,0,1,1,2,15,1,247,626
2,0,2,5,0,0,0,0,0,0,0,0,0,0,0,247,627
0,1,38,0,0,0,2,1,2,0,1,3,0,0,1,247,628
7,1,28,5,0,0,2,2,9,7,3,1,2,17,1,248,629
0,1,34,5,0,0,2,1,6,0,1,2,2,8,1,248,630
2,1,18,5,6,0,3,2,6,5,2,1,2,2,1,249,631
4,0,46,3,6,3,5,1,6,0,1,3,2,0,1,249,632
0,0,43,0,6,3,4,1,2,0,1,1,2,13,1,249,633
2,0,20,5,6,2,5,2,6,5,3,3,2,2,2,249,634
4,1,23,5,6,0,4,1,6,0,1,2,2,0,1,249,635
4,1,24,5,6,0,4,1,6,0,1,2,2,0,1,249,636
1,1,29,0,5,3,4,1,8,0,1,3,2,1,1,250,637
2,1,0,5,0,0,0,0,0,0,0,0,0,0,0,250,638
0,0,26,0,0,0,2,1,5,0,1,3,2,2,1,250,639
2,1,12,5,0,0,2,2,2,4,2,0,0,0,0,251,640
0,1,39,5,0,0,2,2,7,6,2,1,2,10,1,251,641
2,0,15,5,0,0,2,2,3,5,2,0,0,0,0,251,642
0,1,35,5,0,0,2,1,7,0,1,1,2,15,1,252,643
2,1,18,5,7,0,2,2,4,5,2,3,0,0,1,253,644
2,1,18,5,0,0,2,2,6,5,2,3,0,0,1,253,645
2,0,13,5,7,0,2,2,2,4,2,0,0,0,0,253,646
0,1,37,0,0,0,2,1,8,0,1,1,2,15,1,253,647
2,0,32,5,0,0,2,1,6,0,1,1,2,14,1,254,648
0,1,62,0,0,0,2,1,6,0,1,3,0,4,1,254,649
2,0,31,5,0,0,2,1,6,0,1,1,2,15,1,254,650
2,1,12,5,5,0,3,2,2,4,2,0,0,0,0,255,651
1,1,47,0,5,2,3,1,6,0,1,1,2,19,2,255,652
0,0,51,0,5,0,3,1,7,0,1,3,2,8,1,255,653
0,1,85,4,0,0,2,1,2,0,1,3,0,2,2,256,654
2,1,11,5,0,0,2,2,2,4,2,0,0,0,0,257,655
0,1,41,3,0,0,2,1,7,0,1,1,2,28,1,257,656
2,0,7,5,0,0,2,2,1,2,3,0,0,0,0,257,657
7,0,18,1,0,0,4,1,0,0,1,3,0,0,1,258,658
2,1,0,5,0,0,0,0,0,0,0,0,0,0,0,259,659
0,1,27,0,0,0,2,1,2,0,1,3,2,1,1,259,660
1,1,28,0,5,3,4,1,8,0,1,3,2,1,1,259,661
0,0,54,0,0,2,2,1,6,0,1,1,2,24,2,260,662
1,1,47,0,5,2,3,1,6,0,1,1,2,10,1,260,663
2,1,9,5,6,0,4,2,0,4,2,0,0,0,0,261,664
0,0,41,0,6,3,3,1,2,0,1,1,2,6,1,261,665
0,0,41,0,6,3,5,1,2,0,1,3,2,7,1,261,666
2,0,22,5,6,3,2,2,6,5,2,1,2,3,2,261,667
2,0,17,5,6,3,5,2,2,5,2,3,2,0,1,261,668
4,1,24,5,6,3,1,1,2,0,1,2,0,0,1,261,669
2,0,24,5,0,0,2,2,6,4,2,1,2,3,1,262,670
2,0,17,5,0,0,2,2,5,5,2,2,2,0,1,262,671
0,0,47,0,0,0,2,1,7,0,1,1,2,32,1,262,672
2,1,36,0,0,1,2,2,6,6,2,1,2,4,1,262,673
2,0,9,5,0,0,2,2,1,3,2,0,0,0,0,262,674
2,1,6,5,5,0,2,2,1,2,2,0,0,0,0,263,675
1,1,44,0,5,2,3,2,9,6,3,1,2,22,1,263,676
0,0,44,0,5,1,3,2,9,6,2,1,2,38,1,263,677
2,0,18,5,5,0,2,2,6,6,2,3,0,0,1,263,678
1,1,63,0,1,0,2,1,9,0,1,3,2,19,1,264,679
0,0,64,0,1,0,2,1,6,0,1,3,2,16,1,264,680
7,0,20,5,0,0,2,1,6,0,1,1,2,10,1,265,681
0,0,39,3,0,0,2,2,8,6,3,1,2,31,1,266,682
4,0,22,5,6,0,2,2,6,6,2,3,2,3,1,266,683
1,0,31,5,0,0,3,1,6,0,1,1,2,14,1,267,684
2,1,2,5,0,0,0,0,0,0,0,0,0,0,0,267,685
0,0,38,0,0,0,3,1,7,0,1,1,2,21,1,267,686
0,1,72,3,0,0,1,1,0,0,1,3,0,6,1,268,687
7,1,80,5,0,0,2,1,6,0,1,3,0,5,2,269,688
0,0,69,0,1,0,2,1,7,0,1,1,2,13,1,270,689
1,1,54,0,1,0,2,1,6,0,1,1,2,26,1,270,690
2,0,6,5,6,0,5,2,2,3,2,0,0,0,0,271,691
0,1,31,0,6,3,1,1,0,0,1,3,2,8,1,271,692
2,0,12,5,6,3,4,2,2,4,2,0,0,0,0,271,693
2,1,24,5,6,3,3,1,2,0,1,1,2,5,1,271,694
2,0,12,5,6,3,4,2,2,4,2,0,0,0,0,271,695
2,0,12,5,6,3,4,2,2,4,2,0,0,0,0,272,696
0,0,31,5,6,3,1,1,7,0,1,1,2,5,1,272,697
2,1,12,5,6,3,3,2,2,4,2,0,0,0,0,272,698
2,1,32,5,6,3,5,1,2,0,1,1,2,5,1,272,699
0,1,30,4,1,0,2,2,6,0,1,1,0,4,1,273,700
1,1,28,0,1,0,2,1,8,0,1,1,2,3,1,273,701
0,1,31,0,1,0,2,1,6,0,1,1,2,9,1,273,702
2,1,9,5,1,0,2,2,1,3,2,0,0,0,0,273,703
0,1,75,3,0,0,2,1,6,0,1,1,2,4,1,274,704
0,0,37,0,0,0,2,1,6,0,1,2,2,30,1,275,705
2,0,9,5,0,3,2,2,1,3,2,0,0,0,0,275,706
1,1,37,0,0,0,4,1,6,0,1,1,2,0,1,275,707
2,0,14,5,0,0,2,2,2,4,2,0,0,0,0,275,708
2,0,4,5,0,0,0,2,0,1,2,0,0,0,0,276,709
2,1,12,5,0,0,3,2,2,4,2,0,0,0,0,276,710
0,0,39,0,0,2,2,1,9,0,1,1,2,46,1,276,711
1,1,36,0,0,0,2,1,6,0,0,3,2,0,2,276,712
0,1,49,1,6,3,5,1,6,0,1,3,2,9,1,277,713
2,1,20,5,6,0,3,2,6,6,3,1,2,2,1,277,714
0,1,41,0,5,2,4,1,6,0,1,1,2,11,1,278,715
2,0,18,5,5,0,2,2,5,5,2,3,0,0,0,278,716
2,1,15,5,5,0,3,2,4,5,2,0,0,0,0,278,717
2,1,15,5,6,0,3,2,3,5,2,0,0,0,0,278,718
0,0,47,3,0,0,2,1,9,0,1,1,2,25,1,279,719
7,0,36,3,0,0,2,1,8,0,1,1,2,18,1,279,720
2,0,26,5,0,0,3,1,6,0,1,1,2,12,1,280,721
2,0,47,4,0,0,2,1,6,0,1,1,2,16,2,280,722
0,1,47,0,0,0,2,1,9,0,1,1,2,48,1,281,723
1,1,49,0,0,0,2,1,7,0,1,1,2,3,1,281,724
2,0,27,5,0,0,2,2,8,6,3,1,2,4,1,281,725
0,1,50,2,0,0,2,1,8,0,1,3,2,0,1,282,726
0,0,49,0,0,0,2,1,6,0,1,1,2,17,1,283,727
1,1,41,0,0,0,2,1,6,0,1,1,2,12,1,283,728
2,1,8,5,0,0,2,2,1,4,2,0,0,0,0,283,729
2,1,12,5,0,0,2,2,2,4,2,0,0,0,0,283,730
2,1,9,5,7,0,3,2,1,3,2,0,0,0,0,284,731
2,1,23,5,6,0,3,1,6,0,1,1,2,2,1,284,732
4,0,20,5,6,3,5,1,4,0,1,3,2,0,1,284,733
2,0,28,5,7,3,3,1,8,0,1,1,2,5,1,284,734
0,0,35,0,6,3,3,1,6,0,1,3,2,8,1,284,735
2,0,2,5,6,0,0,0,0,0,0,0,0,0,0,284,736
0,1,50,3,0,0,2,1,7,0,1,1,2,19,1,285,737
0,0,69,0,0,0,2,1,10,0,1,3,2,66,1,286,738
1,1,58,0,0,0,2,1,10,0,1,3,2,26,1,286,739
0,0,58,0,0,0,2,1,6,0,1,1,2,16,1,287,740
1,1,56,0,0,0,3,1,6,0,1,1,2,8,1,287,741
0,0,46,3,0,0,2,1,7,0,1,1,2,7,1,288,742
0,1,62,0,7,0,2,1,9,0,1,3,2,28,1,289,743
1,1,61,0,1,0,2,1,9,0,1,1,2,26,1,289,744
0,0,61,0,0,0,2,1,7,0,1,1,2,19,1,290,745
1,0,69,0,0,0,2,1,7,0,1,3,0,6,1,290,746
7,0,49,5,0,2,3,1,1,0,1,1,2,8,1,291,747
0,1,43,0,0,3,5,1,6,0,1,1,2,0,1,292,748
1,1,30,0,0,3,5,1,3,0,1,1,2,15,2,292,749
2,1,6,5,0,3,3,2,1,2,2,0,0,0,0,292,750
0,0,30,5,0,0,2,1,6,0,1,1,2,7,1,293,751
0,1,85,4,0,0,2,1,6,0,1,3,0,5,2,294,752
2,1,50,5,0,2,3,1,10,0,1,1,2,23,1,294,753
1,0,34,0,6,0,2,1,6,0,1,3,2,7,1,295,754
2,1,11,5,6,0,2,2,2,4,2,0,0,0,0,295,755
2,1,8,5,7,0,2,2,1,3,2,0,0,0,0,295,756
0,0,34,0,7,0,2,1,6,0,1,1,2,13,1,295,757
7,0,20,5,0,0,2,2,7,6,3,1,2,8,1,296,758
0,0,41,5,0,0,2,1,6,0,1,1,2,19,1,297,759
2,0,8,5,6,0,3,2,1,3,2,0,0,0,0,298,760
0,1,32,5,6,0,3,2,6,0,2,1,2,7,1,298,761
7,1,37,2,6,0,3,1,6,0,1,1,2,10,1,298,762
7,0,40,5,6,3,5,1,6,0,1,2,2,1,2,299,763
2,0,11,5,6,0,2,2,2,4,2,0,0,0,0,299,764
0,1,38,5,1,2,1,1,7,0,1,3,2,5,1,299,765
0,1,39,5,1,0,2,2,7,0,2,1,2,6,1,299,766
0,1,31,5,5,0,2,1,9,0,1,1,2,28,2,300,767
7,0,38,5,0,3,5,1,6,0,1,1,2,7,2,301,768
2,1,4,5,0,0,0,2,0,2,2,0,0,0,0,301,769
0,0,34,0,0,3,2,1,5,0,1,1,2,19,2,301,770
2,1,9,5,0,0,2,2,2,3,2,0,0,0,0,301,771
1,1,82,0,0,0,2,1,9,0,1,3,0,10,1,302,772
0,0,83,0,0,1,2,1,7,0,1,3,0,25,1,302,773
1,1,40,0,1,0,2,1,6,0,1,3,0,0,1,303,774
0,0,32,5,1,0,2,1,7,0,1,1,2,29,1,303,775
7,0,35,5,1,0,2,1,6,0,1,3,0,0,1,303,776
0,0,64,0,0,2,4,1,2,0,1,3,1,16,1,304,777
1,1,56,0,0,3,5,1,2,0,1,1,2,17,2,304,778
1,1,34,0,6,0,1,1,0,6,1,1,2,4,1,305,779
2,0,20,5,6,0,3,1,5,0,1,3,2,0,1,305,780
0,0,32,0,6,2,4,2,2,4,2,3,2,16,1,305,781
2,1,12,5,6,0,4,2,2,4,2,0,0,0,0,305,782
2,1,8,5,6,0,3,2,1,3,2,0,0,0,0,305,783
2,0,12,5,6,0,3,2,2,4,2,0,0,0,0,305,784
5,1,3,5,6,1,0,2,0,1,2,0,0,0,0,305,785
4,1,11,5,6,0,3,2,2,4,2,0,0,0,0,306,786
3,0,44,0,6,3,1,1,0,0,1,1,2,5,2,306,787
3,0,45,0,6,3,5,1,0,0,1,1,2,6,2,306,788
3,0,44,0,6,3,5,1,6,0,1,1,2,6,2,306,789
4,1,11,5,6,0,3,2,2,4,2,0,0,0,0,306,790
1,1,38,0,6,0,2,1,7,0,1,1,2,15,1,307,791
2,0,26,5,6,0,3,1,5,0,1,3,2,0,1,307,792
2,1,18,5,6,0,3,2,5,5,2,1,2,4,1,307,793
0,1,50,0,7,2,3,1,6,0,1,1,2,21,1,308,794
1,0,49,0,7,0,3,1,10,0,1,1,2,18,2,308,795
5,1,7,5,0,0,2,2,1,3,2,0,0,0,0,309,796
2,1,34,3,0,0,2,1,6,0,1,3,0,0,1,309,797
2,1,6,5,0,0,2,2,1,0,2,0,0,0,0,309,798
0,0,49,1,0,0,2,1,6,0,1,3,2,9,1,309,799
2,0,13,5,0,0,2,2,2,4,2,0,0,0,0,310,800
0,1,44,3,0,0,2,1,7,0,1,1,1,17,1,310,801
2,1,43,5,0,0,2,0,6,0,1,1,2,13,1,310,802
2,1,5,5,0,0,3,2,1,2,2,0,0,0,0,311,803
1,0,41,0,6,2,5,1,2,0,1,3,0,0,1,311,804
0,0,40,0,6,2,5,1,6,0,1,1,2,14,1,311,805
0,0,18,5,6,0,3,2,5,5,2,1,2,3,1,311,806
0,0,30,0,1,0,2,2,7,6,2,1,2,17,1,312,807
2,0,4,5,0,0,0,2,1,1,2,0,0,0,0,312,808
2,1,1,5,1,0,0,0,0,0,0,0,0,0,0,312,809
1,1,30,0,0,0,3,1,8,0,1,1,2,6,1,312,810
0,0,45,0,6,3,5,1,2,0,1,1,2,6,1,313,811
2,0,11,5,6,0,3,2,1,4,2,0,0,0,0,313,812
1,1,42,0,6,3,1,1,2,0,1,3,2,0,1,313,813
2,1,9,5,6,0,4,2,1,3,2,0,0,0,0,313,814
5,1,1,5,6,0,0,0,0,0,0,0,0,0,0,313,815
0,0,47,0,6,0,5,1,2,0,1,1,2,8,2,313,816
2,1,19,5,6,3,1,1,2,0,1,3,0,0,1,313,817
1,1,56,0,0,3,5,1,2,0,1,1,2,17,2,314,818
0,0,63,0,0,2,4,1,2,0,1,3,1,16,1,314,819
2,1,14,5,0,0,2,2,2,4,2,0,0,0,0,315,820
2,0,14,5,0,0,2,2,2,4,2,0,0,0,0,315,821
2,0,13,5,0,0,2,2,2,4,2,0,0,0,0,315,822
2,0,13,5,0,0,2,2,2,4,2,0,0,0,0,315,823
2,0,10,5,0,0,2,2,2,4,2,0,0,0,0,315,824
2,0,13,5,0,0,2,2,2,4,2,0,0,0,0,315,825
0,0,37,0,0,0,2,1,6,0,1,2,2,3,1,315,826
1,1,41,0,0,0,2,1,8,0,1,3,0,0,1,315,827
1,1,46,0,0,0,3,1,7,0,1,3,0,0,1,316,828
0,1,46,2,0,3,3,1,3,0,1,1,2,7,2,316,829
7,0,41,3,6,3,5,1,4,0,1,1,2,9,1,317,830
2,0,8,5,6,0,3,2,1,3,2,0,0,0,0,317,831
2,0,7,5,6,0,3,2,0,3,2,0,0,0,0,317,832
1,1,18,5,6,2,2,2,0,5,3,3,0,0,1,317,833
7,0,40,5,6,0,2,1,5,0,1,3,1,0,1,318,834
1,1,53,0,0,0,2,1,6,0,1,3,0,6,1,319,835
2,0,36,0,0,0,2,1,7,0,1,3,1,2,1,319,836
1,1,56,0,0,0,2,1,7,0,1,3,0,0,1,319,837
1,0,51,0,0,0,2,1,9,0,1,1,2,34,1,319,838
1,0,22,0,1,0,2,1,0,0,1,3,0,4,2,320,839
4,0,21,5,1,0,2,1,6,0,1,2,2,1,1,320,840
0,1,24,0,1,0,2,1,6,0,1,1,2,3,1,320,841
0,1,50,5,0,0,2,1,5,0,1,3,2,39,1,321,842
0,0,47,0,0,0,2,1,5,0,1,1,2,18,1,322,843
1,1,38,0,6,0,2,1,7,0,1,1,2,12,1,322,844
1,1,66,0,0,0,2,1,6,0,1,3,0,2,1,323,845
0,0,67,0,7,0,3,1,10,0,1,1,1,6,2,323,846
2,0,11,5,0,0,2,2,1,3,3,0,0,0,0,324,847
2,0,14,5,0,0,2,2,2,4,2,0,0,0,0,324,848
1,1,50,0,0,0,2,1,10,0,1,3,0,0,1,324,849
0,0,51,0,0,0,2,1,10,0,1,1,2,99,1,324,850
2,1,16,5,0,0,2,2,3,5,3,3,0,0,1,324,851
7,1,32,5,0,0,2,1,8,0,1,1,1,15,1,325,852
0,0,31,5,0,0,2,1,9,0,1,1,1,21,1,325,853
2,0,55,0,1,0,2,1,7,0,1,1,2,14,1,326,854
1,0,56,0,1,0,2,1,8,0,1,1,2,14,1,326,855
5,1,12,5,1,0,2,2,2,4,3,0,0,0,0,326,856
0,1,76,3,0,0,2,1,6,0,1,3,0,9,1,327,857
0,1,75,3,0,0,2,1,6,0,1,1,2,4,2,328,858
0,0,31,5,0,0,2,1,9,0,1,1,2,20,1,329,859
0,1,25,5,6,0,2,2,9,7,2,1,2,4,1,329,860
7,0,30,5,7,0,2,1,9,0,1,1,2,17,1,329,861
5,1,7,5,0,0,2,2,1,3,2,0,0,0,0,330,862
1,1,38,3,0,0,2,1,9,0,1,3,2,6,1,330,863
0,0,47,0,0,0,2,1,6,0,1,1,2,12,1,330,864
2,1,14,5,0,0,0,2,6,0,2,3,2,0,1,330,865
1,1,47,0,7,2,3,1,10,0,1,1,2,37,2,331,866
0,1,50,0,7,2,3,1,7,0,1,3,2,20,1,331,867
0,0,41,0,0,0,2,1,9,0,1,1,2,3,1,332,868
1,1,46,0,0,0,2,1,9,0,1,1,2,2,1,332,869
0,0,46,0,0,0,2,1,7,0,1,1,1,99,1,332,870
2,0,11,5,0,0,2,2,2,4,2,0,0,0,0,332,871
0,1,27,5,0,0,2,1,9,0,1,1,2,21,1,333,872
1,1,46,0,0,0,2,2,6,6,2,3,0,12,1,334,873
0,0,52,0,0,2,2,2,7,6,2,3,0,0,2,334,874
2,0,35,0,7,0,2,1,6,0,1,1,2,17,1,335,875
1,1,18,0,0,0,2,1,6,0,1,1,2,2,1,335,876
5,1,14,5,0,0,2,2,2,5,2,0,0,0,0,335,877
1,1,54,3,7,0,2,1,6,0,1,1,2,33,1,335,878
5,1,14,5,7,0,2,2,2,5,2,0,0,0,0,335,879
2,0,47,0,0,0,2,1,6,0,1,2,2,0,2,335,880
0,1,30,0,1,0,2,1,6,0,1,1,2,9,1,336,881
2,1,7,5,1,1,2,2,1,3,2,0,0,0,0,336,882
2,1,9,5,1,0,2,2,1,3,2,0,0,0,0,336,883
1,0,35,0,1,0,2,1,6,0,1,1,2,22,2,336,884
1,1,37,0,0,0,2,1,8,0,1,1,2,20,1,337,885
2,0,1,5,6,0,0,0,0,0,0,0,0,0,0,337,886
1,1,38,0,0,3,3,1,10,0,1,3,2,10,1,337,887
0,0,41,0,6,0,2,1,10,0,1,1,2,45,1,337,888
0,1,69,4,0,0,2,1,6,0,1,3,0,21,1,338,889
0,0,54,0,0,0,3,1,6,0,1,1,2,27,1,339,890
1,1,54,0,0,0,3,1,6,0,1,1,2,11,1,339,891
1,1,37,0,0,0,2,2,9,7,3,1,2,42,1,340,892
0,0,31,0,0,0,2,1,6,0,1,1,2,39,1,340,893
0,0,50,0,0,0,2,1,7,0,1,2,2,17,1,341,894
1,1,70,0,2,0,2,1,8,0,1,3,0,5,1,341,895
0,0,40,5,0,0,2,1,6,0,1,3,2,12,1,342,896
0,1,50,0,0,0,2,1,10,0,1,1,2,10,1,343,897
1,1,57,0,0,0,2,1,9,0,1,3,0,5,1,343,898
2,1,18,5,0,0,2,2,5,5,3,3,2,0,1,343,899
0,0,40,3,0,0,2,1,7,0,1,1,2,22,1,344,900
7,0,50,5,0,0,2,1,6,0,1,3,2,4,2,345,901
0,1,39,5,0,0,2,1,6,0,1,1,1,14,1,346,902
0,0,32,5,0,0,2,2,7,6,2,1,2,24,1,347,903
1,1,33,0,1,0,2,1,6,0,1,1,2,7,2,348,904
0,0,40,0,0,0,2,1,6,0,1,1,2,17,2,348,905
0,0,39,0,0,3,4,1,6,0,1,1,2,16,2,349,906
7,1,33,0,0,2,4,1,6,0,1,1,2,0,2,349,907
2,0,6,5,0,0,4,2,1,2,2,0,0,0,0,349,908
2,1,2,5,0,0,0,0,0,0,0,0,0,0,0,349,909
2,0,13,5,0,0,2,2,2,4,2,0,0,0,0,350,910
0,1,46,0,0,0,2,1,7,0,1,1,2,12,1,350,911
1,0,48,0,0,2,2,1,7,0,1,1,1,5,1,350,912
2,1,11,5,0,0,3,2,2,4,2,0,0,0,0,351,913
0,1,31,0,0,3,4,1,6,0,1,3,0,0,1,351,914
1,0,38,0,0,2,4,1,6,0,1,3,2,14,1,351,915
2,0,10,5,0,0,3,2,1,3,2,0,0,0,0,351,916
2,1,11,5,0,0,3,2,2,4,2,0,0,0,0,351,917
2,0,1,5,0,0,0,0,0,0,0,0,0,0,0,351,918
0,1,73,4,1,0,2,1,6,0,1,3,0,20,2,352,919
1,1,69,0,7,0,2,1,9,0,1,3,0,23,1,352,920
7,1,22,5,0,0,3,2,7,6,3,3,2,1,1,353,921
2,1,2,5,0,0,0,0,0,0,0,0,0,0,0,354,922
0,0,31,5,0,3,4,1,6,0,1,1,2,21,1,354,923
4,0,28,5,0,3,5,1,4,0,1,1,2,10,1,354,924
4,0,28,5,0,3,4,1,6,0,1,1,2,15,1,354,925
2,1,7,5,0,0,5,2,1,3,2,0,0,0,0,354,926
2,1,0,5,0,0,0,0,0,0,0,0,0,0,0,354,927
1,1,33,0,0,3,5,1,4,0,1,3,2,0,1,354,928
0,0,51,3,1,0,2,1,6,0,1,1,0,9,1,355,929
7,1,85,1,0,0,2,1,6,0,1,3,0,3,2,356,930
0,0,30,5,0,0,2,1,9,0,1,1,2,24,1,357,931
0,0,33,5,5,3,5,1,6,0,1,1,1,2,1,358,932
1,0,50,0,8,0,2,1,7,0,1,3,2,4,1,359,933
0,0,44,0,0,0,2,1,7,0,1,1,2,5,1,359,934
7,0,34,1,0,3,1,1,2,0,1,1,2,4,1,360,935
7,0,23,5,0,3,1,1,2,0,1,1,2,5,1,360,936
7,1,31,5,0,3,5,2,3,6,2,3,2,0,1,360,937
7,0,35,1,0,3,1,1,2,0,1,1,2,5,1,360,938
6,0,26,1,0,3,1,1,3,0,1,1,2,3,1,360,939
6,1,2,5,0,0,0,0,0,0,0,0,0,0,0,360,940
4,0,25,1,0,3,1,1,3,0,1,1,2,3,1,360,941
4,1,22,5,0,3,5,1,3,0,1,3,0,0,1,360,942
7,1,31,5,0,3,5,2,3,6,2,3,2,0,1,360,943
2,0,16,5,0,3,4,2,4,5,2,3,0,0,1,360,944
7,1,31,5,0,3,5,2,3,6,2,3,2,0,1,360,945
2,0,14,5,0,3,4,2,2,4,2,0,0,0,0,360,946
0,1,61,4,0,0,2,1,7,0,1,3,0,10,1,361,947
2,1,0,5,0,0,0,0,0,0,0,0,0,0,0,362,948
1,1,28,0,0,0,2,1,9,0,1,1,2,84,1,362,949
0,0,38,0,0,0,2,2,6,6,2,1,2,20,1,362,950
1,1,44,0,5,2,3,2,9,6,2,1,2,16,1,363,951
2,1,19,5,0,2,3,2,4,5,2,3,0,0,1,363,952
2,1,9,5,0,0,2,2,1,3,2,0,0,0,0,363,953
0,0,47,0,0,2,4,1,9,0,1,1,2,24,1,363,954
2,1,8,5,7,0,3,2,0,3,2,0,0,0,0,364,955
0,1,29,5,6,0,3,2,8,6,2,1,2,10,1,364,956
2,0,4,5,6,0,0,2,0,2,2,0,0,0,0,364,957
2,1,10,5,6,0,3,2,2,4,2,0,0,0,0,364,958
1,0,53,0,0,0,2,1,7,0,1,1,2,29,1,365,959
0,0,47,0,0,0,2,1,10,0,1,1,2,17,1,365,960
2,1,1,5,6,0,0,0,0,0,0,0,0,0,0,366,961
0,1,33,0,0,0,3,2,7,6,1,1,2,15,1,366,962
0,0,36,0,6,0,3,1,6,0,1,3,2,19,1,366,963
1,1,49,0,0,0,2,1,7,0,1,1,2,46,1,367,964
0,0,49,0,0,0,2,1,7,0,1,1,2,33,1,367,965
2,0,11,5,0,0,4,2,2,4,2,0,0,0,0,368,966
2,0,8,5,0,0,4,2,1,3,2,0,0,0,0,368,967
1,0,37,0,0,3,3,1,4,0,1,3,0,0,1,368,968
2,0,11,5,0,0,4,2,2,4,2,0,0,0,0,368,969
0,0,44,0,0,2,4,1,3,0,1,1,2,9,1,368,970
2,0,8,5,0,0,4,2,1,3,2,0,0,0,0,368,971
0,0,59,0,0,0,2,1,6,0,1,3,2,55,1,369,972
1,1,55,0,0,0,4,1,6,0,1,3,0,0,1,369,973
0,0,55,0,7,2,5,1,9,0,1,1,2,8,1,370,974
1,1,50,0,3,3,1,1,8,0,1,1,2,12,2,370,975
0,0,40,3,0,0,3,1,7,0,1,1,2,28,1,371,976
0,0,23,0,6,0,3,1,6,0,1,1,2,13,1,372,977
2,1,2,5,6,0,0,0,0,0,0,0,0,0,0,372,978
0,0,22,0,5,0,2,1,5,0,1,1,2,15,1,372,979
1,1,21,0,7,0,2,1,5,0,1,1,2,10,1,372,980
0,0,74,0,0,0,2,1,10,0,1,1,1,86,2,373,981
1,1,72,0,0,0,2,1,9,0,1,1,1,7,2,373,982
0,0,50,3,6,0,3,1,1,0,1,3,0,5,1,374,983
3,1,68,4,5,2,5,1,6,0,1,3,0,3,1,375,984
0,0,32,0,5,2,3,1,6,0,2,1,2,11,1,375,985
4,0,30,0,0,2,4,1,7,0,1,1,2,17,1,375,986
0,0,29,0,5,2,3,2,8,6,2,1,2,12,2,375,987
2,0,27,5,6,0,3,1,5,0,1,1,2,2,1,376,988
0,0,40,0,6,2,3,1,9,0,1,1,2,17,1,376,989
2,0,9,5,6,0,2,2,1,3,2,0,0,0,0,376,990
2,1,11,5,6,0,4,2,2,4,3,0,0,0,0,376,991
2,0,14,5,6,0,3,2,2,5,2,0,0,0,0,376,992
0,1,25,0,1,0,2,1,6,0,1,1,2,3,1,377,993
1,0,21,0,1,0,2,1,0,0,1,3,0,4,2,377,994
4,0,21,5,1,3,2,1,6,0,1,1,2,1,1,377,995
2,0,41,0,0,0,2,1,4,0,1,3,2,3,1,378,996
0,1,59,4,0,0,2,1,2,0,1,1,2,4,1,378,997
2,0,38,5,0,0,2,1,5,0,1,3,0,0,1,378,998
7,1,40,3,0,0,2,1,7,0,2,1,2,6,1,378,999
7,0,34,5,0,0,2,2,6,6,2,1,2,5,2,378,1000
0,1,76,3,0,0,2,1,4,0,1,3,0,3,2,379,1001
1,1,53,0,5,2,3,1,9,0,1,1,2,4,1,380,1002
0,0,53,0,5,2,3,1,9,0,1,1,2,24,1,380,1003
0,1,26,5,6,3,4,1,5,0,1,1,2,13,1,381,1004
2,1,6,5,6,0,4,2,1,3,2,0,0,0,0,381,1005
2,1,6,5,6,0,4,2,1,3,2,0,0,0,0,381,1006
2,1,18,5,3,0,3,2,5,5,2,3,0,0,1,382,1007
1,1,53,0,3,2,3,1,9,0,1,1,2,19,2,382,1008
0,0,47,0,3,0,5,2,10,0,1,1,2,12,2,382,1009
2,1,14,5,3,0,3,2,2,4,2,0,0,0,0,382,1010
2,1,13,5,3,0,3,2,2,4,2,0,0,0,0,382,1011
2,1,19,5,3,0,3,2,7,5,2,3,0,0,1,382,1012
7,0,33,5,0,0,1,1,6,0,1,3,2,3,2,383,1013
1,1,51,0,0,0,2,2,9,7,2,1,2,4,1,384,1014
0,0,52,0,0,0,2,1,7,0,1,1,2,16,1,384,1015
0,0,47,0,0,0,2,1,9,0,1,3,2,22,1,385,1016
0,0,46,0,0,0,2,1,8,0,1,1,2,22,1,385,1017
2,1,5,5,0,0,2,2,0,1,2,0,0,0,0,385,1018
7,1,44,5,0,0,3,1,7,0,1,3,0,3,1,386,1019
0,1,53,3,0,0,2,1,9,0,1,1,2,36,1,387,1020
0,0,59,0,6,2,5,1,10,0,1,1,2,5,1,388,1021
1,1,49,0,6,2,4,1,10,0,1,1,1,25,1,388,1022
0,0,24,5,0,0,2,1,7,0,1,1,2,0,1,389,1023
7,0,31,0,0,3,5,1,6,0,1,1,1,7,1,390,1024
0,0,36,5,6,0,3,1,7,0,1,1,2,4,1,390,1025
7,0,37,0,0,3,1,1,6,0,1,3,2,0,1,390,1026
2,0,21,5,0,0,5,1,2,0,1,1,0,0,1,390,1027
7,0,35,5,0,3,1,1,6,0,1,1,2,0,1,390,1028
0,0,22,5,2,0,2,2,7,6,2,2,2,3,1,391,1029
2,1,12,5,0,0,3,2,2,4,2,0,0,0,0,392,1030
2,1,8,5,0,0,4,2,1,3,3,0,0,0,0,392,1031
2,0,4,5,0,0,0,1,0,0,1,0,0,0,0,392,1032
1,1,44,0,3,0,4,1,10,0,1,1,2,14,1,392,1033
2,1,20,5,3,0,2,2,5,6,2,3,0,0,1,392,1034
2,0,47,0,6,0,4,1,2,0,1,3,2,0,1,393,1035
0,0,52,0,6,2,5,1,0,0,1,3,2,5,1,393,1036
1,1,44,0,6,2,5,2,6,6,2,2,2,5,1,393,1037
7,0,30,5,6,0,3,1,5,0,1,3,2,0,1,394,1038
2,0,7,5,6,0,3,2,1,3,2,0,0,0,0,394,1039
0,1,27,5,6,3,3,1,5,0,1,1,2,10,2,394,1040
0,1,77,4,0,0,2,1,7,0,1,3,0,18,1,395,1041
1,0,52,0,4,3,3,1,6,0,1,1,2,40,1,396,1042
0,1,50,0,4,2,3,1,8,0,1,3,0,0,1,396,1043
0,1,57,5,0,0,2,1,10,0,1,3,2,13,1,397,1044
0,0,50,0,0,0,2,1,9,0,1,3,2,15,2,398,1045
7,1,49,0,1,0,2,1,6,0,1,1,2,26,1,398,1046
0,0,41,5,0,0,2,1,6,0,1,1,2,50,1,399,1047
0,1,44,0,0,0,2,1,7,0,1,1,2,16,1,400,1048
2,1,12,5,0,0,2,2,2,4,2,0,0,0,0,400,1049
1,0,45,0,0,2,2,1,4,0,1,1,1,4,1,400,1050
2,1,17,5,0,0,2,2,5,5,2,3,2,0,1,400,1051
2,1,30,5,2,0,2,1,4,0,1,1,2,3,1,400,1052
1,0,62,0,0,0,2,1,10,0,1,3,2,26,1,401,1053
0,0,66,0,0,0,2,1,6,0,1,3,2,49,1,401,1054
0,0,29,0,3,2,4,2,8,6,2,1,2,9,2,402,1055
1,1,30,0,3,3,1,2,8,6,2,1,2,3,2,402,1056
0,0,24,0,6,3,3,1,6,0,1,1,2,3,1,403,1057
1,0,25,0,6,0,3,1,6,0,1,1,2,9,1,403,1058
1,1,61,0,6,3,4,1,1,0,1,3,0,0,1,404,1059
1,1,44,0,6,2,4,1,6,0,3,2,2,5,1,404,1060
0,0,45,0,6,2,5,2,6,6,2,3,0,4,1,404,1061
1,1,77,0,0,0,2,1,7,0,1,3,0,5,1,405,1062
5,1,2,5,0,0,0,0,0,0,0,0,0,0,0,405,1063
5,1,23,2,0,0,2,1,7,0,1,2,2,4,1,405,1064
2,0,5,5,0,0,2,1,0,0,1,0,0,0,0,405,1065
0,0,85,0,0,0,2,1,2,0,1,3,0,7,1,405,1066
2,1,28,2,0,0,2,1,8,0,1,2,2,5,1,405,1067
2,1,18,5,0,0,2,2,5,5,2,3,0,0,1,406,1068
2,1,12,5,0,0,2,2,2,4,2,0,0,0,0,406,1069
7,1,38,3,0,0,2,1,8,0,1,1,2,22,2,406,1070
7,0,21,5,0,0,2,2,7,5,2,3,2,0,1,406,1071
2,0,12,5,0,0,2,2,2,4,2,0,0,0,0,406,1072
0,1,53,3,0,0,2,1,6,0,1,1,1,13,1,407,1073
0,0,52,5,0,0,2,1,9,0,1,3,1,11,1,408,1074
1,1,55,0,0,0,3,1,9,0,1,3,1,13,1,408,1075
2,0,14,5,0,0,2,2,2,4,2,0,0,0,0,408,1076
0,0,52,0,0,3,2,1,10,0,1,1,2,30,1,409,1077
0,0,53,0,0,0,2,1,10,0,1,1,2,32,1,409,1078
7,1,21,5,0,0,2,1,6,0,1,1,2,6,1,410,1079
7,0,21,5,0,0,2,2,6,6,2,1,2,7,1,410,1080
0,0,20,5,0,0,2,1,6,0,1,1,2,6,1,410,1081
1,1,38,0,0,3,5,1,2,0,1,1,2,6,1,411,1082
2,1,6,5,0,0,4,2,0,3,2,0,0,0,0,411,1083
2,1,2,5,0,0,0,2,0,0,0,0,0,0,0,411,1084
2,1,9,5,1,0,2,2,1,3,3,0,0,0,0,411,1085
0,0,37,0,0,2,5,1,6,0,1,3,2,13,1,411,1086
2,0,11,5,0,3,3,2,2,0,2,0,0,0,0,411,1087
0,0,38,0,0,0,2,1,6,0,1,1,2,17,1,412,1088
1,1,39,0,0,0,2,1,9,0,1,1,2,28,1,412,1089
2,0,35,5,4,3,2,1,9,0,1,1,2,5,1,413,1090
2,0,9,5,4,3,3,2,1,4,2,0,0,0,0,413,1091
2,0,9,5,4,3,2,2,1,4,2,0,0,0,0,413,1092
0,0,40,0,4,0,3,1,6,0,1,1,2,32,1,413,1093
0,1,47,3,6,2,4,1,2,0,1,1,2,4,1,414,1094
2,1,16,5,6,0,3,2,5,5,2,3,0,0,1,414,1095
1,1,41,0,5,0,2,1,7,0,1,1,2,3,2,415,1096
0,0,50,3,3,2,2,1,6,0,1,1,2,11,2,415,1097
2,0,31,5,5,0,3,2,9,6,3,1,2,9,1,415,1098
0,1,36,3,0,0,2,1,9,0,1,1,2,22,1,416,1099
2,0,12,5,0,0,2,2,2,4,2,0,0,0,0,416,1100
7,0,32,3,0,1,2,1,6,0,1,1,2,6,1,416,1101
2,1,8,5,0,0,2,2,1,3,2,0,0,0,0,416,1102
0,1,41,3,0,0,2,1,9,0,1,1,2,33,1,417,1103
0,1,37,0,1,0,2,1,6,0,1,1,2,5,1,418,1104
2,1,23,5,7,0,2,1,4,0,1,3,2,6,1,418,1105
5,0,6,5,7,0,2,2,1,2,2,0,0,0,0,418,1106
1,1,44,0,0,0,2,1,7,0,1,1,2,7,1,418,1107
0,1,85,4,0,0,2,1,2,0,1,3,0,5,2,419,1108
7,0,22,5,0,0,2,2,7,6,2,1,2,5,1,420,1109
2,0,21,5,6,3,3,2,7,6,2,1,2,2,1,420,1110
7,1,31,5,0,0,2,1,8,0,1,1,2,7,1,420,1111
0,0,21,5,0,0,2,2,7,6,2,3,2,6,1,420,1112
1,1,47,0,0,2,3,1,6,0,1,1,2,30,2,421,1113
2,0,17,5,0,0,3,2,6,5,3,3,0,0,1,421,1114
0,1,49,0,0,2,3,1,9,0,1,1,2,22,1,421,1115
5,0,2,5,1,0,0,0,0,0,0,0,0,0,0,422,1116
2,0,17,5,1,0,2,2,6,5,2,3,0,0,1,422,1117
1,1,40,0,2,0,2,1,8,0,1,1,2,8,1,422,1118
0,1,49,4,2,0,2,1,6,0,1,1,0,15,1,422,1119
2,1,28,5,1,0,2,1,6,0,1,1,2,6,1,422,1120
5,1,14,5,1,0,2,2,3,5,2,0,0,0,0,422,1121
0,0,53,0,4,0,2,1,8,0,1,1,2,32,1,423,1122
1,1,58,0,0,0,2,1,7,0,1,3,2,3,1,423,1123
1,1,53,0,0,2,2,1,6,0,1,1,2,14,1,424,1124
0,0,59,0,0,0,2,1,6,0,1,1,2,27,1,424,1125
0,1,44,3,0,0,2,1,7,0,1,1,1,30,1,425,1126
2,0,6,5,0,0,2,2,1,2,2,0,0,0,0,425,1127
0,0,22,5,0,0,2,2,5,5,2,3,2,2,1,425,1128
2,0,11,5,0,0,3,2,2,4,2,0,0,0,0,426,1129
0,0,44,0,0,2,4,1,3,0,1,1,2,9,1,426,1130
2,0,11,5,0,0,3,2,2,4,2,0,0,0,0,426,1131
2,0,9,5,0,0,1,2,1,4,2,0,0,0,0,426,1132
2,1,18,5,0,3,4,2,5,5,2,3,0,0,1,426,1133
1,1,34,5,0,0,5,2,6,6,2,3,2,0,1,426,1134
2,1,7,5,0,0,3,2,1,3,2,0,0,0,0,427,1135
2,0,14,5,0,0,3,2,3,5,2,0,0,0,0,427,1136
0,0,51,0,0,0,3,1,6,0,1,1,2,3,1,427,1137
1,1,46,0,0,3,5,2,2,4,2,3,2,0,1,427,1138
2,0,25,5,0,3,3,1,6,0,1,3,2,8,1,427,1139
0,0,40,0,0,0,5,2,6,7,2,2,2,20,1,428,1140
2,1,14,5,0,0,3,2,2,5,2,0,0,0,0,428,1141
1,1,48,0,6,0,3,1,4,0,1,3,2,3,1,428,1142
0,0,47,0,0,0,3,1,6,0,1,1,2,22,1,428,1143
1,1,38,0,0,0,2,1,6,0,1,1,2,13,1,429,1144
0,1,29,0,0,0,2,1,7,0,1,1,2,14,1,429,1145
0,0,24,5,1,0,2,2,7,6,2,1,2,7,1,430,1146
2,0,8,5,1,0,2,2,0,3,2,0,0,0,0,430,1147
3,1,43,3,1,0,2,1,6,0,1,3,0,0,1,430,1148
0,0,77,3,0,0,2,1,9,0,1,3,0,7,1,431,1149
0,0,50,0,3,2,1,0,5,0,1,3,0,7,1,432,1150
2,1,18,5,5,0,3,2,5,5,2,3,0,0,1,432,1151
1,1,40,0,3,2,4,1,8,0,1,1,2,12,1,432,1152
0,0,44,0,5,3,4,1,6,0,1,1,2,8,1,432,1153
3,1,56,0,5,2,5,1,6,0,1,1,0,5,1,432,1154
2,0,13,5,5,0,2,2,2,4,2,0,0,0,0,432,1155
2,0,35,1,5,3,5,1,6,0,1,1,2,5,1,432,1156
0,0,28,5,0,0,2,1,9,0,1,1,2,26,1,433,1157
0,0,46,0,5,2,4,1,6,0,1,1,2,14,1,434,1158
2,0,8,5,5,2,3,2,1,3,2,0,0,0,0,434,1159
1,1,41,0,5,2,3,1,9,0,1,3,2,29,1,434,1160
1,1,40,0,0,0,2,1,9,0,1,1,2,20,1,435,1161
0,0,40,0,0,0,2,1,8,0,1,1,2,39,1,435,1162
0,0,45,0,5,2,4,1,8,0,1,1,2,24,1,436,1163
1,1,51,0,5,2,4,1,7,0,1,2,2,0,1,436,1164
1,1,48,0,5,2,4,1,8,0,1,1,2,15,1,436,1165
2,1,15,5,3,0,3,2,4,5,3,0,0,0,0,436,1166
1,1,40,0,7,2,3,1,6,0,1,1,1,10,1,437,1167
0,0,33,0,7,0,2,2,6,7,2,1,2,14,1,437,1168
2,0,8,5,7,0,2,2,1,3,2,0,0,0,0,437,1169
2,1,8,5,7,0,2,2,1,3,2,0,0,0,0,437,1170
0,1,72,3,0,0,2,1,6,0,1,3,0,8,2,438,1171
1,1,40,0,0,0,2,1,6,0,1,1,2,12,1,439,1172
2,0,12,5,0,0,2,2,2,4,2,0,0,0,0,439,1173
2,0,5,5,0,0,2,2,1,2,2,0,0,0,0,439,1174
0,0,38,0,0,0,2,1,5,0,1,1,1,4,1,439,1175
5,1,2,5,0,0,0,0,0,0,0,0,0,0,0,440,1176
2,0,5,5,0,0,2,1,0,0,1,0,0,0,0,440,1177
5,1,28,2,0,0,2,1,7,0,1,2,2,4,1,440,1178
7,0,37,5,0,0,2,1,9,0,1,3,2,5,1,440,1179
2,0,5,5,0,0,2,1,0,0,1,0,0,0,0,440,1180
0,0,85,0,0,0,2,1,2,0,1,3,0,8,1,440,1181
7,1,19,5,0,0,2,2,6,6,2,3,2,0,1,441,1182
0,0,37,5,0,0,2,1,7,0,1,1,2,8,1,442,1183
0,1,80,4,0,0,2,1,6,0,1,3,0,19,1,443,1184
0,0,29,0,6,3,5,1,3,0,1,3,2,9,2,444,1185
0,0,30,0,6,3,5,1,3,0,1,3,0,5,2,444,1186
4,0,28,1,6,3,1,1,2,0,1,3,2,5,2,444,1187
0,0,21,5,0,3,4,2,6,5,2,3,0,0,2,445,1188
6,0,19,5,1,0,2,2,7,6,2,3,2,0,1,445,1189
0,0,22,5,1,0,2,1,7,0,1,1,2,40,1,445,1190
0,0,63,0,0,0,2,1,6,0,1,1,0,11,1,446,1191
1,1,63,0,0,0,2,1,6,0,1,3,0,9,1,446,1192
2,0,1,5,5,0,0,0,0,0,0,0,0,0,0,447,1193
2,0,5,5,5,0,5,2,1,2,2,0,0,0,0,447,1194
0,1,25,5,5,2,4,2,6,0,1,3,0,0,1,447,1195
7,1,74,4,0,0,3,1,6,0,1,3,0,6,2,448,1196
2,1,20,5,6,3,5,2,6,5,2,3,2,3,1,449,1197
1,1,44,0,6,3,5,1,0,0,1,3,1,2,1,449,1198
2,0,2,5,6,0,0,0,0,0,0,0,0,0,0,449,1199
2,0,17,5,6,3,4,2,5,5,2,3,2,0,1,449,1200
2,1,8,5,6,3,4,2,1,3,2,0,0,0,0,449,1201
0,0,47,0,6,3,5,1,0,0,1,1,2,9,2,449,1202
2,1,11,5,6,3,4,2,2,4,2,0,0,0,0,449,1203
2,0,23,1,6,3,5,1,0,0,1,1,2,6,2,449,1204
1,1,33,0,0,2,3,1,8,0,1,1,2,17,1,450,1205
2,1,3,5,0,0,0,1,0,0,1,0,0,0,0,450,1206
0,0,38,0,0,2,3,1,7,0,1,1,2,37,1,450,1207
1,0,58,0,1,0,2,1,6,0,1,3,0,12,2,451,1208
0,1,58,0,1,0,2,1,6,0,1,1,0,5,2,451,1209
7,1,40,3,1,0,2,1,6,0,1,1,2,7,1,451,1210
6,0,55,3,1,0,2,1,8,0,1,1,2,37,1,451,1211
2,0,26,5,1,0,2,1,5,0,1,1,2,6,1,452,1212
1,1,47,0,1,0,2,1,6,0,1,1,2,19,1,452,1213
5,0,1,5,1,0,0,0,0,0,0,0,0,0,0,452,1214
2,0,11,5,1,0,2,2,2,4,2,0,0,0,0,452,1215
2,1,25,5,1,0,2,1,6,0,1,1,2,8,1,452,1216
1,1,43,0,1,0,2,1,6,0,1,1,0,9,1,452,1217
0,0,27,5,0,0,2,1,9,0,1,1,2,61,1,453,1218
0,0,55,0,0,0,2,1,6,0,1,1,2,26,1,454,1219
1,1,51,0,0,0,2,1,6,0,1,1,2,11,1,454,1220
0,1,52,3,0,0,2,1,6,0,1,1,2,18,1,455,1221
1,1,39,0,6,0,3,1,6,0,1,1,2,10,1,456,1222
2,1,20,5,6,0,3,2,6,6,2,3,0,0,1,456,1223
2,0,1,5,6,0,0,0,0,0,0,0,0,0,0,456,1224
2,0,20,5,6,0,3,2,7,6,2,2,2,1,1,456,1225
0,0,40,0,6,0,3,1,8,0,1,1,2,29,1,456,1226
0,1,24,0,2,0,4,2,9,6,2,1,2,5,1,457,1227
0,0,23,0,7,0,2,2,9,7,2,1,2,2,1,457,1228
1,1,41,0,8,0,2,1,7,0,1,1,2,7,1,458,1229
0,0,41,0,7,0,2,1,7,0,1,1,2,4,1,458,1230
2,0,12,5,0,0,2,1,2,4,2,0,0,0,0,458,1231
0,0,39,3,0,0,2,1,10,0,1,1,2,3,1,459,1232
0,1,29,5,0,0,2,2,9,0,3,1,2,15,1,460,1233
7,0,31,5,0,0,2,1,7,0,1,1,2,12,1,460,1234
1,1,85,0,0,0,2,1,9,0,1,3,0,24,1,461,1235
0,0,85,0,0,0,2,1,6,0,1,3,0,27,2,461,1236
0,0,55,0,0,0,3,1,9,0,1,1,2,29,1,462,1237
1,1,54,0,0,2,3,1,7,0,1,1,2,12,1,462,1238
0,0,50,3,0,0,2,1,9,0,1,1,2,21,1,463,1239
0,0,30,0,0,0,2,1,7,0,1,1,1,22,1,464,1240
2,1,2,5,0,0,0,0,0,0,0,0,0,0,0,464,1241
1,1,31,0,0,0,2,1,8,0,1,1,2,18,1,464,1242
0,0,34,0,0,0,2,1,6,0,1,1,2,16,1,465,1243
1,1,31,0,0,0,2,1,6,0,1,1,2,12,2,465,1244
0,1,34,5,0,0,3,1,7,0,1,1,2,10,1,466,1245
2,0,16,5,0,2,3,2,4,5,3,3,0,0,1,467,1246
0,1,44,0,0,2,3,1,6,0,1,1,2,11,1,467,1247
2,0,16,5,0,2,3,2,3,5,2,3,0,0,1,467,1248
0,0,44,0,0,2,4,1,6,0,1,1,1,13,1,467,1249
7,1,41,4,0,0,2,1,2,0,1,1,0,8,1,468,1250
4,0,39,5,0,0,2,1,10,0,1,1,2,17,1,468,1251
0,1,36,5,0,0,2,2,7,6,2,1,2,17,1,469,1252
2,0,18,5,0,0,2,2,2,5,2,3,0,0,1,470,1253
0,0,38,0,0,0,2,1,6,0,1,1,2,12,1,470,1254
1,1,39,0,5,0,2,1,6,0,1,1,2,7,1,470,1255
2,0,14,5,0,0,2,2,2,4,2,3,0,0,0,470,1256
0,0,62,0,0,0,2,1,9,0,1,3,0,17,1,471,1257
2,0,39,5,0,0,2,1,7,0,1,1,2,1,1,471,1258
1,1,61,4,0,0,2,1,9,0,1,3,0,3,1,471,1259
2,0,38,0,4,0,2,1,6,0,1,1,2,4,1,471,1260
2,0,8,5,0,0,3,2,1,3,2,0,0,0,0,472,1261
1,1,34,0,0,3,1,1,3,0,1,1,2,11,1,472,1262
2,0,4,5,0,0,0,2,1,1,3,0,0,0,0,472,1263
0,0,41,3,0,3,3,1,2,0,1,1,2,7,1,472,1264
2,0,11,5,0,0,3,2,2,4,2,0,0,0,0,472,1265
1,1,40,0,0,3,2,1,1,0,1,3,2,0,1,473,1266
0,0,37,0,0,0,3,1,6,0,1,3,2,9,1,473,1267
2,1,1,5,6,0,0,0,0,0,0,0,0,0,0,473,1268
2,0,17,5,6,0,2,2,5,5,2,3,0,0,1,473,1269
0,1,6,5,7,0,2,2,1,2,2,0,0,0,0,474,1270
2,0,2,5,7,0,0,0,0,0,0,0,0,0,0,474,1271
0,0,31,2,0,0,2,1,6,0,1,1,2,13,1,474,1272
0,1,28,5,6,0,2,1,6,0,1,1,2,13,1,474,1273
0,1,68,4,0,0,2,1,10,0,1,1,1,31,1,475,1274
7,0,38,1,0,3,5,1,2,0,1,1,2,5,1,476,1275
4,1,23,5,0,3,5,1,3,0,1,3,0,0,1,476,1276
0,0,33,5,0,3,5,1,5,0,1,2,2,1,1,476,1277
4,1,23,5,0,3,5,1,3,0,1,3,0,0,1,476,1278
7,0,36,1,0,3,1,1,2,0,1,1,2,5,1,476,1279
7,1,12,5,0,3,1,1,2,0,1,0,0,0,0,476,1280
0,0,31,5,0,3,5,1,5,0,1,2,2,2,1,476,1281
7,0,21,5,0,3,1,1,2,0,1,1,2,5,1,476,1282
7,0,23,5,0,3,1,1,2,0,1,1,2,4,1,476,1283
2,0,16,5,0,3,4,2,4,5,2,3,0,0,1,476,1284
6,1,2,5,0,0,0,1,0,0,0,0,0,0,0,476,1285
0,1,30,5,0,0,2,1,9,0,1,1,2,27,1,477,1286
0,1,47,3,0,0,2,1,7,0,1,1,2,5,1,478,1287
0,1,30,0,2,0,2,1,7,0,1,1,2,13,1,479,1288
1,0,35,0,5,0,2,1,7,0,1,1,2,12,1,479,1289
1,1,41,0,0,0,2,1,6,0,1,1,2,24,1,480,1290
0,0,37,0,0,1,2,2,7,6,2,3,2,7,1,480,1291
2,0,12,5,0,0,2,2,2,4,3,0,0,0,0,480,1292
0,1,52,3,0,0,2,1,7,0,1,1,1,17,1,481,1293
7,1,20,5,0,0,2,1,7,6,2,1,2,3,1,482,1294
0,0,30,5,0,3,2,1,9,0,1,1,2,83,1,483,1295
0,1,25,5,0,3,2,2,6,6,3,1,2,16,1,484,1296
7,0,30,5,0,0,2,1,7,0,1,1,2,27,2,484,1297
2,1,12,5,5,0,2,2,2,4,3,0,0,0,0,485,1298
2,1,14,5,5,0,2,2,3,5,2,0,0,0,0,485,1299
0,0,46,0,5,2,3,1,9,0,1,3,2,16,1,485,1300
1,1,45,0,5,2,2,1,9,0,1,1,1,11,1,485,1301
2,0,13,5,0,0,2,2,2,4,2,0,0,0,0,486,1302
0,0,57,3,0,0,2,1,8,0,1,1,2,15,1,486,1303
7,0,23,0,0,3,2,1,2,0,1,1,2,5,1,487,1304
2,0,9,5,6,0,3,2,2,4,2,0,0,0,0,487,1305
2,0,9,5,0,0,3,2,2,4,2,0,0,0,0,487,1306
1,1,29,0,6,3,4,1,6,0,1,3,2,0,1,487,1307
7,1,1,5,0,0,0,0,0,0,0,0,0,0,0,487,1308
7,0,28,5,0,3,2,1,2,0,1,1,2,0,1,487,1309
7,0,21,0,0,3,2,1,2,0,1,1,2,5,1,487,1310
2,0,10,5,6,0,3,2,1,3,2,0,0,0,0,487,1311
0,0,35,0,6,0,3,1,6,0,1,1,2,12,1,487,1312
0,0,35,0,6,0,3,1,6,0,1,1,2,12,1,487,1313
7,1,3,5,0,0,0,1,0,0,1,0,0,0,0,487,1314
7,0,22,0,0,3,2,1,2,0,1,1,2,5,1,487,1315
4,1,31,1,0,3,5,1,5,0,1,3,2,5,1,488,1316
2,0,9,5,0,3,4,2,1,3,2,0,0,0,0,488,1317
7,0,5,5,0,3,2,2,0,2,2,0,0,0,0,488,1318
2,1,12,5,0,0,3,2,0,5,2,0,0,0,0,488,1319
0,0,42,0,0,3,5,1,1,0,1,3,2,5,1,488,1320
1,1,29,0,0,3,5,1,4,0,1,3,2,8,1,488,1321
2,0,38,5,0,0,2,1,6,0,1,2,2,0,2,489,1322
5,1,11,5,0,0,2,2,2,4,2,0,0,0,0,489,1323
0,0,67,0,0,2,4,1,6,0,1,3,2,3,1,489,1324
0,0,68,0,0,2,4,1,6,0,1,3,2,3,1,489,1325
2,0,26,5,0,0,2,1,6,0,1,3,2,12,1,489,1326
2,1,36,3,0,0,3,1,6,0,1,1,2,17,1,489,1327
2,1,35,3,0,0,3,1,6,0,1,1,2,16,1,489,1328
2,1,18,5,7,0,4,2,6,5,2,3,0,0,1,490,1329
2,0,33,0,5,0,3,2,9,5,1,1,2,5,1,490,1330
2,0,9,5,7,0,3,2,1,3,2,0,0,0,0,490,1331
2,1,15,5,7,0,4,2,2,5,2,0,0,0,0,490,1332
2,0,8,5,7,0,3,2,0,3,2,0,0,0,0,490,1333
2,1,15,5,0,0,4,2,2,5,2,0,0,0,0,490,1334
2,0,14,5,0,0,2,2,4,5,2,0,0,0,0,491,1335
2,1,28,5,0,0,2,2,6,6,2,3,2,0,2,491,1336
0,0,44,3,0,0,2,1,6,0,1,1,2,27,1,491,1337
7,1,38,3,0,0,2,1,7,0,1,1,2,19,1,491,1338
7,1,47,2,0,0,3,1,9,0,1,1,2,13,2,492,1339
2,1,14,5,5,0,2,2,2,5,2,0,0,0,0,492,1340
0,1,41,4,5,2,2,1,9,0,1,1,1,8,2,492,1341
1,1,32,0,0,0,2,1,7,0,1,3,2,13,1,493,1342
0,0,53,0,0,0,2,1,9,0,1,1,2,34,1,493,1343
0,1,48,3,0,0,2,1,8,0,1,1,2,24,1,494,1344
0,0,73,0,0,0,2,1,6,0,1,3,0,7,1,495,1345
1,1,67,0,0,0,2,1,6,0,1,3,0,0,1,495,1346
0,1,36,2,0,0,2,1,6,0,1,1,2,16,1,496,1347
2,1,7,5,0,0,2,2,1,3,2,0,0,0,0,496,1348
2,0,9,5,0,0,2,2,1,3,2,0,0,0,0,496,1349
1,1,36,0,0,0,2,2,6,6,2,3,2,0,1,497,1350
2,0,27,5,0,0,2,1,6,0,1,3,2,5,1,497,1351
2,0,13,5,0,0,3,2,2,4,2,0,0,0,0,497,1352
2,1,1,5,0,0,0,0,0,0,0,0,0,0,0,497,1353
0,0,31,5,0,0,4,1,6,6,2,1,2,6,1,497,1354
1,0,45,0,0,3,3,1,6,0,1,1,2,3,1,498,1355
1,1,36,0,0,2,3,1,8,0,1,3,2,3,1,498,1356
2,1,0,0,0,0,0,0,0,0,0,0,0,0,0,498,1357
2,1,5,5,0,0,3,2,1,1,3,0,0,0,0,498,1358
1,1,36,0,0,2,3,1,6,0,1,3,2,3,1,498,1359
0,0,39,0,0,0,2,1,8,0,1,1,2,20,1,498,1360
2,1,14,5,4,3,3,2,3,5,3,0,0,0,0,499,1361
0,0,51,0,4,3,4,1,6,0,1,1,2,17,1,499,1362
1,0,47,0,4,3,4,1,10,0,1,1,2,6,1,499,1363
0,1,51,0,4,3,4,1,6,0,1,1,2,16,1,499,1364
0,0,34,5,1,0,2,1,6,0,1,1,2,11,1,500,1365
2,0,9,5,7,0,2,2,1,3,2,0,0,0,0,500,1366
2,0,37,0,1,0,2,1,9,0,1,1,2,7,1,500,1367
0,1,70,3,0,0,2,1,6,0,1,1,0,7,1,501,1368
1,1,53,0,5,2,2,1,9,0,1,1,2,42,1,502,1369
2,0,30,5,7,0,2,1,6,0,1,2,2,5,1,502,1370
0,0,54,0,0,0,2,1,10,0,1,1,2,27,1,502,1371
0,0,70,0,0,0,2,1,7,0,1,3,0,13,1,503,1372
1,1,71,0,0,0,2,1,8,0,1,3,0,3,1,503,1373
2,1,11,5,0,0,2,2,2,4,2,0,0,0,0,504,1374
0,0,43,0,5,2,3,1,10,0,1,1,2,22,1,504,1375
1,1,42,4,0,0,3,1,6,0,1,1,2,9,1,504,1376
2,1,8,5,7,2,3,2,1,3,2,0,0,0,0,504,1377
2,0,9,5,0,0,5,2,1,3,2,0,0,0,0,505,1378
0,1,52,4,0,3,1,1,0,0,1,1,1,6,1,505,1379
2,1,17,5,0,0,5,2,5,5,2,0,0,0,1,505,1380
7,0,22,5,0,0,2,1,6,0,1,1,2,12,1,506,1381
1,1,45,0,6,3,4,1,4,0,1,3,0,0,1,507,1382
2,1,19,5,6,0,3,1,6,0,1,1,2,8,1,507,1383
2,1,20,5,6,0,3,1,6,0,1,1,2,9,1,507,1384
0,0,51,0,6,3,4,1,5,0,1,1,2,29,1,507,1385
0,0,37,0,0,0,2,1,9,0,1,1,2,31,1,508,1386
2,1,1,5,0,0,0,0,0,0,0,0,0,0,0,508,1387
2,1,1,5,0,0,0,0,0,0,0,0,0,0,0,508,1388
0,1,38,5,6,3,3,1,6,0,1,3,2,14,1,509,1389
0,0,26,5,0,0,4,1,6,6,3,3,2,5,1,509,1390
6,0,24,5,0,0,2,1,7,0,1,1,2,5,1,509,1391
4,0,23,5,6,0,3,1,6,0,1,1,2,5,1,509,1392
4,0,23,5,0,0,3,1,6,0,1,1,2,5,1,509,1393
6,0,9,5,6,0,3,2,0,3,2,0,0,0,0,509,1394
0,1,67,0,0,0,2,1,6,0,1,3,0,12,1,510,1395
1,0,67,0,0,0,2,1,7,0,1,3,2,15,1,510,1396
0,0,31,0,0,0,2,1,6,0,1,1,2,13,1,511,1397
1,1,31,0,0,0,2,1,6,0,1,1,2,12,2,511,1398
2,0,14,5,1,0,2,2,2,5,2,0,0,0,0,512,1399
2,1,15,5,1,0,2,2,3,5,2,0,0,0,0,512,1400
2,1,20,5,1,0,2,1,6,0,1,1,2,3,1,512,1401
0,1,41,2,1,0,2,2,7,6,2,1,2,22,1,512,1402
2,1,5,5,5,0,4,2,0,2,2,0,0,0,0,513,1403
2,1,18,5,5,0,3,2,6,5,2,1,2,0,1,513,1404
5,1,6,5,5,0,2,2,1,3,2,0,0,0,0,513,1405
0,1,26,5,5,0,3,2,6,0,2,1,2,3,1,513,1406
0,0,40,0,5,2,4,1,0,0,1,1,1,6,1,513,1407
0,0,44,0,5,2,4,1,0,0,1,3,2,5,1,514,1408
0,0,47,0,5,2,5,1,0,0,1,1,0,6,1,514,1409
2,1,12,5,5,0,3,2,2,4,2,0,0,0,0,514,1410
2,1,16,5,5,0,3,2,3,5,2,3,0,0,1,514,1411
2,1,12,5,5,0,3,2,2,4,2,0,0,0,0,514,1412
2,0,16,5,5,0,3,2,3,5,2,3,0,0,1,514,1413
1,1,42,0,3,3,1,1,0,0,1,3,0,0,1,514,1414
0,1,75,4,0,0,2,1,6,0,1,3,2,11,2,515,1415
0,1,69,4,0,0,2,1,4,0,1,3,0,0,1,516,1416
2,0,49,3,0,0,2,1,6,0,1,2,2,17,1,516,1417
0,0,41,0,0,0,3,1,7,0,1,1,2,17,1,517,1418
1,1,39,0,0,0,3,1,9,0,1,1,2,10,1,517,1419
2,0,9,5,0,0,2,2,1,3,3,0,0,0,0,517,1420
2,1,11,5,0,0,3,2,2,4,3,0,0,0,0,517,1421
0,1,53,3,0,0,2,1,8,0,1,1,2,10,1,518,1422
5,0,9,5,0,0,2,2,1,3,2,0,0,0,0,518,1423
2,1,11,5,6,0,3,2,2,4,3,0,0,0,0,519,1424
1,0,46,0,6,2,2,1,0,0,1,3,2,5,1,519,1425
0,0,41,0,0,2,3,1,10,0,1,1,2,34,1,519,1426
2,0,2,5,0,0,0,0,0,0,0,0,0,0,0,520,1427
2,0,2,5,0,0,0,0,0,0,0,0,0,0,0,520,1428
1,1,38,0,0,0,2,1,9,0,1,1,2,38,2,520,1429
1,0,36,0,0,0,2,1,9,0,1,1,2,53,1,520,1430
0,1,52,2,6,3,1,1,1,0,1,2,2,7,1,521,1431
2,1,30,5,6,3,3,1,6,0,1,1,2,13,1,521,1432
1,0,85,0,2,0,3,1,0,0,1,3,1,6,1,522,1433
0,1,80,0,2,0,4,1,6,0,1,3,0,2,1,522,1434
0,1,44,5,0,0,2,1,7,0,1,1,1,17,1,523,1435
2,0,11,5,1,0,2,2,1,4,2,0,0,0,0,524,1436
2,1,7,5,1,0,2,2,0,3,2,0,0,0,0,524,1437
0,1,32,5,1,0,2,1,7,0,1,3,2,14,1,524,1438
2,1,5,5,0,0,2,1,0,0,1,0,0,0,0,525,1439
0,1,31,0,0,0,2,1,7,0,1,1,2,12,1,525,1440
2,1,11,5,0,0,2,2,2,4,2,0,0,0,0,525,1441
1,1,28,0,0,0,2,1,6,0,1,1,2,4,1,525,1442
2,0,1,5,0,0,2,0,0,0,0,0,0,0,0,525,1443
0,0,85,0,0,0,2,1,7,0,1,3,2,85,1,526,1444
1,1,58,0,0,0,2,1,6,0,1,1,2,8,1,526,1445
7,0,34,5,0,0,2,1,6,0,1,1,2,13,1,527,1446
7,0,34,5,0,0,2,1,6,0,1,1,2,12,1,527,1447
0,0,34,5,7,0,2,1,9,0,1,1,2,21,1,528,1448
0,1,36,3,5,0,2,2,3,5,2,1,2,36,1,529,1449
0,1,52,3,0,0,2,1,7,0,1,1,2,33,1,530,1450
2,0,22,5,0,0,2,1,6,0,1,1,2,2,1,530,1451
2,1,9,5,0,0,3,2,1,3,2,0,0,0,0,531,1452
0,1,33,5,0,2,3,1,6,0,1,3,2,16,2,531,1453
2,1,6,5,7,0,3,2,1,2,3,0,0,0,0,532,1454
2,1,21,5,7,0,2,2,5,5,2,1,2,0,1,532,1455
1,1,40,0,3,2,3,1,7,0,1,1,2,17,1,532,1456
2,0,3,5,3,0,0,1,0,0,1,0,0,0,0,532,1457
0,0,50,0,0,0,2,2,9,6,2,1,2,14,1,533,1458
1,1,53,0,0,2,2,1,6,0,1,1,2,13,1,533,1459
7,1,74,5,0,0,2,1,5,0,1,3,0,2,2,534,1460
1,1,62,0,7,2,4,1,6,0,1,3,2,11,1,535,1461
0,0,66,0,7,2,3,1,6,0,1,1,2,14,1,535,1462
0,0,38,3,0,0,3,1,7,0,1,1,2,29,1,536,1463
0,0,37,5,6,0,5,1,5,0,1,1,2,5,1,537,1464
0,1,52,3,0,0,2,1,6,0,1,1,2,18,1,538,1465
2,1,23,5,6,0,3,1,6,0,1,3,0,0,0,539,1466
0,1,38,0,6,3,1,1,1,0,1,2,2,3,1,539,1467
0,1,40,0,6,3,1,1,1,0,1,1,2,3,1,539,1468
0,1,57,0,0,0,2,1,6,0,1,3,2,0,1,540,1469
1,1,57,0,0,0,2,1,2,0,1,3,2,3,2,540,1470
0,0,37,5,7,0,2,2,8,6,2,1,2,13,1,541,1471
7,1,20,1,4,0,2,2,7,6,3,3,2,0,1,542,1472
7,1,37,5,6,3,1,1,2,0,1,2,2,4,1,543,1473
7,1,20,5,7,2,3,2,7,6,3,1,2,1,1,544,1474
0,0,85,4,0,0,2,1,7,0,1,3,0,16,1,545,1475
0,1,85,4,0,0,2,1,2,0,1,3,0,2,2,546,1476
0,1,41,5,3,0,4,1,9,0,1,1,2,25,1,547,1477
0,1,49,3,0,0,2,1,9,0,1,1,2,37,1,548,1478
0,1,41,0,6,3,5,1,2,0,1,3,0,1,1,549,1479
1,1,40,0,6,3,1,1,1,0,1,3,2,3,1,549,1480
2,0,18,5,6,3,3,2,6,5,2,3,0,0,1,549,1481
7,1,85,1,0,0,2,1,6,0,1,3,0,0,2,550,1482
0,0,55,5,0,0,2,1,9,0,1,1,2,19,1,551,1483
0,0,31,0,0,1,2,1,9,0,1,1,2,27,1,552,1484
1,1,32,0,0,0,2,1,9,0,1,3,2,26,1,552,1485
7,1,42,3,0,0,2,1,6,0,1,3,2,15,1,553,1486
0,0,34,5,0,0,2,1,6,0,1,1,2,6,2,554,1487
0,1,28,5,6,3,3,1,5,0,1,1,2,10,2,555,1488
2,0,11,5,6,0,3,2,2,4,2,0,0,0,0,555,1489
7,0,31,5,6,0,3,1,5,0,1,3,2,0,1,555,1490
2,0,51,3,0,0,2,1,6,0,1,1,2,10,1,556,1491
0,0,85,0,0,0,2,1,7,0,1,3,0,85,2,556,1492
1,1,75,0,0,0,2,1,6,0,1,3,0,0,1,556,1493
0,1,59,3,0,0,2,1,10,0,1,1,2,24,1,557,1494
0,0,32,5,0,0,2,1,6,0,1,1,2,21,1,558,1495
0,0,54,0,0,0,2,1,6,0,1,1,2,26,1,559,1496
1,1,58,0,0,0,2,1,5,0,1,3,2,0,1,559,1497
0,1,31,5,0,0,2,1,7,0,1,1,1,7,1,560,1498
0,0,47,5,0,0,2,1,9,0,1,1,2,25,1,561,1499
0,0,73,0,0,0,2,1,9,0,1,3,0,21,2,562,1500
1,1,75,0,0,0,2,1,6,0,1,3,0,3,2,562,1501
0,1,28,5,0,0,2,1,9,0,1,2,2,34,2,563,1502
0,1,45,3,0,0,2,2,8,6,2,3,0,6,2,564,1503
7,1,52,4,0,0,2,1,8,0,1,3,2,4,2,564,1504
0,0,31,0,0,3,3,1,8,0,1,1,2,6,1,565,1505
1,0,31,0,5,3,4,2,6,5,2,1,2,3,1,565,1506
0,1,56,0,0,0,2,1,6,0,1,1,2,12,1,566,1507
0,1,52,0,0,0,2,1,10,0,1,3,2,20,2,566,1508
2,0,15,5,0,0,2,2,3,5,2,0,0,0,0,567,1509
0,0,40,0,0,0,2,1,6,0,1,1,2,17,1,567,1510
2,0,17,5,0,0,2,2,5,5,2,3,2,0,1,567,1511
2,1,18,5,0,0,2,2,4,5,2,2,2,0,1,567,1512
2,1,12,5,3,0,3,2,2,4,2,0,0,0,0,568,1513
2,1,18,5,6,3,4,2,6,5,2,3,0,0,1,568,1514
2,1,12,5,5,0,3,2,2,4,2,0,0,0,0,568,1515
0,0,47,0,6,2,1,1,0,0,1,3,0,4,1,568,1516
2,1,15,5,3,3,3,2,2,4,2,0,0,0,0,568,1517
2,1,12,5,7,0,3,2,2,4,2,0,0,0,0,568,1518
0,0,41,0,5,3,3,1,6,0,1,3,2,6,1,568,1519
0,1,77,4,0,0,2,1,7,0,1,3,1,30,1,569,1520
2,0,5,5,5,0,3,2,0,2,2,0,0,0,0,570,1521
2,0,14,5,5,0,3,2,2,4,2,0,0,0,0,570,1522
0,0,44,0,5,2,3,1,10,0,1,1,2,27,1,570,1523
1,1,41,0,4,2,3,1,8,0,1,3,2,17,1,570,1524
0,0,53,0,0,0,2,1,7,0,1,1,2,17,1,571,1525
1,1,57,0,0,0,2,1,6,0,1,2,2,9,1,571,1526
0,0,31,0,6,0,5,1,5,0,1,1,2,7,1,572,1527
2,1,4,5,6,3,0,1,0,0,1,0,0,0,0,572,1528
2,1,2,5,6,0,0,0,0,0,0,0,0,0,0,572,1529
1,1,27,0,5,0,4,2,6,6,3,1,2,3,1,572,1530
2,0,23,5,1,0,2,1,6,0,1,3,0,0,1,573,1531
1,1,51,0,0,0,2,1,6,0,1,1,2,14,1,573,1532
2,0,23,5,1,0,2,1,6,0,1,3,2,0,1,573,1533
0,0,70,0,1,0,2,1,9,0,1,3,0,8,1,573,1534
2,1,23,5,1,0,2,1,6,0,1,1,2,13,1,573,1535
0,0,63,3,0,3,2,1,9,0,1,1,2,57,1,574,1536
2,1,17,5,0,0,2,2,5,5,2,3,2,0,1,575,1537
0,0,39,0,0,0,2,1,6,0,1,1,2,15,1,575,1538
1,0,41,0,0,0,3,1,6,0,1,1,2,7,1,575,1539
2,0,9,5,0,0,2,2,1,3,3,0,0,0,0,575,1540
2,1,12,5,0,0,2,2,2,4,2,0,0,0,0,575,1541
0,1,51,5,0,0,2,1,9,0,1,1,2,38,1,576,1542
0,0,53,0,0,0,2,1,7,0,1,1,2,4,1,576,1543
1,1,47,0,0,0,2,1,8,0,1,1,2,17,1,576,1544
2,0,16,5,2,0,2,2,5,5,2,3,0,0,1,577,1545
2,0,37,0,2,0,2,1,6,0,1,1,1,28,1,577,1546
2,0,13,5,2,0,2,2,2,4,2,0,0,0,1,577,1547
0,0,36,0,2,0,2,1,6,0,1,1,1,30,1,577,1548
2,0,14,5,2,0,2,2,2,4,2,0,0,0,0,577,1549
2,0,14,5,2,0,2,2,2,4,2,0,0,0,0,577,1550
2,1,7,5,3,0,3,2,1,3,2,0,0,0,0,578,1551
2,1,6,5,0,0,3,2,0,2,3,0,0,0,0,578,1552
0,0,41,0,6,3,3,1,9,0,1,1,2,46,1,578,1553
0,0,42,0,0,2,3,1,10,0,1,1,2,37,1,578,1554
2,0,15,5,0,0,2,2,3,5,2,0,0,0,0,579,1555
2,1,2,5,0,0,0,0,0,0,0,0,0,0,0,579,1556
1,1,34,0,0,0,2,1,8,0,1,1,2,7,1,579,1557
2,1,5,5,0,0,2,2,1,1,2,0,0,0,0,579,1558
0,1,36,2,0,0,2,1,6,0,1,1,2,16,1,580,1559
2,0,9,5,0,0,2,2,1,3,2,0,0,0,0,580,1560
2,0,9,5,0,0,2,2,1,3,2,0,0,0,0,580,1561
7,0,44,5,0,0,2,1,0,0,1,3,0,3,2,581,1562
0,0,49,5,6,0,3,1,7,0,1,3,0,0,1,582,1563
1,1,42,0,6,0,3,1,6,0,1,1,2,20,1,583,1564
2,0,20,5,1,0,3,1,6,0,1,3,0,0,1,583,1565
2,0,20,5,1,0,3,1,6,0,1,3,0,0,1,583,1566
6,0,20,5,1,0,2,1,6,0,1,1,2,5,1,583,1567
0,0,34,5,0,0,3,1,6,0,1,3,2,5,1,584,1568
7,1,85,4,0,0,2,1,6,0,1,3,0,0,2,585,1569
0,1,69,0,0,0,3,1,5,0,1,3,0,10,1,586,1570
2,0,44,4,0,0,2,1,6,0,1,1,2,15,2,586,1571
0,0,70,0,0,0,2,1,10,0,1,3,2,6,2,587,1572
1,1,68,0,0,0,2,1,7,0,1,1,2,6,1,587,1573
7,1,21,5,1,0,2,2,6,6,2,3,2,0,2,588,1574
6,0,18,5,1,0,2,2,7,6,2,3,2,0,1,588,1575
0,0,23,5,1,0,2,1,6,0,1,1,2,39,1,588,1576
0,0,29,5,0,0,2,1,9,0,1,1,2,48,1,589,1577
0,0,60,0,0,0,2,1,4,0,1,1,2,28,2,590,1578
2,1,47,0,0,0,2,1,9,0,1,1,2,13,1,590,1579
2,1,35,3,0,0,2,1,6,0,1,1,2,14,1,590,1580
0,1,38,2,6,3,3,1,6,0,1,1,2,7,1,591,1581
2,0,14,5,6,0,4,2,2,5,2,0,0,0,0,591,1582
2,0,12,5,6,0,3,2,2,4,2,0,0,0,0,591,1583
2,0,12,5,6,0,3,2,2,4,2,0,0,0,0,591,1584
0,1,37,2,6,3,1,1,0,0,1,1,2,10,1,591,1585
0,1,46,3,7,0,2,1,6,0,1,1,2,13,1,592,1586
1,0,71,0,7,0,2,1,7,0,1,3,2,7,1,593,1587
0,1,66,0,0,0,2,1,6,0,1,3,0,11,1,593,1588
7,0,44,0,5,0,3,1,8,0,1,3,2,9,1,594,1589
1,0,52,0,0,2,4,1,9,0,1,1,2,10,1,594,1590
0,0,52,0,0,2,5,1,7,0,1,1,2,12,1,594,1591
2,1,14,5,7,0,2,2,2,4,3,3,0,0,0,595,1592
2,0,23,5,7,0,2,1,6,0,1,1,2,16,1,595,1593
0,1,53,3,0,0,2,1,6,0,1,1,2,15,2,595,1594
0,0,41,0,5,2,4,1,0,0,1,1,1,6,1,596,1595
0,0,37,0,5,3,4,2,10,7,2,1,2,7,1,596,1596
2,1,7,5,5,1,1,2,1,3,3,0,0,0,0,596,1597
2,1,11,5,0,0,3,2,2,4,2,0,0,0,0,596,1598
2,1,17,5,0,0,3,2,6,5,2,1,2,0,1,596,1599
0,0,31,0,1,0,2,1,5,0,1,1,2,7,1,597,1600
1,1,44,0,6,0,3,1,6,0,1,1,2,21,1,597,1601
6,0,19,5,1,0,2,1,6,0,1,1,2,5,1,597,1602
2,1,20,5,6,0,3,1,6,0,1,3,0,0,1,597,1603
1,1,44,0,7,0,2,1,7,0,1,1,2,29,1,598,1604
2,1,18,5,5,0,2,2,6,5,2,3,2,2,1,598,1605
2,1,15,5,7,0,2,2,4,5,2,0,0,0,0,598,1606
1,1,44,0,7,0,2,1,7,0,1,1,2,30,1,598,1607
2,0,3,5,0,0,0,2,1,1,3,0,0,0,0,599,1608
2,0,4,5,0,0,0,2,1,1,3,0,0,0,0,599,1609
0,0,37,0,0,0,2,1,7,0,1,1,2,30,1,599,1610
1,0,37,0,0,0,2,1,9,0,1,1,2,20,1,599,1611
1,1,47,0,6,3,1,1,0,0,1,3,0,0,1,600,1612
2,0,7,5,0,0,4,2,0,0,2,0,0,0,0,600,1613
2,0,14,5,6,0,4,2,2,4,2,0,0,0,0,600,1614
0,0,40,0,6,3,1,1,0,0,1,3,2,5,1,600,1615
2,1,7,5,6,0,4,2,0,2,2,0,0,0,0,600,1616
2,1,8,5,6,0,4,2,0,2,2,0,0,0,0,600,1617
7,0,35,0,6,3,1,2,2,4,2,1,2,8,1,600,1618
2,0,12,5,6,0,4,2,2,4,2,0,0,0,0,600,1619
2,0,9,5,6,0,4,2,1,3,2,0,0,0,0,600,1620
7,1,27,0,6,3,1,1,0,0,1,3,0,0,1,600,1621
0,1,30,5,0,0,3,1,9,0,1,1,2,18,1,601,1622
7,0,28,5,0,0,2,1,9,0,1,1,2,99,1,602,1623
7,0,29,5,0,0,2,1,9,0,1,3,2,50,1,602,1624
0,0,32,5,0,0,2,1,9,0,1,1,2,99,1,602,1625
0,0,53,0,0,0,2,1,9,0,1,1,2,30,2,603,1626
0,1,50,0,0,0,3,1,5,0,1,1,2,0,1,603,1627
0,0,41,0,0,3,4,1,2,0,1,3,2,10,2,604,1628
2,1,13,5,0,0,3,2,2,4,2,0,0,0,0,604,1629
2,1,5,5,0,0,4,1,0,0,1,0,0,0,0,604,1630
2,0,12,5,0,0,3,2,2,4,2,0,0,0,0,604,1631
2,1,12,5,0,0,2,2,2,4,3,0,0,0,0,604,1632
2,0,13,5,0,0,2,2,2,4,3,0,0,0,0,605,1633
2,1,11,5,0,0,2,2,2,4,3,0,0,0,0,605,1634
2,0,14,5,0,0,2,2,2,5,3,0,0,0,0,605,1635
0,0,53,0,0,0,2,1,10,0,1,1,2,35,1,605,1636
0,0,54,0,0,0,2,1,10,0,1,1,2,34,1,605,1637
2,0,1,5,6,0,0,0,0,0,0,0,0,0,0,606,1638
6,0,23,0,6,3,5,2,5,0,2,1,2,14,2,606,1639
6,0,23,5,6,3,3,2,5,0,1,1,2,13,2,606,1640
2,1,30,5,6,3,4,1,7,0,1,3,0,2,1,606,1641
2,0,9,5,6,0,3,2,1,3,2,0,0,0,0,606,1642
2,0,1,5,6,0,0,0,0,0,0,0,0,0,0,606,1643
2,0,3,5,7,0,0,2,0,1,2,0,0,0,0,607,1644
1,1,31,0,2,0,2,1,6,0,1,1,2,12,1,607,1645
1,1,32,5,0,0,2,1,6,0,1,1,2,8,2,607,1646
2,0,2,5,2,0,0,0,0,0,0,0,0,0,0,607,1647
2,0,11,5,2,0,2,2,2,4,2,0,0,0,0,607,1648
6,1,37,5,0,0,2,1,6,0,1,1,2,11,1,608,1649
0,0,63,0,0,0,2,1,6,0,1,1,2,43,1,608,1650
1,1,47,0,0,0,2,1,9,0,1,1,2,10,1,608,1651
0,0,40,5,0,0,2,1,7,0,1,1,2,13,1,609,1652
1,0,45,0,0,0,2,1,9,0,1,2,2,25,1,609,1653
1,1,52,0,0,0,2,1,8,0,1,2,2,5,1,609,1654
1,1,50,0,4,2,4,1,2,0,1,1,2,5,1,610,1655
0,0,48,0,0,0,2,1,6,0,1,1,0,27,1,610,1656
2,1,18,5,0,0,2,1,6,0,1,1,2,4,1,610,1657
0,0,42,0,0,0,2,2,7,6,2,1,2,10,1,611,1658
1,1,50,0,0,0,2,1,6,0,1,1,2,11,1,611,1659
0,0,58,0,0,2,1,1,6,0,1,3,0,4,1,612,1660
1,0,41,0,0,0,4,1,4,0,1,3,0,5,2,612,1661
2,1,22,5,0,3,2,2,6,6,2,1,2,3,1,612,1662
0,0,66,0,1,0,2,1,9,0,1,3,0,32,1,613,1663
1,1,70,0,7,0,2,1,7,0,1,1,0,8,2,613,1664
1,1,56,0,0,0,2,1,8,0,1,1,2,16,1,614,1665
0,0,70,0,0,0,2,1,0,0,1,3,2,21,2,614,1666
7,0,20,5,0,0,5,1,2,0,1,1,2,0,1,615,1667
7,0,51,0,0,3,5,1,6,0,1,1,2,0,1,615,1668
7,0,51,0,0,3,5,1,6,0,1,1,2,0,1,615,1669
7,0,18,5,0,3,5,1,2,0,1,3,0,0,1,615,1670
7,1,41,0,0,3,1,1,0,0,1,3,0,0,1,615,1671
7,1,85,4,0,0,3,1,4,0,1,3,0,0,1,616,1672
7,1,85,4,0,0,3,1,4,0,1,3,0,0,1,617,1673
0,1,40,5,0,0,2,1,9,0,1,1,2,37,1,618,1674
0,1,66,3,0,0,3,1,4,0,1,3,2,0,1,619,1675
0,0,80,4,0,0,2,1,6,0,1,3,0,68,1,620,1676
1,1,38,5,5,3,1,2,10,0,1,3,0,0,1,621,1677
1,1,23,0,3,3,3,2,0,5,1,3,0,0,1,621,1678
2,1,18,5,3,0,3,2,3,5,2,1,0,0,1,621,1679
0,0,44,0,7,2,5,1,0,0,1,3,0,5,1,621,1680
2,1,12,5,5,0,3,2,2,4,2,0,0,0,0,621,1681
2,1,12,5,5,0,3,2,2,4,2,0,0,0,0,621,1682
0,0,80,0,0,0,2,1,10,0,1,3,0,84,1,622,1683
1,1,73,0,0,0,2,1,9,0,1,3,0,4,1,622,1684
0,1,29,5,5,0,2,1,9,0,1,2,2,22,2,623,1685
0,0,44,0,0,0,3,1,7,0,1,1,2,26,1,624,1686
0,0,43,0,0,0,2,1,7,0,1,2,2,10,1,624,1687
0,1,41,0,0,2,2,1,6,0,1,1,2,11,1,624,1688
2,1,12,5,0,0,2,2,2,4,3,0,0,0,0,624,1689
0,0,25,5,7,0,3,1,6,0,1,1,2,6,1,625,1690
7,0,26,5,7,3,2,1,6,0,1,1,2,7,1,625,1691
7,1,38,3,0,1,2,1,6,0,1,1,2,7,1,626,1692
2,1,8,5,0,0,2,2,1,3,2,0,0,0,0,626,1693
7,1,19,5,0,0,2,1,6,0,1,1,2,7,1,626,1694
0,0,48,0,0,0,2,1,9,0,1,1,2,23,1,626,1695
0,1,79,4,0,0,2,1,5,0,1,3,0,5,1,627,1696
0,1,79,4,0,2,5,1,0,0,1,3,0,4,2,628,1697
0,1,41,5,0,0,2,2,10,7,3,1,1,6,1,629,1698
0,0,45,3,5,2,3,1,7,0,1,1,2,12,1,630,1699
2,1,12,5,5,0,2,2,2,4,2,0,0,0,0,630,1700
0,1,40,5,5,2,2,1,9,0,1,1,2,12,1,630,1701
2,1,15,5,5,0,3,2,4,5,2,0,0,0,0,630,1702
7,0,26,1,0,0,2,1,6,0,1,2,2,10,1,631,1703
2,1,38,3,0,0,2,1,9,0,1,1,2,14,1,632,1704
0,0,60,0,0,0,2,1,10,0,1,1,2,23,1,632,1705
1,0,58,0,0,0,2,1,9,0,1,1,2,15,1,632,1706
2,0,9,5,1,0,2,2,1,3,2,0,0,0,0,633,1707
2,1,2,5,1,0,0,0,0,0,0,0,0,0,0,633,1708
2,0,9,5,1,0,2,2,1,3,2,0,0,0,0,633,1709
0,1,28,3,1,0,3,1,6,0,1,1,2,5,1,633,1710
1,1,29,0,1,0,3,1,6,0,1,1,2,3,1,633,1711
0,0,41,0,0,0,2,1,7,0,1,3,2,10,2,634,1712
1,1,45,0,6,3,2,1,4,0,1,3,0,0,2,634,1713
0,0,37,5,0,0,2,1,7,0,1,1,2,6,1,635,1714
2,1,10,5,6,0,3,2,2,4,2,0,0,0,0,636,1715
1,1,33,0,6,2,3,2,9,6,3,1,2,15,1,636,1716
2,0,4,5,6,0,0,1,0,0,1,0,0,0,0,636,1717
2,1,5,5,6,0,4,1,0,0,1,0,0,0,0,636,1718
7,1,34,5,6,3,3,1,7,0,1,3,2,0,1,636,1719
2,0,8,5,0,0,2,1,1,3,3,0,0,0,0,637,1720
2,1,14,5,0,0,2,2,3,5,2,0,0,0,0,637,1721
0,1,45,0,0,0,2,1,9,0,1,1,1,34,1,637,1722
1,1,44,0,0,0,2,1,7,0,1,1,2,24,1,637,1723
7,0,38,0,0,0,2,1,8,0,1,1,1,11,2,638,1724
0,0,34,5,0,0,2,1,6,0,1,1,2,10,1,638,1725
5,0,9,5,6,3,5,2,1,3,2,0,0,0,0,639,1726
2,1,29,5,6,3,1,1,6,0,1,1,2,6,1,639,1727
2,0,4,5,6,0,0,2,1,1,2,0,0,0,0,639,1728
7,0,34,3,6,3,3,1,7,0,1,1,2,5,1,639,1729
0,1,42,3,6,3,1,1,2,0,1,3,0,0,1,639,1730
6,0,29,5,6,3,3,1,6,0,1,3,2,5,1,639,1731
1,1,40,0,0,0,2,1,9,0,1,1,2,0,1,640,1732
0,0,56,0,0,0,2,1,9,0,1,1,2,11,1,640,1733
2,1,12,5,5,0,3,2,2,4,3,0,0,0,0,641,1734
0,0,41,0,5,2,3,1,10,0,1,1,2,24,1,641,1735
0,0,43,0,5,2,3,1,10,0,1,1,2,24,1,641,1736
2,1,14,5,5,0,4,2,3,5,2,0,0,0,0,641,1737
2,1,2,5,5,0,0,0,0,0,0,0,0,0,0,641,1738
0,0,85,0,1,0,2,1,3,0,1,3,0,7,2,642,1739
1,1,85,0,1,0,2,1,6,0,1,3,0,4,1,642,1740
0,1,37,5,0,0,3,1,6,0,1,1,2,19,1,643,1741
7,0,46,5,0,3,2,1,10,0,1,1,2,43,1,643,1742
0,0,51,0,0,0,3,1,6,0,1,1,2,2,1,644,1743
2,0,9,5,0,0,5,2,1,3,2,0,0,0,0,644,1744
0,0,52,0,0,0,3,1,6,0,1,1,2,3,1,644,1745
2,0,11,5,0,0,3,2,2,4,2,0,0,0,0,644,1746
2,0,8,5,0,0,3,2,1,3,2,0,0,0,0,644,1747
0,1,74,3,7,0,2,1,8,0,1,1,2,4,1,645,1748
0,0,68,0,0,0,3,1,7,0,1,1,2,12,1,646,1749
1,1,52,0,1,0,2,1,6,0,1,1,2,28,1,646,1750
0,0,36,0,0,0,2,1,6,0,1,1,2,16,1,647,1751
1,1,53,0,0,0,2,1,7,0,1,1,2,31,1,647,1752
1,1,31,0,0,0,2,1,7,0,1,2,2,5,2,648,1753
2,1,8,5,7,0,2,1,5,0,2,0,0,0,0,648,1754
0,0,34,0,7,0,2,1,6,0,1,1,2,3,1,648,1755
2,0,2,5,8,0,0,0,0,0,0,0,0,0,0,648,1756
1,1,35,5,0,3,2,1,4,0,1,1,2,3,1,649,1757
3,1,62,1,7,3,4,1,7,0,1,3,0,3,1,649,1758
2,0,38,0,0,2,5,2,1,0,1,3,1,4,1,649,1759
2,0,30,5,0,3,5,1,4,0,1,1,2,3,1,649,1760
2,1,30,1,5,3,3,1,5,0,1,3,0,0,1,649,1761
2,1,36,5,0,3,5,1,3,0,1,1,2,4,1,649,1762
2,1,19,5,0,0,3,2,6,6,2,2,0,0,1,649,1763
5,0,7,5,0,0,4,2,1,3,2,0,0,0,0,649,1764
5,1,2,5,0,0,0,0,0,0,0,0,0,0,0,649,1765
2,1,8,5,6,0,2,2,1,3,2,0,0,0,0,650,1766
0,0,31,0,6,3,5,2,7,6,2,3,0,5,1,650,1767
0,0,30,0,6,3,3,1,6,0,1,1,2,4,1,650,1768
2,1,7,5,6,0,5,2,1,3,2,0,0,0,0,650,1769
2,0,1,5,6,0,0,0,0,0,0,0,0,0,0,650,1770
1,1,51,0,0,0,2,2,9,7,2,1,2,4,1,651,1771
0,0,48,0,0,0,2,1,7,0,1,2,2,16,1,651,1772
2,0,17,5,0,0,2,2,5,5,2,1,2,1,1,652,1773
0,1,52,3,0,0,2,1,6,0,1,1,2,7,1,652,1774
0,1,82,4,0,0,2,1,4,0,1,3,0,6,1,653,1775
2,0,56,5,0,0,2,1,6,0,1,1,2,7,1,653,1776
0,0,48,0,5,2,3,1,10,0,1,3,2,13,1,654,1777
0,0,45,0,5,2,4,1,7,0,1,1,2,15,1,654,1778
1,1,40,5,5,0,2,1,10,0,1,1,2,3,1,654,1779
0,1,35,3,0,0,2,1,8,0,1,1,2,17,1,655,1780
7,1,32,5,0,0,2,1,6,0,1,1,2,21,1,655,1781
0,1,36,0,0,0,2,1,6,0,1,1,2,10,1,656,1782
0,1,29,5,6,3,4,2,6,0,1,3,1,3,1,657,1783
2,1,8,5,6,0,4,2,1,3,2,0,0,0,0,657,1784
2,1,8,5,6,0,3,2,1,3,2,0,0,0,0,657,1785
1,1,25,0,6,3,4,1,5,0,1,3,1,1,2,657,1786
2,1,12,5,0,0,2,2,2,4,2,0,0,0,1,658,1787
0,0,52,0,0,0,2,1,9,0,1,3,1,11,1,658,1788
1,1,52,0,0,0,3,1,9,0,1,1,1,14,1,658,1789
1,1,40,0,0,0,2,1,2,0,1,3,0,0,1,659,1790
2,0,15,5,0,0,3,2,3,5,2,0,0,0,0,659,1791
2,1,23,5,0,0,3,1,0,0,1,1,2,6,1,659,1792
0,0,41,0,0,0,3,1,6,0,1,3,2,7,1,659,1793
0,1,53,3,1,0,2,1,6,0,1,1,2,20,1,660,1794
4,1,50,5,1,0,2,1,2,0,1,3,0,0,2,660,1795
1,0,25,0,0,3,4,1,2,0,1,1,2,10,1,661,1796
2,0,2,5,0,0,0,0,0,0,0,0,0,0,0,661,1797
0,1,24,0,0,3,5,1,3,0,1,1,2,12,2,661,1798
2,1,8,5,3,0,3,2,0,3,2,0,0,0,0,662,1799
1,1,37,0,0,2,4,1,2,0,1,1,2,15,1,662,1800
3,1,67,4,3,3,5,1,6,0,1,3,0,0,1,662,1801
0,0,42,0,3,2,3,1,10,0,1,1,2,29,1,662,1802
1,1,34,0,0,0,2,1,6,0,1,3,0,0,1,663,1803
2,1,8,5,0,0,2,2,1,3,2,0,0,0,0,663,1804
0,0,44,0,0,0,2,1,10,0,1,1,1,49,1,663,1805
2,0,12,5,0,0,2,2,2,4,2,0,0,0,0,663,1806
0,1,27,0,0,3,1,1,5,0,1,1,2,10,2,664,1807
2,1,2,5,0,0,0,0,0,0,0,0,0,0,0,664,1808
1,1,24,0,6,0,2,1,6,0,1,3,2,11,1,664,1809
0,0,37,5,7,0,2,2,8,6,2,1,2,13,1,665,1810
5,0,5,5,7,0,2,2,1,2,2,0,0,0,0,666,1811
1,1,41,3,6,2,2,1,6,0,1,3,2,7,1,666,1812
0,1,41,5,0,0,2,1,7,0,1,3,2,6,1,666,1813
2,1,23,5,7,0,2,1,4,0,1,3,2,5,1,666,1814
2,1,7,5,0,0,2,2,1,3,2,0,0,0,0,667,1815
2,1,12,5,0,0,2,2,2,4,2,0,0,0,0,667,1816
0,0,45,0,0,0,2,1,7,0,1,1,2,22,1,667,1817
1,1,39,0,0,0,2,1,8,0,1,3,0,0,1,667,1818
0,0,47,0,0,0,2,1,8,0,1,1,2,26,1,667,1819
1,1,32,0,1,0,2,1,6,0,1,1,2,6,1,668,1820
2,0,7,5,1,1,2,2,1,3,2,0,0,0,0,668,1821
0,1,31,0,1,0,2,1,6,0,1,1,2,9,1,668,1822
1,1,34,0,1,0,2,1,6,0,1,1,2,6,1,668,1823
0,0,53,2,0,0,2,1,6,0,1,1,2,49,1,669,1824
0,0,41,0,0,0,2,1,6,0,1,1,2,21,1,670,1825
2,0,16,5,0,0,2,2,4,5,2,3,2,0,1,670,1826
2,0,15,5,0,0,2,2,3,5,2,0,0,0,0,670,1827
1,1,34,0,0,0,2,1,6,0,1,1,2,17,1,670,1828
0,0,31,0,0,0,2,1,6,0,1,1,2,15,1,671,1829
1,1,28,0,0,0,2,1,6,0,1,1,2,4,1,671,1830
2,0,8,5,0,0,2,2,1,3,2,0,0,0,0,671,1831
2,0,20,5,0,0,2,1,6,0,1,3,0,0,1,671,1832
2,0,1,5,0,0,0,0,0,0,0,0,0,0,0,671,1833
0,0,36,5,7,0,2,2,8,6,2,1,2,13,1,672,1834
0,0,50,0,5,0,4,1,9,0,1,3,2,8,1,673,1835
1,1,47,0,5,2,2,1,6,0,1,1,1,10,1,673,1836
2,1,14,5,6,0,2,2,2,5,2,0,0,0,0,673,1837
1,1,58,0,0,0,2,1,10,0,1,1,2,25,1,674,1838
2,1,32,3,0,0,2,1,9,0,1,1,2,14,1,674,1839
2,1,31,5,0,0,2,1,9,0,1,1,2,11,1,674,1840
1,1,44,0,0,2,3,2,9,6,3,1,2,28,1,675,1841
2,1,11,5,5,0,3,2,1,4,2,0,0,0,0,675,1842
0,0,45,0,5,1,3,2,9,6,2,1,2,39,1,675,1843
2,0,18,5,5,0,2,2,6,6,2,3,0,0,1,675,1844
0,1,41,4,1,0,2,1,8,0,1,3,2,0,1,676,1845
0,0,31,0,1,0,2,2,7,6,2,1,2,15,1,676,1846
2,1,2,5,1,0,3,0,0,0,0,0,0,0,0,676,1847
1,1,20,0,1,0,2,2,6,6,3,2,2,1,1,676,1848
1,1,29,0,0,3,2,1,9,0,1,1,2,15,1,677,1849
0,0,31,0,0,0,3,1,10,0,1,1,2,21,1,677,1850
0,1,40,0,6,0,3,1,2,0,1,3,2,6,1,678,1851
2,1,14,5,6,0,3,2,2,5,2,0,0,0,0,678,1852
1,0,38,0,6,0,3,1,6,0,1,1,2,0,2,678,1853
2,1,14,5,6,0,3,2,2,5,2,0,0,0,0,678,1854
0,0,55,0,0,0,2,1,10,0,3,1,2,14,1,679,1855
1,0,56,0,0,0,2,1,9,0,1,1,2,12,1,679,1856
0,1,75,4,0,0,2,1,6,0,1,3,0,4,1,680,1857
0,0,44,0,3,2,4,1,7,0,1,1,2,32,1,681,1858
2,1,11,5,3,0,2,2,2,4,2,0,0,0,0,681,1859
1,0,40,0,5,2,3,1,5,0,1,1,2,13,1,681,1860
2,1,11,5,3,0,2,2,2,4,3,0,0,0,0,681,1861
0,1,44,0,6,3,3,1,6,0,1,1,2,15,1,682,1862
0,0,47,0,0,0,2,1,6,0,1,1,2,28,1,682,1863
7,1,20,5,0,0,2,2,7,6,2,1,2,3,1,683,1864
2,0,11,5,7,1,2,2,2,4,2,0,0,0,0,684,1865
0,0,34,0,0,0,2,2,7,6,2,1,2,16,1,684,1866
2,0,6,5,7,0,2,2,1,1,2,0,0,0,0,684,1867
1,1,40,0,5,2,3,1,6,0,1,1,1,8,1,684,1868
0,1,29,5,0,0,2,1,6,0,1,1,2,11,1,685,1869
7,1,24,5,0,0,2,1,5,0,1,1,2,7,1,686,1870
0,0,22,5,0,0,2,1,6,0,1,1,2,15,1,686,1871
7,0,40,5,0,0,2,1,10,0,1,2,2,16,1,687,1872
1,1,40,0,0,0,2,1,6,0,1,1,2,7,1,687,1873
7,0,14,5,0,0,2,2,3,5,2,0,0,0,0,687,1874
0,0,44,0,0,0,2,1,6,0,1,1,2,22,1,687,1875
1,1,42,0,6,2,5,1,2,0,1,3,0,0,1,688,1876
2,0,18,5,6,0,3,2,5,6,2,1,2,1,1,688,1877
1,1,43,0,6,2,5,1,2,0,1,3,0,0,1,688,1878
2,0,17,5,6,0,3,2,5,5,2,1,2,2,1,688,1879
1,1,28,0,5,3,4,1,8,0,1,3,2,1,1,689,1880
0,1,30,0,0,0,2,1,0,0,1,1,0,3,2,689,1881
2,0,1,5,0,0,0,0,0,0,0,0,0,0,0,689,1882
2,1,14,5,0,0,3,2,2,4,2,0,0,0,0,690,1883
2,0,23,5,0,0,3,1,6,0,1,1,2,7,1,690,1884
1,1,47,0,0,3,4,1,1,0,1,3,0,0,1,690,1885
0,0,50,0,0,2,4,1,2,0,1,3,0,21,2,690,1886
2,1,17,5,0,0,3,2,5,5,2,3,0,0,1,690,1887
7,1,35,2,0,3,4,1,2,0,2,3,2,7,1,691,1888
2,1,31,0,0,3,5,1,4,0,1,1,0,6,1,691,1889
2,1,17,5,0,0,5,2,3,5,2,3,0,0,1,691,1890
7,0,5,5,0,0,2,2,0,2,2,0,0,0,0,691,1891
2,1,8,5,0,0,4,2,1,3,2,0,0,0,0,691,1892
2,1,6,5,0,0,4,2,0,0,2,0,0,0,0,691,1893
1,0,49,0,0,2,1,1,0,0,1,1,1,5,1,691,1894
1,1,33,0,0,0,2,1,8,0,1,1,2,7,1,692,1895
2,1,1,5,0,0,0,0,0,0,0,0,0,0,0,692,1896
1,1,39,0,0,0,2,1,10,0,1,1,2,36,1,692,1897
2,0,6,5,0,0,2,2,1,2,3,0,0,0,0,692,1898
2,0,4,5,3,0,0,1,0,0,1,0,0,0,0,693,1899
2,0,7,5,3,0,4,2,1,3,2,0,0,0,0,693,1900
1,1,37,0,3,3,5,1,0,0,1,3,0,3,1,693,1901
0,0,41,0,3,2,5,1,2,0,1,3,2,6,1,693,1902
2,0,4,5,3,0,0,1,0,0,1,0,0,0,0,693,1903
0,0,55,0,0,0,2,1,10,0,1,1,2,22,1,694,1904
1,1,53,0,0,0,2,1,9,0,1,1,2,13,1,694,1905
2,1,33,3,0,0,2,1,9,0,1,1,2,12,1,694,1906
1,1,60,0,6,0,2,1,0,0,1,3,0,3,2,695,1907
5,1,18,5,0,0,2,1,1,0,1,1,2,3,1,695,1908
1,1,31,0,0,3,4,1,6,0,1,1,2,9,1,695,1909
2,1,11,5,1,0,3,2,2,4,2,0,0,0,0,695,1910
0,0,40,0,6,3,5,1,0,0,1,1,2,7,1,695,1911
2,1,2,5,0,0,0,0,0,0,0,0,0,0,0,695,1912
0,0,32,5,0,0,2,1,9,0,1,1,2,18,1,696,1913
2,0,17,5,6,3,5,2,5,5,2,3,2,0,1,697,1914
1,1,43,0,6,3,1,1,2,0,1,3,2,0,1,697,1915
2,0,11,5,6,0,5,2,1,4,2,0,0,0,0,697,1916
5,1,1,5,6,0,0,0,0,0,0,0,0,0,0,697,1917
1,1,34,0,6,3,1,1,2,0,1,3,2,2,1,697,1918
2,0,18,5,6,3,5,2,5,5,2,3,2,3,2,697,1919
2,1,19,5,6,3,1,1,2,0,1,3,0,0,1,697,1920
2,1,18,5,0,0,3,2,3,5,3,3,0,0,1,698,1921
2,0,9,5,0,0,2,2,1,3,3,0,0,0,0,698,1922
1,1,40,0,0,3,3,1,9,0,1,3,2,0,1,698,1923
0,0,44,0,0,0,2,1,9,0,1,1,2,42,1,698,1924
0,1,51,3,0,0,2,1,7,0,1,3,0,10,1,699,1925
7,0,22,0,0,3,1,1,0,0,1,1,2,8,1,700,1926
7,0,26,0,0,3,1,1,3,0,1,1,2,1,2,700,1927
7,0,22,0,0,3,1,1,0,0,1,1,2,0,1,700,1928
6,0,20,5,0,0,4,1,5,0,1,1,2,3,2,700,1929
7,0,22,0,0,3,1,1,0,0,1,1,2,8,1,700,1930
7,0,18,5,0,3,1,1,6,0,1,1,1,6,2,700,1931
4,0,17,5,0,3,1,1,2,0,1,1,2,12,2,700,1932
0,0,23,5,0,3,1,1,6,0,1,3,2,0,1,700,1933
6,1,30,5,1,3,5,1,6,0,1,1,2,10,1,700,1934
0,0,29,5,0,0,2,1,6,0,1,1,2,12,2,701,1935
1,1,29,0,6,3,5,1,2,0,1,3,2,6,2,701,1936
4,0,28,1,6,3,5,1,2,0,1,3,2,5,2,701,1937
2,0,8,5,0,0,3,2,1,3,2,0,0,0,0,702,1938
1,1,33,0,6,0,3,1,2,0,1,1,2,9,2,702,1939
2,1,2,5,6,0,0,0,0,0,0,0,0,0,0,702,1940
2,1,13,5,6,0,3,2,2,4,2,0,0,0,1,703,1941
0,1,39,3,6,3,3,1,10,0,1,1,2,9,2,703,1942
7,0,44,2,6,0,3,1,2,0,1,3,2,0,1,703,1943
2,1,8,5,6,0,2,2,0,3,2,0,0,0,0,704,1944
0,0,41,0,6,0,3,1,7,0,1,3,2,17,1,704,1945
2,1,20,5,6,0,3,1,5,6,1,1,2,2,1,704,1946
0,0,40,0,1,0,3,2,7,6,2,1,2,16,1,704,1947
2,0,21,5,6,0,2,1,6,0,1,1,2,6,1,704,1948
2,1,22,5,1,0,2,1,6,0,1,1,2,12,2,705,1949
0,0,72,0,1,0,2,1,9,0,1,3,0,7,1,705,1950
2,1,14,5,1,0,2,2,2,5,3,0,0,0,0,705,1951
1,1,50,0,1,0,2,1,6,0,1,1,2,15,1,705,1952
0,0,72,0,1,0,2,1,9,0,1,3,0,8,1,705,1953
0,0,59,0,0,0,2,1,7,0,1,3,2,10,2,706,1954
1,1,65,0,0,0,2,1,8,0,1,3,2,5,1,706,1955
0,0,57,0,0,0,2,1,6,0,1,1,2,21,1,707,1956
1,1,45,0,0,0,2,1,6,0,1,1,2,10,1,707,1957
0,0,47,3,0,0,2,1,8,0,1,1,2,6,1,708,1958
2,1,14,5,1,0,2,2,2,5,3,0,0,0,0,709,1959
1,1,46,0,1,0,2,1,6,0,1,1,2,13,1,709,1960
2,0,23,5,1,0,2,1,6,0,1,3,2,0,1,709,1961
0,0,62,0,1,2,2,1,9,0,1,3,0,8,1,709,1962
2,1,14,5,1,0,2,2,2,5,3,0,0,0,0,709,1963
0,0,49,0,0,0,2,1,9,0,1,1,2,41,1,710,1964
7,1,77,4,0,0,2,1,10,0,1,3,0,15,2,710,1965
1,1,47,0,0,2,2,1,7,0,1,1,0,0,1,710,1966
2,1,12,5,0,0,2,2,2,4,2,0,0,0,0,710,1967
0,0,80,0,0,0,2,1,9,0,1,3,0,22,1,711,1968
1,1,76,0,0,0,2,1,9,0,1,3,0,5,1,711,1969
2,0,9,5,1,0,2,2,1,3,2,0,0,0,0,712,1970
2,1,6,5,1,0,2,2,0,0,2,0,0,0,0,712,1971
0,1,32,5,1,0,2,1,7,0,1,3,2,14,1,712,1972
7,0,22,5,1,0,2,1,6,0,1,1,2,2,1,713,1973
2,0,22,5,1,0,2,1,6,0,1,2,2,2,1,713,1974
2,1,23,5,1,0,2,1,6,0,1,1,2,3,1,713,1975
2,1,11,5,0,0,2,2,2,4,3,0,0,0,0,714,1976
0,0,38,0,0,0,2,1,9,0,1,1,2,39,1,714,1977
1,1,41,0,0,0,2,1,10,0,1,3,2,13,1,714,1978
2,1,3,5,0,0,0,2,1,1,3,0,0,0,0,714,1979
6,0,12,5,6,0,3,2,2,4,2,0,0,0,0,715,1980
1,1,30,0,6,0,3,1,6,0,1,1,2,7,1,715,1981
0,1,44,0,6,3,5,1,2,0,1,3,2,5,1,715,1982
2,0,20,5,6,0,3,1,5,0,1,3,2,0,1,715,1983
5,1,4,5,6,1,0,2,0,1,2,0,0,0,0,715,1984
2,0,22,5,6,0,3,1,3,0,1,3,0,0,1,715,1985
1,0,27,5,6,0,2,1,6,0,1,1,2,5,1,715,1986
1,1,55,0,1,0,2,1,8,0,1,1,2,19,1,716,1987
0,0,63,0,1,0,2,1,9,0,1,3,2,30,1,716,1988
4,0,22,5,6,0,3,1,6,0,1,1,2,5,1,717,1989
4,0,38,5,6,3,3,1,6,0,1,1,2,1,1,717,1990
0,1,37,5,6,3,3,1,6,0,1,3,2,15,1,717,1991
6,0,9,5,6,0,3,2,0,3,2,0,0,0,0,717,1992
0,1,37,5,6,3,3,1,6,0,1,3,2,16,1,717,1993
4,0,34,5,6,3,3,1,5,0,1,1,2,18,1,717,1994
1,1,41,0,0,0,2,1,7,0,1,1,2,7,1,718,1995
5,0,8,5,7,0,2,2,1,3,2,0,0,0,0,718,1996
0,1,41,0,0,0,2,1,7,0,1,1,2,7,1,718,1997
3,0,32,0,1,0,2,1,6,0,1,1,2,3,1,718,1998
7,0,43,5,0,0,2,1,6,0,1,3,0,0,1,719,1999
0,0,29,5,0,0,2,1,6,0,1,1,2,8,1,719,2000
0,0,26,5,1,0,2,1,6,0,1,1,2,3,1,719,2001
0,0,57,0,0,0,2,1,8,0,1,1,2,17,1,720,2002
1,1,57,3,0,0,2,1,6,0,1,3,2,9,1,720,2003
2,0,3,5,0,0,0,2,0,1,2,0,0,0,0,721,2004
1,1,36,0,0,3,3,1,8,0,1,3,0,0,1,721,2005
2,0,35,5,0,3,5,1,10,0,1,1,2,34,1,721,2006
0,1,43,5,0,3,5,1,0,0,1,1,2,6,1,721,2007
4,0,24,5,0,3,4,1,2,0,1,3,2,4,1,722,2008
7,0,34,1,0,3,5,1,3,0,1,3,2,0,1,722,2009
1,1,21,0,0,3,5,1,2,0,1,3,0,0,1,722,2010
7,0,20,5,0,3,5,1,6,0,1,3,0,0,1,722,2011
2,1,0,5,0,3,0,0,0,0,0,0,0,0,0,722,2012
7,0,21,5,0,3,1,1,2,0,1,3,2,0,1,722,2013
7,0,23,5,0,3,1,1,2,0,1,3,2,0,1,722,2014
0,0,28,0,0,3,4,1,2,0,1,3,2,1,1,722,2015
2,1,0,5,0,3,0,0,0,0,1,0,0,0,0,722,2016
0,0,27,0,0,3,4,1,2,0,1,3,2,2,1,722,2017
0,0,29,5,5,0,2,1,9,0,1,1,2,32,2,723,2018
2,1,19,5,6,0,3,1,3,0,1,3,0,0,1,724,2019
2,1,19,5,6,0,3,1,3,0,1,3,0,0,1,724,2020
2,0,5,5,6,2,3,2,0,2,2,0,0,0,0,724,2021
2,0,9,5,6,0,4,2,2,4,2,0,0,0,0,724,2022
0,1,35,5,6,0,3,2,3,5,2,1,2,8,1,724,2023
1,1,56,0,0,2,3,1,6,0,1,1,2,19,2,725,2024
0,0,52,0,0,0,2,1,6,0,1,1,2,13,2,725,2025
2,0,21,5,6,2,5,1,6,0,1,1,2,12,1,726,2026
7,1,40,5,6,2,4,1,9,0,1,1,2,16,1,726,2027
2,0,19,5,6,2,5,1,4,0,1,3,2,0,1,726,2028
2,1,12,5,6,2,4,2,2,4,2,0,0,0,0,726,2029
0,0,43,5,6,3,5,1,6,0,1,1,2,24,1,726,2030
0,1,32,3,6,3,4,1,3,0,1,2,0,0,1,726,2031
3,1,73,0,6,3,1,1,0,0,1,3,0,0,1,726,2032
4,0,44,0,6,3,4,1,2,0,1,1,2,8,1,726,2033
2,0,19,5,6,2,5,1,4,0,1,3,2,0,1,726,2034
2,0,22,5,0,2,5,1,6,0,1,1,2,11,1,726,2035
4,0,43,0,6,3,4,1,2,0,1,1,2,9,1,726,2036
2,0,21,5,6,2,5,1,2,0,1,3,2,0,1,726,2037
2,0,29,5,0,0,2,1,6,0,1,1,2,26,1,727,2038
1,1,55,0,0,0,2,1,6,0,1,3,0,2,1,727,2039
0,0,57,0,0,0,2,1,7,0,1,1,2,38,1,727,2040
0,0,47,5,0,0,2,1,6,0,1,2,2,6,1,728,2041
0,0,37,2,1,0,2,1,10,0,1,1,2,9,1,729,2042
0,0,41,5,0,0,2,1,4,0,1,3,0,5,1,729,2043
2,1,12,5,7,0,2,2,2,4,2,0,0,0,0,730,2044
0,0,45,0,4,0,2,1,9,0,1,1,2,16,1,730,2045
1,1,32,0,0,0,2,2,6,0,3,2,2,0,1,730,2046
0,0,49,0,0,0,2,1,10,0,1,1,2,35,1,730,2047
2,0,6,5,0,0,2,2,1,3,2,0,0,0,0,731,2048
2,0,18,5,0,0,2,2,6,5,2,3,2,0,1,731,2049
1,0,45,0,0,0,2,1,6,0,1,1,2,24,1,731,2050
0,1,44,4,0,0,2,1,7,0,1,3,2,6,1,731,2051
2,1,11,5,0,0,2,2,2,4,2,0,0,0,0,731,2052
1,1,44,0,0,0,2,1,9,0,1,3,0,0,1,731,2053
0,1,39,5,0,0,2,1,9,0,1,1,2,31,1,732,2054
0,0,30,5,2,0,2,2,7,6,2,1,2,4,1,733,2055
1,1,33,5,1,3,2,2,9,7,2,2,2,5,2,733,2056
0,1,30,5,0,0,2,1,6,0,1,1,2,6,1,734,2057
0,0,30,5,0,0,2,1,7,0,1,1,2,9,1,735,2058
0,0,35,5,6,0,5,1,6,0,1,2,2,4,1,736,2059
2,0,4,5,6,0,0,2,1,1,2,0,0,0,0,736,2060
1,1,38,0,6,2,5,1,2,0,1,1,2,7,1,736,2061
2,0,11,5,6,0,2,2,2,4,2,0,0,0,0,736,2062
0,1,68,3,0,0,2,1,8,0,1,3,0,4,1,737,2063
0,1,53,0,0,2,4,1,1,0,1,1,2,5,1,738,2064
1,0,52,0,0,2,3,1,0,0,1,1,2,5,1,738,2065
2,0,14,5,6,0,3,2,2,5,2,0,0,0,0,739,2066
2,0,14,5,6,0,3,2,2,5,2,0,0,0,0,739,2067
2,0,5,5,6,0,2,2,1,2,2,0,0,0,0,739,2068
1,1,38,0,0,0,3,1,7,0,1,1,2,9,1,739,2069
0,0,38,0,6,2,3,1,6,0,1,1,2,32,1,739,2070
1,1,38,0,3,0,3,1,6,0,1,1,2,9,1,740,2071
2,1,8,5,7,0,2,2,1,3,2,0,0,0,0,740,2072
1,1,34,0,0,0,2,1,9,0,1,1,2,9,1,740,2073
0,0,36,0,0,0,2,1,6,0,1,1,2,12,1,740,2074
0,0,37,5,7,0,2,2,8,6,2,1,2,13,1,741,2075
0,1,44,3,6,3,5,1,2,0,1,3,2,6,1,742,2076
0,1,30,5,6,0,3,2,3,5,2,1,2,5,1,742,2077
5,0,6,5,6,0,2,2,1,3,2,0,0,0,0,742,2078
2,0,10,5,6,0,4,2,2,4,2,0,0,0,0,742,2079
2,1,27,5,6,0,3,1,6,0,1,2,2,4,1,742,2080
0,0,30,5,0,0,2,1,9,0,1,1,2,9,1,743,2081
5,0,22,5,0,0,2,2,7,6,3,1,2,1,1,744,2082
2,1,22,5,0,0,2,2,7,6,2,1,0,4,1,744,2083
1,1,55,4,0,0,2,1,6,0,1,1,2,4,1,744,2084
2,1,17,5,0,3,3,2,3,5,2,3,2,0,2,745,2085
2,0,29,5,0,3,4,2,7,6,2,3,2,1,1,745,2086
2,0,30,1,0,3,5,1,4,0,1,1,1,0,1,745,2087
2,1,4,5,0,0,0,2,0,1,2,0,0,0,0,745,2088
5,1,2,5,0,0,0,0,0,0,0,0,0,0,0,745,2089
2,1,27,0,0,2,3,1,6,0,1,1,2,0,1,745,2090
2,1,25,1,0,2,3,1,5,0,1,3,0,0,1,745,2091
2,0,30,1,0,3,5,1,4,0,1,1,1,1,1,745,2092
5,1,2,5,0,2,0,0,0,0,0,0,0,0,0,745,2093
0,0,34,5,6,2,4,1,2,0,1,1,2,8,1,746,2094
1,0,30,0,6,2,4,2,0,6,3,3,2,8,1,746,2095
0,0,50,3,0,0,2,1,6,0,1,1,2,20,1,747,2096
0,0,57,0,0,0,2,1,5,0,1,1,2,10,1,748,2097
0,0,56,0,0,2,5,1,0,0,1,2,2,7,1,748,2098
0,1,85,4,0,0,2,1,6,0,1,3,0,6,2,749,2099
0,0,80,4,0,0,4,1,7,0,1,3,0,16,1,750,2100
0,0,76,0,4,3,5,1,9,0,1,3,1,6,1,751,2101
0,0,69,0,0,3,4,1,9,0,1,3,1,5,1,751,2102
0,0,43,0,0,0,2,1,7,0,1,2,2,12,1,752,2103
1,1,42,0,0,0,2,1,6,0,1,1,2,12,1,752,2104
0,0,56,3,0,2,3,1,10,0,1,1,2,13,1,753,2105
0,1,64,3,0,0,2,1,9,0,1,3,2,19,1,754,2106
0,0,82,0,0,0,4,1,7,0,1,3,0,18,1,755,2107
1,1,79,0,0,2,2,1,6,0,1,3,0,5,1,755,2108
0,0,85,0,0,0,2,1,7,0,1,3,0,11,1,756,2109
1,1,79,0,0,0,2,1,8,0,1,3,0,4,1,756,2110
4,1,20,1,6,3,4,1,6,0,1,1,2,2,1,757,2111
4,1,24,5,6,3,5,1,2,0,1,3,0,0,1,757,2112
2,0,13,5,6,3,4,2,2,4,2,0,0,0,0,757,2113
4,1,20,5,6,3,1,1,3,0,1,3,0,0,1,757,2114
2,0,11,5,6,3,4,1,2,4,1,0,0,0,0,757,2115
4,0,19,5,6,3,1,1,6,0,1,1,2,0,1,757,2116
2,1,29,1,6,3,5,1,2,0,1,3,0,0,1,757,2117
2,0,8,5,6,3,4,2,1,3,2,0,0,0,0,757,2118
4,1,21,5,6,3,1,1,3,0,1,3,0,0,1,757,2119
4,1,20,1,6,3,4,1,6,0,1,1,2,2,1,757,2120
0,0,47,1,6,3,5,1,3,0,1,1,2,15,2,757,2121
2,1,28,5,6,3,5,1,2,0,1,3,2,0,1,757,2122
4,0,23,5,6,3,5,1,6,0,1,3,2,4,1,757,2123
4,1,20,1,6,3,4,1,6,0,1,1,2,2,1,757,2124
6,0,3,5,6,3,0,2,0,1,2,0,0,0,0,757,2125
0,0,32,5,5,3,5,1,6,0,1,3,1,2,1,758,2126
0,0,53,0,0,0,2,1,9,0,1,1,2,27,1,759,2127
1,1,50,0,7,2,2,1,9,0,1,1,2,25,1,759,2128
7,1,39,3,0,1,2,1,8,0,1,3,2,16,1,760,2129
7,1,24,5,0,2,3,2,6,6,2,1,2,6,2,760,2130
2,1,12,5,0,0,2,2,2,4,3,0,0,0,0,760,2131
2,0,12,5,0,0,2,2,2,4,3,0,0,0,0,760,2132
0,0,37,5,0,0,2,1,10,0,1,1,2,31,1,761,2133
2,0,12,5,0,0,2,2,2,4,2,0,0,0,0,762,2134
2,1,14,5,0,0,2,2,2,5,2,0,0,0,0,762,2135
0,0,41,0,0,0,2,1,9,0,1,1,2,35,1,762,2136
2,0,13,5,0,0,2,2,2,4,3,0,0,0,0,762,2137
1,1,40,0,0,0,2,1,9,0,1,1,2,22,1,762,2138
4,1,30,5,0,2,3,1,6,0,1,1,2,15,1,763,2139
2,1,1,5,0,0,0,0,0,0,0,0,0,0,0,763,2140
4,0,33,3,0,2,3,1,7,0,1,1,2,21,1,763,2141
2,1,31,5,0,3,4,1,6,0,1,1,2,6,1,763,2142
7,0,22,5,6,3,5,1,6,0,1,3,2,8,1,764,2143
5,1,6,5,6,0,3,2,1,2,2,0,0,0,0,764,2144
2,1,18,5,6,0,3,2,2,0,1,3,0,0,0,764,2145
2,1,12,5,6,0,3,2,2,4,2,0,0,0,0,764,2146
0,1,41,0,6,3,3,1,1,0,1,3,2,4,1,764,2147
5,1,5,5,6,0,3,2,1,1,2,0,0,0,0,764,2148
7,0,21,5,6,3,5,1,6,0,1,3,2,6,1,764,2149
1,1,43,0,5,3,5,1,6,0,1,3,0,0,1,765,2150
2,0,13,5,6,0,3,2,2,4,2,0,0,0,0,765,2151
7,1,44,0,5,2,4,1,6,0,1,3,1,10,1,765,2152
0,0,44,0,6,2,4,1,8,0,1,1,2,21,1,765,2153
1,1,35,0,0,0,2,1,6,0,1,3,2,0,1,766,2154
2,1,12,5,0,0,2,2,2,4,2,0,0,0,0,766,2155
0,0,44,0,0,0,2,1,9,0,1,1,2,48,1,766,2156
2,1,0,0,0,0,0,0,0,0,0,0,0,0,0,767,2157
0,0,25,0,0,0,2,2,7,6,2,1,2,15,1,767,2158
1,1,22,0,0,0,2,1,6,0,1,3,2,11,1,767,2159
0,0,41,0,0,0,2,1,9,0,1,1,2,43,1,768,2160
2,0,9,5,0,0,2,2,1,3,2,0,0,0,0,768,2161
1,1,43,0,0,0,2,1,7,0,1,1,2,10,1,768,2162
2,0,13,5,0,0,2,2,2,4,2,0,0,0,0,768,2163
7,1,31,5,0,0,3,1,6,0,1,3,2,6,1,769,2164
2,1,6,5,0,0,3,2,0,2,2,0,0,0,0,769,2165
2,1,9,5,0,0,3,2,1,3,2,0,0,0,0,769,2166
2,1,9,5,0,3,3,2,1,3,2,0,0,0,0,769,2167
2,0,4,5,0,0,0,1,0,0,1,0,0,0,0,769,2168
0,1,39,1,0,3,3,1,2,0,1,1,2,3,1,769,2169
1,0,28,0,1,0,2,2,6,6,3,1,2,11,2,770,2170
0,0,69,0,1,0,2,1,6,0,1,3,2,9,1,770,2171
2,0,20,5,1,0,2,2,6,5,3,3,0,0,2,770,2172
0,0,60,0,5,2,3,1,9,0,1,1,2,12,1,771,2173
2,1,17,5,5,0,2,2,4,5,3,1,2,0,1,771,2174
1,1,48,0,5,2,3,1,9,0,1,1,2,12,1,771,2175
2,1,14,5,5,0,2,2,4,5,2,0,0,0,0,771,2176
0,1,30,5,0,0,2,1,7,0,1,1,2,10,1,772,2177
1,0,76,0,0,0,2,1,8,0,1,3,0,17,1,773,2178
0,1,80,0,0,0,2,1,6,0,1,3,0,5,1,773,2179
2,1,30,5,0,0,3,1,9,0,1,1,2,28,1,774,2180
1,1,62,0,0,2,3,1,6,0,1,3,0,2,1,774,2181
1,1,61,0,0,2,3,1,7,0,1,3,0,24,1,774,2182
0,0,34,5,0,0,2,1,6,0,1,1,2,7,2,775,2183
0,0,40,5,0,0,2,1,6,0,1,3,2,18,1,776,2184
0,0,33,5,0,0,2,1,6,0,1,1,2,13,2,777,2185
0,1,29,3,0,0,3,1,9,0,1,1,2,21,1,778,2186
0,0,51,3,0,0,2,1,8,0,1,1,2,31,2,779,2187
2,1,14,5,0,0,2,2,4,5,2,0,0,0,0,779,2188
0,0,37,1,0,0,2,1,9,0,1,1,2,26,1,780,2189
2,1,12,5,6,0,4,2,2,4,2,0,0,0,0,781,2190
2,0,14,5,6,0,3,2,2,4,2,0,0,0,0,781,2191
5,0,8,5,6,1,3,2,1,3,2,0,0,0,0,781,2192
0,1,43,0,6,3,5,1,3,0,1,1,0,5,1,781,2193
2,0,20,5,6,0,3,1,5,0,1,3,2,0,1,781,2194
1,1,39,0,6,2,3,1,1,0,1,3,0,0,1,781,2195
0,1,50,1,6,3,4,1,2,0,1,3,2,5,1,781,2196
0,1,79,4,0,0,2,1,7,0,1,3,0,13,1,782,2197
2,0,12,5,0,0,2,2,2,4,2,0,0,0,0,783,2198
0,1,38,3,0,0,2,2,7,6,2,1,2,10,1,783,2199
2,1,12,5,0,0,2,2,2,5,2,0,0,0,0,783,2200
1,1,58,0,0,0,2,1,10,0,1,1,2,3,1,784,2201
0,0,57,0,0,0,2,1,9,0,1,1,2,31,1,784,2202
1,1,47,0,0,0,2,1,9,0,1,1,2,10,1,784,2203
0,1,30,5,0,0,2,1,10,0,1,1,2,17,1,785,2204
7,0,50,1,6,3,5,1,2,0,1,2,2,3,1,786,2205
0,0,31,5,6,3,3,1,6,0,1,1,2,8,1,786,2206
2,1,20,5,6,3,3,1,6,0,1,3,0,0,1,787,2207
2,1,26,5,6,3,3,1,6,0,1,1,2,5,1,787,2208
2,1,21,5,6,3,3,1,6,0,1,3,0,0,1,787,2209
0,0,52,0,6,3,3,1,6,0,1,1,2,7,1,787,2210
7,1,37,5,0,0,2,1,7,0,1,3,2,6,1,788,2211
1,1,40,0,0,3,1,1,0,0,1,1,2,6,1,789,2212
2,1,14,5,0,0,3,2,3,5,2,0,0,0,0,789,2213
2,0,23,5,0,3,3,1,6,0,1,1,2,10,1,789,2214
2,1,8,5,0,0,3,2,1,3,2,0,0,0,0,789,2215
0,0,40,0,0,3,5,1,2,0,1,3,0,6,1,789,2216
5,0,7,5,0,0,3,2,1,3,2,0,0,0,0,789,2217
0,1,68,4,0,0,2,1,10,0,1,1,1,30,1,790,2218
2,0,3,5,5,0,0,2,1,1,2,0,0,0,0,791,2219
0,0,35,0,5,3,2,2,9,7,2,1,2,19,1,791,2220
2,0,4,5,0,0,3,2,1,1,2,0,0,0,0,791,2221
2,1,12,5,5,0,3,2,2,4,2,0,0,0,0,791,2222
2,0,9,5,7,0,3,2,1,3,2,0,0,0,0,792,2223
0,0,37,0,6,3,3,1,5,0,1,1,2,19,2,792,2224
2,0,12,5,6,0,3,2,2,4,2,0,0,0,0,792,2225
6,0,18,5,6,3,5,2,5,5,2,1,2,13,2,792,2226
1,1,34,0,6,3,4,1,6,0,1,3,0,0,1,792,2227
2,0,1,5,6,0,0,0,0,0,0,0,0,0,0,792,2228
5,0,2,5,7,0,0,0,0,0,0,0,0,0,0,793,2229
1,1,50,0,0,0,2,1,6,0,1,1,2,6,2,793,2230
0,0,51,0,0,0,2,1,9,0,1,1,2,10,1,793,2231
4,1,26,5,5,0,2,2,6,6,3,1,2,4,1,793,2232
1,1,50,0,0,0,2,1,6,0,1,1,2,6,2,793,2233
7,0,36,5,0,0,2,1,6,0,1,1,2,8,1,794,2234
0,0,31,5,0,0,2,1,6,0,1,1,2,17,1,794,2235
1,0,76,0,0,2,2,1,10,0,1,1,0,11,1,795,2236
0,1,85,0,0,0,2,1,7,0,1,3,0,6,1,795,2237
0,1,85,4,7,0,2,1,6,0,1,3,0,9,2,796,2238
0,1,49,1,0,0,2,1,10,0,1,1,2,20,1,797,2239
2,0,12,5,0,0,2,2,2,4,2,0,0,0,0,798,2240
2,1,14,5,0,0,2,2,2,4,2,0,0,0,0,798,2241
2,0,13,5,0,0,2,2,2,4,2,0,0,0,0,798,2242
2,1,10,5,0,0,2,2,2,4,2,0,0,0,0,798,2243
2,0,12,5,6,0,4,2,2,4,2,0,0,0,0,798,2244
0,0,37,0,0,0,2,1,6,0,1,2,2,3,1,798,2245
0,0,37,0,0,0,2,1,6,0,1,2,2,3,1,798,2246
2,0,10,5,0,0,2,2,2,4,2,0,0,0,0,798,2247
1,0,44,0,0,0,2,1,5,0,1,3,2,6,2,799,2248
0,0,40,0,0,0,2,1,6,0,1,3,1,3,1,799,2249
1,1,53,0,0,0,2,1,7,0,1,3,2,5,2,799,2250
2,0,42,3,0,0,2,1,7,0,1,3,1,4,1,799,2251
7,0,31,2,0,0,2,1,6,0,1,1,2,4,1,800,2252
2,0,18,5,7,0,2,2,5,5,2,3,2,0,1,800,2253
2,0,25,5,8,0,3,1,4,0,1,1,2,7,1,800,2254
0,0,34,0,7,0,2,1,6,0,1,1,2,10,1,801,2255
2,1,13,5,0,0,2,2,2,5,2,0,0,0,0,801,2256
1,0,44,0,0,3,2,1,0,0,1,2,2,5,1,801,2257
0,0,39,3,0,0,3,1,7,0,1,1,2,23,1,802,2258
1,1,38,0,7,0,2,1,9,0,1,1,2,9,1,803,2259
1,1,40,0,0,0,2,1,9,0,1,1,2,24,1,803,2260
0,1,47,0,0,0,2,1,0,0,1,3,0,10,1,803,2261
2,0,4,5,0,0,2,2,1,1,3,0,0,0,0,803,2262
0,0,72,0,0,0,2,1,9,0,1,3,0,30,1,804,2263
0,0,71,0,0,0,2,1,9,0,1,3,0,29,1,804,2264
7,1,47,4,0,0,2,1,6,0,1,3,0,3,2,805,2265
0,1,43,3,5,0,3,1,6,0,1,1,2,6,1,806,2266
0,0,53,0,0,0,2,1,6,0,1,1,2,27,1,807,2267
1,1,60,0,0,0,2,1,6,0,1,3,2,0,1,807,2268
0,1,57,5,0,0,2,1,6,0,1,1,2,13,1,808,2269
0,0,47,0,0,0,2,1,7,0,1,1,2,27,1,809,2270
1,0,60,0,0,0,2,1,7,0,1,0,2,6,2,809,2271
0,1,85,4,0,0,2,1,2,0,1,3,0,6,2,810,2272
0,0,48,1,0,0,2,1,9,0,1,1,2,45,1,811,2273
4,1,29,2,0,0,2,1,6,0,1,1,2,2,1,811,2274
7,0,42,5,0,0,2,1,0,0,1,3,2,6,2,812,2275
2,0,6,5,0,0,2,2,0,3,2,0,0,0,0,813,2276
2,1,15,5,0,0,2,2,3,5,2,0,0,0,0,813,2277
1,1,40,0,0,0,3,1,7,0,1,3,2,7,1,813,2278
2,1,12,5,0,0,2,2,2,4,2,0,0,0,0,813,2279
0,0,47,0,0,2,2,2,7,6,2,1,1,22,2,813,2280
2,1,9,5,0,0,2,2,1,3,2,0,0,0,0,813,2281
2,0,14,5,0,3,3,2,2,4,2,0,0,0,0,814,2282
0,0,32,5,0,3,5,1,5,0,1,2,2,2,1,814,2283
7,0,34,1,0,3,1,1,2,0,1,1,2,5,1,814,2284
7,0,2,5,0,0,0,0,0,0,0,0,0,0,0,814,2285
7,1,30,5,0,3,5,2,3,6,2,3,2,0,1,814,2286
7,1,12,5,0,3,1,1,2,0,1,0,0,0,0,814,2287
7,0,23,5,0,3,1,1,6,0,1,1,2,5,1,814,2288
4,0,26,1,0,3,1,1,3,0,1,1,2,3,1,814,2289
2,0,11,5,0,0,4,1,1,0,2,1,0,0,0,814,2290
4,0,25,1,0,3,1,1,3,0,1,1,2,3,1,814,2291
0,1,74,3,2,0,2,1,8,0,1,3,0,4,1,815,2292
0,1,41,3,0,0,2,1,6,0,1,1,2,16,2,816,2293
0,0,45,0,0,0,2,1,7,0,1,1,2,15,2,817,2294
1,1,50,0,0,0,2,1,6,0,1,1,2,13,1,817,2295
2,0,30,5,0,0,2,1,7,0,1,2,2,1,2,818,2296
0,1,53,0,0,0,2,1,8,0,1,3,0,3,1,818,2297
2,0,53,0,0,0,2,1,6,0,1,2,2,15,1,818,2298
0,1,76,3,0,0,2,1,6,0,1,3,0,8,1,819,2299
0,0,62,3,0,0,2,1,10,0,1,1,2,41,1,820,2300
1,1,54,0,0,0,2,1,6,0,1,1,2,3,1,821,2301
0,0,45,0,0,0,2,1,6,0,1,1,2,35,1,821,2302
0,1,41,5,0,0,2,1,6,0,1,3,2,6,1,822,2303
4,0,35,5,6,3,3,1,6,0,1,1,2,1,1,823,2304
2,0,22,5,6,0,3,1,6,0,1,1,2,6,1,823,2305
6,0,19,5,6,0,3,2,6,6,2,1,2,6,1,823,2306
0,1,37,5,6,3,3,1,6,0,1,3,2,16,1,823,2307
0,1,37,5,6,3,3,1,6,0,1,3,2,14,1,823,2308
7,0,34,5,6,3,3,1,6,0,1,1,2,1,1,823,2309
2,0,8,5,3,0,4,2,1,3,2,0,0,0,0,824,2310
6,0,2,5,3,0,0,0,0,0,0,0,0,0,0,824,2311
3,1,53,3,3,3,3,1,6,0,1,3,2,0,1,824,2312
4,1,22,5,3,3,3,1,7,0,1,3,2,0,1,824,2313
3,1,54,3,3,3,3,1,6,0,1,3,2,0,1,824,2314
0,0,82,0,0,0,2,1,9,0,1,3,0,22,1,825,2315
1,1,79,0,0,0,2,1,9,0,1,3,0,4,1,825,2316
1,0,38,0,5,2,3,1,6,0,1,1,1,3,1,826,2317
2,1,8,5,7,0,2,2,1,3,2,0,0,0,0,826,2318
2,0,4,5,7,0,0,1,0,0,1,0,0,0,0,826,2319
2,0,4,5,7,0,0,1,0,0,1,0,0,0,0,826,2320
1,1,71,0,0,2,2,1,6,0,1,1,2,5,1,827,2321
0,0,65,0,0,2,2,1,6,0,1,1,2,6,2,827,2322
0,0,41,0,0,0,2,1,6,0,1,1,2,21,1,828,2323
1,1,38,0,0,0,2,1,6,0,1,1,1,6,1,828,2324
2,0,12,5,0,0,2,2,2,4,2,0,0,0,0,828,2325
2,0,15,5,0,0,2,2,4,5,2,3,2,0,1,828,2326
2,1,7,5,0,0,2,2,0,3,2,0,0,0,0,829,2327
2,0,4,5,0,0,0,2,0,1,2,0,0,0,0,829,2328
4,0,34,3,0,2,3,1,7,0,1,1,2,24,1,829,2329
4,0,33,3,0,0,3,1,7,0,1,1,2,21,1,829,2330
0,0,33,5,5,3,5,1,6,0,1,3,1,2,1,830,2331
1,1,30,0,0,3,2,2,9,7,3,1,2,23,1,831,2332
0,0,30,0,0,0,2,2,9,7,3,1,2,21,1,831,2333
2,0,13,5,5,3,3,2,2,4,2,0,0,0,0,832,2334
2,0,16,1,5,3,3,2,5,5,2,2,0,0,1,832,2335
2,0,16,5,5,3,3,2,4,5,2,3,0,9,1,832,2336
1,1,36,0,5,3,4,1,6,0,1,3,2,3,1,832,2337
2,0,4,5,5,2,0,1,0,0,1,0,0,0,0,832,2338
2,1,5,5,5,1,2,1,0,0,1,0,0,0,0,832,2339
2,0,4,5,5,2,0,1,0,0,1,0,0,0,0,832,2340
2,1,17,1,5,3,3,2,5,5,2,2,0,0,1,832,2341
2,0,14,5,5,3,3,2,2,4,2,0,0,0,0,832,2342
2,0,9,5,5,2,3,2,1,3,2,0,0,0,0,832,2343
1,1,47,0,0,0,2,1,6,0,1,1,2,15,1,833,2344
0,0,49,0,0,0,2,1,8,0,1,1,2,27,1,833,2345
2,0,19,5,0,0,4,2,6,6,2,3,0,0,1,834,2346
2,1,18,5,0,3,5,2,4,5,2,3,0,0,1,834,2347
6,0,3,5,0,0,0,2,0,1,2,0,0,0,0,834,2348
2,1,3,5,0,0,0,1,0,0,1,0,0,0,0,834,2349
2,1,0,5,0,0,0,0,0,0,0,0,0,0,0,834,2350
4,0,26,5,0,3,5,1,3,0,1,1,2,6,1,834,2351
0,0,30,5,0,3,4,1,4,0,1,1,2,17,1,834,2352
2,1,0,5,0,0,0,0,0,0,0,0,0,0,0,834,2353
2,1,20,5,0,0,3,2,6,5,2,3,0,0,1,835,2354
2,1,14,5,0,0,3,2,2,4,2,0,0,0,0,835,2355
2,0,21,5,0,0,3,2,7,6,2,3,2,4,2,835,2356
2,0,22,5,0,0,3,2,7,6,2,3,2,4,2,835,2357
0,0,50,0,0,2,4,1,2,0,1,3,2,22,2,835,2358
1,1,38,0,0,0,2,1,9,0,1,1,2,13,1,836,2359
0,0,41,0,0,0,2,1,10,0,1,1,2,22,1,836,2360
0,0,38,2,0,0,3,1,6,0,1,3,2,9,1,837,2361
7,1,34,0,0,0,2,1,8,0,1,1,1,6,1,838,2362
5,0,9,5,1,0,2,2,0,3,2,0,0,0,0,838,2363
5,0,10,5,1,0,2,2,0,3,2,0,0,0,0,838,2364
0,1,56,4,1,0,2,1,10,0,1,1,2,18,1,838,2365
1,1,46,0,2,0,2,1,6,0,1,1,2,20,1,838,2366
5,0,4,5,1,0,2,2,0,1,2,0,0,0,0,838,2367
0,1,78,4,0,0,2,1,5,0,1,3,0,5,1,839,2368
2,0,7,5,1,0,2,2,1,3,2,0,0,0,0,840,2369
0,1,30,0,1,0,2,1,6,0,1,3,2,13,1,840,2370
2,1,1,5,1,0,0,0,0,0,0,0,0,0,0,840,2371
2,0,12,5,0,0,2,2,2,4,2,0,0,0,0,841,2372
7,0,33,3,0,1,2,1,6,0,1,1,2,6,1,841,2373
2,1,8,5,0,0,2,2,1,3,2,0,0,0,0,841,2374
7,0,33,3,0,1,2,1,6,0,1,1,2,6,1,841,2375
2,0,11,5,1,0,2,2,2,4,3,0,0,0,0,842,2376
2,0,18,5,1,0,2,2,5,5,2,3,0,0,1,842,2377
1,1,40,0,1,0,2,1,9,0,1,1,2,30,1,842,2378
0,0,43,0,1,0,2,1,1,0,1,1,2,14,1,842,2379
0,1,26,2,1,0,2,1,6,0,1,2,1,7,1,843,2380
2,0,7,5,1,0,2,2,1,3,2,0,0,0,0,843,2381
2,1,1,5,1,0,0,0,0,0,0,0,0,0,0,843,2382
0,0,47,5,0,0,2,1,9,0,1,1,2,20,1,844,2383
0,0,30,0,7,0,4,2,9,7,3,1,2,31,1,845,2384
1,1,40,0,0,0,2,2,7,6,2,3,2,0,1,845,2385
2,1,8,5,0,0,2,2,1,3,3,0,0,0,0,845,2386
2,0,4,5,0,0,0,1,0,0,1,0,0,0,0,845,2387
2,1,11,5,0,0,2,2,2,4,3,0,0,0,0,845,2388
5,0,0,5,0,0,0,0,0,0,0,0,0,0,0,846,2389
7,0,29,5,6,0,3,1,6,0,1,1,2,9,1,846,2390
0,0,31,5,0,0,2,1,6,0,1,1,2,15,1,846,2391
1,1,56,0,0,0,2,1,7,0,1,3,2,38,1,847,2392
0,0,62,0,0,0,2,1,9,0,1,3,2,17,2,847,2393
2,1,9,5,0,3,3,2,1,3,2,0,0,0,0,848,2394
2,0,0,5,0,0,0,0,0,0,0,0,0,0,0,848,2395
1,0,36,0,0,0,3,1,5,0,1,3,0,0,1,848,2396
4,1,28,5,0,0,2,1,6,0,1,3,2,10,1,848,2397
2,1,9,5,0,0,3,2,1,3,2,0,0,0,0,848,2398
0,0,36,0,0,3,5,1,2,0,1,3,2,19,1,848,2399
0,0,40,3,0,0,2,1,6,0,1,1,1,27,1,849,2400
0,1,66,3,0,0,2,1,8,0,1,1,2,4,1,850,2401
2,0,15,5,0,0,2,2,3,5,2,0,0,0,0,851,2402
1,0,40,0,0,0,2,1,6,0,1,1,1,15,2,851,2403
2,0,12,5,0,0,2,2,2,4,2,0,0,0,0,851,2404
0,1,37,0,0,0,2,1,6,0,1,1,2,13,2,851,2405
1,1,40,0,0,0,2,1,8,0,1,1,2,8,1,852,2406
2,0,15,5,0,0,2,2,3,5,2,0,0,0,0,852,2407
2,0,14,5,0,0,2,2,3,0,2,0,0,0,0,852,2408
0,0,47,0,0,0,2,2,6,0,2,2,2,32,1,852,2409
7,0,47,0,5,2,5,1,6,0,1,1,1,9,1,853,2410
0,0,52,3,5,2,3,1,6,0,1,1,2,7,1,853,2411
7,1,48,0,5,2,4,1,6,0,1,3,2,7,1,853,2412
7,1,42,0,5,3,4,1,6,0,1,3,0,0,1,853,2413
2,1,34,5,5,0,2,1,8,0,3,1,2,6,1,853,2414
7,0,34,1,0,0,2,1,6,0,1,3,0,4,1,854,2415
0,1,30,2,7,0,2,1,6,0,1,1,2,9,1,855,2416
2,1,9,5,7,0,2,2,1,3,2,0,0,0,0,855,2417
0,1,28,5,7,0,2,1,9,0,1,2,2,35,2,856,2418
1,0,85,0,2,0,3,1,0,0,1,3,1,6,1,857,2419
0,1,79,0,2,0,4,1,6,0,1,3,0,2,1,857,2420
1,1,62,0,0,0,2,1,7,0,1,1,2,8,1,858,2421
0,1,65,0,0,0,2,1,6,0,1,3,0,11,1,858,2422
3,1,57,4,0,2,5,1,0,0,1,3,0,0,1,859,2423
0,0,46,0,3,0,3,2,7,6,2,3,0,5,1,859,2424
1,1,73,0,0,1,2,1,8,0,1,3,0,2,2,860,2425
0,0,74,0,0,0,2,1,9,0,1,3,0,20,2,860,2426
0,0,56,0,0,2,3,1,10,0,1,1,2,40,1,861,2427
7,0,52,3,5,2,2,1,9,0,1,1,2,13,1,861,2428
1,1,31,0,0,0,2,1,9,0,1,1,2,19,1,862,2429
2,0,36,0,0,0,2,1,7,0,1,1,0,36,1,862,2430
2,1,2,5,0,0,0,0,0,0,0,0,0,0,0,862,2431
7,1,2,5,6,3,0,0,0,0,0,0,0,0,0,863,2432
2,1,15,5,0,3,3,2,3,5,2,0,0,0,0,863,2433
7,0,32,5,6,3,2,1,3,0,1,2,2,2,1,863,2434
7,0,38,0,0,3,5,1,0,0,1,3,2,6,1,863,2435
7,1,30,0,6,3,1,1,0,0,1,3,0,0,1,863,2436
2,1,14,5,0,0,3,2,3,5,2,0,0,0,0,863,2437
2,1,2,5,6,3,0,0,0,0,0,0,0,0,0,863,2438
0,0,39,0,0,3,1,1,2,0,1,1,2,5,1,863,2439
0,0,34,5,0,2,4,1,6,0,1,3,2,4,2,863,2440
7,1,9,5,6,0,3,2,1,3,2,0,0,0,0,863,2441
7,0,29,5,0,3,2,1,2,0,1,1,2,0,1,863,2442
0,0,51,0,0,0,2,1,10,0,1,1,2,49,1,864,2443
2,0,12,5,0,0,2,2,2,4,3,0,0,0,0,864,2444
1,1,52,0,0,0,2,1,10,0,1,1,2,8,1,864,2445
0,1,67,4,0,0,5,1,6,0,1,1,2,10,1,865,2446
1,1,61,0,7,3,5,1,6,0,1,1,2,12,1,866,2447
0,0,55,0,6,0,2,1,7,0,1,3,2,3,2,866,2448
2,0,3,5,0,0,0,1,0,0,1,0,0,0,0,867,2449
1,1,34,0,0,3,1,1,6,0,1,1,2,10,1,867,2450
2,0,38,0,0,0,3,1,6,0,1,1,0,3,1,867,2451
2,0,12,5,0,0,3,2,1,5,2,0,0,0,0,867,2452
2,0,1,5,0,0,0,0,0,0,0,0,0,0,0,867,2453
2,1,12,5,0,0,2,2,2,4,2,0,0,0,0,867,2454
0,0,57,3,0,0,2,1,6,0,1,1,2,28,1,868,2455
1,0,57,0,4,0,2,1,7,0,1,1,2,3,1,869,2456
0,0,52,3,2,0,2,1,6,0,1,1,2,12,1,869,2457
0,1,53,0,0,3,2,1,5,0,1,1,0,12,1,870,2458
1,1,53,0,0,3,2,1,5,0,1,3,2,10,1,870,2459
2,0,14,5,6,0,3,2,2,5,2,0,0,0,0,871,2460
2,0,12,5,6,0,3,2,2,4,2,0,0,0,0,871,2461
0,1,41,3,6,2,3,1,7,0,1,1,2,16,1,871,2462
0,0,61,0,0,0,2,1,0,0,1,1,2,13,2,872,2463
1,1,76,0,0,0,2,1,0,0,1,2,2,17,1,872,2464
1,1,56,0,0,0,2,1,6,0,1,3,0,2,1,873,2465
0,0,72,0,0,0,2,1,6,0,1,3,2,49,2,873,2466
2,0,30,5,0,0,2,1,6,0,1,1,2,24,1,873,2467
7,0,35,0,0,0,5,2,9,0,1,1,2,7,2,874,2468
1,1,37,0,0,0,2,1,6,0,1,3,0,0,1,874,2469
2,0,7,5,1,0,2,2,0,3,1,0,0,0,0,874,2470
0,0,72,0,6,3,5,1,0,0,1,3,2,3,1,875,2471
1,1,65,0,6,3,5,1,0,0,1,3,0,2,1,875,2472
5,1,42,0,0,0,2,1,9,0,1,1,2,6,1,876,2473
0,0,51,0,5,2,4,1,10,0,1,1,2,18,1,876,2474
0,0,53,0,6,0,3,1,10,0,1,1,1,29,1,876,2475
0,1,40,0,0,3,1,1,1,0,1,2,2,4,1,877,2476
0,1,46,0,6,3,5,1,2,0,1,3,0,3,1,877,2477
0,1,44,0,6,3,5,1,1,0,1,3,0,3,1,877,2478
0,0,74,3,0,0,2,1,5,0,1,3,0,5,1,878,2479
0,0,40,0,5,2,1,1,2,0,1,3,2,7,1,879,2480
2,0,4,5,0,0,0,1,0,0,1,0,0,0,0,879,2481
2,0,9,5,0,0,2,2,1,3,2,0,0,0,0,879,2482
1,1,37,0,3,3,5,1,0,0,1,3,0,3,1,879,2483
2,0,7,5,0,0,4,2,1,3,2,0,0,0,0,879,2484
0,0,51,0,0,2,1,1,0,0,1,1,1,6,1,880,2485
2,0,14,5,0,3,1,2,4,5,2,0,0,0,0,880,2486
1,1,47,0,0,3,1,1,1,0,1,3,0,0,1,880,2487
2,1,21,5,0,2,4,2,6,6,2,3,0,0,1,880,2488
2,0,14,5,0,3,1,2,4,5,2,0,0,0,0,880,2489
0,0,51,0,0,2,1,1,0,0,1,1,2,6,1,880,2490
1,1,42,0,5,2,3,1,9,0,1,3,2,0,1,881,2491
2,1,14,5,5,0,2,2,3,5,2,0,0,0,0,881,2492
2,1,15,5,5,0,2,2,4,5,2,0,0,0,0,881,2493
2,1,15,5,5,0,2,2,4,5,2,0,0,0,0,881,2494
0,1,23,5,0,0,2,2,7,6,2,1,2,10,1,882,2495
7,0,20,5,0,0,2,1,6,0,1,1,2,5,1,882,2496
0,0,23,5,0,0,2,2,7,6,2,1,2,13,1,882,2497
0,0,36,2,1,0,2,1,8,0,1,1,2,22,1,883,2498
7,1,32,5,1,3,2,1,9,0,1,1,2,14,1,883,2499
0,0,45,0,5,0,2,1,9,0,1,1,2,30,1,884,2500
1,1,40,0,0,0,2,1,8,0,1,1,2,17,1,884,2501
2,0,2,5,0,0,0,0,0,0,1,0,0,0,0,884,2502
1,1,40,0,0,0,2,1,9,0,1,1,2,14,1,884,2503
6,0,34,5,1,0,2,1,3,0,1,1,2,0,1,885,2504
2,0,7,5,1,0,2,2,1,3,2,0,0,0,0,885,2505
0,1,48,3,1,0,2,1,6,0,1,1,2,13,1,885,2506
0,0,34,0,6,3,4,2,2,4,1,3,2,17,2,886,2507
2,0,1,5,0,0,0,0,0,0,0,0,0,0,0,886,2508
6,0,18,5,6,3,5,2,5,5,2,1,2,13,2,886,2509
2,0,5,5,6,0,3,2,1,2,2,0,0,0,0,886,2510
2,1,9,5,6,0,3,2,1,3,2,0,0,0,0,886,2511
0,0,32,0,6,2,4,2,2,4,2,3,2,17,2,886,2512
0,0,31,0,7,2,3,1,9,0,1,1,2,2,1,887,2513
2,1,3,5,7,0,0,2,0,1,3,0,0,0,0,887,2514
0,0,31,0,7,2,3,1,9,0,1,1,2,2,1,887,2515
2,0,1,5,7,0,0,0,0,0,0,0,0,0,0,887,2516
1,1,34,0,0,3,3,1,10,0,1,1,2,27,1,887,2517
2,0,7,5,0,0,3,2,0,3,2,0,0,0,0,888,2518
2,0,3,5,0,0,0,0,0,0,2,0,0,0,0,888,2519
1,1,38,0,0,3,2,1,6,0,1,1,2,6,1,888,2520
0,0,41,0,0,2,3,1,10,0,1,1,2,6,1,888,2521
1,1,38,0,6,3,5,1,3,0,1,3,0,0,1,888,2522
2,0,22,5,6,0,3,2,7,6,2,3,0,0,1,889,2523
0,0,47,4,6,0,4,1,7,0,1,3,1,0,1,889,2524
0,0,38,5,0,0,2,1,10,0,1,1,2,7,1,890,2525
1,1,37,0,6,0,3,1,6,0,1,1,2,7,1,891,2526
2,0,26,5,6,0,3,1,6,0,1,2,2,0,1,891,2527
2,0,11,5,6,0,2,2,2,4,2,0,0,0,0,891,2528
2,0,8,5,6,0,2,2,1,3,2,0,0,0,0,891,2529
2,0,11,5,6,0,2,2,2,4,2,0,0,0,0,891,2530
2,0,19,5,6,3,4,2,6,5,2,1,2,3,1,892,2531
2,1,22,1,6,3,4,2,7,6,2,3,0,0,1,892,2532
4,1,23,5,6,0,4,1,6,0,1,2,2,0,1,892,2533
0,0,44,0,6,3,5,1,2,0,1,3,2,15,2,892,2534
2,0,23,5,6,3,5,2,6,5,2,1,2,10,2,892,2535
0,0,44,0,6,3,5,1,2,0,1,3,2,16,2,892,2536
0,0,66,0,1,0,2,1,9,0,1,3,0,8,1,893,2537
2,0,23,5,1,0,2,1,6,0,1,3,1,0,1,893,2538
1,1,50,0,1,0,2,1,6,0,1,1,2,14,1,893,2539
0,0,69,0,1,0,2,1,9,0,1,3,0,8,1,893,2540
2,1,14,5,1,0,2,2,2,5,3,0,0,0,0,893,2541
0,0,33,0,6,2,4,2,2,4,2,1,2,17,2,894,2542
1,1,43,0,6,2,3,1,6,0,1,1,2,19,1,894,2543
2,0,6,5,6,0,2,2,1,3,3,0,0,0,0,894,2544
2,1,3,5,6,0,4,1,0,0,0,0,0,0,0,894,2545
2,0,13,5,6,0,4,2,3,4,2,0,0,0,0,894,2546
0,0,23,5,6,0,2,1,5,0,1,2,1,3,2,895,2547
7,0,47,4,0,0,2,1,7,0,1,3,2,18,1,896,2548
7,0,18,5,0,0,2,2,5,5,2,1,2,2,1,896,2549
7,0,47,3,0,0,2,1,7,0,1,1,2,8,2,896,2550
0,1,50,3,0,0,2,1,9,0,1,1,1,13,1,896,2551
4,0,53,5,0,0,2,1,10,0,1,1,2,31,1,896,2552
7,0,49,3,0,0,2,2,7,6,2,1,2,2,1,896,2553
0,0,40,5,0,0,2,1,10,0,1,1,2,51,1,897,2554
0,0,38,5,0,0,2,1,9,0,1,1,2,51,1,898,2555
0,0,43,0,0,0,2,1,7,0,1,1,1,21,1,899,2556
2,0,12,5,7,0,3,2,2,4,3,0,0,0,0,899,2557
1,1,41,0,5,3,4,1,9,0,1,1,2,6,1,899,2558
2,0,11,5,0,0,3,2,2,4,3,0,0,0,0,899,2559
0,1,31,0,0,1,2,1,9,0,1,1,2,27,1,900,2560
1,1,32,0,0,0,2,1,9,0,1,1,2,20,1,900,2561
7,1,35,5,0,0,2,1,6,0,1,1,1,16,1,901,2562
0,0,31,5,0,0,3,1,6,0,1,1,2,20,1,901,2563
2,1,28,5,0,0,2,1,6,0,1,3,2,11,1,902,2564
0,1,55,3,0,0,2,1,7,0,1,1,1,30,1,902,2565
0,0,27,0,7,0,2,1,6,0,1,1,2,9,1,903,2566
2,0,1,5,7,0,0,0,0,0,0,0,0,0,0,903,2567
0,0,32,5,0,0,2,1,8,0,1,2,2,2,1,903,2568
2,0,11,5,8,0,2,2,2,4,2,0,0,0,0,904,2569
0,1,30,3,8,0,2,1,5,0,1,3,2,4,1,904,2570
2,0,11,5,8,0,2,2,2,4,2,0,0,0,0,904,2571
2,1,10,5,8,0,2,2,1,3,2,0,0,0,0,904,2572
2,0,3,5,8,0,0,1,0,0,1,0,0,0,0,904,2573
1,1,30,0,6,3,5,1,2,0,1,3,2,6,2,905,2574
0,0,29,0,6,3,5,1,3,0,1,3,2,8,2,905,2575
0,0,30,0,6,3,5,1,3,0,1,3,2,8,2,905,2576
0,0,78,4,0,0,2,1,6,0,1,3,0,9,1,906,2577
0,1,50,0,7,2,3,1,7,0,1,1,1,7,2,907,2578
2,1,32,0,0,3,2,2,5,6,3,1,2,6,1,907,2579
1,0,42,0,0,0,2,1,6,0,1,1,2,12,1,908,2580
0,0,52,0,0,0,2,1,6,0,1,1,2,16,1,908,2581
5,0,32,5,0,0,2,1,6,0,1,1,2,15,2,908,2582
0,1,41,5,0,0,2,1,6,0,1,1,2,48,1,909,2583
1,1,58,0,0,0,2,1,5,0,1,1,1,7,1,910,2584
0,1,62,0,0,0,5,1,6,0,1,1,2,7,1,910,2585
0,0,31,5,6,0,3,1,10,0,1,1,2,23,1,911,2586
1,1,37,0,6,3,5,1,6,0,1,1,2,5,1,912,2587
2,0,7,5,6,0,3,2,1,3,2,0,0,0,0,912,2588
2,1,17,5,6,0,3,2,5,5,2,1,0,0,1,912,2589
1,1,36,0,6,3,4,2,6,5,2,3,2,5,2,912,2590
7,1,41,5,0,0,2,1,8,6,1,1,2,22,1,913,2591
0,1,39,3,7,0,2,2,9,0,2,1,2,26,1,913,2592
0,0,61,0,0,0,2,1,9,0,1,3,2,48,1,914,2593
1,1,63,0,0,0,2,1,6,0,1,3,1,17,1,914,2594
0,1,72,3,0,0,1,1,0,0,1,3,0,6,1,915,2595
0,0,44,3,0,0,2,1,6,0,1,1,2,22,2,916,2596
0,0,85,0,0,0,2,1,1,0,1,3,0,7,2,917,2597
1,1,85,0,1,0,2,1,1,0,1,3,0,4,2,917,2598
2,1,0,5,0,0,0,0,0,0,0,0,0,0,0,918,2599
1,1,21,0,0,0,2,1,6,0,1,3,2,12,1,918,2600
0,0,29,0,0,0,2,2,8,6,1,1,2,15,1,918,2601
0,1,75,4,4,0,4,1,6,0,1,3,2,5,1,919,2602
0,1,48,3,0,0,2,1,8,0,1,1,2,24,1,920,2603
2,1,20,5,6,3,3,1,6,0,1,3,0,0,1,921,2604
0,0,34,0,6,0,3,1,6,0,1,1,2,7,1,921,2605
0,0,37,0,6,3,3,1,6,0,1,1,2,7,1,921,2606
3,0,85,3,6,0,1,1,0,0,1,3,0,0,2,921,2607
7,1,37,1,5,0,2,1,6,0,1,1,2,3,1,922,2608
0,0,43,5,0,2,2,1,6,0,1,1,2,39,1,922,2609
0,0,52,5,0,0,2,1,9,0,1,1,2,20,1,923,2610
0,0,73,5,0,0,2,1,7,0,1,1,1,7,1,924,2611
0,0,50,3,0,0,2,1,9,0,1,1,2,32,1,925,2612
7,1,68,4,0,0,2,1,6,0,1,3,2,8,1,925,2613
7,1,85,4,0,0,2,1,6,0,1,3,0,4,2,926,2614
2,1,14,5,6,3,5,2,3,5,2,0,0,0,0,927,2615
1,1,41,0,6,3,1,1,2,0,1,3,0,0,1,927,2616
0,0,44,0,6,3,5,1,2,0,1,1,2,6,1,927,2617
2,1,1,5,6,0,0,0,0,0,0,0,0,0,0,927,2618
2,0,20,5,6,3,4,1,4,0,1,1,2,3,1,927,2619
2,0,10,5,6,0,5,2,1,4,2,0,0,0,0,927,2620
2,1,3,5,6,3,0,1,0,0,1,0,0,0,0,927,2621
2,0,1,5,0,0,0,0,0,0,0,0,0,0,0,928,2622
2,1,3,5,0,0,0,2,0,1,2,0,0,0,0,928,2623
1,1,32,0,0,0,2,1,6,0,1,3,2,0,1,928,2624
0,0,32,0,0,0,2,1,6,0,1,1,2,21,1,928,2625
0,1,41,5,5,2,4,1,8,0,1,1,2,10,2,929,2626
0,1,45,4,0,2,2,1,6,0,1,1,0,12,1,929,2627
2,0,14,5,5,0,2,2,2,5,2,0,0,0,0,929,2628
2,0,20,5,6,0,3,1,1,0,1,1,2,6,1,930,2629
0,1,37,0,6,0,3,1,6,0,1,1,2,8,1,930,2630
2,1,7,5,6,0,4,2,0,3,2,0,0,0,0,930,2631
2,1,7,5,6,0,3,2,1,3,2,0,0,0,0,930,2632
1,1,40,0,6,0,5,1,4,0,1,3,0,5,1,930,2633
0,0,31,5,6,0,3,1,8,0,1,3,2,5,1,930,2634
2,0,3,5,6,0,0,1,0,0,1,0,0,0,0,930,2635
6,0,20,5,1,0,2,2,6,6,2,1,2,5,1,931,2636
0,1,35,5,1,0,2,1,9,0,1,3,2,6,1,931,2637
2,0,6,5,0,0,2,2,0,2,2,0,0,0,0,932,2638
2,1,12,5,0,0,2,2,2,4,2,0,0,0,0,932,2639
2,1,12,5,0,0,2,2,2,4,3,0,0,0,0,932,2640
0,0,42,0,0,0,2,1,9,0,1,1,1,27,1,932,2641
2,1,37,5,0,0,2,2,3,0,1,1,2,3,1,933,2642
0,1,53,3,0,2,2,1,7,0,1,1,2,12,2,933,2643
2,1,9,5,0,0,2,2,1,3,2,0,0,0,0,934,2644
0,0,36,0,0,0,2,1,9,0,1,1,2,21,1,934,2645
2,1,4,5,0,0,0,1,0,0,1,0,0,0,0,934,2646
1,1,35,0,0,0,2,1,8,0,1,3,1,0,1,934,2647
2,1,11,5,0,0,2,2,1,4,2,0,0,0,0,934,2648
0,1,68,4,0,0,2,1,4,0,1,3,0,6,1,935,2649
0,0,20,5,0,0,2,2,6,6,2,2,0,0,1,936,2650
7,1,56,3,0,0,2,1,6,0,1,3,0,7,1,936,2651
1,0,58,0,0,0,2,1,6,0,1,1,1,32,1,937,2652
0,0,60,0,0,0,2,1,6,0,1,3,2,33,1,937,2653
2,1,21,5,0,0,2,2,6,6,2,1,2,6,1,938,2654
2,1,14,5,0,0,2,2,2,5,2,0,0,0,0,938,2655
0,1,51,3,0,0,2,1,6,0,1,3,0,4,1,938,2656
2,0,28,5,0,3,4,1,9,0,1,1,2,35,1,939,2657
5,0,22,5,0,3,3,1,6,0,1,3,2,12,1,939,2658
0,1,54,5,0,3,1,1,0,0,1,1,2,4,1,939,2659
5,1,4,5,0,3,0,1,1,2,2,0,0,0,0,939,2660
2,0,15,5,6,0,3,2,3,5,2,0,0,0,0,940,2661
2,0,13,5,6,0,4,2,2,4,2,0,0,0,0,940,2662
1,1,34,0,6,3,4,1,0,0,1,3,2,5,2,940,2663
5,1,4,5,6,0,0,2,0,1,2,0,0,0,0,940,2664
0,0,37,0,6,3,5,1,6,0,1,1,2,6,1,940,2665
0,0,46,0,0,0,2,1,7,0,1,1,2,27,2,941,2666
2,1,13,5,0,0,2,2,2,4,2,0,0,0,0,941,2667
2,0,13,5,0,0,2,2,2,4,2,0,0,0,0,941,2668
1,1,43,0,0,0,2,1,8,0,1,3,0,0,1,941,2669
2,1,11,5,0,0,2,2,2,4,2,0,0,0,0,941,2670
2,1,15,5,0,0,2,2,2,5,2,0,0,0,0,941,2671
0,0,46,0,0,0,2,1,7,0,1,1,2,29,1,941,2672
2,1,23,5,5,0,3,2,7,6,2,1,2,4,1,942,2673
0,0,50,3,5,2,3,1,9,0,1,1,2,7,1,942,2674
0,0,50,3,5,2,3,1,9,0,1,1,2,9,1,942,2675
2,1,13,5,5,0,3,2,2,4,3,0,0,0,0,942,2676
7,1,31,5,0,0,2,1,6,0,1,1,2,3,1,943,2677
0,0,30,5,0,0,2,1,6,0,1,1,2,15,1,943,2678
1,1,57,0,0,0,2,1,10,0,1,1,1,7,1,944,2679
0,0,79,0,0,0,2,1,10,0,1,1,1,15,1,944,2680
1,1,68,0,0,0,2,1,6,0,1,3,2,3,1,945,2681
0,1,67,0,0,0,2,1,7,0,1,3,2,12,1,945,2682
0,0,31,5,7,0,2,1,9,0,1,1,1,22,1,946,2683
4,1,45,1,0,0,2,1,9,0,1,1,2,20,1,946,2684
0,1,64,5,0,0,2,1,6,0,1,3,2,20,1,947,2685
0,1,30,5,0,0,2,1,6,0,1,1,2,16,1,948,2686
0,1,73,3,0,0,2,1,6,0,1,3,0,10,1,949,2687
1,1,56,0,0,0,2,1,9,0,1,3,2,4,1,950,2688
0,0,60,0,0,0,2,1,6,0,1,1,2,21,1,950,2689
7,0,41,3,0,0,2,1,7,0,1,1,2,38,1,951,2690
7,0,41,3,0,0,3,1,7,0,1,1,2,37,1,951,2691
0,1,65,4,0,0,2,1,6,0,1,3,2,8,1,951,2692
5,0,17,5,0,0,2,2,6,6,2,1,2,0,1,951,2693
1,1,67,0,0,0,2,1,6,0,1,1,2,8,2,952,2694
0,0,51,5,0,0,2,1,8,0,1,1,0,19,1,952,2695
2,0,8,5,7,0,2,2,1,3,2,0,0,0,0,953,2696
0,1,26,2,1,0,3,1,6,0,1,2,1,9,1,953,2697
2,1,1,5,1,0,0,0,0,0,0,0,0,0,0,953,2698
1,1,48,0,0,0,2,1,9,0,1,1,2,13,1,954,2699
0,0,53,0,0,0,2,1,10,0,1,1,2,31,2,954,2700
0,1,85,4,7,0,2,1,6,0,1,3,0,9,2,955,2701
0,0,57,5,0,0,2,1,9,0,1,3,2,49,2,956,2702
1,1,55,0,0,0,2,1,2,0,1,3,0,0,1,957,2703
0,0,57,0,0,0,2,1,6,0,1,1,1,70,1,957,2704
2,1,15,5,7,0,2,2,4,5,2,0,0,0,0,958,2705
0,0,42,0,7,0,2,1,6,0,1,1,2,17,1,958,2706
1,1,39,0,7,0,2,2,7,6,2,1,2,28,1,958,2707
2,1,15,5,7,0,2,2,4,5,2,0,0,0,0,958,2708
1,1,53,0,7,0,2,1,3,0,1,1,1,5,1,959,2709
1,0,53,0,0,0,2,1,9,0,1,1,2,17,1,959,2710
0,0,41,3,0,0,2,1,6,0,1,1,2,14,1,960,2711
0,0,69,0,0,0,2,1,6,0,1,3,2,4,2,961,2712
1,1,57,0,0,0,2,1,6,0,1,1,2,12,1,961,2713
2,0,12,5,0,0,2,2,0,3,2,0,0,0,0,962,2714
7,0,15,5,0,0,2,2,4,5,2,0,0,0,0,962,2715
2,1,30,5,0,0,2,2,6,6,2,3,2,0,2,962,2716
0,1,45,1,0,0,2,1,9,0,1,1,2,12,1,962,2717
7,1,51,4,0,0,2,1,8,0,1,3,2,4,2,963,2718
0,1,45,3,0,0,2,2,8,6,3,3,0,7,2,963,2719
0,1,55,4,0,0,2,1,7,0,1,1,1,15,1,964,2720
0,0,25,5,7,0,2,2,9,7,2,1,2,10,1,965,2721
0,1,42,5,0,3,1,1,0,0,1,1,2,5,1,966,2722
2,1,12,5,0,3,5,2,2,4,2,0,0,0,0,966,2723
2,1,8,5,0,3,4,2,1,3,2,0,0,0,0,966,2724
7,0,33,5,0,0,3,1,8,0,1,3,2,17,1,966,2725
2,1,9,5,0,0,2,2,1,3,3,0,0,0,0,967,2726
0,1,47,0,0,0,2,1,9,0,1,1,1,36,1,967,2727
0,0,47,0,0,3,2,1,9,0,1,1,1,36,1,967,2728
2,0,9,5,0,0,2,2,1,3,3,0,0,0,0,967,2729
7,0,47,5,0,0,2,1,6,0,1,3,2,5,2,968,2730
2,1,22,3,0,0,2,2,6,6,2,1,2,7,1,969,2731
1,1,41,0,0,0,2,1,6,0,1,1,2,21,1,969,2732
0,0,51,0,0,0,2,1,10,0,1,1,2,3,1,969,2733
2,1,18,5,0,0,2,2,5,5,2,3,2,3,1,969,2734
0,0,33,5,0,0,2,2,7,6,2,1,2,10,2,970,2735
0,0,22,5,6,0,2,1,5,0,1,2,1,3,2,971,2736
1,1,43,0,0,0,3,2,7,6,2,1,2,7,1,972,2737
0,0,47,0,0,0,2,1,7,0,1,1,2,21,1,972,2738
1,1,51,0,0,0,2,1,9,0,1,1,2,21,1,973,2739
0,0,56,0,0,0,2,1,10,0,1,1,2,45,1,973,2740
7,0,35,1,6,0,3,1,2,0,1,3,2,0,1,974,2741
0,1,46,2,6,2,4,1,2,0,1,1,2,3,1,975,2742
2,1,16,5,6,0,3,2,5,5,2,3,0,0,1,975,2743
2,0,46,0,0,0,2,1,9,0,1,1,2,42,2,976,2744
1,1,42,0,0,0,2,1,6,0,1,3,2,4,1,976,2745
2,1,20,5,0,0,3,2,5,5,2,3,2,2,1,976,2746
2,0,13,5,0,0,2,2,2,4,2,0,0,0,0,976,2747
2,0,7,5,0,0,3,2,1,3,2,0,0,0,0,977,2748
1,0,36,0,0,0,3,1,5,0,1,1,2,53,1,977,2749
0,1,36,0,0,0,3,2,6,6,3,1,2,0,1,977,2750
5,0,11,5,1,0,2,2,2,4,2,0,0,0,0,978,2751
5,0,15,5,1,0,2,2,3,5,2,0,0,0,0,978,2752
0,1,54,4,1,0,2,2,7,6,2,1,2,15,1,978,2753
5,0,15,5,1,0,2,2,2,5,2,0,0,0,0,978,2754
2,1,35,3,1,0,2,1,6,0,1,3,0,4,1,978,2755
5,0,8,5,1,0,2,2,1,3,2,0,0,0,0,978,2756
0,0,73,0,7,0,2,1,9,0,1,3,2,33,1,979,2757
1,1,65,0,8,0,2,1,9,0,1,3,0,27,1,979,2758
0,0,57,0,0,0,2,1,7,0,1,3,2,12,2,980,2759
1,1,43,0,0,0,2,1,5,0,1,2,2,8,1,980,2760
0,1,61,4,0,0,2,1,10,0,1,3,2,30,1,981,2761
2,1,9,5,0,0,3,2,1,3,2,0,0,0,0,982,2762
0,1,40,3,0,2,3,1,6,0,1,1,0,15,1,982,2763
1,1,48,0,5,2,3,1,6,0,1,1,2,10,1,983,2764
0,0,50,0,0,2,3,2,10,0,2,1,2,19,1,983,2765
2,1,15,5,0,0,2,2,4,5,2,0,0,0,0,984,2766
2,0,17,5,0,0,2,2,5,5,2,2,2,0,1,984,2767
0,0,38,3,2,0,2,1,6,0,1,3,2,12,2,984,2768
1,1,38,0,0,0,2,1,9,0,1,3,2,12,1,985,2769
0,0,51,0,0,0,2,1,10,0,1,1,2,14,1,985,2770
2,1,2,5,0,0,0,0,0,0,0,0,0,0,0,985,2771
1,0,35,3,0,2,2,1,6,0,1,1,2,7,1,986,2772
2,1,8,5,0,0,2,2,1,3,2,0,0,0,0,986,2773
2,0,12,5,0,0,2,2,2,4,2,0,0,0,0,986,2774
0,1,37,3,0,0,2,1,10,0,1,1,2,22,1,986,2775
0,0,24,5,0,0,2,1,7,0,1,1,2,0,1,987,2776
4,1,50,5,1,0,2,1,2,0,1,3,0,0,2,988,2777
0,1,53,3,1,0,2,1,6,0,1,1,2,20,1,988,2778
0,0,24,5,1,0,2,2,6,6,2,3,2,6,1,989,2779
1,1,65,0,0,0,2,1,6,0,1,3,0,9,1,990,2780
0,0,70,0,7,0,2,1,7,0,1,3,2,8,1,990,2781
7,0,20,5,6,0,3,1,6,0,1,1,2,6,1,991,2782
0,1,53,3,1,0,2,1,6,0,1,1,2,11,1,992,2783
1,0,40,0,1,0,2,1,6,0,1,1,2,17,1,992,2784
2,0,8,5,1,0,2,2,0,3,2,0,0,0,0,992,2785
7,1,20,5,0,0,2,2,5,5,2,1,2,3,1,993,2786
0,1,30,5,0,3,2,2,7,6,3,1,2,12,1,993,2787
1,1,44,0,6,3,5,1,1,0,1,1,0,2,1,994,2788
2,0,40,1,6,2,1,1,0,0,1,2,0,3,2,994,2789
0,0,70,0,6,2,4,1,1,0,1,3,0,5,1,994,2790
0,0,50,0,6,0,2,1,6,0,1,1,2,32,1,995,2791
1,0,37,0,6,3,3,1,6,0,1,1,2,13,1,995,2792
2,0,1,5,6,0,0,0,0,0,0,0,0,0,0,995,2793
1,1,42,0,6,0,3,1,6,0,1,1,2,13,1,995,2794
5,0,14,5,6,0,2,2,2,5,2,0,0,0,0,995,2795
0,1,62,4,0,0,2,1,7,0,1,3,0,0,1,996,2796
0,0,29,0,0,0,2,1,7,0,1,2,2,21,1,997,2797
1,1,29,0,2,0,2,2,9,7,2,1,2,10,1,997,2798
0,1,69,3,2,0,2,1,6,0,1,3,2,5,1,998,2799
0,0,63,0,0,0,2,1,6,0,1,3,0,9,1,999,2800
1,1,59,0,0,0,2,1,9,0,1,1,2,5,1,999,2801
