activity_id,year,month,total_flights,distance,points_accumulated,points_redeemed,dollar_cost_points_redeemed,loyalty_history_id
34,2018,5,16,32768,49152.0,0,0,104267
35,2018,12,9,14697,22045.5,0,0,104267
36,2018,6,8,6648,9972.0,0,0,104267
37,2018,4,3,3153,4729.5,0,0,104267
38,2018,11,2,4340,6510.0,0,0,104267
39,2018,2,0,0,0.0,0,0,104267
40,2018,3,0,0,0.0,0,0,104267
41,2018,7,0,0,0.0,0,0,104267
42,2018,8,0,0,0.0,0,0,104267
43,2018,9,0,0,0.0,0,0,104267
44,2018,10,0,0,0.0,0,0,104267
364,2018,8,16,31056,46584.0,0,0,130497
365,2018,12,15,36345,54517.5,0,0,130497
366,2018,10,6,4764,7146.0,0,0,130497
367,2018,11,6,14424,21636.0,0,0,130497
368,2018,7,4,3244,4866.0,0,0,130497
369,2018,2,3,3615,5422.5,0,0,130497
370,2018,9,2,4462,6693.0,0,0,130497
371,2018,4,1,2000,3000.0,0,0,130497
372,2018,3,0,0,0.0,0,0,130497
373,2018,5,0,0,0.0,0,0,130497
374,2018,6,0,0,0.0,0,0,130497
419,2018,8,8,16264,24396.0,705,127,134717
420,2018,11,6,8724,13086.0,0,0,134717
421,2018,5,4,5648,8472.0,0,0,134717
422,2018,7,4,4012,6018.0,0,0,134717
423,2018,4,1,1236,1854.0,0,0,134717
424,2018,2,0,0,0.0,0,0,134717
425,2018,3,0,0,0.0,0,0,134717
426,2018,6,0,0,0.0,0,0,134717
427,2018,9,0,0,0.0,0,0,134717
428,2018,10,0,0,0.0,0,0,134717
429,2018,12,0,0,0.0,0,0,134717
540,2018,7,24,22296,33444.0,825,149,142621
541,2018,12,9,10998,16497.0,0,0,142621
542,2018,9,8,8680,13020.0,354,64,142621
543,2018,3,4,9928,14892.0,0,0,142621
544,2018,11,4,6564,9846.0,0,0,142621
545,2018,4,1,865,1297.5,0,0,142621
546,2018,2,1,850,1275.0,0,0,142621
547,2018,5,0,0,0.0,0,0,142621
548,2018,6,0,0,0.0,0,0,142621
549,2018,8,0,0,0.0,0,0,142621
550,2018,10,0,0,0.0,0,0,142621
848,2018,8,16,13536,20304.0,0,0,157300
849,2018,7,12,28128,42192.0,0,0,157300
850,2018,5,8,13536,20304.0,0,0,157300
851,2018,9,8,6744,10116.0,0,0,157300
852,2018,11,6,9816,14724.0,0,0,157300
853,2018,4,3,6951,10426.5,0,0,157300
854,2018,2,0,0,0.0,0,0,157300
855,2018,3,0,0,0.0,0,0,157300
856,2018,6,0,0,0.0,0,0,157300
857,2018,10,0,0,0.0,0,0,157300
858,2018,12,0,0,0.0,0,0,157300
903,2018,7,20,36500,54750.0,0,0,164559
904,2018,12,9,12267,18400.5,0,0,164559
905,2018,9,8,17664,26496.0,0,0,164559
906,2018,11,4,7240,10860.0,0,0,164559
907,2018,2,0,0,0.0,0,0,164559
908,2018,4,0,0,0.0,0,0,164559
909,2018,3,0,0,0.0,0,0,164559
910,2018,5,0,0,0.0,0,0,164559
911,2018,6,0,0,0.0,0,0,164559
912,2018,8,0,0,0.0,0,0,164559
913,2018,10,0,0,0.0,0,0,164559
914,2018,7,24,56904,85356.0,0,0,165339
915,2018,9,8,17248,25872.0,0,0,165339
916,2018,10,8,18896,28344.0,0,0,165339
917,2018,12,6,9606,14409.0,0,0,165339
918,2018,3,4,6308,9462.0,0,0,165339
919,2018,6,4,9104,13656.0,0,0,165339
920,2018,4,1,2105,3157.5,0,0,165339
921,2018,2,0,0,0.0,0,0,165339
922,2018,5,0,0,0.0,0,0,165339
923,2018,8,0,0,0.0,0,0,165339
924,2018,11,0,0,0.0,0,0,165339
925,2018,7,28,19432,29148.0,540,97,166175
926,2018,6,8,16648,24972.0,0,0,166175
927,2018,8,8,17368,26052.0,0,0,166175
928,2018,5,4,4748,7122.0,621,112,166175
929,2018,2,1,1721,2581.5,0,0,166175
930,2018,3,0,0,0.0,0,0,166175
931,2018,4,0,0,0.0,0,0,166175
932,2018,9,0,0,0.0,0,0,166175
933,2018,10,0,0,0.0,0,0,166175
934,2018,11,0,0,0.0,0,0,166175
935,2018,12,0,0,0.0,0,0,166175
936,2018,6,16,10528,15792.0,0,0,166273
937,2018,12,12,10236,15354.0,408,73,166273
938,2018,9,8,18176,27264.0,0,0,166273
939,2018,10,8,9592,14388.0,0,0,166273
940,2018,5,4,4588,6882.0,522,94,166273
941,2018,11,4,7060,10590.0,0,0,166273
942,2018,2,0,0,0.0,0,0,166273
943,2018,3,0,0,0.0,0,0,166273
944,2018,4,0,0,0.0,0,0,166273
945,2018,7,0,0,0.0,0,0,166273
946,2018,8,0,0,0.0,0,0,166273
1046,2018,6,24,43728,65592.0,0,0,171691
1047,2018,5,8,14808,22212.0,0,0,171691
1048,2018,10,8,17128,25692.0,556,100,171691
1049,2018,7,4,3528,5292.0,0,0,171691
1050,2018,11,4,6064,9096.0,0,0,171691
1051,2018,9,2,3106,4659.0,0,0,171691
1052,2018,2,0,0,0.0,0,0,171691
1053,2018,3,0,0,0.0,0,0,171691
1054,2018,4,0,0,0.0,0,0,171691
1055,2018,8,0,0,0.0,0,0,171691
1056,2018,12,0,0,0.0,0,0,171691
1167,2018,7,24,42696,64044.0,0,0,176142
1168,2018,8,24,21120,31680.0,0,0,176142
1169,2018,6,12,15348,23022.0,0,0,176142
1170,2018,9,8,10464,15696.0,0,0,176142
1171,2018,4,2,1684,2526.0,0,0,176142
1182,2018,7,7,14497,14497.0,637,115,403052
1183,2018,7,7,15400,15400.0,684,123,966391
1195,2017,7,7,7756,7756.0,0,0,144977
1205,2017,7,7,11634,11634.0,0,0,175249
1245,2017,7,7,9149,9149.0,0,0,397817
1268,2017,7,7,3815,3815.0,0,0,496357
1270,2017,7,7,8715,8715.0,0,0,500022
1304,2017,7,7,7007,7007.0,0,0,661502
1309,2017,7,7,8750,8750.0,0,0,704270
1317,2017,7,7,6587,6587.0,0,0,729518
1320,2017,7,7,7847,7847.0,0,0,744567
1326,2017,7,7,7238,7238.0,0,0,760061
1340,2017,7,7,14378,14378.0,0,0,825484
1359,2017,7,7,9471,9471.0,0,0,916713
1382,2018,7,7,3752,3752.0,720,130,923959
1410,2017,7,7,16590,16590.0,629,113,652816
1434,2018,7,7,3822,3822.0,0,0,184924
1436,2018,7,7,13678,13678.0,0,0,185774
1467,2018,7,7,6041,6041.0,0,0,319868
1473,2018,7,7,7203,7203.0,0,0,331598
1477,2018,7,7,14539,14539.0,0,0,342527
1515,2018,7,7,12572,12572.0,0,0,472532
1518,2018,7,7,9296,9296.0,0,0,478107
1525,2018,7,7,7350,7350.0,0,0,506170
1528,2018,7,7,6020,6020.0,0,0,523246
1533,2018,7,7,6475,6475.0,0,0,535944
1545,2018,7,7,10122,10122.0,0,0,561481
1566,2018,7,7,4627,4627.0,0,0,664008
1569,2018,7,7,15477,15477.0,0,0,671803
1603,2018,7,7,3773,3773.0,0,0,807211
1624,2018,7,7,13426,13426.0,0,0,881198
1639,2018,7,7,15351,15351.0,0,0,947234
1662,2018,7,7,7518,7518.0,747,134,392619
1667,2018,7,7,16212,16212.0,492,89,713085
1670,2018,7,7,5271,5271.0,831,150,286551
1673,2018,2,0,0,0.0,0,0,176142
1674,2018,3,0,0,0.0,0,0,176142
1675,2018,5,0,0,0.0,0,0,176142
1676,2018,10,0,0,0.0,0,0,176142
1677,2018,11,0,0,0.0,0,0,176142
1678,2018,12,0,0,0.0,0,0,176142
1687,2018,7,6,13866,13866.0,480,86,830385
1709,2018,6,6,4812,4812.0,483,87,135421
1732,2018,7,6,13104,13104.0,582,105,498149
1747,2017,7,6,5376,5376.0,591,106,287266
1749,2017,6,6,14622,14622.0,0,0,190149
1770,2017,7,6,5628,5628.0,454,82,650445
1805,2018,7,6,11226,11226.0,716,129,937645
1808,2017,8,6,13758,13758.0,460,83,997439
1809,2017,8,6,13506,13506.0,579,104,817456
1814,2017,8,6,7722,7722.0,496,89,165019
1818,2017,6,6,10194,10194.0,0,0,263612
1833,2017,6,6,10404,10404.0,0,0,101540
1839,2017,6,6,5838,5838.0,0,0,106037
1840,2017,6,6,4650,4650.0,0,0,106776
1845,2017,6,6,9630,9630.0,0,0,109495
1904,2017,6,6,11142,11142.0,0,0,173873
1926,2017,6,6,3168,3168.0,0,0,204484
1945,2017,6,6,5706,5706.0,0,0,225746
1979,2017,6,6,7422,7422.0,0,0,264486
1989,2017,6,6,13440,13440.0,0,0,274141
2031,2017,6,6,14202,14202.0,0,0,319868
2092,2017,7,6,3444,3444.0,0,0,299573
2111,2017,6,6,12408,12408.0,0,0,408838
2126,2017,6,6,9312,9312.0,0,0,420515
2127,2017,6,6,14952,14952.0,0,0,421191
2138,2017,6,6,5040,5040.0,0,0,432493
2169,2017,6,6,6702,6702.0,0,0,462663
2190,2017,6,6,10242,10242.0,0,0,483768
2193,2017,6,6,6774,6774.0,0,0,485795
2196,2017,6,6,5490,5490.0,0,0,487605
2197,2017,6,6,11622,11622.0,0,0,488303
2213,2018,7,6,13182,13182.0,542,98,494515
2219,2017,6,6,3594,3594.0,0,0,505522
2220,2017,6,6,8988,8988.0,0,0,507005
2263,2017,6,6,9600,9600.0,0,0,554442
2290,2017,6,6,10626,10626.0,0,0,578811
2327,2017,6,6,4290,4290.0,0,0,615214
2362,2018,6,6,4428,4428.0,710,128,391611
2363,2017,6,6,13458,13458.0,0,0,659536
2365,2017,6,6,10794,10794.0,0,0,661744
2371,2017,6,6,6834,6834.0,0,0,667860
2386,2017,6,6,7746,7746.0,0,0,677704
2403,2017,6,6,12294,12294.0,0,0,704149
2404,2017,6,6,14910,14910.0,0,0,704270
2452,2017,6,6,4386,4386.0,0,0,750649
2519,2017,6,6,7410,7410.0,0,0,835796
2532,2017,6,6,12480,12480.0,0,0,854902
2558,2017,6,6,12024,12024.0,0,0,892797
2591,2017,6,6,10386,10386.0,0,0,931183
2610,2017,6,6,9798,9798.0,0,0,950593
2627,2017,6,6,9000,9000.0,0,0,970746
2628,2017,6,6,11850,11850.0,0,0,971528
2642,2017,6,6,13992,13992.0,0,0,990918
2666,2017,7,6,14346,14346.0,0,0,127882
2699,2017,7,6,12720,12720.0,0,0,164973
2702,2017,7,6,7728,7728.0,0,0,170585
2740,2017,7,6,6192,6192.0,0,0,208553
2741,2017,7,6,10716,10716.0,0,0,209675
2766,2017,7,6,6510,6510.0,0,0,236593
2780,2017,7,6,14196,14196.0,0,0,247645
2806,2017,7,6,10812,10812.0,0,0,264486
2809,2017,7,6,8454,8454.0,0,0,271675
2815,2017,7,6,9360,9360.0,0,0,276035
2816,2017,7,6,7674,7674.0,0,0,276650
2840,2017,7,6,6492,6492.0,0,0,295412
2859,2017,7,6,13890,13890.0,0,0,318654
2884,2017,7,6,9210,9210.0,0,0,338285
2888,2017,7,6,6000,6000.0,0,0,342527
2889,2017,7,6,12984,12984.0,0,0,345615
2895,2017,7,6,14460,14460.0,0,0,350692
2909,2017,7,6,13560,13560.0,0,0,365557
2945,2017,7,6,10200,10200.0,0,0,407411
2965,2017,7,6,14466,14466.0,0,0,424540
3005,2017,7,6,9258,9258.0,0,0,471858
3007,2017,7,6,4422,4422.0,0,0,472787
3024,2017,7,6,3714,3714.0,0,0,487605
3053,2017,7,6,11568,11568.0,0,0,509513
3073,2017,7,6,8436,8436.0,0,0,527194
3083,2017,7,6,14184,14184.0,0,0,535944
3086,2017,7,6,10932,10932.0,0,0,537387
3126,2017,7,6,11574,11574.0,0,0,572811
3132,2017,7,6,12030,12030.0,0,0,579015
3143,2017,7,6,3918,3918.0,0,0,587800
3161,2017,7,6,6834,6834.0,0,0,609532
3209,2017,7,6,14838,14838.0,0,0,662164
3222,2017,7,6,10128,10128.0,0,0,677704
3245,2017,7,6,6714,6714.0,0,0,702542
3266,2017,7,6,4314,4314.0,0,0,719383
3267,2017,7,6,14442,14442.0,0,0,721688
3293,2017,7,6,4164,4164.0,0,0,746536
3296,2017,7,6,10938,10938.0,0,0,750710
3300,2017,7,6,7398,7398.0,0,0,753473
3304,2017,7,6,10098,10098.0,0,0,762117
3318,2017,7,6,6996,6996.0,0,0,776736
3347,2017,7,6,14796,14796.0,0,0,808353
3375,2017,7,6,7110,7110.0,0,0,834799
3390,2017,7,6,8172,8172.0,0,0,848632
3412,2017,7,6,14814,14814.0,0,0,860684
3437,2017,7,6,12264,12264.0,0,0,892797
3442,2017,7,6,4746,4746.0,0,0,895185
3479,2017,7,6,6510,6510.0,0,0,931183
3491,2017,7,6,7032,7032.0,0,0,945091
3498,2017,7,6,10308,10308.0,0,0,950593
3518,2017,7,6,14916,14916.0,0,0,971107
3535,2017,7,6,6492,6492.0,0,0,983822
3545,2017,8,6,13824,13824.0,0,0,102311
3566,2017,8,6,12624,12624.0,0,0,131257
3587,2017,8,6,13374,13374.0,0,0,192651
3601,2017,8,6,7686,7686.0,0,0,225746
3622,2017,8,6,14658,14658.0,0,0,264486
3647,2017,8,6,7434,7434.0,0,0,317776
3648,2017,8,6,5190,5190.0,0,0,318264
3750,2017,7,6,4434,4434.0,643,116,656942
3774,2017,8,6,11238,11238.0,0,0,557458
3782,2017,8,6,8718,8718.0,0,0,565452
3835,2017,8,6,6306,6306.0,0,0,625033
3858,2017,8,6,14490,14490.0,0,0,667262
3867,2017,8,6,6312,6312.0,0,0,678243
3889,2017,8,6,13698,13698.0,0,0,724272
3961,2017,8,6,6006,6006.0,0,0,832597
3973,2017,8,6,11658,11658.0,0,0,854902
3974,2017,8,6,8862,8862.0,0,0,860602
4012,2017,8,6,13002,13002.0,0,0,913571
4034,2017,8,6,14634,14634.0,0,0,947876
4046,2017,8,6,5280,5280.0,0,0,979644
4052,2017,8,6,9948,9948.0,0,0,986208
4056,2017,8,6,13158,13158.0,0,0,994377
4061,2017,8,6,7212,7212.0,0,0,999631
4067,2017,6,6,13254,13254.0,571,103,318654
4072,2018,7,6,3330,3330.0,463,83,997439
4084,2018,6,6,6126,6126.0,446,80,183025
4108,2018,8,6,14580,14580.0,706,127,106776
4131,2017,7,6,7908,7908.0,500,90,181082
4172,2018,6,6,14538,14538.0,623,112,905909
4173,2017,8,6,7950,7950.0,582,105,746772
4175,2017,7,6,6270,6270.0,852,153,366133
4178,2018,6,6,11478,11478.0,794,143,163608
4201,2017,7,6,13464,13464.0,0,0,537421
4202,2018,8,6,3306,3306.0,534,96,537421
4204,2017,6,6,7074,7074.0,700,126,257417
4207,2018,7,6,10230,10230.0,715,129,220822
4289,2017,6,6,13356,13356.0,792,143,175249
4290,2018,6,6,6240,6240.0,792,143,535944
4291,2017,8,6,4716,4716.0,740,133,191917
4295,2018,7,6,11160,11160.0,0,0,623222
4308,2017,8,6,9570,9570.0,0,0,649487
4343,2017,8,6,6336,6336.0,0,0,709479
4346,2017,8,6,10650,10650.0,0,0,716236
4372,2018,6,6,5232,5232.0,0,0,106037
4402,2018,6,6,9432,9432.0,0,0,134273
4416,2018,6,6,12612,12612.0,0,0,153884
4432,2018,6,6,7782,7782.0,0,0,167465
4444,2018,6,6,3924,3924.0,0,0,185774
4528,2018,6,6,5364,5364.0,0,0,268129
4533,2018,6,6,11904,11904.0,0,0,271675
4538,2018,6,6,14208,14208.0,0,0,276255
4568,2018,6,6,10704,10704.0,0,0,295412
4601,2018,6,6,12888,12888.0,0,0,330464
4609,2018,6,6,7644,7644.0,0,0,337453
4617,2018,6,6,6780,6780.0,0,0,345615
4618,2018,6,6,9342,9342.0,0,0,345908
4629,2018,6,6,13296,13296.0,0,0,352490
4681,2018,6,6,12036,12036.0,0,0,406254
4699,2018,6,6,6492,6492.0,0,0,417904
4718,2018,6,6,5304,5304.0,0,0,438199
4721,2018,6,6,8934,8934.0,0,0,439819
4724,2018,6,6,6120,6120.0,0,0,442249
4744,2018,6,6,4110,4110.0,0,0,455941
4748,2018,6,6,3462,3462.0,0,0,461199
4761,2018,6,6,7782,7782.0,0,0,472532
4780,2018,6,6,13686,13686.0,0,0,494885
4783,2018,6,6,13560,13560.0,0,0,498149
4794,2018,6,6,10836,10836.0,0,0,508115
4801,2018,6,6,13902,13902.0,0,0,515981
4838,2018,6,6,9102,9102.0,0,0,554442
4849,2018,6,6,14304,14304.0,0,0,565171
4850,2018,6,6,3696,3696.0,0,0,567070
4863,2018,6,6,12792,12792.0,0,0,750199
4867,2018,6,6,11964,11964.0,0,0,579424
4884,2018,6,6,8934,8934.0,0,0,600785
4892,2018,6,6,7494,7494.0,0,0,609072
4902,2018,6,6,7476,7476.0,0,0,620122
4924,2018,6,6,4206,4206.0,0,0,650445
4926,2018,6,6,6714,6714.0,0,0,654073
4956,2018,6,6,6984,6984.0,0,0,683126
4972,2018,6,6,8748,8748.0,0,0,702147
4973,2018,6,6,8010,8010.0,0,0,702478
4991,2018,6,6,12648,12648.0,0,0,717632
4995,2018,6,6,11070,11070.0,0,0,723591
5025,2018,6,6,8238,8238.0,0,0,750649
5035,2018,6,6,10134,10134.0,0,0,762117
5039,2018,6,6,6300,6300.0,0,0,768072
5045,2018,6,6,14016,14016.0,0,0,774321
5098,2018,6,6,10146,10146.0,0,0,829861
5123,2018,6,6,11244,11244.0,0,0,851836
5138,2018,6,6,7158,7158.0,0,0,861330
5140,2018,6,6,8208,8208.0,0,0,863259
5141,2018,6,6,3366,3366.0,0,0,863432
5162,2018,6,6,11676,11676.0,0,0,892219
5165,2018,6,6,10986,10986.0,0,0,894436
5167,2018,6,6,3252,3252.0,0,0,895185
5173,2018,6,6,4296,4296.0,0,0,901819
5175,2018,6,6,12066,12066.0,0,0,903209
5185,2018,6,6,5640,5640.0,0,0,917610
5192,2018,6,6,13518,13518.0,0,0,925385
5203,2018,6,6,11280,11280.0,0,0,936273
5218,2018,6,6,14004,14004.0,0,0,953693
5242,2018,6,6,9342,9342.0,0,0,973728
5244,2018,6,6,14376,14376.0,0,0,974829
5280,2018,7,6,12048,12048.0,0,0,112842
5284,2018,7,6,5214,5214.0,0,0,115633
5299,2018,7,6,10194,10194.0,0,0,128789
5303,2018,7,6,11184,11184.0,0,0,130368
5307,2018,7,6,14046,14046.0,0,0,135312
5312,2018,7,6,5772,5772.0,0,0,138810
5326,2018,7,6,9474,9474.0,0,0,153884
5352,2018,7,6,11310,11310.0,0,0,184478
5357,2018,7,6,9354,9354.0,0,0,188147
5361,2018,7,6,13674,13674.0,0,0,193037
5375,2018,7,6,7380,7380.0,0,0,201683
5379,2018,7,6,14862,14862.0,0,0,203033
5402,2018,7,6,11958,11958.0,0,0,221993
5409,2018,7,6,4518,4518.0,0,0,228673
5467,2018,7,6,13962,13962.0,0,0,274141
5470,2018,7,6,9318,9318.0,0,0,274879
5473,2018,7,6,3828,3828.0,0,0,276035
5475,2018,7,6,4734,4734.0,0,0,276650
5482,2018,6,6,10902,10902.0,709,128,535436
5483,2018,7,6,3186,3186.0,0,0,282259
5518,2018,7,6,14370,14370.0,0,0,310965
5520,2018,7,6,4284,4284.0,0,0,311946
5544,2018,7,6,4956,4956.0,0,0,329302
5555,2018,7,6,9078,9078.0,0,0,337983
5583,2018,7,6,11394,11394.0,0,0,358039
5588,2018,7,6,7284,7284.0,0,0,365451
5589,2018,7,6,11922,11922.0,0,0,365557
5605,2018,7,6,13872,13872.0,0,0,376618
5623,2018,6,6,6936,6936.0,535,96,968034
5626,2018,7,6,11244,11244.0,0,0,392802
5639,2018,7,6,6498,6498.0,0,0,406254
5663,2018,7,6,12732,12732.0,0,0,420202
5687,2018,7,6,3384,3384.0,0,0,444092
5701,2018,7,6,8112,8112.0,0,0,453971
5713,2018,7,6,13926,13926.0,0,0,466953
5743,2018,7,6,9414,9414.0,0,0,489842
5745,2018,7,6,5622,5622.0,0,0,491253
5757,2018,8,6,10836,10836.0,726,131,467945
5760,2018,7,6,7014,7014.0,0,0,499128
5782,2018,7,6,14454,14454.0,0,0,518236
5864,2018,7,6,5904,5904.0,0,0,579424
5868,2018,7,6,8232,8232.0,0,0,582690
5872,2018,7,6,13260,13260.0,0,0,587800
5876,2018,7,6,7080,7080.0,0,0,591641
5885,2018,7,6,9042,9042.0,0,0,600785
5918,2018,7,6,5616,5616.0,0,0,625033
5922,2018,7,6,10806,10806.0,0,0,628431
5941,2018,7,6,11136,11136.0,0,0,642002
5957,2018,7,6,10128,10128.0,0,0,654073
5963,2018,7,6,10530,10530.0,0,0,661502
5965,2018,7,6,4512,4512.0,0,0,661744
5975,2018,7,6,3372,3372.0,0,0,668959
5998,2018,7,6,9480,9480.0,0,0,695428
6007,2018,7,6,14784,14784.0,0,0,702406
6013,2018,7,6,6420,6420.0,0,0,709415
6046,2018,7,6,12450,12450.0,0,0,747926
6050,2018,7,6,5280,5280.0,0,0,753473
6057,2018,7,6,6270,6270.0,0,0,762272
6061,2018,7,6,13692,13692.0,0,0,765293
6075,2018,7,6,13194,13194.0,0,0,776736
6083,2018,7,6,12150,12150.0,0,0,781062
6096,2018,7,6,14304,14304.0,0,0,790178
6102,2018,7,6,13320,13320.0,0,0,793178
6131,2018,7,6,14046,14046.0,0,0,817456
6136,2018,7,6,4008,4008.0,0,0,822956
6144,2018,7,6,3708,3708.0,0,0,835796
6154,2018,7,6,5742,5742.0,0,0,842279
6170,2018,7,6,6318,6318.0,0,0,851986
6184,2018,7,6,6420,6420.0,0,0,863259
6194,2018,7,6,5508,5508.0,0,0,872335
6199,2018,7,6,4716,4716.0,0,0,874614
6216,2018,7,6,11292,11292.0,0,0,886299
6285,2018,7,6,10062,10062.0,0,0,944750
6302,2018,7,6,5880,5880.0,0,0,953693
6307,2018,7,6,6096,6096.0,0,0,959728
6316,2018,7,6,4896,4896.0,0,0,968034
6338,2017,7,6,8664,8664.0,696,125,659536
6373,2018,8,6,14148,14148.0,0,0,136516
6375,2018,8,6,4080,4080.0,0,0,138810
6387,2018,8,6,11730,11730.0,0,0,153600
6408,2018,8,6,5016,5016.0,0,0,180219
6411,2018,8,6,9756,9756.0,0,0,184478
6413,2018,8,6,12294,12294.0,0,0,185285
6415,2018,8,6,12708,12708.0,0,0,193037
6423,2018,8,6,12654,12654.0,0,0,208553
6430,2018,8,6,14754,14754.0,0,0,215508
6435,2018,8,6,13476,13476.0,0,0,227804
6441,2018,8,6,7356,7356.0,0,0,246187
6461,2018,8,6,9462,9462.0,0,0,273984
6468,2018,8,6,12000,12000.0,0,0,282259
6515,2018,8,6,14052,14052.0,0,0,352092
6542,2018,8,6,6834,6834.0,0,0,391611
6580,2018,8,6,7848,7848.0,0,0,444092
6584,2018,8,6,14304,14304.0,0,0,448273
6595,2018,8,6,6078,6078.0,0,0,471858
6603,2018,8,6,7914,7914.0,0,0,482528
6648,2018,8,6,4620,4620.0,0,0,565991
6651,2018,8,6,11058,11058.0,0,0,567070
6656,2018,8,6,5358,5358.0,0,0,578811
6658,2018,8,6,6816,6816.0,0,0,581661
6663,2018,8,6,14142,14142.0,0,0,593252
6672,2018,8,6,8184,8184.0,0,0,609532
6678,2018,8,6,5970,5970.0,0,0,615214
6685,2018,8,6,12936,12936.0,0,0,627502
6714,2018,8,6,10194,10194.0,0,0,702147
6718,2018,8,6,8916,8916.0,0,0,708020
6723,2018,8,6,6336,6336.0,0,0,713236
6729,2018,8,6,13110,13110.0,0,0,719383
6731,2018,8,6,4662,4662.0,0,0,721688
6746,2018,8,6,5598,5598.0,0,0,744528
6757,2018,8,6,9156,9156.0,0,0,769623
6774,2018,8,6,4410,4410.0,0,0,802425
6810,2018,8,6,7434,7434.0,0,0,860684
6830,2018,8,6,13194,13194.0,0,0,906178
6839,2018,8,6,12684,12684.0,0,0,918053
6860,2018,8,6,14400,14400.0,0,0,968034
6871,2018,8,6,4710,4710.0,0,0,981536
6876,2017,6,6,6474,6474.0,824,148,791809
6879,2017,8,6,3798,3798.0,762,137,931183
6891,2018,8,6,8178,8178.0,516,93,642002
6951,2018,7,6,8100,8100.0,564,102,983822
6957,2017,7,6,13224,13224.0,806,145,438199
6965,2018,6,6,6738,6738.0,569,102,994377
7313,2018,12,5,8540,8540.0,420,76,244721
7352,2018,12,5,11415,11415.0,431,78,929455
7385,2017,7,5,10460,10460.0,501,90,353128
7402,2017,5,5,7730,7730.0,0,0,159486
7424,2018,5,5,11295,11295.0,432,78,283770
7428,2018,5,5,10470,10470.0,386,69,933968
7431,2018,12,5,7965,7965.0,410,74,185013
7443,2017,3,5,12080,12080.0,0,0,106776
7453,2017,3,5,10880,10880.0,0,0,121183
7502,2017,3,5,5800,5800.0,0,0,192651
7512,2017,3,5,3395,3395.0,0,0,201683
7513,2017,3,5,11155,11155.0,0,0,202358
7529,2017,3,5,5925,5925.0,0,0,215508
7584,2017,3,5,11075,11075.0,0,0,270730
7597,2017,3,5,10330,10330.0,0,0,284610
7614,2017,3,5,9390,9390.0,0,0,309364
7631,2017,3,5,2900,2900.0,0,0,331325
7639,2017,3,5,5020,5020.0,0,0,342527
7654,2018,8,5,5855,5855.0,425,77,417904
7671,2017,3,5,3005,3005.0,0,0,379238
7714,2017,3,5,6575,6575.0,0,0,421923
7717,2017,3,5,7165,7165.0,0,0,424540
7724,2017,3,5,6610,6610.0,0,0,432493
7729,2017,3,5,12010,12010.0,0,0,438263
7757,2017,3,5,7450,7450.0,0,0,466865
7758,2017,3,5,6960,6960.0,0,0,466953
7785,2017,3,5,4300,4300.0,0,0,494885
7786,2017,3,5,5900,5900.0,0,0,495253
7792,2017,3,5,8670,8670.0,0,0,505522
7793,2017,3,5,10295,10295.0,0,0,507005
7798,2017,3,5,6790,6790.0,0,0,511765
7828,2017,3,5,8995,8995.0,0,0,542893
7836,2017,7,5,6945,6945.0,0,0,190149
7838,2017,3,5,5620,5620.0,0,0,565171
7845,2018,6,5,5430,5430.0,0,0,190149
7857,2017,3,5,5950,5950.0,0,0,582690
7868,2017,3,5,5105,5105.0,0,0,595083
7887,2018,9,5,5485,5485.0,359,65,528331
7889,2017,3,5,9290,9290.0,0,0,609532
7908,2017,3,5,11105,11105.0,0,0,618824
7912,2017,3,5,2930,2930.0,0,0,627489
7945,2017,3,5,8250,8250.0,0,0,665024
7967,2017,3,5,3770,3770.0,0,0,683126
7969,2017,3,5,2585,2585.0,0,0,684155
7970,2017,3,5,3570,3570.0,0,0,684934
7980,2017,3,5,9985,9985.0,0,0,693295
7984,2017,3,5,3560,3560.0,0,0,697272
7988,2017,3,5,2810,2810.0,0,0,703937
7989,2017,3,5,4770,4770.0,0,0,704149
7998,2017,7,5,4050,4050.0,574,103,329826
8053,2017,3,5,5795,5795.0,0,0,771035
8065,2017,3,5,4030,4030.0,0,0,789892
8100,2017,12,5,5920,5920.0,460,83,948693
8114,2017,3,5,9845,9845.0,0,0,838634
8128,2017,3,5,12070,12070.0,0,0,851836
8146,2017,3,5,6045,6045.0,0,0,872335
8165,2017,3,5,4595,4595.0,0,0,893863
8177,2017,3,5,12145,12145.0,0,0,901819
8182,2017,3,5,4230,4230.0,0,0,904304
8190,2017,3,5,9730,9730.0,0,0,913571
8209,2017,3,5,3380,3380.0,0,0,929728
8223,2017,3,5,7210,7210.0,0,0,948662
8240,2017,3,5,7415,7415.0,0,0,965079
8244,2017,3,5,4190,4190.0,0,0,968034
8249,2017,3,5,5810,5810.0,0,0,970746
8287,2017,12,5,7810,7810.0,0,0,219276
8288,2018,6,5,4780,4780.0,0,0,219276
8289,2018,12,5,5860,5860.0,0,0,219276
8361,2017,5,5,10695,10695.0,0,0,102311
8389,2017,5,5,4965,4965.0,0,0,131047
8398,2017,5,5,5425,5425.0,0,0,137850
8399,2017,5,5,8310,8310.0,0,0,138737
8406,2017,5,5,12130,12130.0,0,0,147700
8411,2017,5,5,8145,8145.0,0,0,153600
8412,2017,5,5,10635,10635.0,0,0,153626
8418,2017,5,5,3815,3815.0,0,0,160135
8446,2017,5,5,8255,8255.0,0,0,183025
8449,2017,5,5,10520,10520.0,0,0,186593
8467,2017,5,5,4400,4400.0,0,0,202696
8471,2017,5,5,9170,9170.0,0,0,207001
8472,2017,5,5,5990,5990.0,0,0,207576
8484,2017,5,5,5415,5415.0,0,0,220822
8501,2017,5,5,6065,6065.0,0,0,233969
8515,2017,5,5,4670,4670.0,0,0,247514
8517,2017,5,5,5520,5520.0,0,0,247645
8524,2017,5,5,6010,6010.0,0,0,256486
8578,2017,7,5,3035,3035.0,510,92,702406
8579,2017,5,5,8585,8585.0,0,0,319868
8612,2017,5,5,9575,9575.0,0,0,352490
8618,2017,5,5,12070,12070.0,0,0,365619
8642,2017,5,5,6450,6450.0,0,0,385593
8647,2017,5,5,3195,3195.0,0,0,390546
8665,2017,5,5,10255,10255.0,0,0,407999
8680,2017,5,5,7580,7580.0,0,0,419749
8683,2017,5,5,8525,8525.0,0,0,421001
8684,2017,5,5,11190,11190.0,0,0,421191
8708,2017,5,5,8135,8135.0,0,0,442249
8752,2017,5,5,11020,11020.0,0,0,485795
8767,2017,5,5,11680,11680.0,0,0,500022
8770,2017,5,5,6585,6585.0,0,0,505522
8775,2017,5,5,10120,10120.0,0,0,513246
8790,2017,8,5,11680,11680.0,0,0,263612
8799,2017,5,5,11635,11635.0,0,0,535852
8827,2017,5,5,8420,8420.0,0,0,573332
8836,2017,5,5,5240,5240.0,0,0,582690
8842,2017,5,5,6310,6310.0,0,0,587800
8869,2017,5,5,7595,7595.0,0,0,627489
8885,2017,5,5,9090,9090.0,0,0,644163
8944,2017,5,5,8915,8915.0,0,0,705911
8976,2017,5,5,3310,3310.0,0,0,744612
8990,2017,5,5,5110,5110.0,0,0,760061
9078,2017,5,5,6100,6100.0,0,0,863259
9112,2017,5,5,11185,11185.0,0,0,895185
9114,2017,5,5,2615,2615.0,0,0,900894
9120,2017,5,5,8830,8830.0,0,0,904304
9121,2017,5,5,7265,7265.0,0,0,905478
9167,2017,5,5,3975,3975.0,0,0,968034
9190,2017,5,5,12095,12095.0,0,0,991230
9191,2017,5,5,6045,6045.0,0,0,991568
9195,2017,5,5,2725,2725.0,0,0,999631
9204,2018,6,5,9500,9500.0,554,100,640244
9205,2017,6,5,11230,11230.0,0,0,106592
9229,2017,6,5,12255,12255.0,0,0,130208
9230,2017,6,5,4190,4190.0,0,0,130368
9240,2017,6,5,9930,9930.0,0,0,138565
9244,2017,6,5,11395,11395.0,0,0,139863
9249,2017,6,5,6590,6590.0,0,0,146028
9250,2017,6,5,9925,9925.0,0,0,146037
9338,2017,6,5,4465,4465.0,0,0,232290
9387,2017,6,5,8255,8255.0,0,0,273984
9398,2017,6,5,3025,3025.0,0,0,284610
9414,2017,6,5,10855,10855.0,0,0,297702
9461,2017,6,5,9710,9710.0,0,0,342527
9462,2017,6,5,9735,9735.0,0,0,342929
9494,2017,6,5,5515,5515.0,0,0,365557
9522,2018,7,5,6800,6800.0,510,92,771056
9541,2017,6,5,4040,4040.0,0,0,402052
9551,2017,6,5,11285,11285.0,0,0,412402
9592,2017,6,5,11000,11000.0,0,0,439819
9597,2017,6,5,8005,8005.0,0,0,445073
9602,2017,6,5,3770,3770.0,0,0,448273
9615,2017,6,5,9985,9985.0,0,0,461199
9625,2017,6,5,3310,3310.0,0,0,466865
9644,2017,6,5,11770,11770.0,0,0,478666
9693,2017,6,5,8660,8660.0,0,0,518236
9735,2017,6,5,8710,8710.0,0,0,552328
9782,2017,6,5,6170,6170.0,0,0,600785
9833,2017,6,5,10160,10160.0,0,0,642002
9837,2017,6,5,10330,10330.0,0,0,643912
9842,2017,9,5,5240,5240.0,445,80,202696
9843,2018,9,5,2520,2520.0,445,80,676669
9850,2018,5,5,11200,11200.0,589,106,990918
9860,2017,6,5,11360,11360.0,0,0,660197
9903,2017,6,5,3975,3975.0,0,0,697272
9907,2017,6,5,7265,7265.0,0,0,703937
9911,2017,6,5,11850,11850.0,0,0,705911
9914,2017,6,5,6605,6605.0,0,0,707470
9928,2017,6,5,6480,6480.0,0,0,719383
9949,2017,6,5,6950,6950.0,0,0,742281
9973,2017,6,5,9780,9780.0,0,0,765293
9995,2017,6,5,9885,9885.0,0,0,778030
10020,2017,6,5,11675,11675.0,0,0,800433
10038,2017,12,5,2835,2835.0,0,0,316323
10044,2017,6,5,9865,9865.0,0,0,817851
10055,2017,6,5,5390,5390.0,0,0,829861
10070,2017,6,5,3295,3295.0,0,0,846291
10078,2017,6,5,11030,11030.0,0,0,853421
10108,2017,6,5,9320,9320.0,0,0,867446
10117,2017,6,5,6270,6270.0,0,0,879177
10145,2017,6,5,6820,6820.0,0,0,900894
10146,2017,6,5,9095,9095.0,0,0,901819
10171,2017,6,5,9035,9035.0,0,0,923234
10183,2017,6,5,7515,7515.0,0,0,933968
10188,2017,12,5,6775,6775.0,483,87,790178
10198,2017,6,5,9605,9605.0,0,0,946258
10231,2017,6,5,8955,8955.0,0,0,977303
10233,2017,6,5,5165,5165.0,0,0,979776
10239,2017,6,5,9200,9200.0,0,0,984429
10263,2017,7,5,9830,9830.0,0,0,106037
10280,2017,7,5,9770,9770.0,0,0,120583
10292,2017,7,5,12215,12215.0,0,0,127785
10303,2017,7,5,9675,9675.0,0,0,136516
10320,2017,7,5,10305,10305.0,0,0,149884
10324,2017,7,5,9275,9275.0,0,0,153626
10335,2017,7,5,3290,3290.0,0,0,163608
10368,2017,7,5,2955,2955.0,0,0,191917
10381,2017,7,5,10930,10930.0,0,0,202696
10388,2017,7,5,9670,9670.0,0,0,207576
10420,2017,7,5,4390,4390.0,0,0,228673
10444,2017,7,5,3790,3790.0,0,0,244308
10450,2017,7,5,5750,5750.0,0,0,247514
10464,2017,7,5,10760,10760.0,0,0,259110
10527,2017,7,5,6965,6965.0,0,0,316793
10530,2017,7,5,9365,9365.0,0,0,317776
10531,2017,7,5,4775,4775.0,0,0,319868
10550,2017,7,5,3930,3930.0,0,0,328446
10583,2017,7,5,10075,10075.0,0,0,360902
10688,2017,7,5,8860,8860.0,0,0,454440
10696,2017,7,5,10690,10690.0,0,0,461199
10712,2017,7,5,10180,10180.0,0,0,472532
10749,2017,7,5,5840,5840.0,0,0,499945
10771,2018,8,5,11255,11255.0,740,133,309364
10772,2017,7,5,3905,3905.0,0,0,515981
10820,2017,7,5,6790,6790.0,0,0,559388
10823,2017,7,5,4470,4470.0,0,0,561481
10845,2017,7,5,5855,5855.0,0,0,579581
10849,2017,7,5,4200,4200.0,0,0,582690
10854,2017,7,5,9665,9665.0,0,0,587378
10865,2017,7,5,9550,9550.0,0,0,595083
10888,2017,7,5,6145,6145.0,0,0,609072
10899,2017,7,5,9635,9635.0,0,0,615214
10940,2017,7,5,10365,10365.0,0,0,644163
10969,2017,7,5,3095,3095.0,0,0,661411
11014,2017,7,5,10930,10930.0,0,0,703937
11025,2017,7,5,4570,4570.0,0,0,713085
11043,2017,7,5,6690,6690.0,0,0,723591
11045,2017,7,5,7320,7320.0,0,0,726139
11059,2017,7,5,4070,4070.0,0,0,742281
11078,2017,7,5,11970,11970.0,0,0,762355
11147,2017,7,5,3130,3130.0,0,0,830385
11150,2017,7,5,2620,2620.0,0,0,831180
11157,2017,7,5,8230,8230.0,0,0,835796
11160,2017,7,5,6785,6785.0,0,0,839422
11166,2017,7,5,8830,8830.0,0,0,846291
11174,2017,7,5,11345,11345.0,0,0,854902
11186,2017,7,5,5180,5180.0,0,0,863259
11197,2017,7,5,9415,9415.0,0,0,873886
11199,2017,7,5,10675,10675.0,0,0,874614
11208,2017,7,5,11055,11055.0,0,0,882718
11212,2017,7,5,4225,4225.0,0,0,886439
11214,2017,7,5,3555,3555.0,0,0,888357
11221,2017,7,5,7890,7890.0,0,0,894620
11267,2017,7,5,4555,4555.0,0,0,939485
11275,2017,7,5,9665,9665.0,0,0,944750
11277,2017,7,5,5600,5600.0,0,0,946258
11279,2017,7,5,5355,5355.0,0,0,948325
11280,2017,7,5,7470,7470.0,0,0,948693
11289,2017,7,5,3730,3730.0,0,0,952955
11306,2017,7,5,4330,4330.0,0,0,967883
11311,2017,7,5,6875,6875.0,0,0,970746
11345,2017,7,5,4105,4105.0,0,0,999631
11353,2017,8,5,7015,7015.0,0,0,106776
11363,2017,8,5,11520,11520.0,0,0,112842
11369,2017,8,5,12435,12435.0,0,0,115633
11379,2017,8,5,7055,7055.0,0,0,121183
11389,2017,8,5,6655,6655.0,0,0,130368
11395,2017,8,5,7505,7505.0,0,0,136516
11398,2017,8,5,10710,10710.0,0,0,138737
11404,2017,8,5,5850,5850.0,0,0,144977
11407,2017,8,5,10490,10490.0,0,0,146037
11427,2017,8,5,4445,4445.0,0,0,164973
11435,2017,8,5,12145,12145.0,0,0,169247
11502,2017,8,5,8980,8980.0,0,0,232290
11507,2017,8,5,10910,10910.0,0,0,237274
11522,2017,8,5,2660,2660.0,0,0,247471
11542,2017,8,5,2710,2710.0,0,0,268129
11680,2017,8,5,11980,11980.0,0,0,387523
11712,2017,8,5,11400,11400.0,0,0,407999
11724,2017,8,5,9200,9200.0,0,0,426124
11733,2018,12,5,3630,3630.0,710,128,525548
11757,2017,8,5,8705,8705.0,0,0,442014
11765,2017,8,5,8025,8025.0,0,0,446991
11808,2017,8,5,2620,2620.0,0,0,485795
11820,2017,8,5,11410,11410.0,0,0,494515
11841,2017,8,5,5580,5580.0,0,0,515969
11892,2017,8,5,4865,4865.0,0,0,561481
11900,2017,8,5,8365,8365.0,0,0,567070
11903,2017,8,5,8240,8240.0,0,0,568880
11915,2017,8,5,3325,3325.0,0,0,573332
11940,2017,8,5,10860,10860.0,0,0,596586
11954,2017,8,5,7405,7405.0,0,0,607662
11970,2017,8,5,5470,5470.0,0,0,612510
11977,2017,8,5,10715,10715.0,0,0,618824
12001,2017,8,5,8045,8045.0,0,0,644786
12011,2017,8,5,5100,5100.0,0,0,650445
12033,2017,8,5,7910,7910.0,0,0,661502
12047,2017,8,5,12145,12145.0,0,0,670751
12050,2017,8,5,6495,6495.0,0,0,671534
12057,2017,8,5,2500,2500.0,0,0,676669
12090,2017,8,5,12065,12065.0,0,0,702478
12101,2017,8,5,11165,11165.0,0,0,708343
12135,2017,8,5,11185,11185.0,0,0,731510
12149,2017,8,5,11635,11635.0,0,0,744528
12150,2017,8,5,11175,11175.0,0,0,745920
12158,2017,8,5,9980,9980.0,0,0,750649
12161,2017,8,5,2505,2505.0,0,0,753473
12210,2017,8,5,8900,8900.0,0,0,790450
12230,2017,8,5,4300,4300.0,0,0,808353
12242,2017,8,5,3125,3125.0,0,0,822696
12253,2017,8,5,9170,9170.0,0,0,829861
12264,2017,8,5,11490,11490.0,0,0,838634
12293,2017,8,5,9960,9960.0,0,0,860684
12303,2017,8,5,3655,3655.0,0,0,867446
12306,2017,8,5,2715,2715.0,0,0,872335
12309,2017,8,5,8125,8125.0,0,0,873886
12360,2017,8,5,4685,4685.0,0,0,920162
12363,2017,8,5,12270,12270.0,0,0,924793
12374,2017,8,5,9375,9375.0,0,0,936273
12378,2017,7,5,4050,4050.0,507,91,401424
12407,2017,8,5,10960,10960.0,0,0,968034
12414,2017,8,5,12240,12240.0,0,0,971107
12422,2017,8,5,11775,11775.0,0,0,979776
12427,2017,8,5,3200,3200.0,0,0,983822
12444,2017,8,5,9390,9390.0,0,0,996686
12446,2017,8,5,4770,4770.0,0,0,997189
12450,2017,9,5,5055,5055.0,0,0,106592
12472,2017,9,5,2835,2835.0,0,0,191917
12478,2017,9,5,8455,8455.0,0,0,210755
12500,2017,9,5,3010,3010.0,0,0,284610
12509,2017,9,5,3330,3330.0,0,0,306708
12511,2017,9,5,4545,4545.0,0,0,309364
12531,2017,6,5,6015,6015.0,0,0,423119
12548,2017,9,5,11650,11650.0,0,0,428526
12553,2017,9,5,3180,3180.0,0,0,438263
12554,2017,9,5,5005,5005.0,0,0,439819
12566,2017,9,5,8155,8155.0,0,0,466953
12568,2017,7,5,6700,6700.0,583,105,822765
12581,2017,9,5,5525,5525.0,0,0,500022
12585,2017,9,5,5285,5285.0,0,0,504260
12598,2017,9,5,2690,2690.0,0,0,561481
12640,2017,9,5,10035,10035.0,0,0,706820
12661,2017,9,5,9440,9440.0,0,0,756791
12734,2017,9,5,3565,3565.0,0,0,913571
12766,2017,7,5,7585,7585.0,470,85,549862
12791,2017,7,5,3805,3805.0,577,104,879177
12805,2017,3,5,7320,7320.0,411,74,929980
12824,2018,8,5,5070,5070.0,456,82,138737
12828,2017,7,5,4365,4365.0,496,89,462663
12839,2018,9,5,9175,9175.0,610,110,523246
12858,2017,5,5,8930,8930.0,515,93,329302
12906,2018,8,5,10590,10590.0,739,133,579015
12908,2018,8,5,8385,8385.0,626,113,996686
12942,2017,12,5,3020,3020.0,0,0,106037
12943,2017,12,5,9645,9645.0,0,0,106592
12946,2017,12,5,2970,2970.0,0,0,107571
12988,2017,12,5,3240,3240.0,0,0,149884
13003,2017,12,5,2750,2750.0,0,0,163608
13006,2017,12,5,11680,11680.0,0,0,164973
13007,2017,12,5,12055,12055.0,0,0,165742
13009,2017,12,5,7270,7270.0,0,0,167465
13012,2017,12,5,3920,3920.0,0,0,168843
13026,2017,12,5,5990,5990.0,0,0,180219
13029,2017,12,5,10920,10920.0,0,0,181082
13035,2017,12,5,6005,6005.0,0,0,185774
13038,2017,12,5,9095,9095.0,0,0,187838
13045,2017,12,5,9710,9710.0,0,0,193665
13079,2017,12,5,4895,4895.0,0,0,215508
13091,2017,12,5,3365,3365.0,0,0,225363
13105,2017,12,5,10185,10185.0,0,0,233969
13108,2017,12,5,7975,7975.0,0,0,237434
13109,2017,7,5,7075,7075.0,0,0,512580
13139,2017,12,5,4535,4535.0,0,0,254860
13168,2017,12,5,9475,9475.0,0,0,273984
13169,2017,12,5,3110,3110.0,0,0,274879
13172,2017,12,5,6160,6160.0,0,0,276255
13181,2017,12,5,9735,9735.0,0,0,280828
13224,2017,12,5,5305,5305.0,0,0,316793
13228,2017,12,5,8450,8450.0,0,0,317888
13237,2017,12,5,5835,5835.0,0,0,325367
13248,2017,12,5,3540,3540.0,0,0,331325
13257,2017,12,5,11875,11875.0,0,0,336341
13259,2017,12,5,8490,8490.0,0,0,337453
13260,2017,12,5,6580,6580.0,0,0,339845
13261,2017,12,5,11835,11835.0,0,0,341728
13326,2017,12,5,9555,9555.0,0,0,397817
13337,2017,12,5,6950,6950.0,0,0,406254
13432,2017,12,5,5760,5760.0,0,0,472787
13464,2017,12,5,5035,5035.0,0,0,495253
13475,2017,12,5,6120,6120.0,0,0,504260
13508,2017,12,5,11470,11470.0,0,0,523246
13514,2017,12,5,8680,8680.0,0,0,527194
13525,2017,12,5,3580,3580.0,0,0,537387
13549,2017,12,5,3265,3265.0,0,0,554442
13615,2017,12,5,4270,4270.0,0,0,603775
13626,2017,12,5,3500,3500.0,0,0,609532
13637,2017,12,5,8905,8905.0,0,0,617960
13678,2017,12,5,4020,4020.0,0,0,645081
13694,2017,12,5,2740,2740.0,0,0,659536
13695,2017,12,5,5720,5720.0,0,0,660436
13697,2017,12,5,7885,7885.0,0,0,661502
13716,2017,12,5,9255,9255.0,0,0,671534
13722,2018,8,5,6420,6420.0,451,81,905909
13726,2017,12,5,2600,2600.0,0,0,678243
13743,2017,12,5,5025,5025.0,0,0,695428
13759,2017,12,5,2700,2700.0,0,0,706820
13761,2017,12,5,8335,8335.0,0,0,708020
13762,2017,12,5,5000,5000.0,0,0,708258
13767,2017,12,5,7875,7875.0,0,0,709415
13788,2017,12,5,5915,5915.0,0,0,726139
13812,2017,12,5,3915,3915.0,0,0,744528
13813,2017,12,5,9170,9170.0,0,0,744567
13816,2018,6,5,10100,10100.0,704,127,637687
13820,2017,7,5,12240,12240.0,724,130,535436
13822,2017,12,5,5025,5025.0,0,0,750649
13830,2017,12,5,3520,3520.0,0,0,754539
13840,2017,12,5,7995,7995.0,0,0,762272
13841,2017,12,5,9445,9445.0,0,0,762355
13860,2017,12,5,11210,11210.0,0,0,771056
13916,2017,12,5,10225,10225.0,0,0,802425
13941,2017,12,5,3990,3990.0,0,0,817851
13958,2017,12,5,6620,6620.0,0,0,828232
14011,2017,12,5,8945,8945.0,0,0,860602
14012,2017,12,5,10370,10370.0,0,0,860684
14013,2017,12,5,8715,8715.0,0,0,863259
14016,2017,12,5,6665,6665.0,0,0,867446
14040,2017,12,5,3770,3770.0,0,0,882718
14053,2017,12,5,11905,11905.0,0,0,888357
14061,2017,12,5,5910,5910.0,0,0,892797
14063,2017,12,5,8655,8655.0,0,0,893863
14092,2017,12,5,7415,7415.0,0,0,917630
14093,2017,12,5,7645,7645.0,0,0,917998
14106,2017,12,5,10075,10075.0,0,0,922000
14110,2017,12,5,7685,7685.0,0,0,925385
14116,2017,12,5,4010,4010.0,0,0,931183
14128,2018,12,5,11540,11540.0,617,111,714379
14140,2017,12,5,4455,4455.0,0,0,944750
14184,2017,12,5,9570,9570.0,0,0,980952
14286,2018,8,5,10140,10140.0,621,112,839422
14330,2017,3,5,7085,7085.0,0,0,583223
14333,2018,3,5,8405,8405.0,0,0,971107
14340,2018,3,5,4130,4130.0,0,0,542893
14359,2018,3,5,8300,8300.0,0,0,306708
14372,2017,8,5,11995,11995.0,755,136,270730
14378,2018,3,5,5125,5125.0,0,0,593252
14380,2018,6,5,4665,4665.0,794,143,603775
14382,2018,3,5,2690,2690.0,0,0,715462
14390,2017,3,5,9855,9855.0,0,0,602068
14394,2017,12,5,4230,4230.0,0,0,602068
14424,2018,3,5,7305,7305.0,0,0,966580
14495,2018,3,5,10815,10815.0,0,0,300870
14529,2017,12,5,7445,7445.0,0,0,623222
14545,2018,3,5,3560,3560.0,0,0,274879
14546,2018,3,5,5195,5195.0,0,0,457716
14560,2018,3,5,4200,4200.0,0,0,753473
14588,2018,12,5,8465,8465.0,647,116,508080
14595,2018,3,5,12135,12135.0,0,0,701216
14596,2018,3,5,2955,2955.0,0,0,774321
14609,2017,9,5,7745,7745.0,598,108,607662
14618,2017,6,5,7160,7160.0,725,131,489842
14625,2017,9,5,5945,5945.0,565,102,581661
14691,2018,7,5,8890,8890.0,557,100,330464
14744,2018,3,5,9075,9075.0,0,0,716785
14748,2018,3,5,10155,10155.0,0,0,908120
14756,2017,8,5,8535,8535.0,693,125,215508
14781,2018,3,5,12110,12110.0,0,0,549982
14801,2018,3,5,11515,11515.0,0,0,350692
14825,2018,5,5,6900,6900.0,0,0,120613
14829,2018,5,5,4815,4815.0,0,0,127882
14834,2018,5,5,7480,7480.0,0,0,131047
14841,2018,5,5,3310,3310.0,0,0,135312
14869,2018,5,5,3375,3375.0,0,0,169129
14886,2018,5,5,7735,7735.0,0,0,188147
14901,2018,5,5,12255,12255.0,0,0,203033
14928,2018,5,5,5265,5265.0,0,0,229436
14977,2018,5,5,6705,6705.0,0,0,271675
14981,2018,5,5,8655,8655.0,0,0,276289
14982,2018,5,5,6295,6295.0,0,0,276650
14998,2018,5,5,3235,3235.0,0,0,287266
15005,2018,6,5,2605,2605.0,798,144,442014
15030,2017,8,5,6950,6950.0,663,119,268414
15043,2018,5,5,9695,9695.0,0,0,327972
15047,2018,5,5,3395,3395.0,0,0,329826
15056,2018,5,5,4585,4585.0,0,0,336037
15194,2018,5,5,5765,5765.0,0,0,482528
15213,2018,5,5,11430,11430.0,0,0,502012
15216,2018,5,5,10565,10565.0,0,0,506170
15217,2018,5,5,3905,3905.0,0,0,508080
15218,2018,5,5,8850,8850.0,0,0,508115
15226,2018,5,5,7565,7565.0,0,0,513246
15279,2018,5,5,12345,12345.0,0,0,550262
15282,2018,5,5,11585,11585.0,0,0,554104
15310,2018,5,5,12500,12500.0,0,0,577405
15315,2018,5,5,9490,9490.0,0,0,583718
15322,2018,5,5,5040,5040.0,0,0,590989
15335,2018,5,5,6355,6355.0,0,0,600785
15358,2018,5,5,8920,8920.0,0,0,616746
15365,2018,5,5,6925,6925.0,0,0,621940
15415,2018,5,5,8060,8060.0,0,0,676669
15417,2018,5,5,5810,5810.0,0,0,678243
15446,2018,5,5,3830,3830.0,0,0,702478
15447,2018,5,5,8175,8175.0,0,0,704270
15462,2018,5,5,8795,8795.0,0,0,715462
15511,2018,5,5,3800,3800.0,0,0,762355
15551,2018,5,5,10430,10430.0,0,0,802425
15584,2018,5,5,7160,7160.0,0,0,831180
15585,2018,5,5,2805,2805.0,0,0,832597
15589,2018,5,5,9905,9905.0,0,0,833998
15610,2018,5,5,9465,9465.0,0,0,846291
15644,2018,5,5,6185,6185.0,0,0,877603
15718,2018,5,5,7750,7750.0,0,0,945091
15720,2018,5,5,4785,4785.0,0,0,947234
15732,2018,5,5,3185,3185.0,0,0,959728
15743,2018,5,5,3890,3890.0,0,0,968666
15774,2018,5,5,3630,3630.0,0,0,997439
15789,2018,6,5,5285,5285.0,0,0,116735
15819,2018,6,5,3085,3085.0,0,0,135421
15861,2018,6,5,9165,9165.0,0,0,164034
15863,2018,6,5,6355,6355.0,0,0,165443
15916,2018,6,5,3225,3225.0,0,0,204343
15966,2018,6,5,12405,12405.0,0,0,247471
15974,2017,8,5,6115,6115.0,520,94,287266
15985,2018,6,5,11460,11460.0,0,0,261964
16069,2018,6,5,3580,3580.0,0,0,327972
16071,2018,6,5,10190,10190.0,0,0,331325
16100,2018,6,5,8110,8110.0,0,0,352092
16104,2018,6,5,7145,7145.0,0,0,353128
16173,2017,5,5,11835,11835.0,0,0,744860
16185,2017,9,5,12355,12355.0,0,0,744860
16204,2018,6,5,8575,8575.0,0,0,428826
16227,2018,6,5,9870,9870.0,0,0,444365
16294,2018,6,5,11825,11825.0,0,0,502012
16314,2018,6,5,3995,3995.0,0,0,525548
16346,2018,6,5,10460,10460.0,0,0,542893
16381,2017,8,5,4660,4660.0,0,0,750199
16393,2018,3,5,3395,3395.0,0,0,750199
16399,2018,6,5,3240,3240.0,0,0,577405
16449,2018,6,5,4620,4620.0,0,0,623861
16451,2018,6,5,5440,5440.0,0,0,625434
16478,2018,6,5,7240,7240.0,0,0,644630
16496,2018,6,5,5015,5015.0,0,0,659536
16504,2018,6,5,3850,3850.0,0,0,662380
16518,2018,6,5,3425,3425.0,0,0,670751
16551,2018,6,5,4490,4490.0,0,0,693295
16553,2018,6,5,7165,7165.0,0,0,694942
16563,2018,6,5,9920,9920.0,0,0,704270
16565,2018,6,5,5555,5555.0,0,0,705911
16568,2018,6,5,10590,10590.0,0,0,707470
16570,2018,6,5,3935,3935.0,0,0,708343
16588,2018,6,5,5780,5780.0,0,0,726139
16613,2018,6,5,5925,5925.0,0,0,746536
16620,2018,6,5,7475,7475.0,0,0,753473
16627,2018,6,5,3075,3075.0,0,0,756515
16628,2018,6,5,7110,7110.0,0,0,756791
16668,2018,6,5,11625,11625.0,0,0,787548
16697,2018,6,5,3465,3465.0,0,0,818597
16700,2018,6,5,11845,11845.0,0,0,820542
16732,2018,6,5,6760,6760.0,0,0,842390
16734,2017,7,5,10565,10565.0,826,149,920162
16760,2018,6,5,8125,8125.0,0,0,860602
16786,2018,6,5,3735,3735.0,0,0,877603
16799,2018,6,5,6460,6460.0,0,0,893863
16823,2018,6,5,12245,12245.0,0,0,916713
16851,2018,6,5,11765,11765.0,0,0,939485
16858,2018,6,5,5110,5110.0,0,0,944750
16862,2018,6,5,7130,7130.0,0,0,947234
16869,2018,6,5,5765,5765.0,0,0,949974
16873,2018,6,5,4905,4905.0,0,0,952955
16892,2018,6,5,10645,10645.0,0,0,971528
16908,2018,6,5,5195,5195.0,0,0,981536
16921,2018,6,5,2620,2620.0,0,0,991230
16935,2018,6,5,9010,9010.0,0,0,999631
16964,2018,7,5,6905,6905.0,0,0,121183
16970,2018,7,5,6825,6825.0,0,0,127785
16977,2018,7,5,4445,4445.0,0,0,138565
16986,2018,7,5,8035,8035.0,0,0,145988
17026,2018,7,5,5930,5930.0,0,0,173873
17033,2018,7,5,12330,12330.0,0,0,182785
17038,2018,7,5,10355,10355.0,0,0,185013
17049,2018,7,5,7825,7825.0,0,0,191917
17052,2018,7,5,11180,11180.0,0,0,192651
17058,2018,7,5,6790,6790.0,0,0,197086
17066,2018,7,5,6910,6910.0,0,0,204343
17067,2018,7,5,12290,12290.0,0,0,204484
17075,2018,7,5,5790,5790.0,0,0,210498
17099,2018,7,5,6410,6410.0,0,0,225363
17153,2018,7,5,11465,11465.0,0,0,257417
17179,2018,7,5,11760,11760.0,0,0,276289
17235,2018,7,5,8830,8830.0,0,0,319664
17250,2018,7,5,9250,9250.0,0,0,328446
17299,2018,7,5,10690,10690.0,0,0,350692
17313,2018,7,5,8945,8945.0,0,0,360902
17332,2017,3,5,2775,2775.0,500,90,566182
17370,2018,7,5,10975,10975.0,0,0,402964
17375,2018,7,5,5290,5290.0,0,0,405928
17394,2017,6,5,5330,5330.0,486,87,220822
17406,2018,7,5,7500,7500.0,0,0,428526
17414,2018,7,5,11015,11015.0,0,0,432493
17419,2018,7,5,10370,10370.0,0,0,438641
17432,2018,7,5,9745,9745.0,0,0,444365
17457,2018,7,5,9215,9215.0,0,0,462663
17496,2018,7,5,9495,9495.0,0,0,492367
17525,2018,7,5,5110,5110.0,0,0,515969
17540,2018,7,5,3820,3820.0,0,0,528363
17543,2018,7,5,4795,4795.0,0,0,530508
17550,2018,7,5,7025,7025.0,0,0,535852
17551,2018,7,5,2980,2980.0,0,0,537387
17560,2018,7,5,7790,7790.0,0,0,542893
17563,2018,7,5,6930,6930.0,0,0,544690
17588,2018,7,5,12125,12125.0,0,0,558097
17599,2018,7,5,8830,8830.0,0,0,565171
17601,2018,7,5,4025,4025.0,0,0,565991
17618,2018,7,5,9470,9470.0,0,0,577405
17619,2018,7,5,8590,8590.0,0,0,578811
17640,2018,12,5,12025,12025.0,553,100,136516
17651,2018,7,5,11720,11720.0,0,0,599372
17681,2018,7,5,3625,3625.0,0,0,616746
17716,2018,7,5,11440,11440.0,0,0,640244
17736,2018,7,5,8560,8560.0,0,0,656572
17742,2018,7,5,9385,9385.0,0,0,660197
17755,2018,7,5,9325,9325.0,0,0,670751
17769,2018,7,5,5265,5265.0,0,0,676669
17776,2018,7,5,5365,5365.0,0,0,683126
17806,2018,7,5,5800,5800.0,0,0,702542
17810,2018,7,5,9690,9690.0,0,0,703937
17814,2018,7,5,6730,6730.0,0,0,706820
17855,2018,7,5,2850,2850.0,0,0,735263
17856,2018,7,5,7085,7085.0,0,0,735304
17867,2018,7,5,9255,9255.0,0,0,742281
17888,2018,7,5,2820,2820.0,0,0,753637
17910,2018,7,5,3990,3990.0,0,0,774321
17934,2018,7,5,9355,9355.0,0,0,799781
17948,2018,3,5,10235,10235.0,0,0,806348
18020,2018,7,5,5975,5975.0,0,0,863432
18051,2018,7,5,11850,11850.0,0,0,886439
18053,2018,7,5,12255,12255.0,0,0,888357
18063,2018,7,5,6785,6785.0,0,0,895185
18075,2018,7,5,8675,8675.0,0,0,905478
18089,2018,7,5,6190,6190.0,0,0,917610
18093,2018,7,5,10545,10545.0,0,0,922786
18094,2018,7,5,11350,11350.0,0,0,922926
18118,2018,7,5,6595,6595.0,0,0,935570
18136,2018,7,5,7520,7520.0,0,0,946001
18162,2018,7,5,3610,3610.0,0,0,965079
18202,2017,3,5,6930,6930.0,418,75,207001
18203,2018,7,5,8695,8695.0,0,0,991230
18231,2018,8,5,12115,12115.0,0,0,121183
18245,2018,8,5,3425,3425.0,0,0,135421
18251,2018,8,5,9510,9510.0,0,0,137850
18289,2018,8,5,8540,8540.0,0,0,164973
18291,2018,8,5,8670,8670.0,0,0,165019
18304,2017,6,5,9850,9850.0,672,121,670751
18336,2018,8,5,9700,9700.0,0,0,197086
18353,2018,8,5,7390,7390.0,0,0,204343
18362,2018,8,5,10145,10145.0,0,0,207110
18368,2018,8,5,8620,8620.0,0,0,210498
18385,2018,8,5,4255,4255.0,0,0,220822
18393,2017,6,5,8490,8490.0,689,124,745811
18412,2018,8,5,6055,6055.0,0,0,240476
18413,2018,8,5,9085,9085.0,0,0,243061
18468,2018,8,5,6875,6875.0,0,0,279231
18512,2018,5,5,11765,11765.0,596,107,392802
18513,2018,8,5,10185,10185.0,0,0,308891
18536,2018,8,5,3955,3955.0,0,0,317776
18553,2018,8,5,11665,11665.0,0,0,329302
18555,2018,8,5,10340,10340.0,0,0,329826
18574,2018,8,5,4755,4755.0,0,0,345908
18649,2018,8,5,9605,9605.0,0,0,408347
18673,2018,8,5,9445,9445.0,0,0,420515
18681,2018,8,5,10415,10415.0,0,0,426124
18688,2018,8,5,11665,11665.0,0,0,428826
18703,2018,8,5,8465,8465.0,0,0,442249
18746,2018,8,5,5170,5170.0,0,0,478666
18764,2018,8,5,7145,7145.0,0,0,489842
18766,2017,7,5,8905,8905.0,473,85,215508
18769,2018,8,5,8740,8740.0,0,0,492367
18816,2018,8,5,12235,12235.0,0,0,535436
18838,2018,8,5,8660,8660.0,0,0,549982
18925,2018,8,5,9245,9245.0,0,0,608517
18926,2018,8,5,10630,10630.0,0,0,609072
18955,2018,8,5,9680,9680.0,0,0,628017
18966,2018,8,5,4265,4265.0,0,0,635509
18970,2018,8,5,5475,5475.0,0,0,637687
18997,2018,8,5,6435,6435.0,0,0,660197
18999,2018,8,5,10105,10105.0,0,0,662380
19002,2018,8,5,8105,8105.0,0,0,664008
19010,2018,8,5,7120,7120.0,0,0,667341
19019,2018,8,5,9430,9430.0,0,0,672308
19061,2018,8,5,3675,3675.0,0,0,701216
19148,2018,8,5,10460,10460.0,0,0,765293
19151,2018,8,5,2760,2760.0,0,0,770968
19170,2018,8,5,2675,2675.0,0,0,787548
19179,2018,8,5,11215,11215.0,0,0,789892
19180,2018,8,5,7755,7755.0,0,0,791809
19207,2018,8,5,10275,10275.0,0,0,811684
19218,2018,8,5,11785,11785.0,0,0,819809
19220,2018,8,5,10285,10285.0,0,0,820344
19234,2018,8,5,8090,8090.0,0,0,831180
19263,2018,8,5,8715,8715.0,0,0,853421
19281,2018,8,5,2940,2940.0,0,0,863259
19310,2018,8,5,10075,10075.0,0,0,878284
19361,2018,8,5,7220,7220.0,0,0,920162
19365,2018,8,5,10730,10730.0,0,0,922786
19386,2018,8,5,5070,5070.0,0,0,937645
19388,2018,8,5,4630,4630.0,0,0,939485
19394,2018,8,5,4150,4150.0,0,0,948325
19416,2018,8,5,5970,5970.0,0,0,968034
19450,2018,8,5,8275,8275.0,0,0,991230
19454,2018,8,5,7485,7485.0,0,0,997189
19474,2017,12,5,10910,10910.0,677,122,236593
19504,2018,9,5,2635,2635.0,0,0,247514
19519,2018,9,5,4250,4250.0,0,0,309364
19560,2018,9,5,10205,10205.0,0,0,407999
19564,2018,8,5,3595,3595.0,550,99,905478
19583,2018,9,5,8545,8545.0,0,0,445427
19612,2018,9,5,5500,5500.0,0,0,528363
19640,2018,9,5,3580,3580.0,0,0,593252
19669,2018,9,5,6440,6440.0,0,0,671849
19688,2018,9,5,8750,8750.0,0,0,723591
19736,2018,9,5,10140,10140.0,0,0,842279
19782,2018,9,5,7095,7095.0,0,0,967883
19792,2018,9,5,11545,11545.0,0,0,996686
19803,2018,5,5,7910,7910.0,545,98,967347
19808,2017,7,5,6160,6160.0,511,92,948662
19823,2018,8,5,11345,11345.0,433,78,426185
19852,2018,6,5,8480,8480.0,521,94,225363
19860,2017,5,5,6630,6630.0,583,105,511472
19865,2018,8,5,6440,6440.0,586,105,331325
19947,2017,6,5,2565,2565.0,617,111,218917
19958,2018,12,5,6490,6490.0,0,0,101540
20015,2018,12,5,8415,8415.0,0,0,138565
20024,2018,12,5,4755,4755.0,0,0,146028
20041,2018,12,5,3260,3260.0,0,0,163608
20046,2018,12,5,2650,2650.0,0,0,166037
20049,2018,12,5,3785,3785.0,0,0,168302
20050,2018,12,5,2605,2605.0,0,0,169247
20114,2018,12,5,3980,3980.0,0,0,204343
20128,2018,12,5,4780,4780.0,0,0,210755
20168,2018,12,5,8795,8795.0,0,0,247514
20187,2018,12,5,12480,12480.0,0,0,261964
20202,2018,12,5,8395,8395.0,0,0,270730
20210,2018,12,5,5395,5395.0,0,0,273984
20242,2018,12,5,4555,4555.0,0,0,300870
20308,2018,12,5,8385,8385.0,0,0,341728
20309,2018,12,5,9815,9815.0,0,0,342407
20312,2018,12,5,3040,3040.0,0,0,342929
20319,2018,12,5,9400,9400.0,0,0,345908
20350,2018,12,5,5315,5315.0,0,0,360537
20378,2018,12,5,9765,9765.0,0,0,375540
20421,2018,12,5,11170,11170.0,0,0,402964
20428,2018,12,5,10145,10145.0,0,0,408134
20429,2018,12,5,12015,12015.0,0,0,408347
20436,2018,12,5,11860,11860.0,0,0,411715
20443,2018,12,5,3135,3135.0,0,0,413185
20456,2018,12,5,6705,6705.0,0,0,421001
20457,2018,12,5,12320,12320.0,0,0,421191
20463,2018,12,5,5435,5435.0,0,0,426185
20477,2018,12,5,7885,7885.0,0,0,432493
20479,2018,8,5,3160,3160.0,725,131,654073
20498,2018,12,5,11350,11350.0,0,0,445073
20500,2018,12,5,9055,9055.0,0,0,446991
20506,2018,12,5,5860,5860.0,0,0,453448
20513,2018,12,5,4865,4865.0,0,0,458614
20542,2018,12,5,7090,7090.0,0,0,476371
20592,2018,12,5,5495,5495.0,0,0,502012
20596,2018,12,5,11755,11755.0,0,0,502946
20602,2018,12,5,9135,9135.0,0,0,509513
20609,2018,12,5,4350,4350.0,0,0,513246
20616,2018,12,5,2960,2960.0,0,0,515981
20646,2018,12,5,8670,8670.0,0,0,530508
20705,2018,12,5,8335,8335.0,0,0,567070
20711,2018,12,5,7220,7220.0,0,0,571169
20715,2018,12,5,4535,4535.0,0,0,573830
20745,2018,12,5,10525,10525.0,0,0,596586
20760,2018,12,5,7640,7640.0,0,0,602694
20773,2018,12,5,9545,9545.0,0,0,608517
20774,2018,12,5,7860,7860.0,0,0,608758
20792,2018,12,5,11130,11130.0,0,0,628017
20796,2018,12,5,4005,4005.0,0,0,629966
20813,2018,12,5,10100,10100.0,0,0,637687
20821,2018,12,5,2940,2940.0,0,0,642002
20837,2018,12,5,5375,5375.0,0,0,654073
20865,2018,12,5,7535,7535.0,0,0,671803
20903,2018,12,5,10605,10605.0,0,0,695428
20909,2017,8,5,9935,9935.0,0,0,991210
20910,2017,9,5,7730,7730.0,0,0,991210
20924,2018,12,5,4890,4890.0,0,0,703937
20938,2018,12,5,2945,2945.0,0,0,713236
20964,2018,12,5,12105,12105.0,0,0,730246
20990,2018,12,5,11920,11920.0,0,0,745811
21070,2018,12,5,6240,6240.0,0,0,799781
21105,2018,12,5,9170,9170.0,0,0,820542
21108,2018,12,5,8245,8245.0,0,0,822696
21117,2018,12,5,2715,2715.0,0,0,830811
21118,2018,12,5,5830,5830.0,0,0,831180
21122,2018,12,5,8720,8720.0,0,0,832810
21146,2018,12,5,11030,11030.0,0,0,842279
21164,2018,12,5,12420,12420.0,0,0,851421
21195,2018,12,5,12380,12380.0,0,0,870574
21228,2018,12,5,11145,11145.0,0,0,895185
21261,2018,12,5,10985,10985.0,0,0,917998
21276,2018,12,5,8860,8860.0,0,0,923234
21338,2018,9,5,4405,4405.0,649,117,550262
21373,2018,12,5,6275,6275.0,0,0,979776
21375,2018,12,5,8330,8330.0,0,0,983199
21392,2018,12,5,8925,8925.0,0,0,991568
21400,2018,12,5,12500,12500.0,0,0,994377
21508,2017,1,4,3572,3572.0,0,0,107212
21567,2017,9,4,3524,3524.0,350,63,390546
21572,2017,1,4,3516,3516.0,0,0,204484
21576,2017,1,4,5060,5060.0,0,0,208553
21587,2017,1,4,7996,7996.0,0,0,240476
21608,2017,1,4,2676,2676.0,0,0,273984
21618,2017,1,4,5512,5512.0,0,0,286551
21645,2017,1,4,6808,6808.0,0,0,325367
21684,2017,1,4,8360,8360.0,0,0,412402
21701,2017,1,4,8160,8160.0,0,0,428526
21710,2017,1,4,3992,3992.0,0,0,444365
21720,2017,1,4,8976,8976.0,0,0,455941
21722,2017,1,4,3000,3000.0,0,0,457716
21799,2018,10,4,3304,3304.0,364,66,802425
21839,2017,1,4,4672,4672.0,0,0,661054
21853,2017,1,4,3828,3828.0,0,0,695342
21855,2017,1,4,9340,9340.0,0,0,697272
21883,2017,1,4,6724,6724.0,0,0,755374
21885,2017,1,4,7764,7764.0,0,0,762355
21915,2017,1,4,7488,7488.0,0,0,809733
21931,2017,9,4,5756,5756.0,378,68,406254
21943,2017,1,4,7760,7760.0,0,0,863259
21957,2017,1,4,7176,7176.0,0,0,886439
21978,2017,1,4,5304,5304.0,0,0,923959
21991,2017,1,4,2700,2700.0,0,0,947876
22006,2017,1,4,5820,5820.0,0,0,971528
22044,2017,2,4,3256,3256.0,0,0,131047
22061,2018,8,4,5060,5060.0,477,86,778030
22068,2017,7,4,9100,9100.0,561,101,392802
22079,2017,2,4,6308,6308.0,0,0,181082
22080,2017,2,4,4772,4772.0,0,0,183025
22083,2017,2,4,4180,4180.0,0,0,188147
22097,2017,2,4,7432,7432.0,0,0,209675
22117,2018,3,4,5860,5860.0,405,73,565171
22193,2017,3,4,2272,2272.0,408,73,360902
22201,2017,2,4,8912,8912.0,0,0,409051
22214,2017,2,4,3160,3160.0,0,0,432493
22226,2017,2,4,7668,7668.0,0,0,447962
22261,2018,9,4,8432,8432.0,405,73,244721
22275,2017,2,4,6360,6360.0,0,0,535944
22302,2018,11,4,4364,4364.0,350,63,549982
22308,2017,2,4,4928,4928.0,0,0,581661
22330,2017,2,4,3584,3584.0,0,0,618824
22335,2017,2,4,2880,2880.0,0,0,625451
22361,2017,2,4,3120,3120.0,0,0,656572
22366,2017,7,4,9520,9520.0,0,0,159486
22368,2017,2,4,7556,7556.0,0,0,665024
22396,2017,2,4,2296,2296.0,0,0,717632
22408,2017,2,4,7656,7656.0,0,0,747926
22499,2017,6,4,4280,4280.0,517,93,590514
22510,2017,2,4,7056,7056.0,0,0,922000
22538,2017,2,4,9732,9732.0,0,0,968225
22548,2017,2,4,3900,3900.0,0,0,979644
22550,2017,2,4,6216,6216.0,0,0,982296
22559,2017,2,4,2492,2492.0,0,0,994877
22577,2018,8,4,8796,8796.0,474,85,466953
22595,2017,3,4,8408,8408.0,0,0,120583
22604,2017,3,4,3676,3676.0,0,0,128789
22608,2017,3,4,9052,9052.0,0,0,131560
22620,2017,3,4,4564,4564.0,0,0,135977
22624,2017,3,4,8576,8576.0,0,0,138565
22645,2017,12,4,8040,8040.0,485,87,991230
22651,2017,3,4,3516,3516.0,0,0,166037
22656,2017,3,4,4884,4884.0,0,0,169129
22665,2017,3,4,3460,3460.0,0,0,175249
22677,2017,3,4,3384,3384.0,0,0,182785
22680,2017,3,4,4892,4892.0,0,0,185774
22709,2017,3,4,6172,6172.0,0,0,208553
22727,2017,3,4,6608,6608.0,0,0,225746
22740,2017,3,4,7424,7424.0,0,0,236767
22775,2017,3,4,7208,7208.0,0,0,264486
22827,2017,3,4,6528,6528.0,0,0,300870
22848,2017,3,4,9100,9100.0,0,0,311946
22851,2018,7,4,5880,5880.0,477,86,861700
22867,2017,3,4,5692,5692.0,0,0,325367
22885,2017,3,4,4044,4044.0,0,0,337453
22908,2017,3,4,7652,7652.0,0,0,352092
22924,2017,3,4,8452,8452.0,0,0,365451
22949,2017,10,4,2556,2556.0,389,70,747926
22959,2018,11,4,2620,2620.0,370,67,504311
22998,2017,3,4,8620,8620.0,0,0,422349
23102,2017,3,4,2876,2876.0,0,0,491253
23108,2017,3,4,9376,9376.0,0,0,496357
23120,2017,3,4,9460,9460.0,0,0,506170
23132,2017,3,4,5348,5348.0,0,0,516995
23172,2017,5,4,2960,2960.0,0,0,190149
23173,2017,3,4,6972,6972.0,0,0,559388
23178,2017,11,4,7624,7624.0,0,0,190149
23195,2017,3,4,9972,9972.0,0,0,577405
23233,2017,3,4,5468,5468.0,0,0,607662
23247,2018,12,4,8712,8712.0,525,95,947876
23250,2017,3,4,8484,8484.0,0,0,617960
23260,2017,3,4,3356,3356.0,0,0,628017
23267,2017,3,4,2924,2924.0,0,0,631661
23271,2017,3,4,7428,7428.0,0,0,632097
23288,2017,3,4,4336,4336.0,0,0,645081
23310,2017,3,4,2472,2472.0,0,0,661411
23322,2017,3,4,5388,5388.0,0,0,671849
23360,2017,3,4,5508,5508.0,0,0,702406
23379,2017,3,4,5768,5768.0,0,0,717459
23414,2017,3,4,5920,5920.0,0,0,744612
23419,2017,3,4,9612,9612.0,0,0,747926
23427,2017,3,4,9696,9696.0,0,0,753473
23502,2017,3,4,8908,8908.0,0,0,817456
23514,2017,3,4,9396,9396.0,0,0,830811
23533,2017,3,4,5468,5468.0,0,0,842390
23538,2017,3,4,4032,4032.0,0,0,846291
23585,2017,3,4,8288,8288.0,0,0,886439
23604,2017,3,4,5832,5832.0,0,0,900460
23608,2017,2,4,4440,4440.0,359,65,444092
23616,2017,3,4,9096,9096.0,0,0,908120
23647,2017,3,4,3516,3516.0,0,0,935570
23705,2017,3,4,2792,2792.0,0,0,980952
23706,2017,3,4,9480,9480.0,0,0,984429
23717,2017,4,4,7068,7068.0,0,0,102311
23724,2017,4,4,2036,2036.0,0,0,106592
23743,2017,4,4,4844,4844.0,0,0,121183
23781,2017,4,4,7260,7260.0,0,0,166037
23786,2017,4,4,9188,9188.0,0,0,169129
23791,2017,4,4,7636,7636.0,0,0,173873
23831,2017,4,4,6256,6256.0,0,0,204484
23836,2017,4,4,6948,6948.0,0,0,207110
23838,2017,4,4,2376,2376.0,0,0,208553
23846,2017,7,4,3284,3284.0,485,87,921278
23905,2017,4,4,2384,2384.0,0,0,259110
23922,2017,4,4,4812,4812.0,0,0,267291
23934,2017,4,4,3184,3184.0,0,0,274141
24020,2017,4,4,7388,7388.0,0,0,330464
24028,2017,4,4,6728,6728.0,0,0,336037
24029,2017,10,4,5752,5752.0,0,0,219276
24032,2018,9,4,8708,8708.0,628,113,219276
24049,2017,4,4,9272,9272.0,0,0,350692
24052,2017,4,4,5820,5820.0,0,0,352490
24152,2017,4,4,5328,5328.0,0,0,421191
24181,2017,4,4,6640,6640.0,0,0,439819
24195,2017,4,4,3516,3516.0,0,0,448273
24213,2017,4,4,4424,4424.0,0,0,462663
24233,2017,4,4,5888,5888.0,0,0,478050
24244,2017,4,4,5444,5444.0,0,0,485933
24254,2017,4,4,4000,4000.0,0,0,494885
24268,2017,4,4,6072,6072.0,0,0,504311
24269,2017,4,4,3600,3600.0,0,0,504860
24271,2017,4,4,3620,3620.0,0,0,505522
24277,2017,4,4,6800,6800.0,0,0,511053
24288,2017,4,4,7708,7708.0,0,0,515969
24303,2017,4,4,7480,7480.0,0,0,525548
24324,2017,4,4,8632,8632.0,0,0,543852
24339,2017,4,4,7888,7888.0,0,0,549862
24346,2017,4,4,4136,4136.0,0,0,554442
24415,2017,4,4,4640,4640.0,0,0,601597
24448,2017,5,4,4728,4728.0,412,74,107571
24478,2017,4,4,5400,5400.0,0,0,644163
24486,2017,4,4,7148,7148.0,0,0,650445
24534,2017,4,4,9444,9444.0,0,0,678243
24547,2017,4,4,8784,8784.0,0,0,687463
24552,2017,4,4,3308,3308.0,0,0,694942
24564,2017,4,4,9312,9312.0,0,0,702478
24575,2017,4,4,8376,8376.0,0,0,713085
24627,2017,4,4,7480,7480.0,0,0,751594
24730,2018,10,4,4300,4300.0,455,82,204484
24742,2017,4,4,7456,7456.0,0,0,831180
24767,2017,4,4,7376,7376.0,0,0,848632
24791,2017,4,4,9092,9092.0,0,0,860602
24810,2017,4,4,2180,2180.0,0,0,873886
24827,2017,4,4,4344,4344.0,0,0,894620
24840,2017,4,4,5720,5720.0,0,0,906615
24859,2017,4,4,9728,9728.0,0,0,921278
24898,2018,10,4,2184,2184.0,385,69,949974
24922,2017,4,4,7828,7828.0,0,0,970746
24927,2017,4,4,6512,6512.0,0,0,979776
24933,2018,9,4,9536,9536.0,457,82,731510
24987,2017,5,4,5432,5432.0,0,0,127785
24988,2017,5,4,3784,3784.0,0,0,130208
24989,2018,3,4,2324,2324.0,471,85,478666
25043,2017,5,4,7012,7012.0,0,0,181082
25059,2017,5,4,2828,2828.0,0,0,191917
25071,2017,5,4,6592,6592.0,0,0,201683
25072,2017,5,4,2004,2004.0,0,0,203033
25080,2017,5,4,8136,8136.0,0,0,206890
25087,2017,5,4,5336,5336.0,0,0,210755
25105,2017,5,4,2088,2088.0,0,0,229436
25115,2017,5,4,5360,5360.0,0,0,236767
25120,2017,5,4,5180,5180.0,0,0,240476
25137,2017,5,4,2692,2692.0,0,0,257417
25146,2017,5,4,6748,6748.0,0,0,265557
25148,2017,5,4,6284,6284.0,0,0,268414
25163,2017,5,4,8484,8484.0,0,0,277091
25168,2017,5,4,7748,7748.0,0,0,281979
25169,2017,5,4,2328,2328.0,0,0,282259
25212,2017,5,4,4720,4720.0,0,0,319664
25256,2017,5,4,7352,7352.0,0,0,352092
25268,2017,5,4,6300,6300.0,0,0,365557
25281,2017,5,4,3812,3812.0,0,0,379238
25300,2017,5,4,3668,3668.0,0,0,392802
25318,2017,5,4,4948,4948.0,0,0,408838
25342,2017,3,4,7764,7764.0,502,90,694942
25380,2017,5,4,4216,4216.0,0,0,447962
25381,2017,5,4,2152,2152.0,0,0,448896
25426,2017,12,4,5320,5320.0,523,94,215508
25455,2017,5,4,4636,4636.0,0,0,516995
25459,2018,3,4,9736,9736.0,509,92,790178
25477,2017,5,4,7472,7472.0,0,0,528229
25485,2017,5,4,4440,4440.0,0,0,535944
25490,2017,5,4,9852,9852.0,0,0,537387
25498,2017,5,4,4092,4092.0,0,0,543852
25513,2017,5,4,7300,7300.0,0,0,554104
25535,2017,5,4,4376,4376.0,0,0,572811
25540,2017,5,4,8660,8660.0,0,0,577405
25591,2017,5,4,7096,7096.0,0,0,617099
25615,2017,5,4,4388,4388.0,0,0,636505
25638,2017,5,4,2228,2228.0,0,0,662164
25646,2017,5,4,3428,3428.0,0,0,667860
25647,2017,5,4,4084,4084.0,0,0,668959
25671,2017,5,4,5060,5060.0,0,0,678243
25702,2017,5,4,4000,4000.0,0,0,706820
25711,2017,5,4,2596,2596.0,0,0,713085
25744,2017,5,4,8412,8412.0,0,0,734226
25775,2017,5,4,2848,2848.0,0,0,762355
25819,2017,5,4,4836,4836.0,0,0,795230
25840,2017,5,4,9476,9476.0,0,0,809733
25871,2017,5,4,4488,4488.0,0,0,833998
25894,2017,5,4,9356,9356.0,0,0,851986
25898,2018,8,4,8340,8340.0,481,87,809733
25918,2017,5,4,9640,9640.0,0,0,863349
25931,2018,7,4,9704,9704.0,591,106,671534
25963,2017,5,4,8036,8036.0,0,0,906615
25973,2017,5,4,2896,2896.0,0,0,913571
25980,2017,5,4,4288,4288.0,0,0,917610
25982,2017,5,4,3960,3960.0,0,0,918053
26021,2017,5,4,4136,4136.0,0,0,945091
26052,2017,5,4,8180,8180.0,0,0,965079
26055,2017,5,4,4112,4112.0,0,0,968225
26058,2017,5,4,6100,6100.0,0,0,970746
26067,2017,5,4,3384,3384.0,0,0,980952
26104,2017,6,4,8348,8348.0,0,0,107212
26108,2017,12,4,5592,5592.0,495,89,922926
26141,2017,6,4,3852,3852.0,0,0,134273
26144,2017,6,4,3932,3932.0,0,0,136516
26157,2017,6,4,9080,9080.0,0,0,153626
26170,2017,6,4,4984,4984.0,0,0,164034
26172,2017,6,4,2724,2724.0,0,0,165742
26177,2017,6,4,9368,9368.0,0,0,168843
26208,2017,6,4,3108,3108.0,0,0,197086
26215,2017,6,4,3740,3740.0,0,0,201683
26216,2017,6,4,7592,7592.0,0,0,202696
26221,2017,6,4,6660,6660.0,0,0,206890
26227,2017,6,4,2016,2016.0,0,0,210498
26230,2017,6,4,5112,5112.0,0,0,210755
26234,2017,1,4,3136,3136.0,443,80,120583
26261,2017,6,4,6780,6780.0,0,0,240476
26271,2017,6,4,9144,9144.0,0,0,247471
26286,2017,6,4,5616,5616.0,0,0,259110
26300,2017,6,4,5068,5068.0,0,0,267291
26316,2017,6,4,4516,4516.0,0,0,276650
26325,2017,6,4,5280,5280.0,0,0,286551
26327,2017,6,4,5776,5776.0,0,0,287266
26356,2017,6,4,2224,2224.0,0,0,309364
26384,2017,6,4,7936,7936.0,0,0,325367
26390,2017,6,4,3732,3732.0,0,0,329215
26393,2017,6,4,8168,8168.0,0,0,329826
26395,2017,6,4,6320,6320.0,0,0,331325
26402,2017,6,4,5928,5928.0,0,0,336341
26407,2017,6,4,5564,5564.0,0,0,337983
26409,2017,6,4,3200,3200.0,0,0,338285
26411,2017,6,4,8668,8668.0,0,0,341728
26428,2017,6,4,6456,6456.0,0,0,350692
26439,2017,6,4,3752,3752.0,0,0,360537
26464,2017,6,4,9544,9544.0,0,0,379120
26472,2017,6,4,9228,9228.0,0,0,384328
26483,2017,1,4,4124,4124.0,0,0,299573
26484,2017,6,4,2540,2540.0,0,0,390546
26489,2017,8,4,2356,2356.0,0,0,299573
26493,2017,12,4,6468,6468.0,0,0,299573
26525,2017,6,4,4148,4148.0,0,0,429308
26557,2017,6,4,5560,5560.0,0,0,448896
26595,2017,6,4,3368,3368.0,0,0,481293
26655,2017,6,4,7864,7864.0,0,0,535852
26656,2017,6,4,9572,9572.0,0,0,535944
26666,2017,6,4,3952,3952.0,0,0,546665
26673,2017,6,4,8860,8860.0,0,0,549862
26674,2017,6,4,8492,8492.0,0,0,549982
26698,2017,6,4,3208,3208.0,0,0,568880
26735,2017,3,4,6932,6932.0,643,116,848632
26742,2017,6,4,7448,7448.0,0,0,603775
26751,2017,6,4,9668,9668.0,0,0,608758
26781,2017,6,4,4084,4084.0,0,0,628431
26809,2017,6,4,4360,4360.0,0,0,644163
26821,2017,6,4,2532,2532.0,0,0,650445
26825,2017,2,4,9776,9776.0,462,83,543852
26871,2017,6,4,4080,4080.0,0,0,693295
26898,2017,6,4,9300,9300.0,0,0,713236
26906,2017,6,4,8364,8364.0,0,0,716785
26908,2017,6,4,3772,3772.0,0,0,717459
26917,2017,6,4,9708,9708.0,0,0,723591
26945,2017,6,4,7288,7288.0,0,0,744528
27010,2017,6,4,3044,3044.0,0,0,787548
27030,2017,6,4,5096,5096.0,0,0,799781
27049,2017,6,4,3568,3568.0,0,0,812894
27056,2018,3,4,2432,2432.0,0,0,316323
27057,2017,6,4,3052,3052.0,0,0,818597
27059,2017,6,4,7024,7024.0,0,0,820542
27079,2017,6,4,4464,4464.0,0,0,832665
27107,2017,6,4,9364,9364.0,0,0,851421
27118,2017,6,4,9512,9512.0,0,0,860602
27139,2017,6,4,2836,2836.0,0,0,874614
27162,2017,6,4,8652,8652.0,0,0,893266
27173,2017,6,4,3996,3996.0,0,0,900460
27192,2017,6,4,8660,8660.0,0,0,917630
27214,2017,6,4,2376,2376.0,0,0,936273
27225,2017,6,4,2756,2756.0,0,0,944506
27279,2017,6,4,4500,4500.0,0,0,991568
27293,2017,7,4,2320,2320.0,0,0,105214
27294,2017,7,4,8620,8620.0,0,0,106592
27295,2017,7,4,2824,2824.0,0,0,106689
27318,2017,7,4,7976,7976.0,0,0,131047
27322,2017,7,4,2420,2420.0,0,0,134273
27323,2017,7,4,6304,6304.0,0,0,135312
27327,2017,7,4,8452,8452.0,0,0,139863
27366,2017,7,4,4048,4048.0,0,0,169247
27373,2017,7,4,7804,7804.0,0,0,173873
27414,2017,7,4,9776,9776.0,0,0,201276
27415,2018,7,4,6760,6760.0,799,144,581661
27418,2017,7,4,9656,9656.0,0,0,203033
27437,2017,7,4,8832,8832.0,0,0,220822
27470,2017,7,4,5032,5032.0,0,0,243061
27478,2017,7,4,4360,4360.0,750,135,768072
27501,2017,7,4,8376,8376.0,0,0,267291
27511,2017,7,4,2620,2620.0,0,0,270730
27518,2017,7,4,4660,4660.0,0,0,273984
27523,2017,3,4,2848,2848.0,0,0,343425
27532,2017,7,4,3148,3148.0,0,0,282259
27554,2017,7,4,6244,6244.0,0,0,309364
27626,2017,7,4,6844,6844.0,0,0,365619
27655,2017,7,4,7856,7856.0,0,0,385593
27659,2017,7,4,4356,4356.0,0,0,387523
27668,2017,7,4,4404,4404.0,0,0,391611
27682,2017,7,4,5256,5256.0,0,0,402964
27707,2017,7,4,3476,3476.0,0,0,419749
27711,2017,7,4,2544,2544.0,0,0,421923
27721,2017,7,4,6976,6976.0,0,0,429308
27735,2017,7,4,8012,8012.0,0,0,439819
27736,2017,7,4,3100,3100.0,0,0,440928
27758,2017,7,4,2768,2768.0,0,0,457716
27794,2018,10,4,7140,7140.0,583,105,310965
27825,2017,7,4,6008,6008.0,0,0,511472
27878,2017,7,4,6720,6720.0,0,0,557458
27942,2017,7,4,3944,3944.0,0,0,605761
27950,2017,7,4,6716,6716.0,0,0,614810
27960,2017,9,4,8396,8396.0,0,0,358054
27968,2017,7,4,5324,5324.0,0,0,625451
27984,2017,7,4,2124,2124.0,0,0,638495
28009,2017,7,4,9180,9180.0,0,0,662380
28013,2017,7,4,2700,2700.0,0,0,665024
28025,2017,7,4,2360,2360.0,0,0,670751
28027,2017,7,4,9864,9864.0,0,0,671534
28036,2017,7,4,8552,8552.0,0,0,678243
28046,2017,7,4,9324,9324.0,0,0,684155
28047,2017,7,4,7284,7284.0,0,0,684934
28068,2017,7,4,5896,5896.0,0,0,706820
28069,2017,7,4,6616,6616.0,0,0,707470
28083,2017,7,4,9308,9308.0,0,0,717459
28092,2017,7,4,9196,9196.0,0,0,728486
28095,2017,7,4,2480,2480.0,0,0,731510
28101,2017,7,4,2004,2004.0,0,0,735263
28114,2017,7,4,4516,4516.0,0,0,744528
28123,2017,7,4,4612,4612.0,0,0,756515
28124,2017,7,4,8332,8332.0,0,0,756791
28168,2017,7,4,6300,6300.0,0,0,793178
28198,2018,12,4,2604,2604.0,423,76,745920
28215,2017,7,4,2856,2856.0,0,0,830811
28284,2017,7,4,9856,9856.0,0,0,881198
28313,2017,7,4,7300,7300.0,0,0,905478
28368,2017,7,4,7612,7612.0,0,0,950336
28387,2017,7,4,3628,3628.0,0,0,965079
28392,2017,7,4,6696,6696.0,0,0,968225
28397,2017,7,4,8452,8452.0,0,0,971582
28477,2017,8,4,9760,9760.0,0,0,135312
28486,2017,8,4,2792,2792.0,0,0,149884
28506,2017,8,4,8204,8204.0,0,0,173873
28525,2017,8,4,2476,2476.0,0,0,186593
28547,2017,8,4,7720,7720.0,0,0,201683
28561,2017,8,4,6336,6336.0,0,0,210755
28570,2017,8,4,5396,5396.0,0,0,215508
28583,2017,8,4,6576,6576.0,0,0,225363
28617,2018,9,4,8760,8760.0,593,107,992886
28626,2017,8,4,7468,7468.0,673,121,535482
28629,2017,8,4,4336,4336.0,0,0,257417
28663,2017,8,4,2600,2600.0,0,0,279231
28666,2017,8,4,4756,4756.0,0,0,281979
28671,2017,8,4,3332,3332.0,0,0,286065
28687,2017,8,4,2268,2268.0,0,0,300870
28694,2017,8,4,2172,2172.0,0,0,306708
28710,2017,8,4,6144,6144.0,0,0,321027
28735,2017,8,4,7720,7720.0,0,0,336037
28761,2017,8,4,4912,4912.0,0,0,353128
28769,2017,8,4,5448,5448.0,0,0,360902
28804,2017,8,4,5424,5424.0,0,0,385593
28832,2017,8,4,5388,5388.0,0,0,407411
28857,2017,8,4,6412,6412.0,0,0,429308
28864,2017,8,4,7420,7420.0,0,0,432493
28877,2017,5,4,2624,2624.0,479,86,922000
28884,2017,8,4,9280,9280.0,0,0,447962
28908,2017,8,4,8636,8636.0,0,0,462663
28915,2017,8,4,8236,8236.0,0,0,466953
28926,2017,8,4,9524,9524.0,0,0,472532
28960,2017,8,4,5216,5216.0,0,0,495253
28970,2017,8,4,4612,4612.0,0,0,500022
28985,2017,8,4,9712,9712.0,0,0,509513
29012,2017,8,4,9404,9404.0,0,0,527194
29016,2017,8,4,7612,7612.0,0,0,530508
29030,2017,8,4,6560,6560.0,0,0,537387
29057,2017,8,4,3096,3096.0,0,0,552328
29072,2017,8,4,8324,8324.0,638,115,888357
29098,2017,8,4,2744,2744.0,0,0,572811
29115,2017,8,4,7960,7960.0,0,0,581999
29132,2017,8,4,2724,2724.0,0,0,595083
29162,2017,8,4,8376,8376.0,0,0,614810
29176,2017,8,4,9072,9072.0,0,0,628017
29205,2017,8,4,7152,7152.0,0,0,644630
29211,2017,8,4,4976,4976.0,0,0,650621
29225,2017,8,4,3072,3072.0,0,0,659536
29237,2017,8,4,9552,9552.0,648,117,350692
29288,2017,8,4,2568,2568.0,0,0,703937
29292,2017,8,4,9956,9956.0,0,0,706820
29294,2017,8,4,4888,4888.0,0,0,708020
29306,2017,8,4,8900,8900.0,0,0,715462
29326,2017,8,4,5392,5392.0,0,0,728486
29347,2017,8,4,3892,3892.0,0,0,744567
29429,2017,8,4,3032,3032.0,0,0,810581
29437,2017,8,4,3568,3568.0,0,0,820454
29438,2017,8,4,3652,3652.0,0,0,820542
29443,2017,8,4,9564,9564.0,0,0,825484
29450,2017,8,4,6692,6692.0,0,0,830811
29468,2017,8,4,7864,7864.0,0,0,846291
29494,2017,8,4,4360,4360.0,0,0,863259
29528,2017,8,4,5696,5696.0,0,0,892797
29530,2017,8,4,8292,8292.0,0,0,894436
29555,2017,1,4,2428,2428.0,0,0,401424
29558,2017,8,4,9988,9988.0,0,0,923959
29585,2017,8,4,7108,7108.0,0,0,957764
29626,2017,8,4,6956,6956.0,0,0,981536
29644,2017,9,4,7924,7924.0,0,0,102311
29648,2017,9,4,7212,7212.0,0,0,107212
29667,2017,9,4,6980,6980.0,0,0,116735
29680,2017,9,4,9648,9648.0,0,0,127882
29683,2017,9,4,6732,6732.0,0,0,128789
29712,2017,9,4,8080,8080.0,0,0,153600
29744,2017,9,4,5612,5612.0,0,0,173873
29745,2017,9,4,4788,4788.0,0,0,175249
29756,2017,9,4,6184,6184.0,0,0,180219
29759,2017,9,4,3628,3628.0,0,0,181082
29782,2017,9,4,8476,8476.0,0,0,193775
29814,2018,8,4,2876,2876.0,579,104,175249
29825,2017,9,4,4700,4700.0,0,0,229436
29846,2017,9,4,2460,2460.0,0,0,240476
29854,2017,9,4,2496,2496.0,0,0,244308
29858,2017,9,4,9736,9736.0,0,0,247645
29876,2017,9,4,4600,4600.0,0,0,259110
29885,2017,9,4,3592,3592.0,0,0,264486
29889,2017,9,4,6912,6912.0,0,0,266148
29904,2017,9,4,8428,8428.0,0,0,274141
29907,2017,9,4,3852,3852.0,0,0,276650
29908,2017,9,4,7476,7476.0,0,0,277091
29923,2017,9,4,8952,8952.0,0,0,287266
30018,2017,9,4,9124,9124.0,0,0,341728
30038,2017,9,4,3876,3876.0,0,0,360537
30056,2017,7,4,5744,5744.0,0,0,423119
30104,2017,9,4,8972,8972.0,0,0,402964
30117,2017,9,4,9596,9596.0,0,0,412995
30187,2017,9,4,7236,7236.0,0,0,455941
30206,2017,9,4,8780,8780.0,0,0,471858
30241,2017,9,4,4632,4632.0,0,0,487605
30266,2017,9,4,8828,8828.0,0,0,507005
30267,2017,9,4,2220,2220.0,0,0,508080
30269,2018,7,4,8564,8564.0,760,137,617099
30282,2017,9,4,4272,4272.0,0,0,515969
30286,2017,9,4,2584,2584.0,0,0,518236
30293,2017,9,4,5928,5928.0,0,0,523246
30324,2017,9,4,8308,8308.0,0,0,543852
30334,2017,9,4,7700,7700.0,0,0,546665
30349,2017,9,4,5580,5580.0,0,0,552328
30354,2017,9,4,9476,9476.0,0,0,554442
30361,2017,9,4,6184,6184.0,0,0,558097
30364,2017,9,4,3432,3432.0,533,96,810581
30387,2017,9,4,6324,6324.0,0,0,573332
30410,2017,10,4,3336,3336.0,0,0,432564
30426,2017,9,4,2768,2768.0,0,0,603775
30447,2017,9,4,2244,2244.0,0,0,615214
30452,2017,9,4,5000,5000.0,0,0,620122
30500,2017,9,4,5532,5532.0,0,0,652816
30509,2017,9,4,7760,7760.0,0,0,660197
30511,2017,9,4,7396,7396.0,0,0,660436
30524,2017,9,4,6924,6924.0,0,0,670751
30530,2017,9,4,2312,2312.0,0,0,676669
30538,2017,9,4,7668,7668.0,0,0,683126
30556,2017,9,4,7520,7520.0,0,0,696096
30565,2017,9,4,6240,6240.0,0,0,702284
30588,2017,9,4,9804,9804.0,0,0,715462
30593,2017,9,4,9900,9900.0,0,0,716785
30652,2017,9,4,9216,9216.0,0,0,750649
30653,2017,9,4,7636,7636.0,0,0,751594
30704,2017,9,4,6412,6412.0,0,0,778030
30711,2017,9,4,6052,6052.0,0,0,781062
30723,2017,9,4,7212,7212.0,0,0,787548
30742,2017,9,4,2768,2768.0,0,0,795230
30767,2017,9,4,5576,5576.0,0,0,809733
30802,2017,9,4,9872,9872.0,0,0,831180
30812,2017,9,4,4244,4244.0,0,0,835796
30823,2018,11,4,5112,5112.0,455,82,908120
30838,2017,9,4,5952,5952.0,0,0,848632
30852,2017,9,4,5820,5820.0,0,0,857814
30868,2017,9,4,8772,8772.0,0,0,872335
30904,2017,9,4,3444,3444.0,0,0,895185
30938,2017,9,4,2228,2228.0,0,0,916713
30940,2017,9,4,7036,7036.0,0,0,918053
30945,2017,9,4,4140,4140.0,0,0,924793
30980,2017,9,4,4680,4680.0,0,0,947876
30981,2017,9,4,8016,8016.0,0,0,948693
31018,2017,9,4,3972,3972.0,0,0,970746
31027,2017,9,4,9116,9116.0,0,0,979776
31034,2017,9,4,3276,3276.0,0,0,984429
31060,2017,10,4,6368,6368.0,0,0,106037
31094,2017,10,4,5856,5856.0,0,0,131047
31107,2017,10,4,7472,7472.0,0,0,145988
31108,2017,10,4,3784,3784.0,0,0,147700
31116,2017,10,4,7260,7260.0,0,0,155118
31136,2017,10,4,8632,8632.0,0,0,164973
31171,2018,11,4,7868,7868.0,457,82,671849
31176,2017,10,4,3132,3132.0,0,0,192651
31177,2017,10,4,5400,5400.0,0,0,193665
31190,2017,10,4,6376,6376.0,0,0,202696
31191,2017,10,4,7024,7024.0,0,0,203033
31220,2017,10,4,3444,3444.0,0,0,229436
31246,2017,10,4,2748,2748.0,0,0,240476
31261,2017,10,4,7524,7524.0,0,0,248593
31280,2017,10,4,6196,6196.0,0,0,265557
31282,2017,10,4,6408,6408.0,0,0,266148
31287,2017,10,4,6428,6428.0,0,0,270730
31300,2018,5,4,4664,4664.0,403,73,947876
31329,2017,10,4,5736,5736.0,0,0,297702
31346,2017,10,4,3932,3932.0,0,0,306708
31359,2017,10,4,7332,7332.0,0,0,317776
31396,2017,10,4,6536,6536.0,0,0,342929
31425,2017,10,4,9824,9824.0,0,0,366133
31448,2017,10,4,7532,7532.0,0,0,379120
31467,2017,7,4,6804,6804.0,666,120,857814
31512,2017,10,4,3128,3128.0,0,0,422349
31536,2017,10,4,4260,4260.0,0,0,438199
31537,2017,10,4,5016,5016.0,0,0,438641
31567,2017,10,4,3996,3996.0,0,0,457716
31586,2017,10,4,6296,6296.0,0,0,472787
31595,2017,10,4,7612,7612.0,0,0,480909
31608,2017,10,4,3396,3396.0,0,0,489628
31623,2017,10,4,2196,2196.0,0,0,500022
31626,2017,10,4,9756,9756.0,0,0,502012
31636,2017,10,4,7576,7576.0,0,0,513246
31648,2017,10,4,2596,2596.0,0,0,519726
31695,2017,10,4,2804,2804.0,0,0,550769
31699,2017,10,4,6544,6544.0,0,0,552328
31774,2017,10,4,4536,4536.0,0,0,607662
31797,2017,10,4,6520,6520.0,0,0,627489
31827,2017,10,4,4588,4588.0,0,0,652816
31828,2017,10,4,3900,3900.0,0,0,654073
31833,2017,10,4,2912,2912.0,0,0,656572
31839,2017,10,4,2920,2920.0,0,0,660436
31841,2017,10,4,2932,2932.0,0,0,661054
31874,2017,10,4,2332,2332.0,0,0,687463
31884,2017,10,4,5388,5388.0,0,0,696096
31906,2017,10,4,9404,9404.0,0,0,708258
31909,2017,8,4,8948,8948.0,535,96,695878
31967,2017,10,4,2056,2056.0,0,0,744612
31975,2017,10,4,7244,7244.0,0,0,750710
31986,2017,10,4,5200,5200.0,0,0,756515
31987,2017,10,4,2356,2356.0,0,0,756791
32008,2017,10,4,7576,7576.0,0,0,771056
32029,2017,3,4,7252,7252.0,701,126,209675
32093,2017,10,4,4996,4996.0,0,0,822765
32120,2018,6,4,9524,9524.0,444,80,101540
32127,2017,9,4,3384,3384.0,379,68,225746
32144,2017,10,4,9372,9372.0,0,0,850245
32187,2017,10,4,3304,3304.0,0,0,874614
32210,2018,6,4,4340,4340.0,792,143,281979
32216,2017,10,4,4044,4044.0,0,0,904304
32220,2017,10,4,4228,4228.0,0,0,905478
32247,2017,10,4,2556,2556.0,0,0,920162
32251,2017,10,4,9172,9172.0,0,0,921278
32260,2017,10,4,3020,3020.0,0,0,924793
32274,2017,10,4,5368,5368.0,0,0,933968
32281,2017,10,4,7764,7764.0,0,0,937645
32291,2017,10,4,4168,4168.0,0,0,944506
32297,2017,10,4,5420,5420.0,0,0,948693
32302,2017,10,4,4072,4072.0,0,0,952955
32313,2017,10,4,7172,7172.0,0,0,966204
32321,2017,10,4,5132,5132.0,0,0,970746
32325,2017,10,4,2148,2148.0,0,0,973728
32333,2017,10,4,8256,8256.0,0,0,979776
32339,2017,10,4,3064,3064.0,0,0,981536
32353,2017,10,4,6824,6824.0,0,0,991568
32367,2017,2,4,7560,7560.0,0,0,477599
32397,2017,11,4,4468,4468.0,0,0,135977
32421,2017,11,4,2052,2052.0,0,0,155118
32426,2017,11,4,7372,7372.0,0,0,165019
32458,2017,11,4,6792,6792.0,0,0,191917
32468,2017,11,4,7056,7056.0,0,0,196442
32477,2017,11,4,9224,9224.0,0,0,203033
32487,2017,11,4,9700,9700.0,0,0,207001
32560,2018,8,4,2724,2724.0,642,116,229436
32564,2017,11,4,8424,8424.0,0,0,300870
32620,2017,11,4,3272,3272.0,0,0,354464
32626,2017,11,4,4488,4488.0,0,0,365451
32684,2017,11,4,7808,7808.0,0,0,402964
32696,2017,11,4,7592,7592.0,0,0,419749
32720,2017,11,4,9192,9192.0,0,0,444092
32729,2017,11,4,9828,9828.0,0,0,446991
32730,2017,11,4,9368,9368.0,0,0,447962
32746,2017,11,4,2820,2820.0,0,0,459948
32760,2017,11,4,6300,6300.0,0,0,472787
32790,2017,11,4,5920,5920.0,0,0,499128
32792,2017,11,4,4248,4248.0,0,0,500022
32800,2017,11,4,9744,9744.0,0,0,509513
32801,2017,11,4,6260,6260.0,0,0,511342
32828,2017,11,4,6252,6252.0,0,0,528693
32837,2017,11,4,6632,6632.0,0,0,537038
32854,2017,11,4,3868,3868.0,0,0,549982
32865,2017,11,4,8628,8628.0,0,0,559388
32888,2017,11,4,7508,7508.0,0,0,579015
32899,2017,11,4,6148,6148.0,0,0,595323
32914,2017,11,4,6488,6488.0,0,0,608758
32936,2017,11,4,6256,6256.0,0,0,625434
32948,2017,11,4,7508,7508.0,0,0,636505
32955,2017,11,4,4748,4748.0,0,0,643912
32963,2017,4,4,7744,7744.0,525,95,128789
32985,2017,11,4,5472,5472.0,0,0,672308
33030,2017,11,4,5296,5296.0,0,0,713085
33052,2017,9,4,6472,6472.0,399,72,650445
33054,2017,11,4,5588,5588.0,0,0,731510
33099,2017,11,4,8356,8356.0,0,0,771035
33120,2017,11,4,3100,3100.0,0,0,790450
33123,2018,12,4,2244,2244.0,553,100,286065
33193,2017,11,4,8576,8576.0,437,79,120613
33202,2017,11,4,3780,3780.0,0,0,851421
33219,2017,11,4,8828,8828.0,0,0,863432
33239,2017,11,4,7660,7660.0,0,0,881198
33260,2017,11,4,5572,5572.0,0,0,906615
33276,2017,11,4,3804,3804.0,510,92,799781
33278,2017,11,4,4892,4892.0,0,0,924793
33288,2017,11,4,3172,3172.0,0,0,937645
33300,2017,11,4,4244,4244.0,0,0,946001
33324,2017,11,4,3840,3840.0,0,0,967883
33325,2017,11,4,5516,5516.0,0,0,968225
33338,2017,11,4,9176,9176.0,0,0,981536
33343,2017,11,4,7960,7960.0,0,0,991568
33354,2017,12,4,7488,7488.0,0,0,105214
33365,2017,12,4,2452,2452.0,0,0,116735
33387,2017,12,4,4096,4096.0,0,0,127785
33395,2017,12,4,5740,5740.0,0,0,130368
33410,2017,12,4,2844,2844.0,0,0,136516
33414,2017,12,4,8388,8388.0,0,0,138737
33422,2017,12,4,8764,8764.0,0,0,144977
33430,2017,12,4,8624,8624.0,0,0,155118
33458,2017,12,4,9380,9380.0,0,0,173873
33479,2017,12,4,6212,6212.0,0,0,185285
33486,2017,12,4,5636,5636.0,0,0,192651
33504,2017,12,4,9700,9700.0,0,0,201276
33531,2017,12,4,3348,3348.0,0,0,228673
33535,2017,12,4,3020,3020.0,0,0,232290
33536,2017,3,4,2396,2396.0,435,78,511981
33547,2017,8,4,3128,3128.0,0,0,512580
33555,2017,12,4,7600,7600.0,0,0,244308
33559,2017,12,4,5260,5260.0,0,0,247471
33562,2017,12,4,9272,9272.0,0,0,248593
33590,2017,12,4,2968,2968.0,0,0,265557
33596,2017,12,4,9060,9060.0,0,0,268129
33605,2017,12,4,6340,6340.0,0,0,274141
33609,2017,12,4,2736,2736.0,0,0,276650
33688,2017,12,4,8064,8064.0,0,0,336037
33693,2017,12,4,7252,7252.0,0,0,338285
33719,2017,12,4,9380,9380.0,0,0,360902
33730,2017,12,4,2852,2852.0,0,0,365619
33795,2017,12,4,4992,4992.0,0,0,405928
33820,2017,12,4,6860,6860.0,0,0,419749
33823,2017,12,4,2204,2204.0,0,0,420394
33824,2017,12,4,8124,8124.0,0,0,420515
33825,2017,12,4,4960,4960.0,0,0,421191
33832,2017,12,4,6408,6408.0,0,0,426124
33840,2017,12,4,4464,4464.0,0,0,431201
33866,2017,12,4,9892,9892.0,0,0,444092
33871,2017,12,4,2812,2812.0,0,0,448273
33899,2017,12,4,7760,7760.0,0,0,466953
33909,2017,12,4,4632,4632.0,0,0,478050
33923,2017,12,4,7728,7728.0,0,0,485795
33928,2017,12,4,5616,5616.0,0,0,492367
33946,2017,9,4,9380,9380.0,488,88,188147
33954,2017,11,4,8112,8112.0,441,79,478050
33986,2017,12,4,9928,9928.0,0,0,528363
34005,2017,12,4,8308,8308.0,0,0,544690
34011,2017,12,4,6512,6512.0,0,0,549982
34025,2017,12,4,6560,6560.0,0,0,565171
34055,2017,12,4,3348,3348.0,0,0,583718
34062,2017,12,4,9284,9284.0,0,0,591641
34065,2017,12,4,7772,7772.0,0,0,593252
34091,2017,12,4,5064,5064.0,0,0,614810
34102,2017,12,4,6408,6408.0,0,0,620122
34181,2017,12,4,7996,7996.0,0,0,668959
34188,2017,12,4,3080,3080.0,0,0,671803
34194,2017,10,4,7820,7820.0,360,65,746772
34307,2017,8,4,6500,6500.0,658,118,966580
34353,2017,12,4,3788,3788.0,0,0,778030
34411,2017,12,4,6184,6184.0,0,0,825484
34461,2017,12,4,9836,9836.0,0,0,861058
34500,2017,9,4,5688,5688.0,0,0,537421
34517,2017,12,4,7816,7816.0,0,0,900894
34520,2018,9,4,9468,9468.0,0,0,537421
34537,2017,12,4,8172,8172.0,0,0,916713
34542,2018,9,4,9504,9504.0,541,97,279231
34546,2017,12,4,5340,5340.0,0,0,920162
34548,2017,12,4,5812,5812.0,0,0,921278
34615,2017,12,4,6380,6380.0,0,0,968034
34640,2017,12,4,4680,4680.0,0,0,979776
34667,2018,1,4,6960,6960.0,0,0,102311
34671,2017,5,4,3856,3856.0,570,103,105214
34699,2018,1,4,2056,2056.0,0,0,180219
34709,2018,1,4,6820,6820.0,0,0,193665
34730,2018,11,4,7572,7572.0,428,77,755374
34735,2018,1,4,8956,8956.0,0,0,256486
34737,2018,1,4,4740,4740.0,0,0,265557
34760,2018,1,4,7612,7612.0,0,0,306708
34780,2017,10,4,4576,4576.0,562,101,173873
34802,2018,1,4,5820,5820.0,0,0,407411
34827,2018,1,4,2336,2336.0,0,0,491253
34864,2018,1,4,6836,6836.0,0,0,577405
34875,2018,1,4,4044,4044.0,0,0,596390
34908,2018,1,4,5008,5008.0,0,0,661411
34913,2018,1,4,8764,8764.0,0,0,672308
34944,2017,4,4,6056,6056.0,484,87,922188
34953,2018,1,4,5652,5652.0,0,0,771035
34964,2018,1,4,3996,3996.0,0,0,790178
34969,2018,1,4,4084,4084.0,0,0,800433
34972,2018,12,4,6960,6960.0,594,107,448896
34983,2018,9,4,6808,6808.0,483,87,448896
34985,2018,1,4,7784,7784.0,0,0,839422
35018,2018,1,4,8200,8200.0,0,0,916713
35057,2018,1,4,9320,9320.0,0,0,994877
35060,2018,3,4,3964,3964.0,0,0,489842
35062,2018,6,4,5396,5396.0,524,94,903797
35077,2018,4,4,9340,9340.0,0,0,481293
35097,2018,4,4,8060,8060.0,0,0,892219
35099,2018,3,4,5084,5084.0,0,0,886439
35108,2018,7,4,4468,4468.0,0,0,583223
35124,2018,3,4,4248,4248.0,0,0,276289
35128,2018,3,4,5500,5500.0,0,0,696096
35130,2018,3,4,8500,8500.0,0,0,481293
35149,2018,3,4,2680,2680.0,0,0,516995
35170,2018,3,4,9728,9728.0,0,0,860602
35176,2018,3,4,5972,5972.0,0,0,203033
35180,2018,9,4,4788,4788.0,380,68,498149
35194,2018,4,4,4864,4864.0,0,0,935570
35254,2018,4,4,2708,2708.0,0,0,279231
35298,2018,4,4,7524,7524.0,0,0,608517
35299,2018,3,4,7908,7908.0,0,0,851836
35306,2018,3,4,5148,5148.0,0,0,892797
35351,2018,4,4,3120,3120.0,0,0,159359
35356,2018,3,4,2096,2096.0,0,0,631661
35360,2018,3,4,3604,3604.0,0,0,201683
35370,2018,3,4,8068,8068.0,0,0,407411
35381,2017,8,4,4468,4468.0,0,0,602068
35412,2017,4,4,4812,4812.0,491,88,386790
35442,2018,12,4,2396,2396.0,744,134,160135
35462,2018,4,4,8932,8932.0,0,0,787548
35463,2017,9,4,2448,2448.0,584,105,713085
35472,2018,4,4,7392,7392.0,0,0,478107
35486,2018,4,4,2760,2760.0,0,0,276289
35488,2018,4,4,7448,7448.0,0,0,280828
35504,2018,3,4,9308,9308.0,0,0,138737
35509,2018,3,4,4680,4680.0,0,0,608758
35529,2018,3,4,4680,4680.0,0,0,164034
35542,2018,3,4,8444,8444.0,0,0,994877
35543,2018,3,4,8516,8516.0,0,0,661502
35547,2018,4,4,9664,9664.0,0,0,207110
35600,2017,3,4,7456,7456.0,552,99,804521
35604,2018,9,4,6260,6260.0,515,93,883025
35666,2018,4,4,9888,9888.0,0,0,207576
35709,2018,4,4,2840,2840.0,0,0,645081
35721,2018,3,4,8592,8592.0,0,0,145988
35731,2018,4,4,9808,9808.0,0,0,924793
35758,2017,6,4,8788,8788.0,511,92,724272
35777,2018,3,4,9692,9692.0,0,0,193775
35790,2017,10,4,8028,8028.0,497,89,137850
35799,2018,3,4,5668,5668.0,0,0,267291
35804,2018,3,4,8944,8944.0,0,0,204484
35819,2018,3,4,7936,7936.0,0,0,645081
35823,2017,4,4,9676,9676.0,0,0,617108
35830,2017,7,4,2616,2616.0,0,0,617108
35831,2017,8,4,4588,4588.0,0,0,617108
35850,2018,4,4,9972,9972.0,0,0,537387
35873,2018,3,4,9820,9820.0,0,0,892219
35882,2018,4,4,7956,7956.0,0,0,478050
35915,2018,3,4,5344,5344.0,0,0,990918
35918,2018,12,4,2324,2324.0,715,129,701216
35921,2018,3,4,2904,2904.0,0,0,746772
35948,2018,4,4,4832,4832.0,0,0,637687
35955,2018,3,4,9356,9356.0,0,0,266148
35961,2017,9,4,3492,3492.0,0,0,623222
35963,2018,3,4,7256,7256.0,0,0,193037
35980,2017,7,4,3372,3372.0,816,147,337453
35994,2018,3,4,7704,7704.0,0,0,824133
36002,2018,4,4,6592,6592.0,0,0,644786
36004,2018,3,4,6544,6544.0,0,0,729518
36035,2018,4,4,3344,3344.0,0,0,842279
36066,2018,7,4,5068,5068.0,795,143,861330
36074,2018,3,4,7572,7572.0,0,0,946001
36096,2018,3,4,6096,6096.0,0,0,390546
36097,2018,3,4,3340,3340.0,0,0,787548
36098,2018,10,4,8056,8056.0,339,61,596586
36127,2018,4,4,8084,8084.0,0,0,703937
36129,2018,3,4,6596,6596.0,0,0,511472
36131,2018,3,4,8356,8356.0,541,97,933968
36159,2018,3,4,9048,9048.0,0,0,863349
36162,2018,4,4,8392,8392.0,0,0,448142
36171,2018,3,4,7112,7112.0,0,0,121183
36183,2018,3,4,5804,5804.0,0,0,848632
36200,2018,4,4,9264,9264.0,0,0,900460
36205,2018,8,4,3624,3624.0,415,75,549862
36227,2018,4,4,8536,8536.0,0,0,458614
36231,2018,3,4,6936,6936.0,0,0,426185
36246,2017,10,4,2588,2588.0,482,87,402052
36261,2018,3,4,3688,3688.0,0,0,851421
36270,2018,4,4,7524,7524.0,0,0,559388
36276,2017,10,4,7836,7836.0,537,97,756867
36281,2018,3,4,4004,4004.0,0,0,882718
36285,2018,4,4,7340,7340.0,0,0,391611
36303,2018,3,4,9292,9292.0,0,0,412995
36316,2018,3,4,4168,4168.0,0,0,280828
36326,2017,9,4,5176,5176.0,0,0,649487
36348,2018,3,4,3220,3220.0,0,0,114219
36354,2018,3,4,3116,3116.0,0,0,480909
36355,2018,3,4,3488,3488.0,0,0,581661
36367,2017,3,4,5208,5208.0,601,108,280828
36391,2018,4,4,6848,6848.0,0,0,668959
36407,2018,3,4,7928,7928.0,0,0,769623
36424,2018,3,4,3208,3208.0,0,0,609072
36431,2018,4,4,3280,3280.0,0,0,549982
36432,2018,3,4,5424,5424.0,0,0,654433
36462,2018,3,4,2172,2172.0,0,0,276035
36495,2018,3,4,3044,3044.0,0,0,428526
36509,2018,4,4,7028,7028.0,0,0,360902
36517,2018,3,4,2584,2584.0,0,0,554104
36523,2018,3,4,5632,5632.0,0,0,695878
36524,2018,3,4,9952,9952.0,0,0,881198
36538,2018,3,4,7908,7908.0,0,0,276255
36554,2018,4,4,2536,2536.0,0,0,419749
36562,2018,3,4,9672,9672.0,0,0,860684
36571,2018,3,4,2480,2480.0,0,0,218917
36599,2018,3,4,9852,9852.0,0,0,391611
36685,2018,3,4,8052,8052.0,0,0,983822
36691,2018,4,4,4828,4828.0,0,0,762355
36704,2018,3,4,6536,6536.0,0,0,121856
36709,2018,3,4,8352,8352.0,0,0,352490
36719,2017,1,4,2844,2844.0,0,0,665373
36722,2017,5,4,9612,9612.0,0,0,665373
36734,2018,3,4,3252,3252.0,0,0,319664
36744,2017,12,4,5404,5404.0,483,87,191917
36758,2018,3,4,5128,5128.0,0,0,424540
36763,2018,3,4,6540,6540.0,0,0,810581
36785,2018,4,4,4456,4456.0,0,0,894436
36811,2018,3,4,2524,2524.0,0,0,778030
36828,2018,3,4,9076,9076.0,0,0,971582
36831,2018,3,4,5192,5192.0,0,0,730246
36905,2018,4,4,7912,7912.0,0,0,577405
36918,2018,4,4,5096,5096.0,0,0,300870
36929,2018,3,4,4560,4560.0,0,0,756791
36940,2018,4,4,7740,7740.0,0,0,494885
36961,2018,4,4,8852,8852.0,0,0,135421
36967,2018,8,4,3600,3600.0,475,86,828232
36970,2018,3,4,2368,2368.0,0,0,746536
37032,2018,4,4,4068,4068.0,0,0,968666
37038,2018,4,4,6536,6536.0,0,0,207001
37045,2018,10,4,6268,6268.0,479,86,185774
37073,2018,3,4,4772,4772.0,0,0,937645
37090,2018,3,4,4264,4264.0,0,0,215508
37101,2018,3,4,6536,6536.0,0,0,790450
37103,2018,12,4,7576,7576.0,624,112,697272
37123,2018,3,4,2000,2000.0,0,0,376618
37158,2018,3,4,5964,5964.0,0,0,670751
37170,2018,3,4,6368,6368.0,0,0,246187
37173,2018,3,4,8428,8428.0,0,0,707470
37211,2018,3,4,4344,4344.0,0,0,809733
37213,2018,3,4,3956,3956.0,0,0,662380
37223,2018,3,4,5308,5308.0,0,0,295412
37230,2018,3,4,8104,8104.0,0,0,745920
37256,2018,4,4,8540,8540.0,0,0,565452
37257,2018,3,4,4332,4332.0,0,0,502946
37264,2018,3,4,7716,7716.0,0,0,228673
37313,2018,3,4,3368,3368.0,0,0,447962
37356,2018,3,4,6668,6668.0,0,0,169129
37361,2018,5,4,9396,9396.0,0,0,105214
37375,2018,5,4,8672,8672.0,0,0,114219
37387,2018,5,4,8636,8636.0,0,0,127785
37391,2018,5,4,5004,5004.0,0,0,130208
37392,2018,5,4,7600,7600.0,0,0,131560
37399,2018,5,4,5028,5028.0,0,0,134273
37411,2018,5,4,5348,5348.0,0,0,144977
37412,2018,5,4,5532,5532.0,0,0,146037
37419,2018,5,4,8640,8640.0,0,0,149912
37432,2018,5,4,4484,4484.0,0,0,160135
37441,2018,5,4,7284,7284.0,0,0,165443
37443,2018,5,4,2764,2764.0,0,0,166037
37452,2018,5,4,4376,4376.0,0,0,170585
37482,2018,5,4,7804,7804.0,0,0,192651
37536,2018,5,4,4728,4728.0,0,0,232290
37551,2018,5,4,8556,8556.0,0,0,247514
37595,2018,5,4,3020,3020.0,0,0,286551
37611,2018,5,4,9600,9600.0,0,0,300870
37628,2018,5,4,2580,2580.0,0,0,317776
37629,2018,5,4,6116,6116.0,0,0,317888
37670,2018,5,4,4408,4408.0,0,0,339845
37672,2018,5,4,2040,2040.0,0,0,341728
37673,2018,5,4,3220,3220.0,0,0,342527
37691,2018,5,4,4428,4428.0,0,0,352490
37788,2018,5,4,4604,4604.0,0,0,425445
37812,2018,5,4,3408,3408.0,0,0,438263
37825,2018,5,4,6436,6436.0,0,0,444894
37832,2018,5,4,9676,9676.0,0,0,447962
37863,2018,5,4,9136,9136.0,0,0,472532
37876,2018,5,4,3200,3200.0,0,0,478050
37878,2018,5,4,8568,8568.0,0,0,480909
37883,2017,3,4,6552,6552.0,0,0,709479
37884,2017,5,4,8472,8472.0,0,0,709479
37885,2018,5,4,3060,3060.0,0,0,485795
37888,2018,5,4,2716,2716.0,0,0,486112
37909,2018,5,4,3892,3892.0,0,0,499128
37934,2018,5,4,4368,4368.0,0,0,515981
37939,2018,5,4,6192,6192.0,0,0,518236
37955,2018,5,4,5092,5092.0,0,0,528331
37970,2018,5,4,6088,6088.0,0,0,535482
37974,2018,5,4,6936,6936.0,0,0,537990
37986,2018,5,4,8536,8536.0,0,0,544690
38031,2018,5,4,6836,6836.0,0,0,565452
38043,2018,5,4,8292,8292.0,0,0,573332
38063,2018,5,4,5840,5840.0,0,0,585978
38070,2018,5,4,5880,5880.0,0,0,595083
38091,2018,5,4,8936,8936.0,0,0,612510
38103,2018,5,4,8276,8276.0,0,0,620122
38126,2018,5,4,6740,6740.0,0,0,631661
38128,2018,5,4,2644,2644.0,0,0,632097
38166,2017,6,4,5800,5800.0,0,0,716236
38189,2017,6,4,4480,4480.0,823,148,537990
38233,2018,5,4,3308,3308.0,0,0,708020
38264,2018,5,4,6216,6216.0,0,0,730246
38269,2018,5,4,3468,3468.0,0,0,735263
38278,2017,8,4,6380,6380.0,603,109,352490
38279,2018,5,4,9348,9348.0,0,0,742281
38294,2018,5,4,7328,7328.0,0,0,747926
38302,2018,5,4,5716,5716.0,0,0,750649
38372,2018,5,4,9080,9080.0,0,0,790178
38377,2018,5,4,3904,3904.0,0,0,793178
38447,2018,5,4,7552,7552.0,0,0,842279
38476,2018,5,4,9088,9088.0,0,0,861700
38515,2018,5,4,8724,8724.0,0,0,900894
38544,2018,5,4,5604,5604.0,0,0,924793
38583,2018,5,4,4300,4300.0,0,0,948662
38586,2018,5,4,3556,3556.0,0,0,949974
38587,2018,5,4,5708,5708.0,0,0,950593
38605,2018,5,4,8076,8076.0,0,0,965079
38612,2018,5,4,8328,8328.0,0,0,970746
38614,2017,3,4,9968,9968.0,537,97,295412
38615,2018,5,4,4012,4012.0,0,0,971528
38616,2017,3,4,6860,6860.0,0,0,728316
38619,2017,4,4,8852,8852.0,0,0,728316
38624,2018,5,4,4176,4176.0,0,0,974829
38630,2018,5,4,5560,5560.0,0,0,977303
38640,2018,5,4,4036,4036.0,0,0,986421
38656,2018,5,4,9828,9828.0,0,0,994377
38695,2018,6,4,3540,3540.0,0,0,115633
38704,2017,8,4,2012,2012.0,0,0,729805
38705,2017,9,4,5992,5992.0,0,0,729805
38711,2018,6,4,6656,6656.0,0,0,122545
38717,2017,7,4,7252,7252.0,786,141,729805
38733,2018,12,4,5804,5804.0,538,97,269565
38744,2018,6,4,4436,4436.0,0,0,145988
38775,2018,6,4,6520,6520.0,0,0,164973
38784,2018,6,4,3208,3208.0,0,0,170585
38805,2018,6,4,3464,3464.0,0,0,182785
38826,2018,6,4,8384,8384.0,0,0,191917
38866,2018,6,4,7408,7408.0,0,0,220822
38910,2018,6,4,8240,8240.0,0,0,248593
38919,2018,6,4,3784,3784.0,0,0,254860
38942,2018,6,4,2444,2444.0,0,0,263127
38949,2018,6,4,8128,8128.0,0,0,265557
38978,2018,6,4,7816,7816.0,0,0,283770
39011,2018,6,4,8484,8484.0,0,0,308891
39045,2018,6,4,5620,5620.0,0,0,329826
39057,2018,6,4,6028,6028.0,0,0,338285
39085,2018,6,4,9972,9972.0,0,0,360902
39120,2018,6,4,2096,2096.0,0,0,385593
39129,2018,6,4,6728,6728.0,0,0,390546
39149,2018,6,4,7988,7988.0,0,0,405928
39174,2018,6,4,2016,2016.0,0,0,421191
39176,2018,6,4,6184,6184.0,0,0,421923
39208,2018,6,4,4768,4768.0,0,0,438641
39212,2018,6,4,2812,2812.0,0,0,440928
39223,2018,6,4,9268,9268.0,0,0,444092
39229,2018,6,4,9424,9424.0,0,0,446991
39230,2017,8,4,4256,4256.0,698,126,892219
39231,2018,6,4,3012,3012.0,0,0,448896
39262,2017,8,4,7020,7020.0,476,86,832665
39279,2018,6,4,7620,7620.0,0,0,485933
39282,2018,6,4,2072,2072.0,0,0,487605
39302,2018,6,4,9176,9176.0,0,0,500022
39312,2018,6,4,5864,5864.0,0,0,508080
39327,2018,6,4,5668,5668.0,0,0,519726
39342,2018,6,4,9884,9884.0,0,0,530508
39352,2018,6,4,4520,4520.0,0,0,535482
39358,2018,6,4,7184,7184.0,0,0,537387
39388,2018,6,4,2648,2648.0,0,0,566182
39411,2017,2,4,6516,6516.0,540,97,750199
39425,2018,6,4,7888,7888.0,0,0,590514
39431,2018,6,4,4088,4088.0,0,0,595083
39435,2018,6,4,6504,6504.0,0,0,596586
39451,2018,6,4,3056,3056.0,0,0,612510
39486,2018,6,4,6964,6964.0,0,0,635509
39499,2018,6,4,7172,7172.0,0,0,644786
39500,2018,6,4,7608,7608.0,0,0,645081
39525,2018,6,4,5392,5392.0,0,0,667341
39535,2018,6,4,4336,4336.0,0,0,676669
39539,2018,6,4,6728,6728.0,0,0,679414
39554,2018,6,4,5060,5060.0,0,0,693494
39563,2018,6,4,2376,2376.0,0,0,695878
39573,2018,6,4,6588,6588.0,0,0,702406
39585,2018,6,4,7244,7244.0,0,0,708258
39615,2018,6,4,6412,6412.0,0,0,728486
39629,2018,6,4,7048,7048.0,0,0,735263
39653,2018,6,4,7208,7208.0,0,0,753637
39687,2018,6,4,6740,6740.0,0,0,781062
39692,2017,11,4,6040,6040.0,554,100,499945
39712,2018,6,4,8752,8752.0,0,0,799781
39732,2018,6,4,8076,8076.0,0,0,808353
39744,2018,6,4,7964,7964.0,0,0,812894
39762,2018,6,4,8868,8868.0,0,0,825484
39763,2018,6,4,5848,5848.0,0,0,826304
39765,2018,6,4,8348,8348.0,0,0,828232
39775,2018,6,4,6232,6232.0,0,0,838634
39802,2018,6,4,6100,6100.0,0,0,856406
39811,2018,6,4,8220,8220.0,0,0,861058
39840,2018,10,4,3632,3632.0,562,101,203033
39845,2018,6,4,7352,7352.0,0,0,886439
39870,2018,6,4,8672,8672.0,0,0,904304
39873,2018,6,4,2240,2240.0,0,0,907038
39879,2018,6,4,2240,2240.0,0,0,913571
39882,2018,6,4,8696,8696.0,0,0,918053
39893,2018,6,4,7388,7388.0,0,0,923234
39905,2018,6,4,3900,3900.0,0,0,929728
39912,2018,6,4,2144,2144.0,0,0,937645
39920,2018,6,4,5300,5300.0,0,0,945091
39930,2018,6,4,3456,3456.0,0,0,950336
39952,2018,6,4,6520,6520.0,0,0,966580
39954,2018,7,4,5612,5612.0,529,95,729518
39977,2018,6,4,3836,3836.0,0,0,982296
40010,2018,7,4,7224,7224.0,0,0,102311
40050,2018,7,4,4568,4568.0,0,0,130208
40053,2018,7,4,9644,9644.0,0,0,131257
40067,2018,7,4,5252,5252.0,0,0,137850
40078,2018,7,4,6868,6868.0,0,0,144977
40079,2018,7,4,3512,3512.0,0,0,146037
40093,2018,7,4,8708,8708.0,0,0,163608
40098,2018,7,4,8608,8608.0,0,0,165019
40099,2017,5,4,7616,7616.0,459,83,625434
40131,2018,7,4,7440,7440.0,0,0,193665
40139,2018,7,4,9524,9524.0,0,0,196442
40164,2018,7,4,2940,2940.0,0,0,210755
40178,2017,6,4,8416,8416.0,693,125,922926
40181,2018,7,4,7580,7580.0,0,0,229436
40193,2018,7,4,7040,7040.0,0,0,240476
40207,2018,7,4,9940,9940.0,0,0,247471
40210,2018,7,4,6348,6348.0,0,0,248593
40236,2018,7,4,8584,8584.0,0,0,265557
40318,2018,7,4,7308,7308.0,0,0,318264
40323,2018,7,4,6536,6536.0,0,0,320414
40347,2018,7,4,2856,2856.0,0,0,336341
40412,2018,7,4,6612,6612.0,0,0,379120
40456,2018,7,4,5500,5500.0,0,0,408134
40461,2018,7,4,9112,9112.0,0,0,412402
40466,2018,7,4,3992,3992.0,0,0,415402
40468,2017,4,4,3460,3460.0,359,65,851836
40470,2018,7,4,9628,9628.0,0,0,417904
40484,2018,7,4,6328,6328.0,0,0,424540
40491,2018,7,4,6104,6104.0,0,0,429308
40499,2018,7,4,6508,6508.0,0,0,434620
40515,2018,7,4,7080,7080.0,0,0,445073
40518,2018,7,4,4536,4536.0,0,0,447962
40562,2018,7,4,5664,5664.0,0,0,481293
40609,2018,7,4,8964,8964.0,0,0,502946
40610,2018,7,4,5312,5312.0,0,0,504311
40616,2018,7,4,5884,5884.0,0,0,508115
40617,2018,7,4,5416,5416.0,0,0,511342
40627,2018,11,4,3500,3500.0,378,68,515981
40645,2018,7,4,8140,8140.0,0,0,528693
40653,2018,7,4,3544,3544.0,0,0,537990
40662,2018,7,4,6668,6668.0,0,0,546665
40669,2018,7,4,2388,2388.0,0,0,550262
40673,2018,7,4,9328,9328.0,0,0,550769
40712,2018,7,4,8824,8824.0,0,0,572811
40727,2018,7,4,8320,8320.0,0,0,585978
40733,2018,7,4,4240,4240.0,0,0,590989
40735,2018,7,4,4980,4980.0,0,0,593252
40738,2018,7,4,8464,8464.0,0,0,596390
40781,2018,7,4,6572,6572.0,0,0,617960
40787,2018,7,4,4928,4928.0,0,0,625123
40789,2018,7,4,3244,3244.0,0,0,625451
40810,2018,7,4,9648,9648.0,0,0,638495
40817,2018,7,4,7664,7664.0,0,0,644786
40824,2018,7,4,4096,4096.0,0,0,650445
40836,2018,7,4,2328,2328.0,0,0,656942
40840,2018,7,4,3412,3412.0,0,0,661411
40866,2018,7,4,8180,8180.0,0,0,677704
40871,2018,7,4,5592,5592.0,0,0,679414
40909,2018,7,4,4900,4900.0,0,0,704149
40924,2018,7,4,8564,8564.0,0,0,713236
40926,2018,7,4,2016,2016.0,0,0,714379
41023,2018,7,4,3476,3476.0,0,0,790450
41045,2017,5,4,7604,7604.0,0,0,806348
41047,2017,6,4,4536,4536.0,0,0,806348
41055,2018,7,4,8876,8876.0,0,0,811684
41067,2018,7,4,7424,7424.0,0,0,820542
41078,2018,7,4,6348,6348.0,0,0,829861
41130,2018,7,4,7880,7880.0,0,0,861058
41167,2018,7,4,4992,4992.0,0,0,893863
41171,2017,8,4,3460,3460.0,780,140,933968
41235,2018,7,4,3116,3116.0,0,0,929728
41242,2018,7,4,5344,5344.0,0,0,936273
41261,2018,7,4,6900,6900.0,0,0,946258
41272,2018,7,4,8608,8608.0,0,0,952955
41277,2018,7,4,9588,9588.0,0,0,957764
41292,2018,7,4,4120,4120.0,0,0,968225
41294,2018,7,4,9912,9912.0,0,0,968666
41299,2018,7,4,2012,2012.0,0,0,971107
41322,2017,9,4,8020,8020.0,525,95,936273
41345,2018,7,4,8480,8480.0,0,0,996686
41365,2018,8,4,5892,5892.0,0,0,109495
41378,2018,8,4,6400,6400.0,0,0,115633
41436,2018,8,4,6324,6324.0,0,0,153884
41471,2018,8,4,3460,3460.0,0,0,180024
41476,2018,8,4,9116,9116.0,0,0,183025
41497,2018,8,4,2640,2640.0,0,0,192651
41498,2018,8,4,4976,4976.0,0,0,193665
41499,2018,8,4,9976,9976.0,0,0,193775
41514,2018,8,4,3332,3332.0,0,0,207576
41520,2018,5,4,4204,4204.0,427,77,650621
41546,2018,8,4,2592,2592.0,0,0,225363
41573,2017,9,4,9836,9836.0,0,0,823257
41574,2017,12,4,9316,9316.0,0,0,823257
41580,2018,8,4,7160,7160.0,0,0,244308
41603,2018,8,4,4300,4300.0,0,0,265297
41607,2018,8,4,4620,4620.0,0,0,269565
41620,2018,8,4,8504,8504.0,0,0,276650
41683,2018,8,4,8020,8020.0,0,0,318654
41688,2018,8,4,2936,2936.0,0,0,319664
41717,2018,8,4,3984,3984.0,0,0,339845
41723,2018,8,4,6716,6716.0,0,0,342407
41774,2017,7,4,7256,7256.0,584,105,637687
41837,2018,10,4,2588,2588.0,588,106,358039
41858,2018,8,4,5232,5232.0,0,0,434620
41916,2018,8,4,5456,5456.0,0,0,472532
41922,2018,8,4,6012,6012.0,0,0,476371
41947,2018,8,4,6236,6236.0,0,0,495253
41958,2018,8,4,5932,5932.0,0,0,499945
41962,2018,8,4,6056,6056.0,0,0,502012
41990,2018,8,4,7940,7940.0,0,0,519726
41995,2018,8,4,4172,4172.0,0,0,525548
42000,2018,8,4,8284,8284.0,0,0,528693
42016,2018,8,4,3104,3104.0,0,0,543852
42028,2018,8,4,3816,3816.0,0,0,552328
42071,2018,8,4,3564,3564.0,0,0,579581
42083,2018,8,4,6216,6216.0,0,0,585978
42090,2018,8,4,2264,2264.0,0,0,590514
42092,2018,8,4,8536,8536.0,0,0,591641
42100,2018,8,4,3976,3976.0,0,0,600785
42118,2018,8,4,7904,7904.0,0,0,612510
42186,2018,5,4,4132,4132.0,473,85,268129
42209,2018,8,4,4064,4064.0,0,0,683126
42211,2018,8,4,5976,5976.0,0,0,684155
42218,2018,8,4,5956,5956.0,0,0,687463
42231,2018,8,4,4392,4392.0,0,0,693295
42245,2018,8,4,3028,3028.0,0,0,702542
42248,2018,8,4,5104,5104.0,0,0,704270
42293,2018,8,4,4748,4748.0,0,0,728486
42298,2018,8,4,3296,3296.0,0,0,731510
42399,2018,8,4,6376,6376.0,0,0,801821
42403,2018,12,4,2736,2736.0,662,119,537990
42414,2017,5,4,4424,4424.0,619,111,392619
42426,2018,8,4,6896,6896.0,0,0,817456
42460,2018,6,4,7980,7980.0,682,123,269565
42521,2018,8,4,7664,7664.0,0,0,874614
42531,2018,8,4,9480,9480.0,0,0,882718
42537,2018,8,4,9196,9196.0,0,0,888357
42544,2018,8,4,2596,2596.0,0,0,893266
42546,2018,6,4,9856,9856.0,0,0,843672
42557,2018,8,4,4632,4632.0,0,0,900460
42566,2018,8,4,7220,7220.0,0,0,908120
42597,2018,8,4,9980,9980.0,0,0,929980
42607,2018,8,4,4000,4000.0,0,0,933968
42613,2018,8,4,7528,7528.0,0,0,939238
42618,2018,8,4,2404,2404.0,0,0,944506
42620,2018,8,4,2876,2876.0,0,0,945091
42622,2018,8,4,4952,4952.0,0,0,947234
42656,2018,8,4,2948,2948.0,0,0,973728
42666,2018,8,4,4284,4284.0,0,0,982296
42671,2018,8,4,7556,7556.0,0,0,986208
42704,2018,9,4,7044,7044.0,0,0,107571
42708,2018,9,4,9164,9164.0,0,0,109495
42722,2018,9,4,7052,7052.0,0,0,116735
42733,2018,9,4,3568,3568.0,0,0,122545
42744,2018,9,4,2236,2236.0,0,0,127785
42749,2018,9,4,5576,5576.0,0,0,130368
42757,2018,9,4,4716,4716.0,0,0,135312
42763,2018,9,4,4668,4668.0,0,0,136516
42793,2018,9,4,5552,5552.0,0,0,149912
42820,2018,9,4,7148,7148.0,0,0,169129
42832,2018,9,4,2056,2056.0,0,0,173873
42866,2018,9,4,2020,2020.0,0,0,201276
42881,2018,9,4,4280,4280.0,0,0,208553
42882,2018,9,4,8628,8628.0,0,0,208586
42893,2018,9,4,9712,9712.0,0,0,215508
42904,2018,9,4,8456,8456.0,0,0,225746
42967,2018,9,4,7868,7868.0,0,0,259110
42977,2018,9,4,6280,6280.0,0,0,265297
42981,2018,9,4,8972,8972.0,0,0,268414
42983,2018,9,4,9188,9188.0,0,0,269565
42984,2018,9,4,6208,6208.0,0,0,270730
42993,2018,9,4,4604,4604.0,0,0,276650
43004,2018,9,4,9408,9408.0,0,0,282259
43068,2018,9,4,3024,3024.0,0,0,316793
43095,2018,9,4,8428,8428.0,0,0,328446
43102,2018,9,4,8260,8260.0,0,0,331598
43115,2018,9,4,9820,9820.0,0,0,339845
43117,2018,9,4,9424,9424.0,0,0,341728
43142,2018,9,4,6928,6928.0,0,0,350692
43149,2018,9,4,8100,8100.0,0,0,352490
43152,2018,9,4,2720,2720.0,0,0,354464
43191,2018,9,4,3108,3108.0,0,0,376618
43205,2018,9,4,9868,9868.0,0,0,384328
43211,2018,9,4,2652,2652.0,0,0,387523
43234,2018,9,4,5576,5576.0,0,0,397817
43250,2018,9,4,2040,2040.0,0,0,406254
43260,2018,9,4,2412,2412.0,0,0,411715
43264,2018,9,4,2216,2216.0,0,0,413185
43273,2018,9,4,6288,6288.0,0,0,415402
43309,2018,9,4,9764,9764.0,0,0,434620
43318,2018,9,4,8852,8852.0,0,0,438263
43327,2018,9,4,3432,3432.0,0,0,442249
43333,2017,8,4,5840,5840.0,437,79,745811
43339,2018,9,4,7232,7232.0,0,0,446991
43392,2018,9,4,8872,8872.0,0,0,478050
43401,2018,9,4,5136,5136.0,0,0,482528
43405,2018,9,4,3536,3536.0,0,0,483768
43409,2018,9,4,9224,9224.0,0,0,485795
43410,2018,9,4,9848,9848.0,0,0,485933
43427,2018,9,4,8100,8100.0,0,0,494885
43450,2018,9,4,4920,4920.0,0,0,504260
43456,2018,9,4,2096,2096.0,0,0,507005
43462,2018,9,4,6764,6764.0,0,0,509513
43469,2017,5,4,5364,5364.0,489,88,862659
43471,2017,6,4,8184,8184.0,0,0,862659
43476,2017,9,4,3468,3468.0,0,0,862659
43477,2017,10,4,2912,2912.0,0,0,862659
43484,2018,3,4,9276,9276.0,670,121,862659
43509,2018,9,4,7276,7276.0,0,0,535944
43512,2018,9,4,6012,6012.0,0,0,537387
43526,2018,9,4,8240,8240.0,0,0,544690
43546,2018,9,4,9212,9212.0,0,0,554442
43559,2018,9,4,7644,7644.0,0,0,559388
43604,2018,9,4,2268,2268.0,0,0,583718
43612,2018,9,4,5868,5868.0,0,0,587378
43650,2018,9,4,9964,9964.0,0,0,608517
43666,2018,9,4,2092,2092.0,0,0,615214
43673,2018,9,4,7864,7864.0,0,0,617960
43721,2018,9,4,2924,2924.0,0,0,643912
43740,2018,9,4,7388,7388.0,0,0,654073
43757,2018,9,4,7560,7560.0,0,0,661054
43758,2018,9,4,4408,4408.0,0,0,661502
43762,2018,9,4,5548,5548.0,0,0,667262
43769,2017,5,4,2404,2404.0,637,115,973728
43792,2018,9,4,7632,7632.0,0,0,684155
43831,2018,9,4,6844,6844.0,0,0,704149
43841,2018,9,4,2736,2736.0,0,0,708343
43844,2018,9,4,6472,6472.0,0,0,709415
43866,2018,9,4,7072,7072.0,0,0,719383
43881,2018,9,4,4552,4552.0,0,0,728486
43921,2018,8,4,3320,3320.0,582,105,328349
43926,2018,9,4,5216,5216.0,0,0,756867
43938,2018,9,4,5548,5548.0,0,0,765293
43957,2017,12,4,4044,4044.0,666,120,807211
43998,2018,11,4,9900,9900.0,543,98,967883
44001,2018,9,4,9456,9456.0,0,0,795230
44002,2017,8,4,6612,6612.0,501,90,390546
44026,2018,9,4,7804,7804.0,0,0,812894
44052,2018,9,4,5168,5168.0,0,0,822696
44058,2018,9,4,6488,6488.0,0,0,824133
44060,2018,9,4,6800,6800.0,0,0,826304
44069,2018,9,4,6356,6356.0,0,0,830811
44091,2018,9,4,6588,6588.0,0,0,842390
44105,2018,9,4,6892,6892.0,0,0,848632
44121,2018,9,4,6452,6452.0,0,0,856406
44145,2018,12,4,2444,2444.0,426,77,466865
44164,2018,9,4,6688,6688.0,0,0,879177
44176,2018,9,4,5764,5764.0,0,0,886439
44178,2018,3,4,4280,4280.0,400,72,852323
44180,2018,9,4,3632,3632.0,0,0,890882
44198,2018,9,4,9620,9620.0,0,0,900460
44201,2018,9,4,3224,3224.0,0,0,903797
44202,2018,9,4,9600,9600.0,0,0,904304
44208,2018,9,4,6784,6784.0,0,0,907038
44220,2018,9,4,8784,8784.0,0,0,913571
44228,2018,9,4,4980,4980.0,0,0,922000
44263,2018,9,4,5272,5272.0,0,0,945091
44271,2018,9,4,7784,7784.0,0,0,948662
44274,2018,6,4,2808,2808.0,637,115,420394
44276,2018,9,4,6972,6972.0,0,0,950336
44284,2018,9,4,7524,7524.0,0,0,952955
44287,2018,9,4,5108,5108.0,0,0,953693
44317,2018,9,4,6228,6228.0,0,0,966580
44321,2018,9,4,2608,2608.0,0,0,968034
44350,2018,9,4,8804,8804.0,0,0,983822
44364,2018,9,4,6332,6332.0,434,78,311946
44393,2018,10,4,5500,5500.0,0,0,106776
44399,2018,10,4,3384,3384.0,0,0,114219
44408,2018,10,4,5992,5992.0,0,0,120583
44409,2018,10,4,3404,3404.0,0,0,121183
44423,2018,10,4,2540,2540.0,0,0,130208
44430,2018,10,4,9388,9388.0,0,0,135421
44435,2017,4,4,7748,7748.0,340,61,107571
44442,2018,10,4,8128,8128.0,0,0,139863
44497,2018,10,4,2808,2808.0,0,0,169129
44527,2018,10,4,5784,5784.0,0,0,186593
44531,2017,6,4,6524,6524.0,528,95,365451
44552,2018,3,4,5796,5796.0,564,102,360902
44573,2018,10,4,3448,3448.0,0,0,212477
44582,2018,10,4,2084,2084.0,0,0,218917
44586,2018,10,4,4832,4832.0,0,0,221993
44613,2018,10,4,6548,6548.0,0,0,243061
44681,2018,10,4,8556,8556.0,0,0,281979
44692,2018,7,4,7644,7644.0,564,102,402052
44705,2018,10,4,3564,3564.0,0,0,297702
44719,2017,6,4,3748,3748.0,511,92,968034
44737,2018,10,4,6700,6700.0,0,0,317776
44744,2018,10,4,9668,9668.0,0,0,320414
44762,2018,10,4,2808,2808.0,0,0,328349
44763,2018,10,4,5640,5640.0,0,0,328446
44795,2018,10,4,5248,5248.0,0,0,345615
44804,2018,10,4,3140,3140.0,0,0,352092
44843,2018,10,4,3072,3072.0,0,0,379120
44894,2017,1,4,7980,7980.0,472,85,667860
44915,2018,10,4,5468,5468.0,0,0,426185
44925,2018,10,4,5896,5896.0,0,0,429308
44940,2018,10,4,8852,8852.0,0,0,434620
44945,2018,10,4,2884,2884.0,0,0,438263
44948,2018,10,4,4608,4608.0,0,0,438641
44980,2018,10,4,3988,3988.0,0,0,461199
45005,2018,10,4,7620,7620.0,0,0,472532
45074,2018,10,4,4672,4672.0,0,0,504860
45094,2018,10,4,9620,9620.0,0,0,515969
45099,2018,10,4,7636,7636.0,0,0,518236
45120,2018,10,4,9368,9368.0,0,0,528331
45178,2018,10,4,8484,8484.0,0,0,559388
45244,2018,10,4,7280,7280.0,0,0,600785
45270,2018,10,4,4128,4128.0,0,0,612510
45282,2018,10,4,2576,2576.0,0,0,617099
45284,2018,10,4,3580,3580.0,0,0,617960
45314,2018,10,4,4128,4128.0,0,0,635509
45373,2018,10,4,3612,3612.0,0,0,676669
45407,2018,10,4,5200,5200.0,0,0,694942
45415,2018,10,4,3316,3316.0,0,0,702406
45425,2018,10,4,4032,4032.0,0,0,709415
45432,2018,10,4,6460,6460.0,0,0,714379
45437,2018,10,4,6228,6228.0,0,0,716785
45476,2017,9,4,6692,6692.0,0,0,919922
45481,2018,10,4,4812,4812.0,0,0,744612
45482,2018,10,4,8392,8392.0,0,0,745811
45491,2018,10,4,8408,8408.0,0,0,753637
45492,2018,10,4,7100,7100.0,0,0,754539
45493,2018,10,4,3024,3024.0,0,0,756515
45494,2018,10,4,7112,7112.0,0,0,756791
45499,2018,10,4,9088,9088.0,0,0,760061
45504,2018,10,4,4656,4656.0,0,0,762355
45573,2018,10,4,6956,6956.0,0,0,809733
45588,2018,10,4,7428,7428.0,0,0,822696
45617,2018,10,4,6764,6764.0,0,0,835796
45634,2018,10,4,7340,7340.0,0,0,850245
45639,2018,10,4,9108,9108.0,0,0,852323
45644,2018,10,4,2692,2692.0,0,0,854902
45656,2018,10,4,7608,7608.0,0,0,861330
45657,2018,10,4,3592,3592.0,0,0,861700
45660,2018,10,4,6900,6900.0,0,0,863349
45678,2018,10,4,8536,8536.0,0,0,874614
45684,2018,10,4,8708,8708.0,0,0,879177
45695,2018,10,4,3892,3892.0,0,0,886439
45698,2018,10,4,2724,2724.0,0,0,890650
45718,2018,10,4,2100,2100.0,0,0,901819
45752,2017,12,4,8624,8624.0,463,83,131257
45753,2018,10,4,2784,2784.0,0,0,923234
45756,2018,10,4,9824,9824.0,0,0,924793
45802,2018,10,4,4448,4448.0,0,0,953307
45811,2018,10,4,6940,6940.0,0,0,957764
45839,2018,10,4,2312,2312.0,0,0,971107
45856,2018,10,4,5448,5448.0,0,0,981536
45878,2018,10,4,5044,5044.0,0,0,997189
45892,2018,11,4,6028,6028.0,0,0,106689
45924,2018,11,4,7784,7784.0,0,0,135421
45936,2018,11,4,5380,5380.0,0,0,139600
45958,2018,11,4,3604,3604.0,0,0,159359
45975,2018,11,4,5312,5312.0,0,0,173873
46009,2018,11,4,6392,6392.0,0,0,201276
46025,2018,11,4,3204,3204.0,0,0,215508
46075,2018,11,4,3368,3368.0,0,0,261964
46092,2018,11,4,3808,3808.0,0,0,271675
46103,2018,11,4,4748,4748.0,0,0,276255
46109,2018,11,4,3464,3464.0,0,0,283980
46157,2018,8,4,4132,4132.0,457,82,746772
46228,2018,7,4,7412,7412.0,496,89,693295
46243,2018,11,4,6748,6748.0,0,0,413185
46253,2018,11,4,5856,5856.0,0,0,420394
46254,2018,11,4,9552,9552.0,0,0,421923
46259,2018,11,4,7056,7056.0,0,0,426185
46280,2018,11,4,5896,5896.0,0,0,440928
46286,2018,11,4,8676,8676.0,0,0,442695
46288,2018,11,4,5872,5872.0,0,0,443970
46289,2018,11,4,6208,6208.0,0,0,444092
46311,2018,11,4,4704,4704.0,0,0,455941
46321,2017,6,4,9712,9712.0,574,103,392802
46328,2018,8,4,9308,9308.0,537,97,735263
46340,2018,11,4,9536,9536.0,0,0,471858
46341,2018,11,4,2984,2984.0,0,0,472532
46394,2017,7,4,6152,6152.0,634,114,789892
46417,2018,11,4,4728,4728.0,0,0,543852
46419,2018,11,4,3736,3736.0,0,0,544690
46428,2018,11,4,9708,9708.0,0,0,550769
46438,2018,11,4,8528,8528.0,0,0,557458
46447,2018,11,4,5704,5704.0,0,0,571169
46468,2018,11,4,5740,5740.0,0,0,595083
46470,2018,11,4,2260,2260.0,0,0,599372
46481,2018,11,4,3732,3732.0,0,0,608758
46493,2018,11,4,8216,8216.0,0,0,614810
46495,2018,11,4,3952,3952.0,0,0,615214
46508,2018,11,4,4480,4480.0,0,0,625434
46531,2018,11,4,8944,8944.0,0,0,645081
46610,2018,11,4,9152,9152.0,0,0,707470
46615,2018,11,4,8744,8744.0,0,0,709415
46621,2018,11,4,5544,5544.0,0,0,714379
46641,2018,11,4,8644,8644.0,0,0,728486
46662,2018,11,4,4240,4240.0,0,0,741422
46722,2018,11,4,9752,9752.0,0,0,791809
46745,2018,11,4,4540,4540.0,0,0,811684
46760,2018,11,4,2876,2876.0,0,0,828232
46766,2018,11,4,8620,8620.0,0,0,832665
46799,2018,11,4,6972,6972.0,0,0,860602
46802,2018,11,4,3632,3632.0,0,0,861629
46805,2018,11,4,3284,3284.0,0,0,863432
46837,2018,11,4,3180,3180.0,0,0,890882
46839,2018,11,4,5932,5932.0,0,0,892219
46862,2018,11,4,4052,4052.0,0,0,907038
46871,2018,11,4,9948,9948.0,0,0,917610
46875,2018,11,4,3360,3360.0,0,0,922188
46890,2018,11,4,3736,3736.0,0,0,931183
46891,2018,3,4,7600,7600.0,590,106,429308
46903,2018,11,4,7616,7616.0,0,0,942189
46918,2018,11,4,4608,4608.0,0,0,953693
46934,2018,11,4,5988,5988.0,0,0,967347
46949,2018,11,4,4116,4116.0,0,0,974829
46958,2018,11,4,4352,4352.0,0,0,983822
46993,2018,12,4,4876,4876.0,0,0,107487
47017,2018,12,4,2460,2460.0,0,0,120613
47018,2018,12,4,2288,2288.0,0,0,121183
47035,2018,12,4,9008,9008.0,0,0,131047
47041,2018,12,4,8604,8604.0,0,0,135977
47046,2018,12,4,6688,6688.0,0,0,139974
47088,2018,12,4,8312,8312.0,0,0,165019
47100,2018,12,4,8808,8808.0,0,0,172162
47102,2018,12,4,3976,3976.0,0,0,173873
47105,2017,7,4,4216,4216.0,677,122,428526
47108,2018,12,4,6752,6752.0,0,0,175249
47127,2018,12,4,2280,2280.0,0,0,185285
47134,2018,12,4,5396,5396.0,0,0,193775
47157,2018,10,4,9848,9848.0,597,107,173873
47163,2018,12,4,4908,4908.0,0,0,208586
47181,2018,12,4,2732,2732.0,0,0,225746
47185,2017,6,4,6708,6708.0,496,89,620122
47194,2018,7,4,5436,5436.0,761,137,906178
47232,2018,12,4,8056,8056.0,0,0,254860
47254,2018,12,4,8716,8716.0,0,0,271675
47274,2018,12,4,3124,3124.0,0,0,283770
47303,2017,9,4,6328,6328.0,533,96,444894
47335,2017,1,4,3780,3780.0,300,54,181082
47338,2018,12,4,2044,2044.0,0,0,319664
47341,2018,12,4,3512,3512.0,0,0,321027
47355,2018,12,4,4260,4260.0,0,0,328446
47357,2018,12,4,2348,2348.0,0,0,329302
47381,2018,12,4,6924,6924.0,0,0,342527
47402,2018,12,4,4552,4552.0,0,0,354464
47414,2018,12,4,5108,5108.0,0,0,365557
47415,2018,12,4,8024,8024.0,0,0,365619
47441,2018,12,4,7496,7496.0,0,0,384328
47448,2018,12,4,6108,6108.0,0,0,387523
47475,2018,12,4,2456,2456.0,0,0,403052
47480,2018,12,4,5560,5560.0,0,0,407411
47492,2018,12,4,3476,3476.0,0,0,412995
47503,2018,12,4,4496,4496.0,0,0,419749
47507,2018,10,4,6024,6024.0,469,84,717632
47516,2017,3,4,4460,4460.0,0,0,979449
47517,2018,12,4,4132,4132.0,0,0,426124
47523,2017,8,4,8172,8172.0,0,0,979449
47526,2017,9,4,8312,8312.0,0,0,979449
47547,2018,12,4,6064,6064.0,0,0,440928
47557,2018,12,4,9904,9904.0,0,0,453971
47564,2018,12,4,3692,3692.0,0,0,459948
47593,2018,12,4,7704,7704.0,0,0,472787
47599,2018,12,4,8760,8760.0,0,0,476273
47606,2017,12,4,3080,3080.0,749,135,516995
47614,2018,6,4,7324,7324.0,846,152,638495
47620,2018,12,4,5336,5336.0,0,0,485933
47621,2018,12,4,5956,5956.0,0,0,486112
47627,2018,12,4,10000,10000.0,0,0,491253
47645,2018,12,4,6380,6380.0,0,0,499945
47655,2018,12,4,2704,2704.0,0,0,506170
47659,2018,12,4,3608,3608.0,0,0,511342
47684,2017,4,4,2428,2428.0,584,105,824133
47717,2018,12,4,5172,5172.0,0,0,550769
47742,2018,12,4,8820,8820.0,0,0,568880
47763,2018,12,4,9360,9360.0,0,0,579015
47788,2018,12,4,2140,2140.0,0,0,599372
47796,2018,12,4,6968,6968.0,0,0,603775
47831,2018,12,4,5536,5536.0,0,0,625033
47840,2018,12,4,2944,2944.0,0,0,632097
47857,2018,12,4,8760,8760.0,0,0,642031
47859,2018,12,4,7068,7068.0,0,0,644630
47871,2018,12,4,3588,3588.0,0,0,650445
47887,2018,12,4,7008,7008.0,0,0,661502
47908,2018,12,4,2960,2960.0,0,0,671849
47938,2018,12,4,4792,4792.0,0,0,694942
47954,2018,12,4,8452,8452.0,0,0,705911
47958,2018,12,4,2532,2532.0,0,0,709415
47976,2018,12,4,3020,3020.0,0,0,717632
47989,2018,12,4,7768,7768.0,0,0,724272
47992,2018,12,4,7088,7088.0,0,0,726139
48010,2017,6,4,9372,9372.0,531,96,625451
48049,2017,3,4,5472,5472.0,377,68,444894
48071,2018,12,4,4516,4516.0,0,0,776736
48091,2018,12,4,6032,6032.0,0,0,789573
48134,2018,12,4,8468,8468.0,0,0,822956
48137,2018,12,4,9464,9464.0,0,0,826556
48155,2018,12,4,6644,6644.0,0,0,834799
48181,2018,12,4,7752,7752.0,0,0,848632
48182,2018,12,4,4704,4704.0,0,0,849569
48184,2018,12,4,5300,5300.0,0,0,850245
48226,2018,12,4,4156,4156.0,0,0,877152
48241,2018,12,4,3388,3388.0,0,0,888357
48250,2018,12,4,5180,5180.0,0,0,892797
48259,2018,12,4,9916,9916.0,0,0,900894
48292,2018,12,4,2708,2708.0,0,0,920162
48297,2018,12,4,9784,9784.0,0,0,922786
48299,2018,12,4,5892,5892.0,0,0,923959
48312,2018,12,4,8168,8168.0,0,0,929980
48320,2018,12,4,8356,8356.0,0,0,936273
48340,2018,12,4,5428,5428.0,0,0,948693
48343,2018,6,4,2960,2960.0,670,121,237434
48367,2018,12,4,3888,3888.0,0,0,965079
48369,2018,12,4,6224,6224.0,0,0,965751
48371,2018,12,4,2976,2976.0,0,0,966204
48393,2018,12,4,8712,8712.0,0,0,983822
48416,2018,12,4,5448,5448.0,0,0,996686
48593,2018,12,12,22392,33588.0,0,0,216661
48594,2018,5,8,6840,10260.0,0,0,216661
48595,2018,8,8,6592,9888.0,0,0,216661
48596,2018,9,6,7110,10665.0,0,0,216661
48597,2018,2,3,3825,5737.5,0,0,216661
48598,2018,3,2,4582,6873.0,560,101,216661
48599,2018,11,2,2520,3780.0,0,0,216661
48600,2018,4,1,1918,2877.0,0,0,216661
48601,2018,6,0,0,0.0,0,0,216661
48602,2018,7,0,0,0.0,0,0,216661
48603,2018,10,0,0,0.0,0,0,216661
49053,2017,1,3,6489,6489.0,0,0,105214
49065,2018,9,3,5778,5778.0,343,62,409051
49109,2017,1,3,6636,6636.0,0,0,131047
49111,2017,1,3,2877,2877.0,0,0,131257
49125,2017,1,3,4101,4101.0,0,0,138737
49146,2017,1,3,7107,7107.0,0,0,145988
49158,2017,1,3,4221,4221.0,0,0,155118
49184,2017,1,3,7473,7473.0,0,0,169129
49203,2017,1,3,2097,2097.0,0,0,181082
49245,2017,1,3,4044,4044.0,0,0,206890
49247,2017,1,3,6864,6864.0,0,0,207001
49251,2017,1,3,2895,2895.0,0,0,210498
49300,2017,1,3,6204,6204.0,0,0,236593
49301,2017,1,3,2400,2400.0,0,0,237274
49344,2017,1,3,1608,1608.0,0,0,261964
49390,2017,1,3,2244,2244.0,0,0,295412
49394,2017,1,3,3501,3501.0,0,0,297702
49408,2017,8,3,4521,4521.0,0,0,108896
49413,2017,1,3,3408,3408.0,0,0,310965
49417,2017,11,3,4137,4137.0,0,0,108896
49429,2017,1,3,7410,7410.0,0,0,317888
49431,2017,1,3,2427,2427.0,0,0,318654
49449,2017,1,3,7152,7152.0,0,0,329826
49479,2017,1,3,3672,3672.0,0,0,342407
49498,2017,1,3,1797,1797.0,0,0,350692
49503,2017,1,3,2175,2175.0,0,0,354464
49565,2017,1,3,5256,5256.0,0,0,386790
49584,2017,1,3,4569,4569.0,0,0,397817
49602,2017,1,3,5472,5472.0,0,0,407411
49612,2017,1,3,6054,6054.0,0,0,413185
49632,2017,1,3,6486,6486.0,0,0,421923
49638,2017,1,3,3759,3759.0,0,0,424540
49660,2017,1,3,1983,1983.0,0,0,432493
49685,2017,1,3,1710,1710.0,0,0,444092
49730,2017,1,3,6504,6504.0,0,0,461199
49732,2017,1,3,4407,4407.0,0,0,462663
49755,2017,1,3,7260,7260.0,0,0,478050
49772,2017,1,3,5457,5457.0,0,0,485795
49797,2017,1,3,4182,4182.0,0,0,494885
49808,2017,1,3,2244,2244.0,0,0,500022
49819,2017,1,3,3963,3963.0,0,0,504860
49828,2017,1,3,7398,7398.0,0,0,509513
49830,2017,1,3,2997,2997.0,0,0,511053
49831,2017,1,3,5571,5571.0,0,0,511472
49834,2017,1,3,3021,3021.0,0,0,512471
49858,2017,1,3,3891,3891.0,0,0,527194
49862,2017,1,3,3270,3270.0,0,0,528693
49904,2017,1,3,3783,3783.0,0,0,549862
49926,2017,1,3,6003,6003.0,0,0,561481
49934,2017,1,3,2052,2052.0,0,0,566182
49941,2017,1,3,4737,4737.0,0,0,572811
49964,2017,1,3,6537,6537.0,0,0,582690
49983,2017,1,3,1920,1920.0,0,0,595323
49995,2017,1,3,4119,4119.0,0,0,600785
50012,2017,1,3,5154,5154.0,0,0,608517
50037,2017,1,3,6393,6393.0,0,0,617960
50050,2017,1,3,5355,5355.0,0,0,625033
50052,2017,1,3,5169,5169.0,0,0,625434
50056,2017,1,3,2859,2859.0,0,0,627489
50066,2017,1,3,5505,5505.0,0,0,632097
50075,2017,1,3,7383,7383.0,0,0,636505
50103,2017,1,3,2112,2112.0,0,0,650445
50108,2017,1,3,3828,3828.0,0,0,652816
50114,2017,1,3,6792,6792.0,0,0,656942
50143,2017,1,3,6060,6060.0,0,0,671803
50164,2017,1,3,7017,7017.0,0,0,683126
50194,2017,1,3,4884,4884.0,0,0,694942
50196,2017,1,3,3987,3987.0,0,0,695878
50221,2017,1,3,3909,3909.0,0,0,708020
50268,2017,1,3,5556,5556.0,0,0,731510
50273,2017,10,3,3432,3432.0,358,64,287266
50317,2017,1,3,3669,3669.0,0,0,750649
50327,2017,1,3,5406,5406.0,0,0,753473
50332,2017,1,3,1959,1959.0,0,0,756791
50341,2017,1,3,5574,5574.0,344,62,738459
50351,2017,1,3,1842,1842.0,0,0,769623
50371,2017,1,3,2982,2982.0,0,0,787548
50376,2017,1,3,3645,3645.0,0,0,789573
50383,2017,1,3,2940,2940.0,0,0,793178
50412,2017,1,3,6630,6630.0,0,0,808353
50426,2017,1,3,7338,7338.0,0,0,817456
50427,2017,1,3,3882,3882.0,0,0,817851
50433,2017,1,3,5388,5388.0,0,0,820454
50448,2017,1,3,5286,5286.0,0,0,828232
50463,2017,1,3,3951,3951.0,0,0,834799
50489,2017,1,3,4782,4782.0,0,0,846291
50497,2017,1,3,3024,3024.0,0,0,851421
50519,2017,1,3,6603,6603.0,0,0,860602
50524,2017,1,3,2838,2838.0,0,0,863349
50556,2017,1,3,6612,6612.0,0,0,881198
50558,2017,1,3,6204,6204.0,0,0,882718
50580,2017,1,3,2148,2148.0,0,0,894620
50596,2017,1,3,3789,3789.0,0,0,900460
50605,2017,1,3,4782,4782.0,0,0,905909
50627,2017,1,3,5592,5592.0,0,0,916713
50629,2017,1,3,5382,5382.0,0,0,917610
50635,2017,1,3,1821,1821.0,0,0,920162
50637,2017,1,3,5145,5145.0,0,0,922188
50660,2017,1,3,7020,7020.0,0,0,931183
50665,2017,1,3,2337,2337.0,0,0,933968
50676,2017,1,3,2325,2325.0,0,0,937645
50688,2017,1,3,2298,2298.0,0,0,944506
50698,2017,1,3,2715,2715.0,0,0,950336
50787,2017,1,3,3774,3774.0,0,0,991568
50790,2017,1,3,7308,7308.0,0,0,992886
50794,2017,1,3,7305,7305.0,0,0,994377
50799,2017,1,3,5316,5316.0,0,0,996686
50806,2017,1,3,3537,3537.0,0,0,999631
50816,2017,7,3,2838,2838.0,486,87,817851
50823,2017,2,3,5106,5106.0,0,0,106592
50849,2017,2,3,3495,3495.0,0,0,115633
50858,2017,2,3,2283,2283.0,0,0,121183
50868,2017,2,3,6066,6066.0,0,0,128789
50879,2017,2,3,5970,5970.0,0,0,134273
50884,2017,2,3,5529,5529.0,0,0,136516
50888,2017,2,3,6648,6648.0,0,0,138565
50901,2017,2,3,2985,2985.0,0,0,147700
50920,2017,4,3,4803,4803.0,341,61,485795
50929,2017,2,3,6273,6273.0,0,0,163608
50933,2018,9,3,6399,6399.0,426,77,735263
50934,2017,2,3,2439,2439.0,0,0,165742
50935,2017,2,3,5655,5655.0,0,0,166037
50943,2017,2,3,5601,5601.0,0,0,169247
51011,2017,2,3,6771,6771.0,0,0,202358
51032,2017,2,3,3057,3057.0,0,0,210498
51047,2017,2,3,6342,6342.0,0,0,218917
51096,2017,2,3,6084,6084.0,0,0,247471
51097,2017,2,3,5511,5511.0,0,0,247645
51143,2017,2,3,6054,6054.0,0,0,270730
51152,2017,2,3,4218,4218.0,0,0,274141
51156,2017,2,3,7473,7473.0,0,0,276650
51171,2017,2,3,1779,1779.0,0,0,282259
51175,2017,2,3,1542,1542.0,0,0,283980
51220,2017,2,3,6306,6306.0,0,0,310965
51240,2017,2,3,6489,6489.0,0,0,318264
51269,2017,2,3,6243,6243.0,0,0,329302
51275,2017,2,3,6258,6258.0,0,0,330464
51284,2017,2,3,5736,5736.0,0,0,336341
51295,2017,2,3,3393,3393.0,0,0,342527
51373,2017,2,3,2166,2166.0,0,0,379120
51417,2017,2,3,5547,5547.0,0,0,405928
51450,2017,2,3,2817,2817.0,0,0,421001
51451,2017,2,3,3714,3714.0,0,0,421191
51456,2017,2,3,3969,3969.0,0,0,421923
51464,2017,2,3,5064,5064.0,0,0,424540
51467,2017,2,3,4044,4044.0,0,0,425445
51532,2017,2,3,7350,7350.0,0,0,454440
51546,2017,2,3,6534,6534.0,0,0,457716
51591,2017,8,3,5433,5433.0,504,91,318654
51635,2017,2,3,2334,2334.0,0,0,499128
51660,2017,2,3,6435,6435.0,0,0,516995
51678,2018,10,3,3396,3396.0,400,72,583718
51691,2017,2,3,3060,3060.0,0,0,528229
51693,2017,2,3,7170,7170.0,0,0,528693
51695,2017,2,3,5682,5682.0,0,0,530508
51710,2017,2,3,6531,6531.0,0,0,537387
51737,2017,2,3,5934,5934.0,0,0,549862
51748,2017,2,3,3747,3747.0,0,0,554442
51757,2017,2,3,1989,1989.0,0,0,559388
51814,2017,2,3,3831,3831.0,0,0,587378
51842,2017,2,3,3624,3624.0,0,0,603775
51851,2017,2,3,4299,4299.0,0,0,607662
51870,2017,2,3,6501,6501.0,0,0,617099
51872,2017,2,3,1998,1998.0,0,0,617296
51894,2017,2,3,2070,2070.0,0,0,625434
51898,2017,2,3,6288,6288.0,0,0,627489
51910,2017,2,3,7002,7002.0,0,0,632097
51948,2017,2,3,4527,4527.0,0,0,650445
51966,2017,2,3,5868,5868.0,0,0,660197
51971,2017,2,3,7029,7029.0,0,0,661744
51975,2017,6,3,6813,6813.0,0,0,159486
51977,2017,9,3,2889,2889.0,0,0,159486
51980,2017,2,3,3405,3405.0,0,0,667262
51989,2017,2,3,2502,2502.0,0,0,671534
52014,2017,2,3,6975,6975.0,0,0,684155
52024,2017,2,3,2406,2406.0,0,0,687463
52038,2017,2,3,5199,5199.0,0,0,695878
52073,2017,2,3,3498,3498.0,0,0,717459
52111,2017,2,3,5700,5700.0,0,0,734226
52136,2017,2,3,2016,2016.0,0,0,746536
52153,2017,2,3,3870,3870.0,0,0,756791
52160,2017,2,3,5904,5904.0,0,0,762272
52171,2017,2,3,2259,2259.0,0,0,769623
52186,2018,10,3,4512,4512.0,402,72,702284
52191,2017,2,3,5649,5649.0,0,0,776736
52196,2017,11,3,3585,3585.0,383,69,583718
52210,2017,2,3,1932,1932.0,0,0,787548
52218,2017,2,3,3924,3924.0,0,0,791809
52238,2017,2,3,4248,4248.0,0,0,799781
52284,2017,2,3,4914,4914.0,0,0,828232
52292,2017,2,3,5115,5115.0,0,0,830385
52295,2017,2,3,3909,3909.0,0,0,830811
52351,2017,2,3,4974,4974.0,0,0,854902
52363,2017,2,3,3120,3120.0,0,0,860684
52394,2017,2,3,1749,1749.0,0,0,881198
52418,2017,2,3,3360,3360.0,0,0,892219
52422,2017,2,3,3336,3336.0,0,0,893266
52429,2017,2,3,6927,6927.0,0,0,895185
52444,2018,1,3,7098,7098.0,358,64,300870
52468,2017,2,3,4254,4254.0,0,0,917610
52469,2017,2,3,4701,4701.0,0,0,917630
52478,2017,2,3,2871,2871.0,0,0,922786
52548,2017,2,3,3309,3309.0,0,0,957764
52565,2017,2,3,6711,6711.0,0,0,968034
52598,2017,2,3,7077,7077.0,0,0,979776
52603,2017,2,3,2031,2031.0,0,0,983822
52616,2017,2,3,3570,3570.0,0,0,991230
52642,2017,3,3,1692,1692.0,0,0,106037
52646,2017,3,3,6600,6600.0,0,0,109495
52661,2017,9,3,7116,7116.0,396,71,426124
52669,2017,3,3,6669,6669.0,0,0,120613
52687,2017,3,3,6384,6384.0,0,0,130208
52696,2017,3,3,2694,2694.0,0,0,134273
52699,2017,3,3,4560,4560.0,0,0,135421
52714,2017,3,3,1857,1857.0,0,0,146028
52717,2017,3,3,3507,3507.0,0,0,147700
52722,2017,3,3,2802,2802.0,0,0,155118
52730,2017,3,3,4503,4503.0,0,0,164034
52750,2017,3,3,5508,5508.0,0,0,181082
52767,2017,11,3,1758,1758.0,328,59,659536
52776,2017,3,3,7446,7446.0,0,0,197086
52789,2018,8,3,6750,6750.0,435,78,286551
52790,2017,3,3,6858,6858.0,0,0,202696
52795,2017,3,3,2568,2568.0,0,0,206890
52805,2017,3,3,7065,7065.0,0,0,210755
52823,2017,3,3,5694,5694.0,0,0,220822
52846,2017,3,3,6192,6192.0,0,0,237274
52864,2017,3,3,1620,1620.0,0,0,244308
52898,2017,3,3,6216,6216.0,0,0,261964
52911,2017,3,3,6924,6924.0,0,0,274141
52932,2017,3,3,3705,3705.0,0,0,283980
52967,2017,9,3,6174,6174.0,359,65,650621
53002,2017,3,3,2820,2820.0,0,0,317776
53003,2017,3,3,6648,6648.0,0,0,317888
53004,2017,3,3,3897,3897.0,0,0,318654
53011,2017,3,3,4641,4641.0,0,0,323720
53017,2017,9,3,5790,5790.0,410,74,999631
53025,2017,3,3,4329,4329.0,0,0,329302
53029,2017,3,3,5604,5604.0,0,0,330464
53054,2017,3,3,2316,2316.0,0,0,342929
53066,2017,3,3,4212,4212.0,0,0,352490
53070,2017,3,3,4548,4548.0,0,0,354464
53124,2017,3,3,6939,6939.0,0,0,392619
53232,2017,3,3,5547,5547.0,0,0,447962
53251,2017,3,3,5817,5817.0,0,0,467945
53268,2017,3,3,7269,7269.0,0,0,478050
53271,2017,3,3,5430,5430.0,0,0,480909
53272,2017,3,3,7041,7041.0,0,0,481293
53341,2017,3,3,1965,1965.0,0,0,528229
53376,2018,10,3,4830,4830.0,0,0,189854
53378,2017,3,3,5802,5802.0,0,0,552328
53384,2017,2,3,3828,3828.0,0,0,190149
53412,2017,3,3,3174,3174.0,0,0,568880
53435,2017,3,3,1536,1536.0,0,0,581661
53452,2017,3,3,2103,2103.0,0,0,590514
53487,2017,3,3,3729,3729.0,0,0,612510
53490,2018,10,3,3039,3039.0,438,79,892797
53494,2017,3,3,7227,7227.0,0,0,617296
53511,2017,12,3,7206,7206.0,452,81,918053
53535,2017,3,3,2475,2475.0,0,0,638495
53538,2017,3,3,2307,2307.0,0,0,640244
53567,2017,3,3,5721,5721.0,0,0,656942
53572,2017,7,3,3939,3939.0,615,111,923234
53587,2017,3,3,2775,2775.0,0,0,672893
53627,2017,3,3,4944,4944.0,0,0,695878
53635,2018,5,3,5421,5421.0,373,67,568880
53653,2017,3,3,3387,3387.0,0,0,708343
53674,2017,3,3,6513,6513.0,0,0,717632
53678,2017,3,3,5961,5961.0,0,0,721688
53708,2017,3,3,7011,7011.0,0,0,742281
53736,2017,3,3,2178,2178.0,0,0,755374
53738,2017,3,3,1512,1512.0,0,0,756515
53762,2017,3,3,2385,2385.0,0,0,770968
53796,2017,3,3,7344,7344.0,0,0,790178
53806,2017,3,3,4974,4974.0,0,0,795230
53846,2017,3,3,5613,5613.0,0,0,822696
53895,2017,3,3,4890,4890.0,0,0,851986
53902,2017,3,3,3156,3156.0,0,0,854902
53909,2017,3,3,6858,6858.0,0,0,860602
53910,2017,3,3,2382,2382.0,0,0,860684
53925,2017,3,3,1983,1983.0,0,0,874614
53951,2017,3,3,1863,1863.0,0,0,892797
53970,2017,3,3,2985,2985.0,0,0,903209
53973,2017,3,3,5931,5931.0,0,0,903797
53976,2017,3,3,2814,2814.0,0,0,905909
53977,2017,3,3,7488,7488.0,0,0,906615
54011,2017,3,3,2676,2676.0,0,0,920162
54017,2017,3,3,6009,6009.0,0,0,923234
54022,2017,3,3,5868,5868.0,0,0,925385
54040,2017,3,3,6891,6891.0,0,0,936273
54046,2017,1,3,5427,5427.0,332,60,342929
54065,2017,3,3,1542,1542.0,0,0,953693
54076,2017,3,3,7392,7392.0,0,0,957764
54092,2017,3,3,6336,6336.0,0,0,967883
54102,2017,3,3,7056,7056.0,0,0,971107
54113,2017,3,3,5559,5559.0,0,0,973728
54151,2017,3,3,3258,3258.0,0,0,997189
54169,2017,10,3,5952,5952.0,397,71,139863
54173,2017,4,3,4638,4638.0,0,0,109495
54190,2017,4,3,5322,5322.0,0,0,120583
54208,2018,12,3,3945,3945.0,532,96,948325
54209,2017,4,3,7158,7158.0,0,0,130208
54213,2017,4,3,5697,5697.0,0,0,131047
54220,2017,4,3,3114,3114.0,0,0,135421
54256,2017,2,3,5082,5082.0,408,73,745811
54265,2018,10,3,1665,1665.0,460,83,578811
54309,2017,4,3,3849,3849.0,0,0,185774
54311,2017,4,3,3930,3930.0,0,0,186593
54327,2018,7,3,3318,3318.0,592,107,990918
54347,2017,4,3,4668,4668.0,0,0,202696
54351,2017,4,3,5832,5832.0,0,0,204343
54355,2017,4,3,3399,3399.0,0,0,206890
54390,2017,4,3,3963,3963.0,0,0,228673
54405,2017,4,3,6750,6750.0,0,0,237434
54410,2017,4,3,2319,2319.0,0,0,240476
54422,2017,4,3,7131,7131.0,0,0,248593
54434,2017,4,3,2430,2430.0,0,0,254860
54450,2017,4,3,4272,4272.0,0,0,261964
54455,2017,4,3,5223,5223.0,0,0,263127
54459,2017,4,3,2952,2952.0,0,0,265557
54504,2017,4,3,4308,4308.0,0,0,297702
54514,2017,4,3,1836,1836.0,0,0,300870
54538,2017,4,3,5130,5130.0,0,0,309364
54562,2017,4,3,3003,3003.0,0,0,219276
54563,2017,5,3,7479,7479.0,0,0,219276
54569,2017,7,3,3099,3099.0,0,0,219276
54573,2017,9,3,1704,1704.0,0,0,219276
54579,2017,4,3,1866,1866.0,0,0,337453
54585,2018,2,3,5433,5433.0,386,69,392802
54602,2018,2,3,6489,6489.0,0,0,219276
54659,2018,2,3,5820,5820.0,297,53,790450
54662,2017,4,3,4428,4428.0,0,0,379238
54678,2017,4,3,7068,7068.0,0,0,384328
54690,2017,4,3,5964,5964.0,0,0,392802
54710,2017,4,3,6510,6510.0,0,0,402964
54711,2018,7,3,6354,6354.0,445,80,212477
54728,2017,4,3,3855,3855.0,0,0,412402
54740,2017,4,3,1524,1524.0,0,0,419749
54752,2017,4,3,5322,5322.0,0,0,425445
54793,2017,4,3,5850,5850.0,0,0,444894
54799,2017,8,3,2766,2766.0,625,113,233969
54845,2017,4,3,2439,2439.0,0,0,467945
54865,2017,4,3,7419,7419.0,0,0,481293
54885,2017,4,3,7314,7314.0,0,0,496357
54899,2018,10,3,2199,2199.0,486,87,270730
54919,2017,4,3,3669,3669.0,0,0,513246
54947,2017,4,3,3375,3375.0,0,0,528331
54948,2017,4,3,5349,5349.0,0,0,528693
54999,2017,4,3,4875,4875.0,0,0,559388
55011,2017,4,3,6462,6462.0,0,0,567070
55021,2017,4,3,2835,2835.0,0,0,572811
55026,2017,1,3,4269,4269.0,391,70,442014
55042,2017,4,3,3132,3132.0,0,0,581999
55043,2017,4,3,6387,6387.0,0,0,582690
55058,2017,4,3,6006,6006.0,0,0,587800
55089,2017,4,3,7224,7224.0,0,0,608517
55093,2017,2,3,2136,2136.0,332,60,455941
55126,2017,4,3,6879,6879.0,0,0,628431
55154,2017,12,3,3651,3651.0,557,100,966391
55176,2017,4,3,1803,1803.0,0,0,659536
55187,2017,4,3,4269,4269.0,0,0,665024
55256,2017,4,3,3018,3018.0,0,0,706820
55260,2017,4,3,3792,3792.0,0,0,708343
55284,2017,4,3,3210,3210.0,0,0,719383
55297,2017,4,3,3393,3393.0,0,0,726139
55316,2018,1,3,6471,6471.0,341,61,406254
55330,2017,4,3,6015,6015.0,0,0,744528
55343,2017,4,3,2181,2181.0,0,0,756515
55350,2017,4,3,6663,6663.0,0,0,762355
55367,2018,2,3,6069,6069.0,318,57,345908
55369,2017,4,3,7404,7404.0,0,0,771035
55425,2017,4,3,6528,6528.0,0,0,802425
55468,2017,4,3,6618,6618.0,0,0,830385
55485,2017,4,3,3279,3279.0,0,0,838634
55519,2017,4,3,6225,6225.0,0,0,854902
55524,2017,4,3,4881,4881.0,0,0,857814
55530,2018,11,3,6501,6501.0,377,68,708020
55537,2017,4,3,4635,4635.0,0,0,863432
55548,2017,4,3,5874,5874.0,0,0,867446
55562,2017,2,3,3930,3930.0,0,0,245440
55567,2017,4,3,2352,2352.0,0,0,879177
55581,2017,4,3,6624,6624.0,0,0,886439
55590,2017,4,3,6249,6249.0,0,0,893863
55592,2017,4,3,3870,3870.0,0,0,895185
55608,2017,4,3,5289,5289.0,0,0,901819
55640,2017,4,3,2481,2481.0,0,0,920162
55646,2017,4,3,3513,3513.0,0,0,922786
55650,2017,4,3,7170,7170.0,0,0,924793
55651,2018,4,3,1899,1899.0,355,64,970746
55657,2017,4,3,4308,4308.0,0,0,931183
55695,2017,4,3,1701,1701.0,0,0,952955
55697,2017,4,3,1548,1548.0,0,0,953693
55738,2017,4,3,7053,7053.0,0,0,979644
55771,2017,4,3,7005,7005.0,0,0,999631
55784,2018,9,3,1512,1512.0,498,90,425445
55791,2017,5,3,6768,6768.0,0,0,106592
55798,2017,5,3,4851,4851.0,0,0,109495
55812,2017,5,3,5280,5280.0,0,0,115633
55821,2017,5,3,2901,2901.0,0,0,120583
55842,2017,5,3,6531,6531.0,0,0,136516
55864,2017,5,3,4713,4713.0,0,0,153884
55879,2017,5,3,3285,3285.0,0,0,165443
55883,2017,5,3,2091,2091.0,0,0,168843
55894,2017,5,3,4290,4290.0,0,0,175249
55903,2018,2,3,2286,2286.0,387,70,210755
55917,2017,5,3,5988,5988.0,0,0,185013
55922,2017,3,3,3810,3810.0,412,74,939485
55950,2017,5,3,6966,6966.0,0,0,204343
55951,2017,5,3,5622,5622.0,0,0,204484
55984,2017,5,3,7386,7386.0,0,0,218917
56006,2017,5,3,2760,2760.0,0,0,237434
56052,2017,5,3,6252,6252.0,0,0,270730
56060,2017,5,3,2064,2064.0,0,0,273984
56086,2017,5,3,1569,1569.0,0,0,287266
56093,2017,9,3,4695,4695.0,340,61,402052
56139,2017,5,3,6828,6828.0,0,0,321027
56143,2017,5,3,7083,7083.0,0,0,325367
56168,2017,5,3,4227,4227.0,0,0,342407
56169,2017,5,3,3588,3588.0,0,0,342527
56181,2017,2,3,7464,7464.0,449,81,413185
56186,2017,5,3,5286,5286.0,0,0,353128
56199,2017,6,3,6696,6696.0,440,79,147700
56202,2017,5,3,3672,3672.0,0,0,360902
56211,2017,5,3,5316,5316.0,0,0,365451
56276,2017,5,3,5361,5361.0,0,0,405928
56327,2017,5,3,4062,4062.0,0,0,429308
56335,2017,5,3,2823,2823.0,0,0,432493
56346,2017,5,3,3819,3819.0,0,0,438263
56357,2017,5,3,1617,1617.0,0,0,442014
56362,2017,5,3,5703,5703.0,0,0,444092
56369,2017,5,3,6930,6930.0,0,0,448142
56399,2018,6,3,2670,2670.0,631,114,504311
56403,2017,5,3,3135,3135.0,0,0,472787
56445,2017,5,3,7131,7131.0,0,0,502012
56452,2017,5,3,4329,4329.0,0,0,507005
56500,2017,3,3,2769,2769.0,452,81,263612
56502,2017,4,3,6921,6921.0,0,0,263612
56531,2017,5,3,2298,2298.0,0,0,546665
56547,2017,5,3,4218,4218.0,0,0,557458
56586,2017,5,3,3351,3351.0,0,0,579581
56618,2017,5,3,6780,6780.0,0,0,596390
56644,2017,5,3,6585,6585.0,0,0,607662
56651,2017,5,3,3555,3555.0,0,0,608517
56659,2017,5,3,1557,1557.0,0,0,614810
56662,2017,5,3,4017,4017.0,0,0,617296
56680,2017,5,3,4953,4953.0,0,0,628017
56684,2017,5,3,5574,5574.0,0,0,628431
56706,2017,5,3,5793,5793.0,0,0,640244
56711,2017,5,3,4515,4515.0,0,0,644630
56742,2017,5,3,2343,2343.0,0,0,660197
56746,2017,5,3,3585,3585.0,0,0,661054
56774,2017,5,3,5283,5283.0,0,0,672893
56781,2017,5,3,5400,5400.0,0,0,676669
56808,2017,5,3,3417,3417.0,0,0,684155
56815,2017,5,3,3540,3540.0,0,0,687463
56828,2017,5,3,4980,4980.0,0,0,693295
56832,2017,5,3,2106,2106.0,0,0,696096
56834,2017,5,3,1575,1575.0,0,0,697272
56856,2017,5,3,7083,7083.0,0,0,709415
56957,2017,5,3,6669,6669.0,0,0,769623
56958,2017,4,3,4026,4026.0,374,67,321027
56968,2017,5,3,3876,3876.0,0,0,776736
56969,2017,5,3,3516,3516.0,0,0,778030
56995,2017,5,3,4659,4659.0,0,0,790178
57004,2017,5,3,2667,2667.0,0,0,793178
57015,2017,4,3,6879,6879.0,418,75,810581
57061,2017,5,3,5334,5334.0,0,0,825484
57072,2017,5,3,5442,5442.0,0,0,831180
57107,2017,5,3,1647,1647.0,0,0,848632
57111,2017,5,3,1581,1581.0,0,0,851836
57115,2017,5,3,6144,6144.0,0,0,853421
57157,2017,5,3,6378,6378.0,0,0,882718
57172,2018,2,3,4773,4773.0,473,85,801821
57175,2017,5,3,5877,5877.0,0,0,894436
57189,2017,5,3,4116,4116.0,0,0,901819
57228,2017,5,3,1986,1986.0,0,0,923959
57239,2017,5,3,4488,4488.0,0,0,929728
57240,2017,5,3,6522,6522.0,0,0,929980
57251,2017,5,3,6717,6717.0,0,0,937645
57270,2017,5,3,2142,2142.0,0,0,947876
57273,2017,5,3,7413,7413.0,0,0,948662
57284,2017,5,3,4974,4974.0,0,0,953693
57327,2017,5,3,7314,7314.0,0,0,979776
57332,2017,5,3,5139,5139.0,0,0,984429
57335,2018,3,3,6780,6780.0,430,77,515981
57368,2017,6,3,3330,3330.0,0,0,102311
57401,2018,6,3,3414,3414.0,568,102,319868
57425,2017,6,3,3999,3999.0,0,0,144977
57427,2018,8,3,5007,5007.0,616,111,925385
57441,2017,6,3,6315,6315.0,0,0,164973
57442,2017,6,3,7497,7497.0,0,0,165443
57449,2017,6,3,6519,6519.0,0,0,170585
57473,2017,6,3,2691,2691.0,0,0,185013
57492,2017,8,3,2673,2673.0,472,85,337453
57500,2017,6,3,4641,4641.0,0,0,202358
57503,2017,6,3,2664,2664.0,0,0,203033
57508,2017,6,3,3987,3987.0,0,0,207001
57527,2017,5,3,1920,1920.0,548,99,276035
57553,2017,6,3,2748,2748.0,0,0,247645
57582,2017,6,3,2493,2493.0,0,0,266148
57595,2017,6,3,5511,5511.0,0,0,277091
57649,2017,6,3,6705,6705.0,0,0,317776
57650,2017,6,3,2817,2817.0,0,0,317888
57676,2017,6,3,7239,7239.0,0,0,342407
57684,2017,11,3,3540,3540.0,399,72,585978
57685,2017,6,3,3933,3933.0,0,0,352490
57691,2017,6,3,4656,4656.0,0,0,360902
57721,2017,6,3,3855,3855.0,0,0,385593
57722,2017,6,3,5157,5157.0,0,0,387523
57725,2017,3,3,2913,2913.0,0,0,299573
57740,2017,6,3,4095,4095.0,0,0,404426
57747,2017,6,3,5301,5301.0,0,0,407999
57756,2017,6,3,6951,6951.0,0,0,413185
57758,2017,6,3,3693,3693.0,0,0,414164
57764,2017,6,3,6699,6699.0,0,0,421923
57765,2017,6,3,1677,1677.0,0,0,422349
57791,2017,6,3,6585,6585.0,0,0,442014
57796,2017,6,3,6978,6978.0,0,0,444092
57824,2017,6,3,5736,5736.0,0,0,457716
57837,2017,6,3,7131,7131.0,0,0,467945
57874,2017,6,3,6966,6966.0,0,0,499128
57877,2018,2,3,6066,6066.0,330,59,713236
57882,2017,6,3,2667,2667.0,0,0,504311
57887,2018,9,3,2112,2112.0,454,82,981536
57900,2017,6,3,2469,2469.0,0,0,516995
57932,2017,6,3,3438,3438.0,0,0,537038
57957,2017,6,3,1704,1704.0,0,0,559388
57986,2017,6,3,2955,2955.0,0,0,581661
57997,2018,1,3,2973,2973.0,498,90,122545
58003,2017,6,3,3423,3423.0,0,0,595083
58005,2017,6,3,7212,7212.0,0,0,596390
58010,2017,6,3,7125,7125.0,0,0,601597
58076,2017,6,3,6597,6597.0,0,0,656942
58090,2017,6,3,4368,4368.0,0,0,668959
58095,2017,6,3,4986,4986.0,0,0,671849
58099,2017,6,3,4920,4920.0,0,0,672893
58128,2017,6,3,7176,7176.0,0,0,695342
58138,2018,7,3,6282,6282.0,550,99,583718
58180,2017,6,3,4800,4800.0,0,0,734226
58193,2017,6,3,4500,4500.0,0,0,744567
58197,2017,6,3,6294,6294.0,0,0,747926
58215,2017,6,3,2223,2223.0,0,0,762272
58228,2017,6,3,3153,3153.0,0,0,768072
58229,2017,10,3,4857,4857.0,451,81,565171
58262,2017,6,3,1887,1887.0,0,0,789892
58313,2017,11,3,6708,6708.0,473,85,345615
58314,2017,6,3,6864,6864.0,0,0,832597
58348,2017,6,3,6432,6432.0,0,0,852323
58395,2017,6,3,4389,4389.0,0,0,893863
58439,2017,6,3,4509,4509.0,0,0,929980
58447,2017,6,3,3240,3240.0,0,0,939485
58454,2017,6,3,6480,6480.0,0,0,944750
58541,2017,7,3,5631,5631.0,0,0,102311
58628,2017,7,3,7413,7413.0,0,0,164034
58638,2017,7,3,5325,5325.0,0,0,168843
58652,2017,7,3,6519,6519.0,0,0,181082
58666,2017,7,3,5865,5865.0,0,0,188147
58673,2017,7,3,1806,1806.0,0,0,193775
58692,2017,7,3,2079,2079.0,0,0,207001
58711,2017,7,3,2697,2697.0,0,0,225746
58714,2017,7,3,3441,3441.0,0,0,227804
58719,2017,7,3,5517,5517.0,0,0,233969
58759,2017,7,3,2388,2388.0,0,0,261964
58762,2017,7,3,3858,3858.0,0,0,263127
58782,2017,4,3,4092,4092.0,413,74,343425
58788,2017,7,3,3492,3492.0,0,0,280828
58829,2017,7,3,3006,3006.0,0,0,311946
58851,2018,3,3,1764,1764.0,598,108,935570
58862,2017,7,3,6861,6861.0,0,0,337983
58890,2017,7,3,3213,3213.0,0,0,352490
58928,2017,7,3,3228,3228.0,0,0,375540
58932,2017,7,3,2598,2598.0,0,0,376618
58948,2018,11,3,4527,4527.0,413,74,325367
58964,2017,12,3,6819,6819.0,411,74,345908
58974,2017,9,3,4836,4836.0,405,73,338285
58988,2017,7,3,3318,3318.0,0,0,412402
58990,2017,7,3,2274,2274.0,0,0,412995
58993,2017,7,3,3267,3267.0,0,0,414164
59036,2017,7,3,4665,4665.0,0,0,447962
59054,2017,7,3,5727,5727.0,0,0,459948
59080,2017,7,3,7422,7422.0,0,0,478666
59083,2017,7,3,1833,1833.0,0,0,480909
59086,2017,7,3,3300,3300.0,0,0,483768
59087,2018,9,3,6879,6879.0,409,74,742281
59091,2017,7,3,3975,3975.0,0,0,485933
59119,2017,7,3,6687,6687.0,0,0,505522
59121,2017,7,3,6393,6393.0,0,0,507005
59132,2017,7,3,6732,6732.0,0,0,513246
59167,2017,7,3,3432,3432.0,0,0,537990
59184,2017,7,3,2289,2289.0,0,0,546665
59192,2017,7,3,3645,3645.0,0,0,549982
59216,2018,11,3,7440,7440.0,534,96,762355
59223,2017,7,3,2037,2037.0,0,0,567070
59232,2017,7,3,5097,5097.0,0,0,573332
59260,2017,7,3,2574,2574.0,0,0,590514
59269,2017,7,3,6339,6339.0,0,0,595323
59295,2017,7,3,1506,1506.0,0,0,612510
59299,2017,4,3,2388,2388.0,0,0,358054
59314,2017,7,3,6081,6081.0,0,0,632097
59329,2017,7,3,2244,2244.0,0,0,645081
59338,2018,3,3,5049,5049.0,438,79,210498
59342,2017,7,3,4611,4611.0,0,0,656572
59348,2017,7,3,3564,3564.0,0,0,660436
59350,2017,7,3,1746,1746.0,0,0,661744
59371,2017,7,3,2568,2568.0,0,0,672308
59413,2017,7,3,4521,4521.0,0,0,694942
59473,2017,7,3,2559,2559.0,0,0,744612
59497,2017,7,3,5973,5973.0,0,0,765293
59519,2017,7,3,5001,5001.0,0,0,774321
59528,2017,7,3,5880,5880.0,0,0,781062
59545,2017,7,3,6342,6342.0,0,0,789573
59567,2018,11,3,1719,1719.0,526,95,237434
59571,2018,10,3,5826,5826.0,554,100,135977
59574,2017,7,3,2994,2994.0,0,0,810581
59577,2017,7,3,5169,5169.0,0,0,812894
59586,2017,7,3,6816,6816.0,0,0,820542
59602,2017,7,3,4947,4947.0,0,0,829861
59603,2018,11,3,1857,1857.0,312,56,959453
59637,2017,7,3,3192,3192.0,0,0,851836
59641,2017,7,3,3798,3798.0,0,0,853421
59654,2017,7,3,4206,4206.0,0,0,863349
59684,2017,7,3,5841,5841.0,0,0,892219
59701,2017,7,3,6429,6429.0,0,0,908120
59709,2017,7,3,5622,5622.0,0,0,918053
59716,2017,7,3,2418,2418.0,0,0,922000
59731,2017,11,3,6558,6558.0,459,83,424540
59732,2017,7,3,5274,5274.0,0,0,936273
59755,2017,7,3,6543,6543.0,0,0,947876
59779,2017,7,3,6570,6570.0,0,0,968034
59789,2017,12,3,6060,6060.0,474,85,487605
59790,2017,7,3,2688,2688.0,0,0,973728
59808,2017,7,3,3150,3150.0,0,0,982296
59821,2017,7,3,5436,5436.0,0,0,997439
59845,2017,8,3,4017,4017.0,0,0,106037
59847,2017,8,3,1971,1971.0,0,0,106592
59851,2017,8,3,2847,2847.0,0,0,107571
59868,2017,8,3,3093,3093.0,0,0,120583
59883,2017,8,3,4962,4962.0,0,0,128789
59888,2017,8,3,5049,5049.0,0,0,131047
59901,2017,8,3,2127,2127.0,0,0,137850
59918,2017,8,3,3453,3453.0,0,0,145988
59919,2017,8,3,1845,1845.0,0,0,146028
59968,2017,8,3,4020,4020.0,0,0,169129
59985,2017,8,3,1791,1791.0,0,0,181082
59993,2017,8,3,1851,1851.0,0,0,185774
60023,2017,8,3,5805,5805.0,0,0,203033
60033,2017,8,3,4137,4137.0,0,0,207576
60074,2017,8,3,3240,3240.0,0,0,236767
60083,2018,5,3,3321,3321.0,598,108,991230
60087,2017,8,3,7374,7374.0,0,0,246187
60094,2017,8,3,6840,6840.0,0,0,248593
60107,2018,11,3,6255,6255.0,395,71,861330
60108,2017,8,3,3390,3390.0,0,0,259110
60115,2017,8,3,4626,4626.0,0,0,263127
60121,2017,8,3,4215,4215.0,0,0,266148
60164,2018,1,3,2952,2952.0,531,96,282259
60187,2017,8,3,4536,4536.0,0,0,311946
60202,2017,8,3,3273,3273.0,0,0,319868
60210,2017,8,3,3477,3477.0,0,0,325367
60228,2017,8,3,6300,6300.0,0,0,330464
60253,2017,8,3,5352,5352.0,0,0,342407
60304,2017,8,3,4869,4869.0,0,0,375540
60305,2017,8,3,2637,2637.0,0,0,376618
60311,2017,8,3,4158,4158.0,0,0,379120
60330,2017,8,3,6132,6132.0,0,0,386790
60372,2017,8,3,3711,3711.0,0,0,409051
60384,2017,8,3,3006,3006.0,0,0,412995
60389,2017,8,3,2058,2058.0,0,0,415402
60402,2017,8,3,6735,6735.0,0,0,420515
60412,2017,8,3,3744,3744.0,0,0,424540
60431,2017,1,3,7485,7485.0,534,96,677704
60498,2018,5,3,7347,7347.0,410,74,760061
60507,2017,8,3,2964,2964.0,0,0,485933
60514,2017,8,3,5397,5397.0,0,0,489842
60540,2017,8,3,6288,6288.0,0,0,504260
60541,2017,8,3,7311,7311.0,0,0,504311
60547,2017,8,3,6864,6864.0,0,0,508115
60555,2017,8,3,5562,5562.0,0,0,512471
60566,2017,8,3,6024,6024.0,0,0,518236
60579,2017,8,3,6039,6039.0,0,0,525548
60612,2017,8,3,1704,1704.0,0,0,542893
60663,2017,8,3,4917,4917.0,0,0,565171
60665,2017,3,3,5961,5961.0,568,102,537387
60691,2017,8,3,6921,6921.0,0,0,578811
60693,2017,8,3,4539,4539.0,0,0,579424
60711,2017,8,3,7251,7251.0,0,0,595323
60720,2017,8,3,2586,2586.0,0,0,603775
60740,2017,8,3,6108,6108.0,0,0,615214
60744,2018,3,3,4497,4497.0,479,86,817851
60799,2017,8,3,2871,2871.0,0,0,652816
60819,2017,8,3,3702,3702.0,0,0,661744
60821,2017,8,3,5724,5724.0,0,0,662164
60857,2017,8,3,2058,2058.0,0,0,687463
60881,2017,8,3,2496,2496.0,0,0,702542
60884,2017,8,3,2277,2277.0,0,0,704270
60899,2017,8,3,2997,2997.0,0,0,713236
60907,2017,8,3,6555,6555.0,0,0,717632
60923,2017,8,3,4836,4836.0,0,0,726139
60935,2017,8,3,7020,7020.0,0,0,734226
60975,2017,8,3,4008,4008.0,0,0,755374
60977,2017,8,3,2754,2754.0,0,0,756515
60978,2017,8,3,5991,5991.0,0,0,756867
60986,2017,8,3,7230,7230.0,0,0,760061
60990,2017,8,3,1755,1755.0,0,0,762355
61004,2017,8,3,3660,3660.0,0,0,768072
61009,2018,2,3,5775,5775.0,521,94,182785
61011,2018,4,3,4356,4356.0,582,105,319664
61043,2017,10,3,6102,6102.0,623,112,227804
61046,2017,8,3,3468,3468.0,0,0,791809
61064,2017,8,3,5976,5976.0,0,0,800433
61081,2017,8,3,7230,7230.0,0,0,807211
61112,2017,8,3,6879,6879.0,0,0,822765
61129,2017,8,3,1662,1662.0,0,0,828232
61146,2017,8,3,3615,3615.0,0,0,833998
61166,2018,2,3,6327,6327.0,507,91,946001
61205,2017,8,3,3207,3207.0,0,0,861700
61269,2017,8,3,4365,4365.0,0,0,894620
61292,2017,8,3,2877,2877.0,583,105,660436
61300,2017,8,3,5799,5799.0,0,0,916713
61301,2017,8,3,2028,2028.0,0,0,918053
61312,2017,8,3,6012,6012.0,0,0,922000
61329,2017,5,3,2349,2349.0,0,0,401424
61330,2017,6,3,7149,7149.0,0,0,401424
61400,2017,8,3,6795,6795.0,0,0,967883
61435,2017,8,3,5724,5724.0,0,0,984429
61490,2017,9,3,1638,1638.0,0,0,109495
61525,2017,9,3,6135,6135.0,0,0,131047
61526,2017,9,3,6786,6786.0,0,0,131257
61533,2017,9,3,3963,3963.0,0,0,135421
61552,2017,9,3,4587,4587.0,0,0,144977
61565,2017,9,3,6108,6108.0,0,0,155118
61577,2017,9,3,2373,2373.0,0,0,160135
61595,2017,9,3,1620,1620.0,0,0,168843
61623,2017,9,3,5769,5769.0,0,0,184924
61666,2017,9,3,2373,2373.0,0,0,207001
61675,2018,10,3,5220,5220.0,458,82,191917
61704,2017,2,3,7218,7218.0,410,74,561481
61708,2017,9,3,3885,3885.0,0,0,237274
61730,2017,9,3,5238,5238.0,0,0,247514
61754,2017,9,3,2448,2448.0,0,0,261964
61853,2017,1,3,7464,7464.0,332,60,409051
61861,2017,9,3,4014,4014.0,0,0,321027
61879,2017,9,3,5769,5769.0,0,0,329215
61897,2017,9,3,5043,5043.0,0,0,342527
61916,2017,9,3,1986,1986.0,0,0,352490
61919,2017,9,3,1722,1722.0,0,0,353128
61920,2018,7,3,5568,5568.0,844,152,391611
61933,2017,9,3,6030,6030.0,0,0,360902
61946,2017,3,3,1779,1779.0,0,0,423119
61962,2018,5,3,4515,4515.0,0,0,423119
61991,2017,9,3,1725,1725.0,0,0,391611
61993,2017,9,3,7230,7230.0,0,0,392619
62000,2017,9,3,2307,2307.0,0,0,397817
62015,2017,9,3,6240,6240.0,0,0,409051
62035,2017,9,3,1545,1545.0,0,0,417904
62039,2017,9,3,5100,5100.0,0,0,421001
62043,2017,9,3,2787,2787.0,0,0,425445
62093,2017,9,3,2253,2253.0,0,0,448896
62110,2017,9,3,3636,3636.0,0,0,457716
62114,2017,9,3,5361,5361.0,0,0,459948
62130,2018,8,3,1521,1521.0,499,90,237274
62183,2018,8,3,6270,6270.0,784,141,861058
62225,2017,9,3,6966,6966.0,0,0,515981
62309,2017,9,3,3144,3144.0,0,0,567070
62314,2017,9,3,5976,5976.0,0,0,568880
62322,2017,9,3,5415,5415.0,0,0,572811
62339,2018,4,3,2070,2070.0,409,74,432564
62356,2018,3,3,3804,3804.0,0,0,432564
62369,2017,9,3,6951,6951.0,0,0,600785
62374,2017,9,3,1770,1770.0,0,0,601597
62377,2017,3,3,4476,4476.0,518,93,667341
62402,2017,9,3,7011,7011.0,0,0,608517
62404,2017,9,3,3303,3303.0,0,0,609072
62457,2017,9,3,7188,7188.0,0,0,640244
62482,2017,9,3,5634,5634.0,0,0,654073
62505,2017,9,3,2949,2949.0,0,0,668959
62508,2017,3,3,5529,5529.0,663,119,511472
62535,2017,9,3,4071,4071.0,0,0,684155
62553,2017,9,3,5283,5283.0,0,0,694942
62566,2017,9,3,5841,5841.0,0,0,702542
62571,2017,9,3,7122,7122.0,0,0,704149
62578,2017,9,3,5955,5955.0,0,0,708020
62621,2017,9,3,6633,6633.0,0,0,728486
62623,2017,9,3,2640,2640.0,0,0,729518
62630,2017,9,3,6063,6063.0,0,0,734226
62633,2017,9,3,2586,2586.0,0,0,735263
62644,2017,9,3,6645,6645.0,0,0,742281
62672,2017,9,3,2304,2304.0,0,0,756515
62692,2017,9,3,6612,6612.0,0,0,771035
62727,2017,9,3,4398,4398.0,0,0,790450
62731,2017,9,3,2892,2892.0,0,0,793178
62746,2017,9,3,2835,2835.0,0,0,799781
62752,2017,9,3,5736,5736.0,0,0,801821
62776,2017,9,3,3036,3036.0,0,0,822696
62777,2017,9,3,7221,7221.0,0,0,822765
62787,2017,9,3,4722,4722.0,0,0,832597
62790,2017,9,3,4188,4188.0,0,0,833998
62799,2017,2,3,4743,4743.0,548,99,160135
62818,2017,9,3,7065,7065.0,0,0,850245
62831,2017,9,3,2496,2496.0,0,0,860684
62841,2018,8,3,4968,4968.0,447,80,146037
62850,2017,7,3,3285,3285.0,490,88,336341
62889,2017,9,3,2799,2799.0,0,0,892797
62903,2017,9,3,1758,1758.0,0,0,901819
62906,2017,9,3,5496,5496.0,0,0,904304
62937,2017,9,3,2694,2694.0,0,0,921278
62943,2018,4,3,5151,5151.0,496,89,505522
62955,2017,9,3,4887,4887.0,0,0,929980
62965,2017,9,3,3909,3909.0,0,0,939485
62974,2017,9,3,6486,6486.0,0,0,945091
62977,2017,9,3,5889,5889.0,0,0,946258
62994,2017,9,3,5082,5082.0,0,0,953693
63034,2017,9,3,2097,2097.0,0,0,971528
63070,2017,9,3,2868,2868.0,0,0,994877
63091,2017,10,3,2472,2472.0,0,0,102311
63129,2017,10,3,5796,5796.0,0,0,121183
63151,2017,10,3,3684,3684.0,0,0,135421
63207,2017,10,3,1722,1722.0,0,0,165443
63228,2017,10,3,3243,3243.0,0,0,181082
63242,2017,10,3,6144,6144.0,0,0,188147
63270,2017,10,3,5826,5826.0,0,0,207001
63288,2017,10,3,4731,4731.0,0,0,215508
63308,2017,10,3,5364,5364.0,0,0,225363
63309,2017,10,3,3807,3807.0,0,0,225746
63311,2017,10,3,4869,4869.0,0,0,228673
63316,2017,10,3,5136,5136.0,0,0,232290
63320,2017,10,3,7461,7461.0,0,0,236593
63337,2017,10,3,2226,2226.0,0,0,246187
63382,2017,10,3,6402,6402.0,0,0,267291
63405,2017,10,3,6669,6669.0,0,0,277091
63418,2017,10,3,4311,4311.0,0,0,280828
63499,2017,10,3,6978,6978.0,0,0,327972
63512,2017,10,3,6807,6807.0,0,0,336341
63522,2017,10,3,3834,3834.0,0,0,341728
63528,2017,10,3,5661,5661.0,0,0,345908
63565,2018,8,3,5676,5676.0,563,101,414164
63575,2018,6,3,3789,3789.0,602,108,331598
63603,2017,10,3,7179,7179.0,0,0,391611
63636,2017,10,3,7179,7179.0,0,0,408838
63638,2017,10,3,2145,2145.0,0,0,409051
63646,2017,10,3,1530,1530.0,0,0,413185
63659,2017,10,3,4893,4893.0,0,0,420394
63686,2017,5,3,6324,6324.0,469,84,922786
63706,2017,10,3,5859,5859.0,0,0,444092
63707,2017,10,3,6825,6825.0,0,0,444092
63711,2017,10,3,4560,4560.0,0,0,444894
63728,2017,10,3,4518,4518.0,0,0,455941
63743,2017,10,3,6705,6705.0,0,0,466953
63767,2017,10,3,1707,1707.0,0,0,478666
63771,2017,3,3,5262,5262.0,0,0,462253
63815,2017,10,3,5094,5094.0,0,0,508115
63821,2017,10,3,6585,6585.0,0,0,509513
63827,2017,10,3,7242,7242.0,0,0,511342
63829,2017,10,3,5319,5319.0,0,0,511472
63842,2017,10,3,5106,5106.0,0,0,515969
63857,2017,4,3,3183,3183.0,602,108,656572
63862,2017,10,3,3336,3336.0,0,0,527194
63874,2017,2,3,1542,1542.0,538,97,565452
63889,2017,10,3,7242,7242.0,0,0,543852
63892,2017,10,3,4656,4656.0,0,0,544690
63923,2017,10,3,4134,4134.0,0,0,561481
63937,2017,10,3,2076,2076.0,0,0,567070
63986,2017,10,3,2634,2634.0,0,0,587800
63990,2017,10,3,4656,4656.0,0,0,591641
63996,2017,10,3,6867,6867.0,0,0,596586
64036,2017,10,3,5040,5040.0,0,0,620122
64046,2017,10,3,2769,2769.0,0,0,623861
64048,2017,10,3,6054,6054.0,0,0,625434
64069,2017,7,3,5079,5079.0,664,120,981536
64070,2017,10,3,4719,4719.0,0,0,638495
64098,2017,10,3,2265,2265.0,0,0,650445
64117,2017,10,3,6306,6306.0,0,0,662380
64126,2017,10,3,3612,3612.0,0,0,667341
64134,2017,10,3,1587,1587.0,0,0,671803
64144,2017,1,3,5268,5268.0,336,60,244308
64191,2017,10,3,5436,5436.0,0,0,702542
64202,2017,10,3,6912,6912.0,0,0,708343
64237,2017,10,3,3645,3645.0,0,0,724272
64239,2017,10,3,6645,6645.0,0,0,726139
64292,2017,10,3,4050,4050.0,0,0,762117
64299,2017,10,3,7176,7176.0,0,0,765293
64323,2017,10,3,3081,3081.0,0,0,776736
64393,2017,10,3,2751,2751.0,0,0,809733
64397,2017,10,3,6051,6051.0,0,0,811684
64413,2017,10,3,5553,5553.0,0,0,822956
64416,2017,10,3,3498,3498.0,0,0,824133
64429,2017,10,3,3588,3588.0,0,0,831180
64440,2017,10,3,6660,6660.0,0,0,835796
64458,2017,10,3,6690,6690.0,0,0,846291
64467,2017,10,3,2142,2142.0,0,0,851421
64472,2017,10,3,5049,5049.0,0,0,854902
64483,2017,10,3,6183,6183.0,0,0,860684
64506,2017,10,3,3132,3132.0,0,0,870574
64514,2017,10,3,6990,6990.0,0,0,873886
64552,2017,10,3,6501,6501.0,0,0,888357
64555,2017,2,3,7197,7197.0,0,0,474272
64566,2017,10,3,3150,3150.0,0,0,893266
64571,2017,10,3,4500,4500.0,0,0,894436
64577,2018,12,3,6930,6930.0,402,72,702478
64590,2017,10,3,5838,5838.0,0,0,903209
64601,2017,10,3,1815,1815.0,0,0,913571
64608,2017,10,3,6384,6384.0,0,0,917630
64646,2017,10,3,1860,1860.0,0,0,936273
64653,2017,10,3,5595,5595.0,0,0,939485
64665,2017,10,3,4086,4086.0,0,0,946001
64666,2017,10,3,3483,3483.0,0,0,947876
64721,2017,10,3,2397,2397.0,0,0,971582
64740,2017,10,3,3576,3576.0,0,0,991230
64744,2017,10,3,1980,1980.0,0,0,992886
64770,2017,11,3,4656,4656.0,0,0,106037
64796,2017,11,3,4740,4740.0,0,0,115633
64827,2017,11,3,3081,3081.0,0,0,130208
64848,2017,6,3,4683,4683.0,475,86,771035
64858,2017,11,3,2706,2706.0,0,0,145988
64859,2017,11,3,6519,6519.0,0,0,147700
64873,2018,6,3,1533,1533.0,786,141,196442
64878,2017,11,3,5664,5664.0,0,0,153600
64879,2017,11,3,6795,6795.0,0,0,153626
64905,2017,11,3,2088,2088.0,0,0,165742
64906,2017,11,3,5583,5583.0,0,0,166037
64917,2017,11,3,3699,3699.0,0,0,173873
64936,2017,11,3,2715,2715.0,0,0,184924
64940,2017,11,3,2679,2679.0,0,0,187838
64955,2017,11,3,3885,3885.0,0,0,197086
64973,2017,11,3,4767,4767.0,0,0,202358
64974,2017,11,3,2559,2559.0,0,0,202696
65059,2017,11,3,6051,6051.0,0,0,240476
65074,2017,11,3,5013,5013.0,0,0,247471
65122,2017,11,3,1563,1563.0,0,0,274141
65134,2017,11,3,4857,4857.0,0,0,281979
65212,2017,11,3,3813,3813.0,0,0,316793
65228,2018,5,3,3942,3942.0,516,93,905909
65241,2017,11,3,5103,5103.0,0,0,329302
65246,2017,11,3,3525,3525.0,0,0,330464
65249,2018,2,3,3405,3405.0,454,82,535482
65259,2017,11,3,6099,6099.0,0,0,337453
65269,2017,11,3,4122,4122.0,0,0,342929
65300,2017,11,3,3561,3561.0,0,0,353128
65316,2017,11,3,1893,1893.0,0,0,365557
65318,2017,11,3,3399,3399.0,0,0,366133
65378,2017,11,3,5568,5568.0,0,0,391611
65399,2018,9,3,1656,1656.0,575,104,193037
65449,2017,11,3,2259,2259.0,0,0,421191
65458,2017,11,3,6966,6966.0,0,0,425445
65486,2017,11,3,2472,2472.0,0,0,438199
65500,2017,11,3,4824,4824.0,0,0,444365
65503,2017,11,3,2943,2943.0,0,0,444894
65546,2017,11,3,1803,1803.0,0,0,461199
65548,2017,11,3,6285,6285.0,0,0,462459
65552,2017,11,3,3669,3669.0,0,0,466953
65554,2017,11,3,2073,2073.0,0,0,467945
65575,2017,11,3,4416,4416.0,0,0,478666
65588,2017,11,3,1527,1527.0,0,0,483768
65606,2017,11,3,3618,3618.0,0,0,492367
65613,2017,11,3,3441,3441.0,0,0,494515
65636,2017,11,3,2499,2499.0,0,0,504860
65639,2017,11,3,4218,4218.0,0,0,508115
65647,2017,11,3,5430,5430.0,0,0,511765
65665,2017,11,3,5775,5775.0,0,0,518236
65683,2018,1,3,5631,5631.0,427,77,516995
65726,2017,11,3,2214,2214.0,0,0,546665
65745,2017,11,3,5337,5337.0,0,0,554104
65801,2017,11,3,5790,5790.0,0,0,581661
65804,2017,11,3,4059,4059.0,0,0,582690
65826,2017,11,3,4887,4887.0,0,0,590514
65842,2017,11,3,5853,5853.0,0,0,601597
65863,2017,11,3,3120,3120.0,0,0,609072
65866,2017,11,3,6411,6411.0,0,0,609532
65934,2017,11,3,3939,3939.0,0,0,640244
65945,2017,11,3,4881,4881.0,0,0,644163
65947,2017,11,3,6423,6423.0,0,0,644630
65949,2017,11,3,7044,7044.0,0,0,644786
65960,2017,11,3,5199,5199.0,0,0,650445
65986,2017,11,3,5610,5610.0,0,0,662380
65999,2017,11,3,4473,4473.0,0,0,668959
66005,2017,11,3,3105,3105.0,0,0,671849
66009,2017,11,3,3048,3048.0,0,0,672893
66037,2017,11,3,4668,4668.0,0,0,684934
66059,2017,11,3,2616,2616.0,0,0,695878
66101,2017,11,3,5010,5010.0,0,0,717459
66163,2017,11,3,3792,3792.0,0,0,741422
66174,2017,11,3,2559,2559.0,0,0,745920
66176,2017,11,3,7035,7035.0,0,0,746536
66200,2017,11,3,3495,3495.0,0,0,753637
66268,2017,11,3,6873,6873.0,0,0,781062
66291,2018,9,3,1872,1872.0,483,87,185013
66295,2017,11,3,1668,1668.0,0,0,791809
66332,2017,11,3,6507,6507.0,0,0,809733
66339,2017,11,3,6417,6417.0,0,0,812894
66352,2017,11,3,6861,6861.0,0,0,820454
66358,2017,11,3,5448,5448.0,0,0,822765
66369,2017,11,3,5019,5019.0,0,0,825484
66371,2017,11,3,4239,4239.0,0,0,826304
66385,2017,11,3,4191,4191.0,0,0,831180
66424,2017,11,3,5052,5052.0,0,0,848632
66430,2017,11,3,1650,1650.0,0,0,850245
66466,2017,11,3,1521,1521.0,0,0,860684
66471,2017,11,3,2598,2598.0,0,0,863349
66492,2017,11,3,2097,2097.0,0,0,877603
66519,2017,11,3,4917,4917.0,0,0,886439
66547,2017,11,3,4479,4479.0,0,0,900894
66554,2017,11,3,5658,5658.0,0,0,904304
66570,2017,12,3,2508,2508.0,507,91,342527
66581,2017,11,3,2397,2397.0,0,0,917998
66584,2017,11,3,7317,7317.0,0,0,918053
66594,2017,11,3,2970,2970.0,0,0,922786
66598,2017,11,3,1533,1533.0,0,0,923959
66618,2017,11,3,2787,2787.0,0,0,929728
66620,2017,11,3,3018,3018.0,0,0,929980
66657,2017,11,3,3075,3075.0,0,0,946258
66663,2017,11,3,6189,6189.0,0,0,947876
66666,2017,11,3,2301,2301.0,0,0,948325
66706,2017,11,3,1638,1638.0,0,0,968034
66714,2017,11,3,5121,5121.0,0,0,970746
66769,2017,11,3,3177,3177.0,0,0,997189
66824,2017,12,3,4107,4107.0,0,0,130208
66825,2017,12,3,5076,5076.0,0,0,131047
66833,2018,2,3,2136,2136.0,536,96,454440
66839,2017,12,3,4209,4209.0,0,0,137850
66853,2017,12,3,5316,5316.0,0,0,146037
66863,2017,12,3,3183,3183.0,0,0,153600
66895,2017,12,3,7164,7164.0,0,0,169247
66926,2017,12,3,4863,4863.0,0,0,184924
66953,2017,12,3,3687,3687.0,0,0,202696
66989,2017,12,3,2475,2475.0,0,0,218917
66990,2017,12,3,6036,6036.0,0,0,220822
67015,2017,10,3,4272,4272.0,0,0,512580
67035,2017,5,3,6042,6042.0,529,95,192651
67048,2017,12,3,6693,6693.0,0,0,263127
67067,2018,12,3,6699,6699.0,472,85,894436
67095,2017,12,3,5466,5466.0,0,0,283980
67103,2017,12,3,7320,7320.0,0,0,286551
67172,2017,12,3,7008,7008.0,0,0,319664
67214,2017,4,3,5970,5970.0,403,73,106776
67247,2017,12,3,2661,2661.0,0,0,366133
67249,2017,11,3,5889,5889.0,0,0,517614
67255,2018,6,3,6204,6204.0,0,0,517614
67286,2017,12,3,3846,3846.0,682,123,901819
67298,2017,12,3,6882,6882.0,0,0,390546
67302,2017,12,3,6267,6267.0,0,0,391611
67316,2017,12,3,7428,7428.0,0,0,402052
67321,2017,12,3,6813,6813.0,0,0,404426
67336,2017,12,3,2478,2478.0,0,0,421923
67341,2017,12,3,3432,3432.0,0,0,425445
67362,2017,12,3,7092,7092.0,0,0,432493
67374,2017,12,3,4992,4992.0,0,0,438263
67384,2017,12,3,6999,6999.0,0,0,439819
67402,2017,12,3,2094,2094.0,0,0,448142
67404,2017,12,3,2973,2973.0,0,0,448896
67409,2017,12,3,4353,4353.0,0,0,453448
67419,2017,12,3,2127,2127.0,0,0,455941
67424,2017,12,3,5421,5421.0,0,0,457716
67435,2017,12,3,3765,3765.0,0,0,462663
67446,2017,12,3,2211,2211.0,0,0,472532
67453,2017,12,3,5502,5502.0,0,0,478666
67464,2017,12,3,4602,4602.0,0,0,485933
67484,2017,12,3,5340,5340.0,0,0,496357
67500,2017,12,3,4386,4386.0,0,0,502012
67501,2017,12,3,7392,7392.0,0,0,504311
67502,2017,12,3,6255,6255.0,0,0,504860
67510,2017,12,3,3312,3312.0,0,0,509513
67531,2017,12,3,4611,4611.0,0,0,518236
67534,2017,12,3,6744,6744.0,0,0,519726
67628,2017,12,3,2067,2067.0,0,0,577405
67632,2017,12,3,6993,6993.0,0,0,578811
67636,2017,12,3,5493,5493.0,0,0,581661
67639,2017,12,3,5523,5523.0,0,0,582690
67720,2017,12,3,6129,6129.0,0,0,623861
67723,2017,12,3,4041,4041.0,0,0,625033
67736,2017,12,3,3477,3477.0,0,0,631661
67749,2017,12,3,6702,6702.0,0,0,638495
67758,2017,12,3,5556,5556.0,0,0,644786
67767,2017,12,3,6267,6267.0,0,0,650445
67773,2017,12,3,2874,2874.0,0,0,652816
67785,2017,12,3,2592,2592.0,0,0,661054
67796,2017,12,3,3936,3936.0,0,0,667262
67809,2017,12,3,7449,7449.0,0,0,671849
67861,2017,12,3,5580,5580.0,0,0,695878
67878,2017,12,3,6099,6099.0,0,0,702284
67880,2017,12,3,4752,4752.0,0,0,702406
67882,2017,12,3,4074,4074.0,0,0,702542
67889,2017,12,3,4506,4506.0,0,0,705911
67907,2017,12,3,3261,3261.0,0,0,714379
67947,2017,12,3,6294,6294.0,0,0,735304
67953,2017,12,3,5346,5346.0,0,0,738459
67954,2017,4,3,3573,3573.0,322,58,609532
67966,2018,8,3,2502,2502.0,606,109,173873
68007,2017,12,3,4473,4473.0,0,0,769623
68008,2017,12,3,2856,2856.0,0,0,771035
68039,2017,12,3,1632,1632.0,0,0,790450
68043,2017,12,3,4650,4650.0,0,0,791809
68056,2018,1,3,4368,4368.0,329,59,120613
68060,2017,12,3,1833,1833.0,0,0,801821
68092,2017,12,3,2589,2589.0,0,0,820454
68134,2017,12,3,1893,1893.0,0,0,838634
68176,2017,12,3,4779,4779.0,0,0,855050
68191,2017,12,3,3753,3753.0,0,0,863349
68205,2017,12,3,3144,3144.0,0,0,870574
68223,2017,12,3,6459,6459.0,0,0,879177
68230,2017,6,3,3345,3345.0,0,0,537421
68232,2017,8,3,3804,3804.0,0,0,537421
68235,2018,3,3,3576,3576.0,615,111,537421
68236,2017,10,3,4173,4173.0,0,0,537421
68255,2018,5,3,2169,2169.0,0,0,537421
68260,2017,12,3,5157,5157.0,0,0,904304
68268,2017,12,3,1557,1557.0,0,0,908120
68308,2017,12,3,2412,2412.0,0,0,922786
68333,2017,12,3,4551,4551.0,0,0,933968
68339,2017,12,3,3987,3987.0,0,0,936273
68358,2017,12,3,2040,2040.0,0,0,945091
68361,2017,12,3,6195,6195.0,0,0,947876
68385,2017,12,3,4839,4839.0,0,0,957764
68390,2017,12,3,5574,5574.0,0,0,959728
68404,2017,12,3,7437,7437.0,0,0,968225
68406,2017,12,3,5487,5487.0,0,0,968666
68413,2018,4,3,1968,1968.0,511,92,102311
68450,2017,12,3,5823,5823.0,0,0,994377
68469,2018,1,3,5508,5508.0,0,0,105214
68490,2018,7,3,4224,4224.0,646,116,986208
68498,2018,1,3,7350,7350.0,0,0,121183
68525,2018,1,3,2544,2544.0,0,0,135421
68564,2018,1,3,1905,1905.0,0,0,167465
68567,2018,1,3,6582,6582.0,0,0,169247
68586,2018,1,3,3681,3681.0,0,0,181082
68589,2018,1,3,6648,6648.0,0,0,182785
68599,2018,1,3,2544,2544.0,0,0,186593
68613,2018,1,3,5454,5454.0,0,0,193775
68637,2018,1,3,5928,5928.0,0,0,206890
68647,2018,1,3,3507,3507.0,0,0,210498
68656,2018,1,3,6018,6018.0,0,0,215508
68672,2018,5,3,5691,5691.0,442,80,892797
68691,2018,1,3,5199,5199.0,0,0,237319
68726,2018,1,3,2490,2490.0,0,0,261964
68731,2017,9,3,1560,1560.0,455,82,789892
68744,2018,1,3,3036,3036.0,0,0,268129
68745,2018,12,3,1593,1593.0,520,94,706820
68768,2018,11,3,2688,2688.0,423,76,386790
68830,2017,11,3,4587,4587.0,425,77,185285
68868,2018,1,3,1599,1599.0,0,0,342407
68869,2018,1,3,6003,6003.0,0,0,342527
68926,2018,1,3,4479,4479.0,0,0,379120
68967,2017,2,3,5571,5571.0,506,91,888357
68986,2018,1,3,2685,2685.0,0,0,412402
68994,2018,1,3,6480,6480.0,0,0,421923
69007,2018,1,3,4707,4707.0,0,0,426185
69014,2018,11,3,7398,7398.0,481,87,106592
69024,2018,1,3,4461,4461.0,0,0,432493
69051,2018,1,3,4554,4554.0,0,0,446991
69055,2018,1,3,3678,3678.0,0,0,447962
69065,2018,1,3,1887,1887.0,0,0,455941
69087,2018,1,3,1584,1584.0,0,0,478666
69091,2018,1,3,5937,5937.0,0,0,480909
69099,2018,1,3,4893,4893.0,0,0,485933
69114,2018,1,3,6792,6792.0,0,0,494885
69145,2018,1,3,5946,5946.0,0,0,511342
69150,2018,1,3,3954,3954.0,0,0,513246
69210,2018,1,3,3321,3321.0,0,0,546665
69242,2018,1,3,5970,5970.0,0,0,559388
69249,2018,1,3,7053,7053.0,0,0,561481
69257,2018,1,3,6003,6003.0,0,0,565171
69261,2018,1,3,2367,2367.0,0,0,567070
69280,2018,1,3,3645,3645.0,0,0,579015
69283,2018,1,3,5841,5841.0,0,0,581999
69325,2018,1,3,3765,3765.0,0,0,609072
69339,2018,8,3,6729,6729.0,576,104,318264
69340,2018,1,3,4974,4974.0,0,0,614810
69354,2018,1,3,4842,4842.0,0,0,617296
69369,2017,9,3,5751,5751.0,584,105,512471
69397,2018,11,3,2418,2418.0,542,98,145988
69410,2017,9,3,5859,5859.0,601,108,979644
69452,2018,1,3,7452,7452.0,0,0,660436
69462,2018,1,3,3300,3300.0,0,0,667341
69477,2018,1,3,2346,2346.0,0,0,672893
69488,2018,1,3,3240,3240.0,0,0,678243
69527,2018,1,3,3363,3363.0,0,0,696096
69540,2018,1,3,3480,3480.0,0,0,702478
69552,2018,1,3,4350,4350.0,0,0,707470
69555,2018,1,3,2280,2280.0,0,0,708258
69557,2018,1,3,7137,7137.0,0,0,709415
69576,2018,1,3,2172,2172.0,0,0,719383
69581,2018,1,3,3318,3318.0,0,0,723591
69604,2018,1,3,6237,6237.0,0,0,738459
69624,2018,1,3,6411,6411.0,0,0,753473
69625,2018,1,3,5220,5220.0,0,0,753637
69627,2018,1,3,3810,3810.0,0,0,755374
69630,2018,1,3,7335,7335.0,0,0,756867
69654,2018,1,3,5658,5658.0,0,0,774321
69682,2018,1,3,5406,5406.0,0,0,791809
69690,2017,2,3,4608,4608.0,417,75,929728
69701,2018,1,3,5145,5145.0,0,0,802425
69704,2018,9,3,6651,6651.0,519,93,134273
69730,2018,1,3,3378,3378.0,0,0,817456
69736,2018,1,3,2787,2787.0,0,0,820542
69756,2018,1,3,5082,5082.0,0,0,835796
69803,2018,1,3,2133,2133.0,0,0,861700
69834,2018,1,3,5304,5304.0,0,0,879177
69838,2018,1,3,7482,7482.0,447,80,687463
69839,2018,1,3,1536,1536.0,0,0,881198
69842,2018,1,3,3648,3648.0,303,55,485795
69857,2018,1,3,2604,2604.0,0,0,893266
69863,2018,9,3,3759,3759.0,478,86,107212
69873,2018,1,3,6264,6264.0,0,0,900460
69882,2018,1,3,1629,1629.0,0,0,905478
69911,2018,1,3,2526,2526.0,0,0,922926
69925,2018,4,3,7242,7242.0,454,82,109495
69945,2018,1,3,5034,5034.0,0,0,946001
69961,2018,1,3,2508,2508.0,0,0,952955
69996,2018,12,3,2865,2865.0,749,135,922000
69998,2018,1,3,2697,2697.0,0,0,971107
70000,2018,1,3,3762,3762.0,0,0,971528
70001,2018,2,3,3768,3768.0,343,62,227804
70012,2018,1,3,2541,2541.0,371,67,106689
70021,2018,9,3,6591,6591.0,526,95,863259
70024,2018,1,3,4218,4218.0,0,0,981536
70035,2018,1,3,7005,7005.0,0,0,990918
70045,2018,1,3,3195,3195.0,0,0,997439
70066,2018,4,3,4911,4911.0,0,0,852323
70083,2018,2,3,5418,5418.0,0,0,694942
70108,2018,2,3,2898,2898.0,0,0,755374
70113,2018,2,3,3765,3765.0,0,0,243061
70127,2017,2,3,7476,7476.0,0,0,583223
70130,2018,4,3,4803,4803.0,0,0,612510
70137,2018,4,3,3984,3984.0,0,0,114219
70145,2017,9,3,7302,7302.0,0,0,583223
70150,2017,12,3,1512,1512.0,0,0,583223
70165,2018,4,3,3327,3327.0,0,0,385593
70171,2018,3,3,1953,1953.0,0,0,269565
70176,2018,3,3,4110,4110.0,0,0,559388
70203,2018,3,3,1572,1572.0,0,0,243061
70219,2018,2,3,3735,3735.0,0,0,352092
70227,2018,3,3,4107,4107.0,0,0,409051
70237,2018,12,3,7299,7299.0,475,86,744528
70261,2018,4,3,4743,4743.0,0,0,730246
70280,2018,2,3,6138,6138.0,0,0,826304
70286,2018,3,3,6684,6684.0,0,0,971528
70296,2018,3,3,5694,5694.0,0,0,660436
70311,2017,12,3,6231,6231.0,506,91,627489
70353,2018,2,3,3768,3768.0,0,0,616746
70357,2018,3,3,4446,4446.0,0,0,582690
70364,2018,2,3,2970,2970.0,0,0,246187
70371,2018,11,3,6507,6507.0,519,93,703937
70457,2018,4,3,2085,2085.0,0,0,952955
70545,2018,3,3,5394,5394.0,0,0,967347
70560,2018,3,3,3546,3546.0,0,0,392802
70574,2018,4,3,2844,2844.0,0,0,558097
70605,2018,2,3,6120,6120.0,0,0,756515
70635,2018,3,3,2373,2373.0,0,0,979776
70657,2018,4,3,4677,4677.0,0,0,615214
70661,2018,4,3,2997,2997.0,540,97,920162
70673,2018,2,3,6138,6138.0,0,0,181082
70686,2018,4,3,2973,2973.0,0,0,438641
70700,2018,8,3,7434,7434.0,771,139,478107
70708,2018,4,3,3771,3771.0,0,0,420515
70716,2018,2,3,6042,6042.0,0,0,535436
70773,2018,2,3,4026,4026.0,0,0,882718
70791,2018,3,3,3015,3015.0,0,0,863432
70801,2018,2,3,4659,4659.0,0,0,662164
70803,2018,4,3,3891,3891.0,476,86,916713
70810,2018,4,3,3654,3654.0,0,0,127882
70895,2018,4,3,6105,6105.0,0,0,982296
70919,2018,3,3,3282,3282.0,0,0,165019
70923,2018,4,3,4746,4746.0,0,0,429308
70956,2018,3,3,7047,7047.0,0,0,945091
70967,2018,4,3,5892,5892.0,0,0,502946
70973,2017,9,3,2037,2037.0,0,0,602068
71018,2018,3,3,2487,2487.0,0,0,587800
71026,2018,4,3,5628,5628.0,0,0,860602
71032,2018,4,3,7197,7197.0,0,0,264486
71033,2018,2,3,6489,6489.0,0,0,283980
71046,2018,2,3,6777,6777.0,0,0,338285
71090,2018,3,3,3162,3162.0,0,0,509513
71117,2018,2,3,3243,3243.0,0,0,696096
71127,2017,11,3,6825,6825.0,502,90,404426
71154,2018,2,3,4524,4524.0,0,0,608517
71157,2018,4,3,2217,2217.0,334,60,557458
71174,2018,4,3,5820,5820.0,0,0,853421
71181,2018,1,3,1860,1860.0,355,64,345615
71206,2018,2,3,6126,6126.0,0,0,608758
71215,2018,2,3,4392,4392.0,0,0,329302
71235,2018,4,3,6501,6501.0,0,0,946258
71240,2018,2,3,4038,4038.0,0,0,991230
71258,2018,2,3,5550,5550.0,0,0,188147
71275,2018,4,3,2202,2202.0,0,0,513246
71302,2018,4,3,5814,5814.0,0,0,267291
71314,2018,3,3,3594,3594.0,0,0,163608
71325,2018,3,3,7317,7317.0,0,0,320414
71356,2018,2,3,7356,7356.0,491,88,620122
71370,2018,4,3,6153,6153.0,0,0,643912
71408,2018,2,3,2817,2817.0,0,0,799781
71428,2018,2,3,4788,4788.0,0,0,248593
71462,2018,3,3,1539,1539.0,0,0,903797
71518,2018,3,3,2187,2187.0,0,0,997439
71525,2018,2,3,1614,1614.0,0,0,706820
71539,2017,3,3,5343,5343.0,555,100,771056
71545,2018,3,3,5403,5403.0,0,0,504260
71555,2018,4,3,3876,3876.0,0,0,112842
71556,2018,4,3,2589,2589.0,0,0,863259
71559,2018,4,3,5187,5187.0,0,0,106689
71571,2018,4,3,6852,6852.0,0,0,895185
71602,2018,3,3,7341,7341.0,0,0,839422
71614,2018,4,3,6909,6909.0,0,0,448273
71625,2018,4,3,5817,5817.0,0,0,329215
71626,2018,2,3,4908,4908.0,0,0,550769
71670,2018,3,3,4347,4347.0,0,0,893863
71715,2018,3,3,6690,6690.0,0,0,193665
71722,2018,3,3,1503,1503.0,0,0,678243
71731,2018,4,3,3192,3192.0,0,0,609532
71745,2018,2,3,2013,2013.0,0,0,415402
71752,2018,3,3,2802,2802.0,0,0,207576
71763,2018,4,3,4935,4935.0,0,0,145988
71765,2018,3,3,4494,4494.0,0,0,922926
71772,2018,4,3,3870,3870.0,0,0,572811
71776,2018,2,3,6165,6165.0,0,0,336037
71782,2018,4,3,2961,2961.0,0,0,542893
71803,2018,2,3,3696,3696.0,0,0,607662
71810,2018,4,3,3663,3663.0,0,0,697272
71847,2018,4,3,3426,3426.0,0,0,544690
71884,2018,4,3,3219,3219.0,0,0,432493
71920,2017,3,3,4956,4956.0,427,77,207576
71926,2018,4,3,3330,3330.0,0,0,420394
71960,2018,4,3,3843,3843.0,0,0,494515
71964,2018,2,3,3306,3306.0,0,0,554442
71985,2018,4,3,2949,2949.0,0,0,695428
72000,2018,2,3,1563,1563.0,0,0,787548
72010,2018,3,3,4584,4584.0,0,0,494885
72021,2018,11,3,7464,7464.0,446,80,472787
72051,2018,3,3,4821,4821.0,0,0,310965
72064,2018,3,3,5148,5148.0,0,0,703937
72068,2018,4,3,5490,5490.0,0,0,552328
72090,2017,9,3,6669,6669.0,566,102,917998
72158,2018,4,3,2709,2709.0,0,0,650621
72164,2018,4,3,2814,2814.0,0,0,973728
72171,2018,3,3,1986,1986.0,620,112,702478
72194,2018,4,3,2817,2817.0,464,84,625451
72227,2018,4,3,6006,6006.0,0,0,188147
72232,2018,2,3,5340,5340.0,0,0,652816
72234,2018,2,3,2928,2928.0,0,0,421001
72247,2018,3,3,6426,6426.0,0,0,146028
72305,2018,3,3,4341,4341.0,0,0,595323
72311,2018,10,3,5367,5367.0,592,107,916713
72313,2018,2,3,4584,4584.0,0,0,499945
72326,2018,4,3,2961,2961.0,0,0,442014
72328,2018,4,3,5373,5373.0,0,0,817456
72329,2018,3,3,2565,2565.0,0,0,986421
72348,2018,4,3,5784,5784.0,0,0,328446
72358,2018,2,3,5808,5808.0,0,0,328446
72396,2017,2,3,2118,2118.0,0,0,623222
72412,2018,4,3,3834,3834.0,0,0,715462
72427,2018,2,3,2247,2247.0,0,0,623222
72435,2017,6,3,2313,2313.0,769,138,623222
72442,2018,3,3,1602,1602.0,0,0,467945
72455,2018,2,3,7242,7242.0,0,0,684155
72457,2018,2,3,5166,5166.0,0,0,970746
72468,2018,4,3,2076,2076.0,0,0,672893
72528,2018,12,3,6702,6702.0,670,121,971107
72566,2018,4,3,2685,2685.0,0,0,882718
72588,2018,3,3,3333,3333.0,0,0,756515
72594,2018,4,3,3030,3030.0,0,0,472532
72637,2018,4,3,3762,3762.0,0,0,573332
72718,2018,4,3,4359,4359.0,0,0,168843
72730,2018,2,3,5364,5364.0,0,0,342527
72749,2018,3,3,7053,7053.0,0,0,256486
72820,2018,4,3,3345,3345.0,0,0,499945
72824,2018,4,3,2379,2379.0,0,0,121183
72868,2018,4,3,4098,4098.0,0,0,320414
72870,2018,2,3,3084,3084.0,0,0,667262
72875,2018,4,3,5121,5121.0,0,0,683126
72895,2018,8,3,2463,2463.0,683,123,508080
72898,2017,6,3,4701,4701.0,731,132,756867
72915,2018,4,3,3639,3639.0,0,0,595323
72925,2018,3,3,4335,4335.0,0,0,247645
72929,2018,4,3,3978,3978.0,0,0,974829
72931,2018,2,3,5808,5808.0,0,0,789573
72947,2018,3,3,5793,5793.0,0,0,723591
72950,2018,4,3,3444,3444.0,0,0,617099
72966,2018,3,3,1749,1749.0,640,115,168843
72999,2018,2,3,3159,3159.0,0,0,903209
73000,2018,3,3,2259,2259.0,0,0,232290
73012,2018,3,3,4245,4245.0,0,0,981536
73035,2018,4,3,2262,2262.0,0,0,705911
73040,2018,3,3,1740,1740.0,0,0,625434
73061,2018,4,3,3735,3735.0,0,0,360537
73080,2018,3,3,4380,4380.0,0,0,512471
73090,2018,2,3,4386,4386.0,0,0,965751
73132,2018,2,3,2064,2064.0,0,0,130208
73151,2018,4,3,6297,6297.0,0,0,741422
73163,2018,2,3,5511,5511.0,0,0,929728
73194,2018,4,3,7176,7176.0,0,0,345908
73196,2017,10,3,2190,2190.0,418,75,642401
73200,2017,12,3,4638,4638.0,0,0,642401
73201,2018,4,3,3360,3360.0,0,0,144977
73205,2017,8,3,5574,5574.0,755,136,642401
73211,2017,3,3,5373,5373.0,679,122,502012
73259,2018,4,3,5559,5559.0,0,0,905478
73288,2018,3,3,3378,3378.0,0,0,656942
73291,2018,4,3,1629,1629.0,0,0,512471
73315,2018,2,3,5457,5457.0,0,0,414164
73321,2018,3,3,4551,4551.0,0,0,392619
73331,2018,3,3,5778,5778.0,0,0,185285
73366,2018,4,3,1947,1947.0,435,78,593252
73393,2018,4,3,6345,6345.0,0,0,565991
73406,2018,2,3,4224,4224.0,0,0,583718
73416,2018,4,3,4470,4470.0,0,0,966391
73429,2018,2,3,6546,6546.0,0,0,670751
73455,2018,4,3,7356,7356.0,0,0,462459
73458,2018,4,3,2433,2433.0,0,0,376618
73485,2018,4,3,2076,2076.0,0,0,107212
73487,2018,2,3,5298,5298.0,0,0,375540
73490,2018,2,3,1893,1893.0,0,0,339845
73501,2017,1,3,4464,4464.0,342,62,661502
73512,2018,3,3,2475,2475.0,0,0,511053
73563,2018,4,3,4026,4026.0,0,0,747609
73565,2018,2,3,2829,2829.0,0,0,719383
73589,2018,2,3,6072,6072.0,0,0,138565
73592,2018,4,3,1662,1662.0,0,0,442249
73606,2018,3,3,1542,1542.0,0,0,549862
73612,2018,2,3,5331,5331.0,0,0,744612
73632,2018,4,3,3375,3375.0,0,0,339845
73647,2018,3,3,5565,5565.0,0,0,131047
73654,2018,2,3,6720,6720.0,0,0,405928
73657,2018,2,3,4260,4260.0,0,0,947876
73662,2018,2,3,2964,2964.0,0,0,705911
73667,2017,6,3,5133,5133.0,628,113,708343
73690,2018,2,3,2310,2310.0,0,0,386790
73697,2018,4,3,6642,6642.0,0,0,768072
73708,2018,3,3,6186,6186.0,0,0,107212
73732,2017,11,3,7377,7377.0,0,0,654433
73733,2017,11,3,4842,4842.0,0,0,654433
73734,2017,12,3,6591,6591.0,0,0,654433
73739,2018,2,3,3753,3753.0,0,0,193775
73748,2018,3,3,3231,3231.0,0,0,420394
73755,2018,7,3,6144,6144.0,470,85,832597
73756,2018,4,3,4020,4020.0,0,0,654433
73759,2017,7,3,3672,3672.0,866,156,631661
73796,2018,3,3,3906,3906.0,0,0,661054
73814,2018,2,3,5304,5304.0,0,0,842390
73826,2018,3,3,3186,3186.0,0,0,755374
73829,2018,4,3,4755,4755.0,0,0,735304
73851,2018,3,3,1797,1797.0,0,0,830811
73861,2018,3,3,5814,5814.0,0,0,544690
73882,2018,2,3,5538,5538.0,0,0,271675
73896,2018,2,3,3924,3924.0,0,0,979644
73904,2017,12,3,3246,3246.0,564,102,745811
73915,2018,4,3,6786,6786.0,0,0,507005
73927,2018,4,3,5958,5958.0,0,0,994377
73975,2018,3,3,6450,6450.0,0,0,432493
74003,2018,3,3,2724,2724.0,0,0,525548
74008,2018,2,3,4449,4449.0,0,0,404426
74047,2018,4,3,3318,3318.0,0,0,412402
74065,2017,8,3,6954,6954.0,502,90,193775
74070,2018,4,3,6420,6420.0,0,0,193037
74102,2018,4,3,3444,3444.0,0,0,134273
74104,2018,2,3,5094,5094.0,0,0,856406
74107,2018,2,3,3597,3597.0,0,0,485933
74117,2018,3,3,2757,2757.0,0,0,281979
74128,2018,6,3,7212,7212.0,833,150,318264
74173,2018,3,3,4728,4728.0,0,0,498149
74202,2018,2,3,4278,4278.0,0,0,487605
74205,2018,4,3,7311,7311.0,0,0,316793
74214,2018,3,3,4485,4485.0,0,0,321027
74219,2018,4,3,5583,5583.0,0,0,535482
74246,2018,4,3,4665,4665.0,0,0,167465
74296,2018,4,3,6645,6645.0,0,0,295412
74312,2018,3,3,7491,7491.0,0,0,446991
74327,2018,3,3,3768,3768.0,0,0,917610
74329,2018,4,3,3849,3849.0,0,0,826304
74335,2018,3,3,2700,2700.0,0,0,421191
74354,2018,3,3,2193,2193.0,0,0,879177
74357,2018,3,3,5097,5097.0,0,0,535852
74362,2018,4,3,2091,2091.0,0,0,979776
74364,2018,3,3,6078,6078.0,0,0,671849
74383,2018,4,3,7287,7287.0,0,0,127785
74386,2018,3,3,5295,5295.0,0,0,426124
74396,2018,3,3,6927,6927.0,0,0,453448
74410,2018,2,3,5673,5673.0,0,0,625434
74414,2018,3,3,1542,1542.0,0,0,165443
74423,2018,4,3,5925,5925.0,0,0,139863
74440,2018,3,3,3795,3795.0,0,0,936273
74443,2018,4,3,1656,1656.0,0,0,870574
74445,2018,2,3,6009,6009.0,0,0,585978
74446,2018,3,3,4146,4146.0,0,0,330464
74462,2018,4,3,2871,2871.0,0,0,444092
74487,2018,3,3,6318,6318.0,0,0,279231
74506,2018,2,3,4116,4116.0,0,0,193665
74527,2018,2,3,4233,4233.0,0,0,781062
74553,2017,10,3,6462,6462.0,403,73,175249
74554,2018,10,3,5178,5178.0,403,73,535944
74575,2018,9,3,3078,3078.0,537,97,505522
74580,2018,3,3,7089,7089.0,0,0,461199
74600,2018,3,3,6798,6798.0,0,0,642002
74659,2018,11,3,5316,5316.0,454,82,667341
74662,2017,11,3,2268,2268.0,403,73,742281
74695,2018,3,3,5964,5964.0,0,0,791809
74716,2018,3,3,5361,5361.0,0,0,486112
74731,2018,3,3,2391,2391.0,0,0,750649
74764,2018,3,3,4959,4959.0,0,0,455941
74772,2018,2,3,4017,4017.0,0,0,236593
74773,2018,8,3,4269,4269.0,608,109,131560
74801,2018,2,3,5532,5532.0,0,0,834799
74802,2018,3,3,6645,6645.0,0,0,419749
74811,2018,3,3,7254,7254.0,0,0,215508
74912,2018,1,3,5907,5907.0,459,83,935570
74920,2018,3,3,5643,5643.0,0,0,754539
74945,2018,2,3,7284,7284.0,0,0,642002
74966,2018,2,3,1818,1818.0,0,0,354464
74995,2018,9,3,5250,5250.0,396,71,617296
75007,2018,4,3,2025,2025.0,0,0,818597
75042,2018,7,3,1953,1953.0,576,104,146028
75087,2018,4,3,1860,1860.0,0,0,236593
75102,2018,4,3,7059,7059.0,0,0,967347
75105,2018,2,3,6129,6129.0,0,0,665024
75106,2018,2,3,5529,5529.0,0,0,793178
75115,2018,3,3,4950,4950.0,0,0,254860
75135,2018,2,3,4104,4104.0,0,0,591641
75147,2018,3,3,6843,6843.0,0,0,665024
75157,2018,6,3,3249,3249.0,625,113,793178
75158,2018,2,3,3699,3699.0,0,0,196442
75163,2018,4,3,2202,2202.0,0,0,485933
75171,2018,3,3,7281,7281.0,0,0,870574
75197,2018,4,3,7398,7398.0,0,0,283980
75215,2018,3,3,5820,5820.0,0,0,771035
75220,2017,10,3,6177,6177.0,493,89,839422
75232,2018,4,3,1980,1980.0,0,0,375540
75246,2018,4,3,7248,7248.0,0,0,131560
75257,2018,2,3,4692,4692.0,0,0,573332
75260,2018,2,3,7488,7488.0,0,0,981536
75264,2018,4,3,3630,3630.0,0,0,746536
75297,2018,3,3,3615,3615.0,0,0,496357
75324,2018,4,3,2700,2700.0,0,0,672308
75334,2017,8,3,7107,7107.0,715,129,274141
75340,2018,4,3,4104,4104.0,0,0,735263
75347,2018,4,3,2724,2724.0,0,0,554104
75348,2017,7,3,4215,4215.0,512,92,708020
75350,2018,3,3,6783,6783.0,0,0,846291
75370,2018,2,3,1995,1995.0,0,0,936273
75385,2018,4,3,6372,6372.0,0,0,486112
75436,2018,3,3,6489,6489.0,0,0,922786
75444,2017,4,3,5115,5115.0,485,87,818597
75462,2017,6,3,4950,4950.0,688,124,233969
75471,2018,2,3,4113,4113.0,0,0,508115
75492,2018,4,3,6222,6222.0,0,0,696096
75502,2018,3,3,1725,1725.0,0,0,557458
75512,2018,3,3,5622,5622.0,0,0,965751
75547,2018,3,3,3999,3999.0,0,0,360537
75574,2018,4,3,5847,5847.0,0,0,923959
75645,2018,3,3,5358,5358.0,0,0,202358
75653,2018,4,3,6165,6165.0,0,0,596586
75672,2018,3,3,6861,6861.0,0,0,106689
75677,2018,4,3,2676,2676.0,0,0,137850
75691,2018,4,3,7140,7140.0,0,0,977303
75696,2018,4,3,1578,1578.0,0,0,581999
75702,2017,12,3,3669,3669.0,591,106,875796
75734,2018,3,3,4269,4269.0,0,0,487605
75749,2018,3,3,6405,6405.0,0,0,567070
75753,2018,3,3,6531,6531.0,0,0,387523
75782,2018,4,3,4749,4749.0,0,0,596390
75785,2018,3,3,1845,1845.0,0,0,968666
75798,2018,3,3,5793,5793.0,0,0,977303
75806,2018,3,3,2343,2343.0,0,0,277091
75838,2018,3,3,2883,2883.0,0,0,991568
75839,2018,4,3,3621,3621.0,0,0,440928
75867,2018,3,3,2097,2097.0,0,0,329826
75883,2018,3,3,2244,2244.0,0,0,116735
75891,2018,3,3,3345,3345.0,0,0,297702
75894,2018,3,3,7416,7416.0,0,0,515969
75910,2018,5,3,5277,5277.0,0,0,109495
75928,2018,5,3,2985,2985.0,0,0,116735
75938,2018,5,3,4095,4095.0,0,0,122545
75948,2018,5,3,6408,6408.0,0,0,128789
75952,2018,5,3,7191,7191.0,0,0,130368
75956,2018,5,3,5733,5733.0,0,0,131257
75999,2018,5,3,3102,3102.0,0,0,149884
76009,2018,5,3,4665,4665.0,0,0,155118
76038,2018,5,3,5874,5874.0,0,0,167465
76041,2018,5,3,6063,6063.0,0,0,169247
76062,2018,5,3,5613,5613.0,0,0,182785
76070,2018,5,3,4920,4920.0,0,0,185774
76073,2018,5,3,4062,4062.0,0,0,187838
76112,2018,5,3,2592,2592.0,0,0,208553
76117,2018,5,3,7452,7452.0,0,0,210755
76138,2018,5,3,6741,6741.0,0,0,220822
76144,2018,5,3,4470,4470.0,0,0,225746
76151,2018,9,3,3729,3729.0,369,66,706820
76165,2018,5,3,3312,3312.0,0,0,237274
76170,2018,5,3,2352,2352.0,0,0,240476
76231,2018,5,3,7434,7434.0,0,0,268414
76244,2018,5,3,2763,2763.0,0,0,274141
76252,2018,5,3,3165,3165.0,0,0,276035
76319,2018,5,3,6822,6822.0,0,0,308891
76320,2018,5,3,6870,6870.0,0,0,309364
76401,2018,5,3,4899,4899.0,0,0,352092
76415,2018,5,3,3000,3000.0,0,0,366133
76440,2018,5,3,5781,5781.0,0,0,379238
76461,2018,5,3,4749,4749.0,0,0,390546
76487,2018,5,3,3852,3852.0,0,0,408838
76488,2018,5,3,5430,5430.0,0,0,409051
76499,2018,5,3,7149,7149.0,0,0,412995
76530,2018,5,3,3300,3300.0,0,0,429308
76538,2018,5,3,4803,4803.0,0,0,432493
76554,2018,5,3,1776,1776.0,0,0,438641
76561,2018,5,3,3738,3738.0,0,0,442014
76567,2018,5,3,1824,1824.0,0,0,445073
76575,2018,5,3,1581,1581.0,0,0,446991
76607,2018,5,3,5535,5535.0,0,0,466865
76633,2018,5,3,7137,7137.0,0,0,478666
76653,2018,5,3,3270,3270.0,0,0,485933
76656,2017,7,3,7419,7419.0,462,83,709479
76663,2017,4,3,1869,1869.0,353,64,709479
76678,2018,5,3,6687,6687.0,0,0,496357
76682,2018,5,3,3042,3042.0,0,0,499945
76693,2018,5,3,1986,1986.0,0,0,507005
76712,2018,12,3,5994,5994.0,528,95,428826
76741,2018,5,3,5223,5223.0,0,0,528363
76747,2018,5,3,1797,1797.0,0,0,530508
76760,2018,5,3,3267,3267.0,0,0,535852
76809,2018,5,3,3666,3666.0,0,0,565991
76822,2017,5,3,6060,6060.0,553,100,131560
76851,2018,5,3,4638,4638.0,0,0,579424
76890,2018,5,3,4866,4866.0,0,0,599372
76928,2018,5,3,3924,3924.0,0,0,617099
76936,2018,5,3,5640,5640.0,0,0,618824
76949,2018,5,3,6300,6300.0,0,0,625123
76959,2018,5,3,6201,6201.0,0,0,628431
76993,2018,5,3,2229,2229.0,0,0,643912
77007,2018,5,3,4599,4599.0,0,0,650445
77012,2017,3,3,5604,5604.0,0,0,716236
77025,2018,5,3,4212,4212.0,0,0,661502
77031,2018,5,3,5049,5049.0,0,0,664008
77053,2018,9,3,5337,5337.0,634,114,566182
77104,2018,5,3,3555,3555.0,0,0,702147
77107,2018,5,3,6783,6783.0,0,0,702406
77127,2018,5,3,2253,2253.0,0,0,708343
77154,2018,5,3,2541,2541.0,0,0,726139
77188,2018,5,3,7374,7374.0,0,0,741422
77198,2018,5,3,4944,4944.0,0,0,746772
77200,2018,5,3,4392,4392.0,0,0,747609
77211,2018,9,3,3849,3849.0,343,62,861700
77238,2018,5,3,1599,1599.0,0,0,771035
77251,2018,5,3,5424,5424.0,0,0,776736
77300,2018,5,3,5733,5733.0,0,0,800433
77311,2018,5,3,4434,4434.0,0,0,804521
77348,2018,5,3,2580,2580.0,0,0,825484
77364,2018,5,3,7320,7320.0,0,0,835796
77379,2018,8,3,2433,2433.0,502,90,903209
77386,2018,5,3,2241,2241.0,0,0,848632
77397,2018,5,3,7356,7356.0,0,0,855050
77413,2018,5,3,6879,6879.0,0,0,861058
77444,2018,5,3,1599,1599.0,0,0,873886
77459,2018,5,3,3126,3126.0,0,0,882718
77476,2018,5,3,3249,3249.0,0,0,894436
77496,2018,5,3,3531,3531.0,0,0,906615
77498,2018,5,3,3882,3882.0,0,0,908120
77510,2018,5,3,3546,3546.0,0,0,917630
77524,2018,5,3,3237,3237.0,0,0,923234
77528,2018,5,3,5433,5433.0,0,0,923959
77530,2018,5,3,3387,3387.0,0,0,925385
77538,2018,5,3,4980,4980.0,0,0,929728
77553,2018,5,3,2718,2718.0,0,0,939238
77554,2018,5,3,4839,4839.0,0,0,939485
77563,2018,5,3,4638,4638.0,0,0,944750
77584,2018,5,3,4374,4374.0,0,0,953693
77605,2018,5,3,5109,5109.0,0,0,966204
77607,2018,5,3,2472,2472.0,0,0,966580
77626,2017,5,3,3747,3747.0,0,0,728316
77633,2017,8,3,3777,3777.0,0,0,728316
77641,2018,5,3,3675,3675.0,0,0,979644
77651,2018,5,3,2514,2514.0,0,0,982296
77681,2018,6,3,3561,3561.0,0,0,102311
77688,2018,6,3,6606,6606.0,0,0,106592
77690,2018,6,3,5715,5715.0,0,0,106776
77703,2018,6,3,7086,7086.0,0,0,114219
77706,2017,3,3,4455,4455.0,0,0,729805
77710,2017,4,3,3189,3189.0,0,0,729805
77714,2018,6,3,3234,3234.0,0,0,121183
77715,2018,6,3,3903,3903.0,0,0,121856
77721,2018,6,3,4593,4593.0,0,0,127785
77726,2018,6,3,3144,3144.0,0,0,130208
77734,2018,6,3,7056,7056.0,0,0,137850
77750,2018,6,3,1890,1890.0,0,0,149884
77755,2018,6,3,7467,7467.0,0,0,153600
77771,2018,5,3,3681,3681.0,566,102,838634
77779,2018,6,3,5247,5247.0,0,0,169129
77806,2018,6,3,3795,3795.0,0,0,186593
77820,2018,6,3,6831,6831.0,0,0,193775
77828,2018,6,3,7257,7257.0,0,0,201276
77836,2018,6,3,6045,6045.0,0,0,208586
77839,2018,6,3,4968,4968.0,0,0,210755
77849,2018,6,3,5919,5919.0,0,0,215508
77850,2018,6,3,2379,2379.0,0,0,215508
77872,2018,6,3,4266,4266.0,0,0,236767
77873,2018,6,3,5466,5466.0,0,0,237274
77889,2018,6,3,6069,6069.0,0,0,244308
77891,2018,6,3,2382,2382.0,0,0,247645
77920,2018,5,3,2916,2916.0,695,125,671803
77941,2018,6,3,5073,5073.0,0,0,273984
77969,2018,6,3,3516,3516.0,0,0,287266
77994,2018,6,3,7479,7479.0,0,0,300870
78012,2018,6,3,3864,3864.0,0,0,310965
78030,2018,6,3,2202,2202.0,0,0,319664
78032,2018,6,3,3291,3291.0,0,0,320414
78050,2018,6,3,3117,3117.0,0,0,329215
78072,2018,6,3,7260,7260.0,0,0,342929
78074,2017,6,3,4209,4209.0,497,89,496357
78107,2018,6,3,6615,6615.0,0,0,360537
78148,2018,6,3,1728,1728.0,0,0,384328
78152,2018,6,3,3429,3429.0,0,0,387523
78170,2017,1,3,4752,4752.0,0,0,744860
78172,2017,4,3,4758,4758.0,389,70,744860
78175,2018,6,3,2034,2034.0,0,0,409051
78239,2018,5,3,5706,5706.0,620,112,903797
78279,2018,6,3,3639,3639.0,0,0,471858
78280,2018,6,3,6540,6540.0,0,0,472787
78289,2018,6,3,7302,7302.0,0,0,478666
78300,2018,6,3,4449,4449.0,0,0,489842
78322,2018,3,3,4152,4152.0,425,77,442249
78337,2018,6,3,2190,2190.0,0,0,516995
78339,2018,6,3,4464,4464.0,0,0,518236
78378,2018,6,3,2478,2478.0,0,0,543852
78388,2018,6,3,4950,4950.0,0,0,549982
78403,2017,4,3,7143,7143.0,0,0,750199
78429,2018,7,3,4086,4086.0,0,0,750199
78439,2018,6,3,4713,4713.0,0,0,582690
78444,2018,6,3,4392,4392.0,0,0,587378
78468,2018,6,3,4683,4683.0,0,0,608758
78482,2018,5,3,4539,4539.0,553,100,817456
78489,2018,6,3,5889,5889.0,0,0,625123
78558,2018,6,3,6054,6054.0,0,0,661054
78560,2018,6,3,1791,1791.0,0,0,661502
78586,2018,6,3,3666,3666.0,0,0,677704
78588,2018,6,3,6366,6366.0,0,0,678243
78617,2018,6,3,3978,3978.0,0,0,702542
78620,2018,6,3,1521,1521.0,0,0,703937
78645,2018,6,3,6315,6315.0,0,0,719383
78663,2018,6,3,3057,3057.0,0,0,730246
78691,2018,6,3,3777,3777.0,0,0,745811
78699,2018,6,3,2481,2481.0,0,0,750710
78727,2018,6,3,5187,5187.0,0,0,771056
78764,2018,6,3,6825,6825.0,0,0,790178
78795,2018,6,3,2700,2700.0,0,0,809733
78808,2018,6,3,1680,1680.0,0,0,817851
78844,2018,6,3,4680,4680.0,0,0,842279
78858,2018,6,3,2340,2340.0,0,0,848632
78919,2018,6,3,5376,5376.0,0,0,878284
78951,2018,6,3,3651,3651.0,0,0,900460
78959,2018,6,3,6333,6333.0,0,0,906615
78969,2018,6,3,2799,2799.0,0,0,917998
78977,2018,6,3,5742,5742.0,0,0,922188
78978,2018,6,3,5121,5121.0,0,0,922926
79016,2018,6,3,4686,4686.0,0,0,950593
79018,2017,7,3,5055,5055.0,699,126,820454
79048,2018,6,3,2292,2292.0,0,0,971582
79057,2018,6,3,5685,5685.0,0,0,977303
79060,2018,6,3,2823,2823.0,0,0,979776
79074,2018,6,3,4974,4974.0,0,0,991568
79085,2018,6,3,2238,2238.0,0,0,997189
79090,2018,7,3,1677,1677.0,725,131,528229
79099,2018,7,3,2895,2895.0,0,0,106592
79101,2017,9,3,2394,2394.0,584,105,165742
79121,2018,7,3,6306,6306.0,0,0,116735
79229,2018,3,3,4659,4659.0,620,112,342527
79237,2018,7,3,2697,2697.0,0,0,202358
79241,2017,1,3,1533,1533.0,0,0,775520
79243,2018,7,3,5874,5874.0,0,0,206890
79244,2018,7,3,5751,5751.0,0,0,207001
79245,2018,7,3,6687,6687.0,0,0,207110
79290,2018,7,3,2055,2055.0,0,0,237434
79317,2018,4,3,6420,6420.0,0,0,776153
79329,2018,7,3,3051,3051.0,0,0,263127
79333,2018,4,3,1806,1806.0,404,73,321027
79351,2018,7,3,6468,6468.0,0,0,280828
79355,2018,7,3,5085,5085.0,0,0,283980
79371,2018,7,3,3468,3468.0,0,0,295412
79387,2018,7,3,7089,7089.0,0,0,308891
79431,2018,7,3,3840,3840.0,0,0,338285
79450,2018,7,3,5379,5379.0,0,0,352490
79458,2018,7,3,4407,4407.0,0,0,360537
79466,2018,7,3,6009,6009.0,0,0,366133
79498,2018,7,3,7083,7083.0,0,0,390480
79514,2018,7,3,4749,4749.0,0,0,397817
79524,2018,7,3,5031,5031.0,0,0,404426
79530,2018,7,3,1791,1791.0,0,0,409051
79543,2017,11,3,4728,4728.0,346,62,714379
79550,2017,2,3,7299,7299.0,324,58,755374
79552,2018,7,3,7449,7449.0,0,0,419749
79553,2018,7,3,6579,6579.0,0,0,420394
79579,2018,7,3,2913,2913.0,0,0,440928
79581,2018,2,3,4872,4872.0,354,64,671803
79585,2018,7,3,1761,1761.0,0,0,442014
79587,2018,7,3,3657,3657.0,0,0,442249
79589,2018,7,3,3051,3051.0,0,0,444092
79590,2018,7,3,5736,5736.0,0,0,444894
79591,2018,7,3,6687,6687.0,0,0,448273
79600,2018,7,3,3774,3774.0,0,0,454440
79601,2018,7,3,4824,4824.0,0,0,455941
79633,2018,7,3,2202,2202.0,0,0,471858
79641,2018,7,3,7023,7023.0,0,0,478666
79644,2018,7,3,6486,6486.0,0,0,480909
79675,2018,7,3,1650,1650.0,0,0,494885
79678,2018,7,3,5694,5694.0,0,0,495253
79692,2018,7,3,1779,1779.0,0,0,507005
79725,2018,7,3,2799,2799.0,0,0,537038
79779,2018,7,3,2604,2604.0,0,0,565008
79780,2018,7,3,1656,1656.0,0,0,565452
79782,2018,7,3,7218,7218.0,0,0,567070
79790,2018,7,3,1929,1929.0,0,0,573332
79802,2018,7,3,2418,2418.0,0,0,579581
79827,2018,7,3,2361,2361.0,0,0,596586
79847,2018,7,3,2988,2988.0,0,0,607662
79855,2018,7,3,6615,6615.0,0,0,612510
79858,2018,1,3,6045,6045.0,509,92,248593
79869,2018,1,3,1998,1998.0,490,88,386790
79901,2018,7,3,4566,4566.0,0,0,635509
79938,2018,7,3,5370,5370.0,0,0,662380
79947,2018,7,3,4527,4527.0,0,0,667341
79968,2018,7,3,5253,5253.0,0,0,687463
79976,2018,7,3,5067,5067.0,0,0,694942
79978,2018,7,3,5811,5811.0,0,0,696096
80000,2018,7,3,2754,2754.0,0,0,717632
80006,2018,7,3,5655,5655.0,0,0,724272
80013,2018,7,3,3315,3315.0,0,0,726139
80049,2018,2,3,5673,5673.0,535,96,131047
80051,2018,7,3,4518,4518.0,0,0,745920
80123,2018,7,3,2931,2931.0,0,0,795230
80124,2017,7,3,2061,2061.0,568,102,804816
80125,2017,1,3,1761,1761.0,0,0,806348
80132,2018,7,3,6381,6381.0,0,0,803084
80140,2017,8,3,6882,6882.0,0,0,806348
80155,2018,4,3,5226,5226.0,0,0,806348
80159,2018,7,3,2412,2412.0,0,0,819809
80164,2017,4,3,1572,1572.0,383,69,806348
80165,2018,7,3,5991,5991.0,0,0,822765
80172,2018,7,3,6633,6633.0,0,0,830811
80176,2017,6,3,5514,5514.0,797,143,502012
80189,2018,7,3,2979,2979.0,0,0,838634
80192,2018,7,3,2826,2826.0,0,0,839422
80209,2018,7,3,3345,3345.0,0,0,852323
80226,2018,7,3,2778,2778.0,0,0,860684
80235,2018,7,3,6426,6426.0,0,0,867446
80243,2018,7,3,5811,5811.0,0,0,875796
80266,2018,7,3,3078,3078.0,0,0,892797
80283,2018,7,3,7014,7014.0,0,0,903209
80310,2018,7,3,4707,4707.0,0,0,917998
80314,2018,7,3,5706,5706.0,0,0,920162
80329,2018,7,3,1743,1743.0,0,0,931183
80341,2018,7,3,4233,4233.0,0,0,939238
80360,2018,7,3,2148,2148.0,0,0,950336
80391,2018,7,3,2391,2391.0,0,0,966204
80405,2018,7,3,2265,2265.0,0,0,971528
80413,2018,7,3,7395,7395.0,0,0,977303
80417,2018,7,3,1758,1758.0,0,0,979776
80421,2018,7,3,6834,6834.0,0,0,981536
80425,2018,7,3,4821,4821.0,0,0,982296
80432,2018,7,3,2157,2157.0,0,0,986421
80440,2018,7,3,2223,2223.0,0,0,994377
80469,2018,8,3,2082,2082.0,0,0,107212
80472,2018,8,3,7266,7266.0,0,0,107487
80483,2018,8,3,5574,5574.0,0,0,114219
80500,2018,8,3,7419,7419.0,0,0,120613
80504,2018,8,3,6984,6984.0,0,0,122545
80520,2018,8,3,5040,5040.0,0,0,131047
80530,2018,8,3,2109,2109.0,0,0,134273
80549,2018,8,3,3924,3924.0,0,0,144977
80587,2017,11,3,3774,3774.0,470,85,485933
80612,2018,8,3,2526,2526.0,0,0,182785
80614,2018,5,3,6210,6210.0,495,89,745920
80616,2018,8,3,7329,7329.0,0,0,185013
80619,2017,8,3,2340,2340.0,555,100,505522
80656,2018,8,3,5190,5190.0,0,0,201683
80740,2018,8,3,6318,6318.0,0,0,248593
80761,2018,8,3,6453,6453.0,0,0,259110
80762,2018,12,3,3327,3327.0,550,99,112842
80802,2018,8,3,5721,5721.0,0,0,276255
80828,2018,8,3,4026,4026.0,0,0,286065
80832,2018,8,3,7239,7239.0,0,0,287266
80854,2018,8,3,3810,3810.0,0,0,300870
80872,2018,8,3,5568,5568.0,0,0,317888
80890,2018,8,3,4023,4023.0,0,0,328446
80928,2018,8,3,2505,2505.0,0,0,345615
80977,2018,8,3,2625,2625.0,0,0,371368
80987,2017,12,3,2643,2643.0,506,91,905909
81063,2017,9,3,5433,5433.0,365,66,741422
81078,2018,8,3,6744,6744.0,0,0,420202
81081,2018,8,3,6789,6789.0,0,0,421001
81097,2018,8,3,4440,4440.0,0,0,431201
81106,2018,8,3,5565,5565.0,0,0,438199
81107,2018,8,3,5478,5478.0,0,0,439819
81115,2018,8,3,3519,3519.0,0,0,442014
81125,2018,8,3,2217,2217.0,0,0,444092
81131,2018,8,3,2202,2202.0,0,0,446991
81132,2018,8,3,1584,1584.0,0,0,447962
81141,2018,8,3,2061,2061.0,0,0,453448
81143,2018,8,3,2229,2229.0,0,0,453971
81145,2018,8,3,2406,2406.0,0,0,454440
81156,2018,8,3,2970,2970.0,0,0,458614
81163,2018,8,3,2619,2619.0,0,0,461199
81168,2018,8,3,7398,7398.0,0,0,462663
81219,2018,8,3,3627,3627.0,0,0,488303
81248,2018,5,3,3978,3978.0,493,89,756867
81268,2018,8,3,2229,2229.0,0,0,504860
81269,2018,8,3,5487,5487.0,0,0,505522
81275,2018,8,3,6777,6777.0,0,0,509513
81279,2018,8,3,4311,4311.0,0,0,511053
81280,2018,8,3,3138,3138.0,0,0,511342
81281,2018,8,3,2463,2463.0,0,0,511765
81296,2018,8,3,5241,5241.0,0,0,516995
81321,2018,8,3,5013,5013.0,0,0,528363
81328,2018,8,3,3957,3957.0,0,0,530508
81338,2018,8,3,6777,6777.0,0,0,537038
81357,2018,8,3,3447,3447.0,0,0,546665
81376,2018,8,3,4548,4548.0,0,0,557458
81377,2018,8,3,1857,1857.0,0,0,558097
81392,2017,2,3,5124,5124.0,485,87,444894
81394,2018,8,3,2388,2388.0,0,0,564813
81397,2018,8,3,1746,1746.0,0,0,565452
81416,2018,8,3,5550,5550.0,0,0,572811
81428,2018,8,3,7188,7188.0,0,0,577405
81473,2018,8,3,5694,5694.0,0,0,595323
81479,2018,8,3,6315,6315.0,0,0,599372
81511,2018,8,3,4167,4167.0,0,0,617099
81530,2018,8,3,7002,7002.0,0,0,623861
81532,2018,8,3,5883,5883.0,0,0,625123
81536,2018,8,3,6210,6210.0,0,0,627489
81577,2018,8,3,5277,5277.0,0,0,652816
81593,2018,8,3,1704,1704.0,0,0,660436
81608,2018,8,3,3243,3243.0,0,0,667860
81611,2018,8,3,1890,1890.0,0,0,668959
81662,2018,8,3,3348,3348.0,0,0,697272
81671,2018,8,3,2343,2343.0,0,0,702478
81675,2018,8,3,3585,3585.0,0,0,705911
81681,2018,8,3,6216,6216.0,0,0,709415
81693,2018,8,3,3216,3216.0,0,0,716785
81722,2018,8,3,5610,5610.0,0,0,730561
81749,2018,8,3,5982,5982.0,0,0,738459
81764,2018,8,3,6804,6804.0,0,0,746536
81765,2017,4,3,1677,1677.0,474,85,650621
81775,2018,8,3,3555,3555.0,0,0,750710
81788,2018,8,3,4053,4053.0,0,0,754539
81804,2018,8,3,2019,2019.0,0,0,762117
81821,2018,8,3,4581,4581.0,0,0,768072
81863,2018,8,3,2718,2718.0,0,0,790450
81883,2017,1,3,4821,4821.0,499,90,554104
81902,2018,8,3,4632,4632.0,0,0,818597
81910,2018,8,3,3045,3045.0,0,0,822956
81929,2018,8,3,3075,3075.0,0,0,832665
81943,2017,12,3,2838,2838.0,605,109,819809
81988,2018,8,3,6918,6918.0,0,0,851421
81989,2018,8,3,4926,4926.0,0,0,852323
82012,2018,11,3,4932,4932.0,361,65,872335
82015,2018,8,3,1758,1758.0,0,0,861330
82024,2018,8,3,2364,2364.0,0,0,867446
82039,2017,11,3,2283,2283.0,343,62,660436
82074,2018,9,3,4524,4524.0,514,93,421001
82082,2018,8,3,7431,7431.0,0,0,893863
82086,2018,8,3,6537,6537.0,0,0,894620
82092,2018,8,3,3921,3921.0,0,0,896651
82115,2017,11,3,5841,5841.0,403,73,966580
82127,2017,10,3,2052,2052.0,424,76,535436
82131,2018,8,3,3393,3393.0,0,0,917610
82139,2018,8,3,6279,6279.0,0,0,922188
82143,2018,8,3,5808,5808.0,0,0,923234
82154,2018,8,3,4110,4110.0,0,0,929728
82196,2018,8,3,3042,3042.0,0,0,948662
82200,2018,8,3,3045,3045.0,0,0,949974
82209,2018,8,3,7215,7215.0,0,0,952955
82218,2018,12,3,7209,7209.0,418,75,330464
82224,2018,8,3,3180,3180.0,0,0,959453
82252,2018,8,3,7227,7227.0,0,0,971582
82261,2018,8,3,4392,4392.0,0,0,974829
82273,2018,8,3,5985,5985.0,0,0,979644
82281,2018,8,3,5391,5391.0,0,0,984429
82294,2018,8,3,1935,1935.0,0,0,994377
82312,2018,9,3,4524,4524.0,0,0,105214
82314,2018,3,3,4650,4650.0,393,71,175249
82338,2018,9,3,4023,4023.0,0,0,121856
82352,2018,9,3,6231,6231.0,0,0,130208
82363,2018,6,3,4671,4671.0,629,113,246187
82365,2018,9,3,6021,6021.0,0,0,135977
82418,2018,9,3,6360,6360.0,0,0,164973
82420,2018,9,3,1962,1962.0,0,0,166037
82452,2018,9,3,3876,3876.0,0,0,187838
82453,2018,9,3,4899,4899.0,0,0,188147
82464,2018,9,3,4818,4818.0,0,0,193665
82490,2018,9,3,4665,4665.0,0,0,207110
82498,2018,9,3,5685,5685.0,0,0,212477
82504,2018,9,3,3219,3219.0,0,0,215508
82528,2018,9,3,1929,1929.0,0,0,228673
82542,2018,9,3,7095,7095.0,0,0,236593
82559,2018,9,3,7119,7119.0,0,0,247471
82577,2018,9,3,6918,6918.0,0,0,256486
82580,2018,9,3,6273,6273.0,0,0,257417
82631,2018,9,3,6573,6573.0,0,0,281979
82632,2018,9,3,5442,5442.0,0,0,283770
82636,2018,9,3,4053,4053.0,0,0,286065
82652,2018,9,3,3693,3693.0,0,0,295302
82654,2018,9,3,3948,3948.0,0,0,295412
82683,2018,9,3,5298,5298.0,0,0,310965
82696,2018,9,3,3573,3573.0,0,0,317776
82701,2018,9,3,3366,3366.0,0,0,319664
82702,2018,9,3,6282,6282.0,0,0,319868
82704,2018,9,3,2019,2019.0,0,0,321027
82709,2018,9,3,3789,3789.0,0,0,323720
82713,2018,9,3,2631,2631.0,0,0,325367
82721,2018,9,3,6252,6252.0,0,0,327972
82752,2018,9,3,2385,2385.0,0,0,337453
82778,2018,9,3,2295,2295.0,0,0,353128
82833,2018,9,3,3675,3675.0,0,0,379120
82849,2018,9,3,3084,3084.0,0,0,386790
82861,2018,9,3,2172,2172.0,0,0,391611
82862,2018,9,3,5043,5043.0,0,0,392802
82915,2018,9,3,4329,4329.0,0,0,421191
82923,2018,9,3,3063,3063.0,0,0,426185
82931,2018,9,3,1752,1752.0,0,0,431201
82932,2018,1,3,4173,4173.0,374,67,225363
82936,2018,9,3,5391,5391.0,0,0,432493
82962,2018,9,3,3327,3327.0,0,0,442014
82988,2018,9,3,5031,5031.0,0,0,453971
83011,2018,9,3,6888,6888.0,0,0,466953
83019,2018,9,3,2988,2988.0,0,0,472532
83030,2018,9,3,4977,4977.0,0,0,476371
83034,2018,9,3,3300,3300.0,0,0,478107
83043,2018,9,3,2100,2100.0,0,0,481293
83053,2018,9,3,7485,7485.0,0,0,486112
83060,2018,9,3,6096,6096.0,0,0,488303
83065,2018,9,3,7380,7380.0,0,0,489842
83076,2018,9,3,4791,4791.0,0,0,492367
83114,2018,9,3,6447,6447.0,0,0,506170
83130,2018,9,3,7227,7227.0,0,0,513246
83134,2017,7,3,2202,2202.0,0,0,862659
83144,2017,12,3,6099,6099.0,0,0,862659
83154,2018,9,3,6522,6522.0,0,0,525548
83179,2018,9,3,5211,5211.0,0,0,535482
83200,2017,4,3,3984,3984.0,589,106,407999
83254,2018,9,3,6111,6111.0,0,0,565171
83258,2018,9,3,3603,3603.0,0,0,567219
83292,2018,9,3,2274,2274.0,0,0,579424
83316,2018,9,3,2445,2445.0,0,0,590989
83342,2018,9,3,6714,6714.0,0,0,602694
83386,2018,9,3,3738,3738.0,0,0,621940
83388,2018,9,3,6582,6582.0,0,0,623861
83403,2018,9,3,7089,7089.0,0,0,631661
83426,2017,3,3,2085,2085.0,590,106,826304
83428,2018,9,3,5166,5166.0,0,0,644630
83438,2018,9,3,3255,3255.0,0,0,650445
83445,2018,9,3,5061,5061.0,0,0,652816
83457,2018,9,3,6507,6507.0,0,0,662380
83473,2018,9,3,3978,3978.0,0,0,667860
83547,2018,9,3,2037,2037.0,0,0,694942
83551,2018,6,3,4044,4044.0,704,127,165019
83568,2018,9,3,3696,3696.0,0,0,708020
83585,2018,9,3,5553,5553.0,0,0,715462
83608,2018,9,3,4812,4812.0,0,0,724272
83647,2018,9,3,6213,6213.0,0,0,745811
83648,2018,9,3,2481,2481.0,0,0,745920
83649,2018,9,3,5886,5886.0,0,0,746536
83650,2018,9,3,2073,2073.0,0,0,746772
83678,2018,9,3,5937,5937.0,0,0,756791
83697,2018,9,3,4347,4347.0,0,0,768072
83699,2018,9,3,1845,1845.0,0,0,771035
83724,2018,9,3,1578,1578.0,0,0,781062
83734,2018,9,3,6438,6438.0,0,0,787548
83741,2018,10,3,2271,2271.0,552,99,265557
83790,2018,9,3,4278,4278.0,0,0,809733
83837,2018,9,3,6519,6519.0,0,0,828232
83840,2018,9,3,3930,3930.0,0,0,830385
83850,2018,9,3,5616,5616.0,0,0,834799
83855,2018,9,3,5418,5418.0,0,0,838634
83883,2018,10,3,4950,4950.0,390,70,444092
83894,2018,9,3,4491,4491.0,0,0,854902
83897,2018,9,3,7188,7188.0,0,0,857814
83917,2018,9,3,2340,2340.0,0,0,863349
83924,2018,9,3,2298,2298.0,0,0,867446
83956,2017,11,3,5796,5796.0,0,0,878510
83972,2018,9,3,5373,5373.0,0,0,893266
83974,2018,9,3,6528,6528.0,0,0,894620
83995,2018,9,3,3906,3906.0,0,0,906615
84026,2018,9,3,4497,4497.0,0,0,921278
84031,2018,9,3,5073,5073.0,0,0,922786
84033,2018,9,3,5292,5292.0,0,0,923234
84039,2018,9,3,4431,4431.0,0,0,924793
84071,2018,9,3,7419,7419.0,0,0,939238
84072,2018,9,3,4020,4020.0,0,0,939485
84126,2018,9,3,5505,5505.0,0,0,968034
84132,2018,9,3,4752,4752.0,0,0,968666
84133,2017,12,3,6603,6603.0,730,131,762117
84167,2018,9,3,6126,6126.0,0,0,986208
84177,2018,9,3,3378,3378.0,0,0,990918
84180,2018,9,3,4854,4854.0,0,0,991230
84220,2018,10,3,5574,5574.0,0,0,109495
84226,2018,10,3,7203,7203.0,0,0,112842
84252,2018,10,3,2007,2007.0,0,0,127785
84269,2018,10,3,6159,6159.0,0,0,135312
84274,2018,10,3,5637,5637.0,0,0,138737
84293,2017,6,3,2721,2721.0,547,98,169247
84308,2018,10,3,5781,5781.0,0,0,153626
84375,2018,10,3,3405,3405.0,0,0,182785
84378,2017,11,3,3882,3882.0,374,67,596586
84386,2018,10,3,6864,6864.0,0,0,187838
84403,2018,10,3,6009,6009.0,0,0,196442
84408,2018,10,3,5091,5091.0,0,0,197086
84416,2018,10,3,4974,4974.0,0,0,201683
84464,2018,10,3,4635,4635.0,0,0,228673
84465,2017,5,3,3063,3063.0,606,109,781062
84478,2018,10,3,1965,1965.0,0,0,237434
84479,2018,11,3,4818,4818.0,326,59,991230
84490,2018,10,3,2034,2034.0,0,0,244308
84493,2018,10,3,5790,5790.0,0,0,246187
84496,2018,10,3,4656,4656.0,0,0,247514
84511,2018,10,3,2676,2676.0,0,0,254860
84519,2018,10,3,3366,3366.0,0,0,259110
84537,2018,10,3,5760,5760.0,0,0,267291
84540,2018,10,3,3408,3408.0,0,0,268129
84542,2018,10,3,5619,5619.0,0,0,268414
84546,2018,10,3,3714,3714.0,0,0,271675
84552,2018,10,3,3693,3693.0,0,0,273984
84553,2018,10,3,3060,3060.0,0,0,274141
84557,2018,10,3,3630,3630.0,0,0,274879
84579,2018,10,3,5697,5697.0,0,0,286065
84623,2017,11,3,4932,4932.0,362,65,513246
84669,2018,10,3,6126,6126.0,0,0,321027
84696,2018,10,3,2367,2367.0,0,0,331598
84753,2018,10,3,2400,2400.0,0,0,366133
84837,2018,10,3,3447,3447.0,0,0,405928
84838,2018,10,3,6456,6456.0,0,0,406254
84841,2018,10,3,4710,4710.0,0,0,407999
84852,2018,10,3,7383,7383.0,0,0,412402
84874,2018,10,3,3903,3903.0,0,0,419661
84888,2018,10,3,2031,2031.0,0,0,426124
84926,2018,10,3,3672,3672.0,0,0,445073
84928,2018,10,3,3663,3663.0,0,0,445427
84957,2018,10,3,3801,3801.0,0,0,462663
84990,2018,10,3,5472,5472.0,0,0,481293
85005,2018,10,3,2766,2766.0,0,0,491253
85017,2018,10,3,7272,7272.0,0,0,496357
85019,2018,10,3,3054,3054.0,0,0,498149
85021,2018,10,3,5250,5250.0,0,0,499128
85023,2018,10,3,2952,2952.0,0,0,499945
85026,2018,10,3,2388,2388.0,0,0,502012
85058,2017,2,3,6303,6303.0,472,85,259110
85068,2018,10,3,5409,5409.0,0,0,525548
85092,2018,10,3,7185,7185.0,0,0,537038
85126,2017,11,3,2619,2619.0,369,66,136516
85132,2018,10,3,3399,3399.0,0,0,557458
85152,2018,10,3,1893,1893.0,0,0,567219
85165,2018,10,3,3642,3642.0,0,0,573830
85176,2018,10,3,5133,5133.0,0,0,577405
85207,2018,8,3,2520,2520.0,616,111,310965
85216,2018,10,3,1755,1755.0,0,0,593252
85220,2018,10,3,4566,4566.0,0,0,595083
85228,2017,5,3,4170,4170.0,0,0,909880
85238,2018,10,3,6027,6027.0,0,0,603775
85246,2018,10,3,7194,7194.0,0,0,607662
85273,2018,10,3,2157,2157.0,0,0,617296
85294,2018,10,3,5985,5985.0,0,0,625434
85298,2018,10,3,4950,4950.0,0,0,628017
85348,2018,10,3,2634,2634.0,0,0,650445
85349,2018,10,3,3297,3297.0,0,0,650621
85366,2018,7,3,3336,3336.0,585,105,603775
85367,2018,10,3,6579,6579.0,0,0,659536
85373,2018,9,3,1803,1803.0,483,87,273984
85380,2018,10,3,4359,4359.0,0,0,668959
85383,2018,10,3,2859,2859.0,0,0,670751
85384,2018,10,3,2685,2685.0,0,0,671534
85386,2018,10,3,3678,3678.0,0,0,671803
85443,2018,10,3,2733,2733.0,0,0,695878
85446,2018,10,3,1689,1689.0,0,0,697272
85456,2018,10,3,6690,6690.0,0,0,702147
85515,2018,10,3,7248,7248.0,0,0,729518
85517,2018,10,3,5802,5802.0,0,0,730561
85521,2018,10,3,5508,5508.0,0,0,733907
85538,2018,10,3,3078,3078.0,0,0,741422
85542,2017,11,3,2832,2832.0,0,0,919922
85543,2018,10,3,4887,4887.0,0,0,744528
85544,2018,10,3,2877,2877.0,0,0,744567
85546,2018,10,3,2190,2190.0,0,0,745920
85548,2018,4,3,2274,2274.0,0,0,919922
85551,2018,2,3,3126,3126.0,0,0,919922
85552,2018,3,3,4812,4812.0,0,0,919922
85569,2018,10,3,4683,4683.0,0,0,756867
85582,2018,10,3,6198,6198.0,0,0,762272
85607,2018,10,3,6885,6885.0,0,0,771056
85623,2018,10,3,5583,5583.0,0,0,776736
85653,2018,10,3,5214,5214.0,0,0,790450
85669,2017,4,3,6396,6396.0,458,82,466953
85698,2018,10,3,2523,2523.0,0,0,810581
85718,2018,10,3,3996,3996.0,0,0,822765
85723,2018,1,3,3714,3714.0,423,76,107571
85788,2018,10,3,1518,1518.0,0,0,853421
85792,2017,10,3,2358,2358.0,0,0,929712
85796,2018,10,3,4842,4842.0,0,0,856406
85804,2018,10,3,6870,6870.0,0,0,860684
85838,2018,7,3,3690,3690.0,720,130,486112
85899,2018,10,3,4308,4308.0,0,0,906178
85902,2018,10,3,2106,2106.0,0,0,908120
85923,2018,10,3,3900,3900.0,0,0,918053
85928,2018,10,3,7356,7356.0,387,70,508115
85929,2018,10,3,4143,4143.0,0,0,920162
85932,2018,10,3,5088,5088.0,0,0,922000
85942,2018,10,3,5166,5166.0,0,0,929980
85951,2018,10,3,4095,4095.0,0,0,933968
85974,2018,10,3,3573,3573.0,0,0,946001
85978,2018,10,3,3504,3504.0,0,0,948325
85989,2018,10,3,5115,5115.0,0,0,952955
86029,2018,10,3,4329,4329.0,0,0,973407
86042,2018,10,3,6465,6465.0,0,0,979644
86049,2018,10,3,6426,6426.0,0,0,983822
86150,2018,11,3,1572,1572.0,0,0,130208
86152,2018,11,3,1866,1866.0,0,0,131257
86159,2018,11,3,6180,6180.0,0,0,135421
86166,2018,11,3,2244,2244.0,0,0,138737
86171,2018,11,3,2211,2211.0,0,0,139863
86182,2018,11,3,1617,1617.0,0,0,144977
86185,2018,11,3,3204,3204.0,0,0,146037
86202,2018,11,3,4374,4374.0,0,0,153626
86220,2018,11,3,4524,4524.0,0,0,160135
86236,2018,11,3,6396,6396.0,0,0,167465
86251,2018,1,3,4344,4344.0,480,86,504311
86267,2017,3,3,3441,3441.0,626,113,921278
86286,2017,4,3,6951,6951.0,520,94,819809
86308,2018,11,3,3585,3585.0,0,0,201683
86311,2018,11,3,7386,7386.0,0,0,202358
86312,2018,11,3,5526,5526.0,0,0,203033
86334,2018,11,3,7446,7446.0,0,0,210755
86336,2017,8,3,3357,3357.0,535,96,628431
86339,2018,11,3,6882,6882.0,0,0,212477
86398,2018,11,3,7251,7251.0,0,0,236593
86453,2018,11,3,4959,4959.0,0,0,257417
86458,2018,11,3,4329,4329.0,0,0,259110
86473,2018,11,3,5532,5532.0,0,0,266148
86492,2018,11,3,4869,4869.0,0,0,273984
86497,2018,11,3,5007,5007.0,0,0,276035
86498,2018,11,3,5463,5463.0,0,0,276289
86505,2018,11,3,4065,4065.0,0,0,279231
86537,2018,11,3,1881,1881.0,0,0,295302
86569,2018,1,3,5532,5532.0,434,78,266148
86622,2018,11,3,1803,1803.0,0,0,327972
86628,2018,11,3,5790,5790.0,0,0,329302
86631,2018,11,3,2790,2790.0,0,0,329826
86637,2018,11,3,1728,1728.0,0,0,331325
86646,2018,11,3,7392,7392.0,0,0,336341
86649,2018,11,3,5871,5871.0,0,0,338285
86666,2018,11,3,6594,6594.0,0,0,345615
86668,2018,11,3,3375,3375.0,347,62,120613
86752,2018,11,3,5139,5139.0,0,0,379120
86753,2018,11,3,4530,4530.0,0,0,379238
86821,2018,11,3,3801,3801.0,0,0,402052
86832,2018,11,3,3669,3669.0,0,0,407999
86834,2018,11,3,3222,3222.0,0,0,408838
86835,2018,11,3,7413,7413.0,0,0,409051
86847,2018,11,3,7392,7392.0,0,0,411715
86853,2018,11,3,2124,2124.0,0,0,412995
86855,2018,11,3,4254,4254.0,0,0,414164
86898,2017,7,3,6375,6375.0,792,143,485795
86904,2018,11,3,3780,3780.0,0,0,432493
86935,2018,11,3,3585,3585.0,0,0,442249
86942,2018,11,3,3789,3789.0,0,0,444365
86946,2018,11,3,4425,4425.0,0,0,444894
86953,2018,11,3,6543,6543.0,0,0,447962
86964,2018,11,3,6381,6381.0,0,0,453448
86966,2018,11,3,6747,6747.0,0,0,453971
87003,2018,11,3,3489,3489.0,0,0,466953
87005,2018,6,3,7197,7197.0,656,118,822956
87027,2018,11,3,5745,5745.0,0,0,478050
87036,2018,11,3,2577,2577.0,0,0,481293
87077,2018,11,3,7098,7098.0,0,0,494515
87079,2018,11,3,3144,3144.0,0,0,494885
87083,2018,11,3,3864,3864.0,0,0,496357
87100,2018,7,3,2427,2427.0,725,131,371368
87125,2018,11,3,3666,3666.0,0,0,515969
87127,2018,11,3,2577,2577.0,0,0,516995
87157,2018,11,3,3213,3213.0,0,0,527194
87166,2018,11,3,2586,2586.0,0,0,528331
87172,2018,11,3,2868,2868.0,0,0,530508
87184,2018,11,3,5343,5343.0,0,0,535852
87207,2018,2,3,2274,2274.0,319,57,625033
87224,2018,11,3,3255,3255.0,0,0,554104
87275,2018,11,3,6639,6639.0,0,0,572811
87290,2018,11,3,1746,1746.0,0,0,577405
87306,2018,11,3,3525,3525.0,0,0,581661
87311,2017,5,3,2679,2679.0,663,119,323720
87343,2018,11,3,1896,1896.0,0,0,596390
87344,2018,11,3,2334,2334.0,0,0,596586
87378,2018,11,3,7284,7284.0,0,0,612510
87390,2017,11,3,5583,5583.0,545,98,243061
87412,2018,11,3,5676,5676.0,0,0,625033
87420,2018,11,3,3267,3267.0,0,0,628017
87431,2018,11,3,6261,6261.0,0,0,635509
87453,2018,11,3,1752,1752.0,0,0,642409
87455,2018,11,3,6039,6039.0,0,0,643912
87480,2018,11,3,7083,7083.0,0,0,652816
87495,2018,11,3,2856,2856.0,0,0,660436
87499,2018,11,3,5106,5106.0,0,0,661744
87520,2018,11,3,2520,2520.0,0,0,670751
87524,2018,11,3,4473,4473.0,0,0,672391
87527,2018,11,3,5772,5772.0,0,0,676669
87600,2018,11,3,7359,7359.0,0,0,702284
87608,2018,11,3,4302,4302.0,0,0,705911
87610,2018,11,3,2883,2883.0,0,0,706820
87629,2018,11,3,3873,3873.0,0,0,713085
87645,2018,11,3,3774,3774.0,0,0,717632
87651,2018,11,3,2847,2847.0,0,0,719383
87655,2018,11,3,3567,3567.0,0,0,721688
87660,2018,11,3,6687,6687.0,0,0,724272
87691,2018,11,3,5643,5643.0,0,0,733907
87699,2018,11,3,7308,7308.0,0,0,736258
87726,2018,11,3,1971,1971.0,0,0,747926
87753,2018,11,3,3249,3249.0,0,0,756515
87790,2018,11,3,3834,3834.0,0,0,770968
87852,2018,8,3,4182,4182.0,433,78,360902
87881,2018,11,3,4740,4740.0,0,0,801821
87892,2018,11,3,5502,5502.0,0,0,804521
87899,2018,11,3,1818,1818.0,0,0,807058
87916,2018,11,3,3330,3330.0,0,0,812894
87939,2018,11,3,3378,3378.0,0,0,824133
87943,2018,11,3,2226,2226.0,0,0,825484
87945,2018,11,3,2253,2253.0,0,0,826304
87957,2018,11,3,5802,5802.0,0,0,833998
87960,2018,11,3,1680,1680.0,0,0,834799
87985,2018,11,3,6348,6348.0,0,0,846291
87994,2018,11,3,3552,3552.0,0,0,851986
88005,2018,11,3,4200,4200.0,0,0,856406
88008,2018,11,3,3525,3525.0,0,0,857814
88023,2018,11,3,3411,3411.0,0,0,863259
88040,2018,11,3,5058,5058.0,0,0,870574
88044,2018,1,3,7446,7446.0,498,90,628431
88054,2018,11,3,2733,2733.0,0,0,875796
88105,2018,11,3,3111,3111.0,0,0,893863
88122,2018,11,3,6831,6831.0,0,0,900894
88136,2018,11,3,7338,7338.0,0,0,903209
88180,2018,11,3,6207,6207.0,0,0,922000
88192,2018,11,3,7104,7104.0,0,0,924793
88194,2018,11,3,6201,6201.0,0,0,925385
88225,2018,4,3,4941,4941.0,517,93,986421
88228,2018,11,3,6636,6636.0,0,0,939485
88251,2018,11,3,7089,7089.0,0,0,947234
88301,2018,11,3,4647,4647.0,0,0,966391
88324,2018,11,3,7044,7044.0,0,0,977303
88367,2018,11,3,7329,7329.0,0,0,994377
88368,2018,11,3,3069,3069.0,0,0,994877
88379,2018,11,3,2436,2436.0,0,0,997439
88408,2018,12,3,6540,6540.0,0,0,106037
88412,2018,12,3,3921,3921.0,0,0,106776
88414,2018,12,3,6405,6405.0,0,0,107212
88416,2018,12,3,2133,2133.0,0,0,107571
88418,2018,11,3,4671,4671.0,557,100,984429
88426,2018,12,3,3879,3879.0,0,0,114219
88432,2018,12,3,5472,5472.0,0,0,116735
88443,2018,12,3,5631,5631.0,0,0,120583
88445,2018,12,3,1788,1788.0,0,0,121856
88465,2018,12,3,7266,7266.0,0,0,131560
88492,2018,12,3,5136,5136.0,0,0,144977
88494,2018,12,3,4149,4149.0,0,0,146037
88498,2018,12,3,5643,5643.0,0,0,147700
88502,2018,12,3,5532,5532.0,0,0,149884
88503,2018,12,3,7032,7032.0,0,0,149912
88507,2018,12,3,3540,3540.0,0,0,153600
88546,2018,12,3,5295,5295.0,0,0,169129
88574,2018,12,3,5877,5877.0,0,0,183025
88578,2018,12,3,3657,3657.0,0,0,184924
88582,2018,12,3,5265,5265.0,0,0,186593
88585,2018,12,3,6501,6501.0,0,0,188147
88623,2018,12,3,3921,3921.0,0,0,202696
88632,2018,12,3,5595,5595.0,0,0,207001
88633,2018,12,3,2484,2484.0,0,0,207110
88635,2018,12,3,2493,2493.0,0,0,207576
88664,2018,12,3,6582,6582.0,0,0,218917
88666,2018,12,3,2289,2289.0,0,0,221993
88676,2018,12,3,3828,3828.0,0,0,228673
88694,2018,12,3,6705,6705.0,0,0,236767
88706,2018,12,3,6960,6960.0,0,0,243061
88742,2017,12,3,7041,7041.0,696,125,939485
88756,2018,12,3,3411,3411.0,0,0,263127
88762,2018,12,3,4905,4905.0,0,0,264486
88765,2018,12,3,6060,6060.0,0,0,265297
88771,2018,12,3,2439,2439.0,0,0,268414
88791,2018,12,3,6651,6651.0,0,0,276289
88811,2018,12,3,3642,3642.0,0,0,282259
88861,2018,12,3,3261,3261.0,0,0,311946
88864,2018,5,3,3210,3210.0,693,125,667860
88876,2018,12,3,3681,3681.0,0,0,317888
88877,2018,12,3,2739,2739.0,0,0,318264
88882,2018,3,3,2049,2049.0,693,125,366133
88883,2018,12,3,6237,6237.0,0,0,319868
88886,2018,12,3,2829,2829.0,0,0,320414
88932,2018,8,3,1701,1701.0,754,136,274141
88933,2018,12,3,3591,3591.0,0,0,345615
88978,2018,12,3,5904,5904.0,0,0,365451
89048,2018,12,3,6267,6267.0,0,0,397817
89063,2018,12,3,3096,3096.0,0,0,402052
89070,2018,12,3,5352,5352.0,0,0,406254
89076,2018,12,3,6714,6714.0,0,0,408838
89094,2018,12,3,2148,2148.0,0,0,415402
89105,2018,12,3,6021,6021.0,0,0,419661
89109,2018,12,3,3600,3600.0,0,0,421923
89118,2017,2,3,6435,6435.0,0,0,979449
89126,2017,11,3,5250,5250.0,348,63,979449
89210,2018,12,3,6285,6285.0,0,0,467945
89239,2018,12,3,2202,2202.0,0,0,483768
89273,2018,12,3,1977,1977.0,0,0,500022
89298,2018,12,3,5580,5580.0,0,0,511053
89299,2018,12,3,3471,3471.0,0,0,511765
89327,2018,12,3,7008,7008.0,0,0,519726
89335,2017,10,3,2022,2022.0,452,81,999631
89356,2018,12,3,4110,4110.0,0,0,535482
89362,2018,12,3,1653,1653.0,0,0,537038
89363,2018,12,3,4578,4578.0,0,0,537387
89374,2018,12,3,6996,6996.0,0,0,542893
89390,2018,12,3,4800,4800.0,0,0,550262
89401,2018,12,3,1806,1806.0,0,0,554442
89408,2018,12,3,6342,6342.0,0,0,557458
89430,2018,12,3,4842,4842.0,0,0,565171
89468,2018,12,3,5802,5802.0,0,0,579424
89477,2018,2,3,2937,2937.0,390,70,316793
89488,2018,12,3,5919,5919.0,567,102,771035
89501,2018,12,3,3987,3987.0,0,0,593252
89546,2018,12,3,5073,5073.0,0,0,609072
89556,2018,12,3,3000,3000.0,0,0,612510
89561,2018,12,3,3669,3669.0,0,0,614810
89573,2018,12,3,3111,3111.0,0,0,618824
89613,2018,12,3,6342,6342.0,0,0,644163
89616,2018,12,3,7065,7065.0,0,0,644786
89653,2018,12,3,2169,2169.0,0,0,664008
89706,2018,12,3,6447,6447.0,0,0,693295
89713,2018,12,3,3795,3795.0,0,0,695342
89727,2018,12,3,1719,1719.0,0,0,701732
89742,2018,3,3,5394,5394.0,593,107,825484
89743,2018,12,3,2685,2685.0,0,0,708258
89776,2018,8,3,2961,2961.0,501,90,147700
89787,2018,12,3,3690,3690.0,0,0,730561
89812,2018,12,3,4287,4287.0,0,0,738459
89822,2018,12,3,1689,1689.0,0,0,741422
89826,2018,12,3,6606,6606.0,0,0,742281
89844,2018,12,3,4881,4881.0,0,0,747609
89853,2018,12,3,7332,7332.0,0,0,750710
89856,2018,12,3,4413,4413.0,0,0,753473
89862,2018,12,3,1962,1962.0,0,0,760061
89867,2018,12,3,7497,7497.0,0,0,762117
89886,2018,12,3,3126,3126.0,0,0,770968
89887,2018,12,3,3144,3144.0,0,0,771056
89914,2018,12,3,6984,6984.0,0,0,778030
89961,2018,12,3,3321,3321.0,0,0,800433
89982,2018,12,3,4275,4275.0,0,0,809733
89988,2018,12,3,2196,2196.0,0,0,811684
90020,2018,12,3,3804,3804.0,0,0,819809
90021,2018,12,3,2967,2967.0,0,0,820344
90035,2018,12,3,6393,6393.0,0,0,826304
90065,2018,12,3,3246,3246.0,0,0,838634
90085,2018,12,3,6141,6141.0,0,0,851836
90092,2018,12,3,6984,6984.0,0,0,855050
90099,2018,12,3,4476,4476.0,0,0,861330
90100,2018,12,3,2313,2313.0,0,0,861629
90105,2018,12,3,3039,3039.0,0,0,863349
90155,2018,12,3,4779,4779.0,0,0,886439
90164,2018,12,3,7350,7350.0,0,0,890882
90171,2018,12,3,4893,4893.0,0,0,893266
90185,2018,12,3,7407,7407.0,0,0,906615
90188,2018,12,3,2220,2220.0,0,0,907038
90206,2018,12,3,2679,2679.0,0,0,917610
90209,2018,12,3,5334,5334.0,0,0,918053
90216,2018,12,3,3069,3069.0,0,0,921278
90251,2018,12,3,5736,5736.0,0,0,942189
90257,2018,12,3,7092,7092.0,0,0,946258
90261,2018,12,3,6831,6831.0,0,0,950336
90302,2018,12,3,4557,4557.0,0,0,966391
90307,2018,12,3,2883,2883.0,0,0,967883
90309,2018,12,3,6849,6849.0,0,0,968225
90321,2018,12,3,2142,2142.0,0,0,971582
90330,2018,12,3,2376,2376.0,0,0,973407
90344,2018,12,3,1503,1503.0,0,0,980952
90354,2018,12,3,5082,5082.0,0,0,986208
90361,2018,12,3,6129,6129.0,0,0,991230
90362,2017,8,3,6264,6264.0,768,138,421923
90368,2018,12,3,4350,4350.0,0,0,994877
90385,2018,12,3,4224,4224.0,0,0,999631
90577,2018,2,0,0,0.0,0,0,264034
90578,2018,3,0,0,0.0,0,0,264034
90579,2018,4,0,0,0.0,0,0,264034
90580,2018,5,0,0,0.0,0,0,264034
90581,2018,6,0,0,0.0,0,0,264034
90582,2018,7,0,0,0.0,0,0,264034
90583,2018,8,0,0,0.0,0,0,264034
90584,2018,9,0,0,0.0,0,0,264034
90585,2018,10,0,0,0.0,0,0,264034
90586,2018,11,0,0,0.0,0,0,264034
90587,2018,12,0,0,0.0,0,0,264034
90676,2018,8,12,9444,14166.0,0,0,275387
90677,2018,9,6,11952,17928.0,0,0,275387
90678,2018,5,4,5528,8292.0,0,0,275387
90679,2018,6,4,5688,8532.0,0,0,275387
90680,2018,7,4,4500,6750.0,0,0,275387
90681,2018,11,4,4372,6558.0,0,0,275387
90682,2018,2,0,0,0.0,0,0,275387
90683,2018,3,0,0,0.0,0,0,275387
90684,2018,4,0,0,0.0,0,0,275387
90685,2018,10,0,0,0.0,0,0,275387
90686,2018,12,0,0,0.0,0,0,275387
90846,2017,1,2,1378,1378.0,0,0,102311
90854,2017,1,2,2130,2130.0,0,0,106592
90869,2017,1,2,1974,1974.0,0,0,116735
90893,2017,1,2,4238,4238.0,0,0,128789
90902,2017,1,2,1948,1948.0,0,0,135312
90906,2017,1,2,2614,2614.0,0,0,136516
90912,2017,1,2,4910,4910.0,0,0,139863
90923,2017,1,2,4530,4530.0,0,0,144977
90948,2017,1,2,1406,1406.0,0,0,160135
90956,2017,1,2,2846,2846.0,0,0,163608
90961,2017,1,2,2504,2504.0,0,0,165019
90963,2017,1,2,3528,3528.0,0,0,165742
90972,2017,1,2,2160,2160.0,0,0,170585
91000,2017,1,2,3834,3834.0,0,0,186593
91005,2017,1,2,1980,1980.0,0,0,188147
91021,2017,1,2,3762,3762.0,0,0,196442
91039,2017,1,2,2576,2576.0,0,0,202696
91040,2017,1,2,3240,3240.0,0,0,203033
91066,2017,1,2,3932,3932.0,0,0,215508
91074,2017,1,2,3240,3240.0,0,0,220822
91078,2018,12,2,1570,1570.0,389,70,856406
91102,2017,1,2,4614,4614.0,0,0,237434
91148,2018,9,2,1952,1952.0,373,67,535436
91164,2018,10,2,2908,2908.0,356,64,966580
91167,2017,1,2,1864,1864.0,0,0,274141
91191,2017,1,2,4140,4140.0,0,0,286065
91224,2017,1,2,1484,1484.0,0,0,300870
91229,2017,1,2,3898,3898.0,0,0,306708
91243,2017,12,2,2588,2588.0,0,0,108896
91263,2017,1,2,1688,1688.0,0,0,323720
91279,2017,1,2,3370,3370.0,0,0,328446
91281,2017,1,2,4624,4624.0,0,0,329302
91295,2017,1,2,3846,3846.0,0,0,336341
91305,2017,1,2,3298,3298.0,0,0,342527
91333,2017,1,2,2656,2656.0,0,0,353128
91411,2017,1,2,1850,1850.0,0,0,392802
91429,2017,1,2,2808,2808.0,0,0,402964
91439,2017,1,2,1084,1084.0,0,0,405928
91468,2017,1,2,2004,2004.0,0,0,421191
91478,2017,1,2,3044,3044.0,0,0,429308
91564,2017,1,2,2254,2254.0,0,0,480909
91565,2017,1,2,3804,3804.0,0,0,482528
91575,2017,1,2,3786,3786.0,0,0,485933
91642,2017,1,2,3058,3058.0,0,0,516995
91676,2018,7,2,4712,4712.0,468,84,804521
91679,2017,1,2,2064,2064.0,334,60,719383
91685,2017,1,2,1206,1206.0,0,0,535852
91686,2017,1,2,4596,4596.0,0,0,535944
91703,2018,10,2,3336,3336.0,341,61,331325
91716,2017,1,2,2032,2032.0,0,0,552328
91741,2017,1,2,1938,1938.0,0,0,567070
91771,2017,1,2,2156,2156.0,0,0,578811
91777,2017,1,2,2376,2376.0,0,0,581661
91805,2017,1,2,3576,3576.0,0,0,596586
91814,2017,1,2,1450,1450.0,0,0,601597
91843,2017,1,2,3148,3148.0,0,0,617099
91853,2017,1,2,4952,4952.0,0,0,620122
91864,2017,1,2,4290,4290.0,0,0,628017
91875,2017,1,2,1512,1512.0,0,0,631661
91889,2017,1,2,4440,4440.0,0,0,640244
91893,2017,1,2,1874,1874.0,0,0,642002
91898,2017,1,2,2236,2236.0,0,0,643912
91901,2017,1,2,3784,3784.0,0,0,644630
91918,2017,1,2,3462,3462.0,0,0,654073
91924,2017,10,2,2280,2280.0,342,62,106689
91927,2017,1,2,3722,3722.0,0,0,659536
91954,2017,1,2,2288,2288.0,0,0,667262
91996,2017,1,2,1762,1762.0,0,0,684934
92028,2017,1,2,3444,3444.0,0,0,702284
92029,2017,1,2,1864,1864.0,0,0,702478
92043,2017,1,2,4774,4774.0,0,0,707470
92074,2017,1,2,2118,2118.0,0,0,717632
92134,2017,1,2,2746,2746.0,0,0,750710
92142,2017,1,2,1122,1122.0,0,0,756515
92180,2017,1,2,2772,2772.0,0,0,778030
92208,2017,1,2,4548,4548.0,0,0,789892
92209,2017,1,2,1120,1120.0,0,0,790450
92231,2017,1,2,3088,3088.0,0,0,801821
92263,2017,1,2,1780,1780.0,0,0,822696
92275,2017,1,2,1370,1370.0,0,0,833998
92323,2017,1,2,2124,2124.0,0,0,851836
92324,2017,1,2,1704,1704.0,0,0,851986
92326,2017,1,2,3870,3870.0,0,0,852323
92364,2017,1,2,4844,4844.0,0,0,873886
92368,2017,1,2,4996,4996.0,0,0,874614
92381,2018,9,2,1918,1918.0,398,72,818597
92406,2017,1,2,4786,4786.0,0,0,892219
92427,2017,1,2,2272,2272.0,0,0,901819
92449,2017,1,2,1174,1174.0,0,0,917630
92458,2017,1,2,4784,4784.0,0,0,921278
92468,2017,1,2,1902,1902.0,0,0,925385
92487,2017,1,2,2972,2972.0,0,0,936273
92504,2017,1,2,3276,3276.0,0,0,944750
92571,2017,1,2,1166,1166.0,0,0,977303
92608,2018,2,2,4508,4508.0,306,55,683126
92628,2017,2,2,1630,1630.0,0,0,107212
92633,2017,1,2,2892,2892.0,0,0,137529
92638,2017,7,2,2634,2634.0,0,0,137529
92683,2017,2,2,1282,1282.0,0,0,131560
92690,2017,2,2,4198,4198.0,0,0,135421
92697,2017,2,2,4680,4680.0,0,0,137850
92746,2017,2,2,1206,1206.0,0,0,165019
92754,2018,10,2,2234,2234.0,368,66,693295
92758,2017,2,2,1882,1882.0,0,0,175249
92793,2017,2,2,2762,2762.0,0,0,192651
92816,2017,2,2,2324,2324.0,0,0,204343
92846,2018,9,2,4804,4804.0,376,68,102311
92860,2017,2,2,1464,1464.0,0,0,228673
92867,2017,6,2,3764,3764.0,536,96,281979
92880,2017,2,2,2788,2788.0,0,0,236593
92881,2017,2,2,3210,3210.0,0,0,236767
92893,2017,2,2,4968,4968.0,0,0,243061
92897,2017,2,2,2540,2540.0,0,0,244308
92935,2017,2,2,2234,2234.0,0,0,264486
92945,2017,2,2,3528,3528.0,0,0,267291
92984,2017,2,2,4206,4206.0,0,0,286551
92994,2017,2,2,4942,4942.0,0,0,295412
93004,2017,2,2,2012,2012.0,0,0,300870
93036,2017,2,2,3058,3058.0,0,0,323720
93053,2017,2,2,3428,3428.0,0,0,331325
93061,2018,9,2,4402,4402.0,386,69,169247
93068,2017,2,2,3702,3702.0,0,0,337453
93093,2017,2,2,3266,3266.0,0,0,353128
93096,2017,2,2,4676,4676.0,0,0,354464
93234,2017,2,2,4042,4042.0,0,0,420515
93242,2017,2,2,3144,3144.0,0,0,426185
93271,2017,2,2,2438,2438.0,0,0,438641
93314,2017,2,2,1140,1140.0,0,0,461199
93316,2017,2,2,1412,1412.0,0,0,462663
93334,2017,2,2,4254,4254.0,0,0,471858
93366,2017,2,2,2686,2686.0,0,0,485795
93373,2017,11,2,3706,3706.0,334,60,212477
93383,2017,5,2,3640,3640.0,402,72,225363
93398,2017,10,2,3708,3708.0,382,69,537038
93430,2017,2,2,4410,4410.0,0,0,511053
93445,2017,2,2,1680,1680.0,0,0,515969
93446,2017,2,2,4648,4648.0,0,0,515981
93479,2018,1,2,3378,3378.0,333,60,830811
93576,2017,2,2,2916,2916.0,0,0,579581
93605,2017,2,2,1026,1026.0,0,0,595083
93607,2017,2,2,3600,3600.0,0,0,595323
93609,2017,2,2,3060,3060.0,0,0,596586
93624,2017,2,2,1942,1942.0,0,0,605761
93671,2017,2,2,4702,4702.0,0,0,620122
93676,2017,2,2,3650,3650.0,0,0,625123
93692,2017,2,2,1496,1496.0,0,0,631661
93703,2017,2,2,3744,3744.0,0,0,636505
93710,2017,2,2,4342,4342.0,0,0,643912
93723,2017,1,2,3868,3868.0,326,59,981536
93727,2017,2,2,1466,1466.0,0,0,650621
93745,2017,2,2,3224,3224.0,0,0,661411
93751,2017,10,2,1610,1610.0,0,0,159486
93767,2018,11,2,2560,2560.0,370,67,636505
93819,2017,2,2,2694,2694.0,0,0,694942
93831,2017,2,2,3804,3804.0,0,0,702478
93837,2017,2,2,2582,2582.0,0,0,704149
93865,2017,2,2,4610,4610.0,0,0,715462
93898,2017,2,2,1326,1326.0,0,0,731510
93912,2018,9,2,2002,2002.0,402,72,236767
93942,2017,2,2,1098,1098.0,0,0,750710
93948,2017,2,2,1076,1076.0,0,0,754539
93966,2017,2,2,4234,4234.0,0,0,762117
93978,2017,2,2,3958,3958.0,0,0,768072
93985,2017,2,2,4024,4024.0,0,0,771035
93986,2017,2,2,2004,2004.0,0,0,771056
94005,2017,2,2,1124,1124.0,0,0,778030
94024,2017,2,2,3422,3422.0,0,0,790450
94042,2017,2,2,2596,2596.0,0,0,802425
94073,2017,2,2,1460,1460.0,0,0,818597
94101,2017,2,2,3798,3798.0,0,0,832597
94105,2017,2,2,1166,1166.0,0,0,833998
94111,2017,2,2,4518,4518.0,0,0,835796
94117,2017,2,2,2118,2118.0,0,0,838634
94121,2017,2,2,2756,2756.0,0,0,839422
94153,2017,2,2,4746,4746.0,0,0,851986
94172,2017,2,2,3544,3544.0,0,0,860602
94193,2017,2,2,4142,4142.0,0,0,872335
94205,2017,2,2,4442,4442.0,0,0,877603
94228,2017,2,2,3732,3732.0,0,0,886439
94239,2017,2,2,2572,2572.0,0,0,894436
94278,2017,2,2,1644,1644.0,0,0,913571
94283,2017,2,2,2070,2070.0,0,0,916713
94294,2017,2,2,2440,2440.0,0,0,923234
94297,2017,2,2,4634,4634.0,0,0,923959
94304,2017,2,2,3862,3862.0,0,0,925385
94320,2018,1,2,4470,4470.0,316,57,537990
94337,2017,2,2,3562,3562.0,371,67,207001
94341,2017,2,2,4532,4532.0,0,0,944506
94346,2017,2,2,2788,2788.0,0,0,947876
94348,2017,2,2,1338,1338.0,0,0,948693
94390,2017,2,2,4080,4080.0,0,0,967883
94391,2017,2,2,1490,1490.0,0,0,968034
94399,2017,2,2,1390,1390.0,0,0,970746
94400,2017,2,2,4148,4148.0,0,0,971107
94432,2017,2,2,4358,4358.0,0,0,991568
94437,2017,2,2,4000,4000.0,0,0,992886
94442,2017,2,2,1084,1084.0,0,0,997189
94455,2017,3,2,4058,4058.0,0,0,105214
94471,2017,3,2,4374,4374.0,0,0,115633
94485,2017,3,2,2492,2492.0,0,0,130368
94487,2017,3,2,4076,4076.0,0,0,131257
94513,2017,3,2,1494,1494.0,0,0,145988
94524,2017,3,2,2438,2438.0,0,0,153626
94558,2017,3,2,3146,3146.0,0,0,170585
94583,2017,3,2,4954,4954.0,0,0,188147
94607,2017,5,2,1462,1462.0,390,70,824133
94613,2017,3,2,2184,2184.0,0,0,204343
94614,2017,3,2,1376,1376.0,0,0,204484
94636,2017,3,2,3482,3482.0,0,0,215508
94660,2017,3,2,3524,3524.0,0,0,240476
94675,2017,3,2,2956,2956.0,0,0,248593
94686,2017,3,2,4198,4198.0,0,0,257417
94688,2017,3,2,2454,2454.0,0,0,259110
94703,2017,3,2,4374,4374.0,0,0,268129
94719,2018,1,2,4188,4188.0,315,57,936273
94774,2018,11,2,2346,2346.0,331,60,439819
94804,2017,3,2,3336,3336.0,0,0,319664
94831,2017,3,2,3352,3352.0,0,0,329215
94885,2017,3,2,4666,4666.0,0,0,365619
94908,2017,3,2,1326,1326.0,0,0,375540
94913,2017,3,2,1722,1722.0,0,0,376618
94975,2017,3,2,2648,2648.0,0,0,412402
94984,2017,3,2,1652,1652.0,0,0,417904
95001,2017,3,2,2440,2440.0,0,0,426185
95027,2017,3,2,4344,4344.0,0,0,444092
95030,2017,3,2,3178,3178.0,0,0,445073
95057,2017,3,2,1730,1730.0,0,0,458614
95073,2017,3,2,3764,3764.0,0,0,472787
95118,2017,9,2,4670,4670.0,418,75,187838
95119,2017,3,2,2514,2514.0,0,0,500022
95129,2017,3,2,2272,2272.0,0,0,504260
95130,2017,3,2,4486,4486.0,0,0,504311
95177,2017,3,2,1080,1080.0,0,0,528331
95212,2017,3,2,1328,1328.0,0,0,546665
95228,2017,3,2,1682,1682.0,0,0,554442
95234,2017,10,2,1630,1630.0,443,80,190149
95235,2017,8,2,2702,2702.0,0,0,190149
95241,2017,9,2,3250,3250.0,0,0,190149
95297,2017,3,2,2182,2182.0,0,0,587378
95299,2017,3,2,1578,1578.0,0,0,587800
95310,2017,3,2,4218,4218.0,0,0,595323
95336,2017,3,2,2400,2400.0,0,0,608517
95346,2017,3,2,2686,2686.0,0,0,615214
95351,2017,3,2,2578,2578.0,0,0,617099
95386,2017,3,2,2072,2072.0,0,0,636505
95402,2017,3,2,1646,1646.0,0,0,644786
95408,2017,3,2,2954,2954.0,0,0,650621
95426,2017,3,2,1846,1846.0,0,0,661744
95440,2017,3,2,3048,3048.0,0,0,667262
95442,2017,3,2,3318,3318.0,0,0,668959
95448,2017,3,2,2302,2302.0,0,0,670751
95450,2017,3,2,1354,1354.0,0,0,671534
95451,2017,3,2,2144,2144.0,0,0,671803
95524,2017,3,2,3894,3894.0,0,0,713236
95547,2017,3,2,1170,1170.0,0,0,723591
95556,2017,3,2,2470,2470.0,0,0,726139
95572,2017,3,2,2666,2666.0,0,0,735263
95626,2017,3,2,4118,4118.0,0,0,768072
95674,2017,3,2,4726,4726.0,0,0,791809
95702,2017,3,2,4284,4284.0,0,0,817851
95711,2017,3,2,3086,3086.0,0,0,822956
95715,2017,3,2,1166,1166.0,0,0,824133
95734,2017,3,2,2716,2716.0,0,0,835796
95785,2017,3,2,1356,1356.0,0,0,863432
95814,2017,3,2,3168,3168.0,0,0,877603
95819,2017,3,2,4164,4164.0,0,0,882718
95834,2017,3,2,1652,1652.0,0,0,892219
95846,2017,3,2,2658,2658.0,0,0,900894
95867,2017,3,2,4694,4694.0,0,0,916713
95870,2017,3,2,1294,1294.0,0,0,917998
95880,2017,3,2,3700,3700.0,0,0,922000
95881,2017,3,2,4964,4964.0,0,0,922188
95886,2017,3,2,1184,1184.0,0,0,923959
95890,2017,12,2,4420,4420.0,530,95,873886
95935,2018,11,2,4974,4974.0,379,68,107487
95966,2017,3,2,3882,3882.0,0,0,968225
95982,2017,3,2,4188,4188.0,0,0,981536
95983,2017,3,2,2954,2954.0,0,0,982296
96001,2017,3,2,1262,1262.0,0,0,996686
96003,2017,7,2,4188,4188.0,522,94,237274
96026,2017,4,2,2878,2878.0,0,0,112842
96056,2017,1,2,1582,1582.0,404,73,319664
96061,2017,4,2,4546,4546.0,0,0,131560
96070,2017,4,2,2196,2196.0,0,0,135977
96089,2017,4,2,1032,1032.0,0,0,145988
96124,2017,4,2,4052,4052.0,0,0,170585
96155,2017,4,2,1162,1162.0,0,0,184924
96158,2017,4,2,3284,3284.0,0,0,187838
96168,2017,4,2,1162,1162.0,0,0,191917
96198,2017,4,2,3000,3000.0,0,0,202358
96201,2017,4,2,3674,3674.0,0,0,203033
96209,2017,4,2,1826,1826.0,0,0,207001
96259,2017,4,2,3276,3276.0,0,0,225746
96295,2017,4,2,3018,3018.0,0,0,244308
96299,2017,4,2,2804,2804.0,0,0,246187
96338,2017,4,2,4072,4072.0,0,0,268129
96351,2017,4,2,2704,2704.0,0,0,276255
96368,2017,4,2,2102,2102.0,0,0,286065
96418,2017,4,2,1810,1810.0,0,0,311946
96423,2018,2,2,4790,4790.0,315,57,967883
96426,2018,9,2,2310,2310.0,419,75,439819
96437,2018,2,2,3220,3220.0,377,68,187838
96454,2017,4,2,2526,2526.0,0,0,325367
96487,2017,4,2,2468,2468.0,0,0,342407
96495,2018,5,2,1300,1300.0,0,0,219276
96511,2017,4,2,1362,1362.0,0,0,354464
96526,2017,4,2,4710,4710.0,0,0,365619
96579,2017,4,2,3298,3298.0,0,0,392619
96606,2017,4,2,1392,1392.0,0,0,402052
96613,2017,4,2,4460,4460.0,0,0,406254
96635,2018,10,2,1502,1502.0,457,82,640244
96642,2017,4,2,1216,1216.0,0,0,422349
96678,2017,4,2,2560,2560.0,0,0,440928
96695,2017,4,2,4272,4272.0,0,0,448142
96710,2017,4,2,4808,4808.0,0,0,458614
96727,2017,4,2,3186,3186.0,0,0,466865
96736,2017,12,2,1802,1802.0,0,0,230070
96737,2018,5,2,3906,3906.0,0,0,230070
96749,2017,4,2,3086,3086.0,0,0,478666
96751,2018,11,2,1136,1136.0,430,77,486112
96760,2017,4,2,1490,1490.0,0,0,483768
96771,2017,4,2,1178,1178.0,0,0,487605
96776,2017,4,2,3678,3678.0,0,0,489842
96792,2017,4,2,1110,1110.0,0,0,495253
96805,2017,4,2,1198,1198.0,0,0,499945
96817,2017,4,2,3580,3580.0,0,0,506170
96830,2017,4,2,3380,3380.0,0,0,512471
96867,2017,4,2,2118,2118.0,0,0,535482
96881,2017,4,2,2400,2400.0,0,0,542893
96909,2017,4,2,3112,3112.0,0,0,557458
96930,2018,7,2,3170,3170.0,485,87,967347
96956,2017,4,2,2068,2068.0,0,0,577405
97001,2017,4,2,4592,4592.0,0,0,600785
97009,2017,4,2,4566,4566.0,0,0,603775
97038,2017,4,2,3202,3202.0,0,0,614810
97040,2017,4,2,3996,3996.0,0,0,615214
97049,2017,4,2,1494,1494.0,0,0,617099
97051,2017,4,2,3496,3496.0,0,0,617960
97066,2017,4,2,3052,3052.0,0,0,627489
97093,2017,4,2,2818,2818.0,0,0,643912
97097,2017,4,2,4048,4048.0,0,0,645081
97112,2017,4,2,3958,3958.0,0,0,656942
97120,2017,4,2,1828,1828.0,0,0,661411
97142,2017,4,2,4240,4240.0,0,0,671803
97144,2017,4,2,2362,2362.0,0,0,672308
97147,2017,4,2,4292,4292.0,0,0,672893
97195,2018,6,2,4810,4810.0,596,107,392802
97212,2017,4,2,4940,4940.0,0,0,702284
97240,2017,4,2,4384,4384.0,0,0,713236
97249,2017,4,2,3380,3380.0,0,0,716785
97258,2017,4,2,4758,4758.0,0,0,721688
97313,2017,4,2,4256,4256.0,0,0,746536
97318,2017,4,2,1628,1628.0,0,0,747926
97324,2017,4,2,1800,1800.0,0,0,750649
97334,2017,4,2,1488,1488.0,0,0,756867
97350,2017,4,2,2680,2680.0,0,0,765293
97396,2017,4,2,4556,4556.0,0,0,787548
97447,2017,4,2,2118,2118.0,0,0,808353
97450,2017,4,2,4182,4182.0,0,0,809733
97466,2017,4,2,2418,2418.0,0,0,817851
97469,2017,4,2,2148,2148.0,0,0,820454
97471,2017,4,2,1440,1440.0,0,0,822956
97477,2017,4,2,2812,2812.0,0,0,828232
97488,2017,4,2,1352,1352.0,0,0,830811
97492,2017,4,2,1024,1024.0,0,0,832597
97495,2017,4,2,4850,4850.0,0,0,833998
97527,2018,11,2,2860,2860.0,350,63,609532
97539,2017,4,2,4576,4576.0,0,0,852323
97605,2017,4,2,3170,3170.0,0,0,881198
97633,2017,4,2,2112,2112.0,0,0,894436
97648,2017,4,2,3908,3908.0,0,0,900460
97656,2017,4,2,1586,1586.0,0,0,903209
97683,2017,4,2,2762,2762.0,0,0,923234
97704,2017,4,2,1994,1994.0,0,0,929980
97739,2017,4,2,4158,4158.0,0,0,944750
97740,2017,4,2,1058,1058.0,0,0,945091
97782,2017,4,2,1914,1914.0,0,0,967883
97791,2017,4,2,1104,1104.0,0,0,971528
97811,2017,4,2,1856,1856.0,0,0,977303
97816,2017,4,2,2856,2856.0,0,0,980952
97820,2017,4,2,3896,3896.0,0,0,984429
97830,2017,4,2,1482,1482.0,0,0,991568
97833,2017,4,2,3652,3652.0,0,0,992886
97859,2017,5,2,3112,3112.0,0,0,107487
97932,2018,12,2,2596,2596.0,510,92,443970
97935,2018,2,2,4914,4914.0,418,75,247471
97937,2017,5,2,2188,2188.0,0,0,155118
97958,2017,5,2,1926,1926.0,0,0,166037
98016,2017,5,2,4620,4620.0,0,0,196442
98110,2017,5,2,4830,4830.0,0,0,259110
98139,2017,5,2,3922,3922.0,0,0,276650
98140,2018,10,2,3346,3346.0,486,87,283770
98152,2017,5,2,4626,4626.0,0,0,280828
98161,2017,5,2,4914,4914.0,0,0,286551
98168,2018,11,2,1102,1102.0,462,83,944750
98179,2017,5,2,1970,1970.0,0,0,295412
98239,2017,5,2,1390,1390.0,0,0,327972
98266,2017,5,2,1188,1188.0,0,0,341728
98302,2018,2,2,2598,2598.0,437,79,661744
98373,2017,5,2,1120,1120.0,0,0,402052
98376,2017,5,2,4066,4066.0,0,0,402964
98394,2017,5,2,1748,1748.0,0,0,412402
98405,2017,5,2,2972,2972.0,0,0,420515
98411,2017,5,2,4558,4558.0,0,0,426185
98434,2017,5,2,4240,4240.0,0,0,438641
98442,2018,4,2,4052,4052.0,492,89,415402
98453,2017,5,2,2276,2276.0,0,0,454440
98458,2017,5,2,4956,4956.0,0,0,457716
98467,2017,5,2,4230,4230.0,0,0,462663
98477,2017,5,2,3746,3746.0,0,0,466865
98479,2017,1,2,4236,4236.0,425,77,609532
98483,2017,5,2,2640,2640.0,0,0,467945
98504,2017,5,2,2838,2838.0,0,0,478050
98505,2017,5,2,3144,3144.0,0,0,478666
98540,2017,5,2,1590,1590.0,0,0,499945
98550,2017,5,2,4406,4406.0,0,0,504860
98560,2017,5,2,1554,1554.0,0,0,511765
98562,2017,5,2,4708,4708.0,0,0,512471
98570,2017,5,2,4132,4132.0,0,0,515981
98572,2018,10,2,3496,3496.0,498,90,442695
98573,2017,5,2,2416,2416.0,0,0,518236
98587,2017,5,2,4156,4156.0,0,0,528331
98591,2017,7,2,2516,2516.0,0,0,263612
98593,2017,5,2,3108,3108.0,0,0,530508
98606,2017,5,2,1342,1342.0,0,0,537990
98644,2017,5,2,2400,2400.0,0,0,565452
98668,2017,5,2,4180,4180.0,0,0,578811
98688,2017,5,2,2800,2800.0,0,0,595083
98745,2017,5,2,2928,2928.0,0,0,625033
98746,2017,5,2,1568,1568.0,0,0,625123
98747,2017,4,2,1340,1340.0,443,80,892219
98748,2017,5,2,1470,1470.0,0,0,625451
98774,2017,5,2,1106,1106.0,0,0,643912
98786,2017,5,2,2550,2550.0,0,0,650445
98800,2017,5,2,3240,3240.0,0,0,659536
98802,2017,5,2,4880,4880.0,0,0,661411
98807,2017,5,2,1026,1026.0,0,0,665024
98820,2017,5,2,4864,4864.0,0,0,670751
98852,2017,5,2,3822,3822.0,0,0,695878
98919,2017,5,2,2552,2552.0,0,0,729518
98922,2017,5,2,1798,1798.0,0,0,731510
98945,2017,5,2,2890,2890.0,0,0,744567
98948,2017,5,2,1828,1828.0,0,0,745811
98966,2017,5,2,2616,2616.0,0,0,755374
98983,2017,5,2,1984,1984.0,0,0,765293
98991,2017,5,2,3606,3606.0,0,0,770968
99041,2017,5,2,3732,3732.0,0,0,799781
99081,2017,5,2,4798,4798.0,0,0,830385
99099,2017,5,2,4616,4616.0,0,0,838634
99132,2017,5,2,3980,3980.0,0,0,860602
99135,2018,2,2,2430,2430.0,291,52,820542
99136,2017,5,2,2276,2276.0,0,0,863432
99193,2017,5,2,4674,4674.0,0,0,892797
99196,2017,5,2,3778,3778.0,0,0,893266
99201,2017,5,2,2356,2356.0,0,0,894620
99222,2017,5,2,3288,3288.0,0,0,908120
99237,2017,5,2,1592,1592.0,0,0,916713
99252,2017,5,2,4934,4934.0,0,0,925385
99289,2017,5,2,2974,2974.0,0,0,950593
99293,2017,5,2,1512,1512.0,0,0,952955
99299,2018,1,2,2966,2966.0,386,69,568880
99329,2017,5,2,2148,2148.0,0,0,971107
99331,2017,5,2,3532,3532.0,0,0,971582
99347,2017,5,2,2404,2404.0,0,0,977303
99370,2017,5,2,2914,2914.0,0,0,990918
99383,2017,5,2,2666,2666.0,0,0,997189
99391,2017,6,2,1246,1246.0,0,0,105214
99406,2017,6,2,4942,4942.0,0,0,115633
99410,2017,6,2,3656,3656.0,0,0,120583
99426,2017,6,2,2610,2610.0,0,0,131047
99428,2017,6,2,1580,1580.0,0,0,131257
99430,2017,6,2,4662,4662.0,0,0,131560
99439,2017,6,2,2456,2456.0,0,0,138737
99453,2017,4,2,1678,1678.0,480,86,948693
99498,2017,6,2,1660,1660.0,0,0,186593
99513,2017,6,2,4066,4066.0,0,0,196442
99559,2018,10,2,2492,2492.0,501,90,629966
99626,2017,6,2,4530,4530.0,0,0,280828
99641,2017,6,2,4404,4404.0,0,0,295412
99656,2017,6,2,4148,4148.0,0,0,306708
99692,2017,6,2,3252,3252.0,0,0,327972
99698,2017,6,2,3286,3286.0,0,0,330464
99700,2017,6,2,2838,2838.0,0,0,331598
99739,2017,6,2,4944,4944.0,0,0,366133
99766,2017,6,2,1530,1530.0,0,0,386790
99771,2017,2,2,3582,3582.0,0,0,299573
99775,2017,5,2,1068,1068.0,0,0,299573
99776,2017,6,2,1986,1986.0,0,0,392619
99777,2017,9,2,1424,1424.0,0,0,299573
99779,2017,10,2,4818,4818.0,0,0,299573
99780,2017,11,2,2608,2608.0,0,0,299573
99784,2017,6,2,1170,1170.0,0,0,397817
99822,2017,6,2,3980,3980.0,0,0,426185
99843,2017,6,2,4290,4290.0,0,0,438199
99856,2017,6,2,4884,4884.0,0,0,444092
99884,2017,6,2,2406,2406.0,0,0,471858
99905,2017,3,2,1418,1418.0,628,113,281979
99925,2017,6,2,4754,4754.0,0,0,504260
99928,2017,6,2,4012,4012.0,0,0,506170
99937,2017,6,2,3620,3620.0,0,0,511342
99948,2017,6,2,4094,4094.0,0,0,515981
99960,2017,6,2,2782,2782.0,0,0,523246
100001,2017,6,2,1112,1112.0,0,0,561481
100004,2017,6,2,1236,1236.0,0,0,565452
100027,2017,6,2,1418,1418.0,0,0,581999
100055,2017,6,2,2568,2568.0,0,0,605761
100086,2017,6,2,2754,2754.0,0,0,627489
100097,2017,6,2,3156,3156.0,0,0,636505
100098,2018,10,2,3994,3994.0,480,86,107212
100128,2017,6,2,4840,4840.0,0,0,650621
100132,2017,6,2,4204,4204.0,0,0,654073
100138,2017,6,2,1970,1970.0,0,0,660436
100169,2017,6,2,4168,4168.0,0,0,684155
100193,2017,6,2,1844,1844.0,0,0,695878
100235,2017,6,2,3012,3012.0,0,0,731510
100240,2017,6,2,2528,2528.0,0,0,735263
100254,2017,6,2,4100,4100.0,0,0,741422
100261,2017,6,2,4214,4214.0,0,0,746772
100264,2017,2,2,4740,4740.0,429,77,317776
100266,2017,1,2,4096,4096.0,441,79,276650
100293,2017,6,2,1604,1604.0,0,0,771056
100341,2017,6,2,1208,1208.0,0,0,801821
100347,2017,6,2,3056,3056.0,0,0,804521
100354,2017,11,2,3344,3344.0,0,0,316323
100358,2017,6,2,2628,2628.0,0,0,817456
100359,2018,4,2,3094,3094.0,0,0,316323
100362,2017,6,2,1774,1774.0,0,0,820454
100363,2017,6,2,3010,3010.0,0,0,822956
100373,2017,6,2,3196,3196.0,0,0,831180
100380,2017,6,2,4526,4526.0,0,0,839422
100384,2017,6,2,2378,2378.0,0,0,842390
100396,2017,6,2,2706,2706.0,0,0,857814
100405,2017,6,2,1124,1124.0,0,0,863349
100447,2017,6,2,3514,3514.0,0,0,894620
100458,2017,6,2,1072,1072.0,0,0,905909
100459,2017,6,2,3514,3514.0,0,0,906615
100468,2017,6,2,4136,4136.0,0,0,913571
100484,2017,6,2,4460,4460.0,0,0,921278
100488,2017,6,2,2874,2874.0,0,0,922188
100493,2017,6,2,2826,2826.0,0,0,924793
100495,2018,5,2,2692,2692.0,365,66,319664
100507,2017,6,2,3382,3382.0,0,0,935570
100515,2017,6,2,1304,1304.0,0,0,945091
100519,2017,6,2,1866,1866.0,0,0,948325
100522,2017,6,2,2274,2274.0,0,0,948662
100523,2017,6,2,2832,2832.0,0,0,948693
100530,2017,6,2,2534,2534.0,0,0,952955
100562,2017,6,2,2212,2212.0,0,0,971582
100567,2017,6,2,2488,2488.0,0,0,973728
100580,2017,6,2,3460,3460.0,0,0,979644
100581,2017,6,2,3504,3504.0,0,0,980952
100615,2017,7,2,4756,4756.0,0,0,101540
100637,2017,7,2,3512,3512.0,0,0,114219
100658,2017,7,2,4012,4012.0,0,0,130368
100667,2017,7,2,4148,4148.0,0,0,135977
100669,2017,7,2,3326,3326.0,0,0,138565
100676,2017,7,2,1402,1402.0,0,0,146028
100677,2017,7,2,2490,2490.0,0,0,146037
100683,2017,7,2,4848,4848.0,0,0,155118
100695,2017,7,2,3890,3890.0,0,0,166037
100715,2017,7,2,2932,2932.0,0,0,182785
100719,2017,7,2,3648,3648.0,0,0,184924
100720,2017,7,2,1034,1034.0,0,0,185774
100740,2017,7,2,2294,2294.0,0,0,196442
100768,2017,7,2,3728,3728.0,0,0,218917
100788,2017,7,2,2232,2232.0,0,0,240476
100791,2018,8,2,1004,1004.0,654,118,860602
100840,2017,1,2,1760,1760.0,0,0,343425
100849,2017,7,2,3586,3586.0,0,0,281979
100851,2017,7,2,3872,3872.0,0,0,284610
100894,2017,7,2,2896,2896.0,0,0,317888
100897,2017,1,2,2204,2204.0,324,58,734226
100903,2017,7,2,2986,2986.0,0,0,323720
100909,2017,7,2,4532,4532.0,0,0,329215
100910,2017,7,2,1090,1090.0,0,0,329302
100925,2017,7,2,3660,3660.0,0,0,341728
100926,2017,7,2,3654,3654.0,0,0,342407
100943,2017,7,2,3930,3930.0,0,0,352092
100971,2017,7,2,3370,3370.0,0,0,379238
100984,2017,7,2,4742,4742.0,0,0,386790
101011,2017,7,2,3182,3182.0,0,0,407999
101024,2017,7,2,2176,2176.0,0,0,420515
101057,2017,7,2,2656,2656.0,0,0,446991
101116,2017,7,2,4202,4202.0,0,0,488303
101140,2017,7,2,4808,4808.0,0,0,504260
101141,2017,7,2,3904,3904.0,0,0,504860
101147,2017,7,2,3868,3868.0,0,0,511053
101157,2017,7,2,2076,2076.0,0,0,516995
101176,2017,7,2,2480,2480.0,0,0,523246
101193,2017,7,2,3996,3996.0,0,0,537038
101225,2018,10,2,1360,1360.0,480,86,549862
101236,2017,1,2,1590,1590.0,438,79,246187
101240,2018,4,2,3406,3406.0,438,79,617296
101261,2017,7,2,1024,1024.0,0,0,577405
101316,2018,5,2,1778,1778.0,412,74,207576
101354,2017,7,2,1296,1296.0,0,0,625123
101359,2017,7,2,2236,2236.0,0,0,628431
101382,2017,7,2,3270,3270.0,0,0,642002
101388,2017,7,2,1308,1308.0,0,0,643912
101420,2018,8,2,4026,4026.0,410,74,535852
101438,2018,4,2,2434,2434.0,363,65,636505
101454,2018,10,2,2022,2022.0,429,77,185013
101485,2017,7,2,4560,4560.0,0,0,702284
101489,2017,7,2,1200,1200.0,0,0,704149
101581,2018,4,2,3480,3480.0,461,83,131047
101582,2017,7,2,2454,2454.0,0,0,770968
101614,2017,7,2,2006,2006.0,0,0,795230
101626,2017,7,2,4504,4504.0,0,0,804521
101684,2017,7,2,1596,1596.0,0,0,842390
101704,2017,7,2,1066,1066.0,0,0,851986
101722,2017,2,2,1182,1182.0,0,0,368292
101762,2017,7,2,2824,2824.0,0,0,894436
101768,2017,7,2,2956,2956.0,0,0,901819
101779,2017,1,2,3306,3306.0,416,75,879177
101785,2017,7,2,1582,1582.0,0,0,917998
101811,2017,7,2,2042,2042.0,0,0,935570
101824,2018,1,2,4698,4698.0,404,73,453448
101838,2017,8,2,2914,2914.0,610,110,830385
101865,2018,2,2,2946,2946.0,316,57,138737
101880,2017,7,2,2508,2508.0,0,0,979644
101888,2017,7,2,3030,3030.0,0,0,991568
101909,2017,8,2,1516,1516.0,0,0,107212
101926,2017,8,2,3092,3092.0,0,0,116735
101953,2017,8,2,1698,1698.0,0,0,135421
101976,2017,8,2,1728,1728.0,0,0,153600
101977,2017,8,2,1738,1738.0,0,0,153626
102010,2017,8,2,4534,4534.0,0,0,182785
102011,2017,8,2,1472,1472.0,0,0,183025
102020,2017,8,2,4340,4340.0,0,0,188147
102026,2017,8,2,2146,2146.0,0,0,193665
102045,2017,8,2,4024,4024.0,0,0,204343
102057,2017,8,2,3532,3532.0,0,0,210498
102086,2017,8,2,2050,2050.0,0,0,237434
102123,2017,8,2,4586,4586.0,423,76,968225
102146,2017,8,2,1538,1538.0,0,0,284610
102155,2017,8,2,1238,1238.0,559,101,643912
102252,2017,8,2,3178,3178.0,0,0,345615
102308,2018,5,2,2468,2468.0,581,105,266148
102311,2017,8,2,2074,2074.0,0,0,397817
102319,2017,8,2,1894,1894.0,0,0,405928
102324,2017,11,2,2154,2154.0,489,88,882718
102329,2017,8,2,4080,4080.0,0,0,412402
102342,2017,8,2,4902,4902.0,0,0,421191
102379,2017,8,2,3082,3082.0,0,0,444092
102397,2017,8,2,1144,1144.0,0,0,455941
102428,2017,8,2,2748,2748.0,0,0,482528
102449,2017,8,2,3824,3824.0,0,0,496357
102454,2017,8,2,2734,2734.0,0,0,499128
102464,2017,8,2,3236,3236.0,0,0,507005
102469,2018,2,2,1062,1062.0,324,58,838634
102526,2017,8,2,4452,4452.0,0,0,546665
102533,2017,8,2,2894,2894.0,0,0,549862
102540,2017,8,2,1910,1910.0,0,0,554442
102569,2017,8,2,4808,4808.0,0,0,577405
102575,2017,8,2,2482,2482.0,0,0,579581
102587,2017,8,2,4272,4272.0,0,0,587378
102614,2017,8,2,2212,2212.0,0,0,608517
102654,2017,8,2,4252,4252.0,0,0,631661
102658,2017,8,2,4930,4930.0,0,0,638495
102661,2017,8,2,2102,2102.0,0,0,640244
102688,2017,8,2,1466,1466.0,0,0,656572
102690,2017,8,2,1010,1010.0,0,0,656942
102693,2017,8,2,3472,3472.0,0,0,661411
102704,2017,8,2,1046,1046.0,0,0,671803
102714,2017,11,2,2730,2730.0,440,79,164973
102739,2017,8,2,4838,4838.0,0,0,695342
102740,2017,8,2,3194,3194.0,0,0,696096
102749,2017,8,2,3614,3614.0,0,0,705911
102753,2017,8,2,1440,1440.0,651,117,454440
102757,2017,8,2,2590,2590.0,0,0,713085
102763,2017,8,2,1172,1172.0,0,0,717459
102802,2017,8,2,4934,4934.0,0,0,746536
102805,2017,8,2,1894,1894.0,0,0,747926
102807,2017,8,2,2418,2418.0,0,0,750710
102832,2017,8,2,3838,3838.0,0,0,774321
102888,2017,8,2,2222,2222.0,0,0,812894
102901,2017,8,2,2922,2922.0,0,0,819809
102915,2018,10,2,2572,2572.0,327,59,984429
102930,2017,8,2,2766,2766.0,0,0,834799
102931,2017,8,2,3200,3200.0,0,0,835796
102956,2017,8,2,1644,1644.0,0,0,851421
102972,2017,8,2,2200,2200.0,0,0,863349
103003,2017,8,2,4556,4556.0,0,0,886439
103022,2017,8,2,4962,4962.0,0,0,900894
103029,2017,8,2,4472,4472.0,0,0,904304
103030,2017,8,2,1074,1074.0,0,0,905478
103057,2017,8,2,4306,4306.0,0,0,921278
103059,2017,8,2,3774,3774.0,0,0,922188
103072,2017,4,2,4062,4062.0,0,0,401424
103083,2017,8,2,4096,4096.0,0,0,937645
103098,2017,8,2,3512,3512.0,0,0,948662
103110,2017,8,2,3782,3782.0,0,0,952955
103130,2017,8,2,4274,4274.0,0,0,965079
103140,2017,8,2,1406,1406.0,0,0,970746
103141,2017,8,2,4612,4612.0,0,0,971528
103154,2017,8,2,2212,2212.0,0,0,986421
103158,2017,8,2,2030,2030.0,0,0,991568
103183,2017,9,2,4910,4910.0,0,0,106037
103187,2017,9,2,4844,4844.0,0,0,107571
103193,2018,2,2,2258,2258.0,550,99,204343
103199,2017,9,2,1322,1322.0,0,0,115633
103210,2017,9,2,3296,3296.0,0,0,120583
103241,2017,9,2,3470,3470.0,0,0,134273
103256,2017,9,2,4758,4758.0,0,0,138737
103270,2017,9,2,2244,2244.0,0,0,145988
103271,2017,9,2,4492,4492.0,0,0,146028
103279,2017,8,2,2306,2306.0,704,127,276255
103284,2017,9,2,1630,1630.0,0,0,149884
103288,2017,9,2,3162,3162.0,0,0,153884
103309,2017,9,2,1648,1648.0,0,0,164034
103312,2017,9,2,2976,2976.0,0,0,164973
103392,2017,9,2,4610,4610.0,0,0,202358
103408,2017,9,2,3648,3648.0,0,0,209675
103409,2017,9,2,3410,3410.0,0,0,210498
103425,2017,9,2,2360,2360.0,0,0,220822
103455,2017,9,2,4410,4410.0,0,0,236593
103480,2017,9,2,1028,1028.0,0,0,248593
103513,2017,9,2,2268,2268.0,0,0,265557
103533,2017,9,2,1006,1006.0,0,0,276255
103552,2017,9,2,3024,3024.0,0,0,282259
103559,2017,9,2,1242,1242.0,0,0,286065
103560,2017,9,2,4184,4184.0,0,0,286551
103614,2017,9,2,3392,3392.0,0,0,318654
103634,2017,9,2,1618,1618.0,0,0,329826
103635,2017,9,2,2922,2922.0,0,0,330464
103669,2017,3,2,1000,1000.0,680,122,543852
103711,2017,9,2,2226,2226.0,0,0,366133
103721,2017,5,2,4538,4538.0,0,0,423119
103731,2017,9,2,3890,3890.0,0,0,375540
103735,2018,2,2,3866,3866.0,0,0,423119
103750,2017,9,2,1778,1778.0,0,0,385593
103787,2017,9,2,3948,3948.0,0,0,405928
103791,2017,9,2,2992,2992.0,0,0,407411
103805,2017,10,2,4078,4078.0,569,102,379238
103855,2017,9,2,1182,1182.0,0,0,442014
103859,2017,9,2,1860,1860.0,0,0,444092
103885,2017,9,2,1380,1380.0,0,0,458614
103919,2017,9,2,2316,2316.0,0,0,478050
103921,2017,9,2,2052,2052.0,0,0,478666
103936,2017,9,2,4526,4526.0,0,0,488303
103944,2018,9,2,4756,4756.0,648,117,738459
103950,2017,9,2,2436,2436.0,0,0,494885
103953,2017,9,2,3566,3566.0,0,0,495253
103957,2017,9,2,3676,3676.0,0,0,499128
103963,2017,9,2,4970,4970.0,0,0,502012
103970,2017,9,2,2276,2276.0,0,0,504311
103971,2017,9,2,3592,3592.0,0,0,504860
103988,2017,9,2,3934,3934.0,0,0,516995
104023,2017,9,2,4152,4152.0,0,0,535436
104051,2017,9,2,2492,2492.0,0,0,549982
104111,2017,9,2,2682,2682.0,0,0,578811
104119,2017,9,2,2776,2776.0,0,0,581999
104170,2017,9,2,3020,3020.0,0,0,617296
104173,2017,9,2,1646,1646.0,0,0,617960
104191,2017,9,2,4304,4304.0,0,0,632097
104208,2017,9,2,4666,4666.0,0,0,637687
104220,2017,9,2,1682,1682.0,0,0,642002
104257,2017,9,2,2924,2924.0,0,0,661054
104271,2017,9,2,2620,2620.0,0,0,667262
104314,2017,9,2,1450,1450.0,0,0,687463
104337,2017,9,2,3386,3386.0,0,0,703937
104369,2017,9,2,1226,1226.0,0,0,723591
104372,2017,9,2,2630,2630.0,0,0,726139
104387,2017,6,2,3380,3380.0,440,79,485933
104410,2017,9,2,4184,4184.0,0,0,745811
104411,2017,9,2,2720,2720.0,0,0,745920
104444,2017,9,2,4598,4598.0,0,0,762272
104530,2017,9,2,3552,3552.0,0,0,807211
104551,2017,9,2,1986,1986.0,0,0,820454
104562,2017,9,2,3424,3424.0,0,0,825484
104564,2017,9,2,4776,4776.0,0,0,826304
104568,2017,4,2,1888,1888.0,563,101,734226
104576,2017,9,2,4080,4080.0,0,0,832665
104591,2017,9,2,2420,2420.0,0,0,838634
104643,2017,9,2,2182,2182.0,0,0,861058
104650,2017,9,2,2626,2626.0,0,0,863259
104651,2017,9,2,2614,2614.0,0,0,863349
104720,2017,9,2,3418,3418.0,0,0,900460
104737,2017,9,2,2244,2244.0,0,0,917610
104784,2017,9,2,4940,4940.0,0,0,948662
104800,2017,4,2,1564,1564.0,379,68,438641
104812,2017,9,2,1448,1448.0,0,0,968034
104825,2017,9,2,3198,3198.0,0,0,971582
104848,2017,9,2,2982,2982.0,0,0,980952
104852,2017,9,2,1532,1532.0,0,0,981536
104859,2017,9,2,1838,1838.0,0,0,986208
104870,2017,9,2,2028,2028.0,0,0,991230
104872,2017,9,2,3272,3272.0,0,0,991568
104888,2017,10,2,3734,3734.0,0,0,101540
104895,2017,10,2,4160,4160.0,0,0,107212
104896,2017,10,2,4514,4514.0,0,0,107487
104910,2017,10,2,1728,1728.0,0,0,116735
104951,2017,10,2,4528,4528.0,0,0,135312
104981,2017,10,2,3758,3758.0,0,0,149884
104992,2017,10,2,2552,2552.0,0,0,160135
104997,2017,10,2,4446,4446.0,0,0,163608
105015,2017,10,2,2724,2724.0,0,0,169129
105044,2017,10,2,4716,4716.0,0,0,182785
105049,2017,10,2,1576,1576.0,0,0,185013
105069,2017,10,2,1838,1838.0,0,0,196442
105094,2017,10,2,4898,4898.0,0,0,204484
105103,2017,10,2,3636,3636.0,0,0,206890
105105,2017,10,2,2598,2598.0,0,0,207110
105110,2017,10,2,1306,1306.0,0,0,209675
105114,2017,10,2,2422,2422.0,0,0,210498
105120,2017,10,2,3698,3698.0,0,0,212477
105138,2017,10,2,1704,1704.0,0,0,221993
105184,2017,10,2,2926,2926.0,0,0,244308
105211,2017,10,2,3108,3108.0,0,0,257417
105223,2018,9,2,1614,1614.0,601,108,973728
105225,2017,10,2,2002,2002.0,0,0,263127
105231,2017,10,2,1308,1308.0,0,0,264486
105241,2017,10,2,3202,3202.0,0,0,268414
105269,2017,10,2,2488,2488.0,0,0,282259
105275,2017,10,2,2066,2066.0,0,0,286551
105325,2018,4,2,4706,4706.0,522,94,997189
105361,2017,10,2,4494,4494.0,0,0,318654
105364,2018,8,2,3256,3256.0,476,86,723591
105367,2017,10,2,2206,2206.0,0,0,319868
105371,2017,10,2,4678,4678.0,0,0,321027
105391,2017,10,2,3000,3000.0,0,0,329826
105418,2017,10,2,2336,2336.0,0,0,342407
105419,2017,10,2,1634,1634.0,0,0,342527
105449,2017,10,2,3752,3752.0,0,0,352092
105452,2017,10,2,3656,3656.0,0,0,352490
105469,2017,10,2,4444,4444.0,0,0,360902
105522,2017,10,2,1652,1652.0,0,0,385593
105527,2017,10,2,1444,1444.0,0,0,387523
105589,2017,10,2,2518,2518.0,0,0,417904
105611,2017,10,2,3426,3426.0,0,0,426124
105612,2018,12,2,1136,1136.0,445,80,735304
105620,2017,10,2,1350,1350.0,0,0,428526
105623,2017,10,2,3742,3742.0,0,0,429308
105645,2017,10,2,2600,2600.0,0,0,439819
105648,2017,10,2,1246,1246.0,0,0,440928
105658,2017,10,2,1340,1340.0,0,0,444365
105663,2017,10,2,4832,4832.0,0,0,446991
105666,2017,10,2,4326,4326.0,0,0,448896
105684,2017,10,2,1148,1148.0,0,0,461199
105726,2017,10,2,4544,4544.0,375,68,917998
105737,2017,10,2,4204,4204.0,0,0,481293
105748,2017,10,2,2270,2270.0,0,0,485933
105756,2017,10,2,3810,3810.0,0,0,488303
105757,2017,10,2,1104,1104.0,0,0,489842
105775,2017,10,2,2786,2786.0,0,0,499945
105786,2017,10,2,4656,4656.0,0,0,504860
105787,2017,10,2,3618,3618.0,0,0,505522
105817,2017,10,2,1352,1352.0,0,0,525548
105840,2017,10,2,3350,3350.0,0,0,535482
105846,2017,10,2,1390,1390.0,0,0,537387
105868,2017,10,2,4880,4880.0,0,0,549982
105887,2017,10,2,2174,2174.0,0,0,557458
105944,2017,10,2,2308,2308.0,0,0,581999
105946,2017,10,2,3170,3170.0,0,0,582690
105956,2017,2,2,3248,3248.0,374,67,703937
105974,2018,10,2,1710,1710.0,563,101,971582
105993,2017,10,2,4870,4870.0,0,0,600785
106027,2017,10,2,4032,4032.0,0,0,612510
106040,2017,10,2,3096,3096.0,0,0,614810
106041,2017,10,2,2188,2188.0,0,0,615214
106053,2017,10,2,2562,2562.0,0,0,617099
106058,2017,10,2,1076,1076.0,0,0,618824
106077,2017,10,2,2786,2786.0,0,0,625451
106089,2017,10,2,3426,3426.0,0,0,628431
106096,2017,9,2,3480,3480.0,540,97,579581
106099,2017,10,2,1644,1644.0,0,0,632097
106127,2017,10,2,1868,1868.0,0,0,640244
106150,2017,10,2,1484,1484.0,0,0,644630
106163,2017,2,2,4018,4018.0,401,72,900894
106185,2017,10,2,1628,1628.0,0,0,659536
106234,2017,10,2,1202,1202.0,0,0,684155
106283,2017,10,2,4624,4624.0,0,0,708020
106311,2017,10,2,3180,3180.0,0,0,716785
106344,2017,10,2,4064,4064.0,0,0,735304
106353,2017,10,2,4768,4768.0,0,0,738459
106368,2017,10,2,3820,3820.0,0,0,745811
106370,2017,10,2,4520,4520.0,0,0,746536
106376,2017,10,2,4158,4158.0,0,0,750649
106386,2017,10,2,1678,1678.0,0,0,753473
106405,2017,10,2,4244,4244.0,0,0,760061
106408,2017,10,2,2004,2004.0,0,0,762355
106409,2017,3,2,3088,3088.0,470,85,489842
106424,2017,10,2,4184,4184.0,0,0,768072
106425,2017,10,2,4756,4756.0,0,0,770968
106426,2017,10,2,4886,4886.0,0,0,771035
106442,2017,10,2,3152,3152.0,0,0,781062
106451,2017,10,2,4012,4012.0,0,0,787548
106466,2017,10,2,1980,1980.0,0,0,793178
106469,2017,10,2,2536,2536.0,0,0,795230
106481,2017,10,2,2306,2306.0,0,0,801821
106497,2017,10,2,4156,4156.0,0,0,807211
106525,2017,12,2,1400,1400.0,424,76,704270
106527,2017,10,2,4058,4058.0,0,0,818597
106554,2017,10,2,1902,1902.0,0,0,826304
106593,2017,10,2,4872,4872.0,0,0,842390
106609,2017,10,2,4296,4296.0,0,0,848632
106617,2017,10,2,3818,3818.0,0,0,851836
106635,2017,10,2,1862,1862.0,0,0,861058
106637,2017,10,2,1154,1154.0,0,0,861700
106682,2017,11,2,3926,3926.0,321,58,263127
106683,2017,10,2,3610,3610.0,0,0,881198
106688,2017,10,2,4556,4556.0,0,0,882718
106707,2017,10,2,4818,4818.0,0,0,892797
106728,2017,10,2,2098,2098.0,0,0,901819
106739,2017,10,2,2618,2618.0,0,0,908120
106757,2017,10,2,3950,3950.0,0,0,916713
106770,2017,10,2,4326,4326.0,0,0,922786
106782,2017,10,2,1456,1456.0,0,0,929728
106856,2017,10,2,2266,2266.0,0,0,966580
106912,2017,10,2,1092,1092.0,0,0,990918
106920,2017,10,2,3246,3246.0,0,0,994377
106924,2017,10,2,2632,2632.0,0,0,997189
106925,2017,10,2,3352,3352.0,0,0,997439
106945,2017,11,2,1196,1196.0,0,0,106776
106953,2017,11,2,3066,3066.0,0,0,109495
106960,2017,11,2,1856,1856.0,0,0,112842
106968,2017,11,2,2204,2204.0,0,0,122545
106986,2017,11,2,2416,2416.0,0,0,131047
106988,2017,11,2,4900,4900.0,0,0,131560
106996,2017,11,2,3254,3254.0,0,0,134273
107003,2017,11,2,3206,3206.0,0,0,135421
107062,2017,11,2,1448,1448.0,0,0,168843
107087,2017,11,2,4404,4404.0,0,0,181082
107095,2017,11,2,1614,1614.0,0,0,185774
107105,2017,11,2,3472,3472.0,0,0,193665
107126,2017,11,2,4650,4650.0,0,0,207110
107128,2017,11,2,4220,4220.0,0,0,207576
107191,2017,11,2,1300,1300.0,0,0,246187
107194,2017,11,2,1682,1682.0,0,0,247514
107208,2017,11,2,3084,3084.0,0,0,257417
107235,2017,11,2,4008,4008.0,0,0,271675
107254,2017,11,2,1420,1420.0,0,0,283980
107289,2018,8,2,3974,3974.0,528,95,448142
107323,2018,2,2,1322,1322.0,511,92,578811
107332,2017,11,2,4990,4990.0,0,0,321027
107338,2017,2,2,2834,2834.0,406,73,966580
107343,2017,1,2,3966,3966.0,418,75,535436
107356,2017,11,2,2176,2176.0,0,0,329826
107360,2017,11,2,3422,3422.0,0,0,331598
107372,2017,11,2,2762,2762.0,0,0,336341
107422,2017,11,2,1826,1826.0,0,0,360537
107460,2017,11,2,3670,3670.0,0,0,379120
107461,2017,11,2,2628,2628.0,0,0,379238
107497,2018,2,2,2846,2846.0,448,81,590989
107510,2017,4,2,1532,1532.0,540,97,508115
107520,2017,11,2,2356,2356.0,0,0,402052
107541,2018,10,2,2828,2828.0,601,108,511765
107552,2017,11,2,1252,1252.0,0,0,417904
107561,2017,11,2,2732,2732.0,0,0,421001
107579,2017,11,2,4966,4966.0,0,0,431201
107680,2017,11,2,4262,4262.0,0,0,480909
107681,2017,12,2,1082,1082.0,384,69,971528
107685,2018,11,2,3760,3760.0,308,55,172162
107704,2017,11,2,4026,4026.0,0,0,489628
107709,2017,11,2,3742,3742.0,0,0,491253
107723,2017,11,2,1284,1284.0,0,0,494885
107744,2017,11,2,4322,4322.0,0,0,512471
107770,2017,11,2,4028,4028.0,0,0,528363
107776,2017,11,2,3484,3484.0,0,0,530508
107787,2017,11,2,4258,4258.0,0,0,535944
107792,2017,11,2,3168,3168.0,0,0,537990
107798,2017,11,2,4426,4426.0,0,0,542893
107835,2017,11,2,2158,2158.0,0,0,561481
107851,2017,6,2,3258,3258.0,519,93,830385
107853,2017,11,2,3680,3680.0,0,0,572811
107854,2017,11,2,4242,4242.0,0,0,573332
107872,2017,11,2,3640,3640.0,0,0,578811
107904,2017,11,2,2496,2496.0,0,0,599372
107932,2017,3,2,1512,1512.0,521,94,787548
107935,2017,11,2,3430,3430.0,0,0,617099
107945,2017,11,2,3878,3878.0,0,0,621940
107952,2017,11,2,4268,4268.0,0,0,623861
107957,2017,11,2,1662,1662.0,0,0,627489
108018,2017,5,2,1628,1628.0,597,107,672308
108021,2017,11,2,3332,3332.0,0,0,661502
108023,2017,11,2,1416,1416.0,0,0,661744
108031,2017,11,2,1714,1714.0,0,0,665024
108036,2017,11,2,4916,4916.0,0,0,667262
108037,2017,11,2,3192,3192.0,0,0,667860
108045,2017,11,2,4154,4154.0,0,0,671803
108081,2017,7,2,4482,4482.0,814,147,863432
108119,2017,11,2,4716,4716.0,0,0,702406
108121,2017,11,2,2250,2250.0,0,0,702542
108126,2017,11,2,4290,4290.0,0,0,705911
108128,2017,11,2,2146,2146.0,0,0,708258
108135,2017,11,2,2586,2586.0,0,0,713236
108141,2017,11,2,2524,2524.0,0,0,715462
108157,2017,11,2,4706,4706.0,0,0,724272
108159,2017,2,2,2650,2650.0,503,91,523246
108192,2017,11,2,2106,2106.0,0,0,747609
108209,2017,11,2,1014,1014.0,0,0,754539
108268,2017,5,2,4762,4762.0,600,108,834799
108287,2017,11,2,3584,3584.0,0,0,789892
108340,2017,11,2,2076,2076.0,0,0,818597
108359,2017,11,2,2876,2876.0,0,0,830811
108398,2017,11,2,2274,2274.0,0,0,853421
108408,2017,11,2,1832,1832.0,0,0,857814
108415,2017,11,2,2700,2700.0,0,0,860602
108418,2017,11,2,4732,4732.0,0,0,861058
108424,2017,11,2,3668,3668.0,0,0,863259
108430,2017,11,2,3070,3070.0,0,0,867446
108475,2017,11,2,2492,2492.0,0,0,892219
108481,2017,11,2,1138,1138.0,0,0,894620
108500,2017,11,2,4740,4740.0,0,0,906178
108521,2017,11,2,4254,4254.0,0,0,922926
108552,2017,11,2,1284,1284.0,0,0,939485
108570,2017,11,2,1282,1282.0,0,0,950336
108616,2017,11,2,2436,2436.0,0,0,974829
108625,2017,11,2,2888,2888.0,0,0,977303
108658,2017,11,2,1554,1554.0,0,0,999631
108681,2018,6,2,3340,3340.0,775,140,741422
108682,2017,12,2,3542,3542.0,0,0,109495
108704,2017,12,2,4914,4914.0,0,0,128032
108716,2018,7,2,1814,1814.0,778,140,791809
108726,2017,12,2,1890,1890.0,0,0,147700
108729,2017,12,2,4832,4832.0,0,0,153884
108756,2017,12,2,2958,2958.0,0,0,169129
108813,2017,12,2,3522,3522.0,0,0,206890
108815,2017,12,2,3940,3940.0,0,0,207576
108826,2017,4,2,2188,2188.0,0,0,511981
108853,2018,1,2,2482,2482.0,0,0,512580
108854,2018,2,2,1250,1250.0,0,0,512580
108893,2017,12,2,1436,1436.0,0,0,266148
108895,2017,12,2,2682,2682.0,0,0,267291
108914,2017,12,2,3286,3286.0,0,0,277091
108921,2017,12,2,1410,1410.0,0,0,281979
108926,2017,2,2,1698,1698.0,494,89,795230
108962,2017,12,2,1486,1486.0,0,0,309364
108998,2017,12,2,2808,2808.0,0,0,331598
109011,2017,12,2,4062,4062.0,0,0,337983
109028,2017,12,2,4150,4150.0,0,0,352092
109030,2017,12,2,3938,3938.0,0,0,353128
109038,2017,12,2,1742,1742.0,0,0,365557
109041,2018,4,2,2048,2048.0,0,0,517614
109083,2018,12,2,4186,4186.0,469,84,494885
109113,2017,11,2,1450,1450.0,474,85,445073
109135,2017,12,2,3036,3036.0,0,0,415402
109156,2017,12,2,1666,1666.0,0,0,426185
109161,2017,12,2,2200,2200.0,0,0,429308
109199,2018,6,2,1158,1158.0,774,139,422349
109218,2017,12,2,3144,3144.0,0,0,459948
109220,2017,12,2,3444,3444.0,0,0,461199
109277,2017,12,2,4494,4494.0,0,0,499128
109287,2017,12,2,4034,4034.0,0,0,505522
109294,2017,12,2,2290,2290.0,0,0,511053
109299,2017,12,2,2482,2482.0,0,0,513246
109321,2017,12,2,1690,1690.0,0,0,525548
109330,2018,5,2,1410,1410.0,604,109,870574
109343,2017,12,2,1872,1872.0,0,0,535944
109379,2017,12,2,4592,4592.0,0,0,557458
109396,2017,12,2,2752,2752.0,0,0,567070
109440,2017,12,2,1738,1738.0,0,0,593252
109441,2017,12,2,3972,3972.0,0,0,595083
109443,2017,12,2,4084,4084.0,0,0,595323
109502,2017,12,2,1434,1434.0,0,0,618824
109505,2017,12,2,1670,1670.0,0,0,621940
109526,2017,12,2,4680,4680.0,0,0,636505
109527,2017,7,2,4264,4264.0,775,140,596586
109529,2017,12,2,4940,4940.0,0,0,640244
109540,2017,12,2,1354,1354.0,0,0,643912
109541,2017,12,2,2194,2194.0,0,0,644163
109545,2018,6,2,3970,3970.0,785,141,412402
109549,2017,12,2,3102,3102.0,0,0,650621
109563,2017,12,2,3120,3120.0,0,0,662380
109591,2017,12,2,2762,2762.0,0,0,687463
109603,2017,12,2,3664,3664.0,0,0,696096
109608,2017,12,2,1278,1278.0,0,0,701216
109610,2017,12,2,4100,4100.0,0,0,702478
109621,2017,12,2,4094,4094.0,0,0,708343
109638,2017,12,2,3058,3058.0,0,0,721688
109647,2017,12,2,1236,1236.0,0,0,728486
109650,2017,12,2,2482,2482.0,0,0,731510
109674,2017,12,2,4824,4824.0,0,0,745920
109686,2017,12,2,1916,1916.0,0,0,753473
109689,2017,12,2,1102,1102.0,0,0,755374
109741,2017,12,2,1250,1250.0,0,0,789892
109764,2018,6,2,2040,2040.0,719,129,713085
109771,2017,12,2,4690,4690.0,0,0,809733
109797,2017,12,2,3076,3076.0,0,0,826304
109801,2017,10,2,4796,4796.0,473,85,146037
109846,2017,12,2,4926,4926.0,0,0,848632
109848,2018,11,2,4970,4970.0,464,84,809733
109861,2017,12,2,3262,3262.0,0,0,857814
109888,2017,12,2,4854,4854.0,0,0,874614
109897,2017,12,2,1086,1086.0,0,0,881198
109901,2017,2,2,1110,1110.0,0,0,537421
109909,2018,5,2,3096,3096.0,679,122,888357
109920,2017,5,2,1230,1230.0,568,102,537421
109932,2017,12,2,3262,3262.0,0,0,903209
109953,2017,12,2,4876,4876.0,0,0,913571
109964,2017,12,2,2444,2444.0,0,0,922188
109972,2017,12,2,4342,4342.0,0,0,929728
109973,2017,12,2,3052,3052.0,0,0,929980
109996,2017,12,2,1580,1580.0,0,0,946001
109998,2017,12,2,2652,2652.0,0,0,948662
110000,2017,12,2,3972,3972.0,0,0,950336
110003,2017,12,2,1268,1268.0,0,0,952955
110004,2017,12,2,2642,2642.0,0,0,953693
110036,2017,12,2,3168,3168.0,0,0,971107
110061,2017,12,2,1238,1238.0,0,0,982296
110070,2017,12,2,4692,4692.0,0,0,991568
110097,2018,1,2,1002,1002.0,0,0,106037
110105,2018,1,2,4156,4156.0,0,0,109495
110113,2018,1,2,4842,4842.0,0,0,112842
110149,2018,1,2,4362,4362.0,0,0,127882
110155,2018,1,2,1078,1078.0,0,0,128789
110160,2018,1,2,3402,3402.0,0,0,130208
110165,2018,1,2,4624,4624.0,0,0,131047
110176,2018,1,2,3076,3076.0,0,0,135421
110183,2018,1,2,3402,3402.0,0,0,136516
110203,2018,1,2,2140,2140.0,0,0,146037
110209,2018,1,2,4306,4306.0,0,0,149884
110220,2018,1,2,2626,2626.0,0,0,153884
110240,2018,1,2,4934,4934.0,0,0,166037
110272,2018,1,2,2384,2384.0,0,0,183025
110290,2018,1,2,1422,1422.0,0,0,188147
110316,2018,1,2,4748,4748.0,0,0,196442
110330,2018,1,2,4980,4980.0,0,0,201276
110336,2018,1,2,2584,2584.0,0,0,202358
110360,2018,1,2,2778,2778.0,0,0,210755
110395,2018,1,2,2064,2064.0,0,0,227804
110413,2018,1,2,3052,3052.0,0,0,236593
110449,2017,2,2,2848,2848.0,403,73,472787
110472,2018,1,2,4728,4728.0,0,0,257417
110491,2018,1,2,3500,3500.0,0,0,267291
110494,2018,1,2,1656,1656.0,0,0,268414
110498,2018,1,2,4748,4748.0,0,0,270730
110510,2018,1,2,1948,1948.0,0,0,274879
110513,2018,1,2,2542,2542.0,0,0,276255
110514,2018,1,2,2768,2768.0,0,0,276289
110520,2018,1,2,3688,3688.0,0,0,279231
110526,2018,1,2,1092,1092.0,0,0,281979
110531,2018,1,2,3548,3548.0,0,0,286065
110538,2018,4,2,4608,4608.0,560,101,717459
110610,2018,1,2,4352,4352.0,0,0,317776
110612,2018,1,2,4166,4166.0,0,0,318654
110622,2018,9,2,2962,2962.0,359,65,753637
110625,2017,8,2,3794,3794.0,429,77,660197
110655,2018,1,2,1618,1618.0,0,0,337453
110658,2018,1,2,3202,3202.0,0,0,338285
110715,2018,1,2,2460,2460.0,0,0,365619
110755,2018,4,2,4716,4716.0,428,77,966204
110791,2018,1,2,4820,4820.0,0,0,402964
110818,2018,1,2,2480,2480.0,0,0,412995
110838,2018,1,2,3558,3558.0,0,0,421001
110856,2018,1,2,2122,2122.0,0,0,429308
110884,2018,1,2,1740,1740.0,0,0,442249
110891,2018,1,2,2566,2566.0,0,0,444092
110895,2018,10,2,1056,1056.0,436,78,948693
110896,2018,1,2,3894,3894.0,0,0,444894
110962,2018,1,2,1540,1540.0,0,0,472787
110981,2018,1,2,1364,1364.0,0,0,478107
110992,2018,1,2,3752,3752.0,0,0,483768
111003,2018,1,2,1520,1520.0,0,0,489842
111047,2018,1,2,1890,1890.0,0,0,507005
111051,2018,1,2,3050,3050.0,0,0,508115
111077,2018,1,2,3224,3224.0,0,0,518236
111103,2018,1,2,3424,3424.0,0,0,527194
111106,2018,1,2,3104,3104.0,0,0,528229
111107,2018,1,2,4252,4252.0,0,0,528693
111125,2018,1,2,1160,1160.0,0,0,537387
111183,2018,1,2,3062,3062.0,0,0,558097
111203,2018,1,2,3802,3802.0,0,0,566182
111219,2018,1,2,2404,2404.0,0,0,573332
111240,2018,1,2,4522,4522.0,0,0,579424
111262,2018,1,2,1430,1430.0,0,0,587378
111270,2018,1,2,2960,2960.0,0,0,590989
111274,2018,1,2,3510,3510.0,0,0,593252
111317,2017,4,2,2038,2038.0,412,74,306708
111318,2017,6,2,2416,2416.0,628,113,617960
111323,2018,1,2,3046,3046.0,0,0,609532
111365,2018,1,2,2694,2694.0,0,0,625123
111382,2018,1,2,4312,4312.0,0,0,632097
111395,2018,1,2,2946,2946.0,0,0,638495
111425,2018,1,2,3588,3588.0,0,0,652816
111441,2018,1,2,1320,1320.0,0,0,659536
111444,2018,1,2,4754,4754.0,0,0,661054
111446,2018,1,2,3912,3912.0,0,0,661502
111447,2018,1,2,2932,2932.0,0,0,661744
111449,2018,1,2,1792,1792.0,0,0,662380
111472,2018,1,2,1212,1212.0,0,0,668959
111478,2018,1,2,4138,4138.0,0,0,671534
111498,2017,10,2,1454,1454.0,389,70,819809
111537,2018,1,2,2582,2582.0,0,0,695342
111538,2018,1,2,2552,2552.0,0,0,697272
111553,2018,1,2,3406,3406.0,0,0,704149
111621,2018,1,2,3454,3454.0,0,0,728486
111641,2018,1,2,2218,2218.0,0,0,735304
111707,2018,1,2,2120,2120.0,0,0,762355
111745,2018,1,2,1058,1058.0,0,0,781062
111773,2018,1,2,2488,2488.0,0,0,790450
111804,2018,1,2,1100,1100.0,0,0,804521
111816,2018,1,2,1660,1660.0,0,0,810581
111829,2018,1,2,2972,2972.0,0,0,818597
111834,2018,1,2,4444,4444.0,0,0,819809
111843,2018,1,2,1146,1146.0,0,0,825484
111846,2018,1,2,3610,3610.0,0,0,826304
111869,2018,1,2,4466,4466.0,0,0,842279
111890,2018,1,2,2444,2444.0,0,0,852323
111893,2018,1,2,1828,1828.0,0,0,854902
111910,2018,1,2,4440,4440.0,0,0,861058
111915,2018,1,2,1326,1326.0,0,0,863349
111916,2018,1,2,1172,1172.0,0,0,863432
111966,2018,1,2,3998,3998.0,0,0,886299
111969,2018,1,2,1358,1358.0,0,0,888357
111993,2018,1,2,1560,1560.0,0,0,903797
111996,2018,1,2,4950,4950.0,0,0,906615
111997,2018,1,2,4438,4438.0,0,0,907038
112000,2018,1,2,2638,2638.0,0,0,908120
112040,2018,1,2,4676,4676.0,0,0,922786
112044,2018,1,2,3238,3238.0,0,0,924793
112045,2018,1,2,3524,3524.0,0,0,925385
112082,2018,11,2,4802,4802.0,349,63,519726
112084,2018,1,2,4998,4998.0,0,0,939238
112093,2018,1,2,3098,3098.0,0,0,944506
112106,2018,1,2,3592,3592.0,0,0,948693
112108,2018,1,2,2906,2906.0,0,0,950336
112122,2018,1,2,2836,2836.0,0,0,957764
112144,2018,1,2,2336,2336.0,0,0,966391
112156,2018,1,2,4860,4860.0,0,0,970746
112158,2018,1,2,3024,3024.0,0,0,971582
112180,2018,1,2,3426,3426.0,0,0,984429
112185,2018,1,2,3224,3224.0,0,0,986208
112216,2018,2,2,3220,3220.0,0,0,980952
112225,2017,3,2,2546,2546.0,0,0,582990
112227,2018,3,2,1644,1644.0,0,0,704149
112261,2018,3,2,1254,1254.0,0,0,708343
112262,2018,4,2,1742,1742.0,0,0,354464
112289,2017,4,2,4600,4600.0,0,0,583223
112302,2018,4,2,3042,3042.0,0,0,535944
112313,2018,3,2,1362,1362.0,0,0,550262
112315,2018,3,2,4766,4766.0,0,0,583223
112319,2018,6,2,1386,1386.0,0,0,583223
112348,2018,2,2,4848,4848.0,0,0,134273
112354,2018,2,2,4338,4338.0,0,0,774321
112357,2018,3,2,1022,1022.0,0,0,762272
112363,2018,2,2,2280,2280.0,0,0,566182
112373,2018,4,2,2450,2450.0,0,0,254860
112380,2018,2,2,2044,2044.0,0,0,631661
112435,2018,4,2,1048,1048.0,0,0,922000
112438,2018,3,2,3474,3474.0,0,0,229436
112455,2018,3,2,4138,4138.0,0,0,518236
112461,2018,3,2,3002,3002.0,0,0,745811
112464,2018,3,2,1456,1456.0,0,0,384328
112467,2018,2,2,3996,3996.0,0,0,115633
112494,2018,2,2,1758,1758.0,0,0,760061
112498,2018,3,2,2398,2398.0,0,0,625123
112522,2018,2,2,3602,3602.0,0,0,429308
112547,2018,4,2,2248,2248.0,0,0,944506
112559,2018,2,2,4040,4040.0,0,0,857814
112581,2018,2,2,1306,1306.0,0,0,412402
112592,2018,3,2,2232,2232.0,0,0,478050
112607,2018,3,2,3264,3264.0,0,0,318654
112620,2018,2,2,1472,1472.0,0,0,165019
112637,2018,4,2,1458,1458.0,504,91,549862
112674,2018,2,2,3630,3630.0,0,0,863349
112682,2018,4,2,4686,4686.0,0,0,822765
112700,2018,4,2,4260,4260.0,0,0,131257
112782,2018,4,2,3804,3804.0,0,0,650445
112793,2018,4,2,2584,2584.0,0,0,968225
112794,2018,3,2,3678,3678.0,0,0,405928
112844,2018,4,2,4450,4450.0,0,0,500022
112873,2018,2,2,3972,3972.0,0,0,165742
112903,2018,2,2,4232,4232.0,0,0,276035
112906,2018,3,2,4716,4716.0,0,0,968225
112930,2018,2,2,4906,4906.0,0,0,746536
112941,2018,4,2,3202,3202.0,0,0,338285
112942,2018,3,2,1842,1842.0,0,0,186593
112943,2018,2,2,4052,4052.0,0,0,804521
112965,2018,2,2,4226,4226.0,0,0,317888
112971,2018,3,2,1332,1332.0,0,0,102311
112982,2018,2,2,1272,1272.0,365,66,426185
113022,2018,3,2,4322,4322.0,0,0,762355
113050,2018,3,2,3650,3650.0,0,0,996686
113057,2018,4,2,4160,4160.0,0,0,921278
113063,2018,2,2,1252,1252.0,0,0,822696
113071,2018,3,2,3900,3900.0,0,0,508080
113076,2018,3,2,3628,3628.0,0,0,756867
113130,2018,3,2,2948,2948.0,0,0,130208
113134,2018,3,2,4782,4782.0,0,0,888357
113144,2017,1,2,2100,2100.0,0,0,602068
113154,2018,4,2,1164,1164.0,0,0,793178
113163,2018,3,2,2188,2188.0,0,0,138565
113173,2018,4,2,1214,1214.0,0,0,155118
113205,2018,4,2,3280,3280.0,0,0,182785
113226,2018,3,2,1096,1096.0,0,0,771056
113232,2018,4,2,2882,2882.0,0,0,950593
113234,2018,2,2,3244,3244.0,0,0,518236
113253,2018,2,2,1146,1146.0,0,0,419749
113282,2018,2,2,2504,2504.0,0,0,261964
113308,2018,2,2,4932,4932.0,0,0,122545
113311,2018,4,2,4586,4586.0,0,0,509513
113331,2018,3,2,4084,4084.0,0,0,345615
113333,2018,2,2,4078,4078.0,0,0,267291
113376,2018,3,2,1898,1898.0,0,0,661411
113446,2018,2,2,3478,3478.0,0,0,208586
113470,2018,2,2,1858,1858.0,0,0,590514
113518,2018,2,2,2160,2160.0,0,0,212477
113525,2017,11,2,2440,2440.0,357,64,407999
113528,2018,3,2,2544,2544.0,0,0,731510
113533,2018,2,2,2266,2266.0,0,0,169247
113543,2018,3,2,4324,4324.0,0,0,804521
113559,2018,2,2,2210,2210.0,0,0,337983
113607,2018,4,2,1658,1658.0,0,0,409051
113620,2018,2,2,4574,4574.0,0,0,965079
113624,2018,4,2,1686,1686.0,0,0,851836
113642,2018,2,2,4550,4550.0,0,0,701216
113651,2018,4,2,1062,1062.0,0,0,822956
113661,2018,9,2,3228,3228.0,409,74,345615
113675,2018,2,2,4530,4530.0,0,0,471858
113679,2018,4,2,1174,1174.0,0,0,704149
113694,2018,3,2,1054,1054.0,0,0,967883
113700,2018,4,2,3876,3876.0,0,0,236767
113722,2018,2,2,3042,3042.0,0,0,446991
113730,2018,2,2,2938,2938.0,0,0,957764
113748,2018,2,2,1386,1386.0,0,0,431201
113762,2018,2,2,1960,1960.0,0,0,717459
113781,2018,2,2,3904,3904.0,0,0,729518
113793,2018,3,2,2360,2360.0,0,0,850245
113794,2018,3,2,1762,1762.0,0,0,192651
113839,2018,2,2,4016,4016.0,0,0,413185
113843,2018,3,2,1264,1264.0,0,0,660197
113854,2018,3,2,1158,1158.0,0,0,273984
113900,2018,2,2,1982,1982.0,0,0,167465
113902,2018,2,2,2936,2936.0,0,0,632097
113924,2018,3,2,1206,1206.0,0,0,735263
113928,2018,3,2,1822,1822.0,0,0,385593
113967,2018,4,2,2394,2394.0,0,0,678243
113969,2018,3,2,2252,2252.0,0,0,768072
113974,2018,3,2,1798,1798.0,0,0,208586
113982,2018,4,2,4924,4924.0,0,0,257417
113996,2018,3,2,4592,4592.0,0,0,618824
114017,2018,3,2,3662,3662.0,379,68,546665
114018,2018,3,2,1570,1570.0,0,0,535436
114021,2018,4,2,4664,4664.0,0,0,455941
114041,2018,2,2,2554,2554.0,0,0,535944
114048,2018,2,2,1380,1380.0,0,0,504311
114053,2018,2,2,2664,2664.0,0,0,791809
114054,2018,2,2,3988,3988.0,0,0,917630
114055,2018,5,2,1912,1912.0,696,125,215508
114061,2018,4,2,3574,3574.0,0,0,913571
114094,2018,4,2,4716,4716.0,0,0,716785
114108,2018,3,2,2360,2360.0,0,0,488303
114109,2018,2,2,3846,3846.0,0,0,830811
114110,2018,4,2,4732,4732.0,0,0,210755
114117,2018,2,2,1898,1898.0,0,0,945091
114137,2018,2,2,1390,1390.0,0,0,432493
114168,2018,2,2,3720,3720.0,0,0,922926
114171,2018,3,2,3820,3820.0,0,0,957764
114209,2018,3,2,3794,3794.0,0,0,565991
114231,2018,2,2,3946,3946.0,0,0,753473
114267,2018,4,2,1118,1118.0,0,0,445073
114275,2017,5,2,4788,4788.0,595,107,721688
114316,2018,3,2,4594,4594.0,0,0,537038
114326,2018,4,2,3986,3986.0,0,0,587800
114332,2018,3,2,3452,3452.0,0,0,438263
114333,2018,4,2,4816,4816.0,0,0,579581
114342,2018,3,2,3432,3432.0,0,0,873886
114346,2018,4,2,1652,1652.0,0,0,247645
114350,2018,4,2,2838,2838.0,0,0,744567
114368,2018,2,2,2588,2588.0,0,0,376618
114373,2018,4,2,4034,4034.0,0,0,917630
114442,2018,2,2,3016,3016.0,0,0,274879
114475,2018,3,2,2062,2062.0,0,0,612510
114503,2018,4,2,1440,1440.0,0,0,271675
114555,2017,1,2,3538,3538.0,0,0,623222
114568,2017,11,2,3946,3946.0,0,0,623222
114580,2018,3,2,3352,3352.0,0,0,623222
114581,2018,5,2,1300,1300.0,0,0,623222
114609,2018,4,2,3766,3766.0,0,0,438199
114650,2018,4,2,1932,1932.0,0,0,704270
114656,2018,2,2,4182,4182.0,0,0,131257
114661,2018,2,2,3236,3236.0,0,0,247645
114663,2018,4,2,3466,3466.0,0,0,817851
114668,2018,2,2,4016,4016.0,0,0,896651
114671,2018,3,2,2766,2766.0,0,0,917998
114741,2018,2,2,4738,4738.0,0,0,101540
114746,2018,3,2,3758,3758.0,0,0,637687
114769,2018,4,2,2628,2628.0,0,0,804521
114779,2018,4,2,2910,2910.0,0,0,933968
114784,2018,2,2,3204,3204.0,0,0,185774
114797,2018,4,2,4320,4320.0,574,103,861058
114819,2018,2,2,1010,1010.0,0,0,527194
114830,2018,2,2,1900,1900.0,0,0,879177
114888,2018,3,2,3842,3842.0,0,0,550769
114918,2018,2,2,3200,3200.0,0,0,500022
114932,2018,3,2,2872,2872.0,0,0,528229
114954,2018,2,2,4670,4670.0,0,0,625123
114963,2018,4,2,4424,4424.0,0,0,197086
114965,2018,2,2,2156,2156.0,0,0,528331
114968,2018,2,2,4486,4486.0,0,0,808353
114977,2018,4,2,3048,3048.0,0,0,863432
115032,2018,2,2,2930,2930.0,0,0,371368
115038,2018,2,2,1316,1316.0,0,0,661054
115040,2018,2,2,3574,3574.0,0,0,282259
115050,2017,8,2,2606,2606.0,735,132,440928
115128,2018,2,2,3184,3184.0,0,0,738459
115136,2018,3,2,3838,3838.0,0,0,854902
115139,2018,2,2,1366,1366.0,0,0,237319
115151,2017,9,2,4416,4416.0,635,114,595323
115179,2018,2,2,1356,1356.0,0,0,329215
115184,2018,2,2,4946,4946.0,0,0,643912
115186,2018,4,2,3472,3472.0,0,0,713085
115189,2018,2,2,2390,2390.0,0,0,800433
115251,2018,4,2,4616,4616.0,0,0,390546
115262,2018,4,2,2882,2882.0,0,0,523246
115271,2018,3,2,4884,4884.0,0,0,832597
115272,2018,2,2,1622,1622.0,0,0,861700
115273,2017,9,2,1008,1008.0,0,0,642401
115274,2017,11,2,3274,3274.0,0,0,642401
115277,2018,1,2,4588,4588.0,0,0,642401
115281,2018,2,2,1214,1214.0,0,0,642401
115346,2018,4,2,2256,2256.0,0,0,115633
115367,2018,10,2,2066,2066.0,528,95,946258
115385,2018,4,2,3850,3850.0,0,0,336037
115406,2018,3,2,4748,4748.0,0,0,671803
115427,2018,4,2,4636,4636.0,0,0,193775
115471,2018,4,2,1686,1686.0,0,0,266148
115528,2018,3,2,1786,1786.0,0,0,236767
115544,2017,7,2,2672,2672.0,0,0,649487
115550,2018,1,2,1726,1726.0,0,0,649487
115577,2018,3,2,4194,4194.0,0,0,237274
115583,2018,2,2,1996,1996.0,0,0,819809
115647,2018,3,2,4414,4414.0,0,0,339845
115663,2018,4,2,4786,4786.0,0,0,769623
115680,2018,2,2,3236,3236.0,0,0,236767
115686,2018,2,2,4326,4326.0,0,0,295302
115688,2018,2,2,3130,3130.0,0,0,209675
115711,2018,4,2,4908,4908.0,0,0,609072
115716,2018,3,2,1300,1300.0,0,0,128032
115724,2018,3,2,1560,1560.0,0,0,872335
115736,2017,1,2,3172,3172.0,423,76,352092
115761,2018,3,2,4272,4272.0,0,0,628431
115783,2017,10,2,4878,4878.0,0,0,654433
115793,2018,2,2,2496,2496.0,0,0,180219
115800,2018,2,2,1298,1298.0,0,0,959728
115805,2018,2,2,1956,1956.0,0,0,654433
115852,2018,2,2,2242,2242.0,0,0,309364
115874,2018,2,2,1692,1692.0,0,0,863259
115875,2018,4,2,1410,1410.0,0,0,185774
115879,2018,3,2,4186,4186.0,0,0,795230
115890,2018,2,2,4960,4960.0,0,0,165443
115898,2017,3,2,4406,4406.0,575,104,614810
115951,2018,3,2,2768,2768.0,0,0,106776
115964,2018,4,2,2192,2192.0,0,0,407999
115988,2018,2,2,3742,3742.0,0,0,854902
115992,2018,2,2,2360,2360.0,0,0,127785
116013,2018,2,2,3136,3136.0,0,0,478107
116018,2018,2,2,1176,1176.0,506,91,907038
116029,2018,4,2,2236,2236.0,0,0,627489
116033,2018,2,2,4664,4664.0,0,0,848632
116096,2018,3,2,1378,1378.0,0,0,801821
116101,2017,3,2,2222,2222.0,448,81,515969
116104,2018,3,2,4108,4108.0,0,0,136516
116149,2018,3,2,2818,2818.0,0,0,265557
116158,2017,7,2,3880,3880.0,606,109,607662
116162,2018,4,2,2492,2492.0,0,0,466953
116190,2018,4,2,2508,2508.0,0,0,984429
116199,2018,4,2,4224,4224.0,0,0,903797
116209,2018,7,2,2034,2034.0,680,122,721688
116235,2018,4,2,4082,4082.0,0,0,820542
116252,2018,2,2,2338,2338.0,0,0,281979
116274,2018,1,2,4392,4392.0,481,87,918053
116295,2018,2,2,4514,4514.0,0,0,929980
116298,2018,4,2,2604,2604.0,0,0,308891
116308,2018,3,2,3152,3152.0,0,0,702284
116314,2018,2,2,4490,4490.0,0,0,442014
116365,2018,3,2,4568,4568.0,0,0,565452
116396,2018,2,2,2892,2892.0,0,0,982296
116399,2018,2,2,2120,2120.0,0,0,984429
116400,2018,4,2,4112,4112.0,0,0,506170
116412,2018,2,2,3982,3982.0,0,0,831180
116418,2018,3,2,2768,2768.0,0,0,263127
116433,2018,2,2,4842,4842.0,0,0,397817
116437,2018,3,2,2888,2888.0,0,0,600785
116485,2018,10,2,2996,2996.0,527,95,565991
116487,2018,3,2,4276,4276.0,0,0,397817
116493,2018,2,2,4482,4482.0,0,0,937645
116518,2018,4,2,1484,1484.0,0,0,854902
116618,2018,1,2,3242,3242.0,471,85,511472
116632,2018,3,2,1488,1488.0,0,0,206890
116633,2018,4,2,4914,4914.0,0,0,508080
116662,2018,3,2,1100,1100.0,0,0,264486
116666,2017,5,2,1986,1986.0,445,80,708020
116698,2018,4,2,3408,3408.0,0,0,106037
116705,2018,3,2,1150,1150.0,0,0,835796
116732,2017,10,2,4696,4696.0,371,67,511053
116745,2018,3,2,3068,3068.0,0,0,924793
116747,2018,3,2,1364,1364.0,0,0,444092
116757,2018,4,2,4158,4158.0,0,0,695878
116801,2018,2,2,3908,3908.0,0,0,408838
116815,2018,4,2,4034,4034.0,0,0,215508
116844,2018,2,2,1620,1620.0,0,0,488303
116846,2018,2,2,4592,4592.0,0,0,225746
116866,2018,3,2,3780,3780.0,0,0,917630
116871,2018,3,2,3944,3944.0,0,0,654073
116875,2018,3,2,1138,1138.0,0,0,425445
116915,2018,4,2,1086,1086.0,0,0,352092
116928,2018,3,2,1764,1764.0,0,0,257417
116942,2018,3,2,3822,3822.0,0,0,590514
116970,2018,3,2,2880,2880.0,0,0,640244
116975,2018,2,2,1266,1266.0,0,0,851986
117014,2018,2,2,4366,4366.0,0,0,863432
117032,2018,2,2,4982,4982.0,0,0,106592
117065,2018,4,2,4182,4182.0,0,0,138565
117092,2018,4,2,2710,2710.0,0,0,771056
117095,2018,2,2,4932,4932.0,0,0,181082
117138,2017,10,2,2142,2142.0,448,81,233969
117163,2018,3,2,2622,2622.0,0,0,483768
117167,2018,3,2,3244,3244.0,0,0,472532
117168,2018,3,2,2232,2232.0,0,0,818597
117181,2018,2,2,4730,4730.0,0,0,254860
117190,2018,2,2,3890,3890.0,0,0,753637
117196,2018,4,2,3438,3438.0,0,0,877603
117221,2018,5,2,4418,4418.0,520,94,652816
117233,2018,3,2,4906,4906.0,0,0,482528
117270,2018,3,2,3096,3096.0,0,0,929980
117281,2018,2,2,1332,1332.0,0,0,268129
117289,2018,3,2,3166,3166.0,0,0,591641
117309,2018,4,2,1638,1638.0,0,0,802425
117329,2018,4,2,2244,2244.0,0,0,632097
117331,2018,3,2,1094,1094.0,0,0,708020
117340,2018,3,2,4898,4898.0,0,0,415402
117372,2018,4,2,2690,2690.0,0,0,838634
117415,2018,2,2,4322,4322.0,0,0,448896
117418,2018,3,2,3020,3020.0,0,0,893266
117445,2018,3,2,2794,2794.0,0,0,638495
117473,2018,2,2,1722,1722.0,0,0,789892
117474,2018,3,2,3944,3944.0,0,0,196442
117487,2018,5,2,3614,3614.0,571,103,397817
117488,2018,3,2,1580,1580.0,0,0,828232
117501,2018,12,2,4978,4978.0,610,110,953693
117546,2018,3,2,2216,2216.0,0,0,724272
117549,2018,4,2,4976,4976.0,368,66,765293
117560,2018,3,2,3410,3410.0,0,0,185774
117577,2018,3,2,3912,3912.0,0,0,169247
117588,2018,3,2,4502,4502.0,0,0,127882
117591,2018,2,2,4990,4990.0,0,0,494515
117618,2018,2,2,4794,4794.0,0,0,950593
117637,2018,3,2,1832,1832.0,0,0,593252
117639,2018,3,2,1562,1562.0,0,0,776736
117706,2018,3,2,1826,1826.0,0,0,331598
117730,2018,2,2,1880,1880.0,0,0,197086
117739,2018,3,2,3720,3720.0,0,0,407999
117771,2018,2,2,2768,2768.0,0,0,329826
117778,2018,4,2,3768,3768.0,0,0,789892
117807,2018,3,2,1224,1224.0,0,0,528693
117819,2018,4,2,4960,4960.0,0,0,405928
117829,2018,4,2,4374,4374.0,0,0,585978
117845,2018,4,2,1336,1336.0,0,0,833998
117862,2018,3,2,4450,4450.0,0,0,687463
117872,2018,3,2,2536,2536.0,0,0,137850
117889,2018,5,2,4550,4550.0,0,0,106037
117893,2018,5,2,4476,4476.0,0,0,107487
117904,2018,5,2,4310,4310.0,0,0,112842
117948,2018,5,2,4950,4950.0,0,0,136516
117965,2018,5,2,1158,1158.0,0,0,146028
117977,2018,5,2,4154,4154.0,0,0,153626
118001,2018,5,2,4028,4028.0,0,0,168843
118002,2017,3,2,1340,1340.0,535,96,114219
118013,2018,5,2,2820,2820.0,0,0,175249
118021,2018,5,2,2066,2066.0,0,0,180219
118037,2018,5,2,1358,1358.0,0,0,186593
118079,2018,5,2,1702,1702.0,0,0,206890
118127,2018,5,2,4784,4784.0,434,78,731510
118147,2018,8,2,3276,3276.0,486,87,804521
118169,2018,5,2,1174,1174.0,0,0,254860
118234,2018,5,2,4120,4120.0,0,0,286065
118250,2018,5,2,1540,1540.0,0,0,297702
118279,2018,5,2,1474,1474.0,0,0,311946
118329,2018,5,2,4438,4438.0,0,0,338285
118334,2018,5,2,2748,2748.0,0,0,342407
118370,2018,5,2,1126,1126.0,0,0,360537
118379,2018,5,2,2214,2214.0,0,0,365619
118407,2018,5,2,1594,1594.0,676,122,856406
118423,2018,5,2,1690,1690.0,0,0,387523
118459,2018,5,2,3002,3002.0,0,0,405928
118460,2018,5,2,2240,2240.0,0,0,406254
118471,2018,8,2,1548,1548.0,678,122,537387
118494,2018,5,2,3232,3232.0,0,0,421923
118495,2018,5,2,1242,1242.0,0,0,422349
118502,2018,5,2,4538,4538.0,0,0,424540
118539,2018,5,2,3016,3016.0,0,0,444092
118551,2018,5,2,1018,1018.0,0,0,453448
118553,2018,5,2,4986,4986.0,0,0,454440
118566,2018,5,2,4016,4016.0,0,0,461199
118582,2018,5,2,2978,2978.0,0,0,466953
118614,2018,5,2,3310,3310.0,0,0,481293
118619,2018,5,2,2608,2608.0,0,0,483768
118630,2018,5,2,4944,4944.0,0,0,488303
118632,2018,5,2,1644,1644.0,0,0,489628
118643,2018,5,2,3802,3802.0,0,0,494885
118647,2018,5,2,3964,3964.0,0,0,498149
118656,2018,5,2,3296,3296.0,0,0,504311
118703,2018,5,2,1886,1886.0,0,0,525548
118710,2018,5,2,2532,2532.0,0,0,528229
118750,2018,5,2,2394,2394.0,0,0,550769
118761,2018,5,2,3250,3250.0,0,0,554442
118764,2018,5,2,1276,1276.0,0,0,557458
118769,2018,5,2,1470,1470.0,0,0,559388
118775,2018,5,2,2890,2890.0,0,0,561481
118795,2018,5,2,2992,2992.0,0,0,572811
118815,2018,5,2,1722,1722.0,0,0,579581
118819,2018,5,2,2704,2704.0,0,0,581661
118838,2018,5,2,1554,1554.0,0,0,591641
118844,2018,5,2,4384,4384.0,0,0,595323
118848,2017,11,2,3710,3710.0,348,63,715555
118890,2018,12,2,1982,1982.0,694,125,139600
118901,2018,5,2,1406,1406.0,0,0,617960
118902,2017,5,2,1824,1824.0,650,117,173873
118935,2018,5,2,1254,1254.0,0,0,638495
118952,2018,5,2,4314,4314.0,0,0,644163
118983,2017,9,2,1228,1228.0,0,0,716236
118984,2018,5,2,1744,1744.0,0,0,656572
118990,2018,5,2,3324,3324.0,0,0,660197
118992,2018,5,2,3602,3602.0,0,0,661054
118994,2018,5,2,3142,3142.0,0,0,661411
119078,2018,5,2,2572,2572.0,0,0,702542
119080,2018,5,2,2434,2434.0,0,0,703937
119088,2018,5,2,4204,4204.0,0,0,707470
119109,2018,5,2,4756,4756.0,0,0,724272
119133,2018,8,2,2274,2274.0,549,99,215508
119148,2018,5,2,3434,3434.0,0,0,746536
119187,2018,5,2,4966,4966.0,0,0,765293
119202,2018,5,2,4278,4278.0,0,0,774321
119212,2018,9,2,4962,4962.0,561,101,365557
119225,2018,5,2,3576,3576.0,0,0,787548
119231,2018,5,2,2470,2470.0,0,0,789892
119270,2018,5,2,3814,3814.0,0,0,810581
119272,2018,2,2,2726,2726.0,422,76,991568
119294,2018,5,2,2344,2344.0,0,0,819809
119347,2018,5,2,4488,4488.0,0,0,842390
119387,2018,5,2,3676,3676.0,0,0,860602
119405,2017,4,2,3738,3738.0,385,69,950593
119457,2018,5,2,1402,1402.0,0,0,893266
119461,2018,5,2,2760,2760.0,0,0,894620
119477,2018,5,2,1942,1942.0,0,0,906178
119511,2018,5,2,1942,1942.0,0,0,922188
119530,2018,5,2,1728,1728.0,0,0,929980
119544,2018,5,2,1894,1894.0,0,0,937645
119557,2018,5,2,1424,1424.0,0,0,944506
119566,2018,5,2,3662,3662.0,0,0,948693
119575,2018,5,2,2080,2080.0,0,0,950336
119581,2018,5,2,3802,3802.0,0,0,952955
119602,2018,5,2,3142,3142.0,484,87,799781
119612,2018,5,2,2548,2548.0,0,0,967883
119623,2017,7,2,2944,2944.0,0,0,728316
119626,2018,5,2,1502,1502.0,0,0,973728
119628,2017,9,2,4418,4418.0,0,0,728316
119646,2018,5,2,2624,2624.0,0,0,983822
119654,2018,10,2,2280,2280.0,534,96,554104
119689,2018,6,2,2112,2112.0,0,0,105214
119701,2018,5,2,2652,2652.0,638,115,886299
119724,2018,6,2,4142,4142.0,0,0,131047
119735,2018,6,2,2506,2506.0,0,0,138810
119750,2018,6,2,1856,1856.0,0,0,149912
119779,2018,6,2,4888,4888.0,0,0,168843
119788,2018,6,2,2134,2134.0,0,0,173873
119799,2018,6,2,2564,2564.0,0,0,184924
119804,2018,6,2,1122,1122.0,0,0,187838
119805,2018,1,2,4950,4950.0,450,81,499945
119831,2018,6,2,3622,3622.0,0,0,207001
119878,2018,6,2,1736,1736.0,0,0,240476
119890,2017,6,2,2134,2134.0,812,146,886439
119905,2018,6,2,2942,2942.0,0,0,256486
119923,2018,6,2,2548,2548.0,0,0,270730
119926,2018,6,2,4324,4324.0,0,0,274141
119972,2017,1,2,1388,1388.0,421,76,537038
120014,2018,6,2,4402,4402.0,0,0,323720
120017,2018,6,2,4240,4240.0,0,0,325367
120025,2018,6,2,1996,1996.0,0,0,329302
120045,2017,2,2,1068,1068.0,330,59,542893
120071,2018,6,2,4218,4218.0,0,0,354464
120098,2018,6,2,1314,1314.0,0,0,376618
120125,2018,2,2,4676,4676.0,484,87,627489
120137,2017,2,2,3698,3698.0,0,0,744860
120149,2017,10,2,2382,2382.0,0,0,744860
120150,2018,6,2,3404,3404.0,0,0,420202
120195,2018,6,2,2178,2178.0,0,0,444092
120199,2018,6,2,4358,4358.0,0,0,444894
120210,2018,6,2,3242,3242.0,0,0,454440
120228,2018,8,2,2948,2948.0,667,120,714379
120288,2018,6,2,3056,3056.0,0,0,499945
120294,2018,6,2,4562,4562.0,0,0,504260
120295,2018,6,2,4786,4786.0,0,0,505522
120300,2018,6,2,3938,3938.0,0,0,509513
120306,2018,6,2,3080,3080.0,0,0,511765
120328,2018,6,2,2018,2018.0,0,0,523246
120332,2017,11,2,2608,2608.0,391,70,210498
120357,2018,6,2,2078,2078.0,0,0,549862
120373,2018,6,2,2770,2770.0,0,0,558097
120400,2018,6,2,3786,3786.0,0,0,568880
120402,2018,1,2,3948,3948.0,376,68,169129
120404,2018,6,2,4984,4984.0,0,0,571169
120415,2017,3,2,2438,2438.0,704,127,750199
120428,2018,6,2,2218,2218.0,0,0,581999
120437,2017,9,2,1278,1278.0,412,74,300870
120447,2018,6,2,3370,3370.0,0,0,591641
120485,2018,6,2,2372,2372.0,0,0,615214
120494,2018,6,2,1412,1412.0,0,0,616746
120500,2018,6,2,2994,2994.0,0,0,618824
120555,2018,6,2,2526,2526.0,0,0,650621
120562,2018,6,2,2322,2322.0,0,0,656942
120579,2018,6,2,4620,4620.0,0,0,667262
120585,2018,6,2,3094,3094.0,0,0,671803
120589,2018,6,2,3878,3878.0,0,0,672893
120629,2018,1,2,2520,2520.0,566,102,851986
120634,2018,6,2,1334,1334.0,0,0,696096
120642,2018,6,2,4920,4920.0,0,0,702284
120666,2018,6,2,2536,2536.0,0,0,716785
120677,2018,6,2,1910,1910.0,0,0,724272
120715,2018,6,2,2304,2304.0,0,0,747609
120724,2018,6,2,3250,3250.0,0,0,755374
120745,2018,6,2,4056,4056.0,0,0,769623
120779,2018,6,2,1398,1398.0,0,0,791809
120807,2018,6,2,2522,2522.0,0,0,810581
120830,2018,6,2,3234,3234.0,0,0,822765
120844,2018,6,2,3978,3978.0,0,0,831180
120856,2018,6,2,1614,1614.0,0,0,835796
120881,2018,6,2,2494,2494.0,0,0,851421
120903,2018,8,2,4108,4108.0,754,136,856406
120906,2018,6,2,2564,2564.0,0,0,863349
120923,2018,6,2,3054,3054.0,0,0,870574
120925,2018,10,2,1658,1658.0,536,96,336341
120948,2018,6,2,3714,3714.0,0,0,886299
120974,2018,6,2,3878,3878.0,0,0,908120
121000,2018,6,2,4782,4782.0,0,0,922786
121023,2018,6,2,1458,1458.0,0,0,939238
121099,2018,6,2,3126,3126.0,0,0,990918
121105,2018,6,2,4218,4218.0,0,0,994877
121108,2018,6,2,3628,3628.0,0,0,996686
121121,2018,7,2,2000,2000.0,0,0,101540
121126,2018,7,2,4470,4470.0,0,0,106037
121128,2018,7,2,2130,2130.0,0,0,106776
121140,2018,9,2,1440,1440.0,470,85,771056
121144,2018,7,2,1206,1206.0,0,0,114219
121179,2018,7,2,4632,4632.0,0,0,139863
121211,2018,4,2,3414,3414.0,442,80,713236
121216,2018,7,2,3302,3302.0,0,0,166037
121221,2018,7,2,3454,3454.0,0,0,169129
121234,2018,7,2,3066,3066.0,0,0,180219
121276,2018,7,2,1960,1960.0,0,0,202696
121289,2017,3,2,3800,3800.0,0,0,775520
121295,2017,5,2,2812,2812.0,0,0,775520
121304,2017,7,2,1946,1946.0,0,0,775520
121334,2018,7,2,3876,3876.0,0,0,233969
121338,2018,7,2,2094,2094.0,0,0,236767
121351,2018,7,2,1738,1738.0,0,0,244308
121354,2017,8,2,3182,3182.0,447,80,478050
121356,2017,6,2,3540,3540.0,477,86,188147
121359,2017,10,2,1902,1902.0,0,0,776153
121360,2017,11,2,1620,1620.0,0,0,776153
121361,2018,2,2,3824,3824.0,0,0,776153
121379,2018,7,2,4670,4670.0,0,0,267291
121394,2018,7,2,2542,2542.0,0,0,276255
121396,2018,7,2,1164,1164.0,0,0,277091
121477,2018,7,2,2394,2394.0,0,0,327972
121493,2018,7,2,3732,3732.0,0,0,337453
121500,2018,7,2,1478,1478.0,0,0,341728
121510,2017,11,2,2044,2044.0,479,86,693295
121609,2018,7,2,4278,4278.0,0,0,413185
121622,2018,7,2,4012,4012.0,0,0,421191
121633,2018,7,2,1166,1166.0,0,0,425445
121669,2017,8,2,3448,3448.0,514,93,494885
121682,2018,7,2,4536,4536.0,0,0,448896
121695,2018,7,2,3232,3232.0,0,0,457716
121700,2018,7,2,4276,4276.0,0,0,459948
121705,2018,7,2,4518,4518.0,0,0,462459
121712,2018,7,2,3978,3978.0,0,0,466865
121716,2018,7,2,4072,4072.0,0,0,472787
121734,2018,7,2,4364,4364.0,0,0,483768
121739,2018,7,2,3090,3090.0,0,0,485795
121740,2018,7,2,1128,1128.0,0,0,485933
121775,2018,7,2,3560,3560.0,0,0,504860
121784,2018,7,2,3368,3368.0,0,0,511053
121799,2018,3,2,4138,4138.0,463,83,422349
121852,2018,7,2,1954,1954.0,0,0,549982
121854,2018,7,2,4448,4448.0,0,0,554104
121861,2018,7,2,2836,2836.0,0,0,557458
121900,2017,5,2,1574,1574.0,642,116,832597
122009,2018,7,2,3142,3142.0,0,0,660436
122061,2018,7,2,4876,4876.0,0,0,693494
122070,2018,7,2,3886,3886.0,0,0,701216
122073,2018,7,2,4048,4048.0,0,0,702147
122074,2018,7,2,2022,2022.0,0,0,702284
122098,2018,7,2,4440,4440.0,0,0,719383
122103,2017,7,2,1028,1028.0,800,144,644630
122120,2018,7,2,3902,3902.0,0,0,731510
122143,2018,7,2,1448,1448.0,0,0,745811
122187,2018,7,2,2114,2114.0,0,0,771035
122208,2017,8,2,1360,1360.0,0,0,804816
122217,2017,1,2,2420,2420.0,309,56,264486
122222,2018,7,2,3536,3536.0,0,0,787548
122259,2017,9,2,2920,2920.0,0,0,806348
122272,2018,7,2,1034,1034.0,0,0,818597
122274,2017,5,2,3686,3686.0,627,113,135312
122282,2018,7,2,1080,1080.0,0,0,822696
122289,2018,7,2,4376,4376.0,0,0,824133
122292,2018,7,2,4874,4874.0,0,0,825484
122309,2017,4,2,3908,3908.0,577,104,612510
122324,2018,7,2,2696,2696.0,0,0,842390
122331,2018,7,2,2262,2262.0,0,0,848632
122351,2018,7,2,1346,1346.0,0,0,860602
122376,2018,7,2,3722,3722.0,0,0,882718
122396,2018,7,2,2606,2606.0,0,0,894436
122402,2018,7,2,3210,3210.0,0,0,896651
122414,2018,7,2,2416,2416.0,0,0,901819
122417,2018,1,2,1386,1386.0,436,78,855050
122418,2018,7,2,1708,1708.0,0,0,905909
122428,2018,7,2,2390,2390.0,0,0,918053
122436,2018,7,2,1362,1362.0,0,0,922000
122500,2018,7,2,2970,2970.0,0,0,968034
122505,2018,7,2,4224,4224.0,0,0,970746
122538,2018,7,2,1676,1676.0,0,0,992886
122554,2018,8,2,1394,1394.0,0,0,101540
122572,2018,8,2,3690,3690.0,0,0,116735
122597,2017,1,2,4140,4140.0,562,101,577405
122603,2018,8,2,2328,2328.0,0,0,135312
122668,2018,8,2,1244,1244.0,0,0,166037
122670,2018,8,2,3340,3340.0,0,0,167465
122674,2018,8,2,4642,4642.0,0,0,170585
122683,2017,8,2,1832,1832.0,635,114,528331
122691,2017,11,2,4484,4484.0,418,75,264486
122723,2018,8,2,2078,2078.0,0,0,201276
122727,2018,8,2,4642,4642.0,0,0,203033
122731,2018,8,2,1164,1164.0,0,0,204484
122739,2018,8,2,4502,4502.0,0,0,208586
122765,2018,8,2,2494,2494.0,0,0,228673
122815,2018,8,2,1956,1956.0,0,0,265557
122822,2017,4,2,4672,4672.0,561,101,331325
122838,2018,8,2,3198,3198.0,0,0,280828
122844,2018,8,2,3312,3312.0,0,0,284610
122864,2018,8,2,4734,4734.0,0,0,297702
122892,2018,3,2,1250,1250.0,515,93,478107
122913,2018,8,2,4416,4416.0,0,0,327972
122935,2018,8,2,3142,3142.0,0,0,337983
122973,2018,8,2,3464,3464.0,0,0,358039
122976,2018,8,2,1736,1736.0,0,0,360537
123013,2017,9,2,3072,3072.0,650,117,753637
123033,2018,8,2,1158,1158.0,0,0,385593
123044,2018,8,2,4570,4570.0,0,0,392802
123053,2018,8,2,1666,1666.0,0,0,397817
123062,2018,8,2,4080,4080.0,0,0,404426
123067,2018,8,2,4684,4684.0,0,0,405928
123069,2018,8,2,2028,2028.0,0,0,407411
123070,2018,8,2,4286,4286.0,0,0,407999
123071,2018,8,2,2822,2822.0,0,0,408134
123072,2018,8,2,3954,3954.0,0,0,409051
123077,2018,8,2,2738,2738.0,0,0,412995
123086,2018,8,2,2808,2808.0,0,0,421191
123111,2018,8,2,3130,3130.0,0,0,440928
123119,2018,8,2,1976,1976.0,0,0,444894
123143,2018,8,2,1958,1958.0,0,0,462459
123163,2018,8,2,4258,4258.0,0,0,478050
123166,2018,8,2,3242,3242.0,0,0,480909
123167,2018,8,2,1418,1418.0,0,0,481293
123173,2018,8,2,3530,3530.0,0,0,485795
123174,2018,8,2,3878,3878.0,0,0,486112
123178,2018,8,2,1536,1536.0,0,0,487605
123195,2018,8,2,4254,4254.0,0,0,496357
123199,2018,8,2,1054,1054.0,0,0,499128
123214,2018,8,2,1152,1152.0,0,0,507005
123250,2018,8,2,2022,2022.0,0,0,523246
123283,2018,8,2,2936,2936.0,0,0,542893
123306,2018,8,2,3286,3286.0,0,0,554104
123322,2018,8,2,2556,2556.0,0,0,566182
123370,2018,8,2,1130,1130.0,0,0,593252
123375,2018,8,2,3010,3010.0,0,0,596390
123392,2018,8,2,4326,4326.0,0,0,603775
123405,2018,8,2,1642,1642.0,0,0,608758
123424,2018,2,2,3208,3208.0,343,62,274141
123437,2018,8,2,2726,2726.0,0,0,625033
123448,2018,8,2,4920,4920.0,0,0,631661
123466,2018,8,2,2186,2186.0,0,0,643912
123487,2018,8,2,3622,3622.0,0,0,656942
123507,2018,8,2,4090,4090.0,0,0,667262
123543,2017,8,2,3888,3888.0,577,104,131560
123549,2018,8,2,4958,4958.0,0,0,695878
123562,2018,8,2,1664,1664.0,0,0,703937
123583,2018,8,2,3790,3790.0,0,0,715462
123602,2018,8,2,2122,2122.0,0,0,726139
123632,2018,8,2,4646,4646.0,0,0,744567
123635,2018,8,2,1652,1652.0,0,0,747926
123652,2018,8,2,4284,4284.0,0,0,755374
123664,2018,8,2,3552,3552.0,0,0,760061
123682,2018,8,2,4868,4868.0,0,0,776736
123710,2018,8,2,4618,4618.0,0,0,789573
123712,2018,8,2,1388,1388.0,0,0,790178
123734,2018,8,2,3434,3434.0,0,0,803084
123744,2018,8,2,3602,3602.0,0,0,810581
123758,2018,8,2,1412,1412.0,0,0,822765
123764,2017,10,2,1536,1536.0,467,84,721688
123773,2018,5,2,4816,4816.0,526,95,946001
123798,2018,8,2,3560,3560.0,0,0,842279
123803,2018,8,2,2444,2444.0,0,0,846291
123813,2018,8,2,1180,1180.0,0,0,851836
123823,2018,10,2,3936,3936.0,509,92,817851
123853,2018,3,2,4606,4606.0,526,95,495253
123854,2018,8,2,3306,3306.0,0,0,870574
123870,2018,8,2,3090,3090.0,0,0,879177
123884,2018,9,2,3820,3820.0,373,67,843672
123898,2018,8,2,2910,2910.0,0,0,895185
123927,2018,8,2,2898,2898.0,0,0,913571
123938,2017,1,2,3590,3590.0,387,70,407999
123947,2017,9,2,4626,4626.0,438,79,412402
123949,2018,8,2,1050,1050.0,0,0,922926
123952,2018,8,2,3174,3174.0,0,0,923959
123956,2018,8,2,4440,4440.0,0,0,924793
123974,2017,10,2,4664,4664.0,581,105,512471
124019,2018,8,2,1978,1978.0,0,0,965079
124022,2018,8,2,4882,4882.0,0,0,966391
124024,2018,8,2,3720,3720.0,0,0,967347
124028,2018,8,2,3374,3374.0,0,0,967883
124031,2018,8,2,4582,4582.0,0,0,968666
124084,2018,8,2,2028,2028.0,0,0,994877
124156,2018,9,2,1532,1532.0,0,0,120583
124170,2017,12,2,3490,3490.0,559,101,508080
124192,2018,9,2,4616,4616.0,0,0,135421
124196,2018,9,2,4350,4350.0,0,0,138810
124211,2018,9,2,4454,4454.0,0,0,144977
124242,2018,9,2,3792,3792.0,0,0,163608
124264,2018,9,2,1884,1884.0,0,0,170585
124283,2018,9,2,2336,2336.0,0,0,180219
124292,2018,9,2,1950,1950.0,0,0,184924
124295,2018,9,2,1206,1206.0,0,0,185774
124301,2018,9,2,1590,1590.0,0,0,187618
124355,2018,9,2,3508,3508.0,0,0,210755
124386,2018,1,2,2030,2030.0,460,83,283980
124393,2018,9,2,2052,2052.0,0,0,237274
124399,2018,9,2,4082,4082.0,0,0,240476
124403,2018,9,2,4102,4102.0,0,0,244308
124410,2018,9,2,2318,2318.0,0,0,248593
124442,2018,9,2,3794,3794.0,0,0,263127
124466,2018,9,2,1828,1828.0,0,0,276289
124553,2018,9,2,3862,3862.0,0,0,318264
124580,2018,9,2,3870,3870.0,0,0,328349
124594,2018,9,2,1170,1170.0,0,0,336341
124602,2018,9,2,3602,3602.0,0,0,342929
124605,2018,6,2,3566,3566.0,561,101,233969
124615,2018,11,2,3346,3346.0,366,66,507005
124630,2018,9,2,3726,3726.0,0,0,352092
124650,2018,4,2,3394,3394.0,380,68,903209
124654,2018,9,2,2478,2478.0,0,0,365619
124673,2018,9,2,4618,4618.0,0,0,375540
124696,2018,9,2,4776,4776.0,0,0,390546
124743,2018,9,2,3046,3046.0,0,0,420394
124750,2018,9,2,4194,4194.0,0,0,424540
124758,2018,2,2,2918,2918.0,506,91,900894
124762,2018,9,2,3818,3818.0,0,0,428526
124784,2018,9,2,3350,3350.0,0,0,438199
124794,2018,9,2,2386,2386.0,0,0,443970
124801,2018,9,2,1716,1716.0,0,0,444894
124802,2018,9,2,3378,3378.0,0,0,445073
124865,2018,9,2,2864,2864.0,0,0,478666
124908,2018,9,2,3646,3646.0,0,0,496357
124915,2018,9,2,2456,2456.0,0,0,502012
124925,2018,9,2,1202,1202.0,0,0,511342
124926,2018,9,2,4162,4162.0,0,0,511472
124929,2018,9,2,2190,2190.0,0,0,512471
124938,2018,9,2,1616,1616.0,0,0,515969
124951,2018,2,2,3658,3658.0,0,0,862659
124976,2018,9,2,1192,1192.0,0,0,535852
124992,2018,1,2,2840,2840.0,515,93,508080
125013,2018,9,2,3414,3414.0,0,0,552328
125022,2017,3,2,1822,1822.0,662,119,442014
125035,2018,9,2,1570,1570.0,0,0,561481
125043,2018,9,2,4740,4740.0,0,0,564813
125044,2018,9,2,4938,4938.0,0,0,565452
125053,2018,9,2,1250,1250.0,0,0,568880
125068,2018,9,2,2532,2532.0,0,0,573332
125070,2018,9,2,1868,1868.0,0,0,573830
125106,2018,9,2,4262,4262.0,0,0,593252
125136,2018,9,2,4242,4242.0,0,0,608758
125139,2018,1,2,3620,3620.0,542,98,535436
125140,2018,2,2,4564,4564.0,526,95,966580
125160,2018,9,2,3660,3660.0,0,0,616746
125164,2018,9,2,1346,1346.0,0,0,617099
125183,2018,9,2,4976,4976.0,0,0,625033
125209,2018,9,2,2056,2056.0,0,0,642002
125246,2018,9,2,3920,3920.0,0,0,656572
125247,2018,9,2,3998,3998.0,0,0,656942
125258,2018,9,2,2614,2614.0,0,0,662164
125278,2018,5,2,1514,1514.0,613,110,164973
125337,2018,9,2,2072,2072.0,0,0,702478
125351,2018,9,2,3482,3482.0,0,0,708258
125360,2018,9,2,3230,3230.0,0,0,713236
125365,2018,3,2,2080,2080.0,613,110,595083
125366,2018,9,2,2110,2110.0,0,0,717459
125395,2018,9,2,3848,3848.0,0,0,730246
125420,2018,9,2,3800,3800.0,0,0,741422
125426,2018,9,2,1652,1652.0,0,0,744528
125436,2018,9,2,4928,4928.0,0,0,747926
125442,2018,9,2,2646,2646.0,0,0,750710
125450,2018,9,2,2384,2384.0,0,0,753473
125453,2018,9,2,3656,3656.0,0,0,754539
125472,2018,9,2,3274,3274.0,0,0,760061
125477,2018,9,2,3088,3088.0,0,0,762117
125501,2018,9,2,1580,1580.0,0,0,778030
125527,2018,9,2,1836,1836.0,0,0,789573
125552,2018,9,2,4338,4338.0,0,0,799781
125563,2018,9,2,3948,3948.0,0,0,810581
125566,2018,9,2,3706,3706.0,0,0,811684
125573,2018,9,2,1080,1080.0,0,0,817456
125587,2017,1,2,4534,4534.0,468,84,537990
125606,2018,9,2,1708,1708.0,0,0,832597
125614,2018,9,2,3800,3800.0,0,0,833998
125642,2018,9,2,2274,2274.0,0,0,846291
125654,2018,9,2,1424,1424.0,0,0,851986
125656,2018,9,2,4628,4628.0,0,0,852323
125700,2017,10,2,4484,4484.0,608,109,744528
125720,2017,9,2,3448,3448.0,0,0,878510
125721,2017,10,2,4522,4522.0,0,0,878510
125738,2018,9,2,1264,1264.0,0,0,893863
125752,2018,9,2,2838,2838.0,0,0,901819
125756,2018,9,2,4322,4322.0,0,0,905478
125757,2018,9,2,3860,3860.0,0,0,906178
125782,2018,9,2,4794,4794.0,0,0,917610
125784,2018,9,2,4062,4062.0,0,0,918053
125794,2018,9,2,3298,3298.0,0,0,922188
125797,2018,9,2,4486,4486.0,417,75,822956
125811,2018,9,2,1936,1936.0,0,0,931183
125822,2018,9,2,4002,4002.0,0,0,933968
125827,2018,9,2,1604,1604.0,0,0,937645
125845,2018,9,2,4532,4532.0,0,0,946258
125849,2018,9,2,2642,2642.0,0,0,947234
125852,2018,9,2,1822,1822.0,0,0,947876
125857,2018,9,2,1836,1836.0,0,0,949974
125877,2018,9,2,4768,4768.0,0,0,959453
125908,2018,9,2,1970,1970.0,0,0,979644
125941,2018,9,2,2524,2524.0,0,0,994377
125981,2018,10,2,4616,4616.0,0,0,106689
126022,2018,10,2,1134,1134.0,0,0,122545
126044,2018,10,2,1694,1694.0,0,0,131560
126057,2018,10,2,1618,1618.0,0,0,135421
126065,2018,10,2,2832,2832.0,0,0,137850
126084,2018,10,2,1590,1590.0,0,0,144977
126085,2018,10,2,2306,2306.0,0,0,145988
126089,2018,10,2,1434,1434.0,0,0,147700
126122,2018,10,2,3106,3106.0,0,0,159359
126141,2018,10,2,1284,1284.0,0,0,165443
126150,2018,10,2,1668,1668.0,0,0,169247
126154,2017,4,2,1314,1314.0,577,104,528229
126156,2018,10,2,4742,4742.0,0,0,170585
126174,2018,10,2,1946,1946.0,0,0,180219
126181,2018,10,2,4292,4292.0,0,0,183025
126182,2018,3,2,1378,1378.0,431,78,507005
126189,2018,10,2,4984,4984.0,0,0,187618
126242,2018,10,2,4536,4536.0,0,0,207001
126246,2018,10,2,1608,1608.0,0,0,207576
126248,2018,10,2,3684,3684.0,0,0,208553
126261,2018,10,2,2328,2328.0,0,0,210498
126304,2018,10,2,3536,3536.0,0,0,225363
126306,2018,10,2,1288,1288.0,0,0,225746
126335,2018,10,2,3632,3632.0,0,0,237274
126367,2018,10,2,3014,3014.0,0,0,247645
126399,2018,4,2,4870,4870.0,530,95,829861
126433,2018,10,2,2756,2756.0,0,0,276255
126444,2018,10,2,4108,4108.0,0,0,280828
126469,2018,10,2,3358,3358.0,0,0,295412
126539,2018,10,2,2252,2252.0,0,0,319664
126550,2018,10,2,1722,1722.0,0,0,323720
126557,2018,10,2,3916,3916.0,0,0,325367
126569,2018,10,2,2192,2192.0,0,0,329215
126570,2018,10,2,4314,4314.0,0,0,329302
126589,2018,10,2,1222,1222.0,0,0,337983
126590,2018,10,2,3602,3602.0,0,0,338285
126598,2018,10,2,4546,4546.0,0,0,342407
126624,2018,10,2,2620,2620.0,0,0,350692
126661,2018,10,2,4246,4246.0,0,0,360902
126667,2018,8,2,2960,2960.0,548,99,466865
126672,2018,10,2,2516,2516.0,0,0,365451
126698,2018,10,2,2586,2586.0,0,0,376618
126710,2018,10,2,4774,4774.0,0,0,384328
126720,2018,10,2,1626,1626.0,0,0,390480
126761,2018,10,2,4112,4112.0,0,0,404426
126774,2018,10,2,4486,4486.0,0,0,408134
126792,2018,10,2,4668,4668.0,0,0,413185
126794,2018,10,2,3450,3450.0,0,0,414164
126805,2018,10,2,2858,2858.0,0,0,420394
126826,2018,10,2,2902,2902.0,0,0,428526
126841,2018,10,2,4528,4528.0,0,0,431187
126868,2018,10,2,1178,1178.0,0,0,442014
126878,2018,10,2,3636,3636.0,0,0,443970
126902,2018,10,2,4120,4120.0,0,0,454440
126932,2018,4,2,3788,3788.0,531,96,979644
126940,2018,10,2,3056,3056.0,0,0,466865
126990,2018,10,2,3106,3106.0,0,0,487605
126998,2018,10,2,2910,2910.0,0,0,489628
126999,2018,10,2,1678,1678.0,0,0,489842
127034,2018,10,2,3152,3152.0,0,0,508080
127038,2018,10,2,3428,3428.0,0,0,509513
127094,2018,10,2,3482,3482.0,0,0,537990
127111,2018,10,2,2872,2872.0,0,0,543852
127115,2018,10,2,1226,1226.0,0,0,544690
127170,2018,10,2,2242,2242.0,0,0,565008
127173,2018,8,2,1132,1132.0,497,89,644163
127177,2018,10,2,1380,1380.0,0,0,566182
127185,2018,10,2,4764,4764.0,0,0,567070
127211,2018,1,2,4868,4868.0,355,64,756515
127213,2018,10,2,3720,3720.0,0,0,579424
127234,2018,10,2,1202,1202.0,0,0,585978
127250,2018,10,2,2480,2480.0,0,0,595323
127255,2017,4,2,2844,2844.0,0,0,909880
127258,2018,10,2,4262,4262.0,0,0,599372
127281,2018,10,2,1022,1022.0,0,0,608758
127284,2018,10,2,4082,4082.0,0,0,609072
127286,2018,10,2,4892,4892.0,0,0,609532
127323,2018,10,2,1678,1678.0,0,0,620122
127334,2018,10,2,3838,3838.0,0,0,623861
127335,2017,8,2,1576,1576.0,515,93,273984
127336,2018,10,2,4448,4448.0,0,0,625033
127337,2018,10,2,1350,1350.0,0,0,625123
127354,2018,10,2,3990,3990.0,501,90,457716
127359,2018,2,2,4678,4678.0,509,92,102311
127366,2018,10,2,2184,2184.0,0,0,636505
127387,2018,10,2,4216,4216.0,0,0,645081
127421,2018,10,2,1494,1494.0,0,0,656572
127433,2018,10,2,1578,1578.0,0,0,661502
127447,2018,10,2,3838,3838.0,0,0,667860
127455,2018,10,2,4052,4052.0,0,0,672893
127533,2018,10,2,4886,4886.0,0,0,705911
127536,2018,10,2,2156,2156.0,0,0,706820
127540,2018,10,2,4482,4482.0,0,0,708020
127565,2018,10,2,1202,1202.0,0,0,717459
127651,2018,10,2,3690,3690.0,0,0,755374
127729,2017,7,2,1320,1320.0,806,145,116735
127740,2018,10,2,4276,4276.0,0,0,793178
127750,2018,10,2,1226,1226.0,0,0,795230
127807,2018,9,2,2540,2540.0,396,71,221993
127822,2018,10,2,4456,4456.0,0,0,820454
127832,2018,10,2,3136,3136.0,0,0,822956
127843,2018,10,2,1768,1768.0,0,0,830811
127852,2018,10,2,1634,1634.0,0,0,832597
127859,2018,10,2,4092,4092.0,0,0,833998
127878,2018,10,2,1284,1284.0,0,0,839422
127917,2017,11,2,3002,3002.0,0,0,929712
127926,2017,5,2,4012,4012.0,521,94,929712
127963,2018,10,2,3232,3232.0,0,0,873886
127977,2018,10,2,3184,3184.0,0,0,878284
128012,2018,10,2,2916,2916.0,0,0,893266
128046,2018,10,2,3996,3996.0,0,0,903797
128053,2018,10,2,3038,3038.0,0,0,906615
128056,2018,10,2,3750,3750.0,0,0,907038
128072,2018,10,2,1388,1388.0,0,0,913571
128142,2018,10,2,2108,2108.0,0,0,939238
128154,2018,10,2,3116,3116.0,0,0,944506
128156,2018,10,2,4516,4516.0,0,0,944750
128158,2018,10,2,2266,2266.0,0,0,945091
128165,2018,10,2,3920,3920.0,0,0,948662
128168,2018,10,2,2916,2916.0,0,0,950336
128180,2018,10,2,3660,3660.0,0,0,953693
128201,2018,10,2,3002,3002.0,0,0,959728
128215,2018,10,2,3820,3820.0,0,0,967347
128222,2018,10,2,3072,3072.0,0,0,968666
128226,2018,10,2,2938,2938.0,0,0,970746
128231,2018,10,2,3056,3056.0,0,0,973728
128306,2018,11,2,2806,2806.0,0,0,101540
128326,2018,11,2,4956,4956.0,0,0,112842
128353,2018,11,2,3688,3688.0,0,0,128789
128356,2017,12,2,2260,2260.0,578,104,850245
128357,2018,12,2,3950,3950.0,578,104,924793
128379,2018,11,2,2330,2330.0,0,0,138565
128406,2018,11,2,3994,3994.0,0,0,149884
128414,2018,11,2,2164,2164.0,0,0,153600
128415,2018,11,2,3732,3732.0,0,0,153884
128434,2018,11,2,4152,4152.0,0,0,164034
128438,2018,11,2,2530,2530.0,0,0,165019
128439,2018,11,2,4050,4050.0,0,0,165742
128446,2018,11,2,3614,3614.0,0,0,168843
128476,2018,11,2,4572,4572.0,0,0,180024
128488,2018,11,2,4672,4672.0,0,0,184478
128491,2018,11,2,2196,2196.0,0,0,185013
128496,2017,10,2,3740,3740.0,555,100,967883
128506,2018,11,2,2796,2796.0,0,0,193665
128520,2018,11,2,2266,2266.0,0,0,197086
128545,2018,11,2,1640,1640.0,0,0,208553
128546,2018,11,2,3336,3336.0,0,0,208586
128550,2018,11,2,4208,4208.0,0,0,210498
128596,2018,11,2,1632,1632.0,0,0,232290
128624,2018,11,2,3582,3582.0,0,0,247645
128641,2018,11,2,3750,3750.0,0,0,254860
128647,2018,11,2,4172,4172.0,0,0,256486
128660,2018,11,2,2632,2632.0,0,0,264486
128663,2018,11,2,1300,1300.0,0,0,267291
128702,2018,11,2,3514,3514.0,0,0,286065
128726,2018,11,2,1038,1038.0,0,0,297702
128754,2018,11,2,2206,2206.0,0,0,310965
128756,2018,11,2,4418,4418.0,0,0,311946
128769,2018,11,2,4966,4966.0,0,0,316793
128816,2018,11,2,1832,1832.0,0,0,341728
128834,2018,11,2,4814,4814.0,0,0,352490
128835,2018,11,2,1506,1506.0,0,0,353128
128857,2018,11,2,3114,3114.0,0,0,365619
128871,2018,11,2,1526,1526.0,0,0,371368
128909,2018,11,2,2268,2268.0,0,0,390480
128921,2018,11,2,2154,2154.0,0,0,404426
128925,2018,11,2,1292,1292.0,0,0,405928
128929,2018,11,2,4398,4398.0,0,0,408347
128943,2018,11,2,2064,2064.0,0,0,419749
128949,2018,11,2,3916,3916.0,0,0,421001
128959,2018,11,2,4508,4508.0,0,0,425445
129005,2018,11,2,3142,3142.0,0,0,444092
129008,2018,11,2,3314,3314.0,0,0,445073
129010,2018,11,2,1032,1032.0,0,0,445427
129018,2018,11,2,2422,2422.0,0,0,448896
129030,2018,11,2,4284,4284.0,0,0,454440
129035,2018,11,2,2770,2770.0,0,0,457716
129061,2018,11,2,4820,4820.0,0,0,467945
129082,2018,11,2,1928,1928.0,0,0,478666
129095,2018,11,2,1030,1030.0,0,0,483768
129109,2017,5,2,3456,3456.0,461,83,511342
129113,2018,11,2,2640,2640.0,0,0,492367
129153,2018,11,2,1376,1376.0,0,0,508115
129157,2018,11,2,1840,1840.0,0,0,509513
129204,2018,11,2,4346,4346.0,0,0,528693
129220,2018,2,2,3674,3674.0,405,73,966204
129226,2018,11,2,4156,4156.0,0,0,537038
129229,2018,11,2,2050,2050.0,0,0,537990
129239,2018,11,2,1230,1230.0,0,0,542893
129272,2018,11,2,2740,2740.0,0,0,558097
129380,2018,11,2,3510,3510.0,0,0,608517
129406,2018,1,2,3280,3280.0,300,54,184478
129413,2018,11,2,4352,4352.0,0,0,625123
129452,2018,11,2,3206,3206.0,0,0,644163
129453,2018,11,2,2990,2990.0,0,0,644786
129461,2018,11,2,2486,2486.0,0,0,650445
129475,2018,11,2,2456,2456.0,0,0,656572
129476,2018,11,2,4120,4120.0,0,0,656942
129526,2018,9,2,3914,3914.0,585,105,183025
129543,2018,11,2,4230,4230.0,0,0,693295
129544,2018,11,2,4506,4506.0,0,0,693494
129568,2018,11,2,4230,4230.0,0,0,702478
129590,2018,11,2,4736,4736.0,0,0,715462
129611,2018,11,2,4430,4430.0,0,0,730561
129620,2018,11,2,3258,3258.0,0,0,735304
129647,2018,11,2,1490,1490.0,0,0,744228
129651,2018,11,2,3378,3378.0,0,0,746772
129653,2018,11,2,2830,2830.0,0,0,747609
129662,2018,11,2,4146,4146.0,0,0,750649
129682,2018,11,2,2292,2292.0,0,0,760061
129688,2018,11,2,1432,1432.0,0,0,762117
129723,2018,11,2,2336,2336.0,0,0,774321
129734,2018,11,2,2730,2730.0,0,0,778030
129764,2018,11,2,2986,2986.0,0,0,793178
129777,2018,11,2,4402,4402.0,0,0,799781
129789,2018,11,2,4056,4056.0,0,0,807211
129790,2018,11,2,1106,1106.0,0,0,808353
129818,2018,11,2,3080,3080.0,0,0,820454
129833,2018,11,2,3812,3812.0,0,0,826556
129851,2018,11,2,2668,2668.0,0,0,831180
129906,2018,11,2,1326,1326.0,0,0,853421
129930,2018,11,2,2510,2510.0,0,0,861058
129969,2018,11,2,2032,2032.0,0,0,877603
129970,2018,11,2,2080,2080.0,0,0,878284
129972,2018,11,2,2182,2182.0,0,0,879177
129978,2017,12,2,4556,4556.0,722,130,924793
129990,2018,11,2,3396,3396.0,0,0,888357
129999,2018,11,2,1826,1826.0,0,0,893266
130018,2018,11,2,4562,4562.0,0,0,901819
130043,2018,11,2,2614,2614.0,0,0,918053
130049,2018,11,2,1848,1848.0,0,0,920162
130058,2018,11,2,2658,2658.0,0,0,923959
130078,2018,11,2,2882,2882.0,0,0,929980
130100,2018,11,2,1164,1164.0,0,0,945091
130109,2018,11,2,4924,4924.0,0,0,948662
130115,2018,11,2,4616,4616.0,0,0,950593
130173,2018,11,2,4142,4142.0,0,0,968225
130183,2017,12,2,2804,2804.0,388,70,839422
130196,2018,11,2,2812,2812.0,0,0,979644
130197,2018,11,2,2816,2816.0,0,0,979776
130200,2018,11,2,4074,4074.0,0,0,980952
130208,2018,11,2,2714,2714.0,0,0,986208
130209,2018,11,2,3114,3114.0,0,0,986421
130218,2018,11,2,4708,4708.0,0,0,990918
130283,2018,12,2,2908,2908.0,0,0,127882
130286,2018,8,2,3360,3360.0,448,81,165443
130296,2017,11,2,1228,1228.0,574,103,986421
130299,2018,12,2,1258,1258.0,0,0,137850
130300,2018,12,2,1104,1104.0,0,0,138737
130301,2018,12,2,1926,1926.0,0,0,138810
130303,2018,12,2,2040,2040.0,0,0,139863
130324,2018,12,2,1254,1254.0,0,0,153884
130331,2018,10,2,2526,2526.0,503,91,693494
130333,2018,9,2,4958,4958.0,629,113,980952
130338,2018,12,2,3552,3552.0,0,0,159359
130349,2018,12,2,2654,2654.0,0,0,164034
130353,2018,12,2,3356,3356.0,0,0,165742
130357,2018,12,2,3952,3952.0,0,0,168843
130379,2018,12,2,1260,1260.0,0,0,180024
130381,2018,12,2,1646,1646.0,0,0,180219
130404,2018,12,2,4142,4142.0,0,0,192651
130435,2018,12,2,1268,1268.0,0,0,206890
130452,2018,12,2,1982,1982.0,0,0,215508
130461,2018,12,2,2406,2406.0,0,0,220822
130488,2018,12,2,2862,2862.0,0,0,237274
130512,2018,12,2,2592,2592.0,0,0,246187
130517,2018,12,2,2100,2100.0,0,0,248593
130567,2018,12,2,4802,4802.0,0,0,276035
130578,2018,12,2,3488,3488.0,0,0,280828
130602,2018,12,2,4130,4130.0,0,0,297702
130613,2017,2,2,2240,2240.0,432,78,318654
130666,2018,12,2,3148,3148.0,0,0,336037
130709,2017,6,2,1456,1456.0,469,84,683126
130758,2018,12,2,1354,1354.0,0,0,386790
130760,2018,12,2,1742,1742.0,0,0,390546
130781,2018,12,2,3986,3986.0,0,0,407999
130808,2017,4,2,4948,4948.0,0,0,979449
130817,2018,12,2,4572,4572.0,0,0,429308
130820,2017,10,2,4718,4718.0,425,77,979449
130832,2018,12,2,3148,3148.0,0,0,438641
130842,2018,12,2,4310,4310.0,0,0,442249
130849,2018,7,2,1228,1228.0,681,123,833998
130864,2018,6,2,3992,3992.0,647,116,107212
130875,2018,12,2,3952,3952.0,0,0,461199
130878,2018,12,2,1120,1120.0,0,0,462459
130928,2018,12,2,1150,1150.0,0,0,496357
130991,2018,12,2,4160,4160.0,0,0,535852
131025,2018,12,2,2798,2798.0,0,0,558097
131049,2018,12,2,4082,4082.0,0,0,577405
131058,2018,8,2,1508,1508.0,685,123,432493
131064,2018,12,2,1202,1202.0,0,0,582690
131074,2018,12,2,5000,5000.0,0,0,583718
131080,2018,12,2,4208,4208.0,0,0,585978
131090,2018,12,2,4284,4284.0,0,0,591641
131099,2018,12,2,3254,3254.0,0,0,597897
131105,2018,12,2,4712,4712.0,0,0,600785
131131,2018,12,2,3538,3538.0,0,0,607662
131139,2017,9,2,4710,4710.0,650,117,625451
131160,2018,12,2,1332,1332.0,0,0,617960
131165,2018,12,2,2958,2958.0,0,0,620122
131174,2018,12,2,3194,3194.0,0,0,627489
131177,2018,12,2,2932,2932.0,0,0,628431
131206,2018,4,2,1850,1850.0,610,110,309364
131231,2018,12,2,2932,2932.0,0,0,661411
131232,2018,12,2,2712,2712.0,0,0,662164
131250,2018,12,2,4028,4028.0,0,0,672308
131263,2018,12,2,1822,1822.0,0,0,683126
131292,2018,12,2,4914,4914.0,0,0,704270
131297,2018,12,2,1836,1836.0,0,0,708020
131335,2018,12,2,3796,3796.0,0,0,721688
131373,2018,1,2,2328,2328.0,361,65,309364
131379,2018,12,2,4784,4784.0,0,0,750649
131380,2018,12,2,2550,2550.0,0,0,751594
131407,2018,12,2,2050,2050.0,0,0,765293
131458,2018,12,2,1830,1830.0,0,0,790450
131470,2018,12,2,1542,1542.0,0,0,795230
131490,2018,12,2,1932,1932.0,0,0,808353
131510,2018,12,2,4160,4160.0,0,0,820454
131532,2018,12,2,4906,4906.0,0,0,832597
131533,2018,12,2,3606,3606.0,0,0,832665
131544,2018,12,2,4732,4732.0,0,0,839422
131563,2018,12,2,2292,2292.0,0,0,852323
131579,2018,12,2,4258,4258.0,0,0,860602
131602,2018,12,2,4646,4646.0,0,0,877603
131606,2018,12,2,2228,2228.0,0,0,878284
131614,2018,12,2,4150,4150.0,0,0,883025
131623,2018,12,2,2000,2000.0,0,0,890650
131628,2018,12,2,2408,2408.0,0,0,893863
131691,2018,12,2,2324,2324.0,0,0,937645
131704,2018,12,2,1122,1122.0,0,0,944750
131717,2018,12,2,3176,3176.0,0,0,953307
131732,2018,12,2,1404,1404.0,0,0,967347
131734,2018,12,2,1858,1858.0,0,0,968034
131735,2018,12,2,1136,1136.0,0,0,968666
131740,2018,12,2,1898,1898.0,0,0,971528
131746,2018,12,2,3692,3692.0,0,0,977303
131756,2018,12,2,2282,2282.0,0,0,981536
131762,2018,12,2,3260,3260.0,0,0,984429
131780,2018,12,2,1948,1948.0,0,0,997189
131781,2018,12,2,4278,4278.0,0,0,997439
131801,2018,5,12,16836,25254.0,0,0,289116
131802,2018,8,12,25068,37602.0,0,0,289116
131803,2018,10,6,5886,8829.0,0,0,289116
131804,2018,3,3,1737,2605.5,0,0,289116
131805,2018,12,3,4674,7011.0,0,0,289116
131806,2018,11,2,4826,7239.0,0,0,289116
131807,2018,2,0,0,0.0,0,0,289116
131808,2018,4,0,0,0.0,0,0,289116
131809,2018,6,0,0,0.0,0,0,289116
131810,2018,7,0,0,0.0,0,0,289116
131811,2018,9,0,0,0.0,0,0,289116
132021,2018,12,9,15543,23314.5,0,0,302057
132022,2018,8,8,16336,24504.0,0,0,302057
132023,2018,2,3,3135,4702.5,0,0,302057
132024,2018,3,0,0,0.0,0,0,302057
132025,2018,4,0,0,0.0,0,0,302057
132026,2018,5,0,0,0.0,0,0,302057
132027,2018,6,0,0,0.0,0,0,302057
132028,2018,7,0,0,0.0,0,0,302057
132029,2018,9,0,0,0.0,0,0,302057
132030,2018,10,0,0,0.0,0,0,302057
132031,2018,11,0,0,0.0,0,0,302057
132043,2018,5,16,34400,51600.0,0,0,313837
132044,2018,8,12,10320,15480.0,0,0,313837
132045,2018,10,6,10020,15030.0,0,0,313837
132046,2018,11,4,5136,7704.0,0,0,313837
132047,2018,2,0,0,0.0,0,0,313837
132048,2018,3,0,0,0.0,0,0,313837
132049,2018,4,0,0,0.0,0,0,313837
132050,2018,6,0,0,0.0,0,0,313837
132051,2018,7,0,0,0.0,0,0,313837
132052,2018,9,0,0,0.0,0,0,313837
132053,2018,12,0,0,0.0,0,0,313837
132230,2018,8,20,18980,28470.0,0,0,330562
132231,2018,6,12,8988,13482.0,0,0,330562
132232,2018,12,12,11304,16956.0,0,0,330562
132233,2018,10,6,8184,12276.0,397,71,330562
132234,2018,4,3,2979,4468.5,0,0,330562
132235,2018,3,2,3724,5586.0,405,73,330562
132236,2018,9,2,2594,3891.0,0,0,330562
132237,2018,11,2,2502,3753.0,0,0,330562
132238,2018,2,0,0,0.0,0,0,330562
132239,2018,5,0,0,0.0,0,0,330562
132240,2018,7,0,0,0.0,0,0,330562
132391,2017,1,1,999,999.0,0,0,106037
132436,2017,1,1,1146,1146.0,0,0,127785
132456,2017,1,1,2145,2145.0,0,0,135977
132469,2018,11,1,1853,1853.0,310,56,105214
132471,2017,1,1,785,785.0,0,0,146028
132482,2017,1,1,1895,1895.0,0,0,153884
132521,2017,1,1,1028,1028.0,0,0,168843
132530,2017,1,1,1165,1165.0,0,0,173873
132539,2017,1,1,1339,1339.0,312,56,268414
132549,2017,1,1,799,799.0,0,0,182785
132555,2017,1,1,646,646.0,0,0,185013
132602,2017,1,1,2045,2045.0,0,0,207576
132645,2017,1,1,1305,1305.0,0,0,225363
132660,2017,1,1,1287,1287.0,0,0,236767
132682,2017,1,1,2104,2104.0,0,0,247471
132683,2017,1,1,2339,2339.0,0,0,247514
132711,2017,1,1,983,983.0,0,0,259110
132726,2017,1,1,1192,1192.0,0,0,263127
132737,2018,3,1,1008,1008.0,366,66,167465
132762,2017,1,1,2083,2083.0,0,0,280828
132815,2017,7,1,518,518.0,0,0,108896
132840,2017,1,1,1284,1284.0,0,0,317776
132861,2018,8,1,2494,2494.0,443,80,561481
132867,2018,11,1,1731,1731.0,337,61,953307
132885,2017,1,1,2056,2056.0,0,0,337453
132891,2017,1,1,1364,1364.0,0,0,341728
132896,2018,11,1,1333,1333.0,353,64,157566
132913,2017,1,1,699,699.0,0,0,352490
132928,2017,1,1,2097,2097.0,0,0,360537
132941,2017,1,1,1362,1362.0,0,0,365619
132947,2017,10,1,2451,2451.0,364,66,329215
132956,2017,1,1,1248,1248.0,0,0,375540
132962,2017,1,1,875,875.0,0,0,379120
132988,2018,10,1,2403,2403.0,358,64,627489
133000,2017,1,1,928,928.0,0,0,404426
133004,2017,1,1,607,607.0,0,0,406254
133028,2017,1,1,858,858.0,0,0,419749
133078,2017,1,1,2074,2074.0,0,0,439819
133088,2017,1,1,500,500.0,0,0,442249
133095,2017,1,1,1884,1884.0,0,0,444092
133106,2017,1,1,1271,1271.0,0,0,447962
133126,2017,1,1,1711,1711.0,0,0,458614
133154,2017,1,1,745,745.0,0,0,472787
133173,2017,1,1,572,572.0,0,0,483768
133203,2017,1,1,996,996.0,0,0,504311
133212,2018,11,1,1458,1458.0,340,61,528363
133217,2017,1,1,2132,2132.0,0,0,513246
133247,2017,1,1,1445,1445.0,0,0,525548
133253,2017,1,1,1948,1948.0,0,0,528229
133263,2017,1,1,642,642.0,0,0,535482
133267,2017,1,1,2225,2225.0,0,0,537387
133280,2017,1,1,752,752.0,0,0,542893
133283,2017,1,1,1969,1969.0,0,0,543852
133288,2017,1,1,1546,1546.0,0,0,546665
133305,2017,1,1,1409,1409.0,0,0,554442
133310,2017,1,1,780,780.0,0,0,557458
133330,2018,8,1,634,634.0,479,86,762355
133331,2018,4,1,2150,2150.0,338,61,731510
133343,2017,1,1,863,863.0,0,0,573332
133394,2017,1,1,1132,1132.0,0,0,603775
133412,2018,5,1,1184,1184.0,423,76,695428
133414,2017,1,1,1737,1737.0,0,0,608758
133448,2017,1,1,1668,1668.0,0,0,625123
133449,2017,1,1,516,516.0,0,0,625451
133477,2017,1,1,1769,1769.0,0,0,637687
133483,2017,1,1,2177,2177.0,0,0,644163
133531,2017,1,1,1573,1573.0,0,0,667341
133541,2017,11,1,1433,1433.0,319,57,756867
133546,2017,1,1,1207,1207.0,0,0,672893
133558,2017,1,1,946,946.0,0,0,676669
133560,2017,1,1,1487,1487.0,0,0,678243
133615,2017,1,1,700,700.0,0,0,704149
133618,2017,1,1,2323,2323.0,0,0,706820
133623,2018,4,1,1867,1867.0,338,61,353128
133626,2017,1,1,1184,1184.0,0,0,709415
133659,2017,1,1,1522,1522.0,0,0,735304
133685,2017,1,1,756,756.0,0,0,745811
133690,2017,1,1,1502,1502.0,0,0,746536
133691,2017,1,1,1335,1335.0,0,0,746772
133705,2017,1,1,1090,1090.0,0,0,754539
133719,2017,1,1,1748,1748.0,0,0,760061
133741,2017,1,1,1369,1369.0,0,0,770968
133742,2017,1,1,1800,1800.0,0,0,771056
133807,2017,1,1,659,659.0,0,0,799781
133842,2017,1,1,2238,2238.0,0,0,822956
133852,2017,1,1,2079,2079.0,0,0,826304
133856,2017,1,1,1419,1419.0,0,0,829861
133866,2017,1,1,1276,1276.0,0,0,835796
133876,2017,1,1,1409,1409.0,0,0,838634
133916,2017,1,1,1309,1309.0,0,0,861058
133977,2017,1,1,1920,1920.0,0,0,893863
133979,2017,1,1,851,851.0,0,0,894436
133992,2017,1,1,2309,2309.0,0,0,903797
133993,2017,1,1,1223,1223.0,0,0,904304
134002,2017,1,1,1867,1867.0,0,0,908120
134022,2017,1,1,995,995.0,0,0,917998
134030,2017,1,1,2427,2427.0,0,0,922000
134031,2017,1,1,919,919.0,0,0,923234
134060,2017,1,1,689,689.0,0,0,945091
134066,2017,1,1,1606,1606.0,0,0,948693
134070,2017,1,1,1876,1876.0,0,0,950593
134078,2017,1,1,1994,1994.0,0,0,952955
134105,2017,1,1,1510,1510.0,0,0,967883
134117,2017,1,1,1869,1869.0,0,0,970746
134146,2017,1,1,2454,2454.0,0,0,990918
134157,2017,1,1,612,612.0,0,0,997439
134174,2017,2,1,716,716.0,0,0,106037
134180,2017,6,1,762,762.0,0,0,137529
134190,2017,11,1,1834,1834.0,0,0,137529
134196,2017,2,1,514,514.0,0,0,114219
134247,2017,2,1,2139,2139.0,0,0,138737
134265,2017,2,1,1901,1901.0,0,0,146028
134281,2017,2,1,739,739.0,0,0,155118
134305,2017,2,1,804,804.0,0,0,164034
134318,2017,2,1,1508,1508.0,0,0,168843
134322,2017,2,1,2472,2472.0,0,0,170585
134330,2017,2,1,2173,2173.0,0,0,173873
134346,2017,2,1,2058,2058.0,0,0,184924
134369,2017,2,1,2416,2416.0,0,0,196442
134403,2017,2,1,928,928.0,0,0,206890
134453,2017,2,1,1060,1060.0,0,0,237434
134467,2017,2,1,1939,1939.0,0,0,248593
134477,2017,2,1,1125,1125.0,0,0,254860
134505,2017,2,1,1805,1805.0,0,0,268414
134565,2017,2,1,973,973.0,0,0,297702
134619,2017,2,1,1945,1945.0,0,0,321027
134632,2017,2,1,1387,1387.0,0,0,329215
134635,2017,2,1,1110,1110.0,0,0,331598
134664,2017,2,1,2493,2493.0,0,0,341728
134682,2018,10,1,1652,1652.0,369,66,860602
134688,2017,2,1,989,989.0,0,0,352490
134702,2017,2,1,2339,2339.0,0,0,366133
134757,2017,2,1,880,880.0,0,0,392619
134767,2017,2,1,1604,1604.0,0,0,397817
134789,2017,2,1,2039,2039.0,0,0,408838
134798,2017,2,1,1072,1072.0,0,0,412402
134829,2018,11,1,2203,2203.0,383,69,426124
134871,2017,2,1,745,745.0,0,0,439819
134890,2017,2,1,1509,1509.0,0,0,448273
134971,2017,2,1,1273,1273.0,0,0,489842
134990,2017,2,1,2312,2312.0,0,0,499945
134993,2017,2,1,2403,2403.0,0,0,502012
134998,2017,2,1,592,592.0,0,0,504260
135002,2017,2,1,625,625.0,0,0,507005
135009,2017,2,1,1118,1118.0,0,0,509513
135010,2017,2,1,1468,1468.0,0,0,511342
135011,2017,2,1,1916,1916.0,0,0,512471
135054,2017,2,1,731,731.0,0,0,535436
135055,2017,2,1,2207,2207.0,0,0,535482
135058,2017,2,1,579,579.0,0,0,537038
135071,2017,2,1,2466,2466.0,359,65,120583
135090,2017,2,1,637,637.0,0,0,554104
135117,2017,2,1,1625,1625.0,0,0,567070
135120,2017,2,1,1840,1840.0,0,0,568880
135151,2018,3,1,2486,2486.0,384,69,462459
135167,2017,2,1,2236,2236.0,0,0,590514
135202,2017,2,1,2056,2056.0,0,0,608517
135204,2017,2,1,907,907.0,0,0,609532
135231,2017,2,1,2269,2269.0,0,0,625033
135246,2017,2,1,720,720.0,0,0,637687
135250,2017,2,1,1724,1724.0,0,0,638495
135263,2017,2,1,618,618.0,0,0,644630
135264,2017,2,1,818,818.0,0,0,644786
135292,2017,2,1,1705,1705.0,0,0,659536
135293,2017,1,1,1827,1827.0,0,0,159486
135303,2017,11,1,2265,2265.0,0,0,159486
135310,2017,2,1,1246,1246.0,0,0,667341
135311,2017,2,1,2049,2049.0,0,0,667860
135318,2017,2,1,1199,1199.0,0,0,670751
135320,2017,2,1,1381,1381.0,0,0,671803
135356,2017,2,1,1183,1183.0,0,0,684934
135376,2017,2,1,2140,2140.0,0,0,695342
135391,2017,2,1,639,639.0,0,0,704270
135428,2017,2,1,2271,2271.0,0,0,721688
135474,2017,2,1,636,636.0,0,0,738459
135493,2017,2,1,1221,1221.0,0,0,747609
135509,2017,2,1,886,886.0,0,0,753473
135528,2017,2,1,1546,1546.0,0,0,760061
135534,2017,2,1,1020,1020.0,0,0,762355
135594,2017,2,1,1723,1723.0,0,0,789573
135597,2017,2,1,521,521.0,0,0,790178
135605,2017,2,1,597,597.0,0,0,793178
135635,2017,2,1,2428,2428.0,0,0,809733
135637,2017,2,1,2245,2245.0,0,0,810581
135652,2017,2,1,551,551.0,0,0,817851
135686,2017,2,1,1752,1752.0,0,0,834799
135705,2017,2,1,2267,2267.0,0,0,846291
135711,2017,2,1,1477,1477.0,0,0,851836
135714,2017,2,1,2490,2490.0,0,0,852323
135739,2017,2,1,547,547.0,0,0,863259
135827,2017,2,1,1644,1644.0,0,0,903209
135830,2017,2,1,1561,1561.0,0,0,906615
135863,2017,2,1,1215,1215.0,0,0,929980
135894,2017,2,1,838,838.0,0,0,944750
135942,2017,2,1,1838,1838.0,0,0,971528
135981,2018,2,1,861,861.0,294,53,233969
136035,2017,3,1,883,883.0,0,0,127785
136058,2017,3,1,1962,1962.0,0,0,135312
136064,2017,3,1,2366,2366.0,0,0,137850
136082,2017,3,1,781,781.0,0,0,144977
136138,2017,3,1,2088,2088.0,0,0,183025
136145,2017,3,1,1189,1189.0,0,0,186593
136169,2017,3,1,1195,1195.0,0,0,201276
136185,2017,3,1,1328,1328.0,0,0,210498
136215,2017,3,1,2054,2054.0,0,0,225363
136227,2017,3,1,815,815.0,0,0,232290
136231,2017,6,1,1558,1558.0,525,95,903797
136282,2017,3,1,988,988.0,0,0,263127
136310,2017,3,1,2254,2254.0,0,0,282259
136321,2017,3,1,1189,1189.0,0,0,287266
136362,2017,3,1,1950,1950.0,0,0,319868
136377,2017,3,1,532,532.0,0,0,327972
136388,2017,3,1,1857,1857.0,0,0,331598
136427,2017,3,1,2008,2008.0,0,0,353128
136444,2017,3,1,1135,1135.0,0,0,365557
136505,2017,3,1,1063,1063.0,0,0,405928
136508,2017,3,1,1063,1063.0,0,0,407411
136524,2017,3,1,2192,2192.0,0,0,420515
136525,2017,3,1,863,863.0,0,0,421191
136563,2017,3,1,901,901.0,0,0,438641
136573,2017,3,1,649,649.0,0,0,444092
136582,2017,3,1,1899,1899.0,0,0,448273
136590,2017,3,1,753,753.0,0,0,455941
136595,2017,3,1,869,869.0,0,0,461199
136641,2017,3,1,793,793.0,0,0,482528
136683,2017,3,1,2150,2150.0,0,0,504860
136701,2017,3,1,827,827.0,0,0,515981
136732,2017,3,1,2466,2466.0,0,0,535944
136763,2017,3,1,1525,1525.0,0,0,549862
136766,2018,4,1,1470,1470.0,416,75,190149
136778,2017,12,1,1599,1599.0,0,0,190149
136784,2018,2,1,1456,1456.0,0,0,190149
136788,2018,3,1,1222,1222.0,0,0,190149
136796,2017,3,1,1036,1036.0,0,0,573332
136830,2017,3,1,2299,2299.0,0,0,596586
136843,2017,3,1,1059,1059.0,0,0,603775
136867,2017,3,1,1497,1497.0,0,0,620122
136872,2017,3,1,2162,2162.0,0,0,625123
136873,2017,3,1,1704,1704.0,0,0,625434
136916,2017,3,1,1690,1690.0,0,0,644630
136930,2017,3,1,1334,1334.0,0,0,650445
136947,2017,3,1,1869,1869.0,0,0,661502
136983,2017,3,1,1788,1788.0,0,0,687463
136987,2018,12,1,2198,2198.0,546,98,807211
137004,2017,3,1,775,775.0,0,0,702478
137017,2017,3,1,1452,1452.0,0,0,709415
137021,2017,3,1,2161,2161.0,0,0,713085
137055,2017,3,1,2471,2471.0,0,0,731510
137060,2017,3,1,1546,1546.0,0,0,735304
137073,2017,3,1,2342,2342.0,0,0,744528
137076,2017,3,1,985,985.0,0,0,746536
137086,2017,3,1,2012,2012.0,0,0,756867
137148,2017,3,1,1882,1882.0,0,0,789573
137182,2017,3,1,1458,1458.0,0,0,809733
137186,2017,3,1,1835,1835.0,0,0,812894
137198,2018,12,1,882,882.0,547,98,197086
137205,2017,3,1,1615,1615.0,0,0,819809
137215,2017,3,1,2445,2445.0,0,0,825484
137218,2017,3,1,1859,1859.0,0,0,828232
137223,2017,3,1,1460,1460.0,0,0,832597
137229,2017,3,1,1690,1690.0,0,0,833998
137312,2017,3,1,1047,1047.0,0,0,888357
137315,2017,3,1,1226,1226.0,0,0,893266
137344,2017,3,1,644,644.0,0,0,918053
137356,2017,3,1,1398,1398.0,0,0,931183
137372,2017,3,1,2333,2333.0,0,0,944506
137374,2017,3,1,1579,1579.0,0,0,945091
137383,2017,3,1,948,948.0,0,0,950593
137402,2017,3,1,2300,2300.0,0,0,966580
137453,2017,3,1,535,535.0,0,0,994377
137457,2017,3,1,651,651.0,0,0,997439
137496,2017,4,1,1532,1532.0,0,0,115633
137503,2017,11,1,2004,2004.0,376,68,268414
137506,2017,4,1,1951,1951.0,0,0,120613
137521,2017,4,1,547,547.0,0,0,127882
137553,2017,4,1,1432,1432.0,0,0,146028
137566,2017,4,1,1136,1136.0,0,0,153600
137615,2017,4,1,1888,1888.0,0,0,183025
137617,2017,9,1,2445,2445.0,444,80,537038
137639,2017,4,1,2038,2038.0,0,0,193775
137662,2017,4,1,902,902.0,0,0,209675
137669,2017,4,1,1542,1542.0,0,0,210755
137676,2017,4,1,2399,2399.0,0,0,220822
137693,2017,4,1,597,597.0,0,0,232290
137721,2017,4,1,2060,2060.0,0,0,247645
137744,2018,2,1,1192,1192.0,351,63,310965
137769,2017,4,1,894,894.0,0,0,273984
137790,2017,4,1,2049,2049.0,0,0,282259
137796,2017,4,1,1571,1571.0,0,0,286551
137865,2017,3,1,2329,2329.0,0,0,219276
137866,2017,4,1,2107,2107.0,0,0,329215
137867,2017,4,1,1817,1817.0,0,0,329826
137874,2017,4,1,1528,1528.0,0,0,336341
137877,2017,4,1,2182,2182.0,0,0,337983
137882,2017,11,1,1818,1818.0,0,0,219276
137918,2017,4,1,672,672.0,0,0,366133
137950,2017,4,1,598,598.0,0,0,385593
137954,2017,4,1,512,512.0,0,0,387523
137963,2017,4,1,1937,1937.0,0,0,391611
137971,2017,4,1,755,755.0,0,0,397817
137983,2018,1,1,1084,1084.0,418,75,325367
137987,2017,4,1,1445,1445.0,0,0,407411
137995,2017,4,1,1952,1952.0,0,0,412995
138019,2017,4,1,649,649.0,0,0,429308
138025,2017,4,1,921,921.0,0,0,432493
138034,2017,4,1,1381,1381.0,0,0,438263
138041,2017,4,1,1678,1678.0,0,0,444365
138045,2017,4,1,1279,1279.0,0,0,447962
138057,2017,4,1,2199,2199.0,0,0,455941
138063,2017,4,1,1938,1938.0,0,0,457716
138068,2017,4,1,1106,1106.0,0,0,461199
138083,2018,1,1,690,690.0,0,0,230070
138152,2017,4,1,1729,1729.0,0,0,504260
138165,2017,4,1,1483,1483.0,0,0,511472
138197,2017,4,1,1248,1248.0,0,0,535852
138255,2017,4,1,993,993.0,0,0,568880
138265,2017,4,1,1189,1189.0,0,0,573332
138278,2017,4,1,1045,1045.0,0,0,579581
138302,2017,4,1,2191,2191.0,0,0,595083
138320,2017,4,1,2245,2245.0,0,0,607662
138325,2017,4,1,1604,1604.0,0,0,608758
138339,2017,4,1,2366,2366.0,0,0,617296
138347,2017,4,1,1547,1547.0,0,0,625123
138360,2017,4,1,963,963.0,0,0,632097
138400,2017,4,1,1069,1069.0,0,0,654073
138407,2017,4,1,1048,1048.0,0,0,661502
138419,2017,4,1,987,987.0,0,0,667262
138425,2017,4,1,552,552.0,0,0,671849
138477,2017,4,1,1086,1086.0,0,0,702406
138480,2017,4,1,888,888.0,0,0,703937
138481,2017,4,1,1792,1792.0,0,0,704149
138482,2017,4,1,2137,2137.0,0,0,704270
138485,2017,4,1,2069,2069.0,0,0,705911
138487,2017,4,1,2179,2179.0,0,0,707470
138521,2017,4,1,1645,1645.0,0,0,723591
138522,2017,4,1,1117,1117.0,0,0,724272
138529,2017,4,1,2164,2164.0,0,0,729518
138542,2017,4,1,920,920.0,0,0,741422
138544,2017,4,1,1767,1767.0,0,0,742281
138616,2017,4,1,892,892.0,0,0,790450
138625,2017,4,1,877,877.0,0,0,795230
138641,2017,4,1,1752,1752.0,0,0,804521
138680,2017,4,1,2249,2249.0,0,0,829861
138721,2017,4,1,2196,2196.0,0,0,851421
138722,2017,4,1,838,838.0,0,0,851986
138742,2017,4,1,701,701.0,0,0,863259
138762,2017,4,1,1531,1531.0,0,0,874614
138793,2017,4,1,2255,2255.0,0,0,893266
138808,2017,4,1,1641,1641.0,0,0,903797
138811,2017,4,1,717,717.0,0,0,905909
138837,2017,4,1,1119,1119.0,0,0,922926
138846,2017,4,1,1776,1776.0,0,0,925385
138849,2017,4,1,1827,1827.0,0,0,929728
138855,2017,4,1,972,972.0,0,0,935570
138856,2017,4,1,1586,1586.0,0,0,936273
138903,2017,4,1,1305,1305.0,0,0,968034
138909,2017,4,1,1428,1428.0,0,0,971107
138913,2017,4,1,706,706.0,0,0,973728
138931,2017,4,1,1614,1614.0,0,0,986421
138933,2017,1,1,1367,1367.0,0,0,251116
138940,2017,4,1,1692,1692.0,0,0,990918
138941,2017,4,1,1812,1812.0,0,0,991230
138951,2017,4,1,641,641.0,0,0,997189
138953,2017,4,1,851,851.0,0,0,997439
139005,2017,5,1,1961,1961.0,0,0,121856
139014,2018,2,1,2208,2208.0,335,60,384328
139021,2017,5,1,1399,1399.0,0,0,127882
139024,2017,5,1,1318,1318.0,0,0,130368
139027,2017,5,1,1365,1365.0,0,0,134273
139031,2017,5,1,1314,1314.0,0,0,135421
139054,2017,5,1,910,910.0,0,0,146028
139072,2017,5,1,1630,1630.0,0,0,165742
139076,2017,5,1,1129,1129.0,0,0,169129
139077,2017,5,1,1281,1281.0,0,0,169247
139135,2017,5,1,1240,1240.0,0,0,207110
139139,2017,5,1,1159,1159.0,0,0,209675
139149,2017,5,1,1819,1819.0,0,0,215508
139171,2017,5,1,2100,2100.0,0,0,236593
139172,2017,5,1,1682,1682.0,0,0,237274
139183,2017,5,1,1615,1615.0,0,0,243061
139187,2017,5,1,1475,1475.0,0,0,247471
139210,2017,5,1,1217,1217.0,0,0,261964
139219,2017,5,1,2237,2237.0,0,0,267291
139233,2017,5,1,1624,1624.0,0,0,276255
139241,2017,5,1,1944,1944.0,0,0,283980
139272,2017,5,1,1948,1948.0,0,0,300870
139301,2017,5,1,1010,1010.0,0,0,317888
139344,2017,5,1,1442,1442.0,0,0,338285
139404,2017,5,1,799,799.0,0,0,384328
139407,2017,5,1,2420,2420.0,0,0,387523
139435,2017,5,1,1027,1027.0,0,0,407411
139437,2017,5,1,1355,1355.0,0,0,409051
139464,2017,5,1,901,901.0,0,0,422349
139493,2017,5,1,1490,1490.0,0,0,439819
139499,2018,2,1,845,845.0,442,80,762272
139500,2017,5,1,1391,1391.0,0,0,444365
139513,2018,4,1,800,800.0,389,70,755374
139583,2017,5,1,1542,1542.0,0,0,491253
139595,2017,5,1,903,903.0,0,0,496357
139607,2017,5,1,849,849.0,0,0,504311
139648,2017,5,1,722,722.0,0,0,263612
139690,2017,5,1,1864,1864.0,0,0,549982
139703,2017,5,1,1910,1910.0,0,0,554442
139733,2017,8,1,745,745.0,664,120,337983
139817,2017,5,1,1327,1327.0,0,0,605761
139852,2017,5,1,781,781.0,0,0,623861
139876,2017,5,1,710,710.0,0,0,637687
139885,2017,5,1,576,576.0,0,0,644786
139906,2017,5,1,1958,1958.0,0,0,661502
139907,2017,5,1,603,603.0,0,0,661744
139925,2017,5,1,1575,1575.0,0,0,671849
139942,2017,5,1,2316,2316.0,0,0,683126
139948,2017,5,1,2217,2217.0,0,0,684934
139995,2017,5,1,1793,1793.0,0,0,715462
139998,2017,5,1,2308,2308.0,0,0,716785
140013,2017,5,1,1083,1083.0,0,0,723591
140014,2017,9,1,2275,2275.0,372,67,829861
140050,2017,5,1,1227,1227.0,0,0,746536
140053,2017,5,1,2109,2109.0,0,0,747609
140061,2017,5,1,2126,2126.0,0,0,750710
140077,2017,5,1,2124,2124.0,0,0,756791
140084,2017,1,1,1759,1759.0,443,80,376618
140088,2017,5,1,1761,1761.0,0,0,762117
140140,2017,5,1,2012,2012.0,0,0,791809
140154,2017,5,1,1358,1358.0,0,0,802425
140169,2017,5,1,570,570.0,0,0,808353
140181,2017,5,1,2431,2431.0,0,0,812894
140191,2017,5,1,1562,1562.0,0,0,822696
140193,2017,5,1,671,671.0,0,0,822956
140198,2017,5,1,2115,2115.0,0,0,826304
140232,2017,5,1,783,783.0,0,0,839422
140236,2017,5,1,2479,2479.0,561,101,671534
140272,2017,1,1,1383,1383.0,443,80,812894
140296,2017,5,1,812,812.0,0,0,872335
140322,2017,12,1,1851,1851.0,470,85,127882
140342,2017,5,1,1583,1583.0,0,0,905909
140374,2017,5,1,1651,1651.0,0,0,921278
140380,2017,5,1,961,961.0,0,0,922926
140381,2017,5,1,844,844.0,0,0,923234
140403,2017,5,1,1965,1965.0,0,0,931183
140410,2017,5,1,1831,1831.0,0,0,935570
140424,2017,5,1,2257,2257.0,0,0,944506
140425,2017,5,1,2180,2180.0,0,0,944750
140429,2017,5,1,1346,1346.0,0,0,948693
140492,2017,5,1,1720,1720.0,0,0,979644
140496,2017,5,1,1716,1716.0,0,0,981536
140517,2017,5,1,1381,1381.0,0,0,994377
140519,2017,5,1,784,784.0,0,0,994877
140577,2017,6,1,2204,2204.0,0,0,128789
140583,2017,6,1,1816,1816.0,0,0,135977
140609,2018,6,1,2383,2383.0,517,93,947876
140639,2017,4,1,855,855.0,513,92,408838
140646,2017,6,1,2441,2441.0,0,0,181082
140659,2017,11,1,879,879.0,493,89,105214
140701,2017,6,1,2100,2100.0,0,0,229436
140702,2018,5,1,1284,1284.0,479,86,625434
140713,2018,10,1,1120,1120.0,426,77,903209
140755,2018,3,1,901,901.0,459,83,628017
140758,2017,6,1,1815,1815.0,0,0,263127
140767,2017,6,1,2398,2398.0,0,0,268129
140840,2017,12,1,1448,1448.0,644,116,462459
140847,2017,6,1,1847,1847.0,0,0,321027
140877,2018,1,1,682,682.0,412,74,310965
140886,2017,6,1,645,645.0,589,106,500022
140901,2017,6,1,1236,1236.0,0,0,354464
140932,2017,6,1,1461,1461.0,0,0,376618
140956,2018,1,1,1299,1299.0,0,0,299573
140965,2017,6,1,1151,1151.0,0,0,402964
140995,2017,6,1,1887,1887.0,0,0,424540
141016,2017,6,1,2252,2252.0,0,0,438263
141115,2017,6,1,671,671.0,0,0,494885
141129,2017,6,1,2260,2260.0,0,0,504860
141139,2017,6,1,625,625.0,0,0,513246
141161,2017,10,1,787,787.0,400,72,295412
141164,2018,10,1,2252,2252.0,400,72,886299
141207,2017,6,1,1513,1513.0,0,0,565171
141209,2017,6,1,2278,2278.0,0,0,567070
141229,2017,11,1,1869,1869.0,402,72,966204
141231,2017,4,1,2344,2344.0,418,75,789892
141233,2017,6,1,524,524.0,0,0,579581
141266,2017,6,1,2157,2157.0,0,0,599372
141282,2017,12,1,2007,2007.0,476,86,135421
141304,2017,6,1,1669,1669.0,0,0,623861
141318,2017,6,1,724,724.0,0,0,632097
141319,2018,4,1,1830,1830.0,453,82,851421
141334,2017,6,1,584,584.0,0,0,644630
141365,2017,6,1,1817,1817.0,0,0,667262
141380,2017,6,1,1686,1686.0,0,0,678243
141406,2017,6,1,2417,2417.0,0,0,696096
141415,2017,6,1,926,926.0,0,0,702542
141450,2017,6,1,1756,1756.0,0,0,729518
141474,2017,6,1,680,680.0,0,0,750710
141483,2017,6,1,1268,1268.0,0,0,753473
141485,2017,6,1,703,703.0,0,0,754539
141488,2017,6,1,890,890.0,0,0,755374
141500,2017,6,1,576,576.0,0,0,762355
141512,2017,6,1,2427,2427.0,0,0,770968
141521,2018,11,1,1639,1639.0,454,82,771056
141526,2018,6,1,621,621.0,648,117,760061
141557,2017,6,1,1216,1216.0,0,0,802425
141564,2017,6,1,2441,2441.0,0,0,809733
141574,2018,1,1,1731,1731.0,0,0,316323
141583,2017,6,1,2368,2368.0,0,0,819809
141587,2017,6,1,1187,1187.0,0,0,824133
141649,2017,6,1,2139,2139.0,0,0,851986
141663,2017,6,1,1775,1775.0,0,0,861058
141669,2018,2,1,1509,1509.0,513,92,270730
141677,2017,6,1,1535,1535.0,0,0,873886
141704,2017,6,1,1850,1850.0,0,0,888357
141711,2017,6,1,2416,2416.0,0,0,895185
141758,2017,6,1,721,721.0,0,0,929728
141760,2017,4,1,1299,1299.0,475,86,134273
141785,2017,7,1,1699,1699.0,670,121,448896
141849,2017,6,1,2402,2402.0,0,0,994377
141855,2017,6,1,934,934.0,0,0,997189
141862,2017,7,1,952,952.0,0,0,107571
141882,2018,11,1,1099,1099.0,480,86,623861
141890,2017,7,1,1449,1449.0,0,0,122545
141901,2017,7,1,799,799.0,0,0,128789
141933,2017,7,1,1987,1987.0,0,0,160135
141938,2017,7,1,977,977.0,0,0,165019
141962,2017,7,1,1424,1424.0,0,0,185013
141993,2018,11,1,2142,2142.0,491,88,637687
141996,2017,7,1,1679,1679.0,0,0,206890
142000,2017,7,1,2338,2338.0,0,0,210498
142025,2017,10,1,1926,1926.0,501,90,144977
142037,2017,7,1,1837,1837.0,0,0,237434
142039,2017,2,1,2283,2283.0,460,83,139863
142058,2017,7,1,2040,2040.0,0,0,248593
142061,2017,11,1,1376,1376.0,493,89,107212
142072,2017,7,1,1624,1624.0,0,0,257417
142118,2017,7,1,642,642.0,0,0,286551
142149,2017,7,1,938,938.0,0,0,306708
142168,2018,2,1,1721,1721.0,302,54,444092
142189,2017,7,1,1824,1824.0,0,0,331325
142218,2017,7,1,742,742.0,0,0,342929
142278,2017,7,1,1325,1325.0,0,0,379120
142284,2017,7,1,580,580.0,0,0,384328
142317,2017,7,1,2423,2423.0,0,0,413185
142323,2017,7,1,824,824.0,0,0,417904
142330,2017,7,1,1655,1655.0,0,0,422349
142335,2017,7,1,1672,1672.0,0,0,425445
142370,2018,5,1,773,773.0,455,82,404426
142381,2017,7,1,1300,1300.0,0,0,448142
142416,2017,7,1,684,684.0,0,0,478050
142421,2017,7,1,1705,1705.0,0,0,482528
142436,2017,7,1,1717,1717.0,0,0,489842
142442,2017,7,1,1867,1867.0,0,0,495253
142449,2017,7,1,1171,1171.0,0,0,502012
142457,2017,7,1,1329,1329.0,0,0,508115
142459,2017,7,1,2000,2000.0,0,0,511765
142484,2017,7,1,2483,2483.0,0,0,528331
142560,2017,7,1,526,526.0,0,0,581999
142569,2017,7,1,1747,1747.0,0,0,590989
142577,2017,7,1,1048,1048.0,0,0,599372
142599,2017,7,1,1015,1015.0,0,0,608758
142612,2017,2,1,1368,1368.0,0,0,358054
142615,2017,6,1,872,872.0,0,0,358054
142623,2017,7,1,1705,1705.0,0,0,618824
142626,2017,7,1,1381,1381.0,0,0,625434
142687,2017,7,1,970,970.0,0,0,667341
142690,2017,7,1,1780,1780.0,0,0,668959
142713,2017,4,1,2024,2024.0,521,94,791809
142714,2017,7,1,1132,1132.0,0,0,683126
142732,2017,7,1,1427,1427.0,0,0,695342
142733,2017,7,1,631,631.0,0,0,695878
142751,2017,7,1,2198,2198.0,0,0,705911
142759,2018,4,1,701,701.0,577,104,671849
142761,2017,7,1,2271,2271.0,0,0,708343
142764,2017,7,1,612,612.0,0,0,709415
142770,2017,7,1,953,953.0,0,0,713236
142778,2017,7,1,2024,2024.0,0,0,715462
142814,2017,6,1,1319,1319.0,781,141,925385
142821,2017,7,1,1568,1568.0,0,0,738459
142833,2017,7,1,1449,1449.0,0,0,745811
142837,2017,7,1,1968,1968.0,0,0,747609
142843,2017,7,1,1976,1976.0,0,0,750649
142881,2017,7,1,588,588.0,0,0,771035
142882,2017,7,1,2070,2070.0,0,0,771056
142912,2017,7,1,1423,1423.0,0,0,791809
142942,2017,7,1,1397,1397.0,0,0,818597
142958,2017,7,1,2372,2372.0,0,0,832665
142960,2017,7,1,2067,2067.0,0,0,833998
142985,2017,7,1,1406,1406.0,0,0,851421
142991,2018,11,1,1520,1520.0,527,95,274879
142996,2017,7,1,2260,2260.0,0,0,861058
143023,2018,2,1,568,568.0,470,85,502012
143024,2018,9,1,1137,1137.0,559,101,661411
143041,2017,12,1,1245,1245.0,640,115,612510
143045,2018,7,1,2427,2427.0,743,134,636505
143049,2017,7,1,2146,2146.0,0,0,893266
143051,2017,7,1,2177,2177.0,0,0,893863
143066,2017,7,1,1253,1253.0,0,0,900460
143068,2017,7,1,2265,2265.0,0,0,900894
143072,2017,7,1,1471,1471.0,0,0,903209
143075,2017,7,1,1151,1151.0,0,0,904304
143080,2017,7,1,507,507.0,0,0,905909
143118,2017,6,1,2329,2329.0,560,101,455941
143142,2017,7,1,979,979.0,0,0,944506
143160,2017,7,1,1757,1757.0,0,0,957764
143207,2017,7,1,544,544.0,0,0,991230
143226,2017,12,1,1136,1136.0,618,111,770968
143227,2017,8,1,627,627.0,0,0,105214
143240,2018,2,1,2207,2207.0,293,53,135312
143260,2017,8,1,864,864.0,0,0,127785
143291,2017,8,1,1589,1589.0,0,0,153884
143302,2017,8,1,1345,1345.0,0,0,165443
143303,2017,8,1,2373,2373.0,0,0,165742
143316,2017,8,1,1346,1346.0,0,0,175249
143333,2017,8,1,2032,2032.0,0,0,184924
143340,2018,7,1,1858,1858.0,776,140,750710
143347,2017,8,1,988,988.0,0,0,196442
143361,2017,8,1,2491,2491.0,0,0,207001
143363,2017,8,1,1343,1343.0,0,0,209675
143373,2018,12,1,584,584.0,593,107,448273
143403,2017,8,1,1809,1809.0,0,0,236593
143415,2017,8,1,837,837.0,0,0,247645
143443,2017,8,1,1495,1495.0,0,0,267291
143467,2017,8,1,1798,1798.0,0,0,276035
143481,2017,8,1,2331,2331.0,0,0,283980
143485,2017,8,1,929,929.0,0,0,286551
143498,2018,10,1,2058,2058.0,443,80,495253
143530,2017,8,1,1198,1198.0,0,0,309364
143542,2017,8,1,2351,2351.0,0,0,316793
143551,2017,8,1,550,550.0,0,0,323720
143556,2017,8,1,1288,1288.0,0,0,327972
143663,2017,8,1,1085,1085.0,0,0,413185
143667,2017,8,1,1219,1219.0,0,0,417904
143701,2017,8,1,1213,1213.0,0,0,444092
143702,2017,8,1,2492,2492.0,0,0,445073
143706,2017,8,1,1117,1117.0,0,0,448142
143707,2017,8,1,1106,1106.0,0,0,448896
143776,2017,8,1,1622,1622.0,0,0,504860
143781,2017,8,1,700,700.0,0,0,511342
143803,2017,8,1,2402,2402.0,0,0,528693
143856,2017,8,1,1041,1041.0,0,0,566182
143896,2017,8,1,2198,2198.0,0,0,596390
143915,2017,8,1,2412,2412.0,0,0,608758
143916,2017,8,1,2083,2083.0,0,0,609072
143936,2017,8,1,1253,1253.0,0,0,617099
143940,2017,8,1,769,769.0,0,0,620122
143949,2017,8,1,1336,1336.0,0,0,625434
143957,2017,8,1,2420,2420.0,0,0,632097
143973,2017,8,1,1690,1690.0,0,0,642002
143976,2017,8,1,1727,1727.0,0,0,644163
143996,2017,8,1,1896,1896.0,0,0,661054
144012,2017,8,1,2155,2155.0,0,0,672893
144021,2017,8,1,2349,2349.0,0,0,683126
144031,2017,8,1,627,627.0,0,0,693295
144035,2017,8,1,2232,2232.0,0,0,694942
144038,2017,8,1,1250,1250.0,0,0,697272
144056,2017,8,1,1903,1903.0,0,0,709415
144060,2017,1,1,992,992.0,468,84,366133
144096,2017,8,1,1164,1164.0,0,0,735263
144098,2017,8,1,1942,1942.0,0,0,735304
144102,2017,8,1,1598,1598.0,0,0,738459
144111,2017,8,1,768,768.0,0,0,751594
144134,2017,8,1,1588,1588.0,0,0,769623
144135,2017,8,1,1453,1453.0,0,0,771035
144145,2018,4,1,1702,1702.0,437,79,603775
144159,2017,8,1,984,984.0,0,0,789573
144161,2017,8,1,936,936.0,0,0,790178
144166,2017,8,1,2008,2008.0,0,0,793178
144241,2017,8,1,738,738.0,0,0,851836
144247,2017,8,1,1529,1529.0,0,0,861058
144277,2017,8,1,2389,2389.0,0,0,882718
144312,2017,8,1,1189,1189.0,0,0,908120
144326,2017,8,1,891,891.0,0,0,917998
144332,2017,2,1,835,835.0,0,0,401424
144342,2017,8,1,1946,1946.0,0,0,929728
144359,2017,8,1,1088,1088.0,0,0,948693
144382,2017,8,1,1880,1880.0,0,0,968034
144392,2017,8,1,675,675.0,0,0,973728
144398,2017,8,1,1515,1515.0,0,0,977303
144437,2017,9,1,1683,1683.0,0,0,101540
144445,2017,9,1,2117,2117.0,0,0,105214
144452,2017,9,1,1071,1071.0,0,0,106776
144472,2017,9,1,2310,2310.0,0,0,112842
144473,2017,9,1,2113,2113.0,0,0,114219
144484,2017,9,1,1603,1603.0,0,0,120613
144485,2017,9,1,837,837.0,0,0,121183
144516,2017,9,1,1322,1322.0,0,0,135312
144518,2017,9,1,1409,1409.0,0,0,135421
144519,2017,9,1,1027,1027.0,0,0,135977
144523,2017,9,1,1750,1750.0,0,0,136516
144529,2017,9,1,717,717.0,0,0,139863
144540,2017,9,1,1927,1927.0,0,0,146037
144546,2017,9,1,1727,1727.0,0,0,153626
144564,2017,9,1,692,692.0,0,0,165019
144566,2017,9,1,690,690.0,0,0,165443
144568,2017,9,1,1707,1707.0,0,0,166037
144600,2017,9,1,2451,2451.0,0,0,192651
144607,2017,9,1,2117,2117.0,0,0,197086
144620,2017,9,1,2215,2215.0,0,0,201683
144624,2017,9,1,2086,2086.0,0,0,204343
144658,2017,9,1,2289,2289.0,0,0,221993
144672,2017,9,1,1008,1008.0,0,0,233969
144690,2017,9,1,1680,1680.0,0,0,246187
144747,2017,7,1,716,716.0,476,86,822956
144748,2018,7,1,1535,1535.0,476,86,650621
144755,2017,11,1,2297,2297.0,365,66,745811
144757,2017,9,1,1493,1493.0,0,0,279231
144762,2017,9,1,2317,2317.0,0,0,281979
144794,2017,9,1,1353,1353.0,0,0,295412
144799,2017,9,1,2237,2237.0,0,0,297702
144818,2017,9,1,728,728.0,0,0,310965
144833,2017,9,1,619,619.0,0,0,319664
144852,2017,9,1,632,632.0,0,0,331325
144891,2017,9,1,1952,1952.0,0,0,350692
144916,2017,9,1,802,802.0,0,0,365557
144937,2018,4,1,2108,2108.0,0,0,423119
144985,2017,9,1,1649,1649.0,0,0,407999
144995,2017,9,1,531,531.0,0,0,414164
145020,2017,9,1,1838,1838.0,0,0,421191
145022,2017,9,1,2310,2310.0,0,0,422349
145030,2017,9,1,923,923.0,0,0,424540
145065,2017,9,1,1704,1704.0,0,0,438641
145085,2017,9,1,1383,1383.0,0,0,448142
145097,2017,9,1,1422,1422.0,0,0,454440
145116,2017,9,1,2454,2454.0,0,0,461199
145124,2017,9,1,507,507.0,0,0,466865
145170,2017,9,1,633,633.0,0,0,489842
145171,2017,9,1,2428,2428.0,0,0,491253
145189,2017,9,1,548,548.0,0,0,505522
145190,2017,9,1,2333,2333.0,0,0,506170
145195,2017,9,1,1735,1735.0,0,0,508115
145201,2017,9,1,1876,1876.0,0,0,511342
145208,2017,9,1,1048,1048.0,0,0,513246
145232,2018,7,1,2012,2012.0,724,130,185285
145243,2017,9,1,1012,1012.0,0,0,527194
145246,2017,9,1,1359,1359.0,0,0,528229
145265,2017,9,1,1144,1144.0,0,0,535852
145267,2017,9,1,1141,1141.0,0,0,535944
145305,2017,9,1,1074,1074.0,0,0,549862
145328,2017,9,1,2381,2381.0,0,0,565452
145374,2018,1,1,752,752.0,0,0,432564
145378,2017,9,1,1551,1551.0,0,0,590989
145380,2017,9,1,1378,1378.0,0,0,591641
145405,2017,9,1,1211,1211.0,0,0,605761
145410,2017,9,1,686,686.0,0,0,609532
145430,2017,9,1,2033,2033.0,0,0,618824
145439,2017,9,1,1775,1775.0,0,0,625123
145440,2017,9,1,851,851.0,0,0,625434
145446,2017,9,1,1878,1878.0,0,0,628017
145505,2017,9,1,1522,1522.0,0,0,659536
145511,2017,9,1,1910,1910.0,0,0,662380
145530,2017,9,1,1811,1811.0,0,0,671534
145540,2017,9,1,554,554.0,0,0,677704
145556,2017,9,1,1287,1287.0,0,0,684934
145568,2017,3,1,1954,1954.0,669,120,625451
145577,2017,10,1,552,552.0,592,107,309364
145580,2017,9,1,792,792.0,0,0,693295
145587,2017,9,1,843,843.0,0,0,695878
145630,2017,9,1,632,632.0,0,0,717459
145643,2017,9,1,908,908.0,0,0,721688
145657,2017,9,1,1070,1070.0,0,0,731510
145675,2017,9,1,1645,1645.0,0,0,738459
145679,2017,1,1,2112,2112.0,303,55,670751
145684,2017,9,1,596,596.0,0,0,744567
145686,2017,9,1,655,655.0,0,0,746536
145687,2017,9,1,1823,1823.0,0,0,746772
145688,2017,9,1,1243,1243.0,0,0,747926
145720,2017,9,1,1444,1444.0,0,0,769623
145774,2017,9,1,2147,2147.0,0,0,804521
145799,2017,9,1,905,905.0,0,0,820542
145821,2018,12,1,1699,1699.0,435,78,791809
145829,2017,9,1,2192,2192.0,0,0,834799
145889,2017,9,1,1024,1024.0,0,0,870574
145907,2017,9,1,1395,1395.0,0,0,881198
145910,2017,9,1,913,913.0,0,0,882718
145947,2017,9,1,1377,1377.0,0,0,906615
145949,2017,9,1,999,999.0,0,0,908120
145953,2018,12,1,2406,2406.0,473,85,944506
145976,2017,9,1,1902,1902.0,0,0,920162
145983,2017,9,1,2038,2038.0,0,0,922000
146015,2017,9,1,2217,2217.0,0,0,933968
146039,2017,9,1,1848,1848.0,0,0,948325
146043,2017,9,1,2438,2438.0,0,0,950336
146070,2017,9,1,1266,1266.0,0,0,965079
146096,2017,9,1,1862,1862.0,0,0,983822
146117,2017,9,1,2141,2141.0,0,0,997189
146150,2017,10,1,2016,2016.0,0,0,114219
146152,2017,10,1,1061,1061.0,0,0,115633
146162,2017,10,1,690,690.0,0,0,121856
146188,2017,10,1,1391,1391.0,0,0,135421
146192,2017,10,1,1161,1161.0,0,0,136516
146197,2017,10,1,1670,1670.0,0,0,138565
146220,2017,10,1,2150,2150.0,0,0,153626
146241,2017,10,1,880,880.0,0,0,165742
146251,2017,10,1,1407,1407.0,0,0,170585
146268,2017,10,1,2303,2303.0,0,0,180219
146284,2017,10,1,2054,2054.0,0,0,184924
146303,2017,10,1,923,923.0,0,0,191917
146321,2017,12,1,2361,2361.0,600,108,990918
146343,2017,10,1,1916,1916.0,0,0,207576
146361,2017,10,1,715,715.0,0,0,220822
146366,2018,7,1,1031,1031.0,709,128,628017
146395,2017,10,1,2342,2342.0,0,0,237434
146406,2017,10,1,2491,2491.0,0,0,243061
146412,2017,10,1,1304,1304.0,0,0,247514
146430,2017,10,1,1498,1498.0,0,0,256486
146465,2017,10,1,791,791.0,0,0,271675
146467,2017,10,1,1015,1015.0,0,0,273984
146491,2017,10,1,2191,2191.0,0,0,284610
146534,2017,10,1,2325,2325.0,0,0,319664
146536,2017,11,1,869,869.0,361,65,523246
146539,2017,10,1,698,698.0,0,0,323720
146553,2017,10,1,631,631.0,0,0,328446
146574,2017,10,1,883,883.0,0,0,338285
146596,2017,10,1,1225,1225.0,0,0,350692
146613,2017,10,1,2368,2368.0,0,0,365619
146701,2017,10,1,1958,1958.0,0,0,419749
146713,2017,10,1,1124,1124.0,0,0,424540
146715,2017,10,1,1676,1676.0,0,0,425445
146786,2017,10,1,858,858.0,0,0,462459
146799,2017,10,1,1461,1461.0,0,0,467945
146816,2017,10,1,2390,2390.0,0,0,478050
146820,2017,2,1,1786,1786.0,0,0,462253
146835,2017,10,1,1026,1026.0,0,0,487605
146852,2017,10,1,709,709.0,0,0,494885
146873,2017,10,1,1219,1219.0,0,0,504311
146880,2017,10,1,977,977.0,0,0,508080
146885,2017,10,1,1265,1265.0,0,0,511765
146936,2017,10,1,1404,1404.0,0,0,537990
146983,2017,10,1,1961,1961.0,0,0,554442
147134,2017,10,1,1007,1007.0,0,0,637687
147195,2017,10,1,805,805.0,0,0,672308
147206,2017,10,1,1112,1112.0,0,0,677704
147216,2017,10,1,963,963.0,0,0,684934
147235,2017,10,1,1249,1249.0,0,0,695342
147245,2017,10,1,1163,1163.0,0,0,702406
147252,2017,10,1,709,709.0,0,0,706820
147272,2017,10,1,1580,1580.0,0,0,717632
147330,2017,10,1,1627,1627.0,0,0,751594
147349,2017,10,1,1954,1954.0,0,0,762272
147356,2018,5,1,987,987.0,577,104,325367
147370,2017,6,1,2332,2332.0,695,125,877603
147399,2017,10,1,1698,1698.0,0,0,790450
147476,2017,10,1,2415,2415.0,0,0,829861
147526,2017,10,1,1785,1785.0,0,0,852323
147530,2018,7,1,1608,1608.0,758,136,744567
147536,2017,10,1,1080,1080.0,0,0,860602
147546,2017,10,1,1784,1784.0,0,0,867446
147595,2017,10,1,890,890.0,0,0,895185
147601,2017,10,1,555,555.0,0,0,900460
147610,2017,10,1,2273,2273.0,0,0,905909
147640,2017,10,1,562,562.0,0,0,922000
147641,2017,10,1,1216,1216.0,0,0,922926
147647,2017,10,1,1329,1329.0,0,0,925385
147679,2017,10,1,1456,1456.0,0,0,948325
147724,2017,10,1,2149,2149.0,0,0,971528
147738,2017,10,1,1843,1843.0,0,0,979644
147806,2017,11,1,667,667.0,0,0,116735
147821,2017,11,1,577,577.0,0,0,127785
147822,2017,11,1,1121,1121.0,0,0,127882
147826,2017,11,1,2404,2404.0,0,0,130368
147849,2017,11,1,1045,1045.0,0,0,138737
147872,2017,11,1,1665,1665.0,0,0,149884
147917,2017,11,1,1634,1634.0,0,0,169129
147923,2018,4,1,1490,1490.0,534,96,337983
147935,2017,11,1,1865,1865.0,0,0,175249
147954,2017,11,1,882,882.0,0,0,185013
147984,2017,11,1,1707,1707.0,0,0,201276
147985,2017,11,1,1259,1259.0,0,0,201683
147994,2017,11,1,2339,2339.0,0,0,204343
148003,2017,11,1,2491,2491.0,0,0,208553
148007,2017,11,1,1011,1011.0,0,0,209675
148101,2018,5,1,1864,1864.0,515,93,321027
148102,2017,6,1,989,989.0,618,111,625434
148112,2017,11,1,1262,1262.0,0,0,254860
148115,2017,11,1,881,881.0,0,0,256486
148124,2017,11,1,1701,1701.0,0,0,259110
148130,2017,11,1,1619,1619.0,0,0,261964
148150,2017,11,1,601,601.0,0,0,270730
148169,2017,11,1,705,705.0,0,0,277091
148178,2017,11,1,1002,1002.0,0,0,279231
148273,2017,11,1,2393,2393.0,0,0,318654
148289,2017,11,1,1000,1000.0,0,0,325367
148316,2017,11,1,2345,2345.0,0,0,337983
148332,2017,11,1,1082,1082.0,0,0,342527
148419,2017,11,1,1324,1324.0,0,0,386790
148428,2018,11,1,890,890.0,516,93,695342
148437,2017,11,1,583,583.0,0,0,392802
148467,2017,11,1,1172,1172.0,0,0,405928
148472,2017,11,1,1369,1369.0,0,0,407411
148477,2018,9,1,2435,2435.0,588,106,729518
148494,2017,11,1,1801,1801.0,0,0,415402
148539,2017,11,1,2086,2086.0,0,0,432493
148564,2017,11,1,810,810.0,0,0,442014
148571,2017,11,1,1594,1594.0,0,0,444092
148594,2017,11,1,1018,1018.0,0,0,454440
148602,2017,4,1,764,764.0,608,109,735304
148631,2017,11,1,1166,1166.0,0,0,471858
148634,2017,11,1,2043,2043.0,0,0,472532
148655,2017,11,1,675,675.0,0,0,485795
148698,2017,11,1,580,580.0,0,0,506170
148704,2017,11,1,862,862.0,0,0,508080
148728,2017,11,1,1870,1870.0,0,0,515969
148729,2017,11,1,1715,1715.0,0,0,516995
148744,2017,11,1,2091,2091.0,0,0,525548
148778,2017,11,1,1360,1360.0,0,0,543852
148779,2017,11,1,1434,1434.0,0,0,544690
148807,2017,11,1,2120,2120.0,0,0,558097
148815,2017,6,1,2172,2172.0,762,137,375540
148831,2017,11,1,971,971.0,0,0,568880
148855,2017,11,1,2295,2295.0,0,0,577405
148876,2017,11,1,2067,2067.0,0,0,587378
148878,2017,11,1,727,727.0,0,0,587800
148927,2017,11,1,1257,1257.0,0,0,607662
148930,2017,11,1,1076,1076.0,0,0,608517
148941,2018,11,1,676,676.0,439,79,406254
148964,2017,11,1,1349,1349.0,0,0,618824
149001,2018,4,1,1454,1454.0,516,93,799781
149005,2017,11,1,1294,1294.0,0,0,638495
149037,2017,11,1,970,970.0,0,0,654073
149042,2017,11,1,2050,2050.0,0,0,656572
149050,2017,11,1,2076,2076.0,0,0,661054
149100,2017,11,1,1203,1203.0,0,0,684155
149119,2017,11,1,2271,2271.0,0,0,694942
149127,2017,11,1,2091,2091.0,0,0,697272
149142,2017,11,1,2442,2442.0,0,0,703937
149148,2017,11,1,1702,1702.0,0,0,707470
149149,2017,11,1,614,614.0,0,0,708020
149172,2017,11,1,1801,1801.0,0,0,716785
149185,2017,11,1,2395,2395.0,0,0,721688
149194,2017,11,1,2419,2419.0,0,0,726139
149220,2017,11,1,1530,1530.0,0,0,738459
149246,2017,11,1,1246,1246.0,0,0,747926
149259,2017,11,1,800,800.0,0,0,750710
149260,2017,11,1,1896,1896.0,0,0,751594
149270,2017,11,1,1439,1439.0,0,0,755374
149274,2017,11,1,660,660.0,0,0,756515
149321,2017,11,1,1985,1985.0,0,0,778030
149359,2017,11,1,1374,1374.0,0,0,793178
149373,2017,11,1,2389,2389.0,0,0,800433
149379,2017,11,1,1211,1211.0,0,0,802425
149416,2017,11,1,1609,1609.0,0,0,817456
149417,2017,11,1,1255,1255.0,0,0,817851
149427,2017,11,1,2305,2305.0,0,0,820542
149447,2017,11,1,1792,1792.0,0,0,829861
149448,2017,11,1,1486,1486.0,0,0,830385
149457,2017,11,1,1171,1171.0,0,0,833998
149466,2017,11,1,1399,1399.0,0,0,838634
149479,2017,11,1,2138,2138.0,0,0,846291
149489,2017,11,1,1612,1612.0,0,0,851986
149508,2017,11,1,1533,1533.0,0,0,861700
149539,2017,11,1,1088,1088.0,0,0,872335
149595,2018,4,1,1167,1167.0,386,69,135977
149609,2017,11,1,1113,1113.0,0,0,900460
149620,2017,11,1,1012,1012.0,0,0,903797
149640,2017,11,1,610,610.0,0,0,916713
149642,2017,11,1,1837,1837.0,0,0,917610
149656,2017,11,1,1854,1854.0,0,0,922000
149661,2017,11,1,1633,1633.0,0,0,925385
149681,2017,11,1,1953,1953.0,0,0,936273
149719,2017,11,1,1395,1395.0,0,0,952955
149723,2017,11,1,910,910.0,0,0,957764
149739,2017,11,1,613,613.0,0,0,966391
149742,2017,11,1,2162,2162.0,0,0,968034
149745,2017,11,1,1050,1050.0,0,0,968666
149756,2017,11,1,2414,2414.0,0,0,971582
149773,2017,11,1,1501,1501.0,0,0,982296
149791,2017,11,1,591,591.0,0,0,991230
149801,2017,2,1,2312,2312.0,438,79,713236
149803,2017,11,1,1752,1752.0,0,0,996686
149808,2018,5,1,1781,1781.0,557,100,769623
149809,2017,11,1,2010,2010.0,0,0,997439
149827,2017,12,1,2333,2333.0,0,0,106689
149855,2017,12,1,1183,1183.0,0,0,120613
149858,2017,12,1,2311,2311.0,0,0,121183
149871,2017,12,1,1866,1866.0,0,0,128789
149882,2017,12,1,1311,1311.0,0,0,135312
149897,2018,11,1,1006,1006.0,527,95,403052
149899,2017,12,1,598,598.0,670,121,817456
149937,2017,12,1,1484,1484.0,0,0,164034
149943,2017,12,1,2060,2060.0,0,0,166037
149953,2017,12,1,821,821.0,0,0,175249
149962,2017,12,1,1966,1966.0,0,0,181082
149969,2017,12,1,2354,2354.0,0,0,183025
149974,2017,12,1,714,714.0,0,0,184478
149991,2017,12,1,1411,1411.0,0,0,196442
149993,2017,12,1,2117,2117.0,0,0,197086
149999,2017,12,1,2155,2155.0,0,0,201683
150001,2017,12,1,926,926.0,0,0,202358
150014,2017,12,1,570,570.0,0,0,209675
150020,2017,12,1,2275,2275.0,0,0,210755
150045,2017,12,1,1420,1420.0,0,0,227804
150065,2017,12,1,2238,2238.0,0,0,236767
150071,2017,9,1,1798,1798.0,0,0,512580
150074,2017,12,1,887,887.0,0,0,512580
150086,2017,12,1,1428,1428.0,0,0,246187
150092,2017,12,1,747,747.0,0,0,247514
150106,2017,12,1,1415,1415.0,0,0,256486
150112,2017,12,1,1348,1348.0,0,0,261964
150119,2017,12,1,1324,1324.0,0,0,264486
150129,2017,12,1,2201,2201.0,0,0,270730
150148,2017,12,1,676,676.0,0,0,282259
150182,2017,12,1,721,721.0,0,0,300870
150185,2017,6,1,585,585.0,533,96,965079
150199,2017,12,1,2437,2437.0,0,0,306708
150211,2017,12,1,2342,2342.0,0,0,310965
150213,2017,12,1,1734,1734.0,0,0,311946
150231,2017,12,1,1660,1660.0,0,0,323720
150239,2017,9,1,932,932.0,597,107,925385
150245,2017,12,1,1436,1436.0,0,0,329215
150247,2017,12,1,2372,2372.0,0,0,329826
150277,2017,12,1,1808,1808.0,0,0,342407
150314,2017,12,1,759,759.0,0,0,360537
150328,2018,2,1,1091,1091.0,0,0,517614
150331,2017,12,1,1389,1389.0,0,0,371368
150342,2017,12,1,2083,2083.0,0,0,376618
150349,2017,12,1,1463,1463.0,0,0,379238
150358,2017,12,1,1814,1814.0,0,0,385593
150360,2017,12,1,1369,1369.0,0,0,386790
150369,2017,12,1,1113,1113.0,0,0,392802
150401,2017,12,1,1952,1952.0,0,0,407999
150413,2017,12,1,1722,1722.0,0,0,413185
150421,2017,4,1,621,621.0,352,63,207576
150434,2017,12,1,2466,2466.0,0,0,421001
150438,2017,12,1,2369,2369.0,0,0,422349
150441,2017,7,1,846,846.0,489,88,724272
150484,2017,4,1,659,659.0,561,101,587378
150491,2017,12,1,2085,2085.0,0,0,444365
150495,2017,12,1,2234,2234.0,0,0,445073
150520,2017,12,1,1254,1254.0,0,0,458614
150554,2017,8,1,2374,2374.0,673,121,863432
150562,2017,12,1,1754,1754.0,0,0,478107
150572,2017,12,1,1862,1862.0,0,0,481293
150601,2017,12,1,2227,2227.0,0,0,494885
150609,2017,12,1,1864,1864.0,0,0,500022
150617,2017,12,1,1062,1062.0,0,0,507005
150657,2017,12,1,2234,2234.0,0,0,528331
150660,2017,5,1,1846,1846.0,583,105,506170
150675,2017,12,1,772,772.0,0,0,537038
150688,2017,12,1,1294,1294.0,0,0,542893
150710,2017,12,1,996,996.0,0,0,550769
150713,2017,12,1,1053,1053.0,0,0,552328
150727,2017,12,1,1391,1391.0,0,0,558097
150739,2018,11,1,1039,1039.0,565,102,116735
150771,2017,12,1,1225,1225.0,0,0,579015
150783,2017,12,1,902,902.0,0,0,587378
150786,2017,12,1,843,843.0,0,0,590989
150798,2017,12,1,677,677.0,0,0,599372
150800,2017,12,1,538,538.0,0,0,600785
150827,2017,12,1,970,970.0,0,0,608517
150828,2017,12,1,2004,2004.0,0,0,608758
150861,2017,12,1,507,507.0,0,0,625123
150862,2017,12,1,2143,2143.0,0,0,625434
150863,2017,12,1,2108,2108.0,0,0,625451
150869,2017,12,1,1481,1481.0,0,0,628017
150878,2017,12,1,1979,1979.0,0,0,632097
150889,2017,2,1,691,691.0,490,88,365451
150938,2018,4,1,1651,1651.0,511,92,227804
150947,2017,12,1,1072,1072.0,0,0,664008
150953,2017,12,1,1752,1752.0,0,0,667341
150961,2017,12,1,1718,1718.0,0,0,672893
150984,2017,12,1,1826,1826.0,0,0,684934
150997,2017,12,1,1278,1278.0,0,0,693295
151003,2017,12,1,2434,2434.0,0,0,697272
151011,2017,12,1,1326,1326.0,0,0,707470
151034,2017,12,1,830,830.0,0,0,716785
151036,2018,2,1,1055,1055.0,526,95,708020
151055,2017,12,1,2319,2319.0,0,0,729518
151083,2017,12,1,1515,1515.0,0,0,741422
151090,2017,12,1,1741,1741.0,0,0,746536
151093,2017,12,1,2046,2046.0,0,0,747926
151101,2017,12,1,1339,1339.0,0,0,751594
151104,2017,12,1,903,903.0,0,0,753637
151114,2017,12,1,1255,1255.0,0,0,756515
151136,2017,12,1,1155,1155.0,0,0,768072
151172,2017,12,1,1644,1644.0,0,0,787548
151188,2018,4,1,2123,2123.0,589,106,791809
151212,2018,11,1,1095,1095.0,502,90,620122
151223,2017,2,1,1717,1717.0,330,59,857814
151242,2017,12,1,987,987.0,0,0,822696
151260,2017,12,1,1033,1033.0,0,0,830385
151266,2017,12,1,680,680.0,0,0,832597
151273,2017,12,1,1422,1422.0,0,0,834799
151275,2017,12,1,1581,1581.0,0,0,835796
151311,2017,12,1,1238,1238.0,0,0,861700
151343,2017,12,1,2483,2483.0,0,0,877603
151348,2017,1,1,1448,1448.0,0,0,537421
151358,2018,2,1,2014,2014.0,543,98,537421
151372,2017,12,1,873,873.0,0,0,894620
151380,2018,1,1,2357,2357.0,0,0,537421
151384,2018,7,1,504,504.0,0,0,537421
151389,2017,12,1,2209,2209.0,0,0,903797
151393,2017,12,1,1519,1519.0,0,0,905478
151427,2018,1,1,1950,1950.0,481,87,625033
151479,2017,12,1,2112,2112.0,0,0,967883
151480,2017,12,1,569,569.0,0,0,968034
151495,2017,12,1,1698,1698.0,0,0,979644
151507,2017,12,1,1190,1190.0,0,0,986208
151508,2017,3,1,1251,1251.0,570,103,707470
151509,2017,12,1,838,838.0,0,0,986421
151517,2017,9,1,728,728.0,531,96,365619
151537,2017,12,1,1797,1797.0,0,0,999631
151545,2018,1,1,1059,1059.0,0,0,101540
151559,2018,1,1,1804,1804.0,0,0,106776
151605,2018,1,1,2255,2255.0,0,0,120583
151631,2018,1,1,1332,1332.0,0,0,130368
151634,2018,1,1,1543,1543.0,0,0,131257
151643,2018,1,1,1618,1618.0,0,0,134273
151649,2018,1,1,971,971.0,0,0,135977
151681,2018,1,1,2212,2212.0,0,0,146028
151699,2018,1,1,1807,1807.0,0,0,153600
151741,2018,1,1,873,873.0,0,0,164973
151788,2018,1,1,1746,1746.0,0,0,181082
151806,2018,1,1,1191,1191.0,0,0,184924
151808,2018,1,1,2044,2044.0,0,0,185774
151816,2018,1,1,2123,2123.0,0,0,187838
151826,2018,1,1,2074,2074.0,0,0,191917
151870,2018,1,1,1855,1855.0,0,0,201683
151873,2018,1,1,729,729.0,0,0,202696
151876,2018,1,1,2483,2483.0,0,0,203033
151891,2018,1,1,856,856.0,0,0,207001
151892,2018,1,1,1565,1565.0,0,0,207110
151899,2018,1,1,1447,1447.0,0,0,208553
151957,2018,1,1,635,635.0,0,0,228673
151968,2018,1,1,2011,2011.0,0,0,232290
151983,2018,1,1,1580,1580.0,0,0,236767
151997,2018,4,1,2117,2117.0,459,83,623861
152002,2018,1,1,1150,1150.0,0,0,240476
152007,2018,1,1,1356,1356.0,0,0,244308
152014,2018,1,1,2254,2254.0,0,0,247514
152034,2018,1,1,1518,1518.0,0,0,254860
152076,2018,1,1,2358,2358.0,0,0,264486
152099,2018,1,1,1792,1792.0,0,0,273984
152110,2018,1,1,2237,2237.0,0,0,276650
152112,2018,1,1,2361,2361.0,0,0,277091
152145,2018,1,1,2370,2370.0,0,0,287266
152182,2018,1,1,1509,1509.0,0,0,297702
152252,2018,1,1,834,834.0,0,0,317888
152254,2018,1,1,1652,1652.0,0,0,318264
152294,2018,1,1,2020,2020.0,0,0,329215
152320,2018,1,1,2102,2102.0,0,0,336341
152326,2018,1,1,2472,2472.0,0,0,337983
152334,2018,1,1,1575,1575.0,0,0,341728
152344,2018,1,1,1160,1160.0,534,96,684934
152350,2018,1,1,2157,2157.0,0,0,345908
152371,2018,1,1,657,657.0,0,0,350692
152378,2018,1,1,2273,2273.0,0,0,353128
152380,2018,1,1,1361,1361.0,0,0,354464
152395,2018,1,1,1980,1980.0,0,0,365451
152406,2018,8,1,1252,1252.0,646,116,494515
152423,2018,1,1,903,903.0,0,0,371368
152437,2018,1,1,1652,1652.0,0,0,375540
152439,2018,1,1,1377,1377.0,0,0,376618
152519,2017,12,1,2066,2066.0,571,103,799781
152528,2018,1,1,1368,1368.0,0,0,407999
152545,2018,1,1,1001,1001.0,0,0,413185
152569,2018,1,1,656,656.0,0,0,419749
152570,2017,4,1,535,535.0,435,78,247471
152574,2018,1,1,1857,1857.0,0,0,421191
152577,2018,3,1,2061,2061.0,495,89,579015
152578,2018,1,1,626,626.0,0,0,422349
152635,2018,1,1,2144,2144.0,0,0,440928
152640,2018,1,1,2327,2327.0,0,0,442014
152648,2018,1,1,1621,1621.0,0,0,444092
152649,2018,1,1,794,794.0,0,0,444365
152665,2018,1,1,1227,1227.0,0,0,448273
152684,2018,1,1,1477,1477.0,0,0,454440
152702,2018,1,1,1047,1047.0,0,0,459948
152732,2018,1,1,907,907.0,0,0,466865
152733,2018,1,1,1757,1757.0,0,0,466953
152800,2018,1,1,2310,2310.0,0,0,492367
152817,2018,1,1,691,691.0,0,0,498149
152821,2018,1,1,2362,2362.0,0,0,499128
152824,2018,1,1,1492,1492.0,0,0,500022
152837,2018,1,1,2455,2455.0,0,0,504260
152849,2018,1,1,2473,2473.0,0,0,509513
152871,2018,1,1,1612,1612.0,0,0,515969
152882,2018,1,1,2215,2215.0,0,0,519726
152892,2018,1,1,1714,1714.0,0,0,525548
152901,2018,1,1,1826,1826.0,0,0,528363
152973,2018,1,1,2041,2041.0,0,0,549982
152976,2018,1,1,2059,2059.0,0,0,550769
152987,2018,1,1,1049,1049.0,0,0,554104
152989,2018,1,1,1603,1603.0,0,0,554442
153059,2018,1,1,2069,2069.0,0,0,579581
153071,2018,1,1,1524,1524.0,0,0,583718
153082,2018,1,1,1803,1803.0,0,0,585978
153097,2018,1,1,1954,1954.0,0,0,590514
153102,2018,1,1,2200,2200.0,0,0,591641
153113,2018,1,1,728,728.0,0,0,595323
153135,2018,12,1,2378,2378.0,558,100,376618
153137,2018,1,1,2084,2084.0,0,0,603775
153150,2018,1,1,1661,1661.0,0,0,607662
153162,2018,1,1,1964,1964.0,0,0,612510
153179,2018,1,1,1942,1942.0,0,0,616746
153181,2018,1,1,597,597.0,0,0,617099
153192,2018,1,1,2461,2461.0,0,0,620122
153203,2018,1,1,2431,2431.0,0,0,623861
153206,2018,1,1,2035,2035.0,0,0,625434
153214,2018,1,1,1098,1098.0,0,0,627489
153215,2018,1,1,1928,1928.0,0,0,628017
153240,2018,1,1,629,629.0,0,0,636505
153318,2018,1,1,2291,2291.0,0,0,660197
153383,2018,1,1,2178,2178.0,0,0,677704
153400,2018,1,1,1767,1767.0,0,0,684155
153429,2018,1,1,1392,1392.0,0,0,693295
153451,2018,1,1,1427,1427.0,0,0,701216
153454,2018,1,1,2414,2414.0,0,0,702284
153459,2018,1,1,1930,1930.0,0,0,703937
153460,2018,1,1,1916,1916.0,0,0,704270
153466,2018,1,1,1681,1681.0,0,0,706820
153488,2018,1,1,1175,1175.0,0,0,713236
153504,2018,1,1,1668,1668.0,0,0,717459
153506,2018,1,1,546,546.0,0,0,717632
153516,2018,1,1,2011,2011.0,0,0,721688
153520,2018,1,1,1434,1434.0,0,0,724272
153525,2018,1,1,668,668.0,0,0,726139
153542,2018,1,1,2273,2273.0,0,0,731510
153557,2018,1,1,693,693.0,0,0,735263
153586,2018,1,1,1033,1033.0,0,0,744567
153591,2018,1,1,1837,1837.0,0,0,745811
153610,2018,1,1,916,916.0,0,0,750710
153614,2018,1,1,611,611.0,0,0,751594
153644,2018,1,1,1101,1101.0,0,0,762117
153645,2018,1,1,1959,1959.0,0,0,762272
153671,2018,1,1,2397,2397.0,0,0,768072
153673,2018,1,1,2343,2343.0,0,0,771056
153707,2018,7,1,1000,1000.0,470,85,218917
153730,2018,1,1,1337,1337.0,0,0,789892
153782,2018,1,1,1256,1256.0,0,0,807211
153788,2018,1,1,2415,2415.0,0,0,808353
153795,2018,1,1,2208,2208.0,0,0,811684
153815,2018,1,1,1362,1362.0,0,0,817851
153827,2018,1,1,1997,1997.0,0,0,822765
153847,2018,1,1,1611,1611.0,0,0,828232
153863,2018,1,1,1754,1754.0,0,0,832665
153869,2018,1,1,1466,1466.0,0,0,833998
153905,2018,1,1,979,979.0,0,0,842390
153925,2018,1,1,855,855.0,0,0,850245
153928,2018,1,1,2092,2092.0,0,0,851421
153929,2018,1,1,2337,2337.0,0,0,851836
153952,2018,1,1,1764,1764.0,0,0,860684
153986,2018,1,1,2031,2031.0,0,0,870574
153989,2018,1,1,1370,1370.0,0,0,872335
154001,2018,1,1,979,979.0,0,0,874614
154033,2018,1,1,1248,1248.0,0,0,886439
154058,2018,1,1,542,542.0,0,0,894436
154082,2018,1,1,1641,1641.0,0,0,903209
154086,2018,1,1,780,780.0,0,0,904304
154119,2018,1,1,567,567.0,0,0,917998
154127,2018,1,1,2199,2199.0,0,0,920162
154132,2018,1,1,1240,1240.0,0,0,921278
154135,2018,1,1,1509,1509.0,0,0,922188
154151,2018,11,1,1638,1638.0,499,90,744612
154212,2018,1,1,1728,1728.0,0,0,948662
154218,2018,1,1,1473,1473.0,0,0,950593
154229,2018,1,1,938,938.0,0,0,953693
154251,2018,1,1,2393,2393.0,0,0,959728
154264,2018,1,1,1552,1552.0,0,0,966204
154272,2018,1,1,870,870.0,0,0,967883
154274,2018,1,1,2015,2015.0,0,0,968225
154277,2018,1,1,1606,1606.0,0,0,968666
154300,2018,1,1,837,837.0,0,0,974829
154309,2018,1,1,1190,1190.0,0,0,977303
154323,2018,1,1,1204,1204.0,0,0,983822
154343,2018,1,1,2049,2049.0,0,0,991568
154348,2018,1,1,2005,2005.0,0,0,992886
154355,2018,1,1,2102,2102.0,0,0,997189
154365,2018,1,1,890,890.0,0,0,999631
154367,2018,2,1,1036,1036.0,0,0,462459
154370,2018,2,1,2179,2179.0,0,0,660197
154393,2018,3,1,1357,1357.0,0,0,311946
154419,2018,4,1,511,511.0,0,0,750710
154439,2017,1,1,1181,1181.0,423,76,628431
154444,2018,2,1,1087,1087.0,0,0,342929
154452,2018,4,1,861,861.0,0,0,420202
154456,2018,3,1,557,557.0,0,0,644786
154480,2018,2,1,1093,1093.0,0,0,280828
154490,2018,2,1,1715,1715.0,0,0,489628
154491,2017,7,1,2464,2464.0,0,0,583223
154508,2018,1,1,2451,2451.0,525,95,583223
154512,2018,5,1,1719,1719.0,0,0,583223
154518,2018,8,1,1601,1601.0,0,0,583223
154539,2018,4,1,1336,1336.0,0,0,756791
154545,2018,2,1,2376,2376.0,0,0,185285
154592,2018,3,1,1957,1957.0,0,0,683126
154602,2018,4,1,1372,1372.0,527,95,276650
154604,2017,10,1,1699,1699.0,417,75,459948
154628,2018,2,1,1399,1399.0,0,0,886299
154641,2018,4,1,844,844.0,0,0,742281
154646,2018,2,1,736,736.0,473,85,587800
154682,2018,2,1,2066,2066.0,0,0,530508
154699,2017,2,1,1411,1411.0,505,91,240476
154709,2018,3,1,1811,1811.0,0,0,721688
154717,2018,4,1,668,668.0,0,0,511765
154726,2018,2,1,791,791.0,0,0,581999
154741,2018,2,1,844,844.0,0,0,153884
154765,2018,4,1,1752,1752.0,0,0,425445
154789,2018,2,1,1010,1010.0,0,0,986208
154798,2018,3,1,2208,2208.0,0,0,365451
154804,2017,11,1,1803,1803.0,473,85,352092
154813,2018,3,1,2106,2106.0,519,93,950593
154830,2018,3,1,503,503.0,0,0,406254
154844,2018,4,1,859,859.0,522,94,106592
154866,2018,4,1,1092,1092.0,0,0,240476
154867,2018,2,1,1925,1925.0,0,0,116735
154891,2018,3,1,1813,1813.0,0,0,579581
154894,2018,3,1,1577,1577.0,0,0,984429
154939,2018,4,1,2177,2177.0,0,0,747926
154962,2017,10,1,639,639.0,621,112,810581
154976,2018,2,1,2425,2425.0,0,0,327972
154982,2018,4,1,1667,1667.0,0,0,677704
155007,2018,2,1,1681,1681.0,0,0,769623
155024,2018,4,1,565,565.0,0,0,939485
155028,2018,4,1,1790,1790.0,0,0,248593
155060,2018,4,1,997,997.0,0,0,173873
155071,2018,3,1,1020,1020.0,0,0,318264
155080,2018,3,1,931,931.0,0,0,965079
155081,2018,3,1,1973,1973.0,0,0,414164
155129,2017,2,1,1266,1266.0,446,80,265557
155141,2018,3,1,1375,1375.0,0,0,146037
155165,2018,2,1,1654,1654.0,0,0,345615
155170,2018,3,1,2075,2075.0,0,0,173873
155184,2018,4,1,2212,2212.0,0,0,485795
155190,2018,4,1,1253,1253.0,0,0,206890
155201,2018,4,1,1301,1301.0,492,89,708343
155239,2018,4,1,1010,1010.0,0,0,684155
155250,2018,2,1,2227,2227.0,0,0,107487
155257,2018,2,1,2306,2306.0,0,0,599372
155308,2018,4,1,978,978.0,0,0,535436
155311,2018,2,1,2314,2314.0,0,0,977303
155372,2018,2,1,1699,1699.0,0,0,537990
155395,2018,6,1,527,527.0,568,102,593252
155450,2018,3,1,715,715.0,0,0,874614
155452,2018,2,1,2260,2260.0,0,0,135977
155472,2018,2,1,2485,2485.0,0,0,913571
155473,2018,4,1,1231,1231.0,0,0,896651
155493,2018,4,1,2058,2058.0,0,0,946001
155501,2018,4,1,778,778.0,0,0,980952
155506,2018,4,1,1150,1150.0,0,0,282259
155517,2018,5,1,581,581.0,646,116,852323
155518,2018,2,1,1767,1767.0,0,0,506170
155529,2018,4,1,1885,1885.0,0,0,489628
155565,2018,3,1,728,728.0,0,0,530508
155620,2018,4,1,1677,1677.0,0,0,210498
155621,2018,2,1,685,685.0,0,0,693295
155623,2018,2,1,1993,1993.0,0,0,319868
155649,2018,4,1,1717,1717.0,0,0,822696
155653,2018,4,1,1764,1764.0,0,0,754539
155654,2018,2,1,1142,1142.0,0,0,155118
155674,2018,4,1,726,726.0,0,0,128032
155697,2018,2,1,1521,1521.0,0,0,352490
155700,2017,4,1,1346,1346.0,525,95,602068
155703,2017,11,1,1401,1401.0,0,0,602068
155705,2018,2,1,1978,1978.0,0,0,602068
155718,2018,2,1,1512,1512.0,0,0,587378
155719,2018,3,1,1266,1266.0,0,0,625451
155741,2018,2,1,1627,1627.0,0,0,851836
155748,2018,2,1,1620,1620.0,0,0,994877
155758,2018,2,1,2446,2446.0,0,0,778030
155762,2018,2,1,1195,1195.0,0,0,881198
155763,2018,3,1,1936,1936.0,0,0,842279
155784,2018,2,1,2093,2093.0,0,0,511342
155786,2018,2,1,2055,2055.0,0,0,925385
155788,2018,2,1,1872,1872.0,0,0,424540
155801,2018,3,1,1449,1449.0,0,0,581999
155803,2018,2,1,2168,2168.0,0,0,121856
155812,2018,4,1,715,715.0,0,0,122545
155833,2018,3,1,1636,1636.0,0,0,237434
155834,2018,2,1,2230,2230.0,0,0,735304
155861,2018,2,1,1807,1807.0,0,0,723591
155866,2018,2,1,2381,2381.0,0,0,323720
155882,2018,2,1,1680,1680.0,0,0,495253
155897,2018,4,1,1972,1972.0,0,0,439819
155900,2018,2,1,909,909.0,0,0,873886
155918,2018,3,1,1528,1528.0,0,0,697272
155928,2018,4,1,1198,1198.0,0,0,850245
155959,2018,2,1,1726,1726.0,0,0,986421
155967,2018,4,1,1345,1345.0,0,0,467945
155973,2018,2,1,1320,1320.0,0,0,747926
155988,2018,2,1,1751,1751.0,0,0,846291
156012,2018,4,1,2376,2376.0,0,0,342929
156069,2018,4,1,698,698.0,0,0,138737
156079,2018,2,1,1760,1760.0,0,0,366133
156083,2018,2,1,1095,1095.0,0,0,708258
156095,2018,2,1,1890,1890.0,0,0,153600
156144,2018,2,1,1761,1761.0,0,0,184924
156160,2018,2,1,1501,1501.0,0,0,422349
156195,2018,4,1,2066,2066.0,0,0,839422
156199,2018,10,1,2315,2315.0,579,104,236593
156238,2018,2,1,717,717.0,0,0,478666
156264,2018,4,1,2115,2115.0,0,0,480909
156298,2018,3,1,623,623.0,0,0,379238
156314,2018,3,1,1827,1827.0,0,0,404426
156319,2018,4,1,1129,1129.0,0,0,667860
156323,2018,4,1,624,624.0,0,0,153600
156339,2018,2,1,2155,2155.0,0,0,204484
156355,2018,2,1,2053,2053.0,0,0,516995
156381,2018,2,1,2461,2461.0,0,0,164973
156399,2018,2,1,1692,1692.0,0,0,618824
156412,2018,4,1,1746,1746.0,0,0,662380
156419,2018,2,1,2357,2357.0,0,0,402052
156426,2018,2,1,1298,1298.0,0,0,420394
156446,2018,2,1,2037,2037.0,0,0,184478
156451,2018,2,1,2041,2041.0,0,0,935570
156452,2018,3,1,1973,1973.0,0,0,365557
156455,2018,2,1,1719,1719.0,0,0,822956
156475,2018,2,1,1198,1198.0,0,0,135421
156476,2018,2,1,1523,1523.0,0,0,185013
156509,2018,8,1,1263,1263.0,751,135,263127
156534,2018,2,1,519,519.0,0,0,121183
156617,2018,2,1,1828,1828.0,0,0,444092
156620,2018,3,1,725,725.0,0,0,237319
156623,2018,4,1,533,533.0,0,0,695342
156663,2018,2,1,1612,1612.0,0,0,492367
156679,2018,4,1,1149,1149.0,0,0,329302
156705,2018,2,1,2464,2464.0,0,0,565171
156709,2018,4,1,974,974.0,0,0,746772
156727,2018,3,1,758,758.0,0,0,906178
156740,2018,4,1,1338,1338.0,0,0,220822
156761,2018,4,1,1359,1359.0,0,0,537990
156776,2018,3,1,870,870.0,0,0,999631
156802,2018,4,1,1568,1568.0,0,0,947234
156828,2018,2,1,1964,1964.0,0,0,661502
156845,2018,2,1,1647,1647.0,0,0,923959
156871,2018,4,1,865,865.0,0,0,379238
156875,2018,4,1,2147,2147.0,0,0,620122
156896,2018,3,1,1853,1853.0,0,0,308891
156907,2018,2,1,2134,2134.0,0,0,999631
156910,2018,2,1,775,775.0,0,0,617296
156912,2018,4,1,2112,2112.0,0,0,723591
156919,2018,4,1,1377,1377.0,0,0,413185
156985,2018,4,1,1598,1598.0,0,0,568880
156992,2018,4,1,818,818.0,0,0,863349
156999,2018,2,1,2105,2105.0,0,0,559388
157016,2018,4,1,2186,2186.0,0,0,808353
157055,2018,3,1,1602,1602.0,0,0,751594
157066,2018,2,1,2415,2415.0,0,0,850245
157070,2018,3,1,1935,1935.0,0,0,717459
157156,2017,10,1,2439,2439.0,527,95,495253
157192,2018,2,1,2287,2287.0,0,0,703937
157208,2018,2,1,1849,1849.0,0,0,237434
157244,2018,4,1,1853,1853.0,0,0,929728
157250,2018,4,1,2093,2093.0,0,0,702147
157254,2018,3,1,1309,1309.0,0,0,439819
157257,2018,2,1,904,904.0,0,0,263127
157261,2018,2,1,1533,1533.0,0,0,106037
157271,2018,4,1,2242,2242.0,0,0,971582
157305,2018,3,1,990,990.0,595,107,986208
157336,2018,2,1,2152,2152.0,0,0,557458
157347,2018,4,1,2083,2083.0,0,0,392802
157362,2018,3,1,705,705.0,0,0,153600
157376,2018,3,1,1290,1290.0,0,0,929728
157385,2018,2,1,1465,1465.0,0,0,337453
157402,2018,4,1,2152,2152.0,0,0,693494
157416,2018,3,1,721,721.0,0,0,676669
157455,2018,3,1,2445,2445.0,0,0,528363
157459,2018,3,1,2384,2384.0,0,0,652816
157473,2018,3,1,522,522.0,0,0,413185
157504,2018,2,1,1804,1804.0,0,0,971107
157525,2018,4,1,2304,2304.0,0,0,202358
157558,2018,4,1,1157,1157.0,0,0,660197
157576,2018,4,1,542,542.0,0,0,232290
157580,2018,4,1,1053,1053.0,0,0,286065
157584,2018,6,1,2248,2248.0,0,0,623222
157585,2018,3,1,2154,2154.0,0,0,402964
157589,2018,2,1,1863,1863.0,0,0,623861
157598,2018,3,1,2129,2129.0,0,0,822765
157610,2018,4,1,2426,2426.0,0,0,184478
157642,2018,2,1,2063,2063.0,0,0,635509
157651,2018,3,1,893,893.0,0,0,966391
157685,2018,2,1,2463,2463.0,0,0,702542
157688,2018,2,1,2259,2259.0,0,0,402964
157757,2018,2,1,897,897.0,0,0,420515
157813,2018,3,1,1455,1455.0,0,0,244308
157817,2018,4,1,1364,1364.0,0,0,661744
157849,2018,3,1,2144,2144.0,0,0,295302
157853,2018,2,1,877,877.0,0,0,428526
157855,2018,3,1,1046,1046.0,0,0,106592
157906,2018,4,1,560,560.0,0,0,268129
157920,2018,3,1,2267,2267.0,0,0,583718
157921,2018,3,1,2359,2359.0,0,0,268129
157935,2018,2,1,1355,1355.0,0,0,407411
157960,2018,4,1,1434,1434.0,0,0,237434
157966,2018,2,1,1426,1426.0,0,0,308891
157974,2018,2,1,1021,1021.0,0,0,676669
157980,2018,4,1,893,893.0,0,0,498149
158083,2018,2,1,2247,2247.0,0,0,109495
158091,2018,2,1,1433,1433.0,0,0,207110
158113,2018,4,1,994,994.0,0,0,478666
158121,2018,4,1,2408,2408.0,0,0,835796
158130,2018,3,1,1180,1180.0,0,0,677704
158132,2018,3,1,1623,1623.0,0,0,183025
158147,2018,2,1,2333,2333.0,0,0,439819
158148,2018,2,1,2486,2486.0,0,0,771035
158161,2018,2,1,2307,2307.0,0,0,511765
158163,2018,2,1,760,760.0,0,0,628017
158170,2018,2,1,1523,1523.0,0,0,790178
158175,2018,3,1,565,565.0,0,0,337983
158182,2018,2,1,930,930.0,0,0,842279
158194,2018,2,1,1163,1163.0,0,0,948662
158219,2018,2,1,783,783.0,0,0,770968
158225,2018,2,1,1377,1377.0,0,0,832665
158229,2018,4,1,946,946.0,0,0,894620
158230,2018,4,1,1949,1949.0,0,0,428526
158237,2018,4,1,835,835.0,0,0,422349
158246,2018,4,1,2330,2330.0,0,0,276035
158262,2018,4,1,1309,1309.0,0,0,130208
158278,2018,2,1,1906,1906.0,0,0,595323
158279,2018,2,1,1463,1463.0,0,0,504260
158299,2018,4,1,2280,2280.0,0,0,820454
158301,2018,2,1,2187,2187.0,0,0,824133
158346,2018,2,1,655,655.0,0,0,702478
158449,2018,4,1,671,671.0,0,0,136516
158451,2018,2,1,771,771.0,0,0,166037
158454,2018,4,1,534,534.0,0,0,204343
158463,2018,2,1,1855,1855.0,0,0,317776
158477,2018,3,1,1134,1134.0,0,0,905909
158513,2018,3,1,1853,1853.0,0,0,895185
158516,2018,2,1,1314,1314.0,0,0,221993
158520,2018,11,1,2130,2130.0,374,67,587378
158523,2017,4,1,2108,2108.0,389,70,379120
158539,2018,2,1,1697,1697.0,0,0,153626
158607,2018,2,1,1735,1735.0,0,0,715462
158662,2018,4,1,2275,2275.0,0,0,810581
158680,2018,4,1,1331,1331.0,0,0,297702
158708,2018,4,1,979,979.0,0,0,702284
158744,2018,4,1,913,913.0,0,0,504260
158747,2018,4,1,1248,1248.0,0,0,587378
158750,2018,4,1,2268,2268.0,0,0,886439
158758,2018,3,1,1056,1056.0,0,0,644163
158763,2018,3,1,2307,2307.0,0,0,789892
158771,2018,2,1,2231,2231.0,0,0,183025
158781,2018,2,1,806,806.0,0,0,983822
158791,2018,4,1,2222,2222.0,0,0,959728
158796,2018,2,1,878,878.0,0,0,321027
158816,2018,4,1,2456,2456.0,0,0,917998
158823,2018,4,1,1095,1095.0,0,0,444365
158835,2018,3,1,1660,1660.0,0,0,170585
158838,2017,10,1,1988,1988.0,0,0,649487
158839,2018,3,1,1197,1197.0,0,0,661744
158849,2017,12,1,1429,1429.0,0,0,649487
158853,2018,3,1,2128,2128.0,0,0,523246
158887,2018,4,1,2100,2100.0,0,0,221993
158890,2018,9,1,942,942.0,508,91,422349
158891,2018,2,1,614,614.0,0,0,318264
158893,2018,4,1,2493,2493.0,0,0,581661
158908,2018,6,1,1670,1670.0,655,118,375540
158978,2018,3,1,2167,2167.0,0,0,974829
158989,2018,4,1,1864,1864.0,0,0,702406
158997,2018,2,1,1502,1502.0,0,0,537038
159013,2018,2,1,2484,2484.0,0,0,946258
159024,2018,2,1,1337,1337.0,0,0,695342
159069,2018,2,1,1031,1031.0,0,0,974829
159070,2018,3,1,2328,2328.0,0,0,793178
159084,2018,2,1,545,545.0,0,0,228673
159097,2018,2,1,2046,2046.0,0,0,971582
159100,2018,4,1,2340,2340.0,0,0,204484
159112,2018,2,1,775,775.0,0,0,128032
159129,2018,2,1,1598,1598.0,0,0,905909
159177,2018,3,1,1063,1063.0,0,0,128789
159178,2018,2,1,2396,2396.0,0,0,644630
159188,2018,2,1,2388,2388.0,0,0,265557
159195,2018,1,1,2031,2031.0,0,0,654433
159207,2018,2,1,1518,1518.0,0,0,654433
159211,2018,4,1,2499,2499.0,0,0,654433
159215,2018,2,1,1414,1414.0,0,0,968034
159220,2018,4,1,919,919.0,0,0,284610
159221,2018,2,1,1898,1898.0,0,0,581661
159223,2018,4,1,1336,1336.0,0,0,196442
159228,2018,4,1,1833,1833.0,0,0,644630
159247,2018,3,1,1192,1192.0,0,0,159359
159283,2017,12,1,1618,1618.0,657,118,654433
159310,2018,2,1,1163,1163.0,0,0,276255
159344,2018,2,1,1196,1196.0,0,0,268414
159386,2018,2,1,504,504.0,0,0,525548
159390,2018,4,1,1777,1777.0,0,0,183025
159394,2018,9,1,2426,2426.0,610,110,973407
159407,2018,3,1,2497,2497.0,0,0,923234
159490,2017,3,1,2188,2188.0,422,76,728486
159492,2018,2,1,1414,1414.0,0,0,286065
159498,2018,4,1,2131,2131.0,0,0,323720
159516,2018,3,1,562,562.0,0,0,504860
159529,2018,4,1,1850,1850.0,0,0,276255
159552,2018,4,1,2335,2335.0,0,0,180219
159588,2018,2,1,1686,1686.0,0,0,237274
159593,2018,4,1,1789,1789.0,0,0,874614
159603,2018,2,1,1590,1590.0,0,0,939238
159609,2018,3,1,1090,1090.0,0,0,573332
159630,2018,4,1,2141,2141.0,0,0,631661
159631,2018,2,1,2194,2194.0,0,0,966391
159641,2018,4,1,1429,1429.0,0,0,945091
159657,2018,12,1,979,979.0,524,94,905478
159676,2018,3,1,1567,1567.0,0,0,587378
159703,2018,2,1,1920,1920.0,0,0,421191
159709,2018,2,1,2310,2310.0,0,0,331325
159712,2018,2,1,2376,2376.0,0,0,191917
159715,2018,12,1,1391,1391.0,587,106,495253
159722,2017,10,1,723,723.0,488,88,643912
159753,2018,2,1,772,772.0,0,0,853421
159761,2018,3,1,1786,1786.0,0,0,444365
159769,2018,4,1,1830,1830.0,0,0,944750
159801,2018,4,1,2123,2123.0,0,0,311946
159812,2018,4,1,712,712.0,0,0,965751
159855,2018,3,1,1522,1522.0,0,0,968034
159860,2018,4,1,2177,2177.0,0,0,886299
159866,2018,2,1,2213,2213.0,0,0,494885
159879,2018,3,1,721,721.0,0,0,236593
159892,2018,4,1,2393,2393.0,0,0,208586
159929,2018,4,1,1017,1017.0,0,0,618824
159936,2018,4,1,879,879.0,0,0,244308
159945,2018,3,1,2333,2333.0,0,0,247471
159946,2018,4,1,728,728.0,0,0,608758
159957,2018,4,1,1786,1786.0,0,0,283770
159962,2018,4,1,1730,1730.0,0,0,310965
159966,2018,2,1,2017,2017.0,0,0,502946
159972,2018,2,1,1823,1823.0,0,0,724272
159997,2018,3,1,941,941.0,0,0,459948
160014,2018,3,1,1230,1230.0,0,0,643912
160045,2018,4,1,1115,1115.0,0,0,130368
160047,2018,3,1,1959,1959.0,0,0,420515
160081,2018,4,1,1162,1162.0,0,0,462663
160102,2018,4,1,1746,1746.0,0,0,795230
160120,2018,2,1,2396,2396.0,0,0,466953
160128,2017,3,1,725,725.0,464,84,986421
160130,2018,5,1,1266,1266.0,464,84,511765
160152,2018,4,1,1814,1814.0,0,0,496357
160173,2018,4,1,2472,2472.0,0,0,515969
160186,2018,4,1,1965,1965.0,0,0,729518
160189,2017,2,1,1224,1224.0,0,0,665373
160190,2018,4,1,552,552.0,0,0,286551
160194,2018,3,1,2000,2000.0,0,0,744567
160197,2017,4,1,1848,1848.0,0,0,665373
160198,2018,2,1,1402,1402.0,0,0,483768
160247,2018,4,1,1726,1726.0,0,0,830385
160270,2018,3,1,1281,1281.0,0,0,153884
160279,2017,1,1,1562,1562.0,516,93,717459
160297,2018,3,1,1138,1138.0,0,0,608517
160365,2018,12,1,2160,2160.0,600,108,696096
160366,2018,3,1,1648,1648.0,0,0,735304
160367,2018,2,1,1010,1010.0,0,0,967347
160369,2018,2,1,1538,1538.0,0,0,812894
160391,2018,3,1,2394,2394.0,0,0,543852
160406,2018,3,1,876,876.0,0,0,466953
160424,2018,3,1,2215,2215.0,0,0,863259
160470,2018,3,1,1901,1901.0,0,0,948662
160476,2018,4,1,1441,1441.0,0,0,997439
160483,2018,3,1,2229,2229.0,0,0,904304
160485,2018,3,1,1892,1892.0,0,0,537387
160490,2018,3,1,1909,1909.0,0,0,444092
160495,2018,4,1,981,981.0,561,101,953693
160505,2018,3,1,2468,2468.0,0,0,127785
160516,2018,2,1,984,984.0,0,0,922786
160544,2018,2,1,2200,2200.0,353,64,765293
160551,2018,4,1,543,543.0,0,0,724272
160618,2018,2,1,2249,2249.0,0,0,922188
160622,2018,2,1,1833,1833.0,0,0,247514
160657,2018,4,1,1568,1568.0,0,0,202696
160688,2018,4,1,1501,1501.0,0,0,329826
160690,2018,4,1,949,949.0,0,0,638495
160714,2018,3,1,1372,1372.0,0,0,471858
160746,2018,2,1,2203,2203.0,0,0,507005
160759,2018,2,1,1377,1377.0,0,0,135421
160769,2018,2,1,1306,1306.0,0,0,486112
160808,2018,4,1,2066,2066.0,0,0,706820
160840,2017,12,1,2339,2339.0,669,120,549862
160855,2018,4,1,2069,2069.0,0,0,459948
160863,2018,4,1,1915,1915.0,0,0,215508
160866,2018,2,1,2274,2274.0,0,0,745811
160867,2018,4,1,588,588.0,0,0,971107
160892,2018,5,1,1800,1800.0,364,66,721688
160901,2018,4,1,1143,1143.0,0,0,992886
160926,2018,4,1,1134,1134.0,0,0,991568
160946,2018,2,1,1253,1253.0,0,0,713085
160954,2018,4,1,2040,2040.0,0,0,879177
160961,2018,2,1,706,706.0,0,0,851421
160962,2018,4,1,1057,1057.0,0,0,667262
160975,2018,4,1,1815,1815.0,0,0,412995
160976,2018,2,1,2049,2049.0,0,0,661411
160986,2018,4,1,2431,2431.0,0,0,744528
160993,2017,5,1,1206,1206.0,693,125,822765
161016,2018,2,1,1995,1995.0,0,0,499128
161028,2018,3,1,1210,1210.0,0,0,485933
161037,2018,3,1,1105,1105.0,0,0,502012
161041,2018,3,1,1001,1001.0,0,0,261964
161054,2018,4,1,627,627.0,0,0,625434
161063,2018,4,1,1624,1624.0,0,0,875796
161065,2018,4,1,2225,2225.0,0,0,625033
161068,2018,3,1,1051,1051.0,0,0,918053
161080,2018,4,1,1992,1992.0,0,0,387523
161090,2018,2,1,1290,1290.0,0,0,704270
161116,2018,2,1,2128,2128.0,0,0,714379
161149,2018,3,1,1542,1542.0,0,0,812894
161151,2018,4,1,1552,1552.0,0,0,990918
161157,2018,2,1,1009,1009.0,0,0,667341
161161,2018,3,1,1240,1240.0,0,0,337453
161162,2018,4,1,728,728.0,0,0,495253
161191,2018,3,1,566,566.0,0,0,853421
161202,2018,3,1,1292,1292.0,0,0,822696
161208,2018,4,1,2198,2198.0,0,0,487605
161216,2018,4,1,1932,1932.0,0,0,407411
161260,2018,4,1,2320,2320.0,0,0,147700
161264,2018,4,1,584,584.0,0,0,593252
161299,2018,4,1,1080,1080.0,0,0,165742
161309,2018,4,1,942,942.0,0,0,247514
161324,2018,3,1,2248,2248.0,0,0,220822
161349,2018,4,1,2384,2384.0,0,0,135421
161354,2018,3,1,1441,1441.0,0,0,632097
161357,2018,4,1,2448,2448.0,0,0,851986
161363,2018,2,1,556,556.0,0,0,593252
161369,2018,4,1,653,653.0,0,0,582690
161389,2018,3,1,1012,1012.0,0,0,744612
161405,2018,2,1,1000,1000.0,0,0,480909
161432,2018,2,1,563,563.0,0,0,440928
161446,2018,3,1,1554,1554.0,0,0,702147
161461,2018,3,1,1046,1046.0,0,0,283980
161472,2018,3,1,2314,2314.0,0,0,135421
161479,2018,3,1,2483,2483.0,0,0,667341
161510,2018,3,1,1464,1464.0,0,0,209675
161520,2018,4,1,1897,1897.0,0,0,149884
161522,2018,2,1,883,883.0,0,0,120583
161534,2018,2,1,595,595.0,0,0,137850
161558,2018,3,1,766,766.0,0,0,662164
161590,2018,3,1,1196,1196.0,0,0,596390
161598,2017,12,1,2270,2270.0,642,116,365451
161599,2018,3,1,1552,1552.0,0,0,442014
161659,2018,3,1,2442,2442.0,0,0,617296
161676,2018,2,1,1781,1781.0,0,0,672308
161680,2018,4,1,2421,2421.0,0,0,762117
161692,2018,4,1,2349,2349.0,0,0,448896
161715,2018,4,1,1480,1480.0,0,0,337453
161729,2017,7,1,632,632.0,617,111,286065
161762,2017,11,1,544,544.0,382,69,795230
161767,2018,4,1,777,777.0,0,0,968034
161775,2018,3,1,1292,1292.0,0,0,504311
161785,2018,4,1,641,641.0,0,0,454440
161798,2018,3,1,1817,1817.0,0,0,617960
161818,2018,6,1,2367,2367.0,462,83,997439
161824,2018,2,1,578,578.0,0,0,225363
161841,2018,3,1,576,576.0,0,0,714379
161853,2018,4,1,1276,1276.0,0,0,745920
161865,2018,3,1,1129,1129.0,0,0,505522
161869,2018,4,1,2236,2236.0,0,0,893266
161931,2018,4,1,2030,2030.0,0,0,146028
161966,2017,9,1,1868,1868.0,576,104,509513
161967,2018,3,1,2499,2499.0,0,0,259110
161999,2018,3,1,1735,1735.0,0,0,197086
162041,2018,1,1,704,704.0,451,81,295302
162053,2018,5,1,516,516.0,0,0,121183
162056,2017,1,1,1046,1046.0,0,0,695069
162066,2017,2,1,1324,1324.0,439,79,120613
162080,2018,5,1,1329,1329.0,0,0,135977
162084,2018,5,1,1681,1681.0,0,0,137850
162087,2018,5,1,1557,1557.0,0,0,138565
162097,2017,9,1,1415,1415.0,440,79,337453
162132,2018,5,1,1780,1780.0,0,0,163608
162177,2018,5,1,551,551.0,0,0,184478
162180,2018,5,1,1528,1528.0,0,0,185285
162225,2018,5,1,878,878.0,0,0,201683
162231,2018,5,1,1929,1929.0,0,0,204484
162251,2018,5,1,1842,1842.0,0,0,212477
162268,2018,5,1,2015,2015.0,0,0,221993
162276,2018,5,1,1628,1628.0,0,0,227804
162277,2018,5,1,1246,1246.0,0,0,228673
162291,2018,5,1,1224,1224.0,0,0,237319
162306,2018,5,1,1112,1112.0,0,0,246187
162320,2018,4,1,862,862.0,469,84,259110
162321,2018,4,1,2315,2315.0,469,84,543852
162347,2018,5,1,2417,2417.0,0,0,267291
162350,2018,5,1,1430,1430.0,0,0,269565
162373,2018,5,1,1388,1388.0,0,0,284610
162387,2018,5,1,1029,1029.0,0,0,295302
162390,2018,5,1,1064,1064.0,0,0,295412
162411,2018,5,1,1008,1008.0,0,0,310965
162430,2018,5,1,668,668.0,0,0,319868
162452,2018,5,1,920,920.0,0,0,331598
162501,2018,5,1,612,612.0,0,0,353128
162520,2018,5,1,2218,2218.0,0,0,360902
162566,2018,5,1,1928,1928.0,0,0,384328
162569,2018,5,1,2283,2283.0,0,0,385593
162587,2018,5,1,541,541.0,0,0,391611
162621,2018,5,1,959,959.0,0,0,407411
162648,2018,5,1,536,536.0,0,0,420202
162649,2018,5,1,1527,1527.0,0,0,420394
162651,2018,5,1,1015,1015.0,0,0,421001
162652,2018,5,1,1763,1763.0,0,0,421191
162697,2018,5,1,1829,1829.0,0,0,438199
162707,2018,5,1,2368,2368.0,0,0,440928
162724,2018,2,1,1100,1100.0,353,64,662380
162739,2018,5,1,998,998.0,0,0,457716
162750,2018,5,1,1663,1663.0,0,0,462459
162752,2018,5,1,2035,2035.0,0,0,462663
162774,2018,2,1,1054,1054.0,528,95,870574
162795,2017,9,1,569,569.0,0,0,709479
162799,2018,1,1,1404,1404.0,499,90,683126
162801,2018,5,1,1543,1543.0,0,0,489842
162805,2018,5,1,935,935.0,0,0,491253
162838,2018,5,1,2473,2473.0,0,0,505522
162855,2018,5,1,1681,1681.0,0,0,516995
162870,2018,5,1,1038,1038.0,0,0,523246
162895,2018,5,1,1540,1540.0,0,0,535944
162898,2018,5,1,1037,1037.0,0,0,537387
162926,2018,5,1,2336,2336.0,0,0,546665
162952,2018,5,1,505,505.0,0,0,565171
162954,2018,5,1,945,945.0,0,0,566182
163007,2018,5,1,2172,2172.0,0,0,596390
163008,2018,5,1,788,788.0,0,0,596586
163014,2017,10,1,1366,1366.0,0,0,715555
163018,2018,2,1,1319,1319.0,0,0,715555
163019,2018,4,1,699,699.0,0,0,715555
163039,2018,5,1,1460,1460.0,0,0,608517
163040,2018,5,1,615,615.0,0,0,608758
163059,2018,5,1,1782,1782.0,0,0,615214
163076,2018,5,1,1655,1655.0,0,0,625033
163090,2018,5,1,2056,2056.0,0,0,635509
163107,2018,5,1,1219,1219.0,0,0,642002
163113,2018,3,1,2023,2023.0,624,112,944750
163115,2018,2,1,643,643.0,489,88,283770
163147,2018,5,1,2400,2400.0,0,0,659536
163151,2018,5,1,2095,2095.0,0,0,660436
163154,2017,9,1,688,688.0,439,79,528331
163198,2018,5,1,1149,1149.0,0,0,683126
163233,2018,5,1,2203,2203.0,0,0,695342
163241,2018,5,1,2193,2193.0,0,0,701216
163256,2018,5,1,2024,2024.0,0,0,706820
163270,2018,5,1,2394,2394.0,0,0,713085
163271,2018,5,1,824,824.0,0,0,713236
163282,2018,5,1,714,714.0,0,0,717632
163295,2018,5,1,861,861.0,0,0,723591
163324,2018,5,1,1649,1649.0,0,0,735304
163385,2018,5,1,2366,2366.0,0,0,768072
163430,2018,5,1,899,899.0,0,0,790450
163449,2018,5,1,1012,1012.0,0,0,801821
163457,2018,5,1,2421,2421.0,0,0,808353
163459,2018,5,1,710,710.0,0,0,809733
163469,2018,5,1,1109,1109.0,0,0,812894
163493,2018,5,1,1562,1562.0,0,0,822956
163510,2018,8,1,1614,1614.0,500,90,120583
163525,2018,5,1,1467,1467.0,0,0,834799
163562,2018,5,1,2044,2044.0,0,0,851986
163575,2018,5,1,1127,1127.0,0,0,857814
163663,2018,5,1,1208,1208.0,0,0,904304
163667,2018,5,1,2297,2297.0,0,0,905478
163673,2018,5,1,1640,1640.0,0,0,907038
163691,2018,5,1,2042,2042.0,0,0,913571
163700,2018,5,1,845,845.0,0,0,918053
163708,2018,5,1,1367,1367.0,0,0,921278
163723,2018,5,1,1469,1469.0,0,0,931183
163790,2018,5,1,936,936.0,0,0,971107
163839,2018,5,1,2091,2091.0,0,0,996686
163866,2017,12,1,1183,1183.0,488,88,820542
163878,2018,6,1,1195,1195.0,0,0,120583
163879,2018,4,1,1071,1071.0,537,97,729805
163887,2018,5,1,1778,1778.0,0,0,729805
163888,2018,6,1,1285,1285.0,0,0,128789
163890,2018,6,1,924,924.0,0,0,130368
163915,2018,6,1,2196,2196.0,0,0,146037
163923,2018,6,1,1839,1839.0,0,0,153626
163932,2018,6,1,2310,2310.0,0,0,159359
163947,2018,6,1,1077,1077.0,0,0,175249
163984,2017,2,1,1523,1523.0,370,67,402964
163990,2018,6,1,768,768.0,0,0,201683
164015,2018,6,1,1504,1504.0,0,0,212477
164035,2018,6,1,1160,1160.0,0,0,221993
164039,2018,6,1,796,796.0,0,0,225746
164044,2018,6,1,1421,1421.0,0,0,232290
164095,2018,6,1,1142,1142.0,0,0,268414
164103,2017,8,1,2224,2224.0,405,73,218917
164109,2018,6,1,555,555.0,0,0,276035
164111,2018,6,1,1060,1060.0,0,0,276289
164112,2018,6,1,835,835.0,0,0,276650
164113,2018,6,1,2115,2115.0,0,0,277091
164119,2017,2,1,1439,1439.0,290,52,360537
164200,2018,6,1,2437,2437.0,0,0,336037
164209,2018,6,1,2086,2086.0,0,0,342527
164231,2018,6,1,788,788.0,0,0,365451
164277,2018,6,1,844,844.0,0,0,392619
164285,2018,6,1,1373,1373.0,0,0,397817
164301,2017,6,1,1404,1404.0,0,0,744860
164310,2018,6,1,2347,2347.0,0,0,412995
164312,2018,6,1,573,573.0,0,0,414164
164317,2018,1,1,2119,2119.0,494,89,128032
164334,2017,12,1,967,967.0,0,0,744860
164341,2018,6,1,551,551.0,0,0,425445
164345,2018,6,1,2312,2312.0,0,0,428526
164358,2018,6,1,1816,1816.0,0,0,438263
164377,2018,6,1,1267,1267.0,0,0,453448
164380,2018,6,1,1637,1637.0,0,0,453971
164407,2018,6,1,2371,2371.0,0,0,466865
164422,2018,6,1,1633,1633.0,0,0,481293
164426,2018,6,1,1024,1024.0,0,0,483768
164438,2018,6,1,1603,1603.0,0,0,494515
164458,2018,6,1,1741,1741.0,0,0,507005
164472,2018,6,1,1205,1205.0,0,0,511342
164473,2018,6,1,990,990.0,0,0,511472
164501,2018,6,1,2145,2145.0,0,0,528363
164503,2018,10,1,1526,1526.0,353,64,424540
164544,2018,6,1,1160,1160.0,0,0,552328
164554,2017,7,1,881,881.0,666,120,402052
164557,2018,6,1,1920,1920.0,0,0,559388
164558,2017,1,1,2194,2194.0,0,0,750199
164562,2017,10,1,568,568.0,448,81,742281
164568,2018,6,1,1296,1296.0,0,0,565008
164573,2017,11,1,1495,1495.0,0,0,750199
164581,2018,6,1,1307,1307.0,0,0,573332
164603,2018,6,1,1991,1991.0,0,0,587800
164619,2018,6,1,1732,1732.0,0,0,601597
164625,2018,6,1,2234,2234.0,0,0,605761
164629,2018,6,1,1011,1011.0,0,0,608517
164641,2018,6,1,1158,1158.0,0,0,614810
164643,2017,2,1,660,660.0,381,69,466865
164650,2018,6,1,1735,1735.0,0,0,617296
164654,2018,6,1,1559,1559.0,0,0,617960
164681,2018,6,1,2064,2064.0,0,0,632097
164731,2018,6,1,2183,2183.0,0,0,660436
164742,2018,6,1,1680,1680.0,0,0,665024
164811,2018,6,1,1977,1977.0,0,0,708020
164824,2018,6,1,1776,1776.0,0,0,713236
164876,2018,6,1,1433,1433.0,0,0,735304
164888,2018,6,1,735,735.0,0,0,744567
164890,2018,6,1,1400,1400.0,0,0,747926
164930,2018,12,1,2222,2222.0,591,106,901819
164939,2018,6,1,1885,1885.0,0,0,771035
164948,2018,6,1,2009,2009.0,0,0,776736
164971,2018,6,1,1431,1431.0,0,0,789892
164981,2018,6,1,855,855.0,0,0,795230
164991,2018,6,1,2411,2411.0,0,0,801821
165041,2018,6,1,1183,1183.0,0,0,830385
165045,2018,6,1,2499,2499.0,0,0,832597
165046,2018,6,1,2279,2279.0,0,0,832665
165052,2018,6,1,2440,2440.0,0,0,833998
165109,2017,11,1,978,978.0,561,101,167465
165113,2017,2,1,1060,1060.0,295,53,953693
165136,2018,6,1,1489,1489.0,0,0,881198
165153,2018,6,1,580,580.0,0,0,893266
165156,2018,12,1,2201,2201.0,674,121,155118
165190,2017,10,1,2129,2129.0,482,87,966391
165284,2018,6,1,1773,1773.0,0,0,967347
165285,2018,6,1,2296,2296.0,0,0,968034
165296,2018,6,1,1749,1749.0,0,0,970746
165314,2018,6,1,831,831.0,0,0,979644
165351,2018,7,1,831,831.0,0,0,109495
165365,2018,7,1,2047,2047.0,0,0,122545
165371,2018,7,1,1209,1209.0,0,0,128032
165374,2018,4,1,2182,2182.0,512,92,561481
165392,2018,7,1,673,673.0,0,0,138737
165407,2018,7,1,1339,1339.0,0,0,149884
165419,2018,7,1,1811,1811.0,0,0,160135
165425,2018,7,1,1463,1463.0,0,0,164973
165430,2018,7,1,1104,1104.0,0,0,168302
165450,2018,2,1,1746,1746.0,541,97,453448
165458,2017,12,1,2381,2381.0,509,92,605761
165507,2018,7,1,1412,1412.0,0,0,207576
165511,2017,4,1,2310,2310.0,0,0,775520
165513,2017,6,1,1651,1651.0,0,0,775520
165518,2018,7,1,1036,1036.0,0,0,215508
165536,2018,7,1,1333,1333.0,0,0,227804
165556,2017,5,1,1495,1495.0,496,89,744528
165584,2018,7,1,2425,2425.0,0,0,256486
165640,2018,7,1,1941,1941.0,0,0,287266
165660,2017,4,1,639,639.0,495,89,295412
165671,2018,7,1,2251,2251.0,0,0,297702
165729,2018,7,1,1570,1570.0,0,0,329215
165732,2018,7,1,1059,1059.0,0,0,331325
165746,2018,7,1,903,903.0,0,0,342929
165757,2018,7,1,1301,1301.0,0,0,354464
165767,2018,7,1,1200,1200.0,0,0,365619
165792,2018,7,1,2372,2372.0,0,0,386790
165797,2018,7,1,2253,2253.0,0,0,390546
165829,2018,7,1,757,757.0,0,0,414164
165836,2018,7,1,1655,1655.0,0,0,421923
165847,2018,7,1,2081,2081.0,0,0,428826
165900,2018,7,1,1678,1678.0,0,0,458614
165952,2018,7,1,1027,1027.0,0,0,488303
165977,2018,7,1,1085,1085.0,0,0,500022
165983,2018,7,1,1648,1648.0,0,0,505522
165994,2018,7,1,530,530.0,0,0,511765
166001,2018,7,1,2331,2331.0,0,0,513246
166024,2018,7,1,709,709.0,0,0,527194
166068,2018,7,1,912,912.0,0,0,552328
166108,2018,7,1,2389,2389.0,0,0,579015
166120,2018,7,1,719,719.0,0,0,581999
166134,2018,7,1,1094,1094.0,0,0,590514
166137,2018,7,1,1659,1659.0,0,0,593252
166141,2018,7,1,1686,1686.0,0,0,595323
166144,2018,7,1,1236,1236.0,0,0,597897
166157,2018,7,1,1187,1187.0,0,0,605761
166164,2018,7,1,2179,2179.0,0,0,608517
166165,2018,7,1,2075,2075.0,0,0,609072
166166,2018,7,1,1823,1823.0,0,0,609532
166189,2018,7,1,2181,2181.0,0,0,618824
166195,2018,7,1,1290,1290.0,0,0,621940
166203,2018,7,1,2346,2346.0,0,0,627502
166204,2018,11,1,2290,2290.0,588,106,505522
166209,2018,7,1,1245,1245.0,0,0,632097
166261,2017,2,1,1852,1852.0,486,87,668959
166262,2018,7,1,1794,1794.0,0,0,662164
166269,2018,9,1,1892,1892.0,0,0,795235
166277,2018,7,1,1845,1845.0,0,0,667860
166290,2018,7,1,1739,1739.0,0,0,678243
166298,2018,9,1,1847,1847.0,397,71,421923
166335,2018,7,1,1957,1957.0,0,0,702478
166342,2018,7,1,1410,1410.0,0,0,708020
166408,2018,7,1,2403,2403.0,0,0,741422
166414,2018,7,1,1844,1844.0,0,0,744528
166417,2018,7,1,828,828.0,0,0,746536
166442,2018,7,1,1653,1653.0,0,0,762355
166473,2017,2,1,684,684.0,0,0,804816
166480,2017,4,1,2099,2099.0,0,0,804816
166510,2018,7,1,2461,2461.0,0,0,800433
166513,2017,2,1,2412,2412.0,0,0,806348
166515,2018,7,1,2224,2224.0,0,0,802425
166516,2017,3,1,1432,1432.0,0,0,806348
166522,2018,7,1,753,753.0,750,135,667262
166529,2018,4,1,1836,1836.0,564,102,209675
166533,2018,7,1,2109,2109.0,0,0,812894
166534,2018,1,1,1581,1581.0,445,80,330464
166538,2018,1,1,563,563.0,0,0,806348
166539,2018,2,1,881,881.0,0,0,806348
166598,2018,7,1,2305,2305.0,0,0,850245
166599,2018,7,1,1268,1268.0,0,0,851421
166605,2017,4,1,665,665.0,425,77,590514
166637,2018,7,1,1609,1609.0,0,0,873886
166665,2018,7,1,1191,1191.0,0,0,893266
166677,2018,7,1,1820,1820.0,0,0,900894
166685,2018,7,1,609,609.0,0,0,907038
166700,2018,7,1,2490,2490.0,0,0,917630
166740,2018,7,1,1956,1956.0,0,0,949974
166786,2018,7,1,1888,1888.0,0,0,971582
166798,2018,7,1,922,922.0,0,0,979644
166803,2018,7,1,1988,1988.0,0,0,980952
166815,2018,7,1,1283,1283.0,0,0,994877
166837,2018,11,1,1304,1304.0,553,100,835796
166866,2018,8,1,947,947.0,0,0,127785
166872,2018,8,1,1296,1296.0,0,0,130368
166884,2018,8,1,578,578.0,0,0,138565
166907,2018,8,1,1637,1637.0,0,0,160135
166960,2018,8,1,2453,2453.0,0,0,196442
166977,2018,8,1,1556,1556.0,0,0,212477
167035,2018,4,1,1987,1987.0,0,0,823257
167039,2018,3,1,1658,1658.0,0,0,823257
167073,2017,9,1,2405,2405.0,428,77,207110
167094,2018,8,1,967,967.0,0,0,267291
167099,2018,8,1,1691,1691.0,0,0,271675
167108,2018,1,1,1439,1439.0,502,90,360537
167122,2017,11,1,1374,1374.0,365,66,920162
167186,2018,8,1,557,557.0,0,0,323720
167193,2018,8,1,2278,2278.0,0,0,330464
167204,2018,8,1,576,576.0,0,0,336037
167230,2018,8,1,2214,2214.0,0,0,354464
167268,2018,8,1,518,518.0,0,0,375540
167287,2018,8,1,1440,1440.0,0,0,384328
167318,2018,8,1,1068,1068.0,0,0,408838
167337,2018,8,1,1574,1574.0,0,0,420394
167340,2018,8,1,1163,1163.0,0,0,421923
167351,2018,8,1,2125,2125.0,0,0,425445
167415,2018,8,1,1233,1233.0,0,0,459948
167455,2018,8,1,1656,1656.0,0,0,489628
167464,2018,8,1,1437,1437.0,0,0,498149
167466,2018,8,1,1058,1058.0,0,0,500022
167507,2018,8,1,1459,1459.0,0,0,527194
167523,2018,8,1,2343,2343.0,0,0,535944
167621,2018,8,1,1848,1848.0,0,0,587378
167638,2018,8,1,1630,1630.0,0,0,601597
167661,2018,8,1,2227,2227.0,0,0,614810
167686,2018,8,1,2171,2171.0,0,0,625434
167687,2018,8,1,1089,1089.0,0,0,625451
167690,2018,8,1,791,791.0,0,0,628431
167697,2018,8,1,1009,1009.0,0,0,632097
167705,2018,3,1,1270,1270.0,479,86,331325
167707,2018,8,1,2132,2132.0,0,0,636505
167733,2018,8,1,2386,2386.0,0,0,650445
167752,2018,8,1,1300,1300.0,0,0,661744
167762,2018,8,1,1670,1670.0,0,0,671803
167780,2018,8,1,843,843.0,0,0,677704
167825,2018,8,1,888,888.0,0,0,702406
167857,2018,8,1,1949,1949.0,0,0,717632
167875,2018,8,1,2136,2136.0,0,0,735304
167901,2018,8,1,1352,1352.0,0,0,751594
167916,2018,8,1,1139,1139.0,0,0,756515
167950,2018,12,1,1409,1409.0,478,86,746772
168030,2018,8,1,1491,1491.0,0,0,824133
168039,2018,8,1,1363,1363.0,0,0,829861
168040,2018,8,1,1769,1769.0,0,0,830385
168066,2018,8,1,1529,1529.0,0,0,848632
168068,2018,8,1,1485,1485.0,0,0,850245
168094,2018,8,1,1084,1084.0,0,0,873886
168118,2018,8,1,905,905.0,0,0,892797
168125,2018,10,1,1889,1889.0,0,0,843672
168126,2018,11,1,1788,1788.0,0,0,843672
168134,2018,8,1,1601,1601.0,0,0,904304
168144,2018,8,1,2298,2298.0,0,0,916713
168209,2018,8,1,2051,2051.0,0,0,953693
168236,2018,8,1,946,946.0,0,0,965751
168261,2018,8,1,1872,1872.0,0,0,980952
168289,2018,8,1,622,622.0,0,0,997439
168293,2018,11,1,1669,1669.0,344,62,421191
168296,2018,8,1,1095,1095.0,0,0,999631
168314,2018,9,1,1291,1291.0,0,0,107487
168325,2018,9,1,1805,1805.0,0,0,112842
168332,2018,9,1,2495,2495.0,0,0,114219
168353,2018,3,1,744,744.0,405,73,558097
168359,2018,9,1,2419,2419.0,0,0,128032
168378,2018,3,1,1448,1448.0,520,94,802425
168383,2018,9,1,1082,1082.0,0,0,137850
168402,2018,9,1,668,668.0,0,0,149884
168410,2018,9,1,1598,1598.0,0,0,153884
168435,2018,9,1,1331,1331.0,0,0,164034
168439,2018,9,1,807,807.0,0,0,165742
168450,2018,9,1,926,926.0,0,0,168843
168459,2018,9,1,1491,1491.0,0,0,172162
168507,2018,3,1,506,506.0,487,88,101540
168524,2017,6,1,508,508.0,526,95,863259
168528,2018,9,1,1685,1685.0,0,0,202358
168533,2018,9,1,1769,1769.0,0,0,204343
168534,2018,9,1,1891,1891.0,0,0,204484
168539,2018,9,1,1656,1656.0,0,0,207576
168567,2018,9,1,722,722.0,0,0,218917
168584,2018,9,1,1401,1401.0,0,0,227804
168591,2018,9,1,2309,2309.0,0,0,232290
168609,2018,9,1,1809,1809.0,0,0,243061
168647,2018,9,1,1214,1214.0,0,0,261964
168650,2017,10,1,1805,1805.0,589,106,202358
168684,2018,9,1,949,949.0,0,0,274141
168689,2018,9,1,2328,2328.0,0,0,276035
168729,2018,7,1,1689,1689.0,715,129,900460
168744,2017,2,1,1386,1386.0,378,68,281979
168808,2018,9,1,714,714.0,0,0,330464
168842,2018,9,1,1085,1085.0,0,0,345908
168903,2018,9,1,1213,1213.0,0,0,371368
168939,2018,9,1,1865,1865.0,0,0,385593
168979,2018,9,1,607,607.0,0,0,408347
169003,2018,9,1,2106,2106.0,0,0,419749
169018,2017,11,1,2385,2385.0,372,67,341728
169022,2018,9,1,653,653.0,0,0,426124
169032,2018,9,1,934,934.0,0,0,431187
169051,2018,9,1,2387,2387.0,0,0,444092
169063,2018,9,1,688,688.0,0,0,453448
169078,2018,9,1,601,601.0,0,0,457716
169094,2018,9,1,800,800.0,0,0,462663
169153,2018,9,1,1494,1494.0,0,0,495253
169171,2018,9,1,594,594.0,0,0,504311
169179,2017,2,1,537,537.0,0,0,862659
169184,2017,9,1,983,983.0,515,93,482528
169188,2018,9,1,1571,1571.0,0,0,511765
169190,2017,3,1,536,536.0,0,0,862659
169202,2018,9,1,695,695.0,0,0,515981
169203,2018,9,1,1153,1153.0,0,0,516995
169233,2018,9,1,864,864.0,0,0,530508
169245,2018,9,1,2409,2409.0,0,0,537038
169249,2018,9,1,2456,2456.0,0,0,537990
169263,2018,4,1,1491,1491.0,559,101,923234
169281,2018,9,1,896,896.0,0,0,550769
169312,2018,9,1,1673,1673.0,0,0,565008
169316,2018,9,1,2418,2418.0,0,0,567070
169334,2018,9,1,1980,1980.0,0,0,577405
169337,2018,9,1,2112,2112.0,0,0,578811
169339,2018,9,1,1876,1876.0,0,0,579581
169369,2018,9,1,1253,1253.0,0,0,590514
169384,2018,9,1,1172,1172.0,0,0,597897
169400,2018,9,1,1434,1434.0,0,0,605761
169407,2018,9,1,1910,1910.0,0,0,607662
169445,2018,9,1,1337,1337.0,0,0,625434
169446,2018,9,1,922,922.0,0,0,625451
169451,2018,9,1,2014,2014.0,0,0,628017
169472,2018,9,1,2457,2457.0,0,0,637687
169488,2018,9,1,669,669.0,0,0,644786
169514,2018,9,1,956,956.0,0,0,660197
169569,2018,9,1,1340,1340.0,0,0,687463
169584,2018,9,1,2338,2338.0,0,0,696096
169617,2018,9,1,690,690.0,0,0,713085
169622,2018,9,1,2271,2271.0,0,0,717632
169633,2018,9,1,1049,1049.0,0,0,721688
169682,2018,9,1,628,628.0,0,0,750649
169762,2018,9,1,1670,1670.0,0,0,790178
169791,2018,9,1,2363,2363.0,0,0,803084
169795,2018,4,1,1852,1852.0,612,110,789573
169815,2017,10,1,1507,1507.0,358,64,499128
169824,2018,9,1,911,911.0,0,0,817851
169832,2018,9,1,573,573.0,0,0,820344
169891,2018,11,1,1992,1992.0,451,81,247514
169909,2018,9,1,682,682.0,0,0,849569
169923,2018,9,1,2482,2482.0,0,0,855050
169941,2018,9,1,1746,1746.0,0,0,861058
169942,2018,9,1,1012,1012.0,0,0,861330
169971,2018,9,1,764,764.0,0,0,877603
169982,2018,9,1,2349,2349.0,0,0,881198
169991,2018,9,1,2476,2476.0,0,0,886299
169998,2017,12,1,2406,2406.0,575,104,878510
170002,2018,9,1,1502,1502.0,0,0,892219
170003,2018,9,1,2329,2329.0,0,0,892797
170006,2018,2,1,2074,2074.0,488,88,549982
170010,2018,9,1,1740,1740.0,0,0,896651
170027,2018,9,1,872,872.0,0,0,908120
170050,2018,9,1,1222,1222.0,0,0,920162
170055,2018,3,1,749,749.0,557,100,760061
170059,2018,9,1,758,758.0,0,0,925385
170068,2018,9,1,1431,1431.0,0,0,929728
170069,2018,9,1,1804,1804.0,0,0,929980
170162,2018,9,1,1636,1636.0,0,0,974829
170185,2017,5,1,1561,1561.0,644,116,187838
170190,2018,2,1,1207,1207.0,353,64,917998
170208,2018,9,1,530,530.0,0,0,997439
170218,2018,10,1,732,732.0,0,0,102311
170237,2018,10,1,927,927.0,0,0,107487
170238,2018,10,1,983,983.0,0,0,107571
170250,2018,10,1,679,679.0,0,0,115633
170264,2018,10,1,1375,1375.0,0,0,121856
170274,2018,10,1,695,695.0,0,0,128032
170275,2018,10,1,2253,2253.0,0,0,128789
170278,2018,10,1,2455,2455.0,0,0,130368
170301,2018,1,1,1280,1280.0,388,70,384328
170306,2018,10,1,2333,2333.0,0,0,146028
170313,2018,10,1,1592,1592.0,0,0,149912
170319,2018,10,1,1381,1381.0,0,0,155118
170329,2018,10,1,1397,1397.0,0,0,160135
170336,2018,10,1,733,733.0,0,0,163608
170340,2018,10,1,1961,1961.0,0,0,165019
170353,2018,1,1,2436,2436.0,371,67,729518
170370,2018,10,1,1434,1434.0,0,0,180024
170375,2018,10,1,1222,1222.0,0,0,184478
170384,2018,10,1,1893,1893.0,0,0,188147
170408,2018,10,1,896,896.0,0,0,202696
170424,2018,10,1,1685,1685.0,0,0,208586
170425,2018,2,1,1504,1504.0,374,67,257417
170450,2018,10,1,2391,2391.0,0,0,220822
170459,2018,10,1,1725,1725.0,0,0,229436
170467,2018,10,1,607,607.0,0,0,233969
170474,2018,10,1,1915,1915.0,0,0,237319
170502,2018,2,1,1685,1685.0,508,91,106689
170533,2018,10,1,2161,2161.0,0,0,263127
170549,2018,3,1,1934,1934.0,569,102,820542
170553,2018,10,1,898,898.0,0,0,269565
170564,2018,10,1,1145,1145.0,0,0,276035
170586,2018,10,1,1125,1125.0,0,0,287266
170624,2018,10,1,1802,1802.0,0,0,309364
170670,2018,10,1,1001,1001.0,0,0,342527
170672,2018,10,1,1922,1922.0,0,0,342929
170682,2018,10,1,1323,1323.0,0,0,345908
170683,2017,6,1,1811,1811.0,598,108,508115
170727,2017,11,1,2262,2262.0,413,74,852323
170730,2018,10,1,1788,1788.0,0,0,365619
170765,2018,10,1,1545,1545.0,0,0,379238
170801,2018,10,1,1593,1593.0,0,0,397817
170810,2018,10,1,1122,1122.0,0,0,402964
170811,2018,10,1,935,935.0,0,0,403052
170835,2018,10,1,971,971.0,0,0,412995
170847,2018,10,1,702,702.0,0,0,419749
170866,2018,10,1,2399,2399.0,0,0,428826
170894,2018,10,1,1612,1612.0,0,0,444365
170933,2018,11,1,1821,1821.0,544,98,802425
170962,2018,10,1,739,739.0,0,0,472787
170989,2018,10,1,852,852.0,0,0,485795
171025,2018,10,1,2009,2009.0,0,0,504311
171028,2018,10,1,642,642.0,0,0,506170
171051,2018,10,1,2418,2418.0,0,0,516995
171058,2018,10,1,2414,2414.0,0,0,523246
171067,2018,10,1,969,969.0,0,0,528229
171094,2017,12,1,951,951.0,398,72,317776
171134,2018,10,1,1023,1023.0,0,0,554442
171156,2018,10,1,2226,2226.0,0,0,565171
171157,2018,10,1,929,929.0,0,0,565452
171170,2018,11,1,2288,2288.0,468,84,817851
171175,2018,10,1,1091,1091.0,0,0,572811
171216,2018,10,1,857,857.0,0,0,587800
171225,2017,1,1,1173,1173.0,0,0,909880
171227,2018,10,1,685,685.0,0,0,596390
171228,2017,3,1,2010,2010.0,0,0,909880
171232,2018,2,1,2450,2450.0,352,63,438641
171236,2018,10,1,2179,2179.0,0,0,601597
171243,2018,10,1,978,978.0,0,0,605761
171266,2018,10,1,2321,2321.0,0,0,616746
171288,2018,10,1,1161,1161.0,0,0,627502
171293,2018,10,1,1508,1508.0,0,0,631661
171325,2018,10,1,1209,1209.0,0,0,643912
171327,2018,10,1,1013,1013.0,0,0,644630
171349,2018,10,1,1041,1041.0,0,0,652816
171361,2018,10,1,650,650.0,0,0,660436
171364,2018,10,1,1006,1006.0,0,0,661054
171365,2018,10,1,1920,1920.0,0,0,661411
171366,2018,10,1,2496,2496.0,0,0,662164
171378,2018,10,1,904,904.0,0,0,667341
171412,2018,10,1,1053,1053.0,0,0,684155
171420,2018,10,1,1938,1938.0,0,0,687463
171438,2017,2,1,1976,1976.0,435,78,894620
171454,2018,10,1,2247,2247.0,0,0,702542
171456,2018,10,1,2118,2118.0,0,0,704270
171462,2018,10,1,1982,1982.0,0,0,708258
171475,2018,10,1,990,990.0,0,0,713085
171497,2018,3,1,1270,1270.0,554,100,554442
171518,2018,10,1,1061,1061.0,0,0,735304
171525,2018,10,1,1057,1057.0,0,0,738459
171541,2018,1,1,1825,1825.0,0,0,919922
171549,2018,10,1,1706,1706.0,0,0,747926
171554,2017,10,1,725,725.0,408,73,578811
171556,2018,10,1,1982,1982.0,408,73,762117
171584,2018,10,1,1120,1120.0,0,0,765293
171591,2018,10,1,988,988.0,0,0,768072
171594,2018,10,1,889,889.0,0,0,771035
171602,2018,10,1,2416,2416.0,0,0,774321
171612,2018,10,1,1867,1867.0,0,0,778030
171641,2018,10,1,704,704.0,0,0,789892
171644,2018,10,1,1447,1447.0,0,0,790178
171687,2018,10,1,1537,1537.0,0,0,804521
171696,2018,11,1,1208,1208.0,458,82,922926
171723,2018,10,1,2348,2348.0,0,0,820344
171787,2018,10,1,711,711.0,0,0,846291
171797,2018,10,1,1789,1789.0,0,0,849569
171801,2018,4,1,2019,2019.0,598,108,578811
171802,2018,10,1,1418,1418.0,0,0,851421
171804,2018,10,1,1147,1147.0,0,0,851836
171830,2018,10,1,555,555.0,0,0,863259
171831,2018,10,1,900,900.0,0,0,863432
171849,2018,10,1,1106,1106.0,0,0,872335
171875,2018,10,1,1040,1040.0,0,0,882718
171876,2018,10,1,1846,1846.0,0,0,883025
171899,2018,10,1,2496,2496.0,0,0,893863
171941,2018,10,1,2322,2322.0,0,0,917610
171942,2018,10,1,1562,1562.0,0,0,917630
171950,2018,10,1,600,600.0,0,0,921278
171953,2018,10,1,1618,1618.0,0,0,923959
171962,2018,10,1,579,579.0,0,0,925385
171968,2017,4,1,517,517.0,457,82,420515
171972,2018,10,1,1898,1898.0,0,0,929728
171986,2018,10,1,1988,1988.0,0,0,937645
171989,2018,10,1,2378,2378.0,0,0,939485
172014,2018,10,1,2029,2029.0,0,0,950593
172027,2018,10,1,2125,2125.0,0,0,959453
172074,2018,10,1,2046,2046.0,0,0,974829
172101,2018,10,1,1963,1963.0,0,0,986421
172111,2018,10,1,1604,1604.0,0,0,991568
172114,2018,10,1,2322,2322.0,0,0,994377
172121,2018,10,1,640,640.0,0,0,999631
172143,2018,3,1,1154,1154.0,368,66,115633
172148,2018,11,1,504,504.0,0,0,107571
172159,2018,11,1,609,609.0,0,0,114219
172177,2018,11,1,1928,1928.0,0,0,120583
172182,2018,11,1,1406,1406.0,0,0,121856
172203,2018,11,1,2127,2127.0,0,0,130368
172205,2018,11,1,2221,2221.0,0,0,131047
172209,2018,11,1,1821,1821.0,0,0,131560
172256,2018,11,1,1171,1171.0,0,0,155118
172279,2018,11,1,2304,2304.0,0,0,163608
172282,2018,11,1,1258,1258.0,0,0,164973
172289,2018,11,1,2027,2027.0,0,0,166037
172297,2018,11,1,1911,1911.0,0,0,169247
172302,2018,11,1,1414,1414.0,0,0,170585
172338,2018,11,1,1941,1941.0,0,0,187618
172339,2018,11,1,1397,1397.0,0,0,187838
172348,2018,2,1,2064,2064.0,301,54,459948
172349,2018,11,1,2453,2453.0,0,0,193775
172379,2018,11,1,1919,1919.0,0,0,204484
172390,2018,11,1,2223,2223.0,0,0,207576
172393,2017,2,1,2134,2134.0,510,92,742281
172442,2018,11,1,1473,1473.0,0,0,225363
172445,2018,11,1,1990,1990.0,0,0,225746
172448,2018,11,1,562,562.0,0,0,227804
172451,2018,11,1,505,505.0,0,0,228673
172474,2017,12,1,1231,1231.0,659,119,345615
172487,2018,11,1,2422,2422.0,0,0,246187
172493,2018,11,1,2317,2317.0,0,0,247471
172495,2018,11,1,2363,2363.0,0,0,248593
172512,2017,5,1,636,636.0,483,87,888357
172550,2018,11,1,1647,1647.0,0,0,265557
172558,2018,11,1,1467,1467.0,0,0,268129
172559,2018,11,1,1288,1288.0,0,0,268414
172563,2018,11,1,2147,2147.0,0,0,269565
172575,2018,11,1,1772,1772.0,0,0,274141
172582,2018,11,1,1412,1412.0,0,0,277091
172600,2018,11,1,1123,1123.0,0,0,280828
172608,2018,11,1,510,510.0,0,0,283770
172667,2018,11,1,703,703.0,0,0,308891
172692,2018,11,1,1913,1913.0,0,0,318654
172699,2018,11,1,2164,2164.0,0,0,320414
172726,2018,11,1,1735,1735.0,0,0,329215
172753,2018,11,1,1479,1479.0,0,0,337983
172767,2018,11,1,2495,2495.0,0,0,342407
172782,2018,11,1,805,805.0,0,0,345908
172904,2018,11,1,911,911.0,0,0,387523
172905,2018,4,1,1067,1067.0,531,96,590514
172911,2018,11,1,1133,1133.0,0,0,390546
172915,2018,11,1,1105,1105.0,0,0,392619
172916,2018,11,1,997,997.0,0,0,392802
172933,2018,11,1,2393,2393.0,0,0,397817
172952,2018,11,1,1144,1144.0,0,0,407411
172954,2018,11,1,2233,2233.0,0,0,408134
172969,2018,11,1,2452,2452.0,0,0,412402
172989,2018,11,1,1005,1005.0,0,0,419661
173031,2018,11,1,1041,1041.0,0,0,431201
173053,2018,11,1,1923,1923.0,0,0,442014
173064,2018,11,1,714,714.0,0,0,448273
173085,2018,11,1,1400,1400.0,0,0,458614
173089,2018,11,1,1661,1661.0,0,0,459948
173137,2018,11,1,1805,1805.0,0,0,480909
173152,2018,11,1,1888,1888.0,0,0,485933
173156,2018,11,1,2412,2412.0,0,0,487027
173161,2018,11,1,1288,1288.0,0,0,488303
173165,2018,11,1,1680,1680.0,0,0,489628
173166,2018,11,1,1271,1271.0,0,0,489842
173170,2018,11,1,1711,1711.0,0,0,491253
173193,2018,11,1,1292,1292.0,0,0,499128
173207,2018,11,1,2142,2142.0,0,0,502946
173213,2018,11,1,1447,1447.0,0,0,504860
173232,2018,11,1,2406,2406.0,0,0,511472
173262,2018,11,1,758,758.0,0,0,518236
173269,2018,11,1,875,875.0,0,0,523246
173272,2018,11,1,2093,2093.0,0,0,525548
173291,2018,11,1,821,821.0,0,0,535482
173292,2018,11,1,2184,2184.0,0,0,535944
173328,2018,11,1,1331,1331.0,0,0,550262
173339,2017,1,1,2065,2065.0,550,99,587378
173377,2018,11,1,787,787.0,0,0,564813
173385,2018,11,1,1180,1180.0,0,0,567219
173391,2018,11,1,1775,1775.0,0,0,568880
173400,2018,11,1,1600,1600.0,0,0,573830
173416,2018,11,1,1862,1862.0,0,0,579015
173418,2018,11,1,2305,2305.0,0,0,579424
173429,2018,11,1,542,542.0,0,0,582690
173439,2018,11,1,858,858.0,0,0,585978
173444,2018,11,1,796,796.0,0,0,590989
173450,2018,11,1,2291,2291.0,0,0,593252
173460,2018,11,1,1291,1291.0,0,0,597897
173473,2018,11,1,2161,2161.0,0,0,602694
173477,2018,11,1,1516,1516.0,0,0,603775
173492,2018,11,1,1701,1701.0,0,0,607662
173498,2018,11,1,562,562.0,0,0,609072
173519,2018,11,1,1659,1659.0,0,0,617099
173522,2018,11,1,1731,1731.0,0,0,617960
173544,2018,11,1,676,676.0,0,0,625451
173550,2018,11,1,1802,1802.0,0,0,627489
173637,2018,11,1,1160,1160.0,0,0,660197
173641,2018,11,1,2497,2497.0,0,0,661054
173643,2017,1,1,1378,1378.0,432,78,467945
173644,2018,11,1,1496,1496.0,0,0,662164
173656,2018,11,1,733,733.0,0,0,665024
173676,2018,11,1,2300,2300.0,0,0,671803
173751,2018,11,1,1785,1785.0,0,0,695878
173771,2018,11,1,2372,2372.0,0,0,702542
173779,2018,11,1,1375,1375.0,0,0,704149
173781,2018,11,1,2368,2368.0,0,0,704270
173785,2017,5,1,2162,2162.0,376,68,982296
173798,2018,11,1,775,775.0,0,0,708258
173815,2017,1,1,763,763.0,493,89,565171
173911,2018,11,1,691,691.0,0,0,744567
173916,2018,11,1,1213,1213.0,0,0,745920
173930,2018,11,1,1859,1859.0,0,0,750710
173941,2018,11,1,535,535.0,0,0,754539
173947,2018,11,1,1033,1033.0,0,0,756867
173973,2018,11,1,1612,1612.0,0,0,768072
173976,2018,11,1,1703,1703.0,0,0,769623
174072,2018,11,1,516,516.0,0,0,810581
174090,2018,11,1,704,704.0,0,0,817456
174099,2018,11,1,632,632.0,0,0,819809
174110,2018,11,1,1699,1699.0,0,0,822765
174111,2018,11,1,1007,1007.0,0,0,822956
174132,2018,11,1,1088,1088.0,0,0,830811
174168,2018,11,1,1224,1224.0,0,0,842279
174170,2018,11,1,2357,2357.0,0,0,842390
174206,2018,11,1,2357,2357.0,356,64,244721
174211,2018,11,1,803,803.0,0,0,860684
174291,2018,11,1,2238,2238.0,0,0,894620
174297,2018,11,1,1972,1972.0,0,0,896651
174322,2018,11,1,1330,1330.0,0,0,905478
174423,2018,11,1,1389,1389.0,0,0,944506
174426,2018,11,1,1140,1140.0,0,0,946001
174427,2018,11,1,703,703.0,0,0,946258
174430,2018,11,1,1336,1336.0,0,0,947876
174436,2018,11,1,1801,1801.0,0,0,950336
174462,2018,11,1,2420,2420.0,0,0,957764
174481,2018,11,1,1180,1180.0,0,0,965079
174483,2018,11,1,1526,1526.0,0,0,965751
174485,2018,11,1,2438,2438.0,0,0,966204
174490,2018,11,1,2102,2102.0,0,0,968034
174501,2018,11,1,1199,1199.0,0,0,970746
174503,2018,11,1,1486,1486.0,0,0,971107
174533,2018,11,1,1100,1100.0,0,0,981536
174543,2018,11,1,1694,1694.0,488,88,107212
174577,2018,11,1,1702,1702.0,0,0,997189
174583,2018,11,1,1067,1067.0,0,0,999631
174606,2018,12,1,835,835.0,0,0,109495
174618,2018,12,1,927,927.0,0,0,115633
174631,2018,12,1,800,800.0,0,0,122545
174637,2018,12,1,1925,1925.0,0,0,127785
174658,2018,12,1,2073,2073.0,0,0,135312
174747,2018,12,1,1592,1592.0,0,0,170585
174789,2018,12,1,1963,1963.0,0,0,193037
174794,2018,12,1,1955,1955.0,0,0,196442
174818,2018,12,1,1895,1895.0,0,0,208553
174822,2018,12,1,2143,2143.0,0,0,209675
174823,2018,12,1,1177,1177.0,0,0,210498
174837,2018,12,1,1937,1937.0,0,0,215508
174840,2018,4,1,1684,1684.0,549,99,616746
174874,2018,12,1,1108,1108.0,0,0,236593
174877,2018,12,1,1045,1045.0,0,0,237434
174890,2018,12,1,965,965.0,0,0,244308
174932,2018,12,1,1809,1809.0,0,0,267291
174936,2018,12,1,2454,2454.0,0,0,268129
174955,2018,12,1,714,714.0,0,0,276255
174956,2018,12,1,2186,2186.0,0,0,276650
174960,2017,4,1,2224,2224.0,582,105,923959
174969,2018,12,1,881,881.0,0,0,281979
175031,2018,12,1,2339,2339.0,0,0,310965
175057,2018,8,1,851,851.0,783,141,128032
175068,2018,12,1,1665,1665.0,0,0,325367
175076,2018,12,1,579,579.0,0,0,327972
175089,2018,12,1,1483,1483.0,0,0,331598
175131,2018,2,1,1727,1727.0,465,84,331598
175133,2018,12,1,1839,1839.0,0,0,352490
175137,2018,10,1,1808,1808.0,351,63,881198
175184,2018,12,1,612,612.0,0,0,379238
175209,2018,12,1,2239,2239.0,0,0,390480
175214,2018,12,1,2305,2305.0,0,0,392619
175216,2018,12,1,1101,1101.0,0,0,392802
175239,2018,12,1,818,818.0,0,0,404426
175273,2018,12,1,759,759.0,0,0,420394
175301,2017,5,1,920,920.0,615,111,979449
175305,2018,12,1,866,866.0,0,0,434620
175315,2017,7,1,1088,1088.0,532,96,979449
175331,2018,12,1,1136,1136.0,0,0,444365
175335,2018,12,1,1398,1398.0,0,0,444894
175361,2018,4,1,1294,1294.0,506,91,599372
175421,2018,12,1,1969,1969.0,0,0,478050
175423,2018,12,1,1735,1735.0,0,0,478666
175429,2018,12,1,2453,2453.0,0,0,481293
175434,2018,12,1,1960,1960.0,0,0,485795
175448,2018,12,1,1872,1872.0,0,0,492367
175451,2018,12,1,866,866.0,0,0,494515
175461,2018,12,1,2447,2447.0,0,0,499128
175464,2018,6,1,1207,1207.0,746,134,621940
175475,2018,12,1,511,511.0,0,0,504260
175476,2018,12,1,2491,2491.0,0,0,504311
175479,2018,12,1,926,926.0,0,0,505522
175510,2018,12,1,1899,1899.0,0,0,518236
175530,2018,12,1,1979,1979.0,0,0,528693
175545,2018,12,1,739,739.0,0,0,535944
175564,2018,12,1,1620,1620.0,0,0,544690
175582,2018,12,1,749,749.0,0,0,552328
175605,2018,12,1,1605,1605.0,0,0,565452
175665,2018,12,1,1536,1536.0,0,0,587800
175722,2018,12,1,2451,2451.0,0,0,615214
175748,2018,12,1,771,771.0,0,0,625123
175819,2018,12,1,2157,2157.0,0,0,652816
175826,2018,12,1,549,549.0,0,0,656572
175830,2018,12,1,1805,1805.0,0,0,660436
175832,2018,12,1,1572,1572.0,0,0,661744
175837,2018,12,1,675,675.0,0,0,665024
175844,2018,12,1,767,767.0,0,0,668959
175850,2018,12,1,2347,2347.0,0,0,672391
175858,2018,12,1,1273,1273.0,0,0,679414
175871,2018,12,1,2270,2270.0,0,0,687463
175896,2018,12,1,972,972.0,0,0,702284
175920,2018,12,1,648,648.0,0,0,713085
175939,2018,12,1,866,866.0,0,0,723591
175953,2018,12,1,1753,1753.0,0,0,731510
175992,2018,12,1,1282,1282.0,0,0,744228
175995,2018,12,1,1550,1550.0,0,0,746536
176015,2017,7,1,2418,2418.0,584,105,627489
176040,2018,12,1,1647,1647.0,0,0,769623
176109,2018,12,1,639,639.0,586,105,417904
176116,2018,12,1,797,797.0,0,0,801821
176119,2018,12,1,1986,1986.0,0,0,803084
176143,2018,12,1,2177,2177.0,0,0,817851
176156,2018,12,1,1843,1843.0,0,0,825484
176203,2018,12,1,1559,1559.0,0,0,846291
176239,2018,12,1,2123,2123.0,0,0,860684
176244,2018,12,1,1089,1089.0,0,0,863259
176267,2018,12,1,2008,2008.0,0,0,873886
176285,2018,12,1,1343,1343.0,0,0,881198
176315,2018,9,1,2243,2243.0,586,105,494515
176326,2018,12,1,1792,1792.0,0,0,896651
176331,2018,11,1,2428,2428.0,471,85,717459
176340,2018,12,1,1503,1503.0,0,0,903209
176341,2018,12,1,1357,1357.0,0,0,903797
176342,2018,12,1,717,717.0,0,0,904304
176347,2018,12,1,617,617.0,0,0,906178
176373,2018,4,1,2077,2077.0,430,77,247471
176395,2018,12,1,2436,2436.0,0,0,925385
176470,2018,12,1,1217,1217.0,0,0,950593
176474,2018,12,1,2315,2315.0,0,0,952955
176490,2018,12,1,1036,1036.0,0,0,957764
176500,2018,12,1,1704,1704.0,0,0,959728
176516,2018,12,1,1327,1327.0,0,0,968034
176529,2018,12,1,2221,2221.0,0,0,973609
176530,2018,12,1,974,974.0,0,0,973728
176540,2018,12,1,2379,2379.0,0,0,978712
176725,2018,9,6,12468,18702.0,0,0,352809
176726,2018,10,6,3000,4500.0,0,0,352809
176727,2018,2,2,2410,3615.0,0,0,352809
176728,2018,3,1,1891,2836.5,0,0,352809
176729,2018,4,0,0,0.0,0,0,352809
176730,2018,5,0,0,0.0,0,0,352809
176731,2018,6,0,0,0.0,0,0,352809
176732,2018,7,0,0,0.0,0,0,352809
176733,2018,8,0,0,0.0,0,0,352809
176734,2018,11,0,0,0.0,0,0,352809
176735,2018,12,0,0,0.0,0,0,352809
176758,2018,6,12,23748,35622.0,0,0,356237
176759,2018,7,8,9192,13788.0,0,0,356237
176760,2018,4,3,4635,6952.5,0,0,356237
176761,2018,2,3,6816,10224.0,0,0,356237
176762,2018,3,3,4218,6327.0,0,0,356237
176763,2018,10,2,2906,4359.0,0,0,356237
176764,2018,5,0,0,0.0,0,0,356237
176765,2018,8,0,0,0.0,0,0,356237
176766,2018,9,0,0,0.0,0,0,356237
176767,2018,11,0,0,0.0,0,0,356237
176768,2018,12,0,0,0.0,0,0,356237
176989,2018,7,16,9008,13512.0,0,0,366977
176990,2018,6,12,18564,27846.0,0,0,366977
176991,2018,12,6,4872,7308.0,0,0,366977
176992,2018,8,4,5296,7944.0,0,0,366977
176993,2018,9,2,2628,3942.0,0,0,366977
176994,2018,11,2,3252,4878.0,0,0,366977
176995,2018,2,0,0,0.0,0,0,366977
176996,2018,3,0,0,0.0,0,0,366977
176997,2018,4,0,0,0.0,0,0,366977
176998,2018,5,0,0,0.0,0,0,366977
176999,2018,10,0,0,0.0,0,0,366977
177031,2017,1,0,0,0.0,0,0,101540
177089,2017,1,0,0,0.0,0,0,106689
177090,2017,1,0,0,0.0,0,0,106776
177102,2017,1,0,0,0.0,0,0,107487
177104,2017,1,0,0,0.0,0,0,107571
177115,2017,1,0,0,0.0,0,0,109495
177150,2017,1,0,0,0.0,0,0,112842
177171,2017,1,0,0,0.0,0,0,114219
177183,2017,1,0,0,0.0,0,0,115198
177185,2017,1,0,0,0.0,0,0,115633
177232,2017,1,0,0,0.0,0,0,120613
177236,2017,1,0,0,0.0,0,0,121183
177240,2017,1,0,0,0.0,0,0,121856
177252,2017,1,0,0,0.0,0,0,122545
177262,2017,1,0,0,0.0,0,0,123538
177307,2017,1,0,0,0.0,0,0,127882
177310,2017,1,0,0,0.0,0,0,128032
177335,2017,1,0,0,0.0,0,0,130208
177340,2017,1,0,0,0.0,0,0,130368
177350,2017,1,0,0,0.0,0,0,131560
177381,2017,1,0,0,0.0,0,0,134273
177389,2017,1,0,0,0.0,0,0,135421
177390,2017,1,0,0,0.0,0,0,135421
177420,2017,1,0,0,0.0,0,0,137850
177431,2017,1,0,0,0.0,0,0,138565
177436,2017,1,0,0,0.0,0,0,138810
177448,2017,1,0,0,0.0,0,0,139600
177451,2017,1,0,0,0.0,0,0,139974
177513,2017,1,0,0,0.0,0,0,146037
177523,2017,1,0,0,0.0,0,0,147700
177544,2017,1,0,0,0.0,0,0,149884
177545,2017,1,0,0,0.0,0,0,149912
177585,2017,1,0,0,0.0,0,0,153600
177586,2017,1,0,0,0.0,0,0,153626
177626,2017,1,0,0,0.0,0,0,157566
177644,2017,1,0,0,0.0,0,0,159359
177696,2017,1,0,0,0.0,0,0,164034
177708,2017,1,0,0,0.0,0,0,164973
177714,2017,1,0,0,0.0,0,0,165443
177718,2017,1,0,0,0.0,0,0,166037
177733,2017,1,0,0,0.0,0,0,167465
177740,2017,1,0,0,0.0,0,0,168302
177749,2017,1,0,0,0.0,0,0,169247
177786,2017,1,0,0,0.0,0,0,172162
177825,2017,1,0,0,0.0,0,0,175249
177849,2017,1,0,0,0.0,0,0,177677
177870,2017,1,0,0,0.0,0,0,180024
177873,2017,1,0,0,0.0,0,0,180219
177898,2017,1,0,0,0.0,0,0,183025
177915,2017,1,0,0,0.0,0,0,184478
177921,2017,1,0,0,0.0,0,0,184924
177924,2017,1,0,0,0.0,0,0,185285
177930,2017,1,0,0,0.0,0,0,185774
177952,2017,1,0,0,0.0,0,0,187618
177955,2017,1,0,0,0.0,0,0,187838
177998,2017,1,0,0,0.0,0,0,191917
178005,2017,1,0,0,0.0,0,0,192651
178007,2017,1,0,0,0.0,0,0,192772
178008,2017,1,0,0,0.0,0,0,193037
178014,2017,1,0,0,0.0,0,0,193665
178015,2017,1,0,0,0.0,0,0,193775
178053,2017,1,0,0,0.0,0,0,197086
178065,2017,1,0,0,0.0,0,0,198407
178077,2017,1,0,0,0.0,0,0,199493
178093,2017,1,0,0,0.0,0,0,201276
178102,2017,1,0,0,0.0,0,0,201683
178114,2017,1,0,0,0.0,0,0,202358
178144,2017,1,0,0,0.0,0,0,204343
178156,2017,1,0,0,0.0,0,0,205195
178177,2017,1,0,0,0.0,0,0,207110
178190,2017,1,0,0,0.0,0,0,208586
178202,2017,1,0,0,0.0,0,0,209675
178219,2017,1,0,0,0.0,0,0,210755
178238,2017,1,0,0,0.0,0,0,212477
178271,2017,1,0,0,0.0,0,0,215508
178293,2017,1,0,0,0.0,0,0,216937
178309,2017,1,0,0,0.0,0,0,218917
178337,2017,1,0,0,0.0,0,0,221627
178339,2017,1,0,0,0.0,0,0,221993
178347,2017,1,0,0,0.0,0,0,223081
178376,2017,1,0,0,0.0,0,0,225746
178399,2017,1,0,0,0.0,0,0,227804
178405,2017,1,0,0,0.0,0,0,228673
178413,2017,1,0,0,0.0,0,0,229436
178437,2017,1,0,0,0.0,0,0,232290
178453,2017,1,0,0,0.0,0,0,233969
178482,2017,1,0,0,0.0,0,0,236037
178490,2017,1,0,0,0.0,0,0,237319
178495,2017,1,0,0,0.0,0,0,238063
178508,2017,1,0,0,0.0,307,55,528331
178533,2017,9,0,0,0.0,350,63,130368
178539,2017,1,0,0,0.0,0,0,242719
178541,2017,1,0,0,0.0,0,0,242839
178544,2017,1,0,0,0.0,0,0,243061
178547,2017,1,0,0,0.0,0,0,243273
178564,2017,1,0,0,0.0,0,0,244721
178593,2017,1,0,0,0.0,0,0,247645
178604,2017,1,0,0,0.0,0,0,248593
178676,2017,1,0,0,0.0,0,0,254860
178702,2017,1,0,0,0.0,0,0,256486
178712,2017,1,0,0,0.0,0,0,257417
178716,2017,1,0,0,0.0,0,0,257509
178798,2017,1,0,0,0.0,0,0,265297
178801,2017,1,0,0,0.0,0,0,265557
178808,2017,1,0,0,0.0,0,0,266148
178821,2017,1,0,0,0.0,0,0,267291
178828,2017,1,0,0,0.0,0,0,268129
178839,2017,1,0,0,0.0,0,0,269565
178849,2017,1,0,0,0.0,0,0,270730
178861,2017,1,0,0,0.0,0,0,271675
178897,2017,1,0,0,0.0,0,0,274879
178910,2017,1,0,0,0.0,0,0,276035
178913,2017,1,0,0,0.0,0,0,276255
178914,2017,1,0,0,0.0,0,0,276289
178923,2017,1,0,0,0.0,0,0,277091
178942,2017,1,0,0,0.0,0,0,278059
178960,2017,1,0,0,0.0,0,0,279231
178988,2017,1,0,0,0.0,0,0,281979
178991,2017,1,0,0,0.0,0,0,282259
179006,2017,1,0,0,0.0,0,0,283770
179009,2017,1,0,0,0.0,0,0,283980
179015,2017,1,0,0,0.0,0,0,284610
179051,2017,1,0,0,0.0,0,0,287266
179134,2017,1,0,0,0.0,0,0,295302
179158,2017,1,0,0,0.0,0,0,297427
179199,2017,1,0,0,0.0,0,0,300376
179247,2017,1,0,0,0.0,0,0,108896
179249,2017,2,0,0,0.0,0,0,108896
179252,2017,1,0,0,0.0,0,0,304870
179258,2017,3,0,0,0.0,0,0,108896
179262,2017,4,0,0,0.0,0,0,108896
179272,2017,5,0,0,0.0,0,0,108896
179277,2017,6,0,0,0.0,0,0,108896
179278,2017,1,0,0,0.0,0,0,307159
179283,2017,9,0,0,0.0,0,0,108896
179295,2017,10,0,0,0.0,0,0,108896
179297,2017,1,0,0,0.0,0,0,308891
179302,2017,1,0,0,0.0,0,0,309364
179320,2017,1,0,0,0.0,0,0,311946
179337,2018,1,0,0,0.0,0,0,108896
179338,2018,2,0,0,0.0,0,0,108896
179340,2018,3,0,0,0.0,0,0,108896
179348,2017,1,0,0,0.0,0,0,314558
179363,2018,4,0,0,0.0,0,0,108896
179369,2017,1,0,0,0.0,0,0,316793
179384,2017,1,0,0,0.0,0,0,318264
179399,2018,5,0,0,0.0,0,0,108896
179400,2018,6,0,0,0.0,0,0,108896
179409,2018,7,0,0,0.0,0,0,108896
179412,2017,1,0,0,0.0,0,0,319868
179419,2017,1,0,0,0.0,0,0,320414
179425,2017,1,0,0,0.0,0,0,321027
179452,2018,8,0,0,0.0,0,0,108896
179479,2018,9,0,0,0.0,0,0,108896
179498,2018,10,0,0,0.0,0,0,108896
179500,2017,1,0,0,0.0,0,0,327972
179501,2018,11,0,0,0.0,0,0,108896
179506,2017,1,0,0,0.0,0,0,328349
179516,2017,1,0,0,0.0,0,0,329215
179531,2017,1,0,0,0.0,0,0,330464
179540,2017,1,0,0,0.0,0,0,331325
179541,2017,1,0,0,0.0,0,0,331598
179542,2018,12,0,0,0.0,0,0,108896
179578,2017,1,0,0,0.0,0,0,336037
179601,2017,1,0,0,0.0,0,0,337983
179603,2017,1,0,0,0.0,0,0,338285
179617,2017,1,0,0,0.0,0,0,339845
179683,2017,1,0,0,0.0,0,0,345615
179687,2017,1,0,0,0.0,0,0,345908
179730,2017,1,0,0,0.0,0,0,348718
179838,2017,1,0,0,0.0,0,0,358039
179843,2017,1,0,0,0.0,0,0,358586
179864,2017,1,0,0,0.0,0,0,360902
179904,2017,1,0,0,0.0,0,0,365451
179906,2017,1,0,0,0.0,0,0,365557
179975,2017,1,0,0,0.0,0,0,371368
180026,2017,1,0,0,0.0,0,0,375162
180072,2017,1,0,0,0.0,0,0,379238
180125,2017,1,0,0,0.0,0,0,384328
180139,2017,1,0,0,0.0,0,0,385593
180154,2017,1,0,0,0.0,0,0,387523
180182,2017,1,0,0,0.0,0,0,390480
180183,2017,1,0,0,0.0,0,0,390546
180198,2017,1,0,0,0.0,0,0,391611
180210,2017,1,0,0,0.0,0,0,392619
180304,2017,1,0,0,0.0,0,0,402052
180315,2017,1,0,0,0.0,0,0,403052
180323,2017,1,0,0,0.0,0,0,403529
180324,2017,1,0,0,0.0,0,0,403529
180366,2017,1,0,0,0.0,0,0,408134
180370,2017,1,0,0,0.0,0,0,408347
180376,2017,1,0,0,0.0,0,0,408838
180389,2017,4,0,0,0.0,363,65,644786
180419,2017,1,0,0,0.0,0,0,411715
180434,2017,1,0,0,0.0,0,0,412995
180446,2017,1,0,0,0.0,0,0,414164
180462,2017,1,0,0,0.0,0,0,415402
180482,2017,1,0,0,0.0,0,0,417904
180501,2017,1,0,0,0.0,0,0,419661
180508,2017,1,0,0,0.0,0,0,420202
180511,2017,1,0,0,0.0,0,0,420394
180516,2017,1,0,0,0.0,0,0,420515
180521,2017,1,0,0,0.0,0,0,421001
180534,2017,1,0,0,0.0,0,0,422349
180551,2017,1,0,0,0.0,0,0,424027
180564,2017,1,0,0,0.0,0,0,425445
180574,2017,1,0,0,0.0,0,0,426124
180575,2017,1,0,0,0.0,0,0,426141
180576,2017,1,0,0,0.0,0,0,426185
180611,2017,1,0,0,0.0,0,0,428826
180635,2017,1,0,0,0.0,0,0,431187
180636,2017,1,0,0,0.0,0,0,431201
180677,2017,1,0,0,0.0,0,0,434620
180700,2017,1,0,0,0.0,0,0,436318
180718,2017,1,0,0,0.0,0,0,438199
180719,2017,1,0,0,0.0,0,0,438263
180725,2017,1,0,0,0.0,0,0,438641
180742,2017,1,0,0,0.0,0,0,440928
180767,2017,1,0,0,0.0,0,0,442695
180780,2017,1,0,0,0.0,0,0,443970
180790,2017,1,0,0,0.0,0,0,444894
180793,2017,1,0,0,0.0,0,0,445073
180802,2017,1,0,0,0.0,0,0,445427
180820,2017,1,0,0,0.0,0,0,446991
180831,2017,1,0,0,0.0,0,0,448142
180833,2017,1,0,0,0.0,0,0,448273
180838,2017,1,0,0,0.0,0,0,448896
180872,2017,1,0,0,0.0,0,0,453448
180878,2017,1,0,0,0.0,0,0,453971
180887,2017,1,0,0,0.0,0,0,454440
180944,2017,1,0,0,0.0,0,0,459948
180977,2017,1,0,0,0.0,0,0,462459
180979,2017,1,0,0,0.0,0,0,462497
181007,2017,1,0,0,0.0,0,0,464471
181020,2017,1,0,0,0.0,0,0,465476
181032,2017,1,0,0,0.0,0,0,466384
181038,2017,1,0,0,0.0,0,0,466865
181039,2017,1,0,0,0.0,0,0,466953
181043,2017,1,0,0,0.0,0,0,467139
181097,2017,1,0,0,0.0,0,0,471858
181105,2017,1,0,0,0.0,0,0,472532
181149,2017,1,0,0,0.0,0,0,476273
181151,2017,1,0,0,0.0,0,0,476371
181161,2017,1,0,0,0.0,0,0,478107
181167,2017,1,0,0,0.0,0,0,478666
181190,2017,1,0,0,0.0,0,0,481293
181205,2017,1,0,0,0.0,0,0,482424
181252,2017,1,0,0,0.0,0,0,485705
181256,2017,1,0,0,0.0,0,0,486112
181267,2017,1,0,0,0.0,0,0,487027
181273,2017,1,0,0,0.0,0,0,487605
181284,2017,1,0,0,0.0,0,0,488303
181285,2017,1,0,0,0.0,0,0,488346
181301,2017,1,0,0,0.0,0,0,489628
181303,2017,1,0,0,0.0,0,0,489842
181317,2017,1,0,0,0.0,0,0,491253
181329,2017,1,0,0,0.0,0,0,492367
181350,2017,1,0,0,0.0,0,0,494515
181355,2017,1,0,0,0.0,0,0,495253
181395,2017,1,0,0,0.0,0,0,498149
181406,2017,1,0,0,0.0,0,0,499128
181416,2017,1,0,0,0.0,0,0,499945
181439,2017,1,0,0,0.0,0,0,502012
181448,2017,1,0,0,0.0,0,0,502946
181465,2017,1,0,0,0.0,0,0,504260
181478,2017,1,0,0,0.0,0,0,505522
181484,2017,1,0,0,0.0,0,0,506170
181494,2017,1,0,0,0.0,0,0,507005
181501,2017,1,0,0,0.0,0,0,508080
181502,2017,1,0,0,0.0,0,0,508115
181533,2017,1,0,0,0.0,0,0,511342
181540,2017,1,0,0,0.0,0,0,511765
181591,2017,1,0,0,0.0,0,0,515969
181592,2017,1,0,0,0.0,0,0,515981
181617,2017,1,0,0,0.0,0,0,518236
181629,2017,1,0,0,0.0,0,0,519726
181663,2017,1,0,0,0.0,0,0,523246
181709,2017,1,0,0,0.0,0,0,528074
181712,2017,1,0,0,0.0,0,0,528363
181740,2017,1,0,0,0.0,0,0,530508
181830,2017,1,0,0,0.0,0,0,538308
181860,2017,1,0,0,0.0,0,0,540836
181890,2017,1,0,0,0.0,0,0,543599
181898,2017,1,0,0,0.0,0,0,544690
181926,2017,1,0,0,0.0,0,0,547217
181961,2017,1,0,0,0.0,0,0,549982
181964,2017,1,0,0,0.0,0,0,550262
181969,2017,1,0,0,0.0,0,0,550769
182007,2017,1,0,0,0.0,0,0,553936
182055,2017,1,0,0,0.0,0,0,558097
182069,2017,1,0,0,0.0,0,0,559388
182102,2017,1,0,0,0.0,0,0,562501
182120,2017,1,0,0,0.0,0,0,564813
182126,2017,1,0,0,0.0,0,0,565008
182129,2017,1,0,0,0.0,0,0,565074
182132,2017,1,0,0,0.0,0,0,565452
182139,2017,1,0,0,0.0,0,0,565991
182156,2017,1,0,0,0.0,0,0,567219
182177,2017,1,0,0,0.0,0,0,568880
182200,2017,1,0,0,0.0,0,0,571169
182212,2017,1,0,0,0.0,0,0,572062
182237,2017,1,0,0,0.0,0,0,573830
182299,2017,1,0,0,0.0,0,0,579015
182305,2017,1,0,0,0.0,0,0,579424
182307,2017,1,0,0,0.0,0,0,579581
182336,2017,1,0,0,0.0,0,0,581999
182364,2017,1,0,0,0.0,0,0,583718
182392,2017,3,0,0,0.0,366,66,402964
182398,2017,1,0,0,0.0,0,0,585978
182417,2017,1,0,0,0.0,0,0,587800
182441,2017,1,0,0,0.0,0,0,590514
182448,2017,1,0,0,0.0,0,0,590989
182457,2017,1,0,0,0.0,0,0,591641
182472,2017,1,0,0,0.0,0,0,593252
182473,2017,1,0,0,0.0,0,0,593252
182488,2017,1,0,0,0.0,0,0,595083
182500,2017,1,0,0,0.0,0,0,596173
182503,2017,1,0,0,0.0,0,0,596390
182515,2017,1,0,0,0.0,0,0,597897
182529,2017,1,0,0,0.0,0,0,599372
182550,2017,1,0,0,0.0,0,0,600923
182576,2017,1,0,0,0.0,0,0,602694
182591,2017,1,0,0,0.0,0,0,604039
182614,2017,1,0,0,0.0,0,0,605761
182656,2017,1,0,0,0.0,0,0,609072
182695,2017,1,0,0,0.0,0,0,612510
182725,2017,1,0,0,0.0,0,0,614810
182730,2017,1,0,0,0.0,0,0,615214
182752,2017,1,0,0,0.0,0,0,616611
182755,2017,1,0,0,0.0,0,0,616746
182762,2017,1,0,0,0.0,0,0,617296
182779,2017,1,0,0,0.0,0,0,618824
182805,2017,1,0,0,0.0,0,0,621940
182816,2017,1,0,0,0.0,0,0,622801
182827,2017,1,0,0,0.0,0,0,623341
182831,2017,1,0,0,0.0,0,0,623861
182856,2017,1,0,0,0.0,0,0,626217
182867,2017,1,0,0,0.0,0,0,627244
182870,2017,1,0,0,0.0,0,0,627502
182878,2017,1,0,0,0.0,0,0,628452
182888,2017,1,0,0,0.0,0,0,629966
182926,2017,1,0,0,0.0,0,0,633490
182950,2017,1,0,0,0.0,0,0,635509
182987,2017,1,0,0,0.0,0,0,638495
183034,2017,1,0,0,0.0,0,0,642031
183036,2017,1,0,0,0.0,0,0,642247
183039,2017,1,0,0,0.0,0,0,642409
183058,2017,1,0,0,0.0,0,0,644786
183064,2017,1,0,0,0.0,0,0,645081
183122,2017,1,0,0,0.0,0,0,650621
183134,2018,6,0,0,0.0,434,78,714379
183172,2017,1,0,0,0.0,0,0,653890
183202,2017,1,0,0,0.0,0,0,656572
183232,2017,1,0,0,0.0,0,0,660197
183235,2017,1,0,0,0.0,0,0,660436
183245,2017,1,0,0,0.0,0,0,661411
183252,2017,1,0,0,0.0,0,0,661744
183253,2017,1,0,0,0.0,0,0,662164
183256,2017,1,0,0,0.0,0,0,662380
183269,2017,1,0,0,0.0,0,0,663641
183275,2017,1,0,0,0.0,0,0,664008
183285,2017,1,0,0,0.0,0,0,665024
183336,2017,1,0,0,0.0,0,0,668959
183357,2017,1,0,0,0.0,0,0,671849
183358,2017,1,0,0,0.0,0,0,671906
183364,2017,1,0,0,0.0,0,0,672308
183366,2017,1,0,0,0.0,0,0,672391
183448,2017,1,0,0,0.0,0,0,679414
183502,2017,1,0,0,0.0,0,0,684155
183593,2017,1,0,0,0.0,0,0,693295
183596,2017,1,0,0,0.0,0,0,693494
183617,2017,1,0,0,0.0,0,0,695428
183624,2017,1,0,0,0.0,0,0,696096
183674,2017,1,0,0,0.0,0,0,701216
183676,2017,1,0,0,0.0,0,0,701732
183680,2017,1,0,0,0.0,0,0,702147
183685,2017,1,0,0,0.0,0,0,702406
183690,2017,1,0,0,0.0,0,0,702542
183703,2017,1,0,0,0.0,0,0,703882
183704,2017,1,0,0,0.0,0,0,703937
183708,2017,1,0,0,0.0,0,0,704270
183721,2017,1,0,0,0.0,0,0,705911
183745,2017,1,0,0,0.0,0,0,708258
183748,2017,1,0,0,0.0,0,0,708343
183762,2017,1,0,0,0.0,0,0,710003
183763,2017,1,0,0,0.0,0,0,710003
183796,2017,1,0,0,0.0,0,0,713085
183797,2017,1,0,0,0.0,0,0,713236
183805,2017,1,0,0,0.0,0,0,714379
183813,2017,1,0,0,0.0,0,0,715462
183829,2017,1,0,0,0.0,0,0,716785
183876,2017,1,0,0,0.0,0,0,721688
183895,2017,1,0,0,0.0,0,0,723591
183901,2017,1,0,0,0.0,0,0,723969
183928,2017,1,0,0,0.0,0,0,726139
183965,2017,1,0,0,0.0,0,0,728486
183980,2017,1,0,0,0.0,0,0,729518
183988,2017,1,0,0,0.0,0,0,730246
183990,2017,1,0,0,0.0,0,0,730561
184032,2017,1,0,0,0.0,0,0,733907
184044,2017,1,0,0,0.0,0,0,735263
184054,2017,1,0,0,0.0,0,0,736258
184063,2017,1,0,0,0.0,0,0,737451
184113,2017,1,0,0,0.0,0,0,741422
184125,2017,1,0,0,0.0,0,0,742281
184152,2017,1,0,0,0.0,0,0,744228
184154,2017,1,0,0,0.0,0,0,744528
184155,2017,1,0,0,0.0,0,0,744567
184156,2017,1,0,0,0.0,0,0,744612
184172,2017,1,0,0,0.0,0,0,745920
184194,2017,1,0,0,0.0,0,0,747609
184227,2017,1,0,0,0.0,0,0,750247
184242,2017,1,0,0,0.0,0,0,751594
184261,2017,1,0,0,0.0,0,0,752885
184269,2017,1,0,0,0.0,0,0,753637
184306,2017,1,0,0,0.0,0,0,756867
184314,2017,1,0,0,0.0,0,0,757127
184368,2017,1,0,0,0.0,0,0,762117
184371,2017,1,0,0,0.0,0,0,762272
184406,2017,1,0,0,0.0,0,0,765293
184423,2017,1,0,0,0.0,0,0,766909
184445,2017,1,0,0,0.0,0,0,768072
184467,2017,1,0,0,0.0,0,0,771035
184514,2017,1,0,0,0.0,0,0,774321
184538,2017,1,0,0,0.0,0,0,776736
184585,2017,1,0,0,0.0,0,0,781062
184626,2017,1,0,0,0.0,0,0,784787
184683,2017,1,0,0,0.0,0,0,790178
184700,2017,1,0,0,0.0,0,0,791809
184744,2017,1,0,0,0.0,0,0,795230
184759,2018,9,0,0,0.0,411,74,863432
184805,2017,1,0,0,0.0,0,0,800433
184828,2017,1,0,0,0.0,0,0,802425
184835,2017,1,0,0,0.0,0,0,803084
184838,2017,1,0,0,0.0,0,0,803252
184853,2017,1,0,0,0.0,0,0,804521
184878,2017,1,0,0,0.0,0,0,807058
184882,2017,1,0,0,0.0,0,0,807211
184908,2017,1,0,0,0.0,0,0,810581
184921,2017,1,0,0,0.0,0,0,811684
184933,2017,1,0,0,0.0,0,0,813352
184990,2017,1,0,0,0.0,0,0,818597
185006,2017,1,0,0,0.0,0,0,819809
185014,2017,1,0,0,0.0,0,0,820344
185018,2017,1,0,0,0.0,0,0,820542
185042,2017,1,0,0,0.0,0,0,822765
185062,2017,1,0,0,0.0,0,0,824133
185075,2017,1,0,0,0.0,0,0,825484
185080,2017,1,0,0,0.0,0,0,825730
185087,2017,1,0,0,0.0,0,0,826556
185129,2017,1,0,0,0.0,0,0,830385
185130,2017,1,0,0,0.0,0,0,830394
185136,2017,1,0,0,0.0,0,0,830811
185141,2017,1,0,0,0.0,0,0,831180
185163,2017,1,0,0,0.0,0,0,832597
185166,2017,1,0,0,0.0,0,0,832665
185168,2017,1,0,0,0.0,0,0,832810
185260,2017,1,0,0,0.0,0,0,839422
185291,2017,1,0,0,0.0,0,0,842279
185293,2017,1,0,0,0.0,0,0,842390
185313,2017,1,0,0,0.0,0,0,844477
185358,2017,1,0,0,0.0,0,0,848632
185368,2017,1,0,0,0.0,0,0,849569
185376,2017,1,0,0,0.0,0,0,850245
185387,2017,1,0,0,0.0,0,0,851845
185406,2017,1,0,0,0.0,0,0,853421
185416,2017,1,0,0,0.0,0,0,854742
185419,2017,1,0,0,0.0,0,0,854902
185422,2017,1,0,0,0.0,0,0,855050
185440,2017,1,0,0,0.0,0,0,856406
185457,2017,1,0,0,0.0,0,0,857814
185489,2018,12,0,0,0.0,400,72,193665
185497,2017,1,0,0,0.0,0,0,860684
185503,2017,1,0,0,0.0,0,0,861330
185506,2017,1,0,0,0.0,0,0,861629
185510,2017,1,0,0,0.0,0,0,861700
185531,2017,1,0,0,0.0,0,0,863432
185572,2017,1,0,0,0.0,0,0,867446
185595,2017,1,0,0,0.0,0,0,869712
185601,2017,1,0,0,0.0,0,0,870574
185618,2017,1,0,0,0.0,0,0,872335
185657,2017,1,0,0,0.0,0,0,875796
185673,2017,1,0,0,0.0,0,0,877152
185676,2017,1,0,0,0.0,0,0,877603
185679,2017,1,0,0,0.0,0,0,878284
185728,2017,1,0,0,0.0,0,0,883025
185736,2017,1,0,0,0.0,0,0,883349
185772,2017,1,0,0,0.0,0,0,886299
185796,2017,1,0,0,0.0,0,0,888357
185808,2017,1,0,0,0.0,0,0,889964
185816,2017,1,0,0,0.0,0,0,890650
185822,2017,1,0,0,0.0,0,0,890882
185841,2017,1,0,0,0.0,0,0,892517
185848,2017,1,0,0,0.0,0,0,892797
185853,2017,1,0,0,0.0,0,0,893266
185870,2017,1,0,0,0.0,0,0,895185
185883,2017,1,0,0,0.0,0,0,896651
185884,2017,1,0,0,0.0,0,0,896685
185893,2017,1,0,0,0.0,0,0,897734
185924,2017,1,0,0,0.0,0,0,900894
185955,2017,1,0,0,0.0,0,0,903209
185986,2017,1,0,0,0.0,0,0,905478
185991,2017,1,0,0,0.0,0,0,906178
185998,2017,1,0,0,0.0,0,0,906615
186005,2017,1,0,0,0.0,0,0,907038
186016,2017,1,0,0,0.0,0,0,908248
186045,2017,1,0,0,0.0,0,0,910373
186077,2017,1,0,0,0.0,0,0,913571
186116,2017,1,0,0,0.0,0,0,918053
186123,2017,1,0,0,0.0,0,0,918404
186172,2017,1,0,0,0.0,0,0,922786
186173,2017,1,0,0,0.0,0,0,922926
186195,2017,1,0,0,0.0,0,0,924793
186244,2017,1,0,0,0.0,0,0,929231
186246,2017,1,0,0,0.0,0,0,929455
186249,2017,1,0,0,0.0,0,0,929728
186252,2017,1,0,0,0.0,0,0,929980
186308,2017,1,0,0,0.0,0,0,935570
186353,2017,1,0,0,0.0,0,0,939238
186358,2017,1,0,0,0.0,0,0,939485
186389,2017,1,0,0,0.0,0,0,942189
186428,2017,1,0,0,0.0,0,0,946001
186429,2017,1,0,0,0.0,0,0,946258
186438,2017,1,0,0,0.0,0,0,947234
186449,2017,1,0,0,0.0,0,0,948325
186456,2017,1,0,0,0.0,0,0,948662
186469,2017,1,0,0,0.0,0,0,949974
186483,2017,1,0,0,0.0,0,0,950961
186510,2017,1,0,0,0.0,0,0,953307
186516,2017,1,0,0,0.0,0,0,953693
186560,2017,1,0,0,0.0,0,0,957764
186584,2017,1,0,0,0.0,0,0,959453
186585,2017,1,0,0,0.0,0,0,959728
186638,2017,1,0,0,0.0,0,0,965079
186646,2017,1,0,0,0.0,0,0,965751
186650,2017,1,0,0,0.0,0,0,966204
186653,2017,1,0,0,0.0,0,0,966391
186655,2017,1,0,0,0.0,0,0,966580
186656,2017,1,0,0,0.0,0,0,966688
186668,2017,1,0,0,0.0,0,0,967347
186683,2017,1,0,0,0.0,0,0,968034
186684,2017,1,0,0,0.0,0,0,968034
186687,2017,1,0,0,0.0,0,0,968225
186695,2017,1,0,0,0.0,0,0,968666
186726,2017,1,0,0,0.0,0,0,971107
186727,2017,1,0,0,0.0,0,0,971582
186748,2017,1,0,0,0.0,0,0,973407
186749,2017,1,0,0,0.0,0,0,973609
186750,2017,1,0,0,0.0,0,0,973728
186762,2017,1,0,0,0.0,0,0,974829
186779,2017,1,0,0,0.0,0,0,976330
186801,2017,1,0,0,0.0,0,0,978712
186815,2017,1,0,0,0.0,0,0,979644
186816,2017,1,0,0,0.0,0,0,979776
186829,2017,1,0,0,0.0,0,0,980952
186848,2017,1,0,0,0.0,0,0,982296
186856,2017,1,0,0,0.0,0,0,983199
186861,2017,1,0,0,0.0,0,0,983822
186869,2017,1,0,0,0.0,0,0,984429
186883,2017,1,0,0,0.0,0,0,986208
186884,2017,1,0,0,0.0,0,0,986421
186941,2017,1,0,0,0.0,0,0,991230
186977,2017,1,0,0,0.0,0,0,994877
186983,2017,1,0,0,0.0,0,0,995404
187004,2017,1,0,0,0.0,0,0,997189
187025,2017,1,0,0,0.0,0,0,999460
187048,2017,2,0,0,0.0,0,0,101540
187062,2017,2,0,0,0.0,0,0,102311
187094,2017,2,0,0,0.0,0,0,105214
187108,2017,2,0,0,0.0,0,0,106689
187111,2017,2,0,0,0.0,0,0,106776
187120,2017,2,0,0,0.0,0,0,107487
187122,2017,2,0,0,0.0,0,0,107571
187125,2017,2,0,0,0.0,0,0,137529
187129,2017,3,0,0,0.0,0,0,137529
187130,2017,5,0,0,0.0,0,0,137529
187136,2017,2,0,0,0.0,0,0,109495
187137,2017,8,0,0,0.0,0,0,137529
187139,2017,4,0,0,0.0,540,97,137529
187141,2017,9,0,0,0.0,0,0,137529
187143,2017,10,0,0,0.0,0,0,137529
187151,2017,12,0,0,0.0,0,0,137529
187154,2017,2,0,0,0.0,0,0,112842
187160,2018,1,0,0,0.0,0,0,137529
187164,2018,2,0,0,0.0,0,0,137529
187173,2018,3,0,0,0.0,0,0,137529
187180,2018,4,0,0,0.0,0,0,137529
187183,2017,2,0,0,0.0,0,0,115198
187193,2018,5,0,0,0.0,0,0,137529
187199,2017,2,0,0,0.0,0,0,116735
187215,2018,6,0,0,0.0,0,0,137529
187216,2018,7,0,0,0.0,0,0,137529
187221,2018,8,0,0,0.0,0,0,137529
187223,2018,9,0,0,0.0,0,0,137529
187229,2018,10,0,0,0.0,0,0,137529
187249,2018,11,0,0,0.0,0,0,137529
187250,2018,12,0,0,0.0,0,0,137529
187253,2017,2,0,0,0.0,0,0,121856
187265,2017,2,0,0,0.0,0,0,122545
187274,2017,2,0,0,0.0,0,0,123538
187317,2017,2,0,0,0.0,0,0,127785
187319,2017,2,0,0,0.0,0,0,127882
187321,2017,2,0,0,0.0,0,0,128032
187350,2017,2,0,0,0.0,0,0,130208
187355,2017,2,0,0,0.0,0,0,130368
187360,2017,2,0,0,0.0,0,0,131257
187395,2017,2,0,0,0.0,0,0,135312
187397,2017,2,0,0,0.0,0,0,135421
187404,2017,2,0,0,0.0,0,0,135977
187437,2017,2,0,0,0.0,0,0,138810
187449,2017,2,0,0,0.0,0,0,139600
187453,2017,2,0,0,0.0,0,0,139974
187500,2017,2,0,0,0.0,0,0,144977
187509,2017,2,0,0,0.0,0,0,145988
187510,2017,2,0,0,0.0,0,0,146037
187544,2017,2,0,0,0.0,0,0,149884
187545,2017,2,0,0,0.0,0,0,149912
187580,2017,2,0,0,0.0,0,0,153600
187581,2017,2,0,0,0.0,0,0,153626
187583,2017,2,0,0,0.0,0,0,153884
187621,2017,2,0,0,0.0,0,0,157566
187633,2017,2,0,0,0.0,0,0,159359
187695,2017,2,0,0,0.0,0,0,164973
187701,2017,2,0,0,0.0,0,0,165443
187724,2017,2,0,0,0.0,0,0,167465
187732,2017,2,0,0,0.0,0,0,168302
187737,2017,2,0,0,0.0,0,0,169129
187771,2017,2,0,0,0.0,0,0,172162
187829,2017,2,0,0,0.0,0,0,177677
187851,2017,2,0,0,0.0,0,0,180024
187853,2017,2,0,0,0.0,0,0,180219
187861,2017,2,0,0,0.0,0,0,181082
187882,2017,2,0,0,0.0,0,0,182785
187902,2017,2,0,0,0.0,0,0,184478
187907,2017,2,0,0,0.0,0,0,185013
187909,2017,2,0,0,0.0,0,0,185285
187912,2017,2,0,0,0.0,0,0,185774
187915,2017,6,0,0,0.0,523,94,127882
187921,2017,2,0,0,0.0,0,0,186593
187935,2017,2,0,0,0.0,0,0,187618
187937,2017,2,0,0,0.0,0,0,187838
187951,2018,9,0,0,0.0,409,74,850245
187979,2017,2,0,0,0.0,0,0,191917
187989,2017,2,0,0,0.0,0,0,192772
187990,2017,2,0,0,0.0,0,0,193037
187994,2017,2,0,0,0.0,0,0,193665
187995,2017,2,0,0,0.0,0,0,193775
188039,2017,2,0,0,0.0,0,0,197086
188055,2017,2,0,0,0.0,0,0,198407
188067,2017,2,0,0,0.0,0,0,199493
188082,2017,2,0,0,0.0,0,0,201276
188091,2017,2,0,0,0.0,0,0,201683
188103,2017,2,0,0,0.0,0,0,202696
188106,2017,2,0,0,0.0,0,0,203033
188128,2017,2,0,0,0.0,0,0,204484
188137,2017,2,0,0,0.0,0,0,205195
188155,2017,2,0,0,0.0,0,0,207110
188162,2017,2,0,0,0.0,0,0,207576
188172,2017,2,0,0,0.0,0,0,208553
188175,2017,2,0,0,0.0,0,0,208586
188198,2017,2,0,0,0.0,0,0,210755
188219,2017,2,0,0,0.0,0,0,212477
188251,2017,2,0,0,0.0,0,0,215508
188252,2017,2,0,0,0.0,0,0,215508
188270,2017,2,0,0,0.0,0,0,216937
188308,2017,2,0,0,0.0,0,0,220822
188318,2017,2,0,0,0.0,0,0,221627
188320,2017,2,0,0,0.0,0,0,221993
188329,2017,2,0,0,0.0,0,0,223081
188335,2018,5,0,0,0.0,447,80,828232
188361,2017,2,0,0,0.0,0,0,225363
188366,2017,2,0,0,0.0,0,0,225746
188387,2017,2,0,0,0.0,0,0,227804
188402,2017,2,0,0,0.0,0,0,229436
188424,2017,2,0,0,0.0,0,0,232290
188440,2017,2,0,0,0.0,0,0,233969
188461,2017,2,0,0,0.0,0,0,236037
188474,2017,2,0,0,0.0,0,0,237274
188476,2017,2,0,0,0.0,0,0,237319
188483,2017,2,0,0,0.0,0,0,238063
188533,2017,2,0,0,0.0,0,0,242719
188534,2017,2,0,0,0.0,0,0,242839
188541,2017,2,0,0,0.0,0,0,243273
188556,2017,2,0,0,0.0,0,0,244721
188572,2017,2,0,0,0.0,0,0,246187
188592,2017,2,0,0,0.0,0,0,247514
188695,2017,2,0,0,0.0,0,0,256486
188708,2017,2,0,0,0.0,0,0,257417
188710,2017,2,0,0,0.0,0,0,257509
188759,2017,2,0,0,0.0,0,0,261964
188783,2017,2,0,0,0.0,0,0,263127
188813,2017,2,0,0,0.0,0,0,265297
188820,2017,2,0,0,0.0,0,0,266148
188840,2018,2,0,0,0.0,296,53,528693
188841,2017,2,0,0,0.0,0,0,268129
188853,2017,2,0,0,0.0,0,0,269565
188876,2017,2,0,0,0.0,0,0,271675
188898,2017,2,0,0,0.0,0,0,273984
188910,2017,2,0,0,0.0,0,0,274879
188925,2017,2,0,0,0.0,0,0,276035
188927,2017,2,0,0,0.0,0,0,276255
188928,2017,2,0,0,0.0,0,0,276289
188937,2017,2,0,0,0.0,0,0,277091
188956,2017,2,0,0,0.0,0,0,278059
188973,2017,2,0,0,0.0,0,0,279231
188991,2017,2,0,0,0.0,0,0,280828
189020,2017,2,0,0,0.0,0,0,283770
189027,2017,2,0,0,0.0,0,0,284610
189040,2017,2,0,0,0.0,0,0,286065
189056,2017,2,0,0,0.0,0,0,287266
189129,2017,2,0,0,0.0,313,56,306708
189136,2017,2,0,0,0.0,0,0,295302
189162,2017,2,0,0,0.0,0,0,297427
189203,2017,2,0,0,0.0,0,0,300376
189255,2017,2,0,0,0.0,0,0,304870
189278,2017,2,0,0,0.0,0,0,307159
189296,2017,2,0,0,0.0,0,0,308891
189302,2017,2,0,0,0.0,0,0,309364
189328,2017,2,0,0,0.0,0,0,311946
189365,2017,2,0,0,0.0,0,0,314558
189381,2017,2,0,0,0.0,0,0,316793
189392,2017,2,0,0,0.0,0,0,317888
189416,2017,2,0,0,0.0,0,0,319664
189421,2017,2,0,0,0.0,0,0,319868
189427,2017,2,0,0,0.0,0,0,320414
189479,2017,2,0,0,0.0,0,0,325367
189510,2017,2,0,0,0.0,0,0,327972
189518,2017,2,0,0,0.0,0,0,328349
189520,2017,2,0,0,0.0,0,0,328446
189537,2017,2,0,0,0.0,0,0,329826
189589,2017,2,0,0,0.0,0,0,336037
189613,2017,2,0,0,0.0,0,0,337983
189615,2017,2,0,0,0.0,0,0,338285
189629,2017,2,0,0,0.0,0,0,339845
189657,2017,2,0,0,0.0,0,0,342407
189663,2017,2,0,0,0.0,0,0,342929
189688,2017,2,0,0,0.0,0,0,345615
189691,2017,2,0,0,0.0,0,0,345908
189734,2017,2,0,0,0.0,0,0,348718
189756,2017,2,0,0,0.0,0,0,350692
189773,2017,2,0,0,0.0,0,0,352092
189828,2017,2,0,0,0.0,0,0,358039
189833,2017,2,0,0,0.0,0,0,358586
189854,2017,2,0,0,0.0,0,0,360902
189897,2017,2,0,0,0.0,0,0,365557
189898,2017,2,0,0,0.0,0,0,365619
189961,2017,2,0,0,0.0,0,0,371368
190007,2017,2,0,0,0.0,0,0,375162
190014,2017,2,0,0,0.0,0,0,375540
190029,2017,2,0,0,0.0,0,0,376618
190057,2017,2,0,0,0.0,0,0,379238
190116,2017,2,0,0,0.0,0,0,384328
190133,2017,2,0,0,0.0,0,0,385593
190141,2017,2,0,0,0.0,0,0,386790
190149,2017,2,0,0,0.0,0,0,387523
190176,2017,2,0,0,0.0,0,0,390480
190177,2017,2,0,0,0.0,0,0,390546
190191,2017,2,0,0,0.0,0,0,391611
190202,2017,2,0,0,0.0,0,0,392802
190302,2017,2,0,0,0.0,0,0,402052
190314,2017,2,0,0,0.0,0,0,403052
190322,2017,2,0,0,0.0,0,0,403529
190323,2017,2,0,0,0.0,0,0,403529
190329,2017,2,0,0,0.0,0,0,404426
190346,2017,2,0,0,0.0,0,0,406254
190358,2017,2,0,0,0.0,0,0,407411
190365,2017,2,0,0,0.0,0,0,407999
190366,2017,2,0,0,0.0,0,0,408134
190370,2017,2,0,0,0.0,0,0,408347
190406,2017,2,0,0,0.0,0,0,411715
190417,2017,2,0,0,0.0,0,0,412995
190431,2017,2,0,0,0.0,0,0,414164
190445,2017,2,0,0,0.0,0,0,415402
190468,2017,2,0,0,0.0,0,0,417904
190488,2017,2,0,0,0.0,0,0,419661
190491,2017,2,0,0,0.0,0,0,419749
190495,2017,2,0,0,0.0,0,0,420202
190500,2017,2,0,0,0.0,0,0,420394
190518,2017,2,0,0,0.0,0,0,422349
190534,2017,2,0,0,0.0,0,0,424027
190560,2017,2,0,0,0.0,0,0,426124
190561,2017,2,0,0,0.0,0,0,426141
190586,2017,2,0,0,0.0,0,0,428526
190595,2017,2,0,0,0.0,0,0,428826
190600,2017,2,0,0,0.0,0,0,429308
190624,2017,2,0,0,0.0,0,0,431187
190625,2017,2,0,0,0.0,0,0,431201
190661,2017,2,0,0,0.0,0,0,434620
190685,2017,2,0,0,0.0,0,0,436318
190704,2017,2,0,0,0.0,0,0,438199
190705,2017,2,0,0,0.0,0,0,438263
190729,2017,2,0,0,0.0,0,0,440928
190744,2017,2,0,0,0.0,0,0,442014
190747,2017,2,0,0,0.0,0,0,442249
190750,2017,2,0,0,0.0,0,0,442695
190762,2017,2,0,0,0.0,0,0,443970
190766,2017,2,0,0,0.0,0,0,444092
190770,2017,2,0,0,0.0,0,0,444365
190780,2017,2,0,0,0.0,0,0,445073
190788,2017,2,0,0,0.0,0,0,445427
190804,2017,2,0,0,0.0,0,0,446991
190814,2017,2,0,0,0.0,0,0,448142
190821,2017,2,0,0,0.0,0,0,448896
190852,2017,2,0,0,0.0,0,0,453448
190858,2017,2,0,0,0.0,0,0,453971
190907,2017,2,0,0,0.0,0,0,458614
190920,2017,2,0,0,0.0,0,0,459948
190953,2017,2,0,0,0.0,0,0,462459
190954,2017,2,0,0,0.0,0,0,462497
190978,2017,2,0,0,0.0,0,0,464471
190989,2017,2,0,0,0.0,0,0,465476
191000,2017,2,0,0,0.0,0,0,466384
191005,2017,2,0,0,0.0,0,0,466953
191008,2017,2,0,0,0.0,0,0,467139
191025,2017,2,0,0,0.0,0,0,467945
191067,2017,2,0,0,0.0,0,0,472532
191111,2017,2,0,0,0.0,0,0,476273
191113,2017,2,0,0,0.0,0,0,476371
191124,2017,2,0,0,0.0,0,0,478050
191125,2017,2,0,0,0.0,0,0,478107
191129,2017,2,0,0,0.0,0,0,478666
191150,2017,2,0,0,0.0,0,0,480909
191158,2017,2,0,0,0.0,0,0,481293
191176,2017,2,0,0,0.0,0,0,482424
191177,2017,2,0,0,0.0,0,0,482528
191193,2017,2,0,0,0.0,0,0,483768
191215,2017,2,0,0,0.0,0,0,485705
191219,2017,2,0,0,0.0,0,0,485933
191222,2017,2,0,0,0.0,0,0,486112
191235,2017,2,0,0,0.0,0,0,487027
191242,2017,2,0,0,0.0,0,0,487605
191253,2017,2,0,0,0.0,0,0,488303
191254,2017,2,0,0,0.0,0,0,488346
191271,2017,2,0,0,0.0,0,0,489628
191284,2017,2,0,0,0.0,0,0,491253
191299,2017,2,0,0,0.0,0,0,492367
191317,2017,2,0,0,0.0,0,0,494515
191321,2017,2,0,0,0.0,0,0,494885
191325,2017,2,0,0,0.0,0,0,495253
191336,2017,2,0,0,0.0,0,0,496357
191359,2017,2,0,0,0.0,0,0,498149
191379,2017,2,0,0,0.0,0,0,500022
191414,2017,2,0,0,0.0,0,0,502946
191430,2017,2,0,0,0.0,0,0,504311
191439,2017,2,0,0,0.0,0,0,504860
191444,2017,2,0,0,0.0,0,0,505522
191450,2017,2,0,0,0.0,0,0,506170
191464,2017,2,0,0,0.0,0,0,508080
191465,2017,2,0,0,0.0,0,0,508115
191507,2017,2,0,0,0.0,0,0,511765
191528,2017,2,0,0,0.0,0,0,513246
191579,2017,2,0,0,0.0,0,0,518236
191590,2017,2,0,0,0.0,0,0,519726
191638,2017,2,0,0,0.0,0,0,525548
191654,2017,2,0,0,0.0,0,0,527194
191663,2017,2,0,0,0.0,0,0,528074
191669,2017,2,0,0,0.0,0,0,528331
191670,2017,2,0,0,0.0,0,0,528363
191759,2017,2,0,0,0.0,0,0,535852
191787,2017,2,0,0,0.0,0,0,537990
191788,2017,2,0,0,0.0,0,0,538308
191821,2017,2,0,0,0.0,0,0,540836
191841,2017,2,0,0,0.0,0,0,543599
191850,2017,2,0,0,0.0,0,0,544690
191875,2017,2,0,0,0.0,0,0,546665
191882,2017,2,0,0,0.0,0,0,547217
191912,2017,2,0,0,0.0,0,0,549982
191915,2017,2,0,0,0.0,0,0,550262
191923,2017,2,0,0,0.0,0,0,550769
191939,2017,2,0,0,0.0,0,0,552328
191956,2017,2,0,0,0.0,0,0,553936
191993,2017,2,0,0,0.0,0,0,557458
192001,2017,2,0,0,0.0,0,0,558097
192044,2017,2,0,0,0.0,0,0,562501
192060,2017,2,0,0,0.0,0,0,564813
192065,2017,2,0,0,0.0,0,0,565008
192067,2017,2,0,0,0.0,0,0,565074
192068,2017,2,0,0,0.0,0,0,565171
192080,2017,2,0,0,0.0,0,0,565991
192083,2017,2,0,0,0.0,0,0,566182
192098,2017,2,0,0,0.0,0,0,567219
192132,2017,2,0,0,0.0,0,0,571169
192145,2017,2,0,0,0.0,0,0,572062
192157,2017,2,0,0,0.0,0,0,572811
192162,2017,2,0,0,0.0,0,0,573332
192167,2017,2,0,0,0.0,0,0,573830
192217,2017,2,0,0,0.0,0,0,577405
192225,2017,2,0,0,0.0,0,0,578811
192226,2017,2,0,0,0.0,0,0,579015
192232,2017,2,0,0,0.0,0,0,579424
192263,2017,2,0,0,0.0,0,0,581999
192271,2017,2,0,0,0.0,0,0,582690
192290,2017,2,0,0,0.0,0,0,583718
192319,2017,2,0,0,0.0,0,0,585978
192338,2017,2,0,0,0.0,0,0,587800
192363,2017,2,0,0,0.0,0,0,590989
192371,2017,2,0,0,0.0,0,0,591641
192387,2017,2,0,0,0.0,0,0,593252
192388,2017,2,0,0,0.0,0,0,593252
192414,2017,2,0,0,0.0,0,0,596173
192416,2017,2,0,0,0.0,0,0,596390
192427,2017,2,0,0,0.0,0,0,597897
192438,2017,2,0,0,0.0,0,0,599372
192456,2017,2,0,0,0.0,0,0,600785
192460,2017,2,0,0,0.0,0,0,600923
192470,2017,2,0,0,0.0,0,0,601597
192483,2017,2,0,0,0.0,0,0,602694
192497,2017,2,0,0,0.0,0,0,604039
192552,2017,2,0,0,0.0,0,0,608758
192554,2017,2,0,0,0.0,0,0,609072
192592,2017,2,0,0,0.0,0,0,612510
192625,2017,2,0,0,0.0,0,0,614810
192630,2017,2,0,0,0.0,0,0,615214
192637,2017,11,0,0,0.0,389,70,717632
192650,2017,2,0,0,0.0,0,0,616611
192654,2017,2,0,0,0.0,0,0,616746
192665,2017,2,0,0,0.0,0,0,617960
192697,2017,2,0,0,0.0,0,0,621940
192709,2017,2,0,0,0.0,0,0,622801
192720,2017,2,0,0,0.0,0,0,623341
192724,2017,2,0,0,0.0,0,0,623861
192748,2017,2,0,0,0.0,0,0,626217
192757,2017,2,0,0,0.0,0,0,627244
192759,2017,2,0,0,0.0,0,0,627502
192766,2017,2,0,0,0.0,0,0,628017
192771,2017,2,0,0,0.0,0,0,628431
192772,2017,2,0,0,0.0,0,0,628452
192787,2017,2,0,0,0.0,0,0,629966
192824,2017,2,0,0,0.0,0,0,633490
192845,2017,2,0,0,0.0,0,0,635509
192902,2017,2,0,0,0.0,0,0,640244
192921,2017,2,0,0,0.0,0,0,642002
192924,2017,2,0,0,0.0,0,0,642031
192928,2017,2,0,0,0.0,0,0,642247
192930,2017,2,0,0,0.0,0,0,642409
192945,2017,2,0,0,0.0,0,0,644163
192954,2017,2,0,0,0.0,0,0,645081
193044,2017,2,0,0,0.0,0,0,652816
193057,2017,2,0,0,0.0,0,0,653890
193059,2017,2,0,0,0.0,0,0,654073
193089,2017,2,0,0,0.0,0,0,656942
193119,2017,2,0,0,0.0,0,0,660436
193123,2017,2,0,0,0.0,0,0,661054
193124,2017,2,0,0,0.0,0,0,159486
193126,2017,3,0,0,0.0,0,0,159486
193131,2017,2,0,0,0.0,0,0,661502
193136,2017,2,0,0,0.0,0,0,662164
193139,2017,2,0,0,0.0,0,0,662380
193140,2017,4,0,0,0.0,0,0,159486
193154,2017,2,0,0,0.0,0,0,663641
193156,2017,8,0,0,0.0,0,0,159486
193158,2017,2,0,0,0.0,0,0,664008
193187,2017,12,0,0,0.0,0,0,159486
193188,2018,1,0,0,0.0,0,0,159486
193194,2018,2,0,0,0.0,0,0,159486
193195,2018,3,0,0,0.0,0,0,159486
193196,2018,4,0,0,0.0,0,0,159486
193227,2018,5,0,0,0.0,0,0,159486
193231,2018,6,0,0,0.0,0,0,159486
193236,2018,7,0,0,0.0,0,0,159486
193241,2018,8,0,0,0.0,0,0,159486
193242,2017,2,0,0,0.0,0,0,671849
193243,2017,2,0,0,0.0,0,0,671906
193250,2017,2,0,0,0.0,0,0,672308
193251,2017,2,0,0,0.0,0,0,672391
193258,2017,2,0,0,0.0,0,0,672893
193261,2018,9,0,0,0.0,0,0,159486
193263,2018,10,0,0,0.0,0,0,159486
193273,2018,11,0,0,0.0,0,0,159486
193290,2017,2,0,0,0.0,0,0,676669
193292,2018,12,0,0,0.0,0,0,159486
193303,2017,2,0,0,0.0,0,0,677704
193313,2017,2,0,0,0.0,0,0,678243
193331,2017,2,0,0,0.0,0,0,679414
193375,2017,2,0,0,0.0,0,0,683126
193484,2017,2,0,0,0.0,0,0,693295
193486,2017,2,0,0,0.0,0,0,693494
193505,2017,2,0,0,0.0,0,0,695428
193513,2017,2,0,0,0.0,0,0,696096
193525,2017,2,0,0,0.0,0,0,697272
193565,2017,2,0,0,0.0,0,0,701216
193570,2017,2,0,0,0.0,0,0,701732
193573,2017,2,0,0,0.0,0,0,702147
193578,2017,2,0,0,0.0,0,0,702406
193581,2017,2,0,0,0.0,0,0,702542
193599,2017,2,0,0,0.0,0,0,703882
193616,2017,2,0,0,0.0,0,0,705911
193624,2017,2,0,0,0.0,0,0,706820
193634,2017,2,0,0,0.0,0,0,707470
193644,2017,2,0,0,0.0,0,0,708020
193647,2017,2,0,0,0.0,0,0,708258
193650,2017,2,0,0,0.0,0,0,708343
193660,2017,2,0,0,0.0,0,0,709415
193667,2017,2,0,0,0.0,0,0,710003
193668,2017,2,0,0,0.0,0,0,710003
193704,2017,2,0,0,0.0,0,0,713085
193718,2017,2,0,0,0.0,0,0,714379
193746,2017,2,0,0,0.0,0,0,716785
193769,2017,2,0,0,0.0,0,0,719383
193805,2017,2,0,0,0.0,0,0,723591
193810,2017,2,0,0,0.0,0,0,723969
193815,2017,2,0,0,0.0,0,0,724272
193837,2017,2,0,0,0.0,0,0,726139
193872,2017,2,0,0,0.0,0,0,728486
193888,2017,2,0,0,0.0,0,0,729518
193895,2017,2,0,0,0.0,0,0,730246
193897,2017,2,0,0,0.0,0,0,730561
193935,2017,2,0,0,0.0,0,0,733907
193944,2017,2,0,0,0.0,0,0,735263
193945,2017,2,0,0,0.0,0,0,735304
193956,2017,2,0,0,0.0,0,0,736258
193965,2017,2,0,0,0.0,0,0,737451
194010,2017,2,0,0,0.0,0,0,741422
194051,2017,2,0,0,0.0,0,0,744228
194054,2017,2,0,0,0.0,0,0,744528
194055,2017,2,0,0,0.0,0,0,744567
194057,2017,2,0,0,0.0,0,0,744612
194077,2017,2,0,0,0.0,0,0,745920
194088,2017,2,0,0,0.0,0,0,746772
194134,2017,2,0,0,0.0,0,0,750247
194141,2017,2,0,0,0.0,0,0,750649
194150,2017,2,0,0,0.0,0,0,751594
194164,2017,2,0,0,0.0,0,0,752885
194170,2017,2,0,0,0.0,0,0,753637
194199,2017,2,0,0,0.0,0,0,756515
194207,2017,2,0,0,0.0,0,0,756867
194213,2017,2,0,0,0.0,0,0,757127
194303,2017,2,0,0,0.0,0,0,765293
194325,2017,2,0,0,0.0,0,0,766909
194369,2017,2,0,0,0.0,0,0,770968
194407,2017,2,0,0,0.0,0,0,774321
194473,2017,2,0,0,0.0,0,0,781062
194515,2017,2,0,0,0.0,0,0,784787
194566,2017,2,0,0,0.0,0,0,789892
194671,2017,2,0,0,0.0,0,0,800433
194687,2017,2,0,0,0.0,0,0,801821
194701,2017,2,0,0,0.0,0,0,803084
194703,2017,2,0,0,0.0,0,0,803252
194718,2017,2,0,0,0.0,0,0,804521
194740,2017,2,0,0,0.0,0,0,807058
194743,2017,2,0,0,0.0,0,0,807211
194781,2017,2,0,0,0.0,0,0,811684
194791,2017,2,0,0,0.0,0,0,812894
194793,2017,2,0,0,0.0,0,0,813352
194835,2017,2,0,0,0.0,0,0,817456
194862,2017,2,0,0,0.0,0,0,819809
194870,2017,2,0,0,0.0,0,0,820344
194873,2017,2,0,0,0.0,0,0,820454
194875,2017,2,0,0,0.0,0,0,820542
194893,2017,2,0,0,0.0,0,0,822696
194895,2017,2,0,0,0.0,0,0,822765
194897,2017,2,0,0,0.0,0,0,822956
194912,2017,2,0,0,0.0,0,0,824133
194926,2017,2,0,0,0.0,0,0,825484
194931,2017,2,0,0,0.0,0,0,825730
194938,2017,2,0,0,0.0,0,0,826304
194940,2017,2,0,0,0.0,0,0,826556
194972,2017,2,0,0,0.0,0,0,829861
194976,2017,2,0,0,0.0,0,0,830394
194986,2017,2,0,0,0.0,0,0,831180
195008,2017,2,0,0,0.0,0,0,832665
195010,2017,2,0,0,0.0,0,0,832810
195131,2017,2,0,0,0.0,0,0,842279
195133,2017,2,0,0,0.0,0,0,842390
195153,2017,2,0,0,0.0,0,0,844477
195198,2017,2,0,0,0.0,0,0,848632
195202,2017,2,0,0,0.0,0,0,849569
195212,2017,2,0,0,0.0,0,0,850245
195221,2017,2,0,0,0.0,0,0,851421
195225,2017,2,0,0,0.0,0,0,851845
195243,2017,2,0,0,0.0,0,0,853421
195249,2017,2,0,0,0.0,0,0,854742
195253,2017,2,0,0,0.0,0,0,855050
195268,2017,2,0,0,0.0,0,0,856406
195321,2017,2,0,0,0.0,0,0,861058
195326,2017,2,0,0,0.0,0,0,861330
195328,2017,2,0,0,0.0,0,0,861629
195331,2017,2,0,0,0.0,0,0,861700
195347,2017,2,0,0,0.0,0,0,863349
195351,2017,2,0,0,0.0,0,0,863432
195390,2017,2,0,0,0.0,0,0,867446
195411,2017,2,0,0,0.0,0,0,869712
195418,2017,2,0,0,0.0,0,0,870574
195457,2017,2,0,0,0.0,0,0,873886
195470,2017,2,0,0,0.0,0,0,874614
195485,2017,2,0,0,0.0,0,0,875796
195501,2017,2,0,0,0.0,0,0,877152
195511,2017,2,0,0,0.0,0,0,878284
195520,2017,2,0,0,0.0,0,0,879177
195557,2017,2,0,0,0.0,0,0,882718
195561,2017,2,0,0,0.0,0,0,883025
195569,2017,2,0,0,0.0,0,0,883349
195600,2017,2,0,0,0.0,0,0,886299
195631,2017,2,0,0,0.0,0,0,889964
195638,2017,2,0,0,0.0,0,0,890650
195643,2017,2,0,0,0.0,0,0,890882
195660,2017,2,0,0,0.0,0,0,892517
195667,2017,2,0,0,0.0,0,0,892797
195679,2017,2,0,0,0.0,0,0,893863
195703,2017,2,0,0,0.0,0,0,896651
195704,2017,2,0,0,0.0,0,0,896685
195715,2017,2,0,0,0.0,0,0,897734
195748,2017,2,0,0,0.0,0,0,900460
195764,2017,2,0,0,0.0,0,0,901819
195791,2017,2,0,0,0.0,0,0,903797
195795,2017,2,0,0,0.0,0,0,904304
195814,2017,2,0,0,0.0,0,0,905478
195820,2017,2,0,0,0.0,0,0,905909
195821,2017,2,0,0,0.0,0,0,906178
195831,2017,2,0,0,0.0,0,0,907038
195838,2017,2,0,0,0.0,0,0,908120
195840,2017,2,0,0,0.0,0,0,908248
195866,2017,2,0,0,0.0,0,0,910373
195932,2017,2,0,0,0.0,0,0,917998
195936,2017,2,0,0,0.0,0,0,918053
195941,2017,2,0,0,0.0,0,0,918404
195962,2017,2,0,0,0.0,0,0,920162
195988,2017,2,0,0,0.0,0,0,922188
195997,2017,2,0,0,0.0,0,0,922926
196016,2017,2,0,0,0.0,0,0,924793
196061,2017,2,0,0,0.0,0,0,929231
196065,2017,2,0,0,0.0,0,0,929455
196085,2017,2,0,0,0.0,0,0,931183
196110,2017,2,0,0,0.0,0,0,933968
196125,2017,2,0,0,0.0,0,0,935570
196132,2017,2,0,0,0.0,0,0,936273
196145,2017,2,0,0,0.0,0,0,937645
196165,2017,2,0,0,0.0,0,0,939238
196171,2017,2,0,0,0.0,0,0,939485
196200,2017,2,0,0,0.0,0,0,942189
196232,2017,2,0,0,0.0,0,0,945091
196241,2017,2,0,0,0.0,0,0,946001
196244,2017,2,0,0,0.0,0,0,946258
196255,2017,2,0,0,0.0,0,0,947234
196264,2017,2,0,0,0.0,0,0,948325
196271,2017,2,0,0,0.0,0,0,948662
196283,2017,2,0,0,0.0,0,0,949974
196288,2017,2,0,0,0.0,0,0,950336
196296,2017,2,0,0,0.0,0,0,950593
196304,2017,2,0,0,0.0,0,0,950961
196328,2017,2,0,0,0.0,0,0,952955
196332,2017,2,0,0,0.0,0,0,953307
196405,2017,2,0,0,0.0,0,0,959453
196406,2017,2,0,0,0.0,0,0,959728
196451,2017,2,0,0,0.0,0,0,965079
196459,2017,2,0,0,0.0,0,0,965751
196463,2017,2,0,0,0.0,0,0,966204
196468,2017,2,0,0,0.0,0,0,966391
196470,2017,2,0,0,0.0,0,0,966688
196485,2017,2,0,0,0.0,0,0,967347
196507,2017,2,0,0,0.0,0,0,968666
196545,2017,2,0,0,0.0,0,0,971582
196569,2017,2,0,0,0.0,0,0,973407
196572,2017,2,0,0,0.0,0,0,973609
196573,2017,2,0,0,0.0,0,0,973728
196581,2017,2,0,0,0.0,0,0,974829
196600,2017,2,0,0,0.0,0,0,976330
196613,2017,2,0,0,0.0,0,0,977303
196624,2017,2,0,0,0.0,0,0,978712
196650,2017,2,0,0,0.0,0,0,980952
196659,2017,2,0,0,0.0,0,0,981536
196674,2017,2,0,0,0.0,0,0,983199
196687,2017,2,0,0,0.0,0,0,984429
196700,2017,2,0,0,0.0,0,0,986208
196702,2017,2,0,0,0.0,0,0,986421
196751,2017,2,0,0,0.0,0,0,990918
196784,2017,2,0,0,0.0,0,0,994377
196796,2017,2,0,0,0.0,0,0,995404
196811,2017,2,0,0,0.0,0,0,996686
196819,2017,2,0,0,0.0,0,0,997439
196838,2017,2,0,0,0.0,0,0,999460
196841,2017,2,0,0,0.0,0,0,999631
196862,2017,3,0,0,0.0,0,0,101540
196874,2017,3,0,0,0.0,0,0,102311
196914,2017,3,0,0,0.0,0,0,106592
196917,2017,3,0,0,0.0,0,0,106689
196921,2017,3,0,0,0.0,0,0,107212
196925,2017,3,0,0,0.0,0,0,107487
196927,2017,3,0,0,0.0,0,0,107571
196971,2017,3,0,0,0.0,0,0,112842
196996,2017,3,0,0,0.0,0,0,115198
197009,2017,3,0,0,0.0,0,0,116735
197060,2017,3,0,0,0.0,0,0,121856
197071,2017,3,0,0,0.0,0,0,122545
197080,2017,3,0,0,0.0,0,0,123538
197125,2017,3,0,0,0.0,0,0,127882
197127,2017,3,0,0,0.0,0,0,128032
197155,2017,3,0,0,0.0,0,0,131047
197183,2017,3,0,0,0.0,0,0,135421
197197,2017,3,0,0,0.0,0,0,136516
197223,2017,3,0,0,0.0,0,0,138737
197227,2017,3,0,0,0.0,0,0,138810
197239,2017,3,0,0,0.0,0,0,139600
197242,2017,3,0,0,0.0,0,0,139863
197244,2017,3,0,0,0.0,0,0,139974
197301,2017,3,0,0,0.0,0,0,146037
197336,2017,3,0,0,0.0,0,0,149884
197337,2017,3,0,0,0.0,0,0,149912
197367,2017,3,0,0,0.0,0,0,153600
197369,2017,3,0,0,0.0,0,0,153884
197403,2017,3,0,0,0.0,0,0,157566
197418,2017,3,0,0,0.0,0,0,159359
197424,2017,3,0,0,0.0,0,0,160135
197460,2017,3,0,0,0.0,0,0,163608
197474,2017,3,0,0,0.0,0,0,164973
197476,2017,3,0,0,0.0,0,0,165019
197479,2017,3,0,0,0.0,0,0,165443
197483,2017,3,0,0,0.0,0,0,165742
197504,2017,3,0,0,0.0,0,0,167465
197513,2017,3,0,0,0.0,0,0,168302
197519,2017,3,0,0,0.0,0,0,168843
197523,2017,3,0,0,0.0,0,0,169247
197554,2017,3,0,0,0.0,0,0,172162
197576,2017,3,0,0,0.0,0,0,173873
197612,2017,3,0,0,0.0,0,0,177677
197632,2017,3,0,0,0.0,0,0,180024
197635,2017,3,0,0,0.0,0,0,180219
197643,2017,3,0,0,0.0,0,0,181082
197681,2017,3,0,0,0.0,0,0,184478
197687,2017,3,0,0,0.0,0,0,184924
197690,2017,3,0,0,0.0,0,0,185013
197693,2017,3,0,0,0.0,0,0,185285
197721,2017,3,0,0,0.0,0,0,187618
197724,2017,3,0,0,0.0,0,0,187838
197765,2017,3,0,0,0.0,0,0,191917
197773,2017,3,0,0,0.0,0,0,192772
197774,2017,3,0,0,0.0,0,0,193037
197778,2017,3,0,0,0.0,0,0,193665
197780,2017,3,0,0,0.0,0,0,193775
197808,2017,3,0,0,0.0,0,0,196442
197830,2017,3,0,0,0.0,0,0,198407
197842,2017,3,0,0,0.0,0,0,199493
197879,2017,3,0,0,0.0,0,0,203033
197909,2017,3,0,0,0.0,0,0,205195
197927,2017,3,0,0,0.0,0,0,207110
197939,2017,3,0,0,0.0,0,0,208586
197975,2017,3,0,0,0.0,0,0,212477
198026,2017,3,0,0,0.0,0,0,216937
198046,2017,3,0,0,0.0,0,0,218917
198068,2017,3,0,0,0.0,0,0,221627
198070,2017,3,0,0,0.0,0,0,221993
198078,2017,3,0,0,0.0,0,0,223081
198127,2017,3,0,0,0.0,0,0,227804
198134,2017,3,0,0,0.0,0,0,228673
198143,2017,3,0,0,0.0,0,0,229436
198180,2017,3,0,0,0.0,0,0,233969
198199,2017,3,0,0,0.0,0,0,236037
198205,2017,3,0,0,0.0,0,0,236593
198213,2017,3,0,0,0.0,0,0,237319
198214,2017,3,0,0,0.0,0,0,237434
198221,2017,3,0,0,0.0,0,0,238063
198269,2017,3,0,0,0.0,0,0,242719
198270,2017,3,0,0,0.0,0,0,242839
198273,2017,3,0,0,0.0,0,0,243061
198277,2017,3,0,0,0.0,0,0,243273
198292,2017,3,0,0,0.0,0,0,244721
198304,2017,3,0,0,0.0,0,0,246187
198322,2017,3,0,0,0.0,0,0,247471
198323,2017,3,0,0,0.0,0,0,247514
198325,2017,3,0,0,0.0,0,0,247645
198386,2017,3,0,0,0.0,0,0,254860
198411,2017,3,0,0,0.0,0,0,256486
198425,2017,3,0,0,0.0,0,0,257509
198515,2017,3,0,0,0.0,0,0,265297
198517,2017,3,0,0,0.0,0,0,265557
198523,2017,3,0,0,0.0,0,0,266148
198537,2017,3,0,0,0.0,0,0,267291
198547,2017,3,0,0,0.0,0,0,268414
198554,2017,3,0,0,0.0,0,0,269565
198578,2017,3,0,0,0.0,0,0,271675
198605,2017,3,0,0,0.0,0,0,273984
198613,2017,3,0,0,0.0,0,0,274879
198623,2017,3,0,0,0.0,0,0,276035
198626,2017,3,0,0,0.0,0,0,276255
198627,2017,3,0,0,0.0,0,0,276289
198630,2017,3,0,0,0.0,0,0,276650
198635,2017,3,0,0,0.0,0,0,277091
198652,2017,3,0,0,0.0,0,0,278059
198666,2017,3,0,0,0.0,0,0,279231
198707,2017,3,0,0,0.0,0,0,283770
198725,2017,3,0,0,0.0,0,0,286065
198729,2017,3,0,0,0.0,0,0,286551
198807,2017,3,0,0,0.0,0,0,295302
198828,2017,3,0,0,0.0,0,0,297427
198830,2017,3,0,0,0.0,0,0,297702
198864,2017,3,0,0,0.0,0,0,300376
198912,2017,3,0,0,0.0,0,0,304870
198933,2017,3,0,0,0.0,0,0,306708
198938,2017,3,0,0,0.0,0,0,307159
198955,2017,3,0,0,0.0,0,0,308891
198968,2017,3,0,0,0.0,0,0,310965
199010,2017,3,0,0,0.0,0,0,314558
199027,2017,3,0,0,0.0,0,0,316793
199039,2017,3,0,0,0.0,0,0,318264
199070,2017,3,0,0,0.0,0,0,320414
199075,2017,3,0,0,0.0,0,0,321027
199146,2017,3,0,0,0.0,0,0,328349
199148,2017,3,0,0,0.0,0,0,328446
199164,2017,3,0,0,0.0,0,0,329826
199212,2017,3,0,0,0.0,0,0,336037
199215,2017,3,0,0,0.0,0,0,336341
199234,2017,3,0,0,0.0,0,0,337983
199238,2017,3,0,0,0.0,0,0,338285
199249,2017,3,0,0,0.0,0,0,339845
199268,2017,3,0,0,0.0,0,0,341728
199272,2017,3,0,0,0.0,0,0,342407
199307,2017,3,0,0,0.0,0,0,345615
199310,2017,3,0,0,0.0,0,0,345908
199347,2017,3,0,0,0.0,0,0,348718
199370,2017,3,0,0,0.0,0,0,350692
199436,2017,3,0,0,0.0,0,0,358039
199440,2017,3,0,0,0.0,0,0,358586
199459,2017,3,0,0,0.0,0,0,360537
199501,2017,3,0,0,0.0,0,0,366133
199557,2017,3,0,0,0.0,0,0,371368
199606,2017,3,0,0,0.0,0,0,375162
199643,2017,3,0,0,0.0,0,0,379120
199699,2017,3,0,0,0.0,0,0,384328
199712,2017,3,0,0,0.0,0,0,385593
199722,2017,3,0,0,0.0,0,0,386790
199730,2017,3,0,0,0.0,0,0,387523
199757,2017,3,0,0,0.0,0,0,390480
199758,2017,3,0,0,0.0,0,0,390546
199773,2017,3,0,0,0.0,0,0,391611
199787,2017,3,0,0,0.0,0,0,392802
199839,2017,3,0,0,0.0,0,0,397817
199884,2017,3,0,0,0.0,0,0,402052
199895,2017,3,0,0,0.0,0,0,403052
199902,2017,3,0,0,0.0,0,0,403529
199903,2017,3,0,0,0.0,0,0,403529
199911,2017,3,0,0,0.0,0,0,404426
199926,2017,3,0,0,0.0,0,0,406254
199943,2017,3,0,0,0.0,0,0,407999
199944,2017,3,0,0,0.0,0,0,408134
199948,2017,3,0,0,0.0,0,0,408347
199953,2017,3,0,0,0.0,0,0,408838
199956,2017,3,0,0,0.0,0,0,409051
199984,2017,3,0,0,0.0,0,0,411715
199995,2017,3,0,0,0.0,0,0,412995
199997,2017,3,0,0,0.0,0,0,413185
200008,2017,3,0,0,0.0,0,0,414164
200027,2017,3,0,0,0.0,0,0,415402
200061,2017,3,0,0,0.0,0,0,419661
200064,2017,3,0,0,0.0,0,0,419749
200069,2017,3,0,0,0.0,0,0,420202
200073,2017,3,0,0,0.0,0,0,420394
200081,2017,3,0,0,0.0,0,0,421001
200110,2017,3,0,0,0.0,0,0,424027
200123,2017,3,0,0,0.0,0,0,425445
200134,2017,3,0,0,0.0,0,0,426124
200135,2017,3,0,0,0.0,0,0,426141
200162,2017,3,0,0,0.0,0,0,428526
200168,2017,3,0,0,0.0,0,0,428826
200172,2017,3,0,0,0.0,0,0,429308
200193,2017,3,0,0,0.0,0,0,431187
200194,2017,3,0,0,0.0,0,0,431201
200230,2017,3,0,0,0.0,0,0,434620
200253,2017,3,0,0,0.0,0,0,436318
200271,2017,3,0,0,0.0,0,0,438199
200289,2017,3,0,0,0.0,0,0,439819
200297,2017,3,0,0,0.0,0,0,440928
200312,2017,3,0,0,0.0,0,0,442249
200319,2017,3,0,0,0.0,0,0,442695
200327,2017,3,0,0,0.0,0,0,443970
200335,2017,3,0,0,0.0,0,0,444365
200355,2017,3,0,0,0.0,0,0,445427
200369,2017,3,0,0,0.0,0,0,446991
200377,2017,3,0,0,0.0,0,0,448142
200384,2017,3,0,0,0.0,0,0,448896
200421,2017,3,0,0,0.0,0,0,453448
200427,2017,3,0,0,0.0,0,0,453971
200433,2017,3,0,0,0.0,0,0,454440
200474,2017,3,0,0,0.0,0,0,457716
200500,2017,3,0,0,0.0,0,0,459948
200529,2017,3,0,0,0.0,0,0,462459
200531,2017,3,0,0,0.0,0,0,462497
200534,2017,3,0,0,0.0,0,0,462663
200555,2017,3,0,0,0.0,0,0,464471
200569,2017,3,0,0,0.0,0,0,465476
200579,2017,3,0,0,0.0,0,0,466384
200584,2017,3,0,0,0.0,0,0,467139
200634,2017,3,0,0,0.0,0,0,471858
200641,2017,3,0,0,0.0,0,0,472532
200649,2018,9,0,0,0.0,477,86,997189
200687,2017,3,0,0,0.0,0,0,476273
200689,2017,3,0,0,0.0,0,0,476371
200696,2017,3,0,0,0.0,0,0,478107
200702,2017,3,0,0,0.0,0,0,478666
200742,2017,3,0,0,0.0,0,0,482424
200757,2017,3,0,0,0.0,0,0,483768
200786,2017,3,0,0,0.0,0,0,485705
200787,2017,3,0,0,0.0,0,0,485795
200789,2017,3,0,0,0.0,0,0,485933
200791,2017,3,0,0,0.0,0,0,486112
200799,2017,3,0,0,0.0,0,0,487027
200804,2017,3,0,0,0.0,0,0,487605
200813,2017,3,0,0,0.0,0,0,488303
200814,2017,3,0,0,0.0,0,0,488346
200829,2018,6,0,0,0.0,579,104,664008
200832,2017,3,0,0,0.0,0,0,489628
200859,2017,3,0,0,0.0,0,0,492367
200882,2017,3,0,0,0.0,0,0,494515
200920,2017,3,0,0,0.0,0,0,498149
200930,2017,3,0,0,0.0,0,0,499128
200972,2017,3,0,0,0.0,0,0,502946
201015,2017,3,0,0,0.0,0,0,508080
201016,2017,3,0,0,0.0,0,0,508115
201031,2017,3,0,0,0.0,0,0,509513
201048,2017,3,0,0,0.0,0,0,511053
201050,2017,3,0,0,0.0,0,0,511342
201067,2017,3,0,0,0.0,0,0,512471
201077,2017,3,0,0,0.0,0,0,513246
201128,2017,3,0,0,0.0,0,0,518236
201139,2017,3,0,0,0.0,0,0,519726
201166,2017,3,0,0,0.0,0,0,523246
201182,2017,3,0,0,0.0,0,0,525548
201200,2017,3,0,0,0.0,0,0,527194
201210,2017,3,0,0,0.0,0,0,528074
201216,2017,3,0,0,0.0,0,0,528363
201218,2017,3,0,0,0.0,0,0,528693
201235,2017,3,0,0,0.0,0,0,530508
201275,2017,3,0,0,0.0,0,0,535436
201276,2017,3,0,0,0.0,0,0,535482
201277,2017,1,0,0,0.0,0,0,189854
201280,2017,3,0,0,0.0,0,0,535852
201286,2017,2,0,0,0.0,0,0,189854
201293,2017,3,0,0,0.0,0,0,189854
201295,2017,4,0,0,0.0,0,0,189854
201298,2017,3,0,0,0.0,0,0,537038
201299,2018,9,0,0,0.0,477,86,189854
201306,2017,3,0,0,0.0,0,0,537990
201308,2017,3,0,0,0.0,0,0,538308
201316,2017,5,0,0,0.0,0,0,189854
201322,2017,6,0,0,0.0,0,0,189854
201325,2017,7,0,0,0.0,0,0,189854
201328,2017,8,0,0,0.0,0,0,189854
201337,2017,9,0,0,0.0,0,0,189854
201338,2017,3,0,0,0.0,0,0,540836
201343,2017,10,0,0,0.0,0,0,189854
201351,2017,11,0,0,0.0,0,0,189854
201353,2017,12,0,0,0.0,0,0,189854
201364,2018,1,0,0,0.0,0,0,189854
201367,2017,3,0,0,0.0,0,0,543599
201371,2018,2,0,0,0.0,0,0,189854
201373,2018,3,0,0,0.0,0,0,189854
201375,2018,4,0,0,0.0,0,0,189854
201379,2018,5,0,0,0.0,0,0,189854
201380,2017,3,0,0,0.0,0,0,544690
201387,2018,6,0,0,0.0,0,0,189854
201409,2017,3,0,0,0.0,0,0,547217
201432,2018,7,0,0,0.0,0,0,189854
201439,2018,8,0,0,0.0,0,0,189854
201442,2017,3,0,0,0.0,0,0,549982
201443,2017,3,0,0,0.0,0,0,550262
201451,2017,3,0,0,0.0,0,0,550769
201468,2018,11,0,0,0.0,0,0,189854
201481,2018,12,0,0,0.0,0,0,189854
201483,2017,3,0,0,0.0,0,0,553936
201489,2017,3,0,0,0.0,0,0,554104
201496,2017,1,0,0,0.0,0,0,190149
201499,2017,3,0,0,0.0,0,0,190149
201512,2017,4,0,0,0.0,0,0,190149
201518,2017,3,0,0,0.0,0,0,557458
201530,2017,3,0,0,0.0,0,0,558097
201563,2017,3,0,0,0.0,0,0,561481
201577,2017,3,0,0,0.0,0,0,562501
201594,2017,3,0,0,0.0,0,0,564813
201599,2017,3,0,0,0.0,0,0,565008
201601,2017,3,0,0,0.0,0,0,565074
201604,2017,3,0,0,0.0,0,0,565452
201607,2018,1,0,0,0.0,0,0,190149
201610,2017,3,0,0,0.0,0,0,565991
201623,2017,3,0,0,0.0,0,0,567070
201627,2017,3,0,0,0.0,0,0,567219
201654,2018,5,0,0,0.0,0,0,190149
201665,2017,3,0,0,0.0,0,0,571169
201674,2017,3,0,0,0.0,0,0,572062
201686,2017,3,0,0,0.0,0,0,572811
201687,2018,7,0,0,0.0,0,0,190149
201696,2017,3,0,0,0.0,0,0,573830
201697,2018,8,0,0,0.0,0,0,190149
201715,2018,9,0,0,0.0,0,0,190149
201721,2018,10,0,0,0.0,0,0,190149
201733,2018,11,0,0,0.0,0,0,190149
201742,2018,12,0,0,0.0,0,0,190149
201753,2017,3,0,0,0.0,0,0,578811
201756,2017,3,0,0,0.0,0,0,579015
201760,2017,3,0,0,0.0,0,0,579424
201762,2017,3,0,0,0.0,0,0,579581
201789,2017,3,0,0,0.0,0,0,581999
201816,2017,3,0,0,0.0,0,0,583718
201848,2017,3,0,0,0.0,0,0,585978
201888,2017,3,0,0,0.0,0,0,590989
201897,2017,3,0,0,0.0,0,0,591641
201912,2017,3,0,0,0.0,0,0,593252
201913,2017,3,0,0,0.0,0,0,593252
201944,2017,3,0,0,0.0,0,0,596173
201946,2017,3,0,0,0.0,0,0,596390
201955,2017,3,0,0,0.0,0,0,597897
201965,2017,3,0,0,0.0,0,0,599372
201977,2017,3,0,0,0.0,0,0,600785
201982,2017,3,0,0,0.0,0,0,600923
201986,2017,3,0,0,0.0,0,0,601597
201999,2017,3,0,0,0.0,0,0,602694
202016,2017,3,0,0,0.0,0,0,604039
202037,2017,3,0,0,0.0,0,0,605761
202076,2017,3,0,0,0.0,0,0,608758
202080,2017,3,0,0,0.0,0,0,609072
202166,2017,3,0,0,0.0,0,0,616611
202169,2017,3,0,0,0.0,0,0,616746
202222,2017,3,0,0,0.0,0,0,621940
202234,2017,3,0,0,0.0,0,0,622801
202246,2017,3,0,0,0.0,0,0,623341
202248,2017,3,0,0,0.0,0,0,623861
202264,2017,3,0,0,0.0,0,0,626217
202275,2017,3,0,0,0.0,0,0,627244
202278,2017,3,0,0,0.0,0,0,627502
202288,2017,3,0,0,0.0,0,0,628431
202289,2017,3,0,0,0.0,0,0,628452
202300,2017,3,0,0,0.0,0,0,629966
202333,2017,3,0,0,0.0,0,0,633490
202351,2017,3,0,0,0.0,0,0,635509
202370,2017,3,0,0,0.0,0,0,637687
202421,2017,3,0,0,0.0,0,0,642002
202424,2017,3,0,0,0.0,0,0,642031
202425,2017,3,0,0,0.0,0,0,642247
202427,2017,3,0,0,0.0,0,0,642409
202440,2017,3,0,0,0.0,0,0,643912
202442,2017,3,0,0,0.0,0,0,644163
202535,2017,3,0,0,0.0,0,0,652816
202549,2017,3,0,0,0.0,0,0,653890
202551,2017,3,0,0,0.0,0,0,654073
202571,2017,3,0,0,0.0,0,0,656572
202597,2017,3,0,0,0.0,0,0,659536
202606,2017,3,0,0,0.0,0,0,660197
202610,2017,3,0,0,0.0,0,0,660436
202616,2017,3,0,0,0.0,0,0,661054
202627,2017,3,0,0,0.0,0,0,662164
202631,2017,3,0,0,0.0,0,0,662380
202644,2017,3,0,0,0.0,0,0,663641
202647,2017,3,0,0,0.0,0,0,664008
202690,2017,3,0,0,0.0,0,0,667860
202723,2017,3,0,0,0.0,0,0,671906
202729,2017,3,0,0,0.0,0,0,672308
202730,2017,3,0,0,0.0,0,0,672391
202771,2017,3,0,0,0.0,0,0,676669
202783,2017,3,0,0,0.0,0,0,677704
202791,2017,3,0,0,0.0,0,0,678243
202809,2017,3,0,0,0.0,0,0,679414
202881,2017,11,0,0,0.0,432,78,990918
202950,2017,3,0,0,0.0,0,0,693494
202969,2017,3,0,0,0.0,0,0,695342
202971,2017,3,0,0,0.0,0,0,695428
202979,2017,3,0,0,0.0,0,0,696096
203029,2017,3,0,0,0.0,0,0,701216
203036,2017,3,0,0,0.0,0,0,701732
203038,2017,3,0,0,0.0,0,0,702147
203042,2017,3,0,0,0.0,0,0,702284
203049,2017,3,0,0,0.0,0,0,702542
203064,2017,3,0,0,0.0,0,0,703882
203068,2017,3,0,0,0.0,0,0,704270
203079,2017,3,0,0,0.0,0,0,705911
203087,2017,3,0,0,0.0,0,0,706820
203102,2017,3,0,0,0.0,0,0,708020
203106,2017,3,0,0,0.0,0,0,708258
203127,2017,3,0,0,0.0,0,0,710003
203128,2017,3,0,0,0.0,0,0,710003
203166,2017,3,0,0,0.0,0,0,714379
203173,2017,3,0,0,0.0,0,0,715462
203188,2017,3,0,0,0.0,0,0,716785
203209,2017,3,0,0,0.0,0,0,719383
203260,2017,3,0,0,0.0,0,0,723969
203263,2017,3,0,0,0.0,0,0,724272
203330,2017,3,0,0,0.0,0,0,729518
203339,2017,3,0,0,0.0,0,0,730246
203340,2017,3,0,0,0.0,0,0,730561
203380,2017,3,0,0,0.0,0,0,733907
203384,2017,3,0,0,0.0,0,0,734226
203405,2017,3,0,0,0.0,0,0,736258
203413,2017,3,0,0,0.0,0,0,737451
203425,2017,10,0,0,0.0,426,77,892219
203429,2017,3,0,0,0.0,0,0,738459
203462,2017,3,0,0,0.0,0,0,741422
203500,2017,3,0,0,0.0,0,0,744228
203503,2017,3,0,0,0.0,0,0,744567
203518,2017,3,0,0,0.0,0,0,745811
203520,2017,3,0,0,0.0,0,0,745920
203530,2017,3,0,0,0.0,0,0,746772
203543,2017,3,0,0,0.0,0,0,747609
203574,2017,3,0,0,0.0,0,0,750247
203580,2017,3,0,0,0.0,0,0,750649
203581,2017,3,0,0,0.0,0,0,750710
203587,2017,3,0,0,0.0,0,0,751594
203603,2017,3,0,0,0.0,0,0,752885
203609,2017,3,0,0,0.0,0,0,753637
203615,2017,3,0,0,0.0,0,0,754539
203641,2017,3,0,0,0.0,0,0,756791
203653,2017,3,0,0,0.0,0,0,757127
203673,2017,3,0,0,0.0,0,0,760061
203692,2017,3,0,0,0.0,0,0,762117
203695,2017,3,0,0,0.0,0,0,762272
203696,2017,3,0,0,0.0,0,0,762355
203728,2017,3,0,0,0.0,0,0,765293
203743,2017,3,0,0,0.0,0,0,766909
203774,2017,3,0,0,0.0,0,0,769623
203821,2017,3,0,0,0.0,0,0,774321
203835,2017,3,0,0,0.0,0,0,776736
203851,2017,3,0,0,0.0,0,0,778030
203873,2017,3,0,0,0.0,0,0,781062
203909,2017,3,0,0,0.0,0,0,784787
203956,2017,3,0,0,0.0,0,0,790450
203981,2017,3,0,0,0.0,0,0,793178
204065,2017,3,0,0,0.0,0,0,799781
204072,2017,3,0,0,0.0,0,0,800433
204088,2017,3,0,0,0.0,0,0,801821
204097,2017,3,0,0,0.0,0,0,802425
204104,2017,3,0,0,0.0,0,0,803084
204106,2017,3,0,0,0.0,0,0,803252
204141,2017,3,0,0,0.0,0,0,807058
204144,2017,3,0,0,0.0,0,0,807211
204154,2017,3,0,0,0.0,0,0,808353
204166,2017,3,0,0,0.0,0,0,810581
204178,2017,3,0,0,0.0,0,0,811684
204189,2017,3,0,0,0.0,0,0,813352
204236,2017,3,0,0,0.0,0,0,818597
204263,2017,3,0,0,0.0,0,0,820344
204265,2017,3,0,0,0.0,0,0,820454
204267,2017,3,0,0,0.0,0,0,820542
204284,2017,3,0,0,0.0,0,0,822765
204317,2017,3,0,0,0.0,0,0,825730
204322,2017,3,0,0,0.0,0,0,826556
204349,2017,3,0,0,0.0,0,0,829861
204355,2017,3,0,0,0.0,0,0,830385
204356,2017,3,0,0,0.0,0,0,830394
204365,2017,3,0,0,0.0,0,0,831180
204384,2017,3,0,0,0.0,0,0,832665
204386,2017,3,0,0,0.0,0,0,832810
204418,2017,3,0,0,0.0,0,0,834799
204470,2017,3,0,0,0.0,0,0,839422
204504,2017,3,0,0,0.0,0,0,842279
204527,2017,3,0,0,0.0,0,0,844477
204580,2017,3,0,0,0.0,0,0,849569
204589,2017,3,0,0,0.0,0,0,850245
204595,2017,3,0,0,0.0,0,0,851421
204599,2017,3,0,0,0.0,0,0,851845
204606,2017,3,0,0,0.0,0,0,852323
204618,2017,3,0,0,0.0,0,0,853421
204629,2017,3,0,0,0.0,0,0,854742
204634,2017,3,0,0,0.0,0,0,855050
204646,2017,3,0,0,0.0,0,0,856406
204655,2017,11,0,0,0.0,444,80,719383
204667,2017,3,0,0,0.0,0,0,857814
204699,2017,3,0,0,0.0,0,0,861058
204702,2017,3,0,0,0.0,0,0,861330
204707,2017,3,0,0,0.0,0,0,861629
204709,2017,3,0,0,0.0,0,0,861700
204724,2017,3,0,0,0.0,0,0,863259
204727,2017,3,0,0,0.0,0,0,863349
204771,2017,3,0,0,0.0,0,0,867446
204796,2017,3,0,0,0.0,0,0,869712
204805,2017,3,0,0,0.0,0,0,870574
204847,2017,3,0,0,0.0,0,0,873886
204870,2017,3,0,0,0.0,0,0,875796
204883,2017,3,0,0,0.0,0,0,877152
204893,2017,3,0,0,0.0,0,0,878284
204901,2017,3,0,0,0.0,0,0,879177
204924,2017,3,0,0,0.0,0,0,881198
204946,2017,3,0,0,0.0,0,0,883025
204952,2017,3,0,0,0.0,0,0,883349
204986,2017,3,0,0,0.0,0,0,886299
205014,2017,3,0,0,0.0,0,0,889964
205020,2017,3,0,0,0.0,0,0,890650
205025,2017,3,0,0,0.0,0,0,890882
205046,2017,3,0,0,0.0,0,0,892517
205073,2017,3,0,0,0.0,0,0,894436
205074,2017,3,0,0,0.0,0,0,894620
205080,2017,3,0,0,0.0,0,0,895185
205090,2017,3,0,0,0.0,0,0,896651
205091,2017,3,0,0,0.0,0,0,896685
205100,2017,3,0,0,0.0,0,0,897734
205176,2017,3,0,0,0.0,0,0,905478
205181,2017,3,0,0,0.0,0,0,906178
205195,2017,3,0,0,0.0,0,0,907038
205207,2017,3,0,0,0.0,0,0,908248
205233,2017,3,0,0,0.0,0,0,910373
205293,2017,3,0,0,0.0,0,0,917610
205294,2017,3,0,0,0.0,0,0,917630
205302,2017,3,0,0,0.0,0,0,918404
205348,2017,3,0,0,0.0,0,0,922786
205350,2017,3,0,0,0.0,0,0,922926
205369,2017,3,0,0,0.0,0,0,924793
205407,2017,3,0,0,0.0,0,0,929231
205410,2017,3,0,0,0.0,0,0,929455
205456,2017,3,0,0,0.0,0,0,933968
205490,2017,3,0,0,0.0,0,0,937645
205505,2017,3,0,0,0.0,0,0,939238
205545,2017,3,0,0,0.0,0,0,942189
205573,2017,3,0,0,0.0,0,0,944750
205586,2017,3,0,0,0.0,0,0,946001
205590,2017,3,0,0,0.0,0,0,946258
205597,2018,10,0,0,0.0,460,83,168843
205599,2017,3,0,0,0.0,0,0,947234
205607,2017,3,0,0,0.0,0,0,947876
205609,2017,3,0,0,0.0,0,0,948325
205613,2017,3,0,0,0.0,0,0,948693
205626,2017,3,0,0,0.0,0,0,949974
205633,2017,3,0,0,0.0,0,0,950336
205644,2017,3,0,0,0.0,0,0,950961
205664,2017,3,0,0,0.0,0,0,952955
205667,2017,3,0,0,0.0,0,0,953307
205736,2017,3,0,0,0.0,0,0,959453
205739,2017,3,0,0,0.0,0,0,959728
205796,2017,3,0,0,0.0,0,0,965751
205801,2017,3,0,0,0.0,0,0,966204
205805,2017,3,0,0,0.0,0,0,966391
205807,2017,3,0,0,0.0,0,0,966688
205817,2017,3,0,0,0.0,0,0,967347
205831,2017,3,0,0,0.0,0,0,968034
205839,2017,3,0,0,0.0,0,0,968666
205872,2017,3,0,0,0.0,0,0,971528
205874,2017,3,0,0,0.0,0,0,971582
205893,2017,3,0,0,0.0,0,0,973407
205894,2017,3,0,0,0.0,0,0,973609
205902,2017,3,0,0,0.0,0,0,974829
205919,2017,3,0,0,0.0,0,0,976330
205932,2017,3,0,0,0.0,0,0,977303
205940,2017,3,0,0,0.0,0,0,978712
205953,2017,3,0,0,0.0,0,0,979644
205955,2017,3,0,0,0.0,0,0,979776
205991,2017,3,0,0,0.0,0,0,983199
205999,2017,3,0,0,0.0,0,0,983822
206024,2017,3,0,0,0.0,0,0,986208
206073,2017,3,0,0,0.0,0,0,990918
206084,2017,3,0,0,0.0,0,0,991230
206090,2017,3,0,0,0.0,0,0,991568
206109,2017,3,0,0,0.0,0,0,992886
206123,2017,3,0,0,0.0,0,0,994877
206128,2017,3,0,0,0.0,0,0,995404
206171,2017,3,0,0,0.0,0,0,999460
206174,2017,3,0,0,0.0,0,0,999631
206193,2017,4,0,0,0.0,0,0,101540
206233,2017,4,0,0,0.0,0,0,105214
206240,2017,4,0,0,0.0,0,0,106037
206252,2017,4,0,0,0.0,0,0,106689
206260,2017,4,0,0,0.0,0,0,107212
206265,2017,4,0,0,0.0,0,0,107487
206332,2017,4,0,0,0.0,0,0,114219
206343,2017,4,0,0,0.0,0,0,115198
206355,2017,4,0,0,0.0,0,0,116735
206401,2017,4,0,0,0.0,0,0,121856
206411,2017,4,0,0,0.0,0,0,122545
206423,2017,4,0,0,0.0,0,0,123538
206469,2017,4,0,0,0.0,0,0,127785
206472,2017,4,0,0,0.0,0,0,128032
206501,2017,4,0,0,0.0,0,0,130368
206507,2017,4,0,0,0.0,0,0,131257
206552,2017,4,0,0,0.0,0,0,135312
206553,2017,4,0,0,0.0,0,0,135421
206569,2017,4,0,0,0.0,0,0,136516
206585,2017,4,0,0,0.0,0,0,137850
206595,2017,4,0,0,0.0,0,0,138565
206597,2017,4,0,0,0.0,0,0,138737
206600,2017,4,0,0,0.0,0,0,138810
206609,2017,4,0,0,0.0,0,0,139600
206612,2017,4,0,0,0.0,0,0,139863
206614,2017,4,0,0,0.0,0,0,139974
206667,2017,4,0,0,0.0,0,0,144977
206676,2017,4,0,0,0.0,0,0,146037
206688,2017,4,0,0,0.0,0,0,147700
206713,2017,4,0,0,0.0,0,0,149884
206714,2017,4,0,0,0.0,0,0,149912
206745,2017,4,0,0,0.0,0,0,153626
206746,2017,4,0,0,0.0,0,0,153884
206778,2017,4,0,0,0.0,0,0,157566
206796,2017,4,0,0,0.0,0,0,159359
206804,2017,4,0,0,0.0,0,0,160135
206836,2017,4,0,0,0.0,0,0,163608
206843,2017,4,0,0,0.0,0,0,164034
206855,2017,4,0,0,0.0,0,0,164973
206857,2017,4,0,0,0.0,0,0,165019
206862,2017,4,0,0,0.0,0,0,165443
206864,2017,4,0,0,0.0,0,0,165742
206881,2017,4,0,0,0.0,0,0,167465
206890,2017,4,0,0,0.0,0,0,168302
206896,2017,4,0,0,0.0,0,0,168843
206899,2017,4,0,0,0.0,0,0,169247
206939,2017,4,0,0,0.0,0,0,172162
206974,2017,4,0,0,0.0,0,0,175249
206989,2017,4,0,0,0.0,0,0,177677
207016,2017,4,0,0,0.0,0,0,180024
207020,2017,4,0,0,0.0,0,0,180219
207027,2017,4,0,0,0.0,0,0,181082
207028,2017,4,0,0,0.0,0,0,181082
207044,2017,4,0,0,0.0,0,0,182785
207059,2017,4,0,0,0.0,0,0,184478
207067,2017,4,0,0,0.0,0,0,185285
207093,2017,4,0,0,0.0,0,0,187618
207100,2017,4,0,0,0.0,0,0,188147
207139,2017,4,0,0,0.0,0,0,192651
207142,2017,4,0,0,0.0,0,0,192772
207143,2017,4,0,0,0.0,0,0,193037
207145,2017,4,0,0,0.0,0,0,193665
207171,2017,4,0,0,0.0,0,0,196442
207182,2017,4,0,0,0.0,0,0,197086
207195,2017,4,0,0,0.0,0,0,198407
207208,2017,4,0,0,0.0,0,0,199493
207225,2017,4,0,0,0.0,0,0,201276
207231,2017,4,0,0,0.0,0,0,201683
207276,2017,4,0,0,0.0,0,0,205195
207306,2017,4,0,0,0.0,0,0,208586
207322,2017,4,0,0,0.0,0,0,210498
207343,2017,4,0,0,0.0,0,0,212477
207371,2017,4,0,0,0.0,0,0,215508
207372,2017,4,0,0,0.0,0,0,215508
207389,2017,4,0,0,0.0,0,0,216937
207406,2017,4,0,0,0.0,0,0,218917
207428,2017,4,0,0,0.0,0,0,221627
207430,2017,4,0,0,0.0,0,0,221993
207437,2017,4,0,0,0.0,0,0,223081
207464,2017,4,0,0,0.0,0,0,225363
207482,2017,4,0,0,0.0,0,0,227804
207497,2017,4,0,0,0.0,0,0,229436
207535,2017,4,0,0,0.0,0,0,233969
207559,2017,4,0,0,0.0,0,0,236037
207564,2017,4,0,0,0.0,0,0,236593
207565,2017,4,0,0,0.0,0,0,236767
207573,2017,4,0,0,0.0,0,0,237274
207575,2017,4,0,0,0.0,0,0,237319
207582,2017,4,0,0,0.0,0,0,238063
207630,2017,4,0,0,0.0,0,0,242719
207632,2017,4,0,0,0.0,0,0,242839
207637,2017,4,0,0,0.0,0,0,243061
207640,2017,4,0,0,0.0,0,0,243273
207657,2017,4,0,0,0.0,0,0,244721
207687,2017,4,0,0,0.0,0,0,247514
207783,2017,4,0,0,0.0,0,0,256486
207796,2017,4,0,0,0.0,0,0,257417
207799,2017,4,0,0,0.0,0,0,257509
207879,2017,4,0,0,0.0,0,0,264486
207883,2017,4,0,0,0.0,0,0,265297
207891,2017,4,0,0,0.0,0,0,266148
207916,2017,4,0,0,0.0,0,0,268414
207923,2017,4,0,0,0.0,0,0,269565
207932,2017,4,0,0,0.0,0,0,270730
207944,2017,4,0,0,0.0,0,0,271675
207982,2017,4,0,0,0.0,0,0,274879
207998,2017,4,0,0,0.0,0,0,276035
208000,2017,4,0,0,0.0,0,0,276289
208003,2017,4,0,0,0.0,0,0,276650
208008,2017,4,0,0,0.0,0,0,277091
208028,2017,4,0,0,0.0,0,0,278059
208045,2017,4,0,0,0.0,0,0,279231
208063,2017,4,0,0,0.0,0,0,280828
208074,2017,4,0,0,0.0,0,0,281979
208089,2017,4,0,0,0.0,0,0,283770
208091,2017,4,0,0,0.0,0,0,283980
208130,2017,4,0,0,0.0,0,0,287266
208199,2017,4,0,0,0.0,0,0,295302
208223,2017,4,0,0,0.0,0,0,297427
208262,2017,4,0,0,0.0,0,0,300376
208305,2017,4,0,0,0.0,0,0,304870
208334,2017,4,0,0,0.0,0,0,307159
208349,2017,4,0,0,0.0,0,0,308891
208363,2017,4,0,0,0.0,0,0,310965
208412,2017,4,0,0,0.0,0,0,314558
208429,2017,4,0,0,0.0,0,0,316793
208437,2017,4,0,0,0.0,0,0,317776
208439,2017,4,0,0,0.0,0,0,317888
208440,2017,4,0,0,0.0,0,0,318264
208445,2017,4,0,0,0.0,0,0,318654
208463,2017,4,0,0,0.0,0,0,319664
208468,2017,4,0,0,0.0,0,0,319868
208473,2017,4,0,0,0.0,0,0,320414
208502,2017,4,0,0,0.0,0,0,323720
208552,2017,1,0,0,0.0,0,0,219276
208553,2017,4,0,0,0.0,0,0,327972
208555,2017,2,0,0,0.0,0,0,219276
208559,2017,4,0,0,0.0,0,0,328349
208561,2017,4,0,0,0.0,0,0,328446
208568,2017,4,0,0,0.0,0,0,329302
208597,2017,4,0,0,0.0,0,0,331598
208600,2017,6,0,0,0.0,0,0,219276
208622,2017,8,0,0,0.0,0,0,219276
208663,2017,4,0,0,0.0,0,0,338285
208676,2017,4,0,0,0.0,0,0,339845
208695,2017,4,0,0,0.0,0,0,341728
208699,2017,4,0,0,0.0,0,0,342527
208706,2017,4,0,0,0.0,0,0,342929
208718,2018,1,0,0,0.0,0,0,219276
208737,2017,4,0,0,0.0,0,0,345615
208741,2017,4,0,0,0.0,0,0,345908
208754,2018,3,0,0,0.0,0,0,219276
208764,2018,4,0,0,0.0,0,0,219276
208777,2018,7,0,0,0.0,0,0,219276
208780,2018,8,0,0,0.0,0,0,219276
208783,2017,4,0,0,0.0,0,0,348718
208789,2018,10,0,0,0.0,0,0,219276
208802,2018,11,0,0,0.0,0,0,219276
208823,2017,1,0,0,0.0,385,69,496357
208824,2017,4,0,0,0.0,0,0,352092
208840,2017,4,0,0,0.0,0,0,353128
208890,2017,4,0,0,0.0,0,0,358039
208897,2017,4,0,0,0.0,0,0,358586
208913,2017,4,0,0,0.0,0,0,360537
208917,2017,4,0,0,0.0,0,0,360902
208953,2017,4,0,0,0.0,0,0,365451
208955,2017,4,0,0,0.0,0,0,365557
209021,2017,4,0,0,0.0,0,0,371368
209064,2017,4,0,0,0.0,0,0,375162
209072,2017,4,0,0,0.0,0,0,375540
209077,2017,4,0,0,0.0,0,0,376618
209213,2017,4,0,0,0.0,0,0,390480
209214,2017,4,0,0,0.0,0,0,390546
209336,2017,4,0,0,0.0,0,0,403052
209345,2017,4,0,0,0.0,0,0,403529
209346,2017,4,0,0,0.0,0,0,403529
209352,2017,4,0,0,0.0,0,0,404426
209367,2017,4,0,0,0.0,0,0,405928
209390,2017,4,0,0,0.0,0,0,408134
209393,2017,4,0,0,0.0,0,0,408347
209402,2017,4,0,0,0.0,0,0,409051
209436,2017,4,0,0,0.0,0,0,411715
209455,2017,4,0,0,0.0,0,0,413185
209468,2017,4,0,0,0.0,0,0,414164
209481,2017,4,0,0,0.0,0,0,415402
209503,2017,4,0,0,0.0,0,0,417904
209524,2017,4,0,0,0.0,0,0,419661
209533,2017,4,0,0,0.0,0,0,420202
209536,2017,4,0,0,0.0,0,0,420394
209548,2017,4,0,0,0.0,0,0,421001
209558,2017,4,0,0,0.0,0,0,421923
209583,2017,4,0,0,0.0,0,0,424027
209595,2017,4,0,0,0.0,0,0,424540
209609,2017,4,0,0,0.0,0,0,426124
209610,2017,4,0,0,0.0,0,0,426141
209641,2017,4,0,0,0.0,0,0,428526
209649,2017,4,0,0,0.0,0,0,428826
209678,2017,4,0,0,0.0,0,0,431187
209679,2017,4,0,0,0.0,0,0,431201
209715,2017,4,0,0,0.0,0,0,434620
209742,2017,4,0,0,0.0,0,0,436318
209762,2017,4,0,0,0.0,0,0,438199
209797,2017,4,0,0,0.0,0,0,442014
209808,2017,4,0,0,0.0,0,0,442695
209821,2017,4,0,0,0.0,0,0,443970
209827,2017,4,0,0,0.0,0,0,444092
209828,2017,4,0,0,0.0,0,0,444092
209841,2017,4,0,0,0.0,0,0,445073
209852,2017,4,0,0,0.0,0,0,445427
209866,2017,4,0,0,0.0,0,0,446991
209880,2017,4,0,0,0.0,0,0,448896
209920,2017,4,0,0,0.0,0,0,453448
209926,2017,4,0,0,0.0,0,0,453971
209933,2017,4,0,0,0.0,0,0,454440
209988,2017,4,0,0,0.0,0,0,459948
210016,2017,1,0,0,0.0,0,0,230070
210017,2017,2,0,0,0.0,0,0,230070
210018,2017,4,0,0,0.0,0,0,462459
210019,2017,4,0,0,0.0,0,0,462497
210024,2017,3,0,0,0.0,0,0,230070
210043,2017,4,0,0,0.0,0,0,464471
210044,2017,4,0,0,0.0,0,0,230070
210055,2017,4,0,0,0.0,0,0,465476
210064,2017,4,0,0,0.0,0,0,466384
210065,2017,5,0,0,0.0,0,0,230070
210068,2017,6,0,0,0.0,0,0,230070
210073,2017,4,0,0,0.0,0,0,467139
210075,2017,7,0,0,0.0,0,0,230070
210081,2017,8,0,0,0.0,0,0,230070
210082,2017,9,0,0,0.0,0,0,230070
210095,2017,10,0,0,0.0,0,0,230070
210107,2017,11,0,0,0.0,0,0,230070
210125,2017,4,0,0,0.0,0,0,471858
210134,2018,2,0,0,0.0,0,0,230070
210135,2018,3,0,0,0.0,0,0,230070
210136,2017,4,0,0,0.0,0,0,472532
210137,2018,4,0,0,0.0,0,0,230070
210144,2017,4,0,0,0.0,0,0,472787
210152,2018,6,0,0,0.0,0,0,230070
210158,2018,7,0,0,0.0,0,0,230070
210162,2018,8,0,0,0.0,0,0,230070
210163,2018,9,0,0,0.0,0,0,230070
210172,2018,10,0,0,0.0,0,0,230070
210174,2018,11,0,0,0.0,0,0,230070
210180,2018,12,0,0,0.0,0,0,230070
210188,2017,4,0,0,0.0,0,0,476273
210190,2017,4,0,0,0.0,0,0,476371
210200,2017,4,0,0,0.0,0,0,478107
210230,2017,4,0,0,0.0,0,0,480909
210249,2017,4,0,0,0.0,0,0,482424
210251,2017,4,0,0,0.0,0,0,482528
210285,2017,4,0,0,0.0,0,0,485705
210288,2017,4,0,0,0.0,0,0,486112
210299,2017,4,0,0,0.0,0,0,487027
210316,2017,4,0,0,0.0,0,0,488303
210317,2017,4,0,0,0.0,0,0,488346
210334,2017,4,0,0,0.0,0,0,489628
210344,2017,4,0,0,0.0,0,0,491253
210360,2017,4,0,0,0.0,0,0,492367
210380,2017,4,0,0,0.0,0,0,494515
210411,2017,4,0,0,0.0,0,0,498149
210420,2017,4,0,0,0.0,0,0,499128
210430,2017,4,0,0,0.0,0,0,500022
210450,2017,4,0,0,0.0,0,0,502012
210460,2017,4,0,0,0.0,0,0,502946
210495,2017,4,0,0,0.0,0,0,507005
210504,2017,4,0,0,0.0,0,0,508080
210522,2017,4,0,0,0.0,0,0,509513
210537,2017,4,0,0,0.0,0,0,511342
210545,2017,4,0,0,0.0,0,0,511765
210589,2017,4,0,0,0.0,0,0,515981
210602,2017,4,0,0,0.0,0,0,516995
210620,2017,4,0,0,0.0,0,0,518236
210629,2017,4,0,0,0.0,0,0,519726
210663,2017,4,0,0,0.0,0,0,523246
210685,2018,11,0,0,0.0,408,73,352092
210695,2017,4,0,0,0.0,0,0,527194
210706,2017,4,0,0,0.0,0,0,528074
210714,2017,4,0,0,0.0,0,0,528363
210740,2017,4,0,0,0.0,0,0,530508
210798,2017,4,0,0,0.0,0,0,535436
210801,2017,4,0,0,0.0,0,0,535944
210817,2017,4,0,0,0.0,0,0,537038
210818,2017,4,0,0,0.0,0,0,537387
210827,2017,4,0,0,0.0,0,0,537990
210829,2017,4,0,0,0.0,0,0,538308
210859,2017,4,0,0,0.0,0,0,540836
210889,2017,4,0,0,0.0,0,0,543599
210899,2017,4,0,0,0.0,0,0,544690
210921,2017,4,0,0,0.0,0,0,546665
210930,2017,4,0,0,0.0,0,0,547217
210962,2017,4,0,0,0.0,0,0,549982
210964,2017,4,0,0,0.0,0,0,550262
210971,2017,4,0,0,0.0,0,0,550769
210986,2017,4,0,0,0.0,0,0,552328
211004,2017,4,0,0,0.0,0,0,553936
211006,2017,4,0,0,0.0,0,0,554104
211043,2017,4,0,0,0.0,0,0,558097
211074,2017,4,0,0,0.0,0,0,561481
211091,2017,4,0,0,0.0,0,0,562501
211111,2017,4,0,0,0.0,0,0,564813
211115,2017,4,0,0,0.0,0,0,565008
211117,2017,4,0,0,0.0,0,0,565074
211119,2017,4,0,0,0.0,0,0,565171
211123,2017,4,0,0,0.0,0,0,565452
211133,2017,4,0,0,0.0,0,0,565991
211135,2017,4,0,0,0.0,0,0,566182
211151,2017,4,0,0,0.0,0,0,567219
211183,2017,4,0,0,0.0,0,0,571169
211194,2017,4,0,0,0.0,0,0,572062
211214,2017,4,0,0,0.0,0,0,573830
211276,2017,4,0,0,0.0,0,0,578811
211278,2017,4,0,0,0.0,0,0,579015
211283,2017,4,0,0,0.0,0,0,579424
211314,2017,4,0,0,0.0,0,0,581661
211344,2017,4,0,0,0.0,0,0,583718
211372,2017,4,0,0,0.0,0,0,585978
211408,2017,4,0,0,0.0,0,0,590989
211418,2017,4,0,0,0.0,0,0,591641
211430,2017,4,0,0,0.0,0,0,593252
211431,2017,4,0,0,0.0,0,0,593252
211449,2017,4,0,0,0.0,0,0,595323
211459,2017,4,0,0,0.0,0,0,596173
211461,2017,4,0,0,0.0,0,0,596390
211462,2017,4,0,0,0.0,0,0,596586
211471,2017,4,0,0,0.0,0,0,597897
211485,2017,4,0,0,0.0,0,0,599372
211503,2017,4,0,0,0.0,0,0,600923
211529,2017,4,0,0,0.0,0,0,602694
211544,2017,4,0,0,0.0,0,0,604039
211561,2017,4,0,0,0.0,0,0,605761
211604,2017,4,0,0,0.0,0,0,609072
211698,2017,4,0,0,0.0,0,0,616611
211702,2017,4,0,0,0.0,0,0,616746
211726,2017,4,0,0,0.0,0,0,618824
211735,2018,7,0,0,0.0,574,103,643912
211743,2017,4,0,0,0.0,0,0,620122
211758,2017,4,0,0,0.0,0,0,621940
211769,2017,4,0,0,0.0,0,0,622801
211781,2017,4,0,0,0.0,0,0,623341
211784,2017,4,0,0,0.0,0,0,623861
211791,2017,4,0,0,0.0,0,0,625033
211793,2017,4,0,0,0.0,0,0,625434
211794,2017,4,0,0,0.0,0,0,625451
211803,2017,4,0,0,0.0,0,0,626217
211811,2017,4,0,0,0.0,0,0,627244
211814,2017,4,0,0,0.0,0,0,627502
211822,2017,4,0,0,0.0,0,0,628017
211826,2017,4,0,0,0.0,0,0,628452
211842,2017,4,0,0,0.0,0,0,629966
211860,2017,4,0,0,0.0,0,0,631661
211881,2017,4,0,0,0.0,0,0,633490
211902,2017,4,0,0,0.0,0,0,635509
211915,2017,4,0,0,0.0,0,0,636505
211930,2017,4,0,0,0.0,0,0,637687
211943,2017,4,0,0,0.0,0,0,638495
211964,2017,4,0,0,0.0,0,0,640244
211984,2017,4,0,0,0.0,0,0,642002
211985,2017,4,0,0,0.0,0,0,642031
211986,2017,4,0,0,0.0,0,0,642247
211990,2017,4,0,0,0.0,0,0,642409
212007,2017,4,0,0,0.0,0,0,644630
212088,2017,5,0,0,0.0,512,92,933968
212106,2017,4,0,0,0.0,0,0,652816
212121,2017,4,0,0,0.0,0,0,653890
212180,2017,4,0,0,0.0,0,0,660436
212186,2017,4,0,0,0.0,0,0,661054
212195,2017,4,0,0,0.0,0,0,661744
212196,2017,4,0,0,0.0,0,0,662164
212199,2017,4,0,0,0.0,0,0,662380
212214,2017,4,0,0,0.0,0,0,663641
212220,2017,4,0,0,0.0,0,0,664008
212249,2017,4,0,0,0.0,0,0,667341
212261,2017,4,0,0,0.0,0,0,667860
212270,2017,4,0,0,0.0,0,0,668959
212286,2017,4,0,0,0.0,0,0,670751
212294,2017,4,0,0,0.0,0,0,671534
212298,2017,4,0,0,0.0,0,0,671906
212306,2017,4,0,0,0.0,0,0,672391
212340,2017,4,0,0,0.0,0,0,676669
212355,2017,4,0,0,0.0,0,0,677704
212379,2017,4,0,0,0.0,0,0,679414
212414,2017,4,0,0,0.0,0,0,683126
212436,2017,4,0,0,0.0,0,0,684155
212445,2017,4,0,0,0.0,0,0,684934
212536,2017,4,0,0,0.0,0,0,693295
212539,2017,4,0,0,0.0,0,0,693494
212559,2017,4,0,0,0.0,0,0,695342
212561,2017,4,0,0,0.0,0,0,695428
212566,2017,4,0,0,0.0,0,0,695878
212569,2017,4,0,0,0.0,0,0,696096
212580,2017,4,0,0,0.0,0,0,697272
212618,2017,4,0,0,0.0,0,0,701216
212623,2017,4,0,0,0.0,0,0,701732
212626,2017,4,0,0,0.0,0,0,702147
212635,2017,4,0,0,0.0,0,0,702542
212650,2017,4,0,0,0.0,0,0,703882
212693,2017,4,0,0,0.0,0,0,708020
212696,2017,4,0,0,0.0,0,0,708258
212707,2017,4,0,0,0.0,0,0,709415
212716,2017,4,0,0,0.0,0,0,710003
212717,2017,4,0,0,0.0,0,0,710003
212755,2017,4,0,0,0.0,0,0,714379
212763,2017,4,0,0,0.0,0,0,715462
212785,2017,4,0,0,0.0,0,0,717459
212787,2017,4,0,0,0.0,0,0,717632
212842,2017,4,0,0,0.0,0,0,723969
212890,2017,4,0,0,0.0,0,0,728486
212903,2017,4,0,0,0.0,0,0,730246
212904,2017,4,0,0,0.0,0,0,730561
212918,2017,4,0,0,0.0,0,0,731510
212943,2017,4,0,0,0.0,0,0,733907
212952,2017,4,0,0,0.0,0,0,735263
212963,2017,4,0,0,0.0,0,0,736258
212971,2017,4,0,0,0.0,0,0,737451
212992,2017,4,0,0,0.0,0,0,738459
213072,2017,4,0,0,0.0,0,0,744228
213075,2017,4,0,0,0.0,0,0,744567
213077,2017,4,0,0,0.0,0,0,744612
213093,2017,4,0,0,0.0,0,0,745811
213097,2017,4,0,0,0.0,0,0,745920
213110,2017,4,0,0,0.0,0,0,746772
213121,2017,4,0,0,0.0,0,0,747609
213148,2017,4,0,0,0.0,0,0,750247
213156,2017,4,0,0,0.0,0,0,750710
213182,2017,4,0,0,0.0,0,0,752885
213188,2017,4,0,0,0.0,0,0,753473
213190,2017,4,0,0,0.0,0,0,753637
213201,2017,4,0,0,0.0,0,0,754539
213212,2017,4,0,0,0.0,0,0,755374
213231,2017,4,0,0,0.0,0,0,756791
213239,2017,4,0,0,0.0,0,0,757127
213268,2017,4,0,0,0.0,0,0,760061
213290,2017,4,0,0,0.0,0,0,762117
213293,2017,4,0,0,0.0,0,0,762272
213339,2017,4,0,0,0.0,0,0,766909
213361,2017,4,0,0,0.0,0,0,768072
213374,2017,4,0,0,0.0,0,0,769623
213378,2017,11,0,0,0.0,314,57,944506
213386,2017,4,0,0,0.0,0,0,770968
213387,2017,4,0,0,0.0,0,0,771056
213436,2017,4,0,0,0.0,0,0,774321
213455,2017,4,0,0,0.0,0,0,776736
213473,2017,4,0,0,0.0,0,0,778030
213503,2017,4,0,0,0.0,0,0,781062
213537,2017,4,0,0,0.0,0,0,784787
213584,2017,4,0,0,0.0,0,0,789573
213611,2017,4,0,0,0.0,0,0,793178
213685,2017,4,0,0,0.0,0,0,799781
213691,2017,4,0,0,0.0,0,0,800433
213701,2017,4,0,0,0.0,0,0,801821
213716,2017,4,0,0,0.0,0,0,803084
213718,2017,4,0,0,0.0,0,0,803252
213751,2017,4,0,0,0.0,0,0,807058
213753,2017,4,0,0,0.0,0,0,807211
213788,2017,4,0,0,0.0,0,0,811684
213797,2017,4,0,0,0.0,0,0,812894
213798,2017,4,0,0,0.0,0,0,813352
213839,2017,4,0,0,0.0,0,0,817456
213874,2017,4,0,0,0.0,0,0,820344
213877,2017,4,0,0,0.0,0,0,820542
213897,2017,4,0,0,0.0,0,0,822696
213901,2017,4,0,0,0.0,0,0,822765
213931,2017,4,0,0,0.0,0,0,825484
213936,2017,4,0,0,0.0,0,0,825730
213941,2017,4,0,0,0.0,0,0,826304
213943,2017,4,0,0,0.0,0,0,826556
213977,2017,4,0,0,0.0,0,0,830394
214002,2017,4,0,0,0.0,0,0,832665
214004,2017,4,0,0,0.0,0,0,832810
214027,2017,4,0,0,0.0,0,0,834799
214038,2017,4,0,0,0.0,0,0,835796
214080,2017,4,0,0,0.0,0,0,839422
214111,2017,4,0,0,0.0,0,0,842279
214112,2017,4,0,0,0.0,0,0,842390
214135,2017,4,0,0,0.0,0,0,844477
214154,2017,4,0,0,0.0,0,0,846291
214177,2017,4,0,0,0.0,0,0,849569
214189,2017,4,0,0,0.0,0,0,850245
214198,2017,4,0,0,0.0,0,0,851845
214221,2017,4,0,0,0.0,0,0,853421
214229,2017,4,0,0,0.0,0,0,854742
214234,2017,4,0,0,0.0,0,0,855050
214246,2017,4,0,0,0.0,0,0,856406
214291,2017,4,0,0,0.0,0,0,860684
214293,2017,4,0,0,0.0,0,0,861058
214299,2017,4,0,0,0.0,0,0,861330
214304,2017,4,0,0,0.0,0,0,861629
214307,2017,4,0,0,0.0,0,0,861700
214322,2017,4,0,0,0.0,0,0,863349
214374,2017,4,0,0,0.0,0,0,869712
214381,2017,4,0,0,0.0,0,0,870574
214395,2017,1,0,0,0.0,0,0,245440
214400,2017,4,0,0,0.0,0,0,872335
214410,2017,3,0,0,0.0,0,0,245440
214411,2017,4,0,0,0.0,0,0,245440
214412,2017,5,0,0,0.0,0,0,245440
214418,2017,6,0,0,0.0,0,0,245440
214427,2017,7,0,0,0.0,0,0,245440
214439,2017,8,0,0,0.0,0,0,245440
214442,2017,4,0,0,0.0,0,0,875796
214453,2017,4,0,0,0.0,0,0,877152
214456,2017,9,0,0,0.0,0,0,245440
214457,2017,10,0,0,0.0,0,0,245440
214459,2017,4,0,0,0.0,0,0,877603
214464,2017,4,0,0,0.0,0,0,878284
214466,2017,11,0,0,0.0,0,0,245440
214494,2017,12,0,0,0.0,0,0,245440
214501,2018,1,0,0,0.0,0,0,245440
214513,2017,4,0,0,0.0,0,0,882718
214516,2017,4,0,0,0.0,0,0,883025
214519,2018,2,0,0,0.0,0,0,245440
214521,2017,4,0,0,0.0,0,0,883349
214522,2018,3,0,0,0.0,0,0,245440
214524,2018,4,0,0,0.0,0,0,245440
214530,2018,5,0,0,0.0,0,0,245440
214537,2018,6,0,0,0.0,0,0,245440
214558,2017,4,0,0,0.0,0,0,886299
214567,2018,7,0,0,0.0,0,0,245440
214578,2018,8,0,0,0.0,0,0,245440
214579,2017,4,0,0,0.0,0,0,888357
214582,2018,9,0,0,0.0,0,0,245440
214584,2018,10,0,0,0.0,0,0,245440
214587,2018,11,0,0,0.0,0,0,245440
214588,2017,4,0,0,0.0,0,0,889964
214590,2018,12,0,0,0.0,0,0,245440
214597,2017,4,0,0,0.0,0,0,890650
214601,2017,4,0,0,0.0,0,0,890882
214620,2017,4,0,0,0.0,0,0,892517
214625,2017,4,0,0,0.0,0,0,892797
214660,2017,4,0,0,0.0,0,0,896651
214661,2017,4,0,0,0.0,0,0,896685
214672,2017,4,0,0,0.0,0,0,897734
214731,2017,4,0,0,0.0,0,0,904304
214750,2017,4,0,0,0.0,0,0,905478
214755,2017,4,0,0,0.0,0,0,906178
214766,2017,4,0,0,0.0,0,0,907038
214777,2017,4,0,0,0.0,0,0,908120
214780,2017,4,0,0,0.0,0,0,908248
214809,2017,4,0,0,0.0,0,0,910373
214845,2017,4,0,0,0.0,0,0,913571
214876,2017,4,0,0,0.0,0,0,916713
214882,2017,4,0,0,0.0,0,0,917610
214883,2017,4,0,0,0.0,0,0,917630
214886,2017,4,0,0,0.0,0,0,917998
214890,2017,4,0,0,0.0,0,0,918053
214895,2017,4,0,0,0.0,0,0,918404
214930,2017,4,0,0,0.0,0,0,922000
215000,2018,5,0,0,0.0,571,103,365451
215004,2017,4,0,0,0.0,0,0,929231
215007,2017,4,0,0,0.0,0,0,929455
215056,2017,4,0,0,0.0,0,0,933968
215087,2017,4,0,0,0.0,0,0,937645
215099,2017,4,0,0,0.0,0,0,939238
215105,2017,4,0,0,0.0,0,0,939485
215136,2017,4,0,0,0.0,0,0,942189
215161,2017,4,0,0,0.0,0,0,944506
215180,2017,4,0,0,0.0,0,0,946001
215183,2017,4,0,0,0.0,0,0,946258
215191,2017,4,0,0,0.0,0,0,947234
215202,2017,4,0,0,0.0,0,0,947876
215204,2017,4,0,0,0.0,0,0,948325
215209,2017,4,0,0,0.0,0,0,948662
215222,2017,4,0,0,0.0,0,0,949974
215228,2017,4,0,0,0.0,0,0,950336
215237,2017,4,0,0,0.0,0,0,950961
215267,2017,4,0,0,0.0,0,0,953307
215317,2017,4,0,0,0.0,0,0,957764
215346,2017,4,0,0,0.0,0,0,959453
215348,2017,4,0,0,0.0,0,0,959728
215401,2017,4,0,0,0.0,0,0,965079
215411,2017,4,0,0,0.0,0,0,965751
215417,2017,4,0,0,0.0,0,0,966204
215421,2017,4,0,0,0.0,0,0,966391
215423,2017,4,0,0,0.0,0,0,966580
215424,2017,4,0,0,0.0,0,0,966688
215438,2017,4,0,0,0.0,0,0,967347
215449,2017,4,0,0,0.0,0,0,968034
215451,2017,4,0,0,0.0,0,0,968225
215460,2017,4,0,0,0.0,0,0,968666
215496,2017,4,0,0,0.0,0,0,971582
215516,2017,4,0,0,0.0,0,0,973407
215517,2017,4,0,0,0.0,0,0,973609
215523,2017,4,0,0,0.0,0,0,974829
215540,2017,4,0,0,0.0,0,0,976330
215560,2017,4,0,0,0.0,0,0,978712
215584,2017,4,0,0,0.0,0,0,981536
215592,2017,4,0,0,0.0,0,0,982296
215596,2017,4,0,0,0.0,0,0,983199
215603,2017,4,0,0,0.0,0,0,983822
215620,2017,4,0,0,0.0,0,0,986208
215636,2017,2,0,0,0.0,0,0,251116
215642,2017,3,0,0,0.0,0,0,251116
215653,2017,4,0,0,0.0,0,0,251116
215670,2017,5,0,0,0.0,0,0,251116
215675,2017,6,0,0,0.0,0,0,251116
215677,2017,7,0,0,0.0,0,0,251116
215679,2017,8,0,0,0.0,0,0,251116
215680,2017,9,0,0,0.0,0,0,251116
215697,2017,10,0,0,0.0,0,0,251116
215701,2017,4,0,0,0.0,0,0,994377
215703,2017,11,0,0,0.0,0,0,251116
215706,2017,4,0,0,0.0,0,0,994877
215712,2017,4,0,0,0.0,0,0,995404
215725,2017,4,0,0,0.0,0,0,996686
215733,2017,12,0,0,0.0,0,0,251116
215735,2018,1,0,0,0.0,0,0,251116
215737,2018,2,0,0,0.0,0,0,251116
215738,2018,3,0,0,0.0,0,0,251116
215745,2018,4,0,0,0.0,0,0,251116
215752,2018,5,0,0,0.0,0,0,251116
215754,2018,6,0,0,0.0,0,0,251116
215755,2017,4,0,0,0.0,0,0,999460
215759,2018,7,0,0,0.0,0,0,251116
215761,2018,8,0,0,0.0,0,0,251116
215762,2018,9,0,0,0.0,0,0,251116
215771,2018,10,0,0,0.0,0,0,251116
215779,2017,5,0,0,0.0,0,0,101540
215784,2018,11,0,0,0.0,0,0,251116
215786,2018,12,0,0,0.0,0,0,251116
215818,2017,5,0,0,0.0,0,0,106037
215827,2017,5,0,0,0.0,0,0,106689
215828,2017,5,0,0,0.0,0,0,106776
215834,2017,5,0,0,0.0,0,0,107212
215877,2017,5,0,0,0.0,0,0,112842
215897,2017,5,0,0,0.0,0,0,114219
215907,2017,5,0,0,0.0,0,0,115198
215919,2017,5,0,0,0.0,0,0,116735
215956,2017,5,0,0,0.0,0,0,120613
215963,2017,5,0,0,0.0,0,0,121183
215974,2017,5,0,0,0.0,0,0,122545
215983,2017,5,0,0,0.0,0,0,123538
216032,2017,5,0,0,0.0,0,0,128032
216047,2017,5,0,0,0.0,0,0,128789
216070,2017,5,0,0,0.0,0,0,131257
216097,2018,10,0,0,0.0,496,89,207110
216116,2017,5,0,0,0.0,0,0,135421
216122,2017,5,0,0,0.0,0,0,135977
216156,2017,5,0,0,0.0,0,0,138565
216160,2017,5,0,0,0.0,0,0,138810
216169,2017,5,0,0,0.0,0,0,139600
216172,2017,5,0,0,0.0,0,0,139863
216173,2017,5,0,0,0.0,0,0,139974
216219,2017,5,0,0,0.0,0,0,144977
216228,2017,5,0,0,0.0,0,0,145988
216229,2017,5,0,0,0.0,0,0,146037
216261,2017,5,0,0,0.0,0,0,149884
216262,2017,5,0,0,0.0,0,0,149912
216323,2017,5,0,0,0.0,0,0,157566
216341,2017,5,0,0,0.0,0,0,159359
216387,2017,5,0,0,0.0,0,0,163608
216388,2017,8,0,0,0.0,573,103,338285
216393,2017,5,0,0,0.0,0,0,164034
216402,2017,5,0,0,0.0,0,0,164973
216403,2017,5,0,0,0.0,0,0,165019
216429,2017,5,0,0,0.0,0,0,167465
216436,2017,5,0,0,0.0,0,0,168302
216463,2017,5,0,0,0.0,0,0,170585
216480,2017,5,0,0,0.0,0,0,172162
216529,2017,5,0,0,0.0,0,0,177677
216555,2017,5,0,0,0.0,0,0,180024
216559,2017,5,0,0,0.0,0,0,180219
216581,2017,5,0,0,0.0,0,0,182785
216602,2017,5,0,0,0.0,0,0,184478
216604,2017,5,0,0,0.0,0,0,184924
216607,2017,5,0,0,0.0,0,0,185285
216613,2017,5,0,0,0.0,0,0,185774
216633,2017,5,0,0,0.0,0,0,187618
216641,2017,5,0,0,0.0,0,0,188147
216680,2017,5,0,0,0.0,0,0,192772
216682,2017,5,0,0,0.0,0,0,193037
216684,2017,5,0,0,0.0,0,0,193665
216686,2017,5,0,0,0.0,0,0,193775
216723,2017,5,0,0,0.0,0,0,197086
216732,2017,5,0,0,0.0,0,0,198407
216745,2017,5,0,0,0.0,0,0,199493
216762,2017,5,0,0,0.0,0,0,201276
216779,2017,5,0,0,0.0,0,0,202358
216812,2017,5,0,0,0.0,0,0,205195
216844,2017,5,0,0,0.0,0,0,208553
216846,2017,5,0,0,0.0,0,0,208586
216874,2017,5,0,0,0.0,0,0,210498
216889,2018,4,0,0,0.0,425,77,873886
216896,2017,5,0,0,0.0,0,0,212477
216929,2017,5,0,0,0.0,0,0,215508
216948,2017,5,0,0,0.0,0,0,216937
216989,2017,5,0,0,0.0,0,0,221627
216991,2017,5,0,0,0.0,0,0,221993
216998,2017,5,0,0,0.0,0,0,223081
217029,2017,5,0,0,0.0,0,0,225746
217045,2017,5,0,0,0.0,0,0,227804
217050,2017,5,0,0,0.0,0,0,228673
217082,2017,5,0,0,0.0,0,0,232290
217119,2017,5,0,0,0.0,0,0,236037
217127,2017,5,0,0,0.0,0,0,237319
217133,2017,5,0,0,0.0,0,0,238063
217178,2017,5,0,0,0.0,0,0,242719
217179,2017,5,0,0,0.0,0,0,242839
217187,2017,5,0,0,0.0,0,0,243273
217201,2017,5,0,0,0.0,0,0,244308
217207,2017,5,0,0,0.0,0,0,244721
217223,2017,5,0,0,0.0,0,0,246187
217244,2017,5,0,0,0.0,0,0,248593
217309,2017,5,0,0,0.0,0,0,254860
217344,2017,5,0,0,0.0,0,0,257509
217413,2017,5,0,0,0.0,0,0,263127
217440,2017,5,0,0,0.0,0,0,264486
217445,2017,5,0,0,0.0,0,0,265297
217453,2017,5,0,0,0.0,0,0,266148
217477,2017,5,0,0,0.0,0,0,268129
217488,2017,5,0,0,0.0,0,0,269565
217511,2017,5,0,0,0.0,0,0,271675
217534,2017,5,0,0,0.0,0,0,274141
217543,2017,5,0,0,0.0,0,0,274879
217559,2017,5,0,0,0.0,0,0,276289
217584,2017,5,0,0,0.0,0,0,278059
217600,2017,5,0,0,0.0,0,0,279231
217633,2017,5,0,0,0.0,0,0,283770
217641,2017,5,0,0,0.0,0,0,284610
217653,2017,5,0,0,0.0,0,0,286065
217730,2017,5,0,0,0.0,0,0,295302
217748,2017,5,0,0,0.0,0,0,297427
217751,2017,5,0,0,0.0,0,0,297702
217785,2017,5,0,0,0.0,0,0,300376
217832,2017,5,0,0,0.0,0,0,304870
217852,2017,5,0,0,0.0,0,0,306708
217859,2017,5,0,0,0.0,0,0,307159
217874,2017,5,0,0,0.0,0,0,308891
217880,2017,5,0,0,0.0,0,0,309364
217890,2017,5,0,0,0.0,0,0,310965
217897,2017,5,0,0,0.0,0,0,311946
217927,2017,5,0,0,0.0,0,0,314558
217946,2017,5,0,0,0.0,0,0,316793
217955,2017,5,0,0,0.0,0,0,317776
217958,2017,5,0,0,0.0,0,0,318264
217963,2017,5,0,0,0.0,0,0,318654
217991,2017,5,0,0,0.0,0,0,320414
218073,2017,5,0,0,0.0,0,0,328349
218075,2017,5,0,0,0.0,0,0,328446
218080,2017,5,0,0,0.0,0,0,329215
218088,2017,5,0,0,0.0,0,0,329826
218096,2017,5,0,0,0.0,0,0,330464
218109,2017,5,0,0,0.0,0,0,331325
218111,2017,5,0,0,0.0,0,0,331598
218151,2017,5,0,0,0.0,0,0,336037
218157,2017,5,0,0,0.0,0,0,336341
218168,2017,5,0,0,0.0,0,0,337453
218172,2017,5,0,0,0.0,0,0,337983
218184,2017,5,0,0,0.0,0,0,339845
218216,2017,5,0,0,0.0,0,0,342929
218248,2017,5,0,0,0.0,0,0,345615
218252,2017,5,0,0,0.0,0,0,345908
218297,2017,5,0,0,0.0,0,0,348718
218320,2017,5,0,0,0.0,0,0,350692
218362,2017,5,0,0,0.0,0,0,354464
218396,2017,5,0,0,0.0,0,0,358039
218403,2017,5,0,0,0.0,0,0,358586
218419,2017,5,0,0,0.0,0,0,360537
218466,2017,5,0,0,0.0,0,0,366133
218526,2017,5,0,0,0.0,0,0,371368
218572,2017,5,0,0,0.0,0,0,375162
218579,2017,5,0,0,0.0,0,0,375540
218592,2017,5,0,0,0.0,0,0,376618
218618,2017,5,0,0,0.0,0,0,379120
218686,2017,5,0,0,0.0,0,0,386790
218713,2017,5,0,0,0.0,0,0,390480
218725,2017,5,0,0,0.0,0,0,391611
218780,2017,5,0,0,0.0,0,0,397817
218831,2017,5,0,0,0.0,0,0,403052
218838,2017,5,0,0,0.0,0,0,403529
218839,2017,5,0,0,0.0,0,0,403529
218843,2017,5,0,0,0.0,0,0,404426
218863,2017,5,0,0,0.0,0,0,406254
218880,2017,5,0,0,0.0,0,0,408134
218883,2017,5,0,0,0.0,0,0,408347
218918,2017,5,0,0,0.0,0,0,411715
218930,2017,5,0,0,0.0,0,0,412995
218932,2017,5,0,0,0.0,0,0,413185
218944,2017,5,0,0,0.0,0,0,414164
218955,2017,5,0,0,0.0,0,0,415402
218974,2017,5,0,0,0.0,0,0,417904
218991,2017,5,0,0,0.0,0,0,419661
218997,2017,5,0,0,0.0,0,0,420202
219000,2017,5,0,0,0.0,0,0,420394
219013,2017,5,0,0,0.0,0,0,421923
219039,2017,5,0,0,0.0,0,0,424027
219050,2017,5,0,0,0.0,0,0,424540
219056,2017,5,0,0,0.0,0,0,425445
219067,2017,5,0,0,0.0,0,0,426124
219068,2017,5,0,0,0.0,0,0,426141
219091,2017,5,0,0,0.0,0,0,428526
219098,2017,5,0,0,0.0,0,0,428826
219125,2017,5,0,0,0.0,0,0,431187
219126,2017,5,0,0,0.0,0,0,431201
219157,2017,5,0,0,0.0,0,0,434620
219183,2017,5,0,0,0.0,0,0,436318
219201,2017,5,0,0,0.0,0,0,438199
219222,2017,5,0,0,0.0,0,0,440928
219243,2017,5,0,0,0.0,0,0,442695
219255,2017,5,0,0,0.0,0,0,443970
219258,2017,5,0,0,0.0,0,0,444092
219268,2017,5,0,0,0.0,0,0,444894
219272,2017,5,0,0,0.0,0,0,445073
219281,2017,5,0,0,0.0,0,0,445427
219297,2017,5,0,0,0.0,0,0,446991
219308,2017,5,0,0,0.0,0,0,448273
219355,2017,5,0,0,0.0,0,0,453448
219361,2017,5,0,0,0.0,0,0,453971
219382,2017,5,0,0,0.0,0,0,455941
219407,2017,5,0,0,0.0,0,0,458614
219421,2017,5,0,0,0.0,0,0,459948
219437,2017,5,0,0,0.0,0,0,461199
219452,2017,5,0,0,0.0,0,0,462459
219453,2017,5,0,0,0.0,0,0,462497
219479,2017,5,0,0,0.0,0,0,464471
219493,2017,5,0,0,0.0,0,0,465476
219505,2017,5,0,0,0.0,0,0,466384
219510,2017,5,0,0,0.0,0,0,466953
219513,2017,5,0,0,0.0,0,0,467139
219558,2017,5,0,0,0.0,0,0,471858
219568,2017,5,0,0,0.0,0,0,472532
219611,2017,5,0,0,0.0,0,0,476273
219613,2017,5,0,0,0.0,0,0,476371
219623,2017,5,0,0,0.0,0,0,478107
219642,2017,5,0,0,0.0,0,0,480909
219647,2017,5,0,0,0.0,0,0,481293
219659,2017,5,0,0,0.0,0,0,482424
219660,2017,5,0,0,0.0,0,0,482528
219672,2017,5,0,0,0.0,0,0,483768
219697,2017,5,0,0,0.0,0,0,485705
219701,2017,5,0,0,0.0,0,0,485933
219703,2017,5,0,0,0.0,0,0,486112
219713,2017,5,0,0,0.0,0,0,487027
219720,2017,5,0,0,0.0,0,0,487605
219728,2017,5,0,0,0.0,0,0,488303
219729,2017,5,0,0,0.0,0,0,488346
219749,2017,5,0,0,0.0,0,0,489628
219750,2017,5,0,0,0.0,0,0,489842
219780,2017,5,0,0,0.0,0,0,492367
219803,2017,5,0,0,0.0,0,0,494515
219806,2017,5,0,0,0.0,0,0,494885
219809,2017,5,0,0,0.0,0,0,495253
219837,2017,5,0,0,0.0,0,0,498149
219849,2017,5,0,0,0.0,0,0,499128
219893,2017,5,0,0,0.0,0,0,502946
219905,2017,5,0,0,0.0,0,0,504260
219943,2017,5,0,0,0.0,0,0,508080
219944,2017,5,0,0,0.0,0,0,508115
219958,2017,5,0,0,0.0,0,0,509513
220026,2017,5,0,0,0.0,0,0,515969
220069,2017,5,0,0,0.0,0,0,519726
220094,2017,5,0,0,0.0,0,0,523246
220103,2017,1,0,0,0.0,0,0,263612
220106,2017,5,0,0,0.0,0,0,525548
220117,2017,2,0,0,0.0,0,0,263612
220123,2017,5,0,0,0.0,0,0,527194
220130,2017,5,0,0,0.0,0,0,528074
220136,2017,5,0,0,0.0,0,0,528363
220137,2017,5,0,0,0.0,0,0,528693
220183,2017,9,0,0,0.0,0,0,263612
220184,2017,10,0,0,0.0,0,0,263612
220185,2017,11,0,0,0.0,0,0,263612
220187,2017,12,0,0,0.0,0,0,263612
220189,2018,1,0,0,0.0,0,0,263612
220201,2018,2,0,0,0.0,0,0,263612
220208,2018,3,0,0,0.0,0,0,263612
220213,2017,5,0,0,0.0,0,0,535436
220214,2017,5,0,0,0.0,0,0,535482
220215,2018,4,0,0,0.0,0,0,263612
220220,2018,5,0,0,0.0,0,0,263612
220227,2018,6,0,0,0.0,0,0,263612
220229,2018,7,0,0,0.0,0,0,263612
220232,2017,5,0,0,0.0,0,0,537038
220243,2017,5,0,0,0.0,0,0,538308
220252,2018,8,0,0,0.0,0,0,263612
220259,2018,9,0,0,0.0,0,0,263612
220262,2018,10,0,0,0.0,0,0,263612
220264,2018,11,0,0,0.0,0,0,263612
220276,2018,12,0,0,0.0,0,0,263612
220277,2017,5,0,0,0.0,0,0,540836
220296,2017,5,0,0,0.0,0,0,542893
220304,2017,5,0,0,0.0,0,0,543599
220311,2017,5,0,0,0.0,0,0,544690
220340,2017,5,0,0,0.0,0,0,547217
220369,2017,5,0,0,0.0,0,0,549862
220373,2017,5,0,0,0.0,0,0,550262
220378,2017,5,0,0,0.0,0,0,550769
220396,2017,5,0,0,0.0,0,0,552328
220414,2017,5,0,0,0.0,0,0,553936
220455,2017,5,0,0,0.0,0,0,558097
220472,2017,5,0,0,0.0,0,0,559388
220487,2017,5,0,0,0.0,0,0,561481
220501,2017,5,0,0,0.0,0,0,562501
220516,2017,5,0,0,0.0,0,0,564813
220518,2017,5,0,0,0.0,0,0,565008
220519,2017,5,0,0,0.0,0,0,565074
220521,2017,5,0,0,0.0,0,0,565171
220531,2017,5,0,0,0.0,0,0,565991
220533,2017,5,0,0,0.0,0,0,566182
220544,2017,5,0,0,0.0,0,0,567070
220548,2017,5,0,0,0.0,0,0,567219
220567,2017,5,0,0,0.0,0,0,568880
220588,2017,5,0,0,0.0,0,0,571169
220597,2017,5,0,0,0.0,0,0,572062
220616,2017,5,0,0,0.0,0,0,573830
220679,2017,5,0,0,0.0,0,0,579015
220683,2017,5,0,0,0.0,0,0,579424
220709,2017,5,0,0,0.0,0,0,581661
220713,2017,5,0,0,0.0,0,0,581999
220738,2017,5,0,0,0.0,0,0,583718
220768,2017,5,0,0,0.0,0,0,585978
220779,2017,5,0,0,0.0,0,0,587378
220802,2017,5,0,0,0.0,0,0,590514
220807,2017,5,0,0,0.0,0,0,590989
220813,2017,5,0,0,0.0,0,0,591641
220823,2017,5,0,0,0.0,0,0,593252
220824,2017,5,0,0,0.0,0,0,593252
220844,2017,5,0,0,0.0,0,0,595323
220855,2017,5,0,0,0.0,0,0,596173
220857,2017,5,0,0,0.0,0,0,596586
220870,2017,5,0,0,0.0,0,0,597897
220882,2017,5,0,0,0.0,0,0,599372
220898,2017,5,0,0,0.0,0,0,600785
220903,2017,5,0,0,0.0,0,0,600923
220907,2017,5,0,0,0.0,0,0,601597
220917,2017,5,0,0,0.0,0,0,602694
220927,2017,5,0,0,0.0,0,0,603775
220929,2017,5,0,0,0.0,0,0,604039
220995,2017,5,0,0,0.0,0,0,608758
220996,2017,5,0,0,0.0,0,0,609072
220998,2017,5,0,0,0.0,0,0,609532
221037,2017,5,0,0,0.0,0,0,612510
221066,2017,5,0,0,0.0,0,0,615214
221084,2017,5,0,0,0.0,0,0,616611
221089,2017,5,0,0,0.0,0,0,616746
221095,2017,5,0,0,0.0,0,0,617960
221105,2017,5,0,0,0.0,0,0,618824
221115,2017,5,0,0,0.0,0,0,620122
221127,2017,5,0,0,0.0,0,0,621940
221140,2017,5,0,0,0.0,0,0,622801
221149,2017,5,0,0,0.0,0,0,623341
221174,2017,5,0,0,0.0,0,0,626217
221182,2017,5,0,0,0.0,0,0,627244
221184,2017,5,0,0,0.0,0,0,627502
221193,2017,5,0,0,0.0,0,0,628452
221206,2017,5,0,0,0.0,0,0,629966
221218,2017,5,0,0,0.0,0,0,631661
221222,2017,5,0,0,0.0,0,0,632097
221234,2017,5,0,0,0.0,0,0,633490
221254,2017,5,0,0,0.0,0,0,635509
221285,2017,5,0,0,0.0,0,0,638495
221330,2017,5,0,0,0.0,0,0,642002
221331,2017,5,0,0,0.0,0,0,642031
221333,2017,5,0,0,0.0,0,0,642247
221337,2017,5,0,0,0.0,0,0,642409
221352,2017,8,0,0,0.0,648,117,754539
221362,2017,5,0,0,0.0,0,0,645081
221419,2017,5,0,0,0.0,0,0,650621
221450,2017,5,0,0,0.0,0,0,652816
221466,2017,5,0,0,0.0,0,0,653890
221468,2017,5,0,0,0.0,0,0,654073
221495,2017,5,0,0,0.0,0,0,656572
221499,2017,5,0,0,0.0,0,0,656942
221530,2017,5,0,0,0.0,0,0,660436
221544,2017,5,0,0,0.0,0,0,662380
221559,2017,5,0,0,0.0,0,0,663641
221564,2017,5,0,0,0.0,0,0,664008
221591,2017,5,0,0,0.0,0,0,667262
221594,2017,5,0,0,0.0,0,0,667341
221639,2017,5,0,0,0.0,0,0,671803
221640,2017,5,0,0,0.0,0,0,671906
221646,2017,5,0,0,0.0,0,0,672391
221696,2017,5,0,0,0.0,0,0,677704
221719,2017,5,0,0,0.0,0,0,679414
221856,2017,5,0,0,0.0,0,0,693494
221869,2017,5,0,0,0.0,0,0,694942
221871,2017,5,0,0,0.0,0,0,695342
221873,2017,5,0,0,0.0,0,0,695428
221922,2017,5,0,0,0.0,0,0,701216
221926,2017,5,0,0,0.0,0,0,701732
221930,2017,5,0,0,0.0,0,0,702147
221934,2017,5,0,0,0.0,0,0,702284
221936,2017,5,0,0,0.0,0,0,702406
221937,2017,5,0,0,0.0,0,0,702478
221942,2017,5,0,0,0.0,0,0,702542
221958,2017,5,0,0,0.0,0,0,703882
221959,2017,5,0,0,0.0,0,0,703937
221962,2017,5,0,0,0.0,0,0,704149
221964,2017,5,0,0,0.0,0,0,704270
221992,2017,5,0,0,0.0,0,0,707470
222003,2017,5,0,0,0.0,0,0,708258
222006,2017,5,0,0,0.0,0,0,708343
222020,2017,5,0,0,0.0,0,0,710003
222021,2017,5,0,0,0.0,0,0,710003
222046,2017,5,0,0,0.0,0,0,713236
222054,2017,5,0,0,0.0,0,0,714379
222076,2017,5,0,0,0.0,0,0,717459
222077,2017,5,0,0,0.0,0,0,717632
222091,2017,5,0,0,0.0,0,0,719383
222129,2017,5,0,0,0.0,0,0,723969
222133,2017,5,0,0,0.0,0,0,724272
222154,2017,5,0,0,0.0,0,0,726139
222183,2017,5,0,0,0.0,0,0,728486
222199,2017,5,0,0,0.0,0,0,730246
222201,2017,5,0,0,0.0,0,0,730561
222233,2017,5,0,0,0.0,0,0,733907
222240,2017,5,0,0,0.0,0,0,735263
222241,2017,5,0,0,0.0,0,0,735304
222252,2017,5,0,0,0.0,0,0,736258
222260,2017,5,0,0,0.0,0,0,737451
222276,2017,5,0,0,0.0,0,0,738459
222305,2017,5,0,0,0.0,0,0,741422
222318,2017,5,0,0,0.0,0,0,742281
222345,2017,5,0,0,0.0,0,0,744228
222365,2017,5,0,0,0.0,0,0,745920
222376,2017,5,0,0,0.0,0,0,746772
222394,2017,5,0,0,0.0,0,0,747926
222419,2017,5,0,0,0.0,0,0,750247
222423,2017,5,0,0,0.0,0,0,750649
222432,2017,5,0,0,0.0,0,0,751594
222442,2017,5,0,0,0.0,0,0,752885
222447,2017,5,0,0,0.0,0,0,753473
222448,2017,5,0,0,0.0,0,0,753637
222456,2017,5,0,0,0.0,0,0,754539
222474,2017,5,0,0,0.0,0,0,756515
222483,2017,5,0,0,0.0,0,0,756867
222488,2017,5,0,0,0.0,0,0,757127
222536,2017,5,0,0,0.0,0,0,762272
222593,2017,5,0,0,0.0,0,0,766909
222613,2017,5,0,0,0.0,0,0,768072
222634,2017,5,0,0,0.0,0,0,771035
222635,2017,5,0,0,0.0,0,0,771056
222679,2017,5,0,0,0.0,0,0,774321
222773,2017,5,0,0,0.0,0,0,784787
222799,2017,5,0,0,0.0,0,0,787548
222821,2017,5,0,0,0.0,0,0,789573
222824,2017,5,0,0,0.0,0,0,789892
222829,2017,5,0,0,0.0,0,0,790450
222924,2017,5,0,0,0.0,0,0,800433
222939,2017,5,0,0,0.0,0,0,801821
222955,2017,5,0,0,0.0,0,0,803084
222958,2017,5,0,0,0.0,0,0,803252
222991,2017,5,0,0,0.0,0,0,807058
222995,2017,5,0,0,0.0,0,0,807211
223014,2017,5,0,0,0.0,0,0,810581
223026,2017,5,0,0,0.0,0,0,811684
223034,2017,5,0,0,0.0,0,0,813352
223075,2017,5,0,0,0.0,0,0,817456
223079,2017,5,0,0,0.0,0,0,817851
223087,2017,5,0,0,0.0,0,0,818597
223101,2017,5,0,0,0.0,0,0,819809
223109,2017,5,0,0,0.0,0,0,820344
223110,2017,5,0,0,0.0,0,0,820454
223112,2017,5,0,0,0.0,0,0,820542
223169,2017,5,0,0,0.0,0,0,825730
223176,2017,5,0,0,0.0,0,0,826556
223199,2017,5,0,0,0.0,0,0,828232
223215,2017,5,0,0,0.0,0,0,829861
223219,2017,5,0,0,0.0,0,0,830394
223224,2017,5,0,0,0.0,0,0,830811
223249,2017,5,0,0,0.0,0,0,832665
223250,2017,5,0,0,0.0,0,0,832810
223293,2017,5,0,0,0.0,0,0,835796
223358,2017,5,0,0,0.0,0,0,842279
223359,2017,5,0,0,0.0,0,0,842390
223382,2017,5,0,0,0.0,0,0,844477
223401,2017,5,0,0,0.0,0,0,846291
223426,2017,5,0,0,0.0,0,0,849569
223433,2017,5,0,0,0.0,0,0,850245
223441,2017,5,0,0,0.0,0,0,851421
223444,2017,5,0,0,0.0,0,0,851845
223451,2017,5,0,0,0.0,0,0,852323
223473,2017,5,0,0,0.0,0,0,854742
223476,2017,5,0,0,0.0,0,0,854902
223479,2017,5,0,0,0.0,0,0,855050
223489,2017,5,0,0,0.0,0,0,856406
223502,2017,5,0,0,0.0,0,0,857814
223532,2017,5,0,0,0.0,0,0,860684
223534,2017,5,0,0,0.0,0,0,861058
223538,2017,5,0,0,0.0,0,0,861330
223543,2017,5,0,0,0.0,0,0,861629
223545,2017,5,0,0,0.0,0,0,861700
223603,2017,5,0,0,0.0,0,0,867446
223624,2017,5,0,0,0.0,0,0,869712
223629,2017,5,0,0,0.0,0,0,870574
223666,2017,5,0,0,0.0,0,0,873886
223676,2017,5,0,0,0.0,0,0,874614
223688,2017,5,0,0,0.0,0,0,875796
223703,2017,5,0,0,0.0,0,0,877152
223708,2017,5,0,0,0.0,0,0,877603
223713,2017,5,0,0,0.0,0,0,878284
223722,2017,5,0,0,0.0,0,0,879177
223747,2017,5,0,0,0.0,0,0,881198
223765,2017,5,0,0,0.0,0,0,883025
223771,2017,5,0,0,0.0,0,0,883349
223796,2017,5,0,0,0.0,0,0,886299
223798,2017,5,0,0,0.0,0,0,886439
223821,2017,5,0,0,0.0,0,0,889964
223826,2017,5,0,0,0.0,0,0,890650
223831,2017,5,0,0,0.0,0,0,890882
223847,2017,5,0,0,0.0,0,0,892219
223850,2017,5,0,0,0.0,0,0,892517
223868,2017,5,0,0,0.0,0,0,893863
223889,2017,5,0,0,0.0,0,0,896651
223890,2017,5,0,0,0.0,0,0,896685
223899,2017,5,0,0,0.0,0,0,897734
223922,2017,5,0,0,0.0,0,0,900460
223951,2017,5,0,0,0.0,0,0,903209
223957,2017,5,0,0,0.0,0,0,903797
223978,2017,5,0,0,0.0,0,0,906178
223990,2017,5,0,0,0.0,0,0,907038
223999,2017,5,0,0,0.0,0,0,908248
224025,2017,5,0,0,0.0,0,0,910373
224080,2017,5,0,0,0.0,0,0,917630
224084,2017,5,0,0,0.0,0,0,917998
224091,2017,5,0,0,0.0,0,0,918404
224105,2017,5,0,0,0.0,0,0,920162
224127,2017,5,0,0,0.0,0,0,922188
224153,2017,5,0,0,0.0,0,0,924793
224190,2017,5,0,0,0.0,0,0,929231
224193,2017,5,0,0,0.0,0,0,929455
224250,2017,5,0,0,0.0,0,0,936273
224283,2017,5,0,0,0.0,0,0,939238
224289,2017,5,0,0,0.0,0,0,939485
224318,2017,5,0,0,0.0,0,0,942189
224353,2017,5,0,0,0.0,0,0,946001
224355,2017,5,0,0,0.0,0,0,946258
224368,2017,5,0,0,0.0,0,0,947234
224381,2017,5,0,0,0.0,0,0,948325
224398,2017,5,0,0,0.0,0,0,949974
224405,2017,5,0,0,0.0,0,0,950336
224415,2017,5,0,0,0.0,0,0,950961
224441,2017,5,0,0,0.0,0,0,953307
224484,2017,5,0,0,0.0,0,0,957764
224506,2017,5,0,0,0.0,0,0,959453
224509,2017,5,0,0,0.0,0,0,959728
224563,2017,5,0,0,0.0,0,0,965751
224568,2017,5,0,0,0.0,0,0,966204
224571,2017,5,0,0,0.0,0,0,966391
224573,2017,5,0,0,0.0,0,0,966580
224574,2017,5,0,0,0.0,0,0,966688
224585,2017,5,0,0,0.0,0,0,967347
224592,2017,5,0,0,0.0,0,0,967883
224595,2017,5,0,0,0.0,0,0,968034
224603,2017,5,0,0,0.0,0,0,968666
224635,2017,5,0,0,0.0,0,0,971528
224655,2017,5,0,0,0.0,0,0,973407
224656,2017,5,0,0,0.0,0,0,973609
224665,2017,5,0,0,0.0,0,0,974829
224686,2017,5,0,0,0.0,0,0,976330
224706,2017,5,0,0,0.0,0,0,978712
224748,2017,5,0,0,0.0,0,0,983199
224755,2017,5,0,0,0.0,0,0,983822
224779,2017,5,0,0,0.0,0,0,986208
224780,2017,5,0,0,0.0,0,0,986421
224849,2017,5,0,0,0.0,0,0,992886
224863,2017,5,0,0,0.0,0,0,995404
224877,2017,5,0,0,0.0,0,0,996686
224887,2017,5,0,0,0.0,0,0,997439
224905,2017,5,0,0,0.0,0,0,999460
224980,2017,6,0,0,0.0,0,0,106689
224990,2017,6,0,0,0.0,0,0,107487
224991,2017,6,0,0,0.0,0,0,107571
225026,2017,6,0,0,0.0,0,0,112842
225046,2017,6,0,0,0.0,0,0,114219
225057,2017,6,0,0,0.0,0,0,115198
225068,2017,6,0,0,0.0,0,0,116735
225108,2017,6,0,0,0.0,0,0,120613
225114,2017,6,0,0,0.0,0,0,121183
225121,2017,6,0,0,0.0,0,0,121856
225130,2017,6,0,0,0.0,0,0,122545
225137,2017,6,0,0,0.0,0,0,123538
225179,2017,6,0,0,0.0,0,0,127785
225184,2017,6,0,0,0.0,0,0,128032
225249,2017,6,0,0,0.0,0,0,135312
225250,2017,6,0,0,0.0,0,0,135421
225251,2017,6,0,0,0.0,0,0,135421
225280,2017,6,0,0,0.0,0,0,137850
225293,2017,6,0,0,0.0,0,0,138810
225303,2017,6,0,0,0.0,0,0,139600
225307,2017,6,0,0,0.0,0,0,139974
225367,2017,6,0,0,0.0,0,0,145988
225398,2017,6,0,0,0.0,0,0,149884
225399,2017,6,0,0,0.0,0,0,149912
225435,2017,6,0,0,0.0,0,0,153600
225448,2017,6,0,0,0.0,0,0,155118
225465,2017,6,0,0,0.0,0,0,157566
225478,2017,6,0,0,0.0,0,0,159359
225485,2017,6,0,0,0.0,0,0,160135
225521,2017,6,0,0,0.0,0,0,163608
225532,2017,6,0,0,0.0,0,0,165019
225542,2017,6,0,0,0.0,0,0,166037
225556,2017,6,0,0,0.0,0,0,167465
225565,2017,6,0,0,0.0,0,0,168302
225570,2017,6,0,0,0.0,0,0,169129
225601,2017,6,0,0,0.0,0,0,172162
225645,2017,6,0,0,0.0,0,0,177677
225662,2017,6,0,0,0.0,0,0,180024
225667,2017,6,0,0,0.0,0,0,180219
225675,2017,6,0,0,0.0,0,0,181082
225694,2017,6,0,0,0.0,0,0,182785
225697,2017,6,0,0,0.0,0,0,183025
225711,2017,6,0,0,0.0,0,0,184478
225717,2017,6,0,0,0.0,0,0,184924
225719,2017,6,0,0,0.0,0,0,185285
225724,2017,6,0,0,0.0,0,0,185774
225741,2017,6,0,0,0.0,0,0,187618
225744,2017,6,0,0,0.0,0,0,187838
225777,2017,6,0,0,0.0,0,0,191917
225783,2017,6,0,0,0.0,0,0,192651
225784,2017,6,0,0,0.0,0,0,192772
225786,2017,6,0,0,0.0,0,0,193037
225787,2017,6,0,0,0.0,0,0,193665
225790,2017,6,0,0,0.0,0,0,193775
225847,2017,6,0,0,0.0,0,0,198407
225861,2017,6,0,0,0.0,0,0,199493
225877,2017,6,0,0,0.0,0,0,201276
225916,2017,6,0,0,0.0,0,0,204343
225931,2017,6,0,0,0.0,0,0,205195
225950,2017,6,0,0,0.0,0,0,207110
225955,2017,6,0,0,0.0,0,0,207576
225962,2017,6,0,0,0.0,0,0,208553
225965,2017,6,0,0,0.0,0,0,208586
225979,2017,6,0,0,0.0,0,0,209675
226012,2017,6,0,0,0.0,0,0,212477
226040,2017,6,0,0,0.0,0,0,215508
226041,2017,6,0,0,0.0,0,0,215508
226060,2017,6,0,0,0.0,0,0,216937
226106,2017,6,0,0,0.0,0,0,221627
226109,2017,6,0,0,0.0,0,0,221993
226116,2017,6,0,0,0.0,0,0,223081
226140,2017,6,0,0,0.0,0,0,225363
226166,2017,6,0,0,0.0,0,0,227804
226172,2017,6,0,0,0.0,0,0,228673
226234,2017,6,0,0,0.0,0,0,236037
226236,2017,6,0,0,0.0,0,0,236593
226237,2017,6,0,0,0.0,0,0,236767
226243,2017,6,0,0,0.0,0,0,237274
226245,2017,6,0,0,0.0,0,0,237319
226247,2017,6,0,0,0.0,0,0,237434
226252,2017,6,0,0,0.0,0,0,238063
226303,2017,6,0,0,0.0,0,0,242719
226305,2017,6,0,0,0.0,0,0,242839
226308,2017,6,0,0,0.0,0,0,243061
226311,2017,6,0,0,0.0,0,0,243273
226322,2017,6,0,0,0.0,0,0,244308
226327,2017,6,0,0,0.0,0,0,244721
226335,2018,2,0,0,0.0,446,80,731510
226343,2017,6,0,0,0.0,0,0,246187
226360,2017,6,0,0,0.0,0,0,247514
226370,2017,6,0,0,0.0,0,0,248593
226434,2017,6,0,0,0.0,0,0,254860
226453,2017,6,0,0,0.0,0,0,256486
226464,2017,6,0,0,0.0,0,0,257509
226501,2017,6,0,0,0.0,0,0,261964
226542,2017,6,0,0,0.0,0,0,265297
226543,2017,6,0,0,0.0,0,0,265557
226571,2017,6,0,0,0.0,0,0,268414
226578,2017,6,0,0,0.0,0,0,269565
226589,2017,6,0,0,0.0,0,0,270730
226600,2017,6,0,0,0.0,0,0,271675
226635,2017,6,0,0,0.0,0,0,274879
226649,2017,6,0,0,0.0,0,0,276035
226651,2017,6,0,0,0.0,0,0,276255
226652,2017,6,0,0,0.0,0,0,276289
226678,2017,6,0,0,0.0,0,0,278059
226693,2017,6,0,0,0.0,0,0,279231
226728,2017,6,0,0,0.0,0,0,282259
226741,2017,6,0,0,0.0,0,0,283770
226744,2017,6,0,0,0.0,0,0,283980
226762,2017,6,0,0,0.0,0,0,286065
226843,2017,6,0,0,0.0,0,0,295302
226861,2017,6,0,0,0.0,0,0,297427
226895,2017,6,0,0,0.0,0,0,300376
226899,2017,6,0,0,0.0,0,0,300870
226927,2017,6,0,0,0.0,0,0,304870
226956,2017,6,0,0,0.0,0,0,307159
226973,2017,6,0,0,0.0,0,0,308891
226987,2017,6,0,0,0.0,0,0,310965
226996,2017,6,0,0,0.0,0,0,311946
227033,2017,6,0,0,0.0,0,0,314558
227046,2017,6,0,0,0.0,0,0,316793
227055,2017,6,0,0,0.0,0,0,318264
227071,2017,6,0,0,0.0,0,0,319664
227079,2017,6,0,0,0.0,0,0,320414
227106,2017,6,0,0,0.0,0,0,323720
227159,2017,6,0,0,0.0,0,0,328349
227161,2017,6,0,0,0.0,0,0,328446
227223,2017,6,0,0,0.0,0,0,336037
227243,2017,6,0,0,0.0,0,0,337453
227267,2017,6,0,0,0.0,0,0,339845
227329,2017,6,0,0,0.0,0,0,345615
227332,2017,6,0,0,0.0,0,0,345908
227372,2017,6,0,0,0.0,0,0,348718
227407,2017,6,0,0,0.0,0,0,352092
227422,2017,6,0,0,0.0,0,0,353128
227467,2017,6,0,0,0.0,0,0,358039
227472,2017,6,0,0,0.0,0,0,358586
227537,2017,6,0,0,0.0,0,0,365619
227606,2017,6,0,0,0.0,0,0,371368
227650,2017,6,0,0,0.0,0,0,375162
227691,2017,6,0,0,0.0,0,0,379238
227788,2017,4,0,0,0.0,0,0,299573
227790,2017,6,0,0,0.0,0,0,390480
227796,2017,6,0,0,0.0,0,0,299573
227804,2017,6,0,0,0.0,0,0,391611
227865,2018,2,0,0,0.0,0,0,299573
227871,2018,3,0,0,0.0,0,0,299573
227876,2018,4,0,0,0.0,0,0,299573
227879,2018,5,0,0,0.0,0,0,299573
227888,2018,6,0,0,0.0,0,0,299573
227889,2018,7,0,0,0.0,0,0,299573
227903,2018,8,0,0,0.0,0,0,299573
227905,2018,9,0,0,0.0,0,0,299573
227907,2018,10,0,0,0.0,0,0,299573
227911,2018,11,0,0,0.0,0,0,299573
227918,2017,6,0,0,0.0,0,0,403052
227925,2018,12,0,0,0.0,0,0,299573
227927,2017,6,0,0,0.0,0,0,403529
227928,2017,6,0,0,0.0,0,0,403529
227948,2017,6,0,0,0.0,0,0,405928
227951,2017,6,0,0,0.0,0,0,406254
227964,2017,6,0,0,0.0,0,0,407411
227972,2017,6,0,0,0.0,0,0,408134
227975,2017,6,0,0,0.0,0,0,408347
227982,2017,6,0,0,0.0,0,0,409051
228013,2017,6,0,0,0.0,0,0,411715
228025,2017,6,0,0,0.0,0,0,412995
228054,2017,6,0,0,0.0,0,0,415402
228074,2017,6,0,0,0.0,0,0,417904
228096,2017,6,0,0,0.0,0,0,419661
228098,2017,6,0,0,0.0,0,0,419749
228103,2017,6,0,0,0.0,0,0,420202
228106,2017,6,0,0,0.0,0,0,420394
228115,2017,6,0,0,0.0,0,0,421001
228147,2017,6,0,0,0.0,0,0,424027
228158,2017,6,0,0,0.0,0,0,425445
228168,2017,6,0,0,0.0,0,0,426124
228169,2017,6,0,0,0.0,0,0,426141
228198,2017,6,0,0,0.0,0,0,428526
228199,2018,4,0,0,0.0,536,96,684934
228208,2017,6,0,0,0.0,0,0,428826
228229,2017,6,0,0,0.0,0,0,431187
228230,2017,6,0,0,0.0,0,0,431201
228262,2017,6,0,0,0.0,0,0,434620
228282,2017,6,0,0,0.0,0,0,436318
228303,2017,6,0,0,0.0,0,0,438641
228319,2017,6,0,0,0.0,0,0,440928
228334,2017,6,0,0,0.0,0,0,442249
228338,2017,6,0,0,0.0,0,0,442695
228348,2017,6,0,0,0.0,0,0,443970
228357,2017,6,0,0,0.0,0,0,444365
228366,2017,6,0,0,0.0,0,0,444894
228377,2017,6,0,0,0.0,0,0,445427
228390,2017,6,0,0,0.0,0,0,446991
228397,2017,6,0,0,0.0,0,0,447962
228398,2017,6,0,0,0.0,0,0,448142
228439,2017,6,0,0,0.0,0,0,453448
228444,2017,6,0,0,0.0,0,0,453971
228484,2017,6,0,0,0.0,0,0,458614
228495,2017,6,0,0,0.0,0,0,459948
228522,2017,6,0,0,0.0,0,0,462459
228523,2017,6,0,0,0.0,0,0,462497
228546,2017,6,0,0,0.0,0,0,464471
228558,2017,6,0,0,0.0,0,0,465476
228568,2017,6,0,0,0.0,0,0,466384
228572,2017,6,0,0,0.0,0,0,466953
228574,2017,6,0,0,0.0,0,0,467139
228627,2017,6,0,0,0.0,0,0,472532
228633,2017,6,0,0,0.0,0,0,472787
228672,2017,6,0,0,0.0,0,0,476273
228675,2017,6,0,0,0.0,0,0,476371
228684,2017,6,0,0,0.0,0,0,478050
228685,2017,6,0,0,0.0,0,0,478107
228707,2017,6,0,0,0.0,0,0,480909
228723,2017,6,0,0,0.0,0,0,482424
228725,2017,6,0,0,0.0,0,0,482528
228768,2017,6,0,0,0.0,0,0,485705
228772,2017,6,0,0,0.0,0,0,486112
228783,2017,6,0,0,0.0,0,0,487027
228797,2017,6,0,0,0.0,0,0,488346
228817,2017,6,0,0,0.0,0,0,489628
228846,2017,6,0,0,0.0,0,0,492367
228862,2017,6,0,0,0.0,0,0,494515
228868,2017,6,0,0,0.0,0,0,495253
228900,2017,6,0,0,0.0,0,0,498149
228920,2017,6,0,0,0.0,0,0,499945
228945,2017,6,0,0,0.0,0,0,502946
228989,2017,6,0,0,0.0,0,0,508080
229003,2017,6,0,0,0.0,0,0,509513
229020,2017,6,0,0,0.0,0,0,511053
229024,2017,6,0,0,0.0,0,0,511472
229029,2017,6,0,0,0.0,0,0,511765
229038,2017,6,0,0,0.0,0,0,512471
229078,2017,6,0,0,0.0,0,0,515969
229111,2017,6,0,0,0.0,0,0,519726
229155,2017,6,0,0,0.0,0,0,525548
229179,2017,6,0,0,0.0,0,0,527194
229191,2017,6,0,0,0.0,0,0,528074
229194,2017,6,0,0,0.0,0,0,528229
229196,2017,6,0,0,0.0,0,0,528331
229197,2017,6,0,0,0.0,0,0,528363
229199,2017,6,0,0,0.0,0,0,528693
229218,2017,6,0,0,0.0,0,0,530508
229263,2017,6,0,0,0.0,0,0,535436
229264,2017,6,0,0,0.0,0,0,535482
229282,2017,6,0,0,0.0,0,0,537387
229290,2017,6,0,0,0.0,0,0,538308
229323,2017,6,0,0,0.0,0,0,540836
229349,2017,6,0,0,0.0,0,0,542893
229353,2018,10,0,0,0.0,551,99,466953
229358,2017,6,0,0,0.0,0,0,543599
229359,2017,6,0,0,0.0,0,0,543852
229367,2017,6,0,0,0.0,0,0,544690
229395,2017,6,0,0,0.0,0,0,547217
229416,2017,11,0,0,0.0,522,94,426124
229428,2017,6,0,0,0.0,0,0,550262
229433,2017,6,0,0,0.0,0,0,550769
229471,2017,6,0,0,0.0,0,0,553936
229473,2017,6,0,0,0.0,0,0,554104
229510,2017,6,0,0,0.0,0,0,557458
229521,2017,6,0,0,0.0,0,0,558097
229547,2018,2,0,0,0.0,416,75,284610
229566,2017,6,0,0,0.0,0,0,562501
229584,2017,6,0,0,0.0,0,0,564813
229589,2017,6,0,0,0.0,0,0,565008
229591,2017,6,0,0,0.0,0,0,565074
229601,2017,6,0,0,0.0,0,0,565991
229604,2017,6,0,0,0.0,0,0,566182
229619,2017,6,0,0,0.0,0,0,567219
229656,2017,6,0,0,0.0,0,0,571169
229671,2017,6,0,0,0.0,0,0,572062
229682,2017,6,0,0,0.0,0,0,572811
229687,2017,6,0,0,0.0,0,0,573332
229693,2017,6,0,0,0.0,0,0,573830
229738,2017,6,0,0,0.0,0,0,577405
229749,2017,6,0,0,0.0,0,0,579015
229756,2017,6,0,0,0.0,0,0,579424
229792,2017,6,0,0,0.0,0,0,582690
229810,2017,6,0,0,0.0,0,0,583718
229844,2017,6,0,0,0.0,0,0,585978
229857,2017,6,0,0,0.0,0,0,587378
229862,2017,6,0,0,0.0,0,0,587800
229881,2017,6,0,0,0.0,0,0,590989
229888,2017,6,0,0,0.0,0,0,591641
229900,2017,6,0,0,0.0,0,0,593252
229901,2017,6,0,0,0.0,0,0,593252
229916,2017,6,0,0,0.0,0,0,595323
229926,2017,6,0,0,0.0,0,0,596173
229929,2017,6,0,0,0.0,0,0,596586
229937,2017,6,0,0,0.0,0,0,597897
229969,2017,6,0,0,0.0,0,0,600923
229995,2017,6,0,0,0.0,0,0,602694
230008,2017,6,0,0,0.0,0,0,604039
230051,2017,6,0,0,0.0,0,0,607662
230063,2017,6,0,0,0.0,0,0,608517
230068,2017,6,0,0,0.0,0,0,609072
230106,2017,6,0,0,0.0,0,0,612510
230126,2017,6,0,0,0.0,0,0,614810
230151,2017,6,0,0,0.0,0,0,616611
230155,2017,6,0,0,0.0,0,0,616746
230158,2017,6,0,0,0.0,0,0,617099
230161,2017,6,0,0,0.0,0,0,617296
230178,2017,6,0,0,0.0,0,0,618824
230205,2017,6,0,0,0.0,0,0,621940
230216,2017,6,0,0,0.0,0,0,622801
230227,2017,6,0,0,0.0,0,0,623341
230241,2017,6,0,0,0.0,0,0,625033
230242,2017,6,0,0,0.0,0,0,625123
230244,2018,4,0,0,0.0,497,89,830811
230246,2017,10,0,0,0.0,503,91,353128
230253,2017,6,0,0,0.0,0,0,626217
230263,2017,6,0,0,0.0,0,0,627244
230266,2017,6,0,0,0.0,0,0,627502
230275,2017,6,0,0,0.0,0,0,628017
230281,2017,6,0,0,0.0,0,0,628452
230295,2017,6,0,0,0.0,0,0,629966
230308,2017,6,0,0,0.0,0,0,631661
230333,2017,6,0,0,0.0,0,0,633490
230350,2017,6,0,0,0.0,0,0,635509
230368,2017,6,0,0,0.0,0,0,637687
230375,2017,6,0,0,0.0,0,0,638495
230395,2017,6,0,0,0.0,0,0,640244
230415,2017,6,0,0,0.0,0,0,642031
230416,2017,6,0,0,0.0,0,0,642247
230420,2017,6,0,0,0.0,0,0,642409
230438,2017,6,0,0,0.0,0,0,644786
230442,2017,6,0,0,0.0,0,0,645081
230520,2017,6,0,0,0.0,0,0,652816
230531,2017,6,0,0,0.0,0,0,653890
230555,2017,6,0,0,0.0,0,0,656572
230595,2017,6,0,0,0.0,0,0,661054
230599,2017,6,0,0,0.0,0,0,661411
230602,2017,6,0,0,0.0,0,0,661502
230607,2017,6,0,0,0.0,0,0,662164
230610,2017,6,0,0,0.0,0,0,662380
230629,2017,6,0,0,0.0,0,0,663641
230635,2017,6,0,0,0.0,0,0,664008
230647,2017,6,0,0,0.0,0,0,665024
230672,2017,6,0,0,0.0,0,0,667341
230706,2017,6,0,0,0.0,0,0,671534
230709,2017,6,0,0,0.0,0,0,671803
230710,2017,6,0,0,0.0,0,0,671906
230714,2017,6,0,0,0.0,0,0,672308
230715,2017,6,0,0,0.0,0,0,672391
230730,2017,11,0,0,0.0,344,62,228673
230756,2017,6,0,0,0.0,0,0,676669
230793,2017,6,0,0,0.0,0,0,679414
230803,2018,3,0,0,0.0,404,73,494515
230859,2017,6,0,0,0.0,0,0,684934
230884,2017,6,0,0,0.0,0,0,687463
230938,2017,6,0,0,0.0,0,0,693494
230951,2017,6,0,0,0.0,0,0,694942
230956,2017,6,0,0,0.0,0,0,695428
231013,2017,6,0,0,0.0,0,0,701216
231017,2017,6,0,0,0.0,0,0,701732
231020,2017,6,0,0,0.0,0,0,702147
231023,2017,6,0,0,0.0,0,0,702284
231026,2017,6,0,0,0.0,0,0,702406
231027,2017,6,0,0,0.0,0,0,702478
231046,2017,6,0,0,0.0,0,0,703882
231067,2017,6,0,0,0.0,0,0,706820
231086,2017,6,0,0,0.0,0,0,708020
231089,2017,6,0,0,0.0,0,0,708258
231101,2017,6,0,0,0.0,0,0,709415
231109,2017,6,0,0,0.0,0,0,710003
231110,2017,6,0,0,0.0,0,0,710003
231143,2017,6,0,0,0.0,0,0,713085
231150,2017,6,0,0,0.0,0,0,714379
231159,2017,6,0,0,0.0,0,0,715462
231182,2017,6,0,0,0.0,0,0,717632
231239,2017,6,0,0,0.0,0,0,723969
231262,2017,6,0,0,0.0,0,0,726139
231300,2017,6,0,0,0.0,0,0,728486
231315,2017,6,0,0,0.0,0,0,730246
231316,2017,6,0,0,0.0,0,0,730561
231356,2017,10,0,0,0.0,355,64,778030
231359,2017,6,0,0,0.0,0,0,733907
231373,2017,6,0,0,0.0,0,0,735304
231382,2017,6,0,0,0.0,0,0,736258
231391,2017,6,0,0,0.0,0,0,737451
231403,2017,6,0,0,0.0,0,0,738459
231468,2017,6,0,0,0.0,0,0,744228
231471,2017,6,0,0,0.0,0,0,744612
231484,2017,6,0,0,0.0,0,0,745920
231491,2017,6,0,0,0.0,0,0,746536
231501,2017,6,0,0,0.0,0,0,747609
231526,2017,6,0,0,0.0,0,0,750247
231539,2017,6,0,0,0.0,0,0,751594
231550,2017,6,0,0,0.0,0,0,752885
231555,2017,6,0,0,0.0,0,0,753637
231581,2017,6,0,0,0.0,0,0,756515
231588,2017,6,0,0,0.0,0,0,756791
231594,2017,6,0,0,0.0,0,0,757127
231620,2017,6,0,0,0.0,0,0,760061
231632,2017,6,0,0,0.0,0,0,762117
231685,2017,6,0,0,0.0,0,0,766909
231718,2017,6,0,0,0.0,0,0,769623
231773,2017,6,0,0,0.0,0,0,774321
231792,2017,6,0,0,0.0,0,0,776736
231834,2017,6,0,0,0.0,0,0,781062
231871,2017,6,0,0,0.0,0,0,784787
231908,2017,6,0,0,0.0,0,0,789573
231913,2017,6,0,0,0.0,0,0,790178
231917,2017,6,0,0,0.0,0,0,790450
231938,2017,6,0,0,0.0,0,0,793178
231963,2017,6,0,0,0.0,0,0,795230
231981,2017,1,0,0,0.0,0,0,316323
231994,2017,2,0,0,0.0,0,0,316323
232040,2017,6,0,0,0.0,0,0,803084
232043,2017,6,0,0,0.0,0,0,803252
232046,2017,3,0,0,0.0,0,0,316323
232058,2017,4,0,0,0.0,0,0,316323
232077,2017,5,0,0,0.0,0,0,316323
232080,2017,6,0,0,0.0,0,0,807058
232083,2017,6,0,0,0.0,0,0,807211
232090,2017,6,0,0,0.0,0,0,316323
232093,2017,6,0,0,0.0,0,0,808353
232099,2017,7,0,0,0.0,0,0,316323
232104,2017,8,0,0,0.0,0,0,316323
232107,2017,9,0,0,0.0,0,0,316323
232108,2017,6,0,0,0.0,0,0,810581
232117,2017,6,0,0,0.0,0,0,811684
232118,2017,10,0,0,0.0,0,0,316323
232125,2017,6,0,0,0.0,0,0,813352
232143,2018,2,0,0,0.0,0,0,316323
232190,2017,6,0,0,0.0,0,0,820344
232197,2018,5,0,0,0.0,0,0,316323
232204,2018,6,0,0,0.0,0,0,316323
232205,2018,7,0,0,0.0,0,0,316323
232214,2017,6,0,0,0.0,0,0,822696
232215,2018,8,0,0,0.0,0,0,316323
232216,2018,9,0,0,0.0,0,0,316323
232217,2017,6,0,0,0.0,0,0,822765
232218,2018,10,0,0,0.0,0,0,316323
232225,2018,11,0,0,0.0,0,0,316323
232227,2018,12,0,0,0.0,0,0,316323
232248,2017,6,0,0,0.0,0,0,825484
232252,2017,6,0,0,0.0,0,0,825730
232256,2017,6,0,0,0.0,0,0,826304
232258,2017,6,0,0,0.0,0,0,826556
232274,2017,6,0,0,0.0,0,0,828232
232288,2017,6,0,0,0.0,0,0,830394
232294,2017,6,0,0,0.0,0,0,830811
232316,2017,6,0,0,0.0,0,0,832810
232339,2017,6,0,0,0.0,0,0,833998
232347,2017,3,0,0,0.0,541,97,499945
232352,2017,6,0,0,0.0,0,0,834799
232400,2017,6,0,0,0.0,0,0,838634
232432,2017,6,0,0,0.0,0,0,842279
232457,2017,6,0,0,0.0,0,0,844477
232501,2017,6,0,0,0.0,0,0,848632
232506,2017,6,0,0,0.0,0,0,849569
232516,2017,6,0,0,0.0,0,0,850245
232527,2017,6,0,0,0.0,0,0,851836
232528,2017,6,0,0,0.0,0,0,851845
232554,2017,6,0,0,0.0,0,0,854742
232559,2017,6,0,0,0.0,0,0,855050
232570,2017,6,0,0,0.0,0,0,856406
232613,2017,6,0,0,0.0,0,0,860684
232619,2017,6,0,0,0.0,0,0,861330
232622,2017,6,0,0,0.0,0,0,861629
232624,2017,6,0,0,0.0,0,0,861700
232641,2017,6,0,0,0.0,0,0,863432
232688,2017,6,0,0,0.0,0,0,869712
232696,2017,6,0,0,0.0,0,0,870574
232713,2017,6,0,0,0.0,0,0,872335
232756,2017,6,0,0,0.0,0,0,875796
232766,2017,6,0,0,0.0,0,0,877152
232771,2017,6,0,0,0.0,0,0,878284
232803,2017,6,0,0,0.0,0,0,881198
232818,2017,6,0,0,0.0,0,0,882718
232820,2017,6,0,0,0.0,0,0,883025
232827,2017,6,0,0,0.0,0,0,883349
232857,2017,6,0,0,0.0,0,0,886299
232886,2017,6,0,0,0.0,0,0,889964
232896,2017,6,0,0,0.0,0,0,890650
232901,2017,6,0,0,0.0,0,0,890882
232918,2017,6,0,0,0.0,0,0,892219
232920,2017,6,0,0,0.0,0,0,892517
232941,2017,6,0,0,0.0,0,0,894436
232960,2017,6,0,0,0.0,0,0,896651
232961,2017,6,0,0,0.0,0,0,896685
232968,2017,6,0,0,0.0,0,0,897734
233021,2017,6,0,0,0.0,0,0,903209
233025,2017,6,0,0,0.0,0,0,904304
233044,2017,6,0,0,0.0,0,0,905478
233052,2017,6,0,0,0.0,0,0,906178
233065,2017,6,0,0,0.0,0,0,907038
233076,2017,6,0,0,0.0,0,0,908120
233078,2017,6,0,0,0.0,0,0,908248
233107,2017,6,0,0,0.0,0,0,910373
233166,2017,6,0,0,0.0,0,0,916713
233170,2017,6,0,0,0.0,0,0,917610
233174,2017,6,0,0,0.0,0,0,917998
233176,2017,6,0,0,0.0,0,0,918053
233180,2017,6,0,0,0.0,0,0,918404
233197,2017,6,0,0,0.0,0,0,920162
233214,2017,6,0,0,0.0,0,0,922000
233222,2017,6,0,0,0.0,0,0,922786
233231,2017,6,0,0,0.0,0,0,923959
233283,2017,6,0,0,0.0,0,0,929231
233287,2017,6,0,0,0.0,0,0,929455
233363,2017,6,0,0,0.0,0,0,937645
233382,2017,6,0,0,0.0,0,0,939238
233415,2017,6,0,0,0.0,0,0,942189
233453,2017,6,0,0,0.0,0,0,946001
233465,2017,6,0,0,0.0,0,0,947234
233471,2017,6,0,0,0.0,0,0,947876
233488,2017,6,0,0,0.0,0,0,949974
233492,2017,6,0,0,0.0,0,0,950336
233500,2017,6,0,0,0.0,0,0,950961
233528,2017,6,0,0,0.0,0,0,953307
233535,2017,6,0,0,0.0,0,0,953693
233573,2017,6,0,0,0.0,0,0,957764
233594,2017,6,0,0,0.0,0,0,959453
233597,2017,6,0,0,0.0,0,0,959728
233651,2017,6,0,0,0.0,0,0,965751
233656,2017,6,0,0,0.0,0,0,966204
233660,2017,6,0,0,0.0,0,0,966391
233662,2017,6,0,0,0.0,0,0,966580
233663,2017,6,0,0,0.0,0,0,966688
233674,2017,6,0,0,0.0,0,0,967347
233682,2017,6,0,0,0.0,0,0,967883
233684,2017,6,0,0,0.0,0,0,968034
233687,2017,6,0,0,0.0,0,0,968225
233697,2017,6,0,0,0.0,0,0,968666
233730,2017,6,0,0,0.0,0,0,971107
233758,2017,6,0,0,0.0,0,0,973407
233760,2017,6,0,0,0.0,0,0,973609
233769,2017,6,0,0,0.0,0,0,974829
233783,2017,6,0,0,0.0,0,0,976330
233799,2017,6,0,0,0.0,0,0,978712
233827,2017,6,0,0,0.0,0,0,981536
233832,2017,6,0,0,0.0,0,0,982296
233841,2017,6,0,0,0.0,0,0,983199
233847,2017,6,0,0,0.0,0,0,983822
233869,2017,6,0,0,0.0,0,0,986208
233871,2017,6,0,0,0.0,0,0,986421
233927,2017,6,0,0,0.0,0,0,991230
233946,2017,6,0,0,0.0,0,0,992886
233958,2017,6,0,0,0.0,0,0,994877
233963,2017,6,0,0,0.0,0,0,995404
233980,2017,6,0,0,0.0,0,0,996686
233990,2017,6,0,0,0.0,0,0,997439
234009,2017,6,0,0,0.0,0,0,999460
234013,2017,6,0,0,0.0,0,0,999631
234085,2017,7,0,0,0.0,0,0,106776
234092,2017,7,0,0,0.0,0,0,107212
234098,2017,7,0,0,0.0,0,0,107487
234115,2017,7,0,0,0.0,0,0,109495
234140,2017,7,0,0,0.0,0,0,112842
234164,2017,7,0,0,0.0,0,0,115198
234166,2017,7,0,0,0.0,0,0,115633
234213,2017,7,0,0,0.0,0,0,120613
234217,2017,7,0,0,0.0,0,0,121183
234224,2017,7,0,0,0.0,0,0,121856
234241,2017,7,0,0,0.0,0,0,123538
234280,2017,7,0,0,0.0,0,0,128032
234306,2017,7,0,0,0.0,0,0,130208
234319,2017,7,0,0,0.0,0,0,131257
234321,2017,7,0,0,0.0,0,0,131560
234359,2017,7,0,0,0.0,0,0,135421
234360,2017,7,0,0,0.0,0,0,135421
234388,2017,7,0,0,0.0,0,0,137850
234399,2017,7,0,0,0.0,0,0,138737
234403,2017,7,0,0,0.0,0,0,138810
234414,2017,7,0,0,0.0,0,0,139600
234417,2017,7,0,0,0.0,0,0,139974
234475,2017,7,0,0,0.0,0,0,145988
234485,2017,7,0,0,0.0,0,0,147700
234505,2017,7,0,0,0.0,0,0,149912
234534,2017,7,0,0,0.0,0,0,153600
234535,2017,7,0,0,0.0,0,0,153884
234562,2017,7,0,0,0.0,0,0,157566
234576,2017,7,0,0,0.0,0,0,159359
234640,2017,7,0,0,0.0,0,0,165443
234643,2017,7,0,0,0.0,0,0,165742
234662,2017,7,0,0,0.0,0,0,167465
234671,2017,7,0,0,0.0,0,0,168302
234677,2017,7,0,0,0.0,0,0,169129
234712,2017,7,0,0,0.0,0,0,172162
234762,2017,7,0,0,0.0,0,0,177677
234781,2017,7,0,0,0.0,0,0,180024
234784,2017,7,0,0,0.0,0,0,180219
234807,2017,7,0,0,0.0,0,0,183025
234820,2017,7,0,0,0.0,0,0,184478
234825,2017,7,0,0,0.0,0,0,185285
234836,2017,7,0,0,0.0,0,0,186593
234846,2017,7,0,0,0.0,0,0,187618
234848,2017,7,0,0,0.0,0,0,187838
234891,2017,7,0,0,0.0,0,0,192651
234892,2017,7,0,0,0.0,0,0,192772
234894,2017,7,0,0,0.0,0,0,193037
234896,2017,7,0,0,0.0,0,0,193665
234925,2017,7,0,0,0.0,0,0,197086
234936,2017,7,0,0,0.0,0,0,198407
234947,2017,7,0,0,0.0,0,0,199493
234977,2017,7,0,0,0.0,0,0,201683
234987,2017,7,0,0,0.0,0,0,202358
235011,2017,7,0,0,0.0,0,0,204343
235014,2017,7,0,0,0.0,0,0,204484
235023,2017,7,0,0,0.0,0,0,205195
235044,2017,7,0,0,0.0,0,0,207110
235058,2017,7,0,0,0.0,0,0,208586
235082,2017,7,0,0,0.0,0,0,210755
235103,2017,7,0,0,0.0,0,0,212477
235135,2017,7,0,0,0.0,0,0,215508
235153,2017,7,0,0,0.0,0,0,216937
235191,2017,7,0,0,0.0,0,0,221627
235192,2017,7,0,0,0.0,0,0,221993
235200,2017,7,0,0,0.0,0,0,223081
235227,2017,7,0,0,0.0,0,0,225363
235258,2017,7,0,0,0.0,0,0,229436
235280,2017,7,0,0,0.0,0,0,232290
235319,2017,7,0,0,0.0,0,0,236037
235323,2017,7,0,0,0.0,0,0,236767
235330,2017,7,0,0,0.0,0,0,237319
235334,2017,7,0,0,0.0,0,0,238063
235371,2017,7,0,0,0.0,0,0,242719
235374,2017,7,0,0,0.0,0,0,242839
235379,2017,7,0,0,0.0,0,0,243273
235391,2017,7,0,0,0.0,0,0,244721
235413,2017,7,0,0,0.0,0,0,247471
235479,2017,7,0,0,0.0,0,0,254860
235498,2017,7,0,0,0.0,0,0,256486
235508,2017,7,0,0,0.0,0,0,257509
235573,2017,7,0,0,0.0,0,0,265297
235575,2017,7,0,0,0.0,0,0,265557
235581,2017,7,0,0,0.0,0,0,266148
235603,2017,7,0,0,0.0,0,0,268129
235605,2017,7,0,0,0.0,0,0,268414
235612,2017,7,0,0,0.0,0,0,269565
235657,2017,7,0,0,0.0,0,0,274141
235667,2017,7,0,0,0.0,0,0,274879
235683,2017,7,0,0,0.0,0,0,276255
235684,2017,7,0,0,0.0,0,0,276289
235688,2017,2,0,0,0.0,0,0,343425
235689,2017,7,0,0,0.0,0,0,277091
235703,2017,7,0,0,0.0,0,0,278059
235708,2017,5,0,0,0.0,0,0,343425
235716,2017,6,0,0,0.0,0,0,343425
235720,2017,7,0,0,0.0,0,0,279231
235724,2017,7,0,0,0.0,0,0,343425
235740,2017,8,0,0,0.0,0,0,343425
235753,2017,9,0,0,0.0,0,0,343425
235755,2017,7,0,0,0.0,0,0,283770
235758,2017,7,0,0,0.0,0,0,283980
235771,2017,10,0,0,0.0,0,0,343425
235772,2017,11,0,0,0.0,0,0,343425
235777,2017,12,0,0,0.0,0,0,343425
235788,2018,1,0,0,0.0,0,0,343425
235800,2018,2,0,0,0.0,0,0,343425
235802,2018,3,0,0,0.0,0,0,343425
235806,2018,4,0,0,0.0,0,0,343425
235823,2018,4,0,0,0.0,406,73,628431
235825,2018,5,0,0,0.0,0,0,343425
235826,2018,6,0,0,0.0,0,0,343425
235849,2018,7,0,0,0.0,0,0,343425
235854,2018,8,0,0,0.0,0,0,343425
235873,2017,7,0,0,0.0,0,0,295302
235877,2018,9,0,0,0.0,0,0,343425
235883,2018,10,0,0,0.0,0,0,343425
235886,2018,11,0,0,0.0,0,0,343425
235888,2018,12,0,0,0.0,0,0,343425
235899,2017,7,0,0,0.0,0,0,297427
235901,2017,7,0,0,0.0,0,0,297702
235931,2017,7,0,0,0.0,0,0,300376
235939,2017,7,0,0,0.0,0,0,300870
235979,2017,7,0,0,0.0,0,0,304870
236006,2017,7,0,0,0.0,0,0,307159
236023,2017,7,0,0,0.0,0,0,308891
236043,2017,7,0,0,0.0,0,0,310965
236080,2017,7,0,0,0.0,0,0,314558
236105,2017,7,0,0,0.0,0,0,318264
236124,2017,7,0,0,0.0,0,0,319664
236133,2017,7,0,0,0.0,0,0,320414
236138,2017,7,0,0,0.0,0,0,321027
236176,2017,7,0,0,0.0,0,0,325367
236205,2017,7,0,0,0.0,0,0,327972
236209,2017,7,0,0,0.0,0,0,328349
236226,2017,7,0,0,0.0,0,0,330464
236236,2017,7,0,0,0.0,0,0,331598
236272,2017,7,0,0,0.0,0,0,336037
236297,2017,7,0,0,0.0,0,0,339845
236349,2017,7,0,0,0.0,0,0,345908
236388,2017,7,0,0,0.0,0,0,348718
236449,2017,7,0,0,0.0,0,0,354464
236480,2017,7,0,0,0.0,0,0,358039
236487,2017,7,0,0,0.0,0,0,358586
236503,2017,7,0,0,0.0,0,0,360537
236542,2017,7,0,0,0.0,0,0,365451
236604,2017,7,0,0,0.0,0,0,371368
236645,2017,7,0,0,0.0,0,0,375162
236782,2017,7,0,0,0.0,0,0,390480
236783,2017,7,0,0,0.0,0,0,390546
236805,2017,7,0,0,0.0,0,0,392619
236904,2017,7,0,0,0.0,0,0,403052
236912,2017,7,0,0,0.0,0,0,403529
236913,2017,7,0,0,0.0,0,0,403529
236921,2017,7,0,0,0.0,0,0,404426
236937,2017,7,0,0,0.0,0,0,405928
236939,2017,7,0,0,0.0,0,0,406254
236956,2017,7,0,0,0.0,0,0,408134
236958,2017,7,0,0,0.0,0,0,408347
236964,2017,7,0,0,0.0,0,0,408838
236969,2017,7,0,0,0.0,0,0,409051
236997,2017,7,0,0,0.0,0,0,411715
237036,2017,7,0,0,0.0,0,0,415402
237076,2017,7,0,0,0.0,0,0,419661
237083,2017,7,0,0,0.0,0,0,420202
237086,2017,7,0,0,0.0,0,0,420394
237095,2017,7,0,0,0.0,0,0,421001
237096,2017,7,0,0,0.0,0,0,421191
237124,2017,7,0,0,0.0,0,0,424027
237146,2017,7,0,0,0.0,0,0,426124
237147,2017,7,0,0,0.0,0,0,426141
237148,2017,7,0,0,0.0,0,0,426185
237181,2017,7,0,0,0.0,0,0,428826
237208,2017,7,0,0,0.0,0,0,431187
237209,2017,7,0,0,0.0,0,0,431201
237210,2017,2,0,0,0.0,305,55,702284
237215,2018,3,0,0,0.0,382,69,528331
237224,2017,7,0,0,0.0,0,0,432493
237251,2017,7,0,0,0.0,0,0,434620
237273,2017,7,0,0,0.0,0,0,436318
237289,2017,7,0,0,0.0,0,0,438263
237294,2017,7,0,0,0.0,0,0,438641
237329,2017,7,0,0,0.0,0,0,442014
237333,2017,7,0,0,0.0,0,0,442249
237338,2017,7,0,0,0.0,0,0,442695
237349,2017,7,0,0,0.0,0,0,443970
237354,2017,7,0,0,0.0,0,0,444092
237355,2017,7,0,0,0.0,0,0,444092
237359,2017,7,0,0,0.0,0,0,444365
237368,2017,7,0,0,0.0,0,0,444894
237372,2017,7,0,0,0.0,0,0,445073
237381,2017,7,0,0,0.0,0,0,445427
237399,2017,7,0,0,0.0,0,0,448273
237441,2017,7,0,0,0.0,0,0,453448
237447,2017,7,0,0,0.0,0,0,453971
237468,2017,7,0,0,0.0,0,0,455941
237494,2017,7,0,0,0.0,0,0,458614
237527,2017,7,0,0,0.0,0,0,462459
237528,2017,7,0,0,0.0,0,0,462497
237549,2017,7,0,0,0.0,0,0,464471
237560,2017,7,0,0,0.0,0,0,465476
237569,2017,7,0,0,0.0,0,0,466384
237573,2017,7,0,0,0.0,0,0,466865
237574,2017,7,0,0,0.0,0,0,466953
237576,2017,7,0,0,0.0,0,0,467139
237592,2017,7,0,0,0.0,0,0,467945
237678,2017,7,0,0,0.0,0,0,476273
237680,2017,7,0,0,0.0,0,0,476371
237693,2017,7,0,0,0.0,0,0,478107
237724,2017,7,0,0,0.0,0,0,481293
237737,2017,7,0,0,0.0,0,0,482424
237776,2017,7,0,0,0.0,0,0,485705
237778,2017,7,0,0,0.0,0,0,486112
237788,2017,7,0,0,0.0,0,0,487027
237799,2017,7,0,0,0.0,0,0,488346
237818,2017,7,0,0,0.0,0,0,489628
237833,2017,7,0,0,0.0,0,0,491253
237847,2017,7,0,0,0.0,0,0,492367
237865,2017,7,0,0,0.0,0,0,494515
237869,2017,7,0,0,0.0,0,0,494885
237899,2017,7,0,0,0.0,0,0,498149
237908,2017,7,0,0,0.0,0,0,499128
237940,2017,7,0,0,0.0,0,0,502946
237951,2017,7,0,0,0.0,0,0,504311
237968,2017,7,0,0,0.0,0,0,506170
237980,2017,7,0,0,0.0,0,0,508080
238011,2017,7,0,0,0.0,0,0,511342
238025,2017,7,0,0,0.0,0,0,512471
238061,2017,7,0,0,0.0,0,0,515969
238084,2017,7,0,0,0.0,0,0,518236
238093,2017,7,0,0,0.0,0,0,519726
238129,2017,7,0,0,0.0,0,0,525548
238151,2017,7,0,0,0.0,0,0,528074
238153,2017,7,0,0,0.0,0,0,528229
238155,2017,7,0,0,0.0,0,0,528363
238157,2017,7,0,0,0.0,0,0,528693
238178,2017,7,0,0,0.0,0,0,530508
238234,2017,7,0,0,0.0,0,0,535482
238236,2017,7,0,0,0.0,0,0,535852
238256,2017,7,0,0,0.0,0,0,538308
238285,2017,7,0,0,0.0,0,0,540836
238307,2017,7,0,0,0.0,0,0,542893
238314,2017,7,0,0,0.0,0,0,543599
238315,2017,7,0,0,0.0,0,0,543852
238326,2017,7,0,0,0.0,0,0,544690
238353,2017,7,0,0,0.0,0,0,547217
238379,2017,7,0,0,0.0,0,0,550262
238384,2017,7,0,0,0.0,0,0,550769
238396,2017,7,0,0,0.0,0,0,552328
238414,2017,7,0,0,0.0,0,0,553936
238417,2017,7,0,0,0.0,0,0,554104
238420,2017,7,0,0,0.0,0,0,554442
238447,2017,7,0,0,0.0,0,0,558097
238487,2017,7,0,0,0.0,0,0,562501
238505,2017,7,0,0,0.0,0,0,564813
238509,2017,7,0,0,0.0,0,0,565008
238512,2017,7,0,0,0.0,0,0,565074
238513,2017,7,0,0,0.0,0,0,565171
238516,2017,7,0,0,0.0,0,0,565452
238520,2017,7,0,0,0.0,0,0,565991
238522,2017,7,0,0,0.0,0,0,566182
238533,2017,7,0,0,0.0,0,0,567219
238550,2017,7,0,0,0.0,0,0,568880
238566,2017,7,0,0,0.0,0,0,571169
238575,2017,7,0,0,0.0,0,0,572062
238594,2017,7,0,0,0.0,0,0,573830
238650,2017,7,0,0,0.0,0,0,578811
238654,2017,7,0,0,0.0,0,0,579424
238681,2017,7,0,0,0.0,0,0,581661
238707,2017,7,0,0,0.0,0,0,583718
238739,2017,7,0,0,0.0,0,0,585978
238786,2017,7,0,0,0.0,0,0,591641
238800,2017,7,0,0,0.0,0,0,593252
238801,2017,7,0,0,0.0,0,0,593252
238827,2017,7,0,0,0.0,0,0,596173
238830,2017,7,0,0,0.0,0,0,596390
238842,2017,7,0,0,0.0,0,0,597897
238861,2017,7,0,0,0.0,0,0,600785
238864,2017,7,0,0,0.0,0,0,600923
238871,2017,7,0,0,0.0,0,0,601597
238880,2017,7,0,0,0.0,0,0,602694
238889,2017,7,0,0,0.0,0,0,603775
238891,2017,7,0,0,0.0,0,0,604039
238945,2017,7,0,0,0.0,0,0,608517
238999,2017,1,0,0,0.0,0,0,358054
239004,2017,3,0,0,0.0,0,0,358054
239009,2017,5,0,0,0.0,0,0,358054
239012,2017,7,0,0,0.0,0,0,358054
239016,2017,7,0,0,0.0,0,0,616611
239021,2017,7,0,0,0.0,0,0,616746
239026,2017,7,0,0,0.0,0,0,617099
239027,2017,8,0,0,0.0,0,0,358054
239028,2017,7,0,0,0.0,0,0,617296
239033,2017,7,0,0,0.0,0,0,617960
239042,2017,10,0,0,0.0,0,0,358054
239043,2017,11,0,0,0.0,0,0,358054
239045,2017,12,0,0,0.0,0,0,358054
239049,2018,1,0,0,0.0,0,0,358054
239053,2017,7,0,0,0.0,0,0,620122
239059,2018,2,0,0,0.0,0,0,358054
239067,2017,7,0,0,0.0,0,0,621940
239070,2018,3,0,0,0.0,0,0,358054
239081,2017,7,0,0,0.0,0,0,622801
239090,2018,4,0,0,0.0,0,0,358054
239091,2018,5,0,0,0.0,0,0,358054
239092,2017,7,0,0,0.0,0,0,623341
239095,2018,6,0,0,0.0,0,0,358054
239096,2017,7,0,0,0.0,0,0,623861
239102,2018,7,0,0,0.0,0,0,358054
239108,2017,7,0,0,0.0,0,0,625033
239120,2017,7,0,0,0.0,0,0,626217
239124,2018,11,0,0,0.0,325,59,546665
239127,2018,8,0,0,0.0,0,0,358054
239128,2018,9,0,0,0.0,0,0,358054
239129,2017,7,0,0,0.0,0,0,627244
239132,2017,7,0,0,0.0,0,0,627502
239133,2018,10,0,0,0.0,0,0,358054
239142,2017,7,0,0,0.0,0,0,628017
239148,2017,7,0,0,0.0,0,0,628452
239158,2017,7,0,0,0.0,0,0,629966
239161,2018,11,0,0,0.0,0,0,358054
239163,2018,12,0,0,0.0,0,0,358054
239190,2017,7,0,0,0.0,0,0,633490
239206,2017,7,0,0,0.0,0,0,635509
239215,2017,7,0,0,0.0,0,0,636505
239253,2017,7,0,0,0.0,0,0,640244
239275,2017,7,0,0,0.0,0,0,642031
239276,2017,7,0,0,0.0,0,0,642247
239280,2017,7,0,0,0.0,0,0,642409
239298,2017,7,0,0,0.0,0,0,644786
239358,2017,7,0,0,0.0,0,0,650621
239395,2017,7,0,0,0.0,0,0,653890
239397,2017,7,0,0,0.0,0,0,654073
239437,2017,7,0,0,0.0,0,0,660197
239444,2017,7,0,0,0.0,0,0,661054
239465,2017,7,0,0,0.0,0,0,663641
239469,2017,7,0,0,0.0,0,0,664008
239503,2017,7,0,0,0.0,0,0,667262
239516,2017,7,0,0,0.0,0,0,667860
239546,2017,7,0,0,0.0,0,0,671803
239547,2017,7,0,0,0.0,0,0,671849
239548,2017,7,0,0,0.0,0,0,671906
239552,2017,7,0,0,0.0,0,0,672391
239558,2017,7,0,0,0.0,0,0,672893
239587,2017,7,0,0,0.0,0,0,676669
239620,2017,7,0,0,0.0,0,0,679414
239698,2017,7,0,0,0.0,0,0,687463
239753,2017,7,0,0,0.0,0,0,693295
239755,2017,7,0,0,0.0,0,0,693494
239773,2017,7,0,0,0.0,0,0,695428
239780,2017,7,0,0,0.0,0,0,696096
239789,2017,7,0,0,0.0,0,0,697272
239827,2017,7,0,0,0.0,0,0,701216
239833,2017,7,0,0,0.0,0,0,701732
239835,2017,7,0,0,0.0,0,0,702147
239839,2017,7,0,0,0.0,0,0,702478
239857,2017,7,0,0,0.0,0,0,703882
239901,2017,7,0,0,0.0,0,0,708258
239915,2017,7,0,0,0.0,0,0,710003
239916,2017,7,0,0,0.0,0,0,710003
239951,2017,7,0,0,0.0,0,0,714379
239973,2017,7,0,0,0.0,0,0,716785
239978,2017,7,0,0,0.0,0,0,717632
240036,2017,7,0,0,0.0,0,0,723969
240095,2017,7,0,0,0.0,0,0,730246
240096,2017,7,0,0,0.0,0,0,730561
240134,2017,7,0,0,0.0,0,0,733907
240137,2017,7,0,0,0.0,0,0,734226
240148,2017,7,0,0,0.0,0,0,735304
240157,2017,7,0,0,0.0,0,0,736258
240164,2017,7,0,0,0.0,0,0,737451
240209,2017,7,0,0,0.0,0,0,741422
240248,2017,7,0,0,0.0,0,0,744228
240265,2017,7,0,0,0.0,0,0,745920
240276,2017,7,0,0,0.0,0,0,746772
240288,2017,7,0,0,0.0,0,0,747926
240313,2017,7,0,0,0.0,0,0,750247
240322,2017,7,0,0,0.0,0,0,751594
240331,2017,7,0,0,0.0,0,0,752885
240336,2017,7,0,0,0.0,0,0,753637
240342,2017,7,0,0,0.0,0,0,754539
240351,2017,7,0,0,0.0,0,0,755374
240369,2017,7,0,0,0.0,0,0,756867
240375,2017,7,0,0,0.0,0,0,757127
240419,2017,7,0,0,0.0,0,0,762272
240459,2017,7,0,0,0.0,0,0,766909
240488,2017,7,0,0,0.0,0,0,769623
240575,2017,7,0,0,0.0,0,0,778030
240635,2017,7,0,0,0.0,0,0,784787
240655,2017,7,0,0,0.0,0,0,787548
240676,2017,7,0,0,0.0,0,0,790178
240679,2017,7,0,0,0.0,0,0,790450
240774,2017,7,0,0,0.0,0,0,799781
240778,2017,7,0,0,0.0,0,0,800433
240792,2017,7,0,0,0.0,0,0,801821
240801,2017,7,0,0,0.0,0,0,802425
240809,2017,7,0,0,0.0,0,0,803084
240811,2017,7,0,0,0.0,0,0,803252
240842,2017,7,0,0,0.0,0,0,807058
240846,2017,7,0,0,0.0,0,0,807211
240867,2017,7,0,0,0.0,0,0,809733
240883,2017,7,0,0,0.0,0,0,811684
240892,2017,7,0,0,0.0,0,0,813352
240936,2017,7,0,0,0.0,0,0,817456
240963,2017,7,0,0,0.0,0,0,819809
240969,2017,7,0,0,0.0,0,0,820344
240990,2017,7,0,0,0.0,0,0,822696
241009,2017,7,0,0,0.0,0,0,824133
241025,2017,7,0,0,0.0,0,0,825730
241030,2017,7,0,0,0.0,0,0,826304
241032,2017,7,0,0,0.0,0,0,826556
241048,2017,7,0,0,0.0,0,0,828232
241067,2017,7,0,0,0.0,0,0,830394
241086,2017,7,0,0,0.0,0,0,832597
241088,2017,7,0,0,0.0,0,0,832810
241140,2017,7,0,0,0.0,0,0,838634
241176,2017,7,0,0,0.0,0,0,842279
241194,2017,7,0,0,0.0,0,0,844477
241235,2017,7,0,0,0.0,0,0,849569
241241,2017,7,0,0,0.0,0,0,850245
241250,2017,7,0,0,0.0,0,0,851845
241257,2017,7,0,0,0.0,0,0,852323
241280,2017,7,0,0,0.0,0,0,854742
241284,2017,7,0,0,0.0,0,0,855050
241299,2017,7,0,0,0.0,0,0,856406
241337,2017,1,0,0,0.0,0,0,368292
241346,2017,7,0,0,0.0,0,0,860602
241352,2017,7,0,0,0.0,0,0,861330
241356,2017,7,0,0,0.0,0,0,861629
241358,2017,7,0,0,0.0,0,0,861700
241361,2017,3,0,0,0.0,0,0,368292
241367,2017,4,0,0,0.0,0,0,368292
241381,2017,5,0,0,0.0,0,0,368292
241396,2017,6,0,0,0.0,0,0,368292
241401,2017,7,0,0,0.0,0,0,368292
241413,2017,7,0,0,0.0,0,0,867446
241427,2017,8,0,0,0.0,0,0,368292
241434,2017,7,0,0,0.0,0,0,869712
241435,2017,9,0,0,0.0,0,0,368292
241442,2017,7,0,0,0.0,0,0,870574
241446,2017,10,0,0,0.0,0,0,368292
241450,2017,11,0,0,0.0,0,0,368292
241451,2017,12,0,0,0.0,0,0,368292
241452,2018,1,0,0,0.0,0,0,368292
241454,2018,2,0,0,0.0,0,0,368292
241459,2017,7,0,0,0.0,0,0,872335
241469,2018,3,0,0,0.0,0,0,368292
241470,2018,4,0,0,0.0,0,0,368292
241471,2018,5,0,0,0.0,0,0,368292
241472,2018,6,0,0,0.0,0,0,368292
241478,2018,7,0,0,0.0,0,0,368292
241483,2018,8,0,0,0.0,0,0,368292
241496,2018,9,0,0,0.0,0,0,368292
241499,2017,7,0,0,0.0,0,0,875796
241509,2017,7,0,0,0.0,0,0,877152
241511,2018,10,0,0,0.0,0,0,368292
241513,2018,11,0,0,0.0,0,0,368292
241515,2017,7,0,0,0.0,0,0,877603
241519,2017,7,0,0,0.0,0,0,878284
241521,2018,12,0,0,0.0,0,0,368292
241562,2017,7,0,0,0.0,0,0,883025
241567,2017,7,0,0,0.0,0,0,883349
241592,2017,7,0,0,0.0,0,0,886299
241612,2017,7,0,0,0.0,0,0,889964
241620,2017,7,0,0,0.0,0,0,890650
241625,2017,7,0,0,0.0,0,0,890882
241641,2017,7,0,0,0.0,0,0,892517
241672,2017,7,0,0,0.0,0,0,896651
241673,2017,7,0,0,0.0,0,0,896685
241682,2017,7,0,0,0.0,0,0,897734
241740,2017,7,0,0,0.0,0,0,903797
241764,2017,7,0,0,0.0,0,0,906178
241770,2017,7,0,0,0.0,0,0,906615
241776,2017,7,0,0,0.0,0,0,907038
241786,2017,7,0,0,0.0,0,0,908248
241809,2017,7,0,0,0.0,0,0,910373
241836,2017,7,0,0,0.0,0,0,913571
241863,2017,7,0,0,0.0,0,0,917610
241864,2017,7,0,0,0.0,0,0,917630
241874,2017,7,0,0,0.0,0,0,918404
241904,2017,7,0,0,0.0,0,0,922188
241911,2017,7,0,0,0.0,0,0,922786
241912,2017,7,0,0,0.0,0,0,922926
241922,2017,7,0,0,0.0,0,0,923959
241931,2017,7,0,0,0.0,0,0,924793
241938,2017,7,0,0,0.0,0,0,925385
241973,2017,7,0,0,0.0,0,0,929231
241975,2017,7,0,0,0.0,0,0,929455
241977,2017,7,0,0,0.0,0,0,929728
241979,2017,7,0,0,0.0,0,0,929980
242021,2017,7,0,0,0.0,0,0,933968
242052,2017,7,0,0,0.0,0,0,937645
242069,2017,7,0,0,0.0,0,0,939238
242097,2017,7,0,0,0.0,0,0,942189
242134,2017,7,0,0,0.0,0,0,946001
242142,2017,7,0,0,0.0,0,0,947234
242168,2017,7,0,0,0.0,0,0,949974
242180,2017,7,0,0,0.0,0,0,950961
242204,2017,7,0,0,0.0,0,0,953307
242208,2017,7,0,0,0.0,0,0,953693
242266,2017,7,0,0,0.0,0,0,959453
242267,2017,7,0,0,0.0,0,0,959728
242315,2017,7,0,0,0.0,0,0,965751
242320,2017,7,0,0,0.0,0,0,966204
242324,2017,7,0,0,0.0,0,0,966391
242326,2017,7,0,0,0.0,0,0,966580
242327,2017,7,0,0,0.0,0,0,966688
242336,2017,7,0,0,0.0,0,0,967347
242345,2017,7,0,0,0.0,0,0,968034
242352,2017,7,0,0,0.0,0,0,968666
242377,2017,7,0,0,0.0,0,0,971528
242394,2017,7,0,0,0.0,0,0,973407
242396,2017,7,0,0,0.0,0,0,973609
242403,2017,7,0,0,0.0,0,0,974829
242417,2017,7,0,0,0.0,0,0,976330
242424,2017,7,0,0,0.0,0,0,977303
242432,2017,7,0,0,0.0,0,0,978712
242442,2017,7,0,0,0.0,0,0,979776
242454,2017,7,0,0,0.0,0,0,980952
242476,2017,7,0,0,0.0,0,0,983199
242487,2017,7,0,0,0.0,0,0,984429
242503,2017,7,0,0,0.0,0,0,986208
242504,2017,7,0,0,0.0,0,0,986421
242555,2017,7,0,0,0.0,0,0,990918
242577,2017,7,0,0,0.0,0,0,992886
242588,2017,7,0,0,0.0,0,0,994377
242596,2017,7,0,0,0.0,0,0,994877
242601,2017,7,0,0,0.0,0,0,995404
242616,2017,7,0,0,0.0,0,0,996686
242621,2017,7,0,0,0.0,0,0,997189
242636,2017,7,0,0,0.0,0,0,999460
242654,2017,8,0,0,0.0,0,0,101540
242704,2017,8,0,0,0.0,0,0,106689
242716,2017,8,0,0,0.0,0,0,107487
242736,2017,8,0,0,0.0,0,0,109495
242782,2017,8,0,0,0.0,0,0,114219
242790,2017,8,0,0,0.0,0,0,115198
242835,2017,8,0,0,0.0,0,0,120613
242845,2017,8,0,0,0.0,0,0,121856
242857,2017,8,0,0,0.0,0,0,122545
242867,2017,8,0,0,0.0,0,0,123538
242908,2017,8,0,0,0.0,0,0,127882
242911,2017,8,0,0,0.0,0,0,128032
242931,2017,8,0,0,0.0,0,0,130208
242965,2017,8,0,0,0.0,0,0,134273
242975,2017,8,0,0,0.0,0,0,135421
242984,2017,8,0,0,0.0,0,0,135977
243020,2017,8,0,0,0.0,0,0,138565
243024,2017,8,0,0,0.0,0,0,138810
243034,2017,8,0,0,0.0,0,0,139600
243037,2017,8,0,0,0.0,0,0,139863
243038,2017,8,0,0,0.0,0,0,139974
243104,2017,8,0,0,0.0,0,0,147700
243125,2017,8,0,0,0.0,0,0,149912
243196,2017,8,0,0,0.0,0,0,157566
243216,2017,8,0,0,0.0,0,0,159359
243223,2017,8,0,0,0.0,0,0,160135
243260,2017,8,0,0,0.0,0,0,163608
243268,2017,8,0,0,0.0,0,0,164034
243291,2017,8,0,0,0.0,0,0,166037
243306,2017,8,0,0,0.0,0,0,167465
243316,2017,8,0,0,0.0,0,0,168302
243320,2017,8,0,0,0.0,0,0,168843
243344,2017,8,0,0,0.0,0,0,170585
243362,2017,8,0,0,0.0,0,0,172162
243411,2017,8,0,0,0.0,0,0,177677
243431,2017,8,0,0,0.0,0,0,180024
243434,2017,8,0,0,0.0,0,0,180219
243441,2017,8,0,0,0.0,0,0,181082
243479,2017,8,0,0,0.0,0,0,184478
243484,2017,8,0,0,0.0,0,0,185013
243488,2017,8,0,0,0.0,0,0,185285
243513,2017,8,0,0,0.0,0,0,187618
243515,2017,8,0,0,0.0,0,0,187838
243561,2017,8,0,0,0.0,0,0,192772
243562,2017,8,0,0,0.0,0,0,193037
243601,2017,8,0,0,0.0,0,0,197086
243611,2017,8,0,0,0.0,0,0,198407
243624,2017,8,0,0,0.0,0,0,199493
243638,2017,8,0,0,0.0,0,0,201276
243657,2017,8,0,0,0.0,0,0,202358
243658,2017,8,0,0,0.0,0,0,202696
243689,2017,8,0,0,0.0,0,0,204484
243700,2017,8,0,0,0.0,0,0,205195
243714,2017,8,0,0,0.0,0,0,206890
243717,2017,8,0,0,0.0,0,0,207110
243726,2017,8,0,0,0.0,0,0,208553
243729,2017,8,0,0,0.0,0,0,208586
243769,2017,8,0,0,0.0,0,0,212477
243818,2017,8,0,0,0.0,0,0,216937
243856,2017,8,0,0,0.0,0,0,220822
243867,2017,8,0,0,0.0,0,0,221627
243869,2017,8,0,0,0.0,0,0,221993
243874,2017,8,0,0,0.0,0,0,223081
243932,2017,8,0,0,0.0,0,0,228673
243943,2017,8,0,0,0.0,0,0,229436
243992,2017,8,0,0,0.0,0,0,236037
244001,2017,8,0,0,0.0,0,0,237319
244006,2017,8,0,0,0.0,0,0,238063
244028,2017,8,0,0,0.0,0,0,240476
244048,2017,8,0,0,0.0,0,0,242719
244051,2017,8,0,0,0.0,0,0,242839
244056,2017,8,0,0,0.0,0,0,243061
244059,2017,8,0,0,0.0,0,0,243273
244069,2017,8,0,0,0.0,0,0,244308
244075,2017,8,0,0,0.0,0,0,244721
244104,2017,8,0,0,0.0,0,0,247514
244179,2017,8,0,0,0.0,0,0,254860
244198,2017,8,0,0,0.0,0,0,256486
244211,2017,8,0,0,0.0,0,0,257509
244256,2017,8,0,0,0.0,0,0,261964
244299,2017,8,0,0,0.0,0,0,265297
244300,2017,8,0,0,0.0,0,0,265557
244333,2017,8,0,0,0.0,0,0,269565
244353,2017,8,0,0,0.0,0,0,271675
244382,2017,8,0,0,0.0,0,0,274879
244396,2017,8,0,0,0.0,0,0,276289
244399,2017,8,0,0,0.0,0,0,276650
244406,2017,8,0,0,0.0,0,0,277091
244425,2017,8,0,0,0.0,0,0,278059
244456,2017,8,0,0,0.0,0,0,280828
244466,2017,8,0,0,0.0,0,0,282259
244486,2017,8,0,0,0.0,0,0,283770
244495,2018,1,0,0,0.0,528,95,991230
244581,2017,8,0,0,0.0,0,0,295302
244582,2017,8,0,0,0.0,0,0,295412
244608,2017,8,0,0,0.0,0,0,297427
244609,2017,8,0,0,0.0,0,0,297702
244641,2017,8,0,0,0.0,0,0,300376
244685,2017,8,0,0,0.0,0,0,304870
244707,2017,8,0,0,0.0,0,0,307159
244720,2017,8,0,0,0.0,0,0,308891
244732,2017,8,0,0,0.0,0,0,310965
244775,2017,8,0,0,0.0,0,0,314558
244803,2017,8,0,0,0.0,0,0,317888
244824,2017,8,0,0,0.0,0,0,319664
244835,2017,8,0,0,0.0,0,0,320414
244908,2017,8,0,0,0.0,0,0,328349
244910,2017,8,0,0,0.0,0,0,328446
244917,2017,8,0,0,0.0,0,0,329215
244920,2017,8,0,0,0.0,0,0,329302
244928,2017,8,0,0,0.0,0,0,329826
244940,2017,8,0,0,0.0,0,0,331325
244941,2017,8,0,0,0.0,0,0,331598
244983,2017,8,0,0,0.0,0,0,336341
245010,2017,8,0,0,0.0,0,0,339845
245022,2018,11,0,0,0.0,530,95,904304
245025,2017,8,0,0,0.0,0,0,341728
245030,2017,8,0,0,0.0,0,0,342527
245037,2017,8,0,0,0.0,0,0,342929
245070,2017,8,0,0,0.0,0,0,345908
245115,2017,8,0,0,0.0,0,0,348718
245136,2018,6,0,0,0.0,760,137,512471
245147,2017,8,0,0,0.0,0,0,352092
245175,2017,8,0,0,0.0,0,0,354464
245207,2017,8,0,0,0.0,0,0,358039
245212,2017,8,0,0,0.0,0,0,358586
245226,2017,8,0,0,0.0,0,0,360537
245268,2017,8,0,0,0.0,0,0,365451
245270,2017,8,0,0,0.0,0,0,365557
245271,2017,8,0,0,0.0,0,0,365619
245275,2017,8,0,0,0.0,0,0,366133
245334,2017,8,0,0,0.0,0,0,371368
245383,2017,8,0,0,0.0,0,0,375162
245425,2017,8,0,0,0.0,0,0,379238
245482,2017,8,0,0,0.0,0,0,384328
245534,2017,8,0,0,0.0,0,0,390480
245546,2017,8,0,0,0.0,0,0,391611
245551,2017,8,0,0,0.0,0,0,392619
245555,2017,8,0,0,0.0,0,0,392802
245646,2017,8,0,0,0.0,0,0,402052
245657,2017,8,0,0,0.0,0,0,402964
245659,2017,8,0,0,0.0,0,0,403052
245665,2017,8,0,0,0.0,0,0,403529
245666,2017,8,0,0,0.0,0,0,403529
245673,2017,8,0,0,0.0,0,0,404426
245690,2017,8,0,0,0.0,0,0,406254
245704,2017,8,0,0,0.0,0,0,408134
245707,2017,8,0,0,0.0,0,0,408347
245712,2017,8,0,0,0.0,0,0,408838
245736,2018,3,0,0,0.0,603,109,922188
245745,2017,8,0,0,0.0,0,0,411715
245762,2017,10,0,0,0.0,534,96,375540
245774,2017,8,0,0,0.0,0,0,414164
245829,2017,8,0,0,0.0,0,0,419661
245831,2017,8,0,0,0.0,0,0,419749
245834,2017,8,0,0,0.0,0,0,420202
245837,2017,8,0,0,0.0,0,0,420394
245846,2017,8,0,0,0.0,0,0,421001
245859,2017,8,0,0,0.0,0,0,422349
245878,2017,8,0,0,0.0,0,0,424027
245889,2017,8,0,0,0.0,0,0,425445
245901,2017,8,0,0,0.0,0,0,426141
245902,2017,8,0,0,0.0,0,0,426185
245925,2017,8,0,0,0.0,0,0,428526
245933,2017,8,0,0,0.0,0,0,428826
245958,2017,8,0,0,0.0,0,0,431187
245959,2017,8,0,0,0.0,0,0,431201
245987,2017,8,0,0,0.0,0,0,434620
246007,2017,8,0,0,0.0,0,0,436318
246023,2017,8,0,0,0.0,0,0,438199
246024,2017,8,0,0,0.0,0,0,438263
246030,2017,8,0,0,0.0,0,0,438641
246039,2017,8,0,0,0.0,0,0,439819
246063,2017,8,0,0,0.0,0,0,442249
246070,2017,8,0,0,0.0,0,0,442695
246080,2017,8,0,0,0.0,0,0,443970
246092,2017,8,0,0,0.0,0,0,444894
246104,2017,8,0,0,0.0,0,0,445427
246122,2017,11,0,0,0.0,427,77,276255
246132,2017,8,0,0,0.0,0,0,448273
246170,2017,8,0,0,0.0,0,0,453448
246177,2017,8,0,0,0.0,0,0,453971
246215,2017,8,0,0,0.0,0,0,457716
246220,2017,8,0,0,0.0,0,0,458614
246232,2017,8,0,0,0.0,0,0,459948
246244,2017,8,0,0,0.0,0,0,461199
246253,2017,8,0,0,0.0,0,0,462459
246255,2017,8,0,0,0.0,0,0,462497
246278,2017,8,0,0,0.0,0,0,464471
246287,2017,8,0,0,0.0,0,0,465476
246299,2017,8,0,0,0.0,0,0,466384
246303,2017,8,0,0,0.0,0,0,466865
246305,2017,8,0,0,0.0,0,0,467139
246315,2017,8,0,0,0.0,0,0,467945
246352,2017,8,0,0,0.0,0,0,471858
246366,2017,8,0,0,0.0,0,0,472787
246404,2017,8,0,0,0.0,0,0,476273
246407,2017,8,0,0,0.0,0,0,476371
246420,2017,8,0,0,0.0,0,0,478107
246425,2017,8,0,0,0.0,0,0,478666
246441,2017,8,0,0,0.0,0,0,480909
246448,2017,8,0,0,0.0,0,0,481293
246462,2017,8,0,0,0.0,0,0,482424
246477,2017,8,0,0,0.0,0,0,483768
246502,2017,8,0,0,0.0,0,0,485705
246506,2017,8,0,0,0.0,0,0,486112
246517,2017,8,0,0,0.0,0,0,487027
246524,2017,8,0,0,0.0,0,0,487605
246532,2017,8,0,0,0.0,0,0,488303
246533,2017,8,0,0,0.0,0,0,488346
246547,2017,8,0,0,0.0,0,0,489628
246558,2017,8,0,0,0.0,0,0,491253
246571,2017,8,0,0,0.0,0,0,492367
246627,2017,8,0,0,0.0,0,0,498149
246641,2017,8,0,0,0.0,0,0,499945
246659,2017,8,0,0,0.0,0,0,502012
246670,2017,8,0,0,0.0,0,0,502946
246699,2017,8,0,0,0.0,0,0,506170
246706,2017,8,0,0,0.0,0,0,508080
246731,2017,8,0,0,0.0,0,0,511053
246736,2017,8,0,0,0.0,0,0,511472
246740,2017,8,0,0,0.0,0,0,511765
246755,2017,8,0,0,0.0,0,0,513246
246778,2017,8,0,0,0.0,0,0,515981
246788,2017,8,0,0,0.0,0,0,516995
246811,2017,8,0,0,0.0,0,0,519726
246838,2017,8,0,0,0.0,0,0,523246
246882,2017,8,0,0,0.0,0,0,528074
246886,2017,8,0,0,0.0,0,0,528229
246888,2017,8,0,0,0.0,0,0,528363
246957,2017,8,0,0,0.0,0,0,535436
246959,2017,8,0,0,0.0,0,0,535852
246960,2017,8,0,0,0.0,0,0,535944
246979,2017,8,0,0,0.0,0,0,537038
246985,2017,8,0,0,0.0,0,0,537990
246986,2017,8,0,0,0.0,0,0,538308
247012,2017,8,0,0,0.0,0,0,540836
247036,2017,8,0,0,0.0,0,0,543599
247038,2017,8,0,0,0.0,0,0,543852
247042,2017,8,0,0,0.0,0,0,544690
247066,2017,8,0,0,0.0,0,0,547217
247089,2017,8,0,0,0.0,0,0,549982
247091,2017,8,0,0,0.0,0,0,550262
247098,2017,8,0,0,0.0,0,0,550769
247129,2017,8,0,0,0.0,0,0,553936
247131,2017,8,0,0,0.0,0,0,554104
247165,2017,8,0,0,0.0,0,0,558097
247179,2017,8,0,0,0.0,0,0,559388
247201,2017,8,0,0,0.0,0,0,562501
247218,2017,8,0,0,0.0,0,0,564813
247221,2017,8,0,0,0.0,0,0,565008
247223,2017,8,0,0,0.0,0,0,565074
247232,2017,8,0,0,0.0,0,0,565991
247249,2017,8,0,0,0.0,0,0,567219
247279,2017,8,0,0,0.0,0,0,571169
247290,2017,8,0,0,0.0,0,0,572062
247307,2017,8,0,0,0.0,0,0,573830
247369,2017,8,0,0,0.0,0,0,579015
247401,2017,8,0,0,0.0,0,0,581661
247411,2017,8,0,0,0.0,0,0,582690
247425,2017,8,0,0,0.0,0,0,583718
247453,2017,8,0,0,0.0,0,0,585978
247468,2017,8,0,0,0.0,0,0,587800
247492,2017,8,0,0,0.0,0,0,590514
247498,2017,8,0,0,0.0,0,0,590989
247505,2017,8,0,0,0.0,0,0,591641
247519,2017,8,0,0,0.0,0,0,593252
247520,2017,8,0,0,0.0,0,0,593252
247550,2017,8,0,0,0.0,0,0,596173
247563,2017,8,0,0,0.0,0,0,597897
247573,2017,8,0,0,0.0,0,0,599372
247584,2017,8,0,0,0.0,0,0,600785
247588,2017,8,0,0,0.0,0,0,600923
247603,2017,8,0,0,0.0,0,0,602694
247615,2017,8,0,0,0.0,0,0,604039
247634,2017,8,0,0,0.0,0,0,605761
247668,2017,8,0,0,0.0,0,0,609532
247735,2017,8,0,0,0.0,0,0,616611
247739,2017,8,0,0,0.0,0,0,616746
247745,2017,8,0,0,0.0,0,0,617296
247751,2017,8,0,0,0.0,0,0,617960
247787,2017,8,0,0,0.0,0,0,621940
247799,2017,8,0,0,0.0,0,0,622801
247810,2017,8,0,0,0.0,0,0,623341
247811,2017,8,0,0,0.0,0,0,623861
247819,2017,8,0,0,0.0,0,0,625123
247822,2017,8,0,0,0.0,0,0,625451
247834,2017,8,0,0,0.0,0,0,626217
247844,2017,8,0,0,0.0,0,0,627244
247847,2017,8,0,0,0.0,0,0,627489
247848,2017,8,0,0,0.0,0,0,627502
247856,2017,8,0,0,0.0,0,0,628452
247873,2017,8,0,0,0.0,0,0,629966
247904,2017,8,0,0,0.0,0,0,633490
247926,2017,8,0,0,0.0,0,0,635509
247936,2017,8,0,0,0.0,0,0,636505
247946,2017,8,0,0,0.0,0,0,637687
247972,2017,12,0,0,0.0,505,91,352490
247996,2017,8,0,0,0.0,0,0,642031
247998,2017,8,0,0,0.0,0,0,642247
248001,2017,8,0,0,0.0,0,0,642409
248027,2017,8,0,0,0.0,0,0,645081
248124,2017,8,0,0,0.0,0,0,653890
248126,2017,8,0,0,0.0,0,0,654073
248179,2017,8,0,0,0.0,0,0,662380
248193,2017,8,0,0,0.0,0,0,663641
248199,2017,8,0,0,0.0,0,0,664008
248208,2017,8,0,0,0.0,0,0,665024
248239,2017,8,0,0,0.0,0,0,667341
248251,2017,8,0,0,0.0,0,0,667860
248262,2017,8,0,0,0.0,0,0,668959
248284,2017,8,0,0,0.0,0,0,671849
248285,2017,8,0,0,0.0,0,0,671906
248289,2017,8,0,0,0.0,0,0,672391
248337,2017,8,0,0,0.0,0,0,677704
248359,2017,8,0,0,0.0,0,0,679414
248420,2017,8,0,0,0.0,0,0,684155
248431,2017,8,0,0,0.0,0,0,684934
248519,2017,8,0,0,0.0,0,0,693494
248539,2017,8,0,0,0.0,0,0,695428
248589,2017,8,0,0,0.0,0,0,701216
248594,2017,8,0,0,0.0,0,0,701732
248599,2017,8,0,0,0.0,0,0,702147
248603,2017,8,0,0,0.0,0,0,702284
248606,2017,8,0,0,0.0,0,0,702406
248626,2017,8,0,0,0.0,0,0,703882
248629,2017,8,0,0,0.0,0,0,704149
248663,2017,8,0,0,0.0,0,0,707470
248673,2017,8,0,0,0.0,0,0,708258
248692,2017,8,0,0,0.0,0,0,710003
248693,2017,8,0,0,0.0,0,0,710003
248727,2017,8,0,0,0.0,0,0,714379
248750,2017,8,0,0,0.0,0,0,716785
248771,2017,8,0,0,0.0,0,0,719383
248796,2017,8,0,0,0.0,0,0,721688
248809,2017,8,0,0,0.0,0,0,723591
248814,2017,8,0,0,0.0,0,0,723969
248874,2017,8,0,0,0.0,0,0,729518
248882,2017,8,0,0,0.0,0,0,730246
248883,2017,8,0,0,0.0,0,0,730561
248922,2017,8,0,0,0.0,0,0,733907
248940,2017,8,0,0,0.0,0,0,736258
248950,2017,8,0,0,0.0,0,0,737451
248995,2017,8,0,0,0.0,0,0,741422
249008,2017,8,0,0,0.0,0,0,742281
249040,2017,8,0,0,0.0,0,0,744228
249045,2017,8,0,0,0.0,0,0,744612
249088,2017,8,0,0,0.0,0,0,747609
249116,2017,8,0,0,0.0,0,0,750247
249147,2017,8,0,0,0.0,0,0,752885
249156,2017,8,0,0,0.0,0,0,753637
249193,2017,8,0,0,0.0,0,0,756791
249199,2017,8,0,0,0.0,0,0,757127
249249,2017,8,0,0,0.0,0,0,762117
249251,2017,8,0,0,0.0,0,0,762272
249278,2017,8,0,0,0.0,0,0,765293
249295,2017,8,0,0,0.0,0,0,766909
249329,2017,8,0,0,0.0,0,0,770968
249330,2017,8,0,0,0.0,0,0,771056
249393,2017,8,0,0,0.0,0,0,776736
249405,2017,8,0,0,0.0,0,0,778030
249432,2017,8,0,0,0.0,0,0,781062
249464,2017,8,0,0,0.0,0,0,784787
249488,2017,8,0,0,0.0,0,0,787548
249511,2017,8,0,0,0.0,0,0,789892
249567,2017,8,0,0,0.0,0,0,795230
249606,2017,8,0,0,0.0,0,0,799781
249622,2017,8,0,0,0.0,0,0,801821
249632,2017,8,0,0,0.0,0,0,802425
249641,2017,8,0,0,0.0,0,0,803084
249643,2017,8,0,0,0.0,0,0,803252
249656,2017,8,0,0,0.0,0,0,804521
249676,2017,8,0,0,0.0,0,0,807058
249697,2017,8,0,0,0.0,0,0,809733
249715,2017,8,0,0,0.0,0,0,811684
249727,2017,8,0,0,0.0,0,0,813352
249762,2017,8,0,0,0.0,0,0,817851
249771,2017,8,0,0,0.0,0,0,818597
249791,2017,8,0,0,0.0,0,0,820344
249812,2017,8,0,0,0.0,0,0,822956
249823,2017,8,0,0,0.0,0,0,824133
249834,2017,8,0,0,0.0,0,0,825730
249839,2017,8,0,0,0.0,0,0,826304
249841,2017,8,0,0,0.0,0,0,826556
249876,2017,8,0,0,0.0,0,0,830394
249885,2017,8,0,0,0.0,0,0,831180
249901,2017,8,0,0,0.0,0,0,832810
249962,2017,8,0,0,0.0,0,0,839422
249968,2017,2,0,0,0.0,410,74,511472
249995,2017,8,0,0,0.0,0,0,842279
249997,2017,8,0,0,0.0,0,0,842390
250016,2017,8,0,0,0.0,0,0,844477
250050,2017,8,0,0,0.0,0,0,848632
250059,2017,8,0,0,0.0,0,0,849569
250066,2017,8,0,0,0.0,0,0,850245
250080,2017,8,0,0,0.0,0,0,851845
250084,2017,8,0,0,0.0,0,0,851986
250089,2017,8,0,0,0.0,0,0,852323
250101,2017,8,0,0,0.0,0,0,853421
250110,2017,8,0,0,0.0,0,0,854742
250115,2017,8,0,0,0.0,0,0,855050
250131,2017,8,0,0,0.0,0,0,856406
250147,2017,8,0,0,0.0,0,0,857814
250187,2017,8,0,0,0.0,0,0,861330
250191,2017,8,0,0,0.0,0,0,861629
250264,2017,8,0,0,0.0,0,0,869712
250268,2017,8,0,0,0.0,0,0,870574
250311,2017,8,0,0,0.0,0,0,874614
250322,2017,8,0,0,0.0,0,0,875796
250334,2017,8,0,0,0.0,0,0,877152
250337,2017,8,0,0,0.0,0,0,877603
250342,2017,8,0,0,0.0,0,0,878284
250351,2017,8,0,0,0.0,0,0,879177
250375,2017,8,0,0,0.0,0,0,881198
250396,2017,8,0,0,0.0,0,0,883025
250399,2017,8,0,0,0.0,0,0,883349
250431,2017,8,0,0,0.0,0,0,886299
250463,2017,8,0,0,0.0,0,0,889964
250471,2017,8,0,0,0.0,0,0,890650
250475,2017,8,0,0,0.0,0,0,890882
250496,2017,8,0,0,0.0,0,0,892517
250505,2017,8,0,0,0.0,0,0,893266
250514,2017,8,0,0,0.0,0,0,893863
250527,2017,8,0,0,0.0,0,0,895185
250535,2017,8,0,0,0.0,0,0,896651
250536,2017,8,0,0,0.0,0,0,896685
250542,2017,8,0,0,0.0,0,0,897734
250567,2017,8,0,0,0.0,0,0,900460
250581,2017,8,0,0,0.0,0,0,901819
250601,2017,8,0,0,0.0,0,0,903209
250605,2017,8,0,0,0.0,0,0,903797
250624,2017,8,0,0,0.0,0,0,905909
250626,2017,8,0,0,0.0,0,0,906178
250632,2017,8,0,0,0.0,0,0,906615
250640,2017,8,0,0,0.0,0,0,907038
250654,2017,8,0,0,0.0,0,0,908248
250677,2017,8,0,0,0.0,0,0,910373
250738,2017,8,0,0,0.0,0,0,917610
250739,2017,8,0,0,0.0,0,0,917630
250746,2017,8,0,0,0.0,0,0,918404
250786,2017,8,0,0,0.0,0,0,922786
250787,2017,8,0,0,0.0,0,0,922926
250791,2017,8,0,0,0.0,0,0,923234
250807,2017,3,0,0,0.0,0,0,401424
250812,2017,1,0,0,0.0,365,66,747926
250814,2017,8,0,0,0.0,0,0,925385
250847,2017,8,0,0,0.0,0,0,929231
250849,2017,8,0,0,0.0,0,0,929455
250853,2017,8,0,0,0.0,0,0,929980
250895,2017,8,0,0,0.0,0,0,401424
250903,2017,8,0,0,0.0,0,0,935570
250915,2017,9,0,0,0.0,0,0,401424
250916,2017,10,0,0,0.0,0,0,401424
250918,2017,11,0,0,0.0,0,0,401424
250920,2017,12,0,0,0.0,0,0,401424
250926,2018,1,0,0,0.0,0,0,401424
250928,2018,2,0,0,0.0,0,0,401424
250933,2018,3,0,0,0.0,0,0,401424
250945,2017,8,0,0,0.0,0,0,939238
250946,2018,4,0,0,0.0,0,0,401424
250947,2018,5,0,0,0.0,0,0,401424
250951,2017,8,0,0,0.0,0,0,939485
250960,2018,6,0,0,0.0,0,0,401424
250970,2018,7,0,0,0.0,0,0,401424
250972,2018,8,0,0,0.0,0,0,401424
250978,2018,9,0,0,0.0,0,0,401424
250979,2018,10,0,0,0.0,0,0,401424
250983,2018,11,0,0,0.0,0,0,401424
250985,2017,8,0,0,0.0,0,0,942189
250986,2018,12,0,0,0.0,0,0,401424
251007,2017,8,0,0,0.0,0,0,944506
251011,2017,8,0,0,0.0,0,0,944750
251013,2017,8,0,0,0.0,0,0,945091
251020,2017,8,0,0,0.0,0,0,946001
251023,2017,8,0,0,0.0,0,0,946258
251029,2017,8,0,0,0.0,0,0,947234
251042,2017,8,0,0,0.0,0,0,948325
251058,2017,8,0,0,0.0,0,0,949974
251064,2017,8,0,0,0.0,0,0,950336
251069,2017,8,0,0,0.0,0,0,950593
251077,2017,8,0,0,0.0,0,0,950961
251103,2017,8,0,0,0.0,0,0,953307
251107,2017,8,0,0,0.0,0,0,953693
251170,2017,8,0,0,0.0,0,0,959453
251173,2017,8,0,0,0.0,0,0,959728
251231,2017,8,0,0,0.0,0,0,965751
251235,2017,8,0,0,0.0,0,0,966204
251237,2017,8,0,0,0.0,0,0,966391
251239,2017,8,0,0,0.0,0,0,966688
251252,2017,8,0,0,0.0,0,0,967347
251267,2017,8,0,0,0.0,0,0,968666
251301,2017,8,0,0,0.0,0,0,971582
251320,2017,8,0,0,0.0,0,0,973407
251321,2017,8,0,0,0.0,0,0,973609
251330,2017,8,0,0,0.0,0,0,974829
251347,2017,8,0,0,0.0,0,0,976330
251363,2017,8,0,0,0.0,0,0,978712
251380,2017,8,0,0,0.0,0,0,980952
251392,2017,8,0,0,0.0,0,0,982296
251397,2017,8,0,0,0.0,0,0,983199
251463,2017,8,0,0,0.0,0,0,990918
251469,2017,8,0,0,0.0,0,0,991230
251484,2017,8,0,0,0.0,0,0,992886
251495,2017,8,0,0,0.0,0,0,994877
251500,2017,8,0,0,0.0,0,0,995404
251536,2017,8,0,0,0.0,0,0,999460
251606,2017,9,0,0,0.0,0,0,106689
251614,2017,9,0,0,0.0,0,0,107487
251679,2017,9,0,0,0.0,0,0,115198
251736,2017,9,0,0,0.0,0,0,121856
251750,2017,9,0,0,0.0,0,0,122545
251761,2017,9,0,0,0.0,0,0,123538
251784,2017,6,0,0,0.0,825,149,609532
251808,2017,9,0,0,0.0,0,0,127785
251813,2017,9,0,0,0.0,0,0,128032
251832,2017,9,0,0,0.0,0,0,130208
251844,2017,9,0,0,0.0,0,0,131560
251900,2017,9,0,0,0.0,0,0,137850
251911,2017,9,0,0,0.0,0,0,138565
251916,2017,9,0,0,0.0,0,0,138810
251928,2017,9,0,0,0.0,0,0,139600
251931,2017,9,0,0,0.0,0,0,139974
251997,2017,9,0,0,0.0,0,0,147700
252021,2017,9,0,0,0.0,0,0,149912
252094,2017,9,0,0,0.0,0,0,157566
252111,2017,9,0,0,0.0,0,0,159359
252156,2017,9,0,0,0.0,0,0,163608
252196,2017,9,0,0,0.0,0,0,167465
252205,2017,9,0,0,0.0,0,0,168302
252209,2017,9,0,0,0.0,0,0,169129
252211,2017,9,0,0,0.0,0,0,169247
252245,2017,9,0,0,0.0,0,0,172162
252299,2017,9,0,0,0.0,0,0,177677
252319,2017,9,0,0,0.0,0,0,180024
252329,2017,9,0,0,0.0,0,0,181082
252347,2017,9,0,0,0.0,0,0,182785
252349,2017,9,0,0,0.0,0,0,183025
252360,2017,9,0,0,0.0,0,0,184478
252367,2017,9,0,0,0.0,0,0,185013
252369,2017,9,0,0,0.0,0,0,185285
252373,2017,9,0,0,0.0,0,0,185774
252381,2017,9,0,0,0.0,0,0,186593
252393,2017,9,0,0,0.0,0,0,187618
252437,2017,9,0,0,0.0,0,0,192772
252438,2017,9,0,0,0.0,0,0,193037
252440,2017,9,0,0,0.0,0,0,193665
252466,2017,9,0,0,0.0,0,0,196442
252492,2017,9,0,0,0.0,0,0,198407
252505,2017,9,0,0,0.0,0,0,199493
252524,2017,9,0,0,0.0,0,0,201276
252548,2017,9,0,0,0.0,0,0,203033
252569,2017,9,0,0,0.0,0,0,204484
252577,2017,9,0,0,0.0,0,0,205195
252589,2017,9,0,0,0.0,0,0,206890
252596,2017,9,0,0,0.0,0,0,207576
252605,2017,9,0,0,0.0,0,0,208553
252607,2017,9,0,0,0.0,0,0,208586
252653,2017,9,0,0,0.0,0,0,212477
252679,2017,1,0,0,0.0,426,77,671534
252686,2017,9,0,0,0.0,0,0,215508
252687,2017,9,0,0,0.0,0,0,215508
252703,2017,9,0,0,0.0,0,0,216937
252722,2017,9,0,0,0.0,0,0,218917
252747,2017,9,0,0,0.0,0,0,221627
252753,2017,9,0,0,0.0,0,0,223081
252779,2017,9,0,0,0.0,0,0,225363
252801,2017,9,0,0,0.0,0,0,227804
252808,2017,9,0,0,0.0,0,0,228673
252838,2017,9,0,0,0.0,0,0,232290
252874,2017,9,0,0,0.0,0,0,236037
252879,2017,9,0,0,0.0,0,0,236767
252884,2017,9,0,0,0.0,0,0,237319
252885,2017,9,0,0,0.0,0,0,237434
252891,2017,9,0,0,0.0,0,0,238063
252936,2017,9,0,0,0.0,0,0,242719
252938,2017,9,0,0,0.0,0,0,242839
252944,2017,9,0,0,0.0,0,0,243061
252948,2017,9,0,0,0.0,0,0,243273
252963,2017,9,0,0,0.0,0,0,244721
252989,2017,9,0,0,0.0,0,0,247471
253059,2017,9,0,0,0.0,0,0,254860
253081,2017,9,0,0,0.0,0,0,256486
253092,2017,9,0,0,0.0,0,0,257417
253093,2017,9,0,0,0.0,0,0,257509
253155,2017,9,0,0,0.0,0,0,263127
253178,2017,9,0,0,0.0,0,0,265297
253197,2017,9,0,0,0.0,0,0,267291
253203,2017,9,0,0,0.0,0,0,268129
253209,2017,9,0,0,0.0,0,0,268414
253218,2017,9,0,0,0.0,0,0,269565
253231,2017,9,0,0,0.0,0,0,270730
253240,2017,9,0,0,0.0,0,0,271675
253263,2017,9,0,0,0.0,0,0,273984
253273,2017,9,0,0,0.0,0,0,274879
253285,2017,9,0,0,0.0,0,0,276035
253290,2017,9,0,0,0.0,0,0,276289
253319,2017,9,0,0,0.0,0,0,278059
253346,2017,9,0,0,0.0,0,0,280828
253370,2017,9,0,0,0.0,0,0,283770
253371,2017,9,0,0,0.0,0,0,283980
253468,2017,9,0,0,0.0,0,0,295302
253495,2017,9,0,0,0.0,0,0,297427
253532,2017,9,0,0,0.0,0,0,300376
253576,2017,9,0,0,0.0,0,0,304870
253602,2017,9,0,0,0.0,0,0,307159
253618,2017,9,0,0,0.0,0,0,308891
253638,2017,9,0,0,0.0,0,0,311946
253676,2017,9,0,0,0.0,0,0,314558
253694,2017,9,0,0,0.0,0,0,316793
253705,2017,9,0,0,0.0,0,0,317776
253706,2017,9,0,0,0.0,0,0,317888
253709,2017,9,0,0,0.0,0,0,318264
253729,2017,9,0,0,0.0,0,0,319868
253734,2017,9,0,0,0.0,0,0,320414
253762,2017,9,0,0,0.0,0,0,323720
253785,2017,9,0,0,0.0,0,0,325367
253808,2017,6,0,0,0.0,757,136,329302
253820,2017,9,0,0,0.0,0,0,327972
253826,2017,9,0,0,0.0,0,0,328349
253828,2017,9,0,0,0.0,0,0,328446
253834,2017,9,0,0,0.0,0,0,329302
253858,2017,9,0,0,0.0,0,0,331598
253885,2017,9,0,0,0.0,0,0,336037
253889,2017,9,0,0,0.0,0,0,336341
253902,2017,9,0,0,0.0,0,0,337983
253918,2017,9,0,0,0.0,0,0,339845
253943,2017,9,0,0,0.0,0,0,342407
253949,2017,9,0,0,0.0,0,0,342929
253986,2017,9,0,0,0.0,0,0,345615
253990,2017,9,0,0,0.0,0,0,345908
254033,2017,9,0,0,0.0,0,0,348718
254073,2017,9,0,0,0.0,0,0,352092
254095,2017,9,0,0,0.0,0,0,354464
254123,2017,9,0,0,0.0,0,0,358039
254128,2017,9,0,0,0.0,0,0,358586
254186,2017,9,0,0,0.0,0,0,365451
254215,2017,1,0,0,0.0,0,0,423119
254216,2017,2,0,0,0.0,0,0,423119
254243,2017,4,0,0,0.0,0,0,423119
254251,2017,9,0,0,0.0,0,0,371368
254266,2017,8,0,0,0.0,0,0,423119
254267,2017,9,0,0,0.0,0,0,423119
254279,2017,10,0,0,0.0,0,0,423119
254292,2017,11,0,0,0.0,0,0,423119
254294,2017,9,0,0,0.0,0,0,375162
254295,2017,12,0,0,0.0,0,0,423119
254311,2017,9,0,0,0.0,0,0,376618
254312,2018,1,0,0,0.0,0,0,423119
254324,2018,3,0,0,0.0,0,0,423119
254339,2018,6,0,0,0.0,0,0,423119
254340,2017,9,0,0,0.0,0,0,379120
254341,2017,9,0,0,0.0,0,0,379238
254354,2018,7,0,0,0.0,0,0,423119
254357,2018,8,0,0,0.0,0,0,423119
254368,2018,9,0,0,0.0,0,0,423119
254376,2018,10,0,0,0.0,0,0,423119
254385,2018,11,0,0,0.0,0,0,423119
254389,2018,12,0,0,0.0,0,0,423119
254391,2017,9,0,0,0.0,0,0,384328
254409,2017,9,0,0,0.0,0,0,386790
254413,2017,9,0,0,0.0,0,0,387523
254429,2017,9,0,0,0.0,0,0,390480
254451,2017,9,0,0,0.0,0,0,392802
254552,2017,9,0,0,0.0,0,0,403052
254560,2017,9,0,0,0.0,0,0,403529
254561,2017,9,0,0,0.0,0,0,403529
254566,2017,9,0,0,0.0,0,0,404426
254605,2017,9,0,0,0.0,0,0,408134
254608,2017,9,0,0,0.0,0,0,408347
254614,2017,9,0,0,0.0,0,0,408838
254640,2017,9,0,0,0.0,0,0,411715
254658,2017,9,0,0,0.0,0,0,413185
254680,2017,9,0,0,0.0,0,0,415402
254714,2017,9,0,0,0.0,0,0,419661
254716,2017,9,0,0,0.0,0,0,419749
254722,2017,9,0,0,0.0,0,0,420202
254726,2017,9,0,0,0.0,0,0,420394
254731,2017,9,0,0,0.0,0,0,420515
254746,2017,9,0,0,0.0,0,0,421923
254772,2017,9,0,0,0.0,0,0,424027
254791,2017,9,0,0,0.0,0,0,426141
254792,2017,9,0,0,0.0,0,0,426185
254823,2017,9,0,0,0.0,0,0,428826
254830,2017,9,0,0,0.0,0,0,429308
254851,2017,9,0,0,0.0,0,0,431187
254852,2017,9,0,0,0.0,0,0,431201
254861,2017,9,0,0,0.0,0,0,432493
254882,2017,9,0,0,0.0,0,0,434620
254902,2017,9,0,0,0.0,0,0,436318
254921,2017,9,0,0,0.0,0,0,438199
254945,2017,9,0,0,0.0,0,0,440928
254962,2017,9,0,0,0.0,0,0,442249
254967,2017,9,0,0,0.0,0,0,442695
254978,2017,9,0,0,0.0,0,0,443970
254983,2017,9,0,0,0.0,0,0,444092
254988,2017,9,0,0,0.0,0,0,444365
254996,2017,9,0,0,0.0,0,0,445073
255003,2017,9,0,0,0.0,0,0,445427
255021,2017,9,0,0,0.0,0,0,446991
255027,2017,9,0,0,0.0,0,0,447962
255030,2017,9,0,0,0.0,0,0,448273
255068,2017,9,0,0,0.0,0,0,453448
255073,2017,9,0,0,0.0,0,0,453971
255162,2017,9,0,0,0.0,0,0,462459
255163,2017,9,0,0,0.0,0,0,462497
255166,2017,9,0,0,0.0,0,0,462663
255186,2017,9,0,0,0.0,0,0,464471
255196,2017,9,0,0,0.0,0,0,465476
255206,2017,9,0,0,0.0,0,0,466384
255210,2017,9,0,0,0.0,0,0,467139
255225,2017,9,0,0,0.0,0,0,467945
255275,2017,9,0,0,0.0,0,0,472532
255278,2017,9,0,0,0.0,0,0,472787
255306,2017,9,0,0,0.0,0,0,476273
255308,2017,9,0,0,0.0,0,0,476371
255318,2017,9,0,0,0.0,0,0,478107
255341,2017,9,0,0,0.0,0,0,480909
255349,2017,9,0,0,0.0,0,0,481293
255363,2017,9,0,0,0.0,0,0,482424
255377,2017,9,0,0,0.0,0,0,483768
255400,2017,9,0,0,0.0,0,0,485705
255402,2017,9,0,0,0.0,0,0,485795
255404,2017,9,0,0,0.0,0,0,485933
255406,2017,9,0,0,0.0,0,0,486112
255417,2017,9,0,0,0.0,0,0,487027
255433,2017,9,0,0,0.0,0,0,488346
255451,2017,9,0,0,0.0,0,0,489628
255478,2017,9,0,0,0.0,0,0,492367
255496,2017,9,0,0,0.0,0,0,494515
255513,2017,9,0,0,0.0,0,0,496357
255540,2017,9,0,0,0.0,0,0,498149
255559,2017,9,0,0,0.0,0,0,499945
255589,2017,9,0,0,0.0,0,0,502946
255661,2017,9,0,0,0.0,0,0,511053
255664,2017,9,0,0,0.0,0,0,511472
255669,2017,9,0,0,0.0,0,0,511765
255742,2017,9,0,0,0.0,0,0,519726
255780,2017,9,0,0,0.0,0,0,525548
255806,2017,9,0,0,0.0,0,0,528074
255811,2017,9,0,0,0.0,0,0,528363
255814,2017,9,0,0,0.0,0,0,528693
255838,2017,9,0,0,0.0,0,0,530508
255891,2017,9,0,0,0.0,0,0,535482
255912,2017,9,0,0,0.0,0,0,537387
255920,2017,9,0,0,0.0,0,0,537990
255922,2017,9,0,0,0.0,0,0,538308
255950,2017,9,0,0,0.0,0,0,540836
255972,2017,9,0,0,0.0,0,0,542893
255980,2017,9,0,0,0.0,0,0,543599
255988,2017,9,0,0,0.0,0,0,544690
256010,2017,9,0,0,0.0,0,0,547217
256033,2017,9,0,0,0.0,0,0,550262
256039,2017,9,0,0,0.0,0,0,550769
256076,2017,9,0,0,0.0,0,0,553936
256079,2017,9,0,0,0.0,0,0,554104
256110,2017,9,0,0,0.0,0,0,557458
256133,2017,9,0,0,0.0,0,0,559388
256162,2017,9,0,0,0.0,0,0,562501
256180,2017,9,0,0,0.0,0,0,564813
256185,2017,9,0,0,0.0,0,0,565008
256187,2017,9,0,0,0.0,0,0,565074
256188,2017,9,0,0,0.0,0,0,565171
256198,2017,9,0,0,0.0,0,0,565991
256200,2017,9,0,0,0.0,0,0,566182
256214,2017,9,0,0,0.0,0,0,567219
256247,2017,9,0,0,0.0,0,0,571169
256258,2017,9,0,0,0.0,0,0,572062
256279,2017,9,0,0,0.0,0,0,573830
256332,2017,9,0,0,0.0,0,0,577405
256351,2017,9,0,0,0.0,0,0,579015
256357,2017,9,0,0,0.0,0,0,579424
256363,2017,1,0,0,0.0,0,0,432564
256366,2017,2,0,0,0.0,0,0,432564
256389,2017,3,0,0,0.0,0,0,432564
256392,2017,9,0,0,0.0,0,0,582690
256397,2017,4,0,0,0.0,0,0,432564
256400,2017,5,0,0,0.0,0,0,432564
256401,2017,6,0,0,0.0,0,0,432564
256409,2017,9,0,0,0.0,0,0,583718
256429,2017,7,0,0,0.0,0,0,432564
256440,2017,9,0,0,0.0,0,0,585978
256448,2017,8,0,0,0.0,0,0,432564
256451,2017,9,0,0,0.0,0,0,587378
256460,2017,9,0,0,0.0,0,0,432564
256464,2017,11,0,0,0.0,0,0,432564
256468,2017,12,0,0,0.0,0,0,432564
256479,2017,9,0,0,0.0,0,0,590514
256494,2018,2,0,0,0.0,0,0,432564
256504,2017,9,0,0,0.0,0,0,593252
256505,2017,9,0,0,0.0,0,0,593252
256512,2018,5,0,0,0.0,0,0,432564
256515,2018,6,0,0,0.0,0,0,432564
256519,2018,7,0,0,0.0,0,0,432564
256521,2017,9,0,0,0.0,0,0,595083
256534,2017,9,0,0,0.0,0,0,596173
256536,2017,9,0,0,0.0,0,0,596390
256537,2017,9,0,0,0.0,0,0,596586
256544,2018,8,0,0,0.0,0,0,432564
256550,2018,9,0,0,0.0,0,0,432564
256552,2017,9,0,0,0.0,0,0,597897
256559,2017,9,0,0,0.0,0,0,599372
256564,2018,10,0,0,0.0,0,0,432564
256566,2018,11,0,0,0.0,0,0,432564
256576,2017,9,0,0,0.0,0,0,600923
256583,2018,12,0,0,0.0,0,0,432564
256600,2017,9,0,0,0.0,0,0,602694
256611,2017,9,0,0,0.0,0,0,604039
256678,2017,9,0,0,0.0,0,0,608758
256714,2017,9,0,0,0.0,0,0,612510
256739,2017,9,0,0,0.0,0,0,614810
256760,2017,9,0,0,0.0,0,0,616611
256763,2017,9,0,0,0.0,0,0,616746
256769,2017,9,0,0,0.0,0,0,617099
256815,2017,9,0,0,0.0,0,0,621940
256824,2017,9,0,0,0.0,0,0,622801
256836,2017,9,0,0,0.0,0,0,623341
256841,2017,9,0,0,0.0,0,0,623861
256848,2018,3,0,0,0.0,412,74,991230
256852,2017,9,0,0,0.0,0,0,625033
256863,2017,9,0,0,0.0,0,0,626217
256871,2017,9,0,0,0.0,0,0,627244
256872,2017,12,0,0,0.0,733,132,420202
256876,2017,9,0,0,0.0,0,0,627502
256887,2017,9,0,0,0.0,0,0,628431
256888,2017,9,0,0,0.0,0,0,628452
256902,2017,9,0,0,0.0,0,0,629966
256918,2017,9,0,0,0.0,0,0,631661
256936,2017,9,0,0,0.0,0,0,633490
256949,2017,9,0,0,0.0,0,0,635509
256960,2017,9,0,0,0.0,0,0,636505
256978,2017,9,0,0,0.0,0,0,638495
257015,2017,9,0,0,0.0,0,0,642031
257020,2017,9,0,0,0.0,0,0,642247
257023,2017,9,0,0,0.0,0,0,642409
257038,2017,9,0,0,0.0,0,0,643912
257039,2017,9,0,0,0.0,0,0,644163
257042,2017,9,0,0,0.0,0,0,644630
257044,2017,9,0,0,0.0,0,0,644786
257049,2017,9,0,0,0.0,0,0,645081
257135,2017,9,0,0,0.0,0,0,653890
257162,2017,9,0,0,0.0,0,0,656572
257165,2017,9,0,0,0.0,0,0,656942
257210,2017,9,0,0,0.0,0,0,661411
257214,2017,9,0,0,0.0,0,0,661502
257218,2017,9,0,0,0.0,0,0,661744
257219,2017,9,0,0,0.0,0,0,662164
257233,2017,9,0,0,0.0,0,0,663641
257236,2017,9,0,0,0.0,0,0,664008
257248,2017,9,0,0,0.0,0,0,665024
257270,2017,9,0,0,0.0,0,0,667341
257283,2017,9,0,0,0.0,0,0,667860
257311,2017,9,0,0,0.0,0,0,671803
257312,2017,9,0,0,0.0,0,0,671849
257313,2017,9,0,0,0.0,0,0,671906
257321,2017,9,0,0,0.0,0,0,672308
257323,2017,9,0,0,0.0,0,0,672391
257331,2017,9,0,0,0.0,0,0,672893
257385,2017,9,0,0,0.0,0,0,678243
257400,2017,9,0,0,0.0,0,0,679414
257543,2017,9,0,0,0.0,0,0,693494
257557,2017,9,0,0,0.0,0,0,695342
257559,2017,9,0,0,0.0,0,0,695428
257614,2017,9,0,0,0.0,0,0,701216
257619,2017,9,0,0,0.0,0,0,701732
257621,2017,9,0,0,0.0,0,0,702147
257625,2017,9,0,0,0.0,0,0,702406
257626,2017,9,0,0,0.0,0,0,702478
257643,2017,9,0,0,0.0,0,0,703882
257647,2017,9,0,0,0.0,0,0,704270
257663,2017,9,0,0,0.0,0,0,705911
257676,2017,9,0,0,0.0,0,0,707470
257683,2017,9,0,0,0.0,0,0,708258
257686,2017,9,0,0,0.0,0,0,708343
257696,2017,9,0,0,0.0,0,0,709415
257703,2017,9,0,0,0.0,0,0,710003
257704,2017,9,0,0,0.0,0,0,710003
257732,2017,9,0,0,0.0,0,0,713236
257740,2017,9,0,0,0.0,0,0,714379
257766,2017,9,0,0,0.0,0,0,717632
257783,2017,9,0,0,0.0,0,0,719383
257822,2017,9,0,0,0.0,0,0,723969
257826,2017,9,0,0,0.0,0,0,724272
257899,2017,9,0,0,0.0,0,0,730246
257900,2017,9,0,0,0.0,0,0,730561
257936,2017,9,0,0,0.0,0,0,733907
257947,2017,9,0,0,0.0,0,0,735304
257956,2017,9,0,0,0.0,0,0,736258
257966,2017,9,0,0,0.0,0,0,737451
258049,2017,9,0,0,0.0,0,0,744228
258053,2017,9,0,0,0.0,0,0,744528
258055,2017,9,0,0,0.0,0,0,744612
258098,2017,9,0,0,0.0,0,0,747609
258122,2017,9,0,0,0.0,0,0,750247
258128,2017,9,0,0,0.0,0,0,750710
258151,2017,9,0,0,0.0,0,0,752885
258154,2017,9,0,0,0.0,0,0,753473
258162,2017,9,0,0,0.0,0,0,754539
258172,2017,9,0,0,0.0,0,0,755374
258191,2017,9,0,0,0.0,0,0,756867
258196,2017,9,0,0,0.0,0,0,757127
258222,2017,9,0,0,0.0,0,0,760061
258238,2017,9,0,0,0.0,0,0,762117
258241,2017,9,0,0,0.0,0,0,762355
258280,2017,9,0,0,0.0,0,0,765293
258303,2017,9,0,0,0.0,0,0,766909
258324,2017,9,0,0,0.0,0,0,768072
258350,2017,9,0,0,0.0,0,0,770968
258351,2017,9,0,0,0.0,0,0,771056
258389,2017,9,0,0,0.0,0,0,774321
258407,2017,9,0,0,0.0,0,0,776736
258483,2017,9,0,0,0.0,0,0,784787
258524,2017,9,0,0,0.0,0,0,789573
258527,2017,9,0,0,0.0,0,0,790178
258540,2017,9,0,0,0.0,0,0,791809
258619,2017,9,0,0,0.0,0,0,800433
258642,2017,9,0,0,0.0,0,0,802425
258647,2017,9,0,0,0.0,0,0,803084
258650,2017,9,0,0,0.0,0,0,803252
258685,2017,9,0,0,0.0,0,0,807058
258697,2017,9,0,0,0.0,0,0,808353
258727,2017,9,0,0,0.0,0,0,811684
258737,2017,9,0,0,0.0,0,0,812894
258739,2017,9,0,0,0.0,0,0,813352
258777,2017,9,0,0,0.0,0,0,817456
258783,2017,9,0,0,0.0,0,0,817851
258790,2017,9,0,0,0.0,0,0,818597
258805,2017,9,0,0,0.0,0,0,819809
258813,2017,9,0,0,0.0,0,0,820344
258836,2017,9,0,0,0.0,0,0,822956
258857,2017,9,0,0,0.0,0,0,824133
258870,2017,9,0,0,0.0,0,0,825730
258877,2017,9,0,0,0.0,0,0,826556
258895,2017,9,0,0,0.0,0,0,828232
258910,2017,9,0,0,0.0,0,0,830385
258911,2017,9,0,0,0.0,0,0,830394
258915,2017,9,0,0,0.0,0,0,830811
258936,2017,9,0,0,0.0,0,0,832810
259022,2017,9,0,0,0.0,0,0,839422
259054,2017,9,0,0,0.0,0,0,842279
259056,2017,9,0,0,0.0,0,0,842390
259078,2017,9,0,0,0.0,0,0,844477
259100,2017,9,0,0,0.0,0,0,846291
259119,2017,9,0,0,0.0,0,0,849569
259132,2017,9,0,0,0.0,0,0,851421
259135,2017,9,0,0,0.0,0,0,851836
259136,2017,9,0,0,0.0,0,0,851845
259139,2017,9,0,0,0.0,0,0,851986
259142,2017,9,0,0,0.0,0,0,852323
259152,2017,9,0,0,0.0,0,0,853421
259162,2017,9,0,0,0.0,0,0,854742
259164,2017,9,0,0,0.0,0,0,854902
259167,2017,9,0,0,0.0,0,0,855050
259180,2017,9,0,0,0.0,0,0,856406
259225,2017,9,0,0,0.0,0,0,860602
259231,2017,9,0,0,0.0,0,0,861330
259236,2017,9,0,0,0.0,0,0,861629
259237,2017,9,0,0,0.0,0,0,861700
259253,2017,9,0,0,0.0,0,0,863432
259292,2017,9,0,0,0.0,0,0,867446
259312,2017,9,0,0,0.0,0,0,869712
259353,2017,9,0,0,0.0,0,0,873886
259365,2017,9,0,0,0.0,0,0,874614
259379,2017,9,0,0,0.0,0,0,875796
259393,2017,9,0,0,0.0,0,0,877152
259398,2017,9,0,0,0.0,0,0,877603
259402,2017,9,0,0,0.0,0,0,878284
259410,2017,9,0,0,0.0,0,0,879177
259450,2017,9,0,0,0.0,0,0,883025
259456,2017,9,0,0,0.0,0,0,883349
259483,2017,9,0,0,0.0,0,0,886299
259485,2017,9,0,0,0.0,0,0,886439
259506,2017,9,0,0,0.0,0,0,888357
259517,2017,9,0,0,0.0,0,0,889964
259527,2017,9,0,0,0.0,0,0,890650
259533,2017,9,0,0,0.0,0,0,890882
259545,2017,9,0,0,0.0,0,0,892219
259549,2017,9,0,0,0.0,0,0,892517
259559,2017,9,0,0,0.0,0,0,893266
259566,2017,9,0,0,0.0,0,0,893863
259570,2017,9,0,0,0.0,0,0,894436
259572,2017,9,0,0,0.0,0,0,894620
259586,2017,9,0,0,0.0,0,0,896651
259587,2017,9,0,0,0.0,0,0,896685
259596,2017,9,0,0,0.0,0,0,897734
259626,2017,9,0,0,0.0,0,0,900894
259654,2017,9,0,0,0.0,0,0,903209
259660,2017,9,0,0,0.0,0,0,903797
259682,2017,9,0,0,0.0,0,0,905478
259687,2017,9,0,0,0.0,0,0,905909
259689,2017,9,0,0,0.0,0,0,906178
259702,2017,9,0,0,0.0,0,0,907038
259713,2017,9,0,0,0.0,0,0,908248
259738,2017,9,0,0,0.0,0,0,910373
259801,2017,9,0,0,0.0,0,0,917630
259808,2017,9,0,0,0.0,0,0,918404
259844,2017,9,0,0,0.0,0,0,922188
259850,2017,9,0,0,0.0,0,0,922786
259852,2017,9,0,0,0.0,0,0,922926
259856,2017,9,0,0,0.0,0,0,923234
259863,2017,9,0,0,0.0,0,0,923959
259909,2017,9,0,0,0.0,0,0,929231
259912,2017,9,0,0,0.0,0,0,929455
259915,2017,9,0,0,0.0,0,0,929728
259932,2017,9,0,0,0.0,0,0,931183
259977,2017,9,0,0,0.0,0,0,935570
259998,2017,9,0,0,0.0,0,0,937645
260015,2017,9,0,0,0.0,0,0,939238
260052,2017,9,0,0,0.0,0,0,942189
260078,2017,9,0,0,0.0,0,0,944506
260080,2017,9,0,0,0.0,0,0,944750
260092,2017,9,0,0,0.0,0,0,946001
260104,2017,9,0,0,0.0,0,0,947234
260126,2017,9,0,0,0.0,0,0,949974
260136,2017,9,0,0,0.0,0,0,950593
260140,2017,9,0,0,0.0,0,0,950961
260168,2017,9,0,0,0.0,0,0,952955
260172,2017,9,0,0,0.0,0,0,953307
260218,2017,9,0,0,0.0,0,0,957764
260242,2017,9,0,0,0.0,0,0,959453
260244,2017,9,0,0,0.0,0,0,959728
260301,2017,9,0,0,0.0,0,0,965751
260305,2017,9,0,0,0.0,0,0,966204
260309,2017,9,0,0,0.0,0,0,966391
260311,2017,9,0,0,0.0,0,0,966580
260312,2017,9,0,0,0.0,0,0,966688
260324,2017,9,0,0,0.0,0,0,967347
260336,2017,9,0,0,0.0,0,0,968034
260339,2017,9,0,0,0.0,0,0,968225
260346,2017,9,0,0,0.0,0,0,968666
260373,2017,9,0,0,0.0,0,0,971107
260395,2017,9,0,0,0.0,0,0,973407
260396,2017,9,0,0,0.0,0,0,973609
260397,2017,9,0,0,0.0,0,0,973728
260407,2017,9,0,0,0.0,0,0,974829
260426,2017,9,0,0,0.0,0,0,976330
260439,2017,9,0,0,0.0,0,0,977303
260446,2017,9,0,0,0.0,0,0,978712
260487,2017,9,0,0,0.0,0,0,982296
260494,2017,9,0,0,0.0,0,0,983199
260522,2017,9,0,0,0.0,0,0,986421
260566,2017,9,0,0,0.0,0,0,990918
260594,2017,9,0,0,0.0,0,0,992886
260602,2017,9,0,0,0.0,0,0,994377
260609,2017,9,0,0,0.0,0,0,995404
260623,2017,9,0,0,0.0,0,0,996686
260636,2017,9,0,0,0.0,0,0,997439
260652,2017,9,0,0,0.0,0,0,999460
260714,2017,10,0,0,0.0,0,0,105214
260729,2017,10,0,0,0.0,0,0,106592
260734,2017,10,0,0,0.0,0,0,106776
260745,2017,10,0,0,0.0,0,0,107571
260760,2017,10,0,0,0.0,0,0,109495
260781,2017,10,0,0,0.0,0,0,112842
260810,2017,10,0,0,0.0,0,0,115198
260853,2017,10,0,0,0.0,0,0,120583
260855,2017,10,0,0,0.0,0,0,120613
260871,2017,10,0,0,0.0,0,0,122545
260882,2017,10,0,0,0.0,0,0,123538
260926,2017,10,0,0,0.0,0,0,127785
260928,2017,10,0,0,0.0,0,0,127882
260931,2017,10,0,0,0.0,0,0,128032
260945,2017,10,0,0,0.0,0,0,128789
260956,2017,10,0,0,0.0,0,0,130208
260961,2017,10,0,0,0.0,0,0,130368
260969,2017,10,0,0,0.0,0,0,131257
260972,2017,10,0,0,0.0,0,0,131560
260998,2017,10,0,0,0.0,0,0,134273
261010,2017,10,0,0,0.0,0,0,135977
261046,2017,10,0,0,0.0,0,0,138737
261051,2017,10,0,0,0.0,0,0,138810
261065,2017,10,0,0,0.0,0,0,139600
261068,2017,10,0,0,0.0,0,0,139974
261122,2017,10,0,0,0.0,0,0,146028
261159,2017,10,0,0,0.0,0,0,149912
261196,2017,10,0,0,0.0,0,0,153600
261199,2017,10,0,0,0.0,0,0,153884
261237,2017,10,0,0,0.0,0,0,157566
261255,2017,10,0,0,0.0,0,0,159359
261301,2017,10,0,0,0.0,0,0,164034
261312,2017,10,0,0,0.0,0,0,165019
261319,2017,10,0,0,0.0,0,0,166037
261335,2017,10,0,0,0.0,0,0,167465
261343,2017,10,0,0,0.0,0,0,168302
261347,2017,10,0,0,0.0,0,0,168843
261349,2017,10,0,0,0.0,0,0,169247
261387,2017,10,0,0,0.0,0,0,172162
261436,2017,10,0,0,0.0,0,0,177677
261456,2017,10,0,0,0.0,0,0,180024
261465,2017,10,0,0,0.0,0,0,181082
261486,2017,10,0,0,0.0,0,0,183025
261501,2017,10,0,0,0.0,0,0,184478
261508,2017,10,0,0,0.0,0,0,185285
261512,2017,10,0,0,0.0,0,0,185774
261519,2017,10,0,0,0.0,0,0,186593
261529,2017,10,0,0,0.0,0,0,187618
261531,2017,10,0,0,0.0,0,0,187838
261572,2017,10,0,0,0.0,0,0,192772
261575,2017,10,0,0,0.0,0,0,193037
261580,2017,10,0,0,0.0,0,0,193775
261616,2017,10,0,0,0.0,0,0,197086
261628,2017,10,0,0,0.0,0,0,198407
261641,2017,10,0,0,0.0,0,0,199493
261660,2017,10,0,0,0.0,0,0,201276
261667,2017,10,0,0,0.0,0,0,201683
261704,2017,10,0,0,0.0,0,0,204343
261714,2017,10,0,0,0.0,0,0,205195
261750,2017,10,0,0,0.0,0,0,208553
261753,2017,10,0,0,0.0,0,0,208586
261779,2017,10,0,0,0.0,0,0,210755
261822,2017,10,0,0,0.0,0,0,215508
261842,2017,10,0,0,0.0,0,0,216937
261865,2017,10,0,0,0.0,0,0,218917
261891,2017,10,0,0,0.0,0,0,221627
261898,2017,10,0,0,0.0,0,0,223081
262009,2017,10,0,0,0.0,0,0,236037
262012,2017,10,0,0,0.0,0,0,236767
262019,2017,10,0,0,0.0,0,0,237274
262020,2017,10,0,0,0.0,0,0,237319
262024,2017,10,0,0,0.0,0,0,238063
262069,2017,10,0,0,0.0,0,0,242719
262072,2017,10,0,0,0.0,0,0,242839
262077,2017,10,0,0,0.0,0,0,243273
262093,2017,10,0,0,0.0,0,0,244721
262120,2017,10,0,0,0.0,0,0,247471
262121,2017,10,0,0,0.0,0,0,247645
262189,2017,10,0,0,0.0,0,0,254860
262219,2017,10,0,0,0.0,0,0,257509
262237,2017,10,0,0,0.0,0,0,259110
262263,2017,10,0,0,0.0,0,0,261964
262301,2017,10,0,0,0.0,0,0,265297
262326,2017,10,0,0,0.0,0,0,268129
262338,2017,10,0,0,0.0,0,0,269565
262387,2017,10,0,0,0.0,0,0,274141
262396,2017,10,0,0,0.0,0,0,274879
262408,2017,10,0,0,0.0,0,0,276035
262409,2017,10,0,0,0.0,0,0,276255
262410,2017,10,0,0,0.0,0,0,276289
262412,2017,10,0,0,0.0,0,0,276650
262439,2017,10,0,0,0.0,0,0,278059
262455,2017,10,0,0,0.0,0,0,279231
262479,2017,10,0,0,0.0,0,0,281979
262492,2017,10,0,0,0.0,0,0,283770
262494,2017,10,0,0,0.0,0,0,283980
262512,2017,10,0,0,0.0,0,0,286065
262593,2017,10,0,0,0.0,0,0,295302
262615,2017,10,0,0,0.0,0,0,297427
262654,2017,10,0,0,0.0,0,0,300376
262661,2017,10,0,0,0.0,0,0,300870
262695,2017,10,0,0,0.0,0,0,304870
262722,2017,10,0,0,0.0,0,0,307159
262742,2017,10,0,0,0.0,0,0,308891
262758,2017,10,0,0,0.0,0,0,310965
262767,2017,10,0,0,0.0,0,0,311946
262801,2017,10,0,0,0.0,0,0,314558
262821,2017,10,0,0,0.0,0,0,316793
262834,2017,10,0,0,0.0,0,0,317888
262836,2017,10,0,0,0.0,0,0,318264
262862,2017,10,0,0,0.0,0,0,320414
262911,2017,10,0,0,0.0,0,0,325367
262949,2017,10,0,0,0.0,0,0,328349
262957,2017,10,0,0,0.0,0,0,329302
262972,2017,10,0,0,0.0,0,0,330464
262980,2017,10,0,0,0.0,0,0,331325
262982,2017,2,0,0,0.0,516,93,921278
262983,2017,10,0,0,0.0,0,0,331598
262986,2017,9,0,0,0.0,615,111,967883
263019,2017,10,0,0,0.0,0,0,336037
263032,2017,10,0,0,0.0,0,0,337453
263041,2017,10,0,0,0.0,0,0,337983
263057,2017,10,0,0,0.0,0,0,339845
263106,2017,10,0,0,0.0,0,0,345615
263145,2017,10,0,0,0.0,0,0,348718
263203,2017,10,0,0,0.0,0,0,354464
263227,2017,8,0,0,0.0,475,86,672308
263237,2017,10,0,0,0.0,0,0,358039
263244,2017,10,0,0,0.0,0,0,358586
263263,2017,10,0,0,0.0,0,0,360537
263314,2017,10,0,0,0.0,0,0,365451
263315,2017,10,0,0,0.0,0,0,365557
263383,2017,10,0,0,0.0,0,0,371368
263422,2017,10,0,0,0.0,0,0,375162
263438,2017,10,0,0,0.0,0,0,376618
263498,2017,10,0,0,0.0,0,0,384328
263517,2017,10,0,0,0.0,0,0,386790
263538,2017,10,0,0,0.0,0,0,390480
263539,2017,10,0,0,0.0,0,0,390546
263556,2017,10,0,0,0.0,0,0,392619
263561,2017,10,0,0,0.0,0,0,392802
263601,2017,10,0,0,0.0,0,0,397817
263613,2018,3,0,0,0.0,625,113,636505
263652,2017,10,0,0,0.0,0,0,402964
263654,2017,10,0,0,0.0,0,0,403052
263660,2017,10,0,0,0.0,0,0,403529
263661,2017,10,0,0,0.0,0,0,403529
263669,2017,10,0,0,0.0,0,0,404426
263686,2017,10,0,0,0.0,0,0,405928
263689,2017,10,0,0,0.0,0,0,406254
263702,2017,10,0,0,0.0,0,0,407411
263709,2017,10,0,0,0.0,0,0,407999
263711,2017,10,0,0,0.0,0,0,408134
263713,2017,10,0,0,0.0,0,0,408347
263753,2017,10,0,0,0.0,0,0,411715
263763,2017,10,0,0,0.0,0,0,412402
263771,2017,10,0,0,0.0,0,0,412995
263784,2017,10,0,0,0.0,0,0,414164
263794,2017,10,0,0,0.0,0,0,415402
263832,2017,10,0,0,0.0,0,0,419661
263840,2017,10,0,0,0.0,0,0,420202
263847,2017,10,0,0,0.0,0,0,420515
263851,2017,10,0,0,0.0,0,0,421001
263852,2017,10,0,0,0.0,0,0,421191
263863,2017,10,0,0,0.0,0,0,421923
263881,2017,10,0,0,0.0,0,0,424027
263900,2017,10,0,0,0.0,0,0,426141
263901,2017,10,0,0,0.0,0,0,426185
263931,2017,10,0,0,0.0,0,0,428826
263962,2017,10,0,0,0.0,0,0,431187
263963,2017,10,0,0,0.0,0,0,431201
263996,2017,10,0,0,0.0,0,0,434620
264020,2017,10,0,0,0.0,0,0,436318
264041,2017,10,0,0,0.0,0,0,438263
264073,2017,10,0,0,0.0,0,0,442014
264074,2017,10,0,0,0.0,0,0,442249
264077,2017,10,0,0,0.0,0,0,442695
264086,2017,10,0,0,0.0,0,0,443970
264109,2017,10,0,0,0.0,0,0,445427
264139,2017,10,0,0,0.0,0,0,447962
264140,2017,10,0,0,0.0,0,0,448142
264142,2017,10,0,0,0.0,0,0,448273
264185,2017,10,0,0,0.0,0,0,453448
264192,2017,10,0,0,0.0,0,0,453971
264199,2017,10,0,0,0.0,0,0,454440
264245,2017,10,0,0,0.0,0,0,458614
264290,2017,10,0,0,0.0,0,0,462497
264293,2017,10,0,0,0.0,0,0,462663
264310,2017,10,0,0,0.0,0,0,464471
264320,2017,10,0,0,0.0,0,0,465476
264332,2017,10,0,0,0.0,0,0,466384
264338,2017,10,0,0,0.0,0,0,466865
264341,2017,10,0,0,0.0,0,0,467139
264391,2017,10,0,0,0.0,0,0,471858
264399,2017,10,0,0,0.0,0,0,472532
264447,2017,10,0,0,0.0,0,0,476273
264449,2017,10,0,0,0.0,0,0,476371
264459,2017,10,0,0,0.0,0,0,478107
264478,2017,1,0,0,0.0,0,0,462253
264495,2017,4,0,0,0.0,0,0,462253
264496,2017,5,0,0,0.0,0,0,462253
264497,2017,6,0,0,0.0,0,0,462253
264499,2017,10,0,0,0.0,0,0,482424
264501,2017,10,0,0,0.0,0,0,482528
264511,2017,7,0,0,0.0,0,0,462253
264514,2017,8,0,0,0.0,0,0,462253
264515,2017,9,0,0,0.0,0,0,462253
264516,2017,10,0,0,0.0,0,0,483768
264522,2017,10,0,0,0.0,0,0,462253
264534,2017,11,0,0,0.0,0,0,462253
264541,2017,10,0,0,0.0,0,0,485705
264544,2017,10,0,0,0.0,0,0,485795
264548,2017,10,0,0,0.0,0,0,486112
264552,2017,12,0,0,0.0,0,0,462253
264556,2018,1,0,0,0.0,0,0,462253
264557,2017,10,0,0,0.0,0,0,487027
264558,2018,2,0,0,0.0,0,0,462253
264563,2018,3,0,0,0.0,0,0,462253
264568,2018,4,0,0,0.0,0,0,462253
264571,2017,10,0,0,0.0,0,0,488346
264581,2018,5,0,0,0.0,0,0,462253
264586,2018,6,0,0,0.0,0,0,462253
264589,2018,7,0,0,0.0,0,0,462253
264590,2018,8,0,0,0.0,0,0,462253
264591,2018,9,0,0,0.0,0,0,462253
264596,2018,10,0,0,0.0,0,0,462253
264604,2017,10,0,0,0.0,0,0,491253
264613,2018,11,0,0,0.0,0,0,462253
264617,2018,12,0,0,0.0,0,0,462253
264618,2017,10,0,0,0.0,0,0,492367
264625,2017,9,0,0,0.0,476,86,697272
264636,2017,10,0,0,0.0,0,0,494515
264653,2017,10,0,0,0.0,0,0,496357
264673,2017,10,0,0,0.0,0,0,498149
264719,2017,10,0,0,0.0,0,0,502946
264729,2017,10,0,0,0.0,0,0,504260
264745,2017,10,0,0,0.0,0,0,506170
264749,2017,10,0,0,0.0,0,0,507005
264838,2017,10,0,0,0.0,0,0,515981
264847,2017,10,0,0,0.0,0,0,516995
264866,2017,10,0,0,0.0,0,0,518236
264909,2017,10,0,0,0.0,0,0,523246
264948,2017,10,0,0,0.0,0,0,528074
264950,2017,10,0,0,0.0,0,0,528229
264952,2017,10,0,0,0.0,0,0,528331
264953,2017,10,0,0,0.0,0,0,528363
264957,2017,10,0,0,0.0,0,0,528693
264979,2017,10,0,0,0.0,0,0,530508
265032,2017,10,0,0,0.0,0,0,535852
265033,2017,10,0,0,0.0,0,0,535944
265059,2017,10,0,0,0.0,0,0,538308
265082,2017,10,0,0,0.0,0,0,540836
265104,2017,10,0,0,0.0,0,0,542893
265112,2017,10,0,0,0.0,0,0,543599
265141,2017,10,0,0,0.0,0,0,546665
265149,2017,10,0,0,0.0,0,0,547217
265172,2017,10,0,0,0.0,0,0,549862
265175,2017,10,0,0,0.0,0,0,550262
265211,2017,10,0,0,0.0,0,0,553936
265216,2017,10,0,0,0.0,0,0,554104
265253,2017,10,0,0,0.0,0,0,558097
265268,2017,10,0,0,0.0,0,0,559388
265293,2017,10,0,0,0.0,0,0,562501
265312,2017,10,0,0,0.0,0,0,564813
265316,2017,10,0,0,0.0,0,0,565008
265319,2017,10,0,0,0.0,0,0,565074
265322,2017,10,0,0,0.0,0,0,565452
265328,2017,10,0,0,0.0,0,0,565991
265331,2017,10,0,0,0.0,0,0,566182
265344,2017,10,0,0,0.0,0,0,567219
265362,2017,10,0,0,0.0,0,0,568880
265379,2017,10,0,0,0.0,0,0,571169
265392,2017,10,0,0,0.0,0,0,572062
265402,2017,10,0,0,0.0,0,0,572811
265407,2017,10,0,0,0.0,0,0,573332
265414,2017,10,0,0,0.0,0,0,573830
265460,2017,10,0,0,0.0,0,0,577405
265469,2017,10,0,0,0.0,0,0,579015
265474,2017,10,0,0,0.0,0,0,579424
265476,2017,10,0,0,0.0,0,0,579581
265500,2017,10,0,0,0.0,0,0,581661
265527,2017,10,0,0,0.0,0,0,583718
265554,2017,10,0,0,0.0,0,0,585978
265565,2017,10,0,0,0.0,0,0,587378
265584,2017,10,0,0,0.0,0,0,590514
265587,2017,10,0,0,0.0,0,0,590989
265608,2017,10,0,0,0.0,0,0,593252
265609,2017,10,0,0,0.0,0,0,593252
265625,2017,10,0,0,0.0,0,0,595083
265629,2017,10,0,0,0.0,0,0,595323
265637,2017,10,0,0,0.0,0,0,596173
265639,2017,10,0,0,0.0,0,0,596390
265652,2017,10,0,0,0.0,0,0,597897
265665,2017,10,0,0,0.0,0,0,599372
265685,2017,10,0,0,0.0,0,0,600923
265696,2017,10,0,0,0.0,0,0,601597
265710,2017,10,0,0,0.0,0,0,602694
265724,2017,10,0,0,0.0,0,0,603775
265725,2017,10,0,0,0.0,0,0,604039
265752,2017,10,0,0,0.0,0,0,605761
265791,2017,10,0,0,0.0,0,0,608517
265795,2017,10,0,0,0.0,0,0,608758
265796,2017,10,0,0,0.0,0,0,609072
265799,2017,10,0,0,0.0,0,0,609532
265878,2017,10,0,0,0.0,0,0,616611
265884,2017,10,0,0,0.0,0,0,616746
265890,2017,10,0,0,0.0,0,0,617296
265896,2017,10,0,0,0.0,0,0,617960
265940,2017,10,0,0,0.0,0,0,622801
265949,2017,10,0,0,0.0,0,0,623341
265960,2017,10,0,0,0.0,0,0,625033
265961,2017,10,0,0,0.0,0,0,625123
265972,2017,10,0,0,0.0,0,0,626217
265979,2017,10,0,0,0.0,0,0,627244
265982,2017,10,0,0,0.0,0,0,627502
265988,2017,10,0,0,0.0,0,0,628017
265992,2017,10,0,0,0.0,0,0,628452
266003,2017,10,0,0,0.0,0,0,629966
266020,2017,10,0,0,0.0,0,0,631661
266040,2017,10,0,0,0.0,0,0,633490
266059,2017,10,0,0,0.0,0,0,635509
266068,2017,10,0,0,0.0,0,0,636505
266125,2017,10,0,0,0.0,0,0,642002
266127,2017,10,0,0,0.0,0,0,642031
266130,2017,10,0,0,0.0,0,0,642247
266133,2017,10,0,0,0.0,0,0,642409
266144,2017,10,0,0,0.0,0,0,644163
266148,2017,10,0,0,0.0,0,0,644786
266152,2017,10,0,0,0.0,0,0,645081
266198,2017,10,0,0,0.0,0,0,650621
266236,2017,10,0,0,0.0,0,0,653890
266264,2017,10,0,0,0.0,0,0,656942
266291,2017,10,0,0,0.0,0,0,660197
266302,2017,10,0,0,0.0,0,0,661411
266306,2017,10,0,0,0.0,0,0,661502
266310,2017,10,0,0,0.0,0,0,661744
266311,2017,10,0,0,0.0,0,0,662164
266332,2017,10,0,0,0.0,0,0,663641
266338,2017,10,0,0,0.0,0,0,664008
266348,2017,10,0,0,0.0,0,0,665024
266372,2017,10,0,0,0.0,0,0,667262
266385,2017,10,0,0,0.0,0,0,667860
266394,2017,10,0,0,0.0,0,0,668959
266406,2017,10,0,0,0.0,333,60,432493
266414,2017,10,0,0,0.0,0,0,670751
266424,2017,10,0,0,0.0,0,0,671534
266426,2017,10,0,0,0.0,0,0,671849
266427,2017,10,0,0,0.0,0,0,671906
266434,2017,10,0,0,0.0,0,0,672391
266440,2017,10,0,0,0.0,0,0,672893
266474,2017,10,0,0,0.0,0,0,676669
266496,2017,10,0,0,0.0,0,0,678243
266511,2017,10,0,0,0.0,0,0,679414
266549,2017,10,0,0,0.0,0,0,683126
266643,2017,10,0,0,0.0,0,0,693295
266645,2017,10,0,0,0.0,0,0,693494
266658,2017,10,0,0,0.0,0,0,694942
266661,2017,10,0,0,0.0,0,0,695428
266666,2017,10,0,0,0.0,0,0,695878
266677,2017,10,0,0,0.0,0,0,697272
266715,2017,10,0,0,0.0,0,0,701216
266721,2017,10,0,0,0.0,0,0,701732
266724,2017,10,0,0,0.0,0,0,702147
266728,2017,10,0,0,0.0,0,0,702284
266731,2017,10,0,0,0.0,0,0,702478
266744,2017,10,0,0,0.0,0,0,703882
266745,2017,10,0,0,0.0,0,0,703937
266748,2017,10,0,0,0.0,0,0,704149
266750,2017,10,0,0,0.0,0,0,704270
266762,2017,10,0,0,0.0,0,0,705911
266778,2017,10,0,0,0.0,0,0,707470
266795,2017,10,0,0,0.0,0,0,709415
266803,2017,10,0,0,0.0,0,0,710003
266804,2017,10,0,0,0.0,0,0,710003
266829,2017,10,0,0,0.0,0,0,713085
266831,2017,10,0,0,0.0,0,0,713236
266838,2017,10,0,0,0.0,0,0,714379
266843,2017,10,0,0,0.0,0,0,715462
266866,2017,10,0,0,0.0,0,0,717459
266884,2017,10,0,0,0.0,0,0,719383
266920,2017,10,0,0,0.0,0,0,723591
266924,2017,10,0,0,0.0,0,0,723969
266981,2017,10,0,0,0.0,0,0,728486
266993,2017,10,0,0,0.0,0,0,729518
267001,2017,10,0,0,0.0,0,0,730246
267003,2017,10,0,0,0.0,0,0,730561
267016,2017,10,0,0,0.0,0,0,731510
267041,2017,10,0,0,0.0,0,0,733907
267045,2017,10,0,0,0.0,0,0,734226
267056,2017,10,0,0,0.0,0,0,735263
267068,2017,10,0,0,0.0,0,0,736258
267077,2017,10,0,0,0.0,0,0,737451
267126,2017,10,0,0,0.0,0,0,741422
267156,2018,6,0,0,0.0,585,105,872335
267159,2017,10,0,0,0.0,0,0,744228
267163,2017,10,0,0,0.0,0,0,744567
267180,2017,10,0,0,0.0,0,0,745920
267201,2017,10,0,0,0.0,0,0,747609
267227,2017,10,0,0,0.0,0,0,750247
267240,2017,8,0,0,0.0,547,98,601597
267249,2017,10,0,0,0.0,0,0,752885
267256,2017,10,0,0,0.0,0,0,753637
267265,2017,10,0,0,0.0,0,0,754539
267274,2017,10,0,0,0.0,0,0,755374
267298,2017,10,0,0,0.0,0,0,757127
267391,2017,10,0,0,0.0,0,0,766909
267424,2017,10,0,0,0.0,0,0,769623
267480,2017,10,0,0,0.0,0,0,774321
267579,2017,10,0,0,0.0,0,0,784787
267628,2017,10,0,0,0.0,0,0,789573
267630,2017,10,0,0,0.0,0,0,789892
267633,2017,10,0,0,0.0,0,0,790178
267649,2017,10,0,0,0.0,0,0,791809
267722,2017,10,0,0,0.0,0,0,799781
267728,2017,10,0,0,0.0,0,0,800433
267749,2017,10,0,0,0.0,0,0,802425
267755,2017,10,0,0,0.0,0,0,803084
267758,2017,10,0,0,0.0,0,0,803252
267768,2017,10,0,0,0.0,0,0,804521
267787,2017,10,0,0,0.0,0,0,807058
267794,2017,10,0,0,0.0,0,0,808353
267828,2017,10,0,0,0.0,0,0,812894
267830,2017,10,0,0,0.0,0,0,813352
267863,2017,10,0,0,0.0,0,0,817456
267866,2017,10,0,0,0.0,0,0,817851
267888,2017,10,0,0,0.0,0,0,820344
267889,2017,10,0,0,0.0,0,0,820454
267891,2017,10,0,0,0.0,0,0,820542
267909,2017,10,0,0,0.0,0,0,822696
267932,2017,10,0,0,0.0,0,0,825484
267935,2017,10,0,0,0.0,0,0,825730
267941,2017,10,0,0,0.0,0,0,826556
267956,2017,10,0,0,0.0,0,0,828232
267977,2017,10,0,0,0.0,0,0,830385
267978,2017,10,0,0,0.0,0,0,830394
267983,2017,10,0,0,0.0,0,0,830811
268004,2017,10,0,0,0.0,0,0,832597
268007,2017,10,0,0,0.0,0,0,832665
268008,2017,10,0,0,0.0,0,0,832810
268025,2017,10,0,0,0.0,0,0,833998
268038,2017,10,0,0,0.0,0,0,834799
268079,2017,10,0,0,0.0,0,0,838634
268118,2017,10,0,0,0.0,0,0,842279
268137,2017,10,0,0,0.0,0,0,844477
268184,2017,10,0,0,0.0,0,0,849569
268200,2017,10,0,0,0.0,0,0,851845
268202,2017,10,0,0,0.0,0,0,851986
268219,2017,10,0,0,0.0,0,0,853421
268234,2017,10,0,0,0.0,0,0,854742
268239,2017,10,0,0,0.0,0,0,855050
268253,2017,10,0,0,0.0,0,0,856406
268271,2017,10,0,0,0.0,0,0,857814
268310,2017,10,0,0,0.0,0,0,861330
268313,2017,10,0,0,0.0,0,0,861629
268328,2017,10,0,0,0.0,0,0,863259
268330,2017,10,0,0,0.0,0,0,863349
268333,2017,10,0,0,0.0,0,0,863432
268379,2017,10,0,0,0.0,0,0,869712
268405,2017,10,0,0,0.0,0,0,872335
268444,2017,10,0,0,0.0,0,0,875796
268456,2017,10,0,0,0.0,0,0,877152
268461,2017,10,0,0,0.0,0,0,877603
268465,2017,10,0,0,0.0,0,0,878284
268471,2017,10,0,0,0.0,0,0,879177
268513,2017,10,0,0,0.0,0,0,883025
268519,2017,10,0,0,0.0,0,0,883349
268549,2017,10,0,0,0.0,0,0,886299
268551,2017,10,0,0,0.0,0,0,886439
268577,2017,10,0,0,0.0,0,0,889964
268579,2017,1,0,0,0.0,0,0,474272
268585,2017,10,0,0,0.0,0,0,890650
268589,2017,10,0,0,0.0,0,0,890882
268608,2017,10,0,0,0.0,0,0,892517
268621,2017,3,0,0,0.0,0,0,474272
268623,2017,10,0,0,0.0,0,0,893863
268624,2017,4,0,0,0.0,0,0,474272
268628,2017,10,0,0,0.0,0,0,894620
268650,2017,10,0,0,0.0,0,0,896651
268651,2017,10,0,0,0.0,0,0,896685
268659,2017,10,0,0,0.0,0,0,897734
268667,2017,5,0,0,0.0,0,0,474272
268675,2017,6,0,0,0.0,0,0,474272
268676,2017,7,0,0,0.0,0,0,474272
268684,2017,10,0,0,0.0,0,0,900894
268686,2017,8,0,0,0.0,0,0,474272
268702,2017,9,0,0,0.0,0,0,474272
268705,2017,10,0,0,0.0,0,0,474272
268718,2017,11,0,0,0.0,0,0,474272
268719,2017,10,0,0,0.0,0,0,903797
268723,2017,12,0,0,0.0,0,0,474272
268729,2018,1,0,0,0.0,0,0,474272
268737,2018,2,0,0,0.0,0,0,474272
268741,2017,10,0,0,0.0,0,0,906178
268744,2018,3,0,0,0.0,0,0,474272
268747,2018,4,0,0,0.0,0,0,474272
268748,2017,10,0,0,0.0,0,0,906615
268754,2017,10,0,0,0.0,0,0,907038
268755,2018,5,0,0,0.0,0,0,474272
268765,2017,10,0,0,0.0,0,0,908248
268768,2018,6,0,0,0.0,0,0,474272
268776,2018,7,0,0,0.0,0,0,474272
268779,2018,8,0,0,0.0,0,0,474272
268786,2018,9,0,0,0.0,0,0,474272
268794,2017,10,0,0,0.0,0,0,910373
268796,2018,10,0,0,0.0,0,0,474272
268804,2018,11,0,0,0.0,0,0,474272
268813,2018,12,0,0,0.0,0,0,474272
268844,2017,10,0,0,0.0,0,0,917610
268850,2017,10,0,0,0.0,0,0,918053
268854,2017,10,0,0,0.0,0,0,918404
268891,2017,10,0,0,0.0,0,0,922188
268901,2017,10,0,0,0.0,0,0,923234
268907,2017,10,0,0,0.0,0,0,923959
268958,2017,10,0,0,0.0,0,0,929231
268960,2017,10,0,0,0.0,0,0,929455
268964,2017,10,0,0,0.0,0,0,929980
268980,2017,10,0,0,0.0,0,0,931183
269019,2017,10,0,0,0.0,0,0,935570
269048,2017,10,0,0,0.0,0,0,939238
269077,2017,10,0,0,0.0,0,0,942189
269099,2017,10,0,0,0.0,0,0,944750
269107,2017,10,0,0,0.0,0,0,945091
269112,2017,10,0,0,0.0,0,0,946258
269118,2017,10,0,0,0.0,0,0,947234
269128,2017,10,0,0,0.0,0,0,948662
269140,2018,4,0,0,0.0,597,107,192651
269141,2017,10,0,0,0.0,0,0,949974
269147,2017,10,0,0,0.0,0,0,950336
269151,2017,10,0,0,0.0,0,0,950593
269156,2017,10,0,0,0.0,0,0,950961
269187,2017,10,0,0,0.0,0,0,953307
269192,2017,10,0,0,0.0,0,0,953693
269239,2017,10,0,0,0.0,0,0,957764
269259,2017,10,0,0,0.0,0,0,959453
269261,2017,10,0,0,0.0,0,0,959728
269305,2017,10,0,0,0.0,0,0,965079
269313,2017,10,0,0,0.0,0,0,965751
269324,2017,10,0,0,0.0,0,0,966688
269336,2017,10,0,0,0.0,0,0,967347
269346,2017,10,0,0,0.0,0,0,968034
269347,2017,10,0,0,0.0,0,0,968034
269350,2017,10,0,0,0.0,0,0,968225
269358,2017,10,0,0,0.0,0,0,968666
269384,2017,10,0,0,0.0,0,0,971107
269409,2017,10,0,0,0.0,0,0,973407
269411,2017,10,0,0,0.0,0,0,973609
269424,2017,10,0,0,0.0,0,0,974829
269442,2017,10,0,0,0.0,0,0,976330
269453,2017,10,0,0,0.0,0,0,977303
269462,2017,10,0,0,0.0,0,0,978712
269484,2017,10,0,0,0.0,0,0,980952
269500,2017,10,0,0,0.0,0,0,982296
269511,2017,10,0,0,0.0,0,0,983199
269519,2017,10,0,0,0.0,0,0,983822
269525,2017,10,0,0,0.0,0,0,984429
269539,2017,10,0,0,0.0,0,0,986208
269541,2017,10,0,0,0.0,0,0,986421
269630,2017,10,0,0,0.0,0,0,994877
269634,2017,10,0,0,0.0,0,0,995404
269650,2017,10,0,0,0.0,0,0,996686
269681,2017,10,0,0,0.0,0,0,999460
269707,2017,11,0,0,0.0,0,0,101540
269720,2017,11,0,0,0.0,0,0,102311
269760,2017,1,0,0,0.0,0,0,477599
269762,2017,11,0,0,0.0,0,0,106592
269765,2017,11,0,0,0.0,0,0,106689
269771,2017,3,0,0,0.0,0,0,477599
269774,2017,4,0,0,0.0,0,0,477599
269775,2017,11,0,0,0.0,0,0,107487
269776,2017,5,0,0,0.0,0,0,477599
269777,2017,11,0,0,0.0,0,0,107571
269783,2017,6,0,0,0.0,0,0,477599
269784,2017,7,0,0,0.0,0,0,477599
269789,2017,8,0,0,0.0,0,0,477599
269793,2017,9,0,0,0.0,0,0,477599
269796,2017,10,0,0,0.0,0,0,477599
269798,2017,11,0,0,0.0,0,0,477599
269800,2017,12,0,0,0.0,0,0,477599
269802,2018,1,0,0,0.0,0,0,477599
269805,2018,2,0,0,0.0,0,0,477599
269812,2018,3,0,0,0.0,0,0,477599
269813,2018,4,0,0,0.0,0,0,477599
269818,2018,5,0,0,0.0,0,0,477599
269825,2018,6,0,0,0.0,0,0,477599
269830,2018,7,0,0,0.0,0,0,477599
269840,2018,8,0,0,0.0,0,0,477599
269841,2017,11,0,0,0.0,0,0,114219
269847,2018,9,0,0,0.0,0,0,477599
269849,2017,11,0,0,0.0,0,0,115198
269855,2018,10,0,0,0.0,0,0,477599
269878,2018,11,0,0,0.0,0,0,477599
269879,2018,12,0,0,0.0,0,0,477599
269900,2017,11,0,0,0.0,0,0,120583
269904,2017,11,0,0,0.0,0,0,121183
269913,2017,11,0,0,0.0,0,0,121856
269935,2017,11,0,0,0.0,0,0,123538
269979,2017,11,0,0,0.0,0,0,128032
269993,2017,11,0,0,0.0,0,0,128789
270018,2017,11,0,0,0.0,0,0,131257
270020,2018,3,0,0,0.0,537,97,900894
270053,2017,11,0,0,0.0,0,0,135312
270054,2017,11,0,0,0.0,0,0,135421
270079,2017,11,0,0,0.0,0,0,137850
270086,2017,11,0,0,0.0,0,0,138565
270092,2017,11,0,0,0.0,0,0,138810
270102,2017,11,0,0,0.0,0,0,139600
270105,2017,11,0,0,0.0,0,0,139863
270107,2017,11,0,0,0.0,0,0,139974
270151,2017,11,0,0,0.0,0,0,144977
270159,2017,11,0,0,0.0,0,0,146028
270160,2017,11,0,0,0.0,0,0,146037
270195,2017,11,0,0,0.0,0,0,149912
270229,2017,11,0,0,0.0,0,0,153884
270267,2017,11,0,0,0.0,0,0,157566
270281,2017,11,0,0,0.0,0,0,159359
270288,2017,11,0,0,0.0,0,0,160135
270322,2017,11,0,0,0.0,0,0,163608
270329,2017,11,0,0,0.0,0,0,164034
270346,2017,11,0,0,0.0,0,0,165443
270376,2017,11,0,0,0.0,0,0,168302
270382,2017,11,0,0,0.0,0,0,169247
270398,2017,11,0,0,0.0,0,0,170585
270414,2017,11,0,0,0.0,0,0,172162
270464,2017,11,0,0,0.0,0,0,177677
270484,2017,11,0,0,0.0,0,0,180024
270488,2017,11,0,0,0.0,0,0,180219
270495,2017,11,0,0,0.0,0,0,181082
270511,2017,11,0,0,0.0,0,0,182785
270513,2017,11,0,0,0.0,0,0,183025
270532,2017,11,0,0,0.0,0,0,184478
270550,2017,11,0,0,0.0,0,0,186593
270562,2017,11,0,0,0.0,0,0,187618
270571,2017,11,0,0,0.0,0,0,188147
270604,2017,11,0,0,0.0,0,0,192651
270606,2017,11,0,0,0.0,0,0,192772
270608,2017,11,0,0,0.0,0,0,193037
270613,2017,11,0,0,0.0,0,0,193775
270663,2017,11,0,0,0.0,0,0,198407
270676,2017,11,0,0,0.0,0,0,199493
270724,2017,11,0,0,0.0,0,0,204484
270736,2017,11,0,0,0.0,0,0,205195
270753,2017,11,0,0,0.0,0,0,206890
270769,2017,11,0,0,0.0,0,0,208586
270797,2017,11,0,0,0.0,0,0,210755
270847,2017,11,0,0,0.0,0,0,215508
270848,2017,11,0,0,0.0,0,0,215508
270863,2017,11,0,0,0.0,0,0,216937
270885,2017,11,0,0,0.0,0,0,218917
270903,2017,11,0,0,0.0,0,0,220822
270913,2017,11,0,0,0.0,0,0,221627
270916,2017,11,0,0,0.0,0,0,221993
270924,2017,11,0,0,0.0,0,0,223081
270949,2017,11,0,0,0.0,0,0,225363
270954,2017,11,0,0,0.0,0,0,225746
270977,2017,11,0,0,0.0,0,0,227804
270996,2017,11,0,0,0.0,0,0,229436
271019,2017,11,0,0,0.0,0,0,232290
271038,2017,11,0,0,0.0,0,0,233969
271055,2017,11,0,0,0.0,0,0,236037
271060,2017,11,0,0,0.0,0,0,236593
271061,2017,11,0,0,0.0,0,0,236767
271068,2017,11,0,0,0.0,0,0,237274
271070,2017,11,0,0,0.0,0,0,237319
271072,2017,11,0,0,0.0,0,0,237434
271077,2017,11,0,0,0.0,0,0,238063
271112,2017,11,0,0,0.0,0,0,242719
271114,2017,11,0,0,0.0,0,0,242839
271120,2017,11,0,0,0.0,0,0,243273
271129,2017,11,0,0,0.0,0,0,244308
271134,2017,11,0,0,0.0,0,0,244721
271161,2017,11,0,0,0.0,0,0,247645
271173,2017,11,0,0,0.0,0,0,248593
271263,2017,11,0,0,0.0,0,0,257509
271329,2017,6,0,0,0.0,575,104,153884
271361,2017,11,0,0,0.0,0,0,265297
271363,2017,11,0,0,0.0,0,0,265557
271368,2017,11,0,0,0.0,0,0,266148
271382,2017,11,0,0,0.0,0,0,267291
271401,2017,11,0,0,0.0,0,0,269565
271443,2017,11,0,0,0.0,0,0,273984
271455,2017,11,0,0,0.0,0,0,274879
271466,2017,11,0,0,0.0,0,0,276035
271470,2017,11,0,0,0.0,0,0,276289
271491,2017,11,0,0,0.0,0,0,278059
271523,2017,11,0,0,0.0,0,0,280828
271536,2017,11,0,0,0.0,0,0,282259
271548,2017,11,0,0,0.0,0,0,283770
271553,2017,11,0,0,0.0,0,0,284610
271561,2017,11,0,0,0.0,0,0,286065
271564,2017,11,0,0,0.0,0,0,286551
271576,2017,11,0,0,0.0,0,0,287266
271648,2017,11,0,0,0.0,0,0,295412
271673,2017,11,0,0,0.0,0,0,297427
271676,2017,11,0,0,0.0,0,0,297702
271706,2017,11,0,0,0.0,0,0,300376
271751,2017,11,0,0,0.0,0,0,304870
271772,2017,11,0,0,0.0,0,0,306708
271779,2017,11,0,0,0.0,0,0,307159
271798,2017,11,0,0,0.0,0,0,308891
271801,2017,11,0,0,0.0,0,0,309364
271814,2017,11,0,0,0.0,0,0,310965
271820,2017,11,0,0,0.0,0,0,311946
271852,2017,11,0,0,0.0,0,0,314558
271875,2017,11,0,0,0.0,0,0,317776
271876,2017,11,0,0,0.0,0,0,317888
271878,2017,11,0,0,0.0,0,0,318264
271895,2017,11,0,0,0.0,0,0,319664
271901,2017,11,0,0,0.0,0,0,319868
271907,2017,11,0,0,0.0,0,0,320414
271930,2017,11,0,0,0.0,0,0,323720
271975,2017,11,0,0,0.0,0,0,327972
271978,2017,11,0,0,0.0,0,0,328349
271980,2017,11,0,0,0.0,0,0,328446
271987,2017,11,0,0,0.0,0,0,329215
272009,2017,11,0,0,0.0,0,0,331325
272053,2017,11,0,0,0.0,0,0,336037
272079,2017,11,0,0,0.0,0,0,338285
272091,2017,11,0,0,0.0,0,0,339845
272109,2017,11,0,0,0.0,0,0,342407
272149,2017,11,0,0,0.0,0,0,345908
272188,2017,11,0,0,0.0,0,0,348718
272206,2017,11,0,0,0.0,0,0,350692
272223,2017,11,0,0,0.0,0,0,352490
272279,2017,11,0,0,0.0,0,0,358039
272284,2017,11,0,0,0.0,0,0,358586
272306,2017,11,0,0,0.0,0,0,360902
272343,2017,11,0,0,0.0,0,0,365619
272405,2017,11,0,0,0.0,0,0,371368
272449,2017,11,0,0,0.0,0,0,375162
272455,2017,11,0,0,0.0,0,0,375540
272466,2017,11,0,0,0.0,0,0,376618
272527,2017,11,0,0,0.0,0,0,384328
272538,2017,11,0,0,0.0,0,0,385593
272552,2017,11,0,0,0.0,0,0,387523
272576,2017,11,0,0,0.0,0,0,390480
272577,2017,11,0,0,0.0,0,0,390546
272597,2017,11,0,0,0.0,0,0,392619
272642,2017,11,0,0,0.0,0,0,397817
272689,2017,11,0,0,0.0,0,0,403052
272696,2017,11,0,0,0.0,0,0,403529
272697,2017,11,0,0,0.0,0,0,403529
272721,2017,11,0,0,0.0,0,0,406254
272740,2017,11,0,0,0.0,0,0,408134
272743,2017,11,0,0,0.0,0,0,408347
272746,2017,11,0,0,0.0,0,0,408838
272781,2017,11,0,0,0.0,0,0,411715
272790,2017,11,0,0,0.0,0,0,412402
272795,2017,11,0,0,0.0,0,0,412995
272798,2017,11,0,0,0.0,0,0,413185
272808,2017,11,0,0,0.0,0,0,414164
272855,2017,11,0,0,0.0,0,0,419661
272861,2017,11,0,0,0.0,0,0,420202
272865,2017,11,0,0,0.0,0,0,420394
272870,2017,11,0,0,0.0,0,0,420515
272882,2017,11,0,0,0.0,0,0,421923
272887,2017,11,0,0,0.0,0,0,422349
272907,2017,11,0,0,0.0,0,0,424027
272929,2017,11,0,0,0.0,0,0,426141
272930,2017,11,0,0,0.0,0,0,426185
272957,2017,11,0,0,0.0,0,0,428526
272965,2017,11,0,0,0.0,0,0,428826
272969,2017,11,0,0,0.0,0,0,429308
272990,2017,11,0,0,0.0,0,0,431187
273023,2017,11,0,0,0.0,0,0,434620
273046,2017,11,0,0,0.0,0,0,436318
273064,2017,11,0,0,0.0,0,0,438263
273068,2017,11,0,0,0.0,0,0,438641
273077,2017,11,0,0,0.0,0,0,439819
273086,2017,11,0,0,0.0,0,0,440928
273103,2017,11,0,0,0.0,0,0,442249
273107,2017,11,0,0,0.0,0,0,442695
273117,2017,11,0,0,0.0,0,0,443970
273136,2017,11,0,0,0.0,0,0,445427
273159,2017,11,0,0,0.0,0,0,448142
273160,2017,11,0,0,0.0,0,0,448273
273165,2017,11,0,0,0.0,0,0,448896
273194,2017,11,0,0,0.0,0,0,453448
273198,2017,11,0,0,0.0,0,0,453971
273220,2017,11,0,0,0.0,0,0,455941
273239,2017,11,0,0,0.0,0,0,457716
273248,2017,11,0,0,0.0,0,0,458614
273292,2017,11,0,0,0.0,0,0,462497
273294,2017,11,0,0,0.0,0,0,462663
273317,2017,11,0,0,0.0,0,0,464471
273331,2017,11,0,0,0.0,0,0,465476
273344,2017,11,0,0,0.0,0,0,466384
273350,2017,11,0,0,0.0,0,0,466865
273354,2017,11,0,0,0.0,0,0,467139
273450,2017,11,0,0,0.0,0,0,476273
273451,2017,11,0,0,0.0,0,0,476371
273467,2017,11,0,0,0.0,0,0,478107
273498,2017,11,0,0,0.0,0,0,481293
273512,2017,11,0,0,0.0,0,0,482424
273513,2017,11,0,0,0.0,0,0,482528
273546,2017,11,0,0,0.0,0,0,485705
273549,2017,11,0,0,0.0,0,0,486112
273558,2017,11,0,0,0.0,0,0,487027
273563,2017,11,0,0,0.0,0,0,487605
273575,2017,11,0,0,0.0,0,0,488303
273576,2017,11,0,0,0.0,0,0,488346
273592,2017,11,0,0,0.0,0,0,489842
273646,2017,11,0,0,0.0,0,0,496357
273674,2017,11,0,0,0.0,0,0,498149
273715,2017,11,0,0,0.0,0,0,502012
273724,2017,11,0,0,0.0,0,0,502946
273740,2017,11,0,0,0.0,0,0,504260
273741,2017,11,0,0,0.0,0,0,504311
273752,2017,11,0,0,0.0,0,0,505522
273767,2017,11,0,0,0.0,0,0,507005
273804,2017,11,0,0,0.0,0,0,511053
273808,2017,11,0,0,0.0,0,0,511472
273858,2017,11,0,0,0.0,0,0,515981
273897,2017,11,0,0,0.0,0,0,519726
273959,2017,11,0,0,0.0,0,0,527194
273971,2017,11,0,0,0.0,0,0,528074
273974,2017,11,0,0,0.0,0,0,528229
273976,2017,11,0,0,0.0,0,0,528331
274050,2017,11,0,0,0.0,0,0,535436
274051,2017,11,0,0,0.0,0,0,535482
274053,2017,11,0,0,0.0,0,0,535852
274072,2017,11,0,0,0.0,0,0,537387
274078,2017,11,0,0,0.0,0,0,538308
274109,2017,11,0,0,0.0,0,0,540836
274130,2017,11,0,0,0.0,0,0,543599
274166,2017,11,0,0,0.0,0,0,547217
274200,2017,11,0,0,0.0,0,0,549862
274203,2017,11,0,0,0.0,0,0,550262
274209,2017,11,0,0,0.0,0,0,550769
274213,2017,11,0,0,0.0,531,96,922188
274226,2017,11,0,0,0.0,0,0,552328
274242,2017,11,0,0,0.0,0,0,553936
274247,2017,11,0,0,0.0,0,0,554442
274272,2017,11,0,0,0.0,0,0,557458
274322,2017,11,0,0,0.0,0,0,562501
274343,2017,11,0,0,0.0,0,0,564813
274347,2017,11,0,0,0.0,0,0,565008
274348,2017,11,0,0,0.0,0,0,565074
274349,2017,11,0,0,0.0,0,0,565171
274352,2017,11,0,0,0.0,0,0,565452
274362,2017,11,0,0,0.0,0,0,565991
274365,2017,11,0,0,0.0,0,0,566182
274380,2017,11,0,0,0.0,0,0,567070
274383,2017,11,0,0,0.0,0,0,567219
274415,2017,11,0,0,0.0,0,0,571169
274427,2017,11,0,0,0.0,0,0,572062
274451,2017,11,0,0,0.0,0,0,573830
274516,2017,11,0,0,0.0,0,0,579424
274518,2017,11,0,0,0.0,0,0,579581
274546,2017,11,0,0,0.0,0,0,581999
274635,2017,11,0,0,0.0,0,0,590989
274644,2017,11,0,0,0.0,0,0,591641
274660,2017,11,0,0,0.0,0,0,593252
274661,2017,11,0,0,0.0,0,0,593252
274681,2017,11,0,0,0.0,0,0,595083
274695,2017,11,0,0,0.0,0,0,596173
274699,2017,11,0,0,0.0,0,0,596390
274708,2017,11,0,0,0.0,0,0,597897
274735,2017,11,0,0,0.0,0,0,600785
274739,2017,11,0,0,0.0,0,0,600923
274759,2017,11,0,0,0.0,0,0,602694
274770,2017,11,0,0,0.0,0,0,603775
274772,2017,11,0,0,0.0,0,0,604039
274794,2017,11,0,0,0.0,0,0,605761
274872,2017,11,0,0,0.0,0,0,612510
274895,2017,11,0,0,0.0,0,0,614810
274898,2017,11,0,0,0.0,0,0,615214
274920,2017,11,0,0,0.0,0,0,616611
274923,2017,11,0,0,0.0,0,0,616746
274930,2017,11,0,0,0.0,0,0,617296
274933,2017,11,0,0,0.0,0,0,617960
274956,2017,11,0,0,0.0,0,0,620122
274981,2017,11,0,0,0.0,0,0,622801
274991,2017,11,0,0,0.0,0,0,623341
275001,2017,11,0,0,0.0,0,0,625033
275002,2017,11,0,0,0.0,0,0,625123
275004,2017,11,0,0,0.0,0,0,625451
275013,2017,11,0,0,0.0,0,0,626217
275021,2017,11,0,0,0.0,0,0,627244
275024,2017,11,0,0,0.0,0,0,627502
275030,2017,11,0,0,0.0,0,0,628017
275036,2017,11,0,0,0.0,0,0,628431
275037,2017,11,0,0,0.0,0,0,628452
275049,2017,11,0,0,0.0,0,0,629966
275068,2017,11,0,0,0.0,0,0,631661
275074,2017,11,0,0,0.0,0,0,632097
275090,2017,11,0,0,0.0,0,0,633490
275107,2017,11,0,0,0.0,0,0,635509
275128,2017,11,0,0,0.0,0,0,637687
275178,2017,11,0,0,0.0,0,0,642002
275180,2017,11,0,0,0.0,0,0,642031
275183,2017,11,0,0,0.0,0,0,642247
275186,2017,11,0,0,0.0,0,0,642409
275207,2017,11,0,0,0.0,0,0,645081
275259,2017,11,0,0,0.0,0,0,650621
275287,2017,11,0,0,0.0,0,0,652816
275301,2017,11,0,0,0.0,0,0,653890
275328,2017,11,0,0,0.0,0,0,656942
275357,2017,11,0,0,0.0,0,0,660197
275367,2017,11,0,0,0.0,0,0,661411
275372,2017,11,0,0,0.0,0,0,662164
275389,2017,11,0,0,0.0,0,0,663641
275395,2017,11,0,0,0.0,0,0,664008
275432,2017,11,0,0,0.0,0,0,667341
275465,2017,11,0,0,0.0,0,0,670751
275473,2017,11,0,0,0.0,0,0,671534
275476,2017,11,0,0,0.0,0,0,671906
275481,2017,11,0,0,0.0,0,0,672391
275521,2017,11,0,0,0.0,0,0,676669
275536,2017,11,0,0,0.0,0,0,677704
275546,2017,11,0,0,0.0,0,0,678243
275558,2017,11,0,0,0.0,0,0,679414
275597,2017,11,0,0,0.0,0,0,683126
275646,2017,11,0,0,0.0,0,0,687463
275704,2017,11,0,0,0.0,0,0,693494
275724,2017,11,0,0,0.0,0,0,695342
275726,2017,11,0,0,0.0,0,0,695428
275731,2017,11,0,0,0.0,0,0,696096
275773,2017,11,0,0,0.0,0,0,701216
275777,2017,11,0,0,0.0,0,0,701732
275779,2017,11,0,0,0.0,0,0,702147
275783,2017,11,0,0,0.0,0,0,702284
275785,2017,11,0,0,0.0,0,0,702478
275807,2017,11,0,0,0.0,0,0,703882
275810,2017,11,0,0,0.0,0,0,704149
275813,2017,11,0,0,0.0,0,0,704270
275836,2017,11,0,0,0.0,0,0,706820
275857,2017,11,0,0,0.0,0,0,708343
275866,2017,11,0,0,0.0,0,0,709415
275874,2017,11,0,0,0.0,0,0,710003
275875,2017,11,0,0,0.0,0,0,710003
275994,2017,11,0,0,0.0,0,0,723591
275998,2017,11,0,0,0.0,0,0,723969
276045,2017,11,0,0,0.0,0,0,728486
276058,2017,11,0,0,0.0,0,0,729518
276065,2017,11,0,0,0.0,0,0,730246
276066,2017,11,0,0,0.0,0,0,730561
276100,2017,11,0,0,0.0,0,0,733907
276103,2017,11,0,0,0.0,0,0,734226
276112,2017,11,0,0,0.0,0,0,735263
276113,2017,11,0,0,0.0,0,0,735304
276124,2017,11,0,0,0.0,0,0,736258
276131,2017,11,0,0,0.0,0,0,737451
276214,2017,11,0,0,0.0,0,0,744228
276217,2017,11,0,0,0.0,0,0,744528
276218,2017,11,0,0,0.0,0,0,744567
276219,2017,11,0,0,0.0,0,0,744612
276245,2017,11,0,0,0.0,0,0,746772
276279,2017,11,0,0,0.0,0,0,750247
276284,2017,11,0,0,0.0,0,0,750649
276306,2017,11,0,0,0.0,0,0,752885
276311,2017,11,0,0,0.0,0,0,753473
276344,2017,11,0,0,0.0,0,0,756791
276350,2017,11,0,0,0.0,0,0,757127
276375,2017,11,0,0,0.0,0,0,760061
276398,2017,11,0,0,0.0,0,0,762117
276401,2017,11,0,0,0.0,0,0,762272
276402,2017,11,0,0,0.0,0,0,762355
276433,2017,11,0,0,0.0,0,0,765293
276456,2017,11,0,0,0.0,0,0,766909
276475,2017,11,0,0,0.0,0,0,768072
276485,2017,11,0,0,0.0,0,0,769623
276497,2017,11,0,0,0.0,0,0,770968
276498,2017,11,0,0,0.0,0,0,771056
276537,2017,11,0,0,0.0,0,0,774321
276556,2017,11,0,0,0.0,0,0,776736
276617,2017,11,0,0,0.0,0,0,784787
276641,2017,11,0,0,0.0,0,0,787548
276663,2017,11,0,0,0.0,0,0,789573
276668,2017,11,0,0,0.0,0,0,790178
276780,2017,11,0,0,0.0,0,0,801821
276788,2017,11,0,0,0.0,0,0,803084
276790,2017,11,0,0,0.0,0,0,803252
276803,2017,11,0,0,0.0,0,0,804521
276822,2017,11,0,0,0.0,0,0,807058
276825,2017,11,0,0,0.0,0,0,807211
276835,2017,11,0,0,0.0,0,0,808353
276848,2017,11,0,0,0.0,0,0,810581
276858,2017,11,0,0,0.0,0,0,811684
276867,2017,11,0,0,0.0,0,0,813352
276928,2017,11,0,0,0.0,0,0,819809
276933,2017,11,0,0,0.0,0,0,820344
276954,2017,11,0,0,0.0,0,0,822696
276958,2017,11,0,0,0.0,0,0,822956
276972,2017,11,0,0,0.0,0,0,824133
276986,2017,11,0,0,0.0,0,0,825730
276992,2017,11,0,0,0.0,0,0,826556
277007,2017,11,0,0,0.0,0,0,828232
277025,2017,11,0,0,0.0,0,0,830394
277050,2017,11,0,0,0.0,0,0,832597
277053,2017,11,0,0,0.0,0,0,832665
277054,2017,11,0,0,0.0,0,0,832810
277077,2017,11,0,0,0.0,0,0,834799
277084,2017,11,0,0,0.0,0,0,835796
277117,2017,11,0,0,0.0,0,0,839422
277149,2017,11,0,0,0.0,0,0,842279
277165,2017,11,0,0,0.0,0,0,844477
277205,2017,11,0,0,0.0,0,0,849569
277221,2017,11,0,0,0.0,0,0,851836
277222,2017,11,0,0,0.0,0,0,851845
277244,2017,11,0,0,0.0,0,0,854742
277247,2017,11,0,0,0.0,0,0,854902
277249,2017,11,0,0,0.0,0,0,855050
277261,2017,11,0,0,0.0,0,0,856406
277319,2017,11,0,0,0.0,0,0,861330
277323,2017,11,0,0,0.0,0,0,861629
277397,2017,11,0,0,0.0,0,0,869712
277403,2017,11,0,0,0.0,0,0,870574
277436,2017,11,0,0,0.0,0,0,873886
277448,2017,11,0,0,0.0,0,0,874614
277458,2017,11,0,0,0.0,0,0,875796
277469,2017,11,0,0,0.0,0,0,877152
277473,2017,11,0,0,0.0,0,0,878284
277481,2017,11,0,0,0.0,0,0,879177
277517,2017,11,0,0,0.0,0,0,883025
277521,2017,11,0,0,0.0,0,0,883349
277550,2017,11,0,0,0.0,0,0,886299
277570,2017,11,0,0,0.0,0,0,888357
277579,2017,11,0,0,0.0,0,0,889964
277584,2017,11,0,0,0.0,0,0,890650
277589,2017,11,0,0,0.0,0,0,890882
277608,2017,11,0,0,0.0,0,0,892517
277613,2017,11,0,0,0.0,0,0,892797
277617,2017,11,0,0,0.0,0,0,893266
277626,2017,11,0,0,0.0,0,0,893863
277630,2017,11,0,0,0.0,0,0,894436
277639,2017,11,0,0,0.0,0,0,895185
277650,2017,11,0,0,0.0,0,0,896651
277651,2017,11,0,0,0.0,0,0,896685
277659,2017,11,0,0,0.0,0,0,897734
277690,2017,11,0,0,0.0,0,0,901819
277709,2017,11,0,0,0.0,0,0,903209
277730,2017,11,0,0,0.0,0,0,905478
277734,2017,11,0,0,0.0,0,0,905909
277744,2017,11,0,0,0.0,0,0,907038
277752,2017,11,0,0,0.0,0,0,908120
277754,2017,11,0,0,0.0,0,0,908248
277778,2017,11,0,0,0.0,0,0,910373
277812,2017,11,0,0,0.0,0,0,913571
277848,2017,11,0,0,0.0,0,0,917630
277856,2017,11,0,0,0.0,0,0,918404
277885,2017,11,0,0,0.0,0,0,921278
277907,2017,11,0,0,0.0,0,0,923234
277961,2017,11,0,0,0.0,0,0,929231
277963,2017,11,0,0,0.0,0,0,929455
277978,2017,11,0,0,0.0,0,0,931183
278003,2017,11,0,0,0.0,0,0,933968
278017,2017,11,0,0,0.0,0,0,935570
278055,2017,11,0,0,0.0,0,0,939238
278088,2017,11,0,0,0.0,0,0,942189
278108,2017,11,0,0,0.0,0,0,944750
278114,2017,11,0,0,0.0,0,0,945091
278130,2017,11,0,0,0.0,0,0,947234
278144,2017,11,0,0,0.0,0,0,948662
278145,2017,11,0,0,0.0,0,0,948693
278158,2017,11,0,0,0.0,0,0,949974
278166,2017,11,0,0,0.0,0,0,950593
278170,2017,11,0,0,0.0,0,0,950961
278199,2017,11,0,0,0.0,0,0,953307
278203,2017,11,0,0,0.0,0,0,953693
278271,2017,11,0,0,0.0,0,0,959453
278273,2017,11,0,0,0.0,0,0,959728
278326,2017,11,0,0,0.0,0,0,965079
278333,2017,11,0,0,0.0,0,0,965751
278345,2017,11,0,0,0.0,0,0,966688
278357,2017,11,0,0,0.0,0,0,967347
278409,2017,11,0,0,0.0,0,0,971107
278414,2017,11,0,0,0.0,0,0,971528
278438,2017,11,0,0,0.0,0,0,973407
278439,2017,11,0,0,0.0,0,0,973609
278440,2017,11,0,0,0.0,0,0,973728
278463,2017,11,0,0,0.0,0,0,976330
278485,2017,11,0,0,0.0,0,0,978712
278500,2017,11,0,0,0.0,0,0,979644
278502,2017,11,0,0,0.0,0,0,979776
278511,2017,11,0,0,0.0,0,0,980952
278535,2017,11,0,0,0.0,0,0,983199
278541,2017,11,0,0,0.0,0,0,983822
278548,2017,11,0,0,0.0,0,0,984429
278567,2017,11,0,0,0.0,0,0,986208
278595,2018,4,0,0,0.0,335,60,807211
278641,2017,11,0,0,0.0,0,0,992886
278651,2017,11,0,0,0.0,0,0,994377
278659,2017,11,0,0,0.0,0,0,994877
278664,2017,11,0,0,0.0,0,0,995404
278703,2017,11,0,0,0.0,0,0,999460
278716,2017,12,0,0,0.0,0,0,101540
278727,2017,12,0,0,0.0,0,0,102311
278770,2017,12,0,0,0.0,0,0,106776
278775,2017,12,0,0,0.0,0,0,107212
278777,2017,12,0,0,0.0,0,0,107487
278814,2017,12,0,0,0.0,0,0,112842
278832,2017,12,0,0,0.0,0,0,114219
278840,2017,12,0,0,0.0,0,0,115198
278841,2017,12,0,0,0.0,0,0,115633
278887,2017,12,0,0,0.0,0,0,120583
278896,2017,12,0,0,0.0,0,0,121856
278914,2017,12,0,0,0.0,0,0,123538
278996,2017,12,0,0,0.0,0,0,131560
279020,2017,12,0,0,0.0,0,0,134273
279028,2017,12,0,0,0.0,0,0,135421
279033,2017,12,0,0,0.0,0,0,135977
279063,2017,12,0,0,0.0,0,0,138565
279067,2017,12,0,0,0.0,0,0,138810
279077,2017,12,0,0,0.0,0,0,139600
279080,2017,12,0,0,0.0,0,0,139863
279081,2017,12,0,0,0.0,0,0,139974
279144,2017,12,0,0,0.0,0,0,145988
279145,2017,12,0,0,0.0,0,0,146028
279171,2017,12,0,0,0.0,0,0,149912
279207,2017,12,0,0,0.0,0,0,153626
279247,2017,12,0,0,0.0,0,0,157566
279261,2017,12,0,0,0.0,0,0,159359
279269,2017,12,0,0,0.0,0,0,160135
279324,2017,12,0,0,0.0,0,0,165019
279327,2017,12,0,0,0.0,0,0,165443
279354,2017,12,0,0,0.0,0,0,168302
279382,2017,12,0,0,0.0,0,0,170585
279400,2017,12,0,0,0.0,0,0,172162
279447,2017,12,0,0,0.0,0,0,177677
279462,2017,12,0,0,0.0,0,0,180024
279486,2017,12,0,0,0.0,0,0,182785
279505,2017,12,0,0,0.0,0,0,185013
279520,2017,12,0,0,0.0,0,0,186593
279534,2017,12,0,0,0.0,0,0,187618
279540,2017,12,0,0,0.0,0,0,188147
279576,2017,12,0,0,0.0,0,0,192772
279578,2017,12,0,0,0.0,0,0,193037
279584,2017,12,0,0,0.0,0,0,193775
279624,2017,12,0,0,0.0,0,0,198407
279638,2017,12,0,0,0.0,0,0,199493
279674,2017,12,0,0,0.0,0,0,203033
279689,2017,12,0,0,0.0,0,0,204484
279697,2017,12,0,0,0.0,0,0,205195
279711,2017,12,0,0,0.0,0,0,207001
279713,2017,12,0,0,0.0,0,0,207110
279724,2017,12,0,0,0.0,0,0,208553
279727,2017,12,0,0,0.0,0,0,208586
279740,2017,1,0,0,0.0,0,0,511981
279744,2017,2,0,0,0.0,0,0,511981
279746,2017,12,0,0,0.0,0,0,210498
279763,2017,12,0,0,0.0,0,0,212477
279784,2017,5,0,0,0.0,0,0,511981
279806,2017,6,0,0,0.0,0,0,511981
279809,2017,12,0,0,0.0,0,0,216937
279815,2017,7,0,0,0.0,0,0,511981
279819,2017,8,0,0,0.0,0,0,511981
279822,2017,9,0,0,0.0,0,0,511981
279824,2017,10,0,0,0.0,0,0,511981
279832,2017,11,0,0,0.0,0,0,511981
279833,2017,12,0,0,0.0,0,0,511981
279851,2018,1,0,0,0.0,0,0,511981
279858,2017,12,0,0,0.0,0,0,221627
279860,2017,12,0,0,0.0,0,0,221993
279865,2018,2,0,0,0.0,0,0,511981
279868,2017,12,0,0,0.0,0,0,223081
279900,2017,12,0,0,0.0,0,0,225746
279905,2018,3,0,0,0.0,0,0,511981
279911,2018,4,0,0,0.0,0,0,511981
279917,2018,5,0,0,0.0,0,0,511981
279920,2018,6,0,0,0.0,0,0,511981
279928,2017,12,0,0,0.0,0,0,229436
279933,2018,7,0,0,0.0,0,0,511981
279935,2018,8,0,0,0.0,0,0,511981
279940,2018,9,0,0,0.0,0,0,511981
279944,2018,10,0,0,0.0,0,0,511981
279959,2018,11,0,0,0.0,0,0,511981
279961,2018,12,0,0,0.0,0,0,511981
279974,2017,1,0,0,0.0,0,0,512580
279983,2017,2,0,0,0.0,0,0,512580
279987,2017,3,0,0,0.0,0,0,512580
279990,2017,12,0,0,0.0,0,0,236037
279994,2017,4,0,0,0.0,0,0,512580
279996,2017,5,0,0,0.0,0,0,512580
279997,2017,12,0,0,0.0,0,0,237274
279999,2017,12,0,0,0.0,0,0,237319
280001,2017,6,0,0,0.0,0,0,512580
280004,2017,12,0,0,0.0,0,0,238063
280017,2017,11,0,0,0.0,0,0,512580
280022,2017,12,0,0,0.0,0,0,240476
280039,2018,3,0,0,0.0,0,0,512580
280041,2017,12,0,0,0.0,0,0,242719
280042,2017,12,0,0,0.0,0,0,242839
280046,2017,12,0,0,0.0,0,0,243061
280050,2017,12,0,0,0.0,0,0,243273
280051,2018,4,0,0,0.0,0,0,512580
280065,2017,12,0,0,0.0,0,0,244721
280071,2018,5,0,0,0.0,0,0,512580
280073,2018,6,0,0,0.0,0,0,512580
280087,2018,7,0,0,0.0,0,0,512580
280088,2018,8,0,0,0.0,0,0,512580
280089,2017,12,0,0,0.0,0,0,247645
280090,2018,9,0,0,0.0,0,0,512580
280094,2018,10,0,0,0.0,0,0,512580
280113,2018,11,0,0,0.0,0,0,512580
280123,2018,12,0,0,0.0,0,0,512580
280195,2017,12,0,0,0.0,0,0,257417
280199,2017,12,0,0,0.0,0,0,257509
280214,2017,12,0,0,0.0,0,0,259110
280274,2017,12,0,0,0.0,0,0,265297
280296,2017,12,0,0,0.0,0,0,268414
280303,2017,12,0,0,0.0,0,0,269565
280321,2017,12,0,0,0.0,0,0,271675
280366,2017,12,0,0,0.0,0,0,276035
280367,2017,12,0,0,0.0,0,0,276289
280376,2017,11,0,0,0.0,367,66,268129
280393,2017,12,0,0,0.0,0,0,278059
280411,2017,12,0,0,0.0,0,0,279231
280451,2017,12,0,0,0.0,0,0,283770
280456,2017,12,0,0,0.0,0,0,284610
280469,2017,12,0,0,0.0,0,0,286065
280486,2017,12,0,0,0.0,0,0,287266
280545,2017,12,0,0,0.0,0,0,295302
280546,2017,12,0,0,0.0,0,0,295412
280567,2017,12,0,0,0.0,0,0,297427
280572,2017,12,0,0,0.0,0,0,297702
280600,2017,12,0,0,0.0,0,0,300376
280645,2017,12,0,0,0.0,0,0,304870
280665,2017,12,0,0,0.0,0,0,307159
280678,2017,12,0,0,0.0,0,0,308891
280729,2017,12,0,0,0.0,0,0,314558
280762,2017,12,0,0,0.0,0,0,318264
280767,2017,12,0,0,0.0,0,0,318654
280782,2017,12,0,0,0.0,0,0,319868
280786,2017,12,0,0,0.0,0,0,320414
280792,2017,12,0,0,0.0,0,0,321027
280857,2017,12,0,0,0.0,0,0,327972
280861,2017,12,0,0,0.0,0,0,328349
280863,2017,12,0,0,0.0,0,0,328446
280870,2017,12,0,0,0.0,0,0,329302
280884,2017,12,0,0,0.0,0,0,330464
280984,2017,12,0,0,0.0,0,0,342929
281050,2017,12,0,0,0.0,0,0,348718
281064,2017,12,0,0,0.0,0,0,350692
281101,2017,12,0,0,0.0,0,0,354464
281103,2017,1,0,0,0.0,0,0,517614
281131,2017,2,0,0,0.0,0,0,517614
281133,2017,12,0,0,0.0,0,0,358039
281134,2017,3,0,0,0.0,0,0,517614
281140,2017,12,0,0,0.0,0,0,358586
281146,2017,4,0,0,0.0,0,0,517614
281163,2017,5,0,0,0.0,0,0,517614
281170,2017,6,0,0,0.0,0,0,517614
281177,2017,7,0,0,0.0,0,0,517614
281181,2017,8,0,0,0.0,0,0,517614
281187,2017,9,0,0,0.0,0,0,517614
281190,2017,10,0,0,0.0,0,0,517614
281204,2017,12,0,0,0.0,0,0,517614
281206,2018,1,0,0,0.0,0,0,517614
281208,2018,3,0,0,0.0,0,0,517614
281211,2018,5,0,0,0.0,0,0,517614
281243,2018,7,0,0,0.0,0,0,517614
281250,2018,8,0,0,0.0,0,0,517614
281254,2018,9,0,0,0.0,0,0,517614
281257,2018,10,0,0,0.0,0,0,517614
281260,2018,11,0,0,0.0,0,0,517614
281261,2018,12,0,0,0.0,0,0,517614
281284,2017,12,0,0,0.0,0,0,375162
281289,2017,12,0,0,0.0,0,0,375540
281326,2017,12,0,0,0.0,0,0,379120
281376,2017,12,0,0,0.0,0,0,384328
281405,2017,12,0,0,0.0,0,0,387523
281428,2017,12,0,0,0.0,0,0,390480
281451,2017,12,0,0,0.0,0,0,392619
281551,2017,12,0,0,0.0,0,0,402964
281552,2017,12,0,0,0.0,0,0,403052
281558,2017,12,0,0,0.0,0,0,403529
281559,2017,12,0,0,0.0,0,0,403529
281590,2017,12,0,0,0.0,0,0,407411
281595,2017,12,0,0,0.0,0,0,408134
281597,2017,12,0,0,0.0,0,0,408347
281601,2017,12,0,0,0.0,0,0,408838
281605,2017,12,0,0,0.0,0,0,409051
281628,2017,12,0,0,0.0,0,0,411715
281636,2017,12,0,0,0.0,0,0,412402
281640,2017,12,0,0,0.0,0,0,412995
281650,2017,12,0,0,0.0,0,0,414164
281678,2017,12,0,0,0.0,0,0,417904
281691,2017,12,0,0,0.0,0,0,419661
281726,2017,12,0,0,0.0,0,0,424027
281733,2017,12,0,0,0.0,0,0,424540
281744,2017,12,0,0,0.0,0,0,426141
281770,2017,12,0,0,0.0,0,0,428526
281776,2017,12,0,0,0.0,0,0,428826
281797,2017,12,0,0,0.0,0,0,431187
281820,2017,12,0,0,0.0,0,0,434620
281836,2017,12,0,0,0.0,0,0,436318
281856,2017,12,0,0,0.0,0,0,438199
281861,2017,12,0,0,0.0,0,0,438641
281877,2017,12,0,0,0.0,0,0,440928
281891,2017,12,0,0,0.0,0,0,442014
281892,2017,12,0,0,0.0,0,0,442249
281896,2017,12,0,0,0.0,0,0,442695
281904,2017,12,0,0,0.0,0,0,443970
281908,2017,12,0,0,0.0,0,0,444092
281917,2017,12,0,0,0.0,0,0,444894
281927,2017,12,0,0,0.0,0,0,445427
281943,2017,12,0,0,0.0,0,0,446991
281952,2017,12,0,0,0.0,0,0,447962
281989,2017,12,0,0,0.0,0,0,453971
281994,2017,12,0,0,0.0,0,0,454440
282064,2017,12,0,0,0.0,0,0,462497
282087,2017,12,0,0,0.0,0,0,464471
282097,2017,12,0,0,0.0,0,0,465476
282109,2017,12,0,0,0.0,0,0,466384
282112,2017,12,0,0,0.0,0,0,466865
282114,2017,12,0,0,0.0,0,0,467139
282125,2017,12,0,0,0.0,0,0,467945
282156,2017,12,0,0,0.0,0,0,471858
282194,2017,12,0,0,0.0,0,0,476273
282196,2017,12,0,0,0.0,0,0,476371
282219,2017,12,0,0,0.0,0,0,480909
282235,2017,12,0,0,0.0,0,0,482424
282236,2017,12,0,0,0.0,0,0,482528
282250,2017,12,0,0,0.0,0,0,483768
282272,2017,12,0,0,0.0,0,0,485705
282277,2017,12,0,0,0.0,0,0,486112
282286,2017,12,0,0,0.0,0,0,487027
282298,2017,12,0,0,0.0,0,0,488303
282299,2017,12,0,0,0.0,0,0,488346
282311,2017,12,0,0,0.0,0,0,489628
282312,2017,12,0,0,0.0,0,0,489842
282324,2017,12,0,0,0.0,0,0,491253
282353,2017,12,0,0,0.0,0,0,494515
282384,2017,12,0,0,0.0,0,0,498149
282399,2017,12,0,0,0.0,0,0,499945
282428,2017,12,0,0,0.0,0,0,502946
282458,2017,12,0,0,0.0,0,0,506170
282469,2017,12,0,0,0.0,0,0,508115
282492,2017,12,0,0,0.0,0,0,511342
282494,2017,12,0,0,0.0,0,0,511472
282499,2017,12,0,0,0.0,0,0,511765
282506,2017,12,0,0,0.0,0,0,512471
282535,2017,12,0,0,0.0,0,0,515969
282536,2017,12,0,0,0.0,0,0,515981
282616,2017,12,0,0,0.0,0,0,528074
282619,2017,12,0,0,0.0,0,0,528229
282624,2017,12,0,0,0.0,0,0,528693
282642,2017,12,0,0,0.0,0,0,530508
282692,2017,12,0,0,0.0,0,0,535436
282693,2017,12,0,0,0.0,0,0,535482
282698,2017,12,0,0,0.0,0,0,535852
282718,2017,12,0,0,0.0,0,0,537990
282720,2017,12,0,0,0.0,0,0,538308
282747,2017,12,0,0,0.0,0,0,540836
282772,2017,12,0,0,0.0,0,0,543599
282773,2017,12,0,0,0.0,0,0,543852
282802,2017,12,0,0,0.0,0,0,546665
282809,2017,12,0,0,0.0,0,0,547217
282842,2017,12,0,0,0.0,0,0,550262
282878,2017,12,0,0,0.0,0,0,553936
282882,2017,12,0,0,0.0,0,0,554104
282925,2017,12,0,0,0.0,0,0,559388
282944,2017,12,0,0,0.0,0,0,561481
282956,2017,12,0,0,0.0,0,0,562501
282974,2017,12,0,0,0.0,0,0,564813
282977,2017,12,0,0,0.0,0,0,565008
282979,2017,12,0,0,0.0,0,0,565074
282983,2017,12,0,0,0.0,0,0,565452
282993,2017,12,0,0,0.0,0,0,565991
282996,2017,12,0,0,0.0,0,0,566182
283014,2017,12,0,0,0.0,0,0,567219
283026,2017,12,0,0,0.0,0,0,568880
283043,2017,12,0,0,0.0,0,0,571169
283053,2017,12,0,0,0.0,0,0,572062
283063,2017,12,0,0,0.0,0,0,572811
283067,2017,12,0,0,0.0,0,0,573332
283074,2017,12,0,0,0.0,0,0,573830
283129,2017,12,0,0,0.0,0,0,579424
283154,2017,12,0,0,0.0,0,0,581999
283204,2017,12,0,0,0.0,0,0,585978
283219,2017,12,0,0,0.0,0,0,587800
283245,2017,12,0,0,0.0,0,0,590514
283304,2017,12,0,0,0.0,0,0,596173
283307,2017,12,0,0,0.0,0,0,596390
283308,2017,12,0,0,0.0,0,0,596586
283317,2017,12,0,0,0.0,0,0,597897
283343,2017,12,0,0,0.0,0,0,600923
283354,2017,12,0,0,0.0,0,0,601597
283368,2017,12,0,0,0.0,0,0,602694
283380,2017,12,0,0,0.0,0,0,604039
283420,2017,12,0,0,0.0,0,0,607662
283434,2017,12,0,0,0.0,0,0,609072
283490,2017,12,0,0,0.0,0,0,615214
283508,2017,12,0,0,0.0,0,0,616611
283510,2017,12,0,0,0.0,0,0,616746
283513,2017,12,0,0,0.0,0,0,617099
283516,2017,12,0,0,0.0,0,0,617296
283566,2017,12,0,0,0.0,0,0,622801
283577,2017,12,0,0,0.0,0,0,623341
283597,2017,12,0,0,0.0,0,0,626217
283603,2017,12,0,0,0.0,0,0,627244
283606,2017,12,0,0,0.0,0,0,627502
283616,2017,12,0,0,0.0,0,0,628452
283627,2017,12,0,0,0.0,0,0,629966
283656,2017,12,0,0,0.0,0,0,633490
283670,2017,12,0,0,0.0,0,0,635509
283689,2017,12,0,0,0.0,0,0,637687
283729,2017,12,0,0,0.0,0,0,642002
283730,2017,12,0,0,0.0,0,0,642031
283735,2017,12,0,0,0.0,0,0,642247
283738,2017,12,0,0,0.0,0,0,642409
283755,2017,12,0,0,0.0,0,0,644630
283848,2017,12,0,0,0.0,0,0,653890
283850,2017,12,0,0,0.0,0,0,654073
283873,2017,12,0,0,0.0,0,0,656572
283877,2017,12,0,0,0.0,0,0,656942
283902,2017,12,0,0,0.0,0,0,660197
283911,2017,12,0,0,0.0,0,0,661411
283915,2017,12,0,0,0.0,0,0,661744
283917,2017,12,0,0,0.0,0,0,662164
283932,2017,12,0,0,0.0,0,0,663641
283944,2017,12,0,0,0.0,0,0,665024
283979,2017,12,0,0,0.0,0,0,667860
283995,2017,12,0,0,0.0,0,0,670751
284005,2017,12,0,0,0.0,0,0,671906
284010,2017,12,0,0,0.0,0,0,672308
284011,2017,12,0,0,0.0,0,0,672391
284044,2017,12,0,0,0.0,0,0,676669
284057,2017,12,0,0,0.0,0,0,677704
284082,2017,12,0,0,0.0,0,0,679414
284123,2017,12,0,0,0.0,0,0,683126
284142,2017,12,0,0,0.0,0,0,684155
284224,2017,12,0,0,0.0,0,0,693494
284241,2017,12,0,0,0.0,0,0,694942
284243,2017,12,0,0,0.0,0,0,695342
284303,2017,12,0,0,0.0,0,0,701732
284306,2017,12,0,0,0.0,0,0,702147
284328,2017,12,0,0,0.0,0,0,703882
284329,2017,12,0,0,0.0,0,0,703937
284333,2017,12,0,0,0.0,0,0,704149
284388,2017,12,0,0,0.0,0,0,710003
284389,2017,12,0,0,0.0,0,0,710003
284423,2017,12,0,0,0.0,0,0,713085
284426,2017,12,0,0,0.0,0,0,713236
284434,2017,12,0,0,0.0,0,0,715462
284452,2017,12,0,0,0.0,0,0,717459
284453,2017,12,0,0,0.0,0,0,717632
284472,2017,12,0,0,0.0,0,0,719383
284507,2017,12,0,0,0.0,0,0,723591
284511,2017,12,0,0,0.0,0,0,723969
284515,2017,12,0,0,0.0,0,0,724272
284571,2017,12,0,0,0.0,0,0,730246
284572,2017,12,0,0,0.0,0,0,730561
284599,2017,12,0,0,0.0,0,0,733907
284603,2017,12,0,0,0.0,0,0,734226
284611,2017,12,0,0,0.0,0,0,735263
284617,2017,12,0,0,0.0,0,0,736258
284627,2017,12,0,0,0.0,0,0,737451
284678,2017,12,0,0,0.0,0,0,742281
284702,2017,12,0,0,0.0,0,0,744228
284705,2017,12,0,0,0.0,0,0,744612
284733,2017,12,0,0,0.0,0,0,746772
284742,2017,12,0,0,0.0,0,0,747609
284768,2017,12,0,0,0.0,0,0,750247
284777,2017,12,0,0,0.0,0,0,750710
284802,2017,12,0,0,0.0,0,0,752885
284829,2017,12,0,0,0.0,0,0,756791
284832,2017,12,0,0,0.0,0,0,756867
284837,2017,12,0,0,0.0,0,0,757127
284863,2017,12,0,0,0.0,0,0,760061
284912,2017,12,0,0,0.0,0,0,765293
284931,2017,12,0,0,0.0,0,0,766909
285007,2017,12,0,0,0.0,0,0,774321
285022,2017,12,0,0,0.0,0,0,776736
285053,2017,1,0,0,0.0,376,68,687463
285063,2017,12,0,0,0.0,0,0,781062
285096,2017,12,0,0,0.0,0,0,784787
285139,2017,12,0,0,0.0,0,0,789573
285169,2017,12,0,0,0.0,0,0,793178
285193,2017,12,0,0,0.0,0,0,795230
285237,2017,12,0,0,0.0,0,0,800433
285257,2017,12,0,0,0.0,0,0,803084
285260,2017,12,0,0,0.0,0,0,803252
285269,2017,12,0,0,0.0,0,0,804521
285287,2017,12,0,0,0.0,0,0,807058
285299,2017,12,0,0,0.0,0,0,808353
285311,2017,12,0,0,0.0,0,0,810581
285321,2017,12,0,0,0.0,0,0,811684
285333,2017,12,0,0,0.0,0,0,812894
285334,2017,12,0,0,0.0,0,0,813352
285379,2017,12,0,0,0.0,0,0,818597
285399,2017,12,0,0,0.0,0,0,820344
285419,2017,12,0,0,0.0,0,0,822765
285421,2017,12,0,0,0.0,0,0,822956
285430,2017,12,0,0,0.0,0,0,824133
285445,2017,12,0,0,0.0,0,0,825730
285451,2017,12,0,0,0.0,0,0,826556
285478,2017,12,0,0,0.0,0,0,829861
285484,2017,12,0,0,0.0,0,0,830394
285487,2017,12,0,0,0.0,0,0,830811
285490,2017,12,0,0,0.0,0,0,831180
285505,2017,12,0,0,0.0,0,0,832665
285506,2017,12,0,0,0.0,0,0,832810
285527,2017,12,0,0,0.0,0,0,833998
285605,2017,12,0,0,0.0,0,0,842279
285606,2017,12,0,0,0.0,0,0,842390
285625,2017,12,0,0,0.0,0,0,844477
285643,2017,12,0,0,0.0,0,0,846291
285664,2017,12,0,0,0.0,0,0,849569
285677,2017,12,0,0,0.0,0,0,851421
285679,2017,12,0,0,0.0,0,0,851836
285680,2017,12,0,0,0.0,0,0,851845
285684,2017,12,0,0,0.0,0,0,851986
285686,2017,12,0,0,0.0,0,0,852323
285698,2017,12,0,0,0.0,0,0,853421
285709,2017,12,0,0,0.0,0,0,854742
285711,2017,12,0,0,0.0,0,0,854902
285726,2017,12,0,0,0.0,0,0,856406
285783,2017,12,0,0,0.0,0,0,861330
285787,2017,12,0,0,0.0,0,0,861629
285812,2017,12,0,0,0.0,0,0,863432
285865,2017,12,0,0,0.0,0,0,869712
285890,2017,12,0,0,0.0,0,0,872335
285937,2017,12,0,0,0.0,0,0,877152
285948,2017,12,0,0,0.0,0,0,878284
285998,2017,12,0,0,0.0,0,0,883025
286002,2017,12,0,0,0.0,0,0,883349
286003,2017,3,0,0,0.0,0,0,537421
286008,2017,4,0,0,0.0,0,0,537421
286031,2017,12,0,0,0.0,0,0,886299
286033,2017,12,0,0,0.0,0,0,886439
286051,2017,12,0,0,0.0,0,0,889964
286057,2017,12,0,0,0.0,0,0,890650
286059,2017,12,0,0,0.0,0,0,890882
286074,2017,12,0,0,0.0,0,0,892219
286078,2017,12,0,0,0.0,0,0,892517
286088,2017,12,0,0,0.0,0,0,893266
286090,2017,11,0,0,0.0,0,0,537421
286094,2017,12,0,0,0.0,0,0,537421
286096,2017,12,0,0,0.0,0,0,894436
286103,2017,12,0,0,0.0,0,0,895185
286115,2017,12,0,0,0.0,0,0,896651
286116,2017,12,0,0,0.0,0,0,896685
286122,2017,12,0,0,0.0,0,0,897734
286137,2018,4,0,0,0.0,0,0,537421
286142,2017,12,0,0,0.0,0,0,900460
286145,2018,6,0,0,0.0,0,0,537421
286177,2018,10,0,0,0.0,0,0,537421
286181,2018,11,0,0,0.0,0,0,537421
286185,2018,12,0,0,0.0,0,0,537421
286194,2017,12,0,0,0.0,0,0,906178
286198,2017,12,0,0,0.0,0,0,906615
286204,2017,12,0,0,0.0,0,0,907038
286215,2017,12,0,0,0.0,0,0,908248
286237,2017,12,0,0,0.0,0,0,910373
286287,2017,12,0,0,0.0,0,0,917610
286295,2017,12,0,0,0.0,0,0,918404
286331,2017,12,0,0,0.0,0,0,923234
286340,2017,12,0,0,0.0,0,0,923959
286385,2017,12,0,0,0.0,0,0,929231
286388,2017,12,0,0,0.0,0,0,929455
286434,2017,12,0,0,0.0,0,0,935570
286454,2017,12,0,0,0.0,0,0,937645
286470,2017,12,0,0,0.0,0,0,939238
286493,2017,12,0,0,0.0,0,0,942189
286519,2017,12,0,0,0.0,0,0,944506
286533,2017,12,0,0,0.0,0,0,946258
286542,2017,12,0,0,0.0,0,0,947234
286554,2017,12,0,0,0.0,0,0,948325
286574,2017,12,0,0,0.0,0,0,949974
286580,2017,12,0,0,0.0,0,0,950593
286584,2017,12,0,0,0.0,0,0,950961
286611,2017,12,0,0,0.0,0,0,953307
286673,2017,12,0,0,0.0,0,0,959453
286727,2017,12,0,0,0.0,0,0,965079
286736,2017,12,0,0,0.0,0,0,965751
286741,2017,12,0,0,0.0,0,0,966204
286745,2017,12,0,0,0.0,0,0,966580
286746,2017,12,0,0,0.0,0,0,966688
286752,2017,12,0,0,0.0,0,0,967347
286788,2017,12,0,0,0.0,0,0,970746
286796,2017,12,0,0,0.0,0,0,971582
286817,2017,12,0,0,0.0,0,0,973407
286819,2017,12,0,0,0.0,0,0,973609
286820,2017,12,0,0,0.0,0,0,973728
286830,2017,12,0,0,0.0,0,0,974829
286841,2017,12,0,0,0.0,0,0,976330
286850,2017,12,0,0,0.0,0,0,977303
286857,2017,12,0,0,0.0,0,0,978712
286886,2017,12,0,0,0.0,0,0,981536
286906,2017,12,0,0,0.0,0,0,983199
286913,2017,12,0,0,0.0,0,0,983822
286919,2017,12,0,0,0.0,0,0,984429
286997,2017,12,0,0,0.0,0,0,992886
287009,2017,12,0,0,0.0,0,0,994877
287013,2017,12,0,0,0.0,0,0,995404
287025,2017,12,0,0,0.0,0,0,996686
287032,2017,12,0,0,0.0,0,0,997189
287035,2017,12,0,0,0.0,0,0,997439
287055,2017,12,0,0,0.0,0,0,999460
287127,2018,1,0,0,0.0,0,0,106592
287136,2018,1,0,0,0.0,0,0,107212
287140,2018,1,0,0,0.0,0,0,107487
287186,2018,1,0,0,0.0,0,0,114219
287194,2018,1,0,0,0.0,0,0,115198
287196,2018,1,0,0,0.0,0,0,115633
287206,2018,1,0,0,0.0,0,0,116735
287249,2018,1,0,0,0.0,0,0,121856
287270,2018,1,0,0,0.0,0,0,123538
287319,2018,1,0,0,0.0,0,0,127785
287349,2018,1,0,0,0.0,0,0,131560
287382,2018,1,0,0,0.0,0,0,135312
287404,2018,1,0,0,0.0,0,0,137850
287415,2018,1,0,0,0.0,0,0,138565
287417,2018,1,0,0,0.0,0,0,138737
287422,2018,1,0,0,0.0,0,0,138810
287433,2018,1,0,0,0.0,0,0,139600
287436,2018,1,0,0,0.0,0,0,139863
287438,2018,1,0,0,0.0,0,0,139974
287492,2018,1,0,0,0.0,0,0,144977
287501,2018,1,0,0,0.0,0,0,145988
287515,2018,1,0,0,0.0,0,0,147700
287538,2018,1,0,0,0.0,0,0,149912
287568,2018,1,0,0,0.0,0,0,153626
287586,2018,1,0,0,0.0,0,0,155118
287612,2018,1,0,0,0.0,0,0,157566
287629,2018,1,0,0,0.0,0,0,159359
287639,2018,1,0,0,0.0,0,0,160135
287676,2018,1,0,0,0.0,0,0,163608
287680,2018,1,0,0,0.0,0,0,164034
287692,2018,1,0,0,0.0,0,0,165019
287697,2018,1,0,0,0.0,0,0,165443
287699,2018,1,0,0,0.0,0,0,165742
287729,2018,1,0,0,0.0,0,0,168302
287734,2018,1,0,0,0.0,0,0,168843
287755,2018,1,0,0,0.0,0,0,170585
287769,2018,1,0,0,0.0,0,0,172162
287800,2018,1,0,0,0.0,0,0,175249
287814,2018,1,0,0,0.0,0,0,177677
287834,2018,1,0,0,0.0,0,0,180024
287883,2018,1,0,0,0.0,0,0,185013
287885,2018,1,0,0,0.0,0,0,185285
287898,2018,1,0,0,0.0,0,0,187618
287935,2018,1,0,0,0.0,0,0,192651
287937,2018,1,0,0,0.0,0,0,192772
287939,2018,1,0,0,0.0,0,0,193037
287975,2018,1,0,0,0.0,0,0,197086
287986,2018,1,0,0,0.0,0,0,198407
287995,2018,1,0,0,0.0,0,0,199493
288048,2018,1,0,0,0.0,0,0,204343
288050,2018,1,0,0,0.0,0,0,204484
288061,2018,1,0,0,0.0,0,0,205195
288080,2018,1,0,0,0.0,0,0,207576
288089,2018,1,0,0,0.0,0,0,208586
288096,2018,1,0,0,0.0,0,0,209675
288127,2018,1,0,0,0.0,0,0,212477
288157,2018,1,0,0,0.0,0,0,215508
288171,2018,1,0,0,0.0,0,0,216937
288189,2018,1,0,0,0.0,0,0,218917
288206,2018,1,0,0,0.0,0,0,220822
288216,2018,1,0,0,0.0,0,0,221627
288219,2018,1,0,0,0.0,0,0,221993
288228,2018,1,0,0,0.0,0,0,223081
288253,2018,1,0,0,0.0,0,0,225746
288284,2018,1,0,0,0.0,0,0,229436
288319,2018,1,0,0,0.0,0,0,233969
288342,2018,1,0,0,0.0,0,0,236037
288350,2018,1,0,0,0.0,0,0,237274
288353,2018,1,0,0,0.0,0,0,237434
288357,2018,1,0,0,0.0,0,0,238063
288396,2018,1,0,0,0.0,0,0,242719
288398,2018,1,0,0,0.0,0,0,242839
288403,2018,1,0,0,0.0,0,0,243061
288407,2018,1,0,0,0.0,0,0,243273
288422,2018,1,0,0,0.0,0,0,244721
288436,2018,1,0,0,0.0,0,0,246187
288451,2018,1,0,0,0.0,0,0,247471
288452,2018,1,0,0,0.0,0,0,247645
288550,2018,1,0,0,0.0,0,0,257509
288565,2018,1,0,0,0.0,0,0,259110
288614,2018,1,0,0,0.0,0,0,263127
288641,2018,1,0,0,0.0,0,0,265297
288681,2018,1,0,0,0.0,0,0,269565
288698,2018,1,0,0,0.0,0,0,271675
288720,2018,1,0,0,0.0,0,0,274141
288744,2018,1,0,0,0.0,0,0,276035
288777,2018,1,0,0,0.0,0,0,278059
288804,2018,1,0,0,0.0,0,0,280828
288836,2018,1,0,0,0.0,0,0,283770
288841,2018,1,0,0,0.0,0,0,284610
288852,2018,1,0,0,0.0,0,0,286551
288916,2018,1,0,0,0.0,0,0,295412
288939,2018,1,0,0,0.0,0,0,297427
288966,2018,1,0,0,0.0,0,0,300376
289009,2018,1,0,0,0.0,0,0,304870
289029,2018,1,0,0,0.0,0,0,307159
289045,2018,1,0,0,0.0,0,0,308891
289068,2018,1,0,0,0.0,0,0,311946
289099,2018,1,0,0,0.0,0,0,314558
289140,2018,1,0,0,0.0,0,0,319664
289144,2018,1,0,0,0.0,0,0,319868
289149,2018,1,0,0,0.0,0,0,320414
289154,2018,1,0,0,0.0,0,0,321027
289174,2018,1,0,0,0.0,0,0,323720
289219,2018,1,0,0,0.0,0,0,327972
289226,2018,1,0,0,0.0,0,0,328349
289228,2018,1,0,0,0.0,0,0,328446
289236,2018,1,0,0,0.0,0,0,329302
289244,2018,1,0,0,0.0,0,0,329826
289261,2018,1,0,0,0.0,0,0,331325
289263,2018,1,0,0,0.0,0,0,331598
289301,2018,1,0,0,0.0,0,0,336037
289342,2018,1,0,0,0.0,0,0,339845
289371,2018,1,0,0,0.0,0,0,342929
289432,2017,12,0,0,0.0,423,76,122545
289450,2018,1,0,0,0.0,0,0,348718
289484,2018,1,0,0,0.0,0,0,352092
289490,2018,1,0,0,0.0,0,0,352490
289545,2018,1,0,0,0.0,0,0,358039
289550,2018,1,0,0,0.0,0,0,358586
289572,2018,1,0,0,0.0,0,0,360902
289619,2018,1,0,0,0.0,0,0,365557
289624,2018,1,0,0,0.0,0,0,366133
289721,2018,1,0,0,0.0,0,0,375162
289764,2018,1,0,0,0.0,0,0,379238
289838,2018,1,0,0,0.0,0,0,385593
289853,2018,1,0,0,0.0,0,0,387523
289873,2018,1,0,0,0.0,0,0,390480
289874,2018,1,0,0,0.0,0,0,390546
289888,2018,1,0,0,0.0,0,0,391611
289898,2018,1,0,0,0.0,0,0,392619
289902,2018,1,0,0,0.0,0,0,392802
289953,2018,1,0,0,0.0,0,0,397817
290000,2018,1,0,0,0.0,0,0,402052
290009,2018,1,0,0,0.0,0,0,403052
290015,2018,1,0,0,0.0,0,0,403529
290016,2018,1,0,0,0.0,0,0,403529
290026,2018,1,0,0,0.0,0,0,404426
290042,2018,1,0,0,0.0,0,0,405928
290063,2018,1,0,0,0.0,0,0,408134
290066,2018,1,0,0,0.0,0,0,408347
290069,2018,1,0,0,0.0,0,0,408838
290071,2018,1,0,0,0.0,0,0,409051
290100,2018,1,0,0,0.0,0,0,411715
290124,2018,1,0,0,0.0,0,0,414164
290138,2018,1,0,0,0.0,0,0,415402
290159,2018,1,0,0,0.0,0,0,417904
290175,2018,1,0,0,0.0,0,0,419661
290186,2018,1,0,0,0.0,0,0,420394
290192,2018,1,0,0,0.0,0,0,420515
290220,2018,1,0,0,0.0,0,0,424027
290226,2018,1,0,0,0.0,0,0,424540
290231,2018,1,0,0,0.0,0,0,425445
290242,2018,1,0,0,0.0,0,0,426124
290243,2018,1,0,0,0.0,0,0,426141
290275,2018,1,0,0,0.0,0,0,428526
290282,2018,1,0,0,0.0,0,0,428826
290306,2018,1,0,0,0.0,0,0,431187
290307,2018,1,0,0,0.0,0,0,431201
290347,2018,1,0,0,0.0,0,0,434620
290371,2018,1,0,0,0.0,0,0,436318
290387,2018,1,0,0,0.0,0,0,438199
290388,2018,1,0,0,0.0,0,0,438263
290392,2018,1,0,0,0.0,0,0,438641
290405,2018,1,0,0,0.0,0,0,439819
290432,2018,1,0,0,0.0,0,0,442695
290441,2018,1,0,0,0.0,0,0,443970
290455,2018,1,0,0,0.0,0,0,445073
290466,2018,1,0,0,0.0,0,0,445427
290487,2018,1,0,0,0.0,0,0,448142
290492,2018,1,0,0,0.0,0,0,448896
290532,2018,1,0,0,0.0,0,0,453971
290577,2018,1,0,0,0.0,0,0,457716
290582,2018,1,0,0,0.0,0,0,458614
290613,2018,1,0,0,0.0,0,0,461199
290626,2018,1,0,0,0.0,0,0,462459
290627,2018,1,0,0,0.0,0,0,462497
290630,2018,1,0,0,0.0,0,0,462663
290653,2018,1,0,0,0.0,0,0,464471
290667,2018,1,0,0,0.0,0,0,465476
290677,2018,1,0,0,0.0,0,0,466384
290681,2018,1,0,0,0.0,0,0,467139
290692,2018,1,0,0,0.0,0,0,467945
290727,2018,1,0,0,0.0,0,0,471858
290737,2018,1,0,0,0.0,0,0,472532
290780,2018,1,0,0,0.0,0,0,476273
290781,2018,1,0,0,0.0,0,0,476371
290794,2018,1,0,0,0.0,0,0,478050
290831,2018,1,0,0,0.0,0,0,481293
290847,2018,1,0,0,0.0,0,0,482424
290849,2018,1,0,0,0.0,0,0,482528
290891,2018,1,0,0,0.0,0,0,485705
290896,2018,1,0,0,0.0,0,0,486112
290909,2018,1,0,0,0.0,0,0,487027
290915,2018,1,0,0,0.0,0,0,487605
290924,2018,1,0,0,0.0,0,0,488303
290925,2018,1,0,0,0.0,0,0,488346
290942,2018,1,0,0,0.0,0,0,489628
290992,2018,1,0,0,0.0,0,0,494515
290998,2018,1,0,0,0.0,0,0,495253
291008,2018,1,0,0,0.0,0,0,496357
291059,2018,1,0,0,0.0,0,0,502012
291071,2018,1,0,0,0.0,0,0,502946
291094,2018,1,0,0,0.0,0,0,504860
291099,2018,1,0,0,0.0,0,0,505522
291105,2018,1,0,0,0.0,0,0,506170
291147,2018,1,0,0,0.0,0,0,511053
291156,2018,1,0,0,0.0,0,0,511765
291164,2018,1,0,0,0.0,0,0,512471
291205,2018,1,0,0,0.0,0,0,515981
291262,2018,1,0,0,0.0,0,0,523246
291301,2018,1,0,0,0.0,0,0,528074
291305,2018,1,0,0,0.0,0,0,528331
291322,2018,1,0,0,0.0,0,0,530508
291372,2018,1,0,0,0.0,0,0,535482
291376,2018,1,0,0,0.0,0,0,535852
291377,2018,1,0,0,0.0,0,0,535944
291393,2018,1,0,0,0.0,0,0,537038
291401,2018,1,0,0,0.0,0,0,538308
291428,2018,1,0,0,0.0,0,0,540836
291447,2018,1,0,0,0.0,0,0,542893
291456,2018,1,0,0,0.0,0,0,543599
291458,2018,1,0,0,0.0,0,0,543852
291470,2018,1,0,0,0.0,0,0,544690
291491,2018,1,0,0,0.0,0,0,547217
291521,2018,1,0,0,0.0,0,0,549862
291522,2018,1,0,0,0.0,0,0,550262
291541,2018,1,0,0,0.0,0,0,552328
291556,2018,1,0,0,0.0,0,0,553936
291582,2018,1,0,0,0.0,0,0,557458
291630,2018,1,0,0,0.0,0,0,562501
291646,2018,1,0,0,0.0,0,0,564813
291650,2018,1,0,0,0.0,0,0,565008
291651,2018,1,0,0,0.0,0,0,565074
291654,2018,1,0,0,0.0,0,0,565452
291662,2018,1,0,0,0.0,0,0,565991
291676,2018,1,0,0,0.0,0,0,567219
291695,2017,1,0,0,0.0,511,92,607662
291715,2018,1,0,0,0.0,0,0,571169
291725,2018,1,0,0,0.0,0,0,572062
291734,2018,1,0,0,0.0,0,0,572811
291740,2018,12,0,0,0.0,678,122,670751
291744,2018,1,0,0,0.0,0,0,573830
291813,2018,1,0,0,0.0,0,0,578811
291845,2018,1,0,0,0.0,0,0,581661
291857,2018,1,0,0,0.0,0,0,582690
291907,2018,1,0,0,0.0,0,0,587800
291951,2018,1,0,0,0.0,0,0,593252
291966,2018,1,0,0,0.0,0,0,595083
291982,2018,1,0,0,0.0,0,0,596173
291984,2018,1,0,0,0.0,0,0,596586
291995,2018,1,0,0,0.0,0,0,597897
292000,2018,1,0,0,0.0,0,0,599372
292013,2018,1,0,0,0.0,0,0,600785
292015,2018,1,0,0,0.0,0,0,600923
292022,2018,1,0,0,0.0,0,0,601597
292036,2018,1,0,0,0.0,0,0,602694
292048,2018,1,0,0,0.0,0,0,604039
292071,2018,1,0,0,0.0,0,0,605761
292104,2018,1,0,0,0.0,0,0,608517
292108,2018,1,0,0,0.0,0,0,608758
292170,2018,1,0,0,0.0,0,0,615214
292183,2018,1,0,0,0.0,0,0,616611
292195,2018,1,0,0,0.0,0,0,617960
292206,2018,1,0,0,0.0,0,0,618824
292229,2018,1,0,0,0.0,0,0,621940
292238,2018,1,0,0,0.0,0,0,622801
292246,2018,1,0,0,0.0,0,0,623341
292257,2018,1,0,0,0.0,0,0,625451
292265,2018,1,0,0,0.0,0,0,626217
292272,2018,1,0,0,0.0,0,0,627244
292274,2018,1,0,0,0.0,0,0,627502
292284,2018,1,0,0,0.0,0,0,628452
292297,2018,1,0,0,0.0,0,0,629966
292313,2018,1,0,0,0.0,0,0,631661
292330,2018,1,0,0,0.0,0,0,633490
292343,2018,1,0,0,0.0,0,0,635509
292366,2018,1,0,0,0.0,0,0,637687
292408,2018,1,0,0,0.0,0,0,642002
292411,2018,1,0,0,0.0,0,0,642031
292414,2018,1,0,0,0.0,0,0,642247
292415,2018,1,0,0,0.0,0,0,642409
292427,2018,1,0,0,0.0,0,0,643912
292429,2018,1,0,0,0.0,0,0,644163
292433,2018,1,0,0,0.0,0,0,644630
292435,2018,1,0,0,0.0,0,0,644786
292439,2018,1,0,0,0.0,0,0,645081
292485,2018,1,0,0,0.0,0,0,650445
292489,2018,1,0,0,0.0,0,0,650621
292531,2018,1,0,0,0.0,0,0,653890
292532,2018,1,0,0,0.0,0,0,654073
292555,2018,1,0,0,0.0,0,0,656572
292557,2018,1,0,0,0.0,0,0,656942
292595,2018,1,0,0,0.0,0,0,662164
292612,2018,1,0,0,0.0,0,0,663641
292617,2018,1,0,0,0.0,0,0,664008
292625,2018,1,0,0,0.0,0,0,665024
292646,2018,1,0,0,0.0,0,0,667262
292654,2018,1,0,0,0.0,0,0,667860
292671,2018,1,0,0,0.0,0,0,670751
292679,2018,1,0,0,0.0,0,0,671803
292680,2018,1,0,0,0.0,0,0,671849
292681,2018,1,0,0,0.0,0,0,671906
292687,2018,1,0,0,0.0,0,0,672391
292723,2018,1,0,0,0.0,0,0,676669
292756,2018,1,0,0,0.0,0,0,679414
292891,2018,1,0,0,0.0,0,0,693494
292904,2018,1,0,0,0.0,0,0,694942
292909,2018,1,0,0,0.0,0,0,695428
292915,2018,1,0,0,0.0,0,0,695878
292973,2018,1,0,0,0.0,0,0,701732
292976,2018,1,0,0,0.0,0,0,702147
292980,2018,1,0,0,0.0,0,0,702406
292985,2018,1,0,0,0.0,0,0,702542
293001,2018,1,0,0,0.0,0,0,703882
293015,2018,1,0,0,0.0,0,0,705911
293035,2017,4,0,0,0.0,537,97,660197
293040,2018,1,0,0,0.0,0,0,708020
293043,2018,1,0,0,0.0,0,0,708343
293059,2018,1,0,0,0.0,0,0,710003
293060,2018,1,0,0,0.0,0,0,710003
293088,2018,1,0,0,0.0,0,0,713085
293097,2018,1,0,0,0.0,0,0,714379
293103,2018,1,0,0,0.0,0,0,715462
293119,2018,1,0,0,0.0,0,0,716785
293193,2018,1,0,0,0.0,0,0,723969
293260,2018,1,0,0,0.0,0,0,730246
293262,2018,1,0,0,0.0,0,0,730561
293302,2018,1,0,0,0.0,0,0,733907
293304,2018,1,0,0,0.0,0,0,734226
293325,2018,1,0,0,0.0,0,0,736258
293333,2018,1,0,0,0.0,0,0,737451
293374,2018,1,0,0,0.0,0,0,741422
293386,2018,1,0,0,0.0,0,0,742281
293413,2018,1,0,0,0.0,0,0,744228
293416,2018,1,0,0,0.0,0,0,744528
293417,2018,1,0,0,0.0,0,0,744612
293434,2018,1,0,0,0.0,0,0,745920
293447,2018,1,0,0,0.0,0,0,746536
293449,2018,1,0,0,0.0,0,0,746772
293464,2018,1,0,0,0.0,0,0,747609
293467,2018,1,0,0,0.0,0,0,747926
293488,2018,1,0,0,0.0,0,0,750247
293495,2018,1,0,0,0.0,0,0,750649
293515,2018,1,0,0,0.0,0,0,752885
293526,2018,1,0,0,0.0,0,0,754539
293547,2018,1,0,0,0.0,0,0,756791
293554,2018,1,0,0,0.0,0,0,757127
293580,2018,1,0,0,0.0,0,0,760061
293627,2018,1,0,0,0.0,0,0,765293
293643,2018,1,0,0,0.0,0,0,766909
293677,2018,1,0,0,0.0,0,0,769623
293692,2018,1,0,0,0.0,0,0,770968
293759,2018,1,0,0,0.0,0,0,776736
293774,2018,1,0,0,0.0,0,0,778030
293833,2018,1,0,0,0.0,0,0,784787
293855,2018,1,0,0,0.0,0,0,787548
293881,2018,1,0,0,0.0,0,0,789573
293915,2018,1,0,0,0.0,0,0,793178
293938,2018,1,0,0,0.0,0,0,795230
293980,2018,1,0,0,0.0,0,0,799781
293999,2018,1,0,0,0.0,0,0,801821
294016,2018,1,0,0,0.0,0,0,803084
294019,2018,1,0,0,0.0,0,0,803252
294045,2018,1,0,0,0.0,0,0,807058
294062,2018,1,0,0,0.0,0,0,809733
294085,2018,1,0,0,0.0,0,0,812894
294086,2018,1,0,0,0.0,0,0,813352
294149,2018,1,0,0,0.0,0,0,820344
294152,2018,1,0,0,0.0,0,0,820454
294172,2018,1,0,0,0.0,0,0,822696
294174,2018,1,0,0,0.0,0,0,822956
294187,2018,1,0,0,0.0,0,0,824133
294200,2018,1,0,0,0.0,0,0,825730
294204,2018,1,0,0,0.0,0,0,826556
294242,2018,1,0,0,0.0,0,0,829861
294247,2018,8,0,0,0.0,469,84,106689
294248,2018,1,0,0,0.0,0,0,830385
294249,2018,1,0,0,0.0,0,0,830394
294261,2018,1,0,0,0.0,0,0,831180
294275,2018,1,0,0,0.0,0,0,832597
294276,2017,12,0,0,0.0,722,130,628431
294278,2018,1,0,0,0.0,0,0,832810
294308,2018,1,0,0,0.0,0,0,834799
294350,2018,1,0,0,0.0,0,0,838634
294410,2018,1,0,0,0.0,0,0,844477
294437,2018,1,0,0,0.0,0,0,846291
294458,2018,1,0,0,0.0,0,0,848632
294464,2018,1,0,0,0.0,0,0,849569
294485,2018,1,0,0,0.0,0,0,851845
294509,2018,1,0,0,0.0,0,0,853421
294521,2018,1,0,0,0.0,0,0,854742
294541,2018,1,0,0,0.0,0,0,856406
294556,2018,1,0,0,0.0,0,0,857814
294587,2018,1,0,0,0.0,0,0,860602
294594,2018,1,0,0,0.0,0,0,861330
294598,2018,1,0,0,0.0,0,0,861629
294613,2018,1,0,0,0.0,0,0,863259
294653,2018,1,0,0,0.0,0,0,867446
294668,2018,1,0,0,0.0,0,0,869712
294712,2018,1,0,0,0.0,0,0,873886
294732,2018,1,0,0,0.0,0,0,875796
294743,2018,1,0,0,0.0,0,0,877152
294749,2018,1,0,0,0.0,0,0,877603
294755,2018,1,0,0,0.0,0,0,878284
294793,2018,1,0,0,0.0,0,0,882718
294795,2018,1,0,0,0.0,0,0,883025
294799,2018,1,0,0,0.0,0,0,883349
294862,2018,1,0,0,0.0,0,0,889964
294871,2018,1,0,0,0.0,0,0,890650
294876,2018,1,0,0,0.0,0,0,890882
294889,2018,1,0,0,0.0,0,0,892219
294892,2018,1,0,0,0.0,0,0,892517
294898,2018,1,0,0,0.0,0,0,892797
294908,2018,1,0,0,0.0,0,0,893863
294917,2018,1,0,0,0.0,0,0,894620
294924,2018,1,0,0,0.0,0,0,895185
294937,2018,1,0,0,0.0,0,0,896651
294938,2018,1,0,0,0.0,0,0,896685
294947,2018,1,0,0,0.0,0,0,897734
294974,2018,1,0,0,0.0,0,0,900894
294984,2018,1,0,0,0.0,0,0,901819
295034,2018,1,0,0,0.0,0,0,905909
295036,2018,1,0,0,0.0,0,0,906178
295058,2018,1,0,0,0.0,0,0,908248
295084,2018,1,0,0,0.0,0,0,910373
295107,2018,1,0,0,0.0,0,0,913571
295145,2018,1,0,0,0.0,0,0,917610
295146,2018,1,0,0,0.0,0,0,917630
295156,2018,1,0,0,0.0,0,0,918404
295188,2018,1,0,0,0.0,0,0,922000
295198,2018,1,0,0,0.0,0,0,923234
295203,2018,1,0,0,0.0,0,0,923959
295250,2018,1,0,0,0.0,0,0,929231
295251,2018,1,0,0,0.0,0,0,929455
295254,2018,1,0,0,0.0,0,0,929728
295258,2018,1,0,0,0.0,0,0,929980
295274,2018,1,0,0,0.0,0,0,931183
295298,2018,1,0,0,0.0,0,0,933968
295329,2018,1,0,0,0.0,0,0,937645
295350,2018,1,0,0,0.0,0,0,939485
295382,2018,1,0,0,0.0,0,0,942189
295402,2018,1,0,0,0.0,0,0,944750
295406,2018,1,0,0,0.0,0,0,945091
295412,2018,1,0,0,0.0,0,0,946258
295420,2018,1,0,0,0.0,0,0,947234
295426,2018,1,0,0,0.0,0,0,947876
295428,2018,1,0,0,0.0,0,0,948325
295447,2018,1,0,0,0.0,0,0,949974
295457,2018,1,0,0,0.0,0,0,950961
295482,2018,1,0,0,0.0,0,0,953307
295540,2018,1,0,0,0.0,0,0,959453
295590,2018,1,0,0,0.0,0,0,965079
295595,2018,1,0,0,0.0,0,0,965751
295602,2018,1,0,0,0.0,0,0,966580
295603,2018,1,0,0,0.0,0,0,966688
295614,2018,1,0,0,0.0,0,0,967347
295624,2018,1,0,0,0.0,0,0,968034
295625,2018,1,0,0,0.0,0,0,968034
295686,2018,1,0,0,0.0,0,0,973407
295688,2018,1,0,0,0.0,0,0,973609
295689,2018,1,0,0,0.0,0,0,973728
295717,2018,1,0,0,0.0,0,0,976330
295734,2018,1,0,0,0.0,0,0,978712
295748,2018,1,0,0,0.0,0,0,979644
295749,2018,1,0,0,0.0,0,0,979776
295759,2018,1,0,0,0.0,0,0,980952
295772,2018,1,0,0,0.0,0,0,982296
295782,2018,1,0,0,0.0,0,0,983199
295808,2018,1,0,0,0.0,0,0,986421
295887,2018,1,0,0,0.0,0,0,994377
295896,2018,1,0,0,0.0,0,0,995404
295911,2018,1,0,0,0.0,0,0,996686
295936,2018,1,0,0,0.0,0,0,999460
295949,2018,2,0,0,0.0,0,0,605761
295991,2017,1,0,0,0.0,0,0,582990
296005,2018,2,0,0,0.0,0,0,105214
296006,2017,2,0,0,0.0,0,0,582990
296016,2017,4,0,0,0.0,0,0,582990
296017,2017,5,0,0,0.0,0,0,582990
296022,2018,2,0,0,0.0,0,0,106776
296027,2017,6,0,0,0.0,0,0,582990
296030,2018,2,0,0,0.0,0,0,107212
296031,2017,7,0,0,0.0,0,0,582990
296032,2017,8,0,0,0.0,0,0,582990
296034,2017,9,0,0,0.0,0,0,582990
296035,2018,2,0,0,0.0,0,0,107571
296041,2017,10,0,0,0.0,0,0,582990
296043,2017,11,0,0,0.0,0,0,582990
296048,2017,12,0,0,0.0,0,0,582990
296049,2018,1,0,0,0.0,0,0,582990
296055,2018,2,0,0,0.0,0,0,762355
296058,2018,2,0,0,0.0,0,0,582990
296059,2018,3,0,0,0.0,0,0,582990
296062,2018,4,0,0,0.0,0,0,582990
296064,2018,5,0,0,0.0,0,0,582990
296067,2018,6,0,0,0.0,0,0,582990
296068,2018,7,0,0,0.0,0,0,582990
296078,2018,8,0,0,0.0,0,0,582990
296079,2018,9,0,0,0.0,0,0,582990
296081,2018,10,0,0,0.0,0,0,582990
296084,2018,11,0,0,0.0,0,0,582990
296086,2018,2,0,0,0.0,0,0,112842
296093,2018,12,0,0,0.0,0,0,582990
296110,2018,2,0,0,0.0,0,0,115198
296151,2018,2,0,0,0.0,0,0,120613
296178,2018,2,0,0,0.0,0,0,123538
296307,2018,2,0,0,0.0,0,0,136516
296322,2017,1,0,0,0.0,0,0,583223
296331,2018,2,0,0,0.0,0,0,138810
296338,2018,2,0,0,0.0,0,0,139600
296341,2018,2,0,0,0.0,0,0,139863
296342,2018,2,0,0,0.0,0,0,139974
296363,2017,5,0,0,0.0,0,0,583223
296383,2017,6,0,0,0.0,0,0,583223
296384,2018,2,0,0,0.0,0,0,144977
296394,2018,2,0,0,0.0,0,0,146028
296395,2018,2,0,0,0.0,0,0,146037
296406,2018,2,0,0,0.0,0,0,147700
296407,2018,6,0,0,0.0,790,142,544690
296428,2017,8,0,0,0.0,0,0,583223
296432,2018,2,0,0,0.0,0,0,149884
296443,2017,10,0,0,0.0,0,0,583223
296450,2017,11,0,0,0.0,0,0,583223
296460,2018,2,0,0,0.0,0,0,583223
296463,2018,4,0,0,0.0,0,0,583223
296487,2018,9,0,0,0.0,0,0,583223
296488,2018,2,0,0,0.0,0,0,157566
296492,2018,10,0,0,0.0,0,0,583223
296501,2018,11,0,0,0.0,0,0,583223
296504,2018,2,0,0,0.0,0,0,159359
296506,2018,12,0,0,0.0,0,0,583223
296513,2018,2,0,0,0.0,0,0,160135
296544,2018,2,0,0,0.0,0,0,163608
296550,2018,2,0,0,0.0,0,0,164034
296552,2018,4,0,0,0.0,0,0,659536
296566,2018,2,0,0,0.0,0,0,276289
296592,2018,2,0,0,0.0,0,0,168302
296596,2018,2,0,0,0.0,0,0,168843
296598,2018,2,0,0,0.0,0,0,169129
296616,2018,2,0,0,0.0,0,0,170585
296631,2018,2,0,0,0.0,0,0,172162
296686,2018,2,0,0,0.0,0,0,177677
296707,2018,2,0,0,0.0,0,0,180024
296725,2018,2,0,0,0.0,0,0,944750
296727,2018,4,0,0,0.0,0,0,986208
296754,2018,2,0,0,0.0,0,0,186593
296762,2018,2,0,0,0.0,0,0,187618
296789,2018,4,0,0,0.0,0,0,318654
296818,2018,2,0,0,0.0,0,0,192651
296819,2018,2,0,0,0.0,0,0,192772
296820,2018,2,0,0,0.0,0,0,193037
296823,2018,4,0,0,0.0,0,0,860684
296872,2018,2,0,0,0.0,0,0,198407
296883,2018,2,0,0,0.0,0,0,199493
296899,2018,2,0,0,0.0,0,0,201276
296906,2018,2,0,0,0.0,0,0,201683
296920,2018,2,0,0,0.0,0,0,202696
296949,2018,2,0,0,0.0,0,0,205195
296962,2018,2,0,0,0.0,0,0,206890
296965,2018,2,0,0,0.0,0,0,207001
296967,2018,4,0,0,0.0,0,0,352490
296971,2018,2,0,0,0.0,0,0,207576
296980,2018,2,0,0,0.0,0,0,208553
297000,2018,2,0,0,0.0,0,0,210498
297047,2018,2,0,0,0.0,0,0,215508
297048,2018,2,0,0,0.0,0,0,215508
297065,2018,2,0,0,0.0,0,0,216937
297085,2018,2,0,0,0.0,0,0,218917
297097,2018,2,0,0,0.0,0,0,220822
297107,2018,2,0,0,0.0,0,0,221627
297116,2018,2,0,0,0.0,0,0,223081
297174,2018,2,0,0,0.0,0,0,229436
297189,2018,2,0,0,0.0,0,0,232290
297227,2018,2,0,0,0.0,0,0,236037
297243,2018,2,0,0,0.0,0,0,238063
297283,2018,2,0,0,0.0,0,0,242719
297285,2018,2,0,0,0.0,0,0,242839
297290,2018,2,0,0,0.0,0,0,243273
297296,2018,2,0,0,0.0,0,0,448142
297302,2018,2,0,0,0.0,0,0,244721
297399,2018,2,0,0,0.0,0,0,256486
297413,2018,2,0,0,0.0,0,0,257509
297428,2018,2,0,0,0.0,0,0,259110
297495,2018,2,0,0,0.0,0,0,265297
297500,2018,2,0,0,0.0,0,0,266148
297528,2018,2,0,0,0.0,0,0,269565
297575,2018,2,0,0,0.0,0,0,273984
297598,2018,2,0,0,0.0,0,0,276650
297623,2018,2,0,0,0.0,0,0,278059
297637,2018,2,0,0,0.0,0,0,279231
297693,2018,2,0,0,0.0,0,0,286551
297705,2018,2,0,0,0.0,0,0,287266
297711,2018,2,0,0,0.0,0,0,746772
297734,2018,4,0,0,0.0,0,0,917610
297768,2018,4,0,0,0.0,0,0,160135
297776,2018,3,0,0,0.0,0,0,704270
297780,2018,2,0,0,0.0,0,0,295412
297798,2018,2,0,0,0.0,0,0,297427
297836,2018,2,0,0,0.0,0,0,300376
297880,2018,2,0,0,0.0,0,0,304870
297901,2018,2,0,0,0.0,0,0,306708
297906,2018,2,0,0,0.0,0,0,307159
297944,2018,2,0,0,0.0,0,0,311946
297977,2018,2,0,0,0.0,0,0,314558
298009,2018,2,0,0,0.0,0,0,318654
298020,2018,2,0,0,0.0,0,0,319664
298027,2018,2,0,0,0.0,0,0,320414
298072,2018,2,0,0,0.0,0,0,325367
298099,2018,2,0,0,0.0,0,0,300870
298101,2018,2,0,0,0.0,0,0,328349
298122,2018,2,0,0,0.0,0,0,330464
298171,2018,2,0,0,0.0,0,0,336341
298217,2018,2,0,0,0.0,0,0,341728
298257,2018,4,0,0,0.0,0,0,519726
298258,2018,4,0,0,0.0,0,0,550769
298291,2018,2,0,0,0.0,0,0,348718
298309,2018,2,0,0,0.0,0,0,350692
298335,2018,2,0,0,0.0,0,0,353128
298382,2018,2,0,0,0.0,0,0,358039
298388,2018,2,0,0,0.0,0,0,358586
298404,2018,2,0,0,0.0,0,0,360902
298441,2018,2,0,0,0.0,0,0,365451
298442,2018,2,0,0,0.0,0,0,365557
298443,2018,2,0,0,0.0,0,0,365619
298535,2018,2,0,0,0.0,0,0,375162
298573,2018,2,0,0,0.0,0,0,379238
298577,2018,2,0,0,0.0,0,0,721688
298633,2018,2,0,0,0.0,0,0,385593
298676,2018,2,0,0,0.0,0,0,390480
298677,2018,2,0,0,0.0,0,0,390546
298690,2018,2,0,0,0.0,0,0,391611
298701,2018,2,0,0,0.0,0,0,392619
298773,2018,4,0,0,0.0,0,0,528363
298808,2018,2,0,0,0.0,0,0,403052
298811,2018,2,0,0,0.0,0,0,403529
298812,2018,2,0,0,0.0,0,0,403529
298852,2018,2,0,0,0.0,0,0,407999
298854,2018,2,0,0,0.0,0,0,408134
298857,2018,2,0,0,0.0,0,0,408347
298894,2018,2,0,0,0.0,0,0,411715
298906,2018,2,0,0,0.0,0,0,127882
298938,2018,4,0,0,0.0,0,0,661502
298946,2018,2,0,0,0.0,0,0,417904
298962,2018,2,0,0,0.0,0,0,419661
298973,2018,3,0,0,0.0,0,0,527194
299000,2018,2,0,0,0.0,0,0,424027
299014,2018,2,0,0,0.0,0,0,425445
299021,2018,2,0,0,0.0,0,0,426124
299022,2018,2,0,0,0.0,0,0,426141
299052,2018,2,0,0,0.0,0,0,428826
299077,2018,2,0,0,0.0,0,0,431187
299111,2018,2,0,0,0.0,0,0,434620
299130,2018,2,0,0,0.0,0,0,436318
299144,2018,2,0,0,0.0,0,0,438199
299145,2018,2,0,0,0.0,0,0,438263
299190,2018,2,0,0,0.0,0,0,442695
299193,2018,2,0,0,0.0,0,0,240476
299199,2018,2,0,0,0.0,0,0,443970
299214,2018,2,0,0,0.0,0,0,445073
299224,2018,2,0,0,0.0,0,0,445427
299247,2018,2,0,0,0.0,0,0,447962
299300,2018,2,0,0,0.0,0,0,453971
299322,2018,2,0,0,0.0,0,0,466865
299324,2018,2,0,0,0.0,0,0,455941
299341,2018,2,0,0,0.0,0,0,457716
299347,2018,2,0,0,0.0,0,0,458614
299364,2018,2,0,0,0.0,0,0,461199
299372,2018,2,0,0,0.0,0,0,462497
299375,2018,2,0,0,0.0,0,0,462663
299394,2018,2,0,0,0.0,0,0,464471
299405,2018,2,0,0,0.0,0,0,465476
299418,2018,2,0,0,0.0,0,0,466384
299421,2018,2,0,0,0.0,0,0,467139
299433,2018,2,0,0,0.0,0,0,467945
299480,2018,2,0,0,0.0,0,0,472532
299485,2018,2,0,0,0.0,0,0,472787
299514,2018,2,0,0,0.0,0,0,130368
299517,2018,2,0,0,0.0,0,0,476273
299518,2018,2,0,0,0.0,0,0,476371
299525,2018,2,0,0,0.0,0,0,478050
299552,2018,2,0,0,0.0,0,0,481293
299565,2018,2,0,0,0.0,0,0,482424
299566,2018,2,0,0,0.0,0,0,482528
299605,2018,2,0,0,0.0,0,0,485705
299609,2018,2,0,0,0.0,0,0,485795
299620,2018,2,0,0,0.0,0,0,487027
299636,2018,2,0,0,0.0,0,0,488346
299644,2018,2,0,0,0.0,0,0,387523
299652,2018,2,0,0,0.0,0,0,489842
299661,2018,2,0,0,0.0,0,0,491253
299698,2018,2,0,0,0.0,0,0,496357
299781,2018,2,0,0,0.0,0,0,504860
299787,2018,2,0,0,0.0,0,0,505522
299803,2018,2,0,0,0.0,0,0,508080
299815,2018,2,0,0,0.0,0,0,509513
299848,2018,2,0,0,0.0,0,0,512471
299857,2018,2,0,0,0.0,0,0,513246
299926,2018,2,0,0,0.0,0,0,519726
299990,2018,2,0,0,0.0,0,0,528074
299994,2018,2,0,0,0.0,0,0,528229
300014,2018,2,0,0,0.0,0,0,342407
300051,2018,4,0,0,0.0,0,0,447962
300070,2018,2,0,0,0.0,0,0,535852
300082,2017,2,0,0,0.0,0,0,602068
300086,2018,2,0,0,0.0,0,0,537387
300090,2017,5,0,0,0.0,0,0,602068
300094,2018,2,0,0,0.0,0,0,538308
300105,2017,6,0,0,0.0,0,0,602068
300107,2017,7,0,0,0.0,0,0,602068
300117,2018,2,0,0,0.0,0,0,540836
300130,2017,10,0,0,0.0,0,0,602068
300133,2018,2,0,0,0.0,0,0,542893
300140,2018,2,0,0,0.0,0,0,543599
300143,2018,1,0,0,0.0,0,0,602068
300147,2018,2,0,0,0.0,0,0,544690
300153,2018,3,0,0,0.0,0,0,602068
300159,2018,4,0,0,0.0,0,0,602068
300168,2018,2,0,0,0.0,0,0,546665
300171,2018,5,0,0,0.0,0,0,602068
300172,2018,2,0,0,0.0,0,0,547217
300184,2018,6,0,0,0.0,0,0,602068
300190,2018,7,0,0,0.0,0,0,602068
300193,2018,8,0,0,0.0,0,0,602068
300198,2018,2,0,0,0.0,0,0,549862
300199,2018,9,0,0,0.0,0,0,602068
300203,2018,2,0,0,0.0,0,0,550262
300218,2018,10,0,0,0.0,0,0,602068
300222,2018,11,0,0,0.0,0,0,602068
300226,2018,2,0,0,0.0,0,0,552328
300231,2018,12,0,0,0.0,0,0,602068
300239,2018,2,0,0,0.0,0,0,553936
300243,2018,2,0,0,0.0,0,0,554104
300274,2018,2,0,0,0.0,0,0,558097
300301,2018,2,0,0,0.0,0,0,561481
300314,2018,2,0,0,0.0,0,0,562501
300332,2018,2,0,0,0.0,0,0,564813
300336,2018,2,0,0,0.0,0,0,565008
300339,2018,2,0,0,0.0,0,0,565074
300342,2018,2,0,0,0.0,0,0,565452
300358,2018,2,0,0,0.0,0,0,567070
300362,2018,2,0,0,0.0,0,0,567219
300377,2018,2,0,0,0.0,0,0,568880
300393,2018,2,0,0,0.0,0,0,571169
300402,2018,2,0,0,0.0,0,0,572062
300423,2018,2,0,0,0.0,0,0,573830
300431,2018,3,0,0,0.0,0,0,702542
300472,2018,2,0,0,0.0,0,0,577405
300490,2018,2,0,0,0.0,0,0,579424
300492,2018,2,0,0,0.0,0,0,579581
300522,2018,2,0,0,0.0,0,0,582690
300610,2018,2,0,0,0.0,0,0,593252
300614,2018,2,0,0,0.0,0,0,903797
300628,2018,2,0,0,0.0,0,0,595083
300644,2018,2,0,0,0.0,0,0,596173
300648,2018,2,0,0,0.0,0,0,596390
300649,2018,2,0,0,0.0,0,0,596586
300661,2018,2,0,0,0.0,0,0,597897
300680,2018,2,0,0,0.0,0,0,600785
300685,2018,2,0,0,0.0,0,0,600923
300687,2018,2,0,0,0.0,0,0,601597
300698,2018,2,0,0,0.0,0,0,602694
300713,2018,2,0,0,0.0,0,0,604039
300759,2018,2,0,0,0.0,0,0,609072
300761,2018,2,0,0,0.0,0,0,609532
300791,2018,2,0,0,0.0,0,0,612510
300816,2018,2,0,0,0.0,0,0,614810
300818,2018,2,0,0,0.0,0,0,615214
300836,2018,2,0,0,0.0,0,0,616611
300840,2018,2,0,0,0.0,0,0,617099
300846,2018,2,0,0,0.0,0,0,617960
300860,2018,4,0,0,0.0,0,0,511053
300889,2018,2,0,0,0.0,0,0,621940
300898,2018,2,0,0,0.0,0,0,622801
300907,2018,2,0,0,0.0,0,0,623341
300927,2018,2,0,0,0.0,0,0,626217
300935,2018,2,0,0,0.0,0,0,627244
300938,2018,2,0,0,0.0,0,0,627502
300951,2018,2,0,0,0.0,0,0,628452
300963,2018,2,0,0,0.0,0,0,756791
300964,2018,2,0,0,0.0,0,0,629966
300966,2018,3,0,0,0.0,0,0,601597
300985,2018,3,0,0,0.0,0,0,861058
300997,2018,2,0,0,0.0,0,0,633490
301024,2018,2,0,0,0.0,0,0,636505
301033,2018,2,0,0,0.0,0,0,637687
301040,2018,2,0,0,0.0,0,0,638495
301048,2018,4,0,0,0.0,0,0,937645
301058,2018,2,0,0,0.0,0,0,640244
301070,2018,2,0,0,0.0,0,0,642031
301073,2018,2,0,0,0.0,0,0,642247
301075,2018,2,0,0,0.0,0,0,642409
301088,2018,2,0,0,0.0,0,0,644163
301096,2018,2,0,0,0.0,0,0,644786
301145,2018,2,0,0,0.0,0,0,650445
301149,2018,2,0,0,0.0,0,0,650621
301184,2018,2,0,0,0.0,0,0,653890
301185,2018,2,0,0,0.0,0,0,654073
301201,2018,2,0,0,0.0,0,0,656572
301203,2018,2,0,0,0.0,0,0,656942
301217,2018,2,0,0,0.0,0,0,659536
301227,2018,2,0,0,0.0,0,0,660436
301252,2018,2,0,0,0.0,0,0,663641
301257,2018,2,0,0,0.0,0,0,664008
301308,2018,2,0,0,0.0,0,0,668959
301318,2018,3,0,0,0.0,0,0,838634
301327,2018,2,0,0,0.0,0,0,671534
301329,2018,2,0,0,0.0,0,0,671906
301335,2018,2,0,0,0.0,0,0,672391
301341,2018,2,0,0,0.0,0,0,672893
301376,2018,4,0,0,0.0,0,0,327972
301392,2018,2,0,0,0.0,0,0,677704
301412,2018,2,0,0,0.0,0,0,679414
301420,2018,3,0,0,0.0,0,0,684155
301471,2018,2,0,0,0.0,0,0,684934
301491,2018,2,0,0,0.0,0,0,687463
301549,2018,4,0,0,0.0,0,0,857814
301564,2018,2,0,0,0.0,0,0,695428
301570,2018,2,0,0,0.0,0,0,695878
301583,2018,2,0,0,0.0,0,0,697272
301621,2018,2,0,0,0.0,0,0,701732
301624,2018,2,0,0,0.0,0,0,702147
301626,2018,2,0,0,0.0,0,0,702284
301628,2018,2,0,0,0.0,0,0,702406
301647,2018,2,0,0,0.0,0,0,703882
301651,2018,2,0,0,0.0,0,0,704149
301680,2018,2,0,0,0.0,0,0,707470
301693,2018,2,0,0,0.0,0,0,708343
301702,2018,2,0,0,0.0,0,0,709415
301712,2018,2,0,0,0.0,0,0,710003
301713,2018,2,0,0,0.0,0,0,710003
301766,2018,2,0,0,0.0,0,0,716785
301772,2018,2,0,0,0.0,0,0,717632
301825,2018,2,0,0,0.0,0,0,723969
301840,2018,2,0,0,0.0,0,0,726139
301861,2018,2,0,0,0.0,0,0,728486
301881,2018,2,0,0,0.0,0,0,730561
301914,2018,2,0,0,0.0,0,0,733907
301916,2018,2,0,0,0.0,0,0,734226
301925,2018,2,0,0,0.0,0,0,735263
301932,2018,2,0,0,0.0,0,0,736258
301939,2018,2,0,0,0.0,0,0,737451
301981,2018,2,0,0,0.0,0,0,741422
302015,2018,2,0,0,0.0,0,0,744228
302019,2018,2,0,0,0.0,0,0,744528
302020,2018,2,0,0,0.0,0,0,744567
302038,2018,2,0,0,0.0,0,0,745920
302058,2018,2,0,0,0.0,0,0,747609
302081,2018,2,0,0,0.0,0,0,750247
302086,2018,2,0,0,0.0,0,0,750649
302088,2018,2,0,0,0.0,0,0,750710
302092,2018,2,0,0,0.0,0,0,751594
302102,2018,2,0,0,0.0,0,0,752885
302119,2018,2,0,0,0.0,0,0,754539
302153,2018,2,0,0,0.0,0,0,757127
302156,2018,2,0,0,0.0,0,0,809733
302193,2018,2,0,0,0.0,0,0,762117
302249,2018,2,0,0,0.0,0,0,766909
302270,2018,2,0,0,0.0,0,0,768072
302280,2018,4,0,0,0.0,0,0,457716
302297,2018,2,0,0,0.0,0,0,771056
302355,2018,2,0,0,0.0,0,0,776736
302434,2018,2,0,0,0.0,0,0,784787
302533,2018,2,0,0,0.0,0,0,795230
302545,2018,2,0,0,0.0,0,0,730246
302591,2018,4,0,0,0.0,0,0,379120
302599,2018,4,0,0,0.0,0,0,233969
302615,2018,2,0,0,0.0,0,0,802425
302624,2018,2,0,0,0.0,0,0,803084
302627,2018,2,0,0,0.0,0,0,803252
302655,2018,2,0,0,0.0,0,0,807058
302658,2018,2,0,0,0.0,0,0,807211
302683,2018,2,0,0,0.0,0,0,810581
302706,2018,3,0,0,0.0,0,0,671534
302708,2018,2,0,0,0.0,0,0,813352
302735,2018,2,0,0,0.0,0,0,817456
302739,2018,2,0,0,0.0,0,0,817851
302745,2018,2,0,0,0.0,0,0,818597
302770,2018,2,0,0,0.0,0,0,820344
302772,2018,2,0,0,0.0,0,0,820454
302791,2018,2,0,0,0.0,0,0,822765
302815,2018,2,0,0,0.0,0,0,825484
302818,2018,2,0,0,0.0,0,0,825730
302824,2018,2,0,0,0.0,0,0,826556
302848,2017,10,0,0,0.0,590,106,621940
302853,2018,2,0,0,0.0,0,0,829861
302857,2018,2,0,0,0.0,0,0,830394
302883,2018,2,0,0,0.0,0,0,832597
302887,2018,2,0,0,0.0,0,0,832810
302901,2018,2,0,0,0.0,0,0,833998
302928,2018,2,0,0,0.0,0,0,835796
302938,2017,4,0,0,0.0,583,105,426185
302966,2018,2,0,0,0.0,0,0,839422
303015,2018,2,0,0,0.0,0,0,844477
303054,2018,2,0,0,0.0,0,0,849569
303074,2018,2,0,0,0.0,0,0,851845
303082,2018,2,0,0,0.0,0,0,852323
303102,2018,2,0,0,0.0,0,0,854742
303104,2018,2,0,0,0.0,0,0,855050
303160,2018,2,0,0,0.0,0,0,860602
303161,2018,2,0,0,0.0,521,94,515969
303163,2018,2,0,0,0.0,0,0,861058
303166,2018,2,0,0,0.0,0,0,861330
303169,2018,2,0,0,0.0,0,0,861629
303181,2018,3,0,0,0.0,0,0,867446
303224,2018,2,0,0,0.0,0,0,867446
303241,2018,2,0,0,0.0,0,0,869712
303252,2018,2,0,0,0.0,0,0,128789
303259,2018,2,0,0,0.0,0,0,872335
303287,2018,2,0,0,0.0,0,0,874614
303294,2018,2,0,0,0.0,0,0,875796
303309,2018,2,0,0,0.0,0,0,877152
303317,2018,2,0,0,0.0,0,0,878284
303370,2018,2,0,0,0.0,0,0,883025
303378,2018,2,0,0,0.0,0,0,883349
303398,2018,4,0,0,0.0,0,0,579015
303411,2018,2,0,0,0.0,0,0,886439
303427,2018,2,0,0,0.0,0,0,888357
303439,2018,2,0,0,0.0,0,0,889964
303447,2018,2,0,0,0.0,0,0,890650
303450,2018,2,0,0,0.0,0,0,890882
303467,2018,2,0,0,0.0,0,0,892219
303470,2018,2,0,0,0.0,0,0,892517
303475,2018,2,0,0,0.0,0,0,892797
303487,2018,2,0,0,0.0,0,0,893863
303493,2018,2,0,0,0.0,0,0,894436
303494,2018,2,0,0,0.0,0,0,894620
303502,2018,2,0,0,0.0,0,0,895185
303518,2018,2,0,0,0.0,0,0,896685
303530,2018,2,0,0,0.0,0,0,897734
303552,2018,2,0,0,0.0,0,0,900460
303569,2018,2,0,0,0.0,0,0,901819
303580,2018,1,0,0,0.0,447,80,316793
303595,2018,2,0,0,0.0,0,0,904304
303611,2018,2,0,0,0.0,0,0,905478
303616,2018,2,0,0,0.0,0,0,906178
303623,2018,2,0,0,0.0,0,0,906615
303637,2018,2,0,0,0.0,0,0,908248
303655,2018,2,0,0,0.0,0,0,910373
303674,2018,2,0,0,0.0,0,0,444894
303702,2018,2,0,0,0.0,0,0,916713
303708,2018,2,0,0,0.0,0,0,917610
303715,2018,2,0,0,0.0,0,0,918053
303719,2018,2,0,0,0.0,0,0,918404
303737,2018,2,0,0,0.0,0,0,920162
303767,2018,2,0,0,0.0,0,0,923234
303782,2018,2,0,0,0.0,0,0,924793
303822,2018,2,0,0,0.0,0,0,929231
303825,2018,2,0,0,0.0,0,0,929455
303840,2018,2,0,0,0.0,0,0,931183
303868,2018,2,0,0,0.0,0,0,933968
303927,2018,2,0,0,0.0,0,0,939485
303956,2018,2,0,0,0.0,0,0,942189
303984,2018,2,0,0,0.0,0,0,944506
304005,2018,2,0,0,0.0,0,0,947234
304017,2018,2,0,0,0.0,0,0,948693
304020,2018,4,0,0,0.0,0,0,424540
304033,2018,2,0,0,0.0,0,0,949974
304045,2018,2,0,0,0.0,0,0,950961
304062,2018,2,0,0,0.0,0,0,952955
304065,2018,2,0,0,0.0,0,0,953307
304068,2018,2,0,0,0.0,0,0,953693
304129,2018,2,0,0,0.0,0,0,959453
304184,2018,2,0,0,0.0,0,0,966688
304200,2018,2,0,0,0.0,0,0,968034
304201,2018,2,0,0,0.0,0,0,968225
304206,2018,2,0,0,0.0,0,0,968666
304236,2018,2,0,0,0.0,0,0,971528
304258,2018,2,0,0,0.0,0,0,973407
304261,2018,2,0,0,0.0,0,0,973609
304262,2018,2,0,0,0.0,0,0,973728
304270,2018,4,0,0,0.0,0,0,184924
304291,2018,2,0,0,0.0,0,0,976330
304293,2018,4,0,0,0.0,0,0,983822
304306,2018,2,0,0,0.0,0,0,978712
304316,2018,2,0,0,0.0,0,0,979776
304341,2018,2,0,0,0.0,0,0,983199
304396,2018,2,0,0,0.0,0,0,990918
304419,2018,2,0,0,0.0,0,0,992886
304427,2018,2,0,0,0.0,0,0,994377
304436,2018,2,0,0,0.0,0,0,995404
304451,2018,2,0,0,0.0,0,0,996686
304460,2018,2,0,0,0.0,0,0,997439
304475,2018,2,0,0,0.0,0,0,999460
304533,2018,3,0,0,0.0,0,0,105214
304542,2018,3,0,0,0.0,0,0,106037
304559,2018,3,0,0,0.0,0,0,107487
304560,2018,3,0,0,0.0,0,0,107571
304573,2018,3,0,0,0.0,0,0,109495
304630,2018,3,0,0,0.0,0,0,115198
304664,2018,2,0,0,0.0,0,0,860684
304678,2018,3,0,0,0.0,0,0,120583
304679,2018,3,0,0,0.0,0,0,120613
304701,2018,3,0,0,0.0,0,0,122545
304714,2018,3,0,0,0.0,0,0,123538
304787,2018,3,0,0,0.0,0,0,131257
304789,2018,3,0,0,0.0,0,0,131560
304811,2018,3,0,0,0.0,0,0,134273
304819,2018,3,0,0,0.0,0,0,135421
304825,2018,3,0,0,0.0,0,0,135977
304862,2018,3,0,0,0.0,0,0,138810
304876,2018,3,0,0,0.0,0,0,139600
304879,2018,3,0,0,0.0,0,0,139974
304933,2017,1,0,0,0.0,0,0,617108
304934,2018,3,0,0,0.0,0,0,144977
304946,2017,2,0,0,0.0,0,0,617108
304949,2018,3,0,0,0.0,0,0,147700
304951,2017,3,0,0,0.0,0,0,617108
304971,2018,3,0,0,0.0,0,0,149884
304972,2018,3,0,0,0.0,0,0,149912
304976,2017,5,0,0,0.0,0,0,617108
304990,2017,6,0,0,0.0,0,0,617108
305003,2018,3,0,0,0.0,0,0,153626
305004,2017,9,0,0,0.0,0,0,617108
305007,2017,10,0,0,0.0,0,0,617108
305010,2017,11,0,0,0.0,0,0,617108
305013,2017,12,0,0,0.0,0,0,617108
305015,2018,1,0,0,0.0,0,0,617108
305016,2018,3,0,0,0.0,0,0,155118
305017,2018,2,0,0,0.0,0,0,617108
305028,2018,3,0,0,0.0,0,0,617108
305033,2018,4,0,0,0.0,0,0,625123
305040,2018,4,0,0,0.0,0,0,617108
305041,2018,3,0,0,0.0,0,0,157566
305044,2018,5,0,0,0.0,0,0,617108
305050,2018,6,0,0,0.0,0,0,617108
305054,2018,7,0,0,0.0,0,0,617108
305063,2018,3,0,0,0.0,0,0,160135
305073,2018,8,0,0,0.0,0,0,617108
305074,2018,9,0,0,0.0,0,0,617108
305076,2018,10,0,0,0.0,0,0,617108
305078,2018,11,0,0,0.0,0,0,617108
305084,2018,12,0,0,0.0,0,0,617108
305114,2018,3,0,0,0.0,0,0,164973
305123,2018,3,0,0,0.0,0,0,166037
305143,2018,3,0,0,0.0,0,0,168302
305172,2018,2,0,0,0.0,0,0,145988
305174,2018,3,0,0,0.0,0,0,172162
305225,2018,3,0,0,0.0,0,0,177677
305242,2018,3,0,0,0.0,0,0,180024
305246,2018,3,0,0,0.0,0,0,180219
305252,2018,3,0,0,0.0,0,0,181082
305253,2018,3,0,0,0.0,0,0,181082
305272,2018,3,0,0,0.0,0,0,182785
305289,2018,3,0,0,0.0,0,0,184478
305295,2018,3,0,0,0.0,0,0,184924
305297,2018,3,0,0,0.0,0,0,185013
305318,2018,3,0,0,0.0,0,0,187618
305320,2018,3,0,0,0.0,0,0,187838
305348,2018,3,0,0,0.0,0,0,191917
305358,2018,3,0,0,0.0,0,0,192772
305408,2018,3,0,0,0.0,0,0,198407
305421,2018,3,0,0,0.0,0,0,199493
305439,2018,3,0,0,0.0,0,0,201276
305454,2018,3,0,0,0.0,0,0,202696
305478,2018,3,0,0,0.0,0,0,204343
305488,2018,3,0,0,0.0,0,0,205195
305503,2018,3,0,0,0.0,0,0,207001
305505,2018,3,0,0,0.0,0,0,207110
305518,2018,3,0,0,0.0,0,0,208553
305528,2018,2,0,0,0.0,0,0,756867
305539,2018,3,0,0,0.0,0,0,210755
305553,2018,3,0,0,0.0,0,0,212477
305565,2018,4,0,0,0.0,544,98,901819
305599,2018,3,0,0,0.0,0,0,216937
305641,2018,3,0,0,0.0,0,0,221627
305643,2018,3,0,0,0.0,0,0,221993
305646,2018,4,0,0,0.0,0,0,164034
305651,2018,3,0,0,0.0,0,0,223081
305670,2018,3,0,0,0.0,0,0,225363
305675,2018,3,0,0,0.0,0,0,225746
305692,2018,3,0,0,0.0,0,0,227804
305724,2018,2,0,0,0.0,0,0,811684
305747,2018,3,0,0,0.0,0,0,233969
305767,2018,3,0,0,0.0,0,0,236037
305783,2018,3,0,0,0.0,0,0,238063
305792,2018,2,0,0,0.0,0,0,202358
305804,2018,3,0,0,0.0,0,0,240476
305826,2018,3,0,0,0.0,0,0,242719
305829,2018,3,0,0,0.0,0,0,242839
305836,2018,3,0,0,0.0,0,0,243273
305838,2018,2,0,0,0.0,0,0,448273
305848,2018,3,0,0,0.0,0,0,244721
305873,2018,3,0,0,0.0,0,0,247514
305886,2018,3,0,0,0.0,0,0,248593
305948,2018,4,0,0,0.0,0,0,105214
305976,2018,3,0,0,0.0,0,0,257509
306058,2018,3,0,0,0.0,0,0,265297
306082,2018,3,0,0,0.0,0,0,268414
306097,2018,3,0,0,0.0,0,0,270730
306108,2018,3,0,0,0.0,0,0,271675
306135,2018,3,0,0,0.0,0,0,274141
306159,2018,3,0,0,0.0,0,0,276650
306186,2018,3,0,0,0.0,0,0,278059
306222,2018,3,0,0,0.0,0,0,282259
306234,2018,2,0,0,0.0,0,0,244308
306237,2018,3,0,0,0.0,0,0,283770
306251,2018,3,0,0,0.0,0,0,286065
306257,2018,3,0,0,0.0,0,0,286551
306267,2018,3,0,0,0.0,0,0,287266
306270,2018,4,0,0,0.0,0,0,726139
306274,2018,2,0,0,0.0,0,0,360537
306356,2018,3,0,0,0.0,0,0,297427
306387,2018,3,0,0,0.0,0,0,300376
306430,2018,3,0,0,0.0,0,0,304870
306434,2017,3,0,0,0.0,0,0,623222
306438,2017,4,0,0,0.0,0,0,623222
306446,2017,5,0,0,0.0,0,0,623222
306452,2017,7,0,0,0.0,0,0,623222
306453,2018,3,0,0,0.0,0,0,307159
306457,2017,8,0,0,0.0,0,0,623222
306472,2018,3,0,0,0.0,0,0,309364
306484,2017,10,0,0,0.0,0,0,623222
306509,2018,1,0,0,0.0,0,0,623222
306519,2018,3,0,0,0.0,0,0,314558
306541,2018,3,0,0,0.0,0,0,316793
306549,2018,3,0,0,0.0,0,0,317776
306550,2018,3,0,0,0.0,0,0,317888
306557,2018,4,0,0,0.0,0,0,623222
306570,2018,3,0,0,0.0,0,0,319868
306575,2017,11,0,0,0.0,554,100,409051
306605,2018,3,0,0,0.0,0,0,323720
306626,2018,3,0,0,0.0,0,0,325367
306638,2018,8,0,0,0.0,0,0,623222
306642,2018,9,0,0,0.0,0,0,623222
306662,2018,10,0,0,0.0,0,0,623222
306663,2018,3,0,0,0.0,0,0,327972
306670,2018,3,0,0,0.0,0,0,328349
306672,2018,3,0,0,0.0,0,0,328446
306676,2018,11,0,0,0.0,0,0,623222
306678,2018,12,0,0,0.0,0,0,623222
306681,2018,3,0,0,0.0,0,0,329215
306683,2018,3,0,0,0.0,0,0,329302
306749,2018,3,0,0,0.0,0,0,336037
306753,2018,3,0,0,0.0,0,0,336341
306771,2018,3,0,0,0.0,0,0,338285
306798,2018,3,0,0,0.0,0,0,341728
306803,2018,3,0,0,0.0,0,0,342407
306811,2018,3,0,0,0.0,0,0,342929
306839,2018,3,0,0,0.0,0,0,345908
306844,2018,2,0,0,0.0,0,0,742281
306879,2018,4,0,0,0.0,0,0,270730
306882,2018,3,0,0,0.0,0,0,348718
306913,2018,3,0,0,0.0,0,0,352092
306923,2018,3,0,0,0.0,0,0,353128
306936,2018,3,0,0,0.0,0,0,354464
306963,2018,3,0,0,0.0,0,0,358039
306967,2018,3,0,0,0.0,0,0,358586
307017,2018,3,0,0,0.0,0,0,365619
307112,2018,3,0,0,0.0,0,0,375162
307121,2018,3,0,0,0.0,0,0,375540
307130,2018,3,0,0,0.0,0,0,188147
307231,2018,3,0,0,0.0,0,0,386790
307261,2018,3,0,0,0.0,0,0,390480
307275,2018,2,0,0,0.0,0,0,565991
307364,2018,3,0,0,0.0,0,0,402052
307374,2018,3,0,0,0.0,0,0,403052
307378,2018,3,0,0,0.0,0,0,403529
307379,2018,3,0,0,0.0,0,0,403529
307395,2017,4,0,0,0.0,384,69,900894
307421,2018,3,0,0,0.0,0,0,408134
307423,2018,3,0,0,0.0,0,0,408347
307428,2018,3,0,0,0.0,0,0,408838
307461,2018,3,0,0,0.0,0,0,411715
307505,2017,4,0,0,0.0,461,83,442249
307520,2018,3,0,0,0.0,0,0,417904
307532,2018,3,0,0,0.0,0,0,419661
307540,2018,3,0,0,0.0,0,0,420202
307556,2018,3,0,0,0.0,0,0,421001
307557,2018,4,0,0,0.0,0,0,218917
307566,2018,3,0,0,0.0,0,0,421923
307588,2018,3,0,0,0.0,0,0,424027
307607,2018,3,0,0,0.0,0,0,426141
307632,2018,3,0,0,0.0,0,0,428826
307660,2018,3,0,0,0.0,0,0,431187
307661,2018,3,0,0,0.0,0,0,431201
307693,2018,3,0,0,0.0,0,0,434620
307717,2018,3,0,0,0.0,0,0,436318
307735,2018,3,0,0,0.0,0,0,438199
307780,2018,3,0,0,0.0,0,0,442695
307788,2018,3,0,0,0.0,0,0,443970
307800,2018,3,0,0,0.0,0,0,444894
307803,2018,3,0,0,0.0,0,0,445073
307811,2018,3,0,0,0.0,0,0,445427
307838,2018,3,0,0,0.0,0,0,448142
307840,2018,3,0,0,0.0,0,0,448273
307846,2018,3,0,0,0.0,0,0,448896
307893,2018,3,0,0,0.0,0,0,453971
307897,2018,3,0,0,0.0,0,0,454440
307932,2018,3,0,0,0.0,0,0,458614
307965,2018,3,0,0,0.0,0,0,462497
307966,2018,3,0,0,0.0,0,0,921278
307967,2018,3,0,0,0.0,0,0,462663
307972,2018,4,0,0,0.0,0,0,203033
307983,2018,3,0,0,0.0,0,0,464471
307994,2018,3,0,0,0.0,0,0,465476
308005,2018,3,0,0,0.0,0,0,466384
308009,2018,3,0,0,0.0,0,0,466865
308013,2018,3,0,0,0.0,0,0,467139
308076,2018,3,0,0,0.0,0,0,472787
308102,2018,3,0,0,0.0,0,0,476273
308104,2018,3,0,0,0.0,0,0,476371
308128,2018,2,0,0,0.0,0,0,444365
308144,2018,3,0,0,0.0,0,0,482424
308182,2018,3,0,0,0.0,0,0,485705
308186,2018,3,0,0,0.0,0,0,485795
308195,2018,4,0,0,0.0,0,0,527194
308196,2018,3,0,0,0.0,0,0,487027
308211,2018,3,0,0,0.0,0,0,488346
308237,2018,3,0,0,0.0,0,0,491253
308252,2018,3,0,0,0.0,0,0,492367
308320,2018,3,0,0,0.0,0,0,499128
308330,2018,3,0,0,0.0,0,0,500022
308359,2018,2,0,0,0.0,0,0,511053
308365,2018,4,0,0,0.0,0,0,120613
308388,2018,3,0,0,0.0,0,0,506170
308403,2018,3,0,0,0.0,0,0,508115
308430,2018,3,0,0,0.0,0,0,511342
308436,2018,3,0,0,0.0,0,0,511765
308453,2018,3,0,0,0.0,0,0,513246
308517,2018,3,0,0,0.0,0,0,519726
308582,2018,3,0,0,0.0,0,0,528074
308663,2018,3,0,0,0.0,0,0,535482
308689,2018,3,0,0,0.0,0,0,538308
308717,2018,3,0,0,0.0,0,0,540836
308746,2018,3,0,0,0.0,0,0,543599
308780,2018,3,0,0,0.0,0,0,547217
308826,2018,3,0,0,0.0,0,0,552328
308843,2018,3,0,0,0.0,0,0,553936
308856,2018,3,0,0,0.0,0,0,894620
308861,2018,4,0,0,0.0,0,0,671534
308897,2018,2,0,0,0.0,0,0,667860
308902,2018,3,0,0,0.0,0,0,561481
308918,2018,3,0,0,0.0,0,0,562501
308937,2018,3,0,0,0.0,0,0,564813
308941,2018,3,0,0,0.0,0,0,565008
308942,2018,3,0,0,0.0,0,0,565074
308952,2018,3,0,0,0.0,0,0,566182
308961,2018,2,0,0,0.0,0,0,693494
308967,2018,3,0,0,0.0,0,0,567219
308987,2018,3,0,0,0.0,0,0,568880
309006,2018,3,0,0,0.0,0,0,571169
309019,2018,2,0,0,0.0,0,0,625451
309021,2018,3,0,0,0.0,0,0,572062
309034,2018,4,0,0,0.0,0,0,931183
309044,2018,3,0,0,0.0,0,0,573830
309094,2018,3,0,0,0.0,0,0,577405
309112,2018,3,0,0,0.0,0,0,579424
309188,2018,3,0,0,0.0,0,0,585978
309230,2018,3,0,0,0.0,0,0,590989
309276,2018,3,0,0,0.0,0,0,596173
309281,2018,3,0,0,0.0,0,0,596586
309291,2018,3,0,0,0.0,0,0,597897
309299,2018,3,0,0,0.0,0,0,599372
309313,2018,3,0,0,0.0,0,0,600923
309330,2018,3,0,0,0.0,0,0,602694
309342,2018,3,0,0,0.0,0,0,603775
309344,2018,3,0,0,0.0,0,0,604039
309367,2018,3,0,0,0.0,0,0,605761
309384,2018,3,0,0,0.0,0,0,607662
309454,2018,3,0,0,0.0,0,0,614810
309457,2018,3,0,0,0.0,0,0,615214
309478,2018,3,0,0,0.0,0,0,616611
309482,2018,3,0,0,0.0,0,0,616746
309487,2018,3,0,0,0.0,0,0,617099
309490,2018,3,0,0,0.0,0,0,139863
309535,2018,3,0,0,0.0,0,0,621940
309545,2018,3,0,0,0.0,0,0,622801
309553,2018,3,0,0,0.0,0,0,623341
309556,2018,3,0,0,0.0,0,0,623861
309568,2018,3,0,0,0.0,0,0,625033
309583,2018,3,0,0,0.0,0,0,626217
309593,2018,3,0,0,0.0,0,0,627244
309597,2018,3,0,0,0.0,0,0,627502
309611,2018,3,0,0,0.0,0,0,628452
309626,2018,3,0,0,0.0,0,0,629966
309658,2018,3,0,0,0.0,0,0,633490
309659,2018,2,0,0,0.0,0,0,421923
309671,2018,3,0,0,0.0,0,0,635509
309736,2018,3,0,0,0.0,0,0,642031
309740,2018,3,0,0,0.0,0,0,642247
309741,2018,3,0,0,0.0,0,0,642409
309763,2018,3,0,0,0.0,0,0,644630
309766,2018,4,0,0,0.0,0,0,535852
309812,2018,3,0,0,0.0,0,0,650445
309816,2018,3,0,0,0.0,0,0,650621
309850,2017,1,0,0,0.0,0,0,642401
309858,2018,3,0,0,0.0,0,0,653890
309861,2017,2,0,0,0.0,0,0,642401
309862,2017,3,0,0,0.0,0,0,642401
309863,2017,4,0,0,0.0,0,0,642401
309869,2017,5,0,0,0.0,0,0,642401
309880,2017,6,0,0,0.0,0,0,642401
309885,2018,3,0,0,0.0,0,0,656572
309886,2017,7,0,0,0.0,0,0,642401
309903,2018,3,0,0,0.0,0,0,659536
309927,2018,3,0,0,0.0,0,0,642401
309928,2018,4,0,0,0.0,0,0,642401
309936,2018,5,0,0,0.0,0,0,642401
309937,2018,6,0,0,0.0,0,0,642401
309942,2018,7,0,0,0.0,0,0,642401
309943,2018,3,0,0,0.0,0,0,663641
309946,2018,8,0,0,0.0,0,0,642401
309953,2018,9,0,0,0.0,0,0,642401
309958,2018,10,0,0,0.0,0,0,642401
309976,2018,11,0,0,0.0,0,0,642401
309977,2018,12,0,0,0.0,0,0,642401
309981,2018,3,0,0,0.0,0,0,667262
309993,2018,3,0,0,0.0,0,0,667860
310001,2018,3,0,0,0.0,0,0,668959
310018,2018,3,0,0,0.0,0,0,671906
310024,2018,3,0,0,0.0,0,0,672308
310025,2018,3,0,0,0.0,0,0,672391
310067,2018,3,0,0,0.0,0,0,572811
310092,2018,3,0,0,0.0,0,0,679414
310166,2018,3,0,0,0.0,0,0,684934
310234,2018,3,0,0,0.0,0,0,693295
310237,2018,3,0,0,0.0,0,0,693494
310258,2018,3,0,0,0.0,0,0,695342
310260,2018,3,0,0,0.0,0,0,695428
310326,2018,3,0,0,0.0,0,0,701732
310333,2018,3,0,0,0.0,0,0,702406
310348,2018,3,0,0,0.0,0,0,703882
310364,2018,3,0,0,0.0,0,0,705911
310371,2018,3,0,0,0.0,0,0,706820
310387,2018,3,0,0,0.0,0,0,708258
310397,2018,3,0,0,0.0,0,0,709415
310404,2018,3,0,0,0.0,0,0,710003
310405,2018,3,0,0,0.0,0,0,710003
310438,2018,3,0,0,0.0,0,0,713236
310484,2018,3,0,0,0.0,0,0,717632
310499,2018,3,0,0,0.0,0,0,719383
310545,2018,3,0,0,0.0,0,0,723969
310568,2018,2,0,0,0.0,0,0,528363
310595,2018,3,0,0,0.0,0,0,728486
310610,2018,3,0,0,0.0,0,0,730561
310643,2018,3,0,0,0.0,0,0,733907
310646,2018,3,0,0,0.0,0,0,734226
310661,2018,3,0,0,0.0,0,0,736258
310671,2018,3,0,0,0.0,0,0,737451
310688,2018,3,0,0,0.0,0,0,738459
310711,2018,3,0,0,0.0,0,0,741422
310721,2018,3,0,0,0.0,0,0,742281
310744,2018,3,0,0,0.0,0,0,744228
310783,2018,3,0,0,0.0,0,0,747609
310789,2018,3,0,0,0.0,0,0,747926
310810,2018,3,0,0,0.0,0,0,750247
310816,2018,3,0,0,0.0,0,0,750710
310837,2018,3,0,0,0.0,0,0,752885
310843,2018,3,0,0,0.0,0,0,753637
310881,2018,3,0,0,0.0,0,0,757127
310918,2018,3,0,0,0.0,0,0,762117
310944,2018,3,0,0,0.0,0,0,765293
310963,2018,3,0,0,0.0,0,0,766909
310994,2018,3,0,0,0.0,0,0,770968
311001,2017,1,0,0,0.0,0,0,649487
311003,2017,2,0,0,0.0,0,0,649487
311013,2017,3,0,0,0.0,0,0,649487
311025,2017,4,0,0,0.0,0,0,649487
311026,2017,5,0,0,0.0,0,0,649487
311027,2017,6,0,0,0.0,0,0,649487
311044,2017,11,0,0,0.0,0,0,649487
311065,2018,2,0,0,0.0,0,0,649487
311067,2018,3,0,0,0.0,0,0,649487
311077,2018,4,0,0,0.0,0,0,649487
311079,2018,5,0,0,0.0,0,0,649487
311087,2018,6,0,0,0.0,0,0,649487
311098,2018,2,0,0,0.0,0,0,671849
311103,2018,7,0,0,0.0,0,0,649487
311104,2018,8,0,0,0.0,0,0,649487
311112,2018,3,0,0,0.0,0,0,784787
311113,2018,9,0,0,0.0,0,0,649487
311115,2018,4,0,0,0.0,0,0,525548
311123,2018,10,0,0,0.0,0,0,649487
311126,2018,11,0,0,0.0,0,0,649487
311127,2018,12,0,0,0.0,0,0,649487
311158,2018,3,0,0,0.0,0,0,789573
311204,2018,4,0,0,0.0,0,0,925385
311235,2018,2,0,0,0.0,0,0,420202
311257,2018,3,0,0,0.0,0,0,799781
311288,2018,4,0,0,0.0,0,0,994877
311295,2018,3,0,0,0.0,0,0,803084
311297,2018,3,0,0,0.0,0,0,803252
311330,2018,3,0,0,0.0,0,0,807058
311334,2018,3,0,0,0.0,0,0,807211
311346,2018,3,0,0,0.0,0,0,808353
311373,2018,3,0,0,0.0,0,0,811684
311378,2018,4,0,0,0.0,0,0,981536
311382,2018,3,0,0,0.0,0,0,813352
311407,2018,3,0,0,0.0,0,0,817456
311427,2018,3,0,0,0.0,0,0,819809
311433,2018,3,0,0,0.0,0,0,820344
311435,2018,3,0,0,0.0,0,0,820454
311456,2018,3,0,0,0.0,0,0,822956
311482,2018,3,0,0,0.0,0,0,825730
311487,2018,3,0,0,0.0,0,0,826304
311489,2018,3,0,0,0.0,0,0,826556
311503,2018,2,0,0,0.0,0,0,379120
311519,2018,3,0,0,0.0,0,0,829861
311522,2018,3,0,0,0.0,0,0,830385
311523,2018,3,0,0,0.0,0,0,830394
311530,2018,3,0,0,0.0,0,0,831180
311549,2018,3,0,0,0.0,0,0,832665
311550,2018,3,0,0,0.0,0,0,832810
311568,2018,3,0,0,0.0,0,0,833998
311579,2018,3,0,0,0.0,0,0,834799
311647,2018,3,0,0,0.0,0,0,842390
311660,2018,3,0,0,0.0,0,0,844477
311693,2018,2,0,0,0.0,0,0,264486
311694,2018,3,0,0,0.0,0,0,849569
311708,2018,12,0,0,0.0,413,74,455941
311709,2018,3,0,0,0.0,0,0,851845
311713,2018,3,0,0,0.0,0,0,851986
311722,2018,4,0,0,0.0,343,62,191917
311734,2018,2,0,0,0.0,0,0,645081
311738,2018,3,0,0,0.0,0,0,854742
311741,2018,3,0,0,0.0,0,0,855050
311750,2018,2,0,0,0.0,310,56,175249
311753,2018,3,0,0,0.0,0,0,856406
311769,2018,2,0,0,0.0,0,0,908120
311773,2018,11,0,0,0.0,330,59,330464
311774,2018,3,0,0,0.0,0,0,857814
311812,2018,3,0,0,0.0,0,0,861330
311815,2018,3,0,0,0.0,0,0,861629
311817,2018,3,0,0,0.0,0,0,861700
311892,2018,3,0,0,0.0,0,0,869712
311948,2018,3,0,0,0.0,0,0,875796
311963,2018,3,0,0,0.0,0,0,877152
311969,2018,3,0,0,0.0,0,0,877603
311975,2018,3,0,0,0.0,0,0,878284
311983,2018,2,0,0,0.0,0,0,603775
312016,2017,1,0,0,0.0,0,0,654433
312025,2018,3,0,0,0.0,0,0,883025
312030,2018,3,0,0,0.0,0,0,883349
312031,2017,1,0,0,0.0,0,0,654433
312033,2017,2,0,0,0.0,0,0,654433
312034,2018,4,0,0,0.0,0,0,246187
312042,2017,2,0,0,0.0,0,0,654433
312044,2017,3,0,0,0.0,0,0,654433
312047,2017,3,0,0,0.0,0,0,654433
312055,2017,4,0,0,0.0,0,0,654433
312062,2018,3,0,0,0.0,0,0,886299
312064,2018,4,0,0,0.0,0,0,842390
312077,2017,4,0,0,0.0,0,0,654433
312083,2017,5,0,0,0.0,0,0,654433
312086,2017,5,0,0,0.0,0,0,654433
312087,2017,6,0,0,0.0,0,0,654433
312089,2017,6,0,0,0.0,0,0,654433
312092,2018,3,0,0,0.0,0,0,889964
312094,2017,7,0,0,0.0,0,0,654433
312098,2018,3,0,0,0.0,0,0,890650
312102,2018,3,0,0,0.0,0,0,890882
312116,2018,3,0,0,0.0,0,0,892517
312130,2017,7,0,0,0.0,0,0,654433
312134,2017,8,0,0,0.0,0,0,654433
312137,2018,3,0,0,0.0,0,0,894436
312138,2017,8,0,0,0.0,0,0,654433
312153,2018,3,0,0,0.0,0,0,896651
312154,2018,3,0,0,0.0,0,0,896685
312161,2017,9,0,0,0.0,0,0,654433
312164,2018,3,0,0,0.0,0,0,897734
312167,2017,9,0,0,0.0,0,0,654433
312171,2017,10,0,0,0.0,0,0,654433
312180,2018,3,0,0,0.0,0,0,900460
312182,2018,4,0,0,0.0,0,0,774321
312192,2018,3,0,0,0.0,0,0,901819
312201,2018,1,0,0,0.0,0,0,654433
312208,2018,3,0,0,0.0,0,0,903209
312220,2018,3,0,0,0.0,0,0,654433
312228,2018,3,0,0,0.0,0,0,905478
312235,2018,3,0,0,0.0,0,0,906615
312241,2018,3,0,0,0.0,0,0,907038
312247,2018,4,0,0,0.0,0,0,107487
312251,2018,3,0,0,0.0,0,0,908248
312259,2018,5,0,0,0.0,0,0,654433
312265,2018,5,0,0,0.0,0,0,654433
312271,2018,3,0,0,0.0,0,0,910373
312279,2018,2,0,0,0.0,0,0,628431
312285,2018,6,0,0,0.0,0,0,654433
312310,2018,6,0,0,0.0,0,0,654433
312313,2018,3,0,0,0.0,0,0,966204
312315,2018,7,0,0,0.0,0,0,654433
312319,2018,7,0,0,0.0,0,0,654433
312324,2018,8,0,0,0.0,0,0,654433
312332,2018,3,0,0,0.0,0,0,916713
312339,2018,8,0,0,0.0,0,0,654433
312347,2018,3,0,0,0.0,0,0,918404
312362,2018,3,0,0,0.0,0,0,920162
312374,2018,9,0,0,0.0,0,0,654433
312376,2018,9,0,0,0.0,0,0,654433
312382,2018,3,0,0,0.0,0,0,922000
312392,2018,10,0,0,0.0,0,0,654433
312398,2018,3,0,0,0.0,0,0,923959
312410,2018,3,0,0,0.0,0,0,925385
312441,2018,10,0,0,0.0,0,0,654433
312444,2018,3,0,0,0.0,0,0,929231
312445,2018,3,0,0,0.0,0,0,929455
312462,2018,3,0,0,0.0,0,0,931183
312464,2018,11,0,0,0.0,0,0,654433
312491,2018,11,0,0,0.0,0,0,654433
312493,2018,12,0,0,0.0,0,0,654433
312506,2018,12,0,0,0.0,0,0,654433
312523,2018,4,0,0,0.0,0,0,414164
312536,2018,3,0,0,0.0,0,0,939238
312540,2018,3,0,0,0.0,0,0,939485
312562,2018,3,0,0,0.0,0,0,942189
312583,2018,3,0,0,0.0,0,0,944506
312604,2018,3,0,0,0.0,0,0,947234
312613,2018,3,0,0,0.0,0,0,947876
312618,2018,3,0,0,0.0,0,0,948693
312629,2018,3,0,0,0.0,0,0,949974
312634,2018,3,0,0,0.0,0,0,950336
312642,2018,3,0,0,0.0,0,0,950961
312660,2018,3,0,0,0.0,0,0,952955
312664,2018,3,0,0,0.0,0,0,953307
312720,2018,3,0,0,0.0,0,0,959453
312721,2018,3,0,0,0.0,0,0,959728
312767,2018,2,0,0,0.0,0,0,406254
312768,2018,2,0,0,0.0,0,0,511472
312788,2018,3,0,0,0.0,0,0,966688
312807,2018,3,0,0,0.0,0,0,968034
312836,2018,3,0,0,0.0,0,0,970746
312862,2018,3,0,0,0.0,0,0,973407
312863,2018,3,0,0,0.0,0,0,973609
312891,2018,3,0,0,0.0,0,0,976330
312907,2018,3,0,0,0.0,0,0,978712
312918,2018,3,0,0,0.0,0,0,979644
312926,2018,3,0,0,0.0,0,0,980952
312955,2018,3,0,0,0.0,0,0,983199
313054,2018,3,0,0,0.0,0,0,992886
313055,2018,4,0,0,0.0,0,0,771035
313063,2018,3,0,0,0.0,0,0,994377
313071,2018,3,0,0,0.0,0,0,995404
313087,2018,3,0,0,0.0,0,0,997189
313105,2018,3,0,0,0.0,0,0,999460
313128,2018,4,0,0,0.0,0,0,101540
313180,2018,4,0,0,0.0,0,0,106776
313188,2018,4,0,0,0.0,0,0,107571
313255,2018,4,0,0,0.0,0,0,115198
313269,2018,4,0,0,0.0,0,0,116735
313306,2018,4,0,0,0.0,0,0,120583
313317,2018,4,0,0,0.0,0,0,121856
313338,2018,4,0,0,0.0,0,0,123538
313370,2018,4,0,0,0.0,0,0,760061
313397,2018,4,0,0,0.0,0,0,128789
313402,2018,3,0,0,0.0,0,0,609532
313453,2018,3,0,0,0.0,0,0,438641
313456,2018,4,0,0,0.0,0,0,135312
313460,2018,3,0,0,0.0,0,0,535944
313498,2018,4,0,0,0.0,0,0,138810
313508,2018,4,0,0,0.0,0,0,139600
313511,2018,4,0,0,0.0,0,0,139974
313569,2018,4,0,0,0.0,0,0,146037
313599,2018,4,0,0,0.0,0,0,605761
313600,2018,4,0,0,0.0,0,0,149912
313630,2018,4,0,0,0.0,0,0,153626
313633,2018,4,0,0,0.0,0,0,153884
313663,2018,4,0,0,0.0,0,0,157566
313682,2018,2,0,0,0.0,0,0,579015
313723,2018,4,0,0,0.0,0,0,163608
313741,2018,4,0,0,0.0,0,0,164973
313742,2018,4,0,0,0.0,0,0,165019
313747,2018,4,0,0,0.0,0,0,165443
313748,2018,4,0,0,0.0,0,0,929980
313777,2018,4,0,0,0.0,0,0,168302
313783,2018,4,0,0,0.0,0,0,169129
313786,2018,4,0,0,0.0,0,0,169247
313803,2018,4,0,0,0.0,0,0,170585
313815,2018,4,0,0,0.0,0,0,172162
313849,2018,4,0,0,0.0,0,0,175249
313866,2018,4,0,0,0.0,0,0,177677
313887,2018,4,0,0,0.0,0,0,180024
313894,2018,4,0,0,0.0,0,0,181082
313895,2018,4,0,0,0.0,0,0,181082
313944,2018,4,0,0,0.0,0,0,185013
313946,2018,4,0,0,0.0,0,0,185285
313959,2018,4,0,0,0.0,0,0,186593
313968,2018,4,0,0,0.0,0,0,187618
313970,2018,4,0,0,0.0,0,0,187838
314007,2018,4,0,0,0.0,0,0,192772
314011,2018,3,0,0,0.0,0,0,284610
314049,2018,4,0,0,0.0,0,0,198407
314058,2018,4,0,0,0.0,0,0,199493
314082,2018,4,0,0,0.0,0,0,201276
314087,2018,4,0,0,0.0,0,0,201683
314122,2018,4,0,0,0.0,0,0,205195
314145,2018,4,0,0,0.0,0,0,208553
314184,2018,4,0,0,0.0,0,0,212477
314221,2018,4,0,0,0.0,0,0,216937
314267,2018,4,0,0,0.0,0,0,221627
314277,2018,4,0,0,0.0,0,0,223081
314303,2018,4,0,0,0.0,0,0,225363
314308,2018,4,0,0,0.0,0,0,225746
314328,2018,4,0,0,0.0,0,0,228673
314339,2018,4,0,0,0.0,0,0,229436
314341,2018,3,0,0,0.0,0,0,412402
314354,2017,5,0,0,0.0,399,72,804521
314396,2018,4,0,0,0.0,0,0,236037
314403,2018,4,0,0,0.0,0,0,237274
314411,2018,11,0,0,0.0,339,61,883025
314412,2018,4,0,0,0.0,0,0,238063
314433,2018,3,0,0,0.0,0,0,726139
314457,2018,4,0,0,0.0,0,0,242719
314460,2018,4,0,0,0.0,0,0,242839
314465,2018,4,0,0,0.0,0,0,243061
314468,2018,4,0,0,0.0,0,0,243273
314484,2018,4,0,0,0.0,0,0,244721
314553,2018,4,0,0,0.0,0,0,265557
314595,2018,4,0,0,0.0,0,0,256486
314606,2018,4,0,0,0.0,0,0,257509
314644,2018,4,0,0,0.0,0,0,261964
314658,2018,4,0,0,0.0,0,0,263127
314681,2018,4,0,0,0.0,0,0,265297
314710,2018,4,0,0,0.0,0,0,268414
314719,2018,4,0,0,0.0,0,0,269565
314750,2018,2,0,0,0.0,0,0,149912
314760,2018,4,0,0,0.0,0,0,273984
314763,2018,4,0,0,0.0,0,0,274141
314774,2018,4,0,0,0.0,0,0,274879
314789,2018,4,0,0,0.0,0,0,277091
314808,2018,4,0,0,0.0,0,0,278059
314822,2018,3,0,0,0.0,0,0,130368
314840,2018,4,0,0,0.0,0,0,281979
314870,2018,4,0,0,0.0,0,0,567070
314884,2018,4,0,0,0.0,0,0,287266
314889,2018,4,0,0,0.0,0,0,656942
314935,2018,2,0,0,0.0,0,0,412995
314942,2018,4,0,0,0.0,0,0,295302
314960,2018,4,0,0,0.0,0,0,297427
314991,2018,4,0,0,0.0,0,0,300376
315034,2018,4,0,0,0.0,0,0,304870
315058,2018,4,0,0,0.0,0,0,306708
315063,2018,4,0,0,0.0,0,0,307159
315117,2018,4,0,0,0.0,0,0,892797
315144,2018,4,0,0,0.0,0,0,314558
315169,2018,4,0,0,0.0,0,0,317776
315170,2018,4,0,0,0.0,0,0,317888
315172,2018,4,0,0,0.0,0,0,318264
315183,2018,4,0,0,0.0,0,0,693295
315190,2018,4,0,0,0.0,0,0,319868
315192,2018,4,0,0,0.0,0,0,193665
315238,2018,4,0,0,0.0,0,0,325367
315271,2018,4,0,0,0.0,0,0,328349
315292,2018,4,0,0,0.0,0,0,330464
315306,2018,4,0,0,0.0,0,0,331325
315307,2018,4,0,0,0.0,0,0,331598
315331,2018,9,0,0,0.0,409,74,875796
315334,2018,2,0,0,0.0,0,0,277091
315351,2018,4,0,0,0.0,0,0,336341
315402,2018,4,0,0,0.0,0,0,341728
315407,2018,4,0,0,0.0,0,0,342407
315408,2018,4,0,0,0.0,0,0,342527
315436,2018,4,0,0,0.0,0,0,345615
315454,2017,3,0,0,0.0,0,0,665373
315473,2018,4,0,0,0.0,0,0,348718
315480,2018,4,0,0,0.0,0,0,166037
315492,2017,6,0,0,0.0,0,0,665373
315498,2018,4,0,0,0.0,0,0,350692
315512,2017,7,0,0,0.0,0,0,665373
315520,2017,8,0,0,0.0,0,0,665373
315521,2017,9,0,0,0.0,0,0,665373
315531,2017,10,0,0,0.0,0,0,665373
315535,2017,11,0,0,0.0,0,0,665373
315541,2017,12,0,0,0.0,0,0,665373
315543,2018,1,0,0,0.0,0,0,665373
315547,2018,2,0,0,0.0,0,0,665373
315554,2018,3,0,0,0.0,0,0,665373
315562,2018,2,0,0,0.0,0,0,678243
315571,2018,4,0,0,0.0,0,0,358039
315572,2018,4,0,0,0.0,0,0,665373
315578,2018,4,0,0,0.0,0,0,358586
315590,2018,5,0,0,0.0,0,0,665373
315609,2018,6,0,0,0.0,0,0,665373
315619,2018,7,0,0,0.0,0,0,665373
315623,2018,8,0,0,0.0,0,0,665373
315630,2018,9,0,0,0.0,0,0,665373
315632,2018,10,0,0,0.0,0,0,665373
315636,2018,4,0,0,0.0,0,0,365451
315638,2018,4,0,0,0.0,0,0,365557
315644,2018,4,0,0,0.0,0,0,366133
315650,2018,11,0,0,0.0,0,0,665373
315656,2018,12,0,0,0.0,0,0,665373
315703,2018,4,0,0,0.0,0,0,371368
315731,2018,4,0,0,0.0,0,0,832665
315745,2018,4,0,0,0.0,0,0,375162
315778,2018,4,0,0,0.0,0,0,546665
315828,2018,4,0,0,0.0,0,0,384328
315853,2018,4,0,0,0.0,0,0,386790
315889,2018,4,0,0,0.0,0,0,390480
315910,2018,4,0,0,0.0,0,0,392619
315966,2018,4,0,0,0.0,0,0,397817
316002,2018,4,0,0,0.0,0,0,402052
316007,2018,4,0,0,0.0,0,0,402964
316008,2018,4,0,0,0.0,0,0,403052
316016,2018,4,0,0,0.0,0,0,403529
316017,2018,4,0,0,0.0,0,0,403529
316040,2018,4,0,0,0.0,0,0,406254
316065,2018,4,0,0,0.0,0,0,408134
316068,2018,4,0,0,0.0,0,0,408347
316072,2018,4,0,0,0.0,0,0,408838
316109,2018,4,0,0,0.0,0,0,411715
316164,2018,4,0,0,0.0,0,0,417904
316166,2018,2,0,0,0.0,0,0,131560
316177,2018,4,0,0,0.0,0,0,419661
316192,2018,4,0,0,0.0,0,0,421001
316193,2018,4,0,0,0.0,0,0,421191
316202,2018,4,0,0,0.0,0,0,421923
316225,2018,4,0,0,0.0,0,0,424027
316229,2018,3,0,0,0.0,0,0,664008
316248,2018,4,0,0,0.0,0,0,426141
316249,2018,4,0,0,0.0,0,0,426185
316277,2018,4,0,0,0.0,0,0,428826
316303,2018,4,0,0,0.0,0,0,431187
316304,2018,4,0,0,0.0,0,0,431201
316338,2018,4,0,0,0.0,0,0,434620
316359,2018,4,0,0,0.0,0,0,436318
316374,2018,4,0,0,0.0,0,0,438263
316427,2018,4,0,0,0.0,0,0,442695
316435,2018,4,0,0,0.0,0,0,443970
316438,2018,4,0,0,0.0,0,0,444092
316461,2018,4,0,0,0.0,0,0,445427
316475,2018,4,0,0,0.0,0,0,446991
316518,2018,4,0,0,0.0,0,0,453448
316522,2018,4,0,0,0.0,0,0,453971
316531,2018,3,0,0,0.0,0,0,913571
316577,2018,4,0,0,0.0,0,0,461199
316586,2018,4,0,0,0.0,0,0,462497
316603,2018,4,0,0,0.0,0,0,464471
316613,2018,4,0,0,0.0,0,0,465476
316622,2018,4,0,0,0.0,0,0,466384
316625,2018,4,0,0,0.0,0,0,466865
316628,2018,4,0,0,0.0,0,0,467139
316681,2018,4,0,0,0.0,0,0,471858
316696,2018,4,0,0,0.0,0,0,472787
316733,2018,4,0,0,0.0,0,0,476273
316734,2018,4,0,0,0.0,0,0,476371
316781,2018,4,0,0,0.0,0,0,482424
316783,2018,4,0,0,0.0,0,0,482528
316796,2018,2,0,0,0.0,0,0,572811
316798,2018,4,0,0,0.0,0,0,483768
316817,2018,3,0,0,0.0,0,0,744528
316818,2018,4,0,0,0.0,0,0,485705
316831,2018,4,0,0,0.0,0,0,487027
316844,2018,4,0,0,0.0,0,0,488303
316845,2018,4,0,0,0.0,0,0,488346
316865,2018,4,0,0,0.0,0,0,489842
316876,2018,4,0,0,0.0,0,0,491253
316890,2018,4,0,0,0.0,0,0,492367
316956,2018,4,0,0,0.0,0,0,499128
316984,2018,4,0,0,0.0,0,0,502012
317012,2018,4,0,0,0.0,0,0,504311
317020,2018,4,0,0,0.0,0,0,504860
317037,2018,4,0,0,0.0,0,0,508115
317044,2018,3,0,0,0.0,0,0,800433
317064,2018,4,0,0,0.0,0,0,511342
317066,2018,4,0,0,0.0,0,0,511472
317079,2018,4,0,0,0.0,0,0,426124
317116,2018,4,0,0,0.0,0,0,515981
317125,2018,4,0,0,0.0,0,0,516995
317137,2018,4,0,0,0.0,0,0,518236
317201,2018,4,0,0,0.0,0,0,528074
317204,2018,4,0,0,0.0,0,0,528229
317206,2018,4,0,0,0.0,0,0,528331
317211,2018,4,0,0,0.0,0,0,528693
317215,2018,2,0,0,0.0,0,0,442249
317230,2018,4,0,0,0.0,0,0,530508
317296,2018,4,0,0,0.0,0,0,537038
317308,2018,4,0,0,0.0,0,0,538308
317332,2018,4,0,0,0.0,0,0,540836
317353,2018,4,0,0,0.0,0,0,543599
317365,2018,2,0,0,0.0,0,0,921278
317379,2018,4,0,0,0.0,0,0,547217
317403,2018,3,0,0,0.0,0,0,379120
317406,2018,2,0,0,0.0,0,0,948325
317407,2018,4,0,0,0.0,0,0,550262
317449,2018,4,0,0,0.0,0,0,553936
317458,2018,4,0,0,0.0,0,0,554442
317538,2018,4,0,0,0.0,0,0,562501
317554,2018,4,0,0,0.0,0,0,564813
317557,2018,4,0,0,0.0,0,0,565008
317558,2018,4,0,0,0.0,0,0,565074
317559,2018,4,0,0,0.0,0,0,565171
317578,2018,4,0,0,0.0,0,0,567219
317609,2018,4,0,0,0.0,0,0,571169
317619,2018,4,0,0,0.0,0,0,572062
317631,2018,2,0,0,0.0,0,0,877603
317639,2018,4,0,0,0.0,0,0,573830
317661,2018,4,0,0,0.0,0,0,237319
317692,2018,4,0,0,0.0,0,0,579424
317734,2018,4,0,0,0.0,0,0,583718
317748,2018,3,0,0,0.0,0,0,948325
317789,2018,4,0,0,0.0,0,0,590989
317797,2018,4,0,0,0.0,0,0,591641
317825,2018,4,0,0,0.0,0,0,595083
317840,2018,4,0,0,0.0,0,0,596173
317854,2018,4,0,0,0.0,0,0,597897
317871,2018,3,0,0,0.0,0,0,135312
317874,2018,3,0,0,0.0,0,0,694942
317875,2018,4,0,0,0.0,0,0,600785
317879,2018,4,0,0,0.0,0,0,600923
317885,2018,4,0,0,0.0,0,0,601597
317901,2018,4,0,0,0.0,0,0,602694
317916,2018,4,0,0,0.0,0,0,604039
317986,2018,2,0,0,0.0,0,0,922000
318012,2018,4,0,0,0.0,0,0,652816
318024,2018,4,0,0,0.0,0,0,614810
318032,2018,2,0,0,0.0,0,0,173873
318045,2018,4,0,0,0.0,0,0,616611
318097,2018,4,0,0,0.0,0,0,621940
318106,2018,4,0,0,0.0,0,0,622801
318117,2018,4,0,0,0.0,0,0,623341
318144,2018,4,0,0,0.0,0,0,626217
318154,2018,4,0,0,0.0,0,0,627244
318158,2018,4,0,0,0.0,0,0,627502
318169,2018,4,0,0,0.0,0,0,628017
318173,2018,4,0,0,0.0,0,0,628452
318183,2018,4,0,0,0.0,0,0,629966
318215,2018,4,0,0,0.0,0,0,633490
318234,2018,4,0,0,0.0,0,0,635509
318286,2018,4,0,0,0.0,0,0,640244
318302,2018,4,0,0,0.0,0,0,642002
318303,2018,4,0,0,0.0,0,0,642031
318304,2018,4,0,0,0.0,0,0,642247
318306,2018,4,0,0,0.0,0,0,642409
318321,2018,4,0,0,0.0,0,0,644163
318434,2018,4,0,0,0.0,0,0,653890
318436,2018,4,0,0,0.0,0,0,654073
318458,2018,4,0,0,0.0,0,0,656572
318462,2018,2,0,0,0.0,0,0,830385
318486,2018,4,0,0,0.0,0,0,660436
318491,2018,4,0,0,0.0,0,0,661054
318496,2018,4,0,0,0.0,0,0,661411
318502,2018,4,0,0,0.0,0,0,662164
318521,2018,4,0,0,0.0,0,0,663641
318535,2018,4,0,0,0.0,0,0,665024
318558,2018,2,0,0,0.0,0,0,543852
318562,2018,4,0,0,0.0,0,0,667341
318581,2018,2,0,0,0.0,0,0,523246
318595,2018,4,0,0,0.0,0,0,670751
318603,2018,3,0,0,0.0,0,0,371368
318607,2018,4,0,0,0.0,0,0,671803
318608,2018,4,0,0,0.0,0,0,671906
318613,2018,4,0,0,0.0,0,0,672391
318656,2018,4,0,0,0.0,0,0,676669
318689,2018,4,0,0,0.0,0,0,679414
318765,2018,3,0,0,0.0,0,0,578811
318783,2018,4,0,0,0.0,0,0,687463
318812,2018,3,0,0,0.0,0,0,489628
318847,2018,4,0,0,0.0,0,0,694942
318904,2018,4,0,0,0.0,0,0,701216
318909,2018,4,0,0,0.0,0,0,701732
318915,2018,4,0,0,0.0,0,0,702478
318919,2018,4,0,0,0.0,0,0,702542
318932,2018,4,0,0,0.0,0,0,703882
318959,2018,4,0,0,0.0,0,0,707470
318967,2018,4,0,0,0.0,0,0,708020
318970,2018,4,0,0,0.0,0,0,708258
318977,2018,4,0,0,0.0,0,0,709415
318985,2018,4,0,0,0.0,0,0,710003
318986,2018,4,0,0,0.0,0,0,710003
319053,2018,4,0,0,0.0,0,0,717632
319075,2018,4,0,0,0.0,0,0,719383
319081,2018,4,0,0,0.0,0,0,365619
319093,2018,3,0,0,0.0,0,0,620122
319096,2018,4,0,0,0.0,0,0,721688
319117,2018,4,0,0,0.0,0,0,723969
319118,2018,3,0,0,0.0,0,0,973728
319169,2018,4,0,0,0.0,0,0,728486
319181,2018,4,0,0,0.0,0,0,730561
319213,2018,4,0,0,0.0,0,0,733907
319216,2018,4,0,0,0.0,0,0,734226
319230,2018,4,0,0,0.0,0,0,736258
319238,2018,4,0,0,0.0,0,0,737451
319255,2018,4,0,0,0.0,0,0,738459
319320,2018,4,0,0,0.0,0,0,744228
319324,2018,4,0,0,0.0,0,0,744612
319339,2018,4,0,0,0.0,0,0,745811
319365,2018,4,0,0,0.0,0,0,846291
319384,2018,4,0,0,0.0,0,0,750247
319391,2018,4,0,0,0.0,0,0,750649
319401,2018,2,0,0,0.0,0,0,297702
319404,2018,4,0,0,0.0,0,0,751594
319413,2018,4,0,0,0.0,0,0,752885
319418,2018,4,0,0,0.0,0,0,753473
319419,2018,4,0,0,0.0,0,0,753637
319433,2018,4,0,0,0.0,0,0,881198
319445,2018,4,0,0,0.0,0,0,756515
319452,2018,4,0,0,0.0,0,0,756867
319459,2018,4,0,0,0.0,0,0,757127
319508,2018,4,0,0,0.0,0,0,762272
319555,2018,4,0,0,0.0,0,0,766909
319588,2018,4,0,0,0.0,0,0,770968
319645,2018,4,0,0,0.0,0,0,776736
319655,2018,4,0,0,0.0,0,0,778030
319670,2018,3,0,0,0.0,0,0,537990
319684,2018,4,0,0,0.0,0,0,781062
319717,2018,4,0,0,0.0,0,0,784787
319765,2018,4,0,0,0.0,0,0,790178
319769,2018,4,0,0,0.0,0,0,790450
319860,2018,4,0,0,0.0,0,0,617960
319863,2018,4,0,0,0.0,0,0,800433
319874,2018,4,0,0,0.0,0,0,801821
319886,2018,4,0,0,0.0,0,0,803084
319888,2018,4,0,0,0.0,0,0,803252
319906,2018,3,0,0,0.0,0,0,713085
319916,2018,4,0,0,0.0,0,0,807058
319936,2018,4,0,0,0.0,0,0,809733
319951,2018,4,0,0,0.0,0,0,811684
319962,2018,2,0,0,0.0,0,0,950336
319963,2018,4,0,0,0.0,0,0,812894
319965,2018,4,0,0,0.0,0,0,813352
320018,2018,4,0,0,0.0,0,0,819809
320024,2018,4,0,0,0.0,0,0,820344
320060,2018,4,0,0,0.0,0,0,824133
320075,2018,4,0,0,0.0,0,0,825484
320079,2018,4,0,0,0.0,0,0,825730
320086,2018,4,0,0,0.0,0,0,826556
320099,2018,4,0,0,0.0,0,0,828232
320123,2018,4,0,0,0.0,0,0,830394
320131,2018,4,0,0,0.0,0,0,831180
320147,2018,4,0,0,0.0,0,0,832597
320149,2018,4,0,0,0.0,0,0,832810
320176,2018,4,0,0,0.0,0,0,834799
320205,2018,2,0,0,0.0,0,0,409051
320270,2018,4,0,0,0.0,0,0,844477
320296,2018,4,0,0,0.0,0,0,848632
320304,2018,4,0,0,0.0,0,0,849569
320318,2018,4,0,0,0.0,0,0,851845
320344,2018,4,0,0,0.0,0,0,854742
320346,2018,4,0,0,0.0,0,0,855050
320349,2018,4,0,0,0.0,0,0,714379
320358,2018,4,0,0,0.0,0,0,856406
320413,2018,4,0,0,0.0,0,0,861330
320415,2018,4,0,0,0.0,0,0,861629
320418,2018,4,0,0,0.0,0,0,861700
320471,2018,4,0,0,0.0,0,0,867446
320490,2018,4,0,0,0.0,0,0,869712
320520,2018,4,0,0,0.0,0,0,872335
320571,2018,4,0,0,0.0,0,0,877152
320579,2018,4,0,0,0.0,0,0,878284
320633,2018,4,0,0,0.0,0,0,883025
320638,2018,4,0,0,0.0,0,0,883349
320647,2018,4,0,0,0.0,0,0,664008
320651,2018,2,0,0,0.0,0,0,828232
320688,2018,4,0,0,0.0,0,0,888357
320698,2018,2,0,0,0.0,0,0,515981
320699,2018,4,0,0,0.0,0,0,889964
320705,2018,2,0,0,0.0,0,0,203033
320707,2018,4,0,0,0.0,0,0,890650
320710,2018,4,0,0,0.0,0,0,890882
320730,2018,4,0,0,0.0,0,0,892517
320732,2017,4,0,0,0.0,439,79,185013
320746,2018,4,0,0,0.0,0,0,893863
320769,2018,4,0,0,0.0,0,0,896685
320774,2018,4,0,0,0.0,0,0,897734
320801,2018,4,0,0,0.0,0,0,900894
320824,2018,4,0,0,0.0,0,0,904304
320844,2018,4,0,0,0.0,0,0,905909
320845,2018,4,0,0,0.0,0,0,906178
320849,2018,4,0,0,0.0,0,0,906615
320856,2018,4,0,0,0.0,0,0,907038
320862,2018,4,0,0,0.0,0,0,908120
320866,2018,4,0,0,0.0,0,0,908248
320882,2018,4,0,0,0.0,0,0,910373
320936,2017,8,0,0,0.0,683,123,155118
320942,2018,4,0,0,0.0,0,0,918053
320946,2018,4,0,0,0.0,0,0,918404
320983,2018,4,0,0,0.0,0,0,922188
320992,2018,4,0,0,0.0,0,0,922786
320993,2018,4,0,0,0.0,0,0,922926
321054,2018,4,0,0,0.0,0,0,929231
321055,2018,4,0,0,0.0,0,0,929455
321119,2018,4,0,0,0.0,0,0,936273
321149,2018,4,0,0,0.0,0,0,939238
321187,2018,4,0,0,0.0,0,0,942189
321242,2018,4,0,0,0.0,0,0,947876
321244,2018,4,0,0,0.0,0,0,948325
321249,2018,4,0,0,0.0,0,0,948662
321250,2018,4,0,0,0.0,0,0,948693
321263,2018,4,0,0,0.0,0,0,949974
321268,2018,4,0,0,0.0,0,0,950336
321275,2018,4,0,0,0.0,0,0,950961
321301,2018,4,0,0,0.0,0,0,953307
321343,2018,4,0,0,0.0,0,0,957764
321366,2018,4,0,0,0.0,0,0,959453
321412,2018,4,0,0,0.0,0,0,965079
321415,2017,8,0,0,0.0,760,137,444365
321426,2018,4,0,0,0.0,0,0,966580
321427,2018,4,0,0,0.0,0,0,966688
321443,2018,4,0,0,0.0,0,0,967883
321447,2018,4,0,0,0.0,0,0,968034
321477,2018,4,0,0,0.0,0,0,971528
321489,2018,3,0,0,0.0,0,0,953693
321496,2018,4,0,0,0.0,0,0,973407
321498,2018,4,0,0,0.0,0,0,973609
321525,2018,4,0,0,0.0,0,0,976330
321542,2018,4,0,0,0.0,0,0,978712
321583,2018,4,0,0,0.0,0,0,983199
321607,2018,3,0,0,0.0,0,0,165742
321615,2018,3,0,0,0.0,0,0,499945
321655,2018,4,0,0,0.0,0,0,991230
321671,2018,3,0,0,0.0,0,0,440928
321683,2018,4,0,0,0.0,0,0,995404
321694,2018,4,0,0,0.0,0,0,996686
321715,2018,4,0,0,0.0,0,0,999460
321719,2018,4,0,0,0.0,0,0,999631
321741,2018,5,0,0,0.0,0,0,101540
321754,2018,5,0,0,0.0,0,0,102311
321795,2018,5,0,0,0.0,0,0,106592
321798,2018,5,0,0,0.0,0,0,106689
321800,2018,5,0,0,0.0,0,0,106776
321807,2018,5,0,0,0.0,0,0,107212
321810,2018,5,0,0,0.0,0,0,107571
321873,2018,5,0,0,0.0,0,0,115198
321875,2018,5,0,0,0.0,0,0,115633
321919,2018,5,0,0,0.0,0,0,120583
321929,2018,5,0,0,0.0,0,0,121856
321947,2018,5,0,0,0.0,0,0,123538
321948,2017,2,0,0,0.0,0,0,695069
321960,2017,3,0,0,0.0,0,0,695069
321975,2017,4,0,0,0.0,0,0,695069
321978,2017,5,0,0,0.0,0,0,695069
321993,2018,5,0,0,0.0,0,0,128032
321996,2017,6,0,0,0.0,0,0,695069
322006,2017,7,0,0,0.0,0,0,695069
322017,2017,8,0,0,0.0,0,0,695069
322019,2017,9,0,0,0.0,0,0,695069
322035,2017,10,0,0,0.0,0,0,695069
322039,2017,11,0,0,0.0,0,0,695069
322054,2018,5,0,0,0.0,0,0,135421
322055,2018,5,0,0,0.0,0,0,135421
322059,2017,12,0,0,0.0,0,0,695069
322060,2018,1,0,0,0.0,0,0,695069
322070,2018,2,0,0,0.0,0,0,695069
322072,2018,3,0,0,0.0,0,0,695069
322078,2018,4,0,0,0.0,0,0,695069
322079,2018,5,0,0,0.0,0,0,695069
322082,2018,6,0,0,0.0,0,0,695069
322083,2018,7,0,0,0.0,0,0,695069
322090,2018,5,0,0,0.0,0,0,138737
322094,2018,5,0,0,0.0,0,0,138810
322095,2018,8,0,0,0.0,0,0,695069
322102,2018,9,0,0,0.0,0,0,695069
322103,2018,5,0,0,0.0,0,0,139600
322106,2018,5,0,0,0.0,0,0,139863
322107,2018,5,0,0,0.0,0,0,139974
322110,2018,10,0,0,0.0,0,0,695069
322120,2018,11,0,0,0.0,0,0,695069
322130,2018,12,0,0,0.0,0,0,695069
322156,2018,5,0,0,0.0,0,0,145988
322164,2018,5,0,0,0.0,0,0,147700
322208,2018,5,0,0,0.0,0,0,153600
322210,2018,5,0,0,0.0,0,0,153884
322248,2018,5,0,0,0.0,0,0,157566
322260,2018,5,0,0,0.0,0,0,159359
322311,2018,5,0,0,0.0,0,0,164034
322322,2018,5,0,0,0.0,0,0,165019
322328,2018,5,0,0,0.0,0,0,165742
322352,2018,5,0,0,0.0,0,0,168302
322386,2018,5,0,0,0.0,0,0,172162
322409,2018,5,0,0,0.0,0,0,173873
322435,2018,5,0,0,0.0,0,0,177677
322458,2018,5,0,0,0.0,0,0,180024
322468,2018,5,0,0,0.0,0,0,181082
322469,2018,5,0,0,0.0,0,0,181082
322486,2018,5,0,0,0.0,0,0,183025
322504,2018,5,0,0,0.0,0,0,184924
322505,2018,5,0,0,0.0,0,0,185013
322522,2018,5,0,0,0.0,0,0,187618
322558,2018,5,0,0,0.0,0,0,191917
322567,2018,5,0,0,0.0,0,0,192772
322570,2018,5,0,0,0.0,0,0,193037
322573,2018,5,0,0,0.0,0,0,193665
322574,2018,5,0,0,0.0,0,0,193775
322591,2018,5,0,0,0.0,0,0,196442
322600,2018,5,0,0,0.0,0,0,197086
322610,2018,5,0,0,0.0,0,0,198407
322619,2018,5,0,0,0.0,0,0,199493
322639,2018,5,0,0,0.0,0,0,201276
322657,2018,5,0,0,0.0,0,0,202358
322658,2018,5,0,0,0.0,0,0,202696
322683,2018,5,0,0,0.0,0,0,204343
322693,2018,5,0,0,0.0,0,0,205195
322707,2018,5,0,0,0.0,0,0,207001
322709,2018,5,0,0,0.0,0,0,207110
322719,2018,5,0,0,0.0,0,0,208586
322728,2018,5,0,0,0.0,0,0,209675
322743,2018,5,0,0,0.0,0,0,210498
322788,2018,5,0,0,0.0,0,0,215508
322808,2018,5,0,0,0.0,0,0,216937
322828,2018,5,0,0,0.0,0,0,218917
322845,2018,5,0,0,0.0,0,0,221627
322854,2018,5,0,0,0.0,0,0,223081
322876,2018,5,0,0,0.0,0,0,225363
322949,2018,5,0,0,0.0,0,0,233969
322968,2018,5,0,0,0.0,0,0,236037
322972,2018,5,0,0,0.0,0,0,236593
322973,2018,5,0,0,0.0,0,0,236767
322980,2018,5,0,0,0.0,0,0,237434
322985,2018,5,0,0,0.0,0,0,238063
323027,2018,5,0,0,0.0,0,0,242719
323028,2018,5,0,0,0.0,0,0,242839
323033,2018,5,0,0,0.0,0,0,243061
323037,2018,5,0,0,0.0,0,0,243273
323048,2018,5,0,0,0.0,0,0,244308
323054,2018,5,0,0,0.0,0,0,244721
323080,2018,5,0,0,0.0,0,0,247471
323083,2018,5,0,0,0.0,0,0,247645
323091,2018,5,0,0,0.0,0,0,248593
323167,2018,5,0,0,0.0,0,0,256486
323175,2018,5,0,0,0.0,0,0,257417
323177,2018,5,0,0,0.0,0,0,257509
323187,2018,5,0,0,0.0,0,0,259110
323212,2018,5,0,0,0.0,0,0,261964
323224,2018,5,0,0,0.0,0,0,263127
323244,2018,5,0,0,0.0,0,0,264486
323249,2018,5,0,0,0.0,0,0,265297
323251,2018,5,0,0,0.0,0,0,265557
323292,2018,5,0,0,0.0,0,0,270730
323325,2018,5,0,0,0.0,0,0,273984
323336,2018,5,0,0,0.0,0,0,274879
323349,2018,5,0,0,0.0,0,0,276255
323359,2018,5,0,0,0.0,0,0,277091
323378,2018,5,0,0,0.0,0,0,278059
323391,2018,5,0,0,0.0,0,0,279231
323411,2018,5,0,0,0.0,0,0,280828
323419,2017,3,0,0,0.0,620,112,625033
323425,2018,5,0,0,0.0,0,0,281979
323428,2018,5,0,0,0.0,0,0,282259
323442,2018,7,0,0,0.0,769,138,730246
323444,2018,5,0,0,0.0,0,0,283980
323561,2018,5,0,0,0.0,0,0,297427
323580,2018,3,0,0,0.0,673,121,112842
323597,2018,5,0,0,0.0,0,0,300376
323643,2018,5,0,0,0.0,0,0,304870
323668,2018,5,0,0,0.0,0,0,306708
323676,2018,5,0,0,0.0,0,0,307159
323752,2018,5,0,0,0.0,0,0,314558
323770,2018,5,0,0,0.0,0,0,316793
323779,2018,5,0,0,0.0,0,0,318264
323784,2018,5,0,0,0.0,0,0,318654
323805,2018,5,0,0,0.0,0,0,320414
323833,2018,5,0,0,0.0,0,0,323720
323882,2018,5,0,0,0.0,0,0,328349
323884,2018,5,0,0,0.0,0,0,328446
323889,2018,5,0,0,0.0,0,0,329215
323891,2018,5,0,0,0.0,0,0,329302
323898,2018,5,0,0,0.0,0,0,330464
323907,2018,5,0,0,0.0,0,0,331325
323942,2018,5,0,0,0.0,0,0,336341
323953,2018,5,0,0,0.0,0,0,337453
323959,2018,5,0,0,0.0,0,0,337983
324002,2018,5,0,0,0.0,0,0,342929
324022,2018,5,0,0,0.0,0,0,345615
324024,2018,5,0,0,0.0,0,0,345908
324062,2018,5,0,0,0.0,0,0,348718
324080,2018,5,0,0,0.0,0,0,350692
324115,2018,5,0,0,0.0,0,0,354464
324130,2018,11,0,0,0.0,338,61,789573
324144,2018,5,0,0,0.0,0,0,358039
324150,2018,5,0,0,0.0,0,0,358586
324205,2018,5,0,0,0.0,0,0,365557
324256,2017,11,0,0,0.0,341,61,295302
324266,2018,5,0,0,0.0,0,0,371368
324314,2018,5,0,0,0.0,0,0,375162
324321,2018,5,0,0,0.0,0,0,375540
324329,2018,5,0,0,0.0,0,0,376618
324344,2018,5,0,0,0.0,402,72,957764
324358,2018,5,0,0,0.0,0,0,379120
324414,2018,5,0,0,0.0,0,0,386790
324438,2018,5,0,0,0.0,0,0,390480
324458,2018,5,0,0,0.0,0,0,392619
324556,2018,5,0,0,0.0,0,0,402052
324567,2018,5,0,0,0.0,0,0,402964
324569,2018,5,0,0,0.0,0,0,403052
324573,2018,5,0,0,0.0,0,0,403529
324574,2018,5,0,0,0.0,0,0,403529
324620,2018,5,0,0,0.0,0,0,407999
324622,2018,5,0,0,0.0,0,0,408134
324625,2018,5,0,0,0.0,0,0,408347
324661,2018,5,0,0,0.0,0,0,411715
324666,2018,5,0,0,0.0,0,0,412402
324672,2018,5,0,0,0.0,0,0,413185
324680,2018,5,0,0,0.0,0,0,414164
324695,2018,5,0,0,0.0,0,0,415402
324711,2018,5,0,0,0.0,0,0,417904
324726,2018,5,0,0,0.0,0,0,419661
324728,2018,5,0,0,0.0,0,0,419749
324737,2018,5,0,0,0.0,0,0,420515
324769,2018,5,0,0,0.0,0,0,424027
324791,2018,5,0,0,0.0,0,0,426124
324792,2018,5,0,0,0.0,0,0,426141
324793,2018,5,0,0,0.0,0,0,426185
324816,2018,5,0,0,0.0,0,0,428526
324820,2018,5,0,0,0.0,0,0,428826
324848,2018,5,0,0,0.0,0,0,431187
324849,2018,5,0,0,0.0,0,0,431201
324876,2018,5,0,0,0.0,0,0,434620
324895,2018,5,0,0,0.0,0,0,436318
324923,2018,5,0,0,0.0,0,0,439819
324941,2018,5,0,0,0.0,0,0,442249
324946,2018,5,0,0,0.0,0,0,442695
324955,2018,5,0,0,0.0,0,0,443970
324959,2018,5,0,0,0.0,0,0,444092
324962,2018,5,0,0,0.0,0,0,444365
324974,2018,5,0,0,0.0,0,0,445427
324992,2018,5,0,0,0.0,0,0,448142
324993,2018,5,0,0,0.0,0,0,448273
325002,2018,5,0,0,0.0,0,0,448896
325049,2018,5,0,0,0.0,0,0,453971
325066,2018,5,0,0,0.0,0,0,455941
325089,2018,5,0,0,0.0,0,0,458614
325097,2018,5,0,0,0.0,0,0,459948
325116,2018,5,0,0,0.0,0,0,462497
325135,2018,5,0,0,0.0,0,0,464471
325141,2018,5,0,0,0.0,0,0,465476
325151,2018,5,0,0,0.0,0,0,466384
325156,2018,5,0,0,0.0,0,0,467139
325166,2018,5,0,0,0.0,0,0,467945
325200,2018,5,0,0,0.0,0,0,471858
325211,2018,5,0,0,0.0,0,0,472787
325251,2018,5,0,0,0.0,0,0,476273
325252,2018,5,0,0,0.0,0,0,476371
325262,2018,5,0,0,0.0,0,0,478107
325305,2018,5,0,0,0.0,0,0,482424
325316,2017,1,0,0,0.0,0,0,709479
325317,2017,2,0,0,0.0,0,0,709479
325319,2017,6,0,0,0.0,758,136,721688
325330,2017,11,0,0,0.0,528,95,495253
325340,2018,5,0,0,0.0,0,0,485705
325347,2017,6,0,0,0.0,0,0,709479
325353,2018,5,0,0,0.0,0,0,487027
325357,2018,5,0,0,0.0,0,0,487605
325362,2018,5,0,0,0.0,0,0,488346
325370,2017,10,0,0,0.0,0,0,709479
325374,2017,11,0,0,0.0,0,0,709479
325376,2017,12,0,0,0.0,0,0,709479
325377,2018,1,0,0,0.0,0,0,709479
325382,2018,2,0,0,0.0,0,0,709479
325383,2018,3,0,0,0.0,0,0,709479
325396,2018,4,0,0,0.0,0,0,709479
325397,2018,5,0,0,0.0,0,0,709479
325398,2018,5,0,0,0.0,0,0,492367
325401,2018,6,0,0,0.0,0,0,709479
325402,2018,7,0,0,0.0,0,0,709479
325411,2018,8,0,0,0.0,0,0,709479
325412,2018,5,0,0,0.0,0,0,494515
325418,2018,5,0,0,0.0,0,0,495253
325432,2018,9,0,0,0.0,0,0,709479
325435,2018,10,0,0,0.0,0,0,709479
325437,2018,11,0,0,0.0,0,0,709479
325442,2018,12,0,0,0.0,0,0,709479
325466,2018,5,0,0,0.0,0,0,500022
325495,2018,5,0,0,0.0,0,0,502946
325506,2018,5,0,0,0.0,0,0,504260
325512,2018,5,0,0,0.0,0,0,504860
325539,2018,5,0,0,0.0,0,0,509513
325549,2018,5,0,0,0.0,0,0,511053
325551,2018,5,0,0,0.0,0,0,511342
325554,2018,5,0,0,0.0,0,0,511472
325564,2018,5,0,0,0.0,0,0,512471
325593,2018,5,0,0,0.0,0,0,515969
325623,2018,5,0,0,0.0,0,0,519726
325672,2018,5,0,0,0.0,0,0,527194
325683,2018,5,0,0,0.0,0,0,528074
325689,2018,5,0,0,0.0,0,0,528693
325745,2018,5,0,0,0.0,0,0,535436
325763,2018,5,0,0,0.0,0,0,537038
325767,2018,5,0,0,0.0,0,0,538308
325791,2018,5,0,0,0.0,0,0,540836
325808,2018,5,0,0,0.0,0,0,542893
325815,2018,5,0,0,0.0,0,0,543599
325817,2018,5,0,0,0.0,0,0,543852
325848,2018,5,0,0,0.0,0,0,547217
325868,2018,5,0,0,0.0,0,0,549862
325869,2018,5,0,0,0.0,0,0,549982
325890,2018,5,0,0,0.0,0,0,552328
325905,2018,5,0,0,0.0,0,0,553936
325948,2018,5,0,0,0.0,0,0,558097
325984,2018,5,0,0,0.0,0,0,562501
326006,2018,5,0,0,0.0,0,0,564813
326010,2018,5,0,0,0.0,0,0,565008
326012,2018,5,0,0,0.0,0,0,565074
326029,2018,5,0,0,0.0,0,0,567070
326031,2018,5,0,0,0.0,0,0,567219
326055,2018,5,0,0,0.0,0,0,571169
326067,2018,5,0,0,0.0,0,0,572062
326086,2018,5,0,0,0.0,0,0,573830
326141,2018,5,0,0,0.0,0,0,578811
326144,2018,5,0,0,0.0,0,0,579015
326179,2018,5,0,0,0.0,0,0,581999
326190,2018,5,0,0,0.0,0,0,582690
326239,2018,5,0,0,0.0,0,0,587378
326245,2018,5,0,0,0.0,0,0,587800
326267,2018,5,0,0,0.0,0,0,590514
326281,2017,1,0,0,0.0,0,0,715555
326285,2017,2,0,0,0.0,0,0,715555
326288,2018,5,0,0,0.0,0,0,593252
326289,2018,5,0,0,0.0,0,0,593252
326290,2017,3,0,0,0.0,0,0,715555
326299,2017,4,0,0,0.0,0,0,715555
326302,2017,5,0,0,0.0,0,0,715555
326306,2017,6,0,0,0.0,0,0,715555
326319,2018,5,0,0,0.0,0,0,596173
326325,2017,7,0,0,0.0,0,0,715555
326331,2018,5,0,0,0.0,0,0,597897
326335,2017,8,0,0,0.0,0,0,715555
326339,2017,9,0,0,0.0,0,0,715555
326352,2018,5,0,0,0.0,0,0,600923
326359,2017,12,0,0,0.0,0,0,715555
326360,2018,5,0,0,0.0,0,0,601597
326364,2018,1,0,0,0.0,0,0,715555
326365,2018,3,0,0,0.0,0,0,715555
326368,2018,5,0,0,0.0,0,0,715555
326369,2018,5,0,0,0.0,0,0,602694
326371,2018,6,0,0,0.0,0,0,715555
326378,2018,5,0,0,0.0,0,0,603775
326379,2018,5,0,0,0.0,0,0,604039
326386,2018,7,0,0,0.0,0,0,715555
326398,2018,5,0,0,0.0,0,0,605761
326407,2018,8,0,0,0.0,0,0,715555
326409,2018,9,0,0,0.0,0,0,715555
326410,2018,10,0,0,0.0,0,0,715555
326411,2018,11,0,0,0.0,0,0,715555
326424,2018,5,0,0,0.0,0,0,607662
326428,2018,12,0,0,0.0,0,0,715555
326437,2018,5,0,0,0.0,0,0,609072
326438,2018,5,0,0,0.0,0,0,609532
326491,2018,5,0,0,0.0,0,0,614810
326510,2018,5,0,0,0.0,0,0,616611
326519,2018,5,0,0,0.0,0,0,617296
326566,2018,5,0,0,0.0,0,0,622801
326576,2018,5,0,0,0.0,0,0,623341
326580,2018,5,0,0,0.0,0,0,623861
326591,2018,5,0,0,0.0,0,0,625451
326601,2018,5,0,0,0.0,0,0,626217
326609,2018,5,0,0,0.0,0,0,627244
326612,2018,5,0,0,0.0,0,0,627489
326613,2018,5,0,0,0.0,0,0,627502
326619,2018,5,0,0,0.0,0,0,628017
326623,2018,5,0,0,0.0,0,0,628452
326632,2018,5,0,0,0.0,0,0,629966
326662,2018,5,0,0,0.0,0,0,633490
326689,2018,5,0,0,0.0,0,0,636505
326695,2018,5,0,0,0.0,0,0,637687
326721,2018,5,0,0,0.0,0,0,640244
326733,2018,5,0,0,0.0,0,0,642031
326736,2018,5,0,0,0.0,0,0,642247
326737,2018,5,0,0,0.0,0,0,642409
326753,2018,5,0,0,0.0,0,0,644630
326754,2018,5,0,0,0.0,0,0,644786
326758,2018,5,0,0,0.0,0,0,645081
326797,2017,1,0,0,0.0,0,0,716236
326830,2017,2,0,0,0.0,0,0,716236
326833,2018,5,0,0,0.0,0,0,653890
326834,2018,5,0,0,0.0,0,0,654073
326835,2017,4,0,0,0.0,0,0,716236
326837,2017,5,0,0,0.0,0,0,716236
326838,2017,7,0,0,0.0,0,0,716236
326856,2018,5,0,0,0.0,0,0,656942
326860,2017,10,0,0,0.0,0,0,716236
326868,2017,11,0,0,0.0,0,0,716236
326870,2017,12,0,0,0.0,0,0,716236
326878,2018,1,0,0,0.0,0,0,716236
326888,2018,2,0,0,0.0,0,0,716236
326889,2018,3,0,0,0.0,0,0,716236
326896,2018,5,0,0,0.0,0,0,661744
326897,2018,5,0,0,0.0,0,0,662164
326900,2018,5,0,0,0.0,0,0,662380
326901,2018,4,0,0,0.0,0,0,716236
326902,2018,5,0,0,0.0,0,0,716236
326913,2018,6,0,0,0.0,0,0,716236
326914,2018,5,0,0,0.0,0,0,663641
326915,2018,7,0,0,0.0,0,0,716236
326916,2018,8,0,0,0.0,0,0,716236
326919,2018,9,0,0,0.0,0,0,716236
326920,2018,10,0,0,0.0,0,0,716236
326923,2018,11,0,0,0.0,0,0,716236
326927,2018,5,0,0,0.0,0,0,665024
326930,2018,12,0,0,0.0,0,0,716236
326947,2018,5,0,0,0.0,0,0,667262
326949,2018,5,0,0,0.0,0,0,667341
326961,2018,5,0,0,0.0,0,0,668959
326975,2018,5,0,0,0.0,0,0,670751
326980,2018,5,0,0,0.0,0,0,671534
326982,2018,5,0,0,0.0,0,0,671849
326983,2018,5,0,0,0.0,0,0,671906
326990,2018,5,0,0,0.0,0,0,672308
326992,2018,5,0,0,0.0,0,0,672391
326998,2018,5,0,0,0.0,0,0,672893
327038,2018,5,0,0,0.0,0,0,677704
327055,2018,5,0,0,0.0,0,0,679414
327116,2018,5,0,0,0.0,0,0,684155
327124,2018,5,0,0,0.0,0,0,684934
327142,2018,5,0,0,0.0,0,0,687463
327191,2018,5,0,0,0.0,0,0,693295
327193,2018,5,0,0,0.0,0,0,693494
327208,2018,5,0,0,0.0,0,0,694942
327218,2018,5,0,0,0.0,0,0,695878
327220,2018,5,0,0,0.0,0,0,696096
327229,2018,5,0,0,0.0,0,0,697272
327269,2018,5,0,0,0.0,0,0,701732
327273,2018,5,0,0,0.0,0,0,702284
327288,2018,5,0,0,0.0,0,0,703882
327290,2018,5,0,0,0.0,0,0,704149
327299,2018,5,0,0,0.0,0,0,705911
327325,2018,5,0,0,0.0,0,0,708258
327336,2018,5,0,0,0.0,0,0,709415
327343,2018,5,0,0,0.0,0,0,710003
327344,2018,5,0,0,0.0,0,0,710003
327385,2018,10,0,0,0.0,505,91,977303
327404,2018,5,0,0,0.0,0,0,716785
327414,2018,5,0,0,0.0,0,0,717459
327427,2018,5,0,0,0.0,0,0,719383
327469,2018,5,0,0,0.0,0,0,723969
327527,2018,5,0,0,0.0,0,0,728486
327538,2018,5,0,0,0.0,0,0,729518
327544,2018,5,0,0,0.0,0,0,730561
327571,2018,5,0,0,0.0,0,0,733907
327577,2018,5,0,0,0.0,0,0,734226
327595,2018,5,0,0,0.0,0,0,736258
327604,2018,5,0,0,0.0,0,0,737451
327614,2018,5,0,0,0.0,0,0,738459
327675,2018,5,0,0,0.0,0,0,744228
327677,2018,5,0,0,0.0,0,0,744528
327678,2018,5,0,0,0.0,0,0,744567
327679,2018,5,0,0,0.0,0,0,744612
327693,2018,5,0,0,0.0,0,0,745811
327738,2018,5,0,0,0.0,0,0,750247
327746,2018,5,0,0,0.0,0,0,750710
327754,2018,5,0,0,0.0,0,0,751594
327766,2018,5,0,0,0.0,0,0,752885
327772,2018,5,0,0,0.0,0,0,753473
327774,2018,5,0,0,0.0,0,0,753637
327782,2018,5,0,0,0.0,0,0,754539
327783,2017,2,0,0,0.0,381,69,808353
327792,2018,5,0,0,0.0,0,0,755374
327802,2018,5,0,0,0.0,0,0,756515
327809,2018,5,0,0,0.0,0,0,756791
327819,2018,5,0,0,0.0,0,0,757127
327863,2018,5,0,0,0.0,0,0,762117
327864,2018,5,0,0,0.0,0,0,762272
327913,2018,5,0,0,0.0,0,0,766909
327950,2018,5,0,0,0.0,0,0,770968
327951,2018,5,0,0,0.0,0,0,771056
328009,2018,5,0,0,0.0,0,0,778030
328033,2018,5,0,0,0.0,0,0,781062
328070,2018,5,0,0,0.0,0,0,784787
328116,2018,5,0,0,0.0,0,0,789573
328134,2018,5,0,0,0.0,0,0,791809
328162,2018,5,0,0,0.0,0,0,795230
328230,2018,5,0,0,0.0,0,0,803084
328232,2018,5,0,0,0.0,0,0,803252
328260,2018,5,0,0,0.0,0,0,807058
328263,2018,5,0,0,0.0,0,0,807211
328291,2018,5,0,0,0.0,0,0,811684
328300,2018,5,0,0,0.0,0,0,813352
328333,2018,5,0,0,0.0,0,0,817851
328339,2018,5,0,0,0.0,0,0,818597
328356,2018,5,0,0,0.0,0,0,820344
328359,2018,5,0,0,0.0,0,0,820454
328362,2018,5,0,0,0.0,0,0,820542
328378,2018,5,0,0,0.0,0,0,822696
328382,2018,5,0,0,0.0,0,0,822765
328398,2018,5,0,0,0.0,0,0,824133
328412,2018,5,0,0,0.0,0,0,825730
328417,2018,5,0,0,0.0,0,0,826304
328419,2018,5,0,0,0.0,0,0,826556
328442,2018,5,0,0,0.0,0,0,829861
328447,2018,5,0,0,0.0,0,0,830385
328448,2018,5,0,0,0.0,0,0,830394
328453,2018,5,0,0,0.0,0,0,830811
328472,2018,5,0,0,0.0,0,0,832665
328474,2018,5,0,0,0.0,0,0,832810
328550,2018,5,0,0,0.0,0,0,839422
328591,2018,5,0,0,0.0,0,0,844477
328633,2018,5,0,0,0.0,0,0,849569
328642,2018,5,0,0,0.0,0,0,850245
328651,2018,5,0,0,0.0,0,0,851421
328655,2018,5,0,0,0.0,0,0,851836
328656,2018,5,0,0,0.0,0,0,851845
328672,2018,5,0,0,0.0,0,0,853421
328680,2018,5,0,0,0.0,0,0,854742
328683,2018,5,0,0,0.0,0,0,854902
328741,2018,5,0,0,0.0,0,0,860684
328748,2018,5,0,0,0.0,0,0,861330
328751,2018,5,0,0,0.0,0,0,861629
328767,2018,5,0,0,0.0,0,0,863259
328769,2018,5,0,0,0.0,0,0,863349
328773,2018,5,0,0,0.0,0,0,863432
328805,2018,5,0,0,0.0,0,0,867446
328818,2018,5,0,0,0.0,0,0,869712
328841,2018,5,0,0,0.0,0,0,872335
328868,2018,5,0,0,0.0,0,0,874614
328877,2018,5,0,0,0.0,0,0,875796
328890,2018,5,0,0,0.0,0,0,877152
328894,2018,5,0,0,0.0,0,0,878284
328901,2018,5,0,0,0.0,0,0,879177
328920,2018,5,0,0,0.0,0,0,881198
328934,2018,5,0,0,0.0,0,0,883025
328941,2018,5,0,0,0.0,0,0,883349
328979,2018,5,0,0,0.0,0,0,886439
329005,2018,5,0,0,0.0,0,0,889964
329012,2018,5,0,0,0.0,0,0,890650
329015,2018,5,0,0,0.0,0,0,890882
329031,2018,5,0,0,0.0,0,0,892219
329035,2018,5,0,0,0.0,0,0,892517
329044,2018,5,0,0,0.0,0,0,893863
329056,2018,5,0,0,0.0,0,0,895185
329064,2018,5,0,0,0.0,0,0,896651
329065,2018,5,0,0,0.0,0,0,896685
329072,2018,5,0,0,0.0,0,0,897734
329094,2018,5,0,0,0.0,0,0,900460
329106,2018,5,0,0,0.0,0,0,901819
329125,2018,5,0,0,0.0,0,0,903209
329160,2018,5,0,0,0.0,0,0,908248
329179,2018,5,0,0,0.0,0,0,910373
329221,2018,5,0,0,0.0,0,0,916713
329225,2018,5,0,0,0.0,0,0,917610
329232,2018,5,0,0,0.0,0,0,917998
329237,2018,5,0,0,0.0,0,0,918404
329270,2018,5,0,0,0.0,0,0,922000
329275,2018,5,0,0,0.0,0,0,922786
329276,2018,5,0,0,0.0,0,0,922926
329329,2018,5,0,0,0.0,0,0,929231
329331,2018,5,0,0,0.0,0,0,929455
329381,2018,5,0,0,0.0,0,0,935570
329390,2018,5,0,0,0.0,0,0,936273
329447,2018,5,0,0,0.0,0,0,942189
329473,2018,5,0,0,0.0,0,0,946258
329496,2018,5,0,0,0.0,0,0,948325
329518,2018,5,0,0,0.0,0,0,950961
329536,2018,5,0,0,0.0,0,0,953307
329605,2018,5,0,0,0.0,0,0,959453
329653,2018,5,0,0,0.0,0,0,965751
329658,2018,5,0,0,0.0,0,0,966391
329660,2018,5,0,0,0.0,0,0,966688
329680,2018,5,0,0,0.0,0,0,968034
329681,2018,5,0,0,0.0,0,0,968034
329684,2018,5,0,0,0.0,0,0,968225
329700,2017,1,0,0,0.0,0,0,728316
329706,2017,2,0,0,0.0,0,0,728316
329718,2018,5,0,0,0.0,0,0,971582
329722,2017,6,0,0,0.0,0,0,728316
329729,2018,5,0,0,0.0,0,0,973407
329730,2018,5,0,0,0.0,0,0,973609
329749,2017,10,0,0,0.0,0,0,728316
329753,2018,5,0,0,0.0,0,0,976330
329754,2017,11,0,0,0.0,0,0,728316
329756,2017,12,0,0,0.0,0,0,728316
329762,2018,1,0,0,0.0,0,0,728316
329763,2018,2,0,0,0.0,0,0,728316
329771,2018,5,0,0,0.0,0,0,978712
329777,2018,3,0,0,0.0,0,0,728316
329780,2018,4,0,0,0.0,0,0,728316
329782,2018,5,0,0,0.0,0,0,728316
329783,2018,6,0,0,0.0,0,0,728316
329785,2018,5,0,0,0.0,0,0,979776
329791,2018,5,0,0,0.0,0,0,980952
329793,2018,7,0,0,0.0,0,0,728316
329795,2018,5,0,0,0.0,0,0,981536
329804,2018,8,0,0,0.0,0,0,728316
329806,2018,9,0,0,0.0,0,0,728316
329807,2018,10,0,0,0.0,0,0,728316
329809,2018,11,0,0,0.0,0,0,728316
329811,2018,5,0,0,0.0,0,0,983199
329822,2018,5,0,0,0.0,0,0,984429
329829,2018,12,0,0,0.0,0,0,728316
329837,2018,5,0,0,0.0,0,0,986208
329881,2018,5,0,0,0.0,0,0,991568
329896,2018,5,0,0,0.0,0,0,992886
329911,2018,5,0,0,0.0,0,0,994877
329914,2018,5,0,0,0.0,0,0,995404
329931,2018,5,0,0,0.0,0,0,997189
329953,2018,5,0,0,0.0,0,0,999460
329957,2018,5,0,0,0.0,0,0,999631
330023,2018,6,0,0,0.0,0,0,106689
330031,2018,6,0,0,0.0,0,0,107487
330033,2018,6,0,0,0.0,0,0,107571
330045,2018,6,0,0,0.0,0,0,109495
330072,2018,6,0,0,0.0,0,0,112842
330086,2017,1,0,0,0.0,0,0,729805
330097,2017,2,0,0,0.0,0,0,729805
330098,2018,6,0,0,0.0,0,0,115198
330120,2017,5,0,0,0.0,0,0,729805
330125,2017,6,0,0,0.0,0,0,729805
330143,2018,6,0,0,0.0,0,0,120613
330146,2017,10,0,0,0.0,0,0,729805
330157,2017,11,0,0,0.0,0,0,729805
330167,2018,6,0,0,0.0,0,0,123538
330168,2017,12,0,0,0.0,0,0,729805
330175,2018,1,0,0,0.0,0,0,729805
330195,2018,2,0,0,0.0,0,0,729805
330210,2018,6,0,0,0.0,0,0,127882
330212,2018,6,0,0,0.0,0,0,128032
330215,2018,3,0,0,0.0,0,0,729805
330236,2018,6,0,0,0.0,0,0,729805
330239,2018,7,0,0,0.0,0,0,729805
330244,2018,6,0,0,0.0,0,0,131257
330247,2018,6,0,0,0.0,0,0,131560
330255,2018,8,0,0,0.0,0,0,729805
330273,2018,6,0,0,0.0,0,0,135312
330280,2018,9,0,0,0.0,0,0,729805
330281,2018,10,0,0,0.0,0,0,729805
330282,2018,6,0,0,0.0,0,0,135977
330291,2018,6,0,0,0.0,0,0,136516
330294,2018,11,0,0,0.0,0,0,729805
330295,2018,12,0,0,0.0,0,0,729805
330312,2018,6,0,0,0.0,0,0,138565
330314,2018,6,0,0,0.0,0,0,138737
330325,2018,6,0,0,0.0,0,0,139600
330328,2018,6,0,0,0.0,0,0,139863
330330,2018,6,0,0,0.0,0,0,139974
330381,2018,6,0,0,0.0,0,0,144977
330390,2018,6,0,0,0.0,0,0,146028
330396,2018,6,0,0,0.0,0,0,147700
330456,2018,3,0,0,0.0,617,111,627489
330460,2018,6,0,0,0.0,0,0,155118
330481,2018,6,0,0,0.0,0,0,157566
330502,2018,6,0,0,0.0,0,0,160135
330553,2018,6,0,0,0.0,0,0,165742
330556,2018,6,0,0,0.0,0,0,166037
330579,2018,6,0,0,0.0,0,0,168302
330586,2018,6,0,0,0.0,0,0,169247
330619,2018,6,0,0,0.0,0,0,172162
330669,2018,6,0,0,0.0,0,0,177677
330685,2018,6,0,0,0.0,0,0,180024
330687,2018,6,0,0,0.0,0,0,180219
330694,2018,6,0,0,0.0,0,0,181082
330695,2018,6,0,0,0.0,0,0,181082
330726,2018,6,0,0,0.0,0,0,184478
330730,2018,6,0,0,0.0,0,0,185013
330732,2018,6,0,0,0.0,0,0,185285
330750,2018,6,0,0,0.0,0,0,187618
330757,2018,6,0,0,0.0,0,0,188147
330791,2018,6,0,0,0.0,0,0,192651
330793,2018,6,0,0,0.0,0,0,192772
330794,2018,6,0,0,0.0,0,0,193037
330796,2018,6,0,0,0.0,0,0,193665
330826,2018,6,0,0,0.0,0,0,197086
330842,2018,6,0,0,0.0,0,0,198407
330853,2018,6,0,0,0.0,0,0,199493
330887,2018,6,0,0,0.0,0,0,202358
330889,2018,6,0,0,0.0,0,0,202696
330891,2018,6,0,0,0.0,0,0,203033
330914,2018,6,0,0,0.0,0,0,204484
330924,2018,6,0,0,0.0,0,0,205195
330940,2018,6,0,0,0.0,0,0,206890
330943,2018,6,0,0,0.0,0,0,207110
330948,2018,6,0,0,0.0,0,0,207576
330957,2018,6,0,0,0.0,0,0,208553
330973,2018,6,0,0,0.0,0,0,209675
330985,2018,6,0,0,0.0,0,0,210498
331038,2018,6,0,0,0.0,0,0,216937
331051,2018,6,0,0,0.0,0,0,218917
331073,2018,6,0,0,0.0,0,0,221627
331081,2018,6,0,0,0.0,0,0,223081
331126,2018,6,0,0,0.0,0,0,227804
331129,2018,6,0,0,0.0,0,0,228673
331141,2018,6,0,0,0.0,0,0,229436
331205,2018,6,0,0,0.0,0,0,236037
331208,2018,6,0,0,0.0,0,0,236593
331213,2018,6,0,0,0.0,0,0,237319
331217,2018,6,0,0,0.0,0,0,238063
331253,2018,6,0,0,0.0,0,0,242719
331255,2018,6,0,0,0.0,0,0,242839
331259,2018,6,0,0,0.0,0,0,243061
331262,2018,6,0,0,0.0,0,0,243273
331277,2018,6,0,0,0.0,0,0,244721
331303,2018,6,0,0,0.0,0,0,247514
331393,2018,6,0,0,0.0,0,0,257417
331395,2018,6,0,0,0.0,0,0,257509
331409,2018,6,0,0,0.0,0,0,259110
331458,2018,6,0,0,0.0,0,0,264486
331465,2018,6,0,0,0.0,0,0,265297
331471,2018,6,0,0,0.0,0,0,266148
331485,2018,6,0,0,0.0,0,0,267291
331549,2018,6,0,0,0.0,0,0,274879
331584,2018,6,0,0,0.0,0,0,278059
331599,2018,6,0,0,0.0,0,0,279231
331609,2018,6,0,0,0.0,0,0,280828
331615,2018,6,0,0,0.0,0,0,282259
331632,2018,6,0,0,0.0,0,0,283980
331634,2018,6,0,0,0.0,0,0,284610
331644,2018,6,0,0,0.0,0,0,286065
331648,2018,6,0,0,0.0,0,0,286551
331711,2018,6,0,0,0.0,0,0,295302
331731,2018,6,0,0,0.0,0,0,297427
331735,2018,6,0,0,0.0,0,0,297702
331763,2018,6,0,0,0.0,0,0,300376
331801,2018,6,0,0,0.0,0,0,304870
331820,2018,6,0,0,0.0,0,0,306708
331825,2018,6,0,0,0.0,0,0,307159
331843,2018,6,0,0,0.0,0,0,309364
331859,2018,6,0,0,0.0,0,0,311946
331894,2018,6,0,0,0.0,0,0,314558
331910,2018,6,0,0,0.0,0,0,316793
331921,2018,6,0,0,0.0,0,0,317776
331922,2018,6,0,0,0.0,0,0,317888
331929,2018,6,0,0,0.0,0,0,318654
331954,2018,6,0,0,0.0,0,0,321027
332015,2018,6,0,0,0.0,0,0,328349
332017,2018,6,0,0,0.0,0,0,328446
332085,2018,6,0,0,0.0,0,0,336341
332100,2018,6,0,0,0.0,0,0,337983
332114,2018,6,0,0,0.0,0,0,339845
332131,2018,6,0,0,0.0,0,0,341728
332135,2018,6,0,0,0.0,0,0,342407
332209,2018,6,0,0,0.0,0,0,348718
332227,2018,6,0,0,0.0,0,0,350692
332299,2018,6,0,0,0.0,0,0,358039
332304,2018,6,0,0,0.0,0,0,358586
332350,2018,6,0,0,0.0,0,0,365557
332351,2018,6,0,0,0.0,0,0,365619
332354,2018,6,0,0,0.0,0,0,366133
332372,2018,1,0,0,0.0,442,80,420202
332408,2018,6,0,0,0.0,0,0,371368
332448,2018,6,0,0,0.0,0,0,375162
332484,2018,6,0,0,0.0,0,0,379120
332485,2018,6,0,0,0.0,0,0,379238
332563,2018,6,0,0,0.0,0,0,386790
332590,2018,6,0,0,0.0,0,0,390480
332708,2018,6,0,0,0.0,0,0,402052
332717,2018,6,0,0,0.0,0,0,402964
332719,2018,6,0,0,0.0,0,0,403052
332724,2018,6,0,0,0.0,0,0,403529
332725,2018,6,0,0,0.0,0,0,403529
332732,2018,6,0,0,0.0,0,0,404426
332758,2018,6,0,0,0.0,0,0,407411
332761,2017,3,0,0,0.0,0,0,744860
332767,2018,6,0,0,0.0,0,0,407999
332769,2018,6,0,0,0.0,0,0,408134
332772,2018,6,0,0,0.0,0,0,408347
332776,2018,6,0,0,0.0,0,0,408838
332789,2017,7,0,0,0.0,0,0,744860
332807,2018,6,0,0,0.0,0,0,411715
332820,2018,6,0,0,0.0,0,0,413185
332825,2017,8,0,0,0.0,0,0,744860
332842,2018,6,0,0,0.0,0,0,415402
332869,2017,11,0,0,0.0,0,0,744860
332873,2018,6,0,0,0.0,0,0,419661
332875,2018,6,0,0,0.0,0,0,419749
332887,2018,6,0,0,0.0,0,0,420515
332890,2018,6,0,0,0.0,0,0,421001
332903,2018,1,0,0,0.0,0,0,744860
332909,2018,2,0,0,0.0,0,0,744860
332913,2018,6,0,0,0.0,0,0,424027
332920,2018,6,0,0,0.0,0,0,424540
332921,2018,3,0,0,0.0,0,0,744860
332929,2018,4,0,0,0.0,0,0,744860
332931,2018,5,0,0,0.0,0,0,744860
332934,2018,6,0,0,0.0,0,0,426124
332935,2018,6,0,0,0.0,0,0,426141
332936,2018,6,0,0,0.0,0,0,426185
332948,2018,6,0,0,0.0,0,0,744860
332949,2018,7,0,0,0.0,0,0,744860
332957,2018,8,0,0,0.0,0,0,744860
332967,2018,6,0,0,0.0,0,0,429308
332969,2018,9,0,0,0.0,0,0,744860
332972,2018,10,0,0,0.0,0,0,744860
332983,2018,11,0,0,0.0,0,0,744860
332986,2018,6,0,0,0.0,0,0,431187
332987,2018,6,0,0,0.0,0,0,431201
333000,2018,6,0,0,0.0,0,0,432493
333001,2018,12,0,0,0.0,0,0,744860
333020,2018,6,0,0,0.0,0,0,434620
333036,2018,6,0,0,0.0,0,0,436318
333089,2018,6,0,0,0.0,0,0,442695
333094,2018,6,0,0,0.0,0,0,443970
333108,2018,6,0,0,0.0,0,0,445073
333113,2018,6,0,0,0.0,0,0,445427
333135,2018,6,0,0,0.0,0,0,447962
333137,2018,6,0,0,0.0,0,0,448142
333138,2018,6,0,0,0.0,0,0,448273
333222,2018,6,0,0,0.0,0,0,457716
333227,2018,6,0,0,0.0,0,0,458614
333239,2018,6,0,0,0.0,0,0,459948
333265,2018,6,0,0,0.0,0,0,462459
333266,2018,6,0,0,0.0,0,0,462497
333268,2018,6,0,0,0.0,0,0,462663
333287,2018,6,0,0,0.0,0,0,464471
333297,2018,6,0,0,0.0,0,0,465476
333308,2018,6,0,0,0.0,0,0,466384
333311,2018,6,0,0,0.0,0,0,466953
333314,2018,6,0,0,0.0,0,0,467139
333324,2018,6,0,0,0.0,0,0,467945
333410,2018,6,0,0,0.0,0,0,476273
333411,2018,6,0,0,0.0,0,0,476371
333423,2018,6,0,0,0.0,0,0,478050
333424,2018,6,0,0,0.0,0,0,478107
333450,2018,6,0,0,0.0,0,0,480909
333468,2018,6,0,0,0.0,0,0,482424
333469,2018,6,0,0,0.0,0,0,482528
333504,2018,6,0,0,0.0,0,0,485705
333506,2018,6,0,0,0.0,0,0,485795
333508,2018,6,0,0,0.0,0,0,486112
333520,2018,6,0,0,0.0,0,0,487027
333532,2018,6,0,0,0.0,0,0,488303
333533,2018,6,0,0,0.0,0,0,488346
333553,2018,6,0,0,0.0,0,0,489628
333563,2018,6,0,0,0.0,0,0,491253
333577,2018,6,0,0,0.0,0,0,492367
333600,2018,6,0,0,0.0,0,0,495253
333613,2018,6,0,0,0.0,0,0,496357
333641,2018,6,0,0,0.0,0,0,499128
333676,2018,6,0,0,0.0,0,0,502946
333698,2018,6,0,0,0.0,0,0,504860
333707,2018,6,0,0,0.0,0,0,506170
333741,2018,6,0,0,0.0,0,0,511053
333765,2018,6,0,0,0.0,0,0,513246
333803,2018,6,0,0,0.0,0,0,515969
333891,2018,6,0,0,0.0,0,0,527194
333901,2018,6,0,0,0.0,0,0,528074
333907,2018,6,0,0,0.0,0,0,528229
333909,2018,6,0,0,0.0,0,0,528331
333912,2018,6,0,0,0.0,0,0,528693
333971,2018,6,0,0,0.0,0,0,535852
333983,2018,6,0,0,0.0,0,0,537038
333989,2018,6,0,0,0.0,0,0,537990
333991,2018,6,0,0,0.0,0,0,538308
334018,2018,6,0,0,0.0,0,0,540836
334045,2018,6,0,0,0.0,0,0,543599
334052,2017,7,0,0,0.0,728,131,246187
334078,2018,6,0,0,0.0,0,0,546665
334087,2018,6,0,0,0.0,0,0,547217
334116,2018,6,0,0,0.0,0,0,550262
334119,2018,6,0,0,0.0,0,0,550769
334152,2018,6,0,0,0.0,0,0,553936
334154,2018,6,0,0,0.0,0,0,554104
334180,2018,6,0,0,0.0,0,0,557458
334210,2018,6,0,0,0.0,0,0,561481
334215,2017,5,0,0,0.0,0,0,750199
334222,2018,6,0,0,0.0,0,0,562501
334223,2017,6,0,0,0.0,0,0,750199
334235,2017,7,0,0,0.0,0,0,750199
334238,2018,6,0,0,0.0,0,0,564813
334243,2018,6,0,0,0.0,0,0,565074
334246,2018,6,0,0,0.0,0,0,565452
334252,2018,6,0,0,0.0,0,0,565991
334258,2017,9,0,0,0.0,0,0,750199
334266,2018,6,0,0,0.0,0,0,567219
334272,2017,10,0,0,0.0,0,0,750199
334282,2017,12,0,0,0.0,0,0,750199
334301,2018,6,0,0,0.0,0,0,572062
334310,2018,6,0,0,0.0,0,0,572811
334311,2018,1,0,0,0.0,0,0,750199
334317,2018,6,0,0,0.0,0,0,573830
334321,2018,2,0,0,0.0,0,0,750199
334341,2018,4,0,0,0.0,0,0,750199
334360,2018,5,0,0,0.0,0,0,750199
334372,2018,8,0,0,0.0,0,0,750199
334377,2018,9,0,0,0.0,0,0,750199
334380,2018,10,0,0,0.0,0,0,750199
334381,2018,6,0,0,0.0,0,0,578811
334385,2018,6,0,0,0.0,0,0,579015
334390,2018,6,0,0,0.0,0,0,579581
334392,2018,11,0,0,0.0,0,0,750199
334394,2018,12,0,0,0.0,0,0,750199
334413,2018,6,0,0,0.0,0,0,581661
334438,2018,6,0,0,0.0,0,0,583718
334462,2018,6,0,0,0.0,0,0,585978
334507,2018,6,0,0,0.0,0,0,590989
334528,2018,6,0,0,0.0,0,0,593252
334543,2018,6,0,0,0.0,0,0,595323
334552,2018,6,0,0,0.0,0,0,596173
334553,2018,6,0,0,0.0,0,0,596390
334563,2018,6,0,0,0.0,0,0,597897
334567,2017,4,0,0,0.0,542,98,284610
334575,2018,6,0,0,0.0,0,0,599372
334592,2018,6,0,0,0.0,0,0,600923
334619,2018,6,0,0,0.0,0,0,602694
334629,2018,6,0,0,0.0,0,0,604039
334683,2018,6,0,0,0.0,0,0,607662
334697,2018,6,0,0,0.0,0,0,609532
334770,2018,6,0,0,0.0,0,0,616611
334780,2018,6,0,0,0.0,0,0,617099
334834,2018,6,0,0,0.0,0,0,622801
334842,2018,6,0,0,0.0,0,0,623341
334856,2018,6,0,0,0.0,0,0,625033
334858,2018,6,0,0,0.0,0,0,625451
334868,2018,6,0,0,0.0,0,0,626217
334879,2018,6,0,0,0.0,0,0,627244
334882,2018,6,0,0,0.0,0,0,627489
334883,2018,6,0,0,0.0,0,0,627502
334888,2018,6,0,0,0.0,0,0,628017
334891,2018,6,0,0,0.0,0,0,628431
334892,2018,6,0,0,0.0,0,0,628452
334905,2018,6,0,0,0.0,0,0,629966
334920,2018,6,0,0,0.0,0,0,631661
334937,2018,6,0,0,0.0,0,0,633490
334959,2018,6,0,0,0.0,0,0,636505
335012,2018,6,0,0,0.0,0,0,642002
335013,2018,6,0,0,0.0,0,0,642031
335016,2018,6,0,0,0.0,0,0,642247
335017,2018,6,0,0,0.0,0,0,642409
335026,2018,6,0,0,0.0,0,0,643912
335028,2018,6,0,0,0.0,0,0,644163
335115,2018,6,0,0,0.0,0,0,652816
335128,2018,6,0,0,0.0,0,0,653890
335148,2018,6,0,0,0.0,0,0,656572
335167,2018,6,0,0,0.0,0,0,660197
335177,2018,6,0,0,0.0,0,0,661411
335182,2018,6,0,0,0.0,0,0,661744
335183,2018,6,0,0,0.0,0,0,662164
335199,2018,6,0,0,0.0,0,0,663641
335242,2018,6,0,0,0.0,0,0,667860
335246,2018,6,0,0,0.0,0,0,668959
335269,2018,6,0,0,0.0,0,0,671534
335271,2018,6,0,0,0.0,0,0,671849
335272,2018,6,0,0,0.0,0,0,671906
335279,2018,6,0,0,0.0,0,0,672308
335280,2018,6,0,0,0.0,0,0,672391
335400,2018,6,0,0,0.0,0,0,684155
335409,2018,6,0,0,0.0,0,0,684934
335428,2018,6,0,0,0.0,0,0,687463
335451,2018,10,0,0,0.0,419,75,352490
335488,2018,6,0,0,0.0,0,0,695342
335490,2018,6,0,0,0.0,0,0,695428
335505,2018,6,0,0,0.0,0,0,697272
335547,2018,6,0,0,0.0,0,0,701216
335554,2018,6,0,0,0.0,0,0,701732
335575,2018,6,0,0,0.0,0,0,703882
335578,2018,6,0,0,0.0,0,0,704149
335597,2018,6,0,0,0.0,0,0,706820
335619,2018,6,0,0,0.0,0,0,709415
335627,2018,6,0,0,0.0,0,0,710003
335628,2018,6,0,0,0.0,0,0,710003
335664,2018,6,0,0,0.0,0,0,715462
335685,2018,6,0,0,0.0,0,0,717459
335719,2018,6,0,0,0.0,0,0,721688
335738,2018,6,0,0,0.0,0,0,723969
335794,2018,6,0,0,0.0,0,0,729518
335802,2018,6,0,0,0.0,0,0,730561
335814,2018,6,0,0,0.0,0,0,731510
335839,2018,6,0,0,0.0,0,0,733907
335841,2018,6,0,0,0.0,0,0,734226
335852,2018,6,0,0,0.0,0,0,736258
335860,2018,6,0,0,0.0,0,0,737451
335878,2018,6,0,0,0.0,0,0,738459
335918,2018,6,0,0,0.0,0,0,742281
335941,2018,6,0,0,0.0,0,0,744228
335945,2018,6,0,0,0.0,0,0,744528
335947,2018,6,0,0,0.0,0,0,744612
335965,2018,6,0,0,0.0,0,0,745920
335976,2018,6,0,0,0.0,0,0,746772
336012,2018,6,0,0,0.0,0,0,750247
336028,2018,6,0,0,0.0,0,0,751594
336042,2018,6,0,0,0.0,0,0,752885
336056,2018,6,0,0,0.0,0,0,754539
336080,2018,6,0,0,0.0,0,0,756867
336085,2018,6,0,0,0.0,0,0,757127
336125,2018,6,0,0,0.0,0,0,762272
336126,2018,6,0,0,0.0,0,0,762355
336162,2018,6,0,0,0.0,0,0,765293
336177,2018,6,0,0,0.0,0,0,766909
336209,2018,6,0,0,0.0,0,0,770968
336278,2018,6,0,0,0.0,0,0,778030
336346,2018,6,0,0,0.0,0,0,784787
336382,2018,6,0,0,0.0,0,0,789573
336481,2018,6,0,0,0.0,0,0,800433
336500,2018,6,0,0,0.0,0,0,802425
336505,2018,6,0,0,0.0,0,0,803084
336507,2018,6,0,0,0.0,0,0,803252
336517,2018,6,0,0,0.0,0,0,804521
336537,2018,6,0,0,0.0,0,0,807058
336540,2018,6,0,0,0.0,0,0,807211
336563,2018,6,0,0,0.0,0,0,811684
336573,2018,6,0,0,0.0,0,0,813352
336605,2018,6,0,0,0.0,0,0,817456
336627,2018,6,0,0,0.0,0,0,819809
336633,2018,6,0,0,0.0,0,0,820344
336635,2018,6,0,0,0.0,0,0,820454
336650,2018,6,0,0,0.0,0,0,822696
336662,2018,6,0,0,0.0,0,0,824133
336680,2018,6,0,0,0.0,0,0,825730
336685,2018,6,0,0,0.0,0,0,826556
336714,2018,6,0,0,0.0,0,0,830394
336718,2018,6,0,0,0.0,0,0,830811
336738,2018,6,0,0,0.0,0,0,832810
336767,2018,6,0,0,0.0,0,0,834799
336819,2018,6,0,0,0.0,0,0,839422
336866,2018,6,0,0,0.0,0,0,844477
336881,2018,6,0,0,0.0,0,0,846291
336898,2018,6,0,0,0.0,0,0,849569
336905,2018,6,0,0,0.0,0,0,850245
336915,2018,6,0,0,0.0,0,0,851845
336919,2018,6,0,0,0.0,0,0,851986
336922,2018,6,0,0,0.0,0,0,852323
336936,2018,6,0,0,0.0,0,0,853421
336944,2018,6,0,0,0.0,0,0,854742
336947,2018,6,0,0,0.0,0,0,854902
336949,2018,6,0,0,0.0,0,0,855050
336974,2018,6,0,0,0.0,0,0,857814
337002,2018,6,0,0,0.0,0,0,860684
337009,2018,6,0,0,0.0,0,0,861629
337012,2018,6,0,0,0.0,0,0,861700
337052,2018,6,0,0,0.0,0,0,867446
337068,2018,6,0,0,0.0,0,0,869712
337105,2018,6,0,0,0.0,0,0,873886
337116,2018,6,0,0,0.0,0,0,874614
337123,2018,6,0,0,0.0,0,0,875796
337134,2018,6,0,0,0.0,0,0,877152
337146,2018,6,0,0,0.0,0,0,879177
337180,2018,6,0,0,0.0,0,0,882718
337183,2018,6,0,0,0.0,0,0,883025
337187,2018,6,0,0,0.0,0,0,883349
337244,2018,6,0,0,0.0,0,0,888357
337254,2018,6,0,0,0.0,0,0,889964
337261,2018,6,0,0,0.0,0,0,890650
337265,2018,6,0,0,0.0,0,0,890882
337284,2018,6,0,0,0.0,0,0,892517
337289,2018,6,0,0,0.0,0,0,892797
337303,2018,6,0,0,0.0,0,0,894620
337314,2018,6,0,0,0.0,0,0,896651
337315,2018,6,0,0,0.0,0,0,896685
337322,2018,6,0,0,0.0,0,0,897734
337350,2018,6,0,0,0.0,0,0,900894
337366,2018,8,0,0,0.0,758,136,338285
337382,2018,1,0,0,0.0,541,97,640244
337398,2018,6,0,0,0.0,0,0,905478
337405,2018,6,0,0,0.0,0,0,906178
337428,2018,6,0,0,0.0,0,0,908248
337452,2018,6,0,0,0.0,0,0,910373
337511,2018,6,0,0,0.0,0,0,917630
337521,2018,6,0,0,0.0,0,0,918404
337533,2018,6,0,0,0.0,0,0,920162
337543,2018,6,0,0,0.0,0,0,921278
337551,2018,6,0,0,0.0,0,0,922000
337568,2018,6,0,0,0.0,0,0,923959
337580,2018,6,0,0,0.0,0,0,924793
337614,2018,6,0,0,0.0,0,0,929231
337616,2018,6,0,0,0.0,0,0,929455
337620,2018,6,0,0,0.0,0,0,929980
337631,2018,6,0,0,0.0,0,0,931183
337650,2018,6,0,0,0.0,0,0,933968
337664,2018,6,0,0,0.0,0,0,935570
337736,2018,6,0,0,0.0,0,0,942189
337758,2018,6,0,0,0.0,0,0,944506
337770,2018,6,0,0,0.0,0,0,946001
337773,2018,6,0,0,0.0,0,0,946258
337791,2018,6,0,0,0.0,0,0,948325
337795,2018,6,0,0,0.0,0,0,948662
337796,2018,6,0,0,0.0,0,0,948693
337817,2018,6,0,0,0.0,0,0,950961
337847,2018,6,0,0,0.0,0,0,953307
337892,2018,6,0,0,0.0,0,0,957764
337913,2018,6,0,0,0.0,0,0,959453
337914,2018,6,0,0,0.0,0,0,959728
337961,2018,6,0,0,0.0,0,0,965079
337967,2018,6,0,0,0.0,0,0,965751
337970,2018,6,0,0,0.0,0,0,966204
337972,2018,6,0,0,0.0,0,0,966391
337973,2018,6,0,0,0.0,0,0,966688
337993,2018,6,0,0,0.0,0,0,967883
337994,2018,6,0,0,0.0,0,0,968225
338000,2018,6,0,0,0.0,0,0,968666
338026,2018,6,0,0,0.0,0,0,971107
338053,2018,6,0,0,0.0,0,0,973407
338055,2018,6,0,0,0.0,0,0,973609
338076,2018,6,0,0,0.0,0,0,976330
338092,2018,6,0,0,0.0,0,0,978712
338110,2018,6,0,0,0.0,0,0,980952
338128,2018,6,0,0,0.0,0,0,983199
338135,2018,6,0,0,0.0,0,0,983822
338142,2018,6,0,0,0.0,0,0,984429
338157,2018,6,0,0,0.0,0,0,986208
338158,2018,6,0,0,0.0,0,0,986421
338225,2018,6,0,0,0.0,0,0,992886
338235,2018,6,0,0,0.0,0,0,995404
338271,2018,6,0,0,0.0,0,0,999460
338324,2018,7,0,0,0.0,0,0,105214
338338,2018,7,0,0,0.0,0,0,106689
338344,2018,7,0,0,0.0,0,0,107212
338347,2018,7,0,0,0.0,0,0,107487
338349,2018,7,0,0,0.0,0,0,107571
338409,2018,7,0,0,0.0,0,0,115198
338455,2018,7,0,0,0.0,0,0,120583
338456,2018,7,0,0,0.0,0,0,120613
338464,2018,7,0,0,0.0,0,0,121856
338486,2018,7,0,0,0.0,0,0,123538
338529,2018,7,0,0,0.0,0,0,127882
338559,2018,7,0,0,0.0,0,0,131047
338562,2018,7,0,0,0.0,0,0,131560
338582,2018,7,0,0,0.0,0,0,134273
338588,2018,7,0,0,0.0,0,0,135421
338589,2018,7,0,0,0.0,0,0,135421
338595,2018,7,0,0,0.0,0,0,135977
338603,2018,7,0,0,0.0,0,0,136516
338629,2018,7,0,0,0.0,0,0,139600
338632,2018,7,0,0,0.0,0,0,139974
338695,2018,7,0,0,0.0,0,0,147700
338712,2018,3,0,0,0.0,530,95,946258
338717,2018,7,0,0,0.0,0,0,149912
338742,2018,7,0,0,0.0,0,0,153600
338743,2018,7,0,0,0.0,0,0,153626
338750,2017,6,0,0,0.0,637,115,454440
338758,2018,7,0,0,0.0,0,0,155118
338776,2018,7,0,0,0.0,0,0,157566
338792,2018,7,0,0,0.0,0,0,159359
338835,2018,7,0,0,0.0,0,0,164034
338850,2018,7,0,0,0.0,0,0,165443
338853,2018,7,0,0,0.0,0,0,165742
338867,2018,7,0,0,0.0,0,0,167465
338880,2018,7,0,0,0.0,0,0,168843
338882,2018,7,0,0,0.0,0,0,169247
338898,2018,7,0,0,0.0,0,0,170585
338911,2018,7,0,0,0.0,0,0,172162
338943,2018,7,0,0,0.0,0,0,175249
338955,2018,7,0,0,0.0,0,0,177677
338976,2018,7,0,0,0.0,0,0,180024
338987,2018,7,0,0,0.0,0,0,181082
338988,2018,7,0,0,0.0,0,0,181082
339012,2018,7,0,0,0.0,0,0,183025
339037,2018,7,0,0,0.0,0,0,186593
339044,2018,7,0,0,0.0,0,0,187618
339046,2018,7,0,0,0.0,0,0,187838
339087,2018,7,0,0,0.0,0,0,192772
339133,2018,7,0,0,0.0,0,0,198407
339142,2018,7,0,0,0.0,0,0,199493
339155,2018,7,0,0,0.0,0,0,201276
339198,2018,7,0,0,0.0,0,0,205195
339204,2017,2,0,0,0.0,0,0,775520
339223,2018,7,0,0,0.0,0,0,208553
339225,2018,7,0,0,0.0,0,0,208586
339233,2018,7,0,0,0.0,0,0,209675
339270,2018,8,0,0,0.0,618,111,583718
339278,2018,7,0,0,0.0,0,0,215508
339287,2017,8,0,0,0.0,0,0,775520
339290,2018,7,0,0,0.0,0,0,216937
339294,2017,9,0,0,0.0,0,0,775520
339298,2017,10,0,0,0.0,0,0,775520
339302,2017,11,0,0,0.0,0,0,775520
339303,2017,12,0,0,0.0,0,0,775520
339310,2018,1,0,0,0.0,0,0,775520
339311,2018,2,0,0,0.0,0,0,775520
339322,2018,3,0,0,0.0,0,0,775520
339325,2018,7,0,0,0.0,0,0,221627
339330,2018,4,0,0,0.0,0,0,775520
339335,2018,7,0,0,0.0,0,0,223081
339361,2018,7,0,0,0.0,0,0,225746
339366,2018,5,0,0,0.0,0,0,775520
339377,2018,6,0,0,0.0,0,0,775520
339383,2018,7,0,0,0.0,0,0,775520
339395,2018,8,0,0,0.0,0,0,775520
339398,2018,9,0,0,0.0,0,0,775520
339401,2018,10,0,0,0.0,0,0,775520
339404,2018,11,0,0,0.0,0,0,775520
339413,2018,7,0,0,0.0,0,0,232290
339417,2018,12,0,0,0.0,0,0,775520
339442,2018,7,0,0,0.0,0,0,236037
339445,2018,7,0,0,0.0,0,0,236593
339451,2018,7,0,0,0.0,0,0,237274
339454,2018,7,0,0,0.0,0,0,237319
339458,2018,7,0,0,0.0,0,0,238063
339500,2018,7,0,0,0.0,0,0,242719
339503,2018,7,0,0,0.0,0,0,242839
339509,2018,7,0,0,0.0,0,0,243061
339513,2018,7,0,0,0.0,0,0,243273
339526,2018,7,0,0,0.0,0,0,244721
339538,2018,7,0,0,0.0,0,0,246187
339550,2018,7,0,0,0.0,0,0,247514
339551,2018,7,0,0,0.0,0,0,247645
339556,2017,1,0,0,0.0,0,0,776153
339567,2017,2,0,0,0.0,0,0,776153
339572,2017,3,0,0,0.0,0,0,776153
339580,2017,4,0,0,0.0,0,0,776153
339585,2017,5,0,0,0.0,0,0,776153
339586,2017,6,0,0,0.0,0,0,776153
339587,2017,7,0,0,0.0,0,0,776153
339592,2017,8,0,0,0.0,0,0,776153
339596,2017,9,0,0,0.0,0,0,776153
339610,2018,7,0,0,0.0,0,0,254860
339613,2017,12,0,0,0.0,0,0,776153
339622,2018,1,0,0,0.0,0,0,776153
339634,2018,3,0,0,0.0,0,0,776153
339636,2018,5,0,0,0.0,0,0,776153
339637,2018,7,0,0,0.0,0,0,257509
339650,2018,6,0,0,0.0,0,0,776153
339652,2018,7,0,0,0.0,0,0,259110
339657,2018,7,0,0,0.0,0,0,776153
339659,2018,8,0,0,0.0,0,0,776153
339660,2018,9,0,0,0.0,0,0,776153
339666,2018,10,0,0,0.0,0,0,776153
339668,2018,11,0,0,0.0,0,0,776153
339669,2018,12,0,0,0.0,0,0,776153
339673,2018,7,0,0,0.0,0,0,261964
339699,2018,7,0,0,0.0,0,0,264486
339705,2018,7,0,0,0.0,0,0,265297
339712,2018,7,0,0,0.0,0,0,266148
339731,2018,7,0,0,0.0,0,0,268129
339734,2018,7,0,0,0.0,0,0,268414
339740,2018,7,0,0,0.0,0,0,269565
339748,2018,7,0,0,0.0,0,0,270730
339758,2018,7,0,0,0.0,0,0,271675
339781,2018,7,0,0,0.0,0,0,273984
339819,2018,7,0,0,0.0,0,0,278059
339829,2018,7,0,0,0.0,0,0,279231
339851,2018,7,0,0,0.0,0,0,281979
339863,2018,7,0,0,0.0,0,0,283770
339867,2018,7,0,0,0.0,0,0,284610
339879,2018,7,0,0,0.0,0,0,286065
339939,2018,7,0,0,0.0,0,0,295302
339952,2018,7,0,0,0.0,0,0,297427
339982,2018,7,0,0,0.0,0,0,300376
339988,2018,7,0,0,0.0,0,0,300870
340020,2018,7,0,0,0.0,0,0,304870
340034,2018,7,0,0,0.0,0,0,306708
340038,2018,7,0,0,0.0,0,0,307159
340056,2018,7,0,0,0.0,0,0,309364
340100,2018,7,0,0,0.0,0,0,314558
340118,2018,7,0,0,0.0,0,0,316793
340129,2018,7,0,0,0.0,0,0,317776
340130,2018,7,0,0,0.0,0,0,317888
340134,2018,7,0,0,0.0,0,0,318654
340154,2018,7,0,0,0.0,0,0,321027
340176,2018,7,0,0,0.0,0,0,323720
340191,2018,7,0,0,0.0,0,0,325367
340220,2018,7,0,0,0.0,0,0,328349
340231,2018,7,0,0,0.0,0,0,329826
340248,2018,2,0,0,0.0,515,93,997189
340256,2018,12,0,0,0.0,704,127,157566
340271,2018,7,0,0,0.0,0,0,336037
340297,2018,7,0,0,0.0,0,0,339845
340315,2018,7,0,0,0.0,0,0,342407
340350,2018,7,0,0,0.0,0,0,345615
340352,2018,7,0,0,0.0,0,0,345908
340385,2018,7,0,0,0.0,0,0,348718
340412,2018,7,0,0,0.0,0,0,352092
340423,2018,7,0,0,0.0,0,0,353128
340464,2018,7,0,0,0.0,0,0,358586
340617,2018,7,0,0,0.0,0,0,375162
340622,2018,7,0,0,0.0,0,0,375540
340656,2018,7,0,0,0.0,0,0,379238
340696,2018,7,0,0,0.0,0,0,384328
340713,2018,7,0,0,0.0,0,0,385593
340727,2018,7,0,0,0.0,0,0,387523
340855,2018,7,0,0,0.0,0,0,403529
340856,2018,7,0,0,0.0,0,0,403529
340887,2018,7,0,0,0.0,0,0,407411
340895,2018,7,0,0,0.0,0,0,407999
340899,2018,7,0,0,0.0,0,0,408347
340902,2018,7,0,0,0.0,0,0,408838
340931,2018,7,0,0,0.0,0,0,411715
340947,2018,7,0,0,0.0,0,0,412995
340991,2018,7,0,0,0.0,0,0,419661
340999,2018,7,0,0,0.0,0,0,420515
341002,2018,7,0,0,0.0,0,0,421001
341017,2018,7,0,0,0.0,0,0,422349
341033,2018,7,0,0,0.0,0,0,424027
341055,2018,7,0,0,0.0,0,0,426124
341056,2018,7,0,0,0.0,0,0,426141
341057,2018,7,0,0,0.0,0,0,426185
341108,2018,7,0,0,0.0,0,0,431187
341109,2018,7,0,0,0.0,0,0,431201
341154,2018,7,0,0,0.0,0,0,436318
341172,2018,7,0,0,0.0,0,0,438199
341173,2018,7,0,0,0.0,0,0,438263
341190,2018,7,0,0,0.0,0,0,439819
341215,2018,7,0,0,0.0,0,0,442695
341221,2018,7,0,0,0.0,0,0,443970
341245,2018,7,0,0,0.0,0,0,445427
341264,2018,7,0,0,0.0,0,0,446991
341272,2018,7,0,0,0.0,0,0,448142
341309,2018,7,0,0,0.0,0,0,453448
341381,2018,7,0,0,0.0,0,0,461199
341393,2018,7,0,0,0.0,0,0,462497
341407,2018,7,0,0,0.0,0,0,464471
341417,2018,7,0,0,0.0,0,0,465476
341426,2018,7,0,0,0.0,0,0,466384
341433,2018,7,0,0,0.0,0,0,467139
341444,2018,7,0,0,0.0,0,0,467945
341516,2018,7,0,0,0.0,0,0,476273
341518,2018,7,0,0,0.0,0,0,476371
341531,2018,7,0,0,0.0,0,0,478050
341566,2018,7,0,0,0.0,0,0,482424
341568,2018,7,0,0,0.0,0,0,482528
341600,2018,7,0,0,0.0,0,0,485705
341609,2018,7,0,0,0.0,0,0,487027
341612,2018,7,0,0,0.0,0,0,487605
341619,2018,7,0,0,0.0,0,0,488346
341637,2018,7,0,0,0.0,0,0,489628
341676,2018,7,0,0,0.0,0,0,496357
341707,2018,7,0,0,0.0,0,0,499945
341724,2018,7,0,0,0.0,0,0,502012
341743,2018,7,0,0,0.0,0,0,504260
341770,2018,7,0,0,0.0,0,0,508080
341787,2018,7,0,0,0.0,0,0,509513
341804,2018,7,0,0,0.0,0,0,511472
341812,2018,7,0,0,0.0,0,0,512471
341849,2018,7,0,0,0.0,0,0,515981
341857,2018,7,0,0,0.0,0,0,516995
341880,2018,7,0,0,0.0,0,0,519726
341928,2018,7,0,0,0.0,0,0,525548
341944,2018,7,0,0,0.0,0,0,528074
341947,2018,7,0,0,0.0,0,0,528331
342013,2018,7,0,0,0.0,0,0,535436
342014,2018,7,0,0,0.0,0,0,535482
342036,2018,7,0,0,0.0,0,0,538308
342059,2018,7,0,0,0.0,0,0,540836
342079,2018,7,0,0,0.0,0,0,543599
342080,2018,7,0,0,0.0,0,0,543852
342105,2018,7,0,0,0.0,0,0,547217
342127,2018,7,0,0,0.0,0,0,549862
342158,2018,7,0,0,0.0,0,0,553936
342162,2018,7,0,0,0.0,0,0,554442
342198,2018,7,0,0,0.0,0,0,559388
342220,2018,7,0,0,0.0,0,0,562501
342232,2018,7,0,0,0.0,0,0,564813
342238,2018,7,0,0,0.0,0,0,565074
342246,2018,7,0,0,0.0,0,0,566182
342258,2018,7,0,0,0.0,0,0,567219
342275,2018,7,0,0,0.0,0,0,568880
342285,2018,7,0,0,0.0,0,0,571169
342295,2018,7,0,0,0.0,0,0,572062
342310,2018,7,0,0,0.0,0,0,573830
342442,2018,7,0,0,0.0,0,0,587378
342505,2018,7,0,0,0.0,0,0,595083
342515,2018,7,0,0,0.0,0,0,596173
342551,2018,7,0,0,0.0,0,0,600923
342556,2018,7,0,0,0.0,0,0,601597
342569,2018,7,0,0,0.0,0,0,602694
342579,2018,7,0,0,0.0,0,0,604039
342630,2018,7,0,0,0.0,0,0,608758
342682,2018,7,0,0,0.0,0,0,614810
342688,2018,7,0,0,0.0,0,0,615214
342702,2018,7,0,0,0.0,0,0,616611
342712,2018,7,0,0,0.0,0,0,617296
342731,2018,7,0,0,0.0,0,0,620122
342751,2018,7,0,0,0.0,0,0,622801
342759,2018,7,0,0,0.0,0,0,623341
342763,2018,7,0,0,0.0,0,0,623861
342771,2018,7,0,0,0.0,0,0,625434
342781,2018,7,0,0,0.0,0,0,626217
342790,2018,7,0,0,0.0,0,0,627244
342792,2018,7,0,0,0.0,0,0,627489
342799,2018,7,0,0,0.0,0,0,628452
342810,2018,7,0,0,0.0,0,0,629966
342823,2018,7,0,0,0.0,0,0,631661
342837,2018,7,0,0,0.0,0,0,633490
342865,2018,7,0,0,0.0,0,0,637687
342907,2018,7,0,0,0.0,0,0,642031
342909,2018,7,0,0,0.0,0,0,642247
342913,2018,7,0,0,0.0,0,0,642409
342927,2018,7,0,0,0.0,0,0,644163
342931,2018,7,0,0,0.0,0,0,644630
342936,2018,7,0,0,0.0,0,0,645081
342980,2017,1,0,0,0.0,0,0,795235
342987,2017,2,0,0,0.0,0,0,795235
343012,2018,7,0,0,0.0,0,0,652816
343015,2017,3,0,0,0.0,0,0,795235
343020,2018,7,0,0,0.0,0,0,653890
343023,2017,4,0,0,0.0,0,0,795235
343026,2017,5,0,0,0.0,0,0,795235
343027,2017,6,0,0,0.0,0,0,795235
343028,2017,7,0,0,0.0,0,0,795235
343033,2017,8,0,0,0.0,0,0,795235
343040,2017,9,0,0,0.0,0,0,795235
343048,2017,10,0,0,0.0,0,0,795235
343055,2017,11,0,0,0.0,0,0,795235
343056,2017,12,0,0,0.0,0,0,795235
343062,2018,7,0,0,0.0,0,0,659536
343068,2018,1,0,0,0.0,0,0,795235
343077,2018,7,0,0,0.0,0,0,661054
343078,2018,2,0,0,0.0,0,0,795235
343080,2018,3,0,0,0.0,0,0,795235
343089,2018,4,0,0,0.0,0,0,795235
343090,2018,5,0,0,0.0,0,0,795235
343098,2018,6,0,0,0.0,0,0,795235
343099,2018,7,0,0,0.0,0,0,663641
343100,2018,7,0,0,0.0,0,0,795235
343101,2018,8,0,0,0.0,0,0,795235
343103,2018,10,0,0,0.0,0,0,795235
343111,2018,7,0,0,0.0,0,0,665024
343114,2018,11,0,0,0.0,0,0,795235
343125,2018,12,0,0,0.0,0,0,795235
343156,2018,7,0,0,0.0,0,0,671849
343157,2018,7,0,0,0.0,0,0,671906
343163,2018,7,0,0,0.0,0,0,672308
343164,2018,7,0,0,0.0,0,0,672391
343168,2018,7,0,0,0.0,0,0,672893
343273,2018,7,0,0,0.0,0,0,684155
343283,2018,7,0,0,0.0,0,0,684934
343356,2018,7,0,0,0.0,0,0,695342
343363,2018,7,0,0,0.0,0,0,695878
343378,2018,7,0,0,0.0,0,0,697272
343422,2018,7,0,0,0.0,0,0,701732
343431,2018,10,0,0,0.0,474,85,105214
343444,2018,7,0,0,0.0,0,0,703882
343448,2018,7,0,0,0.0,0,0,704270
343460,2018,7,0,0,0.0,0,0,705911
343476,2018,7,0,0,0.0,0,0,707470
343481,2018,6,0,0,0.0,687,124,790450
343491,2018,7,0,0,0.0,0,0,708258
343493,2018,7,0,0,0.0,0,0,708343
343517,2018,7,0,0,0.0,0,0,710003
343518,2018,7,0,0,0.0,0,0,710003
343568,2018,7,0,0,0.0,0,0,715462
343581,2018,7,0,0,0.0,0,0,716785
343589,2018,7,0,0,0.0,0,0,717459
343632,2018,7,0,0,0.0,0,0,723591
343635,2018,7,0,0,0.0,0,0,723969
343676,2018,7,0,0,0.0,0,0,728486
343690,2018,7,0,0,0.0,0,0,730561
343726,2018,7,0,0,0.0,0,0,733907
343728,2018,7,0,0,0.0,0,0,734226
343744,2018,7,0,0,0.0,0,0,736258
343752,2018,7,0,0,0.0,0,0,737451
343766,2018,7,0,0,0.0,0,0,738459
343816,2018,7,0,0,0.0,0,0,744228
343820,2018,7,0,0,0.0,0,0,744612
343847,2018,7,0,0,0.0,0,0,746772
343859,2018,7,0,0,0.0,0,0,747609
343886,2018,7,0,0,0.0,0,0,750247
343892,2018,7,0,0,0.0,0,0,750649
343900,2018,7,0,0,0.0,0,0,751594
343911,2018,7,0,0,0.0,0,0,752885
343925,2018,7,0,0,0.0,0,0,754539
343934,2018,7,0,0,0.0,0,0,755374
343944,2018,7,0,0,0.0,0,0,756515
343951,2018,7,0,0,0.0,0,0,756791
343953,2018,7,0,0,0.0,0,0,756867
343958,2018,7,0,0,0.0,0,0,757127
343984,2018,7,0,0,0.0,0,0,760061
344000,2018,7,0,0,0.0,0,0,762117
344038,2018,7,0,0,0.0,0,0,766909
344054,2018,7,0,0,0.0,0,0,768072
344064,2018,7,0,0,0.0,0,0,769623
344078,2018,7,0,0,0.0,0,0,770968
344140,2018,7,0,0,0.0,0,0,778030
344149,2017,1,0,0,0.0,0,0,804816
344154,2017,3,0,0,0.0,0,0,804816
344169,2017,5,0,0,0.0,0,0,804816
344185,2017,6,0,0,0.0,0,0,804816
344193,2018,7,0,0,0.0,0,0,784787
344201,2017,9,0,0,0.0,0,0,804816
344208,2017,10,0,0,0.0,0,0,804816
344214,2017,11,0,0,0.0,0,0,804816
344221,2017,12,0,0,0.0,0,0,804816
344224,2018,1,0,0,0.0,0,0,804816
344234,2018,2,0,0,0.0,0,0,804816
344236,2018,7,0,0,0.0,0,0,789573
344238,2018,7,0,0,0.0,0,0,789892
344240,2018,3,0,0,0.0,0,0,804816
344248,2018,4,0,0,0.0,0,0,804816
344255,2018,5,0,0,0.0,0,0,804816
344259,2018,6,0,0,0.0,0,0,804816
344266,2018,7,0,0,0.0,0,0,804816
344271,2018,8,0,0,0.0,0,0,804816
344276,2018,9,0,0,0.0,0,0,804816
344283,2018,10,0,0,0.0,0,0,804816
344297,2018,11,0,0,0.0,0,0,804816
344299,2018,12,0,0,0.0,0,0,804816
344333,2018,7,0,0,0.0,0,0,801821
344353,2018,7,0,0,0.0,0,0,803252
344376,2017,7,0,0,0.0,0,0,806348
344380,2018,7,0,0,0.0,0,0,807058
344390,2018,7,0,0,0.0,0,0,808353
344399,2017,10,0,0,0.0,0,0,806348
344400,2018,7,0,0,0.0,0,0,809733
344404,2017,11,0,0,0.0,0,0,806348
344405,2018,7,0,0,0.0,0,0,810581
344414,2017,12,0,0,0.0,0,0,806348
344422,2018,7,0,0,0.0,0,0,813352
344439,2018,5,0,0,0.0,0,0,806348
344450,2018,7,0,0,0.0,0,0,817851
344454,2018,6,0,0,0.0,0,0,806348
344463,2018,7,0,0,0.0,0,0,806348
344470,2018,7,0,0,0.0,0,0,820344
344472,2018,7,0,0,0.0,0,0,820454
344474,2018,8,0,0,0.0,0,0,806348
344481,2018,9,0,0,0.0,0,0,806348
344488,2018,10,0,0,0.0,0,0,806348
344489,2018,11,0,0,0.0,0,0,806348
344493,2018,12,0,0,0.0,0,0,806348
344510,2018,7,0,0,0.0,0,0,825730
344516,2018,7,0,0,0.0,0,0,826304
344518,2018,7,0,0,0.0,0,0,826556
344535,2018,7,0,0,0.0,0,0,828232
344558,2018,7,0,0,0.0,0,0,830394
344567,2018,7,0,0,0.0,0,0,831180
344584,2018,7,0,0,0.0,0,0,832665
344586,2018,7,0,0,0.0,0,0,832810
344616,2018,7,0,0,0.0,0,0,834799
344712,2018,7,0,0,0.0,0,0,844477
344727,2018,7,0,0,0.0,0,0,846291
344745,2018,7,0,0,0.0,0,0,849569
344756,2018,7,0,0,0.0,0,0,851836
344757,2018,7,0,0,0.0,0,0,851845
344772,2018,7,0,0,0.0,0,0,853421
344779,2018,7,0,0,0.0,0,0,854742
344781,2018,7,0,0,0.0,0,0,854902
344782,2018,7,0,0,0.0,0,0,855050
344796,2018,7,0,0,0.0,0,0,856406
344808,2018,7,0,0,0.0,0,0,857814
344843,2018,7,0,0,0.0,0,0,861629
344859,2018,7,0,0,0.0,0,0,863349
344911,2018,7,0,0,0.0,0,0,869712
344919,2018,7,0,0,0.0,0,0,870574
344984,2018,7,0,0,0.0,0,0,877152
344990,2018,7,0,0,0.0,0,0,877603
344995,2018,7,0,0,0.0,0,0,878284
345002,2018,7,0,0,0.0,0,0,879177
345042,2018,7,0,0,0.0,0,0,883025
345047,2018,7,0,0,0.0,0,0,883349
345099,2018,7,0,0,0.0,0,0,889964
345106,2018,7,0,0,0.0,0,0,890650
345110,2018,7,0,0,0.0,0,0,890882
345124,2018,7,0,0,0.0,0,0,892219
345126,2018,7,0,0,0.0,0,0,892517
345144,2018,7,0,0,0.0,0,0,894620
345158,2018,7,0,0,0.0,0,0,896685
345163,2018,7,0,0,0.0,0,0,897734
345214,2018,7,0,0,0.0,0,0,903797
345216,2018,7,0,0,0.0,0,0,904304
345241,2018,7,0,0,0.0,0,0,906615
345252,2018,7,0,0,0.0,0,0,908120
345255,2018,7,0,0,0.0,0,0,908248
345279,2018,7,0,0,0.0,0,0,910373
345301,2018,7,0,0,0.0,0,0,913571
345327,2018,7,0,0,0.0,0,0,916713
345340,2018,7,0,0,0.0,0,0,918404
345354,2018,7,0,0,0.0,0,0,921278
345364,2018,7,0,0,0.0,0,0,922188
345372,2018,7,0,0,0.0,0,0,923234
345389,2018,7,0,0,0.0,0,0,924793
345394,2018,7,0,0,0.0,0,0,925385
345420,2018,7,0,0,0.0,0,0,929231
345422,2018,7,0,0,0.0,0,0,929455
345425,2018,7,0,0,0.0,0,0,929980
345459,2018,7,0,0,0.0,0,0,933968
345499,2018,7,0,0,0.0,0,0,939485
345526,2018,7,0,0,0.0,0,0,942189
345547,2018,7,0,0,0.0,0,0,944506
345554,2018,7,0,0,0.0,0,0,945091
345573,2018,7,0,0,0.0,0,0,947876
345574,2018,7,0,0,0.0,0,0,948325
345578,2018,7,0,0,0.0,0,0,948662
345579,2018,7,0,0,0.0,0,0,948693
345596,2018,7,0,0,0.0,0,0,950593
345600,2018,7,0,0,0.0,0,0,950961
345620,2018,7,0,0,0.0,0,0,953307
345673,2018,7,0,0,0.0,0,0,959453
345714,2018,7,0,0,0.0,0,0,965751
345720,2018,7,0,0,0.0,0,0,966580
345721,2018,7,0,0,0.0,0,0,966688
345738,2018,7,0,0,0.0,0,0,967883
345772,2018,7,0,0,0.0,0,0,973407
345774,2018,7,0,0,0.0,0,0,973609
345775,2018,7,0,0,0.0,0,0,973728
345784,2018,7,0,0,0.0,0,0,974829
345795,2018,7,0,0,0.0,0,0,976330
345811,2018,7,0,0,0.0,0,0,978712
345839,2018,7,0,0,0.0,0,0,983199
345851,2018,7,0,0,0.0,0,0,984429
345915,2018,7,0,0,0.0,0,0,991568
345940,2018,7,0,0,0.0,0,0,995404
345953,2018,7,0,0,0.0,0,0,997189
345970,2018,7,0,0,0.0,0,0,999460
345975,2018,7,0,0,0.0,0,0,999631
346006,2018,8,0,0,0.0,0,0,102311
346031,2018,8,0,0,0.0,0,0,105214
346038,2018,8,0,0,0.0,0,0,106037
346044,2018,8,0,0,0.0,0,0,106592
346056,2018,8,0,0,0.0,0,0,107571
346102,2018,8,0,0,0.0,0,0,112842
346125,2018,8,0,0,0.0,0,0,115198
346180,2018,8,0,0,0.0,0,0,121856
346193,2018,8,0,0,0.0,0,0,123538
346194,2018,5,0,0,0.0,492,89,714379
346232,2018,8,0,0,0.0,0,0,127882
346245,2018,8,0,0,0.0,0,0,128789
346255,2018,8,0,0,0.0,0,0,130208
346260,2018,8,0,0,0.0,0,0,131257
346291,2018,8,0,0,0.0,0,0,135421
346294,2018,8,0,0,0.0,0,0,135977
346327,2018,8,0,0,0.0,0,0,139600
346330,2018,8,0,0,0.0,0,0,139863
346331,2018,8,0,0,0.0,0,0,139974
346377,2018,8,0,0,0.0,0,0,145988
346378,2018,8,0,0,0.0,0,0,146028
346409,2018,8,0,0,0.0,0,0,149884
346410,2018,8,0,0,0.0,0,0,149912
346431,2018,8,0,0,0.0,0,0,153626
346440,2018,8,0,0,0.0,0,0,155118
346455,2018,8,0,0,0.0,0,0,157566
346472,2018,8,0,0,0.0,0,0,159359
346513,2018,8,0,0,0.0,0,0,163608
346517,2018,8,0,0,0.0,0,0,164034
346531,2018,8,0,0,0.0,0,0,165742
346555,2018,8,0,0,0.0,0,0,168302
346561,2018,8,0,0,0.0,0,0,168843
346562,2018,8,0,0,0.0,0,0,169129
346564,2018,8,0,0,0.0,0,0,169247
346596,2018,8,0,0,0.0,0,0,172162
346638,2018,8,0,0,0.0,0,0,177677
346663,2018,8,0,0,0.0,0,0,181082
346664,2018,8,0,0,0.0,0,0,181082
346703,2018,8,0,0,0.0,0,0,184924
346710,2018,8,0,0,0.0,0,0,185774
346716,2018,8,0,0,0.0,0,0,186593
346724,2018,8,0,0,0.0,0,0,187618
346727,2018,8,0,0,0.0,0,0,187838
346735,2018,8,0,0,0.0,0,0,188147
346765,2018,8,0,0,0.0,0,0,191917
346773,2018,8,0,0,0.0,0,0,192772
346819,2018,8,0,0,0.0,0,0,198407
346829,2018,8,0,0,0.0,0,0,199493
346858,2018,8,0,0,0.0,0,0,202358
346860,2018,8,0,0,0.0,0,0,202696
346893,2018,8,0,0,0.0,0,0,205195
346906,2018,8,0,0,0.0,0,0,206890
346909,2018,8,0,0,0.0,0,0,207001
346930,2018,8,0,0,0.0,0,0,209675
346946,2018,8,0,0,0.0,0,0,210755
346988,2018,8,0,0,0.0,0,0,216937
347001,2018,8,0,0,0.0,0,0,218917
347026,2018,8,0,0,0.0,0,0,221627
347028,2018,8,0,0,0.0,0,0,221993
347039,2018,8,0,0,0.0,0,0,223081
347064,2018,8,0,0,0.0,0,0,225746
347101,2018,8,0,0,0.0,0,0,232290
347114,2018,8,0,0,0.0,0,0,233969
347125,2017,1,0,0,0.0,0,0,823257
347128,2017,2,0,0,0.0,0,0,823257
347131,2018,8,0,0,0.0,0,0,236037
347137,2018,8,0,0,0.0,0,0,236593
347139,2018,8,0,0,0.0,0,0,236767
347141,2017,3,0,0,0.0,0,0,823257
347144,2017,4,0,0,0.0,0,0,823257
347146,2018,8,0,0,0.0,0,0,237319
347148,2018,8,0,0,0.0,0,0,237434
347150,2017,5,0,0,0.0,0,0,823257
347154,2018,8,0,0,0.0,0,0,238063
347158,2017,6,0,0,0.0,0,0,823257
347163,2017,7,0,0,0.0,0,0,823257
347168,2017,8,0,0,0.0,0,0,823257
347169,2017,10,0,0,0.0,0,0,823257
347170,2017,11,0,0,0.0,0,0,823257
347186,2018,1,0,0,0.0,0,0,823257
347196,2018,8,0,0,0.0,0,0,242719
347198,2018,8,0,0,0.0,0,0,242839
347204,2018,8,0,0,0.0,0,0,243273
347205,2018,2,0,0,0.0,0,0,823257
347216,2018,8,0,0,0.0,0,0,244721
347221,2018,5,0,0,0.0,0,0,823257
347238,2018,6,0,0,0.0,0,0,823257
347239,2018,7,0,0,0.0,0,0,823257
347240,2018,8,0,0,0.0,0,0,247471
347241,2018,8,0,0,0.0,0,0,247514
347243,2018,8,0,0,0.0,0,0,247645
347245,2018,8,0,0,0.0,0,0,823257
347249,2018,9,0,0,0.0,0,0,823257
347250,2018,10,0,0,0.0,0,0,823257
347267,2018,11,0,0,0.0,0,0,823257
347276,2018,12,0,0,0.0,0,0,823257
347305,2018,8,0,0,0.0,0,0,254860
347327,2018,8,0,0,0.0,0,0,256486
347337,2018,8,0,0,0.0,0,0,257417
347340,2018,8,0,0,0.0,0,0,257509
347380,2018,8,0,0,0.0,0,0,261964
347406,2018,8,0,0,0.0,0,0,264486
347418,2018,8,0,0,0.0,0,0,266148
347433,2018,8,0,0,0.0,0,0,268129
347436,2018,8,0,0,0.0,0,0,268414
347450,2018,8,0,0,0.0,0,0,270730
347485,2018,8,0,0,0.0,0,0,274879
347493,2018,8,0,0,0.0,0,0,276035
347494,2018,8,0,0,0.0,0,0,276289
347503,2018,8,0,0,0.0,0,0,277091
347521,2018,8,0,0,0.0,0,0,278059
347557,2018,8,0,0,0.0,0,0,281979
347569,2018,8,0,0,0.0,0,0,283770
347571,2018,8,0,0,0.0,0,0,283980
347659,2018,8,0,0,0.0,0,0,295302
347661,2018,8,0,0,0.0,0,0,295412
347683,2018,8,0,0,0.0,0,0,297427
347714,2018,8,0,0,0.0,0,0,300376
347757,2018,8,0,0,0.0,0,0,304870
347774,2018,8,0,0,0.0,0,0,306708
347780,2018,8,0,0,0.0,0,0,307159
347820,2018,8,0,0,0.0,0,0,311946
347845,2018,8,0,0,0.0,0,0,314558
347858,2018,8,0,0,0.0,0,0,316793
347885,2018,8,0,0,0.0,0,0,319868
347891,2018,8,0,0,0.0,0,0,320414
347896,2018,8,0,0,0.0,0,0,321027
347936,2018,8,0,0,0.0,0,0,325367
347970,2018,8,0,0,0.0,0,0,329215
347990,2018,8,0,0,0.0,0,0,331598
348028,2018,8,0,0,0.0,0,0,336341
348038,2018,8,0,0,0.0,0,0,337453
348073,2018,8,0,0,0.0,0,0,341728
348077,2018,8,0,0,0.0,0,0,342527
348083,2018,8,0,0,0.0,0,0,342929
348132,2017,4,0,0,0.0,361,65,155118
348140,2018,8,0,0,0.0,0,0,348718
348158,2018,8,0,0,0.0,0,0,350692
348173,2018,8,0,0,0.0,0,0,352490
348179,2018,8,0,0,0.0,0,0,353128
348227,2018,8,0,0,0.0,0,0,358586
348275,2018,8,0,0,0.0,0,0,365451
348276,2018,8,0,0,0.0,0,0,365557
348277,2018,8,0,0,0.0,0,0,365619
348282,2018,8,0,0,0.0,0,0,366133
348366,2018,8,0,0,0.0,0,0,375162
348374,2018,8,0,0,0.0,0,0,376618
348396,2018,8,0,0,0.0,0,0,379120
348397,2018,8,0,0,0.0,0,0,379238
348451,2018,8,0,0,0.0,0,0,386790
348457,2018,8,0,0,0.0,0,0,387523
348480,2018,8,0,0,0.0,0,0,390480
348481,2018,8,0,0,0.0,0,0,390546
348498,2018,8,0,0,0.0,0,0,392619
348580,2018,8,0,0,0.0,0,0,402052
348586,2018,8,0,0,0.0,0,0,402964
348588,2018,8,0,0,0.0,0,0,403052
348592,2018,8,0,0,0.0,0,0,403529
348593,2018,8,0,0,0.0,0,0,403529
348611,2018,8,0,0,0.0,0,0,406254
348663,2018,8,0,0,0.0,0,0,411715
348671,2018,8,0,0,0.0,0,0,412402
348680,2018,8,0,0,0.0,0,0,413185
348702,2018,8,0,0,0.0,0,0,415402
348730,2018,8,0,0,0.0,0,0,419661
348732,2018,8,0,0,0.0,0,0,419749
348753,2018,8,0,0,0.0,0,0,422349
348766,2018,8,0,0,0.0,0,0,424027
348772,2018,8,0,0,0.0,0,0,424540
348783,2018,8,0,0,0.0,0,0,426141
348804,2018,8,0,0,0.0,0,0,428526
348815,2018,8,0,0,0.0,0,0,429308
348840,2018,8,0,0,0.0,0,0,431187
348902,2018,8,0,0,0.0,0,0,436318
348917,2017,8,0,0,0.0,587,106,227804
348919,2017,12,0,0,0.0,558,100,204343
348923,2018,8,0,0,0.0,0,0,438263
348929,2018,8,0,0,0.0,0,0,438641
348967,2018,8,0,0,0.0,0,0,442695
348978,2018,8,0,0,0.0,0,0,443970
348984,2018,8,0,0,0.0,0,0,444365
348990,2018,8,0,0,0.0,0,0,445073
349000,2018,8,0,0,0.0,0,0,445427
349029,2018,8,0,0,0.0,0,0,448896
349088,2018,8,0,0,0.0,0,0,455941
349108,2018,8,0,0,0.0,0,0,457716
349151,2018,8,0,0,0.0,0,0,462497
349171,2018,8,0,0,0.0,0,0,464471
349184,2018,8,0,0,0.0,0,0,465476
349193,2018,8,0,0,0.0,0,0,466384
349201,2018,8,0,0,0.0,0,0,467139
349252,2018,8,0,0,0.0,0,0,472787
349290,2018,8,0,0,0.0,0,0,476273
349305,2017,11,0,0,0.0,376,68,842390
349344,2018,8,0,0,0.0,0,0,482424
349356,2018,8,0,0,0.0,0,0,483768
349382,2018,8,0,0,0.0,0,0,485705
349384,2018,8,0,0,0.0,0,0,485933
349395,2018,8,0,0,0.0,0,0,487027
349406,2018,8,0,0,0.0,0,0,488346
349432,2018,8,0,0,0.0,0,0,491253
349461,2018,8,0,0,0.0,0,0,494885
349529,2018,8,0,0,0.0,0,0,502946
349543,2018,8,0,0,0.0,0,0,504260
349544,2018,8,0,0,0.0,0,0,504311
349559,2018,8,0,0,0.0,0,0,506170
349571,2018,8,0,0,0.0,0,0,508115
349596,2018,8,0,0,0.0,0,0,511472
349609,2018,8,0,0,0.0,0,0,512471
349618,2018,8,0,0,0.0,0,0,513246
349642,2018,8,0,0,0.0,0,0,515981
349664,2018,8,0,0,0.0,0,0,518236
349738,2018,8,0,0,0.0,0,0,528074
349742,2018,8,0,0,0.0,0,0,528229
349743,2018,8,0,0,0.0,0,0,528331
349807,2018,8,0,0,0.0,0,0,535482
349831,2018,8,0,0,0.0,0,0,537990
349832,2018,8,0,0,0.0,0,0,538308
349853,2018,8,0,0,0.0,0,0,540836
349878,2018,8,0,0,0.0,0,0,543599
349888,2018,8,0,0,0.0,0,0,544690
349912,2018,8,0,0,0.0,0,0,547217
349943,2018,8,0,0,0.0,0,0,550262
349948,2018,8,0,0,0.0,0,0,550769
349984,2018,8,0,0,0.0,0,0,553936
349988,2018,8,0,0,0.0,0,0,554442
349990,2017,5,0,0,0.0,497,89,181082
350026,2018,8,0,0,0.0,0,0,559388
350047,2018,8,0,0,0.0,0,0,562501
350067,2018,8,0,0,0.0,0,0,565008
350069,2018,8,0,0,0.0,0,0,565074
350071,2018,8,0,0,0.0,0,0,565171
350095,2018,8,0,0,0.0,0,0,567219
350107,2018,8,0,0,0.0,0,0,568880
350120,2018,8,0,0,0.0,0,0,571169
350132,2018,8,0,0,0.0,0,0,572062
350142,2018,8,0,0,0.0,0,0,573332
350150,2018,8,0,0,0.0,0,0,573830
350207,2018,8,0,0,0.0,0,0,579424
350232,2018,8,0,0,0.0,0,0,581999
350242,2018,8,0,0,0.0,0,0,582690
350281,2018,8,0,0,0.0,0,0,587800
350309,2018,8,0,0,0.0,0,0,590989
350338,2018,8,0,0,0.0,0,0,595083
350350,2018,8,0,0,0.0,0,0,596173
350352,2018,8,0,0,0.0,0,0,596586
350362,2018,8,0,0,0.0,0,0,597897
350387,2018,8,0,0,0.0,0,0,600923
350407,2018,8,0,0,0.0,0,0,602694
350419,2018,8,0,0,0.0,0,0,604039
350434,2018,8,0,0,0.0,0,0,605761
350460,2018,8,0,0,0.0,0,0,607662
350554,2018,8,0,0,0.0,0,0,616611
350557,2018,8,0,0,0.0,0,0,616746
350562,2018,8,0,0,0.0,0,0,617296
350567,2018,8,0,0,0.0,0,0,617960
350579,2018,8,0,0,0.0,0,0,618824
350589,2018,8,0,0,0.0,0,0,620122
350597,2018,8,0,0,0.0,0,0,621940
350607,2018,8,0,0,0.0,0,0,622801
350615,2018,8,0,0,0.0,0,0,623341
350638,2018,8,0,0,0.0,0,0,626217
350647,2018,8,0,0,0.0,0,0,627244
350658,2018,8,0,0,0.0,0,0,628452
350671,2018,8,0,0,0.0,0,0,629966
350706,2018,8,0,0,0.0,0,0,633490
350748,2018,8,0,0,0.0,0,0,638495
350767,2018,8,0,0,0.0,0,0,640244
350787,2018,8,0,0,0.0,0,0,642031
350789,2018,8,0,0,0.0,0,0,642247
350793,2018,8,0,0,0.0,0,0,642409
350809,2018,8,0,0,0.0,0,0,644630
350810,2018,8,0,0,0.0,0,0,644786
350814,2018,8,0,0,0.0,0,0,645081
350869,2018,8,0,0,0.0,0,0,650621
350904,2018,8,0,0,0.0,0,0,653890
350927,2018,8,0,0,0.0,0,0,656572
350949,2018,8,0,0,0.0,0,0,659536
350961,2018,8,0,0,0.0,0,0,661054
350967,2018,8,0,0,0.0,0,0,661411
350971,2018,8,0,0,0.0,0,0,661502
350975,2018,8,0,0,0.0,0,0,662164
350991,2018,8,0,0,0.0,0,0,663641
351005,2018,8,0,0,0.0,0,0,665024
351059,2018,8,0,0,0.0,0,0,670751
351067,2018,8,0,0,0.0,0,0,671534
351070,2018,8,0,0,0.0,0,0,671849
351071,2018,8,0,0,0.0,0,0,671906
351079,2018,8,0,0,0.0,0,0,672391
351083,2018,8,0,0,0.0,0,0,672893
351107,2018,8,0,0,0.0,0,0,676669
351129,2018,8,0,0,0.0,0,0,678243
351146,2018,8,0,0,0.0,0,0,679414
351195,2018,8,0,0,0.0,0,0,684934
351267,2018,8,0,0,0.0,0,0,693494
351282,2018,8,0,0,0.0,0,0,694942
351286,2018,8,0,0,0.0,0,0,695342
351288,2018,8,0,0,0.0,0,0,695428
351293,2018,8,0,0,0.0,0,0,696096
351336,2018,8,0,0,0.0,0,0,701732
351341,2018,8,0,0,0.0,0,0,702284
351358,2018,8,0,0,0.0,0,0,703882
351362,2018,8,0,0,0.0,0,0,704149
351381,2018,8,0,0,0.0,0,0,706820
351391,2018,8,0,0,0.0,0,0,707470
351397,2018,8,0,0,0.0,0,0,708258
351399,2018,8,0,0,0.0,0,0,708343
351415,2018,8,0,0,0.0,0,0,710003
351416,2018,8,0,0,0.0,0,0,710003
351439,2018,8,0,0,0.0,0,0,713085
351476,2018,8,0,0,0.0,0,0,717459
351524,2018,8,0,0,0.0,0,0,723969
351527,2018,8,0,0,0.0,0,0,724272
351583,2018,8,0,0,0.0,0,0,729518
351587,2018,8,0,0,0.0,0,0,730246
351618,2018,8,0,0,0.0,0,0,733907
351622,2018,8,0,0,0.0,0,0,734226
351639,2018,8,0,0,0.0,0,0,736258
351645,2018,8,0,0,0.0,0,0,737451
351684,2018,8,0,0,0.0,0,0,741422
351694,2018,8,0,0,0.0,0,0,742281
351720,2018,8,0,0,0.0,0,0,744228
351724,2018,8,0,0,0.0,0,0,744612
351740,2018,8,0,0,0.0,0,0,745811
351742,2018,8,0,0,0.0,0,0,745920
351766,2018,8,0,0,0.0,0,0,747609
351789,2018,8,0,0,0.0,0,0,750247
351794,2018,8,0,0,0.0,0,0,750649
351811,2018,8,0,0,0.0,0,0,752885
351815,2018,8,0,0,0.0,0,0,753473
351816,2018,8,0,0,0.0,0,0,753637
351839,2018,8,0,0,0.0,0,0,756791
351841,2018,8,0,0,0.0,0,0,756867
351847,2018,8,0,0,0.0,0,0,757127
351885,2018,8,0,0,0.0,0,0,762272
351929,2018,8,0,0,0.0,0,0,766909
351970,2018,8,0,0,0.0,0,0,771035
351971,2018,8,0,0,0.0,0,0,771056
352006,2018,8,0,0,0.0,0,0,774321
352059,2018,8,0,0,0.0,0,0,781062
352100,2018,8,0,0,0.0,0,0,784787
352168,2018,8,0,0,0.0,0,0,793178
352188,2018,8,0,0,0.0,0,0,795230
352225,2018,8,0,0,0.0,0,0,799781
352232,2018,8,0,0,0.0,0,0,800433
352264,2018,8,0,0,0.0,0,0,803252
352295,2018,8,0,0,0.0,0,0,807058
352298,2018,8,0,0,0.0,0,0,807211
352308,2018,8,0,0,0.0,0,0,808353
352333,2018,8,0,0,0.0,0,0,812894
352334,2018,8,0,0,0.0,0,0,813352
352368,2018,8,0,0,0.0,0,0,817851
352388,2018,8,0,0,0.0,0,0,820454
352390,2018,8,0,0,0.0,0,0,820542
352392,2018,4,0,0,0.0,337,61,444894
352406,2018,8,0,0,0.0,0,0,822696
352430,2018,8,0,0,0.0,0,0,825484
352433,2018,8,0,0,0.0,0,0,825730
352437,2018,8,0,0,0.0,0,0,826304
352439,2018,8,0,0,0.0,0,0,826556
352465,2018,8,0,0,0.0,0,0,830394
352468,2018,8,0,0,0.0,0,0,830811
352482,2018,8,0,0,0.0,0,0,832597
352485,2018,8,0,0,0.0,0,0,832810
352497,2018,8,0,0,0.0,0,0,833998
352508,2018,8,0,0,0.0,0,0,834799
352519,2018,8,0,0,0.0,0,0,835796
352546,2018,8,0,0,0.0,0,0,838634
352580,2018,8,0,0,0.0,0,0,842390
352598,2018,8,0,0,0.0,0,0,844477
352649,2018,8,0,0,0.0,0,0,849569
352662,2018,8,0,0,0.0,0,0,851845
352664,2018,8,0,0,0.0,0,0,851986
352684,2018,8,0,0,0.0,0,0,854742
352685,2018,8,0,0,0.0,0,0,854902
352711,2018,8,0,0,0.0,0,0,857814
352743,2018,8,0,0,0.0,0,0,861629
352746,2018,8,0,0,0.0,0,0,861700
352755,2018,8,0,0,0.0,0,0,863349
352758,2018,8,0,0,0.0,0,0,863432
352802,2018,8,0,0,0.0,0,0,869712
352819,2018,8,0,0,0.0,0,0,872335
352846,2018,8,0,0,0.0,0,0,875796
352856,2018,8,0,0,0.0,0,0,877152
352858,2017,1,0,0,0.0,0,0,843672
352860,2017,2,0,0,0.0,0,0,843672
352862,2018,8,0,0,0.0,0,0,877603
352865,2017,3,0,0,0.0,0,0,843672
352888,2017,4,0,0,0.0,0,0,843672
352890,2018,8,0,0,0.0,0,0,881198
352894,2017,5,0,0,0.0,0,0,843672
352905,2018,8,0,0,0.0,0,0,883025
352908,2017,6,0,0,0.0,0,0,843672
352911,2018,8,0,0,0.0,0,0,883349
352912,2017,7,0,0,0.0,0,0,843672
352913,2017,8,0,0,0.0,0,0,843672
352917,2017,9,0,0,0.0,0,0,843672
352938,2018,8,0,0,0.0,0,0,886299
352940,2018,8,0,0,0.0,0,0,886439
352947,2017,10,0,0,0.0,0,0,843672
352952,2017,11,0,0,0.0,0,0,843672
352959,2017,12,0,0,0.0,0,0,843672
352962,2018,1,0,0,0.0,0,0,843672
352963,2018,2,0,0,0.0,0,0,843672
352967,2018,8,0,0,0.0,0,0,889964
352968,2018,3,0,0,0.0,0,0,843672
352971,2018,4,0,0,0.0,0,0,843672
352976,2018,8,0,0,0.0,0,0,890650
352978,2018,8,0,0,0.0,0,0,890882
352993,2018,8,0,0,0.0,0,0,892219
352998,2018,8,0,0,0.0,0,0,892517
353008,2018,5,0,0,0.0,0,0,843672
353013,2018,8,0,0,0.0,0,0,894436
353034,2018,8,0,0,0.0,0,0,896685
353040,2018,7,0,0,0.0,0,0,843672
353043,2018,8,0,0,0.0,0,0,897734
353050,2018,8,0,0,0.0,0,0,843672
353068,2018,8,0,0,0.0,0,0,900894
353070,2018,12,0,0,0.0,0,0,843672
353077,2018,8,0,0,0.0,0,0,901819
353092,2018,8,0,0,0.0,0,0,903797
353121,2018,8,0,0,0.0,0,0,906615
353129,2018,8,0,0,0.0,0,0,907038
353141,2018,8,0,0,0.0,0,0,908248
353162,2018,8,0,0,0.0,0,0,910373
353217,2018,8,0,0,0.0,0,0,917630
353218,2018,8,0,0,0.0,0,0,917998
353225,2018,8,0,0,0.0,0,0,918404
353250,2018,8,0,0,0.0,0,0,921278
353258,2018,8,0,0,0.0,0,0,922000
353319,2018,8,0,0,0.0,0,0,929231
353321,2018,8,0,0,0.0,0,0,929455
353336,2018,8,0,0,0.0,0,0,931183
353364,2018,8,0,0,0.0,0,0,935570
353372,2018,8,0,0,0.0,0,0,936273
353429,2018,8,0,0,0.0,0,0,942189
353452,2018,8,0,0,0.0,0,0,944750
353463,2018,8,0,0,0.0,0,0,946001
353467,2018,8,0,0,0.0,0,0,946258
353482,2018,8,0,0,0.0,0,0,947876
353492,2018,8,0,0,0.0,0,0,948693
353510,2018,8,0,0,0.0,0,0,950336
353515,2018,8,0,0,0.0,0,0,950593
353518,2018,8,0,0,0.0,0,0,950961
353540,2018,8,0,0,0.0,0,0,953307
353578,2018,8,0,0,0.0,0,0,957764
353645,2018,8,0,0,0.0,0,0,966204
353647,2018,8,0,0,0.0,0,0,966580
353648,2018,8,0,0,0.0,0,0,966688
353668,2018,8,0,0,0.0,0,0,968225
353693,2018,8,0,0,0.0,0,0,970746
353696,2018,8,0,0,0.0,0,0,971107
353702,2018,8,0,0,0.0,0,0,971528
353712,2018,8,0,0,0.0,0,0,973407
353713,2018,8,0,0,0.0,0,0,973609
353734,2018,8,0,0,0.0,0,0,976330
353744,2018,8,0,0,0.0,0,0,977303
353751,2018,8,0,0,0.0,0,0,978712
353760,2018,8,0,0,0.0,0,0,979776
353786,2018,8,0,0,0.0,0,0,983199
353793,2018,8,0,0,0.0,0,0,983822
353808,2018,8,0,0,0.0,0,0,986421
353844,2018,8,0,0,0.0,0,0,990918
353853,2018,8,0,0,0.0,0,0,991568
353866,2018,8,0,0,0.0,0,0,992886
353882,2018,8,0,0,0.0,0,0,995404
353917,2018,8,0,0,0.0,0,0,999460
353936,2018,9,0,0,0.0,0,0,101540
353979,2018,9,0,0,0.0,0,0,106037
353987,2018,9,0,0,0.0,0,0,106592
353990,2018,9,0,0,0.0,0,0,106689
353992,2018,9,0,0,0.0,0,0,106776
354062,2018,9,0,0,0.0,0,0,115198
354064,2018,9,0,0,0.0,0,0,115633
354099,2018,9,0,0,0.0,0,0,120613
354104,2018,9,0,0,0.0,0,0,121183
354125,2018,9,0,0,0.0,0,0,123538
354167,2018,9,0,0,0.0,0,0,127882
354178,2018,9,0,0,0.0,0,0,128789
354194,2018,9,0,0,0.0,0,0,131047
354196,2018,9,0,0,0.0,0,0,131257
354200,2018,9,0,0,0.0,0,0,131560
354225,2018,9,0,0,0.0,0,0,135421
354264,2018,9,0,0,0.0,0,0,138565
354266,2018,9,0,0,0.0,0,0,138737
354280,2018,9,0,0,0.0,0,0,139600
354283,2018,9,0,0,0.0,0,0,139863
354285,2018,9,0,0,0.0,0,0,139974
354333,2018,9,0,0,0.0,0,0,145988
354334,2018,9,0,0,0.0,0,0,146028
354335,2018,9,0,0,0.0,0,0,146037
354343,2018,9,0,0,0.0,0,0,147700
354384,2018,9,0,0,0.0,0,0,153600
354385,2018,9,0,0,0.0,0,0,153626
354399,2018,9,0,0,0.0,0,0,155118
354414,2018,9,0,0,0.0,0,0,157566
354435,2018,9,0,0,0.0,0,0,159359
354440,2018,2,0,0,0.0,436,78,893266
354446,2018,9,0,0,0.0,0,0,160135
354487,2018,9,0,0,0.0,0,0,165019
354493,2018,9,0,0,0.0,0,0,165443
354512,2018,9,0,0,0.0,0,0,167465
354518,2018,9,0,0,0.0,0,0,168302
354584,2018,9,0,0,0.0,0,0,175249
354604,2018,9,0,0,0.0,0,0,177677
354624,2018,9,0,0,0.0,0,0,180024
354631,2018,9,0,0,0.0,0,0,181082
354632,2018,9,0,0,0.0,0,0,181082
354647,2018,9,0,0,0.0,0,0,182785
354662,2018,9,0,0,0.0,0,0,184478
354667,2018,9,0,0,0.0,0,0,185285
354675,2018,9,0,0,0.0,0,0,186593
354710,2018,9,0,0,0.0,0,0,191917
354719,2018,9,0,0,0.0,0,0,192651
354722,2018,9,0,0,0.0,0,0,192772
354727,2018,9,0,0,0.0,0,0,193775
354747,2018,9,0,0,0.0,0,0,196442
354756,2018,9,0,0,0.0,0,0,197086
354766,2018,9,0,0,0.0,0,0,198407
354780,2018,9,0,0,0.0,0,0,199493
354815,2018,9,0,0,0.0,0,0,202696
354822,2018,9,0,0,0.0,0,0,203033
354854,2018,9,0,0,0.0,0,0,205195
354873,2018,9,0,0,0.0,0,0,206890
354877,2018,9,0,0,0.0,0,0,207001
354898,2018,9,0,0,0.0,0,0,209675
354907,2018,9,0,0,0.0,0,0,210498
354976,2018,9,0,0,0.0,0,0,216937
355009,2018,9,0,0,0.0,0,0,220822
355020,2018,9,0,0,0.0,0,0,221627
355025,2018,10,0,0,0.0,403,73,387523
355033,2018,9,0,0,0.0,0,0,223081
355039,2018,10,0,0,0.0,386,69,308891
355052,2017,9,0,0,0.0,405,73,170585
355054,2018,9,0,0,0.0,0,0,225363
355091,2018,9,0,0,0.0,0,0,229436
355130,2018,9,0,0,0.0,0,0,233969
355147,2018,9,0,0,0.0,0,0,236037
355156,2018,9,0,0,0.0,0,0,237319
355158,2018,9,0,0,0.0,0,0,237434
355163,2018,9,0,0,0.0,0,0,238063
355210,2018,9,0,0,0.0,0,0,242719
355212,2018,9,0,0,0.0,0,0,242839
355217,2018,9,0,0,0.0,0,0,243273
355245,2018,9,0,0,0.0,0,0,246187
355261,2018,9,0,0,0.0,0,0,247645
355324,2018,9,0,0,0.0,0,0,254860
355358,2018,9,0,0,0.0,0,0,257509
355433,2018,9,0,0,0.0,0,0,264486
355441,2018,9,0,0,0.0,0,0,265557
355447,2018,9,0,0,0.0,0,0,266148
355457,2018,9,0,0,0.0,0,0,267291
355462,2018,9,0,0,0.0,0,0,268129
355493,2018,9,0,0,0.0,0,0,271675
355528,2018,9,0,0,0.0,0,0,274879
355536,2018,9,0,0,0.0,0,0,276255
355541,2018,9,0,0,0.0,0,0,277091
355558,2018,9,0,0,0.0,0,0,278059
355578,2018,9,0,0,0.0,0,0,280828
355605,2018,9,0,0,0.0,0,0,283980
355609,2018,9,0,0,0.0,0,0,284610
355623,2018,9,0,0,0.0,0,0,286551
355636,2018,9,0,0,0.0,0,0,287266
355667,2018,9,0,0,0.0,539,97,201683
355720,2018,9,0,0,0.0,0,0,297427
355722,2018,9,0,0,0.0,0,0,297702
355748,2018,9,0,0,0.0,0,0,300376
355753,2018,9,0,0,0.0,0,0,300870
355789,2018,9,0,0,0.0,0,0,304870
355807,2018,9,0,0,0.0,0,0,306708
355814,2018,9,0,0,0.0,0,0,307159
355829,2018,9,0,0,0.0,0,0,308891
355883,2018,9,0,0,0.0,0,0,314558
355903,2018,9,0,0,0.0,0,0,317888
355906,2018,9,0,0,0.0,0,0,318654
355927,2018,9,0,0,0.0,0,0,320414
355992,2018,9,0,0,0.0,0,0,329215
355995,2018,9,0,0,0.0,0,0,329302
356003,2018,9,0,0,0.0,0,0,329826
356010,2018,9,0,0,0.0,0,0,331325
356048,2018,9,0,0,0.0,0,0,336037
356070,2018,9,0,0,0.0,0,0,337983
356073,2018,9,0,0,0.0,0,0,338285
356103,2018,9,0,0,0.0,0,0,342407
356104,2018,9,0,0,0.0,0,0,342527
356168,2018,9,0,0,0.0,0,0,348718
356232,2018,9,0,0,0.0,0,0,358039
356235,2018,9,0,0,0.0,0,0,358586
356249,2018,9,0,0,0.0,0,0,360537
356252,2018,9,0,0,0.0,0,0,360902
356283,2018,9,0,0,0.0,0,0,365451
356289,2018,9,0,0,0.0,0,0,366133
356388,2018,9,0,0,0.0,0,0,375162
356420,2018,9,0,0,0.0,0,0,379238
356503,2017,6,0,0,0.0,626,113,491253
356513,2018,9,0,0,0.0,0,0,390480
356537,2018,9,0,0,0.0,0,0,392619
356628,2018,9,0,0,0.0,0,0,402052
356636,2018,9,0,0,0.0,0,0,402964
356637,2018,9,0,0,0.0,0,0,403052
356642,2018,9,0,0,0.0,0,0,403529
356643,2018,9,0,0,0.0,0,0,403529
356647,2018,9,0,0,0.0,0,0,404426
356665,2018,9,0,0,0.0,0,0,405928
356679,2018,9,0,0,0.0,0,0,407411
356689,2018,9,0,0,0.0,0,0,408134
356695,2018,9,0,0,0.0,0,0,408838
356730,2018,9,0,0,0.0,0,0,412402
356737,2018,9,0,0,0.0,0,0,412995
356749,2018,9,0,0,0.0,0,0,414164
356776,2018,9,0,0,0.0,0,0,417904
356787,2018,9,0,0,0.0,0,0,419661
356793,2018,9,0,0,0.0,0,0,420202
356799,2018,9,0,0,0.0,0,0,420515
356827,2018,9,0,0,0.0,0,0,424027
356850,2018,9,0,0,0.0,0,0,426141
356880,2018,9,0,0,0.0,0,0,429308
356946,2018,9,0,0,0.0,0,0,436318
356969,2018,9,0,0,0.0,0,0,438641
356987,2018,9,0,0,0.0,0,0,440928
357007,2018,9,0,0,0.0,0,0,442695
357016,2018,9,0,0,0.0,0,0,444092
357020,2018,9,0,0,0.0,0,0,444365
357062,2018,9,0,0,0.0,0,0,447962
357063,2018,9,0,0,0.0,0,0,448142
357065,2018,9,0,0,0.0,0,0,448273
357067,2017,1,0,0,0.0,446,80,724272
357112,2018,9,0,0,0.0,0,0,454440
357127,2018,9,0,0,0.0,0,0,455941
357147,2018,9,0,0,0.0,0,0,458614
357157,2018,9,0,0,0.0,0,0,459948
357170,2018,9,0,0,0.0,0,0,461199
357184,2018,9,0,0,0.0,0,0,462459
357186,2018,9,0,0,0.0,0,0,462497
357206,2018,9,0,0,0.0,0,0,464471
357215,2018,9,0,0,0.0,0,0,465476
357222,2018,9,0,0,0.0,0,0,466384
357226,2018,9,0,0,0.0,0,0,466865
357229,2018,9,0,0,0.0,0,0,467139
357241,2018,9,0,0,0.0,0,0,467945
357272,2018,9,0,0,0.0,0,0,471858
357287,2018,9,0,0,0.0,0,0,472787
357322,2018,9,0,0,0.0,0,0,476273
357364,2018,9,0,0,0.0,0,0,480909
357379,2018,9,0,0,0.0,0,0,482424
357411,2018,9,0,0,0.0,0,0,485705
357423,2018,9,0,0,0.0,0,0,487027
357427,2018,9,0,0,0.0,0,0,487605
357434,2018,9,0,0,0.0,0,0,488346
357449,2018,9,0,0,0.0,0,0,489628
357462,2018,9,0,0,0.0,0,0,491253
357537,2018,9,0,0,0.0,0,0,499128
357544,2018,9,0,0,0.0,0,0,499945
357546,2018,9,0,0,0.0,0,0,500022
357568,2018,9,0,0,0.0,0,0,502946
357586,2018,9,0,0,0.0,0,0,504860
357608,2018,9,0,0,0.0,0,0,508080
357609,2018,9,0,0,0.0,0,0,508115
357621,2017,1,0,0,0.0,0,0,862659
357637,2018,9,0,0,0.0,0,0,511053
357671,2017,4,0,0,0.0,0,0,862659
357690,2017,8,0,0,0.0,0,0,862659
357709,2018,9,0,0,0.0,0,0,518236
357713,2017,11,0,0,0.0,0,0,862659
357719,2018,9,0,0,0.0,0,0,519726
357720,2018,1,0,0,0.0,0,0,862659
357744,2018,4,0,0,0.0,0,0,862659
357745,2018,5,0,0,0.0,0,0,862659
357747,2018,6,0,0,0.0,0,0,862659
357754,2018,7,0,0,0.0,0,0,862659
357771,2018,8,0,0,0.0,0,0,862659
357777,2018,9,0,0,0.0,0,0,527194
357780,2018,9,0,0,0.0,0,0,862659
357783,2018,10,0,0,0.0,0,0,862659
357784,2018,11,0,0,0.0,0,0,862659
357785,2018,9,0,0,0.0,0,0,528074
357788,2018,9,0,0,0.0,0,0,528229
357792,2018,12,0,0,0.0,0,0,862659
357793,2018,9,0,0,0.0,0,0,528693
357874,2018,9,0,0,0.0,0,0,538308
357895,2018,9,0,0,0.0,0,0,540836
357915,2018,9,0,0,0.0,0,0,542893
357922,2018,9,0,0,0.0,0,0,543599
357923,2018,9,0,0,0.0,0,0,543852
357947,2018,9,0,0,0.0,0,0,546665
357951,2018,9,0,0,0.0,0,0,547217
357975,2018,9,0,0,0.0,0,0,549862
357976,2018,9,0,0,0.0,0,0,549982
358009,2018,9,0,0,0.0,0,0,553936
358013,2018,9,0,0,0.0,0,0,554104
358036,2018,9,0,0,0.0,0,0,557458
358041,2018,9,0,0,0.0,0,0,558097
358079,2018,9,0,0,0.0,0,0,562501
358102,2018,9,0,0,0.0,0,0,565074
358110,2018,9,0,0,0.0,0,0,565991
358156,2018,9,0,0,0.0,0,0,571169
358167,2018,9,0,0,0.0,0,0,572062
358177,2018,9,0,0,0.0,0,0,572811
358240,2018,9,0,0,0.0,0,0,579015
358267,2018,9,0,0,0.0,0,0,581661
358271,2018,9,0,0,0.0,0,0,581999
358282,2018,9,0,0,0.0,0,0,582690
358316,2018,9,0,0,0.0,0,0,585978
358332,2018,9,0,0,0.0,0,0,587800
358357,2018,9,0,0,0.0,0,0,591641
358381,2018,9,0,0,0.0,0,0,595083
358384,2018,9,0,0,0.0,0,0,595323
358393,2018,9,0,0,0.0,0,0,596173
358396,2018,9,0,0,0.0,0,0,596390
358397,2018,9,0,0,0.0,0,0,596586
358420,2018,9,0,0,0.0,0,0,599372
358431,2018,9,0,0,0.0,0,0,600785
358435,2018,9,0,0,0.0,0,0,600923
358441,2018,9,0,0,0.0,0,0,601597
358464,2018,9,0,0,0.0,0,0,603775
358465,2018,9,0,0,0.0,0,0,604039
358525,2018,9,0,0,0.0,0,0,609072
358527,2018,9,0,0,0.0,0,0,609532
358549,2018,9,0,0,0.0,0,0,612510
358575,2018,9,0,0,0.0,0,0,614810
358598,2018,9,0,0,0.0,0,0,616611
358623,2018,9,0,0,0.0,0,0,618824
358633,2018,9,0,0,0.0,0,0,620122
358664,2018,9,0,0,0.0,0,0,622801
358672,2018,9,0,0,0.0,0,0,623341
358681,2018,9,0,0,0.0,0,0,625123
358690,2018,9,0,0,0.0,0,0,626217
358698,2018,9,0,0,0.0,0,0,627244
358703,2018,9,0,0,0.0,0,0,627489
358704,2018,9,0,0,0.0,0,0,627502
358713,2018,9,0,0,0.0,0,0,628431
358714,2018,9,0,0,0.0,0,0,628452
358729,2018,9,0,0,0.0,0,0,629966
358750,2018,9,0,0,0.0,0,0,632097
358766,2018,9,0,0,0.0,0,0,633490
358782,2018,9,0,0,0.0,0,0,635509
358788,2018,9,0,0,0.0,0,0,636505
358810,2018,9,0,0,0.0,0,0,638495
358826,2018,9,0,0,0.0,0,0,640244
358842,2018,9,0,0,0.0,0,0,642031
358843,2018,3,0,0,0.0,686,123,672893
358845,2018,9,0,0,0.0,0,0,642247
358849,2018,9,0,0,0.0,0,0,642409
358859,2018,9,0,0,0.0,0,0,644163
358866,2018,9,0,0,0.0,0,0,645081
358919,2018,9,0,0,0.0,0,0,650621
358957,2018,9,0,0,0.0,0,0,653890
358997,2018,9,0,0,0.0,0,0,659536
359009,2018,9,0,0,0.0,0,0,660436
359023,2018,9,0,0,0.0,0,0,661744
359042,2018,9,0,0,0.0,0,0,663641
359043,2018,9,0,0,0.0,0,0,664008
359050,2018,9,0,0,0.0,0,0,665024
359073,2018,9,0,0,0.0,0,0,667341
359086,2018,9,0,0,0.0,0,0,668959
359098,2018,9,0,0,0.0,0,0,670751
359105,2018,9,0,0,0.0,0,0,671534
359106,2018,9,0,0,0.0,0,0,671803
359107,2018,9,0,0,0.0,0,0,671906
359112,2018,9,0,0,0.0,0,0,672308
359113,2018,9,0,0,0.0,0,0,672391
359120,2018,9,0,0,0.0,0,0,672893
359161,2018,9,0,0,0.0,0,0,677704
359168,2018,9,0,0,0.0,0,0,678243
359177,2018,9,0,0,0.0,0,0,679414
359215,2018,9,0,0,0.0,0,0,683126
359245,2018,9,0,0,0.0,0,0,684934
359316,2018,9,0,0,0.0,0,0,693295
359319,2018,9,0,0,0.0,0,0,693494
359335,2018,9,0,0,0.0,0,0,695342
359337,2018,9,0,0,0.0,0,0,695428
359341,2018,9,0,0,0.0,0,0,695878
359353,2018,9,0,0,0.0,0,0,697272
359391,2018,9,0,0,0.0,0,0,701216
359393,2018,7,0,0,0.0,544,98,193775
359395,2018,9,0,0,0.0,0,0,701732
359398,2018,9,0,0,0.0,0,0,702147
359401,2018,9,0,0,0.0,0,0,702284
359404,2018,9,0,0,0.0,0,0,702406
359409,2018,9,0,0,0.0,0,0,702542
359424,2018,9,0,0,0.0,0,0,703882
359425,2018,9,0,0,0.0,0,0,703937
359429,2018,9,0,0,0.0,0,0,704270
359440,2018,9,0,0,0.0,0,0,705911
359456,2018,9,0,0,0.0,0,0,707470
359479,2018,9,0,0,0.0,0,0,710003
359480,2018,9,0,0,0.0,0,0,710003
359520,2018,9,0,0,0.0,0,0,714379
359544,2018,9,0,0,0.0,0,0,716785
359600,2018,9,0,0,0.0,0,0,723969
359619,2018,9,0,0,0.0,0,0,726139
359669,2018,9,0,0,0.0,0,0,730561
359701,2018,9,0,0,0.0,0,0,733907
359705,2018,9,0,0,0.0,0,0,734226
359715,2018,9,0,0,0.0,0,0,735304
359719,2018,10,0,0,0.0,431,78,408838
359727,2018,9,0,0,0.0,0,0,736258
359737,2018,9,0,0,0.0,0,0,737451
359816,2018,9,0,0,0.0,0,0,744228
359819,2018,9,0,0,0.0,0,0,744567
359820,2018,9,0,0,0.0,0,0,744612
359866,2018,9,0,0,0.0,0,0,747609
359894,2018,9,0,0,0.0,0,0,750247
359908,2018,9,0,0,0.0,0,0,751594
359915,2018,9,0,0,0.0,0,0,752885
359933,2018,9,0,0,0.0,0,0,755374
359941,2018,9,0,0,0.0,0,0,756515
359957,2018,9,0,0,0.0,0,0,757127
360003,2018,9,0,0,0.0,0,0,762272
360004,2018,9,0,0,0.0,0,0,762355
360053,2018,9,0,0,0.0,0,0,766909
360079,2018,9,0,0,0.0,0,0,769623
360090,2018,9,0,0,0.0,0,0,770968
360126,2018,9,0,0,0.0,0,0,774321
360149,2018,9,0,0,0.0,0,0,776736
360220,2018,9,0,0,0.0,0,0,784787
360258,2018,9,0,0,0.0,0,0,789892
360262,2018,9,0,0,0.0,0,0,790450
360273,2018,9,0,0,0.0,0,0,791809
360285,2018,9,0,0,0.0,0,0,793178
360343,2018,9,0,0,0.0,0,0,800433
360355,2018,9,0,0,0.0,0,0,801821
360365,2018,9,0,0,0.0,0,0,802425
360373,2018,9,0,0,0.0,0,0,803252
360385,2018,9,0,0,0.0,0,0,804521
360407,2018,9,0,0,0.0,0,0,807058
360410,2018,9,0,0,0.0,0,0,807211
360420,2018,9,0,0,0.0,0,0,808353
360454,2018,9,0,0,0.0,0,0,813352
360503,2018,9,0,0,0.0,0,0,819809
360511,2018,9,0,0,0.0,0,0,820454
360513,2018,9,0,0,0.0,0,0,820542
360527,2018,9,0,0,0.0,0,0,822765
360551,2018,9,0,0,0.0,0,0,825484
360554,2018,9,0,0,0.0,0,0,825730
360559,2018,9,0,0,0.0,0,0,826556
360584,2018,9,0,0,0.0,0,0,829861
360588,2018,9,0,0,0.0,0,0,830394
360594,2018,9,0,0,0.0,0,0,831180
360611,2018,9,0,0,0.0,0,0,832665
360612,2018,9,0,0,0.0,0,0,832810
360646,2018,9,0,0,0.0,0,0,835796
360684,2018,9,0,0,0.0,0,0,839422
360727,2018,9,0,0,0.0,0,0,844477
360778,2018,9,0,0,0.0,0,0,851421
360783,2018,9,0,0,0.0,0,0,851836
360784,2018,9,0,0,0.0,0,0,851845
360803,2018,9,0,0,0.0,0,0,853421
360811,2018,9,0,0,0.0,0,0,854742
360863,2018,9,0,0,0.0,0,0,860602
360864,2018,9,0,0,0.0,0,0,860684
360873,2018,9,0,0,0.0,0,0,861629
360933,2018,9,0,0,0.0,0,0,869712
360941,2018,9,0,0,0.0,0,0,870574
360962,2018,9,0,0,0.0,0,0,872335
360983,2018,9,0,0,0.0,0,0,873886
360993,2018,9,0,0,0.0,0,0,874614
361001,2017,1,0,0,0.0,0,0,878510
361014,2018,9,0,0,0.0,0,0,877152
361016,2017,2,0,0,0.0,0,0,878510
361018,2017,3,0,0,0.0,0,0,878510
361022,2018,9,0,0,0.0,0,0,878284
361025,2017,4,0,0,0.0,0,0,878510
361051,2017,5,0,0,0.0,0,0,878510
361058,2017,6,0,0,0.0,0,0,878510
361067,2018,9,0,0,0.0,0,0,882718
361071,2017,7,0,0,0.0,0,0,878510
361073,2018,9,0,0,0.0,0,0,883349
361074,2017,8,0,0,0.0,0,0,878510
361107,2018,1,0,0,0.0,0,0,878510
361110,2018,2,0,0,0.0,0,0,878510
361119,2018,3,0,0,0.0,0,0,878510
361120,2018,9,0,0,0.0,0,0,888357
361124,2018,4,0,0,0.0,0,0,878510
361125,2018,5,0,0,0.0,0,0,878510
361129,2018,9,0,0,0.0,0,0,889964
361131,2018,6,0,0,0.0,0,0,878510
361136,2018,9,0,0,0.0,0,0,890650
361139,2018,7,0,0,0.0,0,0,878510
361148,2018,8,0,0,0.0,0,0,878510
361156,2018,9,0,0,0.0,0,0,892517
361170,2018,9,0,0,0.0,0,0,878510
361174,2018,10,0,0,0.0,0,0,878510
361179,2018,9,0,0,0.0,0,0,894436
361189,2018,9,0,0,0.0,0,0,895185
361203,2018,9,0,0,0.0,0,0,896685
361208,2018,11,0,0,0.0,0,0,878510
361210,2018,9,0,0,0.0,0,0,897734
361223,2018,12,0,0,0.0,0,0,878510
361234,2018,2,0,0,0.0,333,60,498149
361241,2018,9,0,0,0.0,0,0,900894
361247,2018,11,0,0,0.0,356,64,342527
361273,2018,9,0,0,0.0,0,0,903209
361304,2018,9,0,0,0.0,0,0,905909
361324,2018,9,0,0,0.0,0,0,908248
361344,2018,9,0,0,0.0,0,0,910373
361400,2018,9,0,0,0.0,0,0,916713
361404,2018,9,0,0,0.0,0,0,917630
361409,2018,9,0,0,0.0,0,0,917998
361417,2018,9,0,0,0.0,0,0,918404
361450,2018,9,0,0,0.0,0,0,922926
361460,2018,9,0,0,0.0,0,0,923959
361505,2018,9,0,0,0.0,0,0,929231
361509,2018,9,0,0,0.0,0,0,929455
361565,2018,9,0,0,0.0,0,0,935570
361574,2018,9,0,0,0.0,0,0,936273
361630,2018,9,0,0,0.0,0,0,942189
361655,2018,9,0,0,0.0,0,0,944506
361657,2018,9,0,0,0.0,0,0,944750
361667,2018,9,0,0,0.0,0,0,946001
361683,2018,9,0,0,0.0,0,0,948325
361685,2018,9,0,0,0.0,0,0,948693
361705,2018,9,0,0,0.0,0,0,950593
361710,2018,9,0,0,0.0,0,0,950961
361727,2018,9,0,0,0.0,0,0,953307
361764,2018,9,0,0,0.0,0,0,957764
361782,2018,9,0,0,0.0,0,0,959728
361825,2018,9,0,0,0.0,0,0,965079
361829,2018,9,0,0,0.0,0,0,965751
361832,2018,9,0,0,0.0,0,0,966204
361834,2018,9,0,0,0.0,0,0,966391
361836,2018,9,0,0,0.0,0,0,966688
361846,2018,9,0,0,0.0,0,0,967347
361858,2018,9,0,0,0.0,0,0,968225
361892,2018,9,0,0,0.0,0,0,970746
361895,2018,9,0,0,0.0,0,0,971107
361900,2018,9,0,0,0.0,0,0,971528
361902,2018,9,0,0,0.0,0,0,971582
361920,2018,9,0,0,0.0,0,0,973609
361949,2018,9,0,0,0.0,0,0,976330
361960,2018,9,0,0,0.0,0,0,977303
361967,2018,9,0,0,0.0,0,0,978712
361980,2018,9,0,0,0.0,0,0,979776
362005,2018,9,0,0,0.0,0,0,982296
362015,2018,9,0,0,0.0,0,0,983199
362029,2018,9,0,0,0.0,0,0,984429
362045,2018,9,0,0,0.0,0,0,986421
362090,2018,9,0,0,0.0,0,0,991568
362115,2018,9,0,0,0.0,0,0,994877
362119,2018,9,0,0,0.0,0,0,995404
362148,2018,9,0,0,0.0,0,0,999460
362152,2018,9,0,0,0.0,0,0,999631
362166,2018,10,0,0,0.0,0,0,101540
362195,2018,10,0,0,0.0,0,0,106037
362202,2018,10,0,0,0.0,0,0,106592
362283,2018,10,0,0,0.0,0,0,115198
362297,2018,10,0,0,0.0,0,0,116735
362335,2018,10,0,0,0.0,0,0,120613
362364,2018,10,0,0,0.0,0,0,123538
362409,2018,10,0,0,0.0,0,0,127882
362438,2018,10,0,0,0.0,0,0,131047
362441,2018,10,0,0,0.0,0,0,131257
362467,2018,10,0,0,0.0,0,0,134273
362486,2018,10,0,0,0.0,0,0,136516
362509,2018,10,0,0,0.0,0,0,138565
362514,2018,10,0,0,0.0,0,0,138810
362521,2018,10,0,0,0.0,0,0,139600
362523,2018,10,0,0,0.0,0,0,139974
362576,2018,10,0,0,0.0,0,0,146037
362601,2018,10,0,0,0.0,0,0,149884
362627,2018,10,0,0,0.0,0,0,153600
362629,2018,10,0,0,0.0,0,0,153884
362654,2018,10,0,0,0.0,0,0,157566
362711,2018,10,0,0,0.0,0,0,164034
362723,2018,10,0,0,0.0,0,0,164973
362730,2018,10,0,0,0.0,0,0,165742
362732,2018,10,0,0,0.0,0,0,166037
362743,2018,10,0,0,0.0,0,0,167465
362750,2018,10,0,0,0.0,0,0,168302
362787,2018,10,0,0,0.0,0,0,172162
362812,2018,10,0,0,0.0,0,0,175249
362832,2018,10,0,0,0.0,0,0,177677
362854,2018,10,0,0,0.0,0,0,181082
362855,2018,10,0,0,0.0,0,0,181082
362900,2018,10,0,0,0.0,0,0,184924
362903,2018,10,0,0,0.0,0,0,185285
362971,2018,10,0,0,0.0,0,0,192651
362973,2018,10,0,0,0.0,0,0,192772
362974,2018,10,0,0,0.0,0,0,193037
362979,2018,10,0,0,0.0,0,0,193665
362981,2018,10,0,0,0.0,0,0,193775
363026,2018,10,0,0,0.0,0,0,198407
363040,2018,10,0,0,0.0,0,0,199493
363054,2018,10,0,0,0.0,0,0,201276
363069,2018,10,0,0,0.0,0,0,202358
363089,2018,10,0,0,0.0,0,0,204343
363098,2018,10,0,0,0.0,0,0,205195
363114,2018,10,0,0,0.0,0,0,206890
363134,2018,10,0,0,0.0,0,0,209675
363147,2018,10,0,0,0.0,0,0,210755
363186,2018,10,0,0,0.0,0,0,215508
363187,2018,10,0,0,0.0,0,0,215508
363202,2018,10,0,0,0.0,0,0,216937
363244,2018,10,0,0,0.0,0,0,221627
363255,2018,10,0,0,0.0,0,0,223081
363297,2018,10,0,0,0.0,0,0,227804
363329,2018,10,0,0,0.0,0,0,232290
363371,2018,10,0,0,0.0,0,0,236037
363375,2018,10,0,0,0.0,0,0,236767
363385,2018,10,0,0,0.0,0,0,238063
363411,2018,10,0,0,0.0,0,0,240476
363430,2018,10,0,0,0.0,0,0,242719
363433,2018,10,0,0,0.0,0,0,242839
363440,2018,10,0,0,0.0,0,0,243273
363456,2018,10,0,0,0.0,0,0,244721
363476,2018,10,0,0,0.0,0,0,247471
363485,2018,10,0,0,0.0,0,0,248593
363552,2018,10,0,0,0.0,0,0,256486
363561,2018,10,0,0,0.0,0,0,257417
363564,2018,10,0,0,0.0,0,0,257509
363609,2018,10,0,0,0.0,0,0,261964
363641,2018,10,0,0,0.0,0,0,264486
363645,2018,10,0,0,0.0,0,0,265297
363653,2018,10,0,0,0.0,0,0,266148
363738,2018,10,0,0,0.0,0,0,276289
363741,2018,10,0,0,0.0,0,0,276650
363747,2018,10,0,0,0.0,0,0,277091
363769,2018,10,0,0,0.0,0,0,278059
363779,2018,10,0,0,0.0,0,0,279231
363805,2018,10,0,0,0.0,0,0,282259
363821,2018,10,0,0,0.0,0,0,283980
363823,2018,10,0,0,0.0,0,0,284610
363836,2018,10,0,0,0.0,0,0,286551
363908,2018,10,0,0,0.0,0,0,295302
363931,2018,10,0,0,0.0,0,0,297427
363963,2018,10,0,0,0.0,0,0,300376
363968,2018,10,0,0,0.0,0,0,300870
364003,2018,10,0,0,0.0,0,0,304870
364018,2018,10,0,0,0.0,0,0,306708
364023,2018,10,0,0,0.0,0,0,307159
364060,2018,10,0,0,0.0,0,0,311946
364092,2018,10,0,0,0.0,0,0,314558
364113,2018,10,0,0,0.0,0,0,316793
364121,2018,10,0,0,0.0,0,0,317888
364124,2018,10,0,0,0.0,0,0,318264
364127,2018,10,0,0,0.0,0,0,318654
364142,2018,10,0,0,0.0,0,0,319868
364213,2018,10,0,0,0.0,0,0,327972
364230,2018,10,0,0,0.0,0,0,329826
364239,2018,10,0,0,0.0,0,0,330464
364280,2018,10,0,0,0.0,0,0,336037
364301,2018,10,0,0,0.0,0,0,337453
364317,2018,10,0,0,0.0,0,0,339845
364335,2018,10,0,0,0.0,0,0,341728
364396,2018,11,0,0,0.0,421,76,193037
364412,2018,10,0,0,0.0,0,0,348718
364460,2018,10,0,0,0.0,0,0,354464
364488,2018,10,0,0,0.0,0,0,358586
364504,2018,10,0,0,0.0,0,0,360537
364543,2018,10,0,0,0.0,0,0,365557
364602,2018,10,0,0,0.0,0,0,371368
364636,2018,10,0,0,0.0,0,0,375162
364641,2018,10,0,0,0.0,0,0,375540
364736,2018,10,0,0,0.0,0,0,385593
364744,2018,10,0,0,0.0,0,0,386790
364779,2018,10,0,0,0.0,0,0,390546
364792,2018,10,0,0,0.0,0,0,391611
364801,2018,10,0,0,0.0,0,0,392619
364806,2018,10,0,0,0.0,0,0,392802
364888,2018,10,0,0,0.0,0,0,402052
364904,2018,10,0,0,0.0,0,0,403529
364905,2018,10,0,0,0.0,0,0,403529
364928,2018,10,0,0,0.0,0,0,407411
364936,2018,10,0,0,0.0,0,0,408347
364942,2018,10,0,0,0.0,0,0,409051
364967,2018,10,0,0,0.0,0,0,411715
365005,2018,10,0,0,0.0,0,0,415402
365024,2018,10,0,0,0.0,0,0,417904
365047,2018,10,0,0,0.0,0,0,420202
365055,2018,10,0,0,0.0,0,0,420515
365059,2018,10,0,0,0.0,0,0,421001
365060,2018,10,0,0,0.0,0,0,421191
365067,2018,10,0,0,0.0,0,0,421923
365073,2018,10,0,0,0.0,0,0,422349
365095,2018,10,0,0,0.0,0,0,424027
365097,2018,8,0,0,0.0,727,131,515969
365108,2018,10,0,0,0.0,0,0,425445
365119,2018,10,0,0,0.0,0,0,426141
365166,2018,10,0,0,0.0,0,0,431201
365178,2018,10,0,0,0.0,0,0,432493
365215,2018,10,0,0,0.0,0,0,436318
365231,2018,10,0,0,0.0,0,0,438199
365244,2018,10,0,0,0.0,0,0,439819
365254,2018,10,0,0,0.0,0,0,440928
365274,2018,10,0,0,0.0,0,0,442249
365288,2018,10,0,0,0.0,0,0,444092
365296,2018,10,0,0,0.0,0,0,444894
365323,2018,10,0,0,0.0,0,0,446991
365332,2018,10,0,0,0.0,0,0,447962
365334,2018,10,0,0,0.0,0,0,448142
365335,2018,10,0,0,0.0,0,0,448273
365342,2018,10,0,0,0.0,0,0,448896
365369,2018,10,0,0,0.0,0,0,453448
365373,2018,10,0,0,0.0,0,0,453971
365395,2018,10,0,0,0.0,0,0,455941
365416,2018,10,0,0,0.0,0,0,458614
365429,2018,10,0,0,0.0,0,0,459948
365450,2018,10,0,0,0.0,0,0,462459
365452,2018,10,0,0,0.0,0,0,462497
365468,2018,10,0,0,0.0,0,0,464471
365476,2018,10,0,0,0.0,0,0,465476
365484,2018,10,0,0,0.0,0,0,466384
365490,2018,10,0,0,0.0,0,0,467139
365505,2018,10,0,0,0.0,0,0,467945
365540,2018,10,0,0,0.0,0,0,471858
365584,2018,10,0,0,0.0,0,0,476273
365585,2018,10,0,0,0.0,0,0,476371
365595,2018,10,0,0,0.0,0,0,478050
365596,2018,10,0,0,0.0,0,0,478107
365601,2018,10,0,0,0.0,0,0,478666
365619,2018,10,0,0,0.0,0,0,480909
365635,2018,10,0,0,0.0,0,0,482424
365636,2018,10,0,0,0.0,0,0,482528
365646,2018,10,0,0,0.0,0,0,483768
365662,2018,10,0,0,0.0,0,0,485705
365665,2018,10,0,0,0.0,0,0,485933
365667,2018,10,0,0,0.0,0,0,486112
365678,2018,10,0,0,0.0,0,0,487027
365691,2018,10,0,0,0.0,0,0,488303
365692,2018,10,0,0,0.0,0,0,488346
365735,2018,10,0,0,0.0,0,0,492367
365757,2018,10,0,0,0.0,0,0,494515
365761,2018,10,0,0,0.0,0,0,494885
365804,2018,10,0,0,0.0,0,0,500022
365836,2018,10,0,0,0.0,0,0,502946
365849,2018,10,0,0,0.0,0,0,504260
365857,2018,10,0,0,0.0,0,0,505522
365871,2018,10,0,0,0.0,0,0,507005
365907,2018,10,0,0,0.0,0,0,511053
365909,2018,10,0,0,0.0,0,0,511342
365911,2018,10,0,0,0.0,0,0,511472
365925,2018,10,0,0,0.0,0,0,512471
365931,2018,10,0,0,0.0,0,0,513246
365963,2018,10,0,0,0.0,0,0,515981
365998,2018,10,0,0,0.0,0,0,519726
366057,2018,10,0,0,0.0,0,0,527194
366068,2018,10,0,0,0.0,0,0,528074
366074,2018,10,0,0,0.0,0,0,528363
366076,2018,10,0,0,0.0,0,0,528693
366091,2018,10,0,0,0.0,0,0,530508
366139,2018,10,0,0,0.0,0,0,535436
366140,2018,10,0,0,0.0,0,0,535482
366142,2018,10,0,0,0.0,0,0,535852
366156,2018,10,0,0,0.0,0,0,537387
366160,2017,11,0,0,0.0,318,57,276650
366163,2018,10,0,0,0.0,0,0,538308
366192,2018,10,0,0,0.0,0,0,540836
366198,2017,9,0,0,0.0,350,63,587800
366209,2018,10,0,0,0.0,0,0,542893
366213,2018,10,0,0,0.0,0,0,543599
366234,2018,10,0,0,0.0,0,0,546665
366240,2018,10,0,0,0.0,0,0,547217
366265,2018,10,0,0,0.0,0,0,549982
366267,2018,10,0,0,0.0,0,0,550262
366271,2018,10,0,0,0.0,0,0,550769
366285,2018,10,0,0,0.0,0,0,552328
366296,2018,10,0,0,0.0,0,0,553936
366330,2018,10,0,0,0.0,0,0,558097
366359,2018,10,0,0,0.0,0,0,561481
366371,2018,10,0,0,0.0,0,0,562501
366384,2018,10,0,0,0.0,0,0,564813
366389,2018,10,0,0,0.0,0,0,565074
366422,2018,10,0,0,0.0,0,0,568880
366437,2018,10,0,0,0.0,0,0,571169
366449,2018,10,0,0,0.0,0,0,572062
366466,2018,10,0,0,0.0,0,0,573332
366530,2018,10,0,0,0.0,0,0,579015
366537,2018,10,0,0,0.0,0,0,579581
366557,2018,10,0,0,0.0,0,0,581661
366559,2018,10,0,0,0.0,0,0,581999
366567,2018,10,0,0,0.0,0,0,582690
366610,2018,10,0,0,0.0,0,0,587378
366634,2018,10,0,0,0.0,0,0,590514
366637,2018,10,0,0,0.0,0,0,590989
366643,2018,10,0,0,0.0,0,0,591641
366656,2018,10,0,0,0.0,0,0,593252
366666,2017,2,0,0,0.0,0,0,909880
366680,2018,10,0,0,0.0,0,0,596173
366693,2018,10,0,0,0.0,0,0,597897
366704,2017,6,0,0,0.0,0,0,909880
366707,2017,7,0,0,0.0,0,0,909880
366708,2017,8,0,0,0.0,0,0,909880
366717,2018,10,0,0,0.0,0,0,600923
366723,2017,9,0,0,0.0,0,0,909880
366728,2017,10,0,0,0.0,0,0,909880
366729,2017,11,0,0,0.0,0,0,909880
366731,2017,12,0,0,0.0,0,0,909880
366734,2018,1,0,0,0.0,0,0,909880
366736,2018,2,0,0,0.0,0,0,909880
366737,2018,3,0,0,0.0,0,0,909880
366738,2018,10,0,0,0.0,0,0,602694
366741,2018,4,0,0,0.0,0,0,909880
366751,2018,10,0,0,0.0,0,0,604039
366759,2018,5,0,0,0.0,0,0,909880
366785,2018,6,0,0,0.0,0,0,909880
366787,2018,7,0,0,0.0,0,0,909880
366789,2018,8,0,0,0.0,0,0,909880
366790,2018,9,0,0,0.0,0,0,909880
366791,2018,10,0,0,0.0,0,0,909880
366810,2018,11,0,0,0.0,0,0,909880
366816,2018,10,0,0,0.0,0,0,608517
366817,2018,12,0,0,0.0,0,0,909880
366873,2018,10,0,0,0.0,0,0,614810
366876,2018,10,0,0,0.0,0,0,615214
366892,2018,10,0,0,0.0,0,0,616611
366912,2018,10,0,0,0.0,0,0,618824
366930,2018,10,0,0,0.0,0,0,621940
366940,2018,10,0,0,0.0,0,0,622801
366949,2018,10,0,0,0.0,0,0,623341
366964,2018,10,0,0,0.0,0,0,625451
366970,2018,10,0,0,0.0,0,0,626217
366980,2018,10,0,0,0.0,0,0,627244
366993,2018,10,0,0,0.0,0,0,628431
366994,2018,10,0,0,0.0,0,0,628452
367023,2018,10,0,0,0.0,0,0,632097
367033,2018,10,0,0,0.0,0,0,633490
367064,2018,10,0,0,0.0,0,0,637687
367072,2018,10,0,0,0.0,0,0,638495
367109,2018,10,0,0,0.0,0,0,642002
367111,2018,10,0,0,0.0,0,0,642031
367113,2018,10,0,0,0.0,0,0,642247
367117,2018,10,0,0,0.0,0,0,642409
367129,2018,10,0,0,0.0,0,0,644163
367133,2018,10,0,0,0.0,0,0,644786
367227,2018,10,0,0,0.0,0,0,653890
367229,2018,10,0,0,0.0,0,0,654073
367251,2018,10,0,0,0.0,0,0,656942
367278,2018,10,0,0,0.0,0,0,660197
367295,2018,10,0,0,0.0,0,0,661744
367296,2018,10,0,0,0.0,0,0,662380
367311,2018,10,0,0,0.0,0,0,663641
367317,2018,10,0,0,0.0,0,0,664008
367329,2018,10,0,0,0.0,0,0,665024
367355,2018,10,0,0,0.0,0,0,667262
367399,2018,10,0,0,0.0,0,0,671849
367400,2018,10,0,0,0.0,0,0,671906
367406,2018,10,0,0,0.0,0,0,672308
367408,2018,10,0,0,0.0,0,0,672391
367454,2018,10,0,0,0.0,0,0,677704
367462,2018,10,0,0,0.0,0,0,678243
367474,2018,10,0,0,0.0,0,0,679414
367508,2018,10,0,0,0.0,0,0,683126
367532,2018,10,0,0,0.0,0,0,684934
367618,2018,10,0,0,0.0,0,0,695342
367620,2018,10,0,0,0.0,0,0,695428
367627,2018,10,0,0,0.0,0,0,696096
367674,2018,10,0,0,0.0,0,0,701216
367681,2018,10,0,0,0.0,0,0,701732
367687,2018,10,0,0,0.0,0,0,702478
367706,2018,10,0,0,0.0,0,0,703882
367707,2018,10,0,0,0.0,0,0,703937
367711,2018,10,0,0,0.0,0,0,704149
367738,2018,10,0,0,0.0,0,0,707470
367751,2018,10,0,0,0.0,0,0,708343
367767,2018,10,0,0,0.0,0,0,710003
367768,2018,10,0,0,0.0,0,0,710003
367799,2018,10,0,0,0.0,0,0,713236
367814,2018,10,0,0,0.0,0,0,715462
367853,2018,10,0,0,0.0,0,0,719383
367876,2018,10,0,0,0.0,0,0,721688
367895,2018,10,0,0,0.0,0,0,723591
367901,2018,10,0,0,0.0,0,0,723969
367903,2018,10,0,0,0.0,0,0,724272
367921,2018,10,0,0,0.0,0,0,726139
367955,2018,10,0,0,0.0,0,0,728486
367971,2018,8,0,0,0.0,696,125,959728
367972,2018,10,0,0,0.0,0,0,730246
367986,2018,10,0,0,0.0,0,0,731510
367996,2018,5,0,0,0.0,618,111,920162
368017,2018,10,0,0,0.0,0,0,734226
368020,2017,1,0,0,0.0,0,0,919922
368021,2017,2,0,0,0.0,0,0,919922
368022,2017,3,0,0,0.0,0,0,919922
368025,2018,10,0,0,0.0,0,0,735263
368032,2018,10,0,0,0.0,0,0,736258
368036,2017,4,0,0,0.0,0,0,919922
368041,2017,5,0,0,0.0,0,0,919922
368042,2018,10,0,0,0.0,0,0,737451
368057,2017,6,0,0,0.0,0,0,919922
368061,2017,7,0,0,0.0,0,0,919922
368066,2017,8,0,0,0.0,0,0,919922
368093,2018,10,0,0,0.0,0,0,742281
368095,2017,10,0,0,0.0,0,0,919922
368114,2018,10,0,0,0.0,0,0,744228
368121,2017,12,0,0,0.0,0,0,919922
368141,2018,10,0,0,0.0,0,0,746536
368143,2018,10,0,0,0.0,0,0,746772
368153,2018,10,0,0,0.0,0,0,747609
368160,2018,5,0,0,0.0,0,0,919922
368161,2018,6,0,0,0.0,0,0,919922
368162,2018,7,0,0,0.0,0,0,919922
368166,2018,8,0,0,0.0,0,0,919922
368180,2018,9,0,0,0.0,0,0,919922
368181,2018,10,0,0,0.0,0,0,750247
368183,2018,10,0,0,0.0,0,0,919922
368186,2018,10,0,0,0.0,0,0,750649
368187,2018,10,0,0,0.0,0,0,750710
368188,2018,11,0,0,0.0,0,0,919922
368191,2018,12,0,0,0.0,0,0,919922
368192,2018,10,0,0,0.0,0,0,751594
368207,2018,10,0,0,0.0,0,0,752885
368209,2018,10,0,0,0.0,0,0,753473
368251,2018,10,0,0,0.0,0,0,757127
368340,2018,10,0,0,0.0,0,0,766909
368363,2018,10,0,0,0.0,0,0,769623
368375,2018,10,0,0,0.0,0,0,770968
368460,2018,10,0,0,0.0,0,0,781062
368487,2018,10,0,0,0.0,0,0,784787
368514,2018,10,0,0,0.0,0,0,787548
368539,2018,10,0,0,0.0,0,0,789573
368553,2018,10,0,0,0.0,0,0,791809
368615,2018,10,0,0,0.0,0,0,799781
368620,2018,10,0,0,0.0,0,0,800433
368633,2018,10,0,0,0.0,0,0,801821
368646,2018,10,0,0,0.0,0,0,803084
368649,2018,10,0,0,0.0,0,0,803252
368679,2018,10,0,0,0.0,0,0,807058
368682,2018,10,0,0,0.0,0,0,807211
368690,2018,10,0,0,0.0,0,0,808353
368707,2018,10,0,0,0.0,0,0,811684
368714,2018,10,0,0,0.0,0,0,812894
368717,2018,10,0,0,0.0,0,0,813352
368750,2018,10,0,0,0.0,0,0,817456
368761,2018,10,0,0,0.0,0,0,818597
368771,2018,10,0,0,0.0,0,0,819809
368772,2017,10,0,0,0.0,537,97,445073
368778,2018,10,0,0,0.0,0,0,820542
368805,2018,10,0,0,0.0,0,0,824133
368815,2018,10,0,0,0.0,0,0,825484
368820,2018,10,0,0,0.0,0,0,825730
368823,2018,10,0,0,0.0,0,0,826304
368825,2018,10,0,0,0.0,0,0,826556
368836,2018,10,0,0,0.0,0,0,828232
368854,2018,10,0,0,0.0,0,0,829861
368859,2018,10,0,0,0.0,0,0,830385
368860,2018,10,0,0,0.0,0,0,830394
368867,2018,10,0,0,0.0,0,0,831180
368881,2018,10,0,0,0.0,0,0,832665
368882,2018,10,0,0,0.0,0,0,832810
368901,2018,10,0,0,0.0,0,0,834799
368934,2018,10,0,0,0.0,0,0,838634
368964,2018,10,0,0,0.0,0,0,842279
368966,2018,10,0,0,0.0,0,0,842390
368986,2018,10,0,0,0.0,0,0,844477
369020,2018,10,0,0,0.0,0,0,848632
369021,2017,1,0,0,0.0,0,0,929712
369035,2017,2,0,0,0.0,0,0,929712
369038,2017,3,0,0,0.0,0,0,929712
369041,2017,4,0,0,0.0,0,0,929712
369044,2018,10,0,0,0.0,0,0,851845
369048,2018,10,0,0,0.0,0,0,851986
369061,2017,6,0,0,0.0,0,0,929712
369065,2017,7,0,0,0.0,0,0,929712
369070,2018,10,0,0,0.0,0,0,854742
369073,2017,8,0,0,0.0,0,0,929712
369076,2018,10,0,0,0.0,0,0,855050
369077,2017,9,0,0,0.0,0,0,929712
369082,2017,12,0,0,0.0,0,0,929712
369090,2018,1,0,0,0.0,0,0,929712
369095,2018,2,0,0,0.0,0,0,929712
369098,2018,3,0,0,0.0,0,0,929712
369105,2018,4,0,0,0.0,0,0,929712
369106,2018,10,0,0,0.0,0,0,857814
369107,2018,5,0,0,0.0,0,0,929712
369124,2018,6,0,0,0.0,0,0,929712
369125,2018,7,0,0,0.0,0,0,929712
369133,2018,12,0,0,0.0,704,127,702406
369137,2018,10,0,0,0.0,0,0,861058
369143,2018,10,0,0,0.0,0,0,861629
369144,2018,8,0,0,0.0,0,0,929712
369147,2018,9,0,0,0.0,0,0,929712
369153,2018,10,0,0,0.0,0,0,929712
369165,2018,11,0,0,0.0,0,0,929712
369178,2018,11,0,0,0.0,552,99,621940
369179,2018,12,0,0,0.0,0,0,929712
369197,2018,10,0,0,0.0,0,0,867446
369218,2018,10,0,0,0.0,0,0,869712
369224,2018,10,0,0,0.0,0,0,870574
369273,2018,10,0,0,0.0,0,0,875796
369281,2018,10,0,0,0.0,0,0,877152
369286,2018,10,0,0,0.0,0,0,877603
369333,2018,10,0,0,0.0,0,0,883349
369379,2018,10,0,0,0.0,0,0,888357
369390,2018,10,0,0,0.0,0,0,889964
369400,2018,10,0,0,0.0,0,0,890882
369415,2018,10,0,0,0.0,0,0,892219
369417,2018,10,0,0,0.0,0,0,892517
369435,2018,10,0,0,0.0,0,0,894436
369438,2018,10,0,0,0.0,0,0,894620
369446,2018,10,0,0,0.0,0,0,895185
369456,2018,10,0,0,0.0,0,0,896651
369457,2018,10,0,0,0.0,0,0,896685
369465,2018,10,0,0,0.0,0,0,897734
369479,2018,10,0,0,0.0,0,0,900460
369484,2018,10,0,0,0.0,0,0,900894
369511,2018,10,0,0,0.0,0,0,904304
369528,2018,10,0,0,0.0,0,0,905478
369532,2018,10,0,0,0.0,0,0,905909
369555,2018,10,0,0,0.0,0,0,908248
369575,2018,10,0,0,0.0,0,0,910373
369634,2018,10,0,0,0.0,0,0,917998
369641,2018,10,0,0,0.0,0,0,918404
369679,2018,10,0,0,0.0,0,0,922188
369686,2018,10,0,0,0.0,0,0,922786
369687,2018,10,0,0,0.0,0,0,922926
369739,2018,10,0,0,0.0,0,0,929231
369742,2018,10,0,0,0.0,0,0,929455
369755,2018,10,0,0,0.0,0,0,931183
369791,2018,10,0,0,0.0,0,0,935570
369797,2018,10,0,0,0.0,0,0,936273
369850,2018,10,0,0,0.0,0,0,942189
369898,2018,10,0,0,0.0,0,0,947234
369904,2018,10,0,0,0.0,0,0,947876
369930,2018,10,0,0,0.0,0,0,950961
370059,2018,10,0,0,0.0,0,0,965079
370066,2018,10,0,0,0.0,0,0,965751
370071,2018,10,0,0,0.0,0,0,966204
370073,2018,10,0,0,0.0,0,0,966391
370075,2018,10,0,0,0.0,0,0,966688
370088,2018,10,0,0,0.0,0,0,967883
370090,2018,10,0,0,0.0,0,0,968034
370091,2018,10,0,0,0.0,0,0,968034
370093,2018,10,0,0,0.0,0,0,968225
370132,2018,10,0,0,0.0,0,0,971528
370152,2018,10,0,0,0.0,0,0,973609
370169,2018,10,0,0,0.0,0,0,976330
370190,2018,10,0,0,0.0,0,0,978712
370200,2018,10,0,0,0.0,0,0,979776
370207,2018,10,0,0,0.0,0,0,980952
370218,2018,10,0,0,0.0,0,0,982296
370231,2018,10,0,0,0.0,0,0,983199
370246,2018,9,0,0,0.0,459,83,428826
370259,2018,10,0,0,0.0,0,0,986208
370299,2018,10,0,0,0.0,0,0,990918
370303,2018,10,0,0,0.0,0,0,991230
370323,2018,10,0,0,0.0,0,0,992886
370339,2018,10,0,0,0.0,0,0,994877
370341,2018,10,0,0,0.0,0,0,995404
370352,2018,10,0,0,0.0,0,0,996686
370360,2018,10,0,0,0.0,0,0,997439
370378,2018,10,0,0,0.0,0,0,999460
370410,2018,11,0,0,0.0,0,0,102311
370434,2018,10,0,0,0.0,330,59,353128
370444,2018,11,0,0,0.0,0,0,106037
370453,2018,11,0,0,0.0,0,0,106776
370474,2018,11,0,0,0.0,0,0,109495
370528,2018,11,0,0,0.0,0,0,115198
370531,2018,11,0,0,0.0,0,0,115633
370539,2017,5,0,0,0.0,431,78,511053
370589,2018,11,0,0,0.0,0,0,121183
370604,2018,11,0,0,0.0,0,0,122545
370614,2018,11,0,0,0.0,0,0,123538
370655,2018,11,0,0,0.0,0,0,127785
370656,2018,11,0,0,0.0,0,0,127882
370659,2018,11,0,0,0.0,0,0,128032
370707,2018,11,0,0,0.0,0,0,134273
370715,2018,11,0,0,0.0,0,0,135312
370720,2018,11,0,0,0.0,0,0,135977
370729,2018,11,0,0,0.0,0,0,136516
370740,2018,11,0,0,0.0,0,0,137850
370751,2018,11,0,0,0.0,0,0,138810
370761,2018,11,0,0,0.0,0,0,139974
370810,2018,11,0,0,0.0,0,0,146028
370819,2018,11,0,0,0.0,0,0,147700
370843,2018,11,0,0,0.0,0,0,149912
370951,2018,11,0,0,0.0,0,0,165443
370976,2018,11,0,0,0.0,0,0,168302
370983,2018,11,0,0,0.0,0,0,169129
371041,2018,11,0,0,0.0,0,0,175249
371066,2018,11,0,0,0.0,0,0,177677
371078,2018,11,0,0,0.0,0,0,180219
371082,2018,11,0,0,0.0,0,0,181082
371083,2018,11,0,0,0.0,0,0,181082
371096,2018,11,0,0,0.0,0,0,182785
371098,2018,11,0,0,0.0,0,0,183025
371117,2018,11,0,0,0.0,0,0,184924
371121,2018,11,0,0,0.0,0,0,185285
371125,2018,11,0,0,0.0,0,0,185774
371134,2018,11,0,0,0.0,0,0,186593
371148,2018,11,0,0,0.0,0,0,188147
371179,2018,11,0,0,0.0,0,0,191917
371187,2018,11,0,0,0.0,0,0,192651
371189,2018,11,0,0,0.0,0,0,192772
371218,2018,11,0,0,0.0,0,0,196442
371238,2018,11,0,0,0.0,0,0,198407
371249,2018,11,0,0,0.0,0,0,199493
371279,2018,11,0,0,0.0,0,0,202696
371295,2018,11,0,0,0.0,0,0,204343
371303,2018,11,0,0,0.0,0,0,205195
371318,2018,11,0,0,0.0,0,0,206890
371321,2018,11,0,0,0.0,0,0,207001
371322,2018,11,0,0,0.0,0,0,207110
371341,2018,11,0,0,0.0,0,0,209675
371383,2018,11,0,0,0.0,0,0,215508
371400,2018,11,0,0,0.0,0,0,216937
371417,2018,11,0,0,0.0,0,0,218917
371429,2018,3,0,0,0.0,701,126,781062
371430,2018,11,0,0,0.0,0,0,220822
371438,2018,11,0,0,0.0,0,0,221627
371440,2018,11,0,0,0.0,0,0,221993
371448,2018,11,0,0,0.0,0,0,223081
371499,2018,11,0,0,0.0,0,0,229436
371529,2018,11,0,0,0.0,0,0,233969
371547,2018,11,0,0,0.0,0,0,236037
371551,2018,11,0,0,0.0,0,0,236767
371556,2018,11,0,0,0.0,0,0,237274
371558,2018,11,0,0,0.0,0,0,237319
371561,2018,11,0,0,0.0,0,0,238063
371580,2018,11,0,0,0.0,0,0,240476
371599,2018,11,0,0,0.0,0,0,242719
371602,2018,11,0,0,0.0,0,0,242839
371607,2018,11,0,0,0.0,0,0,243061
371611,2018,11,0,0,0.0,0,0,243273
371620,2018,11,0,0,0.0,0,0,244308
371740,2018,11,0,0,0.0,0,0,257509
371793,2018,11,0,0,0.0,0,0,263127
371822,2018,11,0,0,0.0,0,0,265297
371866,2018,11,0,0,0.0,0,0,270730
371917,2018,11,0,0,0.0,0,0,276650
371940,2018,11,0,0,0.0,0,0,278059
371973,2018,11,0,0,0.0,0,0,281979
371976,2018,11,0,0,0.0,0,0,282259
371994,2018,11,0,0,0.0,0,0,284610
372014,2018,11,0,0,0.0,0,0,286551
372022,2018,11,0,0,0.0,0,0,287266
372025,2018,1,0,0,0.0,491,88,173873
372095,2018,11,0,0,0.0,0,0,295412
372113,2018,11,0,0,0.0,0,0,297427
372143,2018,11,0,0,0.0,0,0,300376
372150,2018,11,0,0,0.0,0,0,300870
372176,2018,11,0,0,0.0,0,0,304870
372196,2018,11,0,0,0.0,0,0,306708
372199,2018,11,0,0,0.0,0,0,307159
372220,2018,11,0,0,0.0,0,0,309364
372269,2018,11,0,0,0.0,0,0,314558
372291,2018,11,0,0,0.0,0,0,317776
372292,2018,11,0,0,0.0,0,0,317888
372295,2018,11,0,0,0.0,0,0,318264
372308,2017,9,0,0,0.0,636,114,627489
372310,2018,11,0,0,0.0,0,0,319664
372314,2018,11,0,0,0.0,0,0,319868
372322,2018,11,0,0,0.0,0,0,321027
372348,2018,11,0,0,0.0,0,0,323720
372393,2018,11,0,0,0.0,0,0,328349
372395,2018,11,0,0,0.0,0,0,328446
372420,2018,11,0,0,0.0,0,0,331598
372462,2018,11,0,0,0.0,0,0,336037
372476,2018,11,0,0,0.0,0,0,337453
372498,2018,11,0,0,0.0,0,0,339845
372525,2018,11,0,0,0.0,0,0,342929
372577,2018,11,0,0,0.0,0,0,348718
372594,2018,11,0,0,0.0,0,0,350692
372626,2018,11,0,0,0.0,0,0,354464
372660,2018,11,0,0,0.0,0,0,358039
372666,2018,11,0,0,0.0,0,0,358586
372684,2018,8,0,0,0.0,590,106,855050
372686,2018,11,0,0,0.0,0,0,360537
372689,2018,11,0,0,0.0,0,0,360902
372717,2018,11,0,0,0.0,0,0,365451
372720,2018,11,0,0,0.0,0,0,365557
372723,2018,11,0,0,0.0,0,0,366133
372811,2018,11,0,0,0.0,0,0,375162
372818,2018,11,0,0,0.0,0,0,375540
372822,2018,11,0,0,0.0,0,0,376618
372880,2018,11,0,0,0.0,0,0,384328
372887,2018,11,0,0,0.0,0,0,385593
372929,2018,11,0,0,0.0,0,0,391611
373036,2018,11,0,0,0.0,0,0,402964
373043,2018,11,0,0,0.0,0,0,403529
373044,2018,11,0,0,0.0,0,0,403529
373164,2018,11,0,0,0.0,0,0,415402
373185,2018,11,0,0,0.0,0,0,417904
373208,2018,11,0,0,0.0,0,0,420202
373215,2018,11,0,0,0.0,0,0,420515
373226,2018,11,0,0,0.0,0,0,422349
373244,2018,11,0,0,0.0,0,0,424027
373251,2018,11,0,0,0.0,0,0,424540
373265,2018,11,0,0,0.0,0,0,426141
373289,2018,11,0,0,0.0,0,0,428526
373293,2018,11,0,0,0.0,0,0,428826
373298,2018,11,0,0,0.0,0,0,429308
373318,2018,11,0,0,0.0,0,0,431187
373354,2018,11,0,0,0.0,0,0,434620
373371,2018,11,0,0,0.0,0,0,436318
373382,2018,11,0,0,0.0,0,0,438199
373383,2018,11,0,0,0.0,0,0,438263
373389,2018,11,0,0,0.0,0,0,438641
373473,2018,11,0,0,0.0,0,0,446991
373481,2018,11,0,0,0.0,0,0,448142
373579,2018,11,0,0,0.0,0,0,461199
373593,2018,11,0,0,0.0,0,0,462459
373595,2018,11,0,0,0.0,0,0,462497
373599,2018,11,0,0,0.0,0,0,462663
373618,2018,11,0,0,0.0,0,0,464471
373627,2018,11,0,0,0.0,0,0,465476
373634,2018,11,0,0,0.0,0,0,466384
373637,2018,11,0,0,0.0,0,0,466865
373640,2018,11,0,0,0.0,0,0,467139
373726,2018,11,0,0,0.0,0,0,476273
373727,2018,11,0,0,0.0,0,0,476371
373743,2018,11,0,0,0.0,0,0,478107
373783,2018,11,0,0,0.0,0,0,482424
373784,2018,11,0,0,0.0,0,0,482528
373814,2018,11,0,0,0.0,0,0,485705
373815,2018,11,0,0,0.0,0,0,485795
373831,2018,11,0,0,0.0,0,0,487605
373840,2018,11,0,0,0.0,0,0,488346
373904,2018,11,0,0,0.0,0,0,495253
373931,2018,11,0,0,0.0,0,0,498149
373949,2018,11,0,0,0.0,0,0,499945
373950,2018,11,0,0,0.0,0,0,500022
373967,2018,11,0,0,0.0,0,0,502012
373982,2018,11,0,0,0.0,0,0,504260
373997,2018,11,0,0,0.0,0,0,506170
374009,2018,11,0,0,0.0,0,0,508080
374035,2018,11,0,0,0.0,0,0,511053
374037,2018,11,0,0,0.0,0,0,511342
374043,2018,11,0,0,0.0,0,0,511765
374050,2018,11,0,0,0.0,0,0,512471
374061,2018,11,0,0,0.0,0,0,513246
374171,2018,11,0,0,0.0,0,0,528074
374174,2018,11,0,0,0.0,0,0,528229
374245,2018,11,0,0,0.0,0,0,535436
374261,2018,11,0,0,0.0,0,0,537387
374271,2018,11,0,0,0.0,0,0,538308
374295,2018,11,0,0,0.0,0,0,540836
374321,2018,11,0,0,0.0,0,0,543599
374359,2018,11,0,0,0.0,0,0,547217
374387,2018,11,0,0,0.0,0,0,549862
374405,2018,11,0,0,0.0,0,0,552328
374420,2018,11,0,0,0.0,0,0,553936
374425,2018,11,0,0,0.0,0,0,554442
374471,2018,11,0,0,0.0,0,0,559388
374484,2018,11,0,0,0.0,0,0,561481
374490,2018,11,0,0,0.0,0,0,562501
374505,2018,11,0,0,0.0,0,0,565008
374507,2018,11,0,0,0.0,0,0,565074
374508,2018,11,0,0,0.0,0,0,565171
374511,2018,11,0,0,0.0,0,0,565452
374518,2018,11,0,0,0.0,0,0,565991
374521,2018,11,0,0,0.0,0,0,566182
374534,2018,11,0,0,0.0,0,0,567070
374580,2018,11,0,0,0.0,0,0,572062
374593,2018,11,0,0,0.0,0,0,573332
374659,2018,11,0,0,0.0,0,0,578811
374664,2018,11,0,0,0.0,0,0,579581
374684,2018,11,0,0,0.0,0,0,581999
374705,2018,11,0,0,0.0,0,0,583718
374746,2018,11,0,0,0.0,0,0,587800
374768,2018,11,0,0,0.0,0,0,590514
374778,2018,11,0,0,0.0,0,0,591641
374791,2018,11,0,0,0.0,0,0,593252
374812,2018,11,0,0,0.0,0,0,595323
374823,2018,11,0,0,0.0,0,0,596173
374859,2018,11,0,0,0.0,0,0,600785
374863,2018,11,0,0,0.0,0,0,600923
374871,2018,11,0,0,0.0,0,0,601597
374899,2018,11,0,0,0.0,0,0,604039
374919,2018,11,0,0,0.0,0,0,605761
375031,2018,11,0,0,0.0,0,0,616611
375032,2018,11,0,0,0.0,0,0,616746
375038,2018,11,0,0,0.0,0,0,617296
375052,2018,11,0,0,0.0,0,0,618824
375080,2018,11,0,0,0.0,0,0,622801
375086,2018,11,0,0,0.0,0,0,623341
375106,2018,11,0,0,0.0,0,0,626217
375113,2018,11,0,0,0.0,0,0,627244
375114,2018,11,0,0,0.0,0,0,627502
375124,2018,11,0,0,0.0,0,0,628431
375125,2018,11,0,0,0.0,0,0,628452
375136,2018,11,0,0,0.0,0,0,629966
375153,2018,11,0,0,0.0,0,0,631661
375158,2018,11,0,0,0.0,0,0,632097
375175,2018,11,0,0,0.0,0,0,633490
375220,2018,11,0,0,0.0,0,0,638495
375242,2018,11,0,0,0.0,0,0,640244
375254,2018,11,0,0,0.0,0,0,642002
375256,2018,11,0,0,0.0,0,0,642031
375259,2018,11,0,0,0.0,0,0,642247
375278,2018,11,0,0,0.0,0,0,644630
375331,2018,11,0,0,0.0,0,0,650621
375366,2018,11,0,0,0.0,0,0,653890
375367,2018,11,0,0,0.0,0,0,654073
375408,2018,11,0,0,0.0,0,0,659536
375423,2018,11,0,0,0.0,0,0,661411
375426,2018,11,0,0,0.0,0,0,661502
375431,2018,11,0,0,0.0,0,0,662380
375445,2018,11,0,0,0.0,0,0,663641
375449,2018,11,0,0,0.0,0,0,664008
375475,2018,11,0,0,0.0,0,0,667262
375489,2018,11,0,0,0.0,0,0,667860
375497,2018,11,0,0,0.0,0,0,668959
375520,2018,11,0,0,0.0,0,0,671534
375524,2018,11,0,0,0.0,0,0,671906
375526,2018,11,0,0,0.0,0,0,672308
375532,2018,11,0,0,0.0,0,0,672893
375572,2018,11,0,0,0.0,0,0,677704
375578,2018,11,0,0,0.0,0,0,678243
375593,2018,11,0,0,0.0,0,0,679414
375626,2018,11,0,0,0.0,0,0,683126
375640,2018,11,0,0,0.0,0,0,684155
375649,2018,11,0,0,0.0,0,0,684934
375671,2018,11,0,0,0.0,0,0,687463
375733,2018,11,0,0,0.0,0,0,694942
375738,2018,11,0,0,0.0,0,0,695428
375745,2018,11,0,0,0.0,0,0,696096
375751,2018,11,0,0,0.0,0,0,697272
375792,2018,11,0,0,0.0,0,0,701216
375795,2018,11,0,0,0.0,0,0,701732
375798,2018,11,0,0,0.0,0,0,702147
375800,2018,11,0,0,0.0,0,0,702406
375817,2018,11,0,0,0.0,0,0,703882
375849,2018,11,0,0,0.0,0,0,708343
375865,2018,11,0,0,0.0,0,0,710003
375866,2018,11,0,0,0.0,0,0,710003
375894,2018,11,0,0,0.0,0,0,713236
375921,2018,11,0,0,0.0,0,0,716785
375978,2018,11,0,0,0.0,0,0,723591
375983,2018,11,0,0,0.0,0,0,723969
376007,2018,11,0,0,0.0,0,0,726139
376049,2018,11,0,0,0.0,0,0,729518
376055,2018,11,0,0,0.0,0,0,730246
376062,2018,11,0,0,0.0,0,0,731510
376088,2018,11,0,0,0.0,0,0,734226
376096,2018,11,0,0,0.0,0,0,735263
376111,2018,11,0,0,0.0,0,0,737451
376124,2018,11,0,0,0.0,0,0,738459
376151,2018,11,0,0,0.0,0,0,742281
376173,2018,11,0,0,0.0,0,0,744528
376190,2018,11,0,0,0.0,0,0,745811
376202,2018,11,0,0,0.0,0,0,746536
376238,2018,11,0,0,0.0,0,0,750247
376249,2018,11,0,0,0.0,0,0,751594
376263,2018,11,0,0,0.0,0,0,752885
376266,2018,11,0,0,0.0,0,0,753473
376268,2018,11,0,0,0.0,0,0,753637
376298,2018,11,0,0,0.0,0,0,756791
376303,2018,11,0,0,0.0,0,0,757127
376342,2018,11,0,0,0.0,0,0,762272
376368,2018,11,0,0,0.0,0,0,765293
376383,2018,11,0,0,0.0,0,0,766909
376421,2018,11,0,0,0.0,0,0,771035
376472,2018,11,0,0,0.0,0,0,776736
376510,2018,11,0,0,0.0,0,0,781062
376543,2018,11,0,0,0.0,0,0,784787
376567,2018,11,0,0,0.0,0,0,787548
376591,2018,11,0,0,0.0,0,0,789892
376594,2018,11,0,0,0.0,0,0,790178
376596,2018,11,0,0,0.0,0,0,790450
376630,2018,11,0,0,0.0,0,0,795230
376679,2018,11,0,0,0.0,0,0,800433
376706,2018,11,0,0,0.0,0,0,803084
376708,2018,11,0,0,0.0,0,0,803252
376768,2018,11,0,0,0.0,0,0,813352
376804,2018,11,0,0,0.0,0,0,818597
376823,2018,11,0,0,0.0,0,0,820344
376824,2018,11,0,0,0.0,0,0,820542
376836,2018,11,0,0,0.0,0,0,822696
376859,2018,11,0,0,0.0,0,0,825730
376895,2018,11,0,0,0.0,0,0,829861
376900,2018,11,0,0,0.0,0,0,830385
376901,2018,11,0,0,0.0,0,0,830394
376924,2018,11,0,0,0.0,0,0,832597
376927,2018,11,0,0,0.0,0,0,832810
376998,2018,11,0,0,0.0,0,0,838634
377007,2018,11,0,0,0.0,0,0,839422
377056,2018,11,0,0,0.0,0,0,844477
377095,2018,11,0,0,0.0,0,0,848632
377104,2018,11,0,0,0.0,0,0,849569
377110,2018,11,0,0,0.0,0,0,850245
377118,2018,11,0,0,0.0,0,0,851421
377121,2018,11,0,0,0.0,0,0,851836
377122,2018,11,0,0,0.0,0,0,851845
377127,2018,11,0,0,0.0,0,0,852323
377143,2018,11,0,0,0.0,0,0,854742
377146,2018,11,0,0,0.0,0,0,854902
377148,2018,11,0,0,0.0,0,0,855050
377217,2018,11,0,0,0.0,0,0,861700
377228,2018,11,0,0,0.0,0,0,863349
377262,2018,11,0,0,0.0,0,0,867446
377286,2018,11,0,0,0.0,0,0,869712
377328,2018,11,0,0,0.0,0,0,873886
377335,2018,11,0,0,0.0,0,0,874614
377357,2018,11,0,0,0.0,0,0,877152
377391,2018,11,0,0,0.0,0,0,881198
377402,2018,11,0,0,0.0,0,0,882718
377408,2018,11,0,0,0.0,0,0,883349
377441,2018,11,0,0,0.0,0,0,886299
377443,2018,11,0,0,0.0,0,0,886439
377470,2018,11,0,0,0.0,0,0,889964
377478,2018,11,0,0,0.0,0,0,890650
377492,2018,11,0,0,0.0,0,0,892517
377497,2018,11,0,0,0.0,0,0,892797
377506,2018,11,0,0,0.0,0,0,894436
377512,2018,11,0,0,0.0,0,0,895185
377520,2018,11,0,0,0.0,0,0,896685
377527,2018,11,0,0,0.0,0,0,897734
377546,2018,11,0,0,0.0,0,0,900460
377572,2018,11,0,0,0.0,0,0,903797
377591,2018,11,0,0,0.0,0,0,905909
377593,2018,11,0,0,0.0,0,0,906178
377599,2018,11,0,0,0.0,0,0,906615
377618,2018,11,0,0,0.0,0,0,908248
377643,2018,11,0,0,0.0,0,0,910373
377662,2018,11,0,0,0.0,0,0,913571
377691,2018,11,0,0,0.0,0,0,916713
377695,2018,11,0,0,0.0,0,0,917630
377699,2018,11,0,0,0.0,0,0,917998
377706,2018,11,0,0,0.0,0,0,918404
377731,2018,11,0,0,0.0,0,0,921278
377746,2018,11,0,0,0.0,0,0,922786
377749,2018,11,0,0,0.0,0,0,923234
377788,2018,11,0,0,0.0,0,0,929231
377791,2018,11,0,0,0.0,0,0,929455
377795,2018,11,0,0,0.0,0,0,929728
377832,2018,11,0,0,0.0,0,0,933968
377843,2018,11,0,0,0.0,0,0,935570
377850,2018,11,0,0,0.0,0,0,936273
377864,2018,11,0,0,0.0,0,0,937645
377876,2018,11,0,0,0.0,0,0,939238
377954,2018,11,0,0,0.0,0,0,948325
377960,2018,11,0,0,0.0,0,0,948693
377969,2018,11,0,0,0.0,0,0,949974
377977,2018,11,0,0,0.0,0,0,950961
377998,2018,11,0,0,0.0,0,0,952955
378054,2018,11,0,0,0.0,0,0,959728
378104,2018,11,0,0,0.0,0,0,966580
378105,2018,11,0,0,0.0,0,0,966688
378119,2018,11,0,0,0.0,0,0,968034
378125,2018,11,0,0,0.0,0,0,968666
378154,2018,11,0,0,0.0,0,0,971528
378155,2018,11,0,0,0.0,0,0,971582
378171,2018,11,0,0,0.0,0,0,973407
378173,2018,11,0,0,0.0,0,0,973609
378174,2018,11,0,0,0.0,0,0,973728
378195,2017,4,0,0,0.0,417,75,790178
378198,2018,11,0,0,0.0,0,0,976330
378217,2018,11,0,0,0.0,0,0,978712
378245,2018,11,0,0,0.0,0,0,982296
378250,2018,11,0,0,0.0,0,0,983199
378321,2018,11,0,0,0.0,0,0,991568
378333,2018,11,0,0,0.0,0,0,992886
378342,2018,11,0,0,0.0,0,0,995404
378349,2018,11,0,0,0.0,0,0,996686
378377,2018,11,0,0,0.0,0,0,999460
378403,2018,12,0,0,0.0,0,0,102311
378420,2018,12,0,0,0.0,0,0,105214
378432,2018,12,0,0,0.0,0,0,106592
378435,2018,12,0,0,0.0,0,0,106689
378500,2018,12,0,0,0.0,0,0,115198
378513,2018,4,0,0,0.0,488,88,404426
378558,2018,12,0,0,0.0,0,0,123538
378600,2018,12,0,0,0.0,0,0,128032
378612,2018,12,0,0,0.0,0,0,128789
378620,2018,12,0,0,0.0,0,0,130208
378623,2018,12,0,0,0.0,0,0,130368
378631,2018,12,0,0,0.0,0,0,131257
378660,2018,12,0,0,0.0,0,0,134273
378667,2018,12,0,0,0.0,0,0,135421
378668,2018,12,0,0,0.0,0,0,135421
378755,2018,12,0,0,0.0,0,0,145988
378806,2018,12,0,0,0.0,0,0,153626
378892,2018,12,0,0,0.0,0,0,164973
378893,2018,12,0,0,0.0,0,0,165443
378915,2018,12,0,0,0.0,0,0,167465
378989,2018,12,0,0,0.0,0,0,177677
379004,2018,12,0,0,0.0,0,0,181082
379005,2018,12,0,0,0.0,0,0,181082
379023,2018,12,0,0,0.0,0,0,182785
379037,2018,12,0,0,0.0,0,0,184478
379046,2018,12,0,0,0.0,0,0,185774
379059,2018,12,0,0,0.0,0,0,187618
379061,2018,12,0,0,0.0,0,0,187838
379086,2018,12,0,0,0.0,0,0,191917
379094,2018,12,0,0,0.0,0,0,192772
379135,2018,12,0,0,0.0,0,0,198407
379146,2018,12,0,0,0.0,0,0,199493
379156,2018,12,0,0,0.0,0,0,201276
379164,2018,12,0,0,0.0,0,0,201683
379175,2018,12,0,0,0.0,0,0,202358
379180,2018,12,0,0,0.0,0,0,203033
379192,2018,12,0,0,0.0,0,0,204484
379200,2018,12,0,0,0.0,0,0,205195
379254,2018,12,0,0,0.0,0,0,212477
379295,2018,12,0,0,0.0,0,0,216937
379333,2018,12,0,0,0.0,0,0,221627
379343,2018,12,0,0,0.0,0,0,223081
379361,2018,12,0,0,0.0,0,0,225363
379383,2018,12,0,0,0.0,0,0,227804
379393,2018,12,0,0,0.0,0,0,229436
379418,2018,12,0,0,0.0,0,0,232290
379435,2018,12,0,0,0.0,0,0,233969
379453,2018,12,0,0,0.0,0,0,236037
379459,2018,12,0,0,0.0,0,0,237319
379462,2018,12,0,0,0.0,0,0,238063
379484,2018,12,0,0,0.0,0,0,240476
379501,2018,12,0,0,0.0,0,0,242719
379504,2018,12,0,0,0.0,0,0,242839
379511,2018,12,0,0,0.0,0,0,243273
379542,2018,12,0,0,0.0,0,0,247471
379545,2018,12,0,0,0.0,0,0,247645
379625,2018,12,0,0,0.0,0,0,256486
379634,2018,12,0,0,0.0,0,0,257417
379638,2018,12,0,0,0.0,0,0,257509
379653,2018,12,0,0,0.0,0,0,259110
379711,2018,12,0,0,0.0,0,0,265557
379715,2018,12,0,0,0.0,0,0,266148
379773,2018,12,0,0,0.0,0,0,274141
379781,2018,12,0,0,0.0,0,0,274879
379801,2018,12,0,0,0.0,0,0,277091
379813,2018,12,0,0,0.0,0,0,278059
379825,2018,12,0,0,0.0,0,0,279231
379861,2018,12,0,0,0.0,0,0,283980
379866,2018,12,0,0,0.0,0,0,284610
379883,2018,12,0,0,0.0,0,0,286551
379893,2018,12,0,0,0.0,0,0,287266
379952,2018,12,0,0,0.0,0,0,295302
379954,2018,12,0,0,0.0,0,0,295412
379974,2018,12,0,0,0.0,0,0,297427
380005,2018,12,0,0,0.0,0,0,300376
380037,2018,12,0,0,0.0,0,0,304870
380052,2018,12,0,0,0.0,0,0,306708
380060,2018,12,0,0,0.0,0,0,307159
380071,2018,12,0,0,0.0,0,0,308891
380077,2018,12,0,0,0.0,0,0,309364
380121,2018,12,0,0,0.0,0,0,314558
380135,2018,12,0,0,0.0,0,0,316793
380142,2018,12,0,0,0.0,0,0,317776
380151,2018,12,0,0,0.0,0,0,318654
380187,2018,12,0,0,0.0,0,0,323720
380222,2018,12,0,0,0.0,0,0,328349
380232,2018,12,0,0,0.0,0,0,329215
380240,2018,12,0,0,0.0,0,0,329826
380256,2018,12,0,0,0.0,0,0,331325
380298,2018,12,0,0,0.0,0,0,336341
380307,2018,12,0,0,0.0,0,0,337453
380312,2018,12,0,0,0.0,0,0,337983
380314,2018,12,0,0,0.0,0,0,338285
380323,2018,12,0,0,0.0,0,0,339845
380400,2018,12,0,0,0.0,0,0,348718
380418,2018,12,0,0,0.0,0,0,350692
380430,2018,12,0,0,0.0,0,0,352092
380439,2018,12,0,0,0.0,0,0,353128
380470,2018,12,0,0,0.0,0,0,358039
380475,2018,12,0,0,0.0,0,0,358586
380490,2018,12,0,0,0.0,0,0,360902
380529,2018,12,0,0,0.0,0,0,366133
380582,2018,12,0,0,0.0,0,0,371368
380618,2018,12,0,0,0.0,0,0,375162
380652,2018,12,0,0,0.0,0,0,379120
380702,2018,12,0,0,0.0,0,0,385593
380745,2018,12,0,0,0.0,0,0,391611
380845,2018,12,0,0,0.0,0,0,403529
380846,2018,12,0,0,0.0,0,0,403529
380865,2018,12,0,0,0.0,0,0,405928
380892,2018,12,0,0,0.0,0,0,409051
380920,2018,12,0,0,0.0,0,0,412402
380934,2018,12,0,0,0.0,0,0,414164
380978,2018,12,0,0,0.0,0,0,420202
380985,2018,12,0,0,0.0,0,0,420515
380998,2018,12,0,0,0.0,0,0,422349
381014,2018,12,0,0,0.0,0,0,424027
381021,2018,12,0,0,0.0,0,0,424540
381022,2017,1,0,0,0.0,0,0,979449
381026,2018,12,0,0,0.0,0,0,425445
381033,2018,12,0,0,0.0,0,0,426141
381043,2017,6,0,0,0.0,0,0,979449
381055,2018,12,0,0,0.0,0,0,428526
381067,2017,12,0,0,0.0,0,0,979449
381070,2018,1,0,0,0.0,0,0,979449
381084,2018,2,0,0,0.0,0,0,979449
381087,2018,12,0,0,0.0,0,0,431187
381088,2018,12,0,0,0.0,0,0,431201
381093,2018,3,0,0,0.0,0,0,979449
381100,2018,4,0,0,0.0,0,0,979449
381101,2018,5,0,0,0.0,0,0,979449
381112,2018,6,0,0,0.0,0,0,979449
381129,2018,7,0,0,0.0,0,0,979449
381130,2018,8,0,0,0.0,0,0,979449
381133,2018,12,0,0,0.0,0,0,436318
381135,2018,9,0,0,0.0,0,0,979449
381143,2018,10,0,0,0.0,0,0,979449
381145,2018,11,0,0,0.0,0,0,979449
381150,2018,12,0,0,0.0,0,0,438199
381151,2018,12,0,0,0.0,0,0,438263
381154,2018,12,0,0,0.0,0,0,979449
381161,2018,12,0,0,0.0,0,0,439819
381178,2018,12,0,0,0.0,0,0,442014
381185,2018,12,0,0,0.0,0,0,442695
381197,2018,12,0,0,0.0,0,0,444092
381198,2018,12,0,0,0.0,0,0,444092
381217,2018,12,0,0,0.0,0,0,445427
381239,2018,12,0,0,0.0,0,0,447962
381240,2018,12,0,0,0.0,0,0,448142
381288,2018,12,0,0,0.0,0,0,454440
381316,2018,12,0,0,0.0,0,0,457716
381350,2018,12,0,0,0.0,0,0,462497
381352,2018,12,0,0,0.0,0,0,462663
381369,2018,12,0,0,0.0,0,0,464471
381379,2018,12,0,0,0.0,0,0,465476
381390,2018,12,0,0,0.0,0,0,466384
381392,2018,12,0,0,0.0,0,0,466953
381395,2018,12,0,0,0.0,0,0,467139
381426,2018,12,0,0,0.0,0,0,471858
381433,2018,12,0,0,0.0,0,0,472532
381489,2018,12,0,0,0.0,0,0,478107
381515,2018,12,0,0,0.0,0,0,480909
381530,2018,12,0,0,0.0,0,0,482424
381532,2018,12,0,0,0.0,0,0,482528
381565,2018,12,0,0,0.0,0,0,485705
381578,2018,12,0,0,0.0,0,0,487027
381582,2018,12,0,0,0.0,0,0,487605
381590,2018,12,0,0,0.0,0,0,488303
381591,2018,12,0,0,0.0,0,0,488346
381604,2018,12,0,0,0.0,0,0,489628
381605,2018,12,0,0,0.0,0,0,489842
381654,2018,12,0,0,0.0,0,0,498149
381705,2018,12,0,0,0.0,0,0,504860
381721,2018,12,0,0,0.0,0,0,507005
381728,2018,12,0,0,0.0,0,0,508115
381759,2018,12,0,0,0.0,0,0,511472
381770,2018,12,0,0,0.0,0,0,512471
381793,2018,12,0,0,0.0,0,0,515969
381798,2018,12,0,0,0.0,0,0,516995
381847,2018,12,0,0,0.0,0,0,523246
381873,2018,12,0,0,0.0,0,0,527194
381880,2018,12,0,0,0.0,0,0,528074
381883,2018,12,0,0,0.0,0,0,528229
381884,2018,12,0,0,0.0,0,0,528331
381885,2018,12,0,0,0.0,0,0,528363
381940,2018,12,0,0,0.0,0,0,535436
381962,2018,12,0,0,0.0,0,0,538308
381988,2018,12,0,0,0.0,0,0,540836
382010,2018,12,0,0,0.0,0,0,543599
382012,2018,12,0,0,0.0,0,0,543852
382043,2018,12,0,0,0.0,0,0,546665
382049,2018,12,0,0,0.0,0,0,547217
382077,2018,12,0,0,0.0,0,0,549862
382078,2018,12,0,0,0.0,0,0,549982
382109,2018,12,0,0,0.0,0,0,553936
382112,2018,12,0,0,0.0,0,0,554104
382160,2018,12,0,0,0.0,0,0,559388
382176,2018,12,0,0,0.0,0,0,561481
382189,2018,12,0,0,0.0,0,0,562501
382207,2018,12,0,0,0.0,0,0,564813
382208,2018,12,0,0,0.0,0,0,565008
382210,2018,12,0,0,0.0,0,0,565074
382218,2018,12,0,0,0.0,0,0,565991
382221,2018,12,0,0,0.0,0,0,566182
382235,2018,12,0,0,0.0,0,0,567219
382274,2018,12,0,0,0.0,0,0,572062
382280,2018,12,0,0,0.0,0,0,572811
382284,2018,12,0,0,0.0,0,0,573332
382349,2018,12,0,0,0.0,0,0,578811
382354,2018,12,0,0,0.0,0,0,579581
382372,2018,12,0,0,0.0,0,0,581661
382375,2018,12,0,0,0.0,0,0,581999
382419,2018,12,0,0,0.0,0,0,587378
382434,2018,12,0,0,0.0,0,0,590514
382438,2018,12,0,0,0.0,0,0,590989
382453,2018,12,0,0,0.0,0,0,593252
382466,2018,12,0,0,0.0,0,0,595083
382470,2018,12,0,0,0.0,0,0,595323
382478,2018,12,0,0,0.0,0,0,596173
382480,2018,12,0,0,0.0,0,0,596390
382504,2018,12,0,0,0.0,0,0,600923
382508,2018,12,0,0,0.0,0,0,601597
382528,2018,12,0,0,0.0,0,0,604039
382548,2018,12,0,0,0.0,0,0,605761
382572,2018,12,0,0,0.0,0,0,609532
382643,2018,12,0,0,0.0,0,0,616611
382647,2018,12,0,0,0.0,0,0,616746
382651,2018,12,0,0,0.0,0,0,617099
382653,2018,12,0,0,0.0,0,0,617296
382693,2018,12,0,0,0.0,0,0,621940
382700,2018,12,0,0,0.0,0,0,622801
382711,2018,12,0,0,0.0,0,0,623341
382714,2018,12,0,0,0.0,0,0,623861
382721,2018,12,0,0,0.0,0,0,625434
382722,2018,12,0,0,0.0,0,0,625451
382733,2018,12,0,0,0.0,0,0,626217
382740,2018,12,0,0,0.0,0,0,627244
382743,2018,12,0,0,0.0,0,0,627502
382752,2018,12,0,0,0.0,0,0,628452
382769,2018,12,0,0,0.0,0,0,631661
382786,2018,12,0,0,0.0,0,0,633490
382804,2018,12,0,0,0.0,0,0,635509
382811,2018,12,0,0,0.0,0,0,636505
382829,2018,12,0,0,0.0,0,0,638495
382846,2018,12,0,0,0.0,0,0,640244
382864,2018,12,0,0,0.0,0,0,642247
382867,2018,12,0,0,0.0,0,0,642409
382882,2018,12,0,0,0.0,0,0,643912
382886,2018,12,0,0,0.0,0,0,645081
382927,2018,12,0,0,0.0,0,0,650621
382957,2018,12,0,0,0.0,0,0,653890
382972,2018,12,0,0,0.0,0,0,656942
382993,2018,12,0,0,0.0,0,0,659536
383001,2018,12,0,0,0.0,0,0,660197
383008,2018,12,0,0,0.0,0,0,661054
383016,2018,12,0,0,0.0,0,0,662380
383027,2018,12,0,0,0.0,0,0,663641
383051,2018,12,0,0,0.0,0,0,667262
383053,2018,12,0,0,0.0,0,0,667341
383060,2018,12,0,0,0.0,0,0,667860
383089,2018,12,0,0,0.0,0,0,671534
383090,2018,12,0,0,0.0,0,0,671906
383102,2018,12,0,0,0.0,0,0,672893
383135,2018,12,0,0,0.0,0,0,676669
383151,2018,12,0,0,0.0,0,0,677704
383158,2018,12,0,0,0.0,0,0,678243
383212,2018,12,0,0,0.0,0,0,684155
383222,2018,12,0,0,0.0,0,0,684934
383268,2017,1,0,0,0.0,0,0,991210
383271,2017,2,0,0,0.0,0,0,991210
383291,2018,12,0,0,0.0,0,0,693494
383298,2017,6,0,0,0.0,632,114,991210
383299,2017,3,0,0,0.0,0,0,991210
383305,2017,4,0,0,0.0,0,0,991210
383307,2017,5,0,0,0.0,0,0,991210
383312,2018,12,0,0,0.0,0,0,695878
383314,2017,7,0,0,0.0,0,0,991210
383336,2018,4,0,0,0.0,569,102,607662
383338,2017,10,0,0,0.0,0,0,991210
383342,2017,11,0,0,0.0,0,0,991210
383352,2017,12,0,0,0.0,0,0,991210
383353,2018,1,0,0,0.0,0,0,991210
383355,2018,2,0,0,0.0,0,0,991210
383357,2018,3,0,0,0.0,0,0,991210
383365,2018,4,0,0,0.0,0,0,991210
383366,2018,12,0,0,0.0,0,0,702147
383370,2018,5,0,0,0.0,0,0,991210
383373,2018,12,0,0,0.0,0,0,702542
383379,2018,6,0,0,0.0,0,0,991210
383382,2018,12,0,0,0.0,0,0,703882
383385,2018,12,0,0,0.0,0,0,704149
383389,2018,7,0,0,0.0,0,0,991210
383404,2018,8,0,0,0.0,0,0,991210
383407,2018,9,0,0,0.0,0,0,991210
383409,2018,12,0,0,0.0,0,0,707470
383411,2018,10,0,0,0.0,0,0,991210
383413,2018,11,0,0,0.0,0,0,991210
383417,2018,12,0,0,0.0,0,0,708343
383424,2018,12,0,0,0.0,0,0,991210
383430,2018,12,0,0,0.0,0,0,710003
383431,2018,12,0,0,0.0,0,0,710003
383475,2018,12,0,0,0.0,0,0,715462
383486,2018,12,0,0,0.0,0,0,716785
383493,2018,12,0,0,0.0,0,0,717459
383508,2018,12,0,0,0.0,0,0,719383
383540,2018,12,0,0,0.0,0,0,723969
383586,2018,12,0,0,0.0,0,0,728486
383597,2018,12,0,0,0.0,0,0,729518
383631,2018,12,0,0,0.0,0,0,733907
383634,2018,12,0,0,0.0,0,0,734226
383643,2018,12,0,0,0.0,0,0,735263
383648,2018,12,0,0,0.0,0,0,736258
383656,2018,12,0,0,0.0,0,0,737451
383716,2017,12,0,0,0.0,462,83,579581
383717,2018,12,0,0,0.0,0,0,744567
383719,2018,12,0,0,0.0,0,0,744612
383751,2018,12,0,0,0.0,0,0,747926
383770,2018,12,0,0,0.0,0,0,750247
383801,2018,12,0,0,0.0,0,0,752885
383807,2018,12,0,0,0.0,0,0,753637
383815,2018,12,0,0,0.0,0,0,754539
383822,2018,12,0,0,0.0,0,0,755374
383830,2018,12,0,0,0.0,0,0,756515
383837,2018,12,0,0,0.0,0,0,756791
383839,2018,12,0,0,0.0,0,0,756867
383847,2018,12,0,0,0.0,0,0,757127
383888,2018,12,0,0,0.0,0,0,762272
383889,2018,12,0,0,0.0,0,0,762355
383929,2018,12,0,0,0.0,0,0,766909
383948,2018,12,0,0,0.0,0,0,768072
383998,2018,12,0,0,0.0,0,0,774321
384039,2018,12,0,0,0.0,0,0,781062
384069,2018,12,0,0,0.0,0,0,784787
384088,2018,12,0,0,0.0,0,0,787548
384107,2018,12,0,0,0.0,0,0,789892
384110,2018,12,0,0,0.0,0,0,790178
384136,2018,12,0,0,0.0,0,0,793178
384218,2018,12,0,0,0.0,0,0,802425
384227,2018,12,0,0,0.0,0,0,803252
384237,2018,12,0,0,0.0,0,0,804521
384252,2018,12,0,0,0.0,0,0,807058
384274,2018,12,0,0,0.0,0,0,810581
384288,2018,12,0,0,0.0,0,0,812894
384289,2018,12,0,0,0.0,0,0,813352
384317,2018,12,0,0,0.0,0,0,817456
384324,2018,12,0,0,0.0,0,0,818597
384361,2018,12,0,0,0.0,0,0,822765
384370,2018,4,0,0,0.0,557,100,566182
384372,2018,12,0,0,0.0,0,0,824133
384388,2018,12,0,0,0.0,0,0,825730
384412,2018,12,0,0,0.0,0,0,828232
384424,2018,12,0,0,0.0,0,0,829861
384429,2018,12,0,0,0.0,0,0,830385
384430,2018,12,0,0,0.0,0,0,830394
384471,2018,12,0,0,0.0,0,0,833998
384493,2018,12,0,0,0.0,0,0,835796
384553,2018,12,0,0,0.0,0,0,842390
384566,2018,12,0,0,0.0,0,0,844477
384616,2018,12,0,0,0.0,0,0,851845
384619,2018,12,0,0,0.0,0,0,851986
384632,2018,12,0,0,0.0,0,0,853421
384640,2018,12,0,0,0.0,0,0,854742
384643,2018,12,0,0,0.0,0,0,854902
384669,2018,12,0,0,0.0,0,0,857814
384705,2018,12,0,0,0.0,0,0,861058
384712,2018,12,0,0,0.0,0,0,861700
384726,2018,12,0,0,0.0,0,0,863432
384760,2018,12,0,0,0.0,0,0,867446
384777,2018,12,0,0,0.0,0,0,869712
384802,2018,12,0,0,0.0,0,0,872335
384822,2018,12,0,0,0.0,0,0,874614
384831,2018,12,0,0,0.0,0,0,875796
384861,2018,12,0,0,0.0,0,0,879177
384871,2018,2,0,0,0.0,379,68,114219
384892,2018,12,0,0,0.0,0,0,882718
384901,2018,12,0,0,0.0,0,0,883349
384926,2018,12,0,0,0.0,0,0,886299
384948,2018,12,0,0,0.0,0,0,889964
384971,2018,12,0,0,0.0,0,0,892219
384974,2018,12,0,0,0.0,0,0,892517
384993,2018,12,0,0,0.0,0,0,894620
385009,2018,12,0,0,0.0,0,0,896685
385016,2018,12,0,0,0.0,0,0,897734
385039,2018,12,0,0,0.0,0,0,900460
385087,2018,12,0,0,0.0,0,0,905909
385101,2018,12,0,0,0.0,0,0,908120
385104,2018,12,0,0,0.0,0,0,908248
385122,2018,12,0,0,0.0,0,0,910373
385147,2018,12,0,0,0.0,0,0,913571
385172,2018,12,0,0,0.0,0,0,916713
385176,2018,12,0,0,0.0,0,0,917630
385188,2018,12,0,0,0.0,0,0,918404
385212,2018,12,0,0,0.0,0,0,922188
385216,2018,12,0,0,0.0,0,0,922926
385255,2018,12,0,0,0.0,0,0,929231
385258,2018,12,0,0,0.0,0,0,929728
385269,2018,12,0,0,0.0,0,0,931183
385293,2018,12,0,0,0.0,0,0,933968
385307,2018,12,0,0,0.0,0,0,935570
385341,2018,12,0,0,0.0,0,0,939238
385347,2018,12,0,0,0.0,0,0,939485
385402,2018,12,0,0,0.0,0,0,945091
385408,2018,12,0,0,0.0,0,0,946001
385417,2018,12,0,0,0.0,0,0,947234
385427,2018,12,0,0,0.0,0,0,948662
385437,2018,12,0,0,0.0,0,0,949974
385446,2018,12,0,0,0.0,0,0,950961
385518,2018,12,0,0,0.0,0,0,959453
385565,2018,12,0,0,0.0,0,0,966580
385566,2018,12,0,0,0.0,0,0,966688
385571,2018,3,0,0,0.0,672,121,982296
385617,2018,12,0,0,0.0,0,0,970746
385647,2018,12,0,0,0.0,0,0,974829
385665,2018,12,0,0,0.0,0,0,976330
385691,2018,12,0,0,0.0,0,0,979644
385707,2018,12,0,0,0.0,0,0,982296
385736,2018,12,0,0,0.0,0,0,986421
385772,2018,12,0,0,0.0,0,0,990918
385796,2018,12,0,0,0.0,0,0,992886
385809,2018,12,0,0,0.0,0,0,995404
385841,2018,12,0,0,0.0,0,0,999460
385985,2018,10,8,4656,6984.0,0,0,378153
385986,2018,9,6,4056,6084.0,0,0,378153
385987,2018,12,6,9684,14526.0,0,0,378153
385988,2018,6,4,7792,11688.0,0,0,378153
385989,2018,5,4,6292,9438.0,505,91,378153
385990,2018,11,2,3124,4686.0,0,0,378153
385991,2018,2,0,0,0.0,0,0,378153
385992,2018,3,0,0,0.0,0,0,378153
385993,2018,4,0,0,0.0,0,0,378153
385994,2018,7,0,0,0.0,0,0,378153
385995,2018,8,0,0,0.0,0,0,378153
386051,2018,6,20,12820,19230.0,0,0,384010
386052,2018,8,20,46860,70290.0,0,0,384010
386053,2018,10,6,10524,15786.0,404,73,384010
386054,2018,5,4,9924,14886.0,0,0,384010
386055,2018,11,2,3198,4797.0,346,62,384010
386056,2018,4,2,1330,1995.0,605,109,384010
386057,2018,2,0,0,0.0,0,0,384010
386058,2018,3,0,0,0.0,0,0,384010
386059,2018,7,0,0,0.0,0,0,384010
386060,2018,9,0,0,0.0,0,0,384010
386061,2018,12,0,0,0.0,0,0,384010
386095,2018,7,24,28008,42012.0,0,0,385092
386096,2018,8,20,40500,60750.0,0,0,385092
386097,2018,6,16,37392,56088.0,0,0,385092
386098,2018,5,12,20988,31482.0,0,0,385092
386099,2018,12,12,9420,14130.0,0,0,385092
386100,2018,9,8,7888,11832.0,0,0,385092
386101,2018,11,6,7152,10728.0,0,0,385092
386102,2018,3,4,2940,4410.0,418,75,385092
386103,2018,2,0,0,0.0,0,0,385092
386104,2018,4,0,0,0.0,0,0,385092
386105,2018,10,0,0,0.0,0,0,385092
386183,2018,6,20,32120,48180.0,0,0,398655
386184,2018,9,6,3072,4608.0,0,0,398655
386185,2018,2,0,0,0.0,0,0,398655
386186,2018,3,0,0,0.0,0,0,398655
386187,2018,4,0,0,0.0,0,0,398655
386188,2018,5,0,0,0.0,0,0,398655
386189,2018,7,0,0,0.0,0,0,398655
386190,2018,8,0,0,0.0,0,0,398655
386191,2018,10,0,0,0.0,0,0,398655
386192,2018,11,0,0,0.0,0,0,398655
386193,2018,12,0,0,0.0,0,0,398655
386271,2018,12,9,5103,7654.5,0,0,406369
386272,2018,7,8,4888,7332.0,0,0,406369
386273,2018,5,4,6516,9774.0,0,0,406369
386274,2018,11,4,5024,7536.0,0,0,406369
386275,2018,10,2,4346,6519.0,0,0,406369
386276,2018,2,0,0,0.0,0,0,406369
386277,2018,3,0,0,0.0,0,0,406369
386278,2018,4,0,0,0.0,0,0,406369
386279,2018,6,0,0,0.0,0,0,406369
386280,2018,8,0,0,0.0,0,0,406369
386281,2018,9,0,0,0.0,0,0,406369
386744,2018,6,24,26472,39708.0,0,0,459835
386745,2018,2,0,0,0.0,0,0,459835
386746,2018,3,0,0,0.0,0,0,459835
386747,2018,4,0,0,0.0,0,0,459835
386748,2018,5,0,0,0.0,0,0,459835
386749,2018,7,0,0,0.0,0,0,459835
386750,2018,8,0,0,0.0,0,0,459835
386751,2018,9,0,0,0.0,0,0,459835
386752,2018,10,0,0,0.0,0,0,459835
386753,2018,11,0,0,0.0,0,0,459835
386754,2018,12,0,0,0.0,0,0,459835
386909,2018,6,12,21768,32652.0,0,0,473563
386910,2018,5,4,5152,7728.0,0,0,473563
386911,2018,9,2,2156,3234.0,0,0,473563
386912,2018,10,2,2358,3537.0,0,0,473563
386913,2018,2,0,0,0.0,0,0,473563
386914,2018,3,0,0,0.0,0,0,473563
386915,2018,4,0,0,0.0,0,0,473563
386916,2018,7,0,0,0.0,0,0,473563
386917,2018,8,0,0,0.0,0,0,473563
386918,2018,11,0,0,0.0,0,0,473563
386919,2018,12,0,0,0.0,0,0,473563
386975,2018,6,24,50064,75096.0,0,0,477157
386976,2018,5,20,23740,35610.0,590,106,477157
386977,2018,12,15,10320,15480.0,0,0,477157
386978,2018,7,8,8800,13200.0,0,0,477157
386979,2018,8,8,12840,19260.0,0,0,477157
386980,2018,9,6,7152,10728.0,0,0,477157
386981,2018,11,6,12114,18171.0,0,0,477157
386982,2018,2,0,0,0.0,0,0,477157
386983,2018,3,0,0,0.0,0,0,477157
386984,2018,4,0,0,0.0,0,0,477157
386985,2018,10,0,0,0.0,0,0,477157
387074,2018,5,16,15248,22872.0,380,68,485330
387075,2018,7,12,7644,11466.0,0,0,485330
387076,2018,10,6,7752,11628.0,0,0,485330
387077,2018,3,4,7936,11904.0,553,100,485330
387078,2018,9,4,9508,14262.0,0,0,485330
387079,2018,12,3,6117,9175.5,0,0,485330
387080,2018,11,2,3626,5439.0,0,0,485330
387081,2018,2,0,0,0.0,0,0,485330
387082,2018,4,0,0,0.0,0,0,485330
387083,2018,6,0,0,0.0,0,0,485330
387084,2018,8,0,0,0.0,0,0,485330
387107,2018,8,8,14904,22356.0,0,0,486860
387108,2018,9,8,7520,11280.0,0,0,486860
387109,2018,10,8,14544,21816.0,0,0,486860
387110,2018,7,8,4488,6732.0,832,150,486860
387111,2018,11,8,18640,27960.0,0,0,486860
387112,2018,11,6,6300,9450.0,0,0,486860
387113,2018,7,4,9216,13824.0,0,0,486860
387114,2018,3,3,2802,4203.0,0,0,486860
387115,2018,10,2,3238,4857.0,588,106,486860
387116,2018,2,0,0,0.0,0,0,486860
387117,2018,2,0,0,0.0,0,0,486860
387118,2018,3,0,0,0.0,0,0,486860
387119,2018,4,0,0,0.0,0,0,486860
387120,2018,4,0,0,0.0,0,0,486860
387121,2018,5,0,0,0.0,0,0,486860
387122,2018,5,0,0,0.0,0,0,486860
387123,2018,6,0,0,0.0,0,0,486860
387124,2018,6,0,0,0.0,0,0,486860
387125,2018,8,0,0,0.0,0,0,486860
387126,2018,9,0,0,0.0,584,105,486860
387127,2018,12,0,0,0.0,0,0,486860
387128,2018,12,0,0,0.0,0,0,486860
387250,2018,7,20,16420,24630.0,0,0,492695
387251,2018,5,16,16864,25296.0,0,0,492695
387252,2018,6,4,3364,5046.0,0,0,492695
387253,2018,9,4,3636,5454.0,0,0,492695
387254,2018,11,4,7796,11694.0,0,0,492695
387255,2018,12,3,2946,4419.0,0,0,492695
387256,2018,4,2,1004,1506.0,0,0,492695
387257,2018,3,1,1030,1545.0,0,0,492695
387258,2018,2,0,0,0.0,0,0,492695
387259,2018,8,0,0,0.0,0,0,492695
387260,2018,10,0,0,0.0,0,0,492695
387261,2018,5,20,23960,35940.0,0,0,492973
387262,2018,7,20,48000,72000.0,0,0,492973
387263,2018,12,15,27525,41287.5,550,99,492973
387264,2018,3,5,9085,13627.5,682,123,492973
387265,2018,10,4,9304,13956.0,0,0,492973
387266,2018,2,0,0,0.0,0,0,492973
387267,2018,4,0,0,0.0,0,0,492973
387268,2018,6,0,0,0.0,0,0,492973
387269,2018,8,0,0,0.0,0,0,492973
387270,2018,9,0,0,0.0,0,0,492973
387271,2018,11,0,0,0.0,0,0,492973
387514,2018,7,24,28656,42984.0,0,0,507008
387515,2018,8,16,8592,12888.0,0,0,507008
387516,2018,12,12,17148,25722.0,0,0,507008
387517,2018,6,8,16624,24936.0,0,0,507008
387518,2018,10,8,19600,29400.0,0,0,507008
387519,2018,11,6,10518,15777.0,0,0,507008
387520,2018,5,4,3916,5874.0,0,0,507008
387521,2018,4,3,5706,8559.0,0,0,507008
387522,2018,9,2,3906,5859.0,0,0,507008
387523,2018,3,1,1516,2274.0,386,69,507008
387524,2018,2,0,0,0.0,0,0,507008
387811,2018,5,12,11028,16542.0,0,0,540715
387812,2018,7,12,13260,19890.0,0,0,540715
387813,2018,12,12,15768,23652.0,0,0,540715
387814,2018,11,4,6548,9822.0,0,0,540715
387815,2018,10,2,4942,7413.0,0,0,540715
387816,2018,2,0,0,0.0,0,0,540715
387817,2018,3,0,0,0.0,0,0,540715
387818,2018,4,0,0,0.0,0,0,540715
387819,2018,6,0,0,0.0,0,0,540715
387820,2018,8,0,0,0.0,0,0,540715
387821,2018,9,0,0,0.0,0,0,540715
387921,2018,6,16,33280,49920.0,466,84,549404
387922,2018,8,12,9000,13500.0,0,0,549404
387923,2018,12,9,7245,10867.5,0,0,549404
387924,2018,10,8,12656,18984.0,0,0,549404
387925,2018,11,6,7602,11403.0,0,0,549404
387926,2018,5,4,4024,6036.0,0,0,549404
387927,2018,4,2,2958,4437.0,0,0,549404
387928,2018,9,2,1948,2922.0,0,0,549404
387929,2018,2,0,0,0.0,0,0,549404
387930,2018,3,0,0,0.0,0,0,549404
387931,2018,7,0,0,0.0,0,0,549404
388152,2018,5,12,28008,42012.0,521,94,575487
388153,2018,12,12,28668,43002.0,0,0,575487
388154,2018,9,2,2678,4017.0,0,0,575487
388155,2018,4,1,1921,2881.5,0,0,575487
388156,2018,3,1,1768,2652.0,0,0,575487
388157,2018,2,0,0,0.0,0,0,575487
388158,2018,6,0,0,0.0,0,0,575487
388159,2018,7,0,0,0.0,0,0,575487
388160,2018,8,0,0,0.0,0,0,575487
388161,2018,10,0,0,0.0,0,0,575487
388162,2018,11,0,0,0.0,0,0,575487
388163,2018,6,20,42440,63660.0,0,0,576658
388164,2018,5,12,18336,27504.0,508,91,576658
388165,2018,7,12,17028,25542.0,0,0,576658
388166,2018,10,6,3138,4707.0,0,0,576658
388167,2018,12,6,5112,7668.0,0,0,576658
388168,2018,11,2,3302,4953.0,0,0,576658
388169,2018,2,0,0,0.0,0,0,576658
388170,2018,3,0,0,0.0,0,0,576658
388171,2018,4,0,0,0.0,0,0,576658
388172,2018,8,0,0,0.0,0,0,576658
388173,2018,9,0,0,0.0,0,0,576658
388339,2018,7,12,11700,17550.0,0,0,596544
388340,2018,8,12,26076,39114.0,0,0,596544
388341,2018,9,10,12350,18525.0,0,0,596544
388342,2018,12,9,6048,9072.0,0,0,596544
388343,2018,10,4,3348,5022.0,425,77,596544
388344,2018,6,4,9972,14958.0,0,0,596544
388345,2018,3,1,1512,2268.0,0,0,596544
388346,2018,2,0,0,0.0,0,0,596544
388347,2018,4,0,0,0.0,352,63,596544
388348,2018,5,0,0,0.0,0,0,596544
388349,2018,11,0,0,0.0,0,0,596544
388372,2018,6,16,10080,15120.0,0,0,599778
388373,2018,8,12,23364,35046.0,0,0,599778
388374,2018,7,4,2424,3636.0,0,0,599778
388375,2018,10,4,7456,11184.0,0,0,599778
388376,2018,4,3,5943,8914.5,340,61,599778
388377,2018,3,3,5895,8842.5,0,0,599778
388378,2018,9,2,1572,2358.0,0,0,599778
388379,2018,2,1,2181,3271.5,0,0,599778
388380,2018,5,0,0,0.0,0,0,599778
388381,2018,11,0,0,0.0,0,0,599778
388382,2018,12,0,0,0.0,0,0,599778
388427,2018,6,20,12620,18930.0,593,107,603070
388428,2018,12,15,14040,21060.0,0,0,603070
388429,2018,8,12,11052,16578.0,0,0,603070
388430,2018,9,8,7832,11748.0,0,0,603070
388431,2018,11,6,3306,4959.0,0,0,603070
388432,2018,2,1,2379,3568.5,0,0,603070
388433,2018,3,1,2159,3238.5,547,98,603070
388434,2018,4,0,0,0.0,0,0,603070
388435,2018,5,0,0,0.0,0,0,603070
388436,2018,7,0,0,0.0,0,0,603070
388437,2018,10,0,0,0.0,0,0,603070
388493,2018,7,20,25420,38130.0,506,91,607769
388494,2018,6,20,20800,31200.0,0,0,607769
388495,2018,5,16,15648,23472.0,0,0,607769
388496,2018,12,9,14499,21748.5,0,0,607769
388497,2018,8,4,8212,12318.0,0,0,607769
388498,2018,2,0,0,0.0,0,0,607769
388499,2018,3,0,0,0.0,0,0,607769
388500,2018,4,0,0,0.0,0,0,607769
388501,2018,9,0,0,0.0,0,0,607769
388502,2018,10,0,0,0.0,0,0,607769
388503,2018,11,0,0,0.0,0,0,607769
388526,2018,5,20,32400,48600.0,0,0,614721
388527,2018,9,8,14384,21576.0,359,65,614721
388528,2018,7,4,9792,14688.0,0,0,614721
388529,2018,12,3,2346,3519.0,0,0,614721
388530,2018,10,2,1302,1953.0,450,81,614721
388531,2018,11,2,2762,4143.0,488,88,614721
388532,2018,2,1,2319,3478.5,407,73,614721
388533,2018,4,1,1071,1606.5,0,0,614721
388534,2018,3,0,0,0.0,0,0,614721
388535,2018,6,0,0,0.0,0,0,614721
388536,2018,8,0,0,0.0,0,0,614721
388559,2018,5,20,12940,19410.0,0,0,620078
388560,2018,8,20,20840,31260.0,0,0,620078
388561,2018,12,12,26640,39960.0,0,0,620078
388562,2018,7,8,4392,6588.0,813,146,620078
388563,2018,10,4,6656,9984.0,0,0,620078
388564,2018,2,0,0,0.0,0,0,620078
388565,2018,3,0,0,0.0,0,0,620078
388566,2018,4,0,0,0.0,0,0,620078
388567,2018,6,0,0,0.0,0,0,620078
388568,2018,9,0,0,0.0,0,0,620078
388569,2018,11,0,0,0.0,0,0,620078
388724,2018,6,16,9872,14808.0,0,0,645919
388725,2018,12,12,20916,31374.0,0,0,645919
388726,2018,5,4,7572,11358.0,0,0,645919
388727,2018,7,4,8368,12552.0,0,0,645919
388728,2018,2,2,3926,5889.0,0,0,645919
388729,2018,4,2,4266,6399.0,0,0,645919
388730,2018,3,2,2332,3498.0,0,0,645919
388731,2018,8,0,0,0.0,0,0,645919
388732,2018,9,0,0,0.0,0,0,645919
388733,2018,10,0,0,0.0,0,0,645919
388734,2018,11,0,0,0.0,0,0,645919
389120,2018,5,20,12360,18540.0,0,0,686223
389121,2018,10,8,15880,23820.0,0,0,686223
389122,2018,11,4,5076,7614.0,409,74,686223
389123,2018,7,4,3544,5316.0,0,0,686223
389124,2018,2,0,0,0.0,0,0,686223
389125,2018,3,0,0,0.0,0,0,686223
389126,2018,4,0,0,0.0,0,0,686223
389127,2018,6,0,0,0.0,0,0,686223
389128,2018,8,0,0,0.0,0,0,686223
389129,2018,9,0,0,0.0,0,0,686223
389130,2018,12,0,0,0.0,0,0,686223
389285,2018,7,12,19332,28998.0,782,141,692856
389286,2018,8,8,10784,16176.0,0,0,692856
389287,2018,9,6,12684,19026.0,0,0,692856
389288,2018,10,2,3904,5856.0,0,0,692856
389289,2018,3,1,1589,2383.5,0,0,692856
389290,2018,2,0,0,0.0,0,0,692856
389291,2018,4,0,0,0.0,0,0,692856
389292,2018,5,0,0,0.0,0,0,692856
389293,2018,6,0,0,0.0,0,0,692856
389294,2018,11,0,0,0.0,0,0,692856
389295,2018,12,0,0,0.0,0,0,692856
389362,2018,7,20,22960,34440.0,0,0,700566
389363,2018,6,16,16448,24672.0,0,0,700566
389364,2018,8,16,18512,27768.0,0,0,700566
389365,2018,12,12,19812,29718.0,0,0,700566
389366,2018,2,3,3843,5764.5,0,0,700566
389367,2018,4,2,1054,1581.0,0,0,700566
389368,2018,3,1,1417,2125.5,0,0,700566
389369,2018,5,0,0,0.0,0,0,700566
389370,2018,9,0,0,0.0,0,0,700566
389371,2018,10,0,0,0.0,0,0,700566
389372,2018,11,0,0,0.0,0,0,700566
389395,2018,6,16,25984,38976.0,0,0,702005
389396,2018,8,16,26416,39624.0,0,0,702005
389397,2018,12,3,4383,6574.5,0,0,702005
389398,2018,11,2,3764,5646.0,410,74,702005
389399,2018,4,2,3222,4833.0,0,0,702005
389400,2018,10,2,1026,1539.0,0,0,702005
389401,2018,2,0,0,0.0,0,0,702005
389402,2018,3,0,0,0.0,0,0,702005
389403,2018,5,0,0,0.0,0,0,702005
389404,2018,7,0,0,0.0,0,0,702005
389405,2018,9,0,0,0.0,0,0,702005
389527,2018,7,8,17728,26592.0,0,0,711363
389528,2018,9,6,12408,18612.0,0,0,711363
389529,2018,11,6,9576,14364.0,0,0,711363
389530,2018,5,4,6900,10350.0,0,0,711363
389531,2018,6,4,4372,6558.0,0,0,711363
389532,2018,10,2,4432,6648.0,0,0,711363
389533,2018,2,0,0,0.0,0,0,711363
389534,2018,3,0,0,0.0,0,0,711363
389535,2018,4,0,0,0.0,0,0,711363
389536,2018,8,0,0,0.0,0,0,711363
389537,2018,12,0,0,0.0,0,0,711363
389626,2018,5,20,38660,57990.0,580,104,714316
389627,2018,6,8,15264,22896.0,676,122,714316
389628,2018,7,8,4192,6288.0,0,0,714316
389629,2018,9,6,8166,12249.0,565,102,714316
389630,2018,10,6,12804,19206.0,0,0,714316
389631,2018,11,4,2980,4470.0,0,0,714316
389632,2018,3,2,4460,6690.0,0,0,714316
389633,2018,2,0,0,0.0,0,0,714316
389634,2018,4,0,0,0.0,0,0,714316
389635,2018,8,0,0,0.0,0,0,714316
389636,2018,12,0,0,0.0,0,0,714316
389692,2018,8,24,24624,36936.0,680,122,723912
389693,2018,6,24,38928,58392.0,0,0,723912
389694,2018,7,16,38400,57600.0,0,0,723912
389695,2018,10,8,14576,21864.0,0,0,723912
389696,2018,2,2,1588,2382.0,0,0,723912
389697,2018,3,1,621,931.5,0,0,723912
389698,2018,4,0,0,0.0,0,0,723912
389699,2018,5,0,0,0.0,0,0,723912
389700,2018,9,0,0,0.0,0,0,723912
389701,2018,11,0,0,0.0,0,0,723912
389702,2018,12,0,0,0.0,0,0,723912
390110,2018,12,15,11370,17055.0,426,77,760155
390111,2018,5,8,11344,17016.0,0,0,760155
390112,2018,10,8,11752,17628.0,0,0,760155
390113,2018,11,8,13912,20868.0,0,0,760155
390114,2018,8,4,2148,3222.0,0,0,760155
390115,2018,3,2,1194,1791.0,0,0,760155
390116,2018,2,1,1665,2497.5,0,0,760155
390117,2018,4,1,1654,2481.0,0,0,760155
390118,2018,6,0,0,0.0,0,0,760155
390119,2018,7,0,0,0.0,0,0,760155
390120,2018,9,0,0,0.0,0,0,760155
390561,2018,8,8,4912,7368.0,0,0,796627
390562,2018,9,8,11032,16548.0,0,0,796627
390563,2018,10,8,11784,17676.0,0,0,796627
390564,2018,11,6,14682,22023.0,0,0,796627
390565,2018,4,1,567,850.5,0,0,796627
390566,2018,3,1,2090,3135.0,0,0,796627
390567,2018,2,0,0,0.0,0,0,796627
390568,2018,5,0,0,0.0,0,0,796627
390569,2018,6,0,0,0.0,0,0,796627
390570,2018,7,0,0,0.0,0,0,796627
390571,2018,12,0,0,0.0,0,0,796627
390759,2018,6,16,14144,21216.0,0,0,810503
390760,2018,12,9,14445,21667.5,0,0,810503
390761,2018,5,8,17088,25632.0,0,0,810503
390762,2018,9,6,10098,15147.0,0,0,810503
390763,2018,8,4,8420,12630.0,0,0,810503
390764,2018,3,3,1614,2421.0,0,0,810503
390765,2018,4,2,1320,1980.0,0,0,810503
390766,2018,10,2,2638,3957.0,0,0,810503
390767,2018,2,0,0,0.0,0,0,810503
390768,2018,7,0,0,0.0,0,0,810503
390769,2018,11,0,0,0.0,0,0,810503
391089,2018,7,8,4632,6948.0,725,131,839494
391090,2018,11,6,6414,9621.0,0,0,839494
391091,2018,10,4,3444,5166.0,324,58,839494
391092,2018,5,4,8984,13476.0,0,0,839494
391093,2018,9,4,9008,13512.0,0,0,839494
391094,2018,2,0,0,0.0,0,0,839494
391095,2018,3,0,0,0.0,0,0,839494
391096,2018,4,0,0,0.0,0,0,839494
391097,2018,6,0,0,0.0,0,0,839494
391098,2018,8,0,0,0.0,0,0,839494
391099,2018,12,0,0,0.0,0,0,839494
391199,2018,6,24,16560,24840.0,807,145,851499
391200,2018,7,20,15360,23040.0,0,0,851499
391201,2018,5,8,15104,22656.0,0,0,851499
391202,2018,8,8,17528,26292.0,0,0,851499
391203,2018,4,2,2838,4257.0,0,0,851499
391204,2018,2,0,0,0.0,0,0,851499
391205,2018,3,0,0,0.0,0,0,851499
391206,2018,9,0,0,0.0,0,0,851499
391207,2018,10,0,0,0.0,0,0,851499
391208,2018,11,0,0,0.0,0,0,851499
391209,2018,12,0,0,0.0,0,0,851499
391210,2018,2,0,0,0.0,0,0,854855
391211,2018,3,0,0,0.0,0,0,854855
391212,2018,4,0,0,0.0,0,0,854855
391213,2018,5,0,0,0.0,0,0,854855
391214,2018,6,0,0,0.0,0,0,854855
391215,2018,7,0,0,0.0,0,0,854855
391216,2018,8,0,0,0.0,0,0,854855
391217,2018,9,0,0,0.0,0,0,854855
391218,2018,10,0,0,0.0,0,0,854855
391219,2018,11,0,0,0.0,0,0,854855
391220,2018,12,0,0,0.0,0,0,854855
391419,2018,6,20,11400,17100.0,527,95,875560
391420,2018,5,16,38288,57432.0,0,0,875560
391421,2018,8,12,10404,15606.0,0,0,875560
391422,2018,10,8,12272,18408.0,0,0,875560
391423,2018,9,4,5488,8232.0,0,0,875560
391424,2018,3,2,1608,2412.0,0,0,875560
391425,2018,4,1,1095,1642.5,322,58,875560
391426,2018,2,0,0,0.0,0,0,875560
391427,2018,7,0,0,0.0,0,0,875560
391428,2018,11,0,0,0.0,0,0,875560
391429,2018,12,0,0,0.0,0,0,875560
391474,2018,8,20,24500,36750.0,751,135,880805
391475,2018,7,20,35340,53010.0,0,0,880805
391476,2018,5,8,16880,25320.0,0,0,880805
391477,2018,11,6,9906,14859.0,0,0,880805
391478,2018,12,6,11154,16731.0,0,0,880805
391479,2018,10,2,1524,2286.0,566,102,880805
391480,2018,2,0,0,0.0,0,0,880805
391481,2018,3,0,0,0.0,0,0,880805
391482,2018,4,0,0,0.0,0,0,880805
391483,2018,6,0,0,0.0,0,0,880805
391484,2018,9,0,0,0.0,0,0,880805
391562,2018,6,20,44940,67410.0,0,0,894532
391563,2018,8,20,39500,59250.0,0,0,894532
391564,2018,12,9,14994,22491.0,0,0,894532
391565,2018,9,6,5448,8172.0,0,0,894532
391566,2018,11,6,11154,16731.0,0,0,894532
391567,2018,10,4,3576,5364.0,0,0,894532
391568,2018,2,0,0,0.0,0,0,894532
391569,2018,3,0,0,0.0,0,0,894532
391570,2018,4,0,0,0.0,0,0,894532
391571,2018,5,0,0,0.0,0,0,894532
391572,2018,7,0,0,0.0,0,0,894532
391760,2018,6,16,14416,21624.0,656,118,912633
391761,2018,5,12,23976,35964.0,0,0,912633
391762,2018,10,8,16424,24636.0,0,0,912633
391763,2018,11,6,14520,21780.0,0,0,912633
391764,2018,2,0,0,0.0,0,0,912633
391765,2018,3,0,0,0.0,0,0,912633
391766,2018,4,0,0,0.0,0,0,912633
391767,2018,7,0,0,0.0,0,0,912633
391768,2018,8,0,0,0.0,0,0,912633
391769,2018,9,0,0,0.0,0,0,912633
391770,2018,12,0,0,0.0,0,0,912633
392321,2018,7,24,17400,26100.0,0,0,950467
392322,2018,5,12,7428,11142.0,0,0,950467
392323,2018,12,12,21288,31932.0,0,0,950467
392324,2018,8,8,6232,9348.0,663,119,950467
392325,2018,10,6,8964,13446.0,539,97,950467
392326,2018,3,3,4887,7330.5,0,0,950467
392327,2018,2,2,4446,6669.0,0,0,950467
392328,2018,9,2,4100,6150.0,0,0,950467
392329,2018,4,0,0,0.0,0,0,950467
392330,2018,6,0,0,0.0,0,0,950467
392331,2018,11,0,0,0.0,0,0,950467
392431,2018,7,16,29616,44424.0,0,0,958915
392432,2018,5,12,13800,20700.0,0,0,958915
392433,2018,9,6,11394,17091.0,0,0,958915
392434,2018,11,6,13878,20817.0,0,0,958915
392435,2018,2,1,881,1321.5,0,0,958915
392436,2018,3,1,615,922.5,0,0,958915
392437,2018,4,0,0,0.0,0,0,958915
392438,2018,6,0,0,0.0,0,0,958915
392439,2018,8,0,0,0.0,0,0,958915
392440,2018,10,0,0,0.0,0,0,958915
392441,2018,12,0,0,0.0,0,0,958915
392662,2018,5,20,39640,59460.0,0,0,973846
392663,2018,6,8,12440,18660.0,0,0,973846
392664,2018,7,8,8232,12348.0,0,0,973846
392665,2018,10,6,8856,13284.0,0,0,973846
392666,2018,9,4,3472,5208.0,418,75,973846
392667,2018,8,4,5952,8928.0,0,0,973846
392668,2018,11,4,2352,3528.0,0,0,973846
392669,2018,3,1,1747,2620.5,690,124,973846
392670,2018,2,0,0,0.0,0,0,973846
392671,2018,4,0,0,0.0,0,0,973846
392672,2018,12,0,0,0.0,0,0,973846
392684,2018,5,16,11072,16608.0,0,0,974758
392685,2018,8,16,21936,32904.0,0,0,974758
392686,2018,12,12,20676,31014.0,0,0,974758
392687,2018,9,4,3400,5100.0,0,0,974758
392688,2018,10,0,0,0.0,376,68,974758
392689,2018,4,0,0,0.0,0,0,974758
392690,2018,2,0,0,0.0,0,0,974758
392691,2018,3,0,0,0.0,0,0,974758
392692,2018,6,0,0,0.0,0,0,974758
392693,2018,7,0,0,0.0,0,0,974758
392694,2018,11,0,0,0.0,0,0,974758
392695,2018,6,16,18336,27504.0,0,0,977693
392696,2018,12,9,16200,24300.0,732,132,977693
392697,2018,3,5,8425,12637.5,0,0,977693
392698,2018,4,2,1898,2847.0,0,0,977693
392699,2018,9,2,1166,1749.0,0,0,977693
392700,2018,2,0,0,0.0,0,0,977693
392701,2018,5,0,0,0.0,0,0,977693
392702,2018,7,0,0,0.0,0,0,977693
392703,2018,8,0,0,0.0,0,0,977693
392704,2018,10,0,0,0.0,0,0,977693
392705,2018,11,0,0,0.0,0,0,977693
392772,2018,7,16,24512,36768.0,0,0,983524
392773,2018,8,16,28560,42840.0,0,0,983524
392774,2018,6,12,28440,42660.0,0,0,983524
392775,2018,12,9,7461,11191.5,0,0,983524
392776,2018,5,8,17848,26772.0,0,0,983524
392777,2018,9,4,3612,5418.0,0,0,983524
392778,2018,4,3,2313,3469.5,0,0,983524
392779,2018,3,3,6126,9189.0,575,104,983524
392780,2018,2,0,0,0.0,0,0,983524
392781,2018,10,0,0,0.0,0,0,983524
392782,2018,11,0,0,0.0,0,0,983524
