loyalty_history_id,activity_id,year,month,total_flights,distance,points_accumulated,points_redeemed,dollar_cost_points_redeemed
0,19609,2018,9,5,5140,5140.0,507,140
0,30606,2018,8,4,4168,4168.0,0,0
0,30866,2018,7,4,7868,7868.0,790,0
0,57302,2017,2,3,2862,2862.0,334,98
0,62803,2017,2,3,7687,7687.0,0,0
0,87133,2018,11,3,2836,2836.0,0,0
0,100686,2018,11,2,4354,4354.0,563,128
0,165887,2018,7,1,2028,2028.0,764,78
0,167575,2018,10,1,111,111.0,7,0
0,160386,2018,2,1,1787,1787.0,7,0
0,167662,2018,3,1,10830,830.0,537,0
0,163699,2018,9,1,2287,2287.0,584,0
0,167882,2018,9,1,308,308.0,600,0
0,177993,2018,1,1,1308,1308.0,0,0
0,187608,2017,1,0,0,0.0,565,0
0,190403,2017,2,0,0,0.0,500,0
0,206194,2017,4,0,0,0.0,872,8
0,206005,2017,3,0,0,0.0,0,0
0,207986,2018,4,0,0,0.0,0,0
0,200003,2017,8,0,0,0.0,0,0
0,217706,2017,4,0,0,0.0,0,0
0,212466,2018,5,0,0,0.0,0,0
0,227176,2017,5,0,0,0.0,695,0
0,217674,2018,8,0,0,0.0,7,8
1,24869,2018,12,5,10600,10600.0,0,0
1,180626,2018,11,1,1867,1867.0,530,96
1,90966,2017,2,0,0,0.0,564,98
1,197303,2017,3,0,0,0.0,0,0
1,190966,2017,2,0,0,0.0,0,0
1,204662,2017,5,0,0,0.0,0,0
1,209005,2017,7,0,0,0.5,560,100
1,203107,2017,5,0,0,0.0,0,0
1,210003,2018,6,0,0,0.0,0,0
1,206866,2017,7,0,0,0.0,0,0
1,224006,2017,8,0,0,0.0,0,0
1,237896,2017,9,0,0,0.0,0,0
1,247861,2017,9,0,0,0.0,0,0
1,267636,2017,11,0,0,0.0,0,0
1,260862,2017,10,0,0,0.0,0,0
1,262369,2017,12,0,0,0.0,0,0
1,207009,2018,1,0,0,0.0,0,0
1,213867,2018,3,0,0,0.0,0,0
1,227608,2018,4,0,0,0.0,0,0
1,235143,2018,6,0,0,0.0,0,0
1,242307,2018,7,0,0,0.0,0,0
1,256675,2018,8,0,80,0.0,0,0
1,363102,2018,11,0,10000,0.0,0,9
1,369096,2018,12,0,0,0.0,0,8
2,1120,2017,7,7,10212,10212.0,0,0
2,7784,2018,8,6,3632,3632.0,0,0
2,7605,2017,9,8,4308,4308.0,500,0
2,8897,2017,3,5,605,605.0,507,121
2,9805,2018,6,6,7638,7638.0,525,59
2,4905,2018,1,4,4336,4336.0,0,8
2,97601,2017,6,3,4931,4931.0,500,1
2,95336,2017,5,2,3116,3116.0,0,0
2,90606,2018,1,2,4382,4382.0,0,8
2,101803,2017,11,2,4866,4866.0,560,0
2,100883,2018,4,2,4011,4011.0,500,0
2,104834,2018,12,2,4378,4378.0,0,0
2,152815,2018,1,1,786,786.0,0,0
2,160864,2018,2,0,0,0.0,0,0
2,184196,2017,1,0,0,0.0,1,0
2,190866,2017,2,0,0,0.0,0,8
2,207606,2017,3,0,0,0.0,598,100
2,237996,2018,7,0,0,0.0,0,0
2,237820,2018,8,0,0,0.0,0,1
2,237183,2017,7,0,0,0.0,4,0
2,252879,2018,12,0,0,0.0,527,0
2,265121,2018,9,0,0,0.0,0,0
2,266504,2018,11,0,0,0.0,521,0
2,267877,2018,12,0,0,0.0,0,1
3,737,2017,6,5,7675,7675.0,0,0
3,8986,2018,7,6,10776,10776.0,0,0
3,7865,2017,8,5,10887,887.0,500,0
3,10366,2018,12,5,7425,7425.0,0,0
3,17066,2017,1,5,10205,10805.0,0,0
3,25861,2018,8,8,10327,327.0,0,8
3,165195,2018,3,1,1801,1801.0,524,101
3,161696,2018,9,1,607,907.0,568,98
3,160626,2018,1,1,806,806.0,594,8
3,173686,2018,12,1,683,683.0,0,0
3,187664,2017,1,0,0,0.0,567,91
3,197113,2017,2,0,0,0.0,0,8
3,207608,2017,3,0,40000,0.0,0,8
3,200894,2017,4,0,0,0.0,0,5
3,210366,2017,4,0,0,0.0,0,0
3,264106,2017,11,0,0,0.0,0,8
3,260404,2018,8,0,0,0.0,0,1
3,268090,2018,6,0,0,0.0,0,0
3,260086,2017,18,0,0,0.0,0,0
3,267766,2018,9,0,0,0.0,0,0
3,260669,2018,9,0,0,0.0,0,1
3,286862,2017,10,0,0,0.0,0,0
3,306609,2018,11,0,0,0.0,0,0
3,303896,2018,12,0,0,0.0,4,0
4,4476,2018,6,6,11536,11536.0,866,78
4,164,2017,7,5,10885,10885.0,500,0
4,2162,2018,7,21,775,775.0,0,0
4,15063,2017,3,5,1835,2835.0,590,91
4,24911,2017,8,4,640,640.0,7,0
4,23865,2017,3,4,2118,2118.0,0,100
4,35193,2018,1,4,2697,2697.0,500,8
4,34607,2017,5,4,7,7.0,7,1
4,66522,2018,9,3,2328,2328.0,0,0
4,90867,2017,2,3,2136,2136.0,0,0
4,90834,2018,2,2,849,849.0,0,0
4,105805,2018,8,2,611,611.0,0,0
4,107666,2018,1,2,902,902.0,0,0
4,101189,2017,1,2,806,806.0,5,0
4,156899,2018,2,1,605,605.0,0,0
4,167609,2018,2,1,716,716.0,586,0
4,166175,2018,11,1,632,632.0,0,0
4,163135,2018,10,1,603,903.0,560,0
4,167196,2018,2,1,6,16.0,0,0
4,368803,2018,8,1,817,6.0,500,3
4,324503,2018,7,0,0,0.0,0,8
4,323679,2018,9,0,0,0.0,0,0
4,342607,2018,11,0,0,0.0,814,0
4,365807,2018,12,0,0,0.0,7,9
5,6495,2018,7,6,3706,3706.0,0,0
5,6865,2018,7,5,7240,7240.0,0,0
5,17309,2018,8,5,13805,13805.0,380,58
5,22823,2018,5,4,4142,4142.0,500,0
5,40513,2018,7,4,7406,12406.0,0,1
5,59876,2017,2,3,4138,4138.0,0,0
5,60393,2018,6,3,3367,3367.0,0,0
5,70103,2018,7,3,4216,4216.0,0,0
5,90407,2017,2,2,4432,4432.0,0,8
5,100186,2017,11,2,4846,4846.0,0,0
5,112303,2018,5,2,3308,3308.0,592,0
5,120706,2018,6,2,4836,4836.0,0,0
5,162287,2018,12,1,2461,2461.0,554,96
5,160126,2018,1,1,807,807.0,0,0
5,161872,2017,2,1,687,687.0,581,106
5,205655,2017,11,0,0,0.0,0,0
5,260166,2017,12,0,0,0.0,0,0
5,210803,2017,3,0,0,0.0,0,8
5,222067,2018,4,0,0,0.0,0,0
5,227103,2017,11,0,0,0.0,0,0
5,326613,2018,8,0,0,0.0,0,0
5,360606,2018,10,0,0,0.0,1,8
5,305016,2018,9,0,0,0.0,0,0
5,327614,2018,11,0,0,0.0,0,0
6,1976,2018,8,7,12089,12089.0,0,0
6,7636,2018,6,5,7370,7370.0,0,0
6,3176,2017,9,6,1300,1300.0,0,0
6,7967,2018,7,6,4678,4678.0,0,0
6,306,2018,1,5,7885,7875.0,522,41
6,7861,2017,12,6,8701,8701.0,0,0
6,10107,2018,5,5,3319,3319.0,0,0
6,58107,2017,4,3,4807,4807.0,0,0
6,97596,2017,8,2,4606,4606.0,0,0
6,90973,2018,3,1,2001,2001.0,8,1
6,99166,2018,2,0,0,0.0,0,0
6,104169,2017,1,0,0,0.0,0,0
6,100609,2017,6,0,0,0.0,0,0
6,107404,2017,2,0,0,0.0,4,0
6,186297,2017,1,0,0,0.0,0,0
6,120869,2018,2,0,0,0.0,0,0
6,260833,2017,10,0,0,0.0,524,0
6,269890,2017,12,0,0,0.0,0,0
6,263806,2018,1,0,0,0.0,587,71
6,260805,2017,11,0,0,0.0,0,0
6,269127,2017,5,0,0,0.0,0,0
6,262807,2017,12,0,0,0.0,8,0
6,260196,2018,11,0,0,0.0,0,8
6,260163,2018,11,0,0,0.0,514,0
7,2581,2017,6,6,4800,4800.0,0,0
7,65633,2017,1,3,2711,2711.0,0,8
7,60301,2018,2,3,4421,4421.0,0,0
7,68867,2017,8,3,4806,4806.0,598,108
7,67368,2018,1,3,1637,1636.0,590,0
7,111862,2018,5,2,4423,4423.0,0,1
7,120294,2018,6,2,3790,3790.0,0,0
7,150464,2018,9,1,740,740.0,594,8
7,150893,2018,12,1,870,870.0,0,1
7,167172,2018,12,1,776,776.0,568,8
7,162804,2018,8,1,2381,2381.0,564,108
7,166806,2018,11,1,1811,1811.0,524,101
7,165860,2018,12,1,977,977.0,0,71
7,360483,2017,12,1,1941,1941.0,560,41
7,303662,2017,3,0,0,0.0,0,0
7,315902,2017,4,0,10000,0.0,500,1
7,313802,2018,4,0,0,0.0,518,101
7,327869,2018,7,0,0,0.0,0,0
7,325134,2018,9,0,0,0.0,0,0
7,322507,2018,5,0,0,0.0,0,0
7,329639,2018,6,0,0,0.0,564,9
7,323291,2018,11,0,0,0.0,0,0
7,327469,2018,10,0,0,0.0,0,8
7,332853,2018,7,0,0,0.0,0,0
8,8625,2017,8,5,4605,4605.0,0,0
8,47896,2018,7,4,5332,5332.0,0,0
8,40746,2018,8,4,5888,5888.0,333,91
8,67394,2018,1,3,1371,1371.0,394,66
8,62905,2018,8,3,1603,1603.0,0,0
8,67409,2017,10,3,7807,7807.0,598,0
8,64009,2017,12,3,1447,1447.0,0,0
8,108633,2017,11,2,4836,4836.0,0,0
8,100404,2017,10,2,3003,3003.0,1,0
8,100803,2017,9,2,4306,4306.0,507,0
8,107808,2017,11,2,4318,4318.0,0,8
8,118893,2018,2,2,12608,2608.0,0,0
8,126436,2018,9,2,4326,4326.0,0,0
8,160862,2017,2,1,661,661.0,0,0
8,165062,2017,10,1,738,738.0,0,0
8,165822,2018,3,1,836,836.0,544,0
8,169873,2018,5,1,881,881.0,0,100
8,168105,2018,11,1,2407,2407.0,0,0
8,317861,2018,10,0,0,0.0,4,0
8,325803,2018,6,0,0,0.0,0,100
8,324696,2018,7,0,0,0.0,524,100
8,334605,2018,11,0,0,0.0,0,0
8,347083,2018,11,0,0,0.0,0,0
8,350296,2018,11,0,0,0.0,0,0
9,12433,2017,9,5,5200,5200.0,0,0
9,27952,2018,5,5,8805,8805.0,0,0
9,64855,2018,8,3,5337,5337.0,0,0
9,61306,2017,12,3,2147,2147.0,0,0
9,168706,2018,1,1,780,780.0,0,0
9,162163,2018,6,1,2301,2301.0,0,0
9,167135,2018,2,1,701,701.0,0,0
9,165162,2018,2,1,2438,2438.0,0,0
9,167663,2018,2,1,2861,2861.0,0,0
9,300603,2017,4,0,0,0.0,0,1
9,337601,2017,3,0,0,0.0,566,0
9,333169,2017,8,0,0,0.0,0,0
9,323659,2017,6,0,0,0.0,0,0
9,324899,2017,7,0,0,0.0,0,0
9,337769,2018,9,0,0,0.0,0,0
9,334666,2018,10,0,0,0.0,0,8
9,334206,2018,11,0,0,0.0,0,0
9,390105,2018,2,4,0,0.0,0,0
9,328807,2018,6,0,0,0.0,0,0
9,340516,2018,7,0,0,0.0,500,0
9,344609,2018,8,0,0,0.0,0,0
9,340906,2018,11,0,0,0.0,0,3
9,342260,2018,11,0,0,0.0,0,0
9,360670,2018,12,0,0,0.0,0,0
10,7822,2018,9,5,7630,7630.0,534,88
10,206,2018,6,5,12700,12700.0,0,0
10,21849,2018,5,5,4337,4338.0,0,0
10,55867,2017,3,3,4107,4107.0,581,0
10,54866,2017,12,3,4693,4693.0,0,0
10,52394,2017,1,3,2871,2871.0,521,0
10,97624,2017,1,2,4667,4667.0,0,0
10,95926,2018,3,2,4648,4648.0,396,91
10,90663,2017,11,2,2728,2728.0,0,0
10,102856,2018,8,2,2416,2416.0,0,0
10,190892,2018,12,0,0,0.0,524,0
10,192007,2018,1,0,0,0.0,0,0
10,191981,2018,2,0,7,0.0,0,0
10,190466,2017,4,0,0,0.0,0,0
10,209002,2017,2,0,0,0.0,0,0
10,201163,2017,3,0,0,0.0,0,8
10,267166,2017,10,0,0,0.0,560,0
10,260902,2017,11,0,0,0.0,0,0
10,260106,2018,9,0,0,0.0,0,0
10,260294,2017,11,0,0,0.0,0,0
10,295602,2018,5,0,0,0.0,594,0
10,307697,2018,4,0,0,0.0,0,0
10,300303,2018,10,0,0,0.0,524,96
10,360167,2018,6,0,0,0.0,0,0
11,4506,2018,6,6,7000,7000.0,0,0
11,7600,2017,12,8,10867,10867.0,0,0
11,5802,2017,7,5,4800,4800.0,0,0
11,5846,2017,8,6,7326,7326.0,0,0
11,65849,2017,11,3,4461,4461.0,794,0
11,60163,2018,2,3,4357,4357.0,0,100
11,63869,2017,1,3,4738,4738.0,597,0
11,106292,2017,11,3,1621,1621.0,657,98
11,107192,2017,3,2,2198,2198.0,0,2
11,100407,2017,10,2,4806,4706.0,0,0
11,122873,2018,6,2,4306,4306.0,520,92
11,160866,2018,1,2,3921,3921.0,0,0
11,168003,2018,1,1,732,732.0,0,2
11,183865,2017,2,0,5,5.0,0,0
11,193093,2017,4,0,0,0.0,0,58
11,205807,2017,3,0,0,0.0,0,0
11,205906,2018,2,0,0,0.0,0,1
11,207304,2018,4,0,0,0.0,0,0
11,200327,2018,3,0,0,0.0,0,1
11,260064,2018,9,0,0,0.0,400,0
11,245206,2018,8,0,0,0.0,0,0
11,257126,2018,8,0,0,0.0,0,0
11,260804,2018,11,0,0,0.0,0,0
11,361182,2018,12,0,0,0.0,0,0
12,185146,2017,1,0,0,0.0,0,0
12,194597,2017,2,0,0,0.0,0,0
12,7487,2017,3,0,0,0.0,0,0
12,211102,2017,4,0,0,0.0,0,0
12,220406,2017,5,0,0,0.0,0,0
12,227962,2017,6,0,0,0.0,0,0
12,237106,2017,7,0,0,0.0,0,0
12,240566,2017,8,0,0,0.0,0,0
12,250167,2017,9,0,0,0.0,0,0
12,267603,2017,10,0,0,0.0,0,0
12,267306,2017,11,0,0,0.0,0,0
12,260857,2017,12,0,0,0.0,4,100
12,287808,2018,1,0,0,0.0,0,0
12,246166,2017,12,0,0,0.0,0,0
12,307606,2018,1,0,0,0.0,4,0
12,301660,2018,2,0,0,0.0,0,0
12,307126,2018,3,0,0,0.0,0,0
12,307882,2018,4,0,0,0.0,0,0
12,359605,2018,2,0,0,0.0,0,0
12,361104,2018,7,0,0,0.0,0,0
12,367124,2018,9,0,0,0.0,0,93
12,361807,2018,10,0,0,0.0,495,0
12,377807,2018,11,0,8,0.0,0,0
12,386564,2018,12,0,0,0.0,524,0
13,2577,2017,6,6,4667,4667.0,0,0
13,4603,2018,8,6,7326,7326.0,566,108
13,7664,2018,6,6,5308,5308.0,0,0
13,807,2018,11,6,3317,3317.0,0,0
13,5806,2017,5,0,0,0.0,0,0
13,80896,2018,2,0,6,6.0,534,0
13,85079,2018,7,0,0,0.0,0,0
13,190617,2017,8,0,0,0.0,0,8
13,197409,2017,9,0,0,0.0,0,0
13,195606,2017,10,0,0,0.0,0,0
13,190566,2017,11,0,0,0.0,0,0
13,190666,2017,12,0,0,0.0,0,0
13,192168,2018,1,0,0,0.0,0,56
13,300857,2018,11,0,0,0.0,9,0
13,300663,2018,2,0,0,0.0,0,0
13,317701,2018,3,0,0,0.0,0,0
13,320609,2018,4,0,0,0.0,0,0
13,310166,2018,6,0,0,0.0,0,0
13,310680,2018,4,0,0,0.0,0,0
13,317601,2018,3,0,0,0.0,0,0
13,317866,2018,11,0,0,0.0,0,0
13,325033,2018,5,0,0,0.0,0,0
13,333802,2018,11,0,0,0.0,0,0
13,327806,2018,7,0,0,0.0,0,0
14,17973,2018,12,5,2340,2340.0,568,51
14,29694,2018,8,4,4736,4736.0,0,0
14,69103,2018,1,3,3729,3729.0,514,70
14,60960,2017,3,3,4036,4036.0,0,0
14,62939,2017,8,3,4106,4106.5,0,0
14,62803,2018,2,13,4888,4888.0,0,0
14,66266,2018,10,1,905,905.0,596,0
14,165366,2018,3,1,787,787.0,570,1
14,164122,2018,11,1,928,928.0,0,0
14,185163,2017,1,0,0,0.0,0,0
14,193669,2017,2,0,0,0.0,0,0
14,204166,2017,1,0,0,0.0,0,0
14,207597,2017,6,0,0,0.0,0,0
14,205173,2017,2,0,0,0.0,0,0
14,205903,2017,10,0,0,0.0,0,0
14,205623,2017,4,0,0,0.0,0,8
14,200483,2018,5,0,0,0.0,0,0
14,208303,2018,1,0,0,0.0,0,0
14,204007,2018,4,0,0,0.0,0,0
14,205164,2017,12,0,0,0.0,594,100
14,300166,2018,7,0,0,0.0,0,0
14,327106,2018,10,0,0,0.0,0,9
14,325461,2018,1,0,0,0.0,0,0
14,300605,2018,8,0,0,0.0,0,0
15,177697,2018,11,3,4822,6822.0,0,0
15,130848,2018,12,1,2491,2491.5,0,0
15,181622,2017,1,0,0,0.0,0,0
15,190126,2017,2,0,0,0.0,0,0
15,167193,2017,3,0,1,1.0,0,0
15,160266,2017,4,0,0,0.0,0,0
15,160866,2017,2,0,0,0.0,0,1
15,165806,2018,5,0,0,5.0,0,0
15,174101,2018,1,0,0,0.0,590,0
15,185102,2017,6,0,0,0.0,0,0
15,182106,2017,8,0,0,0.0,0,0
15,186637,2017,1,0,0,0.0,0,0
15,186383,2017,1,0,0,0.0,0,0
15,186366,2017,2,0,0,0.0,0,3
15,198271,2017,1,0,0,0.0,0,0
15,190107,2018,2,0,0,0.0,0,0
15,197906,2018,4,0,0,0.0,0,0
15,200696,2018,3,0,0,0.0,0,0
15,204972,2018,4,0,0,0.0,0,8
15,205896,2018,3,0,0,0.0,0,0
15,200836,2018,2,0,0,0.0,528,0
15,312367,2018,11,0,0,0.0,547,0
15,346603,2018,8,0,0,0.0,0,0
15,300182,2018,9,0,0,0.0,0,0
16,16843,2018,8,5,10870,10870.0,647,99
16,63856,2017,5,3,7807,7807.0,570,1
16,60669,2017,11,3,4601,4601.0,0,0
16,115006,2018,1,2,4386,4386.0,500,8
16,165102,2018,7,1,2334,2334.0,0,0
16,165104,2018,12,1,1631,1631.0,521,0
16,167695,2018,12,1,801,801.0,0,0
16,187806,2017,11,0,0,0.0,0,0
16,195201,2017,3,0,0,0.0,0,0
16,197626,2017,2,0,0,0.0,0,0
16,190105,2017,3,0,0,0.0,0,0
16,209664,2017,11,0,0,0.0,0,0
16,200686,2017,4,0,0,0.0,0,0
16,200856,2017,2,0,0,0.0,0,0
16,200607,2018,9,0,0,0.0,0,0
16,209607,2017,3,0,0,0.0,0,0
16,213898,2018,4,0,0,0.0,0,0
16,267385,2018,1,0,0,0.0,0,8
16,265586,2018,7,0,0,0.0,0,0
16,217661,2018,8,0,0,0.0,0,0
16,269824,2017,10,0,0,0.0,0,0
16,265606,2018,9,0,0,0.0,0,0
16,260698,2018,11,0,0,0.0,0,0
16,211103,2018,12,0,0,0.0,0,8
17,18516,2018,8,5,6825,6825.0,550,143
17,65895,2018,11,3,4326,4326.0,529,109
17,203692,2017,2,6,10706,10706.0,588,91
17,200964,2017,3,3,4708,4708.0,0,0
17,205194,2017,9,0,7,0.0,4,8
17,207638,2017,4,0,0,0.0,0,0
17,200107,2018,6,0,0,0.0,0,0
17,214669,2017,5,0,0,0.0,0,0
17,225102,2017,7,0,0,0.0,7,0
17,258666,2017,8,0,0,0.0,0,0
17,208004,2017,12,0,0,0.0,0,0
17,207100,2017,5,0,0,0.0,0,0
17,313601,2018,1,0,0,0.0,0,0
17,320208,2018,1,0,0,0.0,0,0
17,312803,2018,12,0,0,0.0,0,0
17,317646,2018,3,0,0,0.0,0,0
17,326889,2018,1,0,0,0.0,0,0
17,330104,2018,2,0,0,0.0,400,0
17,327876,2018,6,0,0,0.0,0,0
17,327603,2018,2,0,0,0.0,0,0
17,325104,2018,11,0,0,0.0,561,0
17,361136,2018,10,0,0,0.0,0,0
17,360101,2018,11,0,0,0.0,521,0
17,365106,2018,12,0,0,0.0,0,0
18,3898,2017,8,6,13136,13136.0,526,98
18,5802,2018,6,6,7306,7306.0,1,0
18,17016,2018,7,5,10440,10440.0,0,0
18,57664,2018,1,3,4055,13055.0,536,96
18,61833,2017,2,3,4825,4825.0,1,0
18,65830,2017,11,3,2281,2281.0,0,0
18,65506,2018,6,3,4041,4041.0,0,0
18,60301,2018,9,3,7337,7337.0,594,8
18,62127,2018,12,3,3386,3386.0,0,8
18,67601,2018,6,3,1163,1763.0,598,2
18,160469,2017,11,3,4101,4101.0,518,141
18,167863,2018,12,3,4907,4907.0,569,99
18,167004,2018,1,1,700,700.0,0,100
18,165666,2018,2,1,2307,2307.0,569,0
18,165667,2018,12,1,851,851.0,724,0
18,160103,2018,10,1,905,905.0,500,8
18,167135,2018,11,1,2921,2921.0,596,100
18,167106,2018,1,1,608,802.0,500,0
18,168902,2018,1,1,600,50.0,0,9
18,185988,2017,2,0,0,0.0,0,0
18,199899,2017,3,0,0,0.0,0,0
18,320676,2018,11,0,0,0.0,528,5
18,360606,2018,11,0,0,0.0,0,0
18,330103,2018,12,0,0,0.0,590,100
19,99,2017,7,26,14336,14336.0,0,0
19,673,2018,8,6,10130,16130.0,0,0
19,366,2017,12,5,5180,5180.0,0,1
19,97608,2017,1,3,5705,5705.0,0,8
19,119509,2018,6,2,4978,4978.0,621,8
19,100980,2018,5,2,2866,2866.0,0,0
19,107886,2017,12,2,4326,6329.0,594,0
19,100388,2018,8,12,4348,4348.0,0,5
19,105995,2017,12,2,4332,4332.0,324,0
19,200304,2017,12,2,4206,4306.0,0,0
19,300639,2017,10,2,4817,4817.0,595,0
19,306895,2017,12,2,4116,6116.0,0,0
19,307505,2017,11,2,3343,3313.0,526,0
19,300605,2018,3,6,2326,2326.0,0,8
19,300176,2017,10,0,0,0.0,0,0
19,303989,2018,7,0,0,0.0,0,0
19,360162,2018,4,0,0,0.0,0,0
19,307863,2018,6,0,0,0.0,0,0
19,306331,2018,3,0,0,0.0,0,8
19,301623,2018,4,0,0,0.0,0,0
19,357904,2018,9,0,0,0.0,0,0
19,303066,2018,2,0,0,0.0,500,0
19,367603,2018,18,0,0,0.0,526,88
19,395895,2018,11,0,0,0.0,0,0
20,9674,2017,6,5,4340,4340.0,8,0
20,10602,2018,7,5,4685,4685.0,0,0
20,16833,2018,8,5,5345,5345.0,0,0
20,32467,2018,5,4,3340,3340.0,534,0
20,41871,2018,11,6,10780,780.0,520,3
20,47173,2018,12,4,8636,8636.0,0,0
20,49136,2018,1,3,1807,1807.0,500,99
20,61806,2018,1,3,4116,4116.0,0,0
20,107602,2017,2,2,4438,4438.0,0,0
20,107816,2018,3,2,2307,2307.0,0,1
20,58009,2017,1,1,1946,1946.0,0,0
20,155664,2018,2,1,2070,2070.0,594,105
20,160675,2018,2,1,1631,1631.0,0,1
20,169486,2018,9,1,788,688.0,500,0
20,185879,2018,12,0,0,0.0,384,0
20,197833,2017,2,0,0,0.0,0,0
21,2490,2017,7,6,11600,11600.0,0,0
21,5163,2018,6,6,12327,12327.0,530,96
21,106,2018,1,6,5600,8600.0,0,0
21,6108,2018,8,6,4208,4208.0,500,0
21,4809,2018,12,5,14828,4828.0,594,98
21,7167,2017,10,6,3317,3317.0,0,8
21,105600,2017,12,2,2270,2270.0,330,2
21,104800,2017,3,2,4628,4628.0,4,8
21,100885,2017,12,2,4806,4806.0,500,0
21,102667,2018,9,2,1328,1328.0,0,0
21,106806,2017,12,2,2486,2486.0,506,9
21,107893,2017,8,2,4606,4606.0,0,0
21,101989,2017,11,2,4886,4886.0,0,8
21,111493,2018,1,2,2426,2426.0,0,8
21,100005,2018,2,0,828,28.0,0,0
21,102803,2017,10,0,0,0.0,4,0
21,207198,2017,4,0,0,0.0,0,0
21,211825,2017,2,0,0,0.0,0,8
21,290609,2018,2,0,0,0.0,0,1
21,301111,2018,3,0,0,0.0,0,0
21,317009,2018,5,0,0,0.0,0,0
21,350367,2018,1,0,0,0.0,494,8
21,350046,2018,9,0,0,0.0,0,0
21,365683,2018,12,0,600,0.0,508,0
22,6926,2017,6,6,10876,10876.0,5,0
22,50846,2017,8,3,4201,4201.0,0,0
22,68302,2018,12,3,5331,5331.0,0,8
22,85887,2018,10,3,4636,4636.0,0,0
22,100909,2017,9,2,3636,3636.0,518,0
22,154196,2017,12,2,2878,2877.0,0,0
22,100013,2018,7,0,0,0.0,0,0
22,198893,2017,1,0,0,0.0,0,0
22,190863,2017,3,0,0,10000.0,500,0
22,200666,2018,1,0,0,0.0,0,0
22,225800,2017,3,0,0,0.0,0,0
22,324566,2017,4,0,0,0.0,0,0
22,325095,2018,5,0,0,0.0,0,0
22,367676,2018,8,0,0,0.0,0,0
22,317136,2018,11,0,0,0.0,0,0
22,317846,2018,2,0,0,0.0,0,0
22,326807,2018,5,0,0,0.0,0,0
22,327773,2018,4,0,0,0.0,0,0
22,330880,2018,7,0,0,0.0,0,0
22,390856,2018,8,0,0,0.0,0,0
22,320602,2018,9,0,0,0.0,0,0
22,327299,2018,4,0,0,0.0,594,91
22,327883,2018,11,0,0,0.0,0,0
22,367006,2018,12,0,0,0.0,0,0
23,69761,2018,1,3,2387,2387.0,597,90
23,64176,2017,10,3,2407,2407.0,0,0
23,69863,2017,11,3,6189,6189.0,0,0
23,80302,2018,5,3,4807,4807.0,500,0
23,96209,2018,7,2,2306,2306.0,526,3
23,97167,2017,5,3,4626,6626.0,500,2
23,90615,2018,2,2,1705,1705.0,4,108
23,97695,2017,3,2,3382,3382.0,0,8
23,105402,2018,1,2,4096,4096.0,0,0
23,101608,2017,6,2,4888,4888.0,0,0
23,135867,2018,9,1,607,607.0,0,0
23,162982,2018,1,1,836,836.0,0,0
23,165096,2018,1,1,818,818.0,0,0
23,215106,2017,3,0,0,0.0,0,0
23,229801,2017,5,0,0,0.0,0,98
23,237784,2017,4,0,0,0.0,0,0
23,231662,2017,6,0,0,0.0,0,0
23,334102,2018,2,0,0,0.0,578,0
23,337791,2018,1,0,0,0.0,564,0
23,354856,2018,7,0,0,0.0,0,0
23,360103,2018,8,0,0,0.0,0,3
23,360503,2018,10,0,0,0.0,0,8
23,365186,2018,11,0,0,0.0,540,0
23,360174,2018,12,0,0,0.0,0,0
24,6293,2018,7,6,4336,4336.0,0,0
24,10497,2018,8,5,8820,8820.0,0,0
24,29406,2018,1,3,3421,3421.0,524,106
24,32182,2017,7,4,2388,2388.0,0,0
24,40186,2017,9,4,4262,4262.0,1,0
24,45835,2018,9,4,7346,7346.0,594,0
24,60169,2018,1,3,331,331.0,534,8
24,63667,2017,12,3,4007,4007.0,503,105
24,163606,2017,10,1,1827,1827.0,0,0
24,169360,2018,2,1,637,637.0,568,8
24,60836,2018,2,1,1439,1439.0,565,0
24,168443,2018,11,1,2181,2181.0,534,98
24,163806,2018,2,1,1887,1887.0,0,98
24,174883,2018,11,1,667,667.0,566,90
24,167102,2018,10,1,770,770.0,564,0
24,167991,2018,11,1,633,633.0,528,108
24,165208,2018,8,1,847,847.0,580,93
24,197890,2017,1,0,0,0.0,0,48
24,205184,2017,2,0,0,0.0,0,8
24,200169,2018,3,0,0,0.0,1,8
24,200592,2018,4,0,0,0.0,615,145
24,217806,2018,3,0,10000,0.0,500,1
25,2166,2017,8,6,14826,14826.0,0,0
25,4295,2018,6,6,2306,2306.0,524,195
25,1165,2017,7,6,4300,4300.0,500,78
25,23875,2018,7,4,5386,5386.0,500,0
25,7806,2017,9,6,4343,4343.0,565,98
25,163,2018,5,5,4436,4436.0,4,0
25,7136,2017,8,6,3751,3751.0,538,71
25,3106,2018,3,5,11288,1288.0,0,0
25,173,2017,7,2,4366,4366.0,501,100
25,102064,2018,5,2,4948,4948.0,0,8
25,107662,2017,11,2,4536,4336.0,0,5
25,107209,2017,9,2,4005,4005.0,561,101
25,147607,2017,8,0,0,0.0,0,0
25,157184,2018,2,0,0,0.0,0,0
25,164866,2018,1,0,0,0.0,0,0
25,190833,2018,2,0,0,0.0,7,1
25,217106,2018,5,0,0,0.0,0,0
25,268065,2018,1,0,0,0.0,0,0
25,260664,2017,10,0,0,0.0,0,0
25,260077,2018,8,0,0,0.0,0,0
25,290196,2018,1,0,0,0.0,0,8
25,304056,2018,11,0,0,0.0,500,0
25,362609,2018,1,0,0,0.0,0,0
25,302857,2018,12,0,0,0.0,0,0
26,1666,2018,7,6,10746,10746.0,500,1
26,604,2018,8,6,3446,3446.0,519,98
26,489,2018,9,5,10605,10605.0,0,0
26,605,2018,7,6,3385,13385.0,6,8
26,9888,2017,8,5,2646,2646.0,584,71
26,867,2018,4,0,0,0.0,0,0
26,2666,2017,9,0,0,0.0,520,0
26,4664,2018,3,0,0,0.0,521,98
26,2108,2018,5,0,0,0.0,0,0
26,4104,2017,6,0,0,0.0,0,0
26,408,2018,8,0,0,0.0,0,0
26,7450,2017,7,0,0,0.0,0,0
26,2479,2017,12,0,0,0.0,0,0
26,7692,2018,9,0,0,0.0,0,0
26,3260,2018,9,0,0,0.0,0,0
26,564,2018,1,0,0,0.0,0,0
26,3167,2018,5,0,0,0.0,7,108
26,1103,2018,6,0,0,0.0,0,0
26,9504,2018,12,0,0,0.0,0,0
26,7106,2018,12,0,0,0.0,577,100
26,7981,2018,8,0,0,0.0,0,0
26,200776,2018,6,0,0,0.0,0,0
26,806,2018,10,0,0,0.0,534,0
26,97538,2018,8,0,0,0.0,800,8
27,20506,2017,8,4,2684,2684.0,0,0
27,27105,2018,7,6,7447,7447.0,0,0
27,27105,2018,12,4,608,607.0,520,71
27,55805,2017,2,3,1677,1677.0,0,8
27,65896,2018,5,3,1723,1723.0,0,0
27,60103,2017,8,3,1671,1671.0,0,8
27,65107,2017,12,3,1937,1937.0,0,0
27,61884,2017,11,3,4348,4348.0,0,0
27,60196,2018,10,3,3338,3338.5,667,0
27,64866,2017,11,3,4703,4703.0,1,4
27,106183,2017,3,2,2606,62606.0,0,8
27,107112,2017,12,2,4331,4331.0,0,0
27,107333,2018,12,2,1838,1838.0,0,3
27,109002,2017,3,2,2786,2786.0,590,0
27,100676,2018,4,2,3306,3306.0,0,0
27,107163,2017,11,2,4081,4081.0,0,0
27,110806,2018,5,2,3521,3221.0,535,108
27,162803,2018,6,1,930,930.0,0,0
27,305102,2018,8,0,0,0.0,0,0
27,327963,2018,6,12,0,0.0,0,0
27,313661,2018,2,0,0,0.0,0,0
27,324853,2018,9,0,0,0.0,0,0
27,369266,2018,11,0,0,0.0,0,0
27,361106,2018,12,0,0,0.0,0,2
28,13806,2017,12,5,4835,4835.0,0,0
28,12674,2018,3,5,7705,7705.0,0,0
28,47269,2018,5,4,9403,9403.0,528,100
28,117807,2018,1,2,4436,4836.0,0,91
28,162389,2017,1,1,673,673.0,0,0
28,367663,2018,1,1,836,836.0,1,0
28,367722,2017,8,1,801,801.0,0,0
28,364065,2017,9,0,877,67.0,0,0
28,365103,2018,2,0,0,0.0,0,0
28,365802,2017,3,0,0,0.0,0,0
28,387146,2017,2,0,0,0.0,0,0
28,317667,2017,5,0,0,0.0,0,0
28,327986,2018,7,0,0,0.0,0,0
28,361169,2017,5,0,0,0.0,0,0
28,363683,2018,7,0,0,0.0,0,0
28,367135,2017,11,0,0,0.0,0,0
28,365667,2018,2,0,0,0.0,0,0
28,396105,2018,1,0,0,0.0,0,0
28,362802,2018,10,0,0,0.0,0,3
28,363803,2018,9,0,0,0.0,0,0
28,362607,2018,19,0,0,0.0,0,0
28,366162,2018,1,0,0,0.0,0,0
28,367103,2018,12,0,0,0.0,520,0
28,377989,2018,12,0,0,0.0,0,0
29,7602,2017,3,5,7685,7685.0,0,0
29,14104,2018,5,5,4640,4640.0,0,0
29,11707,2018,1,5,3345,3345.0,0,0
29,25995,2018,6,5,7130,7130.0,300,0
29,67867,2017,11,3,4687,4687.0,0,0
29,68820,2018,8,3,5988,5988.0,0,0
29,68805,2018,2,3,4237,4237.0,0,0
29,67582,2018,1,3,4415,14415.0,4,128
29,62606,2018,7,3,4431,4434.0,0,0
29,60169,2018,4,3,3706,3706.0,0,0
29,60863,2018,8,3,2338,2338.0,0,0
29,200636,2017,11,2,4386,4386.0,0,0
29,109883,2017,12,2,2826,2826.0,0,0
29,107103,2017,8,2,4607,4607.0,500,0
29,107633,2017,11,0,0,0.0,0,0
29,214182,2017,10,0,0,0.0,0,0
29,227166,2017,12,0,0,0.0,0,0
29,257636,2017,9,0,0,0.0,4,0
29,252803,2018,8,0,0,0.0,0,71
29,252699,2017,9,0,0,0.0,0,0
29,262173,2018,2,0,0,0.0,0,0
29,269409,2017,11,0,0,0.0,524,100
29,290866,2018,2,0,0,0.0,537,98
29,261857,2018,11,0,0,0.0,0,8
30,441,2017,7,6,14438,14438.0,0,0
30,9674,2018,9,6,7020,7020.0,0,0
30,8123,2017,8,5,4365,4365.0,0,0
30,17707,2018,5,5,8385,8385.0,514,100
30,25862,2017,7,5,5637,5635.0,536,108
30,220636,2017,9,4,5952,5952.0,0,0
30,60008,2017,1,3,2601,2601.0,0,0
30,120561,2018,8,2,4266,4266.0,4,0
30,230168,2017,3,1,882,882.0,1,0
30,237703,2018,1,1,813,813.0,0,8
30,67865,2018,6,1,1107,1107.0,0,0
30,160164,2018,9,1,707,707.0,591,0
30,205666,2017,8,0,0,0.0,0,8
30,206866,2017,12,0,0,0.0,0,0
30,254800,2017,2,0,0,0.0,0,0
30,267873,2017,10,0,0,0.0,0,0
30,267433,2018,4,0,0,0.0,0,0
30,260206,2017,11,0,0,0.0,0,0
30,260366,2018,1,0,0,0.0,0,0
30,260896,2017,10,0,0,0.0,0,1
30,266606,2017,12,0,0,0.0,0,8
30,269203,2017,10,0,0,0.0,500,0
30,296365,2018,1,0,0,0.0,0,5
30,367660,2018,12,0,0,0.0,0,8
30,317104,2018,1,0,0,0.0,0,0
30,367602,2018,1,0,0,0.0,0,0
30,367025,2018,2,0,0,0.0,0,0
30,327967,2017,12,0,0,0.0,0,0
30,309606,2018,4,0,0,0.0,0,0
30,307663,2018,5,0,0,0.0,0,0
30,363689,2018,1,0,0,0.0,0,0
30,307665,2018,3,0,0,0.0,524,120
30,328937,2018,1,0,0,0.0,524,0
30,367384,2018,3,0,0,0.0,3,0
30,360467,2018,6,0,0,0.0,3,0
30,360862,2018,6,0,0,0.0,0,0
30,347766,2018,12,0,0,0.0,0,0
30,300786,2018,1,0,0,0.0,0,0
30,360676,2018,8,0,0,0.0,0,0
30,361162,2018,7,0,0,0.0,0,0
30,367605,2018,1,0,0,0.0,0,0
30,361161,2018,1,0,0,0.0,0,0
30,387966,2018,12,0,0,0.0,0,3
30,367184,2018,11,0,0,0.0,0,0
30,340186,2018,12,0,0,0.0,9,0
30,372686,2018,8,15,0,0.0,0,0
30,367109,2018,11,0,0,0.0,0,0
30,377903,2018,11,0,0,0.0,0,0
31,5831,2018,6,6,10786,10786.0,500,3
31,10444,2018,11,5,4707,4707.0,578,91
31,15803,2018,7,5,10855,10855.0,0,0
31,24806,2017,1,4,4888,4888.0,0,0
31,47096,2018,8,4,7376,7376.0,0,9
31,52784,2018,4,3,4686,4686.0,0,0
31,50843,2017,9,3,4387,4387.0,594,0
31,65633,2018,13,3,4627,4627.0,0,0
31,107196,2018,9,2,4470,4470.0,500,98
31,104897,2017,12,2,4676,4676.0,0,0
31,104095,2017,10,2,3641,3641.0,0,0
31,114103,2018,12,2,4647,4647.0,0,0
31,117560,2018,11,2,10806,806.0,0,3
31,157607,2018,2,1,902,902.0,0,0
31,177116,2018,1,1,817,817.0,514,0
31,184968,2017,2,0,0,0.0,0,0
31,195807,2017,2,0,0,0.0,0,8
31,254802,2017,8,0,0,0.0,0,0
31,205667,2018,3,0,0,0.0,0,0
31,205363,2018,3,0,0,0.0,0,0
31,307612,2018,4,0,0,0.0,0,0
31,300679,2018,3,0,34325,0.0,536,0
31,324888,2018,1,0,0,0.0,0,1
31,319106,2018,5,0,0,0.0,0,0
32,3126,2017,7,6,7642,7642.0,597,101
32,7294,2018,8,6,10305,22305.0,524,98
32,17806,2018,7,5,4375,4375.0,0,8
32,27994,2017,3,5,4301,4301.0,0,9
32,53807,2017,2,3,4821,4821.0,0,0
32,50095,2017,5,3,4840,4840.0,560,70
32,87902,2018,9,3,4716,4716.0,500,0
32,105166,2017,2,3,4266,4266.0,0,0
32,100631,2017,9,2,1461,1461.0,0,1
32,107507,2017,8,2,4216,4216.0,500,1
32,105156,2017,11,2,3047,3047.0,591,0
32,102954,2017,12,2,4606,4606.0,0,0
32,100446,2018,11,2,1868,1868.0,0,8
32,138768,2017,7,1,836,836.0,510,5
32,163803,2018,11,1,941,941.0,0,0
32,197153,2017,2,0,0,0.0,520,0
32,207807,2017,2,0,0,0.0,3,0
32,200107,2017,4,0,0,0.0,0,0
32,200479,2018,3,0,0,0.0,0,0
32,202566,2018,4,0,0,0.0,0,0
32,200607,2018,5,0,0,0.0,0,0
32,207666,2018,8,0,0,0.0,0,2
32,267665,2018,1,0,0,0.0,0,0
32,300885,2018,12,0,0,0.0,0,0
33,6173,2018,8,6,14296,14296.0,500,35
33,106,2018,8,6,7230,7230.0,757,23
33,566,2018,8,6,14208,14208.0,0,0
33,7808,2018,7,21,885,10885.0,564,8
33,5893,2017,6,6,637,637.0,0,8
33,2863,2017,11,6,10547,547.0,0,0
33,866,2018,2,0,0,0.0,0,0
33,7167,2018,6,0,0,0.0,524,100
33,96,2018,2,0,0,0.0,0,0
33,7476,2017,3,0,0,0.0,0,8
33,609,2017,4,0,0,0.0,0,0
33,7696,2018,6,0,0,0.0,0,0
33,2806,2018,8,0,0,0.0,0,0
33,308,2018,12,0,0,0.0,0,0
33,863,2018,11,0,0,0.0,0,0
33,7606,2018,1,0,0,0.0,524,100
33,883,2018,3,0,0,0.0,711,3
33,300866,2018,4,0,0,0.0,0,0
33,100868,2018,4,0,0,0.0,0,0
33,300193,2018,7,0,0,0.0,0,0
33,300106,2018,3,0,0,0.0,0,0
33,301100,2018,8,0,0,0.0,7,0
33,309893,2018,11,0,0,0.0,0,1
33,301168,2018,9,0,0,0.0,0,0
33,300364,2018,9,0,0,0.0,0,0
33,365104,2018,5,0,0,0.0,0,0
33,307806,2018,8,0,0,0.0,0,0
33,300606,2018,4,0,0,0.0,0,21
33,305682,2018,12,0,0,0.0,0,0
33,304100,2018,6,0,6,0.0,0,0
33,302114,2018,9,0,887,0.0,0,0
33,317166,2018,6,0,0,0.0,0,0
33,357167,2018,1,0,0,0.0,500,0
33,330446,2018,2,0,0,12000.0,0,0
33,390633,2018,5,0,0,0.0,0,0
33,340466,2018,9,0,0,0.0,0,0
33,355898,2018,3,0,0,0.0,0,0
33,351702,2018,4,0,0,0.0,4,1
33,310083,2018,2,0,0,0.0,0,0
33,300563,2018,8,0,0,0.0,0,0
33,342845,2018,7,0,0,0.0,0,0
33,337893,2018,10,0,0,0.0,0,0
33,352100,2018,12,0,0,0.0,0,0
33,350096,2018,11,0,0,0.0,0,0
34,4607,2018,7,6,2842,2842.0,0,0
34,130,2018,10,5,3895,3895.0,220,8
34,17890,2018,8,5,14385,14385.0,0,0
34,20894,2018,6,4,4648,2448.0,7,100
34,60196,2017,11,3,4817,4817.0,525,98
34,67666,2018,3,3,4307,4307.0,0,91
34,67806,2017,8,3,3006,3006.0,0,0
34,66802,2018,8,3,7336,7336.0,0,0
34,92202,2017,1,2,4467,4467.0,500,0
34,100434,2017,10,2,4272,4272.0,567,0
34,100426,2017,11,2,4426,4426.0,588,0
34,107663,2018,10,2,2107,2105.0,3,1
34,101601,2018,2,2,3336,3336.0,0,100
34,107636,2017,9,2,4631,4631.0,490,0
34,104862,2017,12,2,4467,4467.0,0,1
34,107633,2018,11,1,2269,2269.0,8,0
34,104126,2018,2,0,98,88.0,590,2
34,169101,2018,11,0,0,0.0,0,1
34,104786,2018,9,0,0,0.0,0,8
34,190150,2017,1,0,0,0.0,567,0
34,200105,2018,4,0,0,0.0,560,141
34,307803,2018,12,0,0,0.0,500,0
34,300177,2018,8,0,0,0.0,0,98
34,300156,2018,7,0,0,0.0,0,0
35,187878,2017,1,0,0,0.0,0,0
35,187896,2017,1,0,0,0.0,551,91
35,196706,2017,2,0,0,0.0,0,0
35,197806,2018,3,0,0,0.0,0,0
35,197671,2017,4,0,0,0.0,0,0
35,191259,2018,3,0,0,0.0,531,95
35,307095,2018,5,0,0,0.0,0,0
35,308194,2017,6,0,0,0.0,0,0
35,308103,2017,7,0,0,0.0,0,0
35,302604,2018,8,0,0,0.0,0,0
35,305137,2018,9,0,0,0.0,0,0
35,302615,2017,6,0,0,0.0,0,0
35,307106,2017,8,0,0,0.0,0,0
35,303205,2018,2,0,0,0.0,0,0
35,307806,2018,9,0,0,0.0,0,0
35,302666,2018,3,0,0,0.0,0,0
35,307164,2018,4,0,0,0.0,0,0
35,323509,2018,6,0,0,0.0,320,0
35,340123,2018,7,0,0,0.0,0,0
35,348609,2018,8,0,0,0.0,0,0
35,367176,2018,9,0,0,0.0,0,0
35,360324,2018,10,0,0,0.0,0,0
35,395622,2018,11,0,0,0.0,0,0
35,383605,2018,12,0,0,0.0,0,0
36,2235,2017,7,7,13305,13305.0,0,4
36,7606,2018,6,5,4845,4845.0,0,0
36,67,2018,7,6,4760,4760.0,0,100
36,7106,2017,3,6,4628,4628.0,526,121
36,11666,2017,1,4,10648,10648.0,0,0
36,7104,2017,1,2,2338,2378.0,500,8
36,2561,2017,8,3,4916,6916.0,500,1
36,102875,2017,2,2,2688,2688.0,0,0
36,100266,2018,9,2,4790,4790.0,4,0
36,104807,2017,11,2,2435,2435.0,0,71
36,107106,2017,12,2,4306,4306.0,494,100
36,107862,2018,2,2,2036,2036.0,0,1
36,107804,2018,3,2,4310,4310.0,4,0
36,102736,2017,8,2,4346,4346.0,500,3
36,105195,2018,2,2,4123,4223.0,0,0
36,105664,2018,11,1,831,831.0,0,8
36,144163,2018,1,1,602,602.0,500,0
36,159806,2017,1,1,807,807.0,0,8
36,160164,2018,10,1,2001,2311.0,0,0
36,169607,2018,8,1,1287,691.0,541,100
36,172103,2018,6,1,2303,5.0,521,100
36,186103,2018,1,0,0,6.0,0,0
36,196806,2018,1,0,0,10000.0,594,0
36,191106,2018,12,0,0,0.0,0,98
37,5286,2018,7,6,14676,14676.0,0,0
37,7106,2017,5,5,7280,7280.0,590,72
37,58864,2018,12,3,1615,1615.0,500,1
37,44986,2018,8,3,2461,2461.0,561,8
37,108198,2017,1,2,4876,4876.0,868,98
37,103606,2017,8,2,3026,3026.0,0,8
37,104106,2018,6,0,0,0.0,367,71
37,4363,2017,1,0,0,0.0,0,8
37,100293,2017,1,0,0,0.0,0,0
37,197163,2017,5,0,0,0.0,0,0
37,197136,2017,4,0,0,0.0,0,0
37,193866,2017,3,0,0,0.0,500,0
37,205696,2017,7,0,0,0.0,0,0
37,209236,2017,1,0,0,0.0,0,98
37,202680,2017,12,0,0,0.0,0,0
37,203102,2018,3,0,0,0.0,0,8
37,201166,2018,2,0,0,0.0,0,0
37,204616,2018,4,0,0,0.0,0,0
37,250607,2018,9,0,0,0.0,0,0
37,307106,2018,8,0,0,0.0,4,0
37,317602,2018,3,0,0,0.0,0,0
37,312807,2018,5,0,0,0.0,0,8
37,310604,2018,6,0,0,0.0,0,0
37,360196,2018,11,0,0,0.0,524,3
38,6884,2018,8,6,4601,4601.0,0,0
38,7102,2017,7,5,13771,13771.0,0,1
38,4804,2018,8,5,10800,10800.0,0,0
38,17003,2018,6,5,4620,4620.0,0,58
38,54193,2017,10,3,3327,3327.0,0,0
38,65177,2017,4,3,2600,2600.0,0,0
38,67466,2018,9,3,5386,5386.0,0,1
38,60333,2018,11,3,7309,7309.0,0,0
38,62692,2017,9,3,2337,2337.0,521,1
38,116686,2018,12,2,4466,4466.0,391,151
38,120631,2018,9,2,3806,3806.0,0,0
38,132656,2018,12,1,2905,2905.0,0,0
38,157695,2018,3,1,774,774.0,594,98
38,150002,2017,1,1,2417,2417.0,0,8
38,164187,2018,10,1,2898,2898.0,534,0
38,162807,2018,11,1,1831,1831.0,592,8
38,166861,2018,10,1,2663,2663.0,0,8
38,169802,2018,1,1,701,702.0,0,0
38,163806,2018,2,1,138,528.0,0,0
38,160767,2018,12,1,188,366.0,500,95
38,166385,2018,3,1,601,6.0,0,8
38,167604,2018,11,1,693,803.0,580,8
38,307997,2018,1,1,1808,2405.0,0,0
38,325600,2018,1,1,609,702.0,0,0
39,12486,2017,8,5,7305,7305.0,0,0
39,20642,2018,8,4,9248,9248.0,0,0
39,64193,2018,7,3,4601,4601.0,391,75
39,67365,2018,3,3,6605,6605.0,565,91
39,69886,2018,11,3,2498,2498.0,0,0
39,98866,2018,12,3,4838,4838.0,508,98
39,97666,2018,1,2,4327,4327.0,0,0
39,107666,2017,4,2,4209,4209.0,0,0
39,100695,2018,1,2,4386,4386.0,598,8
39,100663,2017,4,2,4700,4700.0,6,58
39,107654,2017,12,2,4681,4681.0,0,0
39,203868,2017,10,2,4376,4376.0,521,8
39,203862,2017,1,1,1777,1777.0,0,0
39,204306,2017,12,0,0,0.0,0,8
39,200113,2017,3,0,0,0.0,0,0
39,213876,2017,4,0,0,0.0,500,0
39,227004,2018,12,0,0,0.0,0,0
39,250379,2017,6,0,0,0.0,0,8
39,260605,2017,11,0,0,0.0,507,0
39,262706,2018,7,0,0,0.0,0,0
39,265866,2017,12,0,0,0.0,0,0
39,268984,2017,10,0,0,0.0,590,8
39,267693,2018,11,0,0,0.0,0,0
39,210186,2017,12,0,0,20000.0,572,0
40,1566,2018,8,6,14390,14390.0,0,0
40,7697,2018,7,5,5430,5430.0,4,100
40,7106,2017,3,5,4605,6605.0,500,78
40,7894,2017,4,5,4600,4600.0,7,103
40,7804,2017,7,6,1441,1441.0,500,8
40,7166,2017,11,3,7402,7402.0,0,0
40,7107,2018,9,6,3206,3206.0,0,0
40,5106,2017,8,3,4207,4207.0,538,0
40,5169,2017,9,2,4806,4806.0,0,0
40,4106,2017,9,6,4806,4806.0,0,1
40,105669,2018,2,2,4806,4806.0,590,2
40,108899,2017,10,2,3802,3802.0,0,0
40,105908,2018,9,2,3106,3106.0,0,0
40,200694,2017,6,0,0,0.0,0,0
40,207609,2017,1,0,47,0.0,6,148
40,217086,2018,10,0,0,0.0,4,0
40,227106,2017,5,0,0,0.0,0,0
40,265106,2017,11,0,0,0.0,0,0
40,213663,2017,11,0,0,0.0,0,0
40,230103,2018,7,0,0,0.0,0,0
40,292398,2018,1,0,0,0.0,0,0
40,304136,2018,2,0,0,0.0,0,0
40,307406,2018,8,0,0,0.0,564,0
40,312603,2018,12,0,0,0.0,0,0
41,6892,2018,7,6,5606,5606.0,0,9
41,7666,2018,9,6,10607,10607.0,0,0
41,107964,2017,12,2,636,636.0,594,58
41,103864,2017,10,2,4330,4330.0,0,6
41,109800,2018,1,2,4346,4346.0,367,8
41,107893,2017,11,2,4606,4606.0,534,0
41,107886,2017,1,2,2396,2396.0,528,1
41,100603,2017,12,2,4806,4806.0,800,0
41,101109,2017,2,2,4311,4311.0,0,0
41,100966,2018,10,2,2106,2106.0,0,96
41,168803,2018,6,1,606,606.0,523,91
41,164966,2018,1,1,826,826.0,500,0
41,177900,2018,2,1,2345,2345.0,590,0
41,180069,2017,1,0,0,0.0,0,0
41,197650,2017,3,0,0,0.0,0,0
41,201903,2017,4,0,0,0.0,0,0
41,202675,2018,3,0,0,0.0,0,0
41,200805,2017,4,0,0,0.0,0,0
41,207661,2018,6,0,0,0.0,0,0
41,233164,2018,7,0,0,0.0,0,0
41,258902,2018,9,0,0,0.0,0,0
41,267262,2017,12,0,0,0.0,0,0
41,267975,2018,11,0,0,0.0,0,0
41,267804,2018,12,0,0,0.0,0,0
42,11673,2017,8,5,5645,5645.0,0,0
42,47236,2018,11,4,4865,4865.0,534,9
42,57803,2018,1,3,1301,1301.0,561,93
42,152333,2017,2,1,1898,1898.0,390,91
42,163486,2018,2,1,707,707.0,587,91
42,202867,2017,8,0,0,0.0,566,0
42,237406,2017,5,0,0,0.0,0,8
42,203186,2017,9,0,0,0.0,0,8
42,237153,2017,3,0,0,0.0,0,0
42,235966,2017,5,0,0,0.0,0,0
42,240149,2017,7,0,0,0.0,0,0
42,247106,2017,6,0,0,0.0,0,0
42,257895,2017,5,0,0,0.0,0,0
42,217166,2017,8,0,0,0.0,0,0
42,220196,2017,11,0,0,0.0,0,0
42,237106,2017,12,0,0,0.0,0,0
42,265666,2018,6,0,0,0.0,526,5
42,260604,2017,11,0,0,0.0,0,0
42,267348,2018,1,0,0,0.0,0,0
42,267609,2018,9,0,0,0.0,0,0
42,267187,2018,1,0,0,0.0,0,0
42,262006,2018,9,0,0,0.0,526,0
42,267482,2018,11,0,0,0.0,0,0
42,368894,2018,12,0,0,0.0,0,8
43,5715,2018,5,6,4336,4336.0,0,0
43,4115,2018,8,6,15604,13604.0,500,0
43,10901,2018,7,5,6175,6175.0,562,88
43,61,2018,9,2,4118,4118.0,0,0
43,621,2017,3,6,3308,3308.0,0,0
43,7182,2018,11,0,0,0.0,0,0
43,7606,2018,2,0,0,0.0,424,0
43,7500,2018,6,0,0,0.0,584,91
43,690,2018,3,0,0,0.0,0,0
43,1609,2018,10,0,0,0.0,0,0
43,5403,2017,11,0,0,0.0,0,0
43,7476,2017,8,0,0,0.0,0,0
43,7896,2018,2,0,0,0.0,0,0
43,196096,2018,12,0,0,0.0,0,0
43,197153,2018,11,0,0,0.0,4,0
43,191166,2017,2,0,0,0.0,0,0
43,207715,2018,4,0,0,0.0,523,8
43,202108,2018,3,0,0,0.0,0,0
43,200666,2018,5,0,0,0.0,0,0
43,200275,2018,8,0,0,0.0,0,0
43,300654,2018,4,0,0,0.0,0,0
43,301823,2018,2,0,0,0.0,0,0
43,337817,2018,6,0,0,0.0,0,8
43,342187,2018,11,0,0,0.0,8,8
44,1906,2017,3,6,16678,16678.0,500,0
44,54805,2018,1,3,5806,5806.0,600,0
44,63804,2018,1,3,4691,4691.0,0,0
44,65802,2017,9,3,4107,4107.0,0,0
44,64852,2017,10,3,7326,7326.0,574,100
44,84896,2017,1,3,1896,1896.0,0,8
44,101660,2018,7,2,1338,1338.0,594,101
44,100503,2018,12,2,4378,4378.0,546,0
44,107698,2017,12,2,3467,3467.0,0,9
44,118803,2018,3,2,4311,4311.0,0,0
44,185253,2018,1,0,0,0.0,0,82
44,100605,2017,9,0,0,0.0,0,0
44,195167,2017,2,0,0,0.0,0,0
44,196001,2017,2,0,0,0.0,0,0
44,204167,2017,4,0,0,0.0,0,0
44,303604,2018,3,0,0,0.0,584,0
44,314667,2018,4,0,0,0.0,0,0
44,334632,2017,6,0,0,0.0,0,0
44,325896,2018,6,0,0,0.0,0,0
44,361160,2018,12,0,0,0.0,0,0
44,360274,2018,5,0,0,0.0,0,0
44,362668,2018,8,0,0,0.0,0,0
44,360131,2018,11,0,0,0.0,564,0
44,367902,2018,12,0,0,0.0,0,1
45,5646,2018,8,6,10100,10100.0,0,0
45,7633,2017,7,5,4405,4405.0,0,0
45,7895,2018,2,5,7300,7300.0,554,0
45,7665,2018,6,5,4278,4278.0,5,1
45,866,2017,6,2,2728,2728.0,0,0
45,209161,2018,1,0,0,0.0,0,1
45,217662,2018,7,0,0,0.0,300,100
45,217666,2017,8,0,0,0.0,0,0
45,213606,2018,3,0,0,0.0,0,0
45,228116,2018,4,0,0,0.0,0,0
45,24606,2017,5,0,0,0.0,0,0
45,260403,2017,11,0,0,0.0,0,0
45,267867,2017,10,0,0,0.0,0,0
45,267121,2017,11,0,0,0.0,0,0
45,238112,2017,12,0,0,0.0,8,0
45,247690,2018,1,0,0,0.0,5,108
45,253695,2018,9,0,680,0.0,0,0
45,260674,2018,1,0,0,0.0,0,0
45,260763,2018,1,0,0,0.0,0,0
45,262806,2018,8,0,0,0.0,8,0
45,263606,2018,9,0,0,0.0,0,0
45,268393,2018,12,0,0,0.0,528,0
45,275866,2018,11,0,0,0.0,0,0
45,97897,2018,11,0,0,0.0,0,0
46,180796,2017,1,0,0,0.0,0,0
46,190039,2017,2,0,0,0.0,0,0
46,190690,2017,3,0,0,0.0,0,0
46,1206,2017,2,0,0,0.0,0,0
46,190027,2017,4,0,0,0.0,0,0
46,1164,2017,3,0,0,0.0,0,0
46,210777,2017,4,0,0,0.0,0,0
46,242606,2017,6,0,0,0.0,0,0
46,253406,2017,7,0,0,0.0,0,0
46,266953,2017,10,0,0,0.0,0,0
46,260896,2017,11,0,0,0.0,1,0
46,200806,2017,12,0,0,0.0,0,0
46,290403,2018,1,0,0,0.0,0,0
46,307973,2018,2,0,0,0.0,0,0
46,300906,2018,3,0,0,0.0,0,0
46,309887,2018,4,0,0,0.0,0,0
46,300493,2018,5,0,0,0.0,0,0
46,330008,2018,6,0,0,0.0,0,0
46,345783,2018,7,0,0,0.0,0,0
46,350633,2018,8,0,0,0.0,0,0
46,360105,2018,9,0,0,0.0,0,0
46,363964,2018,11,0,0,0.0,0,0
46,361403,2018,11,0,0,0.0,0,0
46,304693,2018,12,0,0,0.0,0,0
47,4170,2018,8,6,13840,13840.0,0,0
47,17361,2018,6,5,4740,4740.0,590,8
47,18377,2017,12,5,2125,2125.0,0,8
47,33363,2018,5,4,7316,7316.0,0,0
47,37607,2018,1,4,3606,3606.0,524,100
47,46170,2018,2,4,4277,4277.0,0,0
47,57199,2017,2,3,7336,7336.0,0,0
47,60803,2018,3,3,2802,2802.0,0,0
47,164101,2018,5,3,4317,4317.0,0,0
47,161875,2018,1,1,2973,2973.0,0,0
47,162893,2018,1,1,1641,1641.0,568,0
47,168564,2018,2,1,717,717.0,768,0
47,167102,2018,8,1,803,803.0,590,0
47,160869,2018,2,1,10702,702.0,524,8
47,160807,2018,3,1,937,937.0,400,0
47,163708,2018,1,1,966,966.0,0,78
47,166946,2018,2,1,781,781.0,0,0
47,160606,2018,1,1,2497,2137.0,0,0
47,162296,2017,10,1,2203,2006.0,0,0
47,160791,2018,2,1,1431,342.0,509,0
47,317105,2018,4,0,0,0.0,598,91
47,337167,2018,6,0,0,10000.0,0,0
47,363864,2018,12,0,0,0.0,500,148
47,330503,2018,11,0,0,0.0,0,8
48,43808,2017,5,4,7380,7380.0,0,0
48,40622,2018,8,4,5336,5336.0,0,0
48,42862,2018,12,4,4308,4308.0,0,0
48,40832,2018,12,4,4967,4967.0,500,8
48,47897,2018,11,3,4711,4711.0,0,4
48,49805,2018,8,3,5806,5806.0,594,8
48,54861,2017,1,3,2303,2303.0,329,141
48,67686,2017,11,3,4802,4802.0,1,3
48,60806,2018,2,3,2338,2338.0,500,0
48,64704,2018,11,3,4726,4726.0,0,100
48,160676,2018,9,3,939,939.0,740,142
48,162356,2017,1,1,2307,2307.0,591,6
48,167665,2018,2,1,1321,1321.0,500,0
48,168892,2018,2,1,883,883.0,571,0
48,165108,2018,1,1,1866,1896.0,0,100
48,188027,2017,2,0,0,0.0,400,108
48,190865,2017,1,0,0,0.0,0,0
48,200663,2017,3,0,0,0.0,0,0
48,200603,2017,4,0,0,0.0,0,0
48,208603,2017,3,0,0,0.0,0,48
48,208631,2018,7,0,0,0.0,0,0
48,203309,2017,12,0,0,0.0,594,143
48,305803,2018,4,0,0,0.0,0,0
48,302039,2018,3,0,0,0.0,0,0
49,182803,2017,1,0,0,0.0,3,0
49,195698,2017,2,0,0,0.0,0,0
49,200396,2017,3,0,0,0.0,0,0
49,200663,2017,4,0,0,10000.0,560,98
49,200876,2017,5,0,0,0.0,0,8
49,285606,2017,6,0,0,0.0,0,0
49,221822,2017,6,0,0,0.0,0,0
49,247703,2017,7,0,0,0.0,0,0
49,257296,2017,8,0,0,0.0,568,0
49,267409,2017,9,0,0,0.0,0,0
49,267108,2017,11,0,0,0.0,0,0
49,264108,2017,12,0,0,0.0,0,0
49,292602,2018,3,0,0,0.0,0,0
49,300646,2018,1,0,0,0.0,0,0
49,305825,2018,3,0,0,0.0,0,0
49,305188,2018,5,0,0,0.0,4,0
49,300563,2018,4,0,0,0.0,0,0
49,333667,2018,6,0,0,0.0,0,9
49,347600,2018,7,0,0,0.0,9,0
49,353205,2018,8,0,0,0.0,0,0
49,350264,2018,9,0,0,0.0,0,0
49,366599,2018,10,0,0,0.0,0,0
49,373606,2018,11,0,0,0.0,0,0
49,360833,2018,12,0,0,0.0,0,8
50,8666,2017,3,5,10835,10835.0,0,0
50,866,2018,7,6,5046,5046.0,0,0
50,9803,2017,8,5,3330,3330.0,0,0
50,7693,2018,6,5,3800,3800.0,0,0
50,13806,2018,8,5,10072,72.0,0,0
50,35807,2017,12,4,4336,4336.0,0,0
50,71802,2018,1,3,4409,4409.0,0,0
50,157653,2018,2,3,4808,4808.0,0,0
50,197635,2018,11,1,2648,2648.0,0,8
50,150363,2018,2,1,2805,2805.0,540,0
50,192807,2018,1,1,1311,1311.0,0,0
50,107802,2017,3,0,0,0.0,534,0
50,202169,2017,9,0,0,0.0,0,0
50,205878,2017,2,0,0,0.0,0,0
50,217682,2017,4,0,0,0.0,0,0
50,224609,2017,6,0,0,0.0,0,8
50,224896,2017,2,0,0,0.0,0,0
50,237179,2018,7,0,0,0.0,326,0
50,268608,2018,1,0,0,0.0,0,0
50,260996,2018,3,0,0,0.0,0,0
50,260166,2018,10,0,0,0.0,548,0
50,267403,2017,12,0,0,0.0,0,0
50,367899,2018,11,0,0,0.0,333,0
50,346183,2018,12,0,0,0.0,0,0
51,25869,2018,12,4,4236,4236.0,0,0
51,22551,2017,9,4,6826,6826.0,0,0
51,50106,2018,12,3,1897,1897.0,360,6
51,61005,2017,1,3,4185,4185.0,0,0
51,98628,2017,2,3,3014,3014.0,0,2
51,98807,2018,1,1,1318,1318.0,0,0
51,97396,2017,2,0,0,0.0,0,0
51,97604,2017,3,0,0,0.0,0,0
51,97950,2017,4,0,0,0.0,0,0
51,199166,2017,5,0,0,0.0,0,0
51,266901,2017,6,0,0,0.0,0,0
51,230106,2017,7,0,0,0.0,0,0
51,237635,2017,8,0,0,0.0,0,0
51,237490,2017,11,0,0,0.0,0,0
51,237807,2017,12,0,0,0.0,0,0
51,317694,2018,4,0,0,0.0,0,0
51,317788,2018,5,0,0,0.0,0,0
51,385293,2018,9,0,0,0.0,0,0
51,325664,2018,7,0,0,0.0,0,0
51,341193,2018,11,0,0,0.0,3,149
51,342607,2018,8,0,0,0.0,0,0
51,352883,2018,8,0,0,0.5,526,1
51,367096,2018,11,0,0,10000.0,0,0
51,355879,2018,12,0,0,0.0,0,0
52,11106,2017,7,5,10600,10600.0,0,0
52,35636,2018,3,4,3132,3132.0,0,0
52,52865,2017,12,3,7716,7716.0,0,0
52,47805,2018,5,3,661,661.0,0,0
52,67886,2018,2,3,4726,4726.0,542,82
52,60300,2018,6,3,4701,4701.0,0,0
52,67607,2017,11,3,2103,2103.0,0,102
52,61862,2018,11,3,3790,3790.0,0,1
52,107636,2017,11,2,4670,4670.0,800,0
52,109366,2017,3,2,3287,3287.0,500,9
52,117897,2018,1,2,2006,2006.0,0,0
52,117633,2018,1,2,4889,4889.0,730,1
52,322877,2018,4,2,4866,4866.0,531,0
52,324989,2018,5,0,0,0.0,561,98
52,367810,2018,9,0,0,0.0,596,91
52,363895,2018,3,0,0,0.0,574,0
52,364066,2018,12,0,0,0.0,500,91
52,369106,2018,5,0,0,0.0,0,0
52,360166,2018,9,0,0,0.0,0,0
52,360136,2018,6,0,0,0.0,500,0
52,367108,2018,3,0,0,0.0,0,0
52,365593,2017,11,0,0,0.0,547,0
52,372279,2018,12,0,0,0.0,539,98
52,367103,2018,11,0,0,0.0,0,0
53,1813,2017,8,6,15438,15438.0,0,0
53,8106,2017,7,16,14386,14386.0,0,0
53,7686,2018,6,5,10004,10004.0,0,0
53,8963,2018,7,5,4685,4685.0,0,0
53,2106,2018,2,5,1667,2667.0,0,0
53,2503,2018,3,3,4105,4105.0,0,0
53,107601,2017,12,2,4116,4116.0,561,98
53,104157,2017,1,2,1807,1807.0,4,100
53,103705,2017,3,2,1166,1166.0,0,0
53,100469,2017,10,2,2308,2308.0,500,8
53,100187,2018,11,2,2334,2334.0,500,91
53,105676,2017,12,2,4606,4606.0,4,0
53,103166,2018,3,2,2338,2338.0,0,0
53,103763,2017,8,2,2846,2866.0,329,108
53,144197,2017,12,1,896,896.0,594,100
53,150603,2018,2,1,727,727.0,0,1
53,227106,2017,4,0,0,0.0,390,0
53,215003,2018,5,0,0,0.0,0,0
53,254573,2017,9,0,0,0.0,0,0
53,255213,2018,8,0,0,0.0,0,78
53,260224,2018,9,0,0,0.0,0,0
53,263394,2018,10,0,0,0.0,0,0
53,266861,2018,11,0,0,0.0,0,0
53,207892,2018,12,0,0,0.0,0,0
54,37606,2018,8,4,4730,4730.0,0,0
54,55832,2018,11,3,6817,6817.0,0,0
54,69826,2018,1,3,8685,8685.0,331,81
54,163367,2018,11,1,783,10783.0,0,0
54,185806,2017,2,0,0,5.0,9,0
54,337635,2018,2,0,0,0.0,4,0
54,302265,2017,3,0,0,10000.0,0,0
54,361187,2017,4,0,0,0.0,0,0
54,360862,2017,5,0,0,0.0,0,0
54,386103,2017,7,0,0,0.0,0,0
54,387189,2017,9,0,0,0.0,0,0
54,347086,2017,8,0,0,0.0,0,0
54,351895,2018,9,0,0,0.0,0,0
54,365066,2018,2,0,0,0.0,0,0
54,367196,2018,9,0,0,0.0,0,0
54,353865,2018,11,0,0,0.0,0,8
54,365201,2017,12,0,0,0.0,0,0
54,337186,2018,6,0,0,0.0,0,0
54,392407,2018,1,0,0,0.0,0,0
54,347203,2018,7,0,0,0.0,0,0
54,369972,2018,12,0,0,0.0,0,0
54,377806,2018,12,0,0,0.0,563,100
54,367847,2018,10,0,0,0.0,0,0
54,360489,2018,12,0,0,0.0,0,0
55,182094,2017,12,3,4435,4435.0,0,3
55,165106,2018,11,1,737,737.0,0,0
55,169806,2018,1,1,2337,2337.0,0,0
55,164036,2018,2,1,790,790.0,520,91
55,167167,2018,2,1,2131,2131.0,526,4
55,162001,2018,11,1,731,731.0,508,148
55,307002,2017,1,0,0,0.0,1,0
55,320573,2017,6,0,0,0.0,0,0
55,320866,2018,3,0,0,0.0,0,0
55,325489,2017,4,0,0,0.0,0,0
55,372133,2017,7,0,0,0.0,0,0
55,320696,2017,5,0,0,0.0,0,0
55,325290,2017,6,0,0,0.0,0,0
55,320668,2018,3,0,0,0.0,0,0
55,327094,2018,8,0,0,0.0,0,0
55,337608,2018,12,0,0,0.0,0,0
55,347005,2018,7,0,0,0.0,0,0
55,350163,2018,8,0,0,0.0,0,0
55,360266,2018,9,0,0,0.0,0,0
55,367967,2018,1,0,0,0.0,0,0
55,365266,2018,12,0,0,0.0,598,1
55,367677,2018,1,0,0,0.0,8,100
55,364391,2018,10,0,0,0.0,0,0
55,360193,2018,5,0,0,0.0,500,0
56,185087,2017,2,0,0,0.0,0,0
56,190996,2018,9,0,0,0.0,0,0
56,197902,2017,2,0,0,0.0,0,0
56,197466,2017,1,0,0,0.0,0,0
56,207106,2017,6,0,0,0.0,0,0
56,216966,2017,3,0,0,0.0,0,0
56,221107,2017,4,0,0,0.0,0,0
56,236606,2017,7,0,0,0.0,0,0
56,242907,2017,8,0,0,0.0,0,0
56,254694,2017,9,0,0,0.0,0,0
56,264806,2017,10,0,0,0.0,0,0
56,282866,2017,1,0,0,0.0,0,0
56,209895,2017,12,0,0,0.0,0,0
56,250606,2018,1,0,0,0.0,0,0
56,271064,2018,2,0,0,0.0,0,0
56,250607,2017,12,0,0,0.0,0,3
56,262680,2018,2,0,0,0.0,0,0
56,269993,2018,3,0,0,0.0,0,0
56,60889,2018,6,0,0,0.0,0,0
56,250688,2018,1,0,0,5.0,0,0
56,260344,2018,3,0,0,0.0,597,0
56,297930,2018,10,0,0,0.0,551,1
56,310650,2018,11,0,0,0.0,0,0
56,365007,2018,11,0,0,0.0,0,0
57,8827,2017,9,5,10605,10605.0,0,0
57,33503,2018,7,4,2388,2388.0,563,99
57,35103,2018,8,4,4680,4680.0,0,0
57,37608,2018,1,4,3400,3400.0,500,0
57,57102,2017,2,3,1706,11706.0,534,56
57,67109,2017,12,3,4320,4325.0,0,96
57,104143,2017,1,2,2846,2846.0,585,100
57,100806,2017,12,2,2306,2006.0,0,8
57,105406,2017,3,2,2830,2830.0,0,1
57,117869,2018,1,2,2401,2401.0,0,0
57,307633,2018,9,2,4808,4808.0,0,0
57,300106,2018,12,2,3300,3300.0,0,0
57,308256,2017,1,0,0,0.0,0,0
57,329905,2018,6,0,0,0.0,0,0
57,307897,2018,3,0,0,0.0,0,0
57,313633,2018,4,0,0,0.0,0,0
57,327108,2018,6,0,0,0.0,0,0
57,320104,2018,7,0,0,0.0,0,0
57,363066,2018,9,0,0,0.0,0,0
57,351193,2018,7,0,0,0.0,527,81
57,367461,2018,12,0,0,0.0,0,0
57,364807,2018,9,0,0,0.0,0,1
57,362996,2018,11,0,0,0.0,591,0
57,369106,2018,12,0,300,0.0,594,100
58,3566,2017,7,6,10808,10808.0,0,0
58,4130,2018,8,6,15372,18372.0,598,98
58,50463,2018,1,3,2281,2281.0,524,98
58,60364,2018,6,3,4931,4931.0,528,73
58,60566,2017,12,3,5403,5403.0,0,1
58,67886,2018,2,3,4383,4383.0,800,0
58,60508,2018,3,3,2301,2301.0,594,8
58,109306,2017,9,3,2486,2486.0,2,141
58,103100,2017,11,2,4386,4386.0,0,98
58,107131,2018,2,2,4647,4647.0,0,0
58,103876,2018,4,2,2306,2306.0,567,8
58,101107,2017,10,2,3826,3826.0,0,0
58,104802,2018,12,2,4738,4738.0,0,0
58,103406,2017,11,2,4249,4249.0,524,8
58,107863,2017,12,2,2171,2171.0,4,1
58,104606,2018,3,2,2716,2716.0,0,0
58,104803,2018,11,2,2428,2425.0,0,0
58,121190,2018,11,2,4811,4391.0,530,0
58,153893,2018,1,1,2336,2386.0,0,0
58,154197,2018,2,1,681,2491.0,500,0
58,214807,2018,5,0,0,0.0,594,100
58,218163,2017,10,0,0,0.0,0,8
58,300767,2018,8,0,0,0.0,0,3
58,327915,2018,11,0,0,0.0,0,0
59,41626,2018,12,4,4736,4736.0,0,0
59,177605,2018,11,1,4367,4367.0,538,126
59,195883,2018,1,1,828,828.0,0,0
59,177066,2017,2,1,607,607.0,0,0
59,187993,2017,2,0,0,0.0,0,0
59,194307,2017,3,0,0,0.0,0,0
59,200166,2017,4,0,0,0.0,0,0
59,207129,2017,3,0,0,0.0,0,0
59,207809,2017,5,0,0,0.0,0,0
59,207646,2017,6,0,0,0.0,0,9
59,210366,2017,7,0,0,0.0,0,0
59,220666,2017,8,15,10000,0.0,0,0
59,237990,2017,1,0,0,0.0,0,0
59,237106,2017,7,0,0,0.0,0,0
59,252806,2017,9,0,0,0.0,0,0
59,260186,2017,10,0,0,0.0,0,0
59,265983,2017,11,0,0,0.0,4,0
59,260661,2017,12,0,0,0.0,0,0
59,262601,2018,1,0,0,0.0,0,0
59,262603,2017,11,0,0,0.0,0,0
59,262836,2017,10,0,0,0.0,0,0
59,266166,2017,11,0,0,0.0,0,0
59,287666,2018,12,0,0,0.0,0,0
59,286106,2018,11,0,0,0.0,0,3
60,1276,2018,12,6,2416,2416.0,0,0
60,5129,2018,7,6,4336,4336.0,0,0
60,2176,2017,8,1,10801,10801.0,600,91
60,2166,2018,9,2,1228,1228.0,0,0
60,4206,2017,11,6,1816,1816.0,0,0
60,212,2018,2,0,0,0.0,0,0
60,7168,2017,1,0,0,0.0,0,0
60,4806,2018,3,0,0,0.0,0,0
60,27666,2018,12,0,0,0.0,534,0
60,77402,2018,11,0,0,0.0,0,0
60,79682,2017,11,0,0,0.0,0,0
60,87109,2017,11,0,0,0.0,0,0
60,197565,2018,2,0,0,0.0,0,0
60,197509,2018,12,0,0,0.0,3,0
60,207837,2018,3,0,0,0.0,0,0
60,212883,2018,4,0,0,0.0,0,0
60,227171,2018,5,0,0,0.0,580,0
60,223988,2018,6,0,0,0.0,0,0
60,237696,2018,7,0,0,0.0,0,0
60,237897,2018,8,0,0,0.0,0,0
60,237956,2017,7,0,0,0.0,0,0
60,257259,2018,9,0,0,0.0,0,8
60,257481,2018,8,0,0,0.0,500,0
60,360896,2018,11,0,0,0.0,0,0
61,3119,2017,8,6,12836,12836.0,594,146
61,7602,2018,6,5,14315,14315.0,515,41
61,44376,2018,7,4,4336,6336.0,0,0
61,57335,2017,2,3,3816,3816.0,0,58
61,68114,2018,1,3,8337,8337.0,0,0
61,60109,2018,11,3,4313,4313.0,531,0
61,60107,2017,12,3,4507,4507.0,0,0
61,60173,2018,9,3,5806,5806.0,0,0
61,107802,2017,10,2,2336,2336.0,0,0
61,101097,2017,1,2,3008,3008.0,0,0
61,117696,2018,1,2,4807,4807.0,0,0
61,118196,2018,3,2,1293,1893.0,561,0
61,127663,2018,9,2,4656,4856.0,0,0
61,164104,2017,12,1,2201,2201.0,0,0
61,167106,2018,1,1,656,956.0,0,0
61,182899,2018,1,0,0,0.0,596,91
61,197008,2017,2,0,0,0.0,0,0
61,309005,2018,3,0,0,0.0,0,8
61,315196,2018,12,0,0,0.0,0,0
61,327965,2018,2,0,0,0.0,4,100
61,356865,2018,8,0,0,0.0,0,0
61,324131,2018,11,0,0,0.0,0,0
61,327136,2018,3,0,0,0.0,0,0
61,325880,2018,1,0,0,0.0,0,8
61,327106,2018,2,0,0,0.0,0,0
61,347894,2018,6,0,0,0.0,0,8
61,346822,2018,5,0,0,0.0,0,3
61,363659,2018,8,0,0,0.0,531,123
61,360836,2018,4,0,0,0.0,4,0
61,307660,2018,8,0,0,0.0,0,0
61,346364,2018,2,0,0,0.0,0,0
61,397106,2018,6,0,0,0.0,0,3
61,360106,2018,1,0,0,0.0,524,0
61,330386,2018,1,0,0,0.0,0,98
61,350067,2018,12,0,0,0.0,500,50
61,360887,2018,1,0,0,0.0,0,4
61,360709,2018,11,0,0,0.0,0,8
61,350109,2018,4,0,0,0.0,0,0
61,367107,2018,6,0,0,0.0,0,0
61,367832,2018,12,0,0,0.0,0,0
61,327602,2018,7,0,0,0.0,0,0
61,368376,2018,2,16,0,0.0,0,0
61,360669,2018,11,0,0,0.0,546,121
61,351108,2018,10,0,0,10000.0,0,0
61,366103,2018,10,0,0,0.0,0,0
61,360606,2018,11,0,0,0.0,4,0
61,327963,2018,4,0,0,0.0,0,0
61,373182,2018,2,0,877,0.0,0,0
62,5364,2018,6,6,10382,10382.0,0,0
62,17669,2018,7,5,4775,4775.0,531,108
62,27363,2018,8,5,5405,5405.0,0,0
62,56866,2018,11,3,3897,3897.0,0,0
62,50406,2018,9,3,4341,4341.0,591,81
62,60906,2017,3,3,4808,4808.0,526,141
62,60493,2017,1,3,4321,4311.0,0,8
62,109153,2018,2,2,4258,4358.0,0,0
62,102663,2017,5,2,4071,4071.0,0,0
62,100685,2017,3,2,14678,4672.0,520,0
62,104602,2018,1,2,2606,2606.0,0,1
62,105625,2017,10,1,828,828.0,7,8
62,151893,2018,8,1,2666,2666.0,0,1
62,165866,2018,12,1,832,832.0,599,0
62,164865,2018,1,1,603,603.0,534,0
62,175116,2018,1,0,0,0.0,0,0
62,264403,2017,12,0,0,0.0,0,0
62,236109,2017,6,0,0,0.0,0,0
62,262106,2017,11,0,0,0.0,0,0
62,260865,2017,6,0,0,0.0,524,0
62,260176,2018,9,0,0,0.0,0,0
62,261176,2018,2,0,0,0.0,0,0
62,269904,2018,10,0,0,0.0,524,98
62,267696,2018,11,0,0,0.0,0,0
63,37737,2018,8,4,24776,14776.0,0,0
63,51232,2017,2,3,3237,3237.0,0,0
63,80631,2018,1,3,4890,4890.0,0,0
63,101963,2018,1,3,2681,2681.0,7,46
63,105607,2017,12,2,4476,4476.0,523,8
63,100687,2018,1,2,4621,6621.0,0,0
63,104968,2017,10,2,4806,4806.0,500,9
63,125853,2018,2,2,2826,2826.0,0,8
63,155632,2018,11,1,2706,2706.0,596,9
63,155103,2018,2,1,778,778.0,0,0
63,190393,2017,1,0,0,0.0,0,0
63,280136,2017,3,0,0,0.0,0,0
63,200673,2017,1,0,0,0.0,0,0
63,209873,2017,4,0,0,0.0,0,0
63,209834,2017,3,0,0,0.0,0,0
63,202905,2017,4,0,0,0.0,0,0
63,205125,2018,5,0,0,0.0,0,0
63,200602,2018,6,0,0,0.0,524,0
63,260806,2018,7,0,0,0.0,0,0
63,250193,2018,8,0,0,0.0,0,8
63,268866,2017,12,0,0,0.0,0,0
63,267307,2018,10,0,0,0.0,0,1
63,267695,2017,11,0,0,0.0,0,0
63,262863,2017,12,0,0,0.0,0,8
64,27102,2018,11,5,10830,10830.0,566,91
64,31835,2018,6,4,3684,3684.0,0,0
64,35377,2018,8,4,6331,6331.0,0,0
64,30106,2018,3,4,7796,7796.0,0,0
64,45164,2018,1,4,7347,7347.0,0,58
64,159765,2018,10,1,767,767.0,0,0
64,164102,2018,12,1,1681,1681.0,534,88
64,177106,2018,1,1,906,906.0,567,9
64,187647,2017,1,0,0,0.0,0,0
64,197187,2017,2,0,0,0.0,0,0
64,190889,2017,2,0,0,0.0,0,0
64,200421,2017,3,0,0,0.0,0,0
64,209896,2017,4,0,0,0.0,0,3
64,207796,2017,9,0,0,0.0,0,0
64,217866,2017,4,0,0,0.0,0,0
64,227295,2017,5,0,0,0.0,0,0
64,230932,2017,7,0,0,0.0,0,0
64,261305,2017,11,0,0,90.0,630,0
64,260099,2018,2,0,0,0.0,0,8
64,260107,2017,10,0,0,0.0,0,0
64,267693,2017,12,0,0,0.0,0,0
64,260009,2017,8,0,0,0.0,0,8
64,277103,2017,11,0,0,0.0,0,0
64,357603,2018,12,0,0,0.0,0,0
65,5706,2018,7,6,10836,10836.0,0,0
65,704,2018,6,6,4766,4766.0,0,0
65,17117,2018,9,5,10860,10860.0,600,99
65,90636,2017,3,1,2867,2897.0,0,0
65,7866,2017,2,2,828,828.0,0,0
65,109,2017,1,0,0,0.0,0,0
65,508,2018,8,0,10000,0.0,596,0
65,2300,2017,3,0,0,0.0,0,0
65,262,2017,5,0,0,0.0,562,0
65,4106,2017,6,0,0,0.0,0,0
65,190,2017,11,0,0,0.0,0,0
65,5696,2017,8,0,0,0.0,0,8
65,669,2017,1,0,0,0.0,0,0
65,896,2017,2,0,0,0.0,0,0
65,9398,2018,9,0,0,0.0,0,0
65,609,2018,8,0,0,0.0,0,0
65,6865,2018,4,0,0,0.0,0,0
65,200842,2018,6,0,0,0.0,0,0
65,204887,2018,7,0,0,0.0,670,0
65,487,2018,8,0,0,0.0,0,100
65,219683,2018,9,0,0,0.0,0,0
65,766,2018,2,0,0,0.0,0,0
65,307864,2018,8,0,0,0.0,0,0
65,300677,2018,9,0,0,0.0,594,0
66,12587,2017,2,5,3635,3635.0,0,0
66,17660,2018,3,5,6885,6885.0,0,0
66,37606,2018,2,4,4180,4180.0,500,0
66,40806,2018,9,4,7376,7376.0,0,0
66,67306,2017,2,3,5327,5328.0,0,0
66,65885,2018,11,3,2238,2238.0,896,76
66,167427,2017,1,1,707,707.0,0,2
66,163367,2018,8,1,61,61.0,0,0
66,164967,2018,5,1,803,803.0,0,0
66,162807,2018,11,1,607,607.0,0,3
66,160665,2018,6,1,601,601.0,581,1
66,162667,2018,10,1,641,661.0,0,8
66,168665,2017,12,1,607,607.0,0,0
66,163677,2018,2,1,608,608.0,590,0
66,177867,2018,1,1,637,637.0,591,0
66,181163,2017,2,0,0,0.0,0,0
66,190106,2017,3,0,0,0.0,526,0
66,307805,2018,4,0,0,0.0,0,0
66,305624,2018,3,0,0,0.0,0,0
66,305864,2018,1,0,0,0.0,0,0
67,4225,2018,6,6,12308,12308.0,0,0
67,11665,2018,8,5,18300,12300.0,0,2
67,29499,2018,6,5,805,805.0,534,91
67,27352,2018,11,5,10660,10660.0,0,0
67,34013,2018,5,4,7377,7377.0,8,102
67,55895,2017,5,3,4607,4607.0,0,0
67,59865,2017,2,3,2131,2131.0,0,0
67,50803,2018,1,3,1623,1823.0,0,0
67,60066,2018,12,3,2126,2126.0,564,0
67,67694,2018,9,3,4701,4701.0,526,58
67,65800,2018,9,3,4817,4817.0,522,9
67,103823,2017,2,2,4368,4368.0,0,0
67,102605,2017,8,0,0,0.0,0,0
67,195662,2018,1,0,0,0.0,0,0
67,195106,2017,1,0,0,0.0,0,0
67,206506,2017,3,0,0,0.0,0,0
67,207106,2018,1,0,0,0.0,524,8
67,206833,2018,2,0,0,0.0,0,8
67,207169,2018,8,0,20000,5.0,0,0
67,202892,2018,3,0,0,0.0,0,0
67,207905,2018,4,0,0,0.0,0,0
67,322666,2018,5,0,0,0.0,0,0
67,368461,2018,10,0,0,0.0,0,0
67,337903,2018,11,0,0,0.0,0,1
68,13693,2017,8,5,5895,5895.0,722,108
68,17605,2017,3,5,34335,4335.0,794,148
68,32809,2018,1,4,6736,46736.0,0,0
68,45696,2017,5,4,5308,5308.0,0,0
68,62296,2017,12,3,7477,7477.0,7,108
68,63064,2017,2,3,11807,7807.0,0,0
68,67965,2018,2,3,2807,2807.0,530,0
68,162506,2018,2,1,2197,2197.0,594,100
68,107836,2017,11,2,838,838.0,0,8
68,65808,2018,1,1,836,836.0,8,100
68,165196,2018,2,1,2800,2800.5,520,0
68,167679,2018,3,1,1736,1736.0,594,0
68,160130,2017,6,1,771,771.0,0,0
68,160995,2018,3,1,616,616.0,0,8
68,180109,2017,1,0,0,0.0,590,8
68,190696,2017,10,0,0,0.0,0,8
68,207602,2017,2,0,0,0.0,0,0
68,207177,2017,3,0,0,0.0,529,0
68,207472,2018,4,0,0,0.0,0,3
68,203977,2018,8,0,0,0.0,0,0
68,255165,2018,8,0,0,0.0,0,8
68,269569,2018,9,0,0,0.0,4,0
68,265606,2018,11,0,0,0.0,500,0
68,367109,2018,12,0,0,0.0,4,0
69,2326,2017,6,6,10628,10628.0,0,0
69,7143,2018,7,6,5656,5656.0,0,0
69,7863,2018,12,5,7835,7835.0,534,8
69,17665,2018,8,15,4838,14838.0,700,1
69,67822,2017,16,3,4602,4602.0,7,8
69,65182,2018,1,3,4327,4327.0,597,0
69,62608,2018,10,3,4846,4846.0,0,6
69,88602,2018,9,3,4806,4806.0,520,108
69,90804,2017,2,3,4602,4902.0,598,91
69,102806,2017,9,2,4321,4321.0,548,108
69,107841,2017,1,0,0,0.0,0,3
69,124176,2018,7,0,0,0.0,0,0
69,184187,2017,11,0,0,0.0,0,0
69,195893,2017,2,0,0,0.0,0,0
69,192896,2018,11,0,0,0.0,0,0
69,205866,2017,2,0,0,0.0,0,0
69,200462,2017,12,0,0,0.0,0,9
69,234367,2017,4,0,0,0.0,0,0
69,255106,2017,9,0,0,0.0,0,0
69,260693,2017,11,0,0,0.0,0,0
69,261965,2018,8,0,0,0.0,514,101
69,263703,2018,1,0,0,0.0,564,0
69,260366,2018,10,0,0,0.0,0,100
69,324169,2018,12,0,0,0.0,0,0
70,84992,2018,12,3,3447,3447.0,0,0
70,115898,2018,1,2,2240,2240.0,500,2
70,124303,2018,6,1,781,781.0,0,0
70,167193,2018,9,1,879,879.0,0,3
70,380303,2017,8,0,0,0.0,0,0
70,355806,2017,2,0,0,0.0,0,0
70,366883,2017,4,0,0,0.0,0,0
70,334106,2017,5,0,0,0.0,0,0
70,337190,2017,7,0,0,0.0,0,0
70,335886,2017,6,0,0,0.0,0,0
70,337063,2017,7,0,0,0.0,0,0
70,337503,2017,8,0,0,0.0,0,0
70,337806,2018,2,0,0,0.0,0,0
70,345166,2018,8,0,0,0.0,0,0
70,351643,2018,9,0,0,0.0,0,0
70,350405,2018,9,0,0,0.0,0,0
70,387803,2018,1,0,0,0.0,500,0
70,326665,2018,3,0,0,0.0,0,0
70,337307,2018,6,0,0,0.0,0,0
70,346697,2018,8,0,0,0.0,0,0
70,359884,2018,9,0,0,0.0,357,0
70,362573,2018,10,0,0,0.0,572,0
70,367076,2018,11,0,0,0.0,0,0
70,367656,2018,12,0,0,0.0,0,8
71,35961,2018,3,4,5390,5390.0,0,0
71,64279,2018,9,3,2126,2126.0,0,0
71,78556,2017,3,3,4783,4783.0,0,0
71,87605,2018,11,3,4343,4343.0,586,98
71,197396,2018,2,2,1934,1934.0,0,0
71,107888,2018,5,2,4224,4224.0,594,8
71,100607,2018,1,2,2136,2136.0,800,78
71,104156,2017,11,2,4082,4082.0,596,98
71,127667,2018,8,2,2037,2037.0,0,0
71,195666,2017,1,1,716,716.0,0,7
71,195137,2018,12,1,661,661.0,0,0
71,190997,2017,2,1,861,861.0,524,121
71,196625,2017,5,0,0,0.0,0,8
71,200606,2017,8,0,0,0.0,0,0
71,201749,2017,2,0,0,0.0,0,0
71,257477,2017,9,0,0,0.0,0,3
71,202305,2017,9,0,0,0.0,0,0
71,206132,2018,11,0,0,0.0,0,0
71,207869,2018,2,0,0,0.0,0,0
71,200875,2017,12,0,0,0.0,0,0
71,207563,2018,4,0,0,0.0,0,0
71,300606,2018,3,0,0,0.0,0,0
71,331164,2018,5,0,0,0.0,0,0
71,325154,2018,12,0,0,0.0,500,0
72,4836,2018,6,6,14680,14680.0,0,0
72,7866,2018,7,5,4625,4625.0,0,0
72,5239,2018,8,7,4607,4607.0,0,0
72,17887,2018,12,5,4801,4801.0,0,0
72,25984,2018,1,4,3004,3004.0,0,0
72,54083,2017,5,3,3121,3121.0,0,0
72,68106,2017,7,3,1801,1301.0,364,0
72,61104,2018,2,3,4841,4841.0,0,0
72,68107,2018,8,3,5816,5816.0,0,1
72,60894,2018,5,3,1392,1392.0,4,111
72,107066,2018,8,2,4306,4306.0,590,3
72,103680,2017,10,2,4896,4896.0,596,78
72,104463,2017,11,2,4486,4486.0,1,8
72,100895,2018,2,2,4361,4361.0,0,0
72,117686,2018,11,1,2956,2956.0,594,0
72,163576,2018,2,1,1706,1706.0,614,103
72,164162,2018,1,1,3607,3603.0,0,6
72,206398,2018,12,0,0,0.0,524,0
72,204103,2018,10,0,0,0.0,0,1
72,217607,2017,3,0,0,0.0,0,0
72,234635,2017,9,0,0,0.0,500,3
72,250281,2017,12,0,0,0.0,0,0
72,317486,2018,8,0,0,0.0,0,6
72,323133,2018,12,0,0,0.0,500,1
73,2092,2017,6,6,5028,5028.0,0,0
73,2506,2018,7,6,7901,7901.0,595,88
73,47867,2018,7,4,4806,4806.0,0,0
73,41513,2018,8,4,3036,3036.0,0,0
73,52666,2017,12,3,7219,7219.0,527,108
73,67827,2018,3,3,1676,1676.0,0,8
73,97695,2017,1,2,1682,1682.5,523,98
73,96519,2017,2,2,4626,4626.0,0,8
73,91859,2017,1,2,2602,2602.0,598,1
73,100667,2017,11,2,4876,4876.5,518,71
73,100303,2017,12,3,2610,2610.0,0,0
73,106858,2018,9,2,1616,1616.0,397,0
73,100676,2018,3,2,4710,4710.0,0,4
73,100887,2018,12,2,4498,4495.0,0,0
73,207663,2017,9,0,0,0.0,0,75
73,208136,2017,4,0,0,0.0,0,1
73,200192,2017,12,0,0,0.0,526,0
73,208836,2018,3,0,0,0.0,0,0
73,300809,2018,4,0,0,0.0,0,0
73,309167,2018,8,0,0,0.0,0,0
73,305216,2018,2,0,0,0.0,0,0
73,354809,2018,10,0,0,0.0,500,0
73,390365,2018,4,0,0,0.0,0,98
73,311106,2018,12,0,0,0.0,0,0
74,4399,2018,8,6,10640,10640.0,0,0
74,65363,2018,1,3,4171,4171.0,391,158
74,67431,2018,12,3,4306,4306.0,601,1
74,61139,2017,11,3,4607,4607.0,0,0
74,80342,2018,11,3,7036,7036.0,500,99
74,187807,2018,2,2,3896,3896.0,594,0
74,117685,2018,3,2,40386,386.0,590,91
74,187107,2017,1,0,0,0.0,0,78
74,183663,2018,7,0,0,0.0,0,0
74,190362,2017,1,0,0,0.0,0,0
74,194684,2017,4,0,0,0.0,0,0
74,196697,2017,3,0,0,0.0,0,0
74,206856,2017,4,0,0,0.0,0,0
74,209156,2017,9,0,0,0.0,0,0
74,207437,2017,2,0,0,0.0,0,0
74,207162,2017,3,0,0,0.0,0,0
74,205432,2018,5,0,0,0.0,0,0
74,250866,2017,1,0,0,0.0,0,0
74,262817,2018,8,0,0,0.0,0,0
74,260806,2018,9,0,0,0.0,0,0
74,277175,2018,1,0,0,0.0,0,0
74,287803,2018,10,0,0,0.0,540,1
74,280086,2017,12,0,0,0.0,0,0
74,301104,2018,12,0,0,0.0,0,1
75,10606,2017,7,5,4370,4370.0,524,123
75,17603,2018,7,5,4020,4020.0,0,0
75,14808,2018,6,5,2200,2200.0,0,0
75,34805,2018,11,4,7468,7468.0,0,0
75,52104,2017,2,3,2311,2311.0,500,0
75,64163,2018,8,3,4821,7821.0,592,0
75,68823,2018,2,3,3807,3807.0,0,0
75,160106,2018,10,1,1877,1877.0,0,2
75,121676,2018,3,2,1957,1957.0,0,0
75,162809,2018,11,1,767,797.0,592,0
75,162006,2018,15,1,796,896.0,548,99
75,165893,2018,12,1,1317,1317.0,370,0
75,166894,2018,8,1,881,881.0,0,0
75,360107,2018,2,1,707,707.0,0,8
75,306801,2017,3,0,0,0.0,0,71
75,300814,2017,7,0,0,0.0,526,105
75,352189,2017,9,0,0,0.0,593,100
75,364446,2018,9,0,0,0.0,0,0
75,366869,2018,8,0,0,0.0,0,0
75,360606,2018,1,0,0,0.0,0,0
75,360660,2018,7,0,0,0.0,0,0
75,367383,2018,2,0,0,0.0,567,0
75,365695,2018,11,0,0,0.0,0,0
75,387103,2018,11,0,0,0.0,598,0
76,1188,2017,6,6,2110,2110.0,0,0
76,128,2017,8,5,630,630.0,600,0
76,5806,2017,9,5,3800,3800.0,591,1
76,7106,2018,6,6,3837,3837.0,0,2
76,166,2017,1,6,4210,4210.0,0,0
76,7987,2017,2,4,4870,4870.0,8,0
76,5003,2018,7,5,4790,4790.0,0,0
76,2106,2017,8,3,4636,4636.0,530,0
76,7624,2017,1,2,4390,4390.0,0,0
76,5803,2017,9,3,4606,4606.0,0,0
76,6863,2018,7,2,4887,4882.0,7,0
76,6566,2017,8,6,4830,6830.0,0,0
76,7168,2018,5,8,4316,4316.0,0,0
76,606,2017,8,0,0,0.0,0,0
76,403,2018,4,0,0,0.0,0,0
76,3837,2018,3,0,0,0.0,500,2
76,207402,2018,9,0,0,0.0,0,0
76,201366,2018,4,0,0,0.0,0,0
76,205806,2018,2,0,0,0.0,0,0
76,209966,2018,3,0,0,0.0,0,0
76,200504,2018,6,0,0,0.0,528,100
76,260860,2018,11,0,0,0.0,554,0
76,300680,2018,11,0,0,0.0,0,0
76,307109,2018,12,0,0,0.0,0,0
77,12094,2018,8,5,9720,9720.0,724,91
77,11243,2018,12,15,7305,7305.0,0,0
77,27803,2018,12,5,10125,10125.0,828,0
77,50808,2018,1,3,5447,5447.0,0,0
77,68869,2018,6,3,4605,4605.0,594,59
77,65853,2018,1,3,7247,7247.0,0,0
77,147900,2017,7,1,803,803.0,0,0
77,162983,2018,8,1,827,827.0,528,0
77,165896,2018,2,1,647,647.0,321,98
77,182577,2017,1,1,2307,2307.0,8,102
77,166801,2018,6,1,2261,2261.0,500,93
77,172366,2018,11,1,671,371.0,528,8
77,184840,2017,2,0,0,0.0,0,0
77,197669,2017,2,0,0,0.0,0,0
77,222665,2017,4,0,0,0.0,0,0
77,223886,2017,6,0,0,0.0,0,0
77,235960,2017,7,0,0,0.0,0,0
77,235106,2017,7,0,0,0.0,0,0
77,257609,2017,9,0,0,0.0,8,0
77,268905,2017,9,0,0,0.0,0,0
77,260734,2018,8,0,0,0.0,0,98
77,268602,2017,11,0,0,0.0,600,0
77,263679,2017,11,0,0,0.0,0,6
77,260097,2018,12,0,0,0.0,0,8
78,9626,2018,8,5,10630,10630.0,0,0
78,7261,2018,7,5,7805,7806.0,0,0
78,24195,2017,12,4,4801,4801.0,0,0
78,27864,2018,11,5,4370,4370.0,1,0
78,60666,2017,10,3,906,906.0,538,91
78,62646,2018,1,3,2803,2803.0,0,0
78,60807,2017,12,1,600,600.0,0,10
78,68105,2017,10,1,681,681.0,0,0
78,66893,2018,1,0,0,0.0,0,0
78,186102,2018,2,0,0,0.0,0,0
78,190606,2017,3,0,0,0.0,0,0
78,192967,2017,4,0,0,0.0,0,0
78,207617,2018,5,0,0,0.0,0,0
78,204934,2017,8,0,0,0.0,0,0
78,202166,2017,3,0,40000,0.0,520,0
78,207801,2017,9,0,0,0.0,0,0
78,209627,2018,2,0,0,0.0,0,0
78,200806,2018,3,0,0,0.0,0,0
78,261373,2018,1,0,0,0.0,0,0
78,260286,2017,10,0,0,0.0,524,0
78,269783,2018,8,0,0,0.0,0,0
78,269605,2018,1,0,0,0.0,528,0
78,272709,2018,11,0,0,0.0,0,0
78,300887,2018,12,0,0,0.0,0,0
79,1092,2017,7,7,10127,10127.0,0,0
79,7936,2018,8,6,12601,12601.0,0,0
79,7107,2018,1,5,4050,4050.0,800,0
79,3106,2018,7,6,14608,4608.0,596,101
79,7219,2018,8,6,17626,16626.0,600,98
79,21163,2017,1,4,4616,10016.0,0,0
79,27860,2018,6,6,4271,4271.0,0,8
79,57606,2017,7,3,3882,3882.0,0,0
79,60867,2017,9,3,2267,2267.0,500,0
79,65103,2017,11,3,3367,3367.0,7,108
79,67865,2018,8,3,4305,4305.0,377,100
80,5056,2018,7,6,7636,7636.0,0,0
80,5396,2018,8,6,5378,5378.0,0,0
80,9161,2018,6,5,4935,4935.0,0,0
80,12506,2018,8,5,14880,4880.0,0,0
80,20876,2017,1,4,4001,4001.0,500,8
80,33813,2018,11,3,807,807.0,0,0
80,50303,2017,12,3,4805,4805.0,0,1
80,68267,2017,5,3,3317,3317.0,0,0
80,60803,2018,12,3,4736,4736.0,0,0
80,65867,2017,11,3,10817,817.0,0,0
80,62091,2017,11,3,2400,12400.0,554,8
80,67645,2017,11,3,4621,4621.0,7,1
80,67867,2018,1,3,2746,2746.0,4,0
80,69393,2018,2,3,1817,1815.0,0,0
80,129960,2018,12,1,836,836.0,591,83
80,167392,2018,3,1,2406,2406.0,500,1
80,160666,2018,8,1,938,938.0,520,0
80,206841,2017,3,0,0,0.0,524,8
80,207896,2017,2,0,0,0.0,0,0
80,239863,2018,6,0,0,0.0,524,0
80,259937,2017,7,0,0,0.0,590,98
80,255265,2017,11,0,0,0.0,526,8
80,267506,2017,11,0,0,0.0,0,1
80,213774,2018,12,0,0,0.0,565,9
81,1697,2017,8,7,10325,10325.0,0,0
81,7686,2018,7,6,4396,4096.0,524,58
81,952,2017,7,5,14335,14335.0,0,0
81,4896,2018,5,6,5136,15136.0,0,0
81,7504,2017,8,0,0,0.0,0,0
81,9183,2017,12,0,0,0.0,0,0
81,7297,2018,1,0,0,0.0,500,0
81,2866,2018,4,0,0,0.0,500,0
81,235,2017,4,0,830,830.0,0,0
81,165,2017,7,0,0,0.0,0,2
81,3694,2017,6,0,0,0.0,0,0
81,107,2017,8,0,0,0.0,0,0
81,464,2017,2,0,0,0.0,0,0
81,100406,2018,3,0,0,0.0,0,0
81,107625,2017,9,0,0,0.0,0,0
81,207303,2018,11,0,0,0.0,0,0
81,207667,2018,3,0,0,0.0,0,100
81,204194,2018,3,0,0,0.0,0,0
81,209547,2018,2,0,0,0.0,0,0
81,200589,2018,12,0,0,0.0,0,0
81,207134,2018,5,0,0,0.0,500,0
81,200606,2018,6,0,0,0.5,754,0
81,304797,2018,8,0,0,0.0,0,0
81,312106,2018,11,0,0,0.0,0,0
82,48804,2018,8,4,7736,7736.0,587,48
82,75665,2018,1,1,1101,1101.0,536,100
82,68666,2018,2,3,163,163.0,500,1
82,67366,2018,6,3,1841,1841.0,0,8
82,72907,2018,8,3,896,896.0,0,0
82,97664,2018,9,3,2648,2648.0,0,0
82,100802,2017,11,2,1138,1138.0,0,0
82,105106,2017,10,2,3676,3676.0,0,0
82,101162,2018,1,2,1006,1006.0,564,100
82,157906,2017,2,1,861,866.0,0,1
82,167703,2018,1,1,647,947.0,588,143
82,186113,2017,1,0,0,0.0,0,0
82,195865,2017,2,0,0,0.0,0,0
82,204669,2017,2,0,0,0.0,0,0
82,207132,2017,3,0,0,0.0,0,0
82,205838,2017,4,0,0,0.0,0,0
82,222976,2017,5,0,0,0.0,0,0
82,257102,2017,9,0,0,0.0,0,0
82,260803,2017,12,0,137,0.0,0,0
82,265666,2018,8,0,0,0.0,0,0
82,260336,2017,9,0,0,0.0,0,0
82,262867,2018,11,0,0,0.0,0,0
82,287809,2018,11,0,0,0.0,0,0
82,362402,2018,12,0,0,0.0,0,1
83,72207,2017,9,3,7686,7686.0,0,0
83,68483,2017,12,3,2641,2641.0,567,98
83,77606,2018,5,3,4690,4690.0,0,0
83,55997,2018,11,3,2828,2828.0,0,0
83,60207,2017,12,3,4686,4686.0,8,0
83,64964,2017,1,3,1823,1823.0,0,0
83,91860,2017,1,3,5460,5460.0,0,2
83,90606,2017,3,2,4301,4301.0,0,0
83,105104,2017,7,2,2866,2866.0,4,0
83,107899,2017,12,2,3871,3871.0,0,0
83,100066,2017,11,2,2206,2206.0,0,0
83,100106,2018,10,2,4898,4898.0,0,0
83,154808,2018,2,1,2207,2207.0,537,0
83,187608,2018,1,0,0,0.0,6,1
83,193966,2017,3,0,0,0.0,0,3
83,200167,2017,4,0,0,0.0,0,0
83,210821,2018,5,0,0,0.0,0,0
83,232669,2017,12,0,0,0.0,0,0
83,259876,2018,7,0,0,0.0,0,0
83,268166,2018,1,0,0,0.0,394,98
83,257603,2018,8,0,0,0.0,0,0
83,327903,2018,10,0,0,0.0,0,0
83,363862,2018,11,0,6,0.0,0,0
83,336894,2018,11,0,0,0.0,0,1
84,2876,2017,6,6,4980,4980.0,0,0
84,1613,2017,1,6,5276,5276.0,596,99
84,5269,2017,5,5,4725,4725.0,0,0
84,10416,2017,12,5,6338,6338.0,0,0
84,34623,2017,7,3,4186,4186.0,0,0
84,54168,2018,5,3,1836,1836.0,0,0
84,57802,2017,6,3,5688,5688.0,0,0
84,66168,2018,1,3,4838,4838.0,0,0
84,80105,2018,7,3,4307,4307.0,0,0
84,93593,2017,11,2,4909,4909.0,0,0
84,104765,2017,12,2,4030,4030.0,0,0
84,102156,2018,8,2,4036,4036.0,0,3
84,101866,2017,10,1,1356,1356.0,0,0
84,107193,2018,2,2,618,618.0,0,100
84,104806,2018,9,0,0,0.0,0,0
84,107806,2017,12,0,0,0.0,0,0
84,207661,2017,3,0,0,0.0,0,9
84,200896,2018,4,0,0,0.0,0,3
85,182438,2017,10,1,1806,1806.0,0,0
85,187699,2017,1,0,0,0.0,0,0
85,196135,2017,2,0,0,0.0,0,0
85,197800,2018,2,0,0,0.0,0,0
85,198602,2017,3,0,0,0.0,0,0
85,197706,2017,4,0,0,0.0,0,0
85,200868,2017,7,0,0,0.0,0,0
85,207902,2017,3,0,0,0.0,0,0
85,209696,2017,4,0,0,0.0,0,0
85,217665,2017,5,0,0,0.0,0,0
85,227606,2017,6,0,0,0.0,0,0
85,260844,2017,9,0,0,0.0,0,0
85,267596,2017,8,0,0,0.0,0,8
85,275173,2017,1,0,0,10000.0,0,0
85,267484,2017,12,0,0,0.0,4,0
85,267104,2017,11,0,0,0.0,0,6
85,290863,2018,4,0,0,0.0,0,0
85,316103,2018,3,0,0,0.0,0,0
85,327691,2018,5,0,0,0.0,0,0
85,320413,2018,5,0,0,0.0,0,0
85,360247,2018,8,0,0,0.0,0,0
85,364199,2018,10,0,0,0.0,0,0
85,362894,2018,11,0,0,0.0,0,0
85,368824,2018,12,0,0,0.0,0,0
86,47627,2018,11,4,2276,2276.0,0,0
86,53805,2017,12,3,1816,1816.0,0,0
86,67805,2018,1,3,4808,4808.0,0,0
86,60667,2018,2,3,7387,6987.0,0,0
86,188652,2018,11,0,0,0.0,1,0
86,165817,2018,3,0,0,0.0,0,100
86,160637,2018,2,0,0,0.0,7,0
86,187137,2017,0,0,0,0.0,0,0
86,187667,2017,4,0,0,0.0,0,0
86,207471,2017,6,0,0,0.0,0,0
86,207123,2017,7,0,0,0.0,0,0
86,230804,2017,8,0,0,0.0,0,0
86,237161,2017,4,0,0,0.0,0,0
86,254068,2017,9,0,0,0.0,0,0
86,267896,2017,10,0,0,0.0,0,8
86,262935,2017,11,0,0,0.0,0,0
86,278196,2017,12,0,0,0.0,0,0
86,262312,2017,1,0,10000,0.0,0,0
86,297106,2018,2,0,0,0.0,0,0
86,303167,2018,3,0,0,0.0,0,0
86,344607,2018,7,0,0,0.0,0,8
86,357959,2018,10,0,0,0.0,0,0
86,361066,2018,11,0,0,0.0,0,0
86,361107,2018,12,0,0,0.0,0,0
87,13809,2017,18,5,11375,11375.0,0,0
87,17603,2018,3,5,2815,2815.0,0,0
87,27695,2018,1,5,7300,7300.0,564,91
87,47694,2018,8,4,4336,4336.0,720,0
87,50985,2017,4,3,4032,4032.0,0,0
87,60606,2018,7,3,7108,7108.0,544,100
87,68335,2018,9,3,4075,4075.0,0,0
87,80404,2018,3,3,601,601.0,0,8
87,100265,2017,10,2,1806,1806.0,568,8
87,110266,2018,5,2,7365,7365.0,0,0
87,127665,2018,6,2,4608,78608.0,0,8
87,165801,2018,1,1,601,901.0,526,0
87,176063,2018,12,1,738,738.0,0,141
87,156183,2018,1,1,1378,1378.0,0,71
87,169843,2017,1,1,907,908.0,0,0
87,169883,2018,1,1,761,761.0,0,0
87,247802,2017,8,0,5,5.0,8,0
87,200639,2017,2,0,0,0.0,0,0
87,267694,2017,9,0,0,0.0,0,0
87,305769,2018,2,0,0,0.0,527,0
87,311287,2018,3,0,0,0.0,0,0
87,346390,2018,11,0,0,0.0,0,0
87,360906,2018,11,0,0,0.0,7,0
87,362167,2018,12,0,0,0.0,500,0
88,4615,2018,6,6,14330,14330.0,529,91
88,8828,2017,3,5,5115,5115.0,0,0
88,803,2017,6,5,4640,4640.0,0,0
88,25866,2017,7,4,7301,7301.0,0,0
88,7303,2018,1,5,17334,7334.0,0,0
88,2106,2017,8,0,0,0.0,0,0
88,1261,2017,2,0,0,0.0,0,0
88,1885,2018,7,20,0,0.0,0,0
88,116,2017,2,0,0,0.0,0,0
88,7675,2017,3,0,0,0.0,0,0
88,182,2017,4,0,0,0.0,0,0
88,58708,2017,8,0,0,0.0,0,0
88,207488,2018,2,0,0,0.0,0,0
88,207895,2017,3,0,0,0.0,0,0
88,210804,2017,11,0,0,0.0,0,0
88,209891,2018,1,0,0,0.0,0,0
88,207147,2018,4,0,0,0.0,555,6
88,217607,2018,4,0,0,0.0,0,0
88,220683,2018,5,0,0,0.0,0,0
88,217854,2018,8,0,0,0.0,524,0
88,227609,2018,5,0,0,0.0,2,0
88,237696,2018,10,0,0,0.0,0,0
88,260867,2018,11,0,0,0.0,0,0
88,262627,2018,12,0,0,0.0,535,8
89,7603,2017,3,5,4660,4960.0,0,0
89,3866,2017,8,8,7648,7648.0,0,0
89,7883,2017,1,0,0,0.0,596,88
89,406,2018,7,0,5,5.0,0,0
89,369,2018,7,0,0,0.0,0,0
89,899,2018,8,0,0,0.0,0,0
89,3107,2017,9,0,0,0.0,0,0
89,7432,2017,2,0,0,0.0,0,0
89,63,2018,3,0,0,0.0,0,0
89,796,2017,10,0,0,0.0,0,0
89,7100,2017,9,0,0,0.0,0,0
89,209876,2017,2,0,0,0.0,0,0
89,202846,2017,12,0,0,0.0,0,0
89,201135,2018,4,0,0,0.0,524,0
89,207163,2018,3,0,0,10000.0,0,0
90,8667,2018,8,6,11678,11678.0,0,0
90,2405,2018,9,5,4650,4650.0,0,0
90,2897,2017,8,6,4800,4800.0,0,0
90,7993,2017,7,5,8770,8770.0,0,0
90,25306,2017,7,4,4366,4366.0,597,8
90,65266,2018,12,3,4671,4671.0,547,0
90,65601,2017,2,3,4601,6601.0,0,0
90,92106,2017,1,3,4807,4807.0,4,0
90,102602,2017,10,2,2876,2876.0,800,8
90,100199,2017,11,2,4113,4113.0,427,0
90,104163,2017,2,2,4831,4831.0,0,0
90,100266,2018,3,2,4638,4638.0,0,0
90,210169,2018,1,2,2731,2731.0,4,100
90,300603,2018,3,0,0,0.0,0,0
90,307037,2018,10,0,0,0.0,0,0
90,318497,2018,4,0,0,0.0,0,0
90,301162,2018,5,0,0,0.0,0,0
90,320296,2018,6,0,0,0.0,0,0
90,346179,2018,7,0,0,0.0,0,0
90,350166,2018,8,0,0,0.0,0,0
90,350988,2018,9,0,0,0.0,524,0
90,363169,2018,1,0,0,0.0,0,0
90,360922,2018,6,0,0,0.0,538,100
90,367106,2018,10,0,0,0.0,0,0
91,17973,2018,7,5,4315,4315.0,400,3
91,27836,2018,6,4,2106,2106.0,4,100
91,57668,2018,11,3,2301,2301.0,0,6
91,68603,2018,9,3,1007,1007.0,524,8
91,62137,2018,12,3,4377,4377.0,0,0
91,69169,2018,11,3,4808,4808.0,0,1
91,62865,2018,1,3,1307,1307.0,0,0
91,86804,2018,1,3,4636,4636.0,0,0
91,98867,2017,3,2,4387,4387.0,594,8
91,107165,2018,11,2,4823,4823.0,538,0
91,101106,2018,11,2,4888,4888.0,560,59
91,101103,2017,12,2,4376,4376.0,524,8
91,101856,2018,8,6,4648,4948.0,0,0
91,102892,2017,2,2,3711,3711.0,9,8
91,105501,2018,11,1,603,603.0,0,0
91,153064,2018,3,1,2871,2871.0,0,0
91,190307,2017,4,0,0,0.0,4,103
91,190401,2017,2,0,0,0.0,7,8
91,204606,2017,4,0,0,0.0,0,0
91,200007,2018,3,0,0,0.0,0,0
91,207869,2018,2,0,0,0.0,0,0
91,202203,2018,3,0,0,0.0,594,0
91,204750,2018,5,0,0,0.0,0,0
91,200952,2018,19,0,0,0.0,0,8
92,18426,2018,8,5,7305,7305.0,0,0
92,22821,2018,12,4,4309,4309.0,0,0
92,60765,2018,8,3,4007,4007.0,0,0
92,67838,2018,6,3,3606,3606.0,7,100
92,60669,2018,7,3,4351,4351.0,528,100
92,162106,2018,10,1,681,681.0,520,91
92,166505,2018,11,1,933,933.0,0,0
92,167867,2018,12,1,2388,2388.0,0,0
92,65105,2017,11,1,2231,2231.0,0,0
92,147202,2018,2,1,836,836.0,0,0
92,165466,2018,1,1,721,721.0,428,0
92,167886,2018,1,1,887,887.0,0,0
92,180805,2017,1,0,0,0.0,0,0
92,195856,2017,3,0,0,0.0,0,0
92,190002,2017,4,0,0,0.0,0,0
92,190061,2017,3,0,0,0.0,0,0
92,227639,2017,5,0,0,0.0,0,0
92,230196,2017,7,0,0,0.0,0,0
92,200003,2018,3,0,0,0.0,0,0
92,201836,2018,1,0,0,0.0,0,0
92,200067,2018,4,0,0,0.0,0,103
92,200101,2018,4,0,0,0.0,0,0
92,300560,2018,6,0,0,0.0,0,0
92,309067,2018,12,0,0,0.0,0,0
93,12643,2018,8,5,14470,14470.0,0,0
93,17866,2018,8,5,7367,7367.0,0,0
93,18817,2018,7,5,4685,4685.0,0,0
93,17766,2018,1,5,5608,5608.0,500,88
93,26664,2017,5,5,4608,4608.0,590,81
93,37866,2017,6,4,7376,7376.0,500,0
93,44264,2018,8,2,4366,4366.0,0,0
93,55865,2017,2,3,4607,4607.0,0,0
93,65086,2018,3,3,2387,2387.0,0,0
93,137843,2018,12,2,4231,40231.0,0,1
93,148903,2017,11,1,801,801.0,398,100
93,154946,2017,12,1,606,606.0,591,0
93,165426,2018,8,1,338,38.0,0,71
93,165076,2018,2,1,821,821.0,0,0
93,164106,2018,10,1,707,707.0,0,0
93,164862,2018,11,1,816,816.0,0,0
93,162832,2018,5,1,1403,1403.0,508,103
93,164864,2018,10,1,1003,3.0,0,0
93,162606,2018,1,1,706,736.0,507,0
93,162366,2018,9,1,606,700.0,0,0
93,160877,2018,9,1,831,606.0,0,0
93,165365,2018,10,0,676,6.0,0,1
93,362869,2018,12,0,0,700.0,337,0
93,300112,2018,11,0,0,0.0,594,1
94,2106,2017,8,6,10600,10600.0,0,0
94,57886,2018,12,3,2196,2196.0,600,0
94,83883,2018,1,3,2897,2897.0,0,0
94,127607,2018,9,2,2300,2300.0,587,141
94,182749,2018,11,0,0,0.0,0,8
94,197106,2017,2,0,0,0.0,344,96
94,197890,2017,3,0,0,0.0,0,0
94,187853,2017,1,0,0,0.0,0,0
94,184883,2017,2,0,0,0.0,0,0
94,192380,2017,4,0,0,0.0,0,0
94,197105,2017,3,0,0,0.0,0,0
94,190136,2017,5,0,0,0.0,0,0
94,197057,2018,1,0,0,0.0,0,0
94,197466,2018,2,0,0,0.0,0,0
94,200625,2017,3,0,0,0.0,0,0
94,206503,2018,4,0,0,0.0,0,0
94,207163,2018,5,0,0,0.0,0,0
94,207105,2018,7,0,0,0.0,0,0
94,216125,2018,6,0,0,0.0,0,0
94,221672,2017,5,0,0,0.0,0,0
94,237197,2018,6,0,0,0.0,0,0
94,246163,2018,8,0,0,0.0,0,0
94,245803,2017,11,0,0,0.0,0,0
94,255862,2018,12,0,0,0.0,0,0
95,146782,2018,11,1,2607,2607.0,395,91
95,182396,2017,1,0,0,0.0,0,0
95,100699,2017,2,0,0,0.0,0,0
95,190806,2017,2,0,0,0.0,0,0
95,204603,2017,3,0,0,0.0,597,0
95,213826,2017,4,0,0,0.0,0,0
95,224008,2017,6,0,0,0.0,0,0
95,235956,2017,7,0,0,0.0,0,0
95,230402,2017,8,0,0,0.0,0,0
95,235169,2017,9,0,0,0.0,0,0
95,240603,2017,8,0,0,0.0,0,0
95,257197,2017,11,0,0,0.0,0,0
95,261808,2017,12,0,0,0.0,0,0
95,223186,2017,11,0,10000,0.0,0,0
95,235108,2017,2,0,0,0.0,0,0
95,267806,2017,12,0,0,0.0,0,0
95,265178,2017,11,0,0,0.0,0,0
95,290287,2018,1,0,0,0.0,500,0
95,302629,2018,2,0,0,0.0,0,0
95,325609,2018,5,0,0,0.0,597,0
95,353506,2018,10,0,0,0.0,597,0
95,366696,2018,10,0,0,0.0,501,0
95,367867,2018,5,0,0,0.0,0,0
95,360237,2018,11,0,0,0.0,0,98
96,19305,2017,8,5,4875,4875.0,591,90
96,45801,2018,9,4,4936,4936.0,327,71
96,43807,2018,2,4,300,300.0,526,93
96,40881,2018,11,4,4686,4686.0,0,8
96,62863,2018,12,3,5787,5787.0,0,8
96,67803,2018,2,3,1607,1607.0,591,3
96,85963,2018,6,3,2731,2731.0,726,0
96,107007,2017,11,2,3806,3806.0,594,60
96,107482,2017,11,2,4867,4867.0,528,8
96,107662,2018,1,2,4116,4116.0,0,99
96,155859,2017,12,1,747,747.0,0,0
96,107865,2017,11,2,1386,1386.0,0,9
96,165561,2018,3,1,1948,1948.0,500,0
96,167683,2018,7,0,0,0.0,0,0
96,201812,2017,2,0,0,0.0,0,1
96,217104,2017,2,0,0,0.0,0,0
96,225209,2017,4,0,0,0.0,524,0
96,235635,2017,8,0,0,0.0,0,0
96,257090,2017,9,0,0,0.0,0,0
96,265207,2017,9,0,0,0.0,0,0
96,260263,2018,6,0,0,0.0,537,8
96,263105,2017,11,0,0,0.0,500,6
96,260183,2017,12,0,0,0.0,0,0
96,280663,2018,12,0,0,0.0,0,0
97,183626,2017,1,0,0,0.0,0,0
97,195493,2017,2,0,0,0.0,0,0
97,97757,2017,3,0,0,0.0,0,0
97,197106,2017,4,0,0,0.0,0,0
97,208606,2017,5,0,0,0.0,0,0
97,250106,2017,6,0,0,0.0,7,0
97,262186,2017,7,0,0,0.0,0,0
97,267695,2017,9,0,0,0.0,0,0
97,275106,2017,11,0,0,0.0,0,0
97,260136,2017,12,0,0,0.0,0,0
97,273168,2017,11,0,0,0.0,0,0
97,200203,2017,12,0,0,0.0,0,0
97,200806,2018,1,0,0,0.0,0,0
97,200667,2018,2,0,0,0.0,0,0
97,207203,2018,3,0,0,0.0,0,0
97,207275,2018,4,0,0,0.0,0,0
97,208244,2018,3,0,0,0.0,0,0
97,317427,2018,5,0,0,0.0,0,0
97,327669,2018,7,0,0,0.0,0,0
97,320906,2018,6,0,0,0.0,500,0
97,356602,2018,8,0,0,0.0,0,0
97,353463,2018,9,0,0,0.0,0,0
97,367686,2018,11,0,737,0.0,0,0
97,362801,2018,12,0,0,0.0,0,1
98,90865,2018,8,8,10748,22748.0,0,0
98,23193,2018,5,4,7327,7327.0,0,0
98,40805,2018,12,4,30826,10826.0,0,0
98,40409,2018,11,4,7207,7207.0,0,0
98,46846,2018,10,4,4036,4036.0,567,8
98,87803,2018,11,3,4716,4716.0,524,109
98,97833,2017,2,1,711,711.0,0,0
98,90608,2017,9,0,0,0.0,0,0
98,190606,2018,2,0,0,0.0,0,0
98,190476,2018,1,0,0,0.0,0,1
98,190827,2018,12,0,0,0.0,0,0
98,190010,2017,3,0,0,0.0,0,0
98,206892,2018,6,0,600,0.0,0,0
98,207883,2017,2,0,0,0.0,0,0
98,200774,2018,11,0,0,0.0,0,0
98,200802,2018,3,0,0,0.0,0,0
98,205099,2017,3,0,0,0.0,0,0
98,200660,2018,4,0,0,0.0,0,0
98,200867,2018,3,0,0,0.0,0,0
98,205805,2018,7,0,0,0.0,0,0
98,255806,2017,8,0,0,0.0,520,8
98,267899,2018,11,0,0,0.0,0,0
98,60306,2017,11,0,0,0.0,594,3
98,205803,2018,12,0,0,0.0,0,8
99,2371,2017,6,6,10817,16817.0,577,93
99,17167,2018,7,5,5880,5880.0,4,100
99,10863,2018,8,5,5645,5645.0,592,90
99,12608,2018,7,5,4805,4805.0,507,96
99,7505,2017,9,5,10906,906.0,590,0
99,2608,2017,6,5,7607,7607.0,0,8
99,2830,2017,9,5,4306,4306.0,0,100
99,6836,2017,2,2,4286,4386.0,0,1
99,2466,2017,3,5,2200,2200.0,0,0
99,3692,2017,11,6,4586,4586.0,0,0
99,3165,2017,2,2,4341,4341.0,0,0
99,3633,2017,11,3,1891,1891.0,0,1
99,865,2018,1,2,3700,3300.0,0,0
99,4666,2018,2,3,2316,2316.0,0,0
99,4806,2018,5,0,0,0.0,0,0
99,7106,2018,9,0,0,0.0,0,0
99,1546,2018,12,0,0,0.0,0,0
99,1862,2017,11,0,0,0.0,0,0
99,5106,2018,2,0,0,0.0,0,0
99,1823,2017,4,0,0,0.0,0,1
99,661,2018,5,0,0,0.0,528,1
99,60866,2018,10,0,0,0.0,7,100
99,62606,2018,11,0,0,0.0,0,5
99,90316,2018,12,0,0,0.0,0,0
100,182076,2017,1,0,0,0.0,0,0
100,197661,2017,2,0,0,0.0,0,0
100,190603,2017,3,0,0,0.0,0,0
100,196106,2017,4,0,0,0.0,0,0
100,190607,2017,2,0,0,0.0,524,0
100,197828,2018,3,0,0,0.0,0,0
100,190676,2017,5,0,0,0.0,0,0
100,201307,2017,6,0,0,0.0,0,0
100,200896,2017,9,0,0,0.0,0,0
100,207883,2017,7,0,0,0.0,0,0
100,205506,2017,8,0,0,0.0,0,0
100,200183,2017,6,0,0,0.0,0,0
100,207297,2018,2,0,0,0.0,0,0
100,208866,2018,9,0,0,0.0,0,0
100,200655,2017,3,0,0,0.0,0,0
100,200656,2018,4,0,0,0.0,0,0
100,200703,2018,8,0,0,0.0,0,0
100,252026,2018,2,0,0,0.0,0,0
100,262674,2018,8,0,0,0.0,0,0
100,272685,2018,9,0,0,0.0,0,0
100,251707,2018,9,0,0,0.0,0,0
100,300601,2018,12,0,0,0.0,0,90
100,300605,2018,11,0,0,0.0,0,0
100,305898,2018,12,0,0,0.0,0,0
100,300107,2018,1,0,0,0.0,0,0
100,347194,2018,4,0,0,0.0,0,0
100,367660,2018,5,0,0,0.0,0,0
100,300603,2018,7,0,0,0.0,0,0
100,347106,2018,3,0,0,0.0,0,0
100,323304,2018,3,0,0,0.0,0,0
100,315893,2018,2,0,0,0.0,0,0
100,317606,2018,4,0,3,0.0,0,0
100,300604,2018,1,0,0,0.0,0,0
100,302293,2018,2,0,0,0.0,531,0
100,340603,2018,2,0,0,0.0,2,0
100,300897,2018,8,0,0,0.0,0,0
100,352106,2018,7,0,0,0.0,0,0
100,337880,2018,8,0,0,0.0,0,0
100,346906,2018,6,0,0,0.0,0,0
100,362606,2018,1,0,0,0.0,0,0
100,367185,2018,5,0,0,0.0,0,0
100,357147,2018,1,0,0,0.0,0,0
100,356609,2018,12,0,0,0.0,524,0
100,351405,2018,2,0,0,0.0,0,0
100,360166,2018,11,0,0,0.0,0,0
100,347884,2018,9,0,0,0.0,0,0
100,390705,2018,9,0,0,0.0,7,0
100,337387,2018,12,0,0,0.0,0,0
101,45106,2018,1,4,3768,3768.0,0,0
101,47194,2018,8,4,1796,1796.0,547,104
101,50623,2017,4,3,3421,3421.0,819,71
101,53865,2017,7,3,3601,3601.0,0,1
101,62893,2017,2,3,3337,3337.0,0,0
101,67602,2018,3,3,6301,6301.0,0,0
101,112402,2018,7,2,3805,3825.0,0,0
101,127987,2018,11,2,2308,2308.0,0,0
101,193109,2018,2,1,867,867.0,0,0
101,165101,2018,5,1,801,801.0,593,0
101,169634,2018,6,1,697,697.0,0,1
101,163766,2018,9,1,2031,2031.0,4,0
101,163994,2018,8,1,717,717.0,526,91
101,173183,2017,11,1,2381,2381.0,594,0
101,176434,2018,11,1,10711,711.0,0,0
101,182567,2017,1,0,0,0.0,597,8
101,215689,2017,2,0,0,0.0,0,0
101,240801,2017,8,0,0,0.0,0,0
101,257119,2017,9,0,0,0.0,0,8
101,262152,2017,11,0,0,0.0,0,0
101,267197,2017,12,0,0,0.0,0,0
101,227606,2017,11,0,0,0.0,538,101
101,263363,2018,11,0,0,0.0,1,0
101,284112,2018,12,0,0,0.0,0,0
101,265264,2017,4,0,0,0.0,0,0
101,245656,2018,12,0,0,0.0,500,0
101,237407,2017,10,0,0,0.0,0,91
101,207607,2017,12,0,0,0.0,0,8
101,290063,2017,6,0,0,0.0,500,1
101,237852,2018,3,0,0,0.0,528,0
101,215294,2017,8,0,0,0.0,0,6
101,220983,2017,1,0,1,0.0,0,0
101,248106,2017,5,0,0,0.0,9,0
101,260106,2017,2,0,0,0.0,0,0
101,237067,2017,12,0,0,0.0,0,0
101,250465,2017,8,0,0,0.0,0,0
101,261605,2018,2,0,0,0.0,0,8
101,200990,2018,12,0,0,0.0,0,0
101,237183,2018,1,0,0,0.0,0,51
101,269732,2017,3,0,1,0.0,0,8
101,257867,2017,12,0,0,0.0,590,0
101,237193,2017,11,0,0,0.0,0,0
101,262625,2017,12,0,0,0.0,0,0
101,267096,2018,11,0,8,0.0,0,0
101,322804,2018,12,0,0,0.0,0,8
101,320296,2018,3,0,0,10000.0,0,0
101,360666,2018,9,0,0,0.0,0,0
101,377851,2018,12,0,0,0.0,0,0
102,15825,2018,5,5,5605,5605.0,392,121
102,27999,2018,6,4,1336,1336.0,8,0
102,38461,2017,5,4,10638,10638.0,0,0
102,44865,2018,8,4,7308,7308.0,0,0
102,53486,2017,8,3,4437,6437.0,0,0
102,67696,2017,6,3,4806,4806.0,0,0
102,67667,2018,12,3,4145,4145.0,0,8
102,160866,2018,4,3,2838,2838.0,0,0
102,104226,2017,11,2,2481,2481.0,0,0
102,207802,2017,10,2,4008,4008.0,535,0
102,205833,2017,2,3,4006,4006.0,524,3
102,207802,2017,11,8,3618,3618.0,598,1
102,200866,2017,5,0,0,0.0,0,0
102,200809,2018,8,0,0,0.0,0,0
102,212103,2018,9,0,0,0.0,0,0
102,222896,2017,6,0,0,0.0,0,8
102,266866,2017,12,0,0,0.0,0,0
102,262280,2017,1,0,0,0.0,0,8
102,260600,2017,11,0,0,0.0,0,0
102,263105,2017,12,0,0,0.0,0,0
102,260606,2018,7,0,0,0.0,0,8
102,287396,2018,11,0,0,0.0,0,0
102,65607,2017,11,0,8,0.0,0,0
102,280766,2018,12,0,0,0.0,0,0
103,2386,2018,7,6,10620,10620.0,0,0
103,7967,2017,8,6,4632,4632.0,600,0
103,5842,2018,5,6,4800,4800.0,0,0
103,5691,2018,11,6,5306,5306.0,0,0
103,823,2017,6,7,4203,4203.0,0,0
103,7195,2017,4,1,828,828.0,0,0
103,7199,2017,7,0,0,0.0,8,100
103,1866,2018,1,0,0,0.0,0,0
103,104637,2017,3,0,0,0.0,0,0
103,102381,2017,7,0,0,0.0,0,1
103,100163,2017,8,0,0,0.0,0,0
103,105103,2017,3,0,0,0.0,0,0
103,200494,2017,9,0,0,0.0,0,0
103,216105,2018,2,0,0,0.0,0,0
103,217106,2018,2,0,0,0.0,0,0
103,210905,2018,3,0,0,0.0,0,1
103,227166,2018,5,0,0,0.0,0,0
103,236866,2017,6,0,0,0.0,524,8
103,248166,2018,8,0,0,0.0,2,0
103,250153,2018,8,0,0,0.0,0,0
103,264132,2018,9,0,0,0.0,0,0
103,267801,2017,10,0,0,0.0,0,0
103,260920,2018,12,0,0,0.0,0,0
103,282884,2018,12,0,0,0.0,0,0
104,188660,2017,2,8,10826,10826.0,0,0
104,125866,2018,12,2,1806,1806.0,0,0
104,168221,2018,11,1,921,921.0,0,0
104,182507,2017,1,0,0,0.0,0,0
104,197663,2017,2,0,0,0.0,0,0
104,197106,2017,3,0,0,0.0,0,8
104,207001,2017,4,0,0,0.0,0,0
104,207167,2017,5,0,0,0.0,0,1
104,207164,2017,6,0,0,0.0,0,0
104,204104,2017,7,0,0,0.0,0,0
104,207843,2017,8,0,0,0.0,0,0
104,207286,2017,3,0,0,0.0,0,0
104,207187,2017,1,0,0,0.0,0,0
104,202894,2017,6,0,0,0.0,0,0
104,262806,2017,9,0,0,0.0,0,0
104,260106,2017,12,0,0,0.0,0,0
104,267863,2018,2,0,0,0.0,0,0
104,261693,2017,11,0,0,0.0,0,0
104,264893,2018,8,0,0,0.0,0,5
104,268601,2017,11,0,0,0.0,4,0
104,267666,2018,5,0,0,0.0,0,0
104,363807,2018,10,0,0,0.0,591,0
104,379609,2018,11,12,0,0.0,0,8
104,360364,2018,12,0,0,0.0,0,0
105,5093,2018,7,6,7371,7371.0,0,0
105,7168,2017,7,9,4871,4871.5,519,128
105,2803,2018,3,6,10376,10376.0,504,95
105,15496,2018,8,5,7385,7385.0,0,1
105,27186,2018,6,4,7702,7702.0,528,6
105,47966,2018,9,4,3708,3708.0,0,1
105,52508,2018,2,3,3602,3602.0,0,0
105,61883,2017,1,3,4328,4328.0,0,0
105,60881,2017,2,3,1886,1886.0,0,6
105,100180,2017,11,3,5936,5936.0,524,1
105,107823,2018,7,2,4377,4377.0,591,8
105,105663,2017,12,2,4861,4361.0,0,0
105,103386,2018,10,2,2006,2006.0,0,0
105,109105,2017,11,2,3307,3307.0,0,0
105,100604,2017,2,2,4647,4647.0,380,71
105,101223,2018,12,2,4330,4390.0,0,0
105,100306,2018,3,2,2055,2055.0,523,0
105,107682,2018,4,1,706,706.0,0,0
105,167863,2018,3,1,1876,1496.0,598,0
105,166894,2018,5,1,836,876.0,0,0
105,307372,2018,8,0,0,0.0,0,1
105,306106,2018,11,0,0,0.0,8,1
105,300606,2017,11,0,0,0.0,500,0
105,320665,2018,2,0,0,0.0,524,8
106,50666,2018,12,3,4107,4107.0,0,0
106,110864,2018,12,2,3427,3427.0,0,100
106,127963,2017,8,2,3688,3682.0,501,93
106,167103,2018,11,1,626,626.0,0,0
106,162668,2018,9,1,2138,2138.0,588,0
106,303806,2017,1,0,0,0.0,0,0
106,300509,2017,3,0,0,0.0,0,0
106,321609,2017,6,0,0,0.0,0,0
106,327133,2017,2,0,0,0.0,0,0
106,325867,2017,7,0,0,0.0,0,0
106,327606,2017,1,0,0,0.0,0,2
106,325805,2017,5,0,0,0.0,0,0
106,327155,2017,8,0,0,0.0,0,1
106,322463,2017,6,0,0,0.0,0,0
106,347123,2018,1,0,0,0.0,0,0
106,320003,2018,4,0,0,0.0,500,0
106,327002,2018,6,0,0,0.0,0,0
106,367886,2018,2,0,0,0.0,0,0
106,323195,2018,4,0,0,0.0,0,0
106,327106,2018,2,0,0,0.0,0,0
106,337662,2018,7,0,0,0.0,561,1
106,347606,2018,11,0,0,0.0,0,0
106,357106,2018,10,0,0,0.0,0,78
106,385964,2018,12,0,0,0.0,0,9
107,602,2018,7,4,3706,3706.0,597,101
107,4193,2018,7,6,14106,16106.0,0,0
107,7406,2017,5,5,3335,3332.0,324,98
107,9503,2018,2,5,10635,635.0,596,98
107,17903,2018,1,5,10647,647.0,1,121
107,25866,2017,3,4,166,166.0,0,0
107,50106,2018,8,3,2286,2286.0,0,0
107,61673,2018,8,3,7618,7618.0,0,6
107,67154,2018,6,3,7881,7881.0,0,0
107,60687,2017,7,3,2206,2206.0,521,0
107,64623,2018,8,3,4281,4281.0,0,0
107,62606,2017,12,3,2486,2486.0,500,0
107,100965,2018,11,2,4806,4806.0,594,0
107,115007,2018,2,2,4456,4456.0,0,8
107,106809,2017,12,2,2838,2838.0,334,111
107,100559,2017,10,2,2661,2691.0,0,8
107,154609,2018,1,1,600,600.0,505,0
107,167089,2018,10,1,10637,637.0,0,4
107,165105,2018,1,1,2401,2420.0,0,0
107,195806,2017,2,0,0,5.0,517,148
107,201101,2018,3,0,0,0.0,0,0
107,206603,2017,12,0,0,0.0,0,95
107,203106,2017,1,0,0,0.0,564,0
107,202416,2017,12,0,0,0.0,661,100
108,6991,2017,8,6,14800,14800.0,0,0
108,7035,2018,7,6,4896,4896.0,554,98
108,17963,2018,6,5,15805,15805.0,500,0
108,24806,2018,12,5,10685,10685.0,0,8
108,14004,2017,5,5,5636,5636.0,500,0
108,50474,2017,8,3,4002,4002.0,655,8
108,51465,2017,2,3,1316,1316.0,0,0
108,62106,2018,8,3,4847,4849.0,0,0
108,60206,2018,5,3,837,837.0,0,0
108,60447,2018,9,3,2332,2332.0,4,103
108,61883,2018,2,3,4602,4602.0,0,0
108,61324,2018,6,3,2309,2309.0,0,0
108,61406,2018,9,3,1871,1871.0,0,0
108,90143,2018,1,1,1815,1815.0,4,0
108,97104,2017,2,1,1876,1876.0,595,0
108,160803,2018,3,0,0,0.0,0,8
108,167808,2018,4,0,0,0.0,0,0
108,262802,2017,11,0,0,0.0,0,0
108,260891,2017,11,0,0,0.0,0,0
108,230823,2018,2,0,0,0.0,529,0
108,267606,2018,5,0,0,0.0,0,8
108,267003,2018,10,0,0,0.0,524,8
108,202529,2017,11,0,0,0.0,0,0
108,260677,2018,12,0,0,0.0,594,8
109,7793,2017,3,5,4830,4830.0,570,74
109,7972,2017,8,5,3365,3365.0,500,101
109,62868,2018,11,3,4761,4761.0,0,0
109,67805,2017,6,3,2809,2809.0,500,2
109,67838,2018,1,3,4483,6483.0,0,0
109,60679,2018,7,3,4031,4031.0,0,0
109,69847,2018,9,3,4338,4338.0,0,0
109,95416,2017,2,3,4301,14301.0,500,0
109,90102,2018,8,2,4108,4108.0,0,0
109,108806,2017,9,2,4167,4167.0,0,0
109,100665,2018,2,2,3603,3603.0,0,0
109,115806,2018,3,2,3721,3721.0,0,0
109,117186,2018,1,2,3393,3393.0,0,0
109,169693,2018,5,1,2306,2306.0,517,93
109,162601,2018,1,1,10936,936.0,594,0
109,167161,2018,6,1,901,901.0,624,2
109,163506,2018,12,1,2803,2803.0,517,108
109,163163,2018,11,1,2223,3998.0,500,8
109,162103,2018,10,1,605,5.0,7,1
109,169560,2018,1,1,727,405.0,4,0
109,369822,2018,1,0,0,0.0,0,1
109,360103,2018,2,1,10000,0.0,520,0
109,367865,2018,10,0,0,0.0,0,1
109,361195,2018,11,0,0,0.0,597,100
110,7967,2017,3,5,10840,10840.0,0,0
110,47262,2018,7,4,4611,4611.0,0,0
110,40407,2018,8,4,4317,4317.5,320,80
110,47105,2018,9,4,4008,4008.0,0,0
110,47666,2017,1,4,8671,8671.0,544,8
110,40876,2018,1,3,5641,5641.0,547,98
110,65264,2017,2,3,4206,4206.0,0,0
110,67005,2018,11,3,3821,3821.0,4,8
110,60319,2018,11,3,2826,2826.0,331,0
110,90869,2018,11,3,1206,1206.0,0,0
110,90683,2017,2,3,5806,5806.0,0,0
110,90103,2017,2,3,24346,4346.0,0,0
110,100664,2018,8,2,2291,2291.0,0,0
110,100669,2017,2,2,4936,4936.0,0,0
110,105173,2017,3,2,4112,4112.0,0,0
110,109967,2018,5,2,4029,4029.0,500,0
110,117163,2017,11,0,0,0.0,4,1
110,210167,2018,2,0,0,0.0,0,8
110,227673,2018,6,0,0,0.0,0,0
110,340679,2018,7,0,0,0.0,0,0
110,357609,2018,8,0,0,0.0,0,0
110,320069,2018,10,0,0,0.0,0,0
110,305560,2018,1,0,0,0.0,0,0
110,300167,2018,1,0,0,0.0,524,0
111,1463,2017,7,7,11821,11821.0,0,0
111,3806,2017,8,6,12626,12626.0,9,0
111,66,2017,6,6,5888,5881.0,0,0
111,7686,2018,8,5,10805,10805.0,0,0
111,3399,2017,7,6,10808,808.0,0,0
111,7646,2017,12,6,2006,2006.0,500,71
111,7334,2018,3,6,5807,5807.0,547,0
111,7360,2017,6,5,4147,4147.0,0,0
111,106,2018,8,0,0,0.0,4,0
111,7363,2018,4,0,0,0.0,0,8
111,7283,2017,9,0,0,0.0,0,0
111,17413,2017,12,0,0,0.0,0,0
111,37806,2018,6,0,0,0.0,0,0
111,34396,2018,1,0,0,0.0,0,0
111,45943,2018,9,0,0,0.0,0,8
111,50867,2017,10,0,0,0.0,0,0
111,60666,2018,3,0,0,0.0,0,0
111,67517,2017,10,0,0,0.0,0,0
111,65506,2018,1,0,0,0.0,0,0
111,150363,2018,8,0,0,0.0,0,0
111,60800,2018,9,0,0,0.0,0,0
111,68862,2018,10,0,0,0.0,392,0
111,77868,2018,11,0,0,0.0,526,148
111,183665,2018,12,0,0,0.0,0,1
112,7899,2018,8,5,10705,10705.0,0,0
112,5966,2018,1,5,3305,3305.0,597,98
112,1819,2018,7,6,3841,3841.0,500,92
112,4833,2018,2,5,3600,3600.0,4,0
112,2831,2017,7,0,0,0.0,500,0
112,92401,2017,3,0,0,0.0,591,41
112,806,2017,4,0,0,0.0,8,0
112,140804,2017,9,0,0,0.0,0,8
112,155506,2017,6,0,0,0.0,664,108
112,194503,2017,10,0,0,0.0,0,0
112,195606,2017,12,0,0,0.0,530,2
112,202608,2017,12,0,0,0.0,0,0
112,292895,2018,1,0,0,0.0,0,0
112,208934,2018,2,0,0,0.0,0,0
112,207873,2017,10,0,0,0.0,0,0
112,201007,2018,3,0,0,0.0,0,0
112,205606,2018,8,0,0,0.0,0,0
112,215165,2018,1,0,0,0.0,0,0
112,237208,2018,12,0,0,0.0,0,0
112,250607,2018,1,0,0,0.0,0,0
112,250507,2018,8,0,0,0.0,0,0
112,367686,2018,11,0,0,0.0,0,0
112,313109,2018,10,0,0,0.0,0,0
112,367606,2018,12,0,0,0.0,0,0
113,4801,2017,6,6,5826,5826.0,508,0
113,5503,2018,5,17,10700,10700.0,0,0
113,1655,2018,8,5,10625,10625.0,0,0
113,7166,2018,12,5,10935,10935.0,520,0
113,2163,2017,9,6,11386,1386.0,0,0
113,9506,2018,8,5,8105,17105.0,0,0
113,24906,2017,9,4,5816,5816.0,0,0
113,40002,2018,2,4,7300,7300.0,0,0
113,59131,2017,4,3,2077,2077.0,524,88
113,60106,2017,12,3,7808,7808.0,0,3
113,64106,2017,11,3,1687,1687.0,0,0
113,162836,2017,8,1,921,921.0,0,0
113,160103,2018,7,1,696,696.0,0,0
113,195803,2017,2,0,0,0.0,0,0
113,207203,2017,6,0,0,0.0,0,0
113,190056,2018,3,0,0,0.0,0,0
113,207500,2018,4,0,0,0.0,0,0
113,226190,2018,12,0,0,0.0,0,0
113,264664,2018,7,0,0,0.0,4,100
113,260805,2018,1,0,0,0.0,0,0
113,358802,2018,8,0,0,0.0,4,0
113,367807,2018,10,0,0,0.0,0,6
113,367606,2018,11,0,0,0.0,0,0
113,302087,2018,12,0,0,0.0,0,0
113,367103,2018,11,0,0,0.0,0,8
113,367106,2018,11,0,0,0.0,8,126
113,360785,2018,11,0,0,20000.0,0,0
113,327700,2018,2,0,0,0.0,0,0
113,307603,2018,12,0,0,0.0,591,0
113,369407,2018,3,0,0,0.0,0,0
113,325801,2018,11,0,0,0.5,537,100
113,360396,2018,1,0,0,0.0,0,0
113,352696,2018,2,0,0,0.0,0,0
113,342364,2018,2,0,0,0.0,584,0
113,300767,2018,11,0,0,0.0,0,0
113,301872,2018,3,0,0,0.0,0,0
113,360604,2018,1,0,0,0.0,594,0
113,357818,2018,12,0,0,0.0,0,8
113,325666,2018,2,0,0,0.0,0,0
113,330991,2018,7,0,0,0.0,0,0
113,362642,2018,1,0,0,0.0,7,0
113,337279,2018,1,0,0,0.0,0,0
113,367966,2018,11,0,0,0.0,0,0
113,360082,2018,8,0,0,0.0,0,0
113,360602,2018,12,0,0,0.0,0,0
113,361126,2018,4,0,0,0.0,0,0
113,360504,2018,11,0,0,0.0,0,0
113,347805,2018,12,0,0,0.0,0,0
114,12267,2017,7,5,3345,3345.0,608,8
114,124606,2018,4,2,3106,3106.0,0,0
114,140296,2018,11,1,2825,2825.0,0,0
114,166606,2018,2,1,1721,1721.0,0,0
114,160602,2018,11,1,946,946.0,0,0
114,166108,2018,10,1,901,901.0,500,0
114,164476,2018,8,1,931,931.0,568,98
114,337268,2017,2,0,0,0.0,507,0
114,307667,2017,3,0,0,0.0,0,0
114,300186,2017,6,0,0,0.0,6,1
114,358026,2018,6,0,0,0.0,0,0
114,361609,2017,1,0,0,0.0,0,0
114,374167,2018,1,0,0,0.0,0,0
114,300808,2018,2,0,0,0.0,0,0
114,350105,2018,10,0,0,0.0,500,0
114,365125,2018,9,0,0,0.0,0,0
114,322606,2018,5,0,0,0.0,0,0
114,334341,2018,7,0,0,0.0,0,0
114,352813,2018,2,0,0,0.0,0,0
114,350807,2018,3,0,0,0.0,0,100
114,361105,2018,4,0,0,0.0,0,0
114,360877,2018,9,0,0,0.0,500,0
114,360867,2018,11,0,0,0.0,530,0
114,367186,2018,12,0,0,0.0,4,0
115,5465,2018,7,6,4105,4105.0,0,0
115,2686,2017,5,6,10316,10316.0,0,0
115,12867,2018,2,5,8445,8445.0,0,5
115,22670,2017,3,4,9035,9035.0,0,0
115,37669,2018,6,4,8648,8648.0,334,91
115,45291,2018,7,3,4603,4603.0,0,0
115,57863,2018,1,3,5300,5300.0,0,0
115,60117,2017,8,3,1921,1921.0,536,100
115,67607,2018,2,3,2304,2304.0,0,0
115,124163,2018,9,2,4609,4609.0,0,9
115,127606,2018,11,2,4728,4728.0,0,5
115,165176,2018,10,1,601,601.0,694,107
115,165806,2018,1,1,38,38.0,595,0
115,167866,2018,1,1,996,996.0,0,8
115,162807,2018,10,1,781,781.0,0,0
115,162687,2018,11,1,2407,2407.0,590,8
115,317666,2018,4,0,0,0.0,564,100
115,329806,2018,6,0,0,0.0,0,0
115,367807,2018,1,0,0,0.0,0,0
115,335103,2018,7,0,11877,0.0,0,0
115,357853,2018,8,0,0,0.0,531,5
115,357606,2018,1,0,0,0.0,500,0
115,357295,2018,12,0,0,0.0,539,0
115,363602,2018,12,0,0,0.0,0,0
116,5955,2018,8,16,10740,10740.0,0,0
116,3118,2017,9,6,4226,4226.0,535,98
116,52666,2017,12,3,4135,4135.0,568,91
116,66188,2018,2,3,4127,4127.0,0,8
116,84699,2018,1,3,4386,4386.0,570,0
116,90171,2017,4,3,7328,7328.0,0,0
116,108829,2017,9,2,4802,4802.0,537,48
116,105204,2017,3,2,4306,4306.0,0,1
116,101652,2018,5,2,3807,13807.0,0,0
116,124208,2018,8,2,4077,4077.0,500,0
116,144166,2017,11,1,800,800.0,0,0
116,160105,2018,2,1,785,785.0,0,0
116,167164,2018,1,1,2409,2409.0,520,0
116,160134,2018,10,1,907,901.0,594,0
116,180466,2017,11,0,0,0.0,0,0
116,197233,2018,2,0,0,0.0,0,0
116,202442,2017,6,0,0,0.0,0,0
116,203676,2017,7,0,0,0.0,0,0
116,317863,2018,9,0,0,0.0,0,140
116,367406,2018,9,0,0,0.0,0,0
116,367106,2018,1,0,0,0.0,591,100
116,367660,2018,10,0,0,0.0,500,8
116,368863,2018,2,0,0,0.0,524,0
116,367896,2018,12,0,0,0.0,0,0
117,11193,2018,8,5,12380,12380.0,0,0
117,22667,2017,1,4,1360,1360.0,584,99
117,47739,2018,1,0,0,0.0,0,0
117,50166,2018,4,3,0,0.0,0,0
117,53165,2017,9,0,0,0.0,0,0
117,67695,2018,12,0,0,0.0,544,0
117,68987,2017,2,0,0,0.0,0,0
117,68603,2018,6,0,0,0.0,0,0
117,163167,2017,7,0,0,0.0,0,0
117,77786,2018,1,0,0,0.0,0,0
117,187107,2018,3,0,0,0.0,0,0
117,188856,2017,4,0,0,0.0,0,0
117,190866,2018,1,0,0,0.0,0,0
117,197103,2017,2,0,0,0.0,0,0
117,199203,2018,11,0,0,0.0,0,0
117,191690,2017,2,0,0,0.0,0,0
117,197106,2018,2,0,0,0.0,0,0
117,97990,2018,3,0,0,0.0,0,0
117,190866,2018,4,0,0,0.0,3,0
117,197106,2018,2,0,0,0.0,0,0
117,196666,2018,6,0,0,0.0,0,0
117,307664,2018,10,0,0,0.0,500,0
117,306106,2018,11,0,0,0.0,524,98
117,305069,2018,12,0,0,0.0,0,0
118,177801,2018,1,1,708,705.0,590,8
118,187893,2018,10,0,0,0.0,0,0
118,192889,2017,2,0,0,0.0,500,0
118,187897,2017,1,0,0,0.0,800,0
118,197827,2017,3,0,0,0.0,0,0
118,197192,2017,1,0,0,0.0,500,0
118,199160,2017,2,0,0,0.0,0,0
118,197134,2018,3,0,7,0.0,0,8
118,193885,2017,4,0,0,0.0,0,0
118,190807,2017,5,0,0,0.0,0,0
118,195183,2017,6,0,0,0.0,0,0
118,202446,2017,7,0,0,0.0,0,0
118,201807,2017,4,0,0,0.0,0,0
118,200133,2017,9,0,0,0.0,0,0
118,207157,2017,12,0,0,0.0,0,0
118,200407,2018,3,0,0,0.0,0,0
118,207806,2017,12,0,0,0.0,0,0
118,207064,2018,5,0,0,0.0,0,0
118,204098,2018,8,0,0,0.0,0,0
118,209402,2018,3,0,0,0.0,0,0
118,203906,2018,4,0,0,0.0,0,0
118,307855,2018,4,0,0,0.0,0,0
118,300206,2018,7,0,0,0.0,524,0
118,300678,2018,12,0,0,0.0,0,8
119,3466,2017,8,6,10800,10800.0,0,3
119,7769,2018,3,5,4630,4630.0,593,78
119,7566,2018,6,6,4430,4430.0,561,98
119,12809,2018,7,5,5878,5878.0,0,0
119,14860,2018,7,5,4320,4320.0,531,91
119,10566,2018,7,5,2027,2027.0,500,0
119,92695,2017,6,3,427,427.0,7,8
119,106,2017,8,1,627,627.0,0,0
119,100317,2017,9,2,606,606.0,0,48
119,107632,2018,11,0,0,0.0,0,8
119,105106,2017,11,0,0,0.0,0,0
119,155304,2017,12,0,0,0.0,0,0
119,162702,2017,4,0,0,0.0,0,0
119,186796,2017,1,0,0,0.0,0,1
119,195869,2018,10,0,0,0.0,598,0
119,197163,2018,2,0,0,0.0,0,0
119,200696,2018,3,0,0,0.0,0,0
119,207368,2018,9,0,0,0.0,0,8
119,217180,2018,9,0,0,0.0,370,0
119,220692,2018,6,0,0,0.0,525,0
119,257853,2018,9,0,0,0.0,0,0
119,260651,2018,10,0,0,0.0,524,101
119,265661,2018,12,0,0,0.0,0,0
119,200763,2018,12,0,0,0.0,0,9
120,5802,2018,7,6,12628,12628.0,0,0
120,8566,2017,8,5,5105,5105.0,0,0
120,4106,2017,3,6,10600,10600.0,0,1
120,1296,2018,5,5,4605,10605.0,500,0
120,7107,2018,8,6,7846,7846.0,0,0
120,7265,2018,11,0,0,0.0,0,0
120,7986,2018,2,0,0,0.0,0,0
120,9832,2017,7,3,10000,0.0,0,0
120,543,2018,9,0,0,0.0,0,0
120,7388,2018,11,0,0,0.0,0,0
120,543,2017,3,0,0,0.0,0,1
120,129,2017,6,0,0,0.0,0,0
120,9608,2018,1,0,0,0.0,395,78
120,3866,2018,12,0,0,0.0,0,0
120,7569,2018,3,0,0,0.0,0,0
120,2107,2018,4,0,0,0.0,4,0
120,1288,2018,5,0,0,0.0,0,0
120,218809,2018,6,0,0,0.0,524,100
120,227856,2018,8,0,0,0.0,0,0
120,320566,2018,1,0,0,0.0,0,0
120,335604,2018,8,0,0,0.0,0,0
120,350888,2018,9,0,0,800.0,0,0
120,342692,2018,7,0,0,0.0,0,0
120,350187,2018,11,0,0,0.0,0,1
121,11179,2018,8,5,7630,7630.0,0,0
121,57106,2018,12,3,4607,4607.0,596,190
121,40805,2018,1,2,4666,4666.0,5,0
121,61685,2017,1,3,4849,4849.0,800,0
121,80809,2018,1,3,10927,927.0,0,0
121,94333,2017,5,3,4017,4017.0,578,8
121,104869,2017,12,2,3706,3706.0,700,21
121,115309,2018,3,2,4876,4876.0,0,8
121,152367,2018,11,1,838,838.0,0,0
121,165669,2018,4,1,607,607.0,0,0
121,163123,2018,10,1,631,631.0,560,0
122,17298,2018,7,5,4755,4755.0,0,0
122,44106,2018,8,4,4636,4636.0,538,198
122,42055,2018,9,3,4487,4487.0,0,0
122,75879,2018,11,3,1029,11029.0,547,0
122,81192,2018,2,3,5837,5837.0,9,108
122,102607,2018,3,2,4736,4736.0,0,0
122,108976,2017,11,2,4336,4336.0,4,0
122,162669,2017,6,1,2467,2467.0,7,8
122,167703,2018,1,1,676,676.0,0,0
122,162115,2018,7,1,1,1.0,590,0
122,184892,2017,1,0,0,0.0,544,120
122,185166,2017,2,0,0,0.0,8,100
122,192893,2017,2,0,0,0.0,0,0
122,209666,2017,4,0,0,0.0,0,0
122,222109,2017,5,0,0,0.0,0,0
122,235073,2017,1,0,0,0.0,0,0
122,241233,2017,8,0,0,0.0,0,0
122,236897,2017,3,0,0,0.0,0,0
122,247009,2018,7,0,0,0.0,0,0
122,256863,2017,8,0,0,0.0,0,2
122,261663,2017,10,0,0,0.0,0,0
122,265027,2018,9,0,0,0.0,0,0
122,360695,2018,11,0,0,0.0,0,0
122,367106,2018,12,0,0,0.0,0,0
123,2196,2018,7,6,5380,5380.0,0,0
123,3808,2017,8,6,10336,10336.0,0,0
123,8303,2017,12,5,7380,7380.0,636,0
123,7665,2017,7,5,17287,7287.0,0,0
123,9106,2018,9,6,11611,1611.0,0,8
123,9189,2017,2,6,3108,3108.0,524,0
123,9906,2018,3,5,4801,4801.0,0,0
123,7339,2018,1,0,0,0.0,0,5
123,4266,2018,3,0,0,0.0,0,0
123,1196,2018,1,0,0,0.0,0,0
123,3066,2017,12,0,0,0.0,0,0
123,7828,2017,4,0,0,0.0,0,0
123,8606,2017,8,0,0,0.0,0,0
123,7152,2018,7,0,0,0.0,0,0
123,4106,2018,6,0,0,0.0,0,0
123,105473,2018,9,0,0,0.0,0,0
123,5406,2018,1,0,0,0.0,0,0
123,2684,2018,6,0,0,0.0,0,0
123,352,2018,3,0,0,0.0,0,8
123,96,2018,8,0,0,0.0,0,0
123,307166,2018,9,0,0,0.0,0,0
123,300875,2018,11,0,0,0.0,0,0
123,307964,2018,11,0,0,0.0,0,0
123,300881,2018,12,0,0,0.0,0,0
124,42606,2018,11,4,8001,8001.0,0,0
124,40109,2017,2,4,4076,4076.0,598,98
124,66886,2018,10,3,4707,4707.0,0,1
124,66942,2018,1,3,4885,4885.0,548,108
124,87076,2018,11,3,4604,4604.0,0,1
124,90662,2017,2,2,2607,2607.0,0,0
124,201836,2018,3,3,4706,4706.0,0,0
124,60066,2018,5,1,601,901.0,0,0
124,60902,2017,10,3,1871,1871.0,0,8
124,204191,2017,2,0,0,0.0,0,0
124,207006,2017,2,0,0,0.0,0,0
124,869,2017,3,0,0,0.0,0,0
124,200465,2017,4,0,0,0.0,0,0
124,207198,2017,9,0,0,0.0,0,0
124,201675,2017,9,0,0,0.0,0,0
124,207969,2018,1,0,0,0.0,0,0
124,202659,2018,9,0,0,0.0,0,0
124,282859,2018,2,0,0,0.0,0,0
124,324201,2018,4,0,0,0.0,0,0
124,328891,2018,5,0,0,0.0,0,0
124,327606,2018,5,0,0,0.0,0,0
124,320568,2018,6,0,0,0.0,0,0
124,365105,2018,7,0,0,0.0,520,0
124,367682,2018,11,0,0,0.0,0,8
125,13802,2017,12,5,10865,10865.0,0,0
125,10832,2018,3,5,4361,4361.0,0,0
125,67707,2018,1,3,4337,4337.0,409,81
125,62806,2017,11,3,1206,1206.0,500,71
125,60605,2018,1,3,2931,2931.0,528,0
125,65152,2018,1,3,4636,4636.0,561,8
125,60636,2018,2,3,3236,3236.0,0,0
125,107065,2018,5,2,1341,1341.0,0,8
125,106379,2018,8,2,4141,4141.0,0,0
125,108803,2018,7,2,4333,4333.0,0,0
125,100804,2017,11,2,2724,2724.0,0,0
125,101004,2017,12,2,3127,3127.0,0,108
125,102365,2018,6,2,3224,3224.0,0,0
125,100153,2018,1,2,4627,4627.0,507,100
125,103106,2017,12,2,4333,4033.0,0,0
125,100803,2017,3,2,4936,4936.0,0,0
125,190567,2018,5,0,0,0.0,0,0
125,195087,2017,1,0,0,0.0,0,8
125,301491,2018,4,0,0,0.0,788,8
125,327865,2018,9,0,0,0.0,0,0
125,324598,2018,5,0,0,0.0,0,0
125,331803,2018,6,0,0,0.0,524,0
125,347683,2018,7,0,0,0.0,0,0
125,365669,2018,12,0,0,0.0,0,0
126,20974,2017,7,6,10717,10717.0,558,99
126,27102,2017,7,4,8736,8736.0,0,0
126,34873,2018,1,4,688,688.0,597,91
126,45899,2018,5,4,4600,4600.0,0,0
126,42874,2018,10,4,4306,4306.0,0,0
126,47826,2018,12,4,678,678.0,594,98
126,57666,2017,12,3,4346,4346.0,540,1
126,157006,2018,1,2,2406,2406.0,0,0
126,109179,2017,12,2,1840,1840.0,540,0
126,107868,2018,3,2,4731,4731.0,537,5
126,101832,2018,1,2,3426,3426.0,0,0
126,100806,2018,8,2,3806,3806.0,4,8
126,107266,2017,8,1,1736,1736.0,590,8
126,127107,2018,1,5,4,4.0,0,9
126,157232,2018,2,1,1287,1387.0,0,0
126,195108,2018,1,0,0,0.0,500,0
126,207186,2017,3,0,0,0.0,0,0
126,268860,2017,2,0,0,0.0,0,2
126,200899,2018,3,0,0,0.0,0,0
126,305655,2018,4,0,0,0.0,0,0
126,317265,2018,5,0,0,0.0,0,0
126,367007,2018,10,0,0,0.0,0,3
126,335808,2018,11,0,0,0.0,0,0
126,327267,2018,6,0,0,0.0,0,0
127,7467,2017,3,5,7605,7605.0,0,0
127,10484,2018,8,5,4153,4153.0,500,1
127,7803,2017,2,5,5300,5300.0,0,5
127,7606,2017,6,5,10357,357.0,0,0
127,4701,2018,8,5,4356,4356.0,0,0
127,669,2018,1,6,9237,9237.0,0,0
127,4159,2018,5,8,1848,2848.0,526,100
127,5636,2017,7,0,0,0.0,522,71
127,7108,2018,9,0,0,0.0,0,0
127,89,2018,8,0,0,0.0,0,0
127,804,2018,1,0,0,0.0,6,0
127,2692,2017,12,5,0,0.0,0,0
127,166,2018,2,0,0,0.0,0,0
127,7663,2018,3,0,0,0.0,0,0
127,9802,2017,2,0,0,0.0,0,0
127,7661,2018,3,0,0,0.0,500,0
127,217369,2018,2,0,0,0.0,0,0
127,225006,2018,5,0,0,0.0,0,0
127,237103,2018,6,0,0,0.0,0,0
127,253790,2018,8,0,0,0.0,0,0
127,263606,2017,12,0,0,0.0,0,48
127,266108,2018,9,0,0,0.0,0,0
127,263653,2018,11,0,0,0.0,0,0
127,298626,2018,1,0,0,0.0,0,0
128,11873,2018,8,5,10200,10200.0,0,0
128,17606,2018,6,5,4385,7385.0,598,58
128,37605,2018,1,4,7360,7360.0,500,1
128,65412,2018,4,3,5671,5671.0,0,0
128,65603,2017,12,3,2673,2673.0,0,8
128,63672,2017,3,3,1221,1221.0,524,8
128,67663,2017,11,3,7003,7003.0,0,0
128,160447,2018,5,3,7206,7206.0,0,78
128,167804,2017,1,1,2315,2315.0,500,0
128,164806,2018,9,1,2101,2101.0,492,0
128,160602,2018,5,1,737,737.0,0,73
128,160126,2018,9,1,1495,1495.0,4,100
128,209699,2017,8,0,0,0.0,0,0
128,201876,2017,6,0,0,0.0,0,0
128,207107,2017,2,0,0,0.0,0,0
128,227803,2017,8,0,0,0.0,0,0
128,224803,2017,6,0,0,40.0,0,0
128,260202,2017,11,0,0,0.0,0,0
128,260620,2017,11,0,0,0.0,0,0
128,269967,2017,12,0,0,0.0,0,0
128,260702,2017,10,0,0,0.0,0,9
128,290920,2018,1,0,0,0.0,521,0
128,295604,2018,1,0,0,0.0,570,0
128,241867,2018,12,0,0,0.0,595,8
129,27142,2018,12,5,10480,10480.0,0,0
129,65175,2018,1,3,2703,2703.0,527,91
129,76603,2018,12,3,3835,3835.0,0,0
129,163863,2017,1,1,2405,2405.0,544,0
129,167816,2018,2,1,2126,2126.0,518,85
129,167892,2018,8,1,786,786.0,0,1
129,167406,2018,7,1,6,6.0,500,0
129,395606,2017,1,0,0,0.0,500,0
129,308836,2017,2,0,0,0.0,0,0
129,325908,2017,3,0,647,47.0,0,0
129,327154,2017,4,0,0,0.0,0,0
129,320496,2017,5,0,0,0.0,0,0
129,320135,2017,6,0,0,0.0,8,101
129,328164,2017,9,0,0,0.0,0,0
129,365882,2017,5,0,0,0.0,0,0
129,373186,2018,2,0,0,0.0,0,8
129,367867,2017,11,0,0,0.0,0,8
129,365824,2018,6,0,0,0.0,390,0
129,360869,2018,8,0,0,0.0,0,0
129,362408,2018,2,0,0,0.0,0,0
129,361866,2018,9,0,0,0.0,0,0
129,360601,2018,2,0,0,0.0,0,0
129,352869,2018,11,0,0,0.0,594,0
129,360663,2018,7,0,0,0.0,0,0
130,22969,2018,12,4,4700,4700.0,0,0
130,42105,2018,8,4,7000,7000.0,597,0
130,42803,2018,11,4,40706,706.0,500,78
130,47803,2018,12,4,4630,4630.0,367,8
130,52193,2018,1,3,4628,4628.0,0,0
130,90105,2018,1,3,4606,4906.0,0,1
130,94466,2017,4,2,3806,3806.0,0,0
130,96801,2017,3,2,4836,4836.0,0,0
130,124305,2018,4,2,3430,3430.0,0,0
130,126866,2018,9,2,4660,4660.0,0,0
130,153895,2018,2,1,2736,2736.0,0,0
130,100866,2018,4,1,826,826.0,0,0
130,177408,2018,9,1,837,837.0,0,0
130,187132,2017,1,0,0,0.0,0,0
130,196173,2017,2,0,0,0.0,0,0
130,200902,2017,3,0,0,0.0,0,0
130,203902,2017,12,0,0,0.0,0,0
130,237607,2017,7,0,0,0.0,5,0
130,263800,2017,11,0,0,0.0,0,0
130,225199,2017,5,0,0,0.0,0,0
130,257667,2018,8,0,0,0.0,0,0
130,207967,2018,2,0,0,0.0,0,0
130,269131,2018,10,0,0,0.0,524,0
130,262806,2018,11,0,0,0.0,0,8
131,19568,2018,6,15,11800,11800.0,564,88
131,10665,2018,8,5,10995,10995.0,0,0
131,15606,2017,5,5,4438,4438.0,0,0
131,60806,2018,9,3,4347,6347.0,598,1
131,67867,2018,6,3,4601,4601.0,0,0
131,73007,2018,11,3,2897,2897.0,0,0
131,65803,2018,5,3,1366,1366.0,0,0
131,68203,2018,11,3,4227,4397.0,565,101
131,70693,2017,9,3,4108,4108.0,0,0
131,67602,2018,11,3,4367,4367.0,0,0
131,187805,2017,12,0,0,0.0,0,0
131,185196,2017,1,0,0,0.0,0,8
131,186826,2017,2,0,0,0.0,0,0
131,190936,2018,1,0,0,0.0,0,0
131,197133,2017,2,0,1,0.0,0,0
131,196607,2017,3,0,0,0.0,0,0
131,207667,2017,4,0,0,0.0,0,0
131,200707,2017,3,0,0,0.0,328,0
131,207899,2017,3,0,0,0.0,0,0
131,204196,2017,2,0,0,0.0,0,0
131,209967,2018,4,0,0,0.0,537,108
131,203767,2018,5,0,0,0.0,0,0
131,215363,2018,6,0,0,0.0,0,0
131,200082,2018,10,0,0,0.0,0,0
132,7327,2018,7,6,5136,5136.0,500,0
132,7103,2018,8,5,7230,7230.0,0,0
132,27186,2018,6,5,13360,13330.0,0,0
132,56105,2018,9,3,4733,4733.0,0,106
132,60909,2017,12,3,5140,5140.5,597,96
132,60606,2017,1,3,4727,44727.0,0,0
132,68667,2017,10,3,3484,3484.0,0,0
132,100306,2017,11,2,1848,1848.0,0,0
132,105302,2017,11,2,2491,2491.0,600,3
132,107809,2017,5,2,4618,4618.0,500,0
132,101882,2018,8,2,3802,3800.0,560,1
133,18796,2018,8,5,4105,4105.0,0,0
133,27103,2018,7,4,4436,4436.0,506,0
133,57803,2018,2,3,4781,4981.0,0,0
133,87695,2018,3,3,3836,3836.0,0,0
133,107867,2017,11,2,4345,4345.0,0,0
133,117662,2018,1,2,2896,2896.0,0,1
133,172633,2018,6,1,876,876.0,0,0
133,177836,2017,10,1,2009,2009.0,0,0
133,171103,2018,2,1,3,3.0,0,0
133,185608,2017,1,0,0,0.0,0,0
133,185692,2017,1,0,0,0.0,0,0
133,190363,2017,2,0,5,5.0,0,0
133,190567,2017,1,0,0,0.0,0,0
134,2802,2017,6,6,10030,10030.0,565,101
134,7086,2017,7,6,7460,7460.0,0,0
134,6203,2017,8,5,4200,4200.0,0,0
134,854,2018,8,6,4600,4600.0,0,0
134,7366,2018,9,6,11601,1601.0,0,0
134,27855,2017,6,4,3287,3287.0,0,2
134,37866,2018,1,4,2000,2000.0,0,0
134,57686,2017,3,3,4867,4867.0,0,0
134,63803,2017,12,3,5256,5256.0,700,0
134,172107,2018,11,1,2781,2781.0,0,0
134,113289,2018,10,2,805,805.0,0,0
134,127593,2018,12,2,2406,2406.0,0,0
134,155868,2017,11,1,605,605.0,596,143
134,165130,2018,2,1,713,713.0,530,0
134,166102,2018,11,1,748,748.0,7,9
134,167164,2018,11,1,2806,2806.0,500,100
134,174109,2018,2,0,0,0.0,500,8
134,180191,2017,1,0,0,0.0,0,0
134,180867,2017,1,0,0,0.0,0,0
134,194351,2018,2,0,0,0.0,0,0
134,197694,2018,2,0,0,0.0,0,0
134,307663,2018,10,0,0,0.0,0,0
134,300697,2018,3,0,0,0.0,0,0
134,307689,2018,12,0,0,0.0,0,8
134,300167,2018,1,0,0,0.0,0,0
134,324106,2018,4,0,0,0.0,0,0
134,305486,2018,4,0,0,0.0,0,0
134,317892,2018,8,0,0,0.0,0,0
134,302606,2018,11,0,0,0.0,0,0
134,337206,2018,8,0,0,0.0,0,1
134,325307,2018,8,0,0,0.0,0,0
134,313373,2018,6,0,0,0.0,0,0
134,320060,2018,12,0,0,0.0,0,0
134,302660,2018,2,0,0,0.0,0,0
134,327103,2018,6,0,0,0.0,0,0
134,301892,2018,1,0,0,0.0,0,0
134,313301,2018,8,0,0,0.0,2,0
134,360695,2018,8,0,0,0.0,0,0
134,301129,2018,9,0,0,0.0,0,0
134,347102,2018,8,0,0,0.0,0,0
134,316196,2018,11,0,0,0.0,520,0
134,317806,2018,1,0,0,0.0,0,0
134,300802,2018,12,0,0,0.0,0,0
134,300906,2018,2,0,0,0.0,0,0
134,360687,2018,12,0,0,0.0,0,0
134,360807,2018,11,0,0,0.0,0,0
134,360536,2018,12,0,626,0.0,23,0
134,307266,2018,12,0,788,0.0,0,0
135,55282,2018,12,3,5891,5891.0,0,0
135,164492,2018,11,1,820,820.0,0,0
135,185895,2018,1,0,0,0.0,7,0
135,196159,2017,2,0,0,0.0,0,0
135,190496,2017,3,0,0,0.0,0,0
135,207607,2017,2,0,0,0.0,0,0
135,210160,2017,4,0,0,0.0,0,0
135,220602,2017,5,0,0,0.0,0,0
135,237907,2017,6,0,0,0.0,0,0
135,232388,2017,7,0,0,0.0,0,0
135,244661,2017,8,0,0,0.0,0,0
135,244983,2017,9,0,0,0.0,0,0
135,250027,2017,1,0,0,0.0,0,0
135,267609,2017,12,0,0,0.0,0,0
135,235161,2017,1,0,0,0.0,0,0
135,250665,2017,2,0,0,0.0,0,0
135,251106,2017,1,0,0,0.0,0,0
135,260603,2017,11,0,0,0.0,0,0
135,260600,2018,2,0,0,0.0,0,0
135,266386,2017,10,0,0,0.0,0,0
135,260806,2017,10,0,0,0.0,0,0
135,260403,2018,9,0,0,0.0,0,0
135,307863,2018,1,0,0,0.0,528,0
135,367621,2018,12,0,0,0.0,0,0
136,3803,2017,8,6,4670,4670.0,507,101
136,7144,2018,2,5,6405,6405.0,500,6
136,4196,2018,3,5,10280,10280.0,0,8
136,7113,2017,6,5,4605,4605.0,0,0
136,27605,2017,4,4,5136,5136.0,464,0
136,27886,2017,5,4,5196,5196.0,574,1
136,151806,2017,8,3,5873,5873.0,0,0
136,162861,2018,1,1,637,637.0,0,0
136,164169,2018,7,1,827,827.0,0,0
136,160567,2018,11,1,1806,1806.0,0,0
136,167607,2018,9,1,2306,2306.0,500,0
136,167622,2018,2,1,1828,1828.0,504,103
136,187685,2018,1,0,0,0.0,0,0
136,191566,2017,2,0,0,0.0,0,0
136,207426,2017,3,0,0,0.0,0,0
136,217166,2017,4,0,0,0.0,0,0
136,260197,2017,6,0,0,0.0,500,8
136,260105,2017,8,0,0,0.0,0,0
136,267106,2017,1,0,0,0.0,0,0
136,267004,2017,11,0,0,0.0,591,100
136,260066,2018,9,0,0,0.0,0,1
136,266803,2018,10,0,0,0.0,528,104
136,368503,2018,1,0,0,0.0,0,0
136,360406,2018,12,0,0,0.0,0,0
137,5998,2018,7,6,10632,10632.0,0,0
137,7076,2018,6,5,33780,3780.0,800,0
137,4803,2017,5,5,7465,7465.0,0,0
137,56801,2017,1,3,7847,7847.0,0,0
137,67802,2018,8,3,1985,1985.0,0,1
137,64093,2017,11,3,4838,4838.0,0,0
137,97685,2018,1,2,4886,4886.0,0,0
137,97607,2018,3,2,4106,4106.0,516,0
137,96192,2018,2,2,2206,2206.0,0,78
137,105182,2018,9,2,4828,4828.0,0,0
137,107803,2017,3,2,4328,4328.0,567,100
137,107196,2018,1,2,4806,4806.0,4,0
137,101109,2018,1,2,2808,2808.0,0,0
137,100094,2018,2,2,903,903.0,0,0
137,105995,2018,1,1,1106,1106.0,566,0
137,117166,2018,4,0,0,0.0,0,0
137,67692,2018,5,0,0,0.0,0,0
137,197161,2017,2,0,0,0.0,0,0
137,201890,2018,3,0,0,0.0,0,1
137,211176,2017,4,0,0,0.0,500,8
137,228143,2018,6,0,0,0.0,0,0
137,222862,2018,5,0,0,0.0,0,0
137,258563,2018,8,0,0,0.0,0,0
137,222686,2017,11,0,0,0.0,590,0
138,4108,2018,6,20,10280,10080.0,0,0
138,32803,2017,8,4,0,0.0,0,0
138,43666,2018,9,4,5828,9828.0,0,0
138,60182,2018,7,3,2363,2363.0,0,0
138,67186,2017,12,3,1416,7416.0,666,0
138,97432,2017,1,3,741,741.0,571,93
138,96137,2017,1,3,475,475.0,342,3
138,57586,2018,2,2,4378,4378.0,0,8
138,102804,2017,7,0,0,0.0,0,0
138,100601,2018,8,0,0,0.0,7,6
138,198808,2017,12,0,0,0.0,0,0
138,190063,2017,3,0,0,0.0,0,0
138,290485,2018,1,0,0,0.0,0,0
138,307986,2018,4,0,0,0.0,0,0
138,302843,2018,3,0,0,0.0,0,0
138,305165,2018,4,0,0,0.0,0,0
138,358693,2018,5,0,0,0.0,0,0
138,300861,2018,2,0,0,0.0,0,0
138,320026,2018,6,0,0,0.0,0,0
138,356367,2018,8,0,0,0.0,0,0
138,351446,2018,9,0,0,0.0,0,0
138,367803,2018,11,0,0,0.0,500,0
138,317605,2018,11,0,0,0.0,0,0
138,380662,2018,11,0,0,0.0,0,0
139,7805,2018,6,5,7605,7605.0,500,3
139,45002,2018,6,4,636,636.0,0,0
139,45021,2018,9,4,7696,7696.0,533,1
139,47369,2018,8,4,2336,2336.0,0,1
139,57303,2017,11,3,4301,4351.0,0,0
139,53184,2018,12,3,1648,1648.0,0,59
139,107067,2017,11,3,3801,3801.0,0,0
139,107970,2017,7,2,2468,2468.0,526,0
139,110674,2017,5,2,3216,3216.0,0,0
139,163684,2018,1,1,1339,1339.0,529,0
139,168064,2018,2,1,837,837.0,500,0
139,167002,2018,2,1,730,730.0,0,0
139,163606,2018,1,1,370,370.0,0,0
139,187367,2017,1,0,0,0.0,0,0
139,198839,2017,3,0,0,0.0,0,0
139,200839,2017,4,0,0,0.0,0,0
139,207824,2018,3,0,0,0.0,0,0
139,214706,2017,4,0,0,0.0,0,0
139,252499,2017,8,0,0,0.0,0,100
139,267906,2018,9,0,0,0.0,521,0
139,268006,2017,10,0,0,0.0,0,0
139,263802,2018,5,0,0,0.0,0,0
139,261977,2017,11,0,0,0.0,0,0
139,287196,2018,2,0,0,0.0,0,0
140,2493,2017,6,6,14878,16878.0,0,0
140,7093,2018,3,5,4275,4275.0,0,0
140,3392,2017,7,5,11670,12670.0,0,0
140,25303,2017,8,4,3028,3028.0,0,0
140,55806,2017,1,3,4621,4621.0,0,0
140,90325,2018,2,3,4871,10871.0,0,0
140,105806,2017,1,2,3936,3936.0,0,0
140,102366,2017,9,2,4446,4446.0,0,0
140,107609,2018,11,2,4298,4298.0,0,0
140,100306,2017,12,2,3327,3327.0,0,0
140,107609,2017,12,2,4886,4386.0,531,0
140,100166,2017,3,2,2235,2235.0,0,0
140,100668,2018,11,2,1908,1202.0,584,0
140,150786,2018,2,1,847,847.0,800,0
140,167033,2018,3,1,901,901.0,564,72
140,162490,2018,4,1,1838,1838.0,521,158
140,121290,2018,1,1,738,737.0,0,0
140,168906,2018,2,1,3277,917.0,0,0
140,166863,2018,1,1,786,766.0,8,100
140,163804,2018,10,0,0,0.0,0,0
140,315805,2018,4,0,0,0.0,800,0
140,365823,2018,10,0,0,0.0,520,0
140,317804,2018,6,0,0,0.0,0,1
140,367116,2018,11,0,0,0.0,580,1
141,22605,2018,7,4,4178,4178.0,0,0
141,42436,2017,8,4,2736,2736.0,500,91
141,60476,2018,9,3,4627,4627.0,0,0
141,67893,2018,9,3,4630,4630.0,0,0
141,67293,2018,2,3,33903,3903.0,0,0
141,68836,2018,9,3,4837,4837.0,0,0
141,60958,2017,2,3,3378,3378.0,529,0
141,60267,2018,11,3,4391,4391.0,539,0
141,103676,2018,11,2,4828,4828.0,398,102
141,103093,2017,2,2,2336,2336.0,598,98
141,115306,2018,12,2,4802,4802.0,0,8
141,100887,2018,6,2,4686,4686.0,0,0
141,113303,2018,3,2,10736,736.0,500,0
141,203365,2017,1,0,0,0.0,0,0
141,210837,2017,1,0,0,0.0,0,0
141,222103,2017,5,0,0,0.0,0,8
141,227867,2017,5,0,0,0.0,0,0
141,237183,2017,7,0,0,0.0,324,128
141,244323,2017,8,0,0,0.0,0,1
141,265802,2017,10,0,0,0.0,0,0
141,268899,2017,11,0,0,0.0,0,1
141,267623,2018,1,0,0,0.0,500,0
141,287876,2017,11,0,0,0.0,0,0
141,267561,2018,12,0,0,0.0,0,1
142,12265,2017,11,5,4115,6115.0,0,0
142,40663,2018,9,4,4626,4626.0,0,0
142,60576,2018,6,3,5865,5865.0,0,0
142,67507,2018,8,3,4227,4227.0,0,0
142,69864,2018,12,3,7438,7438.0,0,0
142,110866,2018,11,2,2806,2806.0,0,8
142,162860,2018,2,1,607,607.0,0,0
142,166817,2018,11,1,921,921.0,0,0
142,162898,2018,1,1,786,786.0,527,6
142,187816,2017,1,0,10000,0.0,0,0
142,187600,2017,2,0,0,0.0,0,0
142,190699,2017,3,0,0,0.0,560,0
142,202209,2017,4,0,0,0.0,0,0
142,200993,2017,2,0,0,0.0,0,0
142,202188,2017,3,0,0,0.0,0,0
142,213873,2017,4,0,0,0.0,0,0
142,227802,2017,5,0,0,0.0,0,0
142,237672,2017,6,1,0,0.0,0,0
142,237604,2017,7,0,0,0.0,8,100
142,247707,2018,8,0,0,0.0,0,0
142,257496,2017,9,0,0,0.0,0,0
142,260271,2018,10,0,0,0.0,0,0
142,360603,2018,11,0,0,0.0,0,0
142,361840,2018,12,0,0,0.0,0,0
143,2362,2017,6,6,4660,4660.0,0,0
143,4185,2018,5,6,37607,7607.0,538,96
143,186,2018,8,5,4305,4305.0,0,0
143,115866,2017,11,5,10305,10305.0,0,0
143,145667,2018,11,2,4361,4361.0,0,8
143,143886,2018,2,1,30746,746.0,0,0
143,150866,2018,1,1,2384,2384.0,1,0
143,167465,2018,11,1,920,920.0,522,98
143,197886,2018,7,1,2197,2197.0,0,0
143,155491,2018,1,1,703,703.0,0,0
143,160667,2018,1,1,1527,1127.0,500,0
143,160096,2018,11,1,747,747.0,524,0
143,169668,2018,11,1,800,800.0,367,198
143,307102,2017,2,12,807,807.0,500,8
143,302612,2017,2,0,0,0.0,0,8
143,305866,2018,3,0,0,0.0,568,1
143,315187,2018,3,0,1,0.0,0,8
143,328157,2018,5,0,0,0.0,0,0
143,335800,2018,7,0,0,0.0,0,0
143,301861,2018,8,0,0,0.0,0,0
143,355109,2018,9,0,0,0.0,0,0
143,367628,2018,1,0,0,0.0,0,0
143,369093,2018,11,0,0,0.0,0,0
143,367165,2018,4,0,0,0.0,579,100
144,4662,2017,5,6,2816,2816.0,0,0
144,7403,2018,7,6,700,700.0,0,0
144,4803,2018,6,5,5855,5855.0,0,0
144,628,2018,8,5,3805,3805.5,500,0
144,17168,2018,5,6,35330,5330.0,0,4
144,17131,2018,8,5,2605,2605.0,0,0
144,47886,2018,2,6,2618,2618.0,500,0
144,95895,2017,1,2,2096,2096.0,0,1
144,107697,2018,8,2,2846,2846.0,0,0
144,107503,2017,9,2,4306,4306.0,0,20
144,102660,2018,1,2,3346,3346.0,394,0
144,100669,2017,9,2,1888,1888.0,0,8
144,203814,2017,12,2,4606,4606.0,0,0
144,103574,2017,12,0,0,0.0,0,0
144,207466,2018,10,0,0,0.0,564,100
144,217868,2018,11,0,3,3.0,0,0
144,207406,2017,2,0,0,0.0,0,0
144,207228,2018,3,0,0,0.0,0,0
144,207903,2017,4,0,0,0.0,0,0
144,207193,2018,3,0,0,0.0,626,0
144,205202,2018,9,0,0,0.0,0,28
144,317206,2018,2,0,0,0.0,0,0
144,327526,2018,8,0,0,0.0,0,0
144,320635,2018,6,0,0,0.0,0,0
145,49676,2018,9,4,4100,4100.0,0,0
145,62066,2017,2,3,2216,2216.0,0,0
145,111656,2018,11,2,4306,4306.0,577,100
145,117104,2018,3,2,4732,4732.0,511,98
145,127332,2018,1,2,2138,2138.0,0,0
145,180864,2017,2,0,0,0.0,591,75
145,195801,2017,8,0,0,0.0,0,0
145,307602,2017,2,0,0,0.0,0,0
145,300102,2017,4,0,0,0.0,0,1
145,309501,2017,3,0,0,0.0,0,0
145,303802,2017,5,0,0,0.0,0,0
145,315106,2017,6,0,0,0.0,4,0
145,325883,2018,9,0,0,0.0,518,0
145,325896,2018,5,0,0,0.0,0,0
145,327886,2018,6,0,0,0.0,0,0
145,321102,2018,4,0,0,0.0,0,0
145,337036,2018,10,0,0,0.0,0,0
145,330184,2018,7,0,0,0.0,0,0
145,340800,2018,8,0,0,0.0,0,0
145,352104,2018,9,0,0,0.0,8,0
145,357802,2018,9,0,0,0.0,0,0
145,327606,2018,10,0,0,0.0,0,8
145,323806,2018,11,0,0,0.0,0,0
145,340604,2018,12,0,0,0.0,0,8
145,347883,2018,2,0,0,0.0,0,0
145,347103,2018,1,0,0,0.0,0,0
145,367101,2018,7,0,0,0.0,0,0
145,367905,2018,8,0,0,0.0,547,8
145,357886,2018,12,0,0,0.0,0,0
145,331102,2018,12,0,0,0.0,0,0
145,307705,2018,6,0,0,0.0,0,0
145,333867,2018,9,0,0,0.0,0,0
145,325173,2018,1,0,0,0.0,0,0
145,361166,2018,2,0,711,10000.0,4,0
145,360166,2018,12,0,0,0.0,0,0
145,357466,2018,1,0,0,0.0,0,0
145,337606,2018,2,0,0,0.0,0,0
145,347886,2018,11,0,0,0.0,0,76
145,355193,2018,11,0,0,0.0,0,8
145,362997,2018,9,0,0,0.0,0,0
145,360106,2018,11,0,0,0.0,500,0
145,337606,2018,6,0,0,0.0,0,0
145,367661,2018,3,0,0,0.0,0,0
145,340242,2018,8,0,600,0.0,0,0
145,354877,2018,11,0,0,0.0,0,0
145,360613,2018,12,0,0,0.0,0,0
145,367889,2018,6,0,0,0.0,0,0
145,397815,2018,11,0,0,0.0,0,0
146,3006,2017,8,6,10636,10636.0,0,0
146,6669,2018,8,6,4301,4301.0,500,0
146,7603,2018,7,5,7620,7620.0,0,0
146,7301,2017,3,6,2088,2088.0,0,0
146,12683,2018,1,6,2035,2035.0,0,0
146,62567,2017,5,3,628,628.0,598,78
146,107642,2017,6,2,16306,6306.0,500,0
146,107207,2017,8,2,806,806.0,0,0
146,104003,2018,11,2,2000,2000.0,0,1
146,102405,2018,9,2,2646,2646.0,0,0
146,107603,2017,9,2,14386,4386.0,536,8
146,104066,2017,1,2,4606,4606.0,0,0
146,52245,2018,1,1,826,10826.0,0,80
146,167689,2018,12,1,607,607.0,0,8
146,165675,2018,4,1,656,656.0,536,82
146,167186,2018,6,1,201,201.0,0,0
146,167094,2018,7,1,1901,901.0,0,0
146,233289,2017,2,0,0,0.0,0,0
146,240606,2017,1,0,0,0.0,0,0
146,230696,2017,6,0,0,0.0,587,8
146,242202,2017,8,0,0,0.0,570,0
146,261855,2017,12,0,0,0.0,591,0
146,267896,2017,11,0,0,0.0,0,0
146,205605,2018,12,0,0,0.0,567,101
147,1623,2017,7,20,600,600.0,0,0
147,7806,2018,8,6,14667,14667.0,4,0
147,7806,2017,3,0,0,0.0,0,0
147,63861,2017,4,6,0,0.0,0,1
147,60803,2018,6,3,0,0.0,0,0
147,90868,2018,11,0,0,0.0,0,0
147,90306,2018,8,0,0,0.0,0,0
147,97806,2017,3,0,0,0.0,400,0
147,190193,2017,9,0,0,0.0,0,0
147,190205,2017,5,0,0,0.0,15,0
147,200093,2017,12,0,0,0.0,0,0
147,207963,2017,6,0,0,0.0,0,0
147,200444,2017,1,0,0,0.0,0,0
147,263864,2017,12,0,0,0.0,0,0
147,202604,2018,7,0,0,0.0,0,0
147,207136,2018,2,0,0,0.0,0,0
147,200307,2018,5,0,0,0.0,0,0
147,200607,2018,8,0,0,0.0,598,141
147,215663,2018,4,0,0,0.0,0,0
147,250464,2018,9,0,0,0.0,0,0
147,260805,2018,9,0,0,0.0,0,0
147,266804,2018,10,0,0,0.0,544,93
147,291666,2017,11,0,0,0.0,0,0
147,260639,2018,12,0,0,0.0,0,0
148,6882,2018,7,6,14638,16638.0,524,99
148,17106,2018,8,5,14305,16305.0,580,98
148,44849,2018,9,4,10718,10718.0,0,1
148,69896,2017,2,3,4671,4671.0,0,0
148,97191,2018,8,2,3606,6606.0,0,0
148,100868,2017,1,2,2344,2344.0,0,8
148,100060,2018,2,2,4376,4376.0,0,0
148,107126,2017,11,1,636,436.0,561,1
148,100805,2017,11,2,822,722.0,580,1
148,109164,2017,12,0,0,0.0,0,0
148,105160,2017,2,0,0,0.0,0,0
148,201107,2017,3,0,0,0.0,0,0
148,208860,2017,3,0,0,0.0,0,78
148,213133,2017,3,0,0,0.0,0,0
148,201866,2017,4,0,0,0.0,0,0
148,213606,2017,5,0,0,0.0,0,8
148,229107,2017,6,0,0,0.0,0,0
148,238865,2017,7,0,0,0.0,0,0
148,269806,2018,8,0,0,0.0,0,0
148,260063,2017,11,0,0,0.0,0,100
148,269666,2018,9,0,0,0.0,0,0
148,269629,2018,10,0,0,0.0,560,0
148,269166,2018,11,0,0,0.0,594,0
148,260368,2018,12,0,0,0.0,0,0
149,5233,2018,7,6,10886,10886.0,0,0
149,25665,2018,3,4,4708,4708.0,800,58
149,22596,2017,8,4,4100,6100.0,556,58
149,25895,2017,11,4,4126,4126.0,500,48
149,35267,2017,1,4,5360,5360.0,0,0
149,45863,2017,9,4,7386,7386.0,6,0
149,40676,2018,1,3,4921,4921.0,0,0
149,67807,2018,2,3,1602,1602.0,0,1
149,90786,2017,6,2,3701,3701.0,520,1
149,95659,2018,10,2,4608,4607.0,0,0
149,93867,2017,12,1,782,782.0,334,1
149,101863,2018,8,2,898,898.0,4,0
149,107805,2017,2,0,0,0.0,2,148
149,206362,2017,9,0,0,0.0,0,0
149,215895,2017,3,0,0,0.0,0,0
149,224800,2017,7,0,5,0.0,520,8
149,227678,2017,5,0,0,0.0,3,1
149,263867,2017,11,0,0,0.0,0,8
149,268806,2017,12,0,0,0.0,0,9
149,262196,2018,8,0,0,0.0,0,0
149,267862,2017,10,0,0,0.0,0,0
149,286908,2018,11,0,0,0.0,524,93
149,290886,2018,11,0,0,0.0,558,5
149,303183,2018,12,0,0,0.0,0,0
150,176,2018,7,5,700,700.0,0,0
150,605,2017,8,5,14785,14785.0,0,0
150,803,2018,7,5,2897,2897.0,0,0
150,7286,2018,6,6,3378,3377.0,0,0
150,92005,2018,9,2,4306,4306.0,0,0
150,93695,2017,3,2,3666,3666.0,0,8
150,91996,2018,2,3,4826,4826.0,0,0
150,90656,2018,1,2,4887,4887.0,0,8
150,102553,2017,1,2,4801,4801.0,0,0
150,107534,2018,6,2,2877,2877.0,0,0
150,100802,2018,12,2,4762,4762.0,0,0
150,100646,2018,9,2,4706,4706.0,0,0
150,100856,2018,8,2,2046,2046.0,595,0
150,100168,2017,10,2,4002,4002.0,0,0
150,101065,2018,12,2,2348,2348.0,0,0
150,106305,2017,1,2,4746,4746.0,500,8
150,101807,2018,12,2,4898,4898.0,513,98
150,200175,2017,12,0,0,0.0,4,100
150,200120,2018,4,0,0,0.0,0,100
150,206009,2018,3,0,0,0.0,529,3
150,254116,2018,3,0,0,0.0,0,0
150,300806,2018,2,0,6,0.0,0,0
150,300161,2018,6,0,0,0.0,0,43
150,300103,2018,8,0,0,0.0,0,0
151,2006,2017,6,6,13120,13120.0,0,0
151,9802,2017,9,5,4765,4765.0,518,80
151,207163,2017,5,5,3885,3885.0,0,0
151,7606,2017,8,7,3037,3037.0,0,0
151,11889,2017,2,5,10605,605.0,0,0
151,236104,2017,12,4,2956,2956.0,590,1
151,42896,2017,6,1,905,905.0,0,0
151,46889,2017,7,0,0,0.0,0,0
151,251606,2017,9,0,0,0.0,0,0
151,258906,2018,1,0,0,0.0,0,0
151,263707,2017,11,0,0,0.0,0,0
151,269606,2017,12,0,0,0.0,0,0
151,295866,2018,1,0,0,0.0,0,0
151,302106,2018,3,0,0,0.0,0,0
151,305806,2018,2,0,0,0.0,0,0
151,315096,2018,3,0,0,0.0,0,0
151,325366,2018,5,0,0,0.5,500,0
151,366107,2018,9,0,0,0.0,0,0
151,360803,2018,8,0,0,0.0,0,0
151,361607,2018,2,0,0,0.0,567,0
151,367606,2018,9,0,0,0.0,566,100
151,367506,2018,10,0,0,0.0,0,0
151,367325,2018,11,0,0,0.0,0,1
151,360480,2018,12,0,0,0.0,0,8
152,183596,2017,1,0,800,800.0,500,0
152,193675,2017,2,0,0,0.0,0,0
152,192886,2017,2,0,0,0.0,0,0
152,207178,2018,3,0,0,0.0,0,0
152,211807,2017,4,0,0,0.0,4,0
152,207167,2017,3,0,0,0.0,0,0
152,227606,2017,5,0,0,0.0,0,0
152,221603,2017,3,0,0,0.0,0,0
152,220000,2017,5,0,0,0.0,0,1
152,238693,2017,11,0,0,0.0,0,0
152,250987,2017,7,0,0,0.0,0,0
152,262033,2017,12,0,0,0.0,0,0
152,267606,2017,11,0,0,0.0,0,0
152,207409,2018,2,0,0,0.0,0,0
152,207505,2018,4,0,0,0.0,0,0
152,200343,2018,6,0,0,0.0,0,0
152,220766,2018,5,0,0,0.0,0,0
152,224095,2018,6,0,0,0.0,0,0
152,232891,2018,7,0,0,0.0,0,0
152,200207,2018,8,0,0,0.0,0,0
152,257887,2018,9,0,0,0.0,0,0
152,260366,2018,12,0,0,0.0,0,0
152,262003,2018,10,0,0,0.0,527,100
152,262306,2018,11,0,0,0.0,567,0
153,5874,2018,7,6,4266,4266.0,0,0
153,25686,2017,9,4,3801,3801.0,0,0
153,27136,2018,11,4,3370,3370.0,568,3
153,27196,2018,8,4,2688,2688.0,534,87
153,42167,2018,1,4,24308,4308.0,5,9
153,150343,2018,2,1,1307,1307.0,524,78
153,164106,2018,2,1,1483,1483.0,530,98
153,163646,2018,10,1,601,601.0,0,0
153,160696,2018,2,1,835,835.0,0,0
153,175406,2018,11,1,1707,1707.0,0,0
153,301878,2017,1,0,0,0.0,0,100
153,306834,2017,3,0,0,0.0,0,7
153,308685,2017,4,0,0,0.0,0,0
153,307103,2018,2,0,0,0.0,0,0
153,300670,2017,8,0,0,0.0,0,0
153,307253,2018,3,0,0,0.0,0,1
153,307603,2018,4,0,0,0.0,0,0
153,325086,2018,5,0,0,0.0,0,0
153,327853,2018,11,0,0,0.0,0,0
153,327203,2018,12,0,0,0.0,0,0
153,321104,2018,5,0,0,0.0,0,8
153,337806,2018,6,0,0,0.0,0,0
153,330167,2018,11,0,0,0.0,0,0
153,337699,2018,11,0,0,0.0,0,1
154,7199,2018,7,5,10650,10650.0,0,0
154,27805,2017,8,4,7206,7206.0,0,0
154,67809,2018,9,3,1807,1807.0,324,0
154,68606,2018,11,3,2308,2308.0,0,0
154,67897,2017,11,3,7336,7336.0,524,50
154,60106,2017,2,3,2423,2423.0,578,78
154,67149,2018,2,3,1106,1106.0,0,0
154,86843,2018,1,3,4308,4308.0,500,0
154,164627,2018,1,3,4305,4305.0,524,98
154,87600,2018,11,3,2096,2096.0,561,91
154,102695,2017,10,6,4696,6896.0,0,0
154,105007,2018,3,2,4806,4806.0,584,0
154,111868,2018,1,2,3807,3807.0,500,0
154,195806,2017,2,0,0,0.0,1,108
154,190173,2017,2,0,0,0.0,0,1
154,207663,2017,3,0,0,0.0,528,108
154,209603,2017,4,0,0,0.0,0,2
154,225003,2018,6,0,0,0.0,0,98
154,261853,2017,12,0,0,0.0,0,0
154,269905,2018,8,0,0,0.0,0,0
154,257896,2018,3,0,0,0.0,0,0
154,250803,2018,8,13,0,0.0,500,0
154,61416,2017,12,0,0,0.0,0,0
154,347969,2018,10,0,0,0.0,0,0
155,28322,2017,1,4,6836,6836.0,594,99
155,56863,2018,12,3,4805,4805.0,0,0
155,65463,2017,10,3,4477,4477.0,590,190
155,97607,2018,1,3,2381,2381.0,0,78
155,92605,2017,2,3,323,323.0,0,0
155,95999,2018,3,2,2089,2089.0,590,0
155,97008,2018,5,2,4188,1188.0,0,0
155,91865,2017,1,2,2100,2105.0,528,8
155,101160,2017,1,2,2146,2146.0,500,0
155,107862,2017,5,2,4126,4126.0,0,0
155,108103,2017,6,1,606,606.0,0,8
155,117636,2018,4,2,1837,1837.0,574,100
155,115689,2018,2,12,2408,2208.0,0,0
155,160937,2018,9,1,633,633.0,0,6
155,163635,2018,3,1,896,896.0,0,100
155,160166,2018,6,1,777,777.0,520,1
155,167687,2018,3,1,674,674.0,0,0
155,185868,2017,1,0,0,0.0,0,0
155,197665,2018,4,0,0,0.0,0,0
155,317886,2018,12,0,0,0.0,4,3
155,327696,2018,5,0,0,0.0,0,0
155,327606,2018,10,0,0,0.0,0,0
155,347804,2018,8,0,0,0.0,0,0
155,340202,2018,12,0,0,0.0,0,0
156,50874,2017,1,3,4831,4831.0,0,0
156,65867,2018,8,3,5367,5367.0,0,0
156,99206,2018,6,3,4838,4838.0,536,100
156,107106,2017,1,2,1840,1840.0,0,0
156,117806,2018,12,2,4388,4388.0,500,8
156,160867,2018,8,1,2616,2616.0,0,0
156,165460,2018,9,1,936,936.0,500,0
156,167286,2018,1,1,1641,1641.0,520,78
156,162106,2018,10,1,2198,2198.0,0,0
156,168666,2018,2,1,2320,2320.0,0,0
156,167126,2018,1,1,2301,2301.0,390,0
156,161606,2018,12,1,717,817.0,591,0
156,319829,2018,3,0,0,0.0,0,0
156,304118,2018,1,0,0,0.0,0,0
156,308863,2018,11,0,0,0.0,568,100
156,310432,2018,4,0,0,0.0,0,0
156,327997,2018,6,0,0,0.0,590,0
156,337967,2018,7,0,0,0.0,0,78
156,335722,2018,7,0,0,0.0,0,0
156,338960,2018,8,0,0,0.0,0,0
156,347874,2018,8,0,0,0.0,0,8
156,354705,2018,9,0,0,0.0,0,0
156,368108,2018,11,0,0,0.0,0,0
156,367183,2018,12,0,0,0.0,0,8
157,37462,2018,7,4,8640,8640.0,8,0
157,175830,2018,1,1,1349,1349.0,0,0
157,186193,2017,8,1,890,890.0,597,8
157,187876,2018,11,0,0,0.0,0,0
157,187849,2017,2,0,0,0.0,0,0
157,300165,2017,3,0,0,0.0,0,0
157,337665,2018,5,0,0,0.0,0,0
157,337903,2017,6,0,0,0.5,598,100
157,329402,2017,8,0,0,0.0,0,0
157,335669,2018,9,0,0,0.0,0,0
157,357603,2017,6,0,0,0.0,0,0
157,367105,2017,11,0,0,0.0,0,0
157,367126,2018,9,0,0,0.0,0,0
157,366684,2018,10,0,0,0.0,0,0
157,369876,2018,1,0,0,0.0,0,0
157,363666,2018,2,0,0,0.0,0,0
157,367206,2018,1,0,0,0.0,528,0
157,366107,2018,12,0,0,0.0,0,0
157,366369,2018,8,0,0,0.0,0,0
157,367106,2018,2,0,0,0.0,0,0
157,379674,2018,1,0,836,0.0,0,0
157,360843,2018,2,0,0,0.0,0,0
157,361836,2018,10,0,0,0.0,0,0
157,362389,2018,11,0,0,0.0,0,0
158,2060,2017,6,6,4326,4326.0,0,7
158,609,2018,8,6,10845,10848.0,0,0
158,660,2018,6,6,10702,10702.0,0,0
158,11501,2018,12,5,3875,13875.0,0,7
158,2106,2018,11,8,7270,7270.5,0,0
158,1103,2017,8,5,10106,106.0,0,1
158,7466,2018,12,2,4376,4376.0,521,0
158,2166,2017,5,5,2338,2338.0,0,7
158,626,2018,9,2,4102,4102.0,528,98
158,110484,2018,6,2,1618,1618.0,0,0
158,123403,2017,7,2,4402,4402.0,514,0
158,120176,2018,1,2,3370,3370.0,368,0
158,120356,2018,11,2,2330,2330.0,0,0
158,160663,2018,12,1,1318,1318.0,0,0
158,160465,2018,11,1,807,807.0,0,0
158,163194,2018,12,1,806,806.0,0,0
158,161632,2018,1,1,1771,1771.0,520,0
158,167672,2018,12,1,700,700.0,1,8
158,197006,2018,2,0,8,0.0,0,0
158,305092,2018,11,0,0,0.0,0,0
158,312827,2018,4,0,0,0.0,0,0
158,327731,2018,5,0,0,0.0,0,0
158,350995,2018,8,0,0,0.0,4,0
158,392436,2018,7,0,0,0.0,0,1
159,8196,2017,3,5,8305,12305.0,0,0
159,8864,2018,6,5,10805,10805.0,537,80
159,7703,2018,3,5,4110,4110.0,0,0
159,34359,2018,5,4,2436,2436.0,0,0
159,24816,2017,2,4,7636,7636.0,0,0
159,62897,2018,7,3,4822,4822.0,500,0
159,60575,2017,1,3,4327,4327.0,0,0
159,61164,2018,6,3,4647,4647.0,8,0
159,60199,2017,10,3,2383,2383.0,398,0
159,63102,2018,1,3,1886,1886.0,329,0
159,160803,2018,9,1,1831,1731.0,525,98
159,162482,2018,1,1,2373,2373.0,800,0
159,200402,2017,1,0,0,0.0,0,6
159,207667,2017,2,0,0,0.0,6,0
159,200665,2018,3,0,0,0.0,0,0
159,217442,2018,10,0,0,0.0,0,0
159,224166,2017,5,0,0,0.0,0,0
159,250186,2017,8,0,0,0.0,0,0
159,265881,2017,12,0,0,0.0,0,0
159,269869,2017,11,0,0,0.0,0,0
159,261169,2017,11,0,0,0.0,0,0
159,290401,2018,2,0,0,0.0,523,98
159,301823,2018,11,0,886,0.0,529,3
159,314161,2018,12,0,0,0.0,0,0
160,4806,2018,8,6,14488,14488.0,0,0
160,30373,2017,7,4,7308,7308.0,0,0
160,42889,2018,2,4,5308,8308.0,524,58
160,58856,2018,1,3,2343,2343.0,500,71
160,67696,2017,10,3,3687,3687.0,597,1
160,60809,2018,1,3,5821,5821.0,594,91
160,67863,2017,10,3,4367,4367.0,0,0
160,62006,2018,8,3,1817,1817.0,8,1
160,67856,2018,3,3,4384,4384.0,0,8
160,165092,2017,11,1,850,850.0,0,1
160,169439,2018,7,1,707,707.0,0,0
160,168130,2018,2,1,1103,1103.0,560,0
160,161604,2018,1,1,818,818.0,0,0
160,169969,2018,1,1,2301,2301.0,562,0
160,187105,2018,10,0,0,0.0,0,8
160,187181,2017,1,0,0,0.0,0,0
160,180679,2017,1,0,0,0.0,0,2
160,209699,2017,2,0,0,0.0,0,0
160,207502,2017,4,0,0,0.0,0,0
160,257802,2017,8,0,0,0.0,0,0
160,237666,2018,9,0,0,0.0,0,0
160,240826,2018,6,0,0,50000.0,0,0
160,305801,2018,6,0,0,0.0,526,126
160,317839,2018,8,0,0,0.0,0,0
161,188910,2017,1,0,0,0.0,0,0
161,196099,2017,2,0,0,0.0,0,0
161,198886,2017,3,0,0,0.0,0,0
161,204107,2017,4,0,0,0.0,0,0
161,219642,2017,5,0,0,0.0,0,0
161,220195,2017,6,0,0,0.0,0,0
161,234824,2017,7,0,0,0.0,0,0
161,233106,2017,8,0,0,0.0,0,0
161,256863,2017,8,0,0,0.0,0,0
161,265167,2017,10,0,0,0.0,0,0
161,265106,2017,11,0,0,0.0,0,0
161,262607,2017,9,0,145,0.0,0,0
161,207387,2018,1,0,0,0.0,0,0
161,206493,2018,2,0,0,0.0,0,0
161,207606,2018,3,0,0,0.0,0,0
161,200109,2018,2,0,0,0.0,0,0
161,203869,2018,4,0,0,0.0,0,0
161,200156,2018,2,0,0,0.0,0,0
161,314100,2018,3,0,0,0.0,0,0
161,325046,2018,5,0,0,0.0,0,0
161,346103,2018,1,0,0,0.0,0,0
161,352807,2018,7,0,0,0.0,0,0
161,363906,2018,11,0,0,0.0,522,0
161,367605,2018,12,0,0,0.0,0,0
162,7603,2018,8,6,10426,10426.0,8,0
162,7165,2018,8,8,4876,6876.0,0,0
162,17803,2018,11,5,7235,11235.0,0,0
162,27169,2018,2,5,4887,4887.0,0,0
162,50551,2017,2,3,4177,14177.0,584,8
162,69235,2018,11,3,4008,4008.0,0,0
162,67852,2017,3,3,4987,4987.0,500,0
162,162863,2018,2,1,1601,1601.0,0,0
162,120366,2018,9,1,1366,1366.0,0,0
162,170136,2018,4,1,1007,1007.0,0,9
162,182669,2017,12,0,671,671.0,0,0
162,197699,2017,5,0,0,0.0,0,8
162,207358,2017,6,10,0,0.0,0,0
162,207868,2017,1,0,0,0.0,0,0
162,207069,2017,3,0,0,0.0,0,0
162,215090,2017,5,0,0,0.0,0,0
162,224102,2017,7,0,0,0.0,0,0
162,267385,2017,10,0,0,0.0,0,8
162,264126,2017,11,0,0,0.0,0,0
162,260669,2018,5,0,0,0.0,0,0
162,262603,2017,10,0,0,0.0,566,0
162,267866,2018,11,0,0,0.0,500,0
162,270855,2018,11,0,0,0.0,0,0
162,282662,2018,11,0,0,0.0,0,0
163,17963,2018,7,5,4365,4365.0,0,0
163,21812,2018,2,4,7396,7396.0,694,101
163,32193,2018,8,4,7236,7336.0,524,68
163,32867,2018,4,4,4208,4208.0,708,5
163,95467,2017,9,2,2686,2686.0,0,0
163,1127,2017,3,2,4386,4386.0,0,0
163,3667,2017,6,1,636,636.0,0,8
163,100003,2017,1,0,0,0.0,0,1
163,100606,2018,10,0,0,0.0,0,1
163,207106,2017,11,0,0,0.0,0,0
163,220561,2017,12,0,0,0.0,0,0
163,230866,2018,6,0,0,0.0,0,0
163,245162,2017,7,0,0,0.0,0,0
163,260196,2017,8,0,0,0.0,0,0
163,262662,2017,12,0,0,0.0,0,0
163,264182,2017,11,0,0,0.0,7,0
163,260823,2017,12,0,0,0.0,0,0
163,261673,2017,11,0,0,0.0,0,1
163,268667,2018,1,0,0,0.0,2,0
163,260946,2018,8,0,0,0.0,0,0
163,268352,2018,9,0,0,0.0,4,0
163,267636,2017,11,0,0,0.0,524,0
163,366803,2018,10,0,0,0.0,0,8
163,307777,2018,12,0,0,0.0,598,8
164,6893,2018,8,6,8376,8376.0,0,0
164,6866,2018,6,5,4305,4305.0,325,0
164,706,2017,7,5,4030,4030.0,0,0
164,804,2018,7,5,8385,8385.0,3,0
164,24801,2018,9,6,3105,3105.0,0,0
164,25876,2018,2,11,977,977.0,0,0
164,60156,2018,11,1,808,808.0,0,0
164,88967,2017,11,0,0,0.0,0,0
164,95601,2018,2,0,0,0.0,0,0
164,938,2017,12,0,0,0.0,0,0
164,190862,2018,12,0,0,0.0,0,0
164,100963,2017,3,0,0,0.0,596,0
164,200662,2018,3,0,0,0.0,0,1
164,208876,2017,8,0,0,0.0,0,0
164,202871,2017,5,0,0,0.0,0,0
164,203383,2018,3,0,0,0.0,0,0
164,207162,2018,4,0,0,0.0,0,1
164,207884,2018,3,0,0,0.0,0,0
164,200864,2018,9,0,0,0.0,0,0
164,346661,2018,7,0,0,0.0,0,0
164,357073,2018,2,0,0,0.0,0,0
164,315659,2018,6,0,0,0.0,530,0
164,304660,2018,8,0,0,0.0,0,0
164,327663,2018,12,0,0,0.0,0,0
165,8756,2017,5,5,12805,12807.0,570,5
165,1853,2018,7,6,7386,7386.0,667,148
165,7305,2017,8,5,10885,10885.0,500,0
165,1806,2018,12,5,4358,4358.5,500,8
165,1066,2017,3,5,2381,2381.0,0,0
165,2898,2018,6,5,34967,6967.0,0,0
165,1193,2017,5,6,10801,801.0,548,0
165,17823,2018,7,5,5381,5381.0,0,1
165,7176,2017,8,6,4686,4686.0,0,0
165,4103,2018,1,2,822,822.0,560,3
165,5806,2017,9,6,10831,831.0,800,90
165,103366,2017,11,2,4385,4385.0,600,3
165,200626,2017,12,0,0,0.0,8,100
165,237880,2017,6,0,0,0.0,0,0
165,202605,2017,7,0,0,0.0,0,0
165,290867,2018,1,0,0,0.0,528,0
165,237836,2018,11,0,0,0.0,0,0
165,232603,2018,1,0,0,0.0,0,0
165,240865,2018,11,0,0,0.0,0,0
165,298266,2018,2,0,0,0.0,0,0
165,302992,2018,8,0,0,0.0,0,0
165,317800,2018,4,0,0,0.0,0,6
165,313796,2018,9,0,0,0.0,0,0
165,301166,2018,2,0,0,0.0,500,8
166,12064,2017,8,5,4620,4620.0,0,0
166,31609,2017,12,4,1041,1041.0,0,0
166,40339,2018,12,4,4006,4006.0,0,0
166,47861,2018,6,4,9006,9006.0,0,0
166,54812,2017,4,3,2331,2338.0,0,0
166,67612,2018,8,3,1881,1881.0,500,0
166,67601,2017,11,3,7418,7418.0,0,0
166,93106,2017,2,3,4301,4301.0,567,100
166,167692,2018,9,2,1638,1638.0,510,98
166,107609,2017,8,2,4878,4878.0,526,98
166,118837,2018,7,2,4806,4806.0,524,92
166,109006,2017,8,2,4826,4826.0,0,0
166,105896,2018,3,2,1847,1847.0,0,98
166,107976,2018,2,2,2307,2307.0,596,141
166,100494,2017,11,2,4423,4423.0,500,1
166,101873,2018,2,1,661,661.0,0,0
166,101996,2017,11,0,0,0.0,0,0
166,121806,2018,2,0,0,0.0,0,0
166,190276,2017,3,0,0,0.0,0,0
166,205105,2018,11,0,0,0.0,0,0
166,350162,2018,2,0,0,0.0,0,0
166,305666,2018,2,0,0,0.0,596,8
166,307107,2018,7,0,0,0.0,524,0
166,301163,2018,11,0,0,0.0,0,0
166,321196,2018,3,0,0,0.0,0,0
166,305090,2018,8,0,0,0.0,0,0
166,360896,2018,11,0,0,0.0,0,0
166,305803,2018,1,0,40000,0.0,561,0
166,303364,2018,4,0,0,0.0,0,0
166,367002,2018,3,0,0,0.0,0,98
166,337005,2018,12,15,0,0.0,0,8
166,310806,2018,9,0,0,0.0,0,0
166,320166,2018,6,0,0,0.0,0,0
166,322066,2018,1,0,0,10000.0,0,0
166,390895,2018,3,0,0,0.0,0,0
166,360162,2018,3,0,0,0.0,0,0
166,324063,2018,9,0,0,0.0,0,0
166,320666,2018,4,0,0,0.0,0,0
166,353606,2018,8,0,0,0.0,511,0
166,347067,2018,8,0,636,63200.0,564,100
166,360667,2018,1,0,0,0.0,0,0
166,354109,2018,6,0,0,0.0,0,0
166,326896,2018,3,0,0,0.0,0,0
166,361195,2018,10,0,0,0.0,0,0
166,342666,2018,11,0,0,0.0,0,0
166,301907,2018,11,0,0,0.0,524,0
166,362265,2018,14,0,0,0.0,0,0
166,362696,2018,11,0,0,0.0,0,98
167,27672,2017,7,4,5329,5329.0,0,0
167,54876,2017,8,3,1811,1811.0,594,146
167,62106,2018,9,3,5381,5381.0,601,0
167,63102,2018,11,3,4701,4701.0,0,0
167,77156,2018,4,3,4321,4321.0,8,0
167,85810,2018,12,3,31808,1808.0,500,0
167,97875,2017,6,3,4736,7736.0,535,1
167,101869,2018,11,2,4206,4306.0,0,0
167,140817,2017,11,1,716,716.0,507,1
167,157566,2018,1,1,606,606.0,551,95
167,178009,2017,12,1,856,856.0,0,0
167,180865,2017,11,1,671,671.0,4,0
167,183883,2017,2,0,0,0.0,0,0
167,197199,2017,2,0,0,0.0,0,8
167,197588,2017,5,0,0,0.0,0,0
167,207602,2017,12,0,0,0.0,0,0
167,204967,2017,3,0,0,0.0,0,0
167,206606,2018,6,0,0,0.0,0,8
167,217867,2018,4,0,0,0.0,0,0
167,223104,2018,5,0,0,0.0,0,0
167,200602,2018,7,0,0,0.0,0,0
167,200891,2018,8,0,0,0.0,0,8
167,253736,2018,8,0,0,0.0,0,0
167,321866,2018,2,0,0,0.0,5,1
168,2896,2017,6,6,12428,12428.0,0,0
168,4932,2017,5,6,10847,10847.0,0,0
168,20884,2018,8,4,4380,4380.0,0,0
168,25837,2018,1,4,3385,3385.0,747,141
168,51065,2017,8,3,2207,2207.0,0,0
168,67366,2018,2,3,4830,4830.0,532,0
168,60105,2018,9,3,5321,5321.0,0,6
168,87646,2018,11,3,4326,4326.0,524,1
168,90567,2017,1,3,5127,5127.0,0,0
168,107666,2017,10,2,4616,4616.0,0,2
168,107907,2018,1,2,12807,2807.0,0,8
168,110103,2018,2,2,3688,3688.0,0,0
168,165164,2018,1,1,2141,2141.0,0,0
168,192276,2017,12,0,0,0.0,0,0
168,308067,2017,2,0,0,0.0,0,0
168,304809,2018,4,0,0,0.0,529,0
168,300696,2018,3,0,0,0.0,0,0
168,302108,2018,4,0,0,0.0,0,0
168,300806,2018,7,0,0,0.0,0,0
168,367136,2018,8,0,0,0.0,0,0
168,361867,2018,8,0,0,0.0,0,0
168,363809,2018,2,0,0,0.0,0,0
168,360166,2018,11,0,0,0.0,0,0
168,367006,2018,11,0,0,0.0,4,0
169,4852,2017,7,6,12421,12421.0,0,0
169,7866,2018,9,6,10116,10116.0,500,8
169,97807,2018,1,2,2606,12606.0,526,91
169,90905,2018,12,3,2121,2121.0,801,1
169,97802,2018,11,3,2337,12337.0,0,8
169,107806,2017,1,0,0,0.0,0,0
169,193842,2017,2,0,0,0.0,564,0
169,197603,2017,3,0,0,0.0,0,0
169,190356,2018,2,0,0,0.0,0,0
169,197604,2018,3,0,0,0.0,0,3
169,190166,2017,4,0,0,0.0,0,0
169,197802,2017,3,0,0,0.0,0,0
169,230452,2017,6,0,0,0.0,0,0
169,90863,2017,1,0,0,0.0,0,0
169,207396,2018,7,0,624,624.0,0,0
169,207478,2018,2,0,0,0.0,0,0
169,201800,2018,4,0,0,0.0,0,0
169,211108,2018,4,0,0,0.0,0,0
169,327396,2018,5,0,0,0.0,0,0
169,333881,2018,8,0,0,0.0,565,0
169,340008,2018,8,0,0,0.0,7,0
169,365103,2018,10,0,0,0.0,0,0
169,360903,2018,11,0,0,0.0,0,0
169,367662,2018,11,0,0,0.0,0,0
170,2426,2017,7,0,800,800.0,0,0
170,7673,2017,3,6,14385,14385.0,0,0
170,17907,2018,6,5,5805,5805.0,500,0
170,17395,2018,7,5,200,10200.0,0,3
170,22600,2018,8,4,671,671.0,0,0
170,53806,2017,5,3,6,6.0,0,1
170,57886,2017,1,3,3,3.0,0,0
170,66142,2017,8,3,4600,4600.0,0,0
170,60866,2018,7,3,827,827.0,1,0
170,100606,2017,2,2,2696,2696.0,464,0
170,107194,2017,11,0,0,0.0,0,0
170,107806,2017,2,0,0,0.0,0,0
170,109006,2017,8,20,0,0.0,0,0
170,100169,2018,9,0,0,0.0,0,0
170,107001,2017,10,0,0,0.0,0,0
170,107164,2017,1,0,0,0.0,0,0
170,197162,2018,2,0,0,0.0,500,0
170,200104,2017,4,0,0,0.0,0,0
170,302307,2018,3,0,0,0.0,0,0
170,307806,2018,9,0,0,0.0,416,0
170,307987,2018,2,0,0,0.0,0,0
170,300145,2018,3,0,0,0.0,0,0
170,335506,2018,6,0,0,0.0,548,0
170,343909,2018,8,0,0,0.0,0,0
171,8800,2018,8,5,4815,4815.0,0,0
171,2105,2017,3,5,7600,7600.0,0,0
171,5706,2018,6,5,10625,10625.0,0,0
171,17105,2018,7,5,3428,3428.0,598,126
171,58239,2017,2,3,4846,4846.0,0,8
171,57904,2018,2,3,7167,7167.0,0,0
171,68804,2017,4,3,4316,4316.0,0,0
171,84102,2018,1,3,4497,4497.0,0,0
171,102407,2017,12,2,3341,3341.0,0,1
171,103804,2017,10,2,4006,4006.0,0,0
171,109663,2017,6,2,638,638.0,518,100
171,107666,2017,11,2,4306,4306.0,0,0
171,117831,2018,3,2,4846,4846.0,0,0
171,167569,2018,6,1,806,806.0,0,0
171,310265,2018,5,0,0,0.0,0,0
171,324863,2018,10,0,0,0.0,600,0
171,354804,2018,9,0,0,0.0,0,0
171,363986,2018,5,0,0,0.0,0,8
171,366804,2018,8,0,0,0.0,0,0
171,369667,2018,2,0,0,0.0,0,0
171,377891,2018,1,0,0,0.0,541,0
171,369806,2018,11,0,0,0.0,598,0
171,371197,2018,12,0,0,0.0,0,0
171,350565,2018,11,0,0,0.0,503,8
172,387663,2018,11,3,4621,4621.0,509,108
172,387899,2018,8,3,7427,7427.0,500,0
172,387893,2018,1,6,4652,6052.0,0,8
172,387265,2018,1,3,6807,6807.0,0,0
172,380101,2017,2,0,0,0.5,0,0
172,387101,2018,3,0,0,0.0,0,0
172,382806,2018,4,0,0,10000.0,0,0
172,381976,2018,5,0,0,0.0,0,0
172,391115,2018,6,0,0,0.0,0,8
172,397865,2018,1,0,0,0.0,0,0
172,387166,2017,12,0,0,0.0,0,0
172,328805,2017,6,0,0,0.0,0,0
172,349663,2018,9,0,0,0.0,0,0
172,386488,2018,12,0,0,0.0,4,0
172,387927,2018,1,0,0,0.0,0,0
172,351861,2018,11,0,0,0.0,0,0
172,385566,2018,1,0,0,0.0,0,0
172,381192,2018,1,0,0,0.0,0,0
172,387866,2018,2,0,48800,0.0,354,0
172,388985,2018,8,0,0,0.0,0,0
172,399766,2018,2,0,0,0.0,0,0
172,389100,2018,10,0,0,0.0,0,0
172,397896,2018,2,0,0,0.0,0,0
172,383173,2018,12,0,0,0.0,0,0
173,4836,2017,6,6,3868,3868.0,0,0
173,7647,2018,7,6,7386,7386.0,7,3
173,63096,2017,11,3,4681,4681.0,0,0
173,90864,2017,1,3,2805,2805.0,528,148
173,90673,2017,3,2,2446,2446.0,557,0
173,7806,2017,12,2,4836,4836.0,0,3
173,5876,2017,9,2,4630,4630.0,0,0
173,7853,2017,8,1,603,603.5,504,8
173,104102,2017,12,2,906,906.0,500,0
173,104866,2018,8,2,2301,2301.0,0,1
173,100669,2017,2,2,2800,2800.0,538,8
173,102602,2017,11,2,1742,1742.0,0,8
173,103666,2018,10,2,717,717.0,0,98
173,100392,2017,12,0,0,0.5,524,0
173,190406,2018,11,0,0,0.0,1,0
173,197406,2017,1,0,0,0.0,0,0
173,205265,2018,2,0,0,0.0,4,0
173,207165,2018,3,0,0,0.0,0,0
173,200013,2018,4,0,0,0.0,0,0
173,227836,2018,5,0,0,0.0,597,1
173,259175,2018,7,0,3,0.0,544,0
173,264332,2018,6,0,0,0.0,6,1
173,310603,2018,11,0,0,0.0,0,1
173,327585,2018,8,0,0,0.0,0,7
174,2002,2017,6,6,10680,10680.0,0,0
174,665,2018,9,5,2305,2305.0,0,0
174,7846,2017,3,5,10885,10885.0,0,81
174,17690,2018,7,5,10705,10705.0,0,9
174,26866,2017,2,4,5628,5628.0,0,0
174,62406,2017,8,3,5822,5822.0,0,8
174,60106,2018,2,3,2807,2807.0,534,0
174,60080,2018,11,3,4826,4826.0,528,78
174,60672,2017,5,3,4887,4887.0,0,1
174,67206,2017,4,3,3306,3306.0,574,0
174,73103,2018,9,3,3966,3966.0,0,0
174,100096,2018,8,3,4307,4307.0,0,0
174,105679,2018,9,2,2876,2876.0,0,0
174,104163,2018,11,2,4838,4838.0,9,0
174,107769,2017,2,0,0,0.0,0,0
174,164663,2018,11,0,0,0.0,0,0
174,168566,2018,12,0,0,0.0,597,0
174,207953,2017,3,0,300,0.0,0,8
174,217805,2018,12,0,0,0.0,0,1
174,207603,2018,1,0,0,0.0,4,0
174,201112,2018,4,0,0,0.0,0,0
174,201100,2018,5,0,0,0.0,0,0
174,207702,2018,6,0,0,0.0,500,0
174,367708,2018,12,0,0,0.0,0,0
175,2161,2017,8,6,13846,13846.0,0,0
175,8666,2018,7,6,12426,12426.0,0,8
175,76062,2017,6,3,4475,4475.0,0,0
175,92806,2018,8,3,4886,4886.0,0,0
175,5833,2017,12,2,1830,1830.0,0,0
175,363,2018,1,2,3809,3809.0,0,0
175,101806,2018,5,2,4106,4106.0,0,0
175,7805,2018,1,2,4364,4364.0,0,0
175,102800,2017,11,2,4341,4341.0,0,0
175,100662,2017,11,2,2728,2728.0,544,92
175,101626,2018,11,2,4876,4876.0,4,0
175,150803,2018,8,1,1703,1703.0,524,100
175,169894,2018,1,1,2300,2300.0,590,1
175,187602,2017,2,0,0,0.0,539,148
175,186166,2018,2,0,0,0.0,554,0
175,197836,2017,2,0,0,0.5,500,92
175,206096,2017,4,0,0,0.0,0,3
175,201691,2018,3,0,0,0.0,0,0
175,200203,2018,6,0,0,0.0,500,0
175,240103,2018,7,0,0,0.0,0,0
175,257974,2018,9,0,0,0.0,0,8
175,275109,2018,11,0,0,0.0,0,0
175,327833,2018,2,0,0,0.0,0,0
175,367194,2018,12,0,0,0.0,0,0
176,1869,2017,6,6,5634,5634.0,321,88
176,5886,2018,3,6,5772,5772.0,0,0
176,12103,2018,6,5,10920,10920.0,592,86
176,10606,2017,8,5,4111,14111.0,0,0
176,30697,2017,9,4,9628,9628.0,7,0
176,35886,2018,12,4,786,786.0,0,0
176,36384,2018,1,4,5836,5836.0,500,0
176,34805,2017,6,0,0,0.0,0,0
176,51300,2017,9,0,0,0.0,0,0
176,67202,2018,5,0,0,0.0,524,0
176,65603,2017,12,0,0,0.0,0,0
176,60085,2017,11,0,0,0.0,590,0
176,60805,2017,12,0,0,0.0,0,58
176,164669,2017,12,0,0,0.0,0,0
176,181416,2018,1,0,0,0.0,1,0
176,190368,2018,12,0,0,0.0,0,0
176,207103,2018,3,0,5,0.0,0,0
176,227406,2017,11,0,0,0.0,524,0
176,255482,2018,2,0,0,0.0,0,0
176,206409,2018,4,0,0,0.0,0,0
176,250656,2018,7,0,0,0.0,0,8
176,268606,2018,10,0,0,0.0,0,0
176,269566,2017,11,0,0,0.0,0,0
176,367166,2018,12,0,0,0.0,0,1
177,46635,2018,8,4,14808,14808.0,0,0
177,150806,2018,11,1,737,737.0,0,0
177,167609,2018,3,1,2307,2307.0,599,98
177,161606,2018,1,1,831,831.0,0,0
177,162868,2018,11,1,671,671.5,800,0
177,160610,2018,2,1,726,726.0,0,0
177,160683,2018,1,1,936,936.0,0,0
177,160894,2018,2,1,132,10132.0,500,98
177,305196,2017,1,0,0,0.0,0,0
177,304103,2017,4,0,0,0.0,0,0
177,347296,2017,7,0,0,0.0,0,8
177,300989,2017,4,0,0,0.0,0,0
177,301486,2018,5,0,0,0.0,0,0
177,300693,2017,6,0,0,0.0,0,0
177,306993,2017,3,0,0,0.0,0,0
177,307486,2018,4,0,0,0.0,0,0
177,315461,2018,5,0,0,0.0,590,0
177,327866,2018,7,0,0,0.0,0,0
177,320132,2018,6,0,0,0.0,0,8
177,340940,2018,8,0,0,0.0,0,0
177,350465,2018,9,0,0,0.0,0,0
177,369606,2018,11,0,0,0.0,0,0
177,360909,2018,11,0,0,0.0,0,0
177,360984,2018,12,13,0,0.0,0,3
178,4806,2018,7,6,14266,14266.0,526,90
178,406,2018,8,6,11875,11875.0,0,0
178,9361,2018,6,7,7020,7020.0,8,100
178,864,2018,6,6,5626,5646.0,0,0
178,7182,2018,9,6,4107,4107.0,0,0
178,7902,2017,5,8,4600,4605.0,0,0
178,681,2017,8,6,12889,2889.0,531,0
178,197,2017,6,6,10670,670.0,0,1
178,100,2018,3,8,2338,2338.0,500,4
178,7830,2017,8,5,4807,4807.0,0,6
178,100880,2017,11,2,3786,3386.0,390,0
178,107801,2017,1,2,4861,4861.0,591,9
178,107806,2017,2,2,2308,2308.0,0,1
178,100905,2018,1,2,1308,1308.0,0,0
178,107804,2017,12,2,4086,4086.0,0,6
178,104877,2017,11,2,4428,4488.0,0,1
178,100164,2018,2,2,4327,4327.0,0,2
178,100406,2017,11,0,0,0.0,0,0
178,187100,2018,1,0,0,0.0,500,8
178,152807,2017,12,0,0,0.0,594,0
178,175262,2018,1,0,0,0.0,568,91
178,180405,2018,2,0,0,0.0,0,0
178,84804,2017,10,0,0,0.0,0,0
178,190592,2018,11,0,0,0.0,0,109
179,5916,2018,7,6,12630,12630.0,0,0
179,186,2018,8,6,14806,16806.0,0,0
179,1876,2018,6,5,11275,11275.0,526,88
179,107896,2018,8,2,4701,6701.0,0,0
179,107894,2017,3,2,4712,4712.0,527,0
179,110673,2018,1,2,2106,2106.5,500,81
179,300006,2018,8,2,4316,4316.0,0,0
179,310466,2018,5,2,4400,4400.0,500,2
179,325609,2018,6,1,946,946.0,500,0
179,357662,2017,1,1,647,647.0,0,0
179,325868,2017,9,0,0,0.0,0,0
179,330578,2017,5,0,0,0.0,0,0
179,340605,2018,8,0,0,0.0,0,0
179,350433,2018,1,0,0,0.0,0,0
179,363817,2018,12,0,0,0.0,4,0
179,361123,2018,9,0,0,0.0,4,8
179,365667,2018,5,0,0,0.0,0,0
179,362163,2018,10,0,0,0.0,0,8
179,364809,2018,10,0,0,0.0,0,0
179,368697,2018,11,0,0,0.0,0,0
179,360406,2018,1,0,0,0.0,0,0
179,345703,2018,18,0,0,0.0,0,0
179,336066,2017,11,0,0,0.0,0,8
179,383603,2018,12,0,0,0.0,0,5
179,365412,2018,12,0,0,0.0,0,0
179,337673,2018,5,0,0,0.0,4,0
179,360866,2018,11,0,0,0.0,5,100
179,350406,2018,12,0,0,0.0,0,0
179,363006,2018,1,0,36,10000.0,0,0
179,360007,2018,1,0,0,0.0,0,0
179,323193,2018,12,0,4840,0.0,500,0
179,320109,2018,2,0,0,0.0,0,8
179,351104,2018,2,0,0,0.0,0,0
179,387892,2018,3,0,0,0.0,4,0
179,347206,2018,2,0,0,0.0,0,0
179,320478,2018,3,0,0,0.0,0,0
179,360106,2018,1,0,14000,0.0,680,0
179,360837,2018,11,0,0,0.0,549,0
179,360406,2018,12,0,0,0.0,0,0
179,300592,2017,1,0,0,0.0,0,8
179,367863,2018,11,0,0,0.0,0,0
179,350165,2018,2,0,0,0.0,0,4
179,364602,2018,12,0,0,0.0,0,0
179,377606,2018,4,0,0,0.0,0,0
179,372107,2018,7,0,10000,0.0,0,0
179,390805,2018,12,0,0,0.0,0,0
179,337696,2018,12,0,0,0.0,0,0
179,385879,2018,1,0,0,0.0,0,0
180,6897,2018,8,6,14840,14840.0,0,0
180,16413,2017,12,5,5667,5667.0,0,0
180,28369,2018,11,5,4930,4930.0,527,78
180,24602,2018,7,4,8848,10848.0,590,1
180,29866,2018,12,4,7036,7036.0,600,1
180,66606,2017,1,3,907,907.0,0,7
180,65163,2017,3,3,3987,3987.0,0,0
180,76816,2018,4,3,4337,4337.0,0,6
180,95826,2018,8,3,3347,3347.0,324,128
180,107803,2018,9,2,4800,4800.0,364,0
180,107867,2018,8,3,4286,4286.0,524,90
180,107833,2017,5,2,3732,3732.0,394,3
180,101513,2017,8,2,3638,3638.0,521,0
180,164406,2018,1,1,738,438.0,0,0
180,160105,2018,12,1,396,396.0,0,8
180,167465,2018,5,1,900,900.0,501,0
180,175868,2018,1,1,661,961.0,0,2
180,205106,2017,1,0,0,0.0,0,0
180,207006,2017,2,0,0,0.0,0,0
180,205401,2017,3,0,0,0.0,0,1
180,307866,2018,4,0,0,0.0,0,0
180,360808,2018,7,0,0,0.0,0,0
180,305387,2018,6,0,0,0.0,564,90
180,304908,2018,12,0,0,0.0,0,0
181,2079,2018,8,6,14600,14600.0,0,0
181,27665,2017,5,20,0,0.0,0,0
181,27806,2018,7,8,11888,11828.0,0,0
181,50677,2018,2,3,0,0.0,0,0
181,62109,2018,2,3,2800,2800.0,698,0
181,67164,2017,11,3,428,10428.0,501,98
181,81416,2017,6,3,0,0.0,0,0
181,107606,2017,8,0,0,0.0,0,8
181,190712,2017,9,0,0,0.0,0,0
181,197896,2017,12,0,0,0.0,7,0
181,190605,2017,3,0,0,0.0,0,8
181,192815,2017,1,0,0,0.0,0,0
181,191867,2017,1,0,0,0.0,0,3
181,193806,2017,2,0,0,0.0,0,0
181,200395,2017,2,0,0,0.0,0,0
181,203866,2018,3,0,0,0.0,0,0
181,200833,2018,4,0,0,0.0,0,8
181,200884,2018,3,0,0,0.0,534,0
181,210566,2018,4,0,0,0.0,590,0
181,225208,2018,5,0,0,0.0,0,1
181,261176,2018,5,0,0,0.0,0,0
181,265807,2018,10,0,0,0.0,0,0
181,272662,2018,11,0,0,0.0,0,0
181,280363,2018,12,0,0,0.0,0,0
182,1902,2018,7,7,10800,10800.0,0,0
182,666,2018,9,6,10888,10888.0,500,0
182,8846,2017,1,5,4608,57608.0,0,8
182,2,2018,6,6,5417,5417.0,0,0
182,16662,2018,8,5,4305,4305.0,591,81
182,42806,2017,4,4,7606,7606.0,0,0
182,57874,2017,1,3,4231,4231.0,0,0
182,97601,2017,3,1,808,808.0,0,0
182,5364,2017,1,2,835,835.0,0,0
182,107183,2017,12,2,2306,2306.0,0,0
182,107993,2018,9,2,1336,1336.0,520,0
182,101106,2017,2,2,607,607.0,3,0
182,100466,2018,1,0,0,0.0,518,98
182,107836,2017,12,0,0,0.0,0,0
182,100197,2017,1,0,0,0.0,0,0
182,155077,2017,2,0,0,0.0,0,0
182,167122,2018,10,0,0,0.0,8,0
182,183164,2017,1,0,0,0.0,0,0
182,190806,2018,12,0,0,0.0,520,0
182,305966,2018,3,0,0,0.0,24,0
182,300106,2018,5,0,0,0.0,0,1
182,317106,2018,4,0,0,0.0,0,0
182,346803,2018,8,0,0,0.0,0,0
182,305104,2018,12,0,0,0.0,0,0
183,187695,2017,1,0,0,0.0,0,0
183,197606,2017,1,0,0,0.0,0,0
183,207065,2017,2,0,0,0.0,0,0
183,217600,2017,4,0,0,0.0,0,0
183,220606,2017,5,0,0,0.0,0,0
183,247976,2017,6,0,0,0.0,0,0
183,250803,2017,7,0,0,0.0,0,0
183,266604,2017,8,0,0,0.0,0,0
183,267406,2017,9,0,0,0.0,0,0
183,264101,2017,10,0,0,0.0,0,0
183,272102,2017,11,0,0,0.0,0,0
183,282603,2017,12,0,0,0.0,0,0
183,201733,2018,1,0,0,0.0,0,0
183,207574,2018,2,0,0,0.0,0,0
183,207090,2018,3,0,0,0.0,0,0
183,302109,2018,4,0,0,0.0,574,1
183,300106,2018,3,0,0,0.0,8,0
183,300005,2018,3,0,0,0.0,794,0
183,311994,2018,4,0,0,0.0,0,0
183,360403,2018,5,0,0,0.0,0,0
183,367496,2018,7,0,0,0.0,0,0
183,368363,2018,19,0,0,0.0,7,0
183,360865,2018,8,0,0,0.0,622,0
183,367116,2018,12,0,0,0.0,525,100
184,10699,2017,7,5,8880,8880.0,0,0
184,67690,2017,11,3,4381,4381.0,0,0
184,67494,2018,2,3,3337,3330.0,0,0
184,60899,2018,6,3,1321,1321.0,0,0
184,65603,2018,1,3,4636,4636.0,598,8
184,64906,2017,8,3,1346,1346.0,0,0
184,65697,2017,2,3,2600,2600.0,567,0
184,100314,2017,11,2,4336,4336.0,800,5
184,100803,2018,8,2,4936,4936.0,0,0
184,109403,2018,9,2,4176,4176.0,7,0
184,107964,2017,12,2,801,801.0,0,0
184,117865,2018,10,2,2667,2967.0,590,0
184,163859,2018,11,1,831,831.0,567,0
184,161607,2018,12,1,707,707.0,797,108
184,177694,2018,2,1,715,715.0,1,0
184,164694,2018,2,1,2301,2321.0,564,83
184,161167,2018,6,1,1341,1345.0,594,0
184,160662,2018,11,1,2427,2427.0,461,78
184,165374,2018,12,0,0,0.0,1,1
184,130146,2017,2,0,0,0.0,0,90
184,263964,2017,1,0,0,0.0,8,8
184,267109,2018,10,0,0,0.0,8,0
184,305105,2018,1,0,0,0.0,526,8
184,323861,2018,1,0,0,0.0,0,0
185,180442,2017,1,0,0,0.0,0,0
185,190426,2017,2,0,0,0.0,0,0
185,190267,2018,1,0,0,0.0,0,0
185,191605,2017,2,0,0,0.0,0,0
185,200101,2017,3,0,0,0.0,0,0
185,200903,2017,4,0,0,0.0,0,0
185,205656,2017,7,0,0,0.0,0,0
185,209800,2017,6,0,0,0.0,0,24
185,201415,2017,9,0,0,0.0,0,0
185,207104,2017,8,0,0,0.0,0,0
185,200003,2017,11,0,0,0.0,0,0
185,203651,2017,12,0,0,0.0,0,0
185,200607,2018,1,0,0,0.0,0,0
185,200104,2017,2,0,288,10000.0,0,1
185,207646,2018,3,0,0,0.0,0,0
185,200606,2018,2,0,0,0.0,0,0
185,207806,2018,3,0,0,0.0,0,0
185,240106,2018,2,0,0,0.0,0,0
185,245173,2018,7,0,0,0.0,0,0
185,250707,2018,8,0,0,0.0,0,8
185,252600,2018,7,0,0,0.0,577,100
185,267053,2018,9,0,0,0.0,500,0
185,250004,2018,9,0,0,0.0,0,0
185,250041,2018,11,0,0,0.0,0,0
186,57835,2017,1,3,2196,2196.0,527,71
186,65104,2018,1,3,6901,6901.0,597,90
186,67895,2018,5,3,4861,4861.0,700,0
186,63892,2018,12,3,1806,1806.0,0,0
186,62908,2017,11,3,4807,4807.0,0,1
186,107885,2018,2,2,4888,4888.0,590,0
186,156836,2018,3,1,381,8371.0,0,0
186,160086,2018,7,1,636,636.0,500,1
186,167862,2017,6,1,692,692.0,0,0
186,169196,2018,1,1,677,677.0,0,0
186,167802,2018,6,1,701,701.0,0,0
186,167015,2018,11,1,811,811.0,527,0
186,169403,2018,4,1,311,311.0,596,0
186,186006,2017,1,0,0,0.0,0,98
186,196803,2017,2,0,0,0.0,0,0
186,235866,2017,6,0,0,0.0,0,0
186,241892,2017,7,0,0,0.0,0,8
186,230165,2017,8,0,0,0.0,0,91
186,200069,2018,2,0,0,0.0,0,0
186,211662,2018,4,0,0,0.0,520,0
186,250868,2017,9,0,0,0.0,0,0
186,267704,2017,10,0,0,0.0,491,0
186,261666,2017,11,0,0,0.0,0,0
186,267335,2018,11,0,0,0.0,0,0
187,27525,2017,7,4,4480,4480.0,0,0
187,37803,2018,9,4,7428,14428.0,7,0
187,46837,2018,11,4,7636,7636.0,321,71
187,41766,2017,3,4,4376,4376.0,0,0
187,52171,2017,2,3,4321,4321.0,0,0
187,64166,2017,5,3,4807,4807.0,570,0
187,64267,2017,8,3,4946,4946.0,590,0
187,90167,2017,2,3,4647,4647.0,0,0
187,97103,2018,1,2,2600,2600.0,0,0
187,106963,2018,3,2,2447,2447.0,578,0
187,109866,2017,11,2,1600,1600.0,0,0
187,125366,2018,8,2,2316,2316.0,526,88
187,166866,2018,12,1,627,927.0,1,3
187,166139,2018,1,1,787,787.0,500,78
187,165108,2018,10,1,717,717.0,737,9
187,162192,2018,6,1,831,841.0,0,8
187,165106,2018,10,1,1407,5.0,388,101
187,169009,2018,9,1,1377,677.0,0,3
187,164061,2018,9,1,1611,1601.0,6,0
187,304902,2018,3,0,0,0.0,594,100
187,302473,2018,4,0,0,0.0,550,0
187,314107,2018,11,0,0,0.0,0,0
187,335576,2018,11,0,0,0.0,520,8
187,368824,2018,12,0,0,0.0,0,0
188,47466,2017,12,4,4366,4366.0,0,0
188,55867,2018,1,3,1808,1808.0,0,0
188,67867,2017,11,3,3087,3085.0,528,92
188,67894,2018,2,3,736,736.0,594,101
188,60603,2017,12,3,4833,4833.0,521,78
188,109863,2018,6,2,4728,4728.5,500,1
188,155003,2018,1,1,801,805.0,0,8
188,160412,2018,5,1,786,786.0,600,100
188,162803,2018,6,1,1600,1600.0,0,0
188,196806,2017,8,0,0,0.0,0,0
188,166866,2017,6,0,0,0.0,0,0
188,160108,2018,11,0,0,0.0,0,0
188,188307,2017,2,0,0,0.0,0,3
188,200860,2017,3,0,0,0.0,0,0
188,204109,2018,12,0,0,0.0,0,0
188,208406,2017,1,0,0,0.0,0,0
188,207687,2018,4,0,0,0.0,0,0
188,202404,2018,12,0,0,0.0,0,0
188,264108,2018,9,0,0,0.0,0,0
188,267596,2018,9,0,0,0.0,567,0
188,260668,2017,11,0,0,0.0,0,8
188,285807,2018,12,0,0,0.0,0,0
188,237629,2018,1,0,0,0.0,0,0
188,362300,2018,12,0,0,0.0,0,0
189,187709,2017,1,0,0,0.0,0,0
189,196696,2017,2,0,0,0.0,565,99
189,197801,2017,3,0,0,0.0,561,100
189,200667,2017,4,0,0,0.0,0,0
189,210603,2017,5,0,0,0.0,0,0
189,224166,2017,6,0,0,0.0,500,0
189,223806,2017,7,0,0,0.0,0,0
189,237606,2017,8,0,0,0.0,0,0
189,247473,2017,9,0,0,0.0,0,0
189,260686,2017,11,0,0,0.0,0,0
189,264094,2017,10,0,0,0.0,0,0
189,281865,2017,12,0,0,0.0,0,0
189,294606,2018,1,0,0,0.0,0,0
189,300805,2018,2,0,0,0.0,0,0
189,312001,2018,2,0,0,0.0,0,0
189,321864,2018,4,0,0,0.0,0,0
189,320007,2018,5,0,0,0.0,0,0
189,325826,2018,6,0,0,0.0,0,0
189,337628,2018,7,0,0,0.0,0,0
189,345603,2018,8,0,0,0.0,0,0
189,355136,2018,9,0,0,0.0,0,0
189,350305,2018,2,0,0,0.0,6,0
189,372693,2018,11,0,0,0.0,0,0
189,361807,2018,12,0,0,0.0,3,0
190,20925,2017,8,5,10705,10705.0,0,0
190,65994,2018,8,3,2426,2426.0,797,78
190,62176,2018,1,3,4706,4706.0,594,140
190,60607,2018,12,3,7601,7601.0,0,0
190,80233,2017,1,3,4986,4986.0,0,3
190,97603,2017,1,3,1627,1627.0,0,0
190,102566,2018,2,2,4136,4136.0,567,91
190,107180,2017,9,0,0,0.0,890,0
190,100601,2017,10,0,0,0.0,0,0
190,100181,2017,12,0,0,0.0,0,0
190,107006,2017,12,0,0,0.0,0,0
190,207245,2017,12,0,0,0.0,0,0
190,202103,2017,3,0,0,0.0,0,0
190,203606,2018,3,0,0,0.0,0,0
190,203825,2017,1,0,0,0.0,0,0
190,212497,2018,4,0,0,0.0,0,0
190,225607,2017,5,0,0,0.0,0,8
190,260103,2018,6,0,0,0.0,0,0
190,261803,2018,8,0,0,0.0,0,0
190,245865,2018,7,12,0,0.0,0,0
190,257169,2017,8,0,0,0.0,0,0
190,266101,2018,5,0,0,0.0,0,0
190,297606,2018,9,0,0,0.0,0,8
190,335864,2018,11,0,0,0.0,0,0
191,5171,2018,7,6,4400,6400.0,724,0
191,6806,2018,8,6,19296,19296.0,701,0
191,4106,2018,8,6,10660,10660.0,534,91
191,4902,2018,6,5,4348,4348.0,0,100
191,73803,2018,8,3,3303,3303.0,0,9
191,90461,2017,3,3,1747,1747.0,0,8
191,96837,2018,1,2,2806,2806.0,0,0
191,102905,2017,5,2,4706,4706.0,524,0
191,155103,2018,1,1,2847,2847.0,0,0
191,110689,2018,1,2,1227,1227.0,0,1
191,125106,2018,6,1,2238,2238.0,534,0
191,180804,2018,1,0,0,0.0,314,0
191,197065,2017,4,0,0,0.0,0,3
191,199106,2017,2,0,0,0.0,661,100
191,197604,2017,1,0,0,0.0,0,0
191,202135,2017,3,0,0,0.0,0,1
191,227086,2017,5,0,0,0.0,0,0
191,269064,2017,11,0,0,0.0,0,0
191,267666,2017,8,0,0,0.0,0,0
191,260802,2017,10,0,0,0.0,0,0
191,264606,2017,12,0,0,0.0,522,0
191,260766,2018,11,0,0,0.0,524,100
191,262112,2017,11,0,0,0.0,0,0
191,267986,2018,12,0,0,0.0,0,0
192,10626,2017,7,5,4380,6380.0,0,0
192,65679,2018,8,3,4671,4671.0,0,0
192,67339,2017,1,3,1836,1836.0,500,3
192,65374,2018,2,3,2307,2307.0,0,4
192,67505,2018,6,3,3307,3305.0,394,91
192,69807,2018,1,3,4676,4676.0,500,0
192,67106,2018,2,3,1481,1481.0,0,0
192,60607,2017,11,3,4317,4317.0,0,4
192,62856,2018,9,3,4716,4716.0,597,0
192,90366,2018,2,3,1446,1446.0,515,1
192,90106,2017,11,2,2487,2487.0,526,96
192,97801,2018,12,2,4838,4838.0,398,0
192,107282,2018,3,6,10706,706.0,500,93
192,90896,2017,2,2,2981,2481.0,0,98
192,305906,2018,8,2,4306,4306.0,528,0
192,300107,2018,2,0,0,0.0,0,0
192,300106,2018,4,0,0,0.0,0,8
192,330103,2018,7,0,0,0.0,0,0
192,363193,2018,3,0,0,0.0,4,0
192,360864,2018,8,0,0,0.0,0,8
192,360161,2018,9,0,0,0.0,0,0
192,362906,2018,10,0,0,0.0,596,107
192,366106,2018,11,0,0,0.0,0,0
192,364103,2018,10,0,0,0.0,7,1
193,2907,2017,8,6,2886,2886.0,0,0
193,1177,2017,12,5,4635,4635.0,0,0
193,17106,2018,3,5,4605,10605.0,0,0
193,16244,2018,2,5,4830,4830.0,0,0
193,82909,2018,9,3,4387,4387.0,0,0
193,92570,2017,11,2,4000,4000.0,0,0
193,6804,2017,2,2,1166,1166.0,0,0
193,101807,2018,6,2,4691,14691.0,0,4
193,210123,2018,7,2,2327,2327.0,500,0
193,107489,2017,11,0,0,0.0,518,0
193,200933,2017,8,0,832,832.0,0,0
193,212127,2018,12,0,0,0.0,0,9
193,217805,2017,6,0,0,0.0,0,0
193,223666,2017,3,0,0,0.0,0,0
193,256807,2017,5,0,0,0.0,0,0
193,61874,2017,1,0,0,0.0,0,0
193,260134,2017,1,0,0,0.0,0,0
193,261601,2018,2,0,0,0.0,0,1
193,267475,2017,11,0,0,0.0,0,0
193,261974,2018,6,0,0,0.0,0,0
193,360163,2018,8,0,0,0.0,0,0
193,367166,2018,10,0,0,0.0,0,0
193,367806,2018,11,0,0,0.0,0,0
193,360494,2018,12,0,0,0.0,0,0
194,7602,2018,8,5,4295,4295.0,543,98
194,5806,2018,12,5,10845,10845.0,0,0
194,13909,2017,12,5,7805,7805.0,0,8
194,64807,2017,3,3,3711,3711.0,0,0
194,189866,2017,1,0,0,0.0,0,0
194,190102,2017,5,0,0,0.0,0,0
194,192626,2017,2,0,5,0.0,0,0
194,204649,2017,3,0,0,0.0,0,0
194,201104,2017,9,0,0,0.0,0,0
194,207106,2017,10,0,0,0.0,0,0
194,200805,2017,3,0,0,0.0,0,0
194,200601,2017,11,0,0,0.0,0,0
194,215866,2017,4,0,0,0.0,0,0
194,200743,2017,2,0,0,0.0,0,0
194,207867,2017,11,0,0,0.0,0,0
194,202426,2018,4,0,0,0.0,514,0
194,205102,2018,2,0,0,0.0,0,0
194,200264,2018,3,0,0,0.0,0,0
194,310146,2018,6,0,0,0.0,0,0
194,323176,2018,6,0,0,0.0,524,0
194,327623,2018,6,0,0,0.0,0,0
194,327401,2018,11,0,0,0.0,324,100
194,360192,2018,10,0,0,0.0,0,0
194,357603,2018,11,0,0,0.0,0,0
195,8298,2017,3,5,5300,5300.0,0,0
195,17146,2018,5,5,7345,7345.0,0,0
195,42806,2018,5,4,10700,20700.0,514,58
195,87239,2018,7,3,5823,5823.0,500,8
195,87509,2018,8,3,2343,2343.0,0,0
195,187103,2018,11,1,1607,1607.0,0,0
195,156696,2018,1,0,0,0.0,0,0
195,197907,2017,2,0,0,0.0,0,0
195,190836,2017,2,0,0,0.0,0,6
195,195680,2017,1,0,0,0.0,0,3
195,197677,2017,3,0,0,0.0,0,0
195,190676,2017,4,0,0,0.0,0,0
195,197109,2017,1,0,0,0.0,0,0
195,196926,2017,2,0,0,0.0,0,1
195,201662,2017,12,0,0,0.0,0,0
195,213982,2018,3,0,0,0.0,0,0
195,227806,2017,5,0,0,0.0,0,0
195,261102,2017,10,0,0,0.0,0,0
195,260766,2017,11,0,0,0.0,0,0
195,260405,2018,8,0,0,0.0,0,8
195,260002,2018,9,0,0,0.0,0,0
195,360196,2018,10,0,0,0.0,0,0
195,330003,2018,11,0,0,0.0,0,0
195,321106,2018,11,0,0,0.0,0,0
196,6169,2018,7,6,14330,14330.0,0,0
196,19803,2018,5,5,4400,4400.0,0,0
196,20667,2017,11,5,10905,10905.0,524,78
196,67866,2018,8,3,4371,4371.0,0,0
196,98405,2017,1,3,4147,4127.0,521,8
196,94282,2017,9,3,3167,3167.0,590,98
196,107863,2017,12,2,4630,4630.0,7,0
196,106132,2017,3,2,1340,1340.0,0,0
196,130007,2018,1,2,4666,4666.0,0,6
196,145165,2018,11,1,903,903.0,0,1
196,145876,2017,8,1,2666,2666.0,564,0
196,157603,2018,2,1,601,601.0,4,0
196,153668,2018,2,1,2381,2381.0,300,0
196,300687,2018,1,0,0,0.0,561,100
196,305806,2017,1,0,0,0.0,0,0
196,313162,2018,4,0,0,0.0,0,8
196,325108,2018,6,0,0,0.0,554,0
196,301265,2018,3,0,0,0.0,0,0
196,321161,2018,9,0,0,0.0,0,0
196,365164,2018,2,0,0,0.0,0,0
196,367511,2018,7,0,0,0.0,0,1
196,362403,2018,10,0,0,0.0,7,0
196,369601,2018,11,0,0,0.0,0,0
196,369398,2018,11,0,0,0.0,527,8
197,47108,2018,7,4,2000,2000.0,326,78
197,58114,2018,1,3,5167,5165.0,568,73
197,57192,2018,12,3,2537,2537.0,9,0
197,167809,2017,2,1,681,681.0,0,109
197,167166,2018,1,1,347,347.0,0,0
197,177130,2018,8,1,776,776.0,0,0
197,325286,2018,10,1,736,736.0,0,0
197,383082,2017,12,0,0,0.5,500,0
197,347865,2017,3,0,0,0.0,0,0
197,348872,2017,1,0,0,0.0,0,8
197,340106,2017,6,0,0,0.0,0,0
197,347166,2017,8,0,0,0.0,0,0
197,354106,2018,9,0,0,0.0,0,0
197,324168,2017,9,0,0,0.0,0,0
197,322162,2018,10,0,0,0.0,0,0
197,350109,2018,12,0,0,0.0,0,0
197,388194,2018,1,0,0,0.0,0,0
197,367809,2018,12,0,0,0.0,0,0
197,367906,2018,1,0,0,0.0,528,100
197,361183,2018,10,0,0,0.0,0,98
197,360902,2018,2,0,0,0.0,0,0
197,367606,2018,2,0,0,0.0,0,0
197,360605,2018,10,0,0,0.0,894,0
197,370885,2018,12,0,0,0.0,0,0
198,16463,2018,6,5,4805,4805.0,561,91
198,165866,2017,11,1,721,721.0,500,0
198,358100,2017,2,3,2176,176.0,0,0
198,312852,2018,6,0,0,0.0,0,0
198,327602,2017,5,0,0,0.0,0,0
198,320566,2017,8,0,0,0.0,0,0
198,337868,2018,7,0,0,0.0,0,0
198,332606,2018,8,0,0,0.0,0,0
198,342656,2017,9,0,0,0.0,0,0
198,350602,2017,10,0,0,0.0,0,0
198,367697,2017,11,0,0,0.0,0,0
198,368366,2017,12,0,0,0.0,0,0
198,367066,2018,1,0,0,0.0,0,0
198,361996,2018,2,0,0,0.0,0,0
198,367037,2018,12,0,0,0.0,0,0
198,367107,2018,3,0,0,0.0,0,0
198,361963,2018,1,0,0,0.0,0,0
198,337602,2018,6,0,0,0.0,0,0
198,340166,2018,7,0,0,0.0,0,8
198,346106,2018,9,0,0,0.0,578,0
198,340303,2018,8,0,0,0.0,0,0
198,345387,2018,11,0,0,0.0,7,0
198,360127,2018,12,0,0,0.0,0,0
198,361168,2018,11,0,0,0.0,567,3
199,7368,2017,2,5,10680,10680.0,446,90
199,30616,2017,8,4,4336,6336.0,0,0
199,30193,2018,1,4,4641,6641.0,507,109
199,37868,2018,6,4,5676,10676.0,0,0
199,57106,2017,1,3,4331,4331.0,0,0
199,65806,2017,2,3,4002,4002.0,0,0
199,84667,2018,3,3,4601,4601.0,0,0
199,101003,2017,5,2,4206,4206.0,0,0
199,107743,2017,8,2,4006,4006.0,8,0
199,112323,2018,2,2,4806,4806.0,0,0
199,123119,2018,6,2,2466,2466.0,500,0
199,135894,2018,1,1,686,686.0,564,0
199,166077,2018,6,1,1376,1376.0,595,43
199,167269,2018,2,1,67,367.0,500,0
199,167996,2017,9,1,2306,2306.0,500,0
199,266897,2018,2,1,717,717.0,500,1
199,230866,2017,15,0,0,0.0,0,72
199,226399,2017,7,0,0,0.0,0,0
199,237865,2017,8,0,0,0.0,597,0
199,245102,2017,11,0,0,0.0,0,9
199,258508,2017,9,0,0,0.0,0,0
199,261665,2017,10,0,0,0.0,617,8
199,267615,2017,11,0,0,0.0,0,8
199,260664,2017,11,0,0,0.0,0,98
200,6106,2018,7,6,10680,10680.0,0,0
200,3806,2017,8,6,12428,12428.0,4,100
200,7803,2018,6,5,4335,4335.0,0,6
200,9801,2017,6,6,12605,12605.0,0,0
200,7606,2018,1,6,4646,4646.0,0,0
200,87807,2017,9,3,4308,14308.0,529,100
200,110767,2018,12,2,3200,3200.0,0,0
200,122664,2018,1,2,2332,2332.0,524,0
200,136605,2017,11,2,4376,4376.0,8,1
200,152183,2018,2,1,2007,2007.0,0,1
200,180936,2018,12,0,0,0.0,0,0
200,194063,2017,2,0,0,0.0,591,0
200,193895,2017,1,0,0,0.0,0,0
200,207942,2017,3,0,0,0.0,0,0
200,202004,2017,4,0,0,0.0,0,0
200,202141,2018,3,0,0,0.0,0,8
200,200804,2017,2,0,0,0.0,0,0
200,207441,2018,4,0,40000,0.0,0,0
200,230903,2018,1,0,0,0.0,0,1
200,257826,2018,8,0,0,0.0,0,0
200,257977,2017,9,0,0,0.0,0,0
200,265173,2018,10,0,0,0.0,0,1
200,263658,2018,11,0,0,0.0,0,0
200,261666,2017,10,0,693,0.0,0,6
201,9172,2017,7,5,4945,4945.0,0,0
201,25108,2017,5,4,4880,4880.0,0,0
201,45376,2018,11,4,8916,8916.0,577,95
201,47888,2018,12,3,12440,2440.0,361,4
201,50869,2018,8,3,5107,5107.0,0,0
201,91026,2018,2,3,2886,2886.0,0,1
201,95002,2017,1,2,4062,4062.0,4,0
201,94103,2017,2,2,4152,4152.0,500,8
201,97102,2017,3,2,4168,4148.0,500,8
201,104869,2018,5,2,4336,4336.0,0,8
201,105292,2017,11,2,3306,3306.0,0,8
201,100306,2017,8,2,2386,2386.0,561,108
201,107573,2018,6,2,4332,332.0,0,2
201,104185,2017,7,2,4330,4330.0,597,1
201,117808,2018,4,2,3401,3401.0,0,0
201,153663,2018,9,1,721,721.0,4,101
201,165606,2018,8,1,2319,2319.0,591,0
201,166197,2018,11,1,802,802.0,0,0
201,182695,2018,2,0,0,0.0,500,8
201,204862,2017,2,0,561,0.0,0,0
201,217075,2017,4,0,0,0.0,0,0
201,214860,2017,10,0,0,0.0,621,0
201,265106,2018,8,0,0,0.0,0,92
201,304867,2018,11,0,0,0.0,0,0
202,3295,2017,8,6,14638,14638.0,0,0
202,7176,2017,7,6,15387,13387.0,547,78
202,13739,2018,1,5,2600,2600.0,0,0
202,17201,2017,2,5,4795,4795.0,0,0
202,23666,2018,1,4,6400,6400.0,585,0
202,64873,2018,3,3,2106,2106.0,0,0
202,63106,2017,14,3,2963,2963.0,0,0
202,60273,2018,9,3,4637,4637.0,1,0
202,68186,2017,11,3,4080,4080.0,0,0
202,90609,2018,9,3,847,847.0,0,0
202,107666,2017,4,2,1322,1322.0,0,0
202,100109,2017,11,2,4748,4748.0,0,0
202,140899,2017,5,1,676,676.0,0,0
202,160477,2018,6,1,1828,1828.0,0,0
202,162645,2018,2,1,801,801.0,568,0
202,163703,2018,6,1,666,666.0,564,0
202,160539,2018,2,1,735,735.0,0,8
202,160836,2018,7,1,648,648.0,367,58
202,167205,2018,10,1,106,816.0,0,1
202,235895,2017,11,0,0,0.0,0,0
202,254679,2017,12,0,0,0.0,0,0
202,209906,2018,10,0,0,0.0,8,0
202,307603,2018,1,0,237,0.0,536,0
202,304162,2018,12,0,0,0.0,0,0
203,37298,2018,1,4,8280,8280.0,620,51
203,65600,2018,1,3,7811,7811.0,7,0
203,101876,2017,12,1,727,727.0,0,0
203,205107,2017,2,2,876,876.0,0,0
203,207666,2017,3,3,2214,2211.0,0,0
203,200106,2017,9,0,0,0.0,0,0
203,201865,2017,3,0,0,0.0,364,2
203,217108,2017,5,0,0,0.0,0,0
203,223886,2017,1,0,0,0.0,0,0
203,237895,2017,7,0,0,0.0,0,0
203,237133,2017,8,0,0,0.0,0,0
203,239999,2017,6,0,0,0.0,0,0
203,247659,2018,9,0,0,0.0,0,0
203,257267,2018,2,0,0,0.0,0,8
203,260667,2017,11,0,0,0.0,0,0
203,267807,2017,12,0,0,0.0,0,0
203,260706,2018,1,0,0,0.0,0,0
203,267894,2018,12,0,0,0.0,0,0
203,267406,2018,1,0,0,0.0,0,0
203,260606,2018,1,0,0,0.0,0,0
203,269263,2018,8,0,0,0.0,0,0
203,267003,2018,10,0,0,0.0,0,0
203,257965,2018,11,0,0,0.0,0,0
203,277696,2018,12,0,0,0.0,0,0
204,187070,2017,1,0,880,880.0,0,0
204,190636,2017,2,0,0,0.0,0,0
204,200795,2017,3,0,0,0.0,0,0
204,204807,2017,4,0,0,0.0,544,0
204,200606,2017,5,0,0,0.0,0,0
204,207143,2017,6,0,0,0.0,0,0
204,200807,2017,7,0,0,0.0,0,0
204,204047,2017,8,0,0,0.0,0,0
204,212009,2017,9,0,0,0.0,0,0
204,225264,2017,11,0,0,0.0,0,0
204,225596,2017,12,0,0,0.0,0,0
205,1806,2017,6,6,2636,2636.0,0,0
205,1970,2018,7,6,4136,4136.0,598,98
205,7695,2017,12,5,10800,10800.0,0,0
205,9808,2017,8,5,3746,62746.0,0,0
205,27608,2017,8,5,4616,4616.0,0,8
205,54863,2017,1,3,7122,7122.0,503,96
205,55134,2017,2,3,4808,4808.0,700,0
205,67006,2018,1,3,4604,4604.0,0,0
205,64473,2018,6,3,2627,2627.0,520,0
205,60800,2018,8,3,3785,3785.0,500,0
205,107369,2017,1,2,4808,4808.0,0,0
205,117818,2018,12,2,4621,4621.0,0,0
205,126164,2018,3,2,4316,4316.0,0,0
205,182663,2018,1,0,0,0.0,0,3
205,196667,2018,2,0,0,0.0,1,100
205,200165,2017,10,0,0,0.0,0,8
205,217336,2017,12,0,0,0.0,0,0
205,227909,2018,3,0,0,0.0,9,0
205,231696,2017,6,0,0,0.0,8,0
205,241101,2018,12,0,0,0.0,0,0
205,250848,2018,10,0,0,0.0,0,0
205,262803,2018,9,0,0,0.0,0,0
205,368865,2018,11,0,0,0.0,0,0
205,329189,2018,12,0,5,0.0,0,0
206,4809,2018,7,6,6334,6334.0,0,0
206,5806,2018,8,6,4672,4672.0,524,98
206,7601,2017,6,5,10865,10865.0,0,0
206,24882,2018,8,0,0,0.0,0,0
206,67600,2018,12,0,0,0.0,0,0
206,180006,2017,3,0,0,0.0,7,8
206,191866,2017,3,0,0,0.0,0,0
206,197503,2017,5,0,0,0.0,0,0
206,109156,2017,7,0,0,0.0,0,0
206,192887,2017,9,0,0,0.0,0,0
206,185295,2017,11,0,0,0.0,0,0
206,94567,2017,1,0,0,0.0,0,0
206,666,2018,12,0,0,0.0,0,0
206,197863,2018,1,0,0,0.0,0,0
206,207669,2018,8,0,0,0.0,0,0
206,307606,2018,2,0,0,0.0,0,0
206,307406,2018,4,0,7,0.0,0,0
206,310102,2018,11,0,0,0.0,0,0
206,337011,2018,12,0,0,0.0,0,0
206,364699,2018,2,1,0,0.0,0,0
206,357645,2018,5,0,0,0.0,614,0
206,362122,2018,11,0,0,0.0,500,98
206,362896,2018,11,0,0,0.0,0,0
206,360666,2018,12,0,0,0.0,0,1
207,7696,2018,3,5,4675,4675.0,0,0
207,7806,2018,7,6,4828,4828.0,0,0
207,5809,2017,6,5,9000,9000.0,0,0
207,4869,2018,2,5,3630,3630.0,0,0
207,668,2018,6,6,4876,4876.0,331,8
207,5067,2018,9,5,7376,7376.0,0,0
207,7146,2017,1,0,0,0.0,0,0
207,7106,2017,8,0,0,0.0,0,0
207,100107,2018,1,0,0,0.0,0,0
207,107811,2017,12,0,0,0.0,0,1
207,184987,2017,4,0,0,0.0,0,0
207,186893,2017,11,0,0,0.0,0,0
207,183487,2017,2,0,0,0.0,0,0
207,197886,2018,1,0,0,0.0,0,0
207,203866,2018,4,0,0,0.0,0,0
207,207807,2017,3,0,0,0.0,0,0
207,300096,2018,6,0,0,0.0,0,0
207,307802,2018,7,0,0,0.0,0,0
207,302899,2018,8,0,0,0.0,0,0
207,357096,2018,2,0,0,0.0,0,0
207,355481,2018,8,0,0,0.0,0,100
207,367762,2018,11,0,0,0.0,0,0
207,300183,2018,9,0,0,0.0,0,8
207,365864,2018,11,0,0,0.0,0,0
208,184766,2017,1,0,0,0.0,0,0
208,190595,2017,2,0,8,8.0,525,92
208,305129,2017,7,0,0,0.0,0,0
208,369167,2018,8,0,0,0.0,0,0
208,360182,2017,5,0,0,0.0,0,0
208,368668,2017,8,0,0,0.0,0,8
208,361318,2018,7,0,0,0.0,366,1
208,387606,2017,9,0,0,0.0,526,0
208,387388,2018,12,0,0,0.0,0,8
208,360023,2017,11,0,0,0.0,0,8
208,327008,2018,6,0,0,0.0,0,0
208,387496,2018,12,0,0,0.0,0,0
208,320666,2018,1,0,0,0.0,0,0
208,380466,2018,2,0,0,0.0,794,0
208,367199,2018,12,0,0,0.0,0,0
208,391865,2018,12,0,0,0.0,0,4
208,393926,2018,1,0,0,0.0,0,0
208,397397,2018,3,0,0,0.0,0,0
208,337801,2018,7,0,0,0.0,0,0
208,349906,2018,8,0,0,0.0,524,0
208,360883,2018,9,0,0,0.0,0,0
208,368696,2018,10,0,0,0.0,0,0
208,367603,2018,11,0,0,0.0,0,0
208,361195,2018,12,0,0,0.0,0,0
209,7402,2018,3,5,7715,7715.0,0,0
209,7805,2017,12,5,4870,4870.0,0,0
209,196,2017,7,5,4465,4465.0,591,101
209,7106,2017,8,2,4682,4682.0,0,0
209,6106,2017,6,6,10806,806.0,590,8
209,2094,2017,1,5,4836,4836.0,0,0
209,7023,2018,3,7,4305,4305.0,0,1
209,5807,2017,5,6,10386,386.0,0,0
209,243,2018,7,6,4327,4327.0,520,0
209,7116,2018,9,5,7800,800.0,0,0
209,3091,2017,2,6,4706,4706.0,0,0
209,5866,2017,8,6,12387,2387.0,0,0
209,105107,2017,11,3,4184,4184.0,0,0
209,107884,2017,2,2,4335,4335.0,0,0
209,103396,2018,4,2,2758,2758.0,0,0
209,118906,2018,1,2,4305,4305.0,0,0
209,101159,2018,2,2,4347,4347.0,564,1
209,103364,2017,3,2,4821,4001.0,0,1
209,117857,2018,2,2,4336,4356.0,500,0
209,190433,2018,1,2,2686,10735.0,534,108
209,170309,2018,6,1,871,4322.0,501,1
209,190664,2017,1,0,0,35.0,0,0
209,209601,2018,8,0,0,0.0,0,8
209,208103,2017,12,0,0,0.0,590,1
210,7166,2017,3,5,4880,4880.0,0,0
210,14196,2018,1,5,3000,3000.0,4,0
210,47606,2018,8,4,5836,5836.0,0,0
210,67806,2017,12,3,2237,2237.0,0,0
210,65962,2018,1,3,4277,4277.0,500,0
210,67606,2018,12,3,4801,4801.0,0,0
210,63856,2017,6,3,4886,4886.0,500,8
210,60803,2017,10,3,4216,4216.0,0,5
210,100207,2017,11,0,0,0.0,0,0
210,130605,2017,1,0,0,0.0,0,0
210,187160,2017,2,0,0,0.0,0,0
210,190681,2018,3,0,0,0.0,534,0
210,207665,2017,4,0,180,80.0,0,0
210,209929,2018,2,0,0,0.0,0,0
210,207276,2017,5,0,0,0.0,0,0
210,205493,2017,12,0,0,0.0,0,0
210,200166,2018,3,0,0,0.0,0,0
210,237303,2018,6,0,0,0.0,0,0
210,231887,2018,7,0,0,0.0,0,0
210,247003,2018,8,0,0,0.0,0,0
210,250425,2018,9,0,0,0.0,0,0
210,260086,2018,1,0,0,0.0,7,0
210,263994,2018,10,0,0,0.0,0,0
210,227206,2018,12,0,0,0.0,0,0
211,8283,2017,7,5,4300,4300.0,0,0
211,5600,2017,8,6,4641,4641.0,0,0
211,7796,2018,3,5,3605,3605.0,500,8
211,864,2017,6,6,11387,1387.0,0,8
211,8998,2017,1,6,4887,14887.0,547,9
211,406,2017,6,6,10809,809.0,502,100
211,3196,2018,7,6,4008,4008.0,0,0
211,7600,2017,8,0,7,7.0,0,0
211,7199,2018,5,0,0,0.0,0,0
211,895,2017,2,6,0,0.0,0,0
211,7363,2017,11,0,0,0.0,0,0
212,2103,2017,6,6,10008,10008.0,447,58
212,199,2018,7,6,4606,4606.0,590,71
212,109,2018,8,5,18265,18265.0,0,0
212,2508,2018,1,7,5238,5238.0,0,0
212,17604,2018,7,5,4385,4395.0,0,0
212,507,2018,8,8,2408,2408.0,0,0
212,7065,2018,9,0,0,0.0,0,0
212,7609,2017,3,0,8,8.0,0,0
212,106,2017,11,0,0,0.0,0,0
212,907,2017,12,0,0,0.0,0,0
212,5,2018,5,0,0,0.0,561,0
212,7606,2018,6,0,0,0.0,0,0
212,7218,2018,2,0,0,0.0,0,0
212,686,2018,6,0,0,0.0,0,1
212,93,2018,1,0,0,0.0,4,0
212,7643,2018,1,0,0,0.0,0,0
212,200469,2018,3,0,0,0.0,0,0
212,237136,2018,1,0,0,0.0,0,0
212,255107,2018,8,0,0,0.0,0,0
212,208106,2018,11,0,0,0.0,0,0
212,232465,2018,7,0,0,0.0,0,100
212,267172,2018,12,0,0,0.0,0,0
212,260663,2018,11,0,8,0.0,0,0
212,237102,2018,12,0,0,0.0,0,0
213,5093,2018,7,6,14497,14497.0,0,0
213,15116,2017,5,5,4830,4830.0,737,8
213,282,2018,8,5,10965,10965.0,0,0
213,107664,2018,8,2,4644,4644.0,0,6
213,107686,2017,6,1,632,10632.0,564,88
213,105363,2017,11,1,696,76696.0,0,0
213,160865,2018,2,1,10636,636.0,598,100
213,167605,2017,1,1,401,401.0,524,1
213,161647,2018,1,1,806,806.0,0,1
213,167502,2018,2,1,911,911.0,0,8
213,200565,2017,9,0,0,0.0,528,70
213,205836,2017,6,0,0,0.0,0,8
213,200833,2017,1,0,0,0.0,0,0
213,202108,2017,2,0,0,0.0,0,0
213,207802,2018,3,0,0,0.0,0,0
213,200696,2018,4,0,0,0.0,0,8
213,267133,2017,12,0,0,0.0,0,0
213,263635,2017,11,0,0,0.0,0,0
213,250699,2018,1,0,0,0.0,0,0
213,260903,2018,9,0,0,0.0,0,0
213,260032,2017,2,0,0,0.0,0,0
213,330608,2018,6,0,0,0.0,0,0
213,360806,2018,12,0,0,0.0,0,0
213,351686,2018,11,0,0,0.0,9,8
214,3106,2017,8,6,10968,10968.0,525,96
214,194,2017,8,5,10885,10885.0,547,0
214,463,2018,7,5,4265,4265.0,4,100
214,6601,2017,6,5,7005,7005.0,0,0
214,27603,2017,5,5,10616,816.0,0,0
214,37905,2017,9,4,4686,4686.0,500,0
214,42882,2018,7,4,5187,5187.0,0,0
214,42808,2017,1,3,7301,7301.0,0,0
214,53406,2017,1,3,4886,4886.0,0,0
214,60116,2018,2,3,4346,4346.0,590,8
214,68673,2017,5,3,2149,2149.0,0,0
214,101139,2018,6,2,3898,3898.0,591,1
214,146887,2017,10,1,901,901.0,0,0
214,303066,2018,3,0,0,0.0,0,1
214,300886,2018,2,0,0,0.0,589,0
214,303806,2018,11,0,0,0.0,0,3
214,367606,2018,4,0,0,0.0,0,1
214,303876,2018,3,0,0,0.0,0,0
214,307803,2018,2,0,0,0.0,0,0
215,862,2017,7,6,4626,4626.0,599,75
215,7369,2018,6,5,4305,4305.0,0,0
215,17106,2018,8,5,3615,3615.0,0,0
215,17896,2018,5,5,10600,10600.0,0,0
215,50119,2018,7,3,7381,7381.0,0,8
215,67866,2017,8,3,5616,5616.0,0,0
215,167909,2018,2,3,1341,1341.0,0,0
215,109402,2018,1,2,4098,4098.0,529,91
215,101509,2018,12,2,4377,4377.0,4,0
215,101169,2018,3,2,2730,2730.0,567,0
215,104866,2018,11,2,4477,4477.0,0,6
215,105152,2017,9,2,1466,1466.0,468,0
215,107866,2018,6,2,3908,3908.0,0,3
215,117176,2018,1,2,4926,4926.0,0,0
215,128655,2018,9,2,2406,2406.0,0,0
215,100183,2017,10,0,0,0.0,500,1
215,107863,2017,11,0,0,0.0,0,0
215,265129,2017,9,0,0,0.0,0,0
215,207186,2017,3,0,0,0.0,0,1
215,249935,2017,8,0,0,0.0,6,0
215,257107,2017,12,0,0,0.0,0,0
215,263304,2018,11,0,0,0.0,0,8
215,262567,2018,12,0,0,0.0,597,1
215,362996,2018,11,0,0,0.0,0,8
216,11802,2017,8,5,10305,16305.0,0,0
216,17696,2018,5,25,10305,10305.0,0,0
216,157869,2018,1,1,617,617.0,574,71
216,185803,2017,3,0,0,0.0,407,100
216,187661,2018,2,0,0,0.0,0,0
216,197837,2017,4,0,0,0.0,538,0
216,207823,2017,5,0,0,0.0,0,0
216,200806,2017,6,0,14666,66.0,0,0
216,201606,2017,7,0,0,0.0,0,0
216,202406,2017,7,0,0,0.0,0,0
216,200803,2017,6,0,0,0.0,0,0
216,201306,2017,8,0,0,0.5,521,8
216,201646,2017,11,0,0,0.0,0,0
216,208286,2017,2,0,0,0.0,0,0
216,209987,2018,9,0,0,0.0,0,0
216,205153,2018,11,0,0,0.0,0,0
216,202669,2018,2,0,0,0.0,0,0
216,206846,2018,3,0,0,0.0,0,0
216,201206,2018,3,0,0,0.0,0,0
216,203906,2018,4,0,0,0.0,0,0
216,200779,2018,7,0,0,0.0,377,0
216,200820,2018,6,0,0,0.0,567,0
216,205406,2018,11,0,0,0.0,0,0
216,202001,2018,12,0,828,0.0,0,6
217,126606,2018,8,2,5784,5784.0,524,198
217,182694,2018,12,1,633,633.0,0,2
217,169869,2018,11,20,0,0.0,587,90
217,190802,2017,2,0,0,0.0,1,0
217,199101,2017,2,0,0,0.0,0,0
217,207396,2017,3,0,0,0.0,0,0
217,200034,2017,4,0,0,0.0,0,0
217,215667,2017,5,0,0,0.0,0,0
217,225607,2017,6,0,0,0.0,0,0
217,236606,2017,7,0,0,0.0,0,8
217,237696,2017,8,0,0,0.0,0,0
217,233840,2017,9,0,0,0.0,0,0
217,247693,2017,9,0,0,0.0,0,0
217,251690,2017,12,0,0,0.0,0,0
217,256144,2017,1,0,0,0.0,0,0
217,261167,2017,10,0,0,0.0,0,0
217,267607,2017,11,0,0,0.0,0,0
217,287273,2018,1,0,0,0.0,0,0
217,287279,2018,1,0,0,0.0,0,0
217,294606,2018,2,0,0,0.0,328,0
217,310829,2018,2,0,0,0.0,0,1
217,367906,2018,1,0,0,0.0,0,0
217,365897,2018,10,0,0,0.0,0,0
217,367207,2018,12,0,0,0.0,0,0
218,5195,2018,8,6,4616,4616.0,0,0
218,863,2018,8,5,4375,4375.0,480,6
218,1866,2017,7,5,10305,10305.0,0,0
218,7868,2018,9,6,3035,10035.0,0,0
218,1681,2018,6,6,26334,6334.0,500,8
218,202,2018,3,5,4611,4811.0,0,0
218,806,2018,7,6,4905,4905.0,0,0
218,406,2018,2,3,1397,1397.0,0,0
218,4166,2018,9,5,2881,2881.0,538,0
218,409,2017,6,3,8808,8808.0,300,0
218,7896,2017,9,6,4307,4307.0,564,8
218,296,2017,1,2,2406,2406.0,0,0
218,7891,2018,1,0,0,0.0,7,8
218,4003,2018,3,0,0,0.0,561,0
218,2805,2017,11,0,0,0.0,0,0
218,7103,2018,4,0,0,0.0,0,0
218,7966,2018,1,1,0,0.0,0,108
218,109,2018,2,0,0,0.0,7,148
218,106,2018,2,0,0,0.0,4,0
218,206886,2018,8,0,0,0.0,0,0
218,965,2017,11,0,0,0.0,0,0
218,201903,2018,3,0,0,0.0,0,0
218,207465,2018,11,0,0,0.0,0,0
218,7869,2018,12,2,0,0.0,0,100
219,8587,2018,8,5,4670,4670.0,500,0
219,7697,2018,7,5,8340,8340.0,506,2
219,465,2017,7,5,7380,7380.0,1,101
219,4124,2018,8,5,4801,4801.0,0,100
219,68136,2017,5,3,2306,2306.0,0,8
219,60666,2018,6,3,7227,7227.0,0,1
219,67566,2018,6,3,6392,6392.0,0,0
219,67607,2017,11,3,2837,2837.0,501,8
219,87014,2017,1,3,4627,4627.0,591,0
219,868,2018,5,3,2647,2647.0,0,1
219,50636,2018,11,3,7376,7376.0,538,0
219,160965,2018,2,1,881,881.0,564,0
219,179108,2018,1,1,4897,4897.0,590,0
219,307969,2018,12,0,0,0.0,227,73
219,309605,2018,8,0,0,0.0,0,91
219,315666,2018,4,0,0,0.0,0,0
219,300169,2018,6,0,0,0.0,0,1
219,300107,2018,3,0,0,0.0,0,0
219,309863,2018,7,0,0,0.0,3,100
219,357861,2018,8,0,0,0.0,0,0
219,360866,2018,9,0,0,0.0,0,8
219,360603,2018,10,0,0,0.0,524,0
219,377602,2018,11,0,0,0.0,569,108
219,330093,2018,12,0,0,0.0,599,9
220,8802,2017,3,5,6075,6075.0,0,0
220,4813,2018,7,6,17306,17306.0,500,0
220,8937,2018,6,5,12190,12190.0,0,9
220,2873,2018,8,4,5280,10280.0,500,0
220,805,2017,3,6,10742,742.0,531,91
220,599,2017,9,6,5216,5216.0,404,0
220,6853,2018,8,0,0,0.0,5,100
220,1666,2017,1,0,0,0.0,0,0
220,23690,2018,1,0,0,0.0,8,0
220,596,2018,2,0,0,0.0,0,1
220,5607,2017,5,0,0,0.0,0,0
220,106,2018,2,0,0,0.0,0,0
220,13877,2018,5,0,0,0.0,0,0
220,10607,2017,1,0,0,0.0,0,0
220,15164,2018,11,0,0,0.0,0,0
220,81001,2018,1,0,0,0.0,0,0
220,46801,2018,1,0,0,0.0,0,0
220,57197,2018,2,0,0,0.0,0,4
220,57407,2018,1,0,0,0.0,0,0
220,60903,2018,2,0,0,0.0,0,8
220,67956,2018,3,0,0,0.0,0,0
220,167107,2018,12,0,0,0.0,0,0
220,68964,2018,11,0,0,0.0,6,121
220,300806,2018,12,0,0,0.0,0,0
221,4806,2018,6,20,618,618.0,0,1
221,803,2018,8,0,0,0.0,0,0
221,9663,2017,11,6,840,840.0,0,60
221,2803,2018,3,5,0,0.0,526,0
221,2895,2017,4,0,0,0.0,0,8
221,5806,2017,8,0,0,0.0,0,0
221,963,2018,6,0,0,0.0,0,0
221,7666,2017,7,0,0,0.0,0,0
221,436,2018,9,0,0,0.0,0,0
221,219,2018,6,0,0,0.0,0,0
221,7408,2017,8,0,0,0.0,0,0
221,1762,2017,9,0,0,0.0,0,0
221,7626,2018,7,0,0,0.0,0,0
221,200996,2017,3,0,0,0.0,0,0
221,208895,2018,11,0,0,0.0,0,0
221,207376,2018,8,0,0,0.0,0,0
221,204896,2018,2,0,0,0.0,0,0
221,230486,2018,11,0,0,0.0,0,0
221,64865,2018,1,0,0,0.0,0,0
221,200103,2018,2,0,0,0.0,0,0
221,255187,2018,9,0,0,0.0,0,8
221,261160,2018,11,0,0,0.0,500,0
221,304543,2018,2,0,0,0.0,0,0
221,300106,2018,11,0,0,0.0,0,0
222,604,2017,7,5,4835,4835.0,0,0
222,11493,2018,8,5,8775,8775.0,0,0
222,17383,2018,3,5,3357,3357.0,0,0
222,16800,2018,2,5,4917,4917.0,0,0
222,26803,2018,1,5,4316,4316.0,0,0
222,33806,2017,12,4,9836,9836.0,500,0
222,65634,2018,1,3,3636,3636.0,8,0
222,67604,2018,1,3,4836,4836.0,0,0
222,67849,2018,7,3,5381,5381.0,598,100
222,167892,2017,10,1,811,811.0,0,73
222,160439,2018,2,1,361,861.0,0,1
222,161546,2018,8,1,2378,2378.0,0,9
222,239829,2018,6,0,0,0.0,0,0
222,246686,2017,8,0,0,0.0,0,9
222,247216,2017,7,0,0,0.0,1,100
222,242700,2017,9,0,0,0.0,564,0
222,262806,2017,11,0,0,0.0,0,8
222,267066,2017,12,0,0,0.0,0,0
222,268989,2017,10,0,0,0.0,596,1
222,238766,2017,1,0,0,0.0,524,97
222,267606,2017,11,0,0,0.0,594,0
222,267186,2017,12,0,0,0.0,524,0
222,366587,2018,11,0,0,0.0,0,0
222,367619,2018,11,0,0,0.0,0,2
223,14809,2018,1,5,10630,10630.0,0,0
223,50193,2018,2,3,5375,5375.0,0,0
223,67803,2017,8,3,1003,1003.0,500,98
223,63436,2017,11,3,4337,4336.0,0,0
223,162438,2018,1,3,4707,4707.0,327,71
223,109692,2017,2,1,716,766.0,0,0
223,167636,2018,11,1,987,987.0,0,0
223,167356,2018,2,1,1303,1303.0,0,5
223,165603,2018,11,1,2087,2087.0,0,0
223,163607,2018,9,1,2481,2481.5,0,0
223,180605,2017,1,0,0,0.0,0,0
223,195396,2017,2,0,0,0.0,0,0
223,207866,2017,3,0,0,0.0,0,0
223,207003,2017,4,0,0,0.0,0,0
223,201186,2017,5,0,0,0.0,534,0
223,207802,2017,4,0,0,0.0,528,0
223,257109,2017,7,0,0,0.0,0,0
223,260895,2017,10,0,0,0.0,0,0
223,267172,2018,11,0,0,0.0,500,0
223,283183,2018,2,0,0,0.0,0,0
223,286208,2018,7,0,0,0.0,0,0
223,247108,2018,10,0,0,0.0,0,0
223,347163,2018,2,0,0,0.0,590,0
223,357005,2018,12,0,0,0.0,598,8
224,15893,2018,5,5,10475,10475.0,0,0
224,17856,2018,6,5,7405,7405.0,597,91
224,27108,2018,7,4,4336,4336.0,0,0
224,28907,2018,7,4,4388,4384.0,0,9
224,67906,2017,8,3,6107,6107.0,0,0
224,60167,2018,11,3,7161,7661.0,594,2
224,62837,2018,8,3,4121,4121.0,0,98
224,48867,2017,9,3,4326,4326.0,0,3
224,83603,2018,1,3,4238,4238.0,0,0
224,100663,2017,1,2,4346,4346.0,0,0
224,187623,2018,2,1,703,703.0,0,0
224,107806,2017,11,6,806,806.0,0,8
224,199605,2017,1,0,0,0.0,0,0
224,201303,2017,2,0,0,0.0,0,0
224,204865,2017,12,0,0,0.0,0,0
224,201107,2017,3,0,0,0.0,0,0
224,202403,2017,4,0,0,0.0,7,0
224,207890,2018,3,0,0,0.0,0,0
224,207106,2018,4,0,0,0.0,0,0
224,200605,2018,8,0,0,0.0,0,0
224,200103,2018,3,0,0,0.0,0,0
224,300165,2018,9,0,0,0.0,0,0
224,311883,2018,11,0,0,0.0,0,0
224,312602,2018,12,0,0,0.0,0,8
224,307806,2018,2,0,0,0.0,0,0
224,305063,2018,6,0,0,0.0,0,0
224,331656,2018,5,0,0,0.0,0,0
224,326406,2018,9,12,10000,0.0,0,0
224,351567,2018,6,0,0,0.0,500,0
224,307965,2018,2,0,10000,0.0,0,0
224,313469,2018,8,0,0,0.0,0,0
224,303663,2018,8,0,0,0.0,0,0
224,322899,2018,5,0,0,0.0,0,1
224,330332,2018,6,0,0,0.0,0,0
224,300993,2018,2,0,0,0.0,296,0
224,330423,2018,7,0,0,0.0,0,0
224,326365,2018,8,0,0,0.0,0,0
224,335103,2018,8,0,0,0.0,0,0
224,349206,2018,8,0,0,0.0,0,0
224,357807,2018,2,0,0,0.0,0,0
224,366467,2018,1,0,0,0.0,0,0
224,347196,2018,7,0,0,0.0,0,0
225,34271,2018,5,4,7800,7800.5,795,148
225,35897,2018,6,15,10205,10205.0,0,0
225,47126,2018,12,4,4600,4600.0,0,0
225,62206,2018,11,3,2346,2346.0,0,8
225,67823,2018,9,3,3701,3701.0,4,0
225,87868,2018,12,3,7121,7121.0,0,0
225,97687,2017,12,3,4029,4029.0,0,3
225,97606,2017,2,3,2477,2477.0,0,0
225,90904,2017,1,3,2983,2983.0,794,8
225,152138,2018,11,1,777,777.0,0,0
225,165103,2018,2,1,721,721.0,0,0
225,162106,2018,2,1,2466,2466.0,594,0
225,167602,2018,2,1,1316,1316.0,0,0
225,162169,2018,3,1,718,718.0,0,0
225,164893,2018,11,1,867,867.0,564,0
225,203493,2017,4,0,0,0.0,0,9
225,207666,2017,3,0,0,0.0,526,0
225,235495,2018,6,0,0,0.0,0,0
225,267803,2017,8,0,0,0.0,0,1
225,267885,2017,9,0,0,0.0,0,0
225,262006,2017,11,0,0,0.0,0,0
225,284202,2018,1,0,0,0.0,590,0
225,204806,2018,2,0,0,0.0,0,0
225,295105,2017,11,0,0,0.0,0,0
226,4908,2018,6,6,4322,4322.0,0,0
226,196,2017,7,5,2885,2885.0,0,0
226,18604,2018,7,5,4625,4625.0,0,0
226,17194,2018,3,5,4601,4601.0,0,0
226,77107,2018,7,3,2747,2747.0,0,0
226,87146,2018,1,3,4807,4807.0,495,1
226,87606,2018,4,3,5816,5816.0,4,8
226,107786,2018,2,2,4706,4706.0,0,98
226,107699,2017,8,2,4313,4313.0,9,101
226,107665,2017,11,2,4688,4688.0,524,90
226,107465,2018,11,2,4836,4836.0,0,0
227,14103,2018,6,5,11620,11620.0,0,0
227,22692,2017,8,4,806,806.0,535,93
227,35807,2018,5,4,9316,9316.0,531,98
227,57175,2017,7,3,4367,4367.0,0,0
227,63503,2018,2,3,2958,2958.0,528,8
227,147108,2018,11,2,4606,4606.0,529,80
227,167183,2018,12,1,686,686.0,0,0
227,177807,2018,1,1,836,336.0,0,5
227,307663,2017,7,0,0,0.0,0,0
227,307839,2017,3,0,0,0.0,0,9
227,357103,2017,10,0,0,0.0,0,0
227,370870,2017,4,0,0,0.0,0,0
227,337703,2018,6,0,0,0.0,0,0
227,360104,2018,10,0,0,0.0,0,0
227,367130,2018,9,0,0,0.0,0,0
227,363895,2018,11,0,0,0.0,0,0
227,367296,2018,2,0,2497,0.5,0,0
227,360884,2018,7,0,0,0.0,0,0
227,367603,2018,9,0,0,0.0,0,0
227,367817,2018,3,0,0,0.0,528,0
227,360875,2018,8,0,0,0.0,0,8
227,360367,2018,10,0,0,0.0,0,0
227,371624,2018,11,0,0,0.0,0,0
227,367623,2018,12,0,0,0.0,0,0
228,3662,2017,7,6,10800,10800.0,0,0
228,603,2018,7,5,4916,4916.0,536,91
228,196,2018,8,6,4840,6840.0,500,8
228,1624,2018,8,6,12886,2886.0,0,0
228,2822,2017,10,6,2019,2019.0,426,59
228,7663,2017,5,0,0,0.0,0,0
228,3867,2017,9,0,0,0.0,0,0
228,67066,2017,6,0,0,0.0,524,8
228,60187,2018,8,0,0,0.0,0,0
228,285693,2017,11,0,0,0.0,0,3
228,204003,2017,12,0,0,0.0,0,0
228,207666,2017,11,0,0,0.0,0,3
228,259626,2017,9,0,0,0.0,0,0
228,200505,2017,2,0,0,0.0,0,0
228,202680,2018,3,0,0,0.0,0,0
228,207183,2017,12,0,0,0.0,0,0
228,207608,2018,4,0,0,0.0,0,95
228,237285,2018,3,0,0,0.0,0,0
228,200646,2018,2,0,0,0.0,0,0
228,200403,2017,11,0,0,0.0,0,0
228,256503,2018,8,0,0,0.0,0,0
228,264206,2018,10,0,0,0.0,1,0
228,267606,2018,11,0,0,0.0,0,0
228,207896,2018,12,0,0,0.0,0,9
229,2810,2017,7,6,10370,10370.0,0,0
229,10563,2018,8,5,4665,4665.0,0,0
229,27870,2018,12,5,4330,4330.0,0,0
229,28832,2017,9,4,5900,5900.0,0,0
229,47703,2018,1,4,4436,16436.0,0,0
229,47667,2018,12,3,4626,4626.0,574,0
229,47833,2018,9,3,3767,3767.0,0,8
229,65937,2017,8,3,4308,4308.0,0,0
229,97190,2017,12,2,4601,4601.0,605,0
229,90608,2018,1,3,2826,2826.0,524,1
229,93809,2018,12,5,3278,3278.0,590,96
229,100673,2018,3,2,2238,2238.0,0,0
229,100633,2017,3,2,4691,4691.0,0,91
229,105895,2017,11,2,2386,12386.5,627,108
229,100067,2018,1,2,4043,4043.0,0,0
229,160207,2018,10,1,787,777.0,7,0
229,164166,2018,11,1,776,776.0,0,0
229,162966,2018,1,1,2101,2101.0,0,0
229,168196,2018,2,1,636,106.0,526,8
229,360866,2018,4,1,605,805.0,0,0
229,311682,2018,5,0,0,0.0,0,0
229,308237,2018,3,0,1,0.0,500,0
229,307008,2018,1,0,0,0.0,0,0
229,354275,2018,5,0,0,0.0,0,0
230,43926,2017,10,4,3856,3856.0,0,0
230,88376,2018,1,3,8886,8886.0,0,0
230,126867,2018,12,2,4327,4327.0,0,0
230,177995,2017,8,1,1038,1048.0,0,0
230,368168,2018,2,1,1,1.0,0,0
230,368077,2017,1,0,0,0.0,694,0
230,320667,2018,1,0,0,0.0,528,0
230,327607,2017,3,0,0,0.0,0,8
230,387166,2017,5,0,0,0.0,0,0
230,327102,2017,6,0,0,0.0,0,1
230,320104,2017,3,0,0,0.0,0,0
230,327666,2017,6,0,0,0.0,0,0
230,327203,2017,4,0,0,0.0,0,0
230,367686,2018,2,0,0,0.0,0,0
230,367906,2017,7,0,0,0.0,0,0
230,369100,2017,8,0,0,0.0,0,9
230,389806,2018,11,0,0,0.0,0,0
230,327502,2018,12,0,0,0.0,0,0
230,336103,2018,1,0,0,0.0,0,0
230,361102,2018,9,0,0,0.0,0,0
230,367602,2018,1,0,0,0.0,0,0
230,367186,2018,11,0,0,0.0,500,0
230,367103,2018,10,0,0,0.0,0,0
230,383105,2018,6,0,0,0.0,0,8
231,21826,2017,1,4,624,624.0,0,0
231,100833,2018,12,2,4436,4436.0,5,108
231,374898,2017,1,0,0,0.0,0,0
231,305396,2018,6,0,0,0.0,0,0
231,300662,2017,7,0,0,0.0,0,0
231,327836,2017,8,0,0,0.0,0,0
231,307105,2018,7,0,0,0.0,0,0
231,384036,2017,8,0,0,0.0,0,0
231,387403,2018,16,0,0,0.0,0,0
231,328186,2018,12,0,0,0.0,0,0
231,327602,2017,11,0,0,0.0,0,9
231,365897,2017,4,0,620,20.0,0,0
231,360275,2018,5,0,0,0.0,0,0
231,322684,2018,12,0,0,0.0,598,93
231,398957,2018,3,0,0,0.0,0,0
231,396345,2018,12,0,0,0.0,0,0
231,390887,2018,11,0,0,0.0,0,8
231,390057,2018,3,0,0,0.0,0,0
231,388626,2018,6,0,0,0.0,594,8
231,383165,2018,8,0,0,0.0,0,0
231,352605,2018,9,0,0,0.0,0,0
231,360685,2018,10,0,0,0.0,0,0
231,360906,2018,11,0,0,0.0,536,0
231,390363,2018,12,0,0,0.0,0,0
232,5001,2017,7,6,4912,4912.0,0,0
232,97819,2018,5,3,4341,4341.0,0,0
232,90803,2017,2,3,603,603.0,564,92
232,107135,2017,10,2,3466,3466.0,0,0
232,100162,2017,11,2,2046,2046.0,0,8
232,200835,2017,2,2,3307,3307.0,0,0
232,200866,2017,8,2,2686,2686.0,0,0
232,100895,2017,8,2,1608,1608.5,7,0
232,208202,2017,6,0,0,0.0,4,8
232,200506,2017,9,0,0,0.0,0,0
232,216962,2018,1,0,0,0.0,0,0
232,207865,2017,3,0,0,0.0,0,0
232,217184,2017,4,0,0,0.0,0,0
232,217042,2018,5,0,0,0.0,0,0
232,222887,2017,12,0,0,0.0,0,0
232,227816,2017,6,0,0,0.0,0,1
232,240666,2017,7,0,0,0.0,0,0
232,257100,2017,7,0,7,0.0,0,8
232,262876,2018,9,0,0,0.0,0,0
232,260955,2017,12,0,0,0.0,0,0
232,267044,2018,8,0,0,0.0,0,8
232,267687,2018,11,0,0,0.0,0,0
232,268863,2018,11,0,0,0.0,537,0
232,270394,2018,12,0,0,0.0,0,9
233,12667,2017,11,5,4615,4615.0,0,0
233,37765,2018,3,4,7828,7828.0,0,0
233,67605,2018,12,3,10313,413.0,0,0
233,63523,2018,1,3,6305,6305.0,500,0
233,137128,2018,2,2,2428,2428.0,598,0
233,180862,2017,2,1,9,9.0,0,0
233,177666,2018,1,1,806,806.0,0,0
233,188260,2017,1,0,1,1.0,0,0
233,185001,2017,2,0,0,0.0,0,0
233,197009,2017,3,0,0,0.0,0,0
233,197164,2017,4,0,0,0.0,0,0
233,209680,2017,5,0,0,0.0,0,0
233,207096,2017,3,0,0,0.0,0,0
233,201662,2017,8,0,0,0.0,0,0
233,258909,2017,1,0,0,0.0,0,0
233,219664,2017,4,0,0,0.0,0,0
233,225867,2018,5,0,0,0.0,500,0
233,237989,2017,6,0,0,0.0,0,0
233,240107,2018,7,0,0,0.0,0,0
233,327488,2018,8,0,0,0.0,0,0
233,321116,2018,7,0,0,0.0,0,0
233,340802,2018,10,0,0,0.0,0,0
233,360306,2018,11,0,0,0.0,0,0
233,365690,2018,12,0,0,0.0,0,8
234,2912,2017,6,6,10966,10966.0,4,100
234,14810,2018,7,5,5215,5215.0,0,0
234,7106,2017,11,5,7605,7605.0,0,0
234,16394,2018,2,5,4800,4800.0,500,0
234,13106,2017,3,5,3401,3401.0,0,0
234,47869,2018,5,4,6844,6844.0,472,62
234,47665,2017,1,3,4368,4368.0,0,0
234,53126,2018,7,3,2017,2017.0,0,0
234,67269,2018,8,3,5377,5397.0,547,0
234,60632,2018,1,3,4461,4461.0,0,0
234,107836,2017,1,2,4387,4387.0,0,0
234,109175,2017,8,2,3328,3328.0,0,8
234,107816,2018,1,2,4700,4700.0,594,0
234,107073,2017,3,2,1791,1791.0,528,0
234,100438,2018,12,2,4306,4306.0,530,0
234,100063,2018,6,2,4006,4002.0,590,1
234,105801,2018,5,0,66,2.0,0,0
234,107234,2018,9,0,0,0.0,0,8
234,190845,2017,2,0,0,0.0,0,0
234,260683,2018,9,0,0,0.0,537,0
234,264116,2018,1,0,0,0.0,0,0
234,267966,2018,10,0,0,0.0,500,0
234,267008,2018,9,0,0,0.0,0,0
234,207815,2018,11,0,0,0.0,4,101
235,20657,2018,12,5,12895,12895.0,0,0
235,55603,2018,1,3,6406,6406.0,0,0
235,60127,2017,7,3,3487,3485.0,0,0
235,67676,2018,3,3,4416,4416.0,0,0
235,67105,2017,6,3,5306,5306.0,0,0
235,63685,2018,12,3,4341,4341.0,526,90
235,67866,2017,5,3,4667,4967.0,0,0
235,107365,2017,10,2,4340,4340.0,517,98
235,107637,2018,8,2,4107,4107.0,0,0
235,107823,2018,2,2,4362,4362.0,0,0
235,107183,2018,1,2,4609,4609.0,0,0
235,100494,2018,9,2,4008,4008.0,544,0
235,105806,2018,11,2,4406,4406.0,0,0
235,100603,2017,6,2,4922,4922.0,0,0
235,181166,2017,1,0,0,0.0,8,0
235,192872,2017,2,0,0,0.0,0,0
235,315205,2018,12,0,0,0.0,0,0
235,309136,2018,12,0,0,0.0,0,9
235,324166,2018,6,0,0,0.0,0,0
235,367383,2018,12,0,0,0.0,0,0
235,390806,2018,4,0,0,0.0,514,0
235,300661,2018,3,0,1,0.0,500,0
235,310896,2018,2,0,0,0.0,0,0
235,304103,2018,6,0,0,0.0,0,8
236,54171,2017,9,3,5207,5207.0,500,0
236,60133,2017,7,3,2730,2730.0,0,0
236,67603,2018,1,3,1461,1461.0,0,0
236,72827,2018,8,3,2831,2831.0,521,8
236,70666,2018,1,3,4097,4097.0,0,0
236,80376,2018,2,3,4606,4606.0,0,78
236,92808,2017,2,2,1638,1638.0,521,90
236,97536,2017,5,3,3806,3806.0,500,98
236,90216,2018,6,2,3808,3808.0,0,9
236,103686,2017,1,2,3786,3786.0,0,0
236,100886,2017,11,2,4478,4478.0,8,0
236,107195,2017,11,2,4066,4066.0,0,0
236,116303,2018,5,2,1416,1416.0,0,0
236,117665,2018,2,2,2368,2398.0,0,0
236,110889,2018,8,0,0,0.0,0,0
236,185174,2017,1,0,0,0.0,0,0
236,230897,2018,7,0,0,0.0,0,0
236,247106,2017,1,0,0,0.0,0,8
236,256596,2018,9,0,0,0.0,0,0
236,363800,2018,3,0,0,0.0,594,0
236,360566,2018,8,0,0,0.0,0,0
236,382827,2018,10,0,0,0.0,546,0
236,360606,2018,11,0,0,0.0,0,0
236,362803,2018,12,0,0,700.0,0,0
237,7092,2018,7,6,11966,11966.0,0,0
237,9966,2017,6,5,10705,10705.0,594,76
237,3606,2017,8,5,3820,3820.0,0,0
237,104,2018,6,5,5607,5607.0,0,0
237,5666,2017,1,2,4830,4830.0,506,0
237,7803,2018,12,6,4836,4836.0,0,0
237,3626,2018,4,5,7808,7808.0,500,8
237,7883,2018,7,5,11406,1406.0,574,100
237,7984,2017,1,0,0,0.0,0,0
237,566,2018,6,0,0,0.0,0,0
237,17107,2018,2,0,0,0.0,0,0
237,27162,2017,11,0,0,0.0,0,0
237,21607,2018,2,0,0,0.0,0,0
237,104066,2018,3,0,0,0.0,0,0
237,102323,2017,3,0,0,0.0,0,0
237,200666,2018,10,0,0,0.0,500,1
237,227106,2018,5,0,0,0.0,0,0
237,237926,2018,7,0,0,0.0,0,0
237,260090,2017,11,0,0,0.0,0,0
237,267866,2018,8,0,0,0.0,0,0
237,268608,2017,10,0,0,0.0,533,0
237,202102,2018,12,0,0,0.0,519,0
237,219004,2018,1,0,0,0.0,0,0
237,310093,2018,9,0,0,0.0,0,8
238,3093,2018,7,6,7605,7605.0,528,90
238,7836,2018,7,7,15316,18316.0,0,0
238,896,2017,6,5,4676,4676.0,0,0
238,9702,2018,8,5,5148,5148.0,561,113
238,68385,2017,11,3,4326,4326.0,0,0
238,65206,2018,9,3,2830,2830.0,0,0
238,62493,2017,1,3,5696,5696.0,500,0
238,85803,2018,2,3,4300,4300.0,0,9
238,90807,2017,1,2,4323,4323.0,0,0
238,108467,2017,12,2,2337,2337.0,584,0
238,107869,2017,8,6,2884,2884.0,0,0
238,8066,2018,9,2,2040,2040.0,4,0
238,105166,2018,1,2,4336,4336.0,1,0
238,102666,2017,2,1,713,713.0,0,0
238,140663,2017,4,1,808,808.0,500,0
238,150106,2017,2,1,816,816.0,6,0
238,164986,2018,5,1,741,741.0,524,0
238,167166,2017,6,1,2071,811.0,0,1
238,166193,2017,10,1,373,833.0,0,0
238,168636,2018,3,1,837,313.0,0,0
238,161900,2017,11,1,641,36.0,0,0
238,163105,2018,10,1,781,15.0,0,0
238,327672,2018,11,0,0,41.0,0,0
238,378866,2018,12,0,700,0.0,560,0
239,4186,2018,6,6,5704,5704.0,587,91
239,6875,2018,7,6,5280,5280.0,444,100
239,8265,2017,8,5,10730,10730.0,0,0
239,8469,2017,7,5,14140,16140.0,0,0
239,476,2017,6,6,4006,4006.0,0,0
239,106,2017,8,5,4605,4605.0,500,0
239,7206,2018,5,6,12632,2632.0,0,0
239,7268,2018,8,6,10631,631.0,0,0
239,2933,2017,9,5,14727,4727.0,566,0
239,682,2018,12,5,14882,4882.0,0,0
239,7867,2017,10,6,8346,8346.0,0,0
239,114889,2017,12,2,4705,4705.0,0,0
239,168925,2017,11,2,4017,4017.0,544,0
239,160163,2018,12,1,2021,2021.0,1,100
239,163845,2018,1,1,746,746.0,0,95
239,163821,2018,12,1,788,788.0,0,8
239,164803,2018,2,1,1328,1328.0,0,0
239,191372,2017,1,0,0,0.0,0,0
239,200833,2017,3,0,0,0.0,3,0
239,304669,2018,4,0,0,15.0,899,0
239,327806,2018,6,0,0,0.0,0,0
239,353803,2018,1,0,0,0.0,0,0
239,350983,2018,11,0,4,0.0,0,0
239,349190,2018,11,0,0,0.0,0,1
240,1412,2018,7,7,14727,16727.0,500,0
240,861,2018,12,5,4330,4330.0,0,0
240,7193,2018,12,5,5478,5478.0,0,0
240,30809,2017,11,8,4490,4490.0,7,0
240,107,2017,7,5,5271,13271.0,0,0
240,4864,2017,3,6,1891,1891.0,500,0
240,17336,2018,6,4,2186,2186.0,500,140
240,25946,2018,5,5,2817,2817.0,504,0
240,37806,2017,8,4,5807,5807.0,0,0
240,37668,2017,1,4,2381,2381.0,0,0
240,85806,2018,1,3,5838,8838.0,0,0
240,17834,2018,4,5,10776,776.0,0,0
240,50674,2018,8,0,0,0.0,0,9
240,165086,2017,3,0,34100,0.0,0,0
240,164102,2017,10,0,0,0.0,4,0
240,160173,2017,9,0,0,0.0,598,108
240,160802,2018,2,0,0,0.0,0,0
240,260835,2017,11,0,0,0.0,0,8
240,268673,2017,10,0,0,0.0,729,99
240,263646,2017,1,0,0,0.0,0,9
240,261693,2018,9,0,0,0.0,0,8
240,262601,2018,10,0,0,0.0,0,0
240,267609,2017,11,0,0,0.0,0,0
240,274797,2018,11,0,0,0.0,3,5
240,235387,2017,12,0,0,0.0,0,0
240,267096,2017,12,0,0,0.0,0,0
240,220207,2017,12,0,0,0.0,0,0
240,202806,2018,6,0,0,0.0,0,6
240,209185,2017,12,0,0,0.0,0,3
240,260447,2017,8,0,0,0.0,6,0
240,278683,2017,11,0,0,0.0,396,101
240,233698,2018,5,0,0,0.0,0,0
240,263895,2017,12,0,0,0.0,0,0
240,237164,2018,2,0,0,0.0,521,0
240,155896,2018,6,0,0,0.0,500,0
240,252865,2017,12,0,0,0.0,0,0
240,261102,2017,12,0,0,0.0,0,0
240,209682,2017,1,0,0,0.0,0,0
240,260789,2018,2,0,0,0.0,0,0
240,265802,2018,6,0,0,0.0,0,0
240,264112,2018,1,0,0,0.0,0,0
240,265184,2018,2,0,0,0.0,0,0
240,260909,2017,11,0,0,0.0,0,0
240,267665,2018,1,0,0,0.0,0,0
240,260101,2018,12,0,0,0.0,0,0
240,267867,2018,8,0,0,0.0,1,0
240,260803,2018,11,0,0,0.0,0,0
240,207599,2018,11,0,0,0.0,0,0
241,2186,2017,7,6,14730,14730.0,0,0
241,7167,2018,6,6,14646,14646.0,0,0
241,303,2017,7,5,43825,10825.0,0,0
241,1602,2018,8,5,5405,14405.0,590,9
241,15567,2018,8,5,4371,4371.0,0,0
241,57006,2017,1,3,4837,4837.0,0,0
241,60696,2017,12,3,4807,4807.0,388,140
241,65952,2018,8,3,4867,4857.0,0,0
241,63396,2018,9,3,4228,4228.0,0,0
241,82603,2018,11,3,4387,4387.0,537,0
241,107896,2017,10,2,4802,4802.0,524,1
241,100103,2018,3,2,2107,2107.0,514,178
241,107806,2018,5,2,2661,2691.0,0,0
241,110802,2018,1,2,4376,4376.0,6,0
241,117394,2018,12,2,4401,4401.0,0,0
241,122176,2018,6,2,3802,3802.0,526,0
241,163406,2018,6,1,4481,4481.0,0,8
241,162995,2018,2,1,837,837.0,6,3
241,167167,2018,1,1,396,996.0,524,0
241,164262,2018,8,1,737,925.0,0,70
241,160176,2018,9,1,897,806.0,511,8
241,161166,2018,11,1,803,2.0,500,0
241,364022,2018,10,0,3,900.0,374,100
241,307629,2018,11,0,621,1.0,525,98
242,5136,2018,7,6,4726,4726.0,0,0
242,7665,2018,7,6,10781,20781.0,531,0
242,5806,2017,3,4,5888,5888.0,4,0
242,17804,2018,7,5,7600,7600.0,0,0
242,62699,2017,12,3,1009,1007.0,0,0
242,165803,2018,1,1,716,716.0,534,0
242,152465,2018,1,1,777,777.0,531,91
242,160986,2018,8,1,827,827.0,0,0
242,160278,2018,10,1,937,937.0,7,8
242,167656,2017,1,1,663,663.0,566,8
242,165198,2018,12,1,2401,2401.0,0,0
242,167676,2018,8,1,623,623.0,527,71
242,161806,2018,2,1,2467,2467.0,590,100
242,167678,2018,1,1,611,611.0,510,0
242,160339,2018,12,1,731,731.0,0,0
242,187993,2017,1,0,0,0.0,0,0
242,196179,2017,3,0,0,10000.0,7,1
242,205366,2017,4,0,0,0.0,0,0
242,207831,2017,5,0,0,0.0,0,0
242,260376,2017,5,0,0,0.0,0,0
242,266223,2017,11,0,0,0.0,510,1
242,360869,2018,10,0,0,0.0,0,9
242,327101,2018,11,0,0,0.0,0,0
242,376979,2018,12,0,0,0.0,0,108
243,3666,2017,6,6,5628,5628.0,0,4
243,5866,2017,7,6,14376,14376.0,7,0
243,5173,2017,8,6,10808,10808.0,631,108
243,7809,2018,3,5,8336,8336.0,0,0
243,7361,2018,8,6,7807,7807.0,0,0
243,2606,2017,6,3,4086,4086.0,0,0
243,7386,2017,5,2,1606,1606.0,448,56
243,2016,2017,8,6,3807,3807.0,500,0
243,894,2017,9,2,2278,2278.0,0,0
243,118704,2018,5,2,2866,2866.0,597,100
243,107816,2017,1,2,4616,4616.0,524,98
243,107476,2018,12,2,4423,4423.0,0,8
243,107186,2017,11,2,2380,2380.0,595,0
243,109901,2018,9,2,3682,3682.0,0,0
243,107892,2017,12,8,34678,4678.0,0,0
243,107662,2018,10,1,2331,2331.0,0,3
243,104096,2018,3,2,833,839.0,0,0
243,102593,2018,2,0,0,0.0,0,0
243,200006,2018,3,0,0,0.0,0,0
243,203666,2018,5,0,0,0.0,0,0
243,204065,2018,8,0,0,0.0,0,8
243,304407,2018,9,0,0,0.0,0,0
243,305605,2018,8,0,0,0.0,0,0
243,300608,2018,1,0,0,0.0,0,0
244,10096,2017,12,5,10725,10725.0,0,0
244,33205,2018,8,4,4636,4636.0,0,0
244,38869,2018,7,4,7800,7800.0,0,0
244,47662,2018,1,4,3268,3268.0,0,0
244,35309,2018,2,4,4503,4503.0,0,0
244,47487,2018,6,3,4306,4306.0,598,59
244,67666,2018,2,3,2846,2846.0,535,99
244,64817,2018,3,3,3647,3647.0,0,8
244,65107,2018,7,3,2972,2972.0,0,0
244,64167,2018,1,3,4638,10638.0,525,0
244,65166,2017,10,3,4807,4807.0,0,8
244,160379,2018,9,1,836,836.0,526,0
244,160894,2018,1,1,621,621.0,0,0
244,162836,2018,11,1,878,878.0,0,3
244,161668,2018,8,0,0,0.0,0,0
244,317997,2018,4,0,0,0.0,0,3
244,320807,2018,5,0,0,0.0,380,8
244,340367,2018,11,0,0,0.0,0,8
244,362805,2018,8,0,0,0.0,0,0
244,360375,2018,11,0,0,0.0,0,0
244,364106,2018,9,0,0,0.0,324,0
244,363103,2018,2,0,0,0.0,537,5
244,367401,2018,11,0,0,0.0,0,0
244,347159,2018,2,0,0,0.0,0,0
245,10332,2017,7,5,5930,5930.0,0,0
245,60698,2017,8,3,2817,2817.0,0,0
245,67606,2018,1,3,2367,2367.0,0,0
245,62606,2017,12,3,981,981.0,0,21
245,62195,2017,8,3,4601,4601.0,0,0
245,166602,2018,3,1,2066,2066.0,0,0
245,167695,2018,2,1,1736,2736.0,590,0
245,160166,2018,11,1,871,871.0,397,109
245,165676,2018,2,1,907,907.0,0,0
245,195499,2017,1,0,0,0.0,0,1
245,205603,2017,3,0,0,0.0,0,0
245,202466,2017,10,0,0,0.0,568,100
245,204165,2017,3,0,0,0.0,0,0
245,207791,2017,5,0,0,0.0,0,0
245,206163,2017,8,0,0,0.0,0,0
245,200287,2018,1,0,0,0.0,0,0
245,250403,2017,12,0,0,0.0,0,0
245,207822,2018,4,20,0,0.0,0,8
245,202162,2018,2,0,0,0.0,562,0
245,233073,2018,7,0,0,0.0,0,0
245,230086,2018,6,0,0,0.0,0,0
245,267169,2018,9,0,0,0.0,0,1
245,267702,2017,11,0,0,0.0,0,2
245,366106,2018,2,0,0,0.0,0,9
246,4866,2018,6,6,10666,10666.0,538,98
246,3663,2017,8,5,4345,4345.0,4,100
246,5106,2018,7,6,3200,13200.0,0,0
246,4853,2018,6,6,7300,7300.0,0,0
246,56167,2018,2,3,4933,4933.0,587,72
246,7906,2017,2,3,8645,8645.0,0,8
246,56186,2017,7,3,771,771.0,0,0
246,67316,2018,11,3,4677,4677.0,590,0
246,90863,2017,12,3,4335,4335.0,624,0
246,90695,2018,11,3,4336,4336.0,569,71
246,7107,2017,7,2,3806,3806.0,560,99
246,100106,2018,6,2,4876,4876.0,520,1
246,100805,2018,8,2,2428,2428.0,0,0
246,152833,2018,2,1,1604,1644.0,0,1
246,167402,2018,11,1,2266,2266.0,566,3
246,167886,2018,11,1,608,608.0,0,1
246,165805,2018,12,1,2658,2658.0,0,0
246,173806,2018,4,1,2307,2307.0,0,8
246,165106,2018,9,1,885,845.0,9,100
246,166008,2018,8,1,10846,826.0,8,0
246,165102,2018,1,1,1326,325.0,500,0
246,165866,2018,10,1,2003,5.0,0,0
246,160126,2018,11,1,871,6.0,525,0
246,165104,2018,12,1,1018,6.0,591,1
247,4499,2018,8,6,10636,10636.0,574,70
247,805,2018,7,6,10606,10606.0,0,0
247,56506,2018,2,3,7,7.0,524,72
247,6103,2017,9,3,4108,4108.0,467,98
247,606,2018,8,9,3977,3977.0,334,91
247,2607,2018,1,6,7628,7328.0,393,98
247,7863,2017,2,2,4233,4233.0,0,0
247,7807,2017,3,2,4776,4776.0,324,71
247,2807,2018,6,2,4332,4332.0,0,0
247,2672,2018,7,5,10806,806.0,534,0
247,49,2018,11,0,0,0.0,4,0
247,4896,2017,9,0,0,0.0,4,4
247,5879,2017,8,0,0,0.0,0,0
247,207068,2018,4,0,0,0.0,0,0
247,215002,2018,2,0,0,0.0,0,0
247,217867,2017,11,0,0,0.0,0,8
247,247866,2017,5,0,0,0.0,0,1
247,250864,2018,6,0,0,0.0,0,0
247,265666,2017,11,0,0,0.0,0,0
247,260165,2018,9,0,0,0.0,0,0
247,263663,2018,8,0,0,0.0,329,0
247,265183,2018,10,0,0,0.0,564,108
247,269475,2018,11,0,0,0.0,0,0
247,307113,2018,12,0,0,0.0,0,0
248,10903,2017,12,5,10320,10320.0,0,0
248,25699,2017,7,4,4800,4800.0,534,71
248,27846,2018,8,4,4828,4828.0,0,0
248,37105,2018,3,4,4228,4228.0,0,0
248,42603,2018,10,4,7331,7331.0,0,3
248,100602,2017,6,2,4828,6828.0,0,0
248,100223,2017,1,2,2801,2801.0,0,6
248,126805,2018,1,2,3660,3660.0,0,0
248,135036,2018,1,2,4236,4236.0,0,8
248,367191,2017,2,1,817,817.0,568,100
248,361410,2018,8,1,2476,2476.0,0,0
248,368626,2018,10,1,801,801.0,0,0
248,361662,2018,8,1,841,841.0,0,0
248,360895,2017,12,1,1223,1223.0,0,0
248,337903,2017,7,0,0,0.0,0,0
248,367403,2018,8,0,0,0.0,0,0
249,3899,2017,7,6,5625,5625.0,0,0
249,5610,2018,6,7,4347,4347.0,0,8
249,3166,2018,8,6,10850,10850.0,0,0
249,47617,2018,7,4,4306,4306.0,714,100
249,45802,2018,1,6,4363,4363.0,531,101
249,55863,2017,4,3,6807,6807.0,591,100
249,65167,2017,8,16,4348,4348.0,524,96
249,60884,2017,12,3,4422,4422.0,844,91
249,65186,2018,9,3,4746,4746.0,200,0
249,160990,2018,1,1,11,11.0,0,0
249,199802,2017,12,1,1737,1737.0,571,0
249,102894,2017,1,1,1601,1601.0,544,0
249,159804,2018,2,1,807,807.0,596,0
249,167606,2018,8,1,705,505.0,528,71
249,184896,2017,2,0,0,0.0,0,0
249,193865,2017,1,0,0,0.0,0,9
249,252808,2017,3,0,0,0.0,0,1
249,262094,2017,10,0,0,0.0,0,0
249,269866,2017,11,0,0,0.0,0,9
249,261172,2018,1,0,0,0.0,347,0
249,269176,2017,12,0,0,0.0,0,0
249,273866,2018,11,0,0,0.0,518,0
249,300003,2018,1,0,0,0.0,0,2
249,342685,2018,3,0,0,0.0,0,0
250,2796,2017,6,6,14220,14220.0,0,0
250,12346,2017,12,5,10800,10800.0,0,0
250,19967,2018,7,5,4700,4700.0,0,0
250,17609,2018,11,5,2805,2905.0,0,0
250,68693,2018,1,3,4307,4307.0,1,0
250,60805,2018,3,3,2227,2227.0,523,108
250,140196,2017,10,1,1806,12806.0,0,0
250,61863,2018,8,1,2906,2906.0,515,8
250,197806,2017,1,0,0,0.0,0,0
250,197103,2017,1,0,0,0.0,3,8
250,190462,2017,2,0,0,0.0,0,0
250,197860,2017,2,0,0,0.0,594,0
250,207667,2018,3,0,0,0.0,7,0
250,207533,2017,7,0,0,0.0,0,0
250,224009,2017,4,0,0,0.0,0,0
250,240606,2017,8,0,0,0.0,0,0
250,250105,2017,9,0,0,0.0,0,0
250,262968,2017,11,0,0,0.0,0,0
250,262906,2017,10,0,0,0.0,0,0
250,266801,2018,3,0,0,0.0,0,0
250,260465,2018,1,0,0,0.0,0,8
250,267669,2018,11,0,0,0.0,574,0
250,286925,2018,10,0,0,0.0,0,0
250,207303,2018,12,0,0,0.0,0,0
251,3895,2017,7,6,10020,10020.0,0,0
251,856,2018,6,6,14836,14836.0,0,0
251,393,2018,8,5,4335,4335.0,0,0
251,56306,2018,8,3,5600,5600.0,560,1
251,93182,2017,2,2,4602,4602.0,541,58
251,3697,2018,11,2,4600,4600.0,547,8
251,100803,2017,12,2,2108,2608.0,334,78
251,107909,2017,11,2,3806,3806.0,0,0
251,100207,2018,2,1,809,809.0,0,0
251,100861,2017,9,2,2478,2478.0,520,1
251,107460,2018,2,2,906,906.0,500,8
252,9735,2017,6,5,3920,3920.0,0,0
252,5102,2017,8,5,7801,7801.0,0,0
252,16898,2017,6,5,4860,4860.0,0,0
252,16886,2018,1,5,2435,2435.0,0,0
252,17862,2018,1,5,4337,4337.0,800,9
252,53168,2018,9,3,4802,4802.0,500,0
252,67869,2018,2,3,5876,5876.0,0,1
252,195823,2018,1,0,0,0.0,0,0
252,190206,2017,3,0,0,0.0,0,0
252,90662,2018,2,0,0,0.0,0,8
252,197667,2018,4,0,0,0.0,0,0
253,4864,2017,6,6,4528,4528.0,0,0
253,4803,2018,6,6,10208,10208.0,4,100
253,806,2017,7,6,4668,4648.0,0,0
253,7193,2018,4,3,4313,4313.0,500,0
253,97866,2018,9,3,2437,2437.0,0,0
253,100524,2017,2,2,1336,11336.0,0,2
253,103806,2017,11,2,2688,2988.0,500,0
253,107866,2017,12,2,30620,620.0,8,1
253,100112,2017,11,2,1438,1438.0,0,0
253,100102,2017,11,2,2641,2641.0,0,0
253,107602,2018,3,2,2330,2330.0,328,0
253,100679,2017,2,2,2835,2835.0,520,3
253,100306,2018,8,1,800,800.0,531,98
253,108486,2017,3,2,1836,1836.0,0,3
253,107897,2017,1,8,2327,2327.0,0,0
253,107672,2018,4,0,0,0.0,0,2
253,101003,2018,9,0,0,0.0,566,100
253,107898,2017,12,0,0,0.0,4,8
253,104676,2018,3,0,0,0.0,0,0
253,300184,2018,8,0,0,0.0,0,0
253,356706,2018,1,0,0,0.0,0,0
253,312867,2018,5,0,0,0.0,0,0
253,309204,2018,10,0,0,0.0,524,140
253,307666,2018,8,0,0,0.0,365,0
254,30538,2018,11,5,10205,10205.0,0,0
254,60538,2017,2,3,7987,7987.0,0,0
254,67803,2018,8,3,3305,3305.0,594,193
254,67606,2018,11,3,4656,4656.0,0,0
254,64103,2018,6,3,4396,4396.0,0,0
254,67806,2017,12,3,7406,7406.0,0,0
254,60006,2018,1,3,4376,4376.0,0,0
254,60362,2018,9,3,5818,5812.0,0,0
254,103385,2017,12,3,4331,14331.0,0,91
254,105469,2018,12,2,4631,4631.0,0,0
254,107199,2018,1,2,4677,4677.0,0,0
254,101602,2017,10,2,4985,4985.0,0,0
254,107827,2018,12,1,681,681.0,0,0
254,101106,2017,3,2,406,406.0,594,78
254,134936,2018,11,1,806,806.0,570,1
254,154863,2018,2,1,847,847.0,0,0
254,162846,2018,3,1,1067,867.0,564,0
254,167971,2018,6,1,2491,2481.0,0,0
254,160105,2018,1,1,2331,2476.0,0,1
254,200405,2017,12,0,0,0.0,0,8
254,308602,2017,3,0,0,0.0,0,0
254,307924,2018,4,0,0,0.0,590,0
254,345107,2018,11,0,0,5.0,0,0
254,300555,2018,12,0,0,0.0,0,0
255,2665,2017,7,6,10686,10686.0,575,128
255,7606,2018,6,5,10300,10300.0,0,0
255,7305,2018,8,5,10340,10340.5,0,0
255,47566,2018,8,4,4803,4803.0,0,0
255,62806,2018,3,3,4308,4308.0,0,0
255,87805,2018,10,3,3328,3328.0,0,0
255,100165,2017,11,2,4817,4817.0,0,0
255,137116,2018,9,1,2321,2321.0,528,0
255,160681,2018,2,1,807,807.0,534,78
255,162190,2018,1,1,601,601.0,591,91
255,167302,2018,12,1,837,837.0,590,93
255,160803,2018,1,1,2000,2000.0,394,0
255,207180,2017,1,0,0,0.0,0,0
255,204606,2017,10,0,0,0.0,0,0
255,217962,2017,7,0,0,0.0,0,0
255,215096,2017,4,0,0,0.0,0,0
255,233663,2017,8,0,0,0.0,0,0
255,238103,2017,6,0,0,0.0,0,0
255,236393,2018,3,0,0,0.0,0,0
255,264102,2017,12,0,0,0.0,0,0
255,235108,2018,7,0,0,0.0,0,8
255,263102,2017,11,0,0,0.0,0,0
255,367894,2018,11,0,0,0.0,524,0
255,361893,2018,12,0,0,0.0,0,8
256,7308,2018,8,5,10705,10705.0,510,91
256,7694,2018,7,6,3046,3046.0,0,0
256,8796,2017,3,5,4845,4845.0,0,1
256,18665,2018,5,5,14330,4330.0,0,8
256,35804,2018,9,4,886,886.0,700,0
256,87366,2018,1,3,4681,4681.0,0,0
256,187103,2017,2,1,11,11.0,0,28
256,97606,2017,1,0,0,0.0,0,0
256,197869,2017,8,0,0,0.0,534,141
256,199106,2017,2,0,0,0.0,0,0
256,191806,2018,3,0,0,0.0,0,0
256,197866,2017,4,0,0,0.0,0,0
256,193895,2017,1,0,0,0.0,0,0
256,199755,2018,12,0,0,0.0,0,0
256,204603,2017,1,0,0,0.0,0,0
256,207987,2018,2,0,0,0.0,0,0
256,201807,2018,4,0,0,0.0,0,1
256,204804,2018,1,0,0,0.0,0,0
256,216368,2018,4,0,0,0.0,0,0
256,317167,2018,5,0,0,0.0,0,0
256,312096,2018,7,0,0,0.0,0,0
256,327606,2018,6,0,0,0.0,4,100
256,327663,2018,10,0,0,0.0,0,0
256,360698,2018,12,0,0,0.0,0,0
257,4766,2017,6,6,13800,13800.0,0,0
257,7166,2018,3,6,12886,22886.0,538,101
257,806,2017,1,5,3805,3805.0,0,1
257,10101,2018,1,2,4806,10806.0,0,0
257,143103,2018,1,2,4671,4671.0,524,100
257,153332,2017,5,1,866,866.0,0,0
257,165492,2018,12,1,936,936.0,500,0
257,167199,2017,1,1,1101,1401.0,0,0
257,204865,2017,1,0,0,0.0,0,0
257,207603,2017,2,0,0,0.0,0,0
257,205503,2017,12,0,0,0.0,568,100
257,287906,2017,3,0,0,0.0,0,100
257,267565,2017,9,0,0,0.0,0,0
257,277803,2017,11,0,0,0.0,0,0
257,200893,2018,4,0,0,0.0,0,0
257,216675,2018,12,0,0,0.0,0,0
257,227671,2017,11,0,0,0.0,0,21
257,203033,2018,1,0,0,0.0,0,0
257,208102,2018,2,0,0,0.0,0,0
257,200463,2018,4,0,0,0.0,0,0
257,207631,2018,5,0,0,0.0,0,0
257,315553,2018,6,0,0,0.0,0,0
257,357176,2018,8,0,0,0.0,0,0
257,310586,2018,12,0,0,0.0,0,0
258,7764,2017,3,5,12020,12020.0,500,0
258,7305,2018,6,6,4882,4882.0,0,0
258,7163,2018,8,5,4310,4310.0,0,0
258,60693,2018,3,3,4386,4386.0,500,0
258,67887,2017,11,3,4685,4685.0,531,6
258,65334,2017,12,3,5601,5601.0,500,8
258,68806,2017,11,3,2466,2466.0,0,5
258,60106,2018,1,3,1009,1009.0,0,58
258,90163,2018,4,2,3376,3376.0,0,0
258,105609,2017,2,2,1688,1688.0,0,1
258,100165,2018,8,2,4681,4681.0,500,0
258,104697,2017,12,2,3380,3380.0,0,0
258,106825,2017,10,2,2316,2316.0,525,0
258,107560,2017,11,2,3806,3806.0,0,0
258,103539,2018,2,0,0,0.0,0,0
258,195896,2018,3,0,0,0.0,0,0
258,200663,2018,4,0,0,0.0,0,0
258,207997,2018,3,0,39,0.0,0,0
258,200108,2018,7,0,0,0.0,0,0
258,200106,2018,12,0,0,0.0,0,0
258,329867,2018,5,0,0,0.0,0,0
258,360106,2018,10,0,0,0.0,0,0
258,314986,2018,7,0,0,0.0,0,0
258,360102,2018,12,0,0,0.0,592,0
259,182100,2017,1,0,0,0.0,0,0
259,190365,2018,2,0,0,0.0,0,0
259,200631,2017,3,0,0,0.0,514,1
259,200606,2017,4,0,0,0.0,0,0
259,219085,2017,6,0,0,0.0,0,0
259,285657,2017,3,0,0,0.0,0,0
259,217607,2017,5,0,0,0.0,0,0
259,217605,2017,6,0,0,0.0,0,0
259,220082,2017,4,0,0,0.0,0,0
259,225164,2017,8,0,0,0.0,0,0
259,225606,2017,9,0,0,0.0,0,0
259,237899,2017,12,0,0,0.0,0,0
259,237007,2017,11,0,0,0.0,0,0
259,266466,2017,12,0,0,0.0,0,0
259,260109,2018,1,0,0,0.0,0,0
259,260106,2018,2,0,0,0.0,0,0
259,202860,2018,1,0,0,0.0,0,0
259,257189,2018,2,0,0,0.0,0,0
259,307816,2018,3,0,0,0.0,0,0
259,300666,2018,4,0,0,0.0,0,0
259,360405,2018,7,0,0,0.0,0,100
259,360307,2018,10,0,0,0.0,0,0
259,357616,2018,11,0,0,0.0,0,0
259,360663,2018,12,0,0,0.0,0,8
260,815,2017,6,5,7625,7625.0,0,0
260,4960,2018,7,6,10936,10936.0,634,100
260,2136,2018,8,6,4891,4891.0,0,0
260,94865,2018,3,3,4344,4344.0,747,93
260,173,2017,5,2,4608,16608.0,0,0
260,2626,2018,2,2,2376,2376.0,500,0
260,107102,2018,11,2,2016,2016.0,534,8
260,100403,2017,8,2,2428,2428.0,0,0
260,100372,2018,11,2,12644,2644.0,0,0
260,109007,2017,12,2,4778,778.0,8,0
260,100605,2017,12,2,4608,4608.0,0,0
260,100653,2017,12,2,4826,4826.0,560,1
260,107666,2018,3,2,4908,4908.0,800,0
260,100163,2018,4,2,808,808.0,364,0
260,100393,2018,4,1,741,741.0,1,0
260,109196,2017,3,0,0,0.0,598,1
260,180099,2018,4,0,0,0.0,0,8
260,190136,2018,1,0,0,0.0,0,8
260,197666,2018,2,0,0,0.0,0,0
260,307605,2018,5,0,0,0.0,0,0
260,307993,2018,8,0,0,0.0,0,0
260,300866,2018,6,0,0,0.0,0,9
260,303899,2018,1,0,0,0.0,0,0
260,304867,2018,8,0,0,0.0,0,1
261,695,2017,9,6,4722,4722.0,0,0
261,905,2017,7,5,4161,4161.0,0,0
261,5603,2018,12,5,5620,5620.0,0,0
261,706,2017,8,6,8430,8430.5,324,0
261,7021,2017,1,5,10825,825.0,574,78
261,3805,2017,3,6,6422,6422.0,0,0
261,569,2017,5,0,0,0.0,4,0
261,1803,2017,8,0,0,0.0,0,0
261,17276,2018,2,0,0,0.0,0,0
261,165676,2017,10,0,0,0.0,0,0
261,168965,2018,6,0,0,0.0,0,0
261,192869,2017,11,0,0,0.0,0,0
261,190105,2018,2,0,0,0.0,0,0
261,300103,2018,9,0,0,0.0,0,0
261,322186,2018,1,0,0,0.0,0,0
261,337176,2018,11,0,0,0.0,4,0
261,306366,2018,3,0,0,0.0,0,0
261,307885,2018,12,0,0,0.0,0,0
261,300068,2018,4,0,0,0.0,0,8
261,305897,2018,5,0,0,0.0,514,0
261,327682,2018,6,0,0,0.0,0,0
261,368063,2018,12,0,0,0.0,0,0
261,370197,2018,10,0,0,0.0,0,0
261,366187,2018,12,0,0,0.0,0,0
262,2126,2017,6,6,10930,10930.0,0,0
262,7196,2018,7,3,3623,3623.5,500,0
262,103,2017,8,6,10707,10507.0,501,100
262,17823,2017,1,5,4916,6916.0,0,0
262,27806,2018,5,4,7847,7847.0,500,8
262,57153,2017,8,3,1307,1307.0,514,100
262,106096,2017,8,2,4378,4378.0,0,0
262,112803,2018,7,2,4678,4678.0,500,98
262,114370,2018,1,2,4306,4306.0,0,8
262,155863,2018,1,1,641,641.0,548,8
262,193933,2017,11,0,0,0.0,0,0
262,190623,2017,12,0,0,0.0,0,6
262,207164,2017,2,0,0,0.0,0,0
262,200695,2018,8,0,0,0.0,0,0
262,207165,2017,12,0,0,0.0,4,5
262,207822,2017,4,0,0,0.0,0,0
262,263865,2017,9,0,0,0.0,0,0
262,261807,2017,3,0,0,0.0,435,8
262,268606,2017,10,0,0,0.0,0,0
262,258923,2018,1,0,0,0.0,0,1
262,263112,2017,11,0,0,0.0,0,0
262,267086,2018,1,0,0,0.0,0,0
262,278886,2018,12,0,0,0.0,0,8
262,367884,2018,12,0,0,0.0,0,3
263,2889,2017,8,6,8136,8136.0,597,103
263,20803,2018,7,5,7865,7865.0,398,123
263,27639,2017,7,4,12740,12740.0,0,8
263,37354,2018,3,4,4624,4624.0,0,0
263,57205,2017,9,3,2910,2910.0,508,0
263,57995,2017,1,3,2767,2767.0,0,8
263,57676,2017,3,3,2361,2361.0,0,0
263,67733,2017,5,3,4640,4640.0,745,8
263,62603,2017,12,3,3038,3038.0,528,100
263,67606,2018,1,3,4367,4367.0,566,0
263,165605,2018,8,1,6,6.0,0,143
263,164855,2018,2,1,648,648.0,525,8
263,168874,2018,3,1,1778,1778.0,536,0
263,162106,2018,10,1,2890,2890.0,790,8
263,187809,2017,1,0,6,6.0,591,93
263,182104,2017,1,0,0,0.0,0,0
263,197200,2017,4,0,0,0.0,597,0
263,205133,2017,4,0,0,0.0,0,78
263,212203,2018,2,0,0,0.0,0,1
263,243836,2017,7,0,0,0.0,0,0
263,250053,2017,6,0,0,0.0,510,91
263,252803,2017,11,0,0,0.0,4,0
263,267566,2018,11,0,0,0.0,0,87
263,260153,2018,8,0,0,0.0,0,8
264,11606,2018,5,5,10610,10610.0,564,95
264,17809,2018,3,5,5140,5140.0,0,8
264,58605,2017,1,3,2047,2047.0,528,101
264,65405,2018,8,3,4668,4668.0,0,1
264,75129,2018,6,3,3302,3302.0,561,1
264,97109,2017,7,3,4637,4637.0,500,8
264,107872,2018,2,2,4030,4030.0,564,100
264,137501,2017,1,1,2866,2866.0,6,6
264,142236,2017,1,1,636,636.0,0,8
264,166405,2018,10,1,897,897.5,537,1
264,160162,2018,12,1,837,836.0,0,0
264,197405,2017,2,0,7,7.0,0,0
264,200876,2017,3,0,0,0.0,0,0
264,201366,2017,4,0,0,0.0,0,0
264,237924,2017,5,0,0,0.0,0,0
264,245890,2017,8,0,0,0.0,0,0
264,287156,2018,9,0,0,0.0,0,0
264,257866,2018,11,0,0,0.0,0,0
264,267662,2018,12,0,0,0.0,0,0
264,287183,2018,1,0,0,0.0,0,4
264,327845,2018,5,0,0,0.0,0,0
264,307866,2018,2,0,0,0.0,0,0
264,307176,2018,8,0,0,0.0,597,100
264,363196,2018,9,0,0,0.0,0,0
265,12118,2017,8,5,10805,10805.0,0,0
265,7886,2018,6,5,10185,10185.0,547,71
265,17647,2018,7,5,20696,10696.0,504,1
265,27282,2018,6,4,2320,2320.0,0,9
265,18097,2018,8,5,2306,12306.0,521,0
265,17830,2018,9,2,3885,3885.0,0,8
265,58867,2017,1,3,3303,3303.0,0,0
265,107865,2017,3,2,4336,4336.0,7,148
265,106604,2017,1,2,4884,4884.0,0,0
265,105609,2018,12,2,2141,2141.0,544,8
265,107885,2017,9,2,4606,4606.0,0,8
265,104907,2018,10,2,3122,3122.0,0,8
265,100673,2018,2,2,2806,2806.0,524,3
265,108682,2017,10,2,4130,4130.0,0,2
265,107269,2018,12,2,4802,4802.0,0,0
265,107135,2018,5,2,2476,2476.0,500,0
265,103368,2018,3,2,3806,3806.0,0,0
265,101608,2018,4,2,4440,4000.0,627,91
265,104000,2018,3,2,2636,2826.0,500,1
265,200276,2017,8,0,0,6.0,0,1
265,207896,2018,4,0,0,0.0,0,0
265,207136,2018,2,0,0,0.0,8,100
265,374705,2018,1,0,0,0.0,0,0
265,357105,2018,12,0,0,0.0,797,1
266,81762,2018,10,3,12287,12287.0,0,0
266,89642,2018,12,3,5227,5227.0,0,0
266,125406,2018,8,2,4836,14836.0,526,71
266,187879,2017,1,0,0,0.0,0,0
266,109862,2017,2,0,0,0.0,0,8
266,207669,2018,1,0,0,0.0,0,0
266,207096,2017,2,0,0,0.0,0,0
266,204163,2017,3,0,0,0.0,4,8
266,207363,2018,4,0,0,0.0,0,0
266,209663,2017,9,0,0,0.0,0,0
266,214103,2017,5,0,0,0.0,0,0
266,225656,2017,6,0,0,0.0,0,71
266,256884,2017,8,0,0,0.0,0,0
266,261950,2017,11,0,0,0.0,0,0
266,260008,2017,12,0,0,0.0,0,0
266,207896,2017,11,0,0,0.0,0,0
266,200466,2018,4,0,0,0.0,0,8
266,317507,2018,5,0,0,0.0,0,8
266,317805,2018,3,0,0,0.0,0,0
266,322611,2018,2,0,0,0.0,0,0
266,342907,2018,10,0,0,0.0,0,0
266,302962,2018,12,0,0,0.0,507,0
266,330902,2018,8,0,0,0.0,0,0
266,355686,2018,9,0,100,0.0,0,0
266,347103,2018,1,0,0,0.0,0,0
266,347266,2018,9,0,0,0.0,0,0
266,338323,2018,2,0,0,0.0,0,8
266,327102,2018,6,0,0,0.0,0,0
266,352346,2018,7,0,0,0.0,0,0
266,301606,2018,4,0,0,0.0,0,0
266,303100,2018,8,0,0,0.0,0,0
266,357801,2018,1,0,0,0.0,0,0
266,328562,2018,1,0,0,0.0,0,0
266,339079,2018,2,0,0,0.0,0,0
266,364676,2018,8,0,0,0.0,0,1
266,345166,2018,3,0,0,0.0,0,0
266,355673,2018,6,0,0,0.0,0,0
266,378433,2018,5,0,0,0.0,0,0
266,360223,2018,8,0,0,0.0,0,0
266,359907,2018,9,0,0,0.0,0,0
266,392102,2018,9,0,0,0.0,0,0
266,362693,2018,9,0,0,0.0,0,0
266,327903,2018,6,0,0,0.0,0,8
266,355107,2018,10,16,0,0.0,0,0
267,6892,2018,6,6,7236,7236.0,0,0
267,7196,2018,7,6,14816,14816.0,0,0
267,4806,2017,3,5,30875,875.0,0,0
267,7822,2017,5,5,14330,10930.0,0,0
267,4864,2017,7,5,14607,6605.0,4,0
267,4868,2018,1,3,6606,6606.0,0,0
267,67906,2017,11,3,1308,1308.0,527,0
267,62103,2018,12,3,4607,4607.0,547,1
267,67874,2018,1,3,5126,5126.0,0,0
267,66847,2018,12,3,4606,4606.0,0,0
267,107166,2017,8,3,1107,1107.0,534,1
267,102203,2018,6,2,2038,2038.0,0,8
267,115105,2018,11,2,2600,2600.0,0,0
267,140565,2017,2,1,2816,12816.0,0,0
267,162809,2018,3,1,976,10976.0,0,0
267,164897,2018,1,1,2106,2106.0,0,0
267,315106,2018,4,0,0,0.0,729,0
267,324167,2018,6,0,0,0.0,0,0
267,327806,2018,1,0,0,0.0,0,0
267,327344,2018,6,0,0,0.0,0,0
267,375672,2018,9,0,0,0.0,544,0
267,362852,2018,11,0,0,0.0,630,0
267,360353,2018,3,0,0,0.0,4,0
267,369603,2018,12,0,0,0.0,0,0
268,2509,2017,8,6,4685,4685.0,0,0
268,6686,2018,8,6,4626,4626.0,810,0
268,4893,2018,7,6,10806,10806.0,500,1
268,7804,2018,5,6,5800,5800.0,0,0
268,602,2018,12,6,4916,4916.0,0,0
268,1366,2017,8,5,5001,5001.0,500,0
268,7186,2018,9,3,4237,4237.0,0,0
268,2994,2017,8,2,4228,4228.0,0,0
268,107169,2018,11,2,4802,4802.0,548,0
268,100686,2018,9,2,3646,3646.0,0,0
268,100296,2018,9,2,4461,4461.0,500,0
268,100802,2018,9,2,4606,4606.0,524,1
268,100146,2017,10,2,4386,4386.0,0,9
268,100660,2018,2,2,2004,2856.0,0,1
268,100894,2018,11,2,1831,1831.0,0,0
268,106129,2017,11,2,4327,4327.0,584,108
268,207143,2017,12,0,0,0.0,526,0
268,243494,2017,11,0,0,0.0,0,8
268,300506,2018,3,0,0,0.0,500,0
268,316865,2018,4,0,0,0.0,0,1
268,357666,2018,9,0,0,0.0,526,2
268,300686,2018,12,0,0,0.0,0,0
268,307819,2018,3,0,0,0.0,0,79
268,307006,2018,4,0,0,0.0,0,1
269,2142,2017,7,6,10230,10230.0,0,0
269,136,2018,8,6,14830,14830.0,0,0
269,7376,2017,6,5,4325,4325.0,0,0
269,17104,2018,10,5,4385,4385.0,530,71
269,27506,2017,9,5,4120,4120.0,0,8
269,64823,2017,8,3,4377,4377.0,0,0
269,68106,2017,11,3,4617,4617.0,61,0
269,100606,2017,2,2,2328,2328.0,0,0
269,107665,2018,3,2,4328,4328.0,0,0
269,101833,2017,12,2,4808,4808.0,890,0
269,107607,2018,7,2,4732,4732.0,0,0
269,107822,2018,9,2,4626,4626.0,567,0
269,148867,2018,10,1,331,41331.0,0,0
269,154308,2018,2,1,841,841.0,0,0
269,164106,2018,9,1,346,346.0,521,0
269,165696,2018,11,1,606,606.0,524,0
269,165103,2018,2,1,1326,1026.0,500,0
269,163973,2017,1,1,891,891.0,531,8
269,161192,2018,2,1,601,661.0,0,71
269,162106,2018,1,1,616,996.0,0,8
269,167159,2018,8,0,6,0.0,580,8
269,190176,2018,10,0,0,0.0,524,108
269,303487,2018,6,0,0,0.0,0,0
269,300661,2018,11,0,0,0.0,588,0
270,5006,2017,8,6,4396,4396.0,0,0
270,25106,2017,1,4,4636,4636.0,537,78
270,27897,2018,12,5,5005,5005.0,526,95
270,46832,2018,5,4,7342,7362.0,0,91
270,41809,2018,11,4,4600,4600.0,0,0
270,62863,2018,12,3,1669,1669.5,500,1
270,62802,2018,1,3,4903,4903.0,0,8
270,66895,2018,8,3,4377,4377.0,0,0
270,103165,2017,11,2,4436,4436.0,0,0
270,127866,2018,7,2,4788,4788.0,0,0
270,167406,2018,2,1,901,901.0,0,0
270,165693,2018,7,1,2137,2137.0,0,0
270,161892,2018,12,1,2635,2635.0,528,0
270,177882,2018,11,1,703,703.5,0,0
270,187807,2017,2,0,0,0.0,4,1
270,190806,2017,2,0,0,0.0,0,0
270,201194,2017,3,0,0,0.0,0,0
270,200862,2017,4,0,0,0.0,0,0
270,206102,2017,3,0,0,0.5,0,0
270,205807,2018,3,0,0,0.0,0,0
270,325886,2018,6,0,0,0.0,0,0
270,330177,2018,12,0,0,0.0,0,0
270,369367,2018,11,0,0,0.0,0,0
270,355866,2018,3,0,0,0.0,0,8
271,667,2017,7,5,10330,10330.0,0,0
271,7853,2018,6,6,14600,14600.0,0,0
271,303,2018,8,5,5000,12000.0,0,0
271,7686,2017,11,5,7220,7220.0,0,0
271,9165,2017,7,3,2383,2383.0,0,0
271,7133,2017,9,2,4662,4662.0,570,1
271,117603,2018,6,2,4030,4030.0,0,0
271,110166,2018,7,2,4869,4869.0,0,0
271,120306,2017,2,2,3230,3230.0,0,0
271,112832,2018,12,2,3026,3026.0,0,0
271,347885,2017,11,2,1836,1836.0,0,8
271,357666,2017,8,1,737,737.0,0,0
271,377095,2018,4,1,1276,1276.0,534,0
271,311675,2017,9,0,0,0.0,0,0
271,300103,2018,10,0,0,0.0,0,0
271,327004,2018,12,0,0,0.0,0,0
271,327642,2018,5,0,0,0.0,0,0
271,310668,2018,11,0,0,0.0,0,91
271,351209,2018,1,0,0,0.0,0,0
271,317160,2018,4,0,0,0.0,0,0
271,323835,2018,5,0,0,0.0,0,0
271,360903,2018,10,0,0,0.0,500,91
271,320466,2018,11,0,0,0.0,0,0
271,390005,2018,12,0,0,0.0,0,0
272,7296,2018,7,7,5755,5755.0,530,3
272,1156,2018,7,6,13606,13606.0,520,0
272,12964,2018,12,5,4786,16786.0,508,92
272,17804,2018,9,5,4663,4663.0,7,21
272,27567,2018,3,5,3880,3880.0,601,8
272,63863,2018,1,3,4730,4730.0,510,0
272,85163,2018,6,3,4805,4805.0,0,8
272,101337,2017,11,3,1807,1807.0,524,0
272,100802,2017,1,2,3766,3766.0,0,91
272,148146,2017,8,1,2236,2296.0,501,0
272,142803,2017,9,1,1407,1407.0,4,0
272,154122,2018,1,1,721,721.0,0,0
272,165365,2018,10,1,627,627.0,0,3
272,165362,2018,12,1,710,710.0,0,0
272,163906,2017,2,1,40607,607.0,599,91
272,161893,2018,10,1,836,836.0,0,100
272,162203,2018,12,1,1,1.0,0,1
272,207869,2017,8,0,0,0.0,0,0
272,202163,2017,3,0,0,0.0,594,1
272,317169,2018,4,0,0,0.0,0,1
272,320464,2018,5,0,0,0.0,0,0
272,369861,2018,10,0,0,0.0,0,0
272,368116,2018,11,0,0,0.0,521,0
272,344129,2018,12,0,0,0.0,518,0
273,180653,2018,11,0,0,0.0,0,0
273,186093,2017,1,0,0,0.0,0,0
273,105374,2017,2,0,0,6.0,0,0
273,195808,2017,2,0,7,0.0,0,0
273,207682,2017,3,0,0,0.0,0,0
273,207898,2017,4,0,0,0.0,0,0
273,207109,2017,5,0,0,0.0,0,0
273,200000,2017,6,0,0,0.0,0,0
273,210102,2017,7,0,0,0.0,0,0
273,227607,2017,8,0,0,0.0,0,0
273,220196,2017,9,0,0,0.0,0,0
273,237199,2017,6,0,0,0.0,537,0
273,243161,2017,7,0,0,0.0,0,0
273,246607,2017,8,0,0,0.0,0,8
273,250109,2017,9,0,0,0.0,0,0
273,260136,2017,10,0,0,0.0,0,0
273,268843,2018,8,0,0,0.0,0,0
273,260804,2018,1,0,0,0.0,578,0
273,270103,2018,1,0,0,0.0,0,0
273,340601,2018,8,0,0,0.0,0,0
273,353024,2018,9,0,0,0.0,0,0
273,367492,2018,11,0,0,0.0,2,0
273,367031,2018,11,0,0,0.0,0,0
273,367664,2018,12,0,0,0.0,0,0
274,8866,2017,3,5,4825,4822.0,0,0
274,7668,2017,8,5,10347,10347.0,0,0
274,42086,2018,1,4,2036,22036.0,0,0
274,47106,2018,1,4,7898,7898.0,0,8
274,57162,2017,2,3,3273,3273.0,398,0
274,68196,2018,6,3,1646,1646.0,0,8
274,78280,2018,5,3,2066,2066.0,336,91
274,60108,2018,7,3,4841,4841.0,500,1
274,61136,2018,8,3,4440,4410.0,500,98
274,73866,2018,11,3,4371,4371.0,500,8
274,97803,2017,2,3,4138,4138.0,594,0
274,107757,2018,6,2,2306,2306.0,0,0
274,101196,2018,3,2,13767,3767.0,0,9
274,109106,2018,8,2,15232,2232.0,0,0
274,102108,2017,2,1,1848,1148.0,600,0
274,207806,2017,1,0,0,0.0,0,0
274,206166,2017,4,0,0,0.0,0,0
274,200571,2017,6,0,0,0.0,0,1
274,223806,2018,5,0,0,0.0,0,0
274,257863,2017,9,0,0,0.0,500,8
274,264107,2017,10,0,0,0.0,0,0
274,235500,2018,6,0,0,0.0,599,0
274,260662,2017,11,0,948,0.0,0,0
274,220608,2017,10,0,0,0.0,0,8
275,1696,2018,7,6,14696,14696.0,800,0
275,836,2018,8,8,3706,3706.0,514,108
275,803,2018,6,5,7715,7775.0,528,0
275,7906,2018,7,6,13887,3887.0,560,43
275,7956,2017,11,5,4307,4307.0,0,9
275,7865,2017,2,5,5001,5001.0,528,0
275,7103,2017,3,1,601,601.0,5,0
275,2906,2017,9,0,0,0.0,0,8
275,100890,2018,10,0,0,0.0,538,148
275,107806,2018,12,0,0,0.0,0,0
275,107846,2018,11,0,0,0.0,0,0
275,7166,2017,6,0,0,0.0,0,0
275,203196,2017,12,0,0,0.0,0,0
275,206686,2017,3,0,0,0.0,0,0
275,205668,2018,8,0,0,0.0,0,0
275,210867,2018,11,0,0,0.0,0,0
275,223106,2018,2,0,0,0.0,0,0
275,225102,2017,5,0,0,0.0,0,8
275,227109,2018,2,0,0,0.0,0,0
275,237102,2018,6,0,0,0.0,0,8
275,290296,2018,8,0,0,0.0,0,0
275,230102,2018,12,0,0,0.0,0,0
275,251940,2018,10,0,0,0.0,0,0
275,221190,2018,12,0,0,0.0,0,0
276,3563,2018,8,6,4437,4437.0,0,0
276,3293,2017,6,6,14127,14127.0,0,0
276,19503,2018,6,5,5880,5880.0,774,71
276,12866,2018,5,5,4785,4785.0,571,1
276,45689,2018,7,4,4636,4636.0,501,51
276,55503,2017,1,3,7604,7604.0,500,0
276,64105,2017,12,3,6737,6737.0,576,1
276,70103,2018,5,3,4107,4107.0,0,0
276,66805,2018,3,3,1641,1641.0,0,9
276,87606,2017,1,3,7028,7028.0,0,0
276,100610,2017,10,3,3936,3936.0,534,8
276,110886,2018,4,2,10606,606.0,0,1
276,121801,2018,7,1,826,826.0,8,100
276,162822,2018,8,1,1807,1807.0,500,0
276,182103,2017,2,0,0,0.0,0,0
276,194806,2018,4,0,0,0.0,0,0
276,200106,2017,9,0,0,0.0,0,0
276,204032,2017,6,0,0,0.0,457,8
276,210806,2017,7,0,0,0.0,0,0
276,262163,2017,10,0,0,0.0,0,0
276,300102,2018,9,0,0,0.0,0,0
276,300893,2018,11,0,0,0.0,7,100
276,303105,2018,8,0,0,0.0,0,0
276,309893,2018,12,0,0,0.0,0,0
277,14624,2018,3,5,4705,4705.0,0,0
277,17661,2018,8,5,7388,7388.0,0,0
277,27603,2017,5,4,5860,5860.0,0,0
277,20886,2017,7,5,3796,3736.0,721,0
277,34806,2017,5,4,7636,7636.0,0,0
277,57809,2018,6,3,4397,4397.0,0,8
277,60612,2017,12,3,4706,4706.0,500,0
277,68107,2018,1,3,2231,2831.0,0,0
277,67068,2018,6,3,1836,1836.0,598,101
277,97006,2017,12,3,1917,1917.0,568,105
277,95283,2017,1,2,4887,4887.0,590,75
277,107645,2017,7,2,1325,1325.0,590,70
277,172896,2018,12,1,836,836.0,8,0
277,207165,2017,4,0,0,0.0,0,78
277,227669,2017,2,0,0,0.0,0,0
277,245522,2017,10,0,0,0.0,0,1
277,289211,2017,12,0,0,0.0,4,0
277,267806,2017,11,0,0,0.0,4,0
277,264106,2017,10,0,0,0.0,0,0
277,267863,2017,11,0,0,0.0,0,0
277,277896,2018,2,0,0,0.0,0,0
277,225803,2017,8,0,0,0.0,320,103
277,262664,2018,11,0,0,0.0,0,0
277,283103,2018,12,0,0,0.0,0,0
278,7625,2017,3,5,4725,6725.0,0,0
278,7637,2018,6,5,3375,3375.0,0,0
278,5935,2018,7,6,4600,4600.0,0,0
278,17803,2018,6,5,8301,8301.0,0,0
278,2096,2018,8,1,846,846.0,0,0
278,51606,2018,7,1,1616,1616.0,6,0
278,62908,2017,12,1,891,891.0,0,0
278,64106,2017,1,1,2338,2338.0,0,8
278,160192,2018,5,1,2183,2183.0,500,1
278,167161,2018,9,1,607,607.0,0,0
278,168805,2018,8,1,466,466.0,0,0
278,160666,2018,11,1,1306,1306.0,564,0
278,162662,2018,1,1,666,666.0,0,0
278,165663,2018,9,1,628,628.0,547,140
278,167804,2018,10,1,793,793.0,7,0
278,167766,2017,12,1,20706,706.0,524,8
278,160086,2018,12,1,2218,2218.0,0,0
278,167961,2018,1,1,1301,301.0,0,91
278,187673,2017,2,0,0,0.0,590,6
278,190169,2017,3,0,0,0.0,521,1
278,202663,2018,2,0,0,0.0,0,0
278,207603,2018,4,0,0,0.0,0,0
278,315822,2018,11,0,0,0.0,567,0
278,327669,2018,10,0,0,0.0,561,8
279,2469,2018,8,6,10216,10216.0,0,0
279,7602,2018,7,6,2378,2378.0,0,0
279,7893,2017,7,5,4396,4396.0,500,0
279,666,2018,8,6,4600,4600.0,0,0
279,8321,2018,12,5,7327,7327.0,0,0
279,2664,2018,5,5,4336,4336.0,600,1
279,886,2018,8,6,4004,4004.0,0,0
279,7396,2017,3,6,4325,4322.0,0,0
279,306,2017,11,0,0,0.0,0,6
279,9833,2017,5,0,0,0.0,0,0
279,8839,2017,6,0,0,0.0,0,0
279,763,2018,6,0,0,0.0,0,0
279,5104,2018,1,0,0,0.0,0,8
279,100687,2018,12,0,0,0.0,0,0
279,197663,2018,11,0,0,0.0,0,0
279,66,2018,12,0,0,0.0,0,0
279,100102,2018,12,0,0,0.0,0,0
279,100866,2018,1,0,0,0.0,0,0
279,103097,2018,2,0,0,0.0,0,0
279,101603,2018,3,0,0,0.0,0,0
279,216209,2018,4,0,0,0.0,0,0
279,107103,2018,3,0,0,0.0,507,0
279,108103,2017,11,0,0,0.0,0,0
279,306860,2018,12,0,0,0.0,561,1
280,2066,2017,6,6,10000,10000.0,0,0
280,2007,2018,7,5,4675,4675.0,0,0
280,837,2017,12,5,4330,14330.0,538,78
280,7392,2018,8,3,4187,4187.0,0,0
280,2103,2018,7,6,5188,5188.0,0,0
280,3763,2017,3,6,4836,4836.0,500,108
280,9906,2018,9,3,7407,7407.0,500,5
280,2304,2017,7,3,4517,4817.0,8,0
280,2109,2018,9,5,4381,4381.0,0,0
280,7881,2017,8,7,4301,4301.0,0,9
280,4162,2017,11,2,4606,4606.0,0,0
280,97600,2017,2,2,4780,4780.0,0,1
280,96808,2018,4,3,3001,3001.0,0,98
280,107866,2017,2,0,0,0.0,0,5
280,105189,2017,3,0,0,0.0,0,0
280,100867,2017,12,0,0,0.0,0,0
280,109130,2018,3,0,0,0.0,0,0
280,105804,2017,11,0,0,0.0,0,0
280,207666,2018,8,0,0,0.0,0,0
280,203866,2018,9,0,0,0.0,0,0
280,207063,2018,4,0,0,0.0,0,8
280,200104,2018,2,0,0,0.0,591,100
280,317104,2018,11,0,0,0.0,524,8
280,304103,2018,9,0,0,0.0,0,8
281,2106,2017,6,6,14440,14440.0,0,0
281,7566,2017,8,6,7308,7308.0,538,8
281,25106,2017,5,5,3620,3620.0,4,0
281,67324,2018,7,3,4887,4887.0,6,0
281,95280,2017,9,2,4226,4226.0,0,0
281,65163,2018,1,3,4615,4615.0,0,0
281,67104,2018,8,3,2368,2368.0,526,98
281,65162,2017,11,3,1197,1197.0,567,98
281,107150,2017,2,2,2665,2635.0,514,93
281,107604,2017,10,2,2356,2356.0,0,0
281,167207,2018,3,1,2308,2308.0,594,5
281,157663,2018,1,1,1348,1348.0,525,91
281,150167,2018,12,1,2321,2321.0,500,0
281,160206,2018,4,1,2409,2409.0,598,98
281,207862,2017,3,0,0,0.0,363,90
281,212299,2017,2,0,0,0.0,0,0
281,208680,2017,4,0,0,0.0,0,0
281,221113,2017,5,16,10000,0.0,0,0
281,254194,2018,9,0,0,0.0,0,90
281,265166,2018,9,0,0,0.0,0,1
281,265627,2017,11,0,0,0.0,500,1
281,297560,2018,2,0,0,0.0,0,0
281,305175,2018,10,0,0,0.0,0,0
281,303106,2018,12,0,0,0.0,0,1
282,5622,2018,6,6,10200,10200.5,864,108
282,7896,2018,7,6,3047,3047.0,0,0
282,13389,2017,6,5,7335,7335.0,0,0
282,7626,2017,8,5,4335,14335.0,0,0
282,7803,2017,3,5,8688,8688.0,424,41
282,7013,2017,1,6,7311,7311.0,0,0
282,2866,2017,2,5,34361,4361.0,694,8
282,894,2017,2,0,0,0.0,0,0
282,7821,2018,9,0,0,0.0,0,1
282,7686,2018,5,0,0,0.0,0,9
282,7806,2018,6,0,0,0.0,0,0
282,7277,2017,4,0,0,0.0,0,0
282,7809,2018,1,0,0,0.0,8,0
282,633,2018,7,0,0,0.0,0,0
282,2602,2017,11,0,0,0.0,500,0
282,866,2018,4,0,0,0.0,0,0
282,207207,2018,4,0,0,0.0,0,0
282,210573,2018,5,0,0,0.0,4,0
282,210666,2018,6,0,0,0.0,0,0
282,212826,2018,8,0,0,0.0,0,0
282,327886,2018,9,0,0,0.0,0,0
282,317865,2018,12,0,0,0.0,0,0
282,360669,2018,11,0,0,0.0,0,0
282,325187,2018,12,0,0,0.0,0,0
283,18702,2017,2,5,5600,5600.0,0,0
283,27373,2017,7,4,5801,5801.0,0,0
283,68203,2017,5,3,5890,5890.0,0,1
283,64105,2017,1,3,4748,4748.0,0,0
283,67392,2017,6,3,2606,2606.0,500,0
283,67900,2018,8,3,7123,7129.0,0,0
283,60506,2018,2,3,1342,1342.0,600,0
283,68160,2018,8,3,2157,2157.0,0,0
283,66607,2017,12,3,1306,1306.0,629,1
283,165562,2018,6,1,706,706.0,0,0
283,160603,2018,9,1,1187,1187.0,500,0
283,160867,2018,11,1,901,901.0,0,2
283,162062,2018,8,1,921,921.0,531,88
283,167194,2018,11,1,1341,1341.0,0,0
283,162102,2018,10,1,37,37.0,594,0
283,168895,2018,1,1,806,806.0,4,1
283,168107,2018,12,1,671,671.0,0,0
283,163006,2018,7,1,2007,7.0,0,0
283,167103,2018,3,1,2087,2907.0,595,0
283,167603,2018,1,1,935,677.0,0,0
283,325175,2018,2,0,0,0.0,0,1
283,361406,2018,10,0,0,0.0,500,98
283,360196,2018,11,0,0,0.0,794,98
283,360002,2018,12,0,0,0.0,324,0
284,15664,2018,5,5,14095,16095.0,0,0
284,25862,2018,12,4,4301,4301.0,0,0
284,54861,2017,12,3,4806,4806.0,0,0
284,154465,2018,2,1,769,769.0,596,145
284,160807,2018,1,1,773,773.0,548,98
284,375309,2017,2,1,637,637.0,0,0
284,369106,2018,8,0,0,0.0,0,158
284,365866,2018,3,0,0,0.0,527,125
284,300978,2017,4,0,0,0.0,0,0
284,360060,2017,5,0,0,0.0,0,9
284,398657,2017,6,0,0,0.0,0,0
284,305632,2017,7,0,0,0.0,0,0
284,307106,2018,8,0,0,0.0,0,0
284,308166,2018,9,0,0,0.0,0,0
284,301887,2018,9,0,0,0.0,0,0
284,307106,2018,12,0,0,0.0,0,0
284,357951,2018,9,0,0,0.0,0,0
284,360898,2018,11,0,0,0.0,0,0
284,360863,2018,2,0,0,0.0,0,0
284,367306,2018,9,0,0,0.0,0,0
284,367809,2018,8,0,0,0.0,0,0
284,360436,2018,10,0,11700,0.0,500,0
284,346883,2018,11,0,0,0.0,0,98
284,360116,2018,2,0,0,0.0,0,0
285,7886,2017,3,5,7620,7620.0,0,0
285,5109,2018,5,6,10846,10848.0,8,0
285,7803,2017,1,6,8367,8367.0,0,0
285,7666,2018,8,6,4306,10006.0,0,0
285,696,2017,6,6,7986,7986.0,0,0
285,9892,2017,11,7,2616,2616.0,0,0
285,908,2017,2,6,11011,1011.0,0,0
285,117866,2018,5,2,4361,4361.0,0,0
285,110915,2018,1,2,4828,4828.0,0,0
285,113866,2018,8,2,4806,4806.0,0,0
285,121299,2018,2,5,4306,4306.0,0,0
285,185106,2018,1,2,5826,5826.0,0,0
285,124866,2018,2,2,4396,4396.0,0,0
285,140666,2017,1,1,638,638.0,524,0
285,141181,2017,1,1,625,615.0,0,0
285,185607,2017,1,0,0,0.0,0,0
285,187806,2017,4,0,0,0.0,0,0
285,202669,2017,3,0,0,0.0,0,1
285,203136,2017,9,0,0,0.0,500,100
285,245806,2017,8,0,0,0.0,0,0
285,250637,2017,9,0,0,0.0,541,0
285,262686,2017,10,0,0,0.0,0,0
285,203836,2018,1,0,0,0.0,521,0
285,200683,2018,12,0,0,0.0,0,1
286,2376,2017,7,6,8634,8634.0,7,0
286,2369,2017,8,6,10876,10876.0,597,98
286,10667,2018,3,5,14300,16300.0,0,0
286,4800,2018,9,6,10800,10800.0,0,0
286,7843,2018,2,6,14823,4823.0,0,0
286,1682,2018,2,5,7886,7886.0,0,0
286,17636,2018,5,5,7490,7390.0,0,6
286,2007,2018,8,5,2806,2806.0,507,0
286,7843,2018,6,0,0,0.0,534,0
286,102809,2018,10,0,0,0.0,4,0
286,107897,2017,1,0,0,0.0,0,1
286,107866,2017,9,0,0,0.0,0,0
286,108803,2018,11,0,0,0.0,0,0
286,197980,2017,2,0,0,0.0,0,0
286,206805,2017,2,0,0,0.0,0,0
286,202106,2018,11,0,0,0.0,525,0
286,200816,2018,2,0,0,0.0,0,0
286,201665,2018,3,0,0,0.0,594,0
286,204102,2018,4,0,0,0.0,0,0
286,200893,2018,3,0,0,0.0,0,0
286,200665,2018,4,0,0,0.0,767,0
286,201896,2018,10,0,0,0.0,0,0
286,208336,2018,8,0,0,0.0,0,8
286,227823,2018,12,0,0,0.0,0,0
287,5400,2018,5,6,10637,10637.0,502,0
287,5036,2017,6,6,14217,14217.0,0,0
287,47776,2018,8,4,5860,5860.0,0,0
287,42106,2018,9,4,6888,6888.0,0,0
287,50803,2018,11,3,6777,6777.0,0,0
287,67902,2017,12,3,4307,4307.0,528,0
287,67809,2017,10,3,4447,4447.0,531,0
287,68982,2018,12,3,4881,4881.0,524,91
287,60836,2018,5,3,2386,2386.0,567,0
287,85806,2018,5,3,7036,7036.0,0,5
287,97636,2017,12,3,4830,4830.0,636,0
287,108803,2017,1,2,4326,4326.0,0,6
287,107967,2018,9,1,1956,1856.0,0,8
287,100803,2017,3,2,781,781.0,500,0
287,100103,2017,4,2,906,906.0,0,0
287,115086,2017,12,2,10806,806.0,0,8
287,127196,2018,6,1,1340,640.0,0,0
287,121107,2018,11,1,2612,2812.0,0,0
287,163864,2018,2,1,647,417.0,0,0
287,187806,2018,1,0,0,0.0,7,0
287,190896,2017,6,0,0,0.0,567,0
287,256803,2017,2,0,0,0.0,0,8
287,330169,2018,1,0,0,0.0,854,0
287,300193,2018,11,0,0,0.0,8,8
288,6366,2018,7,6,10006,10006.0,0,0
288,7666,2017,8,12,3346,3346.0,0,0
288,308,2018,8,6,10388,10388.0,0,0
288,402,2017,7,6,4981,4981.0,8,0
288,2103,2018,9,6,10873,873.0,0,0
288,7086,2018,4,6,5836,5836.0,0,8
288,7803,2018,7,6,4040,4040.0,361,100
288,7861,2018,8,6,3900,3900.0,518,100
288,806,2017,12,0,600,600.0,0,8
288,702,2017,11,0,637,37.0,0,0
288,7166,2018,6,0,0,0.0,0,0
288,2803,2017,1,0,0,0.0,0,0
288,123403,2018,8,0,0,0.0,0,8
288,57961,2018,2,0,0,0.0,0,0
288,67506,2018,10,0,0,0.0,0,0
288,97000,2018,1,0,0,0.0,0,0
288,197103,2018,1,0,0,0.0,0,0
288,293879,2018,3,0,0,0.0,524,0
288,200176,2018,4,0,0,0.0,0,0
288,300191,2018,2,0,0,0.0,0,0
288,307184,2018,3,0,0,0.0,0,0
288,300134,2018,5,0,0,0.0,0,1
288,318889,2018,11,0,0,0.0,0,0
288,382806,2018,12,0,0,0.0,0,3
289,1856,2017,8,6,3396,3396.0,500,0
289,2796,2018,7,6,10706,10706.0,0,0
289,493,2018,8,8,14786,14786.0,0,0
289,8173,2017,6,4,7464,7464.0,507,0
289,7832,2018,1,6,4113,34113.0,590,6
289,37106,2018,7,4,5308,5308.0,0,1
289,55964,2017,4,3,4608,4608.0,0,0
289,57169,2017,9,3,2401,2401.0,500,1
289,60167,2017,12,3,7267,7267.0,0,8
289,67865,2018,1,3,4346,4336.0,0,1
289,90662,2017,6,0,0,0.0,503,0
289,126402,2018,8,0,0,0.0,0,0
289,167806,2017,10,0,0,0.0,0,0
289,158863,2017,2,0,0,0.0,0,78
289,162979,2018,11,0,0,0.0,0,0
289,247564,2017,12,0,0,0.0,0,0
289,256106,2017,11,0,0,0.0,524,0
289,260965,2018,1,0,0,0.0,0,58
289,260900,2017,11,0,0,0.0,0,0
289,265702,2018,3,0,0,0.0,4,0
289,267863,2018,9,0,0,0.0,0,0
289,263805,2017,12,0,0,0.0,584,0
289,285106,2017,11,0,0,0.0,534,0
289,290676,2018,12,0,0,0.0,598,101
290,1677,2018,7,7,14636,14636.0,539,95
290,2668,2017,9,6,3876,3876.0,0,0
290,807,2017,8,5,12820,12820.0,0,0
290,166,2018,6,15,800,800.0,624,0
290,3808,2017,2,5,7446,7446.0,0,0
290,604,2017,3,6,7324,7324.0,0,0
290,7226,2018,4,6,16306,6306.0,0,0
290,5189,2018,8,6,936,936.0,0,3
290,3862,2017,5,5,4200,4200.0,0,0
290,674,2017,10,5,3338,3338.0,0,0
290,168,2017,9,5,9418,9418.0,0,0
290,7355,2017,1,5,14675,4675.0,594,100
290,686,2017,3,6,10061,61.0,0,0
290,646,2018,8,0,0,0.0,0,1
290,7096,2018,9,0,0,0.0,0,71
290,4103,2018,6,0,0,0.0,0,1
290,206107,2018,8,0,0,0.0,538,0
290,153804,2017,9,0,0,0.0,0,0
290,260816,2018,1,0,0,0.0,0,0
290,247186,2017,8,0,0,0.0,0,0
290,251604,2018,2,0,0,0.0,500,0
290,267873,2018,10,0,0,0.0,531,78
290,267809,2018,11,0,0,0.0,0,0
290,289633,2018,11,0,0,0.0,0,8
291,47761,2018,1,4,3760,3760.0,0,0
291,90682,2018,2,3,2331,2031.0,590,95
291,91876,2017,6,3,5346,5346.0,500,92
291,101167,2017,8,2,4366,4366.0,520,5
291,103166,2017,11,2,3830,3830.0,0,1
291,100893,2018,8,2,4800,4800.0,394,108
291,100860,2018,2,2,4301,4301.0,7,101
291,105883,2018,5,2,1602,1602.0,0,0
291,114803,2018,3,2,3626,3626.0,0,0
291,115863,2018,5,2,4492,4492.0,0,0
291,167093,2018,6,1,1317,1316.0,6,0
292,7198,2018,7,5,4775,4775.0,517,101
292,52676,2017,11,3,3117,3117.0,4,0
292,51996,2018,6,3,4881,4881.0,590,98
292,85889,2018,2,3,3606,3606.0,0,0
292,77106,2018,7,3,3401,3401.0,0,0
292,93166,2018,3,2,4426,4426.0,0,0
292,101102,2017,1,2,2676,2676.0,500,0
292,100463,2017,5,2,4814,4814.0,0,0
292,105105,2017,12,2,14306,4306.0,568,0
292,107106,2017,8,2,3807,3807.0,524,100
292,107603,2017,11,2,4806,4806.0,0,0
292,107966,2018,12,2,4324,4324.0,0,8
292,113666,2018,6,2,4683,4683.0,548,0
292,140306,2017,7,1,706,706.0,4,0
292,170664,2018,8,1,476,476.0,524,0
292,185172,2017,9,0,0,0.0,0,0
292,193164,2017,2,0,0,0.0,0,0
292,200169,2018,8,0,0,0.0,0,0
292,200196,2017,3,0,0,0.0,0,1
292,200602,2018,11,0,0,0.0,798,0
292,200626,2018,1,0,0,0.0,0,1
292,300103,2018,3,0,0,0.0,0,0
292,300016,2018,4,0,0,0.0,596,0
292,300613,2018,11,0,0,0.0,0,0
293,82643,2017,1,3,3401,3401.0,0,0
293,5803,2018,8,3,3733,3733.0,834,0
293,89807,2018,11,3,4741,4741.0,0,0
293,85806,2018,12,3,3607,3607.0,0,0
293,90566,2017,2,3,5337,5337.0,0,0
293,97182,2018,3,2,2300,2300.0,4,0
293,109984,2018,5,2,2786,2786.0,0,1
293,107886,2017,6,2,3608,3608.0,0,8
293,105704,2018,2,2,2842,2842.0,0,0
293,100883,2017,9,2,1216,1216.0,0,0
293,112606,2017,11,2,4696,4696.0,0,0
293,120664,2017,11,2,4836,4836.0,7,100
293,187662,2017,2,0,0,0.0,0,0
293,190806,2017,4,0,0,0.0,0,0
293,191303,2017,1,0,0,0.0,324,0
293,203809,2017,3,0,0,0.0,0,0
293,214866,2017,15,0,0,0.0,0,0
293,220906,2018,8,0,0,0.0,0,0
293,227100,2017,2,0,0,0.0,1,0
293,261866,2018,8,0,0,0.0,0,0
293,264872,2017,11,0,0,0.0,0,8
293,267664,2018,12,0,0,0.0,0,0
293,290601,2018,9,0,0,0.0,0,8
293,259633,2017,11,0,0,0.0,0,0
294,4866,2017,5,6,8628,8628.0,0,0
294,9666,2017,6,5,7435,7435.0,0,0
294,44106,2018,1,3,4843,4843.0,0,0
294,60970,2018,12,3,4371,4371.0,0,0
294,62406,2017,12,3,4366,4366.0,560,0
294,65806,2017,1,3,4607,4607.0,0,0
294,67686,2017,11,3,4287,4287.0,538,0
294,167006,2018,3,1,2801,2801.0,0,0
294,160186,2017,11,1,448,448.0,0,0
294,160642,2017,2,1,707,707.0,8,0
294,317644,2018,0,0,0,0.0,0,0
294,305684,2017,8,0,0,0.0,0,0
294,307166,2018,11,0,0,0.0,0,0
294,300006,2018,2,0,0,0.0,0,0
294,307763,2018,3,0,0,0.0,0,0
294,308827,2018,4,0,0,0.0,0,0
294,310093,2018,5,0,0,0.0,0,1
294,320667,2018,5,0,0,0.0,0,0
294,327850,2018,6,0,0,0.0,0,0
294,367936,2018,1,0,0,0.0,0,0
294,337106,2018,7,0,0,0.0,0,0
294,357806,2018,9,0,0,0.0,0,0
294,365860,2018,11,0,0,0.0,0,0
294,362482,2018,12,0,0,0.0,0,0
295,2161,2018,7,6,10603,10603.0,0,0
295,8002,2018,7,7,10800,10800.0,0,0
295,6606,2018,8,5,4425,4425.0,0,0
295,5906,2018,8,6,808,808.0,500,98
295,5864,2017,9,9,21607,1607.0,800,0
295,38865,2018,3,4,2861,2861.0,0,8
295,44160,2018,9,3,5385,5385.0,0,0
295,50593,2017,1,3,4046,4046.0,500,0
295,53146,2017,2,3,4882,4882.0,0,0
295,61163,2018,11,3,4717,6717.0,0,0
295,93606,2018,11,3,5701,5701.0,4,0
295,102615,2018,6,2,3841,3821.0,3,0
295,100300,2017,2,2,2141,2141.0,0,0
295,102880,2017,10,2,2377,2377.0,538,0
295,107116,2017,11,2,2306,2306.0,500,0
295,107865,2018,2,2,3406,3406.0,680,0
295,107353,2017,11,1,801,801.0,524,0
295,156666,2018,2,1,2317,2315.0,6,98
295,107801,2018,10,0,0,0.0,0,0
295,191665,2017,3,0,0,0.0,1,3
295,200185,2018,2,0,0,0.0,0,95
295,200602,2018,4,0,0,0.0,0,0
295,267806,2017,6,0,6,0.0,0,8
295,217895,2018,3,0,0,0.0,574,108
295,296907,2018,7,0,0,0.0,0,0
295,207863,2018,1,0,0,0.0,0,0
295,204604,2018,2,0,0,0.0,0,6
295,206496,2017,8,0,0,0.0,0,0
295,192806,2017,3,0,0,0.0,0,1
295,201606,2018,11,0,0,0.0,0,0
295,204808,2018,8,0,0,0.0,0,1
295,201146,2018,2,0,0,0.0,0,0
295,203266,2018,4,0,0,0.0,0,0
295,200379,2018,2,0,0,0.0,0,0
295,255167,2017,10,0,0,0.0,524,0
295,260661,2017,9,0,0,0.0,0,0
295,200005,2018,1,0,0,0.0,0,0
295,260606,2017,2,0,0,0.0,0,178
295,217666,2018,8,0,0,0.0,0,0
295,245113,2017,1,0,0,0.0,720,0
295,269307,2018,1,0,6,0.0,0,0
295,260164,2018,10,0,0,0.0,0,0
295,202266,2018,8,0,0,0.0,0,0
295,207602,2018,3,0,0,0.0,4,0
295,300888,2018,2,0,0,0.0,4,0
295,327626,2018,9,0,0,0.0,0,0
295,300804,2018,11,0,0,0.0,524,0
295,306896,2018,11,0,0,0.0,0,0
296,137601,2018,11,2,4757,4757.0,560,81
296,169166,2018,12,1,2301,2301.0,300,8
296,168865,2018,11,1,1330,1330.0,790,0
296,160163,2018,1,1,2005,2005.0,7,0
296,180162,2017,1,0,0,0.0,0,0
296,190667,2017,2,0,0,0.0,0,0
296,193186,2017,3,0,0,0.5,520,0
296,197403,2017,4,0,0,0.0,0,0
296,190605,2017,3,0,0,0.0,0,0
296,207703,2017,4,0,0,0.0,0,2
296,205897,2017,6,0,0,0.0,0,0
296,203625,2017,7,0,0,0.0,0,0
296,200001,2017,8,0,0,0.0,0,0
296,219673,2017,4,0,0,0.0,0,0
296,227176,2017,12,0,0,0.0,0,0
296,223395,2017,5,0,0,0.0,0,0
296,257693,2017,9,0,0,0.0,0,0
296,255644,2017,9,0,0,0.0,526,0
296,264193,2017,11,0,0,0.0,0,0
296,275468,2017,11,0,0,0.0,0,0
296,267069,2017,10,0,0,0.0,0,0
296,260567,2018,2,0,0,0.0,1,100
296,264828,2017,11,0,0,0.0,0,0
296,261406,2017,12,0,0,0.0,5,0
297,5933,2017,7,6,4650,4650.0,0,0
297,4693,2017,1,6,14631,14631.0,804,0
297,4066,2017,4,5,10860,10830.0,0,1
297,10327,2018,5,5,7811,7811.0,500,98
297,30806,2018,6,6,5677,5677.0,568,0
297,60606,2017,6,3,5220,5220.0,1,100
297,72886,2018,8,3,4012,4012.0,0,1
297,77896,2018,5,3,1637,1937.0,0,1
297,40878,2018,3,3,4761,4761.0,0,0
297,90674,2017,2,2,2306,2306.0,0,0
297,90283,2018,1,2,1644,1644.0,0,0
297,107699,2017,8,2,2921,2921.0,634,93
297,94166,2017,1,1,1871,1871.0,0,0
297,103876,2017,8,2,2068,12048.0,0,0
297,107185,2017,11,0,0,0.0,561,0
297,100393,2017,10,0,0,0.0,0,0
297,204802,2017,12,0,0,0.0,0,8
297,200694,2018,3,0,0,0.0,0,0
297,207877,2018,4,0,0,0.0,0,0
297,209995,2017,2,0,0,0.0,0,0
297,204264,2018,8,0,0,0.0,0,0
297,367609,2018,9,0,0,0.0,0,0
297,364106,2018,11,0,0,0.0,0,0
297,357162,2018,12,0,0,0.0,394,0
298,2293,2017,8,6,4026,4026.0,0,0
298,7403,2018,7,5,3805,3805.0,520,90
298,4877,2017,6,6,10696,10696.0,0,0
298,876,2018,9,6,10388,10088.0,0,0
298,7328,2018,9,6,6305,6305.0,4,0
298,7186,2018,2,5,4738,4738.0,500,0
298,5606,2017,12,5,4105,4105.0,0,8
298,7835,2018,3,3,7372,7372.0,500,8
298,7246,2018,5,3,4887,4887.0,500,98
298,7889,2017,9,6,3346,3346.0,524,0
298,2307,2017,11,2,4800,4800.0,0,0
298,1186,2017,12,3,2630,2630.0,0,8
298,97561,2017,1,2,4407,4407.0,388,50
298,104903,2018,8,2,4620,4620.0,1,0
298,107193,2017,10,2,4331,4331.0,0,0
298,104891,2018,1,2,4636,4636.0,0,1
298,108865,2018,4,2,4306,6706.0,0,2
298,100187,2018,6,2,3017,1917.0,529,100
298,100665,2018,5,0,0,0.0,0,96
298,100766,2018,8,0,0,0.0,7,0
298,100602,2018,7,0,0,0.0,529,0
298,190896,2018,2,0,0,0.0,0,0
298,307875,2018,9,0,0,0.0,0,0
298,300107,2018,1,0,0,0.0,0,78
299,185666,2017,1,0,10000,10000.0,0,0
299,191609,2017,2,0,0,0.0,0,48
299,200805,2017,3,0,0,0.0,0,0
299,210192,2017,4,0,0,0.0,0,0
299,222435,2017,5,0,0,0.0,0,0
299,260803,2017,6,0,0,0.0,0,0
299,260523,2017,7,0,0,0.0,0,0
299,260109,2017,8,0,0,0.0,0,0
299,267848,2017,9,0,0,0.0,0,0
299,263116,2017,10,0,0,0.0,0,0
299,265180,2017,11,0,0,0.0,597,0
299,285906,2017,11,0,0,0.0,0,0
299,207843,2018,2,0,0,0.0,0,0
299,307846,2018,2,0,0,0.0,0,0
299,307808,2018,3,0,0,0.0,0,0
299,317496,2018,4,0,0,0.0,0,0
299,367806,2018,5,0,0,0.0,0,0
299,360105,2018,6,0,0,0.0,0,0
299,367603,2018,7,0,0,0.0,0,0
299,360096,2017,12,0,0,0.0,0,0
299,360163,2018,9,0,0,0.0,0,0
299,367095,2018,10,0,0,0.0,0,0
299,362975,2018,11,0,8647,0.0,0,0
299,365840,2018,11,0,0,0.0,0,0
300,7903,2017,3,5,12685,12685.0,4,0
300,4740,2018,6,6,4703,4703.0,327,100
300,53866,2017,1,3,1723,1723.0,0,0
300,67484,2017,9,3,5386,5386.0,0,0
300,65636,2017,2,3,1812,1812.0,598,81
300,115106,2018,2,2,4438,4432.0,0,0
300,164186,2018,11,3,4602,4602.0,0,0
300,161106,2018,5,1,1416,1116.0,0,0
300,167107,2018,8,1,1803,1803.0,0,0
300,168857,2018,11,1,673,973.0,398,0
300,160406,2018,9,1,616,5616.0,0,0
300,160664,2018,10,1,677,677.0,0,0
300,163601,2018,2,1,648,648.0,0,0
300,167266,2018,12,1,2425,2425.0,0,0
300,186607,2017,1,0,0,0.0,500,5
300,187002,2017,1,0,0,0.0,500,8
300,187100,2017,1,0,0,0.0,0,0
300,182269,2017,12,0,0,0.0,0,0
300,214817,2017,3,0,0,0.0,339,1
300,197179,2018,2,0,0,0.0,0,0
300,200060,2018,3,0,0,0.0,0,0
300,207766,2018,10,0,0,0.0,0,0
300,213176,2017,1,0,0,0.0,0,0
300,327093,2018,12,0,0,0.0,0,0
301,19606,2018,6,5,4425,4425.0,567,196
301,20695,2017,7,4,4136,4136.0,0,0
301,41803,2018,12,4,3800,3800.0,524,98
301,140428,2018,12,2,2808,2808.0,6,0
301,170238,2018,11,1,681,681.0,0,8
301,169847,2018,1,1,707,707.0,0,8
301,185896,2017,1,0,0,0.0,0,8
301,195963,2017,2,0,0,0.0,0,0
301,195595,2017,3,0,0,0.0,0,0
301,200600,2017,4,0,0,0.0,0,0
301,201163,2017,3,0,0,0.0,0,0
301,207154,2018,9,0,0,0.0,0,0
301,200106,2017,1,0,0,0.0,0,0
301,203477,2017,2,0,0,0.0,0,0
301,206967,2017,1,0,0,0.0,0,0
301,200806,2017,4,0,0,0.0,3,0
301,209806,2017,7,0,0,0.0,0,0
301,204106,2018,3,0,0,0.0,0,0
301,207605,2018,4,0,0,0.0,0,0
301,309802,2018,6,0,0,0.0,0,8
301,300973,2018,2,0,0,0.0,0,0
301,306666,2018,10,0,0,0.0,7,100
301,357879,2018,6,0,0,0.0,0,0
301,320119,2018,11,20,0,0.0,0,8
301,309264,2018,8,0,0,0.0,0,8
301,304690,2018,8,0,0,0.0,0,0
301,300606,2018,7,0,0,0.0,536,198
301,347806,2018,8,0,0,0.0,0,0
301,301884,2018,7,0,0,0.0,0,0
301,300490,2018,8,0,0,0.0,0,0
301,327664,2018,2,0,0,0.0,0,0
301,311166,2018,7,7,0,0.0,0,0
301,350836,2018,5,0,0,0.0,0,0
301,321686,2018,8,11,0,0.0,5,0
301,320196,2018,8,19,10026,0.0,0,0
301,320035,2018,9,0,0,0.0,534,0
301,360706,2018,6,0,0,0.0,0,0
301,357605,2018,12,0,0,0.0,560,0
301,362103,2018,7,0,0,0.0,0,0
301,323993,2018,8,0,0,0.0,0,0
301,350166,2018,1,0,0,0.0,0,0
301,367603,2018,9,0,0,0.0,0,0
301,300505,2018,11,0,0,50000.0,0,0
301,360706,2018,11,0,0,0.0,0,0
301,350639,2018,12,0,0,0.0,0,0
301,343195,2018,8,0,0,0.0,0,0
301,389803,2018,12,0,0,0.0,596,0
301,347402,2018,9,0,0,0.0,0,0
302,5201,2018,7,6,11046,11046.0,834,1
302,6826,2018,6,6,12376,12376.0,0,0
302,3806,2018,8,6,10684,10684.0,0,0
302,5801,2018,7,5,7308,7308.0,0,0
302,2203,2017,9,6,10676,676.0,0,0
302,7605,2017,8,4,4306,4306.0,500,0
302,5076,2017,3,0,0,0.0,0,0
302,100803,2017,9,0,0,0.0,0,0
302,363,2018,10,0,0,0.0,0,8
302,3606,2018,2,0,0,0.0,0,0
302,6196,2017,3,0,0,0.0,0,0
302,2866,2017,4,0,0,0.0,0,0
302,207969,2017,9,0,0,0.0,0,0
302,209966,2017,8,0,0,0.0,0,0
302,203101,2018,2,0,0,0.0,0,0
302,207206,2018,3,0,0,0.0,0,0
302,262686,2018,5,0,0,0.0,0,0
302,260168,2018,1,0,0,0.0,0,8
302,205596,2018,3,0,0,0.0,0,0
302,315686,2018,4,0,0,0.0,0,0
302,323995,2018,5,0,0,0.0,0,0
302,368908,2018,12,0,0,0.0,800,0
302,360096,2018,11,0,0,0.0,594,0
302,367605,2018,12,0,0,0.0,0,9
303,4334,2018,8,6,5611,5611.0,514,121
303,27136,2017,3,5,7245,7245.0,400,0
303,25664,2017,5,4,4200,4200.0,0,0
303,60256,2018,4,3,4006,4006.0,567,8
303,62805,2018,1,3,1073,1073.0,524,3
303,60865,2018,1,3,7327,16327.0,4,0
303,94196,2017,8,2,2406,2406.0,0,0
303,90693,2017,5,3,4631,4631.0,500,8
303,97602,2017,7,3,4606,4606.0,0,0
303,167803,2018,12,1,1441,1441.0,0,0
303,161692,2017,12,1,2266,2266.0,0,0
303,163136,2018,9,1,1803,1803.0,0,0
303,197100,2017,3,0,0,0.0,0,0
303,201666,2017,2,0,0,0.0,0,0
303,209682,2017,3,0,0,0.0,531,0
303,214896,2017,4,0,0,0.0,0,8
303,200806,2018,7,0,0,0.0,0,0
303,255164,2017,1,0,0,0.0,0,0
303,263102,2017,10,0,0,0.0,0,0
303,263869,2018,9,0,0,0.0,0,0
303,260690,2017,11,0,0,0.0,8,0
303,272526,2018,1,0,0,0.0,568,1
303,275186,2018,12,0,0,0.0,0,0
303,283296,2018,11,0,0,0.0,587,1
304,1702,2017,7,7,10667,10667.0,737,148
304,8836,2017,8,5,7230,7230.0,0,0
304,830,2018,1,3,6352,6352.0,594,108
304,164,2017,8,5,4365,4365.0,0,98
304,9606,2018,2,5,6687,6687.0,541,1
304,2238,2017,9,3,4883,4883.0,564,101
304,9893,2018,9,6,3691,3691.0,588,98
304,104106,2017,11,2,4688,4688.0,0,0
304,105959,2017,5,2,4286,4286.0,0,100
304,100656,2017,8,2,2326,2326.0,4,3
304,107069,2017,11,2,4628,4628.0,534,8
304,105896,2017,10,2,4200,4200.0,500,3
304,106803,2018,2,2,4688,4688.0,0,1
304,100903,2017,6,2,4881,4881.0,0,0
304,100876,2017,12,2,3386,3686.0,0,0
304,109866,2017,11,2,1306,1306.0,500,0
304,101805,2018,5,2,4606,4626.0,538,101
304,100998,2017,11,3,2396,2396.0,0,0
304,300566,2018,2,6,1305,1086.0,521,5
304,305838,2018,8,3,3647,993.0,0,0
304,300576,2018,3,0,0,0.0,0,0
304,319826,2018,2,0,0,6.0,0,3
304,367666,2018,7,0,8,2.0,0,0
304,352096,2018,12,0,0,0.0,0,0
304,300505,2018,1,0,0,0.0,0,0
304,301093,2018,1,0,0,65.0,0,0
304,365192,2018,1,0,0,0.0,0,8
304,354108,2018,4,0,0,6.0,598,1
304,307684,2018,3,0,0,0.0,0,0
304,324802,2018,3,0,0,0.0,0,0
304,315966,2018,8,0,0,0.0,0,0
304,360088,2018,2,0,0,0.0,0,1
304,350105,2018,5,0,0,0.0,0,0
304,354122,2018,4,0,0,0.0,504,0
304,328104,2018,9,0,0,0.0,0,0
304,369866,2018,6,0,0,0.0,0,0
304,345006,2018,7,0,0,0.0,0,8
304,360696,2018,11,0,0,6.0,0,0
304,309176,2018,4,0,0,0.0,595,0
304,327196,2018,9,0,10000,0.0,0,0
304,351367,2018,8,24,0,0.0,0,0
304,350102,2018,11,0,0,10000.0,0,0
304,306175,2018,11,0,0,0.0,0,0
304,383176,2018,10,0,0,0.0,0,0
304,368939,2018,11,0,0,0.0,0,0
304,350804,2018,12,0,0,0.0,700,0
304,300109,2018,11,0,0,0.0,0,0
304,386168,2018,12,0,0,0.0,0,0
305,13643,2017,12,5,10825,10825.0,0,0
305,80869,2018,9,3,7336,7336.0,520,93
305,103965,2017,2,2,4688,6688.0,568,103
305,127869,2018,10,2,4482,4482.0,590,95
305,124602,2018,1,2,4788,4788.0,0,0
305,345566,2017,1,1,671,671.0,0,0
305,364865,2018,8,1,875,875.0,0,0
305,369107,2018,1,0,0,0.0,0,0
305,387180,2017,2,0,0,0.0,4,0
305,317656,2017,3,0,0,0.0,0,0
305,310189,2017,4,0,0,0.0,0,0
305,362036,2017,6,0,0,0.0,0,5
305,360676,2018,8,0,0,0.0,0,0
305,369166,2018,9,0,0,0.0,0,0
305,328643,2018,9,0,0,0.0,0,0
305,323105,2018,1,0,0,0.0,0,0
305,327156,2018,5,0,0,0.0,0,0
305,321872,2018,8,0,0,0.0,0,0
305,321663,2018,10,0,0,0.0,0,0
305,320604,2018,5,12,0,0.0,526,0
305,321166,2018,8,0,0,0.0,0,0
305,327806,2018,6,0,0,0.0,500,8
305,360805,2018,11,0,0,0.0,0,0
305,360896,2018,12,0,0,0.0,0,0
306,7964,2018,8,5,10340,10340.0,0,0
306,10169,2018,7,5,4635,4635.0,0,0
306,20969,2018,9,5,1640,1620.0,0,1
306,25586,2018,12,5,4100,4100.0,0,0
306,21194,2018,2,5,8701,8701.0,398,75
306,57664,2017,3,3,5487,5487.0,0,1
306,64105,2017,12,3,2797,2797.0,500,0
306,60695,2018,5,3,2378,2378.0,0,0
306,60933,2018,1,3,4337,4337.0,0,0
306,160686,2018,1,1,2487,2487.0,0,0
306,162263,2018,11,1,2374,2374.0,598,8
306,167693,2017,2,28,10801,801.0,744,0
306,200669,2017,10,0,0,0.0,0,0
306,200767,2017,7,0,0,0.0,0,0
306,201796,2017,2,12,0,0.0,0,0
306,200103,2017,3,0,0,0.0,7,8
306,205996,2017,2,0,0,0.0,8,0
306,235506,2017,7,0,0,0.0,0,0
306,297103,2018,4,0,0,0.0,0,0
306,250106,2018,12,0,0,0.0,7,0
306,267692,2018,8,0,0,0.0,0,0
306,260606,2018,11,0,0,0.0,0,0
306,335823,2018,11,0,0,0.0,524,0
306,360964,2018,12,0,0,0.0,0,0
307,10904,2017,7,5,6800,6800.0,0,0
307,25696,2017,8,4,7336,7336.0,618,0
307,30006,2017,1,4,2337,2337.0,0,0
307,30109,2018,6,4,5840,5840.0,0,0
307,81609,2018,10,3,7841,17841.0,600,8
307,95896,2018,2,2,4886,4786.0,0,0
307,108803,2018,9,2,4808,4808.0,0,0
307,145009,2017,5,1,1626,1626.0,0,0
307,102104,2018,1,1,707,707.0,0,8
307,117262,2018,8,1,1821,1721.0,0,0
307,165613,2018,11,1,2261,2261.0,3,0
307,162207,2018,10,1,2436,2436.0,500,0
307,175170,2018,8,1,716,716.0,720,1
307,185108,2018,1,0,0,0.0,560,78
307,197097,2017,2,0,0,0.0,0,0
307,205129,2017,2,0,0,0.0,590,0
307,214376,2018,4,0,0,0.0,0,0
307,226663,2017,6,0,0,0.0,0,0
307,230173,2017,7,0,0,0.0,0,0
307,259106,2017,9,0,0,0.0,0,0
307,262695,2017,11,0,0,10000.0,834,8
307,268854,2017,11,0,0,0.0,0,9
307,367803,2018,11,0,0,0.0,0,0
307,363379,2018,12,0,0,0.0,0,0
308,4006,2018,7,6,10728,10728.0,0,0
308,3634,2017,8,6,15206,15206.0,0,0
308,3806,2017,3,6,12635,12635.0,0,0
308,2662,2018,8,7,4396,3396.0,0,0
308,117888,2018,9,2,2870,2870.0,548,129
308,142360,2017,10,2,4686,4686.0,0,0
308,154197,2018,1,0,0,0.0,324,99
308,157484,2018,2,0,0,0.0,500,0
308,182686,2018,1,0,0,0.0,0,0
308,197866,2017,2,0,0,0.0,9,8
308,182805,2017,1,0,0,0.0,0,0
308,193969,2017,3,0,0,0.0,0,0
308,190645,2017,1,0,0,0.0,0,0
308,190090,2017,2,0,0,0.0,0,0
308,192807,2018,3,0,0,0.0,0,0
308,190667,2017,1,0,0,0.0,0,0
308,200692,2017,4,0,0,0.0,0,0
308,207903,2018,2,0,0,0.0,0,0
308,204441,2018,3,0,0,0.0,0,0
308,300905,2018,4,0,0,0.0,0,0
308,301974,2018,7,0,0,0.0,0,0
308,300130,2018,8,0,0,0.0,0,0
308,350898,2018,11,0,0,0.0,0,0
308,303803,2018,12,0,0,0.0,0,0
309,5897,2018,7,5,10625,10625.0,636,123
309,20671,2018,6,5,6405,6405.0,0,0
309,60696,2017,1,3,2237,2237.0,0,0
309,62696,2017,9,3,4802,4802.0,0,0
309,60686,2018,10,3,2387,2387.0,521,0
309,82164,2018,11,3,2721,2721.0,322,0
309,105686,2017,8,2,4211,4411.0,0,71
309,108866,2017,1,2,2347,2347.0,545,0
309,100108,2017,2,2,4214,4214.0,0,0
309,114665,2018,12,2,2328,2328.0,0,0
309,100061,2017,9,2,4126,4126.0,572,0
309,110525,2018,2,2,4725,4725.0,500,0
309,197875,2017,2,0,0,0.0,0,8
309,207335,2017,11,0,0,0.0,0,0
309,208199,2018,3,0,0,0.0,0,0
309,203103,2018,4,0,0,0.0,524,100
309,210266,2017,5,0,0,0.0,8,3
309,324175,2018,11,0,0,0.0,0,0
309,302800,2018,11,0,0,0.0,0,0
309,328323,2018,5,0,0,0.0,0,8
309,327606,2018,6,0,0,0.0,0,0
309,321353,2018,3,0,0,0.0,0,0
309,325868,2018,5,0,0,0.0,0,0
309,329684,2018,8,0,0,0.0,500,7
310,30451,2017,11,4,6376,6376.0,0,0
310,90036,2018,6,3,1407,2407.0,0,0
310,7808,2018,11,5,4820,4820.0,578,98
310,90606,2018,8,3,2406,2406.0,0,0
310,90896,2018,1,2,4636,4636.0,391,148
310,196702,2018,11,2,1642,1642.0,761,8
310,157806,2018,2,1,2863,2863.0,7,0
310,168961,2018,2,1,2607,2606.0,0,8
310,165095,2018,3,1,688,688.0,598,0
310,207806,2017,1,0,7,7.0,0,0
310,200916,2017,4,0,0,0.0,596,0
310,200394,2017,5,0,0,0.0,0,0
310,200696,2017,7,0,0,0.0,0,48
310,200032,2017,9,0,0,0.0,0,0
310,200106,2017,3,0,0,0.0,0,0
310,207895,2018,4,0,0,0.0,0,0
310,209876,2018,5,0,0,0.0,0,0
310,240105,2017,8,0,0,0.0,0,0
310,257805,2018,8,0,0,0.5,524,100
310,201809,2017,2,20,0,0.0,2,0
310,217406,2018,2,0,0,0.0,574,6
310,220896,2018,4,0,0,0.0,0,0
310,368807,2018,11,0,0,0.0,0,0
310,362063,2018,12,0,0,0.0,0,8
311,5420,2018,8,6,10386,10386.0,787,72
311,15806,2018,12,5,11475,11475.0,890,0
311,27864,2018,8,5,7885,7885.0,0,0
311,21630,2018,11,4,4306,4306.0,0,148
311,27492,2018,9,4,7136,10236.0,0,8
311,82976,2018,6,4,4486,16486.0,0,0
311,29,2017,8,3,4428,4422.0,0,0
311,40866,2017,1,3,12347,2347.0,0,0
311,50896,2017,8,3,3678,3678.0,600,0
311,100807,2018,7,2,2276,2276.0,0,0
311,109662,2017,9,2,4407,4407.0,0,0
311,117639,2018,12,2,2478,2478.0,0,0
311,127696,2018,9,2,4663,4663.0,0,0
311,160906,2018,2,1,817,817.0,0,0
311,137063,2018,1,1,867,897.0,524,0
311,167093,2018,2,1,1831,1831.0,577,8
311,165607,2018,8,1,731,731.0,0,9
311,160806,2018,10,1,907,837.0,0,0
311,165923,2018,11,1,691,877.0,500,0
311,207806,2017,3,0,0,0.0,0,0
311,202367,2018,2,0,0,0.0,0,0
311,208166,2017,4,0,0,0.0,0,0
311,202963,2017,11,0,0,0.0,0,8
311,258998,2018,3,0,0,0.0,0,0
312,187677,2017,1,0,0,0.0,0,0
312,190576,2017,2,0,0,0.0,0,0
312,190094,2017,1,0,0,0.0,0,0
312,190686,2017,2,0,0,0.0,0,0
312,190608,2017,4,0,0,0.0,0,0
312,203907,2017,3,0,0,0.0,0,0
312,265095,2017,5,0,0,0.0,0,0
312,260847,2017,7,0,0,0.0,0,0
312,260692,2017,8,0,0,0.0,0,0
312,200500,2017,9,0,0,0.0,0,0
312,200102,2017,10,0,0,0.0,0,0
312,200578,2017,11,0,0,0.0,0,0
312,200896,2018,1,0,0,0.0,0,0
312,207476,2017,2,0,0,0.0,0,0
312,200833,2018,3,0,0,0.0,0,0
312,202106,2018,4,0,0,0.0,0,0
312,205989,2018,3,0,0,0.0,0,0
312,250103,2018,9,0,0,0.0,0,0
312,310895,2018,4,0,0,0.0,0,0
312,324102,2018,5,0,0,0.0,0,0
312,321190,2018,6,0,0,0.0,0,0
312,360663,2018,11,0,0,0.0,0,0
312,338003,2018,11,0,0,0.0,0,0
312,330606,2018,12,0,0,0.0,6,0
313,2675,2017,6,6,10621,10621.0,0,0
313,3282,2017,12,5,10100,10100.0,524,99
313,3408,2017,3,5,4205,4205.0,0,0
313,35842,2017,11,4,2600,2600.0,0,0
313,3066,2018,5,3,2373,2373.0,0,87
313,17105,2018,7,5,4618,4618.0,524,100
313,30636,2017,8,4,2536,2536.0,594,100
313,97206,2018,12,3,4877,4877.0,0,0
313,92600,2017,8,2,4918,4918.0,0,101
313,107163,2017,1,2,3346,3346.0,598,100
313,100449,2017,3,2,4381,4381.0,0,8
313,118383,2018,2,2,4224,4224.0,594,8
313,128363,2018,5,2,4906,4906.0,596,91
313,127871,2018,11,2,4020,4020.0,500,98
313,307606,2018,2,0,0,0.0,0,0
313,307866,2018,4,0,827,27.0,510,1
313,355617,2018,9,0,0,0.0,0,8
313,360069,2018,10,0,0,0.0,0,0
313,364901,2018,1,0,0,0.0,800,0
313,360277,2018,2,0,0,0.0,0,0
313,369884,2018,4,0,0,0.0,597,100
313,303569,2018,2,0,0,0.0,594,0
313,308102,2018,11,0,0,0.0,520,93
313,355182,2018,5,0,0,0.0,724,108
314,7826,2018,7,5,5800,5800.0,0,0
314,2861,2017,1,5,4875,4875.0,0,0
314,17686,2018,4,5,4825,4825.0,0,0
314,5906,2017,8,5,12616,2616.0,0,0
314,5608,2017,6,4,4438,4438.0,597,91
314,12383,2018,8,5,10882,882.0,0,0
314,31195,2017,3,4,4261,4261.0,826,76
314,67816,2017,5,3,5648,5948.0,0,0
314,90519,2017,1,2,2327,12327.0,0,0
314,90467,2018,11,2,4647,3647.0,0,0
314,7114,2017,9,2,4828,4828.0,590,0
314,110673,2018,2,2,2006,2006.0,527,129
314,103663,2018,12,2,4641,4641.0,0,0
314,168666,2018,1,1,608,608.0,0,0
314,168206,2018,2,1,804,809.0,0,0
314,160363,2018,3,1,2801,2801.0,526,8
314,163606,2018,9,1,2606,2406.0,0,0
314,169898,2018,7,1,2203,2263.0,0,0
314,162138,2018,6,1,1777,807.0,520,71
314,180666,2018,2,0,0,0.0,0,0
314,192009,2018,1,0,0,0.0,0,0
314,97363,2017,2,0,0,0.0,0,0
314,195126,2017,2,0,0,0.0,0,0
314,199533,2018,10,0,0,0.0,0,8
315,11838,2017,8,5,5780,5780.0,0,0
315,22630,2017,1,4,7376,7376.0,824,141
315,42506,2018,8,4,5100,5100.0,500,0
315,47602,2017,9,4,3460,3460.0,0,0
315,45071,2018,12,3,5147,7147.0,0,0
315,85183,2018,6,3,1778,1778.0,594,8
315,107183,2017,9,1,316,316.0,597,93
315,147603,2017,1,1,607,607.0,0,0
315,167607,2018,12,1,1317,1317.0,0,0
315,163586,2018,1,1,886,886.0,0,0
315,165806,2018,10,1,2881,2881.0,6,0
315,160196,2018,12,1,803,803.0,0,0
315,186441,2017,2,0,0,0.0,0,0
315,197485,2017,2,0,0,0.0,0,0
315,191306,2017,4,0,0,0.0,0,0
315,202962,2017,3,0,0,0.0,0,0
315,204163,2017,4,0,0,0.0,540,0
315,214580,2018,5,0,0,0.0,0,0
315,223869,2018,6,0,0,0.0,0,0
315,230872,2017,7,0,0,0.0,0,8
315,207195,2018,8,0,0,0.0,0,0
315,255867,2018,9,0,0,0.0,0,0
315,265605,2018,10,0,0,0.0,0,8
315,272996,2017,11,0,0,0.0,7,100
316,2664,2017,6,6,10648,10648.0,0,0
316,4197,2018,8,6,6341,6341.0,0,0
316,7102,2018,7,15,4605,6605.0,0,0
316,7882,2017,3,6,4808,4808.0,587,101
316,1600,2017,5,6,3236,3236.0,0,0
316,1108,2017,8,6,4682,4682.0,0,1
316,1805,2018,2,7,2261,2261.0,324,60
316,7903,2018,6,6,11305,12305.0,0,0
316,3186,2018,9,6,13223,3223.0,0,0
316,862,2017,11,2,3378,3378.0,0,0
316,2386,2018,8,2,4301,6301.0,500,0
316,7148,2018,7,4,12606,12606.0,0,8
316,7487,2018,9,3,2603,12603.0,501,93
316,100907,2017,12,2,2716,2716.0,394,91
316,107096,2017,10,2,4661,4661.0,0,0
316,100402,2017,1,2,1320,1320.0,594,100
316,105892,2018,2,0,0,0.0,0,0
316,101133,2017,3,0,0,0.0,1,98
316,105807,2017,5,0,0,0.0,0,1
316,100862,2017,4,0,0,0.0,2,67
316,903,2018,7,0,0,0.0,500,0
316,108194,2018,6,0,0,0.0,500,0
316,107762,2018,4,0,0,0.0,500,0
316,300393,2018,12,0,0,0.0,7,8
317,80766,2018,11,3,3707,3707.0,567,93
317,96896,2018,2,3,2473,2473.0,0,0
317,184866,2018,9,1,601,601.0,0,0
317,190157,2018,1,0,0,0.0,0,0
317,206169,2017,3,0,0,0.0,0,0
317,214108,2017,4,0,0,0.0,0,0
317,221166,2018,3,0,0,0.0,0,0
317,225863,2017,5,0,0,0.0,0,0
317,227102,2017,6,0,0,0.0,0,0
317,235562,2017,2,0,0,0.0,0,0
317,237806,2017,6,0,0,0.0,0,1
317,242715,2017,7,0,0,0.0,0,0
317,265355,2017,11,0,0,0.0,0,0
317,265133,2017,9,0,0,0.0,0,0
317,260603,2017,10,0,0,0.0,0,0
317,265234,2017,11,0,0,0.0,0,0
317,268696,2017,12,0,0,0.0,0,0
317,267908,2017,12,0,0,0.0,0,8
317,264693,2018,1,0,0,0.0,0,0
317,269103,2018,9,0,0,0.0,0,0
317,265676,2018,1,0,0,0.0,0,0
317,367652,2018,10,0,0,0.0,500,0
317,335407,2018,11,0,0,0.0,524,0
317,367808,2018,12,0,0,0.0,0,0
318,5094,2018,8,6,10640,10640.0,500,6
318,17223,2018,7,5,14780,14780.0,337,21
318,2896,2017,8,6,10816,10816.0,500,0
318,465,2017,3,5,2605,12605.0,0,1
318,49887,2018,9,4,7008,7003.0,4,0
318,42102,2018,4,3,4422,2422.0,500,8
318,57863,2017,1,3,2921,2921.0,0,0
318,67804,2017,2,3,7411,7411.0,0,0
318,82121,2018,7,3,4807,4807.0,0,0
318,107105,2017,8,2,3806,3806.0,0,0
318,107171,2017,9,2,4638,4638.0,511,100
318,107803,2017,9,2,2026,2026.0,0,0
318,107866,2017,5,2,3606,3606.0,4,0
318,105303,2017,12,2,14801,4801.0,4,0
318,103107,2017,11,2,4756,4756.0,0,0
318,104891,2017,11,6,3391,3391.0,530,0
318,169337,2018,12,1,2001,2001.0,0,0
318,160843,2018,6,1,1130,1130.0,7,0
318,167036,2018,1,1,2203,2203.0,0,0
318,160195,2018,4,1,677,2613.0,0,100
318,175663,2018,9,1,607,2006.0,594,0
318,169669,2018,10,0,0,0.0,0,0
318,347103,2018,1,0,0,0.0,0,8
318,369187,2018,2,0,0,6.0,0,0
318,306665,2018,12,0,0,3.0,0,0
318,303696,2018,6,0,0,0.0,0,0
318,369603,2017,10,0,0,0.0,0,0
318,317273,2018,2,0,0,0.0,498,0
318,300002,2018,3,0,0,5.0,0,93
318,307900,2018,2,0,0,0.0,0,0
318,333666,2018,12,0,0,0.0,0,0
318,356156,2018,12,0,0,0.0,0,0
318,327533,2018,7,0,0,0.0,0,0
318,363196,2018,2,0,0,0.0,0,0
318,350606,2018,6,0,0,0.0,0,0
318,360163,2018,2,1,0,0.0,0,0
318,363002,2018,3,0,0,0.0,0,0
318,301817,2018,4,0,0,58600.0,561,0
318,367666,2018,8,0,0,0.0,0,0
318,327197,2018,8,0,0,0.0,567,0
318,365109,2018,1,0,0,0.0,0,0
318,320584,2018,6,0,0,0.0,0,8
318,367695,2018,12,0,0,0.0,0,0
318,364106,2018,12,0,0,0.0,594,0
318,360100,2018,6,0,0,0.0,0,0
318,367806,2018,11,0,0,0.0,4,141
318,360873,2018,11,0,0,0.0,0,0
318,360662,2018,11,0,0,0.0,0,0
319,792,2017,3,5,14330,14330.0,0,0
319,15866,2018,6,5,4345,4345.0,7,0
319,17606,2018,8,5,10770,10770.0,504,1
319,12304,2018,1,5,4605,13605.0,0,0
319,27806,2018,6,4,7360,7360.0,0,0
319,45704,2018,12,3,3317,3317.0,500,0
319,57203,2018,1,3,2236,2236.0,300,0
319,57463,2018,5,3,2266,2266.0,0,6
319,57698,2018,12,3,4347,4347.0,0,0
319,97666,2018,11,3,1109,1109.0,537,8
319,95865,2018,2,2,4886,4886.0,594,108
319,107663,2018,4,2,3708,3708.0,0,0
319,101102,2018,8,2,4310,4110.0,0,8
319,102397,2018,9,2,2331,2331.0,521,0
319,135193,2017,12,2,4007,4007.0,527,78
319,145853,2017,1,1,828,828.0,0,1
319,150665,2018,8,1,631,631.0,1,0
319,157685,2018,12,1,1837,1837.0,0,0
319,167866,2018,1,1,1038,1200.0,0,0
319,167196,2018,6,1,691,839.0,0,2
319,290533,2018,8,0,0,0.0,0,0
319,209086,2018,1,0,0,7.0,524,1
319,200164,2017,3,0,0,0.0,0,0
319,307107,2018,10,0,0,8.0,0,0
320,6624,2018,8,7,10881,10881.0,538,95
320,17206,2018,7,5,8320,8320.0,0,1
320,19376,2018,9,5,7400,7400.0,0,0
320,95949,2018,8,2,2086,2086.0,0,0
320,162095,2018,2,1,1672,62672.0,1,0
320,168006,2018,4,1,718,718.0,0,0
320,162163,2018,1,1,801,801.0,0,8
320,160136,2018,12,1,696,696.0,0,0
320,160611,2018,11,1,607,607.0,0,0
320,160009,2018,2,1,901,901.0,0,0
320,162694,2018,1,1,33248,3248.0,500,0
320,169607,2018,11,1,938,10938.0,500,0
320,165606,2018,2,1,806,806.0,0,0
320,169606,2018,11,1,313,373.0,5,0
320,187107,2017,2,0,0,0.0,0,0
320,190166,2017,3,0,0,0.0,0,0
320,205693,2017,2,0,0,0.0,0,0
320,207164,2017,3,0,0,0.0,0,0
320,207366,2017,4,0,0,0.0,0,0
320,217136,2017,5,0,0,0.0,0,0
320,226566,2017,5,0,0,0.0,0,0
320,225760,2018,6,0,0,0.0,527,0
320,338801,2018,9,0,0,0.0,524,0
320,303967,2018,11,0,0,0.5,504,0
321,3838,2017,7,6,11428,11428.0,0,0
321,7206,2018,3,5,10835,10835.0,0,0
321,6268,2018,8,16,5120,5120.0,0,0
321,7156,2018,7,6,2618,12618.0,0,0
321,603,2018,6,6,14606,4606.0,0,8
321,103606,2018,4,2,3806,3806.0,0,0
321,106696,2017,7,2,3870,3870.0,514,8
321,100106,2018,9,2,4916,4916.0,0,6
321,100695,2018,11,2,10606,606.0,567,6
321,102065,2018,10,2,1300,1300.0,321,98
321,107810,2017,8,2,4002,4002.0,548,0
321,100801,2017,2,2,1806,1806.0,0,0
321,100142,2018,4,2,2242,2242.0,526,98
321,102632,2018,8,1,2316,2316.0,524,9
321,153835,2018,12,1,831,831.0,513,121
321,162603,2018,9,1,783,783.0,0,0
321,160996,2018,11,1,806,806.5,517,101
321,208390,2017,2,0,0,0.0,0,1
321,218402,2017,11,0,0,0.0,0,0
321,293165,2018,12,0,0,0.0,0,0
321,227234,2018,1,0,0,0.0,520,0
321,270162,2018,3,0,0,0.0,0,0
321,320072,2018,11,0,0,0.0,500,8
321,300195,2018,12,0,0,0.0,0,0
322,2272,2017,7,6,4848,4848.0,798,141
322,4156,2018,7,6,4368,4368.0,521,99
322,1860,2017,8,6,10890,10890.0,0,0
322,5806,2018,7,6,17372,7372.0,0,0
322,100103,2017,6,2,4100,4100.0,724,0
322,100869,2017,11,12,4316,4316.0,0,0
322,115866,2018,12,2,2104,2104.0,506,0
322,120666,2018,12,2,2116,2116.0,0,0
322,153603,2018,2,1,734,734.0,0,8
322,167906,2018,1,1,601,601.0,564,0
322,167863,2018,1,1,1341,1341.0,0,0
322,185283,2017,1,0,0,0.0,0,0
322,190863,2017,1,0,0,0.0,1,5
322,215177,2017,3,0,0,0.0,0,0
322,225994,2017,5,0,0,0.0,0,0
322,223667,2017,8,0,0,0.0,0,0
322,234069,2017,9,0,0,0.0,0,0
322,250660,2017,12,0,0,0.0,0,0
322,263198,2017,11,0,0,0.0,0,0
322,286890,2018,1,0,0,0.0,0,0
322,290806,2018,1,0,0,0.0,0,0
322,307833,2018,2,0,0,0.0,0,100
322,338602,2018,6,0,0,0.0,0,0
322,350006,2018,10,0,0,0.0,0,0
323,189460,2017,11,0,0,0.0,0,0
323,197671,2017,2,0,0,0.0,0,0
323,192874,2017,3,0,0,0.0,0,0
323,190063,2018,2,0,0,0.0,0,0
323,201136,2017,4,0,0,0.0,0,0
323,200630,2017,3,0,0,0.0,0,0
323,211896,2017,5,0,0,0.0,0,0
323,229006,2017,6,0,0,0.0,0,0
323,222695,2017,7,0,0,0.0,0,0
323,220869,2017,8,0,0,0.0,0,0
323,221492,2017,9,0,0,0.0,0,0
323,220091,2017,8,0,0,0.0,0,0
323,250866,2017,2,0,0,0.0,523,100
323,260807,2017,11,0,0,0.0,0,0
323,262804,2017,11,0,0,0.0,0,0
323,260893,2018,2,0,0,0.0,0,73
323,267993,2017,12,0,0,0.0,0,0
323,260404,2017,11,0,0,0.0,0,0
323,283176,2018,1,0,0,0.0,0,0
323,297811,2018,2,0,0,0.0,0,0
323,307506,2018,4,0,0,0.0,0,0
323,300061,2018,3,0,0,0.0,0,0
323,307109,2018,5,0,0,0.0,0,0
323,367808,2018,12,0,0,0.0,0,0
324,1861,2018,7,7,10889,10889.0,399,108
324,15168,2018,6,5,31,31.0,0,0
324,51312,2018,8,3,2306,2306.0,0,0
324,65605,2018,8,3,3971,3971.0,510,0
324,67864,2018,5,3,4636,4736.0,597,91
324,164267,2018,11,3,2420,2420.0,594,3
324,170837,2018,10,1,717,717.0,0,88
324,180894,2017,1,0,0,0.0,8,0
324,185115,2018,1,0,0,0.0,0,0
324,190166,2017,12,0,0,0.0,0,0
324,197166,2017,3,0,0,0.0,3,196
324,206066,2017,3,0,0,0.0,8,0
324,208662,2017,6,0,0,0.0,0,0
324,203907,2017,2,0,0,0.0,294,0
324,213067,2017,2,0,0,0.0,0,0
324,228897,2017,4,0,0,0.0,0,8
324,214906,2017,4,0,0,0.0,5,0
324,237673,2018,6,0,0,0.0,0,0
324,255197,2017,8,0,0,0.0,0,0
324,331163,2018,7,0,0,0.0,520,0
324,348883,2018,9,0,0,0.0,0,0
324,359165,2018,11,0,0,0.0,0,9
324,365011,2018,11,0,0,0.0,0,0
324,367133,2018,12,0,0,0.0,0,0
325,4006,2018,6,6,10866,10866.0,27,0
325,13809,2017,7,5,7205,7205.0,538,98
325,20675,2017,12,5,7355,7355.0,600,73
325,25897,2018,8,4,4888,4888.0,0,0
325,62860,2017,2,3,3801,3801.0,0,0
325,74806,2018,1,3,2314,2314.0,0,0
325,87064,2018,2,3,4601,4601.0,324,0
325,95846,2017,11,2,4996,4996.0,700,88
325,100187,2017,7,2,4211,4211.0,0,8
325,100802,2018,7,2,2671,2671.0,0,0
325,102163,2017,3,2,4375,4375.0,0,0
325,107169,2017,9,2,4006,4006.0,0,0
325,105861,2018,10,2,4470,4470.0,531,0
325,100495,2017,12,1,1733,1733.0,0,8
325,100103,2017,11,0,0,0.0,500,0
325,104193,2018,2,0,0,0.0,0,0
325,193673,2017,1,0,0,0.0,560,0
325,190462,2018,6,0,0,0.0,899,91
325,190800,2018,1,0,0,0.0,0,0
325,357896,2018,7,0,0,0.0,0,0
325,300176,2018,2,0,0,0.0,0,0
325,355662,2018,9,0,0,0.0,4,0
325,301207,2018,1,0,0,0.0,0,0
325,353133,2018,4,0,0,0.0,0,0
326,40103,2018,7,4,7768,7768.0,0,0
326,55807,2017,1,3,3248,3248.0,0,0
326,67603,2017,12,3,5631,5631.0,0,0
326,68171,2017,12,3,3427,3427.0,0,0
326,64605,2018,2,3,4087,4087.0,800,0
326,67825,2018,5,3,2676,2656.0,0,0
326,67106,2018,6,3,5687,5687.0,0,0
326,66104,2017,8,3,4068,4068.0,500,0
326,70863,2018,12,3,4337,6337.0,0,0
326,99647,2018,1,2,2127,2727.0,520,0
326,100802,2017,1,2,2300,2300.0,554,96
326,100714,2017,2,2,10826,826.0,527,101
326,104267,2018,3,2,1806,1806.0,396,103
326,108583,2018,6,2,3786,3786.0,0,8
326,155825,2017,2,1,606,906.0,524,80
326,161134,2018,4,1,1847,1847.0,8,0
326,162483,2018,5,1,607,207.0,4,0
326,162405,2018,12,1,703,703.0,0,1
326,167173,2018,1,1,1405,5.0,0,0
326,167146,2018,11,1,907,707.0,597,8
326,167606,2018,6,1,806,11400.0,0,0
326,169806,2018,11,0,607,0.0,590,8
326,351804,2018,12,1,0,0.0,0,2
326,321103,2018,10,0,0,6.0,590,1
327,19896,2017,8,5,5430,5430.0,0,0
327,57607,2017,2,3,4426,4426.0,0,0
327,87864,2018,12,3,2161,2161.0,0,0
327,167206,2018,12,1,897,10897.0,590,98
327,191868,2017,5,0,0,0.0,0,3
327,307102,2017,1,0,0,0.0,0,0
327,361864,2017,2,0,0,0.0,0,0
327,323898,2017,3,0,0,0.0,0,0
327,320865,2017,4,0,0,0.0,4,100
327,335125,2017,6,0,0,0.0,0,0
327,330809,2017,7,0,0,0.0,520,1
327,337866,2017,12,0,0,0.0,0,73
327,337604,2018,6,0,0,0.0,0,0
327,340694,2018,8,0,0,0.0,0,78
327,347608,2018,7,0,0,0.0,0,0
327,348806,2018,8,0,0,0.0,0,0
327,350660,2018,9,0,0,0.0,0,3
327,360695,2018,11,0,0,0.0,0,0
327,366166,2018,2,0,0,0.0,0,1
327,369103,2018,7,0,0,0.0,0,0
327,361493,2018,9,0,0,0.0,596,8
327,361266,2018,10,0,0,0.0,600,0
327,367147,2018,11,0,0,0.0,0,8
327,387606,2018,12,0,0,0.0,0,0
328,294,2018,8,6,11886,11886.0,500,5
328,1837,2018,7,3,4386,4386.0,590,0
328,7766,2017,8,6,7366,7966.0,0,0
328,7606,2017,6,5,10648,648.0,547,98
328,566,2017,5,9,10735,735.0,590,91
328,806,2017,6,0,0,0.0,0,0
328,1084,2018,8,0,0,0.0,0,0
328,7909,2018,9,0,0,0.0,0,98
328,2273,2018,12,0,0,0.0,0,0
328,133,2017,9,0,0,0.0,0,0
328,27865,2017,11,0,0,0.0,0,0
328,20683,2017,12,0,0,0.0,0,0
328,42876,2018,1,0,0,0.0,0,0
328,67666,2018,5,0,0,0.0,0,0
328,65112,2018,12,0,0,0.0,0,0
328,62895,2018,3,0,0,0.0,0,3
328,64690,2017,11,0,0,0.0,0,0
328,267196,2017,2,0,0,0.0,524,0
328,200403,2018,3,0,0,0.0,0,0
328,201406,2018,1,0,0,0.0,0,0
328,200680,2018,12,0,0,0.0,564,1
328,65002,2018,2,0,0,0.0,517,8
328,262656,2018,10,0,0,0.0,0,0
328,305966,2018,11,0,0,0.0,588,108
329,19389,2018,8,5,7770,7770.0,0,0
329,188821,2018,1,1,671,671.0,590,96
329,110366,2018,12,1,878,872.0,800,0
329,107106,2018,1,0,0,0.0,0,0
329,182085,2017,2,0,0,0.0,0,0
329,189906,2018,3,0,0,0.0,0,0
329,186802,2017,4,0,0,0.0,0,99
329,187121,2017,2,0,0,0.0,0,5
329,190035,2017,9,0,0,0.0,0,0
329,190607,2017,1,0,0,0.0,0,0
329,197874,2017,4,0,0,0.0,0,0
329,193538,2017,6,0,0,0.0,0,0
329,207371,2017,3,0,0,0.0,0,0
329,200896,2017,1,0,0,0.0,0,0
329,207045,2017,2,0,0,0.0,0,0
329,200034,2017,3,0,0,0.0,0,0
329,200041,2018,5,0,0,0.0,0,0
329,219639,2018,11,0,0,0.0,0,0
329,220072,2018,4,0,0,0.0,0,0
329,230600,2018,7,0,0,10000.0,7,0
329,247496,2018,8,0,0,0.0,0,0
329,241106,2018,8,0,0,0.0,0,9
329,251670,2018,10,0,0,0.0,526,100
329,244973,2018,12,0,0,0.0,0,0
330,15444,2018,5,5,7635,7635.0,0,0
330,62803,2018,7,3,4532,4532.0,597,96
330,60065,2018,8,3,4302,4302.0,0,0
330,67803,2017,11,3,4447,4447.0,0,0
330,62816,2018,6,3,4217,4217.0,597,0
330,160665,2018,2,1,825,825.0,1,0
330,165504,2018,5,1,701,701.0,0,0
330,164304,2018,1,1,611,611.0,500,0
330,167427,2018,2,1,847,847.0,390,0
330,167674,2018,0,1,816,816.0,0,0
330,165512,2018,9,1,801,801.0,594,1
330,160665,2018,12,1,706,706.0,564,8
330,185122,2017,2,0,0,0.0,0,0
330,198692,2017,3,0,0,0.0,0,0
330,207607,2017,4,0,0,0.0,557,0
330,217602,2017,3,0,0,0.0,0,0
330,225996,2017,5,0,0,0.0,0,0
330,266864,2017,11,0,0,0.0,0,0
330,260913,2018,1,0,0,0.0,0,0
330,267852,2017,12,0,0,0.0,0,3
330,266113,2017,10,0,0,0.0,0,0
330,276873,2017,11,0,0,0.0,500,0
330,255603,2018,9,0,0,0.0,594,0
330,260181,2018,11,0,0,0.0,0,3
331,28861,2017,12,5,4870,4870.0,25,0
331,42673,2018,8,4,4706,4706.0,0,0
331,55567,2018,2,3,1631,1631.0,504,93
331,57863,2017,4,3,4946,4936.0,0,0
331,67276,2018,6,3,4601,4601.0,4,148
331,65864,2018,1,3,806,806.0,364,0
331,72805,2018,12,3,1401,1401.0,0,0
331,90883,2017,11,3,1682,1682.0,1,2
331,97483,2017,2,2,2928,2928.0,0,0
331,93606,2018,11,2,2800,2800.0,528,0
331,92505,2017,2,2,2446,68446.0,371,100
331,107056,2017,11,2,2390,2390.0,0,68
331,102103,2017,9,2,3477,3477.0,0,0
331,108093,2018,12,2,4846,6876.0,700,0
331,102132,2018,10,2,4716,4716.0,0,0
331,115408,2018,11,2,2406,2406.0,0,1
331,154865,2018,2,1,831,841.0,0,0
331,195889,2018,11,0,40000,0.0,0,0
331,202186,2018,3,0,0,0.0,0,5
331,207305,2017,4,0,0,0.0,0,0
331,305099,2018,5,0,0,0.0,0,0
331,300663,2018,3,0,0,0.0,0,0
331,300893,2018,1,0,0,0.0,0,0
331,303185,2018,12,0,0,0.0,524,108
332,9909,2017,7,5,5125,5125.0,4,0
332,8103,2018,5,5,5325,5325.0,510,8
332,29186,2017,6,4,3880,3880.0,0,1
332,27223,2018,9,4,3236,3236.0,0,0
332,60861,2017,6,3,3317,3317.0,526,100
332,62206,2017,10,3,6067,6067.0,0,0
332,67661,2017,12,3,4606,4606.0,0,0
332,97106,2017,1,2,2118,2118.0,0,0
332,92665,2017,2,2,1808,1808.0,0,1
332,103102,2017,3,2,4721,4721.0,0,5
332,103009,2017,12,3,4742,4842.0,561,8
332,100864,2018,11,2,3266,76266.0,532,100
332,103865,2018,9,2,4330,4330.0,0,0
332,309181,2017,11,0,0,0.0,0,0
332,303602,2018,4,0,0,0.0,0,0
332,302837,2018,3,0,0,0.0,7,0
332,306867,2018,4,0,0,0.0,0,0
332,362803,2018,5,0,24431,0.0,0,0
332,360663,2018,8,0,0,0.0,0,0
332,353804,2018,9,0,0,0.0,0,0
332,308669,2018,8,0,0,0.0,500,0
332,300103,2018,1,0,0,0.0,0,0
332,327106,2018,5,0,0,0.0,0,0
332,328099,2018,12,0,0,0.0,0,6
333,90560,2018,7,3,5126,5126.0,0,0
333,90608,2018,8,3,4871,4871.0,0,0
333,100802,2018,2,2,4916,4916.0,500,0
333,185075,2017,10,1,801,801.0,0,0
333,167806,2017,11,1,732,732.0,0,0
333,160685,2018,1,1,636,36.0,0,0
333,169806,2018,2,1,739,739.0,0,0
333,166629,2018,11,1,601,601.5,520,8
333,166617,2018,1,1,736,736.0,500,0
333,180697,2017,3,0,0,0.0,0,0
333,182900,2017,2,0,0,0.0,0,0
333,199038,2017,3,0,0,0.0,525,0
333,99136,2017,4,0,0,0.0,0,0
333,199305,2017,1,0,0,0.0,0,0
333,204166,2017,4,0,0,0.0,0,0
333,204808,2017,5,0,0,0.0,0,5
333,200394,2018,4,0,0,0.0,0,0
333,209803,2018,6,0,0,0.0,0,0
333,250607,2018,9,0,0,0.0,0,0
333,260179,2017,11,0,0,0.0,521,0
333,277137,2017,12,0,0,0.0,0,0
333,257804,2018,10,0,0,0.0,0,8
333,256995,2018,1,0,0,0.0,0,0
333,280696,2018,12,0,0,0.0,500,8
334,2104,2017,6,6,10660,10660.0,0,0
334,107699,2018,11,2,4206,4206.0,0,0
334,100306,2018,2,2,4890,4890.0,800,0
334,106136,2018,10,1,680,680.0,604,0
334,155176,2018,1,1,638,638.0,0,0
334,167113,2018,1,1,788,788.0,0,100
334,157160,2018,1,1,906,906.0,0,0
334,169006,2018,2,1,2306,2306.0,500,3
334,160676,2018,1,1,929,929.0,0,0
334,168062,2018,2,1,36,36.0,0,0
334,175835,2018,0,0,0,0.0,0,0
334,187666,2017,3,0,0,0.0,0,0
334,192802,2017,4,0,0,0.0,0,0
334,195896,2017,2,0,0,0.0,0,0
334,207086,2017,3,0,0,0.0,590,0
334,202123,2017,4,0,0,0.0,0,0
334,204803,2017,5,0,0,0.0,0,0
334,207809,2017,3,0,0,0.0,524,0
334,216763,2018,1,0,0,0.0,0,0
334,217866,2018,4,0,0,0.0,0,0
334,223066,2018,5,0,0,0.0,0,0
334,262590,2017,10,0,0,0.0,500,0
334,272033,2017,11,0,0,0.0,0,7
334,223613,2018,12,0,0,0.0,0,8
335,137993,2017,1,1,2491,2491.0,0,0
335,167600,2018,1,1,2861,2861.0,0,0
335,187362,2018,1,1,2386,2386.0,500,1
335,185197,2018,2,0,0,0.0,0,0
335,190781,2017,3,0,0,0.0,0,0
335,197903,2017,5,0,0,0.0,0,0
335,197667,2017,7,0,0,0.0,0,0
335,197476,2017,2,0,0,0.0,0,0
335,190496,2017,4,0,0,0.0,0,0
335,200630,2017,6,0,0,0.0,0,0
335,207133,2017,8,0,0,0.0,3,0
335,207820,2017,8,0,0,0.0,0,0
335,206678,2017,9,0,0,0.0,0,0
335,200983,2017,2,0,0,0.0,0,0
335,200607,2017,3,0,0,0.0,0,0
335,208886,2017,12,0,0,0.0,0,0
335,211689,2018,4,0,0,0.0,0,0
335,227692,2018,5,0,0,0.0,0,8
335,235102,2018,6,0,0,0.0,0,0
335,240665,2018,7,0,0,0.0,0,0
335,257376,2017,9,0,0,0.0,398,0
335,261155,2018,10,0,0,0.0,0,0
335,305286,2018,11,0,0,0.0,0,8
335,300616,2018,12,0,0,0.0,0,0
336,4806,2017,6,6,10678,10678.0,0,0
336,17873,2018,7,5,4800,4800.0,0,0
336,27606,2018,11,5,8625,8625.0,0,0
336,62802,2018,2,3,4208,10908.0,528,151
336,93382,2017,7,3,2076,2076.0,0,0
336,93166,2017,1,3,4813,4813.0,600,0
336,90161,2017,5,2,4806,4806.0,594,108
336,100825,2017,8,2,4326,4326.0,0,0
336,101165,2017,9,2,1761,1761.0,500,99
336,100162,2018,8,2,3321,3321.0,0,8
336,100807,2017,12,2,2896,2896.0,400,8
336,100814,2018,11,2,4606,4606.0,500,1
336,107167,2018,10,1,806,806.0,4,0
336,147665,2017,9,1,2023,2023.0,521,100
336,149695,2017,11,1,786,786.0,534,0
336,153804,2018,2,1,677,677.0,0,8
336,185200,2018,1,0,0,0.0,564,148
336,190067,2018,2,0,0,0.0,0,3
336,191563,2018,3,0,0,0.0,0,0
336,205103,2018,2,0,0,0.0,0,0
336,256872,2018,3,0,0,0.0,514,0
336,300108,2018,2,0,0,0.0,0,2
336,300862,2018,6,0,0,0.0,0,0
336,306973,2018,8,0,0,0.0,0,8
337,3866,2017,7,6,12648,12648.0,794,75
337,7303,2018,7,16,4420,4420.0,0,0
337,2206,2018,8,6,10606,16606.0,0,0
337,756,2018,5,6,6643,6043.0,0,0
337,8465,2017,11,6,4387,4387.0,0,0
337,1152,2017,3,2,4336,4336.0,0,0
337,7606,2017,11,3,4081,4081.0,0,0
337,7922,2017,8,6,10816,816.0,0,98
337,7653,2017,2,2,1336,1336.0,0,0
337,107637,2018,9,2,4326,4326.0,0,0
337,169,2017,12,2,2306,2306.0,0,0
337,107983,2017,1,2,3768,3768.0,0,0
337,104965,2018,4,2,4616,36616.0,564,100
337,100406,2017,12,0,0,0.0,0,0
337,107668,2017,11,0,0,0.0,0,0
337,105345,2017,3,0,0,0.0,0,0
337,204836,2017,4,0,0,0.0,0,0
337,237759,2018,5,0,0,0.0,0,0
337,241624,2018,8,0,0,0.0,0,0
337,257636,2018,9,0,0,0.0,0,0
337,267606,2018,6,0,0,0.0,0,8
337,267164,2018,10,0,0,0.0,500,8
337,260825,2018,11,0,0,0.0,0,0
337,395816,2018,12,0,0,0.0,0,0
338,25802,2017,1,4,4940,4940.0,631,73
338,61255,2017,7,3,4333,4333.0,0,0
338,60803,2018,9,3,4601,4601.0,566,5
338,68162,2017,1,3,4807,4807.0,508,78
338,65432,2017,12,3,2346,2346.0,0,108
338,65396,2017,10,3,7441,7441.0,0,0
338,105832,2017,12,2,1887,1887.0,424,3
338,107686,2017,2,2,10668,668.0,0,0
338,127605,2018,1,2,4738,4738.0,336,8
338,160069,2018,2,5,4304,4304.0,4,0
338,166443,2018,2,1,876,876.0,500,0
338,327866,2018,3,2,681,681.0,598,101
338,326090,2018,5,0,0,0.0,0,0
338,327682,2018,11,0,0,0.0,0,0
338,342662,2018,7,0,0,0.0,0,0
338,357876,2017,8,0,0,0.0,0,0
338,367107,2018,12,0,0,0.0,4,121
338,327666,2018,6,0,0,0.0,0,0
338,332387,2018,4,0,0,0.0,0,0
338,359865,2018,6,0,0,0.0,0,1
338,357912,2018,9,0,0,0.0,0,8
338,358289,2018,9,0,0,0.0,0,0
338,324698,2018,11,0,0,0.0,0,1
338,350808,2018,12,0,0,0.0,0,0
339,7664,2017,3,5,14830,14830.0,0,0
339,7106,2018,7,5,7675,7675.0,734,100
339,7863,2017,8,5,4475,4475.0,584,121
339,4806,2017,9,6,5368,5368.0,0,0
339,72134,2018,8,3,1638,1638.0,1,0
339,82446,2018,5,3,4604,4604.0,0,0
339,27832,2017,6,3,4927,4927.0,510,91
339,89326,2018,4,3,2327,2327.0,0,8
339,100889,2017,12,2,2477,2477.0,0,0
339,100365,2017,5,2,4671,4671.0,0,0
339,107062,2017,7,2,4306,4306.0,538,0
339,120806,2018,11,2,4800,4800.0,0,0
339,187003,2017,2,1,848,878.0,0,0
339,193106,2017,2,1,2116,2116.0,0,0
339,200806,2017,11,0,0,0.0,0,0
339,202083,2017,5,0,0,0.0,0,0
339,212803,2018,5,0,0,0.0,0,8
339,290158,2018,2,0,0,0.0,0,8
339,305866,2018,3,0,0,0.0,467,0
339,310503,2018,4,0,0,0.0,0,0
339,328804,2018,5,0,0,0.0,0,0
339,351107,2018,10,0,0,0.0,0,0
339,347869,2018,8,0,0,0.0,0,0
339,350465,2018,11,0,0,0.0,0,0
340,37698,2018,12,4,5036,5036.0,527,93
340,177597,2018,11,1,401,401.0,0,0
340,329171,2017,1,0,0,0.0,0,0
340,369667,2017,2,0,0,0.0,0,100
340,337667,2017,3,0,0,0.0,0,0
340,335185,2017,4,0,0,0.0,528,98
340,354806,2017,5,0,0,0.0,0,0
340,360462,2018,6,0,0,0.0,5,0
340,360867,2017,7,0,0,0.0,0,0
340,367605,2018,8,0,0,0.0,0,0
340,367800,2017,10,0,0,0.0,0,0
340,367607,2017,11,0,0,0.0,0,0
340,363192,2018,2,1,0,0.0,0,0
340,367077,2018,9,0,0,0.0,0,0
340,367605,2018,1,0,0,0.0,0,0
340,360667,2018,2,0,0,0.0,0,0
340,367207,2018,4,1,0,0.0,0,0
340,362065,2018,8,0,0,0.0,0,0
340,364106,2018,1,0,0,23000.0,0,0
340,369826,2018,2,0,0,0.0,0,0
340,361593,2018,8,0,0,0.0,594,0
340,367602,2018,9,0,0,0.0,0,0
340,360687,2018,11,0,0,0.0,596,0
340,362605,2017,12,0,0,0.0,0,0
341,2366,2017,3,6,10808,10808.0,1,0
341,44154,2018,6,3,7631,7636.0,0,0
341,60196,2018,1,3,4336,4336.0,0,0
341,60856,2018,12,3,4377,4377.0,0,0
341,107169,2018,1,2,4606,4606.0,0,0
341,107977,2017,2,2,4816,4816.0,0,8
341,100667,2018,1,1,882,882.0,0,0
341,157615,2018,2,1,1874,1874.0,542,8
341,163806,2018,7,1,741,741.0,0,0
341,162873,2018,1,1,1733,1733.0,0,0
341,190807,2017,2,0,0,0.0,0,119
341,190905,2017,3,0,0,0.0,0,0
341,205666,2017,4,0,0,0.0,0,0
341,201004,2017,3,0,0,0.0,0,0
341,208162,2017,4,0,0,0.0,0,0
341,213190,2017,6,0,0,0.0,0,0
341,227226,2017,5,0,0,0.0,0,0
341,234163,2017,7,0,0,0.0,0,0
341,206162,2018,1,0,0,0.0,0,0
341,255107,2018,8,0,0,0.0,0,0
341,262204,2017,11,0,0,0.0,544,128
341,260156,2018,9,0,0,0.0,0,0
341,260373,2018,11,0,0,0.0,0,0
341,277677,2018,12,0,0,0.0,0,0
342,6802,2018,8,20,800,800.0,0,0
342,5926,2018,6,6,24461,14461.0,0,0
342,8706,2018,7,8,0,0.0,0,0
342,7605,2018,2,5,14811,4811.0,546,8
342,7691,2017,11,3,887,887.0,6,0
342,53802,2017,8,1,318,318.0,0,1
342,55863,2018,1,0,0,0.0,0,0
342,83186,2017,2,0,0,0.0,0,0
342,97806,2018,3,0,0,0.0,0,0
342,6686,2018,4,0,0,0.0,6,0
342,107806,2017,5,0,0,0.0,0,0
342,107694,2017,11,0,0,0.0,0,0
342,207667,2018,8,0,0,0.0,0,0
342,202181,2017,3,0,0,0.0,0,0
342,207612,2018,1,0,0,0.0,0,0
342,210703,2018,3,0,0,0.0,0,0
342,220896,2018,5,0,0,0.0,0,0
342,230606,2018,6,0,0,0.0,0,0
342,243866,2018,7,0,0,0.0,0,0
342,250603,2018,8,0,0,0.0,0,0
342,302634,2018,12,0,0,0.0,0,0
342,360163,2018,9,0,0,0.0,0,0
342,370680,2018,11,0,0,0.0,524,0
342,310162,2018,12,0,0,0.0,0,0
343,5896,2018,7,6,24882,14882.0,534,90
343,7662,2017,3,5,7005,7005.0,700,0
343,35676,2018,6,4,4360,4360.0,0,1
343,14826,2018,5,5,1877,1877.0,0,0
343,52604,2018,11,3,1101,1101.0,838,8
343,69102,2018,8,3,2306,2306.0,0,0
343,63100,2018,7,3,2377,2377.0,0,0
343,67904,2017,2,3,4638,4638.0,504,73
343,344166,2017,10,0,1,1.0,4,0
343,347683,2017,5,0,0,0.0,0,0
343,347158,2017,1,0,0,0.0,0,0
343,357836,2017,2,0,0,0.0,0,0
343,363370,2017,2,0,0,0.0,0,0
343,367193,2017,9,0,0,0.0,0,0
343,360603,2018,8,0,0,0.0,0,0
343,365446,2018,11,0,0,0.0,0,0
343,376865,2018,10,0,0,0.0,0,2
343,366864,2018,11,0,0,0.0,0,0
343,364807,2018,2,0,0,0.0,0,0
343,362005,2018,9,0,0,0.0,0,0
343,360106,2018,9,0,0,0.0,0,0
343,365624,2018,0,16,0,0.0,500,0
343,387106,2018,11,0,0,0.0,0,0
343,367893,2018,12,0,0,0.0,0,0
344,1102,2018,7,6,10262,10262.0,808,1
344,903,2018,8,6,7366,7366.0,567,94
344,9806,2018,8,5,3605,3605.0,0,0
344,5141,2018,12,2,4876,4876.0,0,0
344,60104,2018,11,3,4738,738.0,500,0
344,67123,2018,12,3,4317,6317.0,0,0
344,60172,2018,2,3,2877,2877.5,600,0
344,64806,2017,10,3,2201,2201.0,762,100
344,73103,2018,1,3,4381,4381.0,0,0
344,105266,2017,11,2,1616,1616.0,0,0
344,180365,2018,1,0,600,600.0,0,0
344,195318,2017,2,0,0,0.0,0,0
344,190606,2017,3,0,0,0.0,0,0
344,190906,2017,9,0,0,0.0,0,0
344,195405,2017,2,0,0,0.0,0,0
344,191898,2017,3,0,0,0.0,0,0
344,190496,2018,4,0,0,0.0,531,0
344,217096,2018,5,0,0,0.0,0,0
344,223842,2018,7,0,0,0.0,0,8
344,263639,2018,1,0,0,0.0,0,0
344,265626,2018,2,0,0,0.0,556,91
344,268169,2018,8,0,0,0.0,524,1
344,327805,2018,10,0,0,0.0,500,0
344,363616,2018,12,0,0,0.0,531,100
344,307677,2018,1,0,0,0.0,0,98
344,357673,2018,6,0,0,0.0,0,0
344,360704,2018,9,0,0,0.0,0,0
344,306603,2018,1,0,0,0.0,500,0
344,355657,2018,1,0,0,0.0,559,9
344,316085,2018,2,0,0,0.0,0,0
344,355802,2018,1,0,0,0.0,0,0
344,333392,2018,1,0,0,0.0,0,0
344,321965,2018,6,0,0,0.0,594,8
344,312333,2018,3,0,0,0.0,0,0
344,300894,2018,2,0,0,0.0,0,0
344,328119,2018,2,0,0,0.0,398,1
344,367305,2018,11,0,0,0.0,8,0
344,317693,2018,3,0,0,0.0,0,0
344,360636,2018,8,0,0,0.0,561,0
344,340804,2018,12,0,0,0.0,0,0
344,357406,2018,9,0,0,0.0,8,0
344,392606,2018,7,0,0,0.0,0,0
344,362666,2018,3,0,0,0.0,0,97
344,364002,2018,9,0,0,0.0,0,0
344,374192,2018,11,0,0,0.0,0,0
344,390686,2018,11,0,0,0.0,7,0
344,367703,2018,12,0,0,0.0,0,0
344,366006,2018,11,0,0,0.0,0,98
345,184402,2017,1,0,0,0.0,0,0
345,197828,2017,2,0,0,0.0,0,0
345,197903,2017,3,0,0,0.0,0,0
345,207894,2017,4,0,0,0.0,0,0
345,207062,2017,5,0,0,0.0,0,0
345,201696,2017,6,0,0,0.0,0,0
345,206805,2017,7,0,0,0.0,824,0
345,203498,2017,8,0,0,0.0,0,0
345,210506,2017,1,0,0,0.0,0,0
345,220893,2017,9,0,0,0.0,0,0
345,237187,2017,12,0,0,0.0,4,102
345,237861,2017,6,0,0,0.0,0,0
345,265894,2017,11,0,0,0.0,0,0
345,295332,2018,2,0,14100,0.0,0,6
345,307810,2018,3,0,0,0.0,0,0
345,315807,2018,4,0,0,0.0,824,0
345,362873,2018,5,0,0,0.0,0,0
345,352196,2018,6,0,0,0.0,0,0
345,366683,2018,7,0,0,0.0,0,0
345,376806,2018,8,0,0,0.0,0,0
345,360809,2018,9,0,0,0.0,0,0
345,369366,2018,10,0,0,0.0,0,0
345,367006,2018,11,0,0,0.0,574,0
345,375107,2018,12,0,0,0.0,0,8
346,5696,2018,7,6,4646,4646.0,574,108
346,2813,2017,6,5,11635,11635.0,0,0
346,8100,2018,8,5,10865,10865.0,0,0
346,9289,2017,7,5,4800,4800.0,0,0
346,1896,2017,9,6,9376,9376.0,0,0
346,3898,2017,8,0,0,0.0,0,0
346,8666,2017,7,0,0,0.0,0,0
346,7707,2017,7,0,0,0.0,534,100
346,7839,2017,9,0,0,0.0,0,81
346,5697,2018,3,0,0,0.0,0,8
346,7106,2017,12,0,0,0.0,0,0
346,17859,2017,11,0,0,0.0,0,0
346,966,2017,11,0,0,0.0,796,0
346,7804,2018,2,0,0,0.0,0,0
346,6106,2018,3,0,0,0.0,0,0
346,5166,2018,2,0,0,0.0,524,0
346,7162,2018,3,0,0,0.0,0,0
346,2873,2018,12,0,0,0.0,0,95
346,203894,2018,4,0,0,0.0,0,0
346,3162,2018,6,0,0,0.0,0,0
346,7605,2018,8,0,0,0.0,0,0
346,203006,2018,3,0,0,0.0,0,0
346,209803,2018,11,0,0,0.0,0,0
346,200896,2018,1,0,0,0.0,500,0
347,7466,2017,3,5,5740,5740.0,0,0
347,17267,2018,7,5,5825,5825.0,628,0
347,25432,2018,12,5,10700,10700.0,0,0
347,30527,2018,1,4,7148,7148.0,0,0
347,84803,2018,12,3,4707,4707.0,594,1
347,396,2018,11,3,1808,1802.0,0,8
347,106001,2017,2,2,4367,4367.0,537,0
347,112666,2018,1,2,4860,4860.0,0,6
347,120469,2018,1,2,2366,2366.0,4,0
347,137266,2018,1,1,647,647.0,0,0
347,142168,2017,7,1,901,901.0,530,0
347,155106,2017,12,1,977,977.0,594,78
347,180643,2017,1,0,0,0.0,0,8
347,198373,2017,2,0,0,0.0,0,8
347,197806,2017,2,0,0,0.0,0,1
347,203631,2017,3,0,0,0.5,724,8
347,200211,2018,4,0,37127,0.0,0,0
347,209620,2017,10,0,0,0.0,0,0
347,217695,2018,4,0,0,0.0,0,0
347,232662,2017,9,0,0,0.0,0,0
347,240964,2018,8,0,0,0.0,0,0
347,346830,2018,8,0,0,0.0,0,0
347,350167,2018,9,0,0,0.0,0,0
347,362108,2018,12,0,0,0.0,0,0
348,30969,2018,1,4,5800,5800.0,0,0
348,10607,2017,7,5,5360,5360.0,361,91
348,37839,2018,9,4,3101,3101.0,534,8
348,61373,2017,8,3,1315,1315.0,0,0
348,60406,2018,1,3,4334,4334.0,533,99
348,97196,2017,2,2,4426,4426.0,0,0
348,97868,2018,3,2,4730,4730.0,0,0
348,107876,2018,11,2,4166,4166.0,0,0
348,115806,2018,1,2,3206,3206.0,4,8
348,147667,2017,2,1,1806,1806.0,518,1
348,160176,2018,1,1,1382,1382.0,597,0
348,167966,2017,12,1,841,841.0,0,0
348,163673,2018,3,1,767,767.0,0,0
348,200969,2017,11,0,0,0.0,0,0
348,203493,2017,2,0,0,0.0,0,0
348,207175,2017,4,0,0,0.0,0,0
348,202333,2018,5,0,0,0.0,0,0
348,230166,2017,6,0,0,0.0,0,0
348,245026,2018,7,0,0,0.0,0,0
348,258805,2017,9,0,0,0.0,0,0
348,267106,2017,10,0,0,0.0,0,0
348,340401,2018,8,0,0,0.0,0,0
348,362802,2018,8,0,0,0.0,526,0
348,321135,2018,11,0,0,0.0,0,8
349,27666,2018,12,4,5336,5336.0,0,0
349,24836,2018,8,4,3000,3000.0,794,71
349,58826,2018,11,3,4427,4427.0,0,0
349,67806,2017,12,3,5888,20888.0,590,0
349,65868,2018,6,3,4127,4127.0,590,96
349,62802,2017,6,3,2007,2007.0,500,8
349,162106,2018,6,1,1,1.0,538,91
349,166603,2018,5,1,828,828.0,0,100
349,160608,2018,9,1,931,931.0,0,0
349,163931,2018,1,1,871,871.0,0,0
349,135671,2017,2,1,11373,1373.0,0,3
349,161830,2018,1,1,1711,1711.0,0,0
349,179694,2018,9,1,631,631.0,700,0
349,306165,2017,12,0,0,0.0,0,0
349,321196,2018,1,0,0,0.0,0,0
349,315865,2018,12,0,0,0.0,0,0
349,327615,2018,3,0,0,0.0,596,0
349,300163,2018,4,0,0,0.0,567,0
349,334166,2018,7,0,0,0.0,0,0
349,340803,2018,8,0,0,0.0,0,0
349,361152,2018,11,0,0,0.0,0,0
349,360203,2018,10,0,0,0.0,582,0
349,367115,2017,11,0,0,0.0,0,0
349,397645,2018,12,0,0,0.0,0,3
350,6803,2018,8,6,14326,14326.0,0,0
350,7066,2017,7,5,8785,8785.0,0,0
350,859,2018,7,5,4600,6600.0,500,0
350,7964,2018,6,5,4306,4306.0,0,91
350,3857,2017,8,8,4668,4668.0,300,0
350,867,2017,2,2,4600,4600.0,0,0
350,11803,2018,3,5,10648,648.0,0,0
350,16206,2018,5,2,4688,4688.0,0,0
350,17196,2018,5,5,4248,4248.0,0,0
350,68865,2018,8,3,4351,4351.0,0,0
350,130899,2017,5,1,1436,1436.0,574,0
350,122866,2018,11,2,1421,1421.0,0,0
350,155156,2018,2,1,2426,2426.0,561,138
350,160487,2018,3,1,1606,1606.0,0,0
350,160631,2018,12,1,627,627.0,524,0
350,167676,2018,3,1,801,801.0,534,2
350,163869,2018,1,1,813,813.0,514,6
350,162196,2018,10,1,841,841.0,394,0
350,160716,2018,5,1,608,428.0,0,1
350,300406,2017,8,0,0,0.0,520,0
350,300175,2018,9,0,0,0.0,590,8
350,301862,2018,11,0,5,0.0,500,0
350,327695,2018,2,0,0,0.0,0,0
350,321166,2018,6,0,0,0.0,0,8
351,8605,2017,5,5,4880,4880.0,0,0
351,55605,2018,11,3,6327,6327.0,500,0
351,50663,2017,2,3,2805,2805.0,549,98
351,63963,2018,6,3,1691,1691.0,0,0
351,60606,2018,9,3,1397,1397.0,0,8
351,66867,2018,2,3,4376,4376.0,8,1
351,68805,2017,11,3,3001,3001.0,0,0
351,61683,2018,8,3,4336,4336.0,696,0
351,65302,2017,8,3,4317,4317.0,7,8
351,62209,2017,12,3,2205,2305.0,800,0
351,92463,2017,2,3,4606,4606.0,561,0
351,98886,2017,4,2,4206,4206.0,0,0
351,107894,2017,6,2,4326,4326.0,5,0
351,135386,2018,11,2,2231,2231.0,0,0
351,197102,2018,3,0,0,0.0,500,98
351,202892,2017,3,0,0,0.0,0,0
351,204807,2017,9,0,0,0.0,500,8
351,250463,2017,9,0,0,0.0,0,0
351,251636,2017,1,0,0,0.0,500,0
351,257869,2018,2,0,0,0.0,0,0
351,260373,2017,10,0,0,0.0,0,0
351,264760,2018,1,0,0,0.0,534,0
351,260607,2018,12,0,0,0.0,0,0
351,267093,2018,11,0,0,0.0,0,0
352,6916,2018,8,6,7866,17866.0,824,0
352,90067,2018,7,3,2341,2341.0,0,0
352,636,2018,8,6,5326,5326.0,564,3
352,665,2017,6,5,10805,10805.0,547,91
352,50388,2018,1,3,4808,6808.0,6,100
352,60603,2017,6,3,2306,2306.0,0,0
352,95867,2017,1,2,4202,4202.5,523,100
352,97406,2017,2,2,3270,3270.0,0,8
352,140662,2017,9,1,786,786.0,0,76
352,150666,2018,12,1,1,1.0,0,0
352,159807,2018,2,1,887,887.0,594,8
352,160864,2018,8,1,801,801.0,496,0
352,174176,2018,6,1,605,605.0,574,0
352,197176,2017,2,0,0,0.0,0,0
352,207603,2017,3,0,0,0.0,0,0
352,207613,2018,1,0,0,0.0,0,0
352,217162,2017,5,0,0,0.0,0,0
352,237066,2017,6,0,0,0.0,0,0
352,267107,2017,11,0,0,0.0,0,0
352,308604,2018,4,0,0,0.0,0,0
352,366896,2018,9,0,0,0.0,520,0
352,367701,2018,10,0,0,0.0,0,9
352,360633,2018,11,0,0,0.0,0,0
352,365022,2018,12,0,0,0.0,500,0
353,20403,2018,12,5,8830,8830.0,604,148
353,12860,2017,9,5,4640,4640.0,0,0
353,33865,2018,9,4,10538,10938.0,0,0
353,63806,2018,10,3,6467,6461.0,545,101
353,60717,2018,1,3,7385,7385.0,0,0
353,78869,2018,7,3,7329,7329.0,0,3
353,70605,2018,11,3,3820,3820.0,0,0
353,104888,2017,3,2,4666,4666.0,0,0
353,135804,2018,6,2,1380,1380.0,0,0
353,147864,2018,8,1,881,881.0,0,0
353,162896,2018,6,1,836,836.0,0,0
353,161205,2018,8,1,606,606.0,0,0
353,167602,2018,11,1,2825,2825.0,0,0
353,166266,2018,2,1,1617,1617.0,487,0
353,187073,2017,1,0,0,0.0,0,8
353,191696,2017,2,0,0,0.0,0,1
353,201603,2017,6,0,0,0.0,0,0
353,200862,2018,10,0,0,0.0,0,0
353,207369,2018,3,0,0,0.0,0,0
353,207265,2017,2,0,0,0.0,566,0
353,200506,2018,4,0,0,0.0,0,0
353,305141,2018,2,0,0,0.0,500,0
353,363869,2018,11,0,0,0.0,0,1
353,347866,2018,12,0,0,0.0,0,8
354,6864,2018,8,6,4490,4490.0,0,0
354,6896,2018,7,16,2306,2306.0,0,0
354,7862,2017,6,5,8320,8320.0,0,0
354,50293,2017,9,3,4327,4327.0,500,32
354,57866,2017,2,3,7377,7377.0,541,0
354,97106,2017,5,3,4966,14966.0,9,0
354,97394,2018,2,2,4306,4306.0,0,0
354,100606,2018,9,2,4380,4380.0,0,8
354,107366,2018,10,2,1656,1656.0,597,0
354,105102,2017,2,2,2706,2736.0,0,9
354,109869,2017,2,2,4800,4800.0,326,100
354,105892,2018,11,2,2200,2200.0,521,6
354,105104,2017,11,2,2806,2806.0,0,3
354,101664,2018,3,2,4431,8431.0,0,0
354,151169,2018,1,1,10862,862.0,390,81
354,152982,2018,11,1,706,706.0,596,108
354,161863,2018,3,1,607,607.0,547,98
354,161863,2018,6,1,606,636.0,0,0
354,187106,2017,7,1,2173,2196.0,0,6
354,301902,2018,8,0,0,0.0,524,8
354,303606,2018,3,0,0,0.0,0,0
354,304589,2018,1,0,0,0.0,590,0
354,345894,2018,11,0,0,0.0,0,0
354,357886,2018,2,0,0,0.0,0,8
355,2695,2017,6,6,10128,10128.0,515,88
355,7956,2017,7,5,8125,8125.0,0,0
355,687,2017,8,5,4305,4365.0,0,0
355,17604,2018,11,5,4665,4665.0,0,0
355,20661,2018,8,5,4735,4735.0,572,98
355,63803,2017,9,3,4601,4601.0,0,0
355,60006,2018,11,3,4606,4606.0,532,0
355,69497,2018,12,3,4611,4611.0,556,91
355,90803,2017,10,3,5357,5357.0,0,0
355,94684,2017,11,3,4818,4718.0,0,0
355,92076,2017,2,2,3007,3007.0,0,0
355,97994,2017,3,3,4027,4027.0,0,0
355,102808,2018,1,2,4876,4876.0,0,0
355,100816,2018,19,2,2026,2026.0,4,8
355,105363,2018,8,2,4863,4863.0,0,0
355,107807,2017,2,2,1318,1378.0,0,1
355,107873,2018,3,2,4685,4685.0,0,0
355,107860,2017,12,0,0,0.0,0,0
355,105154,2018,3,0,0,0.0,0,1
355,190206,2018,2,0,0,0.0,0,0
355,200704,2018,4,0,0,0.0,0,0
355,204106,2018,1,0,0,0.0,0,0
355,260566,2018,11,0,0,0.0,527,0
355,317608,2018,12,0,0,0.0,0,0
356,14102,2018,3,5,7225,7225.0,0,0
356,12468,2018,2,5,10815,10815.0,548,76
356,45806,2018,11,4,805,802.0,0,0
356,65976,2017,1,3,2863,2863.0,0,8
356,61408,2017,2,3,4767,4767.0,0,0
356,69105,2018,1,3,3617,3617.0,0,0
356,103012,2017,2,2,2848,2848.0,0,0
356,101606,2017,11,2,4101,4101.0,0,1
356,107172,2017,3,2,4600,4600.0,0,0
356,100165,2018,1,2,4726,4726.0,0,0
356,105932,2018,5,2,836,836.0,0,0
356,103666,2018,11,2,2827,2827.0,0,0
356,101865,2017,12,2,4300,4300.0,526,0
356,180015,2017,1,0,0,0.0,0,100
356,200195,2017,1,0,0,0.0,6,0
356,210167,2017,4,0,0,0.0,0,0
356,232095,2017,6,0,0,0.0,0,0
356,233665,2017,5,0,0,0.0,0,0
356,240101,2018,7,0,0,0.0,0,0
356,263065,2017,12,0,0,0.0,0,0
356,264887,2018,8,0,0,0.0,0,0
356,260065,2018,10,0,0,0.0,0,0
356,365646,2018,12,0,0,1000.0,0,0
356,315182,2018,11,0,0,0.0,517,0
357,8961,2018,7,7,14601,14601.0,500,90
357,20506,2018,11,5,4806,4806.0,0,0
357,67107,2018,12,3,1301,1301.0,731,9
357,61834,2017,1,3,1816,1816.0,0,0
357,60602,2017,12,3,4836,4836.0,0,0
357,64153,2017,2,3,4617,4617.0,0,0
357,75867,2018,7,3,808,808.0,300,0
357,144303,2017,12,1,916,916.0,0,0
357,147109,2017,8,1,625,625.0,0,0
357,167663,2018,9,1,735,735.0,0,0
357,142961,2017,1,1,1071,1071.0,0,0
357,164867,2018,11,1,1811,1811.0,0,0
357,162165,2018,4,1,124,124.0,503,0
357,167167,2018,2,1,781,781.0,530,0
357,177105,2018,11,1,716,716.0,0,0
357,185143,2017,1,0,0,0.0,0,0
357,185862,2017,2,0,0,0.0,0,0
357,190699,2017,3,0,0,0.0,0,1
357,305867,2018,3,0,0,0.0,0,1
357,360606,2018,9,0,0,0.0,0,0
357,360901,2018,1,0,0,0.0,0,0
357,360603,2018,8,0,0,0.0,0,0
357,364605,2018,9,0,0,0.0,0,0
357,367006,2018,12,0,0,0.0,0,0
358,90693,2017,1,3,2841,2841.0,501,108
358,90490,2018,7,3,7736,7756.0,0,0
358,102906,2018,7,2,4806,4806.0,0,0
358,110803,2018,2,2,4638,4638.0,0,0
358,153865,2018,2,1,1846,1846.0,564,2
358,153866,2018,11,1,902,902.0,744,9
358,165873,2018,12,1,617,817.0,0,0
358,160666,2018,5,1,396,396.0,0,0
358,167633,2018,12,1,725,725.0,0,0
358,167107,2018,11,1,2344,2344.0,0,0
358,167607,2018,9,1,2107,2107.0,0,1
358,207802,2017,2,0,0,0.0,0,98
358,200829,2017,3,0,0,0.0,0,0
358,209196,2017,4,0,0,0.0,0,0
358,200306,2017,7,0,0,0.0,0,0
358,207662,2017,3,0,0,0.0,0,0
358,203868,2017,2,0,0,0.0,0,0
358,200186,2017,1,0,0,0.0,0,0
358,207677,2018,2,0,0,0.0,0,0
358,237875,2018,6,0,0,0.0,0,0
358,245904,2018,8,0,0,0.0,0,0
358,267801,2017,10,0,0,0.0,0,0
358,268802,2018,11,0,0,0.0,0,0
358,302687,2018,12,0,0,0.0,0,1
359,47601,2018,11,4,8800,8800.0,597,56
359,57101,2017,2,3,3441,3441.0,0,0
359,60866,2018,8,3,1745,1745.0,0,0
359,62114,2017,12,3,1687,1687.0,0,0
359,64449,2018,3,3,4373,4373.0,598,0
359,60330,2018,12,3,7006,7006.0,90,0
359,107687,2017,11,2,647,60647.0,0,0
359,109686,2017,12,2,4807,4807.0,558,1
359,100169,2017,1,2,4806,4806.0,3,0
359,100652,2017,1,2,4936,4936.0,594,100
359,103876,2017,11,2,4305,4305.0,64,0
359,107056,2017,6,2,4006,4006.0,4,6
359,118227,2018,1,1,731,731.0,527,71
359,169861,2018,6,1,1930,1930.0,0,1
359,175802,2018,1,1,2027,2027.0,0,0
359,210499,2017,2,0,7,0.0,520,0
359,227205,2017,3,0,0,0.0,524,100
359,200055,2017,5,0,0,0.0,0,0
359,205666,2017,4,0,0,0.0,0,3
359,217390,2018,5,0,0,0.0,0,0
359,259106,2017,8,0,0,0.0,500,0
359,261391,2017,10,0,0,0.0,0,0
359,267699,2018,11,0,0,0.0,0,0
359,305690,2018,7,0,0,0.0,0,0
360,20472,2018,12,5,13420,13420.0,6,8
360,67220,2017,8,3,4287,4287.0,0,0
360,63806,2018,2,3,2886,2886.0,0,0
360,95192,2017,2,3,27181,7181.0,0,0
360,115647,2018,6,2,4607,4607.0,0,8
360,118293,2018,1,2,4666,3666.0,0,0
360,226602,2018,6,2,4402,4402.0,0,0
360,166105,2018,1,1,2327,2327.0,8,0
360,212106,2018,2,2,635,635.0,520,0
360,164106,2018,1,1,2338,2338.0,1,0
360,168635,2018,2,1,800,800.0,544,101
360,200806,2017,8,0,47311,11.0,590,0
360,204883,2017,11,0,0,0.0,0,0
360,211866,2017,4,0,0,0.0,0,0
360,227867,2017,5,0,0,0.0,0,0
360,221686,2017,7,0,0,0.0,0,0
360,232102,2017,9,0,0,0.0,524,0
360,250196,2017,1,0,0,0.0,0,0
360,260668,2017,10,0,0,0.0,0,0
360,260866,2017,11,0,0,0.0,323,0
360,262173,2018,9,0,0,0.0,0,8
360,367906,2018,10,0,0,0.0,0,0
360,360603,2018,11,0,0,0.0,624,100
360,361865,2018,12,0,0,0.0,0,0
361,17667,2018,7,5,4670,4670.0,0,0
361,42825,2018,8,15,12795,12795.0,0,0
361,45006,2018,9,4,7836,7836.0,594,78
361,63673,2017,10,3,4026,4026.0,0,0
361,62666,2018,11,3,4886,14886.0,567,0
361,99635,2018,2,3,4938,4938.0,0,0
361,90892,2018,1,2,3348,3348.0,0,0
361,107664,2017,12,2,4418,4418.5,226,8
361,110165,2018,8,2,4646,4646.0,0,0
361,180806,2018,1,0,0,0.0,0,100
361,190127,2017,3,0,0,0.0,0,0
361,200867,2017,4,0,0,0.0,0,0
361,221121,2017,1,0,0,0.0,0,0
361,209184,2017,6,0,0,0.0,0,0
361,207189,2017,7,0,0,0.0,0,0
361,206806,2017,2,0,0,0.0,520,0
361,242697,2017,8,0,0,0.0,0,1
361,250878,2017,9,0,0,0.0,0,0
361,267160,2017,11,0,0,0.0,0,0
361,260163,2018,8,0,0,0.0,0,0
361,267103,2018,9,0,0,0.0,0,1
361,289986,2018,9,0,0,0.0,0,0
361,261862,2017,11,0,0,0.0,0,0
361,303007,2018,12,0,0,0.0,525,1
362,6626,2018,7,7,10707,10707.0,530,0
362,17606,2018,2,5,4630,6630.0,560,105
362,14982,2018,12,5,5835,5835.0,500,98
362,154667,2017,1,1,807,807.0,0,0
362,161830,2018,1,1,901,901.0,824,148
362,301606,2017,3,0,0,0.0,500,0
362,327886,2017,8,0,0,0.0,0,0
362,377139,2017,4,0,0,0.0,0,0
362,324806,2017,5,0,0,0.0,0,0
362,322306,2017,6,0,0,0.0,0,0
362,323865,2017,4,0,0,0.0,0,0
362,320667,2017,6,0,0,0.0,0,0
362,321631,2018,9,0,0,0.0,0,0
362,320162,2018,10,0,0,0.0,0,0
362,329805,2018,1,0,0,0.0,0,0
362,327136,2018,1,0,0,0.0,0,0
362,325159,2018,5,0,8,0.0,0,0
362,360692,2018,8,0,0,0.0,0,93
362,361608,2018,9,0,0,0.0,0,0
362,360996,2018,3,0,0,0.0,0,0
362,365933,2018,8,0,0,0.0,0,0
362,367101,2018,5,0,0,0.0,0,0
362,337867,2018,11,0,0,0.0,0,0
362,325469,2018,12,0,0,0.0,0,0
363,82825,2018,11,3,4527,4527.0,767,88
363,80867,2017,9,3,4678,4678.0,0,0
363,152263,2018,2,1,633,633.0,0,1
363,162893,2017,12,1,636,636.0,600,0
363,182867,2017,11,0,0,0.0,0,0
363,300108,2017,1,0,0,0.0,0,0
363,303853,2017,3,0,0,0.0,0,0
363,328803,2017,7,0,0,0.0,0,0
363,320323,2018,6,0,0,0.0,0,0
363,326404,2017,4,0,0,0.0,0,0
363,320324,2017,6,0,0,0.0,0,0
363,327887,2017,6,0,0,0.0,528,0
363,324991,2018,8,0,0,0.0,0,0
363,339805,2017,19,0,0,0.0,0,0
363,322899,2018,11,0,0,0.0,0,0
363,320674,2018,2,0,0,0.0,0,8
363,327926,2017,5,0,0,0.0,0,0
363,321103,2018,6,0,0,0.0,0,0
363,327103,2018,3,0,0,0.0,0,0
363,320604,2018,8,0,0,0.0,0,0
363,327807,2018,7,0,0,0.0,521,71
363,337177,2018,10,0,0,0.0,0,0
363,325261,2018,11,0,0,0.0,526,0
363,330664,2018,12,0,0,0.0,0,0
364,5679,2018,6,6,7726,7726.0,0,0
364,176,2017,7,6,10830,10830.0,0,0
364,10932,2018,9,5,3708,3708.0,341,100
364,20034,2017,8,4,4648,4648.0,0,0
364,14597,2017,1,5,5900,5900.0,367,0
364,3806,2018,1,5,5321,5321.0,720,0
364,3163,2018,4,2,3468,3468.0,0,6
364,178,2018,7,3,4306,4306.0,600,1
364,893,2017,3,5,10777,777.0,0,1
364,3443,2017,11,3,2681,2681.0,0,0
364,2829,2017,11,0,0,0.0,0,0
364,986,2017,6,0,0,0.0,0,3
364,3102,2018,12,0,0,0.0,2,8
364,5096,2018,9,0,0,0.0,0,0
364,516,2018,10,0,0,0.0,0,0
364,5406,2018,2,0,0,0.0,0,0
364,883,2018,3,0,0,0.0,0,0
364,809,2018,2,0,0,0.0,0,8
364,17696,2018,5,0,0,0.0,0,0
364,10790,2018,6,0,0,0.0,0,0
364,57866,2018,8,0,0,0.0,0,0
364,906,2018,12,0,0,0.0,0,0
364,3594,2018,11,0,0,0.0,0,0
364,189,2018,7,0,0,0.0,0,106
365,13693,2017,8,5,5725,5725.0,0,0
365,15103,2017,8,5,6815,6815.0,0,0
365,17809,2018,9,5,10920,10920.0,0,0
365,20589,2018,6,4,4676,4676.0,520,88
365,21553,2017,11,4,4348,4348.0,0,0
365,30071,2017,2,4,7301,7301.0,598,0
365,48999,2017,4,3,4896,6896.0,0,0
365,67606,2017,11,3,7837,7837.0,0,8
365,67167,2018,2,3,5607,5607.0,371,5
365,161102,2018,5,1,2378,2377.0,0,0
365,191409,2018,1,0,0,0.0,0,0
365,197303,2017,2,0,0,0.0,0,0
365,266157,2018,3,0,0,0.0,0,0
365,260699,2017,9,0,0,0.0,511,0
365,269579,2017,10,0,0,0.0,0,0
365,217886,2017,4,0,0,0.0,0,0
365,260169,2017,11,0,0,0.0,0,3
365,249136,2018,7,0,0,0.0,0,0
365,260666,2017,10,0,0,0.0,0,0
365,269806,2018,1,0,0,0.0,0,0
365,262669,2017,11,0,0,0.0,0,0
365,267109,2018,11,0,0,0.0,528,0
365,265882,2018,10,0,0,0.0,0,0
365,360103,2018,8,0,0,0.0,0,1
366,1095,2018,12,5,10725,10725.0,0,0
366,66,2018,7,5,14385,14385.0,0,0
366,344,2018,12,5,12530,12530.0,500,0
366,97975,2018,12,5,5678,5678.0,500,8
366,90617,2017,3,2,3706,3706.0,0,0
366,90674,2018,1,3,4684,14684.0,528,91
366,104886,2017,1,2,1238,1238.0,525,99
366,101166,2017,4,2,4636,4636.0,0,71
366,107107,2018,7,2,4336,4336.0,0,0
366,101696,2017,8,2,4884,4784.0,0,3
366,107865,2018,1,2,2137,2137.0,8,0
366,107609,2017,12,2,4906,4906.0,0,8
366,300867,2018,8,0,0,0.0,0,0
366,308886,2017,8,0,317,7.0,0,0
366,300883,2018,1,0,0,0.0,7,0
366,305177,2017,2,0,0,0.0,0,1
366,302906,2018,4,0,0,0.0,0,5
366,302836,2018,3,0,0,0.0,0,0
366,300161,2018,7,0,0,0.0,0,0
366,307867,2018,5,0,0,0.0,0,1
366,307004,2018,8,0,0,0.0,0,0
366,302405,2018,12,0,0,0.0,0,0
366,366106,2018,9,0,0,0.0,527,0
366,380104,2018,12,0,0,0.0,8,0
367,2894,2017,7,6,4658,4658.0,0,0
367,7723,2017,3,5,7315,7315.0,524,143
367,803,2018,5,5,10885,10885.0,0,0
367,7603,2018,8,0,0,0.0,0,0
367,17666,2018,2,0,0,0.0,0,0
367,27893,2018,6,0,0,0.0,0,0
367,67486,2017,5,0,0,0.0,531,71
367,72806,2018,9,0,0,0.0,0,0
367,87695,2018,3,0,0,0.0,0,0
367,83607,2018,11,0,0,0.0,0,0
367,90099,2017,12,0,0,0.0,0,0
367,187066,2018,4,0,0,0.0,534,0
367,190886,2018,1,0,0,0.0,0,0
367,190706,2018,12,0,0,0.0,0,0
367,187867,2017,1,0,0,0.0,0,0
367,197665,2018,1,0,0,0.0,0,0
367,190107,2018,2,0,0,0.0,0,0
367,190681,2018,9,0,0,0.0,0,0
367,189806,2018,11,0,0,0.0,0,0
367,195852,2018,2,0,0,0.0,0,0
367,190505,2018,1,0,0,0.0,560,8
367,97177,2018,1,0,0,0.0,0,0
367,190695,2018,12,0,0,0.0,0,0
367,200666,2018,12,0,0,0.0,0,9
368,20102,2018,12,5,4710,4710.0,700,0
368,38106,2018,8,4,4708,4707.0,731,108
368,90105,2018,1,3,1400,1400.0,0,0
368,102612,2018,9,2,4892,4892.0,4,0
368,108805,2017,11,2,4106,4106.0,0,0
368,107806,2017,12,2,1848,1848.0,0,0
368,314306,2018,8,2,4306,4406.0,0,0
368,325006,2017,11,0,0,0.0,800,0
368,325416,2018,2,0,0,0.0,0,0
368,320607,2018,5,0,0,0.0,0,0
368,390390,2018,6,0,0,0.0,0,0
368,302915,2017,11,0,0,0.0,0,0
368,314638,2018,3,0,0,0.0,0,0
368,323864,2018,1,0,7,0.0,0,0
368,320666,2018,5,0,10000,0.0,0,0
368,324696,2018,1,0,0,0.0,0,0
368,325606,2018,4,0,0,0.0,0,0
368,330662,2018,5,0,0,0.0,0,0
368,333186,2018,7,0,0,0.0,0,0
368,360663,2018,9,0,0,0.0,0,0
368,364166,2018,9,0,0,0.0,0,0
368,351657,2018,2,0,0,0.0,498,0
368,357991,2018,11,0,0,0.0,0,0
368,380695,2018,12,0,0,0.0,0,8
369,20268,2018,12,5,7480,7480.0,0,0
369,30266,2017,8,4,4616,4616.0,0,0
369,55807,2017,2,3,4881,4881.0,504,0
369,67300,2017,3,3,4323,4323.0,0,1
369,67406,2018,10,3,5393,5393.0,0,0
369,65866,2018,12,3,2481,2481.0,0,0
369,100266,2017,11,2,4638,4638.0,0,0
369,135306,2018,9,1,607,607.0,0,0
369,160809,2018,1,1,818,818.0,0,0
369,167667,2018,1,1,611,611.0,518,8
369,160806,2017,9,1,631,931.0,564,9
369,168853,2018,1,1,2330,2330.0,500,0
369,164896,2018,2,1,1736,1736.0,0,0
369,160082,2018,1,1,2073,2073.0,0,5
369,164937,2018,2,1,641,641.0,590,0
369,163863,2018,10,1,1701,1701.0,596,100
369,170303,2018,11,1,600,600.0,0,0
369,308671,2018,2,0,0,0.0,0,8
369,317104,2018,3,0,0,0.0,0,8
369,361606,2018,10,0,0,0.0,0,0
369,367862,2018,12,0,0,0.0,0,0
369,395634,2018,12,0,0,0.0,0,0
369,328904,2018,11,0,0,0.0,0,0
369,364633,2018,7,0,0,0.0,0,5
370,10626,2017,7,5,14615,14615.0,0,0
370,87498,2018,8,3,4025,4025.0,0,0
370,87229,2018,12,3,4473,4473.0,0,0
370,104883,2017,1,2,2706,2706.0,0,0
370,107595,2018,1,2,3796,3796.0,0,0
370,100117,2017,3,2,2846,2846.0,0,0
370,110626,2018,1,2,4185,4185.0,384,0
370,169401,2018,8,1,806,806.0,504,0
370,160002,2018,10,1,926,996.0,0,7
370,164082,2018,12,1,867,867.0,7,108
370,163154,2018,11,1,237,237.0,0,0
370,184095,2017,2,0,0,0.0,0,0
370,187406,2017,9,0,0,0.0,0,0
370,180003,2017,1,0,0,0.0,0,0
370,187151,2017,2,0,0,0.0,0,0
370,186800,2017,2,0,0,0.0,0,0
370,185887,2017,2,0,0,0.0,0,0
370,192367,2017,3,0,0,0.0,0,0
370,200863,2018,4,0,0,0.0,0,0
370,314106,2018,5,0,0,0.0,0,0
370,320178,2018,9,0,0,0.0,0,3
370,308600,2018,3,0,0,0.0,547,0
370,361891,2018,11,0,0,0.0,0,0
370,357106,2018,12,0,0,0.0,0,0
371,2894,2017,7,6,10880,10880.0,524,66
371,895,2018,8,6,4330,4330.0,0,0
371,5176,2018,9,6,7360,7360.0,590,91
371,7863,2018,11,6,10648,10648.0,8,0
371,7365,2017,4,6,10396,396.0,520,80
371,7887,2018,5,3,4300,4300.0,0,0
371,7193,2018,6,2,4136,4106.0,0,0
371,9602,2018,3,3,3688,3688.0,564,105
371,7362,2017,2,6,4117,4117.0,0,4
371,3681,2017,8,3,4601,4601.0,0,0
371,107265,2017,12,2,4388,4988.0,819,143
371,4193,2017,7,2,4201,4201.0,394,8
371,135892,2018,5,1,2006,2006.0,0,48
371,146107,2017,8,1,641,641.0,0,0
371,143805,2017,8,1,2842,2842.0,556,0
371,150866,2018,1,1,806,806.0,0,3
371,167868,2018,1,1,2207,307.0,524,108
371,161444,2018,2,1,1187,1187.0,0,98
371,190465,2018,2,0,2817,0.0,4,0
371,197697,2018,11,0,0,0.0,0,0
371,207143,2018,9,0,0,11600.0,3,0
371,317665,2018,1,0,0,0.0,0,0
371,365890,2018,12,0,0,0.0,0,0
371,312493,2018,10,0,0,0.0,0,0
371,307689,2018,10,0,0,0.0,0,0
371,300863,2018,3,0,0,0.0,0,0
371,361106,2018,2,0,0,0.0,0,0
371,361136,2018,3,0,0,0.0,0,0
371,300186,2018,3,0,0,10000.0,0,9
371,307857,2018,2,0,0,0.0,0,0
371,361150,2018,10,0,10000,0.0,0,0
371,347103,2018,1,0,0,0.0,0,0
371,356863,2018,4,0,0,0.0,0,0
371,327866,2018,12,0,0,0.0,500,0
371,350912,2018,10,0,0,0.0,0,0
371,300465,2018,11,0,0,0.0,0,0
371,353195,2018,4,0,0,0.0,0,0
371,335849,2018,8,0,0,0.0,0,0
371,360602,2018,9,0,0,0.0,556,100
371,335177,2018,12,0,0,0.0,1,0
371,367906,2018,2,0,0,0.0,0,0
371,355609,2018,6,0,0,0.0,0,0
371,360859,2018,4,0,0,0.0,0,0
371,332866,2018,10,0,0,0.0,0,0
371,351603,2018,2,0,0,0.0,0,0
371,361864,2018,11,0,0,4.0,0,0
371,366867,2018,9,0,0,0.5,500,0
371,367882,2018,12,0,0,0.0,0,0
372,7837,2018,6,5,10230,10230.0,0,0
372,2365,2017,8,6,4168,4168.0,598,78
372,7608,2017,7,7,4436,4436.0,0,0
372,7602,2018,7,5,4328,4328.0,0,0
372,6831,2018,9,6,5100,5100.0,500,83
372,7807,2018,8,1,806,806.0,0,0
372,7106,2018,1,0,0,0.0,0,0
372,7860,2017,3,0,0,0.0,0,0
372,109,2017,9,0,646,46.0,0,0
372,182,2018,3,0,0,0.0,0,0
372,2342,2018,5,0,0,0.0,0,0
372,7007,2017,6,0,0,0.0,0,0
372,5386,2018,8,0,0,0.0,0,0
372,566,2018,2,0,0,0.0,0,0
372,2406,2018,2,0,0,0.0,0,0
372,100953,2018,11,0,0,0.0,0,0
372,193,2018,8,0,0,0.0,0,0
372,4600,2017,8,0,0,0.0,0,0
372,107298,2018,8,0,0,0.0,0,1
372,3805,2018,11,0,0,0.0,6,0
372,302806,2018,2,0,0,0.0,564,0
372,360806,2018,11,0,0,0.0,520,0
372,307641,2018,1,0,0,0.0,0,0
372,300606,2018,7,20,0,0.0,0,9
373,2146,2017,6,6,14328,14328.0,596,103
373,10189,2018,7,5,5320,5320.0,0,0
373,22066,2018,8,14,2208,2208.0,0,0
373,54883,2018,8,3,8321,8321.0,526,91
373,67968,2018,9,3,4331,4331.0,8,3
373,107003,2018,5,5,4085,4085.0,0,0
373,100823,2018,2,2,2116,2116.0,500,8
373,108802,2017,9,1,1623,1923.0,521,8
373,108391,2018,11,2,866,866.0,594,8
373,106197,2018,11,2,1601,1001.0,0,1
373,197883,2017,11,0,0,0.5,824,8
373,190302,2017,2,0,0,0.0,0,0
373,205876,2017,3,0,0,0.0,0,0
373,200197,2017,4,0,0,0.0,0,0
373,207207,2017,5,0,0,0.0,0,0
373,200655,2017,11,0,0,0.0,0,8
373,210662,2017,3,0,0,0.0,0,8
373,290463,2018,2,0,0,0.0,0,0
373,305674,2018,4,0,0,0.0,0,0
373,300165,2018,3,0,0,0.0,0,0
373,300112,2018,9,0,0,0.0,824,0
373,303903,2018,8,0,0,0.0,0,0
373,301153,2018,7,0,0,0.0,0,0
373,360866,2018,12,0,0,0.0,0,0
374,4603,2018,6,5,5675,5675.0,527,91
374,27604,2018,7,4,8332,8332.0,0,0
374,22886,2017,8,4,7016,7016.0,0,0
374,53661,2018,2,3,1686,1686.0,527,99
374,69461,2017,11,3,2277,2277.0,500,3
374,167234,2018,10,3,2821,2821.0,0,3
374,100966,2017,12,2,4376,4376.0,574,71
374,107674,2018,8,2,10851,851.0,0,0
374,107677,2017,11,2,4216,4216.0,7,0
374,127686,2018,1,2,4616,4616.0,0,0
374,183903,2017,1,0,0,0.0,590,0
374,195282,2017,2,0,0,0.0,0,0
374,206576,2017,2,0,0,0.0,4,0
374,200106,2017,3,0,0,0.0,0,0
374,217166,2017,5,0,0,0.0,0,0
374,217889,2018,12,0,0,0.0,0,8
374,225196,2018,4,0,0,0.0,0,0
374,250105,2018,9,0,0,0.0,0,0
374,260608,2017,10,0,700,0.0,0,1
374,251886,2018,3,0,0,0.0,0,0
374,260289,2017,2,0,0,0.0,0,0
374,271136,2017,11,0,0,0.0,0,0
374,305262,2018,4,0,0,0.0,324,0
374,380877,2018,10,0,0,0.0,0,0
375,4716,2018,8,6,10806,10806.0,0,0
375,7618,2018,7,6,4708,4708.0,500,0
375,12309,2018,12,5,10635,10635.0,530,71
375,27806,2018,3,4,7300,10300.0,0,0
375,45825,2018,11,4,7632,7632.0,0,1
375,42661,2018,9,4,5876,8876.0,0,0
375,57667,2018,1,3,4307,4307.0,0,0
375,127606,2018,11,2,4876,4876.0,594,8
375,140966,2017,7,1,1396,1396.0,0,0
375,150096,2017,1,1,102,2.0,0,0
375,195894,2017,6,0,4,1.0,0,8
375,197960,2018,12,0,0,0.0,0,0
375,197805,2018,2,0,0,0.0,0,1
375,207063,2017,4,0,0,0.0,0,0
375,218116,2017,3,0,0,0.0,0,0
375,227686,2017,9,0,436,0.0,0,0
375,240806,2017,8,0,0,0.0,0,0
375,252862,2017,1,0,0,0.0,0,1
375,251676,2017,9,0,0,0.0,0,1
375,265631,2018,9,0,0,0.0,0,0
375,267862,2018,9,0,0,0.0,0,0
375,260605,2018,10,0,0,0.0,0,0
375,260802,2017,1,0,0,0.0,0,0
375,260696,2018,11,0,0,0.0,500,2
376,6897,2018,8,6,4836,4836.0,0,0
376,67960,2018,6,3,4329,4329.0,817,1
376,65105,2018,1,3,3857,3857.0,500,0
376,147606,2018,6,1,2285,2285.0,0,71
376,163145,2018,2,1,686,686.0,598,0
376,167896,2018,9,1,882,882.0,8,0
376,157263,2018,1,1,2381,2384.0,0,0
376,165677,2018,12,1,1388,1388.0,521,0
376,165294,2018,2,1,681,681.0,8,8
376,164690,2018,10,1,2471,2471.0,500,1
376,167106,2018,1,1,741,741.0,0,0
376,177889,2018,11,1,1808,1808.0,500,0
376,187101,2017,2,0,0,0.0,594,108
376,186064,2017,1,0,0,0.0,0,0
376,197863,2017,3,0,0,0.0,599,100
376,196808,2017,4,0,0,0.0,0,91
376,205503,2017,3,0,0,0.0,321,0
376,207090,2017,4,0,0,0.0,0,1
376,200228,2017,3,0,0,0.0,0,0
376,200635,2018,2,0,0,0.0,0,0
376,217842,2018,4,0,0,0.0,0,0
376,238829,2018,5,0,0,0.0,0,0
376,256099,2018,10,0,0,0.0,0,0
376,302308,2018,12,0,0,0.0,0,0
377,4006,2018,8,6,14076,14076.0,0,0
377,3865,2017,8,5,7325,7325.0,0,0
377,8865,2018,9,5,5885,5885.0,580,0
377,104,2018,6,6,5377,5377.0,0,0
377,667,2018,7,0,0,0.0,0,0
377,7371,2018,10,0,0,0.0,0,0
377,97604,2018,12,0,0,0.0,0,0
377,197677,2017,2,0,0,0.0,0,0
377,197604,2017,12,0,0,0.0,0,0
377,195867,2017,3,0,0,0.0,0,0
377,160821,2017,5,0,0,0.0,0,0
377,95646,2017,6,0,0,0.0,0,0
377,208867,2017,5,0,0,0.0,0,0
377,200686,2018,3,0,0,0.0,0,0
377,161394,2017,11,0,0,0.0,0,0
377,261863,2018,1,0,0,0.0,0,0
377,260092,2018,9,0,0,0.0,0,0
377,272523,2018,1,0,0,0.0,0,0
377,277867,2017,12,0,0,0.0,0,0
377,300650,2018,1,0,0,0.0,524,0
377,309876,2018,8,0,0,0.0,0,96
377,300123,2018,12,0,0,0.0,0,0
377,300106,2018,1,0,0,0.0,0,0
377,306167,2018,2,0,0,0.0,0,8
378,4868,2018,6,6,12396,12396.0,0,0
378,1954,2018,7,5,14302,14302.0,0,0
378,861,2017,8,5,4195,4195.0,4,1
378,27303,2017,5,4,4276,4276.0,528,98
378,2699,2017,3,6,11625,1625.0,0,8
378,2806,2017,8,4,7496,7496.0,0,8
378,4126,2017,2,3,4426,4426.0,0,0
378,95702,2017,5,2,4116,4116.0,0,5
378,100832,2017,11,2,2326,2326.0,0,0
378,102696,2018,7,2,4771,4771.0,0,0
378,100606,2017,6,2,3431,3431.0,0,99
378,103113,2017,2,2,3496,3496.0,500,0
378,104886,2018,11,6,12036,2036.0,591,0
378,107386,2017,12,2,1811,1811.0,700,8
378,107576,2017,10,2,2836,2836.0,0,0
378,102156,2017,11,2,3608,3612.0,0,0
378,104807,2017,12,0,7,0.0,0,0
378,201175,2018,1,0,0,0.0,0,0
378,208600,2018,9,0,0,0.0,0,0
378,207806,2018,8,0,0,0.0,0,8
378,300886,2018,2,0,0,0.0,0,8
378,367146,2018,1,0,0,0.0,521,0
378,332836,2018,2,0,0,0.0,0,0
378,305503,2018,3,0,0,0.0,0,0
379,5192,2018,6,6,10626,10626.0,0,0
379,7069,2017,7,5,11785,11785.0,0,0
379,109,2018,7,6,2323,2323.0,0,0
379,603,2018,8,6,12344,2344.0,538,66
379,7493,2017,8,6,4322,4322.0,0,0
379,5405,2017,9,5,1371,1371.0,0,0
379,9683,2017,2,0,0,0.0,0,0
379,3203,2017,5,0,0,0.0,0,0
379,5869,2017,3,0,0,0.0,600,0
379,7706,2017,1,0,0,0.0,0,8
379,7186,2018,6,0,0,0.0,0,0
379,2823,2017,1,0,0,0.0,0,0
379,7846,2018,2,0,0,0.0,0,0
379,7166,2018,2,0,0,0.0,0,0
379,883,2018,4,0,0,0.0,0,0
379,536,2018,1,0,0,0.0,500,0
379,207196,2018,3,0,0,0.0,0,0
379,207896,2018,4,0,0,0.0,524,0
379,237803,2018,8,0,0,0.0,0,0
379,251896,2018,9,0,0,0.0,0,0
379,268506,2017,10,0,0,0.0,0,0
379,265262,2018,11,0,0,0.0,0,0
379,250764,2017,6,0,0,0.0,0,0
379,265901,2018,12,0,0,0.0,0,0
380,181801,2017,1,0,0,0.0,0,0
380,190963,2017,2,0,0,0.0,0,0
380,190669,2017,1,0,0,0.0,0,0
380,190653,2017,2,0,0,0.0,0,0
380,200805,2017,3,0,0,0.0,0,0
380,200202,2017,4,0,0,0.0,0,0
380,222295,2017,5,0,0,0.0,0,0
380,200865,2017,6,0,0,0.0,0,0
380,257602,2017,7,0,0,0.0,0,0
380,229606,2017,8,0,0,0.0,0,0
380,257804,2017,9,0,0,0.0,0,0
380,257686,2017,18,0,0,0.0,0,0
380,260486,2017,11,0,0,0.0,0,0
380,297633,2018,2,0,0,0.0,0,0
380,204227,2018,2,0,0,0.0,0,0
380,205124,2017,3,0,0,0.0,0,0
380,207848,2018,4,0,0,0.0,0,0
380,216402,2018,3,0,0,0.0,0,0
380,261808,2018,4,0,0,0.0,0,0
380,266108,2018,9,0,0,0.0,0,0
380,360908,2018,9,0,0,0.0,0,0
380,365602,2018,10,0,0,0.0,0,0
380,363893,2018,11,0,0,0.0,0,0
380,367322,2018,12,0,0,0.0,0,1
381,2940,2017,6,6,10640,10640.0,0,0
381,3801,2017,8,6,2906,2906.0,561,101
381,2802,2017,8,6,4017,4017.0,0,0
381,52162,2018,1,3,4607,4607.0,561,71
381,52803,2017,9,3,3978,3978.0,0,1
381,60009,2017,1,3,4736,4736.0,547,101
381,63890,2017,2,3,3367,3367.0,334,103
381,60266,2018,9,3,7246,7246.0,0,1
381,80412,2018,1,3,5104,5104.0,500,0
381,105808,2018,8,2,4887,4887.0,506,108
381,109803,2018,8,2,4686,4686.0,580,0
381,100664,2017,11,2,4608,4608.0,0,0
381,130183,2018,2,1,726,726.0,521,0
381,149800,2018,9,1,701,701.0,527,0
381,147864,2018,11,1,647,647.0,520,3
381,155460,2017,12,0,0,0.0,0,8
381,160567,2018,11,0,0,0.0,0,0
381,186801,2017,11,0,0,0.0,800,0
381,192766,2018,10,0,0,0.0,0,0
381,183668,2017,1,0,0,0.0,0,0
381,199463,2018,2,0,0,0.0,565,8
381,190806,2018,2,0,0,0.0,525,9
381,197805,2018,11,0,0,0.0,3,91
381,190188,2018,10,0,0,0.0,0,0
382,575,2017,7,6,10792,10792.0,0,0
382,90197,2017,1,2,4746,4746.0,0,0
382,883,2018,8,6,10601,10601.0,0,0
382,5102,2018,6,5,10690,10090.0,0,0
382,102,2017,1,6,12084,3084.0,0,0
382,2185,2018,9,3,4323,4323.0,534,7
382,7123,2017,5,2,4316,4316.0,0,0
382,7934,2017,6,0,0,10000.0,0,8
382,8656,2017,8,0,787,787.0,500,0
382,7602,2018,12,0,0,0.0,0,0
382,17806,2018,4,0,0,0.0,0,0
382,27969,2018,9,0,0,0.0,0,0
382,27181,2018,1,0,0,0.0,0,0
382,90587,2018,3,0,0,0.0,0,0
382,117603,2018,5,0,0,0.0,0,0
382,27624,2018,7,0,0,0.0,5,0
382,57627,2018,12,0,0,0.0,0,0
382,63808,2018,11,0,0,0.0,0,0
382,84276,2018,3,0,0,0.0,0,0
382,86600,2018,1,0,0,0.0,0,0
382,167300,2018,9,0,0,0.0,0,97
382,165192,2018,8,0,0,0.0,0,0
382,313368,2018,11,0,0,0.0,0,0
382,389186,2018,12,0,0,0.0,0,0
383,1106,2018,7,6,3341,3341.0,0,0
383,7636,2017,8,4,2636,2636.0,545,98
383,27102,2018,9,5,4780,4780.0,584,148
383,57634,2017,1,3,2305,2305.0,560,1
383,69966,2018,2,3,5406,5406.0,595,71
383,92269,2017,3,3,4256,4256.0,4,101
383,107800,2018,2,2,1888,1888.0,0,0
383,105396,2017,12,2,4696,4696.0,0,3
383,104847,2018,1,2,4608,4608.0,0,9
383,115164,2018,4,2,10809,809.0,4,108
383,147169,2017,11,1,2316,2316.0,500,5
383,151806,2018,2,1,1726,1726.0,8,0
383,190169,2017,2,0,0,0.0,0,0
383,209106,2017,4,0,0,0.0,0,0
383,262860,2017,12,0,0,0.0,564,0
383,261861,2017,11,0,0,0.0,0,0
383,290002,2018,3,0,0,0.0,0,0
383,300503,2018,4,0,0,0.0,0,0
383,317106,2018,3,0,0,0.0,0,8
383,360894,2018,5,0,0,0.0,0,0
383,360907,2018,6,0,0,0.0,0,6
383,369608,2018,8,0,0,0.0,0,0
383,367996,2018,11,0,0,0.0,0,0
383,360182,2018,12,0,0,0.0,0,0
384,17786,2017,7,5,4120,4120.0,0,0
384,45433,2018,6,4,616,616.0,6,100
384,47882,2018,9,3,7887,7887.0,593,76
384,377102,2017,8,3,1441,1441.0,500,93
384,322269,2018,2,6,13424,3424.0,598,101
384,357102,2017,1,3,4247,4247.0,0,1
384,351165,2017,2,3,5377,5377.0,0,0
384,360186,2017,11,1,807,807.0,500,8
384,365166,2017,11,0,0,0.0,300,0
384,337609,2018,4,0,0,0.0,0,0
384,360065,2018,3,0,0,0.0,0,0
384,360184,2017,11,0,0,0.5,551,108
384,369073,2018,3,0,0,0.0,0,0
384,367088,2018,6,0,0,0.0,0,0
384,362136,2017,11,0,0,0.0,7,0
384,365866,2018,12,0,0,0.0,0,5
384,363365,2018,6,0,0,0.0,0,0
384,364163,2018,8,1,0,0.0,0,0
384,360393,2018,2,0,0,0.0,0,1
384,369146,2018,11,0,0,0.0,594,0
384,367108,2018,6,0,0,0.0,0,8
384,363698,2018,12,0,0,0.0,0,98
384,362999,2018,10,0,0,0.0,0,0
384,367155,2018,11,0,0,0.0,0,3
385,3313,2017,8,6,10704,10704.0,0,0
385,11803,2018,6,5,5615,5615.0,0,0
385,10563,2018,7,5,4465,4465.0,600,0
385,60436,2018,7,3,5140,5040.0,0,0
385,85168,2018,11,3,1631,1631.0,0,0
385,105906,2017,5,2,4392,4392.0,0,0
385,103976,2017,8,2,4886,4886.0,0,0
385,103807,2018,4,2,1328,1328.0,5,8
385,100767,2017,9,2,4336,4336.0,350,0
385,107366,2017,6,2,4606,4606.0,567,68
385,100195,2017,11,1,1846,1836.0,0,0
385,119906,2018,12,2,1338,1338.0,594,100
385,165183,2018,12,1,1882,1882.0,584,100
385,206605,2017,9,0,0,0.0,0,0
385,207699,2017,2,0,0,0.0,0,0
385,207695,2017,10,0,0,0.0,0,1
385,200806,2017,3,0,0,0.0,0,0
385,235669,2017,6,0,0,0.0,500,0
385,240903,2017,8,0,0,0.0,0,0
385,230063,2017,9,0,0,0.0,0,0
385,260015,2017,10,0,0,0.0,520,0
385,267366,2017,11,0,0,0.0,1,0
385,289106,2018,11,0,0,0.0,0,0
385,263106,2018,11,0,0,0.0,503,1
386,47606,2018,9,4,4838,4838.0,0,0
386,57606,2017,6,3,4821,4821.0,0,0
386,40663,2018,11,3,4736,4736.0,594,98
386,64136,2017,1,3,4171,4171.0,0,0
386,162159,2018,2,1,778,778.0,727,98
386,167160,2018,8,1,216,216.0,0,0
386,167126,2018,2,1,936,936.0,524,88
386,160137,2018,8,1,848,848.0,511,108
386,160106,2017,1,1,781,781.0,500,0
386,162172,2018,1,1,2187,2187.0,0,0
386,169904,2018,1,1,701,701.0,0,0
386,186836,2017,2,0,0,0.0,1,0
386,187864,2017,3,0,0,0.0,0,0
386,249662,2017,8,0,0,0.0,0,0
386,258694,2017,9,0,0,0.0,0,0
386,261489,2017,2,0,0,0.0,0,0
386,267609,2017,11,0,0,0.0,0,0
386,200403,2017,2,0,0,0.0,0,0
386,204002,2018,3,0,0,0.0,0,0
386,200866,2018,3,0,0,0.0,4,0
386,207102,2018,4,0,0,0.0,524,0
386,247009,2018,7,0,0,0.0,0,0
386,217604,2018,8,0,0,0.0,0,0
386,251865,2018,10,0,0,0.0,0,0
387,182003,2017,1,0,0,0.0,0,0
387,2606,2017,3,0,0,0.0,0,0
387,102,2017,6,0,21,21.0,0,0
387,9676,2017,1,0,0,0.0,0,0
387,7669,2017,4,0,0,0.0,0,0
387,24106,2017,5,0,0,0.0,0,0
387,25801,2018,6,0,0,0.0,0,0
387,137696,2017,7,0,0,0.0,0,0
387,140360,2017,8,0,0,0.0,0,0
387,62926,2017,10,0,0,0.0,0,0
387,167198,2017,11,0,0,0.0,0,0
387,162606,2017,12,0,0,0.0,0,0
387,187475,2018,1,0,0,0.0,0,0
387,183006,2018,2,0,0,0.0,0,0
387,182106,2018,2,0,0,0.0,0,0
387,190604,2018,1,0,0,0.0,0,0
387,195106,2018,2,0,0,0.0,0,3
387,220392,2018,3,0,0,0.0,0,0
387,320604,2018,4,0,0,0.0,0,0
387,337690,2018,10,0,0,0.0,0,0
387,342193,2018,7,0,0,0.0,0,0
387,351293,2018,12,0,0,0.0,0,0
387,360690,2018,11,0,0,0.0,0,0
387,363600,2018,12,0,0,0.0,0,0
388,9366,2017,6,5,10800,10800.0,0,0
388,7361,2018,7,6,4307,4307.0,0,0
388,2304,2018,5,5,10635,10635.0,0,0
388,8360,2017,9,5,5690,5690.0,0,0
388,17060,2018,1,5,2836,2836.0,0,0
388,2603,2018,6,3,4677,4977.0,0,0
388,4805,2017,8,2,2016,2016.0,597,0
388,7108,2017,9,3,3687,3687.0,0,0
388,800,2018,2,2,4991,4996.0,0,0
388,101889,2017,11,2,2338,2338.0,0,0
388,107804,2017,7,2,4808,4708.0,0,0
388,107038,2017,13,2,4770,4770.0,0,0
388,112109,2018,1,2,3002,3002.0,544,8
388,143103,2018,8,1,808,808.0,0,0
388,157483,2018,12,1,2426,2426.0,0,0
388,161124,2018,12,1,2001,2001.0,0,0
388,167903,2018,11,18,10807,802.0,3,0
388,163803,2018,4,1,716,736.0,0,8
388,163502,2018,10,1,2337,2377.0,0,2
388,160406,2018,8,1,807,2002.0,0,0
388,166040,2017,9,1,4816,6.0,560,0
388,168465,2018,12,1,807,5.0,0,0
388,175033,2017,11,1,741,6.0,528,0
388,160173,2018,10,1,803,606.0,0,1
389,2244,2017,6,6,5786,5786.0,594,191
389,7836,2017,3,5,7765,7765.0,0,0
389,1106,2017,5,5,4000,4000.0,520,9
389,7306,2018,7,5,2348,2348.0,0,0
389,7972,2017,6,5,10043,43.0,520,8
389,67899,2017,12,3,6831,6831.0,524,0
389,71805,2018,1,3,5808,5808.0,0,0
389,107606,2017,11,2,30528,528.0,7,0
389,107906,2018,2,2,4218,4218.0,600,98
389,100660,2018,8,2,2407,2407.0,560,8
389,107600,2018,2,7,21807,1807.0,0,0
389,100806,2017,11,2,4136,4136.0,4,0
389,105867,2018,1,2,4383,4373.0,360,1
389,109966,2018,2,2,2432,2432.0,0,0
389,107101,2017,2,2,2491,2491.0,0,0
389,100502,2017,5,2,2123,2153.0,0,0
389,102136,2017,3,2,4438,4138.0,0,0
389,124825,2018,12,2,2116,2196.0,0,0
389,184153,2018,5,0,0,0.0,567,0
389,199581,2017,1,0,0,0.0,5,0
389,200992,2018,6,0,0,0.0,0,8
389,304183,2018,3,0,0,0.0,600,0
389,317809,2018,10,0,0,0.0,0,100
389,314566,2018,11,0,0,0.0,0,0
389,308393,2018,8,0,0,0.0,0,0
389,307090,2018,11,0,0,0.0,0,8
389,307703,2018,7,0,0,10000.0,561,0
389,307605,2018,9,0,0,0.0,0,0
389,307233,2018,8,0,0,0.0,0,0
389,300606,2018,8,0,0,0.0,0,0
389,318629,2018,4,0,0,0.0,0,0
389,315296,2018,4,0,0,0.0,514,0
389,360535,2018,2,0,0,0.0,790,0
389,346177,2018,6,0,0,0.0,5,0
389,353867,2018,9,0,0,0.0,0,0
389,300103,2018,9,0,0,0.0,0,0
389,350386,2018,7,0,0,0.0,0,0
389,300666,2018,7,0,0,0.0,7,8
389,349486,2018,8,0,0,0.0,0,98
389,327406,2018,6,0,0,0.0,0,0
389,341965,2018,9,0,0,0.0,0,0
389,321807,2018,8,0,0,0.0,0,0
389,350806,2018,12,0,0,0.0,0,0
389,365967,2018,10,0,0,0.0,0,9
389,350907,2018,4,0,0,0.0,0,0
389,367603,2018,11,0,0,0.0,0,0
389,360563,2018,11,0,0,0.0,0,0
389,302933,2018,8,21,0,10000.0,0,0
390,6994,2018,7,9,2680,2680.0,0,0
390,7639,2017,3,5,8015,8015.0,590,90
390,7823,2017,5,5,7642,7642.0,0,0
390,4146,2018,8,12,4338,4338.0,0,0
390,95899,2018,5,3,2326,2326.0,597,1
390,7106,2017,8,2,2626,2626.0,0,0
390,5666,2017,11,2,4312,4312.0,384,8
390,2696,2017,3,2,2008,2308.0,0,3
390,17833,2018,2,2,4686,4686.0,354,1
390,110154,2018,7,2,4722,4722.0,500,98
390,172663,2017,6,1,867,867.0,0,0
390,189403,2017,9,0,0,0.0,0,0
390,197894,2018,2,0,0,0.0,0,0
390,198895,2017,1,0,0,0.0,3,0
390,210601,2018,4,0,0,0.0,0,0
390,227689,2017,1,0,0,0.0,0,9
390,269946,2017,12,0,0,0.0,0,1
390,265666,2017,12,0,10000,0.0,0,0
390,266191,2018,3,0,0,0.0,0,0
390,270081,2018,1,0,0,0.0,500,0
390,278184,2018,1,0,0,0.0,0,0
390,269872,2018,10,0,37,0.0,7,1
390,197405,2018,8,0,0,0.0,2,0
390,290004,2018,19,0,10000,0.0,0,8
391,2696,2018,8,6,4360,4360.0,491,88
391,7166,2018,7,5,7635,7635.0,301,0
391,7364,2017,6,5,25890,5890.0,0,0
391,20137,2017,9,5,10903,903.0,0,0
391,60602,2017,8,3,4607,4607.0,0,0
391,85303,2018,9,3,1827,1827.0,0,0
391,109803,2017,12,0,0,0.0,0,0
391,100667,2018,3,0,0,0.0,7,0
391,87602,2018,7,0,0,0.0,0,0
391,197666,2017,11,0,0,0.0,0,0
391,185896,2017,3,0,0,0.0,0,0
391,90104,2017,12,0,0,0.0,0,0
391,197809,2018,11,0,0,0.0,0,0
391,197976,2018,1,0,0,0.0,0,0
391,147197,2017,8,0,0,0.0,0,0
391,197893,2018,2,0,0,0.0,0,0
391,210209,2018,4,0,0,0.0,0,0
391,327109,2018,17,0,0,0.0,0,0
391,336101,2018,4,0,0,0.0,0,0
391,349105,2018,8,0,0,0.0,0,0
391,367640,2018,8,0,0,0.0,0,1
391,362606,2018,10,0,0,0.0,0,0
391,370602,2018,11,0,0,0.0,0,0
391,362864,2018,12,0,0,0.0,4,0
392,4666,2018,6,6,10800,10800.0,500,0
392,465,2017,8,5,4705,4705.0,0,0
392,12307,2018,8,5,10675,10075.0,562,91
392,27892,2017,3,4,668,62658.0,0,9
392,47630,2018,2,4,15286,5086.0,0,0
392,57169,2018,1,3,2803,2803.0,522,0
392,67806,2018,2,3,4607,4607.0,0,0
392,73924,2018,5,3,4115,4115.0,500,1
392,124678,2018,8,2,1927,1927.0,0,0
392,157601,2018,12,8,10808,808.0,360,0
392,154863,2018,2,1,686,10686.0,524,0
392,163636,2018,7,1,816,816.0,521,68
392,174427,2018,1,1,872,872.0,0,98
392,186864,2018,9,0,0,0.5,599,0
392,207833,2017,1,0,0,0.0,0,78
392,207683,2017,3,0,0,0.0,0,0
392,205195,2017,9,0,0,0.0,524,100
392,237031,2017,1,0,0,0.0,0,8
392,235154,2018,8,0,0,0.0,0,0
392,268682,2018,1,0,0,0.0,564,0
392,255262,2017,11,0,0,0.0,0,0
392,267101,2018,10,0,0,0.0,524,0
392,267100,2018,12,0,0,0.0,0,0
392,253973,2018,11,0,0,0.0,0,8
393,17106,2018,7,5,6725,6725.0,0,0
393,57865,2018,2,3,4703,4703.0,587,100
393,60453,2018,6,3,10807,10807.0,0,100
393,60087,2018,11,3,3606,3606.0,0,0
393,68266,2018,12,3,2116,2116.0,0,0
393,100895,2018,1,1,731,10731.0,0,0
393,100203,2017,2,1,646,646.0,398,78
393,165866,2018,1,1,2348,2348.0,0,0
393,160565,2018,3,1,676,676.0,428,8
393,160302,2018,1,1,731,731.0,4,1
393,160602,2018,11,1,1407,407.0,3,100
393,161198,2018,1,1,1903,1903.0,0,0
393,175195,2018,1,1,778,778.0,0,0
393,160998,2018,9,1,877,877.0,598,0
393,170867,2018,2,1,700,700.0,0,0
393,189001,2017,3,0,0,0.0,0,0
393,186102,2017,4,0,0,0.0,0,8
393,190906,2017,2,0,0,0.0,0,121
393,190498,2018,2,0,0,0.0,0,0
393,90906,2018,2,0,0,0.0,0,0
393,300966,2018,3,0,0,0.0,0,0
393,303468,2018,4,0,0,0.0,0,0
393,301686,2018,10,0,0,0.0,0,0
393,327675,2018,12,0,0,0.0,0,8
394,4114,2018,6,6,666,666.0,516,98
394,636,2017,7,5,2645,2645.0,0,0
394,7606,2018,4,5,4835,4835.0,0,0
394,6687,2018,7,6,4325,4325.0,0,0
394,9605,2017,8,6,4636,4636.0,0,0
394,7335,2017,2,0,0,0.0,500,0
394,19808,2018,6,0,0,0.0,0,0
394,4796,2018,7,0,0,0.0,0,0
394,1802,2018,11,0,0,0.0,7,198
394,5666,2017,8,0,0,0.0,0,0
394,193,2017,3,0,0,0.0,0,0
394,3662,2018,9,0,0,0.0,0,0
394,8338,2017,2,0,0,0.0,5,0
394,9884,2018,2,0,0,0.0,0,0
394,2165,2018,10,0,0,0.0,0,0
394,3409,2017,8,0,0,0.0,0,1
394,1869,2018,9,0,0,0.0,0,0
394,100103,2018,3,0,0,0.0,0,0
394,104094,2018,8,0,0,0.0,0,0
394,107286,2018,9,0,0,0.0,524,0
394,6265,2018,2,0,0,0.0,0,0
394,606,2018,3,0,0,0.0,0,0
394,306163,2018,11,0,0,0.0,0,0
394,303486,2018,12,0,0,0.0,500,0
395,2846,2018,7,7,12327,12327.0,0,0
395,682,2018,8,6,11816,11816.0,0,0
395,201,2017,5,12,4605,4605.0,0,0
395,9866,2017,1,3,4371,4371.0,0,0
395,9866,2017,8,2,2216,2316.0,364,148
395,7809,2017,8,2,4701,4701.0,0,0
395,3886,2017,2,6,3866,3866.0,564,8
395,6545,2017,6,3,3600,3600.0,0,1
395,1162,2017,9,2,4877,14877.0,0,0
395,5106,2018,3,2,4248,4248.0,0,8
395,39,2018,11,2,4217,4217.0,730,8
395,3196,2017,7,6,2736,2736.0,0,0
395,101838,2018,9,2,4306,4306.0,0,0
395,102633,2018,2,2,2806,2806.0,554,0
395,107863,2017,3,2,4687,4687.0,0,0
395,102893,2017,10,2,788,786.0,0,0
395,100403,2018,8,2,4746,4746.0,7,100
395,125652,2018,2,2,3336,3336.0,529,0
395,130875,2018,1,0,0,0.0,563,100
395,160604,2018,6,0,0,0.0,0,0
395,167835,2018,9,0,0,0.0,0,0
395,167157,2018,10,0,0,0.0,446,0
395,367194,2018,11,0,0,0.0,524,8
395,330613,2018,4,0,0,0.0,0,1
396,25666,2018,5,4,6380,6380.0,0,0
396,57104,2017,3,3,5802,5802.0,0,0
396,67993,2018,1,3,1836,1836.0,504,58
396,53636,2017,10,3,1801,1801.0,0,0
396,97805,2017,1,0,0,0.0,0,0
396,90695,2017,2,0,0,0.0,0,0
396,90132,2018,2,0,0,0.0,0,0
396,97006,2018,4,0,0,0.0,0,0
396,99196,2018,5,0,0,0.0,0,0
396,99864,2018,11,0,0,0.0,0,0
396,90633,2018,12,0,0,0.0,0,1
396,69196,2017,8,0,0,0.0,0,0
396,63887,2018,6,0,0,0.0,0,9
396,69957,2017,12,0,0,0.0,4,0
396,89965,2018,11,0,0,0.0,0,0
396,62605,2017,10,0,0,0.0,0,0
396,177093,2018,1,0,0,0.0,0,0
396,187144,2018,1,0,0,0.0,0,0
396,80609,2018,2,0,0,0.0,0,0
396,87165,2018,7,0,0,0.0,0,0
396,197106,2018,2,0,0,0.0,500,0
396,197199,2018,1,0,0,0.0,0,1
396,98195,2018,11,0,0,0.0,0,1
396,191136,2018,12,0,0,0.0,0,3
397,7664,2018,7,5,10775,10775.0,0,0
397,9006,2017,8,5,4685,4685.0,0,0
397,4696,2018,6,5,4905,4905.0,500,91
397,2366,2017,2,3,4801,4801.0,500,0
397,5868,2017,1,2,2307,2307.0,544,98
397,9871,2017,11,1,602,602.0,0,8
397,6206,2018,8,2,805,805.0,0,0
397,51666,2017,8,0,7,9.0,0,8
397,63687,2018,9,0,0,0.0,524,3
397,65069,2017,10,0,0,0.0,0,0
397,70489,2017,12,0,0,0.0,4,0
397,187116,2017,3,0,0,0.0,0,0
397,197993,2018,1,0,0,0.0,0,0
397,300612,2018,2,0,0,0.0,0,0
397,300166,2018,4,0,0,0.0,0,71
397,317167,2018,3,0,0,0.0,0,0
397,324826,2018,5,0,0,0.0,0,0
397,332612,2018,6,0,0,0.0,0,0
397,325830,2018,7,0,0,0.0,0,0
397,340224,2018,8,0,0,0.0,0,0
397,359193,2018,9,0,0,0.0,0,0
397,360007,2018,11,0,0,0.0,0,0
397,363809,2018,10,0,0,0.0,0,0
397,360673,2018,11,0,0,0.0,544,0
398,7967,2017,3,5,5780,5780.0,0,0
398,13863,2017,8,5,5645,5645.0,0,0
398,17696,2017,11,5,4375,4375.0,0,0
398,10394,2018,2,5,3620,3620.0,0,0
398,20363,2017,2,4,5312,5312.0,598,108
398,27326,2018,3,5,2116,2116.0,0,0
398,25064,2017,5,4,4611,4611.0,0,0
398,37662,2017,6,4,2836,2836.0,0,0
398,87869,2018,8,3,2031,2031.0,0,8
398,81629,2018,12,3,4032,4032.0,0,0
398,107609,2017,11,2,4686,4686.0,0,0
398,120696,2018,9,2,4727,4727.0,0,0
398,127695,2018,6,2,4600,4600.0,0,1
398,163196,2018,2,1,10616,616.0,520,73
398,160805,2018,11,1,607,607.0,0,0
398,163209,2018,3,1,826,826.0,0,1
398,168962,2018,12,1,1328,1025.0,0,0
398,160189,2018,1,1,7,7.0,500,0
398,165863,2018,1,1,1737,1627.0,0,0
398,172987,2018,2,1,878,5.0,0,0
398,390962,2018,1,0,0,0.0,522,0
398,307667,2018,3,0,0,0.0,0,0
398,303203,2018,12,0,0,0.0,0,0
398,337602,2018,11,0,0,0.0,500,0
399,25391,2018,10,6,10296,10296.0,724,148
399,7867,2017,8,5,10925,10925.0,0,0
399,24865,2018,3,4,10885,10885.0,0,0
399,22809,2017,11,4,8837,8837.0,0,0
399,47103,2017,6,4,2806,2806.0,0,0
399,50436,2018,11,3,32321,2321.0,331,100
399,58804,2017,2,3,4697,6697.0,500,0
399,62885,2018,3,3,4286,4286.0,510,8
399,65149,2018,7,3,1336,1336.0,0,8
399,60362,2018,5,3,1806,1806.0,0,0
399,67509,2018,5,3,2307,2307.0,0,0
399,68072,2018,1,1,1328,1328.0,0,0
399,162669,2017,11,1,707,707.0,0,0
399,67830,2018,2,1,2405,2405.0,0,0
399,168865,2018,11,1,926,926.0,584,0
399,167803,2018,1,1,601,601.0,0,0
399,162894,2018,5,1,608,606.0,0,0
399,167663,2018,12,1,1606,1606.0,600,0
399,195629,2017,2,0,0,0.0,4,0
399,200182,2018,3,0,0,0.0,526,8
399,205896,2017,2,0,0,0.0,594,0
399,202299,2018,10,0,0,0.0,8,8
399,206606,2018,11,0,0,0.0,518,98
399,220696,2018,6,0,0,0.0,0,0
400,12457,2017,12,5,11301,11301.0,0,0
400,55355,2017,1,3,4635,4635.0,531,79
400,67779,2018,11,3,7276,7276.0,0,8
400,186802,2017,1,0,0,0.0,0,0
400,185005,2017,2,0,0,0.0,0,0
400,183866,2018,3,0,0,0.0,0,0
400,187337,2017,9,0,0,0.0,0,0
400,186886,2017,1,0,0,0.0,0,0
400,184373,2017,2,0,0,0.0,0,0
400,182173,2017,5,0,0,0.0,0,0
400,189886,2017,1,0,0,0.0,0,0
400,198805,2017,7,1,0,0.0,0,0
400,187676,2017,2,0,0,0.0,0,0
400,187007,2017,2,0,0,0.0,0,0
400,190406,2018,3,0,0,0.0,0,0
400,201126,2017,4,0,0,0.0,0,0
400,210264,2018,11,0,0,0.0,2,0
400,224206,2018,2,0,0,0.0,0,0
400,360467,2018,6,0,0,0.0,0,0
400,363806,2018,8,0,0,0.0,0,0
400,361675,2018,9,0,0,0.0,0,0
400,362005,2018,10,0,0,0.0,0,0
400,365131,2018,11,0,0,0.0,0,0
400,362466,2018,12,0,0,0.0,0,0
401,3818,2017,8,6,14380,14380.0,0,0
401,7665,2018,5,5,10700,10700.0,0,0
401,13803,2017,8,5,7635,7635.0,521,100
401,17106,2017,11,5,4007,4007.0,4,141
401,41362,2018,7,4,7806,7806.0,0,7
401,51183,2017,1,3,4706,4706.0,0,1
401,50101,2017,2,3,3306,3306.0,0,8
401,62486,2018,1,3,4867,4867.0,0,0
401,64483,2018,12,3,4407,4407.0,367,8
401,67806,2018,11,3,4820,4820.0,0,0
401,90136,2017,2,3,1896,1896.0,391,0
401,107806,2018,12,2,4106,4106.0,590,9
401,102487,2017,10,2,4006,4006.0,0,0
401,100699,2018,2,2,2428,2428.0,0,9
401,107194,2017,3,2,3106,3706.0,0,0
401,107432,2018,4,2,4396,4396.0,398,100
401,105681,2018,12,1,1816,1816.0,0,0
401,103876,2017,3,1,1307,1307.0,0,0
401,111856,2018,4,0,0,0.0,0,0
401,192155,2017,5,0,0,0.0,0,3
401,293115,2018,6,0,0,0.0,540,0
401,250423,2017,12,0,0,0.0,564,0
401,204603,2018,7,0,0,0.0,538,2
401,203102,2018,8,0,0,0.0,528,1
402,2205,2017,6,6,10660,10660.0,0,0
402,7666,2017,3,5,4775,4775.0,538,91
402,6862,2018,8,6,10680,10680.0,0,91
402,7107,2018,7,6,4303,4303.0,0,0
402,7222,2018,1,6,7045,7045.0,590,0
402,7808,2017,5,7,883,883.0,527,58
402,3176,2018,9,6,4016,4016.0,0,8
402,1006,2017,1,0,0,0.0,0,9
402,7595,2018,3,0,0,0.0,561,0
402,2647,2017,12,0,0,0.0,0,98
402,7036,2018,11,0,0,0.0,0,0
402,207679,2017,2,0,0,0.0,564,8
402,202606,2018,3,0,0,0.0,0,0
402,204696,2018,4,0,0,0.0,592,0
402,203607,2017,3,0,0,0.0,0,0
402,207369,2018,7,0,0,0.0,0,0
402,200865,2018,5,0,0,0.0,0,0
402,200102,2018,7,0,0,0.0,325,143
402,2104,2018,6,0,0,0.0,0,0
402,200687,2018,7,0,0,0.0,0,1
402,200405,2018,8,0,0,0.0,0,8
402,207106,2018,9,0,0,0.0,0,0
402,305826,2018,8,0,0,0.0,0,91
402,306174,2018,12,0,0,0.0,0,8
403,2364,2017,6,6,10876,10876.0,567,98
403,7867,2018,7,7,14653,10659.0,530,0
403,14109,2017,8,5,4365,4365.0,0,1
403,15363,2018,4,5,4396,4396.0,525,0
403,10576,2018,5,5,10332,10332.0,8,8
403,37364,2018,8,4,5636,5636.0,0,8
403,37606,2018,5,4,4900,4900.0,0,0
403,43505,2018,11,4,4461,4461.0,0,0
403,58893,2017,9,3,4305,7305.0,466,0
403,157806,2018,2,1,510,710.0,395,0
403,158207,2018,11,1,827,827.0,0,0
403,188853,2018,1,0,0,0.0,0,0
403,195880,2017,2,0,6,6.0,0,8
403,190963,2018,3,0,0,0.0,0,0
403,195665,2017,1,0,0,0.0,0,9
403,207806,2017,2,0,0,0.0,0,0
403,204660,2018,2,0,0,0.0,0,0
403,236267,2017,6,0,667,0.0,0,8
403,233805,2017,7,0,0,0.0,0,0
403,267809,2018,4,0,0,0.0,0,0
403,262175,2018,9,0,0,0.0,526,101
403,269906,2018,10,0,0,0.0,6,0
403,276383,2018,11,0,716,0.0,0,4
403,265864,2018,12,0,0,0.0,584,8
404,184609,2017,1,0,0,0.0,0,0
404,195005,2017,2,0,0,0.0,0,0
404,197673,2017,3,0,0,0.0,0,0
404,195807,2017,4,0,0,0.0,0,0
404,192318,2017,5,0,0,0.0,0,0
404,205123,2017,6,0,0,0.0,0,0
404,202806,2017,6,0,0,0.0,0,0
404,216803,2017,7,0,0,0.0,0,0
404,250609,2017,8,0,0,0.0,0,0
404,255105,2017,9,0,0,0.0,0,0
404,266116,2017,10,0,0,0.0,0,0
404,267176,2017,12,0,0,0.0,0,0
404,267453,2017,11,0,0,0.0,0,0
404,274883,2017,12,0,0,0.0,0,0
404,287666,2018,2,0,0,0.0,0,0
404,296107,2018,1,0,0,0.0,0,0
404,319109,2018,2,0,0,0.0,0,0
404,327694,2018,6,0,0,0.0,0,0
404,327600,2018,3,0,0,0.0,0,0
404,320306,2018,5,0,0,0.0,0,0
404,327163,2018,5,0,0,0.0,0,0
404,320265,2018,10,0,0,0.0,0,0
404,325809,2018,11,0,0,0.0,0,0
404,360896,2018,12,0,0,0.0,0,0
405,2386,2017,6,6,4476,6476.0,0,0
405,7462,2018,8,5,4605,4605.0,0,0
405,41899,2017,8,4,4620,4620.0,0,0
405,42895,2018,7,4,4748,4748.0,0,0
405,47171,2018,11,4,5488,5488.0,500,1
405,67866,2017,2,3,4806,4806.0,0,0
405,107834,2018,11,2,1816,1816.0,598,1
405,100276,2017,1,2,644,644.0,0,0
405,167106,2018,12,1,832,10832.0,371,0
405,167886,2018,11,1,1473,1473.0,4,8
405,162501,2018,2,1,2211,2211.0,0,0
405,167084,2018,5,1,711,711.0,500,0
405,167606,2018,8,1,716,716.0,0,0
405,167671,2018,2,1,614,914.0,0,100
405,160190,2018,5,1,1847,1847.0,521,0
405,167653,2018,11,1,2111,2111.0,598,7
405,160204,2018,1,1,1741,1741.0,574,9
405,187009,2017,2,0,0,0.0,0,0
405,187101,2017,2,0,0,0.0,0,5
405,302603,2018,3,0,0,0.0,7,122
405,307802,2018,7,0,0,0.0,0,8
405,318806,2018,4,0,0,0.0,0,0
405,327665,2018,11,0,0,0.0,0,0
405,357170,2018,12,0,0,0.0,0,1
406,9886,2017,6,5,10830,10830.0,0,0
406,17692,2018,7,5,10805,10805.0,0,1
406,27667,2018,8,5,10620,10620.0,399,141
406,67857,2017,11,3,5785,5785.0,0,0
406,64802,2017,2,3,3307,3307.0,322,72
406,92805,2017,1,3,2447,3447.0,500,91
406,97698,2017,3,2,3386,3386.0,0,0
406,97066,2017,4,2,4430,4430.0,0,8
406,120806,2018,5,2,4060,4060.0,7,0
406,123103,2018,11,2,2482,2482.0,0,6
406,157808,2018,2,1,783,783.0,0,0
406,160886,2018,2,1,626,626.0,0,5
406,197883,2017,11,0,0,0.0,0,0
406,207033,2017,9,0,0,0.0,537,0
406,200882,2017,12,0,0,0.0,0,0
406,200665,2018,3,0,0,0.0,524,0
406,217104,2018,4,0,0,0.0,0,0
406,227634,2017,6,0,0,0.0,0,0
406,220806,2018,5,0,0,0.0,0,0
406,250967,2018,6,0,10000,0.0,0,0
406,263663,2017,11,0,0,0.0,0,0
406,262806,2017,10,0,0,0.0,528,0
406,264140,2018,11,0,0,0.0,0,0
406,266655,2018,11,0,0,0.0,6,101
407,2878,2017,7,6,27386,17386.0,4,100
407,4303,2017,6,6,8201,8251.0,705,141
407,7304,2018,8,6,10848,15848.0,0,0
407,783,2018,8,6,6358,6358.0,0,0
407,7965,2017,8,6,7887,7887.0,0,0
407,6851,2017,12,5,5367,5367.0,594,1
407,7884,2018,3,0,0,0.0,0,0
407,5806,2018,1,0,36,36.0,0,0
407,27890,2018,2,0,0,0.0,6,8
407,51383,2017,3,6,10000,0.0,0,0
407,67800,2017,5,0,0,0.0,500,0
407,60875,2017,12,0,600,0.0,0,0
407,63167,2017,11,0,0,0.0,0,0
407,68020,2018,9,0,0,0.0,0,0
407,62867,2018,9,0,0,0.0,0,0
407,69696,2018,1,0,0,0.0,0,8
407,67859,2017,2,0,0,0.0,0,0
407,67106,2017,11,0,0,0.0,0,0
407,67307,2018,1,0,0,0.0,0,1
407,167891,2018,9,0,0,0.0,0,0
407,166807,2018,8,0,0,0.0,0,0
407,162139,2017,2,0,0,0.0,545,0
407,172466,2018,12,0,0,0.0,0,0
407,190386,2018,12,0,0,0.0,0,8
407,168690,2018,1,0,0,0.0,0,0
407,166806,2018,11,0,0,0.0,7,0
407,186881,2018,3,0,0,0.0,0,0
407,62869,2018,3,11,0,0.0,527,0
407,167568,2018,9,0,0,0.0,0,0
407,181812,2018,7,1,0,0.0,0,0
407,167863,2018,12,0,0,0.0,0,0
407,187269,2018,11,0,0,0.0,0,0
407,167003,2018,10,0,0,0.0,561,0
407,193877,2018,3,3,0,0.0,0,0
407,160486,2017,11,0,0,0.0,0,0
407,178965,2018,11,0,0,0.0,524,1
407,188456,2018,12,0,0,0.0,0,0
407,167869,2018,7,0,0,0.0,4,1
407,161806,2018,1,1,0,0.0,0,9
407,187266,2018,2,0,0,0.0,598,0
408,13806,2017,12,5,10395,10395.0,0,0
408,52466,2018,1,3,4796,4796.0,511,181
408,62803,2017,11,3,5230,5230.0,0,100
408,67096,2018,2,3,7387,7387.0,514,98
408,60803,2018,7,3,2077,2077.0,538,0
408,60676,2018,8,3,3302,3302.0,0,0
408,100833,2017,9,2,4300,4300.0,0,6
408,102005,2018,5,6,4405,4405.0,0,0
408,100899,2017,6,2,4616,4616.0,0,0
408,105864,2017,9,2,4818,4818.0,0,8
408,100803,2018,12,2,4906,4906.0,0,0
408,100209,2017,11,2,3681,3681.0,0,0
408,108185,2018,2,2,4236,4236.0,0,0
408,100067,2018,3,2,4188,4888.0,0,0
408,117805,2018,2,6,37357,4357.0,558,0
408,110003,2018,11,2,4081,4085.0,526,1
408,122866,2018,4,0,0,0.0,500,8
408,184060,2017,1,0,0,0.0,0,0
408,206064,2017,3,0,0,0.0,594,0
408,222867,2017,5,0,0,0.0,0,0
408,350891,2018,12,0,0,0.0,598,0
408,360609,2018,1,0,0,0.0,0,0
408,361094,2018,1,0,0,0.0,564,0
408,367657,2018,12,0,0,0.0,0,8
409,13396,2017,8,5,5705,5705.0,720,0
409,51363,2018,1,3,4338,4338.0,0,0
409,68809,2018,12,3,2786,2786.0,503,91
409,164188,2018,7,1,1906,11906.0,367,78
409,162995,2018,2,1,947,947.0,421,0
409,150607,2018,1,1,2411,2411.0,500,8
409,167208,2018,9,1,2013,2013.0,0,0
409,167235,2018,11,1,661,661.0,500,0
409,160006,2018,2,1,717,717.0,4,0
409,165988,2018,1,1,821,821.0,500,0
409,164206,2018,2,1,637,637.0,0,1
409,321849,2018,1,0,0,0.0,529,8
409,327106,2017,5,0,0,0.0,0,0
409,320906,2018,3,0,0,0.0,0,0
409,322182,2017,5,0,0,0.0,0,0
409,328837,2018,11,0,0,0.0,0,0
409,366106,2018,7,0,0,0.0,0,8
409,360867,2018,8,0,0,0.0,0,1
409,363102,2018,9,0,0,0.0,0,1
409,353169,2018,11,0,0,0.0,0,98
409,360806,2018,2,0,0,0.0,530,0
409,368166,2018,11,0,0,0.0,0,0
409,362159,2018,11,0,0,0.0,0,0
409,386163,2018,12,0,0,0.0,0,0
410,7988,2018,8,6,4608,4608.0,597,98
410,40606,2018,9,5,4615,4615.0,0,0
410,57436,2018,11,3,4230,4230.0,521,78
410,67566,2018,7,3,5611,5611.0,0,0
410,65166,2017,1,3,2307,2307.0,524,7
410,60372,2017,11,3,4326,4326.0,0,0
410,94176,2018,2,2,3787,3787.0,504,48
410,100473,2017,12,2,4682,4682.0,0,0
410,100867,2018,1,2,4328,4328.0,0,0
410,108294,2017,4,2,3646,3646.0,0,0
410,107196,2018,6,0,0,0.0,0,0
410,103689,2017,12,0,0,0.0,594,0
410,196882,2017,2,0,0,0.0,0,0
410,201163,2017,3,0,0,0.0,0,1
410,210006,2017,5,0,0,0.0,0,0
410,223826,2017,6,0,0,0.0,500,0
410,262187,2017,11,0,0,0.0,0,0
410,260265,2017,10,0,0,0.0,0,0
410,260894,2017,11,0,0,0.0,0,0
410,260653,2018,1,0,0,0.0,0,95
410,260960,2017,12,0,0,0.0,0,0
410,297100,2018,2,0,0,0.0,530,0
410,363197,2018,3,0,0,0.0,754,0
410,355666,2018,12,0,0,0.0,0,3
410,357497,2018,1,0,0,0.0,0,0
410,367806,2018,3,0,0,0.0,0,0
410,360633,2018,2,0,0,0.0,0,0
410,306102,2018,1,0,0,0.0,0,0
410,307656,2018,3,0,0,0.0,0,0
410,300699,2018,3,0,0,0.0,0,0
410,325806,2018,12,0,0,0.0,0,0
410,302706,2018,4,0,0,0.0,0,0
410,327866,2018,6,0,0,0.0,4,0
410,329161,2018,11,0,0,0.0,0,1
410,322647,2018,3,0,0,0.0,527,0
410,347603,2018,9,0,0,0.0,564,0
410,337106,2018,1,0,0,0.0,328,0
410,307600,2018,8,0,0,0.0,4,100
410,320263,2018,4,0,0,0.0,0,0
410,327613,2018,8,0,0,0.0,0,0
410,368193,2018,7,0,0,0.0,564,0
410,307895,2018,4,0,0,0.0,0,0
410,367936,2018,10,0,0,0.0,0,0
410,368809,2018,5,0,10000,0.0,0,0
410,320106,2018,7,0,0,0.0,567,0
410,350886,2018,9,0,0,0.0,0,0
410,360892,2018,12,0,0,0.0,0,0
410,390103,2018,12,0,300,0.0,0,0
411,3966,2017,7,6,10828,10828.0,0,0
411,3806,2018,8,16,14902,14902.0,0,0
411,7566,2018,12,5,4808,4808.0,0,0
411,18800,2018,1,5,10895,10895.0,0,0
411,53466,2017,2,3,4601,4601.0,0,0
411,54165,2018,3,3,4316,4316.0,0,0
411,50236,2017,2,3,4466,4466.0,580,50
411,63886,2018,9,3,4301,4301.0,0,0
411,67404,2017,11,3,1733,1733.0,0,0
411,97665,2017,1,2,3326,3326.0,578,0
411,90173,2017,2,2,4682,12682.0,0,0
411,107967,2017,4,2,4896,4896.0,0,0
411,104862,2017,12,2,4847,4847.0,597,1
411,106866,2017,11,2,4847,4847.0,0,0
411,102876,2017,12,2,2112,2112.0,566,101
411,100877,2018,1,0,0,0.0,0,2
411,101835,2017,12,0,0,0.0,0,0
411,100889,2017,3,0,0,0.0,0,0
411,204606,2018,8,0,0,0.0,500,0
411,204806,2018,9,0,0,0.0,0,0
411,240102,2017,7,0,0,0.0,0,0
411,250106,2018,10,0,0,0.0,521,0
411,208862,2017,11,0,0,0.0,7,148
411,353106,2018,2,0,0,0.0,0,8
412,22006,2018,12,5,7725,7725.0,0,0
412,71853,2018,11,3,4671,4671.0,0,0
412,95169,2018,2,4,4726,4726.0,0,0
412,100167,2018,1,8,2836,2836.0,0,0
412,183298,2017,1,0,0,0.0,0,0
412,185108,2017,2,0,0,0.0,0,9
412,187862,2017,3,0,0,0.0,0,0
412,190676,2017,4,0,0,0.0,0,55
412,187083,2017,5,0,0,0.0,0,0
412,193666,2017,9,0,0,0.0,0,0
412,199027,2017,6,0,0,0.0,0,0
412,194101,2017,2,0,0,0.0,0,0
412,192807,2017,1,0,0,0.0,0,0
412,190271,2017,1,0,0,0.0,0,8
412,300131,2018,10,0,0,0.0,0,0
412,311888,2018,3,0,0,0.0,563,0
412,325206,2018,5,0,0,0.0,0,0
412,327602,2018,6,0,0,0.0,0,0
412,322654,2018,8,0,0,0.0,0,0
412,340867,2018,7,0,0,0.0,8,98
412,360606,2018,9,0,0,0.0,0,0
412,361106,2018,11,0,0,0.0,0,0
412,361706,2018,10,0,0,0.0,0,0
412,360102,2018,11,0,0,0.0,524,8
413,2869,2017,7,6,15611,15611.0,0,0
413,5406,2018,8,6,19386,19386.0,0,0
413,7686,2018,6,5,8095,9095.0,0,0
413,17706,2018,9,5,1385,1385.0,0,0
413,37867,2017,12,4,5336,5336.0,0,0
413,32009,2018,3,4,5836,5836.0,500,0
413,45803,2018,1,4,7208,6208.0,0,0
413,52866,2017,12,3,2807,2807.0,511,96
413,106696,2017,2,2,1881,1881.0,0,0
413,100666,2017,10,2,2308,2308.0,524,0
413,116596,2018,2,2,4036,4036.0,4,96
413,127173,2018,6,2,2038,2038.0,0,0
413,190303,2017,11,1,888,888.0,0,0
413,200012,2017,8,0,0,0.0,0,0
413,207291,2017,12,0,0,0.0,594,100
413,207664,2018,12,0,0,0.0,0,0
413,200607,2017,8,0,0,0.0,0,0
413,205161,2018,3,0,0,0.0,0,0
413,202264,2018,4,0,0,0.0,0,6
413,242597,2018,8,0,0,0.0,0,0
413,257265,2018,9,0,0,0.0,0,0
413,312607,2018,12,0,0,0.0,526,0
413,338866,2018,9,0,0,0.0,0,0
413,357644,2018,10,0,0,0.0,0,0
414,25356,2018,12,4,4805,4805.0,0,0
414,81804,2018,11,3,3846,3846.0,334,98
414,125336,2018,1,2,2226,2226.0,0,0
414,165809,2017,12,1,1300,1300.0,0,0
414,185106,2017,1,0,0,0.0,0,0
414,164887,2018,2,0,0,0.0,594,100
414,188105,2017,3,0,0,0.0,0,0
414,365438,2017,5,0,0,0.0,0,0
414,365803,2017,6,0,0,0.0,0,0
414,325677,2017,10,0,0,0.0,0,0
414,329986,2017,6,0,0,0.0,0,0
414,331669,2017,5,0,0,0.0,0,0
414,345866,2017,8,0,0,0.0,7,100
414,322156,2018,9,0,0,0.0,0,100
414,338366,2018,7,0,0,0.0,0,0
414,345165,2018,1,0,0,0.0,0,0
414,360666,2018,12,0,0,0.0,0,0
414,361664,2018,9,0,0,0.0,3,0
414,369606,2018,7,0,0,0.0,0,0
414,363806,2018,5,0,0,0.0,0,0
414,361867,2018,9,0,4915,0.0,0,0
414,366309,2018,8,0,0,0.0,526,100
414,362660,2018,11,0,0,0.0,0,0
414,369625,2018,12,0,0,0.0,510,8
415,6334,2018,8,6,7637,7637.0,567,102
415,6516,2018,6,6,5336,5336.0,0,0
415,17101,2018,8,12,1640,1640.0,0,0
415,25886,2018,1,4,4434,4634.0,0,0
415,55127,2017,6,3,4246,16246.0,0,0
415,67330,2017,11,3,4267,4267.0,0,8
415,62196,2018,2,3,3009,3009.0,0,0
415,67607,2018,4,3,1041,1041.0,521,0
415,67689,2018,5,3,4862,4862.0,0,0
415,60636,2018,7,3,4607,4607.0,0,1
415,161107,2018,7,1,1607,1607.0,534,0
415,177654,2018,8,1,2868,2868.0,594,0
415,151169,2018,9,1,1318,1318.0,522,98
415,167180,2018,12,1,826,826.0,0,8
415,167306,2018,2,1,2043,2043.0,564,98
415,168165,2018,10,1,531,531.0,527,8
415,165866,2018,11,1,2076,2076.0,594,98
415,160667,2018,8,1,1376,1373.0,0,0
415,187105,2017,1,0,0,0.0,0,0
415,188636,2017,3,0,0,0.0,0,8
415,190606,2018,10,0,0,0.0,0,0
415,197066,2017,2,0,0,0.0,1,0
415,197105,2018,1,0,0,0.0,0,0
415,307397,2018,6,0,0,0.0,0,0
416,14183,2017,12,5,3335,3335.0,0,0
416,17802,2018,11,2,2848,2848.0,0,0
416,120566,2018,12,2,3606,3606.0,0,0
416,168608,2018,2,1,708,708.0,0,0
416,177838,2018,1,1,617,617.0,528,0
416,335336,2017,2,0,0,0.0,592,0
416,343665,2017,8,0,4,0.0,0,0
416,351982,2017,3,0,0,0.0,0,0
416,334167,2018,5,0,0,0.0,0,0
416,335106,2017,6,0,0,0.0,0,0
416,369802,2018,8,0,0,0.0,0,0
416,337676,2017,6,0,0,0.0,0,0
416,338926,2018,7,0,0,0.0,0,0
416,338136,2017,2,0,0,0.0,0,0
416,337661,2018,1,0,0,0.0,0,0
416,337166,2018,1,0,0,0.0,0,0
416,335868,2018,7,0,0,0.0,0,8
416,347893,2018,8,10,0,0.0,0,0
416,347306,2018,8,0,0,0.0,572,6
416,345563,2018,9,0,0,0.0,0,0
416,357206,2018,9,0,0,0.0,0,0
416,367136,2018,10,0,0,0.0,0,0
416,367703,2018,11,0,0,0.0,500,0
416,364196,2018,12,0,0,0.0,0,8
417,48496,2018,6,4,3620,3620.0,0,0
417,68502,2017,11,3,4826,4826.0,720,1
417,65456,2018,9,3,7641,7641.0,526,158
417,97662,2018,2,3,3678,3678.0,0,0
417,90162,2017,11,3,7627,7627.0,0,0
417,109197,2017,11,2,4326,326.0,0,0
417,100164,2018,2,2,3620,3620.0,381,0
417,107164,2017,6,2,1801,1801.0,514,9
417,101290,2017,11,2,3846,3846.0,530,90
417,100553,2017,3,2,4316,4316.0,0,5
417,101506,2018,2,2,3807,3807.0,0,0
417,104096,2017,10,2,4036,4036.0,0,100
417,103802,2017,11,2,4812,18812.0,527,0
417,108063,2018,4,2,14908,4902.0,578,100
417,105926,2018,10,2,4116,4116.0,3,1
417,110107,2018,11,2,1427,1427.0,597,3
417,129902,2018,5,2,4600,4600.0,0,99
417,150196,2018,2,0,0,0.0,0,0
417,190360,2018,2,0,0,0.0,0,0
417,228165,2018,5,0,0,0.0,500,0
417,248891,2018,7,0,0,0.0,411,0
417,240103,2017,8,0,0,0.0,0,0
417,307103,2018,3,0,0,0.0,0,8
417,301108,2018,11,0,0,5.0,0,0
418,186990,2017,1,0,0,0.0,0,0
418,190076,2017,12,0,0,0.0,0,0
418,190406,2017,2,0,0,0.0,0,0
418,200867,2017,3,0,0,0.0,0,0
418,208692,2017,4,0,0,0.0,0,8
418,202307,2017,5,0,0,0.0,0,0
418,200666,2017,6,0,0,0.0,0,0
418,209831,2017,7,0,0,0.0,0,0
418,200069,2017,9,0,0,0.0,0,0
418,200177,2017,8,0,0,0.0,0,0
418,201101,2017,10,0,0,0.0,0,0
418,207823,2017,12,0,0,0.0,0,0
418,207864,2018,1,0,0,0.0,0,0
418,205894,2018,2,0,0,0.0,0,0
418,207379,2018,3,0,0,0.0,0,0
418,207006,2018,4,0,0,0.0,0,0
418,204694,2018,3,0,0,0.0,0,0
418,200198,2018,4,0,0,0.0,1,0
418,209726,2018,4,0,0,0.0,0,0
418,313904,2018,5,0,0,0.0,0,0
418,317769,2018,5,0,0,0.0,0,0
418,317495,2018,12,0,0,0.0,0,0
418,360401,2018,11,0,0,0.0,0,0
418,323684,2018,11,0,0,0.0,0,1
419,27182,2018,12,5,12470,12470.0,0,0
419,67837,2018,1,3,3401,3401.0,0,0
419,60764,2018,10,3,3231,3231.0,0,0
419,60862,2017,12,3,4847,4847.0,366,0
419,60366,2017,12,3,3807,3807.0,597,0
419,160395,2018,3,3,3686,3686.0,0,0
419,345485,2017,1,1,616,616.0,0,0
419,390809,2017,2,0,0,0.0,0,0
419,368603,2018,8,0,0,0.0,0,0
419,323163,2018,4,0,0,0.0,0,0
419,349106,2018,6,0,0,0.0,0,0
419,351903,2017,9,0,0,0.0,0,0
419,365163,2018,7,0,0,0.0,0,0
419,307776,2018,8,0,0,0.0,0,0
419,304105,2018,10,0,0,0.0,0,0
419,327486,2018,4,0,0,0.0,0,3
419,363971,2018,7,0,0,0.0,0,0
419,360867,2018,11,0,0,0.0,0,0
419,365663,2018,5,0,0,0.0,0,0
419,362164,2018,19,0,0,0.0,0,0
419,362286,2018,11,0,0,0.0,597,0
419,367106,2018,11,0,0,0.0,0,1
419,367163,2018,11,0,0,0.0,500,0
419,387699,2018,12,0,0,0.0,4,109
420,8267,2017,6,5,4705,4705.0,0,0
420,26107,2017,8,4,7380,7380.0,0,0
420,37365,2018,11,4,7833,7833.0,0,0
420,86109,2018,2,3,2696,2696.0,0,5
420,90607,2017,1,3,5937,5937.0,500,0
420,563,2018,4,2,4126,4126.0,0,0
420,105806,2018,7,2,4606,4606.0,0,0
420,107103,2018,8,2,4828,4828.0,0,0
420,107954,2017,11,2,4926,4926.0,5,0
420,115833,2017,11,2,1466,1466.0,0,0
420,127902,2018,6,2,2000,2000.0,0,0
420,160206,2018,2,1,651,671.0,0,0
420,170925,2018,1,1,2207,2207.0,0,0
420,187607,2017,12,0,0,0.0,0,0
420,194694,2017,3,0,0,0.0,0,0
420,190165,2017,2,0,0,0.0,0,0
420,209397,2017,4,0,0,0.0,0,0
420,207669,2017,3,0,0,0.0,0,0
420,214192,2018,4,0,0,0.0,534,0
420,310863,2018,5,0,0,0.0,0,0
420,347834,2018,7,0,0,0.0,0,0
420,327866,2018,9,0,0,0.0,0,0
420,337100,2018,8,0,0,0.0,0,1
420,360895,2018,10,0,0,0.0,528,0
421,29686,2018,8,4,4888,4888.0,597,75
421,62833,2017,11,3,4617,4617.0,0,0
421,56802,2017,5,3,5247,5217.0,0,0
421,72169,2018,12,3,2808,2808.0,597,71
421,152639,2018,2,1,2367,2367.0,594,140
421,150202,2018,4,1,347,347.0,527,108
421,169982,2018,1,1,806,806.0,520,91
421,167623,2018,8,1,1706,1706.0,500,0
421,167167,2018,1,1,437,437.0,566,91
421,162907,2018,9,1,806,806.0,567,93
421,160836,2018,1,1,170,170.0,398,91
421,166505,2018,6,1,807,807.0,0,3
421,167627,2018,10,1,708,708.0,0,0
421,167152,2018,11,1,687,685.0,0,0
421,190426,2017,1,0,0,0.0,563,0
421,201994,2017,2,0,0,0.0,0,0
421,200666,2017,3,0,0,0.0,0,8
421,203162,2017,2,0,0,0.0,0,0
421,200046,2017,3,0,0,0.0,0,0
421,320862,2018,5,0,0,0.0,0,0
421,327163,2018,5,0,0,0.0,593,0
421,328106,2018,10,0,0,0.0,0,0
421,323164,2018,11,0,0,0.0,0,3
421,360198,2018,12,0,0,0.0,0,1
422,5356,2018,8,6,9744,9744.0,0,0
422,866,2017,3,5,4405,4405.0,564,93
422,7680,2017,6,5,10805,10805.0,0,0
422,4890,2018,9,5,4008,4008.0,597,93
422,5806,2018,7,6,11732,1732.0,0,0
422,2827,2018,4,6,3336,3336.0,500,0
422,1605,2018,8,3,4127,4127.0,0,0
422,379769,2017,4,6,7957,3957.0,333,100
422,300804,2017,11,0,0,0.0,0,1
422,320164,2018,12,0,0,0.0,0,0
422,390965,2018,3,0,0,0.0,0,0
422,307105,2018,12,0,0,0.0,1,0
422,300391,2018,3,0,0,0.0,0,8
422,338950,2018,7,0,0,0.0,0,0
422,338907,2018,2,0,0,0.0,0,0
422,366635,2018,9,0,0,0.0,0,0
422,368101,2018,7,0,0,0.0,0,0
422,322296,2018,8,0,0,0.0,0,0
422,320100,2018,8,0,788,0.0,0,0
422,350106,2018,9,0,0,0.0,0,0
422,307423,2018,9,0,0,0.0,0,0
422,350326,2018,10,0,0,0.0,0,0
422,360965,2018,12,0,0,0.0,0,0
422,386163,2018,11,0,0,0.0,7,107
423,16365,2018,7,5,10805,10805.0,0,0
423,68859,2018,11,3,7306,7306.0,0,0
423,62176,2018,8,3,7247,7247.0,594,93
423,67807,2018,12,3,4347,4347.0,0,0
423,101303,2017,6,2,4336,4336.0,0,8
423,102406,2017,11,2,4606,4616.0,397,0
423,157687,2018,2,1,1366,1366.0,4,8
423,165867,2018,1,1,1607,1906.0,0,0
423,165133,2018,2,1,835,835.0,4,0
423,160649,2018,1,1,661,661.0,0,0
423,167663,2018,11,1,2133,2133.0,520,0
423,203866,2017,3,0,0,0.0,0,0
423,204296,2017,3,0,0,0.0,0,0
423,207902,2017,1,0,0,0.0,0,0
423,207606,2017,3,0,0,0.0,0,0
423,242691,2017,7,0,0,0.0,0,0
423,255166,2017,9,0,0,0.0,0,0
423,264885,2017,12,0,0,0.0,0,0
423,260717,2017,11,0,0,0.0,0,0
423,267887,2017,11,0,0,0.0,0,0
423,267102,2017,4,0,0,0.0,0,0
423,267696,2018,6,0,0,0.0,0,0
423,267103,2017,10,0,0,0.0,0,0
423,262276,2018,12,0,0,0.0,0,0
424,2206,2017,7,6,10731,10731.0,0,0
424,3808,2018,8,6,4670,4670.0,594,90
424,2669,2017,3,5,4315,4315.0,0,0
424,8908,2018,8,5,4747,4747.0,596,77
424,17108,2018,7,5,10832,832.0,0,0
424,98603,2018,3,2,1388,1388.0,0,0
424,181376,2017,1,1,170,170.0,0,0
424,190882,2017,11,0,0,0.0,0,0
424,196676,2018,2,0,0,0.0,0,8
424,197666,2018,9,0,0,0.0,0,0
424,197895,2018,11,0,0,0.0,9,100
424,192366,2017,5,0,0,0.0,4,9
424,190180,2017,2,0,0,0.0,0,0
424,190006,2017,1,0,0,0.0,0,0
424,207602,2018,12,0,0,0.0,0,0
424,200306,2017,2,0,0,0.0,0,0
424,200607,2018,4,0,0,0.0,0,0
424,213197,2017,3,0,0,0.0,0,0
424,206862,2018,4,0,0,0.0,0,0
424,340663,2018,8,0,0,0.0,0,0
424,354706,2018,9,0,0,0.0,0,0
424,360503,2018,10,0,0,0.0,0,0
424,361661,2018,11,0,0,0.0,0,0
424,396980,2018,12,0,0,0.0,0,0
425,88606,2018,12,3,4131,4171.0,574,93
425,105833,2018,8,2,4830,4830.0,500,0
425,124114,2018,1,2,3987,3987.0,520,1
425,190864,2018,2,1,987,987.0,541,8
425,165902,2018,1,1,4337,4337.0,500,98
425,209805,2017,3,0,0,0.0,0,0
425,207822,2017,2,0,0,0.0,0,0
425,207667,2017,4,0,0,0.0,0,0
425,200886,2017,4,0,0,0.0,0,0
425,207766,2017,5,0,0,0.0,0,0
425,217606,2017,6,0,0,0.0,0,0
425,226578,2017,7,0,0,0.0,0,0
425,237276,2017,6,0,0,0.0,0,0
425,241166,2017,7,0,0,0.0,0,0
425,265602,2017,10,0,0,0.0,0,0
425,268369,2017,11,0,0,0.0,0,4
425,260661,2018,1,0,0,0.0,0,0
425,260497,2017,12,0,0,0.0,0,78
425,260869,2017,11,0,0,0.0,0,0
425,350674,2018,1,0,0,0.0,0,0
425,310233,2018,8,0,0,0.0,0,0
425,320673,2018,5,0,0,0.0,0,0
425,363893,2018,11,0,0,0.0,0,0
425,361763,2018,10,0,0,0.0,0,0
426,8889,2017,8,5,3160,3160.0,0,0
426,5608,2018,8,6,12386,12786.0,0,0
426,5362,2017,5,5,7845,7045.0,5,0
426,1301,2018,6,6,2488,2488.0,0,4
426,197,2018,6,5,4665,4665.0,0,1
426,9608,2017,7,6,4846,4846.0,500,0
426,3803,2018,11,6,14406,4406.0,0,0
426,2696,2017,7,3,3307,3307.0,527,5
426,2403,2018,9,6,10667,667.0,4,0
426,3296,2017,12,0,0,0.0,0,0
426,1813,2017,8,0,10000,0.0,0,0
426,7861,2017,12,0,0,0.0,0,0
426,7808,2018,7,0,0,0.0,0,0
426,6865,2018,5,0,0,0.0,534,0
426,7679,2018,3,0,0,0.0,0,0
426,7806,2018,1,0,0,0.0,0,0
426,6109,2018,3,0,0,0.0,0,0
426,7803,2018,1,0,0,0.0,0,0
426,237695,2018,2,0,0,0.0,4,0
426,33335,2018,1,0,0,0.0,0,0
426,250496,2018,7,0,0,0.0,0,0
426,267191,2018,12,0,0,0.0,7,0
426,277123,2018,11,0,0,0.0,0,1
426,317639,2018,11,0,0,0.0,0,0
427,185285,2018,11,0,0,0.0,0,0
427,193875,2017,1,0,0,0.0,0,0
427,197397,2017,2,0,0,0.0,0,0
427,200876,2017,2,0,0,0.0,0,0
427,207668,2017,3,0,0,0.0,0,0
427,213826,2017,4,0,0,0.0,0,0
427,222885,2017,5,0,0,0.0,0,0
427,238145,2017,7,0,0,0.0,0,0
427,247893,2017,8,0,0,0.0,0,0
427,256807,2017,9,0,0,0.0,0,0
427,262195,2017,10,0,0,0.0,0,0
427,260686,2017,11,0,0,0.0,0,0
427,275965,2018,1,0,0,0.0,0,0
427,276086,2017,12,0,0,0.0,0,0
427,267609,2018,1,0,0,0.0,0,0
427,297287,2018,2,0,0,0.0,0,0
427,297887,2018,3,0,0,0.0,0,0
427,300673,2018,4,0,0,0.0,0,0
427,307504,2018,2,0,0,0.0,0,0
427,307127,2018,3,0,0,0.0,0,0
427,350183,2018,8,0,600,0.0,0,0
427,360203,2018,9,0,0,0.0,0,8
427,370076,2018,11,0,0,0.0,0,0
427,380089,2018,12,0,0,0.0,0,0
428,25337,2017,7,4,4886,4886.0,827,145
428,64735,2017,3,3,4817,4817.0,597,58
428,75672,2018,1,3,3935,3935.0,500,8
428,94973,2018,5,3,2314,2314.0,0,0
428,113101,2018,12,2,2446,2446.0,0,1
428,127169,2018,1,2,2206,2206.0,0,0
428,130186,2018,5,1,1,1.0,0,0
428,163834,2018,2,1,2331,2331.0,6,0
428,167469,2018,11,1,2027,2027.0,524,0
428,167603,2018,2,1,1546,1346.0,558,78
428,165102,2018,9,1,2301,2301.0,800,3
428,180656,2017,1,0,0,0.0,0,0
428,202467,2017,6,0,0,0.0,0,0
428,207106,2017,4,0,0,0.0,0,0
428,205009,2017,3,0,0,0.0,0,0
428,209076,2017,2,0,0,0.0,0,0
428,210400,2017,4,0,0,0.0,0,0
428,217107,2018,5,0,0,0.0,0,0
428,227707,2017,11,0,0,0.0,0,0
428,260167,2017,8,0,0,0.0,596,0
428,263666,2017,10,0,0,0.0,539,103
428,267065,2018,11,0,0,0.0,598,0
428,267876,2018,11,0,0,0.0,0,98
428,277268,2018,12,0,0,0.0,0,0
429,177120,2017,1,0,0,0.0,0,0
429,186872,2018,1,0,0,0.0,0,0
429,101385,2017,2,0,0,0.0,2,0
429,167566,2017,2,0,0,0.0,0,0
429,167802,2017,1,0,0,0.0,0,0
429,167100,2018,3,0,0,0.0,0,0
429,187898,2017,4,0,0,0.0,531,0
429,190366,2017,4,0,0,0.0,0,0
429,197056,2017,3,0,0,0.0,0,0
429,204605,2017,6,0,0,0.0,0,60
429,202102,2017,10,0,0,0.0,0,0
429,209856,2017,6,0,0,0.0,0,0
429,210196,2017,7,0,0,0.0,0,0
429,225406,2017,5,0,0,0.0,0,0
429,227109,2017,1,0,0,0.0,0,0
429,220606,2018,2,0,0,0.0,0,0
429,254101,2018,8,0,0,0.0,0,0
429,260603,2018,9,0,0,0.0,0,0
429,260197,2018,1,0,0,0.0,0,0
429,269106,2018,8,0,0,0.0,0,0
429,260186,2018,2,0,0,0.0,0,0
429,261803,2017,10,0,0,0.0,500,91
429,275166,2017,11,0,0,0.0,0,0
429,309196,2018,12,0,0,0.0,0,0
430,2992,2017,8,6,12880,12880.0,0,0
430,4075,2018,6,6,4716,4716.0,544,58
430,7873,2018,12,5,10835,10835.0,0,1
430,464,2018,7,6,4617,4617.0,0,0
430,5862,2018,7,6,5427,5427.0,0,0
430,7224,2018,12,5,4236,4236.0,0,0
430,566,2018,8,5,10621,621.0,0,0
430,7106,2017,9,6,10665,665.5,0,80
430,14874,2018,3,5,4207,4207.0,0,0
430,24876,2017,11,2,4300,4300.0,0,0
430,30462,2018,7,4,1800,1800.0,0,0
430,32666,2017,11,4,804,804.0,528,141
430,43106,2018,9,4,857,857.0,0,0
430,143866,2018,1,1,968,968.0,0,1
430,156867,2018,2,1,27,27.0,0,1
430,160169,2017,1,1,0,0.0,0,1
430,168805,2018,3,1,2308,908.0,511,108
430,161007,2018,10,1,1608,10808.0,586,0
430,200603,2017,12,0,0,0.0,0,0
430,208867,2018,5,0,8,0.0,0,0
430,219806,2018,1,0,0,0.0,821,71
430,200007,2018,2,0,0,0.0,0,0
430,300374,2018,11,0,0,0.0,586,0
430,347163,2018,6,0,0,0.0,0,0
431,4809,2018,6,6,8662,8661.0,874,198
431,8095,2017,2,5,4805,4805.0,0,0
431,13636,2018,8,5,10830,10830.0,571,128
431,67854,2018,9,3,7641,7641.0,500,0
431,67959,2017,12,3,4333,4333.0,500,0
431,107206,2017,12,2,4336,4336.0,0,91
431,105807,2018,11,2,3716,3716.0,0,0
431,107604,2017,12,2,4706,4706.0,0,0
431,107899,2017,12,2,4138,4138.0,0,0
431,117613,2018,4,2,1804,1804.0,0,0
431,114103,2018,3,2,826,826.0,500,0
431,140104,2017,11,1,613,613.0,0,0
431,156806,2018,6,1,636,636.0,565,0
431,300433,2017,11,0,0,0.0,0,8
431,309803,2018,2,0,0,0.0,0,0
431,327687,2018,1,0,0,0.0,0,1
431,377106,2018,4,0,0,0.0,0,0
431,327402,2018,6,0,0,0.0,427,0
431,337873,2018,7,0,0,0.0,6,100
431,352804,2018,9,0,0,0.0,0,0
431,362105,2018,8,0,0,0.0,0,0
431,362666,2018,1,0,0,0.0,0,0
431,362801,2018,11,0,0,0.0,0,0
431,353103,2018,12,0,0,0.0,0,5
432,5874,2018,8,6,10938,10938.0,0,100
432,1963,2017,3,5,4875,4875.0,0,0
432,14109,2018,5,5,4870,4870.0,0,0
432,25894,2018,6,4,4488,4488.0,0,0
432,52665,2017,1,3,3686,3686.0,500,98
432,50807,2018,2,3,4837,4837.0,0,0
432,64863,2017,10,3,5873,5873.0,0,0
432,67563,2018,5,3,3336,3336.0,500,108
432,98994,2018,7,2,4336,4336.0,0,0
432,97737,2017,4,2,4106,4106.0,0,0
432,107806,2018,9,2,4986,4986.0,594,98
432,107383,2018,1,2,4606,4606.0,0,0
432,101190,2017,4,2,4371,4371.0,0,98
432,107916,2017,8,2,2808,2808.0,0,73
432,108841,2018,2,2,10636,636.0,0,1
432,205633,2017,2,2,4818,4818.0,500,0
432,204107,2017,12,0,0,0.0,524,0
432,261863,2017,6,0,0,0.0,0,8
432,240569,2017,8,0,0,0.0,8,100
432,250105,2018,11,0,0,0.0,0,0
432,267869,2017,11,0,0,0.0,0,0
432,264874,2018,10,0,0,0.0,524,0
432,369866,2018,11,0,0,0.0,0,0
432,352699,2018,12,0,0,0.0,0,1
433,31462,2017,1,4,8720,8720.0,0,0
433,43903,2017,11,3,4687,4687.0,0,0
433,65106,2018,1,3,4607,4607.0,0,0
433,67863,2017,1,3,1363,1363.0,537,148
433,62381,2017,2,3,1967,1967.0,0,0
433,60306,2018,2,3,1233,1233.0,538,101
433,60169,2018,9,3,1336,1336.0,0,0
433,97005,2017,1,2,2386,2386.0,0,0
433,90673,2017,2,3,4286,4286.0,0,0
433,100466,2018,3,2,4667,4667.0,0,0
433,100273,2017,10,0,0,0.0,500,0
433,207664,2017,3,0,0,0.0,0,98
433,207163,2017,4,0,0,0.0,0,0
433,210994,2017,5,0,0,0.0,0,0
433,244193,2017,2,0,0,0.0,0,0
433,257106,2017,9,0,0,0.0,0,0
433,365976,2018,2,0,0,0.0,0,0
433,300131,2018,3,0,0,0.0,0,0
433,361903,2018,1,0,0,0.0,0,0
433,347800,2018,7,0,0,0.0,0,0
433,340416,2018,8,0,0,0.0,0,0
433,363834,2018,9,0,0,0.0,0,0
433,360607,2018,12,0,0,0.0,0,8
433,380183,2018,11,0,0,0.0,0,0
434,18146,2018,8,5,10320,10320.0,0,0
434,25906,2018,6,4,4688,4688.0,0,0
434,51804,2017,4,3,3301,2301.0,0,0
434,64166,2017,11,3,4327,4327.0,0,0
434,62405,2017,10,3,7641,7641.0,328,1
434,69899,2018,2,3,5897,5897.0,528,100
434,64606,2018,11,3,3916,3916.0,0,0
434,61100,2018,7,3,4136,4136.0,0,79
434,64833,2017,11,3,7820,7820.0,0,0
434,167881,2018,1,3,4406,4406.0,0,1
434,175406,2018,6,1,607,607.0,0,0
434,192500,2018,3,0,0,0.0,528,6
434,208166,2017,2,0,0,0.0,0,0
434,201191,2017,8,0,0,0.0,0,0
434,215139,2017,2,0,0,0.0,0,5
434,226492,2017,4,0,0,0.0,0,0
434,245407,2017,7,0,0,0.0,0,0
434,252015,2017,9,0,0,0.0,7,0
434,264802,2017,11,0,0,0.0,0,0
434,260402,2018,8,0,0,0.0,0,0
434,257109,2017,11,0,0,0.0,0,0
434,267100,2017,12,0,0,0.0,500,0
434,260509,2018,11,0,0,0.0,0,0
434,367816,2018,12,0,0,0.0,0,8
435,4791,2018,8,6,15860,16860.0,500,0
435,1873,2018,6,6,14642,14642.0,0,0
435,7366,2017,7,6,4225,4225.0,0,0
435,12606,2018,8,5,7485,10485.0,0,0
435,37906,2018,12,4,4001,4001.0,0,0
435,52106,2017,11,3,7306,7306.0,500,8
435,55106,2018,6,3,4331,4331.0,534,93
435,91815,2017,9,1,2221,2221.0,0,8
435,92808,2018,11,2,807,10807.0,0,0
435,100166,2017,10,2,2178,2178.0,0,0
435,109303,2017,9,0,0,0.0,0,0
435,101894,2017,2,0,0,0.0,0,0
435,117666,2018,6,0,0,0.0,4,0
435,200804,2017,4,0,0,0.0,0,0
435,212267,2017,2,0,0,0.0,534,95
435,227407,2018,3,0,0,0.0,0,0
435,227687,2017,8,0,0,0.0,0,0
435,240403,2018,1,0,0,0.0,0,0
435,267496,2018,2,0,0,0.0,0,0
435,253862,2018,1,0,0,0.0,6,0
435,261660,2017,10,0,0,0.0,0,0
435,260624,2017,11,0,0,0.0,7,0
435,264867,2018,11,0,0,0.0,0,0
435,290428,2018,12,0,0,0.0,500,8
436,1272,2017,7,7,10035,10035.0,0,0
436,5865,2018,6,6,4376,4376.0,0,8
436,3102,2017,8,6,4167,4167.0,300,0
436,876,2017,7,0,88,8.0,0,0
436,7856,2018,7,0,0,0.0,8,8
436,3866,2017,8,0,0,0.0,500,0
436,7868,2018,4,0,0,0.0,545,100
436,9576,2017,8,0,0,0.0,0,0
436,2196,2017,9,0,0,0.0,0,0
436,186,2018,11,0,0,0.0,0,0
436,7879,2017,6,0,0,0.0,0,8
436,1833,2017,5,0,0,0.0,0,0
436,7887,2018,9,0,0,0.0,0,0
436,205607,2018,2,0,0,0.0,0,0
436,200086,2018,8,0,0,0.0,0,0
436,200763,2018,3,0,0,0.0,0,8
436,206336,2018,1,0,0,0.0,0,0
436,202890,2018,2,0,0,0.0,0,0
436,207267,2018,3,0,0,0.0,0,0
436,204106,2018,8,0,0,0.0,0,0
436,302894,2018,5,0,0,0.0,0,0
436,367886,2018,10,0,0,0.0,0,0
436,367804,2018,11,0,0,0.0,0,0
436,300071,2018,12,0,0,0.0,1,0
437,35602,2018,9,4,4846,4846.0,0,0
437,57935,2017,7,3,2617,2617.0,825,100
437,52665,2018,6,3,5886,5886.0,0,0
437,67880,2017,1,3,4806,4806.0,4,0
437,71167,2018,2,3,1796,11896.0,626,58
437,67767,2018,1,3,1829,1829.0,3,100
437,60805,2018,6,3,4807,4807.0,0,0
437,86639,2017,8,3,4606,4606.0,534,2
437,82562,2018,1,3,4803,4803.0,0,50
437,107208,2017,12,2,2826,2826.0,0,8
437,126883,2018,5,2,4331,4331.0,0,2
437,165190,2018,3,1,1623,1623.0,0,0
437,167484,2018,12,1,936,936.0,0,0
437,163506,2018,9,1,816,816.0,0,3
437,186665,2017,1,0,0,0.0,0,0
437,200805,2017,4,0,0,0.0,0,0
437,203979,2017,3,0,0,0.0,0,0
437,237193,2017,8,0,0,0.0,0,0
437,250802,2017,2,0,0,0.0,0,1
437,260907,2017,10,0,600,0.0,0,0
437,240622,2017,6,0,0,0.0,0,0
437,250163,2018,11,0,0,0.0,0,0
437,281566,2018,11,0,0,0.0,0,0
437,280409,2018,12,0,0,0.0,0,0
438,6808,2018,8,6,10607,10607.0,0,0
438,9886,2018,12,5,10375,10375.0,637,98
438,25564,2017,5,4,5208,5208.0,500,0
438,53896,2017,11,3,6533,6533.0,0,0
438,43600,2018,2,3,7167,7167.0,500,0
438,126937,2018,7,2,2830,2830.0,347,71
438,145667,2017,10,1,674,674.0,0,1
438,167617,2018,2,1,628,628.0,528,0
438,169966,2018,9,1,630,630.0,500,2
438,160684,2018,11,1,707,707.0,0,0
438,169106,2018,10,1,2001,2001.0,0,8
438,160102,2018,1,1,607,607.0,561,8
438,184863,2017,1,0,0,0.0,0,0
438,185161,2017,2,0,0,0.0,0,2
438,198103,2017,3,0,0,0.0,0,0
438,195665,2017,12,0,0,0.0,0,1
438,207106,2017,3,0,0,0.0,0,0
438,207876,2017,4,0,0,0.0,0,0
438,201302,2018,3,0,0,0.0,0,0
438,223462,2017,5,0,0,0.0,0,0
438,262206,2017,6,0,0,0.0,0,0
438,269867,2017,12,0,0,0.0,0,0
438,270607,2018,11,0,0,0.0,0,8
438,207606,2018,10,0,0,0.0,4,100
439,184612,2017,1,0,0,0.0,0,0
439,192696,2017,2,0,0,0.0,0,0
439,190882,2017,1,0,0,0.0,0,0
439,190649,2017,3,0,0,0.0,0,0
439,200569,2017,5,0,935,5.0,0,0
439,200106,2017,6,0,0,0.0,556,0
439,200697,2017,7,0,0,0.0,0,0
439,205301,2017,8,0,0,0.0,0,0
439,215717,2017,9,0,0,0.0,0,0
439,217903,2017,10,0,0,0.0,0,0
439,250103,2017,11,0,0,0.0,0,0
439,260006,2017,12,0,0,0.0,0,0
439,210386,2017,2,0,8,8.0,581,100
439,227146,2018,1,0,0,0.0,0,0
439,298606,2018,1,0,0,0.0,562,0
439,309606,2018,2,0,0,0.0,0,0
439,307107,2018,3,0,0,0.0,0,0
439,324016,2018,4,0,0,0.0,0,0
439,337606,2018,6,0,0,0.0,0,0
439,330506,2018,7,0,0,0.0,527,149
439,355803,2018,8,0,0,0.0,0,0
439,367801,2018,10,0,0,0.0,0,0
439,369801,2018,12,0,0,0.0,0,0
439,360332,2018,12,0,0,0.0,0,0
440,86863,2018,11,3,2809,2809.0,567,41
440,163605,2018,10,1,1747,1747.0,0,0
440,226195,2017,2,0,0,0.0,0,1
440,208183,2017,4,0,0,0.0,0,0
440,200669,2017,5,0,0,0.0,0,0
440,207105,2017,6,0,0,0.0,0,0
440,206834,2017,7,0,0,0.0,0,0
440,207863,2017,8,0,0,0.0,0,0
440,231006,2017,6,0,0,0.0,0,0
440,236806,2017,9,0,0,0.0,0,0
440,242508,2017,8,0,0,0.0,0,0
440,257892,2017,9,0,0,0.0,0,0
440,267187,2017,11,0,0,0.0,0,0
440,260106,2017,12,0,0,0.0,0,0
440,260603,2017,12,0,0,0.0,0,0
440,265897,2017,11,0,0,0.0,0,0
440,265616,2017,12,0,0,0.0,0,0
440,290103,2018,3,0,0,0.0,0,0
440,300418,2018,2,0,0,0.0,0,0
440,300303,2018,5,0,0,0.0,0,0
440,302366,2018,8,0,0,0.0,0,0
440,328363,2018,4,0,0,0.0,0,0
440,343894,2018,11,0,0,0.0,0,0
440,360103,2018,12,0,0,0.0,8,0
441,5106,2018,6,6,14301,14301.0,0,0
441,7409,2018,7,6,4328,4328.0,398,50
441,664,2017,1,5,10720,10720.0,0,0
441,15639,2018,8,5,4345,14345.0,510,58
441,24666,2017,9,6,5140,5140.0,0,0
441,23806,2018,2,4,7381,7381.0,0,0
441,67807,2017,10,3,4303,5303.0,0,0
441,67106,2017,12,3,7308,7308.0,521,1
441,100565,2017,3,2,4317,4317.0,0,0
441,100173,2017,9,2,4126,4126.0,0,0
441,107106,2017,11,2,1930,1930.0,0,8
441,104567,2018,8,2,2706,2706.0,700,0
441,102496,2017,4,2,1408,1408.0,0,0
441,107693,2017,1,2,4190,4190.0,0,0
441,109885,2017,10,7,4626,4626.0,568,0
441,104867,2018,2,2,2906,2906.0,0,1
441,107166,2018,9,0,0,0.0,0,0
441,190402,2017,2,0,0,0.0,0,0
441,193894,2018,2,0,0,0.0,0,0
441,207085,2018,3,0,0,0.0,0,0
441,207159,2018,1,0,0,0.0,0,0
441,253202,2018,4,0,0,0.0,0,0
441,265816,2018,10,0,0,0.0,4,0
441,205196,2018,3,0,0,0.0,0,0
442,17470,2018,7,5,5780,5780.0,0,0
442,465,2018,7,7,7047,7047.0,0,0
442,4863,2018,8,6,4780,4780.0,0,0
442,19807,2018,11,5,3327,3327.0,0,0
442,52865,2017,6,3,4101,4101.0,0,0
442,65806,2017,3,3,4687,4687.0,593,60
442,62100,2017,2,3,2866,2866.0,0,0
442,104866,2018,9,2,4488,4488.0,0,1
442,100505,2017,12,2,4178,4178.0,0,1
442,107866,2018,5,2,4626,10626.0,0,0
442,102600,2017,1,2,4106,4106.0,531,0
442,100505,2017,12,2,4606,4606.0,0,0
442,108054,2017,10,0,0,0.0,0,0
442,197096,2017,2,0,0,0.0,4,0
442,193863,2017,4,0,0,0.0,584,0
442,207136,2017,3,0,0,0.0,0,0
442,200466,2017,3,0,0,0.0,0,0
442,205206,2018,4,0,0,0.0,0,0
442,200616,2018,2,0,0,0.0,0,0
442,242462,2017,8,10,0,0.0,500,0
442,257895,2018,2,0,0,0.0,0,93
442,269946,2017,10,0,0,0.0,0,1
442,266288,2018,11,0,0,0.0,7,0
442,204103,2018,12,0,0,0.0,0,0
443,5166,2018,7,6,4816,4816.0,556,99
443,7676,2017,3,5,5415,5415.0,0,0
443,28866,2017,12,5,1685,1685.0,0,0
443,24837,2018,8,4,3390,3390.0,5,0
443,50660,2017,5,3,4007,4007.0,534,0
443,60895,2017,7,3,2877,2877.0,0,0
443,60108,2018,11,3,861,861.0,0,0
443,96507,2017,1,2,2447,2447.0,0,0
443,97134,2018,2,2,4961,4961.0,0,0
443,107902,2018,11,3,3028,3028.0,1,109
443,107633,2017,10,2,4216,4216.0,0,0
443,100903,2017,12,2,2746,2746.0,0,0
443,105605,2017,11,2,3696,3696.0,0,0
443,100163,2017,4,2,4390,4390.0,0,0
443,106903,2017,11,1,888,888.0,594,0
443,101832,2017,12,0,0,0.0,0,8
443,204954,2017,3,0,0,0.0,0,68
443,207853,2018,2,0,0,0.0,0,1
443,207168,2018,3,0,0,0.0,0,0
443,201582,2018,4,0,0,0.0,0,0
443,200694,2018,8,0,0,0.0,0,96
443,307107,2018,3,0,0,0.0,0,0
443,300180,2018,11,0,0,0.0,0,5
443,310664,2018,2,0,0,0.0,0,1
444,180697,2018,12,15,2655,9655.0,0,0
444,165185,2018,1,1,801,801.0,0,0
444,105697,2018,2,0,0,0.0,0,0
444,207195,2017,3,0,0,0.0,0,0
444,202666,2017,4,0,0,0.0,0,0
444,227169,2017,3,0,0,0.0,0,0
444,221865,2017,4,0,0,0.0,0,0
444,237633,2017,5,0,0,0.0,0,0
444,240606,2017,6,0,0,0.0,0,0
444,257606,2017,7,0,0,0.0,0,0
444,237389,2017,8,0,0,0.0,0,0
444,235886,2017,12,0,0,0.0,7,0
444,259859,2017,9,0,0,0.0,0,0
444,256203,2017,9,0,0,0.0,0,0
444,265196,2017,11,0,0,0.0,0,0
444,263902,2017,11,0,0,0.0,0,0
444,263667,2018,1,0,0,0.0,0,0
444,267193,2017,12,0,0,0.0,0,0
444,285091,2018,1,0,0,0.0,0,0
444,287801,2018,2,0,0,0.0,0,0
444,297600,2018,2,0,0,0.0,0,1
444,304103,2018,3,0,0,0.0,0,0
444,313401,2018,11,0,0,0.0,0,0
444,342694,2018,1,0,0,0.0,8,0
445,17977,2018,7,12,7426,7426.0,591,88
445,60235,2018,8,3,4716,4716.0,0,0
445,60765,2017,11,3,3907,3907.0,0,0
445,82808,2018,9,3,3800,3800.0,597,98
445,110150,2018,1,2,2236,2236.0,0,0
445,155196,2018,2,3,4106,4106.0,9,0
445,307867,2018,5,0,1,1.0,0,0
445,321104,2018,2,0,0,0.0,0,0
445,325884,2018,6,0,0,0.0,595,0
445,325569,2018,5,0,0,0.0,0,3
445,397603,2017,6,0,0,0.0,0,0
445,325816,2017,11,0,0,0.0,0,0
445,337195,2018,7,0,0,0.0,0,0
445,365105,2017,5,0,0,0.0,0,0
445,364102,2018,8,0,0,0.0,0,0
445,369543,2018,12,0,0,0.0,7,0
445,347046,2018,18,0,0,0.0,0,0
445,361109,2018,9,0,0,0.0,0,0
445,367645,2018,11,0,0,0.0,0,0
445,360167,2018,10,0,0,0.0,0,0
445,363103,2018,11,0,0,0.0,0,8
445,367885,2018,10,0,0,0.0,568,0
445,307678,2018,11,0,0,0.0,6,100
445,362104,2018,12,0,0,0.0,0,0
445,363085,2018,12,0,0,0.0,0,0
445,365675,2018,12,0,0,0.0,590,0
445,327102,2018,2,0,0,0.0,0,0
445,361267,2018,1,0,0,0.0,0,0
445,327409,2018,2,0,0,0.0,0,8
445,325678,2018,12,0,600,0.0,0,0
445,357606,2018,11,0,0,0.0,1,8
445,350406,2018,2,0,0,0.0,5,0
445,337116,2018,6,0,0,0.0,5,0
445,360206,2018,1,0,0,0.0,534,0
445,367102,2018,1,0,0,0.0,0,0
445,340618,2018,3,0,0,0.0,0,0
445,337313,2018,8,0,34800,0.0,0,0
445,316607,2018,7,0,0,0.0,0,8
445,360621,2018,9,0,0,0.0,0,0
445,355962,2018,1,26,34386,0.0,0,0
445,367167,2018,8,4,0,0.0,0,0
445,387705,2018,9,0,0,0.0,0,0
445,360807,2018,12,12,0,0.0,0,0
445,365701,2018,11,0,0,0.0,0,0
445,365103,2018,9,0,0,0.0,0,0
445,350833,2018,1,0,700,0.0,566,0
445,362892,2018,2,0,0,0.0,0,0
445,397605,2018,12,0,0,0.0,0,0
446,1266,2018,6,7,10441,441.0,0,0
446,63689,2017,2,3,4967,4967.0,500,0
446,60609,2018,9,3,4646,4646.0,510,91
446,67007,2018,9,3,4716,4716.0,1,0
446,60060,2018,11,3,4043,4043.0,528,98
446,95892,2017,8,3,1606,1606.0,0,0
446,97666,2017,3,2,3186,3186.0,4,8
446,94303,2018,2,2,4266,4266.0,0,0
446,100906,2017,2,2,4316,4316.0,0,8
446,105396,2018,3,2,2236,2236.0,0,0
446,105889,2017,12,2,4306,4306.0,0,0
446,100269,2017,11,2,4411,4411.0,0,4
446,106196,2018,10,2,4328,4328.0,0,5
446,105867,2018,2,2,4368,4368.0,0,0
446,109807,2017,4,2,2361,2361.0,0,0
446,105280,2017,12,2,2731,2131.0,0,0
446,140566,2018,11,1,841,841.0,537,1
446,211104,2018,5,0,0,0.0,0,0
446,228301,2017,6,0,0,0.0,0,0
446,261873,2017,11,0,0,0.0,524,0
446,202106,2018,9,0,0,0.0,0,0
446,200103,2018,3,0,0,0.0,0,0
446,255406,2018,1,0,0,0.0,4,0
446,205867,2018,12,0,0,0.0,0,3
447,15676,2018,1,5,5705,5705.0,0,0
447,187655,2018,10,1,2447,2447.0,390,6
447,189806,2017,2,1,647,647.0,500,0
447,192893,2017,1,0,0,0.0,0,0
447,195866,2017,2,0,0,0.0,0,0
447,205993,2017,3,0,0,0.0,0,0
447,204087,2017,4,0,0,0.0,0,0
447,217802,2017,4,0,0,0.0,0,0
447,224315,2017,5,0,0,0.0,0,0
447,251685,2017,6,0,0,0.0,0,8
447,260687,2017,9,0,0,0.0,0,0
447,268627,2017,10,0,0,0.0,0,0
447,260600,2017,11,0,0,0.0,0,0
447,260139,2017,12,0,0,0.0,0,0
447,272975,2017,12,0,0,0.0,0,0
447,283003,2018,2,0,0,0.0,0,0
447,297123,2018,1,0,0,0.0,0,0
447,304695,2018,3,0,0,0.0,0,0
447,310876,2018,4,0,0,0.0,0,0
447,343377,2018,8,0,0,0.0,0,0
447,350656,2018,9,0,0,0.0,0,0
447,360809,2018,10,0,0,0.0,0,0
447,360193,2018,11,0,0,0.0,564,0
447,361683,2018,12,0,0,0.0,0,0
448,4106,2018,6,6,4606,4606.0,0,0
448,7666,2018,7,5,5665,5665.0,0,0
448,1663,2017,8,6,11812,11812.0,531,0
448,606,2017,7,6,4806,4806.0,0,0
448,1809,2018,8,6,10132,132.0,324,48
448,483,2017,6,5,4301,4301.0,4,93
448,666,2017,12,0,0,0.0,0,0
448,5171,2017,2,0,0,0.0,0,0
448,4335,2017,9,0,0,0.0,0,0
448,664,2018,11,0,0,0.0,0,8
448,405,2017,12,0,0,0.0,328,0
448,200866,2018,5,0,0,0.0,0,0
448,200887,2017,7,0,0,0.0,0,0
448,201953,2017,3,0,0,0.0,0,0
448,207133,2017,1,0,0,0.0,0,0
448,207861,2018,4,0,0,0.0,0,0
448,207096,2018,5,0,0,0.0,0,2
448,200480,2018,6,0,0,0.0,384,0
448,204066,2018,7,0,0,0.0,0,0
448,300605,2018,8,0,0,0.0,0,98
448,307863,2018,8,0,0,0.5,434,98
448,300026,2018,1,0,0,0.0,0,0
448,301297,2018,8,0,0,0.0,0,0
448,310163,2018,12,0,0,0.0,0,0
449,187682,2017,1,0,0,0.0,0,0
449,197701,2017,2,0,0,0.0,0,0
449,100106,2017,3,0,0,0.0,0,0
449,204186,2017,4,0,0,0.0,0,0
449,200603,2017,5,0,0,0.0,0,0
449,217126,2017,6,0,0,0.0,0,0
449,239108,2017,7,0,0,0.0,0,0
449,247088,2017,8,0,0,0.0,0,0
449,256894,2017,9,0,0,0.0,0,0
449,265896,2017,11,0,0,0.0,0,0
449,260806,2017,12,0,0,0.0,0,0
449,266863,2017,11,0,0,0.0,0,0
449,263831,2017,12,0,7,0.0,0,0
449,298802,2018,1,0,0,0.0,0,0
449,305106,2018,12,0,0,0.0,0,0
449,315003,2018,11,0,0,0.0,0,0
449,321607,2018,3,0,0,0.0,0,0
449,336196,2018,4,0,0,0.0,0,0
449,342206,2018,7,0,0,0.0,0,0
449,353803,2018,8,0,0,0.0,0,0
449,362463,2018,9,0,0,0.0,0,0
449,365174,2018,10,0,0,0.0,0,0
449,387176,2018,11,0,0,0.0,0,0
449,367145,2018,12,0,0,0.0,0,0
450,665,2017,7,5,18795,18795.0,0,0
450,66866,2018,6,3,7636,7636.0,0,0
450,62593,2017,11,3,3806,3806.0,0,0
450,87104,2018,8,3,1609,1609.0,560,71
450,102803,2018,1,2,4317,20317.0,0,0
450,107887,2018,3,2,2036,2036.0,0,0
450,117663,2018,2,2,2223,2223.0,0,0
450,177635,2018,1,1,721,728.0,0,0
450,369032,2018,2,1,631,631.0,0,0
450,327800,2018,4,0,4,0.0,0,0
450,367807,2017,1,0,0,0.0,0,0
450,367670,2017,11,0,0,0.0,0,0
450,365371,2018,5,0,0,0.0,0,0
450,360169,2017,2,0,0,0.0,0,0
450,369805,2018,8,0,0,0.0,0,0
450,368866,2018,9,0,0,0.0,0,0
450,362607,2018,4,0,0,0.0,0,0
450,367803,2018,12,0,0,0.0,0,0
450,364806,2018,11,0,0,0.0,0,0
450,360101,2018,9,0,0,0.0,0,0
450,367066,2018,3,0,0,0.0,0,91
450,360466,2018,12,0,0,0.0,568,0
450,360696,2017,3,0,0,0.0,0,0
450,364661,2018,12,0,0,0.0,0,0
451,4108,2018,6,6,13600,13600.0,1,141
451,7836,2017,8,6,24651,4651.0,547,8
451,7413,2018,7,5,5415,5415.0,391,108
451,29493,2018,9,6,14247,4247.0,0,0
451,1806,2018,2,3,3731,3731.0,0,0
451,101884,2018,11,2,4805,4805.0,0,0
451,101823,2018,2,2,4386,4386.0,0,0
451,156819,2018,8,1,2638,2638.0,0,0
451,160894,2017,10,1,2011,2011.0,500,0
451,160361,2018,11,1,1398,1392.0,548,8
451,162896,2018,12,1,2391,2391.0,0,1
451,180661,2018,11,0,0,0.0,0,0
451,197836,2018,1,0,0,0.0,524,0
451,204635,2017,3,0,0,0.0,0,0
451,207097,2017,4,0,0,0.0,18,8
451,200976,2017,3,0,0,0.0,0,0
451,207666,2017,2,0,0,0.0,0,0
451,233606,2017,6,0,0,0.0,564,0
451,243153,2018,6,0,0,0.0,0,0
451,245905,2018,7,0,0,0.0,0,141
451,263699,2018,8,0,0,0.0,0,8
451,265105,2017,10,0,0,0.0,0,0
451,267102,2018,11,0,0,0.0,0,0
451,205885,2018,12,0,0,0.0,0,0
452,177699,2017,1,0,0,0.0,0,0
452,187262,2017,2,0,0,0.0,0,0
452,109166,2017,3,0,0,0.0,0,0
452,187888,2017,1,0,0,0.0,0,0
452,195152,2017,5,0,0,0.0,0,0
452,309083,2018,6,0,0,0.0,500,0
452,301191,2017,7,0,0,0.0,0,0
452,310888,2017,4,0,0,0.0,0,0
452,325993,2017,8,0,0,0.0,0,0
452,327428,2017,9,0,8,0.0,0,0
452,320606,2018,11,0,0,0.0,0,0
452,322177,2017,6,0,0,0.0,0,0
452,360118,2017,7,0,0,0.0,0,0
452,320486,2018,2,10,0,0.0,0,0
452,322205,2018,5,0,0,0.0,0,0
452,323196,2018,7,0,0,0.0,0,8
452,320693,2018,8,0,0,0.0,0,0
452,337183,2018,8,0,0,0.0,0,0
452,340996,2018,7,0,0,0.0,0,0
452,347603,2018,8,0,0,0.0,0,0
452,320106,2018,5,0,0,0.0,0,0
452,344763,2018,10,0,0,0.0,526,0
452,340727,2018,11,0,0,0.0,0,0
452,325695,2018,12,0,0,0.0,0,0
453,6889,2018,8,6,15726,15726.0,577,93
453,70111,2018,2,3,12338,12338.0,500,1
453,100809,2018,8,2,4801,4801.0,500,0
453,124107,2018,4,2,1866,1866.0,0,0
453,160869,2018,11,1,626,626.0,4,8
453,180178,2018,12,0,0,0.0,4,0
453,190806,2017,1,0,0,0.0,0,0
453,190090,2017,2,0,0,0.0,0,0
453,190106,2017,3,0,0,0.0,0,0
453,207605,2017,2,0,0,0.0,0,0
453,204561,2017,4,0,0,0.0,0,0
453,110662,2017,5,0,0,0.0,0,0
453,225886,2017,6,0,0,0.0,0,0
453,228163,2017,5,0,0,0.0,0,0
453,237073,2018,7,0,0,0.0,0,0
453,247467,2017,8,0,0,0.0,0,0
453,257885,2017,9,0,0,0.0,0,0
453,269099,2017,11,0,0,0.0,0,8
453,261106,2018,1,0,0,0.0,0,0
453,265290,2017,11,0,0,0.0,0,0
453,268365,2017,10,0,0,0.0,0,0
453,260680,2018,10,0,0,0.0,0,0
453,266199,2018,11,0,0,0.0,0,1
453,267899,2018,12,0,0,0.0,0,0
454,180787,2017,1,0,0,0.0,0,0
454,197699,2017,2,0,0,0.0,0,0
454,90916,2017,3,0,0,0.0,0,0
454,209705,2017,4,0,0,0.0,0,0
454,213133,2017,5,0,0,0.0,0,0
454,222126,2017,6,0,0,0.0,0,0
454,237663,2017,4,0,0,0.0,0,0
454,240001,2017,7,0,0,0.0,0,0
454,259106,2017,8,0,0,0.0,0,0
454,267607,2017,10,0,0,0.0,0,0
454,263696,2017,12,0,0,0.0,0,0
454,260602,2017,11,0,0,0.0,0,0
454,267408,2017,12,0,0,0.0,0,0
454,286398,2018,1,0,0,0.0,0,0
454,211102,2018,3,0,0,0.0,0,0
454,205372,2018,4,0,0,0.0,0,0
454,207181,2018,5,0,0,0.0,0,0
454,250303,2018,9,0,0,0.0,0,0
454,267006,2018,8,0,68,0.0,0,0
454,260703,2018,9,0,0,0.0,0,0
454,267206,2018,12,0,0,0.0,0,0
454,267106,2018,11,0,0,0.0,0,0
454,365835,2018,11,0,0,0.0,0,0
454,367192,2018,12,0,0,0.0,7,0
455,1889,2017,6,6,4665,4665.0,594,93
455,11666,2018,8,5,4630,4630.0,516,91
455,27606,2018,11,5,5630,5630.0,0,0
455,47662,2018,12,4,4822,4822.0,500,8
455,45186,2018,1,4,7386,7386.0,0,8
455,85866,2018,11,3,4407,4407.0,0,8
455,103968,2018,11,2,4306,4306.0,0,0
455,107105,2017,2,2,2016,2086.0,0,0
455,145069,2017,9,1,2435,2435.0,0,0
455,157809,2018,1,1,707,707.0,597,0
455,165616,2018,9,1,178,778.0,510,0
455,167663,2018,5,1,1723,1723.0,564,0
455,309665,2017,1,0,0,0.0,0,0
455,305193,2017,2,0,0,0.0,0,0
455,301003,2018,2,0,0,0.0,0,0
455,305660,2018,1,0,0,0.0,0,0
455,302899,2017,3,0,0,0.0,0,0
455,325372,2018,6,0,0,0.0,0,0
455,350566,2018,3,0,0,0.0,0,1
455,302006,2018,4,0,0,0.0,0,0
455,307904,2018,7,0,0,0.0,0,0
455,327686,2018,5,0,0,0.0,390,0
455,320806,2018,8,0,0,0.0,0,0
455,355106,2018,12,0,0,0.0,596,102
456,13198,2017,12,5,7605,7605.0,0,0
456,17843,2018,8,5,7615,7615.0,644,108
456,47803,2018,11,8,7332,7332.0,500,98
456,51396,2018,5,3,2688,2688.0,0,0
456,61606,2018,1,3,3633,3633.0,544,0
456,68999,2017,5,3,2836,2836.0,0,0
456,84866,2018,1,3,2801,2801.0,0,0
456,91853,2017,1,3,4617,4617.0,0,0
456,101197,2017,6,2,3287,3287.0,0,0
456,102626,2017,9,2,2831,2831.0,0,0
456,100561,2018,8,2,4826,4826.0,0,0
456,102966,2018,7,2,4696,4696.0,0,0
456,106607,2017,12,2,2305,2305.0,0,0
456,107703,2018,9,2,2027,2027.0,0,0
456,107167,2018,2,2,3338,3338.0,0,0
456,204933,2017,10,0,0,0.0,0,0
456,209103,2017,3,0,0,0.0,520,0
456,206886,2018,2,0,0,0.0,520,8
456,201106,2018,4,0,0,0.0,0,0
456,305873,2018,6,0,0,0.0,0,8
456,326695,2018,7,0,0,0.0,0,0
456,364196,2018,11,0,0,0.0,0,0
456,375866,2018,11,0,0,0.0,0,0
456,302187,2018,12,0,0,0.0,0,8
457,21101,2018,8,4,5800,5800.0,0,0
457,67337,2017,9,3,4471,4471.0,516,88
457,64802,2017,10,3,4617,4614.0,531,98
457,90863,2017,1,3,3349,3349.0,594,98
457,99845,2017,2,2,4628,4628.0,596,105
457,150332,2018,2,1,621,621.0,0,1
457,164664,2018,1,1,703,703.0,0,0
457,167170,2018,11,1,217,417.0,0,9
457,165866,2018,11,1,1801,1901.0,0,0
457,165302,2018,2,1,691,691.0,394,0
457,179266,2018,2,1,137,137.0,394,1
457,163862,2018,6,1,1306,1306.0,500,8
457,184397,2017,1,0,0,0.0,0,1
457,187093,2017,1,0,0,0.0,0,0
457,197505,2017,2,0,0,0.0,0,0
457,200696,2017,3,0,0,0.0,0,0
457,201968,2017,4,0,0,0.0,0,0
457,217176,2018,5,0,0,0.0,0,98
457,227166,2018,6,0,0,0.0,0,0
457,310669,2018,5,0,0,0.0,0,0
457,320104,2018,7,0,0,0.0,0,0
457,322160,2018,8,0,0,0.0,531,1
457,337186,2018,8,0,0,0.0,0,0
457,300909,2018,11,0,0,0.0,0,0
458,7108,2018,8,7,11497,11497.0,521,90
458,10565,2018,7,5,5805,5805.0,0,0
458,85826,2018,6,3,3807,3807.0,500,6
458,195853,2017,3,2,2146,2146.0,0,0
458,160802,2018,9,1,2407,2407.0,0,8
458,165003,2018,12,1,901,901.0,0,0
458,168666,2018,1,1,641,641.0,0,0
458,160695,2018,2,1,2678,2978.5,567,1
458,169203,2017,1,1,888,888.0,4,0
458,167631,2017,9,1,801,801.0,0,0
458,165103,2017,1,1,821,821.0,0,0
458,160836,2018,1,1,931,931.0,0,0
458,167169,2018,10,1,638,938.0,568,0
458,163187,2018,1,1,765,765.0,0,0
458,163102,2018,1,1,801,801.0,504,0
458,167494,2017,2,0,0,0.0,326,0
458,163876,2018,8,0,0,0.0,0,0
458,167703,2018,2,0,0,0.0,0,1
458,195406,2017,4,0,0,0.0,0,0
458,200109,2017,3,0,0,0.0,0,0
458,207466,2017,4,0,0,0.0,0,0
458,207109,2018,2,12,0,0.0,394,0
458,204806,2017,10,0,0,0.0,0,100
458,203896,2018,11,0,0,0.0,0,0
459,4165,2017,6,6,4695,4695.0,0,0
459,7308,2018,3,5,8870,8870.0,0,0
459,7402,2018,7,5,2830,2830.0,545,91
459,7369,2017,7,5,2285,2285.0,0,0
459,60092,2017,5,3,5663,5663.0,0,0
459,61329,2017,6,3,4306,4306.0,500,8
459,107783,2017,7,2,2806,2806.0,4,2
459,108602,2017,12,2,2306,2306.0,591,0
459,106699,2017,10,2,2036,12036.0,500,0
459,107806,2018,11,2,4646,6646.0,0,8
459,107603,2018,2,2,4806,4806.0,4,0
459,109166,2017,10,2,1896,1896.0,676,0
459,104869,2018,8,2,2188,2188.0,833,90
459,101695,2017,11,2,4367,4367.0,0,0
459,100844,2017,8,2,863,863.0,514,91
459,103104,2018,1,2,4396,4396.0,0,0
459,100108,2018,2,2,2301,2301.0,624,0
459,106166,2017,11,2,4877,4867.0,500,0
459,200000,2018,1,0,0,0.0,507,90
459,203102,2018,3,0,0,0.0,524,0
459,207998,2018,4,0,0,0.0,0,0
459,209981,2017,12,0,0,0.0,0,1
459,207366,2018,8,0,0,0.0,0,96
459,304605,2018,11,0,0,0.0,2,108
460,12705,2018,8,5,7625,7625.0,0,100
460,63693,2018,11,3,7105,7105.0,0,0
460,64867,2018,2,3,4933,4933.0,0,0
460,106852,2017,6,2,3340,3340.0,507,20
460,108060,2018,9,2,4100,4100.0,524,98
460,107667,2017,10,2,1612,1612.0,524,78
460,100606,2017,12,2,4388,4388.0,564,8
460,107686,2017,11,2,1892,1892.0,0,98
460,100449,2017,7,2,14412,4412.0,538,108
460,105195,2018,1,1,640,640.0,500,78
460,143116,2017,2,1,681,681.0,0,0
460,157896,2018,2,1,676,676.0,0,0
460,182174,2017,1,0,0,0.0,0,0
460,195660,2017,2,0,0,0.0,596,0
460,209263,2017,3,0,0,0.0,0,0
460,200803,2017,4,0,0,0.0,0,0
460,200808,2018,4,0,0,0.0,0,6
460,204031,2018,4,0,0,0.0,0,8
460,246130,2018,7,0,0,0.0,0,0
460,257167,2017,9,0,0,0.0,0,0
460,250865,2017,6,0,0,0.0,510,8
460,261107,2017,10,0,0,0.0,0,8
460,263866,2018,11,0,0,0.0,0,0
460,305487,2018,12,0,0,0.0,0,1
461,4060,2018,7,6,11866,11866.0,528,98
461,5602,2018,6,6,12806,12806.0,0,0
461,7395,2018,3,5,3825,3825.0,500,0
461,67838,2017,7,3,4217,4217.0,564,98
461,67609,2017,10,3,4347,4347.0,0,0
461,65863,2017,11,3,4316,4316.0,504,0
461,72152,2018,8,3,4131,4131.0,518,0
461,79884,2018,2,3,5498,5498.0,0,0
461,107699,2017,1,2,4786,4786.0,0,3
461,100873,2017,7,2,4336,4336.0,0,0
461,109106,2018,6,2,22874,2874.0,764,0
461,113762,2018,1,2,4418,4418.0,4,0
461,128107,2018,9,2,1641,1641.0,510,8
461,129095,2018,5,2,4786,4786.0,526,91
461,127806,2018,6,2,3466,3466.0,7,0
461,150016,2018,1,1,806,806.0,524,8
461,160192,2018,2,1,2607,2600.0,594,0
461,167098,2018,8,1,793,796.0,0,99
461,167463,2018,10,1,703,333.0,528,1
461,167806,2018,12,1,696,685.0,500,98
461,365976,2018,12,1,600,736.0,595,3
461,360261,2018,10,1,606,6.0,0,8
461,370636,2018,11,0,8,6.0,521,1
461,367662,2018,12,0,10,2.0,4,9
462,88666,2017,1,3,3297,3297.0,0,0
462,69105,2018,1,3,1789,2789.0,507,0
462,137604,2018,2,2,4305,4305.0,534,78
462,168859,2018,9,1,1346,1346.0,0,0
462,164957,2018,1,1,701,701.0,0,0
462,189999,2017,2,1,701,701.0,0,0
462,327003,2017,3,0,0,0.0,567,101
462,347809,2017,8,0,0,0.0,1,0
462,350860,2017,3,0,0,0.0,512,0
462,361107,2017,4,0,0,0.0,75,98
462,360892,2017,6,0,0,0.0,0,78
462,367166,2017,5,0,0,0.0,0,0
462,364608,2018,8,0,0,0.0,0,0
462,367106,2018,1,0,0,0.0,0,0
462,367866,2017,12,0,0,0.0,0,0
462,360117,2018,6,0,0,0.0,0,0
462,366176,2017,11,0,0,0.0,0,0
462,360503,2018,12,0,0,0.0,0,0
462,360096,2018,9,0,0,0.0,0,0
462,367009,2018,2,0,0,0.0,0,0
462,366165,2018,1,0,0,0.0,0,8
462,367108,2018,11,0,0,0.0,500,0
462,340834,2018,11,0,0,0.0,0,0
462,360163,2018,11,0,0,0.0,0,0
463,15626,2018,12,5,6775,6775.0,0,0
463,4163,2018,6,5,10005,10005.0,0,0
463,42626,2017,9,4,7836,7836.0,0,0
463,57906,2017,12,3,7861,7861.0,500,1
463,67867,2018,1,3,4667,6667.0,0,0
463,85306,2018,1,3,4301,4301.0,2,100
463,167664,2018,1,1,830,830.0,0,0
463,166048,2018,6,1,807,807.0,0,0
463,195696,2017,3,0,0,0.0,0,0
463,196005,2017,4,0,0,0.0,0,0
463,196809,2017,2,0,0,0.0,0,0
463,192166,2017,5,0,0,0.0,0,0
463,200805,2017,2,0,0,0.0,0,0
463,200716,2017,8,0,0,0.0,0,0
463,215886,2017,5,0,0,0.0,0,0
463,220096,2017,7,0,0,0.0,0,0
463,233666,2018,6,0,0,0.0,0,0
463,263000,2017,11,0,0,0.0,0,0
463,261134,2017,11,0,0,0.0,0,0
463,310685,2018,8,0,0,0.0,0,3
463,327796,2018,8,0,0,0.0,0,0
463,360286,2018,9,0,0,0.0,0,0
463,362608,2018,11,0,0,0.0,0,0
463,360090,2018,12,0,0,0.0,0,1
464,4102,2018,8,6,12096,12096.0,534,140
464,1869,2017,2,5,14385,14385.0,668,101
464,17706,2018,12,15,4985,4985.0,0,0
464,92874,2018,3,3,4006,4006.0,0,8
464,92836,2018,5,2,4316,4316.0,0,0
464,98606,2018,1,2,3806,3806.0,0,0
464,100282,2018,1,2,4816,4816.0,500,0
464,157503,2018,1,1,2826,2826.5,504,91
464,161092,2018,11,1,830,830.0,0,0
464,160697,2018,2,1,36,36.0,0,0
464,167803,2018,1,1,2274,3274.0,0,0
464,165001,2018,9,1,2216,2816.0,524,8
464,208696,2018,9,0,0,0.0,0,0
464,200163,2017,2,0,0,0.0,0,0
464,209810,2017,3,0,0,0.0,0,0
464,200606,2017,4,0,0,0.0,500,0
464,209866,2017,3,0,0,0.0,0,0
464,217967,2017,4,0,0,0.0,0,0
464,243105,2018,2,0,0,0.0,0,0
464,250168,2017,8,0,0,0.0,4,0
464,254606,2017,9,0,0,0.0,0,0
464,260808,2017,10,0,0,0.0,831,0
464,215892,2018,11,0,0,0.0,544,0
464,210807,2018,12,0,0,0.0,0,8
465,2116,2018,6,6,7926,7926.0,0,0
465,7806,2017,7,6,4006,4006.0,0,0
465,4073,2017,3,5,3800,3800.0,0,0
465,57396,2017,8,3,4301,4301.0,0,0
465,67965,2018,8,3,3338,3338.0,500,0
465,68865,2017,10,3,4876,4876.0,534,100
465,60296,2018,1,3,4637,6637.0,0,3
465,62296,2018,4,3,7847,7847.0,0,0
465,60466,2017,12,3,4138,4138.0,0,0
465,70864,2018,4,3,2187,2187.0,545,8
465,107107,2017,11,2,1888,1888.0,500,0
465,100163,2017,6,2,2418,6418.0,590,93
465,104506,2018,3,2,3388,3388.0,0,0
465,103906,2017,12,2,3667,3667.0,0,0
465,107996,2017,11,2,1267,1267.0,0,0
465,100166,2017,3,2,2308,2308.0,500,0
465,207169,2018,5,0,0,0.0,525,2
465,200008,2017,6,0,0,0.0,0,0
465,217102,2017,8,0,0,0.0,0,0
465,237507,2018,2,0,0,0.0,0,0
465,242935,2017,7,0,0,0.0,0,0
465,262386,2018,8,0,0,0.0,524,3
465,260663,2018,11,0,0,0.0,0,0
465,260303,2018,12,0,0,0.0,0,8
466,15466,2018,5,5,12490,12490.0,0,0
466,21865,2017,8,4,4128,4728.0,666,68
466,30657,2017,2,5,10536,10536.0,0,0
466,52266,2017,11,3,4881,4881.0,0,0
466,62605,2018,1,3,2321,2321.0,367,0
466,67863,2018,3,3,1608,1608.0,0,0
466,64007,2017,12,3,4276,4276.0,0,0
466,167660,2018,11,3,4066,4066.0,0,8
466,130886,2018,1,1,731,731.0,0,0
466,167607,2018,1,1,601,601.0,0,0
466,167869,2018,8,1,371,371.5,534,0
466,163106,2018,2,1,861,861.0,524,0
466,165167,2018,9,1,917,917.0,524,8
466,160186,2018,12,1,1316,1316.0,524,108
466,205892,2017,5,0,0,0.0,0,0
466,207173,2017,7,0,0,0.0,0,0
466,200106,2018,3,0,0,0.0,0,0
466,222905,2017,6,0,0,0.0,0,0
466,250683,2017,9,0,0,0.0,0,0
466,265808,2017,11,0,0,0.0,0,0
466,267886,2017,11,0,0,0.0,0,0
466,267800,2017,11,0,0,0.0,0,0
466,363896,2018,11,0,0,0.0,465,0
466,312003,2018,12,0,0,0.0,534,0
467,24607,2017,3,4,9680,9680.0,577,93
467,47823,2018,7,4,7300,8300.0,0,0
467,54106,2018,1,3,2137,2137.0,564,58
467,62506,2017,2,3,6263,6263.0,8,8
467,60305,2017,8,3,2338,2338.0,0,8
467,94203,2017,6,3,5313,5313.0,0,0
467,107162,2018,8,2,4314,4314.0,0,0
467,167666,2017,10,1,741,741.0,590,1
467,167702,2018,6,1,2831,2831.0,0,0
467,166107,2018,1,1,1894,1894.0,598,100
467,165639,2018,2,1,2147,2147.0,597,8
467,167363,2018,11,1,886,886.0,594,0
467,300868,2018,2,0,0,0.0,8,0
467,347177,2018,7,0,0,0.0,0,3
467,367069,2018,9,0,0,0.0,0,0
467,361161,2018,10,0,0,0.0,0,8
467,362602,2017,12,0,0,0.0,0,0
467,367673,2018,1,0,0,0.0,0,0
467,360367,2017,1,0,0,0.0,0,0
467,360860,2018,2,0,0,0.0,0,91
467,360690,2018,3,0,0,0.0,0,0
467,365102,2018,10,0,0,0.0,0,0
467,370832,2018,19,0,0,0.0,0,0
467,362564,2018,6,0,0,0.0,0,0
468,120167,2018,12,2,4806,4806.0,0,0
468,167097,2018,1,1,606,606.5,800,0
468,186636,2018,10,0,0,0.0,327,0
468,185567,2017,1,0,0,0.0,0,0
468,194867,2017,2,0,0,0.0,0,0
468,197107,2017,4,0,0,0.0,0,0
468,197717,2017,3,0,0,0.0,0,0
468,200936,2017,6,0,0,0.0,0,0
468,201166,2017,7,0,0,0.0,0,0
468,200196,2017,3,0,0,0.0,0,0
468,211866,2017,4,0,0,0.0,0,0
468,227805,2017,6,0,0,0.0,0,0
468,237628,2017,8,0,0,0.0,0,0
468,240106,2017,9,0,0,0.0,0,0
468,242183,2017,8,0,0,0.0,0,0
468,250693,2017,7,0,0,0.0,0,0
468,261126,2017,11,0,0,0.0,525,0
468,267093,2017,12,0,0,0.0,0,0
468,266307,2018,1,0,0,0.0,0,1
468,265092,2017,10,0,0,0.0,0,0
468,264523,2017,11,0,0,0.0,0,0
468,264101,2018,9,0,0,0.0,0,0
468,260601,2017,11,0,0,0.0,0,0
468,283606,2018,12,0,0,0.0,0,0
469,2205,2017,8,6,10886,10886.0,546,99
469,3806,2017,7,6,10762,10762.0,0,0
469,2576,2018,3,6,4296,4296.0,0,0
469,2908,2018,2,6,4875,10875.0,4,0
469,4868,2017,1,6,3106,3106.0,534,93
469,406,2018,6,5,4327,4327.0,600,0
469,7202,2017,5,6,4881,4881.0,0,0
469,5805,2018,8,0,0,0.0,0,0
469,7663,2017,11,0,25,25.0,0,0
469,9892,2018,6,0,0,0.0,0,0
469,4666,2017,7,0,0,0.0,0,0
469,10653,2017,8,0,0,0.0,324,8
469,17385,2018,9,0,0,0.0,420,0
469,65671,2017,12,0,0,0.0,0,3
469,63869,2018,5,0,0,0.0,0,0
469,67602,2017,11,0,0,0.0,0,0
469,62166,2018,5,0,0,0.0,0,0
469,62603,2017,11,0,0,0.0,0,0
469,60606,2018,3,0,0,0.0,0,1
469,65863,2018,10,0,0,0.0,0,0
469,337585,2018,8,0,0,0.0,0,98
469,300696,2018,4,0,0,0.0,0,0
469,315996,2018,9,0,0,0.0,0,0
469,360104,2018,11,0,0,0.0,0,6
470,9844,2018,7,6,14476,16476.0,0,0
470,160,2018,8,5,7375,7375.0,0,0
470,2994,2018,6,8,14300,14303.0,824,71
470,16899,2017,9,5,5471,5471.0,500,71
470,17196,2018,9,5,4701,4701.0,4,95
470,68968,2018,3,3,5388,5388.0,0,0
470,67142,2018,2,3,4338,4338.0,537,100
470,67396,2018,8,3,5281,5481.0,1,0
470,87509,2018,11,3,4366,4366.0,0,0
470,100666,2017,4,2,2414,2414.0,0,0
470,107803,2017,2,2,2148,2148.0,0,0
470,100397,2017,2,2,4347,4347.0,0,0
470,102369,2017,3,2,3698,3698.0,368,50
470,100695,2018,8,2,3394,3394.0,524,5
470,100665,2017,11,2,4406,4406.0,500,98
470,107930,2018,11,2,1676,1676.0,0,0
470,187861,2017,1,0,5,0.0,0,0
470,196091,2017,2,0,0,0.0,0,8
470,204349,2018,3,0,0,0.0,0,0
470,207803,2018,2,0,0,0.0,0,0
470,221897,2018,5,0,0,0.0,0,0
470,245103,2017,7,0,0,0.0,528,100
470,320164,2018,2,0,0,0.0,0,0
470,365662,2018,10,0,0,0.0,0,8
471,7702,2018,7,6,5746,5746.0,0,0
471,27609,2018,6,4,7876,7816.0,0,0
471,24609,2018,2,5,4800,4800.0,0,0
471,52366,2017,1,3,7637,7637.0,800,0
471,67686,2017,2,3,4787,4787.0,591,96
471,63863,2018,8,10,36,6.0,0,0
471,68186,2018,9,0,0,0.0,0,0
471,60165,2017,1,0,0,0.0,0,0
471,62602,2018,7,0,0,0.0,0,0
471,60003,2017,11,0,0,0.0,0,0
471,90736,2017,12,0,0,0.0,0,0
471,99105,2017,3,0,0,0.0,0,0
471,97663,2018,1,0,0,0.0,0,1
471,192815,2017,2,0,0,0.0,0,0
471,200603,2018,3,0,0,0.0,526,0
471,207676,2018,3,0,0,0.0,0,0
471,208766,2018,4,0,0,0.0,0,8
471,237806,2018,6,0,0,0.0,0,0
471,243882,2018,8,0,0,0.0,0,0
471,250803,2018,9,0,0,0.0,1,0
471,267107,2017,11,0,0,0.0,0,0
471,260467,2018,10,0,0,0.5,514,0
471,200646,2018,11,0,0,0.0,394,100
471,260336,2018,12,0,0,0.0,0,8
472,4173,2018,7,6,14786,14786.0,544,13
472,2666,2017,7,0,0,0.0,0,0
472,13654,2018,2,0,0,0.0,0,0
472,20106,2018,9,0,8,8.0,0,0
472,1143,2017,11,0,0,0.0,0,0
472,17600,2018,3,0,10000,0.0,0,0
472,25102,2018,2,0,0,0.0,0,0
472,47306,2017,5,0,0,0.0,0,0
472,40906,2018,8,0,0,0.0,0,0
472,47866,2017,6,0,0,0.0,0,0
472,55660,2017,12,0,0,0.0,0,0
472,62669,2017,11,0,0,0.0,0,0
472,77807,2018,2,0,0,0.0,794,78
472,80165,2018,1,0,0,0.0,0,0
472,813,2018,2,0,0,0.0,0,0
472,7867,2018,3,0,0,0.0,0,0
472,826,2018,8,0,0,0.0,0,100
472,200933,2018,2,0,0,0.0,0,0
472,7865,2018,3,0,0,0.0,0,0
472,253806,2018,8,0,0,0.0,0,0
472,255696,2018,9,0,0,0.0,0,0
472,253867,2018,9,0,0,0.0,0,0
472,64306,2018,11,0,0,0.0,0,0
472,207691,2018,12,0,0,0.0,0,0
473,3803,2017,7,6,10308,10308.0,7,0
473,7393,2017,8,5,4300,4300.0,0,0
473,27603,2018,1,5,3605,3605.0,520,98
473,57282,2017,2,3,4631,4631.0,0,0
473,61807,2017,12,3,4387,4385.0,500,3
473,67232,2017,11,3,1863,1833.0,0,0
473,67083,2018,1,3,4608,4608.0,500,4
473,65608,2017,5,3,4396,4396.0,324,8
473,97906,2018,9,2,1608,1608.0,0,0
473,100677,2017,8,2,4468,4468.0,0,99
473,106194,2017,6,2,4307,4307.0,0,0
473,107162,2017,8,2,1331,1331.0,0,0
473,103893,2017,10,2,1247,1247.0,0,0
473,105401,2017,2,2,2348,2348.0,0,0
473,103886,2017,11,3,3000,3000.0,0,2
473,167065,2018,12,1,606,606.0,0,0
473,166276,2018,11,1,1607,1607.0,544,0
473,160803,2018,3,1,801,801.0,594,0
473,173102,2018,1,1,736,786.0,500,0
473,186892,2017,1,0,0,0.0,529,0
473,367103,2018,5,0,0,0.0,0,8
473,366069,2018,8,0,0,0.0,500,0
473,345869,2018,9,0,0,0.0,0,0
473,369167,2018,11,0,0,0.0,0,8
474,2962,2017,8,6,8880,8880.0,0,0
474,7606,2017,3,5,3880,3880.5,600,8
474,17306,2018,6,5,4330,4230.0,0,0
474,17626,2018,2,5,4675,4675.0,0,0
474,20842,2017,1,4,4628,4628.0,0,0
474,67172,2018,7,3,4621,4621.0,0,3
474,67883,2017,12,3,2432,2432.0,0,0
474,65596,2017,5,3,4803,4803.0,0,0
474,80373,2018,8,3,5847,5847.0,582,0
474,100662,2017,12,2,4703,4703.0,500,8
474,105879,2017,11,2,4886,4886.0,560,8
474,105603,2018,9,2,3406,3406.0,0,0
474,105084,2018,3,2,4320,4320.0,545,98
474,102607,2017,10,1,276,976.0,0,0
474,105209,2017,1,0,0,0.0,590,70
474,104831,2017,2,0,0,0.0,0,8
474,216883,2017,4,0,0,0.0,0,0
474,257306,2017,9,0,0,0.0,0,0
474,276163,2017,10,0,0,0.0,0,0
474,267079,2017,11,0,0,0.0,0,0
474,260901,2017,11,0,0,0.0,326,0
474,268466,2018,12,0,0,0.0,530,0
474,268816,2018,11,0,0,0.0,0,0
474,270366,2018,11,0,0,0.0,596,100
475,2272,2017,6,6,7320,7320.0,0,0
475,19993,2018,8,5,10615,10615.0,0,0
475,17796,2018,11,5,10785,10785.0,540,91
475,36892,2018,9,4,4847,4847.0,590,91
475,37803,2018,2,4,7836,7836.0,596,102
475,45806,2018,7,4,5868,5868.0,0,8
475,63392,2018,8,3,4947,4947.0,556,108
475,67877,2017,2,3,2818,2818.0,0,0
475,64131,2018,11,3,1300,41300.0,594,0
475,62669,2018,12,3,4288,4288.0,0,3
475,62894,2017,7,3,4302,4302.0,0,1
475,101806,2018,9,2,10806,806.0,398,108
475,101107,2018,10,2,4246,4246.0,0,0
475,100906,2017,1,2,2000,2000.0,4,1
475,100692,2017,11,0,0,0.0,0,0
475,105833,2017,3,0,0,0.0,0,0
475,162807,2017,11,0,0,0.0,4,0
475,193096,2017,2,0,0,0.0,0,0
475,190109,2018,1,0,0,0.0,0,0
475,195802,2018,12,0,0,0.0,4,8
475,199679,2018,3,0,0,0.0,0,0
475,195466,2018,2,0,0,0.0,0,0
475,194163,2018,11,0,0,0.0,0,0
475,365106,2018,12,0,0,0.0,594,0
475,303364,2018,1,0,0,0.0,0,9
475,306816,2018,3,0,0,0.0,529,0
475,302608,2018,9,0,0,0.0,0,0
475,300865,2018,11,0,0,0.0,0,8
475,305846,2018,3,0,0,0.0,0,0
475,305866,2018,1,0,0,0.0,0,0
475,306602,2018,7,0,0,0.0,0,0
475,307206,2018,4,0,0,0.0,0,83
475,350996,2018,4,0,0,0.0,0,0
475,304186,2018,3,0,0,0.0,0,0
475,347968,2018,6,0,0,0.0,0,0
475,354115,2018,5,0,0,0.0,0,0
475,330518,2018,8,0,0,0.0,394,0
475,320884,2018,8,0,0,0.0,0,0
475,324203,2018,1,0,0,0.0,594,0
475,346507,2018,2,0,0,0.0,0,0
475,304106,2018,7,0,0,0.0,0,0
476,84096,2017,12,3,3426,3426.0,518,88
476,330166,2018,3,2,14228,14228.0,0,0
476,337807,2018,7,4,4398,4398.0,0,0
476,337185,2017,11,4,4896,4896.0,824,0
476,355208,2017,2,0,0,0.0,0,0
476,369106,2018,8,0,0,0.0,0,0
476,367608,2017,2,0,0,0.0,594,0
476,360800,2017,4,0,0,0.0,0,9
476,367669,2018,5,0,0,0.0,0,0
476,377607,2018,9,0,0,0.0,0,0
476,321606,2017,11,0,0,0.0,0,0
476,368665,2018,11,0,0,0.0,0,0
476,337827,2018,6,0,0,0.0,4,0
476,368106,2018,8,0,0,0.0,0,0
476,365167,2018,12,1,0,0.0,0,0
476,361186,2018,11,0,0,0.0,0,0
476,367087,2018,11,0,0,0.0,596,0
476,362081,2018,2,0,0,0.0,0,0
476,361803,2018,1,0,0,0.0,8,8
476,366609,2018,5,0,0,0.0,0,0
476,377407,2018,7,0,0,0.0,0,0
476,327106,2018,10,0,0,0.0,561,8
476,374166,2018,11,0,0,0.0,0,0
476,380816,2018,12,0,0,0.0,0,0
477,4675,2018,8,6,10332,17332.0,545,98
477,63,2017,6,6,17106,20106.0,0,0
477,1873,2017,9,5,10620,13620.0,0,1
477,62862,2017,9,3,2605,2605.0,591,0
477,67063,2018,1,3,4207,4207.0,536,91
477,67878,2018,5,3,4201,4201.0,0,0
477,62876,2018,8,3,5632,5632.0,569,99
477,66921,2018,5,3,4327,4327.0,0,0
477,60965,2018,11,3,4887,4887.0,510,0
477,160767,2018,11,1,701,701.0,0,8
477,167103,2018,10,1,701,701.0,0,0
477,165677,2018,9,1,808,808.0,528,0
477,167998,2018,8,1,827,827.0,0,0
477,162183,2018,1,1,601,601.0,0,0
477,169866,2018,6,1,606,606.0,0,4
477,165366,2018,11,1,675,675.0,521,0
477,177106,2018,2,1,187,647.0,0,98
477,177095,2018,1,1,1340,700.0,0,0
477,304823,2018,12,0,0,0.0,1,0
477,323209,2018,1,0,0,0.0,0,98
477,360863,2018,2,0,0,0.0,0,0
477,387663,2018,3,0,0,0.0,500,0
477,357190,2018,1,0,0,0.0,0,0
477,317566,2018,6,0,0,0.0,7,2
478,14966,2017,5,5,4825,4825.0,0,0
478,7638,2018,3,5,10860,10860.0,537,0
478,13802,2018,11,5,10905,10905.0,500,5
478,10665,2018,9,5,4300,4300.0,0,0
478,26866,2018,5,4,4380,4380.0,0,0
478,60302,2018,7,3,2126,2126.0,0,0
478,67695,2018,10,3,3436,3436.0,0,0
478,102016,2017,12,2,4696,4696.0,0,0
478,100434,2017,12,2,4836,4836.0,7,0
478,117106,2018,4,2,4447,4447.0,0,1
478,100585,2017,6,2,4916,4916.0,0,0
478,101662,2018,8,2,4806,4806.0,500,0
478,104602,2017,12,2,4306,4306.0,0,0
478,136895,2017,2,1,608,608.0,0,0
478,155116,2017,1,1,705,705.0,547,0
478,152077,2017,12,1,1338,1338.0,0,1
478,167806,2018,1,1,681,681.0,0,0
478,161369,2018,1,1,811,821.0,0,1
478,160306,2018,1,1,1300,705.0,7,0
478,200116,2017,5,0,0,0.0,524,100
478,202821,2017,9,0,0,0.0,590,41
478,200606,2018,12,0,0,0.0,0,0
478,203802,2017,8,0,0,0.0,0,0
478,307096,2018,11,0,0,0.0,0,8
479,17482,2018,7,5,4735,4735.0,0,0
479,27667,2018,8,4,4260,4260.0,0,0
479,55189,2018,9,3,7315,7315.0,526,91
479,88687,2017,11,3,7317,7317.0,0,0
479,85172,2017,2,3,4101,4101.0,0,8
479,328102,2018,8,3,2006,2006.0,0,0
479,347667,2017,2,0,0,0.0,0,0
479,369767,2017,4,0,0,0.0,0,0
479,360902,2017,6,0,878,78.0,0,8
479,360809,2017,11,0,0,0.0,0,0
479,358990,2017,3,0,0,0.0,0,0
479,362366,2018,5,0,0,0.0,0,0
479,380260,2018,6,0,0,0.0,0,0
479,399106,2018,1,0,0,0.0,0,0
479,320626,2018,8,0,0,0.0,0,0
479,338509,2018,10,0,0,0.0,0,9
479,327809,2018,5,0,0,0.0,0,0
479,360303,2017,12,0,0,0.0,4,0
479,367161,2018,1,0,0,0.0,0,0
479,360807,2018,8,0,0,0.0,0,0
479,360809,2018,9,0,0,0.0,0,0
479,369106,2018,10,0,0,0.0,546,0
479,367386,2018,11,0,0,0.0,0,0
479,367169,2018,12,0,0,0.0,0,0
480,9968,2017,6,5,14340,14340.0,0,0
480,44005,2018,2,4,8385,8385.0,0,0
480,64816,2017,10,3,4397,4397.0,4,0
480,88364,2018,1,3,4606,4606.0,544,91
480,112563,2018,2,2,1186,1186.0,0,8
480,167605,2018,9,1,2306,2306.0,524,0
480,167682,2018,6,1,781,781.0,0,0
480,361365,2017,1,1,7,7.0,0,0
480,360603,2018,8,1,609,609.0,500,0
480,366161,2018,5,1,1333,1333.0,0,0
480,304806,2017,11,0,0,0.0,0,0
480,309666,2017,3,0,0,0.0,424,2
480,327107,2017,4,0,0,0.0,4,0
480,367580,2018,3,0,0,0.0,0,0
480,360006,2018,11,0,0,0.0,0,0
480,367190,2018,4,0,0,0.0,0,0
480,355039,2018,9,0,0,0.0,0,3
480,360979,2018,10,0,0,0.0,0,0
480,365861,2018,2,0,0,0.0,500,0
480,367908,2018,8,0,0,0.0,0,1
480,368901,2018,9,0,0,0.0,0,0
480,366501,2018,10,0,0,0.0,0,0
480,387805,2018,3,0,0,0.0,0,0
480,385803,2018,11,0,0,0.0,600,1
481,3156,2018,7,6,14420,14420.0,824,78
481,2305,2018,3,6,3304,3304.0,0,0
481,2804,2018,8,6,9365,8365.0,588,108
481,7662,2018,8,5,33336,11336.0,0,0
481,7863,2017,6,6,9611,9611.0,0,6
481,7066,2018,1,5,4328,4328.0,591,0
481,4006,2018,9,0,0,0.0,568,98
481,100066,2017,5,0,0,0.0,4,0
481,867,2017,3,0,0,0.0,0,0
481,100806,2017,2,0,0,0.0,0,8
481,100895,2017,10,0,0,0.0,0,100
482,188608,2017,12,0,728,728.0,0,0
482,191667,2017,1,0,0,0.0,0,0
482,190306,2017,2,0,0,0.0,0,0
482,197153,2017,3,0,0,0.0,0,0
482,200683,2017,4,0,0,0.0,0,0
482,200404,2017,3,0,0,0.0,0,0
482,207655,2017,5,0,0,0.0,0,0
482,203606,2017,6,0,0,0.0,0,0
482,200614,2017,7,0,0,0.0,0,0
482,210308,2018,8,0,0,0.0,0,8
482,222162,2017,11,0,0,0.0,0,0
482,225180,2017,6,0,0,0.0,0,0
482,237183,2017,7,0,0,0.0,0,0
482,247653,2017,8,0,0,0.0,0,0
482,257806,2017,9,0,0,0.0,0,1
482,265909,2017,12,0,0,0.0,544,0
482,267646,2018,1,0,0,0.0,0,0
482,260009,2018,9,0,0,0.0,0,0
482,267169,2018,1,0,12127,0.0,0,0
482,260606,2018,2,0,1,30000.0,0,0
482,267839,2018,8,0,0,0.0,0,0
482,367606,2018,10,0,0,0.0,598,100
482,367609,2018,11,0,0,0.0,324,0
482,360898,2018,12,0,0,0.0,0,8
483,1371,2017,7,6,12306,12306.0,567,99
483,3096,2017,8,6,14828,14828.0,0,0
483,7891,2018,9,1,497,497.0,500,0
483,11138,2018,2,5,2405,2405.0,500,0
483,24107,2017,6,0,0,0.0,0,2
483,12105,2018,6,0,0,0.0,1,0
483,16368,2018,11,0,0,0.0,0,0
483,5884,2018,8,0,0,0.0,0,0
483,17014,2018,4,0,0,0.0,514,0
483,60193,2018,11,0,0,0.0,0,9
483,56165,2017,9,0,0,0.0,540,11
483,84883,2017,12,0,0,0.0,0,0
483,142787,2017,7,0,0,0.0,0,0
483,150106,2017,11,0,0,0.0,0,0
483,186873,2017,12,0,0,0.0,0,0
483,197167,2018,1,0,0,0.0,0,0
483,207066,2018,8,0,0,0.0,0,8
483,200803,2018,12,0,0,0.0,0,0
483,207903,2018,3,0,0,0.0,0,0
483,207206,2018,2,0,0,0.0,0,100
483,208903,2018,12,0,0,0.0,0,0
483,312863,2018,11,0,0,0.0,524,8
483,313001,2018,1,0,0,0.0,500,88
483,312308,2018,12,0,0,0.0,0,9
484,81668,2017,2,3,12327,12327.0,0,0
484,125864,2018,8,2,4856,4856.0,392,142
484,165706,2018,10,1,723,723.0,0,1
484,187896,2017,1,0,0,0.0,0,0
484,166833,2017,1,0,0,0.0,500,0
484,160873,2018,1,0,0,0.0,534,100
484,164107,2018,2,0,0,0.0,0,0
484,189061,2017,3,0,0,0.0,0,0
484,206533,2017,4,0,0,0.0,0,0
484,202566,2017,4,0,0,0.0,0,0
484,200582,2017,6,0,0,0.0,0,0
484,201187,2017,6,0,0,0.0,0,0
484,202886,2017,7,0,0,0.0,0,0
484,203506,2017,2,0,0,0.0,0,0
484,200607,2017,12,0,0,0.0,0,0
484,208609,2018,4,0,810,0.0,0,0
484,202174,2018,3,0,0,0.0,0,0
484,211146,2018,5,0,0,0.0,0,8
484,230666,2018,6,0,0,0.0,0,0
484,244603,2018,8,0,0,0.0,0,8
484,242843,2017,7,0,0,0.0,0,0
484,256173,2018,9,0,0,0.0,596,0
484,266805,2018,11,0,0,0.0,0,0
484,235028,2018,12,0,0,0.0,0,0
485,6840,2018,6,6,5686,5686.0,0,0
485,12106,2017,8,15,7825,7825.0,597,4
485,16153,2018,3,5,5415,5415.0,594,91
485,25806,2018,7,4,8307,8307.0,0,0
485,36406,2018,9,4,7096,7096.0,0,6
485,62102,2017,12,3,4341,4341.0,591,98
485,62886,2017,11,3,4937,4937.0,0,1
485,70687,2018,2,3,4323,4323.0,0,0
485,100593,2017,12,2,4126,4126.0,0,0
485,100186,2017,6,2,2291,2291.0,0,0
485,147609,2017,11,1,617,617.0,4,0
485,154866,2018,4,1,1622,1622.0,0,0
485,167169,2018,3,1,1791,1491.0,4,100
485,167675,2018,7,1,732,732.0,0,0
485,207903,2017,3,0,0,0.0,0,0
485,206807,2017,4,0,0,0.0,0,0
485,201801,2017,2,0,0,0.0,0,0
485,236165,2017,6,0,0,0.0,0,0
485,267623,2017,12,0,0,0.0,0,0
485,263664,2017,11,0,0,0.0,0,0
485,252677,2017,8,0,0,0.0,520,0
485,265566,2017,10,0,0,0.0,0,8
485,261094,2018,10,0,0,0.0,0,0
485,360106,2018,11,0,0,0.0,0,0
486,7494,2018,7,7,10305,10305.0,0,0
486,8965,2018,9,6,10988,10988.0,0,0
486,61133,2018,12,3,4347,6347.0,590,92
486,60257,2017,11,2,4796,4796.0,626,92
486,64808,2018,10,3,3807,3807.0,500,1
486,90803,2017,2,2,2800,2800.0,8,0
486,103639,2017,3,2,2406,3406.0,358,8
486,101906,2018,1,2,10708,708.0,0,0
486,207681,2017,7,2,4776,4976.0,0,5
486,200835,2017,9,2,4306,4306.0,0,71
486,202101,2017,11,0,0,0.0,0,0
486,200106,2017,2,0,0,0.0,0,0
486,200956,2017,3,0,0,0.0,0,0
486,267806,2017,5,0,0,0.0,0,0
486,267262,2017,12,0,0,0.0,0,0
486,273164,2017,11,0,0,0.0,0,8
486,297666,2018,2,0,0,0.0,0,98
486,303246,2018,2,0,0,0.0,0,0
486,302107,2018,3,0,0,0.0,0,0
486,326963,2018,3,0,0,0.0,0,0
486,360246,2018,4,0,0,0.0,528,0
486,366897,2018,10,0,0,0.0,524,0
486,367006,2018,11,0,0,0.0,0,51
486,361100,2018,12,0,0,0.0,0,3
487,47797,2018,7,4,5388,5388.0,0,0
487,87103,2018,9,3,4431,4431.0,894,78
487,671,2018,12,6,10945,10945.0,0,0
487,61491,2018,2,3,4828,7828.0,4,0
487,66808,2018,1,3,10818,818.0,5,0
487,62807,2018,3,3,3108,3108.0,0,8
487,67884,2017,4,3,4331,4331.0,397,0
487,165486,2018,5,3,4026,4026.0,468,8
487,187809,2017,8,2,4806,4806.0,0,8
487,109406,2017,1,2,4111,4111.0,577,1
487,105109,2017,12,2,1306,1306.0,7,4
487,111706,2018,1,2,4628,4621.0,0,0
487,157803,2018,2,1,801,801.0,598,0
487,167663,2018,3,1,821,821.0,0,0
487,165869,2018,10,1,997,997.0,0,0
487,165165,2018,11,1,2735,2735.0,0,8
487,165563,2018,2,1,876,876.0,500,0
487,166116,2018,1,1,606,6.0,0,8
487,165106,2018,10,1,977,721.0,590,0
487,166167,2018,1,1,867,400.0,598,0
487,188633,2017,1,0,7,0.0,0,0
487,193196,2017,2,0,0,0.0,594,0
487,160195,2018,11,0,0,0.0,0,0
487,208892,2018,3,0,0,0.0,0,0
488,4309,2018,8,6,3608,3608.0,334,90
488,7899,2018,5,5,1045,1045.0,805,0
488,40966,2018,12,5,1805,1805.0,500,2
488,50862,2017,2,3,1868,1867.0,1,0
488,71155,2018,1,3,2724,2724.0,528,8
488,86946,2018,11,3,1807,1807.0,574,108
488,90636,2017,3,2,4136,4136.0,7,0
488,102136,2017,11,2,4806,4806.0,0,2
488,100886,2017,9,2,2830,2830.0,0,1
488,107898,2018,1,2,2817,2817.0,0,0
488,190169,2017,2,0,0,0.0,0,0
488,197806,2017,1,0,0,0.0,0,0
488,205134,2017,3,0,0,0.0,0,0
488,207915,2017,5,0,0,0.0,0,0
488,192695,2017,1,0,0,0.0,0,100
488,206106,2018,2,0,0,0.0,4,0
488,200975,2018,2,0,0,0.0,0,0
488,214886,2018,12,0,0,0.0,0,0
488,227874,2017,7,0,0,0.0,0,0
488,236676,2018,8,0,0,0.0,0,0
488,237106,2018,6,0,0,0.0,550,0
488,287869,2018,9,0,0,0.0,0,0
488,236562,2017,11,0,0,0.0,596,0
488,259807,2018,12,0,0,0.0,500,8
489,34666,2018,9,4,5840,5840.0,0,0
489,82692,2018,2,3,3370,3370.0,0,0
489,124635,2018,1,2,4304,4304.0,594,100
489,194874,2018,1,0,0,0.0,0,0
489,180956,2017,2,0,0,0.0,0,0
489,190387,2017,3,0,0,0.0,0,0
489,200080,2017,5,0,0,0.0,0,0
489,200606,2017,6,0,0,0.0,0,0
489,200507,2017,7,0,0,0.0,0,0
489,200306,2017,8,0,0,0.0,0,0
489,200687,2017,6,0,0,0.0,0,0
489,200676,2017,12,0,0,0.0,0,0
489,207268,2017,8,0,0,0.0,0,0
489,202666,2017,2,0,0,0.0,0,0
489,200882,2017,11,0,0,0.0,0,100
489,207655,2018,2,0,0,0.0,0,1
489,207843,2018,3,0,0,0.0,0,0
489,200886,2018,4,0,0,0.0,0,0
489,207695,2018,8,0,0,0.0,4,0
489,324106,2018,6,0,0,0.0,0,0
489,357892,2018,9,0,0,0.0,0,3
489,351166,2018,10,0,0,0.0,0,0
489,360897,2018,12,0,0,0.0,0,0
489,327806,2018,11,0,0,0.0,0,9
490,177363,2018,11,1,6,6.0,0,0
490,177385,2017,11,0,0,0.0,8,0
490,187193,2017,9,0,0,0.0,0,0
490,160602,2018,2,0,0,0.0,0,0
490,170006,2017,2,0,0,0.0,0,0
490,187135,2017,3,0,0,0.0,0,0
490,187003,2017,4,0,0,0.0,0,0
490,197006,2017,2,0,0,0.0,0,0
490,190066,2017,3,0,0,0.0,0,0
490,195803,2017,6,0,0,0.0,0,0
490,195700,2017,8,0,0,0.0,0,0
490,197999,2017,4,0,0,0.0,0,0
490,206916,2017,3,0,0,0.0,0,0
490,205833,2017,5,0,0,0.0,0,0
490,217099,2017,10,0,0,0.0,0,0
490,224166,2017,6,0,0,0.5,0,0
490,221900,2018,5,0,0,0.0,0,0
490,253677,2017,9,0,0,0.0,0,0
490,260403,2018,8,0,0,0.0,0,0
490,265804,2017,19,0,0,0.0,0,0
490,260804,2017,10,0,0,0.0,0,0
490,261107,2018,11,0,0,0.0,594,121
490,262193,2017,12,0,0,0.0,0,0
490,365101,2018,11,0,0,0.0,0,0
490,323303,2018,1,0,0,0.0,0,0
490,300491,2018,1,0,0,0.0,0,0
490,367402,2018,2,0,0,0.0,0,0
490,302608,2018,7,0,0,0.0,0,0
490,300306,2018,6,0,0,0.0,0,0
490,300429,2018,1,0,0,0.0,0,0
490,320877,2018,4,0,0,0.0,0,0
490,327133,2018,3,0,0,0.0,0,0
490,360107,2018,9,0,0,0.0,0,0
490,303234,2018,2,0,0,0.0,0,0
490,360090,2018,2,0,0,0.0,0,0
490,352003,2018,12,0,0,0.0,0,0
490,352105,2018,2,0,0,0.0,0,0
490,367007,2018,1,0,0,0.0,0,0
490,306103,2018,8,0,0,0.0,0,0
490,360818,2018,4,11,0,0.0,0,0
490,357206,2018,1,0,8,10000.0,0,0
490,354168,2018,8,12,0,0.0,0,0
490,362060,2018,12,0,0,10000.0,0,0
490,361207,2018,10,0,0,0.0,0,0
490,360603,2018,11,0,0,0.0,0,0
490,360603,2018,1,0,0,0.0,0,0
490,362189,2018,12,0,0,0.0,0,0
490,351863,2018,11,0,0,0.0,0,0
491,17865,2017,7,5,2925,2925.0,567,128
491,15826,2018,5,5,10685,10685.0,0,0
491,16821,2017,8,5,4700,4700.0,0,8
491,21684,2017,2,5,7345,7345.0,0,0
491,32963,2018,5,4,4372,4372.0,0,0
491,35867,2018,6,4,5896,5896.0,596,73
491,60961,2017,9,3,4136,4136.0,0,0
491,73842,2018,4,3,6681,6681.0,0,0
491,83108,2018,6,3,1837,1837.0,500,0
491,95626,2017,7,2,3301,3301.0,0,0
491,105806,2017,11,2,4887,4884.0,0,0
491,106066,2017,2,2,1616,1616.0,0,1
491,104836,2018,6,2,4337,4337.0,0,0
491,107869,2017,2,2,4900,4900.0,420,0
491,100169,2018,10,2,4387,4387.0,0,0
491,122609,2018,7,2,3806,3806.0,0,8
491,172803,2018,11,1,2867,2867.0,0,100
491,182109,2017,10,1,647,827.0,580,0
491,185667,2017,8,0,0,0.0,494,1
491,190136,2018,11,0,0,0.0,0,0
491,207863,2018,2,0,0,0.0,0,0
491,207602,2018,3,0,0,0.0,0,0
491,207097,2018,9,0,0,0.0,0,0
491,202104,2018,2,0,0,0.0,0,0
492,8637,2017,5,5,14620,14620.0,0,0
492,7100,2018,8,5,12345,12345.0,0,0
492,42806,2018,1,4,4101,4101.0,408,72
492,63892,2017,8,3,2409,2409.0,0,0
492,65895,2017,10,3,2601,2601.0,591,0
492,64163,2018,2,3,4886,4886.0,0,0
492,103186,2018,2,2,1841,1841.0,590,98
492,107862,2018,11,2,1808,1808.0,0,0
492,122113,2018,10,2,4867,4867.0,0,0
492,157603,2018,9,1,623,623.0,500,0
492,168805,2018,11,1,2246,2246.0,571,0
492,171526,2018,12,1,870,870.0,4,8
492,186605,2018,1,0,0,0.0,0,0
492,197167,2017,2,0,0,0.0,0,0
492,207366,2018,3,0,0,0.0,0,0
492,207294,2017,4,0,0,0.0,0,88
492,227606,2017,5,0,0,0.0,0,0
492,220086,2017,6,0,0,0.0,0,0
492,251601,2017,9,0,0,0.0,0,8
492,260169,2017,10,0,0,0.0,0,0
492,260693,2017,11,0,0,0.0,0,0
492,261100,2018,11,0,0,0.0,0,0
492,207094,2018,12,0,0,0.0,0,0
492,237866,2018,12,0,0,0.0,0,0
493,7934,2017,3,5,14615,16615.0,0,0
493,107236,2018,1,2,5206,5206.0,0,0
493,102366,2018,7,2,4837,4837.0,531,86
493,106806,2018,12,2,3800,3800.0,0,0
493,100608,2018,2,2,2606,2606.0,4,0
493,167806,2018,12,1,726,726.5,531,0
493,165116,2017,8,1,641,641.0,0,0
493,160106,2018,1,1,601,601.0,0,0
493,160844,2018,3,1,2337,2337.0,0,0
493,160907,2018,11,1,831,831.0,7,1
493,165363,2018,6,1,673,673.0,0,0
493,160156,2018,10,1,667,697.0,325,1
493,183670,2017,1,0,0,0.0,0,0
493,187193,2017,2,0,0,0.0,0,0
493,194186,2017,1,0,0,0.0,528,0
493,200166,2017,4,0,0,0.0,0,8
493,211906,2017,5,0,0,0.0,0,0
493,217893,2018,6,0,0,0.0,0,0
493,237673,2018,7,0,0,0.0,0,0
493,233862,2017,7,0,0,0.0,0,0
493,240868,2017,8,0,0,0.0,0,0
493,251066,2017,9,0,0,0.0,0,0
493,250666,2017,1,0,0,0.0,0,0
493,260005,2018,12,0,0,0.0,0,8
494,2161,2017,7,6,3875,3875.0,0,0
494,1573,2017,8,6,4805,4805.0,884,0
494,3363,2017,1,6,5036,5036.0,0,0
494,115,2018,6,5,12135,12135.0,390,0
494,3606,2018,9,6,8426,8426.0,0,0
494,43876,2018,1,0,0,0.0,0,0
494,65655,2018,8,3,0,0.0,547,100
494,60426,2018,5,0,0,0.0,0,0
494,68056,2018,8,0,0,0.0,0,0
494,67208,2017,11,0,0,0.0,524,0
494,77834,2017,10,0,7,0.0,3,0
494,77614,2018,1,0,0,0.0,0,0
494,160854,2018,11,0,0,0.0,0,0
494,180187,2017,12,0,0,0.0,0,0
494,182836,2018,1,0,1,0.0,0,0
494,194698,2017,2,0,0,0.0,0,0
494,200403,2018,12,0,0,0.0,0,8
494,250605,2017,3,0,0,0.0,0,0
494,250783,2018,2,0,0,0.0,0,0
494,203890,2018,3,0,0,0.0,0,0
494,204106,2018,9,0,0,0.0,530,1
494,200372,2018,2,0,0,0.0,0,0
494,350802,2018,1,0,0,0.0,0,0
494,303606,2018,11,0,0,0.0,0,0
495,5003,2018,6,6,4730,4730.0,0,0
495,2868,2017,7,6,10642,60642.0,0,0
495,365,2017,8,6,10601,10601.0,0,0
495,2303,2018,7,6,7308,2302.0,0,0
495,7825,2018,8,6,4436,4436.0,0,0
495,7871,2017,1,4,4118,4118.0,520,0
495,17796,2018,6,5,5801,5801.0,0,0
495,66283,2018,5,3,2003,2003.0,0,0
495,60987,2018,9,3,5606,5606.0,509,100
495,90606,2018,12,3,4306,4306.0,0,0
495,90208,2017,2,2,4704,4704.0,0,0
495,107813,2017,7,2,4008,14008.0,0,8
495,107899,2018,1,2,4406,4406.0,0,0
495,102107,2018,3,2,3608,3908.0,666,0
495,100403,2017,8,2,4323,4323.0,3,0
495,100997,2017,10,2,14900,4900.0,500,9
495,100106,2018,9,2,2035,8035.0,0,0
495,103806,2018,2,2,4723,4773.0,0,0
495,117670,2018,12,0,0,0.0,0,96
495,192141,2018,1,0,0,0.0,520,0
495,190875,2018,1,0,0,0.0,0,0
495,201766,2017,10,0,0,0.0,564,0
495,300236,2018,8,0,0,0.0,0,0
495,300886,2018,2,0,0,0.0,4,100
496,15762,2018,2,5,9295,9295.0,0,0
496,12865,2017,8,5,5315,5315.0,627,0
496,37009,2017,11,4,4196,4196.0,504,8
496,67506,2018,12,3,2008,2008.0,391,2
496,62402,2018,9,3,3496,3496.0,0,0
496,67872,2018,7,3,4868,4868.0,0,58
496,77603,2018,6,3,4441,4441.0,0,8
496,75658,2018,8,3,4406,4406.0,0,0
496,77303,2018,8,3,10734,734.0,0,0
496,93681,2017,2,3,1207,1307.0,0,1
496,97890,2017,3,3,4421,4421.0,0,0
496,90804,2018,4,2,4381,4481.0,590,0
496,101854,2017,2,2,4381,4381.0,574,92
496,205622,2017,1,0,0,0.0,0,0
496,204866,2018,2,0,0,0.0,0,0
496,214868,2017,11,0,0,0.0,0,0
496,233822,2017,3,0,0,0.0,0,0
496,235836,2017,4,0,0,0.0,0,0
496,235863,2017,6,0,0,0.0,0,0
496,237154,2018,7,0,0,0.0,0,0
496,237163,2018,8,0,0,0.0,580,0
496,247946,2018,10,0,0,0.0,595,8
496,240466,2018,11,0,0,0.0,0,0
496,250106,2018,12,0,0,0.0,0,9
496,63209,2018,9,0,0,0.0,0,0
496,287946,2018,12,0,0,0.0,0,0
496,263027,2017,4,0,0,0.0,515,138
496,266326,2018,3,0,0,0.0,0,0
496,253366,2018,11,0,0,0.0,0,0
496,291858,2018,1,0,0,0.0,0,8
496,257805,2018,12,0,0,0.0,0,0
496,253506,2018,2,0,0,0.0,0,0
496,231187,2018,1,0,0,0.0,0,0
496,247826,2018,2,0,0,0.0,0,0
496,300634,2018,2,0,0,0.0,479,0
496,300964,2018,9,0,0,0.0,0,0
496,300103,2018,12,0,0,0.0,594,0
496,307466,2018,1,0,0,0.0,0,0
496,347666,2018,12,0,0,0.0,0,0
496,347193,2017,6,0,0,0.0,594,120
496,347186,2018,4,0,0,0.0,0,0
496,355602,2018,1,0,0,0.0,0,1
496,337108,2018,7,11,0,0.0,0,0
496,342662,2018,12,0,0,0.0,0,0
496,340166,2018,12,0,0,0.0,0,0
496,360666,2018,12,0,0,0.0,0,0
496,302367,2018,4,0,0,0.0,0,0
496,397606,2018,11,0,0,0.0,0,0
497,86806,2018,11,3,10426,10426.0,0,0
497,182795,2018,9,1,2896,2896.0,0,0
497,167696,2018,1,1,621,10621.0,500,0
497,165601,2018,2,1,837,837.0,0,0
497,187813,2017,1,0,0,0.0,0,0
497,197666,2017,3,0,0,0.0,596,3
497,207804,2017,2,0,0,0.0,0,0
497,217865,2017,4,0,0,0.0,0,0
497,226602,2017,6,0,0,0.0,0,0
497,228906,2017,6,0,0,0.0,0,0
497,233806,2017,7,0,0,0.0,0,0
497,246836,2017,8,0,0,0.0,0,0
497,257663,2017,8,0,0,0.0,0,0
497,260187,2017,10,0,0,0.0,0,8
497,267865,2017,11,0,0,0.0,0,0
497,250605,2017,12,0,0,0.0,0,0
497,246806,2017,7,0,0,0.0,0,0
497,254693,2018,9,0,0,0.0,0,0
497,264187,2017,11,0,0,0.0,0,0
497,260406,2017,12,0,21,0.0,0,1
497,267681,2017,10,0,0,0.0,0,0
497,265167,2017,11,0,0,0.0,0,0
497,260863,2018,2,0,0,0.0,0,0
497,366180,2018,11,0,0,0.0,0,4
498,20474,2018,6,5,4665,4665.0,567,125
498,24806,2018,8,4,4126,4126.0,0,8
498,15886,2018,8,5,10605,10605.0,0,0
498,22887,2017,1,4,7381,7081.0,500,1
498,62165,2017,9,3,3036,3036.0,0,0
498,97603,2017,5,2,2606,2606.0,0,0
498,97880,2017,1,2,4676,4676.0,0,8
498,97438,2017,8,2,2648,2648.0,536,8
498,104563,2017,11,2,4446,4446.0,0,0
498,106822,2017,10,2,4685,4685.0,0,0
498,100831,2017,6,2,4330,4330.0,524,98
498,101863,2017,9,2,14466,4466.0,500,93
498,100467,2018,11,2,1411,1411.0,528,8
498,103301,2018,2,2,4663,4663.0,0,3
498,107033,2017,11,1,2796,2796.0,588,0
498,101964,2017,12,2,680,480.0,4,103
498,100190,2018,2,0,0,0.0,0,9
498,190191,2017,3,0,0,0.0,0,0
498,190155,2018,2,0,0,0.0,0,0
498,195861,2017,1,0,0,0.0,0,0
498,200100,2018,4,0,0,0.0,0,0
498,200181,2018,6,0,0,0.0,587,8
498,204666,2018,7,0,0,0.0,520,0
498,205695,2018,7,0,0,0.0,0,0
499,12602,2017,12,5,5305,5305.0,526,78
499,7964,2018,3,5,5327,5327.0,0,0
499,67803,2017,11,3,638,638.0,0,0
499,62402,2018,2,3,4306,4306.0,327,116
499,64169,2017,10,3,998,998.0,0,0
499,97764,2018,1,3,10801,801.0,544,0
499,97903,2017,2,3,4486,4486.0,500,0
499,201865,2017,8,0,0,0.0,591,98
499,207672,2017,5,0,0,0.0,0,0
499,200197,2017,7,0,0,0.0,0,1
499,207109,2017,8,0,0,0.0,0,0
499,207895,2017,1,0,0,0.0,0,8
499,207365,2018,5,0,0,0.0,0,0
499,200863,2018,6,0,0,0.0,0,0
499,207909,2018,3,0,0,0.0,6,100
499,219866,2018,9,0,0,0.0,0,0
499,221126,2018,6,0,0,0.0,0,0
499,255196,2018,4,0,0,0.0,7,0
499,260705,2018,1,0,0,0.0,0,0
499,263109,2017,12,0,0,0.0,0,9
499,257216,2017,12,0,0,0.0,597,0
499,267007,2018,10,0,0,0.0,0,0
499,260106,2018,11,0,0,0.0,0,2
499,265397,2018,12,0,0,0.0,0,6
500,1996,2018,8,6,14040,14040.0,0,0
500,595,2018,9,6,10736,10736.0,536,93
500,109,2018,12,6,3805,3805.0,507,108
500,19109,2018,7,5,5346,5346.0,7,8
500,5604,2017,2,5,10986,986.0,0,0
500,4612,2017,15,0,0,0.0,0,0
500,165,2018,11,0,0,0.0,0,0
500,494,2017,3,0,0,0.0,0,1
500,3106,2017,1,0,0,0.0,0,0
500,6097,2017,12,0,0,0.0,0,0
500,17803,2018,3,0,0,0.0,0,0
500,7634,2017,4,0,0,0.0,0,0
500,7606,2018,7,0,0,0.0,0,0
500,7886,2018,8,0,0,0.0,0,0
500,17871,2017,12,0,0,0.0,0,0
500,27904,2018,1,0,0,0.0,0,0
500,47098,2018,2,0,0,0.0,0,1
500,58031,2018,6,0,0,0.0,0,0
500,20872,2018,4,0,0,0.0,0,0
500,60803,2018,9,0,0,0.0,0,0
500,260153,2018,8,0,0,0.0,0,0
500,260862,2018,9,0,0,0.0,0,0
500,76106,2018,10,0,0,0.0,0,0
500,260665,2018,11,0,0,0.0,7,8
501,5001,2018,7,6,10830,10830.0,0,100
501,7467,2018,7,5,4310,4310.0,594,3
501,883,2018,6,6,44880,4880.0,0,8
501,43739,2018,8,4,4376,4376.0,0,0
501,83163,2018,11,3,4603,4603.0,400,88
501,90805,2017,4,2,1806,1806.0,0,0
501,127675,2018,1,2,2106,2106.0,600,0
501,136183,2017,2,1,603,603.0,0,8
501,160096,2018,1,1,1836,1836.0,0,0
501,167995,2017,11,1,823,823.0,0,8
501,160602,2018,8,1,101,101.0,0,0
501,169606,2018,2,1,737,737.0,514,0
501,187634,2017,1,0,140,40.0,0,0
501,190866,2017,2,0,0,0.0,0,8
501,200697,2017,3,0,0,0.0,791,0
501,200662,2017,4,0,0,0.0,0,6
501,207866,2018,3,0,0,0.0,0,0
501,210609,2017,6,0,0,0.0,0,0
501,320166,2018,7,0,0,0.0,0,0
501,320806,2018,5,0,0,0.0,538,0
501,335167,2018,6,0,0,0.0,0,0
501,347923,2018,7,0,0,0.0,0,0
501,348876,2018,11,0,0,0.0,0,2
501,358627,2018,11,0,0,0.0,0,1
502,26164,2017,8,4,6326,6326.0,0,0
502,54462,2018,2,3,7381,7381.0,0,0
502,67760,2018,6,3,1838,1638.0,331,98
502,62667,2017,11,3,1816,1816.0,0,0
502,60162,2017,2,3,1606,1606.0,0,0
502,65134,2018,3,3,4801,4801.0,0,0
502,97190,2017,5,2,2306,2306.0,0,0
502,115805,2018,7,2,2406,2406.0,0,0
502,127005,2018,8,2,2238,2238.0,0,1
502,162625,2018,10,1,603,603.0,0,0
502,162903,2018,5,1,801,801.0,0,0
502,186566,2017,1,0,0,0.0,0,0
502,192126,2017,3,0,0,0.0,0,0
502,201697,2018,11,0,0,0.0,0,0
502,213876,2017,4,20,0,0.0,0,0
502,220606,2017,5,0,0,0.0,0,0
502,265179,2017,1,12,0,0.0,0,0
502,267179,2018,9,0,0,0.0,0,0
502,265102,2017,11,0,0,0.0,0,0
502,260006,2018,2,0,0,0.0,0,0
502,261103,2018,12,0,0,0.0,0,8
502,369832,2018,10,0,0,0.0,500,0
502,310103,2018,9,0,0,0.0,527,0
502,365103,2018,12,0,0,0.0,514,100
503,4607,2018,6,6,11228,11228.0,0,0
503,5806,2017,8,6,10831,10831.0,0,0
503,883,2018,9,6,10836,20836.0,4,95
503,6858,2017,8,8,10317,317.0,0,0
503,606,2018,5,6,10604,10604.0,550,0
503,4663,2018,2,5,34421,6421.0,0,0
503,866,2018,6,0,0,0.0,0,0
503,107,2018,1,0,100,100.0,0,1
503,373,2017,8,0,0,0.0,0,0
503,4186,2018,12,0,58,28.0,0,9
503,817,2018,9,0,0,0.0,0,0
503,7203,2017,11,0,0,0.0,0,0
503,161,2018,2,0,0,0.0,0,0
503,860,2018,3,0,0,0.0,0,0
503,7177,2018,1,0,0,0.0,0,0
503,830,2017,9,0,0,0.0,0,0
503,7167,2018,4,0,0,0.0,0,0
503,676,2018,3,0,0,0.0,0,0
503,7613,2018,2,0,0,0.0,0,0
503,6806,2017,8,0,0,0.0,561,0
503,305666,2018,3,0,0,0.0,587,1
503,305606,2018,2,0,0,0.0,0,0
503,300698,2018,11,0,0,0.0,0,98
503,300609,2018,12,0,0,0.0,0,9
504,24676,2018,5,4,4900,4900.0,500,3
504,50803,2017,1,3,4821,4821.0,591,95
504,59837,2018,12,3,3777,3777.0,571,91
504,62196,2018,11,3,3641,3641.0,0,0
504,65199,2017,12,3,4337,4337.0,2,0
504,60650,2017,10,3,4386,4386.0,0,1
504,72609,2018,2,3,2607,2607.0,0,0
504,105439,2018,3,2,3647,3647.0,0,8
504,117163,2018,1,2,4688,4688.0,0,0
504,108203,2017,2,2,3326,3326.0,564,9
504,117909,2018,1,2,4108,4108.0,500,90
504,155856,2018,3,1,2800,2800.0,534,8
504,160803,2018,12,1,2301,2301.0,0,0
504,161267,2018,5,1,881,881.0,331,8
504,160802,2018,1,1,834,836.0,0,0
504,192922,2017,2,0,0,0.0,594,0
504,200162,2017,4,0,0,0.0,47,1
504,202869,2018,4,0,0,0.0,0,2
504,197372,2018,3,0,0,0.0,0,0
504,202266,2018,5,0,0,0.0,5,1
504,207066,2018,6,0,0,0.0,598,0
504,207035,2018,8,0,0,0.0,0,8
504,202805,2018,9,0,0,0.0,0,8
504,202073,2018,1,0,0,0.0,521,1
505,4606,2018,6,6,14636,14636.0,0,0
505,5863,2017,7,6,6016,6016.5,620,91
505,8664,2018,7,5,4130,4130.0,0,0
505,2361,2017,8,5,4371,6371.0,0,0
505,806,2018,6,0,0,0.0,694,0
505,7610,2018,4,0,0,0.0,0,0
505,7106,2018,7,0,0,0.0,0,0
505,8996,2017,8,0,0,0.0,0,0
505,733,2018,9,0,0,0.0,0,0
505,2102,2018,12,0,0,0.0,0,0
505,3808,2017,3,0,0,0.0,0,0
505,604,2017,8,0,0,0.0,0,0
505,107,2018,9,0,0,0.0,0,8
505,100802,2018,2,0,0,0.0,0,0
505,7906,2018,11,0,71,0.0,500,0
505,151133,2017,2,0,0,0.0,0,0
505,156863,2018,2,0,0,0.0,0,0
505,203676,2018,3,0,0,0.0,0,8
505,202886,2018,8,0,0,0.0,0,0
505,302893,2018,1,0,0,0.0,0,0
505,307686,2018,3,0,28,0.0,517,0
505,307477,2018,10,0,0,0.0,5,0
505,300387,2018,1,0,0,0.0,1,3
505,300990,2018,12,0,0,0.0,0,8
506,2503,2018,8,6,14376,14376.0,0,0
506,19155,2018,6,5,7326,7326.0,0,0
506,22860,2018,7,4,4608,4608.0,847,8
506,62272,2017,9,3,2340,12340.0,507,1
506,67863,2018,4,3,4646,4646.0,591,71
506,60961,2018,12,3,4701,4701.0,327,8
506,60336,2017,3,3,6001,6001.0,568,0
506,160689,2018,6,1,2326,2326.0,536,101
506,160696,2018,12,1,1178,1178.0,508,71
506,167606,2018,11,1,837,837.0,0,90
506,167803,2018,1,1,831,831.0,554,0
506,171106,2018,12,1,901,901.0,500,96
506,187123,2017,2,0,0,0.0,0,0
506,196877,2017,3,0,0,0.0,0,8
506,207909,2017,9,0,0,0.0,0,1
506,212655,2017,4,0,0,0.0,0,0
506,225073,2017,5,16,0,0.0,564,0
506,228959,2017,6,0,0,0.0,0,0
506,256603,2017,9,0,0,0.0,0,0
506,250403,2017,8,0,0,0.0,0,0
506,264105,2017,10,0,0,0.0,580,8
506,267607,2018,11,0,0,0.0,0,0
506,290586,2017,12,0,0,0.0,797,8
506,202869,2017,6,0,0,0.0,0,8
506,270129,2018,11,0,0,0.0,0,8
506,227660,2017,11,0,0,0.0,0,0
506,265877,2018,3,0,0,0.0,0,0
506,237694,2018,9,0,0,0.0,0,0
506,302604,2018,1,0,7,0.0,0,0
506,304666,2018,4,0,0,0.0,0,0
506,307663,2018,8,0,0,0.0,0,0
506,360606,2018,8,0,0,0.0,0,0
506,315606,2018,1,0,0,0.0,0,0
506,364985,2017,11,0,0,0.0,528,0
506,340303,2018,2,0,0,0.0,0,0
506,356806,2018,7,0,0,0.0,514,0
506,365194,2018,2,0,0,0.0,0,1
506,347806,2018,8,0,0,0.0,0,8
506,369446,2018,4,0,0,0.0,0,8
506,307163,2018,3,0,0,0.0,0,0
506,369693,2018,9,0,0,0.0,0,3
506,347125,2018,1,0,0,0.0,0,0
506,368266,2018,10,0,0,0.0,0,6
506,362296,2018,11,0,0,0.0,4,0
506,360899,2018,6,0,0,0.0,0,0
506,390961,2018,12,0,0,0.0,597,0
506,360903,2018,12,0,0,0.0,0,0
506,367101,2018,11,0,0,0.0,0,0
507,7446,2018,7,5,10780,10780.0,0,0
507,24176,2018,12,4,7606,7606.0,0,0
507,21169,2017,7,4,4340,4340.0,596,58
507,37106,2018,12,4,4106,4106.0,0,148
507,30802,2018,2,4,3446,3446.0,491,128
507,47699,2018,1,3,4476,4476.0,545,0
507,57665,2018,3,3,1616,1616.0,521,8
507,67695,2018,1,3,4207,4207.0,0,1
507,60261,2018,12,3,4125,4125.0,0,8
507,67634,2017,11,3,2821,2721.0,0,0
507,67139,2018,6,3,4606,4606.0,578,0
507,167808,2018,8,1,706,706.0,0,0
507,167492,2018,10,1,2331,2331.0,0,0
507,160576,2018,1,1,107,107.0,591,78
507,165704,2017,1,1,630,630.0,0,0
507,188169,2017,1,0,0,0.0,0,0
507,107118,2017,2,0,0,0.0,0,0
507,207606,2017,2,0,0,0.0,0,0
507,212302,2017,10,0,0,0.0,514,100
507,227803,2017,4,0,0,0.0,421,0
507,247877,2017,8,0,0,0.0,0,8
507,205006,2017,10,0,0,0.0,0,8
507,313497,2018,9,0,0,0.0,0,0
507,325183,2018,9,0,0,0.0,0,0
508,3392,2017,8,6,9827,9827.0,0,0
508,605,2017,7,6,33640,3640.0,0,0
508,3663,2018,8,5,5875,5875.0,0,0
508,876,2018,6,6,9321,9321.0,0,0
508,1896,2017,8,6,7300,7300.0,0,0
508,7480,2017,1,6,10888,888.0,500,0
508,106,2017,12,7,4737,4737.0,594,1
508,47687,2017,7,3,4331,4335.0,0,8
508,51136,2017,2,3,4137,4137.0,790,0
508,2136,2017,12,3,4601,4671.0,538,103
508,7105,2017,10,3,3986,3986.0,0,0
508,854,2018,9,5,4306,4306.0,8,108
508,7569,2017,11,2,3601,3601.0,517,1
508,7534,2017,11,6,4636,4636.0,0,0
508,104306,2018,3,2,4638,4638.0,0,0
508,107606,2018,1,2,1617,1617.0,374,1
508,107806,2018,4,2,4316,10336.0,0,0
508,203127,2018,5,0,0,0.0,0,98
508,306107,2018,9,0,0,0.0,0,0
508,300967,2018,3,0,0,10000.0,0,0
508,320806,2018,6,0,0,0.0,0,8
508,309739,2018,8,0,0,0.0,0,0
508,300667,2018,9,0,0,0.0,0,0
508,357697,2018,8,0,0,0.0,0,0
509,7260,2018,7,6,14866,14866.0,526,123
509,69606,2018,9,3,3926,3926.0,0,0
509,100968,2018,11,2,17814,10814.0,500,8
509,100007,2017,12,2,4392,4392.0,0,0
509,161460,2018,1,1,1606,1606.0,0,0
509,168105,2018,1,1,857,857.0,0,0
509,167604,2018,2,1,681,681.0,534,0
509,160868,2018,2,1,301,301.0,0,0
509,164167,2018,11,1,911,911.0,0,1
509,167105,2018,1,1,421,421.0,0,0
509,167185,2018,1,1,706,706.0,0,0
509,162834,2018,11,1,621,621.0,0,0
509,186633,2017,2,0,0,0.0,0,0
509,197153,2017,2,0,0,0.0,594,100
509,207199,2017,3,0,0,0.0,0,0
509,201167,2017,4,0,0,0.0,0,0
509,207106,2018,3,0,0,0.0,0,0
509,200194,2017,12,0,0,0.0,579,0
509,217146,2018,4,0,0,0.0,0,0
509,220265,2018,5,0,0,0.0,0,5
509,325203,2018,6,0,0,0.0,0,0
509,327863,2018,6,0,0,0.0,0,3
509,357606,2018,7,0,0,0.0,0,0
509,320462,2018,12,0,0,0.0,557,0
510,7108,2017,3,5,9600,9600.0,0,0
510,7493,2018,5,5,4340,4340.0,0,0
510,608,2017,7,5,5840,5840.0,544,0
510,5846,2017,5,0,640,640.0,0,8
510,16466,2018,8,5,0,0.0,0,0
510,3326,2017,9,0,0,0.0,0,0
510,17196,2018,6,0,0,0.0,0,0
510,26812,2017,7,0,0,0.0,500,0
510,37396,2018,3,0,0,0.0,0,0
510,40106,2018,1,0,0,0.0,0,0
510,56894,2017,9,0,0,0.0,0,0
510,66696,2017,2,0,0,0.0,4,0
510,62833,2018,11,0,0,0.0,0,0
510,60356,2017,12,0,0,0.0,0,0
510,67692,2018,3,0,0,0.0,0,0
510,62103,2018,8,0,0,0.0,0,0
510,93106,2018,1,0,0,0.0,0,1
510,305101,2018,2,0,0,0.0,0,0
510,307601,2018,4,0,0,0.0,0,0
510,360663,2018,6,0,0,0.0,0,0
510,366605,2018,9,0,0,0.0,581,0
510,363803,2018,11,0,0,0.0,0,0
510,362103,2018,12,0,0,0.0,0,0
510,367875,2018,12,0,0,0.0,0,0
511,4446,2017,6,6,14666,14666.0,0,0
511,2666,2017,8,6,4372,6372.0,0,0
511,202,2018,7,8,3406,3406.0,524,91
511,11803,2017,7,5,4625,4625.0,501,91
511,13803,2017,11,5,2408,2408.0,0,0
511,60192,2017,2,3,4641,4641.0,800,0
511,67135,2018,3,3,4331,4331.0,561,3
511,62866,2018,10,3,3317,3317.0,0,8
511,124866,2018,11,2,1328,1328.0,0,0
511,167871,2018,1,3,4306,4306.0,0,0
511,165873,2018,2,1,1601,1601.0,534,8
511,307676,2017,8,0,0,0.0,0,0
511,309608,2017,2,0,0,0.0,568,0
511,300155,2018,3,0,0,0.0,0,0
511,305807,2018,4,0,0,0.0,0,0
511,307636,2018,2,0,0,0.0,0,0
511,367146,2018,5,0,0,0.0,0,0
511,359686,2018,4,0,0,0.0,0,8
511,355503,2018,9,0,0,0.0,0,0
511,353842,2018,8,0,0,0.0,0,0
511,356707,2018,9,0,0,0.0,0,0
511,362603,2017,12,0,0,0.0,0,0
511,362898,2018,11,0,0,0.0,0,8
511,383303,2018,12,0,0,0.0,0,0
512,2108,2017,6,6,10661,10661.0,531,71
512,7568,2018,7,5,4830,4830.0,0,0
512,7803,2017,8,5,4390,4390.0,538,101
512,31796,2018,3,4,3636,3636.0,8,0
512,25372,2017,9,4,3361,3361.0,500,0
512,50053,2017,1,3,4609,4909.0,0,0
512,62402,2017,10,3,2338,2338.0,0,8
512,67304,2017,12,3,2823,2823.0,0,0
512,60367,2018,6,3,3821,3821.0,0,0
512,90664,2017,8,2,4480,4480.0,0,0
512,93133,2018,11,2,1806,1806.0,0,0
512,100806,2017,2,2,4623,4623.0,648,0
512,102119,2017,10,2,4443,4443.0,0,0
512,106161,2018,12,2,4898,4898.0,0,0
512,107666,2017,10,2,4386,4386.0,0,0
512,105862,2018,2,2,4475,4475.0,0,9
512,103107,2018,6,6,14736,4736.0,0,3
512,107606,2017,9,2,1127,1127.0,0,0
512,150064,2018,2,1,2338,2348.0,0,8
512,163899,2018,6,1,832,4372.0,0,0
512,175169,2018,7,0,0,0.0,560,8
512,200606,2017,12,0,0,0.0,0,0
512,360604,2018,11,0,0,6.0,200,0
512,365163,2018,11,0,0,0.0,0,1
513,7680,2018,6,5,10285,10285.0,500,73
513,14070,2017,4,5,13930,13930.0,0,0
513,30809,2018,5,4,5980,5980.0,534,6
513,42139,2018,12,4,4300,4300.0,500,78
513,51689,2018,7,3,4287,7287.0,324,95
513,50193,2017,8,3,4623,6623.0,0,0
513,60503,2018,1,3,1363,1363.0,0,8
513,130633,2018,7,2,4788,4788.0,0,1
513,161099,2017,3,1,806,806.0,0,8
513,160046,2018,11,1,767,767.0,396,0
513,165533,2018,6,1,2301,2301.0,534,58
513,162963,2018,9,1,708,708.0,794,78
513,167666,2018,12,1,717,717.0,6,0
513,157606,2018,11,1,876,876.0,590,0
513,180095,2017,12,0,0,0.0,0,0
513,190616,2017,3,0,0,0.0,0,0
513,209897,2018,4,0,0,0.0,0,8
513,202602,2018,1,0,0,0.0,0,0
513,201106,2017,2,0,0,0.0,0,0
513,213691,2018,5,0,0,0.0,0,2
513,225262,2018,8,0,0,0.0,0,0
513,235106,2018,10,0,0,0.0,0,4
513,251806,2018,1,0,0,0.0,524,8
513,340883,2018,2,0,0,0.0,0,1
514,813,2018,7,6,4700,4700.0,0,0
514,8893,2018,8,5,4260,4260.0,0,0
514,10687,2017,5,5,4830,4830.0,300,0
514,8503,2017,12,5,7917,7917.0,4,0
514,20974,2018,2,5,4805,4805.0,538,0
514,56863,2017,1,3,3888,3888.0,0,1
514,54266,2018,2,3,3001,3001.0,0,0
514,65401,2017,9,3,5849,5849.0,0,0
514,62866,2018,2,3,1806,1806.0,504,1
514,81165,2018,8,3,4707,4707.0,591,100
514,102106,2017,1,2,4481,4481.0,0,0
514,101811,2017,6,2,4657,4657.0,534,108
514,102896,2018,12,2,3460,3460.0,0,3
514,120199,2018,6,2,4300,4300.0,594,90
514,144544,2018,9,1,835,835.0,0,0
514,165366,2018,10,1,2001,2001.0,0,0
514,160866,2018,1,1,617,617.0,569,106
514,162402,2018,11,1,1338,1335.0,0,0
514,160996,2018,12,1,847,937.0,594,0
514,160836,2017,12,1,718,875.0,0,0
514,164102,2018,12,1,967,47.0,567,98
514,200601,2018,3,0,0,5.0,526,1
514,301393,2018,4,0,0,0.0,527,90
514,311665,2018,1,0,0,5.0,0,0
515,2591,2017,6,6,15770,15770.0,0,0
515,4809,2018,8,6,10336,10336.0,500,4
515,661,2017,12,5,10765,10765.0,534,58
515,117866,2018,3,2,4306,6306.0,561,1
515,100167,2017,1,2,4106,6106.0,621,108
515,113663,2018,3,2,2878,2878.0,0,0
515,110419,2018,2,2,4116,4116.0,500,8
515,111106,2018,5,2,4323,4323.0,500,98
515,120136,2018,1,2,4227,4297.0,0,0
515,123694,2018,6,2,3306,3306.0,0,0
515,155136,2018,11,1,801,801.0,561,0
515,161653,2018,7,1,876,876.0,0,6
515,172808,2018,8,1,2028,2028.0,500,0
515,185868,2017,1,0,0,0.0,4,0
515,198876,2017,2,0,0,0.0,0,0
515,205464,2017,2,0,0,0.0,0,1
515,207001,2017,4,0,0,0.0,0,0
515,200676,2018,3,0,0,0.0,0,0
515,200162,2018,4,0,0,0.0,0,0
515,200866,2018,8,0,0,0.0,0,98
515,200673,2018,9,0,0,0.0,0,0
515,207365,2017,12,0,0,0.0,0,0
515,203075,2018,2,0,0,0.0,0,0
515,250666,2017,4,0,0,0.0,0,0
516,7872,2017,8,5,10620,10620.0,0,0
516,20456,2018,7,4,4677,4677.0,544,108
516,85806,2018,8,3,9731,9731.0,527,92
516,165822,2018,11,1,606,606.0,0,0
516,166625,2018,2,1,49,49.0,0,0
516,164649,2018,1,1,804,804.0,0,0
516,365896,2018,2,1,3,3.0,0,0
516,367133,2018,3,1,698,698.0,0,8
516,363066,2017,2,1,838,838.0,0,0
516,364566,2017,6,1,1833,1833.0,594,0
516,366165,2018,5,0,0,0.0,0,0
516,390862,2017,8,0,0,0.0,790,8
516,300863,2017,7,0,0,0.0,0,0
516,327617,2018,1,0,0,0.0,0,0
516,377186,2018,1,0,0,0.0,0,0
516,307137,2018,3,0,0,0.0,0,0
516,327166,2018,5,0,866,0.0,0,0
516,337104,2018,7,0,0,0.0,0,6
516,360892,2018,9,0,0,0.0,0,0
516,367607,2018,7,0,0,0.0,0,0
516,360663,2018,11,0,0,0.0,0,0
516,368608,2018,8,0,0,0.0,558,8
516,360206,2018,11,0,0,0.0,564,0
516,362507,2018,11,0,0,0.0,394,8
517,37736,2018,10,4,4931,4931.0,0,0
517,61472,2018,11,3,4657,4657.0,0,0
517,78762,2018,11,3,4387,4387.0,537,108
517,81663,2018,11,3,5123,5123.0,0,0
517,95104,2017,2,3,2335,2335.0,0,8
517,107807,2018,5,2,2327,2327.0,0,0
517,105166,2017,8,1,2875,2875.0,0,0
517,152603,2017,1,1,2806,2806.0,0,8
517,167560,2018,2,1,4336,4036.0,0,0
517,180100,2018,2,0,0,0.0,0,0
517,186465,2017,3,0,0,0.0,0,143
517,194103,2017,5,0,0,0.0,0,0
517,204167,2017,6,0,0,0.0,6,0
517,200157,2017,4,0,0,0.0,0,0
517,217462,2017,3,0,0,0.0,0,0
517,222107,2017,5,0,0,0.0,0,0
517,237109,2017,7,0,0,0.0,0,0
517,247170,2017,8,0,0,0.0,0,0
517,243604,2017,9,0,0,0.0,0,6
517,250876,2017,8,0,0,99.0,0,0
517,260962,2017,9,0,0,0.0,0,0
517,262187,2018,10,0,0,0.0,0,0
517,264373,2018,11,0,0,0.0,0,0
517,262875,2018,12,0,0,0.0,0,0
518,5976,2018,8,6,10338,10338.0,0,0
518,373,2018,7,6,4326,10326.0,0,0
518,4606,2017,6,6,14300,14300.0,0,0
518,17600,2018,9,5,4475,4475.0,0,0
518,20106,2018,6,4,7276,7276.0,0,1
518,43818,2018,12,4,3306,3306.0,0,0
518,50462,2017,1,3,4301,4301.0,0,0
518,60206,2017,11,3,1026,1026.0,0,0
518,90575,2018,2,2,2800,2800.0,500,1
518,100694,2018,8,3,4657,4657.0,0,0
518,151609,2018,2,2,4306,4306.0,820,0
518,145406,2017,10,1,831,831.0,594,0
518,156087,2017,11,1,903,903.0,0,8
518,182163,2017,1,0,0,0.0,0,0
518,197882,2017,2,0,0,0.0,0,0
518,201606,2017,3,0,0,0.0,0,0
518,254865,2017,1,0,0,0.0,0,0
518,260095,2017,8,0,0,0.0,0,9
518,272613,2017,12,0,0,0.0,0,0
518,260666,2017,11,0,0,0.0,0,0
518,302605,2018,12,0,0,0.0,0,2
518,340806,2018,3,0,0,0.0,0,0
518,354603,2018,5,0,0,0.0,0,0
518,360696,2018,11,0,0,0.0,500,0
519,2896,2017,7,6,10706,10706.0,537,92
519,814,2018,8,5,4405,4405.0,0,0
519,17223,2018,12,5,4330,4330.0,0,0
519,25195,2017,5,5,5801,5801.0,0,0
519,124801,2018,8,2,2686,2686.0,0,0
519,117106,2018,1,2,2636,2636.0,0,0
519,128306,2018,12,6,2888,2888.0,0,1
519,156893,2018,2,1,722,7722.0,0,0
519,155106,2018,1,1,2337,2337.0,0,0
519,160466,2018,1,1,828,898.0,0,0
519,160173,2018,2,1,636,636.0,0,8
519,184635,2017,1,0,0,0.0,0,0
519,195124,2017,2,0,0,0.0,0,0
519,200676,2017,3,0,0,0.0,0,0
519,202186,2017,4,0,0,0.0,510,0
519,200093,2017,3,0,0,0.0,600,0
519,203109,2017,4,0,0,0.0,0,0
519,210986,2017,5,0,0,0.0,0,0
519,242003,2018,8,0,0,0.0,0,0
519,269939,2017,11,0,0,0.0,0,0
519,252523,2017,9,0,0,0.0,0,0
519,264108,2018,11,0,0,0.5,0,0
519,364224,2018,12,0,0,0.0,0,0
519,351097,2018,11,0,0,0.0,0,0
520,5603,2018,6,6,10340,10340.0,505,99
520,8166,2018,5,6,8626,8626.0,0,0
520,17996,2018,8,5,5205,6205.0,0,0
520,27489,2018,11,4,9461,9461.0,0,0
520,43486,2018,2,4,8102,8102.5,618,1
520,51106,2018,8,3,6825,6825.0,300,40
520,63340,2017,9,3,1806,1806.0,0,0
520,60138,2017,11,3,3471,3471.0,800,8
520,182808,2018,11,3,4721,4721.0,0,0
520,100888,2017,6,2,4321,4321.0,0,0
520,103908,2017,11,2,4808,4808.0,0,0
520,100317,2017,1,2,2229,2229.0,596,1
520,112360,2018,3,2,2108,2102.0,8,0
520,164082,2018,2,1,1325,1325.0,590,0
520,183807,2018,12,0,0,10000.0,0,0
520,190876,2017,2,0,0,0.0,0,0
520,195867,2018,1,0,0,0.0,0,0
520,290867,2017,2,0,0,0.0,0,0
520,200863,2018,3,0,0,0.0,0,0
520,203498,2018,4,0,0,0.0,0,1
520,207184,2018,2,0,0,0.0,0,0
520,314605,2018,5,0,0,0.0,0,0
520,325867,2018,6,0,0,0.0,0,0
520,344106,2018,8,0,0,0.0,0,9
521,20669,2018,12,5,670,670.0,0,0
521,45808,2018,11,4,4206,4206.0,0,0
521,59993,2018,9,3,5631,5631.0,0,98
521,168387,2017,1,1,940,940.0,0,0
521,167699,2018,8,1,847,847.0,528,0
521,160886,2018,11,1,814,814.0,0,0
521,160167,2018,1,1,643,643.0,0,0
521,361166,2018,2,1,705,10705.0,0,0
521,340482,2017,3,1,831,831.0,0,0
521,351893,2018,4,12,607,607.0,530,0
521,319182,2017,3,0,0,0.0,521,0
521,320436,2017,6,0,0,0.0,0,0
521,326132,2017,9,0,0,0.0,0,0
521,329165,2017,4,0,0,0.0,0,9
521,329107,2017,5,0,0,0.0,0,0
521,327665,2018,6,0,0,0.0,0,0
521,324832,2018,6,0,0,0.0,0,0
521,367006,2018,9,0,0,0.0,0,0
521,365063,2018,8,0,0,0.0,0,0
521,363072,2018,9,0,688,0.0,0,0
521,364166,2018,8,0,0,0.0,0,0
521,362896,2018,10,0,0,0.0,500,0
521,326872,2018,6,0,0,0.0,0,0
521,385107,2018,11,0,0,0.0,0,1
522,5802,2018,7,6,10980,10980.0,500,0
522,3897,2017,8,6,10683,10689.0,0,1
522,163,2018,8,5,5345,5345.0,507,96
522,801,2018,7,6,11348,1348.0,0,0
522,2792,2018,8,6,15406,5406.0,0,0
522,6854,2017,9,6,4608,4608.0,0,0
522,1877,2018,8,2,4634,4634.0,0,0
522,7846,2017,9,6,4201,4201.0,0,0
522,108,2018,12,6,4717,4717.0,594,100
522,7063,2018,7,3,4406,4406.0,0,1
522,104109,2017,12,2,4241,4241.0,0,0
522,107018,2018,1,2,4305,4305.0,0,0
522,107896,2018,3,2,2906,12906.0,0,0
522,100603,2017,11,2,4128,4128.0,564,58
522,108106,2017,12,2,4471,4471.0,0,0
522,103833,2018,6,2,1637,1637.0,0,9
522,104887,2017,13,5,4630,4633.0,500,1
522,103016,2018,1,2,4822,822.0,0,0
522,103201,2017,1,2,2300,3318.0,4,0
522,106803,2017,4,2,4317,4467.0,541,0
522,251480,2017,2,0,0,0.0,580,0
522,202694,2017,3,0,0,0.0,562,0
522,307894,2018,5,0,0,0.0,584,101
522,324602,2018,11,0,0,0.0,598,0
523,7654,2018,7,5,12675,12675.0,0,0
523,9609,2017,7,5,4840,4840.0,745,50
523,15864,2017,6,5,5830,5830.0,597,98
523,17895,2018,5,5,10885,885.0,0,0
523,51666,2017,9,3,6346,6346.0,894,78
523,61668,2017,2,3,4327,4327.0,0,0
523,73487,2017,4,3,2336,2336.0,500,0
523,100183,2018,8,2,4336,4336.0,0,8
523,107169,2017,5,2,4608,4608.0,500,0
523,100865,2018,12,2,4396,4396.0,0,0
523,144883,2018,6,1,2201,2206.0,0,0
523,157163,2018,8,1,606,606.0,390,8
523,154677,2018,2,1,833,833.0,7,0
523,162566,2018,7,1,736,736.0,0,0
523,160865,2018,11,1,1877,1877.0,524,0
523,160868,2018,8,1,705,705.0,584,8
523,167196,2018,4,1,781,781.0,0,0
523,160405,2018,9,1,1811,1825.0,0,0
523,227866,2018,9,1,607,55.0,7,0
523,237869,2017,3,0,0,0.0,0,0
523,250106,2017,12,0,0,0.0,0,8
523,262196,2017,1,0,0,0.0,500,0
523,267667,2017,10,0,0,0.0,0,0
523,202522,2018,12,0,0,0.0,628,1
524,20884,2018,12,5,700,700.0,6,8
524,67809,2018,11,3,4287,4284.0,534,95
524,60809,2018,2,3,2406,2406.0,524,91
524,60807,2017,3,3,4811,4811.0,537,101
524,160197,2018,11,3,4806,4806.0,0,8
524,160897,2018,12,1,701,701.0,500,8
524,166197,2017,11,1,1381,2381.0,0,2
524,165967,2018,2,1,2328,2328.0,300,74
524,162274,2018,1,1,657,657.0,0,0
524,160869,2018,9,1,600,600.0,0,0
524,167132,2018,2,1,601,601.0,0,0
524,182433,2017,11,0,0,0.0,0,0
524,194266,2017,1,0,0,0.0,0,0
524,204810,2017,2,0,0,0.0,0,0
524,200564,2017,5,0,0,0.0,0,0
524,215695,2017,3,0,0,0.0,0,0
524,220801,2017,5,0,0,0.0,0,0
524,220726,2017,6,0,0,0.0,0,0
524,237699,2017,7,0,0,0.0,0,0
524,250152,2017,9,0,0,0.0,0,0
524,260866,2017,11,0,0,0.0,0,0
524,200876,2017,10,0,0,0.0,0,0
524,244963,2018,11,0,0,0.0,0,1
524,300069,2018,2,0,0,0.0,0,0
525,134165,2018,1,2,3720,3720.0,0,0
525,160807,2018,12,1,1791,1791.0,0,0
525,165883,2018,1,1,1814,1814.0,500,0
525,162483,2018,10,1,936,936.0,590,96
525,188101,2017,1,0,65,65.0,0,0
525,309663,2017,2,0,0,0.0,0,0
525,313836,2017,3,0,0,0.0,0,0
525,320003,2018,5,0,0,0.0,0,6
525,323194,2018,6,0,0,0.0,0,0
525,327606,2017,7,0,0,0.0,0,0
525,327876,2018,10,0,0,0.0,0,0
525,330495,2017,8,0,0,0.0,0,0
525,321165,2018,2,0,0,0.0,0,0
525,361104,2017,11,0,0,0.0,0,0
525,368862,2018,1,0,0,0.0,0,0
525,360063,2018,9,0,0,0.0,0,0
525,360666,2018,2,0,0,0.0,0,0
525,360143,2018,1,0,0,0.0,0,0
525,360802,2018,3,0,0,0.0,0,0
525,362166,2018,2,0,0,0.0,0,0
525,320843,2018,4,0,0,0.0,0,0
525,368808,2018,11,0,0,0.0,9,0
525,327607,2018,12,0,0,0.0,0,0
525,323166,2018,12,0,0,0.0,0,8
526,4162,2017,6,6,4580,4580.0,0,0
526,3096,2018,7,5,4305,4305.0,516,100
526,7609,2017,8,6,4201,4201.0,308,91
526,17506,2018,3,5,4005,4005.0,1,100
526,7862,2018,5,5,10638,638.0,547,78
526,1193,2017,1,4,6628,6628.0,0,1
526,17896,2018,6,5,7708,7708.0,0,0
526,90198,2018,12,3,3848,3848.0,590,0
526,104256,2017,7,2,4346,4346.0,504,100
526,100808,2018,9,2,4360,4360.0,0,0
526,37464,2017,11,2,4300,4300.0,0,0
526,137406,2018,6,2,2216,2216.0,0,0
526,147896,2017,2,1,2346,2346.0,0,0
526,156860,2018,1,1,977,977.0,0,0
526,182133,2017,2,0,0,0.0,0,0
526,197006,2017,4,0,0,0.0,814,0
526,205160,2017,3,0,0,0.0,0,0
526,205106,2018,1,0,0,0.0,0,0
526,204185,2018,4,0,0,0.0,0,0
526,240806,2018,8,0,0,0.0,0,0
526,300678,2018,7,0,0,0.0,0,0
526,300466,2018,12,0,0,0.0,524,100
526,317166,2018,11,0,0,0.0,0,6
526,360199,2018,12,0,0,0.0,0,0
527,5629,2018,6,6,6986,6986.0,500,0
527,65806,2018,11,3,4431,4431.0,4,0
527,60989,2018,8,3,6347,6347.0,526,98
527,88334,2018,8,3,4896,4896.0,597,98
527,124379,2018,1,2,1646,1646.0,0,8
527,184002,2018,12,1,887,887.0,0,0
527,156108,2018,1,1,606,606.0,0,0
527,160886,2018,2,1,403,403.0,0,0
527,167671,2018,1,1,922,922.0,0,0
527,160107,2018,3,1,601,601.0,0,0
527,162562,2018,9,1,807,807.0,500,0
527,167623,2018,8,1,1961,1961.0,0,0
527,311665,2018,5,0,0,0.0,500,0
527,365153,2017,11,0,0,0.0,0,0
527,366167,2018,10,0,0,0.0,0,0
527,369865,2018,12,0,0,0.0,0,0
527,362806,2018,9,0,0,0.0,0,0
527,367467,2018,10,0,0,0.0,0,0
527,327889,2018,2,0,0,0.0,0,0
527,350602,2018,8,0,0,0.0,0,0
527,357696,2018,1,0,0,0.0,0,0
527,367890,2018,8,0,0,0.0,0,0
527,367564,2018,11,0,0,0.0,0,0
527,360631,2018,12,0,0,0.0,399,3
528,3003,2017,7,6,7680,7680.0,508,0
528,6806,2017,7,6,6346,6346.0,541,101
528,57893,2018,8,3,4336,4336.0,424,101
528,102996,2018,1,2,4686,4686.0,0,0
528,109535,2018,6,2,2032,2032.0,500,1
528,100806,2017,8,2,606,606.0,0,0
528,100167,2017,12,2,4602,4602.0,538,100
528,107105,2017,9,2,4638,4638.0,542,0
528,100390,2017,8,2,4326,4326.0,590,98
528,100065,2017,11,2,4616,4916.0,564,107
528,100002,2018,2,2,2300,2300.0,2,0
528,103173,2017,10,2,2021,2021.0,0,0
528,100616,2018,9,2,4831,4331.0,0,98
528,100066,2017,2,2,4317,4317.0,0,0
528,144136,2017,11,1,643,643.0,0,0
528,180187,2017,12,0,0,0.0,504,0
528,156067,2017,1,0,0,0.0,595,0
528,196865,2017,12,0,0,0.0,327,9
528,192133,2018,1,0,0,0.0,390,100
528,305801,2018,3,0,0,0.0,7,0
528,301105,2018,1,0,0,0.0,8,8
528,301156,2018,2,0,0,0.0,0,0
528,303100,2018,1,0,0,0.0,591,0
528,310866,2018,10,0,0,0.0,628,108
529,2249,2017,8,6,10285,10285.0,0,0
529,8667,2018,5,5,10765,10765.0,0,0
529,7603,2018,7,5,10635,10635.0,0,0
529,37163,2017,8,4,4848,4848.0,0,0
529,32803,2017,11,4,3206,3207.0,0,8
529,42195,2018,3,4,2843,2843.0,0,0
529,52863,2017,6,3,4236,4236.0,0,0
529,60003,2018,12,3,4001,4001.0,0,1
529,60529,2018,1,3,7337,7337.0,500,6
529,137603,2018,11,2,4808,4808.0,0,0
529,162662,2018,11,1,735,735.0,536,0
529,175813,2018,2,1,671,621.0,766,88
529,165803,2018,11,1,2448,2448.0,0,0
529,182686,2017,1,0,0,0.0,0,0
529,197606,2017,2,0,0,0.0,0,0
529,187624,2017,1,0,0,0.0,0,0
529,195367,2017,2,0,0,0.0,0,0
529,307164,2018,3,0,0,0.0,0,0
529,313253,2018,4,0,0,0.0,0,0
529,312857,2018,12,0,0,0.0,0,1
529,337873,2018,7,0,0,0.0,0,0
529,350380,2018,3,0,0,0.0,0,0
529,367642,2018,11,0,0,0.0,0,0
529,367607,2018,12,0,0,0.0,0,0
530,7489,2017,3,5,4825,4825.0,0,0
530,27988,2018,12,5,12635,12635.5,700,0
530,35366,2018,1,4,800,800.0,0,0
530,49882,2018,1,4,4301,4301.0,0,0
530,40859,2018,12,4,3407,3407.0,500,0
530,67165,2018,7,3,1781,1781.0,0,0
530,95006,2017,10,3,1608,1608.0,0,0
530,90139,2017,1,3,4001,4001.0,0,0
530,99669,2018,4,2,4338,4338.0,594,100
530,92609,2018,11,2,4387,4387.0,0,1
530,97885,2017,2,3,3706,3706.0,0,0
530,102987,2017,7,2,10286,286.0,0,0
530,100606,2017,2,0,0,0.0,0,0
530,197897,2018,3,0,0,0.0,0,0
530,200804,2017,2,0,0,0.0,0,0
530,204002,2017,3,0,0,0.0,0,0
530,210466,2017,4,0,0,0.0,0,0
530,220487,2017,5,0,0,0.0,0,0
530,237161,2018,6,0,0,0.0,0,0
530,243803,2018,7,0,0,0.0,8,0
530,245602,2018,8,0,0,0.0,0,0
530,60291,2018,8,0,0,0.0,0,0
530,335966,2018,9,0,0,0.0,0,0
530,344806,2018,11,0,0,0.0,520,3
531,1890,2017,6,6,12806,12806.0,0,0
531,7833,2018,12,5,5435,5435.0,568,91
531,14894,2018,7,5,4885,4885.0,0,3
531,67822,2017,12,3,1827,1827.0,500,0
531,67804,2018,11,3,6207,6200.0,0,0
531,107767,2017,11,2,4736,4736.0,500,0
531,107994,2017,12,2,4604,4604.0,0,0
531,103866,2017,12,2,4896,4896.0,0,100
531,100123,2017,1,2,4016,4016.0,0,0
531,117866,2018,8,2,2608,2608.0,0,0
531,177801,2018,1,1,2406,2406.0,524,126
531,164667,2018,6,1,811,811.0,0,0
531,200105,2017,9,0,0,0.0,0,0
531,254067,2017,4,0,0,0.0,0,0
531,209906,2017,9,0,0,0.0,594,0
531,207066,2017,3,0,0,0.0,0,0
531,223167,2018,2,0,0,0.0,3,0
531,236835,2018,10,0,0,0.0,0,0
531,217182,2017,11,0,0,0.0,0,0
531,207867,2018,2,0,0,0.0,0,0
531,237695,2018,7,0,0,0.0,0,0
531,247376,2017,8,0,0,0.0,0,0
531,268404,2018,10,0,0,0.0,0,0
531,205104,2018,11,0,0,0.0,0,0
532,9971,2018,8,6,4696,4696.0,504,109
532,5889,2017,7,6,14351,14351.0,0,1
532,867,2017,6,5,4430,4430.0,0,0
532,52823,2017,9,3,4307,4307.0,0,0
532,60106,2017,2,3,5337,5337.0,526,0
532,87866,2018,6,3,7370,7370.0,597,108
532,67402,2018,7,3,2306,2306.0,0,8
532,90966,2017,1,2,2836,2836.0,500,0
532,127606,2018,11,2,3378,3378.0,0,5
532,187009,2018,10,1,1688,1685.0,538,100
532,160065,2017,11,1,86,86.0,0,9
532,160806,2018,3,1,807,807.0,561,0
532,162996,2018,1,1,2339,2339.0,0,0
532,168107,2018,2,1,1661,1661.0,0,0
532,197904,2017,2,0,0,0.0,0,0
532,207095,2017,3,0,0,0.0,0,0
532,203503,2017,4,0,0,0.0,0,1
532,210107,2017,4,0,0,0.0,0,0
532,247369,2017,7,0,0,0.0,0,0
532,267066,2017,18,0,0,0.0,0,0
532,260807,2017,12,0,0,0.0,0,0
532,267808,2017,12,0,0,0.0,0,0
532,295872,2018,13,0,0,0.0,564,0
532,286695,2018,11,0,0,0.0,0,0
533,14146,2018,6,5,2875,2875.0,0,0
533,17670,2018,7,5,5375,5375.0,0,0
533,27647,2018,11,5,7800,7800.0,524,120
533,36377,2017,2,3,7321,7321.0,0,0
533,50106,2017,2,3,1178,1108.0,0,0
533,52895,2018,3,3,1347,1347.0,0,1
533,63409,2018,9,3,4116,4116.0,596,8
533,67476,2018,8,3,4083,4083.0,0,0
533,65693,2017,12,3,5805,5805.0,0,0
533,60909,2018,1,3,2307,2307.0,0,0
533,160123,2017,12,3,32011,2011.0,0,0
533,103163,2017,1,2,4808,4808.0,790,71
533,105830,2017,6,2,4623,4623.0,0,0
533,100923,2017,5,2,2728,2798.0,527,0
533,107996,2018,3,2,4806,4806.0,0,0
533,102867,2017,11,2,2347,2377.0,521,8
533,107109,2018,4,1,641,641.0,500,0
533,107863,2018,7,2,891,891.0,764,0
533,107803,2018,3,2,1786,726.0,0,0
533,160866,2018,5,1,840,902.0,0,71
533,217139,2018,1,0,0,0.0,337,0
533,225607,2018,6,0,0,0.0,0,8
533,265803,2017,11,0,0,0.0,0,0
533,264187,2018,2,0,0,0.0,0,8
533,227103,2017,2,0,0,0.0,0,0
533,215690,2017,7,0,0,0.0,0,98
533,257665,2017,8,0,0,0.0,598,0
533,231194,2018,12,0,0,0.0,500,0
533,265167,2017,1,0,0,5.0,0,2
533,203895,2018,8,0,0,0.0,0,0
533,207663,2017,3,0,0,0.0,0,0
533,258832,2017,8,0,0,0.0,0,1
533,251666,2018,9,0,0,0.0,0,0
533,235189,2018,8,0,0,0.0,0,88
533,265067,2017,12,0,0,0.0,0,0
533,260363,2017,7,0,0,0.0,0,0
533,258104,2017,2,0,0,0.0,525,0
533,257866,2018,8,0,0,0.0,0,0
533,262674,2017,8,0,0,0.0,597,0
533,285864,2017,2,0,0,0.0,4,9
533,257907,2018,1,0,0,5.0,0,8
533,237663,2018,9,0,0,0.0,0,3
533,266406,2018,1,0,0,0.0,0,0
533,267603,2018,10,0,0,0.0,0,0
533,260404,2018,10,0,0,0.0,0,0
533,200197,2018,11,0,0,0.0,500,0
533,366105,2018,12,0,0,0.0,0,0
533,367859,2018,11,0,0,0.0,0,0
534,5806,2018,7,6,11582,11582.0,0,0
534,7578,2017,9,6,10046,10046.0,0,0
534,7846,2017,12,5,4685,4685.0,542,100
534,22506,2017,2,4,7180,7180.0,347,98
534,22003,2018,3,4,4800,4800.0,0,8
534,51106,2017,1,3,1826,1826.0,0,0
534,67143,2018,7,3,2696,2696.0,0,8
534,166946,2018,6,1,626,826.0,594,101
534,110302,2018,5,2,1617,1617.0,0,0
534,165667,2018,8,1,806,806.0,0,0
534,167138,2018,5,1,1801,1801.0,596,100
534,192507,2017,1,1,867,10867.0,500,1
534,181802,2017,12,0,0,0.0,528,8
534,196867,2017,2,0,0,0.0,596,0
534,207106,2017,3,0,0,0.0,0,0
534,207397,2017,2,0,0,0.0,0,0
534,217806,2018,4,0,0,0.0,0,0
534,227102,2017,6,0,0,0.0,0,0
534,237102,2017,6,0,0,0.0,0,0
534,267304,2017,11,0,0,0.0,0,0
534,260406,2018,9,0,0,0.0,590,0
534,262505,2018,10,0,0,0.0,528,0
534,200600,2017,11,0,0,0.0,0,0
534,262079,2018,12,0,0,0.0,0,0
534,200596,2018,8,0,0,0.0,0,5
534,233366,2018,1,0,0,0.0,0,92
534,237186,2018,2,0,0,0.0,0,0
534,267735,2018,1,0,0,0.0,0,0
534,207064,2017,11,0,0,0.0,0,3
534,207665,2017,12,0,0,0.0,0,0
534,267902,2017,8,0,0,0.0,0,0
534,256103,2018,1,0,0,0.0,0,0
534,262807,2018,1,0,0,0.0,0,0
534,264167,2017,12,0,0,0.0,1,0
534,230696,2017,11,0,0,0.0,590,0
534,223386,2018,1,0,0,0.0,6,0
534,251001,2017,12,0,0,0.0,0,0
534,237824,2017,12,0,0,0.0,7,0
534,292807,2017,1,0,0,0.0,0,0
534,267674,2018,8,0,0,0.0,0,0
534,297406,2018,9,0,0,0.0,0,0
534,162409,2018,11,0,0,0.0,0,0
534,285806,2018,2,0,0,0.0,7,0
534,260606,2018,12,0,0,0.0,0,0
534,260105,2018,11,0,0,0.0,0,0
534,260194,2018,7,0,0,0.0,0,0
534,361263,2018,12,0,0,0.0,0,0
534,367583,2018,12,0,0,0.0,0,0
535,3393,2017,8,6,14806,14806.0,0,0
535,3603,2018,7,6,4620,4620.0,0,0
535,17846,2018,12,5,7325,17325.0,521,98
535,10867,2018,6,5,7340,7340.0,574,100
535,67699,2018,12,3,7106,7106.0,504,0
535,63301,2018,1,3,4705,4705.0,0,0
535,62593,2017,2,3,1746,1746.0,0,98
535,84808,2018,8,3,3670,3670.0,567,0
535,122569,2018,3,2,4456,4456.0,590,1
535,127604,2018,11,2,4124,4124.0,0,1
535,150809,2017,2,1,801,801.0,584,109
535,162803,2018,9,1,806,806.0,0,98
535,166866,2018,3,1,2941,2941.0,3,149
535,170193,2018,4,1,806,806.0,0,0
535,162822,2018,8,1,807,808.0,0,0
535,178805,2017,1,1,1608,1608.0,0,0
535,189106,2017,1,0,0,0.0,0,0
535,192685,2017,1,0,0,0.0,0,0
535,207494,2017,4,0,0,0.0,0,0
535,204866,2017,3,0,0,0.0,0,0
535,256666,2017,2,0,0,0.0,0,0
535,203801,2017,4,0,0,0.0,0,0
535,265323,2017,11,0,0,0.0,0,0
535,205208,2017,7,0,0,0.0,0,8
536,18876,2017,8,5,7610,7610.0,0,0
536,55335,2018,9,3,7391,7391.0,0,0
536,60086,2018,1,3,4371,4371.0,0,0
536,63077,2018,7,3,1167,1167.0,874,0
536,95869,2017,2,3,5271,5271.0,0,3
536,90804,2018,1,2,4686,4686.0,396,71
536,102861,2018,3,2,4386,4386.0,598,0
536,102906,2017,5,2,3310,3310.0,0,0
536,104092,2018,6,2,4396,4396.0,0,0
536,105367,2017,12,2,2126,2126.0,0,0
536,100102,2017,11,2,2295,2295.0,514,0
536,109822,2017,8,2,12686,2686.0,0,8
536,107861,2018,2,2,3881,3881.0,0,0
536,106002,2017,6,2,4776,4776.0,520,0
536,100168,2018,5,2,4377,4374.0,561,81
536,100622,2018,4,2,3447,3447.0,7,98
536,119105,2018,5,1,878,875.0,500,8
536,190064,2017,7,0,0,0.0,0,0
536,207845,2017,6,0,0,0.0,0,0
536,204803,2018,8,0,0,0.0,0,0
536,317101,2018,9,0,0,0.0,500,0
536,327601,2018,5,0,0,0.0,0,1
536,380827,2018,11,0,0,0.0,0,0
536,300853,2018,6,0,0,0.0,0,0
537,2171,2017,5,6,3600,3600.0,520,98
537,7884,2018,2,8,7332,7332.0,0,0
537,4832,2018,3,5,4705,4705.0,521,91
537,2886,2017,7,5,11276,1276.0,0,0
537,925,2017,6,6,10002,2.0,0,0
537,7166,2018,6,5,5391,5391.0,528,0
537,1805,2017,5,7,4240,4240.0,0,0
537,6609,2018,1,0,0,0.0,0,0
537,7503,2018,8,0,0,0.0,0,0
537,7865,2018,10,0,0,0.0,0,0
537,7845,2017,9,0,0,0.0,0,0
537,1756,2017,7,0,0,0.5,0,0
537,8466,2018,12,0,0,0.5,535,0
537,105856,2018,12,0,0,0.0,0,0
537,107567,2017,11,0,0,0.0,0,0
537,7403,2018,3,0,0,0.0,0,0
537,200039,2018,3,0,0,0.0,0,0
537,257100,2018,7,0,0,0.0,0,0
537,295949,2018,2,0,8,0.0,0,0
537,308806,2018,8,0,0,0.0,0,0
537,300065,2018,11,0,0,0.0,0,0
537,300106,2018,2,0,0,0.0,0,0
537,300506,2018,11,0,0,0.0,0,0
537,351093,2018,9,0,0,0.0,0,8
538,2157,2017,6,6,10816,10816.0,0,0
538,6026,2018,8,6,14808,14808.0,0,0
538,8873,2018,8,5,3615,3615.0,320,71
538,5514,2018,6,6,7305,7305.0,500,0
538,1673,2018,5,6,5386,5386.0,600,9
538,7846,2017,9,5,10633,633.0,536,108
538,76,2018,8,6,601,601.0,6,0
538,4164,2018,9,3,4600,4600.0,0,1
538,4668,2018,1,3,4358,4357.0,0,0
538,105968,2017,12,2,4800,4800.0,524,101
538,142477,2017,9,1,2103,2103.0,0,0
538,155863,2018,11,1,903,903.0,396,108
538,164806,2018,12,1,888,888.0,0,0
538,168074,2018,3,1,336,336.0,500,0
538,156491,2018,2,1,937,937.0,566,141
538,169167,2018,3,1,637,631.0,0,0
538,163107,2018,5,1,604,904.0,0,0
538,167012,2018,2,1,2338,2008.0,0,0
538,160363,2018,8,1,2461,2431.0,1,0
538,179886,2018,9,1,601,5.0,0,0
538,186664,2017,1,0,0,0.0,542,1
538,180603,2018,1,0,0,0.0,0,0
538,193135,2017,10,0,0,0.0,0,6
538,307207,2018,12,0,0,0.0,0,8
539,90623,2018,11,3,4121,4121.0,0,3
539,127102,2018,11,2,4808,4805.0,500,0
539,184866,2018,2,0,0,0.0,0,0
539,160886,2017,1,0,0,0.0,397,0
539,186207,2017,3,0,0,0.0,0,0
539,190102,2017,4,0,0,0.0,0,0
539,200603,2017,3,0,0,0.0,0,3
539,200886,2017,4,0,0,0.0,0,0
539,200401,2017,5,0,0,0.0,0,0
539,207203,2017,5,0,0,0.0,0,0
539,200683,2017,6,0,0,0.0,0,0
539,210153,2017,7,0,0,0.0,0,0
539,263809,2017,12,0,0,0.0,0,0
539,200136,2017,8,0,0,0.0,0,0
539,200666,2017,12,0,0,0.0,0,0
539,203983,2017,11,0,0,0.0,810,8
539,314006,2018,5,0,0,0.0,0,0
539,327125,2018,6,0,0,0.0,0,0
539,329907,2018,7,0,0,0.0,0,0
539,335802,2018,8,0,0,0.0,0,0
539,317602,2018,9,0,0,0.0,536,0
539,360169,2018,10,0,0,0.0,0,0
539,323103,2018,12,0,0,0.0,0,0
539,336896,2018,11,0,0,0.0,0,0
540,17682,2018,7,5,13495,13495.0,0,0
540,54866,2017,2,3,4041,4041.0,0,0
540,62891,2018,8,3,4347,4347.0,568,158
540,65665,2017,11,3,4343,4343.0,0,0
540,67866,2018,2,3,5316,5316.0,594,0
540,108399,2017,11,2,4306,4306.0,0,0
540,101266,2018,3,2,2418,2418.0,0,0
540,100665,2017,2,2,4270,4270.0,8,8
540,107807,2017,12,2,4402,4402.0,0,0
540,104684,2018,1,2,4606,4606.0,0,0
540,109606,2018,8,2,4426,4426.0,0,0
540,200305,2017,9,2,3828,3828.0,0,1
540,209406,2018,5,0,0,0.0,0,0
540,207207,2018,2,0,0,0.0,0,8
540,217903,2017,5,0,0,0.0,0,0
540,223061,2017,6,0,0,0.0,0,0
540,223133,2017,9,0,0,10000.0,0,0
540,225862,2017,3,0,0,0.0,0,0
540,269107,2017,11,0,0,0.0,0,0
540,263169,2017,1,0,0,0.0,0,0
540,267666,2018,4,0,0,0.0,0,0
540,269666,2017,12,0,0,0.0,0,0
540,260666,2017,11,0,0,0.0,500,0
540,267126,2018,12,0,0,0.0,0,0
541,6966,2018,7,6,4600,4600.5,0,0
541,7833,2017,8,6,8146,8146.0,500,0
541,60674,2017,12,3,5897,5897.0,507,91
541,2666,2018,8,6,5296,5296.0,0,0
541,65603,2017,1,3,5706,5706.0,0,100
541,85113,2017,4,3,4447,4447.0,0,0
541,120136,2018,6,2,3616,3616.0,0,0
541,167807,2017,5,1,831,831.0,570,0
541,160863,2018,7,1,330,330.0,0,8
541,170637,2018,8,1,663,669.0,529,0
541,198806,2017,11,0,0,0.0,0,0
541,197836,2017,3,0,0,0.0,0,0
541,207802,2017,1,0,0,0.0,0,0
541,205725,2017,2,0,0,0.0,0,0
541,207697,2017,3,0,0,0.0,0,0
541,214893,2018,4,0,0,0.0,0,0
541,265408,2017,10,0,0,0.0,0,0
541,260903,2018,9,0,0,0.0,0,0
541,215189,2017,12,0,0,0.0,0,0
541,225813,2018,9,0,0,0.0,0,0
541,300096,2018,6,0,0,0.0,527,8
541,337186,2018,12,0,0,0.0,0,0
541,300192,2018,6,0,0,0.0,0,0
541,310503,2018,11,0,0,0.0,534,0
542,47374,2018,9,4,1896,1896.0,0,0
542,47893,2017,1,3,4847,4847.0,0,8
542,60513,2017,1,20,0,0.0,0,0
542,60869,2018,2,3,0,0.0,0,8
542,68959,2018,7,3,0,0.0,0,0
542,68983,2018,12,1,0,0.0,0,0
542,166665,2018,11,1,0,0.0,0,8
542,167171,2017,11,0,0,0.0,0,0
542,197067,2017,12,0,0,0.0,0,0
542,197663,2017,3,0,0,0.0,0,0
542,197403,2017,2,0,0,0.0,0,0
542,190108,2017,3,0,0,0.0,0,5
542,91606,2017,1,0,0,0.0,0,0
542,184896,2018,1,0,0,0.0,0,0
542,200866,2018,2,0,0,0.0,0,0
542,204403,2018,4,0,0,0.0,0,0
542,209266,2018,12,0,0,0.0,0,0
542,217105,2018,3,0,0,0.0,0,0
542,224163,2018,4,0,0,0.0,0,0
542,250102,2018,9,0,0,0.0,4,100
542,262805,2018,6,0,0,0.0,0,0
542,260803,2017,10,0,0,0.0,0,0
542,62982,2018,11,0,0,0.0,0,0
542,335006,2018,10,0,0,0.0,525,0
543,7892,2017,3,5,10660,10660.0,0,0
543,41186,2018,8,4,5326,5326.0,0,0
543,40815,2018,12,15,2004,2004.0,0,0
543,67380,2017,9,3,4223,4223.0,706,0
543,65121,2018,6,3,2227,2227.0,0,0
543,65468,2018,2,3,4311,4311.0,0,0
543,136896,2017,1,1,603,603.0,0,0
543,147806,2017,9,1,616,616.0,0,0
543,162102,2018,4,1,1011,1011.0,524,0
543,165668,2018,12,1,2011,2011.0,500,1
543,167839,2018,11,1,607,607.0,0,0
543,182182,2017,3,0,0,0.0,0,0
543,168926,2018,1,0,0,0.0,0,0
543,195296,2018,2,0,0,0.0,0,0
543,234186,2017,1,0,0,0.0,0,0
543,247664,2017,7,0,0,0.0,0,1
543,264006,2017,11,0,0,0.0,394,0
543,252209,2017,8,0,0,0.0,525,0
543,260177,2017,10,0,0,0.0,0,0
543,264106,2017,11,0,0,0.0,597,0
543,262099,2017,15,0,0,0.0,0,3
543,266607,2017,10,0,0,0.0,0,0
543,268806,2018,11,0,0,0.0,0,0
543,268290,2018,12,0,0,0.0,0,0
544,4172,2018,6,6,14302,14302.0,0,0
544,7198,2018,7,6,12010,12010.0,0,0
544,57805,2017,5,3,4817,4817.0,500,0
544,104581,2018,6,2,4336,4336.0,311,98
544,112807,2018,2,2,2476,2476.0,0,0
544,117101,2018,9,2,1621,1621.0,0,0
544,126176,2018,9,2,4836,4836.0,0,0
544,150265,2017,12,1,876,876.0,1,0
544,154106,2018,9,1,1838,1838.0,398,0
544,162071,2018,10,1,744,744.0,596,91
544,167064,2018,1,1,888,888.0,590,3
544,165333,2018,11,1,836,836.0,0,90
544,168665,2018,10,1,738,738.0,792,141
544,187263,2017,1,0,0,0.5,624,100
544,195992,2017,2,0,0,0.0,320,0
544,197877,2017,1,0,0,0.0,0,8
544,204560,2017,3,0,0,0.0,0,8
544,205006,2017,4,0,0,0.0,0,0
544,206866,2017,3,0,0,0.0,0,0
544,203990,2018,3,0,800,0.0,0,0
544,254132,2017,1,0,0,0.0,0,0
544,262706,2017,11,0,0,0.0,0,0
544,260002,2018,11,0,0,0.0,0,0
544,204906,2018,12,0,0,0.0,500,0
545,5626,2018,7,7,4497,4497.0,0,0
545,1873,2017,8,5,9065,9065.0,0,0
545,10603,2018,8,5,6805,6805.0,500,1
545,50463,2017,2,3,5830,5830.0,0,0
545,69265,2017,9,3,4825,4825.0,600,0
545,60196,2018,3,3,4833,4833.0,538,108
545,107956,2017,12,2,2616,2616.0,0,0
545,100449,2017,11,2,4832,4832.0,527,98
545,103002,2017,10,2,3820,3820.0,0,1
545,101167,2018,11,2,4831,4831.0,0,1
545,118102,2018,1,2,2466,2466.0,7,100
545,167669,2018,2,2,4306,4306.0,626,100
545,161165,2017,12,1,1881,1881.0,534,100
545,167466,2018,1,1,646,646.0,0,0
545,169187,2018,1,1,1781,1781.0,0,0
545,207636,2017,2,0,0,0.0,0,2
545,208176,2017,3,0,0,0.0,0,0
545,203625,2017,4,0,10000,0.0,0,3
545,207808,2017,3,0,0,0.0,5,0
545,207363,2018,4,0,0,0.0,0,0
545,211603,2018,5,0,0,0.0,0,0
545,221360,2018,5,0,0,0.0,0,0
545,344620,2018,11,0,0,0.0,0,0
545,337993,2018,12,0,0,0.0,500,0
546,4082,2018,7,6,5236,5236.0,596,91
546,807,2018,8,6,14765,14765.0,0,1
546,735,2017,2,5,17635,10635.0,0,90
546,43189,2018,8,4,7372,10072.0,524,91
546,43601,2018,1,3,4346,4346.0,0,0
546,58306,2018,2,3,4403,4403.0,536,98
546,68708,2018,1,3,3601,3601.0,0,0
546,100173,2017,9,1,631,671.0,0,8
546,160399,2018,11,1,807,807.0,500,0
546,160887,2018,8,1,1671,1671.0,0,0
546,167864,2018,12,1,801,801.0,1,0
546,169893,2017,11,1,2337,2337.0,525,0
546,165664,2018,12,1,603,603.0,0,0
546,187692,2017,1,0,466,466.0,0,1
546,198166,2017,2,0,0,0.0,0,0
546,205106,2017,3,0,0,0.0,0,0
546,207196,2017,4,0,0,0.0,0,0
546,207843,2017,3,0,0,0.0,0,3
546,207669,2018,1,0,0,0.0,0,0
546,317862,2018,4,0,0,0.0,537,0
546,307626,2018,3,0,0,0.0,0,0
546,300958,2018,10,0,0,0.0,0,0
546,334821,2018,9,0,0,0.0,0,0
546,340802,2018,6,0,0,0.0,0,1
547,7674,2018,7,5,4885,4885.0,500,0
547,9166,2018,6,5,4220,4220.0,0,0
547,25199,2018,1,4,2700,2700.0,0,0
547,37657,2018,6,4,7836,7836.0,0,0
547,46805,2018,2,4,4428,4428.0,6,1
547,50165,2018,11,3,7443,7443.0,0,1
547,67863,2017,2,3,4687,4487.0,0,0
547,105909,2017,2,2,4486,4486.0,578,0
547,55169,2018,1,3,2467,2467.0,0,0
547,182666,2018,2,1,1806,1806.0,0,0
547,180466,2018,11,0,892,892.0,6,0
547,197094,2017,2,0,0,0.0,0,0
547,197827,2017,3,0,0,0.0,0,0
547,194687,2017,2,0,0,0.0,0,0
547,207638,2017,3,0,0,0.0,0,0
547,212154,2018,4,0,0,0.0,0,0
547,223862,2018,4,0,0,0.0,0,0
547,254205,2017,9,0,0,0.0,0,0
547,260169,2017,7,0,0,0.0,0,0
547,261805,2017,11,0,10000,0.0,0,0
547,265669,2017,11,0,0,0.0,520,8
547,260066,2018,10,0,0,0.0,0,0
547,265609,2018,2,0,0,0.0,564,0
547,260106,2018,12,0,0,0.0,0,1
548,2369,2017,8,6,10830,10830.0,817,105
548,7865,2018,3,5,7800,7800.0,0,0
548,4892,2018,6,5,14605,17605.0,0,0
548,35133,2018,1,4,4636,4636.0,0,0
548,42807,2018,12,4,4396,4396.0,0,0
548,57106,2017,7,3,2371,2371.0,594,6
548,63166,2017,12,3,2607,2607.0,0,0
548,67486,2017,5,3,2887,2887.0,0,8
548,60563,2017,10,3,4307,4307.0,590,8
548,100866,2017,12,2,4666,4666.0,595,8
548,102101,2017,11,2,3326,3326.0,631,8
548,100663,2018,6,2,3636,3636.0,0,0
548,117861,2018,12,2,2447,2447.0,0,0
548,117931,2018,8,2,1801,1801.0,0,0
548,115932,2018,1,2,4048,4049.0,0,0
548,123186,2018,6,2,2126,2136.0,624,0
548,165609,2018,4,1,607,607.0,500,0
548,204306,2018,11,0,0,0.0,0,0
548,207073,2017,4,0,0,0.0,0,0
548,205164,2017,5,0,45,0.0,0,0
548,308086,2018,7,0,0,0.0,0,8
548,302406,2018,8,0,0,0.0,0,0
548,367167,2018,11,0,0,0.0,0,0
548,347169,2018,12,0,0,0.0,0,8
549,4606,2018,6,6,10220,10220.0,0,0
549,62898,2018,8,3,7326,7346.0,500,48
549,60676,2018,11,3,4607,6607.0,530,72
549,67106,2018,11,3,2287,2287.0,0,0
549,65301,2017,12,3,12327,2327.0,0,0
549,100105,2017,10,2,2606,2606.0,0,0
549,153633,2018,2,1,1307,1307.0,0,0
549,167156,2018,6,1,1981,1981.0,594,0
549,166915,2018,9,1,746,746.0,7,0
549,168161,2018,1,1,2186,2186.0,0,0
549,165866,2018,1,1,1801,1801.0,598,100
549,182964,2017,1,0,0,0.0,0,8
549,198933,2017,2,0,0,0.0,0,0
549,201196,2017,3,0,0,0.0,0,8
549,200103,2017,4,0,0,0.0,0,0
549,200926,2017,3,0,0,0.0,0,0
549,205996,2017,4,0,0,0.0,0,0
549,207787,2018,2,0,0,0.0,0,2
549,207063,2018,3,0,0,0.0,0,1
549,225939,2018,5,0,0,0.0,0,8
549,327164,2018,5,0,0,0.0,0,0
549,333703,2018,6,0,0,0.0,514,0
549,323604,2018,7,0,0,0.0,0,6
549,333059,2018,8,0,0,0.0,0,0
550,5896,2017,6,6,14314,14314.0,0,0
550,67803,2018,8,3,5604,5606.0,0,0
550,67106,2018,5,3,4341,4341.0,544,42
550,107823,2017,17,2,1606,1606.0,6,8
550,107127,2017,12,2,2036,2036.0,599,3
550,106105,2018,7,2,4628,4628.0,824,78
550,309145,2018,8,2,2800,2800.0,370,1
550,317585,2018,1,2,3396,3396.0,520,0
550,327126,2018,9,2,4608,4608.0,0,0
550,305506,2018,10,0,0,0.0,0,0
550,316436,2018,2,0,17300,0.0,7,5
550,326393,2017,3,0,0,0.0,0,0
550,348362,2018,6,0,0,0.0,0,0
550,350667,2017,6,0,0,0.0,0,0
550,362166,2018,11,0,0,0.0,0,0
550,366193,2018,11,0,0,0.0,0,0
550,367003,2018,7,0,0,0.0,0,0
550,320885,2018,11,0,0,0.0,0,0
550,350151,2018,2,0,0,0.0,0,0
550,360803,2018,3,0,0,0.0,0,0
550,361809,2018,11,0,0,0.0,0,0
550,360895,2018,7,0,5,0.0,0,0
550,360169,2018,11,0,0,0.0,0,0
550,367006,2018,12,0,0,0.0,0,0
551,1836,2018,7,7,14266,14266.0,0,0
551,986,2017,6,6,5121,5121.0,0,0
551,9825,2018,8,5,14600,14600.0,518,9
551,6191,2017,6,0,0,0.0,0,0
551,5894,2017,5,0,0,10000.0,0,0
551,7866,2018,8,0,0,0.0,0,0
551,7133,2017,5,0,0,0.0,361,0
551,5805,2017,7,0,0,0.0,0,0
551,10193,2018,9,0,0,0.0,0,0
551,665,2018,8,0,0,0.0,0,0
551,4863,2017,11,0,0,0.0,0,1
551,7706,2017,12,0,0,0.0,0,0
551,107263,2018,3,0,0,0.0,0,0
551,7096,2018,9,0,0,0.0,0,0
551,5143,2018,10,0,0,0.0,0,0
551,7006,2018,3,0,0,0.0,0,0
551,7806,2018,4,0,0,0.0,0,0
551,104903,2018,2,0,0,0.0,0,0
551,859,2018,7,0,0,0.0,0,0
551,100100,2018,8,0,0,0.0,0,0
551,209266,2018,12,0,0,0.0,0,0
551,2826,2018,10,0,0,0.0,0,0
551,160102,2018,11,0,0,0.0,394,0
551,201867,2018,11,0,0,0.0,0,0
552,4108,2018,7,6,10630,10630.0,0,3
552,9875,2018,8,5,4025,4025.0,0,0
552,6827,2017,9,5,10607,607.0,524,0
552,4424,2017,9,6,10608,10608.0,0,0
552,13862,2018,2,0,848,848.0,793,100
552,52762,2017,5,0,0,0.0,9,1
552,666,2017,3,0,0,0.0,0,0
552,2464,2017,5,0,0,0.0,534,98
552,7173,2017,6,0,0,0.0,0,0
552,3603,2018,1,0,0,0.0,0,0
552,2803,2018,7,0,0,0.0,0,0
552,2684,2017,8,0,0,0.0,0,0
552,99196,2018,1,0,0,0.0,0,0
552,197887,2018,2,0,0,0.0,521,98
552,190889,2018,1,0,0,0.0,0,0
552,190831,2018,2,0,0,0.0,0,0
552,209890,2018,3,0,0,0.0,500,0
552,7102,2018,4,0,0,0.0,0,0
552,207123,2018,7,0,0,0.0,0,8
552,235706,2018,8,0,0,0.0,0,0
552,261887,2017,10,0,0,0.0,0,0
552,60663,2018,9,0,0,0.0,368,0
552,237654,2018,11,0,0,0.0,0,0
552,260603,2018,12,0,0,0.0,0,1
553,90416,2018,12,3,5671,5601.0,0,0
553,186806,2018,11,0,0,0.0,0,0
553,190691,2017,1,0,0,0.0,0,0
553,190667,2017,2,0,0,0.0,0,0
553,190207,2017,3,0,0,0.0,0,0
553,190606,2017,2,0,0,0.0,0,0
553,202006,2017,4,0,0,0.0,0,0
553,200906,2017,5,0,0,0.0,0,0
553,208902,2017,8,0,0,0.0,0,0
553,200699,2017,9,0,0,0.0,0,0
553,200604,2017,3,0,0,0.0,0,0
553,200603,2017,12,0,0,0.0,0,0
553,204831,2017,3,0,0,0.0,0,0
553,204166,2017,6,0,0,0.0,0,0
553,200803,2017,1,0,0,0.0,0,0
553,217292,2018,4,0,0,0.0,0,0
553,227426,2018,5,0,0,0.0,0,0
553,247904,2018,8,0,0,0.0,0,0
553,237764,2018,7,0,0,0.0,0,0
553,260493,2018,9,0,10000,0.0,525,0
553,260203,2018,11,0,0,0.0,0,0
553,267191,2018,4,0,0,0.0,0,0
553,263106,2018,10,0,0,0.0,0,0
553,267603,2017,11,0,0,0.0,0,3
554,3518,2017,7,6,10682,10682.0,4,0
554,7603,2018,8,6,14872,14872.0,0,0
554,7763,2018,5,5,4835,16835.0,0,0
554,67884,2017,12,3,7233,7233.0,0,0
554,63353,2018,1,3,2121,2121.0,0,0
554,63603,2017,1,3,2005,2005.0,0,0
554,162496,2018,10,1,836,836.0,580,0
554,198821,2017,2,1,657,657.0,0,0
554,164396,2018,3,1,871,831.0,0,0
554,187893,2017,2,0,0,0.0,0,0
554,190667,2017,8,0,0,0.0,0,0
554,207126,2017,6,0,0,0.0,1,0
554,209606,2017,3,0,0,0.0,0,0
554,207106,2017,2,0,0,0.0,0,0
554,209909,2017,3,0,0,0.0,896,0
554,213895,2018,4,0,0,0.0,1,0
554,222866,2017,5,0,0,0.0,0,100
554,230878,2018,6,0,0,0.0,0,0
554,245796,2018,7,0,0,0.0,0,0
554,252369,2018,8,0,0,0.0,0,8
554,263376,2017,10,0,0,0.0,0,0
554,263806,2018,11,0,0,0.0,560,0
554,260982,2018,11,0,0,0.0,0,0
554,282615,2018,12,0,0,0.0,0,0
555,3171,2017,7,6,5396,5396.0,0,0
555,8486,2017,3,5,4880,4880.0,0,0
555,66756,2017,1,3,2623,2623.0,0,0
555,97136,2018,2,2,10038,20038.0,0,0
555,106866,2018,8,2,4886,4886.0,0,0
555,100303,2018,10,2,1632,1632.0,0,0
555,107101,2018,2,2,2804,2804.0,341,0
555,107183,2017,4,2,3136,3136.0,582,8
555,100956,2018,6,2,2121,2121.0,394,71
555,103002,2018,11,2,4681,4681.0,0,68
555,107493,2018,1,2,4406,4406.0,0,0
555,100383,2017,11,6,4706,14706.0,500,0
555,107872,2018,3,1,976,976.0,0,0
555,107606,2017,6,0,0,0.0,0,0
555,190276,2017,2,0,0,0.0,0,5
555,191802,2017,5,0,0,0.0,0,0
555,200076,2017,8,0,0,0.0,590,98
555,200030,2017,3,0,0,0.0,0,0
555,205166,2018,4,0,0,0.0,0,0
555,214760,2018,2,0,0,0.0,0,0
555,327816,2018,4,0,0,0.0,0,2
555,327203,2018,14,0,0,0.0,0,0
555,366163,2018,10,0,0,0.0,0,0
555,327482,2018,11,0,0,0.0,544,0
556,42975,2018,11,3,2727,2727.0,598,98
556,60402,2017,1,3,3327,3327.0,0,0
556,65173,2017,12,3,9,9.0,500,0
556,64107,2018,1,3,4407,4407.0,0,0
556,67806,2017,12,3,5837,5837.0,524,1
556,64869,2018,9,3,7396,7096.0,597,3
556,77006,2018,2,3,2477,2477.0,597,58
556,100104,2017,3,3,3607,3607.0,798,98
556,127862,2018,6,2,4631,4631.0,0,8
556,197823,2018,2,2,4237,4237.0,597,91
556,197144,2017,2,0,0,0.0,0,0
556,190301,2018,12,0,0,0.0,0,0
556,207371,2017,3,0,0,0.0,0,8
556,201802,2017,9,0,0,0.0,0,9
556,209095,2017,1,0,0,0.0,0,0
556,212806,2017,4,0,0,0.0,0,0
556,224102,2017,5,0,0,0.0,4,8
556,260602,2017,11,0,0,0.0,0,0
556,265893,2018,1,0,0,0.0,0,1
556,265170,2017,12,0,0,0.0,0,0
556,260504,2017,11,0,0,0.0,0,0
556,280564,2018,1,0,0,0.0,0,8
556,207265,2018,2,0,0,0.0,528,8
556,200806,2018,12,0,0,0.0,517,5
557,2625,2017,7,6,10668,10668.0,544,99
557,666,2018,6,16,4706,4706.0,0,0
557,7666,2018,7,5,10665,10695.0,0,0
557,50696,2017,2,3,4331,6331.0,540,41
557,64879,2018,3,3,5001,5001.0,534,0
557,60603,2018,8,3,4883,4883.0,331,109
557,63196,2017,1,3,4801,4801.0,0,0
557,67896,2018,1,3,3336,3336.0,0,8
557,60604,2018,5,3,4706,4606.0,4,1
557,67122,2018,10,3,6808,6808.0,0,0
557,60165,2018,12,3,846,10846.0,0,5
557,166076,2017,5,3,4028,4028.0,0,0
557,166607,2018,12,1,676,636.0,538,93
557,160416,2018,8,1,609,609.0,590,3
557,164195,2018,7,1,647,647.0,500,0
557,167695,2018,11,1,636,636.0,0,8
557,177663,2017,3,1,607,607.0,524,0
557,164591,2018,12,1,877,837.0,0,8
557,200005,2017,10,0,0,0.0,6,1
557,205167,2018,1,0,0,0.0,0,0
557,207602,2018,1,0,0,0.0,800,0
557,202667,2018,10,0,0,0.0,3,0
557,207692,2018,5,0,0,0.0,0,0
557,207127,2017,11,0,0,0.0,591,100
558,7472,2017,6,5,10670,10670.0,0,0
558,3793,2017,7,5,5145,5145.0,0,0
558,5865,2017,8,6,8806,8806.0,500,58
558,793,2018,1,5,4717,4717.0,395,90
558,50387,2017,2,3,4633,4633.0,0,1
558,67100,2018,5,3,4881,4881.0,0,0
558,67894,2017,6,3,4871,4871.0,0,0
558,63806,2017,6,3,4317,4317.0,0,0
558,69602,2018,12,3,1320,1320.0,0,0
558,60686,2017,8,3,4646,4646.0,0,0
558,60961,2017,11,3,4871,4871.0,0,0
558,177665,2018,7,3,4877,4677.0,0,0
558,90686,2017,8,2,4607,4607.0,510,0
558,117193,2018,12,2,3321,3321.0,500,0
558,160189,2018,2,1,2267,2267.0,597,0
558,189996,2018,1,0,0,0.0,0,0
558,193807,2017,2,0,0,0.0,0,1
558,207869,2017,3,0,0,0.0,390,0
558,205571,2018,4,0,0,0.0,0,0
558,209803,2018,10,0,0,0.0,7,1
558,327185,2018,9,0,0,0.0,0,0
558,322395,2018,12,0,0,0.0,0,1
558,354806,2018,11,0,0,0.0,0,0
558,360086,2018,3,0,0,0.0,524,0
559,2689,2017,8,6,10108,10108.0,0,0
559,7676,2018,7,6,8421,8421.0,0,0
559,2466,2018,8,5,4385,4385.0,586,98
559,2803,2018,9,3,4483,4483.0,0,8
559,52096,2017,2,3,4601,4601.0,0,8
559,62803,2018,5,3,3807,3807.0,0,8
559,67600,2017,11,3,1805,1805.0,0,0
559,67906,2018,7,3,2428,2428.0,500,0
559,60601,2018,12,3,2827,2827.0,540,9
559,66803,2017,11,3,2572,2572.0,0,0
559,68906,2018,9,3,1380,1380.0,0,0
559,102179,2017,1,1,876,876.0,574,100
559,160565,2018,10,1,607,607.0,321,1
559,160161,2018,11,1,607,607.0,0,0
559,166097,2018,11,1,671,671.0,0,0
559,198867,2017,2,0,7,0.0,0,0
559,200165,2017,2,0,0,0.0,0,0
559,251803,2017,11,0,0,0.0,520,0
559,250467,2017,2,0,0,0.0,0,0
559,200902,2018,3,0,0,0.0,0,0
559,204164,2018,2,0,0,0.0,530,8
559,201196,2018,3,0,0,0.0,0,0
559,304662,2018,6,0,0,0.0,0,98
559,300806,2018,10,0,0,0.0,700,0
560,7962,2017,3,5,5335,5335.0,0,0
560,7866,2017,8,5,4845,4845.0,0,0
560,4107,2017,8,5,5830,5830.0,0,0
560,5004,2017,5,8,10306,306.0,0,0
560,7601,2018,6,6,10866,866.0,0,0
560,2875,2017,9,6,8716,8716.0,0,0
560,7183,2017,1,0,0,0.0,0,0
560,7576,2017,7,0,0,0.0,0,0
560,7663,2018,2,0,0,0.0,0,0
560,7266,2018,5,0,0,0.0,0,0
560,8830,2017,11,0,0,0.0,0,0
560,5981,2017,12,0,0,0.0,0,0
560,207165,2018,3,0,0,0.0,0,0
560,205461,2018,4,0,0,0.0,0,0
560,227406,2018,6,0,0,0.0,0,0
560,27453,2018,12,0,0,0.0,0,0
560,267107,2017,11,0,0,0.0,0,0
560,264892,2018,5,0,0,0.0,0,0
560,268603,2017,10,0,0,0.0,524,0
560,207102,2018,8,0,0,0.0,4,0
560,260989,2018,1,0,0,0.0,0,0
560,360605,2018,7,0,0,0.0,0,0
560,363102,2018,11,0,0,0.0,0,0
560,303384,2018,12,0,0,0.0,0,0
561,4563,2018,8,6,3000,3000.0,0,0
561,2847,2018,6,6,10637,10637.0,0,0
561,4103,2017,8,6,4827,4827.0,0,8
561,5876,2018,19,6,5126,5126.0,0,0
561,103,2018,1,0,0,0.0,500,0
561,7883,2017,12,0,0,0.0,500,0
561,57896,2018,1,0,0,0.0,0,0
561,92308,2017,3,0,0,0.0,0,0
561,9874,2018,5,0,0,0.0,0,0
561,100607,2017,10,0,0,0.0,0,0
561,106236,2018,11,0,0,0.0,0,0
561,196603,2018,1,0,0,0.0,0,0
561,207865,2017,11,0,0,0.0,0,0
561,207190,2018,2,0,0,0.0,0,0
561,218436,2017,2,0,0,0.0,0,0
561,200601,2017,4,0,0,0.0,0,8
561,301876,2018,3,0,0,0.0,0,0
561,319083,2018,4,0,0,0.0,0,0
561,312683,2018,3,0,0,0.0,0,0
561,301187,2018,6,0,0,0.0,0,0
561,300402,2018,7,0,0,0.0,561,0
561,300657,2018,8,0,0,0.0,544,0
561,362219,2018,11,0,0,0.0,0,0
561,327901,2018,9,0,0,0.0,718,100
562,18603,2018,8,5,10625,10625.0,0,8
562,37659,2018,12,4,4676,4676.0,398,98
562,64603,2018,1,3,4107,4107.0,0,0
562,68373,2018,2,3,4711,4711.0,0,0
562,60534,2018,1,3,34136,4136.0,0,0
562,63879,2018,3,3,3643,3643.0,0,0
562,67276,2017,6,3,4827,4825.0,0,0
562,66669,2018,9,3,40657,957.0,0,0
562,160173,2018,8,1,837,837.0,0,0
562,160863,2018,9,1,1616,20616.0,528,0
562,187666,2018,11,0,0,0.0,0,0
562,204560,2017,12,0,0,0.0,668,8
562,204806,2017,4,0,0,0.0,0,3
562,209162,2017,2,0,0,0.0,0,0
562,217867,2017,5,0,0,0.0,0,8
562,225576,2017,1,0,0,0.0,0,0
562,239279,2017,12,0,0,0.0,0,0
562,237606,2018,7,0,0,0.0,0,0
562,235109,2018,4,0,0,0.0,0,0
562,247869,2018,7,0,0,0.0,0,0
562,250066,2017,8,0,0,0.0,0,0
562,262606,2017,10,0,0,0.0,500,0
562,323669,2018,12,0,0,0.0,565,0
562,366106,2018,12,0,0,0.0,0,0
563,11166,2018,8,5,10700,10700.0,0,0
563,52603,2017,9,3,2201,2201.0,0,0
563,57882,2017,2,3,2623,2623.0,0,0
563,157396,2018,3,1,716,716.0,0,0
563,107779,2017,1,1,606,606.0,797,0
563,164364,2018,1,1,1806,1806.0,568,98
563,307195,2018,2,0,0,0.0,547,78
563,307937,2017,2,0,0,0.0,0,0
563,305107,2017,3,0,44,44.0,0,0
563,399607,2018,4,0,0,0.0,0,0
563,307864,2017,6,0,0,0.0,0,0
563,304106,2017,7,0,0,0.0,0,0
563,309866,2017,1,0,0,0.0,0,0
563,377196,2018,8,0,0,0.0,0,0
563,309033,2018,1,0,0,0.0,0,8
563,307890,2018,1,0,0,0.0,0,0
563,330402,2018,4,0,5,0.0,0,0
563,363061,2018,5,0,0,0.0,0,0
563,367187,2018,6,0,0,0.0,0,0
563,367106,2018,8,0,0,0.0,500,0
563,367602,2018,9,0,0,0.0,0,0
563,367566,2018,10,0,0,0.0,541,4
563,366675,2018,11,0,0,0.0,0,6
563,360123,2018,12,0,0,0.0,0,0
564,10947,2017,4,5,2600,2600.0,0,0
564,14953,2018,5,15,10670,10670.0,0,0
564,7666,2017,6,4,7340,7340.0,514,0
564,67809,2017,8,3,2346,2346.0,0,9
564,63888,2017,11,3,1343,1343.0,597,0
564,62879,2018,7,3,1307,2307.0,4,6
564,100866,2017,8,2,4038,4038.0,0,0
564,167603,2018,11,1,626,626.0,0,0
564,160862,2018,3,1,803,803.0,0,0
564,167609,2018,9,1,683,683.0,0,0
564,185403,2018,1,0,0,0.0,0,0
564,197876,2018,2,0,0,0.0,8,0
564,192399,2017,2,0,0,0.0,0,0
564,207665,2018,5,0,0,0.0,0,0
564,217066,2017,2,0,0,0.0,0,0
564,227809,2017,6,0,0,0.0,0,0
564,230825,2018,7,0,48,0.0,528,0
564,265820,2017,11,0,0,0.0,0,0
564,263265,2018,8,0,0,0.0,0,0
564,267162,2018,1,0,0,0.0,0,0
564,266860,2017,11,0,0,0.0,0,0
564,266242,2018,11,0,0,0.0,0,0
564,266604,2017,12,0,0,0.0,0,0
564,260406,2018,9,0,0,0.0,0,1
565,1116,2017,7,7,10630,10630.0,0,0
565,7502,2018,8,5,4435,4435.0,0,0
565,7830,2017,7,5,10070,10070.0,7,0
565,8895,2017,4,5,2638,2638.0,0,0
565,97698,2017,2,3,2613,2613.0,0,0
565,107895,2018,3,2,4286,4286.0,0,0
565,107102,2017,6,2,4607,4607.0,466,0
565,102895,2017,11,2,3406,3406.0,374,0
565,100803,2018,12,2,4836,4836.0,334,78
565,103606,2018,1,2,2796,2796.0,570,91
565,100102,2017,2,2,347,347.0,0,0
565,100963,2017,11,2,4903,4903.0,826,1
565,177167,2018,8,1,1987,1987.0,0,1
565,180853,2018,1,0,0,0.0,0,0
565,192066,2017,2,0,0,0.0,0,1
565,206486,2017,4,0,0,0.0,0,0
565,210153,2018,5,0,0,0.0,0,6
565,221106,2017,10,0,0,0.0,0,0
565,237180,2017,7,0,0,0.0,0,0
565,239696,2018,3,0,0,0.0,0,0
565,264946,2018,1,0,0,0.0,0,0
565,337103,2018,4,0,0,0.0,0,0
565,355104,2018,8,0,0,0.0,0,0
565,363830,2018,12,0,0,0.0,0,0
566,43696,2017,9,4,10830,10830.0,554,93
566,55878,2018,2,3,4326,4326.0,0,0
566,50162,2018,7,3,3678,3678.0,0,100
566,60536,2018,8,3,4006,4006.0,0,0
566,60865,2018,11,3,1301,1301.0,547,98
566,63463,2018,1,3,1828,1828.0,534,98
566,170507,2018,5,2,4381,4381.0,0,1
566,166166,2018,11,1,1746,1746.0,0,0
566,167806,2018,8,1,801,801.0,500,0
566,174602,2017,1,1,1336,1336.0,590,0
566,165893,2018,12,1,2476,2476.0,0,0
566,175605,2018,11,1,967,967.0,0,0
566,187605,2018,2,0,0,0.0,0,0
566,199803,2017,2,0,0,0.0,0,8
566,200800,2017,6,0,0,0.0,0,0
566,209506,2017,3,0,0,0.0,500,0
566,207066,2017,4,0,0,0.0,0,0
566,200067,2017,6,0,0,0.0,0,0
566,200079,2018,3,0,0,0.0,0,0
566,215893,2018,5,0,0,0.0,0,0
566,227646,2018,4,0,0,0.0,0,0
566,251378,2018,9,0,0,0.0,0,0
566,265409,2017,10,0,0,0.0,0,78
566,300569,2018,11,0,0,0.0,0,1
567,120680,2018,12,5,4045,4045.5,0,0
567,137829,2018,11,2,2188,2388.0,510,8
567,180200,2018,12,1,14317,14317.0,0,8
567,182482,2017,1,0,0,0.0,520,0
567,102897,2017,1,0,0,0.0,0,8
567,197687,2017,2,0,0,0.0,0,0
567,207800,2017,4,0,0,0.0,0,0
567,207199,2017,3,0,0,0.0,0,0
567,200601,2017,4,0,0,0.0,0,0
567,200685,2017,5,0,0,0.0,0,0
567,205063,2017,6,0,0,0.0,0,0
567,207697,2017,7,0,0,0.0,0,0
567,200896,2017,8,0,0,0.0,0,0
567,207136,2017,7,0,0,0.0,0,0
567,207078,2017,12,0,0,0.0,0,0
567,214963,2017,3,0,0,0.0,0,8
567,226106,2018,5,0,0,0.0,0,0
567,251206,2017,1,0,0,0.0,0,0
567,261679,2018,9,0,0,0.0,0,0
567,260676,2017,18,0,0,0.0,0,0
567,260244,2017,10,0,0,0.0,0,0
567,267866,2018,11,0,0,0.0,0,0
567,263094,2018,11,0,0,0.0,0,0
567,260089,2018,12,0,80,0.0,0,0
567,230392,2018,1,0,0,0.0,0,0
567,255600,2017,10,0,0,0.0,500,0
567,237101,2018,2,0,0,0.0,524,0
567,237818,2017,12,0,0,0.0,0,0
567,267996,2017,12,0,641,0.0,0,1
567,233003,2017,12,0,12257,0.0,0,0
567,262309,2017,12,0,0,0.0,0,0
567,203906,2018,2,0,0,0.0,0,0
567,60602,2017,12,0,0,0.0,4,0
567,251866,2017,2,0,0,0.0,0,0
567,300606,2018,9,0,0,0.0,0,0
567,300808,2018,3,0,0,0.0,0,0
567,337166,2018,9,0,0,0.0,0,0
567,307683,2018,2,0,0,0.0,0,0
567,336106,2018,8,0,0,0.0,0,0
567,307746,2018,1,0,0,0.0,0,0
567,303803,2018,6,0,0,0.0,0,0
567,320409,2018,6,0,0,0.0,0,0
567,367101,2018,3,0,0,0.0,0,0
567,337063,2018,9,0,0,0.0,0,0
567,360676,2018,11,0,0,0.0,0,0
567,360882,2018,6,0,0,0.0,0,0
567,360603,2018,3,0,0,0.0,0,0
567,328886,2018,12,0,0,0.0,4,100
568,9265,2017,3,5,7425,7425.0,521,98
568,7616,2017,6,5,10820,10820.0,0,9
568,11884,2018,8,5,10775,10775.0,0,0
568,15146,2017,9,5,7995,10996.0,0,1
568,27238,2018,4,4,8336,8336.0,0,0
568,35493,2018,12,4,7636,7636.0,0,0
568,40395,2018,5,4,4416,4416.0,0,0
568,42405,2018,6,3,1627,11927.0,0,0
568,57304,2018,1,3,5415,7415.0,474,0
568,88165,2017,8,3,2107,2107.0,0,0
568,95376,2017,9,2,3604,3604.0,0,8
568,97614,2017,2,1,803,803.0,0,0
568,103686,2017,9,0,0,0.0,0,0
568,107706,2018,7,0,0,0.0,0,0
568,191871,2017,2,0,0,0.0,0,0
568,192169,2018,2,0,0,0.0,0,0
568,211868,2017,11,0,0,0.0,586,0
568,226824,2017,1,0,0,0.0,0,79
568,267802,2017,10,0,0,0.0,0,0
568,268804,2018,8,0,0,0.0,0,0
568,260665,2017,12,0,0,0.0,0,0
568,265633,2017,12,0,0,0.0,0,0
568,322665,2018,3,0,0,0.0,0,0
568,369667,2018,11,0,0,0.0,590,8
569,1206,2018,7,7,7405,7405.0,0,0
569,3633,2018,8,7,9826,9826.0,0,0
569,37432,2018,6,4,7348,7348.0,0,0
569,45106,2018,8,4,2436,2406.0,5,0
569,50916,2017,9,3,3606,3606.0,0,0
569,63106,2018,12,3,4801,4801.0,0,0
569,90801,2018,1,3,3606,3606.0,0,0
569,91195,2017,3,2,3670,3670.0,4,0
569,110374,2017,2,2,3328,3328.0,467,0
569,127600,2018,11,2,2366,2366.0,590,98
569,173616,2018,1,1,2206,3206.0,0,8
569,190178,2017,2,0,0,0.0,0,0
569,197107,2018,3,0,0,0.0,0,0
569,197196,2017,1,0,0,0.0,0,0
569,200103,2018,3,0,0,0.0,0,0
569,205886,2018,2,0,0,0.0,0,0
569,200296,2018,4,0,0,0.0,0,58
569,214294,2017,5,0,0,0.0,4,0
569,227166,2018,7,0,0,0.0,0,0
569,327432,2018,8,0,0,0.0,0,0
569,347173,2018,8,0,0,0.0,0,0
569,354167,2018,10,0,0,0.0,566,8
569,369906,2018,11,0,0,0.0,0,0
569,379609,2018,12,0,0,0.0,0,0
570,6812,2018,8,6,10136,10136.0,0,0
570,7869,2017,3,5,7805,7805.0,0,0
570,54101,2018,12,3,3107,3107.0,544,118
570,17665,2018,11,3,5636,5636.0,568,58
570,76,2017,7,2,2378,2378.0,0,9
570,2102,2018,3,1,666,666.0,4,0
570,100883,2018,6,1,811,811.0,0,0
570,102839,2017,3,1,867,897.0,0,0
570,150879,2018,11,1,936,936.0,0,8
570,167872,2018,1,1,802,802.0,0,0
570,167604,2018,5,1,2376,2376.0,0,0
570,300867,2017,12,0,0,0.0,523,0
570,307069,2018,8,0,0,0.0,0,0
570,300496,2018,2,0,0,0.0,0,0
570,326865,2018,6,0,0,0.0,0,0
570,320603,2018,1,0,0,0.0,0,0
570,320899,2018,4,0,0,0.0,0,0
570,329164,2018,6,0,0,0.0,0,0
570,320107,2018,7,0,0,0.0,0,0
570,320102,2018,12,0,0,0.0,7,0
570,337165,2018,7,0,0,0.0,502,8
570,367906,2018,9,0,0,0.0,0,0
570,364282,2018,11,0,0,0.0,0,8
570,303106,2018,12,0,0,0.0,0,0
571,180870,2017,1,0,0,0.0,0,0
571,199826,2017,1,0,0,0.0,0,0
571,190495,2017,2,0,0,0.0,0,0
571,190809,2017,3,0,0,0.0,0,0
571,190852,2017,4,0,0,0.0,0,0
571,200701,2017,6,0,0,0.0,524,0
571,217624,2017,7,0,0,0.0,0,0
571,218100,2017,8,0,0,0.0,0,0
571,220699,2017,9,0,0,0.0,0,0
571,266804,2017,10,0,0,0.0,0,0
571,260829,2017,11,0,0,0.0,0,0
571,260624,2017,12,0,0,0.0,0,0
571,299296,2018,1,0,0,0.0,0,0
571,296813,2018,2,0,0,0.0,0,0
571,302127,2018,12,0,0,0.0,0,0
571,300605,2018,3,0,0,0.0,0,0
571,303107,2018,4,0,0,0.0,0,0
571,320987,2018,5,0,0,0.0,7,0
571,327523,2018,6,0,0,0.0,0,0
571,350605,2018,8,0,0,0.0,0,0
571,360894,2018,9,0,0,0.0,0,0
571,360866,2018,10,0,0,0.0,0,0
571,372606,2018,11,0,0,0.0,0,0
571,365183,2018,12,0,0,0.0,0,0
572,9386,2018,8,5,8645,8645.0,0,0
572,44384,2018,12,4,3600,3600.0,518,88
572,92409,2018,2,2,4738,4738.5,0,0
572,3994,2018,3,6,4482,4482.0,531,91
572,75165,2018,2,3,3661,3661.0,8,1
572,41636,2017,1,3,4733,4733.0,0,0
572,97816,2017,3,3,10808,808.0,0,0
572,106693,2018,1,2,4810,4810.0,500,0
572,115906,2018,4,2,1605,1605.0,0,0
572,125804,2018,5,2,4671,4671.0,0,0
572,156131,2018,1,1,885,885.0,0,0
572,150824,2018,12,1,2490,2490.0,520,0
572,301171,2018,1,0,0,0.0,0,0
572,300454,2018,5,0,0,0.0,428,0
572,340792,2018,8,0,0,0.0,0,0
572,347802,2018,6,0,0,0.0,0,0
572,352646,2017,4,0,0,0.0,0,100
572,360601,2018,11,0,0,0.0,0,0
572,357806,2018,6,0,0,0.0,0,0
572,360839,2018,5,0,0,0.0,597,3
572,367196,2018,10,0,0,0.0,0,8
572,360906,2018,1,0,0,0.0,549,0
572,367662,2018,11,0,0,0.5,526,0
572,367185,2018,11,0,0,0.0,0,1
573,5493,2018,6,6,12326,12326.0,0,0
573,5862,2018,8,6,4406,4406.0,534,98
573,2496,2018,7,6,4808,4808.0,0,0
573,2807,2017,8,6,17247,7247.0,0,0
573,901,2017,9,6,5304,10304.0,0,0
573,9883,2018,5,3,4388,4388.0,594,0
573,58283,2017,9,3,5373,5373.0,591,90
573,65896,2018,9,3,4844,4844.0,0,9
573,80206,2018,11,3,4183,6183.0,0,0
573,100600,2018,2,2,4786,4786.0,500,0
573,117266,2018,8,2,4116,4116.0,300,0
573,118606,2018,3,2,4006,4006.0,0,8
573,128677,2018,11,6,2396,2396.0,521,0
573,198196,2017,2,1,2800,2800.0,594,0
573,185832,2017,1,0,0,0.0,0,0
573,190866,2017,2,0,0,0.0,0,0
573,190629,2018,2,0,0,0.0,596,0
573,200189,2018,3,0,0,0.0,0,91
573,260146,2017,5,0,0,0.0,0,0
573,201873,2018,3,0,0,0.0,514,0
573,205895,2018,12,0,0,0.0,564,108
573,300606,2018,10,0,0,0.0,0,8
573,344006,2018,11,0,0,0.0,0,0
573,307493,2018,12,0,0,0.0,0,0
574,4866,2018,8,16,12646,12646.0,599,83
574,16601,2018,6,5,10805,10805.0,0,0
574,25216,2018,1,5,1700,1700.0,0,0
574,35193,2018,9,4,4638,4638.0,0,0
574,147803,2018,10,1,371,371.0,527,3
574,160003,2018,10,1,807,807.0,0,8
574,167165,2018,2,1,986,986.0,0,0
574,160169,2017,15,1,668,668.0,0,0
574,164805,2018,1,1,631,631.0,0,0
574,177842,2018,11,1,687,687.0,0,0
574,187833,2017,2,0,0,0.0,0,0
574,197464,2017,2,0,10000,0.0,0,0
574,207803,2017,2,0,0,0.0,0,0
574,208662,2017,3,0,0,0.0,0,0
574,207166,2017,4,0,0,0.0,0,0
574,217890,2018,5,0,0,0.0,0,0
574,267403,2017,11,0,0,0.0,0,0
574,267187,2017,12,0,0,0.0,0,0
574,260738,2017,11,0,0,0.0,0,0
574,260101,2017,11,0,0,0.0,0,0
574,262925,2017,10,0,0,0.0,0,0
574,267487,2017,11,0,0,0.0,0,0
574,363976,2018,11,0,0,0.0,529,0
574,362181,2018,12,0,0,0.0,0,0
575,42635,2018,7,4,4818,4818.0,0,0
575,40663,2018,6,4,6908,6908.0,0,0
575,58866,2017,2,3,4617,4617.0,564,71
575,60126,2018,11,3,4637,4637.0,505,99
575,67603,2018,2,3,4447,4447.0,626,78
575,67866,2018,2,3,1681,1681.0,567,8
575,67001,2017,3,3,6403,6403.0,7,158
575,68807,2018,1,3,4416,4416.0,0,1
575,97462,2018,9,3,2341,12341.0,517,0
575,97202,2018,1,2,1706,1706.0,520,8
575,90289,2017,2,3,1216,1216.0,500,96
575,90202,2017,11,2,3706,3706.0,0,0
575,104600,2018,1,2,2776,2776.0,544,100
575,105866,2017,4,2,4606,9606.0,534,108
575,107916,2017,3,2,4121,4121.5,0,48
575,107667,2017,3,2,4805,4805.0,500,0
575,4894,2017,8,2,2206,2206.0,0,1
575,100274,2017,12,2,2806,2806.0,514,8
575,109506,2017,3,2,4426,4406.0,594,0
575,109147,2018,12,0,0,0.0,0,0
575,104186,2017,3,0,0,0.0,567,0
575,7602,2018,6,0,0,0.0,0,6
575,184583,2018,11,0,0,0.0,0,8
575,102067,2018,12,0,0,6.0,0,8
576,186861,2018,11,3,3777,3777.0,0,0
576,180279,2018,1,1,807,807.0,500,0
576,189931,2018,1,0,0,0.0,0,8
576,197196,2017,2,0,0,0.0,0,0
576,191136,2017,3,0,7,0.0,0,0
576,205198,2017,4,0,0,0.0,0,0
576,205364,2017,6,0,0,0.0,0,0
576,201907,2017,8,0,0,0.0,0,0
576,219806,2017,6,0,0,0.0,0,0
576,260606,2017,9,0,0,0.0,0,0
576,268507,2017,11,0,0,0.0,0,0
576,260886,2017,11,0,0,0.0,0,0
576,270296,2017,12,0,0,0.0,0,0
576,287676,2017,11,0,0,0.0,0,0
576,211875,2017,11,0,0,0.0,0,0
576,285243,2018,2,0,0,0.0,0,0
576,205464,2018,2,0,0,0.0,0,0
576,310621,2018,3,0,0,0.0,0,0
576,317196,2018,4,0,0,0.0,0,1
576,327195,2018,5,0,0,0.0,0,0
576,320002,2018,6,0,0,0.0,0,0
576,321803,2018,7,0,0,0.0,0,0
576,362706,2018,11,0,0,0.0,0,3
576,325884,2018,12,0,0,0.0,0,7
577,8911,2018,8,5,9695,9695.0,528,98
577,7169,2017,3,5,10450,10450.0,535,93
577,12108,2018,1,5,2005,2005.0,538,101
577,60605,2017,1,3,829,829.0,7,0
577,60702,2018,2,3,4806,4806.0,0,0
577,60902,2018,5,3,2617,2617.0,0,0
577,65606,2018,8,3,3123,3123.0,0,0
577,62623,2017,6,3,4307,4307.0,0,0
577,62506,2018,8,3,4231,4231.0,524,0
577,100106,2017,11,2,2486,2486.0,0,0
577,107606,2017,12,2,3308,3308.0,524,0
577,102041,2018,5,2,4943,4943.0,528,108
577,116306,2018,12,2,4317,4317.0,0,8
577,123993,2018,1,2,4016,4016.0,0,1
577,182689,2018,10,0,0,0.0,0,0
577,197809,2017,2,0,0,0.0,0,0
577,203108,2017,4,0,0,0.0,0,8
577,207147,2017,3,0,0,0.0,0,0
577,206802,2018,2,0,0,0.0,0,0
577,204107,2018,3,0,0,0.0,0,0
577,207655,2018,7,0,0,0.0,527,100
577,260198,2018,10,0,0,0.0,324,98
577,237104,2018,5,0,0,0.0,594,8
577,302663,2018,12,0,0,0.0,0,1
578,86182,2018,11,3,4705,4705.0,0,0
578,185826,2018,10,1,5703,5703.0,0,0
578,180904,2018,1,0,0,0.0,672,0
578,190101,2017,2,0,0,0.0,0,0
578,190933,2017,2,0,0,0.0,0,0
578,190706,2017,3,0,0,0.0,0,0
578,209687,2018,4,0,0,0.0,0,0
578,200053,2017,5,0,0,0.0,0,4
578,210304,2017,6,0,0,0.0,0,0
578,207161,2017,7,0,0,0.0,0,0
578,219277,2017,8,0,0,0.0,0,0
578,227896,2017,8,0,0,0.0,0,0
578,223887,2017,9,0,0,0.0,0,0
578,237963,2017,1,0,0,0.0,0,0
578,249037,2017,7,0,0,0.0,0,0
578,256103,2017,6,0,0,0.0,0,0
578,260806,2017,11,0,0,0.0,0,0
578,269656,2017,11,0,0,0.0,0,0
578,266807,2017,12,0,0,0.0,0,0
578,321604,2018,5,0,0,0.0,0,0
578,324156,2018,6,0,0,0.0,0,0
578,352107,2018,9,0,0,0.0,0,0
578,361006,2018,12,0,0,0.0,563,0
578,363836,2018,8,0,0,0.0,0,0
579,11924,2017,8,5,7325,7325.0,567,94
579,27739,2018,4,10,0,0.0,0,0
579,27213,2017,7,4,0,0.0,0,0
579,60197,2017,12,0,0,0.0,0,0
579,60484,2018,2,1,8,8.0,4,0
579,169866,2018,5,0,0,0.0,0,0
579,167806,2018,11,0,0,0.0,0,9
579,167046,2017,2,0,0,0.0,0,0
579,183002,2018,10,0,0,0.0,0,0
579,188836,2018,11,0,0,0.0,0,8
579,187807,2018,12,0,0,0.0,0,0
580,46131,2018,8,4,1776,1776.0,0,0
580,41002,2018,12,4,7221,7221.0,0,0
580,86322,2018,9,3,3888,3888.0,0,0
580,157695,2018,1,1,1979,1979.0,596,8
580,62036,2017,11,1,869,869.0,0,0
580,167165,2018,12,1,623,623.0,500,105
580,172486,2018,2,1,717,77717.0,526,3
580,367836,2017,1,0,0,0.0,0,8
580,354152,2017,2,0,637,37.0,0,0
580,360562,2017,3,0,0,0.0,0,1
580,360176,2017,5,0,0,0.0,0,0
580,367962,2017,10,0,0,0.0,8,0
580,363698,2017,1,0,0,0.0,0,0
580,365165,2018,2,0,0,0.0,0,0
580,399963,2018,2,0,0,0.0,0,0
580,370663,2018,1,0,0,0.0,524,141
580,360165,2018,12,0,0,0.0,0,0
580,361179,2018,6,0,0,0.0,0,0
580,365302,2018,10,0,0,0.0,0,0
580,360163,2018,3,0,0,0.0,0,0
580,363602,2018,4,0,0,0.0,0,0
580,368186,2018,6,0,0,0.0,0,5
580,371483,2018,11,0,0,0.5,593,0
580,372297,2018,11,0,0,0.0,0,0
581,10834,2017,3,5,7860,7860.0,0,0
581,5069,2018,7,5,7130,7130.0,4,100
581,83906,2017,11,3,4805,4805.0,8,0
581,85823,2018,6,3,4807,4807.0,0,98
581,62864,2018,12,3,4741,4741.0,563,100
581,97984,2017,1,2,4106,4106.0,0,0
581,97176,2018,3,2,4214,4214.0,396,98
581,107636,2017,8,2,1656,1956.0,1,0
581,100377,2017,1,2,4642,4642.0,0,0
581,101169,2017,10,2,3686,3686.0,524,0
581,100116,2017,10,2,1306,1306.0,598,0
581,105667,2018,2,2,4248,4248.0,0,8
581,101825,2018,4,2,1717,1717.0,0,0
581,108204,2018,12,2,10812,10812.0,7,0
581,107709,2017,5,1,867,867.0,0,8
581,122035,2017,6,1,200,200.0,0,0
581,165906,2018,8,1,807,807.0,526,0
581,160985,2018,1,1,2141,2161.0,0,8
581,182605,2017,11,1,648,8.0,0,0
581,192163,2017,2,0,7,0.0,7,0
581,300296,2018,5,0,0,0.0,0,0
581,300432,2018,10,0,7,0.5,527,0
581,300163,2018,9,0,0,0.0,0,0
581,300298,2018,7,0,0,0.0,396,109
582,10596,2018,7,5,10805,10805.0,0,0
582,50626,2018,12,3,7606,7606.0,337,86
582,7699,2018,8,3,4617,4817.0,398,71
582,7063,2017,7,5,10843,843.0,0,51
582,5103,2017,1,3,2366,2366.0,397,100
582,97896,2018,12,3,4134,4134.0,0,0
582,90693,2018,1,2,4606,4606.0,504,91
582,90104,2017,2,3,4927,4927.0,596,0
582,103864,2018,12,2,4836,4836.0,0,8
582,100802,2018,8,2,14621,4621.0,527,0
582,107690,2018,9,2,2256,2256.0,4,1
582,101486,2017,8,2,4877,4877.0,4,0
582,104806,2018,7,2,3826,3826.0,0,0
582,107163,2017,3,2,4607,4627.0,0,1
582,107122,2017,11,0,0,0.0,564,100
582,190095,2017,1,0,0,0.0,500,91
582,205863,2017,8,0,5368,0.0,0,0
582,227163,2017,5,0,0,0.0,0,1
582,335574,2018,6,0,0,0.0,4,8
582,343362,2018,8,0,0,0.0,0,0
582,355166,2018,9,0,0,0.0,500,0
582,364167,2018,10,0,0,0.0,561,0
582,381286,2018,11,0,0,0.0,0,0
582,355806,2018,12,0,0,0.0,0,0
583,5833,2017,7,6,10038,10038.0,0,0
583,9129,2018,8,5,4245,4245.0,0,0
583,34050,2017,12,4,4600,4600.0,524,99
583,31605,2018,3,4,5428,5428.0,8,108
583,57666,2017,2,3,4644,4644.0,390,3
583,67369,2018,8,3,6656,6656.0,0,0
583,65163,2018,8,3,1877,1877.0,520,91
583,62404,2018,1,3,4627,627.0,0,5
583,60578,2018,9,3,6301,6301.0,500,1
583,65905,2018,1,3,3301,3301.0,0,0
583,62602,2018,1,3,4331,4631.0,8,0
583,90693,2018,2,3,4866,4866.0,524,0
583,90017,2018,3,3,2316,2316.0,0,0
583,91160,2018,1,2,2131,2131.0,0,0
583,97611,2018,12,1,380,80.0,0,0
583,204196,2018,4,0,0,0.0,0,0
583,309019,2018,6,0,0,0.0,0,0
583,305905,2018,4,0,0,0.0,0,0
583,303106,2018,3,0,0,0.0,0,0
583,305806,2018,5,0,0,0.0,0,0
583,395866,2018,1,0,0,0.0,0,0
583,328209,2018,5,0,0,0.0,0,0
583,327107,2018,11,0,0,0.0,0,0
583,360809,2018,12,0,0,0.0,0,3
584,184297,2017,1,0,0,0.0,0,0
584,186169,2017,2,0,0,0.0,0,0
584,27806,2017,3,0,0,10000.0,0,0
584,157670,2017,4,0,0,0.0,0,0
584,150008,2017,2,0,0,0.0,0,0
584,187802,2017,6,0,0,0.0,0,0
584,186677,2018,7,0,0,0.0,0,0
584,197096,2017,2,0,0,0.0,0,0
584,197200,2017,3,0,0,0.0,0,0
584,195888,2017,7,0,0,0.0,0,0
584,200405,2017,8,0,0,0.0,0,0
584,213076,2017,11,0,0,0.0,0,0
584,269696,2018,5,0,0,0.0,0,0
584,267896,2017,12,0,0,0.0,0,0
584,275165,2017,11,0,0,0.0,0,0
584,283606,2018,1,0,0,0.0,0,0
584,297407,2018,2,0,0,0.0,0,0
584,286899,2018,4,0,0,0.0,0,0
584,301026,2018,3,0,0,0.0,0,0
584,307036,2018,4,0,0,0.0,0,0
584,306006,2018,5,0,0,0.0,0,0
584,307153,2018,8,0,0,0.0,0,0
584,300686,2018,9,0,0,0.0,523,0
584,362666,2018,11,0,0,0.0,568,1
585,17163,2018,7,5,10700,10700.0,0,0
585,50893,2018,9,3,4977,4977.0,531,91
585,50869,2017,2,3,5601,5601.0,894,8
585,55813,2017,5,3,4691,4691.0,790,84
585,91569,2018,1,3,1636,11636.0,0,0
585,108582,2018,8,2,4607,4607.0,0,0
585,107104,2018,1,2,3806,3806.0,0,0
585,106805,2018,11,2,4336,10336.0,500,0
585,116889,2018,2,2,3606,3606.0,500,1
585,150002,2018,8,1,807,807.0,594,0
585,193162,2017,12,1,2207,2207.0,800,0
585,203695,2018,3,1,726,726.0,0,0
585,201100,2017,2,0,0,0.0,6,0
585,235816,2017,7,0,0,0.0,0,0
585,261129,2017,8,0,7,0.0,597,0
585,255836,2017,2,0,0,0.0,0,0
585,255666,2018,9,0,0,0.0,4,0
585,250365,2017,1,0,0,0.0,0,0
585,290926,2018,1,0,0,0.0,0,0
585,300956,2018,4,0,0,0.0,524,7
585,300976,2018,2,0,0,0.0,0,0
585,307173,2018,3,0,0,0.0,0,0
585,363095,2018,11,0,0,0.0,0,0
585,367155,2018,12,0,0,0.0,0,0
586,47163,2018,11,4,4336,4336.0,0,0
586,92612,2018,2,3,5731,5731.0,574,96
586,160617,2018,11,1,817,817.0,593,98
586,168896,2018,8,1,703,703.0,595,98
586,174208,2018,1,0,0,0.0,0,0
586,189969,2017,2,0,0,0.0,0,0
586,197836,2017,6,0,0,0.0,0,0
586,197802,2017,7,0,0,0.0,596,8
586,190691,2017,8,0,0,0.0,0,1
586,190865,2017,3,0,0,0.0,0,0
586,197487,2017,4,0,0,0.0,0,0
586,190869,2017,1,0,600,0.0,0,0
586,195096,2017,2,0,0,0.0,0,0
586,195952,2017,1,0,0,0.0,0,0
586,206667,2017,2,0,0,0.0,0,0
586,215660,2018,4,0,0,0.0,0,0
586,223663,2017,5,0,0,0.0,0,0
586,221462,2018,6,0,0,0.0,266,0
586,230469,2017,7,0,0,0.0,0,0
586,230107,2018,8,0,0,0.0,0,0
586,247606,2017,8,0,0,0.0,0,0
586,255132,2017,11,0,0,0.0,0,0
586,260103,2018,11,0,0,0.0,0,9
586,260696,2018,12,0,0,0.0,0,0
587,7896,2018,3,5,5785,5085.0,0,0
587,7766,2018,7,5,4805,4805.0,0,0
587,1843,2017,8,8,12302,12302.0,767,1
587,3806,2018,9,5,3290,3390.0,0,0
587,18166,2017,2,5,3087,3087.0,0,8
587,24323,2018,11,5,14846,4846.0,0,8
587,90066,2017,1,3,4708,4708.0,0,0
587,97063,2018,5,2,2068,2168.0,0,8
587,105896,2018,11,2,4800,4800.0,500,5
587,101184,2017,7,2,3706,3706.0,595,100
587,100734,2017,11,2,2806,2806.0,0,0
587,157096,2018,2,1,666,666.0,0,0
587,155747,2017,2,1,11616,1616.0,550,0
587,169008,2018,11,1,2328,2328.0,563,108
587,164161,2018,2,1,766,766.0,594,0
587,169894,2018,1,1,18,68.0,548,98
587,163833,2018,11,1,1117,718.0,0,8
587,162369,2018,12,1,31801,1791.0,0,0
587,303166,2018,3,0,0,0.0,0,0
587,325883,2018,5,0,0,0.0,0,0
587,367869,2018,6,0,0,0.0,0,8
587,367004,2018,10,0,0,0.0,0,8
587,375862,2018,11,0,0,0.0,0,0
587,360104,2018,12,0,0,0.0,529,0
588,2988,2017,7,6,10600,10600.0,562,98
588,53666,2017,12,3,7001,7001.0,328,0
588,60166,2018,9,3,4909,4909.0,368,81
588,67886,2018,2,3,2763,2763.0,0,0
588,67107,2018,11,3,6359,6359.0,500,0
588,90836,2018,1,3,1864,1844.0,0,0
588,92542,2017,12,2,4691,4691.0,3,0
588,97971,2017,2,2,4376,4376.0,0,0
588,108607,2017,3,2,2326,2326.0,0,0
588,100690,2017,10,2,3645,3645.0,0,0
588,105109,2017,11,2,4467,4467.0,800,3
588,100891,2017,9,2,2647,2647.0,0,0
588,107665,2018,3,2,1200,1200.0,0,0
588,100806,2018,8,1,894,894.0,564,0
588,165106,2018,2,1,636,636.0,0,0
588,164104,2017,11,1,2111,2111.0,4,0
588,165806,2018,1,1,1421,1421.0,536,2
588,169006,2018,1,1,636,636.0,0,0
588,167177,2018,2,1,801,141.0,4,0
588,168106,2018,1,0,5,300.0,526,0
588,167986,2018,10,0,0,0.5,0,0
588,188006,2017,12,0,0,0.0,500,8
588,237067,2017,11,0,0,0.0,0,0
588,207854,2018,2,20,0,0.0,500,0
589,4876,2017,5,6,4690,4690.0,0,0
589,7193,2018,7,6,7800,7800.0,0,0
589,5060,2018,8,6,5396,5396.0,0,0
589,17104,2018,10,5,7307,7307.0,0,0
589,10167,2018,3,5,4307,4307.0,354,0
589,68690,2018,2,3,6826,6826.0,0,0
589,67025,2018,2,3,3036,3036.0,0,0
589,74801,2018,1,3,1388,1388.0,4,0
589,90324,2017,5,3,4304,4304.0,0,0
589,105665,2018,11,2,4684,4684.0,0,0
589,108503,2018,8,2,4809,4809.0,0,148
589,100566,2017,9,2,4636,4636.0,594,108
589,107507,2018,1,2,3478,3478.0,0,0
589,147806,2018,9,1,631,631.0,524,100
589,142696,2018,2,1,821,821.0,567,98
589,160111,2018,11,1,866,866.0,364,98
589,160363,2018,12,1,821,821.0,0,0
589,164676,2017,11,1,2738,2837.0,0,0
589,167862,2018,2,1,621,641.5,0,0
589,173686,2018,4,1,14323,391.0,500,0
589,187105,2018,1,0,0,0.0,0,0
589,190306,2018,11,0,0,0.0,500,0
589,225154,2018,10,0,0,0.0,6,71
589,300191,2018,2,0,0,0.0,500,0
590,17067,2018,8,5,3820,3820.0,625,5
590,65806,2017,1,3,44687,4687.0,0,0
590,105494,2018,3,2,4028,4028.0,0,0
590,167014,2018,1,1,2801,2801.0,0,0
590,161893,2017,12,1,81,81.0,527,6
590,160206,2018,1,1,606,606.0,557,92
590,167905,2018,2,1,867,867.0,0,0
590,165606,2018,1,1,86,86.0,0,0
590,361564,2018,1,0,0,0.0,0,0
590,360654,2017,2,0,0,0.0,0,0
590,340675,2017,2,0,0,0.0,0,0
590,321176,2017,3,0,0,0.0,0,0
590,307168,2018,4,0,0,0.0,0,0
590,300168,2018,3,0,0,0.0,0,0
590,307169,2018,5,0,0,0.0,0,0
590,360000,2018,6,0,0,10000.0,0,0
590,367108,2018,7,0,0,0.0,0,9
590,302899,2018,10,0,0,0.0,0,98
590,367606,2018,2,0,0,0.0,0,0
590,363263,2018,7,0,0,0.0,0,0
590,376163,2018,2,0,0,0.0,7,0
590,369303,2018,11,0,0,0.0,564,100
590,360107,2018,11,0,0,0.0,0,0
590,361804,2018,12,0,0,0.0,0,8
591,3268,2017,7,6,5800,5800.0,0,0
591,4102,2018,6,6,7427,7427.0,0,0
591,3803,2017,1,8,10926,10926.0,500,98
591,14356,2018,8,5,7328,7328.0,0,0
591,27859,2017,8,4,3336,3336.0,500,0
591,60985,2017,11,3,2147,2147.0,8,0
591,67183,2018,2,3,4377,4377.0,0,0
591,87893,2018,1,3,2307,2307.0,0,0
591,112816,2018,10,2,2001,2001.0,0,0
591,104873,2017,12,2,4333,4333.0,526,1
591,100601,2018,1,0,0,0.0,0,0
591,107668,2017,5,0,0,0.0,696,1
591,205623,2017,3,0,0,0.0,0,8
591,210995,2017,5,0,0,0.0,0,0
591,210109,2017,10,0,0,0.0,0,0
591,225803,2017,4,0,0,0.0,324,8
591,227889,2017,5,0,0,0.0,0,0
591,266890,2017,12,0,0,0.0,524,94
591,260679,2017,10,0,0,0.0,7,0
591,300665,2018,3,0,0,0.0,0,0
591,317865,2018,1,0,0,0.0,0,0
591,323106,2018,5,0,0,0.0,0,4
591,345706,2018,7,0,0,0.0,0,0
591,350602,2018,11,0,0,0.0,526,0
592,12226,2017,8,5,7005,7005.0,0,0
592,8606,2017,5,5,10805,10805.0,0,0
592,57102,2017,2,3,4367,4867.0,594,90
592,65384,2018,4,3,4317,4317.0,527,148
592,70187,2018,8,3,2901,2901.0,586,95
592,109864,2018,7,2,4308,4308.0,0,8
592,164863,2018,5,1,2346,2346.0,0,1
592,166002,2018,8,1,747,767.0,306,102
592,165102,2018,11,1,851,851.0,0,0
592,160503,2018,2,1,10801,801.0,564,1
592,162839,2018,2,1,2388,2388.0,600,0
592,370162,2018,1,0,0,0.0,0,0
592,307333,2017,7,0,0,0.0,0,0
592,300680,2018,9,0,0,0.0,0,0
592,306804,2017,2,0,0,0.0,0,0
592,306802,2018,2,0,0,0.0,0,0
592,307166,2018,3,0,0,0.5,0,0
592,335997,2018,4,0,0,0.0,0,0
592,365167,2018,2,0,0,0.0,0,0
592,369207,2018,5,0,0,0.0,0,0
592,390258,2018,3,0,0,0.0,0,0
592,360167,2018,6,0,0,0.0,0,0
592,367343,2018,11,0,0,0.0,0,0
592,367687,2018,11,0,0,0.0,0,0
593,4106,2018,7,6,5820,5820.0,0,0
593,42609,2017,8,4,2676,2676.0,716,0
593,47603,2018,11,3,4276,4276.0,506,108
593,55067,2017,9,3,1851,1851.0,0,0
593,50406,2017,1,3,6307,6307.0,0,1
593,62604,2017,12,3,3829,3829.0,9,8
593,65106,2018,6,3,2991,2991.0,578,8
593,68108,2018,12,3,7871,7871.0,399,100
593,100386,2018,8,2,4136,4936.0,0,58
593,107672,2017,6,2,14373,4373.0,0,0
593,107807,2017,7,2,4036,4036.0,0,0
593,107205,2018,9,3,2626,2626.0,568,100
593,115974,2018,4,2,4638,4638.0,0,78
593,142133,2017,11,1,606,606.0,0,0
593,168812,2018,5,1,720,720.0,0,0
593,162808,2018,6,1,728,738.0,0,0
593,185506,2017,1,0,0,0.0,0,0
593,302841,2018,2,0,0,0.0,0,1
593,305006,2018,3,0,0,0.0,0,0
593,300106,2018,3,0,0,0.0,0,0
593,300602,2018,4,0,0,0.0,4,0
593,301086,2018,9,0,0,0.0,0,0
593,307606,2018,5,0,0,0.0,0,0
593,310144,2018,9,0,0,0.0,0,0
593,303106,2018,6,0,0,0.0,540,8
593,307569,2018,1,0,0,0.0,0,0
593,301176,2018,9,0,0,0.0,0,0
593,313603,2018,8,0,0,0.0,568,0
593,357199,2017,6,0,0,0.0,0,0
593,324096,2018,2,0,0,0.0,0,0
593,326886,2018,6,0,0,0.0,0,0
593,364371,2018,3,0,0,0.0,0,0
593,354126,2018,7,0,0,0.0,0,0
593,327107,2018,9,0,0,0.0,500,8
593,360067,2018,2,1,10000,0.0,0,0
593,323076,2018,1,0,0,0.0,0,1
593,337904,2018,8,0,0,0.0,0,0
593,300563,2018,7,0,0,0.0,0,8
593,349603,2018,8,0,0,0.0,0,1
593,330489,2018,9,0,0,0.0,0,0
593,354168,2018,8,0,0,0.0,0,0
593,327802,2018,8,0,0,0.0,0,0
593,360665,2018,12,0,0,0.0,0,0
593,312664,2018,12,0,0,0.0,0,0
593,367145,2018,12,0,0,0.0,0,0
593,360104,2018,7,0,0,0.0,0,0
593,357865,2018,1,0,0,0.0,0,0
593,357224,2018,12,0,0,0.0,0,0
594,182162,2017,1,0,0,0.0,0,0
594,197836,2017,2,0,0,0.0,0,0
594,207603,2017,3,0,0,0.0,0,0
594,200824,2017,4,0,0,0.0,590,90
594,210606,2017,5,0,0,0.0,0,0
594,227582,2017,6,0,0,0.0,0,0
594,231286,2017,7,0,0,0.0,0,0
594,247906,2017,8,0,8,0.0,0,8
594,255313,2017,9,0,0,0.0,0,9
594,255400,2017,9,0,0,0.0,0,0
594,260663,2017,11,0,0,0.0,0,0
594,269607,2017,12,0,0,0.0,0,0
594,262896,2018,1,0,0,0.0,0,0
594,267107,2018,3,0,0,0.0,0,0
594,266654,2017,11,0,0,0.0,0,1
594,287895,2018,2,0,0,0.0,0,0
594,281608,2018,4,0,0,0.0,0,0
594,260676,2018,3,0,0,0.0,0,0
594,260607,2018,7,0,0,0.0,0,0
594,260445,2018,8,0,0,0.0,0,0
594,267804,2017,10,0,0,0.0,0,0
594,368995,2018,11,0,0,0.0,0,0
594,360373,2018,12,0,0,0.0,0,0
594,377076,2018,12,0,0,0.0,4,100
595,34372,2017,11,4,4928,4928.0,0,0
595,42834,2018,9,3,2666,2666.0,516,98
595,67465,2017,2,3,4481,4481.0,0,9
595,68836,2017,12,3,4332,4332.0,0,0
595,60676,2018,1,3,35338,5338.0,0,8
595,60803,2018,2,3,3915,3915.0,0,0
595,101188,2017,11,2,4266,4266.0,524,100
595,107693,2018,8,2,3314,3314.0,700,0
595,107635,2018,4,2,4486,4486.0,599,0
595,100563,2017,8,2,4196,4196.0,0,0
595,117889,2018,3,2,2366,2366.0,0,2
595,167303,2018,12,2,2146,2146.0,526,8
595,164638,2018,10,1,816,816.0,525,93
595,165482,2018,1,1,1661,1661.0,0,3
595,162066,2018,7,1,1806,1806.0,590,0
595,190833,2017,2,0,0,0.0,0,0
595,207066,2017,3,0,0,0.0,0,2
595,207103,2017,6,0,0,0.0,0,0
595,210006,2017,4,0,0,0.0,0,0
595,307605,2018,9,0,0,0.0,0,0
595,311601,2018,5,0,0,0.0,520,7
595,324169,2018,6,0,0,0.0,0,0
595,340192,2018,7,0,0,0.0,517,0
595,360607,2018,12,0,0,0.0,564,8
596,24652,2017,4,4,1820,1820.0,496,85
596,65962,2018,8,3,1936,1936.0,528,88
596,107873,2017,7,2,4300,4300.0,0,0
596,100106,2017,12,2,2306,2306.0,500,8
596,105606,2018,5,2,2801,2801.0,598,8
596,112783,2018,7,2,4606,4606.0,0,0
596,125387,2018,9,2,2728,2728.0,590,8
596,165806,2018,6,1,708,708.0,0,8
596,160304,2018,11,1,2036,2036.0,500,0
596,161695,2018,6,1,671,671.0,0,2
596,167869,2018,11,1,2301,2301.0,568,0
596,182933,2017,1,0,0,0.0,0,108
596,192402,2017,2,0,0,0.0,0,0
596,204184,2017,3,0,0,0.0,0,8
596,201077,2017,1,0,0,0.0,0,0
596,200163,2018,3,0,0,0.0,0,0
596,208176,2018,4,0,0,0.0,0,0
596,205691,2018,2,0,0,0.0,0,0
596,209525,2018,3,0,0,0.0,0,0
596,234105,2017,6,0,0,0.0,0,0
596,209107,2017,2,0,0,0.0,0,0
596,280264,2018,10,0,0,0.0,524,0
596,234300,2018,12,0,0,0.0,0,0
596,215103,2018,8,0,0,0.0,0,2
597,47057,2018,7,20,600,600.0,4,0
597,47834,2018,6,12,0,0.0,0,0
597,47002,2018,1,0,0,0.0,0,0
597,60033,2018,8,3,767,767.0,0,0
597,68308,2017,12,1,0,0.0,594,98
597,67407,2017,11,0,0,0.0,0,0
597,77006,2018,9,0,0,0.0,0,0
597,181602,2017,2,0,0,0.0,0,7
597,187103,2018,12,0,0,0.0,0,0
597,197603,2018,3,0,0,0.0,0,0
597,196476,2017,6,0,0,0.0,0,0
597,197781,2017,9,0,0,0.0,0,0
597,97881,2017,1,0,0,0.0,0,0
597,197086,2018,12,0,0,0.0,0,0
597,190669,2018,10,0,0,0.0,0,0
597,301101,2018,3,0,0,0.5,525,0
597,307806,2018,1,0,0,0.0,0,1
597,307116,2018,4,0,0,0.0,0,0
597,343366,2018,8,0,0,0.0,0,0
597,353909,2018,9,0,0,0.0,0,0
597,361164,2018,11,0,0,0.0,0,0
597,360834,2018,10,0,0,0.0,0,1
597,340166,2018,12,0,0,0.0,0,0
597,360902,2018,11,0,0,10000.0,0,0
598,17086,2018,3,5,4230,4230.0,0,0
598,60845,2018,11,3,4306,4306.0,517,71
598,29369,2018,6,3,4617,4617.0,500,8
598,60883,2017,10,3,4630,4630.0,0,0
598,87066,2018,11,3,7010,7010.0,0,79
598,100162,2018,1,2,4356,4356.0,0,0
598,107235,2018,2,2,1646,1646.0,598,78
598,108186,2017,8,2,4230,4230.0,0,0
598,200825,2017,3,2,4308,6308.0,4,141
598,207667,2017,11,0,0,0.0,0,0
598,202063,2017,3,0,0,0.0,0,0
598,200682,2017,4,0,0,0.0,0,0
598,200065,2017,5,0,0,0.0,0,0
598,216123,2017,4,0,0,10000.0,0,0
598,239146,2017,7,0,0,0.0,0,0
598,237109,2018,6,0,0,0.0,0,0
598,237867,2017,2,0,0,0.0,0,3
598,240369,2017,4,0,0,0.0,724,0
598,250090,2018,8,0,0,0.0,0,0
598,250668,2017,5,0,0,0.0,0,0
598,260083,2017,11,0,0,0.0,544,0
598,267188,2018,9,0,0,0.0,0,6
598,269426,2018,11,0,0,0.0,0,1
598,377895,2018,12,0,0,0.0,0,0
599,90680,2018,11,3,5104,5104.0,0,8
599,91669,2018,2,3,4107,4107.0,522,60
599,96902,2018,1,3,4306,4306.0,0,78
599,150816,2018,8,1,1206,1206.0,394,8
599,157309,2018,11,1,2147,2147.0,391,100
599,160904,2018,12,1,767,767.0,3,91
599,162106,2017,1,1,733,733.0,500,0
599,166163,2017,2,1,807,807.0,0,0
599,162175,2018,1,1,631,631.0,560,0
599,160857,2018,1,1,861,861.0,0,0
599,160002,2018,3,1,1601,1601.0,0,104
599,188116,2017,1,0,5,5.0,0,5
599,199661,2017,2,0,0,0.0,0,0
599,200832,2017,2,0,0,0.0,0,0
599,207193,2017,4,0,0,0.0,0,0
599,200866,2017,3,0,0,0.0,0,0
599,207609,2017,5,0,0,0.0,0,0
599,209223,2017,4,0,0,0.0,0,0
599,200156,2018,6,0,0,0.0,0,0
599,300867,2018,7,0,0,0.0,0,0
599,317361,2018,3,0,0,0.0,0,1
599,315808,2018,11,0,0,0.0,0,0
599,325903,2018,8,0,0,0.0,0,0
599,307630,2018,12,0,0,0.0,0,0
600,247,2018,7,7,11836,11836.0,0,0
600,568,2017,7,6,10356,20356.0,7,0
600,809,2018,8,5,4016,4016.0,504,0
600,7866,2018,9,5,3085,3685.0,0,0
600,801,2017,1,6,10335,335.0,0,0
600,2203,2017,7,5,3808,3808.0,0,0
600,805,2017,2,0,0,0.0,0,0
600,126,2018,4,0,0,0.0,0,8
600,3316,2017,2,0,0,0.0,0,3
600,154168,2017,8,0,0,0.0,0,0
600,164866,2017,9,0,0,0.0,0,0
600,165886,2017,5,0,0,0.0,0,0
600,163126,2018,9,0,0,0.0,0,0
600,190466,2018,2,0,0,0.0,0,0
600,209836,2018,11,0,0,0.0,0,0
600,208673,2018,2,0,0,0.0,0,0
600,208287,2018,2,0,0,0.0,0,0
600,200093,2018,1,0,0,0.0,0,8
600,307186,2018,3,0,0,0.0,0,0
600,307151,2018,4,0,0,0.0,0,0
600,310608,2018,3,0,0,0.0,0,0
600,363899,2018,10,0,0,0.0,0,0
600,373346,2018,5,0,0,0.0,0,0
600,347033,2018,12,0,0,0.0,6,3
600,387296,2018,9,0,0,0.0,0,8
600,350105,2018,1,0,0,0.0,0,0
600,337600,2018,6,0,0,0.0,0,0
600,307896,2018,4,0,0,0.0,0,0
600,335906,2018,4,0,0,0.0,0,0
600,342108,2018,8,0,0,0.0,0,0
600,343620,2018,8,0,0,0.0,0,0
600,360803,2018,5,0,0,0.0,0,0
600,360196,2018,7,0,0,0.0,0,0
600,318608,2018,7,0,0,0.0,4,0
600,360667,2018,9,0,0,0.5,524,0
600,342806,2018,8,0,0,0.0,0,0
600,310103,2018,8,0,0,11200.0,0,0
600,300690,2018,8,0,0,0.0,0,0
600,318619,2018,9,0,0,0.0,1,0
600,316226,2018,2,0,0,0.0,0,0
600,337646,2018,6,0,0,0.0,0,0
600,360606,2018,1,0,0,0.0,0,0
600,337666,2018,8,0,0,0.0,0,0
600,360766,2018,11,0,0,0.0,0,0
600,362866,2018,11,0,0,0.0,0,0
600,370866,2018,11,0,0,0.0,0,0
600,367976,2018,11,0,0,0.0,57,100
600,367264,2018,11,0,0,0.0,0,0
601,8695,2018,8,5,14900,14900.0,730,88
601,426,2017,7,5,10800,10800.0,0,0
601,1127,2017,4,6,10680,26685.0,0,0
601,7606,2017,8,5,2487,2487.0,0,0
601,111129,2018,2,2,4676,4676.0,0,0
601,113746,2018,6,2,3300,3300.0,0,0
601,125263,2018,2,1,928,928.0,0,0
601,160806,2018,12,1,777,777.0,700,0
601,141106,2017,11,1,688,688.0,543,0
601,142692,2018,1,1,811,811.0,0,0
601,165206,2018,1,1,1304,1304.0,369,108
601,161602,2018,12,1,797,797.0,521,91
601,161606,2018,6,1,703,703.0,595,0
601,185642,2017,2,0,0,0.0,0,0
601,195162,2017,9,0,0,0.0,0,0
601,197206,2017,1,0,0,0.0,0,0
601,207108,2017,2,0,0,0.0,561,99
601,200896,2018,3,0,0,0.0,0,0
601,201168,2018,4,0,0,0.0,0,0
601,204097,2018,5,0,0,0.0,0,0
601,312873,2018,7,0,0,0.0,0,0
601,368807,2018,9,0,0,0.0,547,0
601,367606,2018,11,0,0,0.0,0,0
601,368803,2018,12,0,0,0.0,520,0
602,2356,2017,6,6,10030,10030.0,514,108
602,4481,2018,7,6,10938,10932.0,0,0
602,6100,2018,8,6,24806,14806.0,0,0
602,2886,2017,9,6,4800,4800.0,548,4
602,7192,2017,11,6,3038,3038.0,0,0
602,7806,2018,9,6,5276,5276.0,580,8
602,7196,2018,3,6,15134,5136.0,0,0
602,67,2017,10,6,4354,4354.0,8,100
602,3105,2018,8,2,4798,4998.0,500,91
602,7604,2017,7,6,4347,4347.0,0,0
602,7766,2018,3,6,4341,4341.0,524,8
602,4669,2017,11,2,4002,4002.0,324,3
602,6064,2017,12,6,2606,2906.0,0,8
602,611,2017,11,5,324,324.0,0,1
602,50166,2017,12,3,4665,4465.0,0,0
602,60824,2018,2,3,4686,4686.0,543,6
602,67144,2018,5,3,4636,4635.0,0,0
602,65065,2018,12,3,2371,2331.0,0,0
602,68803,2018,2,3,4111,701.0,500,0
602,64105,2018,6,3,4323,4332.0,0,0
602,61993,2018,8,3,7206,4326.0,0,8
602,95096,2018,10,3,4307,4001.0,524,0
602,347606,2018,11,3,4606,4626.0,300,0
602,307668,2018,12,1,2605,4606.0,304,0
603,1116,2018,8,6,17806,17806.0,0,0
603,5066,2018,7,6,5766,5736.0,500,0
603,6803,2018,9,6,12801,12801.0,566,98
603,26068,2018,6,4,5366,5366.0,517,58
603,36206,2018,9,4,4383,4383.0,0,1
603,31170,2018,12,5,4387,4387.0,0,0
603,47866,2018,1,4,2807,2807.0,503,0
603,55166,2017,12,3,4407,4407.0,524,0
603,62166,2018,3,3,4307,4307.0,0,0
603,100605,2017,1,2,4806,4806.0,0,1
603,105806,2017,6,2,806,806.0,0,0
603,104063,2017,1,2,2306,2306.0,514,0
603,107815,2018,9,2,3036,3036.0,4,148
603,100887,2017,8,2,4916,4916.0,591,9
603,102947,2018,5,2,4312,4312.0,0,0
603,101606,2017,11,2,4006,4006.0,1,0
603,100106,2018,11,1,605,605.0,0,5
603,190775,2018,12,0,1,0.0,0,8
603,264865,2017,8,0,0,0.0,0,0
603,307907,2018,2,0,0,0.0,0,0
603,318003,2018,10,0,0,0.0,0,0
603,352870,2018,12,0,0,0.0,500,0
603,337144,2018,1,0,0,0.0,0,0
603,365306,2018,12,0,0,0.0,500,0
604,17672,2018,7,5,4440,4440.0,0,1
604,23663,2017,8,4,2332,2332.0,0,0
604,37405,2018,9,4,10852,10852.0,7,0
604,35827,2018,12,4,4421,4421.0,0,0
604,39407,2018,8,4,4301,4301.0,2,0
604,38806,2018,5,4,3666,3666.0,0,0
604,42865,2018,7,4,8860,8860.0,0,0
604,67682,2018,12,3,4208,4808.0,624,0
604,66847,2018,3,3,4327,4327.0,0,86
604,62662,2018,1,3,5611,5611.0,594,0
604,64607,2018,9,3,4281,4281.0,0,0
604,67612,2018,6,3,3386,3376.0,0,8
604,101567,2018,6,2,4326,4326.0,0,100
604,100466,2018,8,2,2132,2132.0,574,0
604,165887,2018,12,1,956,956.0,4,0
604,167861,2017,11,1,817,817.0,528,0
604,203606,2017,1,0,0,0.0,4,0
604,200680,2017,8,0,0,0.0,0,8
604,203866,2017,3,0,0,0.0,525,0
604,202561,2017,8,0,0,0.0,0,0
604,247600,2017,11,0,0,0.0,0,8
604,265162,2018,10,0,0,0.0,2,0
604,277655,2017,1,0,0,0.0,797,3
604,200909,2018,12,0,0,0.0,0,9
605,42567,2017,8,4,4656,4656.0,0,0
605,45266,2018,5,4,7936,7936.0,794,91
605,62862,2018,1,3,1741,1741.0,558,108
605,96877,2018,12,3,4800,4800.0,500,9
605,105666,2018,11,2,2331,2331.0,578,8
605,107586,2018,3,2,4606,4606.0,0,0
605,115806,2018,11,2,4376,4376.0,796,100
605,170605,2018,9,1,826,826.0,524,8
605,160107,2017,2,1,1701,1701.0,514,108
605,165089,2018,1,1,687,687.0,0,8
605,166867,2018,2,1,806,806.0,0,6
605,177362,2018,10,1,606,606.0,0,8
605,175163,2017,1,0,0,0.0,0,0
605,184902,2017,2,0,0,0.0,0,0
605,192926,2017,4,0,0,0.0,0,0
605,207264,2017,3,0,0,0.0,524,100
605,217866,2017,4,0,0,0.0,0,0
605,226881,2017,5,0,0,0.0,0,0
605,252407,2017,9,0,0,0.0,0,0
605,260609,2017,11,0,0,0.0,0,8
605,260809,2017,11,0,0,0.0,0,8
605,262101,2018,11,0,0,0.0,524,6
605,307109,2018,12,0,0,0.0,0,0
605,377272,2018,5,0,0,0.0,0,1
606,15735,2018,8,5,4630,4630.0,524,141
606,13656,2017,6,5,4600,4600.0,0,0
606,41163,2018,8,4,4336,4336.0,0,0
606,57123,2018,2,3,7323,7323.0,0,1
606,62360,2018,6,3,1321,1321.0,0,0
606,67006,2018,11,3,4387,4387.0,0,0
606,67105,2018,1,3,667,667.0,0,0
606,97866,2017,2,2,4816,4816.0,0,0
606,107105,2017,3,2,4407,4407.0,0,0
606,162863,2018,5,2,4301,4501.0,4,100
606,160822,2017,11,1,2447,2447.0,0,0
606,164166,2018,7,1,2866,2866.0,0,0
606,165861,2018,9,1,603,603.0,597,0
606,168166,2018,2,1,2375,2375.0,0,0
606,185862,2017,1,0,0,0.0,0,0
606,196667,2017,2,0,0,0.0,0,0
606,207677,2017,3,0,0,0.0,590,0
606,201664,2017,4,0,0,0.0,0,41
606,202403,2018,3,0,0,0.0,0,0
606,204104,2018,7,0,0,0.0,0,0
606,208503,2018,4,0,0,0.0,567,0
606,200899,2018,2,0,0,0.0,0,0
606,203896,2017,9,0,0,0.0,0,0
606,207699,2018,8,0,0,0.0,0,0
607,15130,2018,5,5,10330,10330.0,0,0
607,25366,2017,3,4,2460,2460.0,0,0
607,45135,2018,1,4,7770,7770.0,500,3
607,52876,2017,1,3,4301,4301.0,0,0
607,66836,2017,2,3,7317,7317.0,0,0
607,67102,2017,12,3,4722,4722.0,0,0
607,67808,2017,11,3,2181,2181.0,0,0
607,160606,2018,1,1,617,617.0,0,0
607,162609,2018,12,1,1901,1901.0,790,90
607,167067,2018,2,1,886,886.0,568,90
607,173653,2018,1,0,0,0.0,0,0
607,180166,2017,7,0,0,0.0,7,0
607,197286,2017,2,0,0,0.0,0,0
607,203706,2017,3,0,0,0.0,0,0
607,207669,2017,4,0,0,0.0,0,0
607,211802,2018,5,0,0,0.0,0,0
607,215880,2017,4,0,0,0.0,0,0
607,251163,2017,9,0,0,0.0,0,0
607,267796,2017,10,0,0,0.0,0,0
607,269806,2017,11,0,0,0.0,0,0
607,260196,2018,8,0,0,0.0,521,8
607,268602,2018,12,0,0,0.0,0,0
607,268809,2017,11,0,0,0.0,0,0
607,300009,2018,12,0,0,0.0,6,100
608,81866,2018,8,3,5027,5027.0,0,0
608,167804,2018,1,1,1811,1811.0,524,3
608,188801,2017,2,1,37,37.0,574,91
608,107107,2018,2,0,0,0.0,0,0
608,167802,2017,3,0,0,0.0,0,0
608,160906,2018,4,0,0,0.0,0,0
608,167866,2017,2,0,0,0.0,598,0
608,197165,2017,3,0,0,0.0,0,0
608,197690,2017,5,0,0,0.0,0,0
608,205682,2017,6,0,0,0.0,0,0
608,205876,2017,7,0,0,0.0,574,0
608,207903,2017,8,0,0,0.0,0,0
608,207662,2017,1,0,0,0.0,0,0
608,207164,2017,2,0,0,0.0,0,0
608,206006,2017,2,0,0,0.0,0,0
608,207663,2018,4,0,0,0.0,0,0
608,210166,2018,5,0,0,0.0,0,0
608,220806,2017,6,0,0,0.0,0,5
608,277800,2018,7,0,0,0.0,0,0
608,197105,2018,9,0,0,0.0,0,0
608,260183,2018,9,0,0,0.0,0,0
608,269805,2018,11,0,0,0.0,0,0
608,270145,2018,12,0,0,0.0,534,0
608,266554,2018,11,0,0,0.0,0,0
608,227696,2018,1,0,0,0.0,0,0
608,223696,2018,9,0,0,0.0,0,0
608,300866,2018,1,0,0,0.0,0,8
608,307107,2018,11,0,0,0.0,0,0
608,303886,2018,3,0,0,0.0,0,100
608,337107,2018,1,0,0,0.0,0,9
608,337074,2018,4,0,0,0.0,0,0
608,300610,2018,8,0,0,0.0,0,0
608,353476,2018,9,0,0,0.0,0,0
608,320665,2018,2,0,0,0.0,0,0
608,340102,2018,5,0,0,0.0,0,0
608,300003,2018,8,0,0,0.0,0,0
608,331496,2018,9,0,0,0.0,0,0
608,300617,2018,7,0,0,0.0,0,0
608,360603,2018,11,0,0,0.0,0,0
608,336106,2018,12,0,0,0.0,0,0
608,354805,2018,5,0,0,0.0,534,0
608,360465,2018,11,0,0,0.0,0,0
608,361163,2018,12,0,0,0.0,0,0
608,362100,2018,8,0,0,0.0,0,0
608,360861,2018,12,0,0,0.0,1,0
608,320044,2018,11,0,0,0.0,6,0
608,367686,2018,6,0,0,0.0,0,0
608,377673,2018,11,0,0,0.0,566,0
609,21889,2017,7,4,7736,7736.0,597,98
609,90860,2018,10,3,12036,12036.0,4,140
609,1183,2018,12,5,5235,5235.0,0,75
609,89606,2018,9,3,3305,3305.0,0,0
609,101196,2017,11,2,4488,4488.0,600,0
609,107946,2017,1,2,4328,4328.0,0,0
609,107194,2018,2,2,11800,1800.0,0,0
609,100029,2018,2,2,4338,4338.0,0,0
609,100826,2017,1,2,2306,2306.0,0,0
609,200662,2018,3,2,4836,4836.0,0,0
609,108804,2018,12,2,4402,4402.0,0,0
609,120183,2017,11,2,1400,1400.0,0,0
609,200125,2018,12,0,0,0.0,2,0
609,200107,2017,3,0,0,0.0,0,0
609,201103,2018,2,0,0,0.0,0,0
609,200863,2017,3,0,0,0.0,0,0
609,230402,2017,8,0,0,0.0,594,0
609,210411,2018,4,0,0,0.0,0,1
609,266762,2017,10,0,0,0.0,0,85
609,329550,2018,4,0,0,0.0,0,8
609,324699,2018,5,0,0,0.0,0,0
609,357108,2018,6,0,0,0.0,7,0
609,356164,2018,9,0,0,0.0,0,0
609,320006,2018,11,0,0,0.0,0,0
610,8566,2017,8,5,7885,7885.0,0,0
610,15406,2017,7,5,5000,5000.0,0,0
610,27606,2017,4,4,4636,4636.0,0,0
610,42136,2018,9,4,4648,4648.0,0,0
610,57686,2017,12,3,1131,1131.0,397,3
610,60976,2017,1,3,5881,5881.0,0,5
610,97636,2017,6,2,2446,2446.0,9,0
610,100903,2018,1,2,3336,3336.0,544,121
610,197599,2017,12,2,2396,2396.0,0,0
610,102635,2017,3,0,0,0.0,0,1
610,101161,2018,7,0,0,0.0,0,0
610,201108,2017,8,0,0,0.0,0,0
610,206987,2017,8,0,0,0.0,0,0
610,207965,2017,1,0,0,0.0,0,0
610,252809,2017,9,0,0,0.0,0,0
610,267862,2017,12,0,0,10000.0,0,0
610,262875,2018,2,0,0,0.0,0,0
610,261857,2017,10,0,0,0.0,0,0
610,277896,2018,1,0,0,0.0,0,0
610,285609,2018,3,0,0,0.0,4,143
610,287106,2018,2,0,0,0.0,521,0
610,295106,2018,10,0,0,0.0,0,0
610,292633,2018,11,0,0,0.0,0,0
610,356108,2018,12,0,0,0.0,24,8
610,307687,2018,1,0,0,0.0,0,0
610,307101,2018,1,0,0,0.0,561,100
610,307676,2018,3,0,0,0.0,4,100
610,303807,2018,2,0,0,0.0,3,0
610,300093,2018,9,0,0,0.0,0,0
610,304803,2018,2,0,0,0.0,0,0
610,302306,2018,4,0,0,0.0,0,3
610,305906,2018,4,0,0,0.0,0,0
610,301870,2018,9,12,0,0.0,0,0
610,362933,2018,2,0,0,0.0,1,128
610,390185,2018,5,0,0,0.0,394,1
610,335166,2018,6,0,0,0.0,0,0
610,347807,2018,9,0,0,0.0,0,0
610,367990,2018,8,0,0,0.0,0,0
610,367664,2018,1,0,0,0.0,0,0
611,5083,2018,7,6,5686,5686.0,592,8
611,7866,2017,6,5,2315,2315.0,0,0
611,7892,2018,8,5,5090,5090.0,0,0
611,37854,2018,9,4,4416,4416.0,0,1
611,43262,2018,8,4,5381,5381.0,0,0
611,45566,2018,8,3,1136,1136.0,544,90
611,67101,2017,10,3,2305,2305.0,0,51
611,67103,2017,12,3,5641,5645.0,0,0
611,107607,2017,11,2,4805,4805.0,0,0
611,7098,2017,11,2,4111,4111.0,597,3
611,156664,2018,3,1,843,843.0,0,0
611,147970,2017,1,1,771,771.0,0,0
611,155264,2018,1,1,967,967.0,0,0
611,217098,2018,1,0,0,0.0,0,0
611,229667,2017,2,0,0,0.0,0,0
611,221116,2017,6,0,0,0.0,0,0
611,237036,2017,7,0,0,0.0,0,0
611,250665,2017,9,0,0,0.0,324,8
611,260706,2017,10,0,0,0.0,0,0
611,264906,2017,11,0,0,0.0,0,0
611,277803,2017,11,0,0,0.0,0,0
611,282526,2018,2,0,0,0.0,0,0
611,260460,2017,11,0,0,0.0,0,0
611,222892,2018,12,0,0,0.0,0,3
612,1861,2017,7,7,6616,6616.0,1,0
612,8306,2017,8,5,4865,6895.0,0,0
612,47433,2018,12,6,3824,3824.0,0,0
612,144530,2018,1,1,606,606.0,0,0
612,157896,2017,1,1,316,10316.0,0,0
612,167964,2018,12,1,819,819.0,0,0
612,156806,2018,1,1,891,891.0,0,0
612,167899,2018,6,1,878,878.0,0,0
612,167596,2018,12,1,767,767.0,0,0
612,167836,2018,9,13,1152,1152.0,0,0
612,160604,2018,5,1,611,611.0,534,0
612,164102,2018,11,1,863,863.0,0,0
612,166607,2018,1,1,678,678.0,568,171
612,185493,2017,2,0,0,0.0,526,98
612,197562,2017,1,0,0,0.0,0,0
612,200606,2017,3,0,0,0.0,0,0
612,212662,2017,4,0,0,0.0,0,0
612,217606,2017,1,0,0,0.0,0,6
612,217195,2018,3,0,0,0.0,0,0
612,220867,2017,12,0,0,0.0,0,4
612,237167,2017,7,0,0,0.0,0,0
612,267187,2018,6,0,0,0.0,0,0
612,261672,2018,11,0,0,0.0,0,0
612,246165,2017,12,0,0,0.0,0,9
613,13279,2017,12,5,10695,10695.0,0,0
613,62133,2017,1,3,4323,4323.0,0,0
613,62796,2017,12,3,4321,4371.0,597,0
613,63302,2018,1,3,4617,4617.0,0,70
613,68849,2017,10,3,4358,4358.0,0,0
613,63806,2017,12,3,1836,1836.0,0,0
613,335108,2018,3,0,0,0.0,0,0
613,345103,2018,8,0,0,0.0,0,8
613,348527,2018,6,0,0,0.0,0,8
613,350662,2017,9,0,0,0.0,0,0
613,357626,2017,2,0,0,0.0,524,0
613,367299,2017,1,0,0,0.0,0,0
613,353866,2017,9,0,0,0.0,0,0
613,360182,2018,11,0,0,0.0,1,0
613,367966,2018,2,0,0,0.0,0,0
613,360866,2018,1,0,0,0.0,0,0
613,361867,2018,2,0,0,0.0,0,0
613,369197,2018,5,0,0,0.0,0,0
613,367425,2018,2,0,0,0.0,0,0
613,367929,2018,8,0,0,0.0,0,0
613,364106,2018,9,0,0,0.0,0,0
613,367153,2018,10,0,0,0.0,0,0
613,367805,2018,11,0,0,0.0,0,0
613,381983,2018,12,0,0,0.0,0,0
614,89896,2017,9,3,1731,1731.0,0,0
614,89367,2018,6,13,2700,2700.0,394,0
614,62593,2018,1,3,1808,1804.0,591,78
614,109154,2018,8,2,4307,4305.0,500,1
614,140526,2017,12,1,887,887.0,500,0
614,161566,2018,1,1,1883,1883.0,0,1
614,165887,2018,12,1,2877,2877.0,800,90
614,167885,2018,2,1,711,711.0,522,128
614,167106,2018,1,1,317,317.0,560,2
614,180462,2017,1,0,0,0.0,0,0
614,186609,2017,3,0,0,0.0,847,0
614,196194,2017,3,0,0,0.0,0,0
614,209337,2017,4,0,0,0.0,8,0
614,200886,2017,5,0,0,0.0,0,100
614,205104,2017,2,0,0,0.0,0,0
614,217354,2018,4,0,0,0.0,800,0
614,223897,2017,6,0,0,0.0,0,8
614,261870,2017,11,0,0,0.0,0,1
614,262192,2017,10,0,0,0.0,0,0
614,263105,2017,12,0,0,0.0,0,0
614,363705,2018,9,0,0,0.0,0,0
614,364972,2018,11,0,0,0.0,0,0
614,367183,2018,11,0,0,0.0,0,0
614,365105,2018,12,0,0,0.0,0,1
615,7523,2017,3,5,10195,10195.0,0,0
615,20606,2018,9,5,11425,11425.0,4,0
615,31317,2017,12,4,2840,2840.0,7,0
615,40583,2018,11,4,2828,2828.0,0,0
615,57863,2018,1,3,4607,4607.0,594,9
615,95636,2017,1,3,4313,4313.0,0,9
615,99803,2017,12,2,4341,4341.0,0,0
615,90806,2017,5,2,3928,3928.0,0,0
615,103925,2017,9,1,2078,2078.0,0,0
615,154007,2018,2,1,887,887.0,0,0
615,197892,2018,1,0,0,0.0,8,100
615,190819,2017,2,0,0,0.0,530,98
615,190607,2017,3,0,0,0.0,0,0
615,190395,2017,4,0,0,0.0,0,0
615,200167,2017,3,0,0,0.0,0,0
615,300899,2018,6,0,0,0.0,0,0
615,337969,2018,2,0,0,0.0,0,0
615,363807,2018,4,0,0,0.0,800,0
615,360921,2018,7,0,0,0.0,0,0
615,307661,2018,8,0,0,0.0,0,0
615,310346,2018,5,0,0,0.0,595,0
615,357804,2018,9,0,1,0.0,0,0
615,360606,2018,11,0,0,0.0,584,76
615,360870,2018,12,0,0,0.0,0,100
616,385866,2018,11,6,10178,10174.5,0,0
616,386133,2018,8,0,0,0.0,0,0
616,387896,2018,3,6,880,880.0,596,99
616,386498,2018,12,0,0,0.0,0,146
616,387863,2018,12,0,0,0.0,0,0
616,386867,2018,4,0,0,0.0,0,0
616,389606,2018,11,0,0,0.0,500,0
616,399346,2018,2,0,0,0.0,0,8
616,320653,2018,5,0,0,0.0,0,0
616,367181,2018,8,0,0,0.0,0,0
616,386676,2018,2,0,0,0.0,0,0
616,358161,2017,9,0,0,0.0,560,0
616,361127,2018,11,0,0,0.0,0,8
616,377166,2018,12,0,2,0.0,524,0
616,367157,2018,1,0,0,0.0,0,0
616,387101,2018,2,0,0,0.0,0,0
616,315863,2018,3,0,0,0.0,0,0
616,363806,2018,1,0,0,0.0,0,0
616,360399,2018,5,0,0,0.0,0,0
616,360990,2018,1,0,0,0.0,0,0
616,375871,2018,6,0,0,0.0,561,0
616,367169,2018,11,0,0,0.0,0,0
616,360160,2018,8,0,0,0.0,2,0
616,382669,2018,11,0,0,0.0,0,3
617,79613,2018,12,3,4829,6829.0,0,0
617,85268,2018,7,3,4770,4770.0,0,0
617,92675,2017,10,3,2607,2607.0,504,8
617,99406,2018,1,3,3917,3917.0,0,0
617,91462,2018,2,3,3686,3686.0,500,6
617,108669,2018,6,2,4806,4806.0,0,0
617,105863,2018,3,2,2806,2806.0,0,1
617,119966,2017,8,2,4201,4201.0,0,100
617,153068,2018,1,2,3926,3926.0,0,0
617,153816,2018,11,1,886,886.0,0,1
617,157120,2017,12,1,906,906.0,525,0
617,163853,2018,6,1,1837,1837.0,565,8
617,161683,2018,9,1,627,627.0,526,99
617,175875,2018,1,1,607,907.0,594,7
617,188806,2017,2,0,0,0.0,0,98
617,187106,2017,1,0,0,0.0,0,8
617,211878,2017,3,0,0,0.0,594,100
617,223934,2017,4,0,0,0.0,0,0
617,227866,2017,5,0,0,0.0,7,0
617,347466,2018,7,0,0,0.0,0,0
617,366092,2018,8,0,0,0.0,0,0
617,360038,2018,10,0,0,0.0,529,0
617,337624,2018,11,0,0,0.0,523,0
617,361873,2018,11,0,0,0.0,566,8
618,185137,2017,1,0,0,0.0,0,0
618,190998,2017,2,0,0,0.0,0,0
618,197764,2017,3,0,0,0.0,0,0
618,197006,2017,4,0,0,0.0,0,0
618,190604,2017,5,0,0,0.0,0,0
618,307867,2017,6,0,0,0.0,536,0
618,300469,2017,7,0,0,0.0,0,0
618,303157,2018,2,0,0,0.0,0,0
618,300267,2017,8,0,5,5.0,0,0
618,307906,2017,9,0,0,0.0,0,0
618,305669,2017,8,0,0,0.0,0,0
618,322673,2017,9,0,0,0.0,0,0
618,323603,2018,6,0,0,0.0,0,0
618,321979,2018,2,0,0,0.0,0,0
618,330139,2018,1,0,0,0.0,0,0
618,327897,2018,3,0,0,0.0,0,0
618,325403,2018,4,0,0,0.0,0,0
618,327109,2018,5,0,0,0.0,0,0
618,367803,2018,9,0,0,0.0,0,0
618,369005,2018,8,0,0,0.0,0,0
618,368224,2018,9,0,0,0.0,0,0
618,364606,2018,10,0,0,0.0,0,3
618,360609,2018,11,0,0,0.0,0,0
618,397602,2018,12,0,0,0.0,526,0
619,20803,2018,11,5,630,630.0,0,0
619,35480,2018,2,4,8000,8000.0,0,0
619,47569,2018,1,3,1703,1703.0,0,1
619,65020,2018,6,3,4667,4667.5,390,0
619,61230,2017,9,3,5341,5341.0,594,91
619,61904,2017,7,3,4771,4771.0,0,0
619,81106,2018,1,1,2303,2303.0,520,98
619,168992,2018,12,1,707,707.0,511,0
619,160282,2018,1,1,746,746.0,0,0
619,166643,2018,2,1,635,635.0,0,0
619,177829,2018,1,1,847,847.0,500,0
619,160399,2018,1,1,921,921.0,687,0
619,164187,2018,10,1,47,47.0,327,0
619,167187,2018,11,1,607,607.0,521,0
619,185682,2018,2,0,0,0.0,0,8
619,197860,2017,3,0,0,0.0,0,8
619,207006,2017,4,0,0,0.0,0,0
619,210605,2017,5,0,0,0.0,0,1
619,227866,2018,6,0,0,0.0,0,0
619,235890,2017,7,0,0,0.0,0,0
619,237076,2017,8,0,0,0.0,0,0
619,267647,2017,12,0,0,0.0,0,0
619,307176,2018,1,0,0,0.0,0,104
619,365106,2018,12,0,0,0.0,0,1
620,3276,2017,7,6,10416,10416.0,500,0
620,2102,2018,11,6,10748,10748.0,530,91
620,17609,2018,2,5,20990,990.0,0,0
620,28465,2018,12,5,4666,4666.0,0,0
620,81472,2018,1,3,7302,7302.0,0,0
620,101806,2018,3,2,2826,12826.0,0,0
620,100600,2018,8,2,4310,4310.0,6,0
620,100085,2017,10,0,0,0.0,0,0
620,102602,2017,1,0,0,0.0,0,0
620,104165,2017,2,0,0,0.0,0,0
620,100086,2017,4,0,0,0.0,0,0
620,103401,2017,3,0,0,0.0,0,8
620,193161,2017,3,0,0,0.0,0,0
620,203616,2017,9,0,0,0.0,0,0
620,208806,2017,8,0,0,0.0,0,0
620,308762,2018,4,0,0,0.0,0,0
620,309806,2018,4,0,0,0.0,0,0
620,307167,2018,9,0,0,0.0,0,0
620,308867,2018,5,0,0,0.0,0,0
620,307806,2018,3,0,0,0.0,0,0
620,354926,2018,6,0,0,0.0,0,1
620,368005,2018,10,0,0,0.0,500,2
620,360862,2018,11,0,0,0.0,0,0
620,369406,2018,12,0,0,0.0,0,0
621,2896,2017,6,6,10128,10128.0,0,0
621,20606,2018,9,4,5128,5128.0,600,0
621,37163,2018,6,4,4606,4606.0,500,91
621,69466,2018,12,3,4843,4843.0,567,98
621,68292,2018,1,3,7327,7327.0,1,0
621,160609,2017,8,3,1608,1608.0,0,1
621,160895,2018,2,1,1606,1606.0,596,78
621,167186,2018,1,1,883,883.0,0,0
621,167982,2018,2,1,866,866.0,508,128
621,166686,2018,1,1,837,837.0,884,0
621,175193,2018,8,1,2003,2003.0,500,8
621,173306,2018,11,1,706,706.0,0,0
621,187862,2017,3,0,0,0.0,0,0
621,195105,2017,2,0,0,0.0,0,9
621,207037,2017,3,0,0,0.0,0,0
621,203634,2017,4,0,0,0.0,0,3
621,229997,2017,4,0,0,0.0,520,0
621,268005,2017,10,0,0,0.0,0,0
621,235699,2017,7,0,0,0.0,0,0
621,235876,2017,6,0,0,0.0,0,0
621,257196,2017,9,0,37387,0.0,0,0
621,268600,2017,10,0,0,0.0,0,0
621,260192,2018,1,0,0,0.0,0,0
621,320802,2018,12,0,0,0.0,0,0
621,307369,2018,1,0,0,0.0,0,8
621,337107,2018,11,0,0,0.0,0,0
621,367263,2018,12,0,681,0.0,0,0
621,310207,2018,2,0,0,0.0,0,0
621,300498,2018,2,0,0,0.0,0,0
621,315104,2018,8,0,0,0.0,0,0
621,347602,2018,12,0,0,0.0,0,0
621,307824,2018,2,0,0,0.0,0,0
621,327465,2018,12,0,0,0.0,0,0
621,367863,2018,12,0,0,0.0,0,0
621,360890,2018,12,0,0,0.0,584,0
621,320963,2018,9,0,0,0.0,0,0
621,301863,2018,3,0,0,0.5,500,0
621,342686,2018,7,0,0,0.0,0,0
621,360266,2018,1,0,0,0.0,0,0
621,337107,2018,2,0,0,0.0,0,0
621,346203,2018,5,0,0,0.0,0,0
621,367755,2018,9,0,0,0.0,0,0
621,366129,2018,8,11,0,0.0,0,0
621,360206,2018,10,0,10000,0.0,555,0
621,317137,2018,11,0,0,0.0,547,100
621,360604,2018,11,0,0,0.0,520,0
621,368093,2018,12,0,0,0.0,0,0
621,364282,2018,12,0,0,0.0,2,0
622,2267,2018,7,7,14820,14820.0,0,0
622,192863,2018,9,1,2686,2686.0,0,0
622,100797,2018,12,2,816,816.0,501,0
622,180603,2018,11,0,0,0.0,0,0
622,190101,2017,1,0,0,0.0,0,0
622,190609,2017,2,0,0,0.0,0,0
622,208695,2018,1,0,0,0.0,0,0
622,200493,2017,3,0,0,0.0,386,8
622,200825,2017,4,0,0,0.0,0,0
622,207137,2017,5,0,0,0.0,0,0
622,207544,2017,6,0,0,0.0,0,0
622,201866,2017,12,0,0,0.0,0,0
622,200209,2017,6,0,0,0.0,0,0
622,200137,2017,12,0,0,0.0,0,0
622,207863,2017,8,0,0,0.0,0,0
622,205856,2018,2,0,0,0.0,0,1
622,200106,2018,3,0,0,0.0,0,0
622,220006,2018,4,0,0,0.0,0,5
622,245600,2018,7,0,0,0.0,0,0
622,257196,2018,8,0,0,0.0,500,0
622,267743,2018,9,0,0,0.0,538,0
622,245206,2018,8,0,0,0.0,0,0
622,255207,2018,9,0,0,0.0,0,0
622,250891,2018,11,0,0,0.0,0,0
623,36103,2018,6,4,5276,5276.0,0,0
623,47902,2017,1,4,4800,4800.5,0,0
623,67406,2017,11,3,14937,4937.0,0,9
623,67905,2017,12,3,3705,3705.0,0,0
623,90207,2017,2,3,4106,4106.0,397,0
623,91864,2018,5,2,1642,1942.0,6,0
623,92800,2018,7,2,2163,2163.0,536,98
623,96808,2018,2,3,7276,7276.0,524,78
623,65763,2018,9,2,4036,4036.0,597,0
623,90885,2017,3,3,3178,3178.0,0,98
623,112857,2018,11,3,4886,4186.0,9,0
623,152872,2018,11,1,807,807.0,0,0
623,167865,2018,2,1,607,607.0,0,0
623,167960,2018,4,1,806,806.0,396,100
623,160685,2018,9,1,1126,1126.0,564,91
623,160161,2018,11,1,1627,1627.0,500,8
623,200366,2017,12,0,0,0.0,597,3
623,201807,2017,3,0,0,0.0,528,93
623,215177,2017,4,0,0,0.0,0,0
623,327191,2018,5,0,0,0.0,510,81
623,354193,2018,12,0,0,0.0,0,0
623,327108,2018,8,0,0,0.0,0,0
623,327895,2018,6,0,377,0.0,0,2
623,326194,2018,2,0,0,0.0,0,7
624,1792,2018,6,6,4706,4706.0,0,0
624,864,2017,8,5,8360,8360.0,534,108
624,806,2018,12,4,2300,2300.0,597,78
624,1892,2017,5,5,10608,608.0,0,0
624,67613,2018,7,3,4347,4347.0,328,108
624,64075,2018,11,3,4036,4036.0,500,8
624,69609,2017,2,3,4200,6200.0,1,0
624,106962,2018,6,2,1403,1403.0,526,106
624,105383,2017,8,2,4336,4336.0,8,101
624,100886,2017,7,2,4318,4378.0,526,98
624,107162,2018,9,2,4606,4606.0,514,0
624,117113,2018,1,2,4861,3861.0,0,0
624,127606,2018,6,2,4344,4344.0,0,98
624,176363,2018,1,1,806,806.0,0,8
624,161852,2018,4,1,616,616.0,0,0
624,164893,2018,5,1,683,483.0,500,0
624,162836,2018,11,1,606,606.0,600,9
624,166016,2018,2,1,846,816.0,0,0
624,164891,2018,10,1,651,646.0,501,0
624,186893,2017,1,0,0,0.0,0,0
624,196181,2017,2,0,0,0.0,0,0
624,204669,2017,3,0,0,0.0,534,100
624,300101,2018,6,0,0,0.0,524,108
624,305105,2018,11,0,0,0.0,500,1
625,181293,2018,12,0,100,100.0,0,0
625,180403,2017,1,0,0,0.0,574,199
625,196805,2018,10,0,0,0.0,0,0
625,197801,2017,2,0,0,0.0,0,0
625,186402,2017,3,0,0,0.0,0,0
625,196616,2017,1,0,0,0.0,0,0
625,195077,2017,2,0,0,0.0,0,0
625,197683,2017,2,0,0,0.0,0,0
625,196965,2017,4,0,0,0.0,526,100
625,190696,2017,3,0,0,0.0,0,0
625,191689,2017,6,0,0,0.0,0,0
625,197607,2017,11,0,0,0.0,0,0
625,207167,2017,7,0,0,0.0,0,0
625,205812,2017,8,0,0,0.0,0,0
625,207892,2018,2,0,0,0.0,0,0
625,208983,2018,3,0,0,0.0,0,0
625,201066,2018,4,0,0,0.0,0,0
625,201365,2018,9,0,0,0.0,0,0
625,200075,2018,4,0,0,0.0,0,0
625,230607,2018,11,0,0,0.0,0,0
625,251164,2018,8,0,0,0.0,0,0
625,267269,2018,10,0,0,0.0,0,0
625,267173,2018,11,0,0,0.0,0,0
625,265998,2018,11,0,0,0.0,0,0
626,4864,2017,7,6,4336,4336.0,0,0
626,8646,2017,8,5,5325,5325.0,0,0
626,2106,2018,6,5,4800,4800.0,0,0
626,10206,2018,1,5,4836,4836.0,0,0
626,27484,2018,3,6,7328,7328.0,0,0
626,67160,2018,8,3,3986,3986.0,0,0
626,67862,2017,2,3,2896,2896.0,0,0
626,69869,2017,11,3,5811,5811.0,0,0
626,100800,2017,9,2,3616,3616.0,500,0
626,100662,2018,2,2,4836,4836.0,510,0
626,147404,2017,6,1,906,906.0,500,0
626,169619,2017,9,1,1806,1806.0,542,0
626,160125,2018,10,1,717,717.0,0,0
626,168600,2018,1,1,2378,2378.0,520,98
626,196263,2017,2,0,0,0.0,0,98
626,197177,2017,1,0,0,10000.0,0,0
626,200898,2018,3,0,0,0.0,0,0
626,201206,2018,4,0,0,0.0,0,0
626,203803,2018,7,0,0,0.0,7,8
626,201104,2018,8,0,0,0.0,0,0
626,204401,2018,12,0,0,0.0,0,0
626,247552,2018,1,0,0,0.0,0,8
626,309991,2018,11,0,0,0.0,0,0
626,377106,2018,12,0,0,0.0,500,0
627,5802,2018,9,6,10706,10706.0,0,0
627,8867,2018,8,5,10800,10800.0,0,0
627,7806,2018,6,6,7325,7325.0,0,0
627,29801,2018,7,4,4006,4006.0,0,0
627,60103,2017,8,3,3321,3321.0,0,0
627,64542,2018,12,3,4634,4634.0,524,100
627,60195,2018,5,3,4605,4605.0,588,98
627,57902,2018,8,3,2386,12386.0,0,0
627,90266,2018,11,3,4687,4687.0,0,1
627,97602,2018,12,3,4103,4703.0,500,1
627,105833,2017,10,2,1847,1847.0,580,96
627,156216,2018,2,1,2097,2097.0,0,1
627,160810,2018,1,1,701,701.0,536,0
627,167166,2018,12,1,807,807.0,0,0
627,166128,2018,11,1,183,183.0,0,0
627,175866,2018,2,1,2396,2096.0,0,0
627,183865,2018,2,0,0,0.0,0,1
627,180103,2017,1,0,0,0.0,0,6
627,207903,2018,10,0,0,0.0,0,0
627,208842,2017,8,0,0,0.0,0,1
627,207917,2017,3,0,0,0.0,544,0
627,204196,2017,1,0,0,0.0,0,0
627,315673,2018,9,0,0,0.0,0,0
627,313193,2018,11,0,0,0.0,0,0
628,80668,2018,11,3,6830,6830.0,0,0
628,129885,2018,11,2,4386,4386.0,0,0
628,172602,2018,12,1,806,806.0,567,108
628,337167,2018,11,0,0,0.0,0,0
628,300194,2017,2,0,0,0.0,0,0
628,320681,2018,5,0,0,0.0,0,0
628,321869,2018,3,0,0,0.0,0,0
628,321106,2017,4,0,0,0.0,0,0
628,324693,2017,6,0,0,10000.0,0,0
628,327661,2018,7,0,0,0.0,0,0
628,339093,2017,6,0,0,0.0,0,0
628,327666,2017,1,0,0,0.0,0,0
628,329066,2017,1,0,0,0.0,0,0
628,328666,2018,9,0,0,0.0,0,0
628,335807,2018,12,0,0,0.0,0,0
628,347095,2018,8,0,160,0.0,5,0
628,327889,2018,4,0,0,0.0,0,8
628,317197,2018,6,0,0,0.0,0,0
628,327307,2018,2,0,0,0.0,0,0
628,326602,2018,5,0,0,0.0,0,0
628,336603,2018,7,0,0,0.0,0,0
628,337168,2018,6,0,0,0.0,0,0
628,356729,2018,11,0,0,0.0,554,0
628,355133,2018,8,0,0,0.5,0,0
629,181295,2018,12,1,2001,2001.0,825,149
629,180506,2017,1,0,0,0.0,0,0
629,198893,2017,2,0,0,0.0,0,0
629,207176,2017,3,0,0,0.0,0,0
629,200656,2017,4,0,0,0.0,0,0
629,210226,2017,5,0,0,0.0,0,0
629,221606,2017,6,0,0,0.0,0,0
629,221123,2017,7,0,0,0.0,0,1
629,232633,2017,8,0,0,0.0,0,0
629,240604,2017,9,0,0,0.0,590,0
629,201300,2017,9,0,0,0.0,0,5
629,252103,2017,3,0,0,0.0,0,0
629,260695,2017,10,0,0,0.0,0,0
629,273396,2017,11,0,0,0.0,0,0
629,287195,2018,1,0,0,0.0,0,0
629,203198,2018,2,0,0,0.0,0,5
629,207606,2018,1,0,0,0.0,0,5
629,200503,2018,2,0,0,0.0,0,0
629,300805,2018,3,0,0,0.0,0,0
629,313826,2018,4,0,0,0.0,0,0
629,324361,2018,5,0,0,0.0,520,0
629,327606,2018,6,0,0,0.0,0,0
629,327946,2018,11,0,0,0.0,0,0
629,355004,2018,8,0,0,0.0,0,5
630,10877,2018,8,5,4405,4405.0,0,0
630,35809,2018,5,4,4326,4326.0,524,91
630,51147,2017,1,3,4743,4743.0,7,0
630,67604,2018,9,3,4342,4342.0,0,0
630,62767,2017,12,3,7325,7325.0,0,0
630,98833,2017,1,3,6627,6627.0,594,8
630,90837,2017,3,2,4886,4886.0,0,0
630,104967,2017,1,2,4600,4600.0,0,0
630,100802,2017,6,2,1686,1686.0,594,0
630,101206,2017,2,2,2076,2076.0,398,8
630,114100,2018,4,2,3811,3811.0,591,91
630,109933,2018,6,2,4608,4608.0,594,78
630,114866,2018,1,2,1836,1836.0,0,0
630,142986,2017,8,1,1238,1338.0,0,0
630,165334,2017,10,1,1937,1937.0,590,9
630,163403,2018,7,1,601,1.0,522,8
630,162879,2018,1,1,896,896.0,0,0
630,180169,2017,1,0,0,0.0,0,0
630,224866,2018,10,0,0,0.0,0,0
630,258106,2017,9,0,0,0.0,0,0
630,274609,2017,12,0,0,0.0,0,0
630,269818,2017,11,0,0,0.0,0,0
630,190064,2017,10,0,0,0.0,0,0
630,290164,2018,12,0,0,0.0,500,8
631,90693,2018,7,3,7390,7390.5,0,0
631,115608,2018,3,2,4306,11306.0,0,0
631,122693,2018,9,2,4977,4977.0,540,91
631,167800,2018,11,1,2808,2808.0,0,0
631,181637,2017,1,0,0,0.0,0,0
631,105802,2017,2,0,0,0.0,0,0
631,190603,2017,2,0,0,0.0,568,0
631,192607,2017,3,0,0,0.0,0,0
631,191426,2017,4,0,0,0.0,500,0
631,199076,2017,4,0,0,0.0,500,0
631,200901,2017,5,0,0,0.0,0,0
631,204603,2017,7,0,0,0.0,0,0
631,217856,2018,5,0,0,0.0,0,0
631,223167,2017,8,0,0,0.0,0,0
631,237807,2017,7,0,0,0.0,0,0
631,237806,2017,10,0,0,0.0,0,8
631,237809,2018,6,0,0,0.0,0,0
631,262686,2017,12,0,0,0.0,0,3
631,321007,2018,7,0,0,0.0,0,0
631,320008,2018,5,0,0,0.0,0,0
631,342615,2018,8,0,0,0.0,0,0
631,350107,2018,9,0,0,0.0,0,0
631,363803,2018,11,0,0,0.0,0,0
631,367105,2018,12,0,0,0.0,0,8
632,1694,2017,8,6,10782,10782.0,0,0
632,7075,2018,6,5,5305,5305.0,0,100
632,27153,2018,1,5,4205,4205.0,0,0
632,32342,2018,9,4,4396,4396.0,0,0
632,7879,2018,11,6,3327,3327.0,8,0
632,7131,2017,2,2,4636,4636.0,0,0
632,47767,2017,3,4,1825,1825.0,0,0
632,58901,2018,7,3,4008,4008.0,547,5
632,57909,2017,9,3,4320,4320.0,0,0
632,50567,2017,12,3,4288,4288.0,0,0
632,87967,2017,11,3,3329,3329.0,484,79
632,107060,2018,1,2,4386,4386.0,594,98
632,104897,2017,12,2,4937,6937.0,0,0
632,109455,2017,3,2,4346,4346.0,511,103
632,105194,2017,1,2,4326,4326.0,0,0
632,106873,2018,1,2,2329,2309.0,6,0
632,107606,2017,2,2,3776,3376.0,0,0
632,107063,2018,3,1,839,889.0,0,2
632,154908,2017,5,1,798,728.0,0,0
632,167196,2018,12,0,0,0.0,0,0
632,263625,2017,6,0,0,0.0,890,0
632,254365,2017,12,0,0,0.0,524,100
632,303103,2018,3,0,0,0.0,514,99
632,317100,2018,5,0,0,0.0,500,0
633,11586,2017,8,5,10630,10630.0,0,0
633,24806,2018,3,4,7896,7896.0,0,0
633,35266,2017,12,4,4366,4366.0,0,2
633,55345,2018,2,3,2711,2711.0,0,0
633,65309,2017,11,3,4717,4717.0,0,0
633,65805,2018,1,3,4501,4501.0,525,141
633,61346,2017,11,3,4689,4689.0,0,0
633,62199,2017,5,3,4324,10324.0,600,0
633,60805,2018,2,3,4481,4481.0,508,0
633,160305,2018,5,3,1261,1261.0,0,0
633,147695,2018,8,1,637,637.0,0,0
633,157661,2017,10,1,2876,2876.0,0,8
633,167195,2018,9,1,861,861.0,0,9
633,166196,2018,2,1,817,817.0,593,3
633,237167,2017,1,0,0,0.0,0,0
633,245605,2017,11,0,0,0.0,0,0
633,243406,2017,6,0,0,0.0,0,1
633,261993,2017,1,0,0,0.0,575,100
633,254304,2017,9,0,0,0.0,0,0
633,231899,2018,3,0,0,0.0,0,0
633,227165,2017,6,0,0,0.0,0,0
633,350406,2018,8,0,0,0.0,0,0
633,365336,2018,11,0,0,10000.0,0,0
633,311801,2018,11,0,0,0.0,0,0
634,6692,2018,6,6,10335,10335.0,0,0
634,1859,2018,7,6,12866,12866.0,558,98
634,2807,2017,8,6,10646,10646.0,584,98
634,24166,2017,9,7,5803,5803.0,577,71
634,67261,2017,12,3,1831,1831.0,0,0
634,61246,2017,11,3,2692,2692.0,667,73
634,60706,2018,2,3,2301,2301.0,570,0
634,103286,2018,3,2,2886,2886.0,4,103
634,103827,2018,1,2,4338,4338.0,8,8
634,100522,2017,10,2,4406,4406.0,0,0
634,106806,2018,5,2,4316,4316.0,524,4
634,101163,2018,6,0,0,0.0,0,6
634,168494,2018,11,0,0,0.0,0,0
634,162956,2018,8,0,0,0.0,0,0
634,160439,2017,8,0,0,0.0,0,0
634,191875,2017,1,0,0,0.0,0,0
634,215906,2017,1,0,0,0.0,0,0
634,230465,2017,2,0,0,0.0,0,1
634,245102,2017,7,0,0,0.0,0,1
634,290806,2018,1,0,0,0.0,0,0
634,305666,2018,8,0,0,0.0,520,0
634,305605,2018,10,0,0,0.0,500,0
634,350093,2018,11,0,0,0.0,0,0
634,363197,2018,12,0,0,0.0,596,8
635,1303,2018,7,7,10811,10811.0,0,0
635,506,2018,3,5,4317,4317.0,0,0
635,666,2018,8,6,10610,10610.0,664,71
635,2863,2018,6,5,32315,12315.0,0,0
635,8007,2017,9,6,4205,4205.0,0,0
635,5804,2017,3,0,0,0.0,0,0
635,7115,2017,4,0,0,0.0,561,98
635,8309,2018,6,0,0,0.0,3,0
635,2976,2017,5,0,0,0.0,0,0
635,173,2017,7,0,0,0.0,0,8
635,2,2017,8,0,0,0.0,0,0
635,7819,2017,9,0,0,0.0,6,108
635,7206,2017,6,0,0,0.0,7,0
635,886,2018,8,0,0,0.0,0,0
635,8804,2017,10,0,0,0.0,0,0
635,627,2018,4,0,0,0.0,0,0
635,12103,2018,2,0,0,0.0,0,0
635,27686,2018,1,0,0,0.0,0,1
635,107836,2018,3,0,0,0.0,0,0
635,311164,2018,2,0,0,0.0,321,0
635,327657,2018,12,0,0,0.0,0,8
635,325607,2018,5,0,0,0.0,0,0
635,347876,2018,7,0,0,0.0,591,0
635,330804,2018,12,0,0,0.0,0,3
636,17906,2018,7,5,12605,12605.0,0,0
636,47866,2018,6,4,7808,7808.0,0,0
636,53066,2018,11,3,1801,1801.0,0,0
636,67362,2018,12,3,3707,3707.0,0,0
636,11130,2018,12,3,2311,2311.0,597,40
636,122163,2018,9,2,4601,4901.0,0,3
636,162183,2018,9,1,2466,2466.0,0,0
636,167332,2018,8,1,2127,2127.0,8,0
636,197106,2017,2,1,2407,2407.0,0,0
636,167369,2018,11,1,880,880.0,500,8
636,167469,2018,3,1,1306,1306.0,594,0
636,162807,2018,12,1,527,527.0,598,0
636,177871,2018,12,1,891,891.0,521,98
636,182753,2017,1,0,0,0.0,0,0
636,314128,2018,2,0,0,0.0,0,0
636,325887,2018,3,0,0,0.0,0,0
636,327043,2017,4,0,0,0.0,0,0
636,333644,2018,7,0,0,0.0,0,0
636,327669,2018,8,0,0,0.0,0,0
636,327606,2018,5,0,0,0.0,0,8
636,350538,2018,6,0,0,0.0,0,0
636,327134,2018,9,0,0,0.0,0,0
636,337887,2018,11,0,0,0.0,0,0
636,362626,2018,12,0,0,0.0,0,1
637,11871,2017,8,5,4385,4385.0,0,0
637,19703,2018,9,5,4465,4465.0,0,0
637,13824,2018,7,5,4735,4735.0,0,0
637,23163,2017,8,4,3436,3436.0,0,0
637,60203,2017,7,3,4116,4116.0,0,0
637,60328,2017,18,3,10601,601.0,0,0
637,60308,2018,9,3,4806,4806.0,597,0
637,77609,2018,11,3,2176,2176.0,568,1
637,83681,2018,12,3,4881,4881.5,528,91
637,77106,2018,1,3,4126,4126.0,0,8
637,90106,2018,2,3,5307,29307.0,594,96
637,107601,2017,2,2,4990,4990.0,0,0
637,120379,2018,1,2,2707,2707.0,598,0
637,127872,2018,9,2,1800,1800.0,3,3
637,165396,2018,10,1,1606,1606.0,0,8
637,169871,2018,11,1,2101,2101.0,521,1
637,165493,2018,2,1,746,746.0,510,8
637,163807,2018,1,1,1821,1821.0,0,0
637,167863,2018,2,1,2167,2467.0,0,8
637,160867,2018,2,1,14491,770.0,0,0
637,205893,2017,6,1,737,2606.0,0,5
637,200152,2017,11,0,0,0.0,0,0
637,200185,2017,10,0,0,7.0,0,1
637,307472,2018,4,0,0,6.0,0,0
638,4867,2017,6,6,12282,12282.0,0,0
638,7941,2018,12,5,5865,5825.0,0,0
638,7465,2017,3,5,4385,4385.0,0,0
638,823,2017,8,5,10705,10705.0,0,0
638,2862,2017,1,6,911,911.0,420,0
638,7106,2018,1,4,2774,2774.0,0,0
638,881,2018,9,0,0,0.0,300,0
638,7108,2017,12,0,0,0.0,500,98
638,7256,2017,4,0,0,0.0,0,0
638,7604,2018,3,0,0,0.0,0,0
638,17603,2018,11,0,7,0.0,0,0
638,963,2018,5,0,0,0.0,0,0
638,200663,2018,1,0,898,98.0,0,0
638,200088,2018,1,0,0,0.0,0,0
638,209070,2018,2,0,0,0.0,0,0
638,205194,2018,4,0,0,0.0,397,0
638,215846,2018,5,0,0,0.0,500,0
638,227816,2017,6,0,0,0.0,0,0
638,237405,2018,7,0,0,0.0,0,0
638,250687,2018,8,0,0,0.0,0,0
638,265404,2018,9,0,0,0.0,0,1
638,220164,2018,10,0,0,0.0,0,0
638,257964,2018,11,0,0,0.0,0,0
638,235496,2018,12,0,0,0.0,1,1
639,6882,2017,7,6,4732,4732.0,0,0
639,8169,2018,8,5,4470,4470.0,500,0
639,3828,2017,3,5,4800,4800.0,0,0
639,1883,2018,6,5,10611,611.0,0,0
639,67306,2017,5,3,6241,6241.0,0,0
639,60164,2017,2,3,2821,2821.0,568,100
639,107864,2017,11,3,2871,2871.0,2,8
639,101103,2017,9,2,4886,4886.0,0,0
639,107356,2018,7,2,923,923.0,0,0
639,105683,2018,8,2,4666,4666.0,0,0
639,125067,2018,1,2,1851,1851.0,500,0
639,160296,2018,6,1,841,841.0,0,0
639,163867,2018,11,1,1382,1382.0,9,0
639,160646,2018,1,1,866,866.0,0,0
639,187663,2017,2,0,0,0.0,0,0
639,190960,2017,1,0,0,0.0,0,0
639,206899,2017,5,0,0,0.0,400,8
639,200892,2017,8,0,0,0.0,4,0
639,300967,2018,2,0,0,0.0,0,0
639,305803,2018,4,0,0,0.0,0,8
639,317604,2018,2,0,0,0.0,500,0
639,312264,2018,3,0,0,0.0,527,0
639,328906,2018,5,0,0,0.0,0,0
639,324669,2018,10,0,0,0.0,0,0
640,2662,2017,6,6,4100,4100.0,0,0
640,7127,2018,7,6,11846,11846.0,0,0
640,4376,2017,8,6,4330,4330.0,0,0
640,42497,2018,8,4,4602,4602.0,531,91
640,47864,2018,1,4,6836,6836.0,0,0
640,56603,2017,2,3,4346,4346.0,590,0
640,59107,2017,7,3,3703,3703.0,500,8
640,67806,2018,11,3,1623,1623.0,503,0
640,64003,2018,10,3,5206,5206.0,0,0
640,60603,2018,7,3,4038,4038.0,500,98
640,67562,2018,5,3,7301,7001.0,0,0
640,107804,2017,12,2,2320,2320.0,0,8
640,102003,2018,6,2,3976,3976.0,0,0
640,207883,2017,9,0,0,0.0,4,8
640,207802,2018,2,0,0,0.0,0,0
640,240806,2017,3,0,0,0.0,0,0
640,255901,2017,5,0,0,0.0,0,0
640,266907,2017,11,0,0,0.0,0,8
640,307807,2018,1,0,0,0.0,0,0
640,327603,2018,2,0,0,0.0,0,0
640,337665,2018,9,0,0,0.0,0,0
640,340604,2018,3,0,0,0.0,0,0
640,360707,2018,11,0,0,0.0,0,8
640,362875,2018,12,0,0,0.0,574,108
641,1779,2018,10,6,2206,2206.0,0,0
641,834,2018,8,11,2106,2106.0,354,96
641,22866,2018,5,5,10885,10885.0,524,68
641,50606,2018,1,3,947,947.0,0,0
641,60836,2017,1,3,905,10905.0,800,0
641,84163,2018,2,3,2006,2006.0,0,0
641,107879,2017,1,2,2496,2496.0,544,101
641,107802,2017,11,2,2298,2398.0,0,0
641,100033,2018,3,2,2332,2332.0,0,0
641,103612,2018,4,2,2306,2306.0,0,0
641,100104,2017,2,1,787,787.0,0,0
641,114600,2017,11,2,841,841.0,0,0
641,120698,2018,9,1,608,608.0,0,0
641,180895,2017,1,0,0,0.0,0,0
641,190194,2017,2,0,0,0.0,0,0
641,205886,2017,3,0,0,0.0,0,8
641,221156,2017,5,0,0,0.0,0,0
641,227716,2017,5,0,0,0.0,0,0
641,285806,2017,12,0,0,0.0,0,0
641,237707,2018,6,0,0,0.0,0,0
641,245102,2018,7,0,0,0.0,0,0
641,269296,2018,8,0,0,0.0,0,0
641,258687,2018,11,0,0,0.0,561,9
641,360046,2018,12,0,0,0.0,0,8
642,17986,2018,8,5,10630,10630.0,0,0
642,17801,2018,7,5,5605,5605.0,586,109
642,17802,2018,8,5,12660,12660.0,0,0
642,27806,2018,4,4,10648,648.0,0,0
642,20803,2018,1,6,30008,10008.0,500,0
642,66836,2018,2,3,4386,4586.0,529,3
642,100874,2017,9,3,4746,4746.0,505,91
642,104197,2017,5,2,4236,4236.0,0,8
642,100866,2017,12,2,7086,7086.0,0,8
642,107894,2018,11,2,4488,4488.0,533,1
642,107003,2018,9,1,647,10647.0,0,0
642,111005,2017,6,1,666,666.0,0,0
642,168696,2018,12,1,1331,1331.0,0,0
642,167063,2018,11,1,1607,1607.0,524,70
642,167884,2018,10,1,1707,1707.0,0,0
642,187161,2017,1,1,761,761.0,0,0
642,185106,2017,2,0,0,0.0,567,100
642,190206,2017,1,0,0,0.0,0,71
642,206165,2017,4,0,0,0.0,0,0
642,205005,2018,3,0,0,0.0,0,0
642,206166,2018,19,0,0,0.0,524,0
642,207696,2018,1,0,8,10000.0,0,0
642,305643,2018,2,0,0,0.0,0,8
642,362667,2018,10,0,0,0.0,0,0
643,5809,2018,6,6,7248,7248.0,0,0
643,13276,2018,9,5,10310,10310.0,0,0
643,2803,2017,12,5,10305,10305.0,0,0
643,7882,2017,5,6,3025,10025.0,0,0
643,5876,2017,7,6,14327,4327.0,0,1
643,7506,2017,8,4,4232,4232.0,7,0
643,7999,2017,18,3,7289,7289.0,564,1
643,2886,2017,1,7,2406,2406.0,500,0
643,7007,2017,12,4,4806,4816.0,0,8
643,1877,2018,3,3,4848,4848.0,0,0
643,7799,2018,8,6,800,800.0,0,0
643,3132,2017,6,6,4341,4341.0,0,0
643,806,2017,9,3,606,606.0,0,0
643,6072,2018,11,0,0,0.0,0,0
643,373,2018,12,0,0,0.0,0,0
643,102866,2018,3,0,0,0.0,524,0
643,203043,2018,3,0,0,0.0,0,0
643,255005,2017,4,0,0,0.0,0,0
643,268185,2018,5,0,0,0.0,0,0
643,285167,2018,1,0,0,0.0,890,0
643,257257,2018,9,0,0,0.0,0,9
643,262316,2017,10,0,0,0.0,531,3
643,264166,2018,11,0,0,0.0,0,0
643,300383,2018,12,0,0,0.0,577,8
644,24196,2017,12,4,3788,3788.0,0,0
644,37803,2018,1,4,2148,2148.0,7,0
644,87867,2018,8,3,3660,3660.0,591,100
644,106693,2017,1,2,2332,2332.0,561,142
644,109861,2017,11,2,4420,4420.0,0,1
644,114864,2018,2,2,2436,2436.0,0,0
644,327183,2018,7,2,4746,4746.0,564,0
644,323163,2018,2,2,4346,4346.0,524,108
644,357190,2017,9,1,2179,2179.0,0,8
644,376666,2017,1,0,0,0.0,0,0
644,377685,2017,12,0,0,0.0,0,0
644,303232,2017,3,0,0,0.0,0,0
644,300366,2018,1,0,0,0.0,0,0
644,307673,2017,3,0,0,0.0,0,0
644,307002,2018,4,0,0,0.0,0,0
644,301505,2018,5,0,0,0.0,0,8
644,354899,2018,2,0,0,0.0,0,1
644,365889,2018,6,0,0,0.0,0,8
644,367193,2018,4,0,0,0.0,0,0
644,362369,2018,5,0,0,0.0,0,0
644,360095,2018,9,0,0,0.0,0,0
644,368669,2018,10,0,0,0.0,500,0
644,361869,2018,11,0,0,0.0,0,0
644,371816,2018,12,0,0,0.0,0,9
645,5966,2018,6,6,7804,7806.0,0,0
645,10860,2018,7,5,7625,7625.0,560,93
645,34213,2017,5,4,5336,5336.0,0,0
645,37606,2018,12,4,7848,7848.0,0,0
645,47264,2018,11,4,4186,4186.0,0,0
645,55895,2018,8,3,4001,4001.0,594,0
645,60496,2017,2,3,4701,4701.0,340,98
645,197908,2018,1,1,1847,1847.0,368,8
645,100606,2017,3,1,718,718.0,0,10
645,107269,2017,1,0,0,0.0,0,0
645,193602,2017,2,0,0,0.0,0,0
645,200606,2017,5,0,0,0.0,6,100
645,225231,2017,7,0,0,0.0,0,0
645,240406,2017,8,0,0,0.5,0,2
645,207665,2017,9,0,0,0.0,0,0
645,200806,2018,2,0,0,0.0,0,8
645,200663,2017,3,0,0,0.0,524,0
645,250657,2018,1,0,0,0.0,0,0
645,265671,2017,10,0,0,0.0,7,95
645,260862,2018,6,0,0,0.0,0,0
645,267676,2017,11,0,0,0.0,0,0
645,264153,2017,12,0,0,0.0,0,0
645,260002,2018,11,0,0,0.0,0,9
645,265166,2018,11,0,0,0.0,0,0
646,11527,2017,8,5,10340,10340.0,0,0
646,15836,2018,5,5,2840,2840.0,814,95
646,14066,2018,7,5,10605,10605.0,0,0
646,16306,2018,12,5,9567,9567.0,0,0
646,14806,2018,1,5,4605,14605.0,398,8
646,28125,2018,8,5,2117,2117.0,0,0
646,62757,2018,1,3,4886,4886.5,865,98
646,73666,2018,6,3,4342,4342.0,0,0
646,72867,2018,9,3,4636,4636.0,600,0
646,97196,2018,1,3,3326,3326.0,0,1
646,100899,2017,4,2,2300,2300.0,1,0
646,125436,2018,5,2,2024,2024.0,0,0
646,155308,2018,3,1,890,890.0,0,0
646,186609,2017,5,0,0,0.0,0,0
646,190897,2017,1,0,0,0.0,0,0
646,204807,2017,8,0,0,0.0,0,0
646,201806,2017,2,0,0,0.0,0,0
646,260306,2017,11,0,0,0.0,0,0
646,260606,2017,10,0,0,0.0,0,0
646,290396,2018,2,0,0,0.5,537,100
646,308007,2018,8,0,0,0.0,524,0
646,358865,2018,1,0,0,0.0,0,0
646,308660,2018,1,0,0,0.0,0,0
646,350606,2018,2,0,0,0.0,0,1
647,20085,2018,12,5,2430,2430.0,0,0
647,87632,2017,11,3,1636,1636.0,0,0
647,87865,2018,1,3,4771,4771.0,0,0
647,150696,2018,12,1,1806,1806.0,0,141
647,187691,2017,1,0,0,0.0,0,0
647,190004,2017,2,0,0,0.0,0,0
647,197609,2017,3,0,0,0.0,0,0
647,193606,2017,1,0,0,0.0,0,0
647,190000,2017,4,0,0,0.0,0,0
647,200626,2017,6,0,0,0.0,0,7
647,200606,2017,7,0,0,0.0,0,0
647,209606,2018,3,0,0,0.0,0,0
647,207993,2017,5,0,0,0.0,0,0
647,204159,2017,8,0,0,0.0,0,0
647,217166,2017,11,0,0,0.5,0,0
647,251973,2017,1,0,0,0.0,0,0
647,265875,2017,12,0,0,0.0,0,5
647,260971,2017,2,0,0,0.0,0,0
647,260336,2018,3,0,0,0.0,0,0
647,320692,2018,5,0,0,0.0,544,0
647,327661,2018,8,0,0,0.0,0,0
647,300864,2018,3,0,0,8000.0,507,0
647,375628,2018,10,0,0,0.0,524,0
647,325166,2018,12,0,0,0.0,0,0
648,46299,2018,1,4,4640,4640.0,0,0
648,57993,2017,7,3,5387,5387.0,0,0
648,57966,2018,6,12,4800,4800.0,561,51
648,67199,2017,12,3,2806,2806.0,0,0
648,67806,2018,2,3,2756,2756.0,598,98
648,71808,2018,1,3,1806,1806.0,530,90
648,81903,2018,11,3,4846,4846.0,0,0
648,106803,2017,10,3,1639,1639.0,594,108
648,190109,2018,1,1,807,807.0,0,1
648,190636,2017,2,0,0,0.0,0,0
648,197891,2017,3,0,0,0.0,0,0
648,194070,2017,4,0,0,0.0,0,0
648,207166,2017,6,0,0,0.0,0,0
648,209069,2017,9,0,0,0.0,0,0
648,200861,2018,3,0,0,0.0,0,0
648,205659,2018,5,0,0,0.0,0,0
648,209927,2018,7,0,0,0.0,0,0
648,237765,2018,9,0,0,0.0,0,0
648,250365,2017,8,0,0,0.0,0,0
648,260155,2017,9,0,0,0.0,500,0
648,260735,2018,5,0,0,0.0,0,0
648,267153,2018,10,0,0,0.0,0,8
648,269995,2018,1,0,0,0.0,0,0
648,362173,2018,12,0,0,0.0,799,9
649,15603,2017,6,5,7635,7635.0,0,0
649,87634,2018,12,3,2617,2617.0,0,0
649,124006,2018,11,2,1336,1336.0,0,2
649,160660,2018,2,1,4806,4806.0,0,0
649,307895,2017,1,0,0,0.0,594,0
649,324163,2017,2,0,0,0.0,0,0
649,360006,2017,3,0,0,0.0,0,0
649,327837,2017,4,0,0,0.0,0,0
649,324839,2017,5,0,0,0.0,0,0
649,347667,2017,6,0,0,0.0,0,0
649,351106,2018,7,0,0,0.0,0,0
649,360792,2017,11,0,0,0.0,0,0
649,367136,2018,1,0,0,0.0,0,0
649,367895,2018,9,0,0,0.0,0,0
649,360096,2018,12,0,0,0.0,0,0
649,360169,2018,5,0,0,0.0,0,0
649,325308,2018,8,0,0,0.0,0,0
649,323226,2018,3,0,0,0.0,0,0
649,327100,2018,5,0,0,0.0,0,0
649,360600,2018,6,0,0,0.0,524,0
649,360982,2018,9,0,0,0.0,0,1
649,362662,2018,10,0,0,0.0,0,0
649,323663,2018,11,0,0,0.0,0,0
649,350865,2018,12,0,0,0.0,0,8
650,3602,2017,8,6,7648,7648.0,0,0
650,52859,2017,18,3,7133,7133.0,567,91
650,50403,2017,12,3,4630,4630.0,0,0
650,56826,2017,3,3,2165,2165.0,0,0
650,56863,2017,11,3,2831,2831.0,597,8
650,190307,2018,5,2,4606,4606.0,0,0
650,100861,2018,6,2,2002,2002.0,632,0
650,107035,2017,8,2,3303,3303.0,0,0
650,107963,2017,9,2,4864,4864.0,0,0
650,100602,2017,1,2,4808,4808.0,0,2
650,154402,2018,11,1,805,805.0,500,0
650,167869,2018,2,1,1807,1807.0,0,8
650,161886,2018,10,1,987,987.0,0,1
650,164127,2018,12,1,818,818.0,0,0
650,163806,2018,12,1,937,937.0,0,8
650,184104,2017,1,1,704,904.0,490,3
650,197602,2018,11,0,0,0.0,0,0
650,206866,2018,12,0,0,0.0,0,0
650,207969,2018,2,0,0,0.0,468,0
650,327145,2018,10,0,0,0.0,0,0
650,327876,2018,7,0,0,0.0,0,0
650,337107,2018,10,0,0,0.0,0,0
650,347185,2018,6,0,0,0.0,541,0
650,340106,2018,12,0,0,0.0,0,0
651,3405,2017,8,6,14426,14426.0,0,0
651,7723,2018,7,5,7990,7990.0,700,0
651,1139,2018,8,5,4705,4705.0,0,0
651,8816,2018,6,5,925,925.0,0,3
651,18879,2017,6,6,5605,5605.0,0,0
651,23806,2018,1,5,11625,12625.0,598,0
651,54605,2017,10,3,3417,3417.0,0,0
651,57202,2018,1,3,1340,1340.0,500,0
651,60636,2018,9,3,4927,4927.0,0,9
651,150408,2018,1,1,1017,1017.0,0,5
651,180275,2018,1,0,0,0.0,0,0
651,185886,2018,1,0,0,0.0,0,0
651,207863,2017,2,0,0,0.0,0,8
651,207894,2017,3,0,0,0.0,0,0
651,210105,2018,12,0,0,0.0,0,0
651,217606,2017,4,0,0,0.0,0,0
651,221406,2017,5,0,0,0.0,524,0
651,235684,2017,12,0,0,0.0,0,0
651,242008,2017,1,0,0,0.0,0,8
651,267600,2018,5,0,828,0.0,0,8
651,260063,2017,11,0,0,0.0,0,0
651,268655,2017,11,0,0,0.0,0,0
651,229989,2018,11,0,0,0.0,0,0
651,260523,2018,12,0,0,0.0,564,0
652,25436,2017,5,4,1638,1638.0,541,88
652,67669,2018,1,3,2331,2331.0,364,78
652,68606,2017,1,3,4827,4827.0,527,104
652,147604,2018,3,1,2211,2211.0,4,1
652,152833,2018,12,1,1303,1303.0,0,0
652,165809,2018,10,1,796,796.0,0,0
652,327186,2018,1,0,0,0.0,0,0
652,365185,2017,2,0,0,0.0,0,0
652,360907,2017,4,0,0,0.0,8,0
652,360879,2017,3,0,0,0.0,0,0
652,361805,2018,5,0,0,0.0,0,0
652,361202,2017,8,0,0,0.0,0,0
652,369066,2017,9,0,0,0.0,0,0
652,319186,2018,2,0,0,0.0,0,0
652,328697,2018,10,0,0,0.0,0,0
652,368632,2018,11,0,0,0.0,0,0
652,300193,2018,12,0,0,0.0,0,0
652,310636,2018,1,0,0,0.0,0,0
652,327669,2018,3,0,0,0.0,0,0
652,327866,2018,5,0,0,0.0,0,0
652,337886,2018,7,0,0,0.0,526,100
652,367686,2018,11,0,0,0.0,521,0
652,362603,2018,8,0,0,0.0,0,0
652,332856,2018,12,0,0,0.0,6,100
653,12153,2018,7,5,10600,10600.0,0,0
653,17503,2018,6,5,34330,14330.0,0,0
653,125868,2018,11,2,4103,6103.0,568,93
653,167822,2018,1,1,138,138.0,0,0
653,162566,2018,2,1,601,601.0,0,1
653,160285,2018,9,1,106,106.0,797,102
653,166893,2018,2,1,1309,1309.0,0,0
653,165103,2018,1,1,975,975.0,7,0
653,190596,2017,2,0,0,0.0,0,0
653,197376,2017,2,0,0,0.0,0,8
653,197402,2017,3,0,0,0.0,0,0
653,200836,2017,4,0,0,0.0,0,0
653,217603,2017,3,0,0,0.0,0,8
653,226706,2017,5,0,0,0.0,0,0
653,251806,2017,9,0,0,0.0,0,0
653,257697,2017,9,0,0,0.0,0,0
653,266867,2017,19,0,0,0.0,0,0
653,269663,2017,11,0,0,0.0,0,0
653,260706,2017,10,0,0,0.0,500,0
653,300603,2018,2,0,0,0.0,0,0
653,357696,2018,1,0,0,0.0,0,0
653,367164,2018,10,0,0,0.0,7,0
653,360623,2018,11,0,0,0.0,0,0
653,367662,2018,12,0,0,0.0,538,100
654,28826,2017,5,5,5630,5630.0,0,0
654,27994,2018,6,4,2800,2800.0,0,0
654,44263,2018,7,4,4928,4928.0,599,98
654,44466,2017,9,4,4321,4321.0,0,8
654,65673,2017,12,3,2687,2687.0,0,0
654,68106,2018,12,3,4893,4893.0,390,71
654,65614,2017,11,3,1490,1490.0,500,0
654,62265,2018,2,3,4001,4001.0,590,8
654,71602,2018,10,3,1807,1807.0,398,0
654,97609,2017,1,2,1766,1766.0,0,0
654,91863,2017,3,3,4404,4404.0,0,0
654,98129,2018,2,2,4466,4466.0,4,0
654,106837,2017,12,2,936,936.0,0,0
654,100203,2017,8,2,4886,4886.0,0,0
654,185423,2017,1,0,0,0.0,524,101
654,197109,2017,1,0,0,0.0,0,0
654,265603,2017,11,0,0,0.0,0,0
654,260479,2017,12,0,0,0.0,0,8
654,262867,2018,2,0,0,0.0,1,0
654,300896,2018,3,0,0,0.0,0,0
654,360665,2018,5,0,0,0.0,0,0
654,368562,2018,8,0,0,0.0,0,0
654,367566,2018,11,0,0,0.0,591,0
654,367176,2018,6,0,7,0.0,324,109
655,8936,2017,5,5,13410,13410.0,0,0
655,1095,2017,8,5,4830,4830.0,0,0
655,1703,2017,7,6,5806,5806.0,0,0
655,1836,2018,2,5,7370,7370.0,0,0
655,16388,2018,9,5,4901,4901.0,1,1
655,47864,2018,3,3,4296,4296.0,0,0
655,56106,2017,1,3,2858,2858.0,0,0
655,67709,2018,9,3,6601,6601.0,4,0
655,87826,2018,10,9,7787,7787.0,694,0
655,107502,2017,11,2,2301,2301.0,8,0
655,108603,2017,12,2,4606,4606.0,0,0
655,107174,2017,10,2,4831,4891.0,524,0
655,119874,2018,3,2,2140,2140.0,574,90
655,117055,2018,2,2,4386,4386.0,0,0
655,120162,2018,2,2,4471,4471.0,0,0
655,125605,2018,4,2,4877,4877.0,500,0
655,175606,2018,1,1,828,828.0,594,0
655,170107,2018,1,1,628,3608.0,380,0
655,180696,2018,11,0,0,0.0,0,1
655,195664,2017,2,0,0,0.0,0,0
655,190880,2017,4,0,0,0.0,0,0
655,205109,2017,10,0,0,0.0,521,0
655,305235,2018,5,0,0,0.0,324,0
655,301166,2018,8,0,0,80.0,0,6
656,1108,2017,7,6,10608,10608.0,510,90
656,7806,2018,5,5,12365,12365.0,0,0
656,7302,2017,9,5,5300,5300.0,0,0
656,7407,2018,8,5,4330,4330.0,517,98
656,7043,2018,2,2,4659,4659.0,500,69
656,7166,2018,8,5,10687,687.0,500,8
656,7576,2018,10,6,4806,6806.0,0,0
656,365,2017,3,2,4686,4986.0,500,1
656,2106,2017,8,0,0,0.0,0,0
656,760,2018,5,0,0,0.0,0,0
656,5803,2018,10,0,0,0.0,0,0
656,8406,2018,12,0,0,0.0,0,0
656,4161,2018,12,0,0,0.0,0,0
656,5366,2018,7,0,0,0.0,0,0
656,200493,2018,6,0,0,0.0,0,90
656,205606,2018,1,0,0,0.0,0,0
656,207692,2018,2,0,0,0.0,0,0
656,202108,2018,2,0,1800,0.0,0,1
656,1600,2018,3,0,0,0.0,0,8
656,260396,2018,8,0,10000,0.0,667,0
656,250696,2018,9,0,0,0.0,0,0
656,203100,2018,9,0,0,0.0,0,0
656,207996,2018,10,0,0,0.0,590,0
656,209996,2018,7,0,0,0.0,7,1
656,207106,2018,1,0,0,0.0,0,9
656,200904,2018,4,0,0,0.0,0,0
656,237063,2018,8,0,0,0.0,0,0
656,217908,2018,6,0,0,0.0,0,0
656,200803,2018,1,0,0,0.0,0,0
656,260845,2018,3,0,0,0.0,566,0
656,234803,2018,12,0,0,0.0,0,0
656,200106,2018,5,0,0,0.0,0,0
656,257173,2017,1,0,0,0.0,4,0
656,237668,2018,11,0,0,0.0,0,9
656,267266,2018,4,0,0,0.0,0,0
656,200805,2018,1,0,0,0.0,0,0
656,67606,2018,8,0,836,0.0,0,0
656,209895,2018,2,0,0,0.0,0,0
656,216563,2018,8,0,0,0.0,6,0
656,57803,2018,12,0,0,0.0,525,100
656,200188,2018,1,0,0,0.0,694,0
656,255494,2018,8,0,0,0.0,0,0
656,300605,2018,2,0,0,0.0,0,0
656,352061,2018,11,0,0,0.0,0,0
656,310606,2018,7,0,0,0.0,0,0
656,300804,2018,11,0,0,0.0,1,100
656,300408,2018,11,0,0,10000.0,0,0
656,307489,2018,3,0,0,0.0,0,0
657,13556,2017,12,5,5770,5770.0,0,0
657,65604,2017,11,3,4306,4306.0,367,69
657,67833,2018,1,3,4833,4833.0,520,96
657,65196,2018,8,3,2249,2249.0,0,0
657,65846,2018,2,3,3371,3371.0,320,0
657,60666,2018,2,3,4683,4683.0,0,0
657,60666,2017,10,3,5461,5461.0,524,100
657,103105,2017,11,2,2700,2700.0,596,101
657,105176,2017,9,2,2501,2501.0,0,0
657,119665,2018,6,2,4416,4816.0,0,1
657,140609,2017,9,1,603,603.0,0,0
657,157896,2018,2,1,1346,1346.0,0,0
657,165863,2018,3,1,606,606.0,0,0
657,160809,2018,1,1,2101,2101.0,0,0
657,165105,2018,12,1,617,617.0,567,0
657,160896,2018,1,1,2207,2207.0,394,0
657,167091,2018,1,1,2803,2209.0,0,0
657,164494,2018,12,1,737,707.0,0,8
657,185866,2018,1,0,0,0.0,0,0
657,189873,2017,2,0,0,0.0,0,0
657,157965,2018,4,0,0,0.0,524,0
657,182006,2018,8,0,0,0.0,528,100
657,187160,2017,1,0,0,0.0,0,0
657,364164,2018,12,0,0,0.0,0,3
658,48156,2018,8,4,4720,4720.0,500,0
658,180606,2018,1,0,0,0.0,0,0
658,186929,2017,2,0,0,0.0,0,0
658,107965,2017,3,0,0,0.0,0,0
658,127364,2017,4,0,0,0.0,0,1
658,190002,2018,6,0,0,0.0,0,0
658,201285,2017,7,0,0,0.0,0,8
658,203993,2017,8,0,0,0.0,0,0
658,215996,2017,5,0,0,0.0,0,0
658,213116,2017,7,0,0,0.0,0,0
658,227806,2017,9,0,0,0.0,0,0
658,230874,2017,2,0,0,0.0,0,0
658,257604,2017,1,0,0,0.0,7,0
658,265186,2017,9,0,0,0.0,7,0
658,261610,2017,11,0,0,0.0,0,0
658,267683,2017,12,0,0,0.0,0,0
658,264899,2017,11,0,0,0.0,0,0
658,265906,2018,2,0,0,0.0,0,0
658,260607,2018,1,0,0,0.0,0,0
658,267105,2018,12,0,0,0.0,0,0
658,260476,2018,9,0,0,0.0,0,9
658,264104,2018,10,0,0,0.0,526,0
658,266463,2018,11,0,0,0.0,7,0
658,207696,2018,12,0,0,0.0,0,1
659,5893,2018,7,6,9340,9340.0,0,0
659,52693,2017,2,3,4040,4040.0,334,71
659,97003,2018,9,3,4406,4406.0,0,0
659,97800,2017,2,2,4681,4681.0,677,128
659,90833,2017,1,2,4382,4382.0,0,0
659,99804,2018,3,2,4676,14676.0,0,0
659,95107,2018,4,2,3470,3470.0,0,0
659,107968,2017,11,2,4606,4606.0,0,0
659,107401,2017,12,2,4380,4380.0,0,0
659,100566,2018,10,2,3420,3320.0,529,0
659,102406,2018,3,2,866,866.0,0,0
659,104915,2017,10,2,2600,2600.0,0,8
659,100969,2017,1,2,1347,1327.0,688,0
659,107103,2017,12,0,0,0.0,0,0
659,100103,2017,10,0,0,0.0,0,0
659,102166,2017,11,0,0,0.0,0,0
659,190029,2018,2,0,0,0.0,0,0
659,256192,2017,1,0,0,0.0,524,2
659,200813,2018,2,0,0,0.0,0,0
659,205605,2018,4,0,0,0.0,0,0
659,273877,2017,11,0,0,0.0,0,0
659,295892,2018,2,0,0,0.0,564,0
659,307803,2018,3,0,0,0.0,0,0
659,357866,2018,5,0,0,0.0,4,0
660,173661,2018,8,27,20806,30806.0,0,0
660,180677,2017,1,0,0,0.0,0,0
660,185899,2017,2,0,0,0.0,0,0
660,190823,2017,3,0,0,0.0,598,0
660,190696,2017,6,0,0,0.0,0,0
660,190607,2017,3,0,0,0.0,0,2
660,197172,2017,2,0,0,0.0,0,0
660,200406,2017,4,0,0,0.0,0,0
660,207636,2017,5,0,0,0.0,0,0
660,203683,2017,7,0,0,0.0,0,0
660,205194,2017,11,0,0,0.0,0,0
660,213603,2017,6,0,0,0.0,0,0
660,224831,2017,10,0,0,0.0,0,0
660,201886,2017,2,0,0,0.0,0,0
660,200806,2018,3,0,0,0.0,0,0
660,204803,2018,1,0,0,0.0,0,0
660,202486,2018,4,0,0,0.0,0,0
660,232803,2017,11,0,0,0.0,0,0
660,240707,2018,7,0,0,0.0,0,0
660,260466,2018,8,0,0,0.0,0,0
660,265698,2018,9,0,0,0.0,0,9
660,267860,2018,10,0,0,0.0,0,0
660,236935,2018,11,0,0,0.0,0,0
660,368106,2018,11,0,0,0.0,4,100
661,57647,2017,1,3,7386,7386.0,0,0
661,60389,2017,7,3,5401,5401.0,0,0
661,60666,2017,12,3,4831,4831.0,0,0
661,67653,2018,1,3,4341,4341.0,797,88
661,99804,2017,1,3,7337,7337.0,0,0
661,65266,2018,5,3,4306,4306.0,0,0
661,88998,2018,1,3,4816,4816.0,580,0
661,99209,2017,2,3,3626,3626.0,8,0
661,100805,2017,6,0,0,0.0,0,0
661,100631,2017,7,0,0,0.0,0,0
661,197155,2017,12,0,0,0.0,0,0
661,190006,2017,6,0,0,0.0,0,0
661,201206,2018,8,0,0,0.0,0,0
661,209109,2017,3,0,0,0.0,0,0
661,209265,2018,9,0,0,0.0,4,0
661,200996,2017,11,0,0,0.0,0,0
661,216897,2018,3,0,1,0.0,0,0
661,210885,2018,4,0,0,0.0,524,0
661,312884,2018,4,0,0,0.0,0,0
661,322623,2018,5,0,0,0.0,0,0
661,327108,2018,6,0,0,0.0,500,0
661,359342,2018,8,0,0,0.0,0,0
661,355173,2018,12,0,0,0.0,597,0
661,347603,2018,11,0,0,0.0,0,5
662,17606,2018,7,5,12720,12720.0,0,0
662,68132,2018,8,3,4886,4886.0,394,51
662,169867,2018,1,1,647,647.0,579,78
662,162832,2018,11,1,2006,2006.0,0,0
662,167106,2018,12,1,937,937.0,0,0
662,163162,2018,1,1,883,883.0,500,0
662,169606,2018,2,1,600,600.0,597,96
662,187869,2017,9,0,0,0.0,0,0
662,199409,2017,3,0,0,0.0,0,0
662,203887,2017,2,0,0,0.0,0,0
662,200892,2017,3,0,0,0.0,0,0
662,207407,2017,4,0,0,0.0,0,0
662,203493,2017,1,0,0,0.0,0,0
662,213302,2017,4,0,0,0.0,0,0
662,214665,2017,5,0,0,0.0,0,0
662,219100,2017,3,0,0,0.0,0,0
662,225143,2017,5,0,0,0.0,0,0
662,255601,2018,6,0,0,0.0,0,0
662,264489,2017,10,0,0,0.0,0,0
662,269666,2017,11,0,0,0.0,0,0
662,269906,2017,11,0,0,0.0,0,0
662,360286,2018,8,0,0,0.0,0,0
662,367884,2018,11,0,0,0.0,0,0
662,367103,2018,12,0,0,0.0,0,0
663,4488,2018,6,6,10906,10906.0,0,0
663,8403,2018,7,6,10676,10676.0,530,98
663,7672,2017,8,5,5605,5605.0,0,0
663,5806,2018,8,6,14830,14830.0,0,0
663,5536,2018,5,6,4087,4088.0,500,0
663,236,2018,12,5,6498,6498.0,7,0
663,7103,2018,1,0,0,0.0,0,0
663,11566,2018,7,0,0,0.0,0,0
663,14856,2018,8,0,0,0.0,0,1
663,1924,2018,9,0,0,0.0,0,0
663,7408,2017,11,0,0,0.0,0,0
663,3633,2018,11,0,0,0.0,368,0
663,9603,2018,3,0,0,0.0,0,98
663,103,2018,10,0,0,0.0,0,0
663,7196,2018,9,0,0,0.0,4,100
663,306,2018,2,0,0,0.0,0,0
663,215656,2018,1,0,0,0.0,800,0
663,227105,2018,4,0,0,0.0,0,0
663,262662,2018,3,0,0,0.0,0,1
663,50606,2018,8,0,0,0.0,0,9
663,309693,2018,2,0,0,0.0,0,0
663,307639,2018,9,0,0,0.0,0,0
663,356666,2018,6,0,0,0.0,0,0
663,305094,2018,12,0,0,0.0,0,8
664,8665,2017,3,5,3700,3700.0,0,0
664,16991,2018,8,5,7635,7635.0,0,0
664,22606,2018,12,5,14800,10800.0,524,90
664,20699,2018,3,4,10736,736.0,0,0
664,62285,2018,1,3,7123,7123.0,1,100
664,60602,2018,12,3,4325,4325.0,0,0
664,62864,2018,1,3,1842,25842.0,337,80
664,67165,2018,12,3,3447,3447.0,588,71
664,127807,2018,4,2,2438,2438.0,0,0
664,160655,2018,10,1,647,647.0,0,0
664,167695,2018,12,1,2807,2800.0,0,99
664,160863,2018,12,1,606,606.0,500,0
664,166894,2018,3,1,2007,2007.0,570,3
664,65667,2018,11,1,801,801.0,0,0
664,162198,2018,1,1,602,602.0,564,0
664,171606,2018,1,1,926,926.0,0,2
664,164037,2018,12,1,2387,2387.0,0,0
664,192076,2018,1,0,0,0.0,0,8
664,174804,2017,12,0,0,0.0,500,0
664,186006,2017,1,0,0,0.0,8,8
664,200607,2017,4,0,0,0.0,0,8
664,205603,2017,2,0,0,0.0,0,108
664,307295,2018,8,0,0,0.0,594,0
664,305403,2018,10,0,0,0.0,0,0
665,6853,2018,8,6,4808,4808.0,670,90
665,160,2018,9,5,4805,4805.0,0,0
665,23154,2018,7,4,4866,4866.0,0,0
665,77685,2018,12,3,6848,6848.0,700,1
665,92639,2017,1,3,9601,9601.0,561,0
665,9166,2017,6,3,3798,3792.0,598,98
665,100824,2017,10,2,1668,1668.0,0,0
665,101101,2017,3,2,2328,2328.0,4,0
665,160239,2018,2,1,2358,12358.0,0,0
665,165667,2018,1,1,849,849.0,555,78
665,164806,2018,6,1,876,876.0,564,0
665,162995,2018,1,1,10601,601.0,0,8
665,177005,2018,2,0,0,0.0,0,1
665,198132,2017,2,0,0,0.0,0,0
665,217195,2017,4,0,0,0.0,0,0
665,225864,2017,5,0,0,0.0,0,0
665,224006,2017,3,0,0,0.0,526,0
665,222865,2017,5,0,0,0.0,1,0
665,240074,2018,8,0,0,0.0,0,8
665,267887,2017,10,0,677,0.0,524,0
665,247806,2018,11,0,0,0.0,0,1
665,348505,2018,12,0,10000,0.0,0,0
665,320953,2018,9,0,0,0.0,0,0
665,350495,2018,12,0,0,0.0,0,0
666,9693,2017,6,5,14865,14865.0,0,0
666,15153,2018,7,5,5005,5005.0,0,0
666,47160,2018,12,4,4866,4866.0,0,0
666,47445,2018,9,4,7376,7376.0,700,0
666,57103,2017,2,3,1471,1471.0,500,0
666,67186,2018,12,3,4391,4391.0,0,0
666,103684,2017,11,1,681,681.0,324,93
666,174676,2018,5,1,743,743.0,0,91
666,147103,2017,10,1,2021,2021.0,0,0
666,137608,2017,1,0,0,0.0,0,0
666,143094,2018,6,0,0,0.0,0,0
666,142169,2017,7,0,0,0.0,0,8
666,155867,2017,8,0,0,0.0,0,0
666,307162,2018,10,0,0,0.0,560,0
666,317461,2018,12,0,0,0.0,0,0
666,340108,2018,8,0,0,0.0,0,0
666,345166,2018,8,0,0,0.0,0,0
666,360606,2018,9,0,0,0.0,4,0
666,365000,2018,4,0,0,0.0,0,8
666,360896,2018,11,0,0,0.0,0,0
666,367169,2018,8,0,0,0.0,0,0
666,363927,2018,11,0,0,0.0,0,0
666,360866,2018,11,0,0,0.0,567,0
666,367802,2018,12,0,0,0.0,500,3
667,46607,2018,8,4,5040,5040.0,307,0
667,47803,2018,7,4,5100,5700.0,8,100
667,59602,2017,1,3,4407,4407.0,304,8
667,107806,2017,9,1,716,716.0,0,0
667,157165,2018,12,1,337,337.0,0,0
667,167162,2018,9,1,601,609.0,0,0
667,305420,2017,3,0,0,0.0,0,0
667,357563,2017,6,0,0,0.0,500,0
667,320503,2018,3,0,0,0.0,0,0
667,343107,2018,7,0,0,0.0,0,2
667,347412,2017,8,0,800,800.0,0,0
667,360567,2017,2,0,0,0.0,0,0
667,362806,2017,1,0,0,0.0,0,0
667,361105,2018,2,0,0,0.0,582,103
667,300504,2018,11,0,0,0.0,0,0
667,310669,2017,4,0,0,0.0,0,0
667,327666,2018,3,0,0,0.0,0,0
667,369096,2018,5,16,10000,0.0,0,0
667,365106,2018,10,0,0,0.0,0,0
667,362168,2018,1,0,0,0.0,0,0
667,360696,2018,8,0,0,0.0,0,8
667,363892,2018,10,0,0,0.0,437,0
667,360662,2018,11,0,0,0.0,514,0
667,367696,2018,12,0,0,0.0,518,8
668,182605,2017,11,0,0,200.0,0,0
668,191122,2017,2,0,0,0.0,0,0
668,197489,2017,2,0,0,0.0,0,0
668,190087,2017,3,0,0,0.0,0,0
668,204107,2017,4,0,0,0.0,0,0
668,207879,2017,5,0,478,7.0,0,0
668,215806,2017,6,0,0,0.0,0,0
668,228379,2017,6,0,0,0.0,0,0
668,235869,2017,7,0,0,0.0,0,0
668,230606,2017,7,0,0,0.0,0,0
668,243806,2017,8,0,0,0.0,0,0
668,253886,2017,9,0,0,0.0,0,0
668,267895,2017,11,0,0,0.0,0,0
668,264607,2017,12,0,0,0.0,0,0
668,275196,2017,11,0,0,0.0,0,0
668,287403,2018,1,0,0,0.0,0,0
668,295202,2018,1,0,0,0.0,0,0
668,300108,2018,2,0,0,0.0,0,0
668,307812,2018,3,0,0,0.0,0,0
668,301109,2018,5,0,1,0.0,0,7
668,327800,2018,4,0,0,0.0,0,0
668,365886,2018,10,0,0,0.0,700,0
668,361696,2018,11,0,0,0.0,0,0
668,389401,2018,12,0,0,0.0,0,1
669,2965,2018,6,6,3782,3782.0,500,0
669,7801,2017,7,5,9365,9365.0,596,78
669,1803,2017,8,6,9332,9332.0,564,108
669,7439,2018,5,6,10026,26.0,0,0
669,16680,2018,7,5,885,885.0,504,108
669,60286,2017,9,3,4347,4347.0,0,0
669,107817,2018,12,2,3026,3026.0,0,0
669,105369,2018,1,2,4006,4006.0,500,3
669,127666,2017,11,2,1808,1808.0,500,8
669,151333,2018,1,2,2184,2184.0,0,8
669,152569,2017,12,1,741,741.0,534,0
669,164804,2018,1,1,880,880.0,0,0
669,163903,2017,2,1,617,617.0,0,0
669,176164,2017,1,1,806,806.0,0,8
669,187103,2017,3,0,0,0.0,0,0
669,191893,2017,2,0,0,0.0,0,8
669,205673,2017,4,0,0,0.0,0,0
669,200105,2017,3,0,0,0.0,0,0
669,207285,2017,2,10,0,0.0,0,0
669,206894,2017,11,0,0,0.0,0,0
669,207155,2018,2,0,0,0.0,0,0
669,250165,2018,2,0,0,0.0,0,2
669,360136,2018,10,0,0,0.0,0,0
669,307106,2018,12,0,0,0.0,0,8
670,11084,2017,2,5,10665,10665.0,564,91
670,165609,2018,11,1,901,901.0,0,0
670,164666,2018,2,1,681,681.0,564,98
670,167106,2017,11,1,606,606.0,700,0
670,330105,2017,2,1,607,607.0,0,100
670,387603,2017,6,0,0,0.0,564,1
670,367816,2018,4,0,0,0.0,0,0
670,367013,2017,3,0,0,0.0,0,0
670,331011,2017,7,0,0,0.0,0,0
670,361103,2017,9,0,0,0.0,0,0
670,367296,2017,11,0,0,0.0,0,1
670,360726,2018,4,0,0,0.0,0,0
670,387808,2018,6,0,0,0.0,0,0
670,317186,2018,3,0,0,0.0,0,0
670,335107,2018,7,0,0,0.0,0,0
670,329837,2018,4,0,0,0.0,0,0
670,327793,2018,5,0,0,0.0,0,0
670,330039,2018,7,0,0,0.0,0,0
670,360382,2018,8,0,0,0.0,0,0
670,330606,2018,8,0,0,0.0,0,0
670,367692,2018,9,0,0,0.0,0,100
670,360635,2018,11,0,0,10000.0,0,0
670,368642,2018,19,0,0,0.0,0,0
670,361386,2018,11,0,0,0.0,0,8
671,45176,2018,1,4,6640,6640.0,366,128
671,47186,2018,9,4,2308,2308.0,397,98
671,47464,2018,1,3,4867,4867.0,570,95
671,46960,2018,3,4,7823,7823.0,500,98
671,56805,2017,2,3,7301,7301.0,0,108
671,83602,2018,1,3,2401,2401.0,517,0
671,94804,2018,2,3,4831,4831.0,4,0
671,92826,2017,5,2,4318,4318.0,324,9
671,97564,2018,3,3,4998,4998.0,0,0
671,101400,2017,1,2,4934,4934.0,7,100
671,107166,2017,7,2,4646,4646.0,714,0
671,109966,2017,12,2,4336,4336.0,300,0
671,107807,2017,2,2,4301,4301.0,520,2
671,207169,2017,3,0,0,0.0,0,0
671,209807,2017,2,0,0,0.0,544,0
671,205107,2017,4,0,0,0.0,0,1
671,250613,2017,8,0,11400,0.0,0,0
671,263105,2017,11,0,0,0.0,886,101
671,260803,2017,10,0,0,0.0,0,0
671,263936,2017,11,0,0,0.0,0,0
671,267203,2017,11,0,0,0.0,0,0
671,260174,2018,12,0,0,0.0,0,1
671,286606,2018,11,0,0,0.0,534,100
671,289805,2017,12,0,0,0.0,0,9
672,6101,2018,7,6,17606,17606.0,0,0
672,731,2018,7,6,5326,5326.0,524,96
672,2465,2018,7,5,4635,4635.0,0,0
672,10563,2018,6,5,10388,10388.0,0,0
672,104169,2018,2,2,1144,1144.0,590,78
672,102164,2018,6,2,4106,4106.0,526,90
672,107834,2017,12,2,4786,4786.0,524,0
672,105866,2018,11,2,4846,4846.0,524,78
672,319076,2017,11,2,4368,4368.0,564,100
672,307105,2017,1,2,4306,4306.0,0,71
672,300136,2018,9,0,0,0.0,4,0
672,307661,2017,10,0,0,0.0,0,8
672,300106,2018,3,0,0,0.0,0,0
672,307068,2018,8,0,871,0.0,0,0
672,307164,2018,5,0,0,0.0,0,0
672,301899,2018,5,0,0,0.0,0,0
672,304478,2018,2,0,0,0.0,0,0
672,300939,2018,3,0,0,0.0,0,0
672,307185,2018,2,0,0,0.0,0,0
672,300806,2018,4,0,0,0.0,0,0
672,326163,2018,5,0,0,0.0,0,0
672,321866,2018,6,0,0,0.0,320,0
672,328125,2018,8,0,0,0.0,0,0
672,325166,2018,12,0,0,0.0,564,8
673,1767,2017,8,0,0,0.0,0,0
673,167,2018,7,6,882,882.0,544,72
673,3162,2017,3,0,0,0.0,0,0
673,526,2018,12,0,0,0.0,504,0
673,17606,2018,2,0,0,0.0,0,0
673,2103,2018,5,0,0,0.0,0,8
673,604,2018,6,0,10931,31.0,0,0
673,7963,2018,7,0,0,0.0,0,8
673,7493,2018,6,0,0,0.0,0,0
673,7108,2018,8,0,0,0.0,0,0
673,523,2017,5,0,0,0.0,0,0
674,20803,2018,12,5,10690,10690.0,535,91
674,47006,2018,1,4,7806,7806.0,0,0
674,55839,2018,7,3,2638,2638.0,527,98
674,59894,2018,2,3,4681,4681.0,0,0
674,68465,2018,1,3,2976,2976.0,378,98
674,64166,2017,6,3,3267,3267.0,7,5
674,61836,2018,7,3,4831,4831.0,0,0
674,65408,2017,10,3,4301,4301.5,504,0
674,110663,2018,4,2,4730,4730.0,594,0
674,152606,2018,1,1,999,999.0,0,0
674,300104,2017,2,1,1321,1321.0,0,0
674,305632,2018,5,0,0,0.0,528,100
674,357667,2018,7,0,0,0.0,0,0
674,300663,2018,3,0,0,0.0,0,0
674,347163,2018,7,0,0,0.0,0,0
674,353691,2018,4,0,0,0.0,0,0
674,360167,2018,5,0,0,0.0,560,0
674,360163,2018,6,0,0,0.0,0,0
674,366173,2018,9,0,0,0.0,0,0
674,367169,2018,8,0,0,0.0,9,0
674,367126,2018,9,0,0,0.0,574,8
674,367105,2018,10,0,0,0.0,0,0
674,360202,2018,11,0,0,0.0,7,0
674,367015,2018,11,0,0,0.0,0,1
675,5480,2018,7,6,10200,10200.0,0,0
675,86606,2018,3,1,2337,2337.0,607,0
675,107682,2017,12,1,925,925.0,544,91
675,188905,2017,1,0,0,0.0,0,0
675,187606,2017,2,0,0,0.0,727,0
675,197603,2017,4,0,0,0.0,0,0
675,199286,2017,5,0,0,0.0,0,0
675,303806,2017,6,0,0,0.0,0,0
675,322095,2017,8,0,0,0.0,0,0
675,325693,2017,9,0,0,0.0,0,8
675,326537,2017,5,0,0,0.0,0,0
675,360665,2017,11,0,0,0.0,0,0
675,326100,2017,1,0,0,0.0,0,0
675,338162,2018,7,0,0,0.0,3,0
675,337603,2018,9,0,0,0.0,0,0
675,367526,2018,12,0,0,0.0,0,0
675,307806,2018,3,0,0,0.0,0,0
675,337526,2018,6,0,0,0.0,0,0
675,342895,2018,7,0,0,0.0,0,0
675,353606,2018,8,0,0,0.0,0,0
675,357809,2018,9,0,0,0.0,0,0
675,361101,2018,11,0,0,0.0,0,0
675,360605,2018,10,0,0,0.0,0,0
675,370867,2018,11,0,0,0.0,588,0
676,7669,2017,3,5,14280,14230.0,0,0
676,6103,2018,6,5,10900,10900.0,0,0
676,39063,2018,11,4,4600,4600.0,0,0
676,47606,2018,8,4,2828,2828.5,508,98
676,53663,2017,1,3,7085,7085.0,0,0
676,64873,2018,12,3,4487,4487.0,4,0
676,67109,2017,7,3,5935,5935.0,560,8
676,67804,2017,12,3,2361,2361.0,0,0
676,102103,2017,8,2,4367,4367.0,0,0
676,103609,2017,9,2,1397,1397.0,0,0
676,118233,2018,11,2,4306,4306.0,527,8
676,127866,2018,6,2,2181,2181.0,0,0
676,138967,2018,3,1,2606,2606.0,520,88
676,160109,2018,12,1,605,605.0,0,0
676,163869,2018,7,1,1761,1761.0,535,0
676,163867,2018,2,1,1,1.0,514,0
676,165605,2018,1,1,801,801.0,341,0
676,187603,2017,1,0,0,0.0,0,0
676,192003,2017,1,0,0,0.0,0,0
676,235666,2017,4,0,0,0.0,684,100
676,207852,2018,3,0,0,0.0,0,5
676,209164,2017,5,0,0,0.0,0,0
676,205604,2017,1,0,0,0.0,0,0
676,206865,2017,12,0,0,0.0,0,8
677,77765,2018,1,3,4201,4201.0,0,0
677,91665,2018,8,3,4346,4316.0,0,0
677,102168,2018,9,2,4828,4828.0,534,91
677,124484,2018,7,2,4700,4700.0,700,0
677,187104,2017,12,0,0,0.0,524,8
677,190162,2017,1,0,0,0.0,0,0
677,190183,2017,2,0,0,0.0,0,0
677,190473,2017,3,0,0,0.0,0,8
677,195803,2017,4,0,0,0.0,8,0
677,205279,2017,3,0,0,0.0,0,0
677,217900,2018,4,0,0,0.0,0,0
677,227756,2017,6,0,0,0.0,0,0
677,267805,2017,8,0,0,0.0,0,0
677,267194,2017,10,0,0,0.0,0,0
677,202686,2017,12,0,0,0.0,0,0
677,200236,2017,11,0,0,0.0,0,0
677,204686,2018,4,0,0,0.0,0,0
677,203765,2018,2,0,0,0.0,0,0
677,309606,2018,3,0,0,0.0,0,0
677,300101,2018,2,0,0,0.0,0,0
677,304883,2018,9,0,0,0.0,0,0
677,343163,2018,7,0,0,0.0,0,3
677,355608,2018,8,0,0,0.0,0,0
677,350693,2018,12,0,0,0.0,0,1
678,17816,2017,3,5,6680,6680.0,0,0
678,40827,2018,11,3,3033,3033.0,0,0
678,60463,2018,8,3,7767,17767.0,0,0
678,167805,2018,12,1,1813,1818.0,581,88
678,163196,2018,9,1,901,901.0,328,78
678,307106,2017,2,0,0,0.0,0,0
678,317166,2018,3,0,0,0.0,500,0
678,348392,2017,6,0,0,0.0,0,0
678,343109,2017,4,0,0,0.0,0,0
678,345907,2018,8,0,0,0.0,0,0
678,340803,2017,6,0,0,0.0,0,0
678,380897,2017,7,0,0,0.0,0,0
678,349183,2018,9,0,0,0.0,0,0
678,367196,2018,8,0,0,0.0,0,0
678,367655,2018,11,0,0,0.0,0,0
678,362994,2018,9,1,0,0.0,570,0
678,367608,2018,8,0,0,0.0,6,0
678,362294,2018,10,0,0,0.0,0,0
678,375066,2018,11,0,0,0.0,0,0
678,347666,2018,18,0,0,0.0,0,0
678,353207,2018,9,0,0,0.0,500,0
678,387696,2018,11,0,0,0.0,500,1
678,365394,2018,11,0,0,0.0,4,0
678,362403,2018,12,0,0,0.0,500,0
679,10163,2017,7,5,2815,2815.0,0,0
679,14686,2018,6,5,10865,10865.0,0,0
679,36196,2018,11,4,4330,4330.0,398,89
679,47884,2018,4,4,4816,4816.0,0,0
679,56866,2018,2,3,4026,4026.0,0,0
679,100109,2018,8,2,2806,2806.0,0,0
679,107502,2018,5,2,4136,4136.0,0,0
679,107615,2017,7,2,4868,4868.0,0,0
679,104105,2017,11,2,4734,4734.0,4,0
679,192926,2018,11,1,2376,2376.0,0,0
679,100102,2017,10,0,0,0.0,0,0
679,100673,2017,12,0,0,0.0,0,8
679,197866,2017,3,0,0,0.0,0,0
679,195903,2017,2,0,0,0.0,0,0
679,202687,2018,3,0,0,0.0,0,0
679,207995,2018,4,0,0,0.0,4,148
679,207869,2017,3,0,0,0.0,0,0
679,219906,2018,4,0,0,0.0,0,0
679,224676,2018,5,0,0,0.0,0,0
679,230906,2018,6,0,0,0.0,0,0
679,268106,2017,9,0,0,0.0,700,0
679,260023,2017,10,0,0,0.0,0,0
679,261819,2018,11,0,0,0.0,0,0
679,262454,2017,12,0,0,0.0,0,1
680,6322,2018,8,6,10606,10606.0,0,0
680,896,2018,6,6,14060,14060.0,584,91
680,10669,2018,7,5,10385,10385.0,824,78
680,27145,2017,7,4,7306,7306.0,525,50
680,57806,2017,6,3,1621,1621.0,528,93
680,87102,2018,12,3,7571,7571.0,500,91
680,57010,2017,2,3,4007,4007.0,0,8
680,107808,2018,1,2,2276,2276.0,521,9
680,109557,2017,10,2,4344,4344.0,0,0
680,116600,2017,11,2,4372,4372.0,523,1
680,109188,2017,3,2,4607,4607.0,700,0
680,100606,2018,11,2,2427,2427.0,7,0
680,153601,2018,2,1,1767,1767.0,1,0
680,164176,2018,3,1,941,991.0,520,43
680,162486,2018,5,1,1300,1300.0,0,0
680,161865,2017,1,1,1330,1330.0,594,0
680,166166,2018,1,1,706,706.0,0,0
680,162909,2018,4,1,10721,701.0,524,1
680,160906,2018,12,1,701,701.0,0,1
680,200876,2017,3,0,3,0.0,9,0
680,202882,2018,9,0,0,0.0,0,0
680,209603,2017,7,0,0,0.0,0,8
680,255826,2018,11,0,0,0.0,0,0
680,205107,2017,8,0,0,0.0,1,8
680,207865,2017,1,0,0,840.0,538,0
680,207686,2017,8,0,0,0.0,1,0
680,294092,2017,3,0,0,0.0,0,8
680,202567,2017,8,0,0,0.0,0,0
680,206366,2017,3,0,0,0.0,0,0
680,233826,2017,8,0,0,0.0,0,8
680,202606,2018,4,0,0,0.0,0,0
680,267666,2017,4,0,0,0.0,0,0
680,250903,2018,6,0,0,0.0,0,0
680,260165,2017,8,0,0,0.0,0,0
680,267806,2017,2,0,0,0.0,0,0
680,200045,2017,10,0,0,0.0,0,0
680,227165,2018,1,0,14641,10000.0,0,99
680,260609,2017,12,0,0,0.0,0,1
680,264165,2017,8,0,0,0.0,0,0
680,255803,2018,11,0,0,0.0,0,0
680,250605,2017,9,0,0,0.0,0,0
680,265103,2018,1,0,0,0.0,0,8
680,202100,2018,2,0,0,0.0,0,0
680,260342,2018,7,0,617,0.0,0,0
680,280126,2018,3,0,0,0.0,0,0
680,260604,2018,6,0,0,0.0,567,140
680,264103,2017,12,0,0,0.0,0,0
680,207197,2018,12,0,0,0.0,0,0
681,7277,2017,3,5,4720,4720.0,0,0
681,5207,2018,7,6,14686,14686.0,0,0
681,17893,2018,12,5,10345,10345.0,800,0
681,17836,2018,6,5,4325,14325.0,0,0
681,30872,2018,1,4,4300,4300.0,0,0
681,30736,2018,5,4,2904,2904.0,400,78
681,32686,2017,6,4,2306,2306.0,0,0
681,21665,2018,8,16,4086,4086.0,0,0
681,47062,2018,2,4,5386,5386.0,0,1
681,40267,2018,11,6,3304,3304.0,500,0
681,53672,2018,2,3,4852,4852.0,0,8
681,57742,2018,11,3,641,641.0,0,0
681,64144,2018,3,3,5341,7341.5,597,0
681,61105,2018,12,3,1933,1933.0,0,0
681,63123,2018,1,3,4701,4701.0,4,1
681,65103,2018,11,3,3400,3400.0,0,100
681,66267,2017,2,3,4688,4688.0,528,0
681,64618,2018,10,3,4376,4376.0,0,1
681,66109,2018,1,3,4360,4370.0,7,0
681,67663,2018,9,3,4331,4972.0,6,58
681,77605,2018,2,3,6800,4806.0,580,7
681,160506,2017,5,1,687,60906.0,0,8
681,167163,2018,12,1,1609,4361.0,0,0
681,360966,2018,11,1,717,3.0,0,0
682,20756,2018,11,5,4275,6275.0,0,0
682,67879,2018,12,3,37336,7336.0,0,0
682,67666,2018,9,3,4325,4325.0,0,0
682,97732,2018,8,3,2683,2683.0,508,106
682,90861,2018,6,2,3806,3806.0,328,56
682,107824,2017,11,2,4335,4335.0,0,0
682,167106,2018,3,1,2316,2316.0,4,8
682,160695,2018,0,1,1316,1316.0,0,8
682,166669,2017,12,1,805,805.0,0,0
682,206156,2017,1,0,0,0.0,0,0
682,205565,2017,1,0,0,0.0,587,100
682,200605,2017,11,0,0,0.0,0,0
682,201664,2017,2,0,0,0.0,0,0
682,200566,2017,3,0,0,0.0,0,0
682,207773,2017,2,0,0,0.0,0,0
682,211136,2017,4,0,0,0.0,0,9
682,225889,2017,4,0,0,0.0,0,0
682,221801,2017,6,0,0,0.0,0,0
682,237067,2018,7,0,0,0.0,0,0
682,250103,2018,8,0,0,0.0,1,0
682,262696,2017,10,0,0,0.0,826,0
682,260566,2017,11,0,0,0.0,0,0
682,267604,2018,11,0,0,0.0,0,0
682,281666,2018,12,0,0,0.0,0,8
683,5095,2018,7,6,11880,11880.0,0,0
683,7864,2018,8,5,925,10925.0,0,0
683,27009,2017,6,4,10932,10932.0,538,93
683,65991,2017,4,3,4601,10601.0,0,0
683,65802,2017,11,3,2383,2383.0,0,8
683,65801,2017,12,3,1607,1607.0,0,0
683,104463,2017,11,2,4318,10918.0,0,0
683,67602,2018,7,3,3306,3306.0,0,0
683,167663,2018,9,2,4002,4002.0,0,0
683,167349,2018,1,1,778,778.0,0,0
683,166380,2018,12,1,882,882.0,0,0
683,300360,2018,8,1,643,643.0,2,0
683,307674,2017,11,0,0,0.0,0,1
683,300836,2017,3,0,0,0.0,0,0
683,319806,2018,2,0,0,0.0,0,0
683,314161,2018,3,0,0,0.0,520,0
683,322482,2018,5,0,0,0.0,0,0
683,329345,2018,11,0,0,0.0,0,4
683,344802,2018,1,0,0,0.0,0,0
683,362606,2018,6,0,0,0.0,0,95
683,360613,2018,9,0,0,0.0,523,0
683,366507,2018,6,0,0,0.0,764,0
683,361895,2018,10,0,0,0.0,0,0
683,362803,2018,11,0,0,0.0,815,108
684,7924,2018,7,6,10600,10600.0,0,0
684,7667,2018,7,0,0,0.0,0,0
684,7894,2018,3,5,0,0.0,0,0
684,16125,2018,4,5,31,31.0,534,9
684,37100,2018,2,4,1,1.0,0,0
684,168506,2018,10,0,0,0.0,737,8
684,169955,2018,1,0,0,0.0,897,98
684,187206,2017,8,0,0,0.0,0,8
684,187826,2018,12,0,0,0.0,0,8
684,198673,2017,2,0,4666,66.0,523,100
684,190136,2018,11,0,0,0.0,0,0
684,191106,2017,3,0,0,0.0,0,0
684,200899,2017,1,0,600,0.5,0,0
684,203867,2017,3,0,0,0.0,0,0
684,203108,2018,12,0,0,0.0,0,0
684,202986,2018,2,0,0,0.0,0,3
684,216376,2018,5,0,0,0.0,0,0
684,221607,2018,6,0,0,0.0,0,0
684,237066,2018,8,0,0,0.0,4,0
684,236107,2018,6,0,0,0.0,0,0
684,241564,2017,7,0,0,0.0,0,0
684,359605,2018,9,0,0,0.0,500,0
684,360897,2018,11,0,0,0.0,0,0
684,307033,2018,12,0,0,0.0,0,0
685,5107,2018,8,6,3766,3766.0,507,0
685,63136,2017,11,3,2631,2631.0,0,0
685,67676,2017,2,3,1886,1886.0,0,0
685,97686,2017,4,2,2408,2408.0,500,1
685,97563,2018,3,2,3396,7396.0,594,100
685,99888,2018,1,2,2387,2387.0,600,2
685,106038,2017,9,2,4441,4141.0,0,6
685,106882,2017,8,2,4606,4406.0,0,0
685,131006,2017,11,2,4801,4801.0,0,8
685,130106,2017,2,1,876,876.0,0,3
685,169807,2018,1,1,614,614.0,0,0
685,164304,2018,3,1,2117,2117.0,0,3
685,167801,2018,2,1,1111,1111.0,0,0
685,167526,2018,6,0,0,0.0,4,128
685,209193,2017,4,0,0,0.0,594,109
685,207809,2017,6,0,0,0.0,0,0
685,213302,2017,11,0,0,0.0,0,0
685,254163,2017,9,0,0,0.0,526,0
685,267033,2017,11,0,0,0.0,0,0
685,268063,2017,12,0,0,0.0,0,0
685,267081,2017,10,0,0,0.0,566,0
685,264672,2018,11,0,0,0.0,0,8
685,327001,2018,12,0,0,0.0,0,0
685,365166,2018,11,0,0,0.0,0,0
685,357993,2018,1,0,0,0.0,0,0
685,327167,2018,1,0,0,0.0,4,142
685,366606,2018,2,0,0,0.0,0,0
685,352107,2018,1,0,0,0.0,0,0
685,327699,2018,7,0,0,0.0,0,0
685,302294,2018,2,0,0,0.0,0,0
685,323702,2018,8,0,44822,0.0,0,0
685,360166,2018,3,0,0,0.0,532,91
685,360136,2018,12,0,0,0.0,0,0
685,300095,2018,3,0,0,0.0,500,0
685,357107,2018,9,0,0,0.0,0,0
685,350060,2018,11,0,0,0.0,0,0
685,377902,2018,2,0,0,0.0,0,0
685,330106,2018,1,0,0,0.0,0,0
685,352202,2018,12,0,0,0.0,0,0
685,322116,2018,2,18,10000,0.0,8,0
685,367604,2018,2,0,0,0.0,0,8
685,367926,2018,13,0,0,0.0,0,0
685,350963,2018,11,0,0,0.0,0,0
685,360003,2018,9,0,0,0.0,0,0
685,360993,2018,8,0,0,0.0,0,0
685,364102,2018,11,0,0,0.0,0,0
685,361661,2018,11,0,0,0.0,0,8
685,360106,2018,11,0,0,0.0,564,0
686,5606,2018,7,6,7776,7776.0,523,145
686,14103,2018,8,5,4985,4985.0,0,0
686,23697,2017,8,4,7745,17745.0,500,1
686,23464,2018,2,4,6636,6636.0,0,0
686,50415,2017,3,3,4886,4886.0,594,1
686,60896,2018,12,3,7361,7361.0,536,1
686,65706,2018,1,3,4331,4331.0,547,0
686,67809,2017,12,3,4437,4437.0,4,0
686,71617,2018,2,3,1691,1691.0,500,91
686,115694,2018,11,2,2622,2622.0,598,98
686,125365,2018,12,2,4808,4808.0,0,0
686,152006,2018,5,1,1321,1321.0,594,5
686,157395,2018,6,1,661,661.0,0,0
686,162265,2018,5,1,807,807.0,0,0
686,167606,2018,1,1,10805,805.0,0,0
686,164193,2018,9,1,838,838.0,0,5
686,160676,2018,5,1,37636,636.0,4,0
686,165604,2018,7,1,10887,845.0,0,0
686,167055,2018,1,1,2400,812.0,0,0
686,179163,2017,12,1,636,10381.0,0,0
686,167692,2018,8,1,91,37.0,587,0
686,186675,2017,2,0,0,0.0,0,0
686,195866,2018,1,0,2336,0.0,590,0
686,185807,2018,10,0,0,0.0,0,0
686,187866,2017,1,0,0,0.0,0,0
686,205660,2017,1,0,7,0.0,0,0
686,205103,2017,3,0,0,0.0,0,0
686,247666,2017,6,0,0,0.0,0,0
686,204606,2017,9,0,0,0.0,0,0
686,205832,2017,9,0,0,0.0,0,0
686,264622,2017,1,0,0,35.0,0,0
686,207305,2017,4,0,0,0.0,526,0
686,234365,2017,5,0,0,0.0,524,128
686,244396,2017,1,0,0,0.0,0,0
686,204400,2017,9,0,0,0.0,0,0
686,227873,2017,2,0,0,0.0,0,0
686,278842,2017,3,0,0,0.0,0,0
686,250436,2017,6,0,0,0.0,0,94
686,260664,2017,10,0,0,0.0,0,0
686,261434,2017,10,0,0,0.0,0,1
686,205101,2018,9,0,0,0.0,0,0
686,200466,2017,11,0,0,0.0,0,100
686,288606,2017,12,0,0,0.0,4,100
686,237686,2017,10,0,0,0.0,0,0
686,300993,2018,12,0,0,0.0,0,0
686,310805,2018,11,0,0,0.0,0,0
686,350807,2018,11,0,0,0.0,0,0
686,301263,2018,11,0,0,0.0,0,0
687,180621,2017,1,0,0,0.0,4,0
687,190195,2017,2,0,0,0.0,0,0
687,190607,2017,2,0,0,0.0,500,0
687,190597,2017,4,0,0,0.0,0,0
687,209807,2017,3,0,0,0.0,0,0
687,217801,2017,5,0,0,0.0,0,0
687,223081,2017,6,0,0,0.0,0,0
687,232177,2017,7,0,0,0.0,0,0
687,240823,2017,8,0,630,0.0,0,0
687,250621,2017,9,0,0,0.0,0,0
687,260606,2017,11,0,0,0.0,0,0
687,262806,2017,12,0,0,0.0,0,0
687,250125,2017,2,0,0,0.0,0,0
687,260185,2018,9,0,0,0.0,0,0
687,260609,2017,11,0,0,0.0,0,0
687,268896,2017,12,0,0,0.0,524,0
687,297663,2018,1,0,0,0.0,0,0
687,300189,2018,3,0,0,0.0,0,0
687,310601,2018,3,0,0,0.0,0,0
687,327604,2018,5,0,0,0.0,0,0
687,321100,2018,8,0,0,0.0,517,0
687,367838,2018,10,0,0,0.0,0,0
687,373905,2018,12,0,0,0.0,0,0
687,387893,2018,11,0,0,0.0,0,0
688,21286,2018,7,6,12760,12760.0,0,0
688,4836,2017,8,5,4845,4845.0,537,58
688,7169,2018,6,5,10630,10630.0,560,98
688,897,2017,2,5,4383,4383.0,0,8
688,9867,2018,5,6,37285,7285.0,0,0
688,16106,2018,8,20,0,0.0,0,0
688,47836,2018,9,0,0,0.0,0,0
688,47686,2018,3,0,0,0.0,4,0
688,47809,2018,5,0,0,0.0,0,0
688,40866,2018,9,0,0,0.0,0,8
688,57608,2017,2,0,0,0.0,0,0
688,60626,2017,11,0,0,0.0,0,0
688,77417,2017,12,0,0,0.0,0,0
688,62106,2018,6,0,0,0.0,0,0
688,160821,2017,7,0,0,0.0,0,8
688,66145,2018,9,1,0,0.0,0,0
688,68806,2017,11,0,0,0.0,0,0
688,207205,2018,2,0,838,0.0,0,0
688,207100,2018,2,0,0,0.0,0,0
688,207462,2018,8,0,0,0.0,0,0
688,308982,2018,3,0,0,0.0,0,0
688,307027,2018,12,0,0,0.0,0,0
688,317966,2018,11,0,0,0.0,0,0
688,362502,2018,4,0,0,0.0,0,1
689,8609,2017,4,5,10805,10805.0,0,0
689,1198,2017,5,6,10237,10237.0,0,0
689,11609,2018,8,5,4380,4380.0,0,100
689,20665,2017,7,5,4205,4205.0,0,0
689,37875,2018,1,4,2801,2801.0,0,0
689,25365,2018,12,4,4638,4638.0,500,0
689,67303,2017,11,3,4690,4690.0,0,0
689,65806,2018,3,3,4381,4381.0,0,8
689,101229,2018,6,2,4326,4326.0,504,126
689,100295,2018,8,2,2286,2286.0,0,0
689,107696,2018,1,2,3748,3748.0,560,1
689,101027,2018,9,2,4216,4216.0,0,0
689,107885,2018,2,2,3666,3666.0,3,96
689,100616,2018,8,2,4967,4990.0,596,91
689,100276,2018,12,1,674,674.0,600,0
689,101684,2017,3,2,626,626.0,0,0
689,104159,2017,6,1,2345,2945.0,0,0
689,101612,2018,4,0,0,0.0,0,1
689,204609,2017,5,0,0,0.0,7,1
689,200620,2018,8,0,0,0.0,500,0
689,203398,2017,2,0,0,0.0,3,0
689,200899,2018,2,0,0,0.0,0,0
689,202104,2018,4,0,0,0.0,0,8
689,265164,2018,11,0,0,0.0,0,0
689,202102,2018,6,0,0,0.0,500,0
689,209945,2018,3,0,0,0.0,0,0
689,203019,2017,2,0,0,0.0,9,100
689,200896,2017,6,0,0,0.0,0,8
689,202154,2018,6,0,0,0.0,0,1
689,200673,2018,7,0,0,0.0,0,0
689,203662,2017,11,0,0,0.0,0,1
689,200606,2018,5,0,0,0.0,0,0
689,257869,2018,4,0,0,0.0,0,0
689,258962,2018,6,0,0,0.0,4,99
689,260194,2017,11,0,0,0.0,0,0
689,260403,2018,7,0,0,0.0,0,0
689,231103,2018,6,0,0,0.0,597,0
689,287862,2018,8,0,0,0.0,0,0
689,207906,2018,7,0,0,0.0,7,1
689,227485,2017,6,0,0,0.0,0,0
689,204369,2018,9,0,0,0.0,0,1
689,240606,2018,9,0,0,0.0,0,0
689,307886,2018,12,0,600,0.0,0,0
689,305001,2018,10,0,0,0.0,0,90
689,304561,2018,11,0,0,0.0,590,0
689,300607,2018,11,0,0,0.0,7,0
689,378396,2018,7,0,0,0.0,521,80
689,308802,2018,11,0,7,0.0,0,0
690,19666,2018,12,5,12705,12705.0,0,0
690,17896,2018,7,5,7705,7705.0,0,0
690,27005,2018,12,5,10645,10645.0,0,0
690,33804,2018,11,4,3688,3688.0,0,0
690,33686,2018,10,4,5241,5241.0,0,0
690,44409,2018,1,4,5346,5346.0,0,0
690,51113,2017,2,3,1486,1486.0,594,100
690,67863,2018,1,3,5376,5376.0,0,0
690,68106,2018,6,23,1678,1478.0,568,0
690,65863,2018,1,3,4436,6436.0,0,0
690,63801,2017,10,3,4077,4077.0,0,3
690,62563,2018,12,3,4846,4846.0,0,0
690,67864,2018,1,3,30406,406.0,598,93
690,77869,2018,2,3,4677,4677.0,0,0
690,181892,2017,1,3,4327,4327.0,0,0
690,197986,2017,2,2,4891,4896.0,0,0
690,166096,2018,3,1,891,891.0,0,0
690,167136,2018,1,1,706,706.0,547,78
690,167100,2018,2,1,1077,1077.0,0,0
690,167977,2018,1,1,807,706.0,0,0
690,162366,2018,7,0,0,0.0,0,0
690,348886,2018,8,0,0,0.0,0,1
690,365105,2018,4,0,0,0.0,0,0
690,362603,2018,2,0,0,0.0,0,0
691,30406,2018,12,5,7835,7835.0,0,0
691,35604,2018,9,4,4268,4468.0,0,0
691,34809,2017,1,4,4147,4147.0,0,0
691,142326,2017,12,1,636,936.0,516,98
691,155872,2018,1,1,607,607.0,0,0
691,160603,2018,2,1,918,918.0,0,0
691,331835,2017,3,1,2386,2386.0,0,0
691,387695,2017,1,0,0,0.0,568,78
691,387665,2017,2,0,0,0.0,0,0
691,307666,2017,3,0,0,0.0,0,0
691,303864,2017,4,0,0,0.0,0,0
691,302886,2017,5,0,0,0.0,0,0
691,309805,2018,6,0,0,0.0,0,0
691,307466,2018,4,0,0,0.0,0,0
691,360195,2018,5,0,0,0.0,0,0
691,337032,2018,6,0,0,0.0,0,0
691,320366,2018,9,0,0,0.0,0,0
691,331342,2018,7,11,0,0.5,800,0
691,340886,2018,8,0,0,0.0,0,8
691,352606,2018,1,0,0,0.0,0,0
691,367186,2018,9,0,0,0.0,0,0
691,360997,2018,10,0,0,0.0,500,0
691,360261,2018,11,0,0,0.0,0,0
691,362600,2018,12,0,0,0.0,0,8
692,187173,2017,1,0,0,0.0,0,0
692,197036,2017,1,0,0,0.0,0,0
692,197356,2017,2,0,816,816.0,0,0
692,200603,2017,3,0,0,0.0,0,0
692,200805,2018,4,0,0,0.0,0,0
692,218809,2017,6,0,0,0.5,796,0
692,229342,2017,7,0,0,0.0,0,0
692,242963,2017,7,0,0,0.0,0,0
692,250625,2017,8,0,0,0.0,0,0
692,256101,2017,9,0,0,0.0,6,99
692,260184,2017,11,0,0,0.0,0,0
692,260686,2017,12,0,0,0.0,0,0
692,295605,2018,2,0,0,0.0,0,0
692,307666,2018,12,0,0,0.0,0,0
692,307666,2018,2,0,0,0.0,0,0
692,312996,2018,3,0,0,0.0,0,0
692,324656,2018,1,0,0,0.0,0,0
692,390104,2018,2,0,0,0.0,0,0
692,347163,2018,7,0,0,0.0,590,0
692,353664,2018,8,0,0,0.0,0,0
692,369896,2018,9,0,0,0.0,518,0
692,365056,2018,10,0,0,0.0,564,0
692,362463,2018,1,0,0,0.0,0,0
692,382696,2018,12,0,0,0.0,0,2
693,1193,2017,7,7,12255,12255.0,0,0
693,7866,2017,6,5,10765,10765.0,0,0
693,15106,2017,6,5,10230,10230.0,0,0
693,27623,2017,7,4,4088,14088.0,0,0
693,106,2017,9,5,10830,830.0,0,0
693,67864,2017,5,3,4647,4647.0,0,0
693,67796,2018,6,3,5347,5347.0,0,0
693,65806,2018,8,3,2077,2377.0,0,0
693,90084,2017,2,2,2657,2657.0,0,0
693,100606,2017,1,2,1606,1606.0,404,100
693,107765,2017,11,2,2300,2300.0,0,0
693,107805,2017,12,2,4806,4806.0,391,0
693,186600,2018,1,0,0,0.0,0,0
693,191993,2017,2,0,0,0.0,0,0
693,192869,2017,2,0,0,0.0,0,0
693,197092,2018,3,0,0,0.0,0,7
693,197663,2018,4,0,0,0.0,0,0
693,265460,2018,1,0,0,0.0,0,0
693,260603,2018,11,0,0,0.0,0,0
693,268281,2018,4,0,10000,0.0,0,0
693,260864,2018,11,0,0,0.0,0,0
693,350357,2018,10,0,0,0.0,561,0
693,367663,2018,11,0,0,0.0,521,71
693,361106,2018,12,0,0,0.0,0,8
694,3379,2018,7,6,10600,10600.0,0,0
694,57109,2017,1,3,4331,4331.0,535,70
694,64106,2018,4,3,1306,1306.0,598,108
694,67696,2018,7,3,14337,4337.0,520,98
694,60367,2017,12,3,4633,4633.0,518,98
694,103865,2018,5,2,2018,2018.0,599,148
694,167177,2017,12,1,666,666.0,590,88
694,387186,2018,1,0,0,0.0,8,100
694,300023,2017,11,0,0,0.0,540,8
694,331804,2017,3,0,0,0.0,0,0
694,369902,2018,2,0,0,0.0,0,0
694,367601,2017,5,0,0,0.0,0,0
694,361606,2018,6,0,0,0.0,0,5
694,367102,2018,9,0,0,0.0,500,2
694,369112,2018,3,0,0,0.0,0,0
694,365367,2018,2,0,0,0.0,0,0
694,368432,2018,5,0,0,0.0,0,0
694,360096,2018,10,0,0,0.0,0,91
694,367648,2018,1,0,0,0.0,0,0
694,363201,2018,8,0,0,0.0,0,0
694,367906,2018,2,0,0,0.0,564,101
694,363684,2018,9,0,0,0.0,528,0
694,303605,2018,2,0,0,0.0,544,0
694,367005,2018,11,0,0,0.0,0,8
695,21484,2018,12,5,9640,9640.0,0,0
695,26042,2018,6,4,4222,4222.0,504,8
695,55600,2018,5,3,7495,7495.0,0,0
695,60831,2017,10,3,3337,3337.0,0,0
695,60866,2018,1,3,4423,4423.0,0,0
695,65165,2017,8,3,1886,1886.0,0,0
695,63206,2018,1,3,4136,4136.0,424,88
695,64295,2017,12,3,4117,4117.0,0,8
695,66890,2017,8,3,4701,4701.0,0,0
695,94163,2017,2,3,4033,6033.0,400,8
695,87806,2018,8,3,1826,1826.0,6,0
695,104800,2017,11,2,4606,4606.0,520,0
695,103659,2018,1,2,2281,2281.0,0,0
695,100880,2018,3,1,617,617.0,0,0
695,135690,2018,1,0,0,0.0,0,0
695,194146,2017,2,0,0,0.0,0,0
695,204106,2017,3,0,0,0.0,0,0
695,206163,2017,4,0,0,0.0,320,0
695,250006,2018,11,0,0,0.0,0,2
695,267851,2017,9,0,0,0.0,500,0
695,260033,2018,9,0,0,0.0,520,0
695,267607,2018,2,0,0,0.0,0,0
695,269599,2018,12,0,0,0.0,7,8
695,280296,2017,11,0,0,0.0,0,0
696,1272,2018,7,7,10641,10641.0,0,0
696,262,2018,6,6,10410,10410.0,500,91
696,5105,2018,8,5,10805,10805.0,0,0
696,17135,2018,11,5,7305,7305.0,0,0
696,17704,2017,9,5,2738,2738.0,0,0
696,28936,2018,2,5,4826,4826.0,0,8
696,67307,2017,11,3,4200,4200.0,0,0
696,64380,2017,3,3,4667,4667.0,0,100
696,64109,2018,1,3,2600,2600.0,0,0
696,87836,2018,12,3,2407,2407.0,0,0
696,117804,2018,12,2,4808,4808.0,542,1
696,122667,2018,10,2,4801,4801.0,621,0
696,160326,2018,11,1,2816,2816.0,0,25
696,301693,2017,8,0,42000,0.0,0,0
696,310809,2018,10,0,0,0.0,4,100
696,360864,2017,11,0,0,0.0,500,0
696,365869,2018,4,0,0,0.0,0,0
696,369868,2018,6,0,0,0.0,520,0
696,398897,2018,2,0,0,0.0,0,0
696,360809,2018,8,0,0,0.0,0,8
696,366866,2018,9,0,0,0.0,0,0
696,367126,2018,10,0,0,0.0,0,98
696,368106,2018,12,0,0,0.0,0,0
696,369106,2018,10,0,0,0.0,0,8
697,2063,2017,8,6,12836,12836.0,0,0
697,27616,2018,7,4,7828,7828.0,0,0
697,17697,2018,3,5,7935,7935.0,580,3
697,66803,2018,8,3,4301,4301.5,398,108
697,62302,2018,1,3,5138,5138.0,0,8
697,165806,2018,1,1,1807,1807.0,0,0
697,162606,2018,5,1,2687,2687.0,364,0
697,167206,2018,2,1,890,190.0,500,0
697,187106,2017,1,20,0,0.0,0,1
697,187607,2017,11,0,0,0.0,0,0
697,189103,2017,2,0,0,0.0,0,0
697,207876,2017,3,0,668,68.0,0,0
697,206863,2017,3,0,5,5.0,529,0
697,203303,2017,4,0,0,0.0,0,0
697,202287,2017,5,0,0,0.0,0,0
697,237696,2017,9,0,0,0.0,0,8
697,252367,2017,1,0,0,0.0,0,0
697,265806,2017,10,0,0,0.0,0,0
697,260065,2017,12,0,0,0.0,0,8
697,267665,2018,8,0,0,0.0,514,0
697,267807,2017,12,0,0,0.0,0,0
697,276602,2017,11,0,0,0.0,0,1
697,261804,2017,10,0,0,0.0,0,0
697,287405,2018,12,0,0,0.0,0,0
698,180993,2017,8,1,1882,1882.0,566,98
698,164190,2017,1,1,931,931.0,500,0
698,166102,2018,2,1,830,830.0,504,0
698,135897,2018,6,0,0,0.0,0,0
698,190093,2017,2,0,0,0.0,0,0
698,205205,2017,3,0,0,0.0,0,0
698,200299,2017,1,0,0,0.0,0,0
698,209627,2017,4,0,0,0.0,0,0
698,210589,2017,5,0,0,0.0,0,0
698,220692,2017,4,0,0,0.0,0,0
698,235803,2017,6,0,0,0.0,0,0
698,260007,2017,11,0,0,0.0,0,0
698,267084,2017,10,0,0,0.0,0,0
698,269603,2017,12,0,0,0.0,0,0
698,211186,2018,1,0,0,0.0,0,0
698,222808,2017,10,0,0,0.0,0,0
698,237383,2018,7,0,0,0.0,0,0
698,262097,2017,11,0,0,0.0,0,8
698,263861,2018,1,0,0,0.0,0,0
698,270605,2018,2,0,0,0.0,0,0
698,280144,2018,1,0,0,0.0,0,0
698,280663,2018,1,0,0,0.0,0,0
698,290968,2018,11,0,0,0.0,0,0
698,300561,2018,12,0,0,0.0,328,100
698,307887,2018,2,0,0,0.0,0,0
698,363286,2018,1,0,0,0.0,0,0
698,306883,2018,3,0,7,0.0,0,0
698,309607,2018,4,0,0,0.0,0,0
698,307126,2018,3,0,0,10000.0,0,1
698,303833,2018,2,0,0,0.0,0,0
698,312838,2018,8,0,0,0.0,0,0
698,317100,2018,2,0,0,0.0,0,0
698,320445,2018,6,0,0,0.0,0,0
698,337103,2018,2,0,0,0.0,527,0
698,310103,2018,3,0,0,0.0,0,0
698,350447,2018,2,0,0,0.0,0,0
698,353603,2018,7,0,0,0.0,0,3
698,317186,2018,7,0,0,0.0,0,0
698,369271,2018,8,10,0,72000.0,0,0
698,357606,2018,8,0,0,0.0,0,0
698,350407,2018,3,0,0,0.0,0,0
698,365324,2018,2,0,0,0.0,0,0
698,337107,2018,4,0,0,0.0,0,0
698,354466,2018,7,0,0,0.0,0,0
698,360863,2018,7,0,0,0.0,0,0
698,300885,2018,12,0,0,60.0,0,0
698,327702,2018,12,0,0,0.0,0,0
698,377698,2018,8,0,10000,0.0,0,0
699,5100,2018,6,6,11300,11300.0,0,0
699,4155,2018,12,5,2800,2800.0,0,0
699,6290,2018,7,6,7300,7300.0,0,0
699,606,2018,8,6,7348,7348.0,0,8
699,23892,2018,1,6,18,18.0,537,68
699,91107,2017,2,3,2622,2622.0,0,0
699,90200,2018,3,2,4306,4306.0,534,108
699,100106,2017,1,2,4378,4378.0,600,9
699,100179,2017,2,2,4640,4600.0,500,0
699,102639,2018,8,2,4830,4830.0,0,0
699,107890,2018,3,2,4840,4840.0,581,102
699,100366,2018,8,2,4846,4846.0,392,8
699,100806,2017,10,2,2306,2306.0,0,1
699,109385,2018,2,2,2008,2648.0,0,100
699,100806,2018,8,0,0,0.0,0,0
699,186565,2017,1,0,0,0.0,500,0
699,198807,2018,2,0,0,0.0,0,8
699,191631,2017,12,0,0,0.0,0,4
699,303807,2018,3,0,0,0.0,0,1
699,300852,2018,4,0,0,0.0,500,0
699,315106,2018,5,0,0,0.0,534,8
699,320846,2018,11,0,0,0.0,500,0
699,322903,2018,11,0,0,0.0,597,71
699,347196,2018,12,0,0,0.0,500,0
699,365884,2018,1,0,0,0.0,0,78
699,355817,2018,9,0,0,0.0,0,0
699,350706,2018,5,0,0,0.0,0,0
699,327609,2018,4,0,0,0.0,0,8
699,362106,2018,6,0,0,0.0,600,3
699,302063,2018,3,0,0,0.0,0,0
699,90803,2018,7,0,0,0.0,0,0
699,320804,2018,5,0,0,0.0,0,0
699,351487,2018,8,0,0,0.0,0,0
699,310867,2018,1,0,836,0.0,507,71
699,347408,2018,6,0,0,0.0,0,0
699,350704,2018,7,0,0,0.0,0,0
699,358196,2018,7,0,0,0.0,0,0
699,337806,2018,7,0,838,0.0,0,0
699,355671,2018,8,13,0,0.0,0,0
699,366196,2018,1,0,0,0.0,0,0
699,347160,2018,9,0,0,0.0,0,0
699,333106,2018,2,0,0,0.0,0,0
699,301096,2018,9,0,0,0.0,0,0
699,350800,2018,11,0,0,0.0,0,0
699,300366,2018,6,0,0,0.0,0,0
699,360094,2018,6,0,0,0.0,561,100
699,359886,2018,12,0,0,0.0,0,0
699,362806,2018,11,0,0,0.0,0,78
700,2839,2017,6,6,12186,12186.0,583,93
700,5661,2018,8,6,11608,11608.0,0,0
700,1802,2018,5,6,4808,4808.0,500,78
700,7299,2017,7,5,10720,10720.0,0,0
700,2105,2018,9,6,4600,4600.0,0,0
700,5863,2018,8,5,10838,838.0,0,0
700,2876,2018,7,3,5611,5611.0,0,28
700,7189,2017,8,6,787,787.0,0,0
700,2296,2017,11,2,4000,4000.0,0,0
700,117603,2018,2,2,4738,4738.0,0,0
700,110695,2018,3,2,711,711.0,8,0
700,126056,2018,6,2,2882,2882.0,0,8
700,172665,2018,9,1,682,982.0,0,0
700,186136,2017,11,0,0,0.0,0,0
700,190633,2018,2,0,0,0.0,0,0
700,197839,2017,1,0,877,0.0,544,0
700,200396,2018,2,0,0,0.0,0,0
700,200376,2018,4,0,0,0.0,0,0
700,207805,2018,8,0,0,0.0,8,0
700,200961,2018,2,0,0,0.0,0,0
700,207600,2018,9,0,0,0.0,0,0
700,200576,2018,10,0,0,0.0,0,0
700,207109,2018,11,0,0,0.0,0,0
700,200986,2018,2,0,0,0.0,4,0
701,1222,2017,7,6,14600,28600.0,597,58
701,7862,2018,7,5,7830,7830.0,0,0
701,10802,2018,8,5,9100,9100.0,0,0
701,12906,2018,11,5,10100,10100.0,0,0
701,40166,2018,2,5,5626,5626.0,0,0
701,50206,2018,2,3,4606,4606.0,0,0
701,60987,2018,6,3,7177,7177.0,0,0
701,66806,2018,5,3,2347,2347.0,331,100
701,65097,2017,11,3,1337,1337.0,567,98
701,160605,2018,1,1,638,638.0,534,71
701,160891,2018,12,1,686,686.0,500,0
701,165887,2018,5,1,2306,2306.0,0,0
701,164895,2018,11,1,703,703.0,0,0
701,167678,2018,2,1,2221,2221.0,0,0
701,160973,2018,11,1,1378,1378.0,518,0
701,187664,2017,1,0,0,0.0,0,0
701,183860,2017,6,0,0,0.0,0,0
701,195182,2017,1,0,0,0.0,0,0
701,212867,2017,4,0,0,0.0,0,0
701,317307,2018,3,0,0,0.0,0,8
701,327263,2018,9,0,0,0.0,0,1
701,324836,2018,10,0,0,0.0,590,0
701,345888,2018,11,0,0,0.0,524,0
701,360106,2018,12,0,0,0.0,0,0
702,12129,2017,11,5,4485,4485.0,0,0
702,60632,2017,8,3,6321,6321.0,0,0
702,63832,2017,2,3,3646,3646.0,0,0
702,63861,2017,1,3,4268,4268.0,548,108
702,61636,2017,12,3,7317,7317.0,0,0
702,69109,2018,8,3,4638,4638.0,0,0
702,65846,2018,6,3,4806,4806.0,0,0
702,102661,2017,12,3,1271,1271.0,0,3
702,302882,2018,9,2,3636,3636.0,840,0
702,304989,2017,1,2,10736,736.0,0,0
702,320633,2018,5,2,4621,4621.0,529,0
702,352856,2018,8,1,1821,1821.0,526,98
702,300886,2017,3,0,0,0.0,0,0
702,307503,2017,5,0,0,0.0,0,0
702,365267,2018,1,0,0,0.0,0,0
702,362539,2018,4,0,0,0.0,0,0
702,364105,2018,6,0,0,0.0,0,0
702,363178,2018,1,0,0,0.0,0,0
702,360103,2018,2,0,0,0.0,0,0
702,367867,2018,6,0,0,0.5,527,96
702,361116,2018,7,0,0,0.0,0,0
702,367856,2018,10,0,0,0.0,598,0
702,367803,2018,11,0,0,0.0,524,0
702,367096,2018,12,0,0,0.0,0,5
703,184804,2017,1,0,0,0.0,0,0
703,192183,2017,2,0,0,0.0,0,0
703,207106,2017,3,0,0,0.0,0,0
703,202866,2017,1,0,0,0.0,0,0
703,219546,2017,4,0,0,0.0,0,0
703,220376,2017,6,0,0,0.0,0,0
703,230452,2017,7,0,0,0.0,0,0
703,240303,2017,8,0,0,0.0,0,0
703,260176,2017,9,0,0,0.0,0,0
703,260625,2017,10,0,0,0.0,0,0
703,277806,2017,11,0,0,0.0,0,0
703,260589,2017,12,0,0,0.0,0,0
703,294601,2018,2,0,0,0.0,0,0
703,327663,2018,2,0,0,0.0,0,0
703,307226,2018,3,0,0,0.0,0,0
703,310893,2018,4,0,0,0.0,0,0
703,325805,2018,5,0,0,0.0,0,0
703,322896,2018,6,0,0,0.0,0,0
703,334867,2018,7,0,0,0.0,0,0
703,347866,2018,7,0,800,0.0,0,0
703,360667,2018,8,0,0,0.0,0,0
703,360466,2018,10,0,0,0.0,4,0
703,365807,2018,11,0,0,0.0,0,0
703,360676,2018,12,0,0,0.0,368,0
704,4603,2018,8,6,4847,4847.0,524,91
704,106,2018,6,6,3476,3476.0,504,8
704,386,2018,7,5,4000,4000.0,561,100
704,535,2017,2,5,4275,4275.0,0,1
704,15693,2018,2,5,4400,4400.0,0,0
704,19806,2018,1,5,7255,1255.0,0,1
704,57562,2017,12,3,5683,5683.0,0,0
704,95965,2017,3,1,677,677.0,0,0
704,101185,2017,6,2,1888,1888.0,0,0
704,109609,2018,3,2,747,747.0,534,8
704,100566,2018,7,2,738,738.0,574,0
704,117763,2017,1,2,891,891.0,500,9
704,142106,2017,1,1,1106,1306.0,0,4
704,197184,2017,2,0,0,0.0,0,0
704,192992,2017,1,0,0,0.0,0,0
704,190667,2017,4,0,0,0.0,524,0
704,200803,2017,5,0,0,0.0,0,0
704,208903,2017,8,0,0,0.0,0,0
704,207175,2018,4,0,0,0.0,0,0
704,313869,2018,5,0,0,0.5,0,0
704,316602,2018,3,0,0,0.0,0,0
704,300896,2018,9,0,0,0.0,0,0
704,327863,2018,12,0,0,0.0,0,0
704,300161,2018,10,0,0,0.0,0,8
705,11608,2017,8,5,11105,11105.0,700,0
705,24360,2018,12,15,4635,4635.0,898,61
705,27861,2018,6,4,7606,7606.0,0,0
705,87420,2018,11,3,4303,4303.0,521,101
705,92842,2017,3,2,6882,6882.0,0,0
705,107461,2017,1,2,2806,2806.0,0,0
705,105806,2018,5,2,3836,3836.0,597,8
705,100304,2017,10,1,731,731.0,591,100
705,109886,2017,1,0,0,0.0,0,99
705,105864,2018,2,0,0,0.0,0,0
705,186864,2017,3,0,0,0.0,0,0
705,185099,2017,11,0,0,0.0,0,0
705,205156,2017,11,0,0,0.0,0,0
705,200805,2017,4,0,0,0.0,0,0
705,215866,2017,5,0,0,0.0,0,0
705,222616,2017,6,0,0,0.0,0,0
705,227986,2018,7,0,0,0.0,0,0
705,221679,2018,6,0,0,0.0,0,0
705,267995,2018,8,0,0,0.0,0,0
705,321106,2018,11,0,0,0.0,9,0
705,350882,2018,9,0,0,0.0,0,0
705,361197,2018,9,0,0,0.0,594,1
705,360696,2018,10,0,0,0.0,0,0
705,367166,2018,11,0,0,0.0,0,8
706,1166,2017,7,6,10908,10908.0,0,0
706,7169,2018,7,6,12877,12877.0,0,0
706,15312,2018,8,5,11885,11885.0,0,0
706,62280,2017,12,3,5127,5127.0,500,0
706,67106,2018,8,3,4836,4836.0,0,6
706,107821,2017,3,2,1206,1206.0,0,0
706,103891,2017,1,2,4406,4406.0,564,0
706,101896,2017,12,2,4378,4378.0,0,8
706,102833,2018,2,2,4102,4102.0,500,8
706,106656,2017,11,2,4316,4316.0,0,0
706,140821,2017,12,1,636,636.0,394,0
706,155863,2018,1,1,780,780.0,0,0
706,185896,2017,1,0,0,0.0,0,0
706,197676,2017,1,0,0,0.0,0,0
706,197694,2017,2,0,0,0.0,0,0
706,207595,2017,3,0,0,0.0,0,9
706,201666,2017,4,0,0,0.0,0,0
706,210889,2018,5,0,0,0.0,0,0
706,257103,2018,1,0,0,0.0,0,0
706,313806,2018,11,0,0,0.0,0,0
706,324876,2018,5,0,0,0.0,0,1
706,324663,2018,6,0,0,0.0,511,0
706,370695,2018,11,0,0,0.0,0,0
706,391166,2018,9,0,0,0.0,0,7
707,10766,2017,7,5,11300,11300.0,595,105
707,25605,2017,6,4,5640,5640.0,0,0
707,67642,2017,12,3,4743,4743.0,0,0
707,60896,2018,1,3,4686,4686.0,0,0
707,68666,2017,10,3,4787,4787.0,0,0
707,69809,2018,1,3,4748,4748.0,768,100
707,160481,2017,12,3,6306,6306.0,0,0
707,167463,2018,11,1,10926,926.0,0,0
707,167603,2017,12,1,1787,1787.0,0,0
707,184985,2017,11,1,907,907.0,561,0
707,187402,2017,2,0,0,0.0,3,0
707,190366,2017,1,0,0,0.0,0,0
707,203862,2017,2,0,0,0.0,0,100
707,210409,2017,3,0,0,0.0,0,0
707,225996,2017,4,0,0,0.0,0,0
707,237866,2017,7,0,0,0.0,0,0
707,234879,2018,8,0,0,0.0,0,0
707,237607,2017,7,0,0,0.0,0,0
707,200394,2018,4,0,0,0.0,0,0
707,301727,2018,1,0,0,0.0,0,0
707,351806,2018,8,0,0,0.0,0,1
707,362935,2018,11,0,0,0.0,0,0
707,365106,2018,12,0,0,0.0,0,0
707,362002,2018,11,0,0,0.0,0,8
708,4133,2018,6,6,14362,54362.0,0,0
708,9886,2017,8,5,6005,6005.0,0,0
708,9104,2017,8,5,4785,4785.0,564,121
708,55154,2018,1,3,3807,3807.0,557,88
708,62860,2018,3,3,4626,4626.0,0,1
708,94102,2017,1,3,4671,4671.0,0,0
708,90615,2017,2,2,3386,3386.0,0,0
708,90467,2017,2,2,4248,4248.0,0,8
708,159802,2018,5,2,4141,4141.0,0,0
708,100602,2017,10,2,3806,3806.0,0,0
708,107201,2018,5,2,4408,4408.0,521,0
708,102856,2018,11,2,2111,2111.0,529,8
708,101865,2017,12,2,3730,3730.0,731,91
708,100403,2017,11,1,2807,2807.0,0,0
708,107178,2017,12,2,707,907.0,0,0
708,107097,2017,12,0,0,0.0,0,0
708,1107,2018,3,0,0,0.0,500,0
708,195036,2018,1,0,0,0.0,0,0
708,197660,2017,12,0,0,0.0,0,1
708,193107,2018,10,0,0,0.0,510,0
708,296878,2018,1,0,0,0.0,0,8
708,290497,2018,12,0,0,0.0,500,8
708,302465,2018,1,0,0,0.0,0,0
708,309663,2018,12,0,0,0.0,0,8
709,15805,2018,7,5,12430,12430.0,0,0
709,27409,2018,12,5,5605,5605.0,0,0
709,27612,2018,1,5,4205,4205.0,0,0
709,136409,2018,4,1,2236,2236.0,525,58
709,163851,2018,10,1,706,706.0,0,0
709,163390,2018,1,1,2406,2406.0,798,9
709,168866,2018,8,1,801,801.0,0,0
709,165606,2018,2,1,801,801.0,524,0
709,166653,2018,10,1,681,681.0,0,0
709,175963,2018,8,1,2017,2017.0,526,0
709,188863,2017,1,0,0,0.0,0,0
709,197062,2017,1,0,0,0.0,0,0
709,196868,2017,2,0,0,0.0,0,0
709,192705,2017,3,0,0,0.0,0,0
709,201696,2017,4,0,0,0.0,0,0
709,217103,2017,5,0,0,0.0,0,0
709,227607,2017,6,0,0,0.0,0,0
709,231619,2017,7,0,0,0.0,0,8
709,254826,2017,9,0,0,0.0,0,0
709,261413,2018,9,0,0,0.0,0,1
709,260163,2017,11,0,0,0.0,0,0
709,267606,2017,10,0,0,0.0,500,0
709,262187,2018,11,0,0,0.0,0,0
709,367696,2018,12,0,0,0.0,528,0
710,1336,2018,8,6,10870,10870.0,549,98
710,35094,2018,9,4,7384,7384.0,0,0
710,35863,2018,11,4,7616,7616.0,364,8
710,37896,2018,6,4,4108,4108.0,0,8
710,55169,2018,12,3,14436,4436.0,729,141
710,67609,2018,5,3,3827,3825.0,8,8
710,191666,2018,2,1,867,767.0,0,0
710,160826,2018,6,1,701,701.0,534,1
710,171123,2018,11,1,902,902.0,590,0
710,175604,2018,1,1,601,601.0,3,0
710,187107,2017,1,0,0,0.0,530,0
710,197066,2017,2,0,0,0.0,0,0
710,197805,2017,2,0,0,0.0,0,0
710,190607,2017,3,0,0,0.0,0,0
710,197699,2017,3,0,0,0.0,0,0
710,207856,2017,4,0,0,0.0,0,0
710,207265,2017,3,0,0,0.0,0,0
710,207601,2018,2,0,0,0.0,4,0
710,240306,2018,7,0,0,0.0,0,0
710,247606,2018,8,0,0,0.0,0,0
710,250562,2017,9,0,0,0.0,0,0
710,255167,2018,12,0,0,0.0,0,0
710,260896,2017,11,0,0,0.0,0,8
710,360107,2018,12,0,0,0.0,0,1
711,1197,2018,8,7,13151,13151.0,0,0
711,2663,2017,6,6,14471,12471.0,0,0
711,10804,2018,12,5,10610,20610.0,0,0
711,27100,2018,2,5,5687,5687.0,397,96
711,91867,2018,1,3,7623,7623.0,0,0
711,106106,2017,3,2,4436,4436.0,337,0
711,100622,2017,12,2,3626,3626.0,500,1
711,107667,2017,12,2,4466,4466.0,561,96
711,100293,2017,11,2,3136,3136.0,0,0
711,115557,2018,1,2,4281,4281.0,524,0
711,127582,2018,9,2,3006,3006.0,631,78
711,182061,2018,11,0,5,5.0,0,0
711,197865,2017,2,0,0,0.0,0,0
711,203603,2017,4,0,0,0.0,4,0
711,197966,2017,2,0,0,0.0,0,0
711,206106,2017,3,0,0,0.0,0,0
711,202159,2018,4,0,0,0.0,0,0
711,200676,2017,5,0,0,0.0,0,0
711,250706,2018,2,0,0,0.0,0,0
711,250506,2017,9,0,0,0.0,0,0
711,268980,2017,10,0,0,0.0,0,0
711,207605,2018,2,0,0,0.0,0,0
711,200725,2018,3,0,0,0.0,0,0
711,200807,2017,12,0,0,0.0,0,1
712,184510,2017,1,0,0,0.0,464,88
712,194108,2017,2,0,0,0.0,0,0
712,193705,2017,1,0,0,0.0,0,0
712,203619,2017,4,0,0,0.0,0,0
712,212608,2017,5,0,0,0.0,0,0
712,223788,2017,6,0,0,0.0,526,0
712,262033,2017,12,0,0,0.0,0,0
712,263008,2017,3,0,0,0.0,0,0
712,260331,2017,7,0,0,0.0,0,0
712,265127,2017,10,0,0,0.0,0,1
712,260000,2017,11,0,0,0.0,0,0
712,272609,2017,11,0,0,0.0,0,0
712,290603,2018,4,0,0,0.0,0,0
712,300188,2018,2,0,0,0.0,0,0
712,307695,2018,1,0,0,0.0,0,0
712,320939,2018,3,0,0,0.0,0,0
712,320666,2018,5,0,0,0.0,0,0
712,335605,2018,6,0,0,0.0,0,0
712,353976,2018,3,0,0,0.0,0,0
712,367905,2018,8,0,0,0.0,0,0
712,367903,2018,9,0,0,0.0,0,0
712,367198,2018,11,0,0,0.0,514,100
712,366107,2018,11,0,0,0.0,0,0
712,385662,2018,12,0,0,0.0,0,0
713,2181,2017,6,6,4438,4438.0,0,9
713,9906,2017,8,5,4385,4385.0,0,0
713,7606,2017,7,5,4743,4743.0,0,0
713,18602,2018,9,5,4245,4245.0,0,0
713,16806,2018,2,5,5625,5625.0,0,0
713,27893,2018,12,5,4827,4827.0,0,0
713,37768,2018,2,4,4100,4100.0,0,0
713,67966,2017,9,3,7337,7337.0,0,9
713,60135,2017,7,3,1887,1887.0,0,0
713,92182,2018,3,2,4706,4706.0,0,7
713,93933,2017,2,2,4338,4338.0,591,6
713,116806,2018,8,2,4824,4424.0,0,0
713,190967,2017,1,1,1370,1370.0,534,78
713,130605,2017,1,1,727,727.0,0,0
713,163196,2018,10,1,643,643.0,0,0
713,160867,2018,11,1,937,937.0,500,0
713,160067,2018,2,1,818,818.0,0,8
713,169863,2018,4,1,1884,1821.0,0,9
713,167377,2018,1,1,2317,2377.0,0,0
713,308666,2018,3,0,0,5.0,500,0
713,301416,2018,4,0,0,0.0,0,0
713,301872,2018,3,0,0,0.0,0,0
713,324105,2018,1,0,0,0.0,0,0
713,320196,2018,1,0,0,0.0,811,1
714,2222,2017,7,6,10836,10836.0,0,0
714,6669,2018,5,6,7666,7666.5,524,99
714,1306,2017,8,5,10605,10605.0,0,0
714,16103,2018,5,15,10605,10605.0,360,0
714,27176,2018,3,5,5666,5666.0,0,0
714,57657,2017,6,3,7301,7301.0,0,0
714,55046,2017,1,3,7347,7347.0,500,0
714,65607,2018,4,3,2836,2836.0,600,0
714,66893,2018,9,3,4336,4336.0,0,3
714,67663,2018,11,3,4489,4489.0,0,1
714,63002,2017,12,3,4307,4307.0,500,0
714,69952,2017,11,3,4488,4488.0,0,0
714,67764,2018,12,3,1607,1606.0,528,91
714,68103,2018,11,3,10805,10805.0,0,0
714,198667,2017,2,1,2586,2386.0,667,1
714,167892,2017,10,1,901,901.0,0,0
714,169176,2018,11,1,2327,2327.0,545,100
714,168296,2018,1,1,4603,4603.0,0,0
714,163882,2018,10,1,848,700.0,500,0
714,164896,2017,11,1,4306,2.0,7,0
714,165606,2018,1,1,802,906.0,0,0
714,165103,2018,2,1,868,635.0,723,5
714,167613,2018,1,1,800,900.0,0,0
714,367902,2018,12,1,661,905.0,0,8
715,2101,2017,6,6,10220,10220.0,0,0
715,692,2017,7,5,10305,10305.0,0,98
715,10264,2018,8,5,4015,14015.0,0,0
715,17661,2017,8,5,4800,4800.0,590,0
715,17606,2018,5,5,10325,10325.0,0,1
715,10896,2018,9,5,5881,5881.0,528,0
715,12806,2018,9,5,600,600.0,0,0
715,67137,2018,1,3,4617,4617.0,7,0
715,196106,2018,10,2,2348,2348.0,594,0
715,100703,2018,11,2,4301,4301.0,0,0
715,109804,2017,12,5,2606,2606.0,0,0
715,115896,2018,11,2,4801,4801.0,0,1
715,100862,2017,4,2,4606,4606.0,0,8
715,102366,2018,8,2,4828,4328.0,6,71
715,107100,2017,3,1,607,607.0,544,0
715,104655,2018,6,0,0,0.0,524,0
715,163672,2018,1,0,0,0.0,0,0
715,160804,2018,2,0,0,0.0,0,0
715,162153,2018,8,0,0,0.0,0,0
715,265802,2017,11,0,0,0.0,0,0
715,260644,2018,9,0,0,0.0,398,100
715,250886,2017,11,0,0,0.0,527,0
715,266003,2018,12,0,0,0.0,0,0
715,262631,2018,11,0,0,0.0,0,0
716,5847,2018,7,6,12116,12116.0,0,0
716,6863,2018,6,6,7862,7861.0,0,0
716,17567,2018,14,5,4800,4800.0,0,0
716,25859,2017,9,5,7111,7111.0,0,0
716,28265,2017,9,4,4720,4720.0,0,0
716,43868,2018,2,4,4143,4143.0,594,98
716,47106,2018,1,0,0,0.0,0,0
716,40703,2018,1,0,0,0.0,0,0
716,60294,2017,5,0,0,0.0,0,0
716,67861,2018,8,0,0,0.0,0,0
716,82633,2018,11,0,0,0.0,0,0
716,180806,2017,3,0,0,0.0,0,0
716,127686,2017,12,0,0,0.0,0,0
716,183807,2017,11,0,0,0.0,0,58
716,185147,2017,12,0,0,0.0,0,0
716,192886,2017,1,0,0,0.0,0,0
716,197102,2018,1,0,0,0.0,0,1
716,190762,2018,12,0,0,0.0,0,0
716,95606,2018,2,0,0,0.0,574,121
716,90207,2018,10,0,0,0.0,0,0
716,198989,2018,12,0,0,0.0,560,0
716,60406,2018,1,0,0,0.0,0,0
716,190476,2018,11,0,0,0.0,7,0
716,190621,2018,12,0,0,0.0,0,9
717,18860,2018,8,5,3405,3405.0,0,0
717,6687,2018,6,6,23806,13816.0,0,0
717,8861,2018,7,5,5875,5875.0,0,0
717,108948,2018,12,2,14117,4117.0,0,0
717,102892,2018,3,2,1114,1114.0,0,0
717,121869,2018,1,2,4308,4308.0,0,0
717,162604,2018,2,1,2136,2136.0,500,0
717,161884,2017,12,0,0,0.0,524,0
717,160006,2018,10,1,0,0.0,0,1
717,169102,2018,1,0,0,0.0,524,0
717,162594,2017,12,0,0,0.0,0,0
717,197187,2018,3,0,0,0.0,0,1
717,202882,2017,4,0,0,0.0,7,0
717,205033,2017,3,0,0,0.0,0,8
717,204867,2017,4,0,0,0.0,0,0
717,221876,2017,5,0,0,0.0,0,0
717,238603,2017,6,0,0,0.0,0,0
717,256125,2017,8,0,0,0.0,0,0
717,266164,2017,12,0,0,0.0,0,0
717,267000,2018,9,0,0,10000.0,0,0
717,260303,2017,11,0,0,0.0,0,0
717,267807,2018,10,0,0,0.0,0,0
717,150393,2018,12,0,0,0.0,514,0
717,230867,2018,11,0,0,0.0,4,108
718,2866,2017,8,6,12808,12808.0,0,0
718,8842,2018,11,5,4800,4800.0,0,0
718,16989,2018,7,5,1361,1361.0,0,0
718,69901,2017,12,3,4807,4807.0,563,78
718,100607,2018,7,2,4228,4228.0,0,0
718,107906,2017,11,2,2346,2346.0,0,0
718,112806,2018,1,2,4668,4668.0,500,8
718,122896,2018,9,2,3692,3692.0,0,0
718,131008,2017,11,2,4703,4703.0,561,8
718,145136,2018,9,1,801,801.0,0,0
718,145666,2017,8,1,2601,12601.0,0,8
718,154973,2018,11,1,2427,40427.0,599,8
718,162826,2018,10,1,2116,2116.0,568,148
718,190007,2017,1,0,0,0.0,0,0
718,207043,2017,2,0,0,0.0,0,0
718,211069,2017,3,0,0,0.0,0,8
718,250068,2017,2,0,0,0.0,0,0
718,205836,2017,3,0,0,0.0,0,0
718,210187,2018,4,0,0,0.0,0,0
718,325692,2018,4,0,0,0.0,0,8
718,312776,2018,5,0,0,0.0,0,0
718,340060,2018,8,0,0,0.0,0,0
718,352316,2018,6,0,0,0.0,826,0
718,340605,2018,9,0,0,0.0,4,0
719,57826,2018,7,3,4311,4311.0,0,0
719,60101,2018,1,3,17201,20201.0,7,0
719,68108,2018,5,20,0,0.0,525,8
719,167506,2018,11,1,0,0.0,0,0
719,160604,2018,12,1,1113,113.0,4,8
719,168809,2018,2,0,0,0.0,0,0
719,162684,2017,3,0,0,0.0,0,0
719,187163,2017,6,0,0,0.0,521,8
719,187945,2017,1,0,0,0.0,0,0
719,162602,2018,12,0,0,0.0,0,0
719,160003,2017,11,0,0,0.0,0,0
719,185016,2017,2,0,0,0.0,0,0
719,187899,2017,1,0,0,0.0,0,0
719,187697,2018,2,0,0,0.0,0,0
719,192837,2018,2,0,0,0.0,0,0
719,197867,2018,3,0,0,0.0,0,0
719,190606,2018,4,0,0,0.0,0,0
719,200653,2018,3,0,0,0.0,0,0
719,205678,2018,4,0,0,0.0,0,0
719,200805,2018,7,0,0,0.0,0,0
719,248699,2018,8,0,0,0.0,500,0
719,347808,2018,8,0,0,0.0,0,0
719,301196,2018,10,0,0,0.0,0,0
719,335171,2018,6,0,0,0.0,0,0
720,2676,2017,7,6,4088,4088.0,0,0
720,7601,2018,7,6,7361,7361.0,569,104
720,5864,2017,8,16,7325,7325.0,0,0
720,9896,2017,3,5,5200,5200.0,0,0
720,503,2018,1,6,14320,4320.0,0,0
720,25732,2017,8,4,4112,4112.0,528,0
720,56815,2017,7,3,5607,5607.0,0,8
720,307800,2017,9,0,600,0.0,0,0
720,317808,2017,5,0,0,0.0,0,3
720,335406,2017,6,0,0,0.0,0,0
720,347663,2017,9,0,0,0.0,0,0
720,352107,2017,2,0,0,0.0,0,0
720,302168,2018,1,0,866,66.0,0,0
720,360905,2018,2,0,0,0.0,0,0
720,367606,2018,3,0,0,0.0,0,0
720,317681,2018,4,0,0,0.0,0,0
720,367886,2018,11,0,0,0.0,0,0
720,366805,2018,1,0,0,0.0,514,0
720,360604,2018,8,20,0,0.0,0,0
720,360904,2018,9,0,0,0.0,0,0
720,367607,2018,4,0,0,0.0,0,6
720,365891,2018,11,0,0,0.0,500,0
720,365521,2018,12,0,0,0.0,500,98
720,367195,2018,12,0,0,0.0,0,3
721,39852,2018,1,4,4860,4860.0,0,0
721,45836,2018,9,4,4446,4446.0,0,0
721,42002,2018,12,4,4604,4604.0,0,0
721,51667,2018,11,3,7117,7117.0,537,0
721,69836,2018,2,3,7101,7101.0,0,8
721,60764,2018,11,3,606,606.0,0,0
721,67151,2017,2,3,4281,4281.0,0,0
721,168197,2018,8,3,4327,4327.0,0,78
721,165505,2018,1,1,736,736.0,0,0
721,167666,2018,12,1,706,706.0,536,100
721,186162,2017,11,0,0,0.0,0,3
721,182846,2017,2,0,0,0.0,0,0
721,182806,2017,3,0,0,0.0,0,0
721,186806,2017,2,0,0,0.0,0,0
721,184617,2017,1,0,0,0.0,590,0
721,190933,2017,2,0,0,0.0,0,100
721,207077,2018,7,0,0,0.0,0,0
721,200037,2017,3,0,0,0.0,0,0
721,320890,2018,6,0,0,0.0,0,1
721,337869,2018,7,0,0,0.0,0,0
721,348897,2018,9,0,0,0.0,0,0
721,346806,2018,8,0,0,0.0,0,0
721,357663,2018,12,0,0,0.0,0,0
721,387006,2018,12,0,0,0.0,0,0
722,5746,2018,8,6,11366,11366.0,0,0
722,9821,2017,6,5,7805,7805.0,394,76
722,19629,2018,7,15,10005,10005.0,511,97
722,6696,2017,7,5,5855,5855.0,0,0
722,17366,2018,2,5,4305,6305.0,524,78
722,133163,2017,7,1,632,632.0,530,0
722,140917,2018,3,1,716,716.0,548,100
722,162087,2018,9,1,276,876.0,564,72
722,160832,2018,11,1,661,651.0,0,0
722,161867,2018,1,1,621,621.0,567,71
722,164870,2018,10,1,2001,2001.0,0,1
722,167362,2018,12,1,977,977.0,808,0
722,193869,2017,1,0,0,0.0,0,0
722,200793,2017,3,0,0,0.0,0,0
722,202891,2017,3,0,0,0.0,864,0
722,215129,2017,4,0,0,0.0,0,0
722,225066,2017,5,0,0,0.0,8,0
722,255895,2017,6,0,0,0.0,0,0
722,300863,2018,2,0,0,0.0,0,0
722,384862,2018,8,0,0,0.0,0,0
722,367606,2018,9,0,0,0.0,500,1
722,365106,2018,10,0,0,0.0,8,0
722,361168,2018,12,0,0,0.0,0,0
722,368566,2018,11,0,0,0.0,0,0
723,10901,2017,8,5,10800,10800.0,0,0
723,17686,2018,7,5,10805,10805.0,0,0
723,27666,2017,9,4,5821,5821.0,574,88
723,20689,2018,1,2,4866,4866.0,0,0
723,67883,2018,2,3,4926,4926.0,0,0
723,104808,2017,11,2,4667,4667.0,0,0
723,187692,2018,2,2,4604,4604.0,0,0
723,170402,2018,1,1,606,606.0,0,0
723,190184,2017,1,0,0,10000.0,0,0
723,190682,2017,2,0,0,0.0,0,0
723,197853,2017,3,0,0,0.0,0,0
723,196871,2017,1,0,0,0.0,0,0
723,209866,2017,2,0,0,0.0,0,0
723,200110,2017,4,0,0,0.0,0,0
723,202167,2018,3,0,0,0.0,0,0
723,202996,2018,4,0,0,0.0,0,0
723,254606,2018,4,0,0,0.0,0,0
723,263003,2017,19,0,0,0.0,0,0
723,260092,2017,10,0,0,0.0,0,0
723,260363,2018,6,0,0,0.0,0,0
723,267266,2018,9,0,0,0.0,0,0
723,269523,2018,10,0,0,0.0,825,0
723,267665,2018,11,0,0,0.0,0,0
723,267203,2018,12,0,0,0.0,0,8
724,2692,2017,8,6,14030,14030.0,0,0
724,821,2018,7,6,5800,5800.0,8,100
724,12809,2018,7,5,3885,3885.0,0,0
724,9237,2018,1,5,5878,5878.0,0,0
724,28664,2017,8,4,7226,7226.0,0,0
724,45764,2018,8,3,4821,4821.0,534,91
724,52065,2017,12,3,2420,2420.0,800,61
724,102706,2017,8,2,4310,4310.0,0,0
724,103195,2017,9,2,3086,3086.0,0,0
724,100266,2018,1,2,4808,4808.0,0,71
724,103669,2017,10,2,4306,4306.0,510,0
724,100664,2018,6,2,4770,4770.0,0,0
724,109308,2018,6,2,2338,2338.0,0,0
724,100492,2018,1,2,2688,2688.0,0,0
724,107834,2017,12,2,4641,25641.0,0,0
724,100106,2018,3,2,4346,4346.0,611,8
724,107683,2018,12,2,4088,4983.0,6,100
724,113271,2018,4,1,2423,2393.0,0,0
724,150869,2018,1,1,807,917.0,0,0
724,157865,2017,4,1,871,42.0,530,0
724,160685,2018,7,7,10928,626.0,527,0
724,168871,2018,9,0,0,5.0,598,0
724,185696,2018,10,0,0,0.0,0,0
724,169897,2017,12,0,0,6.0,527,3
725,181081,2017,1,0,0,0.0,0,0
725,190827,2017,2,0,0,0.0,0,0
725,197606,2017,1,0,0,0.0,0,0
725,200096,2017,3,0,0,0.0,0,0
725,207683,2017,4,0,0,0.0,0,0
725,205057,2017,4,0,0,0.0,0,0
725,200174,2017,6,0,0,0.0,0,0
725,207169,2017,7,0,0,0.0,0,0
725,200352,2017,8,0,0,0.0,0,0
725,227196,2017,1,0,0,0.0,0,2
725,224108,2017,5,0,0,0.0,0,0
725,224623,2017,6,0,0,0.0,0,0
725,233008,2017,9,0,0,0.0,0,0
725,247333,2018,7,0,0,0.0,0,0
725,257807,2017,8,0,0,0.0,500,0
725,265834,2017,11,0,0,0.0,0,0
725,267298,2018,2,0,8,0.0,0,0
725,275602,2017,12,0,0,0.0,0,0
725,260881,2018,5,0,0,0.0,0,0
725,260906,2018,1,0,0,0.0,0,0
725,290602,2018,9,0,0,0.0,0,0
725,300606,2018,10,0,0,0.0,0,0
725,300104,2018,11,0,0,0.0,0,0
725,300833,2018,12,0,0,0.0,597,100
726,5227,2018,7,6,4740,4790.0,0,0
726,8902,2017,5,5,7685,7685.0,1,101
726,198,2018,6,6,4605,4605.0,0,0
726,106807,2017,7,2,2640,2640.0,0,0
726,107893,2017,1,2,2338,2338.0,0,0
726,101806,2017,12,2,2142,2142.0,0,100
726,104691,2017,11,2,4606,4606.0,500,0
726,105426,2017,8,2,4612,4012.0,537,100
726,107182,2018,9,2,4826,4826.0,594,96
726,107664,2018,12,2,4111,4111.0,0,8
726,107866,2018,6,2,4306,4306.0,524,100
726,101661,2017,12,2,4817,4817.0,0,0
726,104169,2018,1,2,3300,3300.0,0,0
726,157553,2017,2,1,1498,1498.0,9,3
726,183538,2018,11,0,0,0.0,0,0
726,195962,2017,3,0,0,0.0,0,0
726,207605,2017,2,0,0,0.0,524,0
726,200280,2017,3,0,0,0.0,0,0
726,312686,2018,4,0,0,0.0,0,88
726,344065,2018,8,0,0,0.0,0,0
726,351188,2018,9,0,0,0.0,0,0
726,368874,2018,5,0,0,0.0,0,0
726,364586,2018,11,0,0,0.0,0,0
726,372865,2018,12,0,0,0.0,694,100
727,5172,2018,7,6,12628,12628.0,774,58
727,7608,2018,8,6,15381,15381.0,0,0
727,4106,2017,5,6,7336,7336.0,542,91
727,15316,2018,2,5,4305,4305.0,4,100
727,7626,2018,8,6,4728,4728.5,528,108
727,13007,2018,9,6,10826,826.0,0,1
727,40088,2018,4,4,12816,2816.0,500,0
727,50496,2017,6,3,4801,4801.0,0,8
727,56993,2017,1,0,0,0.0,0,0
727,50505,2017,6,0,0,0.0,0,0
727,56503,2017,5,0,0,0.0,0,0
727,62606,2018,9,0,0,0.0,4,6
727,64895,2017,11,0,0,0.0,0,0
727,67314,2017,12,0,0,0.0,0,0
727,60839,2017,12,0,0,0.0,0,0
727,87194,2018,11,0,0,0.0,0,0
727,62109,2018,2,0,0,0.0,0,0
727,234403,2018,1,0,0,0.0,0,0
727,230605,2018,2,0,0,0.0,0,0
727,68666,2018,8,0,0,0.0,0,0
727,207896,2018,9,0,0,0.0,0,0
727,255806,2018,1,0,0,0.0,0,0
727,303097,2018,11,0,0,0.0,0,1
727,318896,2018,12,0,0,0.0,0,0
728,8260,2017,5,5,7365,7365.0,0,0
728,3262,2018,8,7,2843,2843.0,0,0
728,44506,2018,9,6,14688,14688.0,0,0
728,57673,2017,1,3,4126,4126.0,500,0
728,65860,2018,12,3,4601,4601.0,334,99
728,68456,2018,7,3,5847,5846.0,536,91
728,60463,2018,5,3,3206,3206.0,0,0
728,37003,2018,7,3,10737,737.0,0,0
728,67469,2018,1,3,1116,1116.0,8,0
728,74583,2018,2,3,4196,8196.0,0,0
728,98328,2017,3,3,4200,4200.0,521,100
728,90606,2017,5,3,4817,4817.0,0,0
728,97669,2017,1,2,3807,3807.0,0,0
728,101602,2017,12,2,4806,4806.0,0,0
728,105107,2017,1,3,4881,4881.0,564,0
728,100893,2017,12,2,2605,2605.0,0,0
728,106957,2018,8,2,4306,4306.0,0,0
728,103001,2017,12,2,1836,1896.0,500,0
728,153662,2018,1,1,1100,1106.0,0,1
728,105002,2017,1,0,6,874.0,8,0
728,319164,2018,4,0,0,0.0,588,0
728,325106,2018,12,0,0,0.0,0,0
728,325069,2018,5,0,0,0.0,734,0
728,340805,2018,11,0,0,0.0,537,0
729,17682,2018,6,5,10925,10925.0,0,0
729,67601,2018,6,3,2171,2171.0,528,59
729,60125,2018,12,3,4807,4807.0,590,71
729,67604,2017,1,3,7117,7117.0,768,121
729,68669,2018,1,3,4331,14331.0,501,93
729,60484,2017,3,3,3865,3865.0,0,0
729,60665,2018,2,3,4801,4801.0,0,0
729,77107,2018,7,1,733,733.0,0,0
729,94179,2017,2,1,2446,2446.0,4,0
729,96102,2018,11,0,0,0.0,0,0
729,99806,2017,3,0,0,0.0,0,0
729,200803,2017,5,0,0,0.0,0,8
729,200809,2017,8,0,0,0.0,0,0
729,247465,2017,2,0,0,0.0,0,0
729,257906,2017,8,0,0,0.0,0,0
729,260479,2017,11,0,0,0.0,5,0
729,267912,2017,12,0,0,0.0,0,0
729,267806,2017,10,0,0,0.0,0,98
729,260663,2018,2,0,0,0.0,0,0
729,270189,2018,1,0,0,0.0,527,0
729,278105,2018,4,0,0,0.0,0,0
729,267803,2017,11,0,0,0.0,0,0
729,260003,2018,11,0,0,0.0,0,0
729,230600,2018,12,0,0,0.0,0,3
730,28826,2018,11,5,865,10865.0,0,1
730,11803,2017,8,5,7135,7135.0,594,78
730,27807,2018,6,4,840,840.0,700,1
730,37807,2018,11,4,2888,2888.0,0,0
730,68860,2018,1,3,2867,2867.0,0,1
730,97156,2017,2,2,4606,6906.0,578,0
730,64377,2018,2,3,4811,4861.0,590,93
730,67809,2018,3,3,4302,4302.0,0,0
730,105103,2018,2,2,4331,4331.0,0,0
730,190606,2017,1,1,661,961.0,0,0
730,194062,2017,1,1,807,807.0,0,8
730,154765,2018,2,1,628,628.0,0,0
730,190462,2018,3,0,0,0.0,0,0
730,197889,2017,12,0,0,0.0,0,0
730,194861,2017,1,0,0,0.0,0,0
730,207106,2018,10,0,0,0.0,0,0
730,211839,2018,4,0,0,0.0,0,0
730,225865,2017,5,0,0,0.0,0,3
730,220673,2017,8,0,0,0.0,0,0
730,230467,2018,4,0,0,0.0,0,0
730,350377,2018,9,0,0,0.0,0,0
730,360465,2018,1,0,0,0.0,0,0
730,362000,2018,12,0,0,0.0,0,0
730,354806,2018,11,0,0,0.0,0,0
731,8265,2018,8,5,7790,7790.0,596,96
731,41989,2017,1,4,5376,5376.0,0,0
731,47806,2018,7,4,4668,4668.0,504,78
731,87109,2018,8,3,3137,3137.0,338,100
731,109636,2017,1,2,4808,4808.0,594,0
731,100365,2017,2,2,4366,4366.0,0,7
731,109096,2017,12,2,2381,2381.0,528,1
731,107287,2017,11,2,4302,4302.0,8,1
731,101266,2017,10,2,4306,4306.0,500,0
731,117006,2018,2,2,4606,4906.0,524,0
731,114903,2018,9,2,3788,3788.0,3,121
731,102070,2017,11,2,3336,3336.0,500,8
731,100895,2017,11,2,2106,2106.0,590,0
731,106691,2018,2,2,4181,4181.0,0,8
731,153917,2017,11,1,601,601.0,0,1
731,160387,2018,2,1,801,801.0,0,1
731,171193,2018,1,1,831,831.0,0,1
731,180803,2018,2,0,0,0.0,0,8
731,225064,2017,4,0,0,0.0,0,1
731,220162,2018,3,0,0,0.0,1,0
731,242804,2018,8,0,0,0.0,0,0
731,203129,2018,1,0,0,0.0,7,0
731,317294,2018,2,0,0,0.0,0,0
731,314636,2018,8,0,0,0.0,0,0
732,31102,2017,12,4,7820,7820.0,390,78
732,182686,2017,10,0,0,0.0,40,0
732,117695,2018,1,0,0,0.0,0,0
732,197896,2018,1,0,0,0.0,0,0
732,197973,2017,2,0,0,0.0,0,0
732,201187,2017,3,0,0,0.0,0,0
732,208095,2017,4,0,0,0.0,0,0
732,207263,2017,5,0,0,0.0,0,0
732,240005,2017,8,0,0,0.0,0,0
732,267107,2017,11,0,0,0.0,0,0
732,242863,2017,12,0,0,0.0,0,0
732,260126,2017,12,0,0,0.0,0,0
732,292401,2018,1,0,0,0.0,0,0
732,207106,2017,2,0,0,0.0,0,0
732,207667,2018,3,0,0,0.0,0,0
732,200994,2017,12,0,0,0.0,0,0
732,207003,2018,3,0,0,0.0,0,5
732,202114,2018,4,0,0,0.0,0,0
732,200026,2018,3,0,0,0.0,0,0
732,201806,2018,2,0,0,0.0,0,0
732,317497,2018,4,0,0,0.0,0,0
732,321336,2018,10,0,0,0.0,0,0
732,356101,2018,5,0,0,0.0,0,0
732,361199,2018,12,0,0,0.0,0,0
733,17103,2018,7,5,4305,4305.0,0,0
733,27883,2018,7,4,10766,10766.0,0,0
733,27389,2018,8,4,8760,8760.0,0,0
733,27587,2018,12,4,4606,4606.0,507,8
733,35129,2018,11,4,7628,7628.0,0,8
733,52109,2018,1,3,1621,1621.0,8,0
733,67105,2017,12,3,4337,6347.0,596,191
733,62169,2017,10,3,4887,4887.0,568,91
733,160561,2018,6,1,600,600.0,0,0
733,163808,2018,11,1,2336,2336.0,7,100
733,167163,2018,2,1,763,763.0,0,0
733,167894,2018,2,1,876,876.0,527,78
733,190134,2017,2,0,0,0.0,0,0
733,207165,2017,3,0,0,0.0,0,0
733,203003,2017,3,0,0,0.0,0,0
733,204867,2017,4,0,0,0.0,0,0
733,200886,2017,8,0,7,0.0,0,0
733,207495,2018,4,0,0,0.0,596,88
733,207179,2018,2,0,0,0.0,0,0
733,307819,2018,3,0,0,0.0,0,0
733,300801,2018,6,0,0,0.0,0,0
733,361987,2018,9,0,0,0.0,500,0
733,374169,2018,11,0,0,0.0,0,0
733,321897,2018,4,0,0,0.0,0,0
734,7977,2018,7,6,10048,10048.0,536,98
734,6896,2017,8,6,10116,10166.0,4,0
734,8806,2018,5,5,10005,10005.0,0,0
734,7896,2018,12,5,11705,11705.0,0,8
734,7808,2018,9,5,8685,10685.0,597,71
734,1905,2017,8,5,10821,821.0,0,0
734,8196,2018,3,5,4811,4811.0,0,0
734,7633,2018,1,3,4907,4907.0,0,1
734,7109,2018,5,3,4303,4303.0,0,0
734,5633,2018,8,3,2236,2236.0,0,1
734,9066,2017,6,2,4831,4831.0,0,8
734,122,2017,12,6,1385,1385.0,0,100
734,866,2018,6,2,3105,3105.0,512,0
734,811,2018,9,6,4228,4498.0,574,100
734,7642,2017,10,0,0,0.0,494,141
734,2893,2017,1,0,0,0.0,0,0
734,9607,2018,8,0,0,0.0,500,0
734,806,2018,8,0,0,0.0,0,0
734,7606,2018,3,0,0,0.0,0,1
734,7960,2018,9,0,0,0.0,565,0
734,4109,2018,1,0,0,0.0,553,101
734,4106,2018,2,0,0,0.0,0,8
734,101,2018,7,0,0,0.0,0,0
734,9867,2018,11,0,0,0.0,0,0
735,7156,2018,7,6,10600,10600.0,0,0
735,7152,2018,8,5,5675,5675.0,0,0
735,7133,2018,7,6,10606,10606.0,524,78
735,17807,2018,6,5,4385,4385.0,0,0
735,24870,2018,2,5,4181,4181.0,500,0
735,35167,2018,10,2,4348,4348.0,394,108
735,51839,2017,1,3,4371,4371.0,0,1
735,61186,2017,8,3,1346,1346.0,600,0
735,97163,2017,3,2,3636,3636.0,500,0
735,107619,2018,11,2,4657,4657.0,0,1
735,100892,2018,2,2,4488,10688.0,0,1
735,115864,2018,11,2,2316,2316.0,0,0
735,212086,2018,4,0,0,0.0,0,0
735,217495,2017,12,0,0,0.0,0,8
735,212604,2017,4,0,0,0.0,0,100
735,227103,2017,6,0,0,0.0,0,1
735,227999,2017,11,0,0,0.0,0,143
735,235164,2017,12,0,0,0.0,8,0
735,234125,2017,3,0,0,0.0,561,0
735,306606,2018,1,0,0,0.0,0,0
735,337396,2018,7,0,0,0.0,0,1
735,355871,2018,9,0,0,0.0,527,0
735,368663,2018,10,0,0,0.0,566,100
735,361649,2018,12,0,0,0.0,0,8
736,13396,2018,8,5,4805,4805.0,0,0
736,24265,2018,6,4,4476,4476.0,0,0
736,56364,2018,1,3,7336,7336.0,534,1
736,65606,2018,11,3,4981,4981.0,0,0
736,62417,2017,7,3,4185,4185.0,528,8
736,62103,2018,10,3,5881,5881.0,520,92
736,107696,2018,12,2,3806,13806.0,0,0
736,102809,2017,11,2,4341,4341.0,3,6
736,107173,2017,3,2,1826,1826.0,0,1
736,101836,2017,3,2,4786,4786.0,596,100
736,101106,2017,1,2,4146,4246.0,0,0
736,117503,2018,2,2,4028,4028.0,300,100
736,125606,2018,9,2,4636,4636.0,800,71
736,168964,2018,6,1,806,806.0,0,0
736,165809,2018,12,1,7,7.0,4,0
736,205108,2017,11,0,86,6.0,0,8
736,217106,2017,4,0,0,0.0,521,0
736,213173,2017,5,0,0,0.0,524,0
736,242002,2017,7,0,0,0.0,0,41
736,250860,2017,8,0,0,0.0,597,0
736,258804,2018,9,0,0,0.0,0,0
736,305476,2018,2,0,0,0.0,0,0
736,307642,2018,5,0,0,0.0,0,1
736,361603,2017,12,0,0,0.0,0,0
737,88917,2018,12,3,4706,4706.0,7,100
737,92168,2018,9,3,7141,7141.0,9,0
737,160060,2018,10,1,1801,1801.0,528,93
737,187361,2018,11,0,0,0.0,0,0
737,198970,2017,1,0,0,0.0,0,0
737,190805,2017,2,0,0,0.0,0,0
737,207663,2017,2,0,0,0.0,0,0
737,218602,2017,3,0,0,0.0,0,0
737,221096,2017,4,0,0,0.0,0,0
737,227867,2017,6,0,0,0.0,0,0
737,227866,2017,5,0,0,0.0,0,0
737,224806,2017,7,0,10000,0.0,0,0
737,236805,2018,8,0,0,0.0,0,0
737,245907,2017,7,0,0,0.0,0,0
737,258195,2017,1,0,635,0.0,0,0
737,253106,2017,9,0,0,0.0,0,0
737,260166,2017,12,0,0,0.0,0,0
737,260663,2017,10,0,0,0.0,0,8
737,260866,2018,1,0,0,0.0,0,1
737,269664,2017,12,0,0,0.0,0,0
737,362602,2018,1,0,0,0.0,0,0
737,360209,2018,12,0,0,0.0,508,0
737,360802,2018,11,0,0,0.0,0,0
737,369099,2018,12,0,0,0.0,0,0
738,2887,2017,6,6,10660,10660.0,0,0
738,5866,2018,7,6,10081,10081.0,0,0
738,344,2017,8,5,4630,4630.0,0,0
738,6126,2018,7,6,5321,5321.0,0,0
738,2371,2017,9,6,5806,5806.0,534,8
738,9179,2018,1,3,4456,6456.0,500,1
738,7896,2018,2,5,4420,4430.0,391,91
738,13966,2018,9,5,4836,4836.0,0,0
738,35866,2017,2,3,3830,3830.0,0,1
738,663,2017,10,2,4031,4031.0,567,2
738,101,2018,2,5,4808,4808.0,0,0
738,8306,2017,11,5,4387,4387.0,568,103
738,105987,2017,3,2,2761,2761.0,534,0
738,9573,2017,9,2,4632,4632.0,597,100
738,309869,2018,3,0,0,0.0,3,3
738,307191,2018,2,0,0,0.0,0,1
738,307144,2018,4,0,0,0.0,0,0
738,307626,2018,5,0,0,600.0,0,0
738,385802,2018,1,0,0,0.0,0,0
738,303286,2018,8,0,0,0.0,561,148
738,307663,2018,3,0,0,0.0,0,0
738,307161,2018,8,0,0,0.0,0,8
738,303165,2018,5,0,0,0.0,0,0
738,381007,2018,10,0,0,0.0,0,0
739,182909,2018,10,1,607,607.0,0,0
739,185639,2018,11,1,656,656.0,399,0
739,185807,2017,2,0,0,0.0,0,0
739,189802,2017,1,0,0,0.0,0,0
739,195135,2017,2,0,0,0.0,0,0
739,190056,2017,3,0,0,0.0,0,0
739,207679,2017,4,0,0,0.0,0,0
739,205664,2017,4,0,0,0.0,0,100
739,200106,2017,5,0,0,0.0,0,0
739,208361,2017,6,0,0,0.0,0,0
739,216103,2017,7,0,0,0.0,0,0
739,221183,2017,8,0,0,0.0,0,8
739,237065,2017,7,0,0,0.0,7,0
739,240894,2017,4,0,0,0.0,0,0
739,249366,2017,8,0,0,0.0,0,0
739,257415,2017,9,0,0,0.0,0,0
739,267607,2017,11,0,0,0.0,526,0
739,253361,2017,10,0,0,0.0,0,0
739,260663,2018,1,0,0,0.0,0,8
739,274173,2018,1,0,0,0.0,0,90
739,287606,2018,2,0,0,0.0,522,8
739,200866,2018,3,0,0,0.0,0,0
739,317962,2018,11,0,10000,0.0,567,0
739,319011,2018,12,0,0,0.0,0,8
740,10994,2017,7,5,7605,5605.0,0,0
740,5898,2018,8,5,10868,10868.0,0,0
740,57606,2018,2,3,4005,4005.0,536,8
740,60801,2017,1,3,4786,4786.0,0,6
740,62867,2017,12,3,4248,4248.0,0,0
740,65204,2017,1,3,1306,1306.0,0,0
740,64807,2018,2,3,6341,6341.0,0,91
740,67165,2018,1,3,938,938.0,0,0
740,60671,2018,8,3,4647,4647.0,0,2
740,60864,2017,6,3,2607,2607.0,500,9
740,62105,2018,9,3,7387,7387.0,0,8
740,62632,2018,2,3,1136,1336.0,597,0
740,60337,2018,7,3,5330,5330.0,0,0
740,167165,2018,9,1,836,836.0,574,0
740,167607,2018,11,1,947,947.0,0,78
740,67897,2017,11,1,705,705.0,591,8
740,165803,2018,5,1,721,721.0,528,0
740,160176,2018,12,1,1428,1428.0,0,0
740,160586,2018,1,1,637,937.0,7,0
740,167606,2018,2,1,716,626.0,567,0
740,167805,2018,9,1,1437,936.0,0,1
740,167106,2018,11,1,871,336.0,0,0
740,325868,2018,1,1,2447,937.0,854,0
740,360106,2018,12,1,328,20948.0,500,0
741,182884,2017,1,0,800,800.0,0,0
741,180606,2017,2,0,0,0.0,0,0
741,100033,2017,3,0,0,0.0,0,0
741,207594,2017,9,0,0,0.0,0,0
741,200998,2017,4,0,0,0.0,0,0
741,200405,2017,6,0,0,0.0,324,0
741,207006,2017,7,0,0,0.0,0,0
741,205106,2017,8,0,0,0.0,0,0
741,205839,2017,9,0,0,0.0,0,0
741,215040,2017,11,0,0,0.0,0,0
741,17003,2017,12,10,0,0.0,0,0
741,210558,2017,11,0,0,0.0,0,0
741,228106,2018,2,0,0,0.0,0,0
741,318186,2018,3,0,0,0.0,0,0
741,320104,2018,4,0,0,0.0,0,0
741,327386,2018,5,0,0,0.0,0,0
741,327196,2018,5,0,0,0.0,0,8
741,322994,2018,6,0,0,0.0,0,0
741,321803,2018,7,0,0,0.0,0,0
741,347606,2018,8,0,0,0.0,0,0
741,360366,2018,9,0,0,0.0,0,0
741,360609,2018,10,0,0,0.0,527,0
741,360423,2018,11,0,0,0.0,0,0
741,366803,2018,12,0,0,0.0,0,0
741,390167,2018,1,0,0,0.0,0,0
741,321887,2018,11,0,0,0.0,0,8
741,367106,2018,1,0,0,0.0,0,0
741,306184,2018,8,0,0,0.0,0,0
741,337093,2018,6,0,0,0.0,7,0
741,360866,2018,7,0,0,0.0,0,0
741,360458,2018,4,0,0,0.0,0,0
741,345106,2018,9,0,0,0.0,0,0
741,302108,2018,9,0,0,0.0,0,0
741,322366,2018,9,0,0,0.0,0,0
741,301896,2018,2,0,0,0.0,0,0
741,362495,2018,12,0,0,0.0,0,0
741,347396,2018,11,0,0,0.0,0,0
741,393497,2018,2,0,0,20000.5,883,148
741,387601,2018,9,0,0,0.0,0,90
741,337106,2018,6,0,0,0.0,0,0
741,362607,2018,9,0,0,0.0,0,0
741,322430,2018,8,0,0,0.0,0,0
741,367104,2018,12,0,0,0.0,566,0
741,360707,2018,6,0,0,0.0,0,0
741,367100,2018,12,0,0,0.0,9,0
741,300664,2018,11,0,0,0.0,0,0
741,360687,2018,12,0,0,0.0,0,0
741,386521,2018,12,0,0,0.0,0,0
742,6973,2018,7,6,1656,1656.0,0,0
742,4903,2018,8,6,7366,7366.0,666,126
742,17106,2018,8,5,7605,7605.0,500,0
742,14882,2018,2,5,10145,145.0,0,0
742,22893,2017,11,4,7487,7487.0,0,0
742,20866,2018,2,4,9128,9128.0,0,0
742,57637,2018,1,3,7676,7676.0,0,0
742,65668,2017,9,3,7841,7841.0,0,0
742,67829,2018,2,3,4747,4747.0,0,0
742,91606,2018,2,3,916,916.0,0,0
742,107833,2017,3,2,4307,4307.0,537,0
742,105876,2017,1,2,4637,4637.0,326,0
742,101134,2017,12,2,1626,1626.0,568,6
742,100906,2017,10,2,14686,4686.0,0,0
742,101169,2018,1,1,11731,2731.0,564,1
742,155892,2018,12,1,786,986.0,714,101
742,155869,2018,3,0,0,0.0,0,0
742,190836,2017,5,0,0,0.0,590,78
742,197100,2017,2,0,0,0.0,0,9
742,209166,2017,4,0,0,0.0,0,5
742,200886,2018,8,0,0,0.0,0,8
742,203067,2018,3,0,0,0.0,0,8
742,226099,2018,1,0,0,0.0,528,0
742,200269,2018,6,0,0,0.0,564,8
743,19626,2018,8,5,3785,3785.0,0,0
743,27882,2017,7,4,7340,7340.0,0,0
743,27175,2018,8,9,14427,14427.0,521,91
743,82609,2018,12,3,4183,4183.0,587,3
743,97860,2017,2,2,4228,4228.0,0,0
743,93102,2017,9,2,4842,14842.0,0,2
743,90877,2018,3,3,4306,4306.0,0,0
743,92802,2017,2,2,2816,2816.0,328,8
743,163296,2018,2,1,891,891.0,0,0
743,160215,2018,5,1,187,787.0,797,0
743,161607,2017,1,1,661,661.0,4,100
743,167226,2018,6,1,682,682.0,564,0
743,79887,2018,1,1,1821,1821.0,324,8
743,187169,2018,2,0,0,0.0,550,91
743,197169,2017,1,0,0,0.0,0,0
743,227666,2018,1,0,0,0.0,0,98
743,235107,2017,3,0,0,0.0,0,0
743,264123,2017,4,0,0,0.0,0,0
743,263881,2017,12,0,0,0.0,0,8
743,260096,2017,18,0,0,0.0,0,0
743,260869,2017,11,0,0,0.0,0,0
743,267967,2017,10,0,0,0.0,597,0
743,365521,2018,11,0,647,0.0,591,8
743,342967,2018,12,0,0,0.0,516,108
744,30669,2018,12,4,2387,2387.0,528,73
744,44899,2018,9,4,676,676.0,0,0
744,60862,2018,11,3,4361,4361.0,0,0
744,167500,2018,11,1,2707,2707.0,0,0
744,162696,2017,1,1,621,621.0,0,0
744,168664,2018,2,1,905,905.0,553,0
744,160376,2017,12,1,808,808.0,0,0
744,160612,2018,2,1,807,808.0,528,111
744,167676,2018,6,1,81,81.0,567,148
744,166562,2018,11,1,947,947.0,0,0
744,169099,2018,11,1,1432,1432.0,0,0
744,187604,2017,2,1,666,666.0,0,91
744,185374,2017,2,0,0,0.0,0,0
744,190163,2018,2,0,0,0.0,0,0
744,201869,2017,3,0,0,0.0,0,8
744,204866,2017,4,0,0,0.0,0,0
744,202372,2017,3,0,0,0.0,0,0
744,200604,2018,4,0,0,0.0,0,1
744,216163,2018,3,0,0,0.0,0,0
744,224161,2017,8,0,0,0.0,0,0
744,232269,2017,6,0,0,0.0,0,1
744,235103,2017,7,0,0,0.0,0,0
744,237664,2018,8,0,0,0.0,0,0
744,237875,2018,8,0,0,0.0,0,8
745,5667,2018,8,6,4268,4268.0,524,140
745,7192,2018,3,5,8850,8850.0,0,0
745,3546,2017,7,6,10760,20760.0,500,0
745,27869,2018,2,4,5611,5611.5,0,0
745,37107,2017,8,4,4086,4086.0,591,1
745,47664,2018,1,3,4781,6781.0,0,8
745,51897,2017,2,3,4901,901.0,316,74
745,65696,2017,11,3,4707,4707.0,0,0
745,127696,2017,5,2,3738,3738.0,0,0
745,103263,2018,11,2,1007,1007.0,0,0
745,164163,2018,6,2,3227,3227.0,0,0
745,160166,2018,1,1,2806,2806.0,0,0
745,197262,2017,2,1,1416,1416.0,7,0
745,193623,2017,2,0,0,0.0,0,0
745,195194,2017,3,0,0,0.0,7,0
745,200913,2017,11,0,0,0.0,0,0
745,200167,2017,3,0,0,0.0,0,0
745,203324,2017,4,0,0,0.0,0,0
745,209160,2018,3,0,0,0.0,0,0
745,200107,2018,4,0,0,0.0,594,3
745,259693,2017,6,0,0,0.0,0,0
745,304163,2018,9,0,0,0.0,0,0
745,307813,2018,10,0,0,0.0,0,9
745,366204,2018,11,0,0,0.0,0,1
746,187265,2018,11,0,0,200.0,0,0
746,187835,2017,1,0,0,0.0,0,0
746,192366,2017,2,0,0,0.0,0,0
746,197180,2017,3,0,0,0.0,4,0
746,153066,2017,2,0,0,0.0,0,0
746,207105,2017,3,0,0,0.0,0,0
746,210601,2017,4,0,0,0.0,0,0
746,222607,2017,5,0,0,0.0,0,0
746,230196,2017,6,0,0,0.0,0,0
746,240165,2017,7,0,0,0.0,0,0
746,255193,2017,7,0,0,0.0,0,0
746,267093,2017,19,0,0,0.0,0,0
746,267067,2017,10,0,786,86.0,0,0
746,267483,2017,11,0,0,0.0,0,100
746,260876,2017,12,0,0,0.0,0,0
746,212866,2018,1,0,0,0.0,0,0
746,225092,2017,12,0,0,0.0,0,0
746,237433,2018,1,0,0,0.0,0,0
746,307827,2018,2,0,0,0.0,0,0
746,353195,2018,4,0,0,0.0,0,0
746,367502,2018,5,0,0,0.0,560,0
746,366569,2018,10,0,0,0.0,0,0
746,367610,2018,11,0,0,0.0,0,0
746,372106,2018,12,0,0,0.0,798,100
747,17883,2018,7,5,7165,7165.0,388,58
747,24366,2018,11,4,4840,4840.0,564,52
747,20661,2018,6,4,4806,4806.0,0,0
747,68196,2018,8,3,6337,6337.0,0,0
747,65108,2017,6,3,4237,4237.0,594,96
747,62395,2018,10,3,2302,2302.0,0,0
747,321617,2018,12,2,4186,4186.0,0,0
747,321253,2018,6,5,10741,741.0,0,8
747,320794,2018,2,2,3036,3036.0,570,8
747,320602,2018,9,4,4604,4604.0,0,0
747,324816,2017,2,2,4476,4476.0,0,100
747,345695,2018,11,1,889,889.0,300,0
747,350903,2017,1,1,737,737.0,1,8
747,300869,2018,2,0,0,0.0,694,2
747,309887,2018,3,0,0,0.0,0,0
747,325136,2018,5,0,0,0.0,0,0
747,327202,2018,1,0,0,0.0,577,100
747,361118,2018,8,0,0,0.0,0,0
747,361842,2018,8,0,0,0.0,4,0
747,367066,2018,9,0,0,0.0,0,0
747,313103,2018,4,0,0,0.0,9,0
747,365159,2018,5,0,0,0.0,0,0
747,367076,2018,11,0,0,0.0,0,0
747,365860,2018,10,0,0,0.0,567,0
748,87407,2018,5,3,4337,4337.0,0,0
748,102666,2018,12,2,1672,1672.0,538,99
748,160284,2018,12,1,713,713.0,500,8
748,167602,2018,11,1,930,930.0,0,0
748,160666,2018,1,1,707,707.0,0,0
748,300865,2017,1,0,0,0.5,618,109
748,327063,2017,3,0,0,0.0,0,0
748,326065,2018,4,0,0,0.0,0,1
748,324112,2017,5,12,0,0.0,0,0
748,323364,2017,6,0,0,0.0,0,0
748,350666,2017,8,0,0,0.0,0,0
748,321189,2017,9,0,0,0.0,0,1
748,323395,2018,3,0,0,0.0,0,0
748,325127,2018,11,0,0,0.0,0,0
748,310163,2018,2,0,0,0.0,0,0
748,329903,2018,10,0,636,0.0,0,0
748,323201,2018,12,0,0,0.0,0,0
748,337651,2018,11,0,0,0.0,0,0
748,327095,2018,2,0,0,0.0,0,0
748,327103,2018,7,0,0,0.0,0,0
748,320103,2018,4,0,0,0.0,0,0
748,360666,2018,3,0,0,0.0,594,0
748,370896,2018,11,0,0,0.0,547,0
748,367465,2018,12,0,0,0.0,0,9
749,188697,2017,1,0,10000,10000.0,0,0
749,187606,2017,1,0,0,0.0,0,0
749,193891,2017,2,0,0,0.0,0,0
749,204375,2017,3,0,0,0.0,0,0
749,205154,2017,4,0,0,0.0,0,0
749,209094,2017,5,0,0,0.0,0,1
749,202306,2017,6,0,0,0.0,0,0
749,200607,2017,7,0,0,0.0,0,0
749,200606,2017,8,0,0,0.0,0,0
749,203403,2017,10,0,0,0.0,0,0
749,207006,2017,11,0,0,0.0,0,0
749,200107,2017,12,0,0,0.0,0,0
749,200477,2018,4,0,0,0.0,0,0
749,207107,2018,2,0,0,0.0,0,0
749,204205,2018,3,0,0,0.0,0,0
749,209593,2018,6,0,0,0.0,0,0
749,207886,2018,2,0,0,0.0,0,0
749,300400,2018,3,0,0,0.0,0,0
749,303608,2018,2,0,0,0.0,0,0
749,300601,2018,8,0,0,0.0,0,0
749,329866,2018,9,0,0,0.0,0,0
749,353456,2018,9,0,0,0.0,0,0
749,325573,2018,9,0,0,0.0,0,0
749,355207,2018,12,0,0,0.0,0,0
750,2488,2017,8,6,14626,14626.0,0,0
750,7176,2018,7,6,10727,16727.0,524,48
750,7935,2018,3,5,10805,10805.0,500,8
750,870,2018,5,5,7825,10825.0,501,1
750,893,2018,6,3,4047,4547.0,590,78
750,52842,2018,2,3,4911,6911.0,0,0
750,64006,2017,1,3,4087,6087.0,0,0
750,64103,2018,3,3,4118,4118.0,524,100
750,63992,2018,8,3,4648,4648.0,0,0
750,104996,2017,12,2,4382,4382.0,376,91
750,117836,2018,1,2,4305,4305.0,0,0
750,127647,2017,6,2,3866,3866.0,0,0
750,187696,2018,9,1,860,860.0,574,101
750,192896,2017,1,0,0,0.0,0,1
750,263606,2017,2,0,0,0.0,0,0
750,227807,2017,5,0,0,0.0,0,0
750,237669,2017,7,0,0,0.0,0,0
750,273893,2017,11,0,0,0.0,0,0
750,237186,2018,1,0,0,0.0,0,0
750,240149,2017,12,0,0,0.0,0,0
750,258606,2017,8,0,0,0.0,0,0
750,350333,2018,9,0,0,0.0,0,0
750,356165,2018,9,0,0,0.0,0,0
750,350915,2018,12,0,0,0.0,0,0
751,47336,2017,1,4,6876,6876.0,538,0
751,67696,2018,2,3,5661,5061.0,520,98
751,87486,2018,1,3,2601,2601.0,0,0
751,107171,2017,3,2,2616,2616.0,0,3
751,127866,2018,12,2,2001,2001.0,0,8
751,157608,2018,11,1,846,846.0,0,0
751,160626,2018,1,1,1856,1856.0,560,0
751,169003,2018,1,1,816,816.0,598,98
751,160600,2018,2,1,788,788.0,0,6
751,167038,2018,3,1,808,808.0,0,0
751,166567,2017,10,1,10877,877.0,0,0
751,302869,2017,12,0,0,0.0,4,108
751,362135,2017,3,0,0,0.0,500,8
751,307637,2017,7,0,0,0.0,0,0
751,308062,2018,4,0,0,0.0,0,8
751,306885,2017,5,0,0,0.0,0,0
751,318194,2018,4,0,0,0.0,0,0
751,312177,2018,5,0,0,0.0,597,148
751,322186,2018,1,0,0,0.0,0,0
751,329886,2018,5,0,0,0.0,0,0
751,327160,2018,6,0,0,0.0,520,8
751,320806,2018,6,0,0,0.0,0,0
751,390362,2018,7,0,0,0.0,0,0
751,367567,2018,12,0,0,0.0,0,8
752,4118,2017,7,6,14600,14600.0,0,0
752,4106,2018,8,6,34716,14716.0,0,0
752,8813,2018,6,5,10880,10880.0,0,0
752,2894,2018,9,5,4620,4620.0,0,0
752,13834,2018,11,5,10601,601.0,0,0
752,67896,2018,3,3,4606,4906.0,0,0
752,67864,2018,1,3,5311,5381.0,500,0
752,67909,2017,7,3,5827,5827.0,0,0
752,64604,2017,9,3,4123,4123.0,797,0
752,67676,2017,11,3,42287,2287.0,0,100
752,76198,2017,3,3,4908,4908.0,500,0
752,104006,2017,8,2,2186,2186.0,4,93
752,107096,2017,4,2,4241,4241.0,597,0
752,105392,2017,12,2,1867,1867.0,0,0
752,109195,2018,9,5,4205,4205.0,0,0
752,107786,2017,2,0,0,0.0,0,0
752,203466,2017,3,0,0,0.0,627,98
752,263965,2017,5,0,0,0.0,0,0
752,207706,2017,2,0,0,0.0,0,0
752,210602,2018,4,0,0,0.0,424,0
752,220562,2018,5,0,0,0.0,0,8
752,267107,2018,10,0,0,0.0,0,0
752,265602,2018,11,0,0,0.0,0,0
752,230376,2018,12,0,0,0.0,5,0
753,1090,2018,7,7,13777,13777.0,504,148
753,204,2018,8,6,12446,19446.0,583,1
753,196,2017,8,5,4305,4305.0,500,1
753,7106,2018,2,2,4100,4100.0,0,1
753,18133,2018,5,5,4605,4605.0,0,0
753,104104,2018,1,2,4800,4800.0,561,0
753,104376,2017,6,1,936,936.0,4,0
753,127973,2018,8,2,1806,1806.0,0,0
753,191161,2017,1,1,2848,2848.0,524,2
753,192809,2018,2,1,886,886.0,814,0
753,192606,2017,12,0,46,6.0,594,98
753,207179,2018,3,0,0,0.0,0,0
753,205283,2017,4,0,0,0.0,0,0
753,227906,2018,5,0,0,0.0,0,0
753,207806,2017,9,0,0,0.0,0,0
753,212656,2017,2,0,0,0.0,0,0
753,225967,2017,5,0,0,0.0,0,0
753,267683,2017,11,0,0,0.0,0,0
753,265066,2017,10,0,0,0.0,0,0
753,360163,2018,7,0,0,0.0,594,100
753,363364,2018,1,0,0,0.0,0,0
753,367297,2018,9,0,0,0.0,0,0
753,367704,2018,11,0,0,0.0,0,0
753,337893,2018,12,0,0,0.0,0,8
754,9768,2017,6,5,6005,6005.0,0,0
754,7105,2018,7,6,10816,10816.0,0,0
754,3832,2017,8,5,10876,10876.0,0,0
754,8506,2017,2,6,4236,4236.0,527,100
754,7864,2017,9,5,7200,7200.0,0,4
754,464,2018,8,3,1987,1987.0,0,0
754,7156,2017,1,6,10771,771.0,500,81
754,2868,2018,5,6,4316,4316.0,500,0
754,7899,2017,12,3,3881,3881.0,0,0
754,5826,2018,10,6,14433,4433.0,1,0
754,1866,2017,12,6,3400,3400.0,590,0
754,7668,2018,3,6,1806,1806.0,7,0
754,2584,2017,8,0,0,0.0,0,8
754,103137,2018,6,0,0,0.0,0,1
754,104176,2017,5,0,0,0.0,0,0
754,1865,2017,1,0,0,0.0,0,8
754,5868,2018,2,0,0,0.0,0,0
754,107194,2018,9,0,0,0.0,0,0
754,307506,2018,6,0,0,0.0,0,0
754,313203,2018,1,0,0,0.0,0,0
754,310817,2018,2,0,0,0.0,0,0
754,329103,2018,3,0,0,0.0,1,0
754,327604,2018,2,0,0,0.0,0,0
754,327496,2018,9,0,0,0.0,0,0
755,55706,2017,3,3,6401,6401.0,817,140
755,60103,2018,8,3,6807,6807.0,524,71
755,77703,2018,5,3,1396,1396.0,0,4
755,165898,2017,1,1,738,738.0,0,0
755,342801,2017,7,0,0,0.0,590,0
755,344105,2018,2,0,0,0.0,0,1
755,342656,2017,6,0,0,0.0,0,0
755,347009,2017,7,0,0,0.0,0,0
755,350603,2017,9,0,0,0.0,0,0
755,360188,2017,9,0,0,0.0,0,0
755,360065,2018,3,0,0,0.0,0,0
755,368866,2017,10,0,0,0.0,0,0
755,365869,2017,11,0,0,0.0,0,0
755,365026,2018,9,0,0,0.0,0,0
755,363606,2017,1,0,0,0.0,0,0
755,367187,2018,11,0,10000,0.0,0,0
755,362049,2018,8,0,0,0.0,0,0
755,363174,2018,11,0,0,0.0,556,1
755,360306,2018,2,0,0,0.0,57,0
755,369403,2018,11,0,0,0.0,0,98
755,360166,2018,12,0,0,0.0,0,0
755,368106,2018,3,0,0,0.0,0,0
755,365107,2018,11,0,0,0.0,0,0
755,360004,2018,12,0,0,0.0,0,9
756,32162,2017,2,4,7600,7600.0,0,0
756,57153,2018,1,3,2319,2319.0,597,98
756,67527,2018,2,3,4701,4701.0,364,80
756,65606,2017,6,3,2805,2805.0,507,91
756,67685,2017,1,3,4101,4101.0,0,0
756,66908,2018,4,3,723,723.0,4,1
756,84805,2018,12,3,4137,4137.0,0,0
756,102893,2017,10,3,2790,2790.0,591,108
756,100823,2018,1,2,4627,4627.0,568,86
756,160865,2018,11,1,2342,2342.0,388,103
756,166196,2018,12,1,603,603.0,0,0
756,136166,2018,2,1,801,801.0,0,0
756,185000,2017,1,0,0,0.0,0,0
756,195605,2017,9,0,0,0.0,0,106
756,206896,2017,3,0,0,0.0,0,1
756,207806,2017,4,0,0,0.0,0,8
756,200106,2017,3,0,0,0.0,0,0
756,234634,2017,6,0,0,0.0,0,0
756,242805,2017,7,0,0,0.0,0,8
756,250167,2018,8,0,0,0.0,0,0
756,267704,2018,9,0,0,0.0,0,0
756,262423,2017,10,0,0,0.0,0,0
756,267602,2018,11,0,0,0.0,0,0
756,265906,2018,12,0,0,0.0,0,0
757,3096,2017,6,5,10620,10620.0,0,0
757,25886,2018,5,4,5107,5107.0,0,0
757,57972,2017,9,3,5621,5621.0,0,101
757,64886,2017,1,3,4389,4389.0,0,0
757,66606,2017,12,3,7676,7676.0,392,0
757,61185,2018,4,3,4386,4386.0,0,3
757,62808,2017,11,3,4336,4336.0,568,0
757,83981,2018,1,3,4623,4623.0,584,98
757,107605,2017,12,2,4381,4381.0,0,0
757,101826,2017,2,2,2630,2630.0,0,0
757,107869,2017,5,1,736,736.0,0,0
757,157896,2018,4,1,2331,2331.0,0,0
757,160866,2018,7,1,2801,2806.0,0,0
757,166167,2018,8,1,1331,1331.0,0,0
757,165861,2018,10,1,737,737.0,0,0
757,166565,2018,11,1,2106,2106.0,0,0
757,167693,2018,12,1,827,827.0,0,0
757,167996,2018,8,1,2007,2007.0,0,0
757,185807,2017,1,0,0,0.0,0,0
757,188196,2017,2,0,0,0.0,560,0
757,197105,2018,6,0,0,0.0,0,0
757,300803,2018,10,0,0,0.0,0,0
757,316872,2018,11,0,1381,0.0,0,0
757,322806,2018,12,0,0,0.0,0,9
757,307923,2018,2,0,0,0.0,0,0
757,317122,2018,8,0,0,0.0,505,0
757,355504,2018,3,0,0,7.0,567,0
757,327166,2018,8,0,0,0.0,539,0
757,300606,2017,12,0,0,0.0,517,1
757,300800,2018,2,0,0,0.0,0,0
757,303362,2018,12,0,0,0.0,2,100
757,363267,2018,6,0,0,0.0,1,0
757,301666,2018,1,0,0,0.0,0,100
757,334104,2018,4,0,0,0.0,0,98
757,320364,2018,1,0,0,0.0,0,9
757,390861,2018,2,0,0,0.0,0,8
757,360486,2018,11,0,0,0.0,500,0
757,357807,2018,7,0,0,0.0,0,0
757,365015,2018,12,14,0,6.0,0,0
757,367101,2018,3,0,0,0.0,0,0
757,337603,2018,9,0,0,0.0,0,0
757,360169,2018,1,0,0,0.0,0,0
757,367363,2018,3,0,0,0.0,0,0
757,361577,2018,11,0,643,0.0,0,0
757,360939,2018,12,0,0,0.0,0,0
757,367806,2018,12,0,0,0.0,0,0
757,361169,2018,12,0,0,0.0,0,0
757,387808,2018,11,0,0,0.0,0,0
758,1606,2017,7,7,14867,16897.0,0,0
758,4866,2018,6,16,10606,10606.0,0,0
758,5527,2017,8,5,7400,7400.5,521,158
758,7606,2018,4,6,7648,7648.0,597,91
758,1262,2017,8,5,3306,3306.0,0,0
758,1503,2017,5,0,0,0.0,0,0
758,5895,2017,9,0,0,0.0,564,105
758,419,2018,9,0,0,0.0,0,0
758,3975,2017,2,0,0,0.0,534,100
758,100694,2018,3,0,0,0.0,0,0
758,7702,2018,9,0,0,0.0,0,0
758,200306,2017,11,0,0,0.0,0,8
758,207792,2017,2,0,0,0.0,0,0
758,200906,2018,8,0,0,0.0,0,0
758,209996,2018,3,0,0,0.0,521,0
758,205193,2018,9,0,0,0.0,0,0
758,203827,2018,2,0,0,0.0,0,0
758,225886,2018,1,0,0,0.0,0,8
758,27606,2018,5,0,0,0.0,4,0
758,260906,2017,10,0,0,0.0,0,0
758,267237,2018,11,0,0,0.0,0,6
758,263665,2018,10,0,0,0.0,565,3
758,237663,2017,11,0,0,0.0,0,0
758,237808,2018,12,0,0,0.0,0,8
759,134176,2018,2,1,946,946.0,0,0
759,390696,2018,7,0,0,0.0,7,0
759,367197,2018,3,0,0,0.0,561,88
759,380637,2018,10,0,0,0.0,0,8
759,328309,2018,12,0,0,0.0,36,0
759,327813,2018,11,0,0,0.0,0,8
759,390660,2018,3,0,0,0.0,35,0
759,300106,2018,4,0,0,0.0,0,0
759,322292,2017,5,0,0,0.0,0,0
759,320882,2018,11,0,0,0.0,0,0
759,327095,2018,12,0,0,0.0,0,0
759,327617,2017,6,0,0,0.0,0,0
759,327486,2018,9,0,0,0.0,0,0
759,327166,2018,1,0,0,0.0,0,0
759,342482,2018,12,0,0,0.0,0,0
759,340607,2018,8,0,0,0.0,0,0
759,345361,2018,9,0,0,0.0,0,0
759,363807,2017,11,0,0,0.5,0,0
759,360003,2018,8,0,0,0.0,0,0
759,360267,2018,11,0,0,0.0,0,0
759,362816,2018,4,0,0,0.0,566,9
759,360446,2018,9,0,0,0.0,0,8
759,361884,2018,10,0,0,0.0,0,0
759,347653,2018,11,0,0,0.0,500,8
759,387182,2018,1,0,0,0.0,0,0
759,366807,2018,11,0,0,0.0,0,0
759,362805,2018,2,0,0,0.0,0,0
759,360867,2017,12,12,0,0.0,0,0
759,369636,2018,6,0,0,0.0,0,0
759,345124,2018,2,0,0,0.0,0,0
759,367196,2018,8,0,0,10000.0,0,0
759,366609,2018,9,0,0,0.0,0,0
759,352946,2018,5,0,0,0.0,0,0
759,322666,2018,3,0,0,0.0,7,0
759,330966,2018,2,0,0,0.0,0,0
759,350497,2018,8,0,0,32000.0,0,0
759,367614,2018,8,0,0,0.0,0,0
759,336667,2018,5,0,0,0.0,0,0
759,367809,2018,9,0,0,0.5,525,0
759,362166,2017,12,0,0,0.0,0,0
759,361184,2018,10,0,0,0.0,1,0
759,360697,2018,8,1,0,0.0,6,0
759,360675,2018,12,0,0,0.0,0,0
759,360103,2018,11,0,0,0.0,0,0
759,300937,2018,8,0,0,0.0,0,0
759,320168,2018,12,0,0,0.0,0,0
759,387168,2018,9,0,0,0.0,444,0
759,379807,2018,11,0,0,0.0,0,0
760,72069,2017,10,3,2132,2132.0,618,102
760,97695,2018,1,3,8886,8886.0,0,0
760,103993,2017,2,2,1771,1771.0,4,0
760,313727,2018,6,2,4346,4346.0,4,0
760,317809,2017,2,0,0,0.0,0,41
760,338806,2018,3,0,0,0.0,0,0
760,397645,2018,1,0,0,0.0,0,0
760,348196,2017,4,0,0,0.0,0,0
760,347303,2018,7,0,0,0.5,0,0
760,349833,2017,8,0,0,0.0,0,0
760,357168,2017,9,0,0,0.0,0,0
761,17469,2018,7,5,7315,7315.0,527,171
761,20101,2017,12,4,7784,7784.5,594,98
761,7189,2018,11,5,4205,4205.0,0,0
761,26830,2018,3,4,4886,4886.0,0,8
761,44163,2018,6,4,7042,7042.0,0,0
761,62403,2017,8,3,1666,1666.0,500,73
761,68103,2018,2,3,6937,6737.0,0,0
761,67624,2018,2,3,1646,1696.0,0,0
761,60193,2018,6,3,4637,4637.0,0,0
761,60054,2018,2,3,4617,4617.0,0,0
761,77896,2018,3,3,4407,4407.0,561,94
761,69104,2017,6,3,4606,4606.0,527,0
761,165164,2018,8,1,968,968.0,824,148
761,167692,2017,11,1,1827,1827.0,0,0
761,165303,2018,1,1,301,301.0,0,0
761,160826,2018,4,1,781,781.0,590,6
761,164073,2018,5,1,801,801.0,0,0
761,161962,2018,11,1,827,807.0,1,0
761,160376,2018,9,1,816,766.0,507,0
761,160666,2018,9,1,616,971.0,0,0
761,164433,2018,1,1,836,977.0,570,0
761,268817,2018,1,1,18,806.0,500,3
761,361105,2018,2,0,728,827.0,0,1
761,367095,2018,2,0,711,6.0,500,0
761,307088,2018,7,1,0,6.0,394,0
761,326107,2018,1,0,0,0.0,0,0
761,345404,2018,2,0,0,0.0,7,0
761,302106,2018,2,0,0,0.0,0,0
761,301107,2018,11,0,0,6.5,534,0
761,311106,2018,3,0,0,600.0,600,0
761,186796,2018,4,0,0,6.0,0,0
761,364506,2018,2,0,0,81.0,500,95
761,363830,2018,7,0,0,0.0,0,0
761,357123,2017,1,0,608,0.0,0,98
761,365666,2018,7,0,0,0.0,538,0
761,360267,2018,5,0,0,0.0,520,0
761,307106,2017,8,0,0,0.0,0,0
761,331963,2018,7,0,0,0.0,3,0
761,367896,2018,8,18,48100,0.0,0,0
761,360907,2018,8,0,0,0.0,0,0
761,360862,2018,6,0,0,0.0,0,0
761,300403,2018,8,0,0,0.0,0,0
761,367196,2018,11,0,0,0.0,0,0
762,17696,2018,7,5,4870,4870.0,0,0
762,60989,2018,8,3,2117,2117.0,0,0
762,60693,2018,12,3,4849,4849.0,494,81
762,63806,2018,9,3,2808,2808.0,0,0
762,67101,2018,11,3,3601,3601.0,0,0
762,65173,2018,8,3,4807,4807.0,0,0
762,165106,2017,12,3,4696,4696.0,590,91
762,168801,2018,11,1,974,974.0,524,71
762,160866,2018,11,1,807,807.0,692,0
762,162666,2018,3,1,946,946.0,0,0
762,163106,2018,2,1,806,806.0,0,0
762,167869,2018,1,1,607,607.0,524,0
762,166165,2018,1,1,2030,2030.0,1,8
762,201265,2017,3,0,0,0.0,561,2
762,205804,2017,2,4,0,0.0,0,0
762,215199,2017,11,0,0,0.0,500,0
762,228107,2017,4,0,0,0.0,0,0
762,239969,2017,7,0,0,0.0,0,0
762,255903,2017,9,0,0,0.0,800,0
762,267165,2017,11,0,0,0.0,0,0
762,266106,2017,1,0,0,0.0,590,8
762,267673,2018,12,0,0,0.0,524,1
762,267469,2017,11,0,0,0.0,0,0
762,267194,2018,12,0,0,0.0,7,101
763,2898,2017,6,6,10636,16636.0,0,0
763,2687,2017,7,6,13240,13240.0,0,0
763,7806,2018,8,6,5807,5807.0,561,73
763,7809,2018,7,5,11837,11837.0,6,0
763,62803,2018,9,3,2306,2306.0,0,0
763,100387,2018,2,2,4662,4662.0,538,108
763,107004,2017,13,2,4887,4887.0,500,0
763,107896,2017,11,2,4302,4302.0,500,1
763,103674,2017,11,2,2162,2162.0,500,8
763,105181,2018,2,2,1147,1147.0,0,2
763,101802,2018,10,2,2636,2636.0,0,5
763,117567,2018,2,2,4208,4208.0,794,0
763,139675,2018,3,2,4602,4602.0,0,0
763,135895,2017,2,1,336,336.0,0,0
763,137162,2018,2,1,801,801.0,594,91
763,147685,2017,7,1,761,761.0,0,1
763,352197,2018,4,1,708,702.0,0,0
763,366060,2018,6,1,703,703.0,0,1
763,360902,2018,8,1,801,801.0,0,1
763,360800,2018,9,1,625,5.0,500,0
763,362896,2018,2,0,0,0.0,0,0
763,360703,2018,2,0,0,0.0,0,2
763,308861,2018,1,0,0,0.0,0,0
763,394861,2018,11,0,0,0.0,0,0
764,9894,2017,8,5,10310,10310.0,0,0
764,12001,2018,8,5,4430,4430.0,0,0
764,63372,2017,12,3,5307,5307.0,394,143
764,64806,2018,5,3,4781,4781.0,0,0
764,75711,2018,7,3,4035,4035.0,527,101
764,102589,2017,11,3,4743,4743.0,794,108
764,101807,2017,12,2,1371,1971.0,320,0
764,157801,2017,6,1,728,723.0,534,98
764,160466,2018,2,1,2671,2671.0,507,8
764,164105,2018,2,1,801,801.0,0,2
764,164162,2018,2,1,807,807.0,590,0
764,163616,2018,1,1,835,835.0,500,98
764,167607,2018,1,1,2431,2431.0,564,0
764,367156,2018,3,1,808,405.0,590,0
764,363106,2018,9,1,1201,1201.0,0,88
764,367866,2018,11,1,781,791.0,0,1
764,365167,2018,2,1,1301,301.0,0,0
764,377053,2018,1,0,0,0.0,0,3
764,360884,2018,10,0,0,0.0,7,0
764,363933,2018,3,0,0,0.0,0,0
764,367209,2018,10,0,0,0.0,0,0
764,387686,2018,12,0,0,0.0,0,1
764,360637,2018,11,0,0,0.0,525,0
764,384187,2018,11,0,0,0.0,0,100
765,7106,2017,6,5,4685,4685.0,0,0
765,806,2017,7,5,4180,4180.0,0,0
765,7103,2018,9,6,4820,4820.0,548,78
765,3603,2017,8,6,14808,14808.0,0,0
765,7103,2017,2,5,17292,7292.0,0,0
765,3864,2017,3,0,0,0.0,500,0
765,9807,2017,6,0,0,0.0,0,0
765,1966,2018,8,0,0,0.0,0,0
765,7124,2017,1,0,0,0.0,584,108
765,7107,2018,5,0,0,0.0,0,0
765,107806,2017,10,0,0,0.0,0,0
765,300806,2018,6,0,0,0.0,0,0
765,304166,2018,7,0,0,0.0,0,0
765,306823,2018,9,0,0,0.0,0,0
765,307885,2018,12,0,0,0.0,0,85
765,305803,2018,6,0,0,0.0,0,0
765,307807,2018,1,0,0,0.0,0,0
765,300186,2018,2,0,0,0.0,524,0
765,310508,2018,3,0,0,0.0,0,0
765,321606,2018,4,0,0,0.0,0,0
765,367203,2018,6,0,0,0.0,0,8
765,367866,2018,10,0,0,0.0,0,1
765,347196,2018,11,0,0,0.0,0,0
765,381167,2018,12,0,0,0.0,0,1
766,19878,2017,8,5,5880,5880.0,0,0
766,25706,2018,5,4,5232,5232.0,0,0
766,67650,2017,10,3,11611,12611.0,0,0
766,67805,2017,2,3,4604,4604.0,523,140
766,67804,2018,5,3,7436,7436.0,0,0
766,61196,2017,3,3,706,706.0,500,8
766,60105,2017,12,3,2306,2306.0,524,91
766,67636,2018,1,3,4436,4436.0,520,1
766,60668,2018,6,3,2607,2607.0,0,0
766,69666,2018,1,3,1330,1330.0,0,0
766,64179,2018,9,3,4777,4777.0,821,100
766,164136,2018,10,3,3843,3843.0,0,0
766,62165,2018,2,1,689,58989.0,524,0
766,301893,2018,11,0,0,0.0,0,0
766,315689,2017,12,0,0,0.0,0,0
766,300476,2018,4,0,0,0.0,0,0
766,380107,2018,8,0,0,0.0,0,8
766,383131,2018,2,0,0,0.0,0,0
766,367105,2018,11,0,0,0.0,0,8
766,348664,2018,7,0,0,0.0,0,99
766,350879,2018,2,0,0,0.0,0,4
766,383826,2018,6,0,0,0.0,0,0
766,374136,2018,11,0,0,0.0,0,0
766,367502,2018,12,0,0,0.0,0,0
767,15809,2018,6,5,11205,11205.0,320,1
767,23575,2017,8,4,4472,4472.0,0,0
767,20710,2018,9,4,8300,8300.0,0,0
767,67499,2018,1,3,1701,1101.0,0,0
767,67136,2018,3,3,2297,2297.0,0,0
767,61429,2018,8,3,5671,5671.0,0,0
767,100634,2017,11,2,1376,1376.0,394,100
767,104886,2017,5,2,908,908.0,0,0
767,106169,2018,9,3,3344,3344.0,394,101
767,100914,2017,12,2,1806,1806.0,0,0
767,100803,2017,12,2,3818,3818.0,511,0
767,107802,2017,11,2,2601,2601.0,324,8
767,102895,2018,8,2,1821,1821.0,0,1
767,105607,2017,10,2,3918,3928.0,0,0
767,101605,2017,11,2,4423,4423.0,595,101
767,101152,2017,10,2,1806,1806.0,364,0
767,101907,2017,12,2,2177,2177.0,864,81
767,104933,2018,12,0,0,0.0,522,73
767,200105,2017,3,0,0,0.0,0,1
767,207809,2018,7,0,0,0.0,0,8
767,301873,2018,4,0,0,0.0,0,3
767,315496,2018,2,0,0,0.0,0,0
767,317039,2018,8,0,0,0.0,0,0
767,330706,2018,5,0,0,0.0,0,0
768,22160,2017,6,4,6120,6120.0,507,3
768,57777,2018,12,3,4772,4772.0,597,91
768,67793,2018,8,3,2205,2205.0,594,105
768,65863,2018,12,3,1341,1341.0,0,100
768,167809,2018,11,1,601,601.0,520,8
768,163192,2018,11,1,371,371.0,0,0
768,165152,2018,1,1,10888,888.0,0,0
768,160007,2018,2,0,0,0.0,0,0
768,182886,2017,2,0,0,0.0,0,0
768,197600,2017,1,0,0,0.0,0,0
768,205746,2017,3,0,0,0.0,0,0
768,207673,2017,4,0,0,0.0,0,0
768,207164,2017,5,0,0,0.0,0,0
768,202833,2017,4,0,0,0.0,0,0
768,207105,2017,3,0,0,0.0,0,0
768,224821,2017,6,0,0,0.0,0,0
768,253859,2017,8,0,0,0.0,0,0
768,262867,2017,9,0,0,0.0,0,0
768,261196,2017,10,0,0,0.0,600,0
768,260501,2017,11,0,0,0.0,324,0
768,260856,2017,10,0,0,0.0,0,0
768,332909,2018,6,0,0,0.0,500,0
768,365196,2018,12,0,0,0.0,0,8
768,367106,2018,11,0,0,0.0,0,8
769,4802,2018,8,6,14638,14638.0,0,0
769,17662,2018,8,5,8361,8331.0,0,0
769,20203,2018,6,5,4325,4325.0,720,51
769,84895,2018,12,3,3363,3363.0,0,41
769,82264,2018,12,3,4605,4605.0,318,0
769,107566,2018,11,2,4889,14889.0,500,0
769,113836,2018,1,2,10806,806.0,0,0
769,127160,2018,9,2,2106,2106.0,867,78
769,155006,2018,2,1,677,677.0,0,0
769,185867,2017,1,0,981,21.0,0,0
769,182832,2017,1,0,0,0.0,0,0
769,190003,2017,2,0,0,0.0,0,0
769,201867,2017,3,0,0,0.0,0,0
769,204783,2017,1,0,0,0.0,0,0
769,232766,2017,2,0,0,0.0,0,0
769,237167,2017,4,0,0,0.0,0,0
769,247106,2017,8,0,0,0.0,0,0
769,250863,2018,9,0,0,0.0,0,0
769,267105,2018,8,0,0,0.0,0,0
769,260886,2017,12,0,0,0.0,0,0
769,260706,2017,11,0,0,0.0,0,3
769,265196,2018,10,0,0,0.0,0,0
769,260864,2018,11,0,0,0.0,526,0
769,367397,2018,9,0,0,0.0,0,100
769,367290,2018,1,0,0,0.0,0,0
769,342846,2018,11,0,0,0.0,0,0
769,360461,2018,2,0,0,0.0,0,0
769,326164,2018,8,0,0,0.0,564,0
769,351623,2018,3,0,0,0.0,0,8
769,306167,2018,2,0,0,0.0,0,0
769,350609,2018,11,0,437,0.0,7,1
769,300606,2018,5,0,0,0.0,0,0
769,367107,2018,12,0,0,0.0,0,0
769,360379,2018,3,0,0,0.0,528,0
769,360667,2018,2,0,0,0.0,0,0
769,360976,2018,2,0,0,0.0,90,8
769,368103,2018,7,0,0,0.0,0,0
769,337867,2018,7,0,0,0.0,0,0
769,356892,2018,1,0,0,0.0,0,0
769,367626,2018,2,0,0,0.0,594,0
769,362406,2018,9,0,10000,0.0,0,0
769,337893,2018,1,0,0,0.0,0,0
769,360869,2018,3,0,0,0.0,4,0
769,360663,2018,6,0,0,0.0,0,0
769,340307,2018,1,0,0,0.0,0,9
769,390889,2018,12,0,0,0.0,564,0
769,361503,2018,1,0,0,0.0,0,0
769,361666,2018,12,0,0,0.0,0,0
770,7807,2018,7,6,4246,4246.0,731,141
770,7162,2018,5,5,14260,14260.0,500,8
770,5697,2018,12,5,8005,8005.0,504,1
770,809,2018,8,5,33775,13775.0,7,8
770,6804,2018,2,5,4636,4636.0,0,0
770,7829,2018,7,6,10880,880.0,0,0
770,9902,2018,9,0,0,0.0,0,0
770,7465,2018,3,0,0,0.0,0,1
770,366,2017,4,0,0,0.0,0,0
770,696,2018,9,0,0,0.0,0,0
770,100405,2018,6,0,0,0.0,0,0
770,856,2017,6,0,0,0.0,0,0
770,217126,2018,4,12,0,0.0,0,0
770,227102,2017,8,0,0,0.0,0,0
770,237800,2017,11,0,0,0.0,868,0
770,227857,2017,10,0,0,0.0,0,0
770,260926,2017,11,0,0,0.0,0,0
770,269603,2017,11,0,0,0.0,0,8
770,250393,2018,2,0,0,0.0,0,8
770,250606,2018,8,0,0,0.0,0,0
770,266602,2017,10,0,0,0.0,534,100
770,205815,2018,2,0,0,0.0,0,8
770,265706,2018,11,0,0,0.0,0,0
770,96026,2018,12,0,0,0.0,0,8
771,7406,2017,3,5,10685,10685.0,0,0
771,5876,2018,8,6,5366,5366.0,694,168
771,50809,2018,1,3,5309,5309.0,0,0
771,60889,2017,2,3,2909,2909.0,0,3
771,62639,2017,10,3,7384,7384.0,500,6
771,67103,2018,7,3,1076,1076.0,700,0
771,68893,2018,10,3,1912,1912.0,500,71
771,67774,2018,5,3,4871,4871.0,0,3
771,60132,2017,11,3,2401,2401.0,520,90
771,160465,2018,11,1,1376,1376.0,0,0
771,160104,2018,1,1,2806,2806.0,0,0
771,160694,2018,2,1,2406,2406.0,500,0
771,160886,2018,4,1,637,10637.0,525,0
771,167881,2018,8,1,6,6.0,0,0
771,160106,2018,9,1,836,836.0,0,0
771,167660,2018,2,1,722,722.0,0,0
771,165129,2018,11,1,1671,1671.0,364,0
771,195695,2018,2,0,0,0.0,363,58
771,200666,2017,3,0,0,0.0,0,0
771,200073,2017,6,0,0,0.0,0,0
771,242602,2017,7,0,0,0.0,0,0
771,200173,2018,11,0,0,0.0,0,1
771,300302,2018,8,0,0,0.0,0,0
771,302803,2018,7,0,0,0.0,365,100
772,2600,2018,6,5,12700,12700.0,0,0
772,7688,2018,7,6,6356,6356.0,537,98
772,10806,2017,8,5,8205,8205.0,0,70
772,20871,2018,8,5,4667,4667.0,0,0
772,20305,2018,2,5,2616,2616.0,0,9
772,42406,2018,6,4,666,666.0,0,0
772,57804,2017,5,3,4336,6336.0,6,0
772,58193,2017,6,3,4643,4643.0,598,0
772,57343,2018,7,3,7347,7347.0,0,98
772,60634,2017,9,3,4333,4333.0,0,100
772,85606,2018,8,3,1637,1637.0,0,0
772,145809,2018,9,1,807,807.0,0,0
772,159676,2017,1,1,956,956.0,728,0
772,168176,2018,10,1,738,738.0,26,0
772,162624,2018,2,1,990,990.0,0,0
772,167687,2018,2,1,2300,2300.0,0,0
772,167867,2018,3,1,807,805.0,0,0
772,165807,2018,10,1,1328,1828.0,0,0
772,161604,2018,11,1,537,681.0,4,0
772,160176,2018,7,1,621,996.0,0,0
772,367638,2018,9,1,605,36.0,0,1
772,360193,2018,11,1,807,905.0,590,100
772,367066,2018,10,1,606,37.0,0,0
772,382845,2018,12,0,2311,0.0,8,96
772,327044,2018,12,0,6,8.0,0,0
772,365300,2018,1,1,788,10000.0,538,0
772,326802,2018,2,0,0,0.0,521,0
772,217609,2018,11,1,0,0.0,526,0
772,397606,2018,4,0,7,0.0,0,0
772,364685,2018,12,1,0,5.0,0,0
772,307161,2018,12,16,631,10007.0,0,0
772,310801,2018,8,0,1800,8.0,524,0
772,327173,2018,9,11,678,0.0,0,0
772,388807,2018,2,15,12311,6.0,8,0
772,307867,2018,5,0,0,0.0,535,0
772,365193,2018,10,0,0,0.0,0,0
772,360866,2018,11,0,0,0.0,0,8
772,365063,2018,12,0,0,0.0,521,0
772,365666,2018,1,0,0,0.0,500,0
772,367164,2018,1,0,0,0.0,0,8
772,337604,2018,1,0,0,0.0,0,0
772,369687,2018,11,0,0,0.0,0,0
772,367296,2018,10,0,0,7.0,8,0
772,367107,2018,11,0,0,0.0,0,0
772,367294,2018,11,0,0,0.0,0,9
772,370967,2018,12,0,0,12957.0,0,0
772,367006,2018,11,1,0,0.0,597,0
772,367664,2018,9,0,0,0.0,0,0
773,46612,2018,9,4,5446,5446.0,0,0
773,134176,2018,1,1,1501,1801.0,0,0
773,155487,2017,2,1,680,680.0,0,0
773,162650,2018,1,1,781,781.0,0,0
773,195862,2017,2,0,0,0.0,0,0
773,307873,2017,3,0,0,0.0,0,0
773,320137,2017,7,0,0,0.0,0,0
773,320867,2018,4,0,0,0.0,0,0
773,327502,2017,5,0,0,0.0,7,51
773,325603,2017,6,0,0,0.0,0,0
773,367007,2017,5,0,0,0.0,0,0
773,373893,2017,11,0,0,0.0,0,0
773,368902,2018,7,0,0,0.0,0,0
773,357246,2018,7,0,0,0.0,0,0
773,366162,2018,8,12,0,0.0,0,0
773,360825,2018,2,0,0,0.0,526,0
773,369893,2018,10,0,0,0.0,0,0
773,334106,2018,9,0,0,0.0,0,0
773,362362,2018,9,0,0,0.0,0,0
773,360469,2018,3,0,0,0.0,0,3
773,360636,2018,8,0,0,0.0,0,0
773,366286,2018,11,0,0,0.0,0,0
773,360495,2018,11,0,0,0.0,0,0
773,361806,2018,12,0,0,0.0,0,0
774,1694,2017,8,6,10636,10936.0,0,0
774,5869,2018,5,6,22646,12646.0,0,0
774,57256,2017,6,3,4380,4380.0,0,0
774,87086,2018,1,3,1805,1805.0,0,0
774,97862,2017,2,0,0,0.0,0,0
774,106503,2017,3,0,0,0.0,0,5
774,168893,2017,12,0,0,0.0,0,0
774,193103,2018,4,0,0,0.0,0,0
774,197172,2017,7,0,0,0.0,0,0
774,197103,2017,10,0,0,0.0,0,1
774,197693,2017,9,0,0,0.0,0,0
774,197576,2017,11,0,0,0.0,0,0
774,202495,2017,4,0,0,0.0,0,0
774,204886,2017,3,0,0,0.0,0,0
774,207196,2017,4,0,0,0.0,0,0
774,200407,2018,8,0,0,0.0,0,0
774,200833,2018,3,0,0,0.0,0,0
774,204059,2018,12,0,0,0.0,0,0
774,234005,2018,7,0,0,0.0,6,0
774,250107,2018,9,0,0,0.0,0,0
774,256561,2018,8,0,0,0.0,524,0
774,260886,2018,12,0,0,0.0,0,1
774,263566,2018,11,0,0,0.0,0,0
774,260283,2018,11,0,0,0.0,0,0
775,2444,2017,7,6,15686,15686.0,500,0
775,766,2018,8,6,5396,5386.0,0,0
775,48608,2018,9,4,4376,4376.0,598,101
775,40027,2017,8,6,5801,13801.0,7,3
775,40066,2018,8,3,4606,4606.0,600,3
775,57687,2018,2,3,3375,3375.0,0,0
775,62804,2017,11,3,4806,4806.0,500,0
775,67104,2017,2,3,2637,2637.0,0,0
775,107605,2018,3,2,4371,4371.0,571,100
775,100492,2018,1,2,2631,2631.0,0,0
775,107737,2017,2,2,4731,4731.0,0,0
775,117662,2017,11,2,2286,2286.0,594,100
775,167866,2018,9,1,731,731.0,657,100
775,162873,2018,5,1,906,906.0,8,108
775,167096,2018,10,1,807,805.0,585,1
775,165533,2018,12,1,661,661.0,507,0
775,166677,2018,1,1,2306,2306.0,0,0
775,162132,2017,1,1,1128,1802.0,7,3
775,167016,2018,1,1,711,851.0,7,101
775,169269,2017,1,1,737,442.0,390,8
775,164002,2018,2,1,1,6.0,0,1
775,240697,2018,10,0,0,0.0,524,0
775,227802,2018,11,0,0,0.0,496,0
775,370102,2018,12,0,0,1.0,0,1
776,87158,2018,11,3,5780,5780.0,599,193
776,89434,2018,1,3,4737,4737.0,594,90
776,187862,2018,12,0,0,0.0,0,5
776,185666,2017,1,0,0,0.0,0,0
776,186866,2017,2,0,0,0.0,0,1
776,107128,2017,3,0,0,0.0,0,0
776,197836,2017,4,0,0,0.0,0,0
776,196937,2017,4,0,0,0.0,0,0
776,191479,2017,6,0,0,0.0,0,0
776,194109,2017,5,0,0,0.0,0,0
776,195169,2017,8,0,0,0.0,0,0
776,192106,2017,3,0,0,0.0,0,0
776,200603,2017,7,0,0,0.0,0,0
776,191195,2018,2,0,0,0.0,0,0
776,200799,2017,4,0,0,0.0,0,0
776,205860,2017,3,0,0,0.0,0,0
776,207973,2017,5,0,0,0.0,0,0
776,230846,2018,6,0,0,0.0,561,148
776,240707,2018,8,0,0,0.0,4,3
776,257404,2018,9,0,0,0.0,0,0
776,268100,2018,9,0,0,0.0,0,8
776,265466,2018,10,0,0,0.0,578,0
776,264894,2018,11,0,0,0.0,0,0
776,377601,2018,12,0,0,0.0,0,0
777,7832,2017,3,5,8630,8630.0,0,0
777,67654,2018,1,3,2301,2301.0,0,0
777,67155,2018,5,3,3236,11236.0,580,0
777,60664,2017,11,3,4378,4378.0,0,0
777,63492,2018,8,3,3301,3301.0,8,0
777,68301,2018,4,3,4205,4205.0,584,0
777,165809,2017,11,1,2106,2106.0,0,0
777,162165,2018,5,1,1628,11628.0,0,0
777,160196,2018,8,1,967,967.0,0,0
777,169138,2018,11,1,621,621.0,591,61
777,347668,2017,8,1,616,686.0,308,128
777,364096,2018,9,1,1236,1836.0,7,0
777,385007,2018,1,0,0,0.0,0,0
777,307666,2017,2,0,0,0.0,8,0
777,307164,2017,3,0,0,0.0,0,0
777,310856,2018,4,0,0,0.0,0,0
777,327107,2018,5,0,0,0.0,500,0
777,367686,2018,6,0,0,0.0,0,0
777,367965,2018,8,0,0,0.0,0,1
777,361127,2018,5,0,0,0.0,0,0
777,378108,2018,7,0,0,0.0,0,0
777,364136,2018,10,0,0,0.0,360,8
777,367809,2018,11,0,0,0.0,0,0
777,367096,2018,12,0,0,0.0,564,3
778,7205,2017,7,6,680,680.0,0,0
778,1146,2018,8,6,14380,14380.0,0,0
778,7833,2017,10,5,4315,4315.0,0,0
778,57896,2017,1,3,4221,4221.0,0,1
778,67806,2017,12,3,4338,4338.5,598,0
778,67766,2017,1,3,1724,1726.0,561,28
778,62864,2017,1,3,4300,4300.0,0,0
778,68602,2017,10,3,4816,4816.0,0,98
778,67576,2018,8,3,4819,4819.0,0,71
778,67168,2018,9,3,2606,2606.0,0,0
778,60833,2018,2,3,2317,2316.0,0,0
778,160365,2018,1,3,1868,1868.0,598,0
778,167827,2018,11,1,986,986.0,7,0
778,160495,2018,11,1,2317,2317.0,0,0
778,150803,2018,12,1,1337,1337.0,0,5
778,167006,2018,1,1,849,849.0,400,0
778,205863,2017,7,0,0,0.0,0,1
778,217696,2017,3,0,0,0.0,0,0
778,235803,2017,3,0,0,0.0,0,0
778,260114,2017,11,0,0,0.0,0,0
778,220396,2017,1,0,0,0.0,0,0
778,267606,2018,6,0,0,0.0,526,0
778,306800,2018,12,0,0,0.0,0,0
778,320506,2018,12,0,0,0.0,0,8
779,7871,2018,7,5,7095,7595.0,0,0
779,58706,2018,3,3,4692,4692.0,0,0
779,50239,2017,1,3,4747,4747.0,500,0
779,73186,2018,8,3,3633,3633.0,528,178
779,80206,2018,7,3,4306,4306.0,380,78
779,163413,2018,8,1,797,797.0,390,0
779,165505,2018,1,1,993,293.0,367,68
779,168986,2018,8,1,821,821.0,0,78
779,167802,2018,7,1,867,867.0,0,0
779,167656,2018,11,1,843,843.0,500,0
779,168274,2018,1,1,877,877.0,0,0
779,187872,2017,1,0,0,0.0,0,0
779,194823,2017,2,0,0,0.0,0,0
779,204897,2017,8,0,0,0.0,0,0
779,201761,2017,3,0,0,0.0,0,0
779,235105,2017,1,0,0,0.0,0,8
779,240132,2017,9,0,0,0.0,597,0
779,256666,2017,9,12,0,0.0,2,2
779,250804,2017,9,0,0,0.0,0,0
779,261807,2017,12,0,0,0.0,0,0
779,266194,2017,11,0,0,0.0,596,0
779,269861,2017,10,0,0,0.0,568,0
779,82897,2017,11,0,0,0.0,0,0
779,260664,2018,12,0,0,0.0,0,0
780,8629,2018,7,5,10030,10030.0,0,0
780,7667,2017,3,5,810,810.0,0,0
780,2801,2017,6,6,12436,12436.0,0,0
780,17809,2018,7,5,4680,4680.0,0,0
780,18086,2018,8,5,10368,368.0,0,100
780,20164,2018,9,5,4605,4605.0,8,0
780,30567,2018,9,4,3000,3000.0,5,73
780,41800,2017,11,1,607,207.0,0,0
780,74607,2018,11,3,2907,2907.0,594,0
780,57705,2017,2,3,636,736.0,0,0
780,87603,2018,1,3,831,831.0,0,0
780,95683,2017,3,3,769,769.0,0,0
780,107603,2018,10,0,0,0.0,0,8
780,100105,2018,4,0,14300,0.0,0,0
780,218423,2017,12,0,0,0.0,0,0
780,200665,2018,11,0,0,0.0,0,0
780,207067,2018,4,0,0,0.0,7,0
780,230676,2017,5,0,0,0.0,0,0
780,243763,2018,7,0,0,0.0,0,0
780,250181,2017,12,0,0,0.0,0,0
780,257108,2017,8,0,0,0.0,0,9
780,267604,2018,11,0,0,0.0,545,0
780,266896,2017,12,0,0,0.0,0,0
780,200806,2018,11,0,0,0.0,396,0
780,267604,2018,1,0,0,0.0,0,0
780,202392,2018,8,0,0,0.0,0,8
780,267106,2018,8,0,0,0.0,0,0
780,207176,2018,12,0,10000,0.0,0,0
780,230987,2017,12,0,0,0.0,0,0
780,261103,2018,10,0,0,0.0,0,0
780,200685,2017,2,0,0,0.0,0,0
780,250820,2018,1,0,0,0.0,0,9
780,280165,2017,11,0,0,0.0,4,0
780,202297,2017,12,0,0,0.0,0,0
780,250662,2018,9,0,0,0.0,500,0
780,260860,2018,2,0,0,0.0,0,0
780,267811,2017,2,0,0,0.0,0,0
780,209667,2018,3,0,0,0.0,0,0
780,255887,2017,12,0,0,0.0,0,0
780,256445,2017,11,0,928,0.0,9,0
780,267106,2017,11,0,0,0.0,0,0
780,202106,2018,1,0,0,0.0,0,0
780,260677,2017,10,0,0,0.0,0,0
780,260611,2018,7,0,0,0.0,0,0
780,200706,2018,1,0,0,10000.0,0,0
780,270806,2018,12,0,0,0.0,0,0
780,297507,2018,12,0,0,0.0,0,0
780,207664,2017,12,0,0,0.0,0,0
781,2106,2017,6,6,11780,11780.0,527,90
781,17103,2018,7,5,7305,7305.0,0,0
781,6803,2017,6,5,1835,1835.0,544,98
781,24998,2018,11,6,3030,3030.0,0,0
781,18607,2018,2,5,5926,5926.0,500,1
781,27102,2018,8,4,4168,14162.0,0,0
781,53436,2017,7,3,5885,5885.0,0,0
781,67186,2017,2,3,4606,4606.0,4,101
781,97193,2018,5,2,4868,4868.0,568,0
781,111092,2018,11,2,4606,4606.0,0,0
781,110829,2018,10,2,4700,4700.0,0,0
781,117662,2018,1,2,4628,4028.0,597,6
781,133036,2018,12,1,836,836.0,566,108
781,149131,2017,1,1,616,616.0,4,0
781,150125,2018,1,1,2317,2317.0,534,0
781,160006,2018,4,1,1370,1370.0,0,0
781,167033,2018,10,1,817,817.0,597,0
781,164367,2018,6,1,2458,2458.0,0,71
781,162506,2018,8,1,2101,2411.0,590,91
781,212806,2017,2,0,0,0.0,0,0
781,200673,2018,4,0,0,0.0,552,0
781,200003,2018,3,0,0,0.0,0,0
781,361566,2018,1,0,0,0.0,9,0
781,302663,2018,12,0,0,0.0,590,0
782,18953,2018,8,5,10705,10705.0,0,0
782,34413,2018,11,4,6308,6308.0,4,0
782,42603,2018,8,4,2836,2836.0,534,98
782,47247,2018,12,3,7371,7371.0,0,0
782,51833,2018,1,3,1809,1809.0,0,0
782,69867,2018,1,3,336,336.0,0,0
782,60687,2017,2,3,4317,4317.0,0,0
782,85402,2018,4,3,4381,4381.0,0,0
782,107103,2017,6,0,0,0.0,0,0
782,197672,2018,5,0,0,0.0,0,0
782,197807,2018,7,0,0,0.0,0,0
782,197605,2017,2,0,0,0.0,0,1
782,207866,2017,9,0,0,0.0,0,0
782,205686,2017,11,0,711,1.0,0,0
782,207193,2017,2,0,0,0.0,0,0
782,209859,2017,9,0,0,0.0,0,8
782,257166,2017,12,0,0,0.0,0,0
782,264808,2017,11,0,0,0.0,0,0
782,264865,2018,3,0,0,0.0,0,0
782,360604,2018,1,0,0,0.0,500,0
782,306103,2018,12,0,0,0.0,0,0
782,369606,2018,5,0,0,0.0,0,8
782,366403,2018,7,0,0,0.0,0,0
782,360273,2018,11,0,0,0.0,0,8
783,4748,2018,6,6,5800,5800.0,516,125
783,47466,2018,11,4,4748,4748.0,0,0
783,41895,2018,10,6,4760,4760.0,535,1
783,55106,2018,8,3,2301,12301.0,0,0
783,52686,2017,2,3,5287,5287.5,504,0
783,55603,2017,2,3,4626,4626.0,500,8
783,66835,2017,6,3,2005,2005.0,538,8
783,72104,2018,2,3,4327,4327.0,0,0
783,90605,2017,9,3,7616,7616.0,504,0
783,95085,2018,1,3,4630,4630.0,724,0
783,107598,2017,6,2,4981,4981.0,4,0
783,100866,2017,1,2,4637,4637.0,526,8
783,107865,2018,10,2,4636,4636.0,514,0
783,101063,2018,11,2,4461,4661.0,0,0
783,139632,2018,3,1,638,638.0,0,0
783,145088,2018,11,1,806,816.0,0,0
783,152605,2018,5,1,891,891.0,500,0
783,160106,2018,1,1,1406,1406.0,0,8
783,160803,2018,3,1,786,796.0,0,0
783,160106,2018,6,1,1486,432.0,0,0
783,320653,2018,9,1,736,636.0,0,0
783,307705,2018,12,0,0,6.0,588,0
783,300393,2018,1,0,0,1.0,0,0
783,307167,2018,12,0,0,0.0,564,108
784,2492,2017,6,6,11290,11290.0,0,0
784,7365,2017,7,6,10723,10723.0,524,108
784,49803,2018,10,4,4686,4686.0,90,0
784,57883,2017,1,3,4978,12978.0,0,0
784,62608,2017,11,3,1697,1697.0,0,0
784,65624,2017,12,3,4801,4801.0,397,121
784,145996,2018,2,1,887,882.0,0,0
784,157827,2018,11,1,816,816.0,0,1
784,187206,2017,1,0,0,0.0,0,0
784,183304,2018,10,0,0,0.0,0,0
784,192606,2017,2,0,0,0.0,0,0
784,197497,2017,2,0,0,0.0,0,0
784,194167,2017,3,0,0,0.0,0,0
784,207863,2017,4,0,0,0.0,0,0
784,247293,2017,7,0,0,0.0,0,0
784,260295,2018,6,0,0,0.0,0,0
784,260642,2017,11,0,0,0.0,524,0
784,267806,2018,2,0,0,0.0,0,8
784,263800,2018,9,0,0,0.0,0,0
784,307804,2018,2,0,0,0.0,0,0
784,317193,2018,3,0,0,0.0,0,0
784,300602,2018,4,0,0,0.0,500,0
784,340664,2018,6,0,0,0.0,0,0
784,352008,2018,11,0,0,0.0,0,0
785,6666,2018,8,7,4625,4625.0,0,0
785,11533,2017,7,5,3875,3875.0,0,0
785,44808,2018,9,4,8603,8603.0,0,1
785,50963,2018,4,3,3241,3241.0,4,0
785,41602,2017,5,3,5871,5871.0,0,8
785,55302,2018,7,3,7206,7206.0,524,5
785,56205,2017,11,3,4206,4206.0,530,8
785,78863,2018,1,3,4627,4627.0,500,0
785,97636,2017,1,3,4887,4887.0,7,8
785,137123,2017,1,1,847,847.0,0,0
785,95868,2017,2,0,0,0.0,0,0
785,197483,2017,2,0,0,0.0,0,0
785,205674,2017,3,0,0,0.0,0,0
785,207809,2017,8,0,0,0.0,0,0
785,217503,2017,3,0,0,0.0,0,0
785,220104,2017,5,0,0,0.0,0,0
785,268303,2017,11,0,0,0.0,0,0
785,266664,2017,11,0,0,0.0,0,98
785,265140,2018,1,0,0,0.0,0,3
785,266301,2018,2,0,0,0.0,0,0
785,359622,2018,9,0,0,0.0,0,0
785,350002,2018,12,0,80,0.0,0,0
785,369604,2018,6,0,0,0.0,0,0
785,340593,2018,12,0,0,0.0,0,0
786,87256,2018,7,3,4107,4107.0,0,0
786,106566,2017,8,1,2448,2448.0,500,91
786,159867,2018,6,1,816,816.0,590,1
786,168806,2018,1,1,717,717.0,0,0
786,163306,2018,1,1,876,876.0,0,0
786,207806,2017,12,0,0,0.0,0,0
786,200105,2017,7,0,0,0.0,0,0
786,200003,2017,8,0,0,0.0,0,0
786,205886,2017,3,0,0,0.0,0,0
786,207063,2017,4,0,0,0.0,0,0
786,205833,2017,9,0,0,0.0,0,0
786,204093,2017,5,0,0,0.0,0,0
786,215606,2017,2,0,0,0.0,0,0
786,205129,2018,1,0,0,0.0,0,0
786,217003,2017,11,0,0,0.0,0,0
786,250806,2017,2,0,0,0.0,0,0
786,267107,2017,10,0,0,0.0,0,0
786,269136,2017,11,0,0,0.0,0,0
786,277563,2018,2,0,0,0.0,0,0
786,269166,2017,11,0,0,0.0,0,0
786,312102,2018,3,0,0,0.0,598,0
786,328633,2018,4,0,0,0.0,0,0
786,361607,2018,11,0,0,0.0,894,118
786,370099,2018,12,0,0,0.0,0,2
787,9046,2017,6,5,10300,10300.0,622,8
787,7666,2017,8,5,10545,10545.0,536,93
787,39907,2018,1,4,5387,5387.0,0,0
787,40819,2018,7,4,7900,7900.0,0,0
787,65102,2018,6,3,4823,4823.0,590,78
787,63678,2017,8,3,5726,5726.0,6,0
787,60183,2017,11,3,4836,6836.0,0,0
787,167666,2018,4,1,818,818.0,0,0
787,160168,2018,12,1,2156,2156.0,568,93
787,160620,2018,10,1,185,185.0,0,0
787,162603,2018,9,1,1906,1906.0,567,100
787,160163,2018,11,1,928,928.0,574,91
787,327817,2018,1,0,0,0.0,0,1
787,368145,2017,12,0,0,0.0,590,0
787,390838,2018,2,0,0,0.0,591,99
787,303665,2018,3,0,0,0.0,0,0
787,300802,2018,4,0,0,0.0,0,0
787,347297,2018,7,0,0,0.0,0,0
787,322193,2018,3,0,0,0.0,0,0
787,321202,2018,5,0,0,0.0,824,0
787,352503,2018,2,0,0,0.0,500,0
787,360106,2018,1,0,0,0.0,0,58
787,367886,2018,11,0,0,0.0,0,78
787,368603,2018,12,0,0,0.0,596,0
788,2042,2017,6,6,11686,11686.0,0,0
788,693,2018,7,6,2825,2825.0,568,81
788,17906,2018,5,5,4105,4105.0,0,0
788,35809,2017,8,4,2880,2880.0,0,0
788,61602,2017,12,3,4616,4616.0,594,100
788,60156,2017,11,3,5606,5606.0,0,1
788,104709,2017,12,2,3716,3716.0,564,8
788,107106,2017,3,2,3806,3806.0,0,0
788,100715,2017,12,2,4440,4440.0,0,0
788,100866,2018,1,2,4686,4686.0,516,0
788,103865,2017,10,2,4308,4308.0,0,1
788,107369,2017,6,2,4668,4668.0,387,108
788,119206,2018,4,2,1036,1036.0,0,8
788,150163,2018,1,1,1871,1871.0,0,0
788,168988,2018,12,1,636,636.0,0,0
788,165695,2018,1,1,718,718.0,524,8
788,167806,2018,12,1,838,838.0,0,0
788,167882,2018,7,1,801,801.0,0,0
788,197166,2018,3,0,0,5.0,0,0
788,203665,2017,8,0,0,0.0,0,0
788,304802,2018,4,0,0,0.0,564,108
788,307106,2018,3,0,0,0.0,0,0
788,375666,2018,11,0,0,0.0,0,0
788,313102,2018,8,0,0,0.0,0,98
789,41835,2018,12,4,4800,4800.0,0,0
789,60062,2017,1,3,4147,4147.0,0,0
789,175896,2018,2,1,600,600.0,0,0
789,324805,2018,12,1,776,776.0,0,0
789,325860,2017,1,0,0,0.0,500,1
789,367176,2018,12,0,0,0.0,0,2
789,360067,2017,3,0,0,0.0,544,96
789,367567,2017,4,0,0,0.0,0,0
789,360263,2017,5,0,0,0.0,0,0
789,357639,2018,10,0,0,0.0,0,8
789,307106,2017,12,0,0,0.0,0,0
789,327662,2017,6,0,0,0.0,0,0
789,360646,2017,11,0,0,0.0,0,0
789,369406,2018,6,0,0,0.0,0,0
789,360996,2018,8,0,0,0.0,0,0
789,367839,2018,11,0,0,0.0,0,0
789,362286,2018,8,0,0,0.0,0,0
789,367166,2018,11,0,0,0.0,0,0
789,367092,2018,9,0,0,0.0,0,0
789,369803,2018,2,0,0,0.0,597,100
789,360865,2018,12,0,0,0.0,577,148
789,360166,2018,11,0,0,0.0,0,0
789,364102,2018,1,0,0,0.0,0,0
789,364762,2018,3,0,0,0.0,0,0
790,187866,2017,1,0,120,120.0,0,0
790,195666,2017,2,0,0,0.0,0,0
790,190295,2017,2,0,0,0.0,0,0
790,199856,2017,3,0,0,0.0,0,0
790,222964,2017,4,0,0,0.0,0,0
790,212609,2017,6,0,0,0.0,0,0
790,229594,2017,7,0,0,0.0,0,0
790,230187,2017,1,0,0,0.0,0,0
790,240077,2017,8,0,0,0.0,0,0
790,267890,2017,10,0,0,0.0,0,0
790,268103,2017,12,0,0,0.0,0,0
790,262387,2017,11,0,0,0.0,0,0
790,260964,2017,12,0,0,0.0,526,158
790,260169,2017,11,0,236,10006.0,0,0
790,283164,2017,12,0,0,0.0,0,0
790,287660,2018,1,0,0,0.0,0,0
790,297166,2018,0,0,0,0.0,0,0
790,311507,2018,1,0,0,0.0,0,0
790,327601,2018,4,0,0,0.0,0,0
790,313802,2018,5,0,0,0.0,0,0
790,323979,2018,7,0,0,0.0,0,0
790,360886,2018,9,0,0,0.0,0,0
790,363303,2018,11,0,0,0.0,0,0
790,370196,2018,12,0,0,0.0,661,100
791,7606,2018,6,6,10100,10100.0,500,58
791,19666,2017,7,5,10441,10441.0,0,8
791,17263,2018,8,5,4675,4675.0,344,8
791,27624,2018,7,5,7386,7386.0,0,0
791,52869,2017,5,3,1127,1127.0,600,71
791,67663,2018,2,3,4236,4236.5,564,98
791,66107,2017,12,3,3821,3821.0,380,90
791,107105,2017,12,2,4201,4201.0,620,0
791,155091,2018,9,2,4336,4336.0,0,9
791,185613,2017,9,1,738,738.0,0,0
791,117192,2018,1,1,706,706.0,0,0
791,167661,2017,8,1,648,648.0,0,0
791,186596,2017,1,0,0,0.0,7,0
791,195168,2017,2,0,0,0.0,1,0
791,207996,2017,3,0,0,0.0,0,0
791,200197,2017,11,0,0,0.0,0,0
791,220804,2018,1,0,0,0.0,0,0
791,233116,2017,6,0,0,0.0,6,141
791,240193,2018,8,0,0,0.0,0,0
791,257163,2017,9,0,0,0.0,0,88
791,267669,2017,10,0,0,0.0,0,0
791,317186,2018,12,0,0,0.0,505,0
791,322875,2018,4,0,0,0.0,0,0
791,345607,2018,2,0,0,0.0,0,0
792,15866,2018,1,5,2300,2300.0,0,0
792,7804,2018,3,6,4182,4182.0,0,0
792,10803,2018,2,5,14305,14305.0,0,0
792,25107,2017,6,3,3331,3331.0,599,88
792,62809,2018,1,3,4333,4333.0,594,6
792,67805,2018,6,3,4323,4323.0,534,0
792,67075,2017,12,3,3336,3336.0,500,91
792,160906,2018,1,2,3438,3438.0,0,5
792,161106,2017,0,1,2338,2338.0,0,0
792,168602,2018,9,1,842,842.0,0,0
792,168402,2018,9,1,301,301.0,0,0
792,168606,2018,6,1,2827,2827.0,360,8
792,165527,2018,1,1,921,921.0,520,0
792,179604,2017,2,1,2331,2331.0,521,0
792,177127,2017,3,1,807,807.0,596,78
792,300364,2018,12,0,0,0.0,595,8
792,305896,2018,4,0,0,0.0,8,0
792,300566,2018,3,0,0,0.0,0,0
792,310639,2018,10,0,0,0.0,0,8
792,320255,2018,12,0,0,0.0,0,0
792,314306,2018,4,0,0,0.0,0,0
792,336842,2018,7,12,0,0.0,0,0
792,327279,2018,11,0,0,0.0,520,0
792,354167,2018,4,0,0,0.0,0,0
793,27622,2018,12,5,10670,10670.0,0,0
793,65952,2018,1,3,4216,4216.0,0,0
793,67802,2018,7,3,2365,2365.0,509,0
793,68264,2017,6,3,2707,2707.0,0,0
793,67302,2017,3,3,5071,5071.0,0,6
793,62105,2017,8,3,4381,4381.0,598,9
793,60894,2017,10,3,4337,4337.0,524,0
793,67133,2018,4,3,4608,6608.0,0,8
793,67872,2017,7,3,4338,4338.0,0,0
793,107681,2017,6,2,3604,3604.0,0,0
793,162867,2018,10,1,866,30866.0,524,99
793,160866,2018,2,1,867,867.0,364,0
793,165865,2018,5,1,636,636.0,4,98
793,160652,2018,9,1,828,828.0,391,2
793,172927,2018,1,1,1901,1901.0,500,0
793,302825,2018,11,0,0,0.0,0,0
793,302136,2018,3,0,0,0.0,0,0
793,367106,2018,8,0,0,0.0,0,0
793,360067,2018,8,0,0,0.0,0,0
793,366105,2018,1,0,0,0.0,0,0
793,364106,2018,8,0,0,0.0,0,0
793,360865,2018,11,0,0,0.0,500,3
793,364605,2018,12,0,0,0.0,0,0
793,364062,2018,11,0,0,0.0,5,148
794,187690,2017,1,0,0,0.0,0,0
794,190972,2017,2,0,0,0.0,0,0
794,207803,2017,3,0,0,0.0,817,0
794,217201,2017,4,0,0,0.0,0,0
794,220007,2017,5,0,7,0.0,0,0
794,228164,2017,7,0,0,0.0,0,0
794,268807,2017,8,0,0,0.0,0,0
794,267408,2017,5,0,0,0.0,0,8
794,260206,2017,9,0,0,0.0,0,0
794,268106,2017,11,0,0,0.0,0,0
794,266195,2017,11,0,0,0.0,0,0
794,267603,2017,12,0,0,0.0,0,0
794,269108,2018,1,0,0,0.0,0,0
794,293108,2018,12,0,0,0.0,0,0
794,300405,2018,1,0,0,0.0,0,0
794,307170,2018,3,0,0,0.0,0,0
794,304606,2018,4,0,0,0.0,0,0
794,317166,2018,2,0,0,0.0,0,0
794,340666,2018,7,0,0,0.0,0,0
794,360609,2018,8,0,0,0.0,0,0
794,362676,2018,9,0,0,0.0,0,0
794,360161,2018,10,0,0,0.0,0,0
794,361105,2018,11,0,0,0.0,0,0
794,360177,2018,12,0,0,0.0,0,0
795,2164,2017,6,6,4708,4708.0,0,0
795,7863,2017,3,5,4130,4130.0,0,0
795,4802,2017,1,5,2700,2700.0,500,8
795,50864,2017,2,3,1201,1201.0,0,8
795,60631,2018,8,3,1322,1322.0,0,0
795,67674,2018,1,3,4876,4876.0,0,0
795,60606,2017,12,3,1608,1608.0,627,0
795,60157,2017,6,3,4338,4338.0,1,0
795,60022,2017,11,3,2371,2371.0,0,0
795,68106,2018,2,3,4886,4886.0,500,0
795,165603,2018,1,1,646,646.0,560,0
795,167863,2018,6,1,746,746.0,0,0
795,168606,2018,7,1,880,880.0,0,0
795,167609,2018,9,1,707,707.0,594,100
795,169164,2018,1,1,897,897.0,720,0
795,169663,2018,12,1,787,187.0,0,0
795,160696,2018,4,1,1437,437.0,0,0
795,161196,2018,9,1,1683,1683.0,0,0
795,169160,2018,2,1,1427,1437.0,560,0
795,189166,2017,1,0,0,0.0,0,0
795,181601,2017,1,0,3,0.0,525,1
795,97463,2018,10,0,0,0.0,500,0
795,336602,2018,2,0,0,0.0,0,0
795,306164,2018,11,0,0,0.0,578,0
796,7399,2018,7,7,10721,10721.0,597,78
796,20366,2017,8,4,4161,4161.0,594,98
796,61805,2018,6,23,4037,4037.0,0,120
796,62177,2017,11,3,4606,4606.0,0,0
796,63296,2018,7,3,4326,4326.0,0,0
796,67602,2018,1,3,5107,5107.0,0,0
796,67662,2017,8,3,2737,2737.0,0,0
796,68666,2018,9,3,2237,2237.0,0,100
796,167803,2018,1,1,731,731.0,8,0
796,190833,2018,11,1,2707,2707.0,598,108
796,200107,2017,2,0,0,0.0,0,100
796,205887,2017,3,0,0,0.0,0,0
796,200164,2017,2,0,0,0.0,0,0
796,203824,2017,5,0,0,0.0,0,0
796,200166,2017,12,0,0,0.0,0,1
796,209876,2017,3,0,0,0.0,0,0
796,200009,2018,2,0,0,0.0,0,2
796,205884,2018,3,0,0,0.0,0,0
796,204456,2018,4,0,0,0.0,0,0
796,296602,2018,8,0,2000,0.0,595,0
796,311368,2018,5,0,0,0.0,0,0
796,363683,2018,10,0,0,0.0,544,3
796,305178,2018,11,0,0,0.0,0,0
796,300166,2018,1,0,0,0.0,0,0
797,2861,2017,6,6,7880,7880.0,0,0
797,5836,2018,7,6,4616,4616.0,524,101
797,10804,2018,9,5,5105,5105.0,0,1
797,26906,2018,7,4,4254,7254.0,0,0
797,58066,2017,9,3,2171,2171.0,0,8
797,90264,2018,11,2,2006,2006.5,500,8
797,105806,2017,1,2,4236,4236.0,0,0
797,100167,2017,2,2,4875,4875.0,561,100
797,100902,2017,11,2,4106,4106.0,0,0
797,107627,2018,10,2,4226,4926.0,792,8
797,105903,2018,8,2,1806,1806.0,0,0
797,107104,2017,11,2,1806,1806.0,500,0
797,101303,2018,11,2,2186,2186.0,0,0
797,107864,2018,11,2,2366,2396.0,594,0
797,106867,2018,2,0,0,0.0,505,98
797,190601,2017,2,0,0,0.0,0,8
797,217602,2018,2,0,0,0.0,0,0
797,224163,2017,4,0,0,0.0,0,3
797,237206,2018,7,0,0,0.0,0,0
797,349669,2018,5,0,0,0.0,0,0
797,356895,2018,7,0,0,0.0,563,0
797,350886,2018,8,0,0,0.0,0,0
797,350606,2018,9,0,0,0.0,0,5
797,353092,2018,11,0,0,0.0,0,0
798,14267,2017,12,5,4680,4680.0,0,0
798,15335,2018,6,5,4370,4370.0,0,0
798,14173,2018,8,5,9805,9805.0,0,0
798,51626,2018,5,3,2836,2836.0,0,0
798,65466,2017,11,3,4381,4385.0,0,0
798,68606,2018,2,3,4622,4622.0,0,0
798,68116,2017,11,3,4630,4630.0,0,0
798,67161,2018,11,3,4037,4037.0,0,0
798,60169,2018,9,3,2223,2223.0,0,0
798,160267,2018,8,3,4606,4606.0,361,0
798,167687,2018,6,1,707,707.0,0,0
798,161857,2018,2,1,898,898.0,8,108
798,167800,2018,5,1,2306,2306.0,520,0
798,164066,2018,9,1,1741,1741.0,587,123
798,309909,2017,12,0,0,0.0,0,0
798,325867,2018,9,0,0,0.0,624,0
798,364066,2018,7,12,0,0.0,0,0
798,360105,2017,8,0,0,0.0,0,0
798,327103,2018,8,0,0,0.0,0,0
798,367803,2018,1,0,0,0.0,8,0
798,369963,2018,2,0,0,0.0,0,0
798,360196,2018,9,0,0,0.0,0,100
798,366624,2018,11,0,0,0.0,0,0
798,379630,2018,11,0,0,0.0,500,0
799,40875,2018,8,4,4601,20601.0,536,148
799,65396,2018,12,3,5205,5205.0,500,1
799,60813,2017,11,3,4832,4832.0,566,0
799,62902,2018,8,3,4245,4245.0,0,6
799,67860,2017,1,3,3727,3727.0,0,8
799,152880,2018,12,2,4809,4809.0,590,0
799,157825,2018,1,1,977,977.0,504,100
799,160109,2018,1,1,2787,2787.0,434,8
799,165810,2018,10,1,877,877.0,0,8
799,161603,2018,1,1,885,885.0,0,8
799,163066,2018,10,1,704,704.0,0,8
799,171094,2018,12,1,1461,1461.0,623,78
800,17333,2017,7,5,9335,9335.0,0,0
800,7693,2018,8,5,7835,7835.0,0,0
800,47927,2018,2,4,7388,7388.0,523,71
800,54867,2018,12,3,1600,1600.0,2,0
800,67102,2017,11,3,4616,4616.0,0,0
800,67168,2018,3,3,4616,4616.0,500,0
800,168469,2018,1,1,643,643.0,300,0
800,161866,2018,7,1,616,616.0,596,8
800,165102,2018,9,1,511,511.0,524,48
800,197186,2017,12,0,0,0.0,0,0
800,171685,2017,1,0,0,0.0,0,0
800,190627,2017,2,0,0,0.0,0,0
800,207121,2017,3,0,0,0.0,0,0
800,200306,2017,4,0,0,0.0,0,0
800,207100,2017,3,0,0,0.0,0,0
800,205862,2018,4,0,0,0.0,0,8
800,227866,2017,6,0,0,0.0,0,0
800,237145,2017,7,0,0,0.0,0,0
800,245806,2017,8,0,0,0.0,0,0
800,345830,2018,8,0,0,0.0,0,0
800,347899,2018,7,0,0,0.0,0,0
800,302606,2018,9,0,0,0.0,500,0
800,357132,2018,6,0,0,0.0,734,0
800,350887,2018,11,0,0,0.0,0,0
801,7696,2018,7,6,3638,3638.0,0,0
801,7569,2018,8,5,5335,5335.0,0,0
801,4804,2017,8,5,10720,10710.0,0,0
801,36803,2018,6,4,7308,7308.0,0,0
801,59307,2017,7,3,4348,60348.0,0,0
801,67666,2018,11,3,4311,4311.0,568,0
801,60801,2018,7,3,7630,7630.0,0,9
801,60049,2018,10,3,3678,3678.0,528,0
801,63193,2017,12,3,4348,4348.0,598,8
801,169179,2017,1,1,2644,2644.0,600,0
801,167695,2018,12,1,1806,1806.0,4,1
801,160139,2018,2,1,2302,2302.0,0,0
801,173194,2018,1,1,1807,1807.0,500,8
801,178164,2018,1,1,807,807.0,0,3
801,183159,2017,0,0,0,0.0,591,0
801,197462,2017,1,0,0,0.0,0,0
801,207608,2017,3,0,0,0.0,584,100
801,204102,2017,4,0,0,0.0,0,0
801,200868,2017,3,0,0,0.0,500,0
801,207187,2018,1,0,0,0.0,0,0
801,207423,2017,4,0,0,0.0,0,0
801,200105,2017,11,0,0,0.0,0,0
801,302809,2018,6,0,0,0.0,0,0
801,304193,2018,12,0,0,0.0,0,0
801,300107,2018,7,0,0,0.0,564,0
801,307492,2018,8,0,0,0.0,0,0
801,300207,2018,9,0,0,0.0,0,0
801,300806,2018,9,16,0,0.0,0,0
801,327666,2018,8,0,0,0.0,0,0
801,304806,2018,10,0,0,0.0,0,0
801,303603,2018,8,0,0,0.0,0,0
801,314906,2018,12,0,0,0.0,0,0
801,367004,2018,7,0,0,0.0,0,1
801,321789,2018,2,0,0,0.0,508,0
801,300533,2018,2,0,0,0.0,0,6
801,330096,2018,9,0,10000,0.0,527,0
801,359365,2018,5,0,0,0.0,0,8
801,303541,2018,8,0,0,0.0,0,0
801,350406,2018,8,0,0,0.0,0,0
801,357107,2018,8,0,0,0.0,0,0
801,375106,2018,9,0,0,0.0,0,0
801,360174,2018,6,0,0,0.0,0,0
801,306205,2018,12,0,0,0.0,0,0
801,306607,2018,3,0,0,0.5,574,0
801,350095,2018,11,0,0,0.0,0,8
801,320885,2018,12,0,0,0.0,0,0
801,360827,2018,12,0,5,0.0,534,0
801,350600,2018,12,0,0,0.0,547,0
802,5669,2018,7,6,10244,10244.0,0,0
802,9767,2018,6,5,4705,4705.0,0,0
802,67,2018,6,5,4840,4840.0,0,0
802,17905,2018,8,5,1601,1601.0,0,0
802,27933,2017,9,4,1607,1607.0,590,0
802,47323,2017,12,4,4821,4821.0,0,0
802,57686,2017,1,3,2643,2649.0,0,0
802,68304,2018,7,3,4446,4446.0,0,1
802,167873,2018,8,1,2801,2821.0,0,0
802,162804,2017,12,1,10787,787.0,0,0
802,170806,2018,1,1,801,801.0,567,100
802,182606,2017,11,0,0,0.0,0,1
802,192403,2017,2,0,0,0.0,8,0
802,307870,2017,3,0,0,0.0,0,0
802,307606,2018,2,0,0,0.0,0,0
802,300667,2018,3,0,0,0.0,0,0
802,304867,2018,4,0,10000,0.0,0,0
802,300186,2018,4,0,0,0.0,0,0
802,300803,2018,3,0,0,0.0,0,0
802,307662,2018,8,0,0,0.0,0,0
802,305103,2018,9,0,0,0.0,0,0
802,367506,2018,10,0,0,0.0,524,0
802,360183,2018,11,0,0,0.0,326,0
802,325005,2018,12,0,0,0.0,0,9
803,2168,2017,7,6,10646,10646.0,0,0
803,1616,2018,8,6,34888,4888.0,0,0
803,8629,2018,8,6,14000,14000.0,381,58
803,5907,2018,3,6,5681,5681.0,0,0
803,47803,2018,1,3,7166,7166.0,500,0
803,57860,2017,2,3,4896,4896.0,0,0
803,62696,2017,9,3,2286,2286.0,0,0
803,63106,2017,11,3,4637,4637.0,0,0
803,65800,2018,5,3,4341,4341.0,595,91
803,100166,2017,11,2,4800,4800.0,0,9
803,63846,2018,9,1,1803,1803.0,0,0
803,191106,2018,2,0,6,6.0,339,8
803,190697,2017,3,0,0,0.0,0,0
803,197896,2017,12,0,0,0.0,0,0
803,207293,2018,1,0,0,0.0,796,100
803,200806,2017,10,0,0,0.0,0,0
803,204883,2018,4,0,0,0.0,0,0
803,250209,2018,7,0,0,0.0,0,0
803,231826,2018,3,0,0,0.0,0,0
803,257181,2018,8,0,0,0.0,521,100
803,251606,2017,9,0,0,0.0,0,8
803,264602,2017,12,0,0,0.0,0,0
803,360805,2018,10,0,0,0.0,0,0
803,360192,2018,11,0,0,0.0,0,8
804,34096,2018,3,4,4788,6788.0,527,98
804,134802,2018,9,2,4641,4641.0,0,0
804,147665,2017,10,1,949,949.0,0,0
804,208847,2017,2,0,811,811.0,0,0
804,201103,2017,3,0,0,0.0,597,98
804,215106,2017,5,0,0,0.0,0,0
804,237607,2017,2,0,0,0.0,0,0
804,237896,2017,6,0,0,0.0,0,0
804,241206,2017,7,0,0,0.0,0,0
804,237802,2017,4,0,0,0.0,0,0
804,247806,2017,8,0,0,0.0,0,0
805,82971,2017,11,3,3376,3376.0,527,71
805,127936,2018,2,2,1621,1621.0,0,0
805,186503,2018,8,1,847,847.0,576,5
805,185506,2017,1,0,0,0.0,0,0
805,187103,2017,3,0,0,0.0,0,0
805,196107,2017,4,0,0,0.0,0,0
805,194168,2017,5,0,0,0.0,0,0
805,213166,2017,6,0,0,0.5,500,0
805,225366,2017,5,0,0,0.0,0,1
805,225105,2017,6,0,0,10000.0,0,8
805,234867,2017,9,0,0,0.0,435,0
805,269316,2017,12,0,0,0.0,0,0
805,263805,2017,11,0,0,0.0,0,0
805,237199,2017,12,0,0,0.0,0,0
805,245986,2017,8,0,0,0.0,0,0
805,267286,2017,11,0,0,0.0,0,8
805,273075,2018,1,0,0,0.0,0,0
805,260146,2018,11,0,0,0.0,0,0
805,260168,2018,1,0,0,0.0,0,0
805,302106,2018,2,0,0,0.0,0,0
805,304806,2018,3,0,0,0.0,0,0
805,335886,2018,12,0,0,0.0,0,0
805,342883,2018,8,0,0,0.0,0,0
805,320889,2018,7,0,0,0.0,0,0
806,16133,2018,12,5,4420,4420.0,0,1
806,90623,2018,2,3,5609,5609.0,500,0
806,147473,2018,8,1,37,837.0,0,0
806,167204,2018,3,1,697,697.0,594,91
806,188339,2017,1,0,0,0.0,4,0
806,187164,2017,2,0,0,0.0,0,0
806,195162,2017,5,0,0,0.0,0,0
806,197666,2017,3,0,0,0.0,0,0
806,197187,2017,4,0,0,0.0,0,0
806,205607,2017,6,0,0,0.0,0,0
806,200896,2017,11,0,0,0.0,0,0
806,201135,2017,7,0,0,0.0,0,0
806,200995,2017,4,0,0,0.0,8,0
806,239063,2017,7,0,0,0.0,0,0
806,257109,2017,9,0,0,0.0,0,0
806,260646,2018,1,0,0,0.0,0,0
806,267603,2017,12,0,0,0.0,0,0
806,260293,2017,11,0,0,0.0,600,0
806,260603,2017,12,0,0,0.0,0,0
806,270803,2018,8,0,0,0.0,0,0
806,280667,2017,12,0,0,0.0,0,0
806,280484,2018,1,0,0,0.0,0,0
806,266106,2018,11,0,0,0.0,0,0
806,280166,2018,12,0,0,0.0,0,0
807,57820,2017,1,3,4636,4636.0,0,0
807,327688,2017,2,6,14726,24726.0,500,98
807,369697,2018,1,3,4601,4601.0,500,8
807,367396,2018,5,3,4886,4886.0,0,0
807,360668,2017,1,3,10736,736.0,598,56
807,360187,2018,9,1,2881,2781.0,0,0
807,367186,2018,2,1,828,828.5,328,109
807,361845,2017,11,1,601,601.0,531,3
807,360867,2018,4,1,681,181.0,0,8
807,365865,2017,5,1,767,767.0,0,0
807,360069,2017,8,1,1888,1888.0,596,121
807,363605,2017,11,1,1803,1803.0,0,1
807,369865,2018,6,1,807,807.0,0,0
807,360124,2018,2,1,2377,2377.0,0,0
807,360851,2018,1,0,0,0.0,568,100
807,367846,2018,8,0,0,0.0,500,9
807,325197,2018,12,0,0,0.0,0,0
807,357346,2018,12,0,0,0.0,0,98
807,360833,2018,1,0,0,0.0,0,0
807,367197,2018,12,0,0,0.0,590,0
807,360805,2018,9,0,0,0.0,0,0
807,361692,2018,10,0,0,0.0,500,8
807,365167,2018,12,0,0,0.0,0,2
807,387670,2018,6,0,0,0.0,0,0
808,21119,2018,12,5,14440,14440.0,584,96
808,4813,2017,3,5,7840,7840.0,6,0
808,15000,2018,5,5,8805,8805.0,8,0
808,27800,2018,11,4,4281,4281.0,0,0
808,37867,2018,7,4,8396,8396.0,0,0
808,67069,2018,8,3,2890,2890.0,0,0
808,67166,2018,1,3,4727,4727.0,568,108
808,87265,2018,7,3,4712,4712.0,0,0
808,106163,2017,2,3,3786,3786.0,0,0
808,104605,2017,6,2,4756,4756.0,0,6
808,107633,2017,8,2,3347,3347.0,500,0
808,100533,2017,11,2,4686,4686.0,0,0
808,113166,2018,9,2,1600,1600.0,536,0
808,160886,2018,2,1,667,667.0,511,1
808,167603,2018,4,1,841,841.0,0,91
808,160886,2018,2,1,847,847.0,0,0
808,160606,2018,5,1,1808,1808.0,570,0
808,161839,2018,3,1,806,806.0,0,0
808,165963,2018,1,1,605,835.0,0,0
808,165076,2018,10,1,1631,986.0,1,0
808,202696,2017,2,0,0,0.0,0,8
808,309899,2018,11,0,0,0.0,597,0
808,300506,2018,1,0,0,0.0,538,100
808,305195,2018,2,0,0,0.0,0,3
809,8866,2018,8,5,14195,14195.0,0,0
809,40630,2018,11,4,4248,4248.0,545,100
809,43100,2018,12,4,2686,2686.0,0,5
809,50893,2018,7,3,5646,5646.0,0,0
809,105402,2017,1,2,4330,4330.0,0,0
809,104179,2017,2,2,188,188.0,500,0
809,102179,2017,7,2,4806,4806.0,564,100
809,107600,2017,10,2,4240,4240.0,0,0
809,100963,2017,3,2,4328,4398.0,0,0
809,103806,2018,8,2,3427,3427.0,0,0
809,322883,2018,6,2,4080,4080.0,524,0
809,360863,2018,12,1,637,637.0,8,108
809,307992,2017,1,0,0,0.0,0,0
809,307483,2018,3,0,0,0.0,0,0
809,307665,2017,4,0,0,0.0,0,0
809,305003,2018,6,0,0,0.0,8,8
809,350894,2018,1,0,0,0.0,0,0
809,320186,2018,4,0,0,0.0,0,0
809,347965,2018,8,0,0,0.0,500,0
809,357690,2018,2,0,0,0.0,7,101
809,350166,2018,11,0,0,0.0,0,0
809,355506,2018,7,0,0,0.0,800,3
809,364869,2018,11,0,0,0.0,0,0
809,369162,2018,12,0,0,0.0,535,71
810,5663,2018,7,6,18638,18638.0,560,8
810,9306,2017,8,5,5805,5805.0,0,1
810,17781,2018,7,5,10605,10605.0,524,100
810,22199,2017,9,4,7822,7822.0,0,0
810,27163,2018,12,4,5800,5800.0,0,0
810,82266,2018,1,3,4001,4001.0,0,0
810,97063,2018,2,2,3331,3331.0,0,0
810,307,2017,8,3,2326,2326.0,327,8
810,107666,2018,1,2,1126,1126.0,0,0
810,156106,2018,12,1,807,807.0,0,0
810,155166,2018,2,1,1871,1871.0,531,0
810,164122,2018,6,1,604,604.0,591,0
810,160066,2018,3,1,2107,2107.0,0,3
810,161673,2018,3,1,1807,1807.0,525,90
810,122898,2018,5,1,701,701.0,0,0
810,161626,2018,11,1,2907,2907.0,516,100
810,165855,2018,6,1,977,977.0,0,1
810,160334,2018,2,1,806,806.0,0,0
810,160676,2018,10,1,2377,337.0,0,8
810,160666,2018,7,1,876,10879.0,0,0
810,207675,2018,8,1,187,6.0,0,8
810,303296,2018,10,0,0,7.0,0,1
810,300117,2018,9,0,0,0.0,510,0
810,300107,2018,11,0,0,0.0,0,0
811,3882,2017,7,6,3632,3632.0,0,0
811,860,2018,8,6,7337,7337.0,600,0
811,2893,2017,8,6,2014,2014.0,0,0
811,4166,2017,12,5,7366,7366.0,0,0
811,7006,2018,5,6,10608,608.0,521,70
811,1893,2017,11,3,807,807.0,524,8
811,6464,2017,6,5,4687,4987.0,0,8
811,6311,2017,8,2,2300,2300.0,524,108
811,103,2017,11,3,4578,4578.0,4,0
811,5861,2018,8,2,1306,1306.0,0,0
811,206,2018,9,2,3308,3308.0,0,98
811,300836,2017,2,2,4386,386.0,0,0
811,307103,2018,3,0,0,0.0,0,0
811,307494,2018,6,0,0,0.0,0,0
811,307116,2018,7,0,0,0.0,0,0
811,307087,2018,5,0,0,0.0,0,8
811,307466,2018,9,0,0,0.0,0,0
811,307109,2018,12,0,0,0.0,0,0
811,304106,2018,3,0,0,0.0,0,0
811,307800,2018,8,0,0,0.0,0,0
811,350804,2018,1,0,0,0.0,0,0
811,360106,2018,11,0,0,0.0,0,0
811,347290,2018,11,0,0,0.0,0,0
811,340892,2018,12,0,0,0.0,0,8
812,2195,2018,8,6,5806,5806.0,0,0
812,4976,2018,7,6,10047,10047.0,594,98
812,107267,2018,8,2,4788,4788.0,524,98
812,107607,2017,11,2,1302,1302.0,607,98
812,104806,2018,11,2,4661,4661.0,514,98
812,100504,2017,2,2,2806,2806.0,0,8
812,107806,2017,1,2,3806,3806.0,0,1
812,101874,2018,3,2,1306,1306.0,0,0
812,100637,2017,9,2,4830,4830.0,334,1
812,185975,2017,1,0,0,0.0,0,0
812,197265,2017,2,0,0,0.0,0,0
812,200683,2017,1,0,0,0.0,0,68
812,205192,2017,2,0,0,0.0,0,0
812,209093,2017,3,0,0,0.0,0,0
812,209363,2017,4,0,0,0.0,0,0
812,201893,2018,4,0,0,0.0,0,75
812,209306,2017,3,0,0,0.0,0,0
812,215001,2018,4,0,0,0.0,0,0
812,251120,2018,9,0,0,0.0,4,100
812,266806,2017,10,0,0,0.0,0,0
812,260866,2018,5,0,0,0.0,520,0
812,260606,2018,12,0,0,0.0,0,0
812,263823,2018,11,0,0,0.0,594,0
812,274027,2018,12,0,0,0.0,534,0
813,34321,2018,11,4,4397,4397.0,387,121
813,40639,2018,1,3,7806,7806.0,598,121
813,57906,2018,2,3,4496,4496.0,0,0
813,167687,2018,7,12,3688,3688.0,0,0
813,168707,2017,11,1,601,601.0,598,0
813,160126,2018,8,1,673,673.0,0,0
813,376567,2018,2,1,501,501.0,547,6
813,392005,2017,5,0,0,0.0,0,0
813,340863,2017,9,0,0,0.5,0,0
813,340606,2017,2,0,0,0.0,0,0
813,345646,2017,8,0,0,0.0,0,0
814,18977,2018,8,5,23020,13020.0,0,0
814,57666,2018,1,3,3636,3636.0,532,95
814,26805,2017,5,4,5808,5808.0,500,1
814,99896,2018,6,3,2307,2307.0,0,0
814,100869,2017,8,2,4886,4886.0,0,0
814,113613,2018,4,2,4009,4009.0,0,0
814,111195,2018,9,2,2326,2326.0,525,91
814,110283,2018,5,2,3866,3846.0,8,108
814,101639,2018,2,2,2637,2637.0,0,0
814,109183,2018,11,2,2866,2866.0,394,9
814,100103,2018,12,2,4214,4914.0,568,90
814,107866,2017,2,2,2488,2488.0,790,0
814,113671,2018,1,2,4311,4311.0,0,0
814,185175,2017,1,0,0,0.0,0,0
814,195149,2017,3,0,0,0.0,0,0
814,200690,2017,1,0,0,0.0,0,8
814,203001,2017,4,0,0,0.0,590,0
814,212028,2017,11,0,0,0.0,0,0
814,263106,2017,11,0,0,0.0,0,0
814,250923,2017,10,0,0,0.0,0,0
814,265855,2018,2,0,0,0.0,0,0
814,263702,2017,10,0,0,0.0,0,0
814,263109,2018,3,0,0,0.0,0,0
814,269246,2018,12,0,0,0.0,0,0
815,8604,2017,3,5,4645,4645.0,0,0
815,17206,2018,5,5,3365,3365.0,534,98
815,37806,2018,8,4,3877,3877.0,0,0
815,46260,2017,6,4,3601,3601.0,0,0
815,54836,2017,1,3,7341,7341.0,0,0
815,67661,2018,9,3,3303,3303.0,0,0
815,60407,2017,2,3,2334,2334.0,598,198
815,67806,2018,6,3,4628,4628.0,0,0
815,107656,2017,5,2,4666,4666.0,0,0
815,102403,2017,11,2,2616,2616.0,0,1
815,105899,2017,5,2,4676,4676.0,0,0
815,166506,2018,7,1,1301,1301.0,500,6
815,157003,2018,1,1,1341,1341.0,0,0
815,167667,2018,1,1,731,731.0,700,0
815,162264,2018,1,1,2377,2377.0,0,0
815,168128,2018,12,1,601,601.0,524,1
815,166167,2018,11,1,521,521.0,0,8
815,163146,2018,2,1,38,833.0,0,0
815,347899,2018,7,0,0,0.0,0,91
815,305611,2018,8,0,5,0.0,718,0
815,361806,2018,5,0,0,0.0,0,91
815,348670,2018,8,0,0,0.0,0,1
815,356404,2018,9,0,0,0.0,0,0
815,367168,2018,12,0,0,0.0,0,8
816,6266,2018,8,6,7325,7325.0,0,0
816,108165,2018,3,2,1806,1806.0,594,178
816,105836,2018,6,2,4370,4370.0,1,8
816,175826,2018,10,1,603,603.0,0,0
816,180565,2018,1,0,0,0.0,0,0
816,186165,2017,2,0,0,0.0,0,6
816,197296,2017,1,0,0,0.0,0,0
816,197666,2017,3,0,0,0.0,0,0
816,203806,2017,4,0,0,0.0,0,0
816,202401,2017,6,0,0,0.0,0,0
816,207627,2017,7,0,0,0.0,5,0
816,201106,2017,4,0,0,0.0,0,0
816,207165,2017,12,0,0,0.0,0,0
816,201806,2017,11,0,0,0.0,0,0
816,207466,2017,1,0,0,0.0,0,0
816,204889,2017,12,0,0,0.0,0,8
816,204667,2018,3,0,0,0.0,0,1
816,225603,2017,4,0,0,0.0,0,0
816,281146,2018,2,0,0,0.0,0,0
816,300694,2018,8,0,0,0.0,0,0
816,312566,2018,4,0,0,0.0,0,0
816,323757,2018,5,0,0,0.0,523,0
816,329153,2018,8,0,0,0.0,564,0
816,310001,2018,11,0,0,0.0,0,8
817,14826,2018,8,5,5335,5335.0,634,121
817,27161,2018,7,4,4436,4436.0,0,0
817,47172,2018,12,4,4341,4341.0,531,96
817,88836,2017,9,3,4807,4807.0,500,0
817,104632,2018,6,2,2366,2366.0,0,0
817,104806,2017,11,2,3606,3606.0,7,8
817,120835,2018,6,2,2228,2228.0,0,0
817,164822,2018,1,1,706,706.0,501,8
817,177862,2018,10,1,1344,1344.0,0,0
817,182686,2017,1,0,0,0.0,0,0
817,198860,2018,1,0,0,0.0,0,0
817,180739,2017,2,0,0,0.0,0,0
817,204582,2017,3,0,0,0.0,0,0
817,203397,2017,8,0,0,0.0,0,0
817,209166,2017,2,0,0,0.0,0,0
817,208277,2017,4,0,0,0.0,0,0
817,204158,2018,3,0,0,0.0,0,0
817,212646,2018,5,0,0,0.0,0,0
817,224802,2018,4,0,0,0.0,0,0
818,48463,2018,8,4,5300,5300.0,0,0
818,45892,2017,7,4,7204,7206.0,0,0
818,67664,2018,7,3,3671,3671.0,596,108
818,60306,2017,1,3,3243,3243.0,2,0
818,60692,2017,11,3,4148,4148.0,521,1
818,61665,2018,8,3,3427,3487.0,0,0
818,100802,2017,5,2,25268,5268.0,0,0
818,102662,2017,3,2,2018,2018.0,522,108
818,105162,2017,12,2,3738,3738.0,0,0
818,165130,2018,1,2,4758,4758.0,5,100
818,167168,2018,6,1,804,804.0,534,0
818,165906,2018,12,1,607,607.0,561,107
818,167106,2018,1,1,1375,1375.0,0,0
818,164103,2018,12,1,2931,2931.0,0,0
818,165090,2018,11,1,788,788.0,396,0
818,365969,2018,1,1,2003,2003.0,598,0
818,300136,2017,2,0,0,0.0,524,90
818,317664,2018,5,0,0,0.0,0,0
818,363632,2017,10,0,0,0.0,0,8
818,362936,2018,8,0,0,0.0,0,0
818,364962,2018,9,0,0,0.0,0,0
818,363402,2018,11,0,30000,0.0,0,0
818,367865,2018,11,0,0,0.0,298,0
818,357186,2018,12,0,0,0.0,4,8
819,11396,2017,7,5,5035,5035.0,330,99
819,23488,2017,9,4,2820,2820.0,0,0
819,37803,2017,1,4,3600,3600.0,361,81
819,44106,2018,2,4,4488,4488.0,0,4
819,67186,2017,8,3,4647,4647.0,0,0
819,91104,2017,10,2,2356,2356.0,523,0
819,809,2017,2,3,1036,1036.0,0,0
819,97137,2017,11,2,4651,4651.0,0,78
819,94172,2017,2,2,4446,4446.0,4,0
819,92306,2018,1,2,1828,1828.0,626,0
819,93186,2017,12,2,4606,4606.0,0,0
819,161103,2018,3,1,2108,2108.0,4,108
819,162607,2018,1,1,1602,1602.0,528,98
819,163366,2018,9,1,618,618.0,0,0
819,167836,2018,11,1,2405,2405.0,0,0
819,181861,2017,1,0,0,0.0,0,8
819,187863,2017,1,0,0,0.0,0,0
819,190202,2017,2,0,0,0.0,0,0
819,202666,2018,3,0,0,0.0,0,0
819,203682,2018,4,0,0,0.0,0,0
819,200893,2018,10,0,0,0.0,8,100
819,207823,2018,8,0,0,0.0,0,0
819,204185,2018,11,0,0,0.0,0,0
819,317097,2018,5,0,0,0.0,0,0
820,17897,2018,7,5,12850,12850.0,564,91
820,18692,2018,8,5,5415,5415.0,0,0
820,62168,2017,12,3,4885,4885.0,724,48
820,65606,2018,2,3,7176,7176.0,504,0
820,167675,2018,11,1,716,716.0,0,0
820,160106,2018,2,1,736,736.0,0,0
820,190167,2018,11,1,767,767.0,500,0
820,207302,2017,2,0,0,0.5,594,1
820,205607,2017,3,0,624,624.0,0,0
820,217603,2017,4,0,0,0.0,0,0
820,225106,2017,5,0,0,0.0,0,0
820,240268,2017,6,0,0,0.0,0,0
820,215167,2017,4,0,0,0.0,0,0
820,250184,2017,9,0,0,0.0,0,0
820,262196,2017,10,0,0,0.0,0,0
820,203875,2018,3,0,0,0.0,0,0
820,207105,2018,5,0,0,0.0,0,0
820,255809,2017,1,0,0,0.0,0,98
820,260207,2017,11,0,0,0.0,0,0
820,257166,2018,1,0,0,0.0,0,0
820,261194,2018,8,0,0,0.0,0,0
820,260108,2018,11,0,1,0.0,3,0
820,262603,2018,11,0,0,0.0,0,0
820,260111,2018,12,0,0,0.0,0,0
821,16956,2018,8,5,7025,7025.0,0,0
821,20642,2018,12,5,34505,4505.0,521,58
821,53802,2018,12,3,4806,4806.0,500,1
821,50121,2017,1,3,3607,3607.0,597,98
821,64804,2018,1,3,4337,4337.0,4,104
821,60806,2018,1,3,2865,2865.0,524,9
821,90806,2018,1,3,4371,4371.0,0,0
821,105103,2017,6,2,4361,4361.0,0,0
821,107118,2018,1,2,3047,3047.0,4,1
821,100909,2017,2,2,4339,4339.0,0,0
821,100103,2018,3,2,3832,3832.0,8,100
821,100536,2017,11,2,4632,4432.0,0,3
821,107972,2018,1,2,3886,3886.0,0,0
821,102971,2017,6,2,4428,4428.0,0,0
821,127906,2018,4,2,4418,4418.0,0,8
821,150139,2017,12,1,888,382.0,561,0
821,204102,2017,3,0,0,0.5,528,0
821,200703,2017,4,0,0,0.0,9,0
821,203161,2017,5,0,0,0.0,4,0
821,204633,2017,7,0,0,0.0,0,0
821,204998,2018,3,0,0,0.0,0,0
821,205137,2018,6,0,0,0.0,0,0
821,207023,2018,8,0,0,0.0,0,8
821,205168,2018,1,0,0,0.0,524,0
822,2696,2017,7,6,11326,11326.0,321,81
822,6806,2018,8,6,7325,7325.0,0,0
822,110606,2018,9,2,4838,4838.0,500,1
822,106494,2018,11,6,10738,10738.0,0,8
822,111865,2018,2,2,4748,6748.0,0,0
822,123849,2018,1,2,4106,4106.0,500,0
822,137802,2017,2,2,2300,2300.0,0,0
822,127689,2018,4,2,4606,4906.0,0,8
822,155664,2017,5,1,907,907.0,0,1
822,165105,2018,3,1,1485,1485.0,0,0
822,165182,2017,6,1,601,601.0,661,0
822,164877,2018,8,1,827,827.0,0,0
822,167869,2018,9,1,685,685.0,0,2
822,197868,2017,1,0,0,0.0,0,0
822,201805,2017,3,0,0,0.0,0,0
822,210433,2017,4,0,0,0.0,0,0
822,221863,2017,5,0,0,0.0,0,0
822,267101,2017,11,0,0,0.0,820,0
822,247163,2017,1,0,0,0.0,0,0
822,257823,2018,8,0,0,0.0,500,0
822,265136,2017,10,0,0,0.0,500,0
822,290137,2017,19,0,0,0.0,0,0
822,305270,2018,4,0,0,0.0,0,0
822,307122,2018,12,0,0,0.0,0,0
823,7806,2018,7,6,7366,7366.0,0,0
823,12466,2017,6,5,4461,4461.0,550,58
823,29004,2018,5,4,2136,2136.0,0,0
823,59864,2017,2,3,4871,4871.0,0,0
823,67193,2017,2,3,2397,2397.0,741,0
823,119475,2018,8,2,1136,1136.0,590,91
823,153391,2018,10,3,2606,2606.0,500,121
823,177602,2018,1,1,606,606.0,573,88
823,207209,2017,7,0,0,0.0,0,0
823,200856,2018,3,0,0,0.0,0,0
823,207875,2017,6,0,0,0.0,500,0
823,211505,2017,1,0,0,0.0,0,0
823,222897,2017,9,0,0,0.0,0,0
823,244803,2017,9,0,0,0.0,0,0
823,247669,2017,11,0,0,0.0,0,0
823,250406,2017,2,0,0,0.0,0,0
823,257610,2017,4,0,0,0.0,0,0
823,268967,2017,11,0,0,0.0,0,0
823,260106,2018,2,0,0,0.0,0,3
823,260608,2018,9,0,0,0.0,0,0
823,264608,2018,3,0,0,0.0,0,0
823,260409,2018,11,0,0,0.0,594,0
823,266063,2017,11,0,0,0.0,0,0
823,280866,2018,12,0,0,0.0,0,0
824,5372,2018,7,6,12926,12926.0,425,88
824,7667,2018,8,6,10105,10105.0,0,0
824,7492,2018,6,6,10805,10805.0,0,0
824,45667,2018,9,4,7638,7638.0,524,0
824,50162,2017,8,3,4242,4242.0,0,0
824,65303,2018,3,3,4308,4308.0,0,0
824,77664,2018,5,3,2373,2373.0,0,0
824,107467,2017,5,2,1326,1326.0,599,1
824,105728,2017,8,2,4706,4706.0,561,91
824,110193,2018,9,2,2888,2888.0,500,99
824,127666,2017,11,2,4836,4836.0,0,0
824,127331,2018,12,2,4607,4907.0,0,3
824,165266,2018,3,1,2009,2009.0,596,140
824,360567,2018,7,1,656,456.0,4,3
824,360603,2017,10,1,2345,2345.0,0,1
824,322565,2018,1,0,0,0.0,0,0
824,322964,2018,12,0,0,0.0,0,0
824,327462,2018,4,0,0,0.0,0,0
824,391446,2018,2,0,0,0.0,0,0
824,319865,2018,6,0,0,0.0,598,0
824,347053,2018,7,0,0,0.0,572,0
824,350606,2018,9,0,0,0.0,0,0
824,368166,2018,11,0,0,0.0,0,0
824,387696,2018,12,0,0,0.0,0,1
825,6804,2018,8,6,6706,6706.0,586,101
825,27506,2018,12,5,10075,10075.0,500,5
825,37661,2017,5,4,7000,7000.0,0,1
825,48902,2018,9,4,6606,6606.0,0,0
825,85632,2018,1,3,4367,4365.0,596,71
825,97406,2018,12,3,1481,1481.0,598,1
825,107606,2017,11,2,2337,2337.5,538,0
825,117822,2018,9,2,4906,4906.0,351,98
825,117636,2018,3,2,4306,4306.0,544,148
825,121862,2018,12,2,4766,4766.0,0,98
825,127868,2018,6,2,4406,4406.0,1,0
825,183810,2018,1,0,0,0.0,0,100
825,197103,2017,2,0,0,0.0,0,6
825,200131,2017,4,0,0,0.0,6,0
825,235853,2017,8,0,0,0.0,0,0
825,235366,2017,6,0,0,0.0,0,9
825,242961,2017,7,0,0,0.0,1,0
825,262135,2017,8,0,0,0.0,0,0
825,260959,2017,10,0,0,0.0,0,0
825,260399,2017,11,0,0,0.0,0,0
825,350873,2018,9,0,0,0.0,0,0
825,357836,2018,11,0,0,0.0,572,0
825,360294,2018,11,0,0,0.0,0,0
825,360666,2018,12,0,0,0.0,0,0
826,13929,2017,12,5,12215,12215.0,0,0
826,47669,2018,5,4,6366,6366.0,0,0
826,147805,2018,11,1,2381,2381.0,0,0
826,167906,2018,11,1,303,303.0,0,0
826,168943,2017,12,1,11604,1604.0,594,98
826,187877,2018,1,0,0,0.0,0,0
826,197904,2017,1,0,0,0.0,0,78
826,197805,2017,2,0,0,0.0,494,0
826,201100,2017,3,0,0,0.0,0,0
826,215620,2017,4,0,0,0.0,0,0
826,222669,2017,5,0,0,0.5,561,0
826,232846,2017,6,0,0,0.0,0,0
826,247664,2017,7,0,0,0.0,4,0
826,257633,2017,9,0,0,0.0,0,0
826,262636,2017,10,0,0,0.0,0,0
826,267901,2017,11,0,0,0.0,0,0
826,260966,2017,12,0,0,0.0,0,0
826,261127,2018,11,0,0,0.0,0,1
826,233643,2017,12,0,0,0.0,0,2
826,260806,2018,9,0,0,0.0,0,0
826,281489,2018,1,0,0,0.0,0,0
826,287476,2018,2,0,0,0.0,0,0
826,237886,2018,11,0,0,0.0,521,0
826,200123,2018,2,0,0,0.0,0,0
827,7809,2017,3,5,10125,10125.0,0,0
827,12366,2017,8,5,14300,14300.0,0,0
827,22865,2017,6,4,4308,4308.0,545,8
827,67076,2017,4,3,2677,2677.0,0,1
827,67072,2018,5,3,5327,5327.0,500,1
827,65693,2018,2,3,1321,1321.0,594,8
827,64167,2018,5,3,1822,1822.0,500,0
827,66853,2018,9,3,7308,7308.0,0,0
827,105305,2017,8,2,4300,4300.0,0,0
827,107864,2017,12,2,4727,4727.0,0,71
827,105103,2017,11,2,4328,4328.0,584,141
827,104033,2017,10,2,2338,2330.0,574,1
827,375807,2018,2,1,2387,2387.0,500,0
827,304163,2017,6,0,0,0.0,0,9
827,304163,2018,3,0,0,0.0,0,0
827,302869,2018,4,0,0,0.0,0,8
827,313293,2018,11,0,0,0.0,0,0
827,328197,2018,6,0,0,0.0,7,0
827,330806,2018,7,0,0,0.0,0,0
827,337106,2018,10,0,0,0.0,0,0
827,350053,2017,11,0,0,0.0,0,0
827,364173,2018,8,0,0,0.0,561,0
827,361805,2018,11,0,0,0.0,0,0
827,360462,2018,12,0,0,0.0,0,0
828,187614,2017,1,0,880,880.0,0,0
828,195091,2017,2,0,0,0.0,0,0
828,195866,2017,3,0,0,0.0,0,0
828,203807,2017,4,0,0,0.0,0,0
828,216826,2017,5,0,0,0.0,0,0
828,223679,2017,6,0,0,0.0,0,0
828,233623,2017,7,0,0,0.0,0,0
828,243201,2017,8,0,0,0.0,0,0
828,260995,2017,9,0,0,0.0,0,0
828,260083,2017,10,0,0,0.0,0,4
828,274657,2017,11,0,0,0.0,0,2
828,288095,2017,12,0,0,0.0,0,0
828,297126,2018,1,0,0,0.0,0,0
828,301828,2018,2,0,0,0.0,0,0
828,306303,2018,3,0,0,0.0,0,0
828,300194,2018,4,0,0,0.0,0,0
828,309907,2018,3,0,0,0.0,0,0
828,303434,2018,4,0,0,0.0,0,0
828,327606,2018,7,0,0,0.0,0,0
828,369983,2018,8,0,0,0.0,0,0
828,367754,2018,9,0,0,0.0,0,0
828,390606,2018,10,0,0,0.0,0,0
828,367306,2018,11,0,0,0.0,526,0
828,362881,2018,12,0,0,0.0,500,8
829,14802,2017,12,5,7615,7615.0,564,148
829,20896,2018,8,4,4686,4686.0,0,0
829,90846,2017,1,3,4886,4884.0,0,0
829,97125,2018,1,3,2782,2782.0,0,0
829,105491,2017,11,2,4486,4476.0,7,0
829,100295,2017,10,2,4330,4330.0,0,0
829,100336,2017,12,2,1796,1796.0,0,0
829,105689,2017,11,2,1416,1416.0,0,8
829,107807,2018,2,2,4846,4846.0,0,0
829,107534,2017,12,2,2306,2306.0,0,0
829,100637,2018,9,2,4638,4638.0,0,0
829,107862,2018,3,2,4897,4897.0,800,100
829,207696,2017,1,0,0,0.0,0,0
829,200196,2017,4,0,0,0.0,0,0
829,207153,2017,3,0,0,0.0,0,0
829,200062,2017,5,0,0,0.0,0,0
829,217082,2017,4,0,0,0.0,0,6
829,213972,2018,3,0,0,0.0,0,0
829,227116,2018,5,0,0,0.0,0,0
829,257966,2018,6,0,0,0.0,394,0
829,253673,2018,9,0,0,0.0,0,0
829,261061,2017,11,0,0,0.0,0,0
829,261606,2018,11,0,0,0.0,0,0
829,280665,2018,12,0,0,0.0,0,0
830,1183,2018,6,6,10208,10208.0,0,0
830,309,2018,7,5,7315,7315.0,700,0
830,206,2017,8,5,10855,10855.0,0,0
830,17306,2018,5,5,14306,40306.0,0,0
830,25229,2018,12,4,6340,6340.0,0,0
830,37104,2018,5,4,4366,4366.0,0,0
830,27201,2017,1,4,2600,2600.0,0,78
830,57696,2017,8,3,6066,6066.0,0,0
830,67190,2017,11,3,3007,3007.0,0,99
830,140163,2017,11,1,810,810.0,0,0
830,151103,2018,7,1,1331,1331.0,571,0
830,150669,2018,1,1,603,603.0,0,1
830,165816,2018,12,1,2367,2367.0,536,93
830,163566,2018,2,1,738,718.0,864,0
830,162076,2018,5,1,713,713.0,0,0
830,169567,2018,12,1,737,737.0,590,0
830,165186,2018,11,1,813,813.0,0,0
830,165822,2018,12,1,34318,4318.0,564,1
830,190093,2017,1,0,0,0.0,564,91
830,200966,2018,3,0,0,0.0,0,98
830,207196,2017,4,0,0,0.0,0,0
830,200101,2017,10,0,0,0.0,529,0
830,309609,2017,7,0,0,0.0,0,0
830,320688,2018,8,0,0,0.0,0,0
831,27196,2018,6,4,4336,4336.0,534,158
831,27078,2018,8,4,5336,5336.0,0,0
831,49222,2018,8,4,4801,4801.0,0,0
831,60364,2017,8,10,0,0.0,0,0
831,87162,2018,10,0,0,0.0,0,0
831,181106,2018,11,0,0,0.0,0,0
831,192666,2017,12,0,0,0.0,0,0
831,197106,2017,2,0,0,0.0,0,0
831,190103,2017,3,0,0,0.0,0,0
831,197837,2017,2,0,0,0.0,0,0
831,193402,2017,11,0,0,0.0,0,3
831,195120,2017,3,0,0,0.0,0,0
831,203895,2017,9,0,0,0.0,0,0
831,200180,2017,4,0,0,0.0,0,0
831,207666,2017,2,0,0,0.0,0,1
831,216802,2018,5,0,0,0.0,24,0
831,225166,2018,6,0,0,0.0,0,1
831,231905,2017,7,0,0,0.0,0,0
831,237195,2018,6,0,0,0.0,0,0
831,250303,2018,9,0,0,0.0,0,0
831,301332,2018,2,0,0,0.0,0,0
831,313386,2018,12,0,0,0.0,6,0
831,307167,2018,9,0,0,0.0,0,9
831,367073,2018,8,0,0,0.0,0,0
832,2194,2018,8,6,10736,10736.0,764,98
832,196,2018,7,6,7806,7406.0,7,0
832,686,2018,8,5,4330,4330.0,563,6
832,833,2018,12,5,15600,12600.0,0,0
832,17167,2018,6,5,6600,6600.0,500,8
832,17897,2018,6,5,7233,7233.0,0,8
832,28891,2018,11,2,4386,4386.0,0,0
832,13586,2018,5,5,10808,808.0,548,0
832,41194,2018,9,3,4427,4427.0,0,0
832,54003,2017,2,3,4806,4806.0,500,8
832,47806,2018,6,3,4117,4117.0,0,0
832,68156,2018,8,3,4436,4336.0,0,0
832,100874,2017,9,2,4300,4300.0,524,100
832,100993,2017,3,2,3618,3618.0,0,0
832,100007,2018,1,2,4331,4331.0,867,0
832,102165,2018,10,2,4323,4323.0,6,0
832,102709,2018,12,2,4397,4397.0,7,0
832,107821,2017,10,1,906,406.0,0,0
832,100891,2017,11,0,0,0.0,0,1
832,197103,2017,4,0,0,0.0,585,8
832,312645,2018,3,0,0,0.0,0,0
832,365106,2018,11,0,0,0.0,527,0
832,365664,2018,11,0,0,0.0,8,1
832,365130,2018,12,0,0,0.0,0,8
833,7106,2018,7,12,4306,4306.0,0,0
833,9171,2017,8,5,4995,4995.0,0,0
833,17263,2018,7,5,4065,4065.0,560,0
833,14043,2017,5,5,10805,805.0,501,95
833,21666,2018,2,4,3306,3306.0,0,0
833,103,2018,6,4,8384,8384.0,0,0
833,2663,2017,12,0,0,0.0,0,0
833,7196,2018,3,0,0,0.0,0,0
833,603,2017,4,0,0,0.0,0,0
833,3106,2018,6,0,0,0.0,567,1
833,6863,2018,11,0,0,0.0,0,0
833,9164,2017,7,0,0,0.0,0,0
833,7806,2018,8,0,0,0.0,0,0
833,163,2018,11,0,0,0.0,0,0
833,829,2018,2,0,0,0.0,0,0
833,6803,2018,3,0,0,0.0,0,0
833,3156,2018,4,0,0,0.0,0,8
833,2169,2018,9,0,0,0.0,0,0
833,2191,2018,8,0,0,0.0,0,0
833,7865,2018,12,0,0,0.0,597,0
833,200462,2018,9,0,0,0.0,0,8
833,803,2018,4,0,0,0.0,4,3
833,196,2018,8,0,0,0.0,0,9
833,7185,2018,11,0,0,0.0,0,8
834,34108,2018,12,4,4208,4208.0,0,0
834,155783,2018,11,1,627,627.0,0,0
834,342866,2018,12,1,787,10787.0,591,108
834,347983,2018,11,0,846,846.0,0,0
834,337902,2017,1,0,0,0.0,0,0
834,334889,2017,2,0,0,0.0,0,0
834,336195,2018,3,0,0,0.0,0,0
834,337874,2017,6,0,0,0.0,0,99
834,347115,2017,7,0,0,0.0,895,0
834,353602,2017,8,0,0,0.0,0,0
834,362647,2018,9,0,0,0.0,0,0
834,360163,2017,10,0,0,0.0,0,0
834,367006,2018,2,0,600,0.0,0,0
834,301182,2018,11,0,0,0.0,0,0
834,367194,2018,2,0,0,0.0,0,0
834,360884,2018,1,0,0,0.0,0,0
834,361844,2018,2,0,0,0.0,0,0
834,360405,2018,3,0,0,0.0,0,0
834,363809,2018,5,0,0,0.0,0,0
834,360626,2018,3,0,0,0.0,0,0
834,367295,2018,6,0,0,0.0,567,0
834,360682,2018,4,0,0,0.0,500,0
834,367196,2018,11,0,0,0.0,0,0
834,367607,2018,12,0,0,0.0,0,9
835,22806,2018,12,5,10335,16335.0,0,0
835,37766,2017,8,4,4208,4208.0,0,0
835,87007,2018,12,3,2216,2316.0,500,90
835,162800,2018,12,1,836,836.0,820,90
835,169857,2018,1,1,839,839.5,590,8
835,166271,2018,8,1,831,831.0,0,1
835,167167,2018,1,1,2101,2101.0,0,0
835,167606,2018,2,0,0,0.0,4,108
835,160194,2018,8,0,0,0.0,0,0
835,187103,2017,1,0,0,0.0,0,0
835,187166,2017,3,0,0,0.0,0,0
835,107896,2017,2,0,0,0.0,0,0
835,197184,2017,3,0,0,0.0,0,0
835,197192,2017,4,0,0,0.0,0,0
835,207569,2017,2,0,0,0.0,0,100
835,207167,2017,3,0,0,0.0,0,0
835,204065,2017,4,0,0,0.0,0,0
835,201895,2018,5,0,0,0.0,0,0
835,222866,2018,5,0,0,0.0,0,0
835,237967,2018,7,0,0,0.0,0,0
835,231123,2017,8,0,0,0.0,595,0
835,230849,2018,7,0,0,0.0,0,0
835,336566,2018,9,0,0,0.0,0,0
835,337106,2018,6,0,0,0.0,0,0
836,1824,2017,7,7,12307,12307.0,0,0
836,722,2017,8,6,5380,5380.0,320,71
836,15806,2018,10,5,5705,5705.0,0,1
836,63606,2017,1,5,4305,4305.0,0,0
836,33866,2018,2,3,2800,2800.0,0,0
836,97107,2018,5,2,2336,2336.0,0,0
836,90626,2017,12,1,830,830.0,0,0
836,97606,2017,2,3,1018,1018.0,531,1
836,92303,2018,1,0,0,0.0,0,0
836,97103,2018,11,0,0,0.0,0,0
836,97803,2017,3,0,0,0.0,0,0
836,187633,2017,3,0,0,0.0,0,0
836,207974,2017,4,0,0,0.0,0,0
836,202234,2018,2,0,0,0.0,0,0
836,91204,2018,1,0,0,0.0,0,0
836,307503,2018,9,0,0,0.0,0,0
836,308907,2018,5,0,0,0.0,0,0
836,302115,2018,8,0,0,0.0,521,0
836,300620,2018,2,0,0,0.0,0,0
836,366103,2018,6,0,0,0.0,0,0
836,360677,2018,7,0,0,0.0,527,0
836,360567,2018,10,0,0,0.0,507,0
836,367805,2018,11,0,0,0.0,0,0
836,367683,2018,12,0,0,0.0,0,0
837,7168,2017,3,5,7305,7305.0,0,0
837,7603,2018,7,5,4680,4680.0,0,0
837,806,2018,12,5,2611,2611.0,398,0
837,7683,2017,8,5,2200,2200.0,0,0
837,17365,2018,1,5,2600,2600.0,0,0
837,65161,2018,3,3,1204,1204.0,524,8
837,68076,2018,6,3,4641,4641.0,0,0
837,67106,2017,5,3,4046,4046.0,0,8
837,90166,2017,11,2,3141,3141.0,584,0
837,100136,2017,9,2,4040,1040.0,0,3
837,100307,2018,8,2,4206,4806.0,0,0
837,107606,2017,2,2,4821,4821.0,500,0
837,107686,2017,11,2,4686,4686.0,594,0
837,107266,2017,3,2,4897,4897.0,0,0
837,100146,2017,9,2,4016,4016.0,594,1
837,100500,2017,10,2,4230,4230.0,0,1
837,100106,2018,2,1,817,817.0,534,0
837,100307,2017,12,0,0,0.0,0,71
837,191194,2017,1,0,0,0.0,594,100
837,194962,2018,1,0,0,0.0,0,4
837,97703,2018,1,0,0,0.0,0,0
837,253566,2017,1,0,0,0.0,524,0
837,191163,2018,2,0,0,0.0,0,0
837,327111,2018,2,0,0,0.0,0,9
838,3146,2017,8,6,3030,3030.0,0,0
838,6605,2018,8,6,13826,13826.0,585,98
838,7906,2017,3,5,5275,5275.0,0,0
838,7186,2018,6,5,14300,12300.0,0,0
838,102806,2017,11,2,2166,2166.0,584,1
838,103909,2018,5,2,2628,2628.0,0,0
838,108185,2017,11,2,4236,4236.0,5,0
838,207103,2017,2,2,3386,3386.0,700,0
838,217205,2018,5,2,4116,4116.0,0,0
838,207606,2018,12,2,4711,4711.0,728,0
838,202833,2017,9,5,4300,4300.0,0,1
839,18669,2018,8,5,4625,4625.0,0,0
839,15365,2018,12,5,14730,14730.0,500,0
839,16165,2018,5,5,4605,14605.0,0,0
839,35166,2017,2,4,5648,5648.0,0,0
839,65042,2018,1,3,6673,6673.0,522,0
839,67682,2018,2,3,4328,4328.0,335,93
839,68826,2017,11,3,4741,4741.0,0,0
839,94102,2017,2,2,4316,4316.0,500,8
839,100867,2017,12,2,4616,4616.0,0,8
839,107633,2018,3,2,1308,1308.0,0,0
839,129991,2018,5,2,3816,3816.0,0,0
839,169616,2018,5,1,606,606.0,0,0
839,165605,2018,11,1,966,10966.0,515,0
839,107868,2017,4,0,0,0.0,0,0
839,196167,2017,2,0,0,0.0,0,0
839,207626,2017,4,0,0,0.0,0,0
839,207003,2017,3,0,0,0.0,524,0
839,237396,2017,6,0,0,0.0,0,0
839,247077,2017,7,0,0,0.0,0,0
839,257693,2018,8,0,0,0.0,0,9
839,262195,2017,9,0,0,0.0,0,8
839,260063,2017,11,0,0,0.0,0,1
839,260695,2018,12,0,0,0.0,0,0
839,260873,2018,11,0,0,0.0,0,1
840,3396,2017,8,6,4266,4266.0,524,78
840,7806,2018,7,6,10878,10878.0,500,9
840,47943,2018,6,6,11290,11290.0,2,0
840,47606,2018,11,4,2800,2800.0,0,0
840,53603,2018,2,3,4061,4061.0,0,0
840,79808,2018,1,3,4791,4791.0,0,0
840,122806,2018,3,2,4006,4006.0,0,0
840,147105,2017,11,1,807,807.0,0,1
840,157196,2018,2,1,1307,1307.0,520,0
840,172806,2018,10,0,0,0.0,0,0
840,197962,2017,2,0,0,0.0,0,0
840,191664,2017,2,0,0,0.0,0,8
840,190886,2017,7,0,0,0.5,507,0
840,197873,2017,2,0,0,0.0,0,0
840,207045,2017,3,0,0,10000.0,0,0
840,207806,2018,4,0,0,0.0,0,8
840,200063,2017,4,0,0,0.0,0,0
840,217606,2017,5,0,0,0.0,0,8
840,215361,2018,3,0,0,0.0,0,0
840,249095,2018,8,0,0,0.0,0,0
840,244904,2018,7,0,0,0.0,528,0
840,251363,2018,9,0,0,0.0,0,0
840,251205,2018,5,13,0,0.0,0,0
840,254186,2018,12,0,0,0.0,0,0
841,2109,2017,7,6,10870,10870.0,0,0
841,871,2018,8,5,4386,4386.0,538,149
841,821,2018,8,6,10600,10600.0,504,98
841,7893,2018,6,5,7805,10905.0,0,8
841,806,2017,1,5,12128,59128.0,0,0
841,8106,2018,4,6,4306,4306.0,0,0
841,7895,2017,2,0,0,0.0,0,0
841,17605,2018,3,0,0,50.0,0,0
841,17802,2018,6,0,0,0.0,0,0
841,5474,2018,11,0,0,0.0,0,0
841,7862,2017,4,0,8,8.5,500,0
841,5826,2017,11,0,0,0.0,0,0
841,897,2018,7,0,0,0.0,0,0
841,403,2018,3,0,0,0.0,0,0
841,2706,2018,2,0,0,0.0,526,0
841,5606,2018,4,0,0,0.0,0,0
841,1466,2018,7,0,2,0.0,0,0
841,2477,2018,8,0,0,0.0,0,0
841,60403,2018,9,0,0,0.0,547,0
841,67006,2018,3,0,0,0.0,0,0
841,60423,2018,9,0,0,0.0,0,0
841,68361,2018,10,0,0,0.0,0,0
841,65143,2018,11,0,0,0.0,0,0
841,115107,2017,12,0,0,0.0,596,108
842,5839,2018,7,7,15727,19727.0,675,90
842,3606,2018,8,6,24708,14708.0,500,0
842,733,2017,8,6,4320,4320.0,575,91
842,2864,2017,6,6,10106,10106.0,520,0
842,7831,2017,9,6,606,606.0,774,68
842,68866,2017,3,3,7771,7771.0,4,4
842,64066,2018,2,3,1307,1307.0,0,0
842,87804,2018,2,3,5144,5144.0,3,0
842,80279,2018,11,3,3837,3837.0,0,0
842,110909,2018,12,2,4406,4106.0,0,0
842,100786,2017,5,2,4387,4387.0,0,0
842,103677,2018,6,2,4800,4800.0,0,0
842,137806,2017,3,0,0,0.0,0,0
842,163607,2017,5,1,0,0.0,0,0
842,185162,2017,1,0,0,0.0,0,0
842,184766,2017,1,0,0,0.0,0,0
842,195695,2018,1,0,0,0.0,0,6
842,192101,2018,2,0,0,0.0,0,0
842,215896,2018,4,0,0,0.0,0,0
842,262696,2018,9,0,0,0.0,1,98
842,268302,2017,11,0,0,0.0,0,1
842,207403,2018,3,0,0,0.0,0,0
842,260696,2017,10,0,0,0.0,0,0
842,251604,2018,11,0,0,0.0,0,0
843,181602,2018,12,1,30727,727.0,0,100
843,184206,2017,1,0,0,0.0,0,0
843,187621,2017,2,0,0,0.0,0,0
843,197206,2017,3,0,0,0.0,0,0
843,190663,2017,4,0,0,0.0,0,0
843,203999,2017,5,0,0,0.0,0,0
843,202981,2017,6,0,0,0.0,0,0
843,217809,2017,8,0,0,0.0,0,0
843,225404,2017,9,0,0,0.0,0,0
843,220407,2017,5,0,0,0.0,519,0
843,230123,2017,6,0,0,0.0,0,0
843,240706,2017,7,0,0,0.0,0,0
843,256804,2017,8,0,0,0.0,0,0
843,263492,2017,11,0,0,0.0,0,0
843,260316,2017,12,0,0,0.0,0,0
843,278807,2017,11,0,0,0.0,0,0
843,287608,2018,1,0,0,0.0,0,0
843,293102,2018,1,0,0,0.0,0,0
843,300007,2018,2,0,0,0.0,0,0
843,302108,2018,3,0,0,0.0,0,0
843,327108,2018,4,0,0,0.0,0,0
843,347608,2018,8,0,0,0.0,0,0
843,366793,2018,11,0,0,0.0,0,0
843,320892,2018,12,0,0,0.0,591,0
844,10666,2017,7,5,5130,5130.0,597,90
844,24603,2017,12,5,8325,8325.0,0,0
844,27646,2017,1,4,3326,3326.0,0,0
844,52294,2018,1,3,3901,3901.0,9,0
844,61687,2018,9,3,2387,2387.0,0,0
844,72686,2017,1,3,2806,2806.0,464,0
844,72102,2018,1,3,4876,4876.0,500,93
844,107603,2017,5,2,4674,4374.0,0,2
844,100239,2018,8,2,1338,1338.0,0,0
844,100833,2017,3,2,4828,4828.0,0,0
844,102163,2018,1,2,2806,2806.0,0,0
844,100323,2017,12,2,4637,4637.0,424,8
844,100864,2018,2,2,4723,4723.0,0,0
844,101486,2018,8,2,14506,4306.0,0,0
844,110455,2017,4,2,4466,4866.0,516,100
844,115866,2018,2,2,4678,4678.0,0,0
844,160166,2018,2,1,738,738.0,0,0
844,163179,2018,6,1,1801,1801.0,0,0
845,3135,2017,8,6,7220,7220.0,0,0
845,7163,2018,7,6,7846,7846.0,0,0
845,7899,2018,8,6,4305,4305.0,0,8
845,7609,2018,6,6,10916,916.0,0,8
845,7805,2017,1,6,35328,8828.0,0,0
845,306,2018,9,2,2476,2476.0,554,8
845,2880,2017,12,3,2820,2820.0,0,0
845,7865,2017,5,5,4686,4686.0,526,99
845,3603,2018,11,6,4423,4423.0,574,8
845,3106,2018,6,2,14601,6901.0,554,98
845,7102,2017,2,2,4826,4826.0,695,101
845,5166,2017,11,6,2788,2788.0,0,1
845,7683,2018,8,3,4212,4212.0,260,0
845,802,2018,3,3,4706,4706.0,0,0
845,100805,2018,9,5,4386,4386.0,0,8
845,104834,2018,5,6,4802,4802.0,0,0
845,147802,2018,11,1,2378,2378.0,500,0
845,165103,2018,8,1,17,17.0,0,0
845,161176,2018,9,1,4615,4612.0,7,1
845,163155,2018,1,1,10927,335.0,4,8
845,300806,2018,2,0,0,0.0,0,0
845,306694,2018,4,0,0,0.0,0,1
845,327807,2018,8,0,0,836.0,0,0
845,300003,2018,12,0,0,0.0,0,0
846,17169,2018,8,5,6405,6405.0,0,0
846,25166,2018,6,4,4888,14888.0,0,0
846,55096,2018,1,3,2276,2276.0,500,0
846,60507,2017,8,3,4475,4475.0,528,58
846,65265,2018,1,3,4631,4631.0,0,8
846,100203,2018,7,2,2392,2392.0,1,101
846,101179,2017,5,2,4386,4386.0,0,8
846,101079,2017,11,2,3636,13636.0,0,0
846,102875,2017,12,2,4300,4300.0,508,9
846,105662,2018,3,2,2118,61118.0,0,1
846,107607,2018,1,2,4840,4840.0,526,1
846,100266,2018,7,2,4338,4338.0,0,100
846,107661,2017,8,2,4381,4381.0,504,0
846,100889,2018,2,2,4676,4676.0,567,100
846,207136,2018,3,0,0,0.0,532,100
846,203867,2017,4,0,0,0.0,0,1
846,201972,2018,5,0,0,0.0,566,91
846,201906,2018,6,0,0,0.0,514,81
846,208850,2018,7,0,0,0.0,521,0
846,315864,2018,7,0,0,0.0,524,121
846,327185,2018,4,0,0,0.0,0,98
846,360799,2018,10,0,0,0.0,1,1
846,376176,2018,9,0,0,0.0,0,8
846,382901,2018,12,0,0,0.0,0,100
847,7207,2017,3,5,3630,3630.0,0,0
847,4063,2018,7,6,17000,17000.0,4,0
847,7887,2018,7,8,3360,3360.0,534,41
847,636,2018,9,5,4936,4936.0,500,8
847,7802,2017,5,8,5143,5143.0,0,1
847,7807,2017,7,0,0,0.0,0,0
847,147643,2017,8,0,0,0.0,0,0
847,47502,2017,1,0,0,0.0,0,0
847,158197,2017,2,0,0,0.0,520,0
847,167144,2018,3,0,0,10000.0,0,0
847,167804,2018,11,0,0,0.0,0,8
847,167632,2017,12,0,0,0.0,572,8
847,187898,2017,1,0,0,0.0,0,0
847,199196,2018,2,0,0,0.0,0,0
847,200601,2018,3,0,0,0.0,0,0
847,269893,2017,11,0,0,0.0,0,0
847,260163,2018,2,0,0,0.0,0,0
847,206106,2018,2,0,0,0.0,0,0
847,307164,2018,4,0,0,0.0,0,0
847,301506,2018,3,0,0,0.0,0,0
847,337696,2018,6,0,0,0.0,0,1
847,347608,2017,8,0,0,0.0,0,0
847,357826,2018,11,0,0,0.0,0,1
847,364133,2018,12,0,0,0.0,0,6
848,2629,2017,7,6,15608,15608.0,0,0
848,60806,2018,10,3,5826,5826.0,539,98
848,52891,2018,2,3,4323,4323.0,0,0
848,65447,2018,1,3,2301,2301.0,346,1
848,60308,2017,12,3,4839,4839.0,0,0
848,68515,2018,3,3,4305,4305.0,0,0
848,73695,2017,2,3,4481,4481.0,0,0
848,89871,2018,11,3,7666,7666.0,0,0
848,90806,2018,1,3,1827,1827.0,0,0
848,117685,2018,4,2,4303,4303.0,563,0
848,137863,2017,10,1,2460,2460.0,0,0
848,137677,2018,5,1,626,626.0,561,0
848,165876,2018,1,1,2378,2378.0,574,93
848,164963,2018,9,1,1837,1837.0,0,0
848,167497,2018,6,1,887,887.0,595,151
848,160893,2018,6,1,717,767.0,400,0
848,167506,2018,11,1,807,807.0,594,91
848,164975,2018,8,1,687,977.0,0,0
848,160865,2017,10,1,867,897.0,500,98
848,168863,2018,11,1,607,877.0,0,0
848,160505,2018,2,1,701,775.0,0,0
848,197165,2018,2,1,709,887.0,0,0
848,173889,2017,11,0,1663,7.0,0,0
848,185195,2017,12,0,0,47.0,0,1
849,3398,2017,7,6,10396,10396.0,597,78
849,5893,2017,8,6,17336,17336.0,6,1
849,60133,2018,12,6,4300,4300.0,500,0
849,62605,2018,3,3,4887,7387.0,0,0
849,67886,2017,11,3,1387,1387.0,0,6
849,62193,2017,6,3,2086,2086.0,0,0
849,65606,2018,2,3,7301,7301.0,546,0
849,67107,2018,5,3,5006,5006.0,0,0
849,67306,2018,6,3,2206,2206.0,0,0
849,60631,2018,11,3,7498,7498.0,893,0
849,67809,2017,12,3,4026,4026.0,0,0
849,384167,2017,1,1,2807,2807.0,0,8
849,300896,2017,9,0,0,0.0,0,0
849,300086,2017,7,0,0,0.0,4,0
849,305607,2018,8,0,0,0.0,0,0
849,342103,2018,8,0,0,0.0,0,1
849,367893,2018,2,0,0,0.0,0,0
849,366607,2018,10,0,0,0.0,0,0
849,365386,2018,9,0,0,0.0,0,0
849,360806,2018,3,0,0,0.0,0,0
849,367103,2018,9,0,0,0.0,0,0
849,364397,2018,10,0,0,0.0,521,0
849,366362,2018,11,0,0,0.0,0,0
849,360793,2018,12,0,0,0.0,0,9
850,3976,2017,8,6,4922,4922.0,0,0
850,3613,2017,6,6,10828,10828.0,0,0
850,7653,2017,7,5,3435,3435.0,368,5
850,477,2018,7,6,10021,10021.0,0,0
850,107801,2017,8,2,2386,2386.0,0,0
850,109801,2017,11,2,10851,821.0,0,0
850,100805,2017,8,2,2606,2606.0,0,0
850,117689,2018,9,2,2826,2826.0,0,0
850,122868,2018,11,2,4816,9816.0,575,0
850,167663,2018,11,1,836,836.0,500,91
850,166933,2018,1,1,872,872.0,0,0
850,162836,2018,2,1,1513,1513.0,500,0
850,162627,2018,1,1,845,845.0,0,0
850,347867,2017,12,0,0,0.0,0,0
850,307477,2018,8,0,0,0.0,0,0
850,300580,2017,2,0,0,0.0,0,0
850,300636,2018,3,0,0,0.0,0,0
850,367167,2018,6,0,0,0.0,0,0
850,337696,2018,4,0,10000,0.0,0,0
850,320869,2018,12,0,0,0.0,0,0
850,366895,2018,9,0,0,0.0,0,0
850,365367,2018,1,0,0,0.0,0,98
850,372866,2018,10,0,0,0.0,0,0
850,360102,2018,12,0,0,0.0,0,8
851,3140,2018,7,6,4786,4786.0,0,140
851,7889,2018,7,6,8806,8806.0,500,0
851,7894,2018,8,5,7335,17335.0,0,0
851,7144,2017,9,6,24411,4411.0,541,58
851,721,2017,11,6,836,836.0,518,71
851,869,2018,5,5,10000,0.0,548,6
851,3103,2018,9,2,2800,2800.0,324,90
851,100593,2018,8,5,3806,3806.0,0,1
851,106523,2017,12,2,4967,4967.0,500,8
851,103664,2017,5,2,4166,4166.0,0,0
851,103332,2017,7,2,4716,12716.0,594,108
851,109804,2017,10,2,826,826.0,0,1
851,107183,2017,11,2,3000,3000.0,0,0
851,106181,2017,12,2,2836,2836.0,0,0
851,100191,2018,4,2,4347,4340.0,326,91
851,103963,2018,3,2,4471,4471.0,524,8
851,104862,2018,1,1,876,876.0,0,0
851,112602,2018,4,2,1801,1801.0,0,0
851,157806,2018,1,1,716,736.0,0,0
851,152806,2018,1,1,806,992.0,7,100
851,165636,2018,3,1,841,736.0,500,0
851,166466,2018,2,0,0,0.0,500,48
851,372101,2018,11,0,0,0.0,0,0
851,327195,2018,12,0,0,6.0,564,1
852,7930,2017,3,5,14435,14435.0,597,128
852,802,2017,7,5,4175,4175.0,0,0
852,2347,2017,9,5,10400,10000.0,500,1
852,407,2017,8,5,4260,4260.0,0,0
852,5466,2017,1,6,10605,10605.0,0,0
852,3106,2017,5,3,397,397.0,0,0
852,19166,2018,8,0,0,0.0,0,0
852,10145,2018,6,0,0,0.0,561,0
852,7886,2017,9,2,0,0.0,0,0
852,3851,2017,11,0,0,0.0,0,0
852,103,2017,2,0,0,0.0,564,0
852,2826,2017,2,0,0,0.0,0,0
852,3606,2018,3,0,0,0.0,0,0
852,106,2018,10,0,0,0.0,0,0
852,7839,2018,2,0,0,0.0,0,0
852,3647,2018,3,0,0,0.0,0,0
852,7799,2018,4,0,0,0.0,0,7
852,8639,2018,8,0,0,0.0,524,0
852,9806,2018,3,0,0,0.0,0,0
852,694,2018,8,0,0,0.0,7,0
852,7196,2018,9,0,0,0.0,576,198
852,302696,2018,7,0,0,0.0,0,8
852,320569,2018,4,0,7,0.0,568,1
852,307101,2018,6,0,0,0.0,7,8
853,12822,2017,8,5,7815,7815.0,0,0
853,65896,2018,1,3,2386,2386.0,524,98
853,67766,2018,2,3,7317,7317.0,598,90
853,67149,2018,1,3,6311,6311.0,0,1
853,60104,2017,1,3,4307,4307.0,6,8
853,60006,2017,8,3,4901,4901.0,578,6
853,65195,2018,3,3,3301,3301.0,0,0
853,105186,2017,12,2,4406,4406.0,0,0
853,60161,2018,6,3,4394,4394.0,6,0
853,165406,2018,11,1,72,72.0,0,0
853,145103,2017,10,1,623,623.0,0,0
853,157656,2018,1,1,901,901.0,0,0
853,169808,2018,2,1,833,833.0,8,1
853,174705,2018,3,11,636,636.0,0,1
853,180668,2017,1,0,0,0.0,521,0
853,186806,2017,2,0,0,0.0,0,0
853,197734,2017,3,0,0,0.0,0,8
853,200081,2017,4,0,0,0.0,0,0
853,90615,2018,5,0,0,0.0,0,0
853,309207,2018,6,0,0,0.0,4,0
853,309168,2018,2,0,0,0.0,0,0
853,327276,2018,11,0,0,0.0,0,3
853,326866,2018,6,0,0,0.0,0,0
853,366803,2018,12,0,0,0.0,0,9
854,7302,2017,3,5,9830,9830.0,0,0
854,61408,2017,2,3,2895,2895.0,0,0
854,56084,2017,1,3,2031,2031.0,0,0
854,94909,2018,2,3,4645,4645.0,0,0
854,98803,2018,1,3,4746,4746.0,591,0
854,97606,2017,4,2,2876,2876.0,0,0
854,100136,2017,5,2,1126,1126.0,0,0
854,104606,2018,8,2,2844,2844.0,0,0
854,102899,2018,9,2,4366,4366.0,0,0
854,105163,2018,6,2,2306,2306.0,0,0
854,105402,2018,6,2,2881,2881.0,520,96
854,105882,2018,7,2,4000,4000.0,0,0
854,106806,2017,12,2,4846,4846.0,0,0
854,100880,2018,8,2,4627,4627.0,524,100
854,102802,2017,10,2,3428,3128.0,597,0
854,117103,2018,3,2,2811,2821.0,524,0
854,114164,2018,4,2,3328,3328.0,0,1
854,242106,2017,11,0,0,0.0,0,0
854,275495,2017,11,0,0,0.0,4,0
854,203864,2018,5,0,0,0.0,4,100
854,253704,2017,8,0,0,0.0,0,3
854,260605,2017,10,0,0,0.0,0,0
854,300660,2018,7,0,0,0.0,530,0
854,355194,2018,12,0,0,0.0,0,9
855,4006,2018,8,6,6800,6800.0,0,0
855,7194,2018,6,6,10626,10626.0,0,91
855,7605,2017,7,6,4645,4645.0,524,100
855,7606,2017,8,5,3398,3398.0,0,0
855,108,2018,1,5,3806,3806.0,538,71
855,27485,2018,5,5,6680,6680.0,0,0
855,58863,2017,8,3,4606,4606.0,0,6
855,42106,2018,8,3,4616,4616.0,0,0
855,57333,2017,5,3,4146,4146.0,0,0
855,65809,2017,12,3,4508,4508.0,0,0
855,60196,2018,9,3,4003,4003.0,591,0
855,67828,2018,5,3,7886,7886.0,4,0
855,60466,2018,11,3,4686,4686.0,4,0
855,169486,2018,1,3,3156,3156.0,524,91
855,104123,2017,1,2,4388,4388.0,524,1
855,107113,2017,2,2,3463,4463.0,564,98
855,107692,2017,10,0,0,0.0,598,91
855,190800,2017,3,0,0,10000.0,0,0
855,184106,2017,12,0,0,0.0,0,0
855,180897,2017,11,0,0,0.0,0,91
855,190683,2018,1,0,0,0.0,500,0
855,199136,2018,10,0,0,0.0,0,78
855,200195,2018,1,0,0,0.0,4,100
855,312163,2018,12,0,0,0.0,0,0
856,5616,2018,7,6,14660,14660.0,0,0
856,5832,2017,7,6,4821,4821.0,560,1
856,5868,2018,8,6,10638,638.0,500,0
856,3806,2018,6,0,0,10000.0,6,0
856,177,2018,9,0,0,0.0,0,0
856,6169,2017,1,0,0,0.0,524,90
856,3896,2018,1,0,0,0.0,0,0
856,7185,2017,8,0,0,0.0,0,8
856,7176,2017,9,0,0,0.0,564,0
856,207121,2017,12,0,0,0.0,0,0
856,205716,2017,8,0,0,0.0,0,4
856,220163,2017,11,0,0,0.0,0,0
856,267687,2017,12,0,0,0.0,0,0
856,200686,2018,1,0,0,0.0,0,0
856,242696,2018,8,0,0,0.0,0,0
856,217604,2018,2,0,0,0.0,0,0
856,225199,2018,4,0,0,0.0,0,0
856,250825,2017,12,0,0,0.0,0,0
856,255620,2018,1,0,0,0.0,0,0
856,260006,2018,1,0,0,0.0,24,0
856,267916,2017,11,0,0,0.0,0,0
856,262695,2018,9,0,0,0.0,524,0
856,261466,2018,11,0,0,0.0,0,0
856,305107,2018,12,0,0,0.0,500,6
856,307196,2018,2,0,0,0.0,424,0
856,317132,2018,1,0,0,0.0,0,8
856,305666,2018,2,0,0,0.0,0,0
856,300487,2018,2,0,0,0.0,0,8
856,307605,2018,3,0,0,0.0,0,0
856,307603,2018,2,0,0,0.0,0,0
856,307106,2018,5,0,0,0.0,0,0
856,320607,2018,3,0,0,0.0,0,0
856,361567,2018,2,0,0,0.0,0,0
856,367204,2018,2,0,0,0.0,532,0
856,360103,2018,2,0,0,0.0,0,0
856,350623,2018,3,0,0,0.0,735,8
856,360606,2018,1,0,0,0.0,0,96
856,300553,2018,8,0,0,0.0,0,0
856,347737,2018,8,0,0,0.0,0,0
856,347104,2018,12,0,0,0.0,0,0
856,343907,2018,9,0,0,0.0,0,8
856,337434,2018,7,0,138,0.0,0,0
856,367925,2018,12,0,0,0.0,0,96
856,360580,2018,10,0,0,0.0,0,0
856,380003,2018,2,0,0,0.0,0,0
856,350104,2018,11,0,0,0.0,0,0
856,361101,2018,12,0,0,0.0,0,0
856,375869,2018,1,0,0,0.0,0,0
857,3896,2017,7,6,14760,14760.0,536,91
857,7756,2017,6,5,12122,12122.0,0,8
857,834,2017,7,5,4040,4040.0,500,71
857,67667,2017,9,3,4388,4388.0,0,0
857,65923,2017,3,3,4473,4473.0,524,0
857,67566,2017,11,3,3603,3603.0,0,0
857,77836,2018,1,3,4416,4416.0,600,0
857,87809,2018,1,3,4861,4861.0,0,1
857,95103,2018,2,2,3366,3366.0,0,0
857,107803,2017,1,2,2326,2326.0,0,0
857,190979,2017,2,2,3046,3046.0,696,0
857,100163,2017,8,2,2824,2824.0,0,0
857,157866,2017,2,1,808,808.0,0,0
857,168863,2018,2,1,638,938.0,0,0
857,167888,2018,2,1,366,366.0,597,0
857,163662,2018,11,1,918,918.0,0,8
857,166974,2018,4,1,806,806.0,7,0
857,168169,2018,10,1,781,881.0,0,0
857,217008,2017,4,0,0,0.0,494,0
857,321842,2018,5,0,0,0.0,0,1
857,320035,2018,8,0,0,0.0,0,0
857,347255,2018,11,0,0,0.0,0,0
857,368103,2018,1,0,0,0.0,0,0
857,371633,2018,12,0,0,0.0,0,0
858,13256,2017,7,5,7335,7335.0,4,140
858,17690,2018,8,5,9525,9525.0,595,78
858,12800,2018,12,5,2440,2440.0,368,108
858,28863,2018,10,5,5367,5367.0,596,91
858,95805,2017,2,2,4976,4976.0,0,0
858,100268,2017,1,2,2216,2216.0,0,0
858,100493,2017,9,2,4260,4260.0,0,0
858,114695,2018,11,2,4440,4440.0,567,0
858,123675,2018,1,2,4834,4834.0,0,0
858,151795,2018,2,1,816,816.0,500,0
858,167160,2018,5,1,1837,1837.0,4,8
858,165160,2018,11,1,858,858.0,0,0
858,185206,2017,3,0,0,0.0,0,0
858,190301,2017,4,0,0,0.0,0,0
858,200502,2017,2,0,0,0.0,0,0
858,203106,2017,3,0,0,0.0,6,8
858,205836,2017,8,0,0,0.0,0,0
858,209166,2017,6,0,0,0.0,524,0
858,200884,2018,5,0,0,0.0,0,0
858,200007,2018,2,0,0,0.0,0,0
858,208668,2018,6,0,0,0.0,0,0
858,203662,2018,4,0,0,0.0,0,0
858,207656,2018,7,0,0,0.0,0,0
858,217673,2018,12,0,0,0.0,0,0
859,184803,2017,1,0,800,800.0,0,0
859,195133,2017,2,0,0,0.0,0,0
859,603,2017,3,0,0,0.0,0,0
859,212609,2017,4,0,0,0.0,0,0
859,222091,2017,5,0,0,0.0,524,78
859,230646,2017,6,0,0,0.0,0,0
859,240423,2017,7,0,0,0.0,0,0
859,257704,2017,8,0,0,0.0,0,0
859,262427,2017,9,0,0,0.0,0,0
859,265834,2017,10,0,0,0.0,0,0
859,242806,2017,11,0,0,0.0,0,0
859,258196,2017,1,0,0,0.0,0,0
859,267496,2018,2,0,0,0.0,0,0
859,298480,2018,1,0,0,0.0,0,0
859,202666,2018,2,0,0,0.0,0,0
859,300102,2018,4,0,0,0.0,0,0
859,309407,2018,3,0,0,0.0,0,0
859,300127,2018,4,0,0,0.0,0,0
859,307503,2018,5,0,0,0.0,0,0
859,307437,2018,8,0,0,0.0,824,0
859,300398,2018,3,0,0,0.0,0,8
859,346447,2018,8,0,0,0.0,0,0
859,349906,2018,11,0,0,0.0,0,0
859,353006,2018,12,0,0,0.0,0,9
860,19835,2018,12,5,10700,10700.0,0,0
860,82623,2018,12,3,2003,2003.0,532,108
860,127707,2018,11,1,2318,2318.0,0,0
860,165865,2018,1,1,606,606.0,500,6
860,190161,2017,1,0,0,0.0,0,0
860,190604,2018,2,0,0,0.0,0,5
860,205163,2017,1,0,0,0.0,0,0
860,205865,2017,3,0,0,0.0,0,0
860,207106,2017,4,0,0,0.0,0,0
860,205805,2017,5,0,0,0.0,0,0
860,201662,2017,6,0,0,0.0,0,0
860,230047,2017,7,0,0,0.0,0,0
860,221104,2017,9,0,0,0.0,0,0
860,237123,2017,7,0,0,0.0,0,0
860,240614,2017,8,0,12800,0.0,0,1
860,257654,2017,2,0,0,0.0,0,0
860,244074,2017,8,0,0,0.0,0,0
860,251860,2018,1,0,0,0.0,0,3
860,260104,2017,11,0,0,0.0,0,0
860,263682,2017,12,0,900,0.0,0,0
860,261199,2017,13,0,0,0.0,0,0
860,267600,2018,1,0,0,0.0,0,0
860,271966,2017,12,0,0,0.0,0,0
860,264104,2018,11,0,0,0.0,0,1
861,2431,2017,6,6,4680,4680.0,0,0
861,4852,2018,7,6,14908,14908.0,0,0
861,362,2018,8,6,10686,40686.0,500,0
861,7886,2018,12,5,7361,12361.0,525,58
861,67196,2018,2,3,3441,3441.0,507,101
861,20687,2018,1,3,7817,7817.0,0,0
861,67485,2017,9,3,4677,4677.0,337,0
861,62866,2017,5,3,7807,7807.0,0,98
861,60466,2018,7,3,2386,2386.0,0,0
861,75862,2018,12,3,3086,3086.0,0,0
861,97806,2018,3,3,4603,4603.0,0,0
861,97878,2017,4,3,2838,2838.0,0,2
861,95566,2018,5,3,3859,3859.0,7,0
861,90994,2017,12,2,2406,2406.0,0,100
861,93131,2017,3,3,4648,4648.0,631,0
861,97767,2018,11,2,4200,4250.0,599,0
861,245606,2017,8,2,4808,4808.0,0,0
861,259172,2018,1,1,646,6.0,580,1
861,164166,2017,10,1,705,645.0,551,8
861,367266,2018,11,0,0,0.0,1,0
861,310566,2018,9,0,0,0.0,0,0
861,304354,2018,1,0,0,0.0,0,0
861,306608,2018,6,0,0,0.0,594,0
861,360102,2018,11,0,0,0.0,0,0
862,14006,2017,12,5,8330,8330.0,877,73
862,14601,2018,6,5,8600,8600.0,0,0
862,217623,2017,8,5,9825,9825.0,0,0
862,21095,2017,7,4,9900,9900.0,0,0
862,67806,2017,11,3,4521,4521.0,594,0
862,200802,2018,1,0,0,0.0,0,0
862,57802,2017,2,0,0,0.0,0,4
862,201104,2017,6,0,0,0.0,7,0
862,207621,2017,4,0,0,0.0,0,0
862,207963,2017,3,0,0,0.0,527,0
862,207606,2017,8,0,0,0.0,566,0
862,200194,2017,6,0,0,0.0,0,0
862,201280,2017,2,0,0,0.0,0,0
862,207606,2018,3,0,0,0.0,0,0
862,203883,2018,5,0,0,0.0,0,0
862,213658,2018,7,0,0,0.0,0,0
862,225869,2018,8,0,0,0.0,0,0
862,232397,2018,9,0,0,0.0,3,0
862,257831,2018,9,0,0,0.0,0,0
862,260186,2018,1,0,0,0.0,0,0
862,260495,2018,9,0,0,0.0,0,0
862,260293,2018,1,0,0,0.0,0,1
862,277523,2018,11,0,0,0.0,0,0
862,215607,2018,12,0,0,0.0,0,0
863,6886,2018,6,6,7408,7408.0,0,0
863,67662,2017,8,3,6428,6428.0,564,101
863,102866,2018,1,2,1805,1805.0,0,0
863,125350,2018,9,2,4646,4646.0,1,1
863,160166,2018,7,1,2603,2603.0,0,0
863,192604,2017,2,1,886,886.0,0,108
863,167968,2018,1,1,2641,2641.0,0,0
863,160294,2018,1,1,706,706.0,0,0
863,164866,2018,10,1,1467,1467.0,0,0
863,178887,2018,11,1,813,813.0,0,0
863,185217,2017,1,0,0,0.0,0,0
863,190156,2017,2,0,0,0.0,564,1
863,204602,2017,3,0,0,0.0,0,0
863,205806,2017,4,0,0,0.0,0,0
863,207107,2017,5,0,0,0.0,0,0
863,217686,2017,1,0,0,0.0,0,8
863,227162,2017,4,0,0,0.0,0,0
863,235163,2018,7,0,0,0.0,0,8
863,250206,2017,9,0,0,0.0,0,0
863,250365,2018,8,0,0,0.0,0,0
863,265801,2018,9,0,0,0.0,567,6
863,260993,2018,11,0,0,0.0,500,0
863,283803,2018,11,0,0,0.0,0,0
863,389103,2018,12,0,0,0.0,593,108
864,185812,2017,1,0,0,0.0,0,0
864,190628,2017,8,0,0,0.0,534,98
864,199883,2017,2,0,0,0.0,0,0
864,195606,2017,3,0,0,0.0,0,0
864,7806,2017,4,0,0,0.0,0,0
864,214658,2017,5,0,0,0.0,0,0
864,217198,2017,6,0,0,0.0,0,0
864,225689,2017,8,0,0,0.0,0,0
864,250001,2017,9,0,0,0.0,0,0
864,261693,2017,9,0,0,0.0,0,5
864,260602,2017,15,0,0,0.0,0,0
864,263669,2017,11,0,0,0.0,0,0
864,201675,2018,2,0,0,0.0,0,0
864,203263,2018,2,0,0,0.0,0,0
864,208295,2018,3,0,0,0.0,0,0
864,215807,2018,4,0,0,0.0,0,1
864,257608,2018,9,0,0,0.0,0,0
864,267105,2018,1,0,0,0.0,0,0
864,266507,2018,6,0,0,0.0,0,0
864,268108,2018,8,0,0,0.0,0,0
864,268604,2018,9,0,0,0.0,0,0
864,265106,2018,11,0,0,0.0,0,0
864,267625,2018,12,0,0,0.0,0,0
864,260882,2018,11,0,0,0.0,0,6
865,5884,2018,6,6,9712,9712.0,0,0
865,47234,2018,7,4,4376,4876.0,0,0
865,44806,2018,1,4,4206,4206.0,0,0
865,54939,2017,8,3,4372,4372.0,520,8
865,50401,2017,3,3,3621,3621.0,0,6
865,60665,2017,2,3,5600,5600.0,0,0
865,64107,2018,1,3,5171,5171.0,0,0
865,87167,2018,6,3,2807,2807.0,568,0
865,107034,2018,10,3,4839,4839.0,800,0
865,102103,2017,2,2,4342,4342.0,0,0
865,109106,2017,12,2,4331,4331.0,0,0
865,107002,2018,1,2,4467,4467.0,0,0
865,67196,2018,11,1,1338,1338.0,521,0
865,160802,2018,2,1,723,723.0,564,100
865,166204,2018,10,1,801,801.0,0,0
865,162167,2018,2,1,736,36.0,560,8
865,204003,2017,3,0,0,0.0,0,0
865,200165,2017,5,0,0,0.0,0,0
865,255163,2017,6,0,0,0.0,594,8
865,210176,2018,2,0,0,0.0,0,0
865,317783,2018,9,0,0,0.0,0,0
865,310964,2018,12,0,0,0.0,0,0
865,325099,2018,1,0,0,0.0,9,0
865,328103,2018,12,0,0,0.0,0,0
866,5866,2018,7,6,11106,11106.0,0,0
866,665,2018,7,6,4706,6706.0,0,0
866,490,2017,5,5,34035,4035.0,495,99
866,7881,2018,8,6,10788,788.0,0,0
866,7995,2017,6,6,7808,7808.0,0,0
866,30809,2018,5,4,7000,7000.0,0,0
866,59678,2018,1,3,4841,4841.0,521,51
866,57665,2018,8,3,5377,5377.0,7,0
866,65103,2017,12,3,4368,4368.0,0,1
866,60894,2018,6,3,20671,671.0,588,0
866,99609,2017,9,3,7637,7637.0,6,0
866,303,2017,1,3,4318,4318.0,590,0
866,65803,2018,8,3,10806,806.0,0,9
866,164106,2018,11,1,906,906.0,0,0
866,67302,2018,2,1,2830,2830.0,0,58
866,209811,2017,3,0,0,0.0,4,8
866,251096,2017,1,0,0,0.0,0,0
866,234883,2017,10,0,0,0.0,524,0
866,267903,2017,11,0,0,0.0,0,0
866,265264,2017,12,0,0,0.0,0,0
866,290168,2018,2,0,0,0.0,0,0
866,304166,2018,1,0,0,0.0,0,4
866,307661,2018,1,0,0,0.0,514,0
866,363564,2018,12,0,0,0.0,3,0
867,4806,2017,6,6,10644,10644.0,0,0
867,5106,2018,5,6,7120,7120.0,594,8
867,65502,2018,11,3,3872,3872.0,0,0
867,83874,2018,8,3,3207,3207.0,0,0
867,83878,2018,12,3,1831,1831.0,0,0
867,92606,2017,5,3,7305,7305.0,500,0
867,111939,2018,2,2,4801,6801.0,500,0
867,160088,2017,11,1,2036,2036.0,0,8
867,160800,2018,1,1,1630,1630.0,508,100
867,165211,2018,11,1,807,807.0,534,0
867,167836,2018,2,1,1171,1176.0,564,183
867,167663,2018,1,1,10861,861.0,514,90
867,187168,2017,1,0,0,0.0,0,8
867,190369,2017,2,0,0,0.0,0,0
867,197627,2017,2,0,0,0.0,0,0
867,207105,2017,4,0,0,0.0,0,0
867,207066,2017,3,0,0,0.0,0,1
867,200286,2017,7,0,0,0.0,0,98
867,300806,2018,8,0,0,0.0,0,0
867,307082,2018,9,0,0,0.0,0,0
867,307307,2018,3,0,0,0.0,560,0
867,300406,2018,4,0,0,0.0,0,0
867,314903,2018,9,0,0,0.0,0,8
867,350624,2018,10,0,0,0.0,570,5
868,25167,2018,6,4,2960,2960.0,0,0
868,27171,2018,7,4,2096,2096.5,894,143
868,85893,2018,12,3,10937,10937.0,0,0
868,111806,2018,11,2,2800,2800.0,0,0
868,107483,2018,2,2,4638,4638.0,1,100
868,100760,2017,3,2,2768,2768.0,0,8
868,120892,2018,1,2,2342,2342.0,525,1
868,160822,2018,7,1,623,623.0,0,0
868,180563,2017,12,0,0,0.0,0,0
868,190886,2017,1,0,0,0.0,0,0
868,190804,2017,3,0,0,0.0,0,0
868,200965,2017,4,0,0,0.0,0,0
868,207800,2017,3,0,0,0.0,0,0
868,200296,2017,2,0,0,0.0,0,0
868,200666,2017,12,0,0,0.0,0,0
868,213605,2017,4,0,0,0.0,0,0
868,225388,2017,5,0,0,0.0,0,0
868,235367,2017,6,0,0,0.0,0,0
868,247106,2018,8,0,0,0.0,0,0
868,244707,2017,8,0,0,0.0,0,0
868,260282,2017,11,0,0,0.0,0,0
868,260669,2017,10,0,0,0.0,524,8
868,258205,2018,9,0,0,0.0,0,0
868,265935,2018,12,0,0,0.0,528,0
869,7894,2017,3,5,5535,5535.0,0,0
869,12806,2018,7,5,4870,4870.0,0,0
869,64126,2017,8,3,1687,1687.0,521,78
869,65806,2018,11,3,1326,11325.0,528,98
869,66204,2017,11,3,4446,4446.0,1,8
869,67713,2017,5,3,4636,4636.0,591,106
869,164106,2018,2,3,4091,4091.0,324,90
869,160805,2018,1,1,1331,1331.0,500,0
869,167181,2018,2,1,1781,1181.0,0,6
869,167165,2018,9,1,611,611.0,557,0
869,187563,2017,9,0,0,0.0,0,0
869,197883,2018,2,0,0,0.0,0,0
869,205193,2017,3,0,0,0.0,0,1
869,200103,2017,2,0,0,0.0,0,0
869,217166,2017,4,0,0,0.0,0,0
869,226464,2017,6,0,0,0.0,0,100
869,255663,2018,8,0,0,0.0,0,0
869,263624,2017,11,0,0,0.0,0,0
869,260069,2018,10,0,0,0.0,0,0
869,260004,2017,11,0,0,0.0,0,0
869,260133,2017,1,0,0,0.0,0,0
869,267303,2018,10,0,0,0.0,500,0
869,269386,2018,11,0,0,0.0,0,0
869,355704,2018,12,0,0,0.0,2,0
870,5439,2018,6,6,8736,8736.0,0,0
870,4295,2017,6,5,4630,4630.0,390,71
870,4169,2018,7,6,10696,10696.0,0,0
870,7813,2018,7,6,7316,7316.0,0,0
870,19805,2018,9,5,5810,5810.0,0,0
870,7684,2018,3,5,10187,287.0,0,0
870,8502,2017,8,3,4002,4002.0,537,0
870,369,2017,6,6,10628,628.0,500,0
870,90807,2017,2,2,4858,4858.0,800,0
870,105825,2017,1,2,4836,4836.0,0,0
870,130860,2017,2,2,4605,4605.0,0,0
870,133666,2017,2,1,2801,2801.0,0,0
870,146487,2018,8,1,2306,2306.0,0,8
870,157563,2018,1,1,801,801.0,0,9
870,160833,2018,11,1,801,801.0,0,0
870,190183,2018,3,0,0,0.0,0,0
870,205642,2018,4,0,0,0.0,0,0
870,203672,2018,3,0,0,0.0,0,0
870,200896,2018,1,0,0,0.0,0,0
870,237860,2018,7,0,0,0.0,0,0
870,232605,2018,7,0,0,0.0,0,0
870,261699,2018,8,0,0,0.0,1,0
870,76193,2018,1,0,0,0.0,394,100
870,206883,2018,3,0,0,0.0,0,9
871,88696,2018,11,3,4787,4787.0,0,0
871,89592,2018,8,3,4301,4301.0,0,0
871,185963,2018,1,1,141,141.0,0,0
871,187677,2017,2,0,0,0.0,0,0
871,197865,2017,3,0,0,0.0,0,0
871,195676,2017,1,0,0,0.0,521,100
871,201896,2017,3,0,0,0.0,0,0
871,207103,2017,4,0,0,0.0,0,0
871,207129,2017,5,0,0,0.0,0,0
871,203803,2017,6,0,0,0.0,0,0
871,200100,2017,7,0,0,0.0,0,0
871,205964,2017,4,0,0,0.0,0,0
871,207228,2017,9,0,0,0.0,0,8
871,211075,2017,2,0,0,0.0,0,0
871,220163,2017,6,0,0,0.0,0,0
871,241561,2018,7,0,0,0.0,0,0
871,254107,2017,9,0,0,0.0,0,0
871,269801,2018,8,0,0,0.0,0,0
871,260367,2018,1,0,0,0.0,0,0
871,260199,2018,8,0,0,0.0,0,0
871,202498,2018,9,0,0,0.0,0,0
871,315267,2018,3,0,0,0.0,0,8
871,322623,2018,11,0,0,0.0,0,0
871,365161,2018,12,0,0,0.0,0,0
872,3577,2017,8,6,4883,4889.0,0,0
872,5505,2018,5,6,10846,10846.0,531,108
872,50385,2017,7,3,4161,6161.0,554,103
872,67632,2018,12,3,4638,14638.0,0,8
872,67865,2017,11,3,12387,2387.0,0,8
872,65836,2018,2,3,4331,4331.0,561,0
872,69806,2018,5,3,5268,5268.0,0,0
872,166893,2018,2,1,863,863.0,524,0
872,167603,2018,1,1,2136,2136.0,0,0
872,163961,2018,1,1,2203,2203.0,0,0
872,186805,2017,9,0,0,0.0,538,1
872,167929,2018,9,0,0,0.0,725,0
872,167829,2017,3,0,0,0.0,0,0
872,167813,2017,6,0,0,0.0,0,0
872,163372,2017,1,0,0,0.0,0,0
872,160863,2017,12,0,0,0.0,0,8
872,167802,2018,4,0,0,0.0,524,0
872,163996,2017,11,0,0,0.0,524,0
872,207160,2018,3,0,0,0.0,0,0
872,216809,2018,4,0,0,0.0,0,6
872,327807,2018,1,0,0,0.0,0,0
872,365196,2018,10,0,0,0.0,527,0
872,361408,2018,12,0,0,0.0,0,0
872,367604,2018,11,0,0,0.0,0,8
873,35988,2018,9,4,3428,3428.0,0,0
873,60469,2017,1,3,5617,5617.0,0,0
873,60167,2017,2,3,7497,7497.0,0,0
873,65106,2018,7,3,3166,3166.0,0,0
873,68663,2018,3,3,4321,4321.0,0,0
873,106863,2018,5,2,1307,1307.0,0,0
873,103807,2017,12,1,2206,2206.0,0,0
873,165809,2018,11,1,738,738.0,595,100
873,160256,2018,8,1,2337,60337.0,590,98
873,164161,2018,1,1,2721,2721.0,0,73
873,163093,2018,9,1,414,414.0,0,0
873,167686,2018,10,1,636,636.0,0,0
873,162850,2018,1,1,768,768.0,524,118
873,160191,2018,1,1,607,607.0,500,0
873,167592,2018,2,1,761,761.0,595,0
873,167116,2018,12,1,719,719.0,8,8
873,170196,2018,2,0,0,0.0,500,0
873,186427,2017,6,0,0,0.0,7,0
873,200902,2017,4,0,0,0.0,0,8
873,209102,2017,3,0,0,0.0,4,1
873,209833,2018,2,0,0,0.0,3,8
873,207667,2018,5,0,0,0.0,500,0
873,86946,2017,10,0,0,0.0,4,0
873,200666,2017,7,0,0,0.0,0,8
874,3974,2017,7,7,9441,9441.0,0,0
874,7696,2018,7,6,4885,4885.0,0,0
874,63432,2017,1,3,4988,4988.0,500,71
874,95892,2018,8,3,2636,2636.0,500,6
874,94906,2017,12,3,4621,4621.0,0,0
874,306,2018,9,2,4668,4668.0,0,0
874,107266,2017,12,2,4341,4341.5,0,0
874,107405,2017,10,2,4642,4642.0,500,0
874,104202,2017,1,2,4397,4397.0,0,0
874,100102,2018,1,2,2136,2136.0,0,8
874,109676,2017,11,2,4306,4306.0,0,0
874,112976,2018,2,2,4625,4625.0,594,8
874,117868,2018,5,2,4606,4606.0,0,3
874,177103,2017,1,1,971,971.0,0,8
874,187663,2017,1,0,0,0.0,0,0
874,207805,2017,3,0,0,0.0,524,100
874,273896,2017,1,0,0,0.0,0,0
874,260106,2018,2,0,0,0.0,0,8
874,261164,2018,2,0,0,0.0,0,0
874,259800,2017,4,0,0,0.0,0,0
874,267865,2017,7,0,11427,0.0,0,0
874,261967,2018,11,0,0,0.0,8,0
874,277163,2018,11,0,0,0.0,700,8
874,339100,2018,12,0,0,0.0,0,0
875,90627,2018,5,23,7667,7667.0,547,95
875,90182,2018,7,3,3607,3607.0,597,98
875,190116,2018,2,3,2301,2306.0,0,0
875,125107,2018,8,2,4636,4636.0,0,0
875,160113,2018,10,1,835,835.0,8,0
875,187093,2017,1,0,0,0.0,0,0
875,199967,2017,2,0,0,0.0,0,102
875,197826,2017,1,0,0,0.0,0,0
875,190103,2017,2,0,0,0.0,0,0
875,190677,2017,12,0,0,0.0,0,0
875,200898,2017,6,0,0,0.0,0,0
875,217806,2017,5,0,0,0.0,0,0
875,230836,2017,7,0,0,0.0,0,1
875,262003,2017,11,0,0,0.0,0,0
875,297687,2017,11,0,0,0.0,0,0
875,245497,2017,12,0,0,0.0,0,0
875,260995,2018,3,0,0,0.0,0,0
875,261603,2017,11,0,0,0.0,0,0
875,260106,2018,2,0,0,0.0,0,0
875,260697,2017,12,0,0,0.0,0,0
875,265566,2017,9,0,0,0.0,0,0
875,270676,2017,11,0,0,0.0,0,1
875,287666,2018,12,0,0,0.0,0,0
875,287673,2018,11,0,0,0.0,526,1
876,90,2018,7,6,14938,14938.0,524,98
876,5,2017,8,5,7640,7640.0,0,0
876,7673,2017,1,5,7415,7415.0,800,3
876,61393,2017,8,3,2897,2897.0,0,0
876,60264,2017,12,3,7448,7448.0,534,9
876,106704,2018,1,2,4600,4600.0,0,0
876,100896,2018,3,2,4706,4706.0,564,8
876,107197,2017,12,2,4378,4378.0,800,0
876,107389,2017,6,2,4606,4606.0,0,8
876,106405,2017,1,2,4823,4823.0,0,0
876,100486,2017,2,2,4306,4306.0,0,0
876,110577,2017,3,2,2814,2814.0,521,100
876,116031,2018,1,2,2000,2000.0,528,100
876,155097,2018,2,15,2466,2466.0,0,0
876,105264,2018,11,0,0,0.0,0,99
876,107995,2017,4,0,0,0.0,0,8
876,252166,2017,5,0,0,0.0,0,0
876,214165,2018,4,0,0,0.0,0,0
876,229065,2017,5,0,0,0.0,0,0
876,260093,2017,10,0,0,0.0,0,8
876,367103,2018,7,0,0,0.0,0,1
876,364106,2018,9,0,0,0.0,0,1
876,365108,2018,11,0,0,0.0,594,0
876,369863,2018,12,0,0,0.0,0,0
877,2110,2017,6,6,12566,12566.0,0,0
877,3901,2017,8,6,7306,7306.0,0,0
877,2864,2018,3,5,7735,7735.0,0,0
877,4958,2018,6,6,4888,4888.0,0,0
877,3863,2017,5,6,4300,4300.0,0,0
877,100277,2017,12,2,4893,4893.0,0,0
877,109806,2018,1,2,2368,2368.0,0,0
877,162679,2018,12,1,2602,2602.0,524,96
877,168561,2018,10,1,2686,2686.0,300,0
877,166500,2018,8,1,1898,1898.0,564,0
877,167065,2018,2,1,12388,2388.0,361,0
877,189899,2017,1,0,5,5.0,524,90
877,187869,2017,1,0,0,0.0,520,0
877,197400,2018,18,0,0,0.0,4,81
877,209671,2017,2,0,0,0.0,0,0
877,205887,2017,3,0,0,0.0,0,8
877,201696,2018,3,0,0,0.0,0,2
877,237806,2018,6,0,0,0.0,0,0
877,262651,2017,11,0,0,0.0,0,8
877,260832,2017,11,0,0,0.0,0,0
877,262856,2017,10,0,0,0.0,0,0
877,300807,2018,3,0,0,0.0,500,8
877,307103,2018,7,0,0,0.0,0,8
877,300893,2018,9,0,0,0.0,0,1
878,14056,2018,6,5,6335,6335.0,0,0
878,24403,2018,5,4,7128,7128.0,0,0
878,65119,2018,11,3,2667,2667.0,554,70
878,65806,2017,12,3,3242,3242.0,0,0
878,60662,2018,8,3,4381,4381.0,0,0
878,65883,2017,12,3,3401,3441.0,0,0
878,65662,2017,1,3,2257,2257.0,0,0
878,161842,2018,7,1,807,807.0,520,8
878,160605,2018,9,1,4671,4671.0,0,0
878,168686,2018,0,1,2330,2330.0,588,101
878,167665,2018,5,1,931,931.0,528,8
878,167143,2018,12,1,867,867.0,0,8
878,161809,2018,11,1,607,307.0,500,9
878,166106,2018,12,1,838,838.0,521,0
878,167305,2018,11,0,0,0.0,598,100
878,177802,2018,1,0,0,0.5,590,8
878,185904,2017,3,0,0,0.0,0,0
878,199906,2017,1,0,0,0.0,0,8
878,191605,2018,12,0,0,0.0,0,0
878,203665,2018,7,0,0,0.0,0,0
878,323900,2018,3,0,0,0.0,0,0
878,307362,2018,4,0,0,0.0,0,0
878,356193,2018,10,0,0,0.0,0,8
878,320983,2018,11,0,0,0.0,0,0
879,34802,2018,3,4,7465,7465.0,0,0
879,87973,2018,9,3,2033,2033.0,597,92
879,117503,2018,7,2,1881,1881.0,501,78
879,161803,2018,11,1,838,838.0,5,0
879,167655,2018,11,1,2834,2839.5,500,98
879,167822,2018,1,1,2266,2266.0,561,8
879,167802,2018,2,1,2438,2438.0,0,0
879,167606,2018,1,1,2417,2416.0,585,141
879,160969,2018,1,1,807,807.0,244,0
879,179633,2018,8,1,883,883.0,568,1
879,187866,2017,2,0,0,0.0,500,0
879,197831,2017,2,0,0,0.0,0,0
879,193666,2017,3,0,0,0.0,0,0
879,207267,2017,4,0,0,0.0,0,0
879,215162,2017,5,0,0,0.0,0,0
879,224866,2017,8,0,0,0.0,0,0
879,253806,2017,9,0,0,0.0,525,0
879,259822,2017,9,0,0,0.0,0,68
879,265827,2018,1,0,0,0.0,0,0
879,260976,2017,12,0,0,0.0,0,0
879,360261,2018,2,0,0,0.0,0,0
879,360565,2018,4,0,0,0.0,0,0
879,367662,2018,10,0,0,0.0,0,0
879,363686,2018,11,0,0,0.0,8,1
880,46809,2018,11,4,4778,4778.0,0,0
880,66835,2018,6,3,7241,7241.0,0,0
880,105665,2018,5,2,3386,10386.0,590,91
880,119862,2018,8,2,4441,4441.0,0,0
880,325677,2017,5,0,0,0.0,0,0
880,321109,2017,1,0,0,0.0,0,0
880,337837,2017,6,0,0,0.0,500,0
880,334601,2018,7,0,0,0.0,0,0
880,337506,2017,8,0,0,0.0,0,0
880,337680,2017,10,0,0,0.0,0,8
880,347883,2018,9,0,0,0.0,0,0
880,345673,2017,7,0,0,0.0,598,0
880,347604,2017,8,0,0,0.0,0,0
880,347690,2018,8,0,0,0.0,0,0
880,357603,2017,9,0,0,0.0,0,0
880,357429,2018,9,0,0,0.0,0,1
880,357016,2018,2,0,0,0.0,0,0
880,304093,2018,1,0,847,0.0,0,0
880,347808,2018,8,0,0,0.0,0,0
880,348863,2018,1,0,0,0.0,4,8
880,352836,2018,2,0,0,0.0,590,8
880,360896,2018,10,0,0,0.0,0,0
880,360006,2018,11,0,0,0.0,0,0
880,360606,2018,12,0,0,0.0,0,1
881,1133,2017,7,6,36886,6886.0,503,78
881,10093,2017,8,5,4005,4005.0,0,0
881,24885,2017,3,5,10585,10585.0,0,0
881,37966,2018,2,4,3881,3881.0,0,0
881,47868,2018,1,3,1827,1827.0,524,1
881,55800,2017,12,3,2746,2746.0,0,0
881,63103,2018,1,3,6478,6478.0,0,0
881,92803,2017,2,3,2621,2621.0,0,96
881,90174,2018,2,2,4486,4486.0,0,0
881,97866,2017,4,2,4808,4808.0,0,0
881,91843,2018,11,2,4877,4477.0,0,0
881,102605,2017,7,2,2801,2801.0,0,0
881,107806,2018,5,2,4337,4337.0,580,8
881,102568,2017,8,2,3820,3820.0,0,0
881,109636,2017,10,2,4808,4808.0,527,1
881,105965,2017,12,2,1600,1600.0,360,1
881,115606,2018,3,2,4407,4407.0,0,0
881,112902,2018,4,1,878,808.0,501,121
881,169807,2018,12,2,2388,2378.0,0,8
881,167823,2018,3,0,0,0.0,0,0
881,261926,2018,6,0,3,0.0,0,0
881,264065,2017,10,0,0,0.0,0,0
881,301695,2018,9,0,0,0.0,0,0
881,300134,2018,6,0,0,0.0,0,0
882,2160,2017,6,6,14177,16170.0,4,0
882,604,2018,12,6,7288,7288.0,0,0
882,61,2018,7,5,1375,1375.0,524,91
882,10903,2018,8,5,4647,4645.0,0,8
882,28296,2017,8,4,5336,5336.5,800,1
882,34195,2018,1,4,521,521.0,0,1
882,90975,2017,4,2,3700,3700.0,546,71
882,97803,2017,5,2,4822,4822.0,0,0
882,97804,2017,9,3,887,887.0,500,0
882,65865,2018,12,3,4627,6667.0,536,0
882,107821,2017,12,2,4387,4387.0,524,0
882,100576,2017,3,2,1636,1636.0,384,0
882,135866,2018,4,2,4376,4376.0,526,198
882,134035,2018,8,1,1526,1526.0,0,8
882,142692,2018,8,1,836,836.0,500,94
882,167603,2018,10,1,886,886.0,0,0
882,187936,2017,1,0,0,0.0,0,0
882,195627,2017,1,0,0,0.0,500,8
882,207630,2017,1,0,0,90.0,0,0
882,200206,2018,3,0,0,0.0,0,0
882,200867,2018,9,0,0,0.0,6,7
882,200466,2018,2,0,0,0.0,0,0
882,307085,2018,11,0,0,0.0,0,0
882,325163,2018,11,0,0,0.0,0,0
883,182194,2017,1,0,0,0.0,0,0
883,120594,2017,2,0,0,0.0,0,0
883,124829,2017,3,0,0,0.0,0,0
883,190366,2017,2,0,0,0.0,0,0
883,190108,2017,4,0,0,0.0,0,0
883,190896,2017,3,0,0,0.0,0,0
883,200105,2017,5,0,0,0.0,0,0
883,206856,2017,6,0,0,0.0,0,0
883,200606,2017,7,0,0,0.0,0,0
883,200606,2017,8,0,0,0.0,0,0
883,205807,2017,9,0,0,0.0,0,0
883,200376,2017,5,0,0,0.0,0,0
883,227908,2017,8,0,0,0.0,0,0
883,247106,2017,9,0,0,0.0,0,0
883,290606,2018,1,0,0,0.0,0,0
883,300457,2018,2,0,0,0.0,0,0
883,308817,2018,2,0,0,0.0,0,0
883,307003,2018,3,0,637,0.0,294,0
883,304377,2018,4,0,0,0.0,0,0
883,307868,2018,6,0,0,0.0,0,0
883,347166,2018,9,0,8,0.0,0,0
883,355177,2018,8,0,0,0.0,0,0
883,364664,2018,11,0,0,0.0,0,0
883,357207,2018,12,0,0,0.0,0,0
884,13096,2017,12,5,10625,10625.0,0,0
884,60801,2018,11,3,4613,4613.0,535,80
884,56803,2018,5,15,8335,8335.0,8,0
884,60965,2018,9,3,1637,1637.0,0,0
884,63886,2018,11,3,4181,4181.0,0,0
884,61876,2018,7,3,7609,7609.0,0,0
884,65303,2017,11,3,5321,5321.0,580,0
884,87905,2018,8,3,4026,4026.0,528,148
884,100665,2017,9,2,4606,4606.0,0,0
884,108186,2017,2,2,3273,3273.0,0,0
884,106664,2017,3,2,4802,4802.0,0,0
884,100106,2018,4,2,4321,4321.0,0,0
884,109188,2018,5,2,2641,2641.0,0,8
884,101609,2018,2,2,4307,4307.0,7,0
884,101169,2017,3,1,2232,2232.0,690,0
884,106986,2018,4,2,706,706.0,0,0
884,174393,2018,6,1,2431,431.0,0,0
884,204106,2018,8,0,0,0.0,0,0
884,205889,2018,2,0,0,0.0,0,0
884,204802,2018,10,0,0,0.0,0,0
884,300165,2018,9,0,0,0.0,0,0
884,300868,2018,6,0,0,0.0,0,0
884,344603,2018,8,0,0,0.0,0,0
884,369190,2018,11,0,0,0.0,598,0
885,2096,2017,7,6,8028,8028.0,500,0
885,17802,2018,3,5,4635,4635.0,727,0
885,20863,2018,12,5,7765,7765.0,0,0
885,20103,2017,6,5,2355,2355.0,500,1
885,30873,2017,5,4,5337,5337.0,518,108
885,90837,2017,9,2,2326,2326.0,0,3
885,107822,2017,11,0,0,0.0,0,0
885,100166,2017,5,0,0,0.0,0,6
885,155285,2018,6,0,0,0.0,0,0
885,181834,2017,12,0,0,0.0,0,0
885,180076,2017,11,0,0,0.0,0,0
885,199666,2017,4,0,0,0.0,0,0
885,207167,2017,10,0,0,0.0,0,0
885,207666,2018,1,0,0,0.0,4,0
885,217683,2017,2,0,0,0.0,0,0
885,237667,2017,12,0,0,0.0,0,0
885,267103,2017,12,0,0,0.0,0,8
885,263667,2018,3,0,0,0.0,524,1
885,270682,2018,5,0,0,0.0,0,0
885,268664,2018,1,0,0,0.0,0,0
885,267804,2017,12,0,0,0.0,0,0
885,267968,2017,10,0,0,0.0,547,0
885,267085,2018,11,0,0,0.0,0,0
885,360774,2018,12,0,0,0.0,0,0
886,11123,2017,8,5,10425,10425.0,0,0
886,40295,2018,8,4,5366,7366.0,0,0
886,55226,2018,11,3,11101,11101.0,500,0
886,55693,2017,3,3,4638,4638.0,0,0
886,60602,2018,12,3,5375,13375.0,0,0
886,62607,2018,8,3,2607,2607.0,535,98
886,67633,2017,9,3,1396,1396.0,500,8
886,67601,2018,6,3,4307,4307.0,594,0
886,100309,2017,5,2,4436,4436.0,0,0
886,127602,2018,11,2,4306,4306.0,5,1
886,134831,2017,4,1,2138,2138.0,0,0
886,130802,2018,11,1,1647,1647.0,367,6
886,145101,2017,8,1,1487,1487.0,0,0
886,155402,2018,1,1,2078,2078.0,526,99
886,165298,2018,5,1,871,871.0,600,8
886,165869,2018,11,1,707,707.0,0,0
886,160866,2018,12,1,2361,2361.0,564,91
886,164032,2018,7,1,771,731.0,4,0
886,160266,2018,10,1,2365,2395.0,524,0
886,165077,2018,12,1,830,775.0,504,100
886,163603,2018,8,1,2131,736.0,500,0
886,310800,2018,2,0,0,5.0,0,8
886,307483,2018,3,1,0,71.0,0,0
886,380863,2018,12,0,0,0.0,0,0
887,7303,2018,7,7,14243,14243.0,0,0
887,7666,2018,8,6,5406,5406.0,500,0
887,300833,2018,9,4,4805,4805.0,524,91
887,307984,2018,12,2,7612,7612.0,0,8
887,365862,2017,2,3,3890,3890.0,324,100
887,397146,2018,6,2,1636,1636.0,0,8
887,390106,2018,9,1,607,607.0,0,0
887,390395,2018,3,0,0,0.0,500,0
887,390006,2018,4,0,0,0.0,0,0
887,391103,2018,9,0,0,0.0,0,0
887,397462,2017,8,0,0,0.0,0,8
887,301888,2018,5,0,0,0.0,0,99
887,387666,2018,1,0,0,0.0,7,0
887,397895,2018,2,0,0,0.0,0,0
887,307061,2018,11,0,0,0.0,0,3
887,301867,2018,3,0,0,0.0,0,0
887,387806,2018,2,0,0,0.0,396,0
887,391177,2018,1,0,0,0.0,0,0
887,304104,2018,2,0,0,0.0,0,0
887,360892,2018,8,0,0,0.0,0,0
887,390905,2018,4,0,0,0.0,0,0
887,330809,2018,6,0,0,0.0,0,78
887,360969,2018,11,0,0,0.0,562,8
887,300606,2018,11,0,0,0.0,0,0
888,3809,2017,6,6,4778,4778.0,0,0
888,7601,2018,7,5,7805,7805.0,547,101
888,47936,2018,8,4,7088,7088.0,300,0
888,60494,2018,7,3,311,311.0,1,1
888,69612,2017,9,3,6301,6301.0,398,0
888,60163,2018,9,3,7367,7367.0,791,78
888,70456,2017,11,3,1346,1346.0,8,6
888,197963,2017,2,2,2780,2780.0,527,89
888,109135,2017,10,2,2430,2440.0,0,9
888,100104,2018,11,2,4300,4300.0,547,0
888,105966,2018,2,2,4327,4329.0,0,8
888,117102,2018,2,2,4636,4636.0,0,8
888,127061,2018,11,2,4806,4806.0,521,0
888,130976,2018,18,1,816,816.0,0,0
888,146285,2017,8,1,878,878.0,0,0
888,156866,2017,1,1,601,301.0,526,178
888,160067,2018,2,1,727,797.0,567,78
888,166660,2017,11,1,786,786.0,4,8
888,162169,2017,2,1,805,705.0,0,0
888,167836,2018,2,1,861,40001.0,0,0
888,160676,2018,5,1,606,300.0,0,4
888,167936,2018,1,0,0,0.0,540,0
888,244806,2018,1,0,600,0.0,500,0
888,169662,2018,12,0,0,0.0,0,0
889,4263,2018,6,6,14316,14316.0,0,0
889,7884,2017,8,5,7605,7605.0,537,97
889,806,2017,8,5,4500,4500.0,0,0
889,7660,2018,7,5,2226,2226.0,0,0
889,17189,2018,9,5,967,967.0,0,0
889,27260,2018,3,5,827,827.0,0,0
889,57902,2017,1,3,4263,4263.0,0,1
889,60166,2018,9,3,2706,2706.0,0,0
889,68605,2018,12,3,4327,4327.0,0,0
889,61146,2018,2,3,4706,4706.0,0,0
889,160903,2017,11,3,2301,2301.0,524,0
889,160486,2018,11,3,4607,4607.0,0,1
889,103608,2017,12,2,2067,2067.0,0,0
889,100469,2017,11,2,1156,1156.0,0,98
889,165184,2018,10,1,877,877.0,598,0
889,167602,2018,1,1,127,187.0,664,100
889,203686,2017,12,0,0,0.0,528,0
889,207676,2017,3,0,0,0.0,0,0
889,215816,2017,4,0,0,0.0,0,0
889,256186,2017,1,0,0,0.0,1,0
889,270135,2017,11,0,0,0.0,0,0
889,287805,2017,12,0,0,0.0,4,1
889,200869,2018,1,0,0,0.0,0,0
889,300645,2018,12,0,0,0.0,0,0
890,7608,2018,6,5,3815,3815.0,0,0
890,1886,2017,8,5,9330,9330.0,0,0
890,206,2018,7,5,10205,10305.0,0,0
890,7866,2018,8,6,10816,816.0,0,0
890,6863,2017,9,6,4008,48608.0,0,0
890,9265,2017,11,3,4136,4136.0,398,100
890,7836,2017,2,6,4306,7306.0,524,108
890,3436,2017,12,6,4317,4317.0,300,1
890,169,2017,1,3,2686,2686.0,0,8
890,17686,2018,12,5,4385,4385.0,0,79
890,20073,2018,5,6,5888,5888.0,595,0
890,36086,2018,7,1,911,911.0,0,0
890,64900,2018,5,1,847,847.0,0,0
890,60086,2018,8,1,135,135.0,0,0
890,96900,2018,1,0,0,0.0,524,0
890,93466,2018,2,0,0,0.0,0,0
890,297073,2018,4,0,0,0.0,0,0
890,204165,2018,3,0,0,0.0,720,0
890,252145,2018,2,0,0,0.0,366,1
890,200806,2018,3,0,0,0.0,4,8
890,310883,2018,4,0,0,0.0,0,0
890,312681,2018,5,0,0,0.0,0,0
890,319664,2018,6,0,0,0.0,2,100
890,325966,2018,8,0,0,0.0,500,8
891,7676,2017,3,5,10030,10030.0,0,0
891,26606,2017,8,4,7280,7280.0,0,0
891,30986,2017,8,4,8628,8628.0,324,101
891,27066,2018,7,4,2310,12310.0,0,9
891,37809,2018,9,4,1916,1916.0,0,3
891,47866,2018,2,3,4607,4607.0,0,0
891,67163,2018,10,3,6006,6006.0,0,0
891,60806,2017,11,3,2300,2300.0,0,0
891,60608,2018,2,3,2637,2637.0,500,8
891,105639,2017,12,2,2828,2828.0,0,0
891,103833,2017,11,2,1106,1106.0,0,0
891,103879,2018,8,2,4731,4731.0,561,0
891,105764,2017,11,2,4161,4161.0,0,0
891,103166,2018,2,1,748,748.0,0,0
891,117807,2018,1,0,0,0.0,0,0
891,103135,2018,3,0,0,0.0,500,0
891,215193,2017,4,0,0,0.0,0,0
891,322693,2018,5,0,0,0.0,564,0
891,327803,2018,6,0,0,0.0,0,0
891,330814,2018,7,0,0,0.0,0,0
891,333808,2018,7,0,0,0.0,0,0
891,333796,2018,6,0,0,0.0,0,0
891,342086,2018,8,0,0,0.0,324,0
891,347806,2018,11,0,800,0.0,7,0
892,47974,2017,12,4,7460,7460.0,800,0
892,80139,2018,1,3,2437,2437.0,0,0
892,145607,2017,1,1,1847,1847.0,0,0
892,167861,2018,1,1,780,780.0,0,0
892,362967,2017,9,0,0,0.0,0,0
892,367562,2017,2,0,0,0.0,0,100
892,360502,2017,3,0,0,0.0,0,0
892,390880,2017,4,0,0,0.0,0,0
892,398882,2018,5,0,0,0.0,0,3
892,328139,2017,6,0,0,0.0,0,0
892,327166,2018,6,0,0,0.0,0,0
892,327568,2017,7,0,0,0.0,0,0
892,328256,2018,8,0,0,0.0,0,0
892,329664,2018,10,0,466,66.0,0,0
892,300693,2018,1,0,0,0.0,0,0
892,312192,2018,2,0,0,0.0,0,0
892,320166,2018,4,0,0,0.0,0,0
892,386103,2018,2,0,0,0.0,0,0
892,327806,2018,3,0,0,0.0,0,0
892,330109,2018,7,0,0,0.0,0,0
892,362263,2018,9,0,0,0.0,0,8
892,369747,2018,10,0,0,0.0,0,0
892,367206,2018,11,0,0,0.0,396,0
892,360852,2018,12,0,0,0.0,0,0
893,497,2018,7,7,10727,10727.0,620,128
893,927,2018,8,6,12808,12808.0,0,0
893,8106,2018,5,5,4485,4485.0,0,0
893,996,2017,6,5,4320,4390.0,0,8
893,1816,2018,11,6,4330,16330.0,0,0
893,2804,2018,1,0,0,0.0,0,0
893,50126,2017,2,0,12000,0.0,0,0
893,68505,2017,7,0,0,0.0,0,0
893,67626,2018,2,0,0,0.0,0,0
893,60206,2018,11,0,0,0.0,0,0
893,65396,2018,6,0,0,0.0,0,0
893,87657,2018,4,0,0,0.0,0,0
893,87386,2018,3,0,0,0.0,0,0
893,190990,2018,1,0,0,0.0,0,0
893,197696,2018,2,0,0,0.0,0,0
893,197195,2018,12,0,0,0.0,0,0
893,263682,2018,2,0,0,0.0,4,0
893,269165,2018,5,0,0,0.0,0,0
893,200869,2018,8,0,0,0.0,0,0
893,217606,2018,4,0,0,0.0,0,0
893,235673,2018,8,0,0,0.0,0,0
893,67006,2018,10,0,0,0.0,0,0
893,201606,2018,11,0,0,0.0,599,0
893,200100,2018,11,0,0,0.0,0,8
894,8012,2017,3,5,4715,4715.0,0,0
894,8803,2018,7,5,10080,10080.0,0,0
894,15482,2018,8,5,10695,10695.0,0,0
894,65268,2017,11,3,2328,2328.0,0,0
894,60104,2017,6,3,2237,2235.0,0,0
894,69634,2018,8,3,4836,4836.0,500,0
894,63881,2017,11,3,4687,4685.0,0,0
894,65906,2018,9,3,4108,4108.0,526,6
894,162609,2018,10,1,775,774.0,0,0
894,162865,2018,11,1,2361,2361.0,520,0
894,167193,2017,12,1,2441,2441.0,0,3
894,167292,2018,12,1,1807,1707.0,534,0
894,163206,2017,11,1,801,801.0,565,0
894,167126,2018,2,1,671,671.0,0,1
894,187105,2017,2,0,0,0.0,0,0
894,190163,2017,3,0,0,0.0,8,0
894,205006,2017,4,0,0,0.0,0,3
894,200083,2017,3,0,0,0.0,0,0
894,207855,2017,2,0,0,0.0,0,0
894,215866,2018,4,0,0,0.0,0,0
894,260156,2018,8,0,0,0.0,0,0
894,265434,2018,1,0,0,0.0,523,0
894,265643,2018,12,0,0,0.0,0,2
894,204868,2018,11,0,0,0.0,0,0
895,15603,2018,5,5,10425,10425.0,0,0
895,84660,2018,10,3,4881,4881.0,0,0
895,111827,2018,1,2,4748,10738.0,0,0
895,182199,2018,2,0,0,0.0,0,0
895,197361,2017,2,0,0,0.0,0,0
895,197496,2017,3,0,0,0.0,590,0
895,197842,2017,4,0,0,0.0,0,0
895,188555,2017,5,0,0,0.0,0,8
895,196991,2017,1,0,0,0.0,0,0
895,190662,2017,3,0,0,0.0,0,1
895,262906,2017,12,0,0,0.0,0,0
895,202606,2017,4,0,0,0.0,0,0
895,207606,2017,7,0,0,0.0,0,0
895,200008,2017,8,0,0,0.0,0,0
895,207651,2018,8,0,0,0.0,0,0
895,207656,2018,1,0,0,0.0,0,0
895,206965,2018,2,0,0,0.0,0,0
895,211653,2017,4,0,0,0.0,0,0
895,215103,2018,5,0,0,0.0,0,0
895,274080,2018,6,0,0,0.0,0,0
895,266093,2017,10,0,0,0.0,0,0
895,268396,2018,11,0,0,0.0,0,8
895,365403,2018,11,0,0,0.0,0,9
895,360609,2018,12,0,0,0.0,0,0
896,7102,2017,3,5,10820,10820.0,0,0
896,17834,2018,6,5,5330,5330.0,0,0
896,20309,2018,8,8,9348,9348.0,0,0
896,25866,2017,1,4,4476,4476.0,500,8
896,25484,2017,3,4,5046,5046.0,0,0
896,20505,2017,5,4,4177,4177.0,591,1
896,67856,2018,6,3,4737,4737.0,0,0
896,67308,2017,9,3,4606,4606.0,0,0
896,65826,2018,11,3,1865,1865.0,0,0
896,60864,2018,12,3,4396,4396.0,594,1
896,63703,2018,1,3,2601,2601.0,0,0
896,68293,2018,12,3,5301,5301.0,0,0
896,69606,2018,1,3,4607,4607.0,0,0
896,322177,2018,8,4,2421,2421.0,0,0
896,367905,2018,2,3,771,771.0,0,0
896,322163,2018,1,0,0,0.0,0,0
896,354705,2018,4,0,0,0.0,0,0
896,368100,2018,5,0,0,0.0,0,0
896,364694,2018,10,0,0,0.0,0,1
896,360369,2018,12,0,0,0.0,0,0
896,361604,2018,1,0,0,0.0,0,0
896,361496,2018,3,0,0,0.0,536,0
896,370865,2018,11,1,10000,0.0,0,0
896,367108,2018,12,0,0,0.0,500,8
897,7966,2018,8,6,14600,14600.0,0,0
897,51663,2017,7,3,4007,4007.0,594,98
897,1136,2017,5,3,3911,3911.0,500,7
897,1803,2017,6,5,4667,4667.0,523,98
897,55179,2017,1,3,4901,4901.0,0,0
897,69106,2018,8,3,5986,5986.0,0,0
897,66806,2018,1,3,7387,7387.0,0,0
897,65982,2018,9,3,3101,3101.0,527,68
897,95003,2018,3,3,4373,4373.0,0,8
897,109894,2018,5,2,2317,2317.0,4,0
897,107805,2017,12,2,4414,4414.0,0,6
897,97164,2018,1,2,4678,4678.0,0,0
897,107876,2018,7,2,3006,3006.0,571,0
897,107186,2018,1,1,708,708.0,0,0
897,107969,2018,2,0,0,0.0,3,0
897,150663,2018,4,0,0,0.0,500,0
897,162108,2018,12,0,0,0.0,0,1
897,165864,2017,10,0,0,0.0,0,0
897,244083,2017,8,0,0,0.0,0,0
897,201802,2017,3,20,0,0.0,4,0
897,300816,2018,2,0,0,0.0,0,0
897,303606,2018,4,0,0,0.0,0,3
897,365126,2018,9,0,0,0.0,0,0
897,365462,2018,11,0,0,0.0,0,0
898,7606,2017,3,5,10785,10785.0,0,0
898,8974,2018,7,5,4660,4660.0,577,98
898,17169,2018,5,5,7720,7720.0,0,0
899,869,2017,8,5,4810,4810.0,0,0
899,19103,2018,6,5,4600,4600.0,578,68
899,12804,2018,8,5,10805,10805.0,0,0
899,55896,2018,2,3,2107,2107.0,0,0
899,60663,2017,11,3,9089,9089.0,0,0
899,65807,2017,12,3,1671,1671.0,0,0
899,66993,2018,3,3,4483,4433.0,400,0
899,96663,2018,5,3,4607,4907.0,0,8
899,90604,2017,1,2,4730,4730.0,0,0
899,97869,2018,11,3,4616,4616.0,0,0
899,90903,2018,2,2,2161,2161.0,0,0
899,90575,2018,6,2,4328,4328.0,0,0
899,122565,2017,1,2,866,766.0,0,0
899,157166,2018,6,1,884,884.0,0,0
899,164676,2018,5,1,2006,12006.0,0,0
899,165396,2018,3,1,10948,948.0,0,0
899,163362,2018,11,1,676,676.0,0,0
899,160462,2017,7,1,726,726.0,0,0
899,167109,2018,9,1,748,738.0,527,0
899,160689,2018,6,1,731,822.0,0,0
899,161606,2017,10,0,0,0.0,0,3
899,199869,2018,1,0,0,6.0,590,0
899,265296,2018,12,0,0,0.0,524,0
899,308492,2018,12,0,0,0.0,4,1
900,2146,2017,6,6,8862,8862.0,0,0
900,7863,2017,7,6,7908,7908.0,0,0
900,17202,2018,8,5,10166,10166.0,0,0
900,12806,2018,2,5,5325,5325.0,538,91
900,7866,2017,5,0,0,0.0,324,8
900,673,2017,3,0,0,0.0,0,0
900,384,2017,2,0,0,0.0,0,0
900,7602,2017,5,0,0,0.0,0,0
900,57661,2017,9,0,0,0.0,0,3
900,869,2017,9,0,0,0.0,0,0
900,7167,2017,4,0,0,0.0,0,0
900,630,2017,11,0,0,0.0,0,8
900,7080,2018,1,0,0,0.0,0,0
900,7661,2018,2,0,0,0.0,0,0
900,4164,2018,3,0,0,0.0,0,0
900,7183,2018,6,0,0,0.0,0,8
900,7367,2018,4,0,0,0.0,0,0
900,50185,2018,8,0,0,0.0,0,0
900,57852,2018,2,0,0,0.0,0,0
900,50996,2018,1,0,0,0.0,0,0
900,52566,2018,9,0,0,0.0,0,0
900,57606,2018,19,0,0,0.0,0,0
900,67826,2018,11,0,0,0.0,0,0
900,100486,2018,12,0,4821,0.0,0,1
901,3263,2017,7,6,7886,7886.0,0,0
901,4307,2017,8,6,8902,8902.0,521,91
901,166,2017,12,5,10100,10100.0,0,0
901,33846,2018,1,4,4608,4608.0,0,0
901,11890,2018,3,5,4005,4005.0,0,0
901,57105,2018,2,3,1621,1621.0,0,8
901,51213,2017,1,3,3845,3845.0,0,0
901,67813,2017,6,3,1708,1708.0,0,49
901,67897,2017,11,3,2667,2667.0,0,0
901,65106,2017,5,3,3117,3117.0,0,0
901,67806,2018,8,3,2861,2861.0,0,0
901,62609,2018,9,3,2377,2377.0,541,100
901,165565,2018,4,3,4306,4306.0,0,91
901,107008,2017,12,2,4137,4137.0,0,0
901,165202,2018,1,1,806,806.0,0,8
901,161106,2018,12,1,635,635.0,528,100
901,162107,2018,1,1,4301,4301.0,0,0
901,168607,2018,1,1,826,826.0,597,0
901,160356,2018,1,1,895,825.0,0,8
901,167807,2018,2,1,603,898.0,524,100
901,160263,2018,1,1,807,6.0,0,0
901,167566,2018,5,1,647,6.0,531,0
901,366666,2018,12,1,926,806.0,0,0
901,377605,2018,2,0,704,7.0,534,1
902,20125,2018,7,4,3870,3870.0,0,0
902,46118,2018,11,4,10827,20827.0,0,0
902,45207,2018,1,4,3768,13768.0,500,3
902,167076,2018,1,3,7327,7327.0,0,0
902,187864,2017,1,1,10643,643.0,396,0
902,190662,2018,2,0,0,10000.0,0,0
902,197734,2017,2,0,0,0.0,590,78
902,191683,2017,7,0,0,0.0,524,98
902,207102,2017,9,0,0,0.0,4,0
902,205866,2017,3,0,0,0.0,0,0
902,207054,2017,5,0,0,0.0,0,0
902,201326,2017,6,0,0,0.0,0,0
902,209805,2017,8,0,0,0.0,0,0
902,201017,2017,9,0,0,0.0,0,0
902,203303,2017,2,15,0,0.0,0,0
902,203890,2017,10,0,8,0.0,0,0
902,200137,2018,3,0,0,0.0,0,0
902,256010,2018,2,0,0,0.0,0,0
902,260231,2017,10,0,0,0.0,0,0
902,265505,2017,11,0,0,0.0,0,0
902,260886,2017,10,0,0,0.0,0,0
902,268440,2018,11,0,0,0.0,0,8
902,367699,2018,10,0,0,0.0,0,0
902,310463,2018,12,0,0,0.0,0,2
903,15837,2018,7,5,10325,10325.0,0,0
903,1765,2017,6,5,5445,5445.0,8,0
903,12177,2018,8,5,12635,12635.0,0,0
903,50606,2018,8,3,4761,4761.0,0,45
903,62863,2017,3,3,3307,3307.0,0,0
903,65406,2018,1,3,4667,9667.0,568,0
903,67693,2017,11,3,4085,4085.0,524,71
903,107866,2018,1,1,611,611.0,0,8
903,147609,2017,8,1,338,338.0,0,0
903,165702,2018,9,1,641,641.0,524,100
903,167696,2018,16,1,477,477.0,591,59
903,160661,2018,1,1,689,689.0,596,0
903,165012,2018,2,1,2151,2151.0,0,1
903,162266,2017,9,1,667,867.0,0,6
903,167661,2018,1,1,873,873.0,594,100
903,160803,2018,2,1,1001,1.0,590,0
903,167006,2018,1,1,2330,2330.0,591,92
903,187392,2017,2,0,0,0.0,0,0
903,314602,2018,3,0,0,0.0,0,0
903,320669,2018,4,0,0,0.0,0,0
903,327806,2018,5,0,0,0.0,500,0
903,368253,2018,11,0,0,0.0,561,0
903,366164,2018,2,0,0,0.0,0,0
903,325162,2018,11,0,0,0.0,765,0
904,2953,2017,7,6,4632,4632.0,0,0
904,7176,2018,8,6,10622,22622.0,594,51
904,13342,2017,12,5,14625,14625.0,0,0
904,22463,2018,6,5,1630,1630.0,0,0
904,61152,2017,12,3,7087,7087.0,0,8
904,65506,2018,3,3,7312,7312.0,588,1
904,67604,2018,1,3,5707,5707.0,500,0
904,72314,2018,7,3,4606,4606.0,561,98
904,194915,2017,1,2,4186,4186.0,800,0
904,187664,2018,8,1,2001,2001.0,500,0
904,157193,2018,12,1,2966,2966.0,0,0
904,167806,2018,10,1,1381,1381.0,591,0
904,160162,2018,1,1,2437,2437.0,0,0
904,168192,2018,2,1,1723,1723.0,494,0
904,168036,2018,1,1,1368,1368.0,0,0
904,166865,2018,2,1,2331,2331.0,0,0
904,168317,2018,2,1,2377,2377.0,0,0
904,162483,2018,9,0,0,0.0,0,0
904,180286,2017,10,0,8,0.0,0,0
904,190865,2018,11,0,0,0.0,0,0
904,195296,2017,2,0,0,0.0,0,8
904,207205,2018,10,0,0,0.0,0,0
904,309187,2018,11,0,0,0.0,0,0
904,307659,2018,11,0,0,0.0,568,100
904,300687,2018,1,0,0,0.0,0,1
904,300160,2018,1,0,0,0.0,0,8
904,367800,2018,11,0,0,0.0,0,0
904,300667,2018,12,0,0,0.0,0,0
904,300696,2018,3,0,34600,0.0,0,0
904,307069,2018,3,0,0,0.0,0,98
904,317606,2018,4,0,0,7000.0,0,0
904,310102,2018,2,0,0,0.0,0,8
904,347403,2018,11,0,0,0.0,544,8
904,307108,2018,4,0,0,0.0,7,100
904,300875,2018,12,0,0,0.0,0,8
904,350371,2018,5,0,0,0.0,0,0
904,307296,2018,8,0,0,0.0,0,0
904,317885,2018,1,0,0,0.0,0,0
904,388669,2018,8,0,0,0.0,594,0
904,346823,2018,2,0,0,0.5,524,5
904,304806,2018,7,0,0,0.0,0,0
904,344132,2018,3,0,0,0.0,0,0
904,300796,2018,12,0,0,0.0,0,0
904,347066,2018,11,0,0,0.0,0,0
904,360967,2018,3,0,0,0.0,0,0
904,387695,2018,12,0,0,0.0,0,0
904,370092,2018,4,0,0,0.0,0,0
904,350877,2018,2,0,0,0.0,0,0
905,1415,2018,7,7,7178,7178.0,0,0
905,5992,2018,7,6,10936,10936.0,7,0
905,7696,2017,8,6,12106,12106.0,314,101
905,686,2017,6,6,12236,12236.0,0,0
905,55116,2018,9,3,4056,4056.0,529,71
905,67105,2018,12,3,7386,7386.0,524,79
905,97606,2017,2,2,4631,4631.0,600,0
905,97566,2017,2,3,4006,1006.0,360,74
905,100603,2018,1,2,2417,2417.0,354,0
905,105455,2017,8,2,1834,1834.0,588,78
905,117198,2018,10,2,4321,4321.0,7,8
905,150765,2018,1,1,606,606.0,1,8
905,195862,2017,2,0,0,0.0,4,100
905,306103,2018,3,0,0,0.0,500,0
905,307904,2018,10,0,0,0.0,0,0
905,304190,2018,3,0,0,0.0,376,100
905,302606,2018,12,0,0,0.0,526,70
905,325849,2018,6,18,0,0.0,0,0
905,357884,2018,9,0,0,0.0,0,8
905,350066,2018,10,0,0,0.0,0,0
905,369305,2018,1,0,0,0.0,0,0
905,360166,2018,11,0,0,0.0,566,0
905,377807,2018,4,0,0,0.0,0,0
905,369603,2018,11,0,0,0.0,0,0
906,2196,2017,8,6,10470,10470.0,0,0
906,5606,2018,7,6,10015,10015.0,538,98
906,17805,2018,2,5,4325,4325.0,524,98
906,37236,2018,11,4,4606,4606.0,507,78
906,97066,2018,2,3,323,323.0,0,1
906,2163,2018,7,2,1626,1626.0,0,0
906,7866,2018,6,3,2817,2817.0,0,1
906,8868,2017,3,0,7,7.0,0,1
906,18396,2018,5,2,0,0.0,0,0
906,189667,2018,4,0,0,0.0,0,0
906,180682,2017,11,0,0,0.0,526,0
906,185863,2017,3,0,0,0.0,0,0
906,201667,2017,8,0,0,0.0,0,0
906,200006,2017,9,0,0,0.0,0,0
906,201926,2017,12,0,0,0.0,0,0
906,209666,2017,2,0,0,0.0,0,0
906,205806,2018,6,0,0,0.0,0,0
906,207976,2018,8,0,0,0.0,0,0
906,204600,2018,3,0,0,0.0,0,0
906,217192,2018,2,0,0,0.0,0,100
906,219456,2018,3,0,0,0.0,0,0
906,269043,2018,10,0,0,0.0,0,0
906,264395,2018,11,0,0,0.0,0,0
906,311169,2018,12,0,0,0.0,0,0
907,1889,2017,6,6,10608,10608.0,597,107
907,3806,2017,8,6,14116,14116.0,394,78
907,2825,2017,12,5,4005,4005.0,0,0
907,23307,2017,2,4,4336,4336.0,328,148
907,67702,2017,1,3,4326,4326.0,0,0
907,93103,2017,1,2,1302,1302.0,0,0
907,105818,2017,12,2,4606,6606.0,0,0
907,107562,2017,1,1,867,867.0,0,8
907,155961,2018,1,1,680,680.0,0,0
907,150112,2017,12,1,1802,1802.0,0,0
907,155809,2018,1,1,831,10831.0,0,0
907,190182,2017,18,0,7,7.0,0,8
907,199895,2017,2,0,0,0.0,0,0
907,206906,2017,3,0,0,0.0,0,0
907,249079,2017,4,0,0,0.0,0,0
907,254108,2017,9,0,0,0.0,0,0
907,263006,2017,11,0,0,0.0,0,0
907,267803,2017,12,0,0,0.0,524,100
907,303802,2018,3,0,0,0.0,0,0
907,308663,2018,2,0,0,0.0,7,0
907,340008,2018,7,0,0,0.0,523,0
907,367603,2018,10,0,0,0.0,0,0
907,362403,2018,11,0,0,0.0,0,0
907,364506,2018,12,0,0,0.0,597,8
908,6596,2018,8,6,7173,7173.5,500,8
908,4893,2017,12,5,10880,10880.0,0,0
908,896,2018,3,5,12430,12430.0,544,91
908,27606,2017,6,1,607,607.0,0,8
908,27883,2017,1,3,636,636.0,591,100
908,55894,2017,7,3,1333,1333.0,545,8
908,77609,2018,8,1,1867,1867.0,0,0
908,162705,2018,12,1,877,877.0,0,5
908,160461,2018,1,1,731,731.0,500,0
908,167639,2018,12,1,631,631.0,4,0
908,165696,2018,1,1,268,238.0,500,96
908,163833,2018,6,1,641,641.0,0,8
908,160806,2018,11,1,2138,2138.0,530,0
908,165109,2018,2,1,126,136.0,397,8
908,163603,2018,2,1,816,816.0,500,0
908,168893,2018,10,1,803,803.0,6,100
908,164106,2017,6,1,1341,311.0,0,0
908,161609,2018,8,1,407,807.0,0,8
908,307644,2018,3,0,0,0.0,0,0
908,300106,2018,3,0,0,0.0,524,5
908,347472,2018,7,0,0,0.0,577,0
908,368629,2018,10,0,0,0.0,337,108
908,360821,2018,11,0,0,0.0,0,0
908,365163,2018,9,0,0,0.0,0,1
909,4108,2018,7,6,10656,10656.0,0,0
909,4806,2018,6,6,44906,4906.0,0,0
909,2146,2018,8,6,4878,4878.0,0,0
909,7706,2018,7,6,8627,8627.0,391,0
909,2896,2017,8,6,4071,4071.0,0,0
909,17166,2018,3,5,706,106.0,896,8
909,16144,2018,2,5,8801,8801.0,538,100
909,15633,2018,11,5,5321,5321.0,300,0
909,27162,2018,6,5,4923,4929.0,0,91
909,25169,2018,1,5,7600,7600.0,0,91
909,27067,2017,2,5,36136,6136.0,564,100
909,24806,2018,9,5,4179,4179.0,524,0
909,27294,2018,9,4,4673,4673.0,594,93
909,57006,2018,2,3,3306,3366.0,0,98
909,54166,2017,2,3,4301,4301.0,0,91
909,159816,2018,1,2,2401,2401.0,0,1
909,52832,2018,1,3,4623,4623.0,4,1
909,155133,2018,2,1,2227,2297.0,0,0
909,164163,2018,5,1,898,731.0,500,0
909,161109,2018,10,1,1317,9.0,0,0
909,160806,2018,8,1,906,626.0,0,0
909,167223,2018,11,1,600,822.0,0,0
909,164994,2018,10,1,806,9.0,550,0
909,365803,2018,12,0,0,5.0,594,1
910,8686,2018,8,6,8030,8030.0,0,0
910,17486,2018,12,5,1115,1615.0,0,78
910,60683,2018,1,3,10444,60444.0,520,8
910,67955,2018,6,3,4137,4137.0,500,8
910,179801,2018,1,1,647,645.0,0,0
910,300107,2017,12,0,0,0.0,0,8
910,326606,2017,7,0,0,0.0,0,0
910,326726,2018,2,0,0,0.0,0,0
910,322866,2018,6,0,0,0.0,0,0
910,320903,2018,3,0,0,0.0,0,1
910,320166,2017,6,0,0,0.0,0,0
911,6807,2018,8,6,12400,12400.0,0,0
911,50606,2017,1,3,3703,3703.0,739,95
911,68307,2017,12,3,5627,5627.0,0,1
911,62609,2018,1,3,4767,4767.0,0,0
911,82906,2018,6,3,4494,4494.0,0,9
911,104863,2017,11,2,4636,4636.0,0,0
911,107164,2017,12,2,4602,4602.0,0,0
911,107307,2017,1,2,1606,1606.0,0,0
911,200690,2017,3,0,0,0.0,0,0
911,200095,2017,4,0,0,0.0,0,0
911,200061,2017,8,0,0,0.0,0,0
911,207609,2017,2,0,0,0.0,0,0
911,209109,2018,3,0,0,0.0,0,0
911,200873,2017,4,0,0,0.0,0,0
911,205875,2018,2,0,0,0.0,0,0
911,200576,2017,11,0,0,0.0,0,8
911,200005,2018,3,0,0,0.0,0,0
911,209134,2018,6,0,0,0.0,0,0
911,324193,2018,5,0,0,0.0,0,0
911,323662,2018,1,0,0,0.0,0,100
911,362177,2018,5,0,0,0.0,0,0
911,358473,2018,8,0,0,0.0,0,0
911,369900,2018,9,0,0,0.0,0,0
911,357603,2018,11,0,0,0.0,0,0
912,5107,2018,3,6,4886,4886.0,0,0
912,20864,2017,1,4,2008,2008.0,0,0
912,77896,2018,12,3,4687,4687.0,524,121
912,105888,2017,6,2,2696,2696.0,0,0
912,117805,2018,1,2,4816,4816.0,564,146
912,147105,2018,4,2,4781,4781.0,500,8
912,153672,2018,1,1,807,807.0,536,0
912,165060,2018,5,1,636,636.0,500,8
912,165803,2018,11,1,776,776.0,0,0
912,190683,2017,8,0,0,0.0,0,0
912,205863,2017,2,0,0,0.0,0,0
913,7696,2018,3,6,10990,10990.0,0,0
913,7835,2018,8,5,4605,4605.0,0,0
913,14662,2018,4,5,4130,4130.0,0,8
913,54867,2017,7,3,3921,3921.0,0,100
913,63103,2017,11,3,4689,4689.0,0,0
913,61262,2018,2,3,4821,4821.0,0,0
913,67996,2018,3,3,4686,4686.0,0,0
913,62466,2017,11,3,4001,4001.0,539,3
913,67664,2018,2,3,865,865.0,0,8
913,165153,2018,7,1,2891,2891.0,0,0
913,165095,2018,9,1,2136,2136.0,500,0
914,47602,2018,7,4,4884,4884.0,0,0
914,463,2017,8,5,4865,4865.0,300,0
914,47494,2017,11,3,3668,3668.0,522,8
914,42895,2018,9,3,2236,2236.0,597,123
914,58606,2017,8,3,3357,3357.0,521,100
914,56408,2017,12,3,3860,3860.0,294,93
914,61173,2017,1,3,2321,2321.0,0,0
914,66967,2017,12,3,2431,12431.0,500,108
914,62002,2018,7,3,4346,4346.0,0,0
914,81793,2017,9,3,4786,4786.0,560,5
914,97065,2017,1,3,4600,4600.0,394,8
914,103563,2017,3,2,1036,1036.0,0,0
914,101667,2017,2,2,4204,4204.0,0,0
914,100465,2017,3,2,3341,3341.0,500,0
914,107194,2018,1,2,4706,4706.0,0,0
914,165313,2017,12,1,7,6.0,0,0
914,261495,2018,1,0,0,0.0,568,0
914,262031,2017,12,0,0,0.0,7,0
914,347365,2018,8,0,0,0.0,0,0
914,363705,2018,6,0,0,0.0,328,1
914,367606,2018,9,0,0,0.0,0,8
914,367592,2018,4,0,0,0.0,0,0
914,396606,2018,11,0,0,0.0,368,78
914,300407,2018,12,0,0,0.0,0,0
915,2967,2017,6,6,14124,14126.0,0,0
915,5879,2017,6,6,4701,4701.0,0,0
915,2395,2018,7,6,25680,17680.0,500,1
915,42585,2018,6,4,7106,7106.0,566,0
915,40867,2018,10,4,4308,14308.0,0,8
915,60366,2018,11,3,4306,4306.0,0,8
915,97405,2018,4,8,4300,4300.0,0,0
915,97103,2018,5,2,4086,4086.0,8,108
915,98500,2018,2,2,4337,4337.0,0,0
915,100601,2017,7,2,2338,2338.0,0,3
915,107843,2017,11,2,2806,2806.0,0,1
915,110460,2018,11,2,3637,3607.0,0,98
915,158002,2018,12,1,825,825.0,526,100
915,168308,2018,9,1,807,807.0,574,104
915,160806,2018,12,1,725,725.0,0,0
915,162976,2018,3,1,756,756.0,0,0
915,161197,2017,9,1,803,803.0,0,0
915,164832,2018,8,1,637,37.0,0,0
915,167167,2018,1,1,2107,927.0,566,100
915,164879,2018,3,1,2407,808.0,0,8
915,162902,2018,11,1,621,801.0,0,0
915,301690,2018,11,0,800,0.0,561,0
915,307810,2018,2,0,7,0.0,4,98
915,305661,2017,2,0,0,7.0,0,7
916,85866,2018,7,3,4867,4867.0,0,0
916,91149,2018,1,3,2421,2421.0,0,0
916,90467,2018,2,3,5111,5111.0,0,0
916,100696,2017,3,20,0,0.0,0,0
916,118066,2017,4,0,0,0.0,527,0
916,190176,2017,5,0,0,0.0,0,0
916,300407,2017,6,0,0,0.0,0,0
916,307676,2018,8,0,0,0.0,0,0
916,300116,2017,9,0,0,0.0,0,1
916,300569,2017,6,0,0,0.0,0,0
916,307892,2018,11,0,0,0.0,0,0
916,309808,2017,4,0,0,0.0,0,0
916,307803,2018,7,0,0,0.0,0,0
916,300193,2018,9,0,0,0.0,0,0
916,307608,2018,3,0,0,0.0,0,0
916,305103,2018,8,0,0,0.0,564,0
916,307053,2018,3,0,0,0.0,0,0
916,300013,2018,2,0,0,0.0,0,3
916,307825,2018,4,0,0,0.0,0,0
916,300950,2018,12,0,0,0.0,0,0
916,309857,2018,6,0,0,0.0,0,0
916,302103,2018,10,0,0,0.0,0,0
916,371605,2018,11,0,0,0.0,0,0
916,387094,2018,12,0,0,0.0,9,0
917,10622,2017,7,5,7030,7030.0,538,98
917,2646,2017,3,5,7880,7880.0,0,0
917,2106,2017,8,6,10725,10725.0,0,0
917,17369,2018,6,5,4630,4630.0,0,0
917,17605,2018,8,5,10000,0.0,0,0
917,27107,2018,11,4,927,927.0,0,0
917,65595,2018,2,3,10761,761.0,0,0
917,67663,2017,11,3,4230,4230.5,561,0
917,98803,2018,12,3,4335,4335.0,0,0
917,93380,2017,4,3,4711,4711.0,591,0
917,109634,2017,11,2,2131,2731.0,0,0
917,100903,2017,8,2,4728,4728.0,524,8
917,117196,2018,5,2,4606,4606.0,563,96
917,197266,2018,3,2,4828,4828.0,0,8
917,154686,2018,2,1,2237,2237.0,624,100
917,156194,2018,6,1,653,653.0,0,0
917,167166,2018,9,1,1006,1006.0,0,5
917,166367,2018,1,1,1703,1703.0,0,0
917,302892,2018,10,0,0,0.0,327,101
917,370864,2018,1,0,0,0.0,594,199
917,360184,2018,8,0,0,0.0,594,88
917,363969,2018,2,0,0,0.0,594,1
917,360603,2018,11,0,0,0.0,0,0
917,360826,2018,12,0,0,0.0,0,1
918,2966,2017,6,6,4826,4826.0,0,0
918,7676,2017,7,5,4976,4976.0,0,0
918,19976,2018,6,5,8925,8925.0,0,0
918,1502,2017,8,5,608,608.0,0,0
918,1808,2018,5,6,4421,3421.0,0,0
918,7495,2018,9,7,2667,6667.0,500,0
918,3165,2017,1,2,2806,2806.0,0,1
918,116,2018,8,3,4800,4800.0,525,0
918,7865,2018,9,3,4696,4696.0,525,98
918,666,2018,10,6,3467,3467.0,500,8
918,7803,2018,12,1,607,607.0,0,0
918,105868,2017,10,2,788,788.0,0,43
918,107135,2018,9,2,871,871.0,0,6
918,100972,2017,11,2,848,848.0,523,8
918,207864,2018,12,0,0,0.0,0,0
918,205608,2018,11,0,0,0.0,520,0
918,207806,2018,3,0,0,0.0,500,0
918,207587,2018,12,0,0,0.0,0,8
918,214106,2018,4,0,0,0.0,0,0
918,217892,2018,5,0,0,0.0,8,0
918,212803,2018,1,0,0,0.0,0,0
918,250696,2018,2,0,0,0.0,0,0
918,210804,2018,2,0,0,0.0,0,0
918,267982,2018,12,0,0,0.0,0,1
919,52798,2017,1,3,3604,3604.0,597,98
919,64003,2017,2,3,4309,4306.0,567,88
919,66893,2018,6,3,11607,29607.0,0,0
919,67107,2017,9,3,2888,2888.0,590,129
919,67864,2018,6,3,4246,4246.0,0,1
919,67117,2018,7,3,5807,5807.0,500,8
919,87884,2018,1,3,4407,4407.0,567,100
919,85807,2017,1,3,4628,4628.0,6,0
919,100469,2017,12,2,1626,1626.0,0,0
919,117136,2018,11,2,4700,4700.0,574,78
919,125855,2018,6,2,2822,2822.0,4,8
919,154062,2018,8,2,2357,2357.0,591,100
919,166847,2018,12,1,706,706.0,1,100
919,169806,2018,11,1,2731,2731.0,596,100
919,188161,2018,1,0,600,0.0,0,0
919,190107,2017,2,0,0,0.0,0,0
919,204198,2017,3,0,0,0.0,578,8
919,202267,2017,4,0,7,0.0,0,90
919,202654,2018,3,0,0,0.0,0,1
919,204808,2017,5,0,0,0.0,0,0
919,304193,2018,8,0,0,0.0,526,3
919,314105,2018,4,0,0,0.0,0,0
919,340226,2018,9,0,0,0.0,0,0
919,330805,2018,10,0,0,0.0,0,8
920,25854,2018,1,4,7328,7328.0,524,99
920,27163,2018,6,4,4600,4600.0,0,0
920,30105,2018,11,4,7346,7346.0,594,121
920,37503,2018,1,4,6336,6336.0,532,78
920,62603,2018,7,3,2427,2427.0,0,0
920,63853,2018,7,3,3681,3681.0,0,0
920,73807,2018,9,3,5329,5329.0,0,7
920,107106,2017,2,2,1036,1036.0,0,0
920,100103,2017,8,2,3446,3446.0,0,0
920,107607,2017,10,2,4301,4301.0,596,0
920,100113,2017,2,2,4942,4942.0,524,101
920,110401,2018,3,2,4868,4868.0,0,1
920,125336,2018,3,2,3816,3816.0,0,0
920,165603,2018,8,1,1905,1905.0,0,0
920,163866,2018,1,1,966,946.0,0,0
920,175492,2018,12,1,2107,2107.0,4,0
920,170666,2018,1,1,648,948.0,0,0
920,186306,2017,4,0,0,0.0,520,8
920,190889,2017,5,0,0,0.0,0,8
920,196861,2017,1,0,0,0.0,0,8
920,200866,2017,2,0,0,0.0,0,8
920,257603,2017,8,0,0,0.0,0,0
920,305102,2018,9,0,0,0.0,0,0
920,340802,2018,12,0,0,0.0,0,8
921,24077,2018,8,4,10800,10800.0,0,0
921,42657,2018,9,4,4648,14642.0,337,80
921,47103,2018,11,4,4400,4400.0,503,8
921,47603,2017,1,3,5314,5314.0,0,0
921,64916,2017,8,3,4826,4826.0,0,0
921,67867,2018,6,3,686,686.0,0,0
921,63605,2018,1,1,748,748.0,0,0
921,67617,2018,9,3,737,737.0,598,0
921,80105,2018,3,3,2471,2471.0,820,8
921,97407,2017,1,2,928,928.0,562,98
921,145106,2018,8,1,1666,1666.0,0,0
921,150307,2018,11,1,2896,2896.0,0,0
921,187166,2018,11,0,0,0.0,0,0
921,190192,2017,12,0,0,0.0,0,0
921,197107,2017,2,0,0,0.0,580,0
921,202156,2017,3,0,0,0.0,0,100
921,203107,2018,4,0,0,0.0,0,0
921,200663,2018,6,0,0,0.0,628,8
921,266608,2018,9,0,0,0.0,0,0
921,220203,2017,11,0,0,0.0,816,0
921,257789,2017,4,0,0,0.0,0,8
921,267907,2018,10,0,0,0.0,0,2
921,280203,2018,11,0,0,0.0,4,0
921,200603,2017,12,0,0,0.0,521,108
922,7062,2017,6,5,4105,4105.0,0,0
922,2609,2017,3,5,5740,5740.0,0,0
922,7106,2017,7,5,3905,3905.0,0,0
922,6866,2017,8,5,4135,4135.0,0,0
922,102866,2017,8,2,2820,2820.0,0,0
922,106606,2017,10,2,1896,1896.0,0,76
922,100806,2017,12,2,1686,1686.0,331,0
922,105896,2018,9,2,2668,2668.0,0,0
922,107106,2017,1,2,3437,3437.0,367,88
922,161908,2017,12,1,801,801.0,7,1
922,160407,2018,1,1,1683,1683.0,0,0
922,160184,2018,5,1,2361,2361.0,4,100
922,162096,2018,2,1,797,797.0,531,4
922,167414,2018,2,1,2967,2967.0,0,0
922,162462,2018,11,1,2037,2037.0,531,0
922,169860,2018,11,1,2207,2207.0,7,0
922,367887,2018,2,1,821,821.0,0,6
922,363166,2018,3,0,0,0.0,0,0
922,367106,2018,4,0,0,0.0,0,0
922,363102,2018,1,0,0,0.0,0,0
922,360814,2018,8,0,0,0.0,0,0
922,360286,2018,2,0,0,0.0,598,100
922,368695,2017,9,0,0,0.0,0,0
922,362146,2018,11,0,0,0.0,0,9
923,31205,2018,10,4,7300,7300.0,0,0
923,87815,2017,2,3,5886,5886.0,0,0
923,90008,2018,1,3,7436,7436.0,594,106
923,97816,2017,8,3,4781,4781.0,564,94
923,103848,2018,5,2,3827,3827.0,0,0
923,100909,2017,12,2,4810,4810.0,0,0
923,106878,2018,1,1,806,806.0,0,0
923,105186,2017,3,2,738,738.5,594,78
923,100972,2017,9,0,0,0.0,0,8
923,185692,2017,1,0,0,0.0,0,8
923,190803,2018,2,0,0,0.0,0,0
923,207671,2017,6,0,0,0.0,0,0
923,255193,2017,7,0,0,0.0,0,0
923,209161,2017,4,0,0,0.0,0,0
923,217636,2017,11,0,0,0.0,0,0
923,222196,2017,6,0,0,0.0,0,0
923,269408,2017,1,0,0,0.0,0,0
923,267882,2017,12,0,0,0.0,0,0
923,265866,2017,11,0,0,0.0,0,8
923,265904,2018,12,0,0,0.0,0,0
923,267006,2018,9,0,0,0.0,0,0
923,267894,2018,10,0,0,0.0,0,3
923,267994,2018,11,0,0,0.0,0,0
923,280383,2018,12,0,0,0.0,0,8
924,20452,2018,12,5,14605,14605.0,0,0
924,22786,2017,9,4,2816,2816.0,0,0
924,50807,2017,2,3,4823,4823.0,527,8
924,60865,2018,1,3,2381,2381.0,800,0
924,62002,2018,3,3,2371,2371.0,321,109
924,90803,2018,7,2,4626,4626.0,0,0
924,100007,2018,1,2,3709,3709.0,0,8
924,108664,2018,8,2,4326,4326.0,0,0
924,154165,2017,5,1,686,686.0,500,0
924,160874,2018,8,1,711,711.0,0,8
924,161626,2018,6,1,2386,2386.0,556,0
924,173887,2018,11,1,1418,1418.0,0,0
924,177162,2018,12,1,2461,2461.0,0,0
924,175163,2018,12,1,10846,846.0,0,0
924,180156,2017,2,0,0,0.0,554,0
924,191897,2017,1,0,0,0.0,0,0
924,200603,2017,3,0,0,0.0,0,5
924,203076,2017,4,0,0,0.0,0,8
924,200092,2017,8,0,0,0.0,0,0
924,237868,2018,6,0,0,0.0,0,8
924,247050,2018,8,0,0,0.0,520,0
924,254113,2018,10,0,0,0.0,561,3
925,17166,2018,7,5,4360,6360.0,0,0
925,4133,2018,6,6,4840,4840.0,0,0
925,17806,2018,5,5,4302,4302.0,0,0
925,20879,2018,8,4,3876,3876.0,511,8
925,37832,2017,10,4,6800,6800.0,397,78
925,53384,2018,10,3,1606,1606.0,0,0
925,68730,2018,2,3,4961,4991.0,570,98
925,61234,2017,12,3,4681,4681.0,0,8
925,60692,2017,12,3,2463,2463.0,595,8
925,67607,2018,11,3,3306,3306.0,500,0
925,86581,2018,11,3,4373,4373.0,8,0
925,101662,2017,10,2,3678,3678.0,8,100
925,107665,2017,4,2,2806,2806.0,562,94
925,102809,2017,12,2,4336,4336.0,0,0
925,105806,2017,11,2,4337,4337.0,0,0
925,105497,2017,11,2,1827,1837.0,3,8
925,104906,2018,3,2,3886,3886.5,0,0
925,103464,2018,3,2,1857,1837.0,7,0
925,100260,2018,4,2,4308,4352.0,500,0
925,109025,2018,8,2,2463,3356.0,0,0
925,100862,2018,9,1,1846,806.0,0,0
925,165196,2018,1,0,0,6.0,500,0
925,315603,2018,4,0,0,0.0,0,0
925,300195,2018,1,0,0,6.0,0,0
926,6932,2018,7,6,17240,17240.0,500,0
926,4176,2017,6,6,5337,5337.0,0,0
926,10966,2018,8,5,10605,10605.0,0,0
926,883,2017,8,6,5306,5306.0,520,99
926,5885,2017,3,5,3801,3801.0,0,0
926,15363,2018,8,5,4628,4628.0,0,0
926,22945,2018,5,4,4608,4608.0,0,0
926,27880,2018,11,8,1378,1378.0,0,1
926,130839,2018,7,2,4687,4687.0,0,0
926,147602,2017,7,1,337,378.0,0,0
926,157807,2018,2,1,687,687.0,0,0
926,160868,2018,9,1,807,807.0,0,0
926,167800,2018,2,1,746,746.0,0,0
926,168166,2018,1,1,1037,1037.0,0,0
926,166896,2018,12,12,2426,2426.0,531,0
926,173709,2018,12,1,633,633.0,0,0
926,164906,2018,10,1,837,837.0,500,8
926,160165,2018,1,1,1603,603.0,0,0
926,185683,2017,1,0,0,0.0,0,0
926,197105,2018,3,0,0,0.0,0,8
926,197117,2018,12,0,0,0.0,0,0
926,200409,2018,10,0,0,0.0,0,0
926,300763,2018,11,0,0,0.0,0,0
926,351606,2018,18,0,0,0.0,0,0
927,17603,2018,7,5,10805,10805.0,661,91
927,2632,2017,8,6,8138,8138.0,0,0
927,7106,2018,5,5,4908,4908.0,0,6
927,18106,2018,6,5,10800,10800.0,0,0
927,65891,2017,6,3,6687,6687.0,0,0
927,62306,2017,9,3,3836,3836.0,0,0
927,65809,2017,11,3,4601,4601.0,0,0
927,68363,2017,12,3,1670,1670.0,0,9
927,97872,2017,1,2,4774,4774.0,534,0
927,97821,2017,8,2,4636,4636.0,501,100
927,300903,2017,10,1,2613,2613.0,590,8
927,316576,2018,1,0,0,0.0,0,0
927,312196,2018,2,0,0,0.0,0,0
927,331606,2018,2,0,0,0.0,0,0
927,307731,2018,3,0,0,0.0,0,3
927,305936,2018,4,0,0,0.0,0,0
927,324166,2018,5,0,0,0.0,0,0
927,328643,2018,6,0,0,0.0,0,0
927,340309,2018,8,0,0,0.0,500,0
927,374666,2018,12,0,0,0.0,0,0
927,355409,2018,9,0,0,0.0,590,3
927,360108,2018,11,0,0,0.0,567,0
927,368808,2018,12,0,600,0.0,0,0
927,361895,2018,11,0,0,0.0,0,0
928,184066,2017,9,1,867,867.0,0,0
928,169683,2018,10,1,1707,1707.0,510,0
928,177803,2018,11,1,2007,2007.0,0,0
928,187693,2018,1,0,0,0.0,0,0
928,195007,2017,2,0,0,0.0,0,0
928,192867,2017,4,0,0,0.0,0,0
928,197665,2017,2,0,0,0.0,0,0
928,190167,2017,3,0,0,0.0,0,0
928,198866,2017,4,0,0,0.0,0,6
928,201807,2017,5,0,0,0.0,0,4
928,204862,2017,6,0,0,0.0,0,0
928,205176,2017,7,0,0,0.0,0,0
928,202155,2017,1,0,0,0.0,0,0
928,207699,2017,3,0,0,0.0,0,0
928,204869,2017,8,0,0,0.0,0,0
928,207006,2018,4,0,0,0.0,0,0
928,213962,2017,5,0,0,0.0,0,0
928,329001,2018,6,0,0,0.0,0,0
928,360105,2018,7,0,0,0.0,0,0
928,305476,2018,8,0,0,0.0,0,0
928,325163,2018,9,0,0,0.0,0,1
928,366861,2018,9,0,0,0.0,0,0
928,361283,2018,11,0,0,0.0,0,0
928,365636,2018,12,0,0,0.0,0,2
929,603,2017,7,7,5447,5447.0,0,0
929,7200,2018,6,5,3240,3240.0,0,0
929,17996,2018,7,5,13605,13605.0,700,0
929,67893,2018,12,3,4804,4804.0,8,0
929,62796,2018,1,3,4361,4361.0,0,0
929,65805,2018,8,3,3700,3700.0,600,1
929,60313,2017,9,3,4401,4401.0,0,0
929,82436,2018,1,3,3906,3906.0,4,103
929,97103,2017,1,3,4638,4638.0,0,0
929,107804,2017,10,2,4663,4663.0,0,0
929,101135,2017,10,2,1488,1488.0,0,0
929,103148,2017,2,2,2806,2806.0,594,0
929,103865,2017,3,1,601,10601.0,0,0
929,109832,2017,8,0,0,0.0,0,1
929,107966,2017,12,0,0,0.0,0,0
929,100184,2017,11,0,0,0.0,0,0
929,200703,2017,11,0,0,0.0,500,0
929,207402,2018,2,0,0,0.0,9,0
929,207056,2018,3,0,0,0.0,0,0
929,209114,2018,4,0,0,0.0,0,0
929,303866,2018,3,0,0,0.0,0,0
929,300187,2018,3,0,0,0.0,0,1
929,310109,2018,8,0,0,0.0,0,0
929,327406,2018,6,0,0,0.0,564,1
929,355392,2018,1,0,5,0.0,0,0
929,307028,2018,5,0,0,0.0,528,0
929,339273,2018,6,0,0,0.0,0,0
929,326233,2018,3,0,0,0.0,0,0
929,300807,2018,4,0,0,0.0,0,0
929,304102,2018,11,0,0,0.0,0,5
929,324806,2018,8,0,0,0.0,564,0
929,312439,2018,8,0,0,0.0,544,0
929,363603,2018,9,0,0,0.0,0,0
929,303266,2018,2,0,0,0.0,1,8
929,310966,2018,2,0,0,0.0,4,1
929,337787,2018,9,0,12000,0.0,8,100
929,337438,2018,11,0,0,0.0,0,0
929,327306,2018,11,0,0,0.0,0,0
929,308964,2018,8,0,0,0.0,500,0
929,310107,2018,12,0,0,0.0,0,0
929,307367,2018,6,0,0,0.0,0,0
929,360806,2018,9,0,0,0.0,0,0
929,367606,2018,2,0,0,0.0,0,91
929,354039,2018,11,0,0,0.0,336,0
929,360152,2018,11,0,0,0.0,0,0
929,330194,2018,11,0,0,0.0,0,0
929,355466,2018,12,0,0,0.0,0,0
929,358426,2018,12,0,0,0.0,524,0
930,2966,2017,8,7,14941,14941.0,0,0
930,7666,2018,3,5,7195,7195.0,831,0
930,7176,2018,7,5,4805,4805.0,0,8
930,52863,2017,11,3,4302,4302.0,0,3
930,54383,2017,9,3,10877,877.0,0,0
930,69855,2018,2,3,4167,4167.0,0,0
930,65867,2017,1,3,4687,4687.0,500,0
930,61905,2018,11,3,4701,4701.0,507,0
930,90137,2017,12,2,4406,4406.0,368,0
930,102827,2017,11,2,1607,1607.5,700,0
930,102866,2018,2,2,4616,4616.0,7,0
930,104165,2018,3,2,3821,3821.0,0,1
930,103825,2018,7,2,7606,7606.0,0,0
930,107112,2017,2,2,4063,4063.0,524,8
930,107103,2017,1,2,10826,826.0,0,4
930,103666,2017,11,0,0,0.0,0,100
930,201977,2017,4,0,0,0.0,0,8
930,207884,2017,8,0,0,0.0,0,0
930,207086,2018,3,0,0,0.0,0,0
930,284776,2018,3,0,0,0.0,0,0
930,260174,2018,6,0,0,0.0,0,0
930,260806,2017,10,0,0,0.0,568,100
930,261883,2018,11,0,0,0.0,0,0
930,200803,2018,1,0,0,0.0,0,1
931,17269,2018,13,5,1330,1330.0,0,0
931,88665,2017,1,3,5448,5448.0,418,81
931,110616,2018,2,2,3716,3716.0,0,0
931,160866,2018,1,1,2248,2948.0,0,0
931,160566,2018,2,1,1349,1349.0,520,1
931,169905,2018,1,1,838,837.0,594,1
931,160067,2018,1,1,903,903.0,598,8
931,165805,2018,10,1,709,709.0,528,98
931,168461,2018,1,1,2251,2251.0,598,106
931,160167,2018,12,1,181,781.0,500,97
931,196136,2018,2,1,701,701.0,580,0
931,190997,2017,1,0,5,5.0,0,0
931,207207,2017,5,0,0,0.0,0,0
931,202929,2017,8,0,0,0.0,0,0
931,300007,2017,3,0,0,0.0,0,0
931,307163,2017,3,0,0,0.0,0,0
931,322897,2018,4,0,680,0.0,0,0
931,360608,2018,10,0,0,0.0,0,0
931,365006,2018,1,0,0,0.0,0,1
931,367669,2018,5,0,0,0.0,0,0
931,362660,2018,7,0,0,0.0,0,0
931,365163,2018,10,0,0,0.0,500,0
931,369122,2018,11,0,0,0.0,0,0
931,360087,2018,12,0,0,0.0,3,0
932,2297,2017,8,6,4606,4606.0,595,92
932,876,2018,7,5,4705,4705.0,0,0
932,13109,2017,12,5,3785,3785.0,0,0
932,17503,2018,8,5,4376,4376.0,0,0
932,20876,2018,1,5,5316,5316.0,0,0
932,67089,2018,1,3,1882,1882.0,0,0
932,70807,2018,2,3,4387,4387.0,331,71
932,83306,2017,11,3,1007,1007.0,628,78
932,105375,2017,2,2,2132,2132.0,0,0
932,157106,2018,1,1,876,876.0,0,0
932,197165,2017,2,0,0,0.0,0,0
932,207896,2017,3,0,0,0.0,0,0
932,200856,2017,4,0,0,0.0,0,0
932,200405,2018,8,0,0,0.0,0,0
932,207307,2017,2,0,0,0.0,0,0
932,202964,2018,3,0,0,0.0,0,0
932,250108,2017,6,0,0,0.0,0,0
932,262194,2018,6,0,0,0.0,0,0
932,263873,2017,10,0,0,0.0,0,0
932,260673,2018,1,0,0,0.0,0,0
932,262732,2017,10,0,0,0.0,1,0
932,267502,2018,11,0,0,0.0,0,0
932,277668,2018,12,0,0,0.0,0,8
932,262805,2018,12,0,0,0.0,0,0
933,28128,2017,8,4,6608,6608.0,524,73
933,54876,2018,5,3,7387,7387.0,0,0
933,60605,2018,6,3,4738,4738.0,0,0
933,62805,2017,1,3,4490,4490.0,0,0
933,86809,2017,2,3,5631,5631.0,596,8
933,101803,2018,7,3,1886,1886.0,390,43
933,102665,2017,10,2,4206,4206.0,0,8
933,155406,2018,13,1,1826,1826.0,507,100
933,318806,2017,11,0,0,0.0,0,0
933,329633,2018,3,0,0,0.0,0,0
933,365166,2017,2,0,0,0.0,0,0
933,365103,2018,5,0,0,0.0,527,100
933,365615,2017,11,0,0,0.0,0,0
933,360896,2018,9,0,0,0.0,0,0
933,367826,2018,9,0,0,0.0,531,0
933,360893,2018,9,0,0,0.0,0,0
933,360807,2018,8,0,0,0.0,624,100
933,367084,2018,1,0,0,0.0,0,0
933,321590,2018,10,0,0,0.0,0,0
933,353173,2018,1,0,0,0.0,0,0
933,360806,2018,8,0,0,0.0,0,0
933,363961,2018,10,0,0,0.0,526,94
933,367169,2018,11,0,0,0.0,529,0
933,380861,2018,12,0,0,0.0,7,3
934,14106,2018,6,5,6365,6365.0,348,80
934,27767,2018,7,23,7301,7301.0,0,0
934,59786,2017,1,3,1801,1801.0,590,90
934,62803,2017,12,3,4808,4802.0,0,0
934,67162,2018,8,3,4097,4037.0,0,0
934,67377,2018,12,3,3696,3696.0,0,0
934,67169,2018,3,3,4636,4636.0,0,0
934,65503,2018,11,3,4471,4471.0,807,0
934,62108,2018,0,3,1171,1171.0,558,120
934,78167,2018,11,3,4347,4747.0,0,1
934,105164,2017,5,2,4806,4806.0,0,0
934,100297,2018,1,2,2026,2026.0,0,0
934,100857,2017,4,2,2841,2841.0,0,0
934,100105,2018,5,2,4706,4706.0,0,0
934,100660,2017,10,2,4601,4601.0,0,1
934,116162,2018,6,2,2418,2418.0,393,8
934,147103,2017,8,1,656,656.0,500,90
934,160611,2018,9,1,827,827.0,8,0
934,162334,2018,1,1,717,934.0,324,0
934,160904,2018,9,1,626,10935.0,524,123
934,167608,2018,9,1,2481,826.0,0,8
934,185604,2018,2,0,0,5.0,0,78
934,193225,2018,1,0,0,0.0,0,0
934,187212,2018,11,0,0,1.0,0,1
934,187907,2017,12,14,0,1.0,540,0
934,162266,2017,2,0,0,1.0,596,0
934,195800,2018,2,0,0,0.0,500,0
934,196160,2017,1,0,0,5.0,0,0
934,184995,2017,1,0,0,0.0,0,0
934,165866,2018,6,0,0,0.0,520,0
934,160307,2017,11,0,0,0.0,568,0
934,186805,2017,2,0,0,0.0,0,0
934,163438,2017,8,0,0,0.0,3,8
934,300814,2018,12,0,0,0.0,0,6
934,342962,2018,2,0,0,0.0,0,0
934,300533,2018,6,0,0,0.0,0,0
934,304305,2018,1,0,0,0.0,0,0
934,307066,2017,2,0,0,0.0,0,0
934,300306,2018,4,0,0,0.0,0,0
934,309807,2018,2,0,0,0.0,2,0
934,307795,2018,1,0,0,0.0,0,0
934,337807,2018,12,0,0,0.0,0,0
934,367168,2017,11,0,0,0.0,0,0
934,361607,2018,10,0,0,0.0,0,0
934,300303,2018,1,0,0,0.0,4,0
934,360164,2018,2,0,0,0.0,596,90
934,369566,2018,12,0,0,0.0,0,93
934,367607,2018,11,0,0,0.0,596,0
935,4066,2018,6,6,14696,14696.0,0,0
935,5193,2018,5,6,3328,3328.0,0,0
935,9306,2017,8,3,4831,4831.0,0,0
935,7897,2017,7,6,4681,4681.0,0,1
935,19093,2018,1,5,33735,3735.0,0,0
935,22633,2017,6,5,3665,3665.0,0,0
935,57666,2017,12,3,4307,4307.0,332,0
935,97186,2017,2,2,3336,3336.0,0,0
935,90206,2018,3,2,2098,2098.0,594,0
935,108697,2018,9,2,2218,2218.0,0,0
935,100862,2017,11,2,4226,4226.0,0,0
935,113691,2018,1,2,4800,4800.0,790,8
935,197666,2018,1,1,681,681.0,0,0
935,207800,2017,2,0,0,0.0,0,0
935,217501,2017,4,0,0,0.0,0,0
935,210188,2017,12,0,0,0.0,0,0
935,263666,2017,10,0,0,0.0,0,0
935,277420,2017,11,0,12000,0.0,7,148
935,260876,2017,12,0,0,0.0,4,0
935,260466,2018,2,0,0,0.0,0,0
935,267625,2017,8,0,10000,0.0,0,0
935,262509,2017,11,0,0,0.0,500,0
935,267906,2018,11,0,0,0.0,0,0
935,361697,2018,2,0,0,0.0,0,8
936,5469,2018,8,6,6630,6630.0,0,0
936,55406,2018,6,3,3747,3747.0,394,71
936,7067,2017,2,3,4771,4771.0,561,91
936,9630,2018,1,3,2307,2307.0,577,8
936,95132,2017,5,2,2986,2986.0,0,0
936,90193,2017,1,2,4356,4356.0,321,91
936,91813,2017,6,2,4138,4138.0,628,0
936,100685,2017,8,2,2326,2326.0,0,8
936,112373,2018,2,2,4728,4728.0,390,0
936,169887,2018,2,1,698,698.0,0,0
936,167869,2018,1,1,738,738.0,588,8
936,161395,2018,7,1,800,800.0,0,0
936,167082,2018,1,1,801,801.0,524,71
936,200067,2017,9,0,0,0.0,0,0
936,200108,2017,3,0,0,0.0,4,8
936,309107,2018,4,0,0,0.0,561,1
936,300446,2018,8,0,0,0.0,0,0
936,320002,2018,12,0,0,0.0,0,0
936,360183,2018,8,0,0,0.0,0,0
936,367473,2018,9,0,0,0.0,7,8
936,367865,2018,9,0,0,0.0,0,8
936,361115,2018,9,0,0,0.0,500,8
936,366001,2018,11,0,0,0.0,524,0
936,361203,2018,12,0,0,0.0,0,0
937,186525,2017,11,0,0,0.0,0,0
937,167882,2017,1,0,0,0.0,0,0
937,187673,2017,2,0,0,0.0,0,0
937,187593,2017,2,0,0,0.0,0,0
937,197004,2017,3,0,0,0.0,0,0
937,197106,2018,4,0,0,0.0,0,0
937,199833,2017,3,0,0,0.0,0,0
937,197104,2017,4,0,0,0.5,0,0
937,201955,2017,6,0,0,0.0,0,0
937,206967,2017,7,0,0,0.0,0,0
937,202655,2017,9,0,0,0.0,0,0
937,205100,2017,12,0,0,0.0,0,0
937,209106,2017,5,0,0,0.0,0,0
937,200366,2017,11,0,0,0.0,0,0
937,200290,2018,2,0,0,0.0,0,0
937,217606,2018,1,0,0,0.0,0,0
937,227136,2018,5,0,0,0.0,0,0
937,237166,2018,6,0,0,0.0,0,0
937,240198,2018,8,0,0,0.0,0,9
937,267600,2017,10,0,0,0.0,0,0
937,260135,2018,9,0,0,0.0,6,100
937,267197,2018,10,0,0,0.0,0,0
937,362005,2018,11,0,0,0.0,0,0
937,360606,2018,12,0,0,0.0,0,1
938,6895,2018,7,6,5607,5607.0,794,109
938,863,2018,8,6,6646,6646.0,524,91
938,9465,2018,6,5,11905,11905.0,524,96
938,9866,2017,12,5,14438,4408.0,0,0
938,2806,2017,8,6,7328,7328.0,0,0
938,12866,2018,1,2,2636,2636.0,531,8
938,27105,2018,1,4,4828,4828.0,0,8
938,27393,2017,2,5,4400,4900.0,500,6
938,57676,2018,9,3,4807,4807.0,0,0
938,27161,2017,5,5,2087,2087.0,0,0
938,69592,2018,6,3,4341,69341.0,0,0
938,60506,2017,6,3,1391,1391.0,6,0
938,65980,2017,1,3,4778,4778.0,0,0
938,69966,2018,7,3,4420,4420.0,0,0
938,67865,2017,12,3,3208,2208.0,0,0
938,67669,2017,10,3,2136,2156.0,0,0
938,90103,2017,2,3,688,688.0,0,0
938,101124,2018,3,2,2301,2301.0,0,0
938,68133,2018,8,1,1267,1208.0,0,0
938,167105,2018,9,1,1816,396.0,0,0
938,165293,2018,8,1,843,1820.0,534,0
938,167606,2018,11,1,631,836.0,1,8
938,167860,2018,2,1,2041,606.0,0,8
938,160063,2018,11,1,706,647.0,3,0
939,22601,2018,12,5,10785,10785.0,0,0
939,43835,2018,5,4,9336,9336.0,0,0
939,74389,2018,1,3,1367,1367.0,567,58
939,100060,2018,8,2,4176,6176.0,0,0
939,105895,2018,9,2,10622,622.0,538,100
939,140662,2018,10,1,736,736.0,0,8
939,157961,2018,12,1,2208,2208.0,0,8
939,167697,2018,1,1,2007,2007.0,0,0
939,164637,2018,11,1,1811,1811.0,0,0
939,169043,2018,12,1,630,630.0,597,108
939,183669,2017,2,0,0,0.0,0,8
939,196162,2017,3,0,0,0.0,0,0
939,190837,2017,1,0,0,0.0,0,8
939,192166,2017,2,0,0,0.0,0,0
939,200116,2017,2,0,0,0.0,5,0
939,207656,2017,3,0,0,0.0,0,0
939,210562,2017,4,0,0,0.0,0,0
939,223106,2017,6,0,0,0.0,0,0
939,231962,2017,7,0,0,0.0,0,8
939,230870,2017,6,0,0,0.0,0,0
939,245166,2018,7,0,0,0.0,0,0
939,247696,2017,8,0,0,0.0,0,0
939,244892,2018,9,0,0,0.0,3,0
939,252607,2018,1,0,0,0.0,0,0
940,4866,2017,6,6,12676,12676.0,367,78
940,7103,2018,7,5,4865,4865.0,500,1
940,7806,2018,6,5,2800,2800.0,568,93
940,806,2018,5,6,7306,7306.0,0,0
940,1807,2017,7,6,5896,15896.0,500,0
940,103,2018,12,6,12806,2806.0,731,1
940,7076,2018,8,2,7336,7336.0,0,0
940,5676,2018,5,0,0,0.0,0,0
940,1876,2017,1,0,0,0.0,0,8
940,3166,2017,8,0,0,0.0,0,1
940,5905,2017,4,0,0,0.0,0,0
940,394,2017,8,0,0,0.0,0,0
940,280,2017,9,0,0,0.0,0,0
940,102273,2018,3,0,0,0.0,0,0
940,606,2018,9,0,0,0.0,0,0
940,7666,2018,11,0,0,0.0,0,0
940,7167,2018,1,0,0,0.0,0,0
940,166,2018,2,0,0,0.0,0,0
940,207909,2018,3,0,0,0.0,0,0
940,317697,2018,2,0,0,0.0,596,0
940,355936,2018,6,0,0,0.0,0,0
940,307666,2018,10,0,0,0.0,500,9
940,317104,2018,11,0,0,0.0,0,0
940,307196,2018,12,0,0,0.0,0,0
941,5834,2018,17,6,9741,9741.0,304,103
941,106968,2017,12,2,4675,4675.0,4,0
941,189900,2017,1,0,0,0.0,0,0
941,195065,2017,2,0,0,0.0,0,0
941,195736,2017,5,0,0,0.0,0,0
941,200806,2017,3,0,0,0.0,0,0
941,207132,2017,4,0,0,12000.0,0,0
941,217667,2017,6,0,0,0.0,0,0
941,227300,2017,1,0,0,0.0,0,8
941,231880,2017,7,0,0,0.0,0,0
941,242805,2017,11,0,0,0.0,0,0
941,252006,2017,8,0,0,0.0,0,0
941,256173,2017,2,0,0,0.0,7,0
941,267167,2017,10,0,0,0.0,0,0
941,268602,2017,11,0,0,0.0,0,0
941,275606,2018,1,0,0,0.0,0,0
941,269879,2017,12,0,0,0.0,0,0
941,288600,2018,2,0,0,0.0,0,0
941,307146,2018,2,0,0,0.0,0,0
941,307701,2018,8,0,0,0.0,526,0
941,309081,2018,3,0,0,0.0,0,0
941,334866,2018,6,0,0,0.0,0,0
941,348096,2018,7,0,0,0.0,0,0
941,350206,2018,9,0,0,0.0,0,0
942,130466,2018,1,1,2087,2087.0,0,0
942,188609,2017,1,0,900,900.0,0,0
942,190806,2017,2,0,0,0.0,0,0
942,190024,2017,2,0,0,0.0,0,0
942,207803,2017,3,0,0,0.0,0,0
942,214306,2017,2,0,0,0.0,0,0
942,227150,2017,5,0,0,0.0,0,0
942,223702,2017,7,0,0,0.0,0,0
942,237526,2017,8,0,0,0.0,0,0
942,244306,2017,9,0,0,0.0,0,0
942,255881,2017,11,0,0,0.0,0,0
942,263826,2017,12,0,0,0.0,0,0
942,269966,2017,11,0,0,0.0,0,0
942,266103,2018,2,0,0,0.0,0,0
942,265893,2017,11,0,0,0.0,0,0
942,263602,2017,12,0,0,0.0,327,100
942,264867,2017,10,0,0,0.0,0,0
942,282165,2018,2,0,0,0.0,0,0
942,290899,2018,2,0,0,0.0,0,0
942,307196,2018,3,0,0,0.0,0,0
942,353122,2018,8,0,0,0.0,0,0
942,369665,2018,9,0,0,0.0,0,0
942,362695,2018,11,0,0,0.0,0,0
942,367366,2018,12,0,0,0.0,5,3
943,4306,2018,8,6,4366,4366.0,566,93
943,5856,2018,6,6,4487,4487.0,501,2
943,17806,2017,7,5,12065,12065.0,0,0
943,20836,2018,9,5,5375,5375.0,0,0
943,24664,2018,1,3,5338,5338.0,0,0
943,62506,2017,2,3,4738,4732.0,1,0
943,95106,2017,7,3,1604,1004.0,0,0
943,94165,2017,8,2,1326,1326.0,0,0
943,100109,2017,1,2,2398,2398.0,524,78
943,103834,2018,8,2,4826,4826.0,0,99
943,100894,2017,12,3,2801,2801.0,0,0
943,107266,2018,3,2,2806,2806.0,598,2
943,112602,2018,3,2,4126,4126.0,334,75
943,110106,2018,6,2,1601,1601.0,0,0
943,155968,2018,2,1,2121,2121.0,0,0
943,185324,2018,10,0,0,0.0,500,0
943,193803,2017,1,0,0,0.0,534,0
943,190155,2018,2,0,0,0.0,0,0
943,190623,2018,3,0,0,0.0,4,127
943,197968,2017,11,0,0,0.0,0,0
943,218863,2018,4,0,0,0.0,0,0
943,264108,2018,11,0,0,0.0,0,8
943,363863,2018,11,0,0,0.0,0,0
943,300060,2018,12,0,0,0.0,0,0
944,2666,2017,6,6,7842,7842.0,0,0
944,2837,2018,9,6,18306,12306.0,548,88
944,17906,2018,12,5,5305,5305.0,0,0
944,67687,2018,12,3,4741,4741.0,0,0
944,67001,2018,10,3,2407,2407.0,0,0
944,107806,2018,1,2,4801,4801.0,0,0
944,107106,2017,12,2,4828,4828.0,0,8
944,176195,2018,1,1,703,703.0,0,0
944,187192,2018,11,0,0,0.0,0,0
944,187102,2018,2,0,0,0.0,0,1
944,199306,2017,3,0,0,0.0,0,6
944,183266,2017,9,0,0,0.0,0,0
944,187837,2017,1,0,0,0.0,0,0
944,206962,2017,2,0,0,0.0,0,0
944,202972,2017,2,0,0,0.0,0,0
944,217097,2017,4,0,0,0.0,0,5
944,225106,2018,5,0,0,0.0,0,0
944,232822,2017,6,0,0,0.0,0,0
944,242807,2017,8,0,0,0.0,0,0
944,240005,2018,7,0,0,0.0,0,0
944,257186,2018,6,0,0,0.0,0,0
944,267107,2018,9,0,0,0.0,0,0
944,260863,2018,11,0,0,0.0,0,0
944,269803,2018,12,0,0,0.0,0,1
945,37499,2018,8,4,8366,8366.0,524,88
945,77663,2018,5,3,6131,6131.0,0,0
945,65803,2018,10,3,4797,4797.0,0,0
945,84952,2018,9,3,4327,4327.0,0,0
945,100865,2017,12,2,4647,4647.0,594,3
945,110106,2018,1,2,3806,3806.0,597,0
945,120065,2018,1,2,4306,4306.0,527,188
945,127637,2018,11,2,1140,1140.0,502,8
945,132266,2018,2,2,2341,2341.0,500,0
945,134866,2017,10,1,706,706.0,0,0
945,140433,2017,1,1,806,806.0,0,0
945,162460,2018,1,1,2028,2028.0,0,0
945,167488,2018,1,1,778,778.0,524,0
945,160882,2018,3,1,127,327.0,400,8
945,160357,2018,12,1,1108,1108.0,0,0
945,163366,2018,6,1,1,1.0,0,0
945,164663,2018,12,1,721,721.0,0,0
945,160301,2018,9,1,606,996.0,0,0
945,363106,2018,1,0,0,0.0,0,0
945,390907,2018,2,0,0,0.0,0,0
945,367666,2018,6,0,0,0.0,0,0
945,362825,2018,10,0,0,0.0,0,0
946,20990,2018,12,5,7730,7730.0,0,0
946,69870,2018,11,3,4336,4336.0,0,0
946,67603,2017,2,3,1383,1383.0,0,0
946,64136,2018,1,3,4236,4236.0,0,1
946,67802,2017,12,3,4209,4209.0,396,103
946,162607,2018,1,1,801,801.0,537,71
946,165033,2018,2,1,601,601.0,0,0
946,186802,2017,1,0,0,0.0,0,0
946,191802,2017,3,0,0,0.0,0,0
946,190666,2017,4,0,0,0.0,0,9
946,212263,2017,3,0,0,0.0,0,0
946,205656,2017,4,0,0,0.0,0,0
946,219821,2017,5,0,0,10000.0,0,0
946,257802,2017,9,0,0,0.0,0,0
946,237816,2017,6,0,0,0.0,0,0
946,255413,2017,9,0,0,0.0,0,0
946,260608,2018,1,0,0,0.5,0,0
946,265205,2017,10,0,0,0.0,0,8
946,260859,2018,7,0,0,0.0,0,0
946,267136,2018,8,0,0,0.0,0,0
946,367145,2018,1,0,0,0.0,528,0
946,360800,2018,11,0,0,0.0,526,0
946,368977,2018,12,0,0,0.0,0,0
946,323663,2018,11,0,0,0.5,500,4
947,1198,2018,7,7,14337,14337.0,0,0
947,5866,2018,8,6,10886,10886.0,0,0
947,5806,2018,5,15,4327,4327.0,594,78
947,4163,2017,6,6,3625,3625.0,0,0
947,863,2018,8,6,10608,10608.0,0,8
947,104867,2017,11,2,1906,1906.0,520,0
947,107807,2017,12,2,2202,2202.0,543,91
947,100893,2017,11,2,4306,4306.0,4,0
947,103175,2017,11,1,644,644.0,0,0
947,101673,2018,12,2,2118,2718.0,500,1
947,157203,2017,18,1,828,828.0,321,3
947,167894,2018,9,1,701,701.0,524,9
947,187106,2017,1,0,0,0.0,456,0
947,190162,2017,1,0,0,0.0,0,0
947,191663,2017,2,0,0,0.0,494,0
947,200991,2017,3,0,0,0.0,8,0
947,206866,2018,1,0,0,0.0,0,0
947,200435,2018,2,0,0,0.0,0,8
947,200195,2018,2,0,0,0.0,0,0
947,200376,2018,3,0,0,0.0,0,0
947,200033,2018,2,0,0,0.0,0,0
947,303657,2018,4,0,0,0.0,0,0
947,306113,2018,7,0,0,0.0,0,0
947,301106,2018,11,0,0,0.0,531,1
947,307390,2018,3,0,0,0.0,0,0
947,301766,2018,3,0,0,0.0,0,0
947,315905,2018,6,0,0,0.0,0,0
947,307606,2018,6,0,0,0.0,0,0
947,355182,2018,1,0,0,0.0,0,0
947,300109,2018,8,0,0,0.0,0,0
947,354803,2018,12,0,0,0.0,0,0
947,327189,2018,9,0,0,0.0,0,0
947,322883,2018,6,0,315,0.0,0,0
947,364173,2018,3,0,0,0.0,0,0
947,365868,2018,7,0,0,0.0,0,100
947,360085,2018,7,0,0,0.0,594,0
947,337607,2018,8,0,0,0.0,0,0
947,361183,2018,8,0,0,0.0,1,0
947,347833,2018,9,0,0,0.0,0,0
947,366106,2018,12,0,0,0.0,0,0
947,317607,2018,9,0,0,0.0,0,0
947,356264,2018,1,0,0,0.0,524,0
947,320983,2018,11,0,0,0.0,4,0
947,361810,2018,10,0,661,0.0,4,0
947,300136,2018,8,0,0,0.0,0,0
947,360965,2018,5,0,38627,0.0,0,0
947,361822,2018,11,0,0,0.0,0,0
947,307492,2018,11,0,0,0.0,7,0
948,2619,2017,8,6,10630,10630.0,521,91
948,2565,2018,6,6,8766,8766.0,524,98
948,15806,2018,7,5,11680,11680.0,500,0
948,21264,2017,4,4,7300,10300.0,0,8
948,67686,2017,11,3,3068,3068.0,0,0
948,87407,2017,12,3,5618,5618.0,0,0
948,67662,2018,3,3,4248,4248.0,0,0
948,95194,2017,12,3,7301,7301.0,0,0
948,109604,2018,9,2,2125,2125.0,600,0
948,150683,2018,1,1,623,623.0,0,0
948,160607,2017,12,1,688,688.0,0,0
948,160403,2018,5,1,706,706.0,590,0
948,163463,2018,2,1,1346,1346.0,0,0
948,168309,2018,7,1,886,886.0,0,0
948,162607,2018,1,1,903,903.0,0,0
948,160466,2018,8,1,361,361.0,294,0
948,167292,2018,10,1,807,807.0,597,8
948,165696,2018,1,1,2341,2381.0,0,0
948,177889,2017,1,1,685,5.0,0,8
948,167101,2017,12,1,661,5.0,0,0
948,316677,2018,4,1,1328,6.0,0,9
948,369107,2018,2,1,2117,1.0,4,0
948,360112,2018,12,0,0,0.0,0,0
948,366696,2018,11,1,1,1.0,599,0
949,12603,2017,8,5,4840,4840.0,0,0
949,14966,2018,6,5,12325,12325.0,0,100
949,60326,2017,10,3,1636,1636.0,7,0
949,67806,2017,7,3,4608,4608.0,568,1
949,71806,2018,1,3,3001,3001.0,0,0
949,87103,2018,1,3,4208,4208.0,0,0
949,100674,2017,12,2,4361,4361.0,531,0
949,116106,2018,3,2,1836,1836.0,0,3
949,162122,2018,12,2,4436,4436.0,691,8
949,162489,2018,9,1,730,730.0,0,0
949,166601,2018,11,1,601,601.0,0,0
949,163696,2018,11,1,951,951.0,530,0
949,167808,2018,9,1,2101,6101.0,0,0
949,168577,2018,1,1,1673,1673.0,596,1
949,162832,2018,1,1,607,607.0,0,0
949,167489,2018,12,1,765,795.0,0,8
949,162642,2018,12,1,707,707.0,520,0
949,174102,2018,1,0,0,0.0,626,0
949,180087,2017,1,0,0,0.0,0,0
949,183669,2017,2,0,0,0.0,0,0
949,190172,2018,2,0,0,0.0,0,8
949,207476,2017,4,0,0,3.0,0,0
949,207936,2017,10,0,0,0.0,579,0
949,300762,2018,3,0,0,0.0,504,8
950,5866,2018,8,6,11104,11104.0,0,0
950,6106,2018,7,6,10806,10806.0,0,0
950,25966,2018,3,5,5800,5800.0,0,0
950,55106,2017,2,3,2323,2323.0,0,0
950,50188,2017,9,3,4081,6081.0,520,8
950,52300,2018,1,3,5403,5403.0,0,0
950,63896,2018,12,3,4237,4237.0,590,98
950,61135,2018,8,3,4396,4396.0,524,0
950,97833,2018,3,2,3696,3696.0,0,1
950,107607,2018,10,2,2675,2675.0,531,99
950,105150,2018,12,2,4831,4831.0,3,100
950,105398,2018,6,2,4636,4636.0,1,0
950,300694,2018,11,2,2107,12107.0,534,0
950,303662,2018,4,2,3621,3621.0,561,1
950,303864,2018,9,0,0,0.0,4,90
950,305833,2018,3,0,0,0.0,567,5
950,307659,2018,4,0,0,0.0,528,92
950,348807,2018,7,20,0,0.0,0,0
950,324556,2018,11,0,0,0.0,0,0
950,323859,2018,4,0,0,0.0,0,8
950,325806,2018,5,0,0,0.0,0,0
950,357271,2018,12,0,0,0.0,520,89
950,352098,2018,8,0,0,0.0,0,0
950,397666,2018,11,0,0,0.0,0,9
951,890,2017,7,6,14638,14638.0,0,0
951,5164,2018,7,6,4671,4671.0,530,109
951,386,2018,6,6,10860,10860.0,0,1
951,7105,2018,3,5,5171,5171.0,500,0
951,47186,2018,8,3,7647,7647.0,534,108
951,68835,2017,11,3,4666,6666.0,0,0
951,60583,2018,5,3,2707,2707.0,0,0
951,48806,2017,8,3,1138,1138.0,0,3
951,57366,2017,11,3,4307,4307.0,0,100
951,56696,2017,1,3,4352,4352.0,594,1
951,67696,2018,11,3,1336,1336.0,0,0
951,91053,2018,5,2,4808,4808.0,524,8
951,103866,2018,8,2,1196,1196.0,898,0
951,107895,2018,5,2,1388,1338.0,394,108
951,103893,2018,8,2,4826,4826.0,0,0
951,107537,2017,12,2,2306,2306.0,0,1
951,107105,2018,2,1,147,747.0,0,0
951,200859,2018,9,0,0,0.0,0,0
951,200103,2017,3,0,0,0.0,0,0
951,217661,2018,12,0,0,0.0,0,2
951,267102,2017,6,0,0,0.0,0,0
951,260179,2017,11,0,0,0.0,4,0
951,327196,2018,2,0,0,0.0,0,0
951,330665,2018,11,0,0,0.0,0,3
952,3896,2017,8,6,13666,13666.0,794,91
952,406,2018,8,6,5424,5424.0,0,0
952,805,2017,5,5,10000,10000.0,0,0
952,609,2018,7,6,10380,10380.0,534,0
952,86,2017,12,6,3661,3661.0,0,5
952,53835,2017,11,3,4806,4806.0,0,0
952,67809,2017,2,3,2336,50336.0,0,0
952,98811,2018,1,3,4007,4007.0,500,0
952,796,2017,6,3,4387,4387.0,0,0
952,96053,2017,2,2,2006,2006.0,0,0
952,105909,2017,9,2,2271,2271.0,0,0
952,107671,2018,8,2,4808,6808.0,0,8
952,100665,2017,3,2,1206,1206.0,0,0
952,161164,2018,11,1,846,846.0,0,0
952,160606,2018,10,1,826,826.0,597,0
952,166805,2018,2,1,705,705.0,0,100
952,166005,2018,11,1,831,831.0,0,0
952,162896,2018,5,1,661,636.0,0,0
952,163085,2018,1,1,716,796.0,528,90
952,167466,2018,5,1,903,825.0,534,0
952,160105,2018,8,1,807,0.0,0,0
952,181158,2018,1,0,0,0.0,546,9
952,188868,2018,10,0,0,0.0,564,92
952,350803,2018,12,0,0,0.0,0,98
952,356999,2018,2,0,6,6.0,0,96
952,304903,2018,3,0,988,5.0,0,78
952,309903,2018,10,0,0,0.0,0,0
952,306801,2018,9,0,0,7.0,0,0
952,300183,2018,9,0,10000,6.0,0,0
952,335673,2018,7,0,0,0.0,597,9
952,304169,2018,11,0,0,6.0,0,0
952,317122,2018,3,0,0,0.0,0,0
952,313086,2018,1,0,0,0.0,600,0
952,360163,2018,2,0,0,0.0,586,0
952,333106,2018,3,0,0,6.0,524,0
952,330295,2018,6,0,0,0.0,0,0
952,320663,2018,2,0,0,0.0,0,0
953,4958,2017,7,6,3362,3362.0,0,0
953,4128,2017,12,5,7980,7980.0,0,0
953,17006,2018,6,5,4625,4625.0,524,71
953,65165,2018,8,3,2078,2078.0,0,0
953,63306,2017,12,3,4347,4347.0,0,3
953,62604,2017,1,3,7681,7681.0,0,0
953,105966,2017,1,2,3697,3697.0,0,0
953,107903,2017,5,2,4608,6608.0,794,2
953,100703,2018,8,2,4317,4317.0,397,98
953,101862,2017,10,2,3407,3307.0,527,78
953,108847,2018,9,1,748,748.0,724,147
953,107827,2017,11,2,1847,1847.0,0,0
953,108868,2018,2,2,726,626.0,0,0
953,101402,2017,3,0,0,0.0,824,100
953,113823,2018,11,0,0,0.0,521,98
953,160866,2018,12,0,0,0.0,0,0
953,190868,2017,12,0,0,0.0,0,0
953,262065,2017,11,0,0,0.0,0,0
953,312337,2018,1,0,0,0.0,0,1
953,320064,2018,6,0,0,0.0,3,1
953,310006,2018,4,0,0,0.0,0,0
953,355096,2018,11,0,0,0.0,0,8
953,350903,2018,8,0,0,0.0,0,100
953,367163,2018,12,0,0,0.0,0,0
954,1696,2018,7,7,14836,14836.0,0,0
954,4889,2018,6,6,10806,10806.0,568,51
954,806,2017,7,5,4360,4360.0,0,0
954,127802,2018,8,2,14388,4388.0,0,0
954,100337,2018,11,2,4802,4802.0,0,0
954,100894,2017,2,2,2706,2706.0,4,99
954,100893,2017,3,2,4866,4766.0,0,0
954,104596,2017,11,2,11326,1326.0,0,0
954,100682,2018,8,2,4247,4247.0,0,0
954,105160,2018,5,2,4986,4989.0,0,8
954,100823,2018,1,2,1866,1866.0,600,0
954,101186,2017,10,2,2306,2306.0,614,108
954,100572,2018,9,2,4886,10886.0,596,21
954,100885,2018,2,2,4666,4666.0,0,0
954,107667,2017,10,2,4106,4106.0,7,100
954,103106,2018,11,2,3606,3606.0,500,1
954,100963,2017,3,0,0,0.0,344,8
954,104806,2017,12,0,0,0.0,0,0
954,100102,2017,4,0,0,0.0,0,0
954,102000,2018,2,0,0,0.0,500,8
954,100016,2018,1,0,0,0.0,567,100
954,107987,2018,4,0,0,0.0,0,98
954,104102,2018,11,0,0,0.0,0,0
954,107655,2018,7,0,0,0.0,0,0
955,49201,2018,6,4,3036,3036.0,0,0
955,132802,2017,12,1,1802,1802.0,0,0
955,145769,2018,10,1,876,876.0,0,8
955,162136,2018,1,1,1327,1327.0,590,0
955,362603,2018,1,1,725,725.0,0,8
955,387117,2017,1,0,0,0.0,0,0
955,302687,2017,3,0,0,0.0,0,0
955,300887,2017,4,0,0,0.0,500,3
955,327866,2017,5,0,0,0.0,0,0
955,369602,2017,6,0,0,0.0,0,0
955,369862,2017,8,0,0,0.0,0,0
955,367100,2017,4,0,0,0.0,0,0
955,360065,2017,10,0,0,0.0,0,0
955,360564,2018,1,0,0,0.0,0,0
955,361193,2018,9,0,0,0.0,0,0
955,367607,2018,9,0,0,0.0,0,8
955,365997,2018,1,0,0,0.0,0,0
955,366165,2018,5,0,0,0.0,593,0
955,307006,2018,2,0,0,0.0,0,6
955,320462,2018,6,0,0,0.0,0,0
955,360801,2018,9,0,0,0.0,0,8
955,368306,2018,10,0,0,0.0,0,0
955,323186,2018,10,0,0,0.0,0,0
955,367136,2018,12,0,0,0.0,0,0
956,15104,2018,12,5,8430,8430.0,0,0
956,34148,2018,5,4,8852,8852.0,668,123
956,156205,2018,9,1,2176,2176.0,0,0
956,160867,2018,11,1,627,627.0,0,0
956,175827,2018,1,0,0,0.0,0,0
956,185215,2017,2,0,0,0.0,0,0
956,196806,2017,3,0,0,0.0,0,0
956,197067,2017,2,0,0,0.0,0,0
956,200863,2017,3,0,0,0.0,0,0
956,217646,2017,5,0,0,0.0,0,0
956,225066,2017,4,0,0,0.0,0,0
956,247856,2017,6,0,0,0.0,500,0
956,233399,2017,7,0,0,0.0,0,0
956,237056,2017,8,0,0,0.0,0,0
956,297680,2018,2,0,0,0.0,0,0
956,300806,2018,6,0,0,0.0,0,0
956,304106,2018,1,0,0,0.0,0,0
956,305107,2018,2,0,0,0.0,0,0
956,300895,2018,3,0,0,0.0,0,0
956,310029,2018,4,0,0,0.0,596,0
956,320294,2018,8,0,0,0.0,0,0
956,323396,2018,5,0,0,0.0,0,0
956,327896,2018,10,0,0,0.0,0,0
956,332637,2018,11,0,0,0.0,0,3
957,30632,2017,12,4,7288,7288.0,536,96
957,69976,2018,1,3,2077,2077.0,0,0
957,63878,2018,9,3,4145,4145.0,0,0
957,60806,2018,9,3,4306,4306.0,0,0
957,62271,2018,2,3,7316,7316.0,0,0
957,62303,2018,10,3,2727,2797.0,0,0
957,167006,2018,2,1,641,641.0,0,0
957,166322,2018,1,1,307,307.0,324,8
957,169884,2018,1,1,2421,2421.0,596,98
957,160508,2018,1,1,830,830.0,0,9
957,165602,2018,3,1,1139,1139.0,568,8
957,166362,2018,2,1,2337,2337.0,595,8
957,162831,2018,1,1,2476,2476.0,596,91
957,167367,2018,1,1,1781,1781.0,0,0
957,165834,2018,4,1,601,601.0,520,0
957,162676,2018,11,1,737,737.0,0,0
957,167296,2018,6,1,71,51.0,0,1
957,165366,2018,12,1,880,830.0,0,0
957,188606,2017,3,0,0,0.0,0,0
957,307967,2017,4,0,0,0.0,0,0
957,309663,2018,6,0,0,0.0,0,8
957,354802,2018,8,11,0,0.0,0,0
957,360691,2018,9,0,0,0.0,0,0
957,365324,2018,10,0,0,0.0,0,7
957,361265,2018,8,0,0,0.0,590,0
957,300103,2018,2,0,14400,0.0,598,130
957,304807,2018,11,0,0,74780.0,568,0
957,301123,2018,1,0,0,0.0,0,0
957,300426,2018,7,0,0,0.0,0,0
957,317127,2018,3,0,0,0.0,590,0
957,360865,2018,12,0,10000,0.0,0,0
957,300404,2018,1,0,0,0.0,500,0
957,364887,2018,9,0,0,0.0,9,0
957,356184,2018,2,0,0,0.0,567,98
957,361167,2018,6,0,0,0.0,0,0
957,319863,2018,5,0,0,0.0,570,0
957,317002,2018,11,0,0,0.0,0,0
957,359509,2018,1,0,0,0.0,0,0
957,342606,2018,8,0,0,0.0,534,100
957,367426,2017,6,0,0,0.0,0,8
957,360601,2018,11,0,0,0.0,0,0
957,327175,2018,9,0,0,0.0,0,0
957,361128,2018,12,0,0,0.0,6,100
957,365076,2018,1,0,0,0.0,6,0
957,360666,2018,12,0,0,0.0,0,0
957,360487,2018,11,0,0,0.0,588,0
957,317903,2018,12,0,0,0.0,4,0
957,397663,2018,12,0,0,0.0,0,0
958,90607,2017,7,3,7843,7843.0,0,0
958,92608,2018,8,3,15467,12467.0,566,98
958,90606,2017,9,3,2631,12631.0,539,62
958,90803,2018,2,2,4806,4806.0,0,0
958,90875,2018,2,3,1188,1188.0,590,91
958,90897,2018,11,2,2436,2436.0,0,0
958,100685,2017,10,2,846,846.0,526,98
958,100088,2018,4,2,4200,4200.0,604,8
958,100225,2017,3,2,4066,4066.0,0,0
958,123615,2018,2,2,3068,3068.0,0,3
958,160005,2018,1,1,747,747.0,500,0
958,187664,2017,1,0,0,0.0,0,98
958,206854,2017,2,0,0,0.0,0,0
958,200657,2017,10,0,0,0.0,0,0
958,207806,2017,2,0,0,0.0,0,0
958,200695,2018,3,0,0,0.0,567,0
958,256855,2017,4,0,0,0.0,0,0
958,237695,2018,6,0,0,0.0,0,0
958,212806,2018,7,0,0,0.0,0,0
958,260804,2018,8,0,0,0.0,0,0
958,260932,2018,8,0,0,0.0,0,0
958,260449,2018,11,0,0,0.0,524,0
958,317896,2018,9,0,0,0.0,564,108
958,323019,2018,11,0,0,0.0,0,8
959,42107,2018,11,4,8000,8000.0,0,0
959,45837,2017,8,4,8616,8616.0,0,0
959,57803,2018,2,3,3637,3637.0,0,0
959,66867,2017,6,3,5367,5367.0,0,0
959,67052,2018,7,3,7137,7137.0,0,0
959,64167,2018,11,3,10809,809.0,598,101
959,87674,2018,9,3,2127,2127.0,0,0
959,106576,2018,7,1,2096,2096.0,0,0
959,107406,2018,3,2,638,638.0,594,100
959,110162,2018,12,1,606,606.0,500,9
959,153605,2018,12,1,841,841.0,0,0
959,163663,2018,11,1,663,663.0,599,0
959,167608,2018,1,1,2801,2801.0,477,0
959,188676,2017,1,1,606,606.0,524,101
959,195965,2017,2,0,0,0.0,535,101
959,201866,2017,3,0,0,0.0,0,8
959,201887,2017,4,0,0,0.0,0,0
959,213185,2017,5,0,0,0.0,0,0
959,227885,2017,6,0,0,0.0,0,0
959,247122,2017,8,0,0,0.0,4,100
959,247166,2017,9,0,0,0.0,0,8
959,255866,2017,5,0,0,0.0,0,1
959,350175,2018,10,0,0,0.0,326,0
959,357181,2018,11,0,0,0.0,0,3
960,9487,2017,8,5,10145,10145.0,0,0
960,5802,2018,6,6,7637,7637.0,0,71
960,7806,2018,7,12,10380,10380.0,0,100
960,5868,2018,7,6,4238,4238.0,0,0
960,8959,2018,11,3,4347,4347.0,570,0
960,7163,2017,6,6,4686,4686.0,0,0
960,2895,2017,9,6,7036,7036.0,0,0
960,7109,2017,7,2,4668,4698.0,0,0
960,7666,2018,3,3,4000,4000.0,554,1
960,117766,2018,4,2,4176,4176.0,0,0
960,100601,2017,11,2,4667,4697.0,0,0
960,107966,2018,6,2,4616,4616.0,0,0
960,100876,2017,12,2,4371,4371.0,564,6
960,107699,2017,11,2,2336,2336.0,0,3
960,107096,2017,12,2,4806,4706.0,0,1
960,100666,2018,1,2,4387,4377.0,0,0
960,102866,2018,2,2,4318,4318.0,526,90
960,156864,2018,4,2,11206,1366.0,524,0
960,219874,2017,2,1,311,311.0,0,0
960,215806,2018,5,0,0,0.0,0,0
960,212603,2018,8,0,0,0.0,587,100
960,252107,2018,2,0,0,0.0,0,0
960,265874,2018,10,0,0,0.0,0,0
960,305106,2018,12,0,0,0.0,0,8
961,2886,2017,6,6,4836,4836.0,546,106
961,7601,2017,7,5,3695,3695.0,570,98
961,20135,2017,7,4,4740,5740.0,0,0
961,51890,2017,8,3,4705,4705.0,0,0
961,50107,2017,1,3,4406,4406.0,561,9
961,62107,2017,8,3,5806,5806.0,0,0
961,67830,2017,11,3,4667,4667.0,550,92
961,65306,2018,2,3,1937,1935.0,528,108
961,160191,2017,11,3,5247,5247.0,500,0
961,167299,2017,11,1,746,746.0,0,0
961,162164,2018,8,1,707,607.0,563,8
961,160067,2018,1,1,1396,1396.0,537,108
961,190868,2017,2,0,0,0.0,0,0
961,207173,2017,3,0,0,0.0,0,0
961,212855,2018,10,0,0,0.0,0,0
961,207963,2017,11,0,0,0.0,0,0
961,206862,2017,2,0,0,0.0,500,5
961,257106,2017,2,0,0,0.0,0,8
961,264346,2018,2,0,0,0.0,0,0
961,309693,2018,2,0,0,0.0,0,0
961,317273,2018,3,0,0,0.0,0,0
961,310861,2018,4,0,0,0.0,0,0
961,361166,2018,11,0,0,0.0,2,0
961,367679,2018,12,0,0,0.0,0,8
962,27609,2018,7,5,9370,9370.0,0,0
962,31665,2018,3,4,9660,9660.0,0,0
962,52603,2018,12,3,3717,3717.0,627,0
962,90893,2018,1,2,4630,4630.0,0,58
962,107366,2018,10,2,4838,4838.0,590,91
962,101891,2017,4,2,1804,1804.0,0,0
962,110803,2018,2,2,2327,2327.0,0,0
962,167516,2018,3,1,866,10896.0,0,1
962,160107,2018,6,1,834,834.0,0,9
962,166163,2018,1,1,636,636.0,0,0
962,167164,2018,1,16,3,3.0,529,0
962,163156,2018,11,1,1448,1448.0,544,5
962,169166,2018,2,1,867,867.0,568,0
962,168947,2018,5,1,788,788.0,594,6
962,168617,2018,1,1,711,711.0,594,100
962,165863,2018,2,1,835,835.0,0,0
962,161167,2017,5,1,1006,5.0,594,108
962,164396,2018,1,1,8,2.0,524,98
962,167203,2018,8,1,801,31.0,567,0
962,167701,2018,10,0,0,0.0,0,91
962,168869,2018,1,1,0,0.0,0,0
962,197096,2017,1,0,0,0.0,0,8
962,214897,2018,4,0,0,0.0,0,91
962,341801,2018,7,0,0,0.0,0,97
963,30106,2018,12,4,80,80.0,546,91
963,4890,2017,5,5,8800,8800.0,0,1
963,892,2018,7,5,5830,5830.0,0,0
963,17106,2018,7,5,24635,10635.0,321,95
963,93347,2017,6,2,4626,4626.0,0,0
963,67836,2018,9,3,4896,4896.0,524,198
963,61606,2017,10,3,3888,3888.0,0,1
963,93101,2017,1,6,3647,3647.0,0,0
963,97620,2017,3,3,4236,4236.0,500,0
963,100666,2017,12,2,4833,4833.0,0,8
963,109600,2017,12,2,4451,4451.0,526,2
963,105162,2018,6,2,2331,2331.0,583,0
963,107087,2018,5,2,4267,4267.0,7,0
963,102806,2017,8,2,2406,2406.0,0,0
963,103180,2018,11,1,640,640.0,0,9
963,115697,2018,4,0,0,0.0,566,0
963,127174,2018,11,0,0,0.0,500,8
963,184132,2017,1,0,0,0.0,0,0
963,290665,2017,1,0,0,0.0,1,100
963,307864,2018,4,0,0,0.0,0,0
963,300898,2018,3,0,0,0.0,0,1
963,300360,2018,5,0,0,0.0,4,0
963,317865,2018,8,0,0,0.0,0,0
963,341806,2018,12,0,0,0.0,341,0
964,11603,2018,8,5,4305,6305.0,0,0
964,22609,2017,6,4,4496,4496.0,0,0
964,50103,2017,7,3,4667,4667.0,0,0
964,64867,2017,12,3,3137,3137.0,794,0
964,67664,2017,12,3,6603,6603.0,365,128
964,64006,2018,8,3,4607,4607.0,0,0
964,65686,2017,12,3,3341,3341.0,500,0
964,67806,2018,1,3,4303,4303.0,0,0
964,75102,2018,12,3,4627,4627.0,0,8
964,150067,2018,1,3,4405,4405.0,0,72
964,157737,2018,9,2,2138,2138.0,590,98
964,109667,2017,3,2,4106,4106.0,700,0
964,101860,2018,1,2,2876,2376.0,564,70
964,108006,2017,3,2,636,10636.0,0,0
964,107615,2017,3,2,1906,1906.0,2,0
964,105896,2017,4,2,4600,4600.0,0,0
964,160487,2018,2,1,733,733.0,4,0
964,165106,2018,3,1,1338,1339.0,574,0
964,160185,2018,10,1,676,926.0,0,0
964,185811,2017,3,0,0,0.0,4,0
964,182682,2017,1,0,0,0.0,500,0
964,207603,2018,4,0,0,0.0,500,0
964,310708,2018,6,0,0,0.0,0,0
964,377980,2018,11,0,0,0.0,7,0
965,8754,2017,3,5,3115,3115.0,0,0
965,10332,2017,7,5,4665,4665.0,0,0
965,7803,2018,8,5,7640,7640.0,0,0
965,15603,2018,8,5,4005,4005.0,0,0
965,17871,2017,6,5,10727,727.0,0,0
965,22861,2017,4,5,7065,7065.0,0,0
965,37382,2018,4,4,2637,2637.0,0,0
965,60675,2018,11,3,5687,5687.0,0,0
965,73601,2018,1,3,4807,4807.0,0,8
965,87796,2018,5,3,4308,4300.0,0,0
965,100803,2017,9,2,3047,3047.0,591,0
965,161106,2017,5,1,2017,2017.0,534,1
965,163699,2018,11,1,14336,4336.0,0,91
965,160006,2018,2,1,806,40806.0,596,0
965,164875,2018,2,1,816,816.0,0,0
965,165866,2018,3,1,881,881.0,500,0
965,167106,2018,10,1,2428,2428.0,0,0
965,167264,2018,1,1,828,838.0,0,0
965,307667,2018,2,0,0,0.0,565,0
965,315167,2018,11,0,0,0.0,0,0
965,317875,2018,2,0,0,0.0,0,0
965,325104,2018,10,0,0,0.0,0,0
965,337607,2018,8,0,0,0.0,0,0
965,362607,2018,11,0,0,0.0,0,0
966,20575,2018,12,5,6735,9735.0,0,0
966,44839,2018,1,4,4400,4400.0,384,41
966,44173,2018,10,6,4836,4836.0,512,93
966,54836,2018,11,3,2231,2231.5,721,8
966,90886,2018,12,2,4406,43406.0,500,1
966,90961,2017,1,0,0,0.0,0,0
966,90824,2018,12,0,0,0.0,0,0
966,92566,2017,3,0,0,0.0,0,104
966,190103,2017,1,0,0,0.0,0,0
966,190806,2017,4,0,0,0.0,0,0
966,202624,2018,6,0,0,0.0,0,0
966,202084,2017,7,0,0,0.0,0,0
966,207894,2017,8,0,0,0.0,0,0
966,207892,2017,1,0,0,0.0,0,0
966,210806,2017,10,0,0,0.0,0,0
966,220133,2018,9,0,0,0.0,0,1
966,253164,2017,1,0,0,0.0,0,0
966,260869,2018,2,0,0,0.0,0,0
966,260833,2018,1,0,0,0.0,0,0
966,266606,2018,3,0,0,0.0,0,0
966,260366,2018,6,0,0,0.0,0,1
966,269893,2018,11,0,0,0.0,577,100
966,160965,2018,12,0,0,0.0,0,0
966,266106,2018,12,0,0,0.0,0,0
967,7862,2017,3,5,4780,4780.0,0,0
967,5866,2018,8,6,10326,10326.0,0,0
967,1403,2018,6,5,10725,10725.0,0,0
967,2862,2018,4,4,7836,10836.0,814,0
967,809,2017,5,6,10730,10730.0,0,0
967,1896,2017,7,2,4386,4386.0,4,0
967,199,2018,7,0,0,0.0,0,0
967,1536,2017,8,0,0,0.0,0,0
967,375,2017,9,0,0,0.0,0,0
967,5303,2018,11,0,0,0.0,0,8
967,5802,2017,2,0,0,0.0,0,0
967,202,2017,11,0,0,0.0,0,0
967,406,2018,2,0,0,0.0,1,0
967,176,2018,11,0,3000,0.0,0,0
967,96,2017,1,0,0,0.0,0,0
967,1604,2018,3,0,0,0.0,0,2
967,826,2018,8,0,328,0.0,0,2
967,2806,2018,12,0,0,0.0,0,1
967,10165,2018,4,0,0,0.0,0,0
967,869,2018,6,0,0,0.0,0,0
967,3806,2018,7,0,0,0.0,0,0
967,56804,2018,1,0,0,0.0,0,71
967,66606,2018,11,0,0,0.0,0,0
967,7686,2018,12,0,0,0.0,4,0
968,8669,2017,3,5,4265,4295.0,0,0
968,45993,2017,4,3,7084,7084.0,528,60
968,40863,2018,7,3,4136,4136.0,472,101
968,50827,2017,2,3,4361,4361.0,5,101
968,62330,2018,6,3,4347,4347.0,0,0
968,62906,2017,8,3,4631,4631.0,0,0
968,66363,2017,10,3,6885,6885.0,500,0
968,67864,2017,9,3,4309,4309.0,554,0
968,103104,2017,12,2,1836,1836.0,4,0
968,101565,2017,11,2,4806,4706.0,0,0
968,107662,2018,3,2,4828,4828.0,0,8
968,150682,2018,2,1,2041,2041.0,0,3
968,150806,2018,12,1,1247,1247.0,574,0
968,169663,2018,1,1,737,737.0,0,0
968,165183,2018,11,1,111,111.0,500,0
968,167888,2018,2,1,1167,1197.0,500,0
968,168106,2018,11,1,2876,2876.0,0,2
968,168806,2018,4,1,807,867.0,0,0
968,205163,2017,3,0,0,0.0,0,0
968,203266,2017,4,0,0,0.0,328,0
968,212603,2017,5,0,0,0.0,0,0
968,207684,2018,12,0,0,0.0,0,0
968,237696,2017,11,0,0,0.0,567,0
968,257666,2018,7,0,0,0.0,0,0
969,9839,2017,6,5,10620,10620.0,503,80
969,7106,2017,3,5,3805,3805.0,578,96
969,17703,2018,7,5,4605,4605.0,0,1
969,12419,2018,5,5,7605,7605.0,0,0
969,22092,2018,8,4,5396,5396.0,0,0
969,95807,2018,2,3,4867,4867.0,8,100
969,107663,2017,1,2,4167,4167.0,0,0
969,109189,2017,10,2,2832,2832.0,0,1
969,100107,2018,2,2,4361,4361.0,0,0
969,107167,2017,11,2,3746,3746.0,694,0
969,101801,2018,5,2,1806,1806.0,0,0
969,100876,2017,10,2,2728,2728.0,594,0
969,160853,2018,6,1,1330,1330.0,561,0
969,179164,2018,1,1,1246,1236.0,577,0
969,165899,2018,12,1,10671,671.0,594,98
969,205876,2017,1,0,0,0.0,0,8
969,200662,2017,3,0,0,0.0,596,100
969,201106,2017,4,0,0,0.0,0,8
969,200662,2017,3,0,0,0.0,0,0
969,309762,2018,8,0,0,0.0,0,0
969,309606,2018,4,0,0,0.0,0,0
969,310884,2018,5,0,0,0.0,0,0
969,320995,2018,8,0,0,0.0,0,0
969,301894,2018,10,0,0,0.0,7,0
970,2961,2017,8,6,14630,14630.0,0,0
970,9829,2018,7,7,14316,11316.5,241,73
970,27801,2018,8,5,7805,7805.0,0,0
970,41186,2018,7,4,5308,5308.0,550,48
970,47186,2018,6,4,4336,4336.0,4,8
970,52803,2018,1,3,4307,4305.0,899,98
970,68867,2018,1,3,7626,7626.0,0,0
970,65866,2018,8,3,4336,4336.0,516,148
970,174686,2018,9,1,903,903.0,390,21
970,144602,2018,5,1,931,931.0,520,0
970,160133,2018,2,1,718,718.0,0,0
970,167136,2018,10,1,861,861.0,0,0
970,167147,2018,2,1,635,635.0,0,0
970,160184,2018,9,1,701,701.0,520,8
970,167602,2018,11,1,621,621.0,598,118
970,167872,2018,1,1,30601,601.0,500,0
970,164866,2018,2,1,1856,836.0,0,0
970,300374,2018,3,0,0,0.0,0,0
970,326863,2018,4,0,0,0.0,0,6
970,367173,2018,11,0,0,0.0,4,0
970,368862,2018,10,0,0,0.0,0,0
970,360936,2018,6,0,0,0.0,590,0
970,365886,2018,11,0,0,0.0,0,1
970,360915,2018,12,0,0,0.0,0,0
970,367187,2018,1,0,0,0.0,0,0
970,364036,2018,7,0,0,0.0,600,0
970,365103,2018,9,0,0,0.0,500,0
970,307636,2018,2,0,0,0.0,0,0
970,345996,2018,2,0,0,0.0,0,0
970,305206,2018,8,0,0,0.0,0,0
970,301107,2018,12,0,0,0.0,0,0
970,301606,2018,8,0,0,5.0,500,0
970,361833,2018,9,0,0,0.0,0,0
970,329143,2018,12,0,0,0.0,500,0
970,367192,2018,8,0,0,0.0,0,3
970,363162,2018,6,0,0,0.0,0,0
970,337627,2018,12,0,0,0.0,0,8
970,387996,2018,11,0,0,0.0,0,0
970,360867,2018,2,0,0,0.0,390,0
970,364119,2018,9,0,0,0.0,599,101
970,367181,2018,1,0,0,0.0,0,0
970,366102,2018,8,0,0,0.0,550,0
970,368822,2018,2,0,0,0.0,0,0
970,365539,2018,9,0,0,0.0,0,0
970,380193,2018,12,0,0,0.0,0,0
970,397606,2018,12,0,0,0.0,0,0
970,360853,2018,12,0,0,0.0,597,0
970,355104,2018,11,0,0,0.0,0,0
971,2829,2017,8,6,10800,10800.0,571,98
971,7109,2018,7,6,10886,10886.0,0,0
971,809,2018,8,5,7647,7647.0,500,1
971,6185,2018,6,6,5600,5600.0,0,0
971,226,2018,7,6,20608,608.0,0,0
971,2866,2018,8,0,0,0.0,500,0
971,7113,2018,9,0,0,0.0,0,0
971,6106,2018,5,0,0,0.0,0,0
971,806,2017,8,0,0,0.0,0,0
971,7846,2018,9,0,0,0.0,0,0
971,7807,2018,12,0,0,0.0,500,5
971,43976,2017,6,0,0,0.0,0,0
971,47284,2018,5,0,630,0.0,0,0
971,50884,2018,2,0,0,0.0,0,0
971,90495,2018,2,0,0,0.0,0,0
971,300363,2018,1,0,0,0.0,0,0
971,307604,2018,7,0,0,0.0,0,8
971,314126,2018,9,0,0,0.0,583,8
971,317605,2018,3,0,0,0.0,0,0
971,320503,2018,11,0,0,0.0,0,0
971,340307,2018,7,0,0,0.0,0,0
971,353107,2018,9,0,0,0.0,0,0
971,360809,2018,11,0,0,0.0,0,0
971,350679,2018,12,0,0,0.0,0,1
972,2,2017,7,6,4980,4980.0,8,121
972,7624,2017,6,5,10225,10825.0,0,0
972,7699,2017,11,5,4685,4685.0,0,0
972,12106,2018,8,5,4300,4300.0,520,71
972,30483,2018,7,4,6228,6228.0,0,1
972,44465,2018,11,4,2367,2361.0,501,0
972,47197,2018,11,3,2326,2326.5,500,98
972,65805,2017,11,3,3801,13801.0,0,0
972,90636,2017,2,3,2385,2385.0,594,108
972,100665,2017,10,2,2972,2972.0,0,6
972,100193,2018,11,2,4406,4106.0,0,0
972,107672,2017,12,2,4606,4606.0,0,0
972,107664,2018,3,2,3787,3787.0,0,0
972,108686,2018,4,2,4668,4668.0,0,1
972,107801,2017,12,1,6,6.0,520,0
972,131162,2018,3,1,1823,2883.0,534,0
972,162117,2018,10,1,640,640.5,544,88
972,165737,2018,11,1,686,686.0,0,1
972,167503,2018,8,1,737,17.0,0,0
972,161860,2018,2,1,601,686.0,525,98
972,180183,2018,1,0,0,6.0,0,0
972,190133,2017,2,0,0,0.0,0,8
972,193846,2017,7,0,0,0.0,4,1
972,209107,2018,12,0,0,0.0,0,0
973,1766,2017,8,6,13796,13796.0,547,144
973,306,2018,7,5,3665,3665.0,0,0
973,1166,2017,6,5,12725,12725.0,564,148
973,49806,2018,7,3,3327,3327.0,500,1
973,53966,2017,8,3,4661,4661.0,0,0
973,67106,2018,8,3,2003,2005.0,0,0
973,87607,2018,11,3,2000,2000.0,596,9
973,187209,2018,11,1,2287,2287.0,590,91
973,177267,2018,10,1,1837,1837.0,500,0
973,90870,2017,2,1,1201,1201.0,7,0
973,190463,2017,11,1,806,806.0,0,8
973,190402,2017,2,0,0,0.0,0,0
973,207606,2017,11,0,0,0.0,500,0
973,207909,2017,2,0,0,0.0,0,0
973,200887,2018,11,0,0,0.0,1,1
973,219801,2018,2,0,0,0.0,0,0
973,227007,2017,4,0,0,0.0,0,0
973,224002,2017,7,0,0,0.0,0,1
973,263605,2018,3,0,0,0.0,0,1
973,250707,2017,12,0,0,0.0,0,0
973,250191,2018,1,0,0,0.0,534,0
973,260105,2018,10,0,0,0.0,0,8
973,267186,2018,11,0,1,40000.0,0,0
973,260992,2018,12,0,0,0.0,0,6
974,23306,2018,12,5,5425,5425.0,534,96
974,85905,2018,9,3,3943,3943.0,0,0
974,59106,2018,7,3,4837,4837.0,0,0
974,125102,2018,8,2,2007,2002.0,0,0
974,165336,2017,10,1,603,603.0,728,3
974,365879,2018,1,1,1848,1848.0,523,108
974,362163,2018,2,1,867,867.0,0,0
974,369868,2018,3,1,828,828.0,0,0
974,360382,2017,1,1,936,936.0,500,8
974,365387,2017,10,1,620,620.0,0,0
974,334163,2017,1,0,0,0.0,0,0
974,339477,2017,6,0,0,0.0,0,0
974,340698,2017,8,0,0,0.0,0,0
974,387638,2018,1,0,0,0.0,0,0
974,360130,2017,12,0,0,0.0,0,0
974,366006,2018,7,0,0,0.0,394,8
974,360867,2018,1,0,0,0.0,0,8
974,368604,2018,1,0,0,0.0,0,1
974,360363,2018,8,0,0,0.0,0,0
974,336806,2018,4,0,0,0.0,0,0
974,337484,2018,11,0,0,0.0,0,0
974,367606,2018,12,0,0,0.0,0,0
974,365108,2018,11,0,0,0.0,0,0
974,362101,2018,12,0,0,0.0,538,0
975,66896,2018,9,3,6038,6038.0,591,90
975,107832,2018,12,2,4276,4276.0,324,154
975,85202,2017,5,0,0,0.0,0,0
975,187164,2017,11,0,0,0.0,0,8
975,186063,2017,1,0,0,0.0,0,0
975,205883,2017,3,0,0,0.0,0,0
975,207272,2017,4,0,0,0.0,0,140
975,214823,2017,5,0,0,0.0,0,0
975,221663,2017,6,0,0,0.0,0,0
975,254106,2017,7,0,0,0.0,0,0
975,260002,2017,10,0,0,0.0,0,0
975,269861,2017,11,0,0,0.0,0,8
975,237826,2017,1,0,0,0.0,0,0
975,244073,2017,9,0,0,0.0,0,0
975,256356,2017,1,0,0,0.0,0,0
975,264007,2017,12,0,0,0.0,0,0
975,267886,2018,2,0,0,0.0,500,0
975,265994,2017,11,0,0,0.0,0,0
975,274150,2017,12,0,0,0.0,0,0
975,299382,2018,3,0,0,0.0,0,0
975,346191,2018,7,0,0,0.0,0,0
975,355609,2018,8,0,0,0.0,581,0
975,366184,2018,11,0,0,0.0,0,0
975,360393,2018,12,0,0,0.0,0,0
976,69623,2018,9,3,4627,4927.0,0,0
976,139133,2018,11,1,2862,2862.0,0,0
976,172365,2018,12,1,2307,2307.0,515,40
976,167154,2018,1,1,843,843.0,0,0
976,187112,2017,2,0,0,0.0,0,0
976,190107,2017,1,0,0,0.0,0,0
976,190890,2017,2,0,0,0.0,0,0
976,200606,2017,3,0,0,0.0,0,0
976,202838,2017,4,0,0,0.0,0,0
976,200190,2017,5,0,0,0.0,0,0
976,205186,2017,6,0,0,0.0,0,0
976,207174,2017,7,0,0,0.0,0,0
976,200663,2017,7,0,0,0.0,0,0
976,206893,2017,12,0,0,0.0,0,0
976,209663,2017,3,0,0,0.0,0,0
976,219496,2017,4,0,0,0.0,0,0
976,223309,2017,5,0,0,0.0,0,0
976,231107,2017,6,0,0,0.0,0,0
976,230053,2018,7,0,0,0.0,0,8
976,243886,2018,8,0,0,0.0,597,0
976,247406,2018,8,0,0,0.0,0,0
976,342105,2018,9,0,0,0.0,0,0
976,352379,2018,13,0,0,0.0,524,0
976,302605,2018,11,0,0,0.0,0,0
977,20675,2017,2,5,6105,6105.0,0,0
977,10606,2017,8,5,305,305.0,0,0
977,45106,2018,4,4,8368,8368.0,0,0
977,52409,2017,9,3,3844,3844.0,0,0
977,60171,2018,2,3,2891,2891.0,0,0
977,68803,2018,5,3,1796,1796.0,500,0
977,67986,2018,12,3,4702,4702.0,0,3
977,62666,2018,7,3,4706,4706.0,0,0
977,60101,2018,9,3,1421,1421.0,0,1
977,75103,2018,11,3,4396,4396.0,0,0
977,93806,2018,11,2,5001,5001.0,500,0
977,100601,2018,6,3,4731,4731.0,0,0
977,105893,2018,9,2,4006,4006.0,0,0
977,109102,2017,3,2,2347,2347.0,694,0
977,100826,2018,8,2,4406,3406.0,0,0
977,110880,2018,12,2,4967,4967.0,584,78
977,120887,2018,11,2,2336,2336.0,4,0
977,169066,2018,1,1,2333,2336.0,0,0
977,168805,2018,10,1,2421,2431.0,500,1
977,162853,2018,11,1,707,2496.0,0,0
977,160666,2018,2,1,800,2436.0,0,0
977,305307,2018,12,0,8,6.0,500,3
977,307803,2018,1,0,0,0.0,0,0
977,345296,2018,2,0,0,7.0,0,0
978,17466,2018,7,5,10305,10305.0,567,99
978,8961,2017,8,5,10940,10940.0,0,0
978,27860,2018,6,4,4436,4436.0,0,0
978,24966,2017,8,5,7407,7407.0,0,0
978,67561,2017,1,3,4387,4387.0,0,0
978,63866,2018,6,3,4616,4616.0,0,0
978,67356,2018,12,3,7321,7321.0,594,121
978,98967,2017,3,2,4688,4688.0,526,0
978,107896,2018,11,2,3368,3368.0,384,78
978,107690,2018,1,2,4638,4638.0,8,1
978,105292,2017,6,2,742,742.0,0,0
978,104601,2018,9,2,4785,4785.0,0,71
978,101660,2018,12,1,946,946.0,6,0
978,101103,2017,2,3,2101,2201.0,0,0
978,104169,2018,4,0,0,0.0,0,0
978,101363,2017,11,0,0,0.0,0,0
978,204100,2018,3,0,0,0.0,0,0
978,207108,2018,4,0,0,0.0,0,0
978,205806,2018,3,0,0,0.0,0,0
978,204663,2018,4,0,0,0.0,521,148
978,207662,2018,8,0,0,0.0,0,0
978,202853,2018,5,0,0,0.0,528,100
978,203792,2018,6,0,0,0.0,0,0
978,202167,2018,9,0,0,0.0,0,0
979,2909,2018,6,6,4186,4186.0,0,0
979,26830,2017,5,4,4778,4778.0,398,96
979,34925,2017,12,5,2005,2005.0,0,0
979,64106,2017,11,3,4780,4780.0,0,0
979,60679,2018,8,3,4763,4763.0,325,1
979,163885,2017,11,2,1326,1326.0,0,0
979,162606,2018,2,1,807,800.0,0,0
979,169606,2018,1,1,741,741.0,500,0
979,176806,2018,2,1,36,36.0,0,1
979,185879,2017,2,0,0,0.0,0,8
979,197896,2017,3,0,0,0.0,0,0
979,194160,2017,1,0,0,0.0,0,0
979,200966,2017,4,0,0,0.0,0,0
979,205406,2017,3,0,0,0.0,0,0
979,207689,2017,4,0,0,0.0,0,0
979,209165,2017,3,0,0,0.0,500,8
979,201666,2017,10,0,0,0.0,0,0
979,214109,2018,2,0,0,0.0,0,0
979,240864,2017,7,0,0,0.0,0,0
979,258166,2018,8,0,0,0.0,0,0
979,260569,2017,10,0,0,0.0,500,101
979,262603,2018,11,0,0,0.0,521,0
979,265606,2018,11,0,0,0.0,0,0
979,274108,2018,12,0,0,0.0,0,3
980,17202,2018,7,5,6815,6825.0,0,100
980,24674,2017,12,4,5874,5874.0,590,91
980,50899,2017,4,3,117,817.0,0,0
980,67192,2017,1,3,4828,4828.0,538,6
980,97665,2017,2,3,4681,6681.0,0,8
980,62696,2018,3,3,4638,4638.0,600,0
980,90179,2018,2,2,4671,4631.0,554,0
980,107808,2017,11,0,0,0.0,2,8
980,153892,2017,3,0,0,0.0,500,98
980,203638,2017,4,0,0,0.0,0,0
980,200509,2017,5,0,0,0.0,8,1
980,200813,2017,6,0,0,0.0,0,8
980,205109,2017,3,0,0,0.0,0,0
980,200464,2017,5,0,0,0.0,4,0
980,207106,2017,3,0,0,0.0,0,2
980,206193,2018,4,0,0,0.0,0,0
980,204643,2018,9,0,0,0.0,0,0
980,202108,2018,6,0,0,0.0,7,0
980,205260,2018,7,0,0,0.0,0,0
980,302216,2018,8,0,0,0.0,0,0
980,307199,2018,9,0,0,0.0,0,0
980,300095,2018,2,0,0,0.0,800,0
980,303889,2018,8,0,0,0.0,0,0
980,305171,2018,10,0,0,0.0,6,0
981,22592,2018,12,4,8800,8800.0,0,0
981,34094,2018,10,4,1800,1800.0,595,78
981,50406,2017,8,3,4638,4638.0,500,8
981,61928,2018,1,3,4181,4181.0,0,0
981,61853,2018,8,3,4683,4683.0,0,0
981,102002,2018,11,2,4826,4826.0,567,0
981,105661,2017,12,2,4636,4636.0,0,0
981,101399,2017,10,2,2664,2664.0,0,8
981,100109,2018,9,2,4882,4882.0,500,8
981,107609,2017,12,2,4706,4706.0,0,0
981,107866,2018,3,2,4306,4306.0,500,0
981,127166,2018,11,2,3178,3178.0,0,0
981,180967,2017,2,1,647,647.0,0,0
981,182105,2017,1,0,1300,11300.0,0,0
981,190896,2017,2,0,0,0.0,0,8
981,204003,2017,4,0,0,0.0,0,0
981,200160,2017,3,0,0,0.0,524,0
981,206801,2018,4,0,0,0.0,0,0
981,207060,2017,3,0,0,0.0,7,0
981,210163,2017,5,0,0,0.0,0,0
981,335863,2018,6,0,0,0.0,519,100
981,366876,2018,8,0,0,0.0,0,0
981,368566,2018,1,0,0,0.0,0,0
981,360662,2018,11,0,0,0.0,0,0
982,37192,2018,7,4,9108,9108.0,0,0
982,34667,2018,6,4,4696,4696.0,538,96
982,47196,2018,8,4,8818,8818.0,532,8
982,43104,2018,8,4,4138,4138.0,504,91
982,62823,2018,2,3,3077,3077.0,0,0
982,62806,2017,1,3,1887,1887.0,0,0
982,62103,2018,1,3,4303,4303.0,544,1
982,167277,2018,3,1,1807,1807.0,520,91
982,187501,2018,4,1,608,608.0,568,98
982,160495,2018,2,1,977,977.0,0,0
982,160636,2018,11,1,721,721.0,538,140
982,160198,2018,12,1,733,733.0,4,8
982,160119,2018,5,1,1235,1235.0,578,8
982,168103,2018,11,1,671,671.0,583,0
982,351899,2017,2,1,936,936.0,0,5
982,365866,2018,2,1,1843,843.0,511,108
982,390449,2018,3,0,0,0.0,590,0
982,322162,2018,4,0,0,0.0,0,8
982,360802,2018,9,0,0,0.0,7,0
982,327868,2018,10,0,0,0.0,0,98
982,367703,2018,8,0,0,0.0,0,98
982,361804,2018,10,0,0,0.0,525,0
982,385862,2018,11,0,0,0.0,0,8
982,361863,2018,11,0,0,0.0,0,5
983,2859,2017,8,6,4642,4642.0,632,108
983,7166,2017,6,6,4346,4346.0,0,0
983,663,2017,9,5,4600,4605.0,0,0
983,7805,2017,7,5,3880,3880.0,0,0
983,7651,2018,3,5,7085,7085.0,0,0
983,107106,2018,4,2,3988,3988.5,521,0
983,107197,2017,11,2,2838,2838.0,518,2
983,107606,2018,8,2,4426,4426.0,0,0
983,107394,2017,12,2,4236,4236.0,527,51
983,106866,2018,1,2,4807,4807.0,0,0
983,100603,2018,9,2,4468,4468.0,0,0
983,100636,2018,2,2,3406,3406.0,0,3
983,101193,2018,3,2,4616,4616.0,500,0
983,105103,2018,3,2,2302,2302.0,6,0
983,107763,2017,4,2,3812,3812.0,0,0
983,101498,2017,9,2,2247,2247.0,0,0
983,105106,2018,12,2,4252,4252.0,0,6
983,105061,2017,5,2,4706,4706.0,0,0
983,105106,2018,2,0,0,0.0,8,100
983,195162,2018,1,0,0,0.0,0,0
983,295668,2018,3,0,0,0.0,536,101
983,205906,2018,1,0,0,0.0,0,0
983,207966,2018,1,0,0,0.0,0,0
983,207396,2018,1,0,0,0.0,0,8
984,87606,2018,11,3,2601,2601.0,0,0
984,160861,2018,10,1,1617,11617.0,528,90
984,165892,2018,12,1,1849,1849.0,398,91
984,195295,2017,1,0,0,0.0,0,8
984,188906,2017,2,0,0,0.0,0,0
984,190303,2017,2,0,0,0.0,0,0
984,202864,2017,3,0,0,0.0,0,0
984,207867,2017,4,0,731,1.0,0,0
984,204833,2017,5,0,0,0.0,0,0
984,203106,2017,6,0,0,0.0,0,0
984,201203,2017,8,0,0,0.0,0,0
984,200062,2017,7,0,0,0.0,0,100
984,200366,2017,12,0,0,0.0,0,0
984,201793,2018,3,0,0,0.0,0,0
984,200692,2017,11,0,0,0.0,0,0
984,217108,2017,12,0,0,0.0,0,0
984,217123,2018,1,0,0,0.0,0,0
984,220265,2018,4,0,0,0.0,0,0
984,222005,2018,5,0,0,0.0,0,0
984,327736,2018,6,0,0,0.0,0,0
984,330375,2018,7,0,0,0.0,0,0
984,342173,2018,8,0,0,0.0,0,0
984,353965,2018,9,0,818,0.0,0,0
984,353796,2018,11,0,0,0.0,7,0
985,85198,2018,7,3,4637,4637.0,0,0
985,80667,2018,11,3,4141,4141.0,0,0
985,89102,2018,12,3,4287,4287.0,500,0
985,100893,2017,6,2,3301,3001.0,0,0
985,106167,2017,1,2,3206,3206.0,0,0
985,112633,2018,1,2,4604,6604.0,530,0
985,120862,2018,2,2,3466,3466.0,0,0
985,124103,2018,1,2,4866,4896.0,8,0
985,130867,2017,3,1,1806,1806.0,394,91
985,147077,2017,2,1,8707,8707.0,0,0
985,167823,2018,5,1,1106,1106.0,510,78
985,161106,2018,1,1,739,739.0,521,98
985,187466,2017,2,0,0,0.0,0,0
985,190842,2017,2,0,0,0.0,0,0
985,197106,2017,4,0,0,0.0,0,0
985,204664,2017,3,0,0,0.0,0,0
985,200182,2017,4,0,0,0.0,0,0
985,218031,2017,5,0,0,0.0,0,98
985,261593,2017,10,0,0,0.0,0,0
985,250566,2018,9,0,0,0.0,0,0
985,245501,2018,8,0,0,0.0,0,0
985,250105,2017,10,0,0,0.0,0,0
985,265903,2018,11,0,40000,0.0,0,0
985,250832,2017,12,0,0,0.0,500,3
986,187670,2017,1,0,0,0.0,0,0
986,190595,2017,2,0,0,0.0,0,0
986,193,2017,3,0,0,0.0,0,0
986,102662,2017,4,0,0,0.0,0,0
986,100181,2017,5,0,0,0.0,0,1
986,107197,2017,6,0,0,0.0,0,0
986,205156,2017,7,0,0,0.0,0,1
986,201196,2017,8,0,0,0.0,0,0
986,200107,2017,9,0,0,0.0,0,0
986,207906,2017,11,0,0,0.0,0,0
986,202094,2017,12,0,0,0.0,0,0
986,207606,2017,8,0,0,0.0,0,0
986,200166,2017,2,0,0,0.0,0,1
986,200606,2018,2,0,0,0.0,561,0
986,200843,2018,3,0,0,0.0,0,0
986,200136,2018,4,0,0,0.0,0,0
986,205267,2018,2,0,0,0.0,0,0
986,234687,2018,6,0,0,0.0,0,0
986,242106,2018,7,0,0,0.0,0,0
986,250602,2018,1,0,0,0.0,0,8
986,255906,2017,9,0,0,0.0,0,0
986,263343,2018,10,0,0,0.0,0,0
986,262551,2018,11,0,0,0.0,0,0
986,303786,2018,12,0,0,0.0,0,0
987,334536,2018,12,4,4000,4000.0,0,0
987,336803,2018,1,6,14846,12846.0,0,0
987,395866,2018,9,8,10617,10668.0,800,0
987,393283,2017,11,3,4700,4700.0,0,0
987,365807,2018,1,3,4295,4295.0,501,0
987,390800,2018,2,3,4821,4821.0,500,0
987,390802,2018,4,0,0,0.0,534,89
987,397106,2018,5,0,0,0.0,0,8
987,390894,2018,11,0,0,0.0,0,8
987,390169,2018,12,0,0,0.0,500,0
987,300863,2018,10,0,0,0.0,0,0
987,300826,2017,5,0,0,0.0,0,0
987,306205,2018,6,0,0,0.0,0,98
987,300163,2018,2,0,0,0.0,0,0
987,301180,2018,1,0,0,0.0,0,0
987,307859,2018,1,0,0,0.0,0,0
987,307836,2018,3,0,0,0.0,0,0
987,337806,2018,12,0,0,0.0,524,0
987,305806,2018,3,0,0,0.0,0,90
987,322606,2018,5,0,0,0.0,7,0
987,390069,2018,4,0,0,0.0,0,0
987,397893,2018,5,0,0,0.0,0,0
987,390906,2018,3,0,0,0.0,564,0
987,300996,2018,12,0,0,0.0,0,0
988,5687,2018,7,6,4820,4820.0,0,9
988,7665,2018,7,6,4806,4806.0,0,0
988,3896,2017,7,6,5600,8600.0,528,8
988,17087,2018,10,5,6781,6781.0,507,8
988,12706,2018,11,5,7256,7256.0,524,1
988,27807,2017,5,5,7386,7386.0,500,0
988,68109,2017,2,3,4301,4301.0,7,101
988,68809,2018,8,3,4003,4003.0,534,98
988,62164,2017,3,3,3447,3447.0,564,108
988,67661,2018,12,3,4086,4086.0,8,1
988,65397,2017,6,3,4606,4606.0,0,0
988,101165,2017,18,2,4823,4823.0,500,2
988,103415,2018,11,2,4306,4306.0,0,0
988,102166,2018,3,2,3006,3006.0,0,0
988,107107,2018,11,2,2216,2216.0,500,0
988,127867,2018,1,2,4706,4706.0,524,8
988,167866,2018,12,1,667,664.0,0,0
988,167096,2018,5,1,1361,1371.0,7,0
988,177103,2018,11,1,5308,6015.0,568,0
988,303162,2018,2,0,0,0.0,0,0
988,300863,2018,2,0,0,0.0,0,90
988,302033,2018,3,0,0,0.0,0,98
988,369663,2018,2,0,0,0.0,500,0
988,327103,2018,11,0,0,0.0,4,0
989,7260,2018,3,5,8385,8385.0,7,0
989,62178,2017,7,3,4388,4388.0,0,0
989,60099,2017,1,3,1330,2330.0,0,0
989,67167,2018,8,3,4147,4147.0,0,90
989,100006,2017,1,2,4994,4994.0,0,8
989,114323,2017,1,2,4712,4712.0,599,0
989,175366,2018,1,1,1704,1704.0,534,100
989,193602,2017,12,0,0,0.0,500,0
989,187192,2018,1,0,0,0.0,0,9
989,190561,2018,2,0,0,0.0,0,101
989,190067,2017,3,0,0,0.0,0,0
989,194696,2017,4,0,0,0.0,0,0
989,200165,2017,5,0,0,0.0,0,0
989,207033,2017,2,0,0,0.0,0,8
989,207103,2017,3,0,0,0.0,0,0
989,205362,2018,2,0,0,0.0,551,8
989,210807,2018,4,0,0,0.0,0,0
989,217962,2018,5,0,0,0.0,0,8
989,226803,2018,7,0,0,0.0,0,0
989,265773,2018,9,0,0,0.0,0,0
989,263167,2018,6,0,0,0.0,0,0
989,260943,2018,8,0,0,0.0,4,0
989,277166,2018,11,0,0,0.0,0,1
989,254620,2018,11,0,0,0.0,0,1
990,2623,2017,6,6,10680,10680.0,500,0
990,17606,2018,7,5,5725,5725.0,0,0
990,20889,2018,12,5,4345,4345.0,564,98
990,57665,2017,1,3,4208,4208.0,0,0
990,67609,2017,11,3,7681,7681.0,0,0
990,67865,2017,12,3,4106,4106.0,0,0
990,67191,2018,1,3,4317,4317.0,568,0
990,73803,2018,1,3,1807,1807.0,0,8
990,90802,2018,2,3,2325,2325.0,0,0
990,100889,2017,8,2,4306,4306.0,0,0
990,207166,2017,12,0,0,0.0,0,8
990,200966,2017,9,0,0,0.0,0,8
990,247578,2017,1,0,0,0.0,0,0
990,255604,2018,2,0,0,0.0,0,0
990,250482,2017,4,0,0,0.0,0,0
990,268641,2017,11,0,0,0.0,0,0
990,262806,2017,12,0,0,0.0,0,0
990,267136,2017,11,0,0,0.0,0,0
990,268264,2018,1,0,0,0.0,0,0
990,274006,2018,2,0,0,0.0,0,0
990,287699,2018,3,0,0,0.0,0,1
990,235806,2018,7,0,0,0.0,2,0
990,87133,2018,8,0,0,0.0,0,0
990,363723,2018,12,0,0,0.0,0,0
991,6695,2018,8,6,14100,14100.0,0,0
991,2503,2017,3,5,14870,14870.0,564,91
991,10606,2018,7,5,7105,7105.0,500,0
991,22184,2018,6,4,4601,4601.0,0,8
991,64800,2018,7,3,5856,5896.0,531,43
991,65866,2018,6,3,4001,4001.0,564,109
991,60969,2018,11,3,4366,4366.0,504,91
991,60849,2018,2,3,4326,4326.0,398,148
991,160766,2017,10,1,841,841.0,0,0
991,160092,2017,11,1,819,819.0,6,0
991,165603,2018,9,1,1367,1367.0,1,1
991,178986,2018,1,1,784,784.0,0,0
991,182595,2017,2,0,0,0.0,0,0
991,182863,2017,2,0,0,0.0,0,0
991,208108,2017,1,0,0,0.0,0,0
991,218947,2017,3,0,0,0.0,0,0
991,213106,2018,2,0,0,0.0,0,0
991,228635,2017,4,0,0,0.0,0,0
991,223134,2017,5,0,0,0.0,370,0
991,270607,2018,8,0,0,0.0,0,0
991,268909,2017,10,0,0,0.0,0,0
991,282806,2018,1,0,0,0.0,571,0
991,269506,2017,12,0,0,0.0,524,148
991,300109,2018,11,0,0,0.0,390,0
991,325609,2018,1,0,0,0.0,0,0
991,337733,2018,1,0,0,0.0,0,0
991,300603,2018,6,0,0,0.0,0,0
991,327197,2018,4,0,0,0.0,0,0
991,300806,2018,6,0,0,0.0,0,0
991,302806,2018,7,0,0,0.0,0,0
991,367433,2018,8,0,0,0.5,0,0
991,356103,2018,2,0,0,0.0,0,0
991,363489,2018,9,0,0,0.0,0,0
991,305896,2018,1,0,0,0.0,4,95
991,360062,2018,3,0,0,0.0,0,0
991,330586,2018,9,0,0,0.0,0,0
991,366108,2018,8,0,0,0.0,0,0
991,362183,2018,11,0,10000,0.0,6,0
991,321803,2018,9,0,0,0.0,0,0
991,369283,2017,12,0,0,0.0,0,0
991,365657,2018,6,0,0,0.0,0,0
991,364109,2018,1,0,0,0.0,0,0
991,360867,2018,2,0,34926,0.0,0,0
991,345608,2018,11,0,0,0.0,0,0
991,368890,2018,12,0,0,0.0,3,0
991,320095,2018,12,0,0,0.0,0,0
991,367283,2018,12,0,0,0.0,0,0
991,361205,2018,12,0,0,0.0,0,0
992,4173,2018,6,6,10880,10880.0,0,0
992,7806,2018,11,5,3205,3205.0,0,0
992,7869,2017,5,5,4735,4735.0,567,91
992,60673,2018,8,3,5067,5067.0,0,0
992,67825,2017,2,3,1397,1397.0,545,78
992,63006,2018,3,3,2001,2001.0,0,3
992,60807,2017,2,3,4863,4863.0,0,0
992,67696,2018,9,3,3821,3821.0,0,0
992,107903,2017,12,13,1630,1630.0,0,0
992,107966,2017,11,2,2316,2316.0,544,3
992,117176,2018,3,3,1388,1388.0,0,0
992,107605,2017,12,2,4388,4388.0,515,0
992,105156,2018,6,2,2376,2076.0,0,0
992,100606,2017,11,2,2606,2606.0,0,0
992,109497,2018,1,2,2892,2892.0,395,8
992,107116,2017,4,2,4921,4931.0,0,0
992,101106,2017,11,2,4668,4667.0,0,0
992,101282,2017,2,2,1811,1811.0,0,0
992,101861,2018,3,0,0,0.0,0,0
992,107861,2017,4,0,0,0.0,0,0
992,260162,2018,9,0,0,0.0,690,8
992,207620,2018,12,0,0,0.0,0,0
992,305992,2018,5,0,0,0.0,1,8
992,307086,2018,7,0,0,0.0,0,0
993,4806,2018,7,6,4874,4874.0,504,78
993,94196,2018,9,3,4406,4406.0,0,0
993,100859,2018,6,2,1366,1366.0,0,1
993,105044,2018,2,2,3948,3948.0,0,0
993,200616,2018,8,2,3746,3746.0,0,0
993,200605,2017,11,2,4672,4672.0,594,0
993,202363,2017,2,0,0,0.0,0,0
993,201646,2017,3,0,0,0.0,500,8
993,207892,2017,1,0,0,0.0,0,0
993,200866,2017,4,0,0,0.0,0,0
993,265103,2017,12,0,0,0.0,0,0
993,207886,2017,3,0,0,0.0,0,0
993,217101,2017,4,0,0,0.0,0,0
993,297694,2018,1,0,0,0.0,591,0
993,205776,2018,7,0,0,0.0,592,0
993,203506,2018,4,0,0,0.0,0,0
993,203889,2018,8,0,0,0.0,0,0
993,254068,2018,9,0,0,0.0,8,0
993,253808,2018,2,0,0,0.0,0,0
993,260894,2018,9,0,0,0.0,500,0
993,267108,2017,11,0,0,0.0,0,0
993,267669,2018,5,0,0,0.0,511,1
993,265692,2018,11,0,0,0.0,8,103
993,260109,2017,12,0,0,0.0,526,0
994,7092,2018,7,6,10268,10268.0,500,0
994,617,2018,8,5,4600,4600.0,804,98
994,192,2017,8,5,7175,7175.0,559,78
994,14107,2018,1,5,10375,375.0,0,0
994,5806,2018,9,6,10618,65618.0,500,0
994,603,2017,3,5,11816,1816.0,504,0
994,9095,2017,9,5,7126,7726.0,0,6
994,7806,2018,12,2,4348,4348.0,0,100
994,506,2018,6,5,3808,3808.0,0,8
994,15106,2018,11,5,3848,3848.0,0,0
994,27165,2018,9,2,4400,4400.0,321,0
994,84306,2017,11,5,20846,846.0,524,99
994,110006,2018,11,2,4338,4338.0,0,0
994,35189,2018,2,2,2801,2801.0,0,0
994,34607,2017,1,3,4837,4837.0,4,8
994,143892,2017,1,0,0,0.0,0,0
994,211884,2017,12,0,0,0.0,0,0
994,267336,2017,12,0,0,0.0,0,8
994,205866,2018,3,0,0,0.0,0,0
994,267661,2018,1,0,0,0.0,4,129
994,268676,2017,12,0,0,0.0,531,100
994,207806,2017,11,0,0,0.0,0,0
994,217507,2018,5,0,0,0.0,529,0
994,220494,2018,6,0,0,0.0,0,0
995,5608,2018,7,16,10000,10000.0,0,0
995,25566,2018,5,4,7266,7266.0,0,0
995,48876,2018,12,4,4876,4876.0,0,0
995,42567,2018,8,4,4388,4388.0,567,98
995,55802,2017,2,3,2367,2367.0,0,0
995,67806,2018,9,3,3601,3601.0,0,0
995,67102,2017,11,3,4437,4437.0,0,0
995,67666,2018,1,3,3831,3831.0,0,5
995,100836,2017,12,12,4008,4008.0,0,8
995,105667,2017,11,2,4136,4136.0,0,0
995,104118,2017,2,2,2256,2252.0,0,8
995,108491,2017,12,2,3156,3156.0,0,0
995,117091,2018,3,2,3041,3041.0,500,0
995,127165,2018,6,2,2256,2256.0,494,0
995,184849,2018,1,0,0,0.0,0,0
995,190667,2017,3,0,0,0.0,0,0
995,207866,2017,12,0,0,0.0,0,0
995,205836,2017,12,0,0,0.0,0,0
995,204800,2017,3,0,0,0.0,8,2
995,229325,2018,6,0,0,0.0,0,0
995,255107,2017,5,0,0,0.0,500,0
995,267405,2018,8,0,0,0.0,0,0
995,360003,2018,11,0,0,0.0,0,0
995,314965,2018,11,0,0,0.0,0,0
996,5106,2018,7,6,4606,4606.0,561,90
996,893,2017,8,0,0,0.0,0,0
996,17804,2018,6,5,0,0.0,0,0
996,27964,2018,12,6,10007,7.0,526,8
996,40865,2018,3,0,0,0.0,0,0
996,55816,2017,1,0,0,0.0,0,0
996,67909,2018,7,0,0,0.0,544,98
996,67803,2018,1,0,0,0.0,0,0
996,63409,2017,6,0,0,0.0,0,0
996,61670,2017,11,0,0,0.0,0,0
996,60003,2017,9,0,0,0.0,0,1
996,63800,2017,10,0,0,0.0,0,0
996,165188,2017,1,0,0,0.0,0,8
996,167496,2018,12,0,0,0.0,0,0
996,190602,2018,1,0,0,0.0,0,0
997,102907,2018,6,2,4120,4120.0,0,0
997,186194,2017,1,0,0,0.0,0,0
997,187263,2017,2,0,0,0.0,0,0
997,190673,2017,3,0,0,0.0,521,0
997,192865,2017,4,0,0,0.0,564,98
997,200432,2017,5,0,0,0.0,0,94
997,200086,2017,7,0,0,0.0,0,0
997,207093,2017,8,0,0,0.0,0,0
997,201102,2017,9,0,0,0.0,0,92
997,200608,2017,9,0,0,0.0,0,9
997,275309,2017,11,0,0,0.0,0,0
997,200647,2017,2,0,0,0.0,0,0
997,205806,2017,11,0,0,0.0,0,0
997,205113,2018,2,0,0,0.0,0,0
997,200899,2018,3,0,0,0.0,0,0
997,225805,2018,5,0,0,0.0,0,0
997,285893,2018,1,0,0,0.0,0,0
997,220806,2018,9,0,0,0.0,0,0
997,235674,2018,6,0,0,0.0,0,0
997,251794,2018,8,0,0,0.0,0,0
997,260417,2018,9,0,0,0.0,0,0
997,262507,2018,10,0,0,0.0,0,0
997,260301,2018,11,0,0,0.0,0,0
997,260092,2018,12,0,0,0.0,0,8
998,4100,2018,7,6,7498,7498.0,0,0
998,6935,2018,8,6,14818,14818.0,0,0
998,9965,2018,8,5,4816,4816.0,0,0
998,9007,2018,6,6,14317,4317.0,0,0
998,5863,2018,9,3,5210,5210.0,544,0
998,7403,2018,2,5,7846,7846.0,0,0
998,52497,2017,5,3,3391,3391.0,500,0
998,58576,2017,3,3,5307,5307.0,500,8
998,52803,2018,12,3,3838,3838.0,864,8
998,62167,2018,1,3,6807,6807.0,524,108
998,62683,2017,8,3,4806,4806.0,0,0
998,117671,2018,12,2,4407,4407.0,0,0
998,127968,2017,5,2,2106,2106.0,0,0
998,127693,2018,4,2,3629,3929.0,385,0
998,153894,2018,11,1,1323,1323.0,596,0
998,167805,2018,6,1,2706,2706.0,568,0
998,162937,2018,11,1,2857,2857.0,527,9
998,167048,2018,7,1,1813,1803.0,520,91
998,167864,2018,9,1,1707,1777.0,0,90
998,167409,2018,12,1,3,1896.0,0,0
998,173686,2018,12,1,836,1801.0,534,8
998,184660,2018,1,0,0,0.0,594,0
998,305665,2018,11,0,0,0.0,0,0
998,367836,2018,5,0,0,0.0,0,0
998,307115,2017,1,0,0,5.0,0,0
998,369096,2018,7,0,0,0.0,538,0
998,302562,2018,1,0,0,0.0,4,0
998,360533,2018,2,0,0,0.0,590,8
998,305796,2018,12,0,0,0.0,0,1
998,356566,2017,2,0,0,0.0,0,0
998,362367,2018,8,0,0,0.0,0,0
998,384162,2018,1,0,0,0.0,0,90
998,327166,2018,1,0,0,0.0,0,0
998,340165,2018,2,0,0,0.0,627,0
998,320136,2018,2,0,0,0.0,0,88
998,360565,2018,6,0,0,0.0,0,0
998,303861,2018,11,0,0,0.0,60,78
998,345862,2018,11,0,0,0.0,4,0
998,319596,2018,9,0,0,0.0,0,0
998,367883,2018,12,0,0,0.0,0,0
998,337506,2018,8,0,0,0.0,0,98
998,307202,2018,3,0,0,25.0,0,0
998,357181,2018,11,0,0,0.0,0,0
998,361808,2018,3,0,0,0.0,0,0
998,365106,2018,10,0,11627,0.0,0,0
998,300807,2018,10,0,0,0.0,4,0
998,367105,2018,11,0,0,0.0,0,0
999,1105,2018,9,7,10987,10987.0,607,0
999,6800,2017,6,6,10726,10726.0,530,97
999,14459,2018,7,5,3895,3895.0,594,91
999,22497,2018,7,4,6038,6038.0,0,0
999,20429,2017,9,4,4000,4000.0,397,99
999,50164,2017,12,3,7807,7807.0,0,0
999,50606,2017,1,3,4105,4105.0,0,5
999,72664,2018,2,3,4817,4817.0,0,8
999,67687,2018,3,3,4690,4690.0,0,6
999,97664,2017,2,2,4347,4347.0,0,2
999,93866,2017,2,2,3806,3806.0,0,0
999,107863,2017,11,2,4326,4326.0,0,8
999,100833,2017,12,2,4426,4426.0,690,0
999,116608,2018,11,2,4723,4727.0,0,0
999,110145,2018,1,2,3626,3626.0,0,0
999,117116,2018,4,3,3726,3726.0,0,0
999,124106,2018,2,2,7002,7002.0,0,8
999,166039,2018,11,1,2226,2226.0,0,0
999,164101,2018,10,1,631,671.0,0,0
999,160696,2018,3,1,607,29.0,514,0
999,160979,2018,11,1,1607,816.0,0,0
999,167879,2018,0,0,0,6.0,520,6
999,358008,2018,1,0,0,0.0,0,100
999,303146,2018,12,0,0,6.0,0,0
