loyalty_history_id,country,province,city,postal_code,gender,education,salary,marital_status,loyalty_card,clv,enrollment_type,enrollment_year,enrollment_month,cancellation_year,cancellation_month
0,1.0,7.0,21.0,31.09462789988195,1.0,1.0,78343.82966426665,2.0,2.0,9060.900859997479,1.0,2018.0,2.0,0.0,0.0
1,1.0,6.0,7.0,2.991609110721607,2.0,1.0,80411.17320410091,2.0,3.0,5386.47290537134,2.0,2018.0,11.0,0.0,0.0
2,1.0,2.0,24.0,49.97453400727963,1.0,1.0,54019.488381116964,2.0,3.0,3420.002054069755,2.0,2015.0,12.0,2017.0,6.0
3,1.0,6.0,7.0,3.028067379375102,2.0,1.0,66991.97127779451,2.0,2.0,7431.95580104181,2.0,2016.0,7.0,0.0,0.0
4,1.0,7.0,21.0,33.67753486167488,1.0,1.0,61014.810537523685,2.0,1.0,5530.037955403809,2.0,2018.0,7.0,0.0,0.0
5,1.0,2.0,24.0,52.015006837407995,2.0,2.0,0.0,3.0,2.0,11313.92005887291,2.0,2013.0,8.0,0.0,0.0
6,1.0,1.0,2.0,40.98250613785437,2.0,2.0,0.0,3.0,3.0,2150.9379709551295,2.0,2016.0,6.0,0.0,0.0
7,1.0,10.0,17.0,39.98091931543838,1.0,1.0,93201.9292133744,2.0,2.0,4575.5812901839745,2.0,2016.0,5.0,0.0,0.0
8,1.0,8.0,3.0,4.037173053046065,2.0,2.0,0.0,3.0,2.0,7494.890219620362,2.0,2017.0,4.0,0.0,0.0
9,1.0,6.0,7.0,3.0340125640522926,1.0,1.0,102576.54644713373,2.0,3.0,8269.91108471614,2.0,2015.0,4.0,2018.0,2.0
10,1.0,2.0,24.0,51.0,1.0,1.0,70202.96329085101,2.0,2.0,5783.104817956568,2.0,2017.0,1.0,0.0,0.0
11,1.0,7.0,21.0,21.952843032742543,1.0,1.0,78667.30147729936,1.0,3.0,4361.1294264171775,2.0,2018.0,1.0,2018.0,9.0
12,1.0,7.0,21.0,31.047475962101245,1.0,2.0,0.0,3.0,1.0,6263.3241915551225,2.0,2015.0,6.0,0.0,0.0
13,1.0,9.0,13.0,10.019611640124177,2.0,2.0,0.0,3.0,3.0,2713.7641985242935,2.0,2013.0,3.0,0.0,0.0
14,1.0,9.0,13.0,14.075458695729907,1.0,1.0,63780.99779586266,3.0,3.0,26073.314619364373,2.0,2015.0,11.0,0.0,0.0
15,1.0,7.0,23.0,19.905160530172925,2.0,2.0,0.0,2.0,2.0,3279.0834444681823,2.0,2013.0,6.0,0.0,0.0
16,1.0,7.0,21.0,22.93159693532691,1.0,1.0,81599.10331634116,2.0,3.0,11752.955835375855,2.0,2013.0,1.0,2017.0,5.0
17,1.0,7.0,21.0,22.98363011445082,2.0,1.0,85587.30009089931,2.0,1.0,9149.751443478384,2.0,2014.0,4.0,2014.0,12.0
18,1.0,7.0,10.0,29.95274901859714,1.0,1.0,72459.33869590565,2.0,1.0,9389.513675177135,2.0,2014.0,10.0,2017.0,11.0
19,1.0,7.0,21.0,33.97118994452073,2.0,2.0,0.0,2.0,3.0,15790.084439040555,2.0,2013.0,2.0,2013.0,12.0
20,1.0,4.0,6.0,6.031730447645424,1.0,1.0,51597.755865271836,2.0,2.0,22700.95703901039,2.0,2018.0,5.0,0.0,0.0
21,1.0,7.0,21.0,31.953005640812286,1.0,1.0,67699.1890203494,2.0,2.0,10111.218150500437,2.0,2016.0,2.0,0.0,0.0
22,1.0,2.0,27.0,53.02207877856846,1.0,3.0,204652.6087986847,2.0,3.0,2749.651904181575,2.0,2013.0,2.0,2015.0,11.0
23,1.0,2.0,24.0,51.0,2.0,2.0,0.0,3.0,3.0,3586.418587725111,2.0,2014.0,2.0,0.0,0.0
24,1.0,1.0,5.0,43.976767069851725,1.0,2.0,0.0,3.0,3.0,4749.476838228906,2.0,2014.0,7.0,0.0,0.0
25,1.0,2.0,24.0,51.0,1.0,3.0,359642.20084121986,2.0,3.0,6670.1191463803325,1.0,2018.0,4.0,0.0,0.0
26,1.0,9.0,13.0,9.97450476409557,2.0,1.0,96313.57335560845,3.0,2.0,2805.045608885595,1.0,2018.0,4.0,0.0,0.0
27,1.0,9.0,13.0,13.917773041919453,1.0,1.0,99152.96148947778,2.0,3.0,9160.917098585991,2.0,2016.0,12.0,0.0,0.0
28,1.0,7.0,21.0,32.04302302857996,2.0,2.0,0.0,3.0,3.0,2368.6359503527187,2.0,2013.0,3.0,0.0,0.0
29,1.0,7.0,21.0,24.97142523730021,2.0,2.0,0.0,3.0,2.0,3512.9403669190306,2.0,2013.0,3.0,2014.0,8.0
30,1.0,9.0,8.0,15.983285650033867,2.0,3.0,262406.69011576177,1.0,2.0,8380.758521622225,2.0,2014.0,1.0,2014.0,9.0
31,1.0,7.0,10.0,29.96376703217821,1.0,1.0,68991.42975830362,2.0,3.0,2511.066883888367,2.0,2014.0,6.0,2015.0,2.0
32,1.0,9.0,13.0,7.929114986948878,2.0,1.0,93871.99128037396,2.0,2.0,10246.596152417906,2.0,2014.0,10.0,2018.0,9.0
33,1.0,2.0,4.0,45.89166198914266,2.0,2.0,0.0,3.0,2.0,3719.902715481496,2.0,2018.0,7.0,0.0,0.0
34,1.0,7.0,23.0,19.99816027753842,2.0,2.0,0.0,2.0,2.0,4673.554786262618,2.0,2015.0,6.0,0.0,0.0
35,1.0,7.0,10.0,29.99509981133232,1.0,1.0,72554.51808729308,2.0,1.0,9430.703665724008,2.0,2014.0,10.0,2017.0,11.0
36,1.0,6.0,7.0,1.9936927807263967,2.0,1.0,89955.4924826764,2.0,2.0,2763.546012231342,2.0,2018.0,7.0,0.0,0.0
37,1.0,9.0,13.0,8.934088142994419,2.0,1.0,84274.34003177521,3.0,3.0,2476.2602207996456,2.0,2012.0,4.0,0.0,0.0
38,1.0,2.0,24.0,51.98552326538457,1.0,1.0,58593.903903359314,1.0,3.0,2488.986665182947,2.0,2012.0,5.0,0.0,0.0
39,1.0,5.0,18.0,1.0000065518535546,1.0,1.0,52149.4249773878,2.0,3.0,11621.86596182912,2.0,2012.0,10.0,0.0,0.0
40,1.0,9.0,16.0,7.037252042034577,1.0,2.0,0.0,3.0,1.0,11334.248583517146,2.0,2014.0,5.0,0.0,0.0
41,1.0,9.0,22.0,15.004920795466749,1.0,1.0,83854.86268610344,2.0,2.0,5092.27553577294,2.0,2016.0,4.0,0.0,0.0
42,1.0,9.0,13.0,14.07675030827884,1.0,1.0,55512.641819833916,2.0,1.0,5719.199670430781,2.0,2017.0,12.0,0.0,0.0
43,1.0,10.0,17.0,39.93693940257326,1.0,1.0,72357.11760501104,2.0,2.0,9413.420785203425,2.0,2018.0,10.0,0.0,0.0
44,1.0,2.0,24.0,49.99860789221974,2.0,1.0,77899.82771476495,1.0,3.0,3203.581487190464,2.0,2012.0,7.0,0.0,0.0
45,1.0,2.0,24.0,49.9985579394768,2.0,2.0,0.0,1.0,2.0,13324.88775549971,2.0,2018.0,6.0,0.0,0.0
46,1.0,2.0,24.0,51.0,2.0,1.0,88218.71965263557,2.0,2.0,5905.416160034998,2.0,2017.0,9.0,2018.0,5.0
47,1.0,2.0,24.0,49.979080619117035,1.0,1.0,66091.56904188676,2.0,1.0,10506.689817442562,2.0,2012.0,7.0,0.0,0.0
48,1.0,2.0,24.0,49.009952602553184,2.0,1.0,75178.67711322628,2.0,2.0,14132.674719452967,2.0,2014.0,1.0,0.0,0.0
49,1.0,7.0,10.0,29.953899654855142,1.0,1.0,68885.14407013613,2.0,3.0,2512.628463172538,2.0,2014.0,6.0,2015.0,2.0
50,1.0,9.0,13.0,9.01268788189334,1.0,1.0,72382.92764584297,2.0,2.0,8499.034025671834,2.0,2014.0,4.0,0.0,0.0
51,1.0,2.0,24.0,51.0,2.0,1.0,98986.3750201419,2.0,3.0,2873.854962919755,2.0,2014.0,11.0,0.0,0.0
52,1.0,7.0,14.0,16.953604585718956,1.0,1.0,51176.113954322085,3.0,3.0,9635.237625321597,2.0,2012.0,10.0,0.0,0.0
53,1.0,9.0,8.0,15.986065020357255,1.0,2.0,0.0,3.0,3.0,28282.743845119963,2.0,2013.0,2.0,0.0,0.0
54,1.0,7.0,21.0,32.06528710117026,1.0,1.0,59624.949310845914,3.0,1.0,9093.725055972243,2.0,2018.0,11.0,0.0,0.0
55,1.0,6.0,7.0,3.012569766699713,1.0,1.0,67617.60860666836,3.0,3.0,2514.277302084636,2.0,2013.0,10.0,0.0,0.0
56,1.0,9.0,16.0,6.963900556493158,2.0,1.0,76394.92438485248,3.0,2.0,6201.499829058766,1.0,2018.0,4.0,0.0,0.0
57,1.0,7.0,21.0,29.007301904424306,2.0,2.0,0.0,2.0,2.0,11555.455173990196,2.0,2013.0,6.0,0.0,0.0
58,1.0,1.0,5.0,44.037279809800495,2.0,1.0,83916.79397088825,1.0,2.0,11557.99232258652,2.0,2013.0,10.0,0.0,0.0
59,1.0,9.0,22.0,14.884441499564694,1.0,3.0,123339.44726062876,2.0,3.0,3577.1313975364847,2.0,2016.0,6.0,2017.0,2.0
60,1.0,2.0,24.0,51.97850848431291,1.0,2.0,0.0,3.0,1.0,13455.828173653481,2.0,2016.0,2.0,0.0,0.0
61,1.0,9.0,13.0,10.039596164892727,2.0,1.0,61243.875062977706,2.0,2.0,3905.177123850293,2.0,2013.0,6.0,0.0,0.0
62,1.0,7.0,21.0,31.83178023862193,2.0,1.0,78229.50440643608,2.0,1.0,16111.621353892815,2.0,2016.0,3.0,2016.0,10.0
63,1.0,9.0,13.0,14.167503376263433,1.0,1.0,64171.73804445823,3.0,3.0,25939.580874833082,2.0,2015.0,11.0,0.0,0.0
64,1.0,7.0,19.0,27.525751906084118,1.0,1.0,69269.34438907853,2.0,1.0,34694.57001459184,2.0,2016.0,3.0,0.0,0.0
65,1.0,7.0,21.0,21.03086930005066,2.0,1.0,75167.64068076458,3.0,2.0,3130.534780396288,2.0,2012.0,11.0,0.0,0.0
66,1.0,7.0,21.0,21.02293139908497,2.0,2.0,0.0,3.0,2.0,8079.984547378728,2.0,2013.0,8.0,0.0,0.0
67,1.0,2.0,27.0,52.98594150156195,1.0,1.0,74580.92179116955,2.0,2.0,3170.751003497988,2.0,2015.0,9.0,0.0,0.0
68,1.0,4.0,6.0,6.036367202669265,2.0,1.0,50624.59256818862,2.0,3.0,2554.388693299343,2.0,2017.0,2.0,0.0,0.0
69,1.0,2.0,24.0,51.0,2.0,1.0,54294.4204843106,2.0,2.0,8088.907486357832,2.0,2016.0,6.0,2017.0,3.0
70,1.0,9.0,16.0,7.051696859556575,1.0,1.0,27133.69376023892,1.0,3.0,5280.193327954546,1.0,2018.0,4.0,0.0,0.0
71,1.0,2.0,4.0,45.98614048690487,1.0,1.0,60902.03974193971,2.0,3.0,4090.859551678976,1.0,2018.0,3.0,0.0,0.0
72,1.0,7.0,21.0,33.9830247216478,1.0,4.0,78702.90384308182,2.0,1.0,5307.720466615058,2.0,2016.0,8.0,0.0,0.0
73,1.0,7.0,11.0,26.586448444467777,1.0,1.0,84953.35954735687,2.0,3.0,9735.836365616648,2.0,2014.0,5.0,2015.0,1.0
74,1.0,7.0,21.0,34.98775748663833,1.0,1.0,76792.76239161327,2.0,3.0,13999.577268370187,2.0,2014.0,4.0,0.0,0.0
75,1.0,2.0,4.0,46.13416674252346,1.0,1.0,71306.08479970794,1.0,1.0,5906.4748148248345,2.0,2017.0,9.0,0.0,0.0
76,1.0,7.0,21.0,34.97302552101285,1.0,2.0,0.0,3.0,3.0,2195.4496423180512,2.0,2012.0,9.0,0.0,0.0
77,1.0,7.0,21.0,33.9448782569232,2.0,1.0,54602.86633772874,2.0,3.0,3529.765141752601,2.0,2018.0,11.0,0.0,0.0
78,1.0,3.0,29.0,38.0020356983026,2.0,1.0,79301.9549391009,2.0,3.0,6935.826077922752,2.0,2016.0,8.0,0.0,0.0
79,1.0,7.0,10.0,30.004986428129328,1.0,1.0,58627.13994839418,3.0,2.0,3704.64013155268,2.0,2014.0,4.0,0.0,0.0
80,1.0,5.0,18.0,1.0,1.0,2.0,0.0,3.0,2.0,3496.466649781167,2.0,2014.0,7.0,2017.0,10.0
81,1.0,1.0,5.0,41.807952490073625,2.0,1.0,89581.34417492893,2.0,2.0,8637.902850822842,2.0,2017.0,5.0,0.0,0.0
82,1.0,7.0,21.0,32.06921653257827,1.0,2.0,0.0,2.0,2.0,7683.622377874803,2.0,2016.0,4.0,0.0,0.0
83,1.0,7.0,21.0,32.130050087315944,2.0,2.0,0.0,2.0,2.0,4056.302930960741,2.0,2016.0,6.0,0.0,0.0
84,1.0,7.0,20.0,19.019406466403755,1.0,2.0,0.0,3.0,2.0,29941.893167363578,2.0,2014.0,12.0,0.0,0.0
85,1.0,7.0,10.0,29.96614681560678,1.0,4.0,72064.4642540059,2.0,3.0,2372.536301067079,2.0,2017.0,7.0,2018.0,3.0
86,1.0,9.0,13.0,9.996195640342783,1.0,1.0,56957.37655871288,2.0,2.0,7283.093829692605,2.0,2013.0,10.0,0.0,0.0
87,1.0,6.0,7.0,3.0367270512302627,1.0,2.0,0.0,3.0,3.0,12836.664846046939,2.0,2015.0,12.0,0.0,0.0
88,1.0,2.0,24.0,51.0,2.0,1.0,88104.24958144833,2.0,2.0,5891.884497023888,2.0,2017.0,9.0,2018.0,5.0
89,1.0,6.0,7.0,2.0299221181470006,2.0,1.0,87027.20958386041,1.0,3.0,4985.913206654432,2.0,2012.0,7.0,0.0,0.0
90,1.0,7.0,21.0,23.01478696161193,1.0,1.0,92520.53670556187,2.0,1.0,7905.499311528646,2.0,2013.0,1.0,2013.0,9.0
91,1.0,2.0,25.0,48.181354936490386,1.0,1.0,48408.54260419936,1.0,3.0,2488.931076943961,2.0,2017.0,3.0,0.0,0.0
92,1.0,10.0,17.0,39.88692807338647,2.0,2.0,0.0,2.0,3.0,2373.8943559786044,2.0,2015.0,11.0,0.0,0.0
93,1.0,4.0,12.0,4.97339913267345,2.0,3.0,189254.47867808392,3.0,1.0,6678.515556236695,2.0,2016.0,10.0,0.0,0.0
94,1.0,7.0,21.0,30.93301937170785,1.0,3.0,89117.74201351726,3.0,3.0,4035.0755224766103,2.0,2013.0,3.0,0.0,0.0
95,1.0,2.0,27.0,52.991814726545655,2.0,2.0,0.0,3.0,3.0,2305.317458303163,2.0,2012.0,5.0,0.0,0.0
96,1.0,10.0,17.0,39.95459918769581,2.0,2.0,0.0,3.0,3.0,7393.585023933207,2.0,2016.0,10.0,0.0,0.0
97,1.0,7.0,23.0,19.961856378033055,2.0,1.0,57157.525397999605,2.0,1.0,10923.943468558035,2.0,2015.0,7.0,0.0,0.0
98,1.0,7.0,19.0,28.136178390401703,1.0,1.0,100647.92217942188,2.0,3.0,5404.78327351155,2.0,2017.0,11.0,0.0,0.0
99,1.0,7.0,14.0,16.975271513091045,2.0,2.0,0.0,1.0,3.0,4646.733572017611,2.0,2013.0,6.0,0.0,0.0
100,1.0,9.0,16.0,6.9991465432698625,1.0,4.0,58173.40419438926,2.0,1.0,7430.170940482656,2.0,2015.0,3.0,0.0,0.0
101,1.0,9.0,22.0,15.017042023259854,2.0,1.0,93011.4201573546,2.0,2.0,3725.074457200196,2.0,2013.0,1.0,0.0,0.0
102,1.0,7.0,21.0,21.954720626640057,1.0,2.0,0.0,3.0,2.0,3563.295185012265,2.0,2015.0,9.0,0.0,0.0
103,1.0,7.0,21.0,28.866877662748074,2.0,1.0,100866.28536661978,2.0,1.0,13236.03205463887,2.0,2013.0,1.0,0.0,0.0
104,1.0,7.0,21.0,20.939558588570787,2.0,3.0,128043.15686818348,2.0,3.0,11906.521161145745,2.0,2014.0,10.0,0.0,0.0
105,1.0,9.0,8.0,16.032966147709615,2.0,1.0,92011.8893231991,1.0,3.0,3752.680442914419,2.0,2016.0,12.0,0.0,0.0
106,1.0,7.0,21.0,31.13976702943748,2.0,1.0,81322.35863462606,2.0,3.0,9106.112383212634,2.0,2017.0,5.0,0.0,0.0
107,1.0,9.0,13.0,10.006389221285302,2.0,1.0,57913.375885575515,1.0,1.0,5496.30228613662,2.0,2017.0,6.0,0.0,0.0
108,1.0,2.0,24.0,50.04065278026782,1.0,4.0,63013.99056927203,1.0,3.0,27060.450105615568,2.0,2013.0,4.0,0.0,0.0
109,1.0,7.0,21.0,25.312531678584143,1.0,2.0,0.0,3.0,2.0,9210.710196592612,2.0,2012.0,10.0,0.0,0.0
110,1.0,2.0,24.0,52.004494997537144,2.0,2.0,0.0,1.0,3.0,2001.4940018825707,2.0,2016.0,3.0,2018.0,12.0
111,1.0,9.0,13.0,10.996209055128334,1.0,1.0,69637.41467209574,3.0,2.0,11003.589977683372,2.0,2013.0,2.0,0.0,0.0
112,1.0,9.0,13.0,11.06423833116304,2.0,1.0,65576.89782930567,2.0,1.0,5812.535620572083,2.0,2018.0,1.0,2018.0,12.0
113,1.0,2.0,24.0,48.86154428293626,2.0,1.0,94961.38222381554,2.0,3.0,3681.7826709788947,2.0,2015.0,5.0,2016.0,1.0
114,1.0,2.0,24.0,48.994392763064965,2.0,1.0,73662.43910998743,2.0,2.0,4176.6328157503585,2.0,2013.0,10.0,0.0,0.0
115,1.0,7.0,21.0,34.924856154876366,1.0,1.0,49473.14377614934,2.0,3.0,4097.473331980146,2.0,2015.0,2.0,2018.0,6.0
116,1.0,9.0,13.0,14.345183260126909,1.0,1.0,63903.97450087557,3.0,3.0,26041.584982432098,2.0,2015.0,11.0,0.0,0.0
117,1.0,7.0,21.0,31.914985358576047,1.0,1.0,59416.0559720147,3.0,1.0,9065.924449046033,2.0,2018.0,11.0,0.0,0.0
118,1.0,6.0,7.0,3.008269542401147,2.0,1.0,91410.92858929248,1.0,3.0,2661.013030501537,2.0,2016.0,10.0,0.0,0.0
119,1.0,7.0,21.0,31.007245854211618,1.0,1.0,68600.32880978542,3.0,3.0,7700.202558091138,2.0,2013.0,9.0,0.0,0.0
120,1.0,7.0,21.0,25.913007349574954,2.0,2.0,0.0,3.0,3.0,8598.27429119961,2.0,2016.0,2.0,0.0,0.0
121,1.0,6.0,7.0,3.0008325251613077,1.0,1.0,67869.510586175,3.0,3.0,2510.883156136388,2.0,2013.0,10.0,0.0,0.0
122,1.0,9.0,13.0,9.985097785165703,1.0,1.0,60617.583853853976,2.0,3.0,14894.780014500137,2.0,2018.0,11.0,0.0,0.0
123,1.0,2.0,24.0,49.02478551185082,2.0,1.0,75052.24748270889,2.0,2.0,14031.338395012877,2.0,2014.0,1.0,0.0,0.0
124,1.0,7.0,21.0,34.95799137991865,1.0,1.0,49572.104132092485,2.0,3.0,4133.971347278221,2.0,2015.0,2.0,2018.0,6.0
125,1.0,2.0,24.0,50.068607275304075,2.0,1.0,78239.19250481387,2.0,1.0,8940.08742169966,2.0,2013.0,4.0,0.0,0.0
126,1.0,9.0,13.0,14.161148901046275,1.0,2.0,0.0,2.0,3.0,4028.485958554338,2.0,2017.0,1.0,0.0,0.0
127,1.0,2.0,24.0,49.970087672790285,1.0,1.0,54156.72359683647,2.0,3.0,3405.3727047400457,2.0,2015.0,12.0,2017.0,6.0
128,1.0,9.0,8.0,15.989866909914538,2.0,4.0,78545.15475256705,3.0,1.0,29398.926980959008,2.0,2012.0,9.0,0.0,0.0
129,1.0,2.0,24.0,49.97523289531131,1.0,1.0,56009.65098911706,2.0,2.0,2839.987392700857,1.0,2018.0,2.0,0.0,0.0
130,1.0,7.0,23.0,19.980225048975928,1.0,2.0,0.0,3.0,3.0,6723.460115092307,2.0,2014.0,2.0,0.0,0.0
131,1.0,9.0,13.0,8.989987327969654,2.0,2.0,0.0,3.0,3.0,6448.829617478865,2.0,2014.0,9.0,0.0,0.0
132,1.0,9.0,22.0,14.86781030386146,1.0,1.0,82894.60363193555,3.0,3.0,2383.664573889782,2.0,2013.0,5.0,2018.0,9.0
133,1.0,3.0,29.0,36.02611877207224,2.0,1.0,67302.22265846064,1.0,3.0,9090.770266374535,2.0,2016.0,1.0,2016.0,9.0
134,1.0,2.0,24.0,49.04136598777647,1.0,1.0,103008.71782338603,2.0,3.0,5183.402748763929,1.0,2018.0,2.0,2018.0,10.0
135,1.0,7.0,21.0,22.977241726269163,1.0,1.0,103279.20433004817,1.0,3.0,8334.665091119723,2.0,2014.0,2.0,0.0,0.0
136,1.0,7.0,20.0,18.881484712177723,2.0,2.0,0.0,3.0,3.0,5101.021298723111,2.0,2015.0,12.0,0.0,0.0
137,1.0,7.0,23.0,19.94985205831004,1.0,2.0,0.0,2.0,2.0,6129.172267364033,2.0,2018.0,7.0,0.0,0.0
138,1.0,2.0,27.0,52.97642715483239,2.0,1.0,61775.88937171166,2.0,1.0,5813.547147788106,2.0,2016.0,3.0,2016.0,3.0
139,1.0,7.0,23.0,20.036248711769016,2.0,1.0,89616.85470511204,2.0,2.0,5071.299911732027,2.0,2016.0,3.0,0.0,0.0
140,1.0,7.0,21.0,22.97889297537519,1.0,2.0,0.0,3.0,1.0,5282.652569259722,2.0,2018.0,6.0,0.0,0.0
141,1.0,1.0,5.0,41.843157431470885,2.0,1.0,68512.15297718816,1.0,1.0,5314.449928561875,2.0,2012.0,10.0,0.0,0.0
142,1.0,7.0,21.0,31.878416624641666,2.0,2.0,0.0,1.0,3.0,6862.708255803655,2.0,2017.0,1.0,0.0,0.0
143,1.0,2.0,27.0,52.98341769840076,2.0,1.0,93672.13729527769,1.0,2.0,5774.552960563135,2.0,2012.0,11.0,0.0,0.0
144,1.0,2.0,24.0,51.0,1.0,1.0,56007.68939685008,2.0,2.0,23801.03250647553,2.0,2014.0,9.0,0.0,0.0
145,1.0,7.0,21.0,28.632316524079066,2.0,2.0,0.0,3.0,2.0,9593.287348785412,2.0,2016.0,2.0,0.0,0.0
146,1.0,9.0,16.0,6.991524406380082,1.0,2.0,0.0,3.0,1.0,11285.065960394591,2.0,2014.0,5.0,0.0,0.0
147,1.0,7.0,21.0,31.76436926989492,2.0,4.0,44186.07953227967,3.0,3.0,6554.4613675844985,2.0,2017.0,7.0,0.0,0.0
148,1.0,9.0,13.0,9.022654190069472,2.0,2.0,0.0,3.0,3.0,6450.828282288048,2.0,2014.0,9.0,0.0,0.0
149,1.0,2.0,24.0,51.0,2.0,1.0,46335.681326687714,1.0,3.0,3111.1795616235245,2.0,2018.0,8.0,0.0,0.0
150,1.0,7.0,14.0,16.97967277237476,2.0,1.0,52772.73933903933,1.0,3.0,2431.5701539747797,2.0,2016.0,11.0,0.0,0.0
151,1.0,2.0,27.0,52.97779049983248,1.0,1.0,87540.97468976816,2.0,1.0,9374.475351080684,2.0,2018.0,11.0,0.0,0.0
152,1.0,5.0,18.0,1.0000066848550737,2.0,5.0,117275.68318188623,3.0,3.0,2250.711831667529,2.0,2018.0,10.0,0.0,0.0
153,1.0,9.0,16.0,7.031359928374901,2.0,1.0,85009.10288499939,2.0,2.0,6497.805304255565,2.0,2012.0,11.0,0.0,0.0
154,1.0,6.0,7.0,2.970666620286158,2.0,1.0,49575.11238535025,2.0,3.0,7131.988560495182,2.0,2014.0,8.0,0.0,0.0
155,1.0,2.0,24.0,48.9555987033179,1.0,1.0,51444.52280841255,2.0,2.0,21080.042756981682,2.0,2014.0,5.0,0.0,0.0
156,1.0,8.0,3.0,3.981237061876623,1.0,4.0,46840.76186320097,2.0,2.0,4711.5080046085795,2.0,2012.0,9.0,0.0,0.0
157,1.0,7.0,21.0,31.0844262133716,1.0,1.0,58316.16215310584,2.0,3.0,2950.5007577156116,2.0,2015.0,10.0,0.0,0.0
158,1.0,2.0,24.0,49.958924354789254,2.0,1.0,84822.39087828544,2.0,1.0,5133.473117629817,2.0,2018.0,7.0,0.0,0.0
159,1.0,7.0,19.0,28.14326765409102,1.0,2.0,0.0,2.0,2.0,5595.44968050823,2.0,2012.0,8.0,0.0,0.0
160,1.0,2.0,24.0,51.960918352077144,2.0,1.0,78625.77084268277,2.0,3.0,2470.679599237749,2.0,2017.0,12.0,2018.0,8.0
161,1.0,4.0,12.0,4.996352485735169,2.0,1.0,65139.339458043025,2.0,3.0,2669.8624911779175,2.0,2017.0,11.0,0.0,0.0
162,1.0,7.0,20.0,18.984460308375034,1.0,1.0,95664.85810669318,2.0,3.0,2929.9162646499644,2.0,2015.0,4.0,0.0,0.0
163,1.0,2.0,24.0,49.025142679785816,2.0,1.0,54289.903665683676,2.0,3.0,16840.90177811127,2.0,2018.0,10.0,0.0,0.0
164,1.0,10.0,17.0,39.140236567173964,1.0,1.0,71600.26777690511,1.0,3.0,2767.2009851892985,2.0,2013.0,7.0,0.0,0.0
165,1.0,5.0,18.0,1.0,2.0,3.0,220570.7486459436,3.0,2.0,8532.013120317,2.0,2012.0,8.0,0.0,0.0
166,1.0,7.0,21.0,24.554633343871426,2.0,2.0,0.0,3.0,3.0,4060.830040092328,2.0,2013.0,12.0,0.0,0.0
167,1.0,7.0,21.0,32.01547818928005,2.0,3.0,222325.82121002016,1.0,3.0,5712.295142128766,2.0,2017.0,5.0,0.0,0.0
168,1.0,2.0,24.0,50.23961562567865,2.0,1.0,70337.66101166036,2.0,3.0,7161.096917348498,2.0,2012.0,11.0,0.0,0.0
169,1.0,2.0,26.0,54.000646336449485,1.0,1.0,57044.96222624352,3.0,2.0,6344.578484353413,1.0,2018.0,2.0,0.0,0.0
170,1.0,7.0,10.0,30.02787451629804,2.0,1.0,67752.50226452631,3.0,1.0,44570.679362890085,2.0,2015.0,9.0,0.0,0.0
171,1.0,7.0,23.0,20.038276080468044,2.0,1.0,77648.0721867958,2.0,3.0,2667.890706396486,2.0,2015.0,9.0,0.0,0.0
172,1.0,7.0,10.0,30.0002662105279,1.0,1.0,60596.19982611454,2.0,3.0,9423.567563998531,2.0,2014.0,8.0,0.0,0.0
173,1.0,7.0,14.0,17.05711004621034,2.0,2.0,0.0,2.0,2.0,2956.874864700788,2.0,2018.0,10.0,0.0,0.0
174,1.0,2.0,24.0,50.015152987221356,2.0,1.0,98346.59536550236,2.0,2.0,6818.356414206465,2.0,2012.0,5.0,0.0,0.0
175,1.0,7.0,20.0,19.0356886760234,1.0,1.0,81978.5028177616,2.0,3.0,6231.055383700302,2.0,2016.0,3.0,2016.0,11.0
176,1.0,7.0,14.0,17.033985640291476,2.0,2.0,0.0,3.0,3.0,7667.990279040788,2.0,2015.0,5.0,0.0,0.0
177,1.0,7.0,21.0,22.849775041342404,1.0,1.0,76777.0654286398,2.0,2.0,8729.64003231492,2.0,2017.0,6.0,0.0,0.0
178,1.0,7.0,21.0,34.11544042225651,2.0,1.0,68805.63255241033,2.0,2.0,2855.12878574346,2.0,2018.0,8.0,0.0,0.0
179,1.0,7.0,21.0,34.91899606416082,2.0,1.0,69948.15317145312,3.0,1.0,5587.124273807271,2.0,2017.0,6.0,0.0,0.0
180,1.0,2.0,24.0,49.05346289009799,1.0,2.0,0.0,3.0,2.0,8649.623243780883,2.0,2015.0,7.0,0.0,0.0
181,1.0,4.0,6.0,6.02499516071712,2.0,1.0,93484.46365711991,1.0,1.0,5331.823664056771,2.0,2015.0,12.0,0.0,0.0
182,1.0,2.0,24.0,51.98587958164322,1.0,1.0,50142.29694377859,2.0,3.0,5311.7900995243535,1.0,2018.0,4.0,0.0,0.0
183,1.0,7.0,21.0,20.995037437628074,2.0,1.0,90700.85768691625,2.0,3.0,9640.987382878431,2.0,2012.0,5.0,0.0,0.0
184,1.0,10.0,17.0,39.9529523030341,2.0,2.0,0.0,3.0,3.0,7334.585260693469,2.0,2016.0,10.0,0.0,0.0
185,1.0,7.0,14.0,17.00606307586917,2.0,2.0,0.0,1.0,3.0,4639.253079929009,2.0,2013.0,6.0,0.0,0.0
186,1.0,9.0,13.0,9.974135741665814,2.0,1.0,58537.8965641144,2.0,1.0,10315.845248726404,2.0,2016.0,2.0,0.0,0.0
187,1.0,9.0,13.0,8.98319643730941,2.0,2.0,0.0,2.0,2.0,6279.6813459925415,2.0,2015.0,4.0,0.0,0.0
188,1.0,9.0,13.0,14.012597350736748,2.0,2.0,0.0,2.0,3.0,4795.0607484097045,2.0,2017.0,1.0,0.0,0.0
189,1.0,2.0,25.0,48.06165525767173,1.0,2.0,0.0,3.0,2.0,9696.481297543944,2.0,2013.0,8.0,0.0,0.0
190,1.0,7.0,21.0,23.119178159618293,1.0,1.0,99949.81452357904,1.0,1.0,5103.279302118987,2.0,2015.0,12.0,0.0,0.0
191,1.0,9.0,13.0,8.923028020243734,1.0,2.0,0.0,2.0,2.0,13781.120155297125,2.0,2017.0,9.0,0.0,0.0
192,1.0,9.0,13.0,9.040352157058491,2.0,2.0,0.0,3.0,3.0,6409.125603643106,2.0,2014.0,9.0,0.0,0.0
193,1.0,2.0,24.0,51.99261339844829,1.0,1.0,58642.070102735335,1.0,3.0,2492.33003178354,2.0,2012.0,5.0,0.0,0.0
194,1.0,6.0,7.0,2.985786582846748,1.0,1.0,77179.18482058133,1.0,3.0,5727.282337714925,2.0,2015.0,8.0,0.0,0.0
195,1.0,4.0,6.0,6.003420660181094,2.0,1.0,54493.34605884523,3.0,3.0,2611.732581562648,2.0,2018.0,10.0,0.0,0.0
196,1.0,9.0,13.0,9.983834030365347,2.0,4.0,57478.28413709486,2.0,2.0,9298.337851530501,2.0,2013.0,8.0,0.0,0.0
197,1.0,9.0,13.0,9.999519394447292,2.0,2.0,0.0,3.0,3.0,5614.046521103336,2.0,2016.0,8.0,0.0,0.0
198,1.0,4.0,12.0,4.950425435448484,2.0,1.0,76546.26528658468,2.0,3.0,6254.82616271501,1.0,2018.0,4.0,0.0,0.0
199,1.0,2.0,27.0,52.997109723401266,1.0,1.0,66169.31727317609,2.0,1.0,5618.437016070326,2.0,2017.0,8.0,0.0,0.0
200,1.0,2.0,24.0,48.93841946360986,2.0,2.0,0.0,3.0,2.0,2941.430073807563,2.0,2015.0,7.0,2016.0,3.0
201,1.0,9.0,13.0,11.927960718392889,2.0,2.0,0.0,3.0,2.0,13393.462162727194,2.0,2014.0,4.0,0.0,0.0
202,1.0,9.0,13.0,14.123736649002446,1.0,1.0,55585.17588902729,2.0,1.0,5709.160558687739,2.0,2017.0,12.0,0.0,0.0
203,1.0,7.0,21.0,24.88292720760618,1.0,1.0,94084.20977892837,2.0,2.0,6672.019925060614,1.0,2018.0,2.0,0.0,0.0
204,1.0,1.0,5.0,41.96756217083164,2.0,1.0,88807.97561295122,2.0,2.0,4676.901464788005,2.0,2018.0,11.0,0.0,0.0
205,1.0,7.0,21.0,31.99562690483483,2.0,1.0,72917.31914646455,1.0,3.0,34925.18864134394,2.0,2016.0,2.0,0.0,0.0
206,1.0,7.0,21.0,23.077934811050206,1.0,1.0,68023.14037859267,1.0,3.0,2758.8546089127954,2.0,2017.0,9.0,0.0,0.0
207,1.0,7.0,21.0,24.995956011406854,2.0,2.0,0.0,3.0,1.0,18217.996701487078,2.0,2014.0,3.0,0.0,0.0
208,1.0,7.0,21.0,20.99881063023679,2.0,1.0,74189.9099276052,2.0,3.0,5758.241477159911,2.0,2012.0,8.0,0.0,0.0
209,1.0,7.0,21.0,32.019322964225935,2.0,1.0,93277.59825014467,2.0,3.0,19673.141667458927,2.0,2017.0,5.0,0.0,0.0
210,1.0,9.0,13.0,9.052821922130128,2.0,2.0,0.0,3.0,3.0,2428.7721767828257,2.0,2013.0,6.0,0.0,0.0
211,1.0,2.0,24.0,51.0,1.0,1.0,60619.649725137424,3.0,3.0,32930.504696857766,2.0,2016.0,6.0,2018.0,10.0
212,1.0,7.0,23.0,19.998852656144646,2.0,1.0,49766.96026693859,1.0,1.0,5556.46909744349,1.0,2018.0,4.0,0.0,0.0
213,1.0,7.0,23.0,19.92660674224063,2.0,2.0,0.0,2.0,2.0,4616.311675991795,2.0,2015.0,6.0,0.0,0.0
214,1.0,7.0,14.0,16.981783664348082,2.0,2.0,0.0,3.0,3.0,18699.93649366198,2.0,2013.0,8.0,0.0,0.0
215,1.0,2.0,27.0,53.04044864296425,2.0,3.0,221540.5574127701,2.0,2.0,8257.972035771523,2.0,2013.0,1.0,0.0,0.0
216,1.0,7.0,21.0,31.102249845774722,1.0,2.0,0.0,1.0,2.0,5020.167396830211,2.0,2018.0,10.0,0.0,0.0
217,1.0,7.0,21.0,22.027943098677174,1.0,1.0,78541.86488361252,1.0,3.0,4388.907007080269,2.0,2018.0,1.0,2018.0,9.0
218,1.0,7.0,21.0,30.945025762323496,1.0,1.0,69346.33596675204,2.0,3.0,2455.5070070741144,2.0,2014.0,6.0,0.0,0.0
219,1.0,7.0,23.0,19.986814699002302,2.0,1.0,57113.18200383025,2.0,1.0,10811.753485057123,2.0,2015.0,7.0,0.0,0.0
220,1.0,2.0,27.0,53.024013397807735,1.0,2.0,0.0,3.0,3.0,16257.588481210823,2.0,2018.0,9.0,0.0,0.0
221,1.0,3.0,29.0,36.03657131329354,1.0,1.0,72049.9126119878,3.0,1.0,5020.093263251025,1.0,2018.0,4.0,0.0,0.0
222,1.0,2.0,24.0,51.971961429647706,2.0,5.0,120643.65051479626,1.0,3.0,2310.6716796744468,2.0,2015.0,11.0,0.0,0.0
223,1.0,2.0,24.0,50.00911495938085,2.0,4.0,62303.5560645048,2.0,2.0,3503.2175817625207,2.0,2013.0,11.0,0.0,0.0
224,1.0,7.0,21.0,23.059303926287214,1.0,1.0,54567.7623800519,1.0,3.0,3453.5440089463723,2.0,2013.0,9.0,0.0,0.0
225,1.0,2.0,4.0,45.947564487073166,2.0,2.0,0.0,3.0,3.0,4985.982829002485,2.0,2015.0,10.0,0.0,0.0
226,1.0,10.0,17.0,38.842225084671114,1.0,1.0,56737.29911201323,2.0,3.0,12498.77050559095,2.0,2017.0,6.0,0.0,0.0
227,1.0,10.0,17.0,40.1788906246489,1.0,3.0,198808.4149288024,1.0,2.0,8586.881832245625,2.0,2014.0,8.0,0.0,0.0
228,1.0,2.0,24.0,51.0,2.0,1.0,49124.833918450015,2.0,2.0,16537.66728247894,2.0,2017.0,12.0,0.0,0.0
229,1.0,2.0,4.0,46.06446070157246,1.0,2.0,0.0,3.0,1.0,7099.52162254856,2.0,2017.0,11.0,2018.0,7.0
230,1.0,2.0,27.0,52.995145093983446,2.0,1.0,70171.71243976333,2.0,2.0,5772.166158909682,2.0,2012.0,5.0,0.0,0.0
231,1.0,6.0,7.0,1.9898338216045357,2.0,1.0,59805.08036135833,2.0,2.0,7408.463645448091,2.0,2012.0,11.0,0.0,0.0
232,1.0,10.0,17.0,39.82501539499563,1.0,1.0,93149.06568232973,2.0,2.0,4492.436245294134,2.0,2016.0,5.0,0.0,0.0
233,1.0,2.0,25.0,48.002646217577045,1.0,2.0,0.0,2.0,2.0,2746.867201956104,2.0,2013.0,1.0,2016.0,1.0
234,1.0,7.0,21.0,20.991958633566604,2.0,2.0,0.0,2.0,3.0,3732.5011192168777,2.0,2012.0,7.0,0.0,0.0
235,1.0,7.0,21.0,33.06837936503129,1.0,2.0,0.0,2.0,2.0,8172.166530309371,2.0,2012.0,5.0,0.0,0.0
236,1.0,9.0,13.0,9.021506337660544,2.0,3.0,278822.14016188757,2.0,2.0,7221.452778593162,2.0,2015.0,10.0,0.0,0.0
237,1.0,7.0,21.0,31.114363069582097,1.0,3.0,89017.08497475638,3.0,3.0,4038.089541537042,2.0,2013.0,3.0,0.0,0.0
238,1.0,6.0,7.0,2.984325940454074,2.0,1.0,95034.06887788574,1.0,2.0,2796.3861027082753,2.0,2014.0,4.0,0.0,0.0
239,1.0,2.0,24.0,51.0,1.0,1.0,75200.42371092548,2.0,1.0,7268.0191979228675,2.0,2014.0,4.0,0.0,0.0
240,1.0,7.0,21.0,31.988791698066628,1.0,1.0,59451.511398881405,3.0,1.0,9076.374700252323,2.0,2018.0,11.0,0.0,0.0
241,1.0,2.0,24.0,52.028308944256224,2.0,1.0,66394.4213721586,2.0,2.0,6527.087815038353,2.0,2014.0,11.0,0.0,0.0
242,1.0,7.0,20.0,19.02601404760464,1.0,2.0,0.0,3.0,2.0,3371.5156965000187,2.0,2017.0,11.0,0.0,0.0
243,1.0,7.0,21.0,32.016202002768765,2.0,1.0,93282.796221795,2.0,3.0,19732.92796901081,2.0,2017.0,5.0,0.0,0.0
244,1.0,7.0,21.0,20.92799227222924,2.0,1.0,79146.0808385765,2.0,1.0,5339.758708205331,2.0,2016.0,6.0,0.0,0.0
245,1.0,2.0,4.0,45.8306283835387,2.0,2.0,0.0,2.0,3.0,2580.2146685988405,2.0,2015.0,1.0,2015.0,2.0
246,1.0,2.0,24.0,51.0,2.0,1.0,88302.91389839044,2.0,2.0,5914.63090027963,2.0,2017.0,9.0,2018.0,5.0
247,1.0,9.0,8.0,15.978481077752466,1.0,2.0,0.0,3.0,3.0,27934.43885631286,2.0,2013.0,2.0,0.0,0.0
248,1.0,4.0,12.0,4.921060567215948,2.0,4.0,66404.88558721208,3.0,3.0,2392.7163918964616,2.0,2018.0,12.0,0.0,0.0
249,1.0,2.0,24.0,50.018276859491706,1.0,1.0,69414.07539335504,2.0,1.0,22758.080269411017,2.0,2018.0,9.0,0.0,0.0
250,1.0,9.0,16.0,6.973443306646626,2.0,1.0,64274.33570833156,2.0,3.0,5968.356018467023,2.0,2018.0,10.0,0.0,0.0
251,1.0,9.0,8.0,16.000302409412264,1.0,1.0,83517.73827001624,2.0,2.0,5462.445695852186,2.0,2015.0,9.0,0.0,0.0
252,1.0,8.0,3.0,4.059537369972667,2.0,1.0,79013.98686757452,1.0,2.0,8095.71960490086,2.0,2018.0,7.0,0.0,0.0
253,1.0,6.0,7.0,3.042307006121984,1.0,2.0,0.0,3.0,3.0,12818.215688303637,2.0,2015.0,12.0,0.0,0.0
254,1.0,7.0,23.0,20.04333206840073,2.0,5.0,79616.7148150101,1.0,2.0,4913.00232626449,2.0,2013.0,5.0,0.0,0.0
255,1.0,2.0,24.0,51.0,2.0,1.0,83600.09846978815,1.0,2.0,14341.014151281375,2.0,2016.0,8.0,0.0,0.0
256,1.0,7.0,21.0,28.814403130870744,1.0,2.0,0.0,2.0,3.0,2372.645334769732,2.0,2017.0,1.0,0.0,0.0
257,1.0,7.0,21.0,33.96346203912337,1.0,2.0,0.0,2.0,2.0,9708.869980767206,2.0,2018.0,11.0,0.0,0.0
258,1.0,9.0,13.0,13.936345887824835,2.0,2.0,0.0,3.0,3.0,20541.891977347168,2.0,2013.0,11.0,2017.0,5.0
259,1.0,9.0,13.0,8.05886951348802,2.0,2.0,0.0,3.0,3.0,12929.8691336234,2.0,2018.0,11.0,0.0,0.0
260,1.0,4.0,6.0,6.009671887504611,2.0,1.0,88076.3465135047,2.0,2.0,2918.8675499498513,2.0,2013.0,12.0,0.0,0.0
261,1.0,7.0,21.0,34.16530107648377,2.0,2.0,0.0,2.0,3.0,15816.731119168422,2.0,2013.0,2.0,2013.0,12.0
262,1.0,7.0,14.0,16.991544878046305,1.0,1.0,99247.74284505949,2.0,1.0,5747.9055612143675,2.0,2013.0,1.0,0.0,0.0
263,1.0,7.0,21.0,33.0017753819083,1.0,3.0,151671.41104014532,2.0,3.0,2122.9753051586895,2.0,2018.0,11.0,0.0,0.0
264,1.0,2.0,27.0,53.054769137920104,2.0,1.0,70124.52881571569,2.0,2.0,5783.10568556821,2.0,2012.0,5.0,0.0,0.0
265,1.0,11.0,28.0,54.99999351211268,1.0,1.0,89163.55921920971,1.0,3.0,2618.385291897386,2.0,2017.0,9.0,0.0,0.0
266,1.0,7.0,20.0,18.912325811422093,1.0,1.0,77886.59652379877,2.0,2.0,3511.097021741378,2.0,2015.0,4.0,0.0,0.0
267,1.0,2.0,27.0,52.99315894617323,2.0,1.0,71123.19452666219,2.0,1.0,7998.8408084854045,2.0,2015.0,1.0,0.0,0.0
268,1.0,2.0,24.0,49.991297024405625,2.0,2.0,0.0,1.0,2.0,13408.338878673676,2.0,2018.0,6.0,0.0,0.0
269,1.0,2.0,24.0,49.9570153360561,2.0,1.0,65395.41888427643,1.0,3.0,4780.955928725279,2.0,2015.0,3.0,0.0,0.0
270,1.0,7.0,21.0,32.108723090346906,1.0,1.0,59418.24438449684,3.0,1.0,9048.43326525266,2.0,2018.0,11.0,0.0,0.0
271,1.0,7.0,21.0,23.021134852574733,1.0,1.0,100005.93009693328,1.0,1.0,5097.867104115776,2.0,2015.0,12.0,0.0,0.0
272,1.0,7.0,21.0,22.918965696136148,1.0,1.0,85290.61905108651,2.0,2.0,5637.373807648019,2.0,2012.0,7.0,0.0,0.0
273,1.0,7.0,21.0,22.07339442388502,1.0,2.0,0.0,2.0,3.0,2833.4954297086224,2.0,2016.0,1.0,2016.0,9.0
274,1.0,10.0,17.0,39.77049549813192,2.0,1.0,55246.324727346044,2.0,2.0,9773.125363247793,1.0,2018.0,3.0,0.0,0.0
275,1.0,10.0,17.0,38.79478795646806,2.0,1.0,52686.357463300956,2.0,3.0,13868.606725336347,2.0,2016.0,11.0,0.0,0.0
276,1.0,2.0,24.0,49.97791691187733,2.0,1.0,78162.78254602259,1.0,3.0,2406.23813127101,2.0,2014.0,11.0,0.0,0.0
277,1.0,10.0,17.0,38.960582481115225,1.0,1.0,71650.19224961883,1.0,3.0,2759.204352829091,2.0,2013.0,7.0,0.0,0.0
278,1.0,9.0,22.0,15.091574755932466,1.0,1.0,59940.90410355305,2.0,1.0,8678.201417676995,2.0,2015.0,12.0,0.0,0.0
279,1.0,2.0,24.0,51.0,1.0,3.0,359642.22018539644,2.0,3.0,6484.6778871226525,1.0,2018.0,4.0,0.0,0.0
280,1.0,9.0,13.0,14.006554750551011,2.0,2.0,0.0,3.0,3.0,20321.077320302396,2.0,2013.0,11.0,2017.0,5.0
281,1.0,9.0,16.0,6.9845088358207725,1.0,1.0,73215.509439326,2.0,2.0,2745.2076843398972,2.0,2017.0,2.0,0.0,0.0
282,1.0,7.0,21.0,21.068524279751685,1.0,2.0,0.0,2.0,3.0,3345.3624587023887,2.0,2012.0,7.0,0.0,0.0
283,1.0,7.0,21.0,30.982806650702216,2.0,3.0,58068.835305003566,1.0,2.0,5020.280541837466,2.0,2018.0,12.0,0.0,0.0
284,1.0,7.0,21.0,35.20759757025847,1.0,1.0,55151.70752742813,3.0,2.0,3027.814247863093,2.0,2018.0,9.0,0.0,0.0
285,1.0,7.0,21.0,23.17943473307581,2.0,5.0,106701.96397236486,1.0,1.0,8305.467873860327,2.0,2015.0,3.0,0.0,0.0
286,1.0,10.0,17.0,38.92804836034626,2.0,1.0,52719.14743444098,2.0,3.0,13991.68915183006,2.0,2016.0,11.0,0.0,0.0
287,1.0,7.0,19.0,27.59106843659103,1.0,1.0,69328.46495862742,2.0,1.0,34615.45903094845,2.0,2016.0,3.0,0.0,0.0
288,1.0,2.0,24.0,48.90430547788059,2.0,1.0,73892.89787456808,2.0,2.0,8442.985118596991,2.0,2015.0,11.0,0.0,0.0
289,1.0,2.0,26.0,53.980195840791986,2.0,1.0,57588.31943996348,2.0,1.0,21718.758594630537,2.0,2015.0,4.0,0.0,0.0
290,1.0,2.0,26.0,53.98282845227322,2.0,2.0,0.0,3.0,2.0,9034.703132756398,2.0,2018.0,9.0,0.0,0.0
291,1.0,7.0,21.0,32.140022366786056,2.0,1.0,95600.7400898469,3.0,3.0,5027.836831029887,2.0,2013.0,9.0,0.0,0.0
292,1.0,9.0,13.0,11.212558491841627,2.0,2.0,0.0,2.0,3.0,5329.6102818712325,2.0,2017.0,9.0,0.0,0.0
293,1.0,4.0,6.0,6.024644157820314,1.0,1.0,77105.6571240627,1.0,3.0,27338.994788906384,2.0,2012.0,5.0,0.0,0.0
294,1.0,4.0,6.0,5.96430190546533,2.0,5.0,124210.54803604097,2.0,2.0,7042.935995275301,2.0,2015.0,8.0,0.0,0.0
295,1.0,2.0,24.0,48.98257366645465,1.0,2.0,0.0,3.0,1.0,7215.608121826771,2.0,2015.0,11.0,0.0,0.0
296,1.0,3.0,29.0,35.966570326294736,2.0,1.0,72274.6345226678,2.0,2.0,5381.694042295479,2.0,2018.0,8.0,0.0,0.0
297,1.0,7.0,20.0,19.034913027601064,1.0,2.0,0.0,3.0,2.0,3371.110790629873,2.0,2017.0,11.0,0.0,0.0
298,1.0,7.0,21.0,33.95016275070415,1.0,4.0,55027.18743171669,2.0,3.0,2722.8858702450316,2.0,2015.0,2.0,0.0,0.0
299,1.0,2.0,24.0,51.0,1.0,1.0,50720.56460985871,1.0,2.0,3285.6501842833927,2.0,2012.0,5.0,0.0,0.0
300,1.0,9.0,13.0,9.975955000880516,2.0,1.0,88313.05259429138,3.0,3.0,5114.094869565255,2.0,2017.0,2.0,2017.0,10.0
301,1.0,6.0,7.0,3.0073507698456763,1.0,1.0,70188.8699799825,3.0,1.0,7054.741975752367,2.0,2015.0,11.0,0.0,0.0
302,1.0,9.0,13.0,10.018837016665065,2.0,2.0,0.0,2.0,2.0,4791.07586533991,2.0,2013.0,1.0,0.0,0.0
303,1.0,2.0,24.0,49.02341574737149,2.0,1.0,88996.65766523864,2.0,3.0,7422.765866458469,2.0,2013.0,5.0,0.0,0.0
304,1.0,7.0,21.0,21.190347578889206,2.0,5.0,105324.78998096754,1.0,3.0,4800.326565852506,2.0,2014.0,7.0,0.0,0.0
305,1.0,7.0,21.0,31.010613154900348,1.0,2.0,0.0,2.0,1.0,7393.836629285668,2.0,2017.0,11.0,0.0,0.0
306,1.0,6.0,7.0,1.98825981140146,2.0,1.0,89751.6251616968,2.0,2.0,2763.542402601735,2.0,2018.0,7.0,0.0,0.0
307,1.0,9.0,16.0,6.998279366223112,2.0,1.0,91829.27062270575,2.0,3.0,2712.492510771868,2.0,2018.0,7.0,0.0,0.0
308,1.0,7.0,21.0,20.987358227226913,1.0,2.0,0.0,3.0,2.0,3366.688645433529,2.0,2016.0,7.0,0.0,0.0
309,1.0,6.0,7.0,2.0135099852753107,2.0,1.0,80199.13084499438,3.0,3.0,2503.1954534174115,2.0,2014.0,2.0,0.0,0.0
310,1.0,4.0,6.0,5.967342520832634,2.0,1.0,71528.85834945909,2.0,2.0,15483.246109883152,2.0,2013.0,12.0,0.0,0.0
311,1.0,2.0,24.0,50.01801436578017,1.0,2.0,0.0,2.0,2.0,2994.8387789484464,2.0,2017.0,10.0,2018.0,6.0
312,1.0,7.0,21.0,31.93053773442378,2.0,2.0,0.0,1.0,3.0,6817.912176476691,2.0,2017.0,1.0,0.0,0.0
313,1.0,9.0,16.0,6.9695814987121825,2.0,5.0,109436.53788524361,1.0,3.0,2394.395780533166,2.0,2018.0,5.0,0.0,0.0
314,1.0,6.0,7.0,3.0016032617334565,2.0,1.0,80955.06564598734,1.0,3.0,3390.8065451192856,1.0,2018.0,4.0,0.0,0.0
315,1.0,9.0,13.0,13.795513842737975,1.0,1.0,55680.01391460843,2.0,1.0,5725.82255505474,2.0,2017.0,12.0,0.0,0.0
316,1.0,7.0,20.0,19.010516019880182,2.0,2.0,0.0,3.0,3.0,5097.04884488057,2.0,2015.0,12.0,0.0,0.0
317,1.0,6.0,7.0,2.001314508323496,2.0,1.0,80429.39086283985,3.0,3.0,2501.8285171972716,2.0,2014.0,2.0,0.0,0.0
318,1.0,1.0,5.0,44.12894884556373,1.0,5.0,70596.79067870884,2.0,2.0,2887.0400836718254,2.0,2017.0,8.0,0.0,0.0
319,1.0,7.0,21.0,20.966203690961635,2.0,1.0,74966.68562323574,3.0,2.0,3135.2960206180464,2.0,2012.0,11.0,0.0,0.0
320,1.0,2.0,27.0,52.997149598244576,1.0,2.0,0.0,2.0,3.0,13744.379866287463,2.0,2014.0,2.0,0.0,0.0
321,1.0,10.0,17.0,39.062546038102475,2.0,2.0,0.0,3.0,2.0,16385.032186163833,2.0,2016.0,9.0,0.0,0.0
322,1.0,7.0,21.0,35.08202682649644,1.0,2.0,0.0,3.0,3.0,2200.3304190344807,2.0,2012.0,9.0,0.0,0.0
323,1.0,6.0,7.0,2.980648643098027,2.0,1.0,94726.30542596057,1.0,2.0,2798.3591118785675,2.0,2014.0,4.0,0.0,0.0
324,1.0,9.0,13.0,9.001857975499078,2.0,2.0,0.0,3.0,3.0,6493.486946277799,2.0,2014.0,9.0,0.0,0.0
325,1.0,2.0,24.0,49.98896035702447,1.0,5.0,130010.02544962447,3.0,3.0,4626.863063509256,2.0,2018.0,1.0,2018.0,9.0
326,1.0,7.0,23.0,20.00820890388478,2.0,1.0,95385.14655549142,2.0,3.0,4097.8544563420855,2.0,2012.0,8.0,0.0,0.0
327,1.0,9.0,13.0,7.996687932377771,1.0,2.0,0.0,3.0,3.0,3352.453679439137,2.0,2018.0,9.0,0.0,0.0
328,1.0,7.0,21.0,31.019531463368708,2.0,1.0,65127.03404893491,2.0,1.0,17323.732239015928,2.0,2013.0,12.0,0.0,0.0
329,1.0,7.0,21.0,34.00090765967946,1.0,1.0,50895.97485681548,3.0,2.0,3911.057428293095,2.0,2015.0,7.0,0.0,0.0
330,1.0,7.0,21.0,30.892092703575138,1.0,1.0,58421.230525285646,2.0,3.0,2950.930449349296,2.0,2015.0,10.0,0.0,0.0
331,1.0,4.0,12.0,5.020069838288888,1.0,2.0,0.0,3.0,2.0,6244.42623445672,2.0,2017.0,7.0,0.0,0.0
332,1.0,2.0,4.0,46.08141299957792,2.0,2.0,0.0,3.0,2.0,3744.087561749176,2.0,2018.0,7.0,0.0,0.0
333,1.0,1.0,1.0,42.877055847571455,1.0,1.0,70528.8064769178,2.0,3.0,2673.1279935608395,2.0,2012.0,6.0,0.0,0.0
334,1.0,7.0,21.0,33.95078616252391,1.0,1.0,64254.80925996108,2.0,3.0,5491.071674404438,2.0,2014.0,7.0,0.0,0.0
335,1.0,6.0,7.0,1.991097425633428,2.0,1.0,73061.54171855147,2.0,1.0,10344.938826904821,2.0,2016.0,3.0,0.0,0.0
336,1.0,9.0,16.0,6.987940920355351,2.0,1.0,76235.79418196552,3.0,2.0,6247.728683274999,1.0,2018.0,4.0,0.0,0.0
337,1.0,5.0,18.0,1.0000065818211161,1.0,2.0,0.0,3.0,2.0,3518.5683839820917,2.0,2014.0,7.0,2017.0,10.0
338,1.0,2.0,9.0,46.75694860757899,2.0,3.0,68254.58234861825,1.0,2.0,4183.8835049413765,2.0,2017.0,2.0,0.0,0.0
339,1.0,2.0,27.0,52.9932275022249,2.0,1.0,71054.58816382807,3.0,3.0,8874.845645583559,2.0,2012.0,9.0,0.0,0.0
340,1.0,3.0,29.0,35.96740542703225,1.0,1.0,58796.96789892599,3.0,1.0,14643.058780525924,2.0,2016.0,6.0,0.0,0.0
341,1.0,2.0,24.0,50.02762487190247,1.0,3.0,274849.7041793606,2.0,1.0,6961.128715022605,2.0,2014.0,3.0,0.0,0.0
342,1.0,2.0,27.0,52.9942755372016,1.0,1.0,74321.52544376293,1.0,3.0,2442.441766170957,2.0,2013.0,10.0,0.0,0.0
343,1.0,9.0,13.0,9.01241071654539,2.0,2.0,0.0,2.0,2.0,6205.2037767037855,2.0,2015.0,4.0,0.0,0.0
344,1.0,2.0,24.0,51.0,2.0,1.0,50920.32610911778,2.0,2.0,5178.264683107024,1.0,2018.0,3.0,0.0,0.0
345,1.0,1.0,2.0,41.11814452148143,2.0,1.0,56737.55443284653,1.0,3.0,8260.677908923366,2.0,2017.0,1.0,0.0,0.0
346,1.0,7.0,21.0,30.993246214434762,1.0,1.0,60195.70746138167,1.0,3.0,4854.163271225009,2.0,2016.0,1.0,0.0,0.0
347,1.0,7.0,21.0,33.03664371512321,1.0,3.0,151166.51529382332,2.0,3.0,2118.0483151398726,2.0,2018.0,11.0,0.0,0.0
348,1.0,2.0,24.0,51.0,2.0,2.0,0.0,2.0,3.0,6043.824551825486,2.0,2017.0,3.0,0.0,0.0
349,1.0,9.0,13.0,8.950918084462998,1.0,1.0,74855.53986141589,2.0,1.0,5337.24109680794,1.0,2018.0,3.0,0.0,0.0
350,1.0,7.0,21.0,34.007027866533306,1.0,1.0,71036.56142955757,2.0,2.0,4459.8889320317485,2.0,2012.0,4.0,0.0,0.0
351,1.0,7.0,10.0,30.04864895072181,1.0,1.0,68968.99291062308,2.0,3.0,2514.4372116942063,2.0,2014.0,6.0,2015.0,2.0
352,1.0,9.0,16.0,7.011858230862497,2.0,1.0,64134.276098778566,2.0,3.0,5944.057210234897,2.0,2018.0,10.0,0.0,0.0
353,1.0,9.0,13.0,9.04361244815479,1.0,1.0,88328.82855489007,2.0,1.0,56604.42846319535,2.0,2015.0,4.0,0.0,0.0
354,1.0,11.0,28.0,55.0,1.0,1.0,48390.59921224316,3.0,3.0,2790.6501100472897,2.0,2017.0,5.0,0.0,0.0
355,1.0,7.0,19.0,27.95199970808757,2.0,2.0,0.0,3.0,1.0,12887.325815963459,1.0,2018.0,3.0,0.0,0.0
356,1.0,3.0,29.0,36.184732364029585,2.0,1.0,78929.40956068225,1.0,2.0,30310.30325512868,2.0,2015.0,6.0,0.0,0.0
357,1.0,7.0,21.0,22.050057259767343,1.0,2.0,0.0,2.0,3.0,2837.224686699479,2.0,2016.0,1.0,2016.0,9.0
358,1.0,2.0,24.0,49.04967288975056,1.0,1.0,57858.545365607795,2.0,2.0,7978.139119097776,2.0,2018.0,7.0,0.0,0.0
359,1.0,2.0,27.0,52.98910765830683,1.0,2.0,0.0,3.0,2.0,3276.759722733783,2.0,2013.0,10.0,0.0,0.0
360,1.0,6.0,7.0,3.033895681858378,2.0,1.0,92325.15188305042,2.0,1.0,5703.156685552141,2.0,2016.0,10.0,0.0,0.0
361,1.0,2.0,24.0,49.055475400882884,1.0,3.0,64912.88137640697,2.0,1.0,13439.46876188989,2.0,2017.0,5.0,0.0,0.0
362,1.0,2.0,24.0,52.0116642909066,1.0,2.0,0.0,2.0,2.0,21322.837427889433,2.0,2016.0,6.0,0.0,0.0
363,1.0,7.0,19.0,28.06554391108987,2.0,1.0,54257.04399456378,2.0,3.0,3301.2915477936276,2.0,2014.0,6.0,0.0,0.0
364,1.0,7.0,14.0,18.00262357194945,1.0,1.0,63458.8226174257,2.0,1.0,5315.023394447012,2.0,2018.0,8.0,0.0,0.0
365,1.0,2.0,24.0,51.0,1.0,3.0,249394.80785535276,2.0,3.0,2434.791243823162,2.0,2013.0,10.0,0.0,0.0
366,1.0,7.0,20.0,18.903461506860538,1.0,1.0,78008.85747403128,2.0,2.0,3518.3670185530427,2.0,2015.0,4.0,0.0,0.0
367,1.0,7.0,14.0,16.99208509757241,2.0,1.0,77912.41769028956,2.0,1.0,15628.017469068864,2.0,2015.0,10.0,0.0,0.0
368,1.0,3.0,29.0,38.20683865916681,1.0,1.0,92372.70118732881,2.0,1.0,8827.008502889155,2.0,2016.0,5.0,2017.0,1.0
369,1.0,9.0,8.0,15.980226690837302,2.0,1.0,91889.78737570284,1.0,3.0,3741.0317590526142,2.0,2016.0,12.0,0.0,0.0
370,1.0,1.0,2.0,40.75214506519409,1.0,1.0,83067.54757620879,3.0,3.0,2542.140510319441,2.0,2018.0,5.0,0.0,0.0
371,1.0,7.0,14.0,17.91744174578867,2.0,1.0,63991.630301000194,3.0,1.0,5368.131440446436,2.0,2017.0,1.0,0.0,0.0
372,1.0,7.0,21.0,23.007995901795127,1.0,4.0,56455.12269288468,1.0,2.0,4169.499575984225,2.0,2016.0,8.0,0.0,0.0
373,1.0,7.0,21.0,33.97148378176777,1.0,1.0,97611.08363320763,3.0,1.0,8292.584088148717,2.0,2017.0,2.0,2017.0,10.0
374,1.0,7.0,21.0,21.00511503031393,2.0,1.0,56506.6633271648,2.0,3.0,2509.97877682635,1.0,2018.0,4.0,2018.0,12.0
375,1.0,7.0,21.0,23.89212316395082,2.0,5.0,127688.44118143295,3.0,3.0,4140.773022104625,2.0,2014.0,11.0,0.0,0.0
376,1.0,4.0,6.0,6.039341410083878,2.0,1.0,54558.220075998186,3.0,3.0,2612.0952127540127,2.0,2018.0,10.0,0.0,0.0
377,1.0,2.0,24.0,48.99296121046051,2.0,1.0,75133.15543366621,2.0,2.0,14038.044028355456,2.0,2014.0,1.0,0.0,0.0
378,1.0,9.0,13.0,13.075030996591252,2.0,1.0,102125.89233031929,1.0,2.0,9538.934118631809,2.0,2015.0,1.0,0.0,0.0
379,1.0,7.0,20.0,19.017311036429703,2.0,1.0,58993.59225036934,1.0,2.0,5559.419562382717,2.0,2016.0,2.0,0.0,0.0
380,1.0,7.0,21.0,31.78443537697192,2.0,2.0,0.0,2.0,2.0,4045.8618939906746,2.0,2016.0,6.0,0.0,0.0
381,1.0,3.0,29.0,35.984673779808,1.0,2.0,0.0,3.0,1.0,9123.53961034513,1.0,2018.0,3.0,0.0,0.0
382,1.0,2.0,4.0,45.87712245566913,2.0,1.0,100981.04988516124,2.0,1.0,5125.351411173321,2.0,2015.0,5.0,2016.0,1.0
383,1.0,9.0,13.0,9.970280302268424,2.0,1.0,77579.16930263999,1.0,1.0,10745.63593494899,2.0,2018.0,7.0,0.0,0.0
384,1.0,9.0,13.0,9.937203866461779,2.0,1.0,77587.82554379156,1.0,1.0,10663.434622806652,2.0,2018.0,7.0,0.0,0.0
385,1.0,7.0,21.0,24.899121294703303,1.0,1.0,99796.70528803392,3.0,3.0,2692.234944642622,2.0,2018.0,8.0,0.0,0.0
386,1.0,9.0,13.0,9.02410287950954,2.0,1.0,53496.97637569334,1.0,2.0,8694.645665230157,2.0,2017.0,6.0,0.0,0.0
387,1.0,2.0,24.0,52.0407646235926,1.0,1.0,87312.69759728036,1.0,2.0,4985.017239838901,2.0,2015.0,9.0,0.0,0.0
388,1.0,2.0,4.0,46.02168500250332,2.0,1.0,100834.03856076463,2.0,1.0,5126.2069106947965,2.0,2015.0,5.0,2016.0,1.0
389,1.0,7.0,23.0,20.006204064837913,2.0,1.0,62613.32978856925,2.0,3.0,16545.40934180335,2.0,2017.0,11.0,0.0,0.0
390,1.0,2.0,24.0,51.97954212774255,2.0,1.0,91880.85374615907,1.0,3.0,2448.569603963791,2.0,2012.0,5.0,0.0,0.0
391,1.0,7.0,21.0,21.963028677185967,1.0,2.0,0.0,3.0,2.0,9807.082861336103,2.0,2013.0,4.0,0.0,0.0
392,1.0,7.0,21.0,25.292269286520202,1.0,1.0,67279.34967047129,1.0,1.0,26322.24159035432,2.0,2013.0,3.0,0.0,0.0
393,1.0,7.0,21.0,21.04360485472099,2.0,3.0,248856.4648910729,2.0,3.0,9081.910122428773,2.0,2013.0,7.0,0.0,0.0
394,1.0,9.0,16.0,6.972593423863675,1.0,1.0,78876.80853820704,3.0,1.0,5008.048562670652,2.0,2016.0,5.0,0.0,0.0
395,1.0,2.0,26.0,54.00804871692605,2.0,2.0,0.0,3.0,1.0,13055.996541317585,2.0,2016.0,3.0,0.0,0.0
396,1.0,2.0,27.0,52.98642554864622,2.0,1.0,78243.236595354,2.0,1.0,7194.361387238836,2.0,2016.0,4.0,0.0,0.0
397,1.0,7.0,21.0,31.988737196204987,1.0,2.0,0.0,2.0,2.0,7701.18489694669,2.0,2016.0,4.0,0.0,0.0
398,1.0,2.0,24.0,51.93845371483727,2.0,1.0,65460.35221520469,2.0,3.0,14939.335407678114,2.0,2017.0,8.0,0.0,0.0
399,1.0,4.0,6.0,6.012635731535557,2.0,1.0,71892.05527148503,2.0,2.0,15450.309204069912,2.0,2013.0,12.0,0.0,0.0
400,1.0,2.0,24.0,49.01463739124352,1.0,1.0,51585.59623376125,2.0,2.0,21203.781143625234,2.0,2014.0,5.0,0.0,0.0
401,1.0,2.0,27.0,53.01407332832048,1.0,1.0,56596.90183557201,2.0,2.0,12768.52904361898,2.0,2016.0,8.0,0.0,0.0
402,1.0,2.0,24.0,51.0,1.0,1.0,75352.48054239604,2.0,1.0,7302.053132589845,2.0,2014.0,4.0,0.0,0.0
403,1.0,9.0,13.0,9.010521087636967,2.0,2.0,0.0,3.0,3.0,2428.733693146617,2.0,2013.0,6.0,0.0,0.0
404,1.0,1.0,5.0,43.91250227378374,1.0,1.0,98791.39160291397,2.0,3.0,31888.92954945985,2.0,2016.0,4.0,0.0,0.0
405,1.0,9.0,13.0,14.107421615387373,1.0,1.0,81540.44133204609,2.0,2.0,10816.904252598499,2.0,2016.0,2.0,0.0,0.0
406,1.0,9.0,13.0,13.913527298493968,2.0,2.0,0.0,1.0,2.0,4809.307713480554,2.0,2012.0,12.0,0.0,0.0
407,1.0,2.0,27.0,53.027942046442526,2.0,1.0,78219.28723380767,2.0,1.0,7203.9905750395765,2.0,2016.0,4.0,0.0,0.0
408,1.0,1.0,5.0,44.03626935411013,1.0,2.0,0.0,2.0,3.0,5346.537276494909,2.0,2013.0,1.0,0.0,0.0
409,1.0,7.0,21.0,23.1007343424709,1.0,1.0,100036.35240578554,1.0,1.0,5089.263004134431,2.0,2015.0,12.0,0.0,0.0
410,1.0,9.0,22.0,14.81152151901098,2.0,1.0,47057.29129120332,3.0,3.0,2610.468598932921,2.0,2015.0,12.0,0.0,0.0
411,1.0,9.0,13.0,9.99761269992802,1.0,1.0,91388.01050892954,3.0,2.0,3108.2826316254304,2.0,2015.0,6.0,0.0,0.0
412,1.0,2.0,27.0,52.99619864073235,2.0,1.0,70869.92555418602,3.0,3.0,8877.278892180113,2.0,2012.0,9.0,0.0,0.0
413,1.0,2.0,24.0,51.0,2.0,2.0,0.0,2.0,2.0,8037.474576294109,1.0,2018.0,2.0,0.0,0.0
414,1.0,2.0,24.0,52.01971725232637,2.0,1.0,99155.08828738124,2.0,3.0,2569.2382691024595,2.0,2018.0,11.0,0.0,0.0
415,1.0,5.0,18.0,1.0000064540672353,1.0,1.0,77546.63691877185,3.0,1.0,8834.658633452465,2.0,2016.0,11.0,0.0,0.0
416,1.0,3.0,29.0,36.01041544623739,2.0,1.0,61087.09664423013,2.0,1.0,19226.977073360442,2.0,2015.0,11.0,0.0,0.0
417,1.0,7.0,10.0,30.00043098317797,2.0,4.0,65657.06088842005,3.0,3.0,4634.467768846114,2.0,2013.0,7.0,2016.0,1.0
418,1.0,2.0,24.0,49.9725384460802,2.0,1.0,58062.841509857506,2.0,2.0,15769.894556192106,2.0,2015.0,6.0,0.0,0.0
419,1.0,2.0,4.0,45.86240788696127,1.0,2.0,0.0,3.0,3.0,4901.286886566511,2.0,2012.0,12.0,0.0,0.0
420,1.0,7.0,21.0,29.099318306175775,1.0,1.0,81926.92793395923,2.0,1.0,5655.467541148062,2.0,2016.0,10.0,0.0,0.0
421,1.0,9.0,16.0,7.04443926774611,2.0,1.0,67069.70010151055,2.0,1.0,7639.075180485604,2.0,2017.0,8.0,0.0,0.0
422,1.0,1.0,5.0,43.94424033399069,1.0,1.0,98730.44661551395,2.0,3.0,32516.507862856015,2.0,2016.0,4.0,0.0,0.0
423,1.0,6.0,7.0,1.9927104941510447,2.0,1.0,80257.19500933445,3.0,3.0,2507.1817060563103,2.0,2014.0,2.0,0.0,0.0
424,1.0,2.0,24.0,49.99845977697344,1.0,2.0,0.0,2.0,2.0,2996.5914174127292,2.0,2017.0,10.0,2018.0,6.0
425,1.0,7.0,21.0,21.091906639670196,2.0,1.0,74263.93841631169,2.0,3.0,5753.770254268063,2.0,2012.0,8.0,0.0,0.0
426,1.0,7.0,21.0,22.889262567237857,2.0,1.0,76582.95780357224,2.0,3.0,16707.886952197103,2.0,2017.0,7.0,0.0,0.0
427,1.0,7.0,21.0,33.05118117535178,1.0,1.0,57103.30160169365,2.0,2.0,9047.307168230805,1.0,2018.0,3.0,0.0,0.0
428,1.0,7.0,21.0,31.99847973036691,2.0,4.0,62917.130250375856,1.0,3.0,26339.8494109453,2.0,2015.0,11.0,2016.0,7.0
429,1.0,7.0,23.0,19.996870387065492,2.0,2.0,0.0,3.0,3.0,2035.7348449914343,2.0,2013.0,12.0,0.0,0.0
430,1.0,5.0,18.0,1.0000069371569695,1.0,1.0,77437.25498618478,3.0,1.0,8848.252449837226,2.0,2016.0,11.0,0.0,0.0
431,1.0,2.0,24.0,51.0,1.0,1.0,60863.79024604884,3.0,3.0,33050.077292762595,2.0,2016.0,6.0,2018.0,10.0
432,1.0,5.0,18.0,1.0,1.0,1.0,52275.07106753198,2.0,3.0,11643.854283940536,2.0,2012.0,10.0,0.0,0.0
433,1.0,7.0,21.0,30.965216517174582,1.0,5.0,112161.70959423028,1.0,2.0,2880.32022503549,2.0,2013.0,11.0,0.0,0.0
434,1.0,7.0,14.0,17.857997660257013,2.0,1.0,63900.45479496456,3.0,1.0,5351.388405761929,2.0,2017.0,1.0,0.0,0.0
435,1.0,7.0,21.0,31.846921486585806,2.0,1.0,73175.74082011181,1.0,3.0,34141.760876498214,2.0,2016.0,2.0,0.0,0.0
436,1.0,2.0,24.0,50.00269595397071,1.0,1.0,59152.05787018302,2.0,1.0,5560.52248297177,2.0,2018.0,10.0,0.0,0.0
437,1.0,2.0,24.0,50.01573719994198,2.0,1.0,81076.78523749775,3.0,2.0,13738.69420003839,2.0,2016.0,11.0,0.0,0.0
438,1.0,2.0,24.0,50.014554770528,2.0,1.0,98171.01007035116,2.0,2.0,6846.441606952812,2.0,2012.0,5.0,0.0,0.0
439,1.0,7.0,21.0,34.80559887571086,2.0,1.0,75676.32798709135,3.0,3.0,19517.680330041192,2.0,2016.0,9.0,0.0,0.0
440,1.0,9.0,16.0,7.077232501263435,2.0,4.0,36845.42203802545,2.0,1.0,8655.222252161717,2.0,2014.0,1.0,0.0,0.0
441,1.0,2.0,27.0,53.034097498556335,1.0,1.0,77934.14449630555,2.0,3.0,2407.047651077342,2.0,2018.0,8.0,0.0,0.0
442,1.0,2.0,24.0,50.01293563161579,2.0,4.0,40320.22565686446,2.0,3.0,4203.15275791353,2.0,2018.0,11.0,0.0,0.0
443,1.0,7.0,21.0,20.98107093123445,1.0,1.0,49804.09373409249,1.0,3.0,8649.985060607836,2.0,2015.0,5.0,0.0,0.0
444,1.0,9.0,13.0,10.979214095952658,1.0,1.0,69626.32393560208,3.0,2.0,10842.918748685208,2.0,2013.0,2.0,0.0,0.0
445,1.0,6.0,7.0,3.0392999777775915,2.0,3.0,252226.94785413262,1.0,3.0,6027.879706241592,2.0,2017.0,9.0,2018.0,5.0
446,1.0,9.0,13.0,12.976600088992505,1.0,4.0,42949.718007226504,2.0,3.0,7726.623857886222,2.0,2013.0,1.0,0.0,0.0
447,1.0,6.0,7.0,2.9960912051194777,1.0,1.0,102612.63501108749,2.0,3.0,8274.861347307082,2.0,2015.0,4.0,2018.0,2.0
448,1.0,9.0,13.0,13.868087270668319,2.0,2.0,0.0,3.0,3.0,20230.80291037686,2.0,2013.0,11.0,2017.0,5.0
449,1.0,7.0,23.0,19.969237829652528,1.0,1.0,61548.42593718892,3.0,3.0,2723.2029240274824,2.0,2015.0,1.0,0.0,0.0
450,1.0,7.0,20.0,19.027977408299677,2.0,1.0,66125.6943118295,2.0,3.0,8914.466728530271,2.0,2015.0,6.0,0.0,0.0
451,1.0,9.0,22.0,14.705288801756744,1.0,3.0,123040.77661293723,2.0,3.0,3559.280460299531,2.0,2016.0,6.0,2017.0,2.0
452,1.0,2.0,24.0,50.00286372965247,1.0,2.0,0.0,2.0,3.0,2494.7639281298425,2.0,2014.0,7.0,0.0,0.0
453,1.0,9.0,22.0,14.946792394730146,2.0,1.0,80786.97632837063,2.0,3.0,6335.099718770704,2.0,2015.0,2.0,0.0,0.0
454,1.0,2.0,4.0,45.947877116428735,1.0,1.0,71255.82462222935,1.0,1.0,5877.64466679417,2.0,2017.0,9.0,0.0,0.0
455,1.0,2.0,27.0,53.025057593113424,1.0,1.0,87426.64380299379,2.0,1.0,9297.202721274274,2.0,2018.0,11.0,0.0,0.0
456,1.0,3.0,29.0,37.93625619393863,2.0,5.0,116602.8154209292,1.0,3.0,4316.457421480328,2.0,2017.0,5.0,0.0,0.0
457,1.0,2.0,26.0,53.97538106566351,2.0,1.0,58574.97730867943,2.0,3.0,2978.397113082304,2.0,2018.0,8.0,0.0,0.0
458,1.0,2.0,27.0,53.02714264573604,1.0,1.0,66196.92405547894,2.0,1.0,5618.544480846876,2.0,2017.0,8.0,0.0,0.0
459,1.0,2.0,24.0,52.02711565621677,1.0,2.0,0.0,2.0,1.0,7205.306201187787,2.0,2018.0,12.0,0.0,0.0
460,1.0,1.0,5.0,42.12385767234313,1.0,2.0,0.0,3.0,2.0,5515.423420144242,2.0,2017.0,12.0,0.0,0.0
461,1.0,7.0,11.0,27.091860024063486,2.0,1.0,92547.5012399413,2.0,1.0,13789.971772120203,2.0,2018.0,7.0,0.0,0.0
462,1.0,9.0,16.0,6.980347160002621,1.0,1.0,75888.53385542109,2.0,3.0,3879.9687657710515,2.0,2018.0,6.0,0.0,0.0
463,1.0,9.0,13.0,13.717806134376161,1.0,1.0,80962.15142742671,2.0,2.0,10910.308441701367,2.0,2016.0,2.0,0.0,0.0
464,1.0,7.0,21.0,21.017980055847264,1.0,1.0,92987.66432457886,3.0,1.0,5383.595564318133,2.0,2013.0,4.0,0.0,0.0
465,1.0,1.0,5.0,41.82099419032133,2.0,1.0,63993.74628132531,2.0,1.0,12362.690231962575,2.0,2015.0,5.0,0.0,0.0
466,1.0,2.0,24.0,49.992992083643735,2.0,2.0,0.0,1.0,2.0,13428.041072315742,2.0,2018.0,6.0,0.0,0.0
467,1.0,7.0,14.0,17.962360286913324,1.0,5.0,108525.17314752271,1.0,3.0,2396.2697265399547,2.0,2016.0,5.0,0.0,0.0
468,1.0,7.0,21.0,20.984525819916634,1.0,2.0,0.0,3.0,3.0,6915.471173198849,2.0,2016.0,8.0,0.0,0.0
469,1.0,9.0,13.0,12.144154755291133,2.0,2.0,0.0,3.0,2.0,13382.186741118468,2.0,2014.0,4.0,0.0,0.0
470,1.0,2.0,24.0,49.92106965464548,1.0,2.0,0.0,3.0,3.0,5023.9018039880875,2.0,2017.0,11.0,0.0,0.0
471,1.0,2.0,24.0,51.0,2.0,1.0,49164.24442190728,2.0,2.0,16541.03399803355,2.0,2017.0,12.0,0.0,0.0
472,1.0,7.0,14.0,16.96083529122667,2.0,2.0,0.0,3.0,3.0,18343.51371274904,2.0,2013.0,8.0,0.0,0.0
473,1.0,2.0,24.0,49.009954452431856,2.0,3.0,67643.23668444232,2.0,2.0,5609.975329680069,2.0,2016.0,8.0,0.0,0.0
474,1.0,6.0,7.0,3.0279949510123836,2.0,4.0,75628.83713922548,3.0,2.0,18702.514684841593,2.0,2014.0,2.0,0.0,0.0
475,1.0,9.0,13.0,10.005235075496962,2.0,1.0,51098.472436869764,2.0,2.0,24920.89986928308,2.0,2016.0,2.0,0.0,0.0
476,1.0,7.0,23.0,19.96939841998498,1.0,1.0,59554.40514853086,1.0,3.0,4688.730931162546,2.0,2016.0,11.0,0.0,0.0
477,1.0,3.0,29.0,35.95568778213476,2.0,2.0,0.0,1.0,2.0,14641.927971117866,2.0,2013.0,1.0,0.0,0.0
478,1.0,4.0,6.0,5.99006258182334,1.0,1.0,88912.80697664879,1.0,2.0,3016.4403646383503,2.0,2012.0,6.0,0.0,0.0
479,1.0,2.0,24.0,50.01849591858137,2.0,1.0,80917.96581109718,3.0,2.0,13623.103744884162,2.0,2016.0,11.0,0.0,0.0
480,1.0,2.0,24.0,48.844817393990255,2.0,1.0,79612.73206390311,2.0,2.0,4524.348223077481,2.0,2018.0,8.0,0.0,0.0
481,1.0,2.0,24.0,49.011421926233524,1.0,1.0,57915.31307601913,2.0,2.0,8028.0439145698365,2.0,2018.0,7.0,0.0,0.0
482,1.0,1.0,2.0,40.91204701368261,2.0,1.0,78649.49994184892,1.0,2.0,16820.031688073675,2.0,2018.0,10.0,0.0,0.0
483,1.0,7.0,21.0,31.043249858929528,1.0,1.0,45363.37885092682,2.0,2.0,10641.299533543262,2.0,2017.0,11.0,0.0,0.0
484,1.0,7.0,21.0,28.89208989958135,2.0,1.0,69230.15907852344,3.0,3.0,10719.148187240728,1.0,2018.0,3.0,0.0,0.0
485,1.0,2.0,24.0,49.0011455698305,1.0,1.0,51759.360145945306,2.0,2.0,21050.701803987602,2.0,2014.0,5.0,0.0,0.0
486,1.0,9.0,13.0,10.052380480106827,2.0,4.0,39898.5728762245,2.0,1.0,13115.493793949108,2.0,2013.0,7.0,2016.0,9.0
487,1.0,9.0,13.0,9.993071177615038,1.0,1.0,103623.60120385456,2.0,3.0,7486.139711901131,2.0,2014.0,10.0,0.0,0.0
488,1.0,2.0,24.0,51.0,1.0,4.0,58226.63614065319,2.0,3.0,8291.25874475065,2.0,2016.0,7.0,2017.0,3.0
489,1.0,7.0,21.0,30.99770606294816,2.0,1.0,64850.50671334061,2.0,1.0,17343.911408655375,2.0,2013.0,12.0,0.0,0.0
490,1.0,9.0,13.0,10.010099752588253,2.0,2.0,0.0,3.0,3.0,5612.425402180203,2.0,2016.0,8.0,0.0,0.0
491,1.0,7.0,21.0,33.956283203997245,1.0,4.0,78920.8767168285,2.0,1.0,5290.551581377679,2.0,2016.0,8.0,0.0,0.0
492,1.0,7.0,21.0,31.00664568175649,1.0,1.0,78717.20718179867,2.0,2.0,9095.919168706996,1.0,2018.0,2.0,0.0,0.0
493,1.0,2.0,24.0,49.05208614729003,2.0,1.0,89218.69162242934,2.0,3.0,7401.6456129496755,2.0,2013.0,5.0,0.0,0.0
494,1.0,9.0,13.0,10.006282351662442,2.0,2.0,0.0,2.0,2.0,26667.26516462338,2.0,2015.0,1.0,0.0,0.0
495,1.0,3.0,29.0,37.86066121819874,1.0,2.0,0.0,3.0,3.0,3847.2230463391843,2.0,2017.0,1.0,0.0,0.0
496,1.0,9.0,13.0,9.009170544213951,1.0,1.0,89809.08917205743,1.0,3.0,2743.601232182893,2.0,2017.0,7.0,0.0,0.0
497,1.0,7.0,21.0,30.99686091007527,2.0,1.0,91016.997116542,2.0,1.0,7330.889787020465,2.0,2016.0,4.0,0.0,0.0
498,1.0,9.0,13.0,7.991628027911538,2.0,1.0,93612.62703549323,2.0,2.0,10279.580220877117,2.0,2014.0,10.0,2018.0,9.0
499,1.0,6.0,7.0,3.007923655906081,1.0,3.0,61819.45803539081,3.0,2.0,8158.008235970979,2.0,2014.0,4.0,0.0,0.0
500,1.0,7.0,21.0,33.982864760843384,1.0,5.0,100889.49226915924,3.0,3.0,2339.3962564932885,2.0,2018.0,12.0,0.0,0.0
501,1.0,9.0,16.0,7.100746424339018,1.0,4.0,58141.45590013186,2.0,1.0,7392.997243422519,2.0,2015.0,3.0,0.0,0.0
502,1.0,9.0,22.0,15.013922526132138,2.0,1.0,46930.19150365408,3.0,3.0,2606.376730293484,2.0,2015.0,12.0,0.0,0.0
503,1.0,5.0,18.0,1.0000064310630148,2.0,1.0,83929.82556580557,2.0,2.0,8049.19963911019,2.0,2018.0,11.0,0.0,0.0
504,1.0,6.0,7.0,2.939492397112017,1.0,1.0,52943.42158138177,2.0,3.0,2620.526040260608,1.0,2018.0,2.0,2018.0,10.0
505,1.0,7.0,23.0,20.055863054011027,2.0,2.0,0.0,3.0,3.0,2363.5566809968595,2.0,2017.0,8.0,0.0,0.0
506,1.0,7.0,21.0,22.91119239184367,1.0,2.0,0.0,3.0,3.0,6195.158306659709,2.0,2015.0,6.0,0.0,0.0
507,1.0,7.0,10.0,30.065281193029012,2.0,2.0,0.0,2.0,1.0,7434.855865833785,2.0,2017.0,12.0,0.0,0.0
508,1.0,2.0,24.0,50.00220401950782,2.0,2.0,0.0,1.0,2.0,13367.11079904328,2.0,2018.0,6.0,0.0,0.0
509,1.0,2.0,4.0,46.00193742359898,2.0,1.0,85470.92887606932,2.0,3.0,4322.895500174122,2.0,2013.0,12.0,2018.0,8.0
510,1.0,7.0,21.0,31.91339413212677,1.0,1.0,59520.75030578097,3.0,1.0,9100.796022425382,2.0,2018.0,11.0,0.0,0.0
511,1.0,7.0,21.0,23.08381996339572,1.0,1.0,68377.32636787702,1.0,3.0,2761.2272404498567,2.0,2017.0,9.0,0.0,0.0
512,1.0,7.0,21.0,32.92505299909906,2.0,1.0,95328.37602161524,2.0,3.0,2539.950148332662,2.0,2016.0,4.0,0.0,0.0
513,1.0,2.0,24.0,51.0,2.0,1.0,88169.16777772376,2.0,2.0,5880.655540444939,2.0,2017.0,9.0,2018.0,5.0
514,1.0,7.0,21.0,33.00137504953324,2.0,1.0,96903.80237307836,1.0,1.0,6014.143082649102,2.0,2016.0,4.0,0.0,0.0
515,1.0,7.0,23.0,20.011334198059018,2.0,1.0,69555.69151150118,3.0,3.0,11071.473212501787,2.0,2014.0,8.0,0.0,0.0
516,1.0,7.0,21.0,33.0116371986752,1.0,1.0,68947.52819974243,2.0,3.0,18186.95150557987,2.0,2015.0,3.0,0.0,0.0
517,1.0,6.0,7.0,2.0045604789923406,1.0,1.0,99270.15725018187,2.0,2.0,2860.688363706154,2.0,2016.0,6.0,0.0,0.0
518,1.0,2.0,24.0,48.92701420068652,1.0,1.0,58318.24269317591,3.0,2.0,5519.148048556207,2.0,2014.0,9.0,0.0,0.0
519,1.0,2.0,9.0,46.9515473445106,2.0,3.0,68274.50031443586,1.0,2.0,4175.17100929773,2.0,2017.0,2.0,0.0,0.0
520,1.0,9.0,13.0,11.028627186574155,2.0,2.0,0.0,2.0,3.0,5349.03989659246,2.0,2017.0,9.0,0.0,0.0
521,1.0,7.0,11.0,26.804293803431094,2.0,1.0,92674.72360800384,2.0,1.0,13790.412235608179,2.0,2018.0,7.0,0.0,0.0
522,1.0,11.0,28.0,55.0,1.0,1.0,48353.75612941162,3.0,3.0,2792.640266790066,2.0,2017.0,5.0,0.0,0.0
523,1.0,4.0,12.0,4.939146449906833,2.0,3.0,186985.36781547268,3.0,1.0,6737.17602082535,2.0,2016.0,10.0,0.0,0.0
524,1.0,7.0,14.0,17.003815504657812,2.0,2.0,0.0,3.0,3.0,7705.262289031546,2.0,2015.0,5.0,0.0,0.0
525,1.0,6.0,7.0,1.9964955204090447,1.0,1.0,99059.69164733947,2.0,2.0,2855.2943140095936,2.0,2016.0,6.0,0.0,0.0
526,1.0,2.0,24.0,48.871749734794015,2.0,3.0,67353.59617992038,2.0,2.0,5629.678733746855,2.0,2016.0,8.0,0.0,0.0
527,1.0,7.0,21.0,22.968368448238664,1.0,2.0,0.0,2.0,2.0,4094.1423341551163,2.0,2018.0,8.0,0.0,0.0
528,1.0,4.0,12.0,4.966612126213503,2.0,1.0,85047.72316328206,2.0,1.0,10695.196644752496,2.0,2015.0,3.0,0.0,0.0
529,1.0,9.0,13.0,9.957465609025308,2.0,2.0,0.0,3.0,3.0,5615.485799468855,2.0,2016.0,8.0,0.0,0.0
530,1.0,2.0,24.0,48.97851353264665,2.0,1.0,105474.53713741638,2.0,2.0,8819.636394659638,1.0,2018.0,2.0,0.0,0.0
531,1.0,2.0,24.0,50.07223754805063,1.0,1.0,59536.848363200996,1.0,3.0,2537.4235299203983,2.0,2015.0,5.0,0.0,0.0
532,1.0,7.0,14.0,17.08511710440382,2.0,1.0,101446.21273074126,2.0,1.0,8397.029368101812,2.0,2018.0,6.0,0.0,0.0
533,1.0,2.0,24.0,51.0,1.0,1.0,54148.7496520628,2.0,2.0,7397.39220801135,2.0,2017.0,11.0,0.0,0.0
534,1.0,2.0,24.0,49.99868267300304,2.0,1.0,78307.07507251974,2.0,1.0,8921.923729973782,2.0,2013.0,4.0,0.0,0.0
535,1.0,1.0,5.0,43.876332128536376,1.0,1.0,84574.1485904042,3.0,2.0,8953.388827859832,2.0,2016.0,8.0,2017.0,4.0
536,1.0,6.0,7.0,3.0054017360151803,1.0,1.0,67648.33153449616,3.0,3.0,2518.5026971866887,2.0,2013.0,10.0,0.0,0.0
537,1.0,9.0,8.0,15.9101160608197,2.0,3.0,170630.311789653,1.0,3.0,2356.3411284710296,2.0,2015.0,3.0,2017.0,2.0
538,1.0,7.0,14.0,16.933010722781287,1.0,1.0,55134.39513606877,2.0,2.0,15570.856426607668,2.0,2017.0,10.0,0.0,0.0
539,1.0,7.0,21.0,22.933253729248058,2.0,1.0,90081.89659886438,2.0,3.0,2549.405815571925,2.0,2014.0,12.0,0.0,0.0
540,1.0,6.0,7.0,2.9704230104242706,2.0,1.0,92574.79694773925,2.0,1.0,5705.799156156569,2.0,2016.0,10.0,0.0,0.0
541,1.0,9.0,13.0,9.015091798962134,2.0,2.0,0.0,3.0,3.0,4272.1680847525795,2.0,2013.0,11.0,2016.0,3.0
542,1.0,3.0,29.0,36.0323356777786,1.0,5.0,128261.47836814148,2.0,2.0,3904.5258700526383,2.0,2016.0,1.0,0.0,0.0
543,1.0,2.0,24.0,49.046454505000376,2.0,2.0,0.0,3.0,2.0,2924.158407344983,2.0,2015.0,7.0,2016.0,3.0
544,1.0,5.0,18.0,1.000006725321901,1.0,1.0,84746.60941898015,1.0,3.0,2623.731673327905,2.0,2012.0,11.0,0.0,0.0
545,1.0,4.0,12.0,5.010867674802899,2.0,1.0,79794.31153421238,1.0,2.0,5789.701187002027,2.0,2014.0,8.0,0.0,0.0
546,1.0,2.0,24.0,51.96721816132357,2.0,1.0,87500.98782662983,2.0,3.0,5810.804842622037,2.0,2013.0,6.0,0.0,0.0
547,1.0,7.0,21.0,31.162123304171757,2.0,1.0,74758.16360724214,3.0,1.0,7871.991155777551,2.0,2013.0,11.0,0.0,0.0
548,1.0,2.0,24.0,50.06299248408692,1.0,2.0,0.0,3.0,3.0,5101.226705076528,2.0,2017.0,11.0,0.0,0.0
549,1.0,9.0,8.0,16.020353528949073,2.0,3.0,168356.84373069787,1.0,3.0,2364.099116321173,2.0,2015.0,3.0,2017.0,2.0
550,1.0,2.0,24.0,49.96615372794939,2.0,1.0,84496.87822677863,2.0,1.0,5134.447056139305,2.0,2018.0,7.0,0.0,0.0
551,1.0,9.0,16.0,7.018099936193007,1.0,1.0,75775.20931521489,2.0,3.0,3939.763680064808,2.0,2018.0,6.0,0.0,0.0
552,1.0,7.0,21.0,30.991320749362615,1.0,2.0,0.0,2.0,1.0,7374.682196812758,2.0,2017.0,11.0,0.0,0.0
553,1.0,9.0,13.0,9.026662994838617,2.0,1.0,53554.1407447754,1.0,2.0,8694.153801379116,2.0,2017.0,6.0,0.0,0.0
554,1.0,7.0,10.0,30.049543799736405,2.0,2.0,0.0,2.0,1.0,7462.236086310539,2.0,2017.0,12.0,0.0,0.0
555,1.0,2.0,24.0,51.0,1.0,2.0,0.0,3.0,3.0,2748.0092686909693,2.0,2018.0,7.0,0.0,0.0
556,1.0,7.0,21.0,34.023303242232636,2.0,1.0,70578.42357864298,2.0,2.0,5463.2053381294645,2.0,2018.0,6.0,0.0,0.0
557,1.0,7.0,10.0,29.99929154324532,1.0,1.0,70474.31100055513,3.0,3.0,23171.083923548355,1.0,2018.0,3.0,0.0,0.0
558,1.0,7.0,23.0,19.970813546249158,2.0,1.0,82384.54994703874,2.0,2.0,5333.844449012308,2.0,2012.0,10.0,0.0,0.0
559,1.0,9.0,13.0,8.938651383828851,1.0,2.0,0.0,3.0,2.0,16354.578857370792,2.0,2014.0,3.0,0.0,0.0
560,1.0,9.0,16.0,7.050538626876307,2.0,1.0,76628.00208279514,3.0,2.0,6353.184569315642,1.0,2018.0,4.0,0.0,0.0
561,1.0,7.0,21.0,31.174919697554266,2.0,4.0,59080.007300224395,1.0,1.0,5637.197156028956,2.0,2015.0,8.0,0.0,0.0
562,1.0,7.0,14.0,17.00348840521771,1.0,1.0,55257.72581175149,2.0,2.0,15719.634864994074,2.0,2017.0,10.0,0.0,0.0
563,1.0,2.0,27.0,52.99766194839599,2.0,1.0,61968.38381952564,2.0,1.0,5837.035370013569,2.0,2016.0,3.0,2016.0,3.0
564,1.0,2.0,27.0,53.05358525744853,2.0,1.0,78847.66331301231,1.0,1.0,12023.853034708483,2.0,2015.0,12.0,0.0,0.0
565,1.0,2.0,24.0,49.989535963737474,1.0,3.0,193675.18688912515,2.0,2.0,11704.828962502583,2.0,2015.0,11.0,0.0,0.0
566,1.0,10.0,17.0,39.18156670891845,1.0,2.0,0.0,3.0,3.0,2718.185011375235,2.0,2017.0,3.0,2018.0,3.0
567,1.0,2.0,24.0,52.02268767585033,2.0,1.0,49467.72365247765,2.0,2.0,2893.1080858798955,2.0,2015.0,7.0,2018.0,10.0
568,1.0,7.0,10.0,29.943014371301786,2.0,2.0,0.0,2.0,1.0,7984.806526643352,2.0,2018.0,10.0,0.0,0.0
569,1.0,6.0,7.0,3.002665942608563,2.0,2.0,0.0,2.0,2.0,3773.9794645075735,2.0,2012.0,9.0,0.0,0.0
570,1.0,7.0,23.0,20.113577849030086,2.0,1.0,62615.86937264904,2.0,3.0,16616.483337265134,2.0,2017.0,11.0,0.0,0.0
571,1.0,10.0,17.0,40.07652984310388,1.0,1.0,57648.866456805525,2.0,3.0,5853.646839829298,2.0,2016.0,8.0,0.0,0.0
572,1.0,3.0,29.0,36.17085560317389,2.0,1.0,61157.96991439956,2.0,1.0,19451.3463112858,2.0,2015.0,11.0,0.0,0.0
573,1.0,7.0,21.0,28.559539186885743,1.0,1.0,76605.48390118289,3.0,2.0,5052.783386156787,2.0,2013.0,6.0,2018.0,5.0
574,1.0,9.0,16.0,6.970340638885904,1.0,1.0,59518.68704751835,3.0,3.0,2649.6108264766062,2.0,2014.0,5.0,0.0,0.0
575,1.0,7.0,21.0,31.08439789634742,2.0,1.0,65162.01061460752,2.0,3.0,2739.7161330132267,2.0,2018.0,10.0,0.0,0.0
576,1.0,7.0,19.0,28.106792037795508,1.0,1.0,100581.35144635952,2.0,3.0,5388.625371024485,2.0,2017.0,11.0,0.0,0.0
577,1.0,2.0,24.0,49.01574811758668,2.0,1.0,95705.05490922146,3.0,1.0,7761.189672357644,2.0,2014.0,8.0,2016.0,11.0
578,1.0,7.0,21.0,34.82818782706601,1.0,1.0,76717.20058383042,2.0,3.0,14011.523561366123,2.0,2014.0,4.0,0.0,0.0
579,1.0,7.0,21.0,33.93172352669539,2.0,2.0,0.0,2.0,2.0,4259.054508255829,2.0,2018.0,8.0,0.0,0.0
580,1.0,9.0,13.0,13.986612079721098,2.0,2.0,0.0,2.0,1.0,5071.05952654097,2.0,2014.0,2.0,0.0,0.0
581,1.0,9.0,13.0,10.011254837738297,2.0,1.0,58234.64098881923,2.0,2.0,9395.519509332064,2.0,2015.0,8.0,0.0,0.0
582,1.0,7.0,10.0,30.000908738639737,2.0,2.0,0.0,3.0,2.0,7350.243429955606,2.0,2015.0,3.0,0.0,0.0
583,1.0,9.0,13.0,8.960838696694356,1.0,5.0,106776.2379347949,2.0,2.0,11971.047909276234,2.0,2016.0,6.0,0.0,0.0
584,1.0,4.0,6.0,6.007381412885264,2.0,1.0,54139.40084358719,2.0,3.0,9049.84231120629,2.0,2015.0,5.0,0.0,0.0
585,1.0,3.0,29.0,36.13341203109879,1.0,4.0,47132.58022104956,1.0,3.0,24057.46971883889,2.0,2013.0,11.0,0.0,0.0
586,1.0,7.0,23.0,19.973493150362067,2.0,2.0,0.0,2.0,2.0,3268.2794364824767,2.0,2013.0,6.0,0.0,0.0
587,1.0,7.0,21.0,30.95398024877449,1.0,1.0,58257.28834086379,2.0,3.0,2942.2732350502706,2.0,2015.0,10.0,0.0,0.0
588,1.0,2.0,27.0,52.98677462203631,2.0,4.0,53036.90966117549,2.0,1.0,6097.9699210973085,2.0,2018.0,7.0,0.0,0.0
589,1.0,7.0,20.0,19.04137061921955,2.0,1.0,66216.84069743904,2.0,3.0,8907.372603528092,2.0,2015.0,6.0,0.0,0.0
590,1.0,1.0,5.0,43.89973991568025,1.0,1.0,83069.0995012025,3.0,2.0,3297.2530299589657,2.0,2012.0,6.0,0.0,0.0
591,1.0,5.0,18.0,1.0000070138332016,2.0,4.0,63849.84913946092,2.0,1.0,4964.704851291519,2.0,2013.0,7.0,0.0,0.0
592,1.0,7.0,21.0,22.997631227093343,1.0,2.0,0.0,2.0,3.0,8335.637388558029,2.0,2017.0,4.0,0.0,0.0
593,1.0,2.0,27.0,52.98357596120627,1.0,2.0,0.0,1.0,3.0,2502.892676873907,2.0,2014.0,5.0,0.0,0.0
594,1.0,4.0,12.0,5.0375576298218565,2.0,3.0,185917.71003910748,3.0,1.0,6680.6283304257995,2.0,2016.0,10.0,0.0,0.0
595,1.0,1.0,5.0,43.97564760240869,2.0,1.0,83858.93052954928,1.0,2.0,11734.443977288029,2.0,2013.0,10.0,0.0,0.0
596,1.0,3.0,29.0,36.08033529131244,2.0,1.0,79075.64262942513,1.0,2.0,30538.192319653084,2.0,2015.0,6.0,0.0,0.0
597,1.0,9.0,13.0,8.97485914687855,1.0,2.0,0.0,2.0,2.0,13800.157639392084,2.0,2017.0,9.0,0.0,0.0
598,1.0,7.0,21.0,20.95798130643228,1.0,2.0,0.0,3.0,3.0,7011.932597498975,2.0,2016.0,8.0,0.0,0.0
599,1.0,6.0,7.0,3.018370314141685,2.0,2.0,0.0,3.0,3.0,4843.913255951536,2.0,2015.0,8.0,0.0,0.0
600,1.0,6.0,7.0,2.972565119467959,1.0,1.0,53025.91829346783,2.0,3.0,2616.3434715727785,1.0,2018.0,2.0,2018.0,10.0
601,1.0,2.0,27.0,53.01963555671469,1.0,1.0,56555.94393525617,2.0,2.0,12848.007809064751,2.0,2016.0,8.0,0.0,0.0
602,1.0,9.0,8.0,16.012540558148576,2.0,1.0,91938.12007919223,1.0,3.0,3791.699402210582,2.0,2016.0,12.0,0.0,0.0
603,1.0,7.0,21.0,31.035706268121572,1.0,1.0,60253.76957159821,1.0,3.0,4824.369674447455,2.0,2016.0,1.0,0.0,0.0
604,1.0,2.0,26.0,53.993209261760654,2.0,1.0,52095.30704268927,2.0,2.0,7443.815349269067,2.0,2018.0,8.0,0.0,0.0
605,1.0,2.0,27.0,52.99809914319163,2.0,1.0,63167.09568287287,2.0,2.0,9049.00939787825,2.0,2015.0,12.0,2016.0,8.0
606,1.0,9.0,13.0,9.001464698775669,1.0,1.0,67701.17808250836,2.0,1.0,15305.72358997201,2.0,2017.0,10.0,0.0,0.0
607,1.0,2.0,24.0,49.96666730203312,2.0,1.0,80998.3114248867,3.0,2.0,13615.483330495576,2.0,2016.0,11.0,0.0,0.0
608,1.0,4.0,6.0,6.02668375211562,1.0,1.0,96266.79825086615,2.0,3.0,2828.3804723268026,2.0,2017.0,8.0,0.0,0.0
609,1.0,7.0,21.0,35.018322648724606,1.0,1.0,77675.30880633304,2.0,2.0,6080.506813536832,2.0,2016.0,5.0,0.0,0.0
610,1.0,2.0,24.0,52.022752548344265,2.0,1.0,65281.69596448671,2.0,3.0,14788.091365476606,2.0,2017.0,8.0,0.0,0.0
611,1.0,2.0,24.0,51.0,2.0,3.0,125639.73649632919,1.0,3.0,13795.93630205097,2.0,2018.0,11.0,0.0,0.0
612,1.0,8.0,3.0,3.944739695769201,2.0,1.0,58468.574637943784,2.0,3.0,5358.875275849882,1.0,2018.0,3.0,0.0,0.0
613,1.0,3.0,29.0,36.89486044731148,2.0,4.0,54503.2243619839,2.0,2.0,3039.750739367688,2.0,2018.0,12.0,0.0,0.0
614,1.0,7.0,21.0,20.96213810072406,1.0,2.0,0.0,3.0,3.0,2383.8585520761885,2.0,2015.0,2.0,0.0,0.0
615,1.0,6.0,7.0,1.9886804837832617,1.0,1.0,99052.75223016371,2.0,2.0,2857.545356253924,2.0,2016.0,6.0,0.0,0.0
616,1.0,7.0,14.0,16.925812916941258,2.0,1.0,101379.84730561505,2.0,1.0,8416.91735469791,2.0,2018.0,6.0,0.0,0.0
617,1.0,7.0,21.0,35.0205897697614,1.0,1.0,44112.10330054047,2.0,3.0,26234.850166560205,1.0,2018.0,3.0,0.0,0.0
618,1.0,7.0,20.0,19.025421873562575,1.0,1.0,79793.79676750768,1.0,2.0,16967.287276297226,2.0,2016.0,7.0,0.0,0.0
619,1.0,2.0,27.0,53.000156758754976,1.0,3.0,199977.11795135093,2.0,3.0,2759.93755873613,2.0,2013.0,2.0,2015.0,11.0
620,1.0,7.0,21.0,31.025429847228203,2.0,4.0,59253.256023569345,1.0,1.0,5641.0025640051745,2.0,2015.0,8.0,0.0,0.0
621,1.0,7.0,20.0,18.890904201451086,1.0,2.0,0.0,3.0,2.0,5142.247783008921,2.0,2017.0,12.0,0.0,0.0
622,1.0,9.0,22.0,14.975583541418757,2.0,1.0,76156.29794230167,2.0,1.0,5213.947043560045,2.0,2017.0,11.0,0.0,0.0
623,1.0,2.0,24.0,51.99824284324296,2.0,2.0,0.0,1.0,3.0,2004.4954791771017,2.0,2016.0,3.0,2018.0,12.0
624,1.0,7.0,20.0,19.008209253511602,1.0,1.0,95529.51892972359,2.0,3.0,2958.72459862329,2.0,2015.0,4.0,0.0,0.0
625,1.0,2.0,4.0,45.85855009088671,2.0,1.0,100929.65646556074,2.0,1.0,5104.712759005149,2.0,2015.0,5.0,2016.0,1.0
626,1.0,2.0,4.0,46.002440552755814,1.0,1.0,61024.603457698395,2.0,3.0,4074.5606054380823,1.0,2018.0,3.0,0.0,0.0
627,1.0,9.0,13.0,12.856666874446105,2.0,1.0,102327.63363591947,1.0,2.0,9537.318123298763,2.0,2015.0,1.0,0.0,0.0
628,1.0,2.0,24.0,51.99452169413499,2.0,1.0,83114.85731858356,3.0,3.0,11073.062224981963,2.0,2016.0,9.0,0.0,0.0
629,1.0,9.0,13.0,7.986702107913981,1.0,1.0,52822.14300720669,2.0,3.0,5257.914567220885,2.0,2015.0,1.0,0.0,0.0
630,1.0,9.0,13.0,10.011477971560204,1.0,1.0,57364.88376600067,3.0,2.0,10732.512177025365,2.0,2017.0,7.0,0.0,0.0
631,1.0,9.0,22.0,15.081330629954131,2.0,4.0,76923.86341990363,2.0,2.0,9272.489690164264,2.0,2013.0,8.0,0.0,0.0
632,1.0,7.0,21.0,32.923441166855895,2.0,1.0,74110.41285645367,2.0,3.0,3410.8371655435876,2.0,2013.0,2.0,0.0,0.0
633,1.0,7.0,21.0,31.840778421852292,1.0,1.0,59481.0578899948,3.0,1.0,9064.395513922507,2.0,2018.0,11.0,0.0,0.0
634,1.0,2.0,27.0,53.0054234451539,2.0,3.0,184597.86421101686,2.0,3.0,2715.714290736636,2.0,2014.0,10.0,0.0,0.0
635,1.0,7.0,21.0,35.072629517650256,1.0,1.0,47282.385700735875,2.0,3.0,26075.842091078863,1.0,2018.0,3.0,0.0,0.0
636,1.0,7.0,21.0,34.86974139008447,2.0,1.0,62831.17659872079,2.0,3.0,2751.458254727808,2.0,2014.0,2.0,0.0,0.0
637,1.0,7.0,21.0,22.824189154261532,2.0,1.0,57439.308716475345,3.0,3.0,2578.1944918116965,2.0,2018.0,1.0,2018.0,9.0
638,1.0,7.0,23.0,20.012038182797227,2.0,1.0,57295.843887771145,2.0,1.0,10844.869434825687,2.0,2015.0,7.0,0.0,0.0
639,1.0,7.0,21.0,23.0806358797184,1.0,1.0,63610.17675814722,2.0,3.0,8738.341093894038,2.0,2015.0,3.0,0.0,0.0
640,1.0,4.0,12.0,5.013364869800512,2.0,3.0,193287.1020518524,3.0,1.0,6675.189947973729,2.0,2016.0,10.0,0.0,0.0
641,1.0,7.0,21.0,34.07883868018831,1.0,1.0,61909.28031117762,2.0,3.0,2435.3034124893707,2.0,2017.0,8.0,0.0,0.0
642,1.0,7.0,14.0,16.934602762384735,2.0,1.0,60313.27011699907,2.0,2.0,8814.232081516073,2.0,2018.0,10.0,0.0,0.0
643,1.0,9.0,16.0,7.037834382483261,2.0,1.0,54342.220357409795,2.0,3.0,21161.54700177699,2.0,2015.0,9.0,0.0,0.0
644,1.0,7.0,10.0,30.049012615294174,1.0,1.0,84123.50413646408,1.0,1.0,33010.40893674492,2.0,2014.0,4.0,0.0,0.0
645,1.0,6.0,7.0,1.9979966010648358,2.0,1.0,73454.87493553346,2.0,1.0,10278.58180580613,2.0,2016.0,3.0,0.0,0.0
646,1.0,6.0,7.0,2.9898557212951147,2.0,2.0,0.0,3.0,3.0,4888.886426652521,2.0,2015.0,8.0,0.0,0.0
647,1.0,7.0,20.0,19.00737288893853,1.0,2.0,0.0,3.0,2.0,5133.680429379617,2.0,2017.0,12.0,0.0,0.0
648,1.0,9.0,13.0,10.970581546973301,2.0,2.0,0.0,2.0,3.0,5666.472557157071,2.0,2013.0,7.0,0.0,0.0
649,1.0,1.0,5.0,42.14645286060855,2.0,1.0,57920.929929536585,2.0,2.0,3519.63182009681,2.0,2016.0,2.0,0.0,0.0
650,1.0,9.0,13.0,9.011785988702291,1.0,1.0,67423.14690193834,2.0,1.0,15325.60991888373,2.0,2017.0,10.0,0.0,0.0
651,1.0,7.0,21.0,20.99218809511877,1.0,1.0,47777.79379385727,2.0,3.0,4889.61623721142,2.0,2013.0,11.0,2018.0,1.0
652,1.0,2.0,24.0,49.003758698162386,2.0,1.0,57550.03014870929,2.0,3.0,6696.9768587571125,2.0,2017.0,9.0,0.0,0.0
653,1.0,2.0,24.0,52.02309440948832,1.0,2.0,0.0,3.0,3.0,2460.250499920156,2.0,2018.0,6.0,0.0,0.0
654,1.0,1.0,5.0,44.03819124937158,1.0,1.0,81487.87089092095,2.0,1.0,10946.32705807296,2.0,2012.0,6.0,0.0,0.0
655,1.0,4.0,12.0,4.999257602576468,1.0,2.0,0.0,3.0,2.0,6218.528297542687,2.0,2017.0,7.0,0.0,0.0
656,1.0,7.0,23.0,19.986984066582185,1.0,1.0,102229.67236139414,2.0,1.0,9468.765545104172,2.0,2016.0,6.0,0.0,0.0
657,1.0,2.0,24.0,50.03248326702361,2.0,1.0,78433.85206911142,1.0,3.0,2406.0865129701283,2.0,2014.0,11.0,0.0,0.0
658,1.0,7.0,23.0,20.0218781202245,1.0,1.0,59383.026789461044,1.0,3.0,4677.351507237323,2.0,2016.0,11.0,0.0,0.0
659,1.0,9.0,13.0,8.010501547787804,1.0,1.0,53025.509990826824,2.0,3.0,5257.354508788369,2.0,2015.0,1.0,0.0,0.0
660,1.0,2.0,24.0,50.0094087958268,2.0,1.0,70825.24462482298,1.0,3.0,7368.240817188963,2.0,2016.0,4.0,0.0,0.0
661,1.0,7.0,11.0,26.75792032516089,2.0,5.0,113304.9273331299,2.0,1.0,22548.61657231854,2.0,2014.0,11.0,0.0,0.0
662,1.0,7.0,21.0,32.01207342855476,2.0,4.0,47824.66758062588,3.0,3.0,6527.180774895173,2.0,2017.0,7.0,0.0,0.0
663,1.0,4.0,12.0,5.044525076534044,1.0,1.0,72493.32458279574,2.0,3.0,4849.389786749233,2.0,2018.0,11.0,0.0,0.0
664,1.0,9.0,13.0,8.040406763255245,1.0,2.0,0.0,3.0,3.0,3341.7451542686695,2.0,2018.0,9.0,0.0,0.0
665,1.0,2.0,25.0,48.06778461801813,2.0,1.0,53205.42990850429,2.0,3.0,8210.603595007047,2.0,2017.0,4.0,2017.0,12.0
666,1.0,7.0,21.0,31.0360559456928,2.0,4.0,71700.58714357276,2.0,2.0,11699.544236701597,2.0,2012.0,6.0,0.0,0.0
667,1.0,3.0,29.0,36.07429036227678,2.0,1.0,72422.73959076361,2.0,2.0,5362.9855322458625,2.0,2018.0,8.0,0.0,0.0
668,1.0,7.0,21.0,34.176763507925564,1.0,1.0,61058.15138827594,3.0,3.0,9684.832875821476,2.0,2016.0,2.0,0.0,0.0
669,1.0,7.0,21.0,22.946213517648342,1.0,1.0,76801.41470459542,2.0,2.0,8750.491470218827,2.0,2017.0,6.0,0.0,0.0
670,1.0,4.0,6.0,5.988883688232933,2.0,1.0,60417.891553789035,2.0,2.0,3556.7451113682487,2.0,2013.0,6.0,0.0,0.0
671,1.0,7.0,21.0,34.046638972014975,1.0,3.0,199204.8097953384,2.0,3.0,2622.7381077589034,2.0,2013.0,12.0,0.0,0.0
672,1.0,9.0,16.0,7.026223561181311,2.0,5.0,109404.16794220224,1.0,3.0,2395.507174383214,2.0,2018.0,5.0,0.0,0.0
673,1.0,1.0,5.0,43.998858822574014,1.0,2.0,0.0,3.0,3.0,4767.507206167959,2.0,2014.0,7.0,0.0,0.0
674,1.0,9.0,13.0,14.438886180817917,2.0,2.0,0.0,2.0,1.0,5087.565073101565,2.0,2014.0,2.0,0.0,0.0
675,1.0,7.0,21.0,31.045020733832658,2.0,4.0,71737.57944600974,2.0,2.0,11677.772798577525,2.0,2012.0,6.0,0.0,0.0
676,1.0,7.0,19.0,27.633878716729228,2.0,1.0,54342.97249892633,2.0,3.0,3279.6991892143274,2.0,2014.0,6.0,0.0,0.0
677,1.0,7.0,21.0,31.06845020678682,2.0,3.0,58141.48625022123,1.0,2.0,5016.873958121339,2.0,2018.0,12.0,0.0,0.0
678,1.0,2.0,27.0,53.022095828022685,2.0,2.0,0.0,3.0,3.0,8844.228819356404,2.0,2015.0,8.0,0.0,0.0
679,1.0,7.0,14.0,17.106084280198026,1.0,5.0,97679.9446604398,1.0,1.0,6304.555396296266,2.0,2013.0,3.0,0.0,0.0
680,1.0,9.0,13.0,9.985221617609046,2.0,4.0,57618.39385443515,2.0,2.0,9316.42570599146,2.0,2013.0,8.0,0.0,0.0
681,1.0,6.0,7.0,2.9980674011863195,2.0,1.0,92771.78529439196,2.0,1.0,5720.051218205116,2.0,2016.0,10.0,0.0,0.0
682,1.0,7.0,21.0,23.139173042595115,1.0,1.0,76827.25495343604,2.0,2.0,8771.236709892131,2.0,2017.0,6.0,0.0,0.0
683,1.0,9.0,22.0,15.021706467647032,1.0,1.0,83632.71103421034,2.0,2.0,5084.456017697785,2.0,2016.0,4.0,0.0,0.0
684,1.0,7.0,14.0,17.021325801474703,2.0,1.0,60113.85383676069,2.0,2.0,8796.47138682605,2.0,2018.0,10.0,0.0,0.0
685,1.0,7.0,21.0,23.011259769864296,2.0,3.0,267494.19351000804,2.0,3.0,2390.1788965430787,2.0,2017.0,4.0,0.0,0.0
686,1.0,4.0,6.0,5.964344749182576,2.0,1.0,93439.16034147778,1.0,1.0,5325.779734348381,2.0,2015.0,12.0,0.0,0.0
687,1.0,9.0,22.0,15.016474740406993,2.0,1.0,87012.07771756119,2.0,2.0,3325.135214054137,2.0,2018.0,5.0,0.0,0.0
688,1.0,7.0,21.0,33.963859917008364,1.0,2.0,0.0,3.0,3.0,10693.577861165373,2.0,2016.0,4.0,0.0,0.0
689,1.0,2.0,24.0,52.02562313499196,2.0,1.0,49687.94014256486,2.0,2.0,2913.352742908054,2.0,2015.0,7.0,2018.0,10.0
690,1.0,9.0,8.0,15.98937441498612,2.0,3.0,262876.18955501274,1.0,2.0,8371.807003259288,2.0,2014.0,1.0,2014.0,9.0
691,1.0,2.0,4.0,45.94485288777815,2.0,2.0,0.0,3.0,3.0,4954.378031042358,2.0,2015.0,10.0,0.0,0.0
692,1.0,7.0,23.0,19.980377305935388,2.0,2.0,0.0,2.0,3.0,4637.984437782088,2.0,2015.0,4.0,0.0,0.0
693,1.0,7.0,14.0,16.939564704588427,1.0,5.0,97437.15658316672,1.0,1.0,6289.5599725884595,2.0,2013.0,3.0,0.0,0.0
694,1.0,4.0,6.0,5.955072738182649,1.0,1.0,72240.75853880738,1.0,3.0,10628.21083670625,1.0,2018.0,2.0,0.0,0.0
695,1.0,7.0,19.0,27.88155513842917,1.0,1.0,49431.954456125204,2.0,3.0,7886.018286211767,2.0,2016.0,4.0,0.0,0.0
696,1.0,9.0,13.0,7.969977973073625,1.0,3.0,137378.01604764556,2.0,2.0,3563.164543781023,2.0,2013.0,2.0,0.0,0.0
697,1.0,2.0,26.0,53.9938407811401,1.0,1.0,87212.72493999884,2.0,3.0,4460.936703350337,2.0,2014.0,9.0,0.0,0.0
698,1.0,2.0,24.0,51.0,1.0,3.0,244732.0437098575,2.0,3.0,2434.555345709908,2.0,2013.0,10.0,0.0,0.0
699,1.0,7.0,19.0,27.508999837801795,1.0,1.0,100670.4064949899,2.0,3.0,5384.597637474275,2.0,2017.0,11.0,0.0,0.0
700,1.0,7.0,21.0,22.998770396279,1.0,1.0,85367.38174466128,2.0,2.0,5648.389003348062,2.0,2012.0,7.0,0.0,0.0
701,1.0,5.0,18.0,1.0000066170262425,2.0,2.0,0.0,3.0,1.0,14382.713487270717,2.0,2013.0,2.0,0.0,0.0
702,1.0,7.0,21.0,21.065944709554586,1.0,2.0,0.0,3.0,3.0,6909.727842998308,2.0,2016.0,8.0,0.0,0.0
703,1.0,7.0,14.0,16.878066122276874,2.0,2.0,0.0,1.0,3.0,4683.581465591923,2.0,2013.0,6.0,0.0,0.0
704,1.0,9.0,16.0,7.051529507799465,1.0,1.0,59453.67687321386,3.0,3.0,2653.350929813683,2.0,2014.0,5.0,0.0,0.0
705,1.0,7.0,20.0,19.028531080120672,1.0,1.0,77369.32770260781,3.0,2.0,11410.878672619863,2.0,2013.0,2.0,0.0,0.0
706,1.0,6.0,7.0,3.04012253874965,2.0,2.0,0.0,2.0,3.0,4706.220415677745,2.0,2016.0,4.0,0.0,0.0
707,1.0,2.0,27.0,53.01476461413312,2.0,2.0,0.0,3.0,3.0,2295.187975058644,2.0,2012.0,5.0,0.0,0.0
708,1.0,7.0,20.0,18.836344539379603,2.0,3.0,67628.38365597159,2.0,2.0,18565.702468127398,2.0,2014.0,6.0,0.0,0.0
709,1.0,7.0,14.0,17.04779278146144,1.0,4.0,78125.00583059444,2.0,1.0,15116.31879231231,2.0,2013.0,6.0,0.0,0.0
710,1.0,7.0,21.0,21.04696613916285,2.0,1.0,68584.6056348392,2.0,3.0,6471.98537277448,2.0,2014.0,1.0,0.0,0.0
711,1.0,6.0,7.0,2.981834505440497,1.0,1.0,60673.44608554379,2.0,3.0,4820.804640116526,2.0,2017.0,8.0,2018.0,4.0
712,1.0,7.0,14.0,17.131316181625422,2.0,2.0,0.0,2.0,2.0,2967.8569823439457,2.0,2018.0,10.0,0.0,0.0
713,1.0,5.0,18.0,1.0000064376044397,2.0,1.0,84225.05418144239,2.0,2.0,8008.200897770491,2.0,2018.0,11.0,0.0,0.0
714,1.0,2.0,27.0,52.99561076152355,2.0,1.0,68395.03453357749,3.0,3.0,2776.068657232509,2.0,2017.0,2.0,0.0,0.0
715,1.0,6.0,7.0,2.0002053705167517,2.0,1.0,84331.21068590572,2.0,2.0,10967.72057827458,2.0,2017.0,5.0,0.0,0.0
716,1.0,7.0,21.0,34.99243327017841,2.0,1.0,69701.97317405058,3.0,1.0,5586.469062765662,2.0,2017.0,6.0,0.0,0.0
717,1.0,10.0,17.0,39.047818786322836,2.0,4.0,46506.05221709774,3.0,3.0,8233.149775745,2.0,2015.0,5.0,0.0,0.0
718,1.0,2.0,25.0,48.078751631198074,1.0,1.0,92572.20211341088,3.0,3.0,4766.585746235096,2.0,2012.0,5.0,0.0,0.0
719,1.0,6.0,7.0,2.950838804907611,2.0,1.0,80523.0681470616,2.0,3.0,5380.3647919938585,2.0,2018.0,11.0,0.0,0.0
720,1.0,9.0,13.0,8.042299704727387,1.0,2.0,0.0,3.0,3.0,12307.61016812902,2.0,2016.0,4.0,0.0,0.0
721,1.0,2.0,24.0,50.07451643984324,2.0,1.0,72598.72111696175,2.0,2.0,6741.0789927941205,2.0,2013.0,7.0,0.0,0.0
722,1.0,6.0,7.0,3.005659819506728,1.0,1.0,67826.64758562893,3.0,3.0,2510.834670539507,2.0,2013.0,10.0,0.0,0.0
723,1.0,9.0,22.0,14.987533318358018,1.0,1.0,71984.74461766223,2.0,3.0,2476.2047323671923,2.0,2013.0,5.0,0.0,0.0
724,1.0,5.0,18.0,1.0,2.0,1.0,84188.0405093831,2.0,2.0,8040.232662767874,2.0,2018.0,11.0,0.0,0.0
725,1.0,2.0,24.0,51.0,1.0,1.0,54245.01285281607,2.0,2.0,7399.340045782386,2.0,2017.0,11.0,0.0,0.0
726,1.0,7.0,21.0,31.058648996498363,2.0,1.0,91312.99450375822,2.0,1.0,7309.708641582905,2.0,2016.0,4.0,0.0,0.0
727,1.0,2.0,24.0,49.00543012510036,2.0,1.0,98826.9821666102,1.0,2.0,2867.9695284048717,2.0,2013.0,8.0,2017.0,10.0
728,1.0,2.0,24.0,51.0,2.0,1.0,88071.32493486196,2.0,2.0,5891.335518991659,2.0,2017.0,9.0,2018.0,5.0
729,1.0,1.0,15.0,44.898677022560065,2.0,1.0,53479.516069406585,3.0,3.0,4127.415586752152,2.0,2017.0,1.0,0.0,0.0
730,1.0,4.0,6.0,6.013650123228475,2.0,1.0,53941.75171339013,2.0,3.0,9025.587257582692,2.0,2015.0,5.0,0.0,0.0
731,1.0,2.0,9.0,47.13435731690291,2.0,3.0,68494.67838421994,1.0,2.0,4157.887643096669,2.0,2017.0,2.0,0.0,0.0
732,1.0,1.0,5.0,41.91068963854124,2.0,1.0,52547.937765455594,2.0,2.0,5051.853189930061,2.0,2017.0,10.0,0.0,0.0
733,1.0,7.0,21.0,30.924718331681525,1.0,2.0,0.0,3.0,3.0,2251.0902084987365,2.0,2017.0,3.0,0.0,0.0
734,1.0,7.0,21.0,31.929006406847428,2.0,2.0,0.0,3.0,2.0,4571.065056991669,2.0,2016.0,9.0,0.0,0.0
735,1.0,3.0,29.0,37.97913333771571,2.0,3.0,287518.4121911725,2.0,2.0,4782.9049566343365,2.0,2016.0,6.0,0.0,0.0
736,1.0,7.0,23.0,19.977288208621093,2.0,2.0,0.0,2.0,3.0,4651.923868822702,2.0,2015.0,4.0,0.0,0.0
737,1.0,2.0,24.0,49.004371515380726,2.0,1.0,98558.02209372887,1.0,2.0,2866.39215217527,2.0,2013.0,8.0,2017.0,10.0
738,1.0,2.0,24.0,52.07907371005894,1.0,4.0,79795.77236128716,1.0,1.0,13567.405701037476,2.0,2016.0,12.0,0.0,0.0
739,1.0,9.0,13.0,9.018607756264474,1.0,2.0,0.0,2.0,2.0,13706.090081610257,2.0,2017.0,9.0,0.0,0.0
740,1.0,6.0,7.0,2.0081497707693394,2.0,1.0,89812.52095081288,2.0,2.0,2758.2352800716094,2.0,2018.0,7.0,0.0,0.0
741,1.0,9.0,13.0,14.036407776556551,1.0,1.0,100767.97332785935,2.0,1.0,10610.307626580421,2.0,2013.0,1.0,0.0,0.0
742,1.0,2.0,24.0,51.97497411691151,1.0,1.0,56521.4176900823,2.0,1.0,9126.16431421242,2.0,2013.0,9.0,0.0,0.0
743,1.0,6.0,7.0,3.0119036301532427,1.0,1.0,76154.29678457836,2.0,2.0,5497.049164236869,2.0,2017.0,8.0,0.0,0.0
744,1.0,7.0,21.0,34.09950895896422,1.0,3.0,200716.7274317946,2.0,3.0,2617.3730085080906,2.0,2013.0,12.0,0.0,0.0
745,1.0,1.0,5.0,42.04959414215246,2.0,1.0,63692.189615385905,2.0,1.0,12318.757243110145,2.0,2015.0,5.0,0.0,0.0
746,1.0,1.0,1.0,42.71601556219615,2.0,2.0,0.0,2.0,3.0,7260.499995111362,2.0,2014.0,12.0,2015.0,8.0
747,1.0,7.0,21.0,34.91189835122138,1.0,1.0,83847.44412397493,2.0,3.0,25627.347725645854,2.0,2017.0,10.0,0.0,0.0
748,1.0,7.0,21.0,31.13184416708613,2.0,1.0,74645.8543605977,3.0,1.0,7798.777239916009,2.0,2013.0,11.0,0.0,0.0
749,1.0,3.0,29.0,36.067202999985696,2.0,1.0,82253.3118417846,2.0,1.0,5725.076478907153,2.0,2015.0,7.0,0.0,0.0
750,1.0,7.0,23.0,19.998034299220464,1.0,1.0,62150.2682312544,3.0,3.0,2711.3722415745196,2.0,2015.0,1.0,0.0,0.0
751,1.0,7.0,21.0,30.99852887828792,2.0,2.0,0.0,3.0,2.0,3862.1106330976554,2.0,2014.0,12.0,0.0,0.0
752,1.0,7.0,11.0,26.769825705303866,1.0,2.0,0.0,1.0,1.0,8116.00016873469,2.0,2012.0,12.0,0.0,0.0
753,1.0,7.0,21.0,20.989482226548947,1.0,1.0,49452.773391219016,1.0,3.0,8617.51367325666,2.0,2015.0,5.0,0.0,0.0
754,1.0,2.0,27.0,53.01785441968477,2.0,1.0,62934.725207143725,3.0,2.0,17827.060245000466,2.0,2014.0,4.0,2015.0,1.0
755,1.0,4.0,12.0,4.95783347796518,1.0,1.0,89692.34847178825,1.0,2.0,6113.103648221182,2.0,2018.0,12.0,0.0,0.0
756,1.0,4.0,6.0,6.054674621752632,2.0,1.0,100835.98197067471,2.0,3.0,13677.946564485244,2.0,2018.0,12.0,0.0,0.0
757,1.0,7.0,14.0,16.980303170728845,1.0,1.0,97846.37452896684,2.0,1.0,7614.639146725245,2.0,2017.0,5.0,0.0,0.0
758,1.0,7.0,21.0,22.914039042096864,1.0,1.0,81252.80118721467,2.0,3.0,11594.827423350614,2.0,2013.0,1.0,2017.0,5.0
759,1.0,4.0,6.0,6.015283142781399,2.0,2.0,0.0,3.0,3.0,4141.957414089889,2.0,2016.0,11.0,2017.0,7.0
760,1.0,2.0,26.0,54.01654058677647,2.0,4.0,52034.17437147912,2.0,3.0,18458.057606151604,2.0,2013.0,4.0,0.0,0.0
761,1.0,2.0,27.0,52.99564054971269,1.0,2.0,0.0,2.0,3.0,13799.356619548356,2.0,2014.0,2.0,0.0,0.0
762,1.0,7.0,11.0,27.013701336845017,1.0,2.0,0.0,3.0,2.0,2935.91082018975,2.0,2016.0,1.0,0.0,0.0
763,1.0,7.0,11.0,27.569320886508528,2.0,5.0,114059.8382563834,2.0,1.0,22818.104356518375,2.0,2014.0,11.0,0.0,0.0
764,1.0,10.0,17.0,40.03819979740023,1.0,1.0,57746.82736357794,2.0,3.0,5878.714236651904,2.0,2016.0,8.0,0.0,0.0
765,1.0,2.0,24.0,48.90661535012786,2.0,1.0,75133.96670244103,2.0,2.0,14052.001259222576,2.0,2014.0,1.0,0.0,0.0
766,1.0,2.0,24.0,51.97786102966647,1.0,1.0,58667.66728352974,1.0,3.0,2491.259279347729,2.0,2012.0,5.0,0.0,0.0
767,1.0,7.0,21.0,22.909307991875778,1.0,2.0,0.0,2.0,2.0,17752.257816079964,2.0,2018.0,10.0,0.0,0.0
768,1.0,2.0,24.0,52.01981395323258,2.0,5.0,123829.4690711222,2.0,2.0,4611.984035727435,2.0,2015.0,8.0,0.0,0.0
769,1.0,1.0,5.0,41.98063317367837,1.0,5.0,123609.8513423936,2.0,3.0,4660.284277633387,2.0,2013.0,4.0,0.0,0.0
770,1.0,7.0,21.0,23.067055262865654,2.0,1.0,85453.86782086594,2.0,1.0,5307.3288518769605,2.0,2016.0,6.0,0.0,0.0
771,1.0,9.0,13.0,10.039407293376453,2.0,2.0,0.0,3.0,3.0,5620.898814722578,2.0,2016.0,8.0,0.0,0.0
772,1.0,9.0,16.0,7.037671371726272,1.0,1.0,59724.809712856906,3.0,3.0,2647.8387783669914,2.0,2014.0,5.0,0.0,0.0
773,1.0,2.0,4.0,45.89991552339583,1.0,1.0,60688.155756937726,2.0,3.0,4093.1854395907017,1.0,2018.0,3.0,0.0,0.0
774,1.0,9.0,22.0,14.99221025301943,2.0,1.0,47671.84132222478,3.0,3.0,2604.7401144300165,2.0,2015.0,12.0,0.0,0.0
775,1.0,2.0,25.0,47.70809078772358,1.0,1.0,92383.72641866395,3.0,3.0,4784.210894054657,2.0,2012.0,5.0,0.0,0.0
776,1.0,9.0,13.0,10.986971717241042,2.0,1.0,80474.3964925249,3.0,2.0,36716.15212854119,2.0,2016.0,9.0,2017.0,5.0
777,1.0,1.0,5.0,43.904974845687576,1.0,1.0,79255.30019569244,2.0,2.0,7598.375112264219,2.0,2015.0,10.0,0.0,0.0
778,1.0,9.0,13.0,8.007262613306985,1.0,1.0,85654.36509280777,2.0,3.0,4603.495552107165,2.0,2015.0,3.0,0.0,0.0
779,1.0,9.0,13.0,10.02901364362835,2.0,2.0,0.0,3.0,2.0,2905.0224605197673,2.0,2018.0,6.0,0.0,0.0
780,1.0,7.0,10.0,30.02469658228203,1.0,1.0,72418.39993170043,2.0,1.0,9394.527439382246,2.0,2014.0,10.0,2017.0,11.0
781,1.0,2.0,24.0,52.01253284960266,2.0,2.0,0.0,2.0,3.0,2335.9075704337906,2.0,2014.0,10.0,0.0,0.0
782,1.0,2.0,24.0,51.0,1.0,1.0,50825.27289476996,1.0,2.0,3261.885136762726,2.0,2012.0,5.0,0.0,0.0
783,1.0,2.0,24.0,49.00375751111362,2.0,2.0,0.0,3.0,2.0,2921.934793748523,2.0,2015.0,7.0,2016.0,3.0
784,1.0,2.0,24.0,49.04693992242974,1.0,2.0,0.0,3.0,2.0,8663.826230991239,2.0,2015.0,7.0,0.0,0.0
785,1.0,2.0,24.0,51.99738686937472,2.0,5.0,124524.89695999997,2.0,2.0,4650.02974078799,2.0,2015.0,8.0,0.0,0.0
786,1.0,2.0,24.0,51.0,1.0,1.0,64403.91390713168,2.0,3.0,15870.138932889544,2.0,2018.0,6.0,0.0,0.0
787,1.0,7.0,14.0,17.962094773104134,1.0,2.0,0.0,2.0,2.0,7893.760969890012,2.0,2017.0,9.0,0.0,0.0
788,1.0,7.0,21.0,33.97369264435254,2.0,2.0,0.0,3.0,2.0,3019.090639762467,2.0,2017.0,6.0,0.0,0.0
789,1.0,7.0,14.0,17.124989502671248,1.0,4.0,78293.59067014144,2.0,1.0,15239.494689447605,2.0,2013.0,6.0,0.0,0.0
790,1.0,7.0,21.0,33.026603246142656,1.0,3.0,151481.82735867836,2.0,3.0,2119.6723585104405,2.0,2018.0,11.0,0.0,0.0
791,1.0,2.0,24.0,49.96904469245398,1.0,1.0,54180.59547734528,2.0,3.0,3388.5330612697408,2.0,2015.0,12.0,2017.0,6.0
792,1.0,7.0,21.0,31.064623590410392,1.0,2.0,0.0,1.0,2.0,5009.895854850893,2.0,2018.0,10.0,0.0,0.0
793,1.0,2.0,27.0,53.000792398335555,2.0,1.0,93705.90705372168,1.0,2.0,5789.253704758864,2.0,2012.0,11.0,0.0,0.0
794,1.0,2.0,24.0,48.89232483273387,1.0,1.0,57437.32413566329,2.0,3.0,2785.3600440003306,2.0,2017.0,2.0,0.0,0.0
795,1.0,5.0,18.0,1.0000070958619596,2.0,2.0,0.0,3.0,1.0,14494.518724641432,2.0,2013.0,2.0,0.0,0.0
796,1.0,7.0,14.0,17.018473741374493,2.0,2.0,0.0,3.0,3.0,15759.47056253791,2.0,2015.0,3.0,0.0,0.0
797,1.0,2.0,24.0,49.95435529557217,1.0,2.0,0.0,2.0,2.0,3002.560470892151,2.0,2017.0,10.0,2018.0,6.0
798,1.0,7.0,10.0,30.016677428141865,1.0,1.0,70759.59944963211,3.0,3.0,23330.8750065976,1.0,2018.0,3.0,0.0,0.0
799,1.0,2.0,24.0,51.0,2.0,1.0,57904.363847316075,2.0,3.0,10977.90180636714,2.0,2012.0,12.0,0.0,0.0
800,1.0,7.0,14.0,16.963070270289393,1.0,1.0,51098.427013980974,3.0,2.0,7483.932064789393,2.0,2017.0,3.0,0.0,0.0
801,1.0,6.0,7.0,2.963878141502775,2.0,1.0,92726.97769260897,2.0,1.0,5712.775117586983,2.0,2016.0,10.0,0.0,0.0
802,1.0,2.0,24.0,49.976823803858274,2.0,1.0,58275.45237033364,2.0,3.0,2965.3095458647363,2.0,2014.0,3.0,0.0,0.0
803,1.0,7.0,23.0,20.021691129221182,2.0,2.0,0.0,3.0,3.0,2034.2722362960078,2.0,2013.0,12.0,0.0,0.0
804,1.0,2.0,24.0,51.0,1.0,1.0,96670.8588098616,2.0,2.0,5481.547821816117,2.0,2014.0,5.0,0.0,0.0
805,1.0,2.0,27.0,53.018436404683676,1.0,1.0,74222.79842761942,1.0,3.0,2442.491328134021,2.0,2013.0,10.0,0.0,0.0
806,1.0,2.0,24.0,51.98272613083073,2.0,1.0,63404.64693115269,2.0,1.0,6093.460449178006,2.0,2013.0,12.0,0.0,0.0
807,1.0,2.0,25.0,47.98203622502649,2.0,1.0,53131.17782487293,2.0,3.0,8198.56446991352,2.0,2017.0,4.0,2017.0,12.0
808,1.0,7.0,21.0,33.03513172050711,1.0,4.0,47864.754164760714,2.0,3.0,4191.9631168424685,2.0,2013.0,1.0,0.0,0.0
809,1.0,1.0,1.0,43.03953159509703,1.0,1.0,70384.52647268046,2.0,3.0,2672.961588617036,2.0,2012.0,6.0,0.0,0.0
810,1.0,7.0,21.0,24.847354556808497,2.0,2.0,0.0,3.0,2.0,3549.1031147675844,2.0,2013.0,3.0,2014.0,8.0
811,1.0,9.0,16.0,6.995140861844456,2.0,1.0,63941.84299143645,2.0,3.0,5957.85351364421,2.0,2018.0,10.0,0.0,0.0
812,1.0,7.0,14.0,17.152960246686234,1.0,1.0,55167.52606126381,2.0,2.0,15617.26837713992,2.0,2017.0,10.0,0.0,0.0
813,1.0,5.0,18.0,1.0000068744278026,2.0,3.0,218211.91455119808,3.0,2.0,8590.033457133182,2.0,2012.0,8.0,0.0,0.0
814,1.0,7.0,20.0,18.98610681082476,1.0,2.0,0.0,2.0,1.0,7213.122480269248,1.0,2018.0,4.0,0.0,0.0
815,1.0,7.0,21.0,33.04111038014988,1.0,1.0,65470.464101628844,2.0,1.0,5728.603336979987,2.0,2013.0,9.0,0.0,0.0
816,1.0,7.0,21.0,33.12052893956043,2.0,1.0,96819.80383129799,1.0,1.0,6044.428929875206,2.0,2016.0,4.0,0.0,0.0
817,1.0,3.0,29.0,35.96975477030122,2.0,1.0,89178.06568312693,2.0,2.0,22526.462197450197,2.0,2018.0,10.0,0.0,0.0
818,1.0,7.0,20.0,18.98543614970553,2.0,1.0,58831.05761398369,1.0,2.0,5567.3042710363015,2.0,2016.0,2.0,0.0,0.0
819,1.0,9.0,13.0,8.959481376697106,1.0,1.0,84678.90821997974,2.0,2.0,2912.5905330240184,2.0,2016.0,12.0,0.0,0.0
820,1.0,9.0,16.0,6.985938447882177,1.0,1.0,63532.44897640078,2.0,3.0,2736.814386036378,2.0,2014.0,7.0,0.0,0.0
821,1.0,7.0,21.0,28.646342267255,1.0,1.0,76516.8732217217,2.0,2.0,14397.10458069262,2.0,2014.0,12.0,0.0,0.0
822,1.0,7.0,10.0,30.004920301669568,1.0,2.0,0.0,2.0,2.0,8574.441235169495,2.0,2016.0,1.0,2016.0,9.0
823,1.0,6.0,7.0,2.025420776894734,2.0,1.0,73470.92502061986,2.0,1.0,10407.15771669254,2.0,2016.0,3.0,0.0,0.0
824,1.0,9.0,16.0,7.051421247958295,1.0,1.0,29282.327006633706,1.0,3.0,5276.46141003587,1.0,2018.0,4.0,0.0,0.0
825,1.0,7.0,21.0,35.01056888957322,1.0,1.0,49773.5359013821,2.0,3.0,4089.5128906825594,2.0,2015.0,2.0,2018.0,6.0
826,1.0,9.0,13.0,10.00271525744987,1.0,2.0,0.0,3.0,3.0,7827.331774217562,2.0,2018.0,6.0,0.0,0.0
827,1.0,7.0,21.0,25.109960763384088,2.0,1.0,51475.02180093921,2.0,2.0,5857.441763760763,1.0,2018.0,3.0,0.0,0.0
828,1.0,2.0,27.0,53.021378038616646,2.0,1.0,71321.81848148562,2.0,1.0,8056.537514169262,2.0,2015.0,1.0,0.0,0.0
829,1.0,9.0,8.0,16.013375461798944,2.0,1.0,52177.061116134166,2.0,2.0,12679.43162126412,2.0,2014.0,8.0,0.0,0.0
830,1.0,2.0,27.0,52.98429444627595,1.0,1.0,74201.71749663094,1.0,3.0,2443.3452876050833,2.0,2013.0,10.0,0.0,0.0
831,1.0,10.0,17.0,38.83196432859094,2.0,1.0,52890.69845451578,2.0,3.0,13874.807679122487,2.0,2016.0,11.0,0.0,0.0
832,1.0,7.0,21.0,21.136639461488087,2.0,3.0,130306.71624533502,2.0,3.0,11804.01113723608,2.0,2014.0,10.0,0.0,0.0
833,1.0,1.0,5.0,42.15485025318575,1.0,1.0,58690.1257370176,2.0,3.0,2731.8487980798463,1.0,2018.0,3.0,0.0,0.0
834,1.0,7.0,19.0,27.618921389466884,1.0,1.0,100608.986351821,2.0,3.0,5412.610481886577,2.0,2017.0,11.0,0.0,0.0
835,1.0,4.0,6.0,6.008885789950085,1.0,1.0,86216.28915438328,2.0,3.0,2572.5534866365183,2.0,2014.0,7.0,0.0,0.0
836,1.0,9.0,16.0,7.041944793603296,1.0,1.0,75847.9003654302,2.0,3.0,3942.4317421812307,2.0,2018.0,6.0,0.0,0.0
837,1.0,2.0,27.0,53.03723487457002,2.0,1.0,78972.79429558739,1.0,1.0,12076.900003253264,2.0,2015.0,12.0,0.0,0.0
838,1.0,9.0,16.0,6.997994524274947,1.0,1.0,75746.15677569031,2.0,3.0,3924.0773089948375,2.0,2018.0,6.0,0.0,0.0
839,1.0,6.0,7.0,2.0064321166647643,2.0,1.0,80472.08943758969,3.0,3.0,2510.0731186822513,2.0,2014.0,2.0,0.0,0.0
840,1.0,2.0,24.0,48.94667360283676,1.0,2.0,0.0,3.0,2.0,8677.661367623241,2.0,2015.0,7.0,0.0,0.0
841,1.0,1.0,2.0,40.78737258278332,1.0,1.0,101246.08056309579,2.0,2.0,11124.957736162352,2.0,2017.0,12.0,0.0,0.0
842,1.0,1.0,1.0,43.05375531733884,1.0,1.0,87213.38939230282,2.0,2.0,3235.355282387417,1.0,2018.0,4.0,0.0,0.0
843,1.0,7.0,14.0,17.029205435513347,2.0,2.0,0.0,3.0,3.0,4712.0685685028575,2.0,2012.0,11.0,0.0,0.0
844,1.0,9.0,8.0,15.948538629935019,1.0,5.0,97557.50765309804,1.0,3.0,6287.140413505175,2.0,2017.0,10.0,0.0,0.0
845,1.0,9.0,13.0,10.992624429854853,1.0,2.0,0.0,2.0,3.0,4653.387096133215,2.0,2013.0,9.0,0.0,0.0
846,1.0,9.0,12.0,13.30672322279046,2.0,2.0,0.0,2.0,3.0,2497.049573503186,2.0,2015.0,7.0,2016.0,4.0
847,1.0,2.0,26.0,53.99658378648724,2.0,1.0,57703.14421387206,2.0,1.0,21755.814194223505,2.0,2015.0,4.0,0.0,0.0
848,1.0,4.0,6.0,5.988220487417523,1.0,2.0,0.0,3.0,3.0,5040.473786914547,2.0,2018.0,12.0,0.0,0.0
849,1.0,4.0,6.0,6.056521826202431,2.0,2.0,0.0,2.0,2.0,4798.123842815572,2.0,2015.0,6.0,0.0,0.0
850,1.0,2.0,24.0,50.007528235672204,2.0,4.0,47783.72801841431,3.0,3.0,6501.440202922101,2.0,2013.0,11.0,2017.0,3.0
851,1.0,2.0,24.0,51.0,2.0,2.0,0.0,3.0,3.0,3599.536668098258,2.0,2014.0,2.0,0.0,0.0
852,1.0,7.0,21.0,33.91414018091113,1.0,1.0,61042.610079434984,3.0,3.0,9599.088623082296,2.0,2016.0,2.0,0.0,0.0
853,1.0,4.0,6.0,5.9887407255566,2.0,2.0,0.0,3.0,3.0,2246.9992105718134,2.0,2013.0,9.0,0.0,0.0
854,1.0,3.0,29.0,35.95327261176933,2.0,1.0,67231.68846848494,1.0,3.0,9077.408165219882,2.0,2016.0,1.0,2016.0,9.0
855,1.0,9.0,13.0,13.874458551964644,1.0,2.0,0.0,3.0,3.0,9397.513003416507,2.0,2014.0,3.0,0.0,0.0
856,1.0,7.0,21.0,34.12636354690228,1.0,1.0,71111.83143955962,2.0,2.0,4479.857328224555,2.0,2012.0,4.0,0.0,0.0
857,1.0,7.0,10.0,30.094578010328277,1.0,1.0,84288.09692182361,1.0,1.0,32399.210207211414,2.0,2014.0,4.0,0.0,0.0
858,1.0,7.0,21.0,30.970468164384847,2.0,1.0,91084.05956191475,2.0,1.0,7315.033303150535,2.0,2016.0,4.0,0.0,0.0
859,1.0,7.0,21.0,22.874959889390798,1.0,2.0,0.0,2.0,3.0,8341.059714390616,2.0,2017.0,4.0,0.0,0.0
860,1.0,7.0,21.0,33.98882781360416,2.0,1.0,65940.3009823281,2.0,3.0,2917.9884182210894,2.0,2012.0,5.0,0.0,0.0
861,1.0,2.0,24.0,51.0,1.0,4.0,58523.368165561114,2.0,3.0,8246.757837353558,2.0,2016.0,7.0,2017.0,3.0
862,1.0,3.0,29.0,36.0560215667827,2.0,1.0,47762.78154923016,2.0,1.0,34186.15943321773,2.0,2018.0,10.0,0.0,0.0
863,1.0,7.0,14.0,16.99566843659154,2.0,2.0,0.0,2.0,3.0,2724.1255703122088,2.0,2017.0,5.0,0.0,0.0
864,1.0,1.0,1.0,43.14946771072995,1.0,1.0,70438.59395051312,2.0,3.0,2675.809363237594,2.0,2012.0,6.0,0.0,0.0
865,1.0,1.0,5.0,43.91434307156282,1.0,1.0,79399.93158456725,2.0,2.0,7569.355652282713,2.0,2015.0,10.0,0.0,0.0
866,1.0,2.0,26.0,54.01105348381678,1.0,2.0,0.0,3.0,2.0,3560.4808047694646,2.0,2016.0,5.0,0.0,0.0
867,1.0,7.0,20.0,18.921227638593443,1.0,1.0,77430.30391398905,3.0,2.0,11512.577344281242,2.0,2013.0,2.0,0.0,0.0
868,1.0,7.0,20.0,18.971055029835654,1.0,2.0,0.0,3.0,2.0,3360.9630115685973,2.0,2017.0,11.0,0.0,0.0
869,1.0,7.0,21.0,32.11234435207914,1.0,1.0,67785.62953733094,2.0,2.0,9966.223498224555,2.0,2016.0,2.0,0.0,0.0
870,1.0,7.0,20.0,18.975588098717274,1.0,1.0,59217.39904556942,2.0,1.0,5326.414200427621,2.0,2017.0,4.0,0.0,0.0
871,1.0,4.0,12.0,5.015270039117816,2.0,1.0,84972.51176632974,2.0,1.0,10672.20763323745,2.0,2015.0,3.0,0.0,0.0
872,1.0,11.0,28.0,55.0,1.0,1.0,61497.1078954774,1.0,2.0,11752.845042488589,2.0,2017.0,9.0,0.0,0.0
873,1.0,2.0,4.0,45.99607942063891,2.0,2.0,0.0,3.0,2.0,3716.261933573709,2.0,2018.0,7.0,0.0,0.0
874,1.0,7.0,10.0,30.030969244843916,1.0,1.0,72268.10979517104,2.0,2.0,9636.973227425733,2.0,2018.0,9.0,0.0,0.0
875,1.0,6.0,7.0,2.9975874526250337,2.0,1.0,92681.36688728495,2.0,1.0,5726.35936148189,2.0,2016.0,10.0,0.0,0.0
876,1.0,3.0,29.0,35.943398325461075,1.0,4.0,45990.27440797988,1.0,3.0,24051.07741674301,2.0,2013.0,11.0,0.0,0.0
877,1.0,1.0,5.0,43.9855187413862,1.0,1.0,79323.78527357097,2.0,2.0,7559.114448451943,2.0,2015.0,10.0,0.0,0.0
878,1.0,10.0,17.0,39.86445451294214,2.0,1.0,84436.80006302423,2.0,2.0,9178.386343983366,2.0,2012.0,12.0,0.0,0.0
879,1.0,7.0,14.0,16.99586061059826,2.0,1.0,81505.24286802614,2.0,3.0,27352.059524400003,2.0,2013.0,8.0,2016.0,4.0
880,1.0,7.0,21.0,31.882144295300478,2.0,1.0,69658.0562755763,3.0,3.0,2344.3655539182255,2.0,2013.0,3.0,0.0,0.0
881,1.0,9.0,8.0,16.013990125062673,1.0,1.0,83753.2331408396,2.0,2.0,5477.3534974138,2.0,2015.0,9.0,0.0,0.0
882,1.0,4.0,12.0,5.03012236883386,1.0,1.0,89563.76952213353,1.0,2.0,6197.615077599541,2.0,2018.0,12.0,0.0,0.0
883,1.0,2.0,27.0,53.00606262309807,2.0,3.0,180566.93421058037,2.0,3.0,2733.692599182109,2.0,2014.0,10.0,0.0,0.0
884,1.0,7.0,23.0,20.06624850451552,2.0,1.0,62908.43679080124,2.0,3.0,16519.57596962063,2.0,2017.0,11.0,0.0,0.0
885,1.0,7.0,20.0,19.02311204355407,1.0,2.0,0.0,3.0,2.0,5154.109018292588,2.0,2017.0,12.0,0.0,0.0
886,1.0,2.0,24.0,51.0,2.0,1.0,57218.37794314148,2.0,3.0,7848.94143939436,2.0,2013.0,2.0,0.0,0.0
887,1.0,2.0,24.0,49.99404180537083,1.0,4.0,63221.1203956637,1.0,3.0,26520.005655155044,2.0,2013.0,4.0,0.0,0.0
888,1.0,9.0,13.0,8.027063163227648,1.0,1.0,53166.40932346826,2.0,3.0,5242.695582740272,2.0,2015.0,1.0,0.0,0.0
889,1.0,2.0,24.0,51.0,1.0,1.0,85268.9439639425,1.0,3.0,2471.0687207944306,2.0,2014.0,10.0,2014.0,12.0
890,1.0,6.0,7.0,2.008244833946266,1.0,1.0,85198.66778209715,2.0,3.0,24493.183814608085,2.0,2017.0,4.0,0.0,0.0
891,1.0,7.0,21.0,24.977884065111397,1.0,1.0,67485.01935351828,1.0,1.0,26750.32809485525,2.0,2013.0,3.0,0.0,0.0
892,1.0,2.0,24.0,51.0,2.0,1.0,71134.68357432337,2.0,3.0,5671.630173728031,2.0,2012.0,11.0,0.0,0.0
893,1.0,9.0,13.0,10.99185775323583,1.0,1.0,69661.48726839955,3.0,2.0,10958.002221684703,2.0,2013.0,2.0,0.0,0.0
894,1.0,9.0,13.0,9.04018953401235,2.0,4.0,52289.18382512556,2.0,1.0,11454.697989520491,2.0,2017.0,12.0,0.0,0.0
895,1.0,7.0,23.0,19.96874349467626,2.0,1.0,103326.29790824723,2.0,1.0,5791.760985487839,2.0,2018.0,6.0,0.0,0.0
896,1.0,9.0,13.0,8.063687408207251,2.0,1.0,93615.9956365166,2.0,2.0,10349.016180371864,2.0,2014.0,10.0,2018.0,9.0
897,1.0,11.0,28.0,54.999992770316915,1.0,1.0,89495.06803922074,1.0,3.0,2621.757696572926,2.0,2017.0,9.0,0.0,0.0
898,1.0,9.0,13.0,10.004747009182688,1.0,1.0,75100.17201854689,2.0,2.0,3901.6256260641967,2.0,2017.0,10.0,0.0,0.0
899,1.0,7.0,21.0,33.07543905924405,1.0,1.0,68774.71262856158,2.0,3.0,18390.839592542372,2.0,2015.0,3.0,0.0,0.0
900,1.0,7.0,10.0,29.993533167520955,1.0,1.0,59223.16106692016,3.0,3.0,7703.86897088246,2.0,2013.0,6.0,0.0,0.0
901,1.0,9.0,13.0,10.014856960481916,2.0,2.0,0.0,3.0,2.0,2909.075639112324,2.0,2018.0,6.0,0.0,0.0
902,1.0,7.0,14.0,16.959232115524593,2.0,2.0,0.0,3.0,3.0,4728.289564215465,2.0,2012.0,11.0,0.0,0.0
903,1.0,2.0,27.0,52.993470167528,2.0,1.0,70973.28570974362,3.0,3.0,8839.92129583348,2.0,2012.0,9.0,0.0,0.0
904,1.0,9.0,13.0,8.960438780227047,2.0,1.0,91657.56492540894,1.0,2.0,5740.635680290734,2.0,2015.0,3.0,0.0,0.0
905,1.0,9.0,19.0,10.822874248699176,1.0,1.0,79392.5475234063,3.0,2.0,3201.3484037905623,2.0,2014.0,6.0,2018.0,9.0
906,1.0,2.0,24.0,51.0,1.0,1.0,78504.3185070614,1.0,3.0,4345.340328976192,2.0,2015.0,3.0,0.0,0.0
907,1.0,2.0,25.0,48.256592070684114,1.0,1.0,59276.31642455584,2.0,3.0,4567.132346866107,2.0,2017.0,9.0,2018.0,5.0
908,1.0,2.0,4.0,45.93940304877681,2.0,1.0,85574.86748885275,2.0,3.0,4321.5090363333375,2.0,2013.0,12.0,2018.0,8.0
909,1.0,7.0,14.0,18.10015286533295,1.0,1.0,63439.13154447561,2.0,1.0,5300.707068146314,2.0,2018.0,8.0,0.0,0.0
910,1.0,9.0,13.0,10.95670707396671,1.0,1.0,84900.3131204934,2.0,3.0,4290.993761581726,2.0,2014.0,12.0,2015.0,8.0
911,1.0,4.0,6.0,5.994768279315927,2.0,2.0,0.0,3.0,3.0,2245.1949039715396,2.0,2013.0,9.0,0.0,0.0
912,1.0,1.0,2.0,41.185002231974764,2.0,1.0,56548.55650305126,1.0,3.0,8294.143322931755,2.0,2017.0,1.0,0.0,0.0
913,1.0,7.0,21.0,30.93294506798804,2.0,1.0,64968.93113505411,2.0,1.0,17624.238461954807,2.0,2013.0,12.0,0.0,0.0
914,1.0,2.0,4.0,46.05340322977758,2.0,5.0,104356.07276105709,1.0,3.0,2681.629014916617,2.0,2015.0,8.0,0.0,0.0
915,1.0,2.0,24.0,51.0,1.0,2.0,0.0,3.0,3.0,2747.069439483643,2.0,2018.0,7.0,0.0,0.0
916,1.0,9.0,16.0,6.956881401599404,1.0,1.0,78855.04781968365,3.0,1.0,5018.331759445885,2.0,2016.0,5.0,0.0,0.0
917,1.0,2.0,4.0,45.94464518142196,1.0,2.0,0.0,2.0,1.0,8156.122773136442,2.0,2018.0,11.0,0.0,0.0
918,1.0,7.0,20.0,19.034137149275075,2.0,1.0,58975.75738871849,1.0,2.0,5539.279079443064,2.0,2016.0,2.0,0.0,0.0
919,1.0,2.0,24.0,49.08036481872747,1.0,1.0,99882.99071149876,1.0,2.0,7661.304040727601,2.0,2015.0,1.0,0.0,0.0
920,1.0,7.0,14.0,17.060609482920142,1.0,1.0,51246.368711740906,3.0,3.0,9537.112593497062,2.0,2012.0,10.0,0.0,0.0
921,1.0,9.0,13.0,13.915121186879752,1.0,1.0,85961.16806305008,2.0,3.0,8486.009331921328,2.0,2012.0,5.0,0.0,0.0
922,1.0,7.0,19.0,28.33421312180272,2.0,1.0,54609.82006588253,2.0,3.0,3306.444240838474,2.0,2014.0,6.0,0.0,0.0
923,1.0,2.0,24.0,49.04552170633147,1.0,1.0,51697.57486932835,2.0,2.0,20871.460491867343,2.0,2014.0,5.0,0.0,0.0
924,1.0,10.0,17.0,38.816396418862794,2.0,2.0,0.0,3.0,2.0,16427.8264072336,2.0,2016.0,9.0,0.0,0.0
925,1.0,7.0,14.0,18.13480820552633,1.0,1.0,63369.157842670065,2.0,1.0,5308.965085245407,2.0,2018.0,8.0,0.0,0.0
926,1.0,4.0,6.0,5.971179173448508,1.0,1.0,77202.21731324821,1.0,3.0,26497.19096422461,2.0,2012.0,5.0,0.0,0.0
927,1.0,2.0,24.0,51.0,1.0,3.0,245604.39327879634,2.0,3.0,2435.3266746434647,2.0,2013.0,10.0,0.0,0.0
928,1.0,3.0,29.0,36.02415059086285,2.0,1.0,44862.48566002967,2.0,1.0,34772.75371724511,2.0,2018.0,10.0,0.0,0.0
929,1.0,7.0,21.0,29.01502747996845,2.0,2.0,0.0,3.0,2.0,9483.84497372516,2.0,2016.0,2.0,0.0,0.0
930,1.0,7.0,11.0,27.341138395890205,2.0,1.0,92681.38933778246,2.0,1.0,13716.651208186144,2.0,2018.0,7.0,0.0,0.0
931,1.0,10.0,17.0,39.02331185817508,1.0,2.0,0.0,3.0,3.0,2705.360197989827,2.0,2017.0,3.0,2018.0,3.0
932,1.0,7.0,14.0,16.998066889861757,2.0,2.0,0.0,3.0,3.0,18425.673107839062,2.0,2013.0,8.0,0.0,0.0
933,1.0,1.0,1.0,43.00491108453419,1.0,5.0,118769.5338744172,1.0,1.0,11880.866191125486,2.0,2017.0,5.0,0.0,0.0
934,1.0,7.0,21.0,28.857367147239295,2.0,1.0,98043.91230875041,2.0,1.0,5243.994141266624,2.0,2015.0,1.0,0.0,0.0
935,1.0,7.0,21.0,20.99891060507707,2.0,1.0,73423.10436662144,3.0,2.0,10005.569959084902,2.0,2017.0,8.0,0.0,0.0
936,1.0,7.0,21.0,22.089240190413157,1.0,2.0,0.0,3.0,2.0,3560.217312874894,2.0,2015.0,9.0,0.0,0.0
937,1.0,1.0,5.0,44.043966467892915,2.0,1.0,78111.12881652421,2.0,2.0,5266.392739538509,2.0,2018.0,11.0,0.0,0.0
938,1.0,7.0,21.0,23.05080339741668,1.0,1.0,52544.98546306571,2.0,2.0,13884.081015644693,2.0,2015.0,4.0,2015.0,12.0
939,1.0,7.0,23.0,20.00440183678784,2.0,1.0,104790.98972391245,3.0,3.0,2863.222800431435,2.0,2018.0,8.0,0.0,0.0
940,1.0,7.0,11.0,27.259990520724642,1.0,2.0,0.0,3.0,2.0,2948.2337692368483,2.0,2016.0,1.0,0.0,0.0
941,1.0,2.0,24.0,49.01793145407197,2.0,1.0,89572.95243866064,2.0,3.0,7425.2157229918475,2.0,2013.0,5.0,0.0,0.0
942,1.0,7.0,10.0,29.98189536909032,1.0,1.0,58616.016382326605,3.0,2.0,3692.045695393883,2.0,2014.0,4.0,0.0,0.0
943,1.0,2.0,24.0,49.01680740743122,2.0,2.0,0.0,2.0,1.0,5180.188328243866,2.0,2018.0,12.0,0.0,0.0
944,1.0,7.0,14.0,17.05806350963001,2.0,2.0,0.0,2.0,3.0,2728.8849509101924,2.0,2017.0,5.0,0.0,0.0
945,1.0,7.0,23.0,19.93348059572083,1.0,2.0,0.0,3.0,3.0,6720.742117127936,2.0,2014.0,2.0,0.0,0.0
946,1.0,1.0,2.0,40.93891245390568,2.0,2.0,0.0,3.0,2.0,7550.532400651304,2.0,2013.0,6.0,0.0,0.0
947,1.0,2.0,4.0,45.949100361721435,1.0,2.0,0.0,3.0,1.0,7062.56266723203,2.0,2017.0,11.0,2018.0,7.0
948,1.0,2.0,4.0,45.95081300852301,1.0,4.0,56746.9906782223,2.0,3.0,6742.093508207386,2.0,2015.0,9.0,2017.0,3.0
949,1.0,4.0,12.0,4.930919328380529,2.0,4.0,66843.76688315939,3.0,3.0,2390.0129648574343,2.0,2018.0,12.0,0.0,0.0
950,1.0,7.0,21.0,24.951585551884936,2.0,2.0,0.0,1.0,2.0,3986.7110601730005,2.0,2012.0,12.0,0.0,0.0
951,1.0,2.0,24.0,50.018319502995425,1.0,2.0,0.0,2.0,3.0,2498.4552322382924,2.0,2014.0,7.0,0.0,0.0
952,1.0,7.0,10.0,30.107369063033037,2.0,1.0,66165.4205092431,1.0,3.0,41483.58363300511,2.0,2017.0,5.0,0.0,0.0
953,1.0,9.0,22.0,14.945285737588797,1.0,2.0,0.0,3.0,2.0,4691.773617864372,2.0,2018.0,12.0,0.0,0.0
954,1.0,6.0,7.0,1.9904437005762499,2.0,1.0,73562.47183173524,2.0,1.0,10280.998466802192,2.0,2016.0,3.0,0.0,0.0
955,1.0,7.0,21.0,34.96428176904627,1.0,1.0,77670.776405774,2.0,2.0,6094.222188362804,2.0,2016.0,5.0,0.0,0.0
956,1.0,9.0,13.0,9.058859319983195,2.0,5.0,124368.1059668092,2.0,3.0,7057.355185622909,2.0,2014.0,12.0,2018.0,12.0
957,1.0,2.0,27.0,53.01658663816566,2.0,1.0,63047.0545965461,2.0,2.0,9094.981277737708,2.0,2015.0,12.0,2016.0,8.0
958,1.0,9.0,13.0,14.270196541165987,2.0,2.0,0.0,3.0,3.0,20368.422763805636,2.0,2013.0,11.0,2017.0,5.0
959,1.0,9.0,13.0,8.973752915104036,2.0,2.0,0.0,3.0,3.0,4319.703416884897,2.0,2013.0,11.0,2016.0,3.0
960,1.0,7.0,21.0,34.96032736015862,1.0,1.0,77641.7733969717,2.0,2.0,6169.6045578309595,2.0,2016.0,5.0,0.0,0.0
961,1.0,7.0,21.0,33.94858844335689,1.0,2.0,0.0,3.0,3.0,10550.306840010575,2.0,2016.0,4.0,0.0,0.0
962,1.0,9.0,13.0,9.004713756742845,2.0,1.0,84256.16082177254,3.0,3.0,2475.636130703008,2.0,2012.0,4.0,0.0,0.0
963,1.0,2.0,24.0,51.0,1.0,1.0,96701.26555377638,2.0,2.0,5476.274687399135,2.0,2014.0,5.0,0.0,0.0
964,1.0,2.0,27.0,52.994833687776946,1.0,2.0,0.0,3.0,2.0,3294.081069692115,2.0,2013.0,10.0,0.0,0.0
965,1.0,7.0,21.0,35.01212035929347,2.0,2.0,0.0,2.0,2.0,5146.563073876002,2.0,2012.0,12.0,0.0,0.0
966,1.0,3.0,29.0,35.985837939047805,1.0,1.0,94042.89962738274,2.0,2.0,3889.8753644411154,2.0,2015.0,5.0,0.0,0.0
967,1.0,2.0,24.0,51.0,2.0,3.0,195954.61082375605,1.0,3.0,2394.4649429552624,2.0,2016.0,1.0,0.0,0.0
968,1.0,9.0,13.0,9.015209425083022,1.0,2.0,0.0,2.0,3.0,9117.57851484794,2.0,2017.0,3.0,0.0,0.0
969,1.0,4.0,12.0,4.974539847545989,2.0,3.0,187004.41852028223,3.0,1.0,6722.897363745995,2.0,2016.0,10.0,0.0,0.0
970,1.0,2.0,24.0,51.0,2.0,2.0,0.0,2.0,3.0,6006.870978132139,2.0,2017.0,3.0,0.0,0.0
971,1.0,7.0,21.0,21.06493363058461,2.0,1.0,66247.05111033304,2.0,3.0,8885.414385296282,2.0,2012.0,12.0,0.0,0.0
972,1.0,7.0,21.0,32.9442652877668,2.0,1.0,95503.58451270101,2.0,3.0,2545.3252277963943,2.0,2016.0,4.0,0.0,0.0
973,1.0,7.0,21.0,20.992993989118908,1.0,2.0,0.0,3.0,3.0,2384.6743013385044,2.0,2015.0,2.0,0.0,0.0
974,1.0,1.0,15.0,44.966684329051304,1.0,1.0,61807.159169746395,1.0,1.0,8191.036754491685,2.0,2014.0,4.0,2014.0,12.0
975,1.0,7.0,21.0,33.95972426076267,2.0,2.0,0.0,2.0,2.0,4284.182508580033,2.0,2018.0,8.0,0.0,0.0
976,1.0,2.0,4.0,45.93781016199303,1.0,1.0,60088.30697373447,1.0,2.0,4826.911703150811,2.0,2014.0,5.0,0.0,0.0
977,1.0,7.0,21.0,34.803222217909315,1.0,1.0,82779.03112982475,1.0,2.0,5188.443336352552,2.0,2014.0,8.0,2016.0,1.0
978,1.0,4.0,6.0,5.9793385713486185,1.0,1.0,85913.97550409508,2.0,3.0,2576.3963864441776,2.0,2014.0,7.0,0.0,0.0
979,1.0,7.0,23.0,20.01594137870626,2.0,1.0,49617.83062194225,1.0,1.0,5538.5095523518485,1.0,2018.0,4.0,0.0,0.0
980,1.0,7.0,14.0,17.01413655357824,2.0,1.0,61694.32376816459,2.0,1.0,8201.601056601225,2.0,2013.0,1.0,0.0,0.0
981,1.0,9.0,13.0,10.005881236096203,1.0,1.0,56735.230489598194,2.0,2.0,7270.243658136644,2.0,2013.0,10.0,0.0,0.0
982,1.0,1.0,5.0,41.801227497720674,2.0,1.0,57971.596250217255,2.0,2.0,3552.0779097626337,2.0,2016.0,2.0,0.0,0.0
983,1.0,2.0,24.0,49.0245026916562,1.0,3.0,65098.89087308618,2.0,1.0,13448.444058279943,2.0,2017.0,5.0,0.0,0.0
984,1.0,1.0,15.0,45.03459413771244,1.0,2.0,0.0,3.0,3.0,9097.415901460208,2.0,2015.0,9.0,0.0,0.0
985,1.0,2.0,4.0,46.097124898321894,1.0,2.0,0.0,3.0,3.0,4886.53883901299,2.0,2012.0,12.0,0.0,0.0
986,1.0,3.0,29.0,38.26105649309418,2.0,1.0,79124.73692335875,2.0,3.0,6832.829489101376,2.0,2016.0,8.0,0.0,0.0
987,1.0,9.0,13.0,10.000437460814044,2.0,1.0,51209.8193534423,2.0,2.0,25154.460065903822,2.0,2016.0,2.0,0.0,0.0
988,1.0,7.0,10.0,30.024793774403786,2.0,5.0,118464.9142515748,1.0,3.0,11819.725337375898,2.0,2012.0,11.0,0.0,0.0
989,1.0,2.0,4.0,45.811946890971925,2.0,2.0,0.0,3.0,2.0,3724.071227945156,2.0,2018.0,7.0,0.0,0.0
990,1.0,7.0,21.0,32.002628056374014,2.0,2.0,0.0,2.0,2.0,4044.3278116960387,2.0,2016.0,6.0,0.0,0.0
991,1.0,9.0,16.0,7.000964011763934,1.0,2.0,0.0,2.0,2.0,5496.695887701837,2.0,2016.0,12.0,0.0,0.0
992,1.0,9.0,16.0,6.99966253456757,2.0,1.0,64198.81510080433,2.0,3.0,6016.756161217577,2.0,2018.0,10.0,0.0,0.0
993,1.0,2.0,24.0,49.99921011085663,1.0,1.0,86968.35674493297,1.0,1.0,7933.172219469636,1.0,2018.0,2.0,0.0,0.0
994,1.0,7.0,14.0,17.096464037134048,1.0,1.0,51289.958254405174,3.0,2.0,7465.725258554237,2.0,2017.0,3.0,0.0,0.0
995,1.0,7.0,21.0,30.94770742232695,2.0,1.0,91134.08507992445,2.0,1.0,7354.489154154581,2.0,2016.0,4.0,0.0,0.0
996,1.0,7.0,14.0,16.972098560561072,2.0,1.0,66569.6229654359,3.0,2.0,7632.191795529287,1.0,2018.0,4.0,0.0,0.0
997,1.0,7.0,14.0,17.104878259112446,1.0,2.0,0.0,3.0,3.0,6276.196506443711,2.0,2016.0,2.0,0.0,0.0
998,1.0,2.0,24.0,50.00964432471992,2.0,1.0,58367.45739084996,2.0,3.0,2932.5791558387614,2.0,2014.0,3.0,0.0,0.0
999,1.0,7.0,11.0,27.127192177959856,1.0,2.0,0.0,3.0,3.0,20411.337512957656,2.0,2017.0,5.0,0.0,0.0
