session_id,user_id,action,action_type,action_detail,device_type,secs_elapsed
1,1122,158.0,7.0,92.0,6.0,528.0
2,1122,107.0,0.0,0.0,6.0,541.0
3,1122,23.0,2.0,17.0,6.0,156.0
4,1122,81.0,7.0,97.0,6.0,286.0
5,1122,118.0,3.0,101.0,6.0,1674.0
6,1122,154.0,2.0,99.0,6.0,37336.0
7,1122,158.0,7.0,57.0,6.0,16452.0
8,1122,23.0,2.0,17.0,6.0,66.0
9,1122,105.0,0.0,0.0,6.0,22663.0
10,1122,74.0,3.0,34.0,6.0,4.0
41,875,183.0,6.0,88.0,8.0,246391.0
42,875,23.0,2.0,17.0,8.0,539.0
43,875,165.0,3.0,78.0,8.0,166.0
44,875,165.0,3.0,78.0,8.0,231.0
45,875,118.0,3.0,101.0,8.0,999.0
46,875,183.0,6.0,85.0,8.0,87704.0
47,875,158.0,7.0,57.0,8.0,7660.0
48,875,183.0,6.0,85.0,8.0,6318.0
49,875,105.0,0.0,0.0,8.0,2705.0
50,875,118.0,3.0,101.0,8.0,657.0
51,616,60.0,7.0,28.0,6.0,14784.0
52,616,31.0,6.0,20.0,6.0,826.0
53,616,54.0,6.0,24.0,6.0,427884.0
54,616,60.0,7.0,28.0,6.0,6.0
55,616,74.0,3.0,34.0,6.0,1621.0
56,616,49.0,2.0,19.0,6.0,118456.0
57,616,60.0,7.0,28.0,6.0,1234.0
58,616,183.0,6.0,88.0,6.0,296295.0
59,616,61.0,7.0,68.0,6.0,10055.0
60,616,56.0,7.0,26.0,6.0,674.0
226,1048,107.0,0.0,0.0,6.0,157.0
227,1048,81.0,7.0,99.0,6.0,2569.0
228,1048,23.0,2.0,17.0,6.0,1184.0
229,1048,118.0,3.0,101.0,6.0,62.0
230,1048,118.0,3.0,101.0,6.0,854.0
231,1048,23.0,2.0,17.0,6.0,1921.0
232,1048,165.0,3.0,78.0,6.0,0.0
233,1048,165.0,3.0,78.0,6.0,15.0
234,1048,118.0,3.0,101.0,6.0,5846.0
235,1048,118.0,3.0,101.0,6.0,944.0
246,1905,154.0,2.0,99.0,6.0,41814.0
247,1905,154.0,2.0,99.0,6.0,274.0
248,1905,23.0,2.0,17.0,6.0,653.0
249,1905,158.0,7.0,57.0,6.0,11132.0
250,1905,158.0,7.0,57.0,6.0,7640.0
251,1905,165.0,3.0,78.0,6.0,86.0
252,1905,81.0,7.0,99.0,6.0,22710.0
253,1905,118.0,3.0,101.0,6.0,631.0
254,1905,183.0,6.0,85.0,6.0,261106.0
255,1905,23.0,2.0,17.0,6.0,599.0
256,155,49.0,2.0,19.0,2.0,23718.0
257,155,10.0,0.0,0.0,8.0,98805.0
258,155,74.0,3.0,34.0,8.0,215.0
259,155,33.0,6.0,43.0,8.0,1480405.0
260,155,31.0,6.0,20.0,8.0,508.0
261,155,133.0,7.0,50.0,8.0,39161.0
262,155,74.0,3.0,34.0,8.0,399.0
263,155,187.0,0.0,0.0,8.0,19235.0
264,155,56.0,7.0,26.0,2.0,373.0
265,155,33.0,6.0,43.0,8.0,11760.0
266,2027,165.0,3.0,78.0,6.0,663.0
267,2027,158.0,7.0,56.0,6.0,221118.0
268,2027,81.0,7.0,99.0,6.0,46160.0
269,2027,158.0,7.0,57.0,6.0,33917.0
270,2027,118.0,3.0,101.0,6.0,1224.0
271,2027,118.0,3.0,101.0,6.0,1001.0
272,2027,74.0,3.0,34.0,6.0,941.0
273,2027,81.0,7.0,99.0,6.0,11991.0
274,2027,23.0,2.0,17.0,6.0,124.0
275,2027,158.0,7.0,57.0,6.0,9881.0
312,3151,56.0,7.0,26.0,8.0,1635.0
313,3151,49.0,2.0,19.0,8.0,24346.0
314,3151,31.0,6.0,20.0,8.0,981.0
315,3151,56.0,7.0,26.0,8.0,769.0
316,3151,74.0,3.0,34.0,8.0,592.0
337,2857,133.0,7.0,50.0,6.0,4899.0
338,2857,74.0,3.0,34.0,6.0,1246.0
339,2857,81.0,7.0,99.0,6.0,23024.0
340,2857,81.0,7.0,50.0,6.0,282724.0
341,2857,154.0,2.0,99.0,6.0,32242.0
342,2857,165.0,3.0,78.0,6.0,36.0
343,2857,158.0,7.0,57.0,6.0,795.0
344,2857,118.0,3.0,101.0,6.0,3673.0
345,2857,158.0,7.0,57.0,6.0,10391.0
346,2857,81.0,7.0,50.0,6.0,2843.0
347,763,154.0,2.0,99.0,8.0,856.0
348,763,118.0,3.0,101.0,8.0,709.0
349,763,118.0,3.0,101.0,8.0,1251.0
350,763,154.0,2.0,99.0,8.0,7979.0
351,763,158.0,7.0,57.0,8.0,13860.0
352,763,154.0,2.0,99.0,8.0,10034.0
353,763,154.0,2.0,99.0,8.0,4905.0
354,763,154.0,2.0,99.0,8.0,974.0
355,763,154.0,2.0,99.0,8.0,15030.0
356,763,23.0,2.0,17.0,8.0,437.0
367,3162,105.0,0.0,0.0,10.0,4694.0
368,3162,81.0,7.0,99.0,10.0,2381.0
369,3162,54.0,0.0,0.0,10.0,9617.0
370,3162,81.0,7.0,99.0,10.0,5605.0
371,3162,183.0,6.0,85.0,10.0,3996.0
372,3162,74.0,3.0,34.0,10.0,1221.0
373,3162,118.0,3.0,101.0,10.0,81.0
374,980,23.0,2.0,17.0,6.0,92662.0
375,980,81.0,7.0,99.0,6.0,7703.0
376,980,165.0,3.0,78.0,6.0,73.0
377,980,154.0,2.0,99.0,6.0,97735.0
378,980,118.0,3.0,101.0,6.0,96.0
379,980,118.0,3.0,101.0,6.0,676.0
380,980,118.0,3.0,101.0,6.0,0.0
381,980,154.0,2.0,99.0,6.0,56735.0
382,980,158.0,7.0,57.0,6.0,276.0
383,980,158.0,7.0,57.0,6.0,6759.0
415,1947,23.0,2.0,17.0,6.0,1292.0
416,1947,187.0,0.0,0.0,6.0,15570.0
417,1947,147.0,7.0,60.0,6.0,1059.0
418,1947,99.0,0.0,0.0,0.0,222.0
419,1947,118.0,3.0,101.0,6.0,1168.0
420,1947,118.0,3.0,101.0,6.0,19.0
421,1947,178.0,7.0,104.0,6.0,561.0
422,1947,33.0,6.0,43.0,6.0,70562.0
423,1947,23.0,2.0,17.0,6.0,3232.0
424,1947,116.0,1.0,62.0,6.0,0.0
435,1586,178.0,7.0,104.0,6.0,641.0
436,1586,158.0,7.0,57.0,6.0,158766.0
437,1586,158.0,7.0,57.0,6.0,330.0
438,1586,116.0,1.0,62.0,6.0,0.0
439,1586,159.0,3.0,93.0,6.0,806.0
440,1586,147.0,7.0,60.0,6.0,10514.0
441,1586,36.0,0.0,0.0,6.0,4828.0
442,1586,178.0,7.0,104.0,6.0,37043.0
443,1586,41.0,7.0,15.0,6.0,101966.0
444,1586,154.0,2.0,99.0,6.0,66103.0
465,2303,10.0,0.0,0.0,6.0,708.0
466,2303,118.0,3.0,101.0,6.0,126.0
467,2303,74.0,3.0,34.0,6.0,421.0
468,2303,158.0,7.0,57.0,6.0,1572.0
469,2303,61.0,7.0,68.0,6.0,34233.0
470,2303,15.0,0.0,0.0,6.0,44352.0
471,2303,10.0,0.0,0.0,6.0,56940.0
472,2303,56.0,7.0,26.0,6.0,11499.0
473,2303,23.0,2.0,17.0,6.0,6215.0
474,2303,165.0,3.0,78.0,6.0,640.0
475,1006,166.0,3.0,95.0,1.0,766.0
476,1006,158.0,7.0,92.0,1.0,1319.0
477,1006,44.0,7.0,97.0,1.0,421.0
478,1006,6.0,0.0,0.0,1.0,128.0
479,1006,166.0,3.0,95.0,1.0,736.0
480,1006,6.0,0.0,0.0,1.0,34.0
481,1006,6.0,0.0,0.0,1.0,94.0
482,1006,153.0,2.0,99.0,1.0,17043.0
483,1006,6.0,0.0,0.0,1.0,234.0
484,1006,158.0,7.0,92.0,1.0,954.0
495,5,6.0,0.0,0.0,11.0,529.0
496,5,183.0,6.0,87.0,11.0,4341.0
497,5,183.0,6.0,87.0,11.0,10633.0
498,5,158.0,7.0,57.0,11.0,578.0
499,5,91.0,7.0,91.0,11.0,733.0
500,5,183.0,6.0,85.0,11.0,145179.0
501,5,158.0,0.0,0.0,0.0,502.0
502,5,6.0,0.0,0.0,11.0,99.0
503,5,6.0,0.0,0.0,0.0,1122.0
504,5,54.0,6.0,23.0,11.0,6596.0
558,2301,154.0,2.0,99.0,8.0,10844.0
559,2301,154.0,2.0,99.0,8.0,46779.0
560,2301,154.0,2.0,99.0,8.0,20048.0
561,2301,154.0,2.0,99.0,8.0,11211.0
562,2301,154.0,2.0,99.0,8.0,5327.0
563,2301,60.0,7.0,28.0,8.0,11895.0
564,2301,81.0,7.0,99.0,8.0,29154.0
565,2301,165.0,3.0,78.0,8.0,598.0
566,2301,49.0,2.0,19.0,8.0,131482.0
567,2301,118.0,3.0,101.0,8.0,1778.0
618,2884,183.0,6.0,85.0,8.0,20232.0
619,2884,154.0,2.0,99.0,8.0,3158.0
620,2884,21.0,0.0,0.0,8.0,7.0
621,2884,154.0,2.0,99.0,8.0,9236.0
622,2884,154.0,2.0,99.0,8.0,134329.0
623,2884,154.0,2.0,99.0,8.0,1585.0
624,2884,183.0,6.0,85.0,8.0,416.0
625,2884,183.0,6.0,85.0,8.0,31297.0
626,2884,154.0,2.0,99.0,8.0,31976.0
627,2884,154.0,2.0,99.0,8.0,5911.0
648,1584,74.0,3.0,34.0,6.0,269.0
649,1584,154.0,2.0,99.0,6.0,20531.0
650,1584,9.0,2.0,14.0,6.0,6.0
651,1584,81.0,0.0,0.0,6.0,1102.0
652,1584,81.0,0.0,0.0,6.0,43.0
653,1584,178.0,7.0,104.0,6.0,2665.0
654,1584,187.0,0.0,0.0,6.0,17785.0
655,1584,60.0,7.0,28.0,6.0,2471.0
656,1584,183.0,0.0,0.0,6.0,29222.0
657,1584,78.0,0.0,0.0,6.0,1541.0
668,544,165.0,3.0,78.0,6.0,464.0
669,544,7.0,0.0,0.0,6.0,384063.0
670,544,118.0,3.0,101.0,6.0,591.0
671,544,23.0,2.0,17.0,6.0,498.0
672,544,158.0,7.0,57.0,6.0,492.0
673,544,23.0,2.0,17.0,6.0,67.0
674,544,81.0,7.0,50.0,6.0,942.0
675,544,158.0,7.0,57.0,6.0,187.0
676,544,158.0,7.0,57.0,6.0,188.0
677,544,81.0,7.0,50.0,6.0,833.0
678,660,154.0,2.0,99.0,6.0,9421.0
679,660,159.0,3.0,93.0,6.0,1788.0
680,660,154.0,2.0,99.0,6.0,33178.0
681,660,165.0,3.0,78.0,6.0,163.0
682,660,154.0,2.0,99.0,6.0,6148.0
683,660,81.0,7.0,99.0,6.0,198243.0
684,660,154.0,2.0,99.0,6.0,204559.0
685,660,118.0,3.0,101.0,6.0,1862.0
686,660,49.0,2.0,19.0,6.0,9662.0
687,660,118.0,3.0,101.0,6.0,876.0
688,1007,133.0,7.0,50.0,6.0,606895.0
689,1007,74.0,3.0,34.0,6.0,4546.0
690,1007,54.0,6.0,24.0,6.0,40410.0
691,1007,60.0,7.0,28.0,6.0,4059.0
692,1007,89.0,0.0,0.0,6.0,24895.0
693,1007,183.0,6.0,88.0,6.0,11944.0
694,1007,60.0,7.0,28.0,6.0,329338.0
695,1007,158.0,7.0,92.0,6.0,335.0
696,1007,134.0,6.0,73.0,6.0,1204.0
697,1007,147.0,7.0,60.0,6.0,1629.0
738,2736,165.0,3.0,78.0,8.0,174.0
739,2736,147.0,7.0,60.0,8.0,1333.0
740,2736,54.0,6.0,24.0,8.0,176257.0
741,2736,147.0,7.0,60.0,8.0,640.0
742,2736,23.0,2.0,17.0,8.0,8075.0
743,2736,147.0,7.0,60.0,8.0,1308.0
744,2736,178.0,7.0,104.0,8.0,627.0
745,2736,158.0,7.0,92.0,8.0,1170.0
746,2736,147.0,6.0,65.0,8.0,34331.0
747,2736,74.0,3.0,34.0,8.0,3584.0
748,1303,154.0,2.0,99.0,6.0,10755.0
749,1303,183.0,6.0,85.0,6.0,0.0
750,1303,154.0,2.0,99.0,6.0,25362.0
751,1303,81.0,7.0,99.0,6.0,19065.0
752,1303,9.0,2.0,14.0,6.0,1624.0
753,1303,165.0,3.0,78.0,6.0,141.0
754,1303,118.0,3.0,101.0,6.0,82372.0
755,1303,118.0,3.0,101.0,6.0,0.0
756,1303,118.0,3.0,101.0,6.0,30994.0
757,1303,105.0,0.0,0.0,6.0,5518.0
802,3080,54.0,6.0,24.0,5.0,45.0
803,3080,147.0,7.0,60.0,5.0,1291.0
804,3080,54.0,6.0,24.0,5.0,51277.0
805,3080,89.0,0.0,0.0,5.0,160739.0
806,3080,158.0,7.0,92.0,5.0,1038.0
807,3080,147.0,7.0,60.0,5.0,7317.0
808,3080,87.0,0.0,0.0,5.0,43853.0
809,3080,60.0,7.0,28.0,5.0,6298.0
810,3080,60.0,7.0,28.0,5.0,5174.0
811,3080,183.0,6.0,88.0,5.0,7325.0
812,3101,158.0,0.0,0.0,0.0,250.0
911,363,56.0,7.0,26.0,6.0,809.0
912,363,147.0,7.0,60.0,6.0,715.0
913,363,54.0,6.0,24.0,6.0,392633.0
914,363,147.0,7.0,60.0,6.0,1426.0
915,363,147.0,7.0,60.0,6.0,115042.0
916,363,178.0,7.0,104.0,6.0,518729.0
917,363,147.0,7.0,60.0,6.0,563.0
918,363,147.0,7.0,60.0,6.0,14402.0
919,363,159.0,3.0,93.0,6.0,706.0
920,363,147.0,6.0,65.0,6.0,7179.0
921,1605,143.0,7.0,67.0,6.0,1100.0
922,1605,23.0,2.0,17.0,6.0,507.0
923,1605,118.0,3.0,101.0,6.0,1302.0
924,1605,158.0,7.0,57.0,6.0,1337287.0
925,1605,119.0,0.0,0.0,6.0,725.0
926,1605,183.0,6.0,88.0,6.0,45990.0
927,1605,158.0,7.0,57.0,6.0,1131111.0
928,1605,158.0,7.0,57.0,6.0,545164.0
929,1605,23.0,2.0,17.0,6.0,836.0
930,1605,74.0,3.0,34.0,6.0,530.0
961,1932,154.0,2.0,99.0,6.0,1559.0
962,1932,118.0,3.0,101.0,6.0,1648.0
963,1932,74.0,3.0,34.0,6.0,648.0
964,1932,118.0,3.0,101.0,6.0,16369.0
965,1932,165.0,3.0,78.0,6.0,812.0
966,1932,154.0,2.0,99.0,6.0,10073.0
967,1932,81.0,7.0,99.0,6.0,818.0
968,1932,154.0,2.0,99.0,6.0,2527.0
969,1932,118.0,3.0,101.0,6.0,899.0
970,1932,100.0,7.0,97.0,6.0,3770.0
971,3013,78.0,0.0,0.0,6.0,4272.0
972,3013,19.0,0.0,0.0,6.0,452.0
973,3013,107.0,0.0,0.0,6.0,51.0
974,3013,5.0,0.0,0.0,6.0,135883.0
975,3013,15.0,0.0,0.0,6.0,154925.0
976,3013,81.0,7.0,102.0,6.0,556.0
977,3013,60.0,7.0,28.0,6.0,6580.0
978,3013,158.0,7.0,57.0,6.0,583.0
979,3013,60.0,7.0,28.0,6.0,981.0
980,3013,19.0,0.0,0.0,6.0,9286.0
981,1349,81.0,0.0,0.0,2.0,6409.0
982,1349,166.0,3.0,95.0,2.0,105.0
983,1349,153.0,2.0,99.0,2.0,16173.0
984,1349,6.0,0.0,0.0,2.0,205.0
985,1349,44.0,7.0,97.0,2.0,194371.0
986,1349,166.0,3.0,95.0,2.0,144.0
987,1349,6.0,0.0,0.0,2.0,383.0
988,1349,44.0,7.0,97.0,2.0,3575.0
989,1349,81.0,0.0,0.0,2.0,367.0
990,1349,49.0,2.0,19.0,2.0,24321.0
1021,1031,141.0,3.0,40.0,2.0,725.0
1022,1031,153.0,2.0,99.0,2.0,2948.0
1023,1031,153.0,2.0,99.0,2.0,43718.0
1024,1031,141.0,3.0,40.0,2.0,5570.0
1025,1031,44.0,7.0,97.0,2.0,1637605.0
1026,1031,6.0,0.0,0.0,2.0,53334.0
1027,1031,81.0,0.0,0.0,2.0,5372.0
1028,1031,81.0,0.0,0.0,2.0,733.0
1029,1031,112.0,3.0,61.0,2.0,257.0
1030,1031,166.0,3.0,95.0,2.0,2220.0
1051,26,54.0,6.0,24.0,8.0,20794.0
1052,26,60.0,7.0,28.0,8.0,747.0
1053,26,119.0,0.0,0.0,8.0,949.0
1054,26,60.0,7.0,28.0,8.0,856.0
1055,26,158.0,7.0,56.0,8.0,768135.0
1056,26,89.0,0.0,0.0,8.0,53560.0
1057,26,126.0,0.0,0.0,8.0,45576.0
1058,26,187.0,0.0,0.0,8.0,19672.0
1059,26,74.0,3.0,34.0,8.0,2273.0
1060,26,60.0,7.0,28.0,8.0,604.0
1101,554,31.0,6.0,20.0,8.0,973.0
1102,339,181.0,3.0,84.0,1.0,3296.0
1103,339,158.0,7.0,57.0,1.0,17034.0
1104,339,44.0,7.0,97.0,1.0,11693.0
1105,339,166.0,3.0,95.0,1.0,531.0
1106,339,166.0,3.0,95.0,1.0,443.0
1107,339,81.0,0.0,0.0,1.0,13010.0
1108,339,158.0,7.0,92.0,1.0,575.0
1109,339,166.0,3.0,95.0,1.0,895.0
1110,339,44.0,7.0,97.0,1.0,19832.0
1111,339,81.0,0.0,0.0,1.0,789.0
1112,1149,133.0,7.0,50.0,8.0,3449.0
1113,1149,74.0,3.0,34.0,8.0,560.0
1114,1149,50.0,6.0,54.0,8.0,5911.0
1115,1149,133.0,7.0,50.0,8.0,753.0
1116,1149,159.0,3.0,93.0,8.0,17.0
1117,1149,78.0,0.0,0.0,8.0,1755.0
1118,1149,81.0,7.0,50.0,8.0,1026.0
1119,1149,78.0,0.0,0.0,8.0,2200.0
1120,1149,126.0,0.0,0.0,8.0,20317.0
1121,1149,126.0,0.0,0.0,8.0,11006.0
1122,2321,81.0,7.0,99.0,6.0,31649.0
1123,2321,23.0,2.0,17.0,6.0,660.0
1124,2321,81.0,7.0,99.0,6.0,759.0
1125,2321,165.0,3.0,78.0,6.0,1024.0
1126,2321,23.0,2.0,17.0,6.0,27.0
1127,2321,165.0,3.0,78.0,6.0,277.0
1128,2321,81.0,7.0,99.0,6.0,252.0
1129,2321,81.0,7.0,99.0,6.0,1008.0
1130,2321,165.0,3.0,78.0,6.0,394.0
1131,2321,165.0,3.0,78.0,6.0,536.0
1132,3129,154.0,2.0,99.0,6.0,1431.0
1133,3129,158.0,7.0,92.0,6.0,39119.0
1134,3129,81.0,0.0,0.0,6.0,1015.0
1135,3129,56.0,7.0,26.0,6.0,11987.0
1136,3129,36.0,0.0,0.0,6.0,77838.0
1137,3129,154.0,2.0,99.0,6.0,8908.0
1138,3129,158.0,7.0,92.0,6.0,339.0
1139,3129,158.0,7.0,57.0,6.0,14862.0
1140,3129,151.0,0.0,0.0,6.0,574.0
1141,3129,60.0,7.0,28.0,6.0,1488.0
1199,1472,158.0,7.0,57.0,8.0,334.0
1200,1472,165.0,3.0,78.0,8.0,79.0
1201,1472,158.0,7.0,57.0,8.0,106809.0
1202,1472,158.0,7.0,57.0,8.0,61543.0
1203,1472,154.0,2.0,99.0,8.0,10471.0
1204,1472,165.0,3.0,78.0,8.0,62.0
1205,1472,154.0,2.0,99.0,8.0,126.0
1206,1472,31.0,6.0,20.0,8.0,863.0
1207,1472,165.0,3.0,78.0,8.0,875.0
1208,1472,118.0,3.0,101.0,8.0,1507.0
1229,2131,74.0,3.0,34.0,8.0,625.0
1230,2131,154.0,2.0,99.0,8.0,43638.0
1231,2131,178.0,7.0,104.0,8.0,713.0
1232,2131,118.0,3.0,101.0,8.0,26.0
1233,2131,154.0,2.0,99.0,8.0,18987.0
1234,2131,81.0,7.0,99.0,8.0,40013.0
1235,2131,165.0,3.0,78.0,8.0,264.0
1236,2131,147.0,7.0,60.0,8.0,1327.0
1237,2131,116.0,1.0,62.0,8.0,135100.0
1238,2131,23.0,2.0,17.0,8.0,1259.0
1269,357,166.0,3.0,95.0,11.0,644.0
1270,357,81.0,3.0,72.0,11.0,1238.0
1271,357,81.0,3.0,72.0,11.0,13255.0
1272,357,91.0,7.0,91.0,11.0,307.0
1273,357,183.0,6.0,87.0,11.0,17908.0
1274,357,6.0,0.0,0.0,11.0,40.0
1275,357,153.0,2.0,99.0,11.0,15995.0
1276,357,166.0,3.0,95.0,11.0,1640.0
1277,357,54.0,0.0,0.0,11.0,240.0
1278,357,6.0,0.0,0.0,11.0,100.0
1290,362,74.0,3.0,34.0,6.0,2741.0
1291,503,147.0,6.0,65.0,7.0,10700.0
1292,503,165.0,3.0,78.0,7.0,664.0
1293,503,23.0,2.0,17.0,7.0,4474.0
1294,503,147.0,7.0,60.0,7.0,1710.0
1295,503,56.0,7.0,26.0,7.0,895.0
1296,503,147.0,6.0,65.0,7.0,22644.0
1297,503,81.0,7.0,102.0,7.0,422.0
1298,503,81.0,7.0,102.0,7.0,2052.0
1299,503,81.0,7.0,102.0,7.0,1024.0
1300,503,165.0,3.0,78.0,7.0,158.0
1306,2956,56.0,7.0,26.0,6.0,866.0
1307,2956,165.0,3.0,78.0,6.0,127.0
1308,2956,23.0,2.0,17.0,6.0,1126.0
1309,2956,74.0,3.0,34.0,6.0,5718.0
1310,2956,158.0,7.0,57.0,6.0,30282.0
1311,2956,23.0,2.0,17.0,6.0,29727.0
1312,2956,49.0,2.0,19.0,6.0,44118.0
1313,2956,165.0,3.0,78.0,6.0,728847.0
1314,2956,23.0,2.0,17.0,6.0,41.0
1315,2956,118.0,3.0,101.0,6.0,2501.0
1356,385,187.0,0.0,0.0,6.0,21926.0
1357,385,33.0,6.0,43.0,6.0,582514.0
1358,385,78.0,0.0,0.0,6.0,967.0
1359,385,37.0,5.0,55.0,6.0,10207.0
1360,385,147.0,7.0,60.0,6.0,1429.0
1361,385,74.0,3.0,34.0,6.0,1770.0
1362,385,147.0,7.0,60.0,6.0,1017.0
1363,385,158.0,7.0,56.0,6.0,420.0
1364,385,81.0,7.0,99.0,6.0,47968.0
1365,385,81.0,0.0,0.0,6.0,8603.0
1406,301,154.0,2.0,99.0,8.0,1875.0
1407,301,36.0,0.0,0.0,8.0,32003.0
1408,301,154.0,2.0,99.0,8.0,57986.0
1409,301,118.0,3.0,101.0,8.0,694497.0
1410,301,23.0,2.0,17.0,8.0,2740.0
1411,301,81.0,7.0,99.0,8.0,12009.0
1412,301,154.0,2.0,99.0,8.0,142.0
1413,301,154.0,2.0,99.0,8.0,12373.0
1414,301,158.0,7.0,57.0,8.0,44891.0
1415,301,118.0,3.0,101.0,8.0,396.0
1416,99,165.0,3.0,78.0,8.0,23.0
1417,99,23.0,2.0,17.0,8.0,337.0
1418,99,23.0,2.0,17.0,8.0,12088.0
1419,99,31.0,6.0,20.0,8.0,1034.0
1420,99,74.0,3.0,34.0,8.0,451.0
1421,99,9.0,2.0,14.0,8.0,20.0
1422,99,165.0,3.0,78.0,8.0,4815.0
1423,99,23.0,2.0,17.0,8.0,0.0
1474,2324,92.0,7.0,45.0,8.0,8079.0
1475,2324,178.0,7.0,104.0,8.0,18345.0
1476,2324,158.0,7.0,57.0,8.0,307.0
1477,2324,74.0,3.0,34.0,8.0,2491.0
1478,2324,133.0,7.0,50.0,8.0,404.0
1479,2324,133.0,7.0,50.0,8.0,1114.0
1480,2324,118.0,3.0,101.0,8.0,230.0
1481,2324,158.0,7.0,57.0,8.0,6047.0
1482,2324,187.0,0.0,0.0,8.0,253521.0
1483,2324,147.0,7.0,60.0,8.0,304.0
1484,2678,15.0,0.0,0.0,6.0,95999.0
1485,2678,158.0,7.0,92.0,6.0,31026.0
1486,2678,60.0,7.0,28.0,6.0,5848.0
1487,2678,178.0,7.0,104.0,6.0,45079.0
1488,2678,103.0,7.0,1.0,6.0,745.0
1489,2678,147.0,7.0,60.0,6.0,1002.0
1490,2678,74.0,3.0,34.0,11.0,3354.0
1491,2678,81.0,0.0,0.0,11.0,19768.0
1492,2678,78.0,0.0,0.0,6.0,1436.0
1493,2678,131.0,0.0,0.0,6.0,555.0
1504,181,165.0,3.0,78.0,8.0,596.0
1505,181,118.0,3.0,101.0,8.0,30.0
1506,181,81.0,7.0,102.0,8.0,976.0
1507,181,56.0,7.0,26.0,8.0,326.0
1508,181,56.0,7.0,26.0,8.0,924.0
1509,181,178.0,7.0,104.0,8.0,758.0
1510,181,74.0,3.0,34.0,8.0,698.0
1511,181,56.0,7.0,26.0,8.0,376.0
1512,181,49.0,2.0,19.0,8.0,26982.0
1513,181,23.0,2.0,17.0,8.0,80.0
1544,2288,54.0,6.0,24.0,6.0,38119.0
1545,2288,77.0,0.0,0.0,6.0,112.0
1546,2288,47.0,0.0,0.0,6.0,100.0
1547,2288,178.0,7.0,104.0,6.0,7453.0
1548,2288,67.0,0.0,0.0,0.0,99.0
1549,2288,60.0,7.0,28.0,6.0,3551.0
1550,2288,61.0,7.0,68.0,6.0,4422.0
1551,2288,60.0,7.0,28.0,6.0,296681.0
1552,2288,131.0,0.0,0.0,6.0,320.0
1553,2288,6.0,0.0,0.0,0.0,9219.0
1572,144,118.0,3.0,101.0,6.0,2136.0
1573,144,56.0,7.0,26.0,6.0,499.0
1574,144,118.0,3.0,101.0,6.0,1069.0
1575,144,9.0,2.0,14.0,6.0,766.0
1576,144,61.0,7.0,68.0,6.0,14127.0
1577,144,23.0,2.0,17.0,6.0,9.0
1578,144,74.0,3.0,34.0,6.0,1538.0
1579,144,81.0,7.0,99.0,6.0,4457.0
1580,144,9.0,2.0,14.0,6.0,40.0
1581,144,118.0,3.0,101.0,6.0,1202.0
1592,611,158.0,7.0,57.0,6.0,24149.0
1593,611,23.0,2.0,17.0,6.0,697.0
1594,611,23.0,2.0,17.0,6.0,8676.0
1595,611,118.0,3.0,101.0,6.0,1245.0
1596,611,165.0,3.0,78.0,6.0,621.0
1597,611,74.0,3.0,34.0,6.0,905.0
1598,611,165.0,3.0,78.0,6.0,829.0
1599,611,158.0,7.0,57.0,6.0,33859.0
1600,611,23.0,2.0,17.0,6.0,13525.0
1601,611,158.0,7.0,57.0,6.0,61394.0
1632,1732,33.0,6.0,43.0,8.0,293889.0
1633,1732,56.0,7.0,26.0,8.0,346.0
1634,1732,165.0,3.0,78.0,8.0,38.0
1635,1732,74.0,3.0,34.0,8.0,305.0
1636,1732,81.0,7.0,99.0,8.0,1555.0
1637,1732,81.0,7.0,99.0,8.0,31099.0
1638,1732,118.0,3.0,101.0,8.0,945.0
1639,1732,107.0,0.0,0.0,8.0,34.0
1640,1732,74.0,3.0,34.0,8.0,274.0
1641,1732,158.0,7.0,57.0,8.0,224.0
1662,2014,118.0,3.0,101.0,6.0,699.0
1663,2014,158.0,7.0,57.0,6.0,55681.0
1664,2014,165.0,3.0,78.0,6.0,316.0
1665,2014,158.0,7.0,57.0,6.0,241.0
1666,2014,31.0,6.0,20.0,6.0,818.0
1667,2014,118.0,3.0,101.0,6.0,930.0
1668,2014,23.0,2.0,17.0,6.0,784.0
1669,2014,74.0,3.0,34.0,6.0,883.0
1670,2014,81.0,7.0,99.0,6.0,2121.0
1671,2014,81.0,7.0,99.0,6.0,14603.0
1711,1812,154.0,2.0,99.0,6.0,3472.0
1712,1812,154.0,2.0,99.0,6.0,32736.0
1713,1812,118.0,3.0,101.0,6.0,1359.0
1714,1812,118.0,3.0,101.0,6.0,1501.0
1715,1812,165.0,3.0,78.0,6.0,1678.0
1716,1812,81.0,7.0,99.0,6.0,2988.0
1717,1812,36.0,0.0,0.0,6.0,3812.0
1718,1812,158.0,7.0,56.0,6.0,10609.0
1719,1812,81.0,7.0,99.0,6.0,2933.0
1720,1812,154.0,2.0,99.0,6.0,947.0
1721,2274,81.0,7.0,99.0,8.0,3971.0
1722,2274,158.0,7.0,57.0,8.0,4889.0
1723,2274,118.0,3.0,101.0,8.0,124.0
1724,2274,154.0,2.0,99.0,8.0,1019.0
1725,2274,23.0,2.0,17.0,8.0,684.0
1726,2274,165.0,3.0,78.0,8.0,623.0
1727,2274,158.0,7.0,57.0,8.0,192.0
1728,2274,81.0,7.0,99.0,8.0,684221.0
1729,2274,118.0,3.0,101.0,8.0,764.0
1730,2274,183.0,6.0,85.0,8.0,36774.0
1751,2330,43.0,2.0,11.0,11.0,140954.0
1752,2330,6.0,0.0,0.0,0.0,1272968.0
1753,2330,43.0,2.0,11.0,11.0,681041.0
1754,2330,43.0,2.0,11.0,11.0,84937.0
1755,2330,43.0,2.0,11.0,11.0,56632.0
1756,2330,32.0,1.0,10.0,11.0,40751.0
1757,2330,43.0,2.0,11.0,11.0,135633.0
1758,2330,43.0,2.0,11.0,11.0,156049.0
1759,2330,6.0,0.0,0.0,0.0,291723.0
1760,2330,6.0,0.0,0.0,0.0,404390.0
1761,1109,185.0,0.0,0.0,8.0,32376.0
1762,1109,130.0,7.0,3.0,8.0,12873.0
1763,1109,33.0,6.0,43.0,8.0,108237.0
1764,1109,177.0,0.0,0.0,8.0,1190.0
1765,1109,42.0,6.0,16.0,8.0,17054.0
1766,1109,103.0,7.0,1.0,8.0,497.0
1767,1109,54.0,6.0,24.0,8.0,144463.0
1768,1109,157.0,0.0,0.0,8.0,320.0
1769,1109,74.0,3.0,34.0,8.0,652.0
1770,1109,78.0,0.0,0.0,8.0,1147.0
1771,2947,39.0,7.0,12.0,8.0,79.0
1772,2947,158.0,7.0,92.0,0.0,9301.0
1773,2947,118.0,3.0,101.0,8.0,1306.0
1774,2947,150.0,3.0,94.0,0.0,622.0
1775,2947,118.0,3.0,101.0,8.0,701.0
1776,2947,23.0,2.0,17.0,8.0,3218.0
1777,2947,23.0,2.0,17.0,8.0,15663.0
1778,2947,81.0,7.0,99.0,8.0,16842.0
1779,2947,30.0,6.0,7.0,8.0,81360.0
1780,2947,158.0,7.0,57.0,8.0,625.0
1811,1165,6.0,0.0,0.0,2.0,497.0
1812,1165,103.0,6.0,53.0,2.0,387.0
1813,1165,181.0,3.0,84.0,2.0,486421.0
1814,1165,54.0,0.0,0.0,2.0,544.0
1825,1408,158.0,7.0,92.0,0.0,1251.0
1826,1408,33.0,6.0,43.0,11.0,120272.0
1827,1408,158.0,7.0,57.0,0.0,12762.0
1828,1408,56.0,7.0,26.0,11.0,107.0
1829,1408,181.0,3.0,84.0,0.0,8614.0
1830,1408,74.0,3.0,34.0,11.0,1671.0
1831,1408,158.0,7.0,92.0,11.0,1.0
1832,1408,49.0,2.0,19.0,11.0,569630.0
1833,1408,33.0,6.0,43.0,11.0,0.0
1834,1408,150.0,3.0,41.0,0.0,721.0
1835,2727,74.0,3.0,34.0,10.0,962.0
1836,2382,133.0,7.0,50.0,8.0,4295.0
1837,2382,158.0,7.0,57.0,8.0,2426.0
1838,2382,23.0,2.0,17.0,8.0,2186.0
1839,2382,154.0,2.0,99.0,8.0,2038.0
1840,2382,165.0,3.0,78.0,8.0,126.0
1841,2382,81.0,7.0,99.0,8.0,76920.0
1842,2382,154.0,2.0,99.0,8.0,1439.0
1843,2382,165.0,3.0,78.0,8.0,148.0
1844,2382,74.0,3.0,34.0,8.0,1203.0
1845,2382,154.0,2.0,99.0,8.0,859.0
1866,102,74.0,3.0,34.0,6.0,140.0
1867,102,118.0,3.0,101.0,6.0,436.0
1868,102,158.0,7.0,57.0,6.0,338.0
1869,102,23.0,2.0,17.0,6.0,3436.0
1870,102,147.0,7.0,60.0,6.0,1538.0
1871,102,80.0,7.0,58.0,6.0,2354.0
1872,102,96.0,2.0,52.0,6.0,68541.0
1873,102,80.0,7.0,58.0,6.0,7385.0
1874,102,95.0,2.0,51.0,6.0,26605.0
1875,102,56.0,7.0,26.0,6.0,5464.0
1906,268,158.0,7.0,56.0,8.0,1095309.0
1907,268,81.0,7.0,99.0,8.0,36588.0
1908,268,81.0,7.0,99.0,8.0,1532.0
1909,268,159.0,3.0,93.0,8.0,713.0
1910,268,158.0,7.0,92.0,8.0,271.0
1911,268,10.0,0.0,0.0,8.0,11.0
1912,268,154.0,2.0,99.0,8.0,2660.0
1913,268,154.0,2.0,99.0,8.0,29117.0
1914,268,154.0,2.0,99.0,8.0,49729.0
1915,268,154.0,2.0,99.0,8.0,7856.0
1952,1880,118.0,3.0,101.0,6.0,2848.0
1953,1880,60.0,7.0,28.0,6.0,11979.0
1954,1880,165.0,3.0,78.0,6.0,127.0
1955,1880,118.0,3.0,101.0,6.0,950.0
1956,1880,56.0,7.0,26.0,6.0,401.0
1957,1880,147.0,7.0,60.0,6.0,721.0
1958,1880,81.0,7.0,99.0,6.0,2045.0
1959,1880,118.0,3.0,101.0,6.0,599.0
1960,1880,81.0,0.0,0.0,6.0,874.0
1961,1880,158.0,7.0,57.0,6.0,13413.0
1978,1980,37.0,5.0,55.0,8.0,29779.0
1979,1980,78.0,0.0,0.0,8.0,2818.0
1980,1980,86.0,0.0,0.0,8.0,95196.0
1981,1980,165.0,3.0,78.0,8.0,9069.0
1982,1980,81.0,7.0,50.0,8.0,139378.0
1983,1980,46.0,0.0,0.0,8.0,2725.0
1984,1980,118.0,3.0,101.0,8.0,1844.0
1985,1980,47.0,0.0,0.0,8.0,1158.0
1986,1980,7.0,0.0,0.0,8.0,210.0
1987,1980,158.0,7.0,92.0,8.0,419.0
1998,524,183.0,6.0,85.0,8.0,24635.0
1999,524,118.0,3.0,101.0,8.0,57.0
2000,524,81.0,7.0,99.0,8.0,10656.0
2001,524,54.0,0.0,0.0,8.0,32157.0
2002,524,74.0,3.0,34.0,8.0,12.0
2003,524,21.0,0.0,0.0,8.0,99793.0
2004,524,118.0,3.0,101.0,8.0,3407.0
2005,524,118.0,3.0,101.0,8.0,709.0
2006,524,10.0,0.0,0.0,8.0,34.0
2007,524,74.0,3.0,34.0,8.0,338.0
2018,568,158.0,7.0,56.0,6.0,8057.0
2019,568,81.0,7.0,50.0,6.0,576.0
2020,568,165.0,3.0,78.0,6.0,0.0
2021,568,158.0,7.0,56.0,6.0,1150.0
2022,568,154.0,2.0,99.0,6.0,51479.0
2023,568,165.0,3.0,78.0,6.0,99.0
2024,568,81.0,7.0,50.0,6.0,493.0
2025,568,165.0,3.0,78.0,6.0,88.0
2026,568,158.0,7.0,56.0,6.0,949128.0
2027,568,40.0,2.0,13.0,6.0,2600.0
2052,3198,147.0,6.0,65.0,6.0,19610.0
2053,3198,116.0,1.0,62.0,6.0,0.0
2054,3198,147.0,7.0,60.0,6.0,1294.0
2055,3198,147.0,7.0,60.0,6.0,1519.0
2056,3198,147.0,7.0,60.0,6.0,1444.0
2057,3198,187.0,0.0,0.0,6.0,60406.0
2058,3198,74.0,3.0,34.0,6.0,3532.0
2059,3198,54.0,6.0,24.0,6.0,41586.0
2060,3198,147.0,7.0,60.0,6.0,473.0
2061,297,153.0,2.0,99.0,11.0,2584.0
2062,297,183.0,6.0,85.0,11.0,5021.0
2063,297,150.0,3.0,41.0,11.0,3429.0
2064,297,150.0,3.0,41.0,11.0,19.0
2065,297,153.0,2.0,99.0,11.0,1087.0
2066,297,158.0,7.0,92.0,11.0,46.0
2067,297,183.0,6.0,85.0,11.0,100.0
2068,297,150.0,3.0,41.0,11.0,137.0
2069,297,153.0,2.0,99.0,11.0,37151.0
2070,297,183.0,6.0,85.0,11.0,212.0
2091,2483,165.0,3.0,78.0,6.0,314.0
2092,2483,21.0,0.0,0.0,6.0,0.0
2093,2483,154.0,2.0,99.0,6.0,2871.0
2094,2483,10.0,0.0,0.0,6.0,256.0
2095,2483,183.0,6.0,85.0,6.0,106265.0
2096,2483,107.0,0.0,0.0,6.0,69.0
2097,2483,174.0,2.0,42.0,6.0,164847.0
2098,2483,81.0,7.0,99.0,6.0,1670.0
2099,2483,118.0,3.0,101.0,6.0,1789.0
2100,2483,158.0,7.0,56.0,6.0,54746.0
2101,2585,16.0,2.0,20.0,6.0,78608.0
2102,2585,118.0,3.0,101.0,6.0,40.0
2103,2585,158.0,7.0,57.0,6.0,6838.0
2104,2585,9.0,2.0,14.0,6.0,4.0
2105,2585,54.0,6.0,24.0,6.0,24001.0
2106,2585,9.0,2.0,14.0,6.0,9.0
2107,2585,74.0,3.0,34.0,6.0,945.0
2108,2585,81.0,7.0,99.0,6.0,2318.0
2109,2585,16.0,2.0,20.0,6.0,151372.0
2110,2585,23.0,2.0,17.0,6.0,2122.0
2155,1962,61.0,7.0,68.0,6.0,818.0
2156,1962,81.0,7.0,99.0,6.0,2902.0
2157,1962,6.0,0.0,0.0,11.0,10035.0
2158,1962,103.0,6.0,53.0,11.0,0.0
2159,1962,39.0,7.0,12.0,6.0,24382.0
2160,1962,36.0,0.0,0.0,6.0,56890.0
2161,1962,178.0,7.0,104.0,6.0,63457.0
2162,1962,158.0,0.0,0.0,11.0,24.0
2163,1962,61.0,7.0,68.0,6.0,627.0
2164,1962,154.0,2.0,99.0,6.0,13511.0
2176,2289,81.0,7.0,99.0,8.0,47427.0
2177,2289,36.0,0.0,0.0,8.0,13625.0
2178,2289,23.0,2.0,17.0,8.0,6.0
2179,2289,158.0,7.0,57.0,8.0,9821.0
2180,2289,165.0,3.0,78.0,8.0,29.0
2181,2289,158.0,7.0,57.0,8.0,381.0
2182,2289,81.0,7.0,99.0,8.0,76631.0
2183,2289,81.0,7.0,99.0,8.0,9725.0
2184,2289,36.0,0.0,0.0,8.0,6383.0
2185,2289,154.0,2.0,99.0,8.0,12164.0
2186,603,158.0,7.0,57.0,6.0,72639.0
2187,603,81.0,7.0,99.0,6.0,15705.0
2188,603,147.0,6.0,65.0,6.0,56633.0
2189,603,107.0,0.0,0.0,6.0,98.0
2190,603,81.0,7.0,99.0,6.0,978.0
2191,603,23.0,2.0,17.0,6.0,612.0
2192,603,21.0,0.0,0.0,6.0,61.0
2193,603,107.0,0.0,0.0,6.0,102.0
2194,603,118.0,3.0,101.0,6.0,1049.0
2195,603,118.0,3.0,101.0,6.0,1024.0
2206,1567,154.0,2.0,99.0,8.0,1994.0
2207,1567,74.0,3.0,34.0,8.0,941.0
2208,1567,56.0,7.0,26.0,11.0,605.0
2209,1567,118.0,3.0,101.0,8.0,127.0
2210,1567,154.0,2.0,99.0,8.0,3769.0
2211,1567,81.0,7.0,99.0,8.0,107.0
2212,1567,118.0,3.0,101.0,8.0,1631.0
2213,1567,154.0,2.0,99.0,8.0,28614.0
2214,1567,23.0,2.0,17.0,8.0,1639.0
2215,1567,81.0,7.0,99.0,8.0,110185.0
2226,1711,133.0,7.0,50.0,8.0,90186.0
2227,1711,31.0,6.0,20.0,8.0,563.0
2228,1711,165.0,3.0,78.0,8.0,34.0
2229,1711,133.0,7.0,50.0,8.0,1522.0
2230,1711,118.0,3.0,101.0,8.0,12601.0
2231,1711,165.0,3.0,78.0,8.0,765.0
2232,1711,94.0,7.0,47.0,8.0,2530.0
2233,1711,118.0,3.0,101.0,8.0,1813.0
2234,1711,118.0,3.0,101.0,8.0,1706.0
2235,1711,133.0,7.0,50.0,8.0,509.0
2236,1185,23.0,2.0,17.0,6.0,20.0
2237,1185,118.0,3.0,101.0,6.0,71.0
2238,1185,107.0,0.0,0.0,6.0,1322.0
2239,1185,158.0,7.0,57.0,6.0,56087.0
2240,1185,81.0,7.0,99.0,6.0,2307.0
2241,1185,154.0,2.0,99.0,6.0,1472469.0
2242,1185,154.0,2.0,99.0,6.0,973.0
2243,1185,118.0,3.0,101.0,6.0,22.0
2244,1185,81.0,7.0,99.0,6.0,52642.0
2245,1185,154.0,2.0,99.0,6.0,6694.0
2354,2524,81.0,7.0,99.0,6.0,113.0
2355,2524,154.0,2.0,99.0,6.0,924.0
2356,2524,165.0,3.0,78.0,6.0,47.0
2357,2524,154.0,2.0,99.0,6.0,2510.0
2358,2524,158.0,7.0,57.0,6.0,167.0
2359,2524,154.0,2.0,99.0,6.0,2359.0
2360,2524,154.0,2.0,99.0,6.0,1862.0
2361,2524,154.0,2.0,99.0,6.0,1016.0
2362,2524,154.0,2.0,99.0,6.0,4211.0
2363,2524,154.0,2.0,99.0,6.0,1862.0
2398,3033,81.0,7.0,99.0,6.0,239138.0
2399,3033,158.0,7.0,92.0,6.0,8829.0
2400,3033,23.0,2.0,17.0,6.0,167.0
2401,3033,154.0,2.0,99.0,6.0,39215.0
2402,3033,158.0,0.0,0.0,0.0,22778.0
2403,3033,77.0,0.0,0.0,6.0,593360.0
2404,3033,154.0,2.0,99.0,6.0,47442.0
2405,3033,81.0,7.0,99.0,6.0,6417.0
2406,3033,165.0,3.0,78.0,6.0,147.0
2407,3033,77.0,0.0,0.0,6.0,6468.0
2408,1019,78.0,0.0,0.0,6.0,285980.0
2409,1019,78.0,0.0,0.0,6.0,2997.0
2410,1019,78.0,0.0,0.0,6.0,1065.0
2411,1019,158.0,7.0,92.0,6.0,504.0
2412,1019,54.0,6.0,24.0,6.0,196269.0
2413,1019,85.0,0.0,0.0,6.0,63190.0
2414,1019,56.0,7.0,26.0,6.0,579.0
2415,1019,74.0,3.0,34.0,6.0,4392.0
2416,1019,147.0,7.0,60.0,6.0,2996.0
2417,1019,60.0,7.0,28.0,6.0,22615.0
2418,695,56.0,7.0,26.0,8.0,1579.0
2419,695,56.0,7.0,26.0,8.0,2156.0
2420,695,165.0,3.0,78.0,8.0,916.0
2421,695,74.0,3.0,34.0,8.0,1018.0
2422,695,103.0,7.0,1.0,8.0,277.0
2423,695,119.0,0.0,0.0,8.0,165.0
2424,695,56.0,7.0,26.0,8.0,1110.0
2425,695,56.0,7.0,26.0,8.0,334.0
2426,695,60.0,7.0,28.0,8.0,986.0
2427,695,60.0,7.0,28.0,8.0,1140.0
2469,1984,165.0,3.0,78.0,6.0,977.0
2470,1984,158.0,7.0,57.0,6.0,149.0
2471,1984,74.0,3.0,34.0,6.0,2902.0
2472,1984,16.0,2.0,20.0,6.0,4606.0
2473,1984,165.0,3.0,78.0,6.0,410.0
2474,1984,56.0,7.0,26.0,6.0,417.0
2475,1984,49.0,2.0,19.0,6.0,35910.0
2476,1984,23.0,2.0,17.0,6.0,21.0
2477,1984,118.0,3.0,101.0,6.0,264173.0
2478,1984,36.0,0.0,0.0,6.0,46870.0
2500,3045,165.0,3.0,78.0,6.0,653.0
2501,3045,183.0,6.0,85.0,6.0,17265.0
2502,3045,118.0,3.0,101.0,6.0,38841.0
2503,3045,183.0,6.0,85.0,6.0,1107.0
2504,3045,183.0,6.0,85.0,6.0,1853.0
2505,3045,158.0,7.0,57.0,6.0,486.0
2506,3045,183.0,6.0,85.0,6.0,812.0
2507,3045,23.0,2.0,17.0,6.0,60.0
2508,3045,183.0,6.0,85.0,6.0,802.0
2509,3045,183.0,6.0,86.0,6.0,176223.0
2510,1682,23.0,2.0,17.0,8.0,21.0
2511,1682,165.0,3.0,78.0,8.0,3407.0
2512,1682,158.0,7.0,92.0,8.0,1211.0
2513,1682,158.0,7.0,57.0,8.0,33114.0
2514,1682,60.0,7.0,28.0,8.0,3150.0
2515,1682,56.0,7.0,26.0,8.0,4537.0
2516,1682,158.0,7.0,57.0,8.0,1369.0
2517,1682,74.0,3.0,34.0,8.0,742.0
2518,1682,183.0,6.0,88.0,8.0,4192.0
2519,1682,22.0,0.0,0.0,8.0,95.0
2530,1050,158.0,7.0,57.0,6.0,319968.0
2531,1050,118.0,3.0,101.0,6.0,740.0
2532,1050,9.0,2.0,14.0,6.0,184.0
2533,1050,23.0,2.0,17.0,6.0,313.0
2534,1050,23.0,2.0,17.0,6.0,986.0
2535,1050,165.0,3.0,78.0,6.0,167.0
2536,1050,107.0,0.0,0.0,6.0,138.0
2537,1050,158.0,7.0,92.0,6.0,228174.0
2538,1050,133.0,7.0,50.0,6.0,64818.0
2539,1050,31.0,6.0,20.0,6.0,863.0
2570,2395,158.0,7.0,57.0,6.0,441.0
2571,2395,147.0,7.0,60.0,6.0,1019.0
2572,2395,118.0,3.0,101.0,6.0,39.0
2573,2395,116.0,1.0,62.0,6.0,0.0
2574,2395,135.0,3.0,46.0,6.0,3762.0
2575,2395,178.0,7.0,104.0,6.0,1344.0
2576,2395,158.0,7.0,57.0,6.0,31082.0
2577,2395,56.0,7.0,26.0,6.0,847.0
2578,2395,147.0,7.0,60.0,6.0,1122.0
2579,2395,158.0,7.0,57.0,6.0,28041.0
2610,2893,23.0,2.0,17.0,8.0,2491.0
2611,2893,74.0,3.0,34.0,8.0,833.0
2612,2893,154.0,2.0,99.0,8.0,14605.0
2613,2893,183.0,6.0,85.0,8.0,9916.0
2614,2893,81.0,7.0,102.0,8.0,394.0
2615,2893,154.0,2.0,99.0,8.0,2728.0
2616,2893,158.0,7.0,57.0,8.0,49317.0
2617,2893,165.0,3.0,78.0,8.0,1044.0
2618,2893,154.0,2.0,99.0,8.0,7964.0
2619,2893,81.0,7.0,99.0,8.0,6948.0
2620,723,158.0,7.0,57.0,7.0,11641.0
2621,723,81.0,0.0,0.0,2.0,203.0
2622,723,158.0,7.0,92.0,2.0,86.0
2623,723,81.0,0.0,0.0,2.0,155.0
2624,723,141.0,3.0,40.0,2.0,25.0
2625,723,81.0,0.0,0.0,2.0,321.0
2626,723,166.0,3.0,95.0,7.0,331.0
2627,723,81.0,0.0,0.0,2.0,220.0
2628,723,81.0,0.0,0.0,7.0,5894.0
2629,723,153.0,2.0,99.0,2.0,2541.0
2630,1973,36.0,0.0,0.0,8.0,5755.0
2631,1973,81.0,7.0,99.0,8.0,27587.0
2632,1973,56.0,7.0,26.0,8.0,1380.0
2633,1973,36.0,0.0,0.0,8.0,6536.0
2634,1973,81.0,7.0,99.0,8.0,1707.0
2635,1973,36.0,0.0,0.0,8.0,1480.0
2636,1973,158.0,7.0,57.0,8.0,511.0
2637,1973,118.0,3.0,101.0,8.0,109.0
2638,1973,36.0,0.0,0.0,8.0,6829.0
2639,1973,36.0,0.0,0.0,8.0,1459.0
2654,2967,154.0,2.0,99.0,8.0,5434.0
2655,2967,23.0,2.0,17.0,8.0,6.0
2656,2967,118.0,3.0,101.0,8.0,1208.0
2657,2967,154.0,2.0,99.0,8.0,4482.0
2658,2967,10.0,0.0,0.0,8.0,1547.0
2659,2967,154.0,2.0,99.0,8.0,131.0
2660,2967,154.0,2.0,99.0,8.0,7023.0
2661,2967,16.0,2.0,20.0,8.0,88523.0
2662,2967,154.0,2.0,99.0,8.0,4898.0
2663,2967,154.0,2.0,99.0,8.0,369159.0
2704,2508,81.0,7.0,50.0,8.0,39011.0
2705,2508,9.0,2.0,14.0,8.0,3901.0
2706,2508,158.0,7.0,92.0,8.0,11941.0
2707,2508,23.0,2.0,17.0,8.0,21.0
2708,2508,33.0,6.0,43.0,8.0,11194.0
2709,2508,36.0,0.0,0.0,8.0,192520.0
2710,2508,158.0,7.0,57.0,8.0,12288.0
2711,2508,159.0,3.0,93.0,8.0,883.0
2712,2508,31.0,6.0,20.0,8.0,737.0
2713,2508,49.0,2.0,19.0,8.0,283323.0
2854,2977,181.0,3.0,84.0,11.0,262.0
2855,2977,181.0,3.0,84.0,11.0,16.0
2856,2977,181.0,3.0,84.0,11.0,23874.0
2857,2977,10.0,0.0,0.0,8.0,143141.0
2858,2977,65.0,0.0,0.0,0.0,179.0
2859,2977,181.0,3.0,84.0,11.0,121.0
2860,2977,181.0,3.0,84.0,11.0,344.0
2861,2977,158.0,7.0,57.0,11.0,538.0
2862,2977,6.0,0.0,0.0,11.0,34.0
2863,2977,166.0,3.0,95.0,11.0,170.0
2864,1851,158.0,7.0,57.0,6.0,449577.0
2865,1851,165.0,3.0,78.0,6.0,98.0
2866,1851,118.0,3.0,101.0,6.0,68960.0
2867,1851,118.0,3.0,101.0,6.0,10.0
2868,1851,165.0,3.0,78.0,6.0,89.0
2869,1851,154.0,2.0,99.0,6.0,14499.0
2870,1851,6.0,0.0,0.0,0.0,382305.0
2871,1851,187.0,0.0,0.0,6.0,15303.0
2872,1851,147.0,7.0,60.0,6.0,671.0
2873,1851,67.0,0.0,0.0,0.0,85.0
2874,3118,19.0,0.0,0.0,8.0,19.0
2875,3118,19.0,0.0,0.0,8.0,2.0
2876,3118,2.0,4.0,49.0,8.0,265879.0
2877,3118,142.0,0.0,0.0,8.0,322.0
2878,3118,81.0,7.0,99.0,8.0,1077.0
2879,3118,49.0,2.0,19.0,8.0,74545.0
2880,3118,37.0,5.0,55.0,8.0,9271.0
2881,3118,78.0,0.0,0.0,8.0,667.0
2882,3118,118.0,3.0,101.0,8.0,1208.0
2883,3118,23.0,2.0,17.0,8.0,2747.0
2894,417,9.0,2.0,14.0,6.0,52.0
2895,417,49.0,2.0,19.0,6.0,850516.0
2896,417,23.0,2.0,17.0,6.0,600.0
2897,417,165.0,3.0,78.0,6.0,169.0
2898,417,158.0,7.0,57.0,6.0,10016.0
2899,417,154.0,2.0,99.0,6.0,22107.0
2900,417,107.0,0.0,0.0,6.0,21.0
2901,417,118.0,3.0,101.0,6.0,879.0
2902,417,158.0,7.0,57.0,6.0,1429.0
2903,417,158.0,7.0,57.0,6.0,50893.0
2904,1969,23.0,2.0,17.0,6.0,780.0
2905,1969,158.0,7.0,57.0,6.0,15253.0
2906,1969,154.0,2.0,99.0,6.0,3394.0
2907,1969,154.0,2.0,99.0,6.0,534.0
2908,1969,118.0,3.0,101.0,6.0,1299.0
2909,1969,23.0,2.0,17.0,6.0,481.0
2910,1969,154.0,2.0,99.0,6.0,3309.0
2911,1969,158.0,7.0,57.0,6.0,36397.0
2912,1969,165.0,3.0,78.0,6.0,70.0
2913,1969,81.0,7.0,99.0,6.0,56970.0
2951,1688,74.0,3.0,34.0,6.0,1928.0
2983,2025,153.0,2.0,99.0,0.0,23355.0
2984,2025,158.0,7.0,92.0,11.0,46.0
2985,2025,158.0,7.0,92.0,11.0,34.0
2986,2025,81.0,7.0,48.0,11.0,209.0
2987,2025,81.0,7.0,48.0,11.0,180.0
2988,2025,49.0,2.0,19.0,11.0,34800.0
2989,2025,158.0,0.0,0.0,11.0,444.0
2990,2025,158.0,7.0,92.0,11.0,88303.0
2991,2025,166.0,3.0,95.0,11.0,1685.0
2992,2025,158.0,0.0,0.0,11.0,134.0
3013,310,118.0,3.0,101.0,6.0,602.0
3014,310,154.0,2.0,99.0,6.0,25471.0
3015,310,153.0,0.0,0.0,0.0,43404.0
3016,310,158.0,7.0,57.0,6.0,65828.0
3017,310,81.0,7.0,99.0,6.0,14246.0
3018,310,56.0,7.0,26.0,6.0,567.0
3019,310,81.0,7.0,99.0,6.0,4569.0
3020,310,165.0,3.0,78.0,6.0,602.0
3021,310,165.0,3.0,78.0,6.0,175.0
3022,310,158.0,7.0,57.0,6.0,12075.0
3023,3258,118.0,3.0,101.0,6.0,1252.0
3024,3258,22.0,0.0,0.0,6.0,167.0
3025,3258,165.0,3.0,78.0,6.0,652.0
3026,3258,158.0,7.0,57.0,6.0,11658.0
3027,3258,23.0,2.0,17.0,6.0,146.0
3028,3258,165.0,3.0,78.0,6.0,735.0
3029,3258,105.0,0.0,0.0,6.0,6862.0
3030,3258,9.0,2.0,14.0,6.0,18.0
3031,3258,158.0,7.0,56.0,6.0,33056.0
3032,3258,23.0,2.0,17.0,6.0,4.0
3033,2653,154.0,2.0,99.0,6.0,1212.0
3034,2653,165.0,3.0,78.0,6.0,28.0
3035,2653,74.0,3.0,34.0,6.0,1778.0
3036,2653,118.0,3.0,101.0,6.0,926.0
3037,2653,154.0,2.0,99.0,6.0,209.0
3038,2653,154.0,2.0,99.0,6.0,45.0
3039,2653,118.0,3.0,101.0,6.0,512.0
3040,2653,81.0,7.0,99.0,6.0,27558.0
3041,2653,154.0,2.0,99.0,6.0,618.0
3042,2653,154.0,2.0,99.0,6.0,779.0
3043,1921,165.0,3.0,78.0,6.0,506.0
3044,1921,118.0,3.0,101.0,6.0,1061.0
3045,1921,56.0,7.0,26.0,6.0,637.0
3046,1921,158.0,7.0,57.0,6.0,3247.0
3047,1921,118.0,3.0,101.0,6.0,1112.0
3048,1921,154.0,2.0,99.0,6.0,82311.0
3049,1921,105.0,0.0,0.0,6.0,1923.0
3050,1921,183.0,6.0,85.0,6.0,3879.0
3051,1921,158.0,7.0,57.0,6.0,873.0
3052,1921,118.0,3.0,101.0,6.0,65.0
3099,2602,87.0,0.0,0.0,6.0,12241.0
3100,2602,56.0,7.0,26.0,6.0,1172.0
3101,2602,158.0,7.0,92.0,6.0,147.0
3102,2602,49.0,2.0,19.0,6.0,318.0
3103,2602,78.0,0.0,0.0,6.0,552.0
3104,2602,146.0,2.0,70.0,6.0,913.0
3105,2602,159.0,3.0,93.0,6.0,959.0
3106,2602,88.0,0.0,0.0,6.0,14131.0
3107,2602,47.0,0.0,0.0,6.0,343.0
3108,2602,158.0,7.0,92.0,6.0,1054.0
3109,799,147.0,7.0,60.0,8.0,56522.0
3110,799,147.0,7.0,60.0,8.0,21491.0
3111,799,81.0,0.0,0.0,8.0,3899.0
3112,799,74.0,3.0,34.0,8.0,8658.0
3113,799,187.0,0.0,0.0,8.0,13055.0
3114,799,131.0,0.0,0.0,8.0,1187.0
3115,799,147.0,7.0,60.0,8.0,16638.0
3116,799,60.0,7.0,28.0,8.0,7162.0
3117,799,178.0,7.0,104.0,8.0,398.0
3118,799,158.0,7.0,92.0,8.0,19740.0
3139,658,187.0,0.0,0.0,8.0,25644.0
3140,658,58.0,6.0,27.0,8.0,39262.0
3141,658,81.0,7.0,99.0,8.0,153877.0
3142,658,74.0,3.0,34.0,8.0,3617.0
3143,658,56.0,7.0,26.0,8.0,391.0
3144,658,158.0,7.0,92.0,8.0,826899.0
3145,658,118.0,3.0,101.0,8.0,1047.0
3146,658,147.0,7.0,60.0,8.0,1296.0
3147,658,49.0,2.0,19.0,8.0,94153.0
3148,658,54.0,6.0,24.0,8.0,117635.0
3149,1355,118.0,3.0,101.0,6.0,71.0
3150,1355,183.0,6.0,85.0,6.0,11376.0
3151,1355,118.0,3.0,101.0,6.0,1166.0
3152,1355,158.0,7.0,57.0,6.0,13163.0
3153,1355,183.0,6.0,85.0,6.0,44337.0
3154,1355,33.0,6.0,43.0,6.0,12.0
3155,1355,165.0,3.0,78.0,6.0,190.0
3156,1355,23.0,2.0,17.0,6.0,607.0
3157,1355,118.0,3.0,101.0,6.0,681.0
3158,1355,165.0,3.0,78.0,6.0,123.0
3159,1178,74.0,3.0,34.0,6.0,5091.0
3200,2159,158.0,7.0,57.0,6.0,10605.0
3201,2159,158.0,7.0,57.0,6.0,449.0
3202,2159,23.0,2.0,17.0,6.0,128.0
3203,2159,165.0,3.0,78.0,6.0,315.0
3204,2159,158.0,7.0,57.0,6.0,464.0
3205,2159,158.0,7.0,57.0,6.0,12909.0
3206,2159,81.0,7.0,99.0,6.0,888.0
3207,2159,158.0,7.0,57.0,6.0,255.0
3208,2159,118.0,3.0,101.0,6.0,668.0
3209,2159,118.0,3.0,101.0,6.0,28.0
3210,1210,158.0,7.0,57.0,10.0,35397.0
3211,1210,158.0,7.0,57.0,10.0,847.0
3212,1210,78.0,0.0,0.0,10.0,35375.0
3213,1210,158.0,7.0,57.0,10.0,0.0
3214,1210,23.0,2.0,17.0,10.0,0.0
3215,1210,81.0,7.0,50.0,10.0,755.0
3216,1210,165.0,3.0,78.0,10.0,0.0
3217,1210,23.0,2.0,17.0,10.0,1203.0
3218,1210,23.0,2.0,17.0,10.0,23.0
3219,1210,23.0,2.0,17.0,10.0,1193.0
3294,1845,175.0,0.0,0.0,11.0,6451.0
3295,1845,175.0,0.0,0.0,11.0,990.0
3296,1845,155.0,7.0,75.0,11.0,1140.0
3297,1845,155.0,7.0,75.0,11.0,46951.0
3298,1845,155.0,7.0,75.0,11.0,4250.0
3299,1845,74.0,3.0,34.0,11.0,1023.0
3300,1845,175.0,0.0,0.0,11.0,10651.0
3321,445,61.0,7.0,68.0,8.0,6753.0
3322,445,118.0,3.0,101.0,8.0,1771.0
3323,445,159.0,3.0,93.0,8.0,9089.0
3324,445,81.0,7.0,99.0,8.0,22148.0
3325,445,154.0,2.0,99.0,8.0,10076.0
3326,445,154.0,2.0,99.0,8.0,15034.0
3327,445,154.0,2.0,99.0,8.0,6027.0
3328,445,107.0,0.0,0.0,8.0,284.0
3329,445,23.0,2.0,17.0,8.0,19.0
3330,445,154.0,2.0,99.0,8.0,1826.0
3331,307,54.0,6.0,24.0,6.0,428451.0
3332,307,60.0,7.0,28.0,6.0,1764.0
3333,307,133.0,7.0,50.0,6.0,1380.0
3334,307,160.0,0.0,0.0,6.0,42394.0
3335,307,45.0,0.0,0.0,6.0,5105.0
3336,307,81.0,7.0,50.0,6.0,7591.0
3337,307,89.0,0.0,0.0,6.0,86205.0
3338,307,147.0,7.0,60.0,6.0,1684.0
3339,307,154.0,2.0,99.0,6.0,724.0
3340,307,154.0,2.0,99.0,6.0,1184.0
3341,2096,9.0,2.0,14.0,8.0,879.0
3342,2096,74.0,3.0,34.0,8.0,40837.0
3343,2096,16.0,2.0,20.0,8.0,269232.0
3344,2096,158.0,0.0,0.0,0.0,916.0
3345,2096,81.0,7.0,99.0,8.0,9100.0
3346,2096,165.0,3.0,78.0,8.0,126.0
3347,2096,154.0,2.0,99.0,8.0,30437.0
3348,2096,158.0,7.0,92.0,8.0,6384.0
3349,2096,118.0,3.0,101.0,8.0,953.0
3350,2096,66.0,0.0,0.0,0.0,92086.0
3351,478,49.0,2.0,19.0,6.0,1246665.0
3352,478,105.0,0.0,0.0,6.0,3497.0
3353,478,118.0,3.0,101.0,6.0,850.0
3354,478,56.0,7.0,26.0,6.0,1477.0
3355,478,118.0,3.0,101.0,6.0,82.0
3356,478,158.0,7.0,57.0,6.0,200.0
3357,478,81.0,7.0,99.0,6.0,1124.0
3358,478,158.0,7.0,57.0,6.0,15754.0
3359,478,81.0,7.0,99.0,6.0,190695.0
3360,478,183.0,6.0,85.0,6.0,17550.0
3371,322,118.0,3.0,101.0,8.0,1237.0
3372,322,154.0,2.0,99.0,8.0,46626.0
3373,322,158.0,7.0,57.0,8.0,8825.0
3374,322,23.0,2.0,17.0,8.0,80.0
3375,322,23.0,2.0,17.0,8.0,49.0
3376,322,158.0,7.0,92.0,8.0,162880.0
3377,322,23.0,2.0,17.0,8.0,658.0
3378,322,81.0,7.0,99.0,8.0,18204.0
3379,322,81.0,7.0,99.0,8.0,2295.0
3380,322,133.0,7.0,50.0,8.0,1241343.0
3408,2569,181.0,3.0,84.0,1.0,2079.0
3409,2569,166.0,3.0,95.0,1.0,1841.0
3410,2569,81.0,0.0,0.0,1.0,73.0
3411,2569,112.0,3.0,61.0,1.0,42724.0
3412,2569,81.0,0.0,0.0,1.0,500.0
3413,2569,158.0,7.0,92.0,1.0,381.0
3414,2569,150.0,3.0,41.0,1.0,237.0
3415,2569,158.0,7.0,57.0,1.0,16191.0
3416,2569,91.0,7.0,91.0,1.0,8099.0
3417,2569,44.0,7.0,97.0,1.0,47910.0
3446,686,6.0,0.0,0.0,2.0,171.0
3447,686,54.0,0.0,0.0,2.0,674.0
3448,686,158.0,7.0,92.0,2.0,99.0
3449,686,112.0,3.0,61.0,2.0,157895.0
3450,686,112.0,3.0,61.0,2.0,559.0
3451,686,166.0,3.0,95.0,2.0,510377.0
3452,686,54.0,0.0,0.0,2.0,644.0
3453,686,81.0,0.0,0.0,2.0,268.0
3454,686,54.0,0.0,0.0,2.0,698.0
3455,686,181.0,3.0,84.0,2.0,255262.0
3526,1291,23.0,2.0,17.0,8.0,599.0
3527,1291,31.0,6.0,20.0,8.0,358.0
3528,1291,23.0,2.0,17.0,8.0,1086.0
3529,1291,74.0,3.0,34.0,8.0,9669.0
3530,1291,158.0,7.0,57.0,8.0,10526.0
3531,1291,158.0,7.0,57.0,8.0,33162.0
3532,1291,118.0,3.0,101.0,8.0,1076.0
3533,1291,118.0,3.0,101.0,8.0,1246.0
3534,1291,118.0,3.0,101.0,8.0,1138.0
3535,1291,158.0,7.0,57.0,8.0,40619.0
3632,3229,118.0,3.0,101.0,6.0,374.0
3633,3229,158.0,7.0,57.0,6.0,975.0
3634,3229,158.0,7.0,57.0,6.0,185.0
3635,3229,118.0,3.0,101.0,6.0,1664.0
3636,3229,116.0,1.0,62.0,6.0,1000.0
3637,3229,158.0,7.0,57.0,6.0,198.0
3638,3229,81.0,7.0,50.0,6.0,21014.0
3639,3229,165.0,3.0,78.0,6.0,40.0
3640,3229,158.0,7.0,57.0,6.0,550.0
3641,3229,178.0,7.0,104.0,6.0,1043.0
3662,1692,158.0,7.0,57.0,8.0,46543.0
3663,1692,23.0,2.0,17.0,8.0,584.0
3664,1692,118.0,3.0,101.0,8.0,682.0
3665,1692,118.0,3.0,101.0,8.0,57.0
3666,1692,154.0,2.0,99.0,8.0,36071.0
3667,1692,74.0,3.0,34.0,8.0,85.0
3668,1692,165.0,3.0,78.0,8.0,147.0
3669,1692,118.0,3.0,101.0,8.0,1376.0
3670,1692,154.0,2.0,99.0,8.0,131857.0
3671,1692,158.0,7.0,57.0,8.0,15893.0
3729,748,165.0,3.0,78.0,8.0,188.0
3730,748,145.0,0.0,0.0,8.0,29004.0
3731,748,154.0,2.0,99.0,8.0,6345.0
3732,748,33.0,6.0,43.0,8.0,175.0
3733,748,23.0,2.0,17.0,8.0,1618.0
3734,748,23.0,2.0,17.0,8.0,821.0
3735,748,23.0,2.0,17.0,8.0,669.0
3736,748,158.0,7.0,57.0,8.0,10.0
3737,748,154.0,2.0,99.0,8.0,34673.0
3738,748,56.0,7.0,26.0,8.0,321.0
3789,2886,39.0,7.0,12.0,7.0,1681.0
3790,2886,74.0,3.0,34.0,7.0,2344.0
3791,2886,49.0,2.0,19.0,7.0,1183177.0
3792,2886,39.0,7.0,12.0,7.0,98821.0
3803,1709,118.0,3.0,101.0,10.0,2324.0
3804,1709,49.0,2.0,19.0,10.0,467774.0
3805,1709,81.0,7.0,99.0,10.0,913.0
3806,1709,158.0,7.0,57.0,10.0,312.0
3807,1709,81.0,7.0,99.0,10.0,2523.0
3808,1709,158.0,7.0,57.0,10.0,1753.0
3809,1709,118.0,3.0,101.0,10.0,451.0
3810,1709,158.0,7.0,57.0,10.0,2861.0
3811,1709,154.0,2.0,99.0,10.0,25306.0
3812,1709,74.0,3.0,34.0,10.0,1298.0
3833,39,158.0,7.0,57.0,11.0,1322.0
3834,39,154.0,2.0,99.0,6.0,1489.0
3835,39,103.0,3.0,53.0,11.0,10472.0
3836,39,158.0,7.0,57.0,6.0,11812.0
3837,39,158.0,7.0,57.0,6.0,12859.0
3838,39,158.0,7.0,57.0,6.0,3048.0
3839,39,153.0,2.0,99.0,11.0,1077.0
3840,39,23.0,2.0,17.0,6.0,96.0
3841,39,91.0,7.0,91.0,11.0,263.0
3842,39,81.0,7.0,102.0,6.0,49866.0
3858,791,133.0,7.0,50.0,8.0,12569.0
3859,791,133.0,7.0,50.0,8.0,4034.0
3860,791,158.0,7.0,92.0,8.0,10050.0
3861,791,158.0,7.0,57.0,8.0,2345.0
3862,791,74.0,3.0,34.0,8.0,658.0
3863,791,49.0,2.0,19.0,8.0,737723.0
3864,791,56.0,7.0,26.0,8.0,897.0
3865,791,159.0,3.0,93.0,8.0,525.0
3866,791,77.0,0.0,0.0,8.0,49.0
3867,791,118.0,3.0,101.0,8.0,708.0
3949,861,74.0,3.0,34.0,8.0,624.0
3950,861,31.0,6.0,20.0,8.0,279.0
3951,861,158.0,7.0,92.0,8.0,34516.0
3952,861,159.0,3.0,93.0,8.0,67.0
4013,2266,154.0,2.0,99.0,6.0,3586.0
4014,2266,147.0,7.0,60.0,6.0,826.0
4015,2266,118.0,3.0,101.0,6.0,110.0
4016,2266,158.0,7.0,56.0,6.0,376.0
4017,2266,147.0,7.0,60.0,6.0,7493.0
4018,2266,178.0,7.0,104.0,6.0,984.0
4019,2266,147.0,7.0,60.0,6.0,1280.0
4020,2266,158.0,7.0,57.0,6.0,491.0
4021,2266,118.0,3.0,101.0,6.0,22239.0
4022,2266,154.0,2.0,99.0,6.0,4619.0
4039,870,23.0,2.0,17.0,8.0,4.0
4040,870,165.0,3.0,78.0,8.0,78.0
4041,870,23.0,2.0,17.0,8.0,65.0
4042,870,158.0,7.0,57.0,8.0,188.0
4043,870,56.0,7.0,26.0,8.0,27949.0
4044,870,56.0,7.0,26.0,8.0,799.0
4045,870,118.0,3.0,101.0,8.0,750.0
4046,870,56.0,7.0,26.0,8.0,53984.0
4047,870,165.0,3.0,78.0,8.0,166.0
4048,870,118.0,3.0,101.0,8.0,80305.0
4049,384,31.0,6.0,20.0,8.0,1124.0
4050,384,31.0,6.0,20.0,8.0,930.0
4051,384,49.0,2.0,19.0,8.0,6149.0
4052,384,142.0,0.0,0.0,8.0,45.0
4053,384,56.0,7.0,26.0,8.0,740.0
4054,384,142.0,0.0,0.0,8.0,338.0
4055,384,74.0,3.0,34.0,8.0,282.0
4056,384,81.0,7.0,50.0,8.0,1320.0
4057,384,81.0,7.0,50.0,8.0,6023.0
4058,384,56.0,7.0,26.0,8.0,681.0
4107,699,142.0,0.0,0.0,8.0,228.0
4108,699,74.0,3.0,34.0,8.0,921.0
4109,699,31.0,6.0,20.0,8.0,969.0
4120,1225,74.0,3.0,34.0,10.0,6.0
4121,1225,31.0,6.0,20.0,10.0,825.0
4122,1225,118.0,3.0,101.0,10.0,564.0
4123,1225,31.0,6.0,20.0,10.0,546.0
4124,1225,81.0,7.0,99.0,10.0,13592.0
4163,1419,154.0,2.0,99.0,6.0,25969.0
4164,1419,183.0,6.0,86.0,6.0,3470.0
4165,1419,60.0,7.0,28.0,6.0,12675.0
4166,1419,183.0,6.0,86.0,6.0,35946.0
4167,1419,183.0,6.0,85.0,6.0,10132.0
4168,1419,73.0,0.0,0.0,6.0,894.0
4169,1419,183.0,6.0,85.0,6.0,5126.0
4170,1419,61.0,7.0,68.0,6.0,1365605.0
4171,1419,183.0,6.0,85.0,6.0,7216.0
4172,1419,78.0,0.0,0.0,6.0,5432.0
4233,1107,23.0,2.0,17.0,7.0,153.0
4234,1107,158.0,7.0,92.0,7.0,430.0
4235,1107,81.0,7.0,99.0,7.0,1078.0
4236,1107,165.0,3.0,78.0,7.0,102.0
4237,1107,118.0,3.0,101.0,7.0,46941.0
4238,1107,133.0,7.0,50.0,7.0,774.0
4239,1107,147.0,7.0,60.0,7.0,1596.0
4240,1107,23.0,2.0,17.0,7.0,802.0
4241,1107,118.0,3.0,101.0,7.0,4.0
4242,1107,158.0,7.0,57.0,8.0,22198.0
4243,1232,154.0,2.0,99.0,8.0,11709.0
4244,1232,165.0,3.0,78.0,8.0,67.0
4245,1232,118.0,3.0,101.0,8.0,827.0
4246,1232,118.0,3.0,101.0,8.0,939.0
4247,1232,118.0,3.0,101.0,8.0,1223.0
4248,1232,154.0,2.0,99.0,8.0,27720.0
4249,1232,154.0,2.0,99.0,8.0,51560.0
4250,1232,154.0,2.0,99.0,8.0,21892.0
4251,1232,23.0,2.0,17.0,8.0,48.0
4252,1232,158.0,7.0,57.0,8.0,35320.0
4253,2124,165.0,3.0,78.0,6.0,431.0
4254,2124,154.0,2.0,99.0,6.0,1064.0
4255,2124,154.0,2.0,99.0,6.0,4478.0
4256,2124,165.0,3.0,78.0,6.0,409.0
4257,2124,118.0,3.0,101.0,6.0,771.0
4258,2124,81.0,7.0,99.0,6.0,70585.0
4259,2124,81.0,7.0,99.0,6.0,33692.0
4260,2124,74.0,3.0,34.0,6.0,582.0
4261,2124,107.0,0.0,0.0,6.0,21.0
4262,2124,158.0,7.0,57.0,6.0,13926.0
4373,2734,60.0,7.0,28.0,6.0,23.0
4374,2734,187.0,0.0,0.0,6.0,58741.0
4375,2734,54.0,0.0,0.0,6.0,12892.0
4376,2734,74.0,3.0,34.0,6.0,22.0
4377,2734,23.0,2.0,17.0,6.0,1454.0
4378,2734,56.0,7.0,26.0,6.0,1198.0
4379,2734,73.0,0.0,0.0,6.0,1025.0
4380,2734,78.0,0.0,0.0,6.0,2015.0
4381,2734,23.0,2.0,17.0,6.0,995.0
4382,2734,61.0,7.0,68.0,6.0,1019.0
4383,2612,147.0,6.0,65.0,10.0,5135.0
4384,2612,187.0,0.0,0.0,10.0,24204.0
4385,2612,147.0,7.0,60.0,10.0,983227.0
4386,2612,116.0,1.0,62.0,10.0,0.0
4387,2612,118.0,3.0,101.0,10.0,1836.0
4388,2612,172.0,7.0,80.0,10.0,57013.0
4389,2612,147.0,7.0,60.0,10.0,3729.0
4390,2612,147.0,7.0,60.0,10.0,918.0
4391,2612,147.0,7.0,60.0,10.0,4220.0
4392,2612,158.0,7.0,57.0,10.0,3013.0
4422,680,44.0,7.0,97.0,2.0,30654.0
4423,680,81.0,0.0,0.0,2.0,139.0
4424,680,158.0,7.0,57.0,2.0,13009.0
4425,680,158.0,7.0,92.0,2.0,121.0
4426,680,150.0,3.0,41.0,2.0,157.0
4427,680,166.0,3.0,95.0,2.0,0.0
4428,680,158.0,7.0,57.0,2.0,0.0
4429,680,153.0,2.0,99.0,2.0,2042.0
4430,680,44.0,7.0,97.0,2.0,63752.0
4431,680,81.0,0.0,0.0,2.0,142.0
4452,1899,74.0,3.0,34.0,10.0,4782.0
4458,354,118.0,3.0,101.0,8.0,1579.0
4459,354,158.0,7.0,57.0,8.0,223.0
4460,354,118.0,3.0,101.0,8.0,1488.0
4461,354,165.0,3.0,78.0,8.0,187.0
4462,354,165.0,3.0,78.0,8.0,105.0
4463,354,81.0,7.0,99.0,8.0,948.0
4464,354,81.0,7.0,99.0,8.0,966.0
4465,354,118.0,3.0,101.0,8.0,15.0
4466,354,158.0,7.0,57.0,8.0,47579.0
4467,354,81.0,7.0,99.0,8.0,635.0
4468,2590,74.0,3.0,34.0,6.0,1019.0
4469,2590,118.0,3.0,101.0,6.0,4619.0
4470,2590,158.0,7.0,57.0,6.0,3627.0
4471,2590,23.0,2.0,17.0,6.0,1063.0
4472,2590,154.0,2.0,99.0,6.0,1307.0
4473,2590,154.0,2.0,99.0,6.0,1194.0
4474,2590,23.0,2.0,17.0,6.0,141172.0
4475,2590,154.0,2.0,99.0,6.0,501.0
4476,2590,158.0,7.0,56.0,6.0,336.0
4477,2590,23.0,2.0,17.0,6.0,10817.0
4478,261,187.0,0.0,0.0,10.0,6975.0
4479,261,187.0,0.0,0.0,10.0,21278.0
4480,261,54.0,6.0,24.0,10.0,1098458.0
4481,261,74.0,3.0,34.0,10.0,5540.0
4502,2338,158.0,7.0,57.0,8.0,1006.0
4503,2338,154.0,2.0,99.0,8.0,42408.0
4504,2338,23.0,2.0,17.0,8.0,2762.0
4505,2338,60.0,7.0,28.0,8.0,27299.0
4506,2338,56.0,7.0,26.0,8.0,5322.0
4507,2338,133.0,7.0,50.0,8.0,4282.0
4508,2338,55.0,0.0,0.0,8.0,46358.0
4509,2338,134.0,6.0,73.0,8.0,1277.0
4510,2338,147.0,7.0,60.0,8.0,1154.0
4511,2338,81.0,7.0,99.0,8.0,23179.0
4512,61,165.0,3.0,78.0,8.0,40.0
4513,61,187.0,0.0,0.0,8.0,176024.0
4514,61,147.0,7.0,60.0,8.0,3114.0
4515,61,178.0,7.0,104.0,8.0,5165.0
4516,61,178.0,7.0,104.0,8.0,1614.0
4517,61,165.0,3.0,78.0,8.0,7237.0
4518,61,178.0,7.0,104.0,8.0,1660.0
4519,61,116.0,1.0,62.0,8.0,0.0
4520,61,23.0,2.0,17.0,8.0,733.0
4521,61,147.0,7.0,60.0,8.0,1427.0
4542,2135,60.0,7.0,28.0,8.0,1526.0
4543,2135,102.0,7.0,38.0,8.0,7747.0
4544,2135,147.0,7.0,60.0,8.0,1792.0
4545,2135,56.0,7.0,26.0,8.0,950.0
4546,2135,158.0,7.0,57.0,8.0,2133.0
4547,2135,118.0,3.0,101.0,8.0,21.0
4548,2135,74.0,3.0,34.0,8.0,1798.0
4549,2135,131.0,0.0,0.0,8.0,529.0
4550,2135,81.0,0.0,0.0,8.0,1639.0
4551,2135,147.0,6.0,65.0,8.0,76838.0
4562,1477,165.0,3.0,78.0,8.0,257.0
4563,1477,118.0,3.0,101.0,8.0,45.0
4564,1477,23.0,2.0,17.0,8.0,736.0
4565,1477,183.0,6.0,85.0,8.0,20713.0
4566,1477,165.0,3.0,78.0,8.0,162.0
4567,1477,158.0,7.0,57.0,8.0,5165.0
4568,1477,81.0,7.0,99.0,8.0,61269.0
4569,1477,158.0,7.0,57.0,8.0,17552.0
4570,1477,183.0,6.0,85.0,8.0,13145.0
4571,1477,23.0,2.0,17.0,8.0,717.0
4602,1238,118.0,3.0,101.0,10.0,2913.0
4603,1238,9.0,2.0,14.0,10.0,780.0
4604,1238,158.0,7.0,57.0,10.0,800.0
4605,1238,118.0,3.0,101.0,10.0,4029.0
4606,1238,154.0,2.0,99.0,10.0,4132.0
4607,1238,158.0,7.0,57.0,10.0,1146.0
4608,1238,118.0,3.0,101.0,10.0,2360.0
4609,1238,23.0,2.0,17.0,10.0,1392.0
4610,1238,81.0,7.0,99.0,10.0,7234.0
4611,1238,154.0,2.0,99.0,10.0,567837.0
4652,1739,154.0,2.0,99.0,8.0,4585.0
4653,1739,118.0,3.0,101.0,8.0,1184.0
4654,1739,89.0,0.0,0.0,8.0,71566.0
4655,1739,81.0,7.0,99.0,8.0,2502.0
4656,1739,118.0,3.0,101.0,8.0,1277.0
4657,1739,154.0,2.0,99.0,8.0,11144.0
4658,1739,61.0,7.0,68.0,8.0,4629.0
4659,1739,60.0,7.0,28.0,8.0,3499.0
4660,1739,154.0,2.0,99.0,8.0,2173.0
4661,1739,81.0,7.0,99.0,8.0,102197.0
4682,2892,158.0,7.0,57.0,8.0,4702.0
4683,2892,23.0,2.0,17.0,8.0,2392.0
4684,2892,118.0,3.0,101.0,8.0,988.0
4685,2892,158.0,7.0,57.0,8.0,10030.0
4686,2892,118.0,3.0,101.0,8.0,788.0
4687,2892,23.0,2.0,17.0,8.0,476.0
4688,2892,147.0,7.0,60.0,8.0,2950.0
4689,2892,23.0,2.0,17.0,8.0,2075.0
4690,2892,23.0,2.0,17.0,8.0,1942.0
4691,2892,165.0,3.0,78.0,8.0,22.0
4692,1431,147.0,6.0,65.0,6.0,20161.0
4693,1431,49.0,2.0,19.0,11.0,325.0
4694,1431,187.0,0.0,0.0,6.0,15941.0
4695,1431,165.0,3.0,78.0,6.0,132.0
4696,1431,116.0,1.0,62.0,6.0,0.0
4697,1431,147.0,7.0,60.0,6.0,1583.0
4698,1431,39.0,7.0,12.0,6.0,5536.0
4699,1431,133.0,7.0,50.0,6.0,1234.0
4700,1431,178.0,7.0,104.0,6.0,2915.0
4701,1431,147.0,7.0,60.0,6.0,16985.0
4712,1365,36.0,0.0,0.0,5.0,2510.0
4713,1365,154.0,2.0,99.0,5.0,16157.0
4714,1365,81.0,7.0,50.0,5.0,8471.0
4715,1365,16.0,2.0,20.0,5.0,13702.0
4716,1365,89.0,0.0,0.0,5.0,152289.0
4717,1365,154.0,2.0,99.0,5.0,519.0
4718,1365,36.0,0.0,0.0,5.0,1974.0
4719,1365,85.0,0.0,0.0,5.0,98580.0
4720,1365,31.0,6.0,20.0,5.0,1154.0
4721,1365,158.0,7.0,92.0,5.0,6929.0
4722,1651,158.0,7.0,57.0,8.0,1592.0
4723,1651,54.0,0.0,0.0,8.0,22044.0
4724,1651,158.0,7.0,57.0,8.0,1252.0
4725,1651,165.0,3.0,78.0,8.0,84598.0
4726,1651,81.0,7.0,99.0,8.0,60213.0
4727,1651,165.0,3.0,78.0,8.0,2169.0
4728,1651,81.0,7.0,99.0,8.0,68493.0
4729,1651,158.0,7.0,57.0,8.0,23839.0
4730,1651,23.0,2.0,17.0,8.0,138.0
4731,1651,183.0,6.0,85.0,8.0,10622.0
4782,2961,49.0,2.0,19.0,11.0,64894.0
4783,2961,31.0,6.0,20.0,10.0,315.0
4807,1112,23.0,2.0,17.0,8.0,5.0
4808,1112,158.0,7.0,57.0,8.0,73435.0
4809,1112,56.0,7.0,26.0,8.0,732.0
4810,1112,23.0,2.0,17.0,8.0,4.0
4811,1112,165.0,3.0,78.0,8.0,13.0
4812,1112,74.0,3.0,34.0,8.0,240.0
4813,1112,23.0,2.0,17.0,8.0,487.0
4814,1112,9.0,2.0,14.0,8.0,22649.0
4815,1112,165.0,3.0,78.0,8.0,45.0
4816,1112,9.0,2.0,14.0,8.0,32334.0
4837,232,158.0,7.0,57.0,11.0,180.0
4838,232,166.0,3.0,95.0,11.0,40870.0
4839,232,158.0,7.0,57.0,11.0,129.0
4840,232,150.0,3.0,41.0,11.0,255.0
4841,232,158.0,7.0,57.0,11.0,367.0
4842,232,153.0,2.0,99.0,11.0,4074.0
4843,232,158.0,7.0,92.0,11.0,89.0
4844,232,183.0,6.0,85.0,11.0,305.0
4845,232,158.0,7.0,57.0,11.0,33.0
4846,232,150.0,3.0,41.0,11.0,6644.0
4847,2114,37.0,5.0,55.0,6.0,0.0
4848,2114,81.0,7.0,50.0,6.0,808.0
4849,2114,23.0,2.0,17.0,6.0,57.0
4850,2114,56.0,7.0,26.0,6.0,267.0
4851,2114,81.0,7.0,50.0,6.0,17315.0
4852,2114,74.0,3.0,34.0,6.0,650.0
4853,2114,118.0,3.0,101.0,6.0,601.0
4854,2114,23.0,2.0,17.0,6.0,53.0
4855,2114,56.0,7.0,26.0,6.0,19308.0
4856,2114,74.0,3.0,34.0,6.0,0.0
4857,123,81.0,7.0,99.0,6.0,1410.0
4858,123,49.0,2.0,19.0,11.0,21614.0
4859,123,159.0,3.0,93.0,6.0,820.0
4860,123,81.0,7.0,99.0,6.0,797.0
4861,123,183.0,6.0,88.0,6.0,6039.0
4862,123,81.0,0.0,0.0,6.0,1177.0
4863,123,158.0,7.0,100.0,6.0,14843.0
4864,123,158.0,7.0,57.0,6.0,230.0
4865,123,158.0,0.0,0.0,0.0,115.0
4866,123,118.0,3.0,101.0,6.0,1111.0
4877,2218,158.0,7.0,57.0,8.0,280.0
4878,2218,154.0,2.0,99.0,8.0,31689.0
4879,2218,158.0,7.0,57.0,8.0,339.0
4880,2218,165.0,3.0,78.0,8.0,36.0
4881,2218,158.0,7.0,57.0,8.0,534.0
4882,2218,56.0,7.0,26.0,8.0,605.0
4883,2218,183.0,6.0,85.0,8.0,38439.0
4884,2218,183.0,6.0,85.0,8.0,3646.0
4885,2218,165.0,3.0,78.0,8.0,130.0
4886,2218,165.0,3.0,78.0,8.0,38.0
4957,20,187.0,0.0,0.0,6.0,94561.0
4958,20,56.0,7.0,26.0,6.0,495.0
4959,20,23.0,2.0,17.0,6.0,508.0
4960,20,118.0,3.0,101.0,6.0,300.0
4961,20,39.0,7.0,12.0,6.0,14159.0
4962,20,49.0,2.0,19.0,6.0,336678.0
4963,20,147.0,7.0,60.0,6.0,1279.0
4964,20,54.0,6.0,24.0,6.0,249363.0
4965,20,158.0,7.0,57.0,6.0,316337.0
4966,20,74.0,3.0,34.0,6.0,2997.0
4977,1392,183.0,6.0,88.0,8.0,6827.0
4978,1392,54.0,6.0,24.0,8.0,18026.0
4979,1392,60.0,7.0,28.0,8.0,17720.0
4980,1392,10.0,0.0,0.0,8.0,20344.0
4981,1392,183.0,6.0,88.0,8.0,312474.0
4982,1392,89.0,0.0,0.0,8.0,61997.0
4983,1392,60.0,7.0,28.0,8.0,8037.0
4984,1392,183.0,6.0,88.0,8.0,76994.0
4985,1392,128.0,0.0,0.0,8.0,85536.0
4986,1392,49.0,2.0,19.0,11.0,5507.0
4987,874,23.0,2.0,17.0,6.0,928.0
4988,874,165.0,3.0,78.0,6.0,32.0
4989,874,158.0,7.0,57.0,6.0,20438.0
4990,874,23.0,2.0,17.0,6.0,959.0
4991,874,56.0,7.0,26.0,6.0,2804.0
4992,874,49.0,2.0,19.0,6.0,200871.0
4993,874,118.0,3.0,101.0,6.0,440403.0
4994,874,54.0,0.0,0.0,6.0,16349.0
4995,874,165.0,3.0,78.0,6.0,65.0
4996,874,118.0,3.0,101.0,6.0,285815.0
5007,663,153.0,2.0,99.0,0.0,22954.0
5008,663,153.0,2.0,99.0,0.0,0.0
5009,663,158.0,7.0,92.0,0.0,4.0
5010,663,153.0,2.0,99.0,0.0,0.0
5011,663,153.0,2.0,99.0,0.0,1851.0
5012,663,161.0,7.0,76.0,11.0,1773.0
5013,663,153.0,2.0,99.0,0.0,23479.0
5014,663,161.0,7.0,76.0,11.0,0.0
5015,663,153.0,2.0,99.0,0.0,170709.0
5016,663,153.0,2.0,99.0,0.0,0.0
5027,607,81.0,0.0,0.0,6.0,49398.0
5028,607,154.0,2.0,99.0,6.0,1976.0
5029,607,5.0,0.0,0.0,6.0,612.0
5030,607,103.0,7.0,1.0,6.0,667.0
5031,607,154.0,2.0,99.0,6.0,2982.0
5032,607,154.0,2.0,99.0,6.0,10074.0
5033,607,154.0,2.0,99.0,6.0,1464.0
5034,607,81.0,7.0,99.0,6.0,41019.0
5035,607,118.0,3.0,101.0,6.0,734.0
5036,607,158.0,7.0,56.0,6.0,184.0
5067,986,81.0,7.0,50.0,8.0,49133.0
5068,986,158.0,7.0,57.0,8.0,10.0
5069,986,23.0,2.0,17.0,8.0,655.0
5070,986,183.0,6.0,85.0,8.0,34554.0
5071,986,165.0,3.0,78.0,8.0,113.0
5072,986,23.0,2.0,17.0,8.0,637.0
5073,986,154.0,2.0,99.0,8.0,75433.0
5074,986,118.0,3.0,101.0,8.0,34515.0
5075,986,158.0,7.0,57.0,8.0,26876.0
5076,986,81.0,7.0,102.0,8.0,1002.0
5107,1192,60.0,7.0,28.0,6.0,3322.0
5108,1192,85.0,0.0,0.0,6.0,50869.0
5109,1192,78.0,0.0,0.0,6.0,901.0
5110,1192,60.0,7.0,28.0,6.0,10101.0
5111,1192,78.0,0.0,0.0,6.0,2704.0
5112,1192,131.0,0.0,0.0,6.0,262.0
5113,1192,74.0,3.0,34.0,6.0,3270.0
5114,1192,126.0,0.0,0.0,6.0,22495.0
5115,1192,47.0,0.0,0.0,6.0,8492.0
5116,1192,19.0,0.0,0.0,6.0,491.0
5127,2323,9.0,2.0,14.0,8.0,38.0
5128,2323,60.0,7.0,28.0,8.0,1306.0
5129,2323,81.0,7.0,50.0,8.0,12605.0
5130,2323,133.0,7.0,50.0,8.0,649.0
5131,2323,165.0,3.0,78.0,8.0,68.0
5132,2323,36.0,0.0,0.0,8.0,222180.0
5133,2323,81.0,7.0,50.0,8.0,4354.0
5134,2323,61.0,7.0,68.0,8.0,902.0
5135,2323,81.0,0.0,0.0,8.0,1063.0
5136,2323,23.0,2.0,17.0,8.0,1612.0
5163,1783,74.0,3.0,34.0,6.0,326.0
5164,1783,154.0,2.0,99.0,6.0,10640.0
5165,1783,154.0,2.0,99.0,6.0,10292.0
5166,1783,154.0,2.0,99.0,6.0,16355.0
5167,2179,15.0,0.0,0.0,6.0,85662.0
5168,2179,131.0,0.0,0.0,6.0,406.0
5169,2179,81.0,0.0,0.0,6.0,726.0
5170,2179,81.0,0.0,0.0,6.0,1331.0
5171,2179,61.0,7.0,68.0,6.0,499.0
5172,2179,60.0,7.0,28.0,6.0,3973.0
5173,2179,60.0,7.0,28.0,6.0,33007.0
5174,2179,116.0,1.0,62.0,6.0,0.0
5175,2179,158.0,7.0,92.0,6.0,43.0
5176,2179,60.0,7.0,28.0,6.0,9882.0
5177,3014,154.0,2.0,99.0,10.0,2697.0
5178,3014,158.0,7.0,57.0,10.0,278.0
5179,3014,154.0,2.0,99.0,10.0,11223.0
5180,3014,118.0,3.0,101.0,10.0,12.0
5181,3014,165.0,3.0,78.0,10.0,83.0
5182,3014,154.0,2.0,99.0,10.0,1316.0
5183,3014,107.0,0.0,0.0,10.0,247.0
5184,3014,154.0,2.0,99.0,10.0,17575.0
5185,3014,154.0,2.0,99.0,10.0,25230.0
5186,3014,23.0,2.0,17.0,10.0,20153.0
5197,293,23.0,2.0,17.0,6.0,5551.0
5198,293,23.0,2.0,17.0,6.0,3239.0
5199,293,23.0,2.0,17.0,6.0,18086.0
5200,293,33.0,6.0,43.0,11.0,69192.0
5201,293,118.0,3.0,101.0,6.0,2212.0
5202,293,158.0,7.0,57.0,6.0,16894.0
5203,293,23.0,2.0,17.0,6.0,37234.0
5204,293,23.0,2.0,17.0,6.0,1212.0
5205,293,31.0,6.0,20.0,6.0,924.0
5206,293,81.0,7.0,99.0,6.0,68087.0
5207,581,150.0,3.0,41.0,11.0,7405.0
5208,581,166.0,3.0,95.0,11.0,184.0
5209,581,166.0,3.0,95.0,11.0,46583.0
5210,581,158.0,7.0,57.0,11.0,133.0
5211,581,153.0,2.0,99.0,11.0,74998.0
5212,581,150.0,3.0,41.0,11.0,49.0
5213,581,44.0,7.0,97.0,11.0,58705.0
5214,581,150.0,3.0,41.0,11.0,51.0
5215,581,6.0,0.0,0.0,11.0,483.0
5216,581,158.0,7.0,92.0,11.0,61.0
5237,543,60.0,7.0,28.0,8.0,2790.0
5238,543,147.0,7.0,60.0,8.0,2035.0
5239,543,81.0,0.0,0.0,8.0,1405.0
5240,543,147.0,7.0,60.0,8.0,663.0
5241,543,54.0,6.0,24.0,8.0,87680.0
5242,543,159.0,3.0,93.0,8.0,1102.0
5243,543,74.0,3.0,34.0,8.0,3531.0
5244,543,147.0,6.0,65.0,8.0,21188.0
5245,543,60.0,7.0,28.0,8.0,703125.0
5246,543,158.0,7.0,92.0,8.0,19558.0
5360,234,166.0,3.0,95.0,11.0,128.0
5361,234,153.0,2.0,99.0,11.0,23694.0
5362,234,91.0,7.0,91.0,11.0,835.0
5363,234,153.0,2.0,99.0,11.0,75322.0
5364,234,153.0,2.0,99.0,11.0,17615.0
5365,234,158.0,7.0,92.0,11.0,94.0
5366,234,158.0,7.0,92.0,11.0,137.0
5367,234,6.0,0.0,0.0,11.0,797.0
5368,234,103.0,6.0,53.0,11.0,764.0
5369,234,158.0,7.0,57.0,11.0,11548.0
5370,574,74.0,3.0,34.0,10.0,0.0
5371,574,56.0,7.0,26.0,10.0,415.0
5372,574,56.0,7.0,26.0,10.0,2439.0
5373,574,49.0,2.0,19.0,10.0,778502.0
5374,574,33.0,6.0,43.0,10.0,0.0
5375,574,118.0,3.0,101.0,10.0,174.0
5376,574,74.0,3.0,34.0,10.0,1044.0
5377,1114,165.0,3.0,78.0,6.0,591.0
5378,1114,74.0,3.0,34.0,6.0,469.0
5379,1114,158.0,7.0,57.0,6.0,8938.0
5380,1114,154.0,2.0,99.0,6.0,2124.0
5381,1114,118.0,3.0,101.0,6.0,782.0
5382,1114,154.0,2.0,99.0,6.0,4085.0
5383,1114,158.0,0.0,0.0,0.0,234.0
5384,1114,118.0,3.0,101.0,6.0,1068.0
5385,1114,154.0,2.0,99.0,6.0,9174.0
5386,1114,81.0,7.0,99.0,6.0,44467.0
5387,1099,81.0,7.0,99.0,6.0,1433.0
5388,1099,118.0,3.0,101.0,6.0,885.0
5389,1099,81.0,7.0,99.0,6.0,2840.0
5390,1099,158.0,7.0,57.0,6.0,461.0
5391,1099,118.0,3.0,101.0,6.0,605.0
5392,1099,81.0,7.0,99.0,6.0,21907.0
5393,1099,154.0,2.0,99.0,6.0,87136.0
5394,1099,154.0,2.0,99.0,6.0,49745.0
5395,1099,154.0,2.0,99.0,6.0,8816.0
5396,1099,81.0,7.0,99.0,6.0,747.0
5397,2566,118.0,3.0,101.0,6.0,844.0
5398,2566,118.0,3.0,101.0,6.0,537.0
5399,2566,118.0,3.0,101.0,6.0,840.0
5400,2566,183.0,6.0,85.0,6.0,3567.0
5401,2566,81.0,7.0,97.0,6.0,606.0
5402,2566,154.0,2.0,99.0,6.0,290.0
5403,2566,158.0,7.0,57.0,6.0,13906.0
5404,2566,81.0,7.0,99.0,6.0,33596.0
5405,2566,81.0,7.0,97.0,6.0,915.0
5406,2566,81.0,7.0,99.0,6.0,10287.0
5425,2747,165.0,3.0,78.0,6.0,30.0
5426,2747,165.0,3.0,78.0,6.0,0.0
5427,2747,81.0,7.0,99.0,6.0,386.0
5428,2747,158.0,7.0,57.0,6.0,140266.0
5429,2747,81.0,7.0,99.0,6.0,1360.0
5430,2747,60.0,7.0,28.0,6.0,838.0
5431,2747,49.0,2.0,19.0,6.0,58628.0
5432,2747,81.0,7.0,50.0,6.0,967.0
5433,2747,158.0,7.0,57.0,6.0,262.0
5434,2747,165.0,3.0,78.0,6.0,89.0
5435,2923,158.0,7.0,57.0,6.0,94.0
5436,2923,23.0,2.0,17.0,6.0,66.0
5437,2923,158.0,7.0,57.0,6.0,374.0
5438,2923,81.0,7.0,99.0,6.0,10249.0
5439,2923,118.0,3.0,101.0,6.0,1054.0
5440,2923,23.0,2.0,17.0,6.0,849.0
5441,2923,118.0,3.0,101.0,6.0,980.0
5442,2923,165.0,3.0,78.0,6.0,745.0
5443,2923,142.0,0.0,0.0,6.0,170.0
5444,2923,154.0,2.0,99.0,6.0,11314.0
5445,1664,62.0,0.0,0.0,7.0,16348.0
5446,1664,6.0,0.0,0.0,1.0,27838.0
5447,1664,87.0,0.0,0.0,7.0,30787.0
5448,1664,54.0,6.0,24.0,7.0,735883.0
5449,1664,118.0,3.0,101.0,7.0,76.0
5450,1664,133.0,7.0,50.0,7.0,40454.0
5451,1664,19.0,0.0,0.0,7.0,397.0
5452,1664,78.0,0.0,0.0,7.0,778.0
5453,1664,19.0,0.0,0.0,7.0,3820.0
5454,1664,19.0,0.0,0.0,7.0,7.0
5475,3008,153.0,2.0,99.0,2.0,5512.0
5476,3008,81.0,0.0,0.0,2.0,305.0
5477,3008,158.0,7.0,92.0,2.0,166.0
5478,3008,44.0,7.0,97.0,2.0,29527.0
5479,3008,166.0,3.0,95.0,2.0,82.0
5480,3008,158.0,7.0,57.0,2.0,39.0
5481,3008,44.0,7.0,97.0,2.0,90.0
5482,3008,153.0,2.0,99.0,2.0,5338.0
5483,3008,141.0,3.0,40.0,2.0,6533.0
5484,3008,54.0,0.0,0.0,2.0,227.0
5525,1593,165.0,3.0,78.0,6.0,2236.0
5526,1593,81.0,7.0,99.0,6.0,30211.0
5527,1593,31.0,6.0,20.0,6.0,809.0
5528,1593,142.0,0.0,0.0,6.0,17.0
5529,1593,158.0,7.0,57.0,6.0,166.0
5530,1593,23.0,2.0,17.0,6.0,41.0
5531,1593,165.0,3.0,78.0,6.0,132.0
5532,1593,23.0,2.0,17.0,6.0,8956.0
5533,1593,74.0,3.0,34.0,6.0,240.0
5534,1593,81.0,7.0,99.0,6.0,561.0
5535,2838,78.0,0.0,0.0,6.0,16893.0
5536,2838,86.0,0.0,0.0,6.0,137101.0
5537,2838,74.0,3.0,34.0,6.0,3186.0
5538,2838,78.0,0.0,0.0,6.0,6691.0
5539,2838,31.0,6.0,20.0,6.0,895.0
5550,638,118.0,3.0,101.0,6.0,1.0
5551,638,118.0,3.0,101.0,6.0,71.0
5552,638,158.0,7.0,57.0,6.0,19015.0
5553,638,118.0,3.0,101.0,6.0,908.0
5554,638,154.0,2.0,99.0,6.0,11972.0
5555,638,183.0,6.0,85.0,6.0,70.0
5556,638,118.0,3.0,101.0,6.0,537.0
5557,638,154.0,2.0,99.0,6.0,108623.0
5558,638,158.0,7.0,57.0,6.0,213362.0
5559,638,74.0,3.0,34.0,6.0,294.0
5570,903,154.0,2.0,99.0,8.0,944.0
5571,903,118.0,3.0,101.0,8.0,628.0
5572,903,158.0,7.0,57.0,8.0,2929.0
5573,903,154.0,2.0,99.0,8.0,536.0
5574,903,23.0,2.0,17.0,8.0,428.0
5575,903,36.0,0.0,0.0,8.0,3330.0
5576,903,154.0,2.0,99.0,8.0,55620.0
5577,903,154.0,2.0,99.0,8.0,10025.0
5578,903,81.0,7.0,99.0,8.0,1145.0
5579,903,118.0,3.0,101.0,8.0,837.0
5600,2163,77.0,0.0,0.0,6.0,143.0
5601,2163,56.0,7.0,26.0,6.0,892.0
5602,2163,154.0,2.0,99.0,6.0,7389.0
5603,2163,49.0,2.0,19.0,6.0,244372.0
5604,2163,81.0,7.0,99.0,6.0,9512.0
5605,2163,81.0,7.0,99.0,6.0,32689.0
5606,2163,154.0,2.0,99.0,6.0,97972.0
5607,2163,118.0,3.0,101.0,6.0,67.0
5608,2163,154.0,2.0,99.0,6.0,90035.0
5609,2163,154.0,2.0,99.0,6.0,4656.0
5650,269,118.0,3.0,101.0,8.0,828.0
5651,269,159.0,3.0,93.0,8.0,674.0
5652,269,23.0,2.0,17.0,8.0,895.0
5653,269,158.0,7.0,57.0,8.0,6737.0
5654,269,118.0,3.0,101.0,8.0,52.0
5655,269,158.0,7.0,92.0,8.0,29734.0
5656,269,165.0,3.0,78.0,8.0,317.0
5657,269,23.0,2.0,17.0,8.0,880.0
5658,269,23.0,2.0,17.0,8.0,1799.0
5659,269,81.0,7.0,99.0,8.0,106982.0
5700,697,81.0,7.0,50.0,8.0,615.0
5701,697,158.0,7.0,56.0,8.0,62609.0
5702,697,178.0,7.0,104.0,8.0,18224.0
5703,697,81.0,7.0,50.0,8.0,2386.0
5704,697,178.0,7.0,104.0,8.0,894.0
5705,697,56.0,7.0,26.0,8.0,431.0
5706,697,81.0,7.0,102.0,8.0,1345.0
5707,697,56.0,7.0,26.0,8.0,814.0
5708,697,144.0,0.0,0.0,8.0,1022.0
5709,697,49.0,2.0,19.0,8.0,1107171.0
5720,650,9.0,2.0,14.0,8.0,46.0
5721,650,165.0,3.0,78.0,8.0,125.0
5722,650,23.0,2.0,17.0,8.0,13801.0
5723,650,165.0,3.0,78.0,8.0,6.0
5724,650,118.0,3.0,101.0,8.0,1498.0
5725,650,23.0,2.0,17.0,8.0,1438.0
5726,650,9.0,2.0,14.0,8.0,74.0
5727,650,23.0,2.0,17.0,8.0,2036.0
5728,650,23.0,2.0,17.0,8.0,51.0
5729,650,9.0,2.0,14.0,8.0,2184.0
5730,2141,78.0,0.0,0.0,6.0,1759.0
5731,2141,74.0,3.0,34.0,6.0,5313.0
5732,2141,60.0,7.0,28.0,6.0,54173.0
5733,2141,78.0,0.0,0.0,6.0,1517.0
5734,2141,32.0,1.0,10.0,6.0,33780.0
5735,2141,159.0,3.0,93.0,6.0,1758.0
5736,2141,56.0,7.0,26.0,6.0,442.0
5737,2141,178.0,7.0,104.0,6.0,28976.0
5738,2141,81.0,0.0,0.0,6.0,1665.0
5739,2141,126.0,0.0,0.0,6.0,20306.0
5740,567,60.0,7.0,28.0,6.0,2140.0
5741,567,158.0,7.0,57.0,6.0,194.0
5742,567,60.0,7.0,28.0,6.0,35015.0
5743,567,159.0,3.0,93.0,6.0,930.0
5744,567,15.0,0.0,0.0,6.0,50833.0
5745,567,183.0,6.0,88.0,6.0,238347.0
5746,567,147.0,7.0,60.0,6.0,852.0
5747,567,158.0,7.0,92.0,6.0,20080.0
5748,567,131.0,0.0,0.0,6.0,418.0
5749,567,81.0,0.0,0.0,6.0,1042.0
5878,218,81.0,0.0,0.0,2.0,356.0
5879,218,81.0,0.0,0.0,2.0,541.0
5880,218,6.0,0.0,0.0,2.0,290.0
5881,218,44.0,7.0,97.0,2.0,0.0
5882,218,158.0,7.0,92.0,2.0,180.0
5883,218,158.0,7.0,57.0,2.0,659.0
5884,218,158.0,7.0,57.0,2.0,2167.0
5885,218,158.0,7.0,57.0,2.0,1999.0
5886,218,158.0,7.0,57.0,2.0,73.0
5887,218,141.0,3.0,40.0,2.0,160.0
5934,281,118.0,3.0,101.0,7.0,1343.0
5935,281,165.0,3.0,78.0,7.0,1072.0
5936,281,118.0,3.0,101.0,7.0,1498.0
5937,281,9.0,2.0,14.0,7.0,299.0
5938,281,36.0,0.0,0.0,7.0,15263.0
5939,281,158.0,7.0,57.0,7.0,9732.0
5940,281,36.0,0.0,0.0,7.0,15913.0
5941,281,118.0,3.0,101.0,7.0,2083.0
5942,281,118.0,3.0,101.0,7.0,1343.0
5943,281,36.0,0.0,0.0,7.0,5304.0
5944,505,183.0,6.0,85.0,6.0,6204.0
5945,505,105.0,0.0,0.0,6.0,2542.0
5946,505,74.0,3.0,34.0,6.0,185.0
5947,505,118.0,3.0,101.0,6.0,371.0
5948,505,183.0,6.0,85.0,6.0,58719.0
5949,505,183.0,6.0,85.0,6.0,19864.0
5950,505,33.0,6.0,43.0,6.0,131.0
5951,505,105.0,0.0,0.0,6.0,7088.0
5952,505,74.0,3.0,34.0,6.0,389.0
5953,505,183.0,6.0,85.0,6.0,14096.0
5981,1379,154.0,2.0,99.0,8.0,1691.0
5982,1379,158.0,7.0,92.0,8.0,118676.0
5983,1379,154.0,2.0,99.0,8.0,5750.0
5984,1379,183.0,6.0,85.0,8.0,4624.0
5985,1379,23.0,2.0,17.0,8.0,36181.0
5986,1379,154.0,2.0,99.0,8.0,3765.0
5987,1379,107.0,0.0,0.0,8.0,54.0
5988,1379,154.0,2.0,99.0,8.0,4120.0
5989,1379,147.0,7.0,60.0,8.0,580.0
5990,1379,118.0,3.0,101.0,8.0,103.0
6027,2765,150.0,3.0,41.0,11.0,2524.0
6028,2765,158.0,7.0,92.0,11.0,1590.0
6029,2765,158.0,7.0,57.0,11.0,10706.0
6030,2765,166.0,3.0,95.0,11.0,15.0
6031,2765,181.0,3.0,84.0,11.0,377.0
6032,2765,158.0,7.0,92.0,11.0,38404.0
6033,2765,112.0,3.0,61.0,11.0,2209.0
6034,2765,183.0,6.0,87.0,11.0,3781.0
6035,2765,150.0,3.0,41.0,11.0,240.0
6036,2765,81.0,3.0,72.0,11.0,239.0
6059,1896,165.0,3.0,78.0,6.0,145.0
6060,1896,158.0,7.0,57.0,6.0,9642.0
6061,1896,56.0,7.0,26.0,6.0,284.0
6062,1896,165.0,3.0,78.0,6.0,16.0
6063,1896,158.0,7.0,57.0,6.0,17538.0
6064,1896,118.0,3.0,101.0,6.0,98.0
6065,1896,158.0,7.0,57.0,6.0,2030.0
6066,1896,118.0,3.0,101.0,6.0,1667.0
6067,1896,183.0,6.0,85.0,6.0,6914.0
6068,1896,81.0,7.0,97.0,6.0,442.0
6069,1242,181.0,3.0,84.0,0.0,41762.0
6070,1242,81.0,3.0,72.0,0.0,126366.0
6071,1242,19.0,0.0,0.0,8.0,223.0
6072,1242,153.0,2.0,99.0,0.0,3353.0
6073,1242,61.0,7.0,68.0,8.0,3410.0
6074,1242,87.0,0.0,0.0,8.0,26801.0
6075,1242,19.0,0.0,0.0,8.0,10016.0
6076,1242,19.0,0.0,0.0,8.0,21.0
6077,1242,78.0,0.0,0.0,8.0,37192.0
6078,1242,81.0,7.0,48.0,0.0,2895.0
6128,2753,81.0,7.0,48.0,11.0,6982.0
6129,2753,91.0,7.0,91.0,11.0,3529.0
6130,2753,166.0,3.0,95.0,11.0,1464.0
6131,2753,33.0,6.0,43.0,11.0,66314.0
6132,2753,158.0,0.0,0.0,11.0,1076.0
6133,2753,91.0,7.0,91.0,11.0,0.0
6134,2753,158.0,0.0,0.0,11.0,694.0
6135,2753,158.0,0.0,0.0,11.0,43.0
6136,2753,166.0,3.0,95.0,11.0,45697.0
6137,2753,6.0,0.0,0.0,0.0,747.0
6138,1876,36.0,0.0,0.0,8.0,4984.0
6139,1876,118.0,3.0,101.0,8.0,1157.0
6140,1876,165.0,3.0,78.0,8.0,121.0
6141,1876,118.0,3.0,101.0,8.0,1893.0
6142,1876,158.0,7.0,57.0,8.0,157.0
6143,1876,158.0,7.0,57.0,8.0,47.0
6144,1876,154.0,2.0,99.0,8.0,9665.0
6145,1876,158.0,7.0,57.0,8.0,400.0
6146,1876,154.0,2.0,99.0,8.0,138144.0
6147,1876,81.0,7.0,99.0,8.0,31396.0
6162,978,81.0,7.0,50.0,8.0,5114.0
6163,978,31.0,6.0,20.0,8.0,145.0
6164,978,81.0,7.0,50.0,8.0,610359.0
6165,978,31.0,6.0,20.0,8.0,1703.0
6166,978,93.0,7.0,44.0,8.0,11396.0
6167,978,31.0,6.0,20.0,8.0,2610.0
6168,978,81.0,7.0,50.0,8.0,866468.0
6169,978,74.0,3.0,34.0,8.0,1717.0
6170,978,81.0,7.0,50.0,8.0,4151.0
6171,978,33.0,6.0,43.0,8.0,6093.0
6212,221,151.0,0.0,0.0,8.0,6877.0
6213,221,81.0,7.0,99.0,8.0,39014.0
6214,221,61.0,7.0,68.0,8.0,117958.0
6215,221,56.0,7.0,26.0,8.0,5336.0
6216,221,154.0,2.0,99.0,8.0,992.0
6217,221,158.0,7.0,57.0,8.0,14295.0
6218,221,158.0,7.0,92.0,8.0,25961.0
6219,221,154.0,2.0,99.0,8.0,11681.0
6220,221,174.0,2.0,42.0,8.0,197011.0
6221,221,158.0,7.0,92.0,8.0,4709.0
6222,347,118.0,3.0,101.0,10.0,1361.0
6223,347,154.0,2.0,99.0,10.0,985.0
6224,347,158.0,7.0,57.0,10.0,16834.0
6225,347,158.0,7.0,57.0,10.0,246.0
6226,347,81.0,7.0,99.0,10.0,3818.0
6227,347,154.0,2.0,99.0,10.0,27728.0
6228,347,81.0,7.0,99.0,10.0,20858.0
6229,347,165.0,3.0,78.0,10.0,236.0
6230,347,158.0,7.0,57.0,10.0,498.0
6231,347,81.0,7.0,99.0,10.0,1292.0
6242,729,19.0,0.0,0.0,8.0,58.0
6243,729,93.0,7.0,44.0,8.0,4407.0
6244,729,77.0,0.0,0.0,8.0,11258.0
6245,729,19.0,0.0,0.0,8.0,3543.0
6246,729,49.0,2.0,19.0,8.0,219935.0
6247,729,19.0,0.0,0.0,8.0,117.0
6248,729,19.0,0.0,0.0,8.0,2464.0
6249,729,87.0,0.0,0.0,8.0,156552.0
6250,729,78.0,0.0,0.0,8.0,50763.0
6251,729,15.0,0.0,0.0,8.0,634.0
6291,2862,158.0,7.0,57.0,8.0,46517.0
6292,2862,81.0,7.0,99.0,8.0,2901.0
6293,2862,158.0,7.0,57.0,8.0,12827.0
6294,2862,73.0,0.0,0.0,8.0,907.0
6295,2862,81.0,7.0,99.0,8.0,1359.0
6296,2862,143.0,7.0,67.0,8.0,940.0
6297,2862,60.0,7.0,28.0,8.0,1245.0
6298,2862,165.0,3.0,78.0,8.0,148.0
6299,2862,158.0,7.0,57.0,8.0,324.0
6300,2862,60.0,7.0,28.0,8.0,469.0
6311,982,23.0,2.0,17.0,8.0,755.0
6312,982,56.0,7.0,26.0,8.0,1797.0
6313,982,118.0,3.0,101.0,8.0,0.0
6314,982,158.0,7.0,92.0,8.0,4875.0
6315,982,159.0,3.0,93.0,8.0,3866.0
6316,982,133.0,7.0,50.0,8.0,3545.0
6317,982,158.0,7.0,57.0,8.0,372.0
6318,982,158.0,7.0,92.0,8.0,0.0
6319,982,23.0,2.0,17.0,8.0,78.0
6320,982,118.0,3.0,101.0,8.0,0.0
6341,2149,81.0,7.0,99.0,8.0,1891.0
6342,2149,165.0,3.0,78.0,8.0,170.0
6343,2149,118.0,3.0,101.0,8.0,31.0
6344,2149,183.0,6.0,85.0,8.0,200754.0
6345,2149,154.0,2.0,99.0,8.0,54505.0
6346,2149,74.0,3.0,34.0,8.0,271.0
6347,2149,23.0,2.0,17.0,8.0,650.0
6348,2149,81.0,7.0,99.0,8.0,43305.0
6349,2149,118.0,3.0,101.0,8.0,8452.0
6370,2279,23.0,2.0,17.0,8.0,764.0
6371,2279,159.0,3.0,93.0,8.0,557.0
6372,2279,158.0,7.0,57.0,8.0,16015.0
6373,2279,81.0,0.0,0.0,8.0,943.0
6374,2279,81.0,7.0,99.0,8.0,40949.0
6375,2279,119.0,0.0,0.0,8.0,660.0
6376,2279,183.0,6.0,85.0,8.0,66591.0
6377,2279,158.0,7.0,57.0,8.0,4932.0
6378,2279,187.0,0.0,0.0,8.0,7779.0
6379,2279,183.0,6.0,85.0,8.0,10956.0
6420,1665,118.0,3.0,101.0,6.0,2257.0
6421,1665,158.0,7.0,57.0,6.0,2540.0
6422,1665,74.0,3.0,34.0,6.0,639.0
6423,1665,23.0,2.0,17.0,6.0,66.0
6424,1665,116.0,1.0,62.0,6.0,0.0
6425,1665,158.0,7.0,57.0,6.0,265.0
6426,1665,2.0,4.0,49.0,6.0,530686.0
6427,1665,54.0,6.0,24.0,6.0,163576.0
6428,1665,61.0,7.0,68.0,6.0,606.0
6429,1665,2.0,4.0,49.0,6.0,0.0
6440,2738,158.0,7.0,57.0,10.0,127517.0
6441,2738,56.0,7.0,26.0,11.0,483.0
6442,2738,39.0,7.0,12.0,10.0,91160.0
6443,2738,74.0,3.0,34.0,11.0,2619.0
6444,2738,118.0,3.0,101.0,10.0,2137.0
6445,2738,49.0,2.0,19.0,11.0,39806.0
6446,2738,74.0,3.0,34.0,10.0,4686.0
6447,2738,54.0,6.0,24.0,10.0,582375.0
6448,2738,187.0,0.0,0.0,10.0,59647.0
6449,2738,23.0,2.0,17.0,10.0,2734.0
6468,266,23.0,2.0,17.0,8.0,534.0
6469,266,154.0,2.0,99.0,8.0,373954.0
6470,266,118.0,3.0,101.0,8.0,5.0
6471,266,158.0,7.0,57.0,8.0,29054.0
6472,266,165.0,3.0,78.0,8.0,235.0
6473,266,165.0,3.0,78.0,8.0,131.0
6474,266,165.0,3.0,78.0,8.0,289.0
6475,266,183.0,6.0,85.0,8.0,607049.0
6476,266,158.0,7.0,57.0,8.0,8091.0
6477,266,154.0,2.0,99.0,8.0,373.0
6481,2815,80.0,7.0,58.0,6.0,11.0
6482,2815,158.0,7.0,57.0,6.0,546.0
6483,2815,80.0,7.0,58.0,6.0,0.0
6484,2815,40.0,2.0,13.0,6.0,0.0
6485,2815,165.0,3.0,78.0,6.0,0.0
6486,2815,23.0,2.0,17.0,6.0,0.0
6487,2815,56.0,7.0,26.0,6.0,892.0
6488,2815,165.0,3.0,78.0,6.0,446.0
6489,2815,118.0,3.0,101.0,6.0,214.0
6490,2815,118.0,3.0,101.0,6.0,19268.0
6501,2457,49.0,2.0,19.0,8.0,19887.0
6502,2457,16.0,2.0,20.0,8.0,115065.0
6503,2457,147.0,7.0,60.0,8.0,136417.0
6504,2457,23.0,2.0,17.0,8.0,6.0
6505,2457,154.0,2.0,99.0,8.0,17269.0
6506,2457,89.0,0.0,0.0,8.0,255182.0
6507,2457,81.0,7.0,99.0,8.0,31155.0
6508,2457,178.0,7.0,104.0,8.0,848.0
6509,2457,33.0,6.0,43.0,8.0,450.0
6510,2457,154.0,2.0,99.0,8.0,545.0
6521,3055,153.0,2.0,99.0,1.0,32927.0
6522,3055,153.0,2.0,99.0,1.0,21382.0
6523,3055,153.0,2.0,99.0,1.0,1710.0
6524,3055,153.0,2.0,99.0,1.0,45348.0
6525,3055,6.0,0.0,0.0,1.0,411.0
6526,3055,44.0,7.0,97.0,1.0,65.0
6527,3055,153.0,2.0,99.0,1.0,16279.0
6528,3055,183.0,6.0,87.0,1.0,20141.0
6529,3055,153.0,2.0,99.0,1.0,37904.0
6530,3055,103.0,6.0,53.0,1.0,235.0
6650,2879,154.0,2.0,99.0,8.0,41944.0
6651,2879,23.0,2.0,17.0,8.0,47.0
6652,2879,158.0,7.0,57.0,8.0,626.0
6653,2879,36.0,0.0,0.0,8.0,167043.0
6654,2879,31.0,6.0,20.0,8.0,1412.0
6655,2879,74.0,3.0,34.0,8.0,449.0
6656,2879,158.0,7.0,57.0,8.0,86.0
6657,2879,23.0,2.0,17.0,8.0,2043.0
6658,2879,118.0,3.0,101.0,8.0,37901.0
6659,2879,23.0,2.0,17.0,8.0,1775.0
6660,965,81.0,7.0,50.0,8.0,54119.0
6661,965,23.0,2.0,17.0,8.0,887.0
6662,965,178.0,7.0,104.0,8.0,662.0
6663,965,64.0,0.0,0.0,8.0,272251.0
6664,965,39.0,7.0,12.0,8.0,149784.0
6665,965,133.0,7.0,50.0,8.0,862.0
6666,965,116.0,1.0,62.0,8.0,19536.0
6667,965,147.0,7.0,60.0,8.0,6854.0
6668,965,147.0,7.0,60.0,8.0,1320.0
6669,965,134.0,6.0,73.0,8.0,1314.0
6680,1026,158.0,7.0,57.0,6.0,31455.0
6681,1026,118.0,3.0,101.0,6.0,1243.0
6682,1026,158.0,7.0,57.0,6.0,3777.0
6683,1026,118.0,3.0,101.0,6.0,1771.0
6684,1026,183.0,6.0,85.0,6.0,14211.0
6685,1026,23.0,2.0,17.0,6.0,1443.0
6686,1026,81.0,7.0,99.0,6.0,8708.0
6687,1026,158.0,7.0,57.0,6.0,20345.0
6688,1026,23.0,2.0,17.0,6.0,1314.0
6689,1026,118.0,3.0,101.0,6.0,1496.0
6721,1834,158.0,7.0,92.0,8.0,44.0
6722,1834,159.0,3.0,93.0,8.0,59.0
6723,1834,158.0,7.0,92.0,8.0,303.0
6724,1834,143.0,7.0,67.0,8.0,5795.0
6725,1834,158.0,7.0,92.0,8.0,10488.0
6726,1834,56.0,7.0,26.0,8.0,532.0
6727,1834,61.0,7.0,68.0,8.0,14821.0
6728,1834,158.0,7.0,92.0,8.0,128.0
6729,1834,56.0,7.0,26.0,8.0,39406.0
6730,1834,118.0,3.0,101.0,8.0,31.0
6731,3027,154.0,2.0,99.0,10.0,6217.0
6732,3027,158.0,7.0,57.0,10.0,164294.0
6733,3027,158.0,7.0,57.0,10.0,22425.0
6734,3027,158.0,7.0,57.0,10.0,32784.0
6735,3027,146.0,2.0,70.0,10.0,5114.0
6736,3027,31.0,6.0,20.0,10.0,553.0
6737,3027,61.0,7.0,68.0,10.0,4360.0
6738,3027,78.0,0.0,0.0,10.0,19858.0
6739,3027,165.0,3.0,78.0,10.0,50.0
6740,3027,23.0,2.0,17.0,10.0,2548.0
6781,790,118.0,3.0,101.0,6.0,958.0
6782,790,94.0,7.0,47.0,6.0,1168.0
6783,790,81.0,7.0,99.0,6.0,746.0
6784,790,156.0,6.0,23.0,6.0,643.0
6785,790,183.0,6.0,85.0,6.0,3019.0
6786,790,81.0,7.0,99.0,6.0,58557.0
6787,790,118.0,3.0,101.0,6.0,50.0
6788,790,74.0,3.0,34.0,6.0,1132.0
6789,790,158.0,7.0,57.0,6.0,586.0
6790,790,94.0,7.0,47.0,6.0,279.0
6791,854,49.0,2.0,19.0,6.0,753503.0
6792,854,118.0,3.0,101.0,6.0,2541.0
6793,854,54.0,6.0,24.0,6.0,340101.0
6794,854,23.0,2.0,17.0,6.0,598.0
6795,854,23.0,2.0,17.0,6.0,615.0
6796,854,158.0,7.0,57.0,6.0,3407.0
6797,854,158.0,7.0,57.0,6.0,2049.0
6798,854,147.0,7.0,60.0,6.0,6565.0
6799,854,147.0,6.0,65.0,6.0,33329.0
6800,854,49.0,2.0,19.0,6.0,279792.0
6804,1884,19.0,0.0,0.0,6.0,52.0
6805,1884,78.0,0.0,0.0,6.0,2125.0
6806,1884,88.0,0.0,0.0,6.0,21196.0
6807,1884,46.0,0.0,0.0,6.0,2592.0
6808,1884,126.0,0.0,0.0,6.0,14514.0
6809,1884,49.0,2.0,19.0,6.0,25096.0
6810,1884,158.0,7.0,92.0,6.0,35.0
6811,1884,87.0,0.0,0.0,6.0,85975.0
6812,1884,158.0,7.0,92.0,6.0,420.0
6813,1884,88.0,0.0,0.0,6.0,26802.0
6854,1413,46.0,0.0,0.0,8.0,6645.0
6855,1413,103.0,7.0,1.0,8.0,291.0
6856,1413,81.0,7.0,50.0,8.0,1530.0
6857,1413,47.0,0.0,0.0,8.0,361.0
6858,1413,60.0,7.0,28.0,8.0,49068.0
6859,1413,159.0,3.0,93.0,8.0,863.0
6860,1413,143.0,7.0,67.0,8.0,2437.0
6861,1413,31.0,6.0,20.0,8.0,963.0
6862,1413,185.0,0.0,0.0,8.0,29724.0
6863,1413,151.0,0.0,0.0,8.0,987.0
6864,3010,56.0,7.0,26.0,6.0,3759.0
6865,3010,147.0,7.0,60.0,6.0,834.0
6866,3010,165.0,3.0,78.0,6.0,111.0
6867,3010,158.0,7.0,57.0,6.0,481.0
6868,3010,39.0,7.0,12.0,6.0,1095.0
6869,3010,60.0,7.0,28.0,6.0,777.0
6870,3010,33.0,7.0,45.0,6.0,87739.0
6871,3010,118.0,3.0,101.0,6.0,33023.0
6872,3010,158.0,7.0,92.0,6.0,817.0
6873,3010,39.0,7.0,12.0,6.0,317881.0
6874,746,19.0,0.0,0.0,8.0,50.0
6875,746,126.0,0.0,0.0,8.0,27976.0
6876,746,158.0,7.0,57.0,8.0,4736.0
6877,746,187.0,0.0,0.0,8.0,19149.0
6878,746,86.0,0.0,0.0,8.0,23440.0
6879,746,85.0,0.0,0.0,8.0,403830.0
6880,746,19.0,0.0,0.0,8.0,10.0
6881,746,178.0,7.0,104.0,8.0,2582.0
6882,746,78.0,0.0,0.0,8.0,872.0
6883,746,19.0,0.0,0.0,8.0,30.0
6904,17,60.0,7.0,28.0,8.0,7106.0
6905,17,158.0,7.0,92.0,8.0,29.0
6906,17,133.0,7.0,50.0,8.0,3234.0
6907,17,56.0,7.0,26.0,8.0,638.0
6908,17,60.0,7.0,28.0,8.0,582.0
6909,17,60.0,7.0,28.0,8.0,94.0
6910,17,61.0,7.0,68.0,8.0,549.0
6911,17,133.0,7.0,50.0,8.0,1224.0
6912,17,60.0,7.0,28.0,8.0,784.0
6913,17,159.0,3.0,93.0,8.0,416.0
6914,1909,187.0,0.0,0.0,8.0,24928.0
6915,1909,158.0,7.0,57.0,8.0,13938.0
6916,1909,78.0,0.0,0.0,8.0,9962.0
6917,1909,78.0,0.0,0.0,8.0,21996.0
6918,1909,81.0,7.0,102.0,8.0,27271.0
6919,1909,146.0,2.0,70.0,8.0,486.0
6920,1909,81.0,7.0,102.0,8.0,48.0
6921,1909,133.0,7.0,50.0,8.0,1627.0
6922,1909,81.0,7.0,102.0,8.0,622.0
6923,1909,81.0,7.0,99.0,8.0,1122.0
6944,3182,158.0,7.0,57.0,8.0,123926.0
6945,3182,81.0,7.0,99.0,8.0,1591.0
6946,3182,154.0,2.0,99.0,8.0,36736.0
6947,3182,56.0,7.0,26.0,8.0,240842.0
6948,3182,158.0,7.0,57.0,8.0,1161.0
6949,3182,36.0,0.0,0.0,8.0,0.0
6950,3182,118.0,3.0,101.0,8.0,1391.0
6951,3182,81.0,7.0,99.0,8.0,2582.0
6952,3182,9.0,2.0,14.0,8.0,1699.0
6953,3182,9.0,2.0,14.0,8.0,1166.0
6954,2406,158.0,7.0,57.0,8.0,12497.0
6955,2406,118.0,3.0,101.0,8.0,573.0
6956,2406,81.0,7.0,99.0,8.0,10402.0
6957,2406,118.0,3.0,101.0,8.0,5.0
6958,2406,21.0,0.0,0.0,8.0,16.0
6959,2406,54.0,6.0,24.0,8.0,15500.0
6960,2406,165.0,3.0,78.0,8.0,90.0
6961,2406,23.0,2.0,17.0,8.0,739.0
6962,2406,158.0,7.0,57.0,8.0,4870.0
6963,2406,154.0,2.0,99.0,8.0,10842.0
6974,1538,56.0,7.0,26.0,6.0,945.0
6975,1538,81.0,0.0,0.0,6.0,101844.0
6976,1538,74.0,3.0,34.0,6.0,3724.0
6977,1538,49.0,2.0,19.0,6.0,974958.0
6999,1450,32.0,1.0,10.0,8.0,155368.0
7000,1450,60.0,7.0,28.0,8.0,19332.0
7001,1450,187.0,0.0,0.0,8.0,44394.0
7002,1450,78.0,0.0,0.0,8.0,915.0
7003,1450,178.0,7.0,104.0,8.0,11269.0
7004,1450,37.0,5.0,55.0,8.0,42808.0
7005,1450,81.0,0.0,0.0,8.0,68323.0
7006,1450,88.0,0.0,0.0,8.0,34368.0
7007,1450,50.0,6.0,54.0,8.0,46026.0
7008,1450,78.0,0.0,0.0,8.0,732.0
7009,3194,183.0,6.0,86.0,6.0,18194.0
7010,3194,78.0,0.0,0.0,6.0,918.0
7011,3194,183.0,6.0,86.0,6.0,198751.0
7012,3194,183.0,6.0,86.0,6.0,58531.0
7013,3194,183.0,6.0,85.0,6.0,17162.0
7014,3194,183.0,6.0,86.0,6.0,33811.0
7015,3194,6.0,0.0,0.0,0.0,21523.0
7016,3194,60.0,7.0,28.0,6.0,2687.0
7017,3194,143.0,7.0,67.0,6.0,5363.0
7018,3194,158.0,0.0,0.0,0.0,67.0
7019,2328,23.0,2.0,17.0,6.0,486.0
7020,2328,81.0,7.0,99.0,6.0,1300.0
7021,2328,118.0,3.0,101.0,6.0,1037.0
7022,2328,118.0,3.0,101.0,6.0,545.0
7023,2328,81.0,7.0,99.0,6.0,45000.0
7024,2328,183.0,6.0,85.0,6.0,9203.0
7025,2328,154.0,2.0,99.0,6.0,6630.0
7026,2328,118.0,3.0,101.0,6.0,339.0
7027,2328,81.0,7.0,99.0,6.0,33523.0
7028,2328,105.0,0.0,0.0,6.0,3729.0
7089,2004,158.0,7.0,57.0,11.0,70.0
7090,2004,158.0,7.0,92.0,11.0,12.0
7091,2004,158.0,7.0,92.0,11.0,38.0
7092,2004,112.0,3.0,61.0,11.0,9779.0
7093,2004,6.0,0.0,0.0,11.0,65.0
7094,2004,81.0,3.0,72.0,11.0,158575.0
7095,2004,166.0,3.0,95.0,11.0,0.0
7096,2004,158.0,7.0,57.0,11.0,197.0
7097,2004,153.0,2.0,99.0,11.0,10006.0
7098,2004,81.0,3.0,72.0,11.0,213.0
7099,170,87.0,0.0,0.0,8.0,25111.0
7100,170,88.0,0.0,0.0,8.0,36951.0
7101,170,158.0,7.0,57.0,8.0,4354.0
7102,170,50.0,6.0,54.0,8.0,16380.0
7103,170,118.0,3.0,101.0,8.0,2756.0
7104,170,31.0,6.0,20.0,8.0,522.0
7105,170,67.0,0.0,0.0,0.0,68.0
7106,170,77.0,0.0,0.0,8.0,42233.0
7107,170,56.0,7.0,26.0,8.0,120926.0
7108,170,66.0,0.0,0.0,0.0,33118.0
7109,1628,6.0,0.0,0.0,0.0,0.0
7110,1628,158.0,0.0,0.0,0.0,117.0
7111,1628,103.0,6.0,53.0,11.0,3247.0
7112,1628,81.0,3.0,72.0,11.0,3118.0
7113,1628,183.0,6.0,87.0,11.0,57886.0
7114,1628,181.0,3.0,84.0,11.0,2124.0
7115,1628,6.0,0.0,0.0,0.0,677.0
7120,2121,56.0,7.0,26.0,6.0,4510.0
7121,2121,133.0,7.0,50.0,6.0,8672.0
7122,2121,74.0,3.0,34.0,6.0,4688.0
7123,2121,131.0,0.0,0.0,6.0,174.0
7124,2121,49.0,2.0,19.0,6.0,6828.0
7125,2121,116.0,1.0,62.0,6.0,6345.0
7126,2121,83.0,7.0,32.0,6.0,155127.0
7127,2121,103.0,7.0,1.0,6.0,375.0
7128,2121,61.0,7.0,68.0,6.0,8658.0
7129,2121,65.0,0.0,0.0,0.0,1834.0
7130,3034,159.0,3.0,93.0,8.0,1900.0
7131,3034,48.0,0.0,0.0,8.0,10320.0
7132,3034,74.0,3.0,34.0,8.0,2727.0
7133,3034,74.0,3.0,34.0,8.0,1882.0
7134,3034,152.0,0.0,0.0,8.0,429135.0
7135,3034,49.0,2.0,19.0,8.0,86180.0
7136,3034,74.0,3.0,34.0,8.0,4440.0
7137,3034,56.0,7.0,26.0,8.0,863.0
7138,3034,158.0,7.0,92.0,8.0,389153.0
7139,3034,33.0,6.0,43.0,8.0,30948.0
7150,108,147.0,7.0,60.0,8.0,1091.0
7151,108,23.0,2.0,17.0,8.0,9743.0
7152,108,54.0,6.0,24.0,8.0,41200.0
7153,108,56.0,7.0,26.0,2.0,479.0
7154,108,165.0,3.0,78.0,8.0,50.0
7155,108,74.0,3.0,34.0,2.0,2206.0
7156,108,33.0,6.0,43.0,8.0,4522.0
7157,108,49.0,2.0,19.0,2.0,337195.0
7158,108,107.0,0.0,0.0,8.0,148.0
7159,108,118.0,3.0,101.0,8.0,1238.0
7168,1707,118.0,3.0,101.0,8.0,450551.0
7169,1707,16.0,2.0,20.0,8.0,15797.0
7170,1707,23.0,2.0,17.0,8.0,636.0
7171,1707,9.0,2.0,14.0,8.0,1394.0
7172,1707,118.0,3.0,101.0,8.0,375522.0
7173,1707,23.0,2.0,17.0,8.0,18.0
7174,1707,74.0,3.0,34.0,8.0,3333.0
7175,1209,165.0,3.0,78.0,8.0,158.0
7176,1209,154.0,2.0,99.0,8.0,2401.0
7177,1209,118.0,3.0,101.0,8.0,814.0
7178,1209,158.0,7.0,57.0,8.0,1197.0
7179,1209,165.0,3.0,78.0,8.0,134.0
7180,1209,165.0,3.0,78.0,8.0,166.0
7181,1209,107.0,0.0,0.0,8.0,93.0
7182,1209,100.0,7.0,97.0,8.0,29610.0
7183,1209,154.0,2.0,99.0,8.0,15674.0
7184,1209,23.0,2.0,17.0,8.0,5363.0
7213,573,21.0,0.0,0.0,6.0,0.0
7214,573,154.0,2.0,99.0,6.0,0.0
7215,573,178.0,7.0,104.0,6.0,2063.0
7216,573,127.0,0.0,0.0,6.0,8738.0
7217,573,154.0,2.0,99.0,6.0,0.0
7218,573,154.0,2.0,99.0,6.0,0.0
7219,573,154.0,2.0,99.0,6.0,319.0
7220,573,33.0,6.0,43.0,6.0,118961.0
7221,573,81.0,7.0,50.0,6.0,12166.0
7222,573,146.0,2.0,70.0,6.0,2483.0
7223,1510,93.0,7.0,44.0,6.0,251111.0
7224,1510,15.0,0.0,0.0,6.0,63221.0
7225,1510,81.0,0.0,0.0,6.0,1521.0
7226,1510,131.0,0.0,0.0,6.0,951.0
7227,1510,15.0,0.0,0.0,6.0,17654.0
7228,1510,33.0,6.0,43.0,6.0,2832.0
7229,1510,60.0,7.0,28.0,6.0,27332.0
7230,1510,60.0,7.0,28.0,6.0,27918.0
7231,1510,31.0,6.0,20.0,6.0,1417.0
7232,1510,74.0,3.0,34.0,6.0,339.0
7233,2177,91.0,7.0,91.0,1.0,6.0
7234,2177,166.0,3.0,95.0,1.0,4136.0
7235,2177,91.0,7.0,91.0,1.0,183.0
7236,2177,91.0,7.0,91.0,1.0,851.0
7237,2177,178.0,7.0,104.0,6.0,1632.0
7238,2177,6.0,0.0,0.0,1.0,657549.0
7239,2177,54.0,6.0,24.0,6.0,119501.0
7240,2177,166.0,3.0,95.0,1.0,4859.0
7241,2177,6.0,0.0,0.0,1.0,32.0
7242,2177,116.0,1.0,62.0,6.0,10897.0
7253,2559,158.0,0.0,0.0,0.0,256.0
7254,2452,81.0,7.0,99.0,6.0,3894.0
7255,2452,154.0,2.0,99.0,6.0,9091.0
7256,2452,118.0,3.0,101.0,6.0,59789.0
7257,2452,154.0,2.0,99.0,6.0,3113.0
7258,2452,154.0,2.0,99.0,6.0,10875.0
7259,2452,118.0,3.0,101.0,6.0,10828.0
7260,2452,118.0,3.0,101.0,6.0,1048.0
7261,2452,118.0,3.0,101.0,6.0,861.0
7262,2452,154.0,2.0,99.0,6.0,3053.0
7263,2452,81.0,7.0,99.0,6.0,2380.0
7293,1697,54.0,6.0,24.0,6.0,46488.0
7294,1697,39.0,7.0,12.0,6.0,20689.0
7295,1697,147.0,7.0,60.0,6.0,515.0
7296,1697,39.0,7.0,12.0,6.0,284227.0
7297,1697,187.0,0.0,0.0,6.0,26625.0
7298,1697,39.0,7.0,12.0,6.0,938.0
7299,1697,147.0,7.0,60.0,6.0,815.0
7300,1697,172.0,7.0,80.0,6.0,27564.0
7301,1697,56.0,7.0,26.0,6.0,637.0
7302,1697,147.0,7.0,60.0,6.0,1767.0
7319,1339,158.0,7.0,57.0,6.0,873.0
7320,1339,118.0,3.0,101.0,6.0,366.0
7321,1339,165.0,3.0,78.0,6.0,506.0
7322,1339,74.0,3.0,34.0,6.0,1193.0
7323,930,81.0,7.0,99.0,8.0,671.0
7324,930,158.0,7.0,57.0,8.0,13210.0
7325,930,158.0,7.0,57.0,8.0,42390.0
7326,930,158.0,7.0,57.0,8.0,4369.0
7327,930,81.0,7.0,99.0,8.0,1044.0
7328,930,118.0,3.0,101.0,8.0,654.0
7329,930,36.0,0.0,0.0,8.0,2181.0
7330,930,154.0,2.0,99.0,8.0,47452.0
7331,930,56.0,7.0,26.0,8.0,588.0
7332,930,81.0,7.0,99.0,8.0,856.0
7343,1660,183.0,6.0,86.0,6.0,9458.0
7344,1660,183.0,6.0,85.0,6.0,7167.0
7345,1660,183.0,6.0,85.0,6.0,29035.0
7346,1660,60.0,7.0,28.0,6.0,1338.0
7347,1660,183.0,6.0,85.0,6.0,10589.0
7348,1660,183.0,6.0,85.0,6.0,33070.0
7349,1660,103.0,7.0,1.0,6.0,581.0
7350,1660,74.0,3.0,34.0,6.0,1161.0
7351,1660,183.0,6.0,85.0,6.0,16340.0
7352,1660,39.0,7.0,12.0,6.0,1196.0
7433,1218,154.0,2.0,99.0,6.0,2687.0
7434,1218,23.0,2.0,17.0,6.0,911.0
7435,1218,154.0,2.0,99.0,6.0,2819.0
7436,1218,165.0,3.0,78.0,6.0,154.0
7437,1218,154.0,2.0,99.0,6.0,3040.0
7438,1218,154.0,2.0,99.0,6.0,2852.0
7439,1218,49.0,2.0,19.0,6.0,952433.0
7440,1218,154.0,2.0,99.0,6.0,4164.0
7441,1218,154.0,2.0,99.0,6.0,2213.0
7442,1218,10.0,0.0,0.0,6.0,385301.0
7473,2402,118.0,3.0,101.0,6.0,1473.0
7474,2402,33.0,6.0,43.0,6.0,24007.0
7475,2402,81.0,0.0,0.0,6.0,1273.0
7476,2402,158.0,7.0,57.0,6.0,2494.0
7477,2402,166.0,3.0,95.0,11.0,3023.0
7478,2402,158.0,0.0,0.0,11.0,727.0
7479,2402,56.0,7.0,26.0,6.0,1747.0
7480,2402,23.0,2.0,17.0,6.0,76.0
7481,2402,6.0,0.0,0.0,11.0,144851.0
7482,2402,145.0,0.0,0.0,6.0,3504.0
7483,1621,158.0,7.0,92.0,8.0,5834.0
7484,1621,158.0,7.0,57.0,8.0,13714.0
7485,1621,81.0,7.0,99.0,8.0,136210.0
7486,1621,23.0,2.0,17.0,8.0,3.0
7487,1621,165.0,3.0,78.0,8.0,11.0
7488,1621,159.0,3.0,93.0,8.0,985.0
7489,1621,133.0,7.0,50.0,8.0,1149.0
7490,1621,31.0,6.0,20.0,8.0,0.0
7491,1621,81.0,7.0,50.0,8.0,30170.0
7492,1621,154.0,2.0,99.0,8.0,39123.0
7513,2907,154.0,2.0,99.0,8.0,2455.0
7514,2907,154.0,2.0,99.0,8.0,7238.0
7515,2907,118.0,3.0,101.0,8.0,1381.0
7516,2907,154.0,2.0,99.0,8.0,3556.0
7517,2907,23.0,2.0,17.0,8.0,565.0
7518,2907,154.0,2.0,99.0,8.0,1050.0
7519,2907,147.0,7.0,60.0,8.0,1291.0
7520,2907,23.0,2.0,17.0,8.0,918.0
7521,2907,158.0,7.0,57.0,8.0,17316.0
7522,2907,154.0,2.0,99.0,8.0,12012.0
7523,1188,153.0,2.0,99.0,1.0,4946.0
7524,1188,153.0,2.0,99.0,1.0,3248.0
7525,1188,183.0,6.0,85.0,1.0,848.0
7526,1188,153.0,2.0,99.0,1.0,865.0
7527,1188,153.0,2.0,99.0,1.0,14.0
7528,1188,153.0,2.0,99.0,1.0,2339.0
7529,1188,153.0,2.0,99.0,1.0,1693.0
7530,1188,44.0,7.0,97.0,1.0,5525.0
7531,1188,6.0,0.0,0.0,1.0,27.0
7532,1188,153.0,2.0,99.0,1.0,2353.0
7543,337,158.0,7.0,57.0,8.0,85.0
7544,337,23.0,2.0,17.0,8.0,1735.0
7545,337,74.0,3.0,34.0,8.0,184.0
7546,337,158.0,7.0,57.0,8.0,93435.0
7547,337,23.0,2.0,17.0,8.0,38.0
7548,337,74.0,3.0,34.0,8.0,566.0
7549,337,31.0,6.0,20.0,8.0,4.0
7550,337,74.0,3.0,34.0,8.0,304.0
7551,337,31.0,6.0,20.0,8.0,394.0
7552,337,165.0,3.0,78.0,8.0,2329.0
7573,2548,9.0,2.0,14.0,6.0,58.0
7574,2548,56.0,7.0,26.0,6.0,849.0
7575,2548,165.0,3.0,78.0,6.0,8208.0
7576,2548,74.0,3.0,34.0,6.0,274.0
7577,2548,23.0,2.0,17.0,6.0,22.0
7578,2548,49.0,2.0,19.0,6.0,319741.0
7579,2548,31.0,6.0,20.0,6.0,1077.0
7580,2548,56.0,7.0,26.0,6.0,1305.0
7621,235,23.0,2.0,17.0,6.0,102.0
7622,235,23.0,2.0,17.0,6.0,953.0
7623,235,165.0,3.0,78.0,6.0,221.0
7624,235,154.0,2.0,99.0,6.0,13687.0
7625,235,118.0,3.0,101.0,6.0,145.0
7626,235,154.0,2.0,99.0,6.0,10685.0
7627,235,165.0,3.0,78.0,6.0,1470.0
7628,235,49.0,2.0,19.0,11.0,11218.0
7629,235,118.0,3.0,101.0,6.0,2366.0
7630,235,154.0,2.0,99.0,6.0,3393.0
7631,972,103.0,6.0,53.0,11.0,53.0
7632,972,158.0,7.0,57.0,11.0,1254.0
7633,972,54.0,6.0,23.0,11.0,33.0
7634,972,183.0,6.0,85.0,11.0,12560.0
7635,972,158.0,7.0,57.0,11.0,761.0
7636,972,183.0,6.0,85.0,11.0,262.0
7637,972,6.0,0.0,0.0,0.0,41.0
7638,972,183.0,6.0,85.0,11.0,255.0
7639,972,91.0,7.0,91.0,11.0,8872.0
7640,972,181.0,3.0,84.0,11.0,466.0
7711,1671,118.0,3.0,101.0,6.0,332.0
7712,1671,74.0,3.0,34.0,6.0,433.0
7713,1671,23.0,2.0,17.0,6.0,680.0
7714,1671,118.0,3.0,101.0,6.0,213.0
7715,1671,158.0,7.0,57.0,6.0,7353.0
7716,1671,23.0,2.0,17.0,6.0,790.0
7717,1671,158.0,7.0,57.0,6.0,2873.0
7718,1671,158.0,7.0,57.0,6.0,302.0
7719,1671,158.0,7.0,57.0,6.0,195.0
7720,1671,183.0,6.0,85.0,6.0,11779.0
7721,1342,154.0,2.0,99.0,6.0,14797.0
7722,1342,154.0,2.0,99.0,6.0,194.0
7723,1342,154.0,2.0,99.0,6.0,4223.0
7724,1342,154.0,2.0,99.0,6.0,5925.0
7725,1342,165.0,3.0,78.0,6.0,63.0
7726,1342,154.0,2.0,99.0,6.0,6030.0
7727,1342,81.0,7.0,99.0,6.0,5514.0
7728,1342,158.0,7.0,57.0,6.0,24012.0
7729,1342,154.0,2.0,99.0,6.0,1947.0
7730,1342,154.0,2.0,99.0,6.0,2943.0
7738,1163,118.0,3.0,101.0,8.0,141.0
7739,1163,54.0,0.0,0.0,8.0,41105.0
7740,1163,154.0,2.0,99.0,8.0,24026.0
7741,1163,183.0,6.0,85.0,8.0,8633.0
7742,1163,165.0,3.0,78.0,8.0,937.0
7743,1163,154.0,2.0,99.0,8.0,34427.0
7744,1163,23.0,2.0,17.0,8.0,28.0
7745,1163,74.0,3.0,34.0,8.0,482.0
7746,1163,118.0,3.0,101.0,8.0,1243.0
7747,1163,154.0,2.0,99.0,8.0,39008.0
7767,3154,147.0,7.0,60.0,6.0,23829.0
7768,3154,74.0,3.0,34.0,6.0,1697.0
7769,3154,118.0,3.0,101.0,6.0,2358.0
7770,3154,118.0,3.0,101.0,6.0,3013.0
7771,3154,23.0,2.0,17.0,6.0,81.0
7772,3154,147.0,7.0,60.0,6.0,37162.0
7773,3154,118.0,3.0,101.0,6.0,2848.0
7774,3154,81.0,7.0,99.0,6.0,1509.0
7775,3154,118.0,3.0,101.0,6.0,51.0
7776,3154,158.0,7.0,57.0,6.0,323491.0
7797,1361,118.0,3.0,101.0,6.0,636.0
7798,1361,158.0,7.0,57.0,6.0,42298.0
7799,1361,118.0,3.0,101.0,6.0,1967.0
7800,1361,154.0,2.0,99.0,6.0,4109.0
7801,1361,49.0,2.0,19.0,6.0,649561.0
7802,1361,165.0,3.0,78.0,6.0,129.0
7803,1361,158.0,7.0,57.0,6.0,12005.0
7804,1361,118.0,3.0,101.0,6.0,22898.0
7805,1361,158.0,7.0,57.0,6.0,11790.0
7806,1361,118.0,3.0,101.0,6.0,2539.0
7827,1226,165.0,3.0,78.0,6.0,41.0
7828,1226,118.0,3.0,101.0,6.0,1831.0
7829,1226,107.0,0.0,0.0,6.0,91.0
7830,1226,63.0,0.0,0.0,6.0,392.0
7831,1226,151.0,0.0,0.0,6.0,6279.0
7832,1226,66.0,0.0,0.0,0.0,55817.0
7833,1226,88.0,0.0,0.0,6.0,16248.0
7834,1226,78.0,0.0,0.0,6.0,9246.0
7835,1226,36.0,0.0,0.0,6.0,3557.0
7836,1226,158.0,7.0,57.0,6.0,319.0
7857,2626,31.0,6.0,20.0,6.0,328.0
7858,2626,74.0,3.0,34.0,6.0,345.0
7869,1674,23.0,2.0,17.0,8.0,65.0
7870,1674,158.0,7.0,57.0,8.0,201.0
7871,1674,158.0,7.0,57.0,8.0,106816.0
7872,1674,23.0,2.0,17.0,8.0,2306.0
7873,1674,158.0,7.0,57.0,6.0,39577.0
7874,1674,158.0,7.0,57.0,8.0,29543.0
7875,1674,118.0,3.0,101.0,8.0,487.0
7876,1674,158.0,7.0,57.0,8.0,194359.0
7877,1674,118.0,3.0,101.0,8.0,762.0
7878,1674,158.0,7.0,57.0,8.0,7760.0
7879,2272,60.0,7.0,28.0,8.0,12568.0
7880,2272,89.0,0.0,0.0,8.0,34408.0
7881,2272,49.0,2.0,19.0,8.0,342869.0
7882,2272,56.0,7.0,26.0,8.0,391.0
7883,2272,183.0,6.0,88.0,8.0,3469.0
7884,2272,74.0,3.0,34.0,8.0,142.0
7885,2272,183.0,6.0,88.0,8.0,9052.0
7886,2272,56.0,7.0,26.0,8.0,5414.0
7887,2272,33.0,6.0,43.0,8.0,15926.0
7888,2272,74.0,3.0,34.0,8.0,294.0
7939,2516,166.0,3.0,95.0,1.0,544.0
7940,2516,54.0,0.0,0.0,1.0,19095.0
7941,2516,183.0,6.0,87.0,1.0,82894.0
7942,2516,6.0,0.0,0.0,1.0,598.0
7943,2516,44.0,7.0,97.0,1.0,3976.0
7944,2516,6.0,0.0,0.0,1.0,381.0
7945,2516,44.0,7.0,97.0,1.0,157.0
7946,2516,44.0,7.0,97.0,1.0,10442.0
7947,2516,44.0,7.0,97.0,1.0,6236.0
7948,2516,153.0,2.0,99.0,1.0,6651.0
8009,237,81.0,7.0,102.0,8.0,1302.0
8010,237,81.0,7.0,99.0,8.0,2185.0
8011,237,23.0,2.0,17.0,8.0,1657.0
8012,237,23.0,2.0,17.0,8.0,2108.0
8013,237,154.0,2.0,99.0,8.0,2632.0
8014,237,154.0,2.0,99.0,8.0,41103.0
8015,237,154.0,2.0,99.0,8.0,14634.0
8016,237,81.0,7.0,99.0,8.0,48056.0
8017,237,183.0,6.0,85.0,8.0,20405.0
8018,237,81.0,7.0,99.0,8.0,1823.0
8029,2576,81.0,0.0,0.0,8.0,955.0
8030,2576,49.0,2.0,19.0,8.0,44707.0
8031,2576,60.0,7.0,28.0,8.0,4016.0
8032,2576,131.0,0.0,0.0,8.0,431.0
8033,2576,15.0,0.0,0.0,8.0,154006.0
8034,2576,31.0,6.0,20.0,8.0,571.0
8035,2576,74.0,3.0,34.0,8.0,1069.0
8036,2576,56.0,7.0,26.0,8.0,410.0
8037,2576,60.0,7.0,28.0,8.0,5767.0
8058,2368,154.0,2.0,99.0,6.0,554.0
8059,2368,178.0,7.0,104.0,6.0,713.0
8060,2368,178.0,7.0,104.0,6.0,831.0
8061,2368,81.0,7.0,97.0,6.0,571.0
8062,2368,158.0,7.0,57.0,6.0,5811.0
8063,2368,118.0,3.0,101.0,6.0,240.0
8064,2368,158.0,7.0,57.0,6.0,25674.0
8065,2368,56.0,7.0,26.0,6.0,653.0
8066,2368,165.0,3.0,78.0,6.0,228.0
8067,2368,158.0,7.0,57.0,6.0,18.0
8138,822,88.0,0.0,0.0,6.0,45784.0
8139,822,146.0,2.0,70.0,6.0,5260.0
8140,822,32.0,1.0,10.0,6.0,5255.0
8141,822,81.0,0.0,0.0,6.0,30395.0
8142,822,81.0,0.0,0.0,6.0,18106.0
8143,822,47.0,0.0,0.0,6.0,9134.0
8144,822,87.0,0.0,0.0,6.0,53144.0
8145,822,78.0,0.0,0.0,6.0,488.0
8146,822,178.0,7.0,104.0,6.0,1497.0
8147,822,37.0,5.0,55.0,6.0,18282.0
8148,1520,81.0,7.0,99.0,8.0,91571.0
8149,1520,78.0,0.0,0.0,8.0,1675.0
8150,1520,147.0,7.0,60.0,8.0,1010.0
8151,1520,10.0,0.0,0.0,8.0,64.0
8152,1520,22.0,0.0,0.0,8.0,3.0
8153,1520,154.0,2.0,99.0,8.0,3319.0
8154,1520,147.0,7.0,60.0,8.0,6585.0
8155,1520,165.0,3.0,78.0,8.0,456.0
8156,1520,30.0,6.0,7.0,8.0,10828.0
8157,1520,154.0,2.0,99.0,8.0,4584.0
8217,1275,154.0,2.0,99.0,6.0,12551.0
8218,1275,74.0,3.0,34.0,6.0,617.0
8219,1275,23.0,2.0,17.0,6.0,42.0
8220,1275,183.0,6.0,85.0,6.0,173567.0
8221,1275,165.0,3.0,78.0,6.0,528.0
8222,1275,158.0,7.0,57.0,6.0,13723.0
8223,1275,154.0,2.0,99.0,6.0,8259.0
8224,1275,118.0,3.0,101.0,6.0,13915.0
8225,1275,183.0,6.0,85.0,6.0,2438.0
8226,1275,107.0,0.0,0.0,6.0,49.0
8237,1436,154.0,2.0,99.0,6.0,60181.0
8238,1436,154.0,2.0,99.0,6.0,14194.0
8239,1436,81.0,7.0,99.0,6.0,11125.0
8240,1436,154.0,2.0,99.0,6.0,128393.0
8241,1436,81.0,0.0,0.0,6.0,679.0
8242,1436,80.0,7.0,58.0,6.0,9336.0
8243,1436,56.0,7.0,26.0,6.0,0.0
8244,1436,154.0,2.0,99.0,6.0,26539.0
8245,1436,154.0,2.0,99.0,6.0,0.0
8246,1436,154.0,2.0,99.0,6.0,29596.0
8267,1273,81.0,7.0,99.0,8.0,1557.0
8268,1273,74.0,3.0,34.0,8.0,37.0
8269,1273,118.0,3.0,101.0,8.0,1115.0
8270,1273,183.0,6.0,85.0,8.0,10456.0
8271,1273,118.0,3.0,101.0,8.0,4150.0
8272,1273,118.0,3.0,101.0,8.0,303.0
8273,1273,81.0,7.0,99.0,8.0,1217.0
8274,1273,74.0,3.0,34.0,8.0,2504.0
8275,1273,81.0,7.0,99.0,8.0,725797.0
8286,1823,116.0,1.0,62.0,11.0,0.0
8287,1823,147.0,7.0,60.0,6.0,2051.0
8288,1823,178.0,7.0,104.0,6.0,524.0
8289,1823,74.0,3.0,34.0,6.0,2379.0
8290,1823,147.0,7.0,60.0,6.0,1077.0
8291,1823,147.0,6.0,65.0,6.0,255892.0
8292,1823,158.0,7.0,57.0,6.0,287.0
8293,1823,118.0,3.0,101.0,6.0,71.0
8294,1823,178.0,7.0,104.0,6.0,1612.0
8295,1823,49.0,2.0,19.0,11.0,529534.0
8380,1444,60.0,7.0,28.0,8.0,12083.0
8381,1444,118.0,3.0,101.0,8.0,74.0
8382,1444,61.0,7.0,68.0,8.0,676.0
8383,1444,23.0,2.0,17.0,8.0,1735.0
8384,1444,60.0,7.0,28.0,8.0,739309.0
8385,1444,60.0,7.0,28.0,8.0,1612.0
8386,1444,23.0,2.0,17.0,8.0,2543.0
8387,1444,158.0,7.0,57.0,8.0,265.0
8388,1444,118.0,3.0,101.0,8.0,864.0
8389,1444,158.0,7.0,92.0,8.0,8036.0
8390,1714,154.0,2.0,99.0,6.0,6792.0
8391,1714,154.0,2.0,99.0,6.0,6666.0
8392,1714,154.0,2.0,99.0,6.0,22536.0
8393,1714,31.0,6.0,20.0,6.0,838.0
8394,1714,23.0,2.0,17.0,6.0,450.0
8395,1714,154.0,2.0,99.0,6.0,2141.0
8396,1714,154.0,2.0,99.0,6.0,3263.0
8397,1714,154.0,2.0,99.0,6.0,22912.0
8398,1714,154.0,2.0,99.0,6.0,1985.0
8399,1714,158.0,7.0,57.0,6.0,5978.0
8400,2448,158.0,7.0,57.0,2.0,141.0
8401,2448,153.0,2.0,99.0,2.0,24157.0
8402,2448,6.0,0.0,0.0,2.0,3552.0
8403,2448,44.0,7.0,97.0,2.0,13288.0
8404,2448,81.0,0.0,0.0,2.0,22295.0
8405,2448,44.0,7.0,97.0,2.0,54392.0
8406,2448,166.0,3.0,95.0,2.0,503.0
8407,2448,81.0,0.0,0.0,2.0,197.0
8408,2448,166.0,3.0,95.0,2.0,1135.0
8409,2448,44.0,7.0,97.0,2.0,21288.0
8420,883,103.0,7.0,1.0,8.0,1222.0
8421,883,74.0,3.0,34.0,8.0,464.0
8422,883,60.0,7.0,28.0,8.0,34087.0
8423,883,159.0,3.0,93.0,8.0,474.0
8424,883,56.0,7.0,26.0,8.0,684.0
8425,883,73.0,0.0,0.0,8.0,721.0
8426,883,119.0,0.0,0.0,8.0,197.0
8427,883,60.0,7.0,28.0,8.0,3026.0
8428,883,15.0,0.0,0.0,8.0,108194.0
8429,883,159.0,3.0,93.0,8.0,432.0
8460,1011,81.0,7.0,99.0,10.0,4598.0
8461,1011,154.0,2.0,99.0,10.0,22424.0
8462,1011,74.0,3.0,34.0,10.0,1296.0
8463,1011,81.0,7.0,99.0,10.0,565.0
8464,1011,118.0,3.0,101.0,10.0,127.0
8465,1011,118.0,3.0,101.0,10.0,3438.0
8466,1011,158.0,7.0,57.0,10.0,4202.0
8467,1011,81.0,7.0,99.0,10.0,12069.0
8468,1011,81.0,7.0,99.0,10.0,2608.0
8469,1011,154.0,2.0,99.0,10.0,7852.0
8480,538,74.0,3.0,34.0,8.0,591.0
8481,538,91.0,0.0,0.0,8.0,38.0
8482,538,74.0,3.0,34.0,8.0,14.0
8483,538,81.0,0.0,0.0,8.0,707.0
8484,538,118.0,3.0,101.0,8.0,17800.0
8485,538,124.0,7.0,64.0,8.0,850.0
8486,2050,147.0,7.0,60.0,6.0,1278.0
8487,2050,147.0,7.0,60.0,6.0,1965.0
8488,2050,147.0,7.0,60.0,6.0,379.0
8489,2050,116.0,1.0,62.0,6.0,5065.0
8490,2050,74.0,3.0,34.0,6.0,2631.0
8491,2050,178.0,7.0,104.0,6.0,1655.0
8492,2050,178.0,7.0,104.0,6.0,880.0
8493,2050,147.0,6.0,65.0,6.0,17634.0
8494,2050,147.0,7.0,60.0,6.0,1260.0
8495,2050,187.0,0.0,0.0,6.0,28767.0
8506,730,31.0,6.0,20.0,6.0,754.0
8507,730,81.0,0.0,0.0,0.0,43407.0
8508,730,9.0,2.0,14.0,6.0,79.0
8509,730,31.0,6.0,20.0,6.0,1063.0
8510,730,154.0,2.0,99.0,6.0,26327.0
8511,730,153.0,0.0,0.0,0.0,2900.0
8512,730,165.0,3.0,78.0,6.0,549.0
8513,730,107.0,0.0,0.0,6.0,73.0
8514,730,56.0,7.0,26.0,6.0,18765.0
8515,730,23.0,2.0,17.0,6.0,26.0
8577,177,105.0,0.0,0.0,8.0,15147.0
8578,177,127.0,0.0,0.0,8.0,10273.0
8579,177,81.0,7.0,99.0,8.0,3321.0
8580,177,81.0,7.0,99.0,8.0,42469.0
8581,177,60.0,7.0,28.0,8.0,578.0
8582,177,78.0,0.0,0.0,8.0,7971.0
8583,177,154.0,2.0,99.0,8.0,454.0
8584,177,15.0,0.0,0.0,8.0,65762.0
8585,177,23.0,2.0,17.0,8.0,3713.0
8586,177,81.0,7.0,99.0,8.0,41676.0
8606,45,154.0,2.0,99.0,6.0,1485.0
8607,45,154.0,2.0,99.0,6.0,2650.0
8608,45,154.0,2.0,99.0,6.0,132.0
8609,45,154.0,2.0,99.0,6.0,1457.0
8610,45,154.0,2.0,99.0,6.0,2388.0
8611,45,154.0,2.0,99.0,6.0,5198.0
8612,45,154.0,2.0,99.0,6.0,12373.0
8613,45,154.0,2.0,99.0,6.0,724.0
8614,45,154.0,2.0,99.0,6.0,920.0
8615,45,154.0,2.0,99.0,6.0,1787.0
8672,2108,153.0,2.0,99.0,1.0,6531.0
8673,2108,154.0,2.0,99.0,8.0,21298.0
8674,2108,81.0,7.0,99.0,8.0,214.0
8675,2108,154.0,2.0,99.0,8.0,1403.0
8676,2108,154.0,2.0,99.0,8.0,6746.0
8677,2108,81.0,7.0,99.0,8.0,5128.0
8678,2108,35.0,3.0,83.0,1.0,1424.0
8679,2108,154.0,2.0,99.0,8.0,712.0
8680,2108,153.0,2.0,99.0,1.0,2932.0
8681,2108,154.0,2.0,99.0,8.0,1769.0
8682,2518,81.0,7.0,99.0,10.0,622.0
8683,2518,158.0,7.0,57.0,10.0,19442.0
8684,2518,118.0,3.0,101.0,10.0,2469.0
8685,2518,118.0,3.0,101.0,10.0,23.0
8686,2518,23.0,2.0,17.0,10.0,4691.0
8687,2518,81.0,7.0,99.0,10.0,3903.0
8688,2518,165.0,3.0,78.0,10.0,497.0
8689,2518,36.0,0.0,0.0,10.0,40273.0
8690,2518,74.0,3.0,34.0,10.0,1273.0
8691,2518,81.0,7.0,99.0,10.0,14068.0
8698,2540,74.0,3.0,34.0,6.0,3856.0
8699,2540,158.0,7.0,57.0,6.0,247.0
8700,2540,147.0,7.0,60.0,6.0,1092.0
8701,2540,118.0,3.0,101.0,6.0,1360.0
8702,2540,178.0,7.0,104.0,6.0,1680.0
8703,2540,165.0,3.0,78.0,6.0,173.0
8704,2540,158.0,7.0,57.0,6.0,5027.0
8705,2540,147.0,7.0,60.0,6.0,1801.0
8706,2540,116.0,1.0,62.0,6.0,1000.0
8707,2540,178.0,7.0,104.0,6.0,123456.0
8718,3109,23.0,2.0,17.0,6.0,459.0
8719,3109,158.0,7.0,57.0,6.0,97888.0
8720,3109,81.0,7.0,99.0,6.0,8975.0
8721,3109,9.0,2.0,14.0,6.0,10.0
8722,3109,23.0,2.0,17.0,6.0,49.0
8723,3109,118.0,3.0,101.0,6.0,7032.0
8724,3109,158.0,7.0,57.0,6.0,10379.0
8725,3109,158.0,7.0,57.0,6.0,146436.0
8726,3109,165.0,3.0,78.0,6.0,64.0
8727,3109,81.0,7.0,50.0,6.0,83488.0
8784,2181,166.0,3.0,95.0,11.0,1862.0
8785,2181,181.0,3.0,84.0,11.0,1767.0
8786,2181,158.0,7.0,92.0,11.0,84.0
8787,2181,153.0,2.0,99.0,11.0,16874.0
8788,2181,158.0,7.0,92.0,11.0,74.0
8789,2181,181.0,3.0,84.0,11.0,492.0
8790,2181,158.0,7.0,92.0,11.0,98.0
8791,2181,153.0,2.0,99.0,11.0,17378.0
8792,2181,153.0,2.0,99.0,11.0,7577.0
8793,2181,158.0,7.0,92.0,11.0,30.0
8794,1963,158.0,7.0,57.0,6.0,242.0
8795,1963,165.0,3.0,78.0,6.0,1008.0
8796,1963,23.0,2.0,17.0,6.0,1101.0
8797,1963,158.0,7.0,57.0,6.0,5864.0
8798,1963,158.0,7.0,57.0,6.0,11.0
8799,1963,165.0,3.0,78.0,6.0,557.0
8800,1963,154.0,2.0,99.0,6.0,1132.0
8801,1963,154.0,2.0,99.0,6.0,26142.0
8802,1963,74.0,3.0,34.0,6.0,3533.0
8803,1963,158.0,7.0,57.0,6.0,7826.0
8804,768,10.0,0.0,0.0,6.0,24360.0
8805,768,158.0,7.0,57.0,6.0,8109.0
8806,768,118.0,3.0,101.0,6.0,761.0
8807,768,118.0,3.0,101.0,6.0,3255.0
8808,768,158.0,7.0,57.0,6.0,546.0
8809,768,81.0,7.0,99.0,6.0,18841.0
8810,768,158.0,7.0,57.0,6.0,24349.0
8811,768,158.0,7.0,56.0,6.0,154.0
8812,768,118.0,3.0,101.0,6.0,6.0
8813,768,158.0,7.0,57.0,6.0,368.0
8854,2473,158.0,7.0,92.0,8.0,45509.0
8855,2473,133.0,7.0,50.0,8.0,5569.0
8856,2473,165.0,3.0,78.0,8.0,46.0
8857,2473,16.0,2.0,20.0,8.0,129580.0
8858,2473,10.0,0.0,0.0,8.0,6.0
8859,2473,158.0,7.0,57.0,8.0,778.0
8860,2473,158.0,7.0,57.0,8.0,632.0
8861,2473,23.0,2.0,17.0,8.0,29.0
8862,2473,49.0,2.0,19.0,8.0,140824.0
8863,2473,22.0,0.0,0.0,8.0,42.0
8874,2278,74.0,3.0,34.0,8.0,69.0
8875,2278,33.0,6.0,43.0,8.0,112.0
8876,2278,33.0,6.0,43.0,8.0,741.0
8877,2278,33.0,6.0,43.0,8.0,1263.0
8878,735,81.0,7.0,99.0,8.0,3556.0
8879,735,154.0,2.0,99.0,8.0,3526.0
8880,735,165.0,3.0,78.0,8.0,540.0
8881,735,154.0,2.0,99.0,8.0,3975.0
8882,735,165.0,3.0,78.0,8.0,52.0
8883,735,23.0,2.0,17.0,8.0,62.0
8884,735,158.0,7.0,57.0,8.0,211.0
8885,735,158.0,7.0,57.0,8.0,18163.0
8886,735,81.0,7.0,99.0,8.0,35969.0
8887,735,23.0,2.0,17.0,8.0,36.0
8908,1154,103.0,6.0,53.0,11.0,4.0
8909,1154,153.0,2.0,99.0,11.0,21443.0
8910,1154,158.0,7.0,92.0,11.0,14604.0
8911,1154,6.0,0.0,0.0,11.0,68.0
8912,1154,158.0,7.0,57.0,11.0,16599.0
8913,1154,150.0,3.0,41.0,11.0,35360.0
8914,1154,158.0,7.0,92.0,11.0,494.0
8915,1154,158.0,7.0,57.0,11.0,50.0
8916,1154,158.0,7.0,57.0,11.0,102.0
8917,1154,150.0,3.0,41.0,11.0,8123.0
8928,819,116.0,1.0,62.0,6.0,0.0
8929,819,133.0,7.0,50.0,6.0,219503.0
8930,819,133.0,7.0,50.0,6.0,9207.0
8931,819,133.0,7.0,50.0,6.0,350.0
8932,819,133.0,7.0,50.0,6.0,11115.0
8933,819,158.0,7.0,57.0,6.0,1529014.0
8934,819,158.0,7.0,57.0,6.0,720.0
8935,819,133.0,7.0,50.0,6.0,69759.0
8936,819,133.0,7.0,50.0,6.0,4441.0
8937,819,133.0,7.0,50.0,6.0,209820.0
8938,785,23.0,2.0,17.0,8.0,723.0
8939,785,81.0,7.0,99.0,8.0,15842.0
8940,785,23.0,2.0,17.0,8.0,559.0
8941,785,183.0,6.0,85.0,8.0,10929.0
8942,785,81.0,7.0,99.0,8.0,68645.0
8943,785,154.0,2.0,99.0,8.0,37994.0
8944,785,154.0,2.0,99.0,8.0,3422.0
8945,785,154.0,2.0,99.0,8.0,18496.0
8946,785,118.0,3.0,101.0,8.0,852.0
8947,785,154.0,2.0,99.0,8.0,19841.0
8948,3110,158.0,7.0,57.0,11.0,169.0
8949,3110,150.0,3.0,41.0,11.0,14913.0
8950,3110,158.0,7.0,92.0,11.0,184.0
8951,3110,112.0,3.0,61.0,11.0,74.0
8952,3110,54.0,0.0,0.0,11.0,505.0
8953,3110,43.0,2.0,11.0,11.0,16338.0
8954,3110,153.0,2.0,99.0,11.0,0.0
8955,3110,166.0,3.0,95.0,11.0,0.0
8956,3110,166.0,3.0,95.0,11.0,13070.0
8957,3110,153.0,2.0,99.0,11.0,18711.0
8958,31,74.0,3.0,34.0,8.0,370.0
8959,31,56.0,7.0,26.0,8.0,1803.0
8960,31,74.0,3.0,34.0,8.0,2646.0
8961,31,31.0,6.0,20.0,8.0,884.0
8962,31,142.0,0.0,0.0,8.0,166.0
8963,31,56.0,7.0,26.0,8.0,370.0
8964,31,49.0,2.0,19.0,8.0,664605.0
8965,31,74.0,3.0,34.0,8.0,478.0
8966,2739,88.0,0.0,0.0,8.0,40399.0
8967,2739,158.0,7.0,92.0,8.0,45604.0
8968,2739,158.0,7.0,57.0,8.0,6471.0
8969,2739,131.0,0.0,0.0,8.0,330.0
8970,2739,158.0,7.0,57.0,8.0,54.0
8971,2739,118.0,3.0,101.0,8.0,983.0
8972,2739,54.0,6.0,24.0,8.0,13774.0
8973,2739,23.0,2.0,17.0,8.0,17.0
8974,2739,74.0,3.0,34.0,8.0,92.0
8975,2739,177.0,0.0,0.0,8.0,5.0
8986,820,81.0,7.0,99.0,8.0,478.0
8987,820,81.0,0.0,0.0,8.0,5883.0
8988,820,128.0,0.0,0.0,8.0,37695.0
8989,820,74.0,3.0,34.0,8.0,265.0
8990,820,178.0,7.0,104.0,8.0,464.0
8991,820,154.0,2.0,99.0,8.0,1352.0
8992,820,154.0,2.0,99.0,8.0,510.0
8993,820,154.0,2.0,99.0,8.0,2103.0
8994,820,154.0,2.0,99.0,8.0,2798.0
8995,820,118.0,3.0,101.0,8.0,831.0
9036,2777,154.0,2.0,99.0,10.0,1152.0
9037,2777,118.0,3.0,101.0,10.0,2638.0
9038,2777,165.0,3.0,78.0,10.0,3354.0
9039,2777,154.0,2.0,99.0,10.0,2149.0
9040,2777,154.0,2.0,99.0,10.0,3626.0
9041,2777,158.0,7.0,57.0,10.0,4180.0
9042,2777,165.0,3.0,78.0,10.0,17.0
9043,2777,154.0,2.0,99.0,10.0,5492.0
9044,2777,154.0,2.0,99.0,10.0,484.0
9045,2777,23.0,2.0,17.0,10.0,66.0
9046,1848,183.0,6.0,86.0,6.0,152310.0
9047,1848,183.0,6.0,85.0,6.0,9727.0
9048,1848,183.0,6.0,85.0,6.0,12144.0
9049,1848,183.0,6.0,85.0,6.0,50.0
9050,1848,183.0,6.0,85.0,6.0,33085.0
9051,1848,183.0,6.0,85.0,6.0,52511.0
9052,1848,183.0,6.0,85.0,6.0,51787.0
9053,1848,183.0,6.0,85.0,6.0,9654.0
9054,1848,183.0,6.0,86.0,6.0,73326.0
9055,1848,183.0,6.0,85.0,6.0,107403.0
9114,2863,118.0,3.0,101.0,8.0,53.0
9115,2863,23.0,2.0,17.0,8.0,823.0
9116,2863,158.0,7.0,57.0,8.0,24224.0
9117,2863,165.0,3.0,78.0,8.0,270.0
9118,2863,23.0,2.0,17.0,8.0,1186.0
9119,2863,118.0,3.0,101.0,8.0,1185.0
9120,2863,81.0,7.0,99.0,8.0,82495.0
9121,2863,74.0,3.0,34.0,8.0,1630.0
9122,2863,158.0,7.0,57.0,8.0,75890.0
9123,2863,165.0,3.0,78.0,8.0,85.0
9151,591,118.0,3.0,101.0,8.0,1669.0
9152,591,118.0,3.0,101.0,8.0,1266.0
9153,591,81.0,7.0,99.0,8.0,51240.0
9154,591,158.0,7.0,57.0,8.0,13388.0
9155,591,118.0,3.0,101.0,8.0,41.0
9156,591,118.0,3.0,101.0,8.0,982.0
9157,591,61.0,7.0,68.0,8.0,12657.0
9158,591,61.0,7.0,68.0,8.0,1050.0
9159,591,81.0,7.0,99.0,8.0,98397.0
9160,591,23.0,2.0,17.0,8.0,46.0
9161,941,23.0,2.0,17.0,6.0,145.0
9162,941,154.0,2.0,99.0,6.0,1378.0
9163,941,81.0,7.0,99.0,6.0,10271.0
9164,941,178.0,7.0,104.0,6.0,1439.0
9165,941,158.0,7.0,57.0,6.0,212.0
9166,941,158.0,7.0,57.0,6.0,5956.0
9167,941,165.0,3.0,78.0,6.0,62.0
9168,941,158.0,7.0,57.0,6.0,136.0
9169,941,183.0,6.0,85.0,6.0,53024.0
9170,941,158.0,7.0,57.0,6.0,25912.0
9171,2712,147.0,7.0,60.0,6.0,1226.0
9172,2712,60.0,7.0,28.0,6.0,4272.0
9173,2712,56.0,7.0,26.0,6.0,1002.0
9174,2712,60.0,7.0,28.0,6.0,3369.0
9175,2712,172.0,7.0,80.0,6.0,89066.0
9176,2712,39.0,7.0,12.0,6.0,20787.0
9177,2712,147.0,7.0,60.0,6.0,1335.0
9178,2712,178.0,7.0,104.0,6.0,1136.0
9179,2712,74.0,3.0,34.0,6.0,2830.0
9180,2712,147.0,7.0,60.0,6.0,739.0
9191,3252,158.0,7.0,92.0,11.0,79.0
9192,3252,150.0,3.0,41.0,11.0,181.0
9193,3252,158.0,7.0,92.0,11.0,276.0
9194,3252,157.0,0.0,0.0,11.0,30.0
9195,3252,158.0,0.0,0.0,11.0,7319.0
9196,3252,6.0,0.0,0.0,11.0,280426.0
9197,3252,157.0,0.0,0.0,11.0,10.0
9198,3252,150.0,3.0,41.0,11.0,0.0
9199,3252,166.0,3.0,95.0,11.0,20938.0
9200,3252,150.0,3.0,41.0,11.0,299.0
9201,493,157.0,0.0,0.0,11.0,25.0
9202,493,166.0,3.0,95.0,11.0,1317.0
9203,493,158.0,7.0,92.0,11.0,11.0
9204,493,183.0,6.0,85.0,11.0,95.0
9205,493,166.0,3.0,95.0,11.0,360.0
9206,493,44.0,7.0,97.0,11.0,964.0
9207,493,157.0,0.0,0.0,11.0,419.0
9208,493,158.0,7.0,57.0,11.0,172.0
9209,493,183.0,6.0,85.0,11.0,128.0
9210,493,166.0,3.0,95.0,11.0,14.0
9248,1327,54.0,6.0,24.0,11.0,32064.0
9249,1327,81.0,0.0,0.0,11.0,1716.0
9250,1327,187.0,0.0,0.0,11.0,11249.0
9251,1327,54.0,0.0,0.0,0.0,509.0
9252,1327,60.0,7.0,28.0,11.0,2860.0
9253,1327,183.0,6.0,88.0,11.0,232911.0
9254,1327,131.0,0.0,0.0,11.0,456.0
9255,1327,15.0,0.0,0.0,11.0,111280.0
9256,1327,60.0,7.0,28.0,11.0,3834.0
9257,1327,150.0,3.0,94.0,0.0,620.0
9258,2993,118.0,3.0,101.0,6.0,1769.0
9259,2993,165.0,3.0,78.0,6.0,34.0
9260,2993,147.0,7.0,60.0,6.0,10614.0
9261,2993,147.0,6.0,65.0,6.0,9462.0
9262,2993,158.0,7.0,57.0,6.0,17670.0
9263,2993,147.0,7.0,60.0,6.0,1386.0
9264,2993,158.0,7.0,57.0,6.0,185017.0
9265,2993,147.0,7.0,60.0,6.0,599.0
9266,2993,23.0,2.0,17.0,6.0,933.0
9267,2993,23.0,2.0,17.0,6.0,2387.0
9358,2358,158.0,7.0,92.0,11.0,674.0
9359,2358,166.0,3.0,95.0,11.0,99.0
9360,2358,158.0,7.0,57.0,11.0,107.0
9361,2358,158.0,7.0,57.0,11.0,199.0
9362,2358,158.0,7.0,92.0,11.0,1021.0
9363,2358,150.0,3.0,41.0,11.0,27.0
9364,2358,158.0,7.0,92.0,11.0,73.0
9365,2358,166.0,3.0,95.0,11.0,93.0
9366,2358,153.0,2.0,99.0,11.0,26692.0
9367,2358,158.0,7.0,92.0,11.0,34.0
9368,580,74.0,3.0,34.0,6.0,4903.0
9369,580,39.0,7.0,12.0,6.0,13792.0
9370,1075,154.0,2.0,99.0,10.0,10059.0
9371,1075,107.0,0.0,0.0,10.0,74.0
9372,1075,158.0,7.0,92.0,10.0,125899.0
9373,1075,158.0,7.0,57.0,10.0,367.0
9374,1075,165.0,3.0,78.0,10.0,615.0
9375,1075,118.0,3.0,101.0,10.0,1796.0
9376,1075,36.0,0.0,0.0,10.0,4998.0
9377,1075,165.0,3.0,78.0,10.0,109.0
9378,1075,154.0,2.0,99.0,10.0,6726.0
9379,1075,61.0,7.0,68.0,10.0,1044.0
9390,745,158.0,7.0,57.0,8.0,25565.0
9391,745,81.0,7.0,99.0,8.0,1148.0
9392,745,183.0,6.0,85.0,8.0,329480.0
9393,745,154.0,2.0,99.0,8.0,35087.0
9394,745,81.0,7.0,99.0,8.0,608.0
9395,745,154.0,2.0,99.0,8.0,73604.0
9396,745,154.0,2.0,99.0,8.0,25777.0
9397,745,118.0,3.0,101.0,8.0,1253.0
9398,745,154.0,2.0,99.0,8.0,7050.0
9399,745,118.0,3.0,101.0,8.0,13114.0
9400,700,56.0,7.0,26.0,6.0,17898.0
9401,700,158.0,7.0,57.0,6.0,684.0
9402,700,50.0,6.0,54.0,6.0,19475.0
9403,700,61.0,7.0,68.0,6.0,3415.0
9404,700,60.0,7.0,28.0,6.0,2217.0
9405,700,56.0,7.0,26.0,6.0,3899.0
9406,700,78.0,0.0,0.0,6.0,1191.0
9407,700,22.0,0.0,0.0,6.0,252.0
9408,700,61.0,7.0,68.0,6.0,9653.0
9409,700,81.0,0.0,0.0,6.0,2004.0
9410,2800,158.0,7.0,57.0,10.0,19899.0
9411,2800,23.0,2.0,17.0,10.0,54.0
9412,2800,119.0,0.0,0.0,10.0,1174.0
9413,2800,158.0,7.0,57.0,10.0,38535.0
9414,2800,23.0,2.0,17.0,10.0,389.0
9415,2800,60.0,7.0,28.0,10.0,51842.0
9416,2800,23.0,2.0,17.0,10.0,422.0
9417,2800,165.0,3.0,78.0,10.0,83.0
9418,2800,165.0,3.0,78.0,10.0,86.0
9419,2800,118.0,3.0,101.0,10.0,1249.0
9420,549,158.0,7.0,57.0,8.0,8355.0
9421,549,158.0,7.0,57.0,8.0,21468.0
9422,549,154.0,2.0,99.0,8.0,22094.0
9423,549,81.0,7.0,99.0,8.0,29958.0
9424,549,175.0,0.0,0.0,8.0,17377.0
9425,549,23.0,2.0,17.0,8.0,1122.0
9426,549,23.0,2.0,17.0,8.0,940.0
9427,549,175.0,0.0,0.0,8.0,25529.0
9428,549,154.0,2.0,99.0,8.0,67105.0
9429,549,74.0,3.0,34.0,8.0,369.0
9430,2006,74.0,3.0,34.0,8.0,805.0
9431,2006,31.0,6.0,20.0,8.0,1005.0
9432,2006,142.0,0.0,0.0,8.0,6230.0
9433,2006,74.0,3.0,34.0,8.0,571.0
9444,2495,81.0,7.0,50.0,6.0,327553.0
9445,2495,183.0,6.0,85.0,6.0,4587.0
9446,2495,165.0,3.0,78.0,6.0,410.0
9447,2495,165.0,3.0,78.0,6.0,532.0
9448,2495,56.0,7.0,26.0,6.0,753.0
9449,2495,118.0,3.0,101.0,6.0,90.0
9450,2495,118.0,3.0,101.0,6.0,11790.0
9451,2495,118.0,3.0,101.0,6.0,973.0
9452,2495,159.0,3.0,93.0,6.0,330.0
9453,2495,183.0,6.0,85.0,6.0,1916.0
9490,490,158.0,7.0,57.0,11.0,32.0
9491,490,153.0,2.0,99.0,11.0,5257.0
9492,490,153.0,2.0,99.0,11.0,42324.0
9493,490,150.0,3.0,41.0,11.0,6.0
9494,490,158.0,7.0,92.0,11.0,105.0
9495,490,6.0,0.0,0.0,11.0,83.0
9496,490,158.0,7.0,92.0,11.0,94.0
9497,490,166.0,3.0,95.0,11.0,385.0
9498,490,150.0,3.0,41.0,11.0,86.0
9499,490,158.0,7.0,57.0,11.0,94.0
9520,1501,10.0,0.0,0.0,6.0,411084.0
9521,1501,81.0,7.0,99.0,6.0,16417.0
9522,1501,9.0,2.0,14.0,6.0,19.0
9523,1501,81.0,7.0,99.0,6.0,9503.0
9524,1501,60.0,7.0,28.0,6.0,7022.0
9525,1501,81.0,7.0,99.0,6.0,28871.0
9526,1501,78.0,0.0,0.0,6.0,8758.0
9527,1501,158.0,7.0,57.0,6.0,25739.0
9528,1501,23.0,2.0,17.0,6.0,35.0
9529,1501,118.0,3.0,101.0,6.0,1346.0
9542,116,118.0,3.0,101.0,6.0,64212.0
9543,116,30.0,6.0,7.0,6.0,32236.0
9544,116,30.0,6.0,7.0,6.0,7956.0
9545,116,30.0,6.0,7.0,6.0,33641.0
9546,116,30.0,6.0,7.0,6.0,117389.0
9547,116,147.0,7.0,60.0,6.0,345.0
9548,116,162.0,7.0,77.0,6.0,9317.0
9549,116,30.0,6.0,7.0,6.0,20806.0
9550,116,74.0,3.0,34.0,6.0,905.0
9551,116,81.0,0.0,0.0,6.0,560.0
9577,1271,118.0,3.0,101.0,8.0,1724.0
9578,1271,81.0,7.0,99.0,8.0,8794.0
9579,1271,81.0,7.0,99.0,8.0,6671.0
9580,1271,74.0,3.0,34.0,8.0,5762.0
9581,1271,158.0,7.0,57.0,8.0,70015.0
9582,1271,81.0,7.0,99.0,8.0,1197.0
9583,1271,81.0,7.0,99.0,8.0,91.0
9584,1271,74.0,3.0,34.0,8.0,14.0
9585,1271,81.0,7.0,99.0,8.0,851.0
9586,1271,154.0,2.0,99.0,8.0,4259.0
9587,2221,158.0,7.0,57.0,8.0,39755.0
9588,2221,77.0,0.0,0.0,8.0,43095.0
9589,2221,118.0,3.0,101.0,8.0,1612.0
9590,2221,165.0,3.0,78.0,8.0,225.0
9591,2221,23.0,2.0,17.0,8.0,1124.0
9592,2221,118.0,3.0,101.0,8.0,1150.0
9593,2221,118.0,3.0,101.0,8.0,673.0
9594,2221,118.0,3.0,101.0,8.0,72.0
9595,2221,39.0,7.0,12.0,8.0,19948.0
9596,2221,23.0,2.0,17.0,8.0,910.0
9607,1749,158.0,7.0,57.0,8.0,540.0
9608,1749,154.0,2.0,99.0,8.0,7569.0
9609,1749,118.0,3.0,101.0,8.0,648.0
9610,1749,158.0,7.0,57.0,8.0,352.0
9611,1749,81.0,7.0,102.0,8.0,3910.0
9612,1749,118.0,3.0,101.0,8.0,1089.0
9613,1749,81.0,7.0,99.0,8.0,37974.0
9614,1749,183.0,6.0,86.0,8.0,30077.0
9615,1749,183.0,6.0,85.0,8.0,240.0
9616,1749,183.0,6.0,85.0,8.0,3492.0
9667,2830,158.0,7.0,57.0,6.0,87323.0
9668,2830,81.0,7.0,99.0,6.0,5481.0
9669,2830,23.0,2.0,17.0,6.0,4.0
9670,2830,81.0,7.0,99.0,6.0,7369.0
9671,2830,81.0,7.0,99.0,6.0,1372.0
9672,2830,154.0,2.0,99.0,6.0,59474.0
9673,2830,81.0,7.0,99.0,6.0,32347.0
9674,2830,81.0,7.0,99.0,6.0,39423.0
9675,2830,23.0,2.0,17.0,6.0,430.0
9676,2830,158.0,7.0,57.0,6.0,12734.0
9677,832,158.0,7.0,57.0,6.0,201.0
9678,832,16.0,2.0,20.0,6.0,9814.0
9679,832,74.0,3.0,34.0,6.0,424.0
9680,832,118.0,3.0,101.0,6.0,973.0
9681,832,118.0,3.0,101.0,6.0,1009.0
9682,832,81.0,7.0,99.0,6.0,113129.0
9683,832,23.0,2.0,17.0,6.0,705.0
9684,832,142.0,0.0,0.0,6.0,427.0
9685,832,165.0,3.0,78.0,6.0,1423.0
9686,832,183.0,6.0,88.0,6.0,11186.0
9707,1846,73.0,0.0,0.0,6.0,1015.0
9708,1846,183.0,6.0,86.0,6.0,82293.0
9709,1846,183.0,6.0,86.0,6.0,13762.0
9710,1846,94.0,7.0,47.0,6.0,3646.0
9711,1846,102.0,7.0,38.0,6.0,878.0
9712,1846,78.0,0.0,0.0,6.0,12437.0
9713,1846,65.0,0.0,0.0,0.0,895.0
9714,1846,183.0,6.0,85.0,6.0,24419.0
9715,1846,60.0,7.0,28.0,6.0,8470.0
9716,1846,177.0,0.0,0.0,6.0,1190.0
9727,137,158.0,7.0,92.0,8.0,177274.0
9728,137,49.0,2.0,19.0,8.0,10633.0
9729,137,183.0,6.0,88.0,8.0,16194.0
9730,137,10.0,0.0,0.0,8.0,99311.0
9731,137,165.0,3.0,78.0,8.0,381.0
9732,137,36.0,0.0,0.0,8.0,102059.0
9733,137,30.0,6.0,7.0,8.0,27129.0
9734,137,183.0,6.0,88.0,8.0,58752.0
9735,137,118.0,3.0,101.0,8.0,111.0
9736,137,89.0,0.0,0.0,8.0,89125.0
9757,452,36.0,0.0,0.0,6.0,2575.0
9758,452,118.0,3.0,101.0,6.0,7.0
9759,452,81.0,7.0,99.0,6.0,2844.0
9760,452,81.0,7.0,99.0,6.0,2376.0
9761,452,118.0,3.0,101.0,6.0,814.0
9762,452,37.0,5.0,55.0,6.0,28094.0
9763,452,60.0,7.0,28.0,6.0,13573.0
9764,452,154.0,2.0,99.0,6.0,38866.0
9765,452,158.0,7.0,57.0,6.0,10883.0
9766,452,56.0,7.0,26.0,6.0,1577954.0
9767,727,158.0,7.0,57.0,6.0,129.0
9768,727,118.0,3.0,101.0,6.0,594.0
9769,727,158.0,7.0,57.0,6.0,42634.0
9770,727,158.0,7.0,57.0,6.0,656.0
9771,727,158.0,7.0,57.0,6.0,255.0
9772,727,31.0,6.0,20.0,6.0,1277.0
9773,727,81.0,7.0,99.0,6.0,1966.0
9774,727,81.0,7.0,99.0,6.0,620535.0
9775,727,74.0,3.0,34.0,6.0,21.0
9776,727,158.0,7.0,57.0,6.0,2435.0
9831,562,165.0,3.0,78.0,8.0,26.0
9832,562,5.0,0.0,0.0,8.0,679.0
9833,562,23.0,2.0,17.0,8.0,80.0
9834,562,56.0,7.0,26.0,8.0,59281.0
9835,562,60.0,7.0,28.0,8.0,5011.0
9836,562,56.0,7.0,26.0,8.0,1320.0
9837,562,56.0,7.0,26.0,8.0,363.0
9838,562,23.0,2.0,17.0,8.0,116.0
9839,562,178.0,7.0,104.0,8.0,1251.0
9840,562,9.0,2.0,14.0,8.0,76.0
9841,2078,153.0,2.0,99.0,11.0,2069.0
9842,2078,153.0,2.0,99.0,11.0,28582.0
9843,2078,153.0,2.0,99.0,11.0,1637.0
9844,2078,6.0,0.0,0.0,11.0,40.0
9845,2078,153.0,2.0,99.0,11.0,2950.0
9846,2078,153.0,2.0,99.0,11.0,22410.0
9847,2078,158.0,7.0,92.0,11.0,136.0
9848,2078,153.0,2.0,99.0,11.0,1503.0
9849,2078,153.0,2.0,99.0,11.0,1379.0
9850,2078,153.0,2.0,99.0,11.0,1879.0
9851,800,56.0,7.0,26.0,6.0,885.0
9852,800,49.0,2.0,19.0,6.0,12505.0
9853,800,74.0,3.0,34.0,6.0,2519.0
9854,800,56.0,7.0,26.0,6.0,679.0
9865,1405,78.0,0.0,0.0,8.0,628.0
9866,1405,78.0,0.0,0.0,8.0,635.0
9867,1405,47.0,0.0,0.0,8.0,555.0
9868,1405,146.0,2.0,70.0,8.0,86823.0
9869,1405,146.0,2.0,70.0,8.0,8295.0
9870,1405,78.0,0.0,0.0,8.0,1782.0
9871,1405,78.0,0.0,0.0,8.0,402.0
9872,1405,56.0,7.0,26.0,8.0,388.0
9873,1405,118.0,3.0,101.0,8.0,784.0
9874,1405,74.0,3.0,34.0,8.0,5216.0
9900,3174,153.0,2.0,99.0,11.0,17633.0
9901,3174,81.0,3.0,72.0,11.0,34.0
9902,3174,150.0,3.0,94.0,11.0,29.0
9903,3174,158.0,7.0,92.0,11.0,16.0
9904,3174,166.0,3.0,95.0,11.0,1702.0
9905,3174,54.0,0.0,0.0,11.0,717.0
9906,3174,153.0,2.0,99.0,11.0,0.0
9907,3174,153.0,2.0,99.0,11.0,64260.0
9908,3174,158.0,7.0,92.0,11.0,95.0
9909,3174,166.0,3.0,95.0,11.0,353.0
9920,1981,158.0,7.0,57.0,8.0,214.0
9921,1981,81.0,7.0,39.0,8.0,1678.0
9922,1981,102.0,7.0,38.0,8.0,2717.0
9923,1981,183.0,6.0,85.0,8.0,142.0
9924,1981,56.0,7.0,26.0,8.0,1371.0
9925,1981,183.0,6.0,85.0,8.0,2143.0
9926,1981,60.0,7.0,28.0,8.0,415.0
9927,1981,60.0,7.0,28.0,8.0,1113.0
9928,1981,158.0,7.0,57.0,8.0,622.0
9929,1981,151.0,0.0,0.0,8.0,1865.0
9950,112,56.0,7.0,26.0,6.0,8513.0
9951,112,56.0,7.0,26.0,6.0,12041.0
9952,112,147.0,6.0,65.0,6.0,32812.0
9953,112,158.0,7.0,57.0,6.0,5030.0
9954,112,5.0,0.0,0.0,6.0,8226.0
9955,112,148.0,0.0,0.0,6.0,3818.0
9956,112,130.0,7.0,3.0,6.0,2685.0
9957,112,101.0,7.0,103.0,6.0,1578.0
9958,112,5.0,0.0,0.0,6.0,732.0
9959,112,147.0,7.0,60.0,6.0,9458.0
10010,391,37.0,5.0,55.0,8.0,29195.0
10011,391,15.0,0.0,0.0,8.0,1041.0
10012,391,15.0,0.0,0.0,8.0,70918.0
10013,391,19.0,0.0,0.0,8.0,33.0
10014,391,49.0,2.0,19.0,8.0,132229.0
10015,391,32.0,1.0,10.0,8.0,6518.0
10016,391,19.0,0.0,0.0,8.0,241.0
10017,391,81.0,0.0,0.0,8.0,1167.0
10018,391,54.0,6.0,24.0,8.0,199557.0
10019,391,47.0,0.0,0.0,8.0,188.0
10030,3021,118.0,3.0,101.0,8.0,1342.0
10031,3021,23.0,2.0,17.0,8.0,37.0
10032,3021,9.0,2.0,14.0,8.0,1144.0
10033,3021,133.0,7.0,50.0,8.0,17217.0
10034,3021,165.0,3.0,78.0,8.0,133.0
10035,3021,118.0,3.0,101.0,8.0,188.0
10036,3021,131.0,0.0,0.0,8.0,735.0
10037,3021,56.0,7.0,26.0,8.0,392.0
10038,3021,131.0,0.0,0.0,8.0,374.0
10039,3021,15.0,0.0,0.0,8.0,110536.0
10099,1906,6.0,0.0,0.0,0.0,48718.0
10100,1906,181.0,0.0,0.0,0.0,127.0
10101,1906,99.0,0.0,0.0,0.0,910.0
10102,1906,158.0,0.0,0.0,0.0,201.0
10103,1906,6.0,0.0,0.0,0.0,188554.0
10104,1906,99.0,0.0,0.0,0.0,52.0
10105,3195,118.0,3.0,101.0,6.0,2.0
10106,3195,105.0,0.0,0.0,6.0,5863.0
10107,3195,74.0,3.0,34.0,6.0,651.0
10108,3195,183.0,6.0,85.0,6.0,22599.0
10180,1616,6.0,0.0,0.0,11.0,0.0
10181,1616,6.0,0.0,0.0,11.0,100.0
10182,1616,158.0,0.0,0.0,0.0,135.0
10183,1616,153.0,2.0,99.0,11.0,90032.0
10184,1616,103.0,6.0,53.0,11.0,800.0
10185,1616,183.0,6.0,87.0,11.0,53866.0
10186,1616,6.0,0.0,0.0,0.0,538.0
10210,1175,158.0,7.0,57.0,6.0,1452763.0
10211,1175,118.0,3.0,101.0,6.0,1298.0
10212,1175,158.0,7.0,57.0,6.0,334.0
10213,1175,187.0,0.0,0.0,6.0,36900.0
10214,1175,49.0,2.0,19.0,6.0,95228.0
10215,1175,118.0,3.0,101.0,6.0,1431.0
10216,1175,118.0,3.0,101.0,6.0,69.0
10217,1175,118.0,3.0,101.0,6.0,104.0
10218,1175,23.0,2.0,17.0,6.0,726.0
10219,1175,187.0,0.0,0.0,6.0,30894.0
10240,2790,9.0,2.0,14.0,6.0,46.0
10241,2790,159.0,3.0,93.0,6.0,176.0
10242,2790,165.0,3.0,78.0,6.0,325.0
10243,2790,118.0,3.0,101.0,6.0,379.0
10244,2790,165.0,3.0,78.0,6.0,364.0
10245,2790,9.0,2.0,14.0,6.0,123.0
10246,2790,9.0,2.0,14.0,6.0,26.0
10247,2790,142.0,0.0,0.0,6.0,390.0
10248,2790,23.0,2.0,17.0,6.0,470.0
10249,2790,118.0,3.0,101.0,6.0,141.0
10250,2176,153.0,2.0,99.0,0.0,11546.0
10251,2176,64.0,0.0,0.0,11.0,841624.0
10252,2176,150.0,3.0,94.0,0.0,1174.0
10253,2176,153.0,2.0,99.0,0.0,9243.0
10254,2176,153.0,2.0,99.0,0.0,3676.0
10255,2176,153.0,2.0,99.0,0.0,89301.0
10256,2176,150.0,3.0,41.0,0.0,221.0
10257,2176,158.0,7.0,92.0,0.0,3332.0
10258,2176,153.0,2.0,99.0,0.0,67320.0
10259,2176,158.0,7.0,92.0,0.0,9887.0
10271,1454,23.0,2.0,17.0,7.0,4475.0
10272,1454,74.0,3.0,34.0,2.0,1953.0
10273,1454,158.0,7.0,57.0,7.0,14259.0
10274,1454,154.0,2.0,99.0,7.0,36047.0
10275,1454,118.0,3.0,101.0,7.0,11403.0
10276,1454,118.0,3.0,101.0,7.0,9389.0
10277,1454,118.0,3.0,101.0,7.0,2780.0
10278,1454,154.0,2.0,99.0,7.0,6804.0
10279,1454,183.0,6.0,85.0,7.0,109549.0
10280,1454,118.0,3.0,101.0,7.0,3146.0
10321,2541,165.0,3.0,78.0,6.0,272.0
10322,2541,60.0,7.0,28.0,6.0,1156.0
10323,2541,165.0,3.0,78.0,6.0,630.0
10324,2541,61.0,7.0,68.0,6.0,12670.0
10325,2541,31.0,6.0,20.0,6.0,1150.0
10326,2541,60.0,7.0,28.0,6.0,229687.0
10327,2541,158.0,7.0,57.0,6.0,28254.0
10328,2541,118.0,3.0,101.0,6.0,10.0
10329,2541,100.0,7.0,97.0,6.0,25468.0
10330,2541,158.0,7.0,57.0,6.0,143466.0
10381,2410,74.0,3.0,34.0,6.0,2550.0
10382,2410,49.0,2.0,19.0,6.0,393705.0
10383,2410,147.0,7.0,60.0,6.0,1411.0
10384,2410,187.0,0.0,0.0,6.0,62520.0
10385,2410,54.0,6.0,24.0,6.0,88973.0
10386,2410,56.0,7.0,26.0,6.0,390.0
10387,2410,39.0,7.0,12.0,6.0,14390.0
10388,2410,116.0,1.0,62.0,6.0,1000.0
10389,2410,56.0,7.0,26.0,6.0,853.0
10390,2410,147.0,7.0,60.0,6.0,615.0
10457,1,23.0,2.0,17.0,6.0,367.0
10458,1,158.0,7.0,57.0,6.0,27004.0
10459,1,165.0,3.0,78.0,6.0,24.0
10460,1,158.0,7.0,100.0,6.0,18541.0
10461,1,118.0,3.0,101.0,6.0,874.0
10462,1,154.0,2.0,99.0,6.0,8766.0
10463,1,154.0,2.0,99.0,6.0,876.0
10464,1,118.0,3.0,101.0,6.0,660.0
10465,1,158.0,7.0,57.0,6.0,9433.0
10466,1,23.0,2.0,17.0,6.0,569.0
10482,308,118.0,3.0,101.0,6.0,11694.0
10483,308,118.0,3.0,101.0,6.0,12.0
10484,308,56.0,7.0,26.0,6.0,449.0
10485,308,143.0,7.0,67.0,6.0,5817.0
10486,308,81.0,0.0,0.0,6.0,1509.0
10487,308,158.0,7.0,92.0,6.0,66.0
10488,308,69.0,7.0,30.0,6.0,154.0
10489,308,55.0,0.0,0.0,6.0,10867.0
10490,308,143.0,7.0,67.0,6.0,14327.0
10491,308,56.0,7.0,26.0,6.0,11929.0
10522,285,178.0,7.0,104.0,8.0,506.0
10523,285,54.0,6.0,24.0,8.0,377328.0
10524,285,81.0,7.0,99.0,8.0,30892.0
10525,285,165.0,3.0,78.0,8.0,739.0
10526,285,147.0,7.0,60.0,8.0,163251.0
10527,285,147.0,7.0,60.0,8.0,6464.0
10528,285,147.0,7.0,60.0,8.0,1778.0
10529,285,21.0,0.0,0.0,8.0,133.0
10530,285,154.0,2.0,99.0,8.0,20001.0
10531,285,158.0,7.0,56.0,8.0,476.0
10538,2332,154.0,2.0,99.0,6.0,11566.0
10539,2332,23.0,2.0,17.0,6.0,12491.0
10540,2332,154.0,2.0,99.0,6.0,10199.0
10541,2332,23.0,2.0,17.0,6.0,877.0
10542,2332,154.0,2.0,99.0,6.0,513.0
10543,2332,16.0,2.0,20.0,6.0,108936.0
10544,2332,147.0,6.0,65.0,6.0,31605.0
10545,2332,10.0,0.0,0.0,6.0,833.0
10546,2332,54.0,6.0,24.0,6.0,220284.0
10547,2332,154.0,2.0,99.0,6.0,1027.0
10558,2644,60.0,7.0,28.0,8.0,333.0
10559,2644,49.0,2.0,19.0,8.0,42134.0
10560,2644,81.0,0.0,0.0,8.0,1627.0
10561,2644,88.0,0.0,0.0,8.0,7149.0
10562,2644,31.0,6.0,20.0,8.0,1129.0
10563,2644,133.0,7.0,50.0,8.0,2365.0
10564,2644,60.0,7.0,28.0,8.0,48440.0
10565,2644,118.0,3.0,101.0,8.0,194894.0
10566,2644,81.0,7.0,50.0,8.0,1118.0
10567,2644,134.0,6.0,73.0,8.0,477.0
10578,1638,54.0,7.0,38.0,6.0,50158.0
10579,1638,183.0,6.0,85.0,6.0,1823.0
10580,1638,183.0,6.0,85.0,6.0,8467.0
10581,1638,183.0,6.0,86.0,6.0,61768.0
10582,1638,187.0,0.0,0.0,6.0,19871.0
10583,1638,147.0,7.0,60.0,6.0,1355.0
10584,1638,36.0,0.0,0.0,6.0,75707.0
10585,1638,183.0,6.0,85.0,6.0,5263.0
10586,1638,118.0,3.0,101.0,6.0,1098.0
10587,1638,183.0,6.0,85.0,6.0,5423.0
10593,1438,64.0,0.0,0.0,8.0,1183972.0
10594,1438,74.0,3.0,34.0,8.0,566.0
10595,1438,158.0,0.0,0.0,0.0,177.0
10606,1037,158.0,7.0,92.0,6.0,114821.0
10607,1037,165.0,3.0,78.0,6.0,1864.0
10608,1037,81.0,7.0,99.0,6.0,39697.0
10609,1037,158.0,7.0,57.0,6.0,18022.0
10610,1037,158.0,7.0,57.0,6.0,947.0
10611,1037,159.0,3.0,93.0,6.0,1812.0
10612,1037,74.0,3.0,34.0,6.0,461.0
10613,1037,77.0,0.0,0.0,6.0,124.0
10614,1037,118.0,3.0,101.0,6.0,183.0
10615,1037,118.0,3.0,101.0,6.0,1375.0
10616,372,147.0,6.0,65.0,6.0,7964.0
10617,372,147.0,7.0,60.0,6.0,1037.0
10618,372,118.0,3.0,101.0,6.0,1214.0
10619,372,81.0,7.0,97.0,6.0,864.0
10620,372,118.0,3.0,101.0,6.0,4052.0
10621,372,158.0,7.0,57.0,6.0,16277.0
10622,372,118.0,3.0,101.0,6.0,47.0
10623,372,118.0,3.0,101.0,6.0,1003.0
10624,372,44.0,7.0,97.0,6.0,168.0
10625,372,116.0,1.0,62.0,6.0,1000.0
10636,151,118.0,3.0,101.0,10.0,144427.0
10637,151,158.0,7.0,57.0,10.0,712.0
10638,151,74.0,3.0,34.0,10.0,363.0
10639,151,81.0,7.0,99.0,10.0,2832.0
10640,151,81.0,7.0,99.0,10.0,22612.0
10641,151,118.0,3.0,101.0,10.0,4290.0
10642,151,31.0,6.0,20.0,10.0,1175.0
10643,151,23.0,2.0,17.0,10.0,7531.0
10644,151,81.0,7.0,99.0,10.0,1234.0
10645,151,118.0,3.0,101.0,10.0,6573.0
10690,2543,56.0,7.0,26.0,6.0,1315.0
10691,2543,158.0,7.0,57.0,6.0,7084.0
10692,2543,49.0,2.0,19.0,6.0,12812.0
10693,2543,134.0,6.0,73.0,6.0,797.0
10694,2543,70.0,0.0,0.0,6.0,1400395.0
10695,2543,16.0,2.0,20.0,6.0,11938.0
10696,2543,56.0,7.0,26.0,6.0,758.0
10697,2543,133.0,7.0,50.0,6.0,3679.0
10698,2543,158.0,7.0,92.0,6.0,10399.0
10699,2543,165.0,3.0,78.0,6.0,2.0
10710,514,183.0,6.0,85.0,10.0,51024.0
10711,514,183.0,6.0,85.0,10.0,2634.0
10712,514,183.0,6.0,85.0,10.0,36547.0
10713,514,49.0,2.0,19.0,10.0,60922.0
10714,514,94.0,7.0,47.0,10.0,289200.0
10715,514,156.0,6.0,23.0,10.0,940.0
10716,514,183.0,6.0,85.0,10.0,90132.0
10717,514,183.0,6.0,85.0,10.0,16994.0
10718,514,183.0,6.0,85.0,10.0,83256.0
10719,514,81.0,7.0,102.0,10.0,828.0
10760,1835,187.0,0.0,0.0,6.0,26231.0
10761,1835,5.0,0.0,0.0,6.0,8263.0
10762,1835,10.0,0.0,0.0,6.0,1.0
10763,1835,87.0,0.0,0.0,6.0,32449.0
10764,1835,183.0,6.0,88.0,6.0,43157.0
10765,1835,60.0,7.0,28.0,6.0,1142.0
10766,1835,56.0,7.0,26.0,6.0,8481.0
10767,1835,146.0,2.0,70.0,6.0,9268.0
10768,1835,83.0,7.0,32.0,6.0,101819.0
10769,1835,146.0,2.0,70.0,6.0,1825.0
10826,345,183.0,0.0,0.0,11.0,297.0
10827,345,158.0,0.0,0.0,11.0,8979.0
10828,345,158.0,0.0,0.0,11.0,1474.0
10829,345,182.0,0.0,0.0,11.0,1220.0
10830,345,0.0,4.0,49.0,11.0,98111.0
10831,345,158.0,0.0,0.0,11.0,2131.0
10832,345,81.0,0.0,0.0,11.0,17.0
10833,345,44.0,0.0,0.0,11.0,9416.0
10834,345,183.0,0.0,0.0,11.0,479.0
10835,345,158.0,0.0,0.0,11.0,1118.0
10870,2913,165.0,3.0,78.0,8.0,562.0
10871,2913,183.0,6.0,88.0,8.0,16475.0
10872,2913,73.0,0.0,0.0,8.0,2381.0
10873,2913,183.0,6.0,88.0,8.0,785001.0
10874,2913,39.0,7.0,12.0,8.0,6356.0
10875,2913,74.0,3.0,34.0,8.0,1547.0
10876,2913,56.0,7.0,26.0,8.0,652.0
10877,2913,147.0,7.0,60.0,8.0,2277.0
10878,2913,158.0,7.0,92.0,8.0,151854.0
10879,2913,39.0,7.0,12.0,8.0,16998.0
10900,1072,166.0,3.0,95.0,11.0,3284.0
10901,1072,150.0,3.0,94.0,11.0,924.0
10902,1072,132.0,0.0,0.0,11.0,155.0
10903,1072,153.0,2.0,99.0,11.0,27491.0
10904,1072,116.0,1.0,62.0,11.0,1937.0
10905,1072,181.0,3.0,84.0,11.0,61488.0
10906,1072,153.0,2.0,99.0,11.0,3910.0
10907,1072,91.0,7.0,91.0,11.0,39.0
10908,1072,166.0,3.0,95.0,11.0,238.0
10909,1072,153.0,2.0,99.0,11.0,9160.0
10920,1871,56.0,7.0,26.0,8.0,622.0
10921,1871,165.0,3.0,78.0,8.0,134.0
10922,1871,143.0,7.0,67.0,8.0,23451.0
10923,1871,154.0,2.0,99.0,8.0,20078.0
10924,1871,61.0,7.0,68.0,8.0,10980.0
10925,1871,81.0,7.0,99.0,8.0,17659.0
10926,1871,54.0,6.0,24.0,8.0,211607.0
10927,1871,116.0,1.0,62.0,8.0,1000.0
10928,1871,37.0,5.0,55.0,8.0,10443.0
10929,1871,81.0,7.0,102.0,8.0,473.0
10960,1170,165.0,3.0,78.0,6.0,415.0
10961,1170,154.0,2.0,99.0,6.0,1186.0
10962,1170,154.0,2.0,99.0,6.0,17996.0
10963,1170,74.0,3.0,34.0,6.0,509.0
10964,1170,183.0,6.0,85.0,6.0,6533.0
10965,1170,36.0,0.0,0.0,6.0,107802.0
10966,1170,36.0,0.0,0.0,6.0,11234.0
10967,1170,154.0,2.0,99.0,6.0,17841.0
10968,1170,165.0,3.0,78.0,6.0,509.0
10969,1170,23.0,2.0,17.0,6.0,128562.0
11045,1217,158.0,7.0,57.0,11.0,95.0
11046,1217,158.0,7.0,92.0,11.0,728.0
11047,1217,150.0,3.0,94.0,11.0,137.0
11048,1217,150.0,3.0,41.0,11.0,9561.0
11049,1217,181.0,3.0,84.0,11.0,384.0
11050,1217,183.0,6.0,87.0,11.0,1220.0
11051,1217,6.0,0.0,0.0,11.0,78.0
11052,1217,153.0,2.0,99.0,11.0,64601.0
11053,1217,166.0,3.0,95.0,11.0,51.0
11054,1217,166.0,3.0,95.0,11.0,4734.0
11090,180,23.0,2.0,17.0,6.0,369.0
11091,180,165.0,3.0,78.0,6.0,76.0
11092,180,165.0,3.0,78.0,6.0,24.0
11093,180,36.0,0.0,0.0,6.0,13070.0
11094,180,158.0,7.0,92.0,6.0,2307.0
11095,180,54.0,0.0,0.0,6.0,11513.0
11096,180,158.0,7.0,57.0,6.0,11998.0
11097,180,81.0,7.0,99.0,6.0,16334.0
11098,180,74.0,3.0,34.0,6.0,651.0
11099,180,183.0,6.0,85.0,6.0,64135.0
11110,2371,158.0,0.0,0.0,11.0,1530.0
11111,2371,158.0,0.0,0.0,11.0,89.0
11112,2371,158.0,7.0,92.0,11.0,74.0
11113,2371,186.0,0.0,0.0,11.0,133303.0
11114,2371,113.0,0.0,0.0,11.0,687.0
11115,2371,158.0,0.0,0.0,11.0,777.0
11116,2371,153.0,2.0,99.0,11.0,5918.0
11117,2371,54.0,0.0,0.0,11.0,770.0
11118,2371,158.0,7.0,92.0,11.0,1266.0
11119,2371,166.0,3.0,95.0,11.0,26.0
11150,2167,147.0,6.0,65.0,6.0,11039.0
11151,2167,147.0,6.0,65.0,6.0,23125.0
11152,2167,147.0,7.0,60.0,6.0,6187.0
11153,2167,147.0,7.0,60.0,6.0,1816.0
11154,2167,54.0,6.0,24.0,6.0,249403.0
11155,2167,178.0,7.0,104.0,6.0,543.0
11156,2167,56.0,7.0,26.0,6.0,387.0
11157,2167,147.0,7.0,60.0,6.0,911.0
11158,2167,74.0,3.0,34.0,6.0,3260.0
11159,2167,116.0,1.0,62.0,6.0,0.0
11160,2246,6.0,0.0,0.0,1.0,381.0
11161,2246,181.0,3.0,84.0,1.0,352.0
11162,2246,81.0,0.0,0.0,1.0,686.0
11163,2246,6.0,0.0,0.0,1.0,291487.0
11164,2246,181.0,3.0,84.0,1.0,7704.0
11165,2246,166.0,3.0,95.0,1.0,3276.0
11166,2246,181.0,3.0,84.0,1.0,889.0
11167,2246,158.0,7.0,57.0,1.0,26979.0
11168,2246,44.0,7.0,97.0,1.0,19275.0
11169,2246,153.0,2.0,99.0,1.0,4307.0
11190,814,15.0,0.0,0.0,8.0,29194.0
11191,814,19.0,0.0,0.0,8.0,361.0
11192,814,19.0,0.0,0.0,8.0,12.0
11193,814,49.0,2.0,19.0,8.0,57208.0
11194,814,88.0,0.0,0.0,8.0,9147.0
11195,814,19.0,0.0,0.0,8.0,851.0
11196,814,87.0,0.0,0.0,8.0,25641.0
11197,814,56.0,7.0,26.0,8.0,471.0
11198,814,32.0,1.0,10.0,8.0,3738.0
11199,814,19.0,0.0,0.0,8.0,8.0
11311,2156,133.0,7.0,50.0,8.0,10844.0
11312,2156,118.0,3.0,101.0,8.0,2097.0
11313,2156,118.0,3.0,101.0,8.0,1468.0
11314,2156,23.0,2.0,17.0,8.0,1102.0
11315,2156,65.0,0.0,0.0,0.0,15507.0
11316,2156,131.0,0.0,0.0,8.0,331.0
11317,2156,183.0,6.0,88.0,8.0,3821.0
11318,2156,118.0,3.0,101.0,8.0,2311.0
11319,2156,165.0,3.0,78.0,8.0,129.0
11320,2156,158.0,7.0,92.0,8.0,6966.0
11351,203,183.0,6.0,85.0,8.0,280129.0
11352,203,23.0,2.0,17.0,8.0,785.0
11353,203,154.0,2.0,99.0,8.0,12235.0
11354,203,165.0,3.0,78.0,8.0,288.0
11355,203,33.0,6.0,43.0,8.0,1602575.0
11356,203,154.0,2.0,99.0,8.0,4002.0
11357,203,81.0,7.0,99.0,8.0,27630.0
11358,203,154.0,2.0,99.0,8.0,11702.0
11359,203,23.0,2.0,17.0,8.0,3.0
11360,203,23.0,2.0,17.0,8.0,798.0
11361,2073,81.0,7.0,99.0,6.0,379.0
11362,2073,118.0,3.0,101.0,6.0,1156.0
11363,2073,118.0,3.0,101.0,6.0,842.0
11364,2073,81.0,7.0,99.0,6.0,15091.0
11365,2073,154.0,2.0,99.0,6.0,1593.0
11366,2073,23.0,2.0,17.0,6.0,118.0
11367,2073,118.0,3.0,101.0,6.0,1195.0
11368,2073,158.0,7.0,57.0,6.0,2718.0
11369,2073,9.0,2.0,14.0,6.0,28.0
11370,2073,165.0,3.0,78.0,6.0,50.0
11391,3015,56.0,7.0,26.0,6.0,670.0
11392,3015,81.0,7.0,50.0,6.0,1117.0
11393,3015,147.0,6.0,65.0,6.0,43226.0
11394,3015,187.0,0.0,0.0,6.0,35777.0
11395,3015,178.0,7.0,104.0,6.0,42499.0
11396,3015,54.0,6.0,24.0,6.0,1365081.0
11397,3015,116.0,1.0,62.0,6.0,0.0
11398,3015,74.0,3.0,34.0,6.0,3080.0
11399,3015,56.0,7.0,26.0,6.0,1294.0
11400,3015,178.0,7.0,104.0,6.0,1043.0
11421,1134,49.0,2.0,19.0,8.0,109570.0
11422,1134,60.0,7.0,28.0,8.0,2122.0
11423,1134,23.0,2.0,17.0,8.0,1935.0
11424,1134,56.0,7.0,26.0,8.0,677.0
11425,1134,154.0,2.0,99.0,8.0,25481.0
11426,1134,165.0,3.0,78.0,8.0,80.0
11427,1134,158.0,7.0,57.0,8.0,38862.0
11428,1134,81.0,7.0,97.0,8.0,650.0
11429,1134,126.0,0.0,0.0,8.0,14993.0
11430,1134,165.0,3.0,78.0,8.0,2204.0
11432,2241,74.0,3.0,34.0,8.0,752.0
11433,2241,183.0,6.0,85.0,8.0,26603.0
11434,2241,81.0,7.0,102.0,8.0,615.0
11435,2241,81.0,7.0,102.0,8.0,674.0
11436,2241,81.0,7.0,99.0,8.0,177786.0
11437,2241,158.0,7.0,57.0,8.0,97588.0
11438,2241,158.0,7.0,57.0,8.0,72273.0
11439,2241,81.0,7.0,99.0,8.0,2102.0
11440,2241,49.0,2.0,19.0,11.0,167425.0
11441,2241,64.0,0.0,0.0,11.0,48181.0
11442,2638,64.0,0.0,0.0,3.0,46847.0
11443,2638,56.0,7.0,26.0,3.0,409.0
11444,2638,118.0,3.0,101.0,3.0,8165.0
11445,2638,33.0,6.0,43.0,3.0,8969.0
11446,2638,33.0,6.0,43.0,3.0,2125.0
11447,2638,153.0,2.0,99.0,0.0,3307.0
11448,2638,81.0,7.0,99.0,3.0,8310.0
11449,2638,6.0,0.0,0.0,0.0,100262.0
11450,2638,118.0,3.0,101.0,3.0,2224.0
11451,2638,154.0,2.0,99.0,3.0,25023.0
11482,388,74.0,3.0,34.0,6.0,271.0
11483,388,183.0,6.0,85.0,6.0,154353.0
11484,388,154.0,2.0,99.0,6.0,3732.0
11485,388,23.0,2.0,17.0,6.0,882.0
11486,388,23.0,2.0,17.0,6.0,1153.0
11487,388,158.0,7.0,57.0,6.0,58954.0
11488,388,158.0,7.0,57.0,6.0,46590.0
11489,388,118.0,3.0,101.0,6.0,41.0
11490,388,118.0,3.0,101.0,6.0,3.0
11491,388,23.0,2.0,17.0,6.0,949.0
11539,1937,158.0,7.0,57.0,6.0,1218.0
11540,1937,158.0,7.0,57.0,6.0,78835.0
11541,1937,23.0,2.0,17.0,6.0,27.0
11542,1937,118.0,3.0,101.0,6.0,984.0
11543,1937,39.0,7.0,12.0,6.0,859.0
11544,1937,165.0,3.0,78.0,6.0,44.0
11545,1937,56.0,7.0,26.0,6.0,482.0
11546,1937,23.0,2.0,17.0,6.0,0.0
11547,1937,118.0,3.0,101.0,6.0,1076.0
11548,1937,158.0,7.0,57.0,6.0,186.0
11549,2390,31.0,6.0,20.0,8.0,1111.0
11550,2856,118.0,3.0,101.0,6.0,150.0
11551,2856,74.0,3.0,34.0,6.0,67.0
11552,2856,154.0,2.0,99.0,6.0,12428.0
11553,2856,23.0,2.0,17.0,6.0,961.0
11554,2856,158.0,7.0,57.0,6.0,1148.0
11555,2856,81.0,7.0,99.0,6.0,1625.0
11556,2856,81.0,7.0,97.0,6.0,833.0
11557,2856,118.0,3.0,101.0,6.0,8.0
11558,2856,158.0,7.0,57.0,6.0,25561.0
11559,2856,154.0,2.0,99.0,6.0,22239.0
11590,1807,118.0,3.0,101.0,6.0,948.0
11591,1807,81.0,7.0,99.0,6.0,898.0
11592,1807,158.0,7.0,57.0,6.0,15750.0
11593,1807,81.0,7.0,99.0,6.0,1202.0
11594,1807,118.0,3.0,101.0,6.0,1117.0
11595,1807,118.0,3.0,101.0,6.0,1472.0
11596,1807,158.0,7.0,57.0,6.0,270.0
11597,1807,165.0,3.0,78.0,6.0,55.0
11598,1807,118.0,3.0,101.0,6.0,1402.0
11599,1807,74.0,3.0,34.0,6.0,460.0
11610,1166,165.0,3.0,78.0,6.0,686.0
11611,1166,154.0,2.0,99.0,6.0,934.0
11612,1166,10.0,0.0,0.0,6.0,512497.0
11613,1166,54.0,6.0,24.0,6.0,144416.0
11614,1166,74.0,3.0,34.0,6.0,3999.0
11615,1166,32.0,1.0,10.0,6.0,3762.0
11616,1166,154.0,2.0,99.0,6.0,17569.0
11617,1166,154.0,2.0,99.0,6.0,7752.0
11618,1166,81.0,7.0,99.0,6.0,5865.0
11619,1166,178.0,7.0,104.0,6.0,107651.0
11620,2145,69.0,7.0,30.0,6.0,842.0
11621,2145,69.0,7.0,30.0,6.0,27375.0
11622,2145,118.0,3.0,101.0,6.0,0.0
11623,2145,74.0,3.0,34.0,6.0,580.0
11624,2145,118.0,3.0,101.0,6.0,14.0
11818,2039,118.0,3.0,101.0,6.0,17.0
11819,2039,158.0,7.0,57.0,6.0,346.0
11820,2039,54.0,6.0,25.0,6.0,0.0
11821,2039,23.0,2.0,17.0,6.0,419799.0
11822,2039,56.0,7.0,26.0,6.0,3394.0
11823,2039,23.0,2.0,17.0,6.0,237.0
11824,2039,158.0,7.0,57.0,6.0,368.0
11825,2039,74.0,3.0,34.0,6.0,900.0
11826,2039,158.0,7.0,57.0,6.0,132128.0
11827,2039,49.0,2.0,19.0,6.0,900488.0
11848,1028,118.0,3.0,101.0,8.0,1451.0
11849,1028,74.0,3.0,34.0,8.0,32198.0
11850,1028,31.0,6.0,20.0,8.0,142.0
11851,1028,23.0,2.0,17.0,8.0,932.0
11852,1028,158.0,7.0,57.0,8.0,46229.0
11853,1028,9.0,2.0,14.0,8.0,1049.0
11854,1028,165.0,3.0,78.0,8.0,265.0
11855,1028,23.0,2.0,17.0,8.0,822.0
11856,1028,118.0,3.0,101.0,8.0,104.0
11857,1028,31.0,6.0,20.0,8.0,647.0
11868,2474,6.0,0.0,0.0,0.0,59143.0
11869,2474,183.0,6.0,85.0,6.0,32232.0
11870,2474,183.0,6.0,85.0,6.0,25178.0
11871,2474,49.0,2.0,19.0,6.0,5876.0
11872,2474,183.0,6.0,85.0,6.0,3200.0
11873,2474,60.0,7.0,28.0,6.0,4932.0
11874,2474,5.0,0.0,0.0,6.0,9960.0
11875,2474,114.0,7.0,2.0,6.0,17277.0
11876,2474,183.0,6.0,85.0,6.0,5514.0
11877,2474,17.0,0.0,0.0,6.0,11451.0
11888,494,74.0,3.0,34.0,8.0,3011.0
11889,494,39.0,7.0,12.0,8.0,4810.0
11890,494,118.0,3.0,101.0,8.0,808.0
11891,494,81.0,7.0,99.0,8.0,23294.0
11892,494,165.0,3.0,78.0,8.0,41.0
11893,494,165.0,3.0,78.0,8.0,558.0
11894,494,56.0,7.0,26.0,8.0,1006.0
11895,494,23.0,2.0,17.0,8.0,18.0
11896,494,39.0,7.0,12.0,8.0,1122.0
11897,494,56.0,7.0,26.0,8.0,565.0
11938,945,153.0,2.0,99.0,1.0,185.0
11939,945,6.0,0.0,0.0,1.0,158.0
11940,945,153.0,2.0,99.0,1.0,51629.0
11941,945,81.0,0.0,0.0,1.0,59.0
11942,945,153.0,2.0,99.0,1.0,918.0
11943,945,153.0,2.0,99.0,1.0,1380.0
11944,945,153.0,2.0,99.0,1.0,1424.0
11945,945,166.0,3.0,95.0,1.0,261.0
11946,945,6.0,0.0,0.0,1.0,282.0
11947,945,153.0,2.0,99.0,1.0,13715.0
11981,2286,133.0,7.0,50.0,10.0,36703.0
11982,2286,81.0,7.0,50.0,10.0,227283.0
11983,2286,16.0,2.0,20.0,10.0,362536.0
11984,2286,74.0,3.0,34.0,10.0,3032.0
11985,2286,159.0,3.0,93.0,10.0,4255.0
11986,2286,134.0,6.0,73.0,10.0,1018.0
11987,2286,165.0,3.0,78.0,10.0,142.0
11988,2286,158.0,7.0,92.0,10.0,385246.0
11989,2286,133.0,7.0,50.0,10.0,14424.0
11990,2286,49.0,2.0,19.0,10.0,689921.0
12011,1923,60.0,7.0,28.0,6.0,53630.0
12012,1923,183.0,6.0,88.0,6.0,12129.0
12013,1923,183.0,6.0,88.0,6.0,54605.0
12014,1923,147.0,7.0,60.0,6.0,2077.0
12015,1923,56.0,7.0,26.0,6.0,863.0
12016,1923,151.0,0.0,0.0,6.0,48962.0
12017,1923,74.0,3.0,34.0,6.0,4493.0
12018,1923,81.0,7.0,50.0,6.0,100775.0
12019,1923,54.0,6.0,24.0,6.0,196124.0
12020,1923,116.0,1.0,62.0,6.0,0.0
12061,2161,56.0,7.0,26.0,8.0,710.0
12062,2161,74.0,3.0,34.0,8.0,264.0
12063,2161,105.0,0.0,0.0,8.0,6393.0
12064,2161,118.0,3.0,101.0,8.0,16.0
12065,2161,56.0,7.0,26.0,8.0,901.0
12066,2161,74.0,3.0,34.0,8.0,0.0
12067,2161,74.0,3.0,34.0,8.0,430.0
12068,2161,183.0,6.0,85.0,8.0,0.0
12069,2161,183.0,6.0,85.0,8.0,8669.0
12070,2161,49.0,2.0,19.0,8.0,74588.0
12071,1695,54.0,6.0,24.0,8.0,351077.0
12072,1695,147.0,7.0,60.0,8.0,14743.0
12073,1695,116.0,1.0,62.0,8.0,0.0
12074,1695,147.0,7.0,60.0,8.0,1797.0
12075,1695,74.0,3.0,34.0,8.0,3522.0
12076,1695,158.0,7.0,57.0,8.0,48850.0
12077,1695,23.0,2.0,17.0,8.0,980.0
12078,1695,118.0,3.0,101.0,8.0,1842.0
12079,1695,187.0,0.0,0.0,8.0,59741.0
12090,1110,56.0,7.0,26.0,6.0,472.0
12091,1110,33.0,6.0,43.0,6.0,822.0
12092,1110,74.0,3.0,34.0,6.0,2620.0
12093,1110,178.0,7.0,104.0,6.0,19528.0
12094,1110,118.0,3.0,101.0,6.0,1324.0
12095,1110,118.0,3.0,101.0,6.0,2250.0
12096,1110,118.0,3.0,101.0,6.0,1882.0
12097,1110,74.0,3.0,34.0,6.0,897.0
12098,1110,154.0,2.0,99.0,6.0,75820.0
12099,1110,81.0,7.0,99.0,6.0,9779.0
12180,1286,118.0,3.0,101.0,6.0,1706.0
12181,1286,23.0,2.0,17.0,6.0,18.0
12182,1286,23.0,2.0,17.0,6.0,1820.0
12183,1286,118.0,3.0,101.0,6.0,1170.0
12184,1286,165.0,3.0,78.0,6.0,216.0
12185,1286,165.0,3.0,78.0,6.0,102.0
12186,1286,23.0,2.0,17.0,6.0,2040.0
12187,1286,23.0,2.0,17.0,6.0,217.0
12188,1286,118.0,3.0,101.0,6.0,4737.0
12189,1286,23.0,2.0,17.0,6.0,698.0
12190,2097,153.0,2.0,99.0,0.0,8636.0
12191,2097,153.0,2.0,99.0,0.0,2798.0
12192,2097,153.0,2.0,99.0,0.0,1470.0
12193,2097,153.0,2.0,99.0,0.0,3042.0
12194,2097,150.0,3.0,41.0,0.0,137.0
12195,2097,181.0,3.0,84.0,0.0,1167.0
12196,2097,181.0,3.0,84.0,0.0,10576.0
12197,2097,158.0,7.0,92.0,0.0,173.0
12198,2097,153.0,2.0,99.0,0.0,17311.0
12199,2097,6.0,0.0,0.0,0.0,1011.0
12200,2404,9.0,2.0,14.0,8.0,1.0
12201,2404,74.0,3.0,34.0,8.0,296.0
12202,2404,31.0,6.0,20.0,8.0,1073.0
12203,2404,118.0,3.0,101.0,8.0,82.0
12204,2404,16.0,2.0,20.0,8.0,3563.0
12205,2404,183.0,6.0,85.0,8.0,5703.0
12206,2404,23.0,2.0,17.0,8.0,917.0
12207,2908,23.0,2.0,17.0,10.0,1145.0
12208,2908,118.0,3.0,101.0,10.0,112.0
12209,2908,165.0,3.0,78.0,10.0,852.0
12210,2908,118.0,3.0,101.0,10.0,16679.0
12211,2908,154.0,2.0,99.0,10.0,7701.0
12212,2908,23.0,2.0,17.0,10.0,2749.0
12213,2908,23.0,2.0,17.0,10.0,53.0
12214,2908,158.0,7.0,57.0,10.0,6821.0
12215,2908,165.0,3.0,78.0,10.0,2486.0
12216,2908,23.0,2.0,17.0,10.0,71.0
12257,1370,31.0,6.0,20.0,6.0,293.0
12258,1895,116.0,1.0,62.0,8.0,1000.0
12259,1895,74.0,3.0,34.0,8.0,7242.0
12260,1895,147.0,6.0,65.0,8.0,8266.0
12261,1895,56.0,7.0,26.0,8.0,568.0
12262,1895,30.0,6.0,7.0,8.0,17209.0
12263,1895,145.0,0.0,0.0,8.0,2297.0
12264,1895,54.0,6.0,24.0,8.0,348911.0
12265,1895,147.0,7.0,60.0,8.0,697.0
12266,1895,30.0,6.0,7.0,8.0,8767.0
12267,1895,118.0,3.0,101.0,8.0,1004.0
12278,450,78.0,0.0,0.0,10.0,10471.0
12279,450,49.0,2.0,19.0,10.0,182252.0
12280,450,31.0,6.0,20.0,10.0,1164.0
12281,450,56.0,7.0,26.0,10.0,822.0
12282,450,74.0,3.0,34.0,10.0,792.0
12283,450,56.0,7.0,26.0,10.0,3190.0
12284,450,78.0,0.0,0.0,10.0,13384.0
12285,2795,165.0,3.0,78.0,8.0,757.0
12286,2795,118.0,3.0,101.0,8.0,372.0
12287,2795,165.0,3.0,78.0,8.0,60.0
12288,2795,158.0,7.0,57.0,8.0,311.0
12289,2795,165.0,3.0,78.0,8.0,8.0
12290,2795,61.0,7.0,68.0,8.0,20918.0
12291,2795,158.0,7.0,57.0,8.0,9525.0
12292,2795,56.0,7.0,26.0,8.0,832.0
12293,2795,23.0,2.0,17.0,8.0,858.0
12294,2795,23.0,2.0,17.0,8.0,100156.0
12295,1091,153.0,2.0,99.0,0.0,17737.0
12296,1091,158.0,0.0,0.0,0.0,11607.0
12297,1091,153.0,2.0,99.0,0.0,2920.0
12298,1091,116.0,1.0,62.0,11.0,109612.0
12299,1091,158.0,7.0,57.0,0.0,36022.0
12300,1091,153.0,2.0,99.0,0.0,14107.0
12301,1091,181.0,3.0,84.0,0.0,10471.0
12302,1091,153.0,2.0,99.0,0.0,12597.0
12303,1091,111.0,0.0,0.0,0.0,657.0
12304,1091,158.0,7.0,92.0,0.0,557.0
12365,1129,80.0,7.0,58.0,6.0,23427.0
12366,1129,80.0,7.0,58.0,6.0,0.0
12367,1129,74.0,3.0,34.0,6.0,3888.0
12388,2668,81.0,7.0,48.0,11.0,744460.0
12389,2668,158.0,7.0,92.0,11.0,40.0
12390,2668,158.0,7.0,92.0,11.0,37.0
12391,2668,81.0,3.0,72.0,11.0,1134.0
12392,2668,81.0,0.0,0.0,11.0,1412990.0
12393,2668,166.0,3.0,95.0,11.0,2485.0
12394,2668,81.0,3.0,72.0,11.0,1846.0
12395,2668,153.0,2.0,99.0,11.0,3153.0
12396,2668,158.0,7.0,92.0,11.0,6.0
12397,2668,6.0,0.0,0.0,11.0,968.0
12408,858,150.0,3.0,41.0,11.0,13911.0
12409,858,81.0,7.0,99.0,6.0,1063.0
12410,858,81.0,7.0,99.0,6.0,42034.0
12411,858,158.0,7.0,57.0,11.0,26326.0
12412,858,158.0,7.0,92.0,11.0,462.0
12413,858,165.0,3.0,78.0,6.0,108.0
12414,858,118.0,3.0,101.0,6.0,2653.0
12415,858,158.0,7.0,57.0,6.0,18801.0
12416,858,118.0,3.0,101.0,6.0,10601.0
12417,858,23.0,2.0,17.0,6.0,701.0
12428,3243,74.0,3.0,34.0,6.0,4103.0
12429,3243,133.0,7.0,50.0,6.0,810.0
12430,3243,54.0,6.0,24.0,6.0,537963.0
12431,3243,135.0,3.0,46.0,6.0,11008.0
12432,3243,147.0,7.0,60.0,6.0,694.0
12433,3243,116.0,1.0,62.0,6.0,6531.0
12434,3243,187.0,0.0,0.0,6.0,60218.0
12435,3243,39.0,7.0,12.0,6.0,31582.0
12436,3243,147.0,6.0,65.0,6.0,54730.0
12437,3243,178.0,7.0,104.0,6.0,734.0
12438,3238,23.0,2.0,17.0,6.0,584.0
12439,3238,23.0,2.0,17.0,6.0,1321.0
12440,3238,158.0,7.0,57.0,6.0,956.0
12441,3238,118.0,3.0,101.0,6.0,367.0
12442,3238,81.0,7.0,99.0,6.0,3268.0
12443,3238,165.0,3.0,78.0,6.0,404.0
12444,3238,81.0,7.0,99.0,6.0,0.0
12445,3238,118.0,3.0,101.0,6.0,22.0
12446,3238,81.0,7.0,99.0,6.0,3361.0
12447,3238,81.0,7.0,99.0,6.0,0.0
12488,1653,56.0,7.0,26.0,8.0,302.0
12489,1653,147.0,7.0,60.0,8.0,1834.0
12490,1653,74.0,3.0,34.0,8.0,3340.0
12491,1653,116.0,1.0,62.0,8.0,15992.0
12492,1653,58.0,6.0,27.0,8.0,111331.0
12493,1653,54.0,6.0,24.0,8.0,66767.0
12494,1653,49.0,2.0,19.0,8.0,98872.0
12495,1653,187.0,0.0,0.0,8.0,21360.0
12496,1653,147.0,6.0,65.0,8.0,15220.0
12497,1653,54.0,6.0,24.0,8.0,6917.0
12538,1759,23.0,2.0,17.0,8.0,139.0
12539,1759,158.0,7.0,57.0,8.0,2976.0
12540,1759,49.0,2.0,19.0,8.0,28955.0
12541,1759,165.0,3.0,78.0,8.0,559.0
12542,1759,81.0,7.0,99.0,8.0,80130.0
12543,1759,154.0,2.0,99.0,8.0,8279.0
12544,1759,118.0,3.0,101.0,8.0,13215.0
12545,1759,154.0,2.0,99.0,8.0,6659.0
12546,1759,154.0,2.0,99.0,8.0,2021.0
12547,1759,74.0,3.0,34.0,8.0,985.0
12561,1572,95.0,2.0,51.0,8.0,21684.0
12562,1572,96.0,2.0,52.0,8.0,453373.0
12563,1572,158.0,7.0,92.0,8.0,6964.0
12564,1572,36.0,0.0,0.0,8.0,686025.0
12565,1572,187.0,0.0,0.0,8.0,614482.0
12566,1572,32.0,1.0,10.0,8.0,323928.0
12607,1255,81.0,7.0,99.0,8.0,106527.0
12608,1255,81.0,7.0,99.0,8.0,1817.0
12609,1255,23.0,2.0,17.0,8.0,2131.0
12610,1255,152.0,0.0,0.0,8.0,126415.0
12611,1255,118.0,3.0,101.0,8.0,1915.0
12612,1255,118.0,3.0,101.0,8.0,112.0
12613,1255,37.0,5.0,55.0,8.0,50211.0
12614,1255,81.0,0.0,0.0,8.0,1547.0
12615,1255,60.0,7.0,28.0,8.0,2029.0
12616,1255,16.0,2.0,20.0,8.0,268865.0
12617,3260,150.0,3.0,41.0,0.0,0.0
12618,3260,150.0,3.0,41.0,0.0,82.0
12619,3260,181.0,3.0,84.0,0.0,45112.0
12620,3260,150.0,3.0,41.0,0.0,1633.0
12621,3260,150.0,3.0,41.0,0.0,1544.0
12622,3260,153.0,2.0,99.0,0.0,52106.0
12623,3260,181.0,3.0,84.0,0.0,5747.0
12624,3260,158.0,7.0,92.0,0.0,459.0
12625,3260,158.0,7.0,92.0,0.0,208.0
12626,3260,153.0,2.0,99.0,0.0,60572.0
12647,454,118.0,3.0,101.0,10.0,1212.0
12648,454,118.0,3.0,101.0,10.0,1679.0
12649,454,81.0,7.0,99.0,10.0,40214.0
12650,454,154.0,2.0,99.0,10.0,16733.0
12651,454,74.0,3.0,34.0,10.0,775.0
12652,454,81.0,7.0,99.0,10.0,368.0
12653,454,23.0,2.0,17.0,10.0,50.0
12654,454,158.0,7.0,57.0,10.0,1049.0
12655,454,81.0,7.0,99.0,10.0,3300.0
12656,454,158.0,7.0,57.0,10.0,819349.0
12657,1913,19.0,0.0,0.0,8.0,7.0
12658,1913,88.0,0.0,0.0,8.0,32715.0
12659,1913,81.0,0.0,0.0,8.0,1606.0
12660,1913,146.0,2.0,70.0,8.0,751.0
12661,1913,47.0,0.0,0.0,8.0,402.0
12662,1913,187.0,0.0,0.0,8.0,23946.0
12663,1913,126.0,0.0,0.0,8.0,96877.0
12664,1913,19.0,0.0,0.0,8.0,8.0
12665,1913,178.0,7.0,104.0,8.0,4426.0
12666,1913,78.0,0.0,0.0,8.0,626.0
12687,2655,118.0,3.0,101.0,8.0,2999.0
12688,2655,23.0,2.0,17.0,8.0,45.0
12689,2655,81.0,7.0,99.0,8.0,2104.0
12690,2655,154.0,2.0,99.0,8.0,1023.0
12691,2655,81.0,7.0,99.0,8.0,12392.0
12692,2655,31.0,6.0,20.0,8.0,1179.0
12693,2655,165.0,3.0,78.0,8.0,147.0
12694,2655,158.0,7.0,57.0,8.0,15168.0
12695,2655,81.0,7.0,99.0,8.0,1381.0
12696,2655,81.0,7.0,99.0,8.0,1506.0
12700,1875,40.0,2.0,13.0,8.0,768915.0
12751,2627,165.0,3.0,78.0,10.0,399.0
12752,2627,49.0,2.0,19.0,11.0,184583.0
12753,2627,147.0,7.0,60.0,10.0,823.0
12754,2627,23.0,2.0,17.0,10.0,5.0
12755,2627,81.0,7.0,99.0,10.0,41361.0
12756,2627,147.0,7.0,60.0,10.0,1315.0
12757,2627,74.0,3.0,34.0,10.0,3187.0
12758,2627,178.0,7.0,104.0,10.0,747.0
12759,2627,116.0,1.0,62.0,10.0,163882.0
12760,2627,147.0,7.0,60.0,10.0,687.0
12761,2020,118.0,3.0,101.0,6.0,849.0
12762,2020,118.0,3.0,101.0,6.0,1002.0
12763,2020,81.0,7.0,99.0,6.0,30304.0
12764,2020,158.0,7.0,57.0,6.0,80500.0
12765,2020,88.0,0.0,0.0,6.0,18058.0
12766,2020,23.0,2.0,17.0,6.0,92.0
12767,2020,74.0,3.0,34.0,6.0,767.0
12768,2020,54.0,6.0,24.0,6.0,119463.0
12769,2020,23.0,2.0,17.0,6.0,16.0
12770,2020,23.0,2.0,17.0,6.0,54.0
12771,1604,165.0,3.0,78.0,6.0,334.0
12772,1604,74.0,3.0,34.0,6.0,5000.0
12773,1604,23.0,2.0,17.0,6.0,226845.0
12774,1153,74.0,3.0,34.0,6.0,497.0
12775,1153,31.0,6.0,20.0,6.0,432.0
12776,1483,74.0,3.0,34.0,6.0,3631.0
12777,1483,88.0,0.0,0.0,6.0,8071.0
12778,1483,19.0,0.0,0.0,6.0,5432.0
12779,1483,178.0,7.0,104.0,6.0,4259.0
12780,1483,33.0,6.0,43.0,11.0,14594.0
12781,1483,56.0,7.0,26.0,11.0,576.0
12782,1483,64.0,0.0,0.0,11.0,38053.0
12783,1483,78.0,0.0,0.0,6.0,1495.0
12784,1483,78.0,0.0,0.0,6.0,843.0
12785,1483,54.0,6.0,24.0,6.0,54329.0
12812,742,33.0,6.0,43.0,2.0,41269.0
12813,742,56.0,7.0,26.0,8.0,28143.0
12814,742,78.0,0.0,0.0,8.0,3097.0
12815,742,49.0,2.0,19.0,2.0,78420.0
12816,742,16.0,2.0,20.0,8.0,28288.0
12817,742,74.0,3.0,34.0,2.0,1231.0
12818,742,15.0,0.0,0.0,8.0,44742.0
12819,742,92.0,7.0,45.0,2.0,6723.0
12820,742,119.0,0.0,0.0,8.0,549.0
12821,742,131.0,0.0,0.0,8.0,549.0
12822,3199,61.0,7.0,68.0,6.0,8800.0
12823,3199,118.0,3.0,101.0,6.0,1415.0
12824,3199,23.0,2.0,17.0,6.0,1584.0
12825,3199,10.0,0.0,0.0,6.0,161121.0
12826,3199,178.0,7.0,104.0,6.0,4249.0
12827,3199,81.0,7.0,99.0,6.0,8244.0
12828,3199,118.0,3.0,101.0,6.0,962.0
12829,3199,165.0,3.0,78.0,6.0,93.0
12830,3199,154.0,2.0,99.0,6.0,548.0
12831,3199,23.0,2.0,17.0,6.0,578.0
12852,3035,56.0,7.0,26.0,8.0,3282.0
12853,3035,154.0,2.0,99.0,8.0,2555.0
12854,3035,133.0,7.0,50.0,8.0,8020.0
12855,3035,154.0,2.0,99.0,8.0,2189.0
12856,3035,165.0,3.0,78.0,8.0,434.0
12857,3035,183.0,6.0,88.0,8.0,239570.0
12858,3035,154.0,2.0,99.0,8.0,298.0
12859,3035,81.0,7.0,99.0,8.0,253550.0
12860,3035,158.0,7.0,92.0,8.0,2843.0
12861,3035,81.0,7.0,50.0,8.0,602.0
12902,671,88.0,0.0,0.0,8.0,32294.0
12903,671,103.0,7.0,1.0,8.0,547.0
12904,671,9.0,2.0,14.0,8.0,74683.0
12905,671,154.0,2.0,99.0,8.0,4458.0
12906,671,154.0,2.0,99.0,8.0,11114.0
12907,671,154.0,2.0,99.0,8.0,2488.0
12908,671,88.0,0.0,0.0,8.0,21792.0
12909,671,81.0,7.0,99.0,8.0,0.0
12910,671,154.0,2.0,99.0,8.0,455434.0
12911,671,60.0,7.0,28.0,8.0,4916.0
12942,2582,61.0,7.0,68.0,8.0,479.0
12943,2582,165.0,3.0,78.0,8.0,178.0
12944,2582,118.0,3.0,101.0,8.0,816.0
12945,2582,154.0,2.0,99.0,8.0,9197.0
12946,2582,50.0,6.0,54.0,8.0,12813.0
12947,2582,61.0,7.0,68.0,8.0,15783.0
12948,2582,158.0,7.0,57.0,8.0,464063.0
12949,2582,158.0,7.0,57.0,8.0,47201.0
12950,2582,126.0,0.0,0.0,8.0,2119.0
12951,2582,158.0,7.0,92.0,8.0,278744.0
12952,1656,155.0,7.0,75.0,11.0,13274.0
12953,1656,175.0,0.0,0.0,11.0,690.0
12954,1656,155.0,7.0,75.0,11.0,785.0
12955,1656,74.0,3.0,34.0,11.0,378.0
12956,1656,175.0,0.0,0.0,11.0,5184.0
12957,1656,175.0,0.0,0.0,11.0,2144.0
12958,1656,155.0,7.0,75.0,11.0,1045.0
12959,600,116.0,1.0,62.0,8.0,0.0
12960,600,147.0,7.0,60.0,8.0,18214.0
12961,600,30.0,6.0,7.0,8.0,25685.0
12962,600,30.0,6.0,7.0,8.0,19121.0
12963,600,74.0,3.0,34.0,8.0,3911.0
12964,600,54.0,6.0,24.0,8.0,103042.0
12965,600,147.0,7.0,60.0,8.0,33236.0
12966,600,30.0,6.0,7.0,8.0,21447.0
12967,600,30.0,6.0,7.0,8.0,39088.0
12968,600,30.0,6.0,7.0,8.0,922278.0
12999,897,16.0,2.0,20.0,8.0,287627.0
13000,897,183.0,6.0,88.0,8.0,1572.0
13001,897,81.0,0.0,0.0,8.0,1891.0
13002,897,183.0,6.0,88.0,8.0,4686.0
13003,897,74.0,3.0,34.0,8.0,1834.0
13004,897,154.0,2.0,99.0,8.0,1317.0
13005,897,154.0,2.0,99.0,8.0,12536.0
13006,897,154.0,2.0,99.0,8.0,622.0
13007,897,154.0,2.0,99.0,8.0,10705.0
13008,897,36.0,0.0,0.0,8.0,2830.0
13061,2463,147.0,7.0,60.0,7.0,2559.0
13062,2463,147.0,7.0,60.0,7.0,620.0
13063,2463,147.0,7.0,60.0,7.0,1778.0
13064,2463,147.0,7.0,60.0,7.0,2352.0
13065,2463,147.0,6.0,65.0,7.0,47080.0
13066,2463,74.0,3.0,34.0,7.0,4465.0
13067,2463,116.0,1.0,62.0,7.0,305181.0
13118,282,126.0,0.0,0.0,8.0,14067.0
13119,282,81.0,0.0,0.0,8.0,25.0
13120,282,60.0,7.0,28.0,8.0,43475.0
13121,282,60.0,7.0,28.0,8.0,1385.0
13122,282,178.0,7.0,104.0,8.0,1030.0
13123,282,56.0,7.0,26.0,8.0,563.0
13124,282,81.0,7.0,50.0,8.0,505.0
13125,282,60.0,7.0,28.0,8.0,2023.0
13126,282,56.0,7.0,26.0,8.0,975.0
13127,282,187.0,0.0,0.0,8.0,46314.0
13178,1576,118.0,3.0,101.0,8.0,49998.0
13179,1576,154.0,2.0,99.0,8.0,32766.0
13180,1576,154.0,2.0,99.0,8.0,616.0
13181,1576,118.0,3.0,101.0,8.0,1201.0
13182,1576,23.0,2.0,17.0,8.0,679.0
13183,1576,158.0,7.0,57.0,8.0,49791.0
13184,1576,154.0,2.0,99.0,8.0,320.0
13185,1576,31.0,6.0,20.0,8.0,637.0
13186,1576,118.0,3.0,101.0,8.0,100246.0
13187,1576,23.0,2.0,17.0,8.0,1360.0
13220,3216,158.0,7.0,57.0,8.0,14641.0
13221,3216,74.0,3.0,34.0,8.0,774.0
13222,3216,147.0,7.0,60.0,8.0,7837.0
13223,3216,154.0,2.0,99.0,8.0,15346.0
13224,3216,147.0,7.0,60.0,8.0,1144.0
13225,3216,23.0,2.0,17.0,8.0,1556.0
13226,3216,154.0,2.0,99.0,8.0,84075.0
13227,3216,154.0,2.0,99.0,8.0,75202.0
13228,3216,118.0,3.0,101.0,8.0,28597.0
13229,3216,147.0,6.0,65.0,8.0,7967.0
13290,204,59.0,0.0,0.0,1.0,414.0
13291,204,81.0,0.0,0.0,1.0,256.0
13292,204,44.0,7.0,97.0,1.0,223.0
13293,204,158.0,7.0,92.0,1.0,804.0
13294,204,166.0,3.0,95.0,1.0,21983.0
13295,204,6.0,0.0,0.0,1.0,453.0
13296,204,158.0,7.0,57.0,1.0,16679.0
13297,204,6.0,0.0,0.0,1.0,121.0
13298,204,44.0,7.0,97.0,1.0,484.0
13299,204,6.0,0.0,0.0,1.0,1092.0
13311,149,154.0,2.0,99.0,6.0,1521.0
13312,149,158.0,7.0,57.0,6.0,149.0
13313,149,165.0,3.0,78.0,6.0,24.0
13314,149,56.0,7.0,26.0,6.0,350.0
13315,149,154.0,2.0,99.0,6.0,127600.0
13316,149,47.0,0.0,0.0,6.0,41.0
13317,149,19.0,0.0,0.0,6.0,382.0
13318,149,154.0,2.0,99.0,6.0,12888.0
13319,149,81.0,7.0,50.0,6.0,1044.0
13320,149,126.0,0.0,0.0,6.0,1273.0
13360,3211,147.0,7.0,60.0,8.0,587.0
13361,3211,74.0,3.0,34.0,8.0,3857.0
13362,3211,174.0,2.0,42.0,8.0,366380.0
13363,3211,187.0,0.0,0.0,8.0,95467.0
13364,3211,116.0,1.0,62.0,8.0,0.0
13365,3211,147.0,6.0,65.0,8.0,38651.0
13366,3211,178.0,7.0,104.0,8.0,379.0
13367,3211,147.0,7.0,60.0,8.0,5953.0
13368,3211,147.0,6.0,65.0,8.0,14920.0
13369,3211,54.0,6.0,24.0,8.0,239875.0
13390,3060,56.0,7.0,26.0,8.0,0.0
13391,3060,61.0,7.0,68.0,8.0,1810.0
13392,3060,74.0,3.0,34.0,8.0,3539.0
13393,3060,158.0,7.0,56.0,8.0,1784.0
13394,3060,61.0,7.0,68.0,8.0,5698.0
13395,3060,88.0,0.0,0.0,8.0,32632.0
13396,3060,78.0,0.0,0.0,8.0,10062.0
13397,3060,61.0,7.0,68.0,8.0,8246.0
13398,3060,157.0,0.0,0.0,8.0,4793.0
13399,3060,50.0,6.0,54.0,8.0,3120.0
13420,1036,39.0,7.0,12.0,6.0,2164.0
13421,1036,39.0,7.0,12.0,6.0,21072.0
13422,1036,49.0,2.0,19.0,11.0,174695.0
13423,1036,80.0,7.0,58.0,6.0,5041.0
13424,1036,74.0,3.0,34.0,6.0,6898.0
13425,901,158.0,7.0,57.0,8.0,916.0
13426,901,118.0,3.0,101.0,8.0,429.0
13427,901,133.0,7.0,50.0,8.0,20097.0
13428,901,158.0,7.0,57.0,8.0,10687.0
13429,901,165.0,3.0,78.0,8.0,1241.0
13430,901,118.0,3.0,101.0,8.0,88.0
13431,901,133.0,7.0,50.0,8.0,167431.0
13432,901,56.0,7.0,26.0,8.0,577.0
13433,901,56.0,7.0,26.0,8.0,907.0
13434,901,183.0,6.0,85.0,8.0,65048.0
13437,1018,81.0,7.0,99.0,8.0,2271.0
13438,1018,54.0,6.0,24.0,8.0,46086.0
13439,1018,154.0,2.0,99.0,8.0,36620.0
13440,1018,118.0,3.0,101.0,8.0,913.0
13441,1018,158.0,7.0,57.0,8.0,107.0
13442,1018,187.0,0.0,0.0,8.0,17220.0
13443,1018,23.0,2.0,17.0,8.0,405.0
13444,1018,37.0,5.0,55.0,8.0,7950.0
13445,1018,154.0,2.0,99.0,8.0,91833.0
13446,1018,78.0,0.0,0.0,8.0,2178.0
13457,128,147.0,7.0,60.0,6.0,1411.0
13458,128,118.0,3.0,101.0,6.0,2762.0
13459,128,165.0,3.0,78.0,6.0,4.0
13460,128,165.0,3.0,78.0,6.0,442.0
13461,128,154.0,2.0,99.0,6.0,7230.0
13462,128,23.0,2.0,17.0,6.0,64.0
13463,128,158.0,7.0,57.0,6.0,62675.0
13464,128,23.0,2.0,17.0,6.0,568.0
13465,128,158.0,7.0,57.0,6.0,13485.0
13466,128,165.0,3.0,78.0,6.0,549.0
13477,1336,158.0,7.0,57.0,6.0,15840.0
13478,1336,118.0,3.0,101.0,6.0,805.0
13479,1336,23.0,2.0,17.0,6.0,8.0
13480,1336,74.0,3.0,34.0,6.0,4046.0
13481,1336,187.0,0.0,0.0,6.0,16228.0
13482,1336,158.0,7.0,57.0,6.0,27587.0
13483,1336,16.0,2.0,20.0,6.0,40694.0
13484,1336,158.0,7.0,57.0,6.0,10845.0
13485,1336,158.0,7.0,57.0,6.0,36140.0
13486,1336,23.0,2.0,17.0,6.0,61727.0
13517,1207,165.0,3.0,78.0,10.0,148.0
13518,1207,118.0,3.0,101.0,10.0,2001.0
13519,1207,158.0,7.0,57.0,10.0,271.0
13520,1207,23.0,2.0,17.0,10.0,50.0
13521,1207,165.0,3.0,78.0,10.0,238.0
13522,1207,158.0,7.0,57.0,10.0,171.0
13523,1207,23.0,2.0,17.0,10.0,1385.0
13524,1207,154.0,2.0,99.0,10.0,10112.0
13525,1207,23.0,2.0,17.0,10.0,80.0
13526,1207,154.0,2.0,99.0,10.0,48797.0
13527,428,142.0,0.0,0.0,8.0,767.0
13528,428,165.0,3.0,78.0,8.0,1338.0
13529,428,23.0,2.0,17.0,8.0,71.0
13530,428,133.0,7.0,50.0,8.0,11493.0
13531,428,31.0,6.0,20.0,8.0,792.0
13532,428,23.0,2.0,17.0,8.0,40.0
13533,428,158.0,7.0,57.0,8.0,147.0
13534,428,23.0,2.0,17.0,8.0,19.0
13535,428,36.0,0.0,0.0,8.0,24438.0
13536,428,165.0,3.0,78.0,8.0,592.0
13592,3173,154.0,2.0,99.0,10.0,14889.0
13593,3173,165.0,3.0,78.0,10.0,17.0
13594,3173,23.0,2.0,17.0,10.0,2487.0
13595,3173,118.0,3.0,101.0,10.0,2494.0
13596,3173,49.0,2.0,19.0,10.0,93656.0
13597,3173,118.0,3.0,101.0,10.0,2850.0
13598,3173,158.0,7.0,57.0,10.0,10703.0
13599,3173,165.0,3.0,78.0,10.0,3.0
13600,3173,118.0,3.0,101.0,10.0,36.0
13601,3173,158.0,7.0,57.0,10.0,18295.0
13602,1482,81.0,7.0,99.0,8.0,1422.0
13603,1482,183.0,6.0,85.0,8.0,19589.0
13604,1482,154.0,2.0,99.0,8.0,27891.0
13605,1482,154.0,2.0,99.0,8.0,42667.0
13606,1482,81.0,7.0,99.0,8.0,1095.0
13607,1482,158.0,7.0,57.0,8.0,253.0
13608,1482,118.0,3.0,101.0,8.0,171.0
13609,1482,118.0,3.0,101.0,8.0,13556.0
13610,1482,23.0,2.0,17.0,8.0,82.0
13611,1482,81.0,7.0,99.0,8.0,132736.0
13628,1245,165.0,3.0,78.0,6.0,674.0
13629,1245,118.0,3.0,101.0,6.0,799.0
13630,1245,158.0,7.0,57.0,6.0,6854.0
13631,1245,158.0,7.0,57.0,6.0,68500.0
13632,1245,158.0,7.0,57.0,6.0,9646.0
13633,1245,158.0,7.0,57.0,6.0,47935.0
13634,1245,118.0,3.0,101.0,6.0,261375.0
13635,1245,158.0,7.0,57.0,6.0,39506.0
13636,1245,74.0,3.0,34.0,6.0,709.0
13637,1245,165.0,3.0,78.0,6.0,361.0
13648,3114,118.0,3.0,101.0,6.0,1253.0
13649,3114,81.0,7.0,99.0,6.0,9332.0
13650,3114,165.0,3.0,78.0,6.0,33.0
13651,3114,165.0,3.0,78.0,6.0,120.0
13652,3114,165.0,3.0,78.0,6.0,412.0
13653,3114,158.0,7.0,57.0,6.0,292.0
13654,3114,118.0,3.0,101.0,6.0,869.0
13655,3114,81.0,7.0,99.0,6.0,7090.0
13656,3114,158.0,7.0,57.0,6.0,9560.0
13657,3114,31.0,6.0,20.0,6.0,360.0
13668,1329,81.0,7.0,99.0,8.0,59262.0
13669,1329,154.0,2.0,99.0,8.0,14965.0
13670,1329,133.0,7.0,50.0,8.0,3984.0
13671,1329,154.0,2.0,99.0,8.0,8191.0
13672,1329,33.0,6.0,43.0,8.0,14368.0
13673,1329,81.0,7.0,99.0,8.0,9511.0
13674,1329,154.0,2.0,99.0,8.0,2938.0
13675,1329,154.0,2.0,99.0,8.0,26679.0
13676,1329,150.0,3.0,94.0,0.0,41230.0
13677,1329,154.0,2.0,99.0,8.0,12696.0
13678,1681,77.0,0.0,0.0,6.0,1761.0
13679,1681,74.0,3.0,34.0,6.0,915.0
13719,1490,78.0,0.0,0.0,11.0,1618.0
13720,1490,19.0,0.0,0.0,6.0,468.0
13721,1490,178.0,7.0,104.0,6.0,22559.0
13722,1490,78.0,0.0,0.0,6.0,640.0
13723,1490,33.0,6.0,43.0,11.0,41647.0
13724,1490,131.0,0.0,0.0,6.0,905.0
13725,1490,118.0,3.0,101.0,6.0,970.0
13726,1490,56.0,7.0,26.0,6.0,574.0
13727,1490,133.0,7.0,50.0,6.0,7761.0
13728,1490,154.0,2.0,99.0,6.0,1649.0
13729,547,154.0,2.0,99.0,6.0,2175.0
13730,547,81.0,7.0,99.0,6.0,573.0
13731,547,158.0,7.0,57.0,6.0,2764.0
13732,547,158.0,7.0,57.0,6.0,11788.0
13733,547,118.0,3.0,101.0,6.0,9.0
13734,547,154.0,2.0,99.0,6.0,781.0
13735,547,23.0,2.0,17.0,6.0,1164.0
13736,547,154.0,2.0,99.0,6.0,172.0
13737,547,118.0,3.0,101.0,6.0,1144.0
13738,547,158.0,7.0,57.0,6.0,2655.0
13749,2614,31.0,6.0,20.0,8.0,1202.0
13750,2614,74.0,3.0,34.0,8.0,764.0
13751,2614,142.0,0.0,0.0,8.0,143.0
13752,1406,158.0,7.0,92.0,6.0,26779.0
13753,1406,158.0,7.0,92.0,6.0,371.0
13754,1406,23.0,2.0,17.0,6.0,812.0
13755,1406,81.0,7.0,99.0,6.0,5748.0
13756,1406,158.0,7.0,57.0,6.0,21667.0
13757,1406,23.0,2.0,17.0,6.0,1013.0
13758,1406,81.0,7.0,50.0,6.0,4357.0
13759,1406,81.0,7.0,99.0,6.0,22375.0
13760,1406,158.0,7.0,57.0,6.0,2317.0
13761,1406,158.0,7.0,92.0,6.0,170.0
13832,2577,133.0,7.0,50.0,6.0,50102.0
13833,2577,33.0,6.0,43.0,6.0,6869.0
13834,2577,31.0,6.0,20.0,6.0,944.0
13835,2577,93.0,7.0,44.0,6.0,5269.0
13836,2577,81.0,7.0,50.0,6.0,4054.0
13837,2577,74.0,3.0,34.0,6.0,367.0
13838,2577,133.0,7.0,50.0,6.0,610034.0
13839,2577,133.0,7.0,50.0,6.0,4191.0
13840,2577,56.0,7.0,26.0,6.0,693.0
13841,2577,77.0,0.0,0.0,6.0,112811.0
13842,1856,56.0,7.0,26.0,11.0,929.0
13843,1856,74.0,3.0,34.0,10.0,1497.0
13844,1856,33.0,6.0,43.0,11.0,0.0
13845,1856,33.0,6.0,43.0,11.0,22883.0
13846,1856,74.0,3.0,34.0,11.0,1364.0
13847,1856,31.0,6.0,20.0,10.0,995.0
13848,1856,56.0,7.0,26.0,11.0,831.0
13849,1856,49.0,2.0,19.0,11.0,225351.0
13860,2693,61.0,7.0,68.0,8.0,1070.0
13861,2693,60.0,7.0,28.0,8.0,0.0
13862,2693,158.0,7.0,57.0,8.0,418.0
13863,2693,116.0,1.0,62.0,8.0,18192.0
13864,2693,178.0,7.0,104.0,8.0,519.0
13865,2693,73.0,0.0,0.0,8.0,0.0
13866,2693,131.0,0.0,0.0,8.0,588.0
13867,2693,88.0,0.0,0.0,8.0,22287.0
13868,2693,161.0,7.0,76.0,8.0,255656.0
13869,2693,131.0,0.0,0.0,8.0,1188.0
13900,1515,74.0,3.0,34.0,6.0,6160.0
13901,1515,39.0,7.0,12.0,6.0,7912.0
13902,1515,39.0,7.0,12.0,6.0,3708.0
13903,1515,39.0,7.0,12.0,6.0,5693.0
13904,1515,39.0,7.0,12.0,6.0,17671.0
13928,1205,81.0,7.0,99.0,6.0,46591.0
13929,1205,23.0,2.0,17.0,6.0,102.0
13930,1205,137.0,2.0,69.0,6.0,60344.0
13931,1205,56.0,7.0,26.0,6.0,9934.0
13932,1205,159.0,3.0,93.0,6.0,1032.0
13933,1205,183.0,6.0,88.0,6.0,195252.0
13934,1205,95.0,2.0,51.0,6.0,49732.0
13935,1205,158.0,7.0,92.0,6.0,5969.0
13936,1205,159.0,3.0,93.0,6.0,650.0
13937,1205,118.0,3.0,101.0,6.0,1519.0
14008,408,154.0,2.0,99.0,8.0,9475.0
14009,408,154.0,2.0,99.0,8.0,381.0
14010,408,154.0,2.0,99.0,8.0,1756.0
14011,408,23.0,2.0,17.0,8.0,752.0
14012,408,165.0,3.0,78.0,8.0,17.0
14013,408,23.0,2.0,17.0,8.0,891.0
14014,408,154.0,2.0,99.0,8.0,2214.0
14015,408,31.0,6.0,20.0,8.0,1144.0
14016,408,23.0,2.0,17.0,8.0,3417.0
14017,408,158.0,7.0,57.0,8.0,13077.0
14028,1356,118.0,3.0,101.0,6.0,2982.0
14029,1356,165.0,3.0,78.0,6.0,297.0
14030,1356,23.0,2.0,17.0,6.0,633.0
14031,1356,118.0,3.0,101.0,6.0,65.0
14032,1356,81.0,7.0,99.0,6.0,17644.0
14033,1356,154.0,2.0,99.0,6.0,5576.0
14034,1356,174.0,2.0,42.0,6.0,83125.0
14035,1356,165.0,3.0,78.0,6.0,249.0
14036,1356,10.0,0.0,0.0,6.0,1297.0
14037,1356,23.0,2.0,17.0,6.0,439.0
14038,2089,147.0,7.0,60.0,6.0,91726.0
14039,2089,147.0,7.0,60.0,6.0,601.0
14040,2089,178.0,7.0,104.0,6.0,1434.0
14041,2089,147.0,6.0,65.0,6.0,109812.0
14042,2089,147.0,7.0,60.0,6.0,2257.0
14043,2089,39.0,7.0,12.0,6.0,70338.0
14044,2089,74.0,3.0,34.0,6.0,2288.0
14045,2089,147.0,7.0,60.0,6.0,765.0
14046,2089,116.0,1.0,62.0,6.0,957549.0
14047,2089,49.0,2.0,19.0,11.0,55720.0
14048,2294,74.0,3.0,34.0,6.0,1056.0
14049,2294,61.0,7.0,68.0,6.0,5355.0
14050,2294,60.0,7.0,28.0,6.0,2177.0
14051,2294,33.0,6.0,43.0,6.0,322.0
14052,2294,74.0,3.0,34.0,6.0,65.0
14053,2294,49.0,2.0,19.0,6.0,239896.0
14054,2294,78.0,0.0,0.0,6.0,5653.0
14055,2294,60.0,7.0,28.0,6.0,13228.0
14056,2294,81.0,0.0,0.0,6.0,3620.0
14057,2294,151.0,0.0,0.0,6.0,1505.0
14064,104,158.0,7.0,57.0,6.0,44532.0
14065,104,147.0,7.0,60.0,6.0,2821.0
14066,104,39.0,7.0,12.0,6.0,277844.0
14067,104,56.0,7.0,26.0,6.0,1263.0
14068,104,118.0,3.0,101.0,6.0,210.0
14069,104,81.0,7.0,99.0,6.0,800687.0
14070,104,118.0,3.0,101.0,6.0,1136.0
14071,104,107.0,0.0,0.0,6.0,196.0
14072,104,116.0,1.0,62.0,6.0,0.0
14073,104,118.0,3.0,101.0,6.0,56.0
14074,303,165.0,3.0,78.0,8.0,148.0
14075,303,183.0,6.0,85.0,8.0,286012.0
14076,303,36.0,0.0,0.0,8.0,24381.0
14077,303,23.0,2.0,17.0,8.0,67156.0
14078,303,18.0,0.0,0.0,8.0,33527.0
14079,303,118.0,3.0,101.0,8.0,892.0
14080,303,60.0,7.0,28.0,8.0,1101698.0
14081,303,183.0,6.0,85.0,8.0,694031.0
14082,303,183.0,6.0,85.0,8.0,124731.0
14083,303,118.0,3.0,101.0,8.0,45694.0
14094,2280,119.0,0.0,0.0,6.0,2533.0
14095,2280,187.0,0.0,0.0,6.0,21837.0
14096,2280,16.0,2.0,20.0,6.0,3142.0
14097,2280,31.0,6.0,20.0,6.0,1022.0
14098,2280,54.0,6.0,24.0,6.0,28025.0
14099,2280,74.0,3.0,34.0,6.0,4675.0
14100,2280,61.0,7.0,68.0,6.0,17587.0
14101,2280,49.0,2.0,19.0,6.0,18778.0
14102,2280,158.0,7.0,57.0,6.0,360.0
14103,2280,54.0,6.0,24.0,6.0,50804.0
14124,576,39.0,7.0,12.0,8.0,146870.0
14125,576,56.0,7.0,26.0,8.0,1290.0
14126,576,116.0,1.0,62.0,8.0,8140.0
14127,576,178.0,7.0,104.0,8.0,636.0
14128,576,56.0,7.0,26.0,8.0,702.0
14129,576,39.0,7.0,12.0,8.0,1012.0
14130,576,118.0,3.0,101.0,8.0,1529.0
14131,576,54.0,6.0,24.0,8.0,140392.0
14132,576,147.0,7.0,60.0,8.0,15749.0
14133,576,118.0,3.0,101.0,8.0,800.0
14174,2866,74.0,3.0,34.0,6.0,210.0
14175,2866,74.0,3.0,34.0,6.0,11021.0
14176,2866,33.0,6.0,43.0,6.0,448.0
14177,2866,49.0,2.0,19.0,11.0,15416.0
14178,2866,56.0,7.0,26.0,11.0,613.0
14179,2866,74.0,3.0,34.0,11.0,1715.0
14180,2866,74.0,3.0,34.0,6.0,391.0
14229,412,43.0,2.0,20.0,11.0,1410.0
14230,412,0.0,4.0,49.0,11.0,911000.0
14231,412,43.0,2.0,20.0,11.0,387714.0
14232,412,0.0,4.0,49.0,11.0,1257590.0
14233,3059,74.0,3.0,34.0,6.0,4428.0
14234,3059,33.0,6.0,43.0,11.0,20095.0
14235,3059,116.0,1.0,62.0,6.0,16237.0
14236,3059,56.0,7.0,26.0,11.0,886.0
14237,3059,74.0,3.0,34.0,11.0,1457.0
14238,3059,133.0,7.0,50.0,6.0,1066.0
14239,3059,10.0,0.0,0.0,6.0,396033.0
14240,3059,147.0,7.0,60.0,6.0,2940.0
14241,3059,178.0,7.0,104.0,6.0,3365.0
14242,3059,49.0,2.0,19.0,11.0,34837.0
14283,277,31.0,6.0,20.0,6.0,496.0
14324,185,158.0,7.0,92.0,11.0,36.0
14325,185,150.0,3.0,41.0,11.0,229.0
14326,185,158.0,7.0,57.0,11.0,35.0
14327,185,158.0,7.0,92.0,11.0,584.0
14328,185,158.0,7.0,57.0,11.0,9.0
14329,185,150.0,3.0,41.0,11.0,2.0
14330,185,183.0,6.0,85.0,11.0,2617.0
14331,185,158.0,7.0,92.0,11.0,87.0
14332,185,158.0,7.0,92.0,11.0,1452.0
14333,185,150.0,3.0,41.0,11.0,133.0
14371,2985,77.0,0.0,0.0,8.0,65625.0
14372,2985,118.0,3.0,101.0,8.0,104710.0
14373,2985,30.0,6.0,7.0,8.0,20527.0
14374,2985,30.0,6.0,7.0,8.0,68861.0
14375,2985,81.0,0.0,0.0,8.0,355.0
14376,2985,147.0,7.0,60.0,8.0,714.0
14377,2985,23.0,2.0,17.0,8.0,5028.0
14378,2985,60.0,7.0,28.0,8.0,14379.0
14379,2985,30.0,6.0,7.0,8.0,21671.0
14380,2985,77.0,0.0,0.0,8.0,34117.0
14411,970,74.0,3.0,34.0,6.0,241.0
14412,970,56.0,7.0,26.0,6.0,4741.0
14413,970,165.0,3.0,78.0,6.0,47.0
14414,970,23.0,2.0,17.0,6.0,74995.0
14415,970,81.0,0.0,0.0,6.0,6292.0
14416,970,81.0,0.0,0.0,6.0,662.0
14417,970,49.0,2.0,19.0,6.0,7718.0
14418,970,56.0,7.0,26.0,6.0,740.0
14419,970,33.0,6.0,43.0,6.0,525.0
14420,970,56.0,7.0,26.0,6.0,811.0
14421,182,54.0,6.0,24.0,6.0,12847.0
14422,182,183.0,6.0,88.0,6.0,66416.0
14423,182,183.0,6.0,88.0,6.0,6438.0
14424,182,49.0,2.0,19.0,6.0,11416.0
14425,182,10.0,0.0,0.0,6.0,26.0
14426,182,81.0,0.0,0.0,6.0,45.0
14427,182,103.0,6.0,53.0,11.0,4398.0
14428,182,142.0,0.0,0.0,6.0,8.0
14429,182,81.0,7.0,99.0,6.0,1033.0
14430,182,159.0,3.0,93.0,6.0,37.0
14455,641,23.0,2.0,17.0,6.0,60.0
14456,641,126.0,0.0,0.0,6.0,14262.0
14457,641,126.0,0.0,0.0,6.0,13510.0
14458,641,158.0,7.0,57.0,6.0,1004.0
14459,641,165.0,3.0,78.0,6.0,1152.0
14460,641,60.0,7.0,28.0,6.0,905.0
14461,641,56.0,7.0,26.0,6.0,19520.0
14462,641,61.0,7.0,68.0,6.0,733.0
14463,641,61.0,7.0,68.0,6.0,775.0
14464,641,133.0,7.0,50.0,6.0,1079.0
14515,1333,165.0,3.0,78.0,8.0,50.0
14516,1333,154.0,2.0,99.0,8.0,42625.0
14517,1333,81.0,7.0,99.0,8.0,8306.0
14518,1333,154.0,2.0,99.0,8.0,49158.0
14519,1333,74.0,3.0,34.0,8.0,246.0
14520,1333,165.0,3.0,78.0,8.0,361.0
14521,1333,154.0,2.0,99.0,8.0,17063.0
14522,1333,81.0,7.0,99.0,8.0,860.0
14523,1333,81.0,7.0,99.0,8.0,3080.0
14524,1333,105.0,0.0,0.0,8.0,8647.0
14525,2248,165.0,3.0,78.0,6.0,316.0
14526,2248,118.0,3.0,101.0,6.0,1267.0
14527,2248,165.0,3.0,78.0,6.0,422.0
14528,2248,154.0,2.0,99.0,6.0,19620.0
14529,2248,154.0,2.0,99.0,6.0,35539.0
14530,2248,61.0,7.0,68.0,6.0,2238.0
14531,2248,154.0,2.0,99.0,6.0,1517.0
14532,2248,154.0,2.0,99.0,6.0,1034.0
14533,2248,158.0,7.0,57.0,6.0,39740.0
14534,2248,118.0,3.0,101.0,6.0,1447.0
14580,1575,158.0,0.0,0.0,0.0,211.0
14581,1331,158.0,7.0,57.0,6.0,1040.0
14582,1331,165.0,3.0,78.0,6.0,801.0
14583,1331,81.0,7.0,99.0,6.0,2375.0
14584,1331,154.0,2.0,99.0,6.0,5549.0
14585,1331,81.0,7.0,99.0,6.0,3137.0
14586,1331,118.0,3.0,101.0,6.0,41.0
14587,1331,81.0,7.0,99.0,6.0,21866.0
14588,1331,9.0,2.0,14.0,6.0,22910.0
14589,1331,158.0,7.0,57.0,6.0,68838.0
14590,1331,23.0,2.0,17.0,6.0,1452.0
14631,2691,73.0,0.0,0.0,6.0,1044.0
14632,2691,23.0,2.0,17.0,6.0,116.0
14633,2691,23.0,2.0,17.0,6.0,12.0
14634,2691,183.0,6.0,88.0,6.0,29629.0
14635,2691,56.0,7.0,26.0,6.0,42425.0
14636,2691,160.0,0.0,0.0,6.0,4164.0
14637,2691,165.0,3.0,78.0,6.0,1919.0
14638,2691,158.0,7.0,92.0,6.0,3647.0
14639,2691,39.0,7.0,12.0,6.0,17506.0
14640,2691,60.0,7.0,28.0,6.0,5440.0
14641,976,56.0,7.0,26.0,6.0,478.0
14642,976,31.0,6.0,20.0,6.0,625.0
14643,976,49.0,2.0,19.0,6.0,102556.0
14644,976,74.0,3.0,34.0,6.0,706.0
14705,465,183.0,6.0,86.0,8.0,57245.0
14706,465,183.0,6.0,85.0,8.0,63995.0
14707,465,183.0,6.0,85.0,8.0,4353.0
14708,465,183.0,6.0,85.0,8.0,5119.0
14709,465,156.0,6.0,23.0,8.0,126.0
14710,465,183.0,6.0,86.0,8.0,63170.0
14711,465,183.0,6.0,86.0,8.0,25279.0
14712,465,81.0,7.0,39.0,8.0,130845.0
14713,465,74.0,3.0,34.0,8.0,205.0
14714,465,94.0,7.0,47.0,8.0,1587.0
14726,1559,158.0,0.0,0.0,0.0,666.0
14727,1559,54.0,0.0,0.0,0.0,658.0
14728,1559,6.0,0.0,0.0,0.0,540049.0
14729,1559,181.0,3.0,84.0,0.0,684.0
14785,1556,49.0,2.0,19.0,11.0,1245520.0
14786,1556,158.0,7.0,57.0,6.0,184.0
14787,1556,81.0,7.0,99.0,6.0,2134.0
14788,1556,183.0,6.0,85.0,6.0,35340.0
14789,1556,158.0,7.0,57.0,6.0,338.0
14790,1556,118.0,3.0,101.0,6.0,1298.0
14791,1556,81.0,7.0,99.0,6.0,37091.0
14792,1556,81.0,7.0,99.0,6.0,1621.0
14793,1556,23.0,2.0,17.0,6.0,1001.0
14794,1556,165.0,3.0,78.0,6.0,48.0
14825,103,21.0,0.0,0.0,8.0,10.0
14826,103,81.0,7.0,50.0,8.0,3509.0
14827,103,81.0,7.0,102.0,8.0,463.0
14828,103,56.0,7.0,26.0,8.0,374.0
14829,103,81.0,7.0,50.0,8.0,598.0
14830,103,78.0,0.0,0.0,8.0,3667.0
14831,103,158.0,7.0,56.0,8.0,6246.0
14832,103,87.0,0.0,0.0,8.0,7414.0
14833,103,31.0,6.0,20.0,8.0,814.0
14834,103,81.0,7.0,50.0,8.0,376.0
14845,1017,158.0,7.0,57.0,6.0,4235.0
14846,1017,154.0,2.0,99.0,6.0,899.0
14847,1017,81.0,7.0,99.0,6.0,19000.0
14848,1017,118.0,3.0,101.0,6.0,558.0
14849,1017,165.0,3.0,78.0,6.0,100.0
14850,1017,81.0,7.0,99.0,6.0,17552.0
14851,1017,63.0,0.0,0.0,6.0,5423.0
14852,1017,154.0,2.0,99.0,6.0,376.0
14853,1017,81.0,7.0,97.0,6.0,603.0
14854,1017,154.0,2.0,99.0,6.0,220.0
14904,876,9.0,2.0,14.0,8.0,2367.0
14905,876,31.0,6.0,20.0,8.0,1740.0
14906,876,47.0,0.0,0.0,8.0,7808.0
14907,876,165.0,3.0,78.0,8.0,816.0
14908,876,15.0,0.0,0.0,8.0,62825.0
14909,876,165.0,3.0,78.0,8.0,11.0
14910,876,158.0,7.0,92.0,8.0,648.0
14911,876,19.0,0.0,0.0,8.0,335.0
14912,876,88.0,0.0,0.0,8.0,30582.0
14913,876,9.0,2.0,14.0,8.0,46.0
15015,682,159.0,3.0,93.0,8.0,487.0
15016,682,36.0,0.0,0.0,8.0,6179.0
15017,682,158.0,7.0,92.0,8.0,218.0
15018,682,158.0,7.0,57.0,8.0,75537.0
15019,682,81.0,7.0,99.0,8.0,1143.0
15020,682,103.0,7.0,1.0,8.0,286.0
15021,682,21.0,0.0,0.0,8.0,90.0
15022,682,23.0,2.0,17.0,8.0,43780.0
15023,682,158.0,7.0,92.0,8.0,41.0
15024,682,158.0,7.0,92.0,8.0,25459.0
15025,1131,60.0,7.0,28.0,8.0,6020.0
15026,1131,60.0,7.0,28.0,8.0,809.0
15027,1131,81.0,0.0,0.0,8.0,1256.0
15028,1131,49.0,2.0,19.0,8.0,18707.0
15029,1131,56.0,7.0,26.0,8.0,651.0
15030,1131,183.0,6.0,88.0,8.0,57105.0
15031,1131,74.0,3.0,34.0,8.0,758.0
15032,1131,60.0,7.0,28.0,8.0,8997.0
15033,1131,15.0,0.0,0.0,8.0,66911.0
15034,1131,33.0,6.0,43.0,8.0,15633.0
15045,718,80.0,7.0,58.0,8.0,2075.0
15046,718,116.0,1.0,62.0,8.0,72616.0
15047,718,147.0,7.0,60.0,8.0,1676.0
15048,718,147.0,7.0,60.0,8.0,1953.0
15049,718,95.0,2.0,51.0,8.0,60654.0
15050,718,7.0,0.0,0.0,8.0,72.0
15051,718,49.0,2.0,19.0,8.0,505419.0
15052,718,74.0,3.0,34.0,8.0,164.0
15053,718,56.0,7.0,26.0,8.0,507.0
15054,718,96.0,2.0,52.0,8.0,77776.0
15084,956,158.0,7.0,57.0,10.0,12268.0
15085,956,81.0,7.0,99.0,10.0,49791.0
15086,956,23.0,2.0,17.0,10.0,3063.0
15087,956,81.0,7.0,99.0,10.0,8447.0
15088,956,154.0,2.0,99.0,10.0,4461.0
15089,956,165.0,3.0,78.0,10.0,3.0
15090,956,154.0,2.0,99.0,10.0,11244.0
15091,956,165.0,3.0,78.0,10.0,2236.0
15092,956,158.0,7.0,57.0,10.0,158985.0
15093,956,154.0,2.0,99.0,10.0,5614.0
15104,1618,158.0,7.0,92.0,11.0,326.0
15105,1618,158.0,7.0,92.0,11.0,1819.0
15106,1618,153.0,2.0,99.0,11.0,42331.0
15107,1618,166.0,3.0,95.0,11.0,31.0
15108,1618,6.0,0.0,0.0,11.0,1056.0
15109,1618,91.0,7.0,91.0,11.0,828.0
15110,1618,91.0,7.0,91.0,11.0,663.0
15111,1618,103.0,6.0,53.0,11.0,2230.0
15112,1618,158.0,7.0,57.0,11.0,320.0
15113,1618,6.0,0.0,0.0,11.0,55.0
15115,1598,147.0,7.0,60.0,8.0,939.0
15116,1598,54.0,7.0,38.0,8.0,35125.0
15117,1598,81.0,7.0,102.0,11.0,939.0
15118,1598,74.0,3.0,34.0,11.0,2176.0
15119,1598,183.0,6.0,85.0,8.0,64.0
15120,1598,183.0,6.0,85.0,8.0,13255.0
15121,1598,94.0,7.0,47.0,8.0,3463.0
15122,1598,116.0,1.0,62.0,8.0,1000.0
15123,1598,23.0,2.0,17.0,8.0,655.0
15124,1598,74.0,3.0,34.0,8.0,4354.0
15145,1321,158.0,7.0,57.0,6.0,429.0
15146,1321,118.0,3.0,101.0,6.0,907.0
15147,1321,158.0,7.0,57.0,6.0,10832.0
15148,1321,23.0,2.0,17.0,6.0,733.0
15149,1321,23.0,2.0,17.0,6.0,652.0
15150,1321,158.0,7.0,57.0,6.0,159.0
15151,1321,118.0,3.0,101.0,6.0,15611.0
15152,1321,118.0,3.0,101.0,6.0,1052.0
15153,1321,158.0,7.0,57.0,6.0,255.0
15154,1321,74.0,3.0,34.0,6.0,373.0
15155,2604,32.0,1.0,10.0,6.0,6583.0
15156,2604,88.0,0.0,0.0,6.0,44040.0
15157,2604,87.0,0.0,0.0,6.0,25099.0
15158,2604,88.0,0.0,0.0,6.0,13408.0
15159,2604,165.0,3.0,78.0,6.0,181.0
15160,2604,74.0,3.0,34.0,6.0,4033.0
15161,2604,133.0,7.0,50.0,6.0,1144.0
15162,2604,133.0,7.0,50.0,6.0,50393.0
15163,2604,154.0,2.0,99.0,6.0,419.0
15164,2604,118.0,3.0,101.0,6.0,1217.0
15195,540,9.0,2.0,14.0,6.0,444.0
15196,540,23.0,2.0,17.0,6.0,624.0
15197,540,133.0,7.0,50.0,6.0,6911.0
15198,540,23.0,2.0,17.0,6.0,6047.0
15199,540,187.0,0.0,0.0,6.0,29538.0
15200,540,60.0,7.0,28.0,6.0,14016.0
15201,540,56.0,7.0,26.0,6.0,684.0
15202,540,88.0,0.0,0.0,6.0,26916.0
15203,540,56.0,7.0,26.0,6.0,10037.0
15204,540,93.0,7.0,44.0,6.0,224693.0
15245,289,56.0,7.0,26.0,11.0,922.0
15246,289,61.0,7.0,68.0,8.0,456.0
15247,289,69.0,7.0,30.0,8.0,12701.0
15248,289,187.0,0.0,0.0,8.0,987.0
15249,289,61.0,7.0,68.0,8.0,20922.0
15250,289,74.0,3.0,34.0,11.0,5720.0
15251,289,60.0,7.0,28.0,8.0,61972.0
15252,289,118.0,3.0,101.0,8.0,15.0
15253,289,50.0,6.0,54.0,8.0,7872.0
15254,289,33.0,6.0,43.0,8.0,188.0
15265,1954,56.0,7.0,26.0,8.0,1339.0
15266,1954,15.0,0.0,0.0,8.0,123273.0
15267,1954,49.0,2.0,19.0,8.0,37364.0
15268,1954,81.0,0.0,0.0,8.0,1300.0
15269,1954,61.0,7.0,68.0,8.0,451.0
15270,1954,61.0,7.0,68.0,8.0,1283.0
15271,1954,60.0,7.0,28.0,8.0,7357.0
15272,1954,74.0,3.0,34.0,8.0,2266.0
15273,1954,158.0,7.0,92.0,8.0,6444.0
15274,1954,54.0,6.0,24.0,8.0,17589.0
15336,3088,151.0,0.0,0.0,5.0,510.0
15337,3088,154.0,2.0,99.0,5.0,952.0
15338,3088,56.0,7.0,26.0,5.0,22195.0
15339,3088,154.0,2.0,99.0,5.0,1997.0
15340,3088,81.0,7.0,99.0,5.0,7849.0
15341,3088,158.0,7.0,57.0,5.0,11538.0
15342,3088,61.0,7.0,68.0,5.0,3797.0
15343,3088,158.0,7.0,57.0,5.0,44.0
15344,3088,158.0,7.0,57.0,5.0,104.0
15345,3088,36.0,0.0,0.0,5.0,580.0
15346,335,158.0,7.0,57.0,8.0,560.0
15347,335,31.0,6.0,20.0,8.0,196.0
15348,335,81.0,7.0,50.0,8.0,924864.0
15349,335,81.0,7.0,99.0,8.0,10992.0
15350,335,158.0,7.0,57.0,8.0,211.0
15351,335,142.0,0.0,0.0,8.0,977.0
15352,335,118.0,3.0,101.0,8.0,2002.0
15353,335,81.0,7.0,99.0,8.0,813.0
15354,335,158.0,7.0,56.0,8.0,111230.0
15355,335,23.0,2.0,17.0,8.0,39.0
15417,172,74.0,3.0,34.0,8.0,322.0
15418,172,74.0,3.0,34.0,8.0,202.0
15419,172,87.0,0.0,0.0,8.0,3961.0
15420,172,88.0,0.0,0.0,8.0,9027.0
15421,172,88.0,0.0,0.0,8.0,25442.0
15422,172,37.0,5.0,55.0,8.0,11304.0
15423,172,88.0,0.0,0.0,8.0,9120.0
15424,172,50.0,6.0,54.0,8.0,9652.0
15425,172,78.0,0.0,0.0,8.0,2461.0
15426,172,31.0,6.0,20.0,8.0,400.0
15440,2464,56.0,7.0,26.0,8.0,1538.0
15441,2464,165.0,3.0,78.0,8.0,106.0
15442,2464,154.0,2.0,99.0,8.0,1047.0
15443,2464,158.0,7.0,57.0,8.0,9727.0
15444,2464,183.0,6.0,85.0,8.0,6444.0
15445,2464,118.0,3.0,101.0,8.0,1347.0
15446,2464,118.0,3.0,101.0,8.0,1694.0
15447,2464,74.0,3.0,34.0,8.0,1096.0
15448,2464,158.0,7.0,57.0,8.0,438.0
15449,2464,154.0,2.0,99.0,8.0,9409.0
15450,624,49.0,2.0,19.0,6.0,344845.0
15451,624,178.0,7.0,104.0,6.0,937.0
15452,624,158.0,7.0,57.0,6.0,6127.0
15453,624,158.0,7.0,57.0,6.0,85159.0
15454,624,118.0,3.0,101.0,6.0,819.0
15455,624,154.0,2.0,99.0,6.0,14280.0
15456,624,147.0,7.0,60.0,6.0,4518.0
15457,624,147.0,7.0,60.0,6.0,21482.0
15458,624,118.0,3.0,101.0,6.0,839.0
15459,624,118.0,3.0,101.0,6.0,2278.0
15480,219,15.0,0.0,0.0,10.0,63177.0
15481,219,165.0,3.0,78.0,10.0,1550.0
15482,219,165.0,3.0,78.0,10.0,57.0
15483,219,158.0,7.0,57.0,10.0,36830.0
15484,219,81.0,7.0,50.0,10.0,2107.0
15485,219,165.0,3.0,78.0,10.0,12.0
15486,219,78.0,0.0,0.0,10.0,7443.0
15487,219,23.0,2.0,17.0,10.0,1540.0
15488,219,158.0,7.0,57.0,10.0,1887.0
15489,219,158.0,7.0,57.0,10.0,2563.0
15510,139,56.0,7.0,26.0,8.0,0.0
15511,139,60.0,7.0,28.0,8.0,3735.0
15512,139,183.0,6.0,88.0,8.0,8561.0
15513,139,15.0,0.0,0.0,8.0,235924.0
15514,139,73.0,0.0,0.0,8.0,9250.0
15515,139,56.0,7.0,26.0,8.0,782.0
15516,139,56.0,7.0,26.0,8.0,2114.0
15517,139,31.0,6.0,20.0,8.0,1095.0
15518,139,49.0,2.0,19.0,8.0,9452.0
15519,139,131.0,0.0,0.0,8.0,840.0
15530,1396,81.0,7.0,99.0,6.0,136719.0
15531,1396,118.0,3.0,101.0,6.0,1318.0
15532,1396,158.0,7.0,57.0,6.0,9919.0
15533,1396,158.0,7.0,57.0,6.0,303.0
15534,1396,118.0,3.0,101.0,6.0,1524.0
15535,1396,118.0,3.0,101.0,6.0,17145.0
15536,1396,23.0,2.0,17.0,6.0,110.0
15537,1396,118.0,3.0,101.0,6.0,40.0
15538,1396,60.0,7.0,28.0,6.0,12644.0
15539,1396,143.0,7.0,67.0,6.0,1135.0
15540,209,74.0,3.0,34.0,6.0,1402.0
15541,209,143.0,7.0,67.0,6.0,14236.0
15542,209,54.0,6.0,24.0,6.0,23113.0
15543,209,31.0,6.0,20.0,6.0,667.0
15544,209,187.0,0.0,0.0,6.0,17904.0
15545,209,119.0,0.0,0.0,6.0,933.0
15546,209,49.0,2.0,19.0,6.0,84400.0
15547,209,183.0,6.0,88.0,6.0,294739.0
15548,209,31.0,6.0,20.0,6.0,526.0
15549,209,56.0,7.0,26.0,6.0,760.0
15570,3183,50.0,6.0,54.0,8.0,4873.0
15571,3183,165.0,3.0,78.0,8.0,189.0
15572,3183,158.0,7.0,57.0,8.0,220.0
15573,3183,23.0,2.0,17.0,8.0,28375.0
15574,3183,81.0,7.0,99.0,8.0,3764.0
15575,3183,49.0,2.0,19.0,8.0,66051.0
15576,3183,65.0,0.0,0.0,0.0,138.0
15577,3183,178.0,7.0,104.0,8.0,555.0
15578,3183,19.0,0.0,0.0,8.0,11.0
15579,3183,78.0,0.0,0.0,8.0,553.0
15580,1223,60.0,7.0,28.0,6.0,9553.0
15581,1223,154.0,2.0,99.0,6.0,18530.0
15582,1223,81.0,7.0,99.0,6.0,2257.0
15583,1223,183.0,6.0,85.0,6.0,120861.0
15584,1223,23.0,2.0,17.0,6.0,429.0
15585,1223,118.0,3.0,101.0,6.0,1854.0
15586,1223,118.0,3.0,101.0,6.0,2569.0
15587,1223,183.0,6.0,85.0,6.0,116132.0
15588,1223,103.0,7.0,1.0,6.0,1162.0
15589,1223,165.0,3.0,78.0,6.0,113.0
15590,910,165.0,3.0,78.0,6.0,129.0
15591,910,81.0,7.0,99.0,6.0,767.0
15592,910,118.0,3.0,101.0,6.0,908.0
15593,910,118.0,3.0,101.0,6.0,7236.0
15594,910,81.0,7.0,99.0,6.0,60391.0
15595,910,118.0,3.0,101.0,6.0,1075.0
15596,910,118.0,3.0,101.0,6.0,909.0
15597,910,158.0,7.0,92.0,6.0,100215.0
15598,910,81.0,7.0,99.0,6.0,74872.0
15599,910,118.0,3.0,101.0,6.0,751.0
15614,3166,158.0,0.0,0.0,0.0,915.0
15615,3166,181.0,3.0,84.0,0.0,41046.0
15616,3166,153.0,2.0,99.0,0.0,102406.0
15617,3166,150.0,3.0,41.0,0.0,35421.0
15618,3166,54.0,0.0,0.0,0.0,514.0
15666,1055,166.0,3.0,95.0,11.0,0.0
15667,1055,158.0,7.0,57.0,11.0,221.0
15668,1055,166.0,3.0,95.0,11.0,493.0
15669,1055,158.0,7.0,92.0,11.0,1902.0
15670,1055,158.0,7.0,57.0,11.0,99.0
15671,1055,158.0,7.0,92.0,11.0,94.0
15672,1055,150.0,3.0,41.0,11.0,66.0
15673,1055,150.0,3.0,41.0,11.0,309.0
15674,1055,158.0,7.0,92.0,11.0,1647.0
15675,1055,150.0,3.0,41.0,11.0,15.0
15716,977,81.0,7.0,99.0,6.0,24649.0
15717,977,158.0,7.0,57.0,6.0,182.0
15718,977,154.0,2.0,99.0,6.0,5408.0
15719,977,158.0,7.0,57.0,6.0,16689.0
15720,977,81.0,7.0,99.0,6.0,1821.0
15721,977,158.0,7.0,57.0,6.0,28380.0
15722,977,183.0,6.0,85.0,6.0,37893.0
15723,977,154.0,2.0,99.0,6.0,1170.0
15724,977,154.0,2.0,99.0,6.0,1321.0
15725,977,31.0,6.0,20.0,6.0,237.0
15736,3005,118.0,3.0,101.0,6.0,38.0
15737,3005,23.0,2.0,17.0,6.0,787.0
15738,3005,23.0,2.0,17.0,6.0,458.0
15739,3005,165.0,3.0,78.0,6.0,91.0
15740,3005,56.0,7.0,26.0,6.0,120.0
15741,3005,81.0,7.0,99.0,6.0,1285.0
15742,3005,56.0,7.0,26.0,6.0,506.0
15743,3005,165.0,3.0,78.0,6.0,148.0
15744,3005,81.0,7.0,99.0,6.0,38459.0
15745,3005,118.0,3.0,101.0,6.0,462.0
15766,2189,158.0,7.0,57.0,6.0,451.0
15767,2189,118.0,3.0,101.0,6.0,222.0
15768,2189,74.0,3.0,34.0,6.0,1128.0
15769,2189,165.0,3.0,78.0,6.0,251.0
15810,3075,158.0,0.0,0.0,0.0,248.0
15821,900,36.0,0.0,0.0,6.0,111105.0
15822,900,6.0,0.0,0.0,0.0,75496.0
15823,900,78.0,0.0,0.0,6.0,1367.0
15824,900,65.0,0.0,0.0,0.0,225.0
15825,900,135.0,3.0,46.0,6.0,6275.0
15826,900,118.0,3.0,101.0,6.0,25885.0
15827,900,165.0,3.0,78.0,6.0,304.0
15828,900,165.0,3.0,78.0,6.0,32.0
15829,900,81.0,0.0,0.0,6.0,6717.0
15830,900,107.0,0.0,0.0,6.0,1.0
15831,2101,88.0,0.0,0.0,6.0,41562.0
15832,2101,183.0,6.0,88.0,6.0,38371.0
15833,2101,154.0,2.0,99.0,6.0,3381.0
15834,2101,158.0,0.0,0.0,0.0,4086.0
15835,2101,154.0,2.0,99.0,6.0,71212.0
15836,2101,50.0,6.0,54.0,6.0,20571.0
15837,2101,147.0,6.0,65.0,6.0,21858.0
15838,2101,154.0,2.0,99.0,6.0,458.0
15839,2101,178.0,7.0,104.0,6.0,4370.0
15840,2101,158.0,0.0,0.0,0.0,1464.0
15841,756,183.0,6.0,85.0,6.0,3431.0
15842,756,183.0,6.0,85.0,6.0,1492.0
15843,756,183.0,6.0,85.0,6.0,2517.0
15844,756,183.0,6.0,85.0,6.0,118.0
15845,756,183.0,6.0,85.0,6.0,7862.0
15846,756,183.0,6.0,85.0,6.0,8128.0
15847,756,183.0,6.0,85.0,6.0,31154.0
15848,756,183.0,6.0,85.0,6.0,40262.0
15849,756,156.0,6.0,23.0,6.0,438.0
15850,756,183.0,6.0,85.0,6.0,2826.0
15851,3119,147.0,7.0,60.0,7.0,2085.0
15852,3119,23.0,2.0,17.0,7.0,3052.0
15853,3119,118.0,3.0,101.0,7.0,5899.0
15854,3119,158.0,7.0,57.0,7.0,13802.0
15855,3119,165.0,3.0,78.0,7.0,44.0
15856,3119,174.0,2.0,42.0,7.0,392967.0
15857,3119,161.0,7.0,76.0,7.0,1135481.0
15858,3119,118.0,3.0,101.0,7.0,3182.0
15859,3119,81.0,7.0,99.0,7.0,15958.0
15860,3119,172.0,7.0,80.0,7.0,195985.0
15871,3064,74.0,3.0,34.0,6.0,846.0
15873,2009,74.0,3.0,34.0,10.0,1163.0
15874,2009,56.0,7.0,26.0,10.0,1030.0
15875,2009,118.0,3.0,101.0,10.0,227.0
15876,2009,71.0,7.0,35.0,10.0,5676.0
15877,2009,158.0,7.0,92.0,10.0,106.0
15878,2009,23.0,2.0,17.0,10.0,106.0
15879,2009,118.0,3.0,101.0,10.0,3630.0
15880,2009,165.0,3.0,78.0,10.0,1616.0
15881,2009,158.0,7.0,57.0,10.0,1991.0
15882,2009,142.0,0.0,0.0,10.0,452.0
15884,1610,49.0,2.0,19.0,10.0,43444.0
15885,1610,56.0,7.0,26.0,10.0,537.0
15886,1610,74.0,3.0,34.0,10.0,2194.0
15887,1610,31.0,6.0,20.0,10.0,1047.0
15888,769,81.0,7.0,99.0,6.0,1267.0
15889,769,158.0,7.0,57.0,6.0,5316.0
15890,769,81.0,7.0,99.0,6.0,1685.0
15891,769,154.0,2.0,99.0,6.0,22547.0
15892,769,23.0,2.0,17.0,6.0,772.0
15893,769,158.0,7.0,57.0,6.0,6972.0
15894,769,118.0,3.0,101.0,6.0,753.0
15895,769,81.0,7.0,99.0,6.0,46209.0
15896,769,165.0,3.0,78.0,6.0,136.0
15897,769,23.0,2.0,17.0,6.0,361.0
15992,644,118.0,3.0,101.0,6.0,12100.0
15993,644,81.0,7.0,50.0,6.0,3233.0
15994,644,81.0,7.0,50.0,6.0,1139318.0
15995,644,142.0,0.0,0.0,6.0,313.0
15996,644,158.0,7.0,92.0,6.0,31868.0
15997,644,158.0,7.0,92.0,6.0,3523.0
15998,644,158.0,7.0,92.0,6.0,907.0
15999,644,56.0,7.0,26.0,6.0,893.0
16000,644,81.0,0.0,0.0,6.0,1936.0
16001,644,31.0,6.0,20.0,6.0,184.0
16002,1285,43.0,2.0,20.0,11.0,6200.0
16013,1092,23.0,2.0,17.0,8.0,41388.0
16014,1092,165.0,3.0,78.0,8.0,312982.0
16015,1092,158.0,7.0,57.0,8.0,9693.0
16016,1092,118.0,3.0,101.0,8.0,581.0
16017,1092,23.0,2.0,17.0,8.0,63.0
16018,1092,165.0,3.0,78.0,8.0,66.0
16019,1092,165.0,3.0,78.0,8.0,713.0
16020,1092,9.0,2.0,14.0,8.0,28.0
16021,1092,158.0,7.0,92.0,8.0,9839.0
16022,1092,107.0,0.0,0.0,8.0,39.0
16055,771,158.0,7.0,57.0,6.0,240979.0
16056,771,78.0,0.0,0.0,6.0,21912.0
16057,771,154.0,2.0,99.0,6.0,4368.0
16058,771,154.0,2.0,99.0,6.0,1734.0
16059,771,165.0,3.0,78.0,6.0,75.0
16060,771,81.0,7.0,99.0,6.0,50673.0
16061,771,106.0,0.0,0.0,6.0,3782.0
16062,771,23.0,2.0,17.0,6.0,701.0
16063,771,81.0,7.0,99.0,6.0,34780.0
16064,771,165.0,3.0,78.0,6.0,116.0
16066,2195,165.0,3.0,78.0,6.0,182.0
16067,2195,154.0,2.0,99.0,6.0,10326.0
16068,2195,118.0,3.0,101.0,6.0,570.0
16069,2195,81.0,7.0,99.0,6.0,87605.0
16070,2195,154.0,2.0,99.0,6.0,19404.0
16071,2195,154.0,2.0,99.0,6.0,7474.0
16072,2195,165.0,3.0,78.0,6.0,72.0
16073,2195,183.0,6.0,85.0,6.0,12102.0
16074,2195,81.0,7.0,99.0,6.0,2204.0
16075,2195,81.0,7.0,99.0,6.0,70664.0
16179,2625,78.0,0.0,0.0,11.0,849.0
16180,2625,113.0,0.0,0.0,11.0,746.0
16181,2625,74.0,3.0,34.0,11.0,2522.0
16182,2625,54.0,0.0,0.0,11.0,10647.0
16183,2625,19.0,0.0,0.0,11.0,1023.0
16184,2625,74.0,3.0,34.0,11.0,2874.0
16185,2625,158.0,7.0,92.0,11.0,3.0
16186,2625,74.0,3.0,34.0,11.0,1604.0
16187,2625,91.0,7.0,91.0,11.0,968.0
16188,2625,50.0,6.0,54.0,11.0,28550.0
16209,67,158.0,7.0,57.0,8.0,1510.0
16210,67,23.0,2.0,17.0,8.0,1918.0
16211,67,154.0,2.0,99.0,8.0,9858.0
16212,67,118.0,3.0,101.0,8.0,57.0
16213,67,165.0,3.0,78.0,8.0,2884.0
16214,67,183.0,6.0,85.0,8.0,63824.0
16215,67,21.0,0.0,0.0,8.0,11.0
16216,67,118.0,3.0,101.0,8.0,49.0
16217,67,183.0,6.0,85.0,8.0,76598.0
16218,67,81.0,7.0,99.0,8.0,12674.0
16219,1302,39.0,7.0,12.0,8.0,9157.0
16220,1302,54.0,6.0,24.0,8.0,262982.0
16221,1302,187.0,0.0,0.0,8.0,24303.0
16222,1302,74.0,3.0,34.0,8.0,9013.0
16223,152,158.0,7.0,57.0,8.0,22815.0
16224,152,158.0,7.0,57.0,8.0,27003.0
16225,152,36.0,0.0,0.0,8.0,4890.0
16226,152,158.0,7.0,57.0,8.0,45633.0
16227,152,118.0,3.0,101.0,8.0,458.0
16228,152,23.0,2.0,17.0,8.0,1655.0
16229,152,118.0,3.0,101.0,8.0,1246.0
16230,152,23.0,2.0,17.0,8.0,2362.0
16231,152,165.0,3.0,78.0,8.0,93.0
16232,152,158.0,7.0,57.0,8.0,6313.0
16263,3104,142.0,0.0,0.0,6.0,252.0
16264,3104,60.0,7.0,28.0,6.0,3864.0
16265,3104,56.0,7.0,26.0,2.0,1813.0
16266,3104,183.0,6.0,88.0,6.0,9844.0
16267,3104,60.0,7.0,28.0,6.0,722.0
16268,3104,81.0,0.0,0.0,6.0,851.0
16269,3104,183.0,6.0,85.0,6.0,3966.0
16270,3104,60.0,7.0,28.0,6.0,2454.0
16271,3104,131.0,0.0,0.0,6.0,1057.0
16272,3104,56.0,7.0,26.0,6.0,973.0
16273,2271,78.0,0.0,0.0,6.0,2404.0
16274,2271,32.0,1.0,10.0,6.0,581491.0
16275,2271,146.0,2.0,70.0,6.0,6563.0
16276,2271,158.0,7.0,57.0,6.0,94516.0
16277,2271,81.0,7.0,99.0,6.0,18678.0
16278,2271,81.0,0.0,0.0,6.0,1589.0
16279,2271,33.0,6.0,43.0,6.0,73510.0
16280,2271,154.0,2.0,99.0,6.0,2440.0
16281,2271,118.0,3.0,101.0,6.0,122.0
16282,2271,154.0,2.0,99.0,6.0,16674.0
16303,2401,159.0,3.0,93.0,6.0,691.0
16304,2401,158.0,7.0,57.0,6.0,492.0
16305,2401,158.0,7.0,92.0,6.0,122.0
16306,2401,165.0,3.0,78.0,6.0,33397.0
16307,2401,165.0,3.0,78.0,6.0,611.0
16308,2401,158.0,7.0,57.0,6.0,166.0
16309,2401,49.0,2.0,19.0,11.0,915976.0
16310,2401,158.0,7.0,57.0,6.0,6493.0
16311,2401,118.0,3.0,101.0,6.0,10613.0
16312,2401,118.0,3.0,101.0,6.0,5.0
16313,1781,154.0,2.0,99.0,8.0,786.0
16314,1781,81.0,7.0,99.0,8.0,1583.0
16315,1781,118.0,3.0,101.0,8.0,21.0
16316,1781,158.0,7.0,57.0,8.0,190235.0
16317,1781,154.0,2.0,99.0,8.0,2309.0
16318,1781,158.0,7.0,57.0,8.0,18540.0
16319,1781,23.0,2.0,17.0,8.0,775.0
16320,1781,154.0,2.0,99.0,8.0,21242.0
16321,1781,118.0,3.0,101.0,8.0,645.0
16322,1781,158.0,7.0,57.0,8.0,418.0
16337,2262,6.0,0.0,0.0,0.0,502.0
16338,2262,35.0,3.0,83.0,0.0,20126.0
16339,2262,158.0,0.0,0.0,0.0,1226.0
16340,2262,181.0,3.0,84.0,0.0,225.0
16341,2262,54.0,0.0,0.0,0.0,42033.0
16342,692,158.0,0.0,0.0,0.0,521.0
16383,1819,52.0,2.0,21.0,8.0,3183.0
16384,1819,74.0,3.0,34.0,8.0,674.0
16385,1819,63.0,0.0,0.0,8.0,31910.0
16386,1819,7.0,0.0,0.0,8.0,105.0
16387,1819,158.0,7.0,57.0,8.0,1323285.0
16388,1819,95.0,2.0,51.0,8.0,17011.0
16389,1819,56.0,7.0,26.0,8.0,12201.0
16390,1819,116.0,1.0,62.0,8.0,0.0
16391,1819,23.0,2.0,17.0,8.0,15212.0
16392,1819,118.0,3.0,101.0,8.0,641.0
16393,2831,154.0,2.0,99.0,8.0,1023384.0
16394,2831,154.0,2.0,99.0,8.0,78361.0
16395,2831,49.0,2.0,19.0,8.0,1116641.0
16396,2831,159.0,3.0,93.0,8.0,1533.0
16397,2831,100.0,7.0,97.0,8.0,66870.0
16398,2831,118.0,3.0,101.0,8.0,117.0
16399,2831,183.0,6.0,85.0,8.0,23673.0
16400,2831,154.0,2.0,99.0,8.0,26721.0
16401,2831,118.0,3.0,101.0,8.0,39.0
16402,2831,118.0,3.0,101.0,8.0,1790.0
16403,2882,94.0,7.0,47.0,8.0,2107.0
16404,2882,94.0,7.0,47.0,8.0,5359.0
16405,2882,183.0,6.0,85.0,8.0,24353.0
16406,2882,81.0,7.0,102.0,8.0,1038.0
16407,2882,183.0,6.0,85.0,8.0,23244.0
16408,2882,74.0,3.0,34.0,8.0,1592.0
16409,2882,108.0,0.0,0.0,8.0,15215.0
16410,2882,183.0,6.0,85.0,8.0,10868.0
16411,2882,81.0,7.0,102.0,8.0,1235.0
16412,2882,94.0,7.0,47.0,8.0,1230.0
16413,760,158.0,0.0,0.0,0.0,566.0
16414,760,158.0,0.0,0.0,0.0,339.0
16415,760,81.0,0.0,0.0,6.0,1390.0
16416,760,60.0,7.0,28.0,6.0,42458.0
16417,760,16.0,2.0,20.0,6.0,180920.0
16418,760,60.0,7.0,28.0,6.0,28905.0
16419,760,60.0,7.0,28.0,6.0,1103.0
16420,760,31.0,6.0,20.0,6.0,835.0
16421,760,56.0,7.0,26.0,6.0,772.0
16422,760,165.0,3.0,78.0,6.0,886.0
16423,2162,21.0,0.0,0.0,6.0,187.0
16424,2162,21.0,0.0,0.0,6.0,63.0
16425,2162,54.0,6.0,24.0,6.0,442748.0
16426,2162,10.0,0.0,0.0,6.0,180736.0
16427,2162,21.0,0.0,0.0,6.0,134.0
16428,2162,10.0,0.0,0.0,6.0,20938.0
16429,2162,0.0,4.0,49.0,11.0,695000.0
16430,2162,147.0,7.0,60.0,6.0,1433.0
16431,2162,116.0,1.0,62.0,6.0,1000.0
16432,2162,187.0,0.0,0.0,6.0,15477.0
16433,3020,60.0,7.0,28.0,6.0,72772.0
16434,3020,81.0,0.0,0.0,6.0,1025.0
16435,3020,165.0,3.0,78.0,6.0,892.0
16436,3020,31.0,6.0,20.0,6.0,1056.0
16437,3020,74.0,3.0,34.0,6.0,1882.0
16438,3020,81.0,0.0,0.0,6.0,2564.0
16439,3020,45.0,0.0,0.0,6.0,4371.0
16440,3020,116.0,0.0,0.0,6.0,4017.0
16441,3020,116.0,0.0,0.0,6.0,2998.0
16442,3020,23.0,2.0,17.0,6.0,325.0
16463,1256,19.0,0.0,0.0,8.0,850.0
16464,1256,88.0,0.0,0.0,8.0,26151.0
16465,1256,87.0,0.0,0.0,8.0,111988.0
16466,1256,74.0,3.0,34.0,8.0,3666.0
16467,1256,78.0,0.0,0.0,8.0,802.0
16468,1256,81.0,0.0,0.0,8.0,62055.0
16469,1256,131.0,0.0,0.0,8.0,887.0
16470,1256,88.0,0.0,0.0,8.0,46460.0
16471,1256,78.0,0.0,0.0,8.0,832.0
16472,1256,15.0,0.0,0.0,8.0,1264.0
16563,3122,165.0,3.0,78.0,6.0,355.0
16564,3122,118.0,3.0,101.0,6.0,1609.0
16565,3122,74.0,3.0,34.0,6.0,4321.0
16566,3122,23.0,2.0,17.0,6.0,8.0
16567,3122,118.0,3.0,101.0,6.0,1901.0
16568,3122,6.0,0.0,0.0,0.0,7775.0
16569,3122,23.0,2.0,17.0,6.0,10875.0
16570,3122,154.0,2.0,99.0,6.0,6030.0
16571,3122,183.0,6.0,85.0,6.0,154810.0
16572,3122,165.0,3.0,78.0,6.0,64.0
16573,1607,74.0,3.0,34.0,8.0,2056.0
16574,1607,164.0,0.0,0.0,8.0,810.0
16575,1607,118.0,3.0,101.0,8.0,91.0
16576,1607,158.0,7.0,56.0,8.0,1059.0
16577,1607,81.0,7.0,99.0,8.0,4022.0
16578,1607,163.0,0.0,0.0,8.0,206.0
16579,1607,81.0,0.0,0.0,8.0,824.0
16580,1607,81.0,0.0,0.0,8.0,0.0
16581,1607,158.0,7.0,56.0,8.0,7164.0
16582,1607,81.0,7.0,99.0,8.0,5231.0
16648,1761,158.0,7.0,57.0,6.0,1025.0
16649,1761,133.0,7.0,50.0,6.0,627.0
16650,1761,158.0,7.0,57.0,6.0,208.0
16651,1761,74.0,3.0,34.0,6.0,2849.0
16652,1761,134.0,6.0,73.0,6.0,412.0
16653,1761,158.0,7.0,57.0,6.0,226.0
16654,1761,178.0,7.0,104.0,6.0,994.0
16655,1761,187.0,0.0,0.0,6.0,103566.0
16656,1761,39.0,7.0,12.0,6.0,1012.0
16657,1761,133.0,7.0,50.0,6.0,558.0
16668,2737,154.0,2.0,99.0,6.0,791.0
16669,2737,91.0,0.0,0.0,6.0,373.0
16670,2737,154.0,2.0,99.0,6.0,12456.0
16671,2737,154.0,2.0,99.0,6.0,16115.0
16672,2737,81.0,7.0,99.0,6.0,101231.0
16673,2737,23.0,2.0,17.0,6.0,260.0
16674,2737,118.0,3.0,101.0,6.0,1110.0
16675,2737,158.0,7.0,57.0,6.0,318.0
16676,2737,118.0,3.0,101.0,6.0,579.0
16677,2737,23.0,2.0,17.0,6.0,670.0
16728,728,154.0,2.0,99.0,6.0,8335.0
16729,728,23.0,2.0,17.0,6.0,967.0
16730,728,154.0,2.0,99.0,6.0,11736.0
16731,728,154.0,2.0,99.0,6.0,37358.0
16732,728,158.0,7.0,57.0,6.0,93524.0
16733,728,118.0,3.0,101.0,6.0,1480.0
16734,728,154.0,2.0,99.0,6.0,1805.0
16735,728,165.0,3.0,78.0,6.0,74.0
16736,728,165.0,3.0,78.0,6.0,218.0
16737,728,158.0,7.0,57.0,6.0,103483.0
16786,2997,187.0,0.0,0.0,8.0,33712.0
16787,2997,165.0,3.0,78.0,8.0,789.0
16788,2997,23.0,2.0,17.0,8.0,10455.0
16789,2997,147.0,6.0,65.0,8.0,54335.0
16790,2997,56.0,7.0,26.0,8.0,988.0
16791,2997,147.0,7.0,60.0,8.0,1626.0
16792,2997,159.0,3.0,93.0,8.0,1111.0
16793,2997,178.0,7.0,104.0,8.0,2517.0
16794,2997,183.0,6.0,88.0,8.0,8419.0
16795,2997,60.0,7.0,28.0,8.0,35179.0
16827,1106,118.0,3.0,101.0,6.0,807.0
16828,1106,118.0,3.0,101.0,6.0,810.0
16829,1106,158.0,7.0,57.0,6.0,4357.0
16830,1106,49.0,2.0,19.0,6.0,69481.0
16831,1106,158.0,7.0,92.0,6.0,15.0
16832,1106,165.0,3.0,78.0,6.0,255.0
16833,1106,118.0,3.0,101.0,6.0,77.0
16834,1106,23.0,2.0,17.0,6.0,677.0
16835,1106,56.0,7.0,26.0,6.0,1112.0
16836,1106,81.0,7.0,99.0,6.0,40403.0
16847,2220,118.0,3.0,101.0,6.0,2021.0
16848,2220,39.0,7.0,12.0,6.0,1304.0
16849,2220,107.0,0.0,0.0,6.0,85.0
16850,2220,36.0,0.0,0.0,6.0,44481.0
16851,2220,81.0,7.0,99.0,6.0,2614.0
16852,2220,81.0,7.0,99.0,6.0,118110.0
16853,2220,107.0,0.0,0.0,6.0,70.0
16854,2220,118.0,3.0,101.0,6.0,51139.0
16855,2220,36.0,0.0,0.0,6.0,5218.0
16856,2220,23.0,2.0,17.0,6.0,786.0
16857,188,153.0,2.0,99.0,11.0,5421.0
16858,188,150.0,3.0,41.0,11.0,56.0
16859,188,81.0,3.0,72.0,11.0,19938.0
16860,188,158.0,7.0,57.0,11.0,1493.0
16861,188,183.0,6.0,87.0,11.0,11808.0
16862,188,158.0,7.0,57.0,11.0,6720.0
16863,188,166.0,3.0,95.0,11.0,38907.0
16864,188,158.0,7.0,57.0,11.0,13.0
16865,188,158.0,7.0,92.0,11.0,76.0
16866,188,158.0,0.0,0.0,0.0,1837.0
17022,3164,165.0,3.0,78.0,6.0,348.0
17023,3164,127.0,0.0,0.0,6.0,31132.0
17024,3164,23.0,2.0,17.0,6.0,9840.0
17025,3164,154.0,2.0,99.0,6.0,17969.0
17026,3164,81.0,7.0,99.0,6.0,31031.0
17027,3164,158.0,7.0,57.0,6.0,41980.0
17028,3164,74.0,3.0,34.0,6.0,1196.0
17029,3164,118.0,3.0,101.0,6.0,165.0
17030,3164,158.0,7.0,57.0,6.0,677.0
17031,3164,118.0,3.0,101.0,6.0,154.0
17064,2128,165.0,3.0,78.0,10.0,1651.0
17065,2128,21.0,0.0,0.0,10.0,610.0
17066,2128,74.0,3.0,34.0,10.0,1421.0
17067,2128,158.0,7.0,57.0,10.0,26626.0
17068,2128,10.0,0.0,0.0,10.0,89043.0
17069,2128,158.0,7.0,57.0,10.0,28662.0
17070,2128,154.0,2.0,99.0,10.0,28188.0
17071,2128,81.0,7.0,99.0,10.0,72803.0
17072,2128,81.0,7.0,99.0,10.0,32030.0
17073,2128,154.0,2.0,99.0,10.0,7776.0
17134,1907,154.0,2.0,99.0,6.0,9947.0
17135,1907,133.0,7.0,50.0,6.0,795.0
17136,1907,154.0,2.0,99.0,6.0,0.0
17137,1907,118.0,3.0,101.0,6.0,712.0
17138,1907,23.0,2.0,17.0,6.0,44.0
17139,1907,154.0,2.0,99.0,6.0,2929.0
17140,1907,81.0,7.0,99.0,6.0,219.0
17141,1907,154.0,2.0,99.0,6.0,0.0
17142,1907,133.0,7.0,50.0,6.0,631.0
17143,1907,154.0,2.0,99.0,6.0,5285.0
17172,1469,118.0,3.0,101.0,6.0,90.0
17173,1469,178.0,7.0,104.0,6.0,4024.0
17174,1469,86.0,0.0,0.0,6.0,64874.0
17175,1469,86.0,0.0,0.0,6.0,98393.0
17176,1469,147.0,7.0,60.0,6.0,1922.0
17177,1469,146.0,2.0,70.0,6.0,1877.0
17178,1469,47.0,0.0,0.0,6.0,4827.0
17179,1469,118.0,3.0,101.0,6.0,3928.0
17180,1469,165.0,3.0,78.0,6.0,137.0
17181,1469,116.0,1.0,62.0,6.0,1000.0
17192,783,23.0,2.0,17.0,8.0,5.0
17204,1931,81.0,7.0,99.0,8.0,44031.0
17205,1931,154.0,2.0,99.0,8.0,13553.0
17206,1931,154.0,2.0,99.0,8.0,20228.0
17207,1931,118.0,3.0,101.0,8.0,1368.0
17208,1931,154.0,2.0,99.0,8.0,10064.0
17209,1931,154.0,2.0,99.0,8.0,3223.0
17210,1931,74.0,3.0,34.0,8.0,709.0
17211,1931,154.0,2.0,99.0,8.0,32327.0
17212,1931,154.0,2.0,99.0,8.0,14001.0
17213,1931,154.0,2.0,99.0,8.0,13727.0
17233,1094,153.0,2.0,99.0,1.0,6401.0
17234,1094,150.0,3.0,94.0,1.0,7081.0
17235,1094,166.0,3.0,95.0,1.0,759.0
17236,1094,44.0,7.0,97.0,1.0,138598.0
17237,1094,166.0,3.0,95.0,1.0,984.0
17238,1094,158.0,7.0,57.0,1.0,19246.0
17239,1094,150.0,3.0,41.0,1.0,1751.0
17240,1094,6.0,0.0,0.0,1.0,191.0
17241,1094,6.0,0.0,0.0,1.0,154.0
17242,1094,158.0,7.0,92.0,1.0,450.0
17323,2903,147.0,7.0,60.0,6.0,713.0
17324,2903,147.0,7.0,60.0,6.0,785.0
17325,2903,116.0,1.0,62.0,6.0,0.0
17326,2903,126.0,0.0,0.0,6.0,38856.0
17327,2903,2.0,4.0,49.0,6.0,96000.0
17328,2903,147.0,7.0,60.0,6.0,10705.0
17329,2903,187.0,0.0,0.0,6.0,15812.0
17330,2903,187.0,0.0,0.0,6.0,34426.0
17331,2903,147.0,7.0,60.0,6.0,2585.0
17332,2903,74.0,3.0,34.0,6.0,3715.0
17353,1427,154.0,2.0,99.0,6.0,835.0
17354,1427,158.0,7.0,57.0,6.0,18176.0
17355,1427,158.0,7.0,100.0,6.0,74337.0
17356,1427,91.0,0.0,0.0,6.0,177.0
17357,1427,158.0,7.0,57.0,6.0,13443.0
17358,1427,158.0,7.0,57.0,6.0,20035.0
17359,1427,154.0,2.0,99.0,6.0,1193.0
17360,1427,118.0,3.0,101.0,6.0,1149.0
17361,1427,118.0,3.0,101.0,6.0,1108.0
17362,1427,158.0,7.0,100.0,6.0,103521.0
17363,2139,118.0,3.0,101.0,8.0,6295.0
17364,2139,178.0,7.0,104.0,8.0,1093.0
17365,2139,161.0,7.0,76.0,8.0,3225.0
17366,2139,178.0,7.0,104.0,8.0,611.0
17367,2139,158.0,7.0,56.0,8.0,141519.0
17368,2139,118.0,3.0,101.0,8.0,40.0
17369,2139,54.0,6.0,24.0,8.0,21098.0
17370,2139,81.0,7.0,99.0,8.0,2203.0
17371,2139,158.0,7.0,57.0,8.0,7629.0
17372,2139,158.0,7.0,57.0,8.0,584.0
17383,341,162.0,7.0,77.0,5.0,5655.0
17384,341,121.0,0.0,0.0,5.0,1036.0
17385,341,96.0,2.0,52.0,5.0,9839.0
17386,341,159.0,3.0,93.0,5.0,852.0
17387,341,96.0,2.0,52.0,5.0,4231.0
17388,341,158.0,7.0,57.0,5.0,3771.0
17389,341,158.0,7.0,57.0,5.0,264.0
17390,341,165.0,3.0,78.0,5.0,26884.0
17391,341,60.0,7.0,28.0,5.0,2100.0
17392,341,143.0,7.0,67.0,5.0,2583.0
17403,1278,165.0,3.0,78.0,6.0,615.0
17404,1278,158.0,7.0,92.0,11.0,46.0
17405,1278,118.0,3.0,101.0,6.0,1348.0
17406,1278,154.0,2.0,99.0,6.0,14180.0
17407,1278,183.0,6.0,85.0,6.0,8473.0
17408,1278,153.0,2.0,99.0,11.0,13357.0
17409,1278,81.0,7.0,99.0,6.0,90035.0
17410,1278,183.0,6.0,88.0,6.0,267788.0
17411,1278,153.0,2.0,99.0,11.0,17140.0
17412,1278,165.0,3.0,78.0,6.0,542.0
17417,2932,165.0,3.0,78.0,6.0,561.0
17418,2932,158.0,7.0,92.0,6.0,16739.0
17419,2932,158.0,7.0,100.0,6.0,1333.0
17420,2932,9.0,2.0,14.0,6.0,27.0
17421,2932,165.0,3.0,78.0,6.0,1040.0
17422,2932,47.0,0.0,0.0,6.0,3236.0
17423,2932,165.0,3.0,78.0,6.0,196.0
17424,2932,23.0,2.0,17.0,6.0,49.0
17425,2932,9.0,2.0,14.0,6.0,17.0
17426,2932,158.0,7.0,100.0,6.0,358.0
17427,21,147.0,6.0,65.0,7.0,64625.0
17428,21,147.0,7.0,60.0,7.0,2076.0
17429,21,147.0,7.0,60.0,7.0,1372.0
17430,21,147.0,7.0,60.0,7.0,1811.0
17431,21,36.0,0.0,0.0,7.0,36086.0
17432,21,165.0,3.0,78.0,7.0,2342.0
17433,21,118.0,3.0,101.0,7.0,8.0
17434,21,147.0,7.0,60.0,7.0,899.0
17435,21,158.0,7.0,57.0,7.0,822.0
17436,21,74.0,3.0,34.0,7.0,3345.0
17437,510,165.0,3.0,78.0,8.0,544.0
17438,510,118.0,3.0,101.0,8.0,213282.0
17439,510,165.0,3.0,78.0,8.0,98.0
17440,510,158.0,7.0,57.0,8.0,310.0
17441,510,165.0,3.0,78.0,8.0,133.0
17442,510,23.0,2.0,17.0,8.0,496.0
17443,510,165.0,3.0,78.0,8.0,123.0
17444,510,158.0,7.0,57.0,8.0,393.0
17445,510,118.0,3.0,101.0,8.0,4.0
17446,510,9.0,2.0,14.0,8.0,1137.0
17471,2619,81.0,7.0,99.0,7.0,827.0
17472,2619,178.0,7.0,104.0,7.0,30216.0
17473,2619,165.0,3.0,78.0,7.0,69.0
17474,2619,16.0,2.0,20.0,7.0,94876.0
17475,2619,81.0,7.0,99.0,7.0,1556.0
17476,2619,60.0,7.0,28.0,7.0,110.0
17477,2619,23.0,2.0,17.0,7.0,114166.0
17478,2619,165.0,3.0,78.0,7.0,440.0
17479,2619,60.0,7.0,28.0,7.0,48149.0
17480,2619,23.0,2.0,17.0,7.0,6819.0
17528,3077,81.0,7.0,99.0,6.0,6252.0
17529,3077,165.0,3.0,78.0,6.0,825.0
17530,3077,118.0,3.0,101.0,6.0,823.0
17531,3077,31.0,6.0,20.0,6.0,770.0
17532,3077,81.0,7.0,99.0,6.0,1284.0
17533,3077,118.0,3.0,101.0,6.0,451.0
17534,3077,118.0,3.0,101.0,6.0,765.0
17535,3077,118.0,3.0,101.0,6.0,591.0
17536,3077,81.0,7.0,99.0,6.0,7709.0
17537,3077,23.0,2.0,17.0,6.0,574.0
17548,32,6.0,0.0,0.0,11.0,6339.0
17549,32,153.0,2.0,99.0,11.0,2885.0
17550,32,153.0,2.0,99.0,11.0,1975.0
17551,32,158.0,7.0,57.0,11.0,41.0
17552,32,158.0,7.0,92.0,11.0,668.0
17553,32,158.0,7.0,92.0,11.0,598.0
17554,32,6.0,0.0,0.0,11.0,626.0
17555,32,153.0,2.0,99.0,11.0,1413.0
17556,32,153.0,2.0,99.0,11.0,8571.0
17557,32,91.0,7.0,91.0,11.0,1002.0
17571,1929,158.0,7.0,57.0,5.0,26608.0
17572,1929,81.0,7.0,99.0,5.0,1603826.0
17573,1929,183.0,6.0,85.0,5.0,10387.0
17574,1929,154.0,2.0,99.0,5.0,84569.0
17575,1929,118.0,3.0,101.0,5.0,1011.0
17576,1929,23.0,2.0,17.0,5.0,458.0
17577,1929,154.0,2.0,99.0,5.0,23109.0
17578,1929,81.0,7.0,99.0,5.0,6593.0
17579,1929,154.0,2.0,99.0,5.0,26269.0
17580,1929,154.0,2.0,99.0,5.0,30162.0
17591,338,23.0,2.0,17.0,8.0,534.0
17592,338,107.0,0.0,0.0,8.0,6.0
17593,338,158.0,7.0,56.0,8.0,2584.0
17594,338,118.0,3.0,101.0,8.0,963.0
17595,338,118.0,3.0,101.0,8.0,940.0
17596,338,107.0,0.0,0.0,8.0,216.0
17597,338,142.0,0.0,0.0,8.0,304.0
17598,338,16.0,2.0,20.0,8.0,5344.0
17599,338,142.0,0.0,0.0,8.0,309.0
17600,338,9.0,2.0,14.0,8.0,77.0
17639,2632,23.0,2.0,17.0,10.0,2611.0
17640,2632,23.0,2.0,17.0,10.0,63.0
17641,2632,158.0,7.0,57.0,10.0,1573.0
17642,2632,183.0,6.0,85.0,10.0,22915.0
17643,2632,9.0,2.0,14.0,10.0,1671.0
17644,2632,23.0,2.0,17.0,10.0,1564.0
17645,2632,158.0,7.0,57.0,10.0,30711.0
17646,2632,154.0,2.0,99.0,10.0,13021.0
17647,2632,183.0,6.0,85.0,10.0,25386.0
17648,2632,183.0,6.0,85.0,10.0,10875.0
17669,3204,118.0,3.0,101.0,8.0,131377.0
17670,3204,23.0,2.0,17.0,8.0,366.0
17671,3204,36.0,0.0,0.0,8.0,14468.0
17672,3204,23.0,2.0,17.0,8.0,40.0
17673,3204,36.0,0.0,0.0,8.0,14438.0
17674,3204,165.0,3.0,78.0,8.0,482.0
17675,3204,154.0,2.0,99.0,8.0,292.0
17676,3204,105.0,0.0,0.0,8.0,3557.0
17677,3204,81.0,7.0,99.0,8.0,1266.0
17678,3204,154.0,2.0,99.0,8.0,7471.0
17689,1589,118.0,3.0,101.0,8.0,3.0
17690,1589,118.0,3.0,101.0,8.0,1074.0
17691,1589,142.0,0.0,0.0,8.0,33.0
17692,1589,81.0,7.0,99.0,8.0,865457.0
17693,1589,158.0,7.0,92.0,8.0,19831.0
17694,1589,154.0,2.0,99.0,8.0,275.0
17695,1589,23.0,2.0,17.0,8.0,745.0
17696,1589,158.0,7.0,57.0,8.0,409.0
17697,1589,154.0,2.0,99.0,8.0,17040.0
17698,1589,154.0,2.0,99.0,8.0,1076.0
17764,2111,81.0,7.0,50.0,8.0,764.0
17765,2111,81.0,7.0,99.0,8.0,1659845.0
17766,2111,126.0,0.0,0.0,8.0,78099.0
17767,2111,118.0,3.0,101.0,8.0,729.0
17768,2111,158.0,7.0,57.0,8.0,10920.0
17769,2111,158.0,7.0,57.0,8.0,62924.0
17770,2111,46.0,0.0,0.0,8.0,27.0
17771,2111,154.0,2.0,99.0,8.0,1245154.0
17772,2111,147.0,7.0,60.0,8.0,348.0
17773,2111,133.0,7.0,50.0,8.0,7248.0
17774,1855,31.0,6.0,20.0,8.0,316.0
17775,1855,49.0,2.0,19.0,11.0,157172.0
17776,1855,74.0,3.0,34.0,8.0,640.0
17777,1855,74.0,3.0,34.0,8.0,35.0
17778,1855,142.0,0.0,0.0,8.0,136.0
17779,1855,74.0,3.0,34.0,8.0,216.0
17780,1855,74.0,3.0,34.0,8.0,251.0
17781,2813,74.0,3.0,34.0,6.0,1376.0
17782,2813,134.0,6.0,73.0,6.0,815.0
17783,2813,31.0,6.0,20.0,6.0,723.0
17784,2813,133.0,7.0,50.0,6.0,300175.0
17785,2813,49.0,2.0,19.0,6.0,12668.0
17786,2813,56.0,7.0,26.0,6.0,714.0
17787,1290,158.0,7.0,57.0,8.0,11985.0
17788,1290,81.0,7.0,99.0,8.0,27254.0
17789,1290,154.0,2.0,99.0,8.0,6303.0
17790,1290,118.0,3.0,101.0,8.0,1104.0
17791,1290,36.0,0.0,0.0,8.0,8013.0
17792,1290,154.0,2.0,99.0,8.0,283.0
17793,1290,158.0,7.0,57.0,8.0,606059.0
17794,1290,154.0,2.0,99.0,8.0,5053.0
17795,1290,158.0,7.0,57.0,8.0,19024.0
17796,1290,23.0,2.0,17.0,8.0,15383.0
17797,856,116.0,0.0,0.0,8.0,2944.0
17798,856,56.0,7.0,26.0,8.0,326.0
17799,856,183.0,6.0,88.0,8.0,732074.0
17800,856,74.0,3.0,34.0,8.0,327.0
17801,856,160.0,0.0,0.0,8.0,204029.0
17802,856,45.0,0.0,0.0,8.0,1370.0
17803,856,183.0,6.0,88.0,8.0,6513.0
17804,856,60.0,7.0,28.0,8.0,842.0
17805,856,131.0,0.0,0.0,8.0,265.0
17806,856,175.0,0.0,0.0,8.0,23308.0
17807,911,118.0,3.0,101.0,6.0,52.0
17808,911,118.0,3.0,101.0,6.0,11262.0
17809,911,2.0,4.0,49.0,6.0,60000.0
17810,911,9.0,2.0,14.0,6.0,19.0
17811,911,187.0,0.0,0.0,6.0,79698.0
17812,911,16.0,2.0,20.0,6.0,135810.0
17813,911,74.0,3.0,34.0,6.0,3369.0
17814,911,39.0,7.0,12.0,6.0,59798.0
17815,911,9.0,2.0,14.0,6.0,856.0
17816,911,118.0,3.0,101.0,6.0,725.0
17848,2361,158.0,7.0,56.0,6.0,859.0
17849,2361,118.0,3.0,101.0,6.0,845.0
17850,2361,74.0,3.0,34.0,6.0,998.0
17851,2361,21.0,0.0,0.0,6.0,38.0
17852,2361,10.0,0.0,0.0,6.0,119.0
17853,2361,81.0,7.0,99.0,6.0,1692.0
17854,2361,154.0,2.0,99.0,6.0,8205.0
17855,2361,81.0,7.0,99.0,6.0,24076.0
17898,2952,118.0,3.0,101.0,6.0,605380.0
17899,2952,154.0,2.0,99.0,6.0,4266.0
17900,2952,74.0,3.0,34.0,6.0,1521.0
17901,2952,118.0,3.0,101.0,6.0,935.0
17902,2952,118.0,3.0,101.0,6.0,2780.0
17903,2952,154.0,2.0,99.0,6.0,6270.0
17904,2952,154.0,2.0,99.0,6.0,2227.0
17905,2952,154.0,2.0,99.0,6.0,2864.0
17906,2952,154.0,2.0,99.0,6.0,3932.0
17907,2952,165.0,3.0,78.0,6.0,407.0
17918,731,158.0,7.0,57.0,6.0,191.0
17919,731,154.0,2.0,99.0,6.0,2420.0
17920,731,81.0,7.0,99.0,6.0,2666.0
17921,731,23.0,2.0,17.0,6.0,676.0
17922,731,158.0,7.0,57.0,6.0,7840.0
17923,731,165.0,3.0,78.0,6.0,83.0
17924,731,154.0,2.0,99.0,6.0,7786.0
17925,731,154.0,2.0,99.0,6.0,32681.0
17926,731,81.0,7.0,99.0,6.0,1760.0
17927,731,158.0,7.0,57.0,6.0,24896.0
18033,879,165.0,3.0,78.0,8.0,170.0
18034,879,145.0,0.0,0.0,8.0,4860.0
18035,879,60.0,7.0,28.0,8.0,4126.0
18036,879,116.0,1.0,62.0,8.0,218450.0
18037,879,78.0,0.0,0.0,8.0,1547.0
18038,879,56.0,7.0,26.0,8.0,3288.0
18039,879,54.0,6.0,24.0,8.0,33847.0
18040,879,56.0,7.0,26.0,8.0,742.0
18041,879,60.0,7.0,28.0,8.0,4991.0
18042,879,61.0,7.0,68.0,8.0,1454.0
18053,2317,23.0,2.0,17.0,6.0,20.0
18054,2317,9.0,2.0,14.0,6.0,6320.0
18055,2317,49.0,2.0,19.0,6.0,83763.0
18056,2317,74.0,3.0,34.0,6.0,913.0
18057,2317,56.0,7.0,26.0,6.0,398.0
18058,2317,133.0,7.0,50.0,6.0,18205.0
18059,2317,31.0,6.0,20.0,6.0,317.0
18164,2428,118.0,3.0,101.0,6.0,824.0
18165,2428,81.0,7.0,99.0,6.0,21831.0
18166,2428,23.0,2.0,17.0,6.0,50.0
18167,2428,118.0,3.0,101.0,6.0,1514.0
18168,2428,158.0,7.0,57.0,6.0,289.0
18169,2428,147.0,7.0,60.0,6.0,2195.0
18170,2428,39.0,7.0,12.0,6.0,8895.0
18171,2428,158.0,7.0,57.0,6.0,46629.0
18172,2428,165.0,3.0,78.0,6.0,89.0
18173,2428,118.0,3.0,101.0,6.0,1225.0
18174,2589,183.0,6.0,85.0,8.0,6882.0
18175,2589,183.0,6.0,85.0,8.0,647895.0
18176,2589,156.0,6.0,23.0,8.0,731.0
18177,2589,94.0,7.0,47.0,8.0,4469.0
18178,2589,183.0,6.0,85.0,8.0,3288.0
18179,2589,94.0,7.0,47.0,8.0,815.0
18180,2589,183.0,6.0,85.0,8.0,6247.0
18181,2589,183.0,6.0,85.0,8.0,1536.0
18182,2589,158.0,7.0,57.0,8.0,19065.0
18183,2589,183.0,6.0,85.0,8.0,790.0
18184,859,74.0,3.0,34.0,8.0,3761.0
18185,859,78.0,0.0,0.0,8.0,752.0
18196,3232,158.0,7.0,92.0,8.0,141.0
18197,3232,183.0,6.0,88.0,8.0,14742.0
18198,3232,81.0,7.0,99.0,8.0,939.0
18199,3232,154.0,2.0,99.0,8.0,449.0
18200,3232,158.0,7.0,57.0,8.0,234.0
18201,3232,159.0,3.0,93.0,8.0,536.0
18202,3232,118.0,3.0,101.0,8.0,1105.0
18203,3232,151.0,0.0,0.0,8.0,10313.0
18204,3232,165.0,3.0,78.0,8.0,175.0
18205,3232,154.0,2.0,99.0,8.0,8022.0
18206,2430,49.0,2.0,19.0,8.0,29001.0
18207,2430,54.0,6.0,24.0,8.0,35029.0
18208,2430,159.0,3.0,93.0,8.0,2099.0
18209,2430,187.0,0.0,0.0,8.0,19466.0
18210,2430,158.0,7.0,92.0,8.0,6428.0
18211,2430,31.0,6.0,20.0,8.0,1206.0
18212,2430,21.0,0.0,0.0,8.0,8.0
18213,2430,10.0,0.0,0.0,8.0,9598.0
18214,2430,183.0,6.0,88.0,8.0,168298.0
18215,2430,119.0,0.0,0.0,8.0,543.0
18306,2827,158.0,7.0,92.0,6.0,2831.0
18307,2827,9.0,2.0,14.0,6.0,41.0
18308,2827,158.0,7.0,57.0,6.0,143.0
18309,2827,165.0,3.0,78.0,6.0,28.0
18310,2827,165.0,3.0,78.0,6.0,136.0
18311,2827,154.0,2.0,99.0,6.0,4324.0
18312,2827,158.0,7.0,57.0,6.0,973.0
18313,2827,36.0,0.0,0.0,6.0,2975.0
18314,2827,165.0,3.0,78.0,6.0,740.0
18315,2827,165.0,3.0,78.0,6.0,5877.0
18375,1693,143.0,7.0,67.0,6.0,1326.0
18376,1693,74.0,3.0,34.0,6.0,420.0
18377,1693,49.0,2.0,19.0,6.0,32929.0
18378,1693,183.0,6.0,85.0,6.0,18124.0
18379,1693,74.0,3.0,34.0,6.0,553.0
18380,1693,61.0,7.0,68.0,6.0,17187.0
18381,1693,60.0,7.0,28.0,6.0,1293.0
18382,1693,56.0,7.0,26.0,6.0,5593.0
18383,1693,143.0,7.0,67.0,6.0,3604.0
18384,1693,61.0,7.0,68.0,6.0,1550.0
18420,981,154.0,2.0,99.0,8.0,10874.0
18421,981,154.0,2.0,99.0,8.0,869.0
18422,981,154.0,2.0,99.0,8.0,1618.0
18423,981,81.0,7.0,99.0,8.0,653.0
18424,981,118.0,3.0,101.0,8.0,193.0
18425,981,165.0,3.0,78.0,8.0,3406.0
18426,981,56.0,7.0,26.0,8.0,427.0
18427,981,81.0,7.0,99.0,8.0,3515.0
18428,981,154.0,2.0,99.0,8.0,13643.0
18429,981,154.0,2.0,99.0,8.0,2446.0
18480,1084,158.0,7.0,57.0,10.0,12738.0
18481,1084,23.0,2.0,17.0,10.0,39.0
18482,1084,118.0,3.0,101.0,10.0,1407.0
18483,1084,158.0,7.0,57.0,10.0,28059.0
18484,1084,49.0,2.0,19.0,2.0,215635.0
18485,1084,23.0,2.0,17.0,10.0,67.0
18486,1084,116.0,1.0,62.0,8.0,23987.0
18487,1084,23.0,2.0,17.0,10.0,60154.0
18488,1084,39.0,7.0,12.0,8.0,95089.0
18489,1084,165.0,3.0,78.0,10.0,483.0
18534,1417,54.0,6.0,24.0,6.0,160805.0
18535,1417,161.0,7.0,76.0,6.0,487122.0
18536,1417,187.0,0.0,0.0,6.0,14691.0
18537,1417,74.0,3.0,34.0,6.0,3264.0
18538,2551,165.0,3.0,78.0,6.0,565.0
18539,2551,143.0,7.0,67.0,6.0,11760.0
18540,2551,64.0,0.0,0.0,11.0,27763.0
18541,2551,95.0,2.0,51.0,6.0,160771.0
18542,2551,32.0,1.0,10.0,6.0,14361.0
18543,2551,159.0,3.0,93.0,6.0,1338.0
18544,2551,118.0,3.0,101.0,6.0,541113.0
18545,2551,63.0,0.0,0.0,6.0,65955.0
18546,2551,165.0,3.0,78.0,6.0,8193.0
18547,2551,74.0,3.0,34.0,11.0,620.0
18558,2594,174.0,2.0,42.0,8.0,9313.0
18559,2594,64.0,0.0,0.0,8.0,929282.0
18560,2594,118.0,3.0,101.0,8.0,80.0
18561,2594,158.0,7.0,57.0,8.0,630.0
18562,2594,165.0,3.0,78.0,8.0,68.0
18563,2594,174.0,2.0,42.0,8.0,55642.0
18564,2594,16.0,2.0,20.0,8.0,9176.0
18565,2594,165.0,3.0,78.0,8.0,343.0
18566,2594,74.0,3.0,34.0,8.0,895.0
18567,2594,23.0,2.0,17.0,8.0,92.0
18588,1782,183.0,0.0,0.0,8.0,40759.0
18589,1782,105.0,0.0,0.0,8.0,3239.0
18590,1782,54.0,0.0,0.0,8.0,1454.0
18591,1782,158.0,7.0,57.0,8.0,1894.0
18592,1782,118.0,3.0,101.0,8.0,249.0
18593,1782,183.0,0.0,0.0,8.0,565.0
18594,1782,23.0,2.0,17.0,8.0,644.0
18595,1782,23.0,2.0,17.0,8.0,1614.0
18596,1782,183.0,0.0,0.0,8.0,14.0
18597,1782,54.0,0.0,0.0,8.0,18398.0
18650,2165,159.0,3.0,93.0,6.0,1033.0
18651,2165,81.0,7.0,99.0,6.0,1374.0
18652,2165,49.0,2.0,19.0,6.0,9071.0
18653,2165,81.0,7.0,99.0,6.0,2052.0
18654,2165,118.0,3.0,101.0,6.0,2029.0
18655,2165,131.0,0.0,0.0,6.0,1045.0
18656,2165,165.0,3.0,78.0,6.0,92.0
18657,2165,158.0,7.0,57.0,6.0,20197.0
18658,2165,118.0,3.0,101.0,6.0,1563.0
18659,2165,154.0,2.0,99.0,6.0,9964.0
18670,2040,74.0,3.0,34.0,6.0,580.0
18671,2040,154.0,2.0,99.0,6.0,727.0
18672,2040,118.0,3.0,101.0,6.0,5.0
18673,2040,74.0,3.0,34.0,6.0,15.0
18674,2040,56.0,7.0,26.0,6.0,423369.0
18675,2040,74.0,3.0,34.0,6.0,1067.0
18676,2040,74.0,3.0,34.0,6.0,1105.0
18677,2040,158.0,7.0,57.0,6.0,4665.0
18678,2040,23.0,2.0,17.0,6.0,805.0
18679,2040,74.0,3.0,34.0,6.0,875.0
18680,381,81.0,7.0,99.0,8.0,125184.0
18681,381,154.0,2.0,99.0,8.0,14601.0
18682,381,23.0,2.0,17.0,8.0,623.0
18683,381,23.0,2.0,17.0,8.0,692.0
18684,381,158.0,7.0,57.0,8.0,18398.0
18685,381,31.0,6.0,20.0,8.0,302.0
18686,381,154.0,2.0,99.0,8.0,12400.0
18687,381,165.0,3.0,78.0,8.0,97.0
18688,381,165.0,3.0,78.0,8.0,58.0
18689,381,154.0,2.0,99.0,8.0,22904.0
18720,2538,81.0,3.0,72.0,11.0,86.0
18721,2538,112.0,3.0,61.0,11.0,327.0
18722,2538,6.0,0.0,0.0,11.0,417.0
18723,2538,183.0,6.0,87.0,11.0,51933.0
18724,2538,6.0,0.0,0.0,11.0,1047.0
18725,2538,91.0,7.0,91.0,11.0,780.0
18726,2538,181.0,3.0,84.0,11.0,573.0
18727,2538,153.0,2.0,99.0,11.0,139371.0
18778,2936,31.0,6.0,20.0,6.0,1114.0
18779,2936,133.0,7.0,50.0,6.0,1185.0
18780,2936,49.0,2.0,19.0,6.0,28883.0
18781,2936,133.0,7.0,50.0,6.0,630274.0
18782,2936,56.0,7.0,26.0,6.0,798.0
18783,2936,74.0,3.0,34.0,6.0,1704.0
18794,656,74.0,3.0,34.0,10.0,4413.0
18795,656,81.0,7.0,99.0,10.0,749.0
18796,656,158.0,7.0,57.0,10.0,4352.0
18797,656,158.0,7.0,57.0,10.0,28213.0
18798,656,23.0,2.0,17.0,10.0,439.0
18799,656,23.0,2.0,17.0,10.0,484.0
18800,656,158.0,7.0,57.0,10.0,5399.0
18801,656,23.0,2.0,17.0,10.0,3.0
18802,656,118.0,3.0,101.0,10.0,2237.0
18803,656,118.0,3.0,101.0,10.0,1877.0
18835,1892,23.0,2.0,17.0,6.0,1863.0
18836,1892,118.0,3.0,101.0,6.0,1581.0
18837,1892,161.0,7.0,76.0,6.0,943.0
18838,1892,118.0,3.0,101.0,6.0,1262.0
18839,1892,165.0,3.0,78.0,6.0,25.0
18840,1892,154.0,2.0,99.0,6.0,4534.0
18841,1892,92.0,7.0,45.0,6.0,585.0
18842,1892,158.0,7.0,57.0,6.0,1655.0
18843,1892,158.0,7.0,57.0,6.0,1669781.0
18844,1892,154.0,2.0,99.0,6.0,119877.0
18855,2593,158.0,7.0,57.0,8.0,56968.0
18856,2593,165.0,3.0,78.0,8.0,357.0
18857,2593,158.0,7.0,57.0,8.0,356.0
18858,2593,81.0,7.0,99.0,8.0,1163.0
18859,2593,81.0,7.0,99.0,8.0,5507.0
18860,2593,158.0,7.0,92.0,8.0,1861.0
18861,2593,81.0,7.0,99.0,8.0,55570.0
18862,2593,118.0,3.0,101.0,8.0,999.0
18863,2593,23.0,2.0,17.0,8.0,451.0
18864,2593,154.0,2.0,99.0,8.0,1518.0
18925,2925,165.0,3.0,78.0,6.0,55.0
18926,2925,158.0,7.0,57.0,6.0,1169.0
18927,2925,183.0,6.0,85.0,6.0,53769.0
18928,2925,118.0,3.0,101.0,6.0,39107.0
18929,2925,118.0,3.0,101.0,6.0,33.0
18930,2925,118.0,3.0,101.0,6.0,741.0
18931,2925,165.0,3.0,78.0,6.0,53.0
18932,2925,118.0,3.0,101.0,6.0,825.0
18933,2925,165.0,3.0,78.0,6.0,930.0
18934,2925,23.0,2.0,17.0,6.0,943.0
19005,2601,154.0,2.0,99.0,8.0,7123.0
19006,2601,158.0,7.0,92.0,8.0,128.0
19007,2601,158.0,7.0,57.0,8.0,60414.0
19008,2601,16.0,2.0,20.0,8.0,2055.0
19009,2601,23.0,2.0,17.0,8.0,60.0
19010,2601,158.0,7.0,57.0,8.0,602.0
19011,2601,118.0,3.0,101.0,8.0,1195.0
19012,2601,23.0,2.0,17.0,8.0,869.0
19013,2601,133.0,7.0,50.0,8.0,8496.0
19014,2601,118.0,3.0,101.0,8.0,895.0
19015,675,81.0,7.0,99.0,6.0,29830.0
19016,675,23.0,2.0,17.0,6.0,10477.0
19017,675,74.0,3.0,34.0,6.0,556.0
19018,675,118.0,3.0,101.0,6.0,2.0
19019,675,118.0,3.0,101.0,6.0,2415.0
19020,675,156.0,6.0,23.0,6.0,1478.0
19021,675,165.0,3.0,78.0,6.0,336.0
19022,675,118.0,3.0,101.0,6.0,73.0
19023,675,66.0,0.0,0.0,0.0,40645.0
19024,675,158.0,7.0,57.0,6.0,46243.0
19039,1504,165.0,3.0,78.0,8.0,894.0
19040,1504,165.0,3.0,78.0,8.0,918.0
19041,1504,154.0,2.0,99.0,8.0,3751.0
19042,1504,36.0,0.0,0.0,8.0,132351.0
19043,1504,81.0,7.0,99.0,8.0,534.0
19044,1504,158.0,7.0,92.0,8.0,215409.0
19045,1504,118.0,3.0,101.0,8.0,1455.0
19046,1504,31.0,6.0,20.0,8.0,768.0
19047,1504,165.0,3.0,78.0,8.0,955.0
19048,1504,36.0,0.0,0.0,8.0,10509.0
19049,917,118.0,3.0,101.0,6.0,841.0
19050,917,154.0,2.0,99.0,6.0,13827.0
19051,917,165.0,3.0,78.0,6.0,214.0
19052,917,154.0,2.0,99.0,6.0,1056.0
19053,917,154.0,2.0,99.0,6.0,7519.0
19054,917,154.0,2.0,99.0,6.0,11934.0
19055,917,23.0,2.0,17.0,6.0,506.0
19056,917,154.0,2.0,99.0,6.0,2174.0
19057,917,81.0,7.0,99.0,6.0,11922.0
19058,917,183.0,6.0,85.0,6.0,76951.0
19072,1375,73.0,0.0,0.0,6.0,894.0
19073,1375,158.0,7.0,92.0,6.0,2476.0
19074,1375,158.0,7.0,92.0,6.0,7045.0
19075,1375,60.0,7.0,28.0,6.0,1700.0
19076,1375,158.0,7.0,92.0,6.0,231224.0
19077,1375,64.0,0.0,0.0,6.0,19925.0
19078,1375,158.0,7.0,56.0,6.0,458002.0
19079,1375,73.0,0.0,0.0,6.0,664.0
19080,1375,60.0,7.0,28.0,6.0,124.0
19081,1375,159.0,3.0,93.0,6.0,566.0
19092,2443,154.0,2.0,99.0,10.0,44579.0
19093,2443,118.0,3.0,101.0,10.0,2269.0
19094,2443,154.0,2.0,99.0,10.0,21672.0
19095,2443,154.0,2.0,99.0,10.0,38251.0
19096,2443,81.0,7.0,99.0,10.0,1272695.0
19097,2443,154.0,2.0,99.0,10.0,33190.0
19098,2443,154.0,2.0,99.0,10.0,66931.0
19099,2443,158.0,7.0,56.0,10.0,1518057.0
19100,2443,56.0,7.0,26.0,10.0,449.0
19101,2443,154.0,2.0,99.0,10.0,40853.0
19132,2327,91.0,0.0,0.0,6.0,239.0
19133,2327,158.0,7.0,57.0,6.0,7892.0
19134,2327,49.0,2.0,19.0,6.0,51336.0
19135,2327,6.0,0.0,0.0,0.0,2023.0
19136,2327,118.0,3.0,101.0,6.0,1609.0
19137,2327,23.0,2.0,17.0,6.0,11297.0
19138,2327,127.0,0.0,0.0,6.0,206742.0
19139,2327,158.0,7.0,57.0,6.0,8365.0
19140,2327,154.0,2.0,99.0,6.0,17722.0
19141,2327,118.0,3.0,101.0,6.0,2114.0
19142,2118,183.0,6.0,85.0,6.0,40072.0
19143,2118,183.0,6.0,85.0,6.0,3473.0
19144,2118,183.0,6.0,85.0,6.0,37583.0
19145,2118,94.0,7.0,47.0,6.0,1857.0
19146,2118,154.0,2.0,99.0,6.0,4002.0
19147,2118,183.0,6.0,85.0,6.0,3214.0
19148,2118,183.0,6.0,85.0,6.0,7800.0
19149,2118,118.0,3.0,101.0,6.0,860.0
19150,2118,81.0,7.0,39.0,6.0,112.0
19151,2118,183.0,6.0,85.0,6.0,71184.0
19162,649,183.0,6.0,85.0,6.0,5250.0
19163,649,126.0,0.0,0.0,6.0,51555.0
19164,649,88.0,0.0,0.0,6.0,45580.0
19165,649,158.0,7.0,92.0,6.0,17243.0
19166,649,147.0,7.0,60.0,6.0,882.0
19167,649,74.0,3.0,34.0,6.0,397.0
19168,649,118.0,3.0,101.0,6.0,19.0
19169,649,147.0,6.0,65.0,6.0,1084.0
19170,649,165.0,3.0,78.0,6.0,115.0
19171,649,159.0,3.0,93.0,6.0,772.0
19172,952,118.0,3.0,101.0,6.0,107.0
19173,952,56.0,7.0,26.0,6.0,495.0
19174,952,31.0,6.0,20.0,6.0,462.0
19175,952,78.0,0.0,0.0,6.0,2334.0
19176,952,165.0,3.0,78.0,6.0,876.0
19177,952,57.0,0.0,0.0,0.0,61.0
19178,952,105.0,0.0,0.0,6.0,6022.0
19179,952,158.0,7.0,57.0,6.0,6070.0
19180,952,81.0,7.0,99.0,6.0,7320.0
19181,952,158.0,7.0,57.0,6.0,547.0
19202,1705,158.0,7.0,57.0,10.0,936.0
19203,1705,118.0,3.0,101.0,10.0,7.0
19204,1705,158.0,7.0,57.0,10.0,9972.0
19205,1705,158.0,7.0,57.0,10.0,36319.0
19206,1705,23.0,2.0,17.0,10.0,588.0
19207,1705,118.0,3.0,101.0,10.0,1147.0
19208,1705,165.0,3.0,78.0,10.0,51.0
19209,1705,23.0,2.0,17.0,10.0,67.0
19210,1705,74.0,3.0,34.0,10.0,1211.0
19211,1705,158.0,7.0,57.0,10.0,335452.0
19222,3068,147.0,6.0,65.0,8.0,19699.0
19223,3068,33.0,6.0,43.0,8.0,791485.0
19224,3068,147.0,7.0,60.0,8.0,14342.0
19225,3068,147.0,7.0,60.0,8.0,2373.0
19226,3068,165.0,3.0,78.0,8.0,9349.0
19227,3068,147.0,6.0,65.0,8.0,2862.0
19228,3068,147.0,7.0,60.0,8.0,3255.0
19229,3068,154.0,2.0,99.0,8.0,36063.0
19230,3068,178.0,7.0,104.0,8.0,32036.0
19231,3068,147.0,6.0,65.0,8.0,7115.0
19262,2075,49.0,2.0,19.0,6.0,8320.0
19263,2075,74.0,3.0,34.0,6.0,467.0
19264,2075,142.0,0.0,0.0,6.0,27.0
19265,2075,31.0,6.0,20.0,6.0,336.0
19266,2075,56.0,7.0,26.0,6.0,848.0
19267,2075,56.0,7.0,26.0,6.0,906.0
19268,2075,60.0,7.0,28.0,6.0,11803.0
19269,2075,60.0,7.0,28.0,6.0,1067.0
19270,2075,54.0,6.0,24.0,6.0,19314.0
19288,673,183.0,6.0,85.0,6.0,11765.0
19289,673,74.0,3.0,34.0,6.0,387.0
19290,673,54.0,0.0,0.0,6.0,70173.0
19291,673,56.0,7.0,26.0,6.0,886.0
19292,673,49.0,2.0,19.0,6.0,341050.0
19293,673,56.0,7.0,26.0,6.0,608.0
19294,673,16.0,2.0,20.0,6.0,62036.0
19325,57,74.0,3.0,34.0,6.0,2262.0
19326,57,154.0,2.0,99.0,6.0,7726.0
19327,57,158.0,7.0,57.0,6.0,11917.0
19328,57,118.0,3.0,101.0,6.0,834.0
19329,57,165.0,3.0,78.0,6.0,176.0
19330,57,23.0,2.0,17.0,6.0,661.0
19331,57,23.0,2.0,17.0,6.0,100.0
19332,57,165.0,3.0,78.0,6.0,72.0
19333,57,154.0,2.0,99.0,6.0,4184.0
19334,57,118.0,3.0,101.0,6.0,339.0
19335,2953,9.0,2.0,14.0,8.0,29.0
19336,2953,165.0,3.0,78.0,8.0,607.0
19337,2953,154.0,2.0,99.0,8.0,4610.0
19338,2953,49.0,2.0,19.0,8.0,505218.0
19339,2953,118.0,3.0,101.0,8.0,781.0
19340,2953,118.0,3.0,101.0,8.0,829.0
19341,2953,154.0,2.0,99.0,8.0,8385.0
19342,2953,154.0,2.0,99.0,8.0,2528.0
19343,2953,9.0,2.0,14.0,8.0,42.0
19344,2953,23.0,2.0,17.0,8.0,579.0
19385,632,187.0,0.0,0.0,8.0,27193.0
19386,632,67.0,0.0,0.0,0.0,117.0
19387,632,74.0,3.0,34.0,8.0,3840.0
19388,632,158.0,0.0,0.0,0.0,1101.0
19389,632,49.0,2.0,19.0,8.0,303583.0
19390,632,70.0,0.0,0.0,8.0,37982.0
19391,632,6.0,0.0,0.0,0.0,18939.0
19392,632,54.0,6.0,24.0,8.0,1231715.0
19393,632,56.0,7.0,26.0,8.0,448.0
19394,632,116.0,1.0,62.0,8.0,1000.0
19415,256,165.0,3.0,78.0,8.0,57.0
19416,256,80.0,7.0,58.0,8.0,4365.0
19417,256,56.0,7.0,26.0,8.0,977492.0
19418,256,80.0,7.0,58.0,8.0,0.0
19419,256,158.0,7.0,57.0,8.0,3030.0
19420,256,56.0,7.0,26.0,8.0,3086.0
19421,256,159.0,3.0,93.0,8.0,0.0
19422,256,118.0,3.0,101.0,8.0,5141.0
19423,256,29.0,0.0,0.0,8.0,0.0
19424,256,30.0,6.0,7.0,8.0,228.0
19425,2243,158.0,7.0,57.0,6.0,77234.0
19426,2243,154.0,2.0,99.0,6.0,93418.0
19427,2243,158.0,7.0,57.0,6.0,262460.0
19428,2243,23.0,2.0,17.0,6.0,887.0
19429,2243,134.0,6.0,73.0,6.0,1264.0
19430,2243,118.0,3.0,101.0,6.0,2108.0
19431,2243,159.0,3.0,93.0,6.0,3657.0
19432,2243,158.0,7.0,57.0,6.0,276822.0
19433,2243,81.0,7.0,99.0,6.0,20066.0
19434,2243,118.0,3.0,101.0,6.0,1646.0
19465,1722,107.0,0.0,0.0,8.0,171.0
19466,1722,154.0,2.0,99.0,8.0,248.0
19467,1722,154.0,2.0,99.0,8.0,1029.0
19468,1722,165.0,3.0,78.0,8.0,53.0
19469,1722,118.0,3.0,101.0,8.0,616.0
19470,1722,158.0,7.0,57.0,8.0,342.0
19471,1722,165.0,3.0,78.0,8.0,35.0
19472,1722,154.0,2.0,99.0,8.0,1110.0
19473,1722,183.0,6.0,85.0,8.0,17390.0
19474,1722,118.0,3.0,101.0,8.0,554.0
19515,2784,154.0,2.0,99.0,8.0,17768.0
19516,2784,105.0,0.0,0.0,8.0,16618.0
19517,2784,118.0,3.0,101.0,8.0,2640.0
19518,2784,154.0,2.0,99.0,8.0,9102.0
19519,2784,118.0,3.0,101.0,8.0,283.0
19520,2784,154.0,2.0,99.0,8.0,6505.0
19521,2784,81.0,7.0,99.0,8.0,1901.0
19522,2784,81.0,7.0,99.0,8.0,84884.0
19523,2784,74.0,3.0,34.0,8.0,1092.0
19524,2784,54.0,0.0,0.0,8.0,5370.0
19545,2826,74.0,3.0,34.0,6.0,3129.0
19546,2826,39.0,7.0,12.0,6.0,597.0
19547,2826,39.0,7.0,12.0,6.0,174780.0
19548,1172,158.0,7.0,57.0,8.0,35408.0
19549,1172,81.0,7.0,99.0,8.0,32070.0
19550,1172,154.0,2.0,99.0,8.0,53587.0
19551,1172,154.0,2.0,99.0,8.0,298.0
19552,1172,158.0,7.0,57.0,8.0,1903.0
19553,1172,23.0,2.0,17.0,8.0,555.0
19554,1172,107.0,0.0,0.0,8.0,155.0
19555,1172,36.0,0.0,0.0,8.0,166236.0
19556,1172,158.0,7.0,57.0,8.0,5023.0
19557,1172,77.0,0.0,0.0,8.0,48102.0
19598,395,133.0,7.0,50.0,6.0,828666.0
19599,395,74.0,3.0,34.0,6.0,9598.0
19600,395,20.0,2.0,6.0,6.0,8110.0
19601,395,20.0,2.0,6.0,6.0,14901.0
19602,395,49.0,2.0,19.0,6.0,750.0
19603,395,159.0,3.0,93.0,6.0,1818.0
19604,395,54.0,6.0,24.0,6.0,636850.0
19605,395,39.0,7.0,12.0,6.0,105546.0
19606,395,187.0,0.0,0.0,6.0,18545.0
19607,395,78.0,0.0,0.0,6.0,2163.0
19656,604,81.0,7.0,99.0,6.0,94085.0
19657,604,154.0,2.0,99.0,6.0,3522.0
19658,604,154.0,2.0,99.0,6.0,2675.0
19659,604,6.0,0.0,0.0,0.0,5515.0
19660,604,60.0,7.0,28.0,6.0,59399.0
19661,604,183.0,6.0,88.0,6.0,6764.0
19662,604,154.0,2.0,99.0,6.0,2243.0
19663,604,81.0,0.0,0.0,6.0,1064.0
19664,604,154.0,2.0,99.0,6.0,51226.0
19665,604,154.0,2.0,99.0,6.0,1086.0
19716,1511,60.0,7.0,28.0,8.0,74.0
19717,1511,78.0,0.0,0.0,8.0,682.0
19718,1511,146.0,2.0,70.0,8.0,14894.0
19719,1511,78.0,0.0,0.0,8.0,1908.0
19720,1511,126.0,0.0,0.0,8.0,45019.0
19721,1511,187.0,0.0,0.0,8.0,57532.0
19722,1511,54.0,6.0,24.0,8.0,285954.0
19723,1511,74.0,3.0,34.0,8.0,3787.0
19724,1511,61.0,7.0,68.0,8.0,770.0
19725,1511,88.0,0.0,0.0,8.0,34169.0
19726,1168,96.0,2.0,52.0,8.0,106878.0
19727,1168,7.0,0.0,0.0,8.0,179.0
19728,1168,80.0,7.0,58.0,8.0,2168.0
19729,1168,116.0,1.0,62.0,8.0,12169.0
19730,1168,147.0,7.0,60.0,8.0,10241.0
19731,1168,56.0,7.0,26.0,8.0,810.0
19732,1168,56.0,7.0,26.0,8.0,904.0
19733,1168,74.0,3.0,34.0,8.0,10.0
19734,1168,147.0,7.0,60.0,8.0,681.0
19735,1168,147.0,7.0,60.0,8.0,1858.0
19756,3250,83.0,7.0,32.0,8.0,1314.0
19757,3250,6.0,0.0,0.0,2.0,287.0
19758,3250,133.0,7.0,50.0,8.0,747.0
19759,3250,134.0,6.0,73.0,8.0,947.0
19760,3250,60.0,7.0,28.0,8.0,2121.0
19761,3250,81.0,7.0,50.0,8.0,14921.0
19762,3250,81.0,0.0,0.0,2.0,1712.0
19763,3250,60.0,7.0,28.0,8.0,884.0
19764,3250,44.0,7.0,97.0,2.0,6772.0
19765,3250,23.0,2.0,17.0,8.0,443.0
19766,2658,118.0,3.0,101.0,6.0,2513.0
19767,2658,105.0,0.0,0.0,6.0,6134.0
19768,2658,23.0,2.0,17.0,6.0,966.0
19769,2658,154.0,2.0,99.0,6.0,223079.0
19770,2658,154.0,2.0,99.0,6.0,102593.0
19771,2658,31.0,6.0,20.0,6.0,1095.0
19772,2658,16.0,2.0,20.0,6.0,75401.0
19773,2658,81.0,7.0,99.0,6.0,6082.0
19774,2658,183.0,6.0,85.0,6.0,13112.0
19775,2658,23.0,2.0,17.0,6.0,2888.0
19776,2024,49.0,2.0,19.0,6.0,165933.0
19777,2024,74.0,3.0,34.0,6.0,471.0
19778,2024,159.0,3.0,93.0,6.0,777.0
19779,2024,33.0,6.0,43.0,6.0,5164.0
19780,2024,56.0,7.0,26.0,6.0,361.0
19781,2024,24.0,2.0,79.0,6.0,39321.0
19782,2024,133.0,7.0,50.0,6.0,11736.0
19783,2024,158.0,7.0,92.0,6.0,99382.0
19784,2024,133.0,7.0,50.0,6.0,6473.0
19785,2024,93.0,7.0,44.0,6.0,7346.0
19786,118,154.0,2.0,99.0,8.0,33170.0
19787,118,118.0,3.0,101.0,8.0,5293.0
19788,118,81.0,7.0,99.0,8.0,612.0
19789,118,158.0,7.0,57.0,8.0,15753.0
19790,118,118.0,3.0,101.0,8.0,647.0
19791,118,23.0,2.0,17.0,8.0,931.0
19792,118,81.0,7.0,99.0,8.0,514.0
19793,118,81.0,7.0,99.0,8.0,661.0
19794,118,81.0,7.0,99.0,8.0,543.0
19795,118,165.0,3.0,78.0,8.0,103.0
19796,2029,157.0,0.0,0.0,11.0,47.0
19797,2029,181.0,3.0,84.0,11.0,41579.0
19798,2029,157.0,0.0,0.0,11.0,86.0
19799,2029,183.0,6.0,85.0,11.0,5900.0
19800,2029,103.0,6.0,53.0,11.0,1002.0
19801,2029,150.0,3.0,41.0,11.0,1588.0
19802,2029,166.0,3.0,95.0,11.0,214.0
19803,2029,158.0,7.0,57.0,11.0,71.0
19804,2029,157.0,0.0,0.0,11.0,454.0
19805,2029,6.0,0.0,0.0,11.0,132297.0
19806,3117,23.0,2.0,17.0,8.0,42.0
19807,3117,133.0,7.0,50.0,8.0,813.0
19808,3117,158.0,7.0,92.0,8.0,3655.0
19809,3117,133.0,7.0,50.0,8.0,558.0
19810,3117,81.0,7.0,50.0,8.0,2807.0
19811,3117,81.0,7.0,50.0,8.0,308117.0
19812,3117,81.0,7.0,99.0,8.0,2221.0
19813,3117,10.0,0.0,0.0,8.0,3.0
19814,3117,133.0,7.0,50.0,8.0,901.0
19815,3117,81.0,7.0,50.0,8.0,90191.0
19856,213,118.0,3.0,101.0,4.0,7636.0
19857,213,178.0,7.0,104.0,4.0,3473.0
19858,213,56.0,7.0,26.0,4.0,916.0
19859,213,165.0,3.0,78.0,4.0,221.0
19860,213,178.0,7.0,104.0,4.0,4361.0
19861,213,178.0,7.0,104.0,4.0,16437.0
19862,213,81.0,7.0,99.0,4.0,4525.0
19863,213,54.0,6.0,24.0,4.0,37536.0
19864,213,74.0,3.0,34.0,4.0,3124.0
19865,213,49.0,2.0,19.0,4.0,395593.0
19876,1077,46.0,0.0,0.0,8.0,4728.0
19877,1077,86.0,0.0,0.0,8.0,9377.0
19878,1077,154.0,2.0,99.0,8.0,2146.0
19879,1077,118.0,3.0,101.0,8.0,7383.0
19880,1077,19.0,0.0,0.0,8.0,56208.0
19881,1077,81.0,7.0,99.0,8.0,35951.0
19882,1077,15.0,0.0,0.0,8.0,102732.0
19883,1077,85.0,0.0,0.0,8.0,593553.0
19884,1077,165.0,3.0,78.0,8.0,144.0
19885,1077,19.0,0.0,0.0,8.0,1.0
19916,513,73.0,0.0,0.0,6.0,784.0
19917,513,165.0,3.0,78.0,6.0,2216.0
19918,513,31.0,6.0,20.0,6.0,321.0
19919,513,154.0,2.0,99.0,6.0,7048.0
19920,513,60.0,7.0,28.0,6.0,9809.0
19921,513,154.0,2.0,99.0,6.0,30578.0
19922,513,60.0,7.0,28.0,6.0,1372.0
19923,513,60.0,7.0,28.0,6.0,1529.0
19924,513,165.0,3.0,78.0,6.0,10.0
19925,513,158.0,7.0,57.0,6.0,6942.0
19926,2946,158.0,7.0,92.0,11.0,37.0
19927,2946,150.0,3.0,41.0,11.0,15.0
19928,2946,112.0,3.0,61.0,11.0,597.0
19929,2946,158.0,7.0,92.0,11.0,152.0
19930,2946,158.0,7.0,92.0,11.0,136.0
19931,2946,153.0,2.0,99.0,11.0,55017.0
19932,2946,54.0,0.0,0.0,11.0,322.0
19933,2946,158.0,7.0,92.0,11.0,1004.0
19934,2946,166.0,3.0,95.0,11.0,40327.0
19935,2946,54.0,0.0,0.0,11.0,753.0
19956,564,165.0,3.0,78.0,8.0,927.0
19957,564,154.0,2.0,99.0,8.0,2329.0
19958,564,81.0,7.0,99.0,8.0,2532.0
19959,564,154.0,2.0,99.0,8.0,2885.0
19960,564,74.0,3.0,34.0,8.0,262.0
19961,564,23.0,2.0,17.0,8.0,136.0
19962,564,81.0,7.0,99.0,8.0,18407.0
19963,564,118.0,3.0,101.0,8.0,907.0
19964,564,54.0,6.0,24.0,8.0,478466.0
19965,564,158.0,7.0,56.0,8.0,15108.0
19996,847,74.0,3.0,34.0,6.0,5347.0
19997,847,81.0,7.0,99.0,6.0,5508.0
19998,847,118.0,3.0,101.0,6.0,938.0
19999,847,81.0,7.0,99.0,6.0,11114.0
20000,847,23.0,2.0,17.0,6.0,8.0
20001,847,147.0,7.0,60.0,6.0,1691.0
20002,847,39.0,7.0,12.0,6.0,3590.0
20003,847,147.0,7.0,60.0,6.0,567.0
20004,847,107.0,0.0,0.0,6.0,76.0
20005,847,23.0,2.0,17.0,6.0,62.0
20016,1462,166.0,3.0,95.0,11.0,0.0
20017,1462,153.0,2.0,99.0,11.0,20022.0
20018,1462,150.0,3.0,41.0,11.0,48866.0
20019,1462,150.0,3.0,41.0,11.0,33592.0
20020,1462,158.0,7.0,92.0,11.0,43.0
20021,1462,166.0,3.0,95.0,11.0,85.0
20022,1462,150.0,3.0,41.0,11.0,13094.0
20023,1462,158.0,0.0,0.0,11.0,276.0
20024,1462,153.0,2.0,99.0,11.0,21074.0
20025,1462,158.0,0.0,0.0,11.0,3357.0
20036,3004,103.0,3.0,53.0,11.0,6195.0
20037,3004,154.0,2.0,99.0,8.0,1140.0
20038,3004,81.0,7.0,99.0,8.0,27204.0
20039,3004,56.0,7.0,26.0,11.0,378.0
20040,3004,6.0,0.0,0.0,11.0,123322.0
20041,3004,91.0,7.0,91.0,11.0,322.0
20042,3004,158.0,7.0,92.0,11.0,32929.0
20043,3004,91.0,7.0,91.0,11.0,261.0
20044,3004,34.0,0.0,0.0,11.0,1.0
20045,3004,81.0,3.0,72.0,11.0,27192.0
20046,1248,183.0,6.0,86.0,6.0,37140.0
20047,1248,60.0,7.0,28.0,6.0,5759.0
20048,1248,94.0,7.0,47.0,6.0,9266.0
20049,1248,183.0,6.0,86.0,6.0,17184.0
20050,1248,81.0,7.0,102.0,6.0,7247.0
20051,1248,158.0,7.0,57.0,6.0,567.0
20052,1248,60.0,7.0,28.0,6.0,3119.0
20053,1248,183.0,6.0,86.0,6.0,20600.0
20054,1248,183.0,6.0,86.0,6.0,35398.0
20055,1248,183.0,6.0,86.0,6.0,33155.0
20056,1914,165.0,3.0,78.0,8.0,42.0
20057,1914,158.0,7.0,57.0,8.0,2803.0
20058,1914,9.0,2.0,14.0,8.0,38.0
20059,1914,158.0,7.0,57.0,8.0,57740.0
20060,1914,118.0,3.0,101.0,8.0,1395.0
20061,1914,118.0,3.0,101.0,8.0,1750.0
20062,1914,23.0,2.0,17.0,8.0,26.0
20063,1914,23.0,2.0,17.0,8.0,666.0
20064,1914,81.0,7.0,99.0,8.0,85770.0
20065,1914,81.0,7.0,99.0,8.0,1449.0
20087,1758,147.0,7.0,60.0,6.0,259.0
20088,1758,147.0,6.0,65.0,6.0,28321.0
20089,1758,54.0,6.0,24.0,6.0,271963.0
20090,1758,118.0,3.0,101.0,6.0,21501.0
20091,1758,178.0,7.0,104.0,6.0,774.0
20092,1758,178.0,7.0,104.0,6.0,3233.0
20093,1758,116.0,1.0,62.0,6.0,0.0
20094,1758,147.0,7.0,60.0,6.0,1887.0
20095,1758,165.0,3.0,78.0,6.0,1646.0
20096,1758,147.0,7.0,60.0,6.0,2572.0
20167,2789,154.0,2.0,99.0,6.0,1058.0
20168,2789,118.0,3.0,101.0,6.0,1376.0
20169,2789,118.0,3.0,101.0,6.0,959.0
20170,2789,158.0,7.0,57.0,6.0,54289.0
20171,2789,154.0,2.0,99.0,6.0,1683.0
20172,2789,154.0,2.0,99.0,6.0,2230.0
20173,2789,23.0,2.0,17.0,6.0,11.0
20174,2789,81.0,7.0,99.0,6.0,287.0
20175,2789,158.0,7.0,57.0,6.0,41986.0
20176,2789,118.0,3.0,101.0,6.0,1291.0
20247,473,19.0,0.0,0.0,10.0,538.0
20248,473,161.0,7.0,76.0,10.0,13736.0
20249,473,15.0,0.0,0.0,10.0,17288.0
20250,473,19.0,0.0,0.0,10.0,4842.0
20251,473,49.0,2.0,19.0,10.0,26156.0
20252,473,37.0,5.0,55.0,10.0,8963.0
20253,473,40.0,2.0,13.0,10.0,613.0
20254,473,85.0,0.0,0.0,10.0,136090.0
20255,473,39.0,7.0,12.0,10.0,5346.0
20256,473,78.0,0.0,0.0,10.0,1366.0
20387,2701,56.0,7.0,26.0,6.0,16695.0
20388,2701,60.0,7.0,28.0,6.0,2214.0
20389,2701,154.0,2.0,99.0,6.0,2015.0
20390,2701,74.0,3.0,34.0,6.0,2681.0
20391,2701,183.0,6.0,85.0,6.0,43066.0
20392,2701,54.0,0.0,0.0,6.0,63209.0
20393,2701,158.0,7.0,56.0,6.0,35606.0
20394,2701,60.0,7.0,28.0,6.0,135.0
20395,2701,54.0,6.0,24.0,6.0,107122.0
20396,2701,165.0,3.0,78.0,6.0,990.0
20447,920,49.0,2.0,19.0,6.0,93729.0
20448,920,154.0,2.0,99.0,6.0,2534.0
20449,920,56.0,7.0,26.0,6.0,1034.0
20450,920,154.0,2.0,99.0,6.0,3632.0
20451,920,154.0,2.0,99.0,6.0,2064.0
20452,920,154.0,2.0,99.0,6.0,4155.0
20453,920,74.0,3.0,34.0,6.0,519.0
20454,920,154.0,2.0,99.0,6.0,12287.0
20455,920,56.0,7.0,26.0,6.0,718.0
20526,569,56.0,7.0,26.0,6.0,720.0
20527,569,87.0,0.0,0.0,6.0,19726.0
20528,569,133.0,7.0,50.0,6.0,379.0
20529,569,78.0,0.0,0.0,6.0,8990.0
20530,569,33.0,6.0,43.0,6.0,31224.0
20531,569,56.0,7.0,26.0,6.0,434.0
20532,569,60.0,7.0,28.0,6.0,1900.0
20533,569,183.0,6.0,88.0,6.0,431449.0
20534,569,50.0,6.0,54.0,6.0,13823.0
20535,569,56.0,7.0,26.0,6.0,1255.0
20566,3209,165.0,3.0,78.0,8.0,550.0
20567,3209,165.0,3.0,78.0,8.0,51.0
20568,3209,56.0,7.0,26.0,8.0,407.0
20569,3209,118.0,3.0,101.0,8.0,11507.0
20570,3209,31.0,6.0,20.0,8.0,413.0
20571,3209,118.0,3.0,101.0,8.0,179286.0
20572,3209,9.0,2.0,14.0,8.0,41.0
20573,3209,49.0,2.0,19.0,8.0,356768.0
20574,3209,154.0,2.0,99.0,8.0,6884.0
20575,3209,31.0,6.0,20.0,8.0,941.0
20586,2041,33.0,6.0,43.0,8.0,76655.0
20587,2041,61.0,7.0,68.0,8.0,1445.0
20588,2041,118.0,3.0,101.0,8.0,1762.0
20589,2041,61.0,7.0,68.0,8.0,361.0
20590,2041,19.0,0.0,0.0,8.0,127.0
20591,2041,19.0,0.0,0.0,8.0,78.0
20592,2041,74.0,3.0,34.0,8.0,331.0
20593,2041,23.0,2.0,17.0,8.0,3639.0
20594,2041,118.0,3.0,101.0,8.0,1207.0
20595,2041,74.0,3.0,34.0,8.0,1455.0
20596,3172,159.0,3.0,93.0,6.0,1315.0
20597,3172,47.0,0.0,0.0,6.0,5940.0
20598,3172,49.0,2.0,19.0,2.0,2204.0
20599,3172,146.0,2.0,70.0,6.0,778.0
20600,3172,65.0,0.0,0.0,0.0,3471.0
20601,3172,158.0,7.0,92.0,6.0,18574.0
20602,3172,187.0,0.0,0.0,6.0,4607.0
20603,3172,67.0,0.0,0.0,0.0,90.0
20604,3172,143.0,7.0,67.0,6.0,2370.0
20605,3172,88.0,0.0,0.0,6.0,19709.0
20673,2174,56.0,7.0,26.0,6.0,430.0
20674,2174,140.0,0.0,0.0,6.0,371963.0
20675,2174,158.0,7.0,92.0,6.0,494.0
20676,2174,131.0,0.0,0.0,6.0,316.0
20677,2174,158.0,7.0,92.0,6.0,12852.0
20678,2174,60.0,7.0,28.0,6.0,13685.0
20679,2174,74.0,3.0,34.0,6.0,1005.0
20680,2174,81.0,0.0,0.0,6.0,26.0
20681,2174,60.0,7.0,28.0,6.0,175.0
20682,2174,159.0,3.0,93.0,6.0,31.0
20691,2207,118.0,3.0,101.0,6.0,99.0
20692,2207,9.0,2.0,14.0,6.0,773.0
20693,2207,118.0,3.0,101.0,6.0,11062.0
20694,2207,81.0,7.0,99.0,6.0,14367.0
20695,2207,118.0,3.0,101.0,6.0,85.0
20696,2207,165.0,3.0,78.0,6.0,467.0
20697,2207,16.0,2.0,20.0,6.0,27146.0
20698,2207,118.0,3.0,101.0,6.0,709.0
20699,2207,118.0,3.0,101.0,6.0,1116.0
20700,2207,154.0,2.0,99.0,6.0,15815.0
20788,91,33.0,6.0,43.0,8.0,74010.0
20789,91,74.0,3.0,34.0,8.0,2191.0
20790,91,147.0,6.0,65.0,8.0,14514.0
20791,91,147.0,7.0,60.0,8.0,836.0
20792,91,56.0,7.0,26.0,8.0,1052.0
20793,91,147.0,7.0,60.0,8.0,915.0
20794,91,147.0,7.0,60.0,8.0,1302.0
20795,91,56.0,7.0,26.0,8.0,516.0
20796,91,147.0,7.0,60.0,8.0,289.0
20797,91,49.0,2.0,19.0,8.0,63466.0
20809,2106,103.0,6.0,53.0,11.0,655.0
20810,2106,81.0,3.0,72.0,11.0,7878.0
20811,2106,153.0,2.0,99.0,11.0,8315.0
20812,2106,166.0,3.0,95.0,11.0,42.0
20813,2106,158.0,7.0,57.0,11.0,239.0
20814,2106,158.0,7.0,92.0,11.0,7129.0
20815,2106,166.0,3.0,95.0,11.0,1013.0
20816,2106,158.0,7.0,92.0,11.0,65672.0
20817,2106,166.0,3.0,95.0,11.0,8751.0
20818,2106,153.0,2.0,99.0,11.0,61132.0
20838,1519,74.0,3.0,34.0,2.0,2536.0
20839,1519,56.0,7.0,26.0,2.0,1845.0
20840,1519,56.0,7.0,26.0,2.0,1003.0
20841,1519,49.0,2.0,19.0,2.0,711482.0
20842,1519,74.0,3.0,34.0,10.0,1135.0
20853,2007,49.0,2.0,19.0,6.0,1776106.0
20854,2007,74.0,3.0,34.0,6.0,2723.0
20855,2007,31.0,6.0,20.0,6.0,472.0
20856,2007,56.0,7.0,26.0,6.0,966.0
20897,3176,39.0,7.0,12.0,6.0,1316.0
20898,3176,118.0,3.0,101.0,6.0,46.0
20899,3176,118.0,3.0,101.0,6.0,83.0
20900,3176,158.0,7.0,57.0,6.0,30384.0
20901,3176,118.0,3.0,101.0,6.0,5873.0
20902,3176,158.0,7.0,57.0,6.0,518.0
20903,3176,81.0,7.0,99.0,6.0,30445.0
20904,3176,74.0,3.0,34.0,6.0,4270.0
20905,3176,154.0,2.0,99.0,6.0,3219.0
20906,3176,118.0,3.0,101.0,6.0,3385.0
20907,2960,181.0,3.0,84.0,0.0,1483.0
20908,2960,19.0,0.0,0.0,2.0,802.0
20909,2960,49.0,2.0,19.0,2.0,20237.0
20910,2960,47.0,0.0,0.0,2.0,12632.0
20911,2960,153.0,2.0,99.0,0.0,8472.0
20912,2960,158.0,7.0,57.0,0.0,235.0
20913,2960,158.0,0.0,0.0,0.0,255921.0
20914,2960,32.0,1.0,10.0,2.0,83465.0
20915,2960,86.0,0.0,0.0,2.0,4398.0
20916,2960,54.0,0.0,0.0,0.0,5302.0
20917,2180,33.0,6.0,43.0,6.0,16694.0
20928,229,165.0,3.0,78.0,6.0,39.0
20929,229,118.0,3.0,101.0,6.0,944.0
20930,229,81.0,7.0,99.0,6.0,3027.0
20931,229,23.0,2.0,17.0,6.0,916.0
20932,229,118.0,3.0,101.0,6.0,13241.0
20933,229,165.0,3.0,78.0,6.0,5.0
20934,229,23.0,2.0,17.0,6.0,538.0
20935,229,81.0,7.0,99.0,6.0,33359.0
20936,229,118.0,3.0,101.0,6.0,1084.0
20937,229,165.0,3.0,78.0,6.0,79.0
20958,1745,118.0,3.0,101.0,8.0,1929.0
20959,1745,154.0,2.0,99.0,8.0,45835.0
20960,1745,154.0,2.0,99.0,8.0,174452.0
20961,1745,154.0,2.0,99.0,8.0,17568.0
20962,1745,74.0,3.0,34.0,8.0,854.0
20963,1745,54.0,0.0,0.0,8.0,15514.0
20964,1745,56.0,7.0,26.0,8.0,651.0
20965,1745,118.0,3.0,101.0,8.0,60.0
20966,1745,49.0,2.0,19.0,8.0,482364.0
20967,1745,183.0,6.0,85.0,8.0,3360.0
21017,2606,158.0,7.0,92.0,11.0,85.0
21018,2606,158.0,7.0,92.0,11.0,17345.0
21019,2606,158.0,7.0,92.0,11.0,54.0
21020,2606,158.0,7.0,57.0,11.0,341.0
21021,2606,158.0,7.0,92.0,11.0,460.0
21022,2606,181.0,3.0,84.0,11.0,460.0
21023,2606,166.0,3.0,95.0,11.0,42792.0
21024,2606,158.0,7.0,92.0,11.0,234.0
21025,2606,158.0,7.0,92.0,11.0,5.0
21026,2606,166.0,3.0,95.0,11.0,4345.0
21037,3157,116.0,1.0,62.0,10.0,9494.0
21038,3157,74.0,3.0,34.0,10.0,8446.0
21039,3157,187.0,0.0,0.0,10.0,20909.0
21040,3157,147.0,7.0,60.0,10.0,1520.0
21041,3157,54.0,6.0,24.0,10.0,170794.0
21052,1793,165.0,3.0,78.0,10.0,37.0
21053,1793,165.0,3.0,78.0,10.0,1917.0
21054,1793,31.0,6.0,20.0,10.0,920.0
21055,1793,23.0,2.0,17.0,10.0,39.0
21056,1793,158.0,7.0,57.0,10.0,2543.0
21057,1793,158.0,7.0,57.0,10.0,1522.0
21058,1793,74.0,3.0,34.0,10.0,476.0
21059,1793,23.0,2.0,17.0,10.0,44850.0
21060,1793,118.0,3.0,101.0,10.0,79.0
21061,1793,9.0,2.0,14.0,10.0,43.0
21138,775,133.0,7.0,50.0,8.0,21541.0
21139,775,133.0,7.0,50.0,8.0,4482.0
21140,775,142.0,0.0,0.0,8.0,17.0
21141,775,56.0,7.0,26.0,8.0,710.0
21142,775,49.0,2.0,19.0,8.0,76770.0
21143,775,31.0,6.0,20.0,8.0,826.0
21144,775,165.0,3.0,78.0,8.0,8644.0
21145,775,9.0,2.0,14.0,8.0,17.0
21146,775,56.0,7.0,26.0,8.0,52492.0
21147,775,56.0,7.0,26.0,8.0,1064.0
21148,2659,158.0,0.0,0.0,0.0,540.0
21149,2659,6.0,0.0,0.0,0.0,665047.0
21150,757,23.0,2.0,17.0,6.0,468.0
21151,757,23.0,2.0,17.0,6.0,646.0
21152,757,23.0,2.0,17.0,6.0,545.0
21153,757,23.0,2.0,17.0,6.0,690.0
21154,757,23.0,2.0,17.0,6.0,670.0
21155,757,118.0,3.0,101.0,6.0,1008.0
21156,757,118.0,3.0,101.0,6.0,900.0
21157,757,23.0,2.0,17.0,6.0,508.0
21158,757,158.0,7.0,56.0,6.0,61580.0
21159,757,23.0,2.0,17.0,6.0,74.0
21215,1771,118.0,3.0,101.0,6.0,1907.0
21216,1771,118.0,3.0,101.0,6.0,919.0
21217,1771,23.0,2.0,17.0,6.0,14035.0
21218,1771,23.0,2.0,17.0,6.0,137.0
21219,1771,154.0,2.0,99.0,6.0,3867.0
21220,1771,158.0,7.0,57.0,6.0,136.0
21221,1771,81.0,7.0,97.0,6.0,752.0
21222,1771,165.0,3.0,78.0,6.0,1545.0
21223,1771,154.0,2.0,99.0,6.0,44433.0
21224,1771,154.0,2.0,99.0,6.0,10111.0
21235,2957,54.0,6.0,24.0,8.0,463151.0
21236,2957,19.0,0.0,0.0,8.0,408.0
21237,2957,88.0,0.0,0.0,8.0,39087.0
21238,2957,88.0,0.0,0.0,8.0,19407.0
21239,2957,65.0,0.0,0.0,0.0,1192.0
21240,2957,78.0,0.0,0.0,8.0,1413.0
21241,2957,33.0,6.0,43.0,8.0,45526.0
21242,2957,136.0,0.0,0.0,0.0,46304.0
21243,2957,15.0,0.0,0.0,8.0,889060.0
21244,2957,67.0,0.0,0.0,0.0,137.0
21255,275,153.0,2.0,99.0,11.0,584.0
21256,275,150.0,3.0,41.0,11.0,6858.0
21257,275,153.0,2.0,99.0,11.0,64036.0
21258,275,153.0,2.0,99.0,11.0,1244.0
21259,275,158.0,7.0,92.0,11.0,37.0
21260,275,158.0,7.0,57.0,11.0,3629.0
21261,275,6.0,0.0,0.0,11.0,6.0
21262,275,153.0,2.0,99.0,11.0,1293.0
21263,275,153.0,2.0,99.0,11.0,4155.0
21264,275,158.0,7.0,57.0,11.0,78.0
21275,2785,154.0,2.0,99.0,6.0,3559.0
21276,2785,118.0,3.0,101.0,6.0,659.0
21277,2785,118.0,3.0,101.0,6.0,866.0
21278,2785,158.0,7.0,92.0,6.0,10097.0
21279,2785,158.0,7.0,57.0,6.0,664.0
21280,2785,118.0,3.0,101.0,6.0,667.0
21281,2785,118.0,3.0,101.0,6.0,651.0
21282,2785,23.0,2.0,17.0,6.0,649.0
21283,2785,81.0,7.0,99.0,6.0,69589.0
21284,2785,158.0,7.0,57.0,6.0,8801.0
21300,2455,36.0,0.0,0.0,8.0,2370.0
21301,2455,31.0,6.0,20.0,8.0,493.0
21302,2455,49.0,2.0,19.0,8.0,540671.0
21303,2455,81.0,7.0,99.0,8.0,3824.0
21304,2455,183.0,0.0,0.0,8.0,9241.0
21305,2455,23.0,2.0,17.0,8.0,2911.0
21306,2455,107.0,0.0,0.0,8.0,120.0
21307,2455,23.0,2.0,17.0,8.0,44140.0
21308,2455,77.0,0.0,0.0,8.0,399109.0
21309,2455,16.0,2.0,20.0,8.0,13851.0
21320,52,74.0,3.0,34.0,11.0,6459.0
21321,52,47.0,0.0,0.0,6.0,1157.0
21322,52,56.0,7.0,26.0,6.0,3670.0
21323,52,54.0,6.0,24.0,6.0,43479.0
21324,52,81.0,7.0,99.0,6.0,93267.0
21325,52,33.0,6.0,43.0,6.0,276.0
21326,52,56.0,7.0,26.0,11.0,796.0
21327,52,56.0,7.0,26.0,6.0,943.0
21328,52,178.0,7.0,104.0,6.0,3043.0
21329,52,81.0,7.0,99.0,6.0,6293.0
21340,2759,32.0,1.0,10.0,11.0,39712.0
21341,2759,158.0,0.0,0.0,0.0,445.0
21342,2759,43.0,2.0,11.0,11.0,61288.0
21343,2759,49.0,2.0,19.0,11.0,98635.0
21344,1655,165.0,3.0,78.0,10.0,78.0
21345,1655,153.0,2.0,99.0,11.0,1862.0
21346,1655,133.0,7.0,50.0,10.0,2069.0
21347,1655,81.0,7.0,48.0,11.0,555.0
21348,1655,118.0,3.0,101.0,10.0,2170.0
21349,1655,16.0,2.0,20.0,10.0,785.0
21350,1655,167.0,3.0,90.0,11.0,2697.0
21351,1655,158.0,7.0,57.0,10.0,736.0
21352,1655,118.0,3.0,101.0,10.0,22.0
21353,1655,150.0,3.0,41.0,11.0,23032.0
21412,3253,56.0,7.0,26.0,6.0,249.0
21413,3253,78.0,0.0,0.0,6.0,1250.0
21414,3253,56.0,7.0,26.0,6.0,12892.0
21415,3253,134.0,6.0,73.0,6.0,649.0
21416,3253,96.0,2.0,52.0,6.0,70504.0
21417,3253,7.0,0.0,0.0,6.0,16469.0
21418,3253,65.0,0.0,0.0,0.0,224.0
21419,3253,73.0,0.0,0.0,6.0,112.0
21420,3253,187.0,0.0,0.0,6.0,13702.0
21421,3253,158.0,7.0,92.0,6.0,230.0
21442,3213,154.0,2.0,99.0,8.0,2795.0
21443,3213,154.0,2.0,99.0,8.0,6593.0
21444,3213,118.0,3.0,101.0,8.0,9180.0
21445,3213,154.0,2.0,99.0,8.0,884.0
21446,3213,39.0,7.0,12.0,8.0,972.0
21447,3213,154.0,2.0,99.0,8.0,3305.0
21448,3213,74.0,3.0,34.0,8.0,2360.0
21449,3213,154.0,2.0,99.0,8.0,652.0
21450,3213,154.0,2.0,99.0,8.0,1753.0
21451,3213,81.0,7.0,99.0,8.0,2142.0
21452,853,158.0,7.0,57.0,6.0,25055.0
21453,853,118.0,3.0,101.0,6.0,17351.0
21454,853,158.0,7.0,92.0,6.0,157.0
21455,853,23.0,2.0,17.0,6.0,532.0
21456,853,23.0,2.0,17.0,6.0,247.0
21457,853,118.0,3.0,101.0,6.0,615.0
21458,853,23.0,2.0,17.0,6.0,96.0
21459,853,158.0,7.0,92.0,6.0,480.0
21460,853,154.0,2.0,99.0,6.0,23045.0
21461,853,154.0,2.0,99.0,6.0,5458.0
21515,1615,31.0,6.0,20.0,6.0,632.0
21516,1615,142.0,0.0,0.0,6.0,443.0
21517,1615,36.0,0.0,0.0,6.0,5076.0
21518,1615,36.0,0.0,0.0,6.0,23449.0
21519,1615,74.0,3.0,34.0,6.0,421.0
21530,2745,187.0,0.0,0.0,8.0,22607.0
21531,2745,131.0,0.0,0.0,8.0,620.0
21532,2745,56.0,7.0,26.0,8.0,385.0
21533,2745,19.0,0.0,0.0,8.0,1312.0
21534,2745,19.0,0.0,0.0,8.0,8.0
21535,2745,19.0,0.0,0.0,8.0,38.0
21536,2745,37.0,5.0,55.0,8.0,4931.0
21537,2745,19.0,0.0,0.0,8.0,30.0
21538,2745,81.0,0.0,0.0,8.0,7477.0
21539,2745,81.0,0.0,0.0,8.0,427.0
21565,2030,158.0,7.0,92.0,11.0,1817.0
21566,2030,153.0,2.0,99.0,11.0,23939.0
21567,2030,158.0,7.0,92.0,11.0,60946.0
21568,2030,166.0,3.0,95.0,11.0,47.0
21569,2030,158.0,7.0,92.0,11.0,46.0
21570,2030,158.0,7.0,92.0,11.0,2406.0
21571,2030,6.0,0.0,0.0,11.0,100.0
21572,2030,153.0,2.0,99.0,11.0,13803.0
21573,2030,150.0,3.0,41.0,11.0,415.0
21574,2030,158.0,7.0,57.0,11.0,112.0
21595,2537,183.0,6.0,85.0,8.0,18159.0
21596,2537,33.0,6.0,43.0,8.0,36772.0
21597,2537,93.0,7.0,44.0,8.0,4447.0
21598,2537,183.0,6.0,85.0,8.0,12011.0
21599,2537,93.0,7.0,44.0,8.0,3214.0
21600,2537,74.0,3.0,34.0,8.0,435.0
21601,2537,183.0,6.0,85.0,8.0,24270.0
21602,2537,162.0,7.0,77.0,8.0,80299.0
21603,2537,118.0,3.0,101.0,8.0,308.0
21604,2537,33.0,6.0,43.0,8.0,43825.0
21645,954,61.0,7.0,68.0,8.0,6789.0
21646,954,165.0,3.0,78.0,8.0,1069.0
21647,954,118.0,3.0,101.0,8.0,1100.0
21648,954,118.0,3.0,101.0,8.0,1738.0
21649,954,147.0,7.0,60.0,8.0,6404.0
21650,954,187.0,0.0,0.0,8.0,21382.0
21651,954,100.0,7.0,97.0,8.0,94230.0
21652,954,178.0,7.0,104.0,8.0,1130.0
21653,954,118.0,3.0,101.0,8.0,89.0
21654,954,56.0,7.0,26.0,8.0,563.0
21665,2353,187.0,0.0,0.0,8.0,14511.0
21666,2353,133.0,7.0,50.0,8.0,513.0
21667,2353,54.0,6.0,24.0,8.0,41388.0
21668,2353,60.0,7.0,28.0,8.0,593.0
21669,2353,31.0,6.0,20.0,8.0,219.0
21670,2353,183.0,6.0,88.0,8.0,3998.0
21671,2353,49.0,2.0,19.0,8.0,15437.0
21672,2353,183.0,6.0,88.0,8.0,69726.0
21673,2353,56.0,7.0,26.0,8.0,653.0
21674,2353,56.0,7.0,26.0,8.0,20384.0
21685,1623,165.0,3.0,78.0,6.0,61.0
21686,1623,131.0,0.0,0.0,11.0,839.0
21687,1623,19.0,0.0,0.0,11.0,10061.0
21688,1623,118.0,3.0,101.0,6.0,690.0
21689,1623,56.0,7.0,26.0,6.0,59437.0
21690,1623,23.0,2.0,17.0,6.0,24.0
21691,1623,133.0,7.0,50.0,6.0,817.0
21692,1623,133.0,7.0,50.0,6.0,1335.0
21693,1623,78.0,0.0,0.0,6.0,619.0
21694,1623,158.0,7.0,57.0,6.0,123.0
21705,1202,43.0,2.0,71.0,11.0,799048.0
21706,1502,44.0,7.0,97.0,11.0,12200.0
21707,1502,153.0,2.0,99.0,11.0,24131.0
21708,1502,81.0,0.0,0.0,11.0,13400.0
21709,1502,158.0,7.0,57.0,11.0,18.0
21710,1502,158.0,7.0,92.0,11.0,66.0
21711,1502,158.0,7.0,92.0,11.0,20.0
21712,1502,150.0,3.0,41.0,11.0,121.0
21713,1502,158.0,7.0,92.0,11.0,20.0
21714,1502,158.0,7.0,57.0,11.0,2.0
21715,1502,32.0,1.0,10.0,11.0,51620.0
21716,2713,44.0,7.0,97.0,11.0,25374.0
21717,2713,166.0,3.0,95.0,11.0,13007.0
21718,2713,166.0,3.0,95.0,11.0,137618.0
21719,2713,158.0,7.0,92.0,11.0,10.0
21720,2713,183.0,6.0,85.0,11.0,371.0
21721,2713,54.0,0.0,0.0,11.0,9654.0
21722,2713,183.0,6.0,87.0,11.0,20200.0
21723,2713,6.0,0.0,0.0,11.0,347.0
21724,2713,150.0,3.0,94.0,11.0,39.0
21725,2713,6.0,0.0,0.0,11.0,3.0
21736,1102,154.0,2.0,99.0,8.0,8474.0
21737,1102,147.0,7.0,60.0,8.0,5740.0
21738,1102,56.0,7.0,26.0,8.0,310.0
21739,1102,178.0,7.0,104.0,8.0,825.0
21740,1102,49.0,2.0,19.0,8.0,10548.0
21741,1102,54.0,6.0,24.0,8.0,13732.0
21742,1102,154.0,2.0,99.0,8.0,1571.0
21743,1102,81.0,7.0,99.0,8.0,48800.0
21744,1102,116.0,1.0,62.0,8.0,1000.0
21745,1102,154.0,2.0,99.0,8.0,2139.0
21767,83,60.0,7.0,28.0,6.0,1328.0
21768,83,60.0,7.0,28.0,6.0,67.0
21769,83,131.0,0.0,0.0,6.0,77.0
21770,83,183.0,6.0,85.0,6.0,49960.0
21771,83,45.0,0.0,0.0,6.0,2787.0
21772,83,124.0,7.0,64.0,6.0,2961.0
21773,83,187.0,0.0,0.0,6.0,17475.0
21774,83,56.0,7.0,26.0,6.0,2039.0
21775,83,60.0,7.0,28.0,6.0,2411.0
21776,83,81.0,0.0,0.0,6.0,1246.0
21777,3133,158.0,7.0,57.0,6.0,11948.0
21778,3133,118.0,3.0,101.0,6.0,729.0
21779,3133,151.0,0.0,0.0,6.0,4659.0
21780,3133,60.0,7.0,28.0,6.0,106.0
21781,3133,154.0,2.0,99.0,6.0,964.0
21782,3133,114.0,7.0,2.0,6.0,3069.0
21783,3133,158.0,7.0,57.0,6.0,423.0
21784,3133,158.0,7.0,57.0,6.0,4688.0
21785,3133,60.0,7.0,28.0,6.0,1227.0
21786,3133,118.0,3.0,101.0,6.0,1164.0
21787,813,49.0,2.0,19.0,6.0,29306.0
21788,813,54.0,7.0,38.0,6.0,56929.0
21789,813,74.0,3.0,34.0,6.0,730.0
21790,813,183.0,6.0,85.0,6.0,36555.0
21791,813,151.0,0.0,0.0,6.0,295.0
21792,813,56.0,7.0,26.0,6.0,7695.0
21793,813,151.0,0.0,0.0,6.0,1997.0
21794,813,56.0,7.0,26.0,6.0,1054.0
21795,813,81.0,7.0,39.0,6.0,5688.0
21796,813,158.0,7.0,57.0,6.0,85104.0
21817,236,31.0,6.0,20.0,6.0,529.0
21818,236,81.0,7.0,50.0,6.0,27734.0
21819,236,158.0,7.0,57.0,6.0,627922.0
21820,236,165.0,3.0,78.0,6.0,328.0
21821,236,165.0,3.0,78.0,6.0,147.0
21822,236,23.0,2.0,17.0,6.0,353.0
21823,236,23.0,2.0,17.0,6.0,726.0
21824,236,23.0,2.0,17.0,6.0,365.0
21825,236,165.0,3.0,78.0,6.0,294.0
21826,236,118.0,3.0,101.0,6.0,1265.0
21867,1078,81.0,7.0,99.0,8.0,56757.0
21868,1078,158.0,7.0,57.0,8.0,21614.0
21869,1078,92.0,7.0,45.0,10.0,16872.0
21870,1078,118.0,3.0,101.0,8.0,2151.0
21871,1078,154.0,2.0,99.0,8.0,8466.0
21872,1078,74.0,3.0,34.0,11.0,2555.0
21873,1078,77.0,0.0,0.0,8.0,42688.0
21874,1078,81.0,7.0,102.0,8.0,3494.0
21875,1078,23.0,2.0,17.0,8.0,236.0
21876,1078,154.0,2.0,99.0,8.0,14200.0
21897,866,118.0,3.0,101.0,6.0,998.0
21898,866,154.0,2.0,99.0,6.0,33774.0
21899,866,165.0,3.0,78.0,6.0,51.0
21900,866,49.0,2.0,19.0,6.0,25752.0
21901,866,74.0,3.0,34.0,6.0,571.0
21902,866,158.0,7.0,57.0,6.0,110.0
21903,866,158.0,7.0,57.0,6.0,367686.0
21904,866,56.0,7.0,26.0,6.0,1371.0
21905,866,154.0,2.0,99.0,6.0,60718.0
21906,866,158.0,7.0,57.0,6.0,93.0
21907,674,154.0,2.0,99.0,8.0,2018.0
21908,674,154.0,2.0,99.0,8.0,748.0
21909,674,154.0,2.0,99.0,8.0,7470.0
21910,674,81.0,7.0,99.0,8.0,19159.0
21911,674,154.0,2.0,99.0,8.0,1312.0
21912,674,74.0,3.0,34.0,8.0,1292.0
21913,674,118.0,3.0,101.0,8.0,1381.0
21914,674,158.0,7.0,57.0,8.0,19124.0
21915,674,158.0,7.0,57.0,8.0,3419.0
21916,674,154.0,2.0,99.0,8.0,25764.0
21917,142,183.0,6.0,86.0,6.0,45316.0
21918,142,74.0,3.0,34.0,6.0,217.0
21919,142,183.0,6.0,85.0,6.0,126260.0
21920,142,156.0,6.0,23.0,6.0,12.0
21921,142,183.0,6.0,86.0,6.0,4838.0
21922,142,183.0,6.0,85.0,6.0,156.0
21923,142,165.0,3.0,78.0,6.0,66.0
21924,142,183.0,6.0,86.0,6.0,34692.0
21925,142,183.0,6.0,85.0,6.0,4340.0
21926,142,158.0,7.0,57.0,6.0,639.0
21927,3092,183.0,6.0,88.0,11.0,55790.0
21928,3092,56.0,7.0,26.0,11.0,1524.0
21929,3092,60.0,7.0,28.0,11.0,168992.0
21930,3092,60.0,7.0,28.0,11.0,27878.0
21931,3092,74.0,3.0,34.0,11.0,6763.0
21932,3092,61.0,7.0,68.0,11.0,30028.0
21933,3092,187.0,0.0,0.0,11.0,40953.0
21934,3092,119.0,0.0,0.0,11.0,2317.0
21935,3092,78.0,0.0,0.0,11.0,43787.0
21936,3092,183.0,6.0,88.0,11.0,40317.0
21937,27,16.0,2.0,20.0,8.0,61101.0
21938,27,9.0,2.0,14.0,8.0,24.0
21939,27,54.0,6.0,24.0,8.0,21701.0
21940,27,23.0,2.0,17.0,8.0,1040.0
21941,27,9.0,2.0,14.0,8.0,24.0
21942,27,81.0,7.0,50.0,8.0,2507.0
21943,27,158.0,7.0,57.0,8.0,13987.0
21944,27,23.0,2.0,17.0,8.0,1513.0
21945,27,158.0,7.0,57.0,8.0,14663.0
21946,27,165.0,3.0,78.0,8.0,94.0
21967,1371,153.0,2.0,99.0,2.0,1175.0
21968,1371,153.0,2.0,99.0,2.0,1152.0
21969,1371,153.0,2.0,99.0,2.0,56.0
21970,1371,166.0,3.0,95.0,2.0,2946.0
21971,1371,153.0,2.0,99.0,2.0,3379.0
21972,1371,153.0,2.0,99.0,2.0,326.0
21973,1371,44.0,7.0,97.0,2.0,12785.0
21974,1371,153.0,2.0,99.0,2.0,2889.0
21975,1371,153.0,2.0,99.0,2.0,34978.0
21976,1371,153.0,2.0,99.0,2.0,1374.0
21977,1455,103.0,6.0,53.0,11.0,3796.0
21978,1455,183.0,6.0,85.0,11.0,32209.0
21979,1455,6.0,0.0,0.0,0.0,747.0
21980,1455,158.0,7.0,57.0,11.0,1722.0
21981,1455,158.0,0.0,0.0,0.0,345.0
21982,1455,183.0,6.0,85.0,11.0,23734.0
21983,1455,183.0,6.0,87.0,11.0,1325.0
21984,1455,54.0,6.0,23.0,11.0,112.0
21985,1455,158.0,7.0,57.0,11.0,1458.0
21986,1455,91.0,7.0,91.0,11.0,633.0
22007,2512,166.0,3.0,95.0,11.0,15.0
22008,2512,166.0,3.0,95.0,11.0,207.0
22009,2512,150.0,3.0,41.0,11.0,2897.0
22010,2512,153.0,2.0,99.0,11.0,74711.0
22011,2512,150.0,3.0,41.0,11.0,123.0
22012,2512,150.0,3.0,41.0,11.0,167.0
22013,2512,183.0,6.0,87.0,11.0,6901.0
22014,2512,150.0,3.0,41.0,11.0,16460.0
22015,2512,54.0,0.0,0.0,11.0,1048.0
22016,2512,150.0,3.0,41.0,11.0,25250.0
22017,1925,85.0,0.0,0.0,6.0,93053.0
22018,1925,47.0,0.0,0.0,6.0,4266.0
22019,1925,158.0,7.0,57.0,6.0,8495.0
22020,1925,56.0,7.0,26.0,6.0,854.0
22021,1925,85.0,0.0,0.0,6.0,98266.0
22022,1925,49.0,2.0,19.0,6.0,18129.0
22023,1925,74.0,3.0,34.0,6.0,1419.0
22024,1925,78.0,0.0,0.0,6.0,719.0
22025,1925,87.0,0.0,0.0,6.0,4864.0
22026,1925,47.0,0.0,0.0,6.0,721.0
22117,2996,118.0,3.0,101.0,6.0,23268.0
22118,2996,153.0,2.0,99.0,11.0,13868.0
22119,2996,158.0,7.0,57.0,6.0,326738.0
22120,2996,154.0,2.0,99.0,6.0,7685.0
22121,2996,118.0,3.0,101.0,6.0,724.0
22122,2996,154.0,2.0,99.0,6.0,5983.0
22123,2996,154.0,2.0,99.0,6.0,31149.0
22124,2996,158.0,7.0,57.0,6.0,120.0
22125,2996,81.0,7.0,99.0,6.0,716.0
22126,2996,158.0,7.0,57.0,6.0,165.0
22172,1773,60.0,7.0,28.0,6.0,2365.0
22173,1773,116.0,0.0,0.0,6.0,3755.0
22174,1773,81.0,0.0,0.0,6.0,608.0
22175,1773,131.0,0.0,0.0,6.0,265.0
22176,1773,47.0,0.0,0.0,6.0,5595.0
22177,1773,49.0,2.0,19.0,6.0,7133.0
22178,1773,74.0,3.0,34.0,6.0,3319.0
22179,1773,116.0,0.0,0.0,6.0,2800.0
22180,1773,56.0,7.0,26.0,6.0,2364.0
22181,1773,147.0,7.0,60.0,6.0,2132.0
22182,2801,178.0,7.0,104.0,6.0,7692.0
22183,2801,81.0,7.0,50.0,6.0,502.0
22184,2801,187.0,0.0,0.0,6.0,35855.0
22185,2801,78.0,0.0,0.0,6.0,2342.0
22186,2801,134.0,6.0,73.0,6.0,330.0
22187,2801,56.0,7.0,26.0,6.0,169732.0
22188,2801,81.0,0.0,0.0,6.0,2121.0
22189,2801,56.0,7.0,26.0,6.0,1142.0
22190,2801,133.0,7.0,50.0,6.0,657.0
22191,2801,133.0,7.0,50.0,6.0,13121.0
22192,2740,187.0,0.0,0.0,6.0,39595.0
22193,2740,74.0,3.0,34.0,6.0,6462.0
22194,2740,54.0,6.0,24.0,6.0,510522.0
22215,805,153.0,2.0,99.0,1.0,56.0
22216,805,81.0,0.0,0.0,1.0,248.0
22217,805,6.0,0.0,0.0,1.0,37945.0
22218,805,158.0,7.0,57.0,1.0,11016.0
22219,805,153.0,2.0,99.0,1.0,720.0
22220,805,166.0,3.0,95.0,1.0,583.0
22221,805,153.0,2.0,99.0,1.0,26299.0
22222,805,153.0,2.0,99.0,1.0,112.0
22223,805,158.0,7.0,57.0,1.0,65844.0
22224,805,153.0,2.0,99.0,1.0,136.0
22225,260,107.0,0.0,0.0,6.0,26.0
22226,260,74.0,3.0,34.0,6.0,306468.0
22227,260,118.0,3.0,101.0,6.0,5702.0
22228,260,23.0,2.0,17.0,6.0,645.0
22229,260,31.0,6.0,20.0,6.0,559.0
22230,260,118.0,3.0,101.0,6.0,616.0
22231,260,158.0,7.0,57.0,6.0,298.0
22265,599,74.0,3.0,34.0,6.0,205.0
22266,599,158.0,7.0,92.0,6.0,735.0
22267,599,118.0,3.0,101.0,6.0,1800.0
22268,599,118.0,3.0,101.0,6.0,4.0
22269,599,165.0,3.0,78.0,6.0,0.0
22270,599,158.0,7.0,92.0,6.0,21731.0
22271,599,165.0,3.0,78.0,6.0,859.0
22272,599,16.0,2.0,20.0,6.0,13142.0
22273,599,23.0,2.0,17.0,6.0,709.0
22274,599,23.0,2.0,17.0,6.0,691.0
22295,2418,10.0,0.0,0.0,8.0,50266.0
22296,2418,183.0,6.0,88.0,8.0,13590.0
22297,2418,118.0,3.0,101.0,8.0,5863.0
22298,2418,56.0,7.0,26.0,8.0,161208.0
22299,2418,49.0,2.0,19.0,2.0,67246.0
22300,2418,183.0,6.0,88.0,8.0,7264.0
22301,2418,118.0,3.0,101.0,8.0,754.0
22302,2418,131.0,0.0,0.0,8.0,502.0
22303,2418,183.0,6.0,88.0,8.0,9.0
22304,2418,81.0,7.0,99.0,8.0,25693.0
22305,1755,74.0,3.0,34.0,6.0,262.0
22306,1755,183.0,6.0,85.0,6.0,141.0
22307,1755,94.0,7.0,47.0,6.0,1341.0
22308,1755,183.0,6.0,85.0,6.0,28280.0
22309,1755,156.0,6.0,23.0,6.0,808.0
22310,1755,183.0,6.0,85.0,6.0,15588.0
22311,1755,81.0,7.0,39.0,6.0,12114.0
22312,1755,74.0,3.0,34.0,6.0,1523.0
22313,1755,94.0,7.0,47.0,6.0,412.0
22314,1755,183.0,6.0,85.0,6.0,6864.0
22335,11,74.0,3.0,34.0,8.0,971.0
22336,11,54.0,0.0,0.0,8.0,60854.0
22337,11,183.0,6.0,85.0,8.0,3313.0
22338,11,31.0,6.0,20.0,8.0,821.0
22339,11,142.0,0.0,0.0,8.0,61.0
22343,2891,81.0,3.0,72.0,11.0,392.0
22344,2891,150.0,3.0,94.0,11.0,176.0
22345,2891,166.0,3.0,95.0,11.0,18.0
22346,2891,150.0,3.0,94.0,11.0,1266.0
22347,2891,6.0,0.0,0.0,11.0,1211.0
22348,2891,113.0,0.0,0.0,11.0,2081.0
22349,2891,150.0,3.0,94.0,11.0,18969.0
22350,2891,54.0,0.0,0.0,11.0,8513.0
22351,2891,158.0,7.0,92.0,11.0,47.0
22352,2891,150.0,3.0,94.0,11.0,1250.0
22353,1426,153.0,2.0,99.0,11.0,30138.0
22354,1426,153.0,2.0,99.0,11.0,19302.0
22355,1426,91.0,7.0,91.0,11.0,829.0
22356,1426,153.0,2.0,99.0,11.0,2070.0
22357,1426,6.0,0.0,0.0,11.0,51.0
22358,1426,153.0,2.0,99.0,11.0,1846.0
22359,1426,153.0,2.0,99.0,11.0,17963.0
22390,1768,158.0,7.0,57.0,10.0,17497.0
22391,1768,118.0,3.0,101.0,10.0,0.0
22392,1768,23.0,2.0,17.0,10.0,705.0
22393,1768,81.0,7.0,99.0,10.0,29005.0
22394,1768,154.0,2.0,99.0,10.0,37647.0
22395,1768,154.0,2.0,99.0,10.0,0.0
22396,1768,81.0,7.0,99.0,10.0,22258.0
22397,1768,81.0,7.0,99.0,10.0,4294.0
22398,1768,118.0,3.0,101.0,10.0,1392.0
22399,1768,154.0,2.0,99.0,10.0,8550.0
22410,1815,165.0,3.0,78.0,6.0,37.0
22411,1815,23.0,2.0,17.0,6.0,32659.0
22412,1815,23.0,2.0,17.0,6.0,33.0
22413,1815,10.0,0.0,0.0,6.0,471.0
22414,1815,23.0,2.0,17.0,6.0,1383.0
22415,1815,165.0,3.0,78.0,6.0,18.0
22416,1815,118.0,3.0,101.0,6.0,542.0
22417,1815,142.0,0.0,0.0,6.0,465.0
22418,1815,154.0,2.0,99.0,6.0,1791.0
22419,1815,118.0,3.0,101.0,6.0,694.0
22420,157,154.0,2.0,99.0,8.0,5340.0
22421,157,158.0,7.0,92.0,8.0,5086.0
22422,157,23.0,2.0,17.0,8.0,1171.0
22423,157,158.0,7.0,57.0,10.0,1039279.0
22424,157,154.0,2.0,99.0,8.0,3505.0
22425,157,49.0,2.0,19.0,11.0,16086.0
22426,157,165.0,3.0,78.0,8.0,58.0
22427,157,118.0,3.0,101.0,8.0,84.0
22428,157,158.0,7.0,57.0,8.0,9438.0
22429,157,159.0,3.0,93.0,8.0,1207.0
22430,449,81.0,7.0,99.0,5.0,3433.0
22431,449,154.0,2.0,99.0,5.0,3336.0
22432,449,165.0,3.0,78.0,5.0,24.0
22433,449,165.0,3.0,78.0,5.0,135.0
22434,449,78.0,0.0,0.0,5.0,2151.0
22435,449,49.0,2.0,19.0,5.0,17791.0
22436,449,39.0,7.0,12.0,5.0,1188.0
22437,449,131.0,0.0,0.0,5.0,675.0
22438,449,19.0,0.0,0.0,5.0,560.0
22439,449,37.0,5.0,55.0,5.0,21205.0
22460,2186,9.0,2.0,14.0,6.0,8.0
22461,2186,23.0,2.0,17.0,6.0,3.0
22462,2186,165.0,3.0,78.0,6.0,37.0
22463,2186,9.0,2.0,14.0,6.0,17014.0
22464,2186,158.0,7.0,57.0,6.0,234.0
22465,2186,165.0,3.0,78.0,6.0,20844.0
22466,2186,23.0,2.0,17.0,6.0,32.0
22467,2186,74.0,3.0,34.0,6.0,559.0
22468,2186,165.0,3.0,78.0,6.0,86.0
22469,2186,36.0,0.0,0.0,6.0,2609.0
22510,56,60.0,7.0,28.0,8.0,14574.0
22511,56,154.0,2.0,99.0,8.0,4434.0
22512,56,154.0,2.0,99.0,8.0,9017.0
22513,56,78.0,0.0,0.0,8.0,5601.0
22514,56,23.0,2.0,17.0,8.0,799.0
22515,56,158.0,7.0,92.0,8.0,1049.0
22516,56,103.0,7.0,1.0,8.0,572.0
22517,56,158.0,7.0,57.0,8.0,22078.0
22518,56,78.0,0.0,0.0,8.0,914.0
22519,56,143.0,7.0,67.0,8.0,4861.0
22520,2091,181.0,3.0,84.0,1.0,3305.0
22521,2091,81.0,0.0,0.0,1.0,96.0
22522,2091,112.0,3.0,61.0,1.0,21437.0
22523,2091,181.0,3.0,84.0,1.0,1776.0
22524,2091,158.0,7.0,92.0,1.0,96.0
22525,2091,44.0,7.0,97.0,1.0,8682.0
22526,2091,44.0,7.0,97.0,1.0,214.0
22527,2091,158.0,7.0,57.0,1.0,33479.0
22528,2091,166.0,3.0,95.0,1.0,910.0
22529,2091,81.0,0.0,0.0,1.0,197.0
22574,37,118.0,3.0,101.0,6.0,1057.0
22575,37,23.0,2.0,17.0,6.0,788.0
22576,37,118.0,3.0,101.0,6.0,1088.0
22577,37,118.0,3.0,101.0,6.0,564.0
22578,37,154.0,2.0,99.0,6.0,18306.0
22579,37,118.0,3.0,101.0,6.0,6463.0
22580,37,23.0,2.0,17.0,6.0,625.0
22581,37,165.0,3.0,78.0,6.0,52.0
22582,37,118.0,3.0,101.0,6.0,980.0
22583,37,165.0,3.0,78.0,6.0,77.0
22630,16,81.0,7.0,99.0,6.0,24580.0
22631,16,154.0,2.0,99.0,6.0,1523.0
22632,16,165.0,3.0,78.0,6.0,63.0
22633,16,21.0,0.0,0.0,6.0,172.0
22634,16,154.0,2.0,99.0,6.0,782.0
22635,16,154.0,2.0,99.0,6.0,2845.0
22636,16,154.0,2.0,99.0,6.0,10843.0
22637,16,81.0,7.0,99.0,6.0,906.0
22638,16,158.0,7.0,56.0,6.0,271.0
22639,16,118.0,3.0,101.0,6.0,1319.0
22650,2955,74.0,3.0,34.0,8.0,10513.0
22661,1690,49.0,2.0,19.0,8.0,74078.0
22662,1690,159.0,3.0,93.0,8.0,647.0
22663,1690,81.0,7.0,50.0,8.0,8287.0
22664,1690,158.0,7.0,92.0,8.0,11283.0
22665,1690,133.0,7.0,50.0,8.0,1909.0
22666,1690,74.0,3.0,34.0,8.0,225.0
22667,1690,142.0,0.0,0.0,8.0,124.0
22668,1690,133.0,7.0,50.0,8.0,836.0
22669,1690,81.0,7.0,50.0,8.0,900.0
22670,1690,56.0,7.0,26.0,8.0,1637.0
22681,2263,74.0,3.0,34.0,6.0,291.0
22682,2263,154.0,2.0,99.0,6.0,1221.0
22683,2263,165.0,3.0,78.0,6.0,11819.0
22684,2263,154.0,2.0,99.0,6.0,1558.0
22685,2263,9.0,2.0,14.0,6.0,54.0
22686,2263,154.0,2.0,99.0,6.0,3297.0
22687,2263,154.0,2.0,99.0,6.0,937.0
22688,2263,49.0,2.0,19.0,6.0,95657.0
22689,2263,81.0,7.0,99.0,6.0,82125.0
22690,2263,23.0,2.0,17.0,6.0,51.0
22701,2389,133.0,7.0,50.0,6.0,2867.0
22702,2389,134.0,6.0,73.0,6.0,825.0
22703,2389,134.0,6.0,73.0,6.0,1041.0
22704,2389,133.0,7.0,50.0,6.0,1096.0
22705,2389,134.0,6.0,73.0,6.0,1683.0
22706,2389,134.0,6.0,73.0,6.0,1513.0
22707,2389,158.0,7.0,92.0,6.0,241242.0
22708,2389,133.0,7.0,50.0,6.0,860.0
22709,2389,133.0,7.0,50.0,6.0,2265.0
22710,2389,134.0,6.0,73.0,6.0,1648.0
22711,1179,183.0,6.0,85.0,6.0,3757.0
22712,1179,183.0,6.0,85.0,6.0,7339.0
22713,1179,183.0,6.0,86.0,6.0,57119.0
22714,1179,183.0,6.0,85.0,6.0,11264.0
22715,1179,94.0,7.0,47.0,6.0,28836.0
22716,1179,183.0,6.0,85.0,6.0,18486.0
22717,1179,158.0,7.0,57.0,6.0,110.0
22718,1179,183.0,6.0,85.0,6.0,15332.0
22719,1179,183.0,6.0,85.0,6.0,5148.0
22720,1179,74.0,3.0,34.0,6.0,509.0
22731,1465,158.0,7.0,57.0,6.0,6755.0
22732,1465,118.0,3.0,101.0,6.0,882.0
22733,1465,78.0,0.0,0.0,6.0,1510.0
22734,1465,81.0,7.0,99.0,6.0,743.0
22735,1465,165.0,3.0,78.0,6.0,189.0
22736,1465,165.0,3.0,78.0,6.0,96.0
22737,1465,81.0,7.0,99.0,6.0,3679.0
22738,1465,9.0,2.0,14.0,6.0,22.0
22739,1465,87.0,0.0,0.0,6.0,5007.0
22740,1465,158.0,7.0,57.0,6.0,12502.0
22765,2400,6.0,0.0,0.0,11.0,362.0
22766,2400,158.0,7.0,92.0,11.0,105.0
22767,2400,166.0,3.0,95.0,11.0,16402.0
22768,2400,158.0,7.0,92.0,11.0,13.0
22769,2400,158.0,7.0,57.0,11.0,465.0
22770,2400,166.0,3.0,95.0,11.0,284.0
22771,2400,158.0,7.0,92.0,11.0,1600.0
22772,2400,43.0,2.0,71.0,11.0,59628.0
22773,2400,153.0,2.0,99.0,11.0,462.0
22774,2400,158.0,7.0,92.0,11.0,3332.0
22778,652,74.0,3.0,34.0,6.0,744.0
22779,652,118.0,3.0,101.0,6.0,12852.0
22780,652,158.0,7.0,92.0,6.0,2952.0
22781,652,165.0,3.0,78.0,6.0,111.0
22782,652,183.0,6.0,85.0,6.0,24350.0
22783,652,105.0,0.0,0.0,6.0,5215.0
22784,652,118.0,3.0,101.0,6.0,174.0
22785,652,183.0,6.0,85.0,6.0,7478.0
22786,652,105.0,0.0,0.0,6.0,7234.0
22787,652,74.0,3.0,34.0,6.0,6.0
22798,2981,49.0,2.0,19.0,11.0,118855.0
22799,2981,31.0,6.0,20.0,6.0,629.0
22800,2981,142.0,0.0,0.0,6.0,347.0
22801,811,166.0,3.0,95.0,11.0,18585.0
22802,811,150.0,3.0,41.0,11.0,25067.0
22803,811,150.0,3.0,41.0,11.0,124.0
22804,811,166.0,3.0,95.0,11.0,5834.0
22805,811,150.0,3.0,41.0,11.0,0.0
22806,811,158.0,7.0,57.0,11.0,95.0
22807,811,158.0,7.0,57.0,11.0,0.0
22808,811,158.0,7.0,92.0,11.0,134.0
22809,811,158.0,7.0,92.0,11.0,874.0
22810,811,158.0,7.0,92.0,11.0,63.0
22811,1613,56.0,7.0,26.0,8.0,840.0
22812,1613,74.0,3.0,34.0,8.0,4370.0
22813,1613,49.0,2.0,19.0,8.0,49376.0
22814,1613,39.0,7.0,12.0,8.0,51586.0
22890,2650,61.0,7.0,68.0,6.0,3953.0
22891,2650,158.0,7.0,92.0,6.0,150.0
22892,2650,133.0,7.0,50.0,6.0,836.0
22893,2650,74.0,3.0,34.0,6.0,3793.0
22894,2650,103.0,7.0,1.0,6.0,1144.0
22895,2650,178.0,7.0,104.0,6.0,740.0
22896,2650,49.0,2.0,19.0,6.0,10049.0
22897,2650,78.0,0.0,0.0,6.0,1701.0
22898,2650,54.0,6.0,24.0,6.0,122323.0
22899,2650,47.0,0.0,0.0,6.0,2510.0
22920,358,39.0,7.0,12.0,8.0,1406.0
22921,358,88.0,0.0,0.0,8.0,5650.0
22922,358,15.0,0.0,0.0,8.0,23139.0
22923,358,187.0,0.0,0.0,8.0,17635.0
22924,358,88.0,0.0,0.0,8.0,30432.0
22925,358,15.0,0.0,0.0,8.0,75304.0
22926,358,81.0,0.0,0.0,8.0,831.0
22927,358,178.0,7.0,104.0,8.0,592.0
22928,358,49.0,2.0,19.0,8.0,221.0
22929,358,87.0,0.0,0.0,8.0,15601.0
23030,2063,44.0,7.0,97.0,1.0,93.0
23031,2063,103.0,6.0,53.0,1.0,330.0
23032,2063,6.0,0.0,0.0,1.0,218.0
23033,2063,6.0,0.0,0.0,1.0,646.0
23034,2063,153.0,2.0,99.0,1.0,46776.0
23065,2414,87.0,0.0,0.0,6.0,49912.0
23066,2414,146.0,2.0,70.0,6.0,5566.0
23067,2414,78.0,0.0,0.0,6.0,1732.0
23068,2414,74.0,3.0,34.0,6.0,3186.0
23069,2414,56.0,7.0,26.0,6.0,688.0
23070,2414,131.0,0.0,0.0,6.0,638.0
23071,2414,78.0,0.0,0.0,6.0,951.0
23072,2414,146.0,2.0,70.0,6.0,25848.0
23073,2414,47.0,0.0,0.0,6.0,61401.0
23074,2414,61.0,7.0,68.0,6.0,1113.0
23115,1917,118.0,3.0,101.0,6.0,675.0
23116,1917,118.0,3.0,101.0,6.0,744.0
23117,1917,118.0,3.0,101.0,6.0,1383.0
23118,1917,158.0,7.0,57.0,6.0,22296.0
23119,1917,118.0,3.0,101.0,6.0,1206.0
23120,1917,154.0,2.0,99.0,6.0,9224.0
23121,1917,23.0,2.0,17.0,6.0,1207.0
23122,1917,118.0,3.0,101.0,6.0,8.0
23123,1917,23.0,2.0,17.0,6.0,847.0
23124,1917,118.0,3.0,101.0,6.0,720.0
23155,2055,19.0,0.0,0.0,8.0,12.0
23156,2055,19.0,0.0,0.0,8.0,5.0
23157,2055,158.0,7.0,57.0,8.0,293.0
23158,2055,146.0,2.0,70.0,8.0,2718.0
23159,2055,15.0,0.0,0.0,8.0,59353.0
23160,2055,47.0,0.0,0.0,8.0,176.0
23161,2055,165.0,3.0,78.0,8.0,189.0
23162,2055,88.0,0.0,0.0,8.0,19184.0
23163,2055,158.0,7.0,57.0,8.0,5716.0
23164,2055,19.0,0.0,0.0,8.0,4.0
23165,2867,118.0,3.0,101.0,8.0,792.0
23166,2867,118.0,3.0,101.0,8.0,130053.0
23167,2867,81.0,7.0,99.0,8.0,3846.0
23168,2867,54.0,6.0,24.0,8.0,39948.0
23169,2867,116.0,0.0,0.0,8.0,3351.0
23170,2867,160.0,0.0,0.0,8.0,65174.0
23171,2867,56.0,7.0,26.0,7.0,367.0
23172,2867,37.0,5.0,55.0,8.0,36510.0
23173,2867,60.0,7.0,28.0,8.0,9291.0
23174,2867,60.0,7.0,28.0,8.0,9936.0
23205,1328,74.0,3.0,34.0,8.0,679.0
23206,1328,154.0,2.0,99.0,8.0,14265.0
23207,1328,118.0,3.0,101.0,8.0,1063.0
23208,1328,118.0,3.0,101.0,8.0,859.0
23209,1328,142.0,0.0,0.0,8.0,289.0
23210,1328,81.0,7.0,99.0,8.0,893.0
23211,1328,31.0,6.0,20.0,8.0,654.0
23212,1328,81.0,7.0,99.0,8.0,1017.0
23213,1328,81.0,7.0,99.0,8.0,1129.0
23214,1328,81.0,7.0,99.0,8.0,7955.0
23277,127,118.0,3.0,101.0,8.0,869.0
23278,127,36.0,0.0,0.0,8.0,2464.0
23279,127,36.0,0.0,0.0,8.0,2009.0
23280,127,56.0,7.0,26.0,11.0,671.0
23281,127,165.0,3.0,78.0,8.0,450.0
23282,127,33.0,6.0,43.0,11.0,37741.0
23283,127,81.0,7.0,99.0,8.0,15566.0
23284,127,165.0,3.0,78.0,8.0,571.0
23285,127,36.0,0.0,0.0,8.0,50774.0
23286,127,165.0,3.0,78.0,8.0,63.0
23297,2236,44.0,7.0,97.0,6.0,418.0
23298,2236,33.0,6.0,43.0,6.0,541.0
23299,2236,158.0,7.0,92.0,6.0,136.0
23300,2236,183.0,6.0,85.0,6.0,5633.0
23301,2236,183.0,6.0,85.0,6.0,6395.0
23302,2236,54.0,0.0,0.0,6.0,21201.0
23303,2236,6.0,0.0,0.0,0.0,145928.0
23304,2236,65.0,0.0,0.0,0.0,122.0
23305,2236,74.0,3.0,34.0,6.0,674.0
23306,2236,183.0,6.0,85.0,6.0,6809.0
23325,2109,150.0,3.0,41.0,11.0,154.0
23326,2109,158.0,7.0,92.0,11.0,74.0
23327,2109,6.0,0.0,0.0,11.0,96.0
23328,2109,153.0,2.0,99.0,11.0,14057.0
23329,2109,153.0,2.0,99.0,11.0,16217.0
23330,2109,81.0,0.0,0.0,11.0,19.0
23331,2109,181.0,3.0,84.0,11.0,559.0
23332,2109,103.0,6.0,53.0,11.0,1381.0
23333,2109,150.0,3.0,41.0,11.0,49.0
23334,2109,153.0,2.0,99.0,11.0,2057.0
23345,1805,159.0,3.0,93.0,6.0,1049.0
23346,1805,15.0,0.0,0.0,6.0,37858.0
23347,1805,47.0,0.0,0.0,6.0,494.0
23348,1805,81.0,7.0,50.0,6.0,28418.0
23349,1805,159.0,3.0,93.0,6.0,607.0
23350,1805,158.0,7.0,57.0,6.0,6178.0
23351,1805,143.0,7.0,67.0,6.0,2553.0
23352,1805,61.0,7.0,68.0,6.0,8719.0
23353,1805,158.0,7.0,57.0,6.0,3214.0
23354,1805,183.0,6.0,88.0,6.0,20452.0
23368,1582,154.0,2.0,99.0,8.0,4300.0
23369,1582,81.0,7.0,99.0,8.0,1172591.0
23370,1582,154.0,2.0,99.0,8.0,6134.0
23371,1582,154.0,2.0,99.0,8.0,5228.0
23372,1582,81.0,7.0,99.0,8.0,88173.0
23373,1582,154.0,2.0,99.0,8.0,833.0
23374,1582,165.0,3.0,78.0,8.0,70.0
23375,1582,23.0,2.0,17.0,8.0,792.0
23376,1582,23.0,2.0,17.0,8.0,750.0
23377,1582,31.0,6.0,20.0,8.0,866.0
23378,657,103.0,6.0,53.0,1.0,22040.0
23379,657,6.0,0.0,0.0,1.0,158.0
23380,657,103.0,6.0,53.0,1.0,676.0
23381,657,44.0,7.0,97.0,1.0,534.0
23412,3052,118.0,3.0,101.0,8.0,1129.0
23413,3052,165.0,3.0,78.0,8.0,74.0
23414,3052,118.0,3.0,101.0,8.0,1492.0
23415,3052,118.0,3.0,101.0,8.0,39.0
23416,3052,158.0,7.0,57.0,8.0,108.0
23417,3052,158.0,7.0,57.0,8.0,344.0
23418,3052,23.0,2.0,17.0,8.0,22.0
23419,3052,165.0,3.0,78.0,8.0,23.0
23420,3052,118.0,3.0,101.0,8.0,1252.0
23421,3052,100.0,7.0,97.0,8.0,14959.0
23444,619,56.0,7.0,26.0,6.0,662.0
23445,619,49.0,2.0,19.0,6.0,445545.0
23446,619,118.0,3.0,101.0,6.0,82.0
23447,619,81.0,7.0,99.0,6.0,18375.0
23448,619,118.0,3.0,101.0,6.0,980.0
23449,619,81.0,7.0,99.0,6.0,0.0
23450,619,81.0,7.0,99.0,6.0,69461.0
23451,619,74.0,3.0,34.0,6.0,488.0
23452,619,165.0,3.0,78.0,6.0,81.0
23453,619,183.0,6.0,85.0,6.0,15015.0
23464,2933,127.0,0.0,0.0,8.0,15738.0
23465,2933,40.0,2.0,13.0,8.0,27193.0
23466,2933,39.0,7.0,12.0,8.0,396.0
23467,2933,80.0,7.0,58.0,8.0,2120.0
23468,2933,161.0,7.0,76.0,8.0,44678.0
23469,2933,74.0,3.0,34.0,8.0,336.0
23470,2933,6.0,0.0,0.0,0.0,4867.0
23471,2933,33.0,6.0,43.0,8.0,0.0
23472,2933,65.0,0.0,0.0,0.0,527.0
23473,2933,39.0,7.0,12.0,8.0,404.0
23526,1373,56.0,7.0,26.0,6.0,542.0
23527,1373,154.0,2.0,99.0,6.0,1734.0
23528,1373,81.0,7.0,99.0,6.0,1778.0
23529,1373,56.0,7.0,26.0,6.0,3165.0
23530,1373,154.0,2.0,99.0,6.0,1596.0
23531,1373,118.0,3.0,101.0,6.0,94.0
23532,1373,165.0,3.0,78.0,6.0,480.0
23533,1373,81.0,0.0,0.0,6.0,952.0
23534,1373,158.0,7.0,57.0,8.0,307072.0
23535,1373,154.0,2.0,99.0,6.0,78631.0
23566,2376,154.0,2.0,99.0,6.0,3369.0
23567,2376,23.0,2.0,17.0,6.0,1272320.0
23568,2376,165.0,3.0,78.0,6.0,288.0
23569,2376,154.0,2.0,99.0,6.0,39783.0
23570,2376,23.0,2.0,17.0,6.0,5994.0
23571,2376,23.0,2.0,17.0,6.0,308.0
23572,2376,23.0,2.0,17.0,6.0,137575.0
23573,2376,81.0,7.0,99.0,6.0,818816.0
23574,2376,23.0,2.0,17.0,6.0,3479.0
23575,2376,118.0,3.0,101.0,6.0,1455.0
23596,2906,165.0,3.0,78.0,6.0,33881.0
23597,2906,100.0,7.0,97.0,6.0,285604.0
23598,2906,118.0,3.0,101.0,6.0,1486.0
23599,2906,81.0,7.0,99.0,6.0,149181.0
23600,2906,158.0,7.0,57.0,6.0,293.0
23601,2906,154.0,2.0,99.0,6.0,8558.0
23602,2906,74.0,3.0,34.0,6.0,999.0
23603,2906,165.0,3.0,78.0,6.0,104.0
23604,2906,165.0,3.0,78.0,6.0,117.0
23605,2906,147.0,7.0,60.0,6.0,672.0
23606,667,74.0,3.0,34.0,8.0,824.0
23607,667,118.0,3.0,101.0,8.0,230.0
23608,667,100.0,7.0,97.0,8.0,22733.0
23609,667,81.0,7.0,97.0,8.0,296.0
23610,667,81.0,7.0,97.0,8.0,943.0
23627,659,158.0,7.0,57.0,0.0,57670.0
23628,659,181.0,3.0,84.0,0.0,167384.0
23629,659,181.0,3.0,84.0,0.0,3369.0
23630,659,54.0,0.0,0.0,0.0,284.0
23631,659,181.0,3.0,84.0,0.0,599.0
23632,659,150.0,3.0,41.0,0.0,2837.0
23633,659,158.0,7.0,92.0,0.0,135.0
23634,659,158.0,0.0,0.0,0.0,495.0
23635,1712,150.0,3.0,94.0,11.0,3442.0
23636,1712,181.0,3.0,84.0,11.0,305.0
23637,1712,158.0,7.0,92.0,11.0,169.0
23638,1712,6.0,0.0,0.0,11.0,40.0
23639,1712,166.0,3.0,95.0,11.0,446.0
23640,1712,158.0,7.0,92.0,11.0,6.0
23641,1712,150.0,3.0,41.0,11.0,18207.0
23642,1712,166.0,3.0,95.0,11.0,401.0
23643,1712,43.0,2.0,71.0,11.0,30962.0
23644,1712,181.0,3.0,84.0,11.0,315.0
23655,1442,154.0,2.0,99.0,6.0,436.0
23656,1442,158.0,7.0,57.0,6.0,6344.0
23657,1442,154.0,2.0,99.0,6.0,18906.0
23658,1442,154.0,2.0,99.0,6.0,1652523.0
23659,1442,23.0,2.0,17.0,6.0,589.0
23660,1442,154.0,2.0,99.0,6.0,1238.0
23661,1442,118.0,3.0,101.0,6.0,1873.0
23662,1442,36.0,0.0,0.0,6.0,12655.0
23663,1442,81.0,7.0,99.0,6.0,5464.0
23664,1442,158.0,7.0,57.0,6.0,17259.0
23665,190,56.0,7.0,26.0,6.0,896.0
23666,190,83.0,7.0,32.0,6.0,25450.0
23667,190,133.0,7.0,50.0,6.0,4616.0
23668,190,147.0,7.0,60.0,6.0,1325.0
23669,190,159.0,3.0,93.0,6.0,667.0
23670,190,15.0,0.0,0.0,6.0,26825.0
23671,190,147.0,7.0,60.0,6.0,34047.0
23672,190,131.0,0.0,0.0,6.0,357.0
23673,190,39.0,7.0,12.0,6.0,969.0
23674,190,81.0,0.0,0.0,6.0,40.0
23765,2350,165.0,3.0,78.0,8.0,27.0
23766,2350,146.0,2.0,70.0,8.0,694.0
23767,2350,32.0,1.0,10.0,8.0,109960.0
23768,2350,88.0,0.0,0.0,8.0,27975.0
23769,2350,23.0,2.0,17.0,8.0,278463.0
23770,2350,78.0,0.0,0.0,8.0,1079.0
23771,2350,88.0,0.0,0.0,8.0,24552.0
23772,2350,23.0,2.0,17.0,8.0,3758.0
23773,2350,118.0,3.0,101.0,8.0,2176.0
23774,2350,165.0,3.0,78.0,8.0,60.0
23827,1314,74.0,3.0,34.0,8.0,732.0
23828,1314,81.0,7.0,102.0,8.0,98186.0
23829,1314,81.0,7.0,99.0,8.0,1171371.0
23830,1314,154.0,2.0,99.0,8.0,810261.0
23831,1314,54.0,7.0,38.0,8.0,43171.0
23832,1314,49.0,2.0,19.0,11.0,23191.0
23833,1314,165.0,3.0,78.0,8.0,109.0
23834,1314,118.0,3.0,101.0,8.0,59.0
23835,1314,94.0,7.0,47.0,8.0,2981.0
23836,1314,154.0,2.0,99.0,8.0,13505.0
23847,1027,81.0,7.0,99.0,6.0,3410.0
23848,1027,74.0,3.0,34.0,6.0,595.0
23849,1027,56.0,7.0,26.0,11.0,485.0
23850,1027,154.0,2.0,99.0,6.0,16737.0
23851,1027,158.0,7.0,57.0,6.0,6603.0
23852,1027,118.0,3.0,101.0,11.0,3442.0
23853,1027,118.0,3.0,101.0,6.0,1077.0
23854,1027,118.0,3.0,101.0,6.0,1264.0
23855,1027,74.0,3.0,34.0,11.0,2405.0
23856,1027,118.0,3.0,101.0,6.0,1012.0
23857,2803,158.0,7.0,57.0,6.0,780.0
23858,2803,158.0,7.0,57.0,6.0,619.0
23859,2803,31.0,6.0,20.0,6.0,651.0
23860,2803,23.0,2.0,17.0,6.0,537.0
23861,2803,158.0,7.0,57.0,6.0,1361.0
23862,2803,118.0,3.0,101.0,6.0,5129.0
23863,2803,154.0,2.0,99.0,6.0,6109.0
23864,2803,23.0,2.0,17.0,6.0,29.0
23865,2803,10.0,0.0,0.0,6.0,1.0
23866,2803,165.0,3.0,78.0,6.0,2318.0
23875,2267,118.0,3.0,101.0,6.0,1945.0
23876,2267,74.0,3.0,34.0,6.0,5017.0
23877,2267,56.0,7.0,26.0,6.0,1105.0
23878,2267,158.0,7.0,57.0,6.0,28786.0
23879,2267,23.0,2.0,17.0,6.0,21015.0
23880,2267,165.0,3.0,78.0,6.0,39.0
23881,2267,118.0,3.0,101.0,6.0,15125.0
23882,2267,81.0,7.0,99.0,6.0,3697.0
23883,2267,23.0,2.0,17.0,6.0,85.0
23884,2267,56.0,7.0,26.0,6.0,664.0
23885,1113,81.0,7.0,99.0,6.0,53100.0
23886,1113,74.0,3.0,34.0,6.0,1055.0
23887,1113,118.0,3.0,101.0,6.0,39267.0
23888,1113,54.0,0.0,0.0,6.0,74937.0
23889,1113,54.0,0.0,0.0,6.0,0.0
23890,1113,81.0,7.0,99.0,6.0,80172.0
23891,1113,81.0,7.0,99.0,6.0,0.0
23892,1113,54.0,6.0,25.0,6.0,0.0
23893,1939,81.0,7.0,99.0,6.0,1206.0
23894,1939,158.0,7.0,57.0,6.0,438.0
23895,1939,158.0,7.0,57.0,6.0,86.0
23896,1939,158.0,7.0,57.0,6.0,28398.0
23897,1939,158.0,7.0,57.0,6.0,96118.0
23898,1939,81.0,7.0,99.0,6.0,1635.0
23899,1939,107.0,0.0,0.0,6.0,424.0
23900,1939,81.0,7.0,99.0,6.0,1826.0
23901,1939,158.0,7.0,57.0,6.0,23630.0
23902,1939,158.0,7.0,57.0,6.0,31789.0
23913,2563,81.0,0.0,0.0,6.0,1129.0
23914,2563,133.0,7.0,50.0,6.0,6317.0
23915,2563,78.0,0.0,0.0,6.0,6808.0
23916,2563,61.0,7.0,68.0,6.0,13395.0
23917,2563,159.0,3.0,93.0,6.0,1347.0
23918,2563,183.0,6.0,88.0,6.0,48971.0
23919,2563,154.0,2.0,99.0,6.0,5860.0
23920,2563,61.0,7.0,68.0,6.0,486.0
23921,2563,154.0,2.0,99.0,6.0,1064.0
23922,2563,89.0,0.0,0.0,6.0,28226.0
23924,880,161.0,7.0,76.0,8.0,139866.0
23925,880,158.0,7.0,57.0,8.0,317.0
23926,880,118.0,3.0,101.0,8.0,908.0
23927,880,165.0,3.0,78.0,8.0,994.0
23928,880,74.0,3.0,34.0,8.0,2445.0
23929,880,23.0,2.0,17.0,8.0,42.0
23930,880,158.0,7.0,57.0,8.0,896.0
23931,880,118.0,3.0,101.0,8.0,808.0
23932,880,158.0,7.0,57.0,8.0,1896.0
23987,1728,81.0,7.0,102.0,8.0,2038.0
23988,1728,49.0,2.0,19.0,8.0,694289.0
23989,1728,56.0,7.0,26.0,8.0,967.0
23990,1728,81.0,7.0,102.0,8.0,8375.0
23991,1728,118.0,3.0,101.0,8.0,1365.0
23992,1728,80.0,7.0,58.0,8.0,0.0
23993,1728,81.0,7.0,102.0,8.0,7514.0
23994,1728,74.0,3.0,34.0,8.0,1601.0
23995,1728,56.0,7.0,26.0,8.0,551.0
23996,1728,39.0,7.0,12.0,8.0,1189.0
24007,2310,158.0,7.0,92.0,11.0,47.0
24008,2310,166.0,3.0,95.0,11.0,5.0
24009,2310,103.0,6.0,53.0,11.0,1810.0
24010,2310,158.0,7.0,92.0,11.0,193.0
24011,2310,166.0,3.0,95.0,11.0,260.0
24012,2310,153.0,2.0,99.0,11.0,103802.0
24013,2310,166.0,3.0,95.0,11.0,409.0
24014,2310,91.0,7.0,91.0,11.0,1025.0
24015,2310,166.0,3.0,95.0,11.0,872.0
24016,2310,158.0,7.0,57.0,11.0,210.0
24037,502,56.0,7.0,26.0,8.0,2297.0
24038,502,81.0,7.0,99.0,8.0,2707.0
24039,502,36.0,0.0,0.0,8.0,22872.0
24040,502,81.0,7.0,99.0,8.0,16328.0
24041,502,178.0,7.0,104.0,8.0,2834.0
24042,502,165.0,3.0,78.0,8.0,12.0
24043,502,23.0,2.0,17.0,8.0,2538.0
24044,502,16.0,2.0,20.0,8.0,234134.0
24045,502,23.0,2.0,17.0,8.0,8488.0
24046,502,81.0,7.0,99.0,8.0,49291.0
24097,1294,47.0,0.0,0.0,8.0,838.0
24098,1294,47.0,0.0,0.0,8.0,732.0
24099,1294,47.0,0.0,0.0,8.0,755.0
24100,1294,47.0,0.0,0.0,8.0,556.0
24101,1294,47.0,0.0,0.0,8.0,882.0
24102,1294,47.0,0.0,0.0,8.0,545.0
24103,1294,47.0,0.0,0.0,8.0,892.0
24104,1294,47.0,0.0,0.0,8.0,648.0
24105,1294,47.0,0.0,0.0,8.0,654.0
24106,1294,47.0,0.0,0.0,8.0,537.0
24107,3208,118.0,3.0,101.0,8.0,138.0
24108,3208,105.0,0.0,0.0,8.0,6583.0
24109,3208,183.0,6.0,85.0,8.0,9553.0
24110,3208,74.0,3.0,34.0,8.0,254.0
24111,872,9.0,2.0,14.0,8.0,27.0
24112,872,158.0,7.0,92.0,8.0,902.0
24113,872,9.0,2.0,14.0,8.0,171.0
24114,872,23.0,2.0,17.0,8.0,15678.0
24115,872,9.0,2.0,14.0,8.0,3.0
24116,872,165.0,3.0,78.0,8.0,65.0
24117,872,165.0,3.0,78.0,8.0,8.0
24118,872,118.0,3.0,101.0,8.0,923.0
24119,872,60.0,7.0,28.0,8.0,6816.0
24120,872,183.0,6.0,88.0,8.0,4435.0
24133,330,165.0,3.0,78.0,10.0,774.0
24134,330,158.0,7.0,57.0,10.0,21651.0
24135,330,158.0,7.0,57.0,10.0,12778.0
24136,330,118.0,3.0,101.0,10.0,1709.0
24137,330,23.0,2.0,17.0,10.0,790.0
24138,330,158.0,7.0,57.0,10.0,28240.0
24139,330,183.0,6.0,85.0,10.0,90691.0
24140,330,23.0,2.0,17.0,10.0,971.0
24141,330,158.0,7.0,57.0,10.0,45928.0
24142,330,23.0,2.0,17.0,10.0,640.0
24267,793,16.0,2.0,20.0,6.0,5638.0
24268,793,9.0,2.0,14.0,6.0,13053.0
24269,793,118.0,3.0,101.0,6.0,1048.0
24270,793,23.0,2.0,17.0,6.0,11054.0
24271,793,23.0,2.0,17.0,6.0,4613.0
24272,793,118.0,3.0,101.0,6.0,190.0
24273,793,74.0,3.0,34.0,6.0,5089.0
24274,793,36.0,0.0,0.0,6.0,7156.0
24275,793,165.0,3.0,78.0,6.0,130.0
24276,793,118.0,3.0,101.0,6.0,68901.0
24287,3143,78.0,0.0,0.0,6.0,2821.0
24288,3143,61.0,7.0,68.0,6.0,1852.0
24289,3143,81.0,0.0,0.0,6.0,1020.0
24290,3143,178.0,7.0,104.0,6.0,1916.0
24291,3143,159.0,3.0,93.0,6.0,1438.0
24292,3143,131.0,0.0,0.0,6.0,374.0
24293,3143,78.0,0.0,0.0,6.0,938.0
24294,3143,19.0,0.0,0.0,6.0,462.0
24295,3143,15.0,0.0,0.0,6.0,60648.0
24296,3143,37.0,5.0,55.0,6.0,9806.0
24297,3116,65.0,0.0,0.0,0.0,389.0
24298,3116,81.0,0.0,0.0,6.0,873.0
24299,3116,81.0,0.0,0.0,6.0,2.0
24300,3116,154.0,2.0,99.0,6.0,3358.0
24301,3116,118.0,3.0,101.0,6.0,950.0
24302,3116,160.0,0.0,0.0,6.0,296242.0
24303,3116,185.0,0.0,0.0,6.0,59451.0
24304,3116,81.0,7.0,50.0,6.0,3112.0
24305,3116,131.0,0.0,0.0,6.0,321.0
24306,3116,165.0,3.0,78.0,6.0,605.0
24307,807,39.0,7.0,12.0,6.0,1112.0
24308,807,165.0,3.0,78.0,6.0,587.0
24309,807,39.0,7.0,12.0,6.0,262659.0
24310,807,23.0,2.0,17.0,6.0,61.0
24311,807,56.0,7.0,26.0,6.0,688.0
24312,807,74.0,3.0,34.0,6.0,2856.0
24313,807,23.0,2.0,17.0,6.0,73.0
24314,807,165.0,3.0,78.0,6.0,347.0
24315,807,118.0,3.0,101.0,6.0,38905.0
24316,807,49.0,2.0,19.0,6.0,311847.0
24322,2023,81.0,7.0,99.0,8.0,1100745.0
24323,2023,187.0,0.0,0.0,8.0,181849.0
24324,2023,60.0,7.0,28.0,8.0,62159.0
24325,2023,74.0,3.0,34.0,8.0,3424.0
24326,2023,89.0,0.0,0.0,8.0,35537.0
24327,2023,158.0,7.0,57.0,8.0,27427.0
24328,2023,154.0,2.0,99.0,8.0,16237.0
24329,2023,131.0,0.0,0.0,8.0,843.0
24330,2023,154.0,2.0,99.0,8.0,2850.0
24331,2023,158.0,7.0,92.0,8.0,7015.0
24332,1457,63.0,0.0,0.0,6.0,4153.0
24333,1457,131.0,0.0,0.0,6.0,586.0
24334,1457,118.0,3.0,101.0,6.0,0.0
24335,1457,147.0,7.0,60.0,6.0,1358.0
24336,1457,23.0,2.0,17.0,6.0,24.0
24337,1457,154.0,2.0,99.0,6.0,9340.0
24338,1457,60.0,7.0,28.0,6.0,19340.0
24339,1457,56.0,7.0,26.0,6.0,1945.0
24340,1457,118.0,3.0,101.0,6.0,1550.0
24341,1457,60.0,7.0,28.0,6.0,0.0
24352,570,46.0,0.0,0.0,6.0,2128.0
24353,570,15.0,0.0,0.0,6.0,73746.0
24354,570,74.0,3.0,34.0,11.0,324.0
24355,570,2.0,4.0,49.0,6.0,153297.0
24356,570,50.0,6.0,54.0,6.0,8389.0
24357,570,49.0,2.0,19.0,11.0,23415.0
24358,570,178.0,7.0,104.0,6.0,590.0
24359,570,183.0,6.0,88.0,6.0,11569.0
24360,570,78.0,0.0,0.0,6.0,540.0
24361,570,78.0,0.0,0.0,6.0,850.0
24372,153,153.0,2.0,99.0,11.0,21816.0
24373,153,91.0,7.0,91.0,11.0,521.0
24374,153,153.0,2.0,99.0,11.0,53961.0
24375,153,153.0,2.0,99.0,11.0,28125.0
24376,153,153.0,2.0,99.0,11.0,28845.0
24377,153,81.0,0.0,0.0,11.0,30963.0
24378,153,103.0,6.0,53.0,11.0,442.0
24379,153,153.0,2.0,99.0,11.0,29421.0
24380,153,6.0,0.0,0.0,11.0,91.0
24381,153,153.0,2.0,99.0,11.0,65364.0
24382,2077,74.0,3.0,34.0,8.0,221.0
24383,2077,118.0,3.0,101.0,8.0,99.0
24384,2077,105.0,0.0,0.0,8.0,2967.0
24385,2077,183.0,6.0,85.0,8.0,5645.0
24386,2077,54.0,0.0,0.0,8.0,244.0
24407,1890,9.0,2.0,14.0,8.0,1064.0
24408,1890,23.0,2.0,17.0,8.0,701.0
24409,1890,158.0,7.0,57.0,8.0,16112.0
24410,1890,165.0,3.0,78.0,8.0,53.0
24411,1890,23.0,2.0,17.0,8.0,588.0
24412,1890,158.0,7.0,57.0,8.0,11536.0
24413,1890,118.0,3.0,101.0,8.0,1323.0
24414,1890,118.0,3.0,101.0,8.0,906.0
24415,1890,154.0,2.0,99.0,8.0,28986.0
24416,1890,107.0,0.0,0.0,8.0,78.0
24427,1753,158.0,0.0,0.0,0.0,264.0
24428,2297,118.0,3.0,101.0,6.0,1665.0
24429,2297,118.0,3.0,101.0,6.0,1671.0
24430,2297,158.0,7.0,57.0,6.0,4871.0
24431,2297,81.0,7.0,99.0,6.0,1575.0
24432,2297,165.0,3.0,78.0,6.0,32.0
24433,2297,165.0,3.0,78.0,6.0,29.0
24434,2297,23.0,2.0,17.0,6.0,39.0
24435,2297,118.0,3.0,101.0,6.0,1635.0
24436,2297,147.0,6.0,65.0,6.0,35862.0
24437,2297,23.0,2.0,17.0,6.0,403.0
24438,838,54.0,6.0,24.0,8.0,48016.0
24439,838,60.0,7.0,28.0,8.0,22846.0
24440,838,54.0,6.0,24.0,8.0,424935.0
24441,838,147.0,7.0,60.0,8.0,1461.0
24442,838,81.0,0.0,0.0,8.0,7452.0
24443,838,158.0,7.0,92.0,8.0,71527.0
24444,838,187.0,0.0,0.0,8.0,20741.0
24445,838,147.0,7.0,60.0,8.0,13381.0
24446,838,39.0,7.0,12.0,8.0,814.0
24447,838,133.0,7.0,50.0,8.0,137703.0
24489,1571,158.0,7.0,57.0,8.0,15883.0
24490,1571,158.0,7.0,57.0,8.0,439.0
24491,1571,154.0,2.0,99.0,8.0,788.0
24492,1571,23.0,2.0,17.0,8.0,677.0
24493,1571,23.0,2.0,17.0,8.0,1086.0
24494,1571,56.0,7.0,26.0,11.0,728.0
24495,1571,154.0,2.0,99.0,8.0,1897.0
24496,1571,74.0,3.0,34.0,11.0,6664.0
24497,1571,31.0,6.0,20.0,8.0,828.0
24498,1571,118.0,3.0,101.0,8.0,1434.0
24509,414,133.0,7.0,50.0,6.0,883.0
24510,414,85.0,0.0,0.0,6.0,199408.0
24511,414,158.0,7.0,57.0,6.0,1853.0
24512,414,158.0,7.0,92.0,6.0,1879.0
24513,414,134.0,6.0,73.0,6.0,2111.0
24514,414,81.0,7.0,102.0,6.0,1398.0
24515,414,133.0,7.0,50.0,6.0,1016.0
24516,414,60.0,7.0,28.0,6.0,802.0
24517,414,133.0,7.0,50.0,6.0,1224.0
24518,414,158.0,7.0,57.0,6.0,1573.0
24529,2126,118.0,3.0,101.0,6.0,3002.0
24530,2126,74.0,3.0,34.0,6.0,1792.0
24531,2126,9.0,2.0,14.0,6.0,5.0
24532,2126,161.0,7.0,76.0,6.0,6948.0
24533,2126,142.0,0.0,0.0,6.0,240.0
24534,2126,165.0,3.0,78.0,6.0,293.0
24535,2126,23.0,2.0,17.0,6.0,536.0
24536,2126,105.0,0.0,0.0,6.0,3124.0
24537,2126,10.0,0.0,0.0,6.0,67.0
24538,2126,158.0,7.0,56.0,6.0,31963.0
24550,1389,153.0,2.0,99.0,11.0,11162.0
24551,1389,183.0,6.0,85.0,11.0,176.0
24552,1389,158.0,7.0,57.0,11.0,167.0
24553,1389,6.0,0.0,0.0,11.0,127580.0
24554,1389,6.0,0.0,0.0,11.0,84495.0
24555,1389,183.0,6.0,85.0,11.0,190.0
24556,1389,150.0,3.0,41.0,11.0,31.0
24557,1389,150.0,3.0,41.0,11.0,4.0
24558,1389,6.0,0.0,0.0,11.0,123.0
24559,1389,153.0,2.0,99.0,11.0,38154.0
24560,597,158.0,7.0,57.0,6.0,157.0
24561,597,154.0,2.0,99.0,6.0,38183.0
24562,597,154.0,2.0,99.0,6.0,2640.0
24563,597,158.0,7.0,57.0,6.0,17600.0
24564,597,74.0,3.0,34.0,11.0,2865.0
24565,597,181.0,3.0,84.0,0.0,707.0
24566,597,49.0,2.0,19.0,11.0,6385.0
24567,597,158.0,7.0,57.0,6.0,227.0
24568,597,158.0,7.0,57.0,6.0,121.0
24569,597,81.0,7.0,99.0,6.0,18768.0
24620,2772,154.0,2.0,99.0,6.0,1917.0
24621,2772,81.0,7.0,99.0,6.0,3500.0
24622,2772,81.0,7.0,99.0,6.0,1664.0
24623,2772,154.0,2.0,99.0,6.0,329.0
24624,2772,154.0,2.0,99.0,6.0,1446.0
24625,2772,23.0,2.0,17.0,6.0,297.0
24626,2772,165.0,3.0,78.0,6.0,122.0
24627,2772,165.0,3.0,78.0,6.0,563.0
24628,2772,154.0,2.0,99.0,6.0,1421.0
24629,2772,23.0,2.0,17.0,6.0,3069.0
24650,2080,156.0,6.0,23.0,6.0,611.0
24651,2080,183.0,0.0,0.0,6.0,58157.0
24652,2080,158.0,7.0,57.0,6.0,72651.0
24653,2080,183.0,0.0,0.0,6.0,68150.0
24654,2080,81.0,7.0,99.0,6.0,26521.0
24655,2080,94.0,7.0,47.0,6.0,1636.0
24656,2080,74.0,3.0,34.0,6.0,1324.0
24657,2080,118.0,3.0,101.0,6.0,15.0
24658,2080,158.0,7.0,57.0,6.0,6027.0
24659,2080,118.0,3.0,101.0,6.0,1192.0
24670,247,153.0,2.0,99.0,11.0,3005.0
24671,247,158.0,7.0,92.0,0.0,685.0
24672,247,91.0,7.0,91.0,11.0,514.0
24673,247,158.0,0.0,0.0,0.0,5388.0
24674,247,183.0,6.0,85.0,11.0,319.0
24675,247,81.0,7.0,48.0,11.0,56.0
24676,247,158.0,7.0,57.0,11.0,137.0
24677,247,81.0,7.0,48.0,11.0,72.0
24678,247,159.0,3.0,93.0,11.0,2887.0
24679,247,158.0,0.0,0.0,11.0,441.0
24690,1687,154.0,2.0,99.0,10.0,4336.0
24691,1687,158.0,7.0,92.0,10.0,908.0
24692,1687,165.0,3.0,78.0,10.0,1486.0
24693,1687,154.0,2.0,99.0,10.0,2527.0
24694,1687,33.0,7.0,45.0,10.0,15814.0
24695,1687,154.0,2.0,99.0,10.0,42273.0
24696,1687,154.0,2.0,99.0,10.0,4577.0
24697,1687,154.0,2.0,99.0,10.0,1531.0
24698,1687,118.0,3.0,101.0,10.0,2765.0
24699,1687,118.0,3.0,101.0,10.0,2471.0
24720,1526,33.0,6.0,43.0,8.0,9513.0
24721,1526,64.0,0.0,0.0,8.0,332.0
24722,1526,49.0,2.0,19.0,8.0,164610.0
24723,1526,15.0,0.0,0.0,8.0,18497.0
24724,1526,60.0,7.0,28.0,8.0,3284.0
24725,1526,60.0,7.0,28.0,8.0,7462.0
24726,1526,131.0,0.0,0.0,8.0,1453.0
24727,1526,60.0,7.0,28.0,8.0,14270.0
24728,1526,54.0,6.0,24.0,8.0,135285.0
24729,1526,81.0,0.0,0.0,8.0,1922.0
24745,3218,49.0,2.0,19.0,8.0,97688.0
24746,3218,78.0,0.0,0.0,8.0,1416.0
24747,3218,37.0,5.0,55.0,8.0,4258.0
24748,3218,56.0,7.0,26.0,8.0,402.0
24749,3218,60.0,7.0,28.0,8.0,29903.0
24750,3218,78.0,0.0,0.0,8.0,1416.0
24751,3218,19.0,0.0,0.0,8.0,533.0
24752,3218,133.0,7.0,50.0,8.0,1007.0
24753,3218,19.0,0.0,0.0,8.0,2.0
24754,3218,131.0,0.0,0.0,8.0,361.0
24831,2979,54.0,0.0,0.0,11.0,250.0
24832,2979,158.0,7.0,92.0,11.0,0.0
24833,2979,183.0,6.0,87.0,11.0,11373.0
24834,2979,153.0,2.0,99.0,11.0,0.0
24835,2979,153.0,2.0,99.0,11.0,35496.0
24836,2979,153.0,2.0,99.0,11.0,3526.0
24837,2979,54.0,0.0,0.0,11.0,333.0
24838,2979,153.0,2.0,99.0,11.0,2452.0
24839,2979,153.0,2.0,99.0,11.0,3214.0
24840,2979,81.0,3.0,72.0,11.0,2117.0
24841,947,159.0,3.0,93.0,6.0,611.0
24842,947,31.0,6.0,20.0,6.0,1107.0
24843,947,158.0,7.0,92.0,6.0,107.0
24844,947,23.0,2.0,17.0,6.0,65.0
24845,947,16.0,2.0,20.0,6.0,4031.0
24846,947,81.0,7.0,50.0,6.0,8972.0
24847,947,100.0,7.0,97.0,6.0,31524.0
24848,947,105.0,0.0,0.0,6.0,5365.0
24849,947,74.0,3.0,34.0,11.0,1369.0
24850,947,23.0,2.0,17.0,6.0,1108.0
24851,937,56.0,7.0,26.0,6.0,139.0
24852,937,61.0,7.0,68.0,6.0,1032.0
24853,937,165.0,3.0,78.0,6.0,1546.0
24854,937,19.0,0.0,0.0,6.0,4.0
24855,937,85.0,0.0,0.0,6.0,132417.0
24856,937,118.0,3.0,101.0,6.0,1.0
24857,937,46.0,0.0,0.0,6.0,4606.0
24858,937,147.0,7.0,60.0,6.0,2055.0
24859,937,86.0,0.0,0.0,6.0,358043.0
24860,937,23.0,2.0,17.0,6.0,91.0
24920,792,178.0,7.0,104.0,6.0,529.0
24921,792,54.0,6.0,24.0,6.0,69368.0
24922,792,147.0,7.0,60.0,6.0,2135.0
24923,792,187.0,0.0,0.0,6.0,30324.0
24924,792,147.0,7.0,60.0,6.0,11185.0
24925,792,56.0,7.0,26.0,6.0,521.0
24926,792,147.0,7.0,60.0,6.0,554.0
24927,792,147.0,6.0,65.0,6.0,19226.0
24928,792,116.0,1.0,62.0,6.0,0.0
24929,792,147.0,7.0,60.0,6.0,588.0
24950,922,181.0,3.0,84.0,2.0,109123.0
24951,922,54.0,0.0,0.0,2.0,670.0
24952,922,181.0,3.0,84.0,2.0,24657.0
24963,1335,146.0,2.0,70.0,6.0,2234.0
24964,1335,131.0,0.0,0.0,11.0,915.0
24965,1335,74.0,3.0,34.0,11.0,2187.0
24966,1335,88.0,0.0,0.0,6.0,21584.0
24967,1335,131.0,0.0,0.0,11.0,431.0
24968,1335,74.0,3.0,34.0,11.0,1303.0
24969,1335,60.0,7.0,28.0,11.0,7142.0
24970,1335,60.0,7.0,28.0,11.0,692.0
24971,1335,81.0,0.0,0.0,6.0,2080.0
24972,1335,19.0,0.0,0.0,11.0,562.0
24983,1661,23.0,2.0,17.0,8.0,27.0
24984,1661,61.0,7.0,68.0,8.0,348449.0
24985,1661,118.0,3.0,101.0,8.0,786.0
24986,1661,158.0,7.0,57.0,8.0,398.0
24987,1661,81.0,7.0,99.0,8.0,850.0
24988,1661,124.0,7.0,64.0,8.0,1029.0
24989,1661,61.0,7.0,68.0,8.0,924.0
24990,1661,118.0,3.0,101.0,8.0,25163.0
24991,1661,9.0,2.0,14.0,8.0,31.0
24992,1661,23.0,2.0,17.0,8.0,45.0
25039,631,158.0,7.0,92.0,6.0,411.0
25040,631,37.0,5.0,55.0,6.0,11392.0
25041,631,165.0,3.0,78.0,6.0,1131.0
25042,631,46.0,0.0,0.0,6.0,4939.0
25043,631,9.0,2.0,14.0,6.0,45.0
25044,631,158.0,7.0,92.0,6.0,89.0
25045,631,154.0,2.0,99.0,6.0,20100.0
25046,631,78.0,0.0,0.0,6.0,567.0
25047,631,175.0,0.0,0.0,6.0,1267.0
25048,631,154.0,2.0,99.0,6.0,6382.0
25069,2113,118.0,3.0,101.0,6.0,46.0
25070,2113,118.0,3.0,101.0,6.0,36131.0
25071,2113,56.0,7.0,26.0,6.0,1205.0
25072,2113,118.0,3.0,101.0,6.0,876.0
25073,2113,23.0,2.0,17.0,6.0,1189.0
25074,2113,158.0,7.0,57.0,6.0,8130.0
25075,2113,81.0,7.0,99.0,6.0,107918.0
25076,2113,158.0,7.0,57.0,6.0,12863.0
25077,2113,158.0,7.0,57.0,6.0,202.0
25078,2113,158.0,7.0,57.0,6.0,923.0
25149,2725,81.0,7.0,50.0,8.0,655.0
25150,2725,74.0,3.0,34.0,8.0,435.0
25151,2725,31.0,6.0,20.0,8.0,437.0
25152,2725,81.0,7.0,50.0,8.0,6502.0
25153,2725,81.0,7.0,50.0,8.0,967.0
25154,2725,118.0,3.0,101.0,8.0,11.0
25155,2725,16.0,2.0,20.0,8.0,50745.0
25156,2725,23.0,2.0,17.0,8.0,50.0
25157,2725,81.0,7.0,50.0,8.0,3495.0
25158,2725,74.0,3.0,34.0,8.0,344.0
25159,1330,43.0,2.0,37.0,11.0,40024.0
25160,1330,166.0,3.0,95.0,11.0,17511.0
25161,1330,158.0,7.0,92.0,11.0,1314.0
25162,1330,181.0,3.0,84.0,11.0,0.0
25163,1330,6.0,0.0,0.0,11.0,157.0
25164,1330,158.0,7.0,92.0,11.0,153.0
25165,1330,150.0,3.0,41.0,11.0,74722.0
25166,1330,158.0,7.0,92.0,11.0,43.0
25167,1330,150.0,3.0,41.0,11.0,45.0
25168,1330,158.0,0.0,0.0,11.0,3073.0
25205,2144,81.0,7.0,99.0,8.0,127603.0
25206,2144,118.0,3.0,101.0,8.0,11569.0
25207,2144,64.0,0.0,0.0,8.0,50776.0
25208,2144,158.0,7.0,57.0,8.0,122654.0
25209,2144,74.0,3.0,34.0,8.0,1605.0
25210,2144,23.0,2.0,17.0,8.0,8352.0
25216,1849,158.0,7.0,57.0,8.0,30134.0
25217,1849,158.0,7.0,57.0,8.0,1128.0
25218,1849,91.0,0.0,0.0,8.0,112.0
25219,1849,183.0,6.0,85.0,8.0,70011.0
25220,1849,23.0,2.0,17.0,8.0,2613.0
25221,1849,158.0,7.0,57.0,8.0,42.0
25222,1849,165.0,3.0,78.0,8.0,55.0
25223,1849,158.0,7.0,57.0,8.0,280.0
25224,1849,183.0,6.0,85.0,8.0,52538.0
25225,1849,23.0,2.0,17.0,8.0,2514.0
25245,3139,9.0,2.0,14.0,6.0,28.0
25246,3139,23.0,2.0,17.0,6.0,9.0
25247,3139,158.0,7.0,57.0,6.0,124994.0
25248,3139,165.0,3.0,78.0,6.0,158.0
25249,3139,9.0,2.0,14.0,6.0,14970.0
25250,3139,165.0,3.0,78.0,6.0,284.0
25251,3139,23.0,2.0,17.0,6.0,2466.0
25252,3139,23.0,2.0,17.0,6.0,7.0
25253,3139,165.0,3.0,78.0,6.0,105.0
25254,3139,16.0,2.0,20.0,6.0,154131.0
25265,743,158.0,7.0,57.0,8.0,5651.0
25266,743,165.0,3.0,78.0,8.0,3184.0
25267,743,118.0,3.0,101.0,8.0,2540.0
25268,743,118.0,3.0,101.0,8.0,1831.0
25269,743,147.0,7.0,60.0,8.0,1128.0
25270,743,81.0,7.0,99.0,8.0,212003.0
25271,743,23.0,2.0,17.0,8.0,4123.0
25272,743,165.0,3.0,78.0,8.0,51.0
25273,743,118.0,3.0,101.0,8.0,2101.0
25274,743,165.0,3.0,78.0,8.0,52.0
25305,425,56.0,7.0,26.0,6.0,1098.0
25306,425,49.0,2.0,19.0,6.0,245745.0
25307,425,56.0,7.0,26.0,6.0,417.0
25308,425,74.0,3.0,34.0,6.0,1768.0
25309,425,118.0,3.0,101.0,6.0,6370.0
25310,425,161.0,7.0,76.0,6.0,25307.0
25321,803,124.0,7.0,64.0,6.0,53.0
25322,803,154.0,2.0,99.0,6.0,16938.0
25323,803,165.0,3.0,78.0,6.0,698.0
25324,803,165.0,3.0,78.0,6.0,658.0
25325,803,165.0,3.0,78.0,6.0,470.0
25326,803,81.0,7.0,99.0,6.0,28206.0
25327,803,23.0,2.0,17.0,6.0,59.0
25328,803,165.0,3.0,78.0,6.0,822.0
25329,803,118.0,3.0,101.0,6.0,1809.0
25330,803,158.0,7.0,57.0,6.0,277.0
25399,2723,158.0,7.0,57.0,6.0,19272.0
25400,2723,81.0,7.0,99.0,6.0,3352.0
25401,2723,165.0,3.0,78.0,6.0,94.0
25402,2723,74.0,3.0,34.0,6.0,35.0
25403,2723,154.0,2.0,99.0,6.0,0.0
25404,2723,154.0,2.0,99.0,6.0,4712.0
25405,2723,158.0,7.0,57.0,6.0,298.0
25406,2723,81.0,7.0,99.0,6.0,3616.0
25407,2723,118.0,3.0,101.0,6.0,9.0
25408,2723,118.0,3.0,101.0,6.0,223.0
25409,1809,6.0,0.0,0.0,0.0,636.0
25410,1809,158.0,7.0,57.0,6.0,21046.0
25411,1809,81.0,7.0,99.0,6.0,568.0
25412,1809,118.0,3.0,101.0,6.0,1135.0
25413,1809,158.0,7.0,57.0,6.0,172.0
25414,1809,23.0,2.0,17.0,6.0,676.0
25415,1809,23.0,2.0,17.0,6.0,589.0
25416,1809,158.0,7.0,57.0,6.0,400.0
25417,1809,118.0,3.0,101.0,6.0,833.0
25418,1809,158.0,7.0,57.0,6.0,21084.0
25436,240,23.0,2.0,17.0,6.0,601.0
25437,240,158.0,7.0,57.0,6.0,171.0
25438,240,23.0,2.0,17.0,6.0,1250.0
25439,240,158.0,7.0,57.0,6.0,4768.0
25440,240,39.0,7.0,12.0,6.0,885.0
25441,240,158.0,7.0,57.0,6.0,200621.0
25442,240,118.0,3.0,101.0,6.0,904.0
25443,240,74.0,3.0,34.0,6.0,2048.0
25444,240,23.0,2.0,17.0,6.0,442.0
25445,240,165.0,3.0,78.0,6.0,44.0
25466,1060,81.0,0.0,0.0,2.0,128.0
25467,1060,133.0,7.0,50.0,8.0,2894.0
25468,1060,81.0,7.0,50.0,8.0,2496.0
25469,1060,147.0,7.0,60.0,8.0,855.0
25470,1060,154.0,2.0,99.0,8.0,7777.0
25471,1060,166.0,3.0,95.0,2.0,861.0
25472,1060,91.0,7.0,91.0,2.0,1158.0
25473,1060,158.0,7.0,57.0,8.0,4138.0
25474,1060,158.0,7.0,92.0,2.0,551.0
25475,1060,166.0,3.0,95.0,2.0,1407.0
25476,1911,31.0,6.0,20.0,6.0,510.0
25477,1911,49.0,2.0,19.0,6.0,297506.0
25478,1911,81.0,7.0,50.0,6.0,21321.0
25479,1911,33.0,6.0,43.0,6.0,11637.0
25480,1911,74.0,3.0,34.0,6.0,1261.0
25481,1911,56.0,7.0,26.0,6.0,475.0
25482,1786,64.0,0.0,0.0,10.0,4135.0
25483,1786,150.0,3.0,41.0,11.0,63672.0
25484,1786,158.0,7.0,57.0,10.0,17367.0
25485,1786,166.0,3.0,95.0,11.0,12.0
25486,1786,23.0,2.0,17.0,10.0,71.0
25487,1786,187.0,0.0,0.0,10.0,21213.0
25488,1786,158.0,7.0,57.0,10.0,226.0
25489,1786,158.0,7.0,57.0,10.0,3523.0
25490,1786,147.0,7.0,60.0,10.0,4116.0
25491,1786,165.0,3.0,78.0,10.0,127.0
25512,1434,143.0,7.0,67.0,6.0,2463.0
25513,1434,23.0,2.0,17.0,6.0,619.0
25514,1434,187.0,0.0,0.0,6.0,17443.0
25515,1434,183.0,6.0,85.0,6.0,4244.0
25516,1434,161.0,7.0,76.0,6.0,30369.0
25517,1434,74.0,3.0,34.0,6.0,7277.0
25518,1434,118.0,3.0,101.0,6.0,139.0
25519,1434,183.0,6.0,88.0,6.0,78112.0
25520,1434,103.0,7.0,1.0,6.0,381.0
25521,1434,78.0,0.0,0.0,6.0,7110.0
25522,2235,78.0,0.0,0.0,6.0,697765.0
25523,2235,158.0,7.0,57.0,6.0,9145.0
25524,2235,154.0,2.0,99.0,6.0,10966.0
25525,2235,60.0,7.0,28.0,6.0,1255.0
25526,2235,56.0,7.0,26.0,6.0,2374.0
25527,2235,60.0,7.0,28.0,6.0,2307.0
25528,2235,118.0,3.0,101.0,6.0,2215.0
25529,2235,183.0,6.0,88.0,6.0,182017.0
25530,2235,60.0,7.0,28.0,6.0,5985.0
25531,2235,78.0,0.0,0.0,6.0,3691.0
25562,2850,88.0,0.0,0.0,6.0,19796.0
25563,2850,49.0,2.0,19.0,6.0,43754.0
25564,2850,146.0,2.0,70.0,6.0,5216.0
25565,2850,49.0,2.0,19.0,6.0,12766.0
25566,2850,32.0,1.0,10.0,6.0,4950.0
25567,2850,81.0,0.0,0.0,6.0,1939.0
25568,2850,19.0,0.0,0.0,6.0,5690.0
25569,2850,78.0,0.0,0.0,6.0,6072.0
25570,2850,88.0,0.0,0.0,6.0,32665.0
25571,2850,15.0,0.0,0.0,6.0,940.0
25580,1257,118.0,3.0,101.0,6.0,125.0
25581,1257,33.0,6.0,43.0,6.0,546770.0
25582,1257,23.0,2.0,17.0,6.0,524.0
25583,1257,165.0,3.0,78.0,6.0,801.0
25584,1257,158.0,7.0,57.0,6.0,12011.0
25585,1257,158.0,7.0,57.0,6.0,252.0
25586,1257,165.0,3.0,78.0,6.0,145.0
25587,1257,23.0,2.0,17.0,6.0,56696.0
25588,1257,183.0,6.0,88.0,6.0,400284.0
25589,1257,154.0,2.0,99.0,6.0,4771.0
25590,1883,10.0,0.0,0.0,6.0,214.0
25591,1883,154.0,2.0,99.0,6.0,1506.0
25592,1883,118.0,3.0,101.0,6.0,1343.0
25593,1883,118.0,3.0,101.0,6.0,1265.0
25594,1883,158.0,7.0,56.0,6.0,9354.0
25595,1883,74.0,3.0,34.0,6.0,3374.0
25596,1883,154.0,2.0,99.0,6.0,1816.0
25597,1883,81.0,7.0,99.0,6.0,20858.0
25598,1883,49.0,2.0,19.0,6.0,51720.0
25599,1883,154.0,2.0,99.0,6.0,2726.0
25609,2763,118.0,3.0,101.0,10.0,18247.0
25610,2763,23.0,2.0,17.0,10.0,436.0
25611,2763,23.0,2.0,17.0,10.0,1062.0
25612,2763,158.0,7.0,57.0,10.0,249.0
25613,2763,158.0,7.0,57.0,10.0,11095.0
25614,2763,165.0,3.0,78.0,10.0,63.0
25615,2763,165.0,3.0,78.0,10.0,37.0
25616,2763,158.0,7.0,57.0,10.0,1953.0
25617,2763,16.0,2.0,20.0,10.0,63267.0
25618,2763,158.0,7.0,57.0,10.0,393.0
25629,1882,118.0,3.0,101.0,6.0,1208.0
25630,1882,158.0,7.0,57.0,6.0,28055.0
25631,1882,154.0,2.0,99.0,6.0,36813.0
25632,1882,118.0,3.0,101.0,6.0,1122.0
25633,1882,154.0,2.0,99.0,6.0,33138.0
25634,1882,154.0,2.0,99.0,6.0,4298.0
25635,1882,118.0,3.0,101.0,6.0,82.0
25636,1882,74.0,3.0,34.0,6.0,532.0
25637,1882,154.0,2.0,99.0,6.0,2691.0
25638,1882,154.0,2.0,99.0,6.0,1747.0
25639,255,56.0,7.0,26.0,6.0,493.0
25640,255,81.0,7.0,99.0,6.0,20430.0
25641,255,183.0,6.0,85.0,6.0,16758.0
25642,255,74.0,3.0,34.0,6.0,574.0
25643,255,49.0,2.0,19.0,6.0,74662.0
25644,255,54.0,0.0,0.0,6.0,27148.0
25645,255,77.0,0.0,0.0,6.0,118763.0
25646,255,118.0,3.0,101.0,6.0,513.0
25647,255,54.0,0.0,0.0,6.0,235.0
25648,255,118.0,3.0,101.0,6.0,1687.0
25697,2978,23.0,2.0,17.0,10.0,2976.0
25698,2978,81.0,7.0,99.0,10.0,8690.0
25699,2978,154.0,2.0,99.0,10.0,22327.0
25700,2978,165.0,3.0,78.0,10.0,654.0
25701,2978,23.0,2.0,17.0,10.0,61.0
25702,2978,183.0,6.0,85.0,10.0,24822.0
25703,2978,154.0,2.0,99.0,10.0,7712.0
25704,2978,81.0,7.0,99.0,10.0,12160.0
25705,2978,118.0,3.0,101.0,10.0,2876.0
25706,2978,154.0,2.0,99.0,10.0,46773.0
25707,932,154.0,2.0,99.0,6.0,3490.0
25708,932,81.0,7.0,99.0,6.0,72171.0
25709,932,118.0,3.0,101.0,6.0,531.0
25710,932,154.0,2.0,99.0,6.0,6040.0
25711,932,118.0,3.0,101.0,6.0,19.0
25712,932,118.0,3.0,101.0,6.0,536.0
25713,932,118.0,3.0,101.0,6.0,120.0
25714,932,183.0,6.0,85.0,6.0,19051.0
25715,932,154.0,2.0,99.0,6.0,5006.0
25716,932,158.0,7.0,57.0,6.0,146445.0
25726,456,23.0,2.0,17.0,6.0,8247.0
25727,456,81.0,7.0,99.0,6.0,107272.0
25728,456,187.0,0.0,0.0,6.0,23120.0
25729,456,107.0,0.0,0.0,6.0,38.0
25730,456,118.0,3.0,101.0,6.0,1781.0
25731,456,178.0,7.0,104.0,6.0,9468.0
25732,456,30.0,6.0,7.0,6.0,29686.0
25733,456,118.0,3.0,101.0,6.0,8.0
25734,456,178.0,7.0,104.0,6.0,721.0
25735,456,147.0,7.0,60.0,6.0,7116.0
25757,3124,81.0,0.0,0.0,8.0,513.0
25758,3124,60.0,7.0,28.0,8.0,159506.0
25759,3124,81.0,0.0,0.0,8.0,843.0
25760,3124,81.0,7.0,97.0,8.0,1292.0
25761,3124,9.0,2.0,14.0,8.0,1389.0
25762,3124,165.0,3.0,78.0,8.0,611.0
25763,3124,15.0,0.0,0.0,8.0,13083.0
25764,3124,60.0,7.0,28.0,8.0,76613.0
25765,3124,9.0,2.0,14.0,8.0,868.0
25766,3124,183.0,6.0,85.0,8.0,4083.0
25767,2579,150.0,3.0,41.0,11.0,248.0
25768,2579,54.0,0.0,0.0,11.0,766.0
25769,2579,153.0,2.0,99.0,11.0,5160.0
25770,2579,158.0,7.0,57.0,11.0,26.0
25771,2579,158.0,7.0,92.0,11.0,812.0
25772,2579,158.0,0.0,0.0,11.0,542.0
25773,2579,150.0,3.0,41.0,11.0,69.0
25774,2579,158.0,7.0,92.0,11.0,34.0
25775,2579,158.0,7.0,92.0,11.0,722.0
25776,2579,153.0,2.0,99.0,11.0,3944.0
25817,2845,187.0,0.0,0.0,6.0,67329.0
25818,2845,54.0,6.0,24.0,6.0,147297.0
25819,2845,74.0,3.0,34.0,6.0,4139.0
25820,2845,126.0,0.0,0.0,6.0,82156.0
25821,2845,86.0,0.0,0.0,6.0,32574.0
25822,2845,32.0,1.0,10.0,6.0,6252.0
25823,2845,50.0,6.0,54.0,6.0,21805.0
25824,2845,50.0,6.0,54.0,6.0,4174.0
25825,2845,50.0,6.0,54.0,6.0,1654.0
25826,2845,85.0,0.0,0.0,6.0,163916.0
25827,1853,118.0,3.0,101.0,8.0,625.0
25828,1853,159.0,3.0,93.0,8.0,1193.0
25829,1853,154.0,2.0,99.0,8.0,6641.0
25830,1853,158.0,7.0,57.0,8.0,10403.0
25831,1853,81.0,7.0,99.0,8.0,1689.0
25832,1853,147.0,7.0,60.0,8.0,1267.0
25833,1853,118.0,3.0,101.0,8.0,1049.0
25834,1853,165.0,3.0,78.0,8.0,282.0
25835,1853,154.0,2.0,99.0,8.0,67269.0
25836,1853,165.0,3.0,78.0,8.0,289.0
25847,1459,126.0,0.0,0.0,8.0,3865.0
25848,1459,49.0,2.0,19.0,8.0,16037.0
25849,1459,39.0,7.0,12.0,8.0,39004.0
25850,1459,81.0,7.0,99.0,8.0,29040.0
25851,1459,87.0,0.0,0.0,8.0,23047.0
25852,1459,88.0,0.0,0.0,8.0,15483.0
25853,1459,81.0,0.0,0.0,8.0,749.0
25854,1459,54.0,6.0,24.0,8.0,0.0
25855,1459,154.0,2.0,99.0,8.0,2263.0
25856,1459,178.0,7.0,104.0,8.0,2131.0
25948,3086,56.0,7.0,26.0,8.0,2575.0
25949,3086,158.0,7.0,92.0,8.0,329.0
25950,3086,56.0,7.0,26.0,8.0,484.0
25951,3086,61.0,7.0,68.0,8.0,647.0
25952,3086,78.0,0.0,0.0,8.0,1975.0
25953,3086,187.0,0.0,0.0,8.0,16475.0
25954,3086,78.0,0.0,0.0,8.0,2214.0
25955,3086,56.0,7.0,26.0,8.0,709.0
25956,3086,60.0,7.0,28.0,8.0,615.0
25957,3086,86.0,0.0,0.0,8.0,213238.0
25978,2680,154.0,2.0,99.0,8.0,612.0
25979,2680,23.0,2.0,17.0,8.0,266.0
25980,2680,36.0,0.0,0.0,8.0,1362.0
25981,2680,118.0,3.0,101.0,8.0,1537.0
25982,2680,81.0,0.0,0.0,8.0,3062.0
25983,2680,107.0,0.0,0.0,8.0,119.0
25984,2680,154.0,2.0,99.0,8.0,684.0
25985,2680,36.0,0.0,0.0,8.0,70380.0
25986,2680,118.0,3.0,101.0,8.0,4653.0
25987,2680,154.0,2.0,99.0,8.0,14161.0
25998,1044,158.0,0.0,0.0,1.0,19990.0
25999,1044,103.0,6.0,53.0,1.0,96.0
26000,1044,6.0,0.0,0.0,1.0,62.0
26001,1044,59.0,0.0,0.0,1.0,1367.0
26002,1044,158.0,0.0,0.0,1.0,30325.0
26003,1044,183.0,6.0,87.0,1.0,4339.0
26004,1044,44.0,7.0,97.0,1.0,328.0
26005,1044,6.0,0.0,0.0,1.0,31.0
26006,1044,6.0,0.0,0.0,1.0,615.0
26007,1044,44.0,7.0,97.0,1.0,38830.0
26018,1216,183.0,0.0,0.0,8.0,16153.0
26019,1216,183.0,0.0,0.0,8.0,483.0
26020,1216,183.0,0.0,0.0,8.0,22564.0
26021,1216,183.0,0.0,0.0,8.0,10890.0
26022,1216,183.0,0.0,0.0,8.0,1434.0
26023,1216,183.0,0.0,0.0,8.0,1219269.0
26024,1216,183.0,0.0,0.0,8.0,18198.0
26025,1216,183.0,0.0,0.0,8.0,71218.0
26026,1216,183.0,0.0,0.0,8.0,11449.0
26027,1216,183.0,0.0,0.0,8.0,24072.0
26028,3003,187.0,0.0,0.0,6.0,14850.0
26029,3003,49.0,2.0,19.0,2.0,20371.0
26030,3003,178.0,7.0,104.0,6.0,913.0
26031,3003,133.0,7.0,50.0,6.0,768.0
26032,3003,187.0,0.0,0.0,6.0,0.0
26033,3003,147.0,7.0,60.0,6.0,9337.0
26034,3003,147.0,7.0,60.0,6.0,64728.0
26035,3003,147.0,7.0,60.0,6.0,6158.0
26036,3003,135.0,3.0,46.0,6.0,6062.0
26037,3003,133.0,7.0,50.0,6.0,974.0
26048,143,7.0,0.0,0.0,6.0,5215.0
26049,143,158.0,7.0,57.0,6.0,12679.0
26050,143,158.0,7.0,57.0,6.0,16932.0
26051,143,118.0,3.0,101.0,6.0,1597.0
26052,143,158.0,7.0,57.0,6.0,155.0
26053,143,95.0,2.0,51.0,6.0,1113.0
26054,143,23.0,2.0,17.0,6.0,910.0
26055,143,118.0,3.0,101.0,6.0,38055.0
26056,143,118.0,3.0,101.0,6.0,4233.0
26057,143,118.0,3.0,101.0,6.0,8340.0
26068,1359,23.0,2.0,17.0,8.0,5477.0
26069,1359,57.0,0.0,0.0,0.0,52.0
26070,1359,147.0,7.0,60.0,8.0,701.0
26071,1359,60.0,7.0,28.0,8.0,23001.0
26072,1359,30.0,6.0,7.0,8.0,10306.0
26073,1359,30.0,6.0,7.0,8.0,187503.0
26074,1359,81.0,0.0,0.0,8.0,1355.0
26075,1359,147.0,7.0,60.0,8.0,13198.0
26076,1359,23.0,2.0,17.0,8.0,1010.0
26077,1359,158.0,3.0,82.0,0.0,121.0
26113,1440,154.0,2.0,99.0,8.0,79340.0
26114,1440,154.0,2.0,99.0,8.0,7586.0
26115,1440,74.0,3.0,34.0,8.0,6313.0
26116,1440,23.0,2.0,17.0,8.0,1095.0
26117,1440,165.0,3.0,78.0,8.0,2543.0
26118,1440,118.0,3.0,101.0,8.0,1359.0
26119,1440,183.0,6.0,85.0,8.0,175724.0
26120,1440,165.0,3.0,78.0,8.0,111.0
26121,1440,183.0,6.0,85.0,8.0,427142.0
26122,1440,118.0,3.0,101.0,8.0,13962.0
26133,2724,154.0,2.0,99.0,8.0,10910.0
26134,2724,154.0,2.0,99.0,8.0,582.0
26135,2724,154.0,2.0,99.0,8.0,1769.0
26136,2724,165.0,3.0,78.0,8.0,486.0
26137,2724,118.0,3.0,101.0,8.0,1378.0
26138,2724,74.0,3.0,34.0,8.0,805.0
26139,2724,118.0,3.0,101.0,8.0,8.0
26140,2724,81.0,7.0,99.0,8.0,4656.0
26141,2724,118.0,3.0,101.0,8.0,1688.0
26142,2724,154.0,2.0,99.0,8.0,962.0
26143,946,33.0,6.0,43.0,6.0,2.0
26144,946,105.0,0.0,0.0,6.0,6350.0
26145,946,33.0,6.0,43.0,6.0,621.0
26146,946,165.0,3.0,78.0,6.0,594.0
26147,946,23.0,2.0,17.0,6.0,637.0
26148,946,118.0,3.0,101.0,6.0,73.0
26149,946,118.0,3.0,101.0,6.0,1051.0
26150,946,23.0,2.0,17.0,6.0,404.0
26151,946,183.0,6.0,85.0,6.0,14378.0
26152,946,154.0,2.0,99.0,6.0,46690.0
26181,609,158.0,7.0,92.0,8.0,819.0
26182,609,81.0,7.0,99.0,8.0,1662.0
26183,609,158.0,7.0,57.0,8.0,315.0
26184,609,74.0,3.0,34.0,8.0,0.0
26185,609,119.0,0.0,0.0,8.0,900.0
26186,609,23.0,2.0,17.0,8.0,0.0
26187,609,81.0,7.0,50.0,8.0,801.0
26188,609,158.0,7.0,57.0,8.0,0.0
26189,609,16.0,2.0,20.0,8.0,11935.0
26190,609,158.0,7.0,92.0,8.0,13629.0
26221,223,118.0,3.0,101.0,8.0,48.0
26222,223,154.0,2.0,99.0,8.0,9997.0
26223,223,146.0,2.0,70.0,8.0,584.0
26224,223,78.0,0.0,0.0,8.0,6290.0
26225,223,183.0,6.0,85.0,8.0,80685.0
26226,223,158.0,7.0,57.0,8.0,20436.0
26227,223,54.0,0.0,0.0,8.0,73042.0
26228,223,154.0,2.0,99.0,8.0,2898.0
26229,223,19.0,0.0,0.0,2.0,6.0
26230,223,88.0,0.0,0.0,8.0,27188.0
26273,2413,118.0,3.0,101.0,6.0,4.0
26274,2413,118.0,3.0,101.0,6.0,14356.0
26275,2413,74.0,3.0,34.0,6.0,3625.0
26276,2413,23.0,2.0,17.0,6.0,736.0
26287,1850,153.0,2.0,99.0,1.0,550.0
26288,1850,153.0,2.0,99.0,1.0,1408.0
26289,1850,153.0,2.0,99.0,1.0,1205.0
26290,1850,153.0,2.0,99.0,1.0,3306.0
26291,1850,153.0,2.0,99.0,1.0,867.0
26292,1850,153.0,2.0,99.0,1.0,3557.0
26293,1850,153.0,2.0,99.0,1.0,15.0
26294,1850,44.0,7.0,97.0,1.0,76021.0
26295,1850,153.0,2.0,99.0,1.0,858.0
26296,1850,153.0,2.0,99.0,1.0,1194.0
26297,1152,118.0,3.0,101.0,6.0,1352.0
26298,1152,165.0,3.0,78.0,6.0,284.0
26299,1152,158.0,7.0,57.0,6.0,19858.0
26300,1152,23.0,2.0,17.0,6.0,1034.0
26301,1152,118.0,3.0,101.0,6.0,1466.0
26302,1152,81.0,7.0,99.0,6.0,10652.0
26303,1152,81.0,7.0,99.0,6.0,24720.0
26304,1152,154.0,2.0,99.0,6.0,11771.0
26305,1152,154.0,2.0,99.0,6.0,12114.0
26306,1152,154.0,2.0,99.0,6.0,736.0
26326,2359,54.0,6.0,24.0,8.0,161713.0
26327,2359,187.0,0.0,0.0,8.0,29511.0
26328,2359,56.0,7.0,26.0,8.0,4906.0
26329,2359,56.0,7.0,26.0,8.0,892.0
26330,2359,49.0,2.0,19.0,8.0,14587.0
26331,2359,74.0,3.0,34.0,8.0,5535.0
26362,201,183.0,6.0,85.0,6.0,84438.0
26363,201,154.0,2.0,99.0,6.0,8696.0
26364,201,154.0,2.0,99.0,6.0,3040.0
26365,201,158.0,7.0,57.0,6.0,5307.0
26366,201,118.0,3.0,101.0,6.0,1685.0
26367,201,74.0,3.0,34.0,11.0,1286.0
26368,201,154.0,2.0,99.0,6.0,4130.0
26369,201,154.0,2.0,99.0,6.0,2454.0
26370,201,154.0,2.0,99.0,6.0,832.0
26371,201,154.0,2.0,99.0,6.0,1789.0
26376,1061,118.0,3.0,101.0,6.0,30.0
26377,1061,158.0,7.0,57.0,6.0,730.0
26378,1061,158.0,7.0,57.0,6.0,425.0
26379,1061,158.0,7.0,57.0,6.0,35431.0
26380,1061,118.0,3.0,101.0,6.0,18.0
26381,1061,56.0,7.0,26.0,6.0,356.0
26382,1061,81.0,7.0,99.0,6.0,3715.0
26383,1061,154.0,2.0,99.0,6.0,2527.0
26384,1061,165.0,3.0,78.0,6.0,32.0
26385,1061,56.0,7.0,26.0,6.0,1370.0
26396,379,118.0,3.0,101.0,6.0,59.0
26397,379,23.0,2.0,17.0,6.0,1136.0
26398,379,31.0,6.0,20.0,6.0,998.0
26399,379,23.0,2.0,17.0,6.0,1321.0
26400,379,154.0,2.0,99.0,6.0,5233.0
26401,379,23.0,2.0,17.0,6.0,10.0
26402,379,158.0,7.0,57.0,6.0,2788.0
26403,379,81.0,7.0,99.0,6.0,444819.0
26404,379,158.0,7.0,57.0,6.0,10829.0
26405,379,165.0,3.0,78.0,6.0,357.0
26416,550,187.0,0.0,0.0,6.0,29859.0
26417,550,147.0,7.0,60.0,6.0,1172.0
26418,550,116.0,1.0,62.0,6.0,6879.0
26419,550,147.0,7.0,60.0,6.0,2508.0
26420,550,54.0,6.0,24.0,6.0,87627.0
26421,550,74.0,3.0,34.0,6.0,7062.0
26422,550,39.0,7.0,12.0,6.0,1150543.0
26423,550,147.0,6.0,65.0,6.0,109141.0
26434,3214,158.0,7.0,92.0,6.0,100.0
26435,3214,31.0,6.0,20.0,6.0,743.0
26436,3214,165.0,3.0,78.0,6.0,45.0
26437,3214,81.0,7.0,99.0,6.0,10262.0
26438,3214,81.0,7.0,99.0,6.0,36539.0
26439,3214,158.0,7.0,57.0,10.0,637033.0
26440,3214,81.0,7.0,99.0,6.0,905.0
26441,3214,154.0,2.0,99.0,6.0,10711.0
26442,3214,158.0,7.0,57.0,6.0,131.0
26443,3214,158.0,7.0,57.0,6.0,598.0
26484,1974,74.0,3.0,34.0,8.0,225.0
26485,1974,23.0,2.0,17.0,8.0,2927.0
26486,1974,31.0,6.0,20.0,8.0,305.0
26487,1974,158.0,7.0,57.0,8.0,343.0
26488,1974,142.0,0.0,0.0,8.0,98.0
26489,1974,118.0,3.0,101.0,8.0,1569.0
26490,1974,158.0,7.0,57.0,8.0,53299.0
26491,1974,165.0,3.0,78.0,8.0,8.0
26502,824,74.0,3.0,34.0,6.0,393.0
26503,824,94.0,7.0,47.0,6.0,2032.0
26504,824,183.0,6.0,85.0,6.0,185.0
26505,824,49.0,2.0,19.0,6.0,1236043.0
26506,824,94.0,7.0,47.0,6.0,519.0
26507,824,81.0,7.0,102.0,6.0,1844.0
26508,824,183.0,6.0,85.0,6.0,38260.0
26509,824,183.0,6.0,86.0,6.0,473438.0
26510,824,183.0,6.0,86.0,6.0,40979.0
26511,824,183.0,6.0,85.0,6.0,12297.0
26512,2355,158.0,7.0,57.0,6.0,18680.0
26513,2355,15.0,0.0,0.0,6.0,288298.0
26514,2355,15.0,0.0,0.0,6.0,84714.0
26515,2355,107.0,0.0,0.0,6.0,169.0
26516,2355,131.0,0.0,0.0,6.0,763.0
26517,2355,118.0,3.0,101.0,6.0,1148.0
26518,2355,159.0,3.0,93.0,6.0,841.0
26519,2355,133.0,7.0,50.0,6.0,1080.0
26520,2355,183.0,6.0,88.0,6.0,226641.0
26521,2355,23.0,2.0,17.0,6.0,177232.0
26562,319,96.0,2.0,52.0,6.0,377653.0
26563,319,39.0,7.0,12.0,6.0,2179.0
26564,319,80.0,7.0,58.0,6.0,2125.0
26565,319,178.0,7.0,104.0,6.0,367.0
26566,319,116.0,1.0,62.0,6.0,1000.0
26567,319,147.0,7.0,60.0,6.0,889.0
26568,319,56.0,7.0,26.0,6.0,0.0
26569,319,56.0,7.0,26.0,6.0,687.0
26570,319,39.0,7.0,12.0,6.0,59825.0
26571,319,147.0,7.0,60.0,6.0,2234.0
26599,1445,31.0,6.0,20.0,6.0,1021.0
26600,1445,31.0,6.0,20.0,6.0,595.0
26601,1706,60.0,7.0,28.0,8.0,86243.0
26602,1706,47.0,0.0,0.0,8.0,784.0
26603,1706,81.0,7.0,50.0,8.0,35682.0
26604,1706,47.0,0.0,0.0,8.0,3890.0
26605,1706,81.0,0.0,0.0,8.0,1998.0
26606,1706,78.0,0.0,0.0,8.0,936.0
26607,1706,47.0,0.0,0.0,8.0,3251.0
26608,1706,178.0,7.0,104.0,8.0,10487.0
26609,1706,146.0,2.0,70.0,8.0,807.0
26610,1706,183.0,6.0,88.0,8.0,8939.0
26611,472,102.0,7.0,38.0,6.0,2035.0
26612,472,56.0,7.0,26.0,6.0,3414.0
26613,472,33.0,6.0,43.0,6.0,1884.0
26614,472,81.0,7.0,102.0,6.0,771.0
26615,472,81.0,7.0,102.0,6.0,3181.0
26616,472,81.0,7.0,50.0,6.0,2267.0
26617,472,10.0,0.0,0.0,6.0,60.0
26618,472,22.0,0.0,0.0,6.0,4.0
26619,472,56.0,7.0,26.0,6.0,907.0
26620,472,102.0,7.0,38.0,6.0,10245.0
26651,865,158.0,7.0,92.0,11.0,16832.0
26652,865,158.0,7.0,92.0,11.0,24.0
26653,865,54.0,6.0,23.0,11.0,68776.0
26654,865,6.0,0.0,0.0,11.0,54.0
26655,865,153.0,2.0,99.0,11.0,36123.0
26656,865,183.0,6.0,85.0,11.0,570.0
26657,865,166.0,3.0,95.0,11.0,103.0
26658,865,158.0,7.0,92.0,11.0,480.0
26659,865,158.0,7.0,92.0,11.0,6300.0
26660,865,150.0,3.0,94.0,11.0,23925.0
26707,1125,6.0,0.0,0.0,2.0,214.0
26708,1125,81.0,0.0,0.0,2.0,13.0
26709,1125,158.0,7.0,92.0,2.0,277.0
26710,1125,158.0,7.0,57.0,2.0,3673.0
26711,1125,44.0,7.0,97.0,2.0,8757.0
26712,1125,153.0,2.0,99.0,2.0,2591.0
26713,1125,158.0,7.0,57.0,2.0,4103.0
26714,1125,158.0,7.0,92.0,2.0,350.0
26715,1125,166.0,3.0,95.0,2.0,608.0
26716,1125,81.0,0.0,0.0,2.0,262.0
26737,895,118.0,3.0,101.0,8.0,1197.0
26738,895,81.0,7.0,99.0,8.0,24597.0
26739,895,158.0,7.0,57.0,8.0,10555.0
26740,895,118.0,3.0,101.0,8.0,5273.0
26741,895,165.0,3.0,78.0,8.0,87.0
26742,895,158.0,7.0,57.0,8.0,23613.0
26743,895,158.0,7.0,57.0,8.0,5164.0
26744,895,158.0,7.0,57.0,8.0,7343.0
26745,895,81.0,7.0,99.0,8.0,46107.0
26746,895,158.0,7.0,57.0,8.0,359.0
26757,1868,74.0,3.0,34.0,6.0,3123.0
26788,2788,154.0,2.0,99.0,6.0,17344.0
26789,2788,56.0,7.0,26.0,6.0,507.0
26790,2788,178.0,7.0,104.0,6.0,2720.0
26791,2788,81.0,7.0,102.0,6.0,2040.0
26792,2788,154.0,2.0,99.0,6.0,2260.0
26793,2788,60.0,7.0,28.0,6.0,2924.0
26794,2788,81.0,7.0,99.0,6.0,47143.0
26795,2788,118.0,3.0,101.0,6.0,1682.0
26796,2788,61.0,7.0,68.0,6.0,4774.0
26797,2788,49.0,2.0,19.0,6.0,1214396.0
26798,145,158.0,0.0,0.0,0.0,443.0
26828,968,158.0,7.0,57.0,6.0,50756.0
26829,968,23.0,2.0,17.0,6.0,445.0
26830,968,81.0,7.0,99.0,6.0,439.0
26831,968,165.0,3.0,78.0,6.0,54.0
26832,968,10.0,0.0,0.0,6.0,11133.0
26833,968,81.0,7.0,99.0,6.0,20921.0
26834,968,118.0,3.0,101.0,6.0,936.0
26835,968,154.0,2.0,99.0,6.0,31819.0
26836,968,22.0,0.0,0.0,6.0,5.0
26837,968,158.0,7.0,57.0,6.0,318.0
26842,2070,43.0,2.0,20.0,11.0,883103.0
26843,2070,158.0,0.0,0.0,0.0,183.0
26844,2070,43.0,2.0,20.0,11.0,374948.0
26845,2070,43.0,2.0,20.0,11.0,213209.0
26846,2070,43.0,2.0,20.0,11.0,308488.0
26867,2152,31.0,6.0,20.0,10.0,1170.0
26903,2842,5.0,0.0,0.0,6.0,17414.0
26904,2842,183.0,6.0,88.0,6.0,61607.0
26905,2842,107.0,0.0,0.0,6.0,7.0
26906,2842,56.0,7.0,26.0,6.0,869.0
26907,2842,183.0,6.0,88.0,6.0,11376.0
26908,2842,133.0,7.0,50.0,6.0,3486.0
26909,2842,107.0,0.0,0.0,6.0,51.0
26910,2842,56.0,7.0,26.0,6.0,692.0
26911,2842,165.0,3.0,78.0,6.0,443.0
26912,2842,56.0,7.0,26.0,6.0,2112.0
26927,461,23.0,2.0,17.0,6.0,1788.0
26928,461,74.0,3.0,34.0,6.0,132.0
26929,461,158.0,7.0,57.0,6.0,844.0
26930,461,81.0,7.0,99.0,6.0,1836.0
26931,461,118.0,3.0,101.0,6.0,16.0
26932,461,23.0,2.0,17.0,6.0,1315.0
26933,461,158.0,7.0,57.0,6.0,676.0
26934,461,81.0,7.0,97.0,6.0,926.0
26935,461,23.0,2.0,17.0,6.0,1268.0
26936,461,183.0,0.0,0.0,6.0,5263.0
26937,1304,158.0,7.0,57.0,8.0,13763.0
26938,1304,23.0,2.0,17.0,8.0,9653.0
26939,1304,118.0,3.0,101.0,8.0,99.0
26940,1304,118.0,3.0,101.0,8.0,9463.0
26941,1304,154.0,2.0,99.0,8.0,5017.0
26942,1304,118.0,3.0,101.0,8.0,141195.0
26943,1304,165.0,3.0,78.0,8.0,7.0
26944,1304,36.0,0.0,0.0,8.0,25289.0
26945,1304,154.0,2.0,99.0,8.0,5708.0
26946,1304,81.0,7.0,99.0,8.0,4444.0
27017,1503,154.0,2.0,99.0,6.0,20365.0
27018,1503,31.0,6.0,20.0,6.0,0.0
27019,1503,81.0,7.0,99.0,6.0,48081.0
27020,1503,74.0,3.0,34.0,6.0,313.0
27021,1503,118.0,3.0,101.0,6.0,1137.0
27022,1503,154.0,2.0,99.0,6.0,10715.0
27023,1503,175.0,0.0,0.0,6.0,1606.0
27024,1503,175.0,0.0,0.0,6.0,545.0
27025,1503,74.0,3.0,34.0,6.0,0.0
27026,1503,81.0,7.0,99.0,6.0,884.0
27126,284,158.0,7.0,92.0,10.0,397.0
27127,284,88.0,0.0,0.0,10.0,66521.0
27128,284,78.0,0.0,0.0,10.0,4276.0
27129,284,88.0,0.0,0.0,10.0,14395.0
27130,284,81.0,7.0,50.0,10.0,1229.0
27131,284,133.0,7.0,50.0,10.0,10790.0
27132,284,81.0,7.0,50.0,10.0,1589.0
27133,284,81.0,7.0,50.0,10.0,110104.0
27134,284,56.0,7.0,26.0,10.0,4912.0
27135,284,6.0,0.0,0.0,11.0,37537.0
27166,1351,9.0,2.0,14.0,7.0,249.0
27167,1351,137.0,2.0,69.0,7.0,17851.0
27168,1351,118.0,3.0,101.0,7.0,4.0
27169,1351,23.0,2.0,17.0,7.0,2210.0
27170,1351,49.0,2.0,19.0,7.0,11761.0
27171,1351,56.0,7.0,26.0,7.0,611.0
27172,1351,36.0,0.0,0.0,7.0,305.0
27173,1351,36.0,0.0,0.0,7.0,2722.0
27174,1351,39.0,7.0,12.0,7.0,545.0
27175,1351,60.0,7.0,28.0,7.0,10241.0
27231,13,158.0,7.0,57.0,8.0,22283.0
27232,13,118.0,3.0,101.0,8.0,31.0
27233,13,23.0,2.0,17.0,8.0,888.0
27234,13,36.0,0.0,0.0,8.0,2113.0
27235,13,23.0,2.0,17.0,8.0,587.0
27236,13,165.0,3.0,78.0,8.0,136.0
27237,13,183.0,6.0,85.0,8.0,70508.0
27238,13,23.0,2.0,17.0,8.0,846.0
27239,13,118.0,3.0,101.0,8.0,1111.0
27240,13,158.0,7.0,57.0,8.0,18501.0
27241,1544,118.0,3.0,101.0,8.0,40.0
27242,1544,165.0,3.0,78.0,8.0,1472.0
27243,1544,118.0,3.0,101.0,8.0,3.0
27244,1544,158.0,7.0,57.0,8.0,4206.0
27245,1544,118.0,3.0,101.0,8.0,6214.0
27246,1544,158.0,7.0,57.0,8.0,175.0
27247,1544,81.0,7.0,99.0,8.0,1158.0
27248,1544,165.0,3.0,78.0,8.0,23.0
27249,1544,81.0,7.0,99.0,8.0,1040.0
27250,1544,81.0,7.0,99.0,8.0,1096.0
27266,835,154.0,2.0,99.0,6.0,1993.0
27267,835,154.0,2.0,99.0,6.0,1607.0
27268,835,81.0,7.0,99.0,6.0,22684.0
27269,835,154.0,2.0,99.0,6.0,4279.0
27270,835,154.0,2.0,99.0,6.0,1687.0
27271,835,158.0,7.0,57.0,6.0,1299.0
27272,835,118.0,3.0,101.0,6.0,5428.0
27273,835,81.0,7.0,99.0,6.0,13812.0
27274,835,56.0,7.0,26.0,6.0,9747.0
27275,835,154.0,2.0,99.0,6.0,1870.0
27296,774,158.0,7.0,57.0,8.0,103182.0
27297,774,158.0,7.0,57.0,8.0,41004.0
27298,774,118.0,3.0,101.0,8.0,1076.0
27299,774,16.0,2.0,20.0,8.0,7404.0
27300,774,118.0,3.0,101.0,8.0,1152.0
27301,774,154.0,2.0,99.0,8.0,1282.0
27302,774,146.0,2.0,70.0,8.0,567.0
27303,774,23.0,2.0,17.0,8.0,998.0
27304,774,56.0,7.0,26.0,8.0,630.0
27305,774,154.0,2.0,99.0,8.0,617.0
27405,2755,12.0,0.0,0.0,8.0,238.0
27406,2755,23.0,2.0,17.0,8.0,877.0
27407,2755,16.0,2.0,20.0,8.0,8920.0
27408,2755,81.0,7.0,50.0,8.0,110440.0
27409,2755,77.0,0.0,0.0,8.0,279592.0
27410,2755,81.0,7.0,50.0,8.0,5830.0
27411,2755,81.0,7.0,99.0,8.0,23426.0
27412,2755,118.0,3.0,101.0,8.0,821.0
27413,2755,36.0,0.0,0.0,8.0,4442.0
27414,2755,23.0,2.0,17.0,8.0,1198.0
27461,1108,165.0,3.0,78.0,6.0,105.0
27462,1108,81.0,7.0,99.0,6.0,30484.0
27463,1108,118.0,3.0,101.0,6.0,1004.0
27464,1108,118.0,3.0,101.0,6.0,805.0
27465,1108,23.0,2.0,17.0,6.0,147.0
27466,1108,23.0,2.0,17.0,6.0,5032.0
27467,1108,74.0,3.0,34.0,6.0,15511.0
27468,1108,31.0,6.0,20.0,6.0,728.0
27469,1108,154.0,2.0,99.0,6.0,5921.0
27470,1108,165.0,3.0,78.0,6.0,452.0
27540,998,16.0,2.0,20.0,6.0,11032.0
27541,998,81.0,7.0,99.0,6.0,8846.0
27542,998,165.0,3.0,78.0,6.0,618.0
27543,998,165.0,3.0,78.0,6.0,998.0
27544,998,118.0,3.0,101.0,6.0,4200.0
27545,998,81.0,7.0,50.0,6.0,13250.0
27546,998,23.0,2.0,17.0,6.0,67.0
27547,998,31.0,6.0,20.0,6.0,327.0
27548,998,74.0,3.0,34.0,6.0,225.0
27549,998,142.0,0.0,0.0,6.0,228.0
27599,3115,158.0,7.0,57.0,8.0,18198.0
27600,3115,154.0,2.0,99.0,8.0,0.0
27601,3115,133.0,7.0,50.0,8.0,1463.0
27602,3115,154.0,2.0,99.0,8.0,79973.0
27603,3115,158.0,7.0,57.0,8.0,26727.0
27604,3115,165.0,3.0,78.0,8.0,112.0
27605,3115,81.0,7.0,99.0,8.0,746162.0
27606,3115,133.0,7.0,50.0,8.0,20319.0
27607,3115,9.0,2.0,14.0,8.0,535.0
27608,3115,81.0,7.0,99.0,8.0,380.0
27638,2888,23.0,2.0,17.0,8.0,109.0
27639,2888,158.0,7.0,57.0,8.0,3200.0
27640,2888,154.0,2.0,99.0,8.0,19273.0
27641,2888,118.0,3.0,101.0,8.0,688.0
27642,2888,118.0,3.0,101.0,8.0,619.0
27643,2888,10.0,0.0,0.0,8.0,2151.0
27644,2888,74.0,3.0,34.0,8.0,2313.0
27645,2888,23.0,2.0,17.0,8.0,99.0
27646,2888,31.0,6.0,20.0,8.0,203.0
27647,2888,154.0,2.0,99.0,8.0,2816.0
27648,615,158.0,7.0,92.0,11.0,258.0
27649,615,153.0,2.0,99.0,11.0,2942.0
27650,615,150.0,3.0,41.0,11.0,30928.0
27651,615,158.0,7.0,57.0,11.0,306.0
27652,615,153.0,2.0,99.0,11.0,5276.0
27653,615,158.0,7.0,57.0,11.0,15.0
27654,615,183.0,6.0,85.0,11.0,7509.0
27655,615,158.0,7.0,92.0,11.0,406.0
27656,615,153.0,2.0,99.0,11.0,2241.0
27657,615,91.0,7.0,91.0,11.0,411.0
27668,2032,47.0,0.0,0.0,11.0,5883.0
27669,2032,49.0,2.0,19.0,11.0,35974.0
27670,2032,158.0,7.0,92.0,0.0,1260.0
27671,2032,33.0,6.0,43.0,11.0,7620.0
27672,2032,78.0,0.0,0.0,11.0,2991.0
27673,2032,54.0,6.0,24.0,11.0,28454.0
27674,2032,158.0,7.0,57.0,0.0,9685.0
27675,2032,150.0,3.0,41.0,0.0,196.0
27676,2032,159.0,3.0,93.0,11.0,1292.0
27677,2032,78.0,0.0,0.0,11.0,2488.0
27688,665,89.0,0.0,0.0,6.0,463887.0
27689,665,131.0,0.0,0.0,6.0,844.0
27690,665,15.0,0.0,0.0,6.0,819492.0
27691,665,183.0,6.0,88.0,6.0,269879.0
27692,665,60.0,7.0,28.0,6.0,2715.0
27693,665,60.0,7.0,28.0,6.0,19634.0
27694,665,60.0,7.0,28.0,6.0,1632.0
27695,665,61.0,7.0,68.0,6.0,41451.0
27696,665,81.0,0.0,0.0,6.0,1401.0
27697,665,60.0,7.0,28.0,6.0,3684.0
27698,936,158.0,7.0,92.0,8.0,40658.0
27699,936,118.0,3.0,101.0,8.0,149.0
27700,936,81.0,7.0,97.0,8.0,597.0
27701,936,21.0,0.0,0.0,8.0,9.0
27702,936,61.0,7.0,68.0,8.0,17341.0
27703,936,60.0,7.0,28.0,8.0,10300.0
27704,936,60.0,7.0,28.0,8.0,24854.0
27705,936,183.0,6.0,88.0,8.0,443036.0
27706,936,33.0,6.0,43.0,8.0,10993.0
27707,936,187.0,0.0,0.0,8.0,14540.0
27708,3148,56.0,7.0,26.0,6.0,1988.0
27709,3148,103.0,7.0,1.0,6.0,878.0
27710,3148,60.0,7.0,28.0,6.0,2094.0
27711,3148,60.0,7.0,28.0,6.0,1352.0
27712,3148,165.0,3.0,78.0,6.0,848.0
27713,3148,9.0,2.0,14.0,6.0,132.0
27714,3148,81.0,7.0,99.0,6.0,135480.0
27715,3148,60.0,7.0,28.0,6.0,1108.0
27716,3148,56.0,7.0,26.0,6.0,193.0
27717,3148,118.0,3.0,101.0,6.0,4943.0
27718,87,118.0,3.0,101.0,6.0,1276.0
27719,87,23.0,2.0,17.0,6.0,587.0
27720,87,165.0,3.0,78.0,6.0,678.0
27721,87,118.0,3.0,101.0,6.0,897.0
27722,87,81.0,0.0,0.0,6.0,16270.0
27723,87,81.0,7.0,50.0,6.0,591050.0
27724,87,81.0,7.0,99.0,6.0,21251.0
27725,87,165.0,3.0,78.0,6.0,370.0
27726,87,118.0,3.0,101.0,6.0,1019.0
27727,87,118.0,3.0,101.0,6.0,121.0
27748,1891,153.0,2.0,99.0,0.0,15565.0
27749,1891,153.0,2.0,99.0,0.0,30770.0
27750,1891,158.0,7.0,92.0,0.0,123.0
27751,1891,153.0,2.0,99.0,0.0,2992.0
27752,1891,158.0,7.0,92.0,0.0,409.0
27753,1891,158.0,7.0,92.0,0.0,3371.0
27754,1891,158.0,7.0,57.0,0.0,84155.0
27755,1891,158.0,7.0,57.0,0.0,209.0
27756,1891,158.0,7.0,57.0,0.0,0.0
27757,1891,150.0,3.0,41.0,0.0,34412.0
27758,1488,74.0,3.0,34.0,6.0,4077.0
27759,1488,158.0,7.0,57.0,6.0,16666.0
27760,1488,116.0,1.0,62.0,6.0,46056.0
27761,1488,178.0,7.0,104.0,6.0,10319.0
27762,1488,147.0,7.0,60.0,6.0,388.0
27763,1488,118.0,3.0,101.0,6.0,109.0
27764,1488,147.0,6.0,65.0,6.0,15594.0
27765,1488,54.0,6.0,24.0,6.0,535246.0
27766,1488,147.0,7.0,60.0,6.0,1126.0
27767,1488,165.0,3.0,78.0,6.0,395.0
27768,2587,23.0,2.0,17.0,8.0,1631.0
27769,2587,118.0,3.0,101.0,8.0,46430.0
27770,2587,116.0,1.0,62.0,8.0,0.0
27771,2587,158.0,7.0,57.0,8.0,6553.0
27772,2587,118.0,3.0,101.0,8.0,956.0
27773,2587,118.0,3.0,101.0,8.0,712.0
27774,2587,165.0,3.0,78.0,8.0,169.0
27775,2587,23.0,2.0,17.0,8.0,2351.0
27776,2587,158.0,7.0,57.0,8.0,1125.0
27777,2587,23.0,2.0,17.0,8.0,671.0
27788,1542,23.0,2.0,17.0,10.0,66.0
27789,1542,165.0,3.0,78.0,10.0,811.0
27790,1542,74.0,3.0,34.0,10.0,84.0
27791,1542,118.0,3.0,101.0,10.0,2465.0
27792,1542,81.0,7.0,99.0,10.0,29826.0
27793,1542,158.0,7.0,57.0,10.0,11645.0
27794,1542,158.0,7.0,57.0,10.0,28994.0
27795,1542,23.0,2.0,17.0,10.0,69.0
27796,1542,118.0,3.0,101.0,10.0,2349.0
27797,1542,74.0,3.0,34.0,10.0,21.0
27854,3184,81.0,0.0,0.0,8.0,699.0
27855,3184,49.0,2.0,19.0,8.0,62778.0
27856,3184,159.0,3.0,93.0,8.0,1079.0
27857,3184,60.0,7.0,28.0,8.0,432.0
27858,3184,60.0,7.0,28.0,8.0,4682.0
27859,3184,81.0,7.0,50.0,8.0,563.0
27860,3184,158.0,7.0,92.0,8.0,728.0
27861,3184,78.0,0.0,0.0,8.0,7138.0
27862,3184,60.0,7.0,28.0,8.0,959.0
27863,3184,160.0,0.0,0.0,8.0,3356.0
27864,3017,165.0,3.0,78.0,6.0,1065.0
27865,3017,183.0,6.0,85.0,6.0,13596.0
27866,3017,158.0,7.0,57.0,6.0,207.0
27867,3017,81.0,7.0,99.0,6.0,1615.0
27868,3017,118.0,3.0,101.0,6.0,726.0
27869,3017,165.0,3.0,78.0,6.0,396.0
27870,3017,158.0,7.0,57.0,6.0,220298.0
27871,3017,23.0,2.0,17.0,6.0,363.0
27872,3017,154.0,2.0,99.0,6.0,10398.0
27873,3017,23.0,2.0,17.0,6.0,492.0
27884,1497,118.0,3.0,101.0,8.0,2228.0
27885,1497,154.0,2.0,99.0,8.0,49851.0
27886,1497,23.0,2.0,17.0,8.0,378.0
27887,1497,183.0,6.0,85.0,8.0,6009.0
27888,1497,102.0,7.0,38.0,8.0,1567.0
27889,1497,154.0,2.0,99.0,8.0,8715.0
27890,1497,183.0,6.0,85.0,8.0,4614.0
27891,1497,154.0,2.0,99.0,8.0,2801.0
27892,1497,183.0,6.0,85.0,8.0,2877.0
27893,1497,81.0,7.0,39.0,8.0,28710.0
28024,364,60.0,7.0,28.0,6.0,678.0
28025,364,60.0,7.0,28.0,6.0,11949.0
28026,364,61.0,7.0,68.0,6.0,442.0
28027,364,56.0,7.0,26.0,6.0,677.0
28028,364,142.0,0.0,0.0,6.0,51.0
28029,364,74.0,3.0,34.0,6.0,44.0
28030,364,81.0,0.0,0.0,6.0,16.0
28031,364,74.0,3.0,34.0,6.0,111.0
28032,364,81.0,7.0,50.0,6.0,599.0
28033,364,158.0,7.0,92.0,6.0,72.0
28139,1088,158.0,7.0,57.0,8.0,178.0
28140,1088,23.0,2.0,17.0,8.0,46.0
28141,1088,23.0,2.0,17.0,8.0,53.0
28142,1088,158.0,7.0,57.0,8.0,0.0
28143,1088,158.0,7.0,57.0,8.0,0.0
28144,1088,165.0,3.0,78.0,8.0,0.0
28145,1088,118.0,3.0,101.0,8.0,1792.0
28146,1088,116.0,1.0,62.0,8.0,20093.0
28147,1088,23.0,2.0,17.0,8.0,515.0
28148,1088,23.0,2.0,17.0,8.0,98.0
28189,1383,158.0,0.0,0.0,0.0,86.0
28200,596,183.0,6.0,85.0,11.0,576.0
28201,596,166.0,3.0,95.0,11.0,48.0
28202,596,166.0,3.0,95.0,11.0,65.0
28203,596,183.0,6.0,85.0,11.0,2163.0
28204,596,153.0,2.0,99.0,11.0,23259.0
28205,596,166.0,3.0,95.0,11.0,37905.0
28206,596,6.0,0.0,0.0,11.0,1359.0
28207,596,158.0,7.0,92.0,11.0,92.0
28208,596,158.0,7.0,92.0,11.0,280.0
28209,596,103.0,6.0,53.0,11.0,1286.0
28250,1127,31.0,6.0,20.0,8.0,382.0
28271,2211,158.0,7.0,92.0,11.0,0.0
28272,2211,166.0,3.0,95.0,11.0,11611.0
28273,2211,166.0,3.0,95.0,11.0,51.0
28274,2211,153.0,2.0,99.0,11.0,5306.0
28275,2211,158.0,0.0,0.0,0.0,125.0
28276,2211,150.0,3.0,41.0,11.0,5.0
28277,2211,150.0,3.0,41.0,11.0,4818.0
28278,2211,150.0,3.0,41.0,11.0,185.0
28279,2211,158.0,7.0,57.0,11.0,24.0
28280,2211,158.0,7.0,57.0,11.0,0.0
28311,935,154.0,2.0,99.0,6.0,1813.0
28312,935,154.0,2.0,99.0,6.0,2871.0
28313,935,154.0,2.0,99.0,6.0,432.0
28314,935,165.0,3.0,78.0,6.0,49.0
28315,935,118.0,3.0,101.0,6.0,2188.0
28316,935,158.0,7.0,57.0,6.0,9328.0
28317,935,158.0,7.0,57.0,6.0,735.0
28318,935,158.0,7.0,57.0,6.0,31282.0
28319,935,107.0,0.0,0.0,6.0,63.0
28320,935,154.0,2.0,99.0,6.0,3872.0
28341,1767,158.0,0.0,0.0,0.0,170.0
28342,1717,78.0,0.0,0.0,8.0,4076.0
28343,1717,183.0,6.0,85.0,8.0,2832.0
28344,1717,156.0,6.0,23.0,8.0,580.0
28345,1717,61.0,7.0,68.0,8.0,68046.0
28346,1717,183.0,6.0,85.0,8.0,3316.0
28347,1717,118.0,3.0,101.0,8.0,674.0
28348,1717,183.0,6.0,85.0,8.0,121.0
28349,1717,78.0,0.0,0.0,8.0,1797.0
28350,1717,131.0,0.0,0.0,8.0,282.0
28351,1717,81.0,0.0,0.0,8.0,709.0
28352,548,56.0,7.0,26.0,8.0,721.0
28353,548,49.0,2.0,19.0,8.0,596384.0
28354,548,56.0,7.0,26.0,8.0,1806.0
28355,548,118.0,3.0,101.0,8.0,141.0
28356,548,154.0,2.0,99.0,8.0,11317.0
28357,548,81.0,7.0,99.0,8.0,2505.0
28358,548,81.0,7.0,99.0,8.0,1581211.0
28359,1189,81.0,7.0,97.0,4.0,697.0
28360,1189,23.0,2.0,17.0,4.0,1930.0
28361,1189,165.0,3.0,78.0,4.0,194.0
28362,1189,81.0,7.0,97.0,4.0,490.0
28363,1189,118.0,3.0,101.0,4.0,1724.0
28364,1189,100.0,7.0,97.0,4.0,840.0
28365,1189,165.0,3.0,78.0,4.0,63.0
28366,1189,81.0,7.0,99.0,4.0,120795.0
28367,1189,154.0,2.0,99.0,4.0,8544.0
28368,1189,77.0,0.0,0.0,4.0,92511.0
28399,1135,153.0,2.0,99.0,11.0,3216.0
28400,1135,150.0,3.0,41.0,11.0,243.0
28401,1135,158.0,7.0,92.0,11.0,56.0
28402,1135,153.0,2.0,99.0,11.0,2288.0
28403,1135,153.0,2.0,99.0,11.0,23458.0
28404,1135,153.0,2.0,99.0,11.0,1056.0
28405,1135,158.0,7.0,92.0,11.0,646.0
28406,1135,150.0,3.0,41.0,11.0,21.0
28407,1135,153.0,2.0,99.0,11.0,2324.0
28408,1135,6.0,0.0,0.0,11.0,46.0
28441,2285,74.0,3.0,34.0,6.0,4470.0
28472,270,21.0,0.0,0.0,6.0,337637.0
28473,270,50.0,6.0,54.0,6.0,18634.0
28474,270,158.0,7.0,92.0,6.0,2229.0
28475,270,5.0,0.0,0.0,6.0,57498.0
28476,270,41.0,7.0,15.0,6.0,15028.0
28477,270,61.0,7.0,68.0,6.0,325.0
28478,270,60.0,7.0,28.0,6.0,2841.0
28479,270,23.0,2.0,17.0,6.0,504.0
28480,270,56.0,7.0,26.0,6.0,704.0
28481,270,158.0,7.0,92.0,6.0,7489.0
28492,2335,60.0,7.0,28.0,8.0,8473.0
28493,2335,60.0,7.0,28.0,8.0,5386.0
28494,2335,81.0,0.0,0.0,8.0,3682.0
28495,2335,36.0,0.0,0.0,8.0,83438.0
28496,2335,158.0,7.0,56.0,8.0,147.0
28497,2335,81.0,0.0,0.0,8.0,395.0
28498,2335,56.0,7.0,26.0,8.0,727.0
28499,2335,23.0,2.0,17.0,8.0,67.0
28500,2335,81.0,0.0,0.0,8.0,1614.0
28501,2335,171.0,0.0,0.0,8.0,59680.0
28522,2715,74.0,3.0,34.0,6.0,703.0
28523,2715,116.0,1.0,62.0,6.0,157943.0
28524,2715,37.0,5.0,55.0,6.0,7871.0
28525,2715,158.0,7.0,57.0,6.0,294.0
28526,2715,103.0,7.0,1.0,6.0,762.0
28527,2715,158.0,7.0,57.0,6.0,274.0
28528,2715,165.0,3.0,78.0,6.0,131.0
28529,2715,5.0,0.0,0.0,6.0,5106.0
28530,2715,178.0,7.0,104.0,6.0,18850.0
28531,2715,103.0,7.0,1.0,6.0,694.0
28548,3050,118.0,3.0,101.0,6.0,975.0
28549,3050,23.0,2.0,17.0,6.0,70815.0
28550,3050,154.0,2.0,99.0,6.0,3101.0
28551,3050,158.0,7.0,57.0,6.0,47834.0
28552,3050,154.0,2.0,99.0,6.0,29853.0
28553,3050,118.0,3.0,101.0,6.0,1053.0
28554,3050,118.0,3.0,101.0,6.0,851.0
28555,3050,154.0,2.0,99.0,6.0,359.0
28556,3050,81.0,7.0,99.0,6.0,23879.0
28557,3050,23.0,2.0,17.0,6.0,583.0
28558,2637,31.0,6.0,20.0,8.0,716.0
28559,2637,74.0,3.0,34.0,8.0,299.0
28560,2637,142.0,0.0,0.0,8.0,114.0
28561,1827,158.0,0.0,0.0,11.0,328.0
28562,1827,157.0,0.0,0.0,11.0,122.0
28563,1827,166.0,3.0,95.0,11.0,669.0
28564,1827,158.0,0.0,0.0,11.0,612.0
28565,1827,183.0,6.0,85.0,11.0,4022.0
28566,1827,6.0,0.0,0.0,11.0,68.0
28567,1827,91.0,7.0,91.0,11.0,597.0
28568,1827,91.0,7.0,91.0,11.0,24.0
28569,1827,158.0,7.0,92.0,11.0,35.0
28570,1827,6.0,0.0,0.0,11.0,20623.0
28601,1994,9.0,2.0,14.0,8.0,49.0
28602,1994,158.0,7.0,57.0,8.0,100719.0
28603,1994,106.0,0.0,0.0,8.0,6681.0
28604,1994,16.0,2.0,20.0,8.0,5626.0
28605,1994,106.0,0.0,0.0,8.0,40234.0
28606,1994,23.0,2.0,17.0,8.0,458.0
28607,1994,158.0,7.0,57.0,8.0,129630.0
28608,1994,118.0,3.0,101.0,8.0,925.0
28609,1994,118.0,3.0,101.0,8.0,858.0
28610,1994,23.0,2.0,17.0,8.0,869.0
28611,371,154.0,2.0,99.0,8.0,9058.0
28612,371,56.0,7.0,26.0,8.0,1739.0
28613,371,147.0,6.0,65.0,8.0,53958.0
28614,371,81.0,7.0,99.0,8.0,2938.0
28615,371,39.0,7.0,12.0,8.0,2726.0
28616,371,23.0,2.0,17.0,8.0,46.0
28617,371,68.0,2.0,29.0,8.0,2372.0
28618,371,61.0,7.0,68.0,8.0,16064.0
28619,371,178.0,7.0,104.0,8.0,3789.0
28620,371,183.0,6.0,88.0,8.0,172782.0
28631,2239,158.0,7.0,57.0,6.0,94529.0
28632,2239,158.0,7.0,57.0,6.0,182.0
28633,2239,31.0,6.0,20.0,6.0,527.0
28634,2239,165.0,3.0,78.0,6.0,156.0
28635,2239,81.0,7.0,50.0,6.0,571.0
28636,2239,133.0,7.0,50.0,6.0,3771.0
28637,2239,74.0,3.0,34.0,6.0,195.0
28638,2239,74.0,3.0,34.0,6.0,238.0
28639,2239,165.0,3.0,78.0,6.0,15663.0
28640,2239,81.0,7.0,50.0,6.0,7706.0
28641,1353,158.0,7.0,92.0,11.0,60.0
28642,1353,158.0,7.0,92.0,11.0,53.0
28643,1353,158.0,7.0,92.0,11.0,69.0
28644,1353,91.0,7.0,91.0,11.0,882.0
28645,1353,158.0,7.0,92.0,11.0,16952.0
28646,1353,150.0,3.0,41.0,11.0,17661.0
28647,1353,91.0,7.0,91.0,11.0,450.0
28648,1353,153.0,2.0,99.0,11.0,801.0
28649,1353,150.0,3.0,41.0,11.0,68.0
28650,1353,158.0,7.0,57.0,11.0,176.0
28661,2099,74.0,3.0,34.0,8.0,982.0
28662,2099,74.0,3.0,34.0,8.0,1.0
28663,2099,183.0,6.0,85.0,8.0,30940.0
28664,2099,74.0,3.0,34.0,8.0,6.0
28665,2099,23.0,2.0,17.0,8.0,1742.0
28666,2099,118.0,3.0,101.0,8.0,18.0
28667,2099,23.0,2.0,17.0,8.0,19771.0
28668,2099,23.0,2.0,17.0,8.0,1964.0
28669,2099,74.0,3.0,34.0,8.0,0.0
28670,2099,23.0,2.0,17.0,8.0,23420.0
28681,2476,23.0,2.0,17.0,6.0,383.0
28682,2476,81.0,7.0,99.0,6.0,37228.0
28683,2476,154.0,2.0,99.0,6.0,9158.0
28684,2476,118.0,3.0,101.0,6.0,20.0
28685,2476,158.0,7.0,57.0,6.0,21478.0
28686,2476,143.0,7.0,67.0,6.0,6183.0
28687,2476,158.0,7.0,57.0,6.0,13376.0
28688,2476,118.0,3.0,101.0,6.0,235.0
28689,2476,151.0,0.0,0.0,6.0,39685.0
28690,2476,61.0,7.0,68.0,6.0,57383.0
28701,1649,81.0,7.0,48.0,11.0,3742.0
28702,1649,159.0,3.0,93.0,6.0,873.0
28703,1649,158.0,7.0,92.0,6.0,14830.0
28704,1649,165.0,3.0,78.0,6.0,83.0
28705,1649,154.0,2.0,99.0,6.0,3366.0
28706,1649,150.0,3.0,94.0,11.0,3659.0
28707,1649,178.0,7.0,104.0,6.0,0.0
28708,1649,154.0,2.0,99.0,6.0,0.0
28709,1649,166.0,3.0,95.0,11.0,3449.0
28710,1649,61.0,7.0,68.0,6.0,1024.0
28711,3221,116.0,1.0,62.0,0.0,152000.0
28752,1213,153.0,2.0,99.0,0.0,28943.0
28753,1213,153.0,2.0,99.0,11.0,10208.0
28754,1213,158.0,7.0,92.0,11.0,927.0
28755,1213,91.0,7.0,91.0,11.0,128.0
28756,1213,158.0,7.0,92.0,11.0,91.0
28757,1213,158.0,7.0,92.0,11.0,65.0
28758,1213,158.0,7.0,92.0,0.0,43060.0
28759,1213,166.0,3.0,95.0,11.0,13525.0
28760,1213,158.0,7.0,92.0,11.0,51.0
28761,1213,158.0,7.0,92.0,11.0,121.0
28762,704,80.0,7.0,58.0,4.0,3022.0
28763,704,56.0,7.0,26.0,4.0,2114.0
28764,704,81.0,0.0,0.0,4.0,2589.0
28765,704,74.0,3.0,34.0,4.0,673.0
28766,704,56.0,7.0,26.0,4.0,605.0
28767,704,147.0,7.0,60.0,4.0,4230.0
28768,704,95.0,2.0,51.0,4.0,62736.0
28769,704,147.0,7.0,60.0,4.0,1975.0
28770,704,147.0,6.0,65.0,4.0,25920.0
28771,704,147.0,7.0,60.0,4.0,2363.0
28812,3032,15.0,0.0,0.0,6.0,31965.0
28813,3032,154.0,2.0,99.0,6.0,1071.0
28814,3032,154.0,2.0,99.0,6.0,4474.0
28815,3032,154.0,2.0,99.0,6.0,21286.0
28816,3032,39.0,7.0,12.0,6.0,2088.0
28817,3032,23.0,2.0,17.0,6.0,641.0
28818,3032,118.0,3.0,101.0,6.0,873.0
28819,3032,131.0,0.0,0.0,6.0,747.0
28820,3032,49.0,2.0,19.0,6.0,129323.0
28821,3032,56.0,7.0,26.0,6.0,386.0
28822,2059,158.0,7.0,92.0,1.0,349.0
28823,2059,44.0,7.0,97.0,1.0,1751.0
28824,2059,158.0,0.0,0.0,1.0,12883.0
28825,2059,44.0,7.0,97.0,1.0,13194.0
28826,2059,166.0,3.0,95.0,1.0,723.0
28827,2059,44.0,7.0,97.0,1.0,33681.0
28828,2059,44.0,7.0,97.0,1.0,216662.0
28829,2059,141.0,3.0,89.0,1.0,0.0
28830,2059,44.0,7.0,97.0,1.0,0.0
28831,2059,158.0,7.0,57.0,1.0,19773.0
28832,943,54.0,0.0,0.0,6.0,37885.0
28833,943,158.0,7.0,92.0,6.0,10572.0
28834,943,159.0,3.0,93.0,6.0,3511.0
28835,943,158.0,7.0,92.0,6.0,8986.0
28836,943,36.0,0.0,0.0,6.0,1929.0
28837,943,158.0,7.0,57.0,6.0,10910.0
28838,943,54.0,0.0,0.0,6.0,13130.0
28839,943,183.0,6.0,88.0,6.0,3177.0
28840,943,23.0,2.0,17.0,6.0,2596.0
28841,943,54.0,0.0,0.0,6.0,11127.0
28862,1390,165.0,3.0,78.0,8.0,7071.0
28893,1904,9.0,2.0,14.0,8.0,10831.0
28894,1904,36.0,0.0,0.0,8.0,1735.0
28895,1904,105.0,0.0,0.0,8.0,3967.0
28896,1904,23.0,2.0,17.0,8.0,98.0
28897,1904,23.0,2.0,17.0,8.0,126.0
28898,1904,9.0,2.0,14.0,8.0,3691.0
28899,1904,74.0,3.0,34.0,8.0,26.0
28900,1904,154.0,2.0,99.0,8.0,1316453.0
28901,1904,23.0,2.0,17.0,8.0,109.0
28902,1904,36.0,0.0,0.0,8.0,4853.0
28903,913,118.0,3.0,101.0,6.0,692.0
28904,913,81.0,7.0,99.0,6.0,599.0
28905,913,81.0,7.0,99.0,6.0,1040.0
28906,913,118.0,3.0,101.0,6.0,1091.0
28907,913,100.0,7.0,97.0,6.0,7882.0
28908,913,158.0,7.0,57.0,6.0,947.0
28909,913,23.0,2.0,17.0,6.0,2095.0
28910,913,165.0,3.0,78.0,6.0,104.0
28911,913,118.0,3.0,101.0,6.0,1098.0
28912,913,23.0,2.0,17.0,6.0,12731.0
28971,2391,150.0,3.0,41.0,0.0,18895.0
28972,2391,150.0,3.0,41.0,0.0,10775.0
28973,2391,158.0,7.0,92.0,0.0,3012.0
28974,2391,158.0,7.0,92.0,0.0,287.0
28975,2391,158.0,7.0,57.0,0.0,207.0
28976,2391,153.0,2.0,99.0,0.0,16125.0
28977,2391,153.0,2.0,99.0,0.0,63963.0
28978,2391,158.0,7.0,57.0,0.0,40494.0
28979,2391,150.0,3.0,41.0,0.0,9178.0
28980,2391,158.0,7.0,57.0,0.0,22.0
29052,2522,6.0,0.0,0.0,11.0,18.0
29053,2522,150.0,3.0,41.0,11.0,17242.0
29054,2522,86.0,0.0,0.0,11.0,77551.0
29055,2522,6.0,0.0,0.0,11.0,6.0
29056,2522,81.0,7.0,48.0,11.0,39962.0
29057,2522,6.0,0.0,0.0,11.0,123886.0
29058,2522,37.0,5.0,55.0,11.0,79064.0
29059,2522,6.0,0.0,0.0,11.0,40606.0
29060,2522,49.0,2.0,19.0,11.0,18630.0
29061,2522,181.0,3.0,84.0,11.0,418.0
29082,1910,154.0,2.0,99.0,6.0,257.0
29083,1910,118.0,3.0,101.0,6.0,1026.0
29084,1910,154.0,2.0,99.0,6.0,846.0
29085,1910,107.0,0.0,0.0,6.0,7.0
29086,1910,118.0,3.0,101.0,6.0,191.0
29087,1910,81.0,7.0,99.0,6.0,23346.0
29088,1910,165.0,3.0,78.0,6.0,590.0
29089,1910,23.0,2.0,17.0,6.0,785.0
29090,1910,118.0,3.0,101.0,6.0,941.0
29091,1910,154.0,2.0,99.0,6.0,3943.0
29092,3067,23.0,2.0,17.0,6.0,505.0
29093,3067,31.0,6.0,20.0,6.0,635.0
29094,3067,154.0,2.0,99.0,6.0,55469.0
29095,3067,13.0,0.0,0.0,6.0,15917.0
29096,3067,118.0,3.0,101.0,6.0,52.0
29097,3067,23.0,2.0,17.0,6.0,586.0
29098,3067,165.0,3.0,78.0,6.0,132.0
29099,3067,165.0,3.0,78.0,6.0,109.0
29100,3067,154.0,2.0,99.0,6.0,12376.0
29101,3067,74.0,3.0,34.0,6.0,660.0
29138,316,23.0,2.0,17.0,6.0,898.0
29139,316,81.0,7.0,99.0,6.0,11604.0
29140,316,36.0,0.0,0.0,6.0,7150.0
29141,316,118.0,3.0,101.0,6.0,81.0
29142,316,81.0,7.0,99.0,6.0,891.0
29143,316,74.0,3.0,34.0,6.0,217.0
29144,316,118.0,3.0,101.0,6.0,4.0
29145,316,56.0,7.0,26.0,6.0,377.0
29146,316,105.0,0.0,0.0,6.0,4634.0
29147,316,165.0,3.0,78.0,6.0,1145.0
29158,2547,147.0,7.0,60.0,6.0,533.0
29159,2547,147.0,6.0,65.0,6.0,7997.0
29160,2547,154.0,2.0,99.0,6.0,478.0
29161,2547,118.0,3.0,101.0,6.0,721.0
29162,2547,77.0,0.0,0.0,6.0,365350.0
29163,2547,187.0,0.0,0.0,6.0,23481.0
29164,2547,147.0,6.0,65.0,6.0,11980.0
29165,2547,147.0,7.0,60.0,6.0,1117.0
29166,2547,154.0,2.0,99.0,6.0,1451.0
29167,2547,74.0,3.0,34.0,6.0,2681.0
29224,33,74.0,3.0,34.0,8.0,4888.0
29253,2374,118.0,3.0,101.0,8.0,768.0
29254,2374,23.0,2.0,17.0,8.0,513.0
29255,2374,81.0,7.0,99.0,8.0,11995.0
29256,2374,107.0,0.0,0.0,8.0,176.0
29257,2374,158.0,7.0,57.0,8.0,12813.0
29258,2374,165.0,3.0,78.0,8.0,47.0
29259,2374,56.0,7.0,26.0,8.0,306.0
29260,2374,74.0,3.0,34.0,8.0,9902.0
29261,2374,49.0,2.0,19.0,8.0,943967.0
29262,2374,118.0,3.0,101.0,8.0,722.0
29263,1609,9.0,2.0,14.0,8.0,14.0
29264,1609,165.0,3.0,78.0,8.0,2610.0
29265,1609,23.0,2.0,17.0,8.0,49.0
29266,1609,154.0,2.0,99.0,8.0,39426.0
29267,1609,10.0,0.0,0.0,8.0,82.0
29268,1609,158.0,7.0,57.0,8.0,165.0
29269,1609,187.0,0.0,0.0,8.0,12084.0
29270,1609,118.0,3.0,101.0,8.0,1202.0
29271,1609,78.0,0.0,0.0,8.0,2443.0
29272,1609,146.0,2.0,70.0,8.0,405.0
29303,259,61.0,7.0,68.0,6.0,743.0
29304,259,154.0,2.0,99.0,6.0,18290.0
29305,259,6.0,0.0,0.0,0.0,12400.0
29306,259,81.0,0.0,0.0,6.0,1532.0
29307,259,81.0,7.0,102.0,6.0,189814.0
29308,259,10.0,0.0,0.0,6.0,6149.0
29309,259,154.0,2.0,99.0,6.0,1720.0
29310,259,146.0,2.0,70.0,6.0,234950.0
29311,259,158.0,7.0,57.0,6.0,203926.0
29312,259,23.0,2.0,17.0,6.0,657.0
29323,3070,49.0,2.0,19.0,8.0,1320.0
29324,3070,118.0,3.0,101.0,8.0,4821.0
29325,3070,56.0,7.0,26.0,8.0,2262.0
29326,3070,56.0,7.0,26.0,8.0,1773.0
29327,3070,56.0,7.0,26.0,8.0,3662.0
29328,3070,81.0,7.0,99.0,8.0,37674.0
29329,3070,56.0,7.0,26.0,8.0,4541.0
29330,3070,81.0,7.0,99.0,8.0,10628.0
29331,3070,74.0,3.0,34.0,8.0,8621.0
29363,173,183.0,6.0,85.0,10.0,17685.0
29364,173,165.0,3.0,78.0,10.0,26.0
29365,173,118.0,3.0,101.0,10.0,96.0
29366,173,118.0,3.0,101.0,10.0,2303.0
29367,173,23.0,2.0,17.0,10.0,13783.0
29368,173,118.0,3.0,101.0,10.0,12.0
29369,173,158.0,7.0,57.0,10.0,105592.0
29370,173,165.0,3.0,78.0,10.0,376.0
29371,173,158.0,7.0,57.0,10.0,192093.0
29372,173,118.0,3.0,101.0,10.0,2796.0
29388,2798,175.0,0.0,0.0,11.0,7559.0
29389,2798,6.0,0.0,0.0,0.0,109296.0
29390,2798,153.0,2.0,99.0,0.0,855.0
29391,2798,153.0,2.0,99.0,0.0,12997.0
29392,2798,175.0,0.0,0.0,11.0,557.0
29393,2798,74.0,3.0,34.0,11.0,644.0
29394,2798,153.0,2.0,99.0,0.0,12948.0
29395,2798,153.0,2.0,99.0,0.0,20077.0
29396,2798,153.0,2.0,99.0,0.0,1115.0
29397,2798,175.0,0.0,0.0,11.0,1875.0
29458,1826,65.0,0.0,0.0,0.0,850.0
29459,1826,127.0,0.0,0.0,8.0,264234.0
29460,1826,158.0,7.0,57.0,8.0,1038.0
29461,1826,23.0,2.0,17.0,8.0,877.0
29462,1826,74.0,3.0,34.0,8.0,1723.0
29463,1826,107.0,0.0,0.0,8.0,64.0
29464,1826,6.0,0.0,0.0,0.0,4552.0
29465,1826,65.0,0.0,0.0,0.0,391.0
29466,1826,118.0,3.0,101.0,8.0,20.0
29467,1826,67.0,0.0,0.0,0.0,83.0
29479,2312,81.0,3.0,72.0,11.0,100.0
29480,2312,158.0,7.0,92.0,11.0,39.0
29481,2312,153.0,2.0,99.0,11.0,41109.0
29482,2312,166.0,3.0,95.0,11.0,44010.0
29483,2312,54.0,0.0,0.0,11.0,2338.0
29484,2312,6.0,0.0,0.0,11.0,566.0
29485,2312,166.0,3.0,95.0,11.0,52491.0
29486,2312,91.0,7.0,91.0,11.0,2404.0
29487,2312,166.0,3.0,95.0,11.0,2803.0
29488,2312,158.0,7.0,92.0,11.0,121.0
29513,22,166.0,3.0,95.0,11.0,16.0
29514,22,153.0,2.0,99.0,11.0,10152.0
29515,22,158.0,7.0,92.0,11.0,5.0
29516,22,158.0,7.0,92.0,11.0,75.0
29517,22,150.0,3.0,41.0,11.0,192.0
29518,22,158.0,7.0,92.0,11.0,41.0
29519,22,166.0,3.0,95.0,11.0,502.0
29520,22,91.0,7.0,91.0,11.0,279.0
29521,22,158.0,7.0,92.0,11.0,188.0
29522,22,181.0,3.0,84.0,11.0,27202.0
29563,3171,60.0,7.0,28.0,6.0,4671.0
29564,3171,81.0,7.0,99.0,6.0,1185.0
29565,3171,60.0,7.0,28.0,6.0,89164.0
29566,3171,147.0,6.0,65.0,6.0,10931.0
29567,3171,61.0,7.0,68.0,6.0,564.0
29568,3171,31.0,6.0,20.0,6.0,874.0
29569,3171,81.0,7.0,50.0,6.0,1006.0
29570,3171,81.0,7.0,50.0,6.0,874.0
29571,3171,45.0,0.0,0.0,6.0,10643.0
29572,3171,154.0,2.0,99.0,6.0,21173.0
29585,2311,165.0,3.0,78.0,8.0,163.0
29586,2311,23.0,2.0,17.0,8.0,591.0
29587,2311,23.0,2.0,17.0,8.0,10591.0
29588,2311,23.0,2.0,17.0,8.0,23.0
29589,2311,158.0,7.0,57.0,8.0,1577909.0
29590,2311,118.0,3.0,101.0,8.0,126.0
29591,2311,118.0,3.0,101.0,8.0,842.0
29592,2311,158.0,7.0,57.0,8.0,439.0
29593,2311,118.0,3.0,101.0,8.0,2401.0
29594,2311,158.0,7.0,57.0,8.0,359.0
29595,466,43.0,2.0,11.0,11.0,24246.0
29596,2204,158.0,7.0,92.0,11.0,4304.0
29597,2204,81.0,3.0,72.0,11.0,469.0
29598,2204,91.0,7.0,91.0,11.0,182.0
29599,2204,0.0,4.0,49.0,11.0,53106.0
29600,2204,154.0,2.0,99.0,6.0,2580.0
29601,2204,23.0,2.0,17.0,6.0,542.0
29602,2204,81.0,7.0,99.0,6.0,7553.0
29603,2204,154.0,2.0,99.0,6.0,11429.0
29604,2204,118.0,3.0,101.0,6.0,1117.0
29605,2204,23.0,2.0,17.0,6.0,654.0
29606,1467,81.0,0.0,0.0,1.0,447.0
29607,1467,183.0,0.0,0.0,1.0,1000.0
29608,1467,81.0,0.0,0.0,1.0,750.0
29609,1467,183.0,0.0,0.0,1.0,851.0
29610,1467,166.0,3.0,95.0,1.0,517.0
29611,1467,44.0,7.0,97.0,1.0,22518.0
29612,1467,187.0,0.0,0.0,10.0,46824.0
29613,1467,44.0,7.0,97.0,1.0,1328.0
29614,1467,91.0,7.0,91.0,1.0,1543.0
29615,1467,166.0,3.0,95.0,1.0,66363.0
29666,767,36.0,0.0,0.0,8.0,48131.0
29667,767,165.0,3.0,78.0,8.0,16.0
29668,767,154.0,2.0,99.0,8.0,12632.0
29669,767,147.0,7.0,60.0,8.0,894.0
29670,767,81.0,7.0,99.0,8.0,35651.0
29671,767,154.0,2.0,99.0,8.0,1387.0
29672,767,54.0,6.0,24.0,8.0,143800.0
29673,767,154.0,2.0,99.0,8.0,970.0
29674,767,158.0,7.0,57.0,8.0,467.0
29675,767,118.0,3.0,101.0,8.0,1602.0
29826,1274,158.0,7.0,92.0,11.0,1.0
29827,1274,158.0,7.0,92.0,11.0,13572.0
29828,1274,153.0,2.0,99.0,11.0,51910.0
29829,1274,158.0,7.0,92.0,11.0,16.0
29830,1274,181.0,3.0,84.0,11.0,243.0
29831,1274,103.0,6.0,53.0,11.0,635.0
29832,1274,153.0,2.0,99.0,11.0,12110.0
29833,1274,166.0,3.0,95.0,11.0,2418.0
29834,1274,158.0,7.0,92.0,11.0,144.0
29835,1274,158.0,7.0,92.0,11.0,258.0
29858,336,158.0,0.0,0.0,0.0,1183.0
29859,336,181.0,3.0,84.0,11.0,248.0
29860,336,158.0,7.0,57.0,11.0,18470.0
29861,336,166.0,3.0,95.0,11.0,73.0
29862,336,112.0,3.0,61.0,11.0,1396.0
29863,336,158.0,7.0,92.0,11.0,41.0
29864,336,153.0,2.0,99.0,11.0,112631.0
29865,336,166.0,3.0,95.0,11.0,30264.0
29866,336,6.0,0.0,0.0,11.0,37.0
29867,336,81.0,3.0,72.0,11.0,19.0
29925,2971,158.0,7.0,57.0,8.0,54252.0
29926,2971,154.0,2.0,99.0,8.0,454.0
29927,2971,165.0,3.0,78.0,8.0,15.0
29928,2971,158.0,7.0,57.0,8.0,43311.0
29929,2971,118.0,3.0,101.0,8.0,164.0
29930,2971,158.0,7.0,57.0,8.0,16450.0
29931,2971,154.0,2.0,99.0,8.0,21415.0
29932,2971,81.0,7.0,99.0,8.0,10221.0
29933,2971,49.0,2.0,19.0,8.0,21557.0
29934,2971,154.0,2.0,99.0,8.0,628.0
29945,135,158.0,7.0,57.0,11.0,7206.0
29946,135,103.0,6.0,53.0,11.0,126.0
29947,135,150.0,3.0,41.0,11.0,28.0
29948,135,153.0,2.0,99.0,11.0,194.0
29949,135,158.0,7.0,92.0,11.0,96.0
29950,135,153.0,2.0,99.0,11.0,14781.0
29951,135,150.0,3.0,41.0,11.0,12461.0
29952,135,166.0,3.0,95.0,11.0,1378.0
29953,135,158.0,7.0,92.0,11.0,544.0
29954,135,166.0,3.0,95.0,11.0,1895.0
29969,2436,86.0,0.0,0.0,8.0,209340.0
29970,2436,118.0,3.0,101.0,8.0,3223.0
29971,2436,118.0,3.0,101.0,8.0,12.0
29972,2436,5.0,0.0,0.0,8.0,4948.0
29973,2436,54.0,0.0,0.0,8.0,18205.0
29974,2436,158.0,7.0,57.0,8.0,9981.0
29975,2436,60.0,7.0,28.0,8.0,9311.0
29976,2436,103.0,7.0,1.0,8.0,300.0
29977,2436,60.0,7.0,28.0,8.0,1550.0
29978,2436,81.0,7.0,99.0,8.0,24357.0
30006,2354,10.0,0.0,0.0,6.0,33229.0
30007,2354,154.0,2.0,99.0,6.0,3375.0
30008,2354,21.0,0.0,0.0,6.0,365.0
30009,2354,74.0,3.0,34.0,6.0,4151.0
30010,2354,23.0,2.0,17.0,6.0,567.0
30011,2354,165.0,3.0,78.0,6.0,113.0
30012,2354,21.0,0.0,0.0,6.0,38.0
30013,2354,154.0,2.0,99.0,6.0,4601.0
30014,2354,81.0,7.0,99.0,6.0,25687.0
30015,2354,118.0,3.0,101.0,6.0,956.0
30046,523,178.0,7.0,104.0,8.0,5437.0
30047,523,47.0,0.0,0.0,8.0,4432.0
30048,523,87.0,0.0,0.0,8.0,19001.0
30049,523,56.0,7.0,26.0,8.0,386.0
30050,523,146.0,2.0,70.0,8.0,498.0
30051,523,19.0,0.0,0.0,8.0,142.0
30052,523,126.0,0.0,0.0,8.0,43966.0
30053,523,78.0,0.0,0.0,8.0,7712.0
30054,523,74.0,3.0,34.0,8.0,1584.0
30055,523,54.0,6.0,24.0,8.0,9013.0
30066,755,158.0,7.0,92.0,10.0,11627.0
30067,755,150.0,3.0,41.0,10.0,36.0
30068,755,158.0,7.0,57.0,10.0,461.0
30069,755,150.0,3.0,41.0,10.0,73.0
30070,755,158.0,7.0,92.0,10.0,53.0
30071,755,158.0,7.0,92.0,10.0,813.0
30072,755,158.0,7.0,92.0,10.0,1373.0
30073,755,150.0,3.0,41.0,10.0,43.0
30074,755,166.0,3.0,95.0,10.0,35.0
30075,755,158.0,7.0,92.0,10.0,62.0
30076,677,154.0,2.0,99.0,6.0,644.0
30077,677,158.0,7.0,57.0,6.0,53417.0
30078,677,154.0,2.0,99.0,6.0,266.0
30079,677,23.0,2.0,17.0,6.0,75.0
30080,677,23.0,2.0,17.0,6.0,6113.0
30081,677,154.0,2.0,99.0,6.0,288.0
30082,677,154.0,2.0,99.0,6.0,630.0
30083,677,56.0,7.0,26.0,6.0,1320.0
30084,677,158.0,7.0,57.0,6.0,461.0
30085,677,154.0,2.0,99.0,6.0,252.0
30150,1206,154.0,2.0,99.0,6.0,489.0
30151,1206,23.0,2.0,17.0,6.0,866.0
30152,1206,118.0,3.0,101.0,6.0,1684.0
30153,1206,118.0,3.0,101.0,6.0,88.0
30154,1206,118.0,3.0,101.0,6.0,1179.0
30155,1206,165.0,3.0,78.0,6.0,75.0
30156,1206,154.0,2.0,99.0,6.0,2509.0
30157,1206,118.0,3.0,101.0,6.0,574.0
30158,1206,159.0,3.0,93.0,6.0,8358.0
30159,1206,33.0,6.0,43.0,6.0,2020.0
30160,313,74.0,3.0,34.0,6.0,515.0
30161,313,118.0,3.0,101.0,6.0,72.0
30162,313,118.0,3.0,101.0,6.0,48.0
30163,313,158.0,7.0,57.0,6.0,7183.0
30164,313,36.0,0.0,0.0,6.0,4627.0
30165,313,183.0,6.0,85.0,6.0,11796.0
30166,313,23.0,2.0,17.0,6.0,487.0
30167,313,165.0,3.0,78.0,6.0,77.0
30168,313,23.0,2.0,17.0,6.0,409.0
30169,313,165.0,3.0,78.0,6.0,51.0
30190,2253,158.0,7.0,57.0,6.0,99723.0
30191,2253,147.0,6.0,65.0,6.0,132045.0
30192,2253,81.0,0.0,0.0,6.0,1076.0
30193,2253,178.0,7.0,104.0,6.0,508.0
30194,2253,143.0,7.0,67.0,6.0,2028.0
30195,2253,116.0,1.0,62.0,6.0,0.0
30196,2253,158.0,7.0,56.0,6.0,7012.0
30197,2253,183.0,6.0,88.0,6.0,10981.0
30198,2253,131.0,0.0,0.0,6.0,709.0
30199,2253,60.0,7.0,28.0,6.0,170.0
