individual_id,RELATE,SEX,AGE,MARST,RACE,CITIZEN,SPEAKENG,SCHOOL,EDUC,GRADEATT,SCHLTYPE,EMPSTAT,CLASSWKR,INCTOT,DISABWRK,household_id
0,2,0,44.30393946714734,5,0,0,2,1,6,0,1,3,2,1.0,1,0
1,2,0,17.84829406617053,5,3,2,4,2,7,6,2,1,2,0.0,1,1
2,2,0,3.9827293678909825,5,0,0,0,1,0,0,1,0,0,0.0,0,1
3,0,0,38.542043152126844,0,1,0,2,1,6,0,1,1,2,17.0,2,1
4,2,1,19.0,5,0,0,2,1,6,0,1,1,2,0.0,1,1
5,2,1,30.694029889793708,5,0,0,3,1,10,0,1,1,2,27.770649174362937,1,1
6,2,0,17.885619702012228,5,6,0,2,2,6,6,2,1,2,0.0,1,1
7,1,1,29.0,0,6,0,3,1,7,0,1,1,2,8.0,1,1
8,2,0,7.95479893627756,5,6,0,3,2,0,3,2,0,0,0.0,0,1
9,2,0,21.0,5,5,2,3,2,7,6,2,3,0,0.0,1,1
10,1,1,32.0,0,6,2,3,1,6,0,1,1,2,14.244392038315766,1,2
11,2,1,18.11141222848842,5,7,0,2,2,7,6,3,3,2,0.0,1,2
12,2,0,1.0,5,0,0,0,0,0,0,0,0,0,0.0,0,2
13,2,0,4.0021689195425205,5,7,0,0,1,0,0,1,0,0,0.0,0,2
14,0,0,34.388234786678716,0,0,0,2,1,6,0,1,1,2,39.614013839595756,1,2
15,1,1,46.25649710688732,0,0,0,3,2,7,6,2,1,1,1.0,2,3
16,2,0,7.397033226895493,5,0,0,3,2,1,3,2,0,0,0.0,0,3
17,2,1,1.973385409886218,5,6,0,0,0,0,0,0,0,0,0.0,0,3
18,2,1,1.9944233222303724,5,0,0,0,0,0,0,0,0,0,0.0,0,4
19,1,0,47.36190722552681,0,0,3,3,1,6,0,1,1,2,6.0,1,5
20,2,0,9.16288527460217,5,6,0,3,2,2,4,2,0,0,0.0,0,5
21,1,1,24.233187589169663,0,6,3,4,1,5,0,1,3,1,2.0,2,5
22,2,0,5.886497926620291,5,7,0,3,2,0,2,2,0,0,0.0,0,5
23,0,0,37.817812697656684,0,0,0,2,1,5,0,1,1,1,4.0,1,5
24,2,0,4.875890620381188,5,0,0,2,2,1,1,3,0,0,0.0,0,6
25,2,1,43.491454602793965,3,6,2,3,1,6,0,1,3,0,4.0,1,6
26,0,1,52.0,0,4,3,4,1,6,0,1,1,2,15.86107944193056,1,7
27,7,0,76.01484494735871,0,5,2,5,2,2,4,2,3,0,3.0,1,7
28,0,0,40.0,0,0,0,2,1,6,0,1,1,1,12.0,1,7
29,0,1,65.40384564186155,3,0,0,3,1,4,0,1,3,2,1.0,1,7
30,0,0,56.61243091809231,0,0,0,2,1,6,0,1,1,1,72.29258346258248,1,8
31,2,0,9.0,5,6,0,4,2,0,3,2,0,0,0.0,0,8
32,5,0,2.000575305685725,5,1,0,0,0,0,0,0,0,0,0.0,0,8
33,0,0,62.260660294840314,0,0,0,2,1,7,0,1,3,2,63.21622750276223,1,9
34,0,0,55.358112877671594,0,7,0,3,1,6,0,1,1,2,10.0,1,9
35,0,1,64.68206096961701,4,0,0,2,1,6,0,1,1,2,23.44321434292933,1,9
36,2,1,7.593071080914534,5,0,0,2,2,1,3,3,0,0,0.0,0,10
37,2,1,12.0,5,5,2,4,2,2,4,3,0,0,0.0,0,10
38,2,1,19.80161928871415,5,0,0,2,2,7,6,2,1,2,8.743811518466359,1,11
39,7,1,42.66083186887075,0,0,3,1,1,0,0,1,3,0,0.0,1,12
40,2,1,18.051779594108837,5,5,0,3,2,6,5,2,1,2,0.0,1,12
41,2,1,16.0,5,0,0,2,2,3,5,3,3,0,0.0,1,12
42,1,1,61.9916472490502,0,0,2,5,1,6,0,1,3,0,3.0,2,12
43,6,0,3.0096468215287997,5,6,3,0,1,0,0,1,0,0,0.0,0,12
44,0,0,23.66276344651565,0,0,0,2,2,7,6,2,1,2,15.0,1,13
45,0,0,40.0,0,6,0,3,1,8,0,1,1,2,29.798176187905895,1,13
46,2,0,17.433152861279464,5,0,0,2,2,5,5,2,2,2,0.0,1,14
47,2,0,6.0136225526373845,5,0,0,3,2,1,3,2,0,0,0.0,0,14
48,2,0,30.642356537008343,5,0,0,2,1,6,0,1,1,2,13.935190792329163,1,14
49,2,1,15.000896993326624,5,0,0,2,2,3,5,2,0,0,2.0,0,14
50,0,1,48.053549399314875,3,4,2,4,1,6,0,1,1,2,15.0,1,14
51,2,1,1.950812275413344,5,0,0,0,0,0,0,0,0,0,0.0,0,14
52,1,1,50.85445231939143,0,0,2,4,1,2,0,1,3,0,0.0,1,14
53,0,1,78.94247675112338,4,0,0,2,1,5,0,1,3,0,5.0,1,15
54,2,0,14.0,5,5,0,3,2,2,4,3,0,0,0.0,0,15
55,0,0,45.0,0,0,0,2,1,6,0,1,1,2,26.06761942095905,1,15
56,0,0,30.0,0,6,0,2,1,7,0,1,1,2,13.0,2,15
57,0,0,39.07872085599921,0,5,3,5,1,9,0,1,1,1,49.462421241025986,1,15
58,2,1,3.953172112404247,5,0,0,0,1,0,0,1,0,0,0.0,0,16
59,1,0,80.07192693753268,0,0,3,3,1,6,0,1,3,0,7.0,1,16
60,2,1,11.0,5,5,0,2,2,2,4,2,0,0,0.0,0,16
61,0,0,36.88937556412315,0,0,0,2,1,6,0,1,2,2,3.0,1,17
62,0,0,28.040512366950946,0,6,3,5,1,2,0,1,1,2,12.0,1,17
63,2,1,8.184088673109043,5,1,0,2,2,1,3,2,0,0,0.0,0,17
64,2,1,8.968624011676633,5,0,0,3,2,1,3,2,0,0,0.0,0,17
65,1,1,57.192490644040625,0,7,0,2,1,6,0,1,1,2,35.297275112608276,1,18
66,5,0,2.071535765474818,5,7,0,0,0,0,0,0,0,0,0.0,0,18
67,1,1,40.0,0,0,0,2,1,6,0,1,1,2,16.886812724788907,1,19
68,1,1,32.0,0,0,2,3,1,7,0,1,3,2,3.0,1,20
69,0,1,85.0,4,0,0,2,1,2,0,1,3,0,23.12124359509545,2,20
70,1,1,45.95055253426568,0,0,0,2,1,9,0,1,1,1,35.01360927942802,1,20
71,1,1,46.12470685721038,0,6,3,1,1,0,0,1,3,0,0.0,1,21
72,0,1,51.07462616149112,2,6,3,1,1,1,0,1,2,2,7.0,1,21
73,2,0,19.0,5,6,3,4,1,4,0,1,3,2,3.0,1,21
74,0,0,57.02854231786738,5,0,0,2,1,10,0,1,1,2,3.0,1,21
75,0,1,75.05429984497619,4,4,0,4,1,6,0,1,3,2,5.0,1,21
76,0,0,52.40273821406325,0,0,0,2,1,9,0,1,1,2,26.27850676432111,1,21
77,7,1,85.0,4,0,0,2,1,6,0,1,3,0,6.0,1,21
78,1,1,45.0,0,0,0,2,1,10,0,1,1,2,18.890228797846284,2,22
79,5,0,3.976914275591745,5,6,0,0,2,1,1,2,0,0,0.0,0,22
80,1,1,33.055387258723876,0,0,0,2,1,6,0,1,1,1,8.0,1,22
81,0,0,43.0,0,0,0,2,1,6,0,1,1,2,24.361674930004856,1,22
82,2,1,12.063579253350154,5,5,0,3,2,2,4,2,0,0,0.0,0,22
83,7,0,40.0,5,0,0,2,1,8,0,1,3,2,10.0,2,23
84,0,0,37.03912977519868,0,6,2,4,1,5,0,1,1,2,21.78801599738751,1,23
85,0,1,30.0,0,6,3,1,1,0,0,1,3,2,8.0,1,23
86,2,1,11.0,5,6,0,3,2,2,4,2,0,0,0.0,0,24
87,2,0,14.0,5,6,0,4,2,2,5,2,0,0,0.0,0,25
88,2,1,11.0,5,0,0,2,2,2,4,2,0,0,0.0,0,26
89,1,1,70.88765197887204,0,0,0,2,1,6,0,1,3,0,17.215719236800098,1,27
90,0,0,52.0,0,0,0,2,1,10,0,1,1,2,99.0,1,28
91,2,1,2.0061380796817856,5,0,0,0,0,0,0,0,0,0,0.0,0,28
92,7,1,85.0,4,0,0,2,1,6,0,1,3,0,6.0,1,29
93,2,0,14.0,5,1,0,2,2,2,4,2,0,0,0.0,0,29
94,2,0,45.0,3,2,0,2,1,6,0,1,1,2,10.948105164984252,1,29
95,0,0,40.0,0,6,3,1,1,0,0,1,3,2,5.0,1,29
96,2,1,4.94321734669321,5,5,1,2,1,0,0,1,0,0,0.0,0,29
97,1,1,68.85935309733941,0,0,2,5,1,4,0,1,3,0,2.0,1,29
98,1,0,58.68589946242496,0,1,0,2,1,6,0,1,3,0,12.0,2,30
99,0,0,26.74623722796195,5,0,0,2,1,9,0,1,1,2,52.91863072077684,1,30
100,0,0,41.50113993956235,0,0,0,2,1,9,0,1,1,2,32.63006669446509,1,30
101,2,0,9.0,5,0,0,2,2,1,3,2,0,0,0.0,0,30
102,2,1,19.0,5,0,0,2,1,6,0,1,1,2,0.0,1,31
103,1,1,38.01602484874875,0,0,3,5,1,2,0,1,1,2,6.0,2,31
104,1,1,24.935812131552574,0,6,3,2,2,7,6,2,1,2,14.936840599962435,2,32
105,2,0,3.0015426362564424,5,0,0,0,1,0,0,1,0,0,0.0,0,32
106,0,1,27.95600416965488,2,1,0,2,2,6,6,2,3,2,10.0,1,33
107,2,0,10.42025662670006,5,0,0,2,2,2,4,2,0,0,0.0,0,33
108,0,0,24.381277925769563,0,0,0,2,1,5,0,1,3,2,2.0,1,34
109,7,0,34.854458644748576,5,0,0,2,1,2,0,1,3,0,0.0,2,35
110,2,1,18.074102627960755,5,0,0,2,2,6,5,2,3,0,0.0,1,36
111,1,1,67.39864755636053,0,0,0,2,1,7,0,1,1,2,2.1709463017409,1,36
112,1,1,41.95070182528678,0,6,0,3,1,1,0,1,2,2,0.0,1,36
113,2,1,12.0,5,0,0,2,2,2,4,2,0,0,0.0,0,37
114,2,1,9.840482863053328e-06,5,6,0,0,0,0,0,0,0,0,0.0,0,37
115,7,0,30.593694667739584,5,5,0,2,1,10,0,1,1,2,17.0,1,38
116,0,0,47.60755698921434,0,0,0,2,1,6,0,1,1,2,19.781836273453063,1,38
117,0,1,42.021274380926904,2,1,0,2,2,7,6,3,3,2,15.0,1,38
118,1,1,39.183973913671224,0,0,0,2,1,9,0,1,1,2,4.0,1,38
119,7,0,20.04146165684899,1,0,0,5,1,6,0,1,2,2,12.0,2,39
120,1,1,41.81901424189126,0,0,0,3,1,6,0,1,1,2,29.708702827525563,1,39
121,0,1,26.000189745236554,5,5,2,4,1,6,0,1,3,0,0.0,1,39
122,2,0,5.046265633533873,5,5,0,5,2,1,2,2,0,0,0.0,0,40
123,1,1,51.09252774834581,0,0,0,2,1,7,0,1,3,2,0.0,1,41
124,0,0,40.0,0,6,0,3,1,8,0,1,1,2,29.95520981303929,1,41
125,0,0,46.483956535901584,3,0,0,2,1,6,0,1,1,1,25.865319354829147,1,41
126,0,1,76.9641736726201,4,0,0,2,1,7,0,1,3,1,29.930272092616416,1,41
127,0,1,78.17791058427224,4,0,0,2,1,7,0,1,1,1,6.0,1,42
128,0,0,79.98236361619631,0,1,0,2,1,6,0,1,3,0,4.0,1,43
129,2,0,5.962086885484095,5,4,0,4,2,1,3,2,0,0,0.0,0,43
130,0,1,66.46567680975197,4,0,0,2,1,6,0,1,3,0,10.0,1,43
131,2,0,22.1374986465865,5,6,3,3,1,6,0,1,1,2,10.0,1,43
132,7,0,36.0,3,0,0,2,1,8,0,1,1,2,17.0,1,44
133,5,1,3.9713377467858266,5,0,3,0,2,1,2,2,0,0,0.0,0,45
134,1,0,81.22150509074538,0,0,0,2,1,10,0,1,3,0,62.31533725430541,1,45
135,1,1,81.24826485019048,0,0,0,2,1,9,0,1,3,0,6.0,1,45
136,1,1,59.95500251398193,0,0,0,2,1,3,0,1,3,2,0.0,1,46
137,2,1,1.9730893028961278,5,0,0,0,0,0,0,0,0,0,0.0,0,47
138,1,1,25.307268110112425,0,6,3,4,1,3,0,1,3,1,4.007174297220292,2,48
139,7,1,36.41004403683325,2,0,0,2,1,6,0,1,3,2,5.0,1,49
140,0,0,41.0,0,0,0,2,1,8,0,1,1,2,36.459981276483724,1,49
141,2,0,2.033170750720595,5,0,0,0,0,0,0,0,0,0,0.0,0,49
142,2,1,5.106188076963945,5,0,0,4,2,0,2,2,0,0,0.0,0,49
143,3,1,85.0,4,0,0,2,1,3,0,1,3,0,13.0,2,50
144,3,0,75.06067681203363,0,5,3,1,1,0,0,1,3,0,2.0,1,51
145,2,0,14.181063348318803,5,0,0,3,2,4,5,2,0,0,0.0,0,51
146,2,0,32.0,1,3,3,5,1,3,0,1,1,2,7.0,1,51
147,2,1,1.9669986887291866,5,0,0,0,0,0,0,0,0,0,0.0,0,51
148,2,1,12.078898593365048,5,0,0,2,2,2,4,2,0,0,0.0,0,51
149,0,0,58.02019790066742,0,7,0,2,1,6,0,1,3,2,98.99988875724978,2,51
150,2,0,22.93102289641561,5,0,0,4,1,0,0,1,3,2,5.0,1,51
151,2,1,23.11706827005205,5,5,0,3,2,9,7,2,1,2,17.0,1,51
152,0,0,51.109911932740204,0,0,2,1,1,0,0,1,1,1,6.0,1,51
153,7,0,20.087196568026613,5,0,3,5,1,6,0,1,3,0,0.0,1,51
154,0,1,67.81980060226745,4,0,0,2,1,10,0,1,1,1,29.965178776674986,1,51
155,2,0,3.0064939717736165,5,2,0,0,2,0,1,2,0,0,0.0,0,51
156,2,1,17.107484775842302,5,5,0,2,2,5,5,3,1,2,0.0,1,52
157,0,1,30.0,3,0,3,3,1,9,0,1,1,2,32.036850115397925,2,52
158,0,0,69.89434036427555,3,1,0,2,1,3,0,1,3,0,4.0,1,53
159,2,1,2.008892420752986,5,6,0,0,0,0,0,0,0,0,0.0,0,54
160,1,1,41.0,0,5,2,3,1,0,0,1,3,0,0.0,1,54
161,2,1,16.811847709571637,5,6,0,3,2,4,5,2,3,0,0.0,1,55
162,5,0,2.978782210642419,5,1,0,0,2,0,2,2,0,0,0.0,0,55
163,2,1,19.958971911327406,1,0,0,2,1,7,0,1,3,2,10.0,1,55
164,0,0,21.81680814984844,5,0,0,2,1,6,0,1,1,2,9.0,1,55
165,0,1,37.678037882768436,3,1,0,2,1,7,0,1,1,2,15.0,1,55
166,2,0,17.210149291845177,5,1,0,2,2,5,5,2,3,0,0.0,1,56
167,2,1,9.422761684973458e-06,5,0,0,0,0,0,0,0,0,0,0.0,0,56
168,2,0,45.74408668196647,4,0,0,2,1,6,0,1,1,2,15.0,2,57
169,2,1,9.510573330927537,5,0,0,2,2,1,3,2,0,0,0.0,0,57
170,0,1,36.0,2,0,0,2,1,6,0,1,1,2,16.13741813661517,1,57
171,2,0,2.02574650953781,5,0,0,0,0,0,0,0,0,0,0.0,0,58
172,2,0,30.0,5,0,0,2,1,7,0,1,2,2,1.0,2,58
173,2,0,3.010313619227454,5,0,0,0,2,1,1,2,0,0,0.0,0,58
174,2,1,9.446143183731702e-06,5,0,0,0,0,0,0,0,0,0,0.0,0,58
175,1,1,48.19522058751201,0,7,0,3,1,6,0,1,3,0,0.0,1,59
176,2,1,3.0077228401065055,5,0,0,0,1,0,0,1,0,0,0.0,0,59
177,2,1,1.0,5,0,0,0,0,0,0,0,0,0,0.0,0,59
178,1,1,70.39045675557497,0,0,2,2,1,6,0,1,1,2,5.0,1,59
179,0,0,68.17678601949682,0,0,0,2,1,2,0,1,3,2,13.851923177152333,1,59
180,7,1,30.0,5,5,3,4,1,7,0,1,1,2,25.164174105764022,1,59
181,2,0,23.359835004481894,5,6,3,5,1,8,0,1,1,2,8.0,1,59
182,2,0,24.904621726974714,5,5,3,3,2,8,6,2,1,2,11.09287313755609,1,59
183,0,0,66.85493851474547,0,7,0,3,1,10,0,1,1,1,6.0,2,59
184,0,1,27.895580215907746,0,0,0,2,1,7,0,1,1,2,14.432703114109147,1,59
185,1,1,50.91929040729652,0,0,2,4,1,2,0,1,3,0,0.0,1,59
186,2,0,17.15891800488983,5,6,3,4,2,4,5,2,2,0,0.0,1,59
187,1,1,50.00909273450572,0,0,0,2,1,9,0,1,3,0,0.0,1,60
188,2,0,39.14597779887228,5,0,0,2,1,5,0,1,3,0,0.0,1,60
189,7,0,35.091566894413596,5,0,3,1,1,6,0,1,1,2,0.0,1,60
190,7,1,30.82483644338965,5,0,2,3,1,2,0,1,1,2,13.0,1,60
191,0,1,56.42221874006964,3,0,0,2,1,6,0,1,1,2,24.230246261260977,1,61
192,7,0,54.33364586206451,5,0,0,2,1,10,0,1,1,2,34.7868615441641,1,62
193,2,1,8.080545284929748,5,0,0,2,2,1,3,2,0,0,0.0,0,62
194,7,0,35.141489594531244,5,0,0,2,1,7,0,1,2,0,3.0,1,62
195,0,0,51.011453639174874,0,5,0,4,1,7,0,1,3,2,7.0,1,63
196,2,1,16.0,5,5,0,3,2,3,5,2,3,0,0.0,1,63
197,1,1,37.146238814782556,0,6,2,4,1,6,0,1,3,0,0.0,1,63
198,0,0,33.015441012406725,5,0,0,2,2,7,6,2,1,2,10.0,2,63
199,1,1,40.0,0,1,0,2,1,9,0,1,2,2,11.11963018423707,1,64
200,0,0,21.720276453730975,5,6,0,2,1,5,0,1,2,1,3.0,2,64
201,2,0,19.0,5,0,0,2,2,7,6,2,1,2,0.0,1,65
202,7,0,60.73051545685788,1,6,3,5,1,2,0,1,2,2,1.0,1,65
203,0,0,23.911689207536412,0,0,0,2,1,5,0,1,3,2,2.0,1,65
204,2,1,19.450936865181262,5,6,0,3,2,6,6,2,3,0,0.0,1,65
205,0,1,48.13012938419532,0,0,0,2,1,6,0,1,3,0,4.0,1,65
206,2,1,6.586303936198649,5,0,0,2,2,1,3,2,0,0,0.0,0,65
207,0,0,61.00925174210213,0,0,2,2,1,7,0,1,1,1,5.0,1,66
208,7,0,21.0,5,3,0,3,2,6,6,2,3,0,0.0,1,66
209,0,1,34.95560848178296,5,0,0,2,1,5,0,1,1,2,10.0,1,66
210,7,0,34.44189067864401,5,0,0,2,1,6,0,1,1,2,8.0,1,66
211,2,1,30.86962921706982,5,0,0,2,2,9,7,3,1,2,20.85548500804866,1,67
212,2,1,4.108782846548671,5,0,0,0,1,0,0,1,0,0,0.0,0,67
213,1,0,48.21235807805491,0,0,2,2,1,6,0,1,1,2,13.535162323975856,1,68
214,1,1,42.32420203326606,0,6,0,3,1,1,0,1,2,2,0.0,1,68
215,0,1,56.247557688358334,3,7,0,2,1,6,0,1,1,2,10.646524355006305,1,69
216,0,0,66.7989025154152,0,7,0,3,1,10,0,1,1,1,6.0,2,69
217,7,0,21.0,1,6,0,3,1,6,0,1,3,2,0.0,1,70
218,2,1,30.0,5,6,3,1,1,4,0,1,3,0,3.0,1,70
219,2,1,9.936623462630319,5,0,0,2,1,1,0,1,0,0,0.0,0,71
220,0,0,45.0,0,5,1,3,2,9,6,2,1,2,42.13779110927149,1,71
221,2,0,7.3096254661159525,5,3,0,4,2,1,3,2,0,0,0.0,0,72
222,0,0,30.0,0,0,0,2,1,5,0,1,1,2,13.681949212272018,2,72
223,2,0,46.84485873444154,3,0,0,2,1,6,0,1,3,2,2.0,1,72
224,2,0,31.17045884740828,5,0,0,2,1,6,0,1,1,2,13.926019935417674,1,73
225,3,1,64.80145040718786,3,6,0,2,1,6,0,1,3,0,0.0,1,73
226,0,0,30.0,0,0,0,3,1,10,0,1,1,2,17.871484011455337,1,73
227,2,1,9.0,5,0,0,2,2,1,3,2,0,0,0.0,0,74
228,2,1,50.06863478052423,5,0,0,3,1,10,0,1,1,2,32.49300062062495,1,74
229,0,0,73.94843609161582,0,0,0,2,1,10,0,1,1,1,81.85114916337031,2,74
230,1,0,52.0,0,4,3,3,1,6,0,1,1,2,40.52968191734832,1,75
231,5,1,1.9579468000340494,5,0,0,0,0,0,0,0,0,0,0.0,0,76
232,0,1,56.152465463538924,0,0,2,4,1,6,0,1,3,2,5.0,1,76
233,0,0,49.0,3,1,0,2,2,7,6,2,1,2,5.0,1,76
234,7,0,41.0,5,7,1,2,1,10,0,1,1,2,0.0,1,76
235,2,0,2.91674729530197,5,8,0,0,1,0,0,1,0,0,0.0,0,77
236,7,0,22.440266731796978,0,0,3,1,1,0,0,1,1,2,8.0,1,77
237,7,0,26.722659071190666,1,5,2,2,2,7,6,2,1,2,2.0,1,77
238,2,0,5.88980412881593,5,6,0,3,2,0,3,2,0,0,0.0,0,77
239,2,1,7.451951038206107,5,7,0,2,2,1,3,2,0,0,0.0,0,78
240,0,1,41.0,3,7,0,2,1,6,0,1,1,2,17.938576704046298,1,78
241,2,1,26.307187849861556,1,0,0,3,1,5,0,1,3,0,0.0,1,78
242,0,0,47.036840165170105,0,0,0,2,1,6,0,1,1,2,18.163774872270974,1,79
243,6,1,14.0,5,1,0,2,2,2,5,2,0,0,0.0,0,80
244,7,1,21.0,5,3,0,3,2,7,6,3,3,2,2.0,1,80
245,2,0,3.9553959238667282,5,0,0,0,1,0,0,1,0,0,0.0,0,80
246,3,0,80.06130161970691,0,6,3,1,1,0,0,1,1,2,4.0,1,80
247,0,1,43.0,0,0,0,2,1,7,0,1,1,2,17.0,1,80
248,0,1,43.0,0,0,3,4,1,6,0,1,1,2,0.0,1,80
249,2,0,16.4736721351834,5,6,0,3,2,5,5,2,3,2,0.0,1,80
250,7,1,32.0,5,1,3,2,1,9,0,1,1,2,13.893273933816914,1,80
251,1,0,46.954393525271,0,7,2,3,1,10,0,1,1,2,64.91383577746195,2,81
252,0,1,81.00263126965403,4,0,0,2,1,10,0,1,3,0,18.265260060834716,2,82
253,1,1,29.0,0,2,0,2,2,9,7,2,1,2,10.0,1,82
254,0,1,30.0,5,0,0,2,1,6,0,1,1,2,6.0,1,82
255,5,1,1.977129701826104,5,0,0,0,0,0,0,0,0,0,0.0,0,83
256,2,1,34.00116695335902,2,0,0,2,1,6,0,1,1,2,1.0,2,83
257,1,1,76.92754346632297,0,1,0,2,1,6,0,1,3,0,0.0,1,83
258,2,1,7.845460874014283,5,0,0,2,2,1,3,2,0,0,0.0,0,83
259,0,0,61.09264325173023,0,6,3,5,1,1,0,1,1,2,20.005384717643974,1,84
260,4,0,21.0,5,1,0,2,1,6,0,1,2,2,1.0,1,84
261,2,0,12.911983497641229,5,7,0,3,2,2,4,2,0,0,0.0,0,84
262,2,0,1.0,5,6,0,0,0,0,0,0,0,0,0.0,0,85
263,2,1,23.00017863446817,4,6,3,3,1,6,0,1,1,2,6.0,1,85
264,2,0,32.0,3,0,2,2,1,0,0,1,1,2,15.0,1,86
265,2,0,12.78855395230432,5,6,0,3,2,2,4,2,0,0,0.0,0,86
266,0,0,37.084316139240165,3,1,2,2,1,7,0,1,1,2,25.75562704864057,2,87
267,2,0,25.141772882080183,5,6,0,3,1,8,0,1,1,2,8.0,1,88
268,2,0,33.781682142435095,0,7,0,2,1,6,0,1,1,2,17.0,1,88
269,1,1,39.27365705724864,0,6,0,2,1,6,0,1,3,0,0.0,2,89
270,1,0,39.36960289996143,0,5,2,3,1,10,0,1,1,2,99.0,1,90
271,0,1,62.67452945231216,0,0,3,2,1,6,0,1,1,2,11.919339182527283,1,90
272,0,0,43.47743502173012,0,7,0,2,1,6,0,1,1,2,17.0,1,90
273,2,1,6.004741836668422,5,6,0,5,2,1,3,3,0,0,0.0,0,90
274,7,1,21.0,5,0,2,4,1,6,0,1,1,2,0.0,1,90
275,4,0,19.0,5,6,3,1,1,6,0,1,1,2,0.0,1,90
276,2,0,1.9969962671797403,5,0,0,0,0,0,0,0,0,0,0.0,0,91
277,7,1,30.0,5,0,0,3,1,8,0,1,1,2,15.0,1,91
278,0,0,49.0,5,6,0,3,1,7,0,1,3,0,0.0,1,91
279,5,1,28.359394228213684,2,0,0,2,1,7,0,1,2,2,4.0,1,91
280,0,0,70.85396555938789,3,0,0,2,1,6,0,1,1,2,19.237194474869067,1,91
281,0,1,48.239791546566664,0,0,0,2,1,6,0,1,3,0,4.0,1,92
282,1,1,52.87258667064423,0,0,0,3,1,9,0,1,3,1,13.0,1,93
283,7,0,18.055343302640452,2,5,0,3,2,7,6,3,3,0,0.0,1,93
284,0,0,50.95740985901713,0,0,0,2,1,8,0,1,1,2,22.335712729074213,1,93
285,1,0,80.13577258192993,0,0,3,3,1,6,0,1,3,0,7.0,1,94
286,2,0,19.6635272283372,5,0,0,2,1,5,0,1,2,2,1.0,1,94
287,0,0,54.37232951114058,0,1,0,2,1,7,0,1,1,2,15.0,1,95
288,0,1,52.0,3,0,0,2,1,6,0,1,1,2,14.65655741847415,1,95
289,0,1,30.654544519493903,5,0,0,2,1,9,0,1,2,2,26.325105282554873,1,95
290,0,0,57.978214102669774,0,6,0,3,1,6,0,1,1,2,65.92110314648734,1,96
291,0,0,36.0,0,2,0,2,1,6,0,1,1,1,31.266139860544452,1,96
292,5,0,6.005079116290169,5,6,0,2,2,1,3,2,0,0,0.0,0,97
293,0,0,53.36349416865176,0,0,0,2,1,2,0,1,3,2,0.0,1,97
294,1,0,43.8266354911064,0,0,2,4,1,6,0,1,1,1,15.0,1,98
295,2,0,15.098596032513166,5,3,2,4,2,2,5,3,0,0,0.0,0,98
296,0,1,64.75632651281876,4,0,0,2,1,6,0,1,3,2,19.78919770946809,1,99
297,0,1,40.0,5,0,2,4,1,7,0,1,1,2,16.045457594059044,1,100
298,0,0,37.14362194724527,3,1,2,2,1,7,0,1,1,2,26.121083466638954,2,100
299,7,0,35.00244552076009,1,0,3,5,1,3,0,1,3,2,0.0,1,101
300,0,0,42.772859847615564,0,0,0,2,1,6,0,1,1,2,60.52285838318066,1,102
301,0,1,58.844854359771155,3,0,0,2,1,10,0,1,1,2,21.049648477500313,1,102
302,0,0,29.0,5,3,3,2,1,6,0,1,1,2,7.0,1,103
303,2,1,30.871613887954172,1,6,0,3,2,6,6,3,3,2,4.0,1,103
304,1,0,47.567169395147694,0,0,3,3,1,6,0,1,1,2,6.0,1,103
305,0,1,76.77237539870362,3,0,0,2,1,9,0,1,3,0,7.0,1,104
306,4,1,20.114185047564945,5,6,3,1,1,3,0,1,3,0,0.0,1,105
307,1,0,51.154277352390025,0,0,0,2,1,9,0,1,1,1,5.0,1,106
308,0,0,27.920667235780794,0,0,3,3,1,6,0,1,1,2,19.304791978425314,1,107
309,2,0,26.912644116174743,5,0,0,2,1,6,0,1,3,2,12.0,1,108
310,4,0,21.0,5,7,0,2,2,7,6,2,1,2,5.0,1,108
311,2,0,2.052395040354204,5,8,0,0,0,0,0,0,0,0,0.0,0,109
312,0,0,52.0,0,0,0,2,1,10,0,1,1,2,99.0,1,109
313,4,0,40.0,1,6,2,4,2,3,5,2,3,2,17.0,1,110
314,2,1,9.0,5,0,3,3,2,1,3,2,0,0,0.0,0,110
315,2,0,36.76341440785185,5,1,0,2,1,6,0,1,2,2,9.0,1,110
316,1,1,54.25962012731855,0,0,3,4,1,6,0,1,3,0,0.0,1,110
317,2,1,2.0328182825800325,5,0,0,0,0,0,0,0,0,0,0.0,0,110
318,0,1,69.38652168506931,3,0,0,2,1,5,0,1,3,0,15.739643894382022,1,111
319,1,1,43.0,0,0,0,2,1,7,0,1,1,2,11.037391817256976,1,111
320,2,0,17.260492821426634,5,0,0,2,2,5,5,2,2,2,0.0,1,112
321,2,0,20.022122298760472,5,0,0,3,1,7,0,1,1,2,8.0,1,112
322,0,1,53.62912109089386,4,1,0,2,2,7,6,2,1,2,15.0,1,113
323,0,0,39.052383691228215,0,5,3,5,1,9,0,1,1,1,49.79604259370256,1,113
324,2,1,8.307924476154628,5,0,0,3,2,1,3,2,0,0,0.0,0,113
325,0,1,50.724294826021605,2,6,3,1,1,1,0,1,2,2,7.0,1,113
326,1,1,52.0,0,5,2,4,1,7,0,1,2,2,0.0,1,113
327,0,1,45.0,5,6,3,5,1,0,0,1,3,0,2.0,1,113
328,2,0,1.9992278875982687,5,0,0,0,0,0,0,0,0,0,0.0,0,114
329,0,1,37.75229867733304,5,0,3,5,1,4,0,1,1,2,3.0,1,114
330,2,1,6.001369741504383,5,0,0,2,2,0,2,2,0,0,0.0,0,114
331,2,1,1.9855481360822917,5,0,0,0,0,0,0,0,0,0,0.0,0,114
332,2,0,3.9601134688500146,5,1,0,0,2,0,1,3,0,0,0.0,0,115
333,0,1,46.283729678151914,3,0,0,2,2,8,6,2,3,0,6.0,2,115
334,2,1,7.482676537637536,5,0,0,3,2,1,3,2,0,0,0.0,0,116
335,2,0,17.804544689670866,5,0,0,2,1,6,0,1,1,2,1.0,2,117
336,2,0,20.344269777536777,5,6,0,3,1,5,0,1,3,2,0.0,1,117
337,0,0,47.53475755921058,3,0,0,2,1,8,0,1,1,2,5.0,1,117
338,2,1,65.75199779556633,4,0,0,2,1,8,0,1,3,2,18.982158532305082,1,117
339,2,0,23.057964096373667,5,6,0,3,2,7,6,2,3,0,0.0,1,117
340,7,1,1.0,5,1,0,0,0,0,0,0,0,0,0.0,0,118
341,1,1,43.87623080599298,0,0,2,3,1,7,0,1,1,2,0.0,1,118
342,7,1,40.0,3,1,0,2,1,6,0,1,1,2,7.0,1,118
343,2,0,10.582926605498367,5,1,0,2,2,2,4,2,0,0,0.0,0,118
344,2,0,1.0,5,7,0,0,0,0,0,0,0,0,0.0,0,118
345,0,0,23.163806279542364,5,7,0,2,1,6,0,1,1,2,6.0,1,119
346,2,0,3.0121450174139563,5,8,0,0,1,0,0,1,0,0,0.0,0,120
347,0,0,33.84357672696027,5,0,0,2,2,6,6,2,3,2,0.0,1,120
348,2,0,30.820105532731155,0,2,3,4,1,1,0,1,1,2,15.802352649645865,1,120
349,5,1,4.011110125442448,5,6,1,0,2,0,1,2,0,0,0.0,0,120
350,1,1,55.25108389890718,0,0,2,5,1,6,0,1,1,1,3.0,2,121
351,2,1,75.03851918785043,0,6,3,1,1,0,0,1,3,0,0.0,1,122
352,2,1,14.0,5,5,0,2,2,2,5,2,0,0,0.0,0,122
353,1,1,33.31662340666402,0,1,0,2,1,6,0,1,1,2,7.0,2,122
354,7,1,47.20067508818754,3,0,0,2,1,7,0,1,1,2,8.0,2,123
355,2,1,12.0,5,0,0,2,2,2,4,2,0,0,0.0,0,124
356,0,0,24.090786310253236,0,0,0,2,1,5,0,1,3,2,2.0,1,125
357,0,1,76.69122505339624,4,0,0,2,1,7,0,1,3,1,29.838829330164764,1,126
358,0,1,44.19288055302255,0,6,3,5,1,2,0,1,3,0,1.0,1,127
359,0,1,81.0030989179917,4,0,0,2,1,7,0,1,3,0,18.241259557624087,1,127
360,0,1,64.99157816719347,0,0,0,2,1,6,0,1,3,0,10.0,1,127
361,7,1,44.317851821565114,2,0,0,2,1,2,0,1,1,2,18.134784730899415,1,127
362,0,1,24.28223460064248,2,7,0,2,1,6,0,1,1,2,12.0,1,128
363,2,1,7.550317372272986,5,0,0,2,2,1,3,2,0,0,0.0,0,128
364,2,1,8.874481582942089,5,0,0,2,2,1,3,2,0,0,0.0,0,128
365,5,0,9.147467488283367e-06,5,6,0,0,0,0,0,0,0,0,0.0,0,128
366,3,1,43.91098876603951,3,1,0,2,1,6,0,1,3,0,0.0,1,128
367,1,1,30.0,0,6,3,4,1,6,0,1,3,2,0.0,1,129
368,0,0,32.0,5,6,3,5,1,3,0,1,1,2,7.0,1,129
369,0,0,30.0,0,6,3,5,1,6,0,1,3,2,1.0,2,129
370,1,1,65.86861518709338,0,0,0,2,1,6,0,1,3,0,1.4380307794873668,1,129
371,1,1,29.0,0,5,3,3,1,9,0,1,3,0,0.0,1,129
372,0,0,29.0,0,0,0,2,1,7,0,1,2,2,26.170563547215128,1,130
373,1,1,36.0,0,0,0,3,1,9,0,1,1,2,26.93707669050954,1,130
374,2,1,17.92347209187694,5,7,0,2,2,6,5,2,3,2,1.0,1,131
375,2,0,19.0,5,1,0,2,2,6,6,2,3,2,3.0,1,131
376,5,1,8.018094480045512,5,1,0,2,2,0,3,2,0,0,0.0,0,131
377,2,0,18.34561612309578,5,5,3,3,2,5,5,2,1,2,1.0,1,132
378,7,1,33.876820170612945,5,0,0,2,1,1,0,1,1,2,1.0,1,132
379,2,0,11.0,5,6,0,2,2,2,4,2,0,0,0.0,0,132
380,0,1,66.68792852143761,4,0,0,2,1,6,0,1,3,0,10.0,1,133
381,2,1,3.009049387196904,5,0,0,0,2,0,1,2,0,0,0.0,0,133
382,0,0,51.501464530261075,0,3,0,2,1,10,0,1,1,1,98.9999048795816,1,133
383,5,0,23.219075043149235,5,0,0,2,1,7,0,1,1,2,0.0,1,134
384,0,0,37.960681573233785,0,4,0,2,1,9,0,1,1,2,98.99990459867814,1,134
385,2,0,1.999439226412746,5,0,0,0,0,0,0,0,0,0,0.0,0,134
386,0,0,52.15195525228352,0,1,0,2,1,7,0,1,1,2,14.923396720205353,1,135
387,1,1,55.91764090740848,0,0,0,2,1,8,0,1,3,0,0.0,1,135
388,2,0,41.0,5,0,0,2,1,8,0,1,3,2,7.0,1,136
389,1,1,45.8920627973617,0,0,0,3,2,7,6,2,1,1,1.0,2,137
390,2,1,17.924518395448377,5,6,0,3,1,6,0,1,1,2,9.0,1,137
391,1,1,69.10847595973702,0,0,2,3,1,6,0,1,3,0,2.0,1,138
392,7,0,22.761944191982238,5,0,0,2,1,6,0,1,1,2,14.994214215051146,1,139
393,7,1,27.13348168076817,5,1,0,2,1,6,0,1,3,1,1.0,1,139
394,5,0,8.329539779314235,5,1,0,2,2,1,3,2,0,0,0.0,0,140
395,2,1,1.963827869868201,5,6,0,0,0,0,0,0,0,0,0.0,0,140
396,2,1,9.60128998667934,5,0,0,3,2,2,4,2,0,0,0.0,0,140
397,0,0,65.30942202162085,0,0,0,2,1,6,0,1,1,2,24.880857608758763,1,141
398,1,1,43.0,0,0,0,2,1,9,0,1,3,2,3.0,1,141
399,1,1,40.0,0,0,0,2,2,7,6,2,1,2,17.0,1,141
400,7,1,43.0,0,5,3,4,1,6,0,1,3,0,0.0,1,142
401,0,0,43.0,3,0,0,2,1,6,0,1,1,2,21.456787104544055,1,143
402,0,0,38.01105187545909,0,6,2,3,1,6,0,1,1,2,34.12985677824607,1,143
403,4,1,14.961882475222636,5,0,3,2,2,2,4,2,0,0,0.0,0,143
404,1,1,52.950396538939174,0,6,3,5,1,2,0,1,3,0,0.0,2,143
405,7,0,11.0,5,0,0,2,2,1,3,2,0,0,0.0,0,144
406,7,0,35.26313998164112,1,0,3,5,1,3,0,1,3,2,0.0,1,144
407,2,0,9.871452824924605,5,7,0,2,2,1,3,2,0,0,0.0,0,145
408,1,1,63.07298498460779,0,7,2,4,1,6,0,1,3,2,12.0,1,146
409,0,0,62.666658828926565,0,5,2,5,1,9,0,1,3,1,0.0,1,147
410,2,0,19.0,5,5,0,2,2,7,6,2,3,0,0.0,1,147
411,0,0,52.39421826411114,0,0,0,2,1,9,0,1,1,2,26.14121009018046,1,147
412,2,1,41.22435292700614,2,6,2,4,2,5,5,2,3,2,7.0,1,147
413,0,0,52.0,3,1,0,2,1,7,0,1,3,0,3.0,2,147
414,7,0,19.756412040081845,5,0,0,2,1,6,0,1,1,2,6.0,1,148
415,0,0,30.0,0,7,0,4,2,9,7,3,1,2,31.99185335489678,1,149
416,2,0,27.164117598098475,5,3,3,5,1,3,0,1,1,2,7.0,1,150
417,0,0,32.0,0,6,3,4,1,6,0,1,1,2,7.0,1,150
418,7,1,22.17663044278356,5,7,0,2,1,4,0,1,3,2,0.0,1,151
419,2,1,23.83191725113332,5,0,0,2,2,7,6,3,1,2,4.0,1,151
420,1,1,31.370927168406052,0,0,0,2,1,9,0,1,3,0,7.0,1,151
421,2,1,21.636654040409883,5,0,0,2,2,7,6,2,1,2,7.0,1,151
422,2,1,14.0,5,6,0,3,2,2,4,2,0,0,0.0,0,151
423,7,1,30.702063047137806,5,0,2,3,1,2,0,1,1,2,13.0,1,152
424,0,0,43.97968953797016,0,5,2,3,2,10,7,2,1,2,71.47276135333014,1,152
425,7,1,19.995474519614866,5,7,0,2,2,6,6,2,1,2,3.0,1,152
426,2,1,9.0,5,6,0,4,2,1,3,2,0,0,0.0,0,153
427,0,0,52.0,3,0,0,2,1,7,0,1,1,2,18.129380248895846,1,153
428,2,0,32.0,3,0,2,2,1,0,0,1,1,2,15.0,1,153
429,0,0,47.07484528539178,0,6,2,4,1,2,0,1,3,2,13.0,1,153
430,0,0,41.314777998462446,0,5,2,4,1,6,0,1,1,2,18.79355235911077,1,154
431,1,1,50.17467426756922,0,3,0,2,1,9,0,1,3,0,0.0,1,154
432,1,1,43.0,0,6,2,3,1,6,0,1,1,2,15.0,2,154
433,1,1,45.830704974340634,0,0,2,3,1,9,0,1,1,2,41.13857244983196,2,155
434,0,0,30.0,5,0,0,2,1,9,0,1,1,2,9.0,1,156
435,0,0,30.445005864004322,0,7,2,3,1,9,0,1,1,2,2.0,1,157
436,2,0,11.0,5,0,3,3,2,2,4,2,0,0,0.0,0,157
437,5,1,4.029849158458555,5,0,0,0,2,1,1,2,0,0,0.0,0,157
438,2,1,29.0,5,6,2,3,1,6,0,1,1,2,9.0,1,158
439,1,1,52.380168310333765,0,0,0,2,1,10,0,1,1,2,28.06110734185384,1,158
440,1,1,25.954149008551152,0,6,2,4,1,6,0,1,1,2,9.0,1,159
441,5,1,15.241128444794855,5,0,0,2,2,4,5,2,0,0,0.0,0,159
442,7,0,17.918003747293398,5,0,0,2,2,5,5,2,1,2,2.0,1,160
443,0,0,43.0,0,6,0,3,1,6,0,1,3,2,18.091511304841873,1,160
444,1,1,29.0,0,6,3,3,1,6,0,1,3,2,0.0,1,160
445,2,1,9.0,5,6,0,3,2,1,3,2,0,0,0.0,0,161
446,0,0,43.0,0,1,0,2,1,6,0,1,1,2,13.0,1,161
447,7,0,29.0,5,0,0,3,1,7,0,1,1,2,26.644746245630643,1,161
448,0,0,53.60018401322314,0,0,0,2,1,6,0,1,3,0,3.0,1,162
449,1,1,73.0183124675679,0,0,0,2,1,7,0,1,1,2,6.0,1,162
450,2,1,9.0,5,0,0,2,2,1,3,2,0,0,0.0,0,162
451,0,1,38.21147246544283,5,0,3,5,1,4,0,1,1,2,3.0,1,162
452,4,1,22.924794673665783,2,0,0,2,1,6,0,1,1,2,1.0,1,162
453,7,0,29.0,5,0,0,2,1,9,0,1,3,2,50.70887376311426,1,163
454,0,0,47.77162583363978,3,0,0,2,1,9,0,1,1,2,29.655184497468618,1,163
455,0,0,45.0,0,5,1,3,2,9,6,2,1,2,42.17620405633289,1,164
456,0,0,58.894716318449596,0,0,0,2,1,10,0,1,1,2,40.94103546314245,2,164
457,1,0,66.07706681945847,0,0,3,2,1,6,0,1,1,2,31.816186085451882,1,164
458,1,1,33.886300842274416,0,2,0,3,2,6,6,2,1,2,18.143342083763773,1,165
459,2,0,29.0,5,4,0,3,1,9,0,1,1,2,16.083062445889702,2,165
460,1,1,54.21676475929793,0,0,2,3,1,6,0,1,1,2,18.950111569826106,2,165
461,2,1,12.52436865509472,5,6,0,3,2,2,4,2,0,0,0.0,0,166
462,0,0,45.0,3,0,2,3,1,10,0,1,1,1,26.115075333521336,1,166
463,2,1,16.0,5,0,0,3,2,3,5,2,3,2,0.0,1,166
464,2,1,9.0,5,0,0,4,2,2,4,2,0,0,0.0,0,166
465,2,0,6.036965275419806,5,1,0,2,2,1,3,2,0,0,0.0,0,167
466,0,0,57.064156242567364,3,0,0,2,1,10,0,1,1,2,10.0,1,167
467,2,1,1.0,5,1,0,0,0,0,0,0,0,0,0.0,0,167
468,0,1,29.0,5,0,0,2,1,7,0,1,1,1,10.0,1,168
469,0,1,85.0,4,0,0,2,1,5,0,1,3,0,22.467564575819008,2,168
470,0,0,41.14795916115198,0,0,0,2,1,9,0,1,1,2,29.29454602714223,1,168
471,1,1,50.975713172901116,0,0,2,4,1,2,0,1,3,0,0.0,1,169
472,2,1,14.0,5,5,0,2,2,2,5,2,0,0,0.0,0,169
473,0,1,29.919169883494934,3,0,3,3,1,9,0,1,1,2,32.77392731808189,2,169
474,1,0,40.0,0,6,3,1,1,1,0,1,3,1,3.0,1,169
475,0,0,85.0,0,0,0,2,1,6,0,1,3,0,29.575663767599064,2,169
476,0,1,74.80004642602857,3,0,0,2,1,6,0,1,1,2,4.0,2,169
477,0,0,52.0,0,0,0,2,1,10,0,1,1,1,98.99990284572131,1,169
478,6,0,32.857598105082005,3,6,2,4,1,4,0,1,3,0,3.0,1,170
479,0,1,33.072087342651585,3,1,0,2,1,7,0,1,1,2,22.86604208625395,1,170
480,2,1,20.084725900797462,5,1,0,2,1,6,0,1,1,2,3.0,1,170
481,2,1,15.013042531282405,5,0,3,3,2,3,5,2,0,0,0.0,0,170
482,0,1,59.023087577724695,0,1,0,2,1,6,0,1,3,0,5.0,2,171
483,1,0,49.0,0,0,0,2,1,6,0,1,3,0,3.0,1,171
484,6,1,4.98584122999076,5,7,3,3,2,1,2,2,0,0,0.0,0,171
485,2,1,9.0,5,6,3,4,2,1,4,2,0,0,0.0,0,171
486,2,1,8.571845056115864,5,0,0,3,2,1,3,2,0,0,0.0,0,171
487,0,1,32.411813019560874,0,6,3,1,1,2,0,1,3,2,3.0,1,172
488,1,1,42.41868004273893,0,6,3,1,1,2,0,1,3,2,0.0,1,173
489,1,1,43.0,0,6,0,3,1,6,0,1,1,2,20.917721921843178,1,173
490,2,0,1.997662797275106,5,7,0,0,0,0,0,0,0,0,0.0,0,173
491,1,1,43.183537982491025,0,0,0,2,1,9,0,1,3,2,3.0,1,173
492,7,1,21.807575790552473,5,7,0,2,1,4,0,1,3,2,0.0,1,173
493,7,0,20.051525925139554,1,0,0,5,1,6,0,1,2,2,12.0,2,173
494,1,1,37.951983953453784,0,0,0,3,1,7,0,1,1,2,9.0,1,173
495,0,0,30.0,2,6,2,4,1,6,0,1,1,2,19.956847519712735,1,174
496,7,0,48.203671299580016,3,0,3,5,1,8,0,1,3,2,2.0,1,174
497,2,1,9.251675757329095e-06,5,0,0,0,0,0,0,0,0,0,0.0,0,174
498,0,0,28.637682244171224,5,0,0,2,1,7,0,1,1,2,9.0,1,174
499,2,1,11.0,5,6,0,3,2,2,4,2,0,0,0.0,0,174
500,0,1,63.73047750507443,3,0,0,2,1,9,0,1,3,2,18.684493399771156,1,175
501,0,0,55.70198789813289,3,0,0,2,1,8,0,1,1,2,13.0,1,176
502,0,1,67.92675793540084,4,0,0,2,1,5,0,1,3,2,7.0,1,176
503,2,1,22.073044962595535,1,6,3,4,2,7,6,2,3,0,0.0,1,177
504,7,0,27.94158846759673,3,7,0,2,1,6,0,1,3,2,12.0,1,178
505,2,1,12.0,5,5,3,3,2,3,5,2,0,0,0.0,0,178
506,0,0,54.06523409689991,0,5,3,4,1,9,0,1,1,1,15.0,1,179
507,0,0,22.307902945152282,5,2,0,2,2,7,6,2,2,2,3.0,1,179
508,2,0,19.0,5,6,0,2,2,6,6,2,3,2,2.0,1,179
509,2,0,3.9188346376642373,5,3,0,0,2,1,1,2,0,0,0.0,0,179
510,0,0,46.02037353560564,0,6,0,5,1,2,0,1,1,2,9.0,2,179
511,2,0,19.0,5,6,3,4,2,7,6,2,3,1,4.0,2,179
512,0,1,75.37314087512175,4,4,0,4,1,6,0,1,3,2,5.0,1,180
513,2,1,16.0,5,6,0,3,2,5,5,2,1,2,2.0,1,181
514,1,1,40.0,0,3,2,4,1,9,0,1,1,2,16.036823150730076,1,181
515,6,0,13.110626533964952,5,6,0,3,2,2,4,2,0,0,0.0,0,181
516,2,1,8.590140261549585,5,7,0,2,2,1,3,2,0,0,0.0,0,181
517,0,0,52.0,3,1,0,2,1,7,0,1,3,0,3.0,2,182
518,0,1,41.0,3,7,0,2,1,6,0,1,1,2,17.952169490796194,1,182
519,1,1,36.76148604110571,0,0,2,4,1,6,0,1,3,0,0.0,2,183
520,2,1,22.948184440123363,5,0,0,3,1,6,0,1,1,2,1.0,1,183
521,0,1,26.10124135391758,2,1,0,2,1,6,0,1,2,1,7.0,1,183
522,1,1,45.0,0,0,0,2,1,10,0,1,1,2,18.847136587612052,2,183
523,1,1,40.0,0,0,0,2,1,8,0,1,1,1,15.0,1,184
524,1,1,53.49136429972995,0,0,0,3,1,9,0,1,3,1,13.0,1,185
525,2,0,12.0,5,5,0,2,2,2,4,2,0,0,0.0,0,185
526,2,0,7.967100083394603,5,0,0,2,2,1,3,2,0,0,0.0,0,186
527,2,0,14.0,5,0,0,2,2,2,4,2,0,0,0.0,0,186
528,7,1,30.0,5,5,3,4,1,7,0,1,1,2,25.02428796207898,1,186
529,0,0,65.59066206415102,0,6,3,5,1,0,0,1,1,2,9.0,1,187
530,2,0,14.238777973690338,5,0,0,2,2,3,5,2,0,0,0.0,0,187
531,0,0,28.008922319120003,0,6,3,5,1,2,0,1,1,2,12.0,1,188
532,2,1,8.403540686750313,5,7,0,2,2,1,3,2,0,0,0.0,0,188
533,2,1,17.05766642957353,5,0,0,2,2,5,5,2,1,2,0.0,1,188
534,0,1,30.0,2,7,0,2,1,6,0,1,1,2,9.0,1,188
535,1,1,66.46446335811868,0,0,0,2,1,6,0,1,3,0,2.0,1,189
536,2,1,15.124869427374453,5,0,0,2,1,0,0,1,0,0,0.0,0,190
537,1,1,80.99684800588314,0,0,0,2,1,9,0,1,3,0,5.0,1,190
538,2,0,3.000166402841203,5,1,0,0,2,1,1,2,0,0,0.0,0,191
539,2,0,22.483153609229227,5,0,3,3,1,6,0,1,1,2,6.0,2,192
540,0,0,48.32292335967724,0,0,0,2,1,7,0,1,1,1,41.65772550469845,1,192
541,0,1,44.13360226160444,3,4,0,2,1,9,0,1,1,2,26.135068737290123,1,192
542,2,1,1.0,5,0,0,0,0,0,0,0,0,0,0.0,0,192
543,2,1,2.0449207606987403,5,7,0,0,0,0,0,0,0,0,0.0,0,193
544,0,0,32.0,0,0,0,2,1,6,0,1,3,2,0.0,1,193
545,0,1,61.03917209666321,3,1,0,2,1,6,0,1,1,2,12.0,1,193
546,2,0,6.051649604386882,5,3,0,4,2,1,3,2,0,0,0.0,0,193
547,4,0,24.885646400186108,1,0,3,1,1,3,0,1,1,2,3.0,1,193
548,7,0,38.32866615891352,5,6,2,3,1,0,0,1,1,2,4.0,2,193
549,0,1,37.95431638656962,0,0,0,2,1,2,0,1,3,0,0.0,1,193
550,7,0,27.19026839814699,5,0,3,4,1,2,0,1,1,2,12.0,1,193
551,1,1,70.43702868424846,0,0,0,2,1,5,0,1,3,0,2.0,1,193
552,0,0,47.29088304737179,0,0,0,2,1,7,0,1,1,2,18.905539072286093,1,193
553,2,0,20.036661900465898,5,6,0,3,2,6,6,2,1,2,5.0,1,194
554,5,1,7.8963819455469055,5,7,0,4,2,1,3,2,0,0,0.0,0,194
555,7,0,41.881691450315756,0,6,3,4,1,2,0,1,1,2,8.464641853412923,1,194
556,2,1,11.0,5,0,0,3,2,2,4,2,0,0,0.0,0,194
557,2,1,14.77491076215848,5,5,2,4,2,3,5,2,0,0,0.0,0,194
558,1,1,40.0,0,1,0,2,1,9,0,1,2,2,10.397132807246056,1,195
559,0,0,79.97269330132353,4,4,0,3,1,4,0,1,3,0,8.0,1,196
560,2,0,3.965322365950379,5,0,0,0,2,0,1,2,0,0,0.0,0,197
561,0,1,47.87263088951211,5,0,0,2,1,9,0,1,1,2,37.58798413039992,1,197
562,0,0,52.87043310897398,2,0,0,2,1,6,0,1,1,2,49.578792916908,1,197
563,1,1,68.34609884609497,0,0,0,2,1,6,0,1,3,0,0.0,1,198
564,2,0,45.0,3,2,0,2,1,6,0,1,1,2,10.873879597008333,1,199
565,0,0,37.98710634793764,0,5,1,2,2,9,6,2,3,2,6.0,1,199
566,2,0,12.96836585395546,5,6,3,4,2,2,4,2,0,0,0.0,0,199
567,0,0,69.88790174192482,3,1,0,2,1,3,0,1,3,0,4.0,1,200
568,0,1,33.02734318955219,3,1,0,2,1,7,0,1,1,2,22.64077042028925,1,200
569,0,0,46.4218611755096,5,0,0,2,1,6,0,1,2,2,6.0,1,200
570,7,0,58.417338173893434,1,0,0,2,1,7,0,1,3,0,3.0,1,201
571,3,1,57.05221374414012,5,6,3,5,1,3,0,1,3,0,3.0,1,202
572,0,0,31.297618357286577,0,7,3,5,1,0,0,1,3,2,8.0,2,202
573,0,0,32.0,0,0,3,4,1,4,0,1,1,2,25.805340387308156,1,203
574,0,0,52.0,3,1,0,2,1,7,0,1,3,0,3.0,2,203
575,2,1,17.699051844209674,5,1,0,2,2,6,6,2,3,2,0.0,1,204
576,1,1,60.31616802631037,0,0,0,2,1,6,0,1,1,2,2.0,1,204
577,0,1,73.76233816360421,4,5,0,2,1,4,0,1,3,0,3.0,1,204
578,0,0,68.03320673853315,4,0,0,2,1,7,0,1,1,1,22.28297441061667,1,204
579,0,1,66.79433747822492,4,0,0,2,1,6,0,1,3,0,24.960015000688337,1,205
580,0,1,68.03044952815623,4,0,0,2,1,6,0,1,3,0,4.0,2,205
581,7,1,30.0,5,5,3,4,1,7,0,1,1,2,24.972725938353435,1,205
582,1,1,53.84186974585119,0,6,3,5,1,2,0,1,3,0,0.0,2,205
583,7,1,21.0,5,0,2,4,1,6,0,1,1,2,0.0,1,206
584,1,1,57.97218089340845,0,0,0,2,1,6,0,1,1,1,31.830069743590606,1,207
585,0,0,45.0,0,0,0,2,1,6,0,1,1,2,42.356210554770804,1,208
586,0,1,33.119732086134725,3,1,0,2,1,7,0,1,1,2,22.51605837213526,1,208
587,0,0,41.988148804510416,0,3,0,2,1,9,0,1,1,2,18.814520190138765,1,208
588,2,0,12.0,5,0,0,2,2,2,5,2,0,0,0.0,0,209
589,0,1,85.0,4,0,2,5,1,6,0,1,3,0,5.0,2,210
590,2,1,21.0,5,0,2,4,2,6,6,2,3,0,0.0,1,210
591,0,1,50.41376591549876,3,0,0,2,1,9,0,1,1,2,13.0,1,210
592,2,0,32.0,3,0,2,2,1,0,0,1,1,2,15.0,1,211
593,7,0,19.974403801291157,5,0,0,2,2,8,6,2,1,2,3.0,1,211
594,2,0,4.053646796855738,5,6,0,0,1,0,0,1,0,0,0.0,0,211
595,0,1,41.0,5,0,0,2,1,8,0,1,1,2,17.0,1,211
596,2,1,9.0,5,0,0,4,2,2,4,2,0,0,0.0,0,212
597,2,1,4.991798464140889,5,0,0,2,2,1,2,2,0,0,0.0,0,212
598,6,1,66.88655448761932,3,0,0,2,1,6,0,1,3,0,6.0,1,213
599,7,1,25.96705549311204,5,0,3,5,1,1,0,1,1,2,0.0,1,213
600,1,0,26.122809009573235,0,6,2,3,1,6,0,1,1,2,20.08995921135971,2,214
601,7,1,20.095349732211993,5,7,2,3,2,7,6,3,1,2,1.0,1,215
602,2,1,32.0,5,0,0,3,1,10,0,1,1,2,32.43742591605097,1,216
603,6,1,14.0,5,1,0,2,2,2,5,2,0,0,0.0,0,216
604,1,0,26.017918329249703,0,6,2,3,1,6,0,1,1,2,19.83139263559834,2,216
605,1,1,30.0,0,6,3,4,1,6,0,1,3,2,0.0,1,216
606,1,1,40.0,0,0,0,2,2,7,6,2,3,2,0.0,1,217
607,4,1,7.949069350583781,5,1,0,2,2,1,3,3,0,0,0.0,0,217
608,2,1,1.9923555642615272,5,1,0,0,0,0,0,0,0,0,0.0,0,217
609,2,1,14.0,5,0,0,2,2,2,5,2,0,0,0.0,0,217
610,0,1,85.0,4,0,2,5,1,6,0,1,3,0,4.01030092959106,2,218
611,2,0,7.630315207633384,5,0,0,2,2,1,3,2,0,0,0.0,0,218
612,0,0,67.98720552320276,0,0,0,2,1,6,0,1,1,2,15.0,1,219
613,1,1,52.0,0,0,0,2,1,7,0,1,3,2,1.0,1,219
614,7,0,14.0,5,0,0,2,2,4,5,2,0,0,0.0,0,220
615,2,1,19.937540806423407,5,1,0,2,1,6,0,1,1,2,3.0,1,221
616,2,0,12.0,5,0,0,2,2,2,4,2,0,0,0.0,0,221
617,6,0,3.009758034630928,5,6,3,0,2,0,1,2,0,0,0.0,0,221
618,5,0,17.196389073795245,5,0,0,2,2,6,6,2,1,2,0.0,1,221
619,3,0,75.01485025226332,0,5,3,1,1,0,0,1,3,0,2.0,1,222
620,2,1,10.496576561141687,5,0,0,3,2,1,3,2,0,0,0.0,0,222
621,2,1,14.922073302118072,5,6,0,3,2,4,5,2,0,0,0.0,0,223
622,2,1,14.0,5,0,0,2,2,2,5,2,0,0,0.0,0,223
623,1,1,55.135840285627964,0,0,0,2,1,6,0,1,1,1,10.870600357181472,1,223
624,2,0,14.863517543484255,5,5,0,3,2,3,5,2,0,0,0.0,0,223
625,2,0,10.537414016361028,5,0,0,2,2,2,4,2,0,0,0.0,0,223
626,1,1,53.223927934664665,0,3,0,2,1,6,0,1,1,2,17.0,1,224
627,2,0,11.0,5,7,0,3,2,2,4,3,0,0,0.0,0,224
628,4,1,57.8183275617089,3,0,0,2,1,4,0,1,3,2,5.0,1,224
629,0,1,62.810242160240264,0,0,3,2,1,6,0,1,1,2,12.0,1,224
630,6,0,16.94145611923953,5,6,0,3,2,3,5,2,3,2,7.0,1,224
631,7,0,32.0,1,1,0,2,1,6,0,1,3,2,0.0,1,225
632,7,0,30.0,5,1,0,2,1,6,0,1,3,0,0.0,1,226
633,2,0,5.722257930026408,5,0,0,2,2,1,2,2,0,0,0.0,0,227
634,0,0,43.0,0,6,0,5,1,2,0,1,1,2,8.0,1,227
635,2,1,11.0,5,6,0,3,2,1,3,3,0,0,0.0,0,228
636,5,0,6.00004474917736,5,6,0,2,2,1,3,2,0,0,0.0,0,228
637,6,0,24.777357329099143,5,0,3,3,2,6,5,2,1,2,7.0,1,229
638,0,1,29.0,5,6,0,3,2,8,6,2,1,2,11.343600499901312,1,230
639,0,0,43.7255713568881,0,7,0,2,1,6,0,1,1,2,17.0,1,230
640,1,0,43.88367914634954,0,0,2,4,1,6,0,1,1,1,15.0,1,230
641,2,0,19.63655360673463,5,7,0,2,1,6,0,1,1,2,15.0,1,230
642,0,1,30.0,2,7,0,2,1,6,0,1,1,2,9.0,1,230
643,7,1,31.21213519324792,5,0,3,5,2,3,6,2,3,2,0.0,1,231
644,1,1,68.13959260075809,0,7,2,1,1,0,0,1,3,0,3.0,1,231
645,1,1,60.96308031076703,0,0,0,2,1,7,0,1,3,2,7.792787523148818,1,231
646,2,0,17.846233700106982,5,5,0,2,2,6,6,2,3,0,0.0,1,231
647,7,0,55.809291207081344,3,0,0,2,1,4,0,1,3,0,3.0,2,232
648,0,0,38.272892794260336,0,4,0,2,1,9,0,1,1,2,99.0,1,233
649,1,1,52.0,0,0,3,1,1,6,0,1,3,0,0.0,1,233
650,1,1,47.11369558328614,0,6,0,3,1,4,0,1,3,2,3.0,1,234
651,2,1,10.488378403384546,5,6,0,3,2,2,4,2,0,0,0.0,0,235
652,7,0,19.988856198487156,1,0,0,5,1,6,0,1,2,2,12.0,2,235
653,0,1,29.0,5,0,0,2,1,9,0,1,1,2,14.26690407335647,1,236
654,7,0,30.0,5,1,0,3,1,6,0,1,1,2,10.0,1,236
655,2,1,16.949947652615673,5,7,0,2,1,6,0,1,1,2,4.0,1,236
656,2,1,4.027202655568721,5,0,0,0,1,0,0,1,0,0,0.0,0,237
657,2,0,17.02821869875234,5,0,0,2,2,5,5,2,2,2,0.0,1,237
658,1,1,71.98111829490136,0,0,0,2,1,6,0,1,3,0,20.483157416991656,1,238
659,0,0,68.22694028408232,0,0,0,2,1,9,0,1,3,0,18.119491972933133,1,238
660,0,1,53.3150330409855,3,2,0,2,1,6,0,1,2,2,7.0,1,239
661,2,0,22.668663136063852,5,0,0,4,1,0,0,1,3,2,5.0,1,239
662,6,0,16.81993300694424,5,6,0,3,2,3,5,2,3,2,7.0,1,239
663,0,0,17.975214336508774,5,0,0,2,2,6,6,2,2,0,0.0,1,239
664,0,0,26.78631975603811,5,0,0,2,2,9,7,2,1,1,5.0,1,240
665,2,1,11.29257380883411,5,0,0,2,2,2,4,2,0,0,0.0,0,240
666,2,1,8.420753152143492,5,0,0,2,2,1,3,2,0,0,0.0,0,240
667,0,0,45.0,3,0,2,3,1,10,0,1,1,1,25.947519423616008,1,241
668,0,0,32.0,0,6,3,4,1,6,0,1,1,2,7.0,1,241
669,0,0,43.0,0,6,0,3,1,6,0,1,3,2,17.84677014752627,1,242
670,0,0,48.46121013936985,5,0,0,2,1,7,0,1,1,2,15.652501383473926,1,243
671,0,0,40.0,0,6,0,3,1,8,0,1,1,2,30.157948580866268,1,243
672,7,1,21.0,5,0,0,2,2,7,6,2,1,2,2.67057963021075,1,243
673,2,1,7.014396915207507,5,1,1,2,2,1,3,2,0,0,0.0,0,243
674,1,1,38.725322779851446,0,0,0,2,1,9,0,1,1,2,4.0,1,244
675,2,1,12.165159510565696,5,0,0,2,2,2,4,3,0,0,0.0,0,244
676,2,1,2.987322205372518,5,0,0,0,1,0,0,1,0,0,0.0,0,245
677,2,1,13.054396817055316,5,5,0,3,2,2,4,3,0,0,0.0,0,245
678,2,0,9.018291419705637,5,6,3,4,2,1,3,2,0,0,0.0,0,246
679,0,0,43.0,0,0,0,2,1,8,0,1,1,2,25.092473782954936,1,247
680,0,0,37.84062165250074,0,6,2,4,1,6,0,1,1,2,17.0,1,247
681,7,1,12.0,5,0,3,1,1,2,0,1,0,0,0.0,0,248
682,1,1,44.99090828581558,0,0,0,2,1,6,0,1,1,2,14.158320872496835,1,248
683,2,0,14.0,5,5,0,3,2,2,4,3,0,0,0.0,0,249
684,6,0,19.0,5,1,0,2,1,6,0,1,1,2,5.0,1,249
685,2,0,18.2854460621771,5,6,0,2,2,5,5,2,3,0,0.0,1,249
686,7,1,23.9932617389858,5,0,0,2,2,8,6,2,1,2,6.0,1,249
687,1,0,50.11561523911446,0,8,0,2,1,7,0,1,1,2,7.0,1,250
688,7,1,43.96028848720486,3,0,0,2,1,4,0,1,3,0,0.0,1,250
689,0,0,48.24343766307655,0,0,0,2,1,7,0,1,1,2,36.84811170587972,1,250
690,7,0,30.0,1,1,0,2,1,6,0,1,1,2,1.0,1,250
691,7,1,22.966612469595002,5,1,0,2,2,7,6,2,1,2,10.0,1,251
692,0,0,44.733780026427944,0,0,0,2,1,10,0,1,1,2,36.01599722314027,1,252
693,4,0,50.96303059313479,3,6,3,1,1,1,0,1,3,2,0.0,1,252
694,2,1,25.82526549631229,5,1,0,2,1,6,0,1,1,2,7.0,1,253
695,2,0,3.011878334584987,5,0,0,0,1,0,0,1,0,0,0.0,0,254
696,2,1,21.926890254640217,5,6,0,3,1,6,0,1,1,2,1.0,1,254
697,0,1,58.614306295532906,3,0,0,2,1,10,0,1,1,2,26.01101123571318,1,254
698,7,1,36.916941609988726,5,0,3,3,1,6,0,1,1,2,12.0,1,254
699,2,0,14.0,5,0,0,2,2,2,4,2,0,0,0.0,0,254
700,7,0,12.0,5,0,3,3,2,2,4,2,0,0,0.0,0,255
701,2,1,1.96540071378793,5,0,0,0,0,0,0,0,0,0,0.0,0,255
702,2,0,5.095662782038041,5,5,0,5,2,1,2,2,0,0,0.0,0,255
703,2,0,12.0,5,0,0,2,2,2,4,2,0,0,0.0,0,255
704,3,0,67.95033908191553,1,5,3,4,1,4,0,1,3,2,5.0,1,255
705,0,0,45.0,3,0,0,2,1,5,0,1,1,1,34.86011982156482,1,256
706,1,1,43.0,0,0,0,2,1,7,0,1,1,2,7.0,1,257
707,0,0,32.80113328738428,0,0,0,2,1,6,0,1,1,2,20.05539185424552,1,257
708,1,1,32.95774142078796,0,0,0,2,1,6,0,1,1,2,6.057555272651047,1,258
709,0,1,43.0,0,0,2,3,1,6,0,1,1,2,5.0,2,258
710,2,0,10.483581342697168,5,1,0,2,2,2,4,2,0,0,0.0,0,258
711,2,0,9.848521670404052,5,0,0,3,2,2,4,2,0,0,0.0,0,258
712,0,0,37.96246383272039,0,0,0,2,1,6,0,1,1,1,99.0,1,259
713,7,0,60.1115630911969,5,1,0,2,1,7,0,1,2,0,2.0,2,259
714,1,1,38.719556847642075,0,4,0,2,2,7,6,2,3,2,0.0,1,259
715,1,1,54.695581475419196,0,0,0,3,1,6,0,1,1,2,10.0,1,259
716,0,0,56.129107953762,0,5,1,4,1,6,0,1,1,2,27.12776957979718,1,259
717,2,1,12.0,5,1,0,2,2,2,4,2,0,0,0.0,0,259
718,2,1,2.9823425362055267,5,0,0,0,2,0,1,2,0,0,0.0,0,259
719,2,1,27.9035499941298,2,0,0,2,1,8,0,1,2,2,5.0,1,260
720,0,1,49.79587124380521,0,4,2,3,1,8,0,1,3,0,0.0,1,260
721,2,1,17.957367893401646,5,6,0,3,2,6,6,2,3,0,0.0,1,260
722,2,0,14.0,5,0,0,2,2,2,4,2,0,0,0.0,0,260
723,0,0,55.97738847895369,0,0,0,2,1,7,0,1,1,2,41.12157378461093,1,260
724,1,1,45.04283204810176,0,0,0,2,1,6,0,1,1,2,4.0,1,260
725,1,1,53.366024537212056,0,3,0,2,1,6,0,1,1,2,17.0,1,260
726,1,0,48.25355527994287,0,0,0,2,1,6,0,1,1,2,21.616898115001568,1,261
727,2,1,16.86996887951775,5,7,0,2,1,6,0,1,1,2,4.0,1,261
728,2,0,9.0,5,6,0,3,2,2,4,2,0,0,0.0,0,261
729,2,0,18.00670717300686,5,6,0,2,2,5,5,2,3,0,0.0,1,261
730,2,1,12.0,5,5,2,4,2,2,4,3,0,0,0.0,0,261
731,5,0,20.103242321069114,5,1,0,2,2,6,6,3,1,2,8.0,2,261
732,5,0,15.009212581509868,5,0,0,2,2,2,5,2,0,0,0.0,0,262
733,0,0,39.18711069461018,3,1,0,2,1,8,0,1,1,2,9.0,1,262
734,1,1,43.0,0,6,0,3,1,6,0,1,1,2,20.866080434275137,1,262
735,0,0,55.71976204986684,0,0,0,2,1,10,0,1,1,2,38.726176725384015,1,263
736,1,1,60.631972174876715,0,0,0,2,1,6,0,1,3,0,0.0,1,264
737,0,1,46.06041066355238,5,0,0,3,1,9,0,1,2,1,9.0,1,265
738,4,1,36.87541986827468,5,7,3,4,1,6,0,1,3,2,3.0,1,265
739,2,0,22.858299726661926,5,6,3,4,2,6,5,2,1,2,10.776322598788834,2,265
740,7,0,60.769206531811136,1,6,3,5,1,2,0,1,2,2,1.0,1,266
741,0,0,31.05583424435744,5,0,0,2,1,6,0,1,2,0,4.0,2,266
742,0,0,34.0413931510741,0,0,3,4,1,6,0,1,1,2,17.0,1,266
743,2,0,16.0,5,6,0,3,2,5,5,3,3,0,0.0,1,267
744,2,0,32.0,1,3,3,5,1,3,0,1,1,2,7.0,1,267
745,1,1,46.79025681324862,0,0,3,1,1,1,0,1,3,0,0.0,1,267
746,1,1,43.0,0,0,0,2,1,9,0,1,1,2,74.67528825808378,1,267
747,0,1,23.91231818924777,5,3,3,3,1,7,0,1,1,2,9.0,1,268
748,7,0,21.0,5,1,0,4,2,6,6,2,3,0,0.0,2,268
749,0,0,80.07151816643987,4,4,0,3,1,4,0,1,3,0,8.0,1,268
750,0,0,48.71999309709967,0,0,3,3,2,7,6,2,1,1,10.0,1,269
751,2,0,9.626667377870552,5,6,0,3,2,2,4,2,0,0,0.0,0,269
752,2,0,9.906306930448945,5,7,0,3,2,1,3,2,0,0,0.0,0,269
753,0,0,62.23824165634213,0,0,2,5,1,6,0,1,3,0,3.0,1,269
754,2,0,12.0,5,6,0,3,2,2,4,2,0,0,0.0,0,269
755,2,0,14.0,5,0,3,1,2,4,5,2,0,0,0.0,0,270
756,0,1,41.0,5,0,0,2,1,8,0,1,1,2,17.0,1,270
757,4,0,44.078185773996516,0,6,3,4,1,2,0,1,1,2,8.0,1,270
758,0,0,73.96436182769001,0,0,0,2,1,6,0,1,3,0,7.180856659548677,1,271
759,1,1,45.0,0,0,0,2,1,10,0,1,1,1,24.80002359486182,1,272
760,1,1,43.751320910969326,0,6,3,5,1,0,0,1,3,1,2.0,1,272
761,0,0,43.0,0,7,2,3,1,6,0,1,1,2,15.0,1,272
762,5,1,3.9747085519200462,5,6,1,0,2,0,1,2,0,0,0.0,0,272
763,2,1,11.0,5,0,0,3,2,2,4,2,0,0,0.0,0,272
764,0,0,39.14948894517433,3,0,0,3,1,7,0,1,1,2,30.489138758215844,1,273
765,1,1,30.866109050113,0,0,0,2,1,8,0,1,3,2,0.0,1,274
766,2,1,16.0,5,6,0,3,2,5,5,2,3,0,0.0,1,274
767,1,1,54.92564240437126,0,0,0,2,1,6,0,1,1,1,10.798015638423756,1,274
768,2,0,17.029773834915694,5,0,0,2,2,5,5,2,1,2,1.0,1,274
769,0,0,41.16837857136315,5,0,0,2,1,6,0,1,1,2,50.977345832250414,1,275
770,1,0,51.16325756576957,0,0,0,3,1,9,0,1,1,2,7.0,1,276
771,2,0,1.951115856403806,5,6,0,0,0,0,0,0,0,0,0.0,0,276
772,0,0,61.91037186054959,4,0,0,2,1,8,0,1,1,2,45.03247881650643,2,276
773,0,0,52.0,0,0,0,2,1,10,0,1,1,1,98.99989761530935,1,276
774,1,0,41.0,0,0,3,5,1,2,0,1,3,0,5.0,1,277
775,0,0,35.05541445731984,0,7,0,4,1,8,0,1,2,2,2.0,1,277
776,0,1,41.58711058189187,4,5,2,2,1,9,0,1,1,1,8.0,2,277
777,0,0,34.05289351771116,5,0,0,2,2,6,6,2,3,2,0.0,1,277
778,1,0,46.357465847151396,0,4,3,4,1,10,0,1,1,2,6.0,1,278
779,1,1,35.37990913747935,0,0,0,2,1,10,0,1,3,2,10.0,1,278
780,1,1,42.490820517887876,0,0,0,2,1,6,0,1,1,2,5.0,1,279
781,5,0,9.749160623702421e-06,5,1,0,0,0,0,0,0,0,0,0.0,0,279
782,1,1,46.0613737811204,0,0,0,2,1,9,0,1,1,1,35.68321798887031,1,279
783,0,1,26.633874801061605,0,7,0,2,2,6,6,2,1,2,19.997595458788584,1,279
784,6,0,9.0,5,6,0,3,2,0,3,2,0,0,0.0,0,280
785,1,1,36.57659193146902,0,6,2,4,1,2,0,1,3,0,0.0,1,280
786,2,1,3.013049944570098,5,6,0,0,1,0,0,1,0,0,0.0,0,280
787,0,0,32.0,5,0,3,3,2,7,6,2,1,2,18.939345918076725,1,280
788,2,0,5.879790663850792,5,0,0,3,2,1,3,2,0,0,0.0,0,280
789,1,1,34.028522188268056,0,0,0,2,2,6,6,2,3,2,0.0,1,281
790,2,0,17.30961662296645,5,0,0,2,2,2,5,2,3,0,0.0,1,282
791,1,0,59.001780827517315,0,1,0,2,1,6,0,1,3,0,12.0,2,283
792,0,1,33.97937688887653,5,0,3,2,1,2,0,1,3,2,9.0,1,284
793,1,1,27.745799510762843,0,7,0,2,2,7,6,2,1,2,38.44117918313856,2,284
794,1,1,29.0,0,6,3,3,1,6,0,1,3,2,0.0,1,284
795,2,1,17.95058689134737,5,6,0,3,1,3,0,1,3,0,0.0,1,284
796,7,0,24.202321549366168,5,6,3,4,2,6,6,3,1,2,10.913123719727439,1,285
797,4,1,75.92968495050857,5,0,0,2,1,7,0,1,3,0,7.0,1,285
798,2,0,4.034978699082798,5,5,3,0,1,0,0,1,0,0,0.0,0,285
799,5,1,1.0,5,6,0,0,0,0,0,0,0,0,0.0,0,285
800,0,0,32.0,0,6,2,4,2,2,4,2,3,2,18.29356422619028,2,286
801,1,1,60.814245695740595,0,5,2,5,1,4,0,1,1,2,6.0,1,287
802,4,1,36.79526950679272,5,6,3,5,1,0,0,1,1,2,6.0,1,287
803,1,1,37.698053788142346,0,6,2,5,1,2,0,1,1,2,7.0,1,287
804,2,0,33.397106249589214,0,3,3,5,1,4,0,1,1,2,5.0,1,287
805,7,0,41.0,3,0,0,2,1,7,0,1,1,2,44.16475545049032,1,288
806,7,1,21.905507935992222,5,0,0,2,1,9,0,1,2,2,2.0,1,288
807,1,1,43.0,0,6,2,5,1,2,0,1,3,0,0.0,1,289
808,1,1,37.023696274928994,0,6,2,4,1,6,0,1,3,0,0.0,1,289
809,2,1,7.008985995922029,5,1,1,2,2,1,3,2,0,0,0.0,0,290
810,7,0,45.74565487864046,0,5,2,5,1,6,0,1,3,1,10.0,1,291
811,6,0,18.12641184533103,5,6,3,5,2,5,5,2,1,2,13.96829168106178,2,291
812,7,0,18.161833820128383,2,5,0,3,2,7,6,3,3,0,0.0,1,292
813,0,0,61.24927796949948,0,0,0,2,1,8,0,1,3,2,88.7597871247386,1,292
814,7,0,50.72177332738253,3,0,0,2,1,6,0,1,3,1,3.0,1,293
815,2,1,11.347165917127615,5,6,0,3,2,2,4,2,0,0,0.0,0,293
816,0,0,31.176622088483864,0,1,0,2,1,5,0,1,1,2,7.0,1,293
817,2,0,22.953901247362268,5,6,3,5,1,8,0,1,1,2,8.0,1,294
818,3,1,73.88832421308621,1,7,3,4,1,7,0,1,3,0,3.0,1,294
819,6,0,9.0,5,6,0,3,2,0,3,2,0,0,0.0,0,294
820,5,1,1.9923449558511628,5,0,0,0,0,0,0,0,0,0,0.0,0,294
821,0,1,80.02330826149027,3,1,0,2,1,6,0,1,3,0,8.0,2,295
822,3,1,64.66377262880356,3,6,0,2,1,6,0,1,3,0,0.0,1,295
823,1,1,32.0,0,0,0,2,1,7,0,1,1,2,9.0,2,296
824,1,1,70.46692299894997,0,0,0,2,1,5,0,1,3,0,2.0,1,296
825,1,1,59.84735346090488,0,0,0,2,1,10,0,1,3,2,0.0,1,296
826,2,0,14.588922993721122,5,0,0,2,2,3,5,2,0,0,0.0,0,297
827,2,1,39.79201947050107,5,0,0,2,1,6,0,1,1,2,7.871972727433404,1,297
828,0,0,55.1155958073787,0,7,0,3,1,6,0,1,1,2,10.0,1,298
829,2,0,2.0183434085448093,5,0,0,0,0,0,0,0,0,0,0.0,0,298
830,0,0,37.38082336604913,0,0,2,2,1,9,0,1,1,2,99.0,1,298
831,5,1,7.866415912009937,5,7,0,4,2,1,3,2,0,0,0.0,0,298
832,2,0,1.0,5,0,0,0,0,0,0,0,0,0,0.0,0,299
833,2,1,1.0,5,6,0,0,0,0,0,0,0,0,0.0,0,300
834,0,1,67.84021534456647,4,0,0,3,1,5,0,1,1,2,14.074019052347527,1,300
835,0,1,30.0,0,6,0,4,1,6,0,1,3,2,19.024130238880765,1,300
836,0,1,38.03973187926632,5,1,0,2,1,8,0,1,1,2,21.837919847657467,1,301
837,1,1,61.97713376177489,0,0,2,5,1,6,0,1,3,0,3.0,2,301
838,2,1,19.0,5,0,0,5,2,5,5,2,3,0,0.0,1,301
839,3,1,68.24461390401336,4,5,2,5,1,0,0,1,3,0,4.0,1,301
840,0,0,27.852551512572273,5,5,3,3,1,10,0,1,1,2,34.584891158875,1,301
841,2,1,10.052775241179619,5,6,0,3,2,2,4,2,0,0,0.0,0,302
842,7,1,40.0,2,0,3,4,1,2,0,1,3,2,7.0,1,302
843,0,0,45.73522532106876,0,0,0,2,1,8,0,1,1,2,25.56262866773627,1,302
844,0,0,47.15587700261787,0,1,2,3,1,9,0,1,1,2,30.397359321089418,1,302
845,0,0,46.92021781715555,3,6,0,3,1,8,0,1,2,2,1.0,1,303
846,0,1,30.0,3,0,0,2,1,7,0,1,1,1,8.028935360907868,1,303
847,7,0,28.46946850604841,5,0,3,2,1,2,0,1,1,2,0.0,1,304
848,0,1,43.0,0,0,0,3,1,6,0,1,1,2,16.121505861539205,1,305
849,7,0,26.955159318911974,5,0,3,4,1,2,0,1,1,2,12.0,1,306
850,0,1,52.50712392956043,0,7,3,5,1,7,0,1,1,1,44.50438153887359,2,307
851,7,0,21.0,5,1,0,4,2,6,6,2,3,0,0.0,2,307
852,4,1,52.88486007712106,1,0,0,2,1,9,0,1,1,2,20.90494388073279,1,308
853,7,1,40.0,3,0,0,2,1,6,0,1,1,2,9.0,2,308
854,1,1,45.0,0,0,0,2,1,10,0,1,1,1,25.19339245225013,1,309
855,0,0,66.61727888647796,0,0,0,2,1,6,0,1,3,0,12.26878589818332,1,309
856,0,1,24.00818860868895,2,7,0,2,1,6,0,1,1,2,12.0,1,309
857,0,0,58.968093862981604,0,0,0,2,1,10,0,1,1,2,49.98932227052126,1,309
858,7,0,9.907613901460985,5,7,0,2,2,1,3,2,0,0,0.0,0,309
859,0,0,49.0,0,1,0,2,1,6,0,1,1,2,23.55288769334012,1,309
860,5,0,3.008181577376703,5,1,0,0,2,0,2,2,0,0,0.0,0,310
861,0,0,55.81717563302044,5,0,0,2,1,9,0,1,1,2,20.565681472544078,1,310
862,0,0,49.0,0,0,0,2,2,10,7,3,1,2,19.96888505744711,1,310
863,2,0,15.21908267525593,5,0,0,2,2,2,5,2,0,0,0.0,0,310
864,0,0,40.0,0,0,0,2,1,9,0,1,1,2,23.506749137277414,1,311
865,0,1,52.85067585696732,3,1,0,2,1,6,0,1,1,2,19.90472744710415,1,311
866,2,0,12.71279996033769,5,0,0,2,2,2,4,2,0,0,0.0,0,312
867,2,0,4.02996889418989,5,0,0,0,1,0,0,1,0,0,0.0,0,312
868,0,1,37.09475265085708,5,0,0,2,1,6,0,1,3,0,3.0,1,312
869,0,0,30.757669651327255,5,6,0,3,1,10,0,1,1,2,22.33481666472029,1,312
870,0,0,30.0,0,8,0,2,1,6,0,1,1,2,13.64286499361974,1,312
871,2,1,11.0,5,0,0,3,2,2,4,3,0,0,0.0,0,312
872,0,0,46.29248986788458,0,3,2,4,1,7,0,1,1,2,7.0,2,313
873,7,1,68.94925416033512,3,6,3,1,1,2,0,1,3,2,6.0,1,313
874,2,0,21.0,5,6,0,3,1,6,0,1,1,2,4.0,1,313
875,4,1,20.010897722244458,5,6,3,1,1,3,0,1,3,0,0.0,1,313
876,4,1,14.905984180848655,5,0,3,2,2,2,4,2,0,0,0.0,0,313
877,0,0,38.420679551081804,0,0,0,2,1,6,0,1,1,1,98.99990184516813,1,314
878,2,1,19.0,5,0,0,3,2,6,6,2,2,0,0.0,1,314
879,3,0,59.669464177430186,1,0,3,1,1,6,0,1,1,2,2.0,1,315
880,2,1,11.0,5,6,0,3,2,2,4,2,0,0,0.0,0,315
881,7,0,40.0,5,1,0,5,1,6,0,1,2,2,1.0,2,315
882,0,0,37.00430779766609,2,1,0,2,1,6,0,1,1,2,13.0,1,315
883,0,1,36.0,3,6,0,2,1,6,0,1,1,2,19.689710783897514,1,315
884,1,1,37.01022298184517,0,5,2,3,1,9,0,1,3,2,8.0,1,315
885,0,0,38.54514100770627,0,1,0,2,1,6,0,1,1,2,17.0,2,315
886,1,1,49.75134216127268,0,0,2,3,1,7,0,1,2,2,5.0,2,316
887,2,1,17.376348462161452,5,6,0,2,2,5,5,2,1,2,1.0,1,316
888,0,1,55.82064322791195,0,1,0,2,1,7,0,1,3,2,15.0,1,317
889,2,0,6.001870430032348,5,0,0,2,2,0,2,2,0,0,0.0,0,317
890,0,0,56.07457868188281,0,0,0,2,1,9,0,1,1,2,6.0,1,317
891,2,0,13.836897755488266,5,0,0,2,2,2,4,2,0,0,0.0,0,317
892,1,1,29.0,0,0,0,2,1,9,0,1,1,2,85.48968837530627,1,317
893,5,1,3.9781176107088796,5,6,1,0,2,0,1,2,0,0,0.0,0,318
894,2,1,3.997588469716099,5,6,0,0,2,0,1,2,0,0,0.0,0,318
895,0,1,37.14028086719534,0,0,0,2,1,6,0,1,1,2,5.0,1,318
896,2,0,5.929042192143801,5,6,0,5,2,1,3,2,0,0,0.0,0,318
897,7,1,40.0,3,0,0,2,1,6,0,1,1,2,9.0,2,319
898,2,0,20.070359849207644,5,0,0,2,1,5,0,1,2,2,1.0,1,319
899,0,0,31.022838310627986,0,7,3,5,1,0,0,1,3,2,8.0,2,319
900,7,0,46.50670195463272,1,7,3,5,1,6,0,1,1,2,4.0,1,320
901,2,0,38.53782660886976,5,0,0,2,1,5,0,1,3,0,0.0,1,320
902,2,1,26.861399504878055,5,0,0,2,1,6,0,1,3,2,10.0,1,320
903,0,1,41.0,3,0,0,2,1,6,0,1,1,2,19.969635658693505,2,321
904,7,0,36.0,3,0,0,2,1,8,0,1,1,2,17.0,1,321
905,0,0,39.17002868898218,5,0,0,2,1,10,0,1,1,2,50.64383748107619,1,321
906,1,1,49.0,0,0,0,2,1,6,0,1,1,2,25.494565003081483,1,322
907,0,1,26.724636746156627,0,7,0,2,2,6,6,2,1,2,19.93153120929758,1,323
908,7,1,82.1205961308127,0,5,2,1,1,0,0,1,3,0,3.0,1,323
909,1,1,75.95599964088281,0,7,2,5,1,6,0,1,1,2,42.85163425909618,1,323
910,2,1,15.17688800378852,5,0,3,3,2,3,5,2,0,0,0.0,0,323
911,2,0,15.036880505790984,5,0,0,2,2,3,5,2,0,0,0.0,0,323
912,2,0,9.968793110914044,5,0,0,2,2,2,4,2,0,0,0.0,0,323
913,0,1,60.22583167204312,4,0,0,2,1,2,0,1,1,2,4.0,1,324
914,0,0,57.25442054659644,0,0,0,2,1,0,0,1,1,2,29.758789378034095,1,324
915,2,0,13.021468966216323,5,1,0,2,2,2,4,2,0,0,0.0,0,325
916,0,1,33.94611443392692,3,0,0,2,1,9,0,1,1,1,74.4141018284351,1,325
917,1,1,66.48272324762972,0,0,0,2,1,9,0,1,3,2,3.0,1,325
918,2,0,12.956682998062185,5,0,0,2,2,2,4,2,0,0,0.0,0,325
919,2,1,1.9968830599174143,5,0,0,0,0,0,0,0,0,0,0.0,0,326
920,0,0,22.892144839063107,5,7,0,2,1,6,0,1,1,2,6.0,1,326
921,7,0,34.69995533259293,2,1,0,2,2,7,6,2,1,2,1.264343699758002,1,326
922,7,1,25.231878380789357,2,2,0,3,2,8,6,2,1,2,16.17505492810227,1,326
923,1,1,38.073107441948224,0,3,2,4,1,6,0,1,1,2,15.0,1,326
924,2,1,1.9799949842975808,5,0,0,0,0,0,0,0,0,0,0.0,0,327
925,0,1,52.90600385488922,0,7,3,5,1,7,0,1,1,1,45.21549303392849,2,327
926,2,0,43.79919238063406,5,0,0,2,1,6,0,1,3,2,1.0,1,327
927,3,1,66.94965484451532,4,3,3,5,1,6,0,1,3,0,0.0,1,328
928,1,1,69.9891275723081,0,6,0,2,1,0,0,1,3,0,2.0,2,328
929,7,1,66.81702239575114,4,0,0,2,1,7,0,1,3,0,13.0,1,328
930,0,1,77.86223782804483,4,0,0,2,1,6,0,1,3,0,15.0,1,328
931,2,1,14.855592549794638,5,0,0,2,2,2,5,2,0,0,0.0,0,328
932,0,1,38.03544314041434,5,0,3,5,1,4,0,1,1,2,3.0,1,328
933,7,0,11.0,5,0,0,2,2,1,3,2,0,0,0.0,0,328
934,6,0,19.0,5,1,0,2,2,7,6,2,3,2,0.0,1,328
935,0,0,47.648462956698026,0,0,0,2,1,6,0,1,1,2,18.457040003328174,1,328
936,0,0,33.043881627654805,0,0,0,2,1,8,0,1,1,2,20.32993615417049,1,329
937,0,0,45.0,0,6,2,4,1,2,0,1,1,2,9.0,1,329
938,2,0,17.537474943470283,5,0,0,2,2,5,5,2,2,2,0.0,1,329
939,2,0,32.0,3,0,2,2,1,0,0,1,1,2,15.0,1,329
940,0,0,52.0,0,0,0,2,1,9,0,1,3,1,11.258279522667197,1,329
941,0,1,29.0,5,5,2,2,1,7,0,1,1,2,24.014686771927032,1,330
942,4,1,50.11245862731589,5,1,0,2,1,2,0,1,3,0,0.0,2,331
943,1,1,72.23995057330986,0,0,0,2,1,5,0,1,3,0,7.0,1,331
944,0,1,50.77048977633248,3,0,0,2,1,7,0,1,1,1,17.0,1,331
945,0,0,36.71013811199327,0,6,0,3,1,6,0,1,1,2,13.0,1,331
946,1,1,77.97718715725722,0,0,2,4,1,6,0,1,3,0,4.0,1,332
947,1,1,81.86630812966472,0,0,0,2,1,9,0,1,3,0,10.0,1,333
948,2,1,19.879288371297417,1,0,0,2,1,7,0,1,3,2,10.0,1,334
949,2,0,41.0,5,0,0,2,1,6,0,1,1,2,11.012648194573393,1,334
950,5,1,28.16895589442446,2,0,0,2,1,7,0,1,2,2,4.0,1,334
951,2,0,17.094074881804527,5,6,3,4,2,4,5,2,2,0,0.0,1,335
952,2,1,7.11295367753777,5,1,1,2,2,1,3,2,0,0,0.0,0,335
953,1,0,26.1600456361515,0,6,2,3,1,6,0,1,1,2,19.89989895464685,2,335
954,2,0,19.0,5,6,2,5,1,4,0,1,3,2,0.0,1,335
955,0,0,31.002560260233153,0,1,0,2,1,5,0,1,1,2,7.0,1,335
956,1,1,45.0,0,0,0,2,1,10,0,1,1,2,19.16538047164193,2,335
957,2,0,8.254475051316785,5,6,0,2,2,1,3,2,0,0,0.0,0,335
958,1,0,27.726909070021577,0,6,3,2,1,2,0,1,1,2,6.0,1,336
959,0,1,22.9467552237659,0,2,0,4,2,7,6,2,1,2,5.0,1,337
960,2,0,10.197739684342537,5,7,0,2,2,1,3,2,0,0,0.0,0,338
961,1,1,53.56187597581604,0,0,3,4,1,6,0,1,3,0,0.0,1,338
962,2,1,20.052784962832725,5,5,0,2,2,7,6,2,1,2,2.0,1,338
963,0,0,40.773028291245744,0,0,0,2,1,10,0,1,1,2,24.718641262879007,1,338
964,2,1,12.0,5,0,0,3,2,2,4,2,0,0,0.0,0,339
965,3,1,67.83130977912116,4,5,2,5,1,0,0,1,3,0,4.0,1,339
966,2,0,9.0,5,6,0,4,2,0,3,2,0,0,0.0,0,339
967,2,0,16.0,5,2,0,2,2,2,5,2,3,0,0.0,1,339
968,0,1,53.88754578261795,4,1,0,2,2,7,6,2,1,2,15.0,1,340
969,0,0,47.854273054605635,0,0,3,2,1,10,0,1,1,1,17.706521746274777,1,340
970,2,0,5.047414956859481,5,6,2,3,2,0,2,2,0,0,0.0,0,340
971,0,0,43.0,0,0,3,4,1,6,0,1,1,2,28.705099584588293,2,340
972,7,1,40.0,2,0,3,4,1,2,0,1,3,2,7.0,1,340
973,1,1,52.0,0,4,0,2,1,7,0,1,3,2,3.0,1,341
974,0,0,36.0,0,6,0,3,1,6,0,1,1,2,22.759753581452095,1,341
975,7,1,43.0,0,5,3,4,1,6,0,1,3,0,0.0,1,342
976,0,1,40.0,0,0,0,2,1,7,0,1,3,2,7.0,1,342
977,3,1,54.7232192323064,3,3,3,3,1,6,0,1,3,2,0.0,1,342
978,6,0,0.0,5,1,0,0,0,0,0,0,0,0,0.0,0,342
979,0,1,55.42501105119426,4,0,0,2,1,7,0,1,1,1,15.0,1,342
980,0,0,67.19362199841807,0,0,0,2,1,6,0,1,3,0,12.0,1,342
981,0,0,36.0,0,2,0,2,1,6,0,1,1,1,30.769960816020124,1,342
982,0,0,77.14725011839387,0,0,0,2,1,7,0,1,3,0,5.0,2,343
983,7,1,26.693363732407963,5,1,0,2,1,6,0,1,3,1,1.0,1,344
984,1,1,47.97467460915325,0,0,0,2,1,7,0,1,1,1,1.0,2,345
985,0,1,48.21884782546805,3,4,2,4,1,6,0,1,1,2,15.0,1,345
986,0,1,73.94774620924113,4,5,0,2,1,4,0,1,3,0,3.0,1,346
987,2,1,1.996413157829611,5,0,0,0,0,0,0,0,0,0,0.0,0,347
988,2,0,16.0,5,6,0,3,2,4,5,2,3,0,0.0,1,347
989,2,0,11.787697947010875,5,0,0,2,2,2,4,2,0,0,0.0,0,348
990,7,0,21.0,1,6,0,3,1,6,0,1,3,2,0.0,1,348
991,7,1,45.87649922265938,3,5,3,3,1,6,0,1,1,2,10.0,1,348
992,2,0,14.0,5,0,0,2,2,2,4,2,0,0,0.0,0,348
993,7,1,50.845756683664085,4,5,2,2,1,6,0,1,1,1,6.0,1,349
994,0,0,49.0,0,0,0,2,1,7,0,1,1,2,51.94899547532976,2,349
995,0,0,48.093047516071266,0,0,0,3,1,6,0,1,3,2,5.0,1,350
996,2,0,9.420065948625206,5,0,0,2,2,1,3,2,0,0,0.0,0,350
997,2,1,7.962437028329352,5,7,0,2,2,1,3,2,0,0,0.0,0,351
998,1,1,45.0,0,0,0,2,1,7,0,1,1,2,24.41996667662444,1,351
999,2,0,14.425706224009552,5,0,0,2,2,2,5,2,0,0,0.0,0,352
1000,2,0,10.155427778152134,5,4,3,3,2,1,4,2,0,0,0.0,0,352
1001,0,1,53.78448391543792,3,0,0,2,1,6,0,1,1,2,21.414872953356028,1,353
1002,1,0,54.80037142473445,0,0,0,2,1,10,0,1,3,1,40.18255202670352,1,354
1003,2,0,41.0,5,0,0,2,1,6,0,1,3,2,0.0,1,354
1004,0,1,69.83712191338756,3,0,0,2,1,7,0,1,3,0,5.0,2,354
1005,0,0,30.0,0,0,0,2,1,9,0,1,1,2,68.36794666416537,1,355
1006,3,1,63.571953372049705,4,0,2,5,1,0,0,1,3,0,0.0,1,356
1007,0,1,29.0,5,0,0,2,2,7,6,2,3,2,83.92222632516864,1,356
1008,7,0,19.0,5,0,3,5,1,2,0,1,3,0,0.0,1,356
1009,7,0,36.0,5,5,3,3,1,6,0,1,1,2,9.0,1,357
1010,0,0,37.9894675693748,0,6,2,4,1,6,0,1,1,2,17.0,1,357
1011,7,1,43.64060821817269,3,0,0,2,1,4,0,1,3,0,0.0,1,358
1012,0,0,78.85451018678259,0,0,0,2,1,2,0,1,3,0,3.0,1,358
1013,2,0,9.164146276307616e-06,5,1,0,0,0,0,0,0,0,0,0.0,0,358
1014,7,0,31.55838512083782,5,6,0,3,1,5,0,1,2,2,0.0,1,359
1015,7,1,21.0,5,0,0,2,1,7,0,1,1,2,6.0,1,359
1016,2,1,2.9875732929419465,5,0,0,0,2,0,1,2,0,0,0.0,0,360
1017,2,0,19.0,5,0,0,2,1,6,0,1,1,2,8.0,1,360
1018,0,0,21.96264727622048,5,0,0,2,1,6,0,1,1,2,9.0,1,360
1019,2,1,9.0,5,6,0,4,2,1,3,2,0,0,0.0,0,361
1020,0,0,24.166738677433884,5,0,0,2,1,7,0,1,1,2,7.0,1,361
1021,2,1,31.165721536595587,1,6,0,3,2,6,6,3,3,2,4.0,1,361
1022,0,1,67.12979575384254,4,0,0,2,1,4,0,1,3,0,6.0,1,361
1023,2,1,18.232746134141085,5,0,0,2,2,5,5,3,3,2,0.0,1,362
1024,7,1,19.960623514887896,5,7,0,2,2,6,6,2,1,2,3.0,1,363
1025,0,0,60.84996163015023,0,0,0,2,1,6,0,1,1,2,34.7400756949812,1,364
1026,2,0,5.836154794910041,5,0,0,2,2,0,2,3,0,0,0.0,0,364
1027,4,0,26.00614982206899,5,0,3,2,1,6,0,1,1,2,0.0,1,365
1028,7,1,85.0,4,0,0,2,1,6,0,1,3,0,0.0,2,366
1029,0,0,26.000280649028817,5,0,0,2,2,7,6,2,1,2,36.398930573043714,1,366
1030,0,0,34.412406312892074,0,0,0,2,1,7,0,1,1,2,19.624126826310835,1,367
1031,0,0,49.97115019702987,0,0,0,2,1,7,0,1,3,0,9.0,2,368
1032,0,0,39.3312895068541,0,0,2,3,1,10,0,1,1,2,36.90592696351436,1,369
1033,0,1,40.0,5,0,2,4,1,7,0,1,1,2,16.313209487683583,1,369
1034,2,0,17.029542233123053,5,0,0,2,2,5,5,2,1,2,1.0,1,370
1035,2,0,9.0,5,1,0,2,2,1,3,2,0,0,0.0,0,371
1036,7,1,50.97724561136119,4,0,0,2,1,8,0,1,3,2,4.0,2,372
1037,0,0,47.62856091340606,5,0,0,2,1,7,0,1,3,1,46.48356358015706,2,373
1038,0,1,31.023739443648072,5,0,0,2,1,9,0,1,2,2,26.733910924143206,1,374
1039,2,0,9.967450176375731,5,4,3,3,2,1,4,2,0,0,0.0,0,375
1040,7,0,45.0,5,0,3,3,2,5,5,2,3,0,0.0,1,375
1041,2,0,22.171184667295453,5,0,0,2,1,6,0,1,3,0,3.0,1,375
1042,7,0,18.261677086460306,2,5,0,3,2,7,6,3,3,0,0.0,1,375
1043,2,1,17.843773509889242,5,0,0,2,2,6,5,2,3,0,0.0,1,376
1044,1,1,40.0,0,5,3,5,1,6,0,1,1,2,7.0,1,376
1045,7,1,25.91077912125456,5,0,0,2,2,9,6,2,1,2,7.0,1,377
1046,0,0,40.0,0,0,0,2,1,6,0,1,1,1,11.9572225719578,1,378
1047,7,0,20.00265648978101,5,0,0,2,2,7,6,3,1,2,8.0,1,378
1048,4,1,12.998266287974408,5,6,0,3,2,2,4,2,0,0,0.0,0,378
1049,2,0,23.470393936018557,5,0,0,4,1,0,0,1,3,2,5.0,1,378
1050,2,1,16.0,5,0,0,2,2,5,5,2,3,2,0.0,1,379
1051,0,1,81.93797830260992,4,0,2,3,1,7,0,1,3,0,17.70738606216618,1,379
1052,2,1,3.9278451800209697,5,0,0,0,1,0,0,1,0,0,0.0,0,379
1053,2,0,1.0,5,6,0,0,0,0,0,0,0,0,0.0,0,379
1054,1,1,75.09749531683102,0,4,3,1,1,6,0,1,3,0,0.0,1,379
1055,1,1,47.107204693726814,0,0,3,1,1,1,0,1,3,0,0.0,1,380
1056,7,1,25.96647268708012,5,0,0,2,2,9,6,2,1,2,7.0,1,381
1057,0,0,38.21802550591641,0,0,0,2,1,9,0,1,1,2,52.544414661732766,1,381
1058,1,1,67.16448189932025,0,7,2,3,1,7,0,1,3,0,14.066662101110644,2,381
1059,1,1,46.9711466642269,0,0,3,1,1,1,0,1,3,0,0.0,1,382
1060,2,1,3.0491601962910617,5,0,0,0,2,1,1,3,0,0,0.0,0,382
1061,2,0,9.0,5,0,0,3,2,1,3,2,0,0,0.0,0,382
1062,4,1,73.54541811355959,4,0,0,2,1,4,0,1,3,0,8.0,1,382
1063,1,1,52.055166411928745,0,0,0,2,1,6,0,1,3,0,2.0,1,382
1064,1,1,23.158955448231616,0,6,3,4,1,5,0,1,3,1,1.0,2,383
1065,1,1,42.33938495026386,0,0,0,2,1,7,0,1,1,2,7.689272285569712,1,383
1066,0,0,40.92083412046001,0,0,0,2,1,7,0,1,1,2,20.901420324405596,1,384
1067,1,1,60.644696865001926,0,0,0,2,1,9,0,1,1,2,29.533284963896428,1,384
1068,5,1,1.9935972216713966,5,0,0,0,0,0,0,0,0,0,0.0,0,385
1069,0,0,52.0,0,0,0,2,1,10,0,1,1,1,3.0,1,386
1070,2,1,21.0,5,0,0,3,2,7,6,2,1,2,1.0,2,387
1071,2,1,6.005333173263092,5,5,3,3,2,1,3,2,0,0,0.0,0,387
1072,5,1,8.48576831089121,5,6,0,4,2,1,3,2,0,0,0.0,0,388
1073,2,0,8.090991071666338,5,0,0,4,2,1,3,2,0,0,0.0,0,388
1074,5,0,8.158035693299839,5,1,0,2,2,1,3,2,0,0,0.0,0,388
1075,1,1,62.952257247621475,0,7,2,4,1,6,0,1,3,2,12.0,1,388
1076,0,0,43.75943362259136,0,7,0,2,1,6,0,1,1,2,17.0,1,389
1077,1,0,43.0,0,0,0,2,1,7,0,1,1,1,15.0,1,389
1078,2,0,12.55508063689541,5,0,0,2,2,2,4,2,0,0,0.0,0,390
1079,1,1,43.955131590553755,0,6,0,3,1,6,0,1,3,0,7.0,1,390
1080,2,0,9.595827007555808,5,6,0,3,2,2,4,2,0,0,0.0,0,390
1081,2,1,17.82784473507413,5,6,0,3,1,3,0,1,3,0,0.0,1,390
1082,1,1,43.0,0,6,2,5,1,2,0,1,3,0,0.0,1,391
1083,6,0,52.804388971414554,3,1,0,2,1,8,0,1,1,2,36.74323899116489,1,391
1084,2,1,5.116171551623586,5,5,2,2,1,0,0,1,0,0,0.0,0,392
1085,0,1,85.0,4,0,0,2,1,7,0,1,3,0,0.0,2,392
1086,0,0,55.065918419164326,0,0,0,2,1,10,0,1,1,2,39.35346579064766,1,392
1087,0,0,67.91103729284204,4,0,0,2,1,7,0,1,1,1,22.049681929627447,1,393
1088,1,1,40.0,0,0,0,2,1,6,0,1,1,2,7.0,1,394
1089,4,1,20.124513529421165,5,6,3,1,1,3,0,1,3,0,0.0,1,394
1090,1,1,30.627932313418246,0,6,0,3,1,6,0,1,1,2,21.183242133188728,1,394
1091,0,0,38.09629885658147,2,6,3,3,1,0,0,1,1,2,15.835649186063568,1,394
1092,7,0,21.94254393935312,0,0,3,1,1,0,0,1,1,2,8.0,1,395
1093,7,1,21.0,5,0,0,2,1,6,0,1,1,2,5.0,1,396
1094,0,1,83.06768720004315,4,1,0,2,1,6,0,1,3,0,2.0,1,397
1095,1,1,50.10946137666366,0,0,0,2,1,9,0,1,3,0,0.0,1,398
1096,3,0,60.02670962438056,0,0,3,1,1,6,0,1,1,2,2.0,1,398
1097,0,0,36.44166353317651,5,0,0,2,1,10,0,1,1,2,25.50328007863697,1,398
1098,7,0,45.0,5,0,3,3,2,5,5,2,3,0,0.0,1,398
1099,0,0,46.8337851124454,0,6,3,5,1,0,0,1,1,2,9.0,2,399
1100,1,1,52.0,0,0,0,2,1,10,0,1,1,2,8.0,1,400
1101,0,0,52.0,0,5,3,4,1,6,0,1,1,1,8.0,1,400
1102,2,1,16.0,5,5,2,2,2,4,5,2,3,0,0.0,1,400
1103,2,1,17.103452558900052,5,0,0,3,2,5,5,2,3,0,0.0,1,400
1104,7,0,9.814003972333138e-06,5,7,0,0,0,0,0,0,0,0,0.0,0,401
1105,2,0,22.980032372829303,5,6,0,3,1,6,0,1,1,2,8.0,1,402
1106,7,1,19.697752971639172,5,7,2,3,2,7,6,3,1,2,1.0,1,402
1107,1,1,40.0,0,0,3,3,1,5,0,1,3,2,13.0,2,402
1108,7,0,59.7432357553877,5,0,0,2,1,6,0,1,3,1,0.0,1,403
1109,1,1,46.11243876088305,0,5,3,4,1,8,0,1,1,2,9.0,1,403
1110,0,1,55.0320250373032,5,6,0,2,1,3,0,1,3,0,4.0,2,404
1111,0,1,83.85405967106243,4,1,0,2,1,6,0,1,3,0,21.871762370317658,2,404
1112,0,1,24.05524992517908,0,0,3,5,1,3,0,1,1,2,12.0,2,404
1113,2,1,22.08853944874036,5,6,0,3,1,6,0,1,3,2,4.0,1,405
1114,1,1,36.0,0,0,3,5,2,6,6,2,3,2,0.0,1,405
1115,2,0,19.0,1,6,0,3,1,5,0,1,1,2,8.061360247821366,1,405
1116,2,1,21.16447535681555,5,5,2,3,2,7,6,2,3,0,0.0,1,405
1117,2,0,24.505624046000158,5,6,0,3,1,8,0,1,1,2,8.0,1,405
1118,0,0,33.71410952274514,0,6,3,3,1,6,0,1,1,2,25.913537779418192,1,406
1119,2,1,34.74451905615289,3,0,0,2,1,6,0,1,3,0,0.0,1,406
1120,1,1,54.00357693186418,0,5,2,4,1,8,0,1,1,2,22.5770052619967,1,406
1121,1,1,50.890182510560905,0,4,0,3,2,6,6,2,3,0,0.0,1,406
1122,2,0,6.013186686165893,5,0,0,2,2,1,3,2,0,0,0.0,0,407
1123,2,0,5.998695926594708,5,6,0,5,2,1,3,2,0,0,0.0,0,407
1124,2,0,11.88709411168655,5,0,0,2,2,2,4,2,0,0,0.0,0,408
1125,2,1,5.095158906301481,5,0,0,2,2,0,2,3,0,0,0.0,0,408
1126,0,0,55.324215102628365,5,0,0,2,1,9,0,1,1,2,21.041089868757464,1,408
1127,2,0,6.003051345423303,5,6,0,3,2,0,3,2,0,0,0.0,0,408
1128,1,1,72.06970658426125,0,1,0,2,1,9,0,1,3,0,21.895792990138894,1,409
1129,4,0,34.231875286927966,3,0,2,3,1,7,0,1,1,2,26.054275400752026,1,410
1130,2,0,1.9696923068036476,5,6,0,0,0,0,0,0,0,0,0.0,0,410
1131,1,1,40.88117971249415,0,0,0,2,1,6,0,1,1,2,7.417833622680236,1,411
1132,2,0,19.890599102526547,5,6,0,3,1,6,0,1,1,2,0.0,2,412
1133,2,1,22.830024797312547,5,5,0,3,2,7,6,2,1,2,3.740043300038521,1,412
1134,2,0,19.0,5,1,0,2,2,6,6,2,3,2,3.0,1,413
1135,4,0,44.298960773204996,0,6,3,4,1,2,0,1,1,2,8.0,1,413
1136,1,1,34.94411447172453,0,5,3,4,2,10,7,3,1,2,5.0,1,413
1137,0,0,44.58369039783291,0,0,0,2,1,7,0,1,1,2,20.24716779806405,1,414
1138,2,0,12.64498579877297,5,5,0,3,2,2,4,2,0,0,0.0,0,414
1139,2,1,24.05578757119263,5,6,3,3,1,5,0,1,1,1,8.0,2,414
1140,6,0,19.0,5,1,0,4,1,5,0,1,1,2,3.0,2,414
1141,1,1,42.82280420479664,0,0,0,2,1,7,0,1,1,2,8.325897369796444,1,415
1142,1,1,31.05937508241108,0,8,0,2,1,7,0,1,2,2,4.0,1,415
1143,4,0,32.0,1,0,3,1,1,0,0,1,1,2,0.0,1,416
1144,7,0,29.56601633453902,2,1,0,2,1,6,0,1,3,2,0.0,1,416
1145,0,0,85.0,0,0,0,2,1,7,0,1,3,0,10.721203870462755,2,417
1146,3,1,52.8812330325761,0,6,3,5,1,0,0,1,2,2,4.0,2,417
1147,2,1,1.989380036324265,5,0,0,0,0,0,0,0,0,0,0.0,0,417
1148,0,0,46.08427685488442,3,0,0,2,1,9,0,1,1,2,26.956796924687826,1,418
1149,2,1,9.939796864653653,5,5,0,2,2,1,4,2,0,0,0.0,0,419
1150,0,0,79.79616773900635,0,4,3,5,1,9,0,1,3,1,5.0,1,420
1151,1,1,45.98968291703684,0,6,3,1,1,0,0,1,3,0,0.0,1,420
1152,0,0,38.92081676177788,3,1,0,2,2,8,6,3,1,2,42.07875850998088,1,420
1153,7,0,9.995951641254814,5,7,0,2,2,1,3,2,0,0,0.0,0,420
1154,0,1,20.16854617520229,5,0,0,4,1,6,0,1,1,2,12.0,1,421
1155,0,1,47.662285090735814,0,0,0,2,1,6,0,1,3,0,4.0,1,422
1156,0,0,60.875543454985475,0,6,3,5,1,1,0,1,1,2,19.872315659357223,1,423
1157,0,1,50.13853343578773,0,4,2,3,1,8,0,1,3,0,0.0,1,423
1158,0,0,41.053187833248735,5,0,0,2,1,6,0,1,1,2,50.47892444972486,1,424
1159,0,0,53.44791915042635,0,0,3,2,1,9,0,1,1,2,49.91701697125683,1,425
1160,4,0,22.476640341302502,5,6,3,5,1,6,0,1,3,2,4.0,1,425
1161,7,0,26.987494877436244,1,5,2,2,2,7,6,2,1,2,2.0,1,425
1162,7,0,43.0,5,0,2,2,1,10,0,1,3,2,2.0,2,426
1163,1,0,40.02369305213344,0,6,3,1,1,1,0,1,3,1,3.0,1,427
1164,3,1,44.00360587542469,3,1,0,2,1,6,0,1,3,0,0.0,1,427
1165,4,1,73.85692201093481,4,0,0,2,1,4,0,1,3,0,8.0,1,427
1166,0,0,22.089801355491815,5,2,0,2,2,7,6,2,2,2,3.0,1,428
1167,2,1,2.997285886015194,5,6,0,0,1,1,0,1,0,0,0.0,0,428
1168,0,0,41.40207361664668,5,0,0,2,1,6,0,1,1,2,59.06235630007302,1,429
1169,1,1,45.65362936010094,0,5,2,3,1,6,0,1,1,2,8.0,1,429
1170,0,0,38.79535880694341,3,0,0,3,1,7,0,1,1,2,30.034698282772954,1,429
1171,0,1,31.15529195277929,5,0,0,2,1,9,0,1,2,2,26.795924328477547,1,429
1172,2,0,41.0,5,0,0,2,1,6,0,1,3,2,0.0,1,429
1173,0,0,56.242889410406605,3,0,0,2,1,8,0,1,1,2,14.969113147426363,1,430
1174,2,0,32.852968914688866,5,0,0,2,1,7,0,1,1,2,1.0,1,430
1175,3,0,67.22464461623514,1,0,2,4,1,1,0,1,3,0,0.0,1,430
1176,0,0,62.82319898799328,0,0,2,4,1,2,0,1,3,1,15.794802952933484,1,431
1177,0,1,67.87969094061658,4,0,0,2,1,10,0,1,1,1,29.922880055258926,1,431
1178,2,1,1.9911685116377722,5,1,0,0,0,0,0,0,0,0,0.0,0,431
1179,7,0,22.35655488412521,5,0,0,2,1,6,0,1,1,2,11.24836260092538,1,431
1180,2,1,11.0,5,6,0,3,2,1,3,3,0,0,0.0,0,431
1181,7,1,30.0,5,6,3,5,1,3,0,1,1,2,7.0,1,432
1182,2,0,21.97886443668629,2,6,3,3,1,3,0,1,3,2,0.0,2,432
1183,5,0,1.900876849480591,5,6,0,0,0,0,0,0,0,0,0.0,0,432
1184,2,0,5.2525778670588865,5,6,0,4,2,1,2,2,0,0,0.0,0,432
1185,4,1,22.738954356109275,5,6,0,4,1,6,0,1,2,2,0.0,1,432
1186,0,0,49.0,0,0,0,2,1,7,0,1,1,2,50.44722278721332,2,432
1187,3,1,71.74305009135058,4,1,0,2,1,4,0,1,1,1,7.0,1,432
1188,0,1,40.0,0,6,0,3,1,7,0,1,1,2,16.24209219616398,1,433
1189,0,1,47.873324423098175,3,4,2,4,1,6,0,1,1,2,15.0,1,433
1190,0,0,29.0,0,0,0,2,1,7,0,1,1,2,27.86554656580355,1,433
1191,1,1,20.305448647734906,0,7,0,2,1,5,0,1,1,2,10.0,1,434
1192,0,0,37.98527580238604,0,6,2,3,1,6,0,1,1,2,33.97863039019532,1,434
1193,0,0,52.933459420741045,0,1,0,2,1,7,0,1,1,2,15.0,1,434
1194,7,0,21.88613040460977,5,6,0,4,1,6,0,1,1,2,14.964073448644344,1,434
1195,2,0,3.9602076845766874,5,6,0,0,2,1,1,2,0,0,0.0,0,435
1196,0,0,85.0,4,0,0,2,1,9,0,1,3,0,13.0,1,435
1197,7,0,30.0,5,1,0,3,1,6,0,1,1,2,10.0,1,436
1198,1,1,62.99642872681392,0,3,3,1,1,1,0,1,1,2,5.0,1,436
1199,1,0,58.95350245022989,0,1,0,2,1,6,0,1,3,0,12.0,2,437
1200,0,1,75.0496987110867,3,0,0,2,1,6,0,1,3,0,7.0,1,438
1201,0,0,46.85729192542477,3,6,3,4,2,6,5,2,1,2,0.0,1,438
1202,0,0,54.92222600997082,0,0,0,2,1,6,0,1,3,2,9.256771944688891,2,438
1203,3,1,57.21509364177936,5,6,3,5,1,3,0,1,3,0,3.0,1,438
1204,7,1,12.0,5,0,3,1,1,2,0,1,0,0,0.0,0,439
1205,7,1,21.0,5,0,0,2,1,7,0,1,1,2,6.0,1,439
1206,2,0,5.899199617253052,5,0,0,2,2,1,2,2,0,0,0.0,0,440
1207,2,1,0.0,5,0,0,0,0,0,0,0,0,0,0.0,0,440
1208,0,0,73.27277789607673,4,0,0,2,1,6,0,1,3,0,4.0,1,440
1209,7,1,40.0,3,0,0,2,1,6,0,1,1,2,9.0,2,441
1210,0,0,30.0,5,0,0,2,1,9,0,1,1,2,9.0,1,442
1211,2,1,5.903484709350606,5,5,0,3,2,0,3,2,0,0,0.0,0,442
1212,1,1,78.0061032440068,0,0,0,2,1,6,0,1,3,0,83.36444946580548,2,442
1213,2,0,38.080594185160116,5,0,0,2,1,5,0,1,3,2,1.0,1,443
1214,6,1,37.011490397962845,5,0,3,5,1,3,0,1,1,2,4.0,1,444
1215,0,1,24.184094766850926,2,7,0,2,1,6,0,1,1,2,12.0,1,445
1216,2,0,30.0,5,3,3,5,1,6,0,1,1,2,8.0,1,445
1217,0,0,23.776078477756144,0,1,0,2,1,6,0,1,1,2,0.0,2,445
1218,0,0,33.63903483475827,0,7,3,1,1,0,0,1,3,2,13.0,2,446
1219,0,1,70.45385023473233,4,1,0,2,1,8,0,1,3,0,2.253781555669701,1,446
1220,1,1,61.36669771907563,0,5,2,5,1,4,0,1,1,2,6.0,1,446
1221,0,0,52.61990946997038,0,0,0,2,1,10,0,1,1,2,12.7402511131621,1,446
1222,0,0,63.493574295726205,0,0,0,2,1,9,0,1,1,2,41.586273253749184,1,446
1223,7,1,30.0,5,5,3,4,1,7,0,1,1,2,25.073440262512122,1,446
1224,2,1,11.0,5,1,0,2,2,2,4,2,0,0,0.0,0,447
1225,2,0,11.051671831008266,5,1,0,2,2,2,4,2,0,0,0.0,0,447
1226,7,0,30.0,5,1,0,3,1,6,0,1,1,2,10.0,1,447
1227,0,0,39.22260615188336,5,0,0,2,1,10,0,1,1,2,49.73685295671887,1,447
1228,0,0,33.740372260547886,5,7,0,2,1,9,0,1,1,2,20.840330847270213,1,448
1229,2,0,19.0,1,6,0,3,1,5,0,1,1,2,8.0,1,448
1230,0,0,53.12193400109338,0,0,2,5,1,2,0,1,1,1,2.0,1,448
1231,2,1,8.147846636629671,5,6,0,4,2,0,2,2,0,0,0.0,0,448
1232,2,0,9.284536900249295,5,6,0,3,2,1,3,2,0,0,0.0,0,448
1233,0,1,57.03772841666845,3,0,0,2,1,8,0,1,1,2,10.0,1,449
1234,1,1,32.0,0,0,0,4,1,6,0,1,1,2,0.0,1,450
1235,3,1,67.07648096982433,4,3,3,5,1,6,0,1,3,0,0.0,1,450
1236,1,0,47.09716125929785,0,0,3,3,1,6,0,1,1,2,6.0,1,451
1237,0,0,32.0,0,7,0,2,1,7,0,1,1,2,3.0,1,452
1238,2,0,41.0,5,0,0,2,1,6,0,1,1,2,11.012619812015851,1,452
1239,7,0,36.0,3,0,0,2,1,8,0,1,1,2,17.0,1,453
1240,0,0,49.0,0,0,0,2,1,7,0,1,1,2,50.92888734921934,2,453
1241,0,1,53.72171069206305,4,1,0,2,2,7,6,2,1,2,15.0,1,454
1242,7,0,14.0,5,0,0,2,2,4,5,2,0,0,0.0,0,454
1243,2,0,41.03244745667532,5,0,0,2,1,8,0,1,3,2,7.0,1,454
1244,7,0,19.761957036846443,1,1,0,2,1,6,0,1,3,2,5.0,1,455
1245,7,0,34.76060240798371,5,0,0,2,1,6,0,1,1,1,15.0,1,456
1246,0,0,52.0,0,0,0,3,1,6,0,1,1,2,1.0,1,456
1247,0,0,30.0,5,7,0,2,1,8,0,1,1,2,20.027989057620808,1,457
1248,0,1,41.0,5,0,0,2,1,8,0,1,1,2,17.0,1,457
1249,0,1,43.0,0,0,2,3,1,6,0,1,1,2,5.0,2,457
1250,1,0,34.42619407165948,0,0,0,2,1,10,0,1,1,2,39.86401878819672,1,458
1251,0,0,39.909722542840086,0,0,0,2,1,6,0,1,1,1,12.0,1,458
1252,0,1,68.10267595909477,4,0,0,2,1,5,0,1,3,2,7.0,1,458
1253,1,1,30.645542460676342,0,6,0,3,1,6,0,1,1,2,21.13071657914922,1,459
1254,6,0,17.12203664828523,5,6,0,3,2,5,5,2,2,2,1.0,1,459
1255,0,0,52.43909289027377,0,0,0,2,1,7,0,1,1,2,16.98507256705692,1,459
1256,0,1,46.813646476316244,3,0,0,2,1,9,0,1,1,2,13.101318875846417,1,460
1257,0,0,52.0,0,5,3,4,1,6,0,1,1,1,8.0,1,460
1258,2,0,9.832747841646427,5,6,0,4,2,2,4,2,0,0,0.0,0,460
1259,7,1,42.04540703121711,0,0,3,1,1,0,0,1,3,0,0.0,1,460
1260,1,1,32.568607919927594,0,0,0,2,1,8,0,1,1,2,7.0,1,461
1261,0,0,37.08498311753501,0,2,3,5,2,2,4,2,3,2,26.094998743393035,1,461
1262,1,1,43.0,0,0,0,2,1,9,0,1,1,2,71.21628850698356,1,461
1263,1,0,39.038646573493594,0,0,0,2,1,7,0,1,1,2,25.278835646955994,1,461
1264,0,0,52.0,0,0,0,3,1,6,0,1,1,2,0.9814448721660729,1,462
1265,1,1,46.194142571299054,0,0,0,2,1,6,0,1,1,2,23.739569120510485,1,462
1266,7,0,55.83843509231993,3,0,0,2,1,4,0,1,3,0,3.0,2,463
1267,1,1,29.0,0,5,3,3,1,9,0,1,3,0,0.0,1,464
1268,7,0,19.885320943502286,1,1,0,2,2,5,5,2,3,0,1.0,2,464
1269,1,0,43.84585967156614,0,6,3,1,1,2,0,1,3,2,4.0,1,464
1270,1,1,50.69614970744518,0,0,2,2,1,9,0,1,1,2,25.010799915851887,1,465
1271,0,0,54.82064890887401,0,0,0,2,2,8,6,2,1,1,8.0,1,465
1272,0,0,84.04005753511306,0,0,0,2,1,7,0,1,3,0,85.55587835624637,2,465
1273,2,1,47.33564374991066,0,0,0,2,1,9,0,1,1,2,24.36473623017679,1,466
1274,0,0,51.18312717101018,0,0,0,2,1,10,0,1,1,2,14.066883807900712,1,466
1275,7,0,2.9421485624944617,5,0,0,0,1,0,0,1,0,0,0.0,0,467
1276,1,0,36.61028817758055,0,0,0,2,1,4,0,1,1,2,8.754386274954664,1,467
1277,2,0,2.0630083005726845,5,6,0,0,0,0,0,0,0,0,0.0,0,467
1278,2,0,9.700062758928716,5,7,0,2,2,1,3,2,0,0,0.0,0,467
1279,2,0,39.21789693689078,5,0,0,2,1,6,0,1,2,2,0.0,2,468
1280,2,1,9.990629605538544,5,6,0,4,2,1,4,3,0,0,0.0,0,469
1281,1,1,51.12318457931497,0,0,0,2,1,7,0,1,3,2,0.0,1,469
1282,0,0,38.22999429373001,5,0,0,2,1,10,0,1,1,2,7.0,1,469
1283,7,1,73.08615966697798,5,0,0,2,1,5,0,1,3,0,2.0,2,469
1284,7,1,42.23253970454172,3,0,0,2,1,7,0,1,1,2,12.0,1,470
1285,2,1,42.114286466667714,3,0,0,2,1,6,0,1,1,2,15.0,1,471
1286,0,0,33.39873418129626,0,0,0,2,1,6,0,1,3,1,6.0,1,472
1287,7,0,2.9993192339558377,5,0,0,0,1,0,0,1,0,0,0.0,0,472
1288,2,1,27.886158143369915,5,0,0,2,2,7,6,2,1,2,3.0,1,472
1289,2,1,18.355793791434603,5,6,0,3,2,6,6,2,3,0,0.0,1,473
1290,2,0,10.270147297144025,5,0,0,3,2,2,4,2,0,0,0.0,0,473
1291,3,0,79.89561684128745,0,6,3,1,1,0,0,1,1,2,4.0,1,473
1292,7,0,33.899741961424816,5,0,0,2,2,6,6,2,1,2,5.0,2,473
1293,2,0,29.0,3,0,3,5,1,2,0,1,1,2,7.0,2,473
1294,1,1,55.1035095153942,0,0,2,5,1,6,0,1,1,1,3.0,2,473
1295,0,0,48.28612382957973,0,0,0,2,1,8,0,1,1,2,44.90909398145883,1,474
1296,7,1,19.551182777574866,5,0,0,2,1,6,0,1,1,2,6.489105023780078,1,474
1297,2,0,7.9152307899837355,5,0,0,5,2,1,3,3,0,0,0.0,0,475
1298,2,0,16.0,5,2,0,2,2,5,5,2,3,0,0.0,1,475
1299,2,0,12.83801219555248,5,0,1,3,2,2,4,2,0,0,0.0,0,475
1300,2,1,6.004679772542003,5,5,2,4,2,1,3,2,0,0,0.0,0,475
1301,4,1,23.56901815272026,5,0,3,5,1,2,0,1,3,0,0.0,1,476
1302,0,1,32.89249418744983,3,0,3,3,1,2,0,1,1,2,6.0,1,476
1303,5,0,34.02026490011841,1,0,0,2,1,6,0,1,1,2,21.922980754099832,2,476
1304,0,0,34.262095216408085,0,0,3,5,1,3,0,1,3,2,23.540523894977675,1,476
1305,2,0,14.0,5,0,0,2,2,2,4,2,0,0,0.0,0,476
1306,0,0,49.485088402278926,0,6,2,5,1,2,0,1,1,2,7.0,1,476
1307,2,0,11.0,5,6,3,4,2,1,3,2,0,0,0.0,0,477
1308,2,1,19.0,5,1,0,2,1,6,0,1,3,2,5.0,1,477
1309,0,0,51.102662498601426,0,0,2,3,1,1,0,1,1,2,0.0,1,478
1310,0,0,38.023680091334406,0,0,3,4,2,7,6,2,1,2,15.698457011441231,1,479
1311,0,0,84.01904982152477,0,0,0,2,1,9,0,1,3,0,21.047324056267726,1,480
1312,2,1,9.0,5,0,0,2,2,1,3,3,0,0,0.0,0,480
1313,1,1,60.37459648311451,0,1,0,2,1,8,0,1,3,0,4.0,2,480
1314,1,1,43.0,0,0,0,2,1,9,0,1,1,2,21.36940652898268,1,480
1315,7,0,27.040496689240015,5,1,0,2,2,6,6,2,1,2,1.0,1,481
1316,0,1,41.0,1,0,0,2,1,8,0,1,1,2,15.0,1,481
1317,0,0,39.949066286565,0,0,0,2,1,8,0,1,1,2,30.801356776407708,1,482
1318,2,0,10.265778576176189,5,1,0,2,2,2,4,2,0,0,0.0,0,482
1319,0,0,54.04320453702758,0,0,0,2,1,6,0,1,3,0,3.0,1,483
1320,2,0,10.041256500592892,5,0,0,2,2,1,3,2,0,0,0.0,0,484
1321,4,0,34.12026991833798,0,6,3,4,1,6,0,1,1,2,17.0,1,484
1322,1,1,61.75299174377181,0,5,2,3,1,9,0,1,3,2,0.0,1,484
1323,2,1,21.0,5,0,0,3,2,7,6,2,1,2,1.0,2,484
1324,0,0,48.70250560820908,0,0,0,2,1,6,0,1,1,2,17.620454580908437,1,485
1325,2,0,3.0007476661701795,5,0,0,0,1,0,0,1,0,0,0.0,0,485
1326,0,0,54.37821743463293,0,0,0,2,1,9,0,1,1,2,0.0,1,485
1327,4,0,24.94712835967436,5,0,3,5,1,3,0,1,1,2,5.0,1,485
1328,1,1,50.94169582629018,0,0,0,2,1,10,0,1,1,2,28.949181190487224,1,485
1329,0,0,50.88845822269381,0,0,2,1,1,0,0,1,1,1,6.0,1,486
1330,2,0,1.0,5,3,0,0,0,0,0,0,0,0,0.0,0,486
1331,0,0,51.168286342948704,3,0,0,2,1,10,0,1,1,2,98.99989974044621,1,487
1332,2,0,10.650003524934677,5,0,0,2,2,2,4,2,0,0,0.0,0,488
1333,2,0,4.951211775920507,5,0,2,1,1,0,0,1,0,0,0.0,0,488
1334,0,0,39.16308129103533,3,1,0,2,1,8,0,1,1,2,9.0,1,488
1335,0,1,65.71649502021094,4,0,0,2,1,6,0,1,3,0,9.681097716456383,1,489
1336,2,1,27.692808894144928,0,5,3,5,1,3,0,1,1,2,2.0,1,490
1337,1,1,54.71792359643431,0,0,0,2,1,8,0,1,3,1,0.0,1,491
1338,7,0,53.82571708468173,5,0,0,2,1,0,0,1,3,0,3.0,2,492
1339,7,0,47.07188811263946,2,0,3,5,1,2,0,1,1,2,11.077041495841733,1,493
1340,7,0,18.255601542267712,5,0,3,1,1,6,0,1,1,1,6.0,2,493
1341,1,1,41.0,0,3,3,1,1,0,0,1,3,0,0.0,1,493
1342,2,1,28.125942822519278,3,6,2,3,1,6,0,1,1,2,10.0,1,493
1343,0,0,27.536837619741362,5,0,3,3,1,6,0,1,1,2,5.0,1,493
1344,2,0,9.0,5,6,0,4,2,0,3,2,0,0,0.0,0,494
1345,1,1,47.04072696991627,0,5,2,3,1,6,0,1,1,2,19.26506884758243,2,494
1346,6,0,34.43339323149655,5,1,0,2,1,3,0,1,1,2,0.0,1,494
1347,2,0,11.0,5,6,0,2,2,2,4,2,0,0,0.0,0,494
1348,2,1,2.978282755158048,5,0,0,0,2,0,1,3,0,0,0.0,0,495
1349,0,0,40.0,0,0,0,2,1,10,0,1,1,2,25.50457453463437,1,495
1350,2,0,14.658595527235859,5,0,0,2,2,3,5,2,0,0,0.0,0,496
1351,0,1,35.46307458025011,3,1,0,2,1,7,0,1,1,2,16.449773918081085,1,496
1352,1,1,43.0,0,6,2,3,1,6,0,1,1,2,15.0,2,497
1353,0,0,52.76847760526304,2,0,0,2,1,6,0,1,1,2,49.70375786622633,1,498
1354,2,0,16.0,5,3,0,2,2,2,5,2,3,0,0.0,1,498
1355,2,0,13.047946191886023,5,6,0,3,2,2,4,2,0,0,0.0,0,498
1356,0,1,32.754691491565424,0,1,0,3,2,7,6,2,1,2,12.0,1,498
1357,0,0,32.0,0,6,3,4,1,6,0,1,1,2,7.0,1,499
1358,2,0,12.73120247014732,5,0,0,2,2,2,4,3,0,0,0.0,0,500
1359,2,1,39.117135157064965,5,0,0,3,1,6,0,1,3,0,0.0,1,500
1360,2,0,21.824803364168567,5,6,0,2,1,6,0,1,1,2,3.0,1,501
1361,0,1,59.87702546615266,4,0,0,2,1,2,0,1,1,2,4.0,1,501
1362,0,0,65.35955470422246,0,0,0,2,1,2,0,1,3,2,13.0,1,502
1363,2,1,21.984803975043118,5,5,3,4,1,8,0,1,2,2,4.0,1,502
1364,0,1,75.06694978701567,4,0,0,2,1,6,0,1,3,0,6.0,1,503
1365,2,0,39.433457590358316,5,0,0,2,1,5,0,1,3,0,0.0,1,503
1366,0,0,52.0,0,0,2,4,1,2,0,1,3,2,22.926644843143734,2,504
1367,1,1,40.0,0,5,2,3,1,6,0,1,1,1,9.0,1,505
1368,1,1,56.80778404404896,0,0,0,2,1,6,0,1,3,2,8.176844470475727,1,505
1369,3,1,56.07689843341249,3,5,3,1,1,0,0,1,3,0,0.0,1,506
1370,6,0,32.0,5,6,3,3,2,8,6,2,1,2,5.0,1,506
1371,0,1,31.136948232553024,0,0,3,4,1,6,0,1,3,0,0.0,1,507
1372,5,0,5.064104297532907,5,7,0,2,2,1,2,2,0,0,0.0,0,507
1373,2,0,6.040908949346605,5,0,0,2,2,1,3,2,0,0,0.0,0,507
1374,2,0,22.86887185884425,5,6,3,5,1,8,0,1,1,2,8.0,1,507
1375,0,1,23.873150390106293,0,0,3,5,1,3,0,1,1,2,12.0,2,507
1376,7,0,4.930407764583147,5,0,0,2,1,0,0,1,0,0,0.0,0,508
1377,1,1,23.908780462720728,0,6,0,3,1,6,0,1,1,2,9.0,1,508
1378,4,1,29.0,5,0,0,2,1,6,0,1,1,2,9.0,1,508
1379,0,0,49.87519468979093,0,6,3,4,1,4,0,1,1,2,33.27734370331932,1,508
1380,0,1,24.329670007087998,0,0,0,2,1,6,0,1,1,2,15.79951821201182,1,508
1381,0,0,54.168969470305285,0,0,0,2,1,10,0,1,1,1,41.930277775785555,1,509
1382,0,0,49.8106804841984,0,5,2,4,1,4,0,1,1,2,13.0,1,509
1383,1,1,33.559878642358186,0,0,0,2,1,10,0,1,3,2,10.0,1,510
1384,0,0,30.275593936548336,0,0,0,3,1,10,0,1,1,2,17.616108467235904,1,510
1385,0,0,30.703838640861886,5,0,0,2,1,6,0,1,2,0,4.0,2,511
1386,2,0,5.851616209207836,5,6,0,5,2,1,3,2,0,0,0.0,0,512
1387,2,1,18.072017894886464,5,0,0,2,2,5,5,3,3,2,0.0,1,512
1388,2,0,8.7727482825554,5,0,0,3,2,1,3,2,0,0,0.0,0,513
1389,0,0,49.0,3,1,0,2,2,7,6,2,1,2,5.0,1,513
1390,0,0,72.09652201724592,0,0,0,2,1,9,0,1,3,0,28.27905915742419,1,513
1391,2,1,20.024872116074434,5,1,0,2,1,6,0,1,1,2,3.0,1,513
1392,1,0,68.90032643147572,0,0,0,2,1,10,0,1,3,2,76.87088258569003,1,514
1393,0,1,82.9166384120715,4,0,0,4,1,2,0,1,3,0,14.241675060682798,1,515
1394,0,0,56.75085860596734,5,0,0,2,1,9,0,1,1,2,21.2078745668195,1,515
1395,4,0,16.0,5,0,3,2,2,6,5,2,3,0,0.0,1,516
1396,2,0,11.074284579082462,5,0,0,4,2,2,4,2,0,0,0.0,0,516
1397,0,0,56.08641925930775,0,0,0,2,1,6,0,1,1,2,13.0,2,516
1398,2,1,5.016983565226325,5,0,0,3,2,1,0,3,0,0,0.0,0,517
1399,2,1,9.0,5,0,0,4,2,2,4,2,0,0,0.0,0,517
1400,2,0,5.047366181648296,5,7,0,2,1,0,0,1,0,0,0.0,0,517
1401,7,0,32.0,5,7,2,3,1,9,0,1,1,2,13.0,1,517
1402,0,0,32.0,0,0,3,4,1,4,0,1,1,2,25.822547104781627,1,518
1403,5,1,4.031555860078884,5,0,3,0,2,1,2,2,0,0,0.0,0,519
1404,0,0,53.48182945862915,0,0,0,2,1,7,0,1,2,2,10.865718340595874,1,519
1405,2,0,1.933729378721177,5,0,0,0,0,0,0,0,0,0,0.0,0,519
1406,2,0,9.424067306036289,5,6,0,3,2,2,4,2,0,0,0.0,0,520
1407,3,1,44.0023184125682,3,1,0,2,1,6,0,1,3,0,0.0,1,520
1408,0,1,64.88630280228462,3,0,0,3,1,4,0,1,3,2,1.0,1,520
1409,2,1,16.0,5,0,0,3,2,4,5,2,1,2,3.0,1,521
1410,0,0,46.00409596462405,0,6,0,5,1,2,0,1,1,2,9.0,2,522
1411,5,1,15.157249723477605,5,0,0,2,2,4,5,2,0,0,0.0,0,522
1412,0,0,32.0,0,6,3,4,1,6,0,1,1,2,7.0,1,522
1413,2,0,1.973322321959544,5,6,0,0,0,0,0,0,0,0,0.0,0,522
1414,1,1,47.838108010761495,0,6,0,2,1,6,0,1,3,2,5.0,2,522
1415,7,1,31.164986285503293,5,6,3,5,1,6,0,1,1,2,7.765915258762654,1,522
1416,1,1,57.05362279470151,0,0,0,2,1,6,0,1,3,2,9.0,1,522
1417,1,1,48.18564732800131,0,6,0,2,1,6,0,1,3,2,5.0,2,523
1418,1,0,36.77812623450075,0,0,0,2,1,4,0,1,1,2,9.0,1,523
1419,2,1,2.961755598359643,5,6,0,0,1,0,0,1,0,0,0.0,0,523
1420,3,0,60.916011313161974,0,0,3,2,1,0,0,1,3,0,1.0,1,523
1421,2,0,6.007191371697171,5,3,0,4,2,1,3,2,0,0,0.0,0,523
1422,6,0,19.0,5,6,0,3,2,6,6,2,1,2,6.0,1,524
1423,2,1,16.0,0,0,0,2,1,6,0,1,1,2,2.0,1,525
1424,7,0,33.000935569893194,5,0,0,2,1,6,0,1,1,2,8.0,1,525
1425,2,1,12.0,5,5,2,4,2,2,4,3,0,0,0.0,0,525
1426,0,0,31.281244068497863,0,7,3,5,1,0,0,1,3,2,8.0,2,525
1427,0,0,45.0,0,6,2,4,1,2,0,1,1,2,9.0,1,525
1428,1,1,52.0,0,0,0,2,1,7,0,1,3,2,1.0,1,526
1429,0,0,58.86243979317694,0,0,2,1,1,6,0,1,3,0,4.0,1,526
1430,0,0,37.073868607121575,3,1,2,2,1,7,0,1,1,2,26.215520071365724,2,527
1431,0,1,29.852508896924345,5,0,0,2,1,6,0,1,1,2,6.0,1,528
1432,2,0,12.0,5,0,0,2,2,2,4,2,0,0,0.0,0,529
1433,2,1,5.079367767942001,5,5,1,2,1,0,0,1,0,0,0.0,0,529
1434,2,0,10.036538620258177,5,0,0,2,2,1,3,2,0,0,0.0,0,529
1435,2,1,12.0,5,0,0,2,2,2,4,2,0,0,0.0,0,529
1436,1,1,74.98337982639985,0,0,0,2,1,6,0,1,3,0,0.0,1,529
1437,0,0,34.08182881000478,0,6,0,3,1,6,0,1,1,2,12.0,1,530
1438,0,0,75.77393551223157,0,0,2,3,1,9,0,1,3,0,9.0,1,530
1439,0,1,55.742829907940454,3,7,0,2,1,6,0,1,1,2,10.987018645232725,1,530
1440,2,0,16.73541255061525,5,0,0,2,2,4,5,3,1,1,0.0,1,531
1441,0,0,41.72499390408553,0,0,0,2,1,9,0,1,1,2,53.35294871870704,1,531
1442,1,1,56.45782975091872,0,0,0,2,1,7,0,1,3,0,0.0,1,532
1443,2,0,3.9488506950012727,5,0,0,0,2,0,1,3,0,0,0.0,0,532
1444,7,0,29.0,5,0,0,3,1,7,0,1,1,2,26.405853909413274,1,533
1445,5,1,3.9940118274435688,5,6,0,0,2,0,1,2,0,0,0.0,0,534
1446,7,1,76.80937896952388,5,0,0,2,1,6,0,1,3,0,4.0,2,534
1447,5,0,2.0174636451692485,5,7,0,0,0,0,0,0,0,0,0.0,0,534
1448,2,1,28.969855478400497,0,6,0,3,1,6,0,1,1,2,9.053919967201525,1,534
1449,0,0,36.0,5,0,0,2,1,5,0,1,3,0,4.0,1,535
1450,2,1,7.091008724428929,5,0,3,4,2,1,3,2,0,0,0.0,0,535
1451,2,0,9.0,5,1,0,2,2,1,3,2,0,0,0.0,0,535
1452,7,0,20.063918302885615,1,1,0,2,2,5,5,2,3,0,0.9944969605980419,2,535
1453,0,0,21.70873556345324,5,2,0,2,2,7,6,2,2,2,3.0,1,535
1454,1,1,31.11953173339766,0,0,0,2,1,6,0,1,1,2,6.251415541480883,1,536
1455,0,0,69.69544151218277,0,0,0,2,1,6,0,1,3,2,63.58669161931679,2,536
1456,0,0,72.33286179297717,0,1,0,2,1,8,0,1,3,2,17.83384498477064,1,537
1457,0,0,62.912981568704595,0,1,0,2,1,9,0,1,3,2,29.560421435558812,1,537
1458,2,0,13.508749101874319,5,0,0,2,2,2,4,2,0,0,0.0,0,537
1459,1,1,40.0,0,0,3,3,1,5,0,1,3,2,13.0,2,537
1460,0,0,76.96406123778927,0,0,2,4,1,2,0,1,3,0,5.0,1,537
1461,7,1,3.939226863895969,5,6,3,0,1,0,0,1,0,0,0.0,0,538
1462,2,0,15.105279649722513,5,3,2,4,2,2,5,3,0,0,0.0,0,538
1463,2,1,31.056839382086512,3,0,0,2,1,9,0,1,1,2,13.0,1,538
1464,0,0,44.39840819696533,0,6,3,5,1,2,0,1,1,2,6.0,1,538
1465,0,0,43.0,0,0,0,2,1,10,0,1,1,1,98.99989985561697,1,538
1466,0,0,39.419764368494675,0,0,2,3,1,10,0,1,1,2,35.02139533437295,1,538
1467,0,0,52.0,0,5,3,4,1,6,0,1,1,1,8.0,1,538
1468,0,0,64.02181397872717,0,0,0,2,1,4,0,1,3,2,12.02775017539422,1,539
1469,2,1,10.246918506432142,5,5,0,3,2,2,4,2,0,0,0.0,0,540
1470,0,0,24.078970983821016,0,0,0,2,1,7,0,1,1,2,16.008082490853052,1,540
1471,0,0,49.82129182323223,0,5,2,4,1,4,0,1,1,2,13.0,1,541
1472,0,0,40.0,0,0,3,4,1,6,0,1,1,2,11.674907222929054,2,542
1473,7,1,19.0,5,6,0,4,2,7,6,2,3,2,3.0,1,543
1474,0,0,40.0,5,5,2,2,1,10,0,1,1,2,98.99989072285604,1,543
1475,1,0,40.0,0,6,3,1,1,1,0,1,3,1,3.0,1,543
1476,0,1,22.986806060947202,5,1,0,2,2,6,6,2,3,2,7.0,1,543
1477,2,1,8.03104784635074,5,0,0,2,2,1,3,2,0,0,0.0,0,543
1478,0,1,32.97780456509906,3,0,3,3,1,2,0,1,1,2,6.0,1,544
1479,2,1,1.9692139810128966,5,7,0,0,0,0,0,0,0,0,0.0,0,544
1480,2,0,17.294371997630744,5,0,3,4,2,5,5,2,3,0,0.0,1,544
1481,0,0,52.919477795709184,0,0,3,2,1,9,0,1,1,2,50.13106174930891,1,544
1482,0,1,39.05847655774541,5,1,0,2,1,6,0,1,3,2,1.0,1,544
1483,1,1,71.82022061182758,0,1,0,2,1,9,0,1,3,0,22.520013348555327,1,545
1484,0,0,80.07677372548895,4,4,0,3,1,4,0,1,3,0,8.0,1,545
1485,0,0,37.64903520718547,0,4,3,3,1,9,0,1,1,2,34.21227563074576,1,545
1486,1,1,31.020294623508125,0,0,0,2,1,7,0,1,3,2,0.0,1,545
1487,0,0,19.836346870741057,0,6,0,2,1,5,0,1,1,2,15.0,1,546
1488,2,1,18.036523890935765,5,7,0,2,2,5,5,2,1,1,0.0,1,546
1489,2,0,12.390208531332943,5,0,0,2,2,2,4,2,0,0,0.0,0,546
1490,5,0,22.143620097746137,5,0,2,3,1,6,0,1,3,2,12.0,1,547
1491,2,0,11.0,5,8,0,2,2,2,4,2,0,0,0.0,0,547
1492,7,0,41.0,3,7,0,2,1,6,0,1,1,2,4.0,2,548
1493,1,1,24.309865195474696,0,6,0,3,1,6,0,1,1,2,9.0,1,548
1494,0,1,41.0,3,0,0,2,1,7,0,1,1,2,27.174953364473446,1,549
1495,7,0,55.27482070891155,5,2,0,2,1,1,0,1,1,2,12.0,1,550
1496,2,0,6.987871741774133,5,6,0,2,2,1,3,2,0,0,0.0,0,551
1497,1,1,38.908374786866844,0,3,2,3,1,8,0,1,1,2,25.141726820481153,1,552
1498,2,0,19.0,5,6,3,4,1,4,0,1,3,2,3.0,1,553
1499,0,0,60.08230628376216,0,6,2,5,1,10,0,1,1,2,5.0,1,553
1500,2,1,16.0,5,0,0,3,2,4,5,2,1,2,3.0,1,554
1501,2,0,11.485309751916796,5,0,0,2,2,2,4,2,0,0,0.0,0,554
1502,1,1,47.85394419940813,0,6,0,2,1,6,0,1,3,2,5.0,2,554
1503,2,1,5.266651147474149,5,0,0,4,2,0,2,2,0,0,0.0,0,554
1504,2,1,21.0,5,1,0,2,1,6,0,1,1,2,13.0,2,554
1505,1,1,43.0,0,6,2,5,1,2,0,1,3,0,0.0,1,555
1506,7,1,30.0,5,6,3,5,1,3,0,1,1,2,7.0,1,556
1507,2,1,16.0,5,0,0,2,2,3,5,3,3,0,0.0,1,556
1508,0,0,62.05882017929039,0,0,2,5,1,6,0,1,3,0,3.0,1,556
1509,7,1,3.9551185889626637,5,6,3,0,1,0,0,1,0,0,0.0,0,557
1510,0,0,27.054289338923315,5,0,3,5,1,6,0,1,1,1,17.694364365193458,2,558
1511,2,0,9.0,5,1,0,2,2,0,3,2,0,0,0.0,0,558
1512,0,0,68.03350858549923,4,0,0,2,1,7,0,1,1,1,22.115245254027784,1,558
1513,0,0,61.26855013366592,0,0,0,2,1,6,0,1,3,2,31.777985670743526,1,558
1514,1,1,67.25994596433372,0,0,2,3,1,7,0,1,3,0,10.0,1,559
1515,1,1,44.06269309142805,0,0,2,3,1,7,0,1,1,2,0.0,1,559
1516,0,0,42.818878443658946,0,0,0,2,1,9,0,1,1,2,33.33327578666275,1,560
1517,2,1,3.005891434889287,5,0,0,0,1,0,0,1,0,0,0.0,0,560
1518,4,0,41.0,3,0,3,5,1,2,0,1,1,2,5.0,1,560
1519,0,0,47.37636047128227,0,0,0,3,1,6,0,1,1,2,21.097542068639353,1,561
1520,0,1,55.04862764490194,5,6,0,2,1,3,0,1,3,0,4.0,2,562
1521,2,0,16.892010626332862,5,0,0,2,2,5,5,2,2,2,0.0,1,563
1522,2,1,16.900175108366177,5,2,0,2,2,3,5,2,3,0,0.0,1,563
1523,0,1,30.0,0,6,0,4,1,6,0,1,3,2,18.718693382866938,1,563
1524,1,1,70.46108440070836,0,0,2,2,1,6,0,1,1,2,5.0,1,563
1525,2,1,22.23137482113668,5,6,0,3,1,6,0,1,3,2,4.0,1,563
1526,0,1,41.0,1,0,0,2,1,8,0,1,1,2,15.0,1,563
1527,4,1,52.964136593082735,1,0,0,2,1,9,0,1,1,2,21.294165128543725,1,564
1528,1,1,50.943099319411374,0,4,0,3,2,6,6,2,3,0,0.0,1,564
1529,2,0,5.089840867850685,5,6,2,3,2,0,2,2,0,0,0.0,0,565
1530,1,0,62.941784735717015,0,6,2,1,1,0,0,1,1,2,7.0,1,565
1531,2,1,22.722708824314864,5,7,0,3,1,9,0,1,3,0,0.0,1,565
1532,2,0,17.256661710101625,5,0,0,2,2,4,5,3,1,1,0.0,1,565
1533,0,0,32.0,0,0,3,4,1,4,0,1,1,2,27.046973318437537,1,565
1534,0,1,69.10656556372213,4,1,0,2,1,8,0,1,3,0,2.0,1,566
1535,2,1,9.0,5,0,0,2,2,1,3,2,0,0,0.0,0,566
1536,2,1,14.051472691371913,5,0,0,2,2,2,5,2,0,0,0.0,0,566
1537,0,1,49.0,1,6,3,5,1,6,0,1,3,2,9.0,1,566
1538,0,1,35.23759852219666,0,6,2,4,2,7,6,2,2,0,5.0,1,566
1539,0,0,43.993143719793395,0,6,3,5,1,2,0,1,3,2,16.35074312161323,2,566
1540,2,1,9.34357376352697e-06,5,0,0,0,0,0,0,0,0,0,0.0,0,567
1541,2,1,14.0,5,4,3,3,2,3,5,3,0,0,0.0,0,568
1542,0,0,32.0,5,0,3,5,1,5,0,1,2,2,2.0,1,568
1543,5,1,5.9970981250435536,5,5,0,2,2,1,3,2,0,0,0.0,0,568
1544,0,0,41.0,0,6,3,5,1,3,0,1,1,2,7.0,1,568
1545,7,0,19.987391159455377,5,0,3,5,1,6,0,1,3,0,0.0,1,568
1546,2,1,30.0,5,6,3,1,1,4,0,1,3,0,3.0,1,569
1547,5,0,9.0,5,1,0,2,2,1,3,2,0,0,0.0,0,569
1548,1,1,64.10480603097159,0,0,0,2,1,9,0,1,3,2,3.0,1,570
1549,6,0,38.37577657257037,3,0,3,1,1,6,0,1,1,2,0.0,1,570
1550,1,1,42.44522886085777,0,0,0,2,1,7,0,1,1,2,7.5013485344343485,1,571
1551,0,1,65.73201540029638,4,0,2,3,1,7,0,1,3,0,37.03811118303019,1,571
1552,1,1,55.11746791194465,0,0,2,5,1,6,0,1,1,1,3.0,2,571
1553,0,0,51.71920320292778,3,0,0,2,1,8,0,1,1,2,8.0,1,571
1554,1,1,57.96435991623194,0,3,3,4,2,6,5,2,1,2,0.0,1,571
1555,2,1,1.9803691589847054,5,0,0,0,0,0,0,0,0,0,0.0,0,571
1556,7,0,32.86721109167651,5,6,3,4,1,6,0,1,1,2,9.0,1,572
1557,7,0,23.531679443459353,5,0,3,1,1,3,0,1,1,2,1.0,2,572
1558,0,1,85.0,4,0,0,2,1,2,0,1,3,0,3.536178924798659,2,572
1559,2,0,13.345442360096396,5,5,0,2,2,2,4,2,0,0,0.0,0,572
1560,2,1,21.0,5,0,2,4,2,6,6,2,3,0,0.0,1,573
1561,2,1,16.94526224942045,5,6,0,3,2,5,5,2,1,2,4.0,1,573
1562,0,0,23.882633209307677,5,1,0,2,2,7,6,2,1,2,13.0,1,573
1563,2,1,19.0,5,6,0,3,1,5,0,1,1,2,1.0,1,573
1564,0,1,25.985788672246517,5,0,0,2,1,10,0,1,1,2,26.44988310679268,1,574
1565,0,0,57.388383210668586,3,0,0,2,1,10,0,1,1,2,10.0,1,575
1566,0,1,64.69917007724582,5,0,2,4,1,10,0,1,1,2,19.836161966150883,2,576
1567,1,1,30.14583328718705,0,0,0,2,2,9,7,3,1,2,25.069973255389115,1,576
1568,1,1,67.05841259669084,0,0,0,2,1,6,0,1,3,0,1.0,1,576
1569,1,1,36.952560527391014,0,0,0,2,2,9,7,3,1,2,42.49405697328605,1,576
1570,0,1,28.07720374695301,5,6,3,3,1,5,0,1,1,2,10.0,2,577
1571,2,1,2.0163492467368664,5,0,0,0,0,0,0,0,0,0,0.0,0,577
1572,4,0,41.0,3,0,3,5,1,2,0,1,1,2,5.0,1,577
1573,2,1,16.0,5,0,0,3,2,4,5,2,1,2,3.0,1,577
1574,0,1,36.0,0,6,3,5,1,2,0,1,1,2,6.0,1,577
1575,7,1,85.0,4,0,0,2,1,6,0,1,3,0,6.0,1,578
1576,0,0,21.22045348140812,5,0,0,2,1,6,0,1,1,2,20.909185477271972,1,578
1577,0,0,80.02488298944452,4,4,0,3,1,4,0,1,3,0,8.0,1,579
1578,2,1,14.762348547656385,5,0,0,2,2,3,5,2,0,0,0.0,0,580
1579,1,1,44.484748670463716,0,1,0,2,1,6,0,1,1,2,12.0,1,580
1580,2,1,7.865203261406642,5,3,0,3,2,1,3,2,0,0,0.0,0,581
1581,2,0,1.9656940479227092,5,0,0,0,0,0,0,0,0,0,0.0,0,581
1582,0,1,32.0,5,0,3,1,1,6,0,1,1,2,7.0,1,582
1583,7,0,22.052271759195925,5,0,0,2,1,6,0,1,1,2,10.699946106076922,1,582
1584,2,0,10.133379732008116,5,7,0,2,2,1,3,2,0,0,0.0,0,582
1585,0,0,30.0,0,1,0,2,1,6,0,1,1,2,17.0,1,583
1586,0,0,50.06390879015652,3,5,2,3,1,9,0,1,1,2,7.0,1,583
1587,2,0,21.0,5,4,0,2,1,0,0,1,1,2,7.0,1,584
1588,0,0,27.972008069838843,5,0,3,3,1,6,0,1,1,2,5.0,1,585
1589,1,1,37.83358196290696,0,4,3,4,1,9,0,1,1,2,5.0,1,585
1590,5,1,12.0,5,1,0,2,2,2,4,3,0,0,0.0,0,585
1591,2,1,14.170638650100232,5,0,0,2,2,2,5,2,0,0,0.0,0,585
1592,0,1,79.6903987943077,4,0,0,2,1,6,0,1,3,0,5.0,2,586
1593,0,0,22.505456985117032,5,7,0,2,1,6,0,1,1,2,6.0,1,586
1594,2,1,14.9133179530089,5,7,3,3,2,2,5,2,0,0,0.0,0,586
1595,0,0,43.0,0,6,0,3,2,7,6,2,1,2,16.12529484464948,1,586
1596,0,1,52.71130848332529,3,1,0,2,1,6,0,1,1,2,20.042442573475075,1,586
1597,6,0,32.875288838114706,0,0,2,1,1,6,0,1,1,2,0.0,1,586
1598,1,1,43.88579467264816,0,6,0,3,1,6,0,1,3,0,7.0,1,587
1599,2,0,33.81342403254968,5,0,0,3,1,10,0,1,1,2,32.436406845126946,1,587
1600,2,0,55.83666203705809,5,0,0,2,1,7,0,1,1,2,6.0,1,587
1601,0,0,28.097173073526182,2,0,0,2,1,6,0,1,1,1,29.67709414843506,1,588
1602,0,0,37.25789381068597,0,0,0,2,1,6,0,1,2,2,28.287220949189777,1,588
1603,2,0,43.91344646879974,5,0,0,2,1,6,0,1,3,2,1.0,1,589
1604,2,1,15.129130363651404,5,0,0,2,2,3,5,2,0,0,0.0,0,590
1605,4,0,33.96512542717206,0,6,3,4,1,6,0,1,1,2,17.0,1,590
1606,0,1,49.0,3,0,0,2,1,8,0,1,3,2,5.0,2,590
1607,2,0,12.0,5,0,0,2,2,2,4,2,0,0,0.0,0,590
1608,0,1,23.00155828090717,3,7,2,3,1,6,0,1,1,2,3.0,1,590
1609,0,0,48.05550154509909,0,0,0,3,1,6,0,1,3,2,5.0,1,591
1610,7,0,36.0,3,0,0,2,1,8,0,1,1,2,17.0,1,592
1611,2,1,19.73173650997926,5,5,0,2,2,7,6,2,1,2,2.0,1,592
1612,2,1,27.16528935608998,4,0,0,2,1,9,0,1,3,2,1.0566975025246432,1,593
1613,4,0,16.0,5,0,3,2,2,6,5,2,3,0,0.0,1,593
1614,1,1,49.55941427624682,0,0,0,2,1,10,0,1,3,0,0.0,1,594
1615,1,1,40.8158538887101,0,0,0,2,1,8,0,1,3,0,0.0,1,594
1616,1,1,46.084990131752186,0,0,3,2,1,9,0,1,1,1,6.0,1,594
1617,0,0,61.70050811557266,0,0,0,2,1,8,0,1,3,2,87.64162793433434,1,594
1618,2,0,15.107536618835962,5,0,0,2,2,3,5,2,0,0,1.0,0,594
1619,0,0,74.35896977402955,0,0,0,2,1,7,0,1,3,0,13.0,1,594
1620,0,0,62.984847238610705,0,1,0,2,1,9,0,1,3,2,30.2458942289151,1,594
1621,2,1,10.65725683893864,5,5,0,3,2,2,4,2,0,0,0.0,0,595
1622,2,1,14.771087886373564,5,5,2,4,2,3,5,2,0,0,0.0,0,595
1623,7,0,33.869055094022066,1,6,0,3,1,2,0,1,3,2,0.0,1,596
1624,0,0,50.90058757248014,0,6,2,5,1,0,0,1,3,2,5.0,1,597
1625,2,0,3.0014090617861586,5,1,0,0,2,1,1,2,0,0,0.0,0,597
1626,7,1,25.90537964739205,0,6,3,2,1,2,0,1,3,2,0.0,1,597
1627,0,1,34.994796489394886,0,6,2,4,2,7,6,2,2,0,5.0,1,598
1628,2,1,11.0,5,5,0,3,2,2,4,2,0,0,0.0,0,598
1629,1,1,39.9543820825092,0,0,0,2,1,9,0,1,1,2,42.32237057558935,1,598
1630,2,0,2.9682453460174862,5,0,0,0,1,0,0,1,0,0,0.0,0,598
1631,1,1,52.0,0,0,3,1,1,6,0,1,3,0,0.0,1,599
1632,2,1,21.814150685575946,1,6,3,4,2,7,6,2,3,0,0.0,1,599
1633,1,1,43.73000163435307,0,5,3,3,1,9,0,1,3,0,0.0,1,599
1634,3,1,65.26013129457306,3,6,0,2,1,6,0,1,3,0,0.0,1,599
1635,2,0,4.069150562056251,5,6,0,0,1,0,0,1,0,0,0.0,0,599
1636,0,0,42.20121241009505,0,1,0,2,1,7,0,1,1,2,13.565052511868362,1,600
1637,2,1,10.51990817626717,5,0,0,2,2,1,4,2,0,0,0.0,0,601
1638,0,0,43.804955677058,0,0,2,4,1,3,0,1,1,2,9.0,1,602
1639,2,0,5.806707631527932,5,6,0,4,2,1,2,2,0,0,0.0,0,602
1640,2,1,15.112637699164994,5,6,0,3,2,4,5,2,0,0,0.0,0,602
1641,5,1,1.9687271438311102,5,0,0,0,0,0,0,0,0,0,0.0,0,603
1642,1,1,60.12010704675295,0,0,0,2,1,4,0,1,3,2,0.0,1,604
1643,2,1,4.015024248958018,5,0,0,0,2,0,1,2,0,0,0.0,0,605
1644,0,1,32.55818297861723,0,6,3,1,1,2,0,1,3,2,3.0,1,605
1645,1,1,50.64365621284372,0,0,0,2,1,10,0,1,3,0,0.0,1,605
1646,0,0,29.0,0,0,0,2,1,7,0,1,1,2,28.02217714309994,1,605
1647,0,0,44.19202289256536,0,0,0,2,1,7,0,1,3,2,35.687066793584535,1,605
1648,2,0,4.93204284159153,5,6,0,4,1,0,0,1,0,0,0.0,0,606
1649,1,1,46.286761589988224,0,5,2,3,1,6,0,1,1,2,8.0,1,606
1650,2,1,21.0,5,1,0,2,1,6,0,1,1,2,13.0,2,606
1651,0,0,75.24784791667473,0,0,3,5,1,0,0,1,3,0,3.0,1,606
1652,5,0,2.0213583267407125,5,1,0,0,0,0,0,0,0,0,0.0,0,606
1653,7,1,21.0,5,0,0,2,1,7,0,1,1,2,6.0,1,606
1654,2,0,1.0,5,7,0,0,0,0,0,0,0,0,0.0,0,607
1655,2,0,8.358155153595922,5,6,0,3,2,1,3,2,0,0,0.0,0,607
1656,0,1,41.0,5,0,0,2,1,8,0,1,1,2,17.0,1,607
1657,0,0,34.24863893254694,3,1,0,2,1,6,0,1,1,2,34.90447202875364,1,607
1658,7,0,46.63052732726953,5,0,0,2,1,0,0,1,3,2,4.0,2,608
1659,1,1,55.81045396615037,0,0,0,2,1,6,0,1,3,0,2.0,1,609
1660,0,0,85.0,4,0,0,2,1,9,0,1,3,0,13.0,1,609
1661,2,1,8.672503645014736,5,1,0,2,2,1,3,2,0,0,0.0,0,610
1662,1,1,58.25999020273925,0,3,3,4,2,6,5,2,1,2,0.0,1,610
1663,1,1,29.0,0,6,3,3,1,6,0,1,3,2,0.0,1,610
1664,0,1,63.60961392817591,5,0,0,2,1,6,0,1,3,0,4.0,1,610
1665,2,1,14.0,5,7,0,2,2,2,5,2,0,0,0.0,0,610
1666,0,0,52.0,0,0,0,2,1,9,0,1,3,0,21.13031851815411,1,611
1667,0,0,77.1106420024118,0,0,2,4,1,2,0,1,3,0,5.0,1,611
1668,0,0,40.0,0,5,2,3,1,9,0,1,1,2,15.0,1,611
1669,7,1,23.237412426085886,5,1,0,2,2,7,6,2,1,2,9.900679195733932,1,611
1670,7,0,25.954265898539308,3,0,0,3,1,7,0,1,3,2,0.0,1,612
1671,7,0,78.15012092068632,4,4,0,2,1,6,0,1,3,1,8.0,1,612
1672,0,0,32.0,5,0,0,2,1,6,0,1,1,1,11.120593816336552,2,612
1673,0,0,43.50466902684301,5,0,0,2,1,6,0,1,1,2,21.96960865677025,1,612
1674,2,0,45.15354376850967,3,2,0,2,1,6,0,1,1,2,10.98788293495424,1,612
1675,7,0,24.594887710741936,5,0,0,2,2,7,6,2,1,2,7.0,1,613
1676,2,0,19.0,5,0,0,2,2,6,6,2,3,2,1.0,1,614
1677,1,1,43.03412802783277,0,6,3,1,1,3,0,1,2,0,0.0,2,614
1678,2,1,16.0,5,4,3,3,2,4,5,3,3,0,0.0,1,614
1679,0,0,27.702243830741192,5,0,3,3,1,6,0,1,1,2,5.0,1,615
1680,0,0,23.683028817208502,0,1,0,2,1,6,0,1,1,2,10.0,1,616
1681,0,1,43.0,3,0,2,3,1,9,0,1,1,2,36.58838243698354,1,616
1682,0,0,41.94996478133751,0,3,0,2,1,9,0,1,1,2,19.067210747737555,1,617
1683,0,0,33.08370279195558,0,6,0,3,1,6,0,1,1,2,11.54221418514126,1,617
1684,1,0,27.81863576521806,0,0,0,2,1,6,0,1,1,2,12.619849288722472,1,618
1685,0,1,41.0,3,0,0,2,1,6,0,1,1,2,19.75916297596106,2,618
1686,2,1,14.0,5,7,3,3,2,2,4,2,0,0,0.0,0,618
1687,0,0,52.0,3,0,0,2,1,7,0,1,1,2,17.993676763872095,1,619
1688,7,0,34.42952734481709,5,0,0,2,1,6,0,1,1,2,9.07240851402745,1,620
1689,0,0,46.15316966563199,1,0,0,2,1,9,0,1,1,2,49.93764605978208,1,620
1690,2,1,14.0,5,0,1,3,2,2,5,2,0,0,0.0,0,621
1691,7,0,47.02735112461324,2,0,3,5,1,2,0,1,1,2,11.48118329347985,1,622
1692,2,0,14.0,5,1,0,2,2,2,4,2,0,0,0.0,0,623
1693,0,1,43.0,0,4,0,2,1,9,0,1,1,2,18.23114477031904,1,624
1694,5,1,14.777801850793356,5,1,0,2,2,3,5,2,0,0,0.0,0,625
1695,1,1,38.10414017814503,0,0,0,2,1,9,0,1,1,2,13.0,1,626
1696,2,1,12.22339639289444,5,0,0,2,2,2,4,2,0,0,0.0,0,626
1697,2,1,11.179286224311614,5,0,0,2,2,2,4,3,0,0,0.0,0,626
1698,1,1,23.786753375038767,0,1,0,2,1,8,0,1,1,2,4.937224253243808,1,626
1699,1,1,66.53570324732421,0,0,0,2,1,6,0,1,3,0,2.0,1,626
1700,1,1,39.93490255979738,0,0,0,2,1,10,0,1,3,2,0.0,1,627
1701,0,1,62.84584160883809,0,0,3,2,1,6,0,1,1,2,12.0,1,627
1702,2,0,1.0,5,0,0,0,0,0,0,0,0,0,0.0,0,628
1703,1,1,46.98032475250809,0,3,0,2,1,9,0,1,1,2,4.0,1,628
1704,1,1,45.0,0,0,0,2,1,8,0,1,1,2,15.932777885279318,1,628
1705,2,0,12.0,5,0,0,2,2,2,4,2,0,0,0.0,0,629
1706,0,0,52.935372390164225,2,0,0,2,1,6,0,1,1,2,48.51207509937571,1,629
1707,0,0,21.0,5,0,0,3,1,6,0,1,1,2,15.0,1,629
1708,7,0,29.954323306202543,5,0,0,1,1,6,0,1,3,0,3.0,2,629
1709,2,1,11.0,5,1,0,2,2,2,4,2,0,0,0.0,0,629
1710,1,1,30.0,0,0,0,2,1,8,0,1,3,2,6.0,1,630
1711,2,1,15.0170829090327,5,6,0,2,2,3,5,2,0,0,0.0,0,630
1712,0,0,58.63484073677562,0,0,0,3,1,10,0,1,1,2,24.86973614564606,1,630
1713,1,1,49.81956601478279,0,5,3,4,1,9,0,1,3,0,0.0,1,630
1714,1,1,47.9021083975382,0,0,0,2,1,9,0,1,1,2,33.49406725738059,1,631
1715,2,0,12.97443699245662,5,6,3,4,2,2,4,2,0,0,0.0,0,631
1716,7,1,12.0,5,0,3,1,1,2,0,1,0,0,0.0,0,631
1717,0,0,55.1010776331813,0,0,0,3,1,9,0,1,1,2,42.354569318366025,1,631
1718,2,0,14.84624900326218,5,0,0,2,2,2,5,2,0,0,0.0,0,631
1719,2,1,6.960617223679827,5,0,2,2,2,1,3,3,0,0,0.0,0,631
1720,7,0,20.149240521528313,5,0,0,2,1,6,0,1,1,2,6.0,1,632
1721,0,0,49.0,3,1,0,2,2,7,6,2,1,2,5.0,1,633
1722,2,0,9.0,5,6,0,3,2,2,4,2,0,0,0.0,0,634
1723,2,0,13.166624982382368,5,0,1,3,2,2,4,2,0,0,0.0,0,634
1724,1,1,40.0,0,5,3,4,1,7,0,1,1,2,6.0,1,634
1725,2,1,17.038858736199067,5,0,0,2,2,5,5,2,3,0,0.0,1,634
1726,0,0,36.679186477087505,5,0,0,2,1,8,0,1,1,2,27.512130108735377,1,634
1727,2,1,10.837282568867554,5,4,0,3,2,2,4,2,0,0,0.0,0,635
1728,7,1,38.945454635639855,5,6,2,4,1,3,0,1,3,2,5.0,1,635
1729,7,0,30.536924195181086,5,0,0,2,1,5,0,1,1,1,17.0,1,635
1730,0,0,35.273359027745606,0,0,3,5,1,2,0,1,3,0,6.0,1,635
1731,1,0,52.092174959312274,0,4,3,3,1,6,0,1,1,2,40.152132571565964,1,635
1732,1,1,23.854592229069794,0,1,0,2,1,8,0,1,1,2,4.677195984828855,1,635
1733,0,1,28.04610843307689,2,1,0,2,2,6,6,2,3,2,10.0,1,636
1734,4,1,22.9117146294927,5,6,0,4,1,6,0,1,2,2,0.0,1,636
1735,0,0,51.40250640796202,0,3,2,3,1,10,0,1,1,2,99.0,1,636
1736,0,0,38.204592891541225,0,7,0,3,1,6,0,1,1,1,98.99989463371041,2,636
1737,0,1,54.63541922357582,4,0,0,2,1,6,0,1,3,0,1.0,1,637
1738,3,1,52.995581948104494,0,6,3,5,1,0,0,1,2,2,4.0,2,638
1739,0,0,40.0,0,6,3,1,1,0,0,1,3,2,5.0,1,638
1740,2,0,11.0,5,6,0,3,2,2,4,2,0,0,0.0,0,638
1741,7,1,39.026143615402695,5,6,2,4,1,3,0,1,3,2,5.0,1,639
1742,2,1,6.0032166754674305,5,0,0,4,2,0,3,2,0,0,0.0,0,640
1743,2,0,17.218783843318434,5,6,0,3,2,5,5,2,1,2,1.0,1,641
1744,1,1,41.933655032653796,0,6,0,2,1,2,0,1,3,0,0.0,2,641
1745,0,0,52.0,0,0,0,2,2,6,6,2,2,2,35.32622022057785,1,641
1746,0,1,20.177065525631892,5,0,0,4,1,6,0,1,1,2,12.0,1,642
1747,0,0,30.0,0,0,0,2,1,8,0,1,1,1,9.0,1,643
1748,1,1,45.60570629163581,0,7,0,2,1,10,0,1,2,2,0.0,1,643
1749,1,1,43.0,0,0,0,2,1,7,0,1,1,2,7.0,1,643
1750,0,0,39.00117029801717,3,1,0,2,2,8,6,3,1,2,42.1710639170837,1,644
1751,0,1,46.273490078868015,2,6,2,4,1,2,0,1,1,2,3.0,1,644
1752,1,1,64.82797554585493,0,0,0,2,1,10,0,1,1,2,6.0,1,644
1753,1,1,56.30341636149459,0,0,0,2,1,8,0,1,3,0,0.0,1,645
1754,1,1,68.95408189102845,0,0,2,3,1,6,0,1,3,0,2.0,1,645
1755,7,1,23.909284889982267,5,0,0,2,2,8,6,2,1,2,2.0,1,646
1756,7,1,30.0,5,0,0,3,1,8,0,1,1,2,15.0,1,646
1757,1,0,25.026910923188808,0,0,0,2,1,6,0,1,1,2,10.0,1,646
1758,0,1,83.05799922335599,4,0,0,4,1,2,0,1,3,0,13.95616453119763,1,647
1759,0,1,77.02315824581778,3,0,0,2,1,9,0,1,3,0,7.0,1,647
1760,2,1,19.0,5,0,0,3,2,6,6,2,2,0,0.0,1,647
1761,2,0,11.568341595950647,5,6,0,3,2,2,4,2,0,0,0.0,0,648
1762,7,1,1.0,5,1,0,0,0,0,0,0,0,0,0.0,0,649
1763,2,0,19.0,5,6,0,2,2,6,6,2,3,2,2.0,1,650
1764,4,0,22.844496544633266,3,0,3,5,1,3,0,1,1,2,4.0,1,650
1765,3,1,80.85348955876336,4,0,0,2,1,10,0,1,3,0,16.208904695671634,2,651
1766,2,0,51.05645839238267,3,0,0,2,1,6,0,1,1,2,10.0,1,651
1767,0,0,49.0,3,1,0,2,2,7,6,2,1,2,5.0,1,652
1768,4,1,75.60931533074252,5,0,0,2,1,7,0,1,3,0,7.0,1,653
1769,0,0,21.969956174904357,5,0,0,2,1,6,0,1,1,2,9.0,1,653
1770,2,0,14.0,5,0,0,2,2,3,5,2,0,0,0.0,0,653
1771,2,0,1.0,5,1,0,0,0,0,0,0,0,0,0.0,0,653
1772,0,0,36.0,5,0,0,2,1,5,0,1,3,0,4.0,1,653
1773,0,1,80.85500322883422,4,0,0,2,1,10,0,1,3,0,17.86339116782993,2,654
1774,1,1,32.0,0,0,0,2,1,6,0,1,3,2,0.0,1,654
1775,5,1,2.0387377602745658,5,0,0,0,0,0,0,0,0,0,0.0,0,654
1776,0,1,85.0,0,0,0,2,1,6,0,1,3,0,9.0,1,654
1777,1,1,28.202900779542126,0,0,0,2,1,10,0,1,1,2,21.050040218874724,1,655
1778,7,0,26.283630569812292,5,0,0,2,1,9,0,1,1,2,98.99989524554158,1,655
1779,0,1,74.89786357370338,3,2,0,2,1,8,0,1,3,0,4.0,1,656
1780,2,1,9.0,5,0,0,2,2,1,3,2,0,0,0.0,0,657
1781,1,1,52.327790054084204,0,0,0,2,1,10,0,1,1,2,25.05491466998096,1,658
1782,2,1,11.326904210663555,5,6,0,3,2,2,4,2,0,0,0.0,0,658
1783,2,1,7.928217703892016,5,0,0,3,2,1,3,2,0,0,0.0,0,659
1784,2,0,5.948828065216185,5,0,0,2,2,0,2,2,0,0,0.0,0,659
1785,2,0,5.586200723216139,5,6,0,3,2,1,2,2,0,0,0.0,0,659
1786,2,0,5.047174573457251,5,0,0,5,2,0,2,2,0,0,0.0,0,659
1787,3,1,85.0,4,0,0,2,1,3,0,1,3,0,13.0,2,660
1788,2,1,18.057605603678365,5,6,0,3,2,6,5,2,2,2,1.0,1,661
1789,0,1,64.75143652670823,2,0,0,2,1,6,0,1,3,1,4.0,1,661
1790,2,1,19.0,5,0,0,2,2,7,6,2,1,2,10.0,1,661
1791,0,0,41.0,3,0,0,2,1,6,0,1,1,1,15.795082904763944,2,661
1792,0,0,44.094868143257884,0,0,3,3,1,7,0,1,1,2,5.0,1,661
1793,4,0,22.6087265991977,5,6,3,5,1,6,0,1,3,2,4.0,1,661
1794,4,1,73.54764367117792,4,0,0,2,1,4,0,1,3,0,8.0,1,661
1795,0,1,67.93319246514868,3,6,3,1,1,2,0,1,3,2,5.0,1,661
1796,5,0,1.9620605419071757,5,1,0,0,0,0,0,0,0,0,0.0,0,662
1797,0,0,22.209972671957214,5,0,0,2,1,6,0,1,1,2,9.000703048405917,1,662
1798,0,0,23.88697303892295,0,1,0,2,1,6,0,1,1,2,0.0,2,662
1799,3,1,75.93051967062473,4,0,0,3,1,3,0,1,3,2,5.0,1,662
1800,0,1,63.32755159193802,0,0,3,2,1,6,0,1,1,2,12.0,1,663
1801,2,1,18.101560443801176,5,6,3,4,2,5,5,2,3,0,0.0,1,663
1802,2,0,6.039424115724853,5,5,0,3,2,1,3,2,0,0,0.0,0,663
1803,2,0,52.06170462342606,0,6,3,0,1,0,0,1,3,1,2.466866581086211,1,663
1804,0,0,38.22883618301004,0,5,1,2,2,9,6,2,3,2,6.0,1,664
1805,0,0,49.0,5,6,0,3,1,7,0,1,3,0,0.0,1,664
1806,2,1,23.164199972551717,5,5,0,3,2,7,6,2,1,2,4.0,1,665
1807,2,0,1.0,5,0,0,0,0,0,0,0,0,0,0.0,0,666
1808,1,1,36.0,0,0,0,2,1,9,0,1,1,2,26.935224031024546,1,666
1809,2,0,14.596146114823767,5,0,0,2,2,3,5,2,0,0,1.0,0,666
1810,7,1,25.92422038264102,0,6,3,2,1,2,0,1,3,2,0.0,1,666
1811,0,0,46.98312028203305,0,0,2,2,1,9,0,1,1,2,50.26569738865455,1,666
1812,7,0,43.0,5,0,1,2,1,0,0,1,3,2,1.0,2,666
1813,2,1,2.001784806848574,5,0,0,0,0,0,0,0,0,0,0.0,0,667
1814,7,0,34.33629833060701,5,0,0,2,1,6,0,1,1,1,15.0,1,668
1815,2,1,21.0,5,0,0,3,2,7,6,2,1,2,1.0,2,669
1816,2,0,18.454049706909903,5,6,0,3,1,6,0,1,3,0,0.0,1,669
1817,2,1,34.80390727068494,3,0,0,2,1,6,0,1,3,0,0.0,1,670
1818,0,1,59.576378044064,3,0,0,2,1,6,0,1,2,2,4.0,1,670
1819,0,0,28.26229484968263,5,0,0,2,1,7,0,1,1,2,17.0,1,671
1820,7,0,58.69803604290199,5,0,0,2,1,6,0,1,3,1,0.0,1,672
1821,7,0,36.38437590873523,5,0,0,2,1,6,0,1,1,2,8.0,1,673
1822,1,1,46.75068925773261,0,0,0,2,2,6,6,2,3,0,12.163051635864841,2,673
1823,0,0,28.495530544317123,5,0,0,2,1,7,0,1,1,2,16.87665411765848,1,674
1824,0,1,64.37800927763573,3,0,0,2,1,9,0,1,3,2,18.879550378347474,1,675
1825,2,1,30.62824273958703,3,0,0,2,1,9,0,1,1,2,13.0,1,675
1826,1,1,41.0,0,6,3,2,1,5,0,1,1,2,8.0,1,676
1827,0,0,39.98275392203204,0,6,3,1,1,0,0,1,3,2,5.0,1,676
1828,3,1,67.59735280935944,4,3,3,5,1,6,0,1,3,0,0.0,1,676
1829,1,1,37.78903031438977,0,3,2,4,1,6,0,1,1,2,15.0,1,676
1830,0,1,56.15314878756839,4,1,0,2,1,10,0,1,1,2,19.14344677479263,1,677
1831,0,0,46.252045082705656,0,0,0,2,1,6,0,1,1,2,21.29708960688442,1,677
1832,2,0,14.0,5,0,0,2,2,3,5,2,0,0,0.0,0,677
1833,2,1,29.0,5,6,2,3,1,6,0,1,1,2,9.0,1,678
1834,2,0,1.0,5,6,0,0,0,0,0,0,0,0,0.0,0,679
1835,2,0,30.0,5,7,0,2,1,6,0,1,2,2,5.0,1,679
1836,2,1,11.016227462846153,5,0,0,2,2,2,4,3,0,0,0.0,0,680
1837,6,0,9.0,5,6,0,3,2,0,3,2,0,0,0.0,0,680
1838,0,0,49.0,5,6,0,3,1,7,0,1,3,0,0.0,1,680
1839,1,0,22.94130565259494,0,6,3,3,1,2,0,1,1,2,2.0,1,680
1840,2,1,1.989076974426622,5,0,0,0,0,0,0,0,0,0,0.0,0,681
1841,2,1,12.0,5,0,0,3,2,2,4,2,0,0,0.0,0,681
1842,7,0,31.52330730985638,5,0,0,2,1,6,0,1,1,2,13.0,1,681
1843,0,0,41.0,3,0,0,2,1,6,0,1,1,1,15.770782764063473,2,681
1844,1,1,29.152793174163303,0,0,0,2,1,6,0,1,1,2,1.0,1,681
1845,1,1,69.81660117760848,0,0,2,2,1,6,0,1,1,2,5.0,1,681
1846,7,1,41.0,5,5,3,4,1,6,0,1,3,2,0.0,1,682
1847,0,1,72.58492103939051,4,0,0,2,1,7,0,1,3,0,12.39345695022239,1,683
1848,1,1,39.42926326761752,0,0,1,2,1,8,0,1,1,2,21.974718776763147,1,683
1849,2,0,9.156103485921912e-06,5,0,0,0,0,0,0,0,0,0,0.0,0,683
1850,0,0,53.7483182968425,0,0,0,2,1,10,0,1,1,2,44.86674233833227,1,683
1851,1,1,49.508731551406576,0,0,0,2,1,9,0,1,3,0,0.0,1,683
1852,1,0,41.0,0,0,3,5,1,2,0,1,3,0,5.0,1,683
1853,0,0,50.28270515557529,5,0,0,2,1,7,0,1,1,2,17.0,1,684
1854,0,0,71.80481813142865,0,7,0,2,1,9,0,1,3,2,32.6895659270421,1,684
1855,2,1,2.9541093850487843,5,0,0,0,2,0,1,2,0,0,0.0,0,684
1856,0,0,47.37133635371143,3,0,0,2,1,6,0,1,1,1,25.027303085626045,1,684
1857,0,1,37.04889927606921,5,0,0,2,1,6,0,1,1,2,3.0,1,685
1858,2,0,7.9933597499006845,5,0,0,3,2,1,3,2,0,0,0.0,0,685
1859,3,1,72.33480545073232,4,1,0,2,1,4,0,1,1,1,7.0,1,685
1860,1,1,37.71331168034584,0,6,0,3,1,6,0,1,1,2,10.863390893240124,1,686
1861,1,1,42.10125007483291,0,6,0,2,1,2,0,1,3,0,0.0,2,686
1862,0,0,49.81089583273712,0,6,2,5,1,2,0,1,1,2,7.0,1,686
1863,2,0,14.0,5,0,0,3,2,4,5,2,0,0,0.0,0,687
1864,2,1,15.000152434579237,5,0,0,2,2,3,5,2,0,0,0.0,0,687
1865,1,1,49.0,0,5,2,4,1,2,0,1,1,2,4.0,1,687
1866,1,1,35.77913523580039,0,0,3,3,1,6,0,1,3,2,4.0,1,687
1867,6,0,34.63248238152256,5,1,0,2,1,3,0,1,1,2,0.0,1,688
1868,0,1,30.0,5,0,0,2,1,6,0,1,1,1,10.830524497247664,1,689
1869,1,1,85.0,0,0,0,2,1,9,0,1,3,0,25.98607166270616,2,689
1870,0,0,53.956604715569455,0,1,0,2,1,7,0,1,1,2,15.0,1,689
1871,4,1,57.90683874106028,3,0,0,2,1,4,0,1,3,2,5.0,1,689
1872,1,1,46.22246226281411,0,0,0,3,2,7,6,2,1,1,1.0,2,690
1873,2,0,3.0006366068847306,5,0,0,0,1,0,0,1,0,0,0.0,0,691
1874,0,0,48.05404100024832,3,0,0,2,1,6,0,1,1,2,20.06031107448428,2,692
1875,2,0,3.967101429709193,5,1,0,0,1,0,0,1,0,0,0.0,0,693
1876,1,1,33.0735551424517,0,6,2,3,1,5,0,1,1,2,0.0,2,693
1877,1,1,36.0,0,0,3,1,1,3,0,1,1,2,10.0,1,693
1878,2,1,1.9420613215372495,5,0,0,0,0,0,0,0,0,0,0.0,0,693
1879,0,0,49.0,0,0,0,2,1,7,0,1,1,2,41.60116989388665,1,693
1880,1,0,85.0,0,2,0,3,1,0,0,1,3,1,6.0,1,694
1881,0,0,52.0,0,0,0,2,2,6,6,2,2,2,36.96427658303458,1,694
1882,2,0,12.0,5,0,0,2,2,2,4,2,0,0,0.0,0,695
1883,7,0,22.403286263747166,5,0,0,2,1,6,0,1,1,2,13.913282465761212,1,695
1884,6,0,69.79049545628837,4,0,0,2,1,7,0,1,3,1,4.0,1,695
1885,1,1,24.26451628562257,0,6,0,3,1,6,0,1,1,2,9.0,1,695
1886,1,1,42.97743063757739,0,7,0,2,1,7,0,1,1,2,30.477464196859035,1,696
1887,0,1,64.47216090349305,5,0,2,4,1,10,0,1,1,2,19.872324732040234,2,696
1888,2,1,19.529835296288358,5,1,0,2,1,6,0,1,3,2,7.0,1,696
1889,0,0,30.0,0,0,3,2,1,9,0,1,1,2,99.0,1,697
1890,0,0,44.07924567958551,0,7,0,2,1,6,0,1,1,2,17.0,1,697
1891,7,0,32.67482862658453,5,6,3,4,1,6,0,1,1,2,9.0,1,698
1892,0,0,40.0,0,5,2,4,1,0,0,1,1,1,6.0,1,698
1893,1,1,30.0,0,0,0,2,1,8,0,1,3,2,6.0,1,698
1894,1,1,32.0,0,0,3,5,1,4,0,1,3,2,0.0,1,698
1895,2,0,45.93690999565202,4,0,0,2,1,6,0,1,1,2,15.0,2,698
1896,4,1,26.798482382243733,5,0,0,2,1,6,0,1,3,2,10.0,1,698
1897,0,0,61.643407858279865,0,0,2,5,1,6,0,1,3,0,3.0,1,699
1898,0,0,42.944361557293085,0,0,0,2,1,7,0,1,1,2,20.770451849967124,1,699
1899,2,0,19.0,5,0,0,2,1,6,0,1,1,2,8.0,1,699
1900,2,1,18.153046432053173,5,0,0,2,2,6,5,2,3,0,0.0,1,699
1901,0,1,63.87518912930747,5,0,0,2,1,6,0,1,3,0,4.0,1,700
1902,0,1,44.192318624675906,2,0,0,2,1,6,0,1,1,2,25.79227865410583,1,701
1903,0,0,22.054303128733093,5,0,0,2,1,6,0,1,1,2,9.0,1,702
1904,0,1,74.06151446511109,3,7,0,2,1,8,0,1,1,2,4.0,1,703
1905,2,0,41.0,5,0,0,3,1,7,0,1,1,2,8.0,1,703
1906,0,1,47.435991583186855,3,0,0,2,1,7,0,1,1,2,5.0,1,704
1907,4,0,22.97072443898298,5,6,3,5,1,6,0,1,3,2,4.0,1,704
1908,2,0,27.152302865878255,5,0,3,4,1,9,0,1,1,2,36.717454313522985,1,705
1909,1,1,47.04176217965249,0,3,0,2,1,9,0,1,1,2,4.0,1,705
1910,0,1,35.86712084931088,5,0,0,2,1,6,0,1,3,2,6.0,2,705
1911,2,1,14.0,5,1,0,2,2,2,5,3,0,0,0.0,0,705
1912,5,0,14.981086845175602,5,1,0,2,2,3,5,2,0,0,0.0,0,705
1913,1,1,49.0,0,0,3,1,1,2,0,1,1,2,6.0,1,706
1914,2,1,1.9985482045138245,5,0,0,0,0,0,0,0,0,0,0.0,0,706
1915,2,1,17.83232327134439,5,6,0,3,1,3,0,1,3,0,0.0,1,706
1916,1,1,30.0,0,0,0,2,1,8,0,1,3,2,6.0,1,706
1917,2,0,17.92881956121716,0,6,0,3,1,0,0,1,1,2,6.0,1,707
1918,2,0,34.15624170243113,0,6,0,2,1,9,0,1,1,2,17.0,1,707
1919,6,0,19.0,5,1,0,2,1,6,0,1,1,2,5.0,1,707
1920,1,1,49.88991150918142,0,3,0,2,1,9,0,1,3,0,0.0,1,708
1921,1,1,48.03428157968693,0,0,0,2,1,8,0,1,1,1,15.0,1,708
1922,0,1,29.0,5,0,0,2,1,9,0,1,1,2,14.36045619842179,1,709
1923,2,1,29.0,5,6,2,3,1,6,0,1,1,2,9.0,1,709
1924,7,1,36.75704386876282,5,0,3,3,1,6,0,1,1,2,12.0,1,709
1925,2,0,7.918326796770669,5,0,0,5,2,1,3,3,0,0,0.0,0,709
1926,2,1,12.0,5,0,0,2,2,2,4,2,0,0,0.0,0,709
1927,2,1,9.61939143678265,5,0,0,2,2,1,3,2,0,0,0.0,0,710
1928,4,1,22.914995214232594,5,0,3,5,1,3,0,1,3,0,0.0,1,710
1929,0,0,29.0,0,0,0,2,1,7,0,1,1,2,28.63897512693571,1,710
1930,1,1,66.87584570503302,0,0,0,2,1,6,0,1,3,0,2.0371483069046215,1,710
1931,1,1,41.0,0,0,0,2,1,6,0,1,1,2,12.0,1,710
1932,7,0,54.36864247617084,5,0,0,2,1,0,0,1,3,0,3.0,2,711
1933,1,1,41.0,0,0,0,2,1,6,0,1,1,2,12.0,1,711
1934,2,0,8.478682754665126,5,0,0,2,2,1,3,2,0,0,0.0,0,711
1935,0,1,34.811341269727656,5,1,0,2,1,6,0,1,1,2,2.0,1,711
1936,7,0,19.648669837101814,5,0,0,5,1,2,0,1,1,2,0.0,1,712
1937,2,1,14.606120466849653,5,0,0,2,2,2,5,2,0,0,0.0,0,713
1938,7,1,79.27945960028964,1,0,0,2,1,6,0,1,3,2,0.0,2,714
1939,0,0,47.03708948495403,0,0,0,3,1,6,0,1,1,2,20.86783901279882,1,715
1940,1,0,55.46828869289988,0,0,2,2,1,0,0,1,1,2,12.0,1,716
1941,2,0,5.691701013851833,5,0,0,2,2,0,2,3,0,0,0.0,0,716
1942,7,0,18.12777219691567,2,5,0,3,2,7,6,3,3,0,0.0,1,716
1943,1,1,37.06027090384143,0,6,2,4,1,6,0,1,3,0,0.0,1,716
1944,7,0,21.0,1,4,0,3,2,7,6,2,2,2,0.0,1,717
1945,0,0,32.0,5,0,3,3,2,7,6,2,1,2,19.01906744453542,1,718
1946,4,0,20.05089471525957,5,6,0,3,1,5,0,1,1,2,8.0,1,718
1947,2,0,14.665274883412614,5,6,0,3,2,3,5,2,0,0,0.0,0,718
1948,1,0,36.67955735245217,0,0,0,2,1,4,0,1,1,2,9.0,1,719
1949,2,0,17.848929868369613,5,0,0,2,1,6,0,1,1,2,1.0,2,719
1950,1,1,48.04399964027047,0,1,0,2,1,6,0,1,1,2,37.162875494650514,1,719
1951,2,0,14.467942548422974,5,0,0,2,2,2,4,2,0,0,0.0,0,719
1952,7,0,30.0,1,1,0,2,1,6,0,1,1,2,1.0,1,719
1953,7,1,21.00018312230901,5,0,0,2,1,6,0,1,1,2,7.293013200061244,1,720
1954,0,1,48.21535957110019,0,0,0,2,1,6,0,1,3,0,4.0,1,720
1955,0,0,37.25311570236378,0,0,3,5,1,2,0,1,1,2,15.0,1,720
1956,2,0,39.038171852367675,5,0,0,2,1,5,0,1,3,0,0.0,1,721
1957,2,0,5.081392613195296,5,0,0,2,2,0,1,3,0,0,0.0,0,721
1958,0,1,55.25959668429908,4,0,0,2,1,7,0,1,1,1,15.0,1,722
1959,2,1,11.82923177060994,5,0,0,3,2,2,4,2,0,0,0.0,0,722
1960,1,1,43.91996180234996,0,3,0,2,1,8,0,1,1,2,13.84017318577932,2,722
1961,1,1,43.0,0,0,0,2,1,9,0,1,1,2,72.70804640554273,1,723
1962,1,1,48.705013158044615,0,0,0,2,1,9,0,1,1,1,3.0,1,723
1963,0,1,27.377723860744652,0,0,0,2,1,6,0,1,1,2,14.858012812595772,1,724
1964,0,0,32.01812735259823,0,0,0,2,1,9,0,1,1,2,99.0,1,724
1965,1,1,57.39054138937783,0,0,0,2,1,9,0,1,1,2,14.044794144509082,1,725
1966,1,1,27.544459057852603,0,1,0,2,1,8,0,1,1,2,4.0,1,725
1967,2,1,14.0,5,6,0,3,2,2,5,2,0,0,0.0,0,726
1968,2,0,4.000295842081177,5,0,0,0,2,1,2,2,0,0,0.0,0,727
1969,1,1,52.907837090633976,0,0,2,2,1,9,0,1,1,2,0.0,1,727
1970,7,1,23.306767556772257,5,1,0,2,2,7,6,2,1,2,10.0,1,727
1971,1,1,85.0,0,0,0,2,1,9,0,1,3,0,25.96061744917525,2,727
1972,0,0,34.59935746628022,0,7,0,4,1,8,0,1,2,2,2.0,1,728
1973,2,0,12.982827951154402,5,0,1,3,2,2,4,2,0,0,0.0,0,728
1974,2,1,24.999671438039172,5,5,0,2,1,6,0,1,1,2,10.0,1,728
1975,7,0,17.964538776779943,2,5,0,3,2,7,6,3,3,0,0.0,1,728
1976,1,1,47.52806122247915,0,0,0,2,1,9,0,1,1,2,34.04376654492524,1,729
1977,0,0,73.36126989256347,0,1,0,2,1,6,0,1,3,2,9.0,1,729
1978,2,0,3.997622572031963,5,1,0,0,1,0,0,1,0,0,0.0,0,729
1979,1,0,41.0,0,6,3,5,1,0,0,1,1,2,1.0,1,729
1980,1,1,46.001041361211264,0,6,0,2,1,1,0,1,3,0,0.0,1,729
1981,0,0,40.0,5,5,2,2,1,10,0,1,1,2,99.0,1,730
1982,0,0,64.15071667675824,0,0,0,2,1,3,0,1,3,2,12.852210125910227,1,731
1983,2,0,23.15421365062106,5,1,0,2,1,5,0,1,1,2,6.0,1,732
1984,0,0,27.96220844839499,5,7,0,2,1,9,0,1,1,1,22.460343399703316,1,732
1985,0,1,36.0,3,0,0,2,1,9,0,1,1,2,20.897997246850714,1,732
1986,2,0,7.851419088379974,5,0,0,5,2,1,3,3,0,0,0.0,0,733
1987,0,1,52.62623620882826,3,0,0,2,1,7,0,1,1,2,9.815232014960774,1,733
1988,0,0,43.0,0,7,2,3,1,6,0,1,1,2,15.0,1,733
1989,2,0,14.268809354482816,5,0,0,3,2,4,5,2,0,0,0.0,0,733
1990,1,1,39.70340623271233,0,0,0,2,1,6,0,1,1,2,7.0,1,733
1991,2,0,29.0,5,0,0,2,1,6,0,1,3,2,0.0,1,734
1992,6,0,32.941286696765445,3,6,2,4,1,4,0,1,3,0,3.0,1,734
1993,7,0,35.17460742443053,5,0,3,1,1,6,0,1,1,2,0.0,1,735
1994,7,1,47.08988079909727,5,0,0,3,1,7,0,1,3,0,3.0,1,735
1995,1,1,31.11733221704996,0,0,0,2,1,7,0,1,3,2,0.0,1,736
1996,0,0,52.337556359342315,0,1,0,2,1,7,0,1,1,2,15.0,1,737
1997,0,0,64.35008436316188,0,0,0,2,1,9,0,1,3,2,88.68419090489836,1,737
1998,3,0,66.9588395185663,1,0,2,4,1,1,0,1,3,0,0.0,1,738
1999,0,0,38.86032296919789,3,0,0,3,1,7,0,1,1,2,30.206391719187174,1,739
2000,2,1,7.8269977980038625,5,3,0,3,2,1,3,2,0,0,0.0,0,740
2001,2,1,5.172727333002408,5,0,0,4,2,0,2,2,0,0,0.0,0,740
2002,0,1,42.14983448934208,2,1,0,2,2,7,6,3,3,2,15.0,1,740
2003,2,1,18.231758044431153,5,3,0,3,2,5,5,2,3,0,0.0,1,740
2004,1,1,43.73398319319524,0,1,0,2,1,6,0,1,1,2,12.0,1,740
2005,5,1,5.923717564466391,5,1,0,2,2,0,3,2,0,0,0.0,0,740
2006,0,0,64.92104039844516,0,6,3,5,1,0,0,1,1,2,9.0,1,741
2007,2,1,0.0,5,0,0,0,0,0,0,0,0,0,0.0,0,742
2008,1,1,41.0,0,0,0,2,1,6,0,1,1,2,12.57531144983463,1,742
2009,0,1,30.0,3,0,0,2,1,7,0,1,1,1,8.0,1,743
2010,2,0,17.88109036753606,5,5,3,3,2,5,5,2,1,2,1.0,1,743
2011,3,1,67.33141414732165,0,5,3,1,1,0,0,1,3,0,1.0,1,743
2012,5,1,1.9959699127964314,5,0,0,0,0,0,0,0,0,0,0.0,0,743
2013,2,0,10.029936791547712,5,0,0,2,2,1,4,2,0,0,0.0,0,743
2014,0,0,41.69205210288073,0,0,3,4,1,2,0,1,1,2,46.858238354600324,2,744
2015,2,0,9.26246059387529,5,6,0,3,2,2,4,2,0,0,0.0,0,744
2016,1,1,35.23400584276086,0,0,0,4,1,6,0,1,1,2,0.0,1,744
2017,2,0,14.0,5,1,0,2,2,3,5,2,0,0,0.0,0,744
2018,2,0,21.791381393702096,5,0,3,3,1,6,0,1,1,2,10.0,1,744
2019,5,1,3.969661280080168,5,0,3,0,2,1,2,2,0,0,0.0,0,744
2020,2,0,9.198274860242575e-06,5,1,0,0,0,0,0,0,0,0,0.0,0,744
2021,2,1,1.9868804929036075,5,0,0,0,0,0,0,0,0,0,0.0,0,744
2022,2,1,0.0,5,0,0,0,0,0,0,0,0,0,0.0,0,744
2023,7,1,32.32532270804253,5,0,0,2,1,6,0,1,1,0,0.0,1,744
2024,2,0,11.0,5,6,0,3,2,1,4,2,0,0,0.0,0,744
2025,0,1,23.587198068727297,0,0,0,2,1,6,0,1,1,2,15.659931214582391,1,745
2026,0,1,26.12872869207016,2,1,0,2,1,6,0,1,2,1,7.0,1,745
2027,1,1,49.808285412815465,0,5,3,4,1,9,0,1,3,0,0.0,1,745
2028,2,1,19.0,5,1,0,2,1,6,0,1,3,2,5.0,1,745
2029,0,0,46.59774647885553,0,0,0,2,1,7,0,1,1,1,38.74633517490415,1,746
2030,0,0,52.966306531329245,0,0,3,2,1,9,0,1,1,2,50.07034852617801,1,746
2031,0,0,52.0,0,0,2,4,1,2,0,1,3,2,23.074755681912016,2,746
2032,2,1,7.075102090413467,5,0,0,5,2,1,3,2,0,0,0.0,0,746
2033,7,1,37.03562902906505,2,6,0,3,1,6,0,1,3,2,12.0,1,747
2034,1,0,26.59479930845176,0,0,0,2,1,6,0,1,1,2,12.057062725348908,1,748
2035,0,0,27.991395097001462,0,0,3,3,1,6,0,1,1,2,18.973956935350834,1,748
2036,1,1,59.86468979857455,0,0,0,2,1,8,0,1,1,1,25.90151406989567,1,748
2037,2,0,10.007408906206116,5,0,0,2,2,1,3,2,0,0,0.0,0,748
2038,0,0,38.032113915947114,0,6,2,3,1,6,0,1,1,2,34.58493345012642,1,748
2039,2,1,27.448798243766063,2,0,0,2,1,8,0,1,2,2,5.0,1,749
2040,1,1,27.888629172474474,0,7,0,2,2,7,6,2,1,2,39.07740088516764,2,749
2041,2,0,17.94934676942691,5,0,0,2,2,6,5,2,1,2,0.0,1,749
2042,0,1,75.27994164030707,4,0,0,3,1,5,0,1,3,0,6.0,1,750
2043,0,0,67.88699674976193,4,0,0,2,1,7,0,1,1,1,21.908952879487668,1,750
2044,0,0,32.0,0,0,0,2,1,7,0,1,1,2,33.096828780664126,1,751
2045,2,0,6.076689970874686,5,0,0,3,2,1,3,2,0,0,0.0,0,752
2046,0,0,58.49855363386403,0,0,0,2,1,6,0,1,1,2,25.75724680728635,1,752
2047,7,1,41.67969075794897,3,0,0,2,1,6,0,1,3,2,15.0,1,753
2048,5,0,1.9992507833268962,5,7,0,0,0,0,0,0,0,0,0.0,0,754
2049,2,1,18.255735181468417,5,5,0,3,2,6,5,2,1,2,0.0,1,754
2050,2,1,19.981228776438353,5,0,0,2,2,6,6,2,3,2,0.0,1,754
2051,0,0,32.0,0,0,3,4,1,4,0,1,1,2,26.301397605988377,1,754
2052,2,0,6.251715783109414,5,0,0,3,2,1,3,2,0,0,0.0,0,755
2053,0,0,62.72221242110195,0,0,0,2,1,9,0,1,1,2,42.803135137331246,1,755
2054,2,0,12.0,5,0,0,2,2,2,4,2,0,0,0.0,0,756
2055,1,1,61.33603577916362,0,0,0,2,1,9,0,1,1,2,4.0,1,756
2056,7,1,43.82094144115932,3,0,0,2,1,4,0,1,3,0,0.0,1,757
2057,1,1,42.14075825011184,0,6,0,2,1,2,0,1,3,0,0.0,2,757
2058,2,0,7.988158492225917,5,0,0,2,2,1,3,3,0,0,0.0,0,758
2059,2,0,11.0,5,0,0,3,2,2,4,2,0,0,0.0,0,758
2060,2,0,9.0,5,1,0,2,2,1,3,2,0,0,0.0,0,758
2061,2,1,25.041191959008312,5,5,0,2,1,6,0,1,1,2,10.0,1,758
2062,5,1,14.0,5,8,0,2,2,2,5,2,0,0,0.0,0,758
2063,1,1,43.0,0,6,3,1,1,3,0,1,2,0,0.0,2,758
2064,2,0,3.9954166644368145,5,0,0,0,2,1,1,3,0,0,0.0,0,758
2065,2,1,10.064908179709116,5,0,0,2,2,1,4,2,0,0,0.0,0,759
2066,1,1,25.922380443518275,0,0,0,2,1,8,0,1,1,2,13.480984231116206,1,759
2067,1,0,37.00592352488238,0,0,0,2,1,9,0,1,1,2,18.787025937705142,1,759
2068,1,1,47.734290695855854,0,0,3,1,1,2,0,1,3,0,0.0,2,759
2069,2,0,13.670931033046342,5,0,0,2,2,2,5,2,0,0,0.0,0,759
2070,2,0,8.067210564677733,5,6,0,3,2,1,3,2,0,0,0.0,0,759
2071,0,0,50.38485001939066,0,0,3,4,1,0,0,1,1,2,15.0,1,759
2072,2,0,14.931138976624242,5,7,0,2,2,4,5,2,0,0,0.0,0,760
2073,0,0,36.0,5,0,0,2,1,10,0,1,1,2,25.288658073504806,1,760
2074,2,0,10.01169887776768,5,0,0,2,2,2,4,2,0,0,0.0,0,760
2075,0,0,32.0,5,0,0,2,1,6,0,1,1,1,11.174672144518905,2,761
2076,2,0,43.98857880305968,5,0,0,2,1,6,0,1,3,2,1.0,1,761
2077,0,0,39.00959424197184,3,1,0,2,1,8,0,1,1,2,9.0,1,761
2078,0,1,49.704559585795494,5,2,0,2,1,9,0,1,1,2,8.0,1,761
2079,7,1,21.0,5,0,2,3,2,6,6,2,1,2,5.0,2,761
2080,0,0,43.0,0,1,0,2,1,7,0,1,1,2,14.965072139050967,1,762
2081,0,0,36.0,0,0,0,2,1,6,0,1,1,2,24.807035493080523,1,762
2082,7,0,20.116306750476067,5,0,0,2,2,8,6,2,1,2,3.0,1,763
2083,0,0,64.70228935385742,0,0,0,2,1,9,0,1,1,2,39.68290888881684,1,763
2084,0,0,45.0,3,0,2,3,1,10,0,1,1,1,25.985983576277185,1,764
2085,1,1,49.0,0,0,0,2,1,9,0,1,1,2,33.668832578495135,1,764
2086,2,1,7.702153545658024,5,0,0,2,2,1,3,2,0,0,0.0,0,764
2087,2,0,16.0,5,0,0,2,2,4,5,2,3,2,0.0,1,764
2088,0,0,53.859953934652026,0,0,0,2,1,9,0,1,1,2,17.680756453110448,1,765
2089,1,1,30.152158465111338,0,6,0,3,1,6,0,1,1,2,21.076278023384486,1,766
2090,2,1,6.29123086759247,5,0,0,2,2,1,3,2,0,0,0.0,0,766
2091,0,1,53.57039396113437,4,1,0,2,2,7,6,2,1,2,15.0,1,767
2092,2,1,11.0,5,6,0,4,2,2,4,2,0,0,0.0,0,767
2093,7,1,36.0,0,0,3,1,1,0,0,1,2,0,0.0,1,767
2094,2,1,15.087899531242138,5,5,0,3,2,4,5,3,0,0,0.0,0,767
2095,1,1,57.95602971956626,0,3,3,4,2,6,5,2,1,2,0.0,1,767
2096,2,1,9.28253619984737e-06,5,0,0,0,0,0,0,0,0,0,0.0,0,767
2097,2,1,4.964262671982156,5,0,0,2,2,1,2,2,0,0,0.0,0,767
2098,2,1,15.223785552721752,5,7,0,2,2,4,5,2,0,0,0.0,0,768
2099,1,1,41.475937333433464,0,6,3,5,1,5,0,1,1,2,6.0,2,768
2100,3,0,80.06816085174994,0,6,3,1,1,0,0,1,1,2,4.0,1,768
2101,0,1,36.706499037988394,3,0,0,2,1,7,0,1,1,2,14.966671912076801,1,768
2102,1,1,32.9279426314871,0,0,0,2,1,8,0,1,1,2,7.0,1,769
2103,2,1,16.0,5,0,0,3,2,4,5,2,1,2,3.0,1,769
2104,3,1,44.323277267239604,3,1,0,2,1,6,0,1,3,0,0.0,1,769
2105,0,1,30.0,2,7,0,2,1,6,0,1,1,2,9.0,1,769
2106,2,1,65.82240281564172,4,0,0,2,1,8,0,1,3,2,19.17619760344072,1,770
2107,2,0,10.278051302333362,5,6,0,4,2,2,4,2,0,0,0.0,0,770
2108,2,0,4.0170122116343645,5,0,0,0,2,0,1,3,0,0,0.0,0,771
2109,1,1,21.0,0,0,3,3,1,6,0,1,3,2,6.0,1,771
2110,1,1,59.32145368585713,0,0,0,2,1,6,0,1,3,2,0.0,1,772
2111,2,1,16.0,5,0,0,3,2,4,5,2,1,2,3.0,1,773
2112,7,0,57.955793530844105,1,0,0,2,1,7,0,1,3,0,3.0,1,774
2113,0,0,33.45517470685738,5,0,0,2,2,7,6,2,1,2,10.0,2,774
2114,7,0,36.0,1,0,3,1,1,2,0,1,1,2,5.0,1,775
2115,1,1,52.0,0,5,2,4,1,7,0,1,2,2,0.0,1,775
2116,7,1,81.86965744719613,4,0,0,2,1,6,0,1,3,0,6.0,2,775
2117,1,0,66.58523009940727,0,0,3,2,1,6,0,1,1,2,32.017597296781645,1,775
2118,1,1,39.25073935966046,0,0,3,4,1,0,0,1,3,2,0.0,1,775
2119,6,0,32.547322529388744,0,0,2,1,1,6,0,1,1,2,0.0,1,775
2120,0,1,49.0,0,0,0,2,1,8,0,1,1,2,32.770246377194816,1,776
2121,2,0,46.12337679057971,4,0,0,2,1,6,0,1,1,2,15.0,2,776
2122,2,0,24.946820674752022,5,6,0,3,1,8,0,1,1,2,8.0,1,777
2123,0,0,75.93114213331987,0,0,0,2,1,7,0,1,3,0,5.0,1,778
2124,1,1,67.29354392575127,0,0,0,2,1,6,0,1,3,0,2.474598379897702,1,778
2125,0,0,28.000560901256087,0,6,3,5,1,2,0,1,1,2,12.0,1,779
2126,2,1,17.967818332022397,5,7,0,2,2,5,5,2,1,1,0.0,1,779
2127,1,1,49.0,0,0,3,5,1,1,0,1,1,2,4.0,1,780
2128,5,1,2.0314254596542294,5,0,0,0,0,0,0,0,0,0,0.0,0,780
2129,2,0,13.347622365382549,5,0,0,2,2,2,4,3,0,0,0.0,0,780
2130,2,1,7.753652904445438,5,0,0,3,2,1,3,2,0,0,0.0,0,780
2131,1,1,39.264987597045085,0,0,0,2,1,6,0,1,1,2,4.561483402788784,1,781
2132,1,1,47.61282671682383,0,0,0,2,1,10,0,1,3,2,0.0,1,781
2133,6,0,19.0,5,1,0,2,1,6,0,1,1,2,5.0,1,782
2134,7,1,12.0,5,0,3,1,1,2,0,1,0,0,0.0,0,782
2135,1,1,73.8079175004001,0,0,1,2,1,6,0,1,3,0,2.0,2,782
2136,7,0,31.751854320264943,5,0,0,2,1,6,0,1,1,2,13.08726561466394,1,783
2137,2,0,16.0,5,6,0,3,2,4,5,2,3,0,0.0,1,783
2138,1,1,19.0,0,1,0,2,2,6,6,3,2,2,1.068558513832887,1,784
2139,2,1,9.551157929264555,5,5,0,2,2,1,4,2,0,0,0.0,0,784
2140,1,1,49.0,0,0,3,1,1,2,0,1,1,2,6.0,1,784
2141,4,0,27.452991334154742,5,0,3,5,1,4,0,1,1,2,10.0,1,784
2142,2,0,1.9744694506667244,5,6,0,0,0,0,0,0,0,0,0.0,0,785
2143,0,1,83.17131162315091,4,0,0,4,1,2,0,1,3,0,14.097068203620573,1,785
2144,2,1,22.88279058324116,5,5,0,2,1,8,0,1,1,2,0.0,1,785
2145,1,1,61.44671756079704,0,5,2,5,1,4,0,1,1,2,6.0,1,786
2146,0,0,45.0,5,6,3,4,2,8,6,2,1,2,15.705521168259722,1,786
2147,1,1,22.094527701512124,0,6,3,5,1,6,0,1,3,2,0.0,1,786
2148,7,0,22.133403192367954,0,0,3,2,1,2,0,1,1,2,5.0,1,786
2149,0,1,55.98349068639428,4,1,0,2,1,10,0,1,1,2,18.99453617917654,1,786
2150,0,1,53.458646923336886,3,2,0,2,1,6,0,1,2,2,7.0,1,786
2151,2,0,2.9849314048846325,5,2,0,0,2,0,1,2,0,0,0.0,0,786
2152,5,0,0.0,5,2,0,0,0,0,0,0,0,0,0.0,0,787
2153,6,1,36.82048421626497,5,0,3,5,1,3,0,1,1,2,4.0,1,787
2154,2,0,29.0,5,0,0,2,1,6,0,1,1,2,26.165771801544714,1,788
2155,0,0,32.0,5,0,0,2,1,6,0,1,1,1,11.22513453212817,2,788
2156,2,1,17.932082493948833,5,0,3,3,2,6,5,2,1,2,1.0,1,788
2157,0,0,36.89805564275039,2,1,0,2,1,6,0,1,1,2,13.0,1,788
2158,5,0,23.177561759380783,5,0,0,2,1,7,0,1,1,2,0.0,1,788
2159,0,0,26.449236084573784,2,0,0,2,1,7,0,1,1,2,14.027391331515648,1,789
2160,1,1,44.05524987640402,0,3,0,2,1,8,0,1,1,2,13.954363575448724,2,789
2161,7,0,17.84513301717016,2,5,0,3,2,7,6,3,3,0,0.0,1,790
2162,3,0,24.607368701127825,5,0,2,3,1,6,0,1,1,2,20.10591233908446,1,791
2163,1,1,58.58433799514076,0,0,0,2,1,7,0,1,1,1,2.0,1,792
2164,1,1,33.93331834955594,0,2,0,3,2,6,6,2,1,2,18.372626634325286,1,792
2165,0,1,47.674520325317104,3,0,0,2,1,8,0,1,1,2,24.3190188287697,1,792
2166,0,1,64.7796301629677,3,0,0,3,1,4,0,1,3,2,1.0,1,793
2167,0,1,73.92598068921967,4,5,0,2,1,4,0,1,3,0,3.0,1,794
2168,0,1,82.77129236939636,4,1,0,2,1,6,0,1,3,0,2.0,1,794
2169,1,1,43.0,0,6,2,5,1,2,0,1,3,0,0.0,1,794
2170,2,1,2.0140569757027675,5,0,0,0,0,0,0,0,0,0,0.0,0,794
2171,0,0,30.859220538010423,5,6,0,3,1,10,0,1,1,2,21.836332218750158,1,794
2172,0,0,77.06109968358248,0,0,0,2,1,7,0,1,3,0,5.0,2,794
2173,2,1,12.63331869302753,5,0,0,2,2,2,4,2,0,0,0.0,0,795
2174,1,1,32.0,0,0,2,3,1,7,0,1,3,2,3.0,1,795
2175,0,0,43.968133062665245,5,6,2,5,1,6,0,1,1,2,26.01155464141864,1,795
2176,1,1,54.18724342582809,0,0,3,4,1,2,0,1,3,0,0.0,1,795
2177,0,1,30.0,0,1,0,2,1,6,0,1,1,2,9.0,1,796
2178,0,0,54.09516705365447,0,0,0,2,1,10,0,1,1,2,47.85326849543773,1,797
2179,1,1,38.888496305881816,0,6,3,5,1,6,0,1,1,2,6.0,1,797
2180,0,1,50.61054095712466,2,6,2,5,1,6,0,1,3,2,3.0,2,798
2181,0,0,37.84671252089675,1,0,3,2,1,9,0,1,1,2,32.70142551361755,2,798
2182,0,1,34.23884320141236,5,0,0,3,1,7,0,1,1,2,11.076312842411982,1,798
2183,0,0,36.865305286004244,3,1,2,2,1,7,0,1,1,2,26.301925346121752,2,798
2184,0,0,49.302333994986114,0,0,0,2,1,10,0,1,1,2,25.6056895863991,1,798
2185,2,0,21.895967282429684,5,0,0,2,1,6,0,1,3,0,3.0,1,798
2186,1,1,63.41429580500473,0,0,0,2,1,6,0,1,3,2,0.0,1,798
2187,1,1,34.62743732098636,0,0,3,3,1,7,0,1,1,2,31.933989511266823,2,798
2188,2,1,17.99827836157474,5,7,0,2,2,5,5,2,3,1,0.0,1,798
2189,7,1,12.0,5,0,3,1,1,2,0,1,0,0,0.0,0,798
2190,0,0,38.08011781977676,0,0,0,2,1,6,0,1,1,1,99.0,1,799
2191,0,1,50.88288317772249,0,0,0,2,1,9,0,1,1,1,31.827413712297183,1,799
2192,2,0,5.030782783390517,5,0,0,2,2,1,3,3,0,0,0.0,0,800
2193,1,1,68.86690431922632,0,0,0,2,1,10,0,1,3,1,3.0,1,801
2194,2,1,15.324378988044243,5,0,0,2,2,2,5,2,0,0,0.0,0,802
2195,1,1,26.262690588267414,0,0,0,2,1,6,0,1,1,2,4.0,1,802
2196,2,0,14.0,5,0,0,3,2,3,5,2,0,0,0.0,0,802
2197,7,0,46.94009669574709,1,7,3,5,1,6,0,1,1,2,4.0,1,802
2198,1,1,49.369088385487665,0,0,0,2,1,6,0,1,1,2,25.646713663815486,1,802
2199,1,1,27.058068605762905,0,5,3,4,1,8,0,1,3,2,0.9252064654195938,1,802
2200,2,1,16.974588380008154,5,0,3,5,2,4,5,2,3,0,0.0,1,803
2201,0,0,53.072438463240644,0,0,0,2,1,2,0,1,3,2,0.0,1,803
2202,0,0,56.484844846082744,0,0,0,2,1,10,0,1,1,2,40.433861268159895,1,804
2203,0,0,22.957427666098084,5,1,0,3,1,4,0,1,1,2,9.0,1,804
2204,0,0,41.0,0,0,0,2,1,9,0,1,1,2,52.01332818407963,1,804
2205,2,1,16.249370160052127,5,6,0,3,2,4,5,2,3,0,0.0,1,804
2206,0,0,47.08573746824433,0,0,0,2,1,8,0,1,1,2,44.36967345285499,1,805
2207,2,0,14.788142661785047,5,0,3,3,1,6,0,1,0,0,10.16383436617408,0,805
2208,0,0,85.0,0,0,0,2,1,7,0,1,3,0,10.573026494448388,2,805
2209,0,1,34.04928536509668,0,0,0,2,1,10,0,1,1,2,32.658542021865145,1,806
2210,0,0,30.467360573302464,0,1,0,2,1,5,0,1,1,2,7.0,1,806
2211,2,0,11.0,5,7,1,2,2,2,4,2,0,0,0.0,0,806
2212,0,0,47.05576929727731,0,6,2,4,1,2,0,1,3,2,13.0,1,806
2213,1,1,43.0,0,0,0,2,1,8,0,1,1,2,17.05809394614786,1,807
2214,0,0,65.13786242518428,0,0,2,2,1,6,0,1,1,2,6.0,2,807
2215,7,0,53.69225121179572,5,0,0,2,1,0,0,1,3,0,3.0,2,808
2216,0,1,26.087889239001374,2,1,0,2,1,6,0,1,2,1,7.0,1,809
2217,2,1,23.648045864108326,5,0,0,3,1,0,0,1,1,2,8.0,1,809
2218,0,1,85.0,4,0,0,2,1,9,0,1,3,0,76.60262551459351,2,809
2219,6,0,53.108024185134354,3,1,0,2,1,8,0,1,1,2,37.28763106016774,1,809
2220,2,1,17.058569681249164,5,0,2,3,2,5,5,2,3,0,0.0,1,809
2221,1,1,31.1221489337626,0,0,0,2,1,9,0,1,3,0,7.0,1,810
2222,2,1,9.0,5,0,0,3,2,1,3,2,0,0,0.0,0,810
2223,1,1,55.06991823779014,0,0,2,5,1,6,0,1,1,1,3.0,2,810
2224,2,1,2.96152394051662,5,0,0,0,1,0,0,1,0,0,0.0,0,810
2225,0,0,72.98589618772152,0,4,0,2,1,7,0,1,3,0,5.0,1,810
2226,2,1,14.0,5,3,0,3,2,2,4,2,0,0,0.0,0,810
2227,1,1,80.78501965155564,0,0,0,2,1,7,0,1,3,0,4.0,1,811
2228,0,1,40.0,0,0,0,2,1,7,0,1,3,2,7.0,1,811
2229,6,0,9.0,5,0,0,2,2,0,3,2,0,0,0.0,0,811
2230,0,0,37.843259172122686,0,1,0,2,1,7,0,1,3,2,18.954030047484068,1,812
2231,2,1,21.0,5,0,0,2,2,7,6,2,1,2,7.926109244424776,1,812
2232,0,0,52.3587929910549,0,0,0,2,1,10,0,1,1,2,35.53409771315691,1,812
2233,2,1,6.456038927118207,5,0,0,2,2,1,3,2,0,0,0.0,0,812
2234,0,1,44.00600522565384,3,6,2,4,2,3,5,2,3,2,10.845338149235369,1,813
2235,3,1,71.77803600625808,4,1,0,2,1,4,0,1,1,1,7.0,1,814
2236,0,0,29.0,0,0,0,2,1,7,0,1,1,2,27.634975054105666,1,814
2237,1,1,75.76813625913373,0,0,0,2,1,7,0,1,3,0,0.0,1,814
2238,1,0,34.983460563773626,0,0,0,2,1,7,0,1,1,2,14.34879182792808,1,814
2239,1,1,40.0,0,0,0,2,1,9,0,1,1,2,14.787175632921077,1,814
2240,1,0,37.91761106066274,0,0,3,4,1,6,0,1,1,2,10.0,2,814
2241,2,1,14.0,5,0,0,2,2,2,4,2,0,0,0.0,0,814
2242,2,1,10.466858707072065,5,4,0,3,2,2,4,2,0,0,0.0,0,814
2243,0,0,40.42309352791813,0,0,0,2,1,9,0,1,1,2,29.161879505052553,1,814
2244,1,1,44.2197709210524,0,7,0,2,1,7,0,1,1,2,31.968809479976336,1,815
2245,1,1,71.52957111160349,0,7,0,2,1,7,0,1,3,0,7.935520643397354,2,815
2246,7,0,30.0,5,1,0,2,1,6,0,1,3,0,0.0,1,815
2247,2,0,1.9840107995720886,5,0,0,0,0,0,0,0,0,0,0.0,0,816
2248,1,1,29.0,0,6,0,3,1,7,0,1,1,2,8.0,1,816
2249,4,1,30.0,5,6,0,5,1,9,0,1,3,2,12.0,1,817
2250,2,1,12.78771662339275,5,0,0,2,2,2,4,2,0,0,0.0,0,817
2251,2,0,16.0,5,0,2,3,2,3,5,2,3,0,0.0,1,817
2252,1,1,53.41370769344736,0,0,2,3,1,6,0,1,1,2,18.421392954572923,2,818
2253,1,1,77.2163727172708,0,0,0,3,1,4,0,1,3,2,74.08280526950068,1,818
2254,2,0,30.0,5,7,0,2,1,6,0,1,2,2,5.0,1,819
2255,1,1,43.94028784554114,0,6,0,3,1,6,0,1,3,0,7.0,1,819
2256,1,0,44.97132263164838,0,0,0,2,1,6,0,1,1,2,23.00125196341734,1,820
2257,0,1,26.092464295162205,5,5,2,4,1,6,0,1,3,0,0.0,1,820
2258,2,0,4.027115401470064,5,6,0,0,2,1,1,2,0,0,0.0,0,821
2259,2,1,10.088513184326512,5,0,0,2,1,1,0,1,0,0,0.0,0,821
2260,0,1,67.79043491617001,4,0,0,2,1,4,0,1,3,0,6.0,1,821
2261,7,0,34.82920149853694,5,0,3,1,1,6,0,1,1,2,0.0,1,821
2262,0,1,29.054990185492507,0,4,0,3,1,6,0,1,1,0,5.0,1,821
2263,0,0,32.64023265908742,0,0,0,2,1,8,0,1,1,2,20.19589235000309,1,821
2264,2,0,16.0,5,0,0,2,2,4,5,2,3,2,0.0,1,821
2265,3,0,67.13651428968957,1,0,2,4,1,1,0,1,3,0,0.0,1,822
2266,2,1,8.406089403827062,5,7,0,2,2,1,3,2,0,0,0.0,0,822
2267,0,1,43.0,3,0,2,3,1,9,0,1,1,2,36.60303003100301,1,822
2268,2,1,12.0,5,6,2,4,2,2,4,2,0,0,0.0,0,823
2269,2,0,4.065612578889931,5,6,0,0,2,1,1,2,0,0,0.0,0,823
2270,1,0,32.69959269781331,0,0,2,3,1,6,0,1,1,2,24.48573781727298,1,823
2271,2,1,22.864428121365936,4,6,3,3,1,6,0,1,1,2,6.0,1,823
2272,1,1,35.067241241083984,0,0,0,2,1,9,0,1,1,2,27.350310409614206,1,824
2273,1,1,35.554463875149125,0,5,3,4,2,10,7,3,1,2,5.0,1,824
2274,0,0,45.0,3,0,2,3,1,10,0,1,1,1,25.934728568887046,1,824
2275,7,0,54.2114516152638,5,2,0,2,1,1,0,1,1,2,12.0,1,825
2276,0,0,57.05138994340128,3,0,0,2,1,8,0,1,1,2,14.829087177156264,1,826
2277,1,1,36.6457163223857,0,0,0,2,1,7,0,1,1,1,19.682421522233128,1,826
2278,6,0,12.938547619188583,5,6,0,3,2,2,4,2,0,0,0.0,0,826
2279,0,0,64.88037799447136,0,0,2,2,1,6,0,1,1,2,6.0,2,826
2280,0,0,50.42809246914052,5,0,0,2,1,7,0,1,1,2,17.0,1,826
2281,2,0,12.718575005961657,5,0,0,2,2,2,4,3,0,0,0.0,0,827
2282,2,0,1.0,5,6,0,0,0,0,0,0,0,0,0.0,0,827
2283,2,1,1.0,5,6,0,0,0,0,0,0,0,0,0.0,0,827
2284,2,0,5.925367010800739,5,0,0,2,2,1,3,2,0,0,0.0,0,827
2285,2,0,1.9936514140992396,5,7,0,0,0,0,0,0,0,0,0.0,0,828
2286,2,0,6.010222422910694,5,0,0,2,2,0,2,3,0,0,0.0,0,828
2287,2,0,9.45744761503936e-06,5,1,0,0,0,0,0,0,0,0,0.0,0,828
2288,2,1,6.876620224444382,5,0,0,2,2,1,3,2,0,0,0.0,0,828
2289,2,1,19.876116619149506,5,0,0,2,2,6,6,2,3,2,0.0,1,829
2290,0,1,23.785626437018944,5,5,2,2,1,9,0,1,1,2,32.006595773955944,1,829
2291,0,1,28.120200074471303,2,1,0,2,2,6,6,2,3,2,10.0,1,830
2292,2,0,11.025474852970069,5,0,0,2,2,2,4,2,0,0,0.0,0,831
2293,0,0,45.426687655019705,3,0,2,3,1,10,0,1,1,2,35.814129018305415,1,831
2294,1,1,48.14105691350633,0,7,0,3,1,6,0,1,3,0,0.0,1,831
2295,2,0,21.0,5,0,2,5,1,0,0,1,1,2,8.0,1,831
2296,1,1,78.86932157388058,0,0,3,3,1,6,0,1,3,0,0.0,1,831
2297,2,0,47.02194255980464,3,0,0,2,1,6,0,1,3,2,2.0,1,832
2298,0,0,46.70170233285416,3,0,0,2,1,6,0,1,1,1,25.231285331451428,1,832
2299,2,1,2.0164079883878583,5,0,0,0,0,0,0,0,0,0,0.0,0,832
2300,0,1,64.97871067283604,3,0,0,3,1,4,0,1,3,2,0.8460047973357117,1,832
2301,2,0,1.0,5,1,0,0,0,0,0,0,0,0,0.0,0,833
2302,1,1,55.86284253971838,0,5,2,4,1,6,0,1,1,2,6.0,1,833
2303,3,1,70.15329652506318,4,0,0,2,1,6,0,1,3,0,8.0,1,833
2304,0,0,43.0,0,7,2,3,1,6,0,1,1,2,15.0,1,833
2305,0,1,29.0,3,0,0,3,1,9,0,1,1,2,20.729010972172354,1,834
2306,2,0,30.773659938437305,0,2,3,4,1,1,0,1,1,2,15.732406808287124,1,835
2307,1,1,39.13688150809958,0,0,3,3,1,6,0,1,3,2,0.0,1,835
2308,2,0,46.83609768961307,3,0,0,2,1,6,0,1,3,2,2.0,1,835
2309,2,1,17.936328796782654,5,6,0,3,2,6,5,2,2,2,1.0,1,835
2310,2,1,31.10814814249789,1,6,0,3,2,6,6,3,3,2,4.0,1,836
2311,0,1,43.99546193706045,0,0,2,3,1,9,0,1,1,2,19.04733469495323,1,836
2312,0,1,24.939718911835058,5,6,0,2,2,9,7,2,1,2,4.0,1,837
2313,2,1,16.0,5,3,0,3,2,4,5,2,1,2,0.0,2,837
2314,1,1,49.91023240596618,0,0,0,2,1,9,0,1,3,0,0.0,1,837
2315,0,0,59.144922318415496,0,0,2,1,1,6,0,1,3,0,4.0,1,838
2316,0,1,85.0,4,0,0,2,1,2,0,1,3,0,4.165536506828656,2,839
2317,2,1,24.96083586766317,5,0,0,3,2,10,7,3,1,2,13.0,1,839
2318,0,1,69.02458025484326,4,1,0,2,1,8,0,1,3,0,2.0,1,839
2319,7,1,25.753730617948264,5,0,3,5,1,1,0,1,1,2,0.0,1,839
2320,1,1,59.061971322724624,0,0,0,2,1,7,0,1,1,1,2.0,1,840
2321,2,1,9.60343591567956,5,0,0,2,2,1,3,3,0,0,0.0,0,840
2322,1,1,70.99617747871113,0,0,0,2,1,5,0,1,3,0,2.0,1,841
2323,2,1,24.029449384932175,5,6,3,1,1,6,0,1,1,2,8.0,1,841
2324,0,0,47.7710507591592,3,0,0,2,1,6,0,1,1,2,19.945308848240295,2,841
2325,2,0,16.0,5,0,2,3,2,3,5,2,3,0,0.0,1,842
2326,1,0,34.742430917884704,0,0,0,2,1,7,0,1,1,2,14.553484807722924,1,842
2327,2,1,25.13534862696223,1,0,2,3,1,5,0,1,3,0,0.0,1,842
2328,2,0,12.0,5,0,0,2,2,2,4,2,0,0,0.0,0,843
2329,2,1,15.115155421231783,5,5,0,3,2,4,5,3,0,0,0.0,0,843
2330,1,1,47.77233597574126,0,0,0,2,1,7,0,1,1,2,49.41947256515739,1,843
2331,2,0,14.59224791105868,5,5,0,2,2,2,5,2,0,0,0.0,0,843
2332,2,0,13.801129298480966,5,1,0,2,2,2,4,2,0,0,0.0,0,843
2333,0,0,38.78793400191347,3,0,0,2,1,10,0,1,1,2,3.0,1,843
2334,2,1,16.97682475864291,5,6,0,3,2,4,5,2,3,0,0.0,1,843
2335,0,0,65.35998565432308,0,7,2,3,1,6,0,1,1,2,14.535214534603924,1,843
2336,2,1,16.0,5,0,0,2,2,5,5,2,3,2,0.0,1,844
2337,0,1,39.380647294065795,5,1,0,2,1,6,0,1,3,2,1.0,1,845
2338,2,1,17.926442128357028,5,3,0,3,2,5,5,2,3,0,0.0,1,845
2339,2,1,13.720580771839103,5,0,0,3,2,2,4,2,0,0,0.0,0,846
2340,0,1,30.0,3,7,0,2,2,8,6,2,1,2,14.133781514924532,1,846
2341,2,1,2.007875823300256,5,0,0,0,0,0,0,0,0,0,0.0,0,846
2342,2,0,18.26744685086118,5,0,0,2,1,6,0,1,2,2,1.0,1,847
2343,7,1,24.95547932949619,5,0,0,2,1,9,0,1,1,1,22.20542038675952,1,847
2344,2,1,12.488576295816678,5,0,0,2,2,2,4,2,0,0,0.0,0,847
2345,3,1,54.986601879352456,3,3,3,3,1,6,0,1,3,2,0.0,1,847
2346,7,1,40.0,5,7,0,2,1,6,0,1,1,2,44.710660846467505,1,847
2347,0,1,37.57876278539115,0,6,3,1,1,1,0,1,2,2,3.0,1,848
2348,5,1,15.223048307991634,5,0,0,2,2,4,5,2,0,0,0.0,0,848
2349,2,0,9.155891101319537e-06,5,1,0,0,0,0,0,0,0,0,0.0,0,849
2350,2,1,11.0,5,4,0,2,2,2,4,2,0,0,0.0,0,849
2351,0,0,54.212133646722016,0,1,0,2,1,7,0,1,1,2,15.0,1,849
2352,1,1,39.355987633267944,0,5,2,3,1,0,0,1,3,0,0.0,1,849
2353,0,0,52.0,3,0,2,2,1,10,0,1,1,1,98.99990358254608,2,850
2354,0,0,73.68459220871672,0,7,2,5,1,6,0,1,3,0,3.0,1,850
2355,2,0,19.0,5,6,3,4,2,6,5,2,1,2,3.0,2,850
2356,0,0,43.972263711605585,0,0,2,4,1,3,0,1,1,2,9.0,1,850
2357,0,1,39.405132738741294,5,0,0,2,1,9,0,1,1,2,44.880631616464065,1,850
2358,0,0,28.112384384698622,5,5,0,2,1,9,0,1,1,2,31.935087000068236,2,851
2359,0,1,49.0,0,7,2,3,1,8,0,1,3,2,20.086318045401043,1,851
2360,1,1,35.066423138387414,0,5,2,3,1,9,0,1,3,0,0.0,1,851
2361,0,0,47.953340991839255,0,5,3,3,1,10,0,1,1,2,24.022975599308477,1,852
2362,1,1,21.0,0,0,3,3,1,6,0,1,3,2,6.0,1,852
2363,2,0,30.0,5,3,3,5,1,6,0,1,1,2,8.0,1,852
2364,2,0,16.0,5,5,3,3,2,4,5,2,3,0,9.0,2,852
2365,7,0,36.0,1,0,3,1,1,2,0,1,1,2,5.0,1,852
2366,1,0,29.0,0,0,0,2,1,10,0,1,1,2,68.86465578901509,1,852
2367,2,0,1.0,5,7,0,0,0,0,0,0,0,0,0.0,0,852
2368,0,1,59.04022755232588,3,0,0,2,1,10,0,1,1,2,24.384889307997266,1,852
2369,0,0,47.896728162118855,0,6,3,1,1,1,0,1,3,2,0.0,1,852
2370,1,1,34.81161771055672,0,5,3,4,2,10,7,3,1,2,5.0,1,852
2371,7,0,20.364645217445247,1,1,0,2,2,5,5,2,3,0,1.0,2,852
2372,1,0,24.965316613709433,0,0,3,4,1,3,0,1,1,2,10.0,1,853
2373,2,1,16.869628787701803,5,0,3,2,2,5,5,3,1,2,1.0,1,853
2374,7,1,3.941336876049497,5,6,3,0,1,0,0,1,0,0,0.0,0,854
2375,0,1,43.84649945842905,3,6,2,4,2,3,5,2,3,2,10.807916342373145,1,855
2376,0,0,22.292595422637664,5,0,0,2,1,6,0,1,1,2,9.245618195041772,1,855
2377,0,1,83.88055076653758,4,1,0,2,1,6,0,1,3,0,22.6000505864839,2,855
2378,7,1,32.0,5,3,0,2,1,6,0,1,1,2,2.0,1,856
2379,1,1,70.91682268635262,0,0,0,2,1,6,0,1,3,2,2.0,1,857
2380,1,1,40.0,0,1,0,2,1,9,0,1,2,2,10.98686992559821,1,857
2381,5,0,2.0089702064005923,5,0,0,0,0,0,0,0,0,0,0.0,0,858
2382,2,0,9.17094612672123e-06,5,0,0,0,0,0,0,0,0,0,0.0,0,858
2383,0,1,36.0,0,0,0,2,1,9,0,1,3,2,0.0,1,858
2384,7,1,43.642901460787606,3,0,0,2,1,4,0,1,3,0,0.0,1,858
2385,2,1,13.174914022225174,5,0,0,3,2,2,4,2,0,0,0.0,0,859
2386,0,0,55.93701787124773,0,0,0,2,1,2,0,1,3,0,2.0,2,859
2387,2,0,26.073852594555017,5,0,0,3,1,6,0,1,1,2,0.0,1,860
2388,2,1,40.0,0,0,0,2,1,6,0,1,1,2,11.076925655732051,1,861
2389,0,0,69.5535506008428,0,0,0,2,1,7,0,1,3,2,3.0,2,861
2390,0,0,32.0,5,0,0,2,2,7,6,2,1,2,26.54065796971444,1,861
2391,2,0,34.974251019222734,5,0,0,3,1,8,0,1,1,2,18.853033012508103,1,861
2392,1,1,29.0,0,2,0,2,2,9,7,2,1,2,10.0,1,861
2393,5,0,5.947456839170862,5,6,0,2,2,1,3,2,0,0,0.0,0,862
2394,7,0,41.0,5,7,0,2,1,10,0,1,1,2,0.0,1,863
2395,2,1,12.934882439483394,5,0,0,5,2,2,4,3,0,0,0.0,0,863
2396,2,0,18.08453970873672,5,6,0,3,2,5,5,2,1,2,3.0,1,863
2397,4,1,23.00082872890115,2,0,0,2,1,6,0,1,1,2,1.0,1,863
2398,2,0,26.744750002355644,5,0,0,2,1,6,0,1,3,2,12.0,1,863
2399,4,1,37.02875531678608,5,6,3,5,1,0,0,1,1,2,6.0,1,863
2400,0,1,35.33641324560824,2,6,3,1,1,0,0,1,1,2,9.0,1,863
2401,2,0,4.137687460549076,5,5,3,0,1,0,0,1,0,0,0.0,0,863
2402,0,0,61.77893687183238,0,0,0,2,1,9,0,1,1,2,44.83185874392248,1,864
2403,2,1,5.782589447788292,5,5,3,3,2,1,3,2,0,0,0.0,0,864
2404,2,1,9.00478590076103,5,0,0,2,2,1,3,2,0,0,0.0,0,865
2405,1,1,37.89162974315361,0,0,2,3,1,6,0,1,1,2,2.0,1,865
2406,0,0,57.11854453933074,3,0,0,2,1,8,0,1,1,2,14.718823700760385,1,865
2407,1,1,55.33394475847325,0,0,0,2,1,6,0,1,3,2,0.0,1,866
2408,4,1,30.0,5,7,0,2,1,9,0,1,1,2,12.0,1,866
2409,0,1,61.84979886997352,4,0,2,5,1,6,0,1,1,2,15.0,1,866
2410,1,1,77.76137437774723,0,0,0,2,1,8,0,1,3,0,3.5631309432067546,1,867
2411,2,1,12.0,5,0,0,2,2,2,4,2,0,0,0.0,0,868
2412,2,0,14.550395163927478,5,0,0,2,2,3,5,2,0,0,0.0,0,869
2413,2,1,9.478855090413156e-06,5,0,0,0,0,0,0,0,0,0,0.0,0,869
2414,2,1,27.06700828829888,5,6,3,3,1,6,0,1,1,2,5.0,1,869
2415,0,0,45.91112966456156,5,0,0,2,1,7,0,1,1,2,14.78034117797202,1,870
2416,2,0,29.0,3,0,3,5,1,2,0,1,1,2,7.0,2,871
2417,1,1,54.257548455148296,0,0,0,2,1,7,0,1,3,2,31.929620121508343,1,871
2418,2,1,14.848995546377875,5,0,0,2,2,3,5,2,0,0,0.0,0,871
2419,0,1,41.0,0,0,0,2,1,7,0,1,1,2,12.0,1,872
2420,2,0,12.980297767116637,5,0,1,3,2,2,4,2,0,0,0.0,0,872
2421,0,1,43.0,4,6,3,5,1,1,0,1,3,2,6.0,2,872
2422,0,1,30.83454477904498,0,0,3,4,1,6,0,1,3,0,0.0,1,872
2423,2,1,22.035088344040034,5,6,0,3,1,6,0,1,3,2,4.0,1,872
2424,6,0,19.0,5,1,0,2,2,7,6,2,3,2,0.0,1,873
2425,0,1,52.0,3,0,0,2,1,6,0,1,1,2,7.0,1,873
2426,2,0,39.12203665517198,5,0,0,2,1,6,0,1,2,2,0.0,2,874
2427,2,1,14.0,5,0,0,2,2,2,5,2,0,0,0.0,0,874
2428,2,1,10.6660033951948,5,5,0,3,2,2,4,2,0,0,0.0,0,875
2429,0,0,33.741728156115926,0,5,3,3,1,9,0,1,1,2,0.0,1,875
2430,3,1,73.89776963216868,1,7,3,4,1,7,0,1,3,0,3.0,1,875
2431,0,0,79.84411577656331,0,4,3,5,1,9,0,1,3,1,5.0,1,875
2432,2,0,2.984258068234014,5,0,0,0,1,0,0,1,0,0,0.0,0,875
2433,1,1,44.19937485338894,0,5,2,3,1,9,0,1,3,2,0.0,1,875
2434,2,1,9.0,5,6,0,4,2,1,3,2,0,0,0.0,0,875
2435,7,0,35.250372241557876,1,0,0,2,1,6,0,1,3,2,3.0,1,876
2436,2,1,1.96551575426873,5,0,0,0,0,0,0,0,0,0,0.0,0,877
2437,2,0,16.967027064908095,5,6,3,4,2,5,5,2,3,2,0.0,1,878
2438,0,1,38.82345251313507,0,5,2,3,1,9,0,1,2,2,3.0,1,879
2439,0,1,63.164931708535796,5,0,0,2,1,6,0,1,3,0,4.0,1,879
2440,0,0,56.68608714082119,5,0,0,2,1,10,0,1,1,2,3.0,1,879
2441,2,1,18.27401083624197,5,6,3,4,2,5,5,2,3,0,0.0,1,880
2442,2,0,13.097082320470587,5,0,1,3,2,2,4,2,0,0,0.0,0,881
2443,1,1,41.78544834345786,0,0,0,2,1,6,0,1,1,2,15.0,1,882
2444,7,1,25.11620375835664,5,0,0,2,2,9,6,2,1,2,2.0,1,883
2445,3,1,72.10752428247497,4,1,0,2,1,4,0,1,1,1,7.0,1,883
2446,5,0,6.907192302018222,5,0,0,4,2,1,3,2,0,0,0.0,0,883
2447,2,1,16.48039707079852,5,6,0,3,2,5,5,2,3,0,0.0,1,884
2448,2,0,14.0,5,0,0,2,2,2,4,2,0,0,0.0,0,884
2449,2,0,8.604537659317053,5,5,2,3,2,1,3,2,0,0,0.0,0,885
2450,0,0,30.913292995054647,5,6,0,3,1,10,0,1,1,2,22.051246465544388,1,886
2451,2,1,9.459953074843645,5,5,0,2,2,1,4,2,0,0,0.0,0,887
2452,0,0,37.86306322654528,0,6,2,3,1,6,0,1,1,2,33.81475383658558,1,887
2453,6,0,16.0,5,6,3,5,2,5,5,2,1,2,3.0,2,887
2454,0,0,47.192569521100324,0,0,3,4,1,3,0,1,1,2,4.0,2,887
2455,4,0,21.0,5,7,0,2,2,7,6,2,1,2,5.0,1,887
2456,2,1,20.181540249302756,5,6,0,3,2,6,6,3,1,2,2.0,1,887
2457,1,1,44.07738075408688,0,5,3,3,1,9,0,1,3,0,0.0,1,887
2458,2,0,21.0,5,0,0,3,2,7,6,2,3,2,4.0,2,887
2459,7,0,45.89299700483153,2,6,0,3,1,2,0,1,3,2,0.0,1,887
2460,6,0,33.22660797288749,3,6,2,4,1,4,0,1,3,0,3.0,1,888
2461,2,1,17.106475086104883,5,6,0,3,2,5,5,2,1,2,4.0,1,888
2462,2,0,3.9841586577449415,5,0,0,0,2,0,1,3,0,0,0.0,0,888
2463,2,0,16.0,5,5,3,3,2,4,5,2,3,0,9.0,2,888
2464,0,0,55.74957282753543,0,0,0,2,1,9,0,1,1,2,8.681536653202373,1,888
2465,2,0,16.0,5,0,0,2,2,4,5,2,3,2,0.0,1,888
2466,0,0,37.0985193011047,0,0,0,2,1,6,0,1,2,2,3.0,1,889
2467,5,0,22.09501366457186,5,0,2,3,1,6,0,1,3,2,12.0,1,889
2468,2,1,8.12885889476742,5,3,0,3,2,0,3,2,0,0,0.0,0,889
2469,0,0,52.0,3,1,0,2,1,7,0,1,3,0,3.0,2,890
2470,2,0,15.058791800926095,5,3,2,4,2,2,5,3,0,0,0.0,0,891
2471,2,1,11.659631170720976,5,0,0,2,2,2,4,2,0,0,0.0,0,891
2472,1,1,43.77443349658152,0,1,0,2,1,6,0,1,1,2,12.0,1,891
2473,6,0,19.0,5,1,0,4,1,5,0,1,1,2,3.0,2,892
2474,0,0,63.17743074513397,0,0,2,4,1,2,0,1,3,1,15.872575693259067,1,892
2475,0,1,53.51729213712046,4,0,0,2,1,6,0,1,3,0,2.1696120063993845,1,893
2476,1,1,55.015553847963076,0,0,2,3,1,7,0,1,1,2,10.955834360816795,1,893
2477,2,0,19.81705765553895,5,0,0,2,1,5,0,1,2,2,1.0,1,894
2478,7,0,61.15722006095463,1,6,3,5,1,2,0,1,2,2,1.0,1,894
2479,1,1,38.06257829767996,0,3,2,4,1,6,0,1,1,2,15.0,1,894
2480,0,0,52.0,0,3,2,5,1,6,0,1,1,1,17.0,1,894
2481,0,0,74.0411998286481,0,0,0,2,1,9,0,1,3,0,19.73435275214621,2,895
2482,0,1,77.13670124772503,3,0,0,2,1,9,0,1,3,0,7.0,1,895
2483,0,0,71.76404423050919,0,0,0,2,1,9,0,1,3,0,30.282231736048665,1,895
2484,0,0,60.947445454643024,0,0,0,2,1,9,0,1,3,1,12.0,1,895
2485,0,0,48.36949617313323,0,0,0,2,1,7,0,1,1,1,98.99990124993491,1,896
2486,1,0,41.0,0,0,3,5,1,2,0,1,3,0,5.0,1,897
2487,1,1,40.0,0,0,0,2,1,6,0,1,1,2,13.633481368570301,1,897
2488,0,1,30.0,5,0,0,2,1,6,0,1,1,2,6.0,1,898
2489,2,1,38.468211486607885,5,0,0,3,1,6,0,1,3,0,0.0,1,898
2490,0,1,63.60998772574096,3,4,2,5,1,7,0,1,3,0,16.13460947464314,1,898
2491,2,1,14.0,5,1,0,2,2,2,5,3,0,0,0.0,0,898
2492,7,0,34.9017448047514,0,6,3,1,2,2,4,2,1,2,8.0,1,899
2493,0,0,52.78882234080754,2,0,0,2,1,6,0,1,1,2,49.023348668110486,1,900
2494,1,1,39.3661135338392,0,0,0,2,1,7,0,1,3,0,0.0,1,900
2495,0,0,43.0,0,6,0,3,2,7,6,2,1,2,16.07886761457711,1,901
2496,0,0,57.00063459624676,5,0,0,2,1,9,0,1,1,2,76.22254202169002,2,902
2497,2,0,12.561316373900105,5,5,0,2,2,2,4,2,0,0,0.0,0,903
2498,0,1,67.8282331516133,4,0,0,2,1,6,0,1,3,0,20.218189732759395,1,903
2499,2,0,30.810111935125526,0,3,2,4,1,6,0,1,1,2,19.06206185389629,1,903
2500,7,0,49.0,5,0,2,3,1,1,0,1,1,2,8.0,1,904
2501,1,1,44.07589534668836,0,3,0,2,1,8,0,1,1,2,14.271115505254144,2,905
2502,2,1,21.0,2,1,0,2,1,6,0,1,1,2,11.205085187273767,1,905
2503,2,0,20.308892342392152,5,6,3,3,2,6,5,2,1,2,3.0,1,906
2504,0,0,49.0,0,0,2,3,1,9,0,1,1,2,36.11874040965539,1,907
2505,0,0,52.0,3,0,0,2,1,9,0,1,1,2,31.837882483363874,1,908
2506,1,1,32.21805491027143,0,0,0,2,1,6,0,1,1,1,8.0,1,908
2507,1,1,45.88168387133608,0,6,3,1,1,0,0,1,3,0,0.0,1,908
2508,1,1,63.14505027270057,0,0,0,2,1,10,0,1,3,2,23.49578145113022,1,908
2509,1,1,49.0,0,0,0,2,1,7,0,1,3,0,0.0,1,908
2510,2,1,10.005846986273362,5,0,0,2,1,1,0,1,0,0,0.0,0,909
2511,0,1,52.77634666938574,0,7,3,5,1,7,0,1,1,1,44.74756719389568,2,909
2512,0,1,49.86049021978648,2,0,0,2,1,8,0,1,3,2,0.0,1,909
2513,0,0,42.26514867791316,0,0,0,2,1,6,0,1,1,2,30.76429115991919,2,909
2514,2,0,12.0,5,0,0,2,2,2,4,3,0,0,0.0,0,909
2515,0,0,25.083613469229583,0,6,3,3,1,6,0,1,1,2,3.0,1,910
2516,1,1,45.97545290366391,0,5,2,4,1,6,0,1,3,0,0.0,1,910
2517,0,0,60.99024723454221,0,0,0,2,1,6,0,1,1,2,39.382103859522985,1,911
2518,0,0,40.0,3,0,0,2,1,4,0,1,3,2,6.0,1,911
2519,0,0,73.87752148949872,0,7,0,2,1,9,0,1,3,0,30.07659220697474,1,912
2520,0,0,46.11133946705621,3,0,0,2,1,7,0,1,1,1,18.044097820525202,2,912
2521,0,0,54.11724427933554,0,0,0,2,1,6,0,1,1,2,13.0,2,912
2522,2,1,37.07019580359105,3,0,0,2,1,6,0,1,1,2,16.21519724664122,1,912
2523,0,1,55.03459346290381,0,0,0,2,1,10,0,1,3,2,20.275478799180767,2,913
2524,0,1,30.72758814590533,5,0,0,2,1,6,0,1,2,1,5.0,2,913
2525,2,0,13.031410660593892,5,5,0,3,2,2,4,2,0,0,0.0,0,914
2526,2,1,4.0399064701929595,5,0,0,0,2,0,1,2,0,0,0.0,0,915
2527,2,1,9.0,5,6,0,4,2,1,3,2,0,0,0.0,0,915
2528,2,0,19.0,5,0,0,2,2,6,5,2,1,2,2.0,1,915
2529,2,0,2.9911209444996434,5,0,0,0,2,0,1,3,0,0,0.0,0,915
2530,7,1,79.18127499425174,1,0,0,2,1,6,0,1,3,2,0.0,2,916
2531,2,0,12.0,5,0,0,2,2,2,4,2,0,0,0.0,0,917
2532,0,0,63.185979887199636,0,0,0,2,1,9,0,1,3,2,59.50749318626212,1,917
2533,2,0,16.0,5,5,3,3,2,4,5,2,3,0,9.0,2,918
2534,2,1,18.04683150014299,5,5,0,3,2,6,5,2,1,2,0.0,1,918
2535,7,0,19.0,5,0,3,3,2,7,6,2,1,1,1.0,1,919
2536,2,1,3.9770850441374215,5,0,0,0,1,0,0,1,0,0,0.0,0,920
2537,1,1,40.0,0,0,0,2,2,7,6,2,3,2,0.0,1,921
2538,2,0,22.98701638022108,5,1,0,2,1,5,0,1,1,2,6.0,1,921
2539,2,1,13.813004535402651,5,0,0,3,2,2,4,2,0,0,0.0,0,922
2540,0,1,75.05758848001662,3,0,0,2,1,6,0,1,1,2,4.0,2,923
2541,4,1,29.0,5,0,0,2,1,6,0,1,1,2,9.0,1,924
2542,6,0,19.0,5,1,0,4,1,5,0,1,1,2,3.0,2,925
2543,1,0,49.0,0,6,3,3,1,2,0,1,1,2,11.022121690432977,1,926
2544,2,0,2.0411163073088523,5,0,0,0,0,0,0,0,0,0,0.0,0,926
2545,0,0,49.0,0,6,3,4,1,4,0,1,1,2,11.073800611030222,1,926
2546,1,1,40.0,0,0,0,2,2,7,6,2,1,2,17.0,1,926
2547,2,0,45.0,3,2,0,2,1,6,0,1,1,2,10.94209314354969,1,927
2548,0,0,64.6993787346575,5,0,0,2,1,6,0,1,1,2,47.19853572129416,1,928
2549,5,0,1.9738192464948077,5,0,0,0,0,0,0,0,0,0,0.0,0,928
2550,2,1,17.10093149119267,5,0,0,2,2,5,5,2,3,2,1.0,1,929
2551,2,1,9.0,5,1,0,2,2,1,3,2,0,0,0.0,0,929
2552,2,0,1.0,5,6,0,0,0,0,0,0,0,0,0.0,0,929
2553,0,0,36.0,0,6,0,3,1,6,0,1,1,2,23.056245881200226,1,930
2554,0,1,64.13349099573183,0,0,0,2,1,6,0,1,3,0,10.0,1,930
2555,2,0,10.124091686860142,5,6,0,4,2,1,3,2,0,0,0.0,0,930
2556,2,0,21.0,5,0,0,3,2,7,6,2,3,2,4.0,2,931
2557,0,1,23.879800950108397,5,3,3,3,1,7,0,1,1,2,9.0,1,932
2558,7,1,21.0,5,3,0,3,2,7,6,3,3,2,2.0,1,932
2559,1,1,47.83140923805874,0,6,3,1,1,1,0,1,1,2,9.0,1,932
2560,1,1,52.0,0,0,0,3,2,7,6,2,3,2,8.0,1,933
2561,1,1,38.56153750295043,0,6,0,2,1,6,0,1,3,0,0.0,2,934
2562,7,1,7.0647732549627005,5,2,0,3,2,1,3,2,0,0,0.0,0,934
2563,2,0,17.75598893278125,5,0,0,2,2,2,5,2,3,0,0.0,1,934
2564,1,1,52.9460751005978,0,6,3,5,1,2,0,1,3,0,0.0,2,934
2565,2,0,3.9317733473478755,5,7,0,0,1,0,0,1,0,0,0.0,0,934
2566,7,0,36.0,3,0,0,2,1,8,0,1,1,2,17.0,1,934
2567,0,1,47.992943390760516,3,0,0,2,1,8,0,1,1,2,23.643915063721067,1,935
2568,7,0,36.0,5,0,0,2,1,6,0,1,1,2,8.0,1,935
2569,0,0,61.113692699398506,0,1,0,2,1,10,0,1,1,2,43.00438167235446,2,935
2570,2,0,11.0,5,0,0,2,2,2,4,2,0,0,0.0,0,935
2571,2,1,14.0,5,5,0,2,2,3,5,2,0,0,0.0,0,936
2572,7,1,21.0,5,0,0,2,1,6,0,1,1,2,7.0,1,936
2573,2,1,2.0152247768308693,5,0,0,0,0,0,0,0,0,0,0.0,0,937
2574,0,0,46.92779731886378,1,0,2,3,1,7,0,1,1,1,6.0,1,937
2575,1,0,21.0,0,0,0,3,1,6,0,1,3,0,0.0,1,937
2576,2,0,5.076483694792367,5,0,0,2,1,0,0,1,0,0,0.0,0,937
2577,0,1,36.0,3,6,0,2,1,6,0,1,1,2,19.963862773623955,1,938
2578,2,1,14.278842804023347,5,0,0,2,2,2,5,2,0,0,0.0,0,938
2579,7,0,25.987216617516538,5,0,0,2,1,8,0,1,1,2,27.293917779741285,2,939
2580,0,1,76.9624370525652,4,0,0,2,1,4,0,1,3,0,6.0,1,940
2581,0,1,30.0,0,6,3,1,1,0,0,1,3,2,8.0,1,940
2582,0,1,74.53849057469131,4,0,0,2,1,6,0,1,3,0,6.0,1,940
2583,0,0,43.0,0,1,0,2,1,7,0,1,1,2,15.0,1,940
2584,1,1,47.94727727485709,0,1,0,2,1,6,0,1,1,2,37.51140694474624,1,941
2585,2,0,2.9761311417244967,5,1,0,0,2,1,1,2,0,0,0.0,0,942
2586,1,0,85.0,0,2,0,3,1,0,0,1,3,1,6.0,1,942
2587,0,0,37.35438847697339,0,0,0,2,1,9,0,1,1,2,45.174822159736344,1,942
2588,2,0,7.148363494577071,5,0,0,3,2,1,3,2,0,0,0.0,0,943
2589,0,1,66.09176319675258,4,0,2,3,1,7,0,1,3,0,37.487826853041454,1,943
2590,2,0,27.295184104470387,5,0,0,2,1,6,0,1,3,2,12.103606913616852,1,943
2591,1,0,38.87535144592811,0,0,0,2,1,7,0,1,1,2,25.262501531181623,1,944
2592,2,0,5.99722022851816,5,6,0,4,2,0,3,2,0,0,0.0,0,944
2593,2,0,6.046156739577882,5,3,0,3,2,1,3,2,0,0,0.0,0,944
2594,0,0,46.85977409015998,0,1,2,3,1,9,0,1,1,2,29.91899882908878,1,944
2595,2,1,14.0,5,5,0,2,2,2,5,2,0,0,0.0,0,945
2596,0,1,52.0,4,0,0,2,1,7,0,1,1,2,2.0,1,946
2597,2,0,38.89304127784819,5,0,0,2,1,5,0,1,3,0,0.0,1,946
2598,0,0,52.0,0,0,0,3,1,6,0,1,1,2,0.5666682367998248,1,946
2599,0,0,24.3346079948373,0,0,0,2,1,5,0,1,3,2,2.0,1,947
2600,1,1,45.0,0,0,0,2,1,6,0,1,1,2,11.94931263520896,1,947
2601,7,1,32.70946904163324,2,0,3,1,1,2,0,1,3,2,7.0,1,948
2602,2,1,15.19865221221847,5,0,0,2,1,0,0,1,0,0,0.0,0,948
2603,3,1,67.25262937130383,0,0,3,2,1,0,0,1,3,0,3.0,1,949
2604,2,1,12.664316682666932,5,0,0,3,2,2,4,2,0,0,0.0,0,949
2605,7,1,42.28980590182897,3,0,0,2,1,7,0,1,1,2,12.0,1,950
2606,1,1,80.98625770741275,0,0,0,2,1,7,0,1,3,0,3.0,1,950
2607,0,0,30.0,5,0,0,2,1,6,0,1,1,2,17.892565009504537,1,950
2608,7,1,36.0,3,0,0,2,1,6,0,1,1,1,39.901929606130324,1,951
2609,2,0,41.0,5,0,0,2,1,6,0,1,1,2,10.858185386753654,1,952
2610,0,0,57.05549050344796,0,0,2,5,1,0,0,1,1,2,3.0,2,952
2611,2,0,3.969618092606881,5,1,0,0,1,0,0,1,0,0,0.0,0,952
2612,7,1,33.68353852428346,5,0,0,2,1,1,0,1,1,2,1.209008957558786,1,953
2613,2,1,9.0,5,0,0,2,2,1,3,3,0,0,0.0,0,953
2614,0,0,30.0,0,0,0,2,1,7,0,1,1,1,20.13914016648807,1,953
2615,2,0,1.9973897768675948,5,0,0,0,0,0,0,0,0,0,0.0,0,953
2616,1,0,52.81898832438698,0,0,0,2,1,7,0,1,1,2,29.91213426278855,1,954
2617,6,0,16.705226552222438,5,6,0,3,2,4,5,2,3,2,0.0,1,954
2618,0,0,43.0,4,0,0,2,1,9,0,1,1,2,23.33185000826859,1,954
2619,0,1,37.01475238921613,5,0,3,1,1,0,0,1,3,2,5.0,1,954
2620,7,0,12.0,5,0,3,3,2,2,4,2,0,0,0.0,0,954
2621,2,0,2.0418040408006197,5,2,0,0,0,0,0,0,0,0,0.0,0,954
2622,0,0,45.0,0,0,0,2,1,6,0,1,1,2,22.788736848151512,1,955
2623,0,1,74.81138919190163,4,0,0,2,1,6,0,1,3,0,6.0,1,955
2624,0,1,79.73526914004798,3,1,0,2,1,6,0,1,3,0,8.0,2,956
2625,0,0,47.02115469924059,0,1,2,3,1,9,0,1,1,2,30.2414420417086,1,956
2626,1,1,57.936285149567404,0,0,0,2,1,6,0,1,1,1,2.0,1,957
2627,3,1,72.23863426560153,4,1,0,2,1,4,0,1,1,1,7.0,1,957
2628,7,0,21.858410052091447,5,6,0,4,1,6,0,1,1,2,15.0,1,957
2629,2,0,29.0,3,0,0,2,2,6,6,3,1,2,5.0,1,957
2630,1,1,35.11100265949969,0,0,0,2,1,9,0,1,1,2,54.401109021823856,2,957
2631,4,1,19.0,1,6,3,4,1,6,0,1,1,2,2.0,1,958
2632,2,1,9.0,5,0,0,2,2,1,3,2,0,0,0.0,0,958
2633,0,1,30.0,0,6,0,4,1,6,0,1,3,2,18.911032248456852,1,958
2634,1,1,53.83722966908684,0,0,0,2,1,6,0,1,3,2,0.0,1,958
2635,0,0,52.0,0,0,0,2,1,10,0,1,1,2,34.38260106348483,1,959
2636,2,0,16.087474404478346,5,6,0,3,2,5,5,2,3,2,0.0,1,959
2637,4,0,21.749682636780275,5,6,3,3,1,3,0,1,1,2,8.0,1,960
2638,2,0,8.68485000510167,5,6,0,3,2,1,3,2,0,0,0.0,0,960
2639,5,0,6.920650941749734,5,0,0,4,2,1,3,2,0,0,0.0,0,960
2640,0,0,52.0,0,0,0,2,1,6,0,1,1,2,25.455478545735314,1,960
2641,7,0,23.91679753618235,5,0,3,1,1,3,0,1,1,2,1.0,2,960
2642,1,1,36.0,0,0,3,1,1,3,0,1,1,2,10.0,1,961
2643,1,1,36.0,0,0,0,2,1,8,0,1,3,1,0.0,1,961
2644,2,1,1.0,5,6,0,0,0,0,0,0,0,0,0.0,0,961
2645,1,1,45.0,0,0,0,2,1,10,0,1,1,1,25.073903295479564,1,961
2646,0,0,51.01104683404584,0,5,0,4,1,7,0,1,3,2,7.0,1,962
2647,2,0,33.19055519095267,0,4,0,3,1,6,0,1,1,2,7.0,1,962
2648,1,1,45.922362456728045,0,0,3,2,1,9,0,1,1,1,6.0,1,963
2649,1,0,22.58862136356841,0,7,0,2,2,9,7,2,1,2,2.0,1,963
2650,2,0,9.0,5,6,0,2,2,1,3,2,0,0,0.0,0,964
2651,2,1,7.649656114203507,5,0,0,2,2,1,3,2,0,0,0.0,0,964
2652,2,1,12.0,5,7,0,2,2,2,4,2,0,0,0.0,0,964
2653,1,1,51.05346811737284,0,0,2,4,1,2,0,1,3,0,0.0,1,965
2654,1,1,39.26523362869405,0,5,2,4,1,8,0,1,1,2,17.93370495895201,1,965
2655,4,0,23.19732912636531,5,6,3,3,1,1,0,1,1,1,7.0,2,966
2656,0,0,38.16912755492506,0,6,2,3,1,6,0,1,1,2,34.028825283838046,1,966
2657,0,0,55.19984894673553,0,7,0,2,1,6,0,1,3,2,0.0,2,966
2658,0,0,52.90351806057113,0,0,0,2,1,9,0,1,1,2,27.376035352387746,1,967
2659,1,1,26.72959475427819,0,1,0,2,1,8,0,1,1,2,4.0,1,967
2660,0,0,22.942745097841087,5,7,0,2,1,6,0,1,1,2,6.0,1,967
2661,2,0,33.91356928895433,0,6,0,2,1,9,0,1,1,2,17.0,1,967
2662,2,0,7.794781571065916,5,0,0,3,2,1,3,2,0,0,0.0,0,967
2663,0,0,23.923870044951816,5,0,0,2,1,7,0,1,1,2,0.0,1,968
2664,0,0,76.93582202279626,0,0,2,4,1,2,0,1,3,0,5.0,1,969
2665,1,1,40.0,0,1,0,2,1,9,0,1,2,2,10.420376307424958,1,969
2666,2,1,21.0,2,1,0,2,1,6,0,1,1,2,11.095302980431754,1,970
2667,2,0,20.130547683591224,5,1,0,2,1,6,0,1,3,0,0.0,1,970
2668,2,1,1.0,5,6,0,0,0,0,0,0,0,0,0.0,0,970
2669,2,0,3.9789983121813277,5,1,0,0,2,0,1,3,0,0,0.0,0,970
2670,7,1,20.14520457110599,5,7,2,3,2,7,6,3,1,2,1.0,1,971
2671,0,0,26.828586948989944,5,0,0,2,2,9,7,2,1,1,5.0,1,972
2672,1,1,37.96757889985561,0,6,2,5,1,2,0,1,1,2,7.0,1,972
2673,0,1,85.0,4,0,0,2,1,2,0,1,3,0,2.0,2,973
2674,2,0,9.919265752359287,5,6,0,3,2,1,3,2,0,0,0.0,0,974
2675,0,0,45.0,0,0,0,2,1,6,0,1,1,2,27.74790165224068,1,974
2676,0,0,32.0,5,0,0,2,1,9,0,1,1,2,99.0,1,975
2677,7,0,45.88042668897009,0,5,2,5,1,6,0,1,3,1,10.0,1,975
2678,2,0,3.0037555199465498,5,6,0,0,1,0,0,1,0,0,0.0,0,976
2679,1,1,36.26818134205018,0,0,0,2,1,7,0,1,3,0,0.0,1,976
2680,7,1,3.0084788076946727,5,0,0,0,1,0,0,1,0,0,0.0,0,977
2681,1,1,60.093835772821095,0,5,2,2,1,6,0,1,1,2,14.936828327194895,1,978
2682,4,1,57.84668455638121,3,0,0,2,1,4,0,1,3,2,5.0,1,979
2683,0,0,49.0,0,3,0,5,1,10,0,1,1,2,12.0,2,979
2684,0,1,74.00383349659342,3,7,0,2,1,8,0,1,1,2,4.0,1,979
2685,2,1,1.0,5,6,0,0,0,0,0,0,0,0,0.0,0,980
2686,0,1,25.94043101620969,0,6,0,3,1,7,0,1,1,2,21.162390895532447,2,980
2687,2,1,0.0,5,0,0,0,0,0,0,0,0,0,0.0,0,980
2688,0,0,44.005309395073866,0,6,3,5,1,2,0,1,1,2,6.0,1,981
2689,1,1,23.078054299592687,0,1,0,2,1,8,0,1,1,2,5.0,1,981
2690,2,0,9.0,5,1,0,2,2,0,3,2,0,0,0.0,0,981
2691,2,0,19.0,5,0,0,2,2,6,5,2,1,2,2.0,1,981
2692,2,1,5.134811759752058,5,6,0,4,1,0,0,1,0,0,0.0,0,981
2693,2,1,17.97643947039244,5,0,0,2,2,6,5,2,3,0,0.0,1,982
2694,0,0,45.0,0,0,0,2,1,6,0,1,1,2,39.30440241140633,1,983
2695,0,1,38.99988876287053,5,0,0,2,1,9,0,1,1,2,45.45680432668489,1,983
2696,0,0,63.48575968831486,0,0,2,4,1,2,0,1,3,1,16.15099501918389,1,983
2697,1,1,44.13747094927921,0,5,2,3,1,9,0,1,3,2,0.0,1,983
2698,1,1,38.24782503574031,0,4,3,4,1,9,0,1,1,2,5.0,1,984
2699,2,1,18.11757551149882,5,5,0,3,2,6,5,2,1,2,0.0,1,984
2700,1,1,45.46712993344157,0,0,0,2,1,6,0,1,1,2,12.0,1,985
2701,2,1,10.884931707527157,5,0,0,3,2,2,4,2,0,0,0.0,0,985
2702,2,0,18.240046293983216,5,1,0,2,2,5,5,2,3,0,0.0,1,985
2703,2,0,8.009610073529624,5,0,0,2,2,1,3,2,0,0,0.0,0,985
2704,2,0,11.0,5,0,0,2,2,1,3,3,0,0,0.0,0,985
2705,2,0,7.090636374605027,5,6,0,2,2,1,3,2,0,0,0.0,0,985
2706,1,0,29.0,0,5,3,2,1,2,0,1,1,2,21.74625412479398,1,986
2707,1,1,38.13211529252462,0,6,2,5,1,2,0,1,1,2,7.0,1,986
2708,2,0,16.88254270972521,5,0,0,2,2,2,5,2,3,0,0.0,1,986
2709,0,0,45.0,0,6,3,5,1,2,0,1,3,2,9.0,1,986
2710,1,1,41.0,0,5,2,3,1,9,0,1,3,2,28.67655875931015,1,986
2711,0,1,51.62656295648828,3,0,0,2,1,9,0,1,1,2,13.0,1,986
2712,2,1,23.80769856542636,5,6,3,3,1,5,0,1,1,1,8.0,2,986
2713,7,1,25.775835617177595,2,6,3,3,1,2,0,1,3,0,0.0,1,986
2714,2,0,2.9389167553300592,5,0,0,0,2,0,1,3,0,0,0.0,0,986
2715,0,0,63.077117178369114,3,0,3,2,1,9,0,1,1,2,56.23083105629977,1,986
2716,0,0,74.27398752029413,4,3,2,1,1,2,0,1,3,0,0.0,1,987
2717,1,1,40.0,0,0,3,3,1,5,0,1,3,2,13.0,2,987
2718,0,0,62.93719808463961,0,0,0,2,1,9,0,1,1,2,40.90722873008411,1,988
2719,0,0,32.749864840111606,0,0,0,2,1,9,0,1,1,2,53.49213366742172,1,988
2720,2,0,5.963676152819426,5,5,0,3,2,1,3,2,0,0,0.0,0,988
2721,1,1,47.033954941953674,0,0,0,2,1,10,0,1,3,2,0.0,1,988
2722,0,0,52.0,3,1,0,2,1,7,0,1,3,0,3.0,2,989
2723,0,0,68.59257759345037,0,0,0,2,1,6,0,1,3,0,13.0,1,989
2724,2,1,21.0,2,1,0,2,1,6,0,1,1,2,10.66945320301461,1,989
2725,7,0,22.409703438664067,0,0,3,2,1,2,0,1,1,2,5.0,1,990
2726,0,0,47.15395147171836,1,0,2,3,1,7,0,1,1,1,6.0,1,991
2727,1,1,49.93163438454752,0,0,2,3,1,7,0,1,2,2,5.0,2,992
2728,1,1,42.55044846350033,0,0,3,2,1,9,0,1,3,0,0.0,1,992
2729,2,0,1.0,5,0,0,0,0,0,0,0,0,0,0.0,0,992
2730,0,0,21.818947063928906,5,0,0,2,2,7,6,2,1,2,12.0,1,992
2731,2,0,5.664457245274279,5,1,0,2,2,1,3,2,0,0,0.0,0,992
2732,1,1,45.0,0,0,0,2,1,10,0,1,1,1,24.747422568855782,1,992
2733,0,1,43.0,3,0,2,3,1,9,0,1,1,2,36.88727192642934,1,993
2734,0,0,47.165976619288415,0,0,0,2,1,7,0,1,1,2,18.955747811350964,1,993
2735,2,1,3.0017406396463384,5,0,0,0,1,0,0,1,0,0,0.0,0,993
2736,7,0,43.0,3,0,0,2,1,6,0,1,3,2,19.996353453289057,1,994
2737,1,1,36.95730961372654,0,6,3,5,1,6,0,1,3,0,0.0,1,995
2738,2,1,12.0,5,0,0,2,2,2,4,2,0,0,0.0,0,996
2739,0,1,75.10708633411983,4,0,0,2,1,6,0,1,3,0,7.0,1,996
2740,0,0,47.885097236973365,0,0,0,2,1,7,0,1,1,1,98.99989817192852,1,996
2741,2,0,6.001277645071428,5,6,0,4,2,0,3,2,0,0,0.0,0,996
2742,2,1,3.0122113200128915,5,0,0,0,2,0,1,3,0,0,0.0,0,997
2743,1,1,39.06546350648232,0,6,3,5,1,6,0,1,1,2,6.0,1,997
2744,1,1,21.0,0,0,3,5,1,2,0,1,3,0,0.0,1,998
2745,0,0,52.0,0,0,2,4,1,2,0,1,3,2,23.30416388092847,2,998
2746,0,0,43.886568543312805,0,6,3,5,1,2,0,1,3,2,15.948243303632182,2,998
2747,7,1,50.999789987120124,4,5,2,2,1,6,0,1,1,1,6.0,1,998
2748,4,0,25.959861691018386,5,0,3,2,1,6,0,1,1,2,0.0,1,998
2749,0,0,40.0,0,6,0,3,1,8,0,1,1,2,29.900409873274345,1,998
2750,2,0,17.060740867739895,5,6,0,3,2,5,5,2,1,2,1.0,1,999
