session_id,user_id,action,action_type,action_detail,device_type,secs_elapsed
21,3056,54.0,6.0,24.0,6.0,141460.0
22,3056,154.0,2.0,99.0,6.0,19140.0
23,3056,187.0,0.0,0.0,6.0,17868.0
24,3056,118.0,3.0,101.0,6.0,1072.0
25,3056,118.0,3.0,101.0,6.0,1306.0
26,3056,81.0,7.0,99.0,6.0,7291.0
27,3056,165.0,3.0,78.0,6.0,1080.0
28,3056,154.0,2.0,99.0,6.0,7918.0
29,3056,158.0,7.0,57.0,6.0,4380.0
30,3056,154.0,2.0,99.0,6.0,9613.0
61,1640,10.0,0.0,0.0,10.0,56990.0
62,1640,9.0,2.0,14.0,10.0,385601.0
63,1640,183.0,6.0,85.0,10.0,14718.0
64,1640,9.0,2.0,14.0,10.0,2016.0
65,1640,102.0,7.0,38.0,10.0,11777.0
66,1640,23.0,2.0,17.0,10.0,43.0
67,1640,10.0,0.0,0.0,10.0,202605.0
68,1640,31.0,6.0,20.0,10.0,744.0
69,1640,23.0,2.0,17.0,10.0,20.0
70,1640,127.0,0.0,0.0,10.0,18955.0
91,1689,158.0,7.0,92.0,11.0,134.0
92,1689,6.0,0.0,0.0,0.0,323.0
93,1689,158.0,7.0,57.0,11.0,212.0
94,1689,6.0,0.0,0.0,11.0,203318.0
95,1689,150.0,3.0,41.0,11.0,38.0
96,1689,158.0,7.0,92.0,11.0,5389.0
97,1689,153.0,2.0,99.0,11.0,23897.0
98,1689,6.0,0.0,0.0,11.0,61700.0
99,1689,43.0,2.0,37.0,11.0,46037.0
100,1689,158.0,7.0,92.0,11.0,59.0
126,2917,81.0,7.0,99.0,6.0,804.0
127,2917,81.0,7.0,99.0,6.0,923.0
128,2917,118.0,3.0,101.0,6.0,1586.0
129,2917,81.0,7.0,99.0,6.0,4864.0
130,2917,154.0,2.0,99.0,6.0,22404.0
131,2917,158.0,7.0,57.0,10.0,125697.0
132,2917,10.0,0.0,0.0,6.0,43.0
133,2917,158.0,7.0,57.0,6.0,507.0
134,2917,81.0,7.0,99.0,6.0,29593.0
135,2917,118.0,3.0,101.0,6.0,836.0
146,130,61.0,7.0,68.0,6.0,867.0
147,130,47.0,0.0,0.0,6.0,608.0
148,130,56.0,7.0,26.0,6.0,3149.0
149,130,60.0,7.0,28.0,6.0,286.0
150,130,158.0,7.0,57.0,6.0,155.0
151,130,147.0,7.0,60.0,6.0,1247.0
152,130,61.0,7.0,68.0,6.0,888.0
153,130,158.0,7.0,56.0,6.0,856465.0
154,130,23.0,2.0,17.0,6.0,32.0
155,130,60.0,7.0,28.0,6.0,1025.0
156,1822,154.0,2.0,99.0,6.0,1922.0
157,1822,158.0,7.0,57.0,6.0,366.0
158,1822,49.0,2.0,19.0,6.0,35704.0
159,1822,154.0,2.0,99.0,6.0,1766.0
160,1822,118.0,3.0,101.0,6.0,488.0
161,1822,154.0,2.0,99.0,6.0,2067.0
162,1822,118.0,3.0,101.0,6.0,2354.0
163,1822,118.0,3.0,101.0,6.0,3228.0
164,1822,154.0,2.0,99.0,6.0,357.0
165,1822,158.0,7.0,57.0,6.0,299.0
186,1694,114.0,7.0,2.0,8.0,10.0
187,1694,147.0,7.0,60.0,8.0,669.0
188,1694,147.0,7.0,60.0,8.0,884.0
189,1694,81.0,3.0,96.0,8.0,838.0
190,1694,103.0,7.0,1.0,8.0,3056.0
191,1694,157.0,0.0,0.0,8.0,0.0
192,1694,6.0,0.0,0.0,0.0,57246.0
193,1694,74.0,3.0,34.0,8.0,2679.0
194,1694,134.0,6.0,73.0,8.0,1354.0
195,1694,56.0,7.0,26.0,8.0,1470.0
206,1789,74.0,3.0,34.0,7.0,405.0
207,1789,23.0,2.0,17.0,7.0,17.0
208,1789,9.0,2.0,14.0,7.0,114446.0
209,1789,56.0,7.0,26.0,11.0,830.0
210,1789,56.0,7.0,26.0,11.0,1019.0
211,1789,74.0,3.0,34.0,11.0,1795.0
212,1789,165.0,3.0,78.0,7.0,103.0
213,1789,74.0,3.0,34.0,7.0,136.0
214,1789,142.0,0.0,0.0,7.0,57.0
215,1789,49.0,2.0,19.0,11.0,386780.0
216,3024,181.0,3.0,84.0,11.0,700.0
217,3024,158.0,7.0,92.0,11.0,0.0
218,3024,6.0,0.0,0.0,11.0,167.0
219,3024,153.0,2.0,99.0,11.0,3846.0
220,3024,158.0,0.0,0.0,11.0,640.0
221,3024,153.0,2.0,99.0,11.0,34067.0
222,3024,183.0,6.0,87.0,11.0,1684.0
223,3024,158.0,7.0,92.0,11.0,1613.0
224,3024,81.0,7.0,48.0,11.0,48.0
225,3024,153.0,2.0,99.0,11.0,200900.0
236,3130,31.0,6.0,20.0,6.0,682.0
237,3130,118.0,3.0,101.0,6.0,131.0
238,3130,142.0,0.0,0.0,6.0,147.0
239,3130,56.0,7.0,26.0,6.0,878.0
240,3130,158.0,7.0,57.0,6.0,188.0
241,3130,158.0,7.0,57.0,6.0,47.0
242,3130,118.0,3.0,101.0,6.0,731.0
243,3130,118.0,3.0,101.0,6.0,57324.0
244,3130,81.0,7.0,99.0,6.0,703.0
245,3130,23.0,2.0,17.0,6.0,530.0
296,1499,116.0,1.0,62.0,11.0,21664.0
297,1499,43.0,2.0,37.0,11.0,111850.0
298,1499,43.0,2.0,20.0,11.0,17630.0
299,1499,158.0,0.0,0.0,0.0,653.0
300,1499,0.0,4.0,49.0,11.0,1715370.0
301,1499,0.0,4.0,49.0,11.0,1085000.0
302,1949,158.0,0.0,0.0,11.0,82.0
303,1949,56.0,7.0,26.0,11.0,410.0
304,1949,183.0,6.0,87.0,11.0,9282.0
305,1949,0.0,4.0,49.0,11.0,8668.0
306,1949,158.0,0.0,0.0,11.0,61.0
307,1949,158.0,0.0,0.0,11.0,277.0
308,1949,112.0,3.0,61.0,11.0,40070.0
309,1949,158.0,0.0,0.0,11.0,634.0
310,1949,181.0,3.0,84.0,11.0,258.0
311,1949,74.0,3.0,34.0,11.0,932.0
317,1920,23.0,2.0,17.0,10.0,115677.0
318,1920,56.0,7.0,26.0,2.0,561.0
319,1920,74.0,3.0,34.0,10.0,104.0
320,1920,49.0,2.0,19.0,2.0,1263747.0
321,1920,105.0,0.0,0.0,10.0,11047.0
322,1920,74.0,3.0,34.0,2.0,3151.0
323,1920,165.0,3.0,78.0,10.0,86.0
324,1920,118.0,3.0,101.0,10.0,884.0
325,1920,56.0,7.0,26.0,2.0,1329.0
326,1920,183.0,6.0,85.0,10.0,21172.0
394,1820,158.0,7.0,57.0,6.0,782.0
395,1820,158.0,7.0,57.0,6.0,19647.0
396,1820,158.0,7.0,57.0,6.0,1155.0
397,1820,23.0,2.0,17.0,6.0,3759.0
398,1820,158.0,7.0,57.0,6.0,41303.0
399,1820,23.0,2.0,17.0,6.0,1407.0
400,1820,183.0,6.0,85.0,6.0,86511.0
401,1820,23.0,2.0,17.0,6.0,998.0
402,1820,158.0,7.0,57.0,6.0,804.0
403,1820,158.0,7.0,57.0,6.0,30181.0
404,9,158.0,7.0,56.0,6.0,5112.0
405,9,10.0,0.0,0.0,6.0,40.0
406,9,22.0,0.0,0.0,6.0,26.0
407,9,78.0,0.0,0.0,6.0,1063.0
408,9,10.0,0.0,0.0,6.0,52202.0
409,9,49.0,2.0,19.0,6.0,188.0
410,9,87.0,0.0,0.0,6.0,12875.0
411,9,158.0,7.0,56.0,6.0,25430.0
412,9,187.0,0.0,0.0,6.0,11092.0
413,9,126.0,0.0,0.0,6.0,24568.0
505,3019,74.0,3.0,34.0,6.0,274.0
506,3019,56.0,7.0,26.0,6.0,4154.0
507,3019,60.0,7.0,28.0,6.0,25631.0
578,2584,158.0,7.0,57.0,11.0,1401.0
579,2584,183.0,6.0,85.0,11.0,353.0
580,2584,158.0,7.0,92.0,11.0,17.0
581,2584,6.0,0.0,0.0,11.0,717.0
582,2584,44.0,7.0,97.0,11.0,1608.0
583,2584,6.0,0.0,0.0,11.0,0.0
584,2584,158.0,7.0,92.0,11.0,133.0
585,2584,181.0,3.0,84.0,11.0,172805.0
586,2584,150.0,3.0,94.0,11.0,403.0
587,2584,183.0,6.0,85.0,11.0,482.0
588,966,159.0,3.0,93.0,6.0,898.0
589,966,39.0,7.0,12.0,6.0,15679.0
590,966,147.0,7.0,60.0,6.0,2112.0
591,966,54.0,6.0,24.0,6.0,329397.0
592,966,56.0,7.0,26.0,6.0,28399.0
593,966,81.0,0.0,0.0,6.0,782.0
594,966,158.0,7.0,92.0,6.0,29720.0
595,966,60.0,7.0,28.0,6.0,6341.0
596,966,178.0,7.0,104.0,6.0,7759.0
597,966,159.0,3.0,93.0,6.0,594.0
598,413,81.0,0.0,0.0,6.0,1004.0
599,413,178.0,7.0,104.0,6.0,5677.0
600,413,19.0,0.0,0.0,6.0,3768.0
601,413,32.0,1.0,10.0,6.0,5812.0
602,413,146.0,2.0,70.0,6.0,1420.0
603,413,88.0,0.0,0.0,6.0,16819.0
604,413,81.0,0.0,0.0,6.0,61932.0
605,413,54.0,6.0,24.0,6.0,420012.0
606,413,88.0,0.0,0.0,6.0,33933.0
607,413,47.0,0.0,0.0,6.0,1162.0
718,2987,165.0,3.0,78.0,6.0,172.0
719,2987,183.0,6.0,85.0,6.0,168474.0
720,2987,165.0,3.0,78.0,6.0,663.0
721,2987,23.0,2.0,17.0,6.0,755.0
722,2987,81.0,7.0,99.0,6.0,2438.0
723,2987,154.0,2.0,99.0,6.0,3187.0
724,2987,118.0,3.0,101.0,6.0,680.0
725,2987,154.0,2.0,99.0,6.0,44009.0
726,2987,81.0,7.0,99.0,6.0,801.0
727,2987,154.0,2.0,99.0,6.0,256.0
768,2110,80.0,7.0,58.0,8.0,96.0
769,2110,74.0,3.0,34.0,8.0,3730.0
770,2110,161.0,7.0,76.0,8.0,9999.0
771,2110,54.0,6.0,25.0,8.0,7531.0
792,2696,6.0,0.0,0.0,0.0,22187.0
793,2696,171.0,0.0,0.0,6.0,60802.0
794,2696,49.0,2.0,19.0,6.0,387250.0
795,2696,81.0,0.0,0.0,6.0,397.0
796,2696,171.0,0.0,0.0,6.0,590568.0
797,2696,74.0,3.0,34.0,6.0,2801.0
798,2696,65.0,0.0,0.0,0.0,3749.0
799,2696,129.0,0.0,0.0,6.0,224667.0
800,2696,56.0,7.0,26.0,6.0,681.0
801,2696,81.0,0.0,0.0,6.0,543.0
823,1652,118.0,3.0,101.0,6.0,1082.0
824,1652,81.0,7.0,99.0,6.0,17781.0
825,1652,133.0,7.0,50.0,6.0,1480.0
826,1652,158.0,7.0,57.0,6.0,105.0
827,1652,60.0,7.0,28.0,6.0,660.0
828,1652,165.0,3.0,78.0,6.0,415.0
829,1652,23.0,2.0,17.0,6.0,169.0
830,1652,165.0,3.0,78.0,6.0,672.0
831,1652,23.0,2.0,17.0,6.0,91.0
832,1652,81.0,7.0,50.0,6.0,6296.0
853,1005,158.0,0.0,0.0,0.0,146.0
861,1197,44.0,7.0,97.0,2.0,16375.0
862,1197,44.0,7.0,97.0,2.0,41873.0
863,1197,81.0,0.0,0.0,2.0,1575.0
864,1197,44.0,7.0,97.0,2.0,32362.0
865,1197,158.0,7.0,57.0,2.0,6325.0
866,1197,158.0,7.0,57.0,2.0,15282.0
867,1197,158.0,7.0,57.0,2.0,5965.0
868,1197,166.0,3.0,95.0,2.0,590.0
869,1197,153.0,2.0,99.0,2.0,253.0
870,1197,158.0,7.0,92.0,2.0,454.0
951,169,118.0,3.0,101.0,6.0,1393.0
952,169,118.0,3.0,101.0,6.0,48.0
953,169,158.0,7.0,57.0,6.0,13534.0
954,169,118.0,3.0,101.0,6.0,2628.0
955,169,158.0,7.0,57.0,6.0,1188.0
956,169,158.0,7.0,57.0,6.0,1951.0
957,169,118.0,3.0,101.0,6.0,1520.0
958,169,158.0,7.0,57.0,6.0,236.0
959,169,118.0,3.0,101.0,6.0,1789.0
960,169,23.0,2.0,17.0,6.0,1156.0
991,2396,142.0,0.0,0.0,8.0,293.0
992,2396,158.0,7.0,57.0,8.0,54625.0
993,2396,142.0,0.0,0.0,8.0,180.0
994,2396,31.0,6.0,20.0,8.0,965.0
995,2396,88.0,0.0,0.0,8.0,20894.0
996,2396,23.0,2.0,17.0,8.0,37.0
997,2396,88.0,0.0,0.0,8.0,21589.0
998,2396,9.0,2.0,14.0,8.0,25.0
999,2396,165.0,3.0,78.0,8.0,774.0
1000,2396,31.0,6.0,20.0,8.0,326.0
1001,2746,158.0,7.0,57.0,8.0,23106.0
1002,2746,54.0,6.0,24.0,8.0,0.0
1003,2746,158.0,7.0,57.0,8.0,270.0
1004,2746,74.0,3.0,34.0,8.0,848.0
1005,2746,118.0,3.0,101.0,8.0,679.0
1006,2746,23.0,2.0,17.0,8.0,60.0
1007,2746,165.0,3.0,78.0,8.0,1933.0
1008,2746,81.0,7.0,99.0,8.0,11088.0
1009,2746,23.0,2.0,17.0,8.0,1768.0
1010,2746,23.0,2.0,17.0,8.0,23.0
1152,1284,153.0,2.0,99.0,1.0,422.0
1153,1284,158.0,0.0,0.0,1.0,1451494.0
1154,1284,153.0,2.0,99.0,1.0,502.0
1155,1284,158.0,7.0,57.0,1.0,5659.0
1156,1284,153.0,2.0,99.0,1.0,1109.0
1157,1284,44.0,7.0,97.0,1.0,19718.0
1158,1284,166.0,3.0,95.0,1.0,653.0
1159,1284,153.0,2.0,99.0,1.0,231.0
1160,1284,153.0,2.0,99.0,1.0,470.0
1161,1284,153.0,2.0,99.0,1.0,2120.0
1189,471,81.0,7.0,50.0,6.0,628.0
1190,471,118.0,3.0,101.0,6.0,90.0
1191,471,36.0,0.0,0.0,6.0,12273.0
1192,471,118.0,3.0,101.0,6.0,23.0
1193,471,158.0,7.0,92.0,6.0,426.0
1194,471,159.0,3.0,93.0,6.0,906.0
1195,471,158.0,7.0,57.0,6.0,14920.0
1196,471,23.0,2.0,17.0,6.0,70.0
1197,471,16.0,2.0,20.0,6.0,20960.0
1198,471,158.0,7.0,57.0,6.0,230.0
1249,3196,56.0,7.0,26.0,6.0,849.0
1250,3196,94.0,7.0,47.0,6.0,1050.0
1251,3196,183.0,6.0,86.0,6.0,77489.0
1252,3196,61.0,7.0,68.0,6.0,687.0
1253,3196,158.0,7.0,92.0,6.0,79.0
1254,3196,183.0,6.0,85.0,6.0,11958.0
1255,3196,158.0,7.0,57.0,6.0,148.0
1256,3196,183.0,6.0,85.0,6.0,20398.0
1257,3196,81.0,7.0,102.0,6.0,795.0
1258,3196,94.0,7.0,47.0,6.0,1160.0
1301,592,74.0,3.0,34.0,6.0,3060.0
1302,592,187.0,0.0,0.0,6.0,72798.0
1303,592,147.0,7.0,60.0,6.0,912.0
1304,592,54.0,6.0,24.0,6.0,263122.0
1305,592,116.0,1.0,62.0,6.0,1000.0
1326,258,118.0,3.0,101.0,6.0,567.0
1327,258,118.0,3.0,101.0,6.0,134.0
1328,258,74.0,3.0,34.0,6.0,304.0
1329,258,158.0,7.0,57.0,6.0,356.0
1330,258,154.0,2.0,99.0,6.0,8255.0
1331,258,158.0,7.0,57.0,6.0,12353.0
1332,258,118.0,3.0,101.0,6.0,321.0
1333,258,33.0,6.0,43.0,6.0,3448.0
1334,258,183.0,6.0,85.0,6.0,41625.0
1335,258,81.0,7.0,99.0,6.0,30197.0
1376,1319,81.0,7.0,99.0,8.0,82904.0
1377,1319,61.0,7.0,68.0,8.0,402.0
1378,1319,74.0,3.0,34.0,8.0,347.0
1379,1319,49.0,2.0,19.0,8.0,69244.0
1380,1319,118.0,3.0,101.0,8.0,1158.0
1381,1319,23.0,2.0,17.0,8.0,474.0
1382,1319,6.0,0.0,0.0,0.0,47142.0
1383,1319,118.0,3.0,101.0,8.0,1404.0
1384,1319,174.0,2.0,42.0,8.0,181287.0
1385,1319,69.0,7.0,30.0,8.0,89254.0
1386,2900,165.0,3.0,78.0,6.0,5751.0
1387,2900,154.0,2.0,99.0,6.0,56096.0
1388,2900,178.0,7.0,104.0,6.0,342.0
1389,2900,154.0,2.0,99.0,6.0,0.0
1390,2900,23.0,2.0,17.0,6.0,0.0
1391,2900,81.0,7.0,99.0,6.0,16412.0
1392,2900,118.0,3.0,101.0,6.0,26.0
1393,2900,154.0,2.0,99.0,6.0,6682.0
1394,2900,23.0,2.0,17.0,6.0,1034.0
1395,2900,23.0,2.0,17.0,6.0,1030.0
1434,2061,118.0,3.0,101.0,8.0,21221.0
1435,2061,147.0,7.0,60.0,8.0,1075.0
1436,2061,178.0,7.0,104.0,8.0,711.0
1437,2061,147.0,7.0,60.0,8.0,747.0
1438,2061,56.0,7.0,26.0,8.0,1017.0
1439,2061,74.0,3.0,34.0,8.0,2436.0
1440,2061,61.0,7.0,68.0,8.0,8854.0
1441,2061,60.0,7.0,28.0,8.0,262.0
1442,2061,46.0,0.0,0.0,8.0,2428.0
1443,2061,147.0,7.0,60.0,8.0,7025.0
1454,1267,175.0,0.0,0.0,11.0,13946.0
1455,1267,33.0,6.0,43.0,11.0,1193172.0
1456,1267,54.0,6.0,24.0,11.0,67445.0
1457,1267,187.0,0.0,0.0,11.0,34522.0
1458,1267,60.0,7.0,28.0,11.0,28278.0
1459,1267,74.0,3.0,34.0,11.0,1274.0
1460,1267,175.0,0.0,0.0,11.0,4551.0
1461,1267,175.0,0.0,0.0,11.0,1303.0
1462,1267,60.0,7.0,28.0,11.0,5124.0
1463,1267,119.0,0.0,0.0,11.0,988.0
1524,3093,49.0,2.0,19.0,8.0,86239.0
1525,3093,147.0,7.0,60.0,8.0,5454.0
1526,3093,95.0,2.0,51.0,8.0,0.0
1527,3093,7.0,0.0,0.0,8.0,0.0
1528,3093,95.0,2.0,51.0,8.0,75114.0
1529,3093,158.0,7.0,92.0,8.0,171.0
1530,3093,158.0,7.0,92.0,8.0,58456.0
1531,3093,96.0,2.0,52.0,8.0,0.0
1532,3093,116.0,1.0,62.0,8.0,6773.0
1533,3093,74.0,3.0,34.0,8.0,2974.0
1564,2631,118.0,3.0,101.0,6.0,22.0
1565,2631,74.0,3.0,34.0,6.0,301.0
1566,2631,23.0,2.0,17.0,6.0,544.0
1567,2631,165.0,3.0,78.0,6.0,64.0
1568,2631,158.0,7.0,57.0,6.0,52896.0
1569,2631,154.0,2.0,99.0,6.0,9065.0
1570,2631,154.0,2.0,99.0,6.0,8308.0
1571,2631,158.0,7.0,57.0,6.0,328.0
1582,2764,80.0,7.0,58.0,8.0,24527.0
1583,2764,133.0,7.0,50.0,8.0,297.0
1584,2764,23.0,2.0,17.0,8.0,33.0
1585,2764,23.0,2.0,17.0,8.0,1071.0
1586,2764,116.0,1.0,62.0,8.0,15323.0
1587,2764,60.0,7.0,28.0,8.0,17021.0
1588,2764,118.0,3.0,101.0,8.0,23250.0
1589,2764,158.0,7.0,57.0,8.0,117.0
1590,2764,61.0,7.0,68.0,8.0,1457.0
1591,2764,7.0,0.0,0.0,8.0,116567.0
1622,593,158.0,7.0,57.0,8.0,8376.0
1623,593,118.0,3.0,101.0,8.0,592.0
1624,593,183.0,6.0,85.0,8.0,43033.0
1625,593,118.0,3.0,101.0,8.0,0.0
1626,593,165.0,3.0,78.0,8.0,75883.0
1627,593,9.0,2.0,14.0,8.0,926.0
1628,593,118.0,3.0,101.0,8.0,1093.0
1629,593,118.0,3.0,101.0,8.0,1483.0
1630,593,23.0,2.0,17.0,8.0,46.0
1631,593,23.0,2.0,17.0,8.0,6185.0
1642,2194,187.0,0.0,0.0,8.0,16036.0
1643,2194,31.0,6.0,20.0,8.0,626.0
1644,2194,159.0,3.0,93.0,8.0,958.0
1645,2194,60.0,7.0,28.0,8.0,71136.0
1646,2194,74.0,3.0,34.0,8.0,914.0
1647,2194,158.0,7.0,57.0,8.0,236992.0
1648,2194,16.0,2.0,20.0,8.0,10927.0
1649,2194,60.0,7.0,28.0,8.0,2679.0
1650,2194,151.0,0.0,0.0,8.0,15989.0
1651,2194,60.0,7.0,28.0,8.0,17807.0
1781,666,81.0,7.0,99.0,5.0,8559.0
1782,666,81.0,7.0,99.0,5.0,95736.0
1783,666,23.0,2.0,17.0,5.0,2.0
1784,666,56.0,7.0,26.0,5.0,873.0
1785,666,158.0,7.0,57.0,5.0,4183.0
1786,666,118.0,3.0,101.0,5.0,1534.0
1787,666,16.0,2.0,20.0,5.0,10393.0
1788,666,36.0,0.0,0.0,5.0,72463.0
1789,666,158.0,7.0,57.0,5.0,8112.0
1790,666,118.0,3.0,101.0,5.0,1045.0
1856,2944,81.0,7.0,99.0,8.0,216.0
1857,2944,154.0,2.0,99.0,8.0,4713.0
1858,2944,39.0,7.0,12.0,8.0,104251.0
1859,2944,107.0,0.0,0.0,8.0,92.0
1860,2944,158.0,7.0,57.0,8.0,512427.0
1861,2944,107.0,0.0,0.0,8.0,1395.0
1862,2944,165.0,3.0,78.0,8.0,54.0
1863,2944,118.0,3.0,101.0,8.0,7.0
1864,2944,118.0,3.0,101.0,8.0,1198.0
1865,2944,154.0,2.0,99.0,8.0,3995.0
1926,744,49.0,2.0,19.0,8.0,907071.0
1927,744,60.0,7.0,28.0,8.0,3174.0
1928,744,74.0,3.0,34.0,8.0,123.0
1929,744,81.0,7.0,50.0,8.0,13898.0
1930,744,60.0,7.0,28.0,8.0,25732.0
1931,744,56.0,7.0,26.0,8.0,570.0
1932,744,15.0,0.0,0.0,8.0,14400.0
1933,744,23.0,2.0,17.0,8.0,1408.0
1934,744,142.0,0.0,0.0,8.0,1156.0
1935,744,31.0,6.0,20.0,8.0,1109.0
1946,867,60.0,7.0,28.0,6.0,5819.0
1947,867,60.0,7.0,28.0,6.0,11734.0
1948,867,49.0,2.0,19.0,6.0,29851.0
1949,867,74.0,3.0,34.0,6.0,1861.0
1950,867,31.0,6.0,20.0,6.0,1245.0
1951,867,56.0,7.0,26.0,6.0,727.0
1962,1098,118.0,3.0,101.0,6.0,131.0
1963,1098,81.0,7.0,102.0,6.0,12985.0
1964,1098,56.0,7.0,26.0,6.0,4899.0
1965,1098,33.0,6.0,43.0,6.0,7237.0
1966,1098,49.0,2.0,19.0,6.0,42056.0
1967,1098,74.0,3.0,34.0,6.0,307.0
1968,595,178.0,7.0,104.0,8.0,47128.0
1969,595,178.0,7.0,104.0,8.0,12314.0
1970,595,56.0,7.0,26.0,8.0,982.0
1971,595,54.0,6.0,24.0,8.0,212264.0
1972,595,178.0,7.0,104.0,8.0,35139.0
1973,595,135.0,3.0,46.0,8.0,11254.0
1974,595,5.0,0.0,0.0,8.0,47790.0
1975,595,146.0,2.0,70.0,8.0,2940.0
1976,595,146.0,2.0,70.0,8.0,8812.0
1977,595,6.0,0.0,0.0,0.0,3775.0
2032,1121,31.0,6.0,20.0,6.0,923.0
2033,1121,49.0,2.0,19.0,6.0,55083.0
2034,1121,74.0,3.0,34.0,6.0,625.0
2035,1121,9.0,2.0,14.0,6.0,1455.0
2036,1121,6.0,0.0,0.0,0.0,19625.0
2037,1121,158.0,7.0,57.0,6.0,398.0
2038,1121,153.0,0.0,0.0,0.0,43270.0
2039,1121,81.0,7.0,50.0,6.0,20689.0
2040,1121,158.0,7.0,57.0,6.0,14474.0
2041,1121,56.0,7.0,26.0,6.0,622.0
2071,1744,178.0,7.0,104.0,6.0,10983.0
2072,1744,81.0,7.0,50.0,6.0,807.0
2073,1744,81.0,7.0,50.0,6.0,15702.0
2074,1744,23.0,2.0,17.0,6.0,90.0
2075,1744,158.0,7.0,57.0,6.0,171.0
2076,1744,154.0,2.0,99.0,6.0,59375.0
2077,1744,81.0,7.0,50.0,6.0,9685.0
2078,1744,158.0,7.0,57.0,6.0,170.0
2079,1744,33.0,6.0,43.0,6.0,1078021.0
2080,1744,23.0,2.0,17.0,6.0,89.0
2081,386,88.0,0.0,0.0,8.0,15644.0
2082,386,78.0,0.0,0.0,8.0,2460.0
2083,386,50.0,6.0,54.0,8.0,33091.0
2084,386,15.0,0.0,0.0,8.0,146116.0
2085,386,165.0,3.0,78.0,8.0,6.0
2086,386,37.0,5.0,55.0,8.0,27659.0
2087,386,158.0,7.0,57.0,8.0,79784.0
2088,386,23.0,2.0,17.0,8.0,1679.0
2089,386,154.0,2.0,99.0,8.0,9384.0
2090,386,23.0,2.0,17.0,8.0,684.0
2111,3144,153.0,2.0,99.0,2.0,0.0
2112,3144,158.0,7.0,92.0,2.0,1178.0
2113,3144,158.0,7.0,92.0,2.0,0.0
2114,3144,153.0,2.0,99.0,2.0,173.0
2115,3144,158.0,7.0,57.0,2.0,600.0
2116,3144,158.0,7.0,57.0,2.0,3787.0
2117,3144,150.0,3.0,94.0,2.0,0.0
2118,3144,153.0,2.0,99.0,2.0,1834.0
2119,3144,153.0,2.0,99.0,2.0,666.0
2120,3144,150.0,3.0,94.0,2.0,1828.0
2121,553,60.0,7.0,28.0,6.0,14357.0
2122,553,165.0,3.0,78.0,6.0,116.0
2123,553,56.0,7.0,26.0,6.0,6033.0
2124,553,158.0,7.0,57.0,6.0,251.0
2125,553,56.0,7.0,26.0,6.0,17897.0
2126,553,81.0,7.0,99.0,6.0,421.0
2127,553,81.0,7.0,99.0,6.0,11561.0
2128,553,154.0,2.0,99.0,6.0,5178.0
2129,553,61.0,7.0,68.0,6.0,439.0
2130,553,158.0,7.0,57.0,6.0,11174.0
2131,498,91.0,0.0,0.0,6.0,106.0
2132,498,23.0,2.0,17.0,6.0,820.0
2133,498,165.0,3.0,78.0,6.0,555.0
2134,498,165.0,3.0,78.0,6.0,36467.0
2135,498,81.0,7.0,99.0,6.0,733.0
2136,498,118.0,3.0,101.0,6.0,530.0
2137,498,118.0,3.0,101.0,6.0,904.0
2138,498,81.0,7.0,99.0,6.0,16130.0
2139,498,81.0,7.0,99.0,6.0,1078.0
2140,498,118.0,3.0,101.0,6.0,1.0
2141,2743,183.0,6.0,88.0,6.0,65749.0
2142,2743,154.0,2.0,99.0,6.0,9751.0
2143,2743,126.0,0.0,0.0,6.0,2684.0
2144,2743,72.0,4.0,49.0,6.0,10263.0
2145,2743,154.0,2.0,99.0,6.0,14046.0
2146,2743,158.0,7.0,57.0,6.0,2599.0
2147,2743,138.0,7.0,33.0,6.0,129458.0
2148,2743,81.0,0.0,0.0,6.0,2003.0
2149,2743,88.0,0.0,0.0,6.0,39.0
2150,2743,87.0,0.0,0.0,6.0,22022.0
2165,2244,31.0,6.0,20.0,8.0,623.0
2166,274,165.0,3.0,78.0,6.0,91.0
2167,274,158.0,7.0,57.0,6.0,96605.0
2168,274,118.0,3.0,101.0,6.0,1784.0
2169,274,118.0,3.0,101.0,6.0,10056.0
2170,274,165.0,3.0,78.0,6.0,58.0
2171,274,81.0,7.0,99.0,6.0,29893.0
2172,274,118.0,3.0,101.0,6.0,6389.0
2173,274,154.0,2.0,99.0,6.0,11786.0
2174,274,49.0,2.0,19.0,6.0,21361.0
2175,274,23.0,2.0,17.0,6.0,4157.0
2216,3150,154.0,2.0,99.0,8.0,3556.0
2217,3150,158.0,7.0,57.0,8.0,633.0
2218,3150,118.0,3.0,101.0,8.0,1551.0
2219,3150,154.0,2.0,99.0,8.0,373.0
2220,3150,154.0,2.0,99.0,8.0,1749.0
2221,3150,154.0,2.0,99.0,8.0,2602.0
2222,3150,154.0,2.0,99.0,8.0,1601.0
2223,3150,158.0,7.0,57.0,8.0,4042.0
2224,3150,118.0,3.0,101.0,8.0,26.0
2225,3150,154.0,2.0,99.0,8.0,2036.0
2254,2153,74.0,3.0,34.0,7.0,641.0
2255,2153,74.0,3.0,34.0,7.0,3289.0
2256,2153,23.0,2.0,17.0,7.0,821.0
2257,2153,39.0,7.0,12.0,7.0,387149.0
2258,2153,74.0,3.0,34.0,7.0,84596.0
2259,2153,23.0,2.0,17.0,7.0,3526.0
2260,2153,23.0,2.0,17.0,7.0,435.0
2261,2153,118.0,3.0,101.0,7.0,55505.0
2262,2153,158.0,7.0,57.0,7.0,144702.0
2263,2153,49.0,2.0,19.0,7.0,1127902.0
2264,537,158.0,7.0,57.0,8.0,922.0
2265,537,165.0,3.0,78.0,8.0,211.0
2266,537,154.0,2.0,99.0,8.0,1395.0
2267,537,154.0,2.0,99.0,8.0,1215.0
2268,537,81.0,7.0,99.0,8.0,87460.0
2269,537,118.0,3.0,101.0,8.0,1400.0
2270,537,154.0,2.0,99.0,8.0,1198.0
2271,537,154.0,2.0,99.0,8.0,157.0
2272,537,81.0,7.0,99.0,8.0,3312.0
2273,537,183.0,6.0,85.0,8.0,21336.0
2304,2342,158.0,7.0,57.0,6.0,98.0
2305,2342,118.0,3.0,101.0,6.0,760.0
2306,2342,158.0,7.0,57.0,6.0,355.0
2307,2342,118.0,3.0,101.0,6.0,593.0
2308,2342,158.0,7.0,57.0,6.0,7070.0
2309,2342,158.0,7.0,57.0,6.0,107.0
2310,2342,118.0,3.0,101.0,6.0,1109.0
2311,2342,23.0,2.0,17.0,6.0,423.0
2312,2342,165.0,3.0,78.0,6.0,90.0
2313,2342,23.0,2.0,17.0,6.0,37.0
2314,2808,118.0,3.0,101.0,8.0,6.0
2315,2808,183.0,6.0,85.0,8.0,267.0
2316,2808,158.0,7.0,57.0,8.0,7142.0
2317,2808,23.0,2.0,17.0,8.0,27.0
2318,2808,107.0,0.0,0.0,8.0,25.0
2319,2808,23.0,2.0,17.0,8.0,5071.0
2320,2808,158.0,7.0,57.0,8.0,369.0
2321,2808,81.0,7.0,97.0,8.0,404.0
2322,2808,100.0,7.0,97.0,8.0,143884.0
2323,2808,105.0,0.0,0.0,8.0,2284.0
2334,426,161.0,7.0,76.0,8.0,55917.0
2335,426,118.0,3.0,101.0,8.0,218.0
2336,426,158.0,7.0,57.0,8.0,19489.0
2337,426,81.0,7.0,99.0,8.0,4639.0
2338,426,81.0,7.0,99.0,8.0,41389.0
2339,426,74.0,3.0,34.0,8.0,5012.0
2340,426,23.0,2.0,17.0,8.0,928.0
2341,426,118.0,3.0,101.0,8.0,8.0
2342,426,154.0,2.0,99.0,8.0,11178.0
2343,426,158.0,7.0,57.0,8.0,132.0
2364,2302,118.0,3.0,101.0,6.0,531.0
2365,2302,92.0,7.0,45.0,6.0,278.0
2366,2302,118.0,3.0,101.0,6.0,90308.0
2367,2302,147.0,6.0,65.0,6.0,13835.0
2368,2302,74.0,3.0,34.0,6.0,418.0
2369,2302,127.0,0.0,0.0,6.0,277435.0
2370,2302,147.0,7.0,60.0,6.0,5370.0
2371,2302,56.0,7.0,26.0,6.0,523.0
2372,2302,133.0,7.0,50.0,6.0,541.0
2373,2302,64.0,0.0,0.0,6.0,5526.0
2438,2605,74.0,3.0,34.0,6.0,2958.0
2439,1872,183.0,6.0,85.0,6.0,76543.0
2440,1872,81.0,7.0,99.0,6.0,2004.0
2441,1872,154.0,2.0,99.0,6.0,2371.0
2442,1872,81.0,7.0,99.0,6.0,10581.0
2443,1872,158.0,7.0,57.0,6.0,396.0
2444,1872,158.0,7.0,57.0,6.0,278.0
2445,1872,23.0,2.0,17.0,6.0,555.0
2446,1872,81.0,7.0,99.0,6.0,1697.0
2447,1872,158.0,7.0,57.0,6.0,69082.0
2448,1872,158.0,7.0,57.0,6.0,24377.0
2449,2160,31.0,6.0,20.0,8.0,382.0
2450,2160,158.0,7.0,57.0,8.0,63631.0
2451,2160,23.0,2.0,17.0,8.0,1547.0
2452,2160,165.0,3.0,78.0,8.0,8.0
2453,2160,118.0,3.0,101.0,8.0,4519.0
2454,2160,158.0,7.0,57.0,8.0,933.0
2455,2160,74.0,3.0,34.0,8.0,12.0
2456,2160,158.0,7.0,57.0,8.0,33394.0
2457,2160,31.0,6.0,20.0,8.0,892.0
2458,2160,158.0,7.0,57.0,8.0,9.0
2459,2290,88.0,0.0,0.0,8.0,14730.0
2460,2290,39.0,7.0,12.0,8.0,458426.0
2461,2290,50.0,6.0,54.0,8.0,14488.0
2462,2290,19.0,0.0,0.0,8.0,3325.0
2463,2290,19.0,0.0,0.0,8.0,3511.0
2464,2290,88.0,0.0,0.0,8.0,93129.0
2465,2290,87.0,0.0,0.0,8.0,307384.0
2466,2290,88.0,0.0,0.0,8.0,100658.0
2467,2290,107.0,0.0,0.0,8.0,71.0
2468,2290,19.0,0.0,0.0,8.0,363.0
2479,777,118.0,3.0,101.0,8.0,62995.0
2480,777,81.0,7.0,99.0,8.0,82.0
2481,777,89.0,0.0,0.0,8.0,1818.0
2482,777,65.0,0.0,0.0,0.0,138.0
2483,777,183.0,6.0,88.0,8.0,19518.0
2484,777,81.0,7.0,99.0,8.0,760.0
2485,777,61.0,7.0,68.0,8.0,806.0
2486,777,158.0,7.0,57.0,8.0,46500.0
2487,777,165.0,3.0,78.0,8.0,17.0
2488,777,131.0,0.0,0.0,8.0,365.0
2540,1784,158.0,7.0,57.0,11.0,34778.0
2541,1784,183.0,6.0,85.0,11.0,25546.0
2542,1784,158.0,7.0,57.0,11.0,32628.0
2543,1784,158.0,7.0,92.0,11.0,89.0
2544,1784,150.0,3.0,41.0,11.0,22237.0
2545,1784,158.0,7.0,57.0,11.0,67369.0
2546,1784,103.0,6.0,53.0,11.0,339.0
2547,1784,54.0,6.0,23.0,11.0,2177.0
2548,1784,158.0,7.0,57.0,11.0,7193.0
2549,1784,158.0,7.0,57.0,11.0,63.0
2560,3007,131.0,0.0,0.0,6.0,459.0
2561,3007,159.0,3.0,93.0,6.0,1513.0
2562,3007,88.0,0.0,0.0,6.0,56845.0
2563,3007,54.0,0.0,0.0,6.0,6215.0
2564,3007,61.0,7.0,68.0,6.0,996.0
2565,3007,60.0,7.0,28.0,6.0,6370.0
2566,3007,60.0,7.0,28.0,6.0,1624.0
2567,3007,158.0,7.0,92.0,6.0,1959.0
2568,3007,159.0,3.0,93.0,6.0,1842.0
2569,3007,131.0,0.0,0.0,6.0,751.0
2580,2386,2.0,4.0,49.0,7.0,79267.0
2581,2386,2.0,4.0,49.0,7.0,477617.0
2582,2386,31.0,6.0,20.0,7.0,227.0
2583,2386,147.0,6.0,65.0,7.0,113277.0
2584,2386,147.0,7.0,60.0,7.0,2954.0
2585,2386,39.0,7.0,12.0,7.0,89128.0
2586,2386,174.0,2.0,42.0,7.0,371.0
2587,2386,54.0,6.0,24.0,7.0,413663.0
2588,2386,64.0,0.0,0.0,7.0,265.0
2589,2386,147.0,7.0,60.0,7.0,502.0
2640,1636,118.0,3.0,101.0,6.0,22.0
2641,1636,154.0,2.0,99.0,6.0,23273.0
2642,1636,158.0,7.0,57.0,6.0,58133.0
2643,1636,165.0,3.0,78.0,6.0,192.0
2644,1636,118.0,3.0,101.0,6.0,2106.0
2645,1636,165.0,3.0,78.0,6.0,240.0
2646,1636,165.0,3.0,78.0,6.0,689.0
2647,1636,118.0,3.0,101.0,6.0,58.0
2648,1636,158.0,7.0,57.0,6.0,292662.0
2649,1636,165.0,3.0,78.0,6.0,233.0
2650,2642,74.0,3.0,34.0,10.0,493.0
2651,2642,118.0,3.0,101.0,10.0,147.0
2652,2642,81.0,7.0,99.0,10.0,4534.0
2653,2642,183.0,6.0,85.0,10.0,7020.0
2664,716,183.0,6.0,85.0,6.0,70892.0
2665,716,183.0,6.0,85.0,6.0,10743.0
2666,716,56.0,7.0,26.0,6.0,586.0
2667,716,118.0,3.0,101.0,6.0,80.0
2668,716,165.0,3.0,78.0,6.0,118.0
2669,716,158.0,7.0,57.0,6.0,40017.0
2670,716,158.0,7.0,57.0,6.0,147.0
2671,716,158.0,7.0,57.0,6.0,5774.0
2672,716,118.0,3.0,101.0,6.0,773.0
2673,716,158.0,7.0,57.0,6.0,433.0
2674,1558,6.0,0.0,0.0,0.0,7999.0
2675,1558,61.0,7.0,68.0,8.0,441.0
2676,1558,56.0,7.0,26.0,8.0,348.0
2677,1558,74.0,3.0,34.0,8.0,651.0
2678,1558,119.0,0.0,0.0,8.0,582.0
2679,1558,60.0,7.0,28.0,8.0,13404.0
2680,1558,23.0,2.0,17.0,8.0,162292.0
2681,1558,67.0,0.0,0.0,0.0,381.0
2682,1558,49.0,2.0,19.0,8.0,1486.0
2683,1558,81.0,0.0,0.0,8.0,1028.0
2684,29,19.0,0.0,0.0,8.0,3.0
2685,29,74.0,3.0,34.0,8.0,2155.0
2686,29,47.0,0.0,0.0,8.0,74.0
2687,29,159.0,3.0,93.0,8.0,539.0
2688,29,56.0,7.0,26.0,11.0,795.0
2689,29,19.0,0.0,0.0,8.0,2.0
2690,29,39.0,7.0,12.0,8.0,544.0
2691,29,78.0,0.0,0.0,11.0,4176.0
2692,29,78.0,0.0,0.0,8.0,1449.0
2693,29,74.0,3.0,34.0,11.0,2079.0
2714,1594,56.0,7.0,26.0,6.0,6237.0
2715,1594,81.0,7.0,99.0,6.0,2720.0
2716,1594,154.0,2.0,99.0,6.0,9239.0
2717,1594,81.0,7.0,99.0,6.0,143449.0
2718,1594,154.0,2.0,99.0,6.0,2255.0
2719,1594,154.0,2.0,99.0,6.0,7175.0
2720,1594,81.0,7.0,99.0,6.0,39835.0
2721,1594,154.0,2.0,99.0,6.0,830.0
2722,1594,165.0,3.0,78.0,6.0,160.0
2723,1594,118.0,3.0,101.0,6.0,933.0
2724,1204,0.0,4.0,49.0,11.0,8188.0
2725,1204,88.0,0.0,0.0,6.0,142809.0
2726,1204,0.0,4.0,49.0,11.0,42251.0
2727,1204,158.0,0.0,0.0,11.0,666.0
2728,1204,19.0,0.0,0.0,6.0,237.0
2729,1204,50.0,6.0,54.0,6.0,14301.0
2730,1204,47.0,0.0,0.0,6.0,319.0
2731,1204,158.0,0.0,0.0,11.0,153.0
2732,1204,81.0,7.0,48.0,11.0,3195.0
2733,1204,87.0,0.0,0.0,6.0,50969.0
2734,2774,118.0,3.0,101.0,8.0,2196.0
2735,2774,118.0,3.0,101.0,8.0,121.0
2736,2774,78.0,0.0,0.0,8.0,17010.0
2737,2774,127.0,0.0,0.0,8.0,54826.0
2738,2774,100.0,7.0,97.0,8.0,130321.0
2739,2774,74.0,3.0,34.0,8.0,1499.0
2740,2774,165.0,3.0,78.0,8.0,84.0
2741,2774,74.0,3.0,34.0,8.0,23292.0
2742,2774,36.0,0.0,0.0,8.0,4171.0
2743,2774,165.0,3.0,78.0,8.0,3.0
2754,921,147.0,7.0,60.0,10.0,3001.0
2755,921,147.0,7.0,60.0,10.0,782.0
2756,921,74.0,3.0,34.0,10.0,3393.0
2757,921,147.0,7.0,60.0,10.0,24591.0
2758,921,116.0,1.0,62.0,10.0,0.0
2759,921,147.0,7.0,60.0,10.0,662.0
2760,921,178.0,7.0,104.0,10.0,558.0
2761,921,147.0,7.0,60.0,10.0,1566.0
2762,921,147.0,6.0,65.0,10.0,117559.0
2763,921,178.0,7.0,104.0,10.0,1865.0
2764,3259,165.0,3.0,78.0,6.0,85.0
2765,3259,33.0,6.0,43.0,6.0,235.0
2766,3259,23.0,2.0,17.0,6.0,81.0
2767,3259,118.0,3.0,101.0,6.0,1052.0
2768,3259,23.0,2.0,17.0,6.0,14.0
2769,3259,9.0,2.0,14.0,6.0,1105.0
2770,3259,81.0,7.0,50.0,6.0,2375.0
2771,3259,93.0,7.0,44.0,6.0,7927.0
2772,3259,158.0,7.0,92.0,6.0,2476.0
2773,3259,23.0,2.0,17.0,6.0,4098.0
2774,2887,118.0,3.0,101.0,8.0,7791.0
2775,2887,23.0,2.0,17.0,8.0,87.0
2776,2887,165.0,3.0,78.0,8.0,5043.0
2777,2887,165.0,3.0,78.0,8.0,3140.0
2778,2887,118.0,3.0,101.0,8.0,3138.0
2779,2887,23.0,2.0,17.0,8.0,32.0
2780,2887,165.0,3.0,78.0,8.0,3405.0
2781,2887,23.0,2.0,17.0,8.0,59.0
2782,2887,158.0,7.0,57.0,8.0,473.0
2783,2887,154.0,2.0,99.0,8.0,27105.0
2804,3257,154.0,2.0,99.0,6.0,15547.0
2805,3257,159.0,3.0,93.0,6.0,1393.0
2806,3257,5.0,0.0,0.0,6.0,15595.0
2807,3257,81.0,7.0,99.0,6.0,41712.0
2808,3257,165.0,3.0,78.0,6.0,53.0
2809,3257,74.0,3.0,34.0,6.0,638.0
2810,3257,64.0,0.0,0.0,6.0,539077.0
2811,3257,158.0,7.0,57.0,6.0,33089.0
2812,3257,158.0,7.0,92.0,6.0,10251.0
2813,3257,118.0,3.0,101.0,6.0,62.0
2814,1071,81.0,7.0,99.0,10.0,203198.0
2815,1071,165.0,3.0,78.0,10.0,830.0
2816,1071,107.0,0.0,0.0,10.0,1734.0
2817,1071,159.0,3.0,93.0,10.0,1195.0
2818,1071,33.0,6.0,43.0,10.0,83463.0
2819,1071,158.0,7.0,56.0,10.0,123.0
2820,1071,158.0,7.0,92.0,10.0,37375.0
2821,1071,158.0,7.0,57.0,10.0,37193.0
2822,1071,118.0,3.0,101.0,10.0,18.0
2823,1071,56.0,7.0,26.0,10.0,590.0
2824,2341,165.0,3.0,78.0,6.0,1574.0
2825,2341,118.0,3.0,101.0,6.0,184584.0
2826,2341,174.0,2.0,42.0,6.0,124984.0
2827,2341,36.0,0.0,0.0,6.0,49425.0
2828,2341,118.0,3.0,101.0,6.0,1520.0
2829,2341,36.0,0.0,0.0,6.0,9431.0
2830,2341,23.0,2.0,17.0,6.0,156.0
2831,2341,74.0,3.0,34.0,6.0,3809.0
2832,2341,158.0,7.0,92.0,6.0,456.0
2833,2341,165.0,3.0,78.0,6.0,1270.0
2914,1451,154.0,2.0,99.0,6.0,3180.0
2915,1451,154.0,2.0,99.0,6.0,5433.0
2916,1451,158.0,7.0,57.0,6.0,10112.0
2917,1451,154.0,2.0,99.0,6.0,3529.0
2918,1451,154.0,2.0,99.0,6.0,943.0
2919,1451,154.0,2.0,99.0,6.0,115523.0
2920,1451,81.0,7.0,99.0,6.0,59284.0
2921,1451,154.0,2.0,99.0,6.0,1291.0
2922,1451,158.0,7.0,57.0,6.0,101058.0
2923,1451,105.0,0.0,0.0,6.0,6481.0
2924,3170,49.0,2.0,19.0,8.0,160453.0
2925,3170,183.0,6.0,85.0,8.0,6403.0
2926,3170,56.0,7.0,26.0,8.0,1506.0
2927,3170,54.0,0.0,0.0,8.0,34941.0
2928,3170,74.0,3.0,34.0,8.0,252.0
2929,3170,118.0,3.0,101.0,8.0,216.0
2930,3170,56.0,7.0,26.0,8.0,422.0
2941,1802,16.0,2.0,20.0,6.0,8944.0
2942,1802,31.0,6.0,20.0,6.0,1140.0
2943,1802,158.0,7.0,57.0,6.0,12087.0
2944,1802,16.0,2.0,20.0,6.0,7636.0
2945,1802,118.0,3.0,101.0,6.0,7.0
2946,1802,31.0,6.0,20.0,6.0,808.0
2947,1802,118.0,3.0,101.0,6.0,224.0
2948,1802,23.0,2.0,17.0,6.0,46.0
2949,1802,9.0,2.0,14.0,6.0,154.0
2950,1802,74.0,3.0,34.0,6.0,4025.0
2962,629,158.0,7.0,92.0,8.0,3850.0
2963,629,23.0,2.0,17.0,8.0,106.0
2964,629,88.0,0.0,0.0,8.0,16289.0
2965,629,19.0,0.0,0.0,8.0,25.0
2966,629,142.0,0.0,0.0,8.0,443.0
2967,629,133.0,7.0,50.0,8.0,170563.0
2968,629,118.0,3.0,101.0,8.0,19.0
2969,629,19.0,0.0,0.0,8.0,30.0
2970,629,31.0,6.0,20.0,8.0,939.0
2971,629,158.0,7.0,57.0,8.0,11571.0
2972,2503,158.0,0.0,0.0,0.0,179.0
3003,416,158.0,7.0,57.0,8.0,15920.0
3004,416,158.0,7.0,57.0,8.0,6403.0
3005,416,81.0,7.0,99.0,8.0,99972.0
3006,416,118.0,3.0,101.0,8.0,1055.0
3007,416,81.0,7.0,99.0,8.0,235.0
3008,416,74.0,3.0,34.0,8.0,750.0
3009,416,54.0,0.0,0.0,8.0,1214.0
3010,416,158.0,7.0,57.0,8.0,16627.0
3011,416,154.0,2.0,99.0,8.0,7661.0
3012,416,81.0,7.0,99.0,8.0,15265.0
3055,752,49.0,2.0,19.0,6.0,46414.0
3056,752,74.0,3.0,34.0,6.0,2444.0
3057,752,31.0,6.0,20.0,6.0,684.0
3058,752,56.0,7.0,26.0,6.0,902.0
3059,1104,74.0,3.0,34.0,8.0,373.0
3060,2526,147.0,7.0,60.0,8.0,594.0
3061,2526,126.0,0.0,0.0,8.0,45208.0
3062,2526,147.0,7.0,60.0,8.0,2679.0
3063,2526,187.0,0.0,0.0,8.0,27995.0
3064,2526,147.0,6.0,65.0,8.0,631.0
3065,2526,54.0,6.0,24.0,8.0,421625.0
3066,2526,116.0,1.0,62.0,8.0,4902.0
3067,2526,39.0,7.0,12.0,8.0,186117.0
3068,2526,74.0,3.0,34.0,8.0,2915.0
3079,1740,147.0,7.0,60.0,6.0,2255.0
3080,1740,158.0,7.0,92.0,6.0,5696.0
3081,1740,23.0,2.0,17.0,6.0,6.0
3082,1740,158.0,7.0,56.0,6.0,1554388.0
3083,1740,133.0,7.0,50.0,6.0,1046.0
3084,1740,159.0,3.0,93.0,6.0,659.0
3085,1740,101.0,7.0,103.0,6.0,1267.0
3086,1740,81.0,7.0,99.0,6.0,8208.0
3087,1740,165.0,3.0,78.0,6.0,839.0
3088,1740,102.0,7.0,38.0,6.0,2325.0
3089,579,49.0,2.0,19.0,8.0,295747.0
3090,579,158.0,7.0,57.0,8.0,526.0
3091,579,74.0,3.0,34.0,8.0,668.0
3092,579,31.0,6.0,20.0,8.0,438.0
3093,579,165.0,3.0,78.0,8.0,34.0
3094,579,118.0,3.0,101.0,8.0,1518.0
3095,579,81.0,7.0,99.0,8.0,994.0
3096,579,74.0,3.0,34.0,8.0,867.0
3097,579,16.0,2.0,20.0,8.0,5928.0
3098,579,9.0,2.0,14.0,8.0,9.0
3119,1769,81.0,0.0,0.0,6.0,1329.0
3120,1769,158.0,7.0,57.0,6.0,16221.0
3121,1769,36.0,0.0,0.0,6.0,5757.0
3122,1769,187.0,0.0,0.0,6.0,11520.0
3123,1769,165.0,3.0,78.0,6.0,179.0
3124,1769,183.0,6.0,88.0,6.0,95655.0
3125,1769,126.0,0.0,0.0,6.0,21247.0
3126,1769,118.0,3.0,101.0,6.0,1325.0
3127,1769,118.0,3.0,101.0,6.0,1332.0
3128,1769,158.0,7.0,92.0,6.0,20771.0
3129,3009,23.0,2.0,17.0,8.0,1310.0
3130,3009,158.0,7.0,57.0,8.0,5303.0
3131,3009,165.0,3.0,78.0,8.0,70.0
3132,3009,165.0,3.0,78.0,8.0,665.0
3133,3009,158.0,7.0,57.0,8.0,15530.0
3134,3009,165.0,3.0,78.0,8.0,108.0
3135,3009,183.0,6.0,85.0,8.0,14664.0
3136,3009,165.0,3.0,78.0,8.0,139.0
3137,3009,158.0,7.0,57.0,8.0,556.0
3138,3009,23.0,2.0,17.0,8.0,1149.0
3220,2796,74.0,3.0,34.0,8.0,649.0
3221,2796,56.0,7.0,26.0,8.0,876.0
3222,2796,31.0,6.0,20.0,8.0,997.0
3223,2796,49.0,2.0,19.0,8.0,24201.0
3224,2796,74.0,3.0,34.0,8.0,264.0
3225,2796,142.0,0.0,0.0,8.0,307.0
3226,1054,158.0,7.0,57.0,8.0,318.0
3227,1054,23.0,2.0,17.0,8.0,17.0
3228,1054,74.0,3.0,34.0,8.0,704.0
3229,1054,9.0,2.0,14.0,8.0,161.0
3230,1054,23.0,2.0,17.0,8.0,2596.0
3231,1054,9.0,2.0,14.0,8.0,905.0
3232,1054,23.0,2.0,17.0,8.0,7148.0
3233,1054,165.0,3.0,78.0,8.0,50.0
3234,1054,23.0,2.0,17.0,8.0,85070.0
3235,1054,9.0,2.0,14.0,8.0,100274.0
3236,2820,161.0,7.0,76.0,4.0,37869.0
3237,2820,74.0,3.0,34.0,4.0,2566.0
3238,2820,161.0,7.0,76.0,4.0,4516.0
3239,2820,54.0,6.0,24.0,4.0,304034.0
3240,2820,161.0,7.0,76.0,4.0,1803.0
3241,2820,39.0,7.0,12.0,4.0,176110.0
3242,2820,187.0,0.0,0.0,4.0,40865.0
3243,2820,39.0,7.0,12.0,4.0,582.0
3244,3261,165.0,3.0,78.0,8.0,339.0
3245,3261,118.0,3.0,101.0,8.0,1293.0
3246,3261,23.0,2.0,17.0,8.0,1536.0
3247,3261,118.0,3.0,101.0,8.0,1004.0
3248,3261,16.0,2.0,20.0,8.0,303626.0
3249,3261,118.0,3.0,101.0,8.0,1261.0
3250,3261,31.0,6.0,20.0,8.0,541.0
3251,3261,23.0,2.0,17.0,8.0,1845.0
3252,3261,154.0,2.0,99.0,8.0,716.0
3253,3261,81.0,7.0,99.0,8.0,13847.0
3254,1315,147.0,7.0,60.0,8.0,893.0
3255,1315,61.0,7.0,68.0,8.0,6058.0
3256,1315,60.0,7.0,28.0,8.0,824.0
3257,1315,178.0,7.0,104.0,8.0,1775.0
3258,1315,56.0,7.0,26.0,8.0,12515.0
3259,1315,165.0,3.0,78.0,8.0,876.0
3260,1315,118.0,3.0,101.0,8.0,6.0
3261,1315,60.0,7.0,28.0,8.0,18087.0
3262,1315,81.0,7.0,50.0,8.0,726.0
3263,1315,15.0,0.0,0.0,8.0,15680.0
3264,2478,118.0,3.0,101.0,10.0,67.0
3265,2478,23.0,2.0,17.0,10.0,1542.0
3266,2478,118.0,3.0,101.0,10.0,72.0
3267,2478,165.0,3.0,78.0,10.0,0.0
3268,2478,154.0,2.0,99.0,10.0,19608.0
3269,2478,49.0,2.0,19.0,10.0,39543.0
3270,2478,183.0,6.0,88.0,10.0,50225.0
3271,2478,158.0,7.0,92.0,10.0,494914.0
3272,2478,60.0,7.0,28.0,10.0,3525.0
3273,2478,183.0,6.0,88.0,10.0,16519.0
3274,1063,81.0,7.0,102.0,6.0,8184.0
3275,1063,127.0,0.0,0.0,6.0,14232.0
3276,1063,65.0,0.0,0.0,0.0,155.0
3277,1063,183.0,6.0,85.0,6.0,70260.0
3278,1063,183.0,6.0,85.0,6.0,3152.0
3279,1063,36.0,0.0,0.0,6.0,34167.0
3280,1063,118.0,3.0,101.0,6.0,1651.0
3281,1063,183.0,6.0,85.0,6.0,1465.0
3282,1063,158.0,7.0,57.0,6.0,4608.0
3283,1063,74.0,3.0,34.0,6.0,1324.0
3361,2562,74.0,3.0,34.0,2.0,4000.0
3362,2562,158.0,7.0,92.0,6.0,51457.0
3363,2562,56.0,7.0,26.0,6.0,38620.0
3364,2562,56.0,7.0,26.0,6.0,2271.0
3365,2562,158.0,7.0,92.0,6.0,1169.0
3366,2562,159.0,3.0,93.0,6.0,1287.0
3367,2562,74.0,3.0,34.0,6.0,1346.0
3368,2562,56.0,7.0,26.0,2.0,1962.0
3369,2562,74.0,3.0,34.0,6.0,279.0
3370,2562,49.0,2.0,19.0,2.0,1798468.0
3381,2905,56.0,7.0,26.0,6.0,368.0
3382,2905,49.0,2.0,19.0,6.0,687464.0
3383,2905,56.0,7.0,26.0,6.0,16175.0
3384,2905,74.0,3.0,34.0,6.0,749.0
3385,2905,56.0,7.0,26.0,6.0,284.0
3386,2905,74.0,3.0,34.0,6.0,450.0
3387,2905,74.0,3.0,34.0,6.0,14434.0
3418,2761,23.0,2.0,17.0,8.0,764.0
3419,2761,183.0,6.0,88.0,8.0,350492.0
3420,2761,118.0,3.0,101.0,8.0,31.0
3421,2761,60.0,7.0,28.0,8.0,21651.0
3422,2761,183.0,0.0,0.0,8.0,31701.0
3423,2761,74.0,3.0,34.0,8.0,516.0
3424,2761,118.0,3.0,101.0,8.0,314.0
3425,2761,158.0,7.0,57.0,8.0,12402.0
3426,2119,154.0,2.0,99.0,6.0,14866.0
3427,2119,158.0,7.0,57.0,6.0,39374.0
3428,2119,81.0,7.0,50.0,6.0,937.0
3429,2119,165.0,3.0,78.0,6.0,524.0
3430,2119,81.0,7.0,99.0,6.0,16227.0
3431,2119,23.0,2.0,17.0,6.0,674.0
3432,2119,23.0,2.0,17.0,6.0,362.0
3433,2119,133.0,7.0,50.0,6.0,2992.0
3434,2119,81.0,7.0,99.0,6.0,11229.0
3435,2119,158.0,7.0,57.0,6.0,340.0
3456,2046,154.0,2.0,99.0,6.0,1015.0
3457,2046,154.0,2.0,99.0,6.0,3235.0
3458,2046,147.0,7.0,60.0,6.0,8264.0
3459,2046,154.0,2.0,99.0,6.0,1995.0
3460,2046,154.0,2.0,99.0,6.0,739.0
3461,2046,154.0,2.0,99.0,6.0,615.0
3462,2046,81.0,7.0,99.0,6.0,56335.0
3463,2046,74.0,3.0,34.0,6.0,3233.0
3464,2046,23.0,2.0,17.0,6.0,490.0
3465,2046,178.0,7.0,104.0,6.0,942.0
3476,1145,153.0,2.0,99.0,11.0,136.0
3477,1145,103.0,6.0,53.0,11.0,2327.0
3478,1145,158.0,0.0,0.0,0.0,116.0
3479,1145,158.0,7.0,92.0,11.0,33.0
3480,1145,166.0,3.0,95.0,11.0,70047.0
3481,1145,157.0,0.0,0.0,11.0,152.0
3482,1145,158.0,7.0,92.0,11.0,27.0
3483,1145,183.0,6.0,85.0,11.0,0.0
3484,1145,183.0,6.0,85.0,11.0,20301.0
3485,1145,166.0,3.0,95.0,11.0,61.0
3516,1691,118.0,3.0,101.0,6.0,1357.0
3517,1691,118.0,3.0,101.0,6.0,1389.0
3518,1691,118.0,3.0,101.0,6.0,2336.0
3519,1691,154.0,2.0,99.0,6.0,7.0
3520,1691,154.0,2.0,99.0,6.0,1417.0
3521,1691,154.0,2.0,99.0,6.0,6569.0
3522,1691,165.0,3.0,78.0,6.0,127.0
3523,1691,165.0,3.0,78.0,6.0,91.0
3524,1691,154.0,2.0,99.0,6.0,41869.0
3525,1691,154.0,2.0,99.0,6.0,6300.0
3536,773,118.0,3.0,101.0,8.0,21.0
3537,773,74.0,3.0,34.0,8.0,112.0
3538,773,74.0,3.0,34.0,8.0,823.0
3539,773,165.0,3.0,78.0,8.0,699.0
3540,773,183.0,6.0,85.0,8.0,60340.0
3541,773,23.0,2.0,17.0,8.0,2022.0
3542,773,81.0,7.0,99.0,8.0,418.0
3543,773,158.0,7.0,57.0,8.0,239.0
3544,773,165.0,3.0,78.0,8.0,25669.0
3545,773,31.0,6.0,20.0,8.0,562.0
3572,3043,118.0,3.0,101.0,5.0,37.0
3573,3043,154.0,2.0,99.0,5.0,35189.0
3574,3043,105.0,0.0,0.0,5.0,2255.0
3575,3043,154.0,2.0,99.0,5.0,2880.0
3576,3043,154.0,2.0,99.0,5.0,915.0
3577,3043,81.0,7.0,99.0,5.0,29343.0
3578,3043,154.0,2.0,99.0,5.0,391.0
3579,3043,154.0,2.0,99.0,5.0,4330.0
3580,3043,154.0,2.0,99.0,5.0,349.0
3581,3043,154.0,2.0,99.0,5.0,807.0
3582,1130,74.0,3.0,34.0,6.0,438.0
3583,1130,31.0,6.0,20.0,6.0,450.0
3592,2282,118.0,3.0,101.0,6.0,1800.0
3593,2282,154.0,2.0,99.0,6.0,528.0
3594,2282,74.0,3.0,34.0,6.0,1458.0
3595,2282,158.0,7.0,57.0,6.0,10430.0
3596,2282,81.0,7.0,99.0,6.0,69152.0
3597,2282,81.0,7.0,99.0,6.0,20080.0
3598,2282,81.0,7.0,99.0,6.0,27168.0
3599,2282,165.0,3.0,78.0,6.0,17.0
3600,2282,49.0,2.0,19.0,11.0,20715.0
3601,2282,118.0,3.0,101.0,6.0,124.0
3602,107,23.0,2.0,17.0,6.0,10449.0
3603,107,60.0,7.0,28.0,6.0,4630.0
3604,107,158.0,7.0,57.0,6.0,103249.0
3605,107,161.0,7.0,76.0,6.0,396808.0
3606,107,154.0,2.0,99.0,6.0,32934.0
3607,107,183.0,6.0,88.0,6.0,229808.0
3608,107,23.0,2.0,17.0,6.0,105.0
3609,107,158.0,7.0,92.0,6.0,50585.0
3610,107,61.0,7.0,68.0,6.0,7065.0
3611,107,158.0,7.0,92.0,6.0,27244.0
3652,561,31.0,6.0,20.0,10.0,469.0
3653,561,158.0,7.0,57.0,10.0,34063.0
3654,561,158.0,7.0,57.0,10.0,177717.0
3655,561,49.0,2.0,19.0,10.0,1336236.0
3656,561,158.0,7.0,57.0,10.0,203354.0
3657,561,16.0,2.0,20.0,10.0,59115.0
3658,561,133.0,7.0,50.0,10.0,24507.0
3659,561,118.0,3.0,101.0,10.0,7.0
3660,561,165.0,3.0,78.0,10.0,146.0
3661,561,23.0,2.0,17.0,10.0,1843.0
3682,3177,74.0,3.0,34.0,6.0,395.0
3683,3177,54.0,7.0,38.0,6.0,21106.0
3684,3177,183.0,6.0,85.0,6.0,4056.0
3685,3177,156.0,6.0,23.0,6.0,605.0
3686,3177,183.0,6.0,85.0,6.0,5317.0
3687,3177,94.0,7.0,47.0,6.0,2266.0
3688,3177,49.0,2.0,19.0,11.0,185890.0
3699,1766,118.0,3.0,101.0,6.0,912.0
3700,1766,81.0,7.0,99.0,6.0,117270.0
3701,1766,23.0,2.0,17.0,6.0,638.0
3702,1766,158.0,7.0,57.0,6.0,11454.0
3703,1766,154.0,2.0,99.0,6.0,18394.0
3704,1766,81.0,7.0,99.0,6.0,102834.0
3705,1766,74.0,3.0,34.0,6.0,532.0
3706,1766,118.0,3.0,101.0,6.0,1224.0
3707,1766,118.0,3.0,101.0,6.0,962.0
3708,1766,23.0,2.0,17.0,6.0,1113.0
3749,2447,158.0,7.0,57.0,8.0,249.0
3750,2447,23.0,2.0,17.0,8.0,18.0
3751,2447,81.0,7.0,99.0,8.0,1619.0
3752,2447,81.0,7.0,99.0,8.0,330515.0
3753,2447,118.0,3.0,101.0,8.0,1176.0
3754,2447,74.0,3.0,34.0,8.0,973.0
3755,2447,37.0,5.0,55.0,8.0,0.0
3756,2447,158.0,7.0,57.0,8.0,70592.0
3757,2447,56.0,7.0,26.0,8.0,416.0
3758,2447,56.0,7.0,26.0,8.0,172.0
3769,1240,154.0,2.0,99.0,8.0,16733.0
3770,1240,133.0,7.0,50.0,8.0,666.0
3771,1240,154.0,2.0,99.0,8.0,3701.0
3772,1240,158.0,7.0,57.0,8.0,97.0
3773,1240,165.0,3.0,78.0,8.0,356.0
3774,1240,154.0,2.0,99.0,8.0,29839.0
3775,1240,165.0,3.0,78.0,8.0,40.0
3776,1240,10.0,0.0,0.0,8.0,72.0
3777,1240,154.0,2.0,99.0,8.0,11887.0
3778,1240,118.0,3.0,101.0,8.0,402.0
3779,332,118.0,3.0,101.0,6.0,67.0
3780,332,133.0,7.0,50.0,6.0,1068.0
3781,332,23.0,2.0,17.0,6.0,503.0
3782,332,23.0,2.0,17.0,6.0,475.0
3783,332,187.0,0.0,0.0,6.0,83250.0
3784,332,74.0,3.0,34.0,6.0,890.0
3785,332,133.0,7.0,50.0,6.0,111296.0
3786,332,118.0,3.0,101.0,6.0,15317.0
3787,332,158.0,7.0,57.0,6.0,12939.0
3788,332,154.0,2.0,99.0,6.0,95.0
3793,2273,81.0,7.0,99.0,6.0,1418.0
3794,2273,81.0,7.0,99.0,6.0,339.0
3795,2273,158.0,7.0,57.0,6.0,4246.0
3796,2273,165.0,3.0,78.0,6.0,0.0
3797,2273,158.0,7.0,57.0,6.0,127.0
3798,2273,158.0,7.0,57.0,6.0,19781.0
3799,2273,81.0,7.0,99.0,6.0,27641.0
3800,2273,81.0,7.0,99.0,6.0,4080.0
3801,2273,183.0,6.0,85.0,6.0,9623.0
3802,2273,154.0,2.0,99.0,6.0,11804.0
3843,2079,31.0,6.0,20.0,6.0,903.0
3844,2079,118.0,3.0,101.0,6.0,158946.0
3845,2079,33.0,6.0,43.0,6.0,12167.0
3846,2079,74.0,3.0,34.0,6.0,541.0
3847,2079,158.0,7.0,57.0,6.0,9200.0
3848,2079,158.0,7.0,92.0,6.0,24899.0
3849,2079,23.0,2.0,17.0,6.0,669.0
3850,2079,49.0,2.0,19.0,6.0,21161.0
3851,2079,56.0,7.0,26.0,6.0,486.0
3852,2079,118.0,3.0,101.0,6.0,15.0
3888,1446,81.0,0.0,0.0,6.0,1627.0
3889,1446,49.0,2.0,19.0,6.0,18535.0
3890,1446,88.0,0.0,0.0,6.0,23995.0
3891,1446,19.0,0.0,0.0,6.0,719.0
3892,1446,146.0,2.0,70.0,6.0,15174.0
3893,1446,49.0,2.0,19.0,6.0,10290.0
3894,1446,32.0,1.0,10.0,6.0,6960.0
3895,1446,88.0,0.0,0.0,6.0,22883.0
3896,1446,78.0,0.0,0.0,6.0,1228.0
3897,1446,54.0,6.0,24.0,6.0,212028.0
3908,2949,158.0,0.0,0.0,0.0,110.0
3909,781,74.0,3.0,34.0,11.0,1150.0
3910,781,187.0,0.0,0.0,6.0,16659.0
3911,781,78.0,0.0,0.0,6.0,3470.0
3912,781,126.0,0.0,0.0,6.0,14707.0
3913,781,31.0,6.0,20.0,6.0,836.0
3914,781,74.0,3.0,34.0,6.0,653.0
3915,781,56.0,7.0,26.0,11.0,825.0
3916,781,73.0,0.0,0.0,6.0,1339.0
3917,781,118.0,3.0,101.0,6.0,10793.0
3918,781,80.0,7.0,58.0,6.0,28086.0
3919,1070,165.0,3.0,78.0,6.0,50.0
3920,1070,9.0,2.0,14.0,6.0,332.0
3921,1070,158.0,7.0,57.0,6.0,42123.0
3922,1070,154.0,2.0,99.0,6.0,930.0
3923,1070,23.0,2.0,17.0,6.0,581.0
3924,1070,154.0,2.0,99.0,6.0,797.0
3925,1070,118.0,3.0,101.0,6.0,50.0
3926,1070,158.0,7.0,57.0,6.0,7611.0
3927,1070,118.0,3.0,101.0,6.0,1005.0
3928,1070,154.0,2.0,99.0,6.0,209.0
3929,2951,81.0,0.0,0.0,6.0,1221.0
3930,2951,23.0,2.0,17.0,6.0,38.0
3931,2951,56.0,7.0,26.0,6.0,573.0
3932,2951,159.0,3.0,93.0,6.0,1013.0
3933,2951,60.0,7.0,28.0,6.0,4044.0
3934,2951,81.0,0.0,0.0,6.0,1384.0
3935,2951,16.0,2.0,20.0,6.0,8218.0
3936,2951,118.0,3.0,101.0,6.0,18079.0
3937,2951,183.0,6.0,88.0,6.0,153985.0
3938,2951,31.0,6.0,20.0,6.0,654.0
3953,2265,158.0,7.0,92.0,11.0,0.0
3954,2265,181.0,3.0,84.0,11.0,27011.0
3955,2265,158.0,7.0,92.0,11.0,780.0
3956,2265,181.0,3.0,84.0,11.0,184.0
3957,2265,6.0,0.0,0.0,11.0,601.0
3958,2265,158.0,7.0,57.0,11.0,1783.0
3959,2265,158.0,7.0,92.0,11.0,85.0
3960,2265,158.0,7.0,92.0,11.0,16.0
3961,2265,166.0,3.0,95.0,11.0,236.0
3962,2265,91.0,7.0,91.0,11.0,542.0
3963,1492,95.0,2.0,51.0,6.0,0.0
3964,1492,159.0,3.0,93.0,6.0,1117.0
3965,1492,7.0,0.0,0.0,6.0,165.0
3966,1492,78.0,0.0,0.0,6.0,3322.0
3967,1492,146.0,2.0,70.0,6.0,616.0
3968,1492,158.0,7.0,92.0,6.0,272.0
3969,1492,64.0,0.0,0.0,6.0,19290.0
3970,1492,49.0,2.0,19.0,6.0,52381.0
3971,1492,78.0,0.0,0.0,6.0,544.0
3972,1492,87.0,0.0,0.0,6.0,107748.0
4023,1778,147.0,7.0,60.0,6.0,639.0
4024,1778,118.0,3.0,101.0,6.0,18.0
4025,1778,147.0,7.0,60.0,6.0,595.0
4026,1778,56.0,7.0,26.0,6.0,111971.0
4027,1778,23.0,2.0,17.0,6.0,55.0
4028,1778,187.0,0.0,0.0,6.0,34434.0
4029,1778,74.0,3.0,34.0,6.0,4144.0
4030,1778,36.0,0.0,0.0,6.0,48473.0
4031,1778,158.0,7.0,92.0,6.0,100505.0
4032,1778,158.0,7.0,57.0,6.0,987.0
4059,2621,147.0,6.0,65.0,6.0,509.0
4060,2621,147.0,7.0,60.0,6.0,953.0
4061,2621,178.0,7.0,104.0,6.0,618.0
4062,2621,116.0,1.0,62.0,6.0,56336.0
4063,2621,187.0,0.0,0.0,6.0,15111.0
4064,2621,74.0,3.0,34.0,6.0,4265.0
4065,2621,165.0,3.0,78.0,6.0,693.0
4066,2621,158.0,7.0,92.0,6.0,3198.0
4067,2621,147.0,6.0,65.0,6.0,130020.0
4068,2621,147.0,7.0,60.0,6.0,4290.0
4099,640,126.0,0.0,0.0,8.0,6716.0
4100,640,37.0,5.0,55.0,8.0,11238.0
4101,640,126.0,0.0,0.0,8.0,5861.0
4102,640,159.0,3.0,93.0,8.0,92961.0
4103,640,126.0,0.0,0.0,8.0,113546.0
4104,640,143.0,7.0,67.0,8.0,28511.0
4105,640,73.0,0.0,0.0,8.0,516798.0
4106,640,50.0,6.0,54.0,8.0,23796.0
4110,2628,165.0,3.0,78.0,6.0,18.0
4111,2628,88.0,0.0,0.0,6.0,25565.0
4112,2628,23.0,2.0,17.0,6.0,67.0
4113,2628,23.0,2.0,17.0,6.0,2.0
4114,2628,23.0,2.0,17.0,6.0,201.0
4115,2628,23.0,2.0,17.0,6.0,95.0
4116,2628,81.0,7.0,99.0,6.0,1098.0
4117,2628,118.0,3.0,101.0,6.0,807.0
4118,2628,118.0,3.0,101.0,6.0,960.0
4119,2628,165.0,3.0,78.0,6.0,1837.0
4153,3168,183.0,6.0,85.0,8.0,31816.0
4154,3168,165.0,3.0,78.0,8.0,42.0
4155,3168,81.0,7.0,99.0,8.0,23552.0
4156,3168,23.0,2.0,17.0,8.0,686.0
4157,3168,23.0,2.0,17.0,8.0,570.0
4158,3168,118.0,3.0,101.0,8.0,261.0
4159,3168,23.0,2.0,17.0,8.0,8624.0
4160,3168,165.0,3.0,78.0,8.0,117.0
4161,3168,74.0,3.0,34.0,8.0,728.0
4162,3168,158.0,7.0,57.0,8.0,28784.0
4203,2450,86.0,0.0,0.0,6.0,44304.0
4204,2450,116.0,0.0,0.0,6.0,3044.0
4205,2450,81.0,0.0,0.0,6.0,375.0
4206,2450,78.0,0.0,0.0,6.0,1026.0
4207,2450,131.0,0.0,0.0,6.0,748.0
4208,2450,92.0,7.0,45.0,6.0,356.0
4209,2450,116.0,0.0,0.0,6.0,3615.0
4210,2450,187.0,0.0,0.0,6.0,42005.0
4211,2450,54.0,6.0,24.0,6.0,155401.0
4212,2450,15.0,0.0,0.0,6.0,86684.0
4223,1977,15.0,0.0,0.0,8.0,108899.0
4224,1977,56.0,7.0,26.0,8.0,7003.0
4225,1977,10.0,0.0,0.0,8.0,4646.0
4226,1977,118.0,3.0,101.0,8.0,32.0
4227,1977,81.0,7.0,50.0,8.0,723.0
4228,1977,133.0,7.0,50.0,8.0,9066.0
4229,1977,158.0,7.0,56.0,8.0,114.0
4230,1977,158.0,7.0,92.0,8.0,43.0
4231,1977,81.0,7.0,50.0,8.0,29939.0
4232,1977,81.0,0.0,0.0,8.0,698.0
4263,499,118.0,3.0,101.0,6.0,45.0
4264,499,158.0,7.0,57.0,6.0,1723.0
4265,499,23.0,2.0,17.0,6.0,1868.0
4266,499,49.0,2.0,19.0,6.0,24662.0
4267,499,23.0,2.0,17.0,6.0,1624.0
4268,499,116.0,1.0,62.0,6.0,34794.0
4269,499,154.0,2.0,99.0,6.0,5332.0
4270,499,23.0,2.0,17.0,6.0,848.0
4271,499,158.0,7.0,57.0,6.0,53949.0
4272,499,23.0,2.0,17.0,6.0,1357.0
4273,2564,35.0,3.0,83.0,0.0,487.0
4274,2564,158.0,7.0,57.0,11.0,485227.0
4275,2564,181.0,3.0,84.0,0.0,1599324.0
4276,2564,158.0,7.0,57.0,0.0,633.0
4277,2564,74.0,3.0,34.0,11.0,8242.0
4278,2564,181.0,3.0,84.0,0.0,98800.0
4279,2564,35.0,3.0,83.0,0.0,370.0
4280,2564,153.0,2.0,99.0,0.0,31428.0
4281,2564,181.0,3.0,84.0,0.0,5235.0
4282,2564,181.0,3.0,84.0,0.0,11490.0
4293,2769,118.0,3.0,101.0,8.0,89.0
4294,2769,118.0,3.0,101.0,8.0,1082.0
4295,2769,154.0,2.0,99.0,8.0,6790.0
4296,2769,165.0,3.0,78.0,8.0,77.0
4297,2769,23.0,2.0,17.0,8.0,819.0
4298,2769,118.0,3.0,101.0,8.0,1268.0
4299,2769,158.0,7.0,57.0,8.0,310997.0
4300,2769,154.0,2.0,99.0,8.0,3514.0
4301,2769,154.0,2.0,99.0,8.0,3421.0
4302,2769,23.0,2.0,17.0,8.0,1637.0
4313,430,158.0,7.0,57.0,8.0,1666.0
4314,430,118.0,3.0,101.0,8.0,603.0
4315,430,64.0,0.0,0.0,8.0,698660.0
4316,430,23.0,2.0,17.0,8.0,1160.0
4317,430,165.0,3.0,78.0,8.0,367.0
4318,430,81.0,7.0,99.0,8.0,6134.0
4319,430,118.0,3.0,101.0,8.0,857.0
4320,430,158.0,7.0,92.0,8.0,3620.0
4321,430,133.0,7.0,50.0,8.0,4999.0
4322,430,165.0,3.0,78.0,8.0,48.0
4333,2224,118.0,3.0,101.0,8.0,17970.0
4334,2224,47.0,0.0,0.0,8.0,1640.0
4335,2224,47.0,0.0,0.0,8.0,4207.0
4336,2224,49.0,2.0,19.0,8.0,0.0
4337,2224,158.0,7.0,57.0,8.0,657.0
4338,2224,81.0,7.0,99.0,8.0,18731.0
4339,2224,158.0,7.0,92.0,8.0,401.0
4340,2224,187.0,0.0,0.0,8.0,49188.0
4341,2224,88.0,0.0,0.0,8.0,35537.0
4342,2224,54.0,6.0,25.0,8.0,12717.0
4363,703,23.0,2.0,17.0,6.0,740.0
4364,703,165.0,3.0,78.0,6.0,103.0
4365,703,118.0,3.0,101.0,6.0,607.0
4366,703,107.0,0.0,0.0,6.0,50.0
4367,703,16.0,2.0,20.0,6.0,54518.0
4368,703,23.0,2.0,17.0,6.0,1144.0
4369,703,81.0,7.0,50.0,6.0,5598.0
4370,703,158.0,7.0,57.0,6.0,20732.0
4371,703,133.0,7.0,50.0,6.0,1088.0
4372,703,9.0,2.0,14.0,6.0,15.0
4432,1322,158.0,7.0,57.0,8.0,10.0
4433,1322,23.0,2.0,17.0,8.0,55.0
4434,1322,23.0,2.0,17.0,8.0,19.0
4435,1322,165.0,3.0,78.0,8.0,1982.0
4436,1322,147.0,7.0,60.0,8.0,43303.0
4437,1322,161.0,7.0,76.0,8.0,161608.0
4438,1322,23.0,2.0,17.0,8.0,23.0
4439,1322,165.0,3.0,78.0,8.0,1296.0
4440,1322,158.0,7.0,57.0,8.0,510.0
4441,1322,147.0,6.0,65.0,8.0,165580.0
4582,594,118.0,3.0,101.0,8.0,160.0
4583,594,165.0,3.0,78.0,8.0,1159.0
4584,594,118.0,3.0,101.0,8.0,2398.0
4585,594,23.0,2.0,17.0,8.0,5929.0
4586,594,23.0,2.0,17.0,8.0,1378.0
4587,594,118.0,3.0,101.0,8.0,26.0
4588,594,158.0,7.0,57.0,8.0,1852.0
4589,594,154.0,2.0,99.0,8.0,5826.0
4590,594,154.0,2.0,99.0,8.0,3685.0
4591,594,118.0,3.0,101.0,8.0,38.0
4622,68,116.0,1.0,62.0,8.0,45735.0
4623,68,147.0,7.0,60.0,8.0,9101.0
4624,68,54.0,6.0,24.0,8.0,245269.0
4625,68,147.0,7.0,60.0,8.0,2169.0
4626,68,23.0,2.0,17.0,8.0,1094.0
4627,68,74.0,3.0,34.0,8.0,786.0
4628,68,158.0,7.0,57.0,8.0,38156.0
4629,68,118.0,3.0,101.0,8.0,969.0
4630,68,31.0,6.0,20.0,8.0,1086.0
4631,68,158.0,7.0,57.0,8.0,82590.0
4632,192,154.0,2.0,99.0,6.0,163318.0
4633,192,154.0,2.0,99.0,6.0,36855.0
4634,192,165.0,3.0,78.0,6.0,78.0
4635,192,81.0,7.0,99.0,6.0,54301.0
4636,192,154.0,2.0,99.0,6.0,26511.0
4637,192,154.0,2.0,99.0,6.0,47753.0
4638,192,54.0,0.0,0.0,6.0,12463.0
4639,192,81.0,7.0,99.0,6.0,19365.0
4640,192,158.0,7.0,57.0,6.0,552611.0
4641,192,118.0,3.0,101.0,6.0,858.0
4742,552,158.0,7.0,57.0,6.0,594.0
4743,552,31.0,6.0,20.0,6.0,786.0
4744,552,9.0,2.0,14.0,6.0,491.0
4745,552,23.0,2.0,17.0,6.0,106.0
4746,552,118.0,3.0,101.0,6.0,52.0
4747,552,165.0,3.0,78.0,6.0,1530.0
4748,552,154.0,2.0,99.0,6.0,2101.0
4749,552,107.0,0.0,0.0,6.0,0.0
4750,552,118.0,3.0,101.0,6.0,7443.0
4751,552,154.0,2.0,99.0,6.0,895.0
4752,1667,158.0,7.0,57.0,6.0,245.0
4753,1667,158.0,7.0,57.0,6.0,154433.0
4754,1667,118.0,3.0,101.0,6.0,917.0
4755,1667,118.0,3.0,101.0,6.0,21.0
4756,1667,81.0,0.0,0.0,6.0,421.0
4757,1667,81.0,7.0,50.0,6.0,873.0
4758,1667,147.0,7.0,60.0,6.0,908.0
4759,1667,147.0,7.0,60.0,6.0,814.0
4760,1667,81.0,0.0,0.0,6.0,715.0
4761,1667,118.0,3.0,101.0,6.0,2.0
4762,1599,165.0,3.0,78.0,8.0,7636.0
4763,1599,158.0,7.0,57.0,8.0,363.0
4764,1599,165.0,3.0,78.0,8.0,990.0
4765,1599,118.0,3.0,101.0,8.0,1137.0
4766,1599,118.0,3.0,101.0,8.0,2896.0
4767,1599,16.0,2.0,20.0,8.0,220219.0
4768,1599,95.0,2.0,51.0,8.0,16374.0
4769,1599,158.0,7.0,57.0,8.0,5843.0
4770,1599,96.0,2.0,52.0,8.0,100635.0
4771,1599,147.0,6.0,65.0,8.0,49607.0
4772,2885,147.0,7.0,60.0,6.0,633.0
4773,2885,158.0,7.0,57.0,11.0,35.0
4774,2885,158.0,7.0,57.0,11.0,74.0
4775,2885,158.0,7.0,92.0,11.0,711.0
4776,2885,158.0,7.0,92.0,11.0,172.0
4777,2885,60.0,7.0,28.0,6.0,242528.0
4778,2885,150.0,3.0,41.0,11.0,143.0
4779,2885,23.0,2.0,17.0,6.0,312.0
4780,2885,150.0,3.0,41.0,11.0,110.0
4781,2885,153.0,2.0,99.0,11.0,25455.0
4784,1058,158.0,0.0,0.0,11.0,391.0
4785,1058,158.0,7.0,57.0,11.0,47.0
4786,1058,158.0,0.0,0.0,11.0,611.0
4787,1058,6.0,0.0,0.0,11.0,24277.0
4788,1058,158.0,0.0,0.0,11.0,624.0
4789,1058,158.0,7.0,92.0,11.0,19.0
4790,1058,54.0,0.0,0.0,11.0,516.0
4791,1058,166.0,3.0,95.0,11.0,4782.0
4792,1058,158.0,7.0,57.0,11.0,77.0
4793,1058,158.0,7.0,92.0,11.0,2763.0
4797,2053,80.0,7.0,58.0,8.0,248220.0
4798,2053,81.0,7.0,99.0,8.0,2909.0
4799,2053,178.0,7.0,104.0,8.0,652.0
4800,2053,158.0,7.0,57.0,8.0,11398.0
4801,2053,161.0,7.0,76.0,8.0,66622.0
4802,2053,154.0,2.0,99.0,8.0,22951.0
4803,2053,147.0,7.0,60.0,8.0,2582.0
4804,2053,23.0,2.0,17.0,8.0,94.0
4805,2053,147.0,7.0,60.0,8.0,387.0
4806,2053,154.0,2.0,99.0,8.0,20421.0
4817,1133,49.0,2.0,19.0,6.0,18974.0
4818,1133,56.0,7.0,26.0,6.0,490.0
4819,1133,183.0,6.0,88.0,6.0,132756.0
4820,1133,158.0,7.0,56.0,6.0,121403.0
4821,1133,54.0,6.0,24.0,6.0,20558.0
4822,1133,31.0,6.0,20.0,6.0,552.0
4823,1133,61.0,7.0,68.0,6.0,624.0
4824,1133,131.0,0.0,0.0,6.0,88466.0
4825,1133,143.0,7.0,67.0,6.0,2314.0
4826,1133,60.0,7.0,28.0,6.0,87.0
4827,2140,23.0,2.0,17.0,6.0,674.0
4828,2140,118.0,3.0,101.0,6.0,8482.0
4829,2140,31.0,6.0,20.0,6.0,413.0
4830,2140,158.0,7.0,57.0,6.0,18.0
4831,2140,165.0,3.0,78.0,6.0,519.0
4832,2140,23.0,2.0,17.0,6.0,633.0
4833,2140,154.0,2.0,99.0,6.0,4823.0
4834,2140,118.0,3.0,101.0,6.0,1253.0
4835,2140,31.0,6.0,20.0,6.0,670.0
4836,2140,158.0,7.0,57.0,6.0,14303.0
4867,1742,5.0,0.0,0.0,6.0,13503.0
4868,1742,81.0,0.0,0.0,6.0,1213.0
4869,1742,36.0,0.0,0.0,6.0,6149.0
4870,1742,158.0,7.0,57.0,6.0,1167.0
4871,1742,23.0,2.0,17.0,6.0,481.0
4872,1742,160.0,0.0,0.0,6.0,114751.0
4873,1742,165.0,3.0,78.0,6.0,107.0
4874,1742,118.0,3.0,101.0,6.0,1546.0
4875,1742,118.0,3.0,101.0,6.0,1100.0
4876,1742,81.0,0.0,0.0,6.0,3741.0
4897,2874,6.0,0.0,0.0,0.0,1723785.0
4898,2874,6.0,0.0,0.0,0.0,321316.0
4899,2874,99.0,0.0,0.0,0.0,246.0
4900,2874,99.0,0.0,0.0,0.0,53.0
4901,2874,0.0,4.0,49.0,11.0,796000.0
4902,2874,99.0,0.0,0.0,0.0,2590.0
4903,2874,34.0,0.0,0.0,0.0,1489.0
4904,2874,6.0,0.0,0.0,0.0,235.0
4905,2874,158.0,0.0,0.0,0.0,196.0
4906,2874,181.0,0.0,0.0,0.0,84.0
4917,1985,81.0,7.0,99.0,8.0,82.0
4918,1985,56.0,7.0,26.0,8.0,68.0
4919,1985,118.0,3.0,101.0,8.0,622.0
4920,1985,89.0,0.0,0.0,8.0,45097.0
4921,1985,60.0,7.0,28.0,8.0,1105.0
4922,1985,80.0,7.0,58.0,8.0,16503.0
4923,1985,81.0,7.0,50.0,8.0,3865.0
4924,1985,154.0,2.0,99.0,8.0,1580.0
4925,1985,56.0,7.0,26.0,8.0,383.0
4926,1985,81.0,7.0,99.0,8.0,84723.0
4927,532,49.0,2.0,19.0,6.0,29329.0
4928,532,116.0,1.0,62.0,6.0,1000.0
4929,532,158.0,7.0,57.0,6.0,4174.0
4930,532,96.0,2.0,52.0,6.0,32370.0
4931,532,154.0,2.0,99.0,6.0,1828.0
4932,532,56.0,7.0,26.0,6.0,1624.0
4933,532,39.0,7.0,12.0,6.0,1098.0
4934,532,39.0,7.0,12.0,6.0,1463.0
4935,532,165.0,3.0,78.0,6.0,68.0
4936,532,23.0,2.0,17.0,6.0,9.0
4967,2851,150.0,3.0,41.0,11.0,59.0
4968,2851,181.0,3.0,84.0,11.0,22215.0
4969,2851,44.0,7.0,97.0,11.0,19846.0
4970,2851,158.0,7.0,92.0,11.0,13138.0
4971,2851,157.0,0.0,0.0,11.0,84.0
4972,2851,183.0,6.0,85.0,11.0,1458.0
4973,2851,181.0,3.0,84.0,11.0,22473.0
4974,2851,158.0,7.0,92.0,11.0,155.0
4975,2851,158.0,7.0,92.0,11.0,12806.0
4976,2851,183.0,6.0,87.0,11.0,74122.0
4997,1030,6.0,0.0,0.0,0.0,1044.0
4998,1030,158.0,7.0,57.0,10.0,9622.0
4999,1030,81.0,0.0,0.0,11.0,4550.0
5000,1030,158.0,7.0,57.0,10.0,796.0
5001,1030,158.0,0.0,0.0,11.0,563.0
5002,1030,118.0,3.0,101.0,10.0,1391.0
5003,1030,158.0,0.0,0.0,11.0,238.0
5004,1030,158.0,7.0,92.0,10.0,355.0
5005,1030,158.0,7.0,57.0,6.0,5131.0
5006,1030,91.0,7.0,91.0,11.0,110.0
5017,530,23.0,2.0,17.0,6.0,664.0
5018,530,9.0,2.0,14.0,6.0,1753.0
5019,530,118.0,3.0,101.0,6.0,64081.0
5020,530,118.0,3.0,101.0,6.0,1066.0
5021,530,23.0,2.0,17.0,6.0,916.0
5022,530,158.0,7.0,57.0,6.0,55434.0
5023,530,23.0,2.0,17.0,6.0,8670.0
5024,530,31.0,6.0,20.0,6.0,691.0
5025,530,23.0,2.0,17.0,6.0,830.0
5026,530,31.0,6.0,20.0,6.0,678.0
5037,2231,159.0,3.0,93.0,8.0,1013.0
5038,2231,154.0,2.0,99.0,8.0,3971.0
5039,2231,158.0,7.0,57.0,8.0,939.0
5040,2231,154.0,2.0,99.0,8.0,30087.0
5041,2231,23.0,2.0,17.0,8.0,0.0
5042,2231,81.0,7.0,99.0,8.0,39945.0
5043,2231,183.0,6.0,85.0,8.0,9830.0
5044,2231,81.0,7.0,99.0,8.0,2749.0
5045,2231,165.0,3.0,78.0,8.0,0.0
5046,2231,118.0,3.0,101.0,8.0,0.0
5087,3131,81.0,0.0,0.0,6.0,955.0
5088,3131,81.0,0.0,0.0,6.0,1818.0
5089,3131,54.0,6.0,24.0,6.0,12491.0
5090,3131,88.0,0.0,0.0,6.0,5189.0
5091,3131,158.0,7.0,57.0,6.0,1945.0
5092,3131,23.0,2.0,17.0,6.0,10.0
5093,3131,146.0,2.0,70.0,6.0,968.0
5094,3131,87.0,0.0,0.0,6.0,17906.0
5095,3131,9.0,2.0,14.0,6.0,1113.0
5096,3131,60.0,7.0,28.0,6.0,3597.0
5097,2695,23.0,2.0,17.0,8.0,768.0
5098,2695,158.0,7.0,57.0,8.0,339.0
5099,2695,154.0,2.0,99.0,8.0,369.0
5100,2695,81.0,7.0,99.0,8.0,753.0
5101,2695,158.0,7.0,57.0,8.0,94.0
5102,2695,74.0,3.0,34.0,8.0,270.0
5103,2695,154.0,2.0,99.0,8.0,10805.0
5104,2695,165.0,3.0,78.0,8.0,10.0
5105,2695,23.0,2.0,17.0,8.0,51.0
5106,2695,154.0,2.0,99.0,8.0,2326.0
5147,2409,56.0,7.0,26.0,6.0,411.0
5148,2409,56.0,7.0,26.0,6.0,781.0
5149,2409,56.0,7.0,26.0,6.0,370.0
5150,2409,49.0,2.0,19.0,6.0,44848.0
5151,2409,56.0,7.0,26.0,6.0,873.0
5152,2409,74.0,3.0,34.0,6.0,6.0
5187,81,91.0,0.0,0.0,8.0,42.0
5188,81,183.0,6.0,85.0,8.0,98292.0
5189,81,81.0,7.0,99.0,8.0,16701.0
5190,81,23.0,2.0,17.0,8.0,746.0
5191,81,159.0,3.0,93.0,8.0,1053.0
5192,81,107.0,0.0,0.0,8.0,40.0
5193,81,81.0,7.0,99.0,8.0,69478.0
5194,81,154.0,2.0,99.0,8.0,1326.0
5195,81,183.0,6.0,85.0,8.0,43284.0
5196,81,154.0,2.0,99.0,8.0,56267.0
5227,2015,118.0,3.0,101.0,6.0,27.0
5228,2015,118.0,3.0,101.0,6.0,70.0
5229,2015,81.0,7.0,99.0,6.0,3825.0
5230,2015,118.0,3.0,101.0,6.0,1065.0
5231,2015,165.0,3.0,78.0,6.0,634.0
5232,2015,118.0,3.0,101.0,6.0,87.0
5233,2015,118.0,3.0,101.0,6.0,1270.0
5234,2015,23.0,2.0,17.0,6.0,1609.0
5235,2015,81.0,7.0,99.0,6.0,33222.0
5236,2015,81.0,7.0,99.0,6.0,3642.0
5254,166,118.0,3.0,101.0,6.0,1156.0
5255,166,165.0,3.0,78.0,6.0,273.0
5256,166,107.0,0.0,0.0,6.0,79.0
5257,166,56.0,7.0,26.0,6.0,1169.0
5258,166,23.0,2.0,17.0,6.0,89594.0
5259,166,165.0,3.0,78.0,6.0,235.0
5260,166,165.0,3.0,78.0,6.0,274.0
5261,166,9.0,2.0,14.0,6.0,85.0
5262,166,31.0,6.0,20.0,6.0,1100.0
5263,166,56.0,7.0,26.0,6.0,961.0
5284,2057,60.0,7.0,28.0,6.0,40647.0
5285,2057,15.0,0.0,0.0,6.0,233377.0
5286,2057,133.0,7.0,50.0,6.0,2134.0
5287,2057,158.0,7.0,92.0,6.0,51.0
5288,2057,133.0,7.0,50.0,6.0,850.0
5289,2057,31.0,6.0,20.0,6.0,957.0
5290,2057,54.0,6.0,24.0,6.0,73642.0
5291,2057,23.0,2.0,17.0,6.0,25324.0
5292,2057,158.0,7.0,92.0,6.0,740.0
5293,2057,118.0,3.0,101.0,6.0,2722.0
5304,1368,49.0,2.0,19.0,8.0,82531.0
5305,1368,39.0,7.0,12.0,8.0,23140.0
5306,1368,56.0,7.0,26.0,8.0,378.0
5307,1368,81.0,7.0,50.0,8.0,4056.0
5308,1368,103.0,7.0,1.0,8.0,470.0
5309,1368,147.0,6.0,65.0,8.0,26267.0
5310,1368,147.0,7.0,60.0,8.0,778.0
5311,1368,60.0,7.0,28.0,8.0,14094.0
5312,1368,158.0,7.0,57.0,8.0,2936.0
5313,1368,5.0,0.0,0.0,8.0,206156.0
5324,873,105.0,0.0,0.0,10.0,12819.0
5325,873,183.0,6.0,85.0,10.0,10844.0
5326,873,74.0,3.0,34.0,10.0,698.0
5327,873,118.0,3.0,101.0,10.0,178.0
5328,873,49.0,2.0,19.0,10.0,1008332.0
5329,873,56.0,7.0,26.0,10.0,788.0
5340,1964,88.0,0.0,0.0,8.0,134493.0
5341,1964,6.0,0.0,0.0,0.0,4188.0
5342,1964,159.0,3.0,93.0,8.0,1285.0
5343,1964,33.0,6.0,43.0,8.0,62960.0
5344,1964,19.0,0.0,0.0,8.0,415.0
5345,1964,15.0,0.0,0.0,8.0,148253.0
5346,1964,23.0,2.0,17.0,8.0,139.0
5347,1964,178.0,7.0,104.0,8.0,4622.0
5348,1964,147.0,7.0,60.0,8.0,2987.0
5349,1964,159.0,3.0,93.0,8.0,1981.0
5407,1021,81.0,3.0,72.0,11.0,369.0
5408,1021,112.0,3.0,61.0,11.0,3948.0
5409,1021,183.0,6.0,87.0,11.0,209022.0
5410,1021,6.0,0.0,0.0,11.0,919.0
5411,1021,6.0,0.0,0.0,11.0,579.0
5412,1021,113.0,0.0,0.0,11.0,91466.0
5413,1021,181.0,3.0,84.0,11.0,450.0
5465,1590,78.0,0.0,0.0,8.0,1901.0
5466,1590,81.0,0.0,0.0,8.0,743.0
5467,1590,78.0,0.0,0.0,8.0,6569.0
5468,1590,78.0,0.0,0.0,8.0,6254.0
5469,1590,81.0,0.0,0.0,8.0,14476.0
5470,1590,143.0,7.0,67.0,8.0,2847.0
5471,1590,81.0,0.0,0.0,8.0,913.0
5472,1590,180.0,0.0,0.0,8.0,32583.0
5473,1590,146.0,2.0,70.0,8.0,4128.0
5474,1590,60.0,7.0,28.0,8.0,3062.0
5485,132,165.0,3.0,78.0,8.0,245.0
5486,132,74.0,3.0,34.0,8.0,598.0
5487,132,165.0,3.0,78.0,8.0,123.0
5488,132,107.0,0.0,0.0,8.0,48.0
5489,132,158.0,7.0,57.0,8.0,17582.0
5490,132,23.0,2.0,17.0,8.0,1245.0
5491,132,118.0,3.0,101.0,8.0,1323.0
5492,132,165.0,3.0,78.0,8.0,237.0
5493,132,118.0,3.0,101.0,8.0,1405.0
5494,132,158.0,7.0,57.0,8.0,63911.0
5540,3087,154.0,2.0,99.0,6.0,125.0
5541,3087,158.0,7.0,57.0,6.0,78.0
5542,3087,142.0,0.0,0.0,6.0,815.0
5543,3087,23.0,2.0,17.0,6.0,1176.0
5544,3087,183.0,6.0,88.0,6.0,86045.0
5545,3087,118.0,3.0,101.0,6.0,1954.0
5546,3087,154.0,2.0,99.0,6.0,3311.0
5547,3087,158.0,7.0,57.0,6.0,39009.0
5548,3087,158.0,7.0,57.0,6.0,22364.0
5549,3087,81.0,7.0,50.0,6.0,58219.0
5580,1560,165.0,3.0,78.0,6.0,10243.0
5581,1560,23.0,2.0,17.0,6.0,1044.0
5582,1560,183.0,6.0,88.0,6.0,78547.0
5583,1560,31.0,6.0,20.0,6.0,178.0
5584,1560,56.0,7.0,26.0,6.0,736.0
5585,1560,31.0,6.0,20.0,6.0,481.0
5586,1560,23.0,2.0,17.0,6.0,465.0
5587,1560,118.0,3.0,101.0,6.0,22604.0
5588,1560,9.0,2.0,14.0,6.0,31.0
5589,1560,31.0,6.0,20.0,6.0,561.0
5610,710,118.0,3.0,101.0,6.0,99.0
5611,710,118.0,3.0,101.0,6.0,36.0
5612,710,81.0,7.0,99.0,6.0,47128.0
5613,710,65.0,0.0,0.0,0.0,1232.0
5614,710,158.0,7.0,57.0,6.0,15413.0
5615,710,154.0,2.0,99.0,6.0,5120.0
5616,710,158.0,7.0,92.0,6.0,13613.0
5617,710,133.0,7.0,50.0,6.0,3211.0
5618,710,159.0,3.0,93.0,6.0,1172.0
5619,710,118.0,3.0,101.0,6.0,3170.0
5620,3210,81.0,7.0,99.0,6.0,115362.0
5621,3210,118.0,3.0,101.0,6.0,1505.0
5622,3210,118.0,3.0,101.0,6.0,1338.0
5623,3210,154.0,2.0,99.0,6.0,1928.0
5624,3210,158.0,7.0,57.0,6.0,10175.0
5625,3210,154.0,2.0,99.0,6.0,1115.0
5626,3210,154.0,2.0,99.0,6.0,2685.0
5627,3210,154.0,2.0,99.0,6.0,1909.0
5628,3210,81.0,7.0,99.0,6.0,4687.0
5629,3210,118.0,3.0,101.0,6.0,832.0
5640,1676,158.0,7.0,57.0,6.0,6217.0
5641,1676,118.0,3.0,101.0,6.0,2426.0
5642,1676,74.0,3.0,34.0,6.0,487.0
5643,1676,118.0,3.0,101.0,6.0,243.0
5644,1676,183.0,6.0,85.0,6.0,83034.0
5645,1676,118.0,3.0,101.0,6.0,1402.0
5646,1676,81.0,7.0,99.0,6.0,104521.0
5647,1676,118.0,3.0,101.0,6.0,40.0
5648,1676,81.0,7.0,99.0,6.0,4937.0
5649,1676,23.0,2.0,17.0,6.0,374.0
5690,158,166.0,3.0,95.0,11.0,2802.0
5691,158,158.0,7.0,92.0,11.0,5891.0
5692,158,158.0,7.0,92.0,11.0,29.0
5693,158,166.0,3.0,95.0,11.0,2737.0
5694,158,166.0,3.0,95.0,11.0,791.0
5695,158,158.0,7.0,92.0,11.0,103.0
5696,158,153.0,2.0,99.0,11.0,13105.0
5697,158,158.0,0.0,0.0,11.0,137.0
5698,158,158.0,7.0,92.0,11.0,3.0
5699,158,158.0,7.0,92.0,11.0,110.0
5710,420,23.0,2.0,17.0,8.0,1732.0
5711,420,118.0,3.0,101.0,8.0,0.0
5712,420,118.0,3.0,101.0,8.0,1292.0
5713,420,154.0,2.0,99.0,8.0,33685.0
5714,420,16.0,2.0,20.0,8.0,35467.0
5715,420,158.0,7.0,57.0,8.0,278.0
5716,420,23.0,2.0,17.0,8.0,2149.0
5717,420,158.0,7.0,57.0,8.0,678.0
5718,420,74.0,3.0,34.0,8.0,213.0
5719,420,158.0,7.0,57.0,8.0,390.0
5770,1772,165.0,3.0,78.0,6.0,298.0
5771,1772,154.0,2.0,99.0,6.0,74326.0
5772,1772,81.0,7.0,99.0,6.0,1424.0
5773,1772,23.0,2.0,17.0,6.0,212.0
5774,1772,183.0,6.0,85.0,6.0,41037.0
5775,1772,158.0,7.0,57.0,6.0,15460.0
5776,1772,154.0,2.0,99.0,6.0,12640.0
5777,1772,81.0,7.0,99.0,6.0,4559.0
5778,1772,154.0,2.0,99.0,6.0,8524.0
5779,1772,118.0,3.0,101.0,6.0,864.0
5780,2100,187.0,0.0,0.0,6.0,29651.0
5781,2100,146.0,2.0,70.0,6.0,892.0
5782,2100,15.0,0.0,0.0,6.0,85740.0
5783,2100,32.0,1.0,10.0,6.0,5497.0
5784,2100,86.0,0.0,0.0,6.0,121993.0
5785,2100,49.0,2.0,19.0,6.0,275392.0
5786,2100,178.0,7.0,104.0,6.0,3241.0
5787,2100,78.0,0.0,0.0,6.0,724.0
5788,2100,126.0,0.0,0.0,6.0,750.0
5789,2100,19.0,0.0,0.0,6.0,5120.0
5810,501,74.0,3.0,34.0,10.0,2433.0
5811,501,56.0,7.0,26.0,11.0,210.0
5812,501,33.0,6.0,43.0,11.0,41207.0
5813,501,74.0,3.0,34.0,11.0,1040.0
5814,501,147.0,7.0,60.0,10.0,1664.0
5815,501,39.0,7.0,12.0,10.0,143931.0
5816,501,147.0,7.0,60.0,10.0,1121.0
5817,501,49.0,2.0,19.0,11.0,67496.0
5818,501,56.0,7.0,26.0,11.0,667.0
5819,501,147.0,7.0,60.0,10.0,1024.0
5828,1486,154.0,2.0,99.0,6.0,2810.0
5829,1486,165.0,3.0,78.0,6.0,182.0
5830,1486,81.0,7.0,99.0,6.0,1738.0
5831,1486,154.0,2.0,99.0,6.0,1994.0
5832,1486,154.0,2.0,99.0,6.0,49.0
5833,1486,81.0,7.0,99.0,6.0,25782.0
5834,1486,158.0,7.0,57.0,6.0,47.0
5835,1486,165.0,3.0,78.0,6.0,119.0
5836,1486,154.0,2.0,99.0,6.0,7182.0
5837,1486,165.0,3.0,78.0,6.0,161.0
5858,2072,154.0,2.0,99.0,6.0,8480.0
5859,2072,165.0,3.0,78.0,6.0,121.0
5860,2072,183.0,6.0,88.0,6.0,25194.0
5861,2072,23.0,2.0,17.0,6.0,978.0
5862,2072,183.0,6.0,85.0,6.0,68532.0
5863,2072,118.0,3.0,101.0,6.0,974.0
5864,2072,158.0,7.0,92.0,6.0,64133.0
5865,2072,118.0,3.0,101.0,6.0,1656.0
5866,2072,178.0,7.0,104.0,6.0,2920.0
5867,2072,118.0,3.0,101.0,6.0,13902.0
5898,488,118.0,3.0,101.0,5.0,1810.0
5899,488,154.0,2.0,99.0,5.0,10234.0
5900,488,154.0,2.0,99.0,5.0,1900.0
5901,488,118.0,3.0,101.0,5.0,3368.0
5902,488,158.0,7.0,57.0,5.0,209192.0
5903,488,23.0,2.0,17.0,5.0,1076.0
5904,488,118.0,3.0,101.0,5.0,2547.0
5905,488,158.0,7.0,57.0,5.0,19790.0
5906,488,58.0,6.0,27.0,5.0,57526.0
5907,488,23.0,2.0,17.0,5.0,1616.0
5918,1247,116.0,1.0,62.0,6.0,5527.0
5919,1247,147.0,7.0,60.0,6.0,1448.0
5920,1247,187.0,0.0,0.0,6.0,52264.0
5921,1247,74.0,3.0,34.0,6.0,3397.0
5922,1247,54.0,6.0,24.0,6.0,94249.0
5923,1247,39.0,7.0,12.0,6.0,455244.0
5954,1666,181.0,3.0,84.0,11.0,337.0
5955,1666,181.0,3.0,84.0,11.0,813.0
5956,1666,150.0,3.0,41.0,11.0,32.0
5957,1666,153.0,2.0,99.0,11.0,1663.0
5958,1666,158.0,0.0,0.0,11.0,34.0
5959,1666,6.0,0.0,0.0,11.0,2.0
5960,1666,81.0,7.0,48.0,11.0,38.0
5961,1666,181.0,3.0,84.0,11.0,588.0
5962,1666,153.0,2.0,99.0,11.0,0.0
5963,1666,158.0,7.0,92.0,11.0,226.0
5991,1869,49.0,2.0,19.0,8.0,11292.0
5992,1869,23.0,2.0,17.0,8.0,31.0
5993,1869,16.0,2.0,20.0,8.0,6969.0
5994,1869,118.0,3.0,101.0,8.0,12719.0
5995,1869,118.0,3.0,101.0,8.0,0.0
5996,1869,23.0,2.0,17.0,8.0,403.0
5997,1869,56.0,7.0,26.0,8.0,580.0
5998,1869,9.0,2.0,14.0,8.0,396.0
5999,1869,16.0,2.0,20.0,8.0,0.0
6000,1869,16.0,2.0,20.0,8.0,6932.0
6001,71,56.0,7.0,26.0,10.0,2174.0
6002,71,56.0,7.0,26.0,10.0,746.0
6003,71,183.0,6.0,85.0,10.0,243697.0
6004,71,36.0,0.0,0.0,10.0,3390.0
6005,71,118.0,3.0,101.0,10.0,134.0
6006,71,74.0,3.0,34.0,10.0,888.0
6007,71,81.0,7.0,99.0,10.0,10563.0
6008,71,118.0,3.0,101.0,10.0,1675.0
6009,71,183.0,6.0,85.0,10.0,205322.0
6010,71,16.0,2.0,20.0,10.0,178356.0
6037,2375,56.0,7.0,26.0,8.0,74619.0
6038,2375,39.0,7.0,12.0,8.0,74543.0
6039,1176,23.0,2.0,17.0,6.0,42.0
6040,1176,158.0,7.0,57.0,6.0,3904.0
6041,1176,81.0,7.0,50.0,6.0,8128.0
6042,1176,154.0,2.0,99.0,6.0,3534.0
6043,1176,81.0,7.0,50.0,6.0,738.0
6044,1176,142.0,0.0,0.0,6.0,680.0
6045,1176,154.0,2.0,99.0,6.0,4217.0
6046,1176,81.0,7.0,99.0,6.0,847.0
6047,1176,142.0,0.0,0.0,6.0,7.0
6048,1176,133.0,7.0,50.0,6.0,1680.0
6088,2539,154.0,2.0,99.0,6.0,1185.0
6089,2539,154.0,2.0,99.0,6.0,9771.0
6090,2539,154.0,2.0,99.0,6.0,818.0
6091,2539,158.0,7.0,57.0,6.0,227.0
6092,2539,81.0,7.0,99.0,6.0,1195.0
6093,2539,23.0,2.0,17.0,6.0,853.0
6094,2539,154.0,2.0,99.0,6.0,576.0
6095,2539,158.0,7.0,57.0,6.0,65414.0
6096,2539,158.0,7.0,57.0,6.0,51227.0
6097,2539,154.0,2.0,99.0,6.0,1956.0
6118,1437,61.0,7.0,68.0,2.0,3375.0
6119,1437,146.0,2.0,70.0,8.0,4387.0
6120,1437,86.0,0.0,0.0,8.0,42598.0
6121,1437,133.0,7.0,50.0,8.0,10836.0
6122,1437,23.0,2.0,17.0,8.0,60.0
6123,1437,7.0,0.0,0.0,8.0,147.0
6124,1437,178.0,7.0,104.0,8.0,2622.0
6125,1437,133.0,7.0,50.0,8.0,317669.0
6126,1437,165.0,3.0,78.0,8.0,84.0
6127,1437,158.0,7.0,57.0,8.0,643.0
6158,934,6.0,0.0,0.0,11.0,18.0
6159,934,81.0,3.0,72.0,11.0,1671.0
6160,934,181.0,3.0,84.0,11.0,755.0
6161,934,91.0,7.0,91.0,11.0,1564.0
6172,1685,154.0,2.0,99.0,8.0,1625.0
6173,1685,74.0,3.0,34.0,8.0,1.0
6174,1685,165.0,3.0,78.0,8.0,34.0
6175,1685,158.0,7.0,57.0,8.0,176.0
6176,1685,118.0,3.0,101.0,8.0,510.0
6177,1685,158.0,7.0,57.0,8.0,1757399.0
6178,1685,158.0,7.0,57.0,8.0,12918.0
6179,1685,56.0,7.0,26.0,8.0,768.0
6180,1685,165.0,3.0,78.0,8.0,45.0
6181,1685,78.0,0.0,0.0,8.0,13199.0
6182,2980,6.0,0.0,0.0,0.0,641.0
6183,2980,153.0,2.0,99.0,0.0,3134.0
6184,2980,181.0,3.0,84.0,0.0,2746.0
6185,2980,49.0,2.0,19.0,11.0,21012.0
6186,2980,74.0,3.0,34.0,11.0,5053.0
6187,2980,150.0,3.0,41.0,0.0,3422.0
6188,2980,158.0,7.0,92.0,0.0,458.0
6189,2980,158.0,0.0,0.0,0.0,113977.0
6190,2980,56.0,7.0,26.0,11.0,873.0
6191,2980,33.0,6.0,43.0,11.0,20798.0
6192,353,187.0,0.0,0.0,6.0,15492.0
6193,353,81.0,7.0,50.0,6.0,130057.0
6194,353,154.0,2.0,99.0,6.0,4021.0
6195,353,154.0,2.0,99.0,6.0,1537.0
6196,353,65.0,0.0,0.0,0.0,25830.0
6197,353,134.0,6.0,73.0,6.0,675.0
6198,353,23.0,2.0,17.0,6.0,1037.0
6199,353,50.0,6.0,54.0,6.0,20937.0
6200,353,15.0,0.0,0.0,6.0,115156.0
6201,353,78.0,0.0,0.0,6.0,17411.0
6202,1936,153.0,2.0,99.0,11.0,67395.0
6203,1936,166.0,3.0,95.0,11.0,28688.0
6204,1936,183.0,6.0,85.0,11.0,22862.0
6205,1936,150.0,3.0,94.0,11.0,17715.0
6206,1936,150.0,3.0,94.0,11.0,235.0
6207,1936,183.0,6.0,85.0,11.0,200.0
6208,1936,150.0,3.0,41.0,11.0,0.0
6209,1936,166.0,3.0,95.0,11.0,0.0
6210,1936,44.0,7.0,97.0,11.0,1928.0
6211,1936,158.0,7.0,92.0,11.0,14237.0
6232,3112,56.0,7.0,26.0,6.0,3445.0
6233,3112,147.0,6.0,65.0,6.0,151533.0
6234,3112,165.0,3.0,78.0,6.0,127.0
6235,3112,178.0,7.0,104.0,6.0,3724.0
6236,3112,81.0,0.0,0.0,6.0,1076.0
6237,3112,118.0,3.0,101.0,6.0,30.0
6238,3112,187.0,0.0,0.0,6.0,16504.0
6239,3112,165.0,3.0,78.0,6.0,84.0
6240,3112,158.0,7.0,57.0,6.0,56277.0
6241,3112,89.0,0.0,0.0,6.0,730202.0
6272,2881,150.0,3.0,41.0,11.0,67.0
6273,2881,44.0,7.0,97.0,11.0,58632.0
6274,2881,150.0,3.0,41.0,11.0,0.0
6275,2881,158.0,7.0,92.0,11.0,827.0
6276,2881,6.0,0.0,0.0,11.0,280.0
6277,2881,158.0,7.0,92.0,11.0,0.0
6278,2881,166.0,3.0,95.0,11.0,14893.0
6279,2881,153.0,2.0,99.0,11.0,27165.0
6280,2881,158.0,7.0,92.0,11.0,197.0
6281,2881,183.0,6.0,85.0,11.0,12125.0
6321,435,81.0,0.0,0.0,8.0,4121.0
6322,435,178.0,7.0,104.0,8.0,5922.0
6323,435,61.0,7.0,68.0,8.0,645.0
6324,435,61.0,7.0,68.0,8.0,827.0
6325,435,158.0,7.0,57.0,8.0,4252.0
6326,435,118.0,3.0,101.0,8.0,914.0
6327,435,77.0,0.0,0.0,8.0,96454.0
6328,435,133.0,7.0,50.0,8.0,3202.0
6329,435,49.0,2.0,19.0,8.0,10300.0
6330,435,56.0,7.0,26.0,8.0,869.0
6331,586,153.0,2.0,99.0,11.0,2705.0
6332,586,6.0,0.0,0.0,11.0,133856.0
6333,586,158.0,7.0,92.0,11.0,6344.0
6334,586,153.0,2.0,99.0,11.0,16272.0
6335,586,153.0,2.0,99.0,11.0,5848.0
6336,586,153.0,2.0,99.0,11.0,4832.0
6337,586,153.0,2.0,99.0,11.0,9176.0
6338,586,103.0,6.0,53.0,11.0,477.0
6339,586,81.0,7.0,48.0,11.0,9025.0
6340,586,153.0,2.0,99.0,11.0,9765.0
6350,1976,154.0,2.0,99.0,6.0,425.0
6351,1976,154.0,2.0,99.0,6.0,2694.0
6352,1976,165.0,3.0,78.0,6.0,0.0
6353,1976,23.0,2.0,17.0,6.0,47.0
6354,1976,165.0,3.0,78.0,6.0,3498.0
6355,1976,154.0,2.0,99.0,6.0,20059.0
6356,1976,154.0,2.0,99.0,6.0,2117.0
6357,1976,183.0,6.0,85.0,6.0,195552.0
6358,1976,154.0,2.0,99.0,6.0,8981.0
6359,1976,154.0,2.0,99.0,6.0,2133.0
6380,2859,158.0,7.0,92.0,8.0,553.0
6381,2859,56.0,7.0,26.0,8.0,1412.0
6382,2859,159.0,3.0,93.0,8.0,839.0
6383,2859,39.0,7.0,12.0,8.0,1412.0
6384,2859,154.0,2.0,99.0,8.0,4211.0
6385,2859,158.0,7.0,92.0,8.0,103.0
6386,2859,158.0,7.0,92.0,8.0,331.0
6387,2859,49.0,2.0,19.0,8.0,32039.0
6388,2859,37.0,5.0,55.0,8.0,15317.0
6389,2859,158.0,7.0,92.0,8.0,73360.0
6400,1324,74.0,3.0,34.0,8.0,4227.0
6401,1324,88.0,0.0,0.0,8.0,17240.0
6402,1324,49.0,2.0,19.0,11.0,28000.0
6403,1324,178.0,7.0,104.0,8.0,1898.0
6404,1324,87.0,0.0,0.0,8.0,20250.0
6405,1324,15.0,0.0,0.0,8.0,106649.0
6406,1324,54.0,6.0,24.0,8.0,126589.0
6407,1324,37.0,5.0,55.0,8.0,37044.0
6408,1324,19.0,0.0,0.0,8.0,491.0
6409,1324,131.0,0.0,0.0,8.0,364.0
6410,1191,61.0,7.0,68.0,6.0,11713.0
6411,1191,15.0,0.0,0.0,6.0,149477.0
6412,1191,131.0,0.0,0.0,6.0,334.0
6413,1191,118.0,3.0,101.0,6.0,81.0
6414,1191,74.0,3.0,34.0,6.0,321.0
6415,1191,114.0,7.0,2.0,6.0,37577.0
6416,1191,177.0,0.0,0.0,6.0,940.0
6417,1191,177.0,0.0,0.0,6.0,63.0
6418,1191,81.0,3.0,96.0,6.0,1356.0
6419,1191,158.0,7.0,92.0,6.0,8137.0
6430,2647,81.0,7.0,50.0,6.0,17698.0
6431,2647,23.0,2.0,17.0,6.0,63.0
6432,2647,133.0,7.0,50.0,6.0,11289.0
6433,2647,118.0,3.0,101.0,6.0,264.0
6434,2647,81.0,7.0,50.0,6.0,836.0
6435,2647,142.0,0.0,0.0,6.0,868.0
6436,2647,9.0,2.0,14.0,6.0,48.0
6437,2647,81.0,7.0,50.0,6.0,4633.0
6438,2647,81.0,7.0,50.0,6.0,1113.0
6439,2647,9.0,2.0,14.0,6.0,23.0
6450,1791,74.0,3.0,34.0,8.0,630.0
6451,1791,49.0,2.0,19.0,8.0,94659.0
6452,1791,81.0,7.0,99.0,8.0,71338.0
6453,1791,31.0,6.0,20.0,8.0,800.0
6454,1791,23.0,2.0,17.0,8.0,2206.0
6455,1791,23.0,2.0,17.0,8.0,21.0
6456,1791,165.0,3.0,78.0,8.0,335.0
6457,1791,9.0,2.0,14.0,8.0,7543.0
6458,1791,56.0,7.0,26.0,8.0,858.0
6459,1791,23.0,2.0,17.0,8.0,4976.0
6460,419,39.0,7.0,12.0,6.0,167260.0
6461,419,147.0,7.0,60.0,6.0,63263.0
6462,419,54.0,6.0,24.0,6.0,56092.0
6463,419,147.0,7.0,60.0,6.0,1327.0
6464,419,74.0,3.0,34.0,6.0,25103.0
6465,419,147.0,7.0,60.0,6.0,8097.0
6466,419,116.0,1.0,62.0,6.0,0.0
6467,419,147.0,6.0,65.0,6.0,23138.0
6491,955,154.0,2.0,99.0,8.0,3135.0
6492,955,158.0,7.0,57.0,8.0,15283.0
6493,955,158.0,7.0,57.0,8.0,239.0
6494,955,165.0,3.0,78.0,8.0,145.0
6495,955,81.0,7.0,97.0,8.0,1459.0
6496,955,81.0,7.0,99.0,8.0,2559.0
6497,955,119.0,0.0,0.0,8.0,1129.0
6498,955,118.0,3.0,101.0,8.0,2824.0
6499,955,154.0,2.0,99.0,8.0,14351.0
6500,955,118.0,3.0,101.0,8.0,2428.0
6511,1298,165.0,3.0,78.0,8.0,31.0
6512,1298,158.0,7.0,57.0,8.0,39477.0
6513,1298,154.0,2.0,99.0,8.0,2465.0
6514,1298,81.0,7.0,99.0,8.0,70002.0
6515,1298,118.0,3.0,101.0,8.0,2273.0
6516,1298,165.0,3.0,78.0,8.0,2217.0
6517,1298,81.0,7.0,99.0,8.0,26013.0
6518,1298,23.0,2.0,17.0,8.0,197.0
6519,1298,118.0,3.0,101.0,8.0,2686.0
6520,1298,154.0,2.0,99.0,8.0,12360.0
6531,405,158.0,7.0,57.0,6.0,15288.0
6532,405,118.0,3.0,101.0,6.0,1988.0
6533,405,23.0,2.0,17.0,6.0,11.0
6534,405,31.0,6.0,20.0,6.0,499.0
6535,405,165.0,3.0,78.0,6.0,144.0
6536,405,118.0,3.0,101.0,6.0,1438.0
6537,405,158.0,7.0,57.0,6.0,4411.0
6538,405,118.0,3.0,101.0,6.0,1528.0
6539,405,165.0,3.0,78.0,6.0,111.0
6540,405,23.0,2.0,17.0,6.0,8348.0
6561,1346,147.0,7.0,60.0,8.0,2231.0
6562,1346,54.0,6.0,24.0,8.0,187156.0
6563,1346,116.0,1.0,62.0,8.0,42739.0
6564,1346,74.0,3.0,34.0,8.0,3253.0
6565,1346,187.0,0.0,0.0,8.0,15228.0
6570,2669,118.0,3.0,101.0,6.0,510.0
6571,2669,165.0,3.0,78.0,6.0,102.0
6572,2669,23.0,2.0,17.0,6.0,76409.0
6573,2669,54.0,6.0,24.0,6.0,542316.0
6574,2669,158.0,7.0,57.0,6.0,366.0
6575,2669,23.0,2.0,17.0,6.0,18.0
6576,2669,88.0,0.0,0.0,6.0,24536.0
6577,2669,32.0,1.0,10.0,6.0,4223.0
6578,2669,74.0,3.0,34.0,6.0,564.0
6579,2669,88.0,0.0,0.0,6.0,21284.0
6600,3051,154.0,2.0,99.0,6.0,3045.0
6601,3051,23.0,2.0,17.0,6.0,543.0
6602,3051,183.0,6.0,85.0,6.0,248714.0
6603,3051,23.0,2.0,17.0,6.0,734.0
6604,3051,154.0,2.0,99.0,6.0,79998.0
6605,3051,118.0,3.0,101.0,6.0,52.0
6606,3051,154.0,2.0,99.0,6.0,1486.0
6607,3051,118.0,3.0,101.0,6.0,611.0
6608,3051,154.0,2.0,99.0,6.0,3666.0
6609,3051,23.0,2.0,17.0,6.0,514.0
6620,1930,118.0,3.0,101.0,8.0,13110.0
6621,1930,165.0,3.0,78.0,8.0,804.0
6622,1930,23.0,2.0,17.0,8.0,27.0
6623,1930,165.0,3.0,78.0,8.0,638.0
6624,1930,31.0,6.0,20.0,8.0,590.0
6625,1930,31.0,6.0,20.0,8.0,396.0
6626,1930,118.0,3.0,101.0,8.0,36118.0
6627,1930,23.0,2.0,17.0,8.0,55.0
6628,1930,158.0,7.0,57.0,8.0,526.0
6629,1930,118.0,3.0,101.0,8.0,969.0
6701,2748,154.0,2.0,99.0,6.0,20924.0
6702,2748,81.0,7.0,99.0,6.0,35822.0
6703,2748,154.0,2.0,99.0,6.0,18098.0
6704,2748,16.0,2.0,20.0,6.0,28804.0
6705,2748,165.0,3.0,78.0,6.0,76.0
6706,2748,158.0,7.0,57.0,6.0,3585.0
6707,2748,118.0,3.0,101.0,6.0,10.0
6708,2748,158.0,7.0,57.0,6.0,21175.0
6709,2748,183.0,6.0,88.0,6.0,85067.0
6710,2748,118.0,3.0,101.0,6.0,1443.0
6744,1588,60.0,7.0,28.0,6.0,26237.0
6745,1588,183.0,6.0,88.0,6.0,49682.0
6746,1588,40.0,2.0,13.0,6.0,49390.0
6747,1588,118.0,3.0,101.0,6.0,3238.0
6748,1588,9.0,2.0,14.0,6.0,84.0
6749,1588,23.0,2.0,17.0,6.0,1.0
6750,1588,60.0,7.0,28.0,6.0,642.0
6751,1588,118.0,3.0,101.0,6.0,0.0
6752,1588,119.0,0.0,0.0,6.0,875.0
6753,1588,158.0,7.0,57.0,6.0,184.0
6761,515,9.0,2.0,14.0,6.0,18033.0
6762,515,158.0,7.0,57.0,6.0,8043.0
6763,515,23.0,2.0,17.0,6.0,18.0
6764,515,133.0,7.0,50.0,6.0,5693.0
6765,515,23.0,2.0,17.0,6.0,5880.0
6766,515,118.0,3.0,101.0,6.0,6.0
6767,515,23.0,2.0,17.0,6.0,920.0
6768,515,154.0,2.0,99.0,6.0,464.0
6769,515,158.0,7.0,57.0,6.0,309.0
6770,515,154.0,2.0,99.0,6.0,10571.0
6771,2380,56.0,7.0,26.0,6.0,555.0
6772,2380,49.0,2.0,19.0,6.0,1726191.0
6773,2380,89.0,0.0,0.0,6.0,69690.0
6774,2380,74.0,3.0,34.0,6.0,2780.0
6775,2380,60.0,7.0,28.0,6.0,28822.0
6776,2380,81.0,0.0,0.0,6.0,1955.0
6777,2380,183.0,6.0,88.0,6.0,9925.0
6778,2380,54.0,6.0,24.0,6.0,33740.0
6779,2380,183.0,6.0,88.0,6.0,53651.0
6780,2380,187.0,0.0,0.0,6.0,9530.0
6844,1186,158.0,7.0,57.0,10.0,51048.0
6845,1186,81.0,7.0,99.0,10.0,15372.0
6846,1186,23.0,2.0,17.0,10.0,0.0
6847,1186,165.0,3.0,78.0,10.0,89.0
6848,1186,118.0,3.0,101.0,10.0,2275.0
6849,1186,81.0,7.0,99.0,10.0,79056.0
6850,1186,165.0,3.0,78.0,10.0,493.0
6851,1186,118.0,3.0,101.0,10.0,1237.0
6852,1186,81.0,7.0,99.0,10.0,92294.0
6853,1186,23.0,2.0,17.0,10.0,643.0
6884,582,153.0,2.0,99.0,11.0,726.0
6885,582,181.0,3.0,84.0,11.0,11750.0
6886,582,153.0,2.0,99.0,11.0,10345.0
6887,582,153.0,2.0,99.0,11.0,53520.0
6888,582,150.0,3.0,41.0,11.0,217.0
6889,582,153.0,2.0,99.0,11.0,1113.0
6890,582,153.0,2.0,99.0,11.0,843.0
6891,582,6.0,0.0,0.0,0.0,1931.0
6892,582,153.0,2.0,99.0,11.0,846.0
6893,582,153.0,2.0,99.0,11.0,2137.0
6964,2603,81.0,7.0,99.0,6.0,5330.0
6965,2603,118.0,3.0,101.0,6.0,3844.0
6966,2603,154.0,2.0,99.0,6.0,2515.0
6967,2603,81.0,7.0,99.0,6.0,2214.0
6968,2603,81.0,7.0,99.0,6.0,5077.0
6969,2603,81.0,7.0,99.0,6.0,198035.0
6970,2603,23.0,2.0,17.0,6.0,543.0
6971,2603,81.0,7.0,99.0,6.0,3113.0
6972,2603,159.0,3.0,93.0,6.0,686.0
6973,2603,154.0,2.0,99.0,6.0,5034.0
6998,3006,0.0,4.0,49.0,11.0,558000.0
7039,2054,81.0,7.0,99.0,8.0,31535.0
7040,2054,56.0,7.0,26.0,8.0,668.0
7041,2054,81.0,7.0,99.0,8.0,15724.0
7042,2054,165.0,3.0,78.0,8.0,89.0
7043,2054,154.0,2.0,99.0,8.0,29419.0
7044,2054,165.0,3.0,78.0,8.0,1594.0
7045,2054,49.0,2.0,19.0,8.0,44587.0
7046,2054,158.0,7.0,57.0,8.0,27300.0
7047,2054,154.0,2.0,99.0,8.0,4344.0
7048,2054,118.0,3.0,101.0,8.0,2820.0
7049,2120,80.0,7.0,58.0,6.0,15279.0
7050,2120,107.0,0.0,0.0,6.0,98.0
7051,2120,147.0,6.0,65.0,6.0,23340.0
7052,2120,158.0,7.0,57.0,6.0,471.0
7053,2120,133.0,7.0,50.0,6.0,787.0
7054,2120,165.0,3.0,78.0,6.0,1057.0
7055,2120,158.0,7.0,57.0,6.0,446.0
7056,2120,118.0,3.0,101.0,6.0,1679.0
7057,2120,147.0,7.0,60.0,6.0,1210.0
7058,2120,81.0,7.0,50.0,6.0,2725.0
7079,1474,81.0,7.0,97.0,8.0,988.0
7080,1474,165.0,3.0,78.0,8.0,51.0
7081,1474,54.0,6.0,24.0,8.0,380518.0
7082,1474,118.0,3.0,101.0,8.0,275.0
7083,1474,165.0,3.0,78.0,8.0,48.0
7084,1474,158.0,7.0,57.0,8.0,18668.0
7085,1474,165.0,3.0,78.0,8.0,33.0
7086,1474,165.0,3.0,78.0,8.0,2857.0
7087,1474,158.0,7.0,57.0,8.0,260.0
7088,1474,158.0,7.0,57.0,8.0,323.0
7116,1064,56.0,7.0,26.0,6.0,687.0
7117,1064,74.0,3.0,34.0,6.0,7268.0
7118,1064,49.0,2.0,19.0,6.0,658491.0
7119,1064,154.0,2.0,99.0,6.0,1035628.0
7193,154,131.0,0.0,0.0,6.0,636.0
7194,154,147.0,7.0,60.0,6.0,983.0
7195,154,147.0,7.0,60.0,6.0,1715.0
7196,154,143.0,7.0,67.0,6.0,1453.0
7197,154,133.0,7.0,50.0,6.0,962.0
7198,154,183.0,6.0,88.0,6.0,43.0
7199,154,89.0,0.0,0.0,6.0,395849.0
7200,154,60.0,7.0,28.0,6.0,859.0
7201,154,178.0,7.0,104.0,6.0,975.0
7202,154,60.0,7.0,28.0,6.0,1915.0
7203,698,81.0,7.0,99.0,6.0,0.0
7204,698,165.0,3.0,78.0,6.0,109.0
7205,698,23.0,2.0,17.0,6.0,345.0
7206,698,81.0,7.0,99.0,6.0,874918.0
7207,698,154.0,2.0,99.0,6.0,98813.0
7208,698,81.0,7.0,99.0,6.0,1094.0
7209,698,81.0,7.0,99.0,6.0,10992.0
7210,698,81.0,7.0,99.0,6.0,1409.0
7211,698,158.0,7.0,57.0,6.0,264.0
7212,698,81.0,7.0,99.0,6.0,202.0
7243,693,74.0,3.0,34.0,11.0,1606.0
7244,693,103.0,6.0,53.0,11.0,59423.0
7245,693,81.0,0.0,0.0,11.0,0.0
7246,693,84.0,0.0,0.0,11.0,112356.0
7247,693,91.0,7.0,91.0,11.0,348.0
7248,693,157.0,0.0,0.0,11.0,114.0
7249,693,158.0,7.0,92.0,11.0,5834.0
7250,693,43.0,2.0,71.0,11.0,176008.0
7251,693,6.0,0.0,0.0,11.0,156.0
7252,693,43.0,2.0,71.0,11.0,313975.0
7272,2270,31.0,6.0,20.0,8.0,268.0
7273,764,103.0,6.0,53.0,11.0,2951.0
7274,764,158.0,7.0,92.0,11.0,11.0
7275,764,166.0,3.0,95.0,11.0,492.0
7276,764,158.0,7.0,92.0,11.0,37.0
7277,764,158.0,7.0,92.0,11.0,6.0
7278,764,166.0,3.0,95.0,11.0,10081.0
7279,764,166.0,3.0,95.0,11.0,436.0
7280,764,158.0,7.0,57.0,11.0,92.0
7281,764,150.0,3.0,94.0,11.0,434.0
7282,764,166.0,3.0,95.0,11.0,23.0
7303,2134,74.0,3.0,34.0,6.0,420.0
7304,2134,183.0,6.0,85.0,6.0,10641.0
7305,2134,118.0,3.0,101.0,6.0,197.0
7309,1412,118.0,3.0,101.0,6.0,507.0
7310,1412,118.0,3.0,101.0,6.0,1055.0
7311,1412,118.0,3.0,101.0,6.0,2399.0
7312,1412,158.0,7.0,57.0,6.0,8161.0
7313,1412,23.0,2.0,17.0,6.0,21.0
7314,1412,23.0,2.0,17.0,6.0,801.0
7315,1412,118.0,3.0,101.0,6.0,874.0
7316,1412,118.0,3.0,101.0,6.0,115.0
7317,1412,81.0,7.0,99.0,6.0,39256.0
7318,1412,81.0,7.0,99.0,6.0,8324.0
7353,2833,158.0,7.0,57.0,8.0,459.0
7354,2833,33.0,6.0,43.0,8.0,12898.0
7355,2833,158.0,7.0,57.0,8.0,1041.0
7356,2833,158.0,7.0,57.0,8.0,0.0
7357,2833,118.0,3.0,101.0,8.0,7.0
7358,2833,158.0,7.0,57.0,8.0,249.0
7359,2833,23.0,2.0,17.0,8.0,1111.0
7360,2833,81.0,7.0,99.0,8.0,3829.0
7361,2833,118.0,3.0,101.0,8.0,17.0
7362,2833,118.0,3.0,101.0,8.0,7016.0
7373,2992,118.0,3.0,101.0,6.0,1149.0
7374,2992,165.0,3.0,78.0,6.0,174.0
7375,2992,158.0,7.0,57.0,6.0,5602.0
7376,2992,165.0,3.0,78.0,6.0,140.0
7377,2992,154.0,2.0,99.0,6.0,85663.0
7378,2992,158.0,7.0,57.0,6.0,26633.0
7379,2992,81.0,7.0,99.0,6.0,502.0
7380,2992,81.0,7.0,99.0,6.0,404.0
7381,2992,118.0,3.0,101.0,6.0,73.0
7382,2992,165.0,3.0,78.0,6.0,216.0
7383,1097,166.0,3.0,95.0,1.0,561.0
7384,1097,6.0,0.0,0.0,1.0,197.0
7385,1097,44.0,7.0,97.0,1.0,86.0
7386,1097,103.0,6.0,53.0,1.0,226.0
7387,1097,153.0,2.0,99.0,1.0,413.0
7388,1097,183.0,6.0,87.0,1.0,612.0
7389,1097,153.0,2.0,99.0,1.0,12300.0
7390,1097,158.0,7.0,57.0,1.0,23649.0
7391,1097,81.0,0.0,0.0,1.0,101.0
7392,1097,153.0,2.0,99.0,1.0,8976.0
7403,2773,165.0,3.0,78.0,6.0,883.0
7404,2773,54.0,0.0,0.0,6.0,12734.0
7405,2773,143.0,7.0,67.0,6.0,571.0
7406,2773,87.0,0.0,0.0,6.0,42974.0
7407,2773,54.0,0.0,0.0,6.0,2690.0
7408,2773,31.0,6.0,20.0,6.0,282.0
7409,2773,158.0,7.0,57.0,6.0,433.0
7410,2773,143.0,7.0,67.0,6.0,12968.0
7411,2773,47.0,0.0,0.0,6.0,404.0
7412,2773,143.0,7.0,67.0,6.0,733.0
7413,1814,36.0,0.0,0.0,6.0,2637.0
7414,1814,133.0,7.0,50.0,6.0,2778.0
7415,1814,23.0,2.0,17.0,6.0,1332.0
7416,1814,36.0,0.0,0.0,6.0,3157.0
7417,1814,81.0,7.0,99.0,6.0,274.0
7418,1814,158.0,7.0,57.0,6.0,243.0
7419,1814,118.0,3.0,101.0,6.0,610.0
7420,1814,81.0,7.0,50.0,6.0,4327.0
7421,1814,154.0,2.0,99.0,6.0,21428.0
7422,1814,158.0,7.0,57.0,6.0,47709.0
7443,2287,158.0,7.0,57.0,8.0,27133.0
7444,2287,44.0,7.0,97.0,1.0,28612.0
7445,2287,153.0,2.0,99.0,1.0,46079.0
7446,2287,153.0,2.0,99.0,1.0,5445.0
7447,2287,33.0,6.0,43.0,8.0,241844.0
7448,2287,158.0,7.0,92.0,1.0,478.0
7449,2287,158.0,7.0,92.0,1.0,549.0
7450,2287,158.0,7.0,100.0,8.0,7647.0
7451,2287,166.0,3.0,95.0,1.0,834.0
7452,2287,6.0,0.0,0.0,1.0,435.0
7463,2890,39.0,7.0,12.0,6.0,3973.0
7464,2890,78.0,0.0,0.0,6.0,2612.0
7465,2890,49.0,2.0,19.0,6.0,56855.0
7466,2890,56.0,7.0,26.0,6.0,1816.0
7467,2890,146.0,2.0,70.0,6.0,1408.0
7468,2890,49.0,2.0,19.0,6.0,20489.0
7469,2890,88.0,0.0,0.0,6.0,11384.0
7470,2890,54.0,6.0,24.0,6.0,795083.0
7471,2890,178.0,7.0,104.0,6.0,4347.0
7472,2890,2.0,4.0,49.0,11.0,1716457.0
7503,2372,154.0,2.0,99.0,8.0,3749.0
7504,2372,165.0,3.0,78.0,8.0,381.0
7505,2372,23.0,2.0,17.0,8.0,128.0
7506,2372,65.0,0.0,0.0,0.0,306.0
7507,2372,9.0,2.0,14.0,8.0,52.0
7508,2372,165.0,3.0,78.0,8.0,125.0
7509,2372,154.0,2.0,99.0,8.0,46238.0
7510,2372,158.0,7.0,57.0,8.0,261.0
7511,2372,49.0,2.0,19.0,8.0,15292.0
7512,2372,158.0,7.0,57.0,8.0,23906.0
7563,2316,133.0,7.0,50.0,10.0,28341.0
7564,2316,118.0,3.0,101.0,10.0,23934.0
7565,2316,23.0,2.0,17.0,10.0,5745.0
7566,2316,56.0,7.0,26.0,10.0,103914.0
7567,2316,56.0,7.0,26.0,10.0,2521.0
7568,2316,118.0,3.0,101.0,10.0,91.0
7569,2316,56.0,7.0,26.0,10.0,1810.0
7570,2316,81.0,7.0,50.0,10.0,2104.0
7571,2316,81.0,7.0,50.0,10.0,1319.0
7572,2316,118.0,3.0,101.0,10.0,17824.0
7591,2676,33.0,6.0,43.0,10.0,143876.0
7592,2676,118.0,3.0,101.0,10.0,28.0
7593,2676,183.0,6.0,85.0,10.0,11414.0
7594,2676,74.0,3.0,34.0,10.0,24.0
7595,2676,154.0,2.0,99.0,10.0,19078.0
7596,2676,158.0,7.0,57.0,10.0,28361.0
7597,2676,36.0,0.0,0.0,10.0,0.0
7598,2676,154.0,2.0,99.0,10.0,1477.0
7599,2676,81.0,7.0,99.0,10.0,3967.0
7600,2676,158.0,7.0,57.0,10.0,5800.0
7601,1724,49.0,2.0,19.0,6.0,58629.0
7602,1724,165.0,3.0,78.0,6.0,261.0
7603,1724,118.0,3.0,101.0,6.0,871.0
7604,1724,46.0,0.0,0.0,6.0,6908.0
7605,1724,23.0,2.0,17.0,6.0,47.0
7606,1724,9.0,2.0,14.0,6.0,48.0
7607,1724,16.0,2.0,20.0,6.0,6005.0
7608,1724,158.0,7.0,92.0,6.0,35487.0
7609,1724,37.0,5.0,55.0,6.0,18259.0
7610,1724,81.0,7.0,48.0,11.0,32.0
7611,1156,183.0,6.0,85.0,6.0,6175.0
7612,1156,158.0,7.0,57.0,6.0,66633.0
7613,1156,23.0,2.0,17.0,6.0,42.0
7614,1156,118.0,3.0,101.0,6.0,935.0
7615,1156,165.0,3.0,78.0,6.0,23.0
7616,1156,36.0,0.0,0.0,6.0,90322.0
7617,1156,81.0,7.0,99.0,6.0,386461.0
7618,1156,183.0,6.0,85.0,6.0,69466.0
7619,1156,81.0,7.0,50.0,6.0,48430.0
7620,1156,23.0,2.0,17.0,6.0,24.0
7675,1960,116.0,1.0,62.0,8.0,0.0
7676,1960,54.0,6.0,24.0,8.0,205227.0
7677,1960,77.0,0.0,0.0,8.0,99.0
7678,1960,187.0,0.0,0.0,8.0,40475.0
7679,1960,147.0,7.0,60.0,8.0,2075.0
7680,1960,74.0,3.0,34.0,8.0,502.0
7681,1960,49.0,2.0,19.0,8.0,25077.0
7682,1960,56.0,7.0,26.0,8.0,1076.0
7683,1960,33.0,6.0,43.0,8.0,95820.0
7684,1960,74.0,3.0,34.0,8.0,822.0
7685,2973,46.0,0.0,0.0,8.0,1920.0
7686,2973,60.0,7.0,28.0,8.0,16040.0
7687,2973,5.0,0.0,0.0,8.0,18364.0
7688,2973,49.0,2.0,19.0,2.0,26315.0
7689,2973,78.0,0.0,0.0,8.0,1747.0
7690,2973,78.0,0.0,0.0,8.0,672.0
7691,2973,103.0,7.0,1.0,8.0,653.0
7692,2973,103.0,7.0,1.0,8.0,620.0
7693,2973,187.0,0.0,0.0,8.0,21374.0
7694,2973,178.0,7.0,104.0,8.0,647.0
7695,3247,39.0,7.0,12.0,8.0,4186.0
7696,3247,74.0,3.0,34.0,8.0,2712.0
7697,3247,39.0,7.0,12.0,8.0,163407.0
7698,3247,172.0,7.0,80.0,8.0,36791.0
7699,3247,39.0,7.0,12.0,8.0,14141.0
7700,3247,39.0,7.0,12.0,8.0,7050.0
7758,373,147.0,7.0,60.0,8.0,445.0
7759,373,147.0,6.0,65.0,8.0,14643.0
7760,373,102.0,7.0,38.0,8.0,7603.0
7761,373,116.0,1.0,62.0,8.0,276578.0
7762,373,147.0,7.0,60.0,8.0,2231.0
7763,373,147.0,7.0,60.0,8.0,839.0
7764,373,74.0,3.0,34.0,8.0,5702.0
7765,373,147.0,6.0,65.0,8.0,525.0
7766,373,10.0,0.0,0.0,8.0,4607.0
7777,496,49.0,2.0,19.0,8.0,23400.0
7778,496,151.0,0.0,0.0,8.0,688.0
7779,496,61.0,7.0,68.0,8.0,2407.0
7780,496,143.0,7.0,67.0,8.0,737.0
7781,496,61.0,7.0,68.0,8.0,111.0
7782,496,60.0,7.0,28.0,8.0,24820.0
7783,496,60.0,7.0,28.0,8.0,14175.0
7784,496,56.0,7.0,26.0,8.0,1190.0
7785,496,74.0,3.0,34.0,8.0,258.0
7786,496,143.0,7.0,67.0,8.0,2275.0
7789,2388,183.0,6.0,85.0,8.0,6454.0
7790,2388,156.0,6.0,23.0,8.0,257.0
7791,2388,183.0,6.0,85.0,8.0,29173.0
7792,2388,74.0,3.0,34.0,8.0,773.0
7793,2388,183.0,6.0,85.0,8.0,206411.0
7794,2388,74.0,3.0,34.0,8.0,295.0
7795,2388,183.0,6.0,85.0,8.0,8029.0
7796,2388,94.0,7.0,47.0,8.0,1494.0
7807,2183,49.0,2.0,19.0,6.0,14379.0
7808,2183,33.0,6.0,43.0,6.0,465.0
7809,2183,119.0,0.0,0.0,6.0,171.0
7810,2183,36.0,0.0,0.0,6.0,2910.0
7811,2183,86.0,0.0,0.0,6.0,97459.0
7812,2183,54.0,6.0,24.0,6.0,20698.0
7813,2183,47.0,0.0,0.0,6.0,537.0
7814,2183,36.0,0.0,0.0,6.0,1545542.0
7815,2183,187.0,0.0,0.0,6.0,15669.0
7816,2183,61.0,7.0,68.0,6.0,56837.0
7817,2060,153.0,2.0,99.0,11.0,10759.0
7818,2060,158.0,7.0,57.0,11.0,471.0
7819,2060,158.0,7.0,92.0,11.0,152.0
7820,2060,183.0,6.0,85.0,11.0,176.0
7821,2060,6.0,0.0,0.0,11.0,1380382.0
7822,2060,6.0,0.0,0.0,11.0,48.0
7823,2060,103.0,6.0,53.0,11.0,5198.0
7824,2060,153.0,2.0,99.0,11.0,1671.0
7825,2060,150.0,3.0,41.0,11.0,111.0
7826,2060,166.0,3.0,95.0,11.0,341.0
7847,1797,187.0,0.0,0.0,8.0,9396.0
7848,1797,63.0,0.0,0.0,8.0,32978.0
7849,1797,147.0,7.0,60.0,8.0,3635.0
7850,1797,63.0,0.0,0.0,8.0,18258.0
7851,1797,95.0,2.0,51.0,8.0,130236.0
7852,1797,183.0,6.0,88.0,8.0,6987.0
7853,1797,178.0,7.0,104.0,8.0,2282.0
7854,1797,49.0,2.0,19.0,8.0,232681.0
7855,1797,5.0,0.0,0.0,8.0,12668.0
7856,1797,96.0,2.0,52.0,8.0,241803.0
7859,789,65.0,0.0,0.0,0.0,25222.0
7860,789,65.0,0.0,0.0,0.0,15048.0
7861,789,6.0,0.0,0.0,0.0,64292.0
7862,789,23.0,2.0,17.0,6.0,449381.0
7863,789,158.0,7.0,57.0,6.0,16554.0
7864,789,165.0,3.0,78.0,6.0,16.0
7865,789,118.0,3.0,101.0,6.0,854.0
7866,789,23.0,2.0,17.0,6.0,9027.0
7867,789,65.0,0.0,0.0,0.0,27792.0
7868,789,158.0,7.0,57.0,6.0,431.0
7889,2172,118.0,3.0,101.0,8.0,10.0
7890,2172,61.0,7.0,68.0,8.0,13136.0
7891,2172,165.0,3.0,78.0,8.0,106.0
7892,2172,74.0,3.0,34.0,8.0,414.0
7893,2172,15.0,0.0,0.0,8.0,10984.0
7894,2172,23.0,2.0,17.0,8.0,930.0
7895,2172,56.0,7.0,26.0,8.0,417719.0
7896,2172,60.0,7.0,28.0,8.0,8793.0
7897,2172,81.0,7.0,99.0,8.0,44181.0
7898,2172,81.0,0.0,0.0,8.0,1084.0
7919,1530,158.0,7.0,57.0,2.0,11151.0
7920,1530,166.0,3.0,95.0,2.0,550.0
7921,1530,158.0,7.0,92.0,2.0,89.0
7922,1530,183.0,6.0,87.0,2.0,329337.0
7923,1530,153.0,2.0,99.0,2.0,31593.0
7924,1530,158.0,7.0,57.0,2.0,7581.0
7925,1530,158.0,7.0,57.0,2.0,137.0
7926,1530,103.0,6.0,53.0,2.0,1176.0
7927,1530,158.0,7.0,92.0,2.0,68.0
7928,1530,166.0,3.0,95.0,2.0,364.0
7949,159,74.0,3.0,34.0,10.0,20396.0
7950,159,183.0,6.0,88.0,10.0,103951.0
7951,159,81.0,7.0,99.0,10.0,54933.0
7952,159,78.0,0.0,0.0,10.0,672.0
7953,159,74.0,3.0,34.0,10.0,1468.0
7954,159,88.0,0.0,0.0,10.0,9434.0
7955,159,22.0,0.0,0.0,10.0,37.0
7956,159,60.0,7.0,28.0,10.0,907.0
7957,159,154.0,2.0,99.0,10.0,115222.0
7958,159,61.0,7.0,68.0,10.0,200.0
7959,1306,56.0,7.0,26.0,11.0,9612.0
7960,1306,103.0,3.0,53.0,11.0,196.0
7961,1306,103.0,6.0,53.0,11.0,591.0
7962,1306,158.0,7.0,57.0,11.0,28098.0
7963,1306,158.0,7.0,92.0,11.0,481.0
7964,1306,183.0,6.0,87.0,11.0,2714.0
7965,1306,150.0,3.0,41.0,11.0,69.0
7966,1306,158.0,7.0,92.0,11.0,613.0
7967,1306,144.0,0.0,0.0,11.0,51430.0
7968,1306,81.0,7.0,48.0,11.0,38679.0
7999,2595,118.0,3.0,101.0,8.0,1186.0
8000,2595,81.0,7.0,99.0,8.0,6374.0
8001,2595,154.0,2.0,99.0,8.0,412.0
8002,2595,81.0,7.0,99.0,8.0,1448.0
8003,2595,154.0,2.0,99.0,8.0,432.0
8004,2595,154.0,2.0,99.0,8.0,1104.0
8005,2595,165.0,3.0,78.0,8.0,539.0
8006,2595,118.0,3.0,101.0,8.0,894.0
8007,2595,158.0,7.0,57.0,8.0,78307.0
8008,2595,74.0,3.0,34.0,8.0,356.0
8019,2688,78.0,0.0,0.0,8.0,14820.0
8020,2688,154.0,2.0,99.0,8.0,647.0
8021,2688,154.0,2.0,99.0,8.0,1461.0
8022,2688,154.0,2.0,99.0,8.0,2634.0
8023,2688,154.0,2.0,99.0,8.0,4335.0
8024,2688,154.0,2.0,99.0,8.0,2397.0
8025,2688,154.0,2.0,99.0,8.0,18000.0
8026,2688,147.0,7.0,60.0,8.0,9535.0
8027,2688,147.0,7.0,60.0,8.0,489.0
8028,2688,60.0,7.0,28.0,8.0,20113.0
8038,1583,165.0,3.0,78.0,8.0,1097.0
8039,1583,81.0,7.0,99.0,8.0,2506.0
8040,1583,56.0,7.0,26.0,8.0,565.0
8041,1583,81.0,7.0,50.0,8.0,9085.0
8042,1583,183.0,6.0,88.0,8.0,0.0
8043,1583,60.0,7.0,28.0,8.0,122.0
8044,1583,23.0,2.0,17.0,8.0,18.0
8045,1583,94.0,7.0,47.0,8.0,1307.0
8046,1583,118.0,3.0,101.0,8.0,1345.0
8047,1583,36.0,0.0,0.0,8.0,0.0
8048,393,151.0,0.0,0.0,8.0,50947.0
8049,393,54.0,6.0,24.0,8.0,55147.0
8050,393,56.0,7.0,26.0,8.0,12133.0
8051,393,143.0,7.0,67.0,8.0,1953.0
8052,393,183.0,6.0,88.0,8.0,5013.0
8053,393,81.0,0.0,0.0,8.0,902.0
8054,393,61.0,7.0,68.0,8.0,11193.0
8055,393,158.0,7.0,92.0,8.0,8036.0
8056,393,187.0,0.0,0.0,8.0,19351.0
8057,393,60.0,7.0,28.0,8.0,24829.0
8068,1915,74.0,3.0,34.0,6.0,2134.0
8079,178,178.0,7.0,104.0,6.0,477792.0
8080,178,61.0,7.0,68.0,6.0,3469.0
8081,178,81.0,7.0,50.0,6.0,636.0
8082,178,85.0,0.0,0.0,6.0,81145.0
8083,178,78.0,0.0,0.0,6.0,924.0
8084,178,151.0,0.0,0.0,6.0,4499.0
8085,178,158.0,7.0,92.0,6.0,7010.0
8086,178,158.0,7.0,100.0,6.0,90.0
8087,178,95.0,2.0,51.0,6.0,64761.0
8088,178,183.0,6.0,88.0,6.0,76802.0
8089,1119,54.0,0.0,0.0,1.0,2037.0
8090,1119,181.0,3.0,84.0,1.0,471.0
8091,1119,158.0,7.0,57.0,1.0,3748.0
8092,1119,166.0,3.0,95.0,1.0,1068.0
8093,1119,113.0,0.0,0.0,1.0,72097.0
8094,1119,158.0,7.0,92.0,1.0,279.0
8095,1119,158.0,7.0,57.0,1.0,4801.0
8096,1119,181.0,3.0,84.0,1.0,29092.0
8097,1119,166.0,3.0,95.0,1.0,282.0
8098,1119,81.0,3.0,72.0,1.0,3.0
8099,3220,154.0,2.0,99.0,6.0,37977.0
8100,3220,118.0,3.0,101.0,6.0,702.0
8101,3220,118.0,3.0,101.0,6.0,34.0
8102,3220,158.0,7.0,57.0,6.0,24280.0
8103,3220,158.0,7.0,57.0,6.0,5813.0
8104,3220,158.0,7.0,57.0,6.0,115.0
8105,3220,118.0,3.0,101.0,6.0,835.0
8106,3220,154.0,2.0,99.0,6.0,15544.0
8107,3220,118.0,3.0,101.0,6.0,844.0
8108,3220,158.0,7.0,57.0,6.0,18355.0
8119,1222,103.0,6.0,53.0,11.0,1685.0
8120,1222,158.0,7.0,92.0,11.0,11567.0
8121,1222,153.0,2.0,99.0,11.0,15738.0
8122,1222,158.0,7.0,57.0,11.0,81.0
8123,1222,158.0,0.0,0.0,11.0,3787.0
8124,1222,150.0,3.0,41.0,11.0,14254.0
8125,1222,166.0,3.0,95.0,11.0,77.0
8126,1222,153.0,2.0,99.0,11.0,65633.0
8127,1222,158.0,0.0,0.0,0.0,133.0
8128,1222,158.0,7.0,92.0,11.0,376.0
8129,1441,49.0,2.0,19.0,8.0,26171.0
8130,1441,31.0,6.0,20.0,8.0,582.0
8131,1441,31.0,6.0,20.0,8.0,1009.0
8132,1441,74.0,3.0,34.0,8.0,1362.0
8133,1441,56.0,7.0,26.0,8.0,672.0
8134,1441,142.0,0.0,0.0,8.0,370.0
8135,1441,9.0,2.0,14.0,8.0,17.0
8136,1441,23.0,2.0,17.0,8.0,7862.0
8137,1441,142.0,0.0,0.0,8.0,580.0
8187,1471,105.0,0.0,0.0,6.0,8491.0
8188,1471,33.0,6.0,43.0,6.0,147.0
8189,1471,183.0,6.0,85.0,6.0,6138.0
8190,1471,118.0,3.0,101.0,6.0,114.0
8191,1471,118.0,3.0,101.0,6.0,1237.0
8192,1471,74.0,3.0,34.0,6.0,541.0
8193,1471,158.0,7.0,57.0,6.0,10682.0
8194,1471,81.0,7.0,99.0,6.0,3027.0
8195,1471,74.0,3.0,34.0,6.0,262.0
8196,1471,23.0,2.0,17.0,6.0,864.0
8207,1473,44.0,7.0,97.0,1.0,206.0
8208,1473,54.0,0.0,0.0,1.0,867.0
8209,1473,6.0,0.0,0.0,1.0,18.0
8210,1473,81.0,0.0,0.0,1.0,8800.0
8211,1473,81.0,0.0,0.0,1.0,182.0
8212,1473,44.0,7.0,97.0,1.0,252.0
8213,1473,166.0,3.0,95.0,1.0,573.0
8214,1473,166.0,3.0,95.0,1.0,425.0
8215,1473,158.0,7.0,92.0,1.0,858.0
8216,1473,158.0,0.0,0.0,1.0,0.0
8227,2258,118.0,3.0,101.0,7.0,136540.0
8228,2258,81.0,7.0,99.0,7.0,32136.0
8229,2258,81.0,7.0,50.0,7.0,129452.0
8230,2258,58.0,0.0,0.0,7.0,2257.0
8231,2258,158.0,7.0,92.0,7.0,44527.0
8232,2258,158.0,7.0,92.0,7.0,1030.0
8233,2258,158.0,7.0,56.0,7.0,259.0
8234,2258,23.0,2.0,17.0,7.0,3646.0
8235,2258,159.0,3.0,93.0,7.0,3541.0
8236,2258,159.0,3.0,93.0,7.0,2272.0
8257,2293,56.0,7.0,26.0,2.0,1691.0
8258,2293,118.0,3.0,101.0,8.0,1580.0
8259,2293,158.0,7.0,57.0,8.0,4538.0
8260,2293,154.0,2.0,99.0,8.0,1874.0
8261,2293,23.0,2.0,17.0,8.0,874.0
8262,2293,33.0,6.0,43.0,2.0,27943.0
8263,2293,158.0,7.0,57.0,8.0,136583.0
8264,2293,81.0,7.0,99.0,8.0,4023.0
8265,2293,154.0,2.0,99.0,8.0,40226.0
8266,2293,127.0,0.0,0.0,2.0,52192.0
8296,1231,23.0,2.0,17.0,8.0,0.0
8297,1231,151.0,0.0,0.0,8.0,76121.0
8298,1231,23.0,2.0,17.0,8.0,2701.0
8299,1231,23.0,2.0,17.0,8.0,0.0
8300,1231,56.0,7.0,26.0,8.0,783.0
8301,1231,23.0,2.0,17.0,8.0,13523.0
8302,1231,46.0,0.0,0.0,8.0,2680.0
8303,1231,81.0,7.0,50.0,8.0,118745.0
8304,1231,78.0,0.0,0.0,8.0,3519.0
8305,1231,134.0,6.0,73.0,8.0,1773.0
8356,2698,74.0,3.0,34.0,6.0,8278.0
8357,2698,23.0,2.0,17.0,6.0,82.0
8358,2698,118.0,3.0,101.0,6.0,285944.0
8359,2698,165.0,3.0,78.0,6.0,652.0
8360,899,30.0,6.0,7.0,6.0,238.0
8361,899,183.0,6.0,85.0,6.0,16397.0
8362,899,158.0,7.0,57.0,6.0,0.0
8363,899,118.0,3.0,101.0,6.0,10502.0
8364,899,31.0,6.0,20.0,6.0,395.0
8365,899,56.0,7.0,26.0,6.0,858.0
8366,899,158.0,7.0,57.0,6.0,571.0
8367,899,158.0,7.0,57.0,6.0,384.0
8368,899,158.0,7.0,100.0,6.0,1468.0
8369,899,100.0,7.0,97.0,6.0,56028.0
8496,136,74.0,3.0,34.0,6.0,515.0
8497,136,39.0,7.0,12.0,6.0,110769.0
8498,136,81.0,3.0,96.0,6.0,30.0
8499,136,158.0,7.0,57.0,6.0,39048.0
8500,136,32.0,1.0,10.0,6.0,192986.0
8501,136,158.0,7.0,57.0,6.0,190.0
8502,136,176.0,7.0,4.0,6.0,432.0
8503,136,176.0,7.0,4.0,6.0,529.0
8504,136,114.0,7.0,2.0,6.0,37279.0
8505,136,133.0,7.0,50.0,6.0,3152.0
8526,958,154.0,2.0,99.0,8.0,10073.0
8527,958,81.0,7.0,99.0,8.0,23946.0
8528,958,36.0,0.0,0.0,8.0,109094.0
8529,958,165.0,3.0,78.0,8.0,130.0
8530,958,81.0,7.0,99.0,8.0,29329.0
8531,958,154.0,2.0,99.0,8.0,1389.0
8532,958,165.0,3.0,78.0,8.0,113.0
8533,958,81.0,7.0,99.0,8.0,6086.0
8534,958,172.0,7.0,80.0,8.0,184769.0
8535,958,36.0,0.0,0.0,8.0,7061.0
8536,2553,118.0,3.0,101.0,6.0,328.0
8537,1326,9.0,2.0,14.0,6.0,2072.0
8538,1326,154.0,2.0,99.0,6.0,427.0
8539,1326,165.0,3.0,78.0,6.0,79.0
8540,1326,81.0,7.0,99.0,6.0,1581.0
8541,1326,81.0,7.0,99.0,6.0,822.0
8542,1326,154.0,2.0,99.0,6.0,424.0
8543,1326,158.0,7.0,57.0,6.0,404.0
8544,1326,9.0,2.0,14.0,6.0,5.0
8545,1326,81.0,7.0,99.0,6.0,2740.0
8546,1326,154.0,2.0,99.0,6.0,9592.0
8587,1669,118.0,3.0,101.0,6.0,1042.0
8588,1669,154.0,2.0,99.0,6.0,11702.0
8589,1669,165.0,3.0,78.0,6.0,67.0
8590,1669,107.0,0.0,0.0,6.0,8.0
8591,1669,154.0,2.0,99.0,6.0,5369.0
8592,1669,81.0,7.0,99.0,6.0,30270.0
8593,1669,158.0,7.0,92.0,6.0,459470.0
8594,1669,158.0,7.0,57.0,6.0,4820.0
8595,1669,154.0,2.0,99.0,6.0,2337.0
8596,1669,154.0,2.0,99.0,6.0,5411.0
8616,1922,183.0,6.0,85.0,10.0,75935.0
8617,1922,154.0,2.0,99.0,10.0,4702.0
8618,1922,154.0,2.0,99.0,10.0,27373.0
8619,1922,154.0,2.0,99.0,10.0,3023.0
8620,1922,158.0,7.0,57.0,10.0,1333.0
8621,1922,100.0,7.0,97.0,10.0,11151.0
8622,1922,118.0,3.0,101.0,10.0,14278.0
8623,1922,23.0,2.0,17.0,10.0,3750.0
8624,1922,154.0,2.0,99.0,10.0,13765.0
8625,1922,154.0,2.0,99.0,10.0,7305.0
8646,210,56.0,7.0,26.0,6.0,2094.0
8647,210,74.0,3.0,34.0,6.0,495.0
8648,210,56.0,7.0,26.0,6.0,541.0
8649,210,33.0,6.0,43.0,6.0,1568.0
8650,210,178.0,7.0,104.0,6.0,5156.0
8651,210,33.0,6.0,43.0,6.0,1426.0
8652,2031,23.0,2.0,17.0,6.0,813.0
8653,2031,118.0,3.0,101.0,6.0,1315.0
8654,2031,158.0,7.0,57.0,6.0,81323.0
8655,2031,165.0,3.0,78.0,6.0,207.0
8656,2031,165.0,3.0,78.0,6.0,199.0
8657,2031,158.0,7.0,57.0,6.0,10980.0
8658,2031,81.0,7.0,99.0,6.0,6639.0
8659,2031,81.0,7.0,102.0,6.0,6209.0
8660,2031,23.0,2.0,17.0,6.0,8881.0
8661,2031,81.0,7.0,99.0,6.0,59302.0
8662,2486,19.0,0.0,0.0,4.0,79.0
8663,2486,46.0,0.0,0.0,4.0,2703.0
8664,2486,37.0,5.0,55.0,4.0,12920.0
8665,2486,19.0,0.0,0.0,4.0,54.0
8666,2486,78.0,0.0,0.0,4.0,3229.0
8667,2486,126.0,0.0,0.0,4.0,34236.0
8668,2486,56.0,7.0,26.0,4.0,4332.0
8669,2486,19.0,0.0,0.0,4.0,25757.0
8670,2486,54.0,6.0,24.0,4.0,15457.0
8671,2486,49.0,2.0,19.0,4.0,406325.0
8692,474,153.0,2.0,99.0,11.0,36943.0
8693,474,6.0,0.0,0.0,11.0,489.0
8694,474,153.0,2.0,99.0,11.0,54908.0
8695,474,183.0,6.0,87.0,11.0,46167.0
8696,474,6.0,0.0,0.0,11.0,416.0
8697,474,103.0,6.0,53.0,11.0,2679.0
8738,2469,60.0,7.0,28.0,10.0,2632.0
8739,2469,60.0,7.0,28.0,10.0,6135.0
8740,2469,15.0,0.0,0.0,11.0,134780.0
8741,2469,81.0,7.0,99.0,10.0,4247.0
8742,2469,23.0,2.0,17.0,10.0,458.0
8743,2469,183.0,6.0,88.0,11.0,30811.0
8744,2469,74.0,3.0,34.0,11.0,324.0
8745,2469,60.0,7.0,28.0,11.0,837.0
8746,2469,74.0,3.0,34.0,11.0,2447.0
8747,2469,60.0,7.0,28.0,11.0,5922.0
8766,2325,165.0,3.0,78.0,10.0,1591.0
8767,2325,158.0,7.0,57.0,10.0,7871.0
8768,2325,23.0,2.0,17.0,10.0,1561.0
8769,2325,158.0,7.0,57.0,10.0,169945.0
8770,2325,74.0,3.0,34.0,10.0,5460.0
8771,2325,23.0,2.0,17.0,10.0,88.0
8772,2325,158.0,7.0,57.0,10.0,3233.0
8773,2325,165.0,3.0,78.0,10.0,51.0
8774,2325,154.0,2.0,99.0,10.0,26376.0
8775,2325,165.0,3.0,78.0,10.0,114.0
8778,2878,49.0,2.0,19.0,8.0,20326.0
8779,2878,142.0,0.0,0.0,8.0,23.0
8780,2878,56.0,7.0,26.0,8.0,510.0
8781,2878,74.0,3.0,34.0,8.0,294.0
8782,2878,56.0,7.0,26.0,8.0,1045.0
8783,2878,31.0,6.0,20.0,8.0,890.0
8864,2334,23.0,2.0,17.0,6.0,2732.0
8865,2334,118.0,3.0,101.0,6.0,1000.0
8866,2334,23.0,2.0,17.0,6.0,2595.0
8867,2334,118.0,3.0,101.0,6.0,871.0
8868,2334,165.0,3.0,78.0,6.0,268.0
8869,2334,23.0,2.0,17.0,6.0,1332.0
8870,2334,81.0,7.0,99.0,6.0,17722.0
8871,2334,154.0,2.0,99.0,6.0,2254.0
8872,2334,165.0,3.0,78.0,6.0,162.0
8873,2334,23.0,2.0,17.0,6.0,4106.0
8898,2196,23.0,2.0,17.0,6.0,68.0
8899,2196,81.0,7.0,99.0,6.0,547.0
8900,2196,154.0,2.0,99.0,6.0,227.0
8901,2196,154.0,2.0,99.0,6.0,5141.0
8902,2196,23.0,2.0,17.0,6.0,210.0
8903,2196,36.0,0.0,0.0,6.0,70235.0
8904,2196,183.0,6.0,85.0,6.0,11334.0
8905,2196,56.0,7.0,26.0,6.0,953.0
8906,2196,158.0,7.0,56.0,6.0,2567.0
8907,2196,81.0,7.0,99.0,6.0,1783.0
8918,625,154.0,2.0,99.0,8.0,72279.0
8919,625,16.0,2.0,20.0,8.0,119307.0
8920,625,158.0,7.0,92.0,8.0,17292.0
8921,625,60.0,7.0,28.0,8.0,4855.0
8922,625,23.0,2.0,17.0,8.0,590.0
8923,625,118.0,3.0,101.0,8.0,3337.0
8924,625,118.0,3.0,101.0,8.0,2992.0
8925,625,154.0,2.0,99.0,8.0,2449.0
8926,625,36.0,0.0,0.0,8.0,4626.0
8927,625,165.0,3.0,78.0,8.0,48.0
8996,1171,158.0,7.0,57.0,10.0,11386.0
8997,1171,158.0,7.0,57.0,10.0,35939.0
8998,1171,118.0,3.0,101.0,10.0,55.0
8999,1171,154.0,2.0,99.0,10.0,43920.0
9000,1171,23.0,2.0,17.0,10.0,60.0
9001,1171,23.0,2.0,17.0,10.0,568.0
9002,1171,81.0,7.0,99.0,10.0,67952.0
9003,1171,23.0,2.0,17.0,10.0,1020.0
9004,1171,154.0,2.0,99.0,10.0,4800.0
9005,1171,118.0,3.0,101.0,10.0,2867.0
9056,2929,150.0,3.0,41.0,11.0,9.0
9057,2929,6.0,0.0,0.0,11.0,578.0
9058,2929,150.0,3.0,41.0,11.0,136.0
9059,2929,166.0,3.0,95.0,11.0,9789.0
9060,2929,158.0,7.0,57.0,11.0,244.0
9061,2929,158.0,7.0,92.0,11.0,1909.0
9062,2929,158.0,7.0,92.0,11.0,24.0
9063,2929,158.0,7.0,92.0,11.0,212.0
9064,2929,158.0,7.0,57.0,11.0,111.0
9065,2929,166.0,3.0,95.0,11.0,12052.0
9066,2136,142.0,0.0,0.0,6.0,258.0
9067,2136,6.0,0.0,0.0,0.0,989312.0
9068,2136,49.0,2.0,19.0,6.0,42014.0
9069,2136,56.0,7.0,26.0,6.0,755.0
9070,2136,74.0,3.0,34.0,6.0,689.0
9071,2136,65.0,0.0,0.0,0.0,118.0
9072,2136,31.0,6.0,20.0,6.0,486.0
9073,2136,56.0,7.0,26.0,6.0,975.0
9084,2192,154.0,2.0,99.0,8.0,1260.0
9085,2192,154.0,2.0,99.0,8.0,1673.0
9086,2192,154.0,2.0,99.0,8.0,1211.0
9087,2192,154.0,2.0,99.0,8.0,30033.0
9088,2192,31.0,6.0,20.0,8.0,1169.0
9089,2192,154.0,2.0,99.0,8.0,1078.0
9090,2192,154.0,2.0,99.0,8.0,8733.0
9091,2192,36.0,0.0,0.0,8.0,2901.0
9092,2192,154.0,2.0,99.0,8.0,80.0
9093,2192,154.0,2.0,99.0,8.0,1885.0
9094,2810,118.0,3.0,101.0,10.0,2526.0
9095,2810,165.0,3.0,78.0,10.0,8062.0
9096,2810,23.0,2.0,17.0,10.0,67.0
9097,2810,158.0,7.0,57.0,10.0,603.0
9098,2810,23.0,2.0,17.0,10.0,45.0
9099,2810,107.0,0.0,0.0,10.0,20.0
9100,2810,107.0,0.0,0.0,10.0,5.0
9101,2810,23.0,2.0,17.0,10.0,2123.0
9102,2810,158.0,7.0,92.0,10.0,59854.0
9103,2810,118.0,3.0,101.0,10.0,4530.0
9134,366,165.0,3.0,78.0,6.0,241.0
9135,366,23.0,2.0,17.0,6.0,526.0
9136,366,118.0,3.0,101.0,6.0,1291.0
9137,366,183.0,6.0,85.0,6.0,73711.0
9138,366,33.0,6.0,43.0,11.0,37475.0
9139,366,165.0,3.0,78.0,6.0,34.0
9140,366,118.0,3.0,101.0,6.0,1857.0
9141,366,158.0,7.0,57.0,6.0,8680.0
9142,366,118.0,3.0,101.0,6.0,1290.0
9143,366,23.0,2.0,17.0,6.0,561.0
9144,1341,187.0,0.0,0.0,8.0,34245.0
9145,1341,54.0,6.0,24.0,8.0,34347.0
9146,1341,147.0,7.0,60.0,8.0,2660.0
9147,1341,58.0,6.0,27.0,8.0,33247.0
9148,1341,74.0,3.0,34.0,8.0,4374.0
9149,1341,54.0,6.0,24.0,8.0,463120.0
9150,1341,116.0,1.0,62.0,8.0,0.0
9181,84,118.0,3.0,101.0,6.0,643.0
9182,84,23.0,2.0,17.0,6.0,1616.0
9183,84,107.0,0.0,0.0,6.0,228.0
9184,84,147.0,7.0,60.0,6.0,1591.0
9185,84,118.0,3.0,101.0,6.0,1052.0
9186,84,154.0,2.0,99.0,6.0,33738.0
9187,84,131.0,0.0,0.0,6.0,1788.0
9188,84,154.0,2.0,99.0,6.0,27480.0
9189,84,81.0,7.0,99.0,6.0,1453.0
9190,84,118.0,3.0,101.0,6.0,801.0
9211,2056,131.0,0.0,0.0,6.0,1344.0
9212,2056,56.0,7.0,26.0,6.0,396.0
9213,2056,31.0,6.0,20.0,6.0,934.0
9214,2056,56.0,7.0,26.0,6.0,1466.0
9215,2056,9.0,2.0,14.0,6.0,127.0
9216,2056,81.0,7.0,50.0,6.0,15568.0
9217,2056,158.0,7.0,57.0,6.0,819.0
9218,2056,56.0,7.0,26.0,6.0,8162.0
9219,2056,9.0,2.0,14.0,6.0,897.0
9220,2056,159.0,3.0,93.0,6.0,829.0
9231,1494,65.0,0.0,0.0,0.0,323.0
9232,1494,30.0,6.0,7.0,8.0,5855.0
9233,1494,178.0,7.0,104.0,8.0,791.0
9234,1494,178.0,7.0,104.0,8.0,451.0
9235,1494,22.0,0.0,0.0,8.0,41.0
9236,1494,158.0,7.0,56.0,8.0,18886.0
9237,1494,58.0,6.0,27.0,8.0,81918.0
9238,1494,147.0,6.0,65.0,8.0,9025.0
9239,1494,147.0,7.0,60.0,8.0,4563.0
9240,1494,147.0,7.0,60.0,8.0,688.0
9268,2074,158.0,7.0,57.0,8.0,13745.0
9269,2074,118.0,3.0,101.0,8.0,1800.0
9270,2074,36.0,0.0,0.0,8.0,29861.0
9271,2074,23.0,2.0,17.0,8.0,18.0
9272,2074,81.0,7.0,99.0,8.0,3657.0
9273,2074,165.0,3.0,78.0,8.0,1184.0
9274,2074,158.0,7.0,57.0,8.0,110926.0
9275,2074,36.0,0.0,0.0,8.0,5044.0
9276,2074,23.0,2.0,17.0,8.0,65.0
9277,2074,165.0,3.0,78.0,8.0,1226.0
9278,2787,23.0,2.0,17.0,6.0,139699.0
9279,2787,81.0,7.0,50.0,6.0,24506.0
9280,2787,118.0,3.0,101.0,6.0,4111.0
9281,2787,118.0,3.0,101.0,6.0,1904.0
9282,2787,158.0,7.0,57.0,6.0,1275436.0
9283,2787,133.0,7.0,50.0,6.0,11741.0
9284,2787,23.0,2.0,17.0,6.0,0.0
9285,2787,23.0,2.0,17.0,6.0,120678.0
9286,2787,158.0,7.0,57.0,6.0,406048.0
9287,2787,158.0,7.0,57.0,6.0,7496.0
9288,2018,158.0,7.0,57.0,8.0,663.0
9289,2018,23.0,2.0,17.0,8.0,100.0
9290,2018,81.0,7.0,50.0,8.0,1508.0
9291,2018,49.0,2.0,19.0,2.0,962408.0
9292,2018,23.0,2.0,17.0,8.0,1139.0
9293,2018,165.0,3.0,78.0,8.0,93.0
9294,2018,56.0,7.0,26.0,2.0,2140.0
9295,2018,158.0,7.0,57.0,8.0,2711.0
9296,2018,81.0,7.0,99.0,8.0,2647.0
9297,2018,81.0,7.0,99.0,8.0,1978.0
9318,3108,78.0,0.0,0.0,8.0,1711.0
9319,3108,41.0,7.0,15.0,8.0,5411.0
9320,3108,60.0,7.0,28.0,8.0,12249.0
9321,3108,56.0,7.0,26.0,8.0,1492.0
9322,3108,187.0,0.0,0.0,8.0,13952.0
9323,3108,56.0,7.0,26.0,8.0,671.0
9324,3108,60.0,7.0,28.0,8.0,715.0
9325,3108,133.0,7.0,50.0,8.0,2016.0
9326,3108,60.0,7.0,28.0,8.0,521.0
9327,3108,165.0,3.0,78.0,8.0,36.0
9338,1813,158.0,7.0,57.0,6.0,53158.0
9339,1813,183.0,6.0,85.0,6.0,7859.0
9340,1813,183.0,6.0,85.0,6.0,459.0
9341,1813,158.0,7.0,57.0,6.0,10548.0
9342,1813,187.0,0.0,0.0,6.0,35764.0
9343,1813,158.0,7.0,57.0,6.0,58660.0
9344,1813,158.0,7.0,57.0,6.0,711.0
9345,1813,183.0,6.0,85.0,6.0,22679.0
9346,1813,158.0,7.0,57.0,6.0,11886.0
9347,1813,183.0,6.0,85.0,6.0,1454.0
9454,231,56.0,7.0,26.0,11.0,850.0
9455,231,74.0,3.0,34.0,11.0,2045.0
9456,231,33.0,6.0,43.0,11.0,22322.0
9457,231,56.0,7.0,26.0,11.0,71.0
9458,231,147.0,7.0,60.0,8.0,22940.0
9459,231,116.0,1.0,62.0,8.0,0.0
9460,231,178.0,7.0,104.0,8.0,638.0
9461,231,178.0,7.0,104.0,8.0,763.0
9462,231,49.0,2.0,19.0,11.0,27148.0
9463,231,147.0,7.0,60.0,8.0,514.0
9510,1493,166.0,3.0,95.0,11.0,27659.0
9511,1493,150.0,3.0,94.0,11.0,217.0
9512,1493,158.0,7.0,92.0,11.0,75.0
9513,1493,166.0,3.0,95.0,11.0,23792.0
9514,1493,112.0,3.0,61.0,11.0,465.0
9515,1493,6.0,0.0,0.0,11.0,884.0
9516,1493,181.0,3.0,84.0,11.0,199.0
9517,1493,158.0,7.0,92.0,11.0,276.0
9518,1493,150.0,3.0,41.0,11.0,142.0
9519,1493,158.0,7.0,92.0,11.0,16.0
9552,3235,56.0,7.0,26.0,6.0,3262.0
9553,3235,74.0,3.0,34.0,6.0,1208.0
9554,3235,56.0,7.0,26.0,6.0,3066.0
9555,3235,49.0,2.0,19.0,6.0,0.0
9556,3235,49.0,2.0,19.0,6.0,210191.0
9567,622,158.0,7.0,57.0,6.0,5967.0
9568,622,118.0,3.0,101.0,6.0,1296.0
9569,622,154.0,2.0,99.0,6.0,2257.0
9570,622,23.0,2.0,17.0,6.0,28.0
9571,622,158.0,7.0,57.0,6.0,19886.0
9572,622,165.0,3.0,78.0,6.0,535.0
9573,622,165.0,3.0,78.0,6.0,61.0
9574,622,81.0,7.0,99.0,6.0,390.0
9575,622,158.0,7.0,57.0,6.0,9514.0
9576,622,158.0,7.0,57.0,6.0,13309.0
9617,539,158.0,7.0,57.0,8.0,73.0
9618,539,165.0,3.0,78.0,8.0,2.0
9619,539,88.0,0.0,0.0,8.0,11860.0
9620,539,183.0,6.0,85.0,8.0,11.0
9621,539,23.0,2.0,17.0,8.0,8039.0
9622,539,183.0,6.0,85.0,8.0,65709.0
9623,539,118.0,3.0,101.0,8.0,883.0
9624,539,118.0,3.0,101.0,8.0,15.0
9625,539,118.0,3.0,101.0,8.0,1199.0
9626,539,165.0,3.0,78.0,8.0,551.0
9627,286,56.0,7.0,26.0,6.0,3925.0
9628,286,80.0,7.0,58.0,6.0,4256.0
9629,286,123.0,2.0,63.0,6.0,254.0
9630,286,121.0,0.0,0.0,6.0,245.0
9631,286,96.0,2.0,52.0,6.0,326295.0
9632,286,7.0,0.0,0.0,6.0,7612.0
9633,286,120.0,0.0,0.0,6.0,4798.0
9634,286,158.0,7.0,92.0,6.0,13065.0
9635,286,54.0,6.0,24.0,6.0,2277.0
9636,286,147.0,7.0,60.0,6.0,4171.0
9657,2459,153.0,2.0,99.0,11.0,2995.0
9658,2459,150.0,3.0,41.0,11.0,414.0
9659,2459,54.0,0.0,0.0,11.0,1170.0
9660,2459,91.0,7.0,91.0,11.0,427.0
9661,2459,81.0,3.0,72.0,11.0,221.0
9662,2459,153.0,2.0,99.0,11.0,120896.0
9663,2459,6.0,0.0,0.0,11.0,514.0
9664,2459,158.0,7.0,92.0,11.0,19.0
9665,2459,153.0,2.0,99.0,11.0,54.0
9666,2459,158.0,7.0,92.0,11.0,158.0
9687,2600,54.0,6.0,24.0,8.0,16624.0
9688,2600,154.0,2.0,99.0,8.0,4376.0
9689,2600,86.0,0.0,0.0,8.0,39178.0
9690,2600,54.0,6.0,24.0,8.0,40463.0
9691,2600,118.0,3.0,101.0,8.0,73.0
9692,2600,54.0,6.0,24.0,8.0,37807.0
9693,2600,31.0,6.0,20.0,8.0,746.0
9694,2600,187.0,0.0,0.0,8.0,21113.0
9695,2600,19.0,0.0,0.0,8.0,1033.0
9696,2600,81.0,7.0,99.0,8.0,117288.0
9737,2711,165.0,3.0,78.0,6.0,416.0
9738,2711,77.0,0.0,0.0,6.0,545387.0
9739,2711,74.0,3.0,34.0,6.0,4045.0
9740,2711,158.0,7.0,57.0,6.0,7183.0
9741,2711,178.0,7.0,104.0,6.0,648.0
9742,2711,147.0,7.0,60.0,6.0,8191.0
9743,2711,116.0,1.0,62.0,6.0,5094.0
9744,2711,147.0,7.0,60.0,6.0,11816.0
9745,2711,54.0,6.0,24.0,6.0,153436.0
9746,2711,118.0,3.0,101.0,6.0,6.0
9785,3076,154.0,2.0,99.0,6.0,6869.0
9786,3076,154.0,2.0,99.0,6.0,9634.0
9787,3076,154.0,2.0,99.0,6.0,32738.0
9788,3076,154.0,2.0,99.0,6.0,1202.0
9789,3076,165.0,3.0,78.0,6.0,44.0
9790,3076,158.0,7.0,57.0,6.0,14591.0
9791,3076,118.0,3.0,101.0,6.0,286.0
9792,3076,118.0,3.0,101.0,6.0,27.0
9793,3076,154.0,2.0,99.0,6.0,14.0
9794,3076,154.0,2.0,99.0,6.0,37968.0
9822,655,183.0,6.0,87.0,11.0,10734.0
9823,655,6.0,0.0,0.0,11.0,85131.0
9824,655,158.0,0.0,0.0,0.0,303.0
9825,655,6.0,0.0,0.0,11.0,278100.0
9826,655,6.0,0.0,0.0,11.0,30.0
9827,655,6.0,0.0,0.0,11.0,363882.0
9828,655,6.0,0.0,0.0,0.0,591.0
9829,655,91.0,7.0,91.0,11.0,330.0
9830,655,103.0,6.0,53.0,11.0,1214.0
9875,2520,158.0,7.0,57.0,6.0,178.0
9876,2520,23.0,2.0,17.0,6.0,914.0
9877,2520,158.0,7.0,57.0,6.0,1991.0
9878,2520,154.0,2.0,99.0,6.0,8767.0
9879,2520,158.0,7.0,57.0,6.0,672.0
9880,2520,158.0,7.0,57.0,6.0,509.0
9881,2520,165.0,3.0,78.0,6.0,809.0
9882,2520,158.0,7.0,57.0,6.0,365.0
9883,2520,118.0,3.0,101.0,6.0,321.0
9884,2520,154.0,2.0,99.0,6.0,7819.0
9895,2482,158.0,0.0,0.0,11.0,22592.0
9896,2482,91.0,7.0,91.0,11.0,645.0
9897,2482,6.0,0.0,0.0,11.0,390.0
9898,2482,153.0,2.0,99.0,11.0,8483.0
9910,2685,183.0,6.0,85.0,8.0,2961.0
9911,2685,183.0,6.0,85.0,8.0,3670.0
9912,2685,74.0,3.0,34.0,8.0,1121.0
9913,2685,81.0,7.0,39.0,8.0,15883.0
9914,2685,183.0,6.0,86.0,8.0,27854.0
9915,2685,74.0,3.0,34.0,8.0,586.0
9916,2685,156.0,6.0,23.0,8.0,286.0
9917,2685,94.0,7.0,47.0,8.0,281.0
9918,2685,183.0,6.0,86.0,8.0,157806.0
9919,2685,94.0,7.0,47.0,8.0,1188.0
9930,957,154.0,2.0,99.0,6.0,4173.0
9931,957,56.0,7.0,26.0,6.0,1238.0
9932,957,158.0,7.0,57.0,6.0,9893.0
9933,957,118.0,3.0,101.0,6.0,3332.0
9934,957,158.0,7.0,57.0,6.0,11283.0
9935,957,23.0,2.0,17.0,6.0,3.0
9936,957,158.0,7.0,57.0,6.0,0.0
9937,957,165.0,3.0,78.0,6.0,2277.0
9938,957,165.0,3.0,78.0,6.0,3349.0
9939,957,165.0,3.0,78.0,6.0,25.0
9990,1900,154.0,2.0,99.0,8.0,25706.0
9991,1900,158.0,7.0,57.0,8.0,63042.0
9992,1900,158.0,7.0,56.0,8.0,1832.0
9993,1900,81.0,7.0,50.0,8.0,249901.0
9994,1900,81.0,7.0,50.0,8.0,294578.0
9995,1900,133.0,7.0,50.0,8.0,2606.0
9996,1900,174.0,2.0,42.0,8.0,48181.0
9997,1900,21.0,0.0,0.0,8.0,36240.0
9998,1900,10.0,0.0,0.0,8.0,85.0
9999,1900,165.0,3.0,78.0,8.0,3503.0
10000,860,66.0,0.0,0.0,0.0,22607.0
10001,860,56.0,7.0,26.0,8.0,887.0
10002,860,158.0,0.0,0.0,0.0,370.0
10003,860,74.0,3.0,34.0,8.0,59.0
10004,860,10.0,0.0,0.0,8.0,72.0
10005,860,158.0,0.0,0.0,0.0,9482.0
10006,860,65.0,0.0,0.0,0.0,19501.0
10007,860,22.0,0.0,0.0,8.0,57.0
10008,860,74.0,3.0,34.0,8.0,535.0
10009,860,31.0,6.0,20.0,8.0,1016.0
10040,2085,81.0,7.0,48.0,11.0,667.0
10041,2085,153.0,2.0,99.0,11.0,3535.0
10042,2085,91.0,7.0,91.0,11.0,737.0
10043,2085,153.0,2.0,99.0,11.0,2659.0
10044,2085,49.0,2.0,19.0,11.0,16851.0
10045,2085,183.0,6.0,87.0,11.0,5331.0
10046,2085,91.0,7.0,91.0,11.0,1333.0
10047,2085,153.0,2.0,99.0,11.0,25238.0
10048,2085,103.0,6.0,53.0,11.0,3333.0
10049,2085,153.0,2.0,99.0,11.0,4029.0
10050,1452,158.0,7.0,57.0,6.0,13664.0
10051,1452,165.0,3.0,78.0,6.0,135.0
10052,1452,158.0,7.0,56.0,6.0,1322.0
10053,1452,107.0,0.0,0.0,6.0,1222.0
10054,1452,81.0,7.0,99.0,6.0,2025.0
10055,1452,154.0,2.0,99.0,6.0,1283.0
10056,1452,154.0,2.0,99.0,6.0,4242.0
10057,1452,118.0,3.0,101.0,6.0,458.0
10058,1452,118.0,3.0,101.0,6.0,18.0
10059,1452,81.0,7.0,99.0,6.0,1364.0
10119,3135,118.0,3.0,101.0,6.0,4692.0
10120,3135,23.0,2.0,17.0,6.0,76.0
10121,3135,23.0,2.0,17.0,6.0,318.0
10122,3135,133.0,7.0,50.0,6.0,565.0
10123,3135,23.0,2.0,17.0,6.0,0.0
10124,3135,158.0,7.0,57.0,6.0,21440.0
10125,3135,118.0,3.0,101.0,6.0,6528.0
10126,3135,118.0,3.0,101.0,6.0,675.0
10127,3135,165.0,3.0,78.0,6.0,134.0
10128,3135,31.0,6.0,20.0,6.0,932.0
10129,787,158.0,7.0,57.0,6.0,436.0
10130,787,158.0,7.0,57.0,6.0,24461.0
10131,787,154.0,2.0,99.0,6.0,6265.0
10132,787,81.0,7.0,99.0,6.0,21616.0
10133,787,23.0,2.0,17.0,6.0,545.0
10134,787,81.0,7.0,99.0,6.0,2174.0
10135,787,158.0,7.0,57.0,6.0,3384.0
10136,787,118.0,3.0,101.0,6.0,1314.0
10137,787,118.0,3.0,101.0,6.0,902.0
10138,787,81.0,7.0,99.0,6.0,9036.0
10139,1643,147.0,7.0,60.0,6.0,78004.0
10140,1643,158.0,7.0,57.0,6.0,4844.0
10141,1643,178.0,7.0,104.0,6.0,991.0
10142,1643,158.0,7.0,57.0,6.0,1327.0
10143,1643,116.0,1.0,62.0,6.0,1000.0
10144,1643,118.0,3.0,101.0,6.0,65.0
10145,1643,49.0,2.0,19.0,6.0,77887.0
10146,1643,39.0,7.0,12.0,6.0,105469.0
10147,1643,158.0,7.0,57.0,6.0,3494.0
10148,1643,158.0,7.0,57.0,6.0,18075.0
10149,3090,158.0,7.0,92.0,8.0,1994.0
10150,3090,60.0,7.0,28.0,8.0,780.0
10151,3090,61.0,7.0,68.0,8.0,4670.0
10152,3090,143.0,7.0,67.0,8.0,1635.0
10153,3090,60.0,7.0,28.0,8.0,1538.0
10154,3090,183.0,6.0,88.0,8.0,593524.0
10155,3090,61.0,7.0,68.0,8.0,1241.0
10156,3090,78.0,0.0,0.0,8.0,6196.0
10157,3090,60.0,7.0,28.0,8.0,1078.0
10158,3090,61.0,7.0,68.0,8.0,16961.0
10170,2552,54.0,6.0,24.0,8.0,485674.0
10171,2552,81.0,7.0,50.0,8.0,12079.0
10172,2552,81.0,0.0,0.0,8.0,1894.0
10173,2552,56.0,7.0,26.0,8.0,30786.0
10174,2552,49.0,2.0,19.0,8.0,106070.0
10175,2552,103.0,7.0,1.0,8.0,1855.0
10176,2552,58.0,6.0,27.0,8.0,386891.0
10177,2552,81.0,0.0,0.0,8.0,27152.0
10178,2552,103.0,7.0,1.0,8.0,1544.0
10179,2552,56.0,7.0,26.0,2.0,586.0
10187,1013,56.0,7.0,26.0,8.0,642.0
10188,1013,19.0,0.0,0.0,8.0,13.0
10189,1013,19.0,0.0,0.0,8.0,34.0
10190,1013,15.0,0.0,0.0,8.0,51881.0
10191,1013,50.0,6.0,54.0,8.0,23305.0
10192,1013,85.0,0.0,0.0,8.0,168861.0
10193,1013,19.0,0.0,0.0,8.0,3.0
10194,1013,2.0,4.0,49.0,8.0,758568.0
10195,1013,46.0,0.0,0.0,8.0,2381.0
10196,1013,19.0,0.0,0.0,8.0,20.0
10207,1684,31.0,6.0,20.0,8.0,451.0
10208,1684,74.0,3.0,34.0,8.0,225.0
10209,1684,74.0,3.0,34.0,8.0,265.0
10220,175,47.0,0.0,0.0,4.0,481.0
10221,175,56.0,7.0,26.0,2.0,768.0
10222,175,118.0,3.0,101.0,4.0,3375.0
10223,175,32.0,1.0,10.0,4.0,4640.0
10224,175,88.0,0.0,0.0,4.0,22872.0
10225,175,15.0,0.0,0.0,4.0,93122.0
10226,175,158.0,7.0,57.0,4.0,4104.0
10227,175,19.0,0.0,0.0,4.0,55032.0
10228,175,19.0,0.0,0.0,4.0,353.0
10229,175,23.0,2.0,17.0,4.0,764.0
10230,2197,142.0,0.0,0.0,8.0,645.0
10231,2197,81.0,7.0,99.0,8.0,250785.0
10232,2197,16.0,2.0,20.0,8.0,6058.0
10233,2197,9.0,2.0,14.0,8.0,19.0
10234,2197,158.0,7.0,57.0,8.0,647.0
10235,2197,23.0,2.0,17.0,8.0,104.0
10236,2197,118.0,3.0,101.0,8.0,164.0
10237,2197,165.0,3.0,78.0,8.0,890.0
10238,2197,118.0,3.0,101.0,8.0,1535.0
10239,2197,118.0,3.0,101.0,8.0,19.0
10260,380,133.0,7.0,50.0,8.0,9867.0
10261,380,158.0,7.0,57.0,8.0,264.0
10262,380,78.0,0.0,0.0,8.0,373590.0
10263,380,158.0,7.0,92.0,11.0,488.0
10264,380,54.0,6.0,24.0,11.0,19477.0
10265,380,6.0,0.0,0.0,0.0,5807.0
10266,380,32.0,1.0,10.0,8.0,301096.0
10267,380,56.0,7.0,26.0,11.0,930.0
10268,380,178.0,7.0,104.0,8.0,76059.0
10269,380,74.0,3.0,34.0,11.0,1774.0
10291,739,60.0,7.0,28.0,6.0,125.0
10292,739,89.0,0.0,0.0,6.0,1675737.0
10293,739,60.0,7.0,28.0,6.0,9896.0
10294,739,60.0,7.0,28.0,6.0,3800.0
10295,739,60.0,7.0,28.0,6.0,48087.0
10296,739,56.0,7.0,26.0,6.0,682.0
10297,739,81.0,0.0,0.0,6.0,1447.0
10298,739,56.0,7.0,26.0,6.0,584.0
10299,739,119.0,0.0,0.0,6.0,704.0
10300,739,54.0,6.0,24.0,6.0,35634.0
10311,1552,183.0,0.0,0.0,11.0,1608.0
10312,1552,166.0,0.0,0.0,11.0,1355.0
10313,1552,166.0,0.0,0.0,11.0,722.0
10314,1552,158.0,0.0,0.0,11.0,2303.0
10315,1552,6.0,0.0,0.0,11.0,279009.0
10316,1552,183.0,0.0,0.0,11.0,561.0
10317,1552,158.0,0.0,0.0,11.0,89.0
10318,1552,158.0,0.0,0.0,11.0,112.0
10319,1552,103.0,0.0,0.0,11.0,240.0
10320,1552,158.0,0.0,0.0,11.0,40750.0
10361,377,107.0,0.0,0.0,8.0,171.0
10362,377,23.0,2.0,17.0,8.0,611.0
10363,377,158.0,7.0,57.0,8.0,10665.0
10364,377,23.0,2.0,17.0,8.0,500.0
10365,377,23.0,2.0,17.0,8.0,786.0
10366,377,158.0,7.0,57.0,8.0,7277.0
10367,377,183.0,6.0,85.0,8.0,5200.0
10368,377,118.0,3.0,101.0,8.0,757.0
10369,377,183.0,6.0,85.0,8.0,6091.0
10370,377,118.0,3.0,101.0,8.0,121.0
10421,2412,183.0,6.0,85.0,8.0,168214.0
10422,2412,183.0,6.0,85.0,8.0,16920.0
10423,2412,118.0,3.0,101.0,8.0,27.0
10424,2412,23.0,2.0,17.0,8.0,150.0
10425,2412,118.0,3.0,101.0,8.0,16.0
10426,2412,158.0,7.0,57.0,8.0,35821.0
10427,2412,74.0,3.0,34.0,8.0,1830.0
10428,2412,56.0,7.0,26.0,8.0,421.0
10429,2412,23.0,2.0,17.0,8.0,0.0
10430,2412,165.0,3.0,78.0,8.0,532.0
10431,890,39.0,7.0,12.0,8.0,10227.0
10432,890,39.0,7.0,12.0,8.0,1491.0
10433,890,40.0,2.0,13.0,8.0,57275.0
10434,890,54.0,6.0,25.0,8.0,6270.0
10435,890,137.0,2.0,69.0,8.0,14804.0
10436,890,74.0,3.0,34.0,8.0,3851.0
10437,1870,23.0,2.0,17.0,6.0,795.0
10438,1870,23.0,2.0,17.0,6.0,894.0
10439,1870,165.0,3.0,78.0,6.0,147.0
10440,1870,78.0,0.0,0.0,6.0,5061.0
10441,1870,118.0,3.0,101.0,6.0,777.0
10442,1870,23.0,2.0,17.0,6.0,1100.0
10443,1870,158.0,7.0,57.0,6.0,49921.0
10444,1870,118.0,3.0,101.0,6.0,1567.0
10445,1870,81.0,7.0,99.0,6.0,25695.0
10446,1870,154.0,2.0,99.0,6.0,15388.0
10477,613,31.0,6.0,20.0,8.0,506.0
10478,613,56.0,7.0,26.0,8.0,737.0
10479,613,31.0,6.0,20.0,8.0,273.0
10480,613,74.0,3.0,34.0,8.0,2316.0
10481,613,49.0,2.0,19.0,8.0,335180.0
10512,2768,154.0,2.0,99.0,10.0,25566.0
10513,2768,158.0,7.0,57.0,10.0,19409.0
10514,2768,165.0,3.0,78.0,10.0,295.0
10515,2768,154.0,2.0,99.0,10.0,33629.0
10516,2768,23.0,2.0,17.0,10.0,1475.0
10517,2768,74.0,3.0,34.0,10.0,1173.0
10518,2768,158.0,7.0,57.0,10.0,19957.0
10519,2768,118.0,3.0,101.0,10.0,173.0
10520,2768,154.0,2.0,99.0,10.0,11663.0
10521,2768,36.0,0.0,0.0,10.0,12217.0
10548,1779,36.0,0.0,0.0,8.0,3224.0
10549,1779,36.0,0.0,0.0,8.0,2321.0
10550,1779,158.0,7.0,57.0,8.0,464.0
10551,1779,165.0,3.0,78.0,8.0,961.0
10552,1779,118.0,3.0,101.0,8.0,95035.0
10553,1779,118.0,3.0,101.0,8.0,2474.0
10554,1779,158.0,7.0,57.0,8.0,31317.0
10555,1779,158.0,7.0,57.0,8.0,11034.0
10556,1779,154.0,2.0,99.0,8.0,9733.0
10557,1779,36.0,0.0,0.0,8.0,143987.0
10588,1150,107.0,0.0,0.0,6.0,76.0
10589,1150,56.0,7.0,26.0,6.0,447.0
10590,1150,74.0,3.0,34.0,6.0,3384.0
10591,1150,118.0,3.0,101.0,6.0,21636.0
10592,1150,49.0,2.0,19.0,6.0,64039.0
10656,1015,107.0,0.0,0.0,8.0,44.0
10657,1015,36.0,0.0,0.0,8.0,54311.0
10658,1015,47.0,0.0,0.0,8.0,318.0
10659,1015,154.0,2.0,99.0,8.0,2260.0
10660,1015,118.0,3.0,101.0,8.0,617.0
10661,1015,187.0,0.0,0.0,8.0,22637.0
10662,1015,81.0,7.0,99.0,8.0,20261.0
10663,1015,50.0,6.0,54.0,8.0,3265.0
10664,1015,118.0,3.0,101.0,8.0,974.0
10665,1015,23.0,2.0,17.0,8.0,405.0
10666,2675,56.0,7.0,26.0,8.0,321.0
10667,2675,31.0,6.0,20.0,8.0,661.0
10668,2675,49.0,2.0,19.0,8.0,126506.0
10669,2675,74.0,3.0,34.0,8.0,4256.0
10680,3134,187.0,0.0,0.0,6.0,14525.0
10681,3134,154.0,2.0,99.0,6.0,5164.0
10682,3134,81.0,7.0,99.0,6.0,2468.0
10683,3134,154.0,2.0,99.0,6.0,22424.0
10684,3134,158.0,7.0,57.0,6.0,469.0
10685,3134,147.0,7.0,60.0,6.0,1459.0
10686,3134,23.0,2.0,17.0,6.0,707.0
10687,3134,147.0,7.0,60.0,6.0,639.0
10688,3134,23.0,2.0,17.0,6.0,484.0
10689,3134,81.0,7.0,99.0,6.0,231190.0
10720,2832,118.0,3.0,101.0,6.0,123755.0
10721,2832,81.0,7.0,99.0,6.0,1912.0
10722,2832,118.0,3.0,101.0,6.0,13.0
10723,2832,118.0,3.0,101.0,6.0,167.0
10724,2832,118.0,3.0,101.0,6.0,1396.0
10725,2832,165.0,3.0,78.0,6.0,190.0
10726,2832,118.0,3.0,101.0,6.0,1538.0
10727,2832,165.0,3.0,78.0,6.0,657.0
10728,2832,81.0,7.0,99.0,6.0,498.0
10729,2832,23.0,2.0,17.0,6.0,82.0
10740,2147,158.0,7.0,57.0,6.0,15820.0
10741,2147,131.0,0.0,0.0,6.0,433.0
10742,2147,147.0,7.0,60.0,6.0,2190.0
10743,2147,178.0,7.0,104.0,6.0,3405.0
10744,2147,49.0,2.0,19.0,6.0,34902.0
10745,2147,158.0,7.0,92.0,6.0,16659.0
10746,2147,60.0,7.0,28.0,6.0,35298.0
10747,2147,158.0,7.0,92.0,6.0,492.0
10748,2147,159.0,3.0,93.0,6.0,837.0
10749,2147,147.0,7.0,60.0,6.0,19729.0
10780,3011,154.0,2.0,99.0,10.0,3657.0
10781,3011,154.0,2.0,99.0,10.0,2689.0
10782,3011,165.0,3.0,78.0,10.0,62.0
10783,3011,81.0,7.0,99.0,10.0,2927.0
10784,3011,118.0,3.0,101.0,10.0,1828.0
10785,3011,154.0,2.0,99.0,10.0,15697.0
10786,3011,118.0,3.0,101.0,10.0,47.0
10787,3011,133.0,7.0,50.0,10.0,28959.0
10788,3011,158.0,7.0,92.0,10.0,2719.0
10789,3011,133.0,7.0,50.0,10.0,21766.0
10800,1677,158.0,7.0,57.0,6.0,3272.0
10801,1677,118.0,3.0,101.0,6.0,1564.0
10802,1677,154.0,2.0,99.0,6.0,1312.0
10803,1677,118.0,3.0,101.0,6.0,17.0
10804,1677,118.0,3.0,101.0,6.0,146.0
10805,1677,158.0,7.0,57.0,6.0,385389.0
10806,1677,118.0,3.0,101.0,6.0,1368.0
10807,1677,147.0,7.0,60.0,6.0,1285.0
10808,1677,165.0,3.0,78.0,6.0,586.0
10809,1677,23.0,2.0,17.0,6.0,1194.0
10820,2127,6.0,0.0,0.0,11.0,47.0
10821,2127,91.0,7.0,91.0,11.0,1081.0
10822,2127,6.0,0.0,0.0,11.0,580.0
10823,2127,91.0,7.0,91.0,11.0,325.0
10824,2127,103.0,6.0,53.0,11.0,2447.0
10825,2127,183.0,6.0,87.0,11.0,88242.0
10836,484,74.0,3.0,34.0,11.0,5950.0
10837,484,23.0,2.0,17.0,6.0,7213.0
10838,484,49.0,2.0,19.0,11.0,119847.0
10839,484,31.0,6.0,20.0,6.0,321.0
10840,484,56.0,7.0,26.0,11.0,617.0
10841,484,33.0,6.0,43.0,6.0,1223.0
10842,484,74.0,3.0,34.0,6.0,458.0
10843,484,9.0,2.0,14.0,6.0,64.0
10854,2033,116.0,1.0,62.0,6.0,11021.0
10855,2033,74.0,3.0,34.0,6.0,4451.0
10856,2033,187.0,0.0,0.0,6.0,22729.0
10857,2033,39.0,7.0,12.0,6.0,338116.0
10858,2033,54.0,6.0,24.0,6.0,69528.0
10859,2033,147.0,7.0,60.0,6.0,1580.0
10860,772,81.0,7.0,50.0,6.0,993116.0
10861,772,19.0,0.0,0.0,6.0,470.0
10862,772,81.0,7.0,50.0,6.0,822.0
10863,772,19.0,0.0,0.0,6.0,1625.0
10864,772,50.0,6.0,54.0,6.0,13498.0
10865,772,46.0,0.0,0.0,6.0,3345.0
10866,772,81.0,7.0,50.0,6.0,19493.0
10867,772,46.0,0.0,0.0,6.0,6603.0
10868,772,133.0,7.0,50.0,6.0,1372.0
10869,772,85.0,0.0,0.0,6.0,52887.0
10890,1085,158.0,7.0,57.0,10.0,232.0
10891,1085,158.0,7.0,57.0,10.0,539.0
10892,1085,81.0,7.0,99.0,10.0,6562.0
10893,1085,103.0,7.0,1.0,10.0,581.0
10894,1085,158.0,7.0,57.0,10.0,444.0
10895,1085,158.0,7.0,57.0,6.0,9692.0
10896,1085,81.0,7.0,99.0,10.0,9934.0
10897,1085,158.0,7.0,57.0,10.0,404.0
10898,1085,158.0,7.0,57.0,10.0,1761.0
10899,1085,158.0,7.0,57.0,10.0,603.0
10910,2082,154.0,2.0,99.0,6.0,59620.0
10911,2082,154.0,2.0,99.0,6.0,13215.0
10912,2082,81.0,7.0,99.0,6.0,1256.0
10913,2082,158.0,7.0,57.0,6.0,41723.0
10914,2082,158.0,7.0,57.0,6.0,158.0
10915,2082,154.0,2.0,99.0,6.0,24597.0
10916,2082,165.0,3.0,78.0,6.0,382.0
10917,2082,154.0,2.0,99.0,6.0,8562.0
10918,2082,118.0,3.0,101.0,6.0,754.0
10919,2082,158.0,7.0,57.0,6.0,14402.0
10930,311,49.0,2.0,19.0,6.0,41576.0
10931,311,23.0,2.0,17.0,6.0,7740.0
10932,311,93.0,7.0,44.0,6.0,69909.0
10933,311,31.0,6.0,20.0,6.0,798.0
10934,311,133.0,7.0,50.0,6.0,3463.0
10935,311,81.0,7.0,50.0,6.0,130222.0
10936,311,56.0,7.0,26.0,6.0,564.0
10937,311,33.0,6.0,43.0,6.0,3677.0
10938,311,74.0,3.0,34.0,6.0,358.0
10939,311,165.0,3.0,78.0,6.0,202.0
10940,2560,154.0,2.0,99.0,6.0,1129.0
10941,2560,126.0,0.0,0.0,8.0,657.0
10942,2560,154.0,2.0,99.0,6.0,1515.0
10943,2560,154.0,2.0,99.0,6.0,460.0
10944,2560,56.0,7.0,26.0,8.0,479.0
10945,2560,49.0,2.0,19.0,8.0,22310.0
10946,2560,126.0,0.0,0.0,8.0,308.0
10947,2560,154.0,2.0,99.0,6.0,1217.0
10948,2560,154.0,2.0,99.0,6.0,2489.0
10949,2560,56.0,7.0,26.0,8.0,409.0
10950,881,154.0,2.0,99.0,6.0,32558.0
10951,881,154.0,2.0,99.0,6.0,67108.0
10952,881,154.0,2.0,99.0,6.0,14069.0
10953,881,158.0,7.0,92.0,6.0,118891.0
10954,881,118.0,3.0,101.0,6.0,96.0
10955,881,158.0,7.0,57.0,6.0,69719.0
10956,881,165.0,3.0,78.0,6.0,474.0
10957,881,158.0,7.0,57.0,6.0,24852.0
10958,881,154.0,2.0,99.0,6.0,36067.0
10959,881,158.0,7.0,57.0,6.0,6647.0
10970,35,147.0,7.0,60.0,6.0,4090.0
10971,35,147.0,6.0,65.0,6.0,9278.0
10972,35,54.0,6.0,24.0,6.0,801989.0
10973,35,133.0,7.0,50.0,6.0,28862.0
10974,35,134.0,6.0,73.0,6.0,762.0
10975,35,147.0,7.0,60.0,6.0,2039.0
10976,35,187.0,0.0,0.0,6.0,29337.0
10977,35,116.0,1.0,62.0,6.0,21838.0
10978,35,74.0,3.0,34.0,6.0,4239.0
10989,1713,178.0,7.0,104.0,8.0,1324.0
10990,1713,56.0,7.0,26.0,8.0,27163.0
10991,1713,178.0,7.0,104.0,8.0,2750.0
10992,1713,81.0,7.0,99.0,8.0,83975.0
10993,1713,49.0,2.0,19.0,8.0,51537.0
10994,1713,178.0,7.0,104.0,8.0,5351.0
10995,1713,23.0,2.0,17.0,8.0,1613.0
10996,1713,118.0,3.0,101.0,8.0,3223.0
10997,1713,147.0,7.0,60.0,8.0,51621.0
10998,1713,147.0,7.0,60.0,8.0,2373.0
11009,1169,56.0,7.0,26.0,6.0,1182.0
11010,1169,74.0,3.0,34.0,6.0,320.0
11011,1169,31.0,6.0,20.0,6.0,0.0
11012,1169,49.0,2.0,19.0,6.0,10090.0
11013,1169,31.0,6.0,20.0,6.0,1139.0
11014,1169,56.0,7.0,26.0,6.0,682.0
11035,2791,158.0,0.0,0.0,11.0,69.0
11036,2791,166.0,0.0,0.0,11.0,36.0
11037,2791,158.0,0.0,0.0,11.0,140.0
11038,2791,158.0,0.0,0.0,11.0,807.0
11039,2791,158.0,0.0,0.0,11.0,347.0
11040,2791,158.0,0.0,0.0,11.0,301.0
11041,2791,158.0,0.0,0.0,11.0,203.0
11042,2791,166.0,0.0,0.0,11.0,583.0
11043,2791,158.0,0.0,0.0,11.0,3.0
11044,2791,158.0,0.0,0.0,11.0,9.0
11060,3189,165.0,3.0,78.0,8.0,140.0
11061,3189,23.0,2.0,17.0,8.0,3127.0
11062,3189,158.0,7.0,57.0,8.0,29442.0
11063,3189,23.0,2.0,17.0,8.0,14238.0
11064,3189,39.0,7.0,12.0,8.0,2563.0
11065,3189,158.0,7.0,57.0,8.0,6640.0
11066,3189,118.0,3.0,101.0,8.0,6202.0
11067,3189,146.0,2.0,70.0,8.0,3503.0
11068,3189,23.0,2.0,17.0,8.0,1145.0
11069,3189,23.0,2.0,17.0,8.0,2737.0
11080,1804,183.0,6.0,85.0,8.0,14950.0
11081,1804,56.0,7.0,26.0,8.0,409.0
11082,1804,154.0,2.0,99.0,8.0,2939.0
11083,1804,54.0,0.0,0.0,8.0,16036.0
11084,1804,154.0,2.0,99.0,8.0,720.0
11085,1804,81.0,7.0,99.0,8.0,51097.0
11086,1804,158.0,7.0,57.0,8.0,25605.0
11087,1804,23.0,2.0,17.0,8.0,949.0
11088,1804,118.0,3.0,101.0,8.0,37.0
11089,1804,154.0,2.0,99.0,8.0,1342.0
11100,1847,118.0,3.0,101.0,6.0,1837.0
11101,1847,118.0,3.0,101.0,6.0,1605.0
11102,1847,74.0,3.0,34.0,6.0,567.0
11103,1847,23.0,2.0,17.0,6.0,1003.0
11104,1847,154.0,2.0,99.0,6.0,670.0
11105,1847,154.0,2.0,99.0,6.0,1398.0
11106,1847,118.0,3.0,101.0,6.0,1540.0
11107,1847,118.0,3.0,101.0,6.0,1136.0
11108,1847,23.0,2.0,17.0,6.0,828.0
11109,1847,183.0,6.0,85.0,6.0,39591.0
11120,3001,147.0,7.0,60.0,8.0,740.0
11121,3001,147.0,7.0,60.0,8.0,7119.0
11122,3001,147.0,6.0,65.0,8.0,21840.0
11123,3001,126.0,0.0,0.0,8.0,39700.0
11124,3001,56.0,7.0,26.0,8.0,481.0
11125,3001,74.0,3.0,34.0,8.0,3025.0
11126,3001,133.0,7.0,50.0,8.0,361413.0
11127,3001,134.0,6.0,73.0,8.0,725.0
11128,3001,134.0,6.0,73.0,8.0,945.0
11129,3001,133.0,7.0,50.0,8.0,151592.0
11140,1035,159.0,3.0,93.0,8.0,1719.0
11141,1035,23.0,2.0,17.0,8.0,131.0
11142,1035,165.0,3.0,78.0,8.0,94.0
11143,1035,23.0,2.0,17.0,8.0,349.0
11144,1035,23.0,2.0,17.0,8.0,1702.0
11145,1035,158.0,7.0,92.0,8.0,206387.0
11146,1035,23.0,2.0,17.0,8.0,1652.0
11147,1035,165.0,3.0,78.0,8.0,5996.0
11148,1035,165.0,3.0,78.0,8.0,16770.0
11149,1035,74.0,3.0,34.0,8.0,8701.0
11170,49,134.0,6.0,73.0,6.0,803.0
11171,49,133.0,7.0,50.0,6.0,6845.0
11172,49,15.0,0.0,0.0,6.0,153614.0
11173,49,78.0,0.0,0.0,6.0,7574.0
11174,49,87.0,0.0,0.0,6.0,29019.0
11175,49,133.0,7.0,50.0,6.0,214199.0
11176,49,54.0,6.0,24.0,6.0,18627.0
11177,49,133.0,7.0,50.0,6.0,3596.0
11178,49,133.0,7.0,50.0,6.0,1478.0
11179,49,74.0,3.0,34.0,6.0,9821.0
11230,2629,81.0,7.0,50.0,8.0,14994.0
11231,2629,23.0,2.0,17.0,8.0,126.0
11232,2629,78.0,0.0,0.0,8.0,3391.0
11233,2629,81.0,7.0,50.0,8.0,1542.0
11234,2629,187.0,0.0,0.0,8.0,36923.0
11235,2629,159.0,3.0,93.0,8.0,37.0
11236,2629,37.0,5.0,55.0,8.0,14632.0
11237,2629,81.0,7.0,50.0,8.0,10262.0
11238,2629,23.0,2.0,17.0,8.0,101.0
11239,2629,61.0,7.0,68.0,8.0,1840.0
11261,1780,165.0,3.0,78.0,10.0,38.0
11262,1780,23.0,2.0,17.0,10.0,50609.0
11263,1780,165.0,3.0,78.0,10.0,2.0
11264,1780,158.0,7.0,57.0,10.0,96.0
11265,1780,118.0,3.0,101.0,10.0,43.0
11266,1780,23.0,2.0,17.0,10.0,2496.0
11267,1780,23.0,2.0,17.0,10.0,7402.0
11268,1780,158.0,7.0,57.0,10.0,750.0
11269,1780,118.0,3.0,101.0,10.0,3785.0
11270,1780,165.0,3.0,78.0,10.0,736.0
11331,1387,16.0,2.0,20.0,8.0,209403.0
11332,1387,31.0,6.0,20.0,8.0,896.0
11333,1387,165.0,3.0,78.0,8.0,72.0
11334,1387,165.0,3.0,78.0,8.0,433.0
11335,1387,23.0,2.0,17.0,8.0,51.0
11336,1387,81.0,7.0,50.0,8.0,1586.0
11337,1387,118.0,3.0,101.0,8.0,1380.0
11338,1387,118.0,3.0,101.0,8.0,111.0
11339,1387,154.0,2.0,99.0,8.0,50191.0
11340,1387,23.0,2.0,17.0,8.0,891.0
11341,2963,81.0,7.0,99.0,10.0,24102.0
11342,2963,158.0,7.0,57.0,10.0,38790.0
11343,2963,118.0,3.0,101.0,10.0,54.0
11344,2963,56.0,7.0,26.0,10.0,413.0
11345,2963,49.0,2.0,19.0,10.0,44296.0
11346,2963,165.0,3.0,78.0,10.0,138.0
11347,2963,81.0,7.0,99.0,10.0,164197.0
11348,2963,74.0,3.0,34.0,10.0,2254.0
11349,2963,118.0,3.0,101.0,10.0,508.0
11350,2963,81.0,7.0,50.0,10.0,22162.0
11381,2705,23.0,2.0,17.0,8.0,858.0
11382,2705,81.0,7.0,99.0,8.0,3053.0
11383,2705,118.0,3.0,101.0,8.0,2267.0
11384,2705,158.0,7.0,57.0,8.0,24270.0
11385,2705,165.0,3.0,78.0,8.0,23.0
11386,2705,81.0,7.0,99.0,8.0,2038.0
11387,2705,158.0,7.0,57.0,8.0,792.0
11388,2705,118.0,3.0,101.0,8.0,55.0
11389,2705,118.0,3.0,101.0,8.0,1703.0
11390,2705,118.0,3.0,101.0,8.0,2.0
11431,2268,74.0,3.0,34.0,8.0,3049.0
11452,2899,158.0,0.0,0.0,11.0,1671.0
11453,2899,158.0,7.0,57.0,11.0,1053.0
11454,2899,6.0,0.0,0.0,11.0,1925.0
11455,2899,54.0,0.0,0.0,11.0,743.0
11456,2899,158.0,0.0,0.0,11.0,142.0
11457,2899,158.0,7.0,57.0,11.0,529.0
11458,2899,158.0,7.0,57.0,11.0,999.0
11459,2899,103.0,6.0,53.0,11.0,1387.0
11460,2899,158.0,7.0,57.0,11.0,2004.0
11461,2899,158.0,0.0,0.0,11.0,1660.0
11519,1678,73.0,0.0,0.0,6.0,1579.0
11520,1678,54.0,6.0,24.0,6.0,20586.0
11521,1678,74.0,3.0,34.0,6.0,412.0
11522,1678,146.0,2.0,70.0,6.0,2047.0
11523,1678,96.0,2.0,52.0,6.0,50534.0
11524,1678,96.0,2.0,52.0,6.0,0.0
11525,1678,78.0,0.0,0.0,6.0,1614.0
11526,1678,47.0,0.0,0.0,6.0,3396.0
11527,1678,95.0,2.0,51.0,6.0,0.0
11528,1678,175.0,0.0,0.0,6.0,2174.0
11529,2783,158.0,7.0,57.0,10.0,16053.0
11530,2783,118.0,3.0,101.0,10.0,2762.0
11531,2783,183.0,6.0,85.0,10.0,103310.0
11532,2783,21.0,0.0,0.0,10.0,18.0
11533,2783,183.0,6.0,85.0,10.0,10358.0
11534,2783,183.0,6.0,88.0,10.0,58917.0
11535,2783,154.0,2.0,99.0,10.0,46771.0
11536,2783,60.0,7.0,28.0,10.0,17679.0
11537,2783,154.0,2.0,99.0,10.0,1744.0
11538,2783,119.0,0.0,0.0,10.0,1409.0
11580,3012,153.0,2.0,99.0,11.0,25314.0
11581,3012,166.0,3.0,95.0,11.0,849.0
11582,3012,166.0,3.0,95.0,11.0,1924.0
11583,3012,158.0,7.0,57.0,11.0,103.0
11584,3012,56.0,7.0,26.0,11.0,540.0
11585,3012,166.0,3.0,95.0,11.0,465.0
11586,3012,183.0,6.0,87.0,11.0,12178.0
11587,3012,153.0,2.0,99.0,11.0,20275.0
11588,3012,158.0,7.0,92.0,11.0,33.0
11589,3012,158.0,7.0,92.0,11.0,76943.0
11645,406,158.0,7.0,57.0,6.0,5113.0
11646,406,158.0,7.0,57.0,6.0,3645.0
11647,406,127.0,0.0,0.0,6.0,5837.0
11648,406,183.0,0.0,0.0,6.0,24606.0
11649,406,118.0,3.0,101.0,6.0,1241.0
11650,406,162.0,7.0,77.0,6.0,14772.0
11651,406,81.0,7.0,97.0,6.0,1261.0
11652,406,23.0,2.0,17.0,6.0,645.0
11653,406,23.0,2.0,17.0,6.0,2146.0
11654,406,118.0,3.0,101.0,6.0,994.0
11665,1700,158.0,7.0,57.0,6.0,3193.0
11666,1700,154.0,2.0,99.0,6.0,1189.0
11667,1700,154.0,2.0,99.0,6.0,136246.0
11668,1700,154.0,2.0,99.0,6.0,1914.0
11669,1700,81.0,7.0,50.0,6.0,342.0
11670,1700,158.0,7.0,57.0,6.0,6755.0
11671,1700,107.0,0.0,0.0,6.0,252.0
11672,1700,158.0,7.0,57.0,6.0,7464.0
11673,1700,165.0,3.0,78.0,6.0,18.0
11674,1700,81.0,7.0,99.0,6.0,20068.0
11700,661,86.0,0.0,0.0,6.0,50664.0
11701,661,165.0,3.0,78.0,6.0,286.0
11702,661,49.0,2.0,19.0,11.0,524.0
11703,661,81.0,7.0,50.0,6.0,34942.0
11704,661,81.0,0.0,0.0,6.0,720.0
11705,661,88.0,0.0,0.0,6.0,17976.0
11706,661,133.0,7.0,50.0,6.0,9487.0
11707,661,187.0,0.0,0.0,6.0,49934.0
11708,661,88.0,0.0,0.0,6.0,19388.0
11709,661,87.0,0.0,0.0,6.0,160937.0
11720,1464,158.0,7.0,56.0,8.0,328270.0
11721,1464,147.0,7.0,60.0,8.0,1299.0
11722,1464,54.0,6.0,25.0,8.0,5074.0
11723,1464,116.0,1.0,62.0,8.0,12076.0
11724,1464,147.0,7.0,60.0,8.0,1972.0
11725,1464,158.0,7.0,57.0,8.0,3389.0
11726,1464,81.0,7.0,99.0,8.0,14530.0
11727,1464,118.0,3.0,101.0,8.0,1710.0
11728,1464,165.0,3.0,78.0,8.0,1443.0
11729,1464,147.0,6.0,65.0,8.0,117355.0
11730,1453,118.0,3.0,101.0,8.0,25045.0
11731,1453,158.0,7.0,57.0,8.0,638.0
11732,1453,54.0,6.0,25.0,8.0,12764.0
11733,1453,23.0,2.0,17.0,8.0,678.0
11734,1453,118.0,3.0,101.0,8.0,11401.0
11735,1453,118.0,3.0,101.0,8.0,147594.0
11736,1453,80.0,7.0,58.0,8.0,0.0
11737,1453,118.0,3.0,101.0,8.0,609.0
11738,1453,23.0,2.0,17.0,8.0,741.0
11739,1453,118.0,3.0,101.0,8.0,786.0
11740,117,158.0,7.0,57.0,6.0,37274.0
11741,117,81.0,7.0,99.0,6.0,33570.0
11742,117,154.0,2.0,99.0,6.0,10175.0
11743,117,158.0,7.0,57.0,6.0,19769.0
11744,117,81.0,7.0,99.0,6.0,27818.0
11745,117,165.0,3.0,78.0,6.0,205.0
11746,117,23.0,2.0,17.0,6.0,559.0
11747,117,23.0,2.0,17.0,6.0,631.0
11748,117,118.0,3.0,101.0,6.0,866.0
11749,117,81.0,7.0,99.0,6.0,20029.0
11753,555,81.0,0.0,0.0,11.0,8945.0
11754,555,74.0,3.0,34.0,11.0,14124.0
11755,555,142.0,0.0,0.0,10.0,141.0
11756,555,60.0,7.0,28.0,11.0,5974.0
11757,555,81.0,7.0,99.0,10.0,7588.0
11758,555,56.0,7.0,26.0,11.0,766.0
11759,555,74.0,3.0,34.0,10.0,556.0
11760,555,60.0,7.0,28.0,11.0,7936.0
11761,555,60.0,7.0,28.0,11.0,5792.0
11762,555,49.0,2.0,19.0,11.0,320299.0
11788,3188,50.0,6.0,54.0,11.0,33760.0
11789,3188,81.0,0.0,0.0,11.0,9291.0
11790,3188,78.0,0.0,0.0,11.0,1366.0
11791,3188,187.0,0.0,0.0,11.0,68141.0
11792,3188,25.0,0.0,0.0,11.0,41135.0
11793,3188,78.0,0.0,0.0,11.0,1239.0
11794,3188,153.0,2.0,99.0,0.0,2716.0
11795,3188,43.0,2.0,20.0,11.0,291535.0
11796,3188,181.0,3.0,84.0,0.0,8545.0
11797,3188,153.0,2.0,99.0,0.0,2652.0
11798,2575,23.0,2.0,17.0,6.0,8395.0
11799,2575,158.0,7.0,57.0,0.0,30804.0
11800,2575,74.0,3.0,34.0,6.0,934.0
11801,2575,146.0,2.0,70.0,6.0,661.0
11802,2575,32.0,1.0,10.0,6.0,6153.0
11803,2575,158.0,7.0,57.0,6.0,250.0
11804,2575,165.0,3.0,78.0,6.0,17667.0
11805,2575,158.0,7.0,57.0,6.0,23293.0
11806,2575,23.0,2.0,17.0,6.0,44.0
11807,2575,49.0,2.0,19.0,6.0,47857.0
11808,1227,158.0,7.0,57.0,6.0,18239.0
11809,1227,23.0,2.0,17.0,6.0,56.0
11810,1227,81.0,7.0,99.0,6.0,128.0
11811,1227,23.0,2.0,17.0,6.0,776.0
11812,1227,165.0,3.0,78.0,6.0,58.0
11813,1227,81.0,7.0,99.0,6.0,1478.0
11814,1227,165.0,3.0,78.0,6.0,13.0
11815,1227,23.0,2.0,17.0,6.0,4587.0
11816,1227,81.0,7.0,99.0,6.0,851.0
11817,1227,158.0,7.0,57.0,6.0,429.0
11828,1041,39.0,7.0,12.0,6.0,759.0
11829,1041,60.0,7.0,28.0,6.0,16486.0
11830,1041,133.0,7.0,50.0,6.0,986.0
11831,1041,54.0,6.0,24.0,6.0,29850.0
11832,1041,151.0,0.0,0.0,6.0,1144.0
11833,1041,49.0,2.0,19.0,6.0,30913.0
11834,1041,81.0,0.0,0.0,6.0,520.0
11835,1041,49.0,2.0,19.0,6.0,28513.0
11836,1041,50.0,6.0,54.0,6.0,18141.0
11837,1041,78.0,0.0,0.0,6.0,578.0
11858,1146,158.0,7.0,92.0,6.0,91.0
11859,1146,158.0,7.0,92.0,6.0,11379.0
11860,1146,54.0,6.0,24.0,6.0,323891.0
11861,1146,147.0,7.0,60.0,6.0,495.0
11862,1146,178.0,7.0,104.0,6.0,294.0
11863,1146,187.0,0.0,0.0,6.0,21594.0
11864,1146,49.0,2.0,19.0,11.0,16948.0
11865,1146,178.0,7.0,104.0,6.0,33408.0
11866,1146,147.0,7.0,60.0,6.0,1520.0
11867,1146,178.0,7.0,104.0,6.0,778.0
12001,462,6.0,0.0,0.0,11.0,27.0
12002,462,158.0,7.0,57.0,11.0,126.0
12003,462,158.0,7.0,92.0,11.0,162.0
12004,462,158.0,7.0,92.0,11.0,400.0
12005,462,158.0,7.0,92.0,11.0,167.0
12006,462,158.0,7.0,92.0,11.0,83.0
12007,462,150.0,3.0,41.0,11.0,3708.0
12008,462,181.0,3.0,84.0,11.0,230.0
12009,462,158.0,7.0,92.0,11.0,51.0
12010,462,6.0,0.0,0.0,11.0,58.0
12021,2087,81.0,0.0,0.0,6.0,959.0
12022,2087,102.0,7.0,38.0,6.0,1110.0
12023,2087,60.0,7.0,28.0,6.0,474.0
12024,2087,147.0,7.0,60.0,6.0,756.0
12025,2087,49.0,2.0,19.0,6.0,79225.0
12026,2087,56.0,7.0,26.0,6.0,580.0
12027,2087,118.0,3.0,101.0,6.0,1329.0
12028,2087,47.0,0.0,0.0,6.0,387.0
12029,2087,23.0,2.0,17.0,6.0,109.0
12030,2087,61.0,7.0,68.0,6.0,10361.0
12140,1244,158.0,7.0,57.0,10.0,775.0
12141,1244,118.0,3.0,101.0,10.0,5035.0
12142,1244,23.0,2.0,17.0,10.0,169.0
12143,1244,158.0,7.0,56.0,10.0,671433.0
12144,1244,158.0,7.0,57.0,10.0,7983.0
12145,1244,137.0,2.0,69.0,10.0,13585.0
12146,1244,23.0,2.0,17.0,10.0,68.0
12147,1244,118.0,3.0,101.0,10.0,2129.0
12148,1244,165.0,3.0,78.0,10.0,1253.0
12149,1244,161.0,7.0,76.0,10.0,3022.0
12217,1987,60.0,7.0,28.0,8.0,7927.0
12218,1987,178.0,7.0,104.0,8.0,521.0
12219,1987,147.0,7.0,60.0,8.0,1190.0
12220,1987,60.0,7.0,28.0,8.0,12932.0
12221,1987,81.0,0.0,0.0,8.0,5336.0
12222,1987,116.0,1.0,62.0,8.0,1000.0
12223,1987,187.0,0.0,0.0,8.0,47935.0
12224,1987,74.0,3.0,34.0,11.0,1128.0
12225,1987,147.0,7.0,60.0,8.0,9313.0
12226,1987,183.0,6.0,88.0,8.0,302004.0
12227,3202,154.0,2.0,99.0,6.0,906.0
12228,3202,154.0,2.0,99.0,6.0,32543.0
12229,3202,154.0,2.0,99.0,6.0,1829.0
12230,3202,154.0,2.0,99.0,6.0,983.0
12231,3202,158.0,7.0,57.0,6.0,19792.0
12232,3202,154.0,2.0,99.0,6.0,11178.0
12233,3202,158.0,7.0,57.0,6.0,29914.0
12234,3202,74.0,3.0,34.0,6.0,447.0
12235,3202,165.0,3.0,78.0,6.0,178.0
12236,3202,165.0,3.0,78.0,6.0,345.0
12237,2521,118.0,3.0,101.0,6.0,16981.0
12238,2521,81.0,7.0,99.0,6.0,131535.0
12239,2521,118.0,3.0,101.0,6.0,868.0
12240,2521,154.0,2.0,99.0,6.0,3245.0
12241,2521,118.0,3.0,101.0,6.0,19231.0
12242,2521,154.0,2.0,99.0,6.0,3584.0
12243,2521,23.0,2.0,17.0,6.0,130.0
12244,2521,154.0,2.0,99.0,6.0,6512.0
12245,2521,81.0,7.0,99.0,6.0,83814.0
12246,2521,165.0,3.0,78.0,6.0,167.0
12247,1775,49.0,2.0,19.0,6.0,230149.0
12248,1775,156.0,6.0,23.0,6.0,0.0
12249,1775,183.0,6.0,85.0,6.0,12248.0
12250,1775,74.0,3.0,34.0,6.0,854.0
12251,1775,183.0,6.0,85.0,6.0,3309.0
12252,1775,183.0,6.0,85.0,6.0,412.0
12253,1775,81.0,7.0,102.0,6.0,873.0
12254,1775,183.0,6.0,85.0,6.0,7323.0
12255,1775,74.0,3.0,34.0,6.0,0.0
12256,1775,183.0,6.0,85.0,6.0,2768.0
12268,1376,158.0,7.0,57.0,2.0,1051.0
12269,1376,141.0,3.0,40.0,2.0,217.0
12270,1376,166.0,3.0,95.0,2.0,208.0
12271,1376,158.0,7.0,57.0,2.0,248.0
12272,1376,158.0,7.0,92.0,2.0,262.0
12273,1376,81.0,0.0,0.0,2.0,108.0
12274,1376,141.0,3.0,40.0,2.0,262.0
12275,1376,141.0,3.0,40.0,2.0,309.0
12276,1376,158.0,7.0,92.0,2.0,171.0
12277,1376,158.0,7.0,57.0,2.0,378.0
12305,3180,147.0,7.0,60.0,6.0,952.0
12306,3180,23.0,2.0,17.0,6.0,666.0
12307,3180,147.0,7.0,60.0,6.0,2140.0
12308,3180,49.0,2.0,19.0,6.0,0.0
12309,3180,56.0,7.0,26.0,6.0,967.0
12310,3180,56.0,7.0,26.0,6.0,242098.0
12311,3180,7.0,0.0,0.0,6.0,19678.0
12312,3180,147.0,7.0,60.0,6.0,0.0
12313,3180,178.0,7.0,104.0,6.0,369.0
12314,3180,147.0,7.0,60.0,6.0,873.0
12335,1087,23.0,2.0,17.0,6.0,129.0
12336,1087,61.0,7.0,68.0,6.0,37460.0
12337,1087,183.0,6.0,88.0,6.0,252968.0
12338,1087,154.0,2.0,99.0,6.0,0.0
12339,1087,6.0,0.0,0.0,12.0,30388.0
12340,1087,187.0,0.0,0.0,6.0,17310.0
12341,1087,154.0,2.0,99.0,6.0,645.0
12342,1087,165.0,3.0,78.0,6.0,43.0
12343,1087,60.0,7.0,28.0,6.0,1114.0
12344,1087,73.0,0.0,0.0,6.0,1775.0
12345,1505,118.0,3.0,101.0,10.0,10.0
12346,1505,54.0,6.0,24.0,10.0,72708.0
12347,1505,158.0,7.0,57.0,10.0,161834.0
12348,1505,154.0,2.0,99.0,10.0,74050.0
12349,1505,154.0,2.0,99.0,10.0,27881.0
12350,1505,118.0,3.0,101.0,10.0,21.0
12351,1505,154.0,2.0,99.0,10.0,1282.0
12352,1505,74.0,3.0,34.0,10.0,57263.0
12353,1505,60.0,7.0,28.0,10.0,26387.0
12354,1505,118.0,3.0,101.0,10.0,72.0
12368,1139,165.0,3.0,78.0,8.0,819.0
12369,1139,158.0,7.0,57.0,8.0,21200.0
12370,1139,23.0,2.0,17.0,8.0,971.0
12371,1139,183.0,6.0,85.0,8.0,8381.0
12372,1139,118.0,3.0,101.0,8.0,2434.0
12373,1139,118.0,3.0,101.0,8.0,2001.0
12374,1139,183.0,6.0,85.0,8.0,13551.0
12375,1139,165.0,3.0,78.0,8.0,201.0
12376,1139,183.0,6.0,85.0,8.0,77175.0
12377,1139,158.0,7.0,57.0,8.0,1655734.0
12448,1079,81.0,7.0,48.0,0.0,12921.0
12449,1079,181.0,3.0,84.0,0.0,2799.0
12450,1079,181.0,3.0,84.0,0.0,22254.0
12451,1079,158.0,7.0,56.0,2.0,1889.0
12452,1079,49.0,2.0,19.0,2.0,20039.0
12453,1079,35.0,3.0,83.0,0.0,164064.0
12454,1079,158.0,0.0,0.0,0.0,2283.0
12455,1079,56.0,7.0,26.0,2.0,6096.0
12456,1079,10.0,0.0,0.0,2.0,14917.0
12457,1079,133.0,7.0,50.0,2.0,606.0
12458,2363,133.0,7.0,50.0,6.0,79456.0
12459,2363,118.0,3.0,101.0,6.0,2184.0
12460,2363,31.0,6.0,20.0,6.0,406.0
12461,2363,134.0,6.0,73.0,6.0,2657.0
12462,2363,133.0,7.0,50.0,6.0,1047.0
12463,2363,133.0,7.0,50.0,6.0,177689.0
12464,2363,56.0,7.0,26.0,6.0,1190.0
12465,2363,133.0,7.0,50.0,6.0,873.0
12466,2363,158.0,7.0,92.0,6.0,43073.0
12467,2363,134.0,6.0,73.0,6.0,1293.0
12508,877,165.0,3.0,78.0,6.0,114.0
12509,877,118.0,3.0,101.0,6.0,2404.0
12510,877,81.0,7.0,99.0,6.0,7153.0
12511,877,158.0,7.0,57.0,6.0,25230.0
12512,877,158.0,7.0,57.0,6.0,206.0
12513,877,118.0,3.0,101.0,6.0,2338.0
12514,877,118.0,3.0,101.0,6.0,52.0
12515,877,165.0,3.0,78.0,6.0,1005.0
12516,877,31.0,6.0,20.0,6.0,611.0
12517,877,23.0,2.0,17.0,6.0,7427.0
12518,3147,61.0,7.0,68.0,8.0,703.0
12519,3147,78.0,0.0,0.0,8.0,657.0
12520,3147,78.0,0.0,0.0,8.0,3365.0
12521,3147,37.0,5.0,55.0,8.0,14116.0
12522,3147,165.0,3.0,78.0,8.0,88.0
12523,3147,74.0,3.0,34.0,8.0,267.0
12524,3147,56.0,7.0,26.0,8.0,781.0
12525,3147,126.0,0.0,0.0,8.0,4379.0
12526,3147,50.0,6.0,54.0,8.0,16479.0
12527,3147,19.0,0.0,0.0,8.0,265.0
12567,1997,81.0,7.0,99.0,8.0,3050.0
12568,1997,118.0,3.0,101.0,8.0,13518.0
12569,1997,81.0,7.0,99.0,8.0,3259.0
12570,1997,158.0,7.0,56.0,8.0,99484.0
12571,1997,158.0,7.0,57.0,8.0,10621.0
12572,1997,21.0,0.0,0.0,8.0,85.0
12573,1997,154.0,2.0,99.0,8.0,354.0
12574,1997,81.0,7.0,99.0,8.0,11670.0
12575,1997,154.0,2.0,99.0,8.0,6599.0
12576,1997,21.0,0.0,0.0,8.0,53.0
12597,1101,158.0,7.0,57.0,10.0,455.0
12598,1101,23.0,2.0,17.0,10.0,627.0
12599,1101,165.0,3.0,78.0,10.0,662.0
12600,1101,118.0,3.0,101.0,10.0,2040.0
12601,1101,154.0,2.0,99.0,10.0,19767.0
12602,1101,49.0,2.0,19.0,10.0,405333.0
12603,1101,81.0,7.0,99.0,10.0,7552.0
12604,1101,23.0,2.0,17.0,10.0,550.0
12605,1101,154.0,2.0,99.0,10.0,363960.0
12606,1101,165.0,3.0,78.0,10.0,420.0
12637,2440,54.0,6.0,24.0,8.0,40163.0
12638,2440,81.0,7.0,99.0,8.0,457.0
12639,2440,23.0,2.0,17.0,8.0,35.0
12640,2440,183.0,6.0,88.0,8.0,315889.0
12641,2440,74.0,3.0,34.0,8.0,54.0
12642,2440,81.0,7.0,99.0,8.0,95738.0
12643,2440,133.0,7.0,50.0,8.0,21628.0
12644,2440,165.0,3.0,78.0,8.0,1048.0
12645,2440,159.0,3.0,93.0,8.0,983.0
12646,2440,9.0,2.0,14.0,8.0,52.0
12711,912,81.0,7.0,99.0,8.0,4160.0
12712,912,23.0,2.0,17.0,8.0,32657.0
12713,912,81.0,7.0,99.0,8.0,838.0
12714,912,131.0,0.0,0.0,8.0,262.0
12715,912,165.0,3.0,78.0,8.0,24.0
12716,912,165.0,3.0,78.0,8.0,802.0
12717,912,81.0,7.0,99.0,8.0,3340.0
12718,912,23.0,2.0,17.0,8.0,3122.0
12719,912,81.0,7.0,99.0,8.0,46663.0
12720,912,23.0,2.0,17.0,8.0,801.0
12721,3138,183.0,6.0,85.0,6.0,3395.0
12722,3138,81.0,7.0,102.0,6.0,1406.0
12723,3138,183.0,6.0,86.0,6.0,62819.0
12724,3138,89.0,0.0,0.0,6.0,5909.0
12725,3138,183.0,6.0,85.0,6.0,46.0
12726,3138,143.0,7.0,67.0,6.0,963.0
12727,3138,23.0,2.0,17.0,6.0,64.0
12728,3138,15.0,0.0,0.0,6.0,17808.0
12729,3138,158.0,7.0,56.0,6.0,36845.0
12730,3138,183.0,6.0,85.0,6.0,11565.0
12731,919,165.0,3.0,78.0,6.0,584.0
12732,919,118.0,3.0,101.0,6.0,723.0
12733,919,50.0,6.0,54.0,6.0,25191.0
12734,919,165.0,3.0,78.0,6.0,338.0
12735,919,158.0,7.0,92.0,6.0,38917.0
12736,919,19.0,0.0,0.0,6.0,2229.0
12737,919,47.0,0.0,0.0,6.0,333.0
12738,919,154.0,2.0,99.0,6.0,8474.0
12739,919,165.0,3.0,78.0,6.0,116.0
12740,919,37.0,5.0,55.0,6.0,6212.0
12842,3081,165.0,3.0,78.0,6.0,110.0
12843,3081,23.0,2.0,17.0,6.0,51.0
12844,3081,183.0,6.0,88.0,6.0,549751.0
12845,3081,118.0,3.0,101.0,6.0,1420.0
12846,3081,118.0,3.0,101.0,6.0,65.0
12847,3081,165.0,3.0,78.0,6.0,525.0
12848,3081,125.0,0.0,0.0,6.0,1338.0
12849,3081,165.0,3.0,78.0,6.0,129.0
12850,3081,154.0,2.0,99.0,6.0,3351.0
12851,3081,158.0,7.0,92.0,6.0,18.0
12862,344,184.0,3.0,5.0,8.0,110.0
12863,344,116.0,1.0,62.0,10.0,0.0
12864,344,81.0,7.0,99.0,10.0,13363.0
12865,344,154.0,2.0,99.0,10.0,11416.0
12866,344,139.0,0.0,0.0,0.0,124.0
12867,344,56.0,7.0,26.0,8.0,414.0
12868,344,23.0,2.0,17.0,8.0,13686.0
12869,344,154.0,2.0,99.0,10.0,39970.0
12870,344,165.0,3.0,78.0,8.0,297.0
12871,344,158.0,7.0,57.0,10.0,397.0
12882,1307,74.0,3.0,34.0,6.0,2257.0
12883,1307,147.0,7.0,60.0,6.0,691.0
12884,1307,178.0,7.0,104.0,6.0,363.0
12885,1307,187.0,0.0,0.0,6.0,22809.0
12886,1307,116.0,1.0,62.0,6.0,11109.0
12887,1307,147.0,6.0,65.0,6.0,614.0
12888,1307,49.0,2.0,19.0,6.0,9847.0
12889,1307,56.0,7.0,26.0,6.0,2229.0
12890,1307,147.0,7.0,60.0,6.0,639.0
12891,1307,54.0,6.0,24.0,6.0,138322.0
12892,477,118.0,3.0,101.0,6.0,50.0
12893,477,81.0,7.0,99.0,6.0,2512.0
12894,477,154.0,2.0,99.0,6.0,150803.0
12895,477,23.0,2.0,17.0,6.0,48.0
12896,477,118.0,3.0,101.0,6.0,1399.0
12897,477,158.0,7.0,57.0,6.0,29236.0
12898,477,118.0,3.0,101.0,6.0,55.0
12899,477,165.0,3.0,78.0,6.0,893.0
12900,477,154.0,2.0,99.0,6.0,90326.0
12901,477,56.0,7.0,26.0,6.0,1690.0
12969,3226,118.0,3.0,101.0,8.0,693.0
12970,3226,49.0,2.0,19.0,8.0,31918.0
12971,3226,158.0,7.0,57.0,8.0,642.0
12972,3226,89.0,0.0,0.0,8.0,49059.0
12973,3226,159.0,3.0,93.0,8.0,833.0
12974,3226,54.0,6.0,24.0,8.0,24386.0
12975,3226,50.0,6.0,54.0,8.0,2819.0
12976,3226,6.0,0.0,0.0,0.0,523008.0
12977,3226,50.0,6.0,54.0,8.0,19553.0
12978,3226,118.0,3.0,101.0,8.0,5204.0
13009,3205,158.0,7.0,57.0,8.0,15157.0
13010,3205,165.0,3.0,78.0,8.0,44.0
13011,3205,23.0,2.0,17.0,8.0,2439.0
13012,3205,165.0,3.0,78.0,8.0,30.0
13013,3205,133.0,7.0,50.0,8.0,3528.0
13014,3205,158.0,7.0,57.0,8.0,30111.0
13015,3205,118.0,3.0,101.0,8.0,965.0
13016,3205,158.0,7.0,57.0,8.0,21447.0
13017,3205,154.0,2.0,99.0,8.0,613.0
13018,3205,158.0,7.0,57.0,8.0,325.0
13019,1010,49.0,2.0,19.0,11.0,61857.0
13020,1010,158.0,0.0,0.0,0.0,461.0
13021,348,81.0,3.0,72.0,1.0,98.0
13022,348,154.0,2.0,99.0,8.0,4147.0
13023,348,154.0,2.0,99.0,8.0,5238.0
13024,348,118.0,3.0,101.0,8.0,115.0
13025,348,91.0,7.0,91.0,1.0,8774.0
13026,348,81.0,7.0,99.0,8.0,1244532.0
13027,348,81.0,7.0,99.0,8.0,7926.0
13028,348,165.0,3.0,78.0,8.0,5.0
13029,348,74.0,3.0,34.0,8.0,976.0
13030,348,81.0,7.0,48.0,1.0,24.0
13041,1076,118.0,3.0,101.0,6.0,937.0
13042,1076,133.0,7.0,50.0,6.0,707.0
13043,1076,165.0,3.0,78.0,6.0,65.0
13044,1076,49.0,2.0,19.0,6.0,48793.0
13045,1076,147.0,7.0,60.0,6.0,926.0
13046,1076,81.0,7.0,99.0,6.0,49597.0
13047,1076,158.0,7.0,57.0,6.0,14411.0
13048,1076,54.0,6.0,24.0,6.0,6622.0
13049,1076,158.0,7.0,57.0,6.0,353.0
13050,1076,158.0,7.0,57.0,6.0,449.0
13051,120,33.0,6.0,43.0,8.0,5185.0
13052,120,154.0,2.0,99.0,8.0,14926.0
13053,120,81.0,7.0,99.0,8.0,14534.0
13054,120,158.0,7.0,57.0,8.0,449985.0
13055,120,118.0,3.0,101.0,8.0,129110.0
13056,120,81.0,7.0,99.0,8.0,3272.0
13057,120,154.0,2.0,99.0,8.0,4086.0
13058,120,33.0,6.0,43.0,8.0,2571.0
13059,120,165.0,3.0,78.0,8.0,1404.0
13060,120,74.0,3.0,34.0,8.0,10538.0
13078,3137,56.0,7.0,26.0,8.0,416361.0
13079,3137,103.0,7.0,1.0,8.0,6024.0
13080,3137,114.0,7.0,2.0,8.0,28597.0
13081,3137,56.0,7.0,26.0,8.0,2902.0
13082,3137,56.0,7.0,26.0,8.0,56223.0
13083,3137,158.0,7.0,56.0,8.0,4113.0
13084,3137,103.0,7.0,1.0,8.0,181716.0
13085,3137,143.0,7.0,67.0,8.0,22862.0
13086,3137,81.0,0.0,0.0,8.0,10786.0
13087,3137,81.0,0.0,0.0,8.0,19484.0
13098,1224,44.0,7.0,97.0,11.0,22321.0
13099,1224,112.0,3.0,61.0,11.0,2.0
13100,1224,153.0,2.0,99.0,11.0,29236.0
13101,1224,166.0,3.0,95.0,11.0,952.0
13102,1224,150.0,3.0,41.0,11.0,29.0
13103,1224,166.0,3.0,95.0,11.0,51680.0
13104,1224,158.0,7.0,57.0,11.0,444.0
13105,1224,158.0,7.0,57.0,11.0,243.0
13106,1224,153.0,2.0,99.0,11.0,38828.0
13107,1224,103.0,6.0,53.0,11.0,149.0
13128,713,158.0,7.0,92.0,11.0,159.0
13129,713,183.0,0.0,0.0,11.0,571.0
13130,713,0.0,4.0,49.0,11.0,420525.0
13131,713,74.0,3.0,34.0,11.0,1466.0
13132,713,158.0,0.0,0.0,11.0,520.0
13133,713,158.0,0.0,0.0,11.0,311.0
13134,713,158.0,0.0,0.0,11.0,99.0
13135,713,116.0,1.0,62.0,11.0,545.0
13136,713,150.0,3.0,94.0,11.0,24158.0
13137,713,56.0,7.0,26.0,11.0,432.0
13148,511,154.0,2.0,99.0,6.0,15334.0
13149,511,158.0,7.0,57.0,6.0,8585.0
13150,511,154.0,2.0,99.0,6.0,8531.0
13151,511,154.0,2.0,99.0,6.0,818.0
13152,511,81.0,7.0,99.0,6.0,1196.0
13153,511,23.0,2.0,17.0,6.0,422.0
13154,511,160.0,0.0,0.0,6.0,3763.0
13155,511,134.0,6.0,73.0,6.0,865.0
13156,511,81.0,7.0,99.0,6.0,43083.0
13157,511,158.0,7.0,57.0,6.0,258.0
13188,403,158.0,7.0,57.0,11.0,4073.0
13189,403,153.0,2.0,99.0,11.0,468.0
13190,403,166.0,3.0,95.0,11.0,29050.0
13191,403,44.0,7.0,97.0,11.0,10110.0
13192,403,158.0,7.0,92.0,11.0,65.0
13193,403,150.0,3.0,41.0,11.0,385.0
13194,403,158.0,7.0,92.0,11.0,1575.0
13195,403,158.0,7.0,92.0,11.0,78.0
13196,403,44.0,7.0,97.0,11.0,24089.0
13197,403,158.0,7.0,92.0,11.0,844.0
13208,2394,118.0,3.0,101.0,10.0,45.0
13209,2394,74.0,3.0,34.0,10.0,2852.0
13210,3062,118.0,3.0,101.0,8.0,128.0
13211,3062,158.0,7.0,57.0,8.0,8620.0
13212,3062,118.0,3.0,101.0,8.0,1347.0
13213,3062,165.0,3.0,78.0,8.0,122.0
13214,3062,165.0,3.0,78.0,8.0,1026.0
13215,3062,158.0,7.0,57.0,8.0,577.0
13216,3062,81.0,7.0,99.0,8.0,742.0
13217,3062,74.0,3.0,34.0,8.0,2996.0
13218,3062,118.0,3.0,101.0,8.0,774.0
13219,3062,81.0,7.0,99.0,8.0,663.0
13260,1484,103.0,3.0,53.0,11.0,44550.0
13261,1484,44.0,7.0,97.0,11.0,473.0
13262,1484,6.0,0.0,0.0,11.0,175.0
13263,1484,166.0,3.0,95.0,11.0,0.0
13264,1484,158.0,0.0,0.0,11.0,0.0
13265,1484,150.0,3.0,41.0,11.0,77438.0
13266,1484,153.0,2.0,99.0,11.0,5941.0
13267,1484,166.0,3.0,95.0,11.0,44089.0
13268,1484,153.0,2.0,99.0,11.0,0.0
13269,1484,166.0,3.0,95.0,11.0,110.0
13270,2607,158.0,7.0,57.0,2.0,348.0
13271,2607,158.0,7.0,57.0,2.0,3576.0
13272,2607,158.0,7.0,57.0,2.0,164.0
13273,2607,158.0,7.0,57.0,2.0,881.0
13274,2607,158.0,7.0,92.0,2.0,136.0
13275,2607,158.0,7.0,57.0,2.0,961.0
13276,2607,158.0,7.0,57.0,2.0,2211.0
13277,2607,81.0,0.0,0.0,2.0,568.0
13278,2607,81.0,0.0,0.0,2.0,483.0
13279,2607,81.0,0.0,0.0,2.0,245.0
13300,1719,158.0,0.0,0.0,0.0,256.0
13321,2247,118.0,3.0,101.0,8.0,308.0
13322,2247,159.0,3.0,93.0,8.0,1391.0
13323,2247,158.0,7.0,92.0,8.0,62728.0
13324,2247,81.0,7.0,50.0,8.0,45451.0
13325,2247,74.0,3.0,34.0,8.0,374.0
13326,2247,183.0,6.0,85.0,8.0,15082.0
13327,2308,158.0,7.0,57.0,6.0,771.0
13328,2308,118.0,3.0,101.0,6.0,1689.0
13329,2308,81.0,7.0,99.0,6.0,1997.0
13330,2308,118.0,3.0,101.0,6.0,1739.0
13331,2308,154.0,2.0,99.0,6.0,4782.0
13332,2308,165.0,3.0,78.0,6.0,228.0
13333,2308,154.0,2.0,99.0,6.0,2549.0
13334,2308,183.0,6.0,85.0,6.0,84595.0
13335,2308,56.0,7.0,26.0,6.0,551.0
13336,2308,158.0,7.0,57.0,6.0,15795.0
13370,2333,118.0,3.0,101.0,8.0,3610.0
13371,2333,118.0,3.0,101.0,8.0,3958.0
13372,2333,23.0,2.0,17.0,8.0,2769.0
13373,2333,36.0,0.0,0.0,8.0,11305.0
13374,2333,183.0,0.0,0.0,8.0,59806.0
13375,2333,158.0,7.0,57.0,8.0,16577.0
13376,2333,118.0,3.0,101.0,8.0,2948.0
13377,2333,36.0,0.0,0.0,8.0,118996.0
13378,2333,44.0,0.0,0.0,8.0,74.0
13379,2333,118.0,3.0,101.0,8.0,67.0
13380,1748,61.0,7.0,68.0,8.0,24155.0
13381,1748,88.0,0.0,0.0,8.0,107425.0
13382,1748,78.0,0.0,0.0,8.0,2607.0
13383,1748,88.0,0.0,0.0,8.0,12155.0
13384,1748,60.0,7.0,28.0,8.0,4395.0
13385,1748,131.0,0.0,0.0,8.0,399.0
13386,1748,19.0,0.0,0.0,8.0,511.0
13387,1748,19.0,0.0,0.0,8.0,18.0
13388,1748,47.0,0.0,0.0,8.0,563.0
13389,1748,151.0,0.0,0.0,8.0,1722.0
13487,442,158.0,7.0,100.0,8.0,14784.0
13488,442,77.0,0.0,0.0,8.0,10890.0
13489,442,81.0,0.0,0.0,8.0,16164.0
13490,442,158.0,7.0,57.0,8.0,50417.0
13491,442,154.0,2.0,99.0,8.0,2689.0
13492,442,154.0,2.0,99.0,8.0,1368.0
13493,442,81.0,7.0,99.0,8.0,127531.0
13494,442,118.0,3.0,101.0,8.0,1989.0
13495,442,77.0,0.0,0.0,8.0,22714.0
13496,442,118.0,3.0,101.0,8.0,109.0
13507,893,118.0,3.0,101.0,8.0,25.0
13508,893,158.0,7.0,57.0,8.0,14443.0
13509,893,118.0,3.0,101.0,8.0,0.0
13510,893,159.0,3.0,93.0,8.0,953.0
13511,893,23.0,2.0,17.0,8.0,59477.0
13512,893,81.0,7.0,99.0,8.0,260.0
13513,893,154.0,2.0,99.0,8.0,3047.0
13514,893,81.0,7.0,99.0,8.0,8949.0
13515,893,81.0,7.0,99.0,8.0,0.0
13516,893,154.0,2.0,99.0,8.0,1223.0
13557,1799,74.0,3.0,34.0,6.0,167.0
13558,1799,56.0,7.0,26.0,6.0,709.0
13559,1799,49.0,2.0,19.0,6.0,26294.0
13560,1799,74.0,3.0,34.0,6.0,183.0
13561,1799,56.0,7.0,26.0,6.0,337.0
13562,2690,158.0,7.0,57.0,0.0,368.0
13563,2690,158.0,7.0,92.0,0.0,44.0
13564,2690,153.0,2.0,99.0,0.0,937.0
13565,2690,150.0,3.0,41.0,0.0,1533.0
13566,2690,153.0,2.0,99.0,0.0,15460.0
13567,2690,158.0,7.0,92.0,0.0,3.0
13568,2690,150.0,3.0,41.0,0.0,134.0
13569,2690,181.0,3.0,84.0,0.0,147843.0
13570,2690,153.0,2.0,99.0,0.0,9293.0
13571,2690,74.0,3.0,34.0,11.0,1776.0
13582,2506,81.0,3.0,72.0,11.0,46.0
13583,2506,183.0,6.0,87.0,11.0,43214.0
13584,2506,6.0,0.0,0.0,11.0,5.0
13585,2506,54.0,0.0,0.0,11.0,388.0
13586,2506,181.0,3.0,84.0,11.0,411.0
13587,2506,91.0,7.0,91.0,11.0,431.0
13588,2506,116.0,1.0,62.0,11.0,18182.0
13589,2506,111.0,0.0,0.0,11.0,879.0
13590,2506,6.0,0.0,0.0,11.0,468.0
13591,2506,113.0,0.0,0.0,11.0,400.0
13618,1430,23.0,2.0,17.0,8.0,9465.0
13619,1430,31.0,6.0,20.0,8.0,521.0
13620,1430,74.0,3.0,34.0,8.0,1097.0
13621,1430,23.0,2.0,17.0,8.0,93401.0
13622,1430,23.0,2.0,17.0,8.0,12243.0
13623,1430,23.0,2.0,17.0,8.0,0.0
13624,1430,23.0,2.0,17.0,8.0,4241.0
13625,1430,165.0,3.0,78.0,8.0,67.0
13626,1430,142.0,0.0,0.0,8.0,4.0
13627,1430,165.0,3.0,78.0,8.0,148.0
13680,2437,81.0,7.0,99.0,6.0,550.0
13681,2437,165.0,3.0,78.0,6.0,62.0
13682,2437,118.0,3.0,101.0,6.0,62.0
13683,2437,81.0,7.0,99.0,6.0,1222.0
13684,2437,118.0,3.0,101.0,6.0,2676.0
13685,2437,158.0,7.0,92.0,6.0,30502.0
13686,2437,154.0,2.0,99.0,6.0,7762.0
13687,2437,154.0,2.0,99.0,6.0,15489.0
13688,2437,118.0,3.0,101.0,6.0,225.0
13689,2437,102.0,7.0,38.0,6.0,152602.0
13700,918,74.0,3.0,34.0,6.0,693.0
13701,918,56.0,7.0,26.0,6.0,6116.0
13702,918,56.0,7.0,26.0,6.0,772.0
13739,3072,118.0,3.0,101.0,8.0,602.0
13740,3072,56.0,7.0,26.0,8.0,5547.0
13741,3072,91.0,7.0,91.0,1.0,54.0
13742,3072,183.0,6.0,88.0,8.0,645.0
13743,3072,183.0,6.0,88.0,8.0,19051.0
13744,3072,168.0,0.0,0.0,1.0,24450.0
13745,3072,183.0,6.0,88.0,8.0,17873.0
13746,3072,60.0,7.0,28.0,8.0,2583.0
13747,3072,159.0,3.0,93.0,8.0,446.0
13748,3072,89.0,0.0,0.0,8.0,825771.0
13782,2028,88.0,0.0,0.0,8.0,18482.0
13783,2028,118.0,3.0,101.0,8.0,49191.0
13784,2028,158.0,7.0,57.0,8.0,1814.0
13785,2028,78.0,0.0,0.0,8.0,7722.0
13786,2028,56.0,7.0,26.0,8.0,1956.0
13787,2028,81.0,0.0,0.0,8.0,1139.0
13788,2028,74.0,3.0,34.0,8.0,8014.0
13789,2028,32.0,1.0,10.0,8.0,6272.0
13790,2028,107.0,0.0,0.0,8.0,167.0
13791,2028,49.0,2.0,19.0,8.0,22107.0
13850,1927,158.0,7.0,57.0,6.0,5839.0
13851,1927,118.0,3.0,101.0,6.0,27.0
13852,1927,81.0,7.0,99.0,6.0,30037.0
13853,1927,81.0,7.0,99.0,6.0,12520.0
13854,1927,81.0,7.0,99.0,6.0,3891.0
13855,1927,154.0,2.0,99.0,6.0,930.0
13856,1927,154.0,2.0,99.0,6.0,21988.0
13857,1927,74.0,3.0,34.0,6.0,496.0
13858,1927,23.0,2.0,17.0,6.0,1117.0
13859,1927,158.0,7.0,57.0,6.0,22756.0
13880,3254,118.0,3.0,101.0,6.0,1233.0
13881,3254,23.0,2.0,17.0,6.0,1029.0
13882,3254,16.0,2.0,20.0,6.0,3358.0
13883,3254,49.0,2.0,19.0,6.0,31163.0
13884,3254,60.0,7.0,28.0,6.0,28424.0
13885,3254,23.0,2.0,17.0,6.0,741.0
13886,3254,60.0,7.0,28.0,6.0,59543.0
13887,3254,158.0,7.0,57.0,6.0,105.0
13888,3254,60.0,7.0,28.0,6.0,72184.0
13889,3254,126.0,0.0,0.0,6.0,38817.0
13905,2348,49.0,2.0,19.0,6.0,27915.0
13906,2348,74.0,3.0,34.0,6.0,2784.0
13907,2348,56.0,7.0,26.0,6.0,725.0
13908,1374,118.0,3.0,101.0,8.0,12792.0
13909,1374,126.0,0.0,0.0,8.0,1832.0
13910,1374,37.0,5.0,55.0,8.0,3913.0
13911,1374,47.0,0.0,0.0,8.0,530.0
13912,1374,0.0,4.0,49.0,11.0,1322762.0
13913,1374,87.0,0.0,0.0,8.0,21276.0
13914,1374,23.0,2.0,17.0,8.0,556.0
13915,1374,86.0,0.0,0.0,8.0,28594.0
13916,1374,78.0,0.0,0.0,8.0,1125.0
13917,1374,158.0,7.0,92.0,8.0,4511.0
13948,2187,23.0,2.0,17.0,8.0,71.0
13949,2187,158.0,7.0,57.0,8.0,333.0
13950,2187,118.0,3.0,101.0,8.0,931.0
13951,2187,23.0,2.0,17.0,8.0,145.0
13952,2187,165.0,3.0,78.0,8.0,1671.0
13953,2187,23.0,2.0,17.0,8.0,15.0
13954,2187,158.0,7.0,57.0,8.0,4280.0
13955,2187,23.0,2.0,17.0,8.0,74.0
13956,2187,118.0,3.0,101.0,8.0,952.0
13957,2187,118.0,3.0,101.0,8.0,1150.0
13988,1800,81.0,7.0,99.0,6.0,1313.0
13989,1800,103.0,7.0,1.0,6.0,337.0
13990,1800,81.0,7.0,99.0,6.0,1250.0
13991,1800,103.0,7.0,1.0,6.0,467.0
13992,1800,118.0,3.0,101.0,6.0,4.0
13993,1800,118.0,3.0,101.0,6.0,855.0
13994,1800,118.0,3.0,101.0,6.0,54.0
13995,1800,81.0,0.0,0.0,6.0,53.0
13996,1800,158.0,7.0,57.0,6.0,159.0
13997,1800,158.0,7.0,92.0,6.0,409.0
13998,3105,165.0,3.0,78.0,6.0,293.0
13999,3105,154.0,2.0,99.0,6.0,8329.0
14000,3105,23.0,2.0,17.0,6.0,52.0
14001,3105,23.0,2.0,17.0,6.0,383.0
14002,3105,81.0,7.0,99.0,6.0,2517.0
14003,3105,154.0,2.0,99.0,6.0,2212.0
14004,3105,158.0,7.0,57.0,6.0,309.0
14005,3105,118.0,3.0,101.0,6.0,4495.0
14006,3105,165.0,3.0,78.0,6.0,524.0
14007,3105,81.0,7.0,99.0,6.0,1122.0
14104,2283,118.0,3.0,101.0,8.0,996.0
14105,2283,74.0,3.0,34.0,8.0,293.0
14106,2283,165.0,3.0,78.0,8.0,53.0
14107,2283,118.0,3.0,101.0,8.0,907.0
14108,2283,61.0,7.0,68.0,8.0,1556.0
14109,2283,118.0,3.0,101.0,8.0,963.0
14110,2283,23.0,2.0,17.0,8.0,7.0
14111,2283,9.0,2.0,14.0,8.0,208.0
14112,2283,23.0,2.0,17.0,8.0,53.0
14113,2283,23.0,2.0,17.0,8.0,65.0
14114,1763,154.0,2.0,99.0,6.0,3034.0
14115,1763,118.0,3.0,101.0,6.0,3296.0
14116,1763,154.0,2.0,99.0,6.0,1235.0
14117,1763,154.0,2.0,99.0,6.0,52090.0
14118,1763,118.0,3.0,101.0,6.0,15893.0
14119,1763,165.0,3.0,78.0,6.0,654.0
14120,1763,154.0,2.0,99.0,6.0,1206.0
14121,1763,131.0,0.0,0.0,6.0,1167.0
14122,1763,154.0,2.0,99.0,6.0,1260.0
14123,1763,23.0,2.0,17.0,6.0,689.0
14164,1261,54.0,6.0,24.0,8.0,16519.0
14165,1261,154.0,2.0,99.0,8.0,2602.0
14166,1261,154.0,2.0,99.0,8.0,33566.0
14167,1261,81.0,7.0,99.0,8.0,8941.0
14168,1261,118.0,3.0,101.0,8.0,1264.0
14169,1261,154.0,2.0,99.0,8.0,26634.0
14170,1261,119.0,0.0,0.0,8.0,677.0
14171,1261,154.0,2.0,99.0,8.0,25883.0
14172,1261,154.0,2.0,99.0,8.0,17322.0
14173,1261,56.0,7.0,26.0,8.0,769.0
14181,1894,165.0,3.0,78.0,6.0,148.0
14182,1894,49.0,2.0,19.0,6.0,18874.0
14183,1894,23.0,2.0,17.0,6.0,9.0
14184,1894,165.0,3.0,78.0,6.0,365.0
14185,1894,165.0,3.0,78.0,6.0,417.0
14186,1894,134.0,6.0,73.0,6.0,1308.0
14187,1894,133.0,7.0,50.0,6.0,906.0
14188,1894,154.0,2.0,99.0,6.0,14347.0
14189,1894,78.0,0.0,0.0,6.0,7092.0
14190,1894,118.0,3.0,101.0,6.0,905.0
14191,2364,118.0,3.0,101.0,10.0,22407.0
14192,2364,23.0,2.0,17.0,10.0,119.0
14193,2364,23.0,2.0,17.0,10.0,654.0
14194,2364,81.0,7.0,50.0,10.0,48784.0
14195,2364,23.0,2.0,17.0,10.0,3066.0
14196,2364,67.0,0.0,0.0,0.0,60.0
14197,2364,81.0,7.0,97.0,10.0,1259.0
14198,2364,165.0,3.0,78.0,10.0,29.0
14199,2364,9.0,2.0,14.0,10.0,13817.0
14200,2364,158.0,7.0,57.0,10.0,40745.0
14201,2708,56.0,7.0,26.0,6.0,1072.0
14202,2708,143.0,7.0,67.0,6.0,1235.0
14203,2708,56.0,7.0,26.0,6.0,699.0
14204,2708,56.0,7.0,26.0,6.0,724.0
14205,2708,143.0,7.0,67.0,6.0,9165.0
14206,2708,74.0,3.0,34.0,6.0,709.0
14207,2708,49.0,2.0,19.0,6.0,32424.0
14208,2708,56.0,7.0,26.0,6.0,239.0
14243,2393,81.0,7.0,99.0,6.0,4982.0
14244,2393,178.0,7.0,104.0,6.0,2754.0
14245,2393,81.0,7.0,99.0,6.0,14158.0
14246,2393,118.0,3.0,101.0,6.0,2611.0
14247,2393,158.0,7.0,57.0,6.0,17092.0
14248,2393,9.0,2.0,14.0,6.0,26733.0
14249,2393,118.0,3.0,101.0,6.0,2410.0
14250,2393,23.0,2.0,17.0,6.0,108.0
14251,2393,81.0,7.0,99.0,6.0,8094.0
14252,2393,81.0,7.0,99.0,6.0,1590.0
14253,2704,118.0,3.0,101.0,8.0,2115.0
14254,2704,81.0,7.0,99.0,8.0,1312378.0
14255,2704,77.0,0.0,0.0,8.0,750.0
14256,2704,86.0,0.0,0.0,8.0,28923.0
14257,2704,60.0,7.0,28.0,8.0,308749.0
14258,2704,61.0,7.0,68.0,8.0,748.0
14259,2704,126.0,0.0,0.0,8.0,429187.0
14260,2704,126.0,0.0,0.0,8.0,26992.0
14261,2704,49.0,2.0,19.0,11.0,499533.0
14262,2704,78.0,0.0,0.0,8.0,569680.0
14263,147,74.0,3.0,34.0,6.0,353.0
14264,147,154.0,2.0,99.0,6.0,4494.0
14265,147,154.0,2.0,99.0,6.0,1254.0
14266,147,81.0,7.0,99.0,6.0,166613.0
14267,147,118.0,3.0,101.0,6.0,33.0
14268,147,21.0,0.0,0.0,6.0,37.0
14269,147,154.0,2.0,99.0,6.0,3189.0
14270,147,10.0,0.0,0.0,6.0,89282.0
14271,147,118.0,3.0,101.0,6.0,727.0
14272,147,154.0,2.0,99.0,6.0,5136.0
14334,964,54.0,6.0,24.0,10.0,74471.0
14335,964,159.0,3.0,93.0,10.0,1024.0
14336,964,60.0,7.0,28.0,10.0,2645.0
14337,964,60.0,7.0,28.0,10.0,10648.0
14338,964,131.0,0.0,0.0,10.0,460.0
14339,964,158.0,7.0,92.0,10.0,376.0
14340,964,60.0,7.0,28.0,10.0,1312.0
14341,964,159.0,3.0,93.0,10.0,1767.0
14342,964,158.0,7.0,92.0,10.0,537975.0
14343,964,60.0,7.0,28.0,10.0,1832.0
14381,770,154.0,2.0,99.0,6.0,4186.0
14382,770,118.0,3.0,101.0,6.0,1142.0
14383,770,81.0,7.0,99.0,6.0,6490.0
14384,770,159.0,3.0,93.0,6.0,774.0
14385,770,158.0,7.0,57.0,6.0,28425.0
14386,770,158.0,7.0,92.0,6.0,3796.0
14387,770,165.0,3.0,78.0,6.0,94.0
14388,770,158.0,7.0,57.0,6.0,9546.0
14389,770,23.0,2.0,17.0,6.0,510.0
14390,770,81.0,7.0,99.0,6.0,1255.0
14441,1269,158.0,7.0,57.0,6.0,186404.0
14442,1269,118.0,3.0,101.0,6.0,2112.0
14443,1269,23.0,2.0,17.0,6.0,400.0
14444,1269,158.0,7.0,57.0,6.0,1501.0
14445,1269,118.0,3.0,101.0,6.0,1011.0
14446,1269,23.0,2.0,17.0,6.0,524.0
14447,1269,118.0,3.0,101.0,6.0,1043.0
14448,1269,158.0,7.0,57.0,6.0,11395.0
14449,1269,165.0,3.0,78.0,6.0,105.0
14450,1269,154.0,2.0,99.0,6.0,43547.0
14465,846,30.0,6.0,7.0,6.0,5574.0
14466,846,158.0,7.0,92.0,6.0,10116.0
14467,846,116.0,1.0,62.0,6.0,0.0
14468,846,30.0,6.0,7.0,6.0,9173.0
14469,846,103.0,7.0,1.0,6.0,595.0
14470,846,81.0,7.0,50.0,6.0,3429.0
14471,846,30.0,6.0,7.0,6.0,9858.0
14472,846,30.0,6.0,7.0,6.0,51011.0
14473,846,60.0,7.0,28.0,6.0,5623.0
14474,846,5.0,0.0,0.0,6.0,13063.0
14475,1986,23.0,2.0,17.0,6.0,21007.0
14476,1986,16.0,2.0,20.0,6.0,11186.0
14477,1986,60.0,7.0,28.0,6.0,20130.0
14478,1986,60.0,7.0,28.0,6.0,3291.0
14479,1986,49.0,2.0,19.0,6.0,0.0
14480,1986,31.0,6.0,20.0,6.0,167.0
14481,1986,165.0,3.0,78.0,6.0,1687.0
14482,1986,165.0,3.0,78.0,6.0,553.0
14483,1986,56.0,7.0,26.0,6.0,8929.0
14484,1986,56.0,7.0,26.0,6.0,587.0
14485,623,118.0,3.0,101.0,8.0,748.0
14486,623,56.0,7.0,26.0,8.0,413.0
14487,623,118.0,3.0,101.0,8.0,1266.0
14488,623,49.0,2.0,19.0,8.0,488170.0
14489,623,23.0,2.0,17.0,8.0,487.0
14490,623,154.0,2.0,99.0,8.0,1232.0
14491,623,154.0,2.0,99.0,8.0,8272.0
14492,623,118.0,3.0,101.0,8.0,1063.0
14493,623,154.0,2.0,99.0,8.0,565.0
14494,623,158.0,7.0,57.0,8.0,6171.0
14495,2941,56.0,7.0,26.0,6.0,8746.0
14496,2941,118.0,3.0,101.0,6.0,1080.0
14497,2941,54.0,6.0,24.0,6.0,31144.0
14498,2941,31.0,6.0,20.0,6.0,882.0
14499,2941,23.0,2.0,17.0,6.0,886.0
14500,2941,158.0,7.0,57.0,6.0,207.0
14501,2941,61.0,7.0,68.0,6.0,935.0
14502,2941,131.0,0.0,0.0,6.0,630.0
14503,2941,81.0,7.0,99.0,6.0,2327.0
14504,2941,158.0,7.0,92.0,6.0,24.0
14535,1648,153.0,2.0,99.0,11.0,45506.0
14536,1648,153.0,2.0,99.0,11.0,38954.0
14537,1648,158.0,7.0,92.0,11.0,87.0
14538,1648,150.0,3.0,41.0,11.0,91.0
14539,1648,158.0,7.0,92.0,11.0,80.0
14540,1648,150.0,3.0,41.0,11.0,26.0
14541,1648,150.0,3.0,41.0,11.0,11203.0
14542,1648,158.0,7.0,92.0,11.0,39.0
14543,1648,150.0,3.0,41.0,11.0,104.0
14544,1648,158.0,7.0,57.0,11.0,4.0
14545,2037,49.0,2.0,19.0,6.0,28635.0
14546,2037,81.0,0.0,0.0,6.0,5.0
14547,2037,56.0,7.0,26.0,6.0,463.0
14548,2037,60.0,7.0,28.0,6.0,844.0
14549,2037,60.0,7.0,28.0,6.0,5678.0
14550,2037,74.0,3.0,34.0,6.0,582.0
14551,2037,61.0,7.0,68.0,6.0,2287.0
14552,2037,56.0,7.0,26.0,6.0,1429.0
14553,2037,81.0,7.0,50.0,6.0,882.0
14554,2037,60.0,7.0,28.0,6.0,31712.0
14555,1111,134.0,6.0,73.0,8.0,665.0
14556,1111,158.0,7.0,57.0,8.0,7577.0
14557,1111,74.0,3.0,34.0,8.0,807.0
14558,1111,116.0,1.0,62.0,8.0,4124.0
14559,1111,56.0,7.0,26.0,8.0,574.0
14560,1111,165.0,3.0,78.0,8.0,31.0
14561,1111,147.0,7.0,60.0,8.0,13673.0
14562,1111,147.0,6.0,65.0,8.0,17050.0
14563,1111,118.0,3.0,101.0,8.0,961.0
14564,1111,133.0,7.0,50.0,8.0,352737.0
14591,798,154.0,2.0,99.0,10.0,37887.0
14592,798,10.0,0.0,0.0,10.0,15054.0
14593,798,147.0,7.0,60.0,10.0,584.0
14594,798,181.0,3.0,84.0,0.0,10686.0
14595,798,154.0,2.0,99.0,10.0,14515.0
14596,798,23.0,2.0,17.0,10.0,2242.0
14597,798,154.0,2.0,99.0,10.0,4067.0
14598,798,158.0,7.0,57.0,0.0,98712.0
14599,798,154.0,2.0,99.0,10.0,8825.0
14600,798,154.0,2.0,99.0,10.0,3801.0
14601,1219,151.0,0.0,0.0,8.0,1332.0
14602,1219,31.0,6.0,20.0,8.0,1002.0
14603,1219,61.0,7.0,68.0,8.0,1054.0
14604,1219,61.0,7.0,68.0,8.0,635.0
14605,1219,74.0,3.0,34.0,8.0,254.0
14606,1219,143.0,7.0,67.0,8.0,563.0
14607,1219,16.0,2.0,20.0,8.0,3514.0
14608,1219,78.0,0.0,0.0,8.0,1949.0
14609,1219,9.0,2.0,14.0,8.0,3.0
14610,1219,158.0,7.0,57.0,8.0,405.0
14655,2775,49.0,2.0,19.0,6.0,14460.0
14656,2775,78.0,0.0,0.0,6.0,2446.0
14657,2775,60.0,7.0,28.0,6.0,1112.0
14658,2775,165.0,3.0,78.0,6.0,11341.0
14659,2775,103.0,7.0,1.0,6.0,1468.0
14660,2775,85.0,0.0,0.0,6.0,94474.0
14661,2775,143.0,7.0,67.0,6.0,1325.0
14662,2775,158.0,7.0,92.0,6.0,127.0
14663,2775,22.0,0.0,0.0,6.0,69.0
14664,2775,78.0,0.0,0.0,6.0,10610.0
14685,542,23.0,2.0,17.0,6.0,29.0
14686,542,158.0,7.0,57.0,6.0,0.0
14687,542,158.0,7.0,92.0,6.0,12739.0
14688,542,23.0,2.0,17.0,6.0,766.0
14689,542,154.0,2.0,99.0,6.0,0.0
14690,542,158.0,7.0,57.0,6.0,14000.0
14691,542,81.0,7.0,99.0,6.0,13963.0
14692,542,133.0,7.0,50.0,6.0,648.0
14693,542,23.0,2.0,17.0,6.0,940.0
14694,542,158.0,7.0,57.0,6.0,294.0
14695,2344,158.0,7.0,57.0,0.0,4625.0
14696,2344,81.0,0.0,0.0,1.0,871.0
14697,2344,183.0,6.0,85.0,1.0,5799.0
14698,2344,166.0,3.0,95.0,1.0,1537.0
14699,2344,153.0,2.0,99.0,1.0,888.0
14700,2344,81.0,0.0,0.0,1.0,57.0
14701,2344,153.0,2.0,99.0,1.0,833.0
14702,2344,153.0,2.0,99.0,1.0,2373.0
14703,2344,153.0,2.0,99.0,1.0,677.0
14704,2344,153.0,2.0,99.0,1.0,2999.0
14730,2972,103.0,6.0,53.0,11.0,2213.0
14731,2972,6.0,0.0,0.0,0.0,682.0
14732,2972,158.0,0.0,0.0,0.0,131.0
14733,2972,183.0,6.0,87.0,11.0,8545.0
14734,2972,91.0,7.0,91.0,11.0,926.0
14745,124,60.0,7.0,28.0,8.0,79763.0
14746,124,158.0,7.0,92.0,8.0,409.0
14747,124,183.0,6.0,88.0,8.0,277863.0
14748,124,81.0,7.0,99.0,8.0,33184.0
14749,124,51.0,0.0,0.0,0.0,688.0
14750,124,61.0,7.0,68.0,8.0,14181.0
14751,124,61.0,7.0,68.0,8.0,19492.0
14752,124,87.0,0.0,0.0,8.0,20119.0
14753,124,60.0,7.0,28.0,8.0,2448.0
14754,124,6.0,0.0,0.0,0.0,987.0
14765,2387,178.0,7.0,104.0,6.0,6292.0
14766,2387,147.0,7.0,60.0,6.0,4325.0
14767,2387,147.0,6.0,65.0,6.0,83924.0
14768,2387,60.0,7.0,28.0,6.0,4905.0
14769,2387,56.0,7.0,26.0,6.0,682.0
14770,2387,82.0,0.0,0.0,0.0,12157.0
14771,2387,116.0,1.0,62.0,6.0,6603.0
14772,2387,126.0,0.0,0.0,6.0,33562.0
14773,2387,81.0,7.0,99.0,6.0,29272.0
14774,2387,30.0,6.0,7.0,6.0,37434.0
14775,3084,178.0,7.0,104.0,6.0,700.0
14776,3084,154.0,2.0,99.0,6.0,347.0
14777,3084,154.0,2.0,99.0,6.0,2825.0
14778,3084,36.0,0.0,0.0,6.0,75324.0
14779,3084,81.0,7.0,50.0,6.0,2348.0
14780,3084,74.0,3.0,34.0,6.0,3304.0
14781,3084,133.0,7.0,50.0,6.0,1595.0
14782,3084,78.0,0.0,0.0,11.0,2779.0
14783,3084,154.0,2.0,99.0,6.0,14448.0
14784,3084,154.0,2.0,99.0,6.0,30102.0
14855,1961,154.0,2.0,99.0,6.0,4958.0
14856,1961,154.0,2.0,99.0,6.0,1725.0
14857,1961,158.0,7.0,57.0,6.0,11986.0
14858,1961,100.0,7.0,97.0,6.0,10837.0
14859,1961,165.0,3.0,78.0,6.0,68.0
14860,1961,23.0,2.0,17.0,6.0,428.0
14861,1961,81.0,7.0,97.0,6.0,342.0
14862,1961,165.0,3.0,78.0,6.0,14.0
14863,1961,49.0,2.0,19.0,6.0,199632.0
14864,1961,165.0,3.0,78.0,6.0,25.0
14885,1539,74.0,3.0,34.0,8.0,909.0
14886,1539,56.0,7.0,26.0,8.0,3355.0
14887,1539,158.0,0.0,0.0,0.0,461.0
14888,1539,6.0,0.0,0.0,0.0,42023.0
14889,1539,31.0,6.0,20.0,8.0,583.0
14890,1539,56.0,7.0,26.0,8.0,948.0
14891,1539,56.0,7.0,26.0,8.0,65676.0
14892,1539,49.0,2.0,19.0,8.0,90084.0
14893,1539,142.0,0.0,0.0,8.0,55.0
14914,3146,31.0,6.0,20.0,6.0,778.0
14935,331,91.0,7.0,91.0,11.0,129.0
14936,331,10.0,0.0,0.0,6.0,0.0
14937,331,103.0,7.0,1.0,11.0,715.0
14938,331,32.0,1.0,10.0,6.0,34143.0
14939,331,157.0,0.0,0.0,11.0,270.0
14940,331,81.0,0.0,0.0,6.0,1314.0
14941,331,183.0,6.0,87.0,11.0,2491.0
14942,331,118.0,3.0,101.0,6.0,1186.0
14943,331,49.0,2.0,19.0,11.0,203583.0
14944,331,154.0,2.0,99.0,6.0,84230.0
14945,2964,103.0,7.0,1.0,5.0,1215.0
14946,2964,81.0,0.0,0.0,5.0,4114.0
14947,2964,103.0,7.0,1.0,5.0,898.0
14948,2964,50.0,6.0,54.0,5.0,246193.0
14949,2964,187.0,0.0,0.0,5.0,28799.0
14950,2964,81.0,0.0,0.0,5.0,2998.0
14951,2964,87.0,0.0,0.0,5.0,25408.0
14952,2964,178.0,7.0,104.0,5.0,1770.0
14953,2964,60.0,7.0,28.0,5.0,527.0
14954,2964,78.0,0.0,0.0,5.0,773.0
14975,1310,158.0,7.0,57.0,8.0,3052.0
14976,1310,154.0,2.0,99.0,8.0,5013.0
14977,1310,165.0,3.0,78.0,8.0,51.0
14978,1310,154.0,2.0,99.0,8.0,1000.0
14979,1310,23.0,2.0,17.0,8.0,778.0
14980,1310,118.0,3.0,101.0,8.0,2184.0
14981,1310,74.0,3.0,34.0,8.0,6912.0
14982,1310,107.0,0.0,0.0,8.0,18.0
14983,1310,23.0,2.0,17.0,8.0,2293.0
14984,1310,118.0,3.0,101.0,8.0,45.0
14995,2480,147.0,7.0,60.0,6.0,280.0
14996,2480,23.0,2.0,17.0,6.0,47.0
14997,2480,133.0,7.0,50.0,6.0,771.0
14998,2480,165.0,3.0,78.0,6.0,926.0
14999,2480,147.0,7.0,60.0,6.0,3567.0
15000,2480,116.0,1.0,62.0,6.0,14731.0
15001,2480,133.0,7.0,50.0,6.0,606.0
15002,2480,54.0,6.0,24.0,6.0,463740.0
15003,2480,56.0,7.0,26.0,6.0,404.0
15004,2480,33.0,6.0,43.0,6.0,557.0
15005,193,78.0,0.0,0.0,6.0,1231.0
15006,193,81.0,0.0,0.0,6.0,2482.0
15007,193,178.0,7.0,104.0,6.0,120748.0
15008,193,81.0,0.0,0.0,6.0,32751.0
15009,193,86.0,0.0,0.0,6.0,65588.0
15010,193,19.0,0.0,0.0,6.0,663.0
15011,193,50.0,6.0,54.0,6.0,7994.0
15012,193,187.0,0.0,0.0,6.0,26686.0
15013,193,19.0,0.0,0.0,6.0,1540.0
15014,193,54.0,6.0,24.0,6.0,17374.0
15035,133,81.0,3.0,72.0,11.0,73097.0
15036,133,181.0,3.0,84.0,11.0,228.0
15037,133,6.0,0.0,0.0,11.0,36.0
15038,133,6.0,0.0,0.0,0.0,62.0
15039,133,158.0,7.0,57.0,11.0,40.0
15040,133,6.0,0.0,0.0,11.0,22961.0
15041,133,158.0,7.0,92.0,11.0,110.0
15042,133,81.0,3.0,72.0,11.0,1159.0
15043,133,43.0,2.0,20.0,11.0,58213.0
15044,133,54.0,0.0,0.0,11.0,1114.0
15074,1049,39.0,7.0,12.0,6.0,1832.0
15075,1049,56.0,7.0,26.0,6.0,1381.0
15076,1049,95.0,2.0,51.0,6.0,171132.0
15077,1049,158.0,7.0,92.0,6.0,366.0
15078,1049,61.0,7.0,68.0,6.0,770.0
15079,1049,81.0,7.0,50.0,6.0,42276.0
15080,1049,134.0,6.0,73.0,6.0,1353.0
15081,1049,29.0,0.0,0.0,6.0,84.0
15082,1049,147.0,6.0,65.0,6.0,118641.0
15083,1049,147.0,7.0,60.0,6.0,2226.0
15094,196,74.0,3.0,34.0,6.0,751.0
15095,196,23.0,2.0,17.0,6.0,454.0
15096,196,154.0,2.0,99.0,6.0,23504.0
15097,196,165.0,3.0,78.0,6.0,44.0
15098,196,165.0,3.0,78.0,6.0,178712.0
15099,196,154.0,2.0,99.0,6.0,12574.0
15100,196,154.0,2.0,99.0,6.0,17096.0
15101,196,154.0,2.0,99.0,6.0,2621.0
15102,196,158.0,7.0,57.0,6.0,331.0
15103,196,165.0,3.0,78.0,6.0,1079.0
15125,1764,165.0,3.0,78.0,6.0,152.0
15126,1764,100.0,7.0,97.0,6.0,35284.0
15127,1764,158.0,7.0,57.0,6.0,3853.0
15128,1764,183.0,6.0,85.0,6.0,88252.0
15129,1764,154.0,2.0,99.0,6.0,8214.0
15130,1764,118.0,3.0,101.0,6.0,17097.0
15131,1764,158.0,7.0,100.0,6.0,24790.0
15132,1764,154.0,2.0,99.0,6.0,4328.0
15133,1764,23.0,2.0,17.0,6.0,345.0
15134,1764,105.0,0.0,0.0,6.0,5416.0
15135,2502,32.0,1.0,10.0,6.0,1398034.0
15136,2502,85.0,0.0,0.0,6.0,183059.0
15137,2502,73.0,0.0,0.0,6.0,1705.0
15138,2502,56.0,7.0,26.0,6.0,505.0
15139,2502,47.0,0.0,0.0,6.0,10243.0
15140,2502,78.0,0.0,0.0,6.0,3495.0
15141,2502,54.0,6.0,24.0,6.0,21995.0
15142,2502,187.0,0.0,0.0,6.0,81407.0
15143,2502,86.0,0.0,0.0,6.0,36816.0
15144,2502,49.0,2.0,19.0,6.0,42788.0
15175,2429,74.0,3.0,34.0,8.0,5304.0
15176,2429,183.0,6.0,85.0,8.0,37336.0
15177,2429,183.0,6.0,85.0,8.0,33618.0
15178,2429,154.0,2.0,99.0,8.0,57050.0
15179,2429,54.0,0.0,0.0,8.0,62169.0
15180,2429,183.0,6.0,85.0,8.0,67422.0
15181,2429,183.0,6.0,85.0,8.0,36190.0
15182,2429,118.0,3.0,101.0,8.0,7712.0
15183,2429,81.0,7.0,102.0,8.0,10364.0
15184,2429,81.0,7.0,99.0,8.0,71073.0
15205,314,44.0,7.0,97.0,1.0,39696.0
15206,314,153.0,2.0,99.0,1.0,1176.0
15207,314,153.0,2.0,99.0,1.0,299.0
15208,314,81.0,0.0,0.0,1.0,9744.0
15209,314,153.0,2.0,99.0,1.0,17.0
15210,314,153.0,2.0,99.0,1.0,3736.0
15211,314,44.0,7.0,97.0,1.0,313.0
15212,314,153.0,2.0,99.0,1.0,414.0
15213,314,6.0,0.0,0.0,1.0,132.0
15214,314,6.0,0.0,0.0,1.0,96.0
15215,2657,23.0,2.0,17.0,6.0,386.0
15216,2657,74.0,3.0,34.0,6.0,742.0
15217,2657,74.0,3.0,34.0,6.0,604.0
15218,2657,23.0,2.0,17.0,6.0,4482.0
15219,2657,23.0,2.0,17.0,6.0,3903.0
15220,2657,78.0,0.0,0.0,6.0,2162.0
15221,2657,23.0,2.0,17.0,6.0,0.0
15222,2657,158.0,7.0,57.0,6.0,1042950.0
15223,2657,80.0,7.0,58.0,6.0,0.0
15224,2657,74.0,3.0,34.0,6.0,173.0
15235,3085,81.0,7.0,99.0,10.0,29717.0
15236,3085,23.0,2.0,17.0,10.0,752.0
15237,3085,74.0,3.0,34.0,11.0,1294.0
15238,3085,23.0,2.0,17.0,10.0,1641.0
15239,3085,81.0,7.0,99.0,10.0,19385.0
15240,3085,165.0,3.0,78.0,10.0,159.0
15241,3085,165.0,3.0,78.0,10.0,312.0
15242,3085,118.0,3.0,101.0,10.0,3210.0
15243,3085,74.0,3.0,34.0,10.0,3619.0
15244,3085,56.0,7.0,26.0,11.0,476.0
15326,1439,74.0,3.0,34.0,8.0,457.0
15327,1439,81.0,7.0,102.0,8.0,92.0
15328,1439,158.0,7.0,57.0,8.0,1404.0
15329,1439,49.0,2.0,19.0,8.0,422114.0
15330,1439,165.0,3.0,78.0,8.0,1724.0
15331,1439,165.0,3.0,78.0,8.0,52.0
15332,1439,81.0,7.0,99.0,8.0,2163.0
15333,1439,142.0,0.0,0.0,8.0,245.0
15334,1439,23.0,2.0,17.0,8.0,2042.0
15335,1439,158.0,7.0,57.0,8.0,160131.0
15376,1045,74.0,3.0,34.0,11.0,5454.0
15377,1045,183.0,6.0,85.0,8.0,4138.0
15378,1045,81.0,7.0,99.0,8.0,1860.0
15379,1045,81.0,7.0,99.0,8.0,19284.0
15380,1045,183.0,6.0,88.0,8.0,278385.0
15381,1045,158.0,0.0,0.0,0.0,1407.0
15382,1045,181.0,3.0,84.0,0.0,4951.0
15383,1045,183.0,6.0,88.0,8.0,4618.0
15384,1045,23.0,2.0,17.0,8.0,914.0
15385,1045,183.0,6.0,88.0,8.0,21472.0
15407,618,153.0,2.0,99.0,1.0,11882.0
15408,618,153.0,2.0,99.0,1.0,7696.0
15409,618,44.0,7.0,97.0,1.0,182.0
15410,618,153.0,2.0,99.0,1.0,3759.0
15411,618,44.0,7.0,97.0,1.0,211.0
15412,618,158.0,7.0,57.0,1.0,2959.0
15413,618,44.0,7.0,97.0,1.0,10405.0
15414,618,81.0,0.0,0.0,1.0,831.0
15415,618,158.0,7.0,92.0,1.0,365.0
15416,618,158.0,7.0,57.0,1.0,1784.0
15427,2730,165.0,3.0,78.0,8.0,142.0
15428,2730,74.0,3.0,34.0,8.0,535.0
15429,2730,23.0,2.0,17.0,8.0,75628.0
15430,2730,183.0,6.0,85.0,8.0,3628.0
15431,2730,23.0,2.0,17.0,8.0,28771.0
15432,2730,49.0,2.0,19.0,2.0,141640.0
15433,2730,165.0,3.0,78.0,8.0,173.0
15434,2730,118.0,3.0,101.0,8.0,254.0
15460,431,158.0,7.0,57.0,6.0,128.0
15461,431,19.0,0.0,0.0,6.0,6757.0
15462,431,154.0,2.0,99.0,6.0,1906.0
15463,431,178.0,7.0,104.0,6.0,673.0
15464,431,46.0,0.0,0.0,6.0,7479.0
15465,431,187.0,0.0,0.0,6.0,29072.0
15466,431,178.0,7.0,104.0,6.0,0.0
15467,431,154.0,2.0,99.0,6.0,1052.0
15468,431,78.0,0.0,0.0,6.0,1441.0
15469,431,158.0,7.0,92.0,6.0,410.0
15470,983,158.0,7.0,57.0,6.0,140.0
15471,983,158.0,7.0,57.0,6.0,20355.0
15472,983,114.0,7.0,2.0,6.0,27.0
15473,983,50.0,6.0,54.0,6.0,12461.0
15474,983,66.0,0.0,0.0,0.0,14671.0
15475,983,165.0,3.0,78.0,6.0,174.0
15476,983,102.0,7.0,38.0,6.0,12125.0
15477,983,183.0,6.0,85.0,6.0,5837.0
15478,983,165.0,3.0,78.0,6.0,134.0
15479,983,183.0,6.0,85.0,6.0,21383.0
15560,2942,158.0,7.0,57.0,0.0,142752.0
15561,2942,81.0,7.0,48.0,0.0,19005.0
15562,2942,153.0,2.0,99.0,0.0,25022.0
15563,2942,158.0,7.0,92.0,0.0,241.0
15564,2942,158.0,7.0,57.0,0.0,9227.0
15565,2942,158.0,7.0,57.0,0.0,13298.0
15566,2942,158.0,7.0,92.0,0.0,37.0
15567,2942,158.0,7.0,92.0,0.0,2057.0
15568,2942,150.0,3.0,41.0,0.0,1766.0
15569,2942,158.0,7.0,92.0,0.0,165.0
15600,2003,31.0,6.0,20.0,6.0,435.0
15601,2003,56.0,7.0,26.0,6.0,396.0
15602,2003,74.0,3.0,34.0,6.0,1804.0
15603,2003,49.0,2.0,19.0,6.0,20946.0
15604,3233,116.0,1.0,62.0,6.0,51225.0
15605,3233,147.0,7.0,60.0,6.0,714.0
15606,3233,7.0,0.0,0.0,6.0,157.0
15607,3233,95.0,2.0,51.0,6.0,6.0
15608,3233,80.0,7.0,58.0,6.0,5568.0
15609,3233,54.0,6.0,25.0,6.0,0.0
15610,3233,96.0,2.0,52.0,6.0,96089.0
15611,3233,95.0,2.0,51.0,6.0,29421.0
15612,3233,96.0,2.0,52.0,6.0,11787.0
15613,3233,147.0,7.0,60.0,6.0,1117.0
15656,1686,158.0,7.0,57.0,6.0,157.0
15657,1686,118.0,3.0,101.0,6.0,691.0
15658,1686,158.0,7.0,57.0,6.0,342.0
15659,1686,23.0,2.0,17.0,6.0,2.0
15660,1686,23.0,2.0,17.0,6.0,4038.0
15661,1686,165.0,3.0,78.0,6.0,383.0
15662,1686,118.0,3.0,101.0,6.0,541.0
15663,1686,159.0,3.0,93.0,6.0,1024.0
15664,1686,165.0,3.0,78.0,6.0,3075.0
15665,1686,74.0,3.0,34.0,6.0,600.0
15686,148,159.0,3.0,93.0,8.0,1082.0
15687,148,158.0,7.0,57.0,11.0,1.0
15688,148,150.0,3.0,41.0,11.0,30006.0
15689,148,44.0,7.0,97.0,11.0,2431.0
15690,148,23.0,2.0,17.0,8.0,29.0
15691,148,158.0,7.0,92.0,11.0,1439.0
15692,148,157.0,0.0,0.0,11.0,40.0
15693,148,88.0,0.0,0.0,8.0,53203.0
15694,148,161.0,7.0,76.0,8.0,18153.0
15695,148,183.0,6.0,87.0,11.0,64410.0
15696,1723,118.0,3.0,101.0,6.0,827.0
15697,1723,147.0,6.0,65.0,6.0,933.0
15698,1723,158.0,7.0,57.0,6.0,1674.0
15699,1723,102.0,7.0,38.0,6.0,4793.0
15700,1723,158.0,7.0,57.0,6.0,1555.0
15701,1723,77.0,0.0,0.0,6.0,298.0
15702,1723,56.0,7.0,26.0,6.0,500.0
15703,1723,171.0,0.0,0.0,6.0,40744.0
15704,1723,154.0,2.0,99.0,6.0,774.0
15705,1723,54.0,6.0,24.0,6.0,40898.0
15756,409,158.0,7.0,57.0,8.0,694.0
15757,409,159.0,3.0,93.0,8.0,712.0
15758,409,60.0,7.0,28.0,8.0,1243587.0
15759,409,81.0,7.0,99.0,8.0,42228.0
15760,409,23.0,2.0,17.0,8.0,16238.0
15761,409,165.0,3.0,78.0,8.0,54.0
15762,409,81.0,7.0,99.0,8.0,1277.0
15763,409,165.0,3.0,78.0,8.0,116.0
15764,409,81.0,7.0,50.0,8.0,40579.0
15765,409,118.0,3.0,101.0,8.0,898.0
15780,100,36.0,0.0,0.0,10.0,380937.0
15781,100,118.0,3.0,101.0,10.0,2132.0
15782,100,36.0,0.0,0.0,10.0,6518.0
15783,100,158.0,7.0,57.0,10.0,25090.0
15784,100,154.0,2.0,99.0,10.0,30787.0
15785,100,118.0,3.0,101.0,10.0,2309.0
15786,100,23.0,2.0,17.0,10.0,1738.0
15787,100,158.0,7.0,57.0,10.0,600.0
15788,100,23.0,2.0,17.0,10.0,2295.0
15789,100,158.0,7.0,57.0,10.0,514.0
15790,1844,74.0,3.0,34.0,8.0,3682.0
15791,1844,39.0,7.0,12.0,8.0,2138.0
15792,1844,39.0,7.0,12.0,8.0,66055.0
15793,1844,118.0,3.0,101.0,8.0,1794.0
15794,1844,158.0,7.0,57.0,8.0,639.0
15795,1844,161.0,7.0,76.0,8.0,111248.0
15796,1844,158.0,7.0,57.0,8.0,534.0
15797,1844,165.0,3.0,78.0,8.0,1166.0
15798,1844,118.0,3.0,101.0,8.0,2150.0
15799,1844,23.0,2.0,17.0,8.0,59.0
15800,1491,49.0,2.0,19.0,6.0,19536.0
15801,1491,23.0,2.0,17.0,6.0,72.0
15802,1491,81.0,7.0,99.0,6.0,9438.0
15803,1491,158.0,7.0,57.0,6.0,13755.0
15804,1491,81.0,0.0,0.0,6.0,2633.0
15805,1491,118.0,3.0,101.0,6.0,291.0
15806,1491,154.0,2.0,99.0,6.0,1140.0
15807,1491,158.0,7.0,57.0,6.0,19510.0
15808,1491,183.0,6.0,85.0,6.0,42535.0
15809,1491,81.0,7.0,99.0,6.0,27065.0
15861,1377,150.0,3.0,41.0,11.0,231.0
15862,1377,44.0,7.0,97.0,11.0,583.0
15863,1377,158.0,7.0,92.0,11.0,43.0
15864,1377,166.0,3.0,95.0,11.0,648.0
15865,1377,166.0,3.0,95.0,11.0,40.0
15866,1377,150.0,3.0,41.0,11.0,36.0
15867,1377,158.0,7.0,92.0,11.0,51.0
15868,1377,183.0,6.0,85.0,11.0,250.0
15869,1377,74.0,3.0,34.0,8.0,2969.0
15870,1377,158.0,7.0,92.0,11.0,296.0
15978,1334,56.0,7.0,26.0,11.0,483.0
15979,1334,74.0,3.0,34.0,11.0,1599.0
15980,1334,49.0,2.0,19.0,11.0,165186.0
15981,1334,33.0,6.0,43.0,11.0,37707.0
15982,397,74.0,3.0,34.0,8.0,724.0
15983,397,118.0,3.0,101.0,8.0,1531.0
15984,397,154.0,2.0,99.0,8.0,6109.0
15985,397,154.0,2.0,99.0,8.0,8106.0
15986,397,118.0,3.0,101.0,8.0,1199.0
15987,397,81.0,7.0,99.0,8.0,5873.0
15988,397,165.0,3.0,78.0,8.0,149.0
15989,397,118.0,3.0,101.0,8.0,1380.0
15990,397,158.0,7.0,57.0,8.0,5022.0
15991,397,154.0,2.0,99.0,8.0,93149.0
16003,1105,81.0,3.0,72.0,11.0,22.0
16004,1105,153.0,2.0,99.0,11.0,336.0
16005,1105,158.0,7.0,92.0,11.0,3.0
16006,1105,153.0,2.0,99.0,11.0,10154.0
16007,1105,158.0,7.0,92.0,11.0,242.0
16008,1105,158.0,7.0,92.0,11.0,117.0
16009,1105,158.0,7.0,57.0,11.0,170.0
16010,1105,158.0,7.0,92.0,11.0,108.0
16011,1105,153.0,2.0,99.0,11.0,20952.0
16012,1105,166.0,3.0,95.0,11.0,68.0
16023,1873,158.0,7.0,57.0,11.0,12406.0
16024,1873,158.0,7.0,92.0,11.0,1035.0
16025,1873,153.0,2.0,99.0,11.0,7153.0
16026,1873,158.0,7.0,57.0,11.0,25.0
16027,1873,153.0,2.0,99.0,11.0,2573.0
16028,1873,43.0,2.0,11.0,11.0,58830.0
16029,1873,43.0,2.0,11.0,11.0,11111.0
16030,1873,112.0,3.0,61.0,11.0,714.0
16031,1873,81.0,3.0,72.0,11.0,8.0
16032,1873,153.0,2.0,99.0,11.0,40.0
16036,2499,158.0,7.0,57.0,6.0,14635.0
16037,2499,118.0,3.0,101.0,6.0,1152.0
16038,2499,118.0,3.0,101.0,6.0,879.0
16039,2499,118.0,3.0,101.0,6.0,607.0
16040,2499,158.0,7.0,57.0,6.0,10466.0
16041,2499,165.0,3.0,78.0,6.0,136.0
16042,2499,81.0,7.0,99.0,6.0,28770.0
16043,2499,60.0,7.0,28.0,6.0,4834.0
16044,2499,160.0,0.0,0.0,6.0,43042.0
16045,2499,165.0,3.0,78.0,6.0,124.0
16046,1945,77.0,0.0,0.0,8.0,5672.0
16047,1945,81.0,7.0,99.0,8.0,33956.0
16048,1945,77.0,0.0,0.0,8.0,1045.0
16049,1945,74.0,3.0,34.0,8.0,209.0
16050,1945,56.0,7.0,26.0,8.0,494.0
16051,1945,49.0,2.0,19.0,8.0,49418.0
16052,1945,158.0,7.0,56.0,8.0,23373.0
16053,1945,81.0,7.0,99.0,8.0,46607.0
16054,1945,81.0,7.0,99.0,8.0,12363.0
16065,2260,158.0,0.0,0.0,0.0,134.0
16076,3203,158.0,7.0,57.0,8.0,141.0
16077,3203,118.0,3.0,101.0,8.0,1399.0
16078,3203,165.0,3.0,78.0,8.0,6937.0
16079,3203,105.0,0.0,0.0,8.0,22487.0
16080,3203,81.0,7.0,99.0,8.0,1348.0
16081,3203,23.0,2.0,17.0,8.0,1063.0
16082,3203,158.0,7.0,56.0,8.0,2977.0
16083,3203,23.0,2.0,17.0,8.0,51.0
16084,3203,118.0,3.0,101.0,8.0,1228.0
16085,3203,23.0,2.0,17.0,8.0,114.0
16116,95,165.0,3.0,78.0,6.0,488.0
16117,95,165.0,3.0,78.0,6.0,997.0
16118,95,158.0,7.0,57.0,6.0,27089.0
16119,95,77.0,0.0,0.0,6.0,656.0
16120,95,81.0,0.0,0.0,6.0,9865.0
16121,95,81.0,7.0,50.0,6.0,7050.0
16122,95,154.0,2.0,99.0,6.0,8513.0
16123,95,118.0,3.0,101.0,6.0,1234.0
16124,95,154.0,2.0,99.0,6.0,34048.0
16125,95,64.0,0.0,0.0,6.0,988.0
16140,2351,158.0,0.0,0.0,0.0,121.0
16141,2351,74.0,3.0,34.0,11.0,1822.0
16142,2351,32.0,1.0,10.0,11.0,174751.0
16143,2351,56.0,7.0,26.0,11.0,634.0
16144,2351,43.0,2.0,20.0,11.0,58795.0
16145,2351,0.0,4.0,49.0,11.0,941965.0
16146,2351,43.0,2.0,18.0,11.0,627249.0
16147,2351,6.0,0.0,0.0,0.0,683259.0
16148,2351,49.0,2.0,19.0,11.0,23579.0
16199,2656,153.0,2.0,99.0,11.0,2338.0
16200,2656,153.0,2.0,99.0,11.0,3095.0
16201,2656,153.0,2.0,99.0,11.0,953.0
16202,2656,153.0,2.0,99.0,11.0,864.0
16203,2656,153.0,2.0,99.0,11.0,2005.0
16204,2656,153.0,2.0,99.0,11.0,979.0
16205,2656,153.0,2.0,99.0,11.0,1207.0
16206,2656,153.0,2.0,99.0,11.0,1254.0
16207,2656,153.0,2.0,99.0,11.0,1945.0
16208,2656,153.0,2.0,99.0,11.0,2313.0
16233,3165,165.0,3.0,78.0,8.0,132.0
16234,3165,158.0,7.0,57.0,8.0,27868.0
16235,3165,23.0,2.0,17.0,8.0,486.0
16236,3165,118.0,3.0,101.0,8.0,686.0
16237,3165,23.0,2.0,17.0,8.0,471.0
16238,3165,81.0,7.0,99.0,8.0,45515.0
16239,3165,23.0,2.0,17.0,8.0,446.0
16240,3165,154.0,2.0,99.0,8.0,11525.0
16241,3165,81.0,7.0,99.0,8.0,1495.0
16242,3165,158.0,7.0,57.0,8.0,21111.0
16243,1874,61.0,7.0,68.0,8.0,608.0
16244,1874,60.0,7.0,28.0,8.0,2071.0
16245,1874,74.0,3.0,34.0,8.0,1433.0
16246,1874,165.0,3.0,78.0,8.0,1390.0
16247,1874,142.0,0.0,0.0,8.0,566.0
16248,1874,158.0,7.0,92.0,11.0,33.0
16249,1874,183.0,6.0,87.0,11.0,3076.0
16250,1874,81.0,7.0,50.0,8.0,1422.0
16251,1874,158.0,7.0,57.0,8.0,373.0
16252,1874,23.0,2.0,17.0,8.0,1.0
16283,507,158.0,7.0,92.0,6.0,670.0
16284,507,54.0,0.0,0.0,6.0,15999.0
16285,507,165.0,3.0,78.0,6.0,52.0
16286,507,46.0,0.0,0.0,6.0,2769.0
16287,507,54.0,0.0,0.0,6.0,108935.0
16288,507,50.0,6.0,54.0,6.0,6561.0
16289,507,154.0,2.0,99.0,6.0,2967.0
16290,507,165.0,3.0,78.0,6.0,57.0
16291,507,54.0,0.0,0.0,6.0,35691.0
16292,507,118.0,3.0,101.0,6.0,311.0
16323,2446,23.0,2.0,17.0,8.0,817.0
16324,2446,118.0,3.0,101.0,8.0,69.0
16325,2446,158.0,7.0,57.0,8.0,98750.0
16326,2446,74.0,3.0,34.0,8.0,5582.0
16327,2793,23.0,2.0,17.0,8.0,1188.0
16328,2793,74.0,3.0,34.0,8.0,472.0
16329,2793,60.0,7.0,28.0,8.0,8540.0
16330,2793,54.0,6.0,24.0,8.0,21550.0
16331,2793,154.0,2.0,99.0,8.0,23008.0
16332,2793,154.0,2.0,99.0,8.0,8691.0
16333,2793,56.0,7.0,26.0,8.0,641.0
16334,2793,118.0,3.0,101.0,8.0,2369.0
16335,2793,49.0,2.0,19.0,8.0,34006.0
16336,2793,158.0,7.0,57.0,8.0,10018.0
16343,1056,158.0,7.0,57.0,6.0,35750.0
16344,1056,118.0,3.0,101.0,6.0,110.0
16345,1056,154.0,2.0,99.0,6.0,5242.0
16346,1056,54.0,0.0,0.0,6.0,1872.0
16347,1056,81.0,7.0,99.0,6.0,43217.0
16348,1056,16.0,2.0,20.0,6.0,34034.0
16349,1056,23.0,2.0,17.0,6.0,652.0
16350,1056,23.0,2.0,17.0,6.0,565.0
16351,1056,118.0,3.0,101.0,6.0,7536.0
16352,1056,118.0,3.0,101.0,6.0,13862.0
16443,2222,2.0,4.0,49.0,8.0,129000.0
16444,2222,147.0,7.0,60.0,8.0,2198.0
16445,2222,37.0,5.0,55.0,8.0,38670.0
16446,2222,147.0,7.0,60.0,8.0,882.0
16447,2222,146.0,2.0,70.0,8.0,8932.0
16448,2222,61.0,7.0,68.0,8.0,272303.0
16449,2222,61.0,7.0,68.0,8.0,791.0
16450,2222,50.0,6.0,54.0,8.0,234450.0
16451,2222,86.0,0.0,0.0,8.0,17181.0
16452,2222,49.0,2.0,19.0,8.0,12087.0
16453,1177,158.0,7.0,57.0,8.0,48567.0
16454,1177,154.0,2.0,99.0,8.0,2909.0
16455,1177,154.0,2.0,99.0,8.0,7224.0
16456,1177,154.0,2.0,99.0,8.0,1165.0
16457,1177,158.0,7.0,57.0,8.0,39.0
16458,1177,178.0,7.0,104.0,8.0,37650.0
16459,1177,165.0,3.0,78.0,8.0,9.0
16460,1177,23.0,2.0,17.0,8.0,1733.0
16461,1177,154.0,2.0,99.0,8.0,210.0
16462,1177,118.0,3.0,101.0,8.0,577.0
16473,2307,153.0,2.0,99.0,11.0,135527.0
16474,2307,158.0,7.0,92.0,11.0,15.0
16475,2307,150.0,3.0,41.0,11.0,52.0
16476,2307,158.0,7.0,92.0,11.0,52.0
16477,2307,150.0,3.0,41.0,11.0,13905.0
16478,2307,158.0,7.0,92.0,11.0,7.0
16479,2307,158.0,7.0,92.0,11.0,105.0
16480,2307,158.0,7.0,57.0,11.0,42.0
16481,2307,150.0,3.0,41.0,11.0,11565.0
16482,2307,158.0,7.0,92.0,11.0,7.0
16483,2931,147.0,7.0,60.0,6.0,1917.0
16484,2931,147.0,7.0,60.0,6.0,13055.0
16485,2931,178.0,7.0,104.0,6.0,451.0
16486,2931,187.0,0.0,0.0,6.0,38164.0
16487,2931,54.0,6.0,24.0,6.0,224691.0
16488,2931,30.0,6.0,7.0,6.0,271397.0
16489,2931,74.0,3.0,34.0,6.0,4146.0
16490,2931,39.0,7.0,12.0,6.0,36466.0
16491,2931,147.0,6.0,65.0,6.0,7442.0
16492,2931,116.0,1.0,62.0,6.0,116398.0
16493,1841,23.0,2.0,17.0,8.0,944.0
16494,1841,158.0,7.0,57.0,8.0,433.0
16495,1841,118.0,3.0,101.0,8.0,547.0
16496,1841,118.0,3.0,101.0,8.0,657.0
16497,1841,23.0,2.0,17.0,8.0,479.0
16498,1841,154.0,2.0,99.0,8.0,24499.0
16499,1841,31.0,6.0,20.0,8.0,999.0
16500,1841,49.0,2.0,19.0,8.0,1427545.0
16501,1841,118.0,3.0,101.0,8.0,676.0
16502,1841,158.0,7.0,57.0,8.0,75951.0
16503,1893,118.0,3.0,101.0,8.0,191713.0
16504,1893,23.0,2.0,17.0,8.0,736.0
16505,1893,118.0,3.0,101.0,8.0,1323.0
16506,1893,74.0,3.0,34.0,8.0,3868.0
16507,1774,33.0,6.0,43.0,8.0,17859.0
16508,1774,183.0,6.0,85.0,8.0,14272.0
16509,1774,23.0,2.0,17.0,8.0,736.0
16510,1774,74.0,3.0,34.0,8.0,974.0
16511,1774,154.0,2.0,99.0,8.0,9258.0
16512,1774,165.0,3.0,78.0,8.0,537.0
16513,1774,54.0,0.0,0.0,8.0,23481.0
16514,1774,158.0,7.0,57.0,8.0,39059.0
16515,1774,23.0,2.0,17.0,8.0,619.0
16516,1774,154.0,2.0,99.0,8.0,103767.0
16552,1885,74.0,3.0,34.0,6.0,411.0
16553,48,181.0,3.0,84.0,11.0,252.0
16554,48,153.0,2.0,99.0,11.0,18363.0
16555,48,158.0,7.0,92.0,11.0,234.0
16556,48,54.0,0.0,0.0,11.0,479.0
16557,48,150.0,3.0,41.0,11.0,3046.0
16558,48,166.0,3.0,95.0,11.0,1056.0
16559,48,158.0,7.0,92.0,11.0,43.0
16560,48,166.0,3.0,95.0,11.0,747.0
16561,48,153.0,2.0,99.0,11.0,11648.0
16562,48,166.0,3.0,95.0,11.0,850.0
16603,995,74.0,3.0,34.0,8.0,344.0
16604,995,56.0,7.0,26.0,8.0,502.0
16605,995,56.0,7.0,26.0,8.0,974.0
16606,995,49.0,2.0,19.0,8.0,212844.0
16607,1228,118.0,3.0,101.0,6.0,543.0
16608,1228,154.0,2.0,99.0,6.0,55298.0
16609,1228,118.0,3.0,101.0,6.0,6825.0
16610,1228,81.0,7.0,99.0,6.0,2119.0
16611,1228,154.0,2.0,99.0,6.0,14363.0
16612,1228,23.0,2.0,17.0,6.0,1085.0
16613,1228,118.0,3.0,101.0,6.0,3276.0
16614,1228,118.0,3.0,101.0,6.0,2973.0
16615,1228,81.0,7.0,99.0,6.0,1090.0
16616,1228,165.0,3.0,78.0,6.0,2257.0
16617,1620,174.0,2.0,42.0,8.0,17845.0
16618,1620,54.0,0.0,0.0,8.0,176597.0
16619,1620,154.0,2.0,99.0,8.0,3524.0
16620,1620,165.0,3.0,78.0,8.0,218.0
16621,1620,81.0,7.0,99.0,8.0,1149.0
16622,1620,118.0,3.0,101.0,8.0,35.0
16623,1620,174.0,2.0,42.0,8.0,110629.0
16624,1620,23.0,2.0,17.0,8.0,576.0
16625,1620,165.0,3.0,78.0,8.0,145.0
16626,1620,158.0,7.0,57.0,8.0,9325.0
16637,2005,81.0,7.0,99.0,6.0,155066.0
16638,2005,165.0,3.0,78.0,6.0,113.0
16639,2005,31.0,6.0,20.0,6.0,557.0
16640,2005,23.0,2.0,17.0,6.0,895.0
16641,2005,183.0,6.0,85.0,6.0,11666.0
16642,2005,165.0,3.0,78.0,6.0,223.0
16643,2005,81.0,7.0,99.0,6.0,25369.0
16644,2005,118.0,3.0,101.0,6.0,1615.0
16645,2005,158.0,7.0,57.0,6.0,11139.0
16646,2005,165.0,3.0,78.0,6.0,36.0
16647,2762,158.0,0.0,0.0,0.0,243.0
16678,224,154.0,2.0,99.0,6.0,3398.0
16679,224,154.0,2.0,99.0,6.0,878024.0
16680,224,23.0,2.0,17.0,6.0,429.0
16681,224,23.0,2.0,17.0,6.0,477.0
16682,224,36.0,0.0,0.0,6.0,4046.0
16683,224,154.0,2.0,99.0,6.0,14138.0
16684,224,158.0,7.0,57.0,6.0,55297.0
16685,224,23.0,2.0,17.0,6.0,598.0
16686,224,158.0,7.0,57.0,6.0,10703.0
16687,224,81.0,7.0,99.0,6.0,15145.0
16708,749,116.0,1.0,62.0,6.0,5480.0
16709,749,147.0,7.0,60.0,6.0,1590.0
16710,749,147.0,7.0,60.0,6.0,1219.0
16711,749,56.0,7.0,26.0,6.0,749.0
16712,749,147.0,7.0,60.0,6.0,694.0
16713,749,54.0,6.0,24.0,6.0,83070.0
16714,749,74.0,3.0,34.0,6.0,4094.0
16715,749,187.0,0.0,0.0,6.0,16656.0
16716,749,49.0,2.0,19.0,6.0,17720.0
16717,749,147.0,6.0,65.0,6.0,47905.0
16718,2912,23.0,2.0,17.0,10.0,447.0
16719,2912,16.0,2.0,20.0,10.0,45113.0
16720,2912,158.0,7.0,57.0,10.0,24330.0
16721,2912,23.0,2.0,17.0,10.0,2443.0
16722,2912,118.0,3.0,101.0,10.0,19.0
16723,2912,31.0,6.0,20.0,10.0,730.0
16724,2912,74.0,3.0,34.0,10.0,6072.0
16725,2912,118.0,3.0,101.0,10.0,219.0
16726,2912,118.0,3.0,101.0,10.0,8.0
16727,2912,81.0,7.0,99.0,10.0,15641.0
16738,1089,165.0,3.0,78.0,6.0,40.0
16739,1089,74.0,3.0,34.0,6.0,219.0
16740,1089,74.0,3.0,34.0,6.0,727.0
16741,1089,78.0,0.0,0.0,6.0,3434.0
16742,1089,158.0,7.0,57.0,6.0,247.0
16743,1089,23.0,2.0,17.0,6.0,5653.0
16744,1089,158.0,7.0,57.0,6.0,90321.0
16745,1089,49.0,2.0,19.0,6.0,26320.0
16746,1089,23.0,2.0,17.0,6.0,4364.0
16747,1089,158.0,7.0,57.0,6.0,262.0
16748,2841,150.0,3.0,41.0,11.0,12647.0
16749,2841,150.0,3.0,41.0,11.0,14.0
16750,2841,158.0,7.0,92.0,11.0,15.0
16751,2841,150.0,3.0,41.0,11.0,9886.0
16752,2841,153.0,2.0,99.0,11.0,29105.0
16753,2841,150.0,3.0,41.0,11.0,0.0
16754,2841,153.0,2.0,99.0,11.0,3325.0
16755,2841,153.0,2.0,99.0,11.0,2132.0
16756,2841,150.0,3.0,94.0,11.0,64.0
16757,2841,153.0,2.0,99.0,11.0,2155.0
16758,948,165.0,3.0,78.0,6.0,56.0
16759,948,118.0,3.0,101.0,6.0,1209.0
16760,948,23.0,2.0,17.0,6.0,3697.0
16761,948,165.0,3.0,78.0,6.0,101.0
16762,948,39.0,7.0,12.0,6.0,48443.0
16763,948,158.0,7.0,57.0,6.0,35533.0
16764,948,74.0,3.0,34.0,6.0,977.0
16765,948,23.0,2.0,17.0,6.0,42462.0
16766,487,158.0,7.0,92.0,11.0,204.0
16767,487,6.0,0.0,0.0,11.0,342.0
16768,487,181.0,3.0,84.0,11.0,22339.0
16769,487,6.0,0.0,0.0,11.0,613.0
16770,487,150.0,3.0,41.0,11.0,53.0
16771,487,150.0,3.0,41.0,11.0,60099.0
16772,487,158.0,7.0,92.0,11.0,2054.0
16773,487,150.0,3.0,41.0,11.0,226133.0
16774,487,112.0,3.0,61.0,11.0,1416.0
16775,487,166.0,3.0,95.0,11.0,60.0
16797,2058,15.0,0.0,0.0,6.0,40372.0
16798,2058,81.0,7.0,99.0,6.0,67976.0
16799,2058,183.0,6.0,86.0,6.0,389313.0
16800,2058,154.0,2.0,99.0,6.0,6507.0
16801,2058,183.0,6.0,85.0,6.0,2550.0
16802,2058,131.0,0.0,0.0,6.0,376.0
16803,2058,102.0,7.0,38.0,6.0,25275.0
16804,2058,183.0,6.0,85.0,6.0,920.0
16805,2058,54.0,7.0,38.0,6.0,29811.0
16806,2058,183.0,6.0,88.0,6.0,615917.0
16807,2069,60.0,7.0,28.0,8.0,2529.0
16808,2069,74.0,3.0,34.0,8.0,1281.0
16809,2069,147.0,7.0,60.0,8.0,1240.0
16810,2069,56.0,7.0,26.0,8.0,1278.0
16811,2069,158.0,7.0,57.0,8.0,717.0
16812,2069,154.0,2.0,99.0,8.0,23420.0
16813,2069,15.0,0.0,0.0,8.0,108085.0
16814,2069,56.0,7.0,26.0,8.0,1991.0
16815,2069,56.0,7.0,26.0,8.0,1402.0
16816,2069,39.0,7.0,12.0,8.0,1017.0
16817,984,87.0,0.0,0.0,6.0,7322.0
16818,984,81.0,7.0,50.0,6.0,1633.0
16819,984,158.0,7.0,57.0,6.0,1626.0
16820,984,9.0,2.0,14.0,6.0,271.0
16821,984,23.0,2.0,17.0,6.0,778.0
16822,984,165.0,3.0,78.0,6.0,501.0
16823,984,33.0,6.0,43.0,6.0,3912.0
16824,984,118.0,3.0,101.0,6.0,5253.0
16825,984,31.0,6.0,20.0,6.0,1129.0
16826,984,23.0,2.0,17.0,6.0,75.0
16837,2709,158.0,7.0,57.0,8.0,376.0
16838,2709,81.0,7.0,50.0,8.0,7134.0
16839,2709,81.0,7.0,99.0,8.0,29098.0
16840,2709,165.0,3.0,78.0,8.0,245.0
16841,2709,23.0,2.0,17.0,8.0,51.0
16842,2709,81.0,7.0,99.0,8.0,987.0
16843,2709,158.0,7.0,57.0,8.0,10498.0
16844,2709,147.0,7.0,60.0,8.0,1866.0
16845,2709,158.0,7.0,57.0,8.0,86866.0
16846,2709,23.0,2.0,17.0,8.0,912.0
16867,558,147.0,7.0,60.0,8.0,1486.0
16868,558,49.0,2.0,19.0,11.0,83281.0
16869,558,74.0,3.0,34.0,11.0,5759.0
16870,558,33.0,6.0,43.0,11.0,53642.0
16871,558,74.0,3.0,34.0,8.0,16433.0
16872,558,116.0,1.0,62.0,8.0,1000.0
16873,558,147.0,7.0,60.0,8.0,1646.0
16874,558,147.0,6.0,65.0,8.0,15205.0
16875,558,54.0,6.0,24.0,8.0,296120.0
16876,558,56.0,7.0,26.0,11.0,2949.0
16877,2449,118.0,3.0,101.0,6.0,7064.0
16878,2449,165.0,3.0,78.0,6.0,119.0
16879,2449,56.0,7.0,26.0,6.0,1540.0
16880,2449,36.0,0.0,0.0,6.0,1538.0
16881,2449,100.0,7.0,97.0,6.0,17657.0
16882,2449,118.0,3.0,101.0,6.0,1129.0
16883,2449,158.0,7.0,92.0,6.0,591.0
16884,2449,81.0,7.0,99.0,6.0,4186.0
16885,2449,118.0,3.0,101.0,6.0,4250.0
16886,2449,165.0,3.0,78.0,6.0,84.0
16897,602,81.0,7.0,50.0,6.0,4405.0
16898,602,47.0,0.0,0.0,6.0,6909.0
16899,602,118.0,3.0,101.0,6.0,1275.0
16900,602,81.0,7.0,50.0,6.0,36150.0
16901,602,118.0,3.0,101.0,6.0,421.0
16902,602,81.0,7.0,99.0,6.0,20067.0
16903,602,158.0,7.0,57.0,6.0,26340.0
16904,602,154.0,2.0,99.0,6.0,10366.0
16905,602,31.0,6.0,20.0,6.0,684.0
16906,602,159.0,3.0,93.0,6.0,691.0
16917,320,105.0,0.0,0.0,6.0,4986.0
16918,320,165.0,3.0,78.0,6.0,228.0
16919,320,183.0,0.0,0.0,6.0,2993.0
16920,320,23.0,2.0,17.0,6.0,1274.0
16921,320,158.0,7.0,57.0,6.0,25785.0
16922,320,74.0,3.0,34.0,6.0,1129.0
16923,320,23.0,2.0,17.0,6.0,1344.0
16924,320,165.0,3.0,78.0,6.0,275.0
16925,320,23.0,2.0,17.0,6.0,971.0
16926,320,158.0,7.0,57.0,6.0,14581.0
16927,1967,23.0,2.0,17.0,8.0,388.0
16928,1967,165.0,3.0,78.0,8.0,117.0
16929,1967,118.0,3.0,101.0,8.0,29178.0
16930,1967,23.0,2.0,17.0,8.0,11827.0
16931,1967,74.0,3.0,34.0,8.0,8313.0
16932,2442,158.0,7.0,57.0,6.0,225.0
16933,2442,60.0,7.0,28.0,6.0,12587.0
16934,2442,10.0,0.0,0.0,6.0,105.0
16935,2442,158.0,7.0,56.0,6.0,9753.0
16936,2442,158.0,7.0,92.0,6.0,474.0
16937,2442,56.0,7.0,26.0,6.0,1311.0
16938,2442,158.0,7.0,56.0,6.0,69874.0
16939,2442,154.0,2.0,99.0,6.0,17652.0
16940,2442,165.0,3.0,78.0,6.0,62353.0
16941,2442,56.0,7.0,26.0,6.0,3540.0
16972,1456,126.0,0.0,0.0,6.0,8517.0
16973,1456,187.0,0.0,0.0,6.0,17612.0
16974,1456,19.0,0.0,0.0,6.0,14.0
16975,1456,19.0,0.0,0.0,6.0,627.0
16976,1456,159.0,3.0,93.0,6.0,529.0
16977,1456,78.0,0.0,0.0,11.0,742.0
16978,1456,147.0,7.0,60.0,6.0,676.0
16979,1456,15.0,0.0,0.0,6.0,125534.0
16980,1456,147.0,7.0,60.0,6.0,574.0
16981,1456,178.0,7.0,104.0,6.0,10526.0
17002,2679,81.0,0.0,0.0,8.0,1600.0
17003,2679,56.0,7.0,26.0,8.0,172952.0
17004,2679,49.0,2.0,19.0,8.0,0.0
17005,2679,74.0,3.0,34.0,8.0,616.0
17006,2679,158.0,0.0,0.0,0.0,466.0
17007,2679,89.0,0.0,0.0,8.0,149792.0
17008,2679,183.0,6.0,88.0,8.0,1660071.0
17009,2679,54.0,6.0,24.0,8.0,39932.0
17010,2679,158.0,0.0,0.0,0.0,172398.0
17011,2679,187.0,0.0,0.0,8.0,28084.0
17044,304,157.0,0.0,0.0,11.0,139.0
17045,304,157.0,0.0,0.0,11.0,19.0
17046,304,44.0,7.0,97.0,11.0,1817.0
17047,304,183.0,6.0,85.0,11.0,1939.0
17048,304,158.0,7.0,57.0,11.0,12591.0
17049,304,183.0,6.0,87.0,11.0,2340.0
17050,304,44.0,7.0,97.0,11.0,1410.0
17051,304,158.0,7.0,57.0,11.0,185.0
17052,304,158.0,7.0,92.0,11.0,841.0
17053,304,183.0,6.0,85.0,11.0,128.0
17074,2706,15.0,0.0,0.0,6.0,29389.0
17075,2706,60.0,7.0,28.0,6.0,17392.0
17076,2706,131.0,0.0,0.0,6.0,760.0
17077,2706,159.0,3.0,93.0,6.0,1190.0
17078,2706,81.0,7.0,50.0,6.0,46409.0
17079,2706,81.0,7.0,50.0,6.0,134246.0
17080,2706,49.0,2.0,19.0,6.0,43594.0
17081,2706,58.0,0.0,0.0,6.0,2815.0
17082,2706,131.0,0.0,0.0,6.0,335.0
17083,2706,158.0,7.0,92.0,6.0,12047.0
17084,836,153.0,2.0,99.0,10.0,24448.0
17085,836,158.0,7.0,92.0,10.0,602.0
17086,836,166.0,3.0,95.0,10.0,17183.0
17087,836,181.0,3.0,84.0,10.0,85559.0
17088,836,158.0,7.0,57.0,10.0,41.0
17089,836,181.0,3.0,84.0,10.0,50009.0
17090,836,150.0,3.0,94.0,10.0,587.0
17091,836,150.0,3.0,94.0,10.0,15673.0
17092,836,158.0,7.0,92.0,10.0,660.0
17093,836,158.0,7.0,92.0,10.0,22443.0
17114,864,183.0,6.0,88.0,8.0,7880.0
17115,864,158.0,7.0,57.0,8.0,256.0
17116,864,81.0,7.0,50.0,8.0,729.0
17117,864,133.0,7.0,50.0,8.0,9477.0
17118,864,158.0,7.0,92.0,8.0,85795.0
17119,864,60.0,7.0,28.0,8.0,9748.0
17120,864,60.0,7.0,28.0,8.0,4180.0
17121,864,60.0,7.0,28.0,8.0,49455.0
17122,864,81.0,7.0,50.0,8.0,4041.0
17123,864,63.0,0.0,0.0,8.0,32116.0
17124,1065,158.0,7.0,92.0,11.0,32663.0
17125,1065,157.0,0.0,0.0,11.0,55.0
17126,1065,54.0,0.0,0.0,11.0,11844.0
17127,1065,158.0,7.0,92.0,11.0,645.0
17128,1065,158.0,7.0,57.0,11.0,21981.0
17129,1065,158.0,7.0,57.0,11.0,121.0
17130,1065,158.0,7.0,92.0,11.0,45662.0
17131,1065,158.0,7.0,92.0,11.0,82820.0
17132,1065,166.0,3.0,95.0,11.0,965.0
17133,1065,150.0,3.0,41.0,11.0,43.0
17193,1959,165.0,3.0,78.0,8.0,97.0
17194,1959,56.0,7.0,26.0,8.0,577.0
17195,1959,154.0,2.0,99.0,8.0,5075.0
17196,1959,146.0,2.0,70.0,8.0,879.0
17197,1959,158.0,7.0,57.0,8.0,148.0
17198,1959,23.0,2.0,17.0,8.0,810.0
17199,1959,158.0,7.0,92.0,8.0,2685.0
17200,1959,88.0,0.0,0.0,8.0,17733.0
17201,1959,154.0,2.0,99.0,8.0,23055.0
17202,1959,81.0,7.0,50.0,8.0,803.0
17214,423,158.0,7.0,57.0,8.0,29344.0
17215,423,31.0,6.0,20.0,8.0,1324.0
17216,423,23.0,2.0,17.0,8.0,637.0
17217,423,107.0,0.0,0.0,8.0,27.0
17218,423,118.0,3.0,101.0,8.0,524.0
17219,423,74.0,3.0,34.0,8.0,1086.0
17220,423,23.0,2.0,17.0,8.0,407.0
17221,423,158.0,7.0,57.0,8.0,253805.0
17222,423,118.0,3.0,101.0,8.0,7.0
17333,1587,56.0,7.0,26.0,6.0,592.0
17334,1587,37.0,5.0,55.0,6.0,4617.0
17335,1587,86.0,0.0,0.0,6.0,25340.0
17336,1587,15.0,0.0,0.0,6.0,34279.0
17337,1587,147.0,7.0,60.0,6.0,1907.0
17338,1587,183.0,6.0,88.0,6.0,67615.0
17339,1587,78.0,0.0,0.0,6.0,5591.0
17340,1587,60.0,7.0,28.0,6.0,4284.0
17341,1587,60.0,7.0,28.0,6.0,1166.0
17342,1587,33.0,6.0,43.0,6.0,36515.0
17343,2198,54.0,6.0,24.0,6.0,25302.0
17344,2198,118.0,3.0,101.0,6.0,1426.0
17345,2198,154.0,2.0,99.0,6.0,12798.0
17346,2198,178.0,7.0,104.0,6.0,3406.0
17347,2198,154.0,2.0,99.0,6.0,2657.0
17348,2198,154.0,2.0,99.0,6.0,9914.0
17349,2198,81.0,7.0,99.0,6.0,1390891.0
17350,2198,154.0,2.0,99.0,6.0,508.0
17351,2198,158.0,7.0,57.0,6.0,23682.0
17352,2198,154.0,2.0,99.0,6.0,36231.0
17413,2129,21.0,0.0,0.0,8.0,923.0
17414,2129,158.0,7.0,56.0,8.0,29898.0
17415,2129,74.0,3.0,34.0,8.0,543.0
17416,2129,10.0,0.0,0.0,8.0,33.0
17481,3256,49.0,2.0,19.0,6.0,18698.0
17482,3256,36.0,0.0,0.0,6.0,2943.0
17483,3256,158.0,7.0,57.0,6.0,276.0
17484,3256,23.0,2.0,17.0,6.0,1946.0
17485,3256,165.0,3.0,78.0,6.0,65.0
17486,3256,158.0,7.0,57.0,6.0,395.0
17487,3256,56.0,7.0,26.0,6.0,701.0
17488,3256,81.0,7.0,99.0,6.0,746.0
17489,3256,154.0,2.0,99.0,6.0,2059.0
17490,3256,31.0,6.0,20.0,6.0,1295.0
17491,2415,81.0,7.0,99.0,6.0,4939.0
17492,2415,118.0,3.0,101.0,6.0,1182.0
17493,2415,158.0,7.0,56.0,6.0,767.0
17494,2415,81.0,7.0,99.0,6.0,11529.0
17495,2415,22.0,0.0,0.0,6.0,140.0
17496,2415,10.0,0.0,0.0,6.0,279.0
17497,2415,74.0,3.0,34.0,6.0,1474.0
17508,531,158.0,7.0,92.0,11.0,559.0
17509,531,87.0,0.0,0.0,8.0,75876.0
17510,531,91.0,7.0,91.0,11.0,1165.0
17511,531,158.0,7.0,57.0,8.0,28403.0
17512,531,154.0,2.0,99.0,8.0,64469.0
17513,531,165.0,3.0,78.0,8.0,282.0
17514,531,154.0,2.0,99.0,8.0,7983.0
17515,531,81.0,7.0,99.0,8.0,1066.0
17516,531,23.0,2.0,17.0,8.0,2447.0
17517,531,23.0,2.0,17.0,8.0,2004.0
17538,1460,158.0,7.0,92.0,11.0,39.0
17539,1460,6.0,0.0,0.0,0.0,1415.0
17540,1460,158.0,7.0,92.0,11.0,66.0
17541,1460,158.0,7.0,57.0,11.0,202.0
17542,1460,158.0,7.0,92.0,11.0,154.0
17543,1460,158.0,7.0,57.0,11.0,12129.0
17544,1460,113.0,0.0,0.0,11.0,44342.0
17545,1460,158.0,7.0,92.0,11.0,10.0
17546,1460,43.0,2.0,11.0,11.0,10268.0
17547,1460,166.0,3.0,95.0,11.0,114.0
17558,2090,31.0,6.0,20.0,8.0,1112.0
17559,2090,74.0,3.0,34.0,8.0,1493.0
17560,2090,74.0,3.0,34.0,8.0,1288.0
17649,1863,61.0,7.0,68.0,6.0,0.0
17650,1863,61.0,7.0,68.0,6.0,814.0
17651,1863,60.0,7.0,28.0,6.0,864.0
17652,1863,61.0,7.0,68.0,6.0,6520.0
17653,1863,151.0,0.0,0.0,6.0,382.0
17654,1863,61.0,7.0,68.0,6.0,580.0
17655,1863,56.0,7.0,26.0,6.0,915.0
17656,1863,78.0,0.0,0.0,6.0,9460.0
17657,1863,88.0,0.0,0.0,6.0,0.0
17658,1863,33.0,6.0,43.0,6.0,0.0
17659,1263,33.0,6.0,43.0,11.0,40049.0
17660,1263,56.0,7.0,26.0,11.0,117.0
17661,1263,78.0,0.0,0.0,6.0,97037.0
17662,1263,60.0,7.0,28.0,6.0,9908.0
17663,1263,78.0,0.0,0.0,6.0,578.0
17664,1263,85.0,0.0,0.0,6.0,82753.0
17665,1263,81.0,7.0,99.0,6.0,37482.0
17666,1263,60.0,7.0,28.0,6.0,3289.0
17667,1263,158.0,7.0,92.0,6.0,1174.0
17668,1263,50.0,6.0,54.0,6.0,9662.0
17699,2193,158.0,7.0,57.0,8.0,268.0
17700,2193,158.0,7.0,57.0,8.0,105163.0
17701,2193,118.0,3.0,101.0,8.0,1213.0
17702,2193,158.0,7.0,57.0,8.0,17350.0
17703,2193,158.0,7.0,57.0,8.0,184.0
17704,2193,158.0,7.0,57.0,8.0,261.0
17705,2193,81.0,7.0,99.0,8.0,14180.0
17706,2193,107.0,0.0,0.0,8.0,160.0
17707,2193,81.0,7.0,99.0,8.0,701.0
17708,2193,165.0,3.0,78.0,8.0,1683.0
17709,2199,187.0,0.0,0.0,6.0,14921.0
17710,2199,158.0,0.0,0.0,11.0,5270.0
17711,2199,74.0,3.0,34.0,6.0,651.0
17712,2199,158.0,0.0,0.0,11.0,322.0
17713,2199,91.0,7.0,91.0,11.0,585.0
17714,2199,116.0,1.0,62.0,6.0,0.0
17715,2199,60.0,7.0,28.0,6.0,2038.0
17716,2199,143.0,7.0,67.0,6.0,1689.0
17717,2199,158.0,7.0,92.0,11.0,521.0
17718,2199,131.0,0.0,0.0,6.0,483.0
17729,453,154.0,2.0,99.0,6.0,9915.0
17730,453,23.0,2.0,17.0,6.0,1170.0
17731,453,23.0,2.0,17.0,6.0,952.0
17732,453,23.0,2.0,17.0,6.0,462.0
17733,453,158.0,7.0,57.0,6.0,37115.0
17734,453,165.0,3.0,78.0,6.0,585.0
17735,453,23.0,2.0,17.0,6.0,436.0
17736,453,118.0,3.0,101.0,6.0,1.0
17737,453,154.0,2.0,99.0,6.0,14784.0
17738,453,158.0,7.0,57.0,6.0,19765.0
17749,3095,133.0,7.0,50.0,6.0,600.0
17750,3095,158.0,7.0,92.0,6.0,7228.0
17751,3095,60.0,7.0,28.0,6.0,1346.0
17752,3095,133.0,7.0,50.0,6.0,1606.0
17753,3095,158.0,7.0,56.0,6.0,14.0
17754,3095,187.0,0.0,0.0,6.0,25550.0
17755,3095,60.0,7.0,28.0,6.0,33237.0
17756,3095,60.0,7.0,28.0,6.0,5027.0
17757,3095,178.0,7.0,104.0,6.0,118980.0
17758,3095,60.0,7.0,28.0,6.0,1267.0
17759,1258,161.0,7.0,76.0,4.0,1280.0
17760,1258,74.0,3.0,34.0,4.0,513.0
17761,1258,54.0,6.0,25.0,4.0,0.0
17762,1258,80.0,7.0,58.0,4.0,3951.0
17763,1258,49.0,2.0,19.0,11.0,155213.0
17888,1418,54.0,6.0,25.0,8.0,2626.0
17889,1418,92.0,7.0,45.0,8.0,711.0
17890,1418,54.0,6.0,25.0,8.0,47400.0
17891,1418,33.0,6.0,43.0,8.0,320943.0
17892,1418,74.0,3.0,34.0,8.0,3262.0
17893,1418,118.0,3.0,101.0,8.0,952.0
17894,1418,23.0,2.0,17.0,8.0,634.0
17895,1418,92.0,7.0,45.0,8.0,801.0
17896,1418,54.0,6.0,24.0,8.0,399896.0
17897,1418,33.0,6.0,43.0,8.0,2463.0
17958,1928,116.0,1.0,62.0,6.0,0.0
17959,1928,74.0,3.0,34.0,6.0,3368.0
17960,1928,187.0,0.0,0.0,6.0,25265.0
17961,1928,147.0,7.0,60.0,6.0,2410.0
17962,1928,54.0,6.0,24.0,6.0,381577.0
17983,2757,78.0,0.0,0.0,6.0,1472.0
17984,2757,154.0,2.0,99.0,6.0,194.0
17985,2757,158.0,7.0,57.0,6.0,8372.0
17986,2757,54.0,0.0,0.0,6.0,55057.0
17987,2757,154.0,2.0,99.0,6.0,109386.0
17988,2757,32.0,1.0,10.0,6.0,199284.0
17989,2757,60.0,7.0,28.0,6.0,545490.0
17990,2757,60.0,7.0,28.0,6.0,19354.0
17991,2757,78.0,0.0,0.0,6.0,899.0
17992,2757,154.0,2.0,99.0,6.0,155905.0
17993,455,171.0,0.0,0.0,8.0,57048.0
17994,455,118.0,3.0,101.0,8.0,32.0
17995,455,147.0,7.0,60.0,8.0,839.0
17996,455,10.0,0.0,0.0,8.0,12.0
17997,455,158.0,7.0,56.0,8.0,6576.0
17998,455,56.0,7.0,26.0,8.0,383.0
17999,455,116.0,1.0,62.0,8.0,360308.0
18000,455,56.0,7.0,26.0,8.0,942.0
18001,455,49.0,2.0,19.0,8.0,16049.0
18002,455,81.0,0.0,0.0,8.0,355.0
18003,1117,165.0,3.0,78.0,6.0,34.0
18004,1117,6.0,0.0,0.0,11.0,638.0
18005,1117,158.0,7.0,92.0,11.0,112.0
18006,1117,43.0,2.0,20.0,11.0,59526.0
18007,1117,166.0,3.0,95.0,11.0,507.0
18008,1117,92.0,7.0,45.0,6.0,33362.0
18009,1117,158.0,7.0,92.0,11.0,78.0
18010,1117,153.0,2.0,99.0,11.0,3253.0
18011,1117,158.0,7.0,92.0,11.0,25.0
18012,1117,153.0,2.0,99.0,11.0,2021.0
18023,3106,154.0,2.0,99.0,10.0,1674.0
18024,3106,183.0,6.0,85.0,10.0,479607.0
18025,3106,158.0,7.0,57.0,10.0,2049.0
18026,3106,158.0,7.0,57.0,10.0,17116.0
18027,3106,154.0,2.0,99.0,10.0,3821.0
18028,3106,154.0,2.0,99.0,10.0,9467.0
18029,3106,54.0,6.0,24.0,10.0,51439.0
18030,3106,146.0,2.0,70.0,10.0,2351.0
18031,3106,185.0,0.0,0.0,10.0,1323.0
18032,3106,158.0,7.0,57.0,10.0,1190.0
18096,557,183.0,6.0,85.0,6.0,10682.0
18097,557,23.0,2.0,17.0,6.0,1096.0
18098,557,154.0,2.0,99.0,6.0,2765.0
18099,557,118.0,3.0,101.0,6.0,1349.0
18100,557,118.0,3.0,101.0,6.0,1022.0
18101,557,16.0,2.0,20.0,6.0,26284.0
18102,557,118.0,3.0,101.0,6.0,1105.0
18103,557,159.0,3.0,93.0,6.0,796.0
18104,557,158.0,7.0,57.0,6.0,21863.0
18105,557,74.0,3.0,34.0,6.0,341.0
18106,2125,165.0,3.0,78.0,8.0,539.0
18107,2125,23.0,2.0,17.0,8.0,273.0
18108,2125,81.0,0.0,0.0,8.0,969.0
18109,2125,19.0,0.0,0.0,8.0,2.0
18110,2125,81.0,7.0,99.0,8.0,104.0
18111,2125,81.0,7.0,99.0,8.0,7644.0
18112,2125,161.0,7.0,76.0,8.0,150102.0
18113,2125,19.0,0.0,0.0,8.0,436.0
18114,2125,118.0,3.0,101.0,8.0,1048.0
18115,2125,23.0,2.0,17.0,8.0,840.0
18116,1808,154.0,2.0,99.0,8.0,34.0
18117,1808,165.0,3.0,78.0,8.0,1222.0
18118,1808,154.0,2.0,99.0,8.0,565.0
18119,1808,154.0,2.0,99.0,8.0,3065.0
18120,1808,158.0,7.0,57.0,8.0,0.0
18121,1808,158.0,7.0,57.0,8.0,672.0
18122,1808,118.0,3.0,101.0,8.0,36.0
18123,1808,158.0,7.0,57.0,8.0,14523.0
18124,1808,118.0,3.0,101.0,8.0,1032.0
18125,1808,81.0,7.0,99.0,8.0,4341.0
18146,711,154.0,2.0,99.0,8.0,19399.0
18147,711,23.0,2.0,17.0,8.0,23.0
18148,711,16.0,2.0,20.0,8.0,20687.0
18149,711,158.0,7.0,57.0,8.0,21255.0
18150,711,9.0,2.0,14.0,8.0,7.0
18151,711,16.0,2.0,20.0,8.0,35574.0
18152,711,118.0,3.0,101.0,8.0,34.0
18153,711,23.0,2.0,17.0,8.0,545.0
18154,711,81.0,7.0,99.0,8.0,6241.0
18155,711,9.0,2.0,14.0,8.0,534.0
18216,1432,187.0,0.0,0.0,8.0,32310.0
18217,1432,74.0,3.0,34.0,8.0,5118.0
18218,1432,49.0,2.0,19.0,8.0,111390.0
18219,1432,183.0,6.0,88.0,8.0,36216.0
18220,1432,158.0,7.0,92.0,8.0,335.0
18221,1432,89.0,0.0,0.0,8.0,128620.0
18222,1432,81.0,7.0,50.0,8.0,4710.0
18223,1432,60.0,7.0,28.0,8.0,9363.0
18224,1432,118.0,3.0,101.0,8.0,37746.0
18225,1432,54.0,6.0,24.0,8.0,24672.0
18276,891,154.0,2.0,99.0,6.0,2018.0
18277,891,154.0,2.0,99.0,6.0,7963.0
18278,891,154.0,2.0,99.0,6.0,1345.0
18279,891,154.0,2.0,99.0,6.0,1239.0
18280,891,118.0,3.0,101.0,6.0,1296.0
18281,891,158.0,7.0,57.0,6.0,15325.0
18282,891,158.0,7.0,57.0,6.0,759.0
18283,891,49.0,2.0,19.0,11.0,126297.0
18284,891,154.0,2.0,99.0,6.0,37157.0
18285,891,154.0,2.0,99.0,6.0,766.0
18326,1400,56.0,7.0,26.0,8.0,629.0
18327,1400,49.0,2.0,19.0,8.0,117971.0
18328,1400,74.0,3.0,34.0,8.0,3134.0
18339,2555,154.0,2.0,99.0,8.0,1054.0
18340,2555,154.0,2.0,99.0,8.0,5371.0
18341,2555,81.0,7.0,99.0,8.0,100335.0
18342,2555,23.0,2.0,17.0,8.0,609.0
18343,2555,154.0,2.0,99.0,8.0,3303.0
18344,2555,23.0,2.0,17.0,8.0,18042.0
18345,2555,118.0,3.0,101.0,8.0,9850.0
18346,2555,154.0,2.0,99.0,8.0,1808.0
18347,2555,154.0,2.0,99.0,8.0,1271.0
18348,2555,154.0,2.0,99.0,8.0,7857.0
18359,349,142.0,0.0,0.0,8.0,45.0
18360,349,74.0,3.0,34.0,8.0,876.0
18361,349,31.0,6.0,20.0,8.0,441.0
18362,349,56.0,7.0,26.0,8.0,1688.0
18363,349,49.0,2.0,19.0,8.0,44936.0
18364,349,56.0,7.0,26.0,8.0,388.0
18400,1313,49.0,2.0,19.0,6.0,19645.0
18401,1313,133.0,7.0,50.0,6.0,1266.0
18402,1313,81.0,7.0,50.0,6.0,1663.0
18403,1313,133.0,7.0,50.0,6.0,999.0
18404,1313,81.0,7.0,50.0,6.0,1866.0
18405,1313,15.0,0.0,0.0,6.0,77389.0
18406,1313,133.0,7.0,50.0,6.0,972.0
18407,1313,56.0,7.0,26.0,6.0,1006.0
18408,1313,56.0,7.0,26.0,6.0,2992.0
18409,1313,159.0,3.0,93.0,6.0,727.0
18440,1237,81.0,7.0,50.0,6.0,16251.0
18441,1237,118.0,3.0,101.0,6.0,41.0
18442,1237,158.0,7.0,57.0,6.0,16474.0
18443,1237,74.0,3.0,34.0,6.0,3149.0
18444,1237,154.0,2.0,99.0,6.0,14675.0
18445,1237,154.0,2.0,99.0,6.0,6108.0
18446,1237,154.0,2.0,99.0,6.0,73493.0
18447,1237,154.0,2.0,99.0,6.0,1422.0
18448,1237,154.0,2.0,99.0,6.0,2970.0
18449,1237,81.0,7.0,99.0,6.0,3182.0
18470,2667,118.0,3.0,101.0,8.0,2064.0
18471,2667,165.0,3.0,78.0,8.0,83244.0
18472,2667,158.0,7.0,57.0,8.0,689.0
18473,2667,165.0,3.0,78.0,8.0,1503.0
18474,2667,154.0,2.0,99.0,8.0,11243.0
18475,2667,165.0,3.0,78.0,8.0,15.0
18476,2667,165.0,3.0,78.0,8.0,28.0
18477,2667,23.0,2.0,17.0,8.0,158.0
18478,2667,81.0,7.0,99.0,8.0,19061.0
18479,2667,158.0,7.0,57.0,8.0,779.0
18514,1831,158.0,7.0,92.0,10.0,159.0
18515,1831,183.0,6.0,85.0,10.0,2782.0
18516,1831,153.0,2.0,99.0,10.0,2159.0
18517,1831,158.0,7.0,57.0,10.0,5148.0
18518,1831,150.0,3.0,41.0,10.0,134.0
18519,1831,158.0,7.0,92.0,10.0,73.0
18520,1831,44.0,7.0,97.0,10.0,37523.0
18521,1831,158.0,7.0,57.0,10.0,5564.0
18522,1831,158.0,7.0,92.0,10.0,1819.0
18523,1831,166.0,3.0,95.0,10.0,468.0
18548,114,118.0,3.0,101.0,6.0,1021.0
18549,114,165.0,3.0,78.0,6.0,108.0
18550,114,158.0,7.0,56.0,6.0,100772.0
18551,114,133.0,7.0,50.0,6.0,602.0
18552,114,87.0,0.0,0.0,6.0,123383.0
18553,114,134.0,6.0,73.0,6.0,815.0
18554,114,50.0,6.0,54.0,6.0,101191.0
18555,114,105.0,0.0,0.0,6.0,34647.0
18556,114,23.0,2.0,17.0,6.0,685.0
18557,114,133.0,7.0,50.0,6.0,3671.0
18598,382,23.0,2.0,17.0,8.0,2264.0
18599,382,158.0,7.0,57.0,8.0,1388.0
18600,382,174.0,2.0,42.0,8.0,1129078.0
18601,382,154.0,2.0,99.0,8.0,27822.0
18602,382,60.0,7.0,28.0,8.0,4229.0
18603,382,158.0,7.0,57.0,8.0,416.0
18604,382,60.0,7.0,28.0,8.0,637.0
18605,382,61.0,7.0,68.0,8.0,1575.0
18606,382,158.0,7.0,57.0,8.0,3237.0
18607,382,159.0,3.0,93.0,8.0,2263.0
18618,2934,49.0,2.0,19.0,8.0,56855.0
18619,2934,37.0,5.0,55.0,8.0,33316.0
18620,2934,61.0,7.0,68.0,8.0,714.0
18621,2934,187.0,0.0,0.0,8.0,25324.0
18622,2934,74.0,3.0,34.0,8.0,484.0
18623,2934,60.0,7.0,28.0,8.0,14079.0
18624,2934,60.0,7.0,28.0,8.0,4773.0
18625,2934,81.0,0.0,0.0,8.0,1180.0
18626,2934,15.0,0.0,0.0,8.0,55539.0
18627,2934,183.0,6.0,88.0,8.0,45164.0
18641,167,49.0,2.0,19.0,8.0,577201.0
18642,167,158.0,7.0,92.0,8.0,29286.0
18643,167,56.0,7.0,26.0,8.0,723.0
18644,167,74.0,3.0,34.0,8.0,1544.0
18645,167,56.0,7.0,26.0,8.0,448.0
18646,167,159.0,3.0,93.0,8.0,1693.0
18647,167,49.0,2.0,19.0,8.0,15330.0
18648,167,81.0,7.0,50.0,8.0,32032.0
18649,167,31.0,6.0,20.0,8.0,741.0
18660,1032,118.0,3.0,101.0,8.0,20918.0
18661,1032,81.0,7.0,99.0,8.0,1325.0
18662,1032,158.0,7.0,57.0,8.0,195.0
18663,1032,81.0,7.0,99.0,8.0,24298.0
18664,1032,154.0,2.0,99.0,8.0,6090.0
18665,1032,158.0,7.0,57.0,8.0,248.0
18666,1032,165.0,3.0,78.0,8.0,848.0
18667,1032,81.0,7.0,99.0,8.0,1374.0
18668,1032,154.0,2.0,99.0,8.0,18023.0
18669,1032,154.0,2.0,99.0,8.0,24412.0
18700,1672,153.0,2.0,99.0,11.0,81321.0
18701,1672,166.0,3.0,95.0,11.0,5.0
18702,1672,150.0,3.0,41.0,11.0,103.0
18703,1672,153.0,2.0,99.0,11.0,17611.0
18704,1672,166.0,3.0,95.0,11.0,472.0
18705,1672,158.0,7.0,57.0,11.0,133.0
18706,1672,158.0,7.0,57.0,11.0,71.0
18707,1672,150.0,3.0,94.0,11.0,716.0
18708,1672,158.0,7.0,92.0,11.0,43.0
18709,1672,158.0,7.0,92.0,11.0,58.0
18728,1824,81.0,7.0,99.0,6.0,537.0
18729,1824,56.0,7.0,26.0,6.0,888.0
18730,1824,154.0,2.0,99.0,6.0,3617.0
18731,1824,81.0,7.0,99.0,6.0,15542.0
18732,1824,105.0,0.0,0.0,6.0,6889.0
18733,1824,154.0,2.0,99.0,6.0,83111.0
18734,1824,165.0,3.0,78.0,6.0,88.0
18735,1824,23.0,2.0,17.0,6.0,25060.0
18736,1824,49.0,2.0,19.0,6.0,72055.0
18737,1824,154.0,2.0,99.0,6.0,7444.0
18748,2479,178.0,7.0,104.0,6.0,179127.0
18749,2479,183.0,6.0,85.0,6.0,25630.0
18750,2479,23.0,2.0,17.0,6.0,797.0
18751,2479,36.0,0.0,0.0,6.0,11883.0
18752,2479,91.0,0.0,0.0,6.0,136.0
18753,2479,165.0,3.0,78.0,6.0,44.0
18754,2479,56.0,7.0,26.0,6.0,572.0
18755,2479,23.0,2.0,17.0,6.0,480.0
18756,2479,102.0,7.0,38.0,6.0,6302.0
18757,2479,118.0,3.0,101.0,6.0,22.0
18758,3153,154.0,2.0,99.0,10.0,20031.0
18759,3153,118.0,3.0,101.0,10.0,1835.0
18760,3153,81.0,7.0,99.0,10.0,751.0
18761,3153,154.0,2.0,99.0,10.0,7102.0
18762,3153,158.0,7.0,57.0,10.0,0.0
18763,3153,154.0,2.0,99.0,10.0,8353.0
18764,3153,158.0,7.0,57.0,10.0,478.0
18765,3153,158.0,7.0,57.0,10.0,1408.0
18766,3153,23.0,2.0,17.0,10.0,8.0
18767,3153,23.0,2.0,17.0,10.0,1309.0
18784,78,78.0,0.0,0.0,6.0,764.0
18785,78,37.0,5.0,55.0,6.0,16417.0
18786,78,81.0,0.0,0.0,6.0,1111.0
18787,78,103.0,7.0,1.0,6.0,800.0
18788,78,19.0,0.0,0.0,6.0,397.0
18789,78,54.0,6.0,24.0,6.0,142533.0
18790,78,78.0,0.0,0.0,6.0,529.0
18791,78,158.0,7.0,92.0,6.0,356.0
18792,78,49.0,2.0,19.0,6.0,34589.0
18793,78,78.0,0.0,0.0,6.0,1616.0
18804,2356,9.0,2.0,14.0,8.0,4.0
18805,2356,49.0,2.0,19.0,8.0,300799.0
18806,2356,23.0,2.0,17.0,8.0,42.0
18807,2356,23.0,2.0,17.0,8.0,5379.0
18808,2356,23.0,2.0,17.0,8.0,86.0
18809,2356,165.0,3.0,78.0,8.0,37.0
18810,2356,165.0,3.0,78.0,8.0,91855.0
18811,2356,165.0,3.0,78.0,8.0,37619.0
18812,2356,158.0,7.0,57.0,8.0,162.0
18813,2356,158.0,7.0,57.0,8.0,302.0
18814,199,126.0,0.0,0.0,8.0,36795.0
18815,199,143.0,7.0,67.0,8.0,1025.0
18816,199,158.0,7.0,92.0,8.0,7749.0
18817,199,131.0,0.0,0.0,8.0,413.0
18818,199,49.0,2.0,19.0,8.0,40324.0
18819,199,183.0,6.0,88.0,8.0,101092.0
18820,199,81.0,7.0,99.0,8.0,23587.0
18821,199,81.0,0.0,0.0,8.0,735.0
18822,199,61.0,7.0,68.0,8.0,8729.0
18823,199,54.0,0.0,0.0,8.0,23632.0
18824,1277,158.0,0.0,0.0,0.0,196.0
18825,2717,118.0,3.0,101.0,8.0,189541.0
18826,2717,81.0,7.0,99.0,8.0,1003.0
18827,2717,165.0,3.0,78.0,8.0,507.0
18828,2717,165.0,3.0,78.0,8.0,27.0
18829,2717,81.0,7.0,99.0,8.0,1914.0
18830,2717,23.0,2.0,17.0,8.0,99.0
18831,2717,81.0,7.0,99.0,8.0,1628.0
18832,2717,23.0,2.0,17.0,8.0,442.0
18833,2717,81.0,7.0,99.0,8.0,41567.0
18834,2717,158.0,7.0,57.0,8.0,178.0
18845,2854,147.0,6.0,65.0,6.0,818.0
18846,2854,60.0,7.0,28.0,6.0,19721.0
18847,2854,147.0,7.0,60.0,6.0,1944.0
18848,2854,187.0,0.0,0.0,6.0,14821.0
18849,2854,74.0,3.0,34.0,6.0,450.0
18850,2854,126.0,0.0,0.0,6.0,182721.0
18851,2854,49.0,2.0,19.0,11.0,22192.0
18852,2854,158.0,7.0,92.0,6.0,3818.0
18853,2854,54.0,6.0,24.0,6.0,56555.0
18854,2854,147.0,7.0,60.0,6.0,3502.0
18865,1646,81.0,3.0,72.0,11.0,2926.0
18866,1646,158.0,7.0,57.0,11.0,2.0
18867,1646,150.0,3.0,41.0,11.0,27905.0
18868,1646,158.0,7.0,92.0,11.0,105.0
18869,1646,158.0,7.0,57.0,11.0,63.0
18870,1646,158.0,7.0,92.0,11.0,132.0
18871,1646,158.0,7.0,57.0,11.0,183.0
18872,1646,150.0,3.0,41.0,11.0,66.0
18873,1646,166.0,3.0,95.0,11.0,8720.0
18874,1646,181.0,3.0,84.0,11.0,503.0
18885,3029,23.0,2.0,17.0,6.0,382.0
18886,3029,165.0,3.0,78.0,6.0,84.0
18887,3029,158.0,7.0,57.0,6.0,19721.0
18888,3029,38.0,6.0,31.0,6.0,10189.0
18889,3029,116.0,1.0,62.0,6.0,0.0
18890,3029,23.0,2.0,17.0,6.0,406.0
18891,3029,118.0,3.0,101.0,6.0,1007.0
18892,3029,147.0,7.0,60.0,6.0,2672.0
18893,3029,154.0,2.0,99.0,6.0,25896.0
18894,3029,158.0,7.0,57.0,6.0,12555.0
18915,2444,118.0,3.0,101.0,6.0,655.0
18916,2444,36.0,0.0,0.0,6.0,5665.0
18917,2444,36.0,0.0,0.0,6.0,18140.0
18918,2444,36.0,0.0,0.0,6.0,3263.0
18919,2444,36.0,0.0,0.0,6.0,2203.0
18920,2444,36.0,0.0,0.0,6.0,2814.0
18921,2444,49.0,2.0,19.0,6.0,68032.0
18922,2444,158.0,7.0,57.0,6.0,2870.0
18923,2444,74.0,3.0,34.0,6.0,3567.0
18924,2444,36.0,0.0,0.0,6.0,3556.0
18975,1068,50.0,6.0,54.0,6.0,9792.0
18976,1068,78.0,0.0,0.0,11.0,772.0
18977,1068,19.0,0.0,0.0,11.0,9965.0
18978,1068,74.0,3.0,34.0,6.0,3578.0
18979,1068,161.0,7.0,76.0,6.0,50766.0
18980,1068,78.0,0.0,0.0,6.0,3482.0
18981,1068,88.0,0.0,0.0,6.0,5088.0
18982,1068,78.0,0.0,0.0,6.0,748.0
18983,1068,49.0,2.0,19.0,11.0,49688.0
18984,1068,86.0,0.0,0.0,6.0,50949.0
18985,1144,158.0,7.0,57.0,6.0,6220.0
18986,1144,67.0,0.0,0.0,0.0,465.0
18987,1144,118.0,3.0,101.0,6.0,87.0
18988,1144,81.0,7.0,99.0,6.0,181.0
18989,1144,154.0,2.0,99.0,6.0,4013.0
18990,1144,165.0,3.0,78.0,6.0,185.0
18991,1144,165.0,3.0,78.0,6.0,191.0
18992,1144,154.0,2.0,99.0,6.0,35910.0
18993,1144,154.0,2.0,99.0,6.0,79560.0
18994,1144,81.0,7.0,99.0,6.0,1792.0
19069,1208,33.0,6.0,43.0,6.0,168.0
19070,1208,74.0,3.0,34.0,6.0,3831.0
19112,69,56.0,7.0,26.0,8.0,740.0
19113,69,81.0,0.0,0.0,8.0,8601.0
19114,69,30.0,6.0,7.0,8.0,49737.0
19115,69,30.0,6.0,7.0,8.0,17011.0
19116,69,74.0,3.0,34.0,8.0,4499.0
19117,69,30.0,6.0,7.0,8.0,9448.0
19118,69,23.0,2.0,17.0,8.0,624.0
19119,69,49.0,2.0,19.0,8.0,23100.0
19120,69,30.0,6.0,7.0,8.0,240769.0
19121,69,118.0,3.0,101.0,8.0,1888.0
19122,3079,158.0,7.0,57.0,8.0,7986.0
19123,3079,158.0,7.0,57.0,8.0,294.0
19124,3079,81.0,7.0,99.0,8.0,2305.0
19125,3079,165.0,3.0,78.0,8.0,537.0
19126,3079,81.0,7.0,99.0,8.0,1354.0
19127,3079,81.0,7.0,99.0,8.0,5138.0
19128,3079,165.0,3.0,78.0,8.0,600.0
19129,3079,81.0,7.0,99.0,8.0,1685.0
19130,3079,158.0,7.0,57.0,8.0,38566.0
19131,3079,81.0,7.0,99.0,8.0,1143.0
19182,1918,158.0,7.0,92.0,11.0,78.0
19183,1918,158.0,7.0,92.0,11.0,77.0
19184,1918,166.0,3.0,95.0,11.0,9431.0
19185,1918,181.0,3.0,84.0,11.0,36840.0
19186,1918,181.0,3.0,84.0,11.0,66274.0
19187,1918,166.0,3.0,95.0,11.0,72.0
19188,1918,158.0,7.0,92.0,11.0,81.0
19189,1918,166.0,3.0,95.0,11.0,66816.0
19190,1918,153.0,2.0,99.0,11.0,54279.0
19191,1918,181.0,3.0,84.0,11.0,121448.0
19192,1861,154.0,2.0,99.0,8.0,35719.0
19193,1861,74.0,3.0,34.0,8.0,1238.0
19194,1861,118.0,3.0,101.0,8.0,637.0
19195,1861,23.0,2.0,17.0,8.0,1314.0
19196,1861,183.0,6.0,85.0,8.0,13742.0
19197,1861,74.0,3.0,34.0,8.0,535.0
19198,1861,23.0,2.0,17.0,8.0,10.0
19199,1861,158.0,7.0,57.0,8.0,104.0
19200,1861,118.0,3.0,101.0,8.0,152619.0
19201,1861,56.0,7.0,26.0,8.0,416.0
19252,1726,150.0,3.0,41.0,11.0,107.0
19253,1726,6.0,0.0,0.0,11.0,657.0
19254,1726,44.0,7.0,97.0,11.0,32290.0
19255,1726,6.0,0.0,0.0,11.0,55388.0
19256,1726,166.0,3.0,95.0,11.0,11.0
19257,1726,158.0,7.0,92.0,11.0,7264.0
19258,1726,166.0,3.0,95.0,11.0,42529.0
19259,1726,158.0,7.0,92.0,11.0,1052.0
19260,1726,183.0,6.0,85.0,11.0,6513.0
19261,1726,158.0,7.0,57.0,11.0,193.0
19271,436,74.0,3.0,34.0,6.0,658.0
19272,436,118.0,3.0,101.0,6.0,120.0
19273,436,118.0,3.0,101.0,6.0,10893.0
19274,436,183.0,6.0,85.0,6.0,6149.0
19275,436,158.0,7.0,57.0,6.0,7058.0
19276,436,154.0,2.0,99.0,6.0,36372.0
19277,436,154.0,2.0,99.0,6.0,21496.0
19295,2035,166.0,3.0,95.0,11.0,303.0
19296,2035,150.0,3.0,41.0,11.0,130.0
19297,2035,158.0,0.0,0.0,11.0,10006.0
19298,2035,166.0,3.0,95.0,11.0,197.0
19299,2035,153.0,2.0,99.0,11.0,745.0
19300,2035,166.0,3.0,95.0,11.0,107.0
19301,2035,158.0,7.0,92.0,11.0,154.0
19302,2035,150.0,3.0,41.0,11.0,64.0
19303,2035,166.0,3.0,95.0,11.0,12991.0
19304,2035,153.0,2.0,99.0,11.0,1024.0
19345,394,118.0,3.0,101.0,8.0,720.0
19346,394,118.0,3.0,101.0,8.0,953.0
19347,394,154.0,2.0,99.0,8.0,15844.0
19348,394,154.0,2.0,99.0,8.0,7086.0
19349,394,81.0,7.0,99.0,8.0,39350.0
19350,394,154.0,2.0,99.0,8.0,8675.0
19351,394,118.0,3.0,101.0,8.0,1059.0
19352,394,118.0,3.0,101.0,8.0,958.0
19353,394,154.0,2.0,99.0,8.0,12385.0
19354,394,23.0,2.0,17.0,8.0,672.0
19355,238,158.0,7.0,57.0,8.0,129.0
19356,238,23.0,2.0,17.0,8.0,1749.0
19357,238,31.0,6.0,20.0,8.0,501.0
19358,238,16.0,2.0,20.0,8.0,92095.0
19359,238,23.0,2.0,17.0,8.0,884.0
19360,238,118.0,3.0,101.0,8.0,694.0
19361,238,158.0,7.0,57.0,8.0,32581.0
19362,238,49.0,2.0,19.0,8.0,48688.0
19363,238,9.0,2.0,14.0,8.0,784.0
19364,238,23.0,2.0,17.0,8.0,871.0
19395,2554,43.0,2.0,20.0,11.0,8554.0
19396,2554,43.0,2.0,20.0,11.0,9941.0
19397,2554,43.0,2.0,20.0,11.0,55513.0
19475,2651,56.0,7.0,26.0,6.0,424.0
19476,2651,74.0,3.0,34.0,6.0,15042.0
19477,2651,118.0,3.0,101.0,6.0,3495.0
19478,2651,118.0,3.0,101.0,6.0,280.0
19479,2651,165.0,3.0,78.0,6.0,555.0
19480,2651,49.0,2.0,19.0,6.0,75533.0
19481,2651,154.0,2.0,99.0,6.0,33889.0
19482,2651,23.0,2.0,17.0,6.0,896.0
19483,2651,23.0,2.0,17.0,6.0,880.0
19484,2651,118.0,3.0,101.0,6.0,1379.0
19505,2252,15.0,0.0,0.0,8.0,320724.0
19506,2252,15.0,0.0,0.0,8.0,18176.0
19507,2252,158.0,7.0,92.0,8.0,909.0
19508,2252,60.0,7.0,28.0,8.0,1845.0
19509,2252,118.0,3.0,101.0,8.0,2459.0
19510,2252,61.0,7.0,68.0,8.0,3084.0
19511,2252,159.0,3.0,93.0,8.0,2987.0
19512,2252,89.0,0.0,0.0,8.0,0.0
19513,2252,142.0,0.0,0.0,8.0,638.0
19514,2252,60.0,7.0,28.0,8.0,2779.0
19525,721,22.0,0.0,0.0,8.0,9.0
19526,721,154.0,2.0,99.0,8.0,66169.0
19527,721,159.0,3.0,93.0,8.0,1032.0
19528,721,154.0,2.0,99.0,8.0,2062.0
19529,721,74.0,3.0,34.0,8.0,4.0
19530,721,154.0,2.0,99.0,8.0,19034.0
19531,721,154.0,2.0,99.0,8.0,18409.0
19532,721,183.0,6.0,85.0,8.0,55620.0
19533,721,81.0,7.0,99.0,8.0,2183.0
19534,721,154.0,2.0,99.0,8.0,6759.0
19535,89,154.0,2.0,99.0,7.0,4577.0
19536,89,154.0,2.0,99.0,7.0,1534.0
19537,89,23.0,2.0,17.0,7.0,5401.0
19538,89,154.0,2.0,99.0,7.0,1834.0
19539,89,118.0,3.0,101.0,7.0,3274.0
19540,89,81.0,7.0,99.0,7.0,60948.0
19541,89,154.0,2.0,99.0,7.0,5550.0
19542,89,154.0,2.0,99.0,7.0,8370.0
19543,89,154.0,2.0,99.0,7.0,32246.0
19544,89,154.0,2.0,99.0,7.0,3214.0
19558,3185,31.0,6.0,20.0,6.0,688.0
19559,3185,31.0,6.0,20.0,6.0,461.0
19560,3185,31.0,6.0,20.0,6.0,1183.0
19561,3185,93.0,7.0,44.0,6.0,3892.0
19562,3185,23.0,2.0,17.0,6.0,7.0
19563,3185,33.0,6.0,43.0,6.0,9434.0
19564,3185,159.0,3.0,93.0,6.0,911.0
19565,3185,23.0,2.0,17.0,6.0,64.0
19566,3185,9.0,2.0,14.0,6.0,94.0
19567,3185,31.0,6.0,20.0,6.0,1020.0
19568,2150,133.0,7.0,50.0,8.0,4104.0
19569,2150,54.0,6.0,24.0,8.0,456961.0
19570,2150,2.0,4.0,49.0,8.0,429128.0
19571,2150,187.0,0.0,0.0,8.0,25489.0
19572,2150,49.0,2.0,19.0,8.0,52782.0
19573,2150,118.0,3.0,101.0,8.0,76971.0
19574,2150,165.0,3.0,78.0,8.0,470.0
19575,2150,133.0,7.0,50.0,8.0,1044597.0
19576,2150,56.0,7.0,26.0,8.0,470.0
19577,2150,116.0,1.0,62.0,8.0,1000.0
19578,630,107.0,0.0,0.0,8.0,150.0
19579,630,118.0,3.0,101.0,8.0,1736.0
19580,630,23.0,2.0,17.0,8.0,311.0
19581,630,23.0,2.0,17.0,8.0,428.0
19582,630,158.0,7.0,92.0,8.0,13645.0
19583,630,142.0,0.0,0.0,8.0,34.0
19584,630,81.0,7.0,97.0,8.0,774.0
19585,630,133.0,7.0,50.0,8.0,7269.0
19586,630,118.0,3.0,101.0,8.0,979.0
19587,630,165.0,3.0,78.0,8.0,74.0
19630,2749,105.0,0.0,0.0,8.0,9048.0
19631,2749,183.0,6.0,85.0,8.0,7172.0
19632,2749,158.0,7.0,57.0,8.0,14984.0
19633,2749,74.0,3.0,34.0,8.0,348.0
19634,2749,118.0,3.0,101.0,8.0,1298.0
19635,2749,118.0,3.0,101.0,8.0,101.0
19636,368,118.0,3.0,101.0,8.0,0.0
19637,368,147.0,7.0,60.0,8.0,2626.0
19638,368,31.0,6.0,20.0,8.0,606.0
19639,368,178.0,7.0,104.0,8.0,14601.0
19640,368,158.0,7.0,57.0,8.0,0.0
19641,368,31.0,6.0,20.0,8.0,574.0
19642,368,158.0,7.0,57.0,8.0,44.0
19643,368,158.0,7.0,57.0,8.0,15.0
19644,368,118.0,3.0,101.0,8.0,50.0
19645,368,81.0,7.0,50.0,8.0,113876.0
19666,3126,54.0,6.0,24.0,8.0,191015.0
19667,3126,147.0,7.0,60.0,8.0,1715.0
19668,3126,39.0,7.0,12.0,8.0,105106.0
19669,3126,39.0,7.0,12.0,8.0,1475.0
19670,3126,49.0,2.0,19.0,8.0,31551.0
19671,3126,147.0,7.0,60.0,8.0,1824.0
19672,3126,74.0,3.0,34.0,8.0,3640.0
19673,3126,56.0,7.0,26.0,8.0,2208.0
19674,3126,116.0,1.0,62.0,8.0,0.0
19675,3126,56.0,7.0,26.0,8.0,391.0
19676,2962,31.0,6.0,20.0,8.0,422.0
19677,2962,142.0,0.0,0.0,8.0,303.0
19678,2962,74.0,3.0,34.0,8.0,174.0
19679,2962,74.0,3.0,34.0,8.0,357.0
19680,2962,74.0,3.0,34.0,8.0,362.0
19681,2962,16.0,2.0,20.0,8.0,76805.0
19682,2962,165.0,3.0,78.0,8.0,881.0
19683,2962,142.0,0.0,0.0,8.0,290.0
19684,2962,23.0,2.0,17.0,8.0,72.0
19685,2962,31.0,6.0,20.0,8.0,546.0
19686,2846,165.0,3.0,78.0,6.0,393.0
19687,2846,165.0,3.0,78.0,6.0,803.0
19688,2846,23.0,2.0,17.0,6.0,45.0
19689,2846,16.0,2.0,20.0,6.0,29248.0
19690,2846,74.0,3.0,34.0,11.0,1738.0
19691,2846,78.0,0.0,0.0,6.0,3096.0
19692,2846,31.0,6.0,20.0,6.0,648.0
19693,2846,23.0,2.0,17.0,6.0,77.0
19694,2846,158.0,7.0,57.0,6.0,284.0
19695,2846,118.0,3.0,101.0,6.0,0.0
19746,2322,54.0,6.0,24.0,6.0,45200.0
19747,2322,30.0,6.0,7.0,6.0,55104.0
19748,2322,147.0,6.0,65.0,6.0,34125.0
19749,2322,30.0,6.0,7.0,6.0,244914.0
19750,2322,147.0,7.0,60.0,6.0,1020.0
19751,2322,30.0,6.0,7.0,6.0,31880.0
19752,2322,159.0,3.0,93.0,6.0,1725.0
19753,2322,30.0,6.0,7.0,6.0,18818.0
19754,2322,147.0,7.0,60.0,6.0,7350.0
19755,2322,0.0,4.0,49.0,11.0,1198414.0
19826,2523,158.0,7.0,57.0,8.0,7680.0
19827,2523,107.0,0.0,0.0,8.0,153.0
19828,2523,118.0,3.0,101.0,8.0,966.0
19829,2523,23.0,2.0,17.0,8.0,397.0
19830,2523,118.0,3.0,101.0,8.0,150.0
19831,2523,23.0,2.0,17.0,8.0,30.0
19832,2523,154.0,2.0,99.0,8.0,10381.0
19833,2523,154.0,2.0,99.0,8.0,7677.0
19834,2523,165.0,3.0,78.0,8.0,932.0
19835,2523,158.0,7.0,57.0,8.0,15953.0
19836,1860,107.0,0.0,0.0,6.0,21.0
19837,1860,118.0,3.0,101.0,6.0,617.0
19838,1860,81.0,7.0,99.0,6.0,22833.0
19839,1860,23.0,2.0,17.0,6.0,470.0
19840,1860,118.0,3.0,101.0,6.0,529.0
19841,1860,49.0,2.0,19.0,11.0,92676.0
19842,1860,23.0,2.0,17.0,6.0,96.0
19843,1860,118.0,3.0,101.0,6.0,1068.0
19844,1860,77.0,0.0,0.0,6.0,691.0
19845,1860,165.0,3.0,78.0,6.0,152.0
19846,1173,158.0,7.0,92.0,11.0,66.0
19847,1173,166.0,3.0,95.0,11.0,28208.0
19848,1173,158.0,7.0,56.0,8.0,888.0
19849,1173,154.0,2.0,99.0,8.0,692.0
19850,1173,150.0,3.0,41.0,11.0,13049.0
19851,1173,65.0,0.0,0.0,0.0,352.0
19852,1173,150.0,3.0,41.0,11.0,226.0
19853,1173,154.0,2.0,99.0,8.0,8014.0
19854,1173,158.0,7.0,92.0,8.0,263.0
19855,1173,166.0,3.0,95.0,11.0,19.0
19886,2586,158.0,7.0,57.0,8.0,14447.0
19887,2586,93.0,7.0,44.0,8.0,3687.0
19888,2586,183.0,6.0,85.0,8.0,7302.0
19889,2586,74.0,3.0,34.0,8.0,737.0
19890,2586,183.0,6.0,85.0,8.0,9961.0
19891,2586,183.0,6.0,85.0,8.0,9081.0
19892,2586,158.0,7.0,57.0,8.0,2267.0
19893,2586,56.0,7.0,26.0,8.0,576.0
19894,2586,162.0,7.0,77.0,8.0,2636.0
19895,2586,33.0,6.0,43.0,8.0,7388.0
19936,3246,31.0,6.0,20.0,6.0,362.0
19937,3246,118.0,3.0,101.0,6.0,631.0
19938,3246,165.0,3.0,78.0,6.0,442.0
19939,3246,81.0,7.0,99.0,6.0,1923.0
19940,3246,23.0,2.0,17.0,6.0,68.0
19941,3246,74.0,3.0,34.0,6.0,299.0
19942,3246,158.0,7.0,57.0,6.0,195.0
19943,3246,23.0,2.0,17.0,6.0,56.0
19944,3246,81.0,7.0,99.0,6.0,1072.0
19945,3246,165.0,3.0,78.0,6.0,328.0
19966,215,147.0,7.0,60.0,8.0,1414.0
19967,215,49.0,2.0,19.0,2.0,745304.0
19968,215,147.0,6.0,65.0,8.0,270050.0
19969,215,54.0,6.0,24.0,8.0,165302.0
19970,215,116.0,1.0,62.0,8.0,0.0
19971,215,39.0,7.0,12.0,8.0,93763.0
19972,215,147.0,7.0,60.0,8.0,436.0
19973,215,74.0,3.0,34.0,8.0,4045.0
19974,215,187.0,0.0,0.0,8.0,97985.0
19975,141,183.0,6.0,85.0,6.0,43485.0
19976,141,165.0,3.0,78.0,6.0,911.0
19977,141,118.0,3.0,101.0,6.0,700.0
19978,141,183.0,6.0,85.0,6.0,10771.0
19979,141,81.0,7.0,99.0,6.0,3019.0
19980,141,154.0,2.0,99.0,6.0,10584.0
19981,141,158.0,7.0,57.0,6.0,3904.0
19982,141,158.0,7.0,57.0,6.0,17735.0
19983,141,158.0,7.0,57.0,6.0,6948.0
19984,141,183.0,6.0,85.0,6.0,5070.0
19989,2726,153.0,2.0,99.0,2.0,12935.0
19990,2726,153.0,2.0,99.0,2.0,2884.0
19991,2726,183.0,6.0,87.0,2.0,2931.0
19992,2726,44.0,7.0,97.0,2.0,150.0
19993,2726,103.0,6.0,53.0,2.0,462.0
19994,2726,6.0,0.0,0.0,2.0,107.0
19995,2726,6.0,0.0,0.0,2.0,124.0
20066,101,61.0,7.0,68.0,6.0,10460.0
20067,101,131.0,0.0,0.0,6.0,1094.0
20068,101,134.0,6.0,73.0,6.0,1311.0
20069,101,158.0,7.0,92.0,6.0,42.0
20070,101,22.0,0.0,0.0,6.0,113.0
20071,101,133.0,7.0,50.0,6.0,1903.0
20072,101,60.0,7.0,28.0,6.0,7465.0
20073,101,22.0,0.0,0.0,6.0,99.0
20074,101,165.0,3.0,78.0,6.0,235.0
20075,101,133.0,7.0,50.0,6.0,4175.0
20097,512,31.0,6.0,20.0,6.0,1041.0
20098,512,175.0,0.0,0.0,6.0,457.0
20099,512,60.0,7.0,28.0,6.0,7578.0
20100,512,93.0,7.0,44.0,6.0,2709.0
20101,512,133.0,7.0,50.0,6.0,5736.0
20102,512,181.0,3.0,84.0,0.0,695.0
20103,512,74.0,3.0,34.0,6.0,585.0
20104,512,160.0,0.0,0.0,6.0,21137.0
20105,512,6.0,0.0,0.0,0.0,55994.0
20106,512,181.0,3.0,84.0,0.0,29131.0
20107,664,166.0,3.0,95.0,11.0,29.0
20108,664,54.0,0.0,0.0,11.0,1048.0
20109,664,181.0,3.0,84.0,11.0,726.0
20110,664,150.0,3.0,41.0,11.0,6911.0
20111,664,54.0,0.0,0.0,11.0,468.0
20112,664,158.0,7.0,57.0,11.0,51.0
20113,664,183.0,6.0,87.0,11.0,283.0
20114,664,158.0,7.0,57.0,11.0,200.0
20115,664,81.0,3.0,72.0,11.0,649.0
20116,664,158.0,0.0,0.0,0.0,102.0
20117,1196,56.0,7.0,26.0,8.0,34282.0
20118,1196,131.0,0.0,0.0,8.0,743.0
20119,1196,88.0,0.0,0.0,8.0,28526.0
20120,1196,165.0,3.0,78.0,8.0,87.0
20121,1196,49.0,2.0,19.0,8.0,7110.0
20122,1196,60.0,7.0,28.0,8.0,282361.0
20123,1196,37.0,5.0,55.0,8.0,22625.0
20124,1196,61.0,7.0,68.0,8.0,921.0
20125,1196,78.0,0.0,0.0,8.0,7727.0
20126,1196,154.0,2.0,99.0,8.0,4915.0
20127,1512,15.0,0.0,0.0,6.0,118190.0
20128,1512,78.0,0.0,0.0,6.0,733.0
20129,1512,78.0,0.0,0.0,6.0,614.0
20130,1512,87.0,0.0,0.0,6.0,23434.0
20131,1512,56.0,7.0,26.0,2.0,533.0
20132,1512,74.0,3.0,34.0,2.0,2041.0
20133,1512,19.0,0.0,0.0,6.0,510.0
20134,1512,78.0,0.0,0.0,6.0,7400.0
20135,1512,187.0,0.0,0.0,6.0,22944.0
20136,1512,46.0,0.0,0.0,6.0,3180.0
20137,794,61.0,7.0,68.0,8.0,646.0
20138,794,114.0,7.0,2.0,8.0,854.0
20139,794,115.0,0.0,0.0,8.0,7931.0
20140,794,81.0,3.0,96.0,8.0,630.0
20141,794,56.0,7.0,26.0,8.0,863.0
20142,794,86.0,0.0,0.0,8.0,12343.0
20143,794,158.0,7.0,92.0,8.0,762.0
20144,794,86.0,0.0,0.0,8.0,0.0
20145,794,158.0,7.0,92.0,8.0,22119.0
20146,794,49.0,2.0,19.0,8.0,47584.0
20147,2168,158.0,7.0,57.0,6.0,1701.0
20148,2168,154.0,2.0,99.0,6.0,17145.0
20149,2168,81.0,7.0,99.0,6.0,441.0
20150,2168,81.0,7.0,99.0,6.0,43331.0
20151,2168,60.0,7.0,28.0,6.0,28243.0
20152,2168,106.0,0.0,0.0,6.0,93387.0
20153,2168,165.0,3.0,78.0,6.0,637.0
20154,2168,158.0,7.0,57.0,6.0,14866.0
20155,2168,165.0,3.0,78.0,6.0,899.0
20156,2168,81.0,7.0,99.0,6.0,40959.0
20157,1716,158.0,7.0,92.0,11.0,50.0
20158,1716,153.0,2.0,99.0,11.0,7424.0
20159,1716,153.0,2.0,99.0,11.0,58331.0
20160,1716,158.0,0.0,0.0,0.0,83.0
20161,1716,153.0,2.0,99.0,11.0,1873.0
20162,1716,153.0,2.0,99.0,11.0,2568.0
20163,1716,158.0,7.0,57.0,11.0,58.0
20164,1716,153.0,2.0,99.0,11.0,41568.0
20165,1716,103.0,6.0,53.0,11.0,1779.0
20166,1716,91.0,7.0,91.0,11.0,32.0
20207,1887,74.0,3.0,34.0,8.0,1290.0
20208,1887,118.0,3.0,101.0,8.0,1354.0
20209,1887,105.0,0.0,0.0,8.0,0.0
20210,1887,118.0,3.0,101.0,8.0,1386.0
20211,1887,118.0,3.0,101.0,8.0,988.0
20212,1887,165.0,3.0,78.0,8.0,2148.0
20213,1887,118.0,3.0,101.0,8.0,19.0
20214,1887,118.0,3.0,101.0,8.0,3.0
20215,1887,23.0,2.0,17.0,8.0,1986.0
20216,1887,165.0,3.0,78.0,8.0,303.0
20227,2821,154.0,2.0,99.0,6.0,138035.0
20228,2821,81.0,7.0,99.0,6.0,43117.0
20229,2821,81.0,7.0,99.0,6.0,1132.0
20230,2821,118.0,3.0,101.0,6.0,1956.0
20231,2821,154.0,2.0,99.0,6.0,19155.0
20232,2821,118.0,3.0,101.0,6.0,27993.0
20233,2821,154.0,2.0,99.0,6.0,1443.0
20234,2821,81.0,7.0,99.0,6.0,1050.0
20235,2821,158.0,7.0,57.0,6.0,9774.0
20236,2821,158.0,7.0,57.0,6.0,67954.0
20307,608,49.0,2.0,19.0,6.0,16583.0
20308,608,118.0,3.0,101.0,6.0,610.0
20309,608,178.0,7.0,104.0,6.0,2956.0
20310,608,118.0,3.0,101.0,6.0,885.0
20311,608,32.0,1.0,10.0,6.0,5656.0
20312,608,187.0,0.0,0.0,6.0,17648.0
20313,608,49.0,2.0,19.0,6.0,8179.0
20314,608,47.0,0.0,0.0,6.0,13866.0
20315,608,77.0,0.0,0.0,6.0,833.0
20316,608,81.0,0.0,0.0,6.0,31709.0
20397,1751,187.0,0.0,0.0,8.0,19175.0
20398,1751,60.0,7.0,28.0,8.0,20628.0
20399,1751,118.0,3.0,101.0,8.0,1114.0
20400,1751,91.0,7.0,91.0,11.0,12.0
20401,1751,56.0,7.0,26.0,8.0,747.0
20402,1751,133.0,7.0,50.0,8.0,4601.0
20403,1751,116.0,1.0,62.0,8.0,4488.0
20404,1751,158.0,0.0,0.0,11.0,26.0
20405,1751,133.0,7.0,50.0,8.0,712.0
20406,1751,21.0,0.0,0.0,8.0,45.0
20427,2982,154.0,2.0,99.0,6.0,299.0
20428,2982,39.0,7.0,12.0,6.0,12825.0
20429,2982,154.0,2.0,99.0,6.0,8301.0
20430,2982,54.0,0.0,0.0,6.0,137470.0
20431,2982,23.0,2.0,17.0,6.0,52285.0
20432,2982,118.0,3.0,101.0,6.0,781.0
20433,2982,118.0,3.0,101.0,6.0,373.0
20434,2982,159.0,3.0,93.0,6.0,843.0
20435,2982,74.0,3.0,34.0,11.0,1271.0
20436,2982,154.0,2.0,99.0,6.0,1760.0
20437,1429,158.0,7.0,56.0,8.0,171387.0
20438,1429,158.0,7.0,57.0,8.0,36350.0
20439,1429,23.0,2.0,17.0,8.0,112.0
20440,1429,81.0,7.0,99.0,8.0,82181.0
20441,1429,158.0,7.0,57.0,8.0,13513.0
20442,1429,158.0,7.0,57.0,8.0,47.0
20443,1429,81.0,7.0,99.0,8.0,3628.0
20444,1429,81.0,7.0,99.0,8.0,7926.0
20445,1429,16.0,2.0,20.0,8.0,18357.0
20446,1429,118.0,3.0,101.0,8.0,758.0
20536,993,31.0,6.0,20.0,10.0,453.0
20537,993,158.0,7.0,57.0,10.0,11442.0
20538,993,154.0,2.0,99.0,10.0,10561.0
20539,993,154.0,2.0,99.0,10.0,4303.0
20540,993,154.0,2.0,99.0,10.0,2136.0
20541,993,154.0,2.0,99.0,10.0,9180.0
20542,993,158.0,7.0,57.0,10.0,330283.0
20543,993,154.0,2.0,99.0,10.0,5.0
20544,993,74.0,3.0,34.0,10.0,1797.0
20545,993,154.0,2.0,99.0,10.0,11994.0
20546,1386,81.0,7.0,48.0,11.0,2225.0
20547,1386,153.0,2.0,99.0,11.0,44332.0
20548,1386,44.0,7.0,97.0,11.0,5290.0
20549,1386,141.0,3.0,40.0,11.0,6563.0
20550,1386,6.0,0.0,0.0,11.0,459.0
20551,1386,81.0,0.0,0.0,11.0,3669.0
20552,1386,158.0,7.0,92.0,11.0,431.0
20553,1386,150.0,3.0,41.0,11.0,289.0
20554,1386,6.0,0.0,0.0,11.0,11831.0
20555,1386,181.0,3.0,84.0,11.0,492.0
20556,1889,60.0,7.0,28.0,8.0,602.0
20557,1889,78.0,0.0,0.0,8.0,2305.0
20558,1889,187.0,0.0,0.0,8.0,24123.0
20559,1889,60.0,7.0,28.0,8.0,947.0
20560,1889,160.0,0.0,0.0,8.0,372610.0
20561,1889,118.0,3.0,101.0,8.0,1640.0
20562,1889,178.0,7.0,104.0,8.0,1971.0
20563,1889,118.0,3.0,101.0,8.0,27.0
20564,1889,165.0,3.0,78.0,8.0,2485.0
20565,1889,81.0,0.0,0.0,8.0,1285.0
20576,2814,88.0,0.0,0.0,6.0,39030.0
20577,2814,81.0,0.0,0.0,6.0,1772.0
20578,2814,32.0,1.0,10.0,6.0,856426.0
20579,2814,146.0,2.0,70.0,6.0,1121.0
20580,2814,60.0,7.0,28.0,6.0,7030.0
20581,2814,23.0,2.0,17.0,6.0,1117.0
20582,2814,19.0,0.0,0.0,6.0,62.0
20583,2814,49.0,2.0,19.0,6.0,179611.0
20584,2814,178.0,7.0,104.0,6.0,3898.0
20585,2814,183.0,6.0,88.0,6.0,19816.0
20606,323,7.0,0.0,0.0,6.0,3702.0
20607,323,27.0,2.0,8.0,6.0,1998.0
20608,323,53.0,2.0,22.0,6.0,15465.0
20609,323,53.0,2.0,22.0,6.0,11848.0
20610,323,171.0,0.0,0.0,6.0,31443.0
20611,323,53.0,2.0,22.0,6.0,15120.0
20612,323,80.0,7.0,58.0,6.0,3277.0
20613,323,50.0,6.0,54.0,6.0,2137.0
20614,323,28.0,2.0,9.0,6.0,640.0
20615,323,29.0,0.0,0.0,6.0,1.0
20644,855,158.0,7.0,92.0,10.0,191694.0
20645,855,118.0,3.0,101.0,10.0,2096.0
20646,855,159.0,3.0,93.0,10.0,2139.0
20647,855,154.0,2.0,99.0,10.0,1131.0
20648,855,23.0,2.0,17.0,10.0,13662.0
20649,855,154.0,2.0,99.0,10.0,9076.0
20650,855,118.0,3.0,101.0,10.0,2286.0
20651,855,31.0,6.0,20.0,10.0,599.0
20652,855,81.0,7.0,99.0,10.0,30154.0
20653,855,16.0,2.0,20.0,10.0,41358.0
20683,378,118.0,3.0,101.0,6.0,113.0
20684,378,23.0,2.0,17.0,6.0,1337.0
20685,378,74.0,3.0,34.0,6.0,905.0
20686,378,105.0,0.0,0.0,6.0,2553.0
20687,378,158.0,7.0,57.0,6.0,587.0
20688,378,118.0,3.0,101.0,6.0,125.0
20689,378,74.0,3.0,34.0,6.0,971.0
20690,378,183.0,6.0,85.0,6.0,5905.0
20711,1637,6.0,0.0,0.0,1.0,286.0
20712,1637,6.0,0.0,0.0,1.0,138.0
20713,1637,44.0,7.0,97.0,1.0,429.0
20714,1637,44.0,7.0,97.0,1.0,36.0
20715,1637,6.0,0.0,0.0,1.0,247.0
20716,1637,103.0,6.0,53.0,1.0,21.0
20717,1637,44.0,7.0,97.0,1.0,594151.0
20718,1637,6.0,0.0,0.0,1.0,31213.0
20719,1637,183.0,6.0,87.0,1.0,696.0
20720,1637,44.0,7.0,97.0,1.0,228821.0
20731,994,147.0,6.0,65.0,8.0,61179.0
20732,994,147.0,7.0,60.0,8.0,1688.0
20733,994,74.0,3.0,34.0,8.0,5348.0
20734,994,187.0,0.0,0.0,8.0,37926.0
20735,994,49.0,2.0,19.0,8.0,261707.0
20736,994,147.0,7.0,60.0,8.0,571.0
20737,994,178.0,7.0,104.0,8.0,64375.0
20738,994,56.0,7.0,26.0,8.0,3729.0
20739,994,54.0,6.0,24.0,8.0,482397.0
20740,994,56.0,7.0,26.0,8.0,424.0
20758,217,147.0,7.0,60.0,6.0,778.0
20759,217,39.0,7.0,12.0,6.0,6062.0
20760,217,187.0,0.0,0.0,6.0,9650.0
20761,217,54.0,6.0,24.0,6.0,68884.0
20762,217,126.0,0.0,0.0,6.0,364481.0
20763,217,147.0,6.0,65.0,6.0,10386.0
20764,217,23.0,2.0,17.0,6.0,730.0
20765,217,118.0,3.0,101.0,6.0,12.0
20766,217,187.0,0.0,0.0,6.0,43334.0
20767,217,147.0,7.0,60.0,6.0,1978.0
20798,2377,158.0,0.0,0.0,0.0,452.0
20799,694,81.0,7.0,99.0,6.0,52602.0
20800,694,154.0,2.0,99.0,6.0,15703.0
20801,694,118.0,3.0,101.0,6.0,9815.0
20802,694,158.0,7.0,57.0,6.0,29156.0
20803,694,81.0,7.0,99.0,6.0,14881.0
20804,694,154.0,2.0,99.0,6.0,2542.0
20805,694,154.0,2.0,99.0,6.0,3730.0
20806,694,23.0,2.0,17.0,6.0,412.0
20807,694,91.0,0.0,0.0,6.0,248.0
20808,694,23.0,2.0,17.0,6.0,1174.0
20867,3071,56.0,7.0,26.0,6.0,861.0
20868,3071,147.0,7.0,60.0,6.0,1365.0
20869,3071,147.0,7.0,60.0,6.0,1621.0
20870,3071,187.0,0.0,0.0,6.0,14143.0
20871,3071,49.0,2.0,19.0,6.0,11837.0
20872,3071,147.0,6.0,65.0,6.0,9621.0
20873,3071,54.0,6.0,24.0,6.0,444089.0
20874,3071,147.0,7.0,60.0,6.0,12041.0
20875,3071,116.0,1.0,62.0,6.0,106410.0
20876,3071,74.0,3.0,34.0,6.0,3783.0
20948,724,60.0,7.0,28.0,6.0,19667.0
20949,724,80.0,7.0,58.0,6.0,2859.0
20950,724,96.0,2.0,52.0,6.0,37615.0
20951,724,96.0,2.0,52.0,6.0,15689.0
20952,724,74.0,3.0,34.0,6.0,298.0
20953,724,177.0,0.0,0.0,6.0,11.0
20954,724,78.0,0.0,0.0,6.0,597.0
20955,724,5.0,0.0,0.0,6.0,11307.0
20956,724,5.0,0.0,0.0,6.0,8479.0
20957,724,32.0,1.0,10.0,6.0,2298.0
20968,46,154.0,2.0,99.0,10.0,4864.0
20969,46,154.0,2.0,99.0,10.0,6299.0
20970,46,154.0,2.0,99.0,10.0,19802.0
20971,46,118.0,3.0,101.0,10.0,4587.0
20972,46,165.0,3.0,78.0,10.0,134.0
20973,46,158.0,7.0,57.0,10.0,662.0
20974,46,118.0,3.0,101.0,10.0,450.0
20975,46,118.0,3.0,101.0,10.0,3747.0
20976,46,154.0,2.0,99.0,10.0,1549.0
20977,46,74.0,3.0,34.0,10.0,792.0
20987,720,118.0,3.0,101.0,6.0,155944.0
20988,720,74.0,3.0,34.0,6.0,681.0
20989,720,23.0,2.0,17.0,6.0,87.0
20990,720,31.0,6.0,20.0,6.0,959.0
20991,720,165.0,3.0,78.0,6.0,502.0
20992,720,165.0,3.0,78.0,6.0,412.0
20993,720,133.0,7.0,50.0,6.0,1505.0
20994,720,118.0,3.0,101.0,6.0,197078.0
20995,720,165.0,3.0,78.0,6.0,1039.0
20996,720,23.0,2.0,17.0,6.0,13.0
20997,2175,10.0,0.0,0.0,6.0,84.0
20998,2175,116.0,1.0,62.0,6.0,170328.0
20999,2175,165.0,3.0,78.0,6.0,554.0
21000,2175,23.0,2.0,17.0,6.0,48.0
21001,2175,56.0,7.0,26.0,6.0,655.0
21002,2175,49.0,2.0,19.0,6.0,22847.0
21003,2175,74.0,3.0,34.0,6.0,811.0
21004,2175,118.0,3.0,101.0,6.0,1008.0
21005,2175,147.0,6.0,65.0,6.0,33285.0
21006,2175,183.0,6.0,88.0,6.0,6220.0
21027,1958,154.0,2.0,99.0,6.0,599.0
21028,1958,118.0,3.0,101.0,6.0,954.0
21029,1958,159.0,3.0,93.0,6.0,727.0
21030,1958,165.0,3.0,78.0,6.0,30.0
21031,1958,154.0,2.0,99.0,6.0,18434.0
21032,1958,183.0,6.0,85.0,6.0,14.0
21033,1958,81.0,7.0,97.0,6.0,128.0
21034,1958,22.0,0.0,0.0,6.0,5.0
21035,1958,118.0,3.0,101.0,6.0,111.0
21036,1958,158.0,7.0,57.0,6.0,492.0
21042,2340,81.0,7.0,99.0,8.0,1481.0
21043,2340,95.0,2.0,51.0,8.0,20306.0
21044,2340,74.0,3.0,34.0,8.0,0.0
21045,2340,158.0,7.0,57.0,8.0,459.0
21046,2340,39.0,7.0,12.0,8.0,652.0
21047,2340,39.0,7.0,12.0,8.0,322.0
21048,2340,80.0,7.0,58.0,8.0,59317.0
21049,2340,81.0,7.0,99.0,8.0,0.0
21050,2340,118.0,3.0,101.0,8.0,80405.0
21051,2340,74.0,3.0,34.0,8.0,239.0
21062,176,126.0,0.0,0.0,6.0,217.0
21063,176,147.0,6.0,65.0,6.0,8455.0
21064,176,54.0,6.0,24.0,6.0,168647.0
21065,176,39.0,7.0,12.0,6.0,164646.0
21066,176,116.0,1.0,62.0,6.0,6982.0
21067,176,187.0,0.0,0.0,6.0,20578.0
21068,176,49.0,2.0,19.0,11.0,1170737.0
21069,176,74.0,3.0,34.0,11.0,599.0
21070,176,54.0,6.0,24.0,6.0,54368.0
21071,176,147.0,7.0,60.0,6.0,1914.0
21072,1989,74.0,3.0,34.0,6.0,695.0
21073,1989,81.0,7.0,50.0,6.0,136042.0
21074,1989,66.0,0.0,0.0,0.0,111320.0
21075,1989,36.0,0.0,0.0,6.0,18750.0
21076,1989,39.0,7.0,12.0,6.0,1119830.0
21077,1989,39.0,7.0,12.0,6.0,117943.0
21078,1989,65.0,0.0,0.0,0.0,578115.0
21079,1989,23.0,2.0,17.0,6.0,759497.0
21080,1989,158.0,0.0,0.0,0.0,198.0
21081,1989,81.0,7.0,50.0,6.0,13704.0
21092,2343,33.0,6.0,43.0,8.0,273.0
21093,2343,74.0,3.0,34.0,8.0,238.0
21094,2343,74.0,3.0,34.0,8.0,77.0
21095,2343,183.0,6.0,85.0,8.0,24881.0
21096,2343,118.0,3.0,101.0,8.0,44.0
21097,2343,118.0,3.0,101.0,8.0,66.0
21098,681,10.0,0.0,0.0,6.0,73.0
21099,681,50.0,6.0,54.0,6.0,11852.0
21100,681,54.0,6.0,24.0,6.0,22875.0
21101,681,56.0,7.0,26.0,6.0,7336.0
21102,681,49.0,2.0,19.0,6.0,361584.0
21103,681,81.0,7.0,99.0,6.0,628.0
21104,681,118.0,3.0,101.0,6.0,785.0
21105,681,178.0,7.0,104.0,6.0,12393.0
21106,681,56.0,7.0,26.0,6.0,19443.0
21107,681,154.0,2.0,99.0,6.0,3655.0
21108,2766,49.0,2.0,19.0,11.0,81393.0
21109,2766,153.0,2.0,99.0,0.0,30693.0
21110,2766,158.0,7.0,57.0,0.0,29656.0
21111,2766,150.0,3.0,41.0,0.0,93663.0
21112,2766,153.0,2.0,99.0,0.0,5357.0
21113,2766,81.0,3.0,72.0,0.0,8673.0
21114,2766,153.0,2.0,99.0,0.0,40069.0
21115,2766,56.0,7.0,26.0,11.0,0.0
21116,2766,153.0,2.0,99.0,0.0,13230.0
21117,2766,150.0,3.0,41.0,0.0,1862.0
21164,1702,81.0,7.0,99.0,6.0,113658.0
21165,1702,158.0,7.0,57.0,6.0,85803.0
21166,1702,23.0,2.0,17.0,6.0,790.0
21167,1702,165.0,3.0,78.0,6.0,234.0
21168,1702,158.0,7.0,57.0,6.0,17585.0
21169,1702,118.0,3.0,101.0,6.0,683.0
21170,1702,23.0,2.0,17.0,6.0,844.0
21171,1702,23.0,2.0,17.0,6.0,908.0
21172,1702,165.0,3.0,78.0,6.0,265.0
21173,1702,158.0,7.0,57.0,6.0,26246.0
21184,3245,183.0,6.0,85.0,6.0,31621.0
21185,3245,118.0,3.0,101.0,6.0,85.0
21186,3245,165.0,3.0,78.0,6.0,190.0
21187,3245,74.0,3.0,34.0,6.0,790.0
21188,3245,183.0,6.0,85.0,6.0,41684.0
21189,3245,118.0,3.0,101.0,6.0,77.0
21190,3245,158.0,7.0,57.0,6.0,1754.0
21191,3245,118.0,3.0,101.0,6.0,1706.0
21192,3245,118.0,3.0,101.0,6.0,88.0
21193,3245,118.0,3.0,101.0,6.0,1281.0
21225,1731,44.0,7.0,97.0,1.0,1876.0
21226,1731,158.0,7.0,57.0,1.0,10337.0
21227,1731,44.0,7.0,97.0,1.0,478.0
21228,1731,6.0,0.0,0.0,1.0,94.0
21229,1731,183.0,6.0,87.0,1.0,60080.0
21230,1731,6.0,0.0,0.0,1.0,25223.0
21231,1731,6.0,0.0,0.0,1.0,134.0
21232,1731,183.0,6.0,87.0,1.0,171688.0
21233,1731,44.0,7.0,97.0,1.0,165330.0
21234,1731,153.0,2.0,99.0,1.0,21902.0
21285,1606,49.0,2.0,19.0,6.0,88935.0
21286,1606,31.0,6.0,20.0,6.0,925.0
21287,1606,56.0,7.0,26.0,6.0,898.0
21288,1606,74.0,3.0,34.0,6.0,815.0
21289,1606,56.0,7.0,26.0,6.0,2065.0
21290,848,183.0,6.0,85.0,1.0,21886.0
21291,848,183.0,6.0,85.0,1.0,64860.0
21292,848,183.0,6.0,85.0,1.0,29513.0
21293,848,183.0,6.0,85.0,1.0,9841.0
21294,848,6.0,0.0,0.0,1.0,141152.0
21295,848,158.0,7.0,57.0,1.0,10150.0
21296,848,44.0,7.0,97.0,1.0,7669.0
21297,848,183.0,6.0,85.0,1.0,17048.0
21298,848,94.0,7.0,47.0,2.0,6216.0
21299,848,91.0,7.0,91.0,1.0,442.0
21310,669,158.0,7.0,57.0,6.0,13129.0
21311,669,118.0,3.0,101.0,6.0,1454.0
21312,669,81.0,7.0,99.0,6.0,16468.0
21313,669,154.0,2.0,99.0,6.0,1913.0
21314,669,6.0,0.0,0.0,0.0,12453.0
21315,669,158.0,7.0,57.0,6.0,12250.0
21316,669,81.0,7.0,99.0,6.0,10936.0
21317,669,118.0,3.0,101.0,6.0,770.0
21318,669,118.0,3.0,101.0,6.0,120.0
21319,669,22.0,0.0,0.0,6.0,85.0
21330,2048,158.0,7.0,57.0,10.0,19853.0
21331,2048,174.0,2.0,42.0,10.0,205296.0
21332,2048,158.0,7.0,57.0,10.0,6108.0
21333,2048,154.0,2.0,99.0,10.0,1191.0
21334,2048,118.0,3.0,101.0,10.0,300.0
21335,2048,118.0,3.0,101.0,10.0,2201.0
21336,2048,158.0,7.0,57.0,10.0,33.0
21337,2048,158.0,7.0,57.0,10.0,45727.0
21338,2048,154.0,2.0,99.0,10.0,20697.0
21339,2048,165.0,3.0,78.0,10.0,200.0
21369,2877,158.0,7.0,57.0,8.0,147.0
21370,2877,116.0,1.0,62.0,8.0,52354.0
21371,2877,147.0,7.0,60.0,8.0,1154.0
21372,2877,23.0,2.0,17.0,8.0,68.0
21373,2877,165.0,3.0,78.0,8.0,71.0
21374,2877,74.0,3.0,34.0,8.0,521.0
21375,2877,158.0,7.0,57.0,8.0,398.0
21376,2877,56.0,7.0,26.0,8.0,238.0
21377,2877,56.0,7.0,26.0,8.0,532.0
21378,2877,158.0,7.0,56.0,8.0,25713.0
21379,482,147.0,7.0,60.0,6.0,2024.0
21380,482,49.0,2.0,19.0,6.0,20869.0
21381,482,116.0,1.0,62.0,6.0,1000.0
21382,482,56.0,7.0,26.0,6.0,603.0
21383,482,74.0,3.0,34.0,6.0,3660.0
21384,482,56.0,7.0,26.0,6.0,1982.0
21385,482,147.0,7.0,60.0,6.0,1712.0
21396,2822,56.0,7.0,26.0,8.0,2241.0
21397,2822,56.0,7.0,26.0,8.0,11804.0
21398,2822,158.0,7.0,92.0,8.0,273.0
21399,2822,74.0,3.0,34.0,8.0,500.0
21400,2822,159.0,3.0,93.0,8.0,1188.0
21401,2822,158.0,7.0,92.0,8.0,7806.0
21402,588,23.0,2.0,17.0,6.0,14.0
21403,588,64.0,0.0,0.0,11.0,78664.0
21404,588,165.0,3.0,78.0,6.0,577.0
21405,588,158.0,7.0,57.0,6.0,329.0
21406,588,165.0,3.0,78.0,6.0,1912.0
21407,588,165.0,3.0,78.0,6.0,68612.0
21408,588,23.0,2.0,17.0,6.0,4377.0
21409,588,23.0,2.0,17.0,6.0,44.0
21410,588,118.0,3.0,101.0,6.0,8.0
21411,588,165.0,3.0,78.0,6.0,30.0
21422,253,118.0,3.0,101.0,10.0,258.0
21423,253,118.0,3.0,101.0,10.0,1634.0
21424,253,133.0,7.0,50.0,10.0,48007.0
21425,253,154.0,2.0,99.0,10.0,10729.0
21426,253,118.0,3.0,101.0,10.0,1359.0
21427,253,36.0,0.0,0.0,10.0,25312.0
21428,253,118.0,3.0,101.0,10.0,17.0
21429,253,23.0,2.0,17.0,10.0,1548.0
21430,253,118.0,3.0,101.0,10.0,1163.0
21431,253,118.0,3.0,101.0,10.0,1545.0
21432,3192,154.0,2.0,99.0,10.0,19815.0
21433,3192,158.0,7.0,57.0,10.0,8200.0
21434,3192,165.0,3.0,78.0,10.0,1396.0
21435,3192,158.0,7.0,57.0,10.0,1054.0
21436,3192,81.0,7.0,99.0,10.0,26470.0
21437,3192,158.0,7.0,57.0,10.0,10163.0
21438,3192,158.0,0.0,0.0,0.0,3248.0
21439,3192,154.0,2.0,99.0,10.0,9704.0
21440,3192,23.0,2.0,17.0,10.0,1385.0
21441,3192,118.0,3.0,101.0,10.0,1.0
21482,3025,174.0,2.0,42.0,6.0,306732.0
21483,3025,31.0,6.0,20.0,6.0,436.0
21484,3025,174.0,2.0,42.0,6.0,28802.0
21485,1360,187.0,0.0,0.0,6.0,150.0
21486,1360,39.0,7.0,12.0,6.0,52056.0
21487,1360,158.0,7.0,57.0,6.0,28066.0
21488,1360,122.0,0.0,0.0,6.0,37750.0
21489,1360,118.0,3.0,101.0,6.0,895.0
21490,1360,81.0,7.0,99.0,6.0,521775.0
21491,1360,7.0,0.0,0.0,6.0,16078.0
21492,1360,118.0,3.0,101.0,6.0,1546.0
21493,1360,147.0,7.0,60.0,6.0,1365.0
21494,1360,33.0,6.0,43.0,6.0,14.0
21495,3120,81.0,7.0,99.0,8.0,28381.0
21496,3120,31.0,6.0,20.0,8.0,775.0
21497,3120,56.0,7.0,26.0,8.0,1018.0
21498,3120,154.0,2.0,99.0,8.0,1147.0
21499,3120,158.0,7.0,57.0,8.0,201.0
21500,3120,56.0,7.0,26.0,8.0,617.0
21501,3120,56.0,7.0,26.0,8.0,0.0
21502,3120,154.0,2.0,99.0,8.0,1870.0
21503,3120,154.0,2.0,99.0,8.0,3678.0
21504,3120,49.0,2.0,19.0,8.0,7887.0
21505,734,118.0,3.0,101.0,6.0,643.0
21506,734,147.0,7.0,60.0,6.0,1205.0
21507,734,154.0,2.0,99.0,6.0,29149.0
21508,734,81.0,0.0,0.0,6.0,2891.0
21509,734,81.0,7.0,99.0,6.0,5705.0
21510,734,60.0,7.0,28.0,6.0,23228.0
21511,734,60.0,7.0,28.0,6.0,45400.0
21512,734,158.0,7.0,92.0,6.0,107.0
21513,734,165.0,3.0,78.0,6.0,271.0
21514,734,60.0,7.0,28.0,6.0,156409.0
21575,3224,23.0,2.0,17.0,8.0,777.0
21576,3224,154.0,2.0,99.0,8.0,74453.0
21577,3224,107.0,0.0,0.0,8.0,54.0
21578,3224,154.0,2.0,99.0,8.0,6684.0
21579,3224,118.0,3.0,101.0,8.0,12892.0
21580,3224,154.0,2.0,99.0,8.0,24133.0
21581,3224,23.0,2.0,17.0,8.0,817.0
21582,3224,165.0,3.0,78.0,8.0,94.0
21583,3224,23.0,2.0,17.0,8.0,1149.0
21584,3224,154.0,2.0,99.0,8.0,4648.0
21585,1790,153.0,2.0,99.0,11.0,20186.0
21586,1790,6.0,0.0,0.0,11.0,46.0
21587,1790,153.0,2.0,99.0,11.0,16183.0
21588,1790,44.0,7.0,97.0,11.0,8095.0
21589,1790,181.0,3.0,84.0,11.0,720.0
21590,1790,6.0,0.0,0.0,0.0,1540.0
21591,1790,153.0,2.0,99.0,11.0,19203.0
21592,1790,153.0,2.0,99.0,11.0,61193.0
21593,1790,166.0,3.0,95.0,11.0,2229.0
21594,1790,158.0,7.0,92.0,11.0,169.0
21635,1854,165.0,3.0,78.0,8.0,151.0
21636,1854,118.0,3.0,101.0,8.0,1579.0
21637,1854,81.0,7.0,99.0,8.0,3180.0
21638,1854,23.0,2.0,17.0,8.0,1016.0
21639,1854,81.0,7.0,99.0,8.0,1713.0
21640,1854,183.0,6.0,85.0,8.0,73175.0
21641,1854,165.0,3.0,78.0,8.0,602.0
21642,1854,165.0,3.0,78.0,8.0,1070.0
21643,1854,23.0,2.0,17.0,8.0,221.0
21644,1854,118.0,3.0,101.0,8.0,1385.0
21655,1619,56.0,7.0,26.0,6.0,359.0
21656,1619,56.0,7.0,26.0,6.0,389.0
21657,1619,81.0,7.0,50.0,6.0,31299.0
21658,1619,179.0,7.0,66.0,6.0,372.0
21659,1619,56.0,7.0,26.0,6.0,347.0
21660,1619,85.0,0.0,0.0,6.0,209801.0
21661,1619,165.0,3.0,78.0,6.0,62.0
21662,1619,147.0,7.0,60.0,6.0,425.0
21663,1619,146.0,2.0,70.0,6.0,5755.0
21664,1619,143.0,7.0,67.0,6.0,694.0
21675,1142,158.0,7.0,57.0,6.0,12323.0
21676,1142,154.0,2.0,99.0,6.0,4155.0
21677,1142,158.0,7.0,92.0,6.0,22034.0
21678,1142,154.0,2.0,99.0,6.0,3488.0
21679,1142,158.0,7.0,92.0,6.0,47741.0
21680,1142,61.0,7.0,68.0,6.0,15872.0
21681,1142,118.0,3.0,101.0,6.0,1221.0
21682,1142,118.0,3.0,101.0,6.0,779.0
21683,1142,159.0,3.0,93.0,6.0,1125.0
21684,1142,23.0,2.0,17.0,6.0,814.0
21695,2544,81.0,7.0,99.0,6.0,52323.0
21696,2544,183.0,6.0,85.0,6.0,1076.0
21697,2544,178.0,7.0,104.0,6.0,1789.0
21698,2544,22.0,0.0,0.0,6.0,105.0
21699,2544,81.0,7.0,102.0,6.0,596.0
21700,2544,183.0,6.0,85.0,6.0,1339.0
21701,2544,183.0,6.0,85.0,6.0,20123.0
21702,2544,81.0,7.0,102.0,6.0,3897.0
21703,2544,81.0,7.0,50.0,6.0,11997.0
21704,2544,183.0,6.0,85.0,6.0,2236.0
21746,2245,74.0,3.0,34.0,8.0,659.0
21747,2049,10.0,0.0,0.0,6.0,8831.0
21748,2049,183.0,6.0,85.0,6.0,2483.0
21749,2049,183.0,6.0,85.0,6.0,67289.0
21750,2049,54.0,6.0,24.0,6.0,20401.0
21751,2049,183.0,6.0,85.0,6.0,1899.0
21752,2049,61.0,7.0,68.0,6.0,4678.0
21753,2049,183.0,6.0,85.0,6.0,5351.0
21754,2049,17.0,0.0,0.0,6.0,11804.0
21755,2049,158.0,7.0,57.0,6.0,137998.0
21756,2049,183.0,6.0,85.0,6.0,436.0
21887,187,88.0,0.0,0.0,8.0,8764.0
21888,187,33.0,6.0,43.0,8.0,173168.0
21889,187,92.0,7.0,45.0,8.0,13236.0
21890,187,88.0,0.0,0.0,8.0,42986.0
21891,187,88.0,0.0,0.0,8.0,32653.0
21892,187,74.0,3.0,34.0,8.0,923.0
21893,187,19.0,0.0,0.0,8.0,10.0
21894,187,74.0,3.0,34.0,8.0,3117.0
21895,187,60.0,7.0,28.0,8.0,4020.0
21896,187,19.0,0.0,0.0,8.0,7118.0
21947,51,81.0,7.0,97.0,6.0,337.0
21948,51,74.0,3.0,34.0,6.0,973.0
21949,51,165.0,3.0,78.0,6.0,55.0
21950,51,118.0,3.0,101.0,6.0,2046.0
21951,51,165.0,3.0,78.0,6.0,73.0
21952,51,118.0,3.0,101.0,6.0,1650.0
21953,51,158.0,7.0,57.0,6.0,269834.0
21954,51,81.0,7.0,99.0,6.0,1888.0
21955,51,158.0,7.0,57.0,6.0,344.0
21956,51,81.0,7.0,99.0,6.0,14310.0
21987,1053,118.0,3.0,101.0,6.0,1408.0
21988,1053,158.0,7.0,57.0,6.0,232.0
21989,1053,118.0,3.0,101.0,6.0,395.0
21990,1053,165.0,3.0,78.0,6.0,100.0
21991,1053,118.0,3.0,101.0,6.0,1200.0
21992,1053,158.0,7.0,57.0,6.0,507.0
21993,1053,81.0,7.0,99.0,6.0,2307.0
21994,1053,158.0,7.0,57.0,6.0,1.0
21995,1053,118.0,3.0,101.0,6.0,129.0
21996,1053,23.0,2.0,17.0,6.0,835.0
22027,1518,118.0,3.0,101.0,8.0,119050.0
22028,1518,118.0,3.0,101.0,8.0,24547.0
22029,1518,154.0,2.0,99.0,8.0,7152.0
22030,1518,154.0,2.0,99.0,8.0,277106.0
22031,1518,39.0,7.0,12.0,8.0,57736.0
22032,1518,23.0,2.0,17.0,8.0,792.0
22033,1518,74.0,3.0,34.0,8.0,25650.0
22034,1518,154.0,2.0,99.0,8.0,1973.0
22035,1518,154.0,2.0,99.0,8.0,839.0
22036,1518,56.0,7.0,26.0,8.0,472.0
22037,2438,95.0,2.0,51.0,6.0,26766.0
22038,2438,73.0,0.0,0.0,6.0,536.0
22039,2438,60.0,7.0,28.0,6.0,2200.0
22040,2438,7.0,0.0,0.0,6.0,17.0
22041,2438,147.0,7.0,60.0,6.0,3611.0
22042,2438,96.0,2.0,52.0,6.0,143776.0
22043,2438,61.0,7.0,68.0,6.0,4982.0
22044,2438,188.0,0.0,0.0,6.0,226162.0
22045,2438,89.0,0.0,0.0,6.0,60119.0
22046,2438,61.0,7.0,68.0,6.0,845.0
22057,1347,150.0,3.0,94.0,11.0,19230.0
22058,1347,132.0,0.0,0.0,11.0,10581.0
22059,1347,166.0,3.0,95.0,11.0,2989.0
22060,1347,81.0,7.0,48.0,11.0,16.0
22061,1347,153.0,2.0,99.0,11.0,5388.0
22062,1347,158.0,0.0,0.0,11.0,1440.0
22063,1347,158.0,0.0,0.0,11.0,633.0
22064,1347,183.0,6.0,87.0,11.0,15546.0
22065,1347,153.0,2.0,99.0,11.0,6017.0
22066,1347,81.0,7.0,48.0,11.0,295.0
22067,242,154.0,2.0,99.0,6.0,2938.0
22068,242,165.0,3.0,78.0,6.0,126.0
22069,242,154.0,2.0,99.0,6.0,7631.0
22070,242,158.0,7.0,57.0,6.0,8580.0
22071,242,9.0,2.0,14.0,6.0,989.0
22072,242,23.0,2.0,17.0,6.0,22.0
22073,242,23.0,2.0,17.0,6.0,552.0
22074,242,81.0,7.0,99.0,6.0,65717.0
22075,242,158.0,7.0,57.0,6.0,8229.0
22076,242,118.0,3.0,101.0,6.0,878.0
22087,2370,165.0,3.0,78.0,6.0,203.0
22088,2370,9.0,2.0,14.0,6.0,6.0
22089,2370,56.0,7.0,26.0,6.0,752.0
22090,2370,23.0,2.0,17.0,6.0,45.0
22091,2370,158.0,7.0,57.0,6.0,596.0
22092,2370,165.0,3.0,78.0,6.0,19597.0
22093,2370,49.0,2.0,19.0,6.0,15985.0
22094,2370,56.0,7.0,26.0,6.0,275.0
22095,2370,165.0,3.0,78.0,6.0,456.0
22096,2370,23.0,2.0,17.0,6.0,69.0
22097,2209,165.0,3.0,78.0,6.0,836.0
22098,2209,19.0,0.0,0.0,6.0,5661.0
22099,2209,19.0,0.0,0.0,6.0,504.0
22100,2209,187.0,0.0,0.0,6.0,18778.0
22101,2209,131.0,0.0,0.0,6.0,608.0
22102,2209,74.0,3.0,34.0,11.0,2458.0
22103,2209,78.0,0.0,0.0,6.0,153411.0
22104,2209,88.0,0.0,0.0,6.0,24508.0
22105,2209,159.0,3.0,93.0,6.0,1371.0
22106,2209,78.0,0.0,0.0,11.0,66.0
22147,251,81.0,7.0,50.0,6.0,6242.0
22148,251,118.0,3.0,101.0,6.0,525.0
22149,251,158.0,7.0,57.0,6.0,73.0
22150,251,81.0,7.0,99.0,6.0,174749.0
22151,251,158.0,7.0,57.0,6.0,4.0
22152,251,118.0,3.0,101.0,6.0,64.0
22153,251,81.0,7.0,99.0,6.0,13620.0
22154,251,56.0,7.0,26.0,6.0,19152.0
22155,251,118.0,3.0,101.0,6.0,591.0
22156,251,118.0,3.0,101.0,6.0,4261.0
22157,2000,23.0,2.0,17.0,8.0,2275.0
22158,2000,183.0,6.0,85.0,8.0,54566.0
22159,2000,165.0,3.0,78.0,8.0,95.0
22160,2000,165.0,3.0,78.0,8.0,192.0
22161,2000,118.0,3.0,101.0,8.0,1540.0
22162,2000,118.0,3.0,101.0,8.0,1849.0
22163,2000,158.0,7.0,57.0,8.0,49745.0
22164,2000,23.0,2.0,17.0,8.0,1162.0
22165,2000,165.0,3.0,78.0,8.0,168.0
22166,2000,154.0,2.0,99.0,8.0,10527.0
22167,480,94.0,7.0,47.0,6.0,2133.0
22168,480,94.0,7.0,47.0,6.0,1374.0
22169,480,74.0,3.0,34.0,6.0,4659.0
22170,480,156.0,6.0,23.0,6.0,1245.0
22171,480,183.0,6.0,85.0,6.0,10996.0
22195,2684,158.0,7.0,92.0,6.0,68031.0
22196,2684,107.0,0.0,0.0,6.0,33.0
22197,2684,74.0,3.0,34.0,6.0,3371.0
22198,2684,158.0,7.0,92.0,6.0,1134.0
22199,2684,23.0,2.0,17.0,6.0,51.0
22200,2684,107.0,0.0,0.0,6.0,78.0
22201,2684,158.0,7.0,57.0,6.0,55929.0
22202,2684,118.0,3.0,101.0,6.0,3619.0
22203,2684,118.0,3.0,101.0,6.0,413.0
22204,2684,165.0,3.0,78.0,6.0,592.0
22205,79,153.0,2.0,99.0,1.0,270.0
22206,79,153.0,2.0,99.0,1.0,607.0
22207,79,153.0,2.0,99.0,1.0,484.0
22208,79,153.0,2.0,99.0,1.0,3515.0
22209,79,153.0,2.0,99.0,1.0,517.0
22210,79,158.0,7.0,57.0,1.0,15595.0
22211,79,153.0,2.0,99.0,1.0,1266.0
22212,79,81.0,0.0,0.0,1.0,377.0
22213,79,153.0,2.0,99.0,1.0,2866.0
22214,79,166.0,3.0,95.0,1.0,784.0
22232,714,158.0,7.0,57.0,8.0,13457.0
22233,714,33.0,6.0,43.0,8.0,1127.0
22234,714,158.0,7.0,57.0,8.0,2354.0
22235,714,154.0,2.0,99.0,8.0,6590.0
22236,714,165.0,3.0,78.0,8.0,25.0
22237,714,158.0,7.0,57.0,8.0,57280.0
22238,714,56.0,7.0,26.0,8.0,307.0
22239,714,154.0,2.0,99.0,8.0,43389.0
22240,714,74.0,3.0,34.0,2.0,2604.0
22241,714,154.0,2.0,99.0,8.0,6525.0
22242,804,81.0,0.0,0.0,8.0,402.0
22243,804,103.0,7.0,1.0,8.0,1201.0
22244,804,81.0,0.0,0.0,8.0,441.0
22245,804,54.0,6.0,24.0,8.0,14079.0
22246,804,28.0,2.0,9.0,8.0,412.0
22247,804,63.0,0.0,0.0,8.0,8982.0
22248,804,53.0,2.0,22.0,8.0,293.0
22249,804,103.0,7.0,1.0,8.0,582.0
22250,804,28.0,2.0,9.0,8.0,0.0
22251,804,95.0,2.0,51.0,8.0,113158.0
22285,1136,183.0,6.0,85.0,6.0,27311.0
22286,1136,165.0,3.0,78.0,6.0,74.0
22287,1136,158.0,7.0,57.0,6.0,1403.0
22288,1136,165.0,3.0,78.0,6.0,299.0
22289,1136,81.0,7.0,50.0,6.0,4368.0
22290,1136,158.0,7.0,57.0,6.0,5142.0
22291,1136,158.0,7.0,57.0,6.0,17956.0
22292,1136,81.0,7.0,99.0,6.0,23490.0
22293,1136,154.0,2.0,99.0,6.0,3914.0
22294,1136,154.0,2.0,99.0,6.0,9574.0
22380,2574,81.0,7.0,99.0,6.0,1123.0
22381,2574,118.0,3.0,101.0,6.0,10.0
22382,2574,118.0,3.0,101.0,6.0,1105.0
22383,2574,158.0,7.0,57.0,6.0,40251.0
22384,2574,158.0,7.0,57.0,6.0,16102.0
22385,2574,81.0,7.0,99.0,6.0,12735.0
22386,2574,81.0,7.0,97.0,6.0,714.0
22387,2574,81.0,7.0,97.0,6.0,27828.0
22388,2574,81.0,7.0,99.0,6.0,1547.0
22389,2574,23.0,2.0,17.0,6.0,23.0
22470,294,118.0,3.0,101.0,6.0,1061.0
22471,294,118.0,3.0,101.0,6.0,1000.0
22472,294,10.0,0.0,0.0,6.0,16866.0
22473,294,158.0,7.0,57.0,6.0,23038.0
22474,294,165.0,3.0,78.0,6.0,128.0
22475,294,118.0,3.0,101.0,6.0,20.0
22476,294,165.0,3.0,78.0,6.0,162.0
22477,294,154.0,2.0,99.0,6.0,13436.0
22478,294,158.0,7.0,57.0,6.0,8083.0
22479,294,23.0,2.0,17.0,6.0,610.0
22480,2733,30.0,6.0,7.0,6.0,17631.0
22481,2733,22.0,0.0,0.0,6.0,9.0
22482,2733,30.0,6.0,7.0,6.0,34596.0
22483,2733,158.0,7.0,56.0,6.0,121089.0
22484,2733,30.0,6.0,7.0,6.0,19487.0
22485,2733,22.0,0.0,0.0,6.0,49.0
22486,2733,147.0,7.0,60.0,6.0,1745.0
22487,2733,178.0,7.0,104.0,6.0,2499.0
22488,2733,158.0,7.0,57.0,6.0,212778.0
22489,2733,30.0,6.0,7.0,6.0,17932.0
22530,2975,49.0,2.0,19.0,6.0,17314.0
22531,2975,56.0,7.0,26.0,6.0,2266.0
22532,2975,31.0,6.0,20.0,6.0,4777.0
22533,2975,74.0,3.0,34.0,6.0,2287.0
22534,2369,154.0,2.0,99.0,6.0,9961.0
22535,2369,81.0,7.0,99.0,6.0,349334.0
22536,2369,158.0,7.0,57.0,6.0,690.0
22537,2369,74.0,3.0,34.0,6.0,169.0
22538,2369,23.0,2.0,17.0,6.0,725.0
22539,2369,154.0,2.0,99.0,6.0,7091.0
22540,2369,158.0,7.0,57.0,6.0,484.0
22541,2369,118.0,3.0,101.0,6.0,928.0
22542,2369,81.0,7.0,99.0,6.0,11614.0
22543,2369,154.0,2.0,99.0,6.0,5312.0
22544,1012,154.0,2.0,99.0,8.0,363.0
22545,1012,165.0,3.0,78.0,8.0,59.0
22546,1012,23.0,2.0,17.0,8.0,255.0
22547,1012,154.0,2.0,99.0,8.0,48451.0
22548,1012,81.0,7.0,99.0,8.0,16738.0
22549,1012,118.0,3.0,101.0,8.0,1097.0
22550,1012,23.0,2.0,17.0,8.0,2821.0
22551,1012,118.0,3.0,101.0,8.0,921.0
22552,1012,158.0,7.0,57.0,8.0,208959.0
22553,1012,16.0,2.0,20.0,8.0,34202.0
22584,762,183.0,6.0,85.0,6.0,17376.0
22585,762,165.0,3.0,78.0,6.0,96.0
22586,762,158.0,7.0,57.0,6.0,197.0
22587,762,60.0,7.0,28.0,6.0,2382.0
22588,762,81.0,7.0,99.0,6.0,32589.0
22589,762,37.0,5.0,55.0,6.0,1355708.0
22590,762,23.0,2.0,17.0,6.0,772.0
22591,762,118.0,3.0,101.0,6.0,1195.0
22592,762,158.0,7.0,57.0,6.0,48503.0
22593,762,118.0,3.0,101.0,6.0,895.0
22604,1633,116.0,1.0,62.0,6.0,4067.0
22605,1633,187.0,0.0,0.0,6.0,18916.0
22606,1633,147.0,7.0,60.0,6.0,632.0
22607,1633,54.0,6.0,24.0,6.0,172615.0
22608,1633,147.0,7.0,60.0,6.0,1632.0
22609,1633,74.0,3.0,34.0,6.0,2114.0
22671,2648,153.0,2.0,99.0,11.0,1645.0
22672,2648,6.0,0.0,0.0,11.0,56.0
22673,2648,158.0,7.0,92.0,11.0,774.0
22674,2648,158.0,7.0,57.0,11.0,0.0
22675,2648,153.0,2.0,99.0,11.0,2055.0
22676,2648,153.0,2.0,99.0,11.0,2117.0
22677,2648,153.0,2.0,99.0,11.0,1153.0
22678,2648,153.0,2.0,99.0,11.0,0.0
22679,2648,153.0,2.0,99.0,11.0,10202.0
22680,2648,153.0,2.0,99.0,11.0,1695.0
22741,1074,81.0,7.0,99.0,10.0,5901.0
22742,1074,81.0,7.0,99.0,10.0,33329.0
22743,1074,74.0,3.0,34.0,10.0,1650.0
22744,1074,118.0,3.0,101.0,10.0,1.0
22788,3048,9.0,2.0,14.0,8.0,65.0
22789,3048,165.0,3.0,78.0,8.0,2771.0
22790,3048,23.0,2.0,17.0,8.0,45.0
22791,3048,165.0,3.0,78.0,8.0,23.0
22792,3048,158.0,7.0,57.0,8.0,73091.0
22793,3048,118.0,3.0,101.0,8.0,79.0
22794,3048,118.0,3.0,101.0,8.0,29.0
22795,3048,158.0,7.0,57.0,8.0,41392.0
22796,3048,118.0,3.0,101.0,8.0,2017.0
22797,3048,118.0,3.0,101.0,8.0,36.0
22845,3223,49.0,2.0,19.0,6.0,9313.0
22846,3223,133.0,7.0,50.0,6.0,347063.0
22847,3223,31.0,6.0,20.0,6.0,376.0
22848,3223,119.0,0.0,0.0,6.0,1410.0
22849,3223,81.0,7.0,50.0,6.0,811787.0
22850,3223,131.0,0.0,0.0,6.0,1202.0
22851,3223,23.0,2.0,17.0,6.0,10739.0
22852,3223,60.0,7.0,28.0,6.0,77284.0
22853,3223,56.0,7.0,26.0,6.0,4981.0
22854,3223,31.0,6.0,20.0,6.0,859.0
22865,2991,88.0,0.0,0.0,6.0,19666.0
22866,2991,81.0,0.0,0.0,6.0,17206.0
22867,2991,77.0,0.0,0.0,6.0,6596.0
22868,2991,81.0,0.0,0.0,6.0,5314.0
22869,2991,47.0,0.0,0.0,6.0,65885.0
22870,2991,146.0,2.0,70.0,6.0,145.0
22871,2991,118.0,3.0,101.0,6.0,24.0
22872,2991,177.0,0.0,0.0,6.0,53.0
22873,2991,19.0,0.0,0.0,6.0,27.0
22874,2991,103.0,7.0,1.0,6.0,370.0
22875,740,74.0,3.0,34.0,6.0,12458.0
22876,740,23.0,2.0,17.0,6.0,730.0
22877,740,161.0,7.0,76.0,6.0,17760.0
22878,740,118.0,3.0,101.0,6.0,30.0
22879,740,158.0,7.0,57.0,6.0,502.0
22930,3244,4.0,0.0,0.0,8.0,6921.0
22931,3244,147.0,7.0,60.0,8.0,1011.0
22932,3244,147.0,6.0,65.0,8.0,46102.0
22933,3244,116.0,1.0,62.0,8.0,1000.0
22934,3244,39.0,7.0,12.0,8.0,5093.0
22935,3244,74.0,3.0,34.0,8.0,2357.0
22936,3244,187.0,0.0,0.0,8.0,47160.0
22937,3244,147.0,7.0,60.0,8.0,846.0
22938,3244,49.0,2.0,19.0,2.0,145819.0
22939,3244,147.0,7.0,60.0,8.0,606.0
23000,2092,158.0,7.0,92.0,6.0,448.0
23001,2092,119.0,0.0,0.0,6.0,665.0
23002,2092,187.0,0.0,0.0,6.0,5119.0
23003,2092,54.0,6.0,24.0,6.0,92321.0
23004,2092,187.0,0.0,0.0,6.0,15852.0
23005,2092,118.0,3.0,101.0,6.0,2249.0
23006,2092,23.0,2.0,17.0,6.0,275.0
23007,2092,60.0,7.0,28.0,6.0,203907.0
23008,2092,183.0,6.0,88.0,6.0,52175.0
23009,2092,60.0,7.0,28.0,6.0,3009.0
23020,1785,158.0,7.0,92.0,6.0,4164.0
23021,1785,165.0,3.0,78.0,6.0,1252.0
23022,1785,158.0,7.0,57.0,6.0,451.0
23023,1785,154.0,2.0,99.0,6.0,713.0
23024,1785,16.0,2.0,20.0,6.0,6463.0
23025,1785,158.0,7.0,92.0,6.0,1567.0
23026,1785,133.0,7.0,50.0,6.0,1142.0
23027,1785,142.0,0.0,0.0,6.0,1467.0
23028,1785,158.0,7.0,57.0,6.0,576251.0
23029,1785,154.0,2.0,99.0,6.0,2518.0
23045,1762,165.0,3.0,78.0,8.0,167.0
23046,1762,154.0,2.0,99.0,8.0,4984.0
23047,1762,158.0,7.0,57.0,8.0,1876.0
23048,1762,165.0,3.0,78.0,8.0,523.0
23049,1762,165.0,3.0,78.0,8.0,185.0
23050,1762,165.0,3.0,78.0,8.0,303.0
23051,1762,23.0,2.0,17.0,8.0,2452.0
23052,1762,36.0,0.0,0.0,8.0,7950.0
23053,1762,165.0,3.0,78.0,8.0,155.0
23054,1762,23.0,2.0,17.0,8.0,2310.0
23105,464,165.0,3.0,78.0,6.0,61.0
23106,464,158.0,7.0,57.0,6.0,88463.0
23107,464,165.0,3.0,78.0,6.0,72.0
23108,464,165.0,3.0,78.0,6.0,640.0
23109,464,147.0,7.0,60.0,6.0,33498.0
23110,464,147.0,6.0,65.0,6.0,9045.0
23111,464,158.0,7.0,57.0,6.0,542.0
23112,464,158.0,7.0,57.0,6.0,4111.0
23113,464,178.0,7.0,104.0,6.0,1121.0
23114,464,165.0,3.0,78.0,6.0,105.0
23125,1398,81.0,7.0,102.0,6.0,3688.0
23126,1398,161.0,7.0,76.0,6.0,5888.0
23127,1398,96.0,2.0,52.0,6.0,43692.0
23128,1398,96.0,2.0,52.0,6.0,127210.0
23129,1398,23.0,2.0,17.0,6.0,557.0
23130,1398,81.0,7.0,102.0,6.0,709.0
23131,1398,178.0,7.0,104.0,6.0,4306.0
23132,1398,7.0,0.0,0.0,6.0,77.0
23133,1398,81.0,7.0,50.0,6.0,18264.0
23134,1398,80.0,7.0,58.0,6.0,2321.0
23175,517,165.0,3.0,78.0,8.0,95.0
23176,517,165.0,3.0,78.0,8.0,104.0
23177,517,81.0,7.0,99.0,8.0,60863.0
23178,517,158.0,7.0,57.0,8.0,131.0
23179,517,36.0,0.0,0.0,10.0,25382.0
23180,517,158.0,7.0,57.0,8.0,543.0
23181,517,118.0,3.0,101.0,8.0,33.0
23182,517,118.0,3.0,101.0,10.0,5452.0
23183,517,154.0,2.0,99.0,8.0,9265.0
23184,517,158.0,7.0,57.0,8.0,845.0
23185,76,2.0,4.0,49.0,6.0,518809.0
23186,76,158.0,7.0,92.0,6.0,5.0
23187,76,146.0,2.0,70.0,6.0,450.0
23188,76,154.0,2.0,99.0,6.0,8600.0
23189,76,151.0,0.0,0.0,6.0,415.0
23190,76,133.0,7.0,50.0,6.0,3286.0
23191,76,60.0,7.0,28.0,6.0,62137.0
23192,76,127.0,0.0,0.0,6.0,18544.0
23193,76,73.0,0.0,0.0,6.0,553.0
23194,76,153.0,0.0,0.0,0.0,16875.0
23215,2281,74.0,3.0,34.0,8.0,294.0
23216,2281,147.0,7.0,60.0,8.0,2222.0
23217,2281,77.0,0.0,0.0,8.0,578605.0
23218,2281,154.0,2.0,99.0,8.0,46200.0
23219,2281,147.0,7.0,60.0,8.0,405.0
23220,2281,118.0,3.0,101.0,8.0,22061.0
23221,2281,154.0,2.0,99.0,8.0,2662.0
23222,2281,31.0,6.0,20.0,8.0,1242.0
23223,2281,74.0,3.0,34.0,11.0,2216.0
23224,2281,158.0,7.0,57.0,8.0,14648.0
23307,1283,6.0,0.0,0.0,11.0,16189.0
23308,1283,153.0,2.0,99.0,11.0,3725.0
23309,1283,6.0,0.0,0.0,11.0,149.0
23310,1283,153.0,2.0,99.0,11.0,26382.0
23311,1283,183.0,6.0,87.0,11.0,2774.0
23312,1283,103.0,6.0,53.0,11.0,103.0
23313,1283,91.0,7.0,91.0,11.0,1217.0
23314,1283,6.0,0.0,0.0,0.0,1436.0
23315,1283,158.0,0.0,0.0,0.0,66.0
23392,2022,23.0,2.0,17.0,8.0,501.0
23393,2022,154.0,2.0,99.0,8.0,9524.0
23394,2022,158.0,7.0,57.0,8.0,382.0
23395,2022,118.0,3.0,101.0,8.0,74.0
23396,2022,23.0,2.0,17.0,8.0,1939.0
23397,2022,118.0,3.0,101.0,8.0,1025.0
23398,2022,158.0,7.0,57.0,8.0,9.0
23399,2022,118.0,3.0,101.0,8.0,897.0
23400,2022,96.0,2.0,52.0,8.0,4543.0
23401,2022,118.0,3.0,101.0,8.0,2.0
23434,545,81.0,7.0,99.0,8.0,25811.0
23435,545,31.0,6.0,20.0,8.0,1229.0
23436,545,23.0,2.0,17.0,8.0,423.0
23437,545,107.0,0.0,0.0,8.0,161.0
23438,545,165.0,3.0,78.0,8.0,66.0
23439,545,165.0,3.0,78.0,8.0,954.0
23440,545,118.0,3.0,101.0,8.0,734.0
23441,545,158.0,7.0,57.0,8.0,5115.0
23442,545,158.0,7.0,57.0,8.0,83132.0
23443,545,23.0,2.0,17.0,8.0,433.0
23504,738,118.0,3.0,101.0,8.0,740.0
23505,738,158.0,7.0,57.0,8.0,537.0
23506,738,165.0,3.0,78.0,8.0,131.0
23507,738,165.0,3.0,78.0,8.0,70.0
23508,738,158.0,7.0,92.0,8.0,507.0
23509,738,158.0,7.0,57.0,8.0,484504.0
23510,738,147.0,7.0,60.0,8.0,720.0
23511,738,74.0,3.0,34.0,8.0,274.0
23512,738,147.0,7.0,60.0,8.0,5690.0
23513,738,147.0,7.0,60.0,8.0,1545.0
23546,1543,56.0,7.0,26.0,8.0,1046.0
23547,1543,61.0,7.0,68.0,8.0,438.0
23548,1543,87.0,0.0,0.0,8.0,32085.0
23549,1543,81.0,0.0,0.0,8.0,1020.0
23550,1543,30.0,6.0,7.0,8.0,158932.0
23551,1543,39.0,7.0,12.0,8.0,45364.0
23552,1543,74.0,3.0,34.0,8.0,414.0
23553,1543,78.0,0.0,0.0,8.0,818.0
23554,1543,5.0,0.0,0.0,8.0,31852.0
23555,1543,81.0,0.0,0.0,8.0,901.0
23611,343,146.0,2.0,70.0,6.0,566.0
23612,343,47.0,0.0,0.0,6.0,989.0
23613,343,187.0,0.0,0.0,6.0,14860.0
23614,343,74.0,3.0,34.0,6.0,4275.0
23615,343,87.0,0.0,0.0,6.0,41567.0
23616,343,88.0,0.0,0.0,6.0,7908.0
23617,343,81.0,0.0,0.0,6.0,2599.0
23618,343,32.0,1.0,10.0,6.0,6613.0
23619,343,54.0,6.0,24.0,6.0,239644.0
23620,343,78.0,0.0,0.0,6.0,3844.0
23621,1708,116.0,1.0,62.0,6.0,0.0
23622,1708,147.0,7.0,60.0,6.0,2061.0
23623,1708,54.0,6.0,24.0,6.0,323273.0
23624,1708,147.0,7.0,60.0,6.0,381646.0
23625,1708,74.0,3.0,34.0,6.0,4264.0
23626,1708,187.0,0.0,0.0,6.0,34142.0
23645,1625,10.0,0.0,0.0,6.0,134.0
23646,1625,23.0,2.0,17.0,6.0,49.0
23647,1625,23.0,2.0,17.0,6.0,1450.0
23648,1625,165.0,3.0,78.0,6.0,727.0
23649,1625,118.0,3.0,101.0,6.0,27798.0
23650,1625,158.0,7.0,57.0,6.0,146717.0
23651,1625,165.0,3.0,78.0,6.0,39.0
23652,1625,158.0,7.0,56.0,6.0,41000.0
23653,1625,161.0,7.0,76.0,6.0,20719.0
23654,1625,158.0,7.0,57.0,6.0,267.0
23675,1699,54.0,6.0,24.0,6.0,400325.0
23676,1699,81.0,0.0,0.0,6.0,1786.0
23677,1699,23.0,2.0,17.0,6.0,70.0
23678,1699,9.0,2.0,14.0,6.0,294.0
23679,1699,118.0,3.0,101.0,6.0,44.0
23680,1699,118.0,3.0,101.0,6.0,37.0
23681,1699,131.0,0.0,0.0,6.0,526.0
23682,1699,60.0,7.0,28.0,6.0,8633.0
23683,1699,165.0,3.0,78.0,6.0,16.0
23684,1699,60.0,7.0,28.0,6.0,3306.0
23725,2990,31.0,6.0,20.0,8.0,1038.0
23726,2990,60.0,7.0,28.0,8.0,42162.0
23727,2990,60.0,7.0,28.0,8.0,2985.0
23728,2990,49.0,2.0,19.0,8.0,232702.0
23729,2990,33.0,6.0,43.0,8.0,32422.0
23730,2990,187.0,0.0,0.0,8.0,11184.0
23731,2990,33.0,6.0,43.0,8.0,7647.0
23732,2990,143.0,7.0,67.0,8.0,3128.0
23733,2990,74.0,3.0,34.0,8.0,302.0
23734,2990,119.0,0.0,0.0,8.0,706.0
23745,2542,47.0,0.0,0.0,8.0,390.0
23746,2542,78.0,0.0,0.0,8.0,7594.0
23747,2542,187.0,0.0,0.0,8.0,24639.0
23748,2542,131.0,0.0,0.0,8.0,1378.0
23749,2542,60.0,7.0,28.0,8.0,1824.0
23750,2542,56.0,7.0,26.0,8.0,1192.0
23751,2542,49.0,2.0,19.0,8.0,10168.0
23752,2542,56.0,7.0,26.0,8.0,465.0
23753,2542,78.0,0.0,0.0,8.0,2252.0
23754,2542,87.0,0.0,0.0,8.0,4192.0
23755,2674,85.0,0.0,0.0,6.0,124506.0
23756,2674,56.0,7.0,26.0,6.0,1637.0
23757,2674,146.0,2.0,70.0,6.0,2035.0
23758,2674,78.0,0.0,0.0,6.0,1778.0
23759,2674,46.0,0.0,0.0,6.0,2020.0
23760,2674,56.0,7.0,26.0,6.0,1560.0
23761,2674,178.0,7.0,104.0,6.0,2696.0
23762,2674,146.0,2.0,70.0,6.0,8409.0
23763,2674,19.0,0.0,0.0,6.0,23.0
23764,2674,78.0,0.0,0.0,6.0,1440.0
23785,1495,89.0,0.0,0.0,8.0,93287.0
23786,1495,86.0,0.0,0.0,8.0,48026.0
23787,1495,78.0,0.0,0.0,8.0,1295.0
23788,1495,19.0,0.0,0.0,8.0,3594.0
23789,1495,81.0,7.0,50.0,8.0,28445.0
23790,1495,49.0,2.0,19.0,8.0,25198.0
23791,1495,143.0,7.0,67.0,8.0,2641.0
23792,1495,37.0,5.0,55.0,8.0,54000.0
23793,1495,60.0,7.0,28.0,8.0,3022.0
23794,1495,19.0,0.0,0.0,8.0,7006.0
23795,678,85.0,0.0,0.0,8.0,142393.0
23796,678,50.0,6.0,54.0,8.0,53663.0
23797,678,56.0,7.0,26.0,8.0,589.0
23798,678,86.0,0.0,0.0,8.0,16272.0
23799,678,74.0,3.0,34.0,8.0,7219.0
23800,678,19.0,0.0,0.0,8.0,433.0
23801,678,47.0,0.0,0.0,8.0,454.0
23802,678,78.0,0.0,0.0,8.0,1266.0
23803,678,19.0,0.0,0.0,8.0,33.0
23804,678,131.0,0.0,0.0,8.0,618.0
23805,2811,23.0,2.0,17.0,10.0,51.0
23806,2811,118.0,3.0,101.0,10.0,16144.0
23807,2811,165.0,3.0,78.0,10.0,54.0
23808,2811,158.0,7.0,57.0,10.0,15696.0
23809,2811,181.0,3.0,84.0,0.0,7572.0
23810,2811,153.0,2.0,99.0,0.0,276256.0
23811,2811,158.0,7.0,57.0,0.0,414.0
23812,2811,23.0,2.0,17.0,10.0,786.0
23813,2811,158.0,7.0,57.0,0.0,390.0
23814,2811,158.0,7.0,57.0,0.0,29.0
23825,842,31.0,6.0,20.0,6.0,581.0
23826,842,49.0,2.0,19.0,11.0,1029497.0
23923,1422,158.0,0.0,0.0,0.0,873.0
23933,1715,31.0,6.0,20.0,8.0,413.0
23934,1715,56.0,7.0,26.0,2.0,1017.0
23935,1715,74.0,3.0,34.0,2.0,1895.0
23936,1715,56.0,7.0,26.0,2.0,738.0
23937,1715,49.0,2.0,19.0,2.0,28292.0
23938,1715,74.0,3.0,34.0,8.0,262.0
23939,1715,74.0,3.0,34.0,8.0,339.0
24027,1073,154.0,2.0,99.0,8.0,2595.0
24028,1073,154.0,2.0,99.0,8.0,13872.0
24029,1073,133.0,7.0,50.0,8.0,2077.0
24030,1073,154.0,2.0,99.0,8.0,3625.0
24031,1073,81.0,7.0,50.0,8.0,79829.0
24032,1073,9.0,2.0,14.0,8.0,1925.0
24033,1073,81.0,7.0,50.0,8.0,3761.0
24034,1073,107.0,0.0,0.0,8.0,96.0
24035,1073,133.0,7.0,50.0,8.0,1383.0
24036,1073,60.0,7.0,28.0,8.0,5442.0
24047,1983,49.0,2.0,19.0,6.0,266790.0
24048,1983,158.0,7.0,57.0,6.0,13901.0
24049,1983,23.0,2.0,17.0,6.0,1824.0
24050,1983,165.0,3.0,78.0,6.0,119.0
24051,1983,81.0,7.0,97.0,6.0,598.0
24052,1983,165.0,3.0,78.0,6.0,2292.0
24053,1983,118.0,3.0,101.0,6.0,1183.0
24054,1983,158.0,7.0,57.0,6.0,13730.0
24055,1983,154.0,2.0,99.0,6.0,1813.0
24056,1983,158.0,7.0,57.0,6.0,14188.0
24077,264,81.0,7.0,99.0,8.0,340770.0
24078,264,49.0,2.0,19.0,8.0,19551.0
24079,264,56.0,7.0,26.0,8.0,480.0
24080,264,118.0,3.0,101.0,8.0,28.0
24081,264,118.0,3.0,101.0,8.0,1367.0
24082,264,107.0,0.0,0.0,8.0,155.0
24083,264,23.0,2.0,17.0,8.0,955.0
24084,264,81.0,0.0,0.0,8.0,1153.0
24085,264,10.0,0.0,0.0,8.0,129362.0
24086,264,107.0,0.0,0.0,8.0,163.0
24121,2471,99.0,0.0,0.0,0.0,44.0
24122,2471,158.0,0.0,0.0,0.0,202.0
24143,3018,165.0,3.0,78.0,6.0,40.0
24144,3018,158.0,7.0,57.0,6.0,52901.0
24145,3018,81.0,7.0,99.0,6.0,731.0
24146,3018,158.0,7.0,57.0,6.0,88211.0
24147,3018,158.0,7.0,57.0,6.0,261.0
24148,3018,118.0,3.0,101.0,6.0,1279.0
24149,3018,81.0,7.0,99.0,6.0,730.0
24150,3018,118.0,3.0,101.0,6.0,1344.0
24151,3018,23.0,2.0,17.0,6.0,810.0
24152,3018,23.0,2.0,17.0,6.0,0.0
24211,1046,154.0,2.0,99.0,6.0,7180.0
24212,1046,165.0,3.0,78.0,6.0,192.0
24213,1046,118.0,3.0,101.0,6.0,645.0
24214,1046,77.0,0.0,0.0,6.0,134091.0
24215,1046,118.0,3.0,101.0,6.0,1692.0
24216,1046,81.0,7.0,99.0,6.0,16231.0
24217,1046,154.0,2.0,99.0,6.0,16867.0
24218,1046,154.0,2.0,99.0,6.0,6176.0
24219,1046,165.0,3.0,78.0,6.0,164.0
24220,1046,81.0,7.0,99.0,6.0,11393.0
24231,2255,118.0,3.0,101.0,10.0,2307.0
24232,2255,154.0,2.0,99.0,10.0,3473.0
24233,2255,154.0,2.0,99.0,10.0,14280.0
24234,2255,165.0,3.0,78.0,10.0,4137.0
24235,2255,23.0,2.0,17.0,10.0,557.0
24236,2255,118.0,3.0,101.0,10.0,1739.0
24237,2255,23.0,2.0,17.0,10.0,3245.0
24238,2255,158.0,7.0,57.0,10.0,8133.0
24239,2255,118.0,3.0,101.0,10.0,2165.0
24240,2255,183.0,6.0,85.0,10.0,61584.0
24247,2654,165.0,3.0,78.0,8.0,15.0
24248,2654,118.0,3.0,101.0,8.0,165.0
24249,2654,49.0,2.0,19.0,3.0,54425.0
24250,2654,165.0,3.0,78.0,8.0,133.0
24251,2654,23.0,2.0,17.0,8.0,1299.0
24252,2654,158.0,7.0,57.0,8.0,10985.0
24253,2654,23.0,2.0,17.0,8.0,791.0
24254,2654,165.0,3.0,78.0,8.0,138.0
24255,2654,158.0,7.0,92.0,8.0,48993.0
24256,2654,56.0,7.0,26.0,8.0,798.0
24257,2641,81.0,0.0,0.0,8.0,529.0
24258,2641,77.0,0.0,0.0,8.0,12845.0
24259,2641,158.0,7.0,56.0,8.0,8436.0
24260,2641,77.0,0.0,0.0,8.0,126806.0
24261,2641,30.0,6.0,7.0,8.0,9834.0
24262,2641,81.0,0.0,0.0,8.0,503.0
24263,2641,171.0,0.0,0.0,8.0,9021.0
24264,2641,30.0,6.0,7.0,8.0,7380.0
24265,2641,30.0,6.0,7.0,8.0,102187.0
24266,2641,30.0,6.0,7.0,8.0,14484.0
24317,85,118.0,3.0,101.0,6.0,122.0
24318,85,56.0,7.0,26.0,2.0,672.0
24319,85,49.0,2.0,19.0,2.0,903241.0
24320,85,74.0,3.0,34.0,6.0,372.0
24321,85,183.0,6.0,85.0,6.0,5905.0
24342,30,81.0,7.0,102.0,8.0,632.0
24343,30,158.0,7.0,57.0,8.0,1256.0
24344,30,183.0,6.0,85.0,8.0,12469.0
24345,30,81.0,7.0,102.0,8.0,655.0
24346,30,114.0,7.0,2.0,8.0,153.0
24347,30,158.0,7.0,57.0,8.0,835.0
24348,30,183.0,6.0,85.0,8.0,5221.0
24349,30,158.0,7.0,92.0,8.0,7549.0
24350,30,60.0,7.0,28.0,8.0,4459.0
24351,30,81.0,7.0,102.0,8.0,688.0
24362,878,183.0,6.0,87.0,11.0,9464.0
24363,878,153.0,2.0,99.0,11.0,1304.0
24364,878,153.0,2.0,99.0,11.0,50359.0
24365,878,91.0,7.0,91.0,11.0,1609.0
24366,878,153.0,2.0,99.0,11.0,4287.0
24367,878,153.0,2.0,99.0,11.0,54165.0
24368,878,153.0,2.0,99.0,11.0,12971.0
24369,878,153.0,2.0,99.0,11.0,4961.0
24370,878,153.0,2.0,99.0,11.0,2652.0
24371,878,153.0,2.0,99.0,11.0,6326.0
24449,121,165.0,3.0,78.0,8.0,2526.0
24450,121,9.0,2.0,14.0,8.0,967.0
24451,121,74.0,3.0,34.0,8.0,301.0
24452,121,154.0,2.0,99.0,8.0,8863.0
24453,121,31.0,6.0,20.0,8.0,741.0
24454,121,22.0,0.0,0.0,8.0,12.0
24455,121,81.0,7.0,102.0,8.0,366.0
24456,121,65.0,0.0,0.0,0.0,115.0
24457,121,118.0,3.0,101.0,8.0,1486.0
24458,121,81.0,7.0,99.0,8.0,25969.0
24479,2206,153.0,2.0,99.0,11.0,71076.0
24480,2206,183.0,6.0,85.0,11.0,167.0
24481,2206,44.0,7.0,97.0,11.0,39064.0
24482,2206,166.0,3.0,95.0,11.0,1641.0
24483,2206,183.0,6.0,85.0,11.0,147.0
24484,2206,183.0,6.0,85.0,11.0,5177.0
24485,2206,183.0,6.0,85.0,11.0,2481.0
24486,2206,183.0,6.0,85.0,11.0,2343.0
24487,2206,183.0,6.0,85.0,11.0,190.0
24488,2206,91.0,7.0,91.0,11.0,2257.0
24499,283,81.0,3.0,72.0,11.0,7.0
24500,283,6.0,0.0,0.0,0.0,158.0
24501,283,91.0,7.0,91.0,11.0,1262.0
24502,283,158.0,0.0,0.0,0.0,174.0
24503,283,54.0,0.0,0.0,11.0,31655.0
24504,283,113.0,0.0,0.0,11.0,744.0
24505,283,113.0,0.0,0.0,11.0,2477.0
24506,283,112.0,3.0,61.0,11.0,470.0
24507,283,113.0,0.0,0.0,11.0,810.0
24508,283,103.0,6.0,53.0,11.0,3573.0
24539,2468,74.0,3.0,34.0,8.0,656.0
24540,2468,158.0,7.0,57.0,8.0,9725.0
24541,2468,56.0,7.0,26.0,8.0,1017.0
24542,2468,165.0,3.0,78.0,8.0,237.0
24543,2468,165.0,3.0,78.0,8.0,10.0
24544,2468,183.0,6.0,85.0,8.0,4547.0
24545,2468,118.0,3.0,101.0,8.0,81.0
24546,2468,23.0,2.0,17.0,8.0,599.0
24547,2468,118.0,3.0,101.0,8.0,757.0
24548,2468,158.0,7.0,57.0,8.0,90772.0
24549,1629,31.0,6.0,20.0,8.0,540.0
24590,2094,50.0,6.0,54.0,8.0,7775.0
24591,2094,81.0,7.0,99.0,8.0,1280.0
24592,2094,89.0,0.0,0.0,8.0,3366.0
24593,2094,61.0,7.0,68.0,8.0,1074.0
24594,2094,19.0,0.0,0.0,8.0,4105.0
24595,2094,61.0,7.0,68.0,8.0,891.0
24596,2094,158.0,7.0,92.0,8.0,43.0
24597,2094,78.0,0.0,0.0,8.0,781.0
24598,2094,159.0,3.0,93.0,8.0,61.0
24599,2094,158.0,7.0,92.0,8.0,601.0
24640,407,36.0,0.0,0.0,6.0,4392.0
24641,407,54.0,6.0,24.0,6.0,49367.0
24642,407,133.0,7.0,50.0,6.0,343468.0
24643,407,116.0,1.0,62.0,6.0,8087.0
24644,407,118.0,3.0,101.0,6.0,121886.0
24645,407,118.0,3.0,101.0,6.0,629.0
24646,407,147.0,6.0,65.0,6.0,8070.0
24647,407,147.0,7.0,60.0,6.0,7379.0
24648,407,56.0,7.0,26.0,6.0,508.0
24649,407,81.0,7.0,50.0,6.0,26724.0
24710,725,23.0,2.0,17.0,6.0,94.0
24711,725,147.0,7.0,60.0,6.0,740.0
24712,725,78.0,0.0,0.0,6.0,1093.0
24713,725,78.0,0.0,0.0,6.0,681.0
24714,725,165.0,3.0,78.0,6.0,217.0
24715,725,32.0,1.0,10.0,6.0,248072.0
24716,725,61.0,7.0,68.0,6.0,1471.0
24717,725,126.0,0.0,0.0,6.0,48779.0
24718,725,61.0,7.0,68.0,6.0,6597.0
24719,725,37.0,5.0,55.0,6.0,80482.0
24765,1402,150.0,3.0,41.0,11.0,130.0
24766,1402,44.0,7.0,97.0,11.0,11407.0
24767,1402,153.0,2.0,99.0,11.0,23793.0
24768,1402,158.0,7.0,92.0,11.0,139.0
24769,1402,158.0,7.0,57.0,11.0,81.0
24770,1402,158.0,7.0,57.0,11.0,9771.0
24771,1402,6.0,0.0,0.0,11.0,39.0
24772,1402,153.0,2.0,99.0,11.0,9705.0
24773,1402,6.0,0.0,0.0,11.0,77.0
24774,1402,153.0,2.0,99.0,11.0,29525.0
24785,1979,49.0,2.0,19.0,10.0,173888.0
24786,1979,74.0,3.0,34.0,10.0,92.0
24787,1979,118.0,3.0,101.0,10.0,2201.0
24788,1979,165.0,3.0,78.0,10.0,52.0
24789,1979,118.0,3.0,101.0,10.0,7681.0
24790,1979,165.0,3.0,78.0,10.0,122.0
24791,1979,154.0,2.0,99.0,10.0,500.0
24792,1979,154.0,2.0,99.0,10.0,5807.0
24793,1979,81.0,7.0,99.0,10.0,94520.0
24794,1979,81.0,7.0,99.0,10.0,3815.0
24815,620,49.0,2.0,19.0,8.0,4280.0
24816,620,74.0,3.0,34.0,8.0,306.0
24817,620,56.0,7.0,26.0,8.0,1255.0
24818,620,118.0,3.0,101.0,8.0,105.0
24819,620,105.0,0.0,0.0,8.0,2517.0
24820,620,183.0,6.0,85.0,8.0,8038.0
24821,620,56.0,7.0,26.0,8.0,410.0
24861,2419,49.0,2.0,19.0,6.0,31831.0
24862,2419,60.0,7.0,28.0,6.0,5849.0
24863,2419,56.0,7.0,26.0,6.0,552.0
24864,2419,33.0,6.0,43.0,6.0,184794.0
24865,2419,81.0,7.0,50.0,6.0,5607.0
24866,2419,183.0,6.0,88.0,6.0,36208.0
24867,2419,74.0,3.0,34.0,6.0,880.0
24868,2419,74.0,3.0,34.0,6.0,402.0
24870,961,118.0,3.0,101.0,6.0,849.0
24871,961,118.0,3.0,101.0,6.0,146.0
24872,961,158.0,7.0,57.0,6.0,13873.0
24873,961,23.0,2.0,17.0,6.0,661.0
24874,961,23.0,2.0,17.0,6.0,447.0
24875,961,183.0,6.0,85.0,6.0,7116.0
24876,961,81.0,7.0,99.0,6.0,15882.0
24877,961,81.0,7.0,99.0,6.0,1188.0
24878,961,54.0,0.0,0.0,6.0,16019.0
24879,961,118.0,3.0,101.0,6.0,12.0
24890,1164,81.0,7.0,50.0,8.0,6053.0
24891,1164,178.0,7.0,104.0,8.0,8888.0
24892,1164,81.0,7.0,50.0,8.0,276.0
24893,1164,178.0,7.0,104.0,8.0,379.0
24894,1164,56.0,7.0,26.0,8.0,1010.0
24895,1164,56.0,7.0,26.0,8.0,490.0
24896,1164,81.0,7.0,50.0,8.0,737.0
24897,1164,56.0,7.0,26.0,8.0,5369.0
24898,1164,92.0,7.0,45.0,8.0,697994.0
24899,1164,92.0,7.0,45.0,8.0,834.0
24900,796,65.0,0.0,0.0,0.0,181.0
24901,796,171.0,0.0,0.0,6.0,147135.0
24902,796,6.0,0.0,0.0,0.0,116885.0
24903,796,19.0,0.0,0.0,6.0,3132.0
24904,796,81.0,7.0,50.0,6.0,67759.0
24905,796,49.0,2.0,19.0,11.0,58105.0
24906,796,32.0,1.0,10.0,6.0,40666.0
24907,796,81.0,0.0,0.0,6.0,1318.0
24908,796,74.0,3.0,34.0,6.0,3973.0
24909,796,19.0,0.0,0.0,6.0,1105.0
24930,2702,154.0,2.0,99.0,6.0,2455.0
24931,2702,154.0,2.0,99.0,6.0,8988.0
24932,2702,154.0,2.0,99.0,6.0,968.0
24933,2702,81.0,7.0,99.0,6.0,10779.0
24934,2702,154.0,2.0,99.0,6.0,1607.0
24935,2702,154.0,2.0,99.0,6.0,2161.0
24936,2702,154.0,2.0,99.0,6.0,20436.0
24937,2702,118.0,3.0,101.0,6.0,4092.0
24938,2702,118.0,3.0,101.0,6.0,692.0
24939,2702,154.0,2.0,99.0,6.0,4547.0
25023,1420,153.0,0.0,0.0,0.0,23067.0
25024,1420,153.0,0.0,0.0,0.0,5548.0
25025,1420,127.0,0.0,0.0,8.0,29124.0
25026,1420,74.0,3.0,34.0,8.0,353.0
25027,1420,6.0,0.0,0.0,0.0,3472.0
25028,1420,66.0,0.0,0.0,0.0,310.0
25029,216,85.0,0.0,0.0,8.0,94677.0
25030,216,81.0,7.0,50.0,8.0,6455.0
25031,216,89.0,0.0,0.0,8.0,105507.0
25032,216,60.0,7.0,28.0,8.0,9087.0
25033,216,2.0,4.0,49.0,8.0,208072.0
25034,216,60.0,7.0,28.0,8.0,11144.0
25035,216,158.0,7.0,57.0,8.0,16016.0
25036,216,60.0,7.0,28.0,8.0,7264.0
25037,216,23.0,2.0,17.0,8.0,1524.0
25038,216,23.0,2.0,17.0,8.0,1023.0
25049,2742,147.0,6.0,65.0,6.0,13101.0
25050,2742,147.0,7.0,60.0,6.0,1379.0
25051,2742,147.0,6.0,65.0,6.0,39045.0
25052,2742,147.0,7.0,60.0,6.0,567.0
25053,2742,56.0,7.0,26.0,6.0,421.0
25054,2742,116.0,1.0,62.0,6.0,1000.0
25055,2742,187.0,0.0,0.0,6.0,24918.0
25056,2742,147.0,7.0,60.0,6.0,658.0
25057,2742,54.0,6.0,24.0,6.0,208392.0
25058,2742,49.0,2.0,19.0,6.0,35182.0
25059,2173,88.0,0.0,0.0,8.0,127330.0
25060,2173,74.0,3.0,34.0,8.0,26.0
25061,2173,74.0,3.0,34.0,8.0,5.0
25062,2173,87.0,0.0,0.0,8.0,24117.0
25063,2173,107.0,0.0,0.0,8.0,29.0
25064,2173,178.0,7.0,104.0,8.0,3085.0
25065,2173,47.0,0.0,0.0,8.0,3803.0
25066,2173,31.0,6.0,20.0,8.0,1091.0
25067,2173,165.0,3.0,78.0,8.0,672.0
25068,2173,19.0,0.0,0.0,8.0,2518.0
25099,1252,74.0,3.0,34.0,6.0,331.0
25100,1252,118.0,3.0,101.0,6.0,825.0
25101,1252,154.0,2.0,99.0,6.0,1038.0
25102,1252,56.0,7.0,26.0,6.0,458.0
25103,1252,54.0,6.0,24.0,6.0,57208.0
25104,1252,147.0,7.0,60.0,6.0,1348.0
25105,1252,118.0,3.0,101.0,6.0,979.0
25106,1252,147.0,7.0,60.0,6.0,660.0
25107,1252,81.0,7.0,99.0,6.0,21338.0
25108,1252,154.0,2.0,99.0,6.0,7749.0
25129,1022,21.0,0.0,0.0,8.0,38.0
25130,1022,81.0,7.0,99.0,8.0,3348.0
25131,1022,78.0,0.0,0.0,8.0,25855.0
25132,1022,33.0,6.0,43.0,11.0,67551.0
25133,1022,81.0,0.0,0.0,8.0,2170.0
25134,1022,158.0,7.0,92.0,8.0,722.0
25135,1022,54.0,6.0,24.0,8.0,370939.0
25136,1022,159.0,3.0,93.0,8.0,1890.0
25137,1022,47.0,0.0,0.0,8.0,7809.0
25138,1022,74.0,3.0,34.0,11.0,3953.0
25169,2416,74.0,3.0,34.0,6.0,1922.0
25170,2416,56.0,7.0,26.0,6.0,460.0
25171,2416,49.0,2.0,19.0,6.0,14576.0
25172,2416,56.0,7.0,26.0,6.0,760.0
25173,2416,60.0,7.0,28.0,6.0,590.0
25174,2416,60.0,7.0,28.0,6.0,23818.0
25175,610,87.0,0.0,0.0,8.0,24114.0
25176,610,23.0,2.0,17.0,8.0,20114.0
25177,610,31.0,6.0,20.0,8.0,957.0
25178,610,133.0,7.0,50.0,8.0,8111.0
25179,610,158.0,7.0,57.0,8.0,825829.0
25180,610,118.0,3.0,101.0,8.0,1277.0
25181,610,107.0,0.0,0.0,8.0,215.0
25182,610,9.0,2.0,14.0,8.0,8947.0
25183,610,158.0,7.0,57.0,8.0,12930.0
25184,610,81.0,7.0,99.0,8.0,13731.0
25235,267,165.0,3.0,78.0,8.0,757.0
25236,267,81.0,7.0,99.0,8.0,11928.0
25237,267,158.0,7.0,57.0,8.0,379.0
25238,267,158.0,7.0,57.0,8.0,2827.0
25239,267,165.0,3.0,78.0,8.0,43.0
25240,267,81.0,7.0,97.0,8.0,8.0
25241,267,158.0,7.0,57.0,8.0,276.0
25242,267,81.0,7.0,97.0,8.0,305.0
25243,267,81.0,7.0,99.0,8.0,437.0
25244,267,165.0,3.0,78.0,8.0,589.0
25255,18,158.0,7.0,57.0,6.0,23739.0
25256,18,81.0,7.0,99.0,6.0,11523.0
25257,18,158.0,7.0,57.0,6.0,13942.0
25258,18,118.0,3.0,101.0,6.0,1057.0
25259,18,118.0,3.0,101.0,6.0,612.0
25260,18,118.0,3.0,101.0,6.0,4.0
25261,18,165.0,3.0,78.0,6.0,281.0
25262,18,118.0,3.0,101.0,6.0,636.0
25263,18,165.0,3.0,78.0,6.0,449.0
25264,18,154.0,2.0,99.0,6.0,8269.0
25341,2868,158.0,7.0,57.0,6.0,3618.0
25342,2868,118.0,3.0,101.0,6.0,40757.0
25343,2868,165.0,3.0,78.0,6.0,32.0
25344,2868,23.0,2.0,17.0,6.0,521.0
25345,2868,81.0,7.0,99.0,6.0,556.0
25346,2868,74.0,3.0,34.0,6.0,640.0
25347,2868,158.0,7.0,57.0,6.0,173.0
25348,2868,31.0,6.0,20.0,6.0,1177.0
25349,2868,118.0,3.0,101.0,6.0,1117.0
25419,2731,118.0,3.0,101.0,6.0,2508.0
25420,2731,154.0,2.0,99.0,6.0,9198.0
25421,2731,158.0,7.0,57.0,6.0,419.0
25422,2731,23.0,2.0,17.0,6.0,65.0
25423,2731,165.0,3.0,78.0,6.0,56.0
25424,2731,183.0,6.0,85.0,6.0,1070.0
25425,2731,178.0,7.0,104.0,6.0,3211.0
25426,2731,165.0,3.0,78.0,6.0,217.0
25427,2731,81.0,7.0,99.0,6.0,14895.0
25428,2731,165.0,3.0,78.0,6.0,28.0
25446,2983,113.0,0.0,0.0,11.0,13253.0
25447,2983,43.0,2.0,11.0,11.0,41328.0
25448,2983,158.0,7.0,92.0,11.0,243.0
25449,2983,166.0,3.0,95.0,11.0,242.0
25450,2983,158.0,0.0,0.0,11.0,26787.0
25451,2983,150.0,3.0,41.0,11.0,20649.0
25452,2983,150.0,3.0,94.0,11.0,695.0
25453,2983,44.0,7.0,97.0,11.0,39134.0
25454,2983,150.0,3.0,94.0,11.0,21461.0
25455,2983,158.0,7.0,92.0,11.0,3378.0
25532,2,165.0,3.0,78.0,6.0,167.0
25533,2,81.0,7.0,102.0,6.0,6714.0
25534,2,183.0,6.0,85.0,6.0,22231.0
25535,2,94.0,7.0,47.0,6.0,72199.0
25536,2,183.0,6.0,85.0,6.0,254.0
25537,2,81.0,7.0,102.0,6.0,16538.0
25538,2,118.0,3.0,101.0,6.0,866.0
25539,2,183.0,6.0,85.0,6.0,910.0
25540,2,183.0,6.0,85.0,6.0,691.0
25541,2,94.0,7.0,47.0,6.0,1311.0
25542,186,23.0,2.0,17.0,6.0,1090.0
25543,186,158.0,7.0,57.0,6.0,15492.0
25544,186,15.0,0.0,0.0,6.0,540500.0
25545,186,61.0,7.0,68.0,6.0,23306.0
25546,186,154.0,2.0,99.0,6.0,997.0
25547,186,165.0,3.0,78.0,6.0,248.0
25548,186,118.0,3.0,101.0,6.0,77.0
25549,186,118.0,3.0,101.0,6.0,7.0
25550,186,165.0,3.0,78.0,6.0,903.0
25551,186,47.0,0.0,0.0,6.0,42017.0
25552,1404,147.0,6.0,65.0,8.0,12833.0
25553,1404,147.0,7.0,60.0,8.0,817.0
25554,1404,147.0,7.0,60.0,8.0,1362.0
25555,1404,147.0,7.0,60.0,8.0,899.0
25556,1404,178.0,7.0,104.0,8.0,1065.0
25557,1404,187.0,0.0,0.0,8.0,23108.0
25558,1404,116.0,1.0,62.0,8.0,21344.0
25559,1404,147.0,7.0,60.0,8.0,1284.0
25560,1404,74.0,3.0,34.0,8.0,3172.0
25561,1404,147.0,7.0,60.0,8.0,9388.0
25600,2269,103.0,6.0,53.0,11.0,4926.0
25601,2269,6.0,0.0,0.0,11.0,19.0
25602,2269,6.0,0.0,0.0,0.0,224.0
25603,2269,91.0,7.0,91.0,11.0,1035.0
25604,2269,183.0,6.0,87.0,11.0,4431.0
25605,2269,112.0,3.0,61.0,11.0,475.0
25606,2269,181.0,3.0,84.0,11.0,201.0
25607,2269,81.0,3.0,72.0,11.0,48.0
25608,2269,158.0,0.0,0.0,0.0,121.0
25649,914,44.0,7.0,97.0,11.0,23259.0
25650,914,181.0,3.0,84.0,11.0,45490.0
25651,914,158.0,7.0,57.0,11.0,8.0
25652,914,150.0,3.0,41.0,11.0,208.0
25653,914,166.0,3.0,95.0,11.0,15641.0
25654,914,166.0,3.0,95.0,11.0,99.0
25655,914,158.0,7.0,92.0,11.0,132.0
25656,914,150.0,3.0,41.0,11.0,58.0
25657,914,166.0,3.0,95.0,11.0,13005.0
25658,914,158.0,7.0,57.0,11.0,47.0
25659,1141,81.0,0.0,0.0,2.0,275.0
25660,1141,44.0,7.0,97.0,2.0,24969.0
25661,1141,158.0,7.0,57.0,2.0,11972.0
25662,1141,141.0,3.0,40.0,2.0,259.0
25663,1141,158.0,0.0,0.0,2.0,4835.0
25664,1141,158.0,7.0,92.0,2.0,258.0
25665,1141,44.0,7.0,97.0,2.0,5347.0
25666,1141,54.0,0.0,0.0,2.0,22807.0
25667,1141,44.0,7.0,97.0,2.0,7669.0
25668,1141,153.0,2.0,99.0,2.0,1606.0
25669,975,166.0,3.0,95.0,11.0,1404.0
25670,975,158.0,7.0,92.0,11.0,11391.0
25671,975,158.0,7.0,92.0,11.0,715.0
25672,975,158.0,7.0,92.0,11.0,140.0
25673,975,158.0,7.0,57.0,11.0,1.0
25674,975,158.0,7.0,92.0,11.0,47.0
25675,975,166.0,3.0,95.0,11.0,93.0
25676,975,6.0,0.0,0.0,11.0,88.0
25677,975,158.0,7.0,92.0,11.0,104.0
25678,975,158.0,7.0,92.0,11.0,510.0
25679,519,118.0,3.0,101.0,6.0,1078.0
25680,519,23.0,2.0,17.0,6.0,1179.0
25681,519,154.0,2.0,99.0,6.0,5302.0
25682,519,154.0,2.0,99.0,6.0,19390.0
25683,519,23.0,2.0,17.0,6.0,735.0
25684,519,60.0,7.0,28.0,6.0,5462.0
25685,519,54.0,6.0,24.0,6.0,13629.0
25686,519,61.0,7.0,68.0,6.0,3152.0
25687,519,154.0,2.0,99.0,6.0,8148.0
25688,519,118.0,3.0,101.0,6.0,1576.0
25689,850,31.0,6.0,20.0,10.0,606.0
25690,850,56.0,7.0,26.0,10.0,577.0
25691,850,21.0,0.0,0.0,10.0,6.0
25692,850,10.0,0.0,0.0,10.0,1484.0
25693,850,74.0,3.0,34.0,10.0,86357.0
25694,850,81.0,7.0,50.0,10.0,258454.0
25695,850,56.0,7.0,26.0,10.0,17662.0
25696,850,49.0,2.0,19.0,10.0,67338.0
25756,250,74.0,3.0,34.0,6.0,2717.0
25857,1934,158.0,7.0,56.0,6.0,14158.0
25858,1934,56.0,7.0,26.0,6.0,523.0
25859,1934,49.0,2.0,19.0,6.0,17893.0
25860,1934,96.0,2.0,52.0,6.0,6885.0
25861,1934,96.0,2.0,52.0,6.0,152601.0
25862,1934,158.0,7.0,57.0,6.0,9276.0
25863,1934,23.0,2.0,17.0,6.0,645.0
25864,1934,147.0,7.0,60.0,6.0,912.0
25865,1934,56.0,7.0,26.0,6.0,728.0
25866,1934,23.0,2.0,17.0,6.0,76.0
25887,220,81.0,7.0,99.0,8.0,41396.0
25888,220,81.0,7.0,99.0,8.0,917.0
25889,220,74.0,3.0,34.0,8.0,222.0
25890,220,74.0,3.0,34.0,8.0,241.0
25891,220,81.0,7.0,99.0,8.0,794.0
25892,220,154.0,2.0,99.0,8.0,1897.0
25893,220,158.0,7.0,57.0,8.0,9514.0
25894,220,154.0,2.0,99.0,8.0,1239.0
25895,220,154.0,2.0,99.0,8.0,1195.0
25896,220,118.0,3.0,101.0,8.0,1205.0
25907,1966,158.0,7.0,57.0,6.0,143870.0
25908,1966,100.0,7.0,97.0,6.0,5945.0
25909,1966,159.0,3.0,93.0,6.0,743.0
25910,1966,60.0,7.0,28.0,6.0,9687.0
25911,1966,159.0,3.0,93.0,6.0,506.0
25912,1966,159.0,3.0,93.0,6.0,616.0
25913,1966,81.0,0.0,0.0,6.0,1071.0
25914,1966,60.0,7.0,28.0,6.0,2219.0
25915,1966,158.0,7.0,92.0,6.0,16746.0
25916,1966,183.0,6.0,85.0,6.0,10225.0
25927,305,165.0,3.0,78.0,6.0,48.0
25928,305,60.0,7.0,28.0,6.0,1880.0
25929,305,158.0,7.0,92.0,6.0,8880.0
25930,305,158.0,7.0,57.0,6.0,70210.0
25931,305,103.0,7.0,1.0,6.0,1704.0
25932,305,49.0,2.0,19.0,6.0,24777.0
25933,305,158.0,7.0,92.0,6.0,96233.0
25934,305,118.0,3.0,101.0,6.0,1493.0
25935,305,60.0,7.0,28.0,6.0,1224.0
25936,305,158.0,7.0,57.0,6.0,12756.0
26058,1547,142.0,0.0,0.0,6.0,272.0
26059,1547,9.0,2.0,14.0,6.0,978.0
26060,1547,118.0,3.0,101.0,6.0,21642.0
26061,1547,165.0,3.0,78.0,6.0,818.0
26062,1547,23.0,2.0,17.0,6.0,249.0
26063,1547,81.0,7.0,99.0,6.0,1437.0
26064,1547,6.0,0.0,0.0,0.0,78328.0
26065,1547,23.0,2.0,17.0,6.0,23.0
26066,1547,158.0,7.0,57.0,6.0,419.0
26067,1547,107.0,0.0,0.0,6.0,467.0
26088,2778,158.0,7.0,57.0,6.0,16747.0
26089,2778,73.0,0.0,0.0,6.0,369.0
26090,2778,126.0,0.0,0.0,6.0,22573.0
26091,2778,154.0,2.0,99.0,6.0,302.0
26092,2778,87.0,0.0,0.0,6.0,28706.0
26093,2778,86.0,0.0,0.0,6.0,8930.0
26094,2778,118.0,3.0,101.0,6.0,440.0
26095,2778,154.0,2.0,99.0,6.0,1644.0
26096,2778,74.0,3.0,34.0,6.0,686.0
26097,2778,154.0,2.0,99.0,6.0,388.0
26108,1272,118.0,3.0,101.0,8.0,58916.0
26109,1272,158.0,7.0,57.0,8.0,299.0
26110,1272,165.0,3.0,78.0,8.0,348.0
26111,1272,74.0,3.0,34.0,8.0,292.0
26112,1272,23.0,2.0,17.0,8.0,56.0
26123,1002,74.0,3.0,34.0,8.0,3495.0
26124,1002,56.0,7.0,26.0,8.0,2021.0
26125,1002,147.0,7.0,60.0,8.0,664.0
26126,1002,56.0,7.0,26.0,8.0,725.0
26127,1002,187.0,0.0,0.0,8.0,27355.0
26128,1002,39.0,7.0,12.0,8.0,43884.0
26129,1002,147.0,7.0,60.0,8.0,4184.0
26130,1002,147.0,6.0,65.0,8.0,71161.0
26131,1002,49.0,2.0,19.0,8.0,27413.0
26132,1002,116.0,1.0,62.0,8.0,68005.0
26153,2026,74.0,3.0,34.0,6.0,620.0
26154,2026,56.0,7.0,26.0,6.0,850.0
26155,2026,36.0,0.0,0.0,6.0,27189.0
26156,2026,36.0,0.0,0.0,6.0,4214.0
26157,2026,31.0,6.0,20.0,6.0,978.0
26158,2026,56.0,7.0,26.0,6.0,1587.0
26159,2026,56.0,7.0,26.0,6.0,530430.0
26160,2026,49.0,2.0,19.0,6.0,60570.0
26211,481,173.0,0.0,0.0,6.0,2611.0
26212,481,144.0,0.0,0.0,6.0,964.0
26213,481,74.0,3.0,34.0,6.0,527.0
26214,481,55.0,0.0,0.0,6.0,41921.0
26215,481,56.0,7.0,26.0,6.0,4091.0
26216,481,118.0,3.0,101.0,6.0,0.0
26217,481,118.0,3.0,101.0,6.0,190.0
26218,481,33.0,6.0,43.0,6.0,0.0
26219,481,56.0,7.0,26.0,6.0,542.0
26220,481,81.0,0.0,0.0,6.0,1763.0
26241,520,39.0,7.0,12.0,8.0,1428.0
26242,520,30.0,6.0,7.0,8.0,65523.0
26243,520,39.0,7.0,12.0,8.0,51150.0
26244,520,74.0,3.0,34.0,8.0,5401.0
26245,520,30.0,6.0,7.0,8.0,30940.0
26246,520,30.0,6.0,7.0,8.0,38867.0
26247,520,30.0,6.0,7.0,8.0,20115.0
26248,520,30.0,6.0,7.0,8.0,90407.0
26253,639,119.0,0.0,0.0,6.0,815.0
26254,639,60.0,7.0,28.0,6.0,20907.0
26255,639,60.0,7.0,28.0,6.0,8883.0
26256,639,81.0,0.0,0.0,6.0,725.0
26257,639,159.0,3.0,93.0,6.0,566.0
26258,639,15.0,0.0,0.0,6.0,184911.0
26259,639,49.0,2.0,19.0,6.0,24548.0
26260,639,31.0,6.0,20.0,6.0,1113.0
26261,639,131.0,0.0,0.0,6.0,563.0
26262,639,60.0,7.0,28.0,6.0,3521.0
26263,2824,60.0,7.0,28.0,8.0,43.0
26264,2824,81.0,7.0,99.0,8.0,11012.0
26265,2824,127.0,0.0,0.0,8.0,5077.0
26266,2824,56.0,7.0,26.0,8.0,463.0
26267,2824,16.0,2.0,20.0,8.0,6055.0
26268,2824,23.0,2.0,17.0,8.0,5.0
26269,2824,118.0,3.0,101.0,8.0,4.0
26270,2824,118.0,3.0,101.0,8.0,1465.0
26271,2824,16.0,2.0,20.0,8.0,117147.0
26272,2824,158.0,7.0,57.0,8.0,537.0
26277,2567,74.0,3.0,34.0,11.0,3391.0
26278,2567,31.0,6.0,20.0,6.0,1348.0
26279,2567,154.0,2.0,99.0,6.0,26341.0
26280,2567,158.0,7.0,57.0,6.0,4789.0
26281,2567,165.0,3.0,78.0,6.0,344.0
26282,2567,118.0,3.0,101.0,6.0,460.0
26283,2567,154.0,2.0,99.0,6.0,8497.0
26284,2567,23.0,2.0,17.0,6.0,0.0
26285,2567,74.0,3.0,34.0,6.0,551.0
26286,2567,118.0,3.0,101.0,6.0,2846.0
26307,997,81.0,7.0,99.0,10.0,68055.0
26308,997,30.0,6.0,7.0,10.0,27148.0
26309,997,165.0,3.0,78.0,10.0,1010.0
26310,997,30.0,6.0,7.0,10.0,27602.0
26311,997,116.0,1.0,62.0,10.0,0.0
26312,997,74.0,3.0,34.0,10.0,1796.0
26313,997,23.0,2.0,17.0,10.0,12.0
26314,997,56.0,7.0,26.0,10.0,1187.0
26315,997,30.0,6.0,7.0,10.0,7743.0
26316,997,39.0,7.0,12.0,10.0,312653.0
26342,2066,74.0,3.0,34.0,6.0,3663.0
26343,2066,187.0,0.0,0.0,6.0,53993.0
26344,2066,147.0,6.0,65.0,6.0,12730.0
26345,2066,116.0,1.0,62.0,6.0,0.0
26346,2066,2.0,4.0,49.0,6.0,1234184.0
26347,2066,158.0,7.0,57.0,6.0,6926.0
26348,2066,147.0,7.0,60.0,6.0,7114.0
26349,2066,147.0,7.0,60.0,6.0,1294.0
26350,2066,147.0,7.0,60.0,6.0,2397.0
26351,2066,49.0,2.0,19.0,2.0,238187.0
26352,467,74.0,3.0,34.0,6.0,2662.0
26353,467,187.0,0.0,0.0,6.0,29706.0
26354,467,118.0,3.0,101.0,6.0,15.0
26355,467,147.0,7.0,60.0,6.0,976.0
26356,467,147.0,7.0,60.0,6.0,13194.0
26357,467,161.0,7.0,76.0,6.0,142909.0
26358,467,54.0,6.0,24.0,6.0,96696.0
26359,467,54.0,6.0,24.0,6.0,643959.0
26360,467,49.0,2.0,19.0,6.0,23664.0
26361,467,116.0,1.0,62.0,6.0,0.0
26372,171,56.0,7.0,26.0,8.0,1010.0
26373,171,74.0,3.0,34.0,8.0,1082.0
26374,171,31.0,6.0,20.0,8.0,2576.0
26375,171,49.0,2.0,19.0,8.0,16038.0
26424,2305,147.0,6.0,65.0,6.0,13724.0
26425,2305,116.0,1.0,62.0,6.0,0.0
26426,2305,178.0,7.0,104.0,6.0,673.0
26427,2305,147.0,7.0,60.0,6.0,2186.0
26428,2305,147.0,7.0,60.0,6.0,300.0
26429,2305,187.0,0.0,0.0,6.0,75673.0
26430,2305,147.0,7.0,60.0,6.0,230225.0
26431,2305,74.0,3.0,34.0,6.0,3835.0
26432,2305,54.0,6.0,24.0,6.0,553581.0
26433,2305,147.0,7.0,60.0,6.0,7835.0
26492,1305,23.0,2.0,17.0,8.0,1416.0
26493,1305,9.0,2.0,14.0,8.0,17.0
26494,1305,74.0,3.0,34.0,8.0,1057.0
26495,1305,23.0,2.0,17.0,8.0,1109.0
26496,1305,154.0,2.0,99.0,8.0,60022.0
26497,1305,74.0,3.0,34.0,8.0,882.0
26498,1305,31.0,6.0,20.0,8.0,356.0
26499,1305,165.0,3.0,78.0,8.0,217.0
26500,1305,165.0,3.0,78.0,8.0,194.0
26501,1305,31.0,6.0,20.0,8.0,614.0
26532,2807,56.0,7.0,26.0,8.0,3627.0
26533,2807,40.0,2.0,13.0,8.0,15673.0
26534,2807,109.0,2.0,59.0,8.0,115242.0
26535,2807,74.0,3.0,34.0,8.0,4863.0
26536,2807,39.0,7.0,12.0,8.0,33548.0
26537,2807,80.0,7.0,58.0,8.0,105.0
26538,2807,172.0,7.0,80.0,8.0,3220.0
26539,2807,33.0,6.0,43.0,8.0,39866.0
26540,2807,49.0,2.0,19.0,8.0,69682.0
26541,2807,39.0,7.0,12.0,8.0,450.0
26552,1034,56.0,7.0,26.0,8.0,687.0
26553,1034,161.0,7.0,76.0,8.0,15360.0
26554,1034,165.0,3.0,78.0,8.0,339.0
26555,1034,23.0,2.0,17.0,8.0,66.0
26556,1034,158.0,7.0,57.0,8.0,27283.0
26557,1034,118.0,3.0,101.0,8.0,423.0
26558,1034,165.0,3.0,78.0,8.0,8154.0
26559,1034,118.0,3.0,101.0,8.0,0.0
26560,1034,56.0,7.0,26.0,8.0,410.0
26561,1034,23.0,2.0,17.0,8.0,85.0
26572,1265,168.0,0.0,0.0,1.0,753.0
26573,1265,6.0,0.0,0.0,1.0,129860.0
26574,1265,6.0,0.0,0.0,1.0,364.0
26575,1265,168.0,0.0,0.0,1.0,15115.0
26576,1265,59.0,0.0,0.0,1.0,849.0
26577,1265,44.0,7.0,97.0,1.0,73.0
26578,1265,166.0,3.0,95.0,1.0,1762.0
26579,1265,158.0,7.0,92.0,0.0,54.0
26580,1265,44.0,7.0,97.0,1.0,83.0
26581,1265,150.0,3.0,41.0,0.0,4102.0
26621,2861,23.0,2.0,17.0,6.0,1206.0
26622,2861,158.0,7.0,57.0,6.0,32922.0
26623,2861,118.0,3.0,101.0,6.0,1219.0
26624,2861,165.0,3.0,78.0,6.0,138.0
26625,2861,23.0,2.0,17.0,6.0,874.0
26626,2861,165.0,3.0,78.0,6.0,209.0
26627,2861,154.0,2.0,99.0,6.0,9882.0
26628,2861,165.0,3.0,78.0,6.0,171.0
26629,2861,118.0,3.0,101.0,6.0,1684.0
26630,2861,23.0,2.0,17.0,6.0,1569.0
26671,1679,103.0,6.0,53.0,11.0,3632.0
26672,1679,158.0,0.0,0.0,0.0,332.0
26673,1679,181.0,3.0,84.0,11.0,274.0
26674,1679,181.0,3.0,84.0,11.0,37095.0
26675,1679,91.0,7.0,91.0,11.0,2786.0
26676,1679,44.0,7.0,97.0,11.0,4892.0
26677,1679,54.0,0.0,0.0,11.0,355.0
26678,1679,183.0,6.0,87.0,11.0,6896.0
26679,1679,157.0,0.0,0.0,11.0,30.0
26680,1679,6.0,0.0,0.0,0.0,572.0
26687,131,158.0,7.0,57.0,8.0,439.0
26688,131,154.0,2.0,99.0,8.0,12330.0
26689,131,81.0,7.0,99.0,8.0,42582.0
26690,131,158.0,7.0,57.0,8.0,21245.0
26691,131,23.0,2.0,17.0,8.0,25.0
26692,131,9.0,2.0,14.0,8.0,109.0
26693,131,81.0,7.0,99.0,8.0,36066.0
26694,131,158.0,7.0,57.0,8.0,27963.0
26695,131,118.0,3.0,101.0,8.0,700.0
26696,131,165.0,3.0,78.0,8.0,168.0
26697,110,154.0,2.0,99.0,8.0,1785.0
26698,110,81.0,7.0,99.0,8.0,6500.0
26699,110,158.0,7.0,57.0,5.0,0.0
26700,110,118.0,3.0,101.0,8.0,174.0
26701,110,81.0,7.0,99.0,8.0,6784.0
26702,110,118.0,3.0,101.0,8.0,4188.0
26703,110,23.0,2.0,17.0,8.0,1842.0
26704,110,23.0,2.0,17.0,8.0,369.0
26705,110,158.0,7.0,57.0,8.0,9310.0
26706,110,118.0,3.0,101.0,8.0,2028.0
26717,1999,166.0,3.0,95.0,2.0,23.0
26718,1999,81.0,0.0,0.0,2.0,1431.0
26719,1999,103.0,6.0,53.0,2.0,513.0
26720,1999,158.0,7.0,92.0,2.0,105.0
26721,1999,44.0,7.0,97.0,2.0,98.0
26722,1999,81.0,0.0,0.0,2.0,328.0
26723,1999,6.0,0.0,0.0,2.0,24.0
26724,1999,81.0,0.0,0.0,2.0,11982.0
26725,1999,44.0,7.0,97.0,2.0,0.0
26726,1999,183.0,6.0,87.0,2.0,2311.0
26727,702,158.0,7.0,57.0,2.0,2856.0
26728,702,81.0,7.0,99.0,8.0,16988.0
26729,702,23.0,2.0,17.0,8.0,464.0
26730,702,154.0,2.0,99.0,8.0,104224.0
26731,702,158.0,7.0,92.0,2.0,61.0
26732,702,23.0,2.0,17.0,8.0,507.0
26733,702,81.0,7.0,99.0,8.0,143.0
26734,702,81.0,7.0,99.0,8.0,118643.0
26735,702,81.0,7.0,99.0,8.0,113361.0
26736,702,158.0,7.0,57.0,8.0,165.0
26747,1770,23.0,2.0,17.0,6.0,1032.0
26748,1770,54.0,6.0,24.0,6.0,118368.0
26749,1770,147.0,7.0,60.0,6.0,347.0
26750,1770,147.0,7.0,60.0,6.0,1912.0
26751,1770,81.0,7.0,99.0,6.0,21507.0
26752,1770,118.0,3.0,101.0,6.0,47.0
26753,1770,178.0,7.0,104.0,6.0,428.0
26754,1770,147.0,7.0,60.0,6.0,4504.0
26755,1770,147.0,7.0,60.0,6.0,9923.0
26756,1770,74.0,3.0,34.0,6.0,298.0
26758,2871,154.0,2.0,99.0,6.0,80.0
26759,2871,60.0,7.0,28.0,6.0,2605.0
26760,2871,154.0,2.0,99.0,6.0,11089.0
26761,2871,118.0,3.0,101.0,6.0,814.0
26762,2871,23.0,2.0,17.0,6.0,49.0
26763,2871,154.0,2.0,99.0,6.0,4142.0
26764,2871,154.0,2.0,99.0,6.0,5025.0
26765,2871,178.0,7.0,104.0,6.0,6038.0
26766,2871,154.0,2.0,99.0,6.0,13284.0
26767,2871,81.0,7.0,50.0,6.0,1213.0
26778,299,120.0,0.0,0.0,6.0,6465.0
26779,299,60.0,7.0,28.0,6.0,1753.0
26780,299,103.0,7.0,1.0,6.0,748.0
26781,299,78.0,0.0,0.0,6.0,2932.0
26782,299,126.0,0.0,0.0,6.0,49676.0
26783,299,159.0,3.0,93.0,6.0,601.0
26784,299,54.0,6.0,24.0,6.0,1056.0
26785,299,23.0,2.0,17.0,6.0,77.0
26786,299,158.0,7.0,92.0,6.0,151.0
26787,299,96.0,2.0,52.0,6.0,68221.0
26808,3100,81.0,7.0,50.0,8.0,1304429.0
26809,3100,81.0,0.0,0.0,8.0,2199.0
26810,3100,81.0,0.0,0.0,8.0,5467.0
26811,3100,133.0,7.0,50.0,8.0,1534.0
26812,3100,133.0,7.0,50.0,8.0,2411.0
26813,3100,74.0,3.0,34.0,8.0,669.0
26814,3100,142.0,0.0,0.0,8.0,225.0
26815,3100,81.0,0.0,0.0,8.0,658.0
26816,3100,56.0,7.0,26.0,8.0,3226.0
26817,3100,81.0,7.0,50.0,8.0,3448.0
26818,885,81.0,7.0,99.0,6.0,36221.0
26819,885,154.0,2.0,99.0,6.0,14022.0
26820,885,154.0,2.0,99.0,6.0,3022.0
26821,885,165.0,3.0,78.0,6.0,106.0
26822,885,118.0,3.0,101.0,6.0,962.0
26823,885,165.0,3.0,78.0,6.0,164.0
26824,885,81.0,7.0,99.0,6.0,29469.0
26825,885,81.0,7.0,99.0,6.0,25353.0
26826,885,23.0,2.0,17.0,6.0,1997.0
26827,885,158.0,7.0,57.0,6.0,321.0
26838,1496,31.0,6.0,20.0,6.0,555.0
26839,1496,56.0,7.0,26.0,6.0,613.0
26840,1496,49.0,2.0,19.0,6.0,18398.0
26841,1496,74.0,3.0,34.0,6.0,923.0
26923,3099,74.0,3.0,34.0,6.0,968.0
26924,3099,49.0,2.0,19.0,6.0,15672.0
26925,3099,56.0,7.0,26.0,6.0,788.0
26926,3099,31.0,6.0,20.0,6.0,903.0
26957,2581,183.0,6.0,86.0,6.0,10763.0
26958,2581,183.0,6.0,86.0,6.0,67548.0
26959,2581,165.0,3.0,78.0,6.0,449.0
26960,2581,21.0,0.0,0.0,6.0,17.0
26961,2581,158.0,7.0,57.0,6.0,4049.0
26962,2581,178.0,7.0,104.0,6.0,772.0
26963,2581,165.0,3.0,78.0,6.0,105.0
26964,2581,81.0,7.0,99.0,6.0,27023.0
26965,2581,158.0,7.0,92.0,6.0,486.0
26966,2581,23.0,2.0,17.0,6.0,613.0
26967,684,74.0,3.0,34.0,10.0,672.0
26968,684,118.0,3.0,101.0,10.0,1951.0
26969,684,165.0,3.0,78.0,10.0,5240.0
26970,684,165.0,3.0,78.0,10.0,5253.0
26971,684,9.0,2.0,14.0,10.0,39.0
26972,684,158.0,7.0,57.0,10.0,9194.0
26973,684,31.0,6.0,20.0,10.0,105.0
26974,684,23.0,2.0,17.0,10.0,294.0
26975,684,158.0,7.0,57.0,10.0,658.0
26976,684,23.0,2.0,17.0,10.0,32.0
26997,1039,54.0,0.0,0.0,6.0,13086.0
26998,1039,36.0,0.0,0.0,6.0,2085.0
26999,1039,118.0,3.0,101.0,6.0,877.0
27000,1039,158.0,7.0,57.0,6.0,225.0
27001,1039,23.0,2.0,17.0,6.0,932.0
27002,1039,74.0,3.0,34.0,6.0,78.0
27003,1039,118.0,3.0,101.0,6.0,7159.0
27004,1039,158.0,7.0,57.0,6.0,175998.0
27005,1039,81.0,7.0,99.0,6.0,1714.0
27006,1039,54.0,0.0,0.0,6.0,81433.0
27057,2102,118.0,3.0,101.0,8.0,1047.0
27058,2102,49.0,2.0,19.0,8.0,252689.0
27059,2102,154.0,2.0,99.0,8.0,646.0
27060,2102,154.0,2.0,99.0,8.0,124.0
27061,2102,118.0,3.0,101.0,8.0,701.0
27062,2102,183.0,6.0,85.0,8.0,199379.0
27063,2102,74.0,3.0,34.0,8.0,614.0
27064,2102,154.0,2.0,99.0,8.0,2386.0
27065,2102,158.0,7.0,57.0,8.0,22204.0
27066,2102,118.0,3.0,101.0,8.0,890.0
27067,4,165.0,3.0,78.0,6.0,173086.0
27068,4,23.0,2.0,17.0,6.0,23.0
27069,4,74.0,3.0,34.0,6.0,634.0
27070,4,49.0,2.0,19.0,6.0,16250.0
27071,4,56.0,7.0,26.0,6.0,914.0
27072,4,56.0,7.0,26.0,6.0,2177.0
27073,4,31.0,6.0,20.0,6.0,220.0
27084,1391,74.0,3.0,34.0,8.0,345.0
27085,1391,133.0,7.0,50.0,8.0,10836.0
27086,1391,31.0,6.0,20.0,8.0,663.0
27087,1391,56.0,7.0,26.0,8.0,517.0
27088,1391,49.0,2.0,19.0,8.0,138196.0
27089,1391,74.0,3.0,34.0,8.0,707.0
27090,1391,56.0,7.0,26.0,8.0,516.0
27091,1391,133.0,7.0,50.0,8.0,706.0
27092,1865,6.0,0.0,0.0,11.0,342.0
27093,2634,158.0,7.0,57.0,6.0,12340.0
27094,2634,165.0,3.0,78.0,6.0,913.0
27095,2634,118.0,3.0,101.0,6.0,116.0
27096,2634,154.0,2.0,99.0,6.0,4812.0
27097,2634,154.0,2.0,99.0,6.0,1200.0
27098,2634,118.0,3.0,101.0,6.0,644.0
27099,2634,54.0,6.0,24.0,6.0,106659.0
27100,2634,158.0,7.0,57.0,6.0,21925.0
27101,2634,23.0,2.0,17.0,6.0,136.0
27102,2634,154.0,2.0,99.0,6.0,987.0
27116,2652,158.0,7.0,57.0,6.0,14307.0
27117,2652,151.0,0.0,0.0,6.0,17810.0
27118,2652,119.0,0.0,0.0,6.0,1227.0
27119,2652,165.0,3.0,78.0,6.0,146.0
27120,2652,56.0,7.0,26.0,6.0,3782.0
27121,2652,49.0,2.0,19.0,6.0,122164.0
27122,2652,81.0,7.0,99.0,6.0,6740.0
27123,2652,158.0,7.0,57.0,6.0,39577.0
27124,2652,36.0,0.0,0.0,6.0,14509.0
27125,2652,178.0,7.0,104.0,6.0,16021.0
27156,801,52.0,2.0,21.0,6.0,6009.0
27157,801,81.0,7.0,50.0,6.0,4953.0
27158,801,133.0,7.0,50.0,6.0,941.0
27159,801,133.0,7.0,50.0,6.0,596.0
27160,801,74.0,3.0,34.0,6.0,768.0
27161,801,158.0,7.0,57.0,6.0,11066.0
27162,801,147.0,7.0,60.0,6.0,5210.0
27163,801,49.0,2.0,19.0,10.0,370552.0
27164,801,147.0,7.0,60.0,6.0,1043.0
27165,801,81.0,7.0,99.0,6.0,13294.0
27176,2999,154.0,2.0,99.0,8.0,0.0
27177,2999,81.0,7.0,99.0,8.0,27543.0
27178,2999,81.0,7.0,99.0,8.0,381498.0
27179,2999,165.0,3.0,78.0,8.0,1322.0
27180,2999,158.0,7.0,57.0,8.0,3475.0
27181,2999,158.0,7.0,57.0,8.0,29879.0
27182,2999,158.0,7.0,57.0,8.0,528.0
27183,2999,107.0,0.0,0.0,8.0,186.0
27184,2999,158.0,7.0,57.0,8.0,720.0
27185,2999,118.0,3.0,101.0,8.0,1894.0
27212,626,49.0,2.0,19.0,6.0,28780.0
27213,626,81.0,7.0,50.0,6.0,12345.0
27214,626,133.0,7.0,50.0,6.0,982.0
27215,626,74.0,3.0,34.0,6.0,1525.0
27216,626,56.0,7.0,26.0,6.0,401.0
27217,626,81.0,7.0,50.0,6.0,908.0
27218,626,56.0,7.0,26.0,6.0,929.0
27219,626,133.0,7.0,50.0,6.0,2224.0
27220,626,158.0,7.0,56.0,6.0,18954.0
27221,2596,81.0,7.0,99.0,8.0,56562.0
27222,2596,183.0,6.0,85.0,8.0,45429.0
27223,2596,158.0,7.0,57.0,8.0,217.0
27224,2596,158.0,7.0,92.0,8.0,366.0
27225,2596,158.0,7.0,57.0,6.0,91186.0
27226,2596,158.0,7.0,57.0,8.0,8079.0
27227,2596,81.0,7.0,99.0,8.0,2521.0
27228,2596,159.0,3.0,93.0,8.0,978.0
27229,2596,165.0,3.0,78.0,8.0,32.0
27230,2596,183.0,6.0,85.0,8.0,5332.0
27251,942,147.0,7.0,60.0,8.0,1954.0
27252,942,74.0,3.0,34.0,8.0,3456.0
27253,942,116.0,1.0,62.0,8.0,0.0
27254,942,147.0,7.0,60.0,8.0,1711.0
27255,942,54.0,6.0,24.0,8.0,385304.0
27276,437,19.0,0.0,0.0,8.0,18.0
27277,437,88.0,0.0,0.0,8.0,36728.0
27278,437,19.0,0.0,0.0,8.0,48.0
27279,437,81.0,0.0,0.0,8.0,806.0
27280,437,131.0,0.0,0.0,8.0,895.0
27281,437,158.0,7.0,92.0,8.0,46.0
27282,437,56.0,7.0,26.0,8.0,405.0
27283,437,126.0,0.0,0.0,8.0,19909.0
27284,437,81.0,7.0,99.0,8.0,30466.0
27285,437,19.0,0.0,0.0,8.0,305.0
27286,2517,165.0,3.0,78.0,9.0,25.0
27287,2517,158.0,7.0,92.0,0.0,201.0
27288,2517,10.0,0.0,0.0,9.0,7443.0
27289,2517,161.0,7.0,76.0,9.0,132547.0
27290,2517,118.0,3.0,101.0,9.0,10679.0
27291,2517,49.0,2.0,19.0,9.0,98623.0
27292,2517,81.0,7.0,99.0,9.0,123267.0
27293,2517,158.0,7.0,57.0,7.0,47.0
27294,2517,56.0,7.0,26.0,9.0,1669.0
27295,2517,158.0,7.0,57.0,0.0,654.0
27306,2284,81.0,0.0,0.0,8.0,37.0
27307,2284,61.0,7.0,68.0,8.0,2006.0
27308,2284,154.0,2.0,99.0,8.0,1594.0
27309,2284,87.0,0.0,0.0,8.0,42114.0
27310,2284,118.0,3.0,101.0,8.0,49.0
27311,2284,45.0,0.0,0.0,8.0,3436.0
27312,2284,50.0,6.0,54.0,8.0,6972.0
27313,2284,66.0,0.0,0.0,0.0,113383.0
27314,2284,154.0,2.0,99.0,8.0,1712.0
27315,2284,61.0,7.0,68.0,8.0,446.0
27343,2532,74.0,3.0,34.0,10.0,3430.0
27344,2532,154.0,2.0,99.0,10.0,16211.0
27345,2532,165.0,3.0,78.0,10.0,147.0
27346,2532,118.0,3.0,101.0,10.0,163.0
27347,2532,81.0,7.0,99.0,10.0,561061.0
27348,2532,49.0,2.0,19.0,11.0,13555.0
27349,2532,23.0,2.0,17.0,10.0,1022.0
27350,2532,154.0,2.0,99.0,10.0,846.0
27351,2532,23.0,2.0,17.0,10.0,1632.0
27352,2532,165.0,3.0,78.0,10.0,91.0
27353,886,15.0,0.0,0.0,8.0,110106.0
27354,886,178.0,7.0,104.0,8.0,582.0
27355,886,21.0,0.0,0.0,8.0,66.0
27356,886,158.0,7.0,56.0,8.0,76.0
27357,886,78.0,0.0,0.0,8.0,600.0
27358,886,50.0,6.0,54.0,8.0,5244.0
27359,886,165.0,3.0,78.0,8.0,12488.0
27360,886,19.0,0.0,0.0,8.0,1699.0
27361,886,56.0,7.0,26.0,8.0,627.0
27362,886,49.0,2.0,19.0,8.0,24027.0
27363,243,23.0,2.0,17.0,6.0,769.0
27364,243,118.0,3.0,101.0,6.0,1229.0
27365,243,23.0,2.0,17.0,6.0,763.0
27366,243,183.0,6.0,85.0,6.0,89669.0
27367,243,158.0,7.0,57.0,6.0,6160.0
27368,243,23.0,2.0,17.0,6.0,836.0
27369,243,31.0,6.0,20.0,6.0,967.0
27370,243,16.0,2.0,20.0,6.0,163679.0
27371,243,154.0,2.0,99.0,6.0,56.0
27372,243,105.0,0.0,0.0,6.0,8678.0
27393,2435,158.0,0.0,0.0,0.0,196.0
27394,2945,159.0,3.0,93.0,6.0,894.0
27395,2945,83.0,7.0,32.0,6.0,4379.0
27396,2945,78.0,0.0,0.0,6.0,2741.0
27397,2945,158.0,7.0,92.0,6.0,505.0
27398,2945,39.0,7.0,12.0,6.0,512629.0
27399,2945,78.0,0.0,0.0,6.0,1664.0
27400,2945,56.0,7.0,26.0,6.0,1429.0
27401,2945,54.0,6.0,24.0,6.0,10886.0
27402,2945,131.0,0.0,0.0,6.0,827.0
27403,2945,32.0,1.0,10.0,6.0,39280.0
27415,355,118.0,3.0,101.0,6.0,961.0
27416,355,5.0,0.0,0.0,6.0,10599.0
27417,355,118.0,3.0,101.0,6.0,729.0
27418,355,154.0,2.0,99.0,6.0,1324.0
27419,355,23.0,2.0,17.0,6.0,611.0
27420,355,154.0,2.0,99.0,6.0,65373.0
27421,355,158.0,7.0,57.0,6.0,14457.0
27422,355,23.0,2.0,17.0,6.0,344.0
27423,355,165.0,3.0,78.0,6.0,84.0
27424,355,118.0,3.0,101.0,6.0,1250.0
27425,2505,154.0,2.0,99.0,8.0,26838.0
27426,2505,23.0,2.0,17.0,8.0,17205.0
27427,2505,154.0,2.0,99.0,8.0,9879.0
27428,2505,154.0,2.0,99.0,8.0,36646.0
27429,2505,154.0,2.0,99.0,8.0,13766.0
27430,2505,9.0,2.0,14.0,8.0,102.0
27431,2505,23.0,2.0,17.0,8.0,122.0
27432,2505,154.0,2.0,99.0,8.0,13778.0
27433,2505,118.0,3.0,101.0,8.0,5875.0
27434,2505,81.0,7.0,99.0,8.0,232154.0
27435,973,74.0,3.0,34.0,6.0,543.0
27436,973,142.0,0.0,0.0,6.0,44.0
27437,973,31.0,6.0,20.0,6.0,855.0
27438,973,56.0,7.0,26.0,6.0,584.0
27439,973,49.0,2.0,19.0,6.0,10895.0
27440,973,56.0,7.0,26.0,6.0,775.0
27451,179,158.0,7.0,92.0,6.0,1914.0
27452,179,74.0,3.0,34.0,6.0,954.0
27453,179,183.0,6.0,85.0,6.0,7375.0
27454,179,118.0,3.0,101.0,6.0,9152.0
27455,179,158.0,7.0,92.0,6.0,78.0
27456,179,158.0,7.0,57.0,6.0,364.0
27457,179,158.0,7.0,92.0,6.0,140.0
27458,179,23.0,2.0,17.0,6.0,33.0
27459,179,158.0,7.0,57.0,6.0,297.0
27460,179,183.0,6.0,85.0,6.0,4729.0
27500,2299,158.0,7.0,57.0,10.0,24527.0
27501,2299,6.0,0.0,0.0,0.0,352431.0
27502,2299,165.0,3.0,78.0,10.0,657.0
27503,2299,154.0,2.0,99.0,10.0,1195.0
27504,2299,165.0,3.0,78.0,10.0,579.0
27505,2299,74.0,3.0,34.0,10.0,2177.0
27506,2299,74.0,3.0,34.0,10.0,5.0
27507,2299,165.0,3.0,78.0,10.0,112.0
27508,2299,158.0,7.0,57.0,10.0,1484.0
27509,2299,158.0,0.0,0.0,0.0,201.0
27520,2042,116.0,1.0,62.0,6.0,0.0
27521,2042,54.0,6.0,24.0,6.0,259624.0
27522,2042,54.0,6.0,24.0,6.0,553589.0
27523,2042,39.0,7.0,12.0,6.0,40974.0
27524,2042,158.0,7.0,57.0,6.0,4615.0
27525,2042,161.0,7.0,76.0,6.0,13046.0
27526,2042,178.0,7.0,104.0,6.0,64721.0
27527,2042,147.0,7.0,60.0,6.0,1861.0
27528,2042,118.0,3.0,101.0,6.0,1610.0
27529,2042,58.0,6.0,27.0,6.0,12812.0
27550,784,168.0,0.0,0.0,1.0,14997.0
27551,784,168.0,0.0,0.0,1.0,4630.0
27552,784,44.0,7.0,97.0,1.0,14.0
27553,784,153.0,2.0,99.0,1.0,1513.0
27554,784,6.0,0.0,0.0,1.0,108.0
27555,784,158.0,7.0,57.0,1.0,6624.0
27556,784,153.0,2.0,99.0,1.0,1078.0
27557,784,166.0,3.0,95.0,1.0,749.0
27558,784,81.0,3.0,72.0,1.0,336.0
27559,784,153.0,2.0,99.0,1.0,747.0
27570,1817,23.0,2.0,17.0,6.0,638.0
27571,1817,23.0,2.0,17.0,6.0,354.0
27572,1817,118.0,3.0,101.0,6.0,104.0
27573,1817,23.0,2.0,17.0,6.0,376.0
27574,1817,58.0,0.0,0.0,6.0,15879.0
27575,1817,165.0,3.0,78.0,6.0,119.0
27576,1817,23.0,2.0,17.0,6.0,698.0
27577,1817,158.0,7.0,57.0,6.0,9862.0
27578,1817,107.0,0.0,0.0,6.0,72.0
27579,1817,23.0,2.0,17.0,6.0,15.0
27580,3152,74.0,3.0,34.0,5.0,890.0
27581,3152,133.0,7.0,50.0,5.0,921.0
27582,3152,49.0,2.0,19.0,5.0,44020.0
27583,3152,33.0,6.0,43.0,5.0,12900.0
27584,3152,133.0,7.0,50.0,5.0,6790.0
27585,3152,56.0,7.0,26.0,5.0,240.0
27586,3152,31.0,6.0,20.0,5.0,403.0
27587,3152,74.0,3.0,34.0,5.0,341.0
27588,3152,56.0,7.0,26.0,5.0,875.0
27619,1221,183.0,6.0,88.0,8.0,65591.0
27620,1221,89.0,0.0,0.0,8.0,101009.0
27621,1221,60.0,7.0,28.0,8.0,908.0
27622,1221,60.0,7.0,28.0,8.0,10180.0
27623,1221,183.0,6.0,88.0,8.0,29088.0
27624,1221,119.0,0.0,0.0,8.0,982.0
27625,1221,54.0,6.0,24.0,8.0,50729.0
27626,1221,187.0,0.0,0.0,8.0,14603.0
27627,1221,74.0,3.0,34.0,8.0,312.0
27778,2475,19.0,0.0,0.0,8.0,6.0
27779,2475,78.0,0.0,0.0,8.0,1297.0
27780,2475,188.0,0.0,0.0,8.0,39217.0
27781,2475,19.0,0.0,0.0,8.0,8.0
27782,2475,23.0,2.0,17.0,8.0,143311.0
27783,2475,19.0,0.0,0.0,8.0,3402.0
27784,2475,19.0,0.0,0.0,8.0,23.0
27785,2475,88.0,0.0,0.0,8.0,54747.0
27786,2475,16.0,2.0,20.0,8.0,20503.0
27787,2475,19.0,0.0,0.0,8.0,20.0
27798,2741,23.0,2.0,17.0,6.0,396.0
27799,2741,154.0,2.0,99.0,6.0,3390.0
27800,2741,23.0,2.0,17.0,6.0,286.0
27801,2741,23.0,2.0,17.0,6.0,884.0
27802,2741,81.0,7.0,99.0,6.0,79546.0
27803,2741,158.0,7.0,57.0,6.0,40037.0
27804,2741,154.0,2.0,99.0,6.0,10495.0
27805,2741,158.0,7.0,57.0,6.0,50217.0
27806,2741,118.0,3.0,101.0,6.0,579.0
27807,2741,118.0,3.0,101.0,6.0,1544.0
27808,928,150.0,3.0,41.0,0.0,2105.0
27809,928,153.0,2.0,99.0,0.0,2560.0
27810,928,158.0,7.0,57.0,0.0,1110764.0
27811,928,6.0,0.0,0.0,0.0,997175.0
27812,928,158.0,7.0,92.0,0.0,239.0
27813,928,43.0,2.0,11.0,10.0,60615.0
27814,533,158.0,0.0,0.0,0.0,738.0
27815,533,158.0,7.0,92.0,0.0,1323.0
27816,533,150.0,3.0,41.0,0.0,320.0
27817,533,33.0,6.0,43.0,11.0,199630.0
27818,533,81.0,7.0,99.0,11.0,56764.0
27819,533,35.0,3.0,83.0,0.0,30502.0
27820,533,181.0,3.0,84.0,0.0,23559.0
27821,533,150.0,3.0,41.0,0.0,16643.0
27822,533,158.0,7.0,92.0,0.0,326.0
27823,533,35.0,3.0,83.0,0.0,150.0
27834,2038,183.0,6.0,85.0,8.0,32917.0
27835,2038,183.0,6.0,85.0,8.0,2418.0
27836,2038,183.0,6.0,85.0,8.0,2067.0
27837,2038,183.0,6.0,85.0,8.0,1590.0
27838,2038,158.0,7.0,56.0,8.0,41304.0
27839,2038,183.0,6.0,85.0,8.0,1866.0
27840,2038,183.0,6.0,85.0,8.0,1099.0
27841,2038,183.0,6.0,85.0,8.0,1060.0
27842,2038,183.0,6.0,85.0,8.0,248390.0
27843,2038,183.0,6.0,85.0,8.0,1069.0
27844,19,23.0,2.0,17.0,8.0,2237.0
27845,19,81.0,7.0,50.0,8.0,725.0
27846,19,78.0,0.0,0.0,8.0,812.0
27847,19,158.0,7.0,100.0,8.0,26403.0
27848,19,158.0,7.0,92.0,8.0,1277.0
27849,19,81.0,7.0,99.0,8.0,7877.0
27850,19,118.0,3.0,101.0,8.0,513.0
27851,19,37.0,5.0,55.0,8.0,24404.0
27852,19,118.0,3.0,101.0,8.0,745.0
27853,19,158.0,7.0,100.0,8.0,256.0
27894,1946,23.0,2.0,17.0,8.0,60.0
27895,1946,154.0,2.0,99.0,8.0,1489.0
27896,1946,81.0,7.0,99.0,8.0,1231.0
27897,1946,23.0,2.0,17.0,8.0,990.0
27898,1946,142.0,0.0,0.0,8.0,367.0
27899,1946,158.0,7.0,57.0,8.0,587.0
27900,1946,23.0,2.0,17.0,8.0,524.0
27901,1946,81.0,7.0,99.0,8.0,32291.0
27902,1946,23.0,2.0,17.0,8.0,63.0
27903,1946,23.0,2.0,17.0,8.0,113.0
27904,2185,166.0,3.0,95.0,11.0,15580.0
27905,2185,183.0,6.0,87.0,11.0,3557.0
27906,2185,158.0,7.0,92.0,11.0,81.0
27907,2185,158.0,7.0,57.0,11.0,31.0
27908,2185,183.0,6.0,87.0,11.0,72678.0
27909,2185,166.0,3.0,95.0,11.0,37016.0
27910,2185,181.0,3.0,84.0,11.0,117.0
27911,2185,74.0,3.0,34.0,11.0,3.0
27912,2185,81.0,3.0,72.0,11.0,80.0
27913,2185,113.0,0.0,0.0,11.0,350.0
27914,687,49.0,2.0,19.0,8.0,609076.0
27915,687,55.0,0.0,0.0,8.0,15838.0
27916,687,55.0,0.0,0.0,8.0,16412.0
27917,687,144.0,0.0,0.0,8.0,573.0
27918,687,55.0,0.0,0.0,8.0,489414.0
27919,687,50.0,6.0,54.0,8.0,3601.0
27920,687,81.0,0.0,0.0,8.0,9131.0
27921,687,56.0,7.0,26.0,8.0,441.0
27922,687,81.0,0.0,0.0,8.0,832.0
27923,687,144.0,0.0,0.0,8.0,587.0
27984,1720,183.0,6.0,85.0,6.0,6958.0
27985,1720,183.0,6.0,86.0,6.0,7217.0
27986,1720,183.0,6.0,85.0,6.0,618.0
27987,1720,74.0,3.0,34.0,6.0,751.0
27988,1720,183.0,6.0,85.0,6.0,40530.0
27989,1720,183.0,6.0,85.0,6.0,16984.0
27990,1720,183.0,6.0,85.0,6.0,10083.0
27991,1720,183.0,6.0,85.0,6.0,7049.0
27992,1720,183.0,6.0,85.0,6.0,600.0
27993,1720,81.0,7.0,102.0,6.0,29511.0
27994,1663,150.0,3.0,94.0,11.0,299.0
27995,1663,158.0,7.0,92.0,11.0,33.0
27996,1663,158.0,7.0,92.0,11.0,250.0
27997,1663,183.0,6.0,85.0,11.0,177.0
27998,1663,158.0,7.0,92.0,11.0,49.0
27999,1663,166.0,3.0,95.0,11.0,11322.0
28000,1663,150.0,3.0,94.0,11.0,27193.0
28001,1663,158.0,7.0,92.0,11.0,147.0
28002,1663,183.0,6.0,85.0,11.0,198.0
28003,1663,158.0,7.0,92.0,11.0,171.0
28034,3145,74.0,3.0,34.0,6.0,378.0
28035,3145,74.0,3.0,34.0,6.0,271.0
28036,3145,74.0,3.0,34.0,6.0,623.0
28067,2228,166.0,3.0,95.0,2.0,2492.0
28068,2228,153.0,2.0,99.0,2.0,12913.0
28069,2228,150.0,3.0,94.0,2.0,1051.0
28070,2228,158.0,7.0,57.0,2.0,1709.0
28071,2228,44.0,7.0,97.0,2.0,9281.0
28072,2228,166.0,3.0,95.0,2.0,8.0
28073,2228,158.0,7.0,57.0,2.0,1626.0
28074,2228,166.0,3.0,95.0,2.0,0.0
28075,2228,44.0,7.0,97.0,2.0,42364.0
28076,2228,158.0,7.0,57.0,2.0,1410.0
28077,2697,183.0,6.0,87.0,11.0,15631.0
28078,2697,6.0,0.0,0.0,0.0,417.0
28079,2697,103.0,6.0,53.0,11.0,667.0
28080,2697,181.0,3.0,84.0,11.0,86.0
28081,2697,6.0,0.0,0.0,11.0,45.0
28082,2697,81.0,3.0,72.0,11.0,75.0
28083,2697,91.0,7.0,91.0,11.0,1794.0
28084,2697,158.0,0.0,0.0,0.0,148.0
28129,1214,153.0,2.0,99.0,1.0,13089.0
28130,1214,153.0,2.0,99.0,1.0,2531.0
28131,1214,153.0,2.0,99.0,1.0,3466.0
28132,1214,6.0,0.0,0.0,1.0,57.0
28133,1214,153.0,2.0,99.0,1.0,4975.0
28134,1214,44.0,7.0,97.0,1.0,2057.0
28135,1214,6.0,0.0,0.0,1.0,125.0
28136,1214,153.0,2.0,99.0,1.0,790.0
28137,1214,153.0,2.0,99.0,1.0,696.0
28138,1214,44.0,7.0,97.0,1.0,8851.0
28149,1470,154.0,2.0,99.0,8.0,13753.0
28150,1470,118.0,3.0,101.0,8.0,3531.0
28151,1470,81.0,7.0,99.0,8.0,383951.0
28152,1470,81.0,7.0,97.0,8.0,1114.0
28153,1470,118.0,3.0,101.0,8.0,1442.0
28154,1470,154.0,2.0,99.0,8.0,175.0
28155,1470,154.0,2.0,99.0,8.0,24756.0
28156,1470,118.0,3.0,101.0,8.0,2.0
28157,1470,118.0,3.0,101.0,8.0,1251.0
28158,1470,118.0,3.0,101.0,8.0,41.0
28169,2466,154.0,2.0,99.0,6.0,491.0
28170,2466,118.0,3.0,101.0,6.0,94.0
28171,2466,158.0,7.0,57.0,6.0,977.0
28172,2466,23.0,2.0,17.0,6.0,297.0
28173,2466,158.0,7.0,57.0,6.0,391.0
28174,2466,118.0,3.0,101.0,6.0,3401.0
28175,2466,165.0,3.0,78.0,6.0,527.0
28176,2466,91.0,0.0,0.0,6.0,978.0
28177,2466,23.0,2.0,17.0,6.0,76.0
28178,2466,158.0,7.0,57.0,6.0,895.0
28179,1704,147.0,7.0,60.0,6.0,2297.0
28180,1704,147.0,7.0,60.0,6.0,377.0
28181,1704,74.0,3.0,34.0,6.0,3189.0
28182,1704,56.0,7.0,26.0,6.0,462.0
28183,1704,147.0,7.0,60.0,6.0,47319.0
28184,1704,116.0,1.0,62.0,6.0,0.0
28185,1704,147.0,6.0,65.0,6.0,40813.0
28186,1704,54.0,6.0,24.0,6.0,138597.0
28187,1704,147.0,7.0,60.0,6.0,422.0
28188,1704,49.0,2.0,19.0,6.0,150215.0
28220,2662,81.0,7.0,99.0,8.0,2112.0
28221,2662,74.0,3.0,34.0,8.0,730.0
28222,2662,6.0,0.0,0.0,0.0,113116.0
28223,2662,154.0,2.0,99.0,8.0,8307.0
28224,2662,154.0,2.0,99.0,8.0,646.0
28225,2662,154.0,2.0,99.0,8.0,3023.0
28226,2662,154.0,2.0,99.0,8.0,340.0
28227,2662,154.0,2.0,99.0,8.0,2996.0
28228,2662,81.0,7.0,99.0,8.0,32097.0
28229,2662,154.0,2.0,99.0,8.0,1617.0
28240,3212,183.0,6.0,85.0,6.0,14767.0
28241,3212,81.0,7.0,99.0,6.0,4972.0
28242,3212,81.0,7.0,99.0,6.0,4314.0
28243,3212,158.0,7.0,57.0,6.0,496.0
28244,3212,154.0,2.0,99.0,6.0,53828.0
28245,3212,81.0,7.0,99.0,6.0,675.0
28246,3212,81.0,7.0,99.0,6.0,91564.0
28247,3212,118.0,3.0,101.0,6.0,19175.0
28248,3212,158.0,7.0,57.0,6.0,873.0
28249,3212,81.0,7.0,99.0,6.0,1510.0
28251,3175,16.0,2.0,20.0,6.0,29147.0
28252,3175,81.0,7.0,99.0,6.0,1211.0
28253,3175,33.0,6.0,43.0,11.0,5877.0
28254,3175,158.0,7.0,57.0,6.0,12801.0
28255,3175,165.0,3.0,78.0,6.0,333.0
28256,3175,165.0,3.0,78.0,6.0,89.0
28257,3175,159.0,3.0,93.0,6.0,670.0
28258,3175,133.0,7.0,50.0,6.0,4470.0
28259,3175,56.0,7.0,26.0,6.0,1310.0
28260,3175,154.0,2.0,99.0,6.0,38022.0
28281,1249,147.0,7.0,60.0,8.0,1028.0
28282,1249,147.0,6.0,65.0,8.0,26086.0
28283,1249,49.0,2.0,19.0,8.0,33425.0
28284,1249,134.0,6.0,73.0,8.0,740.0
28285,1249,178.0,7.0,104.0,8.0,4503.0
28286,1249,158.0,7.0,57.0,8.0,2438.0
28287,1249,135.0,3.0,46.0,8.0,4698.0
28288,1249,147.0,7.0,60.0,8.0,4549.0
28289,1249,118.0,3.0,101.0,8.0,2224.0
28290,1249,147.0,7.0,60.0,8.0,404.0
28301,109,78.0,0.0,0.0,8.0,11172.0
28302,109,133.0,7.0,50.0,8.0,88.0
28303,109,55.0,0.0,0.0,8.0,730906.0
28304,109,81.0,0.0,0.0,8.0,36657.0
28305,109,158.0,7.0,57.0,8.0,15359.0
28306,109,81.0,7.0,50.0,8.0,725.0
28307,109,158.0,7.0,92.0,8.0,9488.0
28308,109,23.0,2.0,17.0,8.0,51.0
28309,109,142.0,0.0,0.0,8.0,400.0
28310,109,19.0,0.0,0.0,8.0,393.0
28369,1340,118.0,3.0,101.0,6.0,942.0
28370,1340,154.0,2.0,99.0,6.0,3318.0
28371,1340,133.0,7.0,50.0,6.0,18858.0
28372,1340,31.0,6.0,20.0,6.0,396.0
28373,1340,118.0,3.0,101.0,6.0,706.0
28374,1340,81.0,7.0,99.0,6.0,2235.0
28375,1340,81.0,7.0,99.0,6.0,73964.0
28376,1340,154.0,2.0,99.0,6.0,1944.0
28377,1340,165.0,3.0,78.0,6.0,229.0
28378,1340,158.0,7.0,57.0,6.0,351.0
28409,2497,154.0,2.0,99.0,6.0,11420.0
28410,2497,118.0,3.0,101.0,6.0,898.0
28411,2497,81.0,7.0,99.0,6.0,5833.0
28412,2497,81.0,7.0,99.0,6.0,4494.0
28413,2497,74.0,3.0,34.0,6.0,897.0
28414,2497,118.0,3.0,101.0,6.0,159.0
28415,2497,31.0,6.0,20.0,6.0,1056.0
28416,1612,56.0,7.0,26.0,6.0,323.0
28417,1612,21.0,0.0,0.0,6.0,1067.0
28418,1612,10.0,0.0,0.0,6.0,150.0
28419,1612,49.0,2.0,19.0,6.0,8846.0
28420,1612,74.0,3.0,34.0,6.0,6180.0
28482,2470,23.0,2.0,17.0,6.0,909.0
28483,2470,158.0,7.0,57.0,6.0,176.0
28484,2470,165.0,3.0,78.0,6.0,93.0
28485,2470,81.0,7.0,99.0,6.0,3862.0
28486,2470,105.0,0.0,0.0,6.0,2911.0
28487,2470,158.0,7.0,57.0,6.0,175.0
28488,2470,154.0,2.0,99.0,6.0,22455.0
28489,2470,56.0,7.0,26.0,11.0,334.0
28490,2470,174.0,2.0,42.0,6.0,15652.0
28491,2470,118.0,3.0,101.0,6.0,448.0
28512,1944,183.0,6.0,85.0,8.0,103686.0
28513,1944,118.0,3.0,101.0,8.0,1523.0
28514,1944,183.0,6.0,85.0,8.0,7385.0
28515,1944,118.0,3.0,101.0,8.0,8849.0
28516,1944,165.0,3.0,78.0,8.0,238.0
28517,1944,118.0,3.0,101.0,8.0,98.0
28518,1944,158.0,7.0,100.0,8.0,411.0
28519,1944,74.0,3.0,34.0,8.0,457.0
28520,1944,158.0,7.0,100.0,8.0,7570.0
28521,1944,100.0,7.0,97.0,8.0,133630.0
28581,1644,19.0,0.0,0.0,8.0,6503.0
28582,1644,19.0,0.0,0.0,8.0,66.0
28583,1644,47.0,0.0,0.0,8.0,16448.0
28584,1644,95.0,2.0,51.0,8.0,86884.0
28585,1644,19.0,0.0,0.0,8.0,530.0
28586,1644,54.0,6.0,24.0,8.0,43104.0
28587,1644,158.0,7.0,92.0,8.0,594.0
28588,1644,187.0,0.0,0.0,8.0,23627.0
28589,1644,88.0,0.0,0.0,8.0,0.0
28590,1644,73.0,0.0,0.0,8.0,1756.0
28621,2217,43.0,2.0,11.0,11.0,64316.0
28622,2217,43.0,2.0,11.0,11.0,59853.0
28623,2217,43.0,2.0,11.0,11.0,60029.0
28624,2217,43.0,2.0,11.0,11.0,678268.0
28625,2217,43.0,2.0,11.0,11.0,218988.0
28626,2217,43.0,2.0,11.0,11.0,380299.0
28627,2217,43.0,2.0,11.0,11.0,75779.0
28628,2217,43.0,2.0,71.0,11.0,63868.0
28629,2217,43.0,2.0,11.0,11.0,439045.0
28630,2217,43.0,2.0,11.0,11.0,1.0
28671,333,118.0,3.0,101.0,6.0,2852.0
28672,333,154.0,2.0,99.0,6.0,352.0
28673,333,107.0,0.0,0.0,6.0,113.0
28674,333,74.0,3.0,34.0,6.0,512.0
28675,333,23.0,2.0,17.0,6.0,8.0
28676,333,158.0,7.0,57.0,6.0,32908.0
28677,333,9.0,2.0,14.0,6.0,902.0
28678,333,60.0,7.0,28.0,6.0,4734.0
28679,333,93.0,7.0,44.0,6.0,156813.0
28680,333,154.0,2.0,99.0,6.0,10756.0
28712,2527,172.0,7.0,80.0,8.0,6030.0
28713,2527,23.0,2.0,17.0,8.0,1763.0
28714,2527,54.0,6.0,24.0,8.0,1102555.0
28715,2527,39.0,7.0,12.0,8.0,465.0
28716,2527,158.0,7.0,57.0,8.0,335.0
28717,2527,147.0,7.0,60.0,8.0,731.0
28718,2527,22.0,0.0,0.0,8.0,125.0
28719,2527,65.0,0.0,0.0,0.0,130.0
28720,2527,23.0,2.0,17.0,8.0,26.0
28721,2527,158.0,7.0,57.0,8.0,2604.0
28722,1158,116.0,0.0,0.0,8.0,3740.0
28723,1158,10.0,0.0,0.0,8.0,2410.0
28724,1158,116.0,0.0,0.0,8.0,2937.0
28725,1158,50.0,6.0,54.0,8.0,11329.0
28726,1158,158.0,7.0,57.0,8.0,15664.0
28727,1158,154.0,2.0,99.0,8.0,30043.0
28728,1158,23.0,2.0,17.0,8.0,1966.0
28729,1158,154.0,2.0,99.0,8.0,16120.0
28730,1158,154.0,2.0,99.0,8.0,6544.0
28731,1158,81.0,0.0,0.0,8.0,728.0
28732,587,150.0,3.0,94.0,11.0,658.0
28733,587,153.0,2.0,99.0,11.0,18586.0
28734,587,6.0,0.0,0.0,11.0,545.0
28735,587,153.0,2.0,99.0,11.0,3258.0
28736,587,153.0,2.0,99.0,11.0,1690.0
28737,587,158.0,7.0,57.0,11.0,64.0
28738,587,158.0,7.0,92.0,11.0,20.0
28739,587,150.0,3.0,41.0,11.0,106.0
28740,587,153.0,2.0,99.0,11.0,13711.0
28741,587,158.0,7.0,57.0,11.0,138.0
28742,434,147.0,7.0,60.0,6.0,21841.0
28743,434,74.0,3.0,34.0,6.0,512.0
28744,434,116.0,1.0,62.0,6.0,1000.0
28745,434,147.0,7.0,60.0,6.0,916.0
28746,434,60.0,7.0,28.0,6.0,14080.0
28747,434,60.0,7.0,28.0,6.0,131129.0
28748,434,33.0,6.0,43.0,6.0,119315.0
28749,434,56.0,7.0,26.0,6.0,766.0
28750,434,49.0,2.0,19.0,6.0,171119.0
28751,434,147.0,7.0,60.0,6.0,1382.0
28772,1703,154.0,2.0,99.0,6.0,1266.0
28773,1703,154.0,2.0,99.0,6.0,1711.0
28774,1703,165.0,3.0,78.0,6.0,53.0
28775,1703,154.0,2.0,99.0,6.0,505.0
28776,1703,165.0,3.0,78.0,6.0,103.0
28777,1703,158.0,7.0,57.0,6.0,10353.0
28778,1703,154.0,2.0,99.0,6.0,2352.0
28779,1703,107.0,0.0,0.0,6.0,141.0
28780,1703,154.0,2.0,99.0,6.0,1793.0
28781,1703,154.0,2.0,99.0,6.0,24735.0
28782,2234,23.0,2.0,17.0,6.0,50.0
28783,2234,133.0,7.0,50.0,6.0,1626.0
28784,2234,165.0,3.0,78.0,6.0,90.0
28785,2234,9.0,2.0,14.0,6.0,1216.0
28786,2234,74.0,3.0,34.0,6.0,476.0
28787,2234,165.0,3.0,78.0,6.0,630.0
28788,2234,23.0,2.0,17.0,6.0,1.0
28789,2234,31.0,6.0,20.0,6.0,670.0
28790,2234,158.0,7.0,57.0,6.0,652.0
28791,2234,81.0,7.0,99.0,6.0,26293.0
28792,1840,153.0,2.0,99.0,1.0,7391.0
28793,1840,6.0,0.0,0.0,1.0,8694.0
28794,1840,6.0,0.0,0.0,1.0,35873.0
28795,1840,81.0,3.0,72.0,1.0,330.0
28796,1840,158.0,7.0,57.0,1.0,10416.0
28797,1840,44.0,7.0,97.0,1.0,255.0
28798,1840,44.0,7.0,97.0,1.0,1326.0
28799,1840,153.0,2.0,99.0,1.0,3890.0
28800,1840,158.0,7.0,92.0,1.0,376.0
28801,1840,153.0,2.0,99.0,1.0,10573.0
28842,410,178.0,7.0,104.0,8.0,48868.0
28843,410,56.0,7.0,26.0,8.0,3035.0
28844,410,54.0,6.0,24.0,8.0,8478.0
28845,410,56.0,7.0,26.0,8.0,3217.0
28846,410,81.0,0.0,0.0,8.0,13163.0
28847,410,61.0,7.0,68.0,8.0,21687.0
28848,410,159.0,3.0,93.0,8.0,2516.0
28849,410,158.0,0.0,0.0,0.0,482.0
28850,410,60.0,7.0,28.0,8.0,4703.0
28851,410,61.0,7.0,68.0,8.0,4105.0
28863,126,64.0,0.0,0.0,8.0,759484.0
28864,126,154.0,2.0,99.0,8.0,576.0
28865,126,154.0,2.0,99.0,8.0,631.0
28866,126,154.0,2.0,99.0,8.0,3865.0
28867,126,154.0,2.0,99.0,8.0,1152.0
28868,126,154.0,2.0,99.0,8.0,1963.0
28869,126,81.0,7.0,50.0,8.0,21120.0
28870,126,154.0,2.0,99.0,8.0,1816.0
28871,126,154.0,2.0,99.0,8.0,320.0
28872,126,154.0,2.0,99.0,8.0,593.0
28873,2849,183.0,6.0,85.0,8.0,6637.0
28874,2849,158.0,7.0,57.0,8.0,6785.0
28875,2849,158.0,7.0,92.0,8.0,340.0
28876,2849,6.0,0.0,0.0,0.0,26788.0
28877,2849,183.0,6.0,85.0,8.0,23014.0
28878,2849,183.0,6.0,85.0,8.0,562.0
28879,2849,183.0,6.0,85.0,8.0,3150.0
28880,2849,183.0,6.0,85.0,8.0,7422.0
28881,2849,183.0,6.0,85.0,8.0,484.0
28882,2849,183.0,6.0,85.0,8.0,3739.0
28913,898,178.0,7.0,104.0,8.0,13274.0
28914,898,81.0,7.0,99.0,8.0,355.0
28915,898,7.0,0.0,0.0,8.0,79.0
28916,898,158.0,7.0,56.0,8.0,27263.0
28917,898,187.0,0.0,0.0,8.0,15486.0
28918,898,95.0,2.0,51.0,8.0,5028.0
28919,898,147.0,6.0,65.0,8.0,27081.0
28920,898,147.0,7.0,60.0,8.0,438.0
28921,898,96.0,2.0,52.0,8.0,8271.0
28922,898,60.0,7.0,28.0,8.0,1850.0
28931,396,158.0,0.0,0.0,11.0,566.0
28932,396,118.0,3.0,101.0,6.0,1411.0
28933,396,158.0,7.0,57.0,6.0,34435.0
28934,396,158.0,0.0,0.0,11.0,617.0
28935,396,118.0,3.0,101.0,6.0,32927.0
28936,396,158.0,0.0,0.0,11.0,5948.0
28937,396,158.0,7.0,92.0,11.0,3611.0
28938,396,158.0,7.0,56.0,6.0,26563.0
28939,396,158.0,7.0,57.0,11.0,37277.0
28940,396,81.0,7.0,50.0,6.0,2140.0
28961,1777,56.0,7.0,26.0,2.0,895.0
28962,1777,158.0,7.0,57.0,8.0,1055836.0
28963,1777,147.0,7.0,60.0,8.0,328.0
28964,1777,158.0,7.0,57.0,8.0,4505.0
28965,1777,154.0,2.0,99.0,8.0,14648.0
28966,1777,103.0,6.0,53.0,1.0,685.0
28967,1777,147.0,7.0,60.0,8.0,1024.0
28968,1777,44.0,7.0,97.0,1.0,838.0
28969,1777,154.0,2.0,99.0,8.0,8197.0
28970,1777,154.0,2.0,99.0,8.0,4871.0
29011,2597,54.0,6.0,24.0,6.0,770939.0
29012,2597,49.0,2.0,19.0,6.0,129526.0
29013,2597,74.0,3.0,34.0,6.0,4111.0
29014,2597,56.0,7.0,26.0,6.0,432.0
29035,2580,33.0,6.0,43.0,6.0,7995.0
29036,2580,5.0,0.0,0.0,6.0,12395.0
29037,2580,56.0,7.0,26.0,6.0,735.0
29038,2580,93.0,7.0,44.0,6.0,75806.0
29039,2580,81.0,7.0,50.0,6.0,6158.0
29040,2580,103.0,7.0,1.0,6.0,276.0
29041,2580,49.0,2.0,19.0,6.0,70189.0
29042,2580,10.0,0.0,0.0,6.0,620598.0
29043,2580,74.0,3.0,34.0,6.0,56726.0
29044,2580,133.0,7.0,50.0,6.0,4442.0
29062,2528,81.0,0.0,0.0,8.0,1499.0
29063,2528,49.0,2.0,19.0,8.0,36089.0
29064,2528,60.0,7.0,28.0,8.0,11324.0
29065,2528,81.0,7.0,99.0,8.0,58865.0
29066,2528,143.0,7.0,67.0,8.0,497.0
29067,2528,126.0,0.0,0.0,8.0,35390.0
29068,2528,15.0,0.0,0.0,8.0,45048.0
29069,2528,159.0,3.0,93.0,8.0,874.0
29070,2528,103.0,7.0,1.0,8.0,612.0
29071,2528,143.0,7.0,67.0,8.0,16543.0
29102,2115,153.0,2.0,99.0,11.0,23775.0
29103,2115,158.0,7.0,57.0,11.0,19258.0
29104,2115,158.0,7.0,92.0,11.0,16.0
29105,2115,153.0,2.0,99.0,11.0,13808.0
29106,2115,150.0,3.0,41.0,11.0,83.0
29107,2115,153.0,2.0,99.0,11.0,100078.0
29108,2115,166.0,3.0,95.0,11.0,21.0
29109,2115,158.0,7.0,92.0,11.0,63.0
29110,2115,158.0,7.0,92.0,11.0,107.0
29111,2115,158.0,7.0,57.0,11.0,6.0
29112,1266,153.0,2.0,99.0,0.0,29974.0
29113,1266,153.0,2.0,99.0,0.0,22707.0
29114,1266,81.0,7.0,48.0,0.0,2849.0
29115,1266,153.0,2.0,99.0,0.0,16149.0
29116,1266,153.0,2.0,99.0,0.0,19289.0
29117,1266,153.0,2.0,99.0,0.0,1295.0
29118,2834,23.0,2.0,17.0,6.0,752.0
29119,2834,165.0,3.0,78.0,6.0,51.0
29120,2834,118.0,3.0,101.0,6.0,1376.0
29121,2834,56.0,7.0,26.0,6.0,1081.0
29122,2834,87.0,0.0,0.0,6.0,38915.0
29123,2834,154.0,2.0,99.0,6.0,2138.0
29124,2834,118.0,3.0,101.0,6.0,3637.0
29125,2834,158.0,7.0,57.0,6.0,10247.0
29126,2834,16.0,2.0,20.0,6.0,64381.0
29127,2834,74.0,3.0,34.0,6.0,57514.0
29128,2533,178.0,7.0,104.0,8.0,366.0
29129,2533,158.0,7.0,92.0,11.0,32.0
29130,2533,74.0,3.0,34.0,8.0,3205.0
29131,2533,116.0,1.0,62.0,8.0,0.0
29132,2533,158.0,0.0,0.0,11.0,566.0
29133,2533,147.0,7.0,60.0,8.0,1987.0
29134,2533,81.0,0.0,0.0,11.0,2696.0
29135,2533,166.0,3.0,95.0,11.0,6264.0
29136,2533,6.0,0.0,0.0,11.0,48590.0
29137,2533,158.0,0.0,0.0,11.0,18030.0
29148,1468,54.0,0.0,0.0,10.0,28420.0
29149,1468,183.0,6.0,87.0,10.0,30913.0
29150,1468,158.0,0.0,0.0,10.0,10096.0
29151,1468,103.0,6.0,53.0,10.0,81512.0
29152,1468,181.0,3.0,84.0,10.0,500.0
29153,1468,158.0,0.0,0.0,0.0,94.0
29154,1468,6.0,0.0,0.0,0.0,1293.0
29155,1468,113.0,0.0,0.0,10.0,303.0
29156,1468,81.0,3.0,72.0,10.0,123.0
29157,1468,113.0,0.0,0.0,10.0,892.0
29168,2093,158.0,7.0,57.0,6.0,30.0
29169,2093,74.0,3.0,34.0,6.0,455.0
29170,2093,118.0,3.0,101.0,6.0,210.0
29171,2093,158.0,7.0,57.0,6.0,178759.0
29172,2093,23.0,2.0,17.0,6.0,36.0
29173,2093,165.0,3.0,78.0,6.0,849.0
29194,470,23.0,2.0,17.0,8.0,23.0
29195,470,183.0,6.0,85.0,8.0,131175.0
29196,470,23.0,2.0,17.0,8.0,720.0
29197,470,107.0,0.0,0.0,8.0,125.0
29198,470,158.0,7.0,57.0,8.0,539.0
29199,470,23.0,2.0,17.0,8.0,0.0
29200,470,23.0,2.0,17.0,8.0,45.0
29201,470,158.0,7.0,57.0,8.0,9356.0
29202,470,158.0,7.0,57.0,8.0,347.0
29203,470,183.0,6.0,85.0,8.0,23015.0
29204,1358,158.0,7.0,57.0,6.0,22.0
29205,1358,23.0,2.0,17.0,6.0,2029.0
29206,1358,23.0,2.0,17.0,6.0,89.0
29207,1358,158.0,7.0,57.0,6.0,395.0
29208,1358,165.0,3.0,78.0,6.0,78.0
29209,1358,154.0,2.0,99.0,6.0,13033.0
29210,1358,49.0,2.0,19.0,6.0,18181.0
29211,1358,23.0,2.0,17.0,6.0,2388.0
29212,1358,107.0,0.0,0.0,6.0,224.0
29213,1358,158.0,7.0,57.0,6.0,9690.0
29214,3039,23.0,2.0,17.0,6.0,412.0
29215,3039,81.0,7.0,99.0,6.0,1042.0
29216,3039,81.0,7.0,99.0,6.0,177.0
29217,3039,165.0,3.0,78.0,6.0,42.0
29218,3039,183.0,6.0,85.0,6.0,37793.0
29219,3039,165.0,3.0,78.0,6.0,0.0
29220,3039,23.0,2.0,17.0,6.0,402.0
29221,3039,158.0,7.0,57.0,6.0,0.0
29222,3039,118.0,3.0,101.0,6.0,687.0
29223,3039,158.0,7.0,57.0,6.0,0.0
29245,74,74.0,3.0,34.0,8.0,936.0
29246,74,23.0,2.0,17.0,8.0,557.0
29247,74,154.0,2.0,99.0,8.0,11905.0
29248,74,158.0,7.0,57.0,8.0,16479.0
29249,74,81.0,7.0,99.0,8.0,17430.0
29250,74,118.0,3.0,101.0,8.0,26.0
29251,74,31.0,6.0,20.0,8.0,549.0
29252,74,118.0,3.0,101.0,8.0,752.0
29273,1461,118.0,3.0,101.0,6.0,1051.0
29274,1461,154.0,2.0,99.0,6.0,6533.0
29275,1461,81.0,7.0,99.0,6.0,50281.0
29276,1461,81.0,7.0,99.0,6.0,77233.0
29277,1461,154.0,2.0,99.0,6.0,9889.0
29278,1461,154.0,2.0,99.0,6.0,9516.0
29279,1461,23.0,2.0,17.0,6.0,371.0
29280,1461,56.0,7.0,26.0,6.0,555.0
29281,1461,118.0,3.0,101.0,6.0,753.0
29282,1461,23.0,2.0,17.0,6.0,1384.0
29332,3186,6.0,0.0,0.0,0.0,9718.0
29333,3186,118.0,3.0,101.0,8.0,1032.0
29334,3186,187.0,0.0,0.0,8.0,33655.0
29335,3186,81.0,7.0,99.0,8.0,63709.0
29336,3186,49.0,2.0,19.0,8.0,29620.0
29337,3186,10.0,0.0,0.0,8.0,9.0
29338,3186,183.0,6.0,88.0,8.0,267620.0
29339,3186,22.0,0.0,0.0,8.0,24.0
29340,3186,74.0,3.0,34.0,8.0,360.0
29341,3186,10.0,0.0,0.0,8.0,17679.0
29352,1362,158.0,7.0,57.0,6.0,4617.0
29353,1362,107.0,0.0,0.0,6.0,62.0
29354,1362,183.0,6.0,88.0,6.0,7719.0
29355,1362,154.0,2.0,99.0,6.0,2095.0
29356,1362,154.0,2.0,99.0,6.0,6360.0
29357,1362,158.0,7.0,57.0,6.0,6612.0
29358,1362,118.0,3.0,101.0,6.0,942.0
29359,1362,158.0,7.0,57.0,6.0,3460.0
29360,1362,81.0,0.0,0.0,6.0,602.0
29361,1362,183.0,6.0,85.0,6.0,63965.0
29373,1393,56.0,7.0,26.0,6.0,837.0
29374,1393,74.0,3.0,34.0,6.0,559.0
29375,1393,49.0,2.0,19.0,6.0,16453.0
29376,1393,56.0,7.0,26.0,6.0,1741.0
29377,1393,49.0,2.0,19.0,11.0,480790.0
29378,1161,56.0,7.0,26.0,6.0,349.0
29379,1161,165.0,3.0,78.0,6.0,558.0
29380,1161,154.0,2.0,99.0,6.0,2263.0
29381,1161,118.0,3.0,101.0,6.0,71.0
29382,1161,154.0,2.0,99.0,6.0,7003.0
29383,1161,154.0,2.0,99.0,6.0,2395.0
29384,1161,23.0,2.0,17.0,6.0,76.0
29385,1161,154.0,2.0,99.0,6.0,3244.0
29386,1161,74.0,3.0,34.0,6.0,595.0
29387,1161,158.0,7.0,57.0,6.0,275.0
29438,826,74.0,3.0,34.0,6.0,1327.0
29439,826,78.0,0.0,0.0,6.0,101175.0
29440,826,49.0,2.0,19.0,6.0,18404.0
29441,826,54.0,6.0,24.0,6.0,9325.0
29442,826,86.0,0.0,0.0,6.0,243946.0
29443,826,47.0,0.0,0.0,6.0,691.0
29444,826,31.0,6.0,20.0,6.0,769.0
29445,826,47.0,0.0,0.0,6.0,4219.0
29446,826,49.0,2.0,19.0,6.0,12480.0
29447,826,86.0,0.0,0.0,6.0,29184.0
29448,2132,165.0,3.0,78.0,6.0,37.0
29449,2132,158.0,7.0,57.0,6.0,80641.0
29450,2132,165.0,3.0,78.0,6.0,307.0
29451,2132,118.0,3.0,101.0,6.0,48652.0
29452,2132,158.0,7.0,57.0,6.0,132.0
29453,2132,154.0,2.0,99.0,6.0,23129.0
29454,2132,23.0,2.0,17.0,6.0,76.0
29455,2132,78.0,0.0,0.0,6.0,798.0
29456,2132,78.0,0.0,0.0,6.0,2215.0
29457,2132,118.0,3.0,101.0,6.0,1135.0
29472,849,74.0,3.0,34.0,6.0,1004.0
29473,849,49.0,2.0,19.0,6.0,29335.0
29474,849,56.0,7.0,26.0,6.0,844.0
29475,849,56.0,7.0,26.0,6.0,494.0
29476,849,158.0,7.0,56.0,6.0,303.0
29477,849,74.0,3.0,34.0,6.0,2780.0
29478,849,93.0,7.0,44.0,6.0,16906.0
29489,351,6.0,0.0,0.0,10.0,359.0
29490,351,144.0,0.0,0.0,10.0,8603.0
29491,351,103.0,6.0,53.0,10.0,3974.0
29492,351,91.0,7.0,91.0,10.0,146.0
29493,2720,60.0,7.0,28.0,6.0,220.0
29494,2720,81.0,7.0,99.0,8.0,2672.0
29495,2720,154.0,2.0,99.0,8.0,1271.0
29496,2720,47.0,0.0,0.0,6.0,169.0
29497,2720,23.0,2.0,17.0,8.0,529.0
29498,2720,154.0,2.0,99.0,8.0,1115.0
29499,2720,5.0,0.0,0.0,6.0,3783.0
29500,2720,118.0,3.0,101.0,8.0,1197.0
29501,2720,23.0,2.0,17.0,8.0,793.0
29502,2720,118.0,3.0,101.0,8.0,987.0
29503,1602,88.0,0.0,0.0,6.0,32627.0
29504,1602,49.0,2.0,19.0,6.0,204.0
29505,1602,78.0,0.0,0.0,6.0,991.0
29506,1602,87.0,0.0,0.0,6.0,28479.0
29507,1602,54.0,6.0,24.0,6.0,17589.0
29508,1602,88.0,0.0,0.0,6.0,36136.0
29509,1602,118.0,3.0,101.0,6.0,45632.0
29510,1602,81.0,0.0,0.0,6.0,930.0
29511,1602,146.0,2.0,70.0,6.0,508.0
29512,1602,19.0,0.0,0.0,6.0,790.0
29523,1614,158.0,7.0,57.0,1.0,7234.0
29524,1614,44.0,7.0,97.0,1.0,22645.0
29525,1614,6.0,0.0,0.0,1.0,440.0
29526,1614,6.0,0.0,0.0,1.0,875.0
29527,1614,153.0,2.0,99.0,1.0,4045.0
29528,1614,54.0,0.0,0.0,1.0,1014.0
29529,1614,153.0,2.0,99.0,1.0,667.0
29530,1614,153.0,2.0,99.0,1.0,958.0
29531,1614,166.0,3.0,95.0,1.0,659.0
29532,1614,153.0,2.0,99.0,1.0,452.0
29533,290,81.0,3.0,96.0,6.0,1122.0
29534,290,114.0,7.0,2.0,6.0,13352.0
29535,290,49.0,2.0,19.0,6.0,12931.0
29536,290,5.0,0.0,0.0,6.0,21879.0
29537,290,56.0,7.0,26.0,6.0,1783.0
29538,290,114.0,7.0,2.0,6.0,5.0
29539,290,158.0,7.0,56.0,6.0,537.0
29540,290,10.0,0.0,0.0,6.0,72.0
29541,290,56.0,7.0,26.0,6.0,350.0
29542,290,103.0,7.0,1.0,6.0,1020.0
29543,88,103.0,7.0,1.0,6.0,434.0
29544,88,118.0,3.0,101.0,6.0,730.0
29545,88,165.0,3.0,78.0,6.0,414.0
29546,88,60.0,7.0,28.0,6.0,9749.0
29547,88,46.0,0.0,0.0,6.0,3711.0
29548,88,37.0,5.0,55.0,6.0,6099.0
29549,88,78.0,0.0,0.0,6.0,1983.0
29550,88,118.0,3.0,101.0,6.0,6.0
29551,88,118.0,3.0,101.0,6.0,1287.0
29552,88,81.0,7.0,99.0,6.0,1961.0
29553,2178,43.0,2.0,11.0,11.0,229819.0
29554,2178,43.0,2.0,11.0,11.0,205139.0
29555,2178,43.0,2.0,11.0,11.0,0.0
29556,2178,43.0,2.0,11.0,11.0,233828.0
29557,2178,43.0,2.0,20.0,11.0,339604.0
29558,2178,43.0,2.0,11.0,11.0,122066.0
29559,2178,43.0,2.0,11.0,11.0,128593.0
29560,2178,43.0,2.0,11.0,11.0,1.0
29561,2178,43.0,2.0,11.0,11.0,62492.0
29562,2178,43.0,2.0,11.0,11.0,318345.0
29575,2116,118.0,3.0,101.0,6.0,1223.0
29576,2116,23.0,2.0,17.0,6.0,644.0
29577,2116,74.0,3.0,34.0,6.0,937.0
29578,2116,154.0,2.0,99.0,6.0,3477.0
29579,2116,154.0,2.0,99.0,6.0,6342.0
29580,2116,154.0,2.0,99.0,6.0,15757.0
29581,2116,154.0,2.0,99.0,6.0,4928.0
29582,2116,154.0,2.0,99.0,6.0,4323.0
29583,2116,165.0,3.0,78.0,6.0,90.0
29584,2116,154.0,2.0,99.0,6.0,4354.0
29616,1919,81.0,7.0,99.0,8.0,12650.0
29617,1919,158.0,7.0,57.0,8.0,186.0
29618,1919,133.0,7.0,50.0,8.0,1218.0
29619,1919,81.0,7.0,99.0,8.0,1027.0
29620,1919,31.0,6.0,20.0,8.0,331.0
29621,1919,142.0,0.0,0.0,8.0,45.0
29622,1919,81.0,7.0,99.0,8.0,16533.0
29623,1919,158.0,7.0,57.0,8.0,205.0
29624,1919,118.0,3.0,101.0,8.0,995.0
29625,1919,56.0,7.0,26.0,8.0,823.0
29626,2423,154.0,2.0,99.0,8.0,194.0
29627,2423,158.0,7.0,57.0,8.0,5917.0
29628,2423,165.0,3.0,78.0,8.0,172.0
29629,2423,81.0,7.0,99.0,8.0,1024571.0
29630,2423,54.0,0.0,0.0,8.0,3547.0
29631,2423,56.0,7.0,26.0,8.0,1319.0
29632,2423,118.0,3.0,101.0,8.0,82.0
29633,2423,56.0,7.0,26.0,8.0,435.0
29634,2423,118.0,3.0,101.0,8.0,1112.0
29635,2423,183.0,6.0,85.0,8.0,7340.0
29686,211,141.0,3.0,40.0,11.0,3913.0
29687,211,183.0,6.0,87.0,11.0,8748.0
29688,211,158.0,7.0,92.0,11.0,21.0
29689,211,54.0,0.0,0.0,11.0,906.0
29690,211,158.0,7.0,92.0,11.0,0.0
29691,211,158.0,7.0,57.0,11.0,10625.0
29692,211,158.0,7.0,57.0,11.0,47.0
29693,211,158.0,7.0,57.0,11.0,88.0
29694,211,150.0,3.0,41.0,11.0,6444.0
29695,211,166.0,3.0,95.0,11.0,2.0
29706,786,162.0,7.0,77.0,8.0,82050.0
29707,786,93.0,7.0,44.0,8.0,3282.0
29708,786,118.0,3.0,101.0,8.0,35.0
29709,786,33.0,6.0,43.0,8.0,16448.0
29710,786,49.0,2.0,19.0,2.0,111622.0
29711,786,74.0,3.0,34.0,2.0,4735.0
29712,786,74.0,3.0,34.0,8.0,312.0
29713,786,183.0,6.0,85.0,8.0,7371.0
29714,786,33.0,6.0,43.0,2.0,34793.0
29715,786,118.0,3.0,101.0,8.0,364.0
29726,1982,165.0,3.0,78.0,8.0,238.0
29727,1982,165.0,3.0,78.0,8.0,1574.0
29728,1982,74.0,3.0,34.0,8.0,512.0
29729,1982,147.0,6.0,65.0,8.0,33979.0
29730,1982,49.0,2.0,19.0,8.0,1307703.0
29731,1982,64.0,0.0,0.0,8.0,218062.0
29732,1982,147.0,7.0,60.0,8.0,858.0
29733,1982,165.0,3.0,78.0,8.0,196.0
29734,1982,118.0,3.0,101.0,8.0,13289.0
29735,1982,56.0,7.0,26.0,8.0,1563.0
29751,2488,154.0,2.0,99.0,6.0,26512.0
29752,2488,154.0,2.0,99.0,6.0,4323.0
29753,2488,118.0,3.0,101.0,6.0,1037.0
29754,2488,158.0,7.0,57.0,6.0,648.0
29755,2488,158.0,7.0,57.0,6.0,4165.0
29756,2488,158.0,7.0,57.0,6.0,6231.0
29757,2488,154.0,2.0,99.0,6.0,103592.0
29758,2488,81.0,7.0,99.0,6.0,2084.0
29759,2488,158.0,7.0,57.0,6.0,442.0
29760,2488,118.0,3.0,101.0,6.0,948.0
29781,401,158.0,0.0,0.0,11.0,30.0
29782,401,133.0,7.0,50.0,6.0,589.0
29783,401,56.0,7.0,26.0,6.0,3069.0
29784,401,183.0,6.0,87.0,11.0,30745.0
29785,401,54.0,6.0,24.0,6.0,13146.0
29786,401,88.0,0.0,0.0,6.0,5186.0
29787,401,61.0,7.0,68.0,6.0,7491.0
29788,401,56.0,7.0,26.0,6.0,5303.0
29789,401,74.0,3.0,34.0,6.0,1948.0
29790,401,158.0,7.0,56.0,6.0,15646.0
29812,1696,166.0,3.0,95.0,11.0,1420.0
29813,1696,158.0,0.0,0.0,11.0,139.0
29814,1696,158.0,0.0,0.0,11.0,402.0
29815,1696,183.0,0.0,0.0,11.0,978.0
29816,1696,0.0,4.0,49.0,11.0,9541.0
29817,1696,181.0,3.0,84.0,0.0,560.0
29818,1696,132.0,0.0,0.0,11.0,572.0
29819,1696,158.0,0.0,0.0,11.0,200.0
29820,1696,158.0,0.0,0.0,11.0,161.0
29821,1696,56.0,7.0,26.0,11.0,878.0
29836,2780,31.0,6.0,20.0,8.0,1051.0
29837,2780,74.0,3.0,34.0,8.0,361.0
29868,1965,81.0,7.0,99.0,10.0,11678.0
29869,1965,65.0,0.0,0.0,0.0,461.0
29870,1965,81.0,7.0,99.0,10.0,28331.0
29871,1965,60.0,7.0,28.0,10.0,2766.0
29872,1965,107.0,0.0,0.0,10.0,136.0
29873,1965,52.0,2.0,21.0,10.0,17950.0
29874,1965,81.0,7.0,99.0,10.0,78670.0
29875,1965,60.0,7.0,28.0,10.0,189.0
29876,1965,126.0,0.0,0.0,10.0,9662.0
29877,1965,158.0,7.0,57.0,10.0,31799.0
29955,233,31.0,6.0,20.0,8.0,994.0
29956,233,36.0,0.0,0.0,8.0,6860.0
29957,233,142.0,0.0,0.0,8.0,410.0
29958,233,36.0,0.0,0.0,8.0,29453.0
29959,249,158.0,7.0,57.0,8.0,47.0
29960,249,158.0,7.0,57.0,8.0,17230.0
29961,249,158.0,7.0,57.0,8.0,4055.0
29962,249,154.0,2.0,99.0,8.0,1224029.0
29963,249,165.0,3.0,78.0,8.0,34.0
29964,249,154.0,2.0,99.0,8.0,16420.0
29965,249,165.0,3.0,78.0,8.0,102.0
29966,249,107.0,0.0,0.0,8.0,25.0
29967,249,165.0,3.0,78.0,8.0,125.0
29968,249,154.0,2.0,99.0,8.0,5429.0
29979,2123,147.0,7.0,60.0,6.0,1156.0
29980,2123,154.0,2.0,99.0,6.0,19136.0
29981,2123,118.0,3.0,101.0,6.0,984.0
29982,2123,158.0,7.0,57.0,6.0,399.0
29983,2123,158.0,7.0,57.0,6.0,931.0
29984,2123,81.0,7.0,99.0,6.0,7288.0
29985,2123,23.0,2.0,17.0,6.0,1036.0
29986,2123,158.0,7.0,57.0,6.0,60.0
29987,2123,81.0,7.0,99.0,6.0,842032.0
29988,2123,23.0,2.0,17.0,6.0,18766.0
30036,134,118.0,3.0,101.0,6.0,1533.0
30037,134,118.0,3.0,101.0,6.0,322305.0
30038,134,23.0,2.0,17.0,6.0,875.0
30039,134,23.0,2.0,17.0,6.0,437.0
30040,134,118.0,3.0,101.0,6.0,126531.0
30041,134,74.0,3.0,34.0,11.0,0.0
30042,134,23.0,2.0,17.0,6.0,0.0
30043,134,23.0,2.0,17.0,6.0,68.0
30044,134,118.0,3.0,101.0,6.0,95.0
30045,134,165.0,3.0,78.0,6.0,112.0
30056,992,43.0,2.0,20.0,11.0,151550.0
30057,992,31.0,6.0,20.0,8.0,1097.0
30058,992,23.0,2.0,17.0,8.0,825.0
30059,992,154.0,2.0,99.0,8.0,1052.0
30060,992,154.0,2.0,99.0,8.0,1592.0
30061,992,23.0,2.0,17.0,8.0,511.0
30062,992,154.0,2.0,99.0,8.0,7478.0
30063,992,154.0,2.0,99.0,8.0,729.0
30064,992,81.0,7.0,99.0,8.0,15676.0
30065,992,154.0,2.0,99.0,8.0,6082.0
30180,1569,118.0,3.0,101.0,8.0,32819.0
30181,1569,154.0,2.0,99.0,8.0,433.0
30182,1569,23.0,2.0,17.0,8.0,1257.0
30183,1569,154.0,2.0,99.0,8.0,4472.0
30184,1569,154.0,2.0,99.0,8.0,3133.0
30185,1569,154.0,2.0,99.0,8.0,250.0
30186,1569,154.0,2.0,99.0,8.0,330.0
30187,1569,10.0,0.0,0.0,8.0,23.0
30188,1569,161.0,7.0,76.0,8.0,57236.0
30189,1569,154.0,2.0,99.0,8.0,3258.0
