household_id,individual_id,RELATE,SEX,AGE,MARST,RACE,CITIZEN,SPEAKENG,SCHOOL,EDUC,GRADEATT,SCHLTYPE,EMPSTAT,CLASSWKR,INCTOT,DISABWRK
0,1087397,0,1,30,0,6,2,3,1,5,0,1,1,2,16,1
0,1087398,1,0,23,0,6,2,3,1,6,0,1,1,2,2,1
0,1087399,2,0,2,5,6,0,0,0,0,0,0,0,0,0,0
1,1087397,0,1,30,0,6,2,3,1,5,0,1,1,2,16,1
1,1087398,1,0,23,0,6,2,3,1,2,0,1,1,2,2,1
1,1087399,2,0,7,5,6,0,3,2,1,3,2,0,0,0,0
1,1087400,2,1,9,5,6,0,3,2,1,3,2,0,0,0,0
1,1087401,2,1,6,5,6,0,5,2,1,3,2,0,0,0,0
2,1087397,0,1,30,0,2,0,2,1,6,0,1,1,2,16,1
2,1087398,1,0,23,0,4,0,2,2,2,4,2,1,2,2,1
2,1087399,2,0,7,5,4,0,2,2,1,3,2,0,0,0,0
3,1146375,0,1,18,5,1,0,2,2,5,5,2,3,2,0,2
3,1146376,2,0,7,5,1,0,2,2,1,3,2,0,0,0,0
3,1146377,7,0,35,5,1,0,2,1,6,0,1,1,2,0,1
4,1083992,0,1,38,0,7,0,2,1,9,0,1,1,2,6,2
4,1083993,1,0,39,0,0,0,2,1,9,0,1,1,2,2,1
4,1083994,2,0,4,5,0,0,0,1,0,0,1,0,0,0,0
5,1084377,0,1,28,5,0,0,2,1,7,0,1,1,2,20,1
6,1084920,0,1,33,0,4,2,3,1,7,0,1,1,2,16,1
6,1084921,1,0,20,0,4,3,3,1,9,0,1,1,2,6,1
6,1084922,2,0,13,5,4,3,4,2,2,4,2,0,0,0,0
6,1084923,2,1,9,5,4,0,3,2,1,3,2,0,0,0,0
6,1084924,2,1,7,5,4,0,2,2,1,3,2,0,0,0,0
7,1087397,0,1,30,0,4,0,3,1,7,0,1,1,2,16,1
7,1087398,1,0,29,0,4,3,3,1,6,0,1,1,2,2,1
7,1087399,2,0,7,5,4,3,3,2,1,3,2,0,0,0,0
8,1084920,0,1,33,0,4,2,3,1,7,0,1,1,2,20,1
8,1084921,1,0,20,0,4,3,3,1,9,0,1,1,2,6,1
8,1084922,2,1,3,5,4,0,0,1,0,0,1,0,0,0,0
8,1084923,2,1,8,5,4,0,2,2,1,3,2,0,0,0,0
9,1087397,0,1,30,0,4,2,3,1,7,0,1,1,2,16,1
9,1087398,1,0,23,0,4,3,3,1,2,0,1,1,2,2,1
9,1087399,2,0,7,5,4,3,3,2,1,3,2,0,0,0,0
10,1087397,0,1,30,0,6,2,3,1,5,0,1,1,2,10,2
10,1087398,1,0,23,0,6,2,3,1,6,0,1,1,2,20,1
10,1087399,2,0,7,5,6,0,3,2,1,3,2,0,0,0,0
10,1087400,2,1,9,5,6,0,3,2,1,3,2,0,0,0,0
11,1087397,0,1,30,0,2,0,3,1,6,0,1,1,2,16,1
11,1087398,1,0,23,0,4,2,3,1,2,0,1,1,2,2,1
11,1087399,2,0,7,5,4,0,3,2,1,3,2,0,0,0,0
12,1083397,0,1,39,0,4,3,3,1,7,0,1,1,2,26,1
12,1083398,1,0,29,0,4,3,3,1,6,0,1,1,2,2,1
12,1083399,2,0,7,5,4,3,3,2,1,3,2,0,0,0,0
13,1084920,0,1,33,0,0,2,3,1,6,0,1,1,2,16,1
13,1084921,1,0,29,0,0,3,3,1,9,0,1,1,2,20,1
14,1087397,0,1,30,0,6,2,3,1,5,0,1,1,2,16,1
14,1087398,1,0,23,0,6,2,3,1,2,0,1,1,2,2,1
14,1087399,2,0,7,5,6,0,3,2,1,3,2,0,0,0,0
14,1087400,2,1,8,5,6,0,3,2,1,3,2,0,0,0,0
15,1087397,0,1,30,0,4,3,3,1,7,0,1,1,2,16,1
15,1087398,1,0,20,0,4,3,3,1,2,0,1,1,2,2,1
15,1087399,2,0,3,5,4,3,4,2,0,2,3,0,0,0,0
15,1087300,2,1,8,5,4,0,3,2,1,3,2,0,0,0,0
15,1087301,2,1,6,5,4,0,5,2,1,3,2,0,0,0,0
16,1087397,0,1,30,0,2,0,2,1,5,0,1,1,2,16,1
16,1087398,1,0,23,0,0,0,2,1,2,0,1,1,2,2,1
16,1087399,2,0,2,5,0,0,0,0,0,0,0,0,0,0,0
17,1087397,0,1,30,0,6,2,3,1,5,0,1,1,2,16,1
17,1087398,1,0,23,0,6,2,3,1,2,0,1,1,2,2,1
17,1087399,2,0,2,5,6,0,0,0,0,0,0,0,0,0,0
18,1087397,0,1,30,0,1,0,2,1,7,0,1,3,2,10,2
18,1087398,1,0,23,0,1,0,2,1,2,0,1,1,2,6,1
18,1087399,2,0,7,5,1,0,2,2,1,3,2,0,0,0,0
19,1087397,0,1,30,0,4,2,3,1,7,0,1,1,2,16,1
19,1087398,1,0,20,0,4,2,3,1,2,0,1,1,2,2,1
19,1087399,2,0,7,5,4,0,3,2,1,3,2,0,0,0,0
20,1087397,0,1,30,0,4,2,3,1,7,0,1,1,2,20,1
20,1087398,1,0,29,0,4,3,3,1,6,0,1,1,2,2,1
20,1087399,2,0,7,5,4,3,3,2,1,3,2,0,0,0,0
20,1087300,2,1,9,5,4,0,3,2,1,3,2,0,0,0,0
20,1087301,2,1,1,5,4,0,0,0,0,0,0,0,0,0,0
21,1087397,0,1,30,0,6,2,3,1,5,0,1,1,2,16,1
21,1087398,1,0,23,0,6,2,3,1,2,0,1,1,2,2,1
21,1087399,2,0,7,5,6,0,3,2,1,3,2,0,0,0,0
21,1087300,2,1,9,5,6,0,3,2,1,3,2,0,0,0,0
21,1087301,2,1,2,5,6,0,0,0,0,0,0,0,0,0,0
22,1087397,0,1,30,0,6,2,3,1,5,0,1,1,2,16,1
22,1087398,1,0,23,0,6,2,3,1,2,0,1,1,2,2,1
22,1087399,2,0,7,5,6,0,3,2,1,3,2,0,0,0,0
22,1087900,2,1,9,5,6,0,3,2,1,3,2,0,0,0,0
23,1087397,0,1,30,0,1,0,2,1,7,0,1,3,2,10,1
23,1087398,1,0,23,0,1,0,2,1,2,0,1,1,2,6,1
23,1087399,2,0,2,5,1,0,0,0,0,0,0,0,0,0,0
24,1246375,0,1,18,5,1,0,2,2,5,5,2,3,2,0,2
24,1246376,2,0,9,5,1,0,2,2,1,3,2,0,0,0,0
25,1087397,0,1,30,0,6,2,3,1,6,0,1,1,2,16,1
25,1087398,1,0,23,0,6,2,3,1,2,0,1,1,2,2,1
25,1087399,2,0,7,5,6,0,3,2,1,3,2,0,0,0,0
26,1084925,0,1,30,0,1,0,2,1,7,0,1,1,2,16,1
26,1084926,1,0,23,0,1,0,2,1,9,0,1,1,2,20,1
27,1087397,0,1,30,0,1,0,2,1,6,0,1,1,2,16,1
27,1087398,1,0,23,0,1,0,2,1,2,0,1,1,2,2,1
27,1087399,2,0,2,5,1,0,0,0,0,0,0,0,0,0,0
28,1087397,0,1,30,0,6,2,3,1,5,0,1,1,2,10,2
28,1087398,1,0,23,0,6,2,3,1,2,0,1,1,2,2,1
28,1087399,2,0,7,5,6,0,3,2,1,3,2,0,0,0,0
29,1087397,0,1,30,0,6,2,3,1,5,0,1,1,2,16,1
29,1087398,1,0,23,0,6,2,3,1,2,0,1,1,2,2,1
29,1087399,2,0,7,5,6,0,3,2,1,3,2,0,0,0,0
29,1087300,2,1,9,5,6,0,3,2,1,3,2,0,0,0,0
29,1087301,2,1,1,5,6,0,0,0,0,0,0,0,0,0,0
30,1024920,0,1,32,5,1,0,2,1,7,0,1,3,2,14,1
30,1024921,2,1,7,5,1,0,2,2,0,3,2,0,0,0,0
30,1024922,2,0,11,5,1,0,2,2,1,4,3,0,0,0,0
31,1084920,0,1,33,0,0,2,3,1,6,0,1,1,2,16,1
31,1084921,1,0,29,0,0,3,3,1,9,0,1,1,2,20,1
31,1084922,2,1,7,5,0,0,3,2,1,3,2,0,0,0,0
32,1087397,0,1,30,0,6,2,3,1,5,0,1,1,2,16,1
32,1087398,1,0,23,0,6,2,3,1,2,0,1,1,2,2,1
32,1087399,2,0,7,5,6,0,3,2,1,3,2,0,0,0,0
32,1087300,7,1,35,5,6,0,3,1,6,0,1,3,2,10,1
33,1087397,0,1,30,0,4,3,3,1,7,0,1,1,2,16,1
33,1087398,1,0,20,0,4,3,3,1,2,0,1,1,2,2,1
33,1087399,2,0,4,5,4,3,0,1,0,0,1,0,0,0,0
33,1087900,2,1,9,5,4,0,3,2,1,3,2,0,0,0,0
33,1087901,2,1,3,5,4,0,0,1,0,0,1,0,0,0,0
34,1087397,0,1,30,0,4,2,3,1,7,0,1,1,2,16,1
34,1087398,1,0,23,0,4,3,3,1,2,0,1,1,2,2,1
34,1087399,2,0,7,5,4,3,3,2,1,3,2,0,0,0,0
35,1084377,0,1,28,5,1,0,2,1,7,0,1,1,2,20,2
35,1084378,7,1,23,5,1,0,2,1,9,0,1,1,2,6,1
36,1084377,0,1,28,5,1,0,2,1,7,0,1,1,2,20,2
36,1084378,7,1,23,5,1,0,2,1,9,0,1,1,2,6,1
37,1087397,0,1,30,0,4,2,3,1,7,0,1,1,2,16,1
37,1087398,1,0,23,0,4,2,3,1,2,0,1,1,2,2,1
37,1087399,2,0,7,5,4,0,3,2,1,3,2,0,0,0,0
38,1087397,0,1,30,0,4,2,3,1,6,0,1,1,2,16,1
38,1087398,1,0,23,0,4,2,3,1,2,0,1,1,2,2,1
38,1087399,2,0,7,5,4,0,3,2,1,3,2,0,0,0,0
39,1083992,0,1,33,5,0,2,3,1,6,0,1,3,2,16,2
39,1083993,2,1,9,5,0,0,3,2,1,3,2,0,0,0,0
39,1083994,2,0,1,5,0,0,0,0,0,0,0,0,0,0,0
40,1087397,0,1,30,0,4,2,3,1,7,0,1,1,2,16,1
40,1087398,1,0,23,0,4,2,3,1,2,0,1,1,2,2,1
40,1087399,2,0,7,5,4,0,3,2,1,3,2,0,0,0,0
41,1087397,0,1,30,0,4,2,3,1,7,0,1,1,2,16,1
41,1087398,1,0,20,0,4,2,3,1,7,0,1,1,2,2,1
41,1087399,2,0,7,5,4,0,3,2,1,3,2,0,0,0,0
42,1084397,0,1,28,5,0,0,2,1,7,0,1,1,2,22,1
42,1084398,7,1,20,5,0,0,2,1,9,0,1,1,2,6,1
43,1087397,0,1,30,0,1,0,2,1,5,0,1,1,2,10,2
43,1087398,1,0,23,0,1,0,2,1,2,0,1,1,2,2,1
43,1087399,2,0,2,5,1,0,0,0,0,0,0,0,0,0,0
44,1087397,0,1,30,0,6,2,3,1,6,0,1,1,2,16,1
44,1087398,1,0,23,0,6,2,3,1,2,0,1,1,2,2,1
44,1087399,2,0,7,5,6,0,3,2,1,3,2,0,0,0,0
45,1087397,0,1,30,0,4,2,3,1,7,0,1,1,2,16,1
45,1087398,1,0,20,0,4,2,3,1,2,0,1,1,2,2,1
45,1087399,2,0,7,5,4,0,3,2,1,3,2,0,0,0,0
46,1084377,0,1,28,5,0,0,2,1,7,0,1,1,2,20,1
47,1087397,0,1,30,0,4,2,3,1,7,0,1,1,2,16,1
47,1087398,1,0,20,0,4,2,3,1,2,0,1,1,2,2,1
47,1087399,2,0,7,5,4,0,3,2,1,3,2,0,0,0,0
48,1024920,0,1,45,0,0,2,3,1,6,0,1,1,2,20,1
48,1024921,1,0,38,0,0,3,3,1,9,0,1,1,2,42,1
48,1024922,2,0,14,5,0,0,3,2,2,5,2,0,0,0,0
48,1024923,2,1,11,5,0,0,3,2,2,4,2,0,0,0,0
49,1087397,0,1,30,0,6,2,3,1,5,0,1,1,2,16,1
49,1087398,1,0,23,0,6,2,3,1,2,0,1,1,2,2,1
49,1087399,2,0,7,5,6,0,3,2,1,3,2,0,0,0,0
49,1087300,2,1,9,5,6,0,3,2,1,3,2,0,0,0,0
50,1087397,0,1,30,0,6,2,3,1,5,0,1,1,2,16,1
50,1087398,1,0,22,0,6,2,3,1,2,0,1,1,2,2,1
50,1087399,2,0,2,5,6,0,0,0,0,0,0,0,0,0,0
51,1087397,0,1,30,0,6,2,3,1,5,0,1,1,2,16,1
51,1087398,1,0,23,0,6,2,3,1,2,0,1,1,2,2,1
51,1087399,2,0,7,5,6,0,3,2,1,3,2,0,0,0,0
51,1087300,2,1,9,5,6,0,3,2,1,3,2,0,0,0,0
51,1087901,2,1,1,5,6,0,0,0,0,0,0,0,0,0,0
52,1084920,0,1,73,0,4,2,3,1,7,0,1,3,2,5,1
52,1084921,1,0,37,0,4,3,3,1,9,0,1,1,2,8,1
52,1084922,2,0,13,5,4,3,3,2,2,4,3,0,0,0,0
52,1084923,2,1,9,5,4,0,3,2,1,3,2,0,0,0,0
52,1084924,2,0,8,5,4,0,2,2,1,3,2,0,0,0,0
53,1083992,0,1,38,0,7,0,2,1,6,0,1,3,2,6,2
53,1083993,1,0,37,0,0,0,2,1,6,0,1,1,2,2,1
53,1083994,2,0,11,5,0,0,2,2,2,4,2,0,0,0,0
53,1083995,2,1,9,5,0,0,2,2,1,3,2,0,0,0,0
54,1087397,0,1,30,0,4,2,3,1,7,0,1,1,2,16,1
54,1087398,1,0,20,0,4,2,3,2,7,6,2,1,2,2,1
54,1087399,2,0,3,5,4,0,0,1,0,0,1,0,0,0,0
55,1083397,0,1,28,5,0,0,2,1,7,0,1,1,2,10,1
55,1083398,7,0,29,5,0,0,2,1,2,0,1,1,2,6,1
56,1087397,0,1,30,0,4,3,3,1,7,0,1,1,2,16,1
56,1087398,1,0,20,0,4,3,3,1,2,0,1,1,2,2,1
56,1087399,2,0,7,5,4,3,3,2,1,3,2,0,0,0,0
56,1087800,2,1,8,5,4,0,3,2,1,3,2,0,0,0,0
57,1084920,0,1,33,0,4,2,3,1,7,0,1,1,2,20,1
57,1084921,1,0,20,0,4,3,3,1,9,0,1,1,2,20,1
57,1084922,2,1,3,5,4,0,0,1,0,0,1,0,0,0,0
57,1084923,2,1,2,5,4,0,0,0,0,0,0,0,0,0,0
58,1087397,0,1,30,0,6,2,3,1,5,0,1,1,2,16,1
58,1087398,1,0,23,0,6,2,3,1,2,0,1,1,2,2,1
58,1087399,2,0,7,5,6,0,3,2,1,3,2,0,0,0,0
59,1087397,0,1,30,0,6,2,3,1,5,0,1,1,2,10,2
59,1087398,1,0,23,0,6,2,3,1,2,0,1,1,2,2,1
59,1087399,2,0,7,5,6,0,3,2,1,3,2,0,0,0,0
60,1087397,0,1,30,0,4,2,3,1,7,0,1,1,2,20,1
60,1087398,1,0,29,0,4,3,3,1,6,0,1,1,2,2,1
60,1087399,2,0,7,5,4,3,3,2,1,3,2,0,0,0,0
61,1087397,0,1,30,0,4,2,3,1,7,0,1,1,2,16,1
61,1087398,1,0,20,0,4,2,3,1,2,0,1,1,2,2,1
61,1087399,2,0,7,5,4,3,3,2,1,3,2,0,0,0,0
62,1084920,0,1,32,0,4,2,3,1,7,0,1,1,2,20,1
62,1084921,1,0,20,0,4,3,3,1,9,0,1,1,2,20,1
62,1084922,2,1,3,5,4,0,0,1,0,0,1,0,0,0,0
62,1084923,2,1,8,5,4,0,2,2,1,3,2,0,0,0,0
63,1087397,0,1,30,0,6,2,3,1,5,0,1,1,2,16,1
63,1087398,1,0,20,0,6,2,3,1,5,0,1,1,2,2,1
63,1087399,2,0,7,5,6,0,3,2,1,3,2,0,0,0,0
64,1087397,0,1,30,0,4,3,3,1,6,0,1,1,2,8,1
64,1087398,1,0,20,0,4,3,3,1,2,0,1,1,2,2,1
64,1087399,2,0,7,5,4,3,3,2,1,3,2,0,0,0,0
64,1087300,2,1,8,5,4,0,3,2,1,3,2,0,0,0,0
65,1087397,0,1,30,0,6,2,3,1,5,0,1,1,2,16,1
65,1087398,1,0,23,0,6,2,3,1,2,0,1,1,2,2,1
65,1087399,2,0,7,5,6,0,3,2,1,3,2,0,0,0,0
65,1087900,2,1,9,5,6,0,3,2,1,3,2,0,0,0,0
65,1087901,2,1,8,5,6,0,5,2,1,3,2,0,0,0,0
66,1087397,0,1,30,0,4,3,3,1,7,0,1,1,2,16,1
66,1087398,1,0,23,0,4,3,3,1,2,0,1,1,2,2,1
66,1087399,2,0,7,5,4,3,3,2,1,3,2,0,0,0,0
66,1087300,2,1,8,5,4,0,3,2,1,3,2,0,0,0,0
67,1087397,0,1,30,0,4,2,3,1,7,0,1,1,2,16,1
67,1087398,1,0,20,0,4,3,3,1,2,0,1,1,2,2,1
67,1087399,2,0,2,5,4,3,3,2,0,2,3,0,0,0,0
67,1087300,2,1,8,5,4,0,3,2,1,3,2,0,0,0,0
67,1087301,2,1,1,5,4,0,0,0,0,0,0,0,0,0,0
68,1087397,0,1,30,0,1,0,2,1,7,0,1,3,2,16,1
68,1087398,1,0,23,0,1,0,2,1,2,0,1,1,2,2,1
68,1087399,2,0,2,5,1,0,0,0,0,0,0,0,0,0,0
69,1087397,0,1,30,0,4,2,3,1,7,0,1,1,2,28,1
69,1087398,1,0,29,0,4,3,3,1,6,0,1,1,2,2,1
69,1087399,2,0,7,5,4,3,3,2,1,3,2,0,0,0,0
69,1087300,2,1,3,5,4,0,0,1,0,0,1,0,0,0,0
69,1087301,2,1,1,5,4,0,0,0,0,0,0,0,0,0,0
70,1087397,0,1,30,0,2,0,2,1,6,0,1,1,2,16,1
70,1087398,1,0,23,0,4,0,2,2,2,4,2,1,2,2,1
70,1087399,2,0,7,5,4,0,2,2,1,3,2,0,0,0,0
71,1087397,0,1,30,0,4,2,3,1,7,0,1,1,2,20,1
71,1087398,1,0,20,0,4,3,3,1,2,0,1,1,2,2,1
71,1087399,2,0,3,5,4,3,3,2,1,1,3,0,0,0,0
71,1087300,2,1,8,5,4,0,3,2,1,3,2,0,0,0,0
71,1087301,2,1,1,5,4,0,0,0,0,0,0,0,0,0,0
72,1084397,0,1,28,5,0,0,2,1,7,0,1,1,2,22,1
72,1084398,7,1,20,5,0,0,2,1,2,0,1,1,2,6,1
73,1084920,0,1,33,0,0,2,3,1,6,0,1,1,2,16,1
73,1084921,1,0,20,0,0,0,2,1,9,0,1,1,2,20,1
74,1087397,0,1,30,0,1,0,2,1,7,0,1,3,2,10,1
74,1087398,1,0,23,0,1,0,2,1,2,0,1,1,2,6,1
74,1087399,2,0,2,5,1,0,0,0,0,0,0,0,0,0,0
75,1087397,0,1,30,0,6,2,3,1,5,0,1,1,2,16,1
75,1087398,1,0,23,0,6,2,3,1,2,0,1,1,2,2,1
75,1087399,2,0,2,5,6,0,0,0,0,0,0,0,0,0,0
76,1084920,0,1,32,0,4,2,3,1,7,0,1,1,2,20,1
76,1084921,1,0,20,0,4,3,3,2,9,7,3,1,2,20,1
76,1084922,2,1,7,5,4,0,3,2,1,3,2,0,0,0,0
76,1084923,2,1,8,5,4,0,3,2,1,3,2,0,0,0,0
77,1084920,0,1,33,0,4,2,3,1,7,0,1,1,2,20,1
77,1084921,1,0,20,0,4,3,3,1,9,0,1,1,2,20,1
77,1084922,2,0,7,5,4,0,3,2,1,3,2,0,0,0,0
78,1084309,0,1,43,0,0,2,3,1,6,0,1,1,2,20,2
78,1084310,1,0,23,0,0,3,3,1,6,0,1,1,2,6,2
78,1084311,2,1,7,5,0,0,3,2,1,3,2,0,0,0,0
78,1084312,2,1,8,5,0,0,2,2,1,3,2,0,0,0,0
78,1084313,2,1,1,5,0,0,0,0,0,0,0,0,0,0,0
79,1087397,0,1,30,0,6,2,3,1,5,0,1,1,2,16,1
79,1087398,1,0,23,0,6,2,3,1,2,0,1,1,2,2,1
79,1087399,2,0,7,5,6,0,3,2,1,3,2,0,0,0,0
79,1087900,2,1,8,5,6,0,3,2,1,3,2,0,0,0,0
80,1087397,0,1,30,0,4,2,3,1,7,0,1,1,2,28,1
80,1087398,1,0,20,0,4,2,3,1,7,0,1,1,2,2,1
80,1087399,2,0,7,5,4,0,3,2,1,3,2,0,0,0,0
81,1087397,0,1,30,0,4,2,3,1,7,0,1,1,2,16,1
81,1087398,1,0,23,0,4,2,3,1,2,0,1,1,2,2,1
81,1087399,2,0,4,5,4,0,0,1,0,0,1,0,0,0,0
82,1087397,0,1,30,0,6,2,3,1,5,0,1,1,2,16,1
82,1087398,1,0,23,0,6,2,3,1,2,0,1,1,2,2,1
82,1087399,2,0,7,5,6,0,3,2,1,3,2,0,0,0,0
82,1087300,2,1,8,5,6,0,3,2,1,3,2,0,0,0,0
83,1087397,0,1,30,0,6,2,3,1,5,0,1,1,2,10,2
83,1087398,1,0,23,0,6,2,3,1,2,0,1,1,2,2,1
83,1087399,2,0,7,5,6,0,3,2,1,3,2,0,0,0,0
83,1087300,2,1,9,5,6,0,3,2,1,3,2,0,0,0,0
84,1083992,0,1,33,5,1,0,2,1,6,0,1,3,2,6,2
84,1083993,2,0,9,5,1,0,2,2,1,3,2,0,0,0,0
84,1083994,2,0,1,5,1,0,0,0,0,0,0,0,0,0,0
85,1087397,0,1,30,0,4,2,3,1,7,0,1,1,2,16,1
85,1087398,1,0,23,0,4,3,3,1,2,0,1,1,2,2,1
85,1087399,2,0,7,5,4,3,3,2,1,3,2,0,0,0,0
85,1087300,2,1,8,5,4,0,3,2,1,3,2,0,0,0,0
86,1084377,0,1,28,5,0,0,2,1,7,0,1,1,2,20,1
87,1087397,0,1,30,0,4,2,3,1,7,0,1,1,2,16,1
87,1087398,1,0,20,0,4,2,3,2,7,6,2,1,2,2,1
87,1087399,2,0,7,5,4,0,3,2,1,3,2,0,0,0,0
88,1087397,0,1,30,0,6,2,3,1,6,0,1,1,2,16,1
88,1087398,1,0,23,0,6,2,3,1,6,0,1,1,2,2,1
88,1087399,2,0,7,5,6,0,3,2,1,3,2,0,0,0,0
89,1084920,0,1,33,0,0,2,3,1,6,0,1,1,2,16,1
89,1084921,1,0,20,0,0,3,3,1,9,0,1,1,2,20,1
90,1087397,0,1,30,0,1,0,2,1,7,0,1,3,2,10,1
90,1087398,1,0,23,0,1,0,2,1,2,0,1,1,2,6,1
90,1087399,2,0,2,5,1,0,0,0,0,0,0,0,0,0,0
91,1024920,0,1,33,3,1,0,2,1,7,0,1,1,2,10,1
91,1024921,2,1,7,5,1,0,2,2,1,3,2,0,0,0,0
91,1024922,2,0,11,5,1,0,2,2,1,4,2,0,0,0,0
92,1087397,0,1,30,0,8,0,2,1,7,0,1,1,2,16,1
92,1087398,1,0,20,0,0,0,2,1,9,0,1,1,2,2,1
92,1087399,2,0,3,5,7,0,0,1,0,0,1,0,0,0,0
93,1087397,0,1,30,0,4,2,3,1,7,0,1,1,2,22,1
93,1087398,1,0,20,0,4,2,3,1,2,0,1,1,2,2,1
93,1087399,2,0,7,5,4,0,3,2,1,3,2,0,0,0,0
94,1013397,0,1,28,5,0,0,2,1,7,0,1,1,2,10,1
95,1084377,0,1,28,5,0,0,2,1,7,0,1,1,2,20,2
96,1087397,0,1,30,0,4,0,3,1,7,0,1,1,2,16,1
96,1087398,1,0,20,0,4,2,3,2,2,4,2,1,2,2,1
96,1087399,2,0,7,5,4,0,3,2,1,3,2,0,0,0,0
97,1083992,0,1,33,5,0,2,3,1,6,0,1,1,2,16,2
97,1083993,2,1,9,5,0,0,3,2,1,3,2,0,0,0,0
97,1083994,2,0,5,5,0,0,4,2,0,2,3,0,0,0,0
98,1087397,0,1,30,0,6,2,3,1,5,0,1,1,2,16,1
98,1087398,1,0,23,0,6,2,3,1,2,0,1,1,2,2,1
98,1087399,2,0,7,5,6,0,3,2,1,3,2,0,0,0,0
99,1087397,0,1,30,0,1,0,2,1,7,0,1,3,2,10,2
99,1087398,1,0,23,0,1,0,2,1,2,0,1,1,2,6,1
99,1087399,2,0,7,5,1,0,2,2,1,3,2,0,0,0,0
100,1087397,0,1,30,0,6,2,3,1,5,0,1,1,2,16,1
100,1087398,1,0,23,0,6,2,3,1,2,0,1,1,2,2,1
100,1087399,2,0,7,5,6,0,3,2,1,3,2,0,0,0,0
100,1087300,2,1,9,5,6,0,3,2,1,3,2,0,0,0,0
101,1087397,0,1,30,0,8,0,2,1,6,0,1,1,2,15,1
101,1087398,1,0,20,0,4,0,2,1,2,0,1,1,2,6,1
101,1087399,2,0,2,5,4,0,0,0,0,0,0,0,0,0,0
102,1083397,0,1,38,0,4,3,3,1,7,0,1,1,2,22,1
102,1083398,1,0,29,0,4,3,3,1,6,0,1,1,2,6,1
102,1083399,2,1,7,5,4,3,3,2,1,3,2,0,0,0,0
102,1083300,2,1,8,5,4,0,3,2,1,3,2,0,0,0,0
103,1087397,0,1,30,0,1,0,2,1,7,0,1,3,2,16,1
103,1087398,1,0,23,0,1,0,2,1,2,0,1,1,2,6,1
103,1087399,2,0,2,5,1,0,0,0,0,0,0,0,0,0,0
104,1087397,0,1,30,0,6,2,3,1,5,0,1,1,2,16,1
104,1087398,1,0,23,0,6,2,3,1,2,0,1,1,2,2,1
104,1087399,2,0,3,5,6,0,0,1,0,0,1,0,0,0,0
104,1087900,2,1,9,5,6,0,3,2,1,3,2,0,0,0,0
104,1087901,2,1,8,5,6,0,5,2,1,1,3,0,0,0,0
105,1024920,0,1,32,5,1,0,2,1,7,0,1,3,2,14,1
105,1024921,2,1,7,5,1,0,2,2,1,3,2,0,2,0,0
105,1024922,2,0,11,5,1,0,2,2,1,4,2,0,0,0,0
106,1087397,0,1,30,0,4,2,3,1,7,0,1,1,2,22,1
106,1087398,1,0,20,0,4,2,3,2,7,6,2,1,2,2,1
106,1087399,2,0,7,5,4,0,3,2,1,3,2,0,0,0,0
107,1083992,0,1,33,5,1,0,2,1,7,0,1,3,2,16,2
107,1083993,2,1,9,5,1,0,2,2,1,3,2,0,0,0,0
107,1083994,2,0,1,5,1,0,0,0,0,0,0,0,0,0,0
108,1084377,0,1,28,5,1,0,2,1,7,0,1,1,2,20,2
108,1084378,7,1,23,5,1,0,2,1,9,0,1,1,2,6,1
109,1087397,0,1,30,0,6,2,3,1,5,0,1,1,2,16,1
109,1087398,1,0,23,0,6,2,3,1,2,0,1,1,2,2,1
109,1087399,2,0,7,5,6,0,3,2,1,3,2,0,0,0,0
109,1087900,2,1,8,5,6,0,3,2,1,3,2,0,0,0,0
110,1087397,0,1,30,0,4,2,3,1,7,0,1,1,2,20,1
110,1087398,1,0,20,0,4,3,3,1,2,0,1,1,2,2,1
110,1087399,2,0,2,5,4,3,3,2,1,3,2,0,0,0,0
110,1087300,2,1,8,5,4,0,3,2,1,3,2,0,0,0,0
110,1087301,2,1,1,5,4,0,0,0,0,0,0,0,0,0,0
111,1087397,0,1,30,0,6,2,3,1,5,0,1,1,2,10,2
111,1087398,1,0,23,0,6,2,3,1,2,0,1,1,2,2,1
111,1087399,2,0,7,5,6,0,3,2,1,3,2,0,0,0,0
112,1084367,0,1,23,5,0,0,2,1,7,0,1,1,2,20,2
113,1087397,0,1,30,0,6,2,3,1,6,0,1,1,2,16,1
113,1087398,1,0,23,0,6,2,3,1,2,0,1,1,2,2,1
113,1087399,2,0,7,5,6,0,3,2,1,3,2,0,0,0,0
114,1087397,0,1,30,0,6,2,3,1,5,0,1,1,2,16,1
114,1087398,1,0,23,0,6,2,3,1,2,0,1,1,2,2,1
114,1087399,2,0,7,5,6,0,3,2,1,3,2,0,0,0,0
114,1087300,2,1,9,5,6,0,3,2,1,3,2,0,0,0,0
114,1087301,2,1,3,5,6,0,0,1,0,0,1,0,0,0,0
115,1084377,0,1,28,5,0,0,2,1,7,0,1,1,2,20,1
116,1084920,0,1,43,0,0,2,3,1,6,0,1,1,2,20,1
116,1084921,1,0,37,0,0,3,3,1,6,0,1,1,2,40,1
116,1084922,2,0,14,5,0,0,3,2,2,5,2,0,0,0,0
116,1084923,2,1,11,5,0,0,2,2,2,4,2,0,0,0,0
116,1084924,2,0,7,5,0,0,2,2,1,3,2,0,0,0,0
117,1087397,0,1,30,0,6,2,3,1,5,0,1,1,2,16,1
117,1087398,1,0,23,0,6,2,3,1,2,0,1,1,2,2,1
117,1087399,2,0,7,5,6,0,3,2,1,3,2,0,0,0,0
117,1087900,7,1,35,5,6,0,3,1,6,0,1,3,2,10,1
118,1087397,0,1,30,0,4,2,3,1,7,0,1,1,2,16,1
118,1087398,1,0,20,0,4,2,3,2,2,4,2,0,0,0,0
118,1087399,2,0,3,5,4,0,0,1,0,0,1,0,0,0,0
119,1087397,0,1,30,0,6,2,3,1,5,0,1,1,2,16,1
119,1087398,1,0,23,0,6,2,3,1,2,0,1,1,2,2,1
119,1087399,2,0,7,5,6,0,3,2,0,3,2,0,0,0,0
119,1087300,2,1,9,5,6,0,3,2,1,3,2,0,0,0,0
120,1084309,0,1,43,0,0,2,3,1,6,0,1,1,2,20,2
120,1084310,1,0,28,0,0,3,3,1,6,0,1,1,2,20,1
120,1084311,2,1,7,5,0,0,3,2,1,3,2,0,0,0,0
120,1084312,2,1,8,5,0,0,2,2,1,3,2,0,0,0,0
121,1087397,0,1,30,0,6,2,3,1,5,0,1,1,2,16,1
121,1087398,1,0,20,0,6,2,3,1,2,0,1,1,2,2,1
121,1087399,2,0,7,5,6,0,3,2,1,3,2,0,0,0,0
121,1087900,2,1,9,5,6,0,3,2,1,3,2,0,0,0,0
122,1343397,0,0,45,0,0,0,2,1,6,0,1,1,2,26,1
122,1343398,1,1,44,0,5,2,3,1,9,0,1,1,2,14,1
123,1087397,0,1,30,0,6,2,3,1,5,0,1,1,2,16,1
123,1087398,1,0,23,0,6,2,3,1,2,0,1,1,2,2,1
123,1087399,2,0,7,5,6,0,3,2,1,3,2,0,0,0,0
124,1151377,0,0,59,0,0,2,3,1,7,0,1,1,2,26,1
124,1151378,1,1,55,0,5,2,3,1,6,0,1,1,2,4,1
125,1087397,0,1,30,0,4,2,3,1,7,0,1,1,2,16,1
125,1087398,1,0,20,0,4,2,3,1,9,0,1,1,2,2,1
125,1087399,2,0,7,5,4,0,3,2,1,3,2,0,0,0,0
126,1087397,0,1,30,0,4,2,3,1,7,0,1,1,2,22,1
126,1087398,1,0,29,0,4,3,3,1,6,0,1,1,2,2,1
126,1087399,2,0,7,5,4,3,3,2,1,3,2,0,0,0,0
126,1087300,2,1,8,5,4,0,3,2,1,3,2,0,0,0,0
127,1084927,0,1,33,0,1,0,2,1,7,0,1,1,2,22,1
127,1084928,1,0,23,0,1,0,2,1,9,0,1,1,2,6,1
127,1084929,2,0,3,5,1,0,0,1,0,0,1,0,0,0,0
128,1087397,0,1,38,0,1,0,2,1,7,0,1,1,2,10,2
128,1087398,1,0,23,0,1,0,2,1,2,0,1,1,2,2,1
128,1087399,2,0,2,5,1,0,0,0,0,0,0,0,0,0,0
129,1087397,0,1,30,0,6,2,3,1,5,0,1,1,2,16,1
129,1087398,1,0,23,0,6,2,3,1,2,0,1,1,2,2,1
129,1087399,2,0,7,5,6,0,3,2,1,3,2,0,0,0,0
129,1087900,2,1,9,5,6,0,3,2,1,3,2,0,0,0,0
129,1087901,2,1,1,5,6,0,0,0,0,0,0,0,0,0,0
130,1084377,0,1,28,5,0,0,2,1,7,0,1,1,2,20,2
131,1087397,0,1,30,0,6,2,3,1,5,0,1,1,2,16,1
131,1087398,1,0,23,0,6,2,3,1,2,0,1,1,2,2,1
131,1087399,2,0,4,5,6,0,0,1,0,0,1,0,0,0,0
131,1087300,2,1,9,5,6,0,3,2,1,3,2,0,0,0,0
131,1087301,2,1,1,5,6,0,0,0,0,0,0,0,0,0,0
132,1087397,0,1,30,0,6,2,3,1,6,0,1,1,2,16,1
132,1087398,1,0,23,0,6,2,3,1,2,0,1,1,2,2,1
132,1087399,2,0,7,5,6,0,3,2,1,3,2,0,0,0,0
133,1084920,0,1,33,0,0,2,3,1,6,0,1,1,2,16,1
133,1084921,1,0,37,0,0,3,3,1,6,0,1,1,2,40,1
133,1084922,2,0,14,5,0,0,3,2,2,4,2,0,0,0,0
133,1084923,2,1,9,5,0,0,3,2,1,3,2,0,0,0,0
134,1084397,0,1,28,5,0,0,2,1,7,0,1,1,2,22,1
134,1084398,7,1,20,5,0,0,2,1,9,0,1,1,2,6,1
135,1084920,0,1,45,0,0,2,3,1,6,0,1,1,2,20,1
135,1084921,1,0,37,0,0,3,3,1,6,0,1,1,2,20,1
135,1084922,2,0,14,5,0,0,3,2,3,5,2,0,0,0,0
135,1084923,2,1,11,5,0,0,2,2,2,4,2,0,0,0,0
136,1084920,0,1,32,0,4,2,3,1,7,0,1,1,2,16,1
136,1084921,1,0,20,0,4,3,3,1,9,0,1,1,2,20,1
136,1084922,2,1,3,5,4,0,0,1,0,0,1,0,0,0,0
136,1084923,2,1,9,5,4,0,3,2,1,3,2,0,0,0,0
137,1087397,0,1,30,0,8,0,2,1,6,0,1,1,2,16,1
137,1087398,1,0,23,0,4,0,2,2,2,4,2,0,0,0,0
137,1087399,2,0,7,5,4,0,2,2,1,3,2,0,0,0,0
138,1084920,0,1,33,0,0,2,3,1,6,0,1,1,2,16,1
138,1084921,1,0,20,0,0,3,3,1,9,0,1,1,2,6,1
138,1084922,2,0,3,5,0,0,0,1,0,0,1,0,0,0,0
139,1087397,0,1,30,0,1,0,2,1,7,0,1,3,2,10,1
139,1087398,1,0,23,0,1,0,2,1,2,0,1,1,2,6,1
139,1087399,2,0,2,5,1,0,0,0,0,0,0,0,0,0,0
140,1084397,0,1,28,5,0,0,2,1,7,0,1,1,2,22,1
140,1084398,7,1,20,5,0,0,2,1,9,0,1,1,2,6,1
141,1087397,0,1,30,0,4,2,3,1,7,0,1,1,2,22,1
141,1087398,1,0,23,0,4,2,3,2,2,4,2,0,0,0,0
141,1087399,2,0,7,5,4,0,3,2,1,3,2,0,0,0,0
142,1151377,0,0,59,0,0,2,3,1,6,0,1,1,2,26,1
142,1151378,1,1,55,0,5,2,3,1,6,0,1,1,2,0,1
143,1083992,0,1,38,5,1,0,2,1,9,0,1,3,2,6,2
143,1083993,2,0,15,5,1,0,2,2,2,5,2,0,0,0,0
143,1083994,2,0,9,5,1,0,2,2,1,3,2,0,0,0,0
144,1087397,0,1,30,0,4,3,3,1,7,0,1,1,2,16,1
144,1087398,1,0,20,0,4,3,3,1,2,0,1,1,2,2,1
144,1087399,2,0,3,5,4,3,4,2,1,3,2,0,0,0,0
144,1087400,2,1,8,5,4,0,3,2,1,3,2,0,0,0,0
144,1087401,2,1,3,5,4,0,0,1,0,0,1,0,0,0,0
145,1087397,0,1,30,0,6,2,3,1,5,0,1,1,2,16,1
145,1087398,1,0,20,0,6,2,3,1,2,0,1,1,2,2,1
145,1087399,2,0,2,5,6,0,0,0,0,0,0,0,0,0,0
146,1087397,0,1,30,0,6,2,3,1,5,0,1,1,2,16,1
146,1087398,1,0,29,0,6,2,3,1,6,0,1,1,2,2,1
146,1087399,2,0,7,5,6,0,3,2,1,3,2,0,0,0,0
147,1084377,0,1,28,5,0,0,2,1,7,0,1,1,2,20,1
148,1087397,0,1,30,0,4,2,3,1,7,0,1,1,2,16,1
148,1087398,1,0,20,0,4,2,3,1,2,0,1,1,2,2,1
148,1087399,2,0,2,5,4,0,0,0,0,0,0,0,0,0,0
149,1083397,0,1,28,5,0,0,2,1,7,0,1,1,2,10,1
149,1083398,7,0,20,5,0,0,2,1,9,0,1,1,2,6,1
150,1087397,0,1,30,0,6,2,3,1,6,0,1,1,2,16,1
150,1087398,1,0,23,0,6,2,3,1,2,0,1,1,2,2,1
150,1087399,2,0,2,5,6,0,0,0,0,0,0,0,0,0,0
151,1087397,0,1,30,0,4,2,3,1,7,0,1,1,2,16,1
151,1087398,1,0,20,0,4,2,3,2,2,4,2,0,0,0,0
151,1087399,2,0,7,5,4,0,3,2,1,3,2,0,0,0,0
152,1087397,0,1,30,0,4,2,3,1,7,0,1,1,2,20,1
152,1087398,1,0,20,0,4,2,3,2,7,6,2,1,2,2,1
152,1087399,2,0,7,5,4,0,3,2,1,3,2,0,0,0,0
153,1083992,0,1,31,0,4,2,3,1,9,0,1,1,2,8,1
153,1083993,1,0,39,0,4,3,3,1,9,0,1,1,2,2,1
153,1083994,2,0,4,5,4,0,0,1,0,0,1,0,0,0,0
153,1083995,2,1,3,5,4,0,0,1,0,0,1,0,0,0,0
154,1087397,0,1,30,0,4,2,3,1,7,0,1,1,2,16,1
154,1087398,1,0,20,0,4,2,3,1,2,0,1,1,2,2,1
154,1087399,2,0,7,5,4,0,3,2,1,3,2,0,0,0,0
155,1024920,0,1,32,5,1,0,2,1,7,0,1,3,2,14,1
155,1024921,2,1,7,5,1,0,2,2,1,3,2,0,0,0,0
155,1024922,2,0,11,5,1,0,2,2,1,4,2,0,0,0,0
156,1087397,0,1,30,0,4,2,3,1,7,0,1,1,2,16,1
156,1087398,1,0,20,0,4,2,3,2,7,6,2,1,2,2,1
156,1087399,2,0,7,5,4,0,3,2,1,3,2,0,0,0,0
157,1087397,0,1,30,0,6,2,3,1,5,0,1,1,2,16,1
157,1087398,1,0,23,0,6,2,3,1,6,0,1,1,2,2,1
157,1087399,2,0,7,5,6,0,3,2,1,3,2,0,0,0,0
158,1087397,0,1,30,0,1,0,2,1,7,0,1,3,2,10,1
158,1087398,1,0,23,0,1,0,2,1,2,0,1,1,2,6,1
158,1087399,2,0,2,5,1,0,0,0,0,0,0,0,0,0,0
159,1087397,0,1,30,0,6,2,3,1,5,0,1,1,2,16,1
159,1087398,1,0,23,0,6,2,3,1,2,0,1,1,2,2,1
159,1087399,2,0,2,5,6,0,0,0,0,0,0,0,0,0,0
160,1083397,0,1,28,5,1,0,2,1,7,0,1,1,2,10,1
160,1083398,2,0,9,5,1,0,2,2,1,3,2,0,0,0,0
160,1083399,7,0,31,5,1,0,2,1,6,0,1,2,2,0,1
161,1087397,0,1,30,0,6,2,3,1,5,0,1,1,2,16,1
161,1087398,1,0,23,0,6,2,3,1,2,0,1,1,2,2,1
161,1087399,2,0,7,5,6,0,3,2,1,3,2,0,0,0,0
161,1087900,2,1,9,5,6,0,3,2,1,3,2,0,0,0,0
161,1087901,2,1,1,5,6,0,0,0,0,0,0,0,0,0,0
162,1084920,0,1,33,0,0,2,3,1,6,0,1,1,2,16,2
162,1084921,1,0,28,0,0,3,3,1,6,0,1,1,2,20,1
162,1084922,2,0,14,5,0,0,3,2,2,5,2,0,0,0,0
162,1084923,2,1,9,5,0,0,3,2,1,3,2,0,0,0,0
163,1084367,0,1,23,5,0,0,2,1,7,0,1,1,2,20,1
163,1084368,2,1,9,5,0,0,2,2,1,3,2,0,0,0,0
164,1087397,0,1,30,0,4,2,3,1,7,0,1,1,2,20,1
164,1087398,1,0,20,0,4,3,3,1,6,0,1,1,2,2,1
164,1087399,2,0,7,5,4,3,3,2,1,3,2,0,0,0,0
164,1087300,2,1,9,5,4,0,3,2,1,3,2,0,0,0,0
164,1087301,2,1,6,5,4,0,5,2,1,3,2,0,0,0,0
165,1087397,0,1,30,0,6,2,3,1,5,0,1,1,2,16,1
165,1087398,1,0,23,0,6,2,3,1,2,0,1,1,2,2,1
165,1087399,2,0,7,5,6,0,3,2,1,3,2,0,0,0,0
166,1087397,0,1,30,0,6,2,3,1,5,0,1,1,2,16,1
166,1087398,1,0,23,0,6,2,3,1,2,0,1,1,2,2,1
166,1087399,2,0,7,5,6,0,3,2,1,3,2,0,0,0,0
166,1087300,2,1,9,5,6,0,3,2,1,3,2,0,0,0,0
167,1084397,0,1,28,5,0,0,2,1,7,0,1,1,2,22,1
167,1084398,7,1,20,5,0,0,2,1,9,0,1,1,2,2,1
168,1084397,0,1,28,5,0,0,2,1,7,0,1,1,2,22,1
168,1084398,2,1,9,5,0,0,2,2,1,3,2,0,0,0,0
169,1087397,0,1,30,0,6,2,3,1,5,0,1,1,2,16,1
169,1087398,1,0,23,0,6,2,3,1,2,0,1,1,2,2,1
169,1087399,2,0,2,5,6,0,0,0,0,0,0,0,0,0,0
170,1084927,0,1,33,0,0,0,2,1,6,0,1,1,2,20,2
170,1084928,1,0,29,0,0,0,2,1,9,0,1,1,2,10,1
171,1084920,0,1,33,0,0,2,3,1,6,0,1,1,2,16,2
171,1084921,1,0,29,0,0,3,3,1,9,0,1,1,2,20,1
171,1084922,2,1,7,5,0,0,3,2,1,3,2,0,0,0,0
172,1087397,0,1,30,0,6,2,3,1,5,0,1,1,2,16,1
172,1087398,1,0,23,0,6,2,3,1,2,0,1,1,2,2,1
172,1087399,2,0,2,5,6,0,0,0,0,0,0,0,0,0,0
173,1087397,0,1,30,0,4,2,3,1,7,0,1,1,2,20,1
173,1087398,1,0,29,0,4,3,3,1,6,0,1,1,2,2,1
173,1087399,2,0,7,5,4,3,3,2,1,3,2,0,0,0,0
174,1087397,0,1,30,0,6,2,3,1,5,0,1,1,2,16,1
174,1087398,1,0,23,0,6,2,3,1,2,0,1,1,2,2,1
174,1087399,2,0,2,5,6,0,0,0,0,0,0,0,0,0,0
175,1087397,0,1,30,0,6,2,3,1,5,0,1,1,2,20,2
175,1087398,1,0,23,0,6,2,3,1,2,0,1,1,2,2,1
175,1087399,2,0,7,5,6,0,3,2,1,3,2,0,0,0,0
175,1087300,2,1,8,5,6,0,3,2,1,3,2,0,0,0,0
176,1087397,0,1,30,0,6,2,3,1,5,0,1,1,2,16,1
176,1087398,1,0,23,0,6,2,3,1,2,0,1,1,2,2,1
176,1087399,2,0,2,5,6,0,0,0,0,0,0,0,0,0,0
177,1083992,0,1,38,0,4,2,3,1,6,0,1,1,2,16,2
177,1083993,1,0,39,0,4,3,3,1,6,0,1,1,2,2,1
177,1083994,2,0,14,5,4,3,3,2,2,4,2,0,0,0,0
177,1083995,2,1,9,5,4,0,3,2,1,3,2,0,0,0,0
177,1083996,2,1,8,5,4,0,5,2,1,3,2,0,0,0,0
177,1083997,2,0,1,5,4,0,3,2,1,3,2,0,0,0,0
178,1086944,0,0,38,0,0,0,2,1,6,0,1,1,2,22,1
178,1086945,1,1,37,0,0,0,2,1,6,0,1,1,2,2,1
179,1087397,0,1,30,0,6,2,3,1,5,0,1,1,2,16,1
179,1087398,1,0,23,0,6,2,3,1,2,0,1,1,2,2,1
179,1087399,2,0,7,5,6,0,3,2,1,3,2,0,0,0,0
180,1083992,0,1,30,5,1,0,2,1,9,0,1,1,2,6,2
180,1083993,2,1,9,5,1,0,2,2,1,3,2,0,0,0,0
180,1083994,2,0,1,5,1,0,0,0,0,0,0,0,0,0,0
181,1087397,0,1,30,0,4,2,3,1,7,0,1,1,2,20,1
181,1087398,1,0,20,0,4,3,3,1,2,0,1,1,2,2,1
181,1087399,2,0,2,5,4,3,3,2,0,2,3,0,0,0,0
181,1087300,2,1,8,5,4,0,3,2,1,3,2,0,0,0,0
181,1087301,2,1,6,5,4,0,5,2,1,3,2,0,0,0,0
182,1084920,0,1,33,0,0,2,3,1,6,0,1,1,2,16,1
182,1084921,1,0,29,0,0,3,3,1,9,0,1,1,2,20,1
182,1084922,2,0,14,5,0,0,3,2,2,4,2,0,0,0,0
182,1084923,2,1,9,5,0,0,3,2,1,3,2,0,0,0,0
182,1084924,2,1,7,5,0,0,2,2,1,3,2,0,0,0,0
183,1087397,0,1,30,0,4,2,3,1,7,0,1,1,2,16,1
183,1087398,1,0,20,0,4,3,3,1,2,0,1,1,2,2,1
183,1087399,2,0,7,5,4,3,3,2,1,3,2,0,0,0,0
184,1084377,0,1,28,5,0,0,2,1,7,0,1,1,2,20,1
185,1084397,0,1,28,5,0,0,2,1,7,0,1,1,2,22,1
186,1087397,0,1,30,0,4,2,3,1,7,0,1,1,2,20,1
186,1087398,1,0,29,0,4,3,3,1,6,0,1,1,2,2,1
186,1087399,2,0,7,5,4,3,3,2,1,3,2,0,0,0,0
187,1084309,0,1,43,0,0,2,3,1,6,0,1,1,2,20,2
187,1084310,1,0,28,0,0,3,3,1,6,0,1,1,2,50,1
187,1084311,2,1,7,5,0,0,3,2,1,3,2,0,0,0,0
187,1084312,2,1,8,5,0,0,2,2,1,3,2,0,0,0,0
188,1087397,0,1,30,0,6,2,3,1,5,0,1,1,2,16,1
188,1087398,1,0,23,0,6,2,3,1,2,0,1,1,2,2,1
188,1087399,2,0,7,5,6,0,3,2,1,3,2,0,0,0,0
189,1087397,0,1,30,0,6,2,3,1,5,0,1,1,2,10,2
189,1087398,1,0,23,0,6,2,3,1,2,0,1,1,2,2,1
189,1087399,2,0,7,5,6,0,3,2,1,3,2,0,0,0,0
189,1087300,2,1,9,5,6,0,3,2,1,3,2,0,0,0,0
190,1087397,0,1,30,0,6,2,3,1,5,0,1,1,2,16,1
190,1087398,1,0,23,0,6,2,3,1,2,0,1,1,2,2,1
190,1087399,2,0,7,5,6,0,3,2,1,3,2,0,0,0,0
191,1087397,0,1,30,0,4,2,3,1,7,0,1,1,2,16,1
191,1087398,1,0,20,0,4,2,3,1,2,0,1,1,2,2,1
191,1087399,2,0,3,5,4,0,0,1,0,0,1,0,0,0,0
192,1087397,0,1,30,0,4,2,3,1,7,0,1,1,2,16,1
192,1087398,1,0,20,0,4,2,3,2,2,4,2,0,0,0,0
192,1087399,2,0,7,5,4,0,3,2,1,3,2,0,0,0,0
193,1087397,0,1,30,0,4,2,3,1,7,0,1,1,2,22,1
193,1087398,1,0,20,0,4,2,3,2,7,6,2,1,2,2,1
193,1087399,2,0,6,5,4,0,3,2,1,3,2,0,0,0,0
194,1084920,0,1,45,0,0,0,2,1,6,0,1,3,2,4,1
194,1084921,1,0,28,0,0,0,2,1,6,0,1,1,2,6,1
194,1084922,2,0,18,5,0,0,2,2,5,5,2,1,2,0,1
195,1084920,0,1,32,0,4,2,3,1,7,0,1,1,2,20,1
195,1084921,1,0,20,0,4,3,3,1,9,0,1,1,2,20,1
195,1084922,2,1,7,5,4,0,3,2,1,3,2,0,0,0,0
195,1084923,2,1,3,5,4,0,0,1,0,0,1,0,0,0,0
196,1087397,0,1,30,0,6,2,3,1,6,0,1,1,2,16,1
196,1087398,1,0,29,0,6,2,3,1,6,0,1,1,2,2,1
196,1087399,2,0,7,5,6,0,3,2,1,3,2,0,0,0,0
197,1087397,0,1,30,0,4,2,3,1,6,0,1,1,2,8,1
197,1087398,1,0,20,0,4,3,3,1,2,0,1,1,2,2,1
197,1087399,2,0,7,5,4,3,3,2,1,3,2,0,0,0,0
197,1087300,2,1,8,5,4,0,3,2,1,3,2,0,0,0,0
198,1087397,0,1,30,0,6,2,3,1,5,0,1,1,2,16,1
198,1087398,1,0,23,0,6,2,3,1,2,0,1,1,2,2,1
198,1087399,2,0,2,5,6,0,0,0,0,0,0,0,0,0,0
199,1084397,0,1,28,5,0,0,2,1,7,0,1,1,2,22,1
199,1084398,2,1,9,5,0,0,2,2,1,3,2,0,0,0,0
200,1087397,0,1,30,0,4,2,3,1,7,0,1,1,2,16,1
200,1087398,1,0,20,0,4,2,3,1,2,0,1,1,2,6,1
200,1087399,2,0,7,5,4,0,3,2,1,3,2,0,0,0,0
201,1087397,0,1,30,0,4,2,3,1,7,0,1,1,2,16,1
201,1087398,1,0,20,0,4,2,3,1,2,0,1,1,2,2,1
201,1087399,2,0,7,5,4,0,3,2,1,3,2,0,0,0,0
202,1084377,0,1,28,5,0,0,2,1,7,0,1,1,2,20,1
203,1087397,0,1,30,0,4,2,3,1,7,0,1,1,2,16,1
203,1087398,1,0,23,0,4,3,3,1,2,0,1,1,2,2,1
203,1087399,2,0,7,5,4,3,3,2,1,3,2,0,0,0,0
204,1087397,0,1,30,0,4,2,3,1,7,0,1,1,2,16,1
204,1087398,1,0,20,0,4,2,3,1,2,0,1,1,2,2,1
204,1087399,2,0,7,5,4,0,3,2,1,3,2,0,0,0,0
205,1083992,0,1,33,5,0,2,3,1,6,0,1,3,2,16,2
205,1083993,2,1,9,5,0,0,3,2,1,3,2,0,0,0,0
205,1083994,2,0,1,5,0,0,0,0,0,0,0,0,0,0,0
206,1084377,0,1,28,5,0,0,2,1,7,0,1,1,2,20,2
207,1087397,0,1,30,0,4,2,3,1,6,0,1,1,2,16,1
207,1087398,1,0,20,0,4,2,3,1,7,0,1,1,2,2,1
207,1087399,2,0,7,5,4,0,3,2,1,3,2,0,0,0,0
208,1087397,0,1,30,0,6,2,3,1,5,0,1,1,2,16,1
208,1087398,1,0,23,0,6,2,3,1,2,0,1,1,2,2,1
208,1087399,2,0,2,5,6,0,0,0,0,0,0,0,0,0,0
209,1084397,0,1,23,5,0,0,2,1,7,0,1,1,2,22,1
210,1087397,0,1,30,0,6,2,3,1,5,0,1,1,2,16,1
210,1087398,1,0,23,0,6,2,3,1,2,0,1,1,2,2,1
210,1087399,2,0,7,5,6,0,3,2,1,3,2,0,0,0,0
210,1087300,2,1,9,5,6,0,3,2,1,3,2,0,0,0,0
210,1087301,2,1,4,5,6,0,0,1,0,0,1,0,0,0,0
211,1087397,0,1,30,0,6,2,3,1,5,0,1,1,2,10,2
211,1087398,1,0,23,0,6,2,3,1,2,0,1,1,2,2,1
211,1087399,2,0,7,5,6,0,3,2,1,3,2,0,0,0,0
212,1087397,0,1,30,0,4,2,3,1,7,0,1,1,2,16,1
212,1087398,1,0,28,0,4,3,3,1,6,0,1,1,2,2,1
212,1087399,2,0,7,5,4,3,3,2,1,3,2,0,0,0,0
213,1087397,0,1,30,0,4,2,3,1,7,0,1,1,2,16,1
213,1087398,1,0,20,0,4,2,3,1,9,0,1,1,2,2,1
213,1087399,2,0,7,5,4,0,3,2,1,3,2,0,0,0,0
214,1087397,0,1,30,0,1,0,2,1,5,0,1,3,2,8,1
214,1087398,1,0,23,0,1,0,2,1,2,0,1,1,2,6,1
214,1087399,2,0,2,5,1,0,0,0,0,0,0,0,0,0,0
215,1087397,0,1,30,0,4,2,3,1,6,0,1,1,2,16,1
215,1087398,1,0,20,0,4,3,3,1,2,0,1,1,2,2,1
215,1087399,2,0,7,5,4,3,3,2,1,3,2,0,0,0,0
215,1087300,2,1,9,5,4,0,3,2,1,3,2,0,0,0,0
215,1087301,2,1,1,5,4,0,0,0,0,0,0,0,0,0,0
216,1087397,0,1,30,0,4,0,3,1,7,0,1,1,2,16,1
216,1087398,1,0,20,0,4,3,3,1,2,0,1,1,2,2,1
216,1087399,2,0,3,5,4,3,4,2,0,7,2,0,0,0,0
216,1087300,2,1,8,5,4,0,3,2,1,3,2,0,0,0,0
216,1087301,2,1,6,5,4,0,5,2,1,3,2,0,0,0,0
217,1083992,0,1,33,5,0,2,3,1,6,0,1,1,2,16,2
217,1083993,2,1,9,5,0,0,3,2,1,3,2,0,0,0,0
217,1083994,2,0,1,5,0,0,0,0,0,0,0,0,0,0,0
218,1087397,0,1,30,0,6,2,3,1,5,0,1,1,2,16,1
218,1087398,1,0,23,0,6,2,3,1,2,0,1,1,2,2,1
218,1087399,2,0,7,5,6,0,3,2,1,3,2,0,0,0,0
218,1087300,2,1,9,5,6,0,3,2,1,3,2,0,0,0,0
218,1087401,2,1,1,5,6,0,0,0,0,0,0,0,0,0,0
219,1087397,0,1,30,0,6,2,3,1,5,0,1,1,2,16,1
219,1087398,1,0,23,0,6,2,3,1,2,0,1,1,2,2,1
219,1087399,2,0,7,5,6,0,3,2,1,3,2,0,0,0,0
220,1083992,0,1,33,5,1,0,2,1,7,0,1,3,2,16,2
220,1083993,2,1,9,5,1,0,2,2,1,3,2,0,0,0,0
220,1083994,2,0,5,5,1,0,2,2,0,2,3,0,0,0,0
221,1087397,0,1,30,0,4,2,3,1,7,0,1,1,2,16,1
221,1087398,1,0,20,0,4,2,3,1,2,0,1,1,2,2,1
221,1087399,2,0,7,5,4,0,3,2,1,3,2,0,0,0,0
222,1087397,0,1,30,0,4,0,3,1,7,0,1,1,2,16,1
222,1087398,1,0,20,0,4,3,3,1,2,0,1,1,2,2,1
222,1087399,2,0,7,5,4,3,3,2,1,3,2,0,0,0,0
223,1084397,0,1,28,5,0,0,2,1,7,0,1,1,2,22,1
223,1084398,7,1,20,5,0,0,2,1,9,0,1,1,2,6,1
224,1087397,0,1,30,0,4,2,3,1,7,0,1,1,2,16,1
224,1087398,1,0,24,0,4,3,3,1,2,0,1,1,2,2,1
224,1087399,2,0,7,5,4,3,3,2,1,3,2,0,0,0,0
224,1087300,2,1,8,5,4,0,3,2,1,3,2,0,0,0,0
225,1151377,0,0,59,0,0,2,3,1,7,0,1,1,2,26,1
225,1151378,1,1,55,0,5,2,3,1,6,0,1,1,2,4,1
226,1084920,0,1,73,0,0,2,3,1,6,0,1,3,0,5,1
226,1084921,1,0,23,0,0,3,3,1,6,0,1,1,2,8,1
226,1084922,2,0,14,5,0,3,3,2,2,4,2,0,0,0,0
226,1084923,2,1,9,5,0,0,3,2,1,3,2,0,0,0,0
226,1084924,2,0,7,5,0,0,2,2,1,3,2,0,0,0,0
227,1087397,0,1,30,0,4,2,3,1,7,0,1,1,2,28,1
227,1087398,1,0,20,0,4,3,3,1,2,0,1,1,2,2,1
227,1087399,2,0,2,5,4,3,3,2,0,3,2,0,0,0,0
227,1087300,2,1,8,5,4,0,3,2,1,3,2,0,0,0,0
227,1087301,2,1,6,5,4,0,5,2,1,3,2,0,0,0,0
228,1087397,0,1,30,0,6,2,3,1,5,0,1,1,2,16,1
228,1087398,1,0,23,0,6,2,3,1,2,0,1,1,2,2,1
228,1087399,2,0,3,5,6,0,0,1,0,0,1,0,0,0,0
228,1087300,2,1,9,5,6,0,3,2,1,3,2,0,0,0,0
228,1087301,2,1,1,5,6,0,0,0,0,0,0,0,0,0,0
229,1087397,0,1,30,0,4,3,3,1,7,0,1,1,2,22,1
229,1087398,1,0,29,0,4,3,3,1,6,0,1,1,2,2,1
229,1087399,2,0,7,5,4,3,3,2,1,3,2,0,0,0,0
229,1087300,2,1,9,5,4,0,3,2,1,3,2,0,0,0,0
229,1087301,2,1,6,5,4,0,5,2,1,3,2,0,0,0,0
230,1087397,0,1,30,0,4,2,3,1,7,0,1,1,2,16,1
230,1087398,1,0,29,0,4,3,3,1,6,0,1,1,2,2,1
230,1087399,2,0,7,5,4,3,3,2,1,3,2,0,0,0,0
230,1087300,2,1,9,5,4,0,3,2,1,3,2,0,0,0,0
230,1087301,2,1,4,5,4,0,0,1,0,0,1,0,0,0,0
231,1087397,0,1,30,0,4,2,3,1,6,0,1,1,2,16,1
231,1087398,1,0,20,0,4,2,3,2,7,6,2,1,2,2,1
231,1087399,2,0,7,5,4,0,3,2,1,3,2,0,0,0,0
232,1087397,0,1,30,0,6,2,3,1,5,0,1,1,2,16,1
232,1087398,1,0,23,0,6,2,3,1,2,0,1,1,2,2,1
232,1087399,2,0,7,5,6,0,3,2,1,3,2,0,0,0,0
232,1087300,2,1,9,5,6,0,3,2,1,3,2,0,0,0,0
233,1087397,0,1,30,0,4,2,3,1,6,0,1,1,2,16,1
233,1087398,1,0,20,0,4,3,3,1,2,0,1,1,2,2,1
233,1087399,2,0,2,5,4,3,3,2,0,2,3,0,0,0,0
233,1087300,2,1,8,5,4,0,3,2,1,3,2,0,0,0,0
233,1087301,2,1,6,5,4,0,5,2,1,3,2,0,0,0,0
234,1087397,0,1,30,0,4,2,3,1,7,0,1,1,2,16,1
234,1087398,1,0,20,0,4,2,3,2,7,6,2,1,2,2,1
234,1087399,2,0,7,5,4,0,3,2,1,3,2,0,0,0,0
235,1087397,0,1,30,0,1,0,2,1,6,0,1,1,2,10,2
235,1087398,1,0,23,0,1,0,2,1,2,0,1,1,2,2,1
235,1087399,2,0,2,5,1,0,0,0,0,0,0,0,0,0,0
236,1087397,0,1,30,0,4,2,3,1,7,0,1,1,2,16,1
236,1087398,1,0,20,0,4,2,3,2,7,6,2,1,2,2,1
236,1087399,2,0,7,5,4,0,3,2,1,3,2,0,0,0,0
237,1087397,0,1,30,0,4,2,3,1,6,0,1,1,2,16,1
237,1087398,1,0,20,0,4,2,3,2,7,6,2,1,2,2,1
237,1087399,2,0,7,5,4,0,3,2,1,3,2,0,0,0,0
238,1343397,0,0,45,0,0,0,2,1,6,0,1,1,2,26,1
238,1343398,1,1,40,0,5,2,3,1,9,0,1,1,2,4,1
239,1087397,0,1,30,0,1,0,2,1,6,0,1,3,2,8,1
239,1087398,1,0,23,0,1,0,2,1,2,0,1,1,2,6,1
239,1087399,2,0,2,5,1,0,0,0,0,0,0,0,0,0,0
240,1084920,0,1,33,0,0,2,3,1,6,0,1,1,2,20,1
240,1084921,1,0,29,0,0,3,3,1,6,0,1,1,2,20,1
240,1084922,2,0,4,5,0,0,0,1,0,0,1,0,0,0,0
240,1084923,2,1,8,5,0,0,2,2,1,3,2,0,0,0,0
241,1087397,0,1,30,0,4,2,3,1,7,0,1,1,2,16,1
241,1087398,1,0,20,0,4,2,3,2,7,6,2,1,2,2,1
241,1087399,2,0,7,5,4,0,3,2,1,3,2,0,0,0,0
242,1087397,0,1,30,0,4,2,3,1,7,0,1,1,2,16,1
242,1087398,1,0,20,0,4,3,3,1,2,0,1,1,2,2,1
242,1087399,2,0,7,5,4,3,3,2,1,3,2,0,0,0,0
243,1083397,0,1,28,5,0,0,2,1,7,0,1,1,2,10,1
243,1083398,7,0,20,5,0,0,2,1,9,0,1,1,2,42,1
244,1087397,0,1,30,0,4,2,3,1,7,0,1,1,2,16,1
244,1087398,1,0,23,0,4,2,3,1,2,0,1,1,2,8,1
244,1087399,2,0,7,5,4,0,3,2,1,3,2,0,0,0,0
245,1087397,0,1,30,0,1,0,2,1,7,0,1,3,2,10,1
245,1087398,1,0,23,0,1,0,2,1,2,0,1,1,2,6,1
245,1087399,2,0,7,5,1,0,2,2,1,3,2,0,0,0,0
246,1087397,0,1,30,0,1,0,2,1,7,0,1,1,2,16,1
246,1087398,1,0,23,0,1,0,2,1,2,0,1,1,2,6,1
246,1087399,2,0,4,5,1,0,0,1,0,0,1,0,0,0,0
247,1084920,0,1,73,0,0,2,3,1,6,0,1,3,0,5,1
247,1084921,1,0,23,0,0,3,3,1,6,0,1,1,2,20,1
248,1083992,0,1,33,0,4,2,3,1,6,0,1,3,2,8,1
248,1083993,1,0,37,0,4,3,3,1,6,0,1,1,2,2,1
248,1083994,2,0,13,5,4,3,3,2,2,4,2,0,0,0,0
248,1083995,2,1,9,5,4,0,3,2,1,3,2,0,0,0,0
249,1087397,0,1,30,0,6,2,3,1,5,0,1,1,2,16,1
249,1087398,1,0,23,0,6,2,3,1,2,0,1,1,2,2,1
249,1087399,2,0,7,5,6,0,3,2,1,3,2,0,0,0,0
250,1084397,0,1,28,5,0,0,2,1,7,0,1,1,2,22,1
250,1084398,2,1,9,5,0,0,2,2,1,3,2,0,0,0,0
251,1087397,0,1,30,0,4,2,3,1,7,0,1,1,2,16,1
251,1087398,1,0,23,0,4,3,3,1,2,0,1,1,2,2,1
251,1087399,2,0,7,5,4,3,3,2,1,3,2,0,0,0,0
251,1087300,2,1,8,5,4,0,3,2,1,3,2,0,0,0,0
252,1083992,0,1,38,5,1,0,2,1,9,0,1,1,2,6,2
252,1083993,2,0,15,5,1,0,2,2,2,5,2,0,0,0,0
252,1083994,2,0,9,5,1,0,2,2,1,3,2,0,0,0,0
253,1087397,0,1,30,0,1,0,2,1,6,0,1,1,2,16,1
253,1087398,1,0,23,0,1,0,2,1,2,0,1,1,2,6,1
253,1087399,2,0,7,5,1,0,2,2,1,3,2,0,0,0,0
254,1087397,0,1,30,0,6,2,3,1,5,0,1,1,2,16,1
254,1087398,1,0,23,0,6,2,3,1,2,0,1,1,2,2,1
254,1087399,2,0,7,5,6,0,3,2,1,3,2,0,0,0,0
254,1087300,2,1,9,5,6,0,3,2,1,3,2,0,0,0,0
254,1087901,2,1,2,5,6,0,0,0,0,0,0,0,0,0,0
255,1024920,0,1,41,3,0,0,2,1,7,0,1,1,2,20,1
255,1024921,2,1,7,5,0,0,2,2,1,4,2,0,0,0,0
255,1024922,2,0,11,5,0,0,2,2,1,4,3,0,0,0,0
256,1087397,0,1,30,0,4,2,3,1,7,0,1,1,2,20,1
256,1087398,1,0,29,0,4,3,3,1,6,0,1,1,2,2,1
256,1087399,2,0,7,5,4,3,3,2,1,3,2,0,0,0,0
256,1087300,2,1,8,5,4,0,3,2,1,3,2,0,0,0,0
257,1087397,0,1,30,0,6,2,3,1,5,0,1,1,2,8,1
257,1087398,1,0,23,0,6,2,3,1,2,0,1,1,2,2,1
257,1087399,2,0,7,5,6,0,3,2,1,3,2,0,0,0,0
257,1087900,2,1,9,5,6,0,3,2,1,3,2,0,0,0,0
258,1087397,0,1,30,0,4,3,3,1,7,0,1,1,2,16,1
258,1087398,1,0,20,0,4,3,3,1,2,0,1,1,2,2,1
258,1087399,2,0,3,5,4,3,3,2,1,3,2,0,0,0,0
258,1087300,2,1,8,5,4,0,3,2,1,3,2,0,0,0,0
258,1087301,2,1,3,5,4,0,0,1,0,0,1,0,0,0,0
259,1084377,0,1,28,5,0,0,2,1,7,0,1,1,2,20,2
260,1087397,0,1,30,0,6,2,3,1,6,0,1,1,2,16,1
260,1087398,1,0,23,0,6,2,3,1,2,0,1,1,2,52,1
260,1087399,2,0,2,5,6,0,0,0,0,0,0,0,0,0,0
261,1087397,0,1,30,0,1,0,2,1,7,0,1,3,2,10,1
261,1087398,1,0,23,0,1,0,2,1,2,0,1,1,2,6,1
261,1087399,2,0,2,5,1,0,0,0,0,0,0,0,0,0,0
262,1084377,0,1,28,5,0,0,2,1,7,0,1,1,2,20,2
263,1084920,0,1,33,0,4,2,3,1,7,0,1,1,2,20,1
263,1084921,1,0,20,0,4,3,3,1,9,0,1,1,2,20,1
263,1084922,2,0,3,5,4,0,0,1,0,0,1,0,0,0,0
264,1087397,0,1,30,0,4,2,3,1,7,0,1,1,2,16,1
264,1087398,1,0,20,0,4,3,3,1,6,0,1,1,2,2,1
264,1087399,2,0,7,5,4,3,3,2,1,3,2,0,0,0,0
265,1087397,0,1,30,0,1,0,2,1,7,0,1,3,2,10,2
265,1087398,1,0,23,0,1,0,2,1,2,0,1,1,2,6,1
265,1087399,2,0,2,5,1,0,0,0,0,0,0,0,0,0,0
266,1087397,0,1,30,0,6,2,3,1,5,0,1,1,2,16,1
266,1087398,1,0,23,0,6,2,3,1,2,0,1,1,2,2,1
266,1087399,2,0,7,5,6,0,3,2,1,3,2,0,0,0,0
267,1087397,0,1,30,0,4,2,3,1,7,0,1,1,2,20,1
267,1087398,1,0,29,0,4,2,3,1,7,0,1,1,2,2,1
267,1087399,2,0,7,5,4,0,3,2,1,3,2,0,0,0,0
268,1083992,0,1,33,5,0,2,3,1,6,0,1,3,2,16,2
268,1083993,2,1,9,5,0,0,3,2,1,3,2,0,0,0,0
268,1083994,2,0,1,5,0,0,0,0,0,0,0,0,0,0,0
269,1343307,0,0,45,0,0,2,3,1,6,0,1,1,2,26,1
269,1343308,1,1,44,0,5,2,3,1,9,0,1,1,2,14,1
270,1087397,0,1,30,0,4,2,3,1,7,0,1,1,2,28,1
270,1087398,1,0,20,0,4,2,3,1,2,0,1,1,2,2,1
270,1087399,2,0,7,5,4,0,3,2,1,3,2,0,0,0,0
271,1087397,0,1,30,0,4,3,3,1,7,0,1,1,2,22,1
271,1087398,1,0,20,0,4,3,3,1,2,0,1,1,2,6,1
271,1087399,2,0,7,5,4,3,3,2,1,3,2,0,0,0,0
271,1087300,2,1,8,5,4,0,3,2,1,3,2,0,0,0,0
272,1084377,0,1,28,5,0,0,2,1,7,0,1,1,2,20,1
273,1084367,0,0,28,5,0,0,2,1,7,0,1,1,2,20,1
274,1083397,0,1,28,5,0,0,2,1,7,0,1,1,2,10,1
274,1083398,7,0,20,5,0,0,2,1,9,0,1,1,2,6,1
275,1151347,0,0,55,0,0,0,2,1,6,0,1,1,2,16,1
275,1151348,1,1,53,0,5,2,3,1,9,0,1,1,2,4,1
276,1087397,0,1,30,0,4,2,3,1,7,0,1,1,2,16,1
276,1087398,1,0,20,0,4,3,3,1,2,0,1,1,2,2,1
276,1087399,2,0,7,5,4,3,3,2,1,3,2,0,0,0,0
276,1087300,2,1,8,5,4,0,3,2,1,3,2,0,0,0,0
277,1087397,0,1,30,0,6,2,3,1,5,0,1,1,2,16,1
277,1087398,1,0,23,0,6,2,3,1,2,0,1,1,2,2,1
277,1087399,2,0,7,5,6,0,3,2,1,3,2,0,0,0,0
277,1087900,2,1,9,5,6,0,3,2,1,3,2,0,0,0,0
277,1087901,2,1,1,5,6,0,0,0,0,0,0,0,0,0,0
278,1087397,0,1,30,0,4,3,1,1,0,0,1,3,2,8,1
278,1087398,1,0,23,0,4,3,3,1,2,0,1,1,2,2,1
278,1087399,2,0,7,5,4,3,3,2,1,3,2,0,0,0,0
278,1087300,2,1,8,5,4,0,3,2,1,3,2,0,0,0,0
278,1087401,2,1,6,5,4,0,5,2,1,3,2,0,0,0,0
279,1087397,0,1,30,0,4,2,3,1,7,0,1,1,2,22,1
279,1087398,1,0,29,0,4,2,3,1,6,0,1,1,2,2,1
279,1087399,2,0,7,5,4,0,3,2,1,3,2,0,0,0,0
280,1084920,0,1,33,0,4,2,3,1,7,0,1,1,2,16,1
280,1084921,1,0,20,0,4,3,3,1,9,0,1,1,2,6,1
280,1084922,2,1,3,5,4,0,0,1,0,0,1,0,0,0,0
281,1087397,0,1,30,0,4,2,3,1,6,0,1,1,2,16,1
281,1087398,1,0,29,0,4,3,3,1,6,0,1,1,2,2,1
281,1087399,2,0,7,5,4,3,3,2,1,3,2,0,0,0,0
281,1087300,2,1,9,5,4,0,3,2,1,3,2,0,0,0,0
281,1087301,2,1,1,5,4,0,0,0,0,0,0,0,0,0,0
282,1087397,0,1,30,0,1,0,2,1,5,0,1,3,2,10,2
282,1087398,1,0,23,0,1,0,2,1,2,0,1,1,2,6,2
282,1087399,2,0,7,5,1,0,2,2,1,3,2,0,0,0,0
283,1084397,0,1,28,5,0,0,2,1,7,0,1,1,2,22,1
283,1084398,7,1,20,5,0,0,2,1,9,0,1,1,2,6,1
284,1084920,0,1,32,0,4,2,3,1,7,0,1,1,2,16,1
284,1084921,1,0,20,0,4,3,3,1,9,0,1,1,2,20,1
284,1084922,2,0,3,5,4,0,0,1,0,0,1,0,0,0,0
285,1087397,0,1,30,0,1,0,2,1,7,0,1,3,2,10,2
285,1087398,1,0,23,0,1,0,2,1,2,0,1,1,2,6,1
285,1087399,2,0,2,5,1,0,0,0,0,0,0,0,0,0,0
286,1087397,0,1,30,0,4,2,3,1,7,0,1,1,2,28,1
286,1087398,1,0,29,0,4,3,3,1,6,0,1,1,2,2,1
286,1087399,2,0,7,5,4,3,3,2,1,3,2,0,0,0,0
287,1151347,0,0,55,0,0,0,2,1,6,0,1,1,2,26,1
287,1151348,1,1,53,0,5,2,3,1,9,0,1,1,2,6,1
288,1084397,0,1,28,5,0,0,2,1,7,0,1,1,2,22,1
288,1084398,7,1,23,5,0,0,2,1,9,0,1,1,2,6,1
289,1087397,0,1,30,0,6,2,3,1,5,0,1,1,2,16,1
289,1087398,1,0,23,0,6,2,3,1,2,0,1,1,2,2,1
289,1087399,2,0,7,5,6,0,3,2,1,3,2,0,0,0,0
289,1087300,2,1,9,5,6,0,3,2,1,3,2,0,0,0,0
290,1087397,0,1,30,0,6,2,3,1,5,0,1,1,2,16,1
290,1087398,1,0,23,0,6,2,3,1,2,0,1,1,2,2,1
290,1087399,2,0,7,5,6,0,3,2,1,3,2,0,0,0,0
291,1087397,0,1,30,0,4,2,3,1,7,0,1,1,2,16,1
291,1087398,1,0,23,0,4,2,3,1,2,0,1,1,2,2,1
291,1087399,2,0,7,5,4,0,3,2,1,3,2,0,0,0,0
292,1087397,0,1,30,0,1,0,2,1,7,0,1,3,2,10,2
292,1087398,1,0,23,0,1,0,2,1,2,0,1,1,2,6,1
292,1087399,2,0,2,5,1,0,0,0,0,0,0,0,0,0,0
293,1087397,0,1,30,0,6,2,3,1,5,0,1,1,2,16,1
293,1087398,1,0,23,0,6,2,3,1,2,0,1,1,2,2,1
293,1087399,2,0,7,5,6,0,3,2,1,3,2,0,0,0,0
293,1087900,2,1,9,5,6,0,3,2,1,3,2,0,0,0,0
293,1087901,2,1,1,5,6,0,0,0,0,0,0,0,0,0,0
294,1084920,0,1,43,0,0,2,3,1,6,0,1,1,2,16,1
294,1084921,1,0,20,0,0,3,3,1,9,0,1,1,2,20,1
294,1084922,2,0,14,5,0,0,3,2,2,4,2,0,0,0,0
294,1084923,2,1,9,5,0,0,3,2,1,3,2,0,0,0,0
295,1087397,0,1,30,0,6,2,3,1,5,0,1,1,2,16,1
295,1087398,1,0,23,0,6,2,3,1,2,0,1,1,2,2,1
295,1087399,2,0,7,5,6,0,3,2,1,3,2,0,0,0,0
296,1024920,0,1,32,5,1,0,2,1,7,0,1,3,2,14,1
296,1024921,2,1,7,5,1,0,2,2,0,3,2,0,2,0,0
296,1024922,2,0,11,5,1,0,2,2,1,4,2,0,0,0,0
297,1087397,0,1,30,0,6,2,3,1,5,0,1,1,2,16,1
297,1087398,1,0,23,0,6,2,3,1,2,0,1,1,2,2,1
297,1087399,2,0,7,5,6,0,3,2,1,3,2,0,0,0,0
297,1087200,2,1,9,5,6,0,3,2,1,3,2,0,0,0,0
298,1087397,0,1,30,0,6,2,3,1,5,0,1,1,2,16,1
298,1087398,1,0,23,0,6,2,3,1,2,0,1,1,2,2,1
298,1087399,2,0,2,5,6,0,0,0,0,0,0,0,0,0,0
299,1087397,0,1,30,0,6,2,3,1,5,0,1,1,2,16,1
299,1087398,1,0,23,0,6,2,3,1,2,0,1,1,2,2,1
299,1087399,2,0,2,5,6,0,0,0,0,0,0,0,0,0,0
300,1087397,0,1,30,0,4,2,3,1,7,0,1,1,2,16,1
300,1087398,1,0,20,0,4,2,3,2,7,6,2,1,2,2,1
300,1087399,2,0,8,5,4,0,3,2,1,3,2,0,0,0,0
301,1087397,0,1,30,0,4,2,3,1,7,0,1,1,2,16,1
301,1087398,1,0,20,0,4,2,3,2,7,6,2,1,2,2,1
301,1087399,2,0,7,5,4,0,3,2,1,3,2,0,0,0,0
302,1151347,0,0,55,0,0,0,2,1,6,0,1,1,2,16,1
302,1151348,1,1,53,0,5,2,2,1,9,0,1,1,2,0,1
303,1084309,0,1,43,0,0,2,3,1,6,0,1,1,2,20,2
303,1084310,1,0,23,0,0,3,3,1,6,0,1,1,2,20,1
303,1084311,2,1,7,5,0,0,3,2,1,3,2,0,0,0,0
303,1084312,2,1,8,5,0,0,2,2,1,3,2,0,0,0,0
304,1084397,0,1,28,5,0,0,2,1,7,0,1,1,2,22,1
304,1084398,7,1,20,5,0,0,2,1,9,0,1,1,2,6,1
305,1083992,0,1,31,0,4,2,3,1,6,0,1,1,2,16,2
305,1083993,1,0,39,0,4,3,3,1,6,0,1,1,2,2,1
305,1083994,2,0,4,5,4,0,0,1,0,0,1,0,0,0,0
305,1083995,2,1,9,5,4,0,3,2,1,3,2,0,0,0,0
306,1087397,0,1,30,0,2,0,2,1,6,0,1,1,2,16,1
306,1087398,1,0,23,0,4,0,2,2,2,4,2,0,0,0,0
306,1087399,2,0,7,5,4,0,2,2,1,3,2,0,0,0,0
307,1087397,0,1,30,0,6,2,3,1,5,0,1,1,2,16,1
307,1087398,1,0,20,0,6,2,3,1,6,0,1,1,2,2,1
307,1087399,2,0,7,5,6,0,3,2,1,3,2,0,0,0,0
308,1087397,0,1,30,0,4,2,3,1,7,0,1,1,2,28,1
308,1087398,1,0,20,0,4,2,3,1,2,0,1,1,2,2,1
308,1087399,2,0,7,5,4,0,3,2,1,3,2,0,0,0,0
309,1024920,0,1,41,3,1,0,2,1,7,0,1,1,2,20,1
309,1024921,2,1,7,5,1,0,2,2,1,3,2,0,0,0,0
309,1024922,2,0,11,5,1,0,2,2,1,4,3,0,0,0,0
310,1087397,0,1,30,0,6,2,3,1,5,0,1,1,2,16,1
310,1087398,1,0,23,0,6,2,3,1,2,0,1,1,2,2,1
310,1087399,2,0,7,5,6,0,3,2,1,3,2,0,0,0,0
310,1087900,2,1,9,5,6,0,3,2,1,3,2,0,0,0,0
311,1087397,0,1,30,0,6,2,3,1,5,0,1,1,2,16,1
311,1087398,1,0,23,0,6,2,3,1,2,0,1,1,2,2,1
311,1087399,2,0,7,5,6,0,3,2,1,3,2,0,0,0,0
311,1087300,2,1,9,5,6,0,3,2,1,3,2,0,0,0,0
311,1087301,2,1,6,5,6,0,5,2,1,3,2,0,0,0,0
312,1087397,0,1,30,0,6,2,3,1,5,0,1,1,2,16,1
312,1087398,1,0,23,0,6,2,3,1,2,0,1,1,2,2,1
312,1087399,2,0,7,5,6,0,3,2,1,3,2,0,0,0,0
312,1087900,2,1,9,5,6,0,3,2,1,3,2,0,0,0,0
313,1084920,0,1,33,0,0,2,3,1,6,0,1,1,2,16,1
313,1084921,1,0,28,0,0,3,3,1,9,0,1,1,2,20,1
313,1084922,2,0,3,5,0,0,0,1,0,0,1,0,0,0,0
314,1084920,0,1,33,0,0,2,3,1,6,0,1,1,2,16,1
314,1084921,1,0,28,0,0,3,3,1,6,0,1,1,2,6,1
314,1084922,2,0,14,5,0,0,3,2,2,5,2,0,0,0,0
314,1084923,2,1,9,5,0,0,3,2,1,3,2,0,0,0,0
315,1087397,0,1,30,0,4,2,3,1,7,0,1,1,2,16,1
315,1087398,1,0,20,0,4,3,3,1,2,0,1,1,2,2,1
315,1087399,2,0,7,5,4,3,3,2,1,3,2,0,0,0,0
316,1087397,0,1,30,0,6,2,3,1,5,0,1,1,2,16,1
316,1087398,1,0,23,0,6,2,3,1,2,0,1,1,2,2,1
316,1087399,2,0,7,5,6,0,3,2,1,3,2,0,0,0,0
316,1087900,2,1,9,5,6,0,3,2,1,3,2,0,0,0,0
317,1087397,0,1,30,0,6,2,3,1,5,0,1,1,2,16,1
317,1087398,1,0,23,0,6,2,3,1,2,0,1,1,2,2,1
317,1087399,2,0,7,5,6,0,3,2,1,3,2,0,0,0,0
318,1083992,0,1,33,5,0,2,3,1,6,0,1,1,2,16,2
318,1083993,2,1,9,5,0,0,3,2,1,3,2,0,0,0,0
318,1083994,2,0,1,5,0,0,0,0,0,0,0,0,0,0,0
319,1087397,0,1,30,0,1,0,2,1,6,0,1,3,2,8,1
319,1087398,1,0,23,0,1,0,2,1,2,0,1,1,2,6,1
319,1087399,2,0,2,5,1,0,0,0,0,0,0,0,0,0,0
320,1087397,0,1,30,0,4,2,3,1,7,0,1,1,2,16,1
320,1087398,1,0,20,0,4,3,3,1,2,0,1,1,2,2,1
320,1087399,2,0,7,5,4,3,3,2,1,3,2,0,0,0,0
320,1087300,2,1,8,5,4,0,3,2,1,3,2,0,0,0,0
320,1087301,2,1,6,5,4,0,5,2,1,3,2,0,0,0,0
321,1087397,0,1,30,0,1,0,2,1,7,0,1,3,2,10,2
321,1087398,1,0,23,0,1,0,2,1,2,0,1,1,2,6,1
321,1087399,2,0,2,5,1,0,0,0,0,0,0,0,0,0,0
322,1087397,0,1,30,0,4,2,3,1,7,0,1,1,2,16,1
322,1087398,1,0,20,0,4,0,3,2,2,4,2,0,0,0,0
322,1087399,2,0,7,5,4,0,3,2,1,3,2,0,0,0,0
323,1087397,0,1,30,0,4,2,3,1,7,0,1,1,2,16,1
323,1087398,1,0,20,0,4,2,3,1,2,0,1,1,2,2,1
323,1087399,2,0,7,5,4,0,3,2,1,3,2,0,0,0,0
324,1087397,0,1,30,0,1,0,2,1,5,0,1,3,2,8,1
324,1087398,1,0,23,0,1,0,2,1,2,0,1,1,2,2,1
324,1087399,2,0,7,5,1,0,2,2,1,3,2,0,0,0,0
325,1087397,0,1,30,0,4,2,3,1,7,0,1,1,2,20,1
325,1087398,1,0,20,0,4,3,3,2,2,4,2,1,2,2,1
325,1087399,2,0,7,5,4,3,3,2,1,3,2,0,0,0,0
326,1087397,0,1,30,0,4,2,3,1,7,0,1,1,2,28,1
326,1087398,1,0,29,0,4,3,3,1,6,0,1,1,2,2,1
326,1087399,2,0,7,5,4,3,3,2,1,3,2,0,0,0,0
327,1084920,0,1,33,0,0,2,3,1,6,0,1,1,2,16,1
327,1084921,1,0,23,0,0,0,2,1,9,0,1,1,2,20,1
328,1087397,0,1,30,0,4,2,3,1,7,0,1,1,2,16,1
328,1087398,1,0,20,0,4,3,3,1,2,0,1,1,2,2,1
328,1087399,2,0,3,5,4,3,3,2,0,2,2,0,0,0,0
328,1087400,2,1,8,5,4,0,3,2,1,3,2,0,0,0,0
328,1087401,2,1,3,5,4,0,0,1,0,0,1,0,0,0,0
329,1087397,0,1,30,0,4,2,3,1,7,0,1,1,2,16,1
329,1087398,1,0,20,0,4,3,3,1,2,0,1,1,2,8,1
329,1087399,2,0,7,5,4,3,3,2,1,3,2,0,0,0,0
329,1087300,2,1,9,5,4,0,3,2,1,3,2,0,0,0,0
329,1087301,2,1,1,5,4,0,0,0,0,0,0,0,0,0,0
330,1083992,0,1,33,5,0,2,3,1,6,0,1,1,2,16,2
330,1083993,2,1,9,5,0,0,3,2,1,3,2,0,0,0,0
330,1083994,2,0,1,5,0,0,0,0,0,0,0,0,0,0,0
331,1087397,0,1,30,0,4,2,3,1,7,0,1,1,2,16,1
331,1087398,1,0,20,0,4,2,3,1,2,0,1,1,2,2,1
331,1087399,2,0,7,5,4,0,3,2,1,3,2,0,0,0,0
332,1083377,0,0,28,5,0,0,2,1,7,0,1,1,2,20,1
333,1084920,0,1,33,0,4,2,3,1,7,0,1,1,2,16,1
333,1084921,1,0,20,0,4,3,3,1,9,0,1,1,2,6,1
333,1084922,2,1,3,5,4,0,0,1,0,0,1,0,0,0,0
333,1084923,2,1,8,5,4,0,2,2,1,3,2,0,0,0,0
334,1087397,0,1,30,0,1,0,2,1,5,0,1,3,2,10,2
334,1087398,1,0,23,0,1,0,2,1,2,0,1,1,2,2,1
334,1087399,2,0,7,5,1,0,2,2,1,3,2,0,0,0,0
335,1087397,0,1,30,0,6,2,3,1,5,0,1,1,2,16,1
335,1087398,1,0,20,0,6,2,3,1,2,0,1,1,2,52,1
335,1087399,2,0,7,5,6,0,3,2,1,3,2,0,0,0,0
336,1087397,0,1,30,0,6,2,3,1,5,0,1,1,2,16,1
336,1087398,1,0,23,0,6,2,3,1,2,0,1,1,2,2,1
336,1087399,2,0,7,5,6,0,3,2,1,3,2,0,0,0,0
336,1087900,2,1,8,5,6,0,3,2,1,3,2,0,0,0,0
337,1087397,0,1,30,0,8,0,2,1,7,0,1,1,2,10,1
337,1087398,1,0,23,0,0,0,2,1,2,0,1,1,2,7,1
337,1087399,2,0,4,5,0,0,0,1,0,0,1,0,0,0,0
338,1083397,0,1,28,5,0,0,2,1,7,0,1,1,2,10,1
338,1083398,7,0,20,5,0,0,2,1,9,0,1,1,2,6,1
339,1084397,0,1,28,5,0,0,2,1,7,0,1,1,2,22,1
339,1084398,7,1,20,5,0,0,2,1,9,0,1,1,2,6,1
340,1087397,0,1,30,0,4,2,3,1,7,0,1,1,2,16,1
340,1087398,1,0,20,0,4,2,3,1,2,0,1,1,2,2,1
340,1087399,2,0,7,5,4,0,3,2,1,3,2,0,0,0,0
341,1087397,0,1,30,0,4,2,3,1,7,0,1,1,2,28,1
341,1087398,1,0,20,0,4,2,3,2,7,6,2,1,2,2,1
341,1087399,2,0,7,5,4,0,3,2,1,3,2,0,0,0,0
342,1084377,0,1,28,5,0,0,2,1,7,0,1,1,2,20,1
343,1087397,0,1,30,0,6,2,3,1,5,0,1,1,2,16,1
343,1087398,1,0,23,0,6,2,3,1,2,0,1,1,2,2,1
343,1087399,2,0,2,5,6,0,0,0,0,0,0,0,0,0,0
344,1087397,0,1,30,0,1,0,2,1,7,0,1,3,2,10,2
344,1087398,1,0,23,0,1,0,2,1,2,0,1,1,2,2,1
344,1087399,2,0,7,5,1,0,2,2,1,3,2,0,0,0,0
345,1087397,0,1,30,0,1,0,2,1,5,0,1,3,2,10,2
345,1087398,1,0,23,0,1,0,2,1,2,0,1,1,2,2,1
345,1087399,2,0,2,5,1,0,0,0,0,0,0,0,0,0,0
346,1087397,0,1,30,0,6,2,3,1,5,0,1,1,2,16,1
346,1087398,1,0,23,0,6,2,3,1,2,0,1,1,2,2,1
346,1087399,2,0,7,5,6,0,3,2,1,3,2,0,0,0,0
346,1087300,2,1,9,5,6,0,3,2,1,3,2,0,0,0,0
346,1087401,2,1,3,5,6,0,0,1,0,0,1,0,0,0,0
347,1084397,0,1,28,5,0,0,2,1,7,0,1,1,2,22,1
347,1084398,2,1,9,5,0,0,2,2,1,3,2,0,0,0,0
348,1084377,0,1,28,5,0,0,2,1,7,0,1,1,2,20,1
349,1084377,0,1,28,5,0,0,2,1,7,0,1,1,2,20,1
350,1151397,0,0,55,0,0,0,2,1,6,0,1,1,2,26,1
350,1151398,1,1,53,0,5,2,2,1,9,0,1,1,2,4,1
351,1084397,0,1,28,5,0,0,2,1,7,0,1,1,2,22,1
351,1084398,7,1,20,5,0,0,2,1,9,0,1,1,2,6,1
352,1084377,0,1,28,5,0,0,2,1,7,0,1,1,2,20,1
353,1084377,0,1,28,5,0,0,2,1,7,0,1,1,2,20,1
354,1043394,0,0,45,0,0,0,2,1,6,0,1,1,2,26,1
354,1043395,1,1,40,0,5,2,3,1,9,0,1,1,2,4,1
354,1043396,2,1,8,5,7,0,3,2,0,3,2,0,0,0,0
355,1087397,0,1,30,0,4,3,3,1,7,0,1,1,2,16,1
355,1087398,1,0,23,0,4,3,3,1,2,0,1,1,2,2,1
355,1087399,2,0,3,5,4,3,4,2,1,2,3,0,0,0,0
355,1087300,2,1,8,5,4,0,3,2,1,3,2,0,0,0,0
355,1087301,2,1,8,5,4,0,5,2,1,3,2,0,0,0,0
356,1087397,0,1,30,0,4,2,3,1,7,0,1,1,2,16,1
356,1087398,1,0,20,0,4,2,3,2,7,6,2,1,2,2,1
356,1087399,2,0,3,5,4,0,0,1,0,0,1,0,0,0,0
357,1084920,0,1,33,0,0,2,3,1,6,0,1,1,2,16,1
357,1084921,1,0,38,0,0,3,3,1,6,0,1,1,2,20,1
357,1084922,2,0,14,5,0,0,3,2,2,4,2,0,0,0,0
357,1084923,2,1,8,5,0,0,2,2,1,3,2,0,0,0,0
358,1087397,0,1,30,0,6,2,3,1,5,0,1,1,2,16,1
358,1087398,1,0,23,0,6,2,3,1,2,0,1,1,2,2,1
358,1087399,2,0,7,5,6,0,3,2,1,3,2,0,0,0,0
358,1087900,2,1,9,5,6,0,3,2,1,3,2,0,0,0,0
358,1087901,2,1,1,5,6,0,0,0,0,0,0,0,0,0,0
359,1087397,0,1,30,0,4,2,3,1,7,0,1,1,2,16,1
359,1087398,1,0,29,0,4,3,3,1,6,0,1,1,2,2,1
359,1087399,2,0,7,5,4,3,3,2,1,3,2,0,0,0,0
359,1087300,2,1,9,5,4,0,3,2,1,3,2,0,0,0,0
360,1084920,0,1,33,0,4,2,3,1,7,0,1,1,2,20,1
360,1084921,1,0,20,0,4,3,3,1,9,0,1,1,2,20,1
360,1084922,2,0,3,5,4,0,0,1,0,0,1,0,0,0,0
361,1087397,0,1,30,0,4,2,3,1,7,0,1,1,2,16,1
361,1087398,1,0,20,0,4,2,3,1,2,0,1,1,2,2,1
361,1087399,2,0,7,5,4,0,3,2,1,3,2,0,0,0,0
362,1084377,0,1,28,5,0,0,2,1,7,0,1,1,2,20,1
363,1087397,0,1,30,0,6,2,3,1,5,0,1,1,2,16,1
363,1087398,1,0,23,0,6,2,3,1,2,0,1,1,2,2,1
363,1087399,2,0,7,5,6,0,3,2,1,3,2,0,0,0,0
363,1087900,2,1,9,5,6,0,3,2,1,3,2,0,0,0,0
363,1087901,2,1,1,5,6,0,0,0,0,0,0,0,0,0,0
364,1084377,0,1,28,5,0,0,2,1,7,0,1,1,2,20,2
365,1083397,0,1,28,5,0,0,2,1,7,0,1,1,2,10,1
365,1083398,7,0,29,5,0,0,2,1,2,0,1,1,2,6,1
366,1087397,0,1,30,0,6,2,3,1,5,0,1,1,2,16,1
366,1087398,1,0,23,0,6,2,3,1,2,0,1,1,2,2,1
366,1087399,2,0,7,5,6,0,3,2,1,3,2,0,0,0,0
366,1087300,2,1,9,5,6,0,3,2,1,3,2,0,0,0,0
366,1087301,2,1,1,5,6,0,0,0,0,0,0,0,0,0,0
367,1087397,0,1,30,0,6,2,3,1,6,0,1,1,2,16,1
367,1087398,1,0,23,0,6,2,3,1,2,0,1,1,2,2,1
367,1087399,2,0,7,5,6,0,3,2,1,3,2,0,0,0,0
368,1084377,0,1,28,5,1,0,2,1,7,0,1,1,2,20,2
368,1084378,2,1,9,5,1,0,2,2,1,3,2,0,0,0,0
368,1084379,2,0,6,5,1,0,2,2,1,2,3,0,0,0,0
369,1087397,0,1,30,0,6,2,3,1,5,0,1,1,2,16,1
369,1087398,1,0,23,0,6,2,3,1,2,0,1,1,2,2,1
369,1087399,2,0,3,5,6,0,0,1,0,0,1,0,0,0,0
369,1087300,2,1,9,5,6,0,3,2,1,3,2,0,0,0,0
369,1087301,2,1,1,5,6,0,0,0,0,0,0,0,0,0,0
370,1084925,0,1,73,4,0,0,2,1,6,0,1,3,0,0,2
371,1087397,0,1,30,0,4,2,3,1,7,0,1,1,2,16,1
371,1087398,1,0,20,0,4,2,3,2,7,6,2,1,2,2,1
371,1087399,2,0,3,5,4,0,0,1,0,0,1,0,0,0,0
372,1083397,0,1,39,0,4,2,3,1,7,0,1,1,2,28,1
372,1083398,1,0,29,0,4,3,3,1,6,0,1,1,2,6,1
372,1083399,2,1,7,5,4,3,3,2,1,3,2,0,0,0,0
372,1083300,7,1,31,5,4,3,3,1,6,0,1,2,2,10,1
373,1084397,0,1,48,0,4,2,3,1,6,0,1,1,2,22,1
373,1084398,1,0,29,0,4,3,3,1,6,0,1,1,2,2,1
373,1084399,2,1,17,5,4,3,3,2,5,5,2,1,2,0,1
373,1084300,2,1,14,5,4,0,3,2,2,5,2,0,0,0,0
374,1084377,0,1,28,5,0,0,2,1,7,0,1,1,2,20,2
375,1087397,0,1,30,0,4,2,3,1,6,0,1,1,2,16,1
375,1087398,1,0,20,0,4,2,3,2,2,4,2,1,2,2,1
375,1087399,2,0,7,5,4,0,3,2,1,3,2,0,0,0,0
376,1087397,0,1,30,0,4,2,3,1,7,0,1,1,2,20,1
376,1087398,1,0,20,0,4,2,3,2,7,6,2,1,2,2,1
376,1087399,2,0,7,5,4,0,3,2,1,3,2,0,0,0,0
377,1083992,0,1,33,5,1,0,2,1,9,0,1,3,2,6,2
377,1083993,2,0,9,5,1,0,2,2,1,3,2,0,0,0,0
377,1083994,2,0,1,5,1,0,0,0,0,0,0,0,0,0,0
378,1087397,0,1,30,0,6,2,3,1,5,0,1,1,2,16,1
378,1087398,1,0,23,0,6,2,3,1,2,0,1,1,2,2,1
378,1087399,2,0,2,5,6,0,0,0,0,0,0,0,0,0,0
379,1084397,0,1,43,0,4,2,3,1,6,0,1,1,2,22,1
379,1084398,1,0,24,0,4,3,3,1,6,0,1,1,2,4,1
379,1084399,2,1,17,5,4,3,3,2,5,5,2,1,2,0,1
379,1084300,2,1,14,5,4,0,3,2,2,5,2,0,0,0,0
380,1084920,0,1,32,0,4,2,3,1,7,0,1,1,2,20,1
380,1084921,1,0,20,0,4,3,3,1,9,0,1,1,2,10,1
380,1084922,2,0,3,5,4,0,0,1,0,0,1,0,0,0,0
381,1087397,0,1,30,0,4,2,3,1,7,0,1,1,2,16,1
381,1087398,1,0,20,0,4,3,3,1,2,0,1,1,2,2,1
381,1087399,2,0,7,5,4,3,3,2,1,3,2,0,0,0,0
381,1087300,2,1,9,5,4,0,3,2,1,3,2,0,0,0,0
381,1087301,2,1,1,5,4,0,0,0,0,0,0,0,0,0,0
382,1084377,0,1,28,2,1,0,2,1,7,0,1,1,2,20,2
382,1084378,2,1,9,5,1,0,2,2,1,3,2,0,0,0,0
382,1084379,2,0,1,5,1,0,0,0,0,0,0,0,0,0,0
383,1087397,0,1,30,0,4,2,3,1,7,0,1,1,2,16,1
383,1087398,1,0,20,0,4,2,3,1,2,0,1,1,2,2,1
383,1087399,2,0,7,5,4,3,3,2,1,3,2,0,0,0,0
384,1087397,0,1,30,0,6,2,3,1,5,0,1,1,2,16,1
384,1087398,1,0,23,0,6,2,3,1,2,0,1,1,2,2,1
384,1087399,2,0,1,5,6,0,0,0,0,0,0,0,0,0,0
385,1087397,0,1,30,0,4,2,3,1,7,0,1,1,2,20,1
385,1087398,1,0,29,0,4,3,3,1,6,0,1,1,2,2,1
385,1087399,2,0,7,5,4,3,3,2,1,3,2,0,0,0,0
386,1083992,0,1,33,5,1,0,2,1,6,0,1,3,2,6,2
386,1083993,2,0,9,5,1,0,2,2,1,3,2,0,0,0,0
386,1083994,2,0,1,5,1,0,0,0,0,0,0,0,0,0,0
387,1087397,0,1,30,0,4,2,3,1,7,0,1,1,2,20,1
387,1087398,1,0,20,0,4,3,3,1,2,0,1,1,2,2,1
387,1087399,2,0,7,5,4,3,3,2,1,3,2,0,0,0,0
388,1084920,0,1,32,0,4,2,3,1,7,0,1,1,2,20,1
388,1084921,1,0,25,0,4,3,3,1,9,0,1,1,2,20,1
388,1084922,2,1,3,5,4,0,0,1,0,0,1,0,0,0,0
388,1084923,2,1,1,5,4,0,0,0,0,0,0,0,0,0,0
389,1087397,0,1,30,0,1,0,2,1,7,0,1,3,2,10,2
389,1087398,1,0,23,0,1,0,2,1,2,0,1,1,2,6,1
389,1087399,2,0,7,5,1,0,2,2,1,3,2,0,0,0,0
390,1083992,0,1,33,0,4,2,3,1,6,0,1,3,2,6,2
390,1083993,1,0,39,0,4,3,3,1,6,0,1,1,2,2,1
390,1083994,2,0,11,5,4,3,3,2,2,4,2,0,0,0,0
390,1083995,2,1,9,5,4,0,3,2,1,3,2,0,0,0,0
390,1083996,2,1,8,5,4,0,3,2,1,3,2,0,0,0,0
391,1087397,0,1,30,0,6,2,3,1,5,0,1,1,2,16,1
391,1087398,1,0,23,0,6,2,3,1,2,0,1,1,2,2,1
391,1087399,2,0,7,5,6,0,3,2,1,3,2,0,0,0,0
391,1087300,2,1,9,5,6,0,3,2,1,3,2,0,0,0,0
391,1087301,2,1,1,5,6,0,0,0,0,0,0,0,0,0,0
392,1087397,0,1,30,0,4,2,3,1,7,0,1,1,2,16,1
392,1087398,1,0,23,0,4,3,3,1,2,0,1,1,2,2,1
392,1087399,2,0,7,5,4,3,3,2,1,3,2,0,0,0,0
392,1087300,2,1,9,5,4,0,3,2,1,3,2,0,0,0,0
392,1087301,2,1,1,5,4,0,0,0,0,0,0,0,0,0,0
393,1087397,0,1,30,0,4,2,3,1,7,0,1,1,2,16,1
393,1087398,1,0,26,0,4,2,3,1,5,0,1,1,2,2,1
393,1087399,2,0,7,5,4,0,3,2,1,3,2,0,0,0,0
394,1084920,0,1,32,0,4,2,3,1,7,0,1,1,2,20,1
394,1084921,1,0,20,0,4,3,3,1,9,0,1,1,2,20,1
394,1084922,2,0,3,5,4,0,0,1,0,0,1,0,0,0,0
395,1087397,0,1,30,0,4,3,3,1,7,0,1,1,2,16,1
395,1087398,1,0,20,0,4,3,3,1,2,0,1,1,2,2,1
395,1087399,2,0,3,5,4,3,4,2,0,2,3,0,0,0,0
395,1087300,2,1,8,5,4,0,3,2,1,3,2,0,0,0,0
395,1087301,2,1,3,5,4,0,0,1,0,0,1,0,0,0,0
396,1087397,0,1,30,0,4,2,3,1,7,0,1,1,2,20,1
396,1087398,1,0,20,0,4,3,3,2,7,6,2,1,2,2,1
396,1087399,2,0,7,5,4,3,3,2,1,3,2,0,0,0,0
397,1084397,0,1,30,0,0,0,2,1,7,0,1,1,2,22,1
397,1084398,1,0,23,0,0,0,2,1,9,0,1,1,2,40,1
398,1083397,0,1,28,5,4,2,3,1,7,0,1,1,2,22,1
398,1083398,7,0,20,5,4,3,3,1,7,0,1,1,2,6,1
399,1084397,0,1,28,5,0,0,2,1,7,0,1,1,2,22,1
399,1084398,7,1,20,5,0,0,2,1,9,0,1,1,2,8,1
400,1084920,0,1,32,5,1,0,2,1,7,0,1,3,2,14,1
400,1084921,2,1,7,5,1,0,2,2,0,3,2,0,0,0,0
400,1084922,2,0,7,5,1,0,2,2,1,3,2,0,0,0,0
401,1087397,0,1,30,0,4,2,3,1,7,0,1,1,2,16,1
401,1087398,1,0,20,0,4,3,3,1,2,0,1,1,2,2,1
401,1087399,2,0,7,5,4,3,3,2,1,3,2,0,0,0,0
402,1084920,0,1,73,0,0,2,3,1,6,0,1,3,0,5,1
402,1084921,1,0,28,0,0,3,3,1,6,0,1,1,2,8,1
403,1087397,0,1,30,0,1,0,2,1,5,0,1,3,2,8,1
403,1087398,1,0,23,0,1,0,2,1,2,0,1,1,2,2,1
403,1087399,2,0,2,5,1,0,0,0,0,0,0,0,0,0,0
404,1087397,0,1,30,0,4,2,3,1,6,0,1,1,2,16,1
404,1087398,1,0,20,0,4,3,3,1,7,0,1,1,2,2,1
404,1087399,2,0,3,5,4,3,3,2,0,1,3,0,0,0,0
404,1087300,2,1,9,5,4,0,3,2,1,3,2,0,0,0,0
404,1087301,2,1,6,5,4,0,5,2,1,3,2,0,0,0,0
405,1087397,0,1,30,0,6,2,3,1,5,0,1,1,2,16,1
405,1087398,1,0,23,0,6,2,3,1,2,0,1,1,2,2,1
405,1087399,2,0,2,5,6,0,0,0,0,0,0,0,0,0,0
406,1087397,0,1,30,0,4,3,3,1,7,0,1,1,2,16,1
406,1087398,1,0,20,0,4,3,3,1,2,0,1,1,2,2,1
406,1087399,2,0,3,5,4,3,0,1,0,0,1,0,0,0,0
406,1087300,2,1,8,5,4,0,3,2,1,3,2,0,0,0,0
406,1087301,2,1,2,5,4,0,0,0,0,0,0,0,0,0,0
407,1087397,0,1,30,0,4,2,3,1,7,0,1,1,2,22,1
407,1087398,1,0,23,0,4,2,3,2,2,4,2,0,0,0,0
407,1087399,2,0,7,5,4,0,3,2,1,3,2,0,0,0,0
408,1087397,0,1,30,0,4,2,3,1,7,0,1,1,2,22,1
408,1087398,1,0,29,0,4,3,3,1,2,0,1,1,2,2,1
408,1087399,2,0,2,5,4,3,3,2,0,3,2,0,0,0,0
408,1087300,2,1,8,5,4,0,3,2,1,3,2,0,0,0,0
408,1087901,2,1,3,5,4,0,0,1,0,0,1,0,0,0,0
409,1084397,0,1,28,5,0,0,2,1,7,0,1,1,2,22,1
409,1084398,7,1,20,5,0,0,2,1,9,0,1,1,2,6,1
410,1083992,0,1,33,5,1,0,2,1,6,0,1,3,2,6,2
410,1083993,2,0,9,5,1,0,2,2,1,3,2,0,0,0,0
410,1083994,2,0,6,5,1,0,2,2,0,2,3,0,0,0,0
411,1087397,0,1,30,0,4,3,3,1,7,0,1,1,2,16,1
411,1087398,1,0,20,0,4,3,3,1,2,0,1,1,2,2,1
411,1087399,2,0,7,5,4,3,3,2,1,3,2,0,0,0,0
411,1087400,2,1,8,5,4,0,3,2,1,3,2,0,0,0,0
411,1087401,2,1,3,5,4,0,0,1,0,0,1,0,0,0,0
412,1087397,0,1,30,0,6,2,3,1,5,0,1,1,2,16,1
412,1087398,1,0,23,0,6,2,3,1,2,0,1,1,2,2,1
412,1087399,2,0,7,5,6,0,3,2,1,3,2,0,0,0,0
412,1087200,2,1,9,5,6,0,3,2,1,3,2,0,0,0,0
413,1087397,0,1,30,0,6,2,3,1,6,0,1,1,2,16,1
413,1087398,1,0,23,0,6,2,3,1,2,0,1,1,2,2,1
413,1087399,2,0,7,5,6,0,3,2,1,3,2,0,0,0,0
414,1084397,0,1,43,0,4,2,3,1,6,0,1,1,2,20,2
414,1084398,1,0,20,0,4,3,3,1,6,0,1,1,2,2,1
414,1084399,2,1,7,5,4,3,3,2,1,3,2,0,0,0,0
414,1084300,2,1,8,5,4,0,3,2,1,3,2,0,0,0,0
415,1084397,0,1,28,5,0,0,2,1,7,0,1,1,2,22,1
415,1084398,7,1,20,5,0,0,2,1,9,0,1,1,2,6,1
416,1087397,0,1,30,0,1,0,2,1,7,0,1,3,2,10,1
416,1087398,1,0,23,0,1,0,2,1,2,0,1,1,2,6,1
416,1087399,2,0,7,5,1,0,2,2,1,3,2,0,0,0,0
417,1087397,0,1,30,0,6,2,3,1,5,0,1,1,2,16,1
417,1087398,1,0,23,0,6,2,3,1,6,0,1,1,2,2,1
417,1087399,2,0,7,5,6,0,3,2,0,3,2,0,0,0,0
417,1087300,2,1,9,5,6,0,3,2,1,3,2,0,0,0,0
417,1087301,2,1,8,5,6,0,4,2,1,3,2,0,0,0,0
418,1084377,0,1,28,5,4,2,3,1,7,0,1,1,2,20,1
419,1084377,0,1,28,5,0,0,2,1,7,0,1,1,2,20,1
420,1084927,0,1,33,0,0,0,2,1,6,0,1,1,2,20,1
420,1084928,1,0,29,0,0,0,2,1,9,0,1,1,2,10,1
421,1087397,0,1,30,0,4,2,3,1,7,0,1,1,2,26,1
421,1087398,1,0,29,0,4,3,3,1,6,0,1,1,2,2,1
421,1087399,2,0,7,5,4,3,3,2,1,3,2,0,0,0,0
422,1087397,0,1,30,0,4,2,3,1,7,0,1,1,2,20,1
422,1087398,1,0,20,0,4,3,3,1,2,0,1,1,2,2,1
422,1087399,2,0,7,5,4,3,3,2,1,3,2,0,0,0,0
422,1087300,2,1,8,5,4,0,3,2,1,3,2,0,0,0,0
422,1087301,2,1,1,5,4,0,0,0,0,0,0,0,0,0,0
423,1087397,0,1,30,0,6,2,3,1,5,0,1,1,2,10,2
423,1087398,1,0,23,0,6,2,3,1,5,0,1,1,2,2,1
423,1087399,2,0,1,5,6,0,0,0,0,0,0,0,0,0,0
424,1087397,0,1,30,0,4,2,3,1,7,0,1,1,2,16,1
424,1087398,1,0,20,0,4,2,3,2,7,6,2,1,2,2,1
424,1087399,2,0,7,5,4,0,3,2,1,3,2,0,0,0,0
425,1087397,0,1,30,0,4,0,3,1,7,0,1,1,2,16,1
425,1087398,1,0,20,0,4,2,3,2,7,6,2,1,2,2,1
425,1087399,2,0,7,5,4,0,3,2,1,3,2,0,0,0,0
426,1087397,0,1,30,0,1,0,2,1,7,0,1,3,2,10,2
426,1087398,1,0,23,0,1,0,2,1,2,0,1,1,2,6,2
426,1087399,2,0,2,5,1,0,0,0,0,0,0,0,0,0,0
427,1087397,0,1,30,0,4,3,1,1,0,0,1,3,2,8,1
427,1087398,1,0,23,0,4,3,3,1,2,0,1,1,2,2,1
427,1087399,2,0,13,5,4,3,4,2,2,4,2,0,0,0,0
427,1087300,2,1,8,5,4,0,3,2,1,3,2,0,0,0,0
427,1087301,2,1,6,5,4,0,5,2,1,3,2,0,0,0,0
428,1087397,0,1,30,0,4,2,3,1,7,0,1,1,2,16,1
428,1087398,1,0,23,0,4,2,3,1,9,0,1,1,2,2,1
428,1087399,2,0,2,5,4,0,0,0,0,0,0,0,0,0,0
429,1084920,0,1,33,0,0,2,3,1,6,0,1,1,2,16,1
429,1084921,1,0,29,0,0,3,3,1,9,0,1,1,2,20,1
429,1084922,2,0,3,5,0,0,0,1,0,0,1,0,0,0,0
430,1087397,0,1,30,0,1,0,2,1,7,0,1,1,2,16,1
430,1087398,1,0,23,0,1,0,2,1,2,0,1,1,2,6,1
430,1087399,2,0,2,5,1,0,0,0,0,0,0,0,0,0,0
431,1087397,0,1,30,0,4,3,3,1,7,0,1,1,2,16,1
431,1087398,1,0,22,0,4,3,3,1,2,0,1,1,2,2,1
431,1087399,2,0,7,5,4,3,3,2,1,3,2,0,0,0,0
431,1087900,2,1,8,5,4,0,3,2,1,3,2,0,0,0,0
431,1087901,2,1,3,5,4,0,0,1,0,0,1,0,0,0,0
432,1084377,0,1,28,5,0,0,2,1,7,0,1,1,2,20,2
433,1087397,0,1,30,0,4,2,3,1,7,0,1,1,2,16,1
433,1087398,1,0,20,0,4,2,3,1,2,0,1,1,2,2,1
433,1087399,2,0,7,5,4,0,3,2,1,3,2,0,0,0,0
434,1084397,0,1,28,5,0,0,2,1,7,0,1,1,2,22,1
434,1084398,2,1,9,5,0,0,2,2,1,3,2,0,0,0,0
435,1087397,0,1,30,0,6,2,3,1,5,0,1,1,2,16,1
435,1087398,1,0,23,0,6,2,3,1,2,0,1,1,2,2,1
435,1087399,2,0,7,5,6,0,3,2,1,3,2,0,0,0,0
436,1024920,0,1,32,5,1,0,2,1,7,0,1,3,2,14,1
436,1024921,2,1,7,5,1,0,2,2,0,3,2,0,0,0,0
436,1024922,2,0,11,5,1,0,2,2,1,4,2,0,0,0,0
437,1087397,0,1,30,0,4,2,3,1,6,0,1,1,2,8,1
437,1087398,1,0,20,0,4,3,3,1,2,0,1,1,2,2,1
437,1087399,2,0,7,5,4,3,3,2,0,3,2,0,0,0,0
437,1087300,2,1,8,5,4,0,3,2,1,3,2,0,0,0,0
437,1087301,2,1,3,5,4,0,0,1,0,0,1,0,0,0,0
438,1087397,0,1,30,0,4,2,3,1,7,0,1,1,2,15,1
438,1087398,1,0,20,0,4,3,3,1,2,0,1,1,2,2,1
438,1087399,2,0,7,5,4,3,3,2,1,3,2,0,0,0,0
439,1087397,0,1,30,0,4,2,3,1,7,0,1,1,2,16,1
439,1087398,1,0,23,0,4,3,3,1,2,0,1,1,2,2,1
439,1087399,2,0,3,5,4,3,3,2,0,2,3,0,0,0,0
439,1087300,2,1,8,5,4,0,3,2,1,3,2,0,0,0,0
439,1087301,2,1,6,5,4,0,5,2,1,3,2,0,0,0,0
440,1084397,0,1,28,5,0,0,2,1,7,0,1,1,2,22,1
440,1084398,2,1,9,5,0,0,2,2,1,3,2,0,0,0,0
441,1084377,0,1,28,5,0,0,2,1,7,0,1,1,2,20,1
442,1083992,0,1,33,5,0,2,3,1,6,0,1,3,2,16,2
442,1083993,2,0,9,5,0,0,3,2,1,3,2,0,0,0,0
442,1083994,2,0,1,5,0,0,0,0,0,0,0,0,0,0,0
443,1087397,0,1,30,0,4,3,3,1,7,0,1,1,2,22,1
443,1087398,1,0,23,0,4,3,3,1,2,0,1,1,2,2,1
443,1087399,2,0,7,5,4,3,3,2,1,3,2,0,0,0,0
443,1087300,2,1,6,5,4,0,3,2,1,3,2,0,0,0,0
444,1084397,0,1,28,5,0,0,2,1,7,0,1,1,2,22,1
444,1084398,7,1,20,5,0,0,2,1,9,0,1,1,2,6,1
445,1087397,0,1,30,0,6,2,3,1,5,0,1,1,2,16,1
445,1087398,1,0,23,0,6,2,3,1,2,0,1,1,2,2,1
445,1087399,2,0,7,5,6,0,3,2,1,3,2,0,0,0,0
445,1087900,2,1,9,5,6,0,3,2,1,3,2,0,0,0,0
445,1087901,2,1,6,5,6,0,5,2,1,3,2,0,0,0,0
446,1087397,0,1,30,0,6,2,3,1,5,0,1,1,2,16,1
446,1087398,1,0,23,0,6,2,3,1,2,0,1,1,2,6,1
446,1087399,2,0,7,5,6,0,3,2,1,3,2,0,0,0,0
447,1087397,0,1,30,0,6,2,3,1,5,0,1,1,2,16,1
447,1087398,1,0,23,0,6,2,3,1,2,0,1,1,2,2,1
447,1087399,2,0,7,5,6,0,3,2,1,3,2,0,0,0,0
447,1087900,2,1,9,5,6,0,3,2,1,3,2,0,0,0,0
448,1024920,0,1,32,5,1,0,2,1,7,0,1,3,2,14,1
448,1024921,2,1,7,5,1,0,2,2,1,3,2,0,0,0,0
448,1024922,2,0,11,5,1,0,2,2,1,4,2,0,0,0,0
449,1087397,0,1,30,0,4,2,3,1,7,0,1,1,2,22,1
449,1087398,1,0,29,0,4,3,3,1,2,0,1,1,2,2,1
449,1087399,2,0,7,5,4,3,3,2,1,3,2,0,0,0,0
449,1087300,2,1,8,5,4,0,3,2,1,3,2,0,0,0,0
450,1087397,0,1,30,0,1,0,2,1,5,0,1,1,2,10,2
450,1087398,1,0,23,0,1,0,2,1,2,0,1,1,2,2,1
450,1087399,2,0,7,5,1,0,2,2,1,3,2,0,0,0,0
451,1087397,0,1,30,0,6,2,3,1,6,0,1,1,2,16,1
451,1087398,1,0,23,0,6,2,3,1,2,0,1,1,2,2,1
451,1087399,2,0,7,5,6,0,3,2,1,3,2,0,0,0,0
452,1084377,0,1,28,5,0,0,2,1,7,0,1,1,2,20,1
453,1087397,0,1,30,0,4,3,3,1,7,0,1,1,2,28,1
453,1087398,1,0,20,0,4,3,3,1,2,0,1,1,2,2,1
453,1087399,2,0,2,5,4,3,3,2,0,2,3,0,0,0,0
453,1087300,2,1,9,5,4,0,3,2,1,3,2,0,0,0,0
453,1087301,2,1,6,5,4,0,5,2,1,3,2,0,0,0,0
454,1087397,0,1,30,0,4,2,3,1,7,0,1,1,2,16,1
454,1087398,1,0,20,0,4,2,3,2,2,4,2,1,2,2,1
454,1087399,2,0,7,5,4,0,3,2,1,3,2,0,0,0,0
455,1087397,0,1,30,0,6,2,3,1,5,0,1,1,2,16,1
455,1087398,1,0,23,0,6,2,3,1,2,0,1,1,2,2,1
455,1087399,2,0,7,5,6,0,3,2,1,3,2,0,0,0,0
456,1087397,0,1,30,0,1,0,2,1,5,0,1,3,2,8,1
456,1087398,1,0,23,0,1,0,2,1,2,0,1,1,2,2,1
456,1087399,2,0,2,5,1,0,0,0,0,0,0,0,0,0,0
457,1087397,0,1,30,0,4,2,3,1,7,0,1,1,2,28,1
457,1087398,1,0,29,0,4,3,3,1,6,0,1,1,2,2,1
457,1087399,2,0,7,5,4,3,3,2,1,3,2,0,0,0,0
457,1087300,2,1,8,5,4,0,3,2,1,3,2,0,0,0,0
458,1087397,0,1,30,0,6,2,3,1,5,0,1,1,2,16,1
458,1087398,1,0,23,0,6,2,3,1,2,0,1,1,2,2,1
458,1087399,2,0,7,5,6,0,3,2,1,3,2,0,0,0,0
458,1087400,2,1,9,5,6,0,3,2,1,3,2,0,0,0,0
458,1087401,2,1,1,5,6,0,0,0,0,0,0,0,0,0,0
459,1084920,0,1,33,0,4,2,3,1,7,0,1,1,2,20,1
459,1084921,1,0,20,0,4,3,3,1,9,0,1,1,2,6,1
459,1084922,2,1,3,5,4,0,0,1,0,0,1,0,0,0,0
459,1084923,2,1,8,5,4,0,2,2,1,3,2,0,0,0,0
460,1087397,0,1,30,0,4,2,3,1,7,0,1,1,2,16,1
460,1087398,1,0,20,0,4,2,3,1,2,0,1,1,2,2,1
460,1087399,2,0,7,5,4,0,3,2,1,3,2,0,0,0,0
461,1087397,0,1,30,0,1,0,2,1,7,0,1,1,2,10,2
461,1087398,1,0,23,0,1,0,2,1,2,0,1,1,2,6,1
461,1087399,2,0,2,5,1,0,0,0,0,0,0,0,0,0,0
462,1083992,0,1,33,5,1,0,2,1,6,0,1,3,2,6,2
462,1083993,2,0,19,5,1,0,2,2,2,4,2,0,0,0,0
462,1083994,2,0,9,5,1,0,2,2,1,3,2,0,0,0,0
463,1084377,0,1,28,5,0,0,2,1,7,0,1,1,2,20,1
464,1087397,0,1,30,0,4,2,3,1,7,0,1,1,2,28,1
464,1087398,1,0,29,0,4,3,3,1,2,0,1,1,2,2,1
464,1087399,2,0,7,5,4,3,3,2,1,3,2,0,0,0,0
464,1087900,7,1,35,5,4,3,3,1,6,0,1,2,2,10,1
465,1087397,0,1,30,0,4,2,3,1,7,0,1,1,2,16,1
465,1087398,1,0,20,0,4,2,3,1,2,0,1,1,2,2,1
465,1087399,2,0,7,5,4,0,3,2,1,3,2,0,0,0,0
466,1044375,0,1,43,0,0,0,2,1,6,0,1,1,2,20,2
466,1044376,1,0,37,0,0,0,2,1,9,0,1,1,2,10,1
466,1044377,2,0,8,5,0,0,2,2,1,3,2,0,0,0,0
467,1084397,0,1,28,5,0,0,2,1,7,0,1,1,2,22,1
467,1084398,2,1,9,5,0,0,2,2,1,3,2,0,0,0,0
468,1087397,0,1,30,0,4,2,3,1,7,0,1,1,2,16,1
468,1087398,1,0,29,0,4,3,3,1,6,0,1,1,2,2,1
468,1087399,2,0,4,5,4,3,0,1,0,0,1,0,0,0,0
468,1087900,2,1,9,5,4,0,3,2,1,3,2,0,0,0,0
468,1087901,2,1,4,5,4,0,0,1,0,0,1,0,0,0,0
469,1087397,0,1,30,0,6,2,3,1,6,0,1,1,2,16,1
469,1087398,1,0,23,0,6,2,3,1,2,0,1,1,2,4,1
469,1087399,2,0,7,5,6,0,3,2,1,3,2,0,0,0,0
469,1087900,2,1,9,5,6,0,3,2,1,3,2,0,0,0,0
469,1087901,2,1,1,5,6,0,0,0,0,0,0,0,0,0,0
470,1084920,0,1,73,0,0,2,3,1,6,0,1,3,0,5,1
470,1084921,1,0,20,0,0,3,3,1,6,0,1,1,2,6,1
471,1087397,0,1,30,0,6,2,3,1,5,0,1,1,2,16,1
471,1087398,1,0,23,0,6,2,3,1,2,0,1,1,2,2,1
471,1087399,2,0,7,5,6,0,3,2,1,3,2,0,0,0,0
471,1087300,2,1,9,5,6,0,3,2,1,3,2,0,0,0,0
472,1087397,0,1,30,0,4,2,3,1,7,0,1,1,2,20,1
472,1087398,1,0,20,0,4,2,3,2,7,6,2,1,2,2,1
472,1087399,2,0,7,5,4,0,3,2,1,3,2,0,0,0,0
473,1087397,0,1,30,0,6,2,3,1,6,0,1,1,2,16,1
473,1087398,1,0,23,0,6,2,3,1,2,0,1,1,2,2,1
473,1087399,2,0,7,5,6,0,3,2,1,3,2,0,0,0,0
474,1087397,0,1,38,0,6,2,3,1,5,0,1,1,2,10,2
474,1087398,1,0,23,0,6,2,3,1,2,0,1,1,2,2,1
474,1087399,2,0,7,5,6,0,3,2,1,3,2,0,0,0,0
475,1086944,0,0,38,0,0,0,2,1,6,0,1,1,2,11,1
475,1086945,1,1,37,0,0,0,2,1,6,0,1,1,2,2,1
476,1084397,0,1,28,5,0,0,2,1,7,0,1,1,2,22,1
477,1087397,0,1,30,0,6,2,3,1,5,0,1,3,2,8,1
477,1087398,1,0,23,0,6,2,3,1,2,0,1,1,2,2,1
477,1087399,2,0,7,5,6,0,3,2,0,3,2,0,0,0,0
477,1087300,2,1,9,5,6,0,3,2,1,3,2,0,0,0,0
477,1087301,2,1,4,5,6,0,0,1,0,0,1,0,0,0,0
478,1087397,0,1,30,0,6,2,3,1,5,0,1,1,2,16,1
478,1087398,1,0,23,0,6,2,3,1,6,0,1,1,2,2,1
478,1087399,2,0,7,5,6,0,3,2,1,3,2,0,0,0,0
478,1087900,2,1,9,5,6,0,3,2,1,3,2,0,0,0,0
479,1087397,0,1,30,0,4,2,3,1,7,0,1,1,2,16,1
479,1087398,1,0,20,0,4,2,3,1,2,0,1,1,2,6,1
479,1087399,2,0,7,5,4,0,3,2,1,3,2,0,0,0,0
480,1084920,0,1,32,0,4,2,3,1,7,0,1,1,2,16,1
480,1084921,1,0,20,0,4,3,3,1,9,0,1,1,2,6,1
480,1084922,2,0,3,5,4,0,0,1,0,0,1,0,0,0,0
481,1141421,0,0,41,0,0,0,2,1,5,0,1,1,2,20,1
481,1141422,1,1,42,0,0,0,2,1,9,0,1,1,2,42,1
481,1141423,2,0,8,5,0,0,2,2,0,3,3,0,0,0,0
481,1141424,2,0,9,5,0,0,2,2,1,3,3,0,0,0,0
482,1087397,0,1,30,0,1,0,2,1,6,0,1,3,2,8,1
482,1087398,1,0,23,0,1,0,2,1,2,0,1,1,2,6,1
482,1087399,2,0,2,5,1,0,0,0,0,0,0,0,0,0,0
483,1087397,0,1,30,0,6,2,3,1,5,0,1,1,2,16,1
483,1087398,1,0,23,0,6,2,3,1,2,0,1,1,2,2,1
483,1087399,2,0,2,5,6,0,0,0,0,0,0,0,0,0,0
484,1084397,0,1,28,5,0,0,2,1,7,0,1,1,2,22,1
484,1084398,7,1,20,5,0,0,2,1,9,0,1,1,2,2,1
485,1087397,0,1,30,0,4,2,3,1,7,0,1,1,2,16,1
485,1087398,1,0,23,0,4,3,3,1,2,0,1,1,2,2,1
485,1087399,2,0,7,5,4,3,3,2,1,3,2,0,0,0,0
486,1084377,0,1,28,5,0,0,2,1,7,0,1,1,2,20,1
487,1084377,0,1,28,5,0,0,2,1,7,0,1,1,2,20,1
488,1087397,0,1,30,0,4,2,3,1,6,0,1,1,2,16,1
488,1087398,1,0,20,0,4,2,3,2,7,6,2,1,2,2,1
488,1087399,2,0,7,5,4,0,3,2,1,3,2,0,0,0,0
489,1084397,0,1,28,5,0,0,2,1,7,0,1,1,2,22,1
489,1084398,2,1,9,5,0,0,2,2,1,3,2,0,0,0,0
490,1087397,0,1,30,0,6,2,3,1,5,0,1,1,2,16,1
490,1087398,1,0,23,0,6,2,3,1,2,0,1,1,2,2,1
490,1087399,2,0,3,5,6,0,0,1,0,0,1,0,0,0,0
490,1087900,2,1,9,5,6,0,3,2,1,3,2,0,0,0,0
490,1087901,2,1,1,5,6,0,0,0,0,0,0,0,0,0,0
491,1084920,0,1,33,0,4,2,3,1,7,0,1,1,2,20,1
491,1084921,1,0,20,0,4,3,3,1,9,0,1,1,2,20,1
491,1084922,2,0,3,5,4,0,0,1,0,0,1,0,0,0,0
492,1087397,0,1,30,0,6,2,3,1,5,0,1,1,2,10,2
492,1087398,1,0,23,0,6,2,3,1,2,0,1,1,2,2,1
492,1087399,2,0,7,5,6,0,3,2,1,3,2,0,0,0,0
493,1083992,0,1,33,5,1,0,2,1,7,0,1,2,2,6,2
493,1083993,2,0,9,5,1,0,2,2,1,3,2,0,0,0,0
493,1083994,2,0,1,5,1,0,0,0,0,0,0,0,0,0,0
494,1087397,0,1,30,0,4,2,3,1,7,0,1,1,2,16,1
494,1087398,1,0,23,0,4,2,3,1,2,0,1,1,2,2,1
494,1087399,2,0,7,5,4,0,3,2,1,3,2,0,0,0,0
495,1087397,0,1,30,0,6,2,3,1,6,0,1,1,2,16,1
495,1087398,1,0,23,0,6,2,3,1,2,0,1,1,2,2,1
495,1087399,2,0,7,5,6,0,3,2,1,3,2,0,0,0,0
496,1087397,0,1,30,0,1,0,2,1,6,0,1,3,2,8,1
496,1087398,1,0,23,0,1,0,2,1,2,0,1,1,2,6,1
496,1087399,2,0,2,5,1,0,0,0,0,0,0,0,0,0,0
497,1087397,0,1,30,0,4,2,3,1,7,0,1,1,2,20,1
497,1087398,1,0,20,0,4,3,3,1,7,0,1,1,2,8,1
497,1087399,2,0,7,5,4,3,3,2,1,3,2,0,0,0,0
498,1087397,0,1,30,0,4,2,3,1,7,0,1,1,2,16,1
498,1087398,1,0,23,0,4,2,3,2,2,4,2,1,2,2,1
498,1087399,2,0,7,5,4,0,3,2,1,3,2,0,0,0,0
499,1087397,0,1,30,0,4,2,3,1,7,0,1,1,2,20,1
499,1087398,1,0,20,0,4,3,3,1,2,0,1,1,2,2,1
499,1087399,2,0,7,5,4,3,3,2,1,3,2,0,0,0,0
499,1087300,2,1,8,5,4,0,3,2,1,3,2,0,0,0,0
499,1087301,2,1,3,5,4,0,0,1,0,0,1,0,0,0,0
500,1043377,0,0,49,0,1,0,2,1,6,0,1,1,2,26,1
500,1043378,1,1,44,0,1,0,2,1,6,0,1,1,2,14,1
500,1043379,2,0,18,5,1,0,2,2,5,5,2,3,2,0,1
501,1087397,0,1,30,0,4,2,3,1,7,0,1,1,2,28,1
501,1087398,1,0,20,0,4,3,3,1,2,0,1,1,2,2,1
501,1087399,2,0,7,5,4,3,3,2,1,3,2,0,0,0,0
501,1087300,2,1,9,5,4,0,3,2,1,3,2,0,0,0,0
501,1087301,2,1,4,5,4,0,0,1,0,0,1,0,0,0,0
502,1084377,0,1,28,5,0,0,2,1,7,0,1,1,2,20,1
503,1087397,0,1,30,0,4,2,3,1,7,0,1,1,2,16,1
503,1087398,1,0,20,0,4,2,3,1,2,0,1,1,2,2,1
503,1087399,2,0,2,5,4,0,0,0,0,0,0,0,0,0,0
504,1084397,0,1,28,5,0,0,2,1,7,0,1,1,2,22,1
505,1084920,0,1,73,0,0,2,3,1,6,0,1,3,2,5,1
505,1084921,1,0,37,0,0,3,3,1,6,0,1,1,2,2,1
505,1084922,2,0,14,5,0,3,3,2,2,5,2,0,0,0,0
505,1084923,2,1,11,5,0,0,2,2,2,4,2,0,0,0,0
505,1084924,2,0,7,5,0,0,2,2,1,3,2,0,0,0,0
506,1084920,0,1,43,0,0,2,3,1,6,0,1,1,2,20,1
506,1084921,1,0,37,0,0,3,3,1,6,0,1,1,2,42,1
506,1084922,2,0,14,5,0,0,3,2,2,5,2,0,0,0,0
506,1084923,2,1,11,5,0,0,2,2,2,4,2,0,0,0,0
506,1084924,2,0,7,5,0,0,2,2,1,3,2,0,0,0,0
507,1087397,0,1,30,0,4,2,3,1,7,0,1,1,2,16,1
507,1087398,1,0,20,0,4,3,3,1,2,0,1,1,2,2,1
507,1087399,2,0,6,5,4,3,3,2,1,3,2,0,0,0,0
507,1087300,2,1,9,5,4,0,3,2,1,3,2,0,0,0,0
507,1087301,2,1,3,5,4,0,0,1,0,0,1,0,0,0,0
508,1087397,0,1,30,0,6,2,3,1,5,0,1,1,2,16,1
508,1087398,1,0,23,0,6,2,3,1,2,0,1,1,2,2,1
508,1087399,2,0,7,5,6,0,3,2,1,3,2,0,0,0,0
508,1087200,2,1,9,5,6,0,3,2,1,3,2,0,0,0,0
509,1087397,0,1,30,0,4,2,3,1,7,0,1,1,2,16,1
509,1087398,1,0,20,0,4,2,3,2,2,4,2,1,2,2,1
509,1087399,2,0,7,5,4,0,3,2,1,3,2,0,0,0,0
510,1087397,0,1,30,0,6,2,3,1,5,0,1,1,2,16,1
510,1087398,1,0,23,0,6,2,3,1,2,0,1,1,2,2,1
510,1087399,2,0,7,5,6,0,3,2,1,3,2,0,0,0,0
510,1087300,2,1,9,5,6,0,3,2,1,3,2,0,0,0,0
510,1087301,2,1,8,5,6,0,5,2,1,3,2,0,0,0,0
511,1024920,0,1,32,5,1,0,2,1,7,0,1,3,2,14,1
511,1024921,2,1,7,5,1,0,2,2,0,3,2,0,0,0,0
511,1024922,2,0,11,5,1,0,2,2,1,4,2,0,0,0,0
512,1087397,0,1,30,0,4,3,3,1,7,0,1,1,2,16,1
512,1087398,1,0,20,0,4,3,3,1,2,0,1,1,2,2,1
512,1087399,2,0,3,5,4,3,0,1,0,0,1,0,0,0,0
512,1087300,2,1,8,5,4,0,3,2,1,3,2,0,0,0,0
512,1087301,2,1,6,5,4,0,5,2,1,3,2,0,0,0,0
513,1087397,0,1,30,0,6,2,3,1,5,0,1,1,2,16,1
513,1087398,1,0,20,0,6,2,3,1,2,0,1,1,2,2,1
513,1087399,2,0,7,5,6,0,3,2,1,3,2,0,0,0,0
514,1084920,0,1,33,0,4,2,3,1,7,0,1,1,2,20,1
514,1084921,1,0,20,0,4,3,3,1,9,0,1,1,2,20,1
514,1084922,2,0,3,5,4,0,0,1,0,0,1,0,0,0,0
515,1087397,0,1,30,0,1,0,2,1,6,0,1,3,2,8,1
515,1087398,1,0,23,0,1,0,2,1,2,0,1,1,2,6,1
515,1087399,2,0,2,5,1,0,0,0,0,0,0,0,0,0,0
516,1084920,0,1,33,0,4,2,3,1,7,0,1,1,2,20,1
516,1084921,1,0,25,0,4,3,3,1,9,0,1,1,2,20,1
516,1084922,2,1,3,5,4,0,0,1,0,0,1,0,0,0,0
516,1084923,2,1,2,5,4,0,0,0,0,0,0,0,0,0,0
517,1087397,0,1,30,0,6,2,3,1,5,0,1,1,2,16,1
517,1087398,1,0,23,0,6,2,3,1,2,0,1,1,2,2,1
517,1087399,2,0,2,5,6,0,0,0,0,0,0,0,0,0,0
518,1083992,0,1,33,5,1,0,2,1,6,0,1,3,2,6,2
518,1083993,2,0,9,5,1,0,2,2,1,3,2,0,0,0,0
518,1083994,2,0,1,5,1,0,0,0,0,0,0,0,0,0,0
519,1087397,0,1,30,0,4,2,3,1,7,0,1,1,2,20,1
519,1087398,1,0,20,0,4,3,3,1,7,0,1,1,2,2,1
519,1087399,2,0,2,5,4,3,0,0,0,0,0,0,0,0,0
520,1087397,0,1,30,0,4,3,3,1,7,0,1,1,2,16,1
520,1087398,1,0,23,0,4,3,3,1,2,0,1,1,2,2,1
520,1087399,2,0,2,5,4,3,3,2,0,3,2,0,0,0,0
520,1087300,2,1,8,5,4,0,3,2,1,3,2,0,0,0,0
520,1087301,2,1,4,5,4,0,0,1,0,0,1,0,0,0,0
521,1087397,0,1,30,0,4,2,3,1,7,0,1,1,2,20,1
521,1087398,1,0,20,0,4,3,3,1,2,0,1,1,2,2,1
521,1087399,2,0,7,5,4,3,3,2,1,3,2,0,0,0,0
521,1087300,2,1,8,5,4,0,3,2,1,3,2,0,0,0,0
522,1087397,0,1,30,0,4,2,3,1,7,0,1,1,2,16,1
522,1087398,1,0,20,0,4,2,3,1,2,0,1,1,2,2,1
522,1087399,2,0,7,5,4,0,3,2,1,3,2,0,0,0,0
523,1084920,0,1,32,0,4,2,3,1,7,0,1,1,2,16,1
523,1084921,1,0,29,0,4,3,3,1,9,0,1,1,2,20,1
523,1084922,2,1,3,5,4,0,0,1,0,0,1,0,0,0,0
523,1084923,2,1,8,5,4,0,2,2,1,3,2,0,0,0,0
524,1087397,0,1,30,0,6,2,3,1,6,0,1,1,2,16,1
524,1087398,1,0,23,0,6,2,3,1,2,0,1,1,2,2,1
524,1087399,2,0,7,5,6,0,3,2,1,3,2,0,0,0,0
524,1087200,2,1,9,5,6,0,3,2,1,3,2,0,0,0,0
525,1087397,0,1,30,0,4,2,3,1,6,0,1,1,2,16,1
525,1087398,1,0,20,0,4,2,3,2,7,6,2,1,2,2,1
525,1087399,2,0,7,5,4,0,3,2,1,3,2,0,0,0,0
526,1024920,0,1,41,3,1,0,2,1,7,0,1,1,2,20,1
526,1024921,2,1,7,5,1,0,2,2,1,3,2,0,0,0,0
526,1024922,2,0,11,5,1,0,2,2,1,4,3,0,0,0,0
527,1087397,0,1,30,0,6,2,3,1,5,0,1,1,2,16,1
527,1087398,1,0,23,0,6,2,3,1,2,0,1,1,2,2,1
527,1087399,2,0,7,5,6,0,3,2,1,3,2,0,0,0,0
528,1084920,0,1,33,0,0,2,3,1,6,0,1,1,2,20,1
528,1084921,1,0,28,0,0,3,3,1,6,0,1,1,2,20,1
528,1084922,2,0,7,5,0,0,3,2,1,3,2,0,0,0,0
529,1087397,0,1,30,0,4,2,3,1,7,0,1,1,2,16,1
529,1087398,1,0,20,0,4,3,3,1,2,0,1,1,2,2,1
529,1087399,2,0,7,5,4,3,3,2,1,3,2,0,0,0,0
529,1087300,2,1,8,5,4,0,3,2,1,3,2,0,0,0,0
530,1087397,0,1,30,0,4,2,3,1,7,0,1,1,2,16,1
530,1087398,1,0,20,0,4,2,3,2,7,6,2,1,2,2,1
530,1087399,2,0,3,5,4,0,0,1,0,0,1,0,0,0,0
531,1087397,0,1,30,0,1,0,2,1,6,0,1,3,2,8,1
531,1087398,1,0,23,0,1,0,2,1,2,0,1,1,2,6,1
531,1087399,2,0,2,5,1,0,0,0,0,0,0,0,0,0,0
532,1087397,0,1,30,0,6,2,3,1,5,0,1,1,2,10,2
532,1087398,1,0,23,0,6,2,3,1,2,0,1,1,2,2,1
532,1087399,2,0,2,5,6,0,0,0,0,0,0,0,0,0,0
533,1024920,0,1,32,5,1,0,2,1,7,0,1,3,2,14,1
533,1024921,2,1,7,5,1,0,2,2,1,3,2,0,0,0,0
533,1024922,2,0,11,5,1,0,2,2,1,4,2,0,0,0,0
534,1087397,0,1,30,0,6,2,3,1,5,0,1,1,2,16,1
534,1087398,1,0,20,0,6,2,3,1,6,0,1,1,2,2,1
534,1087399,2,0,2,5,6,0,0,0,0,0,0,0,0,0,0
535,1151377,0,0,59,0,0,2,3,1,6,0,1,1,2,26,1
535,1151378,1,1,55,0,5,2,3,1,6,0,1,1,2,4,1
536,1084377,0,1,28,5,0,0,2,1,7,0,1,1,2,20,1
537,1087397,0,1,30,0,6,2,3,1,5,0,1,1,2,16,1
537,1087398,1,0,23,0,6,2,3,1,2,0,1,1,2,2,1
537,1087399,2,0,7,5,6,0,3,2,1,3,2,0,0,0,0
538,1087397,0,1,30,0,4,2,3,1,7,0,1,1,2,16,1
538,1087398,1,0,20,0,4,2,3,2,2,4,2,1,2,2,1
538,1087399,2,0,7,5,4,0,3,2,1,3,2,0,0,0,0
539,1083992,0,1,33,0,4,2,3,1,9,0,1,1,2,6,2
539,1083993,1,0,39,0,4,3,3,1,9,0,1,1,2,2,1
539,1083994,2,0,8,5,4,3,3,2,1,3,2,0,0,0,0
539,1083995,2,1,9,5,4,0,3,2,1,3,2,0,0,0,0
540,1084730,0,1,43,0,0,2,3,1,6,0,1,1,2,5,2
540,1084731,1,0,38,0,0,3,4,1,6,0,1,1,2,6,2
540,1084732,2,0,14,5,0,3,3,2,2,4,2,0,0,0,0
540,1084733,2,1,8,5,0,0,2,2,1,3,2,0,0,0,0
540,1084734,2,0,1,5,0,0,0,0,0,0,0,0,0,0,0
541,1087397,0,1,30,0,4,2,3,1,7,0,1,1,2,16,1
541,1087398,1,0,20,0,4,2,3,1,2,0,1,1,2,2,1
541,1087399,2,0,7,5,4,0,3,2,1,3,2,0,0,0,0
542,1087397,0,1,30,0,6,2,3,1,5,0,1,1,2,16,1
542,1087398,1,0,23,0,6,2,3,1,2,0,1,1,2,2,1
542,1087399,2,0,7,5,6,0,3,2,1,3,2,0,0,0,0
542,1087300,2,1,8,5,6,0,3,2,1,3,2,0,0,0,0
543,1087397,0,1,30,0,4,2,3,1,7,0,1,1,2,16,1
543,1087398,1,0,20,0,4,3,3,1,2,0,1,1,2,2,1
543,1087399,2,0,7,5,4,0,3,2,1,3,2,0,0,0,0
544,1087397,0,1,30,0,4,2,3,1,7,0,1,1,2,20,1
544,1087398,1,0,20,0,4,3,3,1,2,0,1,1,2,2,1
544,1087399,2,0,3,5,4,3,4,2,1,1,3,0,0,0,0
544,1087300,2,1,8,5,4,0,3,2,1,3,2,0,0,0,0
545,1246375,0,1,18,5,1,0,2,2,5,5,2,3,2,0,2
545,1246376,2,0,9,5,1,0,2,2,1,3,2,0,0,0,0
546,1151377,0,0,59,0,0,2,3,1,6,0,1,1,2,26,1
546,1151378,1,1,55,0,5,2,3,1,6,0,1,1,2,4,1
547,1084377,0,1,28,5,0,0,2,1,7,0,1,1,2,20,1
548,1087397,0,1,30,0,4,2,3,1,7,0,1,1,2,16,1
548,1087398,1,0,20,0,4,2,3,2,7,6,2,1,2,2,1
548,1087399,2,0,7,5,4,0,3,2,1,3,2,0,0,0,0
549,1084397,0,1,28,5,0,0,2,1,7,0,1,1,2,22,1
549,1084398,7,1,20,5,0,0,2,1,9,0,1,1,2,6,1
550,1087397,0,1,30,0,6,2,3,1,5,0,1,1,2,16,1
550,1087398,1,0,23,0,6,2,3,1,2,0,1,1,2,2,1
550,1087399,2,0,2,5,6,0,4,2,0,2,2,0,0,0,0
550,1087300,2,1,9,5,6,0,3,2,1,3,2,0,0,0,0
550,1087301,2,1,6,5,6,0,5,2,1,3,2,0,0,0,0
551,1087397,0,1,30,0,1,0,2,1,7,0,1,3,2,16,1
551,1087398,1,0,23,0,1,0,2,1,2,0,1,1,2,4,1
551,1087399,2,0,2,5,1,0,0,0,0,0,0,0,0,0,0
552,1087397,0,1,30,0,4,2,3,1,7,0,1,1,2,16,1
552,1087398,1,0,29,0,4,3,3,1,2,0,1,1,2,2,1
552,1087399,2,0,7,5,4,3,3,2,1,3,2,0,0,0,0
552,1087300,2,1,8,5,4,0,3,2,1,3,2,0,0,0,0
552,1087301,2,1,3,5,4,0,0,1,0,0,1,0,0,0,0
553,1087397,0,1,30,0,4,2,3,1,7,0,1,1,2,16,1
553,1087398,1,0,20,0,4,3,3,1,6,0,1,1,2,2,1
553,1087399,2,0,7,5,4,3,3,2,1,3,2,0,0,0,0
553,1087300,2,1,9,5,4,0,3,2,1,3,2,0,0,0,0
554,1087397,0,1,30,0,4,3,3,1,7,0,1,1,2,16,1
554,1087398,1,0,20,0,4,3,3,1,2,0,1,1,2,2,1
554,1087399,2,0,4,5,4,3,0,1,0,0,1,0,0,0,0
554,1087300,2,1,8,5,4,0,3,2,1,3,2,0,0,0,0
554,1087401,2,1,6,5,4,0,5,2,1,3,3,0,0,0,0
555,1087397,0,1,30,0,4,2,3,1,7,0,1,1,2,16,1
555,1087398,1,0,20,0,4,2,3,2,7,6,2,1,2,2,1
555,1087399,2,0,2,5,4,0,0,0,0,0,0,0,0,0,0
556,1087397,0,1,30,0,6,2,3,1,6,0,1,1,2,16,1
556,1087398,1,0,22,0,6,2,3,1,5,0,1,1,2,2,1
556,1087399,2,0,2,5,6,0,0,0,0,0,0,0,0,0,0
557,1087397,0,1,30,0,4,2,3,1,7,0,1,1,2,16,1
557,1087398,1,0,20,0,4,3,3,1,2,0,1,1,2,2,1
557,1087399,2,0,7,5,4,3,3,2,1,3,2,0,0,0,0
558,1084927,0,1,31,0,0,0,2,1,7,0,1,1,2,20,1
558,1084928,1,0,20,0,0,0,2,1,9,0,1,1,2,10,1
559,1087397,0,1,30,0,6,2,3,1,6,0,1,1,2,16,1
559,1087398,1,0,23,0,6,2,3,1,2,0,1,1,2,2,1
559,1087399,2,0,7,5,6,0,3,2,1,3,2,0,0,0,0
560,1087397,0,1,30,0,6,2,3,1,5,0,1,1,2,16,1
560,1087398,1,0,23,0,6,2,3,1,2,0,1,1,2,2,1
560,1087399,2,0,2,5,6,0,0,0,0,0,0,0,0,0,0
561,1087397,0,1,30,0,6,2,3,1,5,0,1,1,2,16,1
561,1087398,1,0,23,0,4,2,3,1,2,0,1,1,2,2,1
561,1087399,2,0,7,5,6,0,3,2,1,3,2,0,0,0,0
562,1084377,0,1,28,5,0,0,2,1,7,0,1,1,2,20,1
563,1087397,0,1,30,0,6,2,3,1,5,0,1,1,2,16,1
563,1087398,1,0,23,0,6,2,3,1,2,0,1,1,2,2,1
563,1087399,2,0,7,5,6,0,3,2,1,3,2,0,0,0,0
563,1087300,2,1,9,5,6,0,3,2,1,3,2,0,0,0,0
564,1087397,0,1,30,0,6,2,3,1,5,0,1,1,2,16,1
564,1087398,1,0,23,0,6,2,3,1,2,0,1,1,2,2,1
564,1087399,2,0,2,5,6,0,0,0,0,0,0,0,0,0,0
565,1087397,0,1,30,0,6,2,3,1,5,0,1,1,2,16,1
565,1087398,1,0,23,0,6,2,3,1,2,0,1,1,2,2,1
565,1087399,2,0,2,5,6,0,0,0,0,0,0,0,0,0,0
566,1087397,0,1,30,0,6,2,3,1,5,0,1,1,2,10,2
566,1087398,1,0,23,0,6,2,3,1,2,0,1,1,2,2,1
566,1087399,2,0,7,5,6,0,3,2,1,3,2,0,0,0,0
567,1083397,0,1,38,0,4,3,3,1,7,0,1,1,2,22,1
567,1083398,1,0,29,0,4,3,3,1,6,0,1,1,2,6,1
567,1083399,2,0,13,5,4,3,3,2,2,4,2,0,0,0,0
567,1083300,7,1,30,5,4,3,3,1,6,0,1,2,2,0,1
568,1087397,0,1,30,0,6,2,3,1,5,0,1,1,2,16,1
568,1087398,1,0,23,0,6,2,3,1,2,0,1,1,2,2,1
568,1087399,2,0,7,5,6,0,3,2,1,3,2,0,0,0,0
568,1087300,2,1,9,5,6,0,3,2,1,3,2,0,0,0,0
569,1087397,0,1,30,0,4,2,3,1,7,0,1,1,2,16,1
569,1087398,1,0,20,0,4,3,3,1,2,0,1,1,2,2,1
569,1087399,2,0,2,5,4,3,3,2,0,2,3,0,0,0,0
569,1087300,2,1,8,5,4,0,3,2,1,3,2,0,0,0,0
569,1087301,2,1,1,5,4,0,0,0,0,0,0,0,0,0,0
570,1084920,0,1,33,0,0,2,3,1,6,0,1,1,2,16,1
570,1084921,1,0,29,0,0,3,3,1,9,0,1,1,2,20,1
570,1084922,2,0,14,5,0,0,3,2,2,4,2,0,0,0,0
570,1084923,2,1,9,5,0,0,3,2,1,3,2,0,0,0,0
571,1084397,0,1,28,0,4,2,3,1,7,0,1,1,2,20,1
571,1084398,1,0,20,0,4,3,3,1,6,0,1,1,2,6,1
571,1084399,2,1,3,5,4,0,0,1,0,0,1,0,0,0,0
572,1087397,0,1,30,0,6,2,3,1,5,0,1,1,2,16,1
572,1087398,1,0,23,0,6,2,3,1,2,0,1,1,2,2,1
572,1087399,2,0,7,5,6,0,3,2,1,3,2,0,0,0,0
572,1087300,2,1,9,5,6,0,3,2,1,3,2,0,0,0,0
572,1087301,2,1,6,5,6,0,5,2,1,3,2,0,0,0,0
573,1084920,0,1,32,0,4,2,3,1,7,0,1,1,2,20,1
573,1084921,1,0,20,0,4,3,3,2,9,7,3,1,2,6,1
573,1084922,2,1,3,5,4,0,0,1,0,0,1,0,0,0,0
573,1084923,2,1,8,5,4,0,2,2,1,3,2,0,0,0,0
574,1087397,0,1,30,0,6,2,3,1,5,0,1,1,2,16,1
574,1087398,1,0,23,0,6,2,3,1,2,0,1,1,2,2,1
574,1087399,2,0,7,5,6,0,3,2,1,3,2,0,0,0,0
574,1087300,2,1,8,5,6,0,3,2,1,3,2,0,0,0,0
575,1084377,0,1,28,5,0,0,2,1,7,0,1,1,2,20,1
576,1087397,0,1,30,0,6,2,3,1,5,0,1,1,2,16,1
576,1087398,1,0,23,0,6,2,3,1,2,0,1,1,2,2,1
576,1087399,2,0,7,5,6,0,3,2,1,3,2,0,0,0,0
576,1087900,2,1,9,5,6,0,3,2,1,3,2,0,0,0,0
576,1087901,2,1,1,5,6,0,0,0,0,0,0,0,0,0,0
577,1084920,0,1,32,0,0,0,2,1,6,0,1,1,2,14,1
577,1084921,1,0,29,0,0,0,2,1,9,0,1,1,2,20,1
577,1084922,2,0,3,5,0,0,0,1,0,0,1,0,0,0,0
578,1087397,0,1,30,0,4,2,3,1,7,0,1,1,2,16,1
578,1087398,1,0,23,0,4,3,3,1,2,0,1,1,2,2,1
578,1087399,2,0,7,5,4,3,3,2,1,3,2,0,0,0,0
578,1087300,2,1,8,5,4,0,3,2,1,3,2,0,0,0,0
579,1087397,0,1,30,0,4,2,3,1,7,0,1,1,2,22,1
579,1087398,1,0,20,0,4,2,3,2,7,6,2,1,2,2,1
579,1087399,2,0,7,5,4,0,3,2,1,3,2,0,0,0,0
580,1087397,0,1,30,0,6,2,3,1,5,0,1,1,2,16,1
580,1087398,1,0,23,0,6,2,3,1,2,0,1,1,2,2,1
580,1087399,2,0,7,5,6,0,3,2,1,3,2,0,0,0,0
580,1087900,2,1,9,5,6,0,3,2,1,3,2,0,0,0,0
581,1084920,0,1,33,0,4,2,3,1,7,0,1,1,2,20,1
581,1084921,1,0,20,0,4,3,3,1,9,0,1,1,2,20,1
581,1084922,2,0,3,5,4,0,0,1,0,0,1,0,0,0,0
582,1087397,0,1,30,0,4,2,3,1,7,0,1,1,2,16,1
582,1087398,1,0,20,0,4,2,3,1,2,0,1,1,2,2,1
582,1087399,2,0,7,5,4,0,3,2,1,3,2,0,0,0,0
583,1087397,0,1,30,0,4,2,3,1,7,0,1,1,2,16,1
583,1087398,1,0,20,0,4,3,3,1,2,0,1,1,2,2,1
583,1087399,2,0,7,5,4,3,3,2,1,3,2,0,0,0,0
583,1087300,2,1,9,5,4,0,3,2,1,3,2,0,0,0,0
583,1087301,2,1,1,5,4,0,0,0,0,0,0,0,0,0,0
584,1084377,0,1,28,5,0,0,2,1,7,0,1,1,2,20,1
585,1024920,0,1,32,5,1,0,2,1,7,0,1,3,2,14,1
585,1024921,2,1,7,5,1,0,2,2,0,3,2,0,0,0,0
585,1024922,2,0,11,5,1,0,2,2,1,4,2,0,0,0,0
586,1087397,0,1,30,0,2,0,3,1,6,0,1,1,2,16,1
586,1087398,1,0,23,0,4,2,3,1,2,0,1,1,2,2,1
586,1087399,2,0,2,5,4,0,0,0,0,0,0,0,0,0,0
587,1087397,0,1,30,0,4,2,3,1,7,0,1,1,2,16,1
587,1087398,1,0,20,0,4,3,3,1,2,0,1,1,2,2,1
587,1087399,2,0,7,5,4,3,3,2,1,3,2,0,0,0,0
588,1087397,0,1,30,0,4,2,3,1,6,0,1,1,2,16,1
588,1087398,1,0,20,0,4,3,3,2,2,4,2,1,2,2,1
588,1087399,2,0,7,5,4,3,3,2,1,3,2,0,0,0,0
589,1087397,0,1,30,0,6,2,3,1,5,0,1,1,2,16,1
589,1087398,1,0,23,0,6,2,3,1,2,0,1,1,2,2,1
589,1087399,2,0,3,5,6,0,0,1,0,0,1,0,0,0,0
589,1087900,2,1,9,5,6,0,3,2,1,3,2,0,0,0,0
589,1087901,2,1,1,5,6,0,0,0,0,0,0,0,0,0,0
590,1087397,0,1,30,0,4,2,3,1,7,0,1,1,2,26,1
590,1087398,1,0,20,0,4,2,3,2,2,4,2,1,2,2,1
590,1087399,2,0,7,5,4,0,3,2,1,3,2,0,0,0,0
591,1087397,0,1,30,0,6,2,3,1,5,0,1,1,2,16,1
591,1087398,1,0,23,0,4,2,3,1,2,0,1,1,2,2,1
591,1087399,2,0,7,5,6,0,3,2,1,3,2,0,0,0,0
592,1087397,0,1,30,0,1,0,2,1,7,0,1,3,2,10,2
592,1087398,1,0,23,0,1,0,2,1,2,0,1,1,2,6,1
592,1087399,2,0,2,5,1,0,0,0,0,0,0,0,0,0,0
593,1087397,0,1,30,0,1,0,2,1,5,0,1,3,2,10,2
593,1087398,1,0,23,0,1,0,2,1,2,0,1,1,2,2,1
593,1087399,2,0,6,5,1,0,2,2,0,2,3,0,0,0,0
594,1087397,0,1,30,0,6,2,3,1,5,0,1,1,2,16,1
594,1087398,1,0,23,0,6,2,3,1,2,0,1,1,2,2,1
594,1087399,2,0,7,5,6,0,3,2,1,3,2,0,0,0,0
595,1087397,0,1,30,0,4,2,3,1,6,0,1,1,2,16,1
595,1087398,1,0,20,0,4,2,3,2,7,6,2,1,2,2,1
595,1087399,2,0,7,5,4,0,3,2,1,3,2,0,0,0,0
596,1084920,0,1,32,0,4,2,3,1,7,0,1,1,2,20,1
596,1084921,1,0,20,0,4,3,3,1,9,0,1,1,2,20,1
596,1084922,2,0,3,5,4,0,0,1,0,0,1,0,0,0,0
596,1084923,2,1,2,5,4,0,0,0,0,0,0,0,0,0,0
597,1084920,0,1,43,0,0,2,3,1,6,0,1,1,2,20,1
597,1084921,1,0,38,0,0,3,3,1,6,0,1,1,2,40,1
597,1084922,2,0,14,5,0,0,3,2,2,4,2,0,0,0,0
597,1084923,2,1,8,5,0,0,2,2,1,3,2,0,0,0,0
598,1084920,0,1,45,0,0,2,3,1,6,0,1,1,2,20,1
598,1084921,1,0,37,0,0,3,3,1,6,0,1,1,2,42,1
598,1084922,2,0,14,5,0,0,3,2,2,5,2,0,0,0,0
598,1084923,2,1,11,5,0,0,2,2,2,4,2,0,0,0,0
598,1084924,2,0,7,5,0,0,2,2,1,3,2,0,0,0,0
599,1087397,0,1,30,0,4,3,3,1,6,0,1,1,2,8,1
599,1087398,1,0,23,0,4,3,3,1,2,0,1,1,2,2,1
599,1087399,2,0,2,5,4,3,3,2,0,2,3,0,0,0,0
599,1087300,2,1,9,5,4,0,3,2,1,3,2,0,0,0,0
599,1087301,2,1,6,5,4,0,5,2,1,3,2,0,0,0,0
600,1087397,0,1,30,0,4,0,3,1,7,0,1,1,2,22,1
600,1087398,1,0,20,0,4,3,3,1,2,0,1,1,2,2,1
600,1087399,2,0,7,5,4,3,3,2,1,3,2,0,0,0,0
601,1087397,0,1,30,0,6,2,3,1,6,0,1,1,2,16,1
601,1087398,1,0,23,0,6,2,3,1,2,0,1,1,2,2,1
601,1087399,2,0,7,5,6,0,3,2,1,3,2,0,0,0,0
602,1087397,0,1,30,0,4,2,3,1,7,0,1,1,2,16,1
602,1087398,1,0,20,0,4,2,3,1,2,0,1,1,2,2,1
602,1087399,2,0,7,5,4,0,3,2,1,3,2,0,0,0,0
603,1087397,0,1,30,0,4,2,3,1,7,0,1,1,2,16,1
603,1087398,1,0,29,0,4,2,3,1,6,0,1,1,2,2,1
603,1087399,2,0,7,5,4,3,3,2,1,3,2,0,0,0,0
604,1083992,0,1,33,5,1,0,2,1,6,0,1,3,2,6,2
604,1083993,2,0,9,5,1,0,2,2,1,3,2,0,0,0,0
604,1083994,2,0,1,5,1,0,0,0,0,0,0,0,0,0,0
605,1087397,0,1,30,0,4,2,3,1,7,0,1,1,2,20,1
605,1087398,1,0,29,0,4,3,3,1,6,0,1,1,2,2,1
605,1087399,2,0,7,5,4,3,3,2,1,3,2,0,0,0,0
605,1087300,2,1,8,5,4,0,3,2,1,3,2,0,0,0,0
606,1087397,0,1,30,0,4,2,3,1,7,0,1,1,2,22,1
606,1087398,1,0,20,0,4,3,3,1,2,0,1,1,2,2,1
606,1087399,2,0,7,5,4,3,3,2,1,3,2,0,0,0,0
607,1087397,0,1,30,0,4,2,3,1,7,0,1,1,2,16,1
607,1087398,1,0,20,0,4,2,3,2,2,4,2,0,0,0,0
607,1087399,2,0,3,5,4,0,0,1,0,0,1,0,0,0,0
608,1087397,0,1,30,0,6,2,3,1,5,0,1,1,2,16,1
608,1087398,1,0,23,0,6,2,3,1,2,0,1,1,2,2,1
608,1087399,2,0,7,5,6,0,3,2,1,3,2,0,0,0,0
609,1087397,0,1,30,0,6,2,3,1,5,0,1,1,2,16,1
609,1087398,1,0,23,0,6,2,3,1,2,0,1,1,2,2,1
609,1087399,2,0,7,5,6,0,3,2,1,3,2,0,0,0,0
609,1087900,2,1,9,5,6,0,3,2,1,3,2,0,0,0,0
609,1087901,2,1,1,5,6,0,0,0,0,0,0,0,0,0,0
610,1087397,0,1,30,0,4,2,3,1,7,0,1,1,2,16,1
610,1087398,1,0,20,0,4,2,3,1,2,0,1,1,2,2,1
610,1087399,2,0,7,5,4,0,3,2,1,3,2,0,0,0,0
611,1087397,0,1,30,0,4,2,3,1,6,0,1,1,2,16,1
611,1087398,1,0,20,0,4,3,3,1,5,0,1,1,2,2,1
611,1087399,2,0,7,5,4,3,3,2,1,3,2,0,0,0,0
611,1087300,2,1,9,5,4,0,3,2,1,3,2,0,0,0,0
611,1087301,2,1,6,5,4,0,5,2,1,3,2,0,0,0,0
612,1083992,0,1,33,5,4,2,3,1,9,0,1,1,2,8,1
612,1083993,2,1,9,5,4,0,3,2,1,3,2,0,0,0,0
612,1083994,2,0,6,5,4,0,3,2,0,3,2,0,0,0,0
613,1084397,0,1,28,5,0,0,2,1,7,0,1,1,2,22,1
613,1084398,2,1,9,5,0,0,2,2,1,3,2,0,0,0,0
614,1083397,0,1,37,0,4,2,3,1,6,0,1,1,2,22,1
614,1083398,1,0,29,0,4,3,3,1,6,0,1,1,2,6,1
614,1083399,2,1,7,5,4,3,3,2,1,3,2,0,0,0,0
614,1083300,7,1,31,5,4,3,3,1,6,0,1,2,2,10,1
615,1084397,0,1,28,5,0,0,2,1,7,0,1,1,2,22,1
615,1084398,7,1,20,5,0,0,2,1,9,0,1,1,2,2,1
616,1084377,0,1,28,5,0,0,2,1,7,0,1,1,2,20,2
617,1087397,0,1,30,0,6,2,3,1,5,0,1,1,2,16,1
617,1087398,1,0,23,0,6,2,3,1,2,0,1,1,2,2,1
617,1087399,2,0,7,5,6,0,3,2,1,3,2,0,0,0,0
617,1087300,2,1,9,5,6,0,3,2,1,3,2,0,0,0,0
617,1087301,2,1,1,5,6,0,0,0,0,0,0,0,0,0,0
618,1087397,0,1,30,0,6,2,3,1,5,0,1,1,2,16,2
618,1087398,1,0,23,0,6,2,3,1,2,0,1,1,2,2,1
618,1087399,2,0,7,5,6,0,3,2,1,3,2,0,0,0,0
619,1087397,0,1,30,0,6,2,3,1,5,0,1,1,2,16,1
619,1087398,1,0,23,0,6,2,3,1,2,0,1,1,2,2,1
619,1087399,2,0,7,5,6,0,3,2,1,3,2,0,0,0,0
619,1087300,2,1,9,5,6,0,3,2,1,3,2,0,0,0,0
620,1084397,0,1,43,0,4,2,3,1,6,0,1,1,2,28,1
620,1084398,1,0,20,0,4,3,3,1,6,0,1,1,2,6,1
620,1084399,2,1,17,5,4,3,3,2,5,5,2,1,2,0,1
620,1084300,2,1,14,5,4,0,3,2,2,5,2,0,0,0,0
620,1084301,2,1,11,5,4,0,3,2,1,3,2,0,0,0,0
621,1087397,0,1,30,0,4,2,3,1,7,0,1,1,2,20,1
621,1087398,1,0,29,0,4,3,3,1,6,0,1,1,2,2,1
621,1087399,2,0,7,5,4,3,3,2,1,3,2,0,0,0,0
621,1087300,2,1,8,5,4,0,3,2,1,3,2,0,0,0,0
622,1087397,0,1,30,0,6,2,3,1,5,0,1,1,2,16,1
622,1087398,1,0,23,0,6,2,3,1,2,0,1,1,2,2,1
622,1087399,2,0,7,5,6,0,3,2,1,3,2,0,0,0,0
622,1087300,2,1,9,5,6,0,3,2,1,3,2,0,0,0,0
622,1087301,2,1,1,5,6,0,0,0,0,0,0,0,0,0,0
623,1087397,0,1,30,0,6,2,3,1,5,0,1,1,2,16,1
623,1087398,1,0,23,0,6,2,3,1,2,0,1,1,2,2,1
623,1087399,2,0,2,5,6,0,0,0,0,0,0,0,0,0,0
624,1087397,0,1,30,0,1,0,2,1,6,0,1,1,2,16,1
624,1087398,1,0,23,0,1,0,2,1,2,0,1,1,2,6,1
624,1087399,2,0,2,5,1,0,0,0,0,0,0,0,0,0,0
625,1087397,0,1,30,0,4,3,3,1,7,0,1,1,2,16,1
625,1087398,1,0,20,0,4,3,3,1,2,0,1,1,2,2,1
625,1087399,2,0,7,5,4,3,3,2,1,3,2,0,0,0,0
625,1087900,2,1,9,5,4,0,3,2,1,3,2,0,0,0,0
625,1087901,2,1,1,5,4,0,0,0,0,0,0,0,0,0,0
626,1013397,0,1,28,5,0,0,2,1,7,0,1,1,2,10,1
626,1013398,7,0,20,5,0,0,2,1,9,0,1,1,2,6,1
627,1084920,0,1,43,0,4,2,3,1,7,0,1,1,2,20,1
627,1084921,1,0,38,0,4,3,3,1,9,0,1,1,2,8,1
627,1084922,2,1,7,5,4,0,3,2,0,3,2,0,0,0,0
627,1084923,2,1,8,5,4,0,2,2,1,3,2,0,0,0,0
628,1087397,0,1,30,0,6,2,3,1,5,0,1,1,2,16,1
628,1087398,1,0,23,0,6,2,3,1,2,0,1,1,2,2,1
628,1087399,2,0,2,5,6,0,0,0,0,0,0,0,0,0,0
629,1087397,0,1,30,0,4,3,3,1,7,0,1,1,2,16,1
629,1087398,1,0,23,0,4,3,3,1,2,0,1,1,2,2,1
629,1087399,2,0,7,5,4,3,3,2,1,3,2,0,0,0,0
629,1087300,2,1,9,5,4,0,3,2,1,3,2,0,0,0,0
629,1087301,2,1,1,5,4,0,0,0,0,0,0,0,0,0,0
630,1087397,0,1,30,0,6,2,3,1,5,0,1,1,2,16,1
630,1087398,1,0,23,0,6,2,3,1,2,0,1,1,2,2,1
630,1087399,2,0,7,5,6,0,3,2,1,3,2,0,0,0,0
631,1013397,0,1,28,5,0,0,2,1,7,0,1,1,2,10,1
632,1087397,0,1,30,0,2,0,3,1,6,0,1,1,2,10,1
632,1087398,1,0,23,0,0,0,2,1,2,0,1,1,2,2,1
632,1087399,2,0,7,5,0,0,2,2,1,3,2,0,0,0,0
633,1087397,0,1,30,0,6,2,3,1,5,0,1,1,2,16,1
633,1087398,1,0,23,0,6,2,3,1,2,0,1,1,2,2,1
633,1087399,2,0,3,5,6,0,0,1,0,0,1,0,0,0,0
633,1087300,2,1,9,5,6,0,3,2,1,3,2,0,0,0,0
633,1087301,2,1,1,5,6,0,0,0,0,0,0,0,0,0,0
634,1083397,0,1,28,5,0,0,2,1,7,0,1,1,2,22,1
634,1083398,7,0,29,5,0,0,2,1,9,0,1,1,2,6,1
635,1087397,0,1,30,0,4,2,3,1,7,0,1,1,2,16,1
635,1087398,1,0,20,0,4,2,3,2,7,6,2,1,2,2,1
635,1087399,2,0,7,5,4,0,3,2,1,3,2,0,0,0,0
636,1084375,0,1,44,0,0,2,3,1,6,0,1,1,2,26,2
636,1084376,1,0,34,0,0,0,2,1,6,0,1,1,2,10,1
636,1084377,2,0,14,5,0,0,2,2,2,5,2,0,0,0,0
636,1084378,2,1,13,5,0,0,2,2,2,4,2,0,0,0,0
636,1084379,2,1,7,5,0,0,2,2,1,3,2,0,0,0,0
637,1024920,0,1,32,5,1,0,2,1,7,0,1,3,2,14,1
637,1024921,2,1,7,5,1,0,2,2,0,3,2,0,0,0,0
637,1024922,2,0,11,5,1,0,2,2,1,4,2,0,0,0,0
638,1087397,0,1,30,0,4,3,3,1,7,0,1,1,2,16,1
638,1087398,1,0,20,0,4,3,3,1,2,0,1,1,2,2,1
638,1087399,2,0,7,5,4,3,3,2,1,3,2,0,0,0,0
638,1087300,2,1,9,5,4,0,3,2,1,3,2,0,0,0,0
638,1087301,2,1,6,5,4,0,5,2,1,3,2,0,0,0,0
639,1083992,0,1,33,5,0,2,3,1,6,0,1,1,2,16,2
639,1083993,2,1,9,5,0,0,3,2,1,3,2,0,0,0,0
639,1083994,2,0,5,5,0,0,4,2,0,2,3,0,0,0,0
640,1084920,0,1,33,0,0,2,3,1,6,0,1,1,2,16,1
640,1084921,1,0,29,0,0,3,3,1,9,0,1,1,2,20,1
641,1087397,0,1,30,0,1,0,2,1,7,0,1,3,2,10,1
641,1087398,1,0,23,0,1,0,2,1,2,0,1,1,2,6,1
641,1087399,2,0,2,5,1,0,0,0,0,0,0,0,0,0,0
642,1087397,0,1,30,0,6,2,3,1,5,0,1,1,2,16,1
642,1087398,1,0,23,0,6,2,3,1,2,0,1,1,2,2,1
642,1087399,2,0,7,5,6,0,3,2,1,3,2,0,0,0,0
643,1087397,0,1,30,0,1,0,2,1,7,0,1,3,2,10,2
643,1087398,1,0,23,0,1,0,2,1,2,0,1,1,2,6,1
643,1087399,2,0,2,5,1,0,0,0,0,0,0,0,0,0,0
644,1084309,0,1,43,0,0,2,3,1,6,0,1,1,2,20,2
644,1084310,1,0,39,0,0,3,3,1,6,0,1,1,2,50,1
644,1084311,2,1,4,5,0,0,0,1,0,0,1,0,0,0,0
644,1084312,2,1,8,5,0,0,2,2,1,3,2,0,0,0,0
644,1084313,2,1,1,5,0,0,0,0,0,0,0,0,0,0,0
645,1087397,0,1,30,0,4,2,3,1,7,0,1,1,2,16,1
645,1087398,1,0,20,0,4,2,3,1,2,0,1,1,2,2,1
645,1087399,2,0,7,5,4,0,3,2,1,3,2,0,0,0,0
646,1087397,0,1,30,0,4,2,3,1,7,0,1,1,2,16,1
646,1087398,1,0,20,0,4,3,3,1,2,0,1,1,2,2,1
646,1087399,2,0,7,5,4,3,3,2,1,3,2,0,0,0,0
647,1084922,0,1,30,5,1,0,2,1,7,0,1,1,2,22,1
647,1084923,2,1,7,5,1,0,2,2,0,3,2,0,0,0,0
647,1084924,2,0,3,5,1,0,0,1,0,0,1,0,0,0,0
648,1084377,0,1,28,5,0,0,2,1,7,0,1,1,2,20,2
649,1084920,0,1,43,0,0,2,3,1,6,0,1,1,2,20,1
649,1084921,1,0,38,0,0,3,3,1,6,0,1,1,2,42,1
649,1084922,2,0,14,5,0,0,3,2,2,4,2,0,0,0,0
649,1084923,2,1,9,5,0,0,3,2,1,3,2,0,0,0,0
649,1084924,2,1,7,5,0,0,2,2,1,3,2,0,0,0,0
650,1083992,0,1,33,5,0,2,3,1,6,0,1,3,2,16,2
650,1083993,2,1,9,5,0,0,3,2,1,3,2,0,0,0,0
650,1083994,2,0,1,5,0,0,0,0,0,0,0,0,0,0,0
651,1084920,0,1,33,0,4,2,3,1,7,0,1,1,2,20,1
651,1084921,1,0,29,0,4,3,3,1,9,0,1,1,2,20,1
651,1084922,2,1,3,5,4,0,0,1,0,0,1,0,0,0,0
651,1084923,2,1,2,5,4,0,0,0,0,0,0,0,0,0,0
652,1087397,0,1,30,0,4,2,3,1,7,0,1,1,2,16,1
652,1087398,1,0,29,0,4,3,3,1,6,0,1,1,2,2,1
652,1087399,2,0,7,5,4,3,3,2,1,3,2,0,0,0,0
652,1087300,2,1,9,5,4,0,3,2,1,3,2,0,0,0,0
653,1087397,0,1,30,0,4,2,3,1,7,0,1,1,2,16,1
653,1087398,1,0,23,0,4,3,3,1,2,0,1,1,2,6,1
653,1087399,2,0,7,5,4,3,3,2,1,3,2,0,0,0,0
653,1087300,2,1,3,5,4,0,0,1,0,0,1,0,0,0,0
653,1087301,2,1,6,5,4,0,5,2,1,3,2,0,0,0,0
654,1087397,0,1,30,0,6,2,3,1,5,0,1,1,2,16,1
654,1087398,1,0,23,0,6,2,3,1,2,0,1,1,2,2,1
654,1087399,2,0,7,5,6,0,3,2,1,3,2,0,0,0,0
654,1087300,2,1,9,5,6,0,3,2,1,3,2,0,0,0,0
655,1087397,0,1,30,0,4,2,3,1,7,0,1,1,2,16,1
655,1087398,1,0,20,0,4,2,3,1,2,0,1,1,2,2,1
655,1087399,2,0,7,5,4,0,3,2,1,3,2,0,0,0,0
656,1087397,0,1,30,0,6,2,3,1,5,0,1,1,2,16,1
656,1087398,1,0,23,0,6,2,3,1,2,0,1,1,2,2,1
656,1087399,2,0,7,5,6,0,3,2,1,3,2,0,0,0,0
656,1087900,2,1,9,5,6,0,3,2,1,3,2,0,0,0,0
657,1084377,0,1,28,5,1,0,2,1,7,0,1,1,2,20,2
657,1084378,7,1,23,5,1,0,2,1,9,0,1,1,2,6,1
658,1087397,0,1,30,0,4,2,3,1,7,0,1,1,2,16,1
658,1087398,1,0,29,0,4,2,3,1,6,0,1,1,2,2,1
658,1087399,2,0,7,5,4,0,3,2,1,3,2,0,0,0,0
659,1083992,0,1,33,5,0,2,3,1,6,0,1,1,2,16,2
659,1083993,2,1,9,5,0,0,3,2,1,3,2,0,0,0,0
659,1083994,2,0,1,5,0,0,0,0,0,0,0,0,0,0,0
660,1084397,0,1,28,5,0,0,2,1,7,0,1,1,2,22,1
660,1084398,7,1,20,5,0,0,2,1,9,0,1,1,2,6,1
661,1084397,0,1,28,5,0,0,2,1,7,0,1,1,2,22,1
661,1084398,7,1,20,5,0,0,2,1,9,0,1,1,2,6,1
662,1087397,0,1,30,0,4,2,3,1,7,0,1,1,2,16,1
662,1087398,1,0,29,0,4,3,3,1,6,0,1,1,2,2,1
662,1087399,2,0,7,5,4,3,3,2,1,3,2,0,0,0,0
663,1087397,0,1,30,0,4,2,3,1,7,0,1,1,2,16,1
663,1087398,1,0,20,0,4,2,3,2,2,4,2,1,2,2,1
663,1087399,2,0,7,5,4,0,3,2,1,3,2,0,0,0,0
664,1087397,0,1,30,0,6,2,3,1,5,0,1,1,2,16,1
664,1087398,1,0,23,0,6,2,3,1,2,0,1,1,2,2,1
664,1087399,2,0,7,5,6,0,3,2,1,3,2,0,0,0,0
664,1087900,2,1,9,5,6,0,3,2,1,3,2,0,0,0,0
665,1087397,0,1,30,0,6,2,3,1,5,0,1,1,2,16,1
665,1087398,1,0,23,0,6,2,3,1,2,0,1,1,2,2,1
665,1087399,2,0,2,5,6,0,0,0,0,0,0,0,0,0,0
666,1087397,0,1,30,0,4,2,3,1,7,0,1,1,2,16,1
666,1087398,1,0,20,0,4,2,3,1,2,0,1,1,2,2,1
666,1087399,2,0,2,5,4,0,0,0,0,0,0,0,0,0,0
667,1087397,0,1,30,0,4,2,3,1,7,0,1,1,2,16,1
667,1087398,1,0,20,0,4,2,3,2,2,7,2,1,2,2,1
667,1087399,2,0,4,5,4,0,0,1,0,0,1,0,0,0,0
668,1083992,0,1,33,5,1,0,2,1,9,0,1,1,2,6,2
668,1083993,2,0,9,5,1,0,2,2,1,3,2,0,0,0,0
668,1083994,2,0,1,5,1,0,0,0,0,0,0,0,0,0,0
669,1087397,0,1,30,0,1,0,2,1,7,0,1,3,2,18,1
669,1087398,1,0,23,0,1,0,2,1,2,0,1,1,2,6,1
669,1087399,2,0,7,5,1,0,2,2,1,3,2,0,0,0,0
670,1087397,0,1,30,0,4,3,3,1,7,0,1,1,2,16,1
670,1087398,1,0,23,0,4,3,3,1,2,0,1,1,2,2,1
670,1087399,2,0,7,5,4,3,3,2,1,3,2,0,0,0,0
670,1087300,2,1,8,5,4,0,3,2,1,3,2,0,0,0,0
671,1087397,0,1,30,0,4,2,3,1,7,0,1,1,2,16,1
671,1087398,1,0,20,0,4,2,3,2,7,6,2,1,2,2,1
671,1087399,2,0,7,5,4,0,3,2,1,3,2,0,0,0,0
672,1087397,0,1,30,0,1,0,2,1,6,0,1,1,2,16,1
672,1087398,1,0,23,0,1,0,2,1,2,0,1,1,2,2,1
672,1087399,2,0,2,5,1,0,0,0,0,0,0,0,0,0,0
673,1087397,0,1,30,0,4,0,3,1,7,0,1,1,2,22,1
673,1087398,1,0,20,0,4,3,3,1,6,0,1,1,2,2,1
673,1087399,2,0,7,5,4,3,3,2,1,3,2,0,0,0,0
674,1084920,0,1,33,0,4,2,3,1,7,0,1,1,2,20,1
674,1084921,1,0,20,0,4,3,3,1,9,0,1,1,2,20,1
674,1084922,2,0,3,5,4,0,0,1,0,0,1,0,0,0,0
675,1084920,0,1,33,0,0,2,3,1,6,0,1,1,2,16,1
675,1084921,1,0,29,0,0,3,3,1,9,0,1,1,2,20,1
675,1084922,2,1,4,5,0,0,0,1,0,0,1,0,0,0,0
675,1084923,2,1,8,5,0,0,2,2,1,3,2,0,0,0,0
676,1084377,0,1,28,5,0,0,2,1,7,0,1,1,2,20,2
677,1083397,0,1,28,5,0,0,2,1,7,0,1,1,2,10,1
677,1083398,7,0,24,5,0,0,2,1,9,0,1,1,2,6,1
678,1087397,0,1,30,0,4,2,3,1,7,0,1,1,2,28,1
678,1087398,1,0,20,0,4,3,3,1,2,0,1,1,2,2,1
678,1087399,2,0,7,5,4,3,3,2,1,3,2,0,0,0,0
678,1087300,2,1,8,5,4,0,3,2,1,3,2,0,0,0,0
679,1084377,0,1,28,5,0,0,2,1,7,0,1,1,2,20,1
680,1084377,0,1,28,5,0,0,2,1,7,0,1,1,2,20,1
681,1024920,0,1,41,3,1,0,2,1,7,0,1,1,2,20,1
681,1024921,2,1,7,5,1,0,2,2,1,3,2,0,0,0,0
681,1024922,2,0,11,5,1,0,2,2,1,4,3,0,0,0,0
682,1087397,0,1,30,0,4,2,3,1,7,0,1,1,2,16,1
682,1087398,1,0,26,0,4,2,3,1,6,0,1,1,2,2,1
682,1087399,2,0,7,5,4,0,3,2,1,3,2,0,0,0,0
683,1083992,0,1,33,5,0,2,3,1,6,0,1,3,2,16,2
683,1083993,2,1,9,5,0,0,3,2,1,3,2,0,0,0,0
683,1083994,2,0,1,5,0,0,0,0,0,0,0,0,0,0,0
684,1083992,0,1,33,5,0,2,3,1,6,0,1,1,2,16,2
684,1083993,2,1,9,5,0,0,3,2,1,3,2,0,0,0,0
684,1083994,2,0,1,5,0,0,0,0,0,0,0,0,0,0,0
685,1083992,0,1,33,5,1,0,2,1,7,0,1,3,2,16,2
685,1083993,2,1,9,5,1,0,2,2,1,3,2,0,0,0,0
685,1083994,2,0,6,5,1,0,2,2,0,3,2,0,0,0,0
686,1087397,0,1,30,0,6,2,3,1,5,0,1,1,2,16,1
686,1087398,1,0,23,0,6,2,3,1,2,0,1,1,2,2,1
686,1087399,2,0,3,5,6,0,0,1,0,0,1,0,0,0,0
686,1087300,2,1,8,5,6,0,3,2,1,3,2,0,0,0,0
686,1087301,2,1,6,5,6,0,5,2,1,3,2,0,0,0,0
687,1084920,0,1,33,0,4,2,3,1,7,0,1,1,2,20,1
687,1084921,1,0,20,0,4,3,3,1,9,0,1,1,2,20,1
687,1084922,2,1,7,5,4,0,3,2,1,3,2,0,0,0,0
687,1084923,2,1,1,5,4,0,0,0,0,0,0,0,0,0,0
688,1087397,0,1,30,0,6,2,3,1,5,0,1,1,2,16,1
688,1087398,1,0,23,0,6,2,3,1,2,0,1,1,2,2,1
688,1087399,2,0,7,5,6,0,3,2,1,3,2,0,0,0,0
688,1087200,2,1,9,5,6,0,3,2,1,3,2,0,0,0,0
688,1087201,2,1,1,5,6,0,0,0,0,0,0,0,0,0,0
689,1087397,0,1,30,0,4,2,3,1,7,0,1,1,2,20,1
689,1087398,1,0,20,0,4,3,3,1,7,0,1,1,2,2,1
689,1087399,2,0,7,5,4,3,3,2,1,3,2,0,0,0,0
690,1087397,0,1,30,0,4,2,3,1,6,0,1,1,2,16,1
690,1087398,1,0,20,0,4,2,3,2,7,6,2,1,2,2,1
690,1087399,2,0,7,5,4,0,3,2,1,3,2,0,0,0,0
691,1087397,0,1,30,0,4,2,3,1,7,0,1,1,2,20,1
691,1087398,1,0,20,0,4,2,3,1,2,0,1,1,2,2,1
691,1087399,2,0,7,5,4,0,3,2,1,3,2,0,0,0,0
692,1084920,0,1,33,0,4,2,3,1,7,0,1,1,2,20,1
692,1084921,1,0,20,0,4,3,3,1,9,0,1,1,2,20,1
692,1084922,2,1,3,5,4,0,0,1,0,0,1,0,0,0,0
692,1084923,2,1,2,5,4,0,0,0,0,0,0,0,0,0,0
693,1087397,0,1,30,0,6,2,3,1,5,0,1,1,2,16,1
693,1087398,1,0,23,0,6,2,3,1,2,0,1,1,2,2,1
693,1087399,2,0,2,5,6,0,0,0,0,0,0,0,0,0,0
694,1087397,0,1,30,0,4,2,3,1,6,0,1,1,2,16,1
694,1087398,1,0,20,0,4,2,3,1,2,0,1,1,2,2,1
694,1087399,2,0,7,5,4,0,3,2,1,3,2,0,0,0,0
695,1087397,0,1,30,0,4,3,3,1,7,0,1,1,2,16,1
695,1087398,1,0,23,0,4,3,3,1,2,0,1,1,2,2,1
695,1087399,2,0,7,5,4,3,3,2,1,3,2,0,0,0,0
695,1087300,2,1,9,5,4,0,3,2,1,3,2,0,0,0,0
696,1084920,0,1,41,0,0,0,2,1,7,0,1,1,2,20,1
696,1084921,1,0,37,0,0,0,2,1,9,0,1,1,2,42,1
696,1084922,2,0,4,5,0,0,0,1,0,0,1,0,0,0,0
697,1084377,0,1,28,5,0,0,2,1,7,0,1,1,2,20,1
698,1087397,0,1,30,0,4,2,3,1,7,0,1,1,2,16,1
698,1087398,1,0,20,0,4,2,3,1,2,0,1,1,2,2,1
698,1087399,2,0,7,5,4,0,3,2,1,3,2,0,0,0,0
699,1084377,0,1,28,5,1,0,2,1,7,0,1,1,2,20,2
699,1084378,2,1,9,5,1,0,2,2,1,3,2,0,0,0,0
699,1084379,2,0,1,5,1,0,0,0,0,0,0,0,0,0,0
700,1024920,0,1,41,3,1,0,2,1,7,0,1,1,2,20,1
700,1024921,2,1,7,5,1,0,2,2,1,3,2,0,0,0,0
700,1024922,2,0,11,5,1,0,2,2,1,4,3,0,0,0,0
701,1083992,0,1,33,5,0,2,3,1,6,0,1,3,2,16,2
701,1083993,2,0,9,5,0,0,3,2,1,3,2,0,0,0,0
701,1083994,2,0,1,5,0,0,0,0,0,0,0,0,0,0,0
702,1083377,0,0,28,5,1,0,2,1,7,0,1,1,2,20,1
702,1083378,7,1,23,5,1,0,2,1,9,0,1,1,2,6,1
703,1087397,0,1,30,0,4,3,3,1,7,0,1,1,2,16,1
703,1087398,1,0,20,0,4,3,3,1,2,0,1,1,2,2,1
703,1087399,2,0,7,5,4,3,3,2,1,3,2,0,0,0,0
703,1087300,2,1,9,5,4,0,3,2,1,3,2,0,0,0,0
703,1087301,2,1,6,5,4,0,5,2,1,3,2,0,0,0,0
704,1083992,0,1,33,5,1,0,2,1,6,0,1,3,2,6,2
704,1083993,2,0,9,5,1,0,2,2,1,3,2,0,0,0,0
704,1083994,2,0,1,5,1,0,0,0,0,0,0,0,0,0,0
705,1087397,0,1,30,0,4,2,3,1,7,0,1,1,2,16,1
705,1087398,1,0,20,0,4,2,3,2,7,6,2,1,2,2,1
705,1087399,2,0,7,5,4,0,3,2,1,3,2,0,0,0,0
706,1084377,0,1,28,5,0,0,2,1,7,0,1,1,2,20,1
707,1087397,0,1,30,0,4,2,3,1,7,0,1,1,2,16,1
707,1087398,1,0,20,0,4,2,3,1,2,0,1,1,2,2,1
707,1087399,2,0,7,5,4,0,3,2,1,3,2,0,0,0,0
708,1087397,0,1,30,0,6,2,3,1,5,0,1,1,2,16,1
708,1087398,1,0,23,0,6,2,3,1,2,0,1,1,2,2,1
708,1087399,2,0,7,5,6,0,3,2,1,3,2,0,0,0,0
708,1087300,2,1,9,5,6,0,3,2,1,3,2,0,0,0,0
708,1087301,2,1,1,5,6,0,0,0,0,0,0,0,0,0,0
709,1087397,0,1,30,0,6,2,3,1,5,0,1,1,2,16,1
709,1087398,1,0,23,0,6,2,3,1,2,0,1,1,2,2,1
709,1087399,2,0,7,5,6,0,3,2,1,3,2,0,0,0,0
709,1087900,2,1,9,5,6,0,3,2,1,3,2,0,0,0,0
710,1084377,0,1,28,5,0,0,2,1,7,0,1,1,2,20,1
711,1084377,0,1,28,5,0,0,2,1,7,0,1,1,2,20,2
712,1093993,0,1,33,5,4,2,3,1,6,0,1,3,2,16,2
712,1093994,2,1,9,5,4,0,3,2,1,3,2,0,0,0,0
713,1087397,0,1,30,0,6,2,3,1,5,0,1,1,2,16,1
713,1087398,1,0,23,0,6,2,3,1,2,0,1,1,2,2,1
713,1087399,2,0,7,5,6,0,3,2,1,3,2,0,0,0,0
713,1087900,2,1,9,5,6,0,3,2,1,3,2,0,0,0,0
714,1084920,0,1,33,0,4,2,3,1,7,0,1,1,2,20,1
714,1084921,1,0,29,0,4,3,3,1,9,0,1,1,2,42,1
714,1084922,2,1,3,5,4,0,0,1,0,0,1,0,0,0,0
714,1084923,2,1,8,5,4,0,2,2,1,3,2,0,0,0,0
715,1087397,0,1,30,0,6,2,3,1,5,0,1,1,2,16,1
715,1087398,1,0,23,0,6,2,3,1,2,0,1,1,2,2,1
715,1087399,2,0,7,5,6,0,3,2,1,3,2,0,0,0,0
716,1084377,0,1,28,5,0,0,2,1,7,0,1,1,2,20,2
717,1084920,0,1,33,0,0,2,3,1,6,0,1,1,2,16,1
717,1084921,1,0,28,0,0,3,3,1,9,0,1,1,2,20,1
717,1084922,2,0,7,5,0,0,3,2,0,3,2,0,0,0,0
718,1084920,0,1,45,0,0,2,3,1,6,0,1,1,2,20,1
718,1084921,1,0,23,0,0,3,3,1,9,0,1,1,2,20,1
718,1084922,2,0,14,5,0,0,3,2,3,5,2,0,0,0,0
718,1084923,2,1,11,5,0,0,2,2,2,4,2,0,0,0,0
718,1084924,2,1,7,5,0,0,2,2,1,3,2,0,0,0,0
719,1087397,0,1,30,0,4,2,3,1,7,0,1,1,2,20,1
719,1087398,1,0,20,0,4,2,3,2,2,4,2,0,0,0,0
719,1087399,2,0,3,5,4,0,0,1,0,0,1,0,0,0,0
720,1087397,0,1,30,0,4,2,3,1,7,0,1,1,2,16,1
720,1087398,1,0,23,0,4,2,3,1,2,0,1,1,2,2,1
720,1087399,2,0,7,5,4,0,3,2,1,3,2,0,0,0,0
721,1084920,0,1,73,0,4,2,3,1,7,0,1,3,2,5,1
721,1084921,1,0,20,0,4,3,3,1,9,0,1,1,2,6,1
721,1084922,2,0,14,5,4,3,3,2,2,5,2,0,0,0,0
721,1084923,2,1,9,5,4,0,3,2,1,3,2,0,0,0,0
722,1087397,0,1,30,0,6,2,3,1,5,0,1,1,2,16,1
722,1087398,1,0,23,0,6,2,3,1,2,0,1,1,2,2,1
722,1087399,2,0,7,5,6,0,3,2,1,3,2,0,0,0,0
722,1087300,2,1,9,5,6,0,3,2,1,3,2,0,0,0,0
722,1087301,2,1,1,5,6,0,0,0,0,0,0,0,0,0,0
723,1087397,0,1,30,0,6,2,3,1,5,0,1,1,2,16,1
723,1087398,1,0,23,0,6,2,3,1,6,0,1,1,2,2,1
723,1087399,2,0,2,5,6,0,0,0,0,0,0,0,0,0,0
723,1087300,2,1,9,5,6,0,3,2,1,3,2,0,0,0,0
724,1083377,0,0,28,5,4,2,3,1,7,0,1,1,2,20,1
725,1087397,0,1,30,0,6,2,3,1,5,0,1,1,2,16,1
725,1087398,1,0,23,0,6,2,3,1,2,0,1,1,2,2,1
725,1087399,2,0,2,5,6,0,0,0,0,0,0,0,0,0,0
726,1087397,0,1,30,0,4,3,3,1,7,0,1,1,2,16,1
726,1087398,1,0,29,0,4,3,3,1,6,0,1,1,2,2,1
726,1087399,2,0,13,5,4,3,3,2,2,4,2,0,0,0,0
726,1087300,2,1,9,5,4,0,3,2,1,3,2,0,0,0,0
726,1087301,2,1,4,5,4,0,5,2,1,1,3,0,0,0,0
727,1087397,0,1,30,0,1,0,2,1,7,0,1,3,2,10,2
727,1087398,1,0,23,0,1,0,2,1,2,0,1,1,2,6,1
727,1087399,2,0,2,5,1,0,0,0,0,0,0,0,0,0,0
728,1087397,0,1,30,0,6,2,3,1,5,0,1,1,2,16,1
728,1087398,1,0,23,0,6,2,3,1,2,0,1,1,2,2,1
728,1087399,2,0,7,5,6,0,3,2,1,3,2,0,0,0,0
728,1087300,2,1,9,5,6,0,3,2,1,3,2,0,0,0,0
728,1087301,2,1,1,5,6,0,0,0,0,0,0,0,0,0,0
729,1087397,0,1,30,0,4,2,3,1,7,0,1,1,2,22,1
729,1087398,1,0,23,0,4,2,3,1,2,0,1,1,2,2,1
729,1087399,2,0,7,5,4,0,3,2,1,3,2,0,0,0,0
730,1087397,0,1,30,0,4,3,3,1,7,0,1,1,2,16,1
730,1087398,1,0,23,0,4,3,3,1,2,0,1,1,2,2,1
730,1087399,2,0,13,5,4,3,3,2,2,4,2,0,0,0,0
730,1087300,2,1,8,5,4,0,3,2,1,3,2,0,0,0,0
730,1087301,2,1,6,5,4,0,5,2,1,3,2,0,0,0,0
731,1083992,0,1,38,0,7,0,2,1,9,0,1,1,2,6,2
731,1083993,1,0,37,0,0,0,2,1,9,0,1,1,2,99,1
731,1083994,2,0,2,5,0,0,0,0,0,0,0,0,0,0,0
732,1087397,0,1,30,0,4,2,3,1,7,0,1,1,2,16,1
732,1087398,1,0,20,0,4,2,3,1,2,0,1,1,2,2,1
732,1087399,2,0,7,5,4,0,3,2,1,3,2,0,0,0,0
733,1151397,0,0,55,0,0,0,2,1,6,0,1,1,2,16,1
733,1151398,1,1,53,0,5,2,2,1,9,0,1,1,2,4,1
734,1087397,0,1,30,0,6,2,3,1,5,0,1,1,2,16,1
734,1087398,1,0,23,0,6,2,3,1,2,0,1,1,2,2,1
734,1087399,2,0,7,5,6,0,3,2,1,3,2,0,0,0,0
734,1087400,2,1,8,5,6,0,3,2,1,3,2,0,0,0,0
735,1087397,0,1,30,0,6,2,3,1,5,0,1,1,2,16,1
735,1087398,1,0,23,0,6,2,3,1,2,0,1,1,2,2,1
735,1087399,2,0,7,5,6,0,3,2,1,3,2,0,0,0,0
735,1087300,2,1,9,5,6,0,3,2,1,3,2,0,0,0,0
735,1087301,2,1,3,5,6,0,0,1,0,0,1,0,0,0,0
736,1087397,0,1,30,0,6,2,3,1,5,0,1,1,2,16,1
736,1087398,1,0,23,0,6,2,3,1,2,0,1,1,2,2,1
736,1087399,2,0,7,5,6,0,3,2,1,3,2,0,0,0,0
737,1024920,0,1,41,3,1,0,2,1,7,0,1,1,2,20,1
737,1024921,2,1,7,5,1,0,2,2,1,3,2,0,0,0,0
737,1024922,2,0,11,5,1,0,2,2,1,4,3,0,0,0,0
738,1084377,0,1,28,5,0,0,2,1,7,0,1,1,2,20,2
739,1084377,0,1,28,5,0,0,2,1,7,0,1,1,2,20,2
740,1087397,0,1,30,0,4,2,3,1,7,0,1,1,2,16,1
740,1087398,1,0,20,0,4,2,3,1,2,0,1,1,2,2,1
740,1087399,2,0,7,5,4,0,3,2,1,3,2,0,0,0,0
741,1087397,0,1,30,0,1,0,2,1,6,0,1,3,2,8,1
741,1087398,1,0,23,0,1,0,2,1,2,0,1,1,2,6,1
741,1087399,2,0,2,5,1,0,0,0,0,0,0,0,0,0,0
742,1084920,0,1,32,0,4,2,3,1,7,0,1,1,2,16,1
742,1084921,1,0,28,0,4,3,3,1,9,0,1,1,2,20,1
742,1084922,2,0,10,5,4,3,3,2,1,4,2,0,0,0,0
742,1084923,2,1,8,5,4,0,3,2,1,3,2,0,0,0,0
743,1087397,0,1,30,0,1,0,2,1,7,0,1,3,2,10,2
743,1087398,1,0,23,0,1,0,2,1,2,0,1,1,2,2,1
743,1087399,2,0,7,5,1,0,2,2,1,3,2,0,0,0,0
744,1084397,0,1,28,5,0,0,2,1,7,0,1,1,2,22,1
744,1084398,7,1,20,5,0,0,2,1,9,0,1,1,2,4,1
745,1087397,0,1,30,0,6,2,3,1,5,0,1,1,2,16,1
745,1087398,1,0,23,0,6,2,3,1,2,0,1,1,2,2,1
745,1087399,2,0,0,5,6,0,0,0,0,0,0,0,0,0,0
746,1084925,0,1,30,0,0,0,2,1,6,0,1,1,2,16,1
746,1084926,1,0,29,0,0,0,2,1,9,0,1,1,2,20,1
747,1084920,0,1,33,0,4,2,3,1,7,0,1,1,2,20,1
747,1084921,1,0,20,0,4,3,3,1,9,0,1,1,2,20,1
747,1084922,2,1,3,5,4,0,0,1,0,0,1,0,0,0,0
747,1084923,2,1,2,5,4,0,0,0,0,0,0,0,0,0,0
748,1087397,0,1,30,0,4,2,3,1,6,0,1,1,2,8,1
748,1087398,1,0,29,0,4,3,3,1,2,0,1,1,2,6,1
748,1087399,2,0,7,5,4,3,3,2,1,3,2,0,0,0,0
748,1087300,2,1,9,5,4,0,3,2,1,3,2,0,0,0,0
748,1087301,2,1,8,5,4,0,3,2,1,3,2,0,0,0,0
749,1084397,0,1,28,5,0,0,2,1,7,0,1,1,2,22,1
750,1083397,0,1,28,5,4,2,3,1,7,0,1,1,2,26,1
750,1083398,2,1,9,5,4,0,3,2,1,3,2,0,0,0,0
750,1083399,2,0,8,5,4,0,3,2,1,3,2,0,0,0,0
751,1087397,0,1,30,0,4,2,3,1,7,0,1,1,2,16,1
751,1087398,1,0,20,0,4,2,3,1,2,0,1,1,2,2,1
751,1087399,2,0,3,5,4,0,0,1,0,0,1,0,0,0,0
752,1087397,0,1,30,0,4,2,3,1,7,0,1,1,2,16,1
752,1087398,1,0,20,0,4,2,3,1,2,0,1,1,2,2,1
752,1087399,2,0,7,5,4,0,3,2,1,3,2,0,0,0,0
753,1087397,0,1,30,0,6,2,3,1,5,0,1,1,2,16,1
753,1087398,1,0,23,0,6,2,3,1,2,0,1,1,2,2,1
753,1087399,2,0,7,5,6,0,3,2,1,3,2,0,0,0,0
753,1087300,2,1,9,5,6,0,3,2,1,3,2,0,0,0,0
754,1084920,0,1,33,0,0,0,2,1,7,0,1,3,2,16,1
754,1084921,1,0,29,0,0,0,2,1,9,0,1,1,2,20,1
755,1087397,0,1,30,0,6,2,3,1,5,0,1,1,2,16,1
755,1087398,1,0,23,0,6,2,3,1,2,0,1,1,2,2,1
755,1087399,2,0,7,5,6,0,3,2,1,3,2,0,0,0,0
755,1087900,2,1,9,5,6,0,3,2,1,3,2,0,0,0,0
756,1087397,0,1,30,0,4,2,3,1,7,0,1,1,2,16,1
756,1087398,1,0,20,0,4,2,3,2,7,6,2,1,2,2,1
756,1087399,2,0,7,5,4,0,3,2,1,3,2,0,0,0,0
757,1087397,0,1,30,0,1,0,2,1,7,0,1,3,2,10,1
757,1087398,1,0,23,0,1,0,2,1,2,0,1,1,2,6,1
757,1087399,2,0,2,5,1,0,0,0,0,0,0,0,0,0,0
758,1087397,0,1,30,0,1,0,2,1,5,0,1,3,2,10,2
758,1087398,1,0,23,0,1,0,2,1,2,0,1,1,2,2,1
758,1087399,2,0,2,5,1,0,0,0,0,0,0,0,0,0,0
759,1087397,0,1,30,0,1,0,2,1,7,0,1,3,2,16,1
759,1087398,1,0,23,0,1,0,2,1,2,0,1,1,2,2,1
759,1087399,2,0,7,5,1,0,2,2,1,3,2,0,0,0,0
760,1087397,0,1,30,0,4,2,3,1,7,0,1,1,2,16,1
760,1087398,1,0,23,0,4,2,3,1,2,0,1,1,2,2,1
760,1087399,2,0,7,5,4,0,3,2,1,3,2,0,0,0,0
761,1084922,0,1,30,5,1,0,2,1,7,0,1,1,2,22,1
761,1084923,2,1,7,5,1,0,2,2,0,3,2,0,0,0,0
761,1084924,2,0,3,5,1,0,0,1,0,0,1,0,0,0,0
762,1087397,0,1,30,0,4,2,3,1,7,0,1,1,2,16,1
762,1087398,1,0,20,0,4,2,3,1,2,0,1,1,2,2,1
762,1087399,2,0,7,5,4,0,3,2,1,3,2,0,0,0,0
763,1087397,0,1,30,0,6,2,3,1,5,0,1,1,2,16,1
763,1087398,1,0,23,0,6,2,3,1,2,0,1,1,2,2,1
763,1087399,2,0,7,5,6,0,3,2,1,3,2,0,0,0,0
763,1087400,2,1,9,5,6,0,3,2,1,3,2,0,0,0,0
763,1087401,2,1,1,5,6,0,5,2,1,3,3,0,0,0,0
764,1084920,0,1,33,0,4,2,3,1,7,0,1,1,2,20,1
764,1084921,1,0,20,0,4,3,3,1,9,0,1,1,2,20,1
764,1084922,2,0,3,5,4,0,0,1,0,0,1,0,0,0,0
765,1087397,0,1,30,0,4,2,3,1,6,0,1,1,2,16,1
765,1087398,1,0,20,0,4,3,3,1,2,0,1,1,2,2,1
765,1087399,2,0,2,5,4,3,3,2,0,3,2,0,0,0,0
765,1087300,2,1,8,5,4,0,3,2,1,3,2,0,0,0,0
765,1087301,2,1,6,5,4,0,5,2,1,3,2,0,0,0,0
766,1084377,0,1,28,5,0,0,2,1,7,0,1,1,2,20,1
767,1084377,0,1,28,5,0,0,2,1,7,0,1,1,2,20,1
768,1087397,0,1,30,0,4,2,3,1,7,0,1,1,2,16,1
768,1087398,1,0,20,0,4,3,3,1,2,0,1,1,2,2,1
768,1087399,2,0,7,5,4,3,3,2,1,3,2,0,0,0,0
769,1024920,0,1,33,0,1,0,2,1,7,0,1,3,2,10,1
769,1024921,1,0,23,0,1,0,2,1,9,0,1,1,2,8,1
769,1024922,2,0,11,5,1,0,2,2,1,4,3,0,0,0,0
770,1087397,0,1,30,0,1,0,2,1,7,0,1,3,2,10,2
770,1087398,1,0,23,0,1,0,2,1,2,0,1,1,2,8,1
770,1087399,2,0,2,5,1,0,0,0,0,0,0,0,0,0,0
771,1087397,0,1,30,0,4,2,3,1,7,0,1,1,2,16,1
771,1087398,1,0,20,0,4,3,3,1,2,0,1,1,2,2,1
771,1087399,2,0,3,5,4,3,3,2,1,3,2,0,0,0,0
771,1087300,2,1,8,5,4,0,3,2,1,3,2,0,0,0,0
771,1087301,2,1,6,5,4,0,5,2,1,3,2,0,0,0,0
772,1084920,0,1,33,0,4,2,3,1,7,0,1,1,2,20,1
772,1084921,1,0,29,0,4,3,3,1,9,0,1,1,2,20,1
772,1084922,2,1,3,5,4,0,0,1,0,0,1,0,0,0,0
772,1084923,2,1,8,5,4,0,2,2,1,3,2,0,0,0,0
773,1087397,0,1,30,0,6,2,3,1,5,0,1,1,2,16,1
773,1087398,1,0,23,0,6,2,3,1,6,0,1,1,2,2,1
773,1087399,2,0,7,5,6,0,3,2,1,3,2,0,0,0,0
773,1087300,2,1,9,5,6,0,3,2,1,3,2,0,0,0,0
773,1087301,2,1,1,5,6,0,0,0,0,0,0,0,0,0,0
774,1084920,0,1,33,0,0,2,3,1,6,0,1,1,2,20,1
774,1084921,1,0,29,0,0,3,3,1,9,0,1,1,2,20,1
774,1084922,2,0,4,5,0,0,0,1,0,0,1,0,0,0,0
775,1084377,0,1,28,5,0,0,2,1,7,0,1,1,2,20,1
776,1087397,0,1,30,0,4,2,3,1,7,0,1,1,2,16,1
776,1087398,1,0,20,0,4,2,3,1,2,0,1,1,2,2,1
776,1087399,2,0,7,5,4,0,3,2,1,3,2,0,0,0,0
777,1087397,0,1,30,0,6,2,3,1,5,0,1,1,2,16,1
777,1087398,1,0,23,0,6,2,3,1,2,0,1,1,2,2,1
777,1087399,2,0,7,5,6,0,3,2,1,3,2,0,0,0,0
777,1087900,2,1,9,5,6,0,3,2,1,3,2,0,0,0,0
777,1087901,2,1,1,5,6,0,0,0,0,0,0,0,0,0,0
778,1087397,0,1,30,0,4,2,3,1,7,0,1,1,2,16,1
778,1087398,1,0,20,0,4,3,3,1,2,0,1,1,2,2,1
778,1087399,2,0,7,5,4,3,3,2,1,3,2,0,0,0,0
778,1087300,2,1,8,5,4,0,3,2,1,3,2,0,0,0,0
779,1087397,0,1,30,0,4,2,3,1,7,0,1,1,2,16,1
779,1087398,1,0,29,0,4,3,3,1,6,0,1,1,2,2,1
779,1087399,2,0,7,5,4,3,3,2,1,3,2,0,0,0,0
779,1087300,2,1,8,5,4,0,3,2,1,3,2,0,0,0,0
780,1087397,0,1,30,0,4,2,3,1,7,0,1,1,2,20,1
780,1087398,1,0,20,0,4,3,3,1,2,0,1,1,2,2,1
780,1087399,2,0,7,5,4,3,3,2,1,3,2,0,0,0,0
780,1087300,2,1,8,5,4,0,3,2,1,3,2,0,0,0,0
781,1084920,0,1,33,0,0,2,3,1,6,0,1,1,2,16,1
781,1084921,1,0,29,0,0,3,3,1,9,0,1,1,2,20,1
781,1084922,2,1,6,5,0,0,3,2,0,2,3,0,0,0,0
781,1084923,2,1,9,5,0,0,3,2,1,3,2,0,0,0,0
782,1083992,0,1,33,5,1,0,2,1,6,0,1,3,2,6,2
782,1083993,2,1,9,5,1,0,2,2,1,3,2,0,0,0,0
782,1083994,2,0,1,5,1,0,0,0,0,0,0,0,0,0,0
783,1087397,0,1,30,0,1,0,2,1,6,0,1,3,2,8,1
783,1087398,1,0,23,0,1,0,2,1,2,0,1,1,2,6,1
783,1087399,2,0,2,5,1,0,0,0,0,0,0,0,0,0,0
784,1087397,0,1,30,0,4,2,3,1,7,0,1,1,2,16,1
784,1087398,1,0,23,0,4,2,3,1,2,0,1,1,2,2,1
784,1087399,2,0,7,5,4,0,3,2,1,3,2,0,0,0,0
785,1087397,0,1,30,0,6,2,3,1,5,0,1,1,2,16,1
785,1087398,1,0,23,0,6,2,3,1,2,0,1,1,2,2,1
785,1087399,2,0,7,5,6,0,3,2,1,3,2,0,0,0,0
785,1087900,2,1,9,5,6,0,3,2,1,3,2,0,0,0,0
785,1087901,2,1,2,5,6,0,0,0,0,0,0,0,0,0,0
786,1087397,0,1,30,0,4,2,3,1,7,0,1,1,2,16,1
786,1087398,1,0,23,0,4,2,3,1,2,0,1,1,2,2,1
786,1087399,2,0,7,5,4,0,3,2,1,3,2,0,0,0,0
787,1087397,0,1,30,0,6,2,3,1,5,0,1,1,2,16,1
787,1087398,1,0,23,0,6,2,3,1,2,0,1,1,2,2,1
787,1087399,2,0,3,5,6,0,0,1,0,0,1,0,0,0,0
787,1087300,2,1,9,5,6,0,3,2,1,3,2,0,0,0,0
787,1087301,2,1,1,5,6,0,0,0,0,0,0,0,0,0,0
788,1083992,0,1,38,0,4,2,3,1,6,0,1,1,2,16,2
788,1083993,1,0,39,0,4,3,3,1,6,0,1,1,2,2,1
788,1083994,2,0,13,5,4,3,3,2,2,4,2,0,0,0,0
788,1083995,2,1,9,5,4,0,3,2,1,3,2,0,0,0,0
789,1087397,0,1,30,0,6,2,3,1,5,0,1,1,2,16,1
789,1087398,1,0,23,0,6,2,3,1,2,0,1,1,2,2,1
789,1087399,2,0,7,5,6,0,3,2,1,3,2,0,0,0,0
790,1083397,0,1,38,0,4,3,3,1,7,0,1,1,2,26,1
790,1083398,1,0,20,0,4,3,3,1,6,0,1,1,2,6,1
790,1083399,2,0,13,5,4,3,3,2,2,4,2,0,0,0,0
790,1083300,2,1,9,5,4,0,3,2,1,3,2,0,0,0,0
791,1084920,0,1,33,0,0,2,3,1,6,0,1,1,2,16,2
791,1084921,1,0,28,0,0,3,3,1,6,0,1,1,2,20,1
791,1084922,2,0,14,5,0,0,3,2,2,4,2,0,0,0,0
791,1084923,2,1,9,5,0,0,3,2,1,3,2,0,0,0,0
792,1087397,0,1,30,0,6,2,3,1,5,0,1,1,2,16,1
792,1087398,1,0,23,0,6,2,3,1,2,0,1,1,2,2,1
792,1087399,2,0,2,5,6,0,0,0,0,0,0,0,0,0,0
793,1087397,0,1,30,0,4,3,3,1,7,0,1,1,2,16,1
793,1087398,1,0,23,0,4,3,3,1,2,0,1,1,2,2,1
793,1087399,2,0,7,5,4,3,3,2,1,3,2,0,0,0,0
793,1087300,2,1,8,5,4,0,3,2,1,3,2,0,0,0,0
794,1087397,0,1,30,0,4,2,3,1,7,0,1,1,2,16,1
794,1087398,1,0,20,0,4,2,3,1,9,0,1,1,2,82,1
794,1087399,2,0,7,5,4,0,3,2,1,3,2,0,0,0,0
795,1084920,0,1,33,0,4,2,3,1,7,0,1,1,2,16,1
795,1084921,1,0,29,0,4,3,3,1,9,0,1,1,2,20,1
795,1084922,2,1,7,5,4,0,3,2,1,3,2,0,0,0,0
795,1084923,2,1,8,5,4,0,3,2,1,3,2,0,0,0,0
796,1087397,0,1,30,0,1,0,2,1,5,0,1,3,2,8,1
796,1087398,1,0,23,0,1,0,2,1,2,0,1,1,2,2,1
796,1087399,2,0,2,5,1,0,0,0,0,0,0,0,0,0,0
797,1087397,0,1,30,0,4,2,3,1,7,0,1,1,2,16,1
797,1087398,1,0,26,0,4,2,3,1,5,0,1,1,2,2,1
797,1087399,2,0,7,5,4,0,3,2,1,3,2,0,0,0,0
798,1087397,0,1,30,0,4,2,3,1,7,0,1,1,2,16,1
798,1087398,1,0,20,0,4,3,3,1,9,0,1,1,2,2,1
798,1087399,2,0,7,5,4,3,3,2,1,3,2,0,0,0,0
798,1087300,2,1,8,5,4,0,3,2,1,3,2,0,0,0,0
799,1087397,0,1,30,0,4,2,3,1,7,0,1,1,2,16,1
799,1087398,1,0,20,0,4,3,3,1,7,0,1,1,2,2,1
799,1087399,2,0,2,5,4,3,3,2,0,3,2,0,0,0,0
799,1087300,2,1,8,5,4,0,3,2,1,3,2,0,0,0,0
799,1087301,2,1,3,5,4,0,0,1,0,0,1,0,0,0,0
800,1084377,0,1,28,5,1,0,2,1,7,0,1,1,2,20,2
800,1084378,7,1,20,5,1,0,2,1,9,0,1,1,2,6,1
801,1087397,0,1,30,0,1,0,2,1,5,0,1,3,2,8,1
801,1087398,1,0,23,0,1,0,2,1,2,0,1,1,2,2,1
801,1087399,2,0,2,5,1,0,0,0,0,0,0,0,0,0,0
802,1151347,0,0,55,0,0,0,2,1,6,0,1,1,2,26,1
802,1151348,1,1,53,0,5,2,3,1,9,0,1,1,2,4,1
803,1151377,0,0,59,0,0,2,3,1,6,0,1,1,2,26,1
803,1151378,1,1,55,0,5,2,3,1,6,0,1,1,2,4,1
804,1084377,0,1,28,5,0,0,2,1,7,0,1,1,2,20,1
805,1087397,0,1,30,0,6,2,3,1,5,0,1,1,2,16,1
805,1087398,1,0,29,0,6,2,3,1,6,0,1,1,2,2,1
805,1087399,2,0,7,5,6,0,3,2,1,3,2,0,0,0,0
806,1084920,0,1,33,0,0,2,3,1,6,0,1,1,2,16,1
806,1084921,1,0,28,0,0,3,3,1,6,0,1,1,2,6,1
806,1084922,2,0,14,5,0,0,3,2,2,5,2,0,0,0,0
806,1084923,2,1,9,5,0,0,3,2,1,3,2,0,0,0,0
806,1084924,2,1,7,5,0,0,2,2,1,3,2,0,0,0,0
807,1087397,0,1,30,0,6,2,3,1,6,0,1,1,2,16,1
807,1087398,1,0,23,0,6,2,3,1,2,0,1,1,2,2,1
807,1087399,2,0,7,5,6,0,3,2,1,3,2,0,0,0,0
808,1084377,0,1,48,5,0,0,2,1,6,0,1,1,2,20,2
809,1086991,0,0,38,0,0,0,2,1,5,0,1,1,2,15,1
809,1086992,1,1,37,0,0,0,2,1,6,0,1,1,2,2,1
809,1086993,2,0,2,5,0,0,0,0,0,0,0,0,0,0,0
809,1086994,2,0,9,5,0,0,2,2,1,3,2,0,0,0,0
810,1084377,0,1,28,5,0,0,2,1,7,0,1,1,2,20,2
811,1083992,0,1,38,0,4,2,3,1,9,0,1,1,2,2,1
811,1083993,1,0,39,0,4,3,3,1,9,0,1,1,2,2,1
811,1083994,2,1,4,5,4,3,3,2,1,4,2,0,0,0,0
811,1083995,2,1,3,5,4,0,0,1,0,0,1,0,0,0,0
811,1083996,2,1,1,5,4,0,0,0,0,0,0,0,0,0,0
811,1083997,2,0,3,5,4,0,0,0,0,0,0,0,0,0,0
812,1087397,0,1,30,0,4,2,3,1,7,0,1,1,2,16,1
812,1087398,1,0,20,0,4,2,3,1,7,0,1,1,2,2,1
812,1087399,2,0,7,5,4,0,3,2,1,3,2,0,0,0,0
813,1087397,0,1,30,0,2,0,3,1,6,0,1,1,2,16,1
813,1087398,1,0,23,0,4,2,3,1,2,0,1,1,2,2,1
813,1087399,2,0,7,5,4,0,3,2,1,3,2,0,0,0,0
814,1087397,0,1,30,0,6,2,3,1,5,0,1,1,2,16,1
814,1087398,1,0,23,0,6,2,3,1,2,0,1,1,2,2,1
814,1087399,2,0,7,5,6,0,3,2,1,3,2,0,0,0,0
814,1087900,2,1,9,5,6,0,3,2,1,3,2,0,0,0,0
814,1087901,2,1,1,5,6,0,0,0,0,0,0,0,0,0,0
815,1084920,0,1,33,0,0,2,3,1,6,0,1,1,2,16,2
815,1084921,1,0,29,0,0,3,3,1,9,0,1,1,2,20,1
815,1084922,2,0,14,5,0,0,3,2,2,4,2,0,0,0,0
815,1084923,2,1,9,5,0,0,3,2,1,3,2,0,0,0,0
816,1084920,0,1,33,0,0,1,2,1,7,0,1,1,2,16,1
816,1084921,1,0,28,0,0,0,2,1,9,0,1,1,2,20,1
817,1084397,0,1,28,0,4,0,2,1,7,0,1,1,2,22,1
817,1084398,1,0,20,0,4,0,2,1,9,0,1,1,2,2,1
818,1087397,0,1,30,0,4,3,3,1,7,0,1,1,2,16,1
818,1087398,1,0,20,0,4,3,3,1,2,0,1,1,2,2,1
818,1087399,2,0,3,5,4,3,3,2,0,2,3,0,0,0,0
818,1087200,2,1,8,5,4,0,3,2,1,3,2,0,0,0,0
818,1087201,2,1,6,5,4,0,5,2,1,3,2,0,0,0,0
819,1087397,0,1,30,0,4,3,3,1,7,0,1,1,2,16,1
819,1087398,1,0,20,0,4,3,3,1,2,0,1,1,2,2,1
819,1087399,2,0,2,5,4,3,3,2,0,3,2,0,0,0,0
819,1087900,2,1,8,5,4,0,3,2,1,3,2,0,0,0,0
819,1087901,2,1,6,5,4,0,5,2,1,3,2,0,0,0,0
820,1084397,0,1,28,5,0,0,2,1,7,0,1,1,2,22,1
820,1084398,7,1,20,5,0,0,2,1,9,0,1,1,2,6,1
821,1087397,0,1,30,0,4,2,3,1,6,0,1,1,2,8,1
821,1087398,1,0,29,0,4,3,3,1,2,0,1,1,2,2,1
821,1087399,2,0,7,5,4,3,3,2,1,3,2,0,0,0,0
821,1087300,2,1,8,5,4,0,3,2,1,3,2,0,0,0,0
822,1083397,0,1,39,0,4,2,3,1,7,0,1,1,2,20,1
822,1083398,1,0,29,0,4,3,3,1,6,0,1,1,2,2,1
822,1083399,2,1,7,5,4,3,3,2,1,3,2,0,0,0,0
823,1087397,0,1,30,0,4,2,3,1,7,0,1,1,2,28,1
823,1087398,1,0,20,0,4,2,3,1,2,0,1,1,2,2,1
823,1087399,2,0,2,5,4,0,0,0,0,0,0,0,0,0,0
824,1087397,0,1,30,0,4,2,3,1,7,0,1,1,2,16,1
824,1087398,1,0,20,0,4,2,3,1,2,0,1,1,2,2,1
824,1087399,2,0,7,5,4,0,3,2,1,3,2,0,0,0,0
825,1087397,0,1,30,0,4,3,3,1,7,0,1,1,2,16,1
825,1087398,1,0,20,0,4,3,3,1,2,0,1,1,2,2,1
825,1087399,2,0,7,5,4,3,3,2,1,3,2,0,0,0,0
825,1087300,2,1,8,5,4,0,3,2,1,3,2,0,0,0,0
826,1083992,0,1,33,5,0,2,3,1,6,0,1,1,2,16,2
826,1083993,2,1,9,5,0,0,3,2,1,3,2,0,0,0,0
826,1083994,2,0,1,5,0,0,0,0,0,0,0,0,0,0,0
827,1084920,0,1,42,0,4,2,3,1,7,0,1,1,2,20,1
827,1084921,1,0,38,0,4,3,3,1,6,0,1,1,2,8,1
827,1084922,2,1,7,5,4,0,3,2,1,3,2,0,0,0,0
827,1084923,2,1,9,5,4,0,3,2,1,3,2,0,0,0,0
828,1087397,0,1,30,0,4,2,3,1,7,0,1,1,2,16,1
828,1087398,1,0,20,0,4,2,3,2,7,6,2,1,2,2,1
828,1087399,2,0,7,5,4,0,3,2,1,3,2,0,0,0,0
829,1083992,0,1,31,0,7,0,2,1,9,0,1,1,2,6,2
829,1083993,1,0,39,0,0,0,2,1,9,0,1,1,2,99,1
829,1083994,2,1,2,5,0,0,0,0,0,0,0,0,0,0,0
830,1087397,0,1,30,0,6,2,3,1,6,0,1,1,2,16,1
830,1087398,1,0,23,0,6,2,3,1,2,0,1,1,2,2,1
830,1087399,2,0,7,5,6,0,3,2,1,3,2,0,0,0,0
831,1087397,0,1,30,0,4,2,3,1,7,0,1,1,2,16,1
831,1087398,1,0,20,0,4,2,3,1,2,0,1,1,2,2,1
831,1087399,2,0,7,5,4,3,3,2,1,3,2,0,0,0,0
832,1087397,0,1,30,0,6,2,3,1,5,0,1,1,2,16,1
832,1087398,1,0,23,0,6,2,3,1,2,0,1,1,2,2,1
832,1087399,2,0,2,5,6,0,0,0,0,0,0,0,0,0,0
833,1084397,0,1,28,5,0,0,2,1,7,0,1,1,2,22,1
833,1084398,7,1,20,5,0,0,2,1,9,0,1,1,2,7,1
834,1084377,0,1,28,5,0,0,2,1,7,0,1,1,2,20,2
835,1087397,0,1,30,0,6,2,3,1,5,0,1,1,2,16,1
835,1087398,1,0,23,0,6,2,3,1,6,0,1,1,2,2,1
835,1087399,2,0,7,5,6,0,3,2,1,3,2,0,0,0,0
835,1087400,2,1,9,5,6,0,3,2,1,3,2,0,0,0,0
836,1087397,0,1,30,0,6,2,3,1,5,0,1,1,2,16,1
836,1087398,1,0,23,0,6,2,3,1,2,0,1,1,2,2,1
836,1087399,2,0,2,5,6,0,0,0,0,0,0,0,0,0,0
837,1087397,0,1,30,0,4,2,3,1,7,0,1,1,2,22,1
837,1087398,1,0,20,0,4,2,3,2,7,6,2,1,2,2,1
837,1087399,2,0,7,5,4,0,3,2,1,3,2,0,0,0,0
838,1087397,0,1,30,0,4,2,3,1,7,0,1,1,2,16,1
838,1087398,1,0,20,0,4,3,3,1,2,0,1,1,2,2,1
838,1087399,2,0,7,5,4,3,3,2,1,3,2,0,0,0,0
838,1087300,2,1,9,5,4,0,3,2,1,3,2,0,0,0,0
838,1087301,2,1,6,5,4,0,5,2,1,3,2,0,0,0,0
839,1084927,0,1,30,0,0,0,2,1,6,0,1,1,2,16,1
839,1084928,1,0,23,0,0,0,2,1,9,0,1,1,2,20,1
840,1087397,0,1,30,0,6,2,3,1,5,0,1,1,2,16,1
840,1087398,1,0,23,0,6,2,3,1,2,0,1,1,2,2,1
840,1087399,2,0,2,5,6,0,0,0,0,0,0,0,0,0,0
841,1087397,0,1,30,0,4,2,3,1,7,0,1,1,2,16,1
841,1087398,1,0,20,0,4,2,3,2,7,6,2,1,2,2,1
841,1087399,2,0,7,5,4,0,3,2,1,3,2,0,0,0,0
842,1083992,0,1,33,5,1,0,2,1,9,0,1,3,2,6,2
842,1083993,2,0,9,5,1,0,2,2,1,3,2,0,0,0,0
842,1083994,2,0,1,5,1,0,0,0,0,0,0,0,0,0,0
843,1087397,0,1,30,0,6,2,3,1,5,0,1,1,2,16,1
843,1087398,1,0,23,0,6,2,3,1,2,0,1,1,2,2,1
843,1087399,2,0,2,5,6,0,0,0,0,0,0,0,0,0,0
844,1087397,0,1,30,0,6,2,3,1,5,0,1,1,2,16,1
844,1087398,1,0,23,0,6,2,3,1,2,0,1,1,2,2,1
844,1087399,2,0,7,5,6,0,3,2,1,3,2,0,0,0,0
844,1087300,2,1,8,5,6,0,3,2,1,3,2,0,0,0,0
845,1087397,0,1,30,0,1,0,2,1,7,0,1,3,2,16,1
845,1087398,1,0,23,0,1,0,2,1,2,0,1,1,2,6,1
845,1087399,2,0,2,5,1,0,0,0,0,0,0,0,0,0,0
846,1084920,0,1,43,0,0,2,3,1,6,0,1,1,2,20,1
846,1084921,1,0,37,0,0,3,3,1,6,0,1,1,2,42,1
846,1084922,2,0,4,5,0,0,0,1,0,0,1,0,0,0,0
847,1084920,0,1,73,0,4,2,3,1,7,0,1,3,0,5,1
847,1084921,1,0,20,0,4,3,3,1,9,0,1,1,2,42,1
848,1087397,0,1,30,0,4,2,3,1,7,0,1,1,2,16,1
848,1087398,1,0,23,0,4,2,3,1,2,0,1,1,2,2,1
848,1087399,2,0,7,5,4,0,3,2,1,3,2,0,0,0,0
849,1087397,0,1,30,0,1,0,2,1,7,0,1,3,2,10,2
849,1087398,1,0,23,0,1,0,2,1,2,0,1,1,2,2,1
849,1087399,2,0,7,5,1,0,2,2,1,3,2,0,0,0,0
850,1083992,0,1,33,5,1,0,2,1,7,0,1,3,2,16,2
850,1083993,2,1,9,5,1,0,2,2,1,3,2,0,0,0,0
850,1083994,2,0,1,5,1,0,0,0,0,0,0,0,0,0,0
851,1087397,0,1,30,0,4,2,3,1,7,0,1,1,2,16,1
851,1087398,1,0,20,0,4,2,3,1,2,0,1,1,2,2,1
851,1087399,2,0,7,5,4,0,3,2,1,3,2,0,0,0,0
852,1087397,0,1,30,0,4,2,3,1,6,0,1,1,2,8,1
852,1087398,1,0,20,0,4,3,3,1,2,0,1,1,2,2,1
852,1087399,2,0,2,5,4,3,3,2,0,3,2,0,0,0,0
852,1087300,2,1,8,5,4,0,3,2,1,3,2,0,0,0,0
852,1087301,2,1,3,5,4,0,0,1,0,0,1,0,0,0,0
853,1087397,0,1,30,0,6,2,3,1,5,0,1,1,2,16,1
853,1087398,1,0,23,0,6,2,3,1,2,0,1,1,2,2,1
853,1087399,2,0,7,5,6,0,3,2,1,3,2,0,0,0,0
853,1087900,2,1,9,5,6,0,3,2,1,3,2,0,0,0,0
853,1087901,2,1,1,5,6,0,0,0,0,0,0,0,0,0,0
854,1087397,0,1,30,0,4,2,3,1,7,0,1,1,2,16,1
854,1087398,1,0,20,0,4,2,3,1,2,0,1,1,2,2,1
854,1087399,2,0,7,5,4,0,3,2,1,3,2,0,0,0,0
855,1087397,0,1,30,0,4,3,3,1,7,0,1,1,2,16,1
855,1087398,1,0,20,0,4,3,3,1,2,0,1,1,2,2,1
855,1087399,2,0,2,5,4,3,4,2,0,2,3,0,0,0,0
855,1087300,2,1,8,5,4,0,3,2,1,3,2,0,0,0,0
855,1087301,2,1,3,5,4,0,0,1,0,0,1,0,0,0,0
856,1083397,0,1,39,0,4,2,3,1,7,0,1,1,2,20,1
856,1083398,1,0,29,0,4,3,3,1,6,0,1,1,2,2,1
856,1083399,2,1,7,5,4,3,3,2,1,3,2,0,0,0,0
856,1083300,7,1,31,5,4,3,3,1,6,0,1,2,2,10,1
857,1084377,0,1,28,5,0,0,2,1,7,0,1,1,2,20,1
858,1087397,0,1,30,0,4,2,3,1,7,0,1,1,2,21,1
858,1087398,1,0,20,0,4,3,3,1,2,0,1,1,2,2,1
858,1087399,2,0,7,5,4,3,3,2,1,3,2,0,0,0,0
859,1087397,0,1,30,0,6,2,3,1,5,0,1,1,2,16,1
859,1087398,1,0,20,0,6,2,3,1,6,0,1,1,2,2,1
859,1087399,2,0,7,5,6,0,3,2,1,3,2,0,0,0,0
859,1087300,2,1,8,5,6,0,3,2,1,3,2,0,0,0,0
860,1084920,0,1,33,0,4,2,3,1,7,0,1,1,2,20,1
860,1084921,1,0,20,0,4,3,3,1,9,0,1,1,2,20,1
860,1084922,2,0,3,5,4,0,0,1,0,0,1,0,0,0,0
861,1083397,0,1,28,5,0,0,2,1,7,0,1,1,2,10,1
862,1084377,0,1,28,5,1,0,2,1,7,0,1,1,2,20,2
862,1084378,7,1,23,5,1,0,2,1,9,0,1,1,2,6,1
863,1084397,0,1,28,5,0,0,2,1,7,0,1,1,2,22,1
863,1084398,7,1,20,5,0,0,2,1,9,0,1,1,2,6,1
864,1084920,0,1,73,0,4,2,3,1,7,0,1,3,2,5,1
864,1084921,1,0,37,0,4,3,3,1,9,0,1,1,2,42,1
865,1083992,0,1,33,0,7,2,3,1,6,0,1,3,2,0,1
865,1083993,1,0,39,0,0,3,3,1,6,0,1,1,2,2,1
865,1083994,2,0,4,5,0,3,0,1,0,0,1,0,0,0,0
865,1083995,2,1,9,5,0,0,3,2,1,3,2,0,0,0,0
866,1087397,0,1,30,0,1,0,2,1,7,0,1,3,2,16,1
866,1087398,1,0,23,0,1,0,2,1,2,0,1,1,2,6,1
866,1087399,2,0,2,5,1,0,0,0,0,0,0,0,0,0,0
867,1087397,0,1,30,0,6,2,3,1,5,0,1,1,2,16,1
867,1087398,1,0,23,0,6,2,3,1,2,0,1,1,2,2,1
867,1087399,2,0,7,5,6,0,3,2,1,3,2,0,0,0,0
867,1087300,2,1,9,5,6,0,3,2,1,3,2,0,0,0,0
868,1087397,0,1,30,0,4,2,3,1,7,0,1,1,2,21,1
868,1087398,1,0,20,0,4,2,3,2,7,6,2,1,2,2,1
868,1087399,2,0,7,5,4,0,3,2,1,3,2,0,0,0,0
869,1083397,0,1,28,5,0,0,2,1,7,0,1,1,2,10,1
869,1083398,7,0,29,5,0,0,2,1,6,0,1,1,2,6,1
870,1087397,0,1,30,0,6,2,3,1,6,0,1,1,2,16,1
870,1087398,1,0,23,0,6,2,3,1,5,0,1,1,2,2,1
870,1087399,2,0,2,5,6,0,0,0,0,0,0,0,0,0,0
871,1084367,0,1,23,5,0,0,2,1,7,0,1,1,2,20,1
871,1084368,2,1,9,5,0,0,2,2,1,3,2,0,0,0,0
872,1084920,0,1,43,0,0,2,3,1,6,0,1,1,2,16,2
872,1084921,1,0,38,0,0,3,3,1,6,0,1,1,2,8,1
872,1084922,2,0,14,5,0,0,3,2,2,5,2,0,0,0,0
872,1084923,2,1,11,5,0,0,2,2,2,4,2,0,0,0,0
872,1084924,2,0,7,5,0,0,2,2,1,3,2,0,0,0,0
873,1084920,0,1,53,0,4,2,3,1,7,0,1,1,2,20,1
873,1084921,1,0,20,0,4,3,3,1,9,0,1,1,2,6,1
873,1084922,2,1,7,5,4,0,3,2,1,3,2,0,0,0,0
874,1084377,0,1,28,5,0,0,2,1,7,0,1,1,2,20,2
875,1084377,0,1,28,5,0,0,2,1,7,0,1,1,2,20,1
876,1083397,0,1,30,0,4,3,3,1,7,0,1,1,2,16,1
876,1083398,1,0,29,0,4,3,3,1,6,0,1,1,2,2,1
876,1083399,2,1,7,5,4,3,3,2,1,3,2,0,0,0,0
877,1087397,0,1,30,0,4,2,3,1,7,0,1,1,2,22,1
877,1087398,1,0,29,0,4,3,3,1,6,0,1,1,2,2,1
877,1087399,2,0,7,5,4,3,3,2,1,3,2,0,0,0,0
878,1084397,0,1,28,5,0,0,2,1,7,0,1,1,2,22,1
879,1087397,0,1,30,0,4,2,3,1,7,0,1,1,2,16,1
879,1087398,1,0,29,0,4,3,3,1,6,0,1,1,2,2,1
879,1087399,2,0,7,5,4,3,3,2,1,3,2,0,0,0,0
879,1087300,2,1,9,5,4,0,3,2,1,3,2,0,0,0,0
879,1087301,2,1,0,5,4,0,0,0,0,0,0,0,0,0,0
880,1084927,0,1,30,0,0,0,2,1,6,0,1,1,2,16,1
880,1084928,1,0,29,0,0,0,2,1,9,0,1,1,2,20,1
881,1083992,0,1,38,5,1,0,2,1,9,0,1,1,2,6,2
881,1083993,2,0,19,5,1,0,2,2,2,4,2,0,0,0,0
881,1083994,2,0,11,5,1,0,2,2,1,4,2,0,0,0,0
882,1087397,0,1,30,0,1,0,2,1,7,0,1,3,2,10,2
882,1087398,1,0,23,0,1,0,2,1,2,0,1,1,2,2,1
882,1087399,2,0,2,5,1,0,0,0,0,0,0,0,0,0,0
883,1084397,0,1,28,5,0,0,2,1,7,0,1,1,2,22,1
883,1084398,7,1,20,5,0,0,2,1,9,0,1,1,2,6,1
884,1087397,0,1,30,0,6,2,3,1,5,0,1,1,2,16,1
884,1087398,1,0,23,0,6,2,3,1,2,0,1,1,2,2,1
884,1087399,2,0,7,5,6,0,3,2,1,3,2,0,0,0,0
885,1084377,0,1,28,5,0,0,2,1,7,0,1,1,2,20,2
886,1087397,0,1,30,0,1,0,2,1,5,0,1,3,2,10,2
886,1087398,1,0,23,0,1,0,2,1,2,0,1,1,2,2,1
886,1087399,2,0,2,5,1,0,0,0,0,0,0,0,0,0,0
887,1087397,0,1,30,0,6,2,3,1,6,0,1,1,2,16,1
887,1087398,1,0,23,0,6,2,3,1,2,0,1,1,2,2,1
887,1087399,2,0,7,5,6,0,3,2,1,3,2,0,0,0,0
888,1087397,0,1,30,0,6,2,3,1,6,0,1,1,2,16,1
888,1087398,1,0,23,0,6,2,3,1,2,0,1,1,2,2,1
888,1087399,2,0,7,5,6,0,3,2,1,3,2,0,0,0,0
889,1084920,0,1,43,0,0,2,3,1,6,0,1,1,2,20,1
889,1084921,1,0,38,0,0,3,3,1,6,0,1,1,2,8,1
889,1084922,2,0,14,5,0,0,3,2,2,4,2,0,0,0,0
889,1084923,2,1,8,5,0,0,2,2,1,3,2,0,0,0,0
890,1083992,0,1,38,0,0,0,2,1,6,0,1,3,2,16,2
890,1083993,1,0,39,0,0,0,2,1,9,0,1,1,2,2,2
890,1083994,2,0,4,5,0,0,0,1,0,0,1,0,0,0,0
891,1087397,0,1,30,0,4,2,3,1,7,0,1,1,2,16,1
891,1087398,1,0,20,0,4,2,3,2,7,6,2,1,2,2,1
891,1087399,2,0,3,5,4,0,0,1,0,0,1,0,0,0,0
892,1087397,0,1,30,0,4,2,3,1,7,0,1,1,2,16,1
892,1087398,1,0,29,0,4,3,3,1,6,0,1,1,2,2,1
892,1087399,2,0,7,5,4,3,3,2,1,3,2,0,0,0,0
893,1087397,0,1,30,0,6,2,3,1,5,0,1,1,2,16,1
893,1087398,1,0,23,0,6,2,3,1,6,0,1,1,2,2,1
893,1087399,2,0,2,5,6,0,0,0,0,0,0,0,0,0,0
894,1087397,0,1,30,0,4,2,3,1,6,0,1,1,2,16,1
894,1087398,1,0,20,0,4,2,3,2,2,4,2,0,0,0,0
894,1087399,2,0,7,5,4,0,3,2,1,3,2,0,0,0,0
895,1087397,0,1,30,0,4,2,3,1,7,0,1,1,2,20,1
895,1087398,1,0,20,0,4,3,3,1,2,0,1,1,2,2,1
895,1087399,2,0,7,5,4,3,3,2,1,3,2,0,0,0,0
895,1087300,2,1,8,5,4,0,3,2,1,3,2,0,0,0,0
896,1084920,0,1,32,0,4,2,3,1,7,0,1,1,2,16,1
896,1084921,1,0,20,0,4,3,3,1,9,0,1,1,2,6,1
896,1084922,2,1,3,5,4,0,0,1,0,0,1,0,0,0,0
896,1084923,2,1,8,5,4,0,2,2,1,3,2,0,0,0,0
897,1083397,0,1,39,0,4,2,3,1,7,0,1,1,2,26,1
897,1083398,1,0,29,0,4,3,3,1,6,0,1,1,2,2,1
897,1083399,2,0,7,5,4,3,3,2,1,3,2,0,0,0,0
898,1087397,0,1,30,0,4,2,3,1,7,0,1,1,2,16,1
898,1087398,1,0,20,0,4,2,3,1,2,0,1,1,2,2,1
898,1087399,2,0,7,5,4,0,3,2,1,3,2,0,0,0,0
899,1087397,0,1,30,0,4,2,3,1,7,0,1,1,2,16,1
899,1087398,1,0,29,0,4,2,3,1,6,0,1,1,2,2,1
899,1087399,2,0,7,5,4,0,3,2,1,3,2,0,0,0,0
900,1087397,0,1,30,0,8,0,2,1,5,0,1,1,2,15,1
900,1087398,1,0,23,0,0,0,2,1,2,0,1,1,2,2,1
900,1087399,2,0,2,5,7,0,0,0,0,0,0,0,0,0,0
901,1084377,0,1,28,5,0,0,2,1,7,0,1,1,2,20,2
902,1087397,0,1,30,0,4,2,3,1,7,0,1,1,2,16,1
902,1087398,1,0,23,0,4,3,3,1,2,0,1,1,2,2,1
902,1087399,2,0,7,5,4,3,3,2,1,3,2,0,0,0,0
902,1087300,2,1,8,5,4,0,3,2,1,3,2,0,0,0,0
903,1084920,0,1,73,0,0,2,3,1,6,0,1,3,2,5,1
903,1084921,1,0,20,0,0,3,3,1,6,0,1,1,2,6,2
904,1087397,0,1,30,0,6,2,3,1,5,0,1,1,2,16,1
904,1087398,1,0,23,0,6,2,3,1,2,0,1,1,2,2,1
904,1087399,2,0,7,5,6,0,3,2,1,3,2,0,0,0,0
904,1087300,2,1,9,5,6,0,3,2,1,3,2,0,0,0,0
905,1084397,0,1,28,5,0,0,2,1,7,0,1,1,2,22,1
905,1084398,7,1,20,5,0,0,2,1,9,0,1,1,2,6,1
906,1084377,0,1,28,5,0,0,2,1,7,0,1,1,2,20,1
907,1084925,0,1,30,0,0,0,2,1,6,0,1,1,2,22,1
907,1084926,1,0,29,0,0,0,2,1,9,0,1,1,2,6,1
908,1087397,0,1,30,0,4,2,3,1,7,0,1,1,2,16,1
908,1087398,1,0,26,0,4,2,3,1,2,0,1,1,2,2,1
908,1087399,2,0,7,5,4,0,3,2,1,3,2,0,0,0,0
909,1083930,0,1,41,0,4,2,3,1,7,0,1,1,2,20,1
909,1083931,1,0,37,0,4,3,3,1,6,0,1,1,2,6,1
909,1083932,2,0,4,5,4,3,3,2,1,2,2,0,0,0,0
909,1083933,2,1,9,5,4,0,3,2,1,3,2,0,0,0,0
910,1087397,0,1,30,0,6,2,3,1,5,0,1,1,2,16,1
910,1087398,1,0,23,0,6,2,3,1,2,0,1,1,2,2,1
910,1087399,2,0,7,5,6,0,3,2,1,3,2,0,0,0,0
910,1087300,2,1,9,5,6,0,3,2,1,3,2,0,0,0,0
911,1083397,0,1,28,5,0,0,2,1,7,0,1,1,2,10,1
911,1083398,7,0,29,5,0,0,2,1,9,0,1,1,2,6,1
912,1083992,0,1,33,5,1,0,2,1,6,0,1,3,2,6,2
912,1083993,2,0,9,5,1,0,2,2,1,3,2,0,0,0,0
912,1083994,2,0,8,5,1,0,2,2,1,3,2,0,0,0,0
913,1087397,0,1,30,0,4,2,3,1,7,0,1,1,2,16,1
913,1087398,1,0,23,0,4,2,3,1,2,0,1,1,2,2,1
913,1087399,2,0,7,5,4,0,3,2,1,3,2,0,0,0,0
914,1084377,0,1,28,5,0,0,2,1,7,0,1,1,2,20,1
915,1087397,0,1,30,0,6,2,3,1,6,0,1,1,2,16,1
915,1087398,1,0,22,0,6,2,3,1,2,0,1,1,2,6,1
915,1087399,2,0,7,5,6,0,3,2,1,3,2,0,0,0,0
916,1087397,0,1,30,0,4,2,3,1,7,0,1,1,2,20,1
916,1087398,1,0,20,0,4,2,3,1,2,0,1,1,2,2,1
916,1087399,2,0,7,5,4,0,3,2,1,3,2,0,0,0,0
917,1083992,0,1,38,0,4,2,3,1,6,0,1,1,2,16,2
917,1083993,1,0,39,0,4,3,3,1,6,0,1,1,2,2,1
917,1083994,2,0,14,5,4,3,3,2,2,4,2,0,0,0,0
917,1083995,2,1,9,5,4,0,3,2,1,3,2,0,0,0,0
917,1083996,2,1,6,5,4,0,2,2,1,3,2,0,0,0,0
917,1083997,2,0,1,5,4,0,3,2,1,3,2,0,0,0,0
918,1087397,0,1,30,0,6,2,3,1,5,0,1,1,2,16,1
918,1087398,1,0,23,0,6,2,3,1,2,0,1,1,2,2,1
918,1087399,2,0,7,5,6,0,3,2,1,3,2,0,0,0,0
918,1087300,2,1,9,5,6,0,3,2,1,3,2,0,0,0,0
919,1087397,0,1,30,0,4,2,3,1,7,0,1,1,2,16,1
919,1087398,1,0,20,0,4,2,3,1,2,0,1,1,2,2,1
919,1087399,2,0,7,5,4,0,3,2,1,3,2,0,0,0,0
920,1087397,0,1,30,0,4,2,3,1,7,0,1,1,2,22,1
920,1087398,1,0,20,0,4,2,3,2,7,6,2,1,2,2,1
920,1087399,2,0,7,5,4,0,3,2,1,3,2,0,0,0,0
921,1087397,0,1,30,0,6,2,3,1,5,0,1,1,2,16,1
921,1087398,1,0,23,0,6,2,3,1,2,0,1,1,2,2,1
921,1087399,2,0,7,5,6,0,3,2,1,3,2,0,0,0,0
922,1087397,0,1,30,0,4,2,3,1,7,0,1,1,2,16,1
922,1087398,1,0,20,0,4,2,3,2,7,6,2,1,2,2,1
922,1087399,2,0,7,5,4,3,3,2,1,3,2,0,0,0,0
923,1087397,0,1,30,0,6,2,3,1,5,0,1,1,2,16,1
923,1087398,1,0,23,0,6,2,3,1,2,0,1,1,2,2,1
923,1087399,2,0,2,5,6,0,0,0,0,0,0,0,0,0,0
924,1084920,0,1,32,0,4,2,3,1,7,0,1,1,2,20,1
924,1084921,1,0,20,0,4,3,3,1,9,0,1,1,2,20,1
924,1084922,2,1,3,5,4,0,0,1,0,0,1,0,0,0,0
924,1084923,2,1,2,5,4,0,0,0,0,0,0,0,0,0,0
925,1024920,0,1,32,5,1,0,2,1,7,0,1,3,2,14,1
925,1024921,2,1,7,5,1,0,2,2,0,3,2,0,2,0,0
925,1024922,2,0,11,5,1,0,2,2,1,4,2,0,0,0,0
926,1084920,0,1,33,0,0,1,2,1,6,0,1,1,2,16,1
926,1084921,1,0,29,0,0,0,2,1,9,0,1,1,2,20,1
927,1087397,0,1,30,0,6,2,3,1,5,0,1,1,2,16,1
927,1087398,1,0,23,0,6,2,3,1,2,0,1,1,2,52,1
927,1087399,2,0,7,5,6,0,3,2,1,3,2,0,0,0,0
927,1087300,2,1,9,5,6,0,3,2,1,3,2,0,0,0,0
927,1087301,2,1,1,5,6,0,0,0,0,0,0,0,0,0,0
928,1087349,0,0,38,5,0,0,2,1,6,0,1,1,2,25,1
929,1084377,0,1,28,5,1,0,2,1,7,0,1,1,2,20,2
929,1084378,7,1,23,5,1,0,2,1,9,0,1,1,2,6,1
930,1087397,0,1,30,0,6,2,3,1,5,0,1,3,2,8,1
930,1087398,1,0,23,0,6,2,3,1,2,0,1,1,2,52,1
930,1087399,2,0,7,5,6,0,3,2,1,3,2,0,0,0,0
930,1087300,2,1,8,5,6,0,3,2,1,3,2,0,0,0,0
931,1087397,0,1,30,0,4,2,3,1,7,0,1,1,2,16,1
931,1087398,1,0,20,0,4,3,3,1,2,0,1,1,2,2,1
931,1087399,2,0,7,5,4,3,3,2,1,3,2,0,0,0,0
932,1087397,0,1,30,0,4,2,3,1,7,0,1,1,2,16,1
932,1087398,1,0,20,0,4,2,3,1,2,0,1,1,2,2,1
932,1087399,2,0,7,5,4,0,3,2,1,3,2,0,0,0,0
933,1087397,0,1,30,0,4,2,3,1,7,0,1,1,2,16,1
933,1087398,1,0,20,0,4,3,3,1,2,0,1,1,2,2,1
933,1087399,2,0,3,5,4,3,0,1,0,0,1,0,0,0,0
934,1087397,0,1,30,0,4,2,3,1,7,0,1,1,2,22,1
934,1087398,1,0,23,0,4,3,3,1,2,0,1,1,2,2,1
934,1087399,2,0,7,5,4,3,3,2,1,3,2,0,0,0,0
934,1087300,2,1,3,5,4,0,0,1,0,0,1,0,0,0,0
934,1087301,2,1,8,5,4,0,0,0,0,0,0,0,0,0,0
935,1087397,0,1,30,0,6,2,3,1,5,0,1,1,2,16,1
935,1087398,1,0,23,0,6,2,3,1,2,0,1,1,2,2,1
935,1087399,2,0,7,5,6,0,3,2,1,3,2,0,0,0,0
935,1087300,2,1,8,5,6,0,3,2,1,3,2,0,0,0,0
936,1087397,0,1,30,0,6,2,3,1,5,0,1,1,2,16,1
936,1087398,1,0,23,0,6,2,3,1,2,0,1,1,2,2,1
936,1087399,2,0,7,5,6,0,3,2,1,3,2,0,0,0,0
937,1087397,0,1,30,0,4,3,3,1,7,0,1,1,2,16,1
937,1087398,1,0,23,0,4,3,3,1,2,0,1,1,2,2,1
937,1087399,2,0,7,5,4,3,3,2,1,3,2,0,0,0,0
938,1083397,0,1,39,0,4,2,3,1,7,0,1,1,2,20,1
938,1083398,1,0,29,0,4,3,3,1,6,0,1,1,2,2,1
938,1083399,2,0,7,5,4,3,3,2,1,3,2,0,0,0,0
939,1087397,0,1,30,0,4,2,3,1,7,0,1,1,2,26,1
939,1087398,1,0,20,0,4,2,3,2,7,6,2,1,2,2,1
939,1087399,2,0,7,5,4,0,3,2,1,3,2,0,0,0,0
940,1083397,0,1,39,0,4,3,3,1,7,0,1,1,2,22,1
940,1083398,1,0,29,0,4,3,3,1,6,0,1,1,2,6,1
940,1083399,2,0,18,5,4,3,3,2,6,5,2,3,2,0,1
940,1083300,2,1,11,5,4,0,3,2,1,4,2,0,0,0,0
941,1087397,0,1,30,0,4,2,3,1,7,0,1,1,2,16,1
941,1087398,1,0,20,0,4,3,3,1,2,0,1,1,2,2,1
941,1087399,2,0,2,5,4,3,3,2,0,3,2,0,0,0,0
941,1087300,2,1,8,5,4,0,3,2,1,3,2,0,0,0,0
941,1087301,2,1,3,5,4,0,0,1,0,0,1,0,0,0,0
942,1087397,0,1,30,0,6,2,3,1,5,0,1,1,2,16,1
942,1087398,1,0,23,0,6,2,3,1,2,0,1,1,2,2,1
942,1087399,2,0,7,5,6,0,3,2,1,3,2,0,0,0,0
943,1083992,0,1,33,5,1,0,2,1,9,0,1,3,2,6,2
943,1083993,2,0,9,5,1,0,2,2,1,3,2,0,0,0,0
943,1083994,2,0,1,5,1,0,0,0,0,0,0,0,0,0,0
944,1087397,0,1,30,0,6,2,3,1,6,0,1,1,2,16,1
944,1087398,1,0,23,0,6,2,3,1,2,0,1,1,2,2,1
944,1087399,2,0,7,5,6,0,3,2,1,3,2,0,0,0,0
945,1087397,0,1,30,0,6,2,3,1,5,0,1,1,2,16,1
945,1087398,1,0,23,0,6,2,3,1,2,0,1,1,2,2,1
945,1087399,2,0,7,5,6,0,3,2,1,3,2,0,0,0,0
946,1084925,0,1,33,0,0,0,2,1,6,0,1,1,2,20,2
946,1084926,1,0,29,0,0,0,2,1,9,0,1,1,2,42,1
947,1087397,0,1,30,0,6,2,3,1,6,0,1,1,2,16,1
947,1087398,1,0,23,0,6,2,3,1,2,0,1,1,2,2,1
947,1087399,2,0,7,5,6,0,3,2,1,3,2,0,0,0,0
947,1087900,2,1,8,5,6,0,3,2,1,3,2,0,0,0,0
948,1087397,0,1,30,0,4,3,3,1,7,0,1,1,2,16,1
948,1087398,1,0,20,0,4,3,3,1,2,0,1,1,2,2,1
948,1087399,2,0,3,5,4,3,4,2,1,3,2,0,0,0,0
948,1087300,2,1,8,5,4,0,3,2,1,3,2,0,0,0,0
948,1087901,2,1,1,5,4,0,0,0,0,0,0,0,0,0,0
949,1087397,0,1,30,0,4,2,3,1,7,0,1,1,2,22,1
949,1087398,1,0,29,0,4,2,3,1,6,0,1,1,2,4,1
949,1087399,2,0,7,5,4,0,3,2,1,3,2,0,0,0,0
950,1087397,0,1,30,0,6,2,3,1,5,0,1,1,2,16,1
950,1087398,1,0,23,0,6,2,3,1,2,0,1,1,2,2,1
950,1087399,2,0,7,5,6,0,3,2,1,3,2,0,0,0,0
951,1087397,0,1,30,0,6,2,3,1,5,0,1,1,2,10,2
951,1087398,1,0,23,0,6,2,3,1,6,0,1,1,2,2,1
951,1087399,2,0,7,5,6,0,3,2,1,3,2,0,0,0,0
951,1087300,2,1,9,5,6,0,3,2,1,3,2,0,0,0,0
952,1087397,0,1,30,0,4,2,3,1,6,0,1,1,2,16,1
952,1087398,1,0,20,0,4,2,3,2,2,4,2,1,2,2,1
952,1087399,2,0,7,5,4,0,3,2,1,3,2,0,0,0,0
953,1083397,0,1,28,5,0,0,2,1,7,0,1,1,2,10,1
953,1083398,7,0,20,5,0,0,2,1,2,0,1,1,2,6,1
954,1084377,0,1,28,5,0,0,2,1,7,0,1,1,2,20,1
955,1084397,0,1,28,5,0,0,2,1,7,0,1,1,2,22,1
955,1084398,7,1,20,5,0,0,2,1,9,0,1,1,2,6,1
956,1087397,0,1,30,0,6,2,3,1,5,0,1,1,2,16,1
956,1087398,1,0,23,0,6,2,3,1,2,0,1,1,2,2,1
956,1087399,2,0,2,5,6,0,0,0,0,0,0,0,0,0,0
957,1087397,0,1,30,0,6,2,3,1,6,0,1,1,2,16,1
957,1087398,1,0,23,0,6,2,3,1,2,0,1,1,2,2,1
957,1087399,2,0,2,5,6,0,0,0,0,0,0,0,0,0,0
958,1024920,0,1,41,3,1,0,2,1,7,0,1,1,2,20,1
958,1024921,2,1,7,5,1,0,2,2,1,3,2,0,0,0,0
958,1024922,2,0,11,5,1,0,2,2,1,4,3,0,0,0,0
959,1084825,0,1,43,0,0,2,3,1,6,0,1,1,2,20,2
959,1084826,1,0,39,0,0,3,5,1,2,0,1,1,2,6,2
959,1084827,2,1,13,5,0,0,3,2,2,4,2,0,0,0,0
959,1084828,2,1,8,5,0,0,2,2,1,3,2,0,0,0,0
959,1084829,2,0,7,5,0,0,2,2,1,3,3,0,0,0,0
960,1087397,0,1,30,0,6,2,3,1,5,0,1,1,2,16,1
960,1087398,1,0,23,0,6,2,3,1,2,0,1,1,2,2,1
960,1087399,2,0,2,5,6,0,0,0,0,0,0,0,0,0,0
961,1084397,0,1,28,5,0,0,2,1,7,0,1,1,2,22,1
961,1084398,7,1,20,5,0,0,2,1,9,0,1,1,2,6,1
962,1087397,0,1,38,0,6,2,3,1,6,0,1,1,2,10,2
962,1087398,1,0,23,0,6,2,3,1,2,0,1,1,2,2,1
962,1087399,2,0,7,5,6,0,3,2,1,3,2,0,0,0,0
963,1084397,0,1,43,0,4,2,3,1,6,0,1,1,2,20,2
963,1084398,1,0,20,0,4,3,3,1,6,0,1,1,2,2,1
963,1084399,2,1,7,5,4,3,3,2,1,3,2,0,0,0,0
963,1084300,2,1,8,5,4,0,3,2,1,3,2,0,0,0,0
964,1087397,0,1,30,0,6,2,3,1,5,0,1,1,2,16,1
964,1087398,1,0,23,0,6,2,3,1,2,0,1,1,2,2,1
964,1087399,2,0,7,5,6,0,3,2,1,3,2,0,0,0,0
964,1087300,2,1,8,5,6,0,3,2,1,3,2,0,0,0,0
965,1087397,0,1,30,0,1,0,2,1,5,0,1,3,2,10,2
965,1087398,1,0,23,0,1,0,2,1,2,0,1,1,2,2,1
965,1087399,2,0,2,5,1,0,0,0,0,0,0,0,0,0,0
966,1087397,0,1,30,0,4,2,3,1,7,0,1,1,2,16,1
966,1087398,1,0,20,0,4,2,3,2,7,6,2,1,2,2,1
966,1087399,2,0,7,5,4,0,3,2,1,3,2,0,0,0,0
967,1087397,0,1,30,0,1,0,2,1,6,0,1,3,2,8,1
967,1087398,1,0,23,0,1,0,2,1,2,0,1,1,2,6,1
967,1087399,2,0,2,5,1,0,0,0,0,0,0,0,0,0,0
968,1087397,0,1,30,0,4,2,3,1,7,0,1,1,2,16,1
968,1087398,1,0,20,0,4,2,3,1,2,0,1,1,2,2,1
968,1087399,2,0,7,5,4,3,3,2,1,3,2,0,0,0,0
969,1087397,0,1,30,0,6,2,3,1,5,0,1,1,2,16,1
969,1087398,1,0,23,0,6,2,3,1,2,0,1,1,2,2,1
969,1087399,2,0,7,5,6,0,4,2,1,3,2,0,0,0,0
969,1087300,7,1,35,5,6,0,3,1,6,0,1,3,2,10,1
970,1083992,0,1,33,5,0,2,3,1,6,0,1,3,2,16,2
970,1083993,2,1,9,5,0,0,3,2,1,3,2,0,0,0,0
970,1083994,2,0,1,5,0,0,0,0,0,0,0,0,0,0,0
971,1083397,0,1,28,5,4,2,3,1,7,0,1,1,2,22,1
971,1083398,7,0,20,5,4,3,3,1,6,0,1,1,2,6,1
972,1087397,0,1,30,0,4,2,3,1,7,0,1,1,2,16,1
972,1087398,1,0,23,0,4,3,3,1,2,0,1,1,2,2,1
972,1087399,2,0,7,5,4,3,3,2,1,3,2,0,0,0,0
972,1087300,2,1,9,5,4,0,3,2,1,3,2,0,0,0,0
972,1087301,2,1,8,5,4,0,5,2,1,3,2,0,0,0,0
973,1087397,0,1,30,0,6,2,3,1,5,0,1,1,2,16,1
973,1087398,1,0,23,0,6,2,3,1,2,0,1,1,2,2,1
973,1087399,2,0,7,5,6,0,3,2,1,3,2,0,0,0,0
974,1087397,0,1,30,0,4,2,3,1,7,0,1,1,2,20,1
974,1087398,1,0,20,0,4,3,3,1,2,0,1,1,2,2,1
974,1087399,2,0,7,5,4,3,3,2,1,3,2,0,0,0,0
974,1087300,2,1,8,5,4,0,3,2,1,3,2,0,0,0,0
975,1087397,0,1,30,0,1,0,2,1,7,0,1,3,2,16,1
975,1087398,1,0,23,0,1,0,2,1,2,0,1,1,2,2,1
975,1087399,2,0,6,5,1,0,2,2,0,2,3,0,0,0,0
976,1087397,0,1,30,0,4,2,3,1,7,0,1,1,2,28,1
976,1087398,1,0,29,0,4,3,3,1,2,0,1,1,2,2,1
976,1087399,2,0,7,5,4,3,3,2,1,3,2,0,0,0,0
976,1087300,2,1,8,5,4,0,3,2,1,3,2,0,0,0,0
976,1087301,2,1,8,5,4,0,5,2,1,3,2,0,0,0,0
977,1084920,0,1,32,0,4,2,3,1,7,0,1,1,2,20,1
977,1084921,1,0,20,0,4,3,3,1,9,0,1,1,2,20,1
977,1084922,2,0,3,5,4,0,0,1,0,0,1,0,0,0,0
977,1084923,2,1,8,5,4,0,2,2,1,3,2,0,0,0,0
978,1087397,0,1,30,0,6,2,3,1,5,0,1,1,2,10,2
978,1087398,1,0,23,0,6,2,3,1,2,0,1,1,2,2,1
978,1087399,2,0,7,5,6,0,3,2,1,3,2,0,0,0,0
978,1087300,2,1,9,5,6,0,3,2,1,3,2,0,0,0,0
979,1084377,0,1,28,5,0,0,2,1,7,0,1,1,2,20,2
980,1087397,0,1,30,0,6,2,3,1,5,0,1,1,2,16,1
980,1087398,1,0,23,0,6,2,3,1,2,0,1,1,2,2,1
980,1087399,2,0,7,5,6,0,3,2,1,3,2,0,0,0,0
981,1084397,0,1,28,5,0,0,2,1,7,0,1,1,2,22,1
981,1084398,7,1,20,5,0,0,2,1,9,0,1,1,2,6,1
982,1087397,0,1,30,0,4,2,3,1,6,0,1,1,2,16,1
982,1087398,1,0,23,0,4,3,3,1,2,0,1,1,2,2,1
982,1087399,2,0,7,5,4,3,3,2,1,3,2,0,0,0,0
982,1087300,2,1,8,5,4,0,3,2,1,3,2,0,0,0,0
983,1084920,0,1,33,0,0,2,3,1,6,0,1,1,2,16,1
983,1084921,1,0,29,0,0,3,3,1,9,0,1,1,2,20,1
984,1087397,0,1,30,0,4,2,3,1,7,0,1,1,2,16,1
984,1087398,1,0,29,0,4,3,3,1,9,0,1,1,2,2,1
984,1087399,2,0,7,5,4,3,3,2,1,3,2,0,0,0,0
985,1084367,0,1,23,5,0,0,2,1,7,0,1,1,2,20,2
986,1084377,0,1,28,5,0,0,2,1,7,0,1,1,2,20,1
987,1087397,0,1,30,0,4,2,3,1,7,0,1,1,2,20,1
987,1087398,1,0,20,0,4,3,3,1,7,0,1,1,2,2,1
987,1087399,2,0,7,5,4,3,3,2,1,3,2,0,0,0,0
988,1083397,0,1,28,5,1,0,2,1,7,0,1,1,2,10,2
988,1083398,7,0,23,5,1,0,2,1,2,0,1,1,2,6,1
989,1087397,0,1,30,0,4,2,3,1,7,0,1,1,2,16,1
989,1087398,1,0,23,0,4,2,3,1,2,0,1,1,2,2,1
989,1087399,2,0,7,5,4,0,3,2,1,3,2,0,0,0,0
990,1087397,0,1,30,0,4,2,3,1,7,0,1,1,2,20,1
990,1087398,1,0,29,0,4,3,3,1,6,0,1,1,2,2,1
990,1087399,2,0,7,5,4,3,3,2,1,3,2,0,0,0,0
990,1087300,2,1,3,5,4,0,0,1,0,0,1,0,0,0,0
991,1146375,0,1,29,5,4,0,3,2,7,6,2,1,2,20,1
991,1146376,2,1,8,5,4,0,3,2,1,3,2,0,0,0,0
991,1146377,2,0,6,5,4,0,3,2,1,2,3,0,0,0,0
992,1087397,0,1,30,0,6,2,3,1,5,0,1,1,2,16,1
992,1087398,1,0,23,0,6,2,3,1,2,0,1,1,2,2,1
992,1087399,2,0,7,5,6,0,3,2,1,3,2,0,0,0,0
992,1087400,2,1,9,5,6,0,3,2,1,3,2,0,0,0,0
993,1084377,0,1,28,5,0,0,2,1,7,0,1,1,2,20,1
994,1083972,0,1,38,5,1,0,2,1,6,0,1,3,2,4,2
994,1083973,2,0,9,5,1,0,2,2,1,3,2,0,0,0,0
994,1083974,2,0,6,5,1,0,2,2,1,2,3,0,0,0,0
995,1087397,0,1,30,0,4,2,3,1,7,0,1,1,2,16,1
995,1087398,1,0,20,0,4,3,3,1,9,0,1,1,2,2,1
995,1087399,2,0,7,5,4,3,3,2,1,3,2,0,0,0,0
996,1084920,0,1,33,0,0,2,3,1,6,0,1,1,2,20,1
996,1084921,1,0,20,0,0,3,3,1,9,0,1,1,2,20,1
996,1084922,2,0,3,5,0,0,0,1,0,0,1,0,0,0,0
997,1084397,0,1,28,5,0,0,2,1,7,0,1,1,2,22,1
997,1084398,7,1,20,5,0,0,2,1,9,0,1,1,2,6,1
998,1083992,0,1,33,5,0,2,3,1,6,0,1,3,2,16,2
998,1083993,2,1,9,5,0,0,3,2,1,3,2,0,0,0,0
998,1083994,2,0,1,5,0,0,0,0,0,0,0,0,0,0,0
999,1087397,0,1,30,0,4,2,3,1,7,0,1,1,2,16,1
999,1087398,1,0,23,0,4,2,3,1,2,0,1,1,2,2,1
999,1087399,2,0,0,5,4,0,0,0,0,0,0,0,0,0,0
