RELATE,SEX,AGE,MARST,RACE,CITIZEN,SPEAKENG,SCHOOL,EDUC,GRADEATT,SCHLTYPE,EMPSTAT,CLASSWKR,INCTOT,DISABWRK,household_id,individual_id
0,1,42,5,0,0,3,1,6,0,1,1,2,17,1,0,0
2,0,49,3,0,0,2,1,3,0,1,2,2,9,1,1,1
0,1,54,0,0,0,2,1,6,0,1,1,2,10,1,1,2
1,1,63,0,7,0,4,1,6,0,1,3,2,12,1,2,3
0,0,66,0,0,2,3,1,6,0,1,1,2,14,1,2,4
0,0,49,5,0,0,2,1,7,0,1,1,2,21,2,3,5
0,1,38,0,0,3,3,1,2,0,1,1,2,7,1,4,6
1,1,35,0,0,2,3,1,2,0,1,1,2,7,1,4,7
2,0,11,5,0,0,3,2,2,4,2,0,0,0,0,4,8
2,0,9,5,0,0,3,2,1,3,2,0,0,0,0,4,9
2,0,10,5,0,0,3,2,2,4,2,0,0,0,0,4,10
0,1,59,0,0,0,2,1,8,0,1,3,2,14,1,5,11
1,1,62,0,0,0,2,1,6,0,1,3,0,2,1,5,12
0,0,73,4,0,0,2,1,6,0,1,3,0,4,1,6,13
7,0,27,1,5,2,2,2,7,6,2,1,2,2,1,7,14
7,1,85,4,0,0,3,1,4,0,1,3,0,0,1,8,15
0,1,85,4,0,0,2,1,5,0,1,3,0,23,2,9,16
1,0,53,0,5,2,3,1,9,0,1,1,2,4,1,10,17
0,0,44,0,5,3,3,1,9,0,1,1,2,7,1,10,18
0,1,51,3,0,0,2,1,7,0,1,1,1,17,1,11,19
0,1,85,4,0,0,2,1,6,0,1,3,0,13,2,12,20
1,0,29,0,0,0,2,1,6,0,1,1,2,14,1,13,21
0,1,31,0,0,0,2,1,6,0,1,3,2,12,1,13,22
7,0,9,5,7,0,2,2,1,3,2,0,1,0,0,14,23
0,0,29,1,0,0,2,1,6,0,1,1,2,15,1,14,24
7,1,35,2,0,0,2,1,6,0,1,1,2,10,1,14,25
7,1,20,5,0,0,2,2,6,6,2,3,2,3,1,15,26
1,0,30,0,0,0,2,1,4,0,1,1,2,9,1,16,27
0,1,25,0,0,3,5,1,3,0,1,1,2,12,2,16,28
2,0,3,5,7,0,0,0,0,0,0,0,0,0,1,16,29
1,1,64,0,0,0,2,1,9,0,1,1,2,28,1,17,30
0,0,74,0,0,0,2,1,10,0,1,1,2,11,1,17,31
1,0,43,0,0,0,2,1,7,0,1,1,1,16,1,18,32
0,0,12,5,0,0,2,2,2,4,2,0,0,0,0,18,33
0,1,37,0,0,0,2,1,9,0,1,3,2,0,1,18,34
1,1,62,0,0,0,2,1,7,0,1,3,2,8,1,19,35
0,0,65,0,0,0,2,1,7,0,1,3,2,13,1,19,36
0,1,56,0,1,0,2,1,6,0,1,1,0,6,2,20,37
7,1,40,3,1,0,2,1,6,0,1,1,2,7,1,20,38
1,0,53,0,2,0,2,1,6,0,1,3,2,6,2,20,39
0,1,59,0,1,0,2,1,6,0,1,3,0,5,2,20,40
0,0,47,0,0,2,2,1,9,0,1,1,2,50,1,21,41
2,1,12,5,0,0,2,1,0,0,1,0,0,0,0,21,42
2,1,13,5,0,0,2,2,2,4,3,0,0,0,0,21,43
1,1,47,0,0,2,2,1,9,0,1,3,0,0,1,21,44
1,0,60,0,0,3,5,1,6,0,1,1,2,30,2,22,45
0,1,53,0,0,0,5,1,10,0,1,1,1,47,2,22,46
2,1,7,5,0,3,4,2,1,3,2,0,0,0,0,23,47
0,0,40,0,0,3,4,1,10,0,1,1,2,35,1,23,48
1,1,41,0,0,0,4,1,8,0,1,1,2,7,2,23,49
2,1,7,5,0,3,4,2,1,3,2,0,0,0,0,23,50
0,1,53,3,0,0,2,1,6,0,1,1,2,11,1,24,51
1,1,50,0,5,2,4,1,9,0,1,3,0,0,1,25,52
2,1,18,5,0,3,3,2,4,6,3,3,0,0,1,25,53
2,1,42,0,7,2,3,1,9,0,1,1,2,19,1,25,54
1,1,53,0,0,0,2,1,6,0,1,1,2,13,1,26,55
0,0,54,0,0,0,2,1,9,0,1,1,2,27,1,26,56
7,1,31,5,0,0,2,2,6,0,3,3,2,5,1,27,57
0,0,40,5,0,0,2,1,0,0,1,2,1,5,2,27,58
1,1,55,0,0,2,5,1,6,0,1,1,1,3,2,28,59
0,0,57,0,0,2,5,1,0,0,1,1,2,3,2,28,60
0,0,62,0,0,0,2,1,10,0,1,1,2,20,1,29,61
1,1,61,0,0,0,2,1,6,0,1,1,2,4,1,29,62
1,0,61,0,0,0,2,1,10,0,1,1,1,8,1,30,63
0,0,69,0,4,0,2,1,6,0,1,3,1,8,1,30,64
1,1,58,0,0,0,2,1,6,0,1,3,2,16,1,31,65
0,0,56,0,0,0,2,1,9,0,1,1,2,7,1,31,66
0,0,34,0,6,0,3,1,6,0,1,1,2,10,1,32,67
1,1,35,0,0,0,2,1,6,0,1,1,2,8,1,32,68
0,1,67,4,0,0,2,1,6,0,1,3,0,8,1,33,69
2,0,17,5,0,0,2,2,5,5,2,1,2,1,1,34,70
0,1,52,3,0,0,2,1,6,0,1,1,2,7,1,34,71
2,1,45,3,0,0,3,1,9,0,1,1,2,23,1,35,72
0,1,57,4,0,0,2,2,0,0,1,3,2,3,0,35,73
1,0,43,3,0,0,2,1,7,0,1,1,2,37,1,35,74
5,1,17,5,0,0,2,2,6,6,2,1,2,0,1,35,75
0,1,39,3,0,0,2,2,7,6,2,1,2,10,1,36,76
2,0,15,5,0,0,2,2,3,5,2,0,0,0,0,36,77
2,0,15,5,0,0,2,2,3,5,2,0,0,0,0,36,78
0,0,48,5,0,0,2,1,6,0,1,1,2,20,1,37,79
1,1,29,0,0,0,2,1,9,0,1,1,2,32,1,38,80
0,0,30,0,0,0,2,1,9,0,1,1,2,64,1,38,81
2,0,3,5,2,0,0,2,0,1,2,0,0,0,0,39,82
1,1,31,0,2,0,2,1,6,0,1,1,2,9,1,39,83
2,0,11,5,2,0,2,2,2,4,2,0,0,0,0,39,84
1,1,31,0,2,0,2,1,6,0,1,1,2,8,1,39,85
2,0,2,5,2,0,0,0,0,0,0,0,0,0,0,39,86
0,0,38,5,0,0,2,1,10,0,1,1,2,31,1,40,87
0,0,72,0,1,0,2,1,6,0,1,3,2,9,1,41,88
1,1,69,0,1,0,2,1,6,0,1,3,2,0,1,41,89
5,1,20,5,1,0,2,2,6,6,3,1,2,8,2,41,90
0,0,59,0,0,0,2,1,8,0,1,1,2,25,1,42,91
1,1,66,0,0,0,2,1,6,0,1,3,0,1,1,42,92
0,1,85,4,0,0,2,1,6,0,1,3,0,14,1,43,93
0,0,44,4,1,0,2,2,5,6,2,0,2,7,1,44,94
5,1,15,5,1,0,2,2,3,5,2,0,0,0,0,44,95
5,0,4,5,1,0,0,1,0,0,1,0,0,0,0,44,96
0,1,50,4,1,0,2,2,7,6,2,1,2,16,1,44,97
2,1,22,2,1,0,2,1,6,0,1,1,2,11,1,44,98
5,0,0,5,1,0,0,0,0,0,0,0,0,0,0,44,99
0,1,67,4,0,0,2,1,7,0,1,1,2,24,1,45,100
2,0,11,5,6,0,3,2,1,4,2,0,0,0,0,46,101
1,1,43,0,6,3,5,1,6,0,1,3,0,0,1,46,102
2,1,9,5,6,0,3,2,0,3,2,0,0,0,0,46,103
0,0,45,0,6,0,4,1,9,0,1,1,2,10,1,46,104
5,1,6,5,0,0,2,2,1,3,2,0,0,0,0,47,105
5,1,2,5,0,0,0,0,0,0,0,0,0,0,0,47,106
0,0,59,3,0,0,2,1,6,0,1,3,2,46,1,47,107
2,1,28,2,0,0,2,1,8,0,1,2,2,5,1,47,108
1,1,54,0,0,0,2,1,8,0,1,3,1,0,1,47,109
0,1,74,4,0,0,2,1,4,0,1,3,0,0,1,48,110
2,0,31,5,0,0,2,1,6,0,1,1,2,14,1,48,111
0,0,39,5,0,0,2,1,10,0,1,2,2,8,1,49,112
7,1,38,2,0,0,2,1,6,0,1,3,2,5,1,49,113
2,1,7,5,7,0,0,2,1,3,2,0,0,0,0,50,114
2,1,12,5,1,0,3,2,2,5,2,0,0,0,0,50,115
0,1,29,3,5,0,2,1,7,0,1,1,1,8,1,50,116
2,0,1,5,7,0,0,0,0,0,0,0,0,0,0,50,117
7,0,32,5,7,2,3,1,9,0,1,1,2,13,1,50,118
0,1,84,4,1,0,2,1,6,0,1,3,0,23,2,51,119
7,0,41,5,7,1,2,1,10,0,1,1,2,0,1,51,120
0,1,50,0,8,2,2,1,8,0,1,3,2,21,1,52,121
1,0,47,0,8,2,3,1,10,0,1,1,2,63,2,52,122
7,1,50,0,6,3,1,1,0,0,1,1,2,8,1,53,123
0,0,47,0,6,3,1,1,1,0,1,3,2,0,1,53,124
2,0,18,5,6,0,3,1,6,0,1,3,0,0,1,53,125
1,1,73,0,0,0,2,1,6,0,1,1,2,10,1,54,126
0,0,69,0,0,0,2,1,7,0,1,3,2,3,2,54,127
2,1,5,5,7,0,2,2,1,1,2,0,0,0,0,55,128
1,1,30,5,8,0,2,1,6,0,1,2,2,2,0,55,129
2,1,5,5,7,0,2,2,1,1,2,0,0,0,0,55,130
0,0,33,0,7,0,2,1,7,0,1,1,2,4,1,55,131
0,0,36,0,0,2,3,1,9,0,1,3,2,10,1,56,132
0,1,32,3,0,0,2,1,7,0,1,1,1,7,1,56,133
2,0,1,5,0,0,0,0,0,0,0,0,0,0,0,56,134
2,1,12,5,0,0,2,2,2,4,2,0,0,0,0,56,135
2,0,9,5,0,0,3,2,1,3,2,0,0,0,0,56,136
0,0,56,3,0,0,2,1,6,0,1,1,1,13,1,57,137
7,0,20,5,0,0,2,2,7,6,3,1,2,8,1,58,138
0,0,48,0,1,0,2,1,7,0,1,1,2,13,1,59,139
2,0,18,5,1,0,2,2,5,5,2,3,0,0,1,59,140
1,1,46,0,1,0,2,1,6,0,1,1,2,12,1,59,141
2,0,13,5,1,0,2,2,6,4,2,0,0,0,0,59,142
7,0,22,5,0,0,4,1,6,0,1,1,2,15,1,60,143
7,0,43,5,0,1,2,1,6,0,1,3,2,0,2,61,144
7,0,19,5,0,0,2,1,6,0,1,1,2,6,1,62,145
7,1,22,5,0,0,2,1,6,0,1,1,2,6,1,63,146
0,1,21,5,0,0,2,1,9,0,1,2,2,1,1,64,147
7,1,22,5,0,0,2,1,9,0,1,2,2,2,1,64,148
7,1,22,5,0,0,2,1,6,0,1,1,2,9,1,64,149
7,0,27,5,0,0,2,1,9,0,1,1,2,21,1,65,150
0,0,38,5,0,0,2,1,9,0,1,1,2,7,1,65,151
7,0,22,5,0,0,2,1,7,0,1,1,2,6,1,65,152
7,0,45,0,5,2,5,1,6,0,1,3,1,10,1,66,153
7,0,46,0,0,3,5,1,6,0,1,1,1,5,2,66,154
0,0,46,0,0,2,2,2,7,6,2,3,0,3,1,66,155
7,1,43,0,5,3,1,1,6,0,1,3,0,0,1,66,156
1,1,60,0,5,2,4,1,6,0,1,3,2,6,2,66,157
2,1,20,5,0,3,3,2,6,6,3,1,2,4,1,67,158
1,1,53,0,0,3,1,1,6,0,1,3,0,0,1,67,159
0,0,60,0,0,2,1,1,6,0,1,3,0,4,1,67,160
7,1,27,5,0,0,2,1,6,0,1,1,2,6,1,68,161
0,1,30,5,0,3,2,1,2,0,1,1,2,10,2,68,162
5,0,1,5,0,0,0,0,0,0,0,0,0,0,0,68,163
2,0,12,5,6,0,4,2,2,4,2,0,0,0,0,69,164
2,0,9,5,6,0,4,2,0,3,2,0,0,0,0,69,165
1,1,46,0,6,3,1,1,0,0,1,3,0,0,1,69,166
2,0,12,5,6,0,4,2,2,4,2,0,0,0,0,69,167
2,0,8,5,6,0,4,2,1,3,2,0,0,0,0,69,168
0,0,40,0,6,3,1,1,0,0,1,3,2,5,1,69,169
0,0,40,0,6,3,1,1,6,0,1,1,2,6,1,69,170
4,1,25,0,6,3,1,1,0,0,1,3,0,0,1,69,171
2,0,9,5,6,0,4,2,0,3,2,0,0,0,0,69,172
0,0,39,0,1,0,2,1,6,0,1,1,2,17,2,70,173
1,1,33,0,1,0,2,1,6,0,1,1,2,7,2,70,174
0,1,85,4,0,0,2,1,6,0,1,3,0,16,2,71,175
0,0,41,0,0,0,3,1,9,0,1,2,2,22,1,72,176
1,1,44,0,0,0,2,1,8,0,1,3,2,6,1,72,177
2,0,14,5,0,0,2,2,2,5,2,0,0,0,0,72,178
2,1,25,5,0,0,3,2,9,7,2,1,2,11,1,72,179
1,1,43,0,5,3,2,1,4,0,1,3,2,4,1,73,180
2,0,6,5,6,0,2,2,1,3,2,0,0,0,0,73,181
2,0,18,5,6,0,3,2,6,6,2,1,0,0,1,73,182
0,0,41,0,6,0,3,1,6,0,1,1,2,14,1,73,183
2,0,22,5,6,0,2,1,6,0,1,1,2,5,1,73,184
0,0,40,3,0,0,2,1,10,0,1,1,2,3,1,74,185
0,1,38,3,0,0,2,1,6,0,1,1,2,16,1,75,186
0,1,63,2,0,0,2,1,6,0,1,3,1,4,1,75,187
5,1,12,5,0,0,2,2,1,4,2,0,0,0,0,75,188
2,0,28,5,0,0,3,1,6,0,1,1,2,10,1,76,189
2,0,26,5,0,0,3,1,7,0,1,1,2,8,1,76,190
2,1,9,5,0,0,3,2,1,3,2,0,0,0,0,76,191
2,0,38,5,0,3,4,1,6,0,1,1,2,6,2,76,192
0,1,58,0,0,2,4,1,6,0,1,3,2,4,1,76,193
1,0,51,0,6,2,4,1,6,0,1,3,0,0,1,76,194
0,0,40,0,0,3,3,2,6,5,2,1,2,15,1,77,195
2,1,12,5,0,0,3,2,2,4,2,0,0,0,0,77,196
2,1,7,5,0,0,3,2,1,3,2,0,0,0,0,77,197
1,1,43,0,0,3,5,2,2,4,2,3,0,0,1,77,198
0,0,44,0,0,2,3,1,7,0,1,1,2,17,2,77,199
2,1,12,5,7,0,2,2,2,4,2,0,0,0,0,78,200
2,1,18,5,0,0,2,2,5,5,2,1,2,0,1,78,201
0,0,34,5,7,0,2,2,7,6,2,1,1,12,1,78,202
1,1,42,0,0,0,2,1,7,0,1,1,2,7,1,78,203
7,1,21,5,0,0,2,1,6,0,1,1,2,7,1,79,204
7,0,20,5,0,0,2,1,6,0,1,1,2,7,1,79,205
0,0,23,5,0,0,3,1,6,0,1,1,2,15,1,79,206
1,1,35,5,0,3,1,1,6,0,1,1,2,10,1,80,207
0,0,50,0,0,0,3,1,3,0,1,1,2,7,1,80,208
2,0,6,5,0,0,3,2,2,3,2,0,0,0,0,80,209
2,0,6,5,0,0,3,2,1,3,2,0,0,0,0,80,210
2,0,3,5,0,0,0,1,0,0,1,0,0,0,0,80,211
0,0,48,0,0,0,2,1,6,0,1,1,2,19,1,81,212
2,1,20,5,0,0,3,2,7,6,3,3,0,0,1,81,213
1,1,42,0,0,0,2,1,6,0,1,1,2,30,1,81,214
7,0,47,5,0,0,2,1,6,0,1,3,2,4,2,82,215
7,0,60,5,1,0,2,1,7,0,1,2,0,2,2,83,216
0,0,83,4,0,0,2,1,6,0,1,3,0,80,1,84,217
1,0,58,0,0,3,5,1,6,0,1,1,2,29,2,85,218
0,1,53,0,7,3,5,1,7,0,1,1,1,45,2,85,219
0,1,68,4,0,0,2,1,10,0,1,1,1,30,1,86,220
7,0,44,5,0,1,2,1,6,0,1,3,2,1,2,87,221
7,1,36,5,0,0,3,1,6,0,1,1,2,12,1,88,222
0,0,43,5,0,0,2,1,8,0,1,1,2,28,1,88,223
7,0,29,5,0,0,3,1,7,0,1,1,2,29,1,88,224
2,1,5,5,0,0,2,2,0,1,3,0,0,0,0,89,225
0,0,37,0,6,0,2,1,9,0,1,1,1,60,1,89,226
1,1,34,0,0,0,2,1,9,0,1,1,2,18,1,89,227
2,1,1,5,0,0,0,0,0,0,0,0,0,0,0,89,228
1,0,45,0,0,3,3,1,6,0,1,1,2,6,1,90,229
0,1,37,0,1,0,3,2,7,6,2,1,2,12,1,90,230
2,1,3,5,0,0,0,1,0,0,1,0,0,0,0,90,231
2,0,21,5,0,0,3,2,6,5,2,3,0,0,1,90,232
2,0,18,5,0,3,2,2,5,5,2,3,0,0,1,90,233
2,1,3,5,0,0,0,1,0,0,1,0,0,0,0,90,234
0,0,59,0,6,2,5,1,10,0,1,1,2,5,1,91,235
1,1,49,0,6,2,3,1,10,0,1,1,1,25,1,91,236
0,1,64,5,0,2,4,1,10,0,1,1,2,20,2,92,237
2,0,17,5,7,3,5,2,5,5,2,3,0,0,1,93,238
2,1,12,5,7,3,3,2,2,4,2,0,0,0,0,93,239
2,1,15,5,7,3,3,2,2,5,2,0,0,0,0,93,240
2,0,18,5,7,3,5,2,5,5,2,3,0,0,1,93,241
0,1,44,2,7,3,4,1,1,0,1,2,0,5,1,93,242
2,1,15,5,7,3,3,2,2,5,2,0,0,0,0,93,243
2,1,18,0,7,3,3,2,2,4,2,0,0,0,0,93,244
0,0,37,0,0,0,2,1,6,0,1,2,2,3,1,94,245
2,1,9,5,0,0,2,2,1,3,2,0,0,0,0,94,246
2,1,10,5,0,0,2,2,2,4,2,0,0,0,0,94,247
2,1,21,5,0,0,2,1,4,0,2,3,0,0,0,94,248
2,0,10,5,0,0,2,2,2,4,2,0,0,0,0,94,249
0,0,37,0,0,0,2,1,6,0,1,2,2,3,1,94,250
2,1,11,5,0,0,2,2,2,4,2,0,0,0,0,94,251
2,1,15,5,0,0,2,2,2,4,2,0,0,0,0,94,252
0,0,60,0,0,0,5,1,6,0,1,3,0,5,1,95,253
1,1,49,0,7,0,2,1,10,0,1,1,2,7,2,95,254
2,1,40,5,6,0,0,1,6,0,1,0,0,0,1,95,255
2,1,7,5,6,0,3,2,1,3,2,0,0,0,0,96,256
1,0,17,5,6,0,3,2,5,5,2,0,2,0,1,96,257
0,0,47,0,6,2,5,1,2,0,1,1,2,7,1,96,258
1,1,40,0,6,2,4,1,6,0,1,3,2,0,2,96,259
1,1,45,0,3,0,2,1,9,0,1,1,2,6,1,97,260
1,1,46,0,3,0,2,1,9,0,1,1,2,4,1,97,261
2,1,18,5,7,0,2,2,5,5,2,3,1,0,1,97,262
2,1,12,5,7,0,2,2,2,4,2,0,0,0,0,97,263
1,1,30,0,0,0,2,1,9,0,1,1,2,82,1,98,264
2,1,0,5,0,0,0,0,0,0,0,0,0,0,0,98,265
0,0,38,0,0,0,2,2,0,6,2,1,2,19,1,98,266
1,0,48,0,0,0,2,1,7,0,1,1,2,20,1,99,267
2,1,2,5,0,0,0,0,0,0,0,0,0,0,0,99,268
0,1,47,0,0,0,2,1,9,0,1,1,2,22,1,99,269
2,0,18,5,1,0,2,2,5,5,2,3,0,0,1,100,270
1,1,40,0,1,0,2,1,9,0,1,1,2,30,1,100,271
0,0,42,0,1,0,2,1,7,0,1,1,2,13,1,100,272
2,0,9,5,1,0,2,2,1,3,2,0,0,0,0,100,273
0,0,53,0,0,0,2,1,6,0,1,1,2,26,1,101,274
1,1,60,0,0,0,2,1,5,0,1,3,2,0,1,101,275
0,1,65,4,0,0,2,1,6,0,1,3,2,21,1,102,276
0,0,55,0,0,0,2,1,10,0,1,1,2,43,1,103,277
1,1,58,0,0,0,2,2,10,7,3,1,2,43,1,103,278
1,0,49,0,6,3,5,1,2,0,1,3,2,5,1,104,279
2,1,34,2,7,0,2,2,0,6,2,2,0,3,1,104,280
0,1,57,0,6,0,4,1,2,0,1,3,0,3,1,104,281
0,1,58,4,0,0,2,1,6,0,1,3,2,9,1,105,282
7,0,58,3,4,3,4,1,6,0,1,1,2,32,1,106,283
2,1,20,0,4,0,3,2,7,6,2,1,2,3,1,106,284
0,1,48,3,4,2,4,1,6,0,1,1,2,16,1,106,285
7,1,67,4,0,0,2,1,7,0,1,3,0,13,1,107,286
0,0,66,3,0,0,2,1,2,0,1,3,2,9,2,107,287
0,0,68,0,0,0,2,1,7,0,1,1,0,10,1,108,288
1,1,74,0,0,0,2,1,7,0,1,3,0,5,1,108,289
0,1,74,2,0,0,2,1,6,0,1,3,0,8,1,109,290
2,0,11,5,2,0,2,2,2,4,2,0,0,0,0,110,291
0,0,34,0,8,0,2,1,6,0,1,1,2,7,1,110,292
2,1,12,5,2,0,2,2,2,4,2,0,0,0,0,110,293
7,0,42,5,0,0,2,1,0,0,1,1,2,5,2,110,294
2,0,3,5,1,0,0,1,0,0,1,0,0,0,0,110,295
7,1,50,4,0,0,2,1,8,0,1,3,2,4,2,111,296
0,1,46,3,0,0,2,2,8,6,2,3,0,6,2,111,297
1,1,51,0,0,0,2,1,7,0,1,3,2,0,1,112,298
0,0,57,0,0,0,2,1,7,0,1,1,2,4,1,112,299
0,0,25,5,0,0,2,1,6,0,1,1,2,12,1,113,300
7,0,31,5,0,0,2,1,6,0,1,1,2,9,1,113,301
0,0,77,0,0,0,2,1,9,0,1,3,0,10,1,114,302
0,0,78,0,0,0,2,1,7,0,1,3,0,33,2,114,303
2,1,53,3,0,0,2,1,6,0,1,1,2,10,1,114,304
1,1,50,0,0,0,2,1,9,0,1,1,2,24,1,115,305
0,0,53,0,0,0,2,1,7,0,1,1,1,6,1,115,306
7,1,19,5,0,0,2,2,6,6,3,3,2,3,1,116,307
0,0,53,0,0,2,2,1,6,0,1,1,2,27,1,117,308
1,1,60,0,0,0,2,1,6,0,1,3,2,3,1,117,309
2,1,11,5,3,0,2,2,2,4,2,0,0,0,0,118,310
0,0,44,0,3,2,4,1,7,0,1,1,2,31,1,118,311
1,1,38,0,3,2,4,1,6,0,1,1,2,15,1,118,312
2,0,14,5,3,0,2,2,2,5,2,0,0,0,0,118,313
2,1,66,4,0,0,2,1,8,0,1,3,2,19,1,119,314
0,1,85,4,0,0,2,1,9,0,1,3,0,77,2,119,315
1,1,36,0,0,3,4,1,8,6,1,3,0,0,1,120,316
0,0,39,0,0,3,4,1,1,0,1,3,2,14,2,120,317
2,0,5,5,0,0,5,2,0,2,2,0,0,0,0,120,318
2,1,4,5,0,0,0,1,0,0,1,0,0,0,0,120,319
1,1,69,5,0,2,5,1,4,0,1,3,0,3,1,121,320
0,0,71,0,0,0,2,1,6,0,1,3,0,10,1,121,321
2,1,9,5,6,0,3,2,1,3,2,0,0,0,0,122,322
0,0,45,0,6,2,4,1,2,0,1,1,2,9,1,122,323
1,1,43,0,6,2,5,1,6,0,1,3,0,0,1,122,324
2,0,11,5,6,0,3,2,1,4,2,0,0,0,0,122,325
0,0,42,0,0,3,4,1,2,0,1,1,2,47,2,123,326
2,0,5,5,0,0,5,2,0,2,2,0,0,0,0,123,327
1,1,37,0,0,3,4,1,8,0,1,3,0,0,1,123,328
2,1,3,5,0,0,0,2,0,1,2,0,0,0,0,123,329
2,0,7,5,0,0,2,2,1,3,3,0,0,0,0,124,330
1,1,41,0,0,0,2,1,10,0,1,3,2,0,1,124,331
0,0,43,0,5,0,2,1,10,0,1,1,2,20,1,124,332
2,1,11,5,6,0,3,2,2,4,3,0,0,0,0,124,333
1,1,66,0,7,0,2,1,9,0,1,3,2,26,1,125,334
0,0,71,0,7,0,2,1,9,0,1,3,2,31,1,125,335
0,0,38,0,0,0,2,1,6,0,1,1,2,17,2,126,336
1,1,32,0,1,0,2,1,6,0,1,1,2,8,2,126,337
0,0,47,5,0,2,2,1,7,0,1,1,1,7,1,127,338
1,1,40,0,7,0,2,1,8,0,1,1,1,15,1,128,339
0,0,49,0,0,0,2,2,10,7,3,1,2,19,1,128,340
7,0,43,3,7,0,2,1,6,0,1,1,2,5,2,129,341
2,1,30,2,0,0,2,1,6,0,1,1,2,3,2,130,342
2,0,9,5,0,0,3,2,1,3,2,0,0,0,0,130,343
0,0,48,0,0,0,2,1,6,0,1,1,2,29,1,130,344
2,1,39,0,0,0,2,1,7,0,1,1,2,12,1,130,345
2,1,12,5,0,0,2,2,2,4,2,0,0,0,0,130,346
7,1,73,4,0,0,3,1,6,0,1,3,0,6,2,131,347
2,0,11,5,0,0,2,2,1,4,2,0,0,0,0,132,348
0,1,43,3,0,2,3,1,9,0,1,1,2,37,1,132,349
2,1,2,5,0,0,0,0,0,0,0,0,0,0,0,133,350
1,1,36,0,0,0,2,2,7,6,2,3,2,0,1,133,351
0,0,40,0,0,0,2,1,7,0,1,1,2,14,1,133,352
1,1,43,0,0,0,2,1,6,0,1,1,1,8,1,133,353
1,1,48,0,0,0,2,1,7,0,1,1,2,51,1,134,354
0,0,44,0,0,0,2,1,7,0,1,3,2,35,1,134,355
0,1,61,4,0,0,2,1,10,0,1,3,2,34,1,135,356
0,0,38,5,6,0,5,1,5,0,1,1,2,5,1,136,357
1,0,44,0,6,0,3,1,6,0,1,1,2,0,1,137,358
2,0,15,5,6,0,3,2,4,5,2,0,0,0,0,137,359
2,0,16,5,6,0,3,2,4,5,2,3,0,0,1,137,360
0,1,40,0,6,0,3,1,7,0,1,1,2,16,1,137,361
0,0,43,0,3,0,2,1,9,0,1,1,2,19,1,138,362
1,1,44,0,3,0,2,1,8,0,1,1,2,15,2,138,363
7,0,22,1,6,0,2,1,6,0,1,3,2,0,1,139,364
2,0,8,5,6,0,4,2,1,3,2,0,0,0,0,140,365
2,1,6,5,6,0,4,2,0,2,2,0,0,0,0,140,366
1,1,46,0,6,3,1,1,0,0,1,3,0,0,1,140,367
2,0,9,5,6,0,4,2,0,3,2,0,0,0,0,140,368
7,0,35,0,6,3,1,2,2,4,2,1,2,8,1,140,369
2,0,12,5,6,0,4,2,2,4,2,0,0,0,0,140,370
2,0,9,5,6,0,4,2,0,3,2,0,0,0,0,140,371
7,1,37,0,6,2,4,1,6,0,1,1,2,5,1,140,372
7,1,27,0,6,3,1,1,0,0,1,3,0,0,1,140,373
2,0,13,5,6,0,4,2,2,4,2,0,0,0,0,140,374
2,1,33,5,0,0,2,1,6,0,1,1,2,13,1,141,375
0,0,39,2,1,0,3,1,9,0,1,1,1,11,1,141,376
0,1,35,3,1,0,2,1,7,0,1,1,2,16,1,142,377
2,1,11,5,1,0,2,2,2,4,2,0,0,0,0,142,378
2,0,13,5,1,0,2,2,2,4,2,0,0,0,0,142,379
0,0,49,3,0,0,2,1,8,0,1,1,2,5,1,143,380
0,0,41,0,0,0,2,1,6,0,1,1,2,19,1,144,381
1,1,45,0,1,3,2,1,6,0,1,1,2,18,1,144,382
5,0,15,5,0,0,2,2,4,5,2,0,0,0,0,145,383
0,0,62,4,0,0,2,1,8,0,1,1,2,45,2,145,384
0,0,42,5,0,3,2,1,6,0,1,1,2,46,1,146,385
0,0,72,3,1,0,2,1,5,0,1,3,0,4,1,147,386
0,0,40,3,0,0,2,1,6,0,1,1,1,29,2,148,387
0,1,66,5,0,0,2,1,6,0,1,3,0,4,1,149,388
7,1,71,1,0,0,2,1,6,0,1,3,0,4,2,150,389
0,1,42,3,0,0,2,1,6,0,1,1,2,14,1,151,390
0,0,59,3,0,2,3,1,10,0,1,1,1,18,1,152,391
7,1,37,2,6,0,3,1,6,0,1,3,2,12,1,153,392
0,0,31,5,0,0,2,1,6,0,1,1,2,25,2,153,393
2,1,12,5,6,0,3,2,2,4,2,0,0,0,0,153,394
0,1,85,4,7,0,2,1,6,0,1,3,0,9,2,154,395
2,0,14,5,0,0,2,2,3,5,2,0,0,0,0,155,396
0,0,41,2,6,3,3,1,6,0,1,1,1,6,1,155,397
2,1,15,5,0,0,2,2,3,5,2,0,0,0,0,155,398
1,1,42,0,7,0,4,1,6,0,1,1,1,9,1,155,399
2,0,6,5,0,0,2,2,2,2,2,0,0,0,0,155,400
2,1,18,5,0,0,2,2,5,5,2,3,2,3,1,155,401
1,0,45,0,0,3,2,1,6,0,1,3,2,5,1,155,402
0,0,22,5,6,0,2,1,5,0,1,2,1,3,2,156,403
0,0,59,0,0,0,2,1,6,0,1,1,2,22,1,157,404
1,1,46,0,5,2,2,1,6,0,1,1,2,8,1,157,405
0,0,61,0,0,0,2,1,6,0,1,1,2,50,2,158,406
1,1,60,0,0,0,2,1,10,0,1,3,2,0,1,158,407
0,0,81,4,4,0,3,1,4,0,1,3,0,8,1,159,408
0,1,43,5,0,0,2,1,6,0,1,1,2,53,1,160,409
7,1,32,5,3,0,2,1,6,0,1,1,2,2,1,160,410
0,0,51,0,0,0,2,1,10,0,1,1,2,9,1,161,411
0,0,38,0,0,0,2,1,6,0,1,1,2,5,1,162,412
0,1,68,0,0,0,2,1,6,0,1,3,0,7,2,162,413
0,1,44,0,0,0,2,1,10,0,1,1,2,20,1,163,414
2,0,14,5,6,0,2,2,3,5,2,0,0,0,0,163,415
2,0,18,5,3,0,2,2,3,5,2,3,0,0,1,163,416
0,0,31,0,7,3,5,1,0,0,1,3,2,8,2,164,417
2,1,2,5,6,0,0,0,0,0,0,0,0,0,0,164,418
0,0,31,0,7,0,5,1,0,0,1,3,2,8,2,164,419
2,0,5,5,6,0,4,2,1,2,0,0,0,0,0,164,420
1,0,50,0,8,0,2,1,7,0,1,1,2,8,1,165,421
0,1,37,0,7,0,2,1,9,0,1,1,2,2,1,165,422
1,1,46,0,7,0,2,1,10,0,1,2,2,0,1,166,423
0,0,47,0,0,0,2,1,10,0,1,1,2,32,1,166,424
2,0,24,5,7,0,2,2,6,6,2,3,0,0,1,166,425
2,1,15,5,7,0,2,2,5,6,3,0,2,0,1,166,426
0,0,31,0,3,2,2,1,8,6,1,1,2,14,2,167,427
0,0,29,0,3,2,4,2,8,6,3,1,2,9,2,167,428
0,1,34,3,0,0,2,1,9,0,1,1,1,75,1,168,429
2,1,7,5,0,0,2,2,1,3,3,0,0,0,0,168,430
2,0,9,5,0,0,2,2,1,3,3,0,0,0,0,168,431
2,1,13,5,0,0,2,2,2,4,3,0,0,0,0,168,432
0,0,34,5,7,0,2,1,9,0,1,1,2,20,1,169,433
0,0,41,0,0,0,2,1,7,0,1,2,2,12,1,170,434
1,1,40,0,0,0,2,1,6,0,1,1,2,13,1,170,435
2,1,8,5,7,0,2,2,1,3,2,0,0,0,0,171,436
2,1,8,5,7,0,2,2,1,3,2,0,0,0,0,171,437
7,0,33,5,7,2,3,1,9,0,1,1,2,13,1,171,438
2,0,1,5,7,0,0,0,0,0,0,0,0,0,0,171,439
7,0,35,5,1,0,2,1,6,0,1,1,2,15,1,171,440
7,0,36,5,0,0,2,1,6,0,1,3,2,0,0,172,441
0,0,39,0,0,2,3,1,10,0,1,1,2,35,1,173,442
1,1,38,0,5,2,3,1,10,0,1,1,2,24,1,173,443
2,1,6,5,7,0,5,2,1,0,2,0,0,0,0,173,444
3,1,79,4,0,3,5,1,6,0,1,3,0,2,2,173,445
0,0,38,0,0,3,4,1,2,0,1,3,2,14,2,174,446
2,1,3,5,0,0,0,1,0,0,1,0,0,0,0,174,447
2,1,1,5,0,0,0,0,0,0,0,0,0,0,0,174,448
2,1,6,5,0,0,4,2,0,3,2,0,0,0,0,174,449
2,0,9,5,0,0,3,2,1,3,2,0,0,0,0,174,450
0,1,31,0,6,3,4,1,6,0,1,3,0,0,1,174,451
0,0,43,1,0,0,1,1,0,0,1,2,2,5,1,175,452
0,0,70,0,6,2,4,1,1,0,1,3,0,5,1,175,453
1,1,67,0,6,3,4,1,1,0,1,3,0,0,1,175,454
2,0,6,5,6,0,4,2,1,2,2,0,0,0,0,176,455
1,1,25,0,6,3,4,1,5,0,1,3,1,3,2,176,456
0,0,34,0,7,3,5,1,6,0,1,3,2,7,2,176,457
2,1,2,0,6,0,0,0,0,0,0,0,0,0,0,176,458
0,0,69,0,0,0,2,1,4,0,1,3,0,4,1,177,459
1,1,60,0,0,0,2,1,7,0,1,1,2,10,1,177,460
0,1,41,2,0,0,3,1,6,0,1,1,2,10,1,178,461
0,1,46,5,0,0,3,1,9,0,1,2,1,5,0,178,462
2,0,12,5,6,0,2,2,2,4,2,0,0,0,0,178,463
0,0,54,5,0,0,2,1,8,0,1,1,2,24,1,179,464
0,0,57,0,0,0,4,1,9,0,1,1,1,13,1,180,465
1,0,53,0,0,0,2,1,10,0,1,1,2,26,1,180,466
1,1,75,0,0,0,2,1,6,0,1,3,0,3,1,181,467
0,0,68,0,0,0,2,1,7,0,1,3,2,13,1,181,468
5,1,6,5,6,0,3,2,1,3,3,0,0,0,0,182,469
5,1,9,5,6,0,3,2,1,4,3,0,0,0,0,182,470
4,0,37,5,7,2,2,2,6,6,2,1,2,5,2,182,471
2,1,28,5,6,2,3,1,6,0,1,1,2,9,1,182,472
0,1,51,2,6,2,5,1,6,0,1,3,2,3,2,182,473
0,0,73,0,0,0,2,1,6,0,1,3,0,14,1,183,474
1,1,78,0,0,0,2,1,7,0,1,3,0,4,1,183,475
1,1,77,0,0,0,4,1,6,0,1,3,0,4,1,184,476
0,1,76,0,0,0,5,1,9,0,1,3,0,5,1,184,477
0,0,60,3,1,0,2,1,6,0,1,1,2,12,1,185,478
5,0,9,5,1,0,2,2,1,3,2,0,0,0,0,185,479
2,0,36,5,1,0,2,1,6,0,1,1,2,8,1,185,480
0,1,69,3,0,0,2,1,7,0,1,3,0,5,2,186,481
1,1,52,0,5,0,5,1,4,0,1,3,0,0,1,187,482
0,0,50,0,5,2,4,1,4,0,1,1,2,13,1,187,483
0,0,50,0,0,2,4,1,2,0,1,3,2,25,2,188,484
1,1,49,0,0,2,4,1,2,0,1,3,0,0,1,188,485
2,1,18,5,0,0,3,2,5,5,2,3,0,1,1,188,486
2,1,14,5,0,0,3,2,2,4,2,0,0,0,0,188,487
0,0,50,3,0,2,4,1,2,0,1,3,2,18,2,188,488
1,1,61,0,5,2,3,1,9,0,1,3,2,0,1,189,489
0,0,63,0,5,2,3,1,7,0,1,1,2,25,1,189,490
7,0,9,5,7,0,2,2,1,3,2,0,0,0,0,190,491
0,1,30,5,7,0,2,2,8,6,1,1,2,8,1,190,492
7,0,33,5,0,0,2,1,8,0,1,1,2,15,1,190,493
7,0,40,5,0,0,2,1,6,0,1,1,2,15,1,190,494
0,1,68,4,0,0,2,1,10,0,1,1,1,30,1,191,495
0,0,51,0,3,3,4,2,6,5,2,1,2,5,1,192,496
3,0,48,0,0,3,2,1,6,0,1,1,2,6,1,192,497
2,1,12,5,5,3,3,2,2,4,2,0,0,0,0,192,498
0,1,42,3,0,0,2,2,8,0,2,1,2,20,1,193,499
0,0,43,5,0,0,2,1,6,0,1,1,2,39,1,193,500
1,1,37,0,1,0,2,1,6,0,1,3,0,0,1,194,501
2,1,15,5,1,0,2,2,3,5,2,0,0,0,0,194,502
0,0,42,0,1,0,2,1,9,0,1,1,2,21,1,194,503
0,1,26,5,6,0,2,1,10,0,1,1,2,16,1,195,504
0,0,52,5,0,0,2,1,9,0,1,1,2,21,1,196,505
0,1,61,3,0,0,2,1,10,0,1,1,2,49,1,197,506
0,1,64,3,0,0,2,1,9,0,1,3,2,20,1,198,507
1,1,70,0,0,0,2,1,7,0,1,3,0,0,1,199,508
0,0,74,0,0,0,2,1,6,0,1,3,0,8,1,199,509
2,0,23,5,0,3,3,1,6,0,1,1,2,8,1,200,510
2,0,16,5,6,0,3,2,6,6,2,3,2,0,0,200,511
2,0,6,5,6,0,3,2,1,2,1,0,0,0,0,200,512
2,1,13,5,5,0,3,2,2,4,2,0,0,0,0,200,513
0,0,44,0,0,2,5,1,7,0,1,1,2,15,2,200,514
2,1,8,5,6,0,2,2,1,3,2,0,0,0,0,201,515
0,1,35,2,6,3,1,1,1,0,1,1,2,9,1,201,516
2,0,1,5,6,0,0,0,0,0,0,0,0,0,0,201,517
2,0,5,5,6,0,4,2,1,1,2,0,0,0,0,201,518
2,0,12,5,6,0,4,2,2,4,2,0,0,0,0,201,519
0,0,55,0,0,2,3,1,8,0,1,1,2,15,2,202,520
1,1,71,0,0,3,3,1,6,0,1,3,0,3,1,202,521
1,1,25,0,6,3,4,1,3,0,1,3,1,4,2,203,522
2,0,6,5,6,0,4,2,1,2,2,0,0,0,0,203,523
0,0,38,0,7,3,4,1,0,0,1,3,0,6,2,203,524
2,1,2,5,6,0,0,0,0,0,0,0,0,0,0,203,525
1,1,44,0,5,0,5,1,6,0,1,3,2,0,1,204,526
2,0,5,5,5,0,4,1,0,0,1,0,0,0,0,204,527
0,0,44,0,3,0,3,1,10,0,1,1,2,26,1,204,528
2,0,13,5,5,3,3,2,2,4,2,0,0,0,0,204,529
1,0,61,0,0,2,1,1,0,0,1,1,2,7,1,205,530
0,0,56,0,6,2,1,1,1,0,1,3,2,6,1,205,531
1,1,69,0,0,0,2,1,6,0,1,3,0,5,1,206,532
0,0,68,0,0,0,2,1,6,0,1,3,0,12,1,206,533
2,0,13,5,0,0,2,2,2,4,3,0,0,0,0,207,534
0,0,45,0,0,2,2,1,9,0,1,1,2,48,1,207,535
2,1,13,5,0,0,3,1,0,0,1,0,0,0,0,207,536
1,1,44,0,0,2,2,1,9,0,1,3,0,0,1,207,537
7,1,72,5,0,0,2,1,10,0,1,3,0,5,2,208,538
2,0,19,5,6,0,2,2,6,6,2,3,2,2,1,209,539
1,1,38,0,6,0,3,1,6,0,1,1,2,11,1,209,540
2,1,15,5,6,0,2,2,3,5,2,0,0,0,0,209,541
2,0,1,5,6,0,0,0,0,0,0,0,0,0,0,209,542
0,0,43,0,0,0,2,1,9,0,1,1,2,22,1,209,543
0,0,33,5,0,0,2,2,7,6,2,1,2,10,2,210,544
2,0,7,5,1,0,2,2,1,3,2,0,0,0,0,211,545
2,1,1,5,1,0,0,0,0,0,0,0,0,0,0,211,546
0,1,26,2,1,0,2,1,6,0,1,2,1,7,1,211,547
0,1,85,4,0,0,2,1,2,0,1,3,0,3,2,212,548
0,1,49,0,1,0,2,1,6,0,1,1,2,18,1,213,549
1,1,52,0,0,0,2,1,6,0,1,1,2,6,1,213,550
0,1,37,5,0,0,2,1,6,0,1,1,2,3,1,214,551
0,0,53,3,0,0,2,1,7,0,1,1,2,8,1,215,552
0,0,50,2,0,0,2,1,9,0,1,1,2,51,1,216,553
7,1,34,5,0,0,2,1,0,0,1,1,2,2,1,217,554
7,0,40,2,1,0,2,1,6,0,1,3,2,3,1,218,555
0,1,83,4,0,0,4,1,2,0,1,3,0,14,1,219,556
1,1,64,0,6,3,5,1,0,0,1,3,0,1,1,220,557
0,0,75,0,0,3,5,1,0,0,1,3,0,3,1,220,558
0,1,48,0,0,3,1,1,10,0,1,2,2,7,1,221,559
0,1,40,5,3,0,2,1,6,0,1,3,2,5,1,221,560
0,0,70,3,0,0,2,1,2,0,1,3,0,4,1,222,561
0,1,23,5,1,0,2,2,6,6,2,3,2,7,1,223,562
6,1,19,5,1,0,2,2,4,5,2,1,2,6,1,223,563
7,0,33,5,0,0,2,2,6,6,2,1,2,3,1,224,564
7,1,44,3,0,0,2,1,2,0,1,1,2,7,2,224,565
0,1,53,3,0,0,2,1,9,0,1,1,2,17,1,224,566
2,0,14,5,0,0,2,2,2,4,2,3,0,0,0,224,567
2,1,40,4,0,0,2,1,6,0,1,3,2,5,1,224,568
1,1,54,0,0,2,3,1,6,0,1,1,2,19,2,225,569
0,0,52,0,0,0,2,1,6,0,1,1,2,14,2,225,570
2,1,3,5,0,0,0,2,0,1,2,0,0,0,0,226,571
2,1,5,5,0,0,4,2,0,2,2,0,0,0,0,226,572
0,0,34,0,0,3,5,1,3,0,1,3,2,23,1,226,573
2,1,4,5,0,0,0,2,1,1,2,0,0,0,0,226,574
1,1,30,0,0,3,1,1,3,0,1,3,2,4,1,226,575
2,1,4,5,0,0,0,2,1,1,2,0,0,0,0,226,576
1,1,71,0,7,0,2,1,7,0,1,3,0,8,2,227,577
0,0,68,0,0,0,2,1,3,0,1,3,0,12,1,227,578
0,1,50,3,2,0,2,1,6,0,1,2,2,6,2,228,579
2,0,23,5,6,0,3,2,6,6,2,3,0,0,1,229,580
0,0,45,3,1,0,2,1,8,0,1,1,2,16,1,229,581
0,0,41,3,0,0,2,1,6,0,1,1,1,10,2,230,582
0,0,47,5,0,0,2,1,6,0,1,1,2,9,1,231,583
2,0,9,5,0,0,2,2,1,3,2,0,0,0,0,232,584
2,1,8,5,0,0,2,2,1,3,2,0,0,0,0,232,585
0,1,36,2,0,0,2,1,6,0,1,1,2,16,1,232,586
2,1,31,5,0,0,3,1,10,0,1,1,2,31,1,233,587
0,1,63,4,0,0,2,1,7,0,1,3,0,26,1,233,588
2,0,30,5,0,0,3,1,10,0,1,1,2,27,1,233,589
0,1,54,5,6,0,2,1,6,0,1,3,0,4,2,234,590
2,0,22,5,6,0,2,1,6,0,1,1,2,3,1,234,591
0,0,85,0,0,0,2,1,7,0,1,3,2,97,1,235,592
1,1,78,0,0,0,2,1,6,0,1,3,0,75,2,235,593
1,1,63,0,5,2,3,1,9,0,1,3,2,0,1,236,594
0,0,63,0,5,2,3,1,7,0,1,1,2,25,1,236,595
0,0,82,0,0,0,2,1,2,0,1,3,0,6,1,237,596
1,1,67,0,0,2,3,1,7,0,1,3,0,14,2,237,597
2,1,15,5,0,0,2,2,4,5,2,0,0,0,0,238,598
0,0,37,3,2,0,2,1,6,0,1,3,2,12,2,238,599
2,0,17,5,0,0,2,2,5,5,2,2,2,0,1,238,600
2,1,24,5,1,0,2,1,6,0,1,1,2,6,1,239,601
2,0,9,5,1,0,2,2,1,3,2,0,0,0,0,239,602
0,1,39,2,1,0,2,2,7,6,2,1,2,19,1,239,603
2,0,12,5,1,0,2,2,2,4,2,0,0,0,0,239,604
2,0,43,0,5,2,5,1,2,0,1,3,1,5,1,240,605
2,1,19,5,5,0,3,2,6,5,2,3,2,0,1,240,606
2,1,18,5,5,0,3,2,6,5,2,1,2,0,1,240,607
1,1,36,0,5,2,4,1,0,0,1,3,0,0,1,240,608
2,1,5,5,5,0,4,2,0,2,2,0,0,0,0,240,609
2,1,19,5,0,0,2,2,6,5,2,3,2,0,1,241,610
2,1,41,0,0,0,4,2,6,6,3,1,2,10,2,241,611
2,1,13,5,0,0,2,2,2,4,2,0,0,0,0,241,612
1,1,47,0,0,2,3,1,9,0,1,1,2,19,2,241,613
2,0,12,5,0,0,2,2,2,4,2,0,0,0,0,241,614
5,0,0,5,0,0,0,0,0,0,0,0,0,0,0,242,615
2,1,23,5,0,0,3,1,6,0,1,1,2,1,1,242,616
0,0,52,3,0,0,2,1,6,0,1,1,2,17,1,242,617
1,1,41,4,0,0,2,2,7,6,2,1,2,10,1,243,618
0,0,47,0,0,0,2,1,7,0,1,1,2,17,1,243,619
2,0,17,5,6,3,4,2,4,5,2,2,0,0,1,244,620
0,1,50,3,6,3,2,1,4,0,1,3,2,0,1,244,621
7,0,31,5,0,0,2,1,5,0,1,1,1,17,1,245,622
2,1,0,5,0,0,0,0,0,0,0,0,0,0,0,245,623
2,1,37,5,0,0,2,1,6,5,1,3,0,3,1,245,624
0,1,83,4,0,0,4,1,2,0,1,3,0,14,1,246,625
7,0,19,5,0,0,2,1,6,0,1,1,2,5,1,247,626
0,0,22,5,0,0,2,2,7,6,2,1,2,12,1,247,627
7,1,21,5,0,0,2,1,6,0,1,1,2,5,1,247,628
1,0,34,0,0,0,2,1,7,0,1,1,2,14,1,248,629
0,1,30,0,0,0,2,1,7,0,1,1,2,14,1,248,630
7,0,30,3,6,3,1,1,2,0,1,1,2,5,1,249,631
2,0,4,5,6,0,0,2,1,1,2,0,0,0,0,249,632
5,0,8,5,6,3,5,2,1,3,2,0,0,0,0,249,633
2,1,24,5,6,3,1,1,6,0,1,1,2,8,1,249,634
5,0,8,5,6,3,5,2,1,3,2,0,0,0,0,249,635
0,1,42,3,6,3,1,1,2,0,1,3,0,0,1,249,636
0,0,48,0,0,0,2,1,10,0,1,1,1,99,1,250,637
1,1,48,0,0,0,2,1,9,0,1,1,1,2,1,250,638
2,0,12,5,0,0,2,2,2,4,2,0,0,0,0,250,639
7,1,30,0,6,0,3,1,7,0,1,1,2,18,1,251,640
0,0,36,0,0,0,2,1,6,0,1,1,2,29,1,251,641
2,1,5,5,0,0,0,1,0,0,1,0,0,0,0,251,642
0,0,62,3,0,2,3,1,2,0,1,2,2,10,2,252,643
1,1,47,0,6,0,3,1,4,0,1,3,2,3,1,253,644
0,0,47,0,0,0,3,1,6,0,1,1,2,21,1,253,645
2,1,14,5,0,0,3,2,2,5,2,0,0,0,0,253,646
2,1,16,5,0,0,3,2,4,5,2,1,2,3,1,253,647
1,1,34,5,1,0,2,1,6,0,1,3,0,0,1,254,648
0,0,37,0,1,0,2,1,7,0,1,3,2,18,1,254,649
2,0,7,5,1,0,2,2,0,3,2,0,0,0,0,254,650
0,1,51,0,0,2,2,1,6,0,1,1,2,99,1,255,651
2,1,17,5,0,0,2,2,5,5,2,1,2,0,1,255,652
1,0,55,0,0,2,2,1,9,0,1,1,2,99,1,255,653
0,0,39,5,0,0,2,1,10,0,1,1,2,53,1,256,654
4,1,73,4,0,0,2,1,4,0,1,3,0,8,1,257,655
4,1,74,4,0,0,2,1,4,0,1,3,0,8,1,257,656
0,0,67,4,0,0,2,1,7,0,1,1,1,17,1,257,657
7,0,22,5,6,0,4,1,6,0,1,1,2,15,1,258,658
0,0,27,5,1,0,2,2,7,5,2,1,2,8,1,259,659
2,0,6,5,1,0,2,2,1,3,2,0,0,0,0,259,660
0,1,44,2,1,0,2,1,7,0,3,3,2,15,1,259,661
1,1,42,0,0,0,2,1,9,0,1,1,2,43,1,260,662
0,0,43,0,0,0,3,1,10,0,1,1,2,99,1,260,663
0,0,47,0,6,2,5,1,2,0,1,3,2,16,1,261,664
6,0,23,5,6,2,4,2,6,5,2,1,2,3,2,261,665
1,1,45,0,6,3,1,1,3,0,1,2,0,0,2,261,666
0,0,48,0,0,3,5,1,2,0,1,3,2,14,1,261,667
2,1,23,1,6,2,4,2,7,6,2,3,0,0,1,261,668
0,0,47,0,5,2,4,1,2,0,1,1,1,9,1,261,669
1,1,42,0,0,0,2,1,7,0,1,1,2,8,1,262,670
2,0,11,5,0,0,2,2,1,4,2,0,0,0,0,262,671
2,0,18,5,0,0,2,1,6,0,1,2,2,1,1,262,672
2,0,15,5,0,0,2,2,2,5,2,0,0,0,0,262,673
0,0,49,0,0,0,2,1,7,0,1,1,2,40,1,262,674
2,0,14,5,3,0,2,2,2,5,2,0,0,0,0,263,675
1,1,37,0,0,2,4,1,6,0,1,1,2,15,1,263,676
0,1,44,0,3,2,4,1,7,0,1,1,2,29,1,263,677
2,1,12,5,3,0,2,2,2,4,2,0,0,0,0,263,678
1,1,51,0,0,0,2,2,9,7,2,1,2,4,1,264,679
0,0,53,0,0,0,2,1,7,0,1,1,2,16,1,264,680
0,1,36,3,5,0,2,2,6,5,2,1,2,29,1,265,681
0,0,53,0,0,0,2,1,2,0,1,3,2,0,1,266,682
1,1,55,0,0,0,2,1,2,0,1,3,2,5,2,266,683
2,1,13,5,0,0,2,2,2,4,2,0,0,0,0,267,684
7,1,37,2,0,0,2,1,6,0,1,1,2,10,1,267,685
0,0,32,5,0,0,2,1,6,0,1,1,1,24,2,267,686
0,0,44,5,0,0,2,1,6,0,1,1,2,47,1,268,687
0,0,50,3,0,0,2,1,10,0,1,1,2,17,1,269,688
0,0,58,0,0,0,3,1,10,0,1,1,2,25,1,270,689
1,1,55,0,0,2,3,2,7,6,2,1,2,3,1,270,690
4,1,12,5,6,0,3,2,2,4,2,0,0,0,0,271,691
3,1,53,0,6,3,5,1,0,0,1,2,2,4,2,271,692
0,1,34,5,6,0,3,1,8,0,1,1,2,5,1,271,693
4,1,11,5,6,0,3,2,2,4,2,0,0,0,0,271,694
3,1,49,5,6,3,5,1,0,0,1,3,2,5,2,271,695
0,0,45,0,3,2,2,1,6,0,1,1,2,6,2,272,696
0,0,46,0,0,2,2,1,10,0,1,1,2,7,2,272,697
2,0,14,5,3,3,4,2,2,5,3,0,0,0,0,272,698
1,0,41,0,0,2,2,1,6,0,1,1,2,19,2,272,699
1,1,35,0,0,0,2,1,6,0,1,3,2,12,1,273,700
0,0,35,0,0,0,2,1,8,0,1,1,2,22,1,273,701
2,0,4,5,0,0,0,1,0,0,1,0,0,0,0,273,702
2,0,3,5,0,0,0,1,0,0,1,0,0,0,0,273,703
0,0,31,5,0,0,2,1,6,0,1,2,0,4,2,274,704
0,1,39,0,1,0,2,2,6,6,2,1,2,15,1,275,705
2,0,9,5,1,0,2,2,1,3,2,0,0,0,0,275,706
2,0,18,5,1,0,2,2,5,5,2,3,0,0,1,275,707
1,1,40,0,1,0,2,1,9,0,1,1,2,28,1,275,708
0,0,37,0,5,2,3,1,8,0,1,1,2,14,2,276,709
7,1,31,5,5,0,2,1,9,0,1,1,2,7,1,276,710
3,1,67,4,5,2,5,1,0,0,1,3,0,4,1,276,711
0,0,36,0,5,2,3,1,8,0,1,1,2,13,2,276,712
0,0,62,0,5,2,3,1,7,0,1,1,2,25,1,277,713
1,1,61,0,5,2,3,1,6,0,1,3,2,0,1,277,714
2,1,23,5,0,3,3,2,5,5,2,1,2,3,1,278,715
1,0,45,0,4,0,5,1,6,0,1,1,1,6,1,278,716
1,0,48,4,4,3,5,1,3,0,1,1,1,7,1,278,717
0,1,62,3,4,2,5,1,7,0,1,3,0,16,1,278,718
0,0,67,0,0,0,2,1,9,0,1,3,2,51,1,279,719
1,1,62,0,0,0,2,1,9,0,1,3,2,3,1,279,720
0,0,25,0,2,0,2,1,6,0,1,1,2,10,1,280,721
1,1,23,0,1,0,2,1,8,0,1,1,2,5,1,280,722
7,1,49,5,0,0,2,1,3,0,1,0,0,2,0,281,723
0,1,47,3,0,0,2,1,6,0,1,1,2,18,1,281,724
5,1,9,5,0,0,2,2,1,3,2,0,0,0,0,281,725
0,1,75,4,4,0,4,1,6,0,1,3,2,5,1,282,726
2,1,18,5,0,0,3,2,4,5,2,1,2,3,1,283,727
2,1,14,5,0,0,3,2,2,4,2,0,0,0,0,283,728
2,0,16,5,7,0,2,2,4,5,2,3,0,0,1,283,729
0,0,42,2,5,0,2,1,2,0,1,1,2,11,1,283,730
3,0,47,3,5,0,2,1,7,0,1,1,2,7,1,284,731
7,0,42,5,0,0,2,1,10,0,1,1,2,12,1,284,732
2,1,26,5,5,0,2,1,6,0,1,1,2,8,1,284,733
6,0,10,5,6,0,3,2,0,3,2,0,2,0,0,284,734
7,1,48,3,5,2,2,1,6,0,1,3,2,6,1,284,735
4,0,36,3,5,0,3,2,7,6,2,1,2,3,1,284,736
0,1,78,4,1,0,2,1,0,0,1,3,0,1,2,285,737
2,0,21,5,0,0,2,1,5,0,1,2,2,1,1,286,738
1,1,50,0,0,0,2,1,6,0,1,1,2,10,1,286,739
0,0,64,0,0,0,2,1,6,0,1,1,2,26,1,287,740
1,1,62,0,0,0,2,1,6,0,1,1,2,2,1,287,741
0,1,62,1,0,0,2,1,7,0,1,3,0,5,1,288,742
1,1,71,0,0,0,2,1,9,0,1,3,0,61,1,289,743
0,1,71,0,0,0,2,1,6,0,1,3,0,12,1,289,744
1,1,52,0,5,3,5,1,4,0,1,3,0,0,1,290,745
0,0,50,0,5,2,4,1,4,0,1,1,2,13,1,290,746
7,1,85,4,0,0,2,1,6,0,1,3,0,4,2,291,747
1,0,41,5,3,3,5,1,9,0,1,1,2,4,1,292,748
0,1,38,0,3,3,5,2,6,6,2,1,2,15,1,292,749
2,0,13,5,3,3,4,2,2,4,2,0,0,0,0,292,750
0,1,74,4,0,0,2,1,6,0,1,3,0,5,1,293,751
1,1,30,0,0,0,2,1,6,0,1,1,2,13,2,294,752
0,0,31,0,0,0,2,1,6,0,1,1,2,13,2,294,753
2,0,32,0,4,0,3,1,6,0,1,1,2,7,1,295,754
0,1,64,3,4,2,5,1,7,0,1,3,0,16,1,295,755
0,1,28,0,4,0,3,1,6,0,1,1,1,9,1,295,756
2,0,29,5,4,0,3,1,9,0,1,1,2,16,2,295,757
7,0,32,1,1,0,2,1,6,0,1,3,2,0,1,296,758
7,1,74,5,0,0,2,1,6,0,1,3,0,3,2,297,759
2,0,36,5,1,0,2,1,6,0,1,1,2,9,1,298,760
2,1,9,5,1,0,2,2,1,3,2,0,0,0,0,298,761
0,0,44,5,1,0,2,1,6,0,1,1,0,7,1,298,762
2,1,13,5,5,0,2,2,1,5,2,0,0,0,0,299,763
1,1,40,0,5,2,3,1,9,0,1,3,2,0,0,299,764
2,1,24,0,5,2,2,2,0,5,2,0,0,0,1,299,765
0,0,44,0,5,2,3,2,10,7,2,1,2,67,1,299,766
0,0,47,5,0,0,2,1,6,0,1,2,2,6,1,300,767
2,0,40,0,0,0,2,2,7,0,1,3,1,2,1,301,768
2,0,34,5,0,3,3,1,8,0,1,1,2,8,1,301,769
2,0,36,0,4,0,3,1,7,0,1,1,2,9,1,301,770
0,0,70,0,0,2,4,1,2,0,1,3,0,5,1,301,771
0,1,85,0,0,0,2,1,7,0,1,3,0,4,1,302,772
1,0,78,0,0,2,2,1,10,0,1,3,0,8,1,302,773
0,1,41,5,0,0,3,1,9,0,1,2,2,8,1,303,774
7,1,8,5,0,0,2,2,1,3,2,0,0,0,0,303,775
0,1,34,0,5,3,5,1,7,0,1,1,1,4,1,303,776
0,0,58,0,0,0,2,1,9,0,1,1,2,38,1,304,777
1,1,58,0,0,0,2,1,7,0,1,3,1,14,1,304,778
2,0,23,5,6,0,3,1,5,0,1,3,2,4,1,305,779
6,0,32,5,6,0,4,1,5,0,1,1,2,6,1,305,780
2,1,30,5,6,2,5,2,6,6,2,3,0,0,1,305,781
2,1,17,5,0,0,3,2,3,5,2,3,0,0,1,305,782
1,1,43,5,6,3,5,1,3,0,1,2,0,2,1,305,783
2,0,15,5,6,3,4,2,4,5,2,0,0,0,0,305,784
6,0,31,5,6,3,3,2,6,6,2,1,2,5,1,305,785
2,0,9,5,0,0,3,2,1,3,2,0,0,0,0,306,786
1,1,45,0,0,3,5,2,2,4,2,3,2,0,1,306,787
2,1,12,5,0,0,3,2,2,4,2,0,0,0,0,306,788
1,1,39,0,0,0,2,1,4,0,1,1,2,7,2,306,789
2,0,23,5,0,3,3,1,6,0,1,1,2,8,1,306,790
2,0,14,5,1,0,2,2,3,5,2,0,0,0,0,307,791
0,0,47,0,1,2,3,1,9,0,1,1,2,30,1,307,792
1,1,44,0,1,0,2,1,6,0,1,1,2,12,1,307,793
0,0,25,5,0,0,2,1,6,0,1,1,2,7,1,308,794
7,1,23,5,0,0,2,2,6,6,2,3,2,4,1,308,795
2,1,18,5,0,0,3,2,5,5,2,1,2,1,1,309,796
7,0,50,0,4,3,4,1,6,0,1,1,2,17,1,309,797
0,1,55,0,0,2,4,1,6,0,1,3,2,6,1,309,798
1,1,48,0,3,3,4,1,8,0,1,3,2,4,1,309,799
1,1,38,0,5,3,2,2,6,6,2,1,2,10,1,310,800
0,0,51,0,5,0,4,1,6,0,1,3,2,12,1,310,801
2,1,14,5,0,0,2,2,2,5,2,0,0,0,0,310,802
5,1,7,5,7,0,4,2,1,2,2,0,0,0,2,311,803
1,0,43,0,7,2,5,1,6,0,1,1,2,5,2,311,804
2,1,82,5,6,0,4,1,3,0,1,3,0,4,1,311,805
0,1,51,0,6,2,2,1,9,0,1,1,2,5,2,311,806
2,0,9,5,1,0,2,2,1,3,2,0,0,0,0,312,807
2,0,9,5,1,0,2,2,1,3,2,0,0,0,0,312,808
2,1,2,5,1,0,0,0,0,0,0,0,0,0,0,312,809
0,1,29,2,1,0,2,2,6,0,2,3,2,10,1,312,810
2,1,14,5,0,0,3,2,2,4,2,0,0,0,0,313,811
2,1,10,5,0,0,3,2,1,3,2,0,0,0,0,313,812
2,0,5,5,7,0,3,1,0,0,1,0,0,0,0,313,813
2,1,12,5,0,0,3,2,2,4,2,0,0,0,0,313,814
0,0,43,0,0,3,4,1,6,0,1,1,2,28,2,313,815
2,1,14,5,0,0,3,2,2,4,2,0,0,0,0,313,816
1,1,35,0,0,3,3,1,7,0,1,1,2,31,2,313,817
2,0,8,5,0,0,2,2,1,3,2,0,0,0,0,314,818
0,0,53,3,0,0,2,1,7,0,1,1,2,10,1,314,819
0,0,48,5,0,3,5,1,2,0,1,1,1,3,1,315,820
0,1,50,0,0,2,4,1,6,0,1,3,2,6,2,315,821
1,1,51,0,0,3,4,1,4,0,1,3,0,3,1,315,822
4,1,35,1,0,3,2,1,0,0,1,1,2,4,1,315,823
2,0,15,5,6,0,3,2,3,5,2,3,0,0,1,315,824
5,1,11,5,0,3,3,2,2,4,2,0,0,0,0,315,825
1,0,57,0,0,2,4,1,0,0,1,3,0,3,1,315,826
0,0,50,0,6,2,4,1,2,0,1,3,2,12,1,315,827
1,1,55,0,0,0,2,1,6,0,1,3,0,0,1,316,828
0,0,54,0,0,0,3,1,7,0,1,1,2,37,1,316,829
0,1,43,5,1,0,2,1,7,0,1,1,2,16,1,317,830
2,1,22,5,0,0,3,2,7,5,2,1,2,3,1,317,831
2,0,9,5,1,0,2,2,1,3,2,0,0,0,0,317,832
0,1,49,0,0,0,2,1,1,0,1,3,2,7,2,317,833
0,1,60,4,0,0,2,1,10,0,1,3,2,44,1,318,834
7,1,41,5,5,0,2,1,7,0,1,1,2,9,1,319,835
0,0,47,3,5,2,5,1,8,0,1,1,2,9,1,319,836
2,1,13,5,5,0,3,2,2,4,3,0,0,0,0,319,837
7,1,50,3,5,3,3,1,8,0,1,1,2,18,1,319,838
2,1,12,5,0,0,2,2,2,4,2,0,0,0,0,320,839
6,0,43,5,0,2,2,1,6,0,1,1,2,16,1,320,840
7,0,41,0,6,0,3,1,6,0,1,1,2,20,1,320,841
0,0,39,3,1,0,2,1,8,0,1,1,2,10,1,321,842
0,0,56,0,0,0,2,1,9,0,1,1,2,9,1,322,843
1,1,43,0,0,0,2,1,6,0,1,3,2,0,1,322,844
1,1,29,0,3,3,1,2,7,6,2,1,2,3,2,323,845
0,0,29,0,3,2,4,2,7,6,2,1,2,9,2,323,846
2,0,41,5,0,0,3,1,7,0,1,1,2,8,1,324,847
2,1,40,0,0,0,2,1,6,0,1,1,2,11,1,324,848
0,0,75,0,0,2,4,1,2,0,1,3,0,5,1,324,849
0,0,76,0,0,2,4,1,2,0,1,3,0,5,1,324,850
2,0,40,0,0,0,3,1,4,0,1,1,2,8,1,324,851
1,1,47,0,0,2,2,2,9,7,3,1,2,25,1,325,852
0,0,47,0,0,0,2,1,6,0,1,1,2,27,1,325,853
2,1,12,5,6,0,2,2,2,4,2,0,0,0,0,326,854
1,1,40,0,0,0,2,1,6,0,1,1,1,12,1,326,855
1,1,40,0,6,0,2,1,6,0,1,3,0,0,2,326,856
0,1,85,4,0,0,2,1,3,0,1,3,0,5,1,327,857
0,0,44,3,0,0,2,1,6,0,1,1,2,12,2,328,858
0,0,74,0,7,2,5,1,6,0,1,3,0,3,1,329,859
1,1,68,0,7,2,1,1,0,0,1,3,0,3,1,329,860
2,0,32,5,7,3,3,2,10,7,3,1,2,10,1,329,861
2,0,12,5,6,0,3,2,2,4,2,0,0,0,0,330,862
0,1,49,3,3,3,2,1,6,0,1,3,0,4,1,330,863
2,1,8,5,6,0,3,2,1,3,2,0,0,0,0,330,864
2,0,29,5,6,3,3,2,5,5,2,2,2,3,1,330,865
1,1,53,0,0,0,3,1,9,0,1,1,2,11,1,331,866
0,0,52,0,0,0,2,1,7,0,1,1,2,35,1,331,867
1,1,41,0,0,0,2,1,6,0,1,3,2,6,1,332,868
2,0,14,5,0,0,2,2,2,5,2,0,0,0,0,332,869
2,0,16,5,0,0,2,2,4,5,2,3,0,0,1,332,870
1,1,39,0,7,0,2,1,6,0,1,1,2,8,1,332,871
7,1,42,3,0,0,2,1,6,0,1,3,2,15,1,333,872
0,0,58,3,0,0,2,1,8,0,1,1,2,15,1,334,873
2,0,15,5,0,0,2,2,4,5,2,0,0,0,0,334,874
2,1,31,5,0,0,2,1,6,0,1,3,0,0,1,335,875
2,0,9,5,0,0,3,2,1,3,2,0,0,0,0,335,876
2,0,20,5,0,0,3,2,3,5,2,3,2,0,1,335,877
2,0,8,5,0,0,2,2,1,3,2,0,0,0,0,335,878
0,0,42,0,4,0,2,1,6,0,1,1,1,15,1,335,879
2,1,11,5,0,0,2,2,2,4,2,0,0,0,0,335,880
1,1,47,0,0,0,2,1,7,0,1,1,2,7,1,336,881
0,0,60,0,0,0,2,1,10,0,1,3,0,12,1,336,882
1,1,48,0,0,0,2,1,9,0,1,1,1,6,1,336,883
2,0,12,5,0,0,2,2,2,4,2,0,0,0,0,336,884
0,0,42,0,0,0,2,1,6,0,1,1,2,21,1,337,885
2,0,14,5,0,0,2,2,4,5,2,0,2,0,1,337,886
2,0,9,5,0,0,2,2,1,3,2,0,0,0,0,337,887
0,0,43,0,0,0,2,1,6,0,1,1,2,22,1,337,888
0,0,40,5,0,0,2,1,10,0,1,1,2,54,1,338,889
1,1,65,0,0,0,2,1,6,0,1,3,0,2,1,339,890
0,0,67,0,0,0,3,1,10,0,1,1,1,6,2,339,891
7,1,33,5,0,0,2,1,6,0,1,1,2,9,1,340,892
0,0,25,5,7,0,2,1,6,0,1,1,2,8,1,340,893
1,0,58,0,0,2,5,1,6,0,1,1,2,29,2,341,894
0,0,53,0,0,3,5,1,7,0,1,1,1,44,2,341,895
0,1,66,4,0,0,2,1,6,0,1,3,2,17,1,342,896
2,0,20,5,7,0,2,1,6,0,1,1,2,15,1,343,897
0,1,50,3,7,0,2,1,7,0,1,1,2,20,2,343,898
5,0,7,5,8,0,2,2,1,3,3,0,0,0,0,343,899
0,0,37,5,0,3,3,1,10,0,1,1,2,30,1,344,900
0,0,37,2,1,0,2,1,6,0,1,1,2,13,1,345,901
0,0,68,2,0,0,2,1,7,0,1,3,2,15,1,346,902
0,1,29,5,0,0,2,1,9,0,1,1,2,13,1,347,903
0,1,30,2,7,0,2,1,6,0,1,1,2,9,1,348,904
2,0,9,5,7,0,2,2,1,3,2,0,0,0,0,348,905
2,1,15,5,1,0,2,2,3,5,2,0,0,0,0,349,906
2,1,20,5,1,0,2,1,6,0,1,1,2,3,1,349,907
2,0,9,5,1,0,2,2,1,3,2,0,0,0,0,349,908
0,1,41,2,1,0,2,2,7,6,2,1,2,21,1,349,909
1,1,62,0,0,2,2,1,6,0,1,3,0,0,1,350,910
2,0,36,5,0,0,3,1,10,0,1,1,2,15,2,350,911
0,0,72,0,0,2,2,1,9,0,1,3,0,10,1,350,912
1,1,42,0,0,0,4,1,6,0,1,1,2,6,2,351,913
2,1,14,5,0,0,2,2,2,5,2,0,0,0,0,351,914
0,0,46,3,0,0,2,1,7,0,1,1,1,17,2,351,915
2,0,20,5,0,0,2,1,6,5,2,3,0,0,1,351,916
2,1,15,5,0,0,2,2,6,5,2,0,0,0,1,351,917
2,0,9,5,0,0,2,2,1,3,2,0,0,0,0,351,918
0,0,56,0,0,0,2,1,7,0,1,1,2,17,1,352,919
1,1,57,0,0,0,2,1,7,0,1,3,2,19,1,352,920
7,0,35,1,0,0,2,1,6,0,1,3,2,3,1,353,921
0,0,44,0,0,0,2,1,7,0,1,1,1,14,1,354,922
2,1,8,5,0,0,2,2,1,3,2,0,0,0,0,354,923
2,0,12,5,0,0,2,2,2,4,2,0,0,0,0,354,924
1,1,38,0,0,0,2,1,7,0,1,1,1,19,1,354,925
0,0,44,0,0,0,2,1,7,0,1,1,1,14,1,354,926
2,0,12,5,0,0,2,2,2,4,2,0,0,0,0,354,927
2,0,12,5,0,0,2,2,2,4,2,0,0,0,0,354,928
0,0,37,3,0,0,2,1,6,0,1,1,2,34,1,355,929
0,0,30,5,0,3,2,1,9,0,1,1,2,81,1,356,930
0,1,53,3,0,0,3,1,9,0,1,1,2,47,2,357,931
0,1,43,3,0,0,2,1,7,0,1,1,2,11,2,358,932
0,1,68,4,0,0,2,1,6,0,1,3,0,9,1,359,933
0,0,68,0,0,0,3,1,6,0,1,3,0,10,1,359,934
4,1,15,5,0,3,2,2,2,4,2,0,0,0,0,360,935
7,1,3,5,0,0,0,2,1,2,2,0,0,0,0,360,936
4,0,14,5,0,3,4,2,6,5,2,0,0,0,1,360,937
0,0,34,3,0,3,5,1,3,0,1,1,2,3,1,360,938
4,0,24,5,0,3,5,1,3,0,1,1,2,5,1,360,939
4,1,47,5,0,3,2,1,2,0,1,3,0,3,1,360,940
4,0,23,3,0,3,5,1,3,0,1,1,2,4,1,360,941
4,1,29,5,0,3,4,1,4,0,1,1,2,3,1,360,942
4,1,31,5,0,3,4,1,4,0,1,1,2,3,1,360,943
4,1,16,5,0,3,2,2,3,5,2,3,0,0,1,360,944
4,1,29,5,0,3,4,1,4,0,1,1,2,3,1,360,945
7,1,9,5,0,0,2,2,2,4,2,0,0,0,0,360,946
7,0,21,1,4,0,3,2,7,6,2,2,2,0,1,361,947
2,1,4,5,6,0,0,1,0,0,1,0,0,0,0,362,948
0,1,47,0,0,0,2,1,4,0,1,3,0,3,1,362,949
1,0,33,0,5,3,4,1,6,0,1,3,2,4,1,362,950
0,1,47,0,0,0,2,1,9,0,1,1,2,14,1,363,951
0,1,50,0,0,0,2,1,4,0,1,3,2,4,1,363,952
1,1,44,0,5,2,2,1,6,0,1,1,2,7,2,363,953
2,1,18,5,7,0,2,2,5,5,2,3,0,1,1,363,954
2,0,8,5,6,0,3,2,1,3,2,0,0,0,0,364,955
0,1,38,0,6,3,1,1,6,0,1,3,2,5,1,364,956
2,0,8,5,6,0,3,2,1,3,2,0,0,0,0,364,957
0,1,32,5,6,3,4,2,6,5,2,3,0,4,1,364,958
7,0,37,3,0,0,2,1,9,0,1,1,2,18,1,365,959
0,0,50,3,0,0,2,1,9,0,1,1,2,30,1,365,960
0,1,40,3,2,0,2,1,6,0,1,3,2,10,2,366,961
2,1,14,5,1,0,2,2,2,5,2,0,0,0,0,366,962
7,0,19,5,0,0,2,1,3,0,2,2,2,0,0,366,963
0,1,38,5,1,0,2,1,8,0,1,1,2,22,1,367,964
2,1,2,5,1,0,2,0,0,0,0,0,0,0,0,367,965
2,0,2,5,0,0,0,0,0,0,0,0,0,0,0,368,966
2,1,5,5,0,0,0,1,0,0,1,3,0,0,0,368,967
2,0,12,5,6,0,3,2,2,5,2,0,0,0,0,368,968
1,1,34,0,6,3,5,1,6,0,1,3,2,0,2,368,969
2,0,2,5,0,0,0,0,0,0,0,0,0,0,0,368,970
0,0,31,0,6,3,5,1,6,0,1,3,2,2,2,368,971
1,1,61,0,0,0,2,1,6,0,1,3,2,12,1,369,972
0,1,72,0,2,0,2,1,8,0,1,3,0,15,1,369,973
1,0,69,0,7,0,2,1,7,0,1,3,2,7,1,370,974
0,0,64,0,0,0,2,1,6,0,1,3,0,10,1,370,975
0,1,58,3,0,0,2,1,9,0,1,3,2,12,1,371,976
2,1,11,5,0,0,2,2,2,4,2,0,0,0,0,372,977
2,1,5,5,0,0,2,2,1,1,2,0,0,0,0,372,978
0,0,44,0,0,0,2,1,10,0,1,1,2,34,1,372,979
7,1,40,2,0,0,2,1,6,0,1,1,2,7,1,372,980
0,0,70,0,1,0,2,1,6,0,1,1,2,48,1,373,981
1,1,59,0,1,0,2,1,4,0,1,3,0,0,1,373,982
7,0,40,2,1,0,2,1,6,0,1,3,2,2,1,374,983
0,0,41,0,0,0,2,1,5,0,1,1,1,5,1,375,984
1,1,38,0,0,0,2,1,6,0,1,1,2,10,1,375,985
2,1,11,5,0,0,2,2,2,4,2,0,0,0,0,375,986
2,1,11,5,0,0,2,2,2,4,2,0,0,0,0,375,987
2,0,12,5,6,0,3,2,2,4,2,0,0,0,0,376,988
2,0,10,5,6,0,3,2,2,4,2,0,0,0,0,376,989
0,0,37,4,6,3,3,1,0,0,1,1,2,7,1,376,990
6,0,9,5,6,0,3,2,2,4,2,0,0,0,0,376,991
0,1,39,3,0,0,3,1,10,0,1,1,2,6,1,376,992
2,0,6,5,7,0,5,2,1,1,2,0,1,0,0,377,993
0,1,31,5,0,0,2,1,6,0,1,2,1,5,2,377,994
2,0,12,5,0,0,3,2,2,4,2,0,0,0,0,377,995
2,0,26,5,6,0,2,1,6,0,1,1,2,6,1,378,996
1,1,48,0,0,0,2,1,7,6,1,3,2,6,1,378,997
1,1,49,0,0,0,2,1,9,0,1,1,1,4,1,378,998
2,1,18,5,6,0,3,2,5,5,2,1,2,1,1,378,999
2,1,18,5,0,0,2,2,5,5,2,3,2,1,1,378,1000
7,1,20,5,3,0,3,2,7,6,3,3,2,2,1,379,1001
1,1,56,0,0,0,2,1,0,0,1,3,2,9,1,380,1002
0,1,65,0,0,0,2,1,9,0,1,3,0,0,1,380,1003
7,1,37,2,0,0,2,1,6,0,1,1,2,10,1,381,1004
2,0,13,5,0,0,2,2,2,4,2,0,0,0,0,381,1005
0,1,43,4,5,0,2,1,9,0,1,1,1,7,2,381,1006
6,1,12,5,1,0,2,2,2,4,2,0,0,0,0,382,1007
5,1,1,5,0,0,0,0,0,0,0,0,0,0,0,382,1008
7,1,42,2,1,0,2,1,6,0,1,1,2,12,1,382,1009
7,0,38,3,0,0,4,1,10,0,1,1,2,12,1,382,1010
1,0,34,5,1,0,2,1,5,0,1,1,2,7,1,382,1011
5,0,9,5,6,0,2,2,0,3,2,0,0,0,0,382,1012
0,1,24,5,6,3,3,1,6,0,1,1,2,6,2,383,1013
0,0,50,0,0,0,2,1,9,0,1,1,1,37,1,384,1014
1,1,49,0,0,2,2,1,7,0,1,3,0,31,1,384,1015
0,0,50,0,6,2,5,1,6,0,1,3,2,5,1,385,1016
2,1,10,5,7,0,3,2,2,4,2,0,0,0,0,385,1017
1,1,44,0,0,2,5,2,6,6,2,2,2,6,1,385,1018
0,1,83,4,0,0,4,1,2,0,1,3,0,14,1,386,1019
0,1,41,5,0,0,2,2,10,7,3,1,1,6,2,387,1020
0,0,65,0,0,0,2,1,7,0,1,1,0,12,1,388,1021
1,1,64,0,0,0,2,1,6,0,1,3,2,11,1,388,1022
0,1,29,5,0,0,2,1,7,0,1,1,1,10,1,389,1023
2,1,4,5,0,0,0,2,0,1,2,0,0,0,0,390,1024
2,0,11,5,0,1,3,2,2,4,2,0,0,0,0,390,1025
2,0,11,5,0,0,3,2,2,4,3,0,0,0,0,390,1026
7,0,47,3,0,3,5,1,8,0,1,3,2,2,1,390,1027
1,1,40,0,0,3,5,1,6,0,1,1,2,6,2,390,1028
7,0,20,5,0,0,2,1,6,0,1,1,2,5,1,391,1029
2,1,20,5,5,0,2,2,7,6,2,1,2,2,1,392,1030
5,1,6,5,5,0,2,2,1,3,2,0,0,0,0,392,1031
2,1,21,5,5,0,2,2,7,6,2,1,2,2,1,392,1032
7,1,46,3,5,3,3,1,6,0,1,1,2,10,1,392,1033
0,0,53,3,5,2,3,1,6,0,1,1,2,7,1,392,1034
1,1,47,0,0,0,2,1,10,0,1,3,2,0,1,393,1035
0,0,50,0,3,0,2,1,10,0,1,1,1,99,1,393,1036
2,0,15,5,6,0,3,2,3,5,2,0,0,0,0,393,1037
1,1,45,0,0,0,2,1,10,0,1,1,2,19,2,394,1038
0,0,37,0,0,0,2,1,7,0,1,1,2,20,1,394,1039
2,1,4,5,0,0,0,1,0,0,1,0,0,0,0,394,1040
0,0,31,5,5,0,2,1,9,0,1,1,2,32,2,395,1041
1,0,85,0,2,0,3,1,0,0,1,3,1,6,1,396,1042
0,1,79,0,2,0,4,1,6,0,1,3,0,2,1,396,1043
0,0,49,5,2,0,2,1,6,0,1,2,2,6,1,397,1044
0,0,61,4,0,0,2,1,8,0,1,1,2,45,2,398,1045
5,1,18,5,0,0,2,2,4,5,2,0,0,0,1,398,1046
0,0,34,5,0,0,2,2,7,6,2,1,2,19,1,399,1047
2,1,7,5,1,0,2,2,1,3,2,0,0,0,0,400,1048
2,1,2,5,1,0,0,0,0,0,0,0,0,0,0,400,1049
7,0,24,5,1,0,2,1,6,0,1,1,2,3,1,400,1050
2,0,2,5,1,0,0,0,0,0,0,0,0,0,0,400,1051
7,0,26,5,0,0,2,1,6,0,1,1,2,4,1,400,1052
1,1,38,0,0,0,2,2,9,7,3,1,2,17,1,401,1053
0,0,40,0,0,0,2,1,6,0,1,1,2,22,1,401,1054
0,0,44,0,0,0,2,1,9,0,1,1,2,22,1,402,1055
1,1,46,0,0,0,2,1,9,0,1,1,2,23,1,402,1056
0,0,40,1,0,0,2,1,9,0,1,1,2,43,1,403,1057
1,1,57,0,0,0,2,1,9,0,1,1,2,5,1,403,1058
2,1,6,5,6,0,0,1,0,0,2,0,0,0,0,404,1059
4,1,37,0,6,2,2,2,6,0,1,3,2,5,1,404,1060
0,0,35,5,0,0,2,1,6,0,1,1,2,9,1,404,1061
7,1,36,3,0,0,2,1,6,0,1,1,1,37,1,405,1062
2,1,18,5,0,0,2,2,6,5,2,3,0,0,1,405,1063
0,1,39,3,0,0,2,1,7,0,1,1,2,17,1,405,1064
2,0,13,5,8,0,2,2,2,5,2,0,0,0,0,405,1065
2,0,19,5,0,0,2,2,6,5,2,1,2,2,1,405,1066
2,0,14,5,0,0,2,2,2,5,2,0,0,0,0,405,1067
0,1,63,0,0,2,4,1,6,0,1,3,0,5,1,406,1068
2,0,31,5,0,3,2,1,6,0,1,1,2,5,1,406,1069
2,0,31,5,0,3,4,1,6,0,1,1,2,5,1,406,1070
0,1,56,0,0,2,4,1,6,0,1,3,2,5,1,406,1071
2,1,15,5,0,3,3,2,6,5,2,0,2,0,1,406,1072
0,1,32,5,0,0,2,1,9,0,1,1,2,10,1,407,1073
1,1,37,0,1,0,2,1,6,0,1,3,0,0,1,408,1074
0,0,38,0,1,0,2,1,7,0,1,1,2,18,1,408,1075
2,0,12,5,1,0,2,2,2,5,2,0,0,0,0,408,1076
0,1,49,0,0,0,2,2,9,7,2,1,2,8,1,409,1077
0,1,49,0,0,0,2,1,6,0,1,1,2,16,1,409,1078
0,0,85,4,0,0,2,1,9,0,1,3,0,13,1,410,1079
2,1,49,3,0,0,2,1,10,0,1,1,2,15,2,410,1080
5,0,30,5,0,0,2,1,10,0,1,3,0,0,2,410,1081
2,1,19,5,6,3,1,1,2,0,1,3,0,0,1,411,1082
0,0,43,0,6,3,5,1,2,0,1,1,2,6,1,411,1083
2,1,1,5,6,0,0,0,0,0,0,0,0,0,0,411,1084
2,0,11,5,6,0,5,2,1,4,2,0,0,0,0,411,1085
2,0,27,5,6,3,4,1,2,0,1,1,2,5,1,411,1086
1,1,26,5,6,3,1,1,2,0,1,3,0,0,1,411,1087
0,1,63,2,3,0,2,1,6,0,1,3,0,9,1,412,1088
7,0,76,4,4,0,2,1,6,0,1,3,1,8,1,412,1089
2,0,32,5,0,0,2,1,7,0,1,1,2,1,1,413,1090
0,0,61,0,0,0,2,1,8,0,1,3,2,89,1,413,1091
1,1,59,0,0,0,2,1,7,0,1,3,0,0,1,413,1092
3,1,85,4,0,0,2,1,3,0,1,3,0,13,2,413,1093
7,0,24,5,0,0,2,2,7,6,2,1,2,7,1,414,1094
0,0,30,3,0,0,2,2,9,7,2,1,1,5,1,414,1095
0,0,41,0,0,0,2,1,8,0,1,1,2,25,1,415,1096
1,1,39,0,0,0,2,1,6,0,1,1,2,15,1,415,1097
2,0,22,5,0,0,2,2,6,6,2,1,2,5,1,415,1098
0,0,37,0,0,0,2,1,8,0,1,2,2,21,1,416,1099
2,0,1,5,0,0,0,0,0,0,0,0,0,0,0,416,1100
2,1,3,5,0,0,0,1,0,0,1,0,0,0,0,416,1101
1,1,35,0,0,2,2,1,6,0,1,3,2,16,1,416,1102
7,0,20,5,0,0,3,1,6,0,1,1,2,6,1,417,1103
1,0,37,0,7,0,2,1,6,0,1,1,2,8,1,418,1104
2,0,18,5,0,0,2,2,2,5,2,3,0,0,1,418,1105
0,0,42,0,7,2,2,1,6,0,1,1,2,15,1,418,1106
2,0,15,5,0,0,2,2,2,5,2,0,0,0,0,418,1107
7,0,40,2,1,0,2,1,6,0,1,3,2,2,1,419,1108
1,1,31,0,5,2,3,1,6,0,1,1,2,9,1,420,1109
2,0,20,5,5,2,3,2,7,6,2,0,2,3,1,420,1110
3,1,61,4,5,2,2,1,0,0,1,3,2,5,1,420,1111
7,0,40,0,5,2,4,1,8,0,1,1,2,20,1,420,1112
2,0,30,5,0,0,2,1,6,0,1,2,2,5,1,421,1113
1,1,52,0,0,0,2,1,7,0,1,1,1,23,1,421,1114
1,1,53,0,5,2,2,1,9,0,1,1,2,41,1,421,1115
2,1,18,5,0,0,2,2,6,5,2,3,0,0,1,422,1116
2,0,13,5,4,0,2,2,2,5,2,0,0,0,0,422,1117
2,0,7,5,0,0,2,2,1,3,2,0,0,0,0,422,1118
0,0,39,0,0,0,2,1,4,0,1,2,2,11,1,422,1119
2,0,8,5,0,0,2,1,0,3,2,0,0,0,0,422,1120
2,1,18,5,0,0,2,2,5,5,2,3,0,0,1,422,1121
0,1,43,2,0,0,2,1,6,0,1,1,2,8,1,423,1122
0,0,36,5,0,0,2,1,6,0,1,3,2,7,1,423,1123
0,0,61,0,0,0,2,1,4,0,1,1,1,10,1,424,1124
1,1,45,0,0,0,2,1,7,0,1,1,2,24,1,424,1125
0,0,24,0,0,0,2,2,7,6,2,1,2,15,1,425,1126
2,1,0,5,0,0,0,0,0,0,0,0,0,0,0,425,1127
1,1,21,0,0,0,2,1,6,0,1,3,2,11,1,425,1128
2,0,8,5,7,0,2,2,1,3,2,0,0,0,0,426,1129
2,0,22,5,0,0,3,2,6,5,2,3,2,0,1,426,1130
0,0,42,0,0,0,3,1,6,0,1,1,2,16,1,426,1131
2,0,14,5,0,0,2,2,3,5,2,0,0,0,0,426,1132
2,1,3,5,0,0,0,1,0,0,1,0,0,0,0,426,1133
1,0,46,0,0,3,3,1,6,0,1,1,2,6,1,426,1134
0,0,51,0,0,0,2,1,10,0,1,1,2,32,1,427,1135
2,0,13,5,0,0,2,2,2,4,2,0,0,0,0,427,1136
2,1,6,5,0,0,2,2,1,2,2,0,0,0,0,427,1137
2,1,11,5,0,0,2,2,2,4,3,0,0,0,0,427,1138
1,1,45,0,0,0,2,1,10,0,1,1,1,24,1,427,1139
2,1,11,5,0,0,2,2,2,3,2,0,0,0,0,428,1140
0,0,40,0,0,0,3,1,9,0,1,1,1,15,1,428,1141
2,0,5,5,0,0,2,2,0,2,2,0,0,0,0,428,1142
1,1,31,0,0,0,2,1,6,0,1,3,0,0,1,428,1143
7,0,34,5,6,0,2,1,6,0,1,1,2,12,1,429,1144
0,0,24,5,0,0,2,1,6,0,1,1,2,10,1,429,1145
4,0,38,0,5,2,4,1,10,0,1,1,2,11,1,430,1146
2,1,1,5,0,0,0,0,0,0,0,0,0,0,0,430,1147
0,1,25,0,0,3,5,1,3,0,1,1,2,12,2,430,1148
0,0,36,5,7,0,2,2,8,6,2,1,2,13,1,431,1149
1,1,50,0,6,3,5,1,0,0,1,3,0,3,2,432,1150
2,1,15,5,6,0,3,2,3,5,2,0,0,0,0,432,1151
1,1,50,0,6,3,5,1,0,0,1,3,0,3,2,432,1152
2,0,20,5,6,3,3,2,7,6,2,3,2,3,1,432,1153
5,0,8,5,6,0,2,2,1,3,2,0,0,0,0,432,1154
0,0,47,1,6,3,4,1,2,0,1,1,2,5,1,432,1155
0,1,52,0,6,3,5,1,2,0,1,3,0,4,1,432,1156
0,1,85,4,0,0,2,1,7,0,1,3,0,16,1,433,1157
1,1,39,0,6,0,2,1,6,0,1,3,0,0,2,434,1158
0,0,40,0,0,0,2,1,6,0,1,1,1,12,1,434,1159
2,1,12,5,6,0,2,2,2,4,2,0,0,0,0,434,1160
0,1,46,3,0,0,2,2,8,6,2,3,0,6,2,435,1161
7,1,51,4,0,0,2,1,8,0,1,3,2,4,2,435,1162
2,1,12,5,1,0,2,1,1,4,3,0,0,0,0,436,1163
2,1,9,5,1,0,2,2,1,3,2,0,0,0,0,436,1164
0,0,36,0,1,0,2,1,6,0,1,1,2,15,1,436,1165
1,1,37,0,1,0,2,1,6,0,1,3,2,5,1,436,1166
2,1,18,5,4,3,3,2,4,5,3,3,2,0,1,437,1167
2,1,14,5,4,3,3,2,3,5,3,0,0,0,0,437,1168
0,1,52,0,4,3,4,1,6,0,1,1,2,16,1,437,1169
2,1,17,5,4,3,3,2,4,5,3,3,0,0,1,437,1170
0,0,40,5,5,2,2,1,10,0,1,1,2,99,1,438,1171
0,0,50,0,0,0,2,1,7,0,1,1,0,88,0,439,1172
1,1,41,0,0,0,2,1,9,0,1,3,2,0,1,439,1173
2,1,12,5,0,0,3,2,2,4,3,0,0,0,0,439,1174
2,0,4,5,0,0,2,2,0,1,3,0,0,0,0,439,1175
7,1,43,2,0,0,2,1,2,0,1,1,2,17,1,440,1176
5,0,1,5,7,0,0,0,0,0,0,0,0,0,0,440,1177
0,1,26,3,7,0,2,1,6,0,1,1,2,4,1,440,1178
5,0,2,5,6,0,0,0,0,0,0,0,0,0,0,440,1179
5,1,3,5,6,0,0,1,0,0,1,0,0,0,0,440,1180
2,1,2,5,0,0,0,0,0,0,0,0,0,0,0,440,1181
7,0,43,5,0,0,2,1,0,0,1,3,0,1,2,441,1182
0,0,55,3,0,0,2,1,6,0,1,1,2,31,1,442,1183
0,1,56,4,0,0,2,1,7,0,1,1,1,15,1,443,1184
1,1,48,0,0,0,2,1,9,0,1,1,2,22,1,444,1185
2,0,12,5,0,0,2,2,2,4,3,0,0,0,0,444,1186
0,1,47,0,0,0,2,1,9,0,1,1,2,19,1,444,1187
1,1,71,0,0,0,2,1,6,0,1,3,0,21,1,445,1188
0,0,82,0,0,0,2,1,6,0,1,3,0,14,1,445,1189
2,0,31,2,0,0,2,2,6,6,2,2,2,2,1,445,1190
0,0,52,3,1,0,2,1,7,0,1,3,0,3,2,446,1191
7,0,56,3,0,0,2,1,4,0,1,3,0,3,2,446,1192
2,1,12,5,1,0,2,2,2,4,2,0,0,0,0,447,1193
2,0,9,5,1,0,2,2,0,3,2,0,0,0,0,447,1194
0,1,34,3,1,0,2,1,7,0,1,1,2,23,1,447,1195
0,0,46,5,0,0,2,1,6,0,1,2,2,6,1,448,1196
2,0,31,5,6,3,1,2,2,0,1,3,2,4,1,449,1197
1,0,41,0,6,3,5,1,0,0,1,1,2,7,2,449,1198
2,0,10,5,6,3,5,2,1,4,2,0,0,0,0,449,1199
2,0,1,5,6,0,0,0,0,0,0,0,0,0,0,449,1200
2,1,10,5,6,3,4,2,1,4,2,0,0,0,0,449,1201
2,0,4,5,6,3,0,1,0,0,1,0,0,0,0,449,1202
2,0,20,5,6,3,4,1,4,0,1,3,2,3,1,449,1203
6,1,23,5,6,3,4,2,6,5,2,3,2,3,1,449,1204
2,1,0,5,0,0,0,0,0,0,0,0,0,0,0,450,1205
7,0,31,5,0,0,2,1,5,0,1,1,1,17,1,450,1206
0,1,39,3,0,0,2,1,6,0,1,3,0,3,1,450,1207
0,0,43,0,7,0,3,1,6,0,1,1,2,15,1,451,1208
2,0,15,5,0,0,2,2,2,5,2,0,0,0,0,451,1209
1,1,37,0,0,0,2,1,6,0,1,1,2,7,1,451,1210
2,0,18,5,0,0,2,2,2,0,2,3,0,0,1,451,1211
2,1,14,5,3,0,3,2,2,4,2,0,0,0,0,452,1212
2,1,11,5,3,0,3,2,2,4,2,0,0,0,0,452,1213
2,1,10,5,3,0,3,2,2,4,2,0,0,0,0,452,1214
0,0,48,0,0,0,5,1,10,0,1,1,2,12,2,452,1215
1,0,52,0,3,2,3,1,9,0,1,1,2,20,2,452,1216
2,1,19,5,3,0,3,2,3,4,2,3,2,0,1,452,1217
7,1,42,3,0,0,2,1,6,0,1,3,0,0,1,453,1218
0,1,44,5,0,0,2,1,8,0,1,1,2,17,1,454,1219
7,0,47,5,0,3,2,1,10,0,1,1,2,24,1,454,1220
0,0,37,3,0,0,3,1,9,0,1,1,2,28,1,455,1221
2,1,12,5,0,0,3,2,2,4,2,0,0,0,0,456,1222
0,0,45,0,0,3,4,1,6,0,2,1,2,20,2,456,1223
2,1,7,5,0,0,3,2,1,3,2,0,0,0,0,456,1224
2,0,19,5,6,0,3,2,5,5,2,1,2,3,1,456,1225
2,1,44,0,0,3,5,2,2,4,2,3,2,0,1,456,1226
0,1,40,5,0,0,2,1,6,0,1,1,2,27,1,457,1227
2,0,11,5,0,0,2,2,2,4,2,0,0,0,0,457,1228
2,0,16,5,6,0,3,2,4,5,2,3,2,0,1,458,1229
0,1,35,3,6,0,2,1,6,0,1,1,2,19,1,458,1230
2,1,24,5,6,0,3,1,6,0,1,1,2,7,1,458,1231
0,1,52,3,0,0,2,1,8,0,1,1,2,29,1,459,1232
0,0,72,0,1,0,2,1,4,0,1,1,2,57,1,460,1233
1,1,57,0,1,0,2,1,2,0,1,3,0,0,1,460,1234
2,0,15,5,0,0,2,2,4,5,2,0,0,0,0,461,1235
0,0,58,3,0,0,2,1,8,0,1,1,2,15,1,461,1236
0,0,25,5,0,0,2,1,7,0,1,1,2,8,1,462,1237
7,1,24,5,0,0,2,2,6,6,2,1,2,6,1,462,1238
0,1,77,4,0,0,2,1,3,0,1,3,0,7,1,463,1239
0,0,45,0,5,2,4,1,9,0,1,1,2,14,1,464,1240
0,0,47,0,3,3,4,1,10,0,1,1,2,26,1,464,1241
2,0,14,5,5,0,2,2,3,5,2,0,0,0,0,464,1242
1,1,46,0,0,0,2,1,9,0,1,1,2,19,1,465,1243
0,0,53,0,0,0,2,1,10,0,1,1,2,40,1,465,1244
0,0,83,4,0,0,2,1,6,0,1,3,0,80,1,466,1245
2,1,9,5,7,0,3,2,0,3,2,0,0,0,0,467,1246
2,1,3,5,6,0,0,1,0,0,1,0,0,0,0,467,1247
0,1,29,5,7,3,5,2,6,5,2,3,0,3,1,467,1248
2,1,8,5,7,0,3,2,0,3,2,0,0,0,0,467,1249
1,1,25,0,6,0,3,1,6,0,1,1,2,9,1,468,1250
0,0,25,0,6,3,3,1,6,0,1,1,2,3,1,468,1251
7,0,29,1,0,0,5,1,6,0,1,3,2,6,2,469,1252
2,0,5,5,0,0,4,2,1,2,2,0,0,0,0,470,1253
1,1,37,0,0,2,4,1,6,0,1,3,0,0,2,470,1254
0,0,40,0,0,3,4,1,6,0,1,1,2,11,2,470,1255
2,1,2,5,0,0,0,0,0,7,0,0,0,0,0,470,1256
0,1,50,5,6,0,2,1,8,0,1,3,2,9,1,471,1257
5,0,18,5,0,0,2,2,6,5,2,1,2,0,1,471,1258
0,1,70,4,0,0,2,1,1,0,1,3,0,6,1,471,1259
2,1,46,3,0,0,3,1,9,0,1,1,2,22,1,471,1260
7,0,34,5,0,0,2,2,6,6,2,1,2,5,2,472,1261
2,0,37,5,0,0,2,1,5,0,1,3,2,1,1,472,1262
2,0,38,5,0,0,2,1,5,0,1,3,0,0,1,472,1263
7,0,40,0,0,0,2,1,4,0,1,3,2,4,1,472,1264
2,0,38,5,7,0,2,1,4,0,1,3,2,5,1,472,1265
2,0,3,5,0,0,0,2,1,1,2,0,0,0,0,473,1266
0,1,31,0,1,0,2,1,6,0,1,1,2,8,1,473,1267
1,1,30,0,1,0,2,1,8,0,1,1,2,3,1,473,1268
2,0,11,5,0,0,2,2,2,4,2,0,0,0,0,473,1269
2,1,9,5,0,0,2,2,1,3,3,0,0,0,0,474,1270
1,1,44,0,0,0,2,1,9,0,1,3,2,2,1,474,1271
0,0,48,0,0,0,2,1,7,0,1,1,1,99,1,474,1272
2,1,9,5,0,0,2,2,1,3,3,0,0,0,0,474,1273
0,0,69,5,0,0,2,1,9,0,1,3,0,9,1,475,1274
4,0,21,5,6,0,5,1,3,0,1,1,2,6,1,476,1275
7,1,16,1,6,3,3,2,5,5,2,1,2,0,1,476,1276
2,1,18,5,0,0,3,2,3,5,2,3,0,0,1,476,1277
4,1,31,0,0,3,5,1,3,0,1,3,0,0,1,476,1278
4,0,23,5,6,3,3,2,4,0,3,1,2,3,1,476,1279
6,0,17,5,6,0,3,2,3,5,2,3,0,6,1,476,1280
4,0,23,5,6,3,4,1,3,0,1,1,2,5,1,476,1281
4,0,21,5,6,0,3,1,5,0,1,1,2,7,1,476,1282
4,1,31,5,6,3,5,1,2,0,1,3,0,0,1,476,1283
3,1,65,3,6,3,1,1,2,0,1,3,2,5,1,476,1284
5,1,11,5,6,3,4,2,0,5,2,0,0,0,0,476,1285
0,0,31,5,0,0,2,1,9,0,1,1,2,43,2,477,1286
7,0,33,3,0,0,2,1,6,0,1,3,2,13,1,478,1287
0,0,20,5,0,0,2,2,6,5,2,2,0,0,1,479,1288
6,1,53,5,0,0,2,1,6,0,1,3,1,7,1,479,1289
1,0,47,0,6,3,1,1,2,0,1,3,0,3,1,480,1290
0,1,44,0,6,3,5,1,2,0,1,3,0,1,1,480,1291
2,0,18,5,6,3,3,2,6,5,2,3,0,0,1,480,1292
0,1,46,3,0,0,2,1,7,0,1,1,2,13,1,481,1293
7,1,23,5,0,0,2,1,6,0,1,1,2,5,1,482,1294
0,1,71,4,0,0,2,1,7,0,1,1,2,57,1,483,1295
0,0,60,0,0,0,2,1,10,0,1,1,2,52,1,484,1296
1,1,55,0,0,0,2,1,10,0,1,1,2,24,1,484,1297
2,1,36,0,0,0,2,2,10,0,2,2,2,0,1,485,1298
2,0,60,0,0,0,2,1,6,0,1,1,0,13,1,485,1299
0,0,66,0,0,0,2,1,7,0,1,3,2,14,1,485,1300
1,1,49,0,0,0,2,1,9,0,1,2,0,4,1,485,1301
0,0,22,5,0,0,2,1,6,0,1,1,2,9,1,486,1302
7,0,33,5,0,0,2,1,6,0,1,1,2,8,1,486,1303
7,1,40,5,0,0,2,1,3,0,1,3,0,0,1,487,1304
7,1,12,5,0,0,2,2,2,4,2,0,0,0,0,487,1305
7,1,27,0,6,3,2,1,2,0,1,3,2,0,1,487,1306
7,1,7,5,6,3,1,1,0,0,1,0,0,0,0,487,1307
2,0,10,5,6,0,2,2,2,4,2,0,0,0,0,487,1308
2,0,10,5,6,0,4,2,2,4,2,0,0,0,0,487,1309
7,0,24,0,0,3,2,1,2,0,1,1,2,5,1,487,1310
1,1,36,0,6,2,3,1,6,0,1,1,2,8,1,487,1311
2,0,18,5,0,3,4,2,6,6,2,3,0,0,1,487,1312
4,0,31,0,6,3,5,1,2,0,1,1,2,5,1,487,1313
0,0,38,5,0,3,4,1,4,0,1,1,2,5,1,487,1314
2,1,1,5,0,0,0,0,0,0,0,0,0,0,0,487,1315
2,1,17,5,0,0,3,2,3,5,2,3,0,0,1,488,1316
2,1,17,5,0,2,5,2,4,5,2,3,0,0,1,488,1317
2,1,37,0,0,3,1,1,1,0,1,3,0,0,1,488,1318
0,0,47,0,5,2,5,1,6,0,1,3,2,7,1,488,1319
2,0,27,5,0,0,2,1,5,0,1,1,2,8,1,488,1320
2,0,12,5,0,3,3,2,2,4,2,0,0,0,0,488,1321
7,1,8,5,1,0,3,2,1,3,2,0,0,0,0,489,1322
2,1,16,5,0,0,3,0,6,0,1,2,2,0,1,489,1323
2,1,1,5,1,0,0,0,0,0,0,0,0,0,0,489,1324
1,0,34,5,0,0,5,1,3,0,1,1,2,11,1,489,1325
6,0,9,5,0,0,2,2,1,3,3,0,0,0,0,489,1326
2,0,28,5,6,0,4,1,4,0,1,3,0,0,1,489,1327
0,1,34,0,8,0,2,1,6,0,1,1,2,12,1,489,1328
7,0,38,3,0,0,2,2,7,6,2,1,2,3,2,490,1329
2,1,18,1,0,0,3,2,5,5,2,3,2,4,1,490,1330
2,0,22,5,0,3,3,2,5,5,2,1,2,3,0,490,1331
0,0,46,0,0,2,4,1,3,0,1,3,2,4,1,490,1332
0,0,47,0,0,3,4,1,3,0,1,1,2,5,1,490,1333
1,1,47,0,0,3,4,1,6,0,1,1,2,3,2,490,1334
2,1,23,5,0,0,2,2,6,6,2,3,0,2,1,491,1335
1,0,55,0,0,0,2,1,10,0,1,3,2,6,1,491,1336
2,1,34,5,0,0,2,1,9,0,1,1,2,11,1,491,1337
2,1,34,5,7,0,2,1,9,0,1,1,2,9,1,491,1338
4,0,50,1,6,3,5,1,2,0,1,2,2,2,1,492,1339
4,0,50,1,6,3,5,1,2,0,1,2,2,2,1,492,1340
0,1,56,4,6,3,1,1,2,0,1,2,2,1,1,492,1341
7,0,34,5,0,0,2,1,6,0,1,1,2,8,1,493,1342
0,0,22,5,0,0,2,1,6,0,1,1,2,9,1,493,1343
0,0,38,1,0,3,2,1,9,0,1,1,2,33,2,494,1344
1,1,39,0,0,0,2,1,9,0,1,1,2,0,1,495,1345
0,0,52,0,0,0,2,1,9,0,1,1,2,15,1,495,1346
0,1,53,3,1,0,2,1,6,0,1,1,2,11,1,496,1347
5,0,9,5,1,0,2,2,1,3,2,0,0,0,0,496,1348
2,0,34,5,0,0,2,1,6,0,1,1,2,7,1,496,1349
2,0,34,5,6,0,2,1,5,0,1,1,1,6,1,497,1350
7,0,28,5,6,0,2,1,6,0,1,1,2,5,1,497,1351
0,1,41,0,6,3,3,2,7,6,2,3,2,9,1,497,1352
2,1,21,5,6,0,2,2,5,5,2,1,2,1,1,497,1353
2,1,18,5,6,0,2,2,5,5,2,3,2,1,1,497,1354
2,1,12,5,6,0,3,2,1,3,2,0,0,0,0,498,1355
1,0,29,0,6,3,4,1,1,0,1,1,2,13,1,498,1356
4,1,21,5,6,3,1,1,6,0,1,2,0,0,1,498,1357
2,0,2,5,7,0,0,0,0,0,0,0,0,0,0,498,1358
1,0,30,0,6,3,4,1,1,0,1,1,2,14,1,498,1359
2,0,23,5,6,3,4,1,6,0,1,3,2,5,1,498,1360
0,0,52,0,0,0,2,1,10,0,1,1,2,99,1,499,1361
1,1,48,0,0,0,2,1,9,0,1,3,2,4,1,499,1362
2,1,41,0,0,0,2,1,5,0,1,3,2,5,1,499,1363
2,0,18,5,0,0,2,2,5,5,2,2,2,0,1,499,1364
1,0,30,0,0,3,3,1,6,0,1,1,2,12,1,500,1365
2,0,4,5,6,0,0,2,0,1,2,0,0,0,0,500,1366
0,1,30,0,6,0,4,1,6,0,1,3,2,19,1,500,1367
0,0,38,2,0,0,2,1,10,0,1,1,1,99,1,501,1368
7,0,40,5,0,0,2,1,8,0,1,1,2,21,1,502,1369
0,1,37,5,0,0,2,1,8,0,1,1,2,28,1,502,1370
4,1,54,5,0,0,2,1,8,0,1,3,0,6,1,502,1371
0,0,58,0,0,0,2,1,6,0,1,1,2,31,1,503,1372
1,1,61,0,0,0,2,1,6,0,1,1,2,3,1,503,1373
2,1,23,0,0,0,3,2,7,5,2,1,2,2,2,504,1374
1,1,41,0,0,2,4,2,6,6,3,3,2,0,1,504,1375
1,1,37,0,0,3,3,2,9,0,2,1,2,4,2,504,1376
2,1,37,0,0,2,4,2,6,6,3,3,0,0,0,504,1377
4,0,22,5,7,0,2,2,7,6,2,1,2,5,1,505,1378
7,1,26,5,0,0,2,1,6,0,1,1,2,10,1,505,1379
0,1,29,5,0,0,2,2,8,0,2,2,2,2,1,505,1380
0,1,75,3,2,0,2,1,8,0,1,3,0,4,1,506,1381
2,1,5,5,6,0,5,2,0,2,2,0,0,0,0,507,1382
2,1,3,5,6,0,0,1,0,0,1,0,0,0,0,507,1383
2,1,9,5,7,0,3,2,0,3,2,0,0,0,0,507,1384
0,1,29,5,7,3,5,2,6,5,2,3,0,3,1,507,1385
0,0,38,3,2,0,2,1,6,0,1,3,2,10,2,508,1386
2,1,15,5,0,0,2,2,4,5,2,0,0,0,0,508,1387
1,1,37,5,0,0,5,2,6,6,2,2,2,4,2,508,1388
0,0,38,0,0,3,5,1,4,0,1,1,2,7,2,509,1389
2,0,4,5,0,0,4,1,0,0,1,0,0,0,0,509,1390
2,1,2,5,0,0,4,0,0,0,0,0,0,0,0,509,1391
2,1,6,5,0,0,4,2,0,3,2,0,0,0,0,509,1392
1,1,40,0,0,3,5,1,2,0,1,3,0,0,2,509,1393
1,1,38,0,0,3,5,1,2,0,1,1,2,5,2,509,1394
0,0,75,0,0,0,2,1,7,0,1,3,0,15,1,510,1395
1,1,77,0,0,0,2,1,8,0,1,3,0,4,1,510,1396
0,0,28,5,0,0,2,1,6,0,1,1,2,15,1,511,1397
7,0,31,5,0,0,2,1,6,0,1,1,2,15,1,511,1398
1,1,36,0,7,0,2,1,9,0,1,3,0,0,2,512,1399
2,1,23,5,6,0,2,2,1,0,2,0,2,3,0,512,1400
0,0,33,0,0,0,2,1,6,0,1,1,2,18,1,512,1401
2,0,1,5,6,0,0,0,0,0,0,0,0,0,0,512,1402
2,0,34,5,0,0,2,1,5,0,1,3,2,4,1,513,1403
2,1,12,5,0,0,2,2,2,4,2,0,0,0,0,513,1404
7,0,31,5,0,0,2,2,6,6,2,1,2,5,2,513,1405
0,0,47,3,1,0,2,1,6,0,1,1,2,14,1,513,1406
2,0,33,5,0,0,2,1,3,0,1,3,0,0,1,513,1407
2,1,11,5,1,0,3,2,2,4,2,0,0,0,0,514,1408
2,0,5,5,7,0,0,1,0,0,1,0,0,0,0,514,1409
4,1,8,5,1,0,2,2,1,3,3,0,0,0,0,514,1410
4,1,11,5,1,0,3,2,2,4,2,0,0,0,0,514,1411
4,1,36,5,0,0,4,1,7,0,1,2,2,2,1,514,1412
0,1,38,0,6,0,4,1,1,0,1,2,2,4,1,514,1413
4,1,8,5,1,0,2,2,1,3,3,0,0,0,0,514,1414
7,0,18,1,0,0,4,1,0,0,1,3,0,0,1,515,1415
3,1,68,4,0,2,5,1,0,0,1,3,0,0,1,516,1416
1,0,47,5,0,0,4,1,9,0,1,1,2,10,1,516,1417
1,1,47,0,0,2,2,1,9,0,1,1,2,21,2,517,1418
1,1,45,0,0,0,2,2,6,6,2,3,0,3,1,517,1419
2,1,24,5,0,0,2,1,9,0,1,1,2,10,1,517,1420
2,1,19,5,0,0,2,2,6,6,2,3,0,2,1,517,1421
2,0,28,5,0,0,4,1,5,0,1,3,0,4,1,518,1422
0,1,53,2,0,3,4,1,2,0,1,1,2,5,2,518,1423
2,1,14,5,0,0,2,2,2,5,2,0,0,0,0,519,1424
0,0,39,0,5,0,2,1,9,0,1,1,1,10,2,519,1425
7,0,30,5,0,0,2,2,6,6,2,1,2,6,1,519,1426
2,0,15,5,3,0,3,2,3,5,3,1,0,0,0,520,1427
1,0,41,0,3,3,3,1,7,0,1,1,2,19,1,520,1428
1,1,45,0,0,0,3,1,9,0,1,3,0,0,1,520,1429
2,0,7,5,0,0,2,2,1,3,2,0,0,0,0,520,1430
1,1,62,0,7,2,4,1,6,0,1,3,2,7,1,521,1431
0,1,56,0,6,2,1,1,1,0,1,3,2,6,1,521,1432
1,1,61,0,0,0,2,1,6,0,1,3,1,23,1,522,1433
0,0,64,0,0,0,2,1,6,0,1,3,2,34,1,522,1434
0,1,79,4,0,0,2,1,6,0,1,3,0,10,2,523,1435
1,1,32,0,0,0,2,1,8,0,1,3,2,0,1,524,1436
0,0,40,0,0,0,2,1,6,0,1,3,1,8,1,524,1437
2,1,1,5,0,0,0,0,0,0,0,0,0,0,0,524,1438
0,1,39,0,0,2,3,1,6,0,1,1,2,3,1,525,1439
2,1,8,5,0,0,3,2,1,3,2,0,0,0,0,525,1440
0,0,33,0,7,0,4,2,9,7,2,1,2,26,1,525,1441
2,0,11,5,0,0,3,2,2,4,2,0,0,0,0,525,1442
2,1,8,5,0,0,3,2,0,3,2,0,0,0,0,525,1443
7,1,20,5,4,3,5,2,7,6,2,3,0,0,1,526,1444
0,1,23,5,1,0,3,1,4,0,1,1,2,9,1,526,1445
0,0,58,0,0,0,2,1,7,0,1,3,2,11,2,527,1446
1,1,55,0,0,0,2,1,6,0,1,1,2,13,1,527,1447
0,0,50,1,0,2,2,1,6,0,1,1,2,42,1,528,1448
0,0,53,3,0,0,2,1,7,0,1,1,2,8,1,529,1449
1,1,39,0,0,0,2,1,9,0,1,1,2,4,1,530,1450
1,0,48,0,0,0,2,1,7,0,1,1,2,8,1,530,1451
1,1,29,0,0,0,2,2,10,7,2,1,2,25,1,531,1452
1,0,29,0,0,0,2,1,10,0,1,1,2,60,1,531,1453
4,0,28,5,5,2,4,1,8,0,1,1,2,4,1,532,1454
0,0,55,0,0,3,4,1,9,0,1,1,1,15,1,532,1455
1,1,50,0,5,3,4,1,9,0,1,3,0,0,1,532,1456
4,0,25,5,5,3,4,1,8,0,1,1,2,3,1,532,1457
0,0,85,0,1,0,2,1,1,0,1,3,0,7,2,533,1458
1,1,85,0,1,0,2,1,8,0,1,3,0,4,2,533,1459
0,1,39,5,0,0,2,1,9,0,1,1,2,44,1,534,1460
1,1,40,0,0,0,2,1,8,0,1,1,1,15,1,535,1461
0,0,49,0,0,0,2,2,10,6,3,1,2,20,1,535,1462
0,0,22,5,6,0,2,1,5,0,1,2,1,3,2,536,1463
7,1,46,5,0,0,3,1,7,0,1,3,0,3,1,537,1464
0,0,51,5,0,0,2,1,9,0,1,1,2,19,1,538,1465
0,0,31,5,5,0,2,1,6,0,1,1,2,13,1,539,1466
0,0,31,5,7,0,4,1,6,0,1,1,2,13,1,539,1467
4,0,31,5,5,0,2,1,10,0,1,1,2,16,1,539,1468
0,0,68,0,0,0,2,1,6,0,1,3,2,20,2,540,1469
1,1,67,0,0,0,2,1,9,0,1,3,0,15,1,540,1470
0,1,55,4,0,0,2,1,7,0,1,1,1,15,1,541,1471
7,0,21,1,6,0,3,1,6,0,1,3,2,0,1,542,1472
7,0,39,5,0,0,5,1,6,0,1,2,2,3,1,543,1473
0,1,26,5,0,0,2,1,6,0,1,1,2,21,1,544,1474
0,1,79,4,0,0,2,1,6,0,1,3,0,8,2,545,1475
0,0,49,5,6,0,3,1,7,0,1,3,0,0,1,546,1476
0,0,50,3,0,0,2,1,9,0,1,1,2,32,2,547,1477
0,1,30,5,0,0,2,1,10,0,1,1,2,17,1,548,1478
2,1,0,5,0,0,0,0,0,0,0,0,0,0,0,549,1479
0,1,37,5,0,0,2,1,6,0,1,3,0,3,1,549,1480
7,0,31,5,0,0,2,1,5,0,1,1,1,17,1,549,1481
0,0,42,5,0,0,2,1,6,0,1,1,2,25,1,550,1482
0,1,45,5,0,0,2,1,6,0,1,1,2,12,1,551,1483
1,1,46,0,7,0,2,1,6,0,1,1,2,10,1,552,1484
0,1,38,0,7,0,2,1,9,0,1,1,2,6,1,552,1485
7,0,60,5,1,0,2,1,7,0,1,2,0,2,2,553,1486
0,0,28,5,0,0,2,1,7,0,1,1,2,10,1,554,1487
5,0,30,5,0,0,2,1,10,0,1,3,0,0,1,555,1488
2,1,28,4,0,0,2,1,9,0,1,3,2,1,1,555,1489
0,1,69,4,0,0,2,1,9,0,1,3,0,13,2,555,1490
1,0,56,0,0,0,2,1,8,0,1,1,2,14,1,556,1491
0,1,57,0,1,0,2,1,7,0,1,3,2,15,1,556,1492
5,1,12,5,1,0,2,2,2,4,3,0,0,0,0,556,1493
0,0,85,5,0,0,2,1,9,0,1,3,0,15,1,557,1494
7,1,42,5,0,2,3,1,0,0,1,1,2,6,1,558,1495
0,0,50,0,0,0,3,1,8,0,1,1,2,35,1,559,1496
1,1,52,0,0,0,2,1,7,0,1,3,0,0,1,559,1497
7,1,41,3,0,0,2,1,6,0,1,3,2,15,1,560,1498
0,1,62,3,0,0,4,1,6,0,1,1,2,12,2,561,1499
0,0,56,0,0,0,3,1,6,0,1,1,2,19,1,562,1500
1,1,46,0,5,2,3,1,6,0,1,1,2,8,1,562,1501
0,1,75,4,0,0,2,1,7,0,1,3,0,5,2,563,1502
0,0,25,0,7,0,2,1,7,0,1,1,2,6,1,564,1503
7,1,25,5,0,0,2,2,8,6,2,1,2,7,1,564,1504
1,1,63,0,7,2,4,1,6,0,1,3,2,12,1,565,1505
0,0,66,0,7,2,3,1,6,0,1,1,2,14,1,565,1506
0,0,53,0,5,2,3,1,9,0,1,1,2,26,1,566,1507
1,1,53,0,5,2,3,1,9,0,1,1,2,4,1,566,1508
2,1,13,5,0,0,2,2,2,4,3,0,0,0,0,567,1509
2,1,7,5,0,0,2,2,1,3,3,0,0,0,0,567,1510
0,1,37,3,0,0,2,1,10,0,1,1,1,61,1,567,1511
2,1,13,5,0,0,2,2,2,4,3,0,0,0,0,567,1512
7,1,20,5,6,0,5,2,3,5,2,3,0,0,1,568,1513
0,0,45,1,6,2,5,1,0,0,1,1,2,7,1,568,1514
5,1,8,5,6,0,4,2,1,3,2,0,0,0,0,568,1515
2,0,23,5,0,3,4,2,6,5,2,1,2,3,1,568,1516
2,1,41,0,6,2,1,1,0,0,1,3,0,0,1,568,1517
7,0,36,5,6,3,5,1,6,0,1,1,2,6,1,568,1518
0,1,62,3,6,3,1,1,2,0,1,3,2,5,1,568,1519
7,0,20,5,6,0,2,1,6,0,1,1,2,6,1,569,1520
1,0,21,0,1,0,2,2,6,6,2,2,2,2,1,570,1521
2,0,8,5,1,0,2,2,1,3,2,0,0,0,0,570,1522
1,1,32,0,0,0,4,1,6,0,1,1,2,0,1,570,1523
2,0,5,5,1,0,0,1,0,0,1,0,0,0,0,570,1524
1,1,23,0,1,0,2,1,8,0,1,1,2,5,1,571,1525
0,0,24,0,1,0,2,1,6,0,1,1,2,10,1,571,1526
2,1,20,5,0,0,2,2,6,6,2,3,2,0,1,572,1527
0,0,52,0,0,0,2,1,10,0,1,1,2,99,1,572,1528
1,0,50,0,0,0,2,1,9,0,1,1,1,4,1,572,1529
2,1,18,5,7,0,2,2,5,5,2,3,2,1,1,572,1530
2,0,12,5,0,0,3,2,2,4,2,0,0,0,0,573,1531
0,0,40,0,6,2,3,1,6,0,1,1,2,30,1,573,1532
2,0,9,5,6,0,4,2,1,3,2,0,0,0,0,573,1533
2,0,8,5,6,0,2,2,1,3,2,0,0,0,0,573,1534
1,1,40,0,0,0,3,1,7,0,1,1,2,9,1,573,1535
0,0,40,5,0,0,2,1,10,0,1,1,2,10,1,574,1536
6,1,8,5,0,0,2,2,1,3,2,0,0,0,0,575,1537
0,0,43,0,0,0,2,1,9,0,1,1,2,33,1,575,1538
0,0,43,0,0,0,2,1,9,0,1,1,2,32,1,575,1539
5,0,14,5,0,0,2,2,2,5,2,0,0,0,0,575,1540
6,1,9,5,0,0,2,2,1,3,2,0,2,0,0,575,1541
2,0,6,5,0,0,2,2,1,2,2,0,0,0,0,576,1542
7,1,36,5,6,3,5,1,7,0,1,1,1,3,1,576,1543
0,1,44,5,0,0,3,1,9,0,1,1,1,9,1,576,1544
2,0,21,5,0,0,2,2,6,0,2,1,2,2,1,577,1545
2,0,20,5,0,3,2,2,6,5,2,1,2,2,1,577,1546
2,1,23,5,6,2,4,2,6,6,2,3,0,0,1,577,1547
0,0,47,3,0,0,2,1,7,0,1,1,1,13,2,577,1548
0,0,47,3,0,0,2,1,7,0,1,1,1,13,2,577,1549
2,1,13,5,0,0,2,2,2,5,2,0,0,0,0,577,1550
1,1,47,0,6,2,4,1,3,0,1,1,1,4,1,578,1551
2,0,25,5,6,0,3,1,8,0,1,1,2,8,1,578,1552
2,0,20,5,6,0,3,2,6,6,2,1,2,5,1,578,1553
0,0,52,0,6,2,5,1,2,0,1,1,1,5,1,578,1554
2,1,7,5,3,0,3,2,1,3,2,0,0,0,0,579,1555
2,0,14,5,3,0,2,2,2,5,2,0,0,0,0,579,1556
0,0,44,0,3,2,3,1,7,0,1,1,2,30,1,579,1557
1,1,38,0,3,2,4,1,6,0,1,1,2,15,1,579,1558
1,1,50,0,3,2,5,1,7,0,1,1,1,6,1,580,1559
0,0,52,0,3,2,5,1,6,0,1,1,1,17,1,580,1560
2,1,23,5,3,0,3,1,9,0,1,1,2,18,1,580,1561
0,0,48,3,0,0,2,1,7,0,1,1,2,14,1,581,1562
0,1,60,3,1,0,5,1,6,0,1,3,2,6,2,582,1563
2,0,6,5,5,0,3,2,1,3,2,0,0,0,0,583,1564
2,1,15,5,5,0,2,2,4,5,2,0,0,0,0,583,1565
0,0,39,0,5,2,3,1,7,0,1,3,2,18,1,583,1566
1,1,38,0,5,2,3,1,9,0,1,3,2,0,1,583,1567
0,0,61,4,0,0,2,1,6,0,1,3,0,7,1,584,1568
0,1,75,4,0,0,2,1,9,0,1,3,0,7,1,585,1569
1,1,35,0,0,0,2,1,9,0,1,1,2,27,1,586,1570
0,0,34,0,0,0,2,1,9,0,1,1,2,99,1,586,1571
0,1,27,5,1,0,2,2,4,6,2,1,2,8,1,587,1572
2,0,11,5,1,0,2,2,2,4,2,0,0,0,0,587,1573
2,1,14,5,6,0,3,2,2,4,2,0,0,0,0,588,1574
7,0,46,2,6,0,3,1,2,0,1,3,2,0,1,588,1575
0,1,52,3,6,0,4,1,9,0,1,1,2,0,2,588,1576
0,0,85,4,0,0,2,1,7,0,1,3,0,13,1,589,1577
1,1,47,0,5,2,4,1,2,0,1,1,2,4,1,590,1578
2,1,20,5,0,0,2,1,6,0,1,1,2,5,1,590,1579
0,0,44,0,0,0,2,1,6,0,1,1,2,22,1,590,1580
1,1,34,0,0,0,2,2,6,6,2,3,2,0,1,591,1581
2,0,13,5,0,0,2,2,2,4,2,0,0,0,0,591,1582
0,0,36,5,0,0,2,1,6,0,1,1,2,31,1,591,1583
2,1,3,5,0,0,0,1,0,0,1,0,0,0,0,591,1584
2,1,1,5,0,0,0,0,0,0,0,0,0,0,0,591,1585
1,1,51,5,0,0,2,1,6,0,1,3,2,5,1,592,1586
0,1,26,5,0,3,2,2,7,6,3,1,2,17,1,593,1587
7,0,30,5,7,0,2,1,8,0,1,1,2,26,2,593,1588
0,0,46,0,6,0,2,1,3,0,1,1,1,5,1,594,1589
1,1,50,0,1,0,2,1,6,0,1,3,0,3,1,594,1590
2,1,3,5,1,0,0,0,0,0,0,0,0,0,1,594,1591
6,1,40,5,3,3,2,1,10,0,1,1,2,11,1,595,1592
0,0,44,3,0,0,2,1,8,0,1,1,2,20,1,595,1593
4,1,42,3,0,0,2,1,9,0,1,1,2,10,2,595,1594
2,1,14,5,7,0,2,2,2,5,2,0,0,0,0,596,1595
1,1,43,0,6,0,2,1,4,0,1,3,2,4,1,596,1596
1,1,43,0,0,0,2,1,6,0,1,3,2,5,1,596,1597
2,1,15,5,0,0,2,2,6,5,2,0,0,0,0,596,1598
2,1,19,5,0,0,3,2,6,5,2,1,2,2,1,596,1599
2,0,7,5,0,0,2,2,0,3,2,0,0,0,0,597,1600
2,1,12,5,6,0,2,2,2,4,2,0,0,0,0,597,1601
1,0,42,0,6,2,5,1,2,0,1,1,2,6,1,597,1602
0,1,36,0,6,2,4,2,7,6,2,2,0,5,1,597,1603
1,1,45,0,7,0,2,1,10,0,1,3,0,0,1,598,1604
0,0,44,0,5,1,3,2,10,7,2,1,2,48,1,598,1605
2,1,11,5,5,0,3,2,2,4,2,0,0,0,0,598,1606
0,0,45,0,5,2,2,2,9,6,2,0,2,17,1,598,1607
1,1,44,0,0,0,2,1,6,0,1,1,2,10,1,599,1608
1,1,41,0,0,0,2,1,6,0,1,1,2,22,1,599,1609
2,1,23,5,0,0,2,2,7,6,2,1,2,6,1,599,1610
2,0,15,5,7,3,2,2,2,5,3,0,1,0,1,599,1611
2,0,30,1,0,3,5,1,4,0,1,1,1,1,1,600,1612
2,1,16,5,0,0,3,2,3,5,2,3,2,0,1,600,1613
2,1,3,5,6,0,0,1,0,0,1,0,0,0,0,600,1614
2,1,18,5,0,0,3,2,6,6,2,2,0,0,1,600,1615
0,0,52,0,0,2,5,1,2,0,1,1,1,2,1,600,1616
5,1,2,5,0,0,0,0,0,0,0,0,0,0,0,600,1617
5,0,7,5,0,0,4,2,1,3,2,0,0,0,0,600,1618
1,1,47,0,0,3,1,1,2,0,1,1,2,6,1,600,1619
2,1,18,5,0,0,3,2,6,6,2,2,0,0,1,600,1620
2,1,25,1,0,0,3,1,5,0,1,3,0,0,1,600,1621
0,1,77,3,0,0,2,1,6,0,1,3,0,6,2,601,1622
6,0,36,1,0,0,2,1,6,0,1,1,2,20,2,602,1623
0,0,76,0,0,0,2,1,6,0,1,1,2,41,2,602,1624
1,1,44,0,0,0,2,1,6,0,1,1,2,12,1,602,1625
1,1,40,0,0,0,2,1,6,0,1,1,2,13,1,603,1626
0,0,41,0,0,0,2,1,7,0,1,2,2,12,1,603,1627
2,0,8,5,0,0,2,2,1,3,2,0,0,0,0,604,1628
0,0,38,0,0,0,2,1,10,0,1,1,2,27,1,604,1629
1,1,36,0,0,0,2,1,8,0,1,3,1,0,1,604,1630
2,0,7,5,0,0,2,2,1,3,2,0,0,0,0,604,1631
2,0,8,5,0,0,2,2,1,3,2,0,0,0,0,604,1632
2,0,1,5,1,0,0,0,0,0,0,0,0,0,0,605,1633
1,1,25,0,7,0,2,1,6,0,1,1,2,4,1,605,1634
0,1,23,3,7,2,3,1,6,0,1,1,2,3,1,605,1635
2,1,2,5,1,0,0,0,0,0,0,0,0,0,0,605,1636
2,1,2,5,6,0,0,0,0,0,0,0,0,0,0,605,1637
6,1,14,5,1,0,2,2,2,5,2,0,0,0,0,606,1638
7,1,25,5,0,0,2,2,9,6,2,1,2,2,1,606,1639
7,0,27,5,1,0,2,2,6,6,2,1,2,2,1,606,1640
2,0,12,5,7,0,2,2,2,4,2,0,0,0,0,606,1641
2,0,10,5,7,0,2,2,1,3,2,0,0,0,0,606,1642
0,1,40,5,0,0,2,1,6,0,1,3,2,7,1,606,1643
2,0,3,5,0,0,0,1,0,0,1,0,0,0,0,607,1644
2,0,11,5,0,0,3,2,2,4,2,0,0,0,0,607,1645
1,1,38,0,0,0,5,1,0,0,1,3,0,3,1,607,1646
0,0,41,0,0,2,5,1,2,0,1,3,2,8,1,607,1647
2,0,11,5,0,0,3,2,2,4,2,0,0,0,0,607,1648
0,1,36,3,6,0,2,1,6,0,1,1,2,20,1,608,1649
2,1,18,5,6,0,3,2,7,5,2,1,2,4,1,608,1650
2,0,15,5,6,0,3,2,4,5,2,3,0,0,1,608,1651
1,1,45,0,0,0,2,1,6,0,1,1,2,12,2,609,1652
2,1,4,5,0,0,0,1,0,0,1,0,0,0,0,609,1653
0,0,48,0,0,0,2,1,7,0,1,3,0,11,1,609,1654
7,0,26,5,0,0,2,1,9,0,1,1,2,99,1,610,1655
0,0,33,5,0,0,2,1,9,0,1,1,2,99,1,610,1656
7,0,31,5,0,0,2,1,9,0,1,3,2,50,1,610,1657
0,0,69,0,5,0,2,1,7,0,1,3,0,7,1,611,1658
1,1,67,0,0,0,2,1,9,0,1,3,0,5,1,611,1659
7,0,20,5,0,0,2,1,6,0,1,1,2,5,1,612,1660
7,1,21,5,0,0,2,1,6,0,1,1,2,5,1,612,1661
0,0,22,5,0,0,2,2,7,6,2,1,2,12,1,612,1662
0,0,58,3,0,0,2,1,8,0,1,1,2,15,1,613,1663
2,0,15,5,0,0,2,2,4,5,2,0,0,0,0,613,1664
0,0,24,5,6,0,2,2,9,7,3,1,2,7,1,614,1665
1,0,23,0,0,0,2,2,9,7,2,1,2,3,1,614,1666
2,0,11,5,6,0,4,2,2,4,2,0,0,0,0,615,1667
0,0,43,0,6,3,5,1,1,0,1,1,2,5,1,615,1668
2,1,41,3,5,3,1,1,9,0,1,3,2,6,1,615,1669
5,0,8,5,6,0,3,2,1,3,2,0,0,0,0,615,1670
5,0,6,5,6,0,3,2,1,2,2,0,0,0,0,615,1671
0,0,47,5,0,0,2,1,8,0,1,1,0,4,1,616,1672
0,1,64,5,0,0,2,1,6,0,1,3,0,4,1,617,1673
0,0,30,5,7,0,2,2,8,6,3,1,2,11,1,618,1674
0,0,48,3,0,0,2,1,7,0,1,1,2,6,1,619,1675
0,1,55,4,0,0,2,1,7,0,1,1,2,21,1,620,1676
2,0,12,5,2,0,2,2,2,4,2,0,0,0,0,621,1677
1,1,37,0,2,0,2,1,6,0,1,3,0,0,1,621,1678
2,0,13,5,2,0,2,2,2,4,2,0,0,0,0,621,1679
2,0,15,5,2,0,2,2,2,5,2,0,0,0,0,621,1680
0,0,38,0,2,0,2,1,6,0,1,1,2,26,1,621,1681
2,0,16,5,2,0,2,2,5,5,2,3,0,0,1,621,1682
2,0,46,4,0,0,2,1,6,0,1,1,2,15,2,622,1683
0,1,68,4,0,0,3,1,5,0,1,1,2,15,1,622,1684
0,1,77,4,0,0,2,1,6,0,1,3,0,20,1,623,1685
0,0,58,0,0,2,3,1,9,0,1,3,2,12,1,624,1686
2,0,18,5,0,0,2,2,5,5,2,2,2,0,1,624,1687
1,1,45,0,5,2,3,1,9,0,1,1,2,17,1,624,1688
2,1,15,5,5,0,3,2,4,5,3,0,0,0,0,624,1689
1,0,72,0,0,0,2,1,5,0,1,3,0,7,1,625,1690
1,0,59,0,2,0,2,1,6,0,1,1,2,28,1,625,1691
1,1,36,0,7,0,3,1,6,0,1,3,0,0,1,626,1692
2,1,8,5,0,0,2,2,1,3,2,0,0,0,0,626,1693
2,0,6,5,0,0,0,2,1,2,2,0,0,0,0,626,1694
0,0,40,0,7,0,3,1,6,0,1,1,1,99,2,626,1695
0,1,58,4,2,0,2,1,7,0,1,3,2,17,1,627,1696
7,1,47,5,0,0,3,1,7,0,1,3,0,3,1,628,1697
0,1,33,5,0,0,2,1,7,0,1,1,2,16,1,629,1698
2,1,34,2,0,0,2,1,8,0,1,2,2,4,1,630,1699
1,1,50,0,0,0,2,1,6,0,1,3,0,0,1,630,1700
2,1,45,3,7,0,2,1,6,0,1,0,2,6,1,630,1701
2,1,5,5,0,0,0,1,0,0,1,0,0,0,0,630,1702
7,0,27,1,0,0,2,1,6,0,1,3,0,0,1,631,1703
2,1,0,5,0,0,0,0,0,0,0,0,0,0,0,632,1704
0,0,24,0,0,0,2,1,5,0,1,3,2,2,1,632,1705
1,1,27,0,5,3,4,1,8,0,1,3,2,1,1,632,1706
5,0,2,5,7,0,0,0,0,0,0,0,0,0,0,633,1707
0,0,51,0,0,0,2,1,9,0,1,1,2,26,2,633,1708
2,1,25,5,5,0,2,2,8,6,3,1,2,6,2,633,1709
1,1,53,0,0,2,2,1,6,0,1,3,0,4,2,633,1710
5,1,6,5,7,0,2,2,1,3,2,0,0,0,0,633,1711
7,0,41,5,7,1,2,1,10,0,1,1,2,0,1,634,1712
0,1,84,4,1,0,2,1,6,0,1,3,0,24,2,634,1713
7,1,85,4,0,0,2,1,6,0,1,3,0,4,2,635,1714
1,1,74,0,0,0,3,1,4,0,1,3,2,65,1,636,1715
2,0,39,0,0,0,3,1,4,0,1,1,2,8,1,636,1716
2,0,40,0,0,0,3,1,4,0,1,1,2,8,1,636,1717
1,1,74,0,0,0,3,1,4,0,1,3,2,57,1,636,1718
2,0,40,5,0,0,3,1,7,0,1,1,2,8,1,636,1719
2,0,18,5,3,2,4,2,7,6,2,1,2,0,1,637,1720
1,1,41,0,3,2,1,1,0,0,1,1,2,34,2,637,1721
2,0,15,5,3,2,4,2,2,5,3,0,0,0,0,637,1722
0,1,44,3,3,3,2,1,7,0,1,1,2,7,1,637,1723
2,0,29,5,0,0,2,1,6,0,1,3,2,0,1,638,1724
0,1,55,4,0,0,2,1,6,0,1,3,0,1,1,638,1725
2,1,12,5,0,0,3,2,2,4,2,0,0,0,0,639,1726
7,1,46,0,0,3,5,1,6,0,1,3,2,5,2,639,1727
2,0,33,0,0,3,3,2,6,5,2,3,2,4,2,639,1728
1,1,42,0,3,2,5,1,5,0,1,1,2,3,0,639,1729
1,0,27,5,0,0,3,2,7,6,2,1,2,5,1,639,1730
7,1,26,5,3,2,5,1,10,1,1,0,0,1,1,639,1731
0,1,41,3,0,0,3,1,6,0,1,1,2,23,1,640,1732
2,0,10,5,0,0,2,2,1,3,2,0,0,0,0,640,1733
2,1,9,5,0,0,3,2,1,3,2,0,0,0,0,641,1734
2,1,27,5,0,2,3,2,6,5,2,3,2,3,2,641,1735
0,0,44,0,0,2,3,1,6,0,1,1,2,10,1,641,1736
2,1,10,5,0,0,3,2,2,4,2,0,0,0,0,641,1737
1,1,43,0,0,0,3,1,6,0,1,1,2,12,2,641,1738
7,0,41,5,0,3,2,1,10,0,1,1,2,35,1,642,1739
0,1,46,5,0,0,2,1,8,0,1,3,2,8,1,642,1740
0,0,59,0,0,0,2,1,6,0,1,1,2,26,1,643,1741
1,1,46,0,5,2,3,1,6,0,1,1,2,8,1,643,1742
2,0,8,5,6,0,2,2,1,3,2,0,0,0,0,644,1743
2,0,21,5,6,3,3,1,3,0,1,3,2,0,2,644,1744
1,1,20,5,3,2,5,2,2,1,2,1,0,5,1,644,1745
2,0,8,5,6,0,3,2,1,3,2,0,0,0,0,644,1746
0,1,40,5,6,3,5,1,2,0,1,1,2,6,1,644,1747
7,0,22,1,6,0,3,1,6,0,1,3,2,0,1,645,1748
0,0,56,0,0,0,2,1,8,0,1,1,1,17,1,646,1749
1,1,58,0,0,0,2,1,8,0,1,1,1,21,1,646,1750
1,1,81,0,0,0,2,1,9,0,1,3,0,4,1,647,1751
0,0,80,0,0,0,2,1,9,0,1,3,0,13,1,647,1752
1,0,37,0,5,3,3,1,10,0,1,1,2,16,1,648,1753
0,1,30,5,6,0,4,2,6,6,2,1,2,16,1,648,1754
2,1,7,5,5,0,3,2,1,3,2,0,0,0,0,648,1755
2,0,3,5,7,0,0,2,1,1,2,0,0,0,0,648,1756
2,0,3,5,6,0,0,1,0,0,1,0,0,0,0,649,1757
2,1,23,5,0,3,5,2,6,0,2,3,0,0,1,649,1758
2,1,4,5,0,0,0,1,0,0,1,0,0,0,0,649,1759
6,0,20,5,0,3,4,2,7,6,2,3,0,0,1,649,1760
2,1,12,5,5,0,4,2,2,4,2,0,0,0,0,649,1761
2,1,2,5,6,0,0,0,0,0,0,0,0,0,0,649,1762
4,0,38,5,7,3,4,1,6,0,1,3,2,3,1,649,1763
7,0,40,0,6,3,5,1,6,0,1,3,2,9,1,649,1764
1,1,34,0,6,0,4,1,5,0,1,3,0,0,1,649,1765
7,0,34,5,7,2,3,1,2,0,2,1,2,12,1,650,1766
4,1,12,5,0,0,3,2,2,4,2,0,0,0,0,650,1767
2,0,8,5,0,0,2,2,1,3,2,0,0,0,0,650,1768
2,1,9,5,0,0,2,2,1,3,2,0,0,0,0,650,1769
0,1,34,3,0,0,2,1,7,0,1,1,2,9,1,650,1770
0,0,77,0,0,0,2,1,7,0,1,3,0,5,1,651,1771
0,1,76,5,0,0,2,1,7,0,1,3,0,8,1,651,1772
1,1,67,0,0,3,2,1,6,0,1,3,2,2,1,652,1773
0,0,61,0,0,2,2,1,7,0,1,1,1,5,1,652,1774
2,1,2,5,1,0,0,0,0,0,0,0,0,0,0,653,1775
0,1,38,5,1,0,2,1,8,0,1,1,2,22,1,653,1776
0,0,44,3,0,0,2,1,8,0,1,1,2,22,1,654,1777
2,1,19,5,0,0,2,2,7,6,2,1,2,10,1,654,1778
7,1,41,3,0,0,2,1,6,0,1,1,2,9,1,654,1779
1,1,54,0,0,0,2,1,10,0,1,1,2,25,1,655,1780
0,0,59,0,0,0,2,1,10,0,1,1,2,51,1,655,1781
7,0,42,5,0,0,2,1,6,0,1,3,1,0,1,656,1782
1,1,49,0,0,0,2,1,9,0,1,1,1,4,1,657,1783
2,1,23,5,0,0,2,2,7,6,3,1,2,4,1,657,1784
2,1,20,5,0,0,2,2,6,6,2,3,2,0,1,657,1785
0,0,50,0,0,0,2,1,10,0,1,1,2,99,1,657,1786
0,1,34,2,7,0,2,1,6,0,1,1,2,15,1,658,1787
2,1,11,5,1,0,2,2,2,4,2,0,0,0,0,658,1788
2,1,8,5,1,0,2,2,1,3,2,0,0,0,0,658,1789
1,1,42,0,5,2,3,1,9,0,1,1,0,9,1,659,1790
0,0,41,0,0,2,3,1,9,0,1,1,2,30,1,659,1791
2,1,7,5,7,0,1,1,1,0,2,0,0,0,0,659,1792
1,1,58,0,7,0,2,1,10,0,1,3,0,4,2,659,1793
7,1,28,5,0,0,3,2,6,6,2,3,0,0,1,660,1794
2,1,25,5,0,0,3,2,10,7,2,1,2,7,1,660,1795
2,1,1,5,6,0,0,0,0,0,1,0,0,0,0,661,1796
2,0,34,0,6,0,2,1,6,0,1,1,2,21,1,661,1797
1,1,35,0,2,0,2,2,8,6,2,1,2,18,1,661,1798
2,0,4,5,5,3,0,1,0,0,1,0,0,0,0,662,1799
2,0,6,5,5,3,3,2,0,3,2,0,0,0,0,662,1800
0,0,34,0,5,3,3,1,6,0,1,1,2,0,1,662,1801
1,1,28,0,5,3,3,1,9,0,1,3,0,0,1,662,1802
2,0,14,5,3,0,2,2,3,5,2,0,0,0,0,663,1803
0,0,44,0,3,2,4,1,7,0,1,1,2,29,1,663,1804
2,1,11,5,3,0,2,2,2,4,2,0,0,0,0,663,1805
0,0,44,0,3,2,4,1,7,0,1,1,2,30,1,663,1806
2,0,20,5,7,0,2,1,6,0,1,1,2,15,1,664,1807
5,0,7,5,8,0,2,2,1,3,3,0,0,0,0,664,1808
0,1,50,3,7,0,2,1,7,0,1,1,2,20,2,664,1809
0,0,47,1,0,2,3,1,7,0,1,1,1,6,1,665,1810
2,1,30,0,5,3,5,1,3,0,1,3,2,2,1,666,1811
0,0,71,4,3,2,1,1,2,0,1,3,0,0,1,666,1812
2,0,31,0,3,2,4,1,6,0,1,1,2,19,1,666,1813
5,1,0,5,5,0,0,0,0,0,0,0,0,0,0,666,1814
2,1,3,5,0,0,0,1,0,0,2,0,0,0,0,667,1815
0,0,49,0,0,0,2,1,8,0,1,3,2,21,1,667,1816
1,1,55,0,0,0,2,1,8,0,1,3,1,0,1,667,1817
5,0,2,5,0,0,0,0,0,0,0,0,0,0,0,667,1818
2,1,28,2,0,0,2,1,8,0,1,2,2,5,1,667,1819
1,1,58,0,4,0,2,1,9,0,1,3,2,3,1,668,1820
3,1,85,4,0,0,2,1,3,0,1,3,0,12,2,668,1821
1,1,57,0,0,0,2,1,7,0,1,3,0,0,1,668,1822
0,0,60,0,0,0,2,1,8,0,1,3,2,67,1,668,1823
7,0,47,5,0,0,2,1,6,0,1,3,2,1,2,669,1824
1,0,51,0,0,0,3,1,9,0,1,1,2,7,1,670,1825
1,1,31,0,0,0,2,2,7,6,2,1,2,0,1,670,1826
2,1,5,5,0,0,2,2,1,1,3,0,0,0,0,670,1827
2,0,5,5,0,0,2,2,1,3,3,0,0,0,0,670,1828
0,0,32,0,6,0,3,1,6,0,1,1,2,9,1,671,1829
0,0,31,0,6,0,3,1,6,0,1,1,2,9,1,671,1830
2,0,5,5,6,0,4,2,1,2,2,0,0,0,0,671,1831
2,0,7,5,6,0,4,2,1,3,2,0,0,0,0,671,1832
2,1,1,5,6,0,0,0,0,0,0,0,0,0,0,671,1833
7,0,46,5,0,0,2,1,6,0,1,3,2,4,2,672,1834
1,1,31,0,0,0,3,1,9,0,1,1,2,17,1,673,1835
2,1,3,5,0,0,0,1,0,0,1,0,0,0,0,673,1836
0,0,37,0,0,2,3,1,7,0,1,1,2,30,1,673,1837
5,0,30,5,0,0,2,1,10,0,1,3,0,0,2,674,1838
0,0,51,0,7,0,2,1,7,0,1,1,2,11,1,674,1839
5,0,29,5,0,0,2,1,10,0,1,3,0,0,2,674,1840
1,1,41,0,0,0,2,1,6,0,1,1,2,4,1,675,1841
2,0,13,5,0,0,2,2,2,4,2,0,0,0,0,675,1842
2,0,14,5,0,0,2,2,2,4,3,0,0,0,0,675,1843
0,0,42,0,0,0,2,1,9,0,1,1,2,50,1,675,1844
0,0,49,0,1,0,2,1,6,0,1,1,2,16,1,676,1845
2,1,14,5,7,0,2,2,2,4,2,0,0,0,0,676,1846
2,1,30,5,2,0,2,2,8,6,2,1,2,6,1,676,1847
1,1,44,0,0,0,2,1,7,0,1,3,2,6,1,676,1848
2,1,49,3,0,0,2,1,7,0,1,1,2,0,2,677,1849
0,1,70,3,0,0,2,1,5,0,1,3,0,15,1,677,1850
5,1,6,5,5,0,2,2,1,3,2,0,0,0,0,678,1851
2,1,23,5,5,0,2,2,7,6,2,1,2,3,1,678,1852
7,1,45,3,5,3,3,1,6,0,1,1,2,10,1,678,1853
0,0,53,3,5,2,3,1,6,0,1,1,2,7,1,678,1854
1,0,81,0,2,0,3,1,0,0,1,3,0,5,1,679,1855
0,1,77,5,2,0,4,1,0,0,1,3,0,3,1,679,1856
7,0,20,5,0,0,3,1,6,0,1,1,2,5,1,680,1857
7,1,37,3,0,0,2,1,7,0,1,1,2,7,1,681,1858
2,0,14,5,0,0,2,2,4,5,2,0,0,0,0,681,1859
0,1,39,3,0,0,3,1,9,0,1,1,2,15,1,681,1860
2,1,8,5,0,0,2,2,1,3,2,0,0,0,0,681,1861
0,0,57,0,0,0,2,1,8,0,1,1,2,42,1,682,1862
1,1,59,0,0,0,2,1,7,0,1,3,1,15,1,682,1863
0,1,76,4,0,0,2,1,6,0,1,3,0,5,2,683,1864
1,1,38,0,6,2,5,1,2,0,1,1,2,7,1,684,1865
0,0,42,0,6,0,3,1,2,0,1,1,2,8,1,684,1866
2,0,12,5,6,2,2,2,2,4,2,0,0,0,0,684,1867
2,0,4,5,6,0,0,2,1,1,2,0,0,0,0,684,1868
7,0,40,5,6,0,2,1,5,0,1,1,1,0,1,685,1869
1,1,32,0,6,0,2,1,6,0,1,1,2,13,2,686,1870
0,0,33,0,0,0,2,1,6,0,1,1,2,13,2,686,1871
1,1,38,0,5,2,3,1,1,0,1,1,2,23,1,687,1872
3,1,78,4,0,3,5,1,6,0,1,3,0,2,2,687,1873
2,1,6,5,7,0,2,2,2,2,2,0,0,0,0,687,1874
0,0,39,0,0,2,3,1,10,0,1,1,2,35,1,687,1875
1,0,45,0,0,0,5,2,10,0,2,3,2,5,1,688,1876
0,0,68,0,0,0,2,1,7,0,1,3,0,12,1,688,1877
1,1,46,0,0,0,2,1,10,0,1,2,2,0,1,688,1878
0,0,64,0,0,0,2,1,9,0,1,3,0,13,1,688,1879
0,0,53,0,0,2,2,1,9,0,1,1,2,99,1,689,1880
1,0,54,0,0,2,2,1,9,0,1,1,2,99,1,689,1881
2,1,17,5,0,0,2,2,5,5,2,1,2,0,1,689,1882
2,0,9,5,0,0,2,2,1,3,2,0,0,0,0,690,1883
0,0,41,0,0,0,2,1,6,0,1,2,2,28,1,690,1884
0,1,35,5,0,0,2,1,5,0,1,1,2,10,1,690,1885
2,0,9,5,0,0,2,2,1,3,2,0,0,0,0,690,1886
2,0,17,5,0,0,2,2,4,5,2,3,2,0,1,690,1887
1,0,39,5,7,2,3,1,3,0,1,1,2,3,0,691,1888
2,1,12,5,6,0,4,2,2,4,2,0,0,0,0,691,1889
7,0,30,1,6,0,5,1,5,0,1,1,2,6,2,691,1890
2,0,13,5,6,0,3,2,2,4,2,0,0,0,0,691,1891
0,0,44,0,0,3,5,1,6,0,1,1,2,8,2,691,1892
2,1,18,5,3,0,3,2,6,5,2,1,2,0,2,691,1893
2,0,5,5,6,0,4,1,0,0,1,0,0,0,0,691,1894
3,1,68,4,5,2,5,1,0,0,1,3,0,5,1,692,1895
0,0,54,0,5,3,4,1,9,0,1,1,1,15,1,692,1896
1,1,33,0,5,3,2,1,8,0,1,1,2,7,1,692,1897
0,0,32,0,5,2,4,2,8,6,2,1,2,7,0,692,1898
2,0,5,5,0,0,2,2,0,1,1,0,0,0,0,693,1899
2,1,20,1,0,0,2,1,7,0,1,3,2,10,1,693,1900
2,1,2,5,0,0,0,0,0,0,0,0,0,0,0,693,1901
0,0,36,1,0,0,2,1,9,0,1,1,2,28,1,693,1902
2,0,12,5,0,0,2,2,2,4,2,0,0,0,0,693,1903
0,0,25,5,0,0,2,1,6,0,1,1,2,14,1,694,1904
2,1,0,5,1,0,0,0,0,0,0,0,0,0,0,694,1905
7,1,27,5,1,0,2,1,6,0,1,3,1,1,1,694,1906
5,0,15,5,1,0,2,2,2,5,2,0,0,0,0,695,1907
5,0,5,5,1,0,2,2,1,1,2,0,0,0,0,695,1908
5,0,15,5,1,0,2,2,2,5,2,0,0,0,0,695,1909
0,1,53,4,1,0,2,1,7,0,1,1,2,16,1,695,1910
2,1,35,3,1,0,2,1,6,0,1,3,0,4,1,695,1911
5,0,15,5,1,0,2,2,2,5,2,0,0,0,0,695,1912
0,0,22,5,2,0,2,2,7,6,2,2,2,3,1,696,1913
2,1,7,5,1,0,2,2,0,3,2,0,0,0,0,697,1914
0,1,55,4,1,0,2,1,7,0,1,3,0,5,1,697,1915
2,0,30,5,1,0,2,1,0,0,1,3,0,4,1,697,1916
5,0,3,5,1,0,0,2,0,2,2,0,0,0,0,697,1917
7,1,3,5,1,0,0,1,0,0,0,0,0,0,0,697,1918
5,1,8,5,1,0,2,2,0,3,2,0,0,0,0,697,1919
5,1,20,1,1,0,2,1,6,0,1,3,0,3,1,697,1920
2,0,18,5,5,0,2,2,6,6,2,3,0,0,1,698,1921
1,1,45,0,5,2,3,2,9,6,3,1,2,22,1,698,1922
2,1,10,5,5,0,2,2,1,4,2,0,0,0,0,698,1923
0,0,45,0,5,1,3,2,9,6,2,1,2,45,1,698,1924
0,0,56,5,0,0,2,1,9,0,1,1,2,20,1,699,1925
1,0,38,0,6,3,5,1,1,0,1,3,0,0,1,700,1926
2,0,29,1,0,3,5,1,4,0,1,1,1,1,1,700,1927
5,1,2,5,0,0,0,0,0,0,0,0,0,0,0,700,1928
0,0,53,0,0,2,5,1,2,0,1,1,1,2,1,700,1929
5,1,3,5,0,0,0,0,0,0,0,3,0,0,0,700,1930
1,1,47,0,0,3,1,1,2,0,1,1,2,6,1,700,1931
2,1,24,1,0,2,3,1,5,0,1,3,0,0,1,700,1932
2,1,17,5,0,0,3,2,3,5,2,3,2,0,1,700,1933
5,0,9,5,0,0,4,2,1,4,2,0,0,0,0,700,1934
2,0,3,5,6,0,0,2,1,1,2,0,0,0,0,701,1935
0,1,27,5,6,3,4,1,5,0,1,1,2,13,1,701,1936
2,0,3,5,6,0,0,2,1,1,2,0,0,0,0,701,1937
7,0,50,0,0,0,2,1,9,0,1,1,2,22,1,702,1938
0,0,50,0,0,2,2,1,6,0,1,1,2,20,1,702,1939
1,1,46,0,5,0,3,1,6,0,1,1,2,8,1,702,1940
0,0,53,0,0,0,2,1,9,0,1,1,2,0,1,703,1941
5,1,24,5,0,0,2,2,7,6,2,1,2,2,1,703,1942
1,1,53,0,0,0,2,1,9,0,1,3,0,5,1,703,1943
2,1,18,5,0,0,2,2,5,5,2,3,2,0,1,704,1944
0,1,46,0,0,0,3,1,6,0,1,1,2,28,2,704,1945
1,1,44,0,0,0,2,1,6,0,1,1,2,18,1,704,1946
2,1,8,5,0,0,2,2,1,3,2,0,0,0,0,704,1947
2,1,12,5,0,0,3,2,2,4,2,0,0,0,0,704,1948
2,0,12,5,6,3,4,2,2,4,2,0,0,0,0,705,1949
1,0,41,0,6,3,5,1,2,0,1,1,2,1,1,705,1950
2,1,11,5,6,0,3,2,2,4,2,0,0,0,0,705,1951
2,1,11,5,6,0,3,2,2,4,2,0,0,0,0,705,1952
0,1,34,0,6,2,4,2,7,6,2,0,2,4,1,705,1953
0,0,56,0,0,0,2,1,7,0,1,1,2,17,1,706,1954
1,1,54,0,0,0,2,1,7,0,1,3,2,32,1,706,1955
1,1,56,0,5,2,4,1,6,0,1,1,2,6,1,707,1956
0,0,56,0,0,1,4,1,6,0,1,1,2,27,1,707,1957
7,1,60,1,0,2,2,1,10,0,1,2,2,4,2,708,1958
2,0,10,5,0,0,2,2,1,3,2,0,0,0,0,709,1959
2,1,17,5,0,0,2,2,5,5,2,1,2,0,1,709,1960
2,1,14,5,0,0,2,2,2,5,2,0,0,0,0,709,1961
0,0,44,0,0,2,3,1,10,0,1,1,2,50,1,709,1962
1,1,43,0,0,0,2,1,9,0,1,1,2,20,1,709,1963
2,1,18,5,7,0,2,2,5,5,2,3,1,0,0,710,1964
2,0,12,5,0,0,2,2,2,4,2,0,0,0,0,710,1965
1,1,44,0,0,0,2,1,9,0,1,1,2,6,1,710,1966
0,0,46,0,0,0,2,1,7,0,1,1,2,19,1,710,1967
1,0,80,0,0,3,3,1,6,0,1,3,0,7,1,711,1968
0,1,85,0,0,0,2,1,6,0,1,3,0,9,1,711,1969
1,0,25,0,7,0,2,1,3,0,1,3,2,9,1,712,1970
2,1,2,5,0,0,0,0,0,0,0,0,0,0,0,712,1971
0,1,29,0,0,0,2,1,5,0,1,1,2,13,1,712,1972
0,1,41,0,6,0,3,1,7,0,1,1,2,13,1,713,1973
1,1,53,0,6,0,3,1,4,0,1,3,0,4,1,713,1974
7,0,31,5,0,0,2,1,6,0,1,1,2,7,1,713,1975
0,1,32,0,6,0,3,2,7,6,2,1,2,9,1,714,1976
0,1,38,5,6,3,2,2,6,6,2,3,0,4,2,714,1977
2,0,8,5,6,0,3,2,1,3,2,0,0,0,0,714,1978
2,0,2,5,6,0,0,0,6,0,0,0,0,0,0,714,1979
2,1,6,5,6,0,4,2,0,3,2,0,0,0,0,715,1980
2,1,0,5,6,0,0,0,0,0,0,0,0,0,0,715,1981
1,1,33,0,6,2,3,1,6,0,1,1,2,14,1,715,1982
7,0,35,5,6,3,4,1,6,0,1,3,2,5,1,715,1983
0,0,34,0,6,3,3,1,6,0,1,1,2,26,1,715,1984
2,1,6,5,6,0,4,2,1,3,2,0,0,0,0,715,1985
2,0,4,5,6,0,0,1,0,0,1,0,0,0,0,715,1986
7,1,35,2,0,0,2,1,6,0,1,1,2,9,1,716,1987
0,0,41,5,0,0,2,1,6,0,1,1,2,47,1,716,1988
7,0,11,5,0,0,3,2,2,4,2,0,0,0,0,717,1989
0,1,40,3,6,3,1,1,2,0,1,3,0,0,1,717,1990
2,1,9,5,6,0,3,2,0,3,2,0,0,0,0,717,1991
7,0,38,3,6,3,5,1,6,0,1,3,2,5,1,717,1992
0,1,14,5,6,3,4,2,2,5,2,0,0,0,0,717,1993
5,0,1,5,6,0,0,0,0,0,0,0,0,0,0,717,1994
1,0,35,0,1,0,2,1,6,0,1,1,2,23,2,718,1995
0,1,30,0,1,0,2,1,6,0,1,1,2,9,1,718,1996
2,1,9,5,1,0,2,2,1,3,2,0,0,0,0,718,1997
2,1,9,5,1,0,2,2,1,3,2,0,0,0,0,718,1998
7,0,23,5,3,0,3,2,6,7,3,3,2,5,1,719,1999
7,0,23,5,3,0,3,2,9,7,3,3,2,5,1,719,2000
0,0,22,5,5,0,2,2,7,6,2,3,2,2,1,719,2001
0,0,51,0,0,0,2,1,6,0,1,1,2,17,1,720,2002
1,1,33,0,0,0,2,2,9,7,3,1,2,19,1,720,2003
2,1,12,5,0,0,3,2,3,4,3,0,0,0,0,721,2004
1,1,40,0,3,2,4,1,6,0,1,1,2,5,1,721,2005
2,1,11,5,5,0,4,2,2,4,2,0,0,0,0,721,2006
0,0,44,0,5,0,2,2,10,7,2,1,2,45,1,721,2007
0,0,40,0,6,3,1,1,0,0,1,3,2,5,1,722,2008
2,0,9,5,6,0,4,2,0,3,2,0,0,0,0,722,2009
2,1,7,5,6,0,4,2,0,2,2,0,0,0,0,722,2010
0,0,40,0,6,3,1,1,0,0,1,3,2,5,1,722,2011
2,1,8,5,6,0,4,2,0,2,2,0,0,0,0,722,2012
1,1,46,0,6,3,1,1,0,0,1,3,0,0,1,722,2013
2,0,13,5,6,0,4,2,2,4,2,0,0,0,0,722,2014
2,0,14,5,6,0,4,2,2,4,2,0,0,0,0,722,2015
2,1,5,5,6,0,4,2,0,2,2,0,0,0,0,722,2016
2,0,9,5,6,0,4,2,0,3,2,0,0,0,0,722,2017
7,0,19,5,0,0,3,1,6,0,1,1,2,5,1,723,2018
2,1,2,5,0,0,0,0,0,0,0,0,0,0,0,724,2019
2,0,11,5,8,0,2,2,2,4,2,0,0,0,0,724,2020
0,1,29,3,8,0,2,1,5,0,1,1,2,5,1,724,2021
0,1,53,3,0,0,2,1,2,0,1,3,0,5,2,724,2022
5,0,8,5,0,0,2,2,1,3,2,0,0,0,0,724,2023
1,1,31,0,6,0,3,1,6,0,1,1,2,19,1,725,2024
0,0,35,0,0,0,2,1,6,0,1,1,2,26,1,725,2025
7,0,32,5,6,3,4,1,6,0,1,1,2,9,1,726,2026
2,1,12,5,6,3,4,2,2,4,2,0,0,0,0,726,2027
2,1,18,5,6,0,3,2,4,5,2,3,0,0,1,726,2028
7,1,36,1,6,2,1,1,6,0,1,3,0,0,1,726,2029
0,0,47,1,6,2,5,1,0,0,1,1,2,9,1,726,2030
4,0,22,5,6,3,3,1,3,0,1,1,2,8,1,726,2031
2,1,16,5,6,0,3,2,5,5,2,1,2,2,1,726,2032
4,0,20,5,6,0,3,1,5,0,1,1,2,8,1,726,2033
4,0,20,5,6,0,3,1,5,0,1,1,2,8,1,726,2034
2,1,15,5,6,0,3,2,5,5,2,1,2,2,1,726,2035
4,1,37,1,6,0,1,1,6,0,1,3,0,0,1,726,2036
3,0,46,0,6,3,3,1,6,0,1,1,2,6,1,726,2037
2,0,4,5,1,0,0,2,0,1,3,0,0,0,0,727,2038
1,1,39,0,1,0,2,1,9,0,1,2,2,11,1,727,2039
0,0,49,0,1,0,2,1,6,0,1,1,2,24,1,727,2040
0,1,35,5,0,0,2,2,7,6,2,1,2,17,1,728,2041
1,1,72,0,0,0,2,1,6,0,1,3,0,0,1,729,2042
1,0,75,0,0,0,2,1,9,0,1,3,0,16,1,729,2043
0,1,45,0,0,3,5,1,10,0,1,1,2,6,2,730,2044
1,0,41,0,6,0,3,1,6,0,1,1,2,0,1,730,2045
2,0,11,5,6,0,2,2,7,3,2,3,0,0,0,730,2046
2,0,16,5,6,0,3,2,4,5,2,3,0,0,1,730,2047
0,1,31,5,0,0,4,1,6,0,1,1,2,10,1,731,2048
0,0,32,5,0,3,3,2,7,6,2,1,2,18,1,731,2049
2,0,8,5,0,0,2,2,1,3,2,0,0,0,0,731,2050
4,1,36,5,0,0,4,1,7,0,1,2,2,3,1,731,2051
2,1,0,5,0,0,0,0,0,0,0,0,0,0,0,731,2052
2,1,8,5,0,0,2,2,1,3,3,0,0,0,0,731,2053
0,1,54,4,4,0,2,1,6,0,1,1,2,24,1,732,2054
1,1,59,0,7,2,3,1,6,0,1,1,2,12,1,733,2055
0,0,62,0,7,2,3,1,6,0,1,1,2,15,1,733,2056
0,1,63,3,0,0,2,1,9,0,1,3,2,17,1,734,2057
0,0,57,5,0,0,2,1,9,0,1,1,2,65,2,735,2058
2,1,13,5,5,0,3,2,2,4,3,0,0,0,0,736,2059
7,1,51,3,5,3,3,1,8,0,1,1,2,19,1,736,2060
2,1,23,5,5,0,3,2,7,6,2,1,2,4,1,736,2061
0,0,50,3,5,2,3,1,9,0,1,1,2,7,1,736,2062
0,0,56,3,0,0,2,1,9,0,1,1,2,19,1,737,2063
1,1,50,0,6,3,2,1,1,0,1,3,2,4,1,738,2064
0,0,31,0,6,3,5,1,2,0,1,1,2,9,1,738,2065
0,0,38,5,6,3,5,1,3,0,1,1,2,6,1,739,2066
2,1,23,5,6,0,3,1,6,0,1,3,2,4,1,739,2067
5,0,6,5,6,0,2,2,1,3,2,0,0,0,0,739,2068
7,1,34,3,6,3,1,1,2,0,1,1,2,5,1,739,2069
2,0,8,5,6,0,1,2,1,3,2,0,0,0,0,739,2070
2,0,13,5,5,0,3,2,2,4,2,0,0,0,0,740,2071
7,1,41,5,5,3,4,1,6,0,1,3,2,0,1,740,2072
0,0,46,0,5,2,4,1,6,0,1,1,2,26,1,740,2073
1,0,53,0,5,2,4,1,8,0,1,1,2,22,1,740,2074
0,1,65,5,0,2,4,1,10,0,1,1,2,20,2,741,2075
2,0,11,5,0,0,3,2,2,4,2,0,0,0,0,742,2076
2,0,30,5,0,0,4,1,0,0,1,3,2,6,1,742,2077
2,1,7,5,0,0,3,2,1,3,2,0,0,0,0,742,2078
1,0,44,0,4,3,4,1,10,0,1,1,2,6,1,742,2079
1,1,43,0,0,3,5,2,2,5,2,3,2,0,1,742,2080
0,0,47,3,6,0,3,1,8,0,1,2,2,1,1,743,2081
2,0,7,5,1,0,2,2,0,3,2,0,0,0,0,744,2082
0,0,38,0,1,0,2,1,7,0,1,3,2,20,1,744,2083
1,1,35,0,1,0,2,1,6,0,1,3,0,0,1,744,2084
7,1,4,5,6,3,0,1,0,0,0,0,0,0,0,745,2085
2,0,26,0,0,3,2,2,5,0,0,2,0,0,1,745,2086
7,1,4,5,6,0,0,1,0,0,1,0,0,0,0,745,2087
7,0,41,0,6,3,5,1,6,0,1,3,2,8,1,745,2088
7,1,34,0,0,3,1,1,0,0,1,3,0,0,1,745,2089
7,0,40,5,6,2,5,1,2,0,1,3,2,5,1,745,2090
1,1,35,0,6,3,4,1,1,0,1,3,0,0,1,745,2091
2,1,2,5,0,3,0,0,0,0,0,0,0,0,0,745,2092
0,0,44,0,0,3,4,1,6,0,1,1,2,8,2,745,2093
0,0,70,0,0,0,2,1,6,0,1,3,0,11,1,746,2094
1,1,69,0,0,2,5,1,4,0,1,3,0,2,1,746,2095
7,1,61,5,6,2,3,2,6,6,2,2,2,4,1,747,2096
0,1,48,3,0,0,2,2,6,6,2,3,0,5,2,748,2097
4,1,60,3,0,0,2,1,6,0,1,3,0,5,1,748,2098
0,0,56,5,0,0,2,1,9,0,1,1,2,21,1,749,2099
0,0,56,5,0,0,2,1,10,0,1,1,2,3,1,750,2100
0,0,50,0,0,0,2,1,8,0,1,1,2,35,1,751,2101
1,1,52,0,0,0,2,1,7,0,1,3,0,0,1,751,2102
0,0,72,0,0,0,2,1,10,0,1,3,0,36,1,752,2103
1,1,67,0,0,0,2,1,9,0,1,3,0,5,1,752,2104
0,1,34,5,0,0,2,2,7,6,2,1,2,18,1,753,2105
7,1,85,1,0,0,2,1,6,0,1,3,0,0,2,754,2106
1,1,85,0,0,0,2,1,9,0,1,3,0,27,2,755,2107
0,0,85,0,0,0,2,1,6,0,1,3,0,29,2,755,2108
1,1,47,3,0,0,2,1,7,0,1,1,2,24,1,756,2109
0,0,67,0,0,0,2,1,6,0,1,1,1,20,1,756,2110
4,0,24,5,6,3,3,1,9,0,1,0,1,5,2,757,2111
2,0,12,5,6,3,4,2,2,4,2,0,0,0,0,757,2112
4,1,26,2,6,3,4,1,0,4,1,3,0,0,2,757,2113
6,0,3,5,0,3,0,1,0,0,1,0,0,0,0,757,2114
4,0,26,2,6,3,4,1,6,0,1,3,0,0,2,757,2115
7,0,23,5,6,3,5,1,6,0,1,3,2,4,1,757,2116
4,0,20,5,6,3,1,1,6,0,1,1,2,0,1,757,2117
6,1,16,5,6,3,4,2,4,5,2,1,2,3,1,757,2118
6,0,3,5,6,3,0,2,0,1,2,0,0,0,0,757,2119
2,0,11,5,6,3,4,2,1,3,2,0,0,0,0,757,2120
4,1,30,5,6,3,5,1,2,0,1,3,0,0,1,757,2121
4,0,24,5,6,3,3,1,1,0,1,1,1,7,2,757,2122
2,0,12,5,6,3,4,2,2,4,2,0,0,0,0,757,2123
4,1,20,1,6,3,4,1,6,0,1,1,2,2,1,757,2124
4,0,19,5,6,3,1,1,6,0,1,1,2,0,1,757,2125
0,0,46,3,0,0,2,1,4,0,1,3,2,7,1,758,2126
0,0,51,0,4,0,3,1,6,0,1,1,2,32,1,759,2127
1,1,52,0,0,0,2,1,7,0,1,3,0,0,1,759,2128
0,1,38,3,0,0,2,1,7,0,1,1,2,15,1,760,2129
2,0,15,5,0,0,2,2,4,5,2,3,0,0,1,760,2130
2,0,14,5,0,0,2,2,2,5,2,0,0,0,0,760,2131
0,1,41,5,0,3,2,1,7,0,1,1,2,16,1,760,2132
0,1,30,5,7,0,2,1,9,0,1,2,2,30,2,761,2133
0,0,37,0,6,2,3,1,6,0,1,1,2,25,1,762,2134
2,0,11,5,6,0,2,2,2,4,2,0,0,0,0,762,2135
2,0,14,5,6,0,3,2,3,5,2,0,0,0,0,762,2136
2,0,11,5,6,0,3,2,2,4,2,0,0,0,0,762,2137
1,1,39,0,6,2,2,1,8,0,1,1,2,7,1,762,2138
2,1,11,5,0,0,2,2,2,4,2,0,0,0,0,763,2139
1,0,38,0,7,0,2,1,6,0,1,1,2,12,1,763,2140
2,0,6,5,0,0,2,2,0,2,2,0,0,0,0,763,2141
0,0,38,0,0,0,2,1,5,0,1,1,1,4,1,763,2142
2,1,17,0,7,0,3,1,5,0,1,2,0,0,1,764,2143
1,0,29,0,6,3,2,1,2,0,1,1,2,6,1,764,2144
2,1,21,0,6,3,3,1,5,0,1,3,0,0,1,764,2145
2,0,2,5,6,0,0,0,0,0,0,0,0,0,0,764,2146
2,0,18,0,6,0,3,1,0,0,1,1,2,6,1,764,2147
2,1,11,5,6,0,3,2,2,4,2,0,0,0,0,764,2148
1,0,29,0,6,3,2,1,2,0,1,1,2,6,1,764,2149
2,1,3,5,0,0,0,1,0,0,1,0,0,0,0,765,2150
0,0,33,0,1,0,2,1,8,0,1,1,2,25,1,765,2151
2,1,2,5,0,0,0,0,0,0,0,0,0,0,0,765,2152
2,1,3,5,0,0,0,1,0,0,1,0,0,0,0,765,2153
0,1,40,5,0,0,2,1,7,0,1,1,2,14,2,766,2154
2,0,13,5,4,0,3,2,2,4,3,0,0,0,0,766,2155
1,1,48,0,0,0,2,1,10,0,1,1,2,13,1,766,2156
2,1,1,5,1,0,0,0,0,0,0,0,0,0,0,767,2157
1,1,45,0,1,0,2,1,9,0,1,3,2,6,2,767,2158
0,0,30,0,0,0,2,1,6,0,1,1,1,9,1,767,2159
0,0,45,3,7,0,2,1,6,0,1,1,2,15,1,768,2160
2,1,18,5,7,0,2,2,6,5,2,3,2,1,1,768,2161
1,1,44,0,7,0,2,1,7,0,1,1,2,32,1,768,2162
2,1,15,5,7,0,2,2,4,5,2,0,0,0,0,768,2163
2,1,20,5,0,0,3,2,6,5,2,3,0,0,1,769,2164
2,1,11,5,0,0,1,1,0,0,0,1,0,0,0,769,2165
2,0,9,5,0,0,3,2,0,3,2,0,0,0,0,769,2166
2,1,15,5,0,3,3,2,3,5,2,0,0,0,0,769,2167
2,0,7,5,0,0,4,2,1,3,2,0,0,0,0,769,2168
1,1,37,0,0,0,3,1,7,0,1,1,2,13,2,769,2169
2,0,9,5,0,0,2,2,1,3,2,0,0,0,0,770,2170
2,0,11,5,0,0,2,2,2,4,2,0,0,0,0,770,2171
0,0,37,2,0,0,2,1,9,0,1,1,2,15,1,770,2172
1,0,49,0,1,0,2,1,8,0,1,1,2,13,1,771,2173
2,0,27,5,1,0,2,2,6,6,3,3,2,4,2,771,2174
2,1,15,5,0,0,2,2,1,5,2,3,0,0,0,771,2175
1,0,50,0,1,0,2,1,6,0,1,1,2,13,1,771,2176
0,0,33,5,0,0,2,1,9,0,1,1,2,18,1,772,2177
1,1,73,0,0,0,2,1,7,0,1,1,2,6,1,773,2178
0,0,77,0,0,0,2,1,7,0,1,3,0,5,2,773,2179
0,0,72,0,7,2,5,1,6,0,1,3,0,3,1,774,2180
2,1,29,5,0,3,3,2,6,6,3,1,2,7,1,774,2181
1,1,66,0,7,2,1,1,0,0,1,3,0,3,1,774,2182
0,1,37,5,0,0,2,1,6,0,1,1,2,3,1,775,2183
0,1,55,5,0,0,2,1,6,0,1,1,1,15,1,776,2184
0,1,77,3,0,0,2,1,4,0,1,3,0,3,2,777,2185
0,0,34,5,7,0,2,1,9,0,1,1,2,21,1,778,2186
0,0,50,0,0,0,2,1,10,0,1,1,2,24,1,779,2187
1,1,48,0,0,0,2,2,10,0,3,1,2,26,1,779,2188
0,0,41,2,0,0,2,1,10,0,1,1,1,99,1,780,2189
2,1,7,5,0,0,5,2,1,3,2,0,0,0,0,781,2190
4,0,27,5,0,3,5,1,4,0,1,1,2,10,1,781,2191
0,0,33,0,0,3,4,1,4,0,1,1,2,26,1,781,2192
7,1,31,0,0,3,3,1,4,0,1,3,2,0,1,781,2193
4,0,27,5,0,3,5,1,4,0,1,1,2,10,1,781,2194
2,1,2,5,0,0,0,0,0,0,0,0,0,0,0,781,2195
2,1,2,5,0,0,0,0,0,0,0,0,0,0,0,781,2196
0,0,40,3,0,0,2,1,4,0,1,3,2,6,1,782,2197
0,0,51,0,0,0,2,1,10,0,1,1,2,14,1,783,2198
1,1,38,0,0,0,2,1,9,0,1,1,2,12,1,783,2199
2,1,2,5,0,0,0,0,0,0,0,0,0,0,0,783,2200
1,1,46,0,1,0,2,1,6,0,1,1,2,12,1,784,2201
2,0,14,5,1,0,2,2,3,5,2,0,0,0,0,784,2202
0,0,48,0,1,2,2,1,9,0,1,3,2,29,1,784,2203
0,1,69,4,0,0,2,1,6,0,1,3,0,8,1,785,2204
1,1,37,0,0,0,3,1,6,0,1,1,2,20,1,786,2205
0,0,51,0,0,0,2,1,7,0,1,1,2,26,1,786,2206
2,0,14,5,0,3,3,2,2,4,2,0,0,0,0,787,2207
1,1,40,0,0,2,5,1,6,0,1,3,2,0,1,787,2208
2,0,9,5,0,0,2,2,0,3,2,0,0,0,0,787,2209
0,0,53,0,0,0,2,1,7,0,1,3,0,7,1,787,2210
0,1,24,5,5,0,3,2,9,6,3,1,2,12,1,788,2211
2,1,11,5,0,0,3,2,2,4,2,0,0,0,0,789,2212
2,0,3,5,0,0,0,1,0,0,1,0,0,0,0,789,2213
1,1,34,0,0,3,5,1,6,0,1,3,2,7,1,789,2214
2,1,16,5,0,0,3,2,3,5,2,3,0,0,1,789,2215
7,1,35,0,0,3,4,1,6,0,1,3,2,7,1,789,2216
2,1,3,5,0,0,0,1,0,0,1,0,0,0,0,789,2217
0,0,55,3,0,0,2,1,7,0,1,1,1,12,1,790,2218
1,1,41,0,4,0,3,1,10,0,1,3,2,15,1,791,2219
2,0,4,5,1,0,0,0,1,3,2,0,0,0,1,791,2220
2,0,2,5,5,0,0,0,0,0,0,0,0,0,0,791,2221
0,0,42,0,0,0,2,1,9,0,1,1,1,44,1,791,2222
1,1,45,0,5,3,4,1,8,0,1,1,2,9,1,792,2223
2,0,38,5,6,3,3,1,6,0,1,2,1,5,1,792,2224
2,1,12,5,5,0,3,2,3,5,2,0,0,0,0,792,2225
2,1,20,5,5,3,3,2,6,6,2,3,2,1,1,792,2226
2,0,26,5,5,3,3,2,8,6,2,1,2,11,1,792,2227
2,1,27,5,5,0,3,2,8,6,2,1,2,10,1,792,2228
0,0,43,0,0,0,2,1,6,0,1,1,2,21,1,793,2229
1,1,40,0,0,0,2,1,6,0,1,1,2,5,1,793,2230
2,1,12,5,0,0,2,2,2,4,2,0,0,0,0,793,2231
2,0,18,5,0,0,2,1,6,0,1,1,2,8,1,793,2232
2,0,14,5,0,0,2,2,3,5,2,0,0,0,0,793,2233
0,0,37,5,0,0,2,1,7,0,1,1,2,15,1,794,2234
1,1,42,5,0,0,2,1,6,0,1,3,2,7,1,794,2235
1,1,50,0,0,0,2,2,9,0,2,1,2,4,1,795,2236
0,0,47,0,0,0,2,1,7,0,1,1,2,16,1,795,2237
0,1,63,3,0,0,2,1,9,0,1,3,2,20,1,796,2238
0,1,70,5,1,0,2,1,6,0,1,3,0,4,1,797,2239
2,1,23,0,6,0,3,1,5,0,1,3,2,0,1,798,2240
1,0,37,5,6,0,3,1,0,0,1,3,2,3,1,798,2241
2,0,34,5,6,3,4,2,2,0,1,1,2,3,0,798,2242
2,1,2,5,6,0,0,0,0,0,0,0,0,0,0,798,2243
2,1,11,5,6,0,3,2,2,4,2,0,0,0,0,798,2244
2,1,22,5,6,0,4,1,5,0,1,3,0,0,1,798,2245
0,0,40,0,6,3,5,1,2,0,1,1,2,5,1,798,2246
7,0,29,0,0,3,2,1,2,0,1,1,2,5,1,798,2247
0,0,48,0,0,0,2,1,6,0,1,1,2,17,1,799,2248
2,1,12,5,0,0,2,2,2,4,2,0,0,0,0,799,2249
1,1,41,0,0,0,2,1,6,0,1,1,2,12,1,799,2250
2,1,12,5,0,0,2,2,2,4,2,0,0,0,0,799,2251
0,0,38,5,0,0,2,1,6,0,1,1,2,8,1,800,2252
1,1,56,0,0,3,2,1,6,0,1,3,0,4,1,800,2253
4,0,36,5,0,0,2,1,6,0,1,0,2,3,1,800,2254
0,1,22,5,0,0,3,1,6,0,1,1,2,15,1,801,2255
7,0,20,5,0,0,2,1,6,0,1,1,2,6,1,801,2256
7,1,20,5,0,0,2,1,6,0,1,1,2,7,1,801,2257
0,1,76,4,4,0,4,1,6,0,1,3,2,5,1,802,2258
1,1,44,0,5,2,3,1,9,0,1,3,2,8,1,803,2259
2,0,17,5,0,2,3,2,3,5,2,3,0,0,1,803,2260
1,0,44,0,0,2,4,1,6,0,1,1,1,15,1,803,2261
7,0,45,0,5,2,1,2,6,5,2,3,0,3,1,803,2262
0,0,75,0,7,0,2,1,9,0,1,3,0,26,1,804,2263
1,1,65,0,0,0,2,1,6,0,1,3,0,4,1,804,2264
0,1,32,5,0,0,2,1,9,0,1,1,2,21,1,805,2265
0,0,35,5,0,0,2,1,9,0,1,1,2,49,1,806,2266
1,1,51,0,0,0,2,1,6,0,1,1,2,20,1,807,2267
0,0,59,0,0,0,2,1,7,0,1,1,2,18,1,807,2268
7,0,41,3,7,0,2,1,6,0,1,1,2,5,2,808,2269
1,1,40,0,0,0,2,1,9,0,1,1,2,6,1,809,2270
0,0,41,0,0,0,2,1,6,0,1,1,2,30,1,809,2271
0,0,34,5,7,0,2,1,9,0,1,1,2,21,1,810,2272
0,0,56,0,0,0,3,1,10,0,1,1,2,23,1,811,2273
1,1,57,0,0,2,3,2,7,6,2,3,2,2,1,811,2274
0,0,81,4,0,0,2,1,5,0,1,3,0,13,1,812,2275
7,1,36,0,7,0,2,1,6,0,1,3,2,4,1,813,2276
5,1,1,5,7,0,0,0,0,0,0,0,0,0,0,813,2277
5,0,2,5,1,0,0,0,0,0,0,0,0,0,0,813,2278
0,0,31,0,1,0,2,2,7,6,2,1,1,17,1,813,2279
2,0,30,5,6,0,2,1,3,0,1,1,2,9,1,813,2280
0,1,41,5,7,0,2,1,6,0,1,1,2,15,1,813,2281
2,0,12,5,5,3,3,2,2,4,2,0,0,0,0,814,2282
2,0,23,5,5,2,4,2,4,5,2,3,0,7,2,814,2283
0,0,39,0,5,1,5,1,8,0,1,1,2,14,1,814,2284
2,1,12,5,5,3,3,2,2,4,2,0,0,0,0,814,2285
3,1,55,3,5,3,1,1,0,0,1,3,0,0,1,814,2286
2,1,16,1,5,3,3,2,5,5,2,2,0,0,1,814,2287
2,0,8,5,5,3,4,2,1,3,2,0,0,0,0,814,2288
2,0,5,5,5,2,0,1,0,0,1,0,0,0,0,814,2289
1,1,38,0,5,2,4,1,8,0,1,1,2,17,1,814,2290
2,1,17,1,5,3,3,2,5,5,2,2,0,0,1,814,2291
0,0,53,2,0,0,2,1,6,0,1,1,2,50,1,815,2292
0,0,85,4,0,0,2,1,7,0,1,3,0,16,1,816,2293
0,0,63,0,0,0,2,1,6,0,1,3,1,10,1,817,2294
1,1,71,0,0,0,2,1,8,0,1,3,0,7,1,817,2295
0,0,45,0,7,0,2,1,6,0,1,3,2,10,1,818,2296
2,1,46,5,0,0,2,1,6,0,1,3,0,5,1,818,2297
2,0,11,5,1,0,2,2,2,4,2,0,0,0,0,818,2298
7,0,44,5,0,0,2,1,6,0,1,3,0,4,2,819,2299
7,1,21,5,3,0,2,2,7,6,3,3,2,1,1,820,2300
1,1,68,0,0,0,2,1,6,0,1,3,0,0,1,821,2301
0,0,74,0,0,0,2,1,6,0,1,3,0,7,1,821,2302
0,1,41,3,2,0,2,1,7,0,1,3,2,12,1,822,2303
0,0,32,0,1,0,2,2,7,6,2,1,1,35,1,823,2304
2,0,21,5,1,0,2,1,6,0,1,2,1,0,1,823,2305
2,1,26,5,1,0,2,1,6,0,1,1,2,7,1,823,2306
5,1,2,5,1,0,0,0,0,0,0,0,2,0,0,823,2307
5,1,1,5,1,0,0,0,0,0,0,0,0,0,0,823,2308
1,1,45,0,2,0,2,1,8,0,1,1,2,21,1,823,2309
2,0,11,5,0,0,3,2,2,4,2,0,0,0,0,824,2310
1,1,43,0,0,3,5,1,2,0,1,3,0,0,2,824,2311
2,1,2,5,0,0,0,0,0,0,0,0,0,0,0,824,2312
2,0,11,5,0,0,3,2,1,3,2,0,0,0,0,824,2313
0,0,43,0,0,3,4,1,2,0,1,1,0,9,2,824,2314
2,0,23,5,0,0,4,1,0,0,1,3,0,5,1,825,2315
0,1,53,2,0,3,4,1,2,0,1,1,2,5,2,825,2316
2,0,8,5,6,0,2,2,1,3,2,0,0,0,0,826,2317
2,1,3,5,6,0,0,1,0,0,0,0,0,0,0,826,2318
0,1,30,5,0,0,3,2,8,6,2,1,2,10,1,826,2319
2,1,10,5,0,0,3,2,2,4,2,0,0,0,0,826,2320
0,0,77,0,0,0,2,1,6,0,1,3,0,19,2,827,2321
1,1,73,0,0,0,2,1,6,0,1,3,0,4,2,827,2322
2,0,7,5,6,0,2,2,1,3,2,0,0,0,0,828,2323
2,0,2,5,6,0,0,0,0,0,0,0,2,0,0,828,2324
2,1,11,5,6,0,3,2,2,4,2,0,0,0,0,828,2325
0,1,32,0,6,3,4,1,7,0,1,1,2,11,1,828,2326
0,0,40,0,0,3,4,1,6,0,1,1,2,11,2,829,2327
2,1,2,5,0,0,0,0,0,0,0,0,0,0,0,829,2328
1,1,37,0,0,3,4,1,6,0,1,3,0,0,2,829,2329
2,0,6,5,0,0,5,2,1,2,2,0,0,0,0,829,2330
0,0,56,3,0,0,2,1,7,0,1,1,2,10,1,830,2331
0,1,68,0,8,0,2,1,9,0,1,3,2,28,1,831,2332
0,0,73,0,7,0,2,1,9,0,1,3,2,33,1,831,2333
7,1,2,5,6,3,0,0,0,0,0,0,0,0,0,832,2334
7,1,36,0,0,3,1,1,0,0,1,2,0,0,1,832,2335
7,1,12,5,6,3,1,2,2,4,2,0,0,0,0,832,2336
1,1,42,0,0,3,4,1,6,0,1,1,2,13,2,832,2337
1,1,42,0,0,3,4,1,6,0,1,1,2,13,2,832,2338
7,1,4,5,6,3,0,1,0,0,1,0,0,0,0,832,2339
7,0,40,0,0,3,5,1,0,0,1,3,2,10,1,832,2340
2,1,12,5,6,3,1,2,2,4,2,0,0,0,0,832,2341
7,1,36,0,0,3,1,1,0,0,1,2,0,0,1,832,2342
7,0,40,0,0,3,5,1,0,0,1,3,2,10,1,832,2343
0,0,61,0,0,0,2,1,6,0,1,1,2,37,1,833,2344
1,1,55,0,0,0,3,1,6,0,1,1,2,10,1,833,2345
2,0,30,5,1,0,2,1,0,0,1,3,0,4,1,834,2346
5,1,8,5,1,0,2,2,0,3,2,0,0,0,0,834,2347
5,0,4,5,1,0,0,1,0,0,1,0,0,0,0,834,2348
5,1,20,1,1,0,2,1,6,0,1,3,0,3,1,834,2349
0,1,57,3,1,0,2,1,5,0,1,3,0,4,1,834,2350
5,1,8,5,1,0,2,2,0,3,2,0,0,0,0,834,2351
7,1,1,5,1,0,0,0,0,0,0,0,0,0,0,834,2352
7,1,1,5,1,0,0,0,0,0,0,0,0,0,0,834,2353
2,0,11,5,0,0,3,2,2,4,2,0,0,0,0,835,2354
7,1,31,5,0,2,3,1,2,0,1,1,2,14,1,835,2355
2,0,4,5,0,0,0,2,0,1,3,0,0,0,0,835,2356
2,0,9,5,0,0,3,2,1,3,2,0,0,0,0,835,2357
7,1,31,5,0,2,3,1,2,0,1,1,2,13,1,835,2358
0,0,54,0,0,0,2,1,6,0,1,1,2,22,1,836,2359
1,1,57,0,0,0,2,1,5,0,1,3,2,4,1,836,2360
7,1,73,4,0,0,3,1,6,0,1,3,0,6,2,837,2361
2,1,6,5,0,0,0,1,0,0,1,0,2,0,0,838,2362
1,1,29,0,0,3,5,1,4,0,1,3,2,7,1,838,2363
0,0,36,0,7,3,5,2,2,0,1,3,0,5,1,838,2364
7,0,5,5,0,3,2,2,0,2,2,0,0,0,0,838,2365
4,1,33,0,0,3,1,1,2,0,1,3,2,5,1,838,2366
7,0,5,5,0,3,2,2,0,2,2,0,0,0,0,838,2367
0,0,40,5,5,2,2,1,10,0,1,1,2,99,1,839,2368
0,1,27,0,6,0,3,1,7,0,1,1,2,21,2,840,2369
1,0,26,0,6,2,3,1,6,0,1,1,2,20,2,840,2370
2,1,3,5,6,0,0,1,0,0,1,0,0,0,0,840,2371
0,0,53,0,0,0,2,2,6,6,2,2,2,25,0,841,2372
2,1,14,5,0,0,2,2,3,5,2,0,0,0,1,841,2373
1,1,43,0,0,0,2,1,8,0,1,1,2,18,1,841,2374
2,0,16,5,0,0,2,2,3,5,2,3,0,0,1,841,2375
2,0,5,5,0,0,5,2,1,2,2,0,0,0,0,842,2376
0,0,38,0,0,3,4,1,2,0,1,3,2,17,2,842,2377
1,1,38,0,0,3,4,1,1,0,1,3,0,0,1,842,2378
2,1,2,5,0,0,0,0,0,0,0,0,0,0,0,842,2379
4,0,23,5,5,2,2,1,7,0,1,1,2,16,0,843,2380
7,0,32,5,5,0,2,1,6,0,1,1,2,15,1,843,2381
0,0,30,5,5,0,2,1,7,0,1,3,2,21,1,843,2382
0,0,61,3,0,0,2,1,10,0,1,1,2,38,1,844,2383
2,1,0,5,6,0,0,0,0,0,0,0,0,0,0,845,2384
0,0,32,0,6,3,4,1,6,0,1,1,2,7,1,845,2385
2,1,3,5,0,0,0,1,0,0,1,0,0,0,0,845,2386
1,1,38,0,6,3,1,1,2,0,1,3,0,0,1,845,2387
2,0,15,5,7,0,3,2,3,5,2,0,0,0,0,845,2388
2,1,20,5,0,0,2,2,6,6,2,3,2,0,1,846,2389
1,1,46,0,0,0,3,1,6,0,1,1,2,27,1,846,2390
0,0,61,0,0,0,2,1,6,0,1,1,0,12,1,846,2391
0,0,44,0,0,0,2,1,6,0,1,1,2,19,1,847,2392
1,1,34,0,0,0,2,2,7,6,2,1,2,10,1,847,2393
1,1,40,0,0,3,5,1,2,0,1,3,0,0,2,848,2394
2,1,9,5,0,0,3,2,1,3,2,0,0,0,0,848,2395
2,1,19,5,0,0,3,2,6,5,2,3,0,0,1,848,2396
2,0,15,5,0,0,3,2,3,5,2,0,0,0,0,848,2397
0,0,47,0,0,0,2,1,6,0,1,1,2,41,2,848,2398
2,1,9,5,0,0,3,2,1,3,2,0,0,0,0,848,2399
0,0,41,5,0,0,2,1,9,0,1,1,2,20,1,849,2400
0,1,72,4,0,0,2,1,6,0,1,3,0,3,1,850,2401
0,0,46,0,1,0,2,1,8,0,1,1,2,21,1,851,2402
0,0,44,0,0,0,2,1,7,0,1,1,2,19,1,851,2403
1,1,49,0,0,0,2,1,6,0,1,1,1,6,1,851,2404
7,0,34,5,3,0,3,1,7,0,1,1,2,6,1,851,2405
2,1,7,5,7,0,2,2,2,3,2,0,0,0,0,852,2406
1,0,36,0,5,3,2,1,6,0,1,1,2,22,1,852,2407
0,0,41,0,5,0,3,2,9,7,2,1,2,38,1,852,2408
4,0,5,5,7,0,0,2,1,1,2,0,0,0,0,852,2409
1,1,44,0,0,0,4,1,3,0,1,1,2,8,2,853,2410
1,1,19,5,0,0,3,2,6,5,2,1,2,1,1,853,2411
1,0,57,0,0,2,4,1,6,0,1,3,0,0,1,853,2412
2,0,31,5,3,0,3,1,6,0,1,1,2,7,1,853,2413
1,0,36,5,0,3,4,1,6,0,1,1,2,5,1,853,2414
0,1,47,5,0,0,2,1,9,0,1,1,2,38,1,854,2415
1,1,54,0,0,0,2,1,8,0,1,3,2,13,2,855,2416
0,0,56,0,0,0,2,1,6,0,1,1,2,20,1,855,2417
0,0,52,5,0,0,2,1,9,0,1,1,2,45,1,856,2418
1,1,38,0,0,0,2,2,9,7,2,1,2,17,1,857,2419
0,0,44,0,0,0,2,1,6,0,1,1,2,16,1,857,2420
0,0,59,0,0,0,2,1,9,0,1,1,2,47,1,858,2421
1,1,53,0,0,0,2,1,10,0,1,1,2,26,1,858,2422
0,0,68,0,0,0,2,1,7,0,1,1,2,43,2,859,2423
1,1,69,0,0,0,2,1,7,0,1,3,0,4,1,859,2424
1,1,34,0,0,0,2,2,9,7,3,1,2,26,1,860,2425
0,0,36,0,0,0,2,1,7,0,1,2,2,12,1,860,2426
1,1,37,0,0,0,2,1,6,0,1,1,2,10,1,861,2427
0,0,31,0,0,0,2,1,7,0,1,1,2,28,1,861,2428
2,0,15,5,6,0,3,2,4,5,2,3,0,0,1,862,2429
0,1,36,3,6,0,2,1,6,0,1,1,2,19,1,862,2430
2,1,17,5,6,0,3,2,5,5,2,1,2,4,1,862,2431
7,0,23,0,0,3,2,1,0,0,1,3,2,0,1,863,2432
7,1,4,5,5,3,0,1,0,0,1,0,0,0,0,863,2433
2,1,1,5,6,0,0,0,0,0,0,0,0,0,0,863,2434
7,1,37,5,0,3,2,1,3,0,1,3,0,0,1,863,2435
0,0,46,0,0,3,4,1,6,0,1,1,2,8,2,863,2436
4,0,39,5,0,3,4,1,6,0,1,1,2,5,2,863,2437
7,1,1,5,6,0,0,0,0,0,0,0,0,0,0,863,2438
2,1,18,5,0,3,2,2,3,5,2,3,0,0,1,863,2439
7,0,26,0,0,3,2,1,2,0,1,1,2,6,1,863,2440
4,0,35,5,0,3,5,1,6,0,1,1,2,5,1,863,2441
0,0,40,0,0,0,3,1,6,0,1,1,2,6,1,863,2442
1,1,52,0,0,0,3,1,6,0,1,3,0,0,1,864,2443
0,0,54,0,0,0,2,1,7,0,1,1,2,13,1,864,2444
2,1,23,5,7,0,3,1,9,0,1,3,0,0,1,864,2445
0,1,62,4,0,0,2,1,6,0,1,1,2,26,1,865,2446
2,0,10,5,0,0,2,2,1,3,2,0,0,0,0,866,2447
0,1,43,3,0,2,3,1,9,0,1,1,2,37,1,866,2448
6,0,30,5,0,0,5,1,7,0,1,2,2,4,1,867,2449
7,1,22,5,7,0,2,1,4,0,1,3,2,0,1,867,2450
5,1,3,5,6,0,2,1,0,0,1,0,0,0,0,867,2451
5,0,2,5,6,0,0,0,0,0,0,0,0,0,0,867,2452
7,0,43,2,0,0,2,1,2,0,1,1,2,17,1,867,2453
7,0,0,5,7,0,0,0,0,0,0,0,0,0,0,867,2454
0,1,50,5,0,0,2,1,9,0,1,1,2,21,1,868,2455
3,1,57,2,0,0,2,1,6,0,1,1,0,6,1,869,2456
0,0,50,0,0,0,2,1,6,0,1,3,0,5,1,869,2457
1,1,55,0,0,2,3,2,7,6,2,1,2,3,1,870,2458
0,0,53,0,0,0,3,1,7,0,1,1,2,24,1,870,2459
0,0,62,0,0,0,2,1,7,0,1,1,2,41,2,871,2460
2,0,34,1,0,0,2,1,6,0,1,3,2,12,1,871,2461
1,1,68,0,0,0,2,1,6,0,1,3,0,3,1,871,2462
0,0,79,0,0,0,2,1,9,0,1,3,0,31,1,872,2463
1,1,80,0,0,0,2,1,9,0,1,3,0,3,1,872,2464
0,0,35,3,1,2,2,1,7,0,1,1,2,15,2,873,2465
2,1,9,5,0,0,2,2,1,3,2,0,0,0,0,873,2466
2,1,11,5,1,0,2,2,2,4,2,0,0,0,0,873,2467
2,0,28,5,0,3,2,1,6,0,1,1,2,6,1,874,2468
0,0,44,0,1,2,2,1,6,0,1,1,2,12,2,874,2469
1,1,46,0,6,2,3,1,6,0,1,1,2,9,2,874,2470
0,0,60,0,0,0,2,1,10,0,1,1,2,50,1,875,2471
1,1,53,0,0,0,2,1,10,0,1,1,2,25,1,875,2472
7,0,30,5,0,0,2,1,8,0,1,1,2,18,1,876,2473
4,0,21,5,7,0,2,2,7,6,2,1,2,5,1,876,2474
0,1,30,5,7,0,2,1,8,0,1,1,2,20,1,876,2475
1,1,30,0,0,0,2,1,9,0,1,1,2,18,1,877,2476
0,0,30,0,0,0,2,1,7,0,1,1,1,23,1,877,2477
2,1,2,5,0,0,0,0,0,0,0,0,0,0,0,877,2478
7,0,43,5,0,1,2,1,0,0,1,3,2,1,2,878,2479
2,1,5,5,0,0,2,1,0,0,1,0,0,0,0,879,2480
0,0,30,0,0,0,2,1,6,0,1,1,2,12,1,879,2481
2,1,7,5,0,0,2,2,1,3,2,0,0,0,0,879,2482
1,1,27,0,0,0,2,1,6,0,1,1,2,4,1,879,2483
2,1,1,5,0,0,0,0,0,0,0,0,0,0,0,879,2484
0,0,31,0,6,3,5,1,6,0,1,3,2,2,2,880,2485
7,1,2,5,0,0,0,0,0,0,0,0,0,0,0,880,2486
2,0,3,5,0,0,0,1,0,0,1,0,0,0,0,880,2487
2,0,3,5,0,0,0,1,0,0,1,0,0,0,0,880,2488
4,1,40,0,1,2,4,2,2,6,1,3,0,3,1,880,2489
2,1,6,5,0,0,4,2,0,3,2,0,0,0,0,880,2490
1,1,36,0,0,2,4,1,6,0,1,3,0,0,2,881,2491
0,0,42,0,0,3,4,1,7,0,1,3,2,8,2,881,2492
2,0,5,5,0,0,5,2,1,2,2,0,0,0,0,881,2493
2,1,2,5,0,0,0,0,0,0,0,0,0,0,0,881,2494
2,0,2,5,0,0,0,0,0,0,0,0,0,0,0,882,2495
0,1,38,0,0,0,2,1,2,0,1,3,0,0,1,882,2496
1,0,47,5,0,0,2,1,6,0,1,1,2,15,1,882,2497
1,1,53,0,0,2,2,1,10,0,1,1,2,27,1,883,2498
0,0,44,0,0,0,2,1,9,0,1,1,2,27,1,883,2499
2,1,22,3,0,0,2,2,6,0,2,1,2,7,1,884,2500
0,0,52,0,0,0,2,1,10,0,1,1,1,3,1,884,2501
1,1,40,0,0,0,2,1,6,0,1,1,2,23,1,884,2502
2,1,22,5,0,0,2,2,6,6,2,1,2,7,1,884,2503
1,1,40,0,7,0,2,1,6,0,1,3,0,0,2,885,2504
0,0,46,0,0,0,2,1,7,0,1,3,1,10,1,885,2505
2,1,12,5,6,0,2,2,2,4,2,0,0,0,0,885,2506
0,0,37,0,6,0,3,1,4,0,1,1,2,7,1,886,2507
5,1,12,5,8,0,2,2,2,4,3,0,0,0,0,886,2508
1,1,47,0,7,0,3,1,6,0,1,1,2,20,1,886,2509
2,1,20,0,0,0,2,1,6,0,1,1,2,2,1,886,2510
5,1,23,5,7,0,2,1,6,0,1,0,2,0,1,886,2511
0,0,41,1,0,0,5,1,8,0,1,1,1,6,1,886,2512
2,0,10,5,6,0,4,2,2,4,2,0,0,0,0,887,2513
0,1,44,3,6,3,5,1,2,0,1,1,2,6,1,887,2514
2,0,26,5,6,3,5,1,2,0,1,1,2,7,1,887,2515
2,1,26,5,6,2,5,1,6,0,1,1,2,6,1,887,2516
2,0,10,5,6,0,4,2,2,4,2,0,0,0,0,887,2517
0,0,41,1,0,0,3,1,2,0,1,3,2,3,2,888,2518
7,0,20,5,0,0,5,1,2,0,1,1,2,0,1,888,2519
2,0,19,5,0,3,5,1,2,0,1,3,0,0,1,888,2520
7,1,43,0,0,3,1,1,0,0,1,3,0,0,1,888,2521
7,0,52,0,0,3,5,1,6,0,1,1,2,0,1,888,2522
2,0,29,5,0,0,2,1,6,0,1,3,2,0,1,889,2523
0,1,55,4,0,0,2,1,6,0,1,3,0,1,1,889,2524
0,0,32,5,0,0,2,1,6,0,1,2,2,5,1,890,2525
2,1,17,5,0,0,2,2,5,5,2,2,2,0,1,891,2526
7,0,37,5,0,0,2,1,4,0,1,1,2,39,1,891,2527
0,1,35,5,0,0,2,1,5,0,1,1,2,10,1,891,2528
2,0,9,5,0,0,2,2,1,3,2,0,0,0,0,891,2529
2,1,5,5,0,0,2,2,0,1,2,0,0,0,0,891,2530
0,1,51,3,0,0,2,1,9,0,1,1,2,13,1,892,2531
7,0,53,5,0,0,2,1,10,0,1,1,2,31,1,892,2532
2,1,18,1,0,0,2,2,5,5,2,3,2,2,1,892,2533
7,0,18,5,0,0,2,2,5,5,2,1,2,2,1,892,2534
0,1,51,3,0,0,2,1,9,0,1,1,2,13,1,892,2535
0,1,48,3,0,0,2,1,7,0,1,1,1,7,2,892,2536
2,0,22,5,1,0,2,1,6,0,1,3,2,0,1,893,2537
2,0,23,5,0,0,2,1,6,0,1,3,2,0,1,893,2538
2,1,14,5,1,0,2,2,2,5,3,0,0,0,0,893,2539
0,1,48,0,0,0,2,1,6,0,1,1,2,15,1,893,2540
2,1,23,5,1,0,2,1,6,0,1,1,2,13,2,893,2541
3,1,53,0,6,3,5,1,0,0,1,2,2,4,2,894,2542
0,1,18,5,6,0,3,2,8,6,3,0,2,0,1,894,2543
4,1,11,5,6,0,3,2,2,4,2,0,0,0,0,894,2544
3,0,44,0,6,3,5,1,0,0,1,1,2,6,2,894,2545
4,1,11,5,6,0,3,2,2,4,2,0,0,0,0,894,2546
0,1,71,5,0,0,2,1,6,0,1,3,0,4,2,895,2547
2,1,24,5,6,3,2,1,6,0,1,1,2,8,1,896,2548
2,0,11,5,6,3,5,2,1,4,2,0,0,0,0,896,2549
5,0,8,5,6,3,3,2,1,3,2,0,0,0,0,896,2550
0,1,44,3,6,3,1,1,2,0,1,3,0,0,1,896,2551
7,0,31,3,6,3,1,1,2,0,1,1,2,5,1,896,2552
5,0,1,5,6,0,0,0,0,0,0,0,0,0,0,896,2553
0,1,68,4,4,0,2,1,6,0,1,3,0,6,1,897,2554
0,1,53,1,4,0,2,1,6,0,1,3,2,6,1,898,2555
1,1,46,0,0,0,2,1,8,0,1,3,2,4,1,899,2556
2,1,14,5,0,0,3,2,2,5,2,0,0,0,0,899,2557
0,0,46,0,0,0,3,1,6,0,1,1,2,20,1,899,2558
2,1,16,5,0,0,3,2,4,5,2,1,2,3,1,899,2559
1,0,27,0,0,0,3,2,7,6,2,1,2,5,1,900,2560
2,1,21,5,7,0,2,2,6,6,2,2,2,2,1,900,2561
0,0,49,0,0,0,2,2,10,7,3,1,2,19,1,901,2562
1,1,40,0,0,0,2,1,8,0,1,1,1,15,1,901,2563
0,0,68,3,0,0,2,1,5,0,1,3,0,4,1,902,2564
1,0,65,0,0,0,2,1,7,0,1,3,2,6,1,902,2565
1,0,37,0,0,3,5,1,6,0,1,1,2,0,0,903,2566
1,0,40,0,0,3,5,1,6,0,1,1,2,0,1,903,2567
2,1,5,5,0,3,3,2,1,2,2,0,0,0,0,903,2568
2,1,26,5,6,0,3,2,7,6,2,1,2,4,1,904,2569
5,0,5,5,6,0,3,2,1,2,2,0,0,0,0,904,2570
2,0,24,5,6,0,3,1,6,0,1,1,2,8,1,904,2571
0,1,48,4,6,3,5,1,1,0,1,3,2,5,1,904,2572
0,1,42,4,6,3,5,1,1,0,1,3,2,5,2,904,2573
2,1,15,5,0,0,2,2,4,5,2,0,0,0,0,905,2574
0,0,39,3,2,0,2,1,6,0,1,3,2,12,2,905,2575
2,0,18,5,0,0,2,2,5,5,2,2,2,0,1,905,2576
0,0,31,5,0,0,2,1,7,0,1,2,2,5,1,906,2577
0,0,60,0,0,0,2,1,7,0,1,1,1,12,1,907,2578
1,1,59,0,0,0,2,1,7,0,1,1,1,1,1,907,2579
1,1,47,0,0,0,2,1,6,0,1,1,1,9,1,908,2580
2,1,14,5,0,0,2,2,2,5,2,0,0,0,0,908,2581
0,0,48,0,0,0,2,1,6,0,1,1,1,12,1,908,2582
0,0,61,5,0,0,2,1,6,0,1,1,1,4,1,909,2583
1,1,66,0,0,0,2,1,6,0,1,3,0,1,1,910,2584
0,0,59,0,0,0,2,1,8,0,1,1,2,25,1,910,2585
7,0,31,1,1,0,2,1,6,0,2,3,2,0,1,911,2586
0,0,33,0,0,0,2,1,8,0,1,1,2,20,1,912,2587
1,1,27,0,0,0,2,2,6,0,1,3,2,5,1,912,2588
2,1,8,5,0,0,2,2,1,3,2,0,0,0,0,912,2589
2,0,9,5,0,0,2,2,1,3,2,0,0,0,0,912,2590
1,1,59,0,0,0,2,1,7,0,1,3,1,15,1,913,2591
0,0,59,0,0,0,2,1,9,0,1,1,2,46,1,913,2592
0,0,41,0,0,0,2,1,9,0,1,1,2,26,1,914,2593
1,1,46,0,0,0,2,1,9,0,1,1,2,20,1,914,2594
0,1,69,4,1,0,2,1,8,0,1,3,0,2,1,915,2595
7,0,36,1,0,0,2,1,0,0,1,1,2,10,2,916,2596
1,1,51,0,0,0,2,1,10,0,1,1,2,24,1,917,2597
0,0,38,0,0,0,2,1,6,0,1,1,1,99,1,917,2598
2,0,8,5,6,0,3,2,1,3,2,0,0,0,0,918,2599
0,1,34,2,7,0,2,1,7,0,1,1,2,15,1,918,2600
2,0,3,5,6,0,0,2,1,1,2,0,0,0,0,918,2601
7,0,31,1,0,0,2,2,3,5,3,3,2,7,1,919,2602
0,0,51,5,0,0,2,1,6,0,1,1,1,27,1,920,2603
1,1,30,0,0,0,3,1,6,0,1,1,2,0,1,921,2604
2,0,2,5,0,0,0,0,0,0,0,0,0,0,0,921,2605
0,0,34,0,0,3,4,1,6,0,1,1,2,17,1,921,2606
2,1,4,5,0,0,0,1,0,0,1,0,0,0,0,921,2607
1,1,62,0,7,2,4,1,6,0,1,3,2,12,1,922,2608
0,0,63,0,7,2,3,1,6,0,1,1,2,13,1,922,2609
7,1,75,1,0,0,2,1,6,0,1,3,2,0,2,923,2610
0,1,60,4,0,0,2,1,7,0,1,1,2,18,1,924,2611
0,0,43,3,0,0,2,1,7,0,1,3,2,0,1,925,2612
7,0,38,3,0,0,2,1,6,0,1,3,1,0,1,925,2613
0,1,81,4,0,0,2,1,10,0,1,3,0,19,2,926,2614
5,1,4,5,6,1,0,2,0,1,2,0,0,0,0,927,2615
2,1,21,5,6,0,3,1,5,0,1,3,0,0,1,927,2616
2,1,19,5,6,0,3,1,5,0,1,1,2,1,1,927,2617
2,1,12,5,6,0,4,2,2,4,2,0,0,0,0,927,2618
0,0,56,0,6,3,5,1,0,0,1,3,0,5,1,927,2619
1,1,51,0,6,3,5,1,0,0,1,3,0,3,2,927,2620
2,0,14,5,6,0,3,2,3,5,2,0,0,0,0,927,2621
2,1,4,5,1,0,0,1,1,0,1,0,0,0,0,928,2622
1,1,33,0,1,0,2,1,6,0,1,1,2,26,2,928,2623
2,1,9,5,1,0,2,2,1,3,2,0,0,0,0,928,2624
0,0,30,0,8,0,2,1,6,0,1,1,2,13,1,928,2625
1,1,51,0,0,0,3,1,7,0,2,1,1,4,2,929,2626
2,0,35,5,0,2,3,1,6,0,1,1,2,7,1,929,2627
0,0,47,0,0,0,4,1,9,0,1,1,2,13,1,929,2628
0,1,40,0,7,0,3,1,6,0,1,1,2,6,2,930,2629
2,0,15,5,6,3,4,2,3,5,2,0,0,0,0,930,2630
2,0,9,5,6,3,4,2,1,3,2,0,0,0,0,930,2631
2,1,19,5,6,3,3,2,5,5,2,3,2,0,1,930,2632
1,1,39,0,6,3,5,2,7,5,2,3,0,0,1,930,2633
2,0,9,5,6,0,4,2,1,3,2,0,0,0,0,930,2634
0,0,38,0,6,2,5,2,2,5,2,3,2,5,1,930,2635
0,0,44,0,0,0,2,1,7,0,1,1,2,20,1,931,2636
1,1,34,0,0,0,2,2,7,6,2,1,2,10,1,931,2637
0,0,45,0,6,3,5,1,2,0,1,3,2,8,1,932,2638
2,1,4,5,6,0,0,1,0,0,1,0,0,0,0,932,2639
2,0,11,5,6,0,3,2,2,4,2,0,0,0,0,932,2640
2,1,36,5,6,3,5,1,2,0,1,3,0,3,1,932,2641
1,0,71,0,0,0,2,1,6,0,1,3,0,4,1,933,2642
0,0,50,3,0,0,2,1,6,0,1,1,1,15,2,933,2643
2,1,24,5,6,0,3,2,6,6,2,3,0,0,1,934,2644
5,0,5,5,6,0,3,2,1,2,2,0,0,0,0,934,2645
2,0,23,5,6,0,3,1,6,0,1,1,2,8,1,934,2646
2,1,23,4,6,3,3,1,6,0,1,1,2,6,1,934,2647
0,1,43,4,6,3,5,1,1,0,1,3,2,6,2,934,2648
0,0,39,5,0,0,2,1,10,0,1,1,2,51,1,935,2649
2,1,41,0,5,3,3,2,7,6,2,3,2,5,1,936,2650
0,0,52,0,5,2,5,1,9,0,1,3,1,0,1,936,2651
1,1,55,0,0,3,4,1,6,0,1,3,0,0,1,937,2652
0,0,63,0,0,3,4,2,8,6,2,3,0,3,1,937,2653
0,1,30,5,6,3,4,1,5,0,1,1,2,13,1,938,2654
2,0,6,5,6,0,3,2,1,3,2,0,0,0,0,938,2655
2,0,11,5,6,0,3,2,2,4,2,0,0,0,0,938,2656
2,1,8,5,0,0,3,2,1,3,2,0,0,0,0,939,2657
7,0,30,5,1,0,3,1,6,0,1,1,2,10,1,939,2658
0,1,32,2,3,3,2,1,7,0,1,1,2,16,1,939,2659
2,1,8,5,3,0,2,2,1,3,2,0,0,0,0,939,2660
2,1,11,5,0,0,2,2,2,4,2,0,0,0,0,940,2661
0,0,48,0,0,0,2,1,7,0,1,1,2,19,1,940,2662
2,1,9,5,0,0,2,2,1,3,2,0,0,0,0,940,2663
1,1,46,0,0,0,2,1,9,0,1,1,1,6,1,940,2664
2,1,16,5,0,0,2,2,5,5,3,0,2,0,1,940,2665
4,0,52,3,6,3,2,1,2,0,1,3,0,0,1,941,2666
1,1,46,0,6,0,2,1,1,0,1,3,0,0,1,941,2667
2,1,16,5,6,0,3,2,6,5,2,0,2,0,1,941,2668
2,0,25,5,6,3,3,1,6,0,1,1,2,10,1,941,2669
3,1,53,3,6,0,2,1,6,0,1,1,0,0,1,941,2670
7,0,38,0,0,3,2,1,6,0,1,1,2,7,1,941,2671
2,0,30,5,6,3,3,1,6,0,1,1,2,10,2,941,2672
1,1,43,0,0,0,2,1,6,0,1,1,2,9,1,942,2673
0,0,45,0,0,0,2,1,7,0,1,1,2,36,1,942,2674
2,1,15,5,5,0,2,2,4,5,3,0,0,0,0,942,2675
2,0,8,5,7,0,2,2,1,3,2,0,0,0,0,942,2676
0,1,25,0,0,3,2,2,7,6,2,1,2,10,1,943,2677
0,0,38,0,3,0,2,1,7,0,1,1,2,17,2,943,2678
0,0,56,3,7,0,2,1,7,0,1,3,0,5,2,944,2679
7,1,54,4,0,0,2,1,8,0,1,3,2,5,1,944,2680
0,1,69,0,0,0,2,1,6,0,1,3,2,60,2,945,2681
1,1,62,0,0,0,2,1,6,0,1,3,2,22,1,945,2682
7,0,34,5,1,3,2,1,9,0,1,1,2,14,1,946,2683
7,0,35,5,0,0,2,1,8,0,1,1,2,13,1,946,2684
0,1,85,4,0,0,2,1,2,0,1,3,0,5,2,947,2685
0,1,52,3,0,0,2,1,6,0,1,1,2,18,1,948,2686
0,1,46,3,4,0,2,1,9,0,1,1,2,27,1,949,2687
1,1,78,0,0,2,4,1,6,0,1,3,0,4,1,950,2688
0,0,81,0,0,2,4,1,7,0,1,3,0,19,1,950,2689
0,0,43,0,1,0,2,1,7,0,1,1,2,16,1,951,2690
2,1,30,0,1,0,2,1,6,0,1,3,0,0,1,951,2691
2,0,12,5,1,0,2,2,2,4,2,0,0,0,0,951,2692
1,0,42,0,0,0,0,1,1,0,1,1,2,10,1,951,2693
1,0,41,0,0,0,2,1,6,0,1,1,2,13,1,952,2694
0,0,40,0,0,0,2,1,6,0,1,3,2,7,1,952,2695
0,0,51,0,5,2,4,1,4,0,1,3,2,13,1,953,2696
2,1,23,5,7,0,3,1,9,0,1,3,0,0,1,953,2697
1,1,50,0,5,2,4,1,6,0,1,1,0,0,1,953,2698
1,1,64,0,0,0,2,1,6,0,1,3,2,7,1,954,2699
0,0,70,0,0,0,2,1,6,0,1,3,0,13,2,954,2700
7,0,30,5,0,0,1,1,6,0,1,3,0,3,2,955,2701
7,0,47,5,0,0,2,1,6,0,1,3,2,1,2,956,2702
1,1,49,0,0,2,2,1,6,0,1,1,2,15,1,957,2703
0,0,60,0,0,0,2,1,6,0,1,1,2,28,1,957,2704
2,0,12,5,6,0,2,2,2,4,2,0,0,0,0,958,2705
0,0,34,0,6,0,2,1,6,0,1,1,2,10,1,958,2706
2,1,3,5,6,0,0,1,1,0,1,0,0,0,0,958,2707
1,1,35,0,6,0,5,1,6,0,1,1,2,6,1,958,2708
0,0,28,5,0,0,2,1,9,7,2,1,1,6,1,959,2709
7,0,25,5,0,0,2,2,7,6,2,1,2,7,1,959,2710
0,1,26,5,0,0,2,1,10,0,1,1,2,27,1,960,2711
1,1,57,0,0,0,2,1,7,0,1,1,1,17,1,961,2712
0,0,56,0,0,0,2,1,9,0,1,1,2,18,1,961,2713
1,1,38,0,4,0,2,2,7,6,3,3,2,0,1,962,2714
0,0,38,0,4,0,2,1,9,0,1,1,2,99,1,962,2715
2,0,21,5,4,0,2,1,6,0,1,1,2,7,1,962,2716
2,0,5,5,0,0,2,2,1,2,2,0,0,0,0,962,2717
1,1,58,0,1,0,2,1,6,0,1,1,0,8,1,963,2718
0,0,51,0,0,0,2,1,9,0,1,1,2,23,1,963,2719
0,0,80,4,4,0,3,1,4,0,1,3,0,8,1,964,2720
0,0,31,5,0,0,2,2,7,6,2,1,2,26,1,965,2721
2,0,6,5,6,0,0,2,1,3,2,0,0,0,0,966,2722
2,1,11,5,6,0,3,2,2,4,2,0,0,0,0,966,2723
0,0,43,0,6,0,5,1,2,0,1,1,2,8,1,966,2724
1,1,38,0,6,2,5,1,2,0,1,1,2,7,1,966,2725
0,1,50,0,0,2,3,1,1,0,1,1,2,0,1,967,2726
2,0,2,5,0,0,0,0,0,0,0,0,0,0,0,967,2727
1,1,38,0,0,3,1,1,2,0,1,3,0,0,1,967,2728
2,1,4,5,0,0,0,1,0,0,1,0,0,0,0,967,2729
0,1,68,4,2,0,2,1,1,0,1,3,0,5,1,968,2730
1,1,38,0,0,0,2,1,6,0,1,1,2,9,1,969,2731
2,0,11,5,7,0,3,2,2,4,2,0,0,0,0,969,2732
1,1,40,0,5,2,3,1,6,0,1,1,1,10,1,969,2733
2,0,11,5,7,1,2,2,2,4,2,0,0,0,0,969,2734
7,0,20,5,6,0,3,1,6,0,1,1,2,6,1,970,2735
0,0,31,5,0,0,2,1,6,0,1,1,1,11,2,971,2736
1,1,53,0,0,2,5,1,6,0,1,2,2,5,1,972,2737
0,0,67,0,0,0,2,1,9,0,1,3,1,8,1,972,2738
1,0,29,0,0,0,2,1,10,0,1,1,2,74,1,973,2739
0,1,27,0,0,0,2,2,10,7,2,1,2,22,1,973,2740
0,0,68,3,0,0,2,1,7,0,1,1,2,99,1,974,2741
0,0,46,0,0,0,3,1,6,0,1,3,2,5,1,975,2742
1,1,48,0,6,0,2,1,6,0,1,3,2,5,2,975,2743
0,0,20,0,6,0,2,1,5,0,1,1,2,15,1,976,2744
1,1,20,0,7,0,2,1,5,0,1,1,2,10,1,976,2745
2,1,3,5,6,0,0,1,0,0,1,0,0,0,0,976,2746
2,1,2,5,6,0,0,0,0,0,0,0,0,0,0,976,2747
0,1,41,0,0,0,2,1,7,0,1,1,2,12,1,977,2748
2,1,7,5,0,0,2,2,1,3,2,0,0,0,0,977,2749
1,0,48,0,0,0,2,1,7,0,1,1,1,5,1,977,2750
0,0,62,0,6,3,5,1,0,0,1,1,2,9,1,978,2751
1,1,68,0,6,0,2,1,0,0,1,3,0,3,1,978,2752
2,0,31,0,2,3,4,1,1,0,1,1,2,16,1,978,2753
5,1,12,5,6,0,3,2,1,4,2,0,0,0,0,978,2754
2,1,28,5,6,3,3,1,6,0,1,1,2,5,1,978,2755
5,1,18,5,6,0,2,1,2,0,1,1,2,3,1,978,2756
0,1,63,0,5,2,3,1,9,0,1,3,2,0,1,979,2757
0,0,63,0,5,2,3,1,7,0,1,1,2,24,1,979,2758
2,0,10,5,0,0,2,2,1,3,2,0,0,0,0,980,2759
0,0,51,3,0,0,2,1,10,0,1,1,2,99,1,980,2760
0,0,71,5,0,0,2,1,7,0,1,1,1,7,1,981,2761
1,1,34,0,6,0,3,1,6,0,1,1,2,17,1,982,2762
0,0,44,0,0,0,2,1,5,0,1,1,2,27,1,982,2763
1,1,53,0,7,0,2,1,3,0,1,1,1,5,1,983,2764
0,0,54,0,0,0,2,1,9,0,1,1,2,17,1,983,2765
1,1,71,0,0,0,2,1,5,0,1,3,0,2,1,984,2766
5,0,22,5,0,0,2,1,7,0,1,1,2,0,1,984,2767
0,0,82,0,0,0,2,1,5,0,1,1,2,17,1,984,2768
0,0,40,0,0,0,4,1,8,0,1,1,2,18,1,985,2769
1,1,66,0,0,0,3,1,6,0,1,3,0,9,1,985,2770
0,0,75,0,0,2,3,1,9,0,1,3,0,9,1,985,2771
0,0,44,0,3,3,4,1,6,0,1,1,1,17,1,986,2772
1,1,43,0,5,0,4,2,6,6,2,3,2,6,1,986,2773
2,1,9,5,3,0,3,2,0,3,2,0,0,0,0,986,2774
3,0,73,4,0,3,5,1,6,0,1,3,0,3,1,986,2775
0,1,24,5,5,2,2,1,9,0,1,1,2,32,1,987,2776
0,0,45,0,0,0,2,1,6,0,1,1,2,17,2,988,2777
1,1,45,0,0,3,2,1,6,0,1,1,2,7,1,988,2778
7,0,23,5,0,0,2,1,6,0,1,1,2,10,1,989,2779
0,0,55,0,0,0,2,1,10,0,1,1,1,31,1,990,2780
1,1,69,0,0,0,2,1,8,0,1,3,0,5,2,990,2781
0,1,56,3,7,0,2,1,6,0,1,1,2,11,1,991,2782
1,0,38,0,0,3,4,1,6,0,1,1,2,11,2,992,2783
2,0,23,5,0,3,3,1,6,0,1,1,2,6,2,992,2784
0,0,43,0,0,2,3,1,6,0,1,1,2,6,1,992,2785
0,0,31,5,0,0,3,1,6,0,1,1,2,20,1,993,2786
7,0,35,5,0,0,2,1,6,0,1,1,1,15,1,993,2787
2,0,31,5,0,0,2,1,7,0,1,2,2,1,2,994,2788
1,1,52,0,0,0,2,1,10,0,1,1,2,16,1,994,2789
0,0,48,0,0,0,2,1,7,0,1,2,2,13,1,994,2790
2,1,14,5,0,0,2,2,2,5,2,0,0,0,0,995,2791
2,0,10,5,0,0,2,2,1,3,2,0,0,0,0,995,2792
2,1,21,0,0,0,2,2,7,6,2,1,2,0,1,995,2793
0,0,44,0,0,2,3,1,10,0,1,1,2,57,1,995,2794
1,1,43,0,0,0,2,1,9,0,1,1,2,19,1,995,2795
0,0,32,5,0,0,2,1,6,0,1,1,1,12,2,996,2796
0,0,77,0,0,2,4,1,4,0,1,3,0,10,1,997,2797
1,1,78,0,0,2,4,1,6,0,1,3,0,4,1,997,2798
0,1,40,5,0,0,2,1,7,0,1,1,2,8,1,998,2799
0,1,51,0,0,0,2,1,7,0,1,3,2,6,1,999,2800
0,0,36,0,0,2,2,1,6,0,1,1,2,22,1,999,2801
